ID	Analytic	Finite_differences	Diff	Abs_diff	Norm_diff
1	4.159406306317753	4.159224199838718	0.00018210647903504906	0.00018210647903504906	4.378184424023356e-05
2	-2.774838192162439	-2.7751650536202987	0.0003268614578595397	0.0003268614578595397	0.00011779478125346676
3	-1.9986574845277065	-1.9984414259255345	-0.0002160586021719979	0.0002160586021719979	0.00010810186529937305
4	-2.5025330799836154	-2.5025243690066645	-8.710976950876415e-06	8.710976950876415e-06	3.4808638577250882e-06
5	4.541745781416146	4.54158170033736	0.0001640810787852942	0.0001640810787852942	3.6127314623526256e-05
6	-3.23604224793702	-3.236102652493855	6.040455683509194e-05	6.040455683509194e-05	1.8666183012165522e-05
7	-5.729389944460947	-5.729406453525598	1.6509064651337724e-05	1.6509064651337724e-05	2.8814698966856566e-06
8	0.9456172037628325	0.945890517641601	-0.00027331387876849966	0.00027331387876849966	0.0002890322613430886
9	4.127949093882768	4.12790600870494	4.3085177828139365e-05	4.3085177828139365e-05	1.0437429543883557e-05
10	2.0064119411244383	2.006622695503779	-0.0002107543793408162	0.0002107543793408162	0.00010504043313393795
11	1.9268445076752692	1.9268879237159808	-4.34160407116746e-05	4.34160407116746e-05	2.2532197351023355e-05
12	3.1680916415854745	3.167893919993503	0.0001977215919715114	0.0001977215919715114	6.241031331800788e-05
13	-0.8636704639104826	-0.8635608316751586	-0.00010963223532400868	0.00010963223532400868	0.0001269375761996323
14	0.39496375898480807	0.39492644410188404	3.7314882924022186e-05	3.7314882924022186e-05	9.447672621896803e-05
15	0.11633101025440115	0.11630579606958236	2.5214184818794783e-05	2.5214184818794783e-05	0.0002167451719335589
16	0.6453422527955657	0.645363599815596	-2.1347020030315633e-05	2.1347020030315633e-05	3.3078602769061265e-05
17	-0.3583027894394272	-0.3580358270767192	-0.000266962362708012	0.000266962362708012	0.0007450747540248867
18	0.46313872994588823	0.4633539450082935	-0.00021521506240529398	0.00021521506240529398	0.00046468811284782656
19	0.11149106971377643	0.11122040876898609	0.0002706609447903352	0.0002706609447903352	0.0024276468553507016
20	-0.6364775859763686	-0.6363089745207162	-0.00016861145565238989	0.00016861145565238989	0.0002649134225107656
21	-0.009152304838910847	-0.009147120934471786	-5.183904439060721e-06	5.183904439060721e-06	0.000566404258850891
22	-1.9436639904821318	-1.9440848683700551	0.00042087788792333214	0.00042087788792333214	0.00021653839860403653
23	0.5358322148304506	0.5356163084400123	0.00021590639043833626	0.00021590639043833626	0.0004029365619733295
24	0.9836519502215428	0.9827483146267468	0.000903635594796004	0.000903635594796004	0.0009186537927287012
25	0.9231258012989592	0.9237193685720513	-0.0005935672730921215	0.0005935672730921215	0.0006429971649117536
26	0.4732751769444963	0.47346518098834167	-0.00019000404384539316	0.00019000404384539316	0.0004014663204440068
27	-0.7590486958260114	-0.7592076781577362	0.00015898233172473297	0.00015898233172473297	0.00020944944981655668
28	0.743569890463017	0.7420853361139734	0.0014845543490435986	0.0014845543490435986	0.0019965229470482924
29	-0.9576261090767494	-0.9579843526807963	0.0003582436040469039	0.0003582436040469039	0.00037409548533747454
30	0.29160595052963484	0.29125077281833	0.00035517771130483267	0.00035517771130483267	0.0012180057048209558
31	1.2023725875576297	1.2064447145121449	-0.004072126954515198	0.004072126954515198	0.003386743008493631
32	-0.6220958205331658	-0.6259965859101158	0.003900765376949944	0.003900765376949944	0.006270361009027198
33	-2.3188134540831853	-2.321384438133123	0.002570984049937497	0.002570984049937497	0.0011087498416098398
34	-0.6429790748442269	-0.6430795848615389	0.00010051001731203879	0.00010051001731203879	0.00015631926643396463
35	-0.4079318219475966	-0.4080541380773184	0.00012231612972180006	0.00012231612972180006	0.0002998445405357784
36	1.537360667307417	1.5372656401666518	9.502714076514707e-05	9.502714076514707e-05	6.181187198679974e-05
37	-0.2816815354304298	-0.28161996968378844	-6.156574664134551e-05	6.156574664134551e-05	0.00021856507756984705
38	0.84045525115599	0.8401308250114425	0.00032442614454741836	0.00032442614454741836	0.0003860123951884314
39	0.22073688483242374	0.2207432370227025	-6.352190278752223e-06	6.352190278752223e-06	2.877720360860669e-05
40	-0.5643506978723483	-0.562034189428573	-0.002316508443775289	0.002316508443775289	0.004104732132889584
41	0.43475372414877866	0.43122289697805627	0.003530827170722395	0.003530827170722395	0.008121442036259814
42	1.950688108094131	1.947417067611923	0.003271040482208054	0.003271040482208054	0.0016768649322438014
43	-0.104407281625478	-0.10415646944750279	-0.00025081217797520705	0.00025081217797520705	0.0024022479473692435
44	0.49031619412648364	0.4903528572413052	-3.6663114821533505e-05	3.6663114821533505e-05	7.477443180690818e-05
45	-0.20094480975095394	-0.20086898071269843	-7.582903825550935e-05	7.582903825550935e-05	0.00037736251237088434
46	0.7833841255101632	0.7830874252903186	0.0002967002198446256	0.0002967002198446256	0.00037874168008115495
47	-0.21800169554806295	-0.21825997514213213	0.0002582795940691829	0.0002582795940691829	0.0011847595653779667
48	-1.813395404447471	-1.8135898326647748	0.00019442821730386584	0.00019442821730386584	0.00010721777325949868
49	0.3289575892563697	0.3289595893392061	-2.0000828364064027e-06	2.0000828364064027e-06	6.080062906977528e-06
50	-1.0662610308347096	-1.0659402446435706	-0.00032078619113895535	0.00032078619113895535	0.0003008514630679429
51	-0.004111262899562606	-0.004223541452574864	0.00011227855301225789	0.00011227855301225789	0.0273099910551094
52	0.6631327729586423	0.6634117049628685	-0.00027893200422624	0.00027893200422624	0.0004206276866422287
53	-0.40765586913551016	-0.4075178700873039	-0.00013799904820627207	0.00013799904820627207	0.0003385184874166484
54	0.5629331210212902	0.5628775604549219	5.556056636835116e-05	5.556056636835116e-05	9.86983431842694e-05
55	-0.926837570971783	-0.9267465423477006	-9.102862408238988e-05	9.102862408238988e-05	9.821421458664756e-05
56	1.176379651438896	1.1761313779317106	0.00024827350718537033	0.00024827350718537033	0.00021104879439362375
57	0.0006452311457733652	0.0005997380441158384	4.549310165752676e-05	4.549310165752676e-05	0.07050667339221413
58	-0.6147576779642373	-0.6143782381116125	-0.0003794398526247855	0.0003794398526247855	0.0006172185663159117
59	0.8355755388785158	0.8350899552596047	0.0004855836189110452	0.0004855836189110452	0.0005811367091511329
60	0.20541054154692065	0.20489375535248655	0.000516786194434099	0.000516786194434099	0.0025158698796188743
61	0.41631767234296907	0.4163269278762982	-9.255533329144416e-06	9.255533329144416e-06	2.2231901127462977e-05
62	-1.317506438176731	-1.3179530761959768	0.00044663801924582636	0.00044663801924582636	0.0003390025325902158
63	0.20752570096162154	0.20733782068305118	0.0001878802785703626	0.0001878802785703626	0.000905334990797636
64	0.032380891386474424	0.03385599794114569	-0.0014751065546712641	0.0014751065546712641	0.04555484705672493
65	0.4459208969531636	0.4478404932228841	-0.0019195962697204916	0.0019195962697204916	0.004304791013017074
66	-0.32114022391198843	-0.3230048440201472	0.0018646201081587432	0.0018646201081587432	0.0058062490131094895
67	0.7336573689457074	0.7333121783119623	0.0003451906337451627	0.0003451906337451627	0.0004705065993424346
68	-1.169364803849386	-1.1689901578648687	-0.0003746459845173078	0.0003746459845173078	0.0003203841806115811
69	0.3328581401029373	0.332122959548542	0.0007351805543953094	0.0007351805543953094	0.0022086903272605946
70	-0.357518774002851	-0.35769678191854837	0.00017800791569738683	0.00017800791569738683	0.0004978980927473402
71	-0.40261398880283655	-0.40269099235956674	7.700355673018189e-05	7.700355673018189e-05	0.00019125901948700342
72	-0.01083599655461664	-0.010824473264392509	-1.152329022413058e-05	1.152329022413058e-05	0.0010634268999671398
73	-0.3278479373633754	-0.32787085606855726	2.291870518184025e-05	2.291870518184025e-05	6.990651021372125e-05
74	1.248701289846345	1.2519642292971866	-0.003262939450841662	0.003262939450841662	0.0026130664534215167
75	-0.03888058597084503	-0.03885989315222105	-2.069281862398381e-05	2.069281862398381e-05	0.0005322146800848246
76	-2.5513731370757156	-2.551545323001392	0.00017218592567624924	0.00017218592567624924	6.748755137933374e-05
77	-0.49293540681495374	-0.49396891499497997	0.0010335081800262325	0.0010335081800262325	0.002096640179905372
78	0.39954013176303665	0.40022282584573077	-0.000682694082694113	0.000682694082694113	0.0017086996484723899
79	2.5739907057555502	2.5740026989353737	-1.1993179823477362e-05	1.1993179823477362e-05	4.659371844917743e-06
80	0.501411767781276	0.5013519564442959	5.98113369801867e-05	5.98113369801867e-05	0.00011928586607539969
81	-0.5298951706971412	-0.5299990686751244	0.00010389797798315836	0.00010389797798315836	0.00019607270216572838
82	-0.15887607819519445	-0.15875167679268998	-0.0001244014025044704	0.0001244014025044704	0.0007830090213558229
83	-0.28328388557029754	-0.2833976906941871	0.00011380512388953212	0.00011380512388953212	0.00040173525458542584
84	0.07106389781109745	0.07077850503378613	0.00028539277731132184	0.00028539277731132184	0.004016002303588172
85	-0.07471651637624119	-0.07458607412047513	-0.00013044225576605561	0.00013044225576605561	0.0017458289290309369
86	0.8723723673592255	0.8725430013356572	-0.00017063397643168887	0.00017063397643168887	0.00019559764020061538
87	0.7075859814748847	0.7083699171346325	-0.0007839356597477698	0.0007839356597477698	0.0011079016264761812
88	0.19925613235164716	0.1990623865708585	0.00019374578078865112	0.00019374578078865112	0.0009723453853190758
89	0.3763773088696448	0.37606388234223687	0.0003134265274079562	0.0003134265274079562	0.0008327455455517614
90	-0.5967853771526688	-0.5968533018432254	6.792469055660888e-05	6.792469055660888e-05	0.00011381761879067034
91	-0.4624931643657799	-0.4623693601644163	-0.0001238042013635976	0.0001238042013635976	0.00026768871607728766
92	-0.9056474872969777	-0.9056865908831924	3.910358621461718e-05	3.910358621461718e-05	4.31774909808748e-05
93	-0.4354353868318603	-0.43529487676607914	-0.0001405100657811409	0.0001405100657811409	0.000322688669847124
94	0.15197220854016302	0.15140855403217302	0.0005636545079900079	0.0005636545079900079	0.0037089314776987403
95	-1.3407720755614054	-1.3404466280775296	-0.00032544748387586253	0.00032544748387586253	0.00024273140066673286
96	-2.4292053188413396	-2.4292154307516967	1.0111910357046838e-05	1.0111910357046838e-05	4.162641287921239e-06
97	-0.2777867567669564	-0.277815470425935	2.8713658978607448e-05	2.8713658978607448e-05	0.00010336583108854318
98	0.3671396640028997	0.3672982815459136	-0.00015861754301388364	0.00015861754301388364	0.00043203597585857916
99	0.25392465485592147	0.25390780284340053	1.6852012520940374e-05	1.6852012520940374e-05	6.636619248533513e-05
100	0.745447163065735	0.7454154582262618	3.1704839473234436e-05	3.1704839473234436e-05	4.2531303416388e-05
101	0.9722576919320058	0.9720205515293401	0.00023714040266575864	0.00023714040266575864	0.00024390694425315267
102	2.1187844125603594	2.118753560807818	3.085175254158301e-05	3.085175254158301e-05	1.4561062635108522e-05
103	4.136622830131173	4.1362470912531535	0.00037573887801922723	0.00037573887801922723	9.083227875704407e-05
104	-1.3225275359000943	-1.2983103756170067	-0.024217160283087624	0.024217160283087624	0.018311271127225155
105	-0.9597772279838602	-0.9596287411000048	-0.000148486883855381	0.000148486883855381	0.00015470973839137387
106	-1.200541980371934	-1.2007607704873635	0.00021879011542957905	0.00021879011542957905	0.00018224278618045225
107	0.407329256374032	0.40741735314497873	-8.809677094673285e-05	8.809677094673285e-05	0.00021627901646681028
108	0.5281704749913697	0.5286092575431667	-0.0004387825517969679	0.0004387825517969679	0.0008307593335355173
109	-0.6338645093155009	-0.6318677316983212	-0.001996777617179646	0.001996777617179646	0.0031501647242183207
110	0.26402715786689773	0.2642717184500043	-0.0002445605831065678	0.0002445605831065678	0.0009262705589924826
111	-0.4135336139472559	-0.4133495537956833	-0.00018406015157262923	0.00018406015157262923	0.00044509114946120236
112	1.5936148103423513	1.5939676545713155	-0.00035284422896419976	0.00035284422896419976	0.0002214112385717596
113	-1.8470240876193702	-1.8471676206104348	0.00014353299106462103	0.00014353299106462103	7.771040563397347e-05
114	-0.8667701745090608	-0.8662902542937445	-0.00047992021531628737	0.00047992021531628737	0.0005536879664648296
115	-0.7189304272245296	-0.7204774170901374	0.0015469898656077508	0.0015469898656077508	0.002151793563085082
116	0.4268847652242495	0.4286239161501726	-0.001739150925923083	0.001739150925923083	0.004074052455372772
117	0.22743381398789903	0.22895262729605292	-0.001518813308153899	0.001518813308153899	0.006678045280613857
118	-0.644229220364045	-0.6440723706049312	-0.0001568497591137863	0.0001568497591137863	0.00024346886815402859
119	1.0017717729709128	1.0016463685360577	0.000125404434855092	0.000125404434855092	0.00012518263963775432
120	0.3542366145588277	0.3540980995495602	0.0001385150092675369	0.0001385150092675369	0.0003910239754296598
121	2.1635505519358196	2.1634297356882826	0.00012081624753701448	0.00012081624753701448	5.584165686764985e-05
122	1.2801679215119204	1.2802154831774715	-4.7561665551087984e-05	4.7561665551087984e-05	3.7152677201062885e-05
123	-0.6378388164356745	-0.6375463770638135	-0.00029243937186107516	0.00029243937186107516	0.0004584847524571553
124	-1.942802354318712	-1.942487286441974	-0.00031506787673807324	0.00031506787673807324	0.00016217186274131265
125	-2.1100756778222642	-2.110375442981649	0.00029976515938479054	0.00029976515938479054	0.00014206370062241926
126	0.7353040208329713	0.7353511477532493	-4.712692027797338e-05	4.712692027797338e-05	6.409174836904441e-05
127	-0.05228256093644658	-0.05238097706694589	9.841613049930975e-05	9.841613049930975e-05	0.0018823892467498297
128	0.501834267916315	0.5018557925353662	-2.152461905113867e-05	2.152461905113867e-05	4.289188767541095e-05
129	-0.07280357044079917	-0.07281532415959191	1.17537187927369e-05	1.17537187927369e-05	0.00016144426326308452
130	0.030676594816963283	0.03119663517736626	-0.0005200403604029777	0.0005200403604029777	0.016952349617220558
131	0.2896531533358604	0.2899606943458366	-0.0003075410099762088	0.0003075410099762088	0.0010617561260229298
132	1.3196124853486864	1.3193180965913598	0.0002943887573265691	0.0002943887573265691	0.00022308727796613837
133	-0.35561636203221536	-0.3590317886050798	0.0034154265728644218	0.0034154265728644218	0.0096042447353843
134	-0.24891136326417676	-0.25224655739464197	0.0033351941304652077	0.0033351941304652077	0.013399123634727237
135	-0.3946341383570331	-0.39781240184311173	0.0031782634860786363	0.0031782634860786363	0.008053696264876103
136	-0.05623240055305728	-0.056394743168652894	0.00016234261559561203	0.00016234261559561203	0.0028869942239516514
137	-0.12053300724349807	-0.12003777533209359	-0.0004952319114044784	0.0004952319114044784	0.004108682946937697
138	-0.012205978448622645	-0.012274161164782527	6.818271615988136e-05	6.818271615988136e-05	0.0055860098759698594
139	-0.33518085869412867	-0.3349565901942242	-0.0002242684999044786	0.0002242684999044786	0.0006690969788019315
140	0.8706934455239905	0.8707843973354557	-9.09518114651231e-05	9.09518114651231e-05	0.0001044590514981855
141	-1.517881684096992	-1.5179205255151373	3.884141814536335e-05	3.884141814536335e-05	2.5589226454412766e-05
142	0.3116744968839359	0.3113639133403012	0.0003105835436346682	0.0003105835436346682	0.0009964997031833697
143	0.3302569170621051	0.330046992530697	0.00020992453140805667	0.00020992453140805667	0.000635640074628869
144	0.11526236533968413	0.11536211708573774	-9.975174605360293e-05	9.975174605360293e-05	0.0008654320580670837
145	-0.28352988666514384	-0.2836698501198498	0.00013996345470596028	0.00013996345470596028	0.0004936462125816766
146	-0.9653845867676983	-0.9653629946342335	-2.1592133464864993e-05	2.1592133464864993e-05	2.236635405290631e-05
147	1.1211064144576588	1.1211207818888624	-1.4367431203643477e-05	1.4367431203643477e-05	1.2815403621246604e-05
148	-0.6250908107189352	-0.6217090749061072	-0.0033817358128280794	0.0033817358128280794	0.005409991244214015
149	0.2598301906600571	0.26390045509572246	-0.004070264435665383	0.004070264435665383	0.015665094288410158
150	-1.6944077452311732	-1.6906517726340553	-0.003755972597117907	0.003755972597117907	0.002216687575755544
151	0.05292374419822575	0.04956214220896982	0.003361601989255933	0.003361601989255933	0.06351784138070544
152	-0.44873155827377215	-0.44855910972785296	-0.00017244854591919045	0.00017244854591919045	0.0003843022464980705
153	1.0056140162515685	1.005302215020265	0.0003118012313034768	0.0003118012313034768	0.00031006054635725693
154	1.2756097452494595	1.2756686047623589	-5.8859512899411826e-05	5.8859512899411826e-05	4.61422571586745e-05
155	0.3592035426793324	0.3591565173053368	4.702537399559059e-05	4.702537399559059e-05	0.0001309156742854594
156	0.962409557749107	0.962704180508922	-0.00029462275981506636	0.00029462275981506636	0.0003061303344743718
157	-3.9596548288160682	-3.9592282630422915	-0.00042656577377675475	0.00042656577377675475	0.00010772801979416408
158	1.4511012695555952	1.4504515706192933	0.0006496989363018457	0.0006496989363018457	0.0004477281840576284
159	1.2017811997790124	1.2016704768456066	0.00011072293340586015	0.00011072293340586015	9.21323560613365e-05
160	3.2822219620731405	3.282051999448754	0.00016996262438651044	0.00016996262438651044	5.1782794201753936e-05
161	-0.6250492471845547	-0.6250877954130374	3.854822848270434e-05	3.854822848270434e-05	6.167230607242445e-05
162	-0.2772796135300719	-0.277436198388159	0.00015658485808711653	0.00015658485808711653	0.000564718249905287
163	0.0986033822302865	0.09494252228137157	0.003660859948914935	0.003660859948914935	0.037127123493239406
164	-1.4053594981995379	-1.405162462972953	-0.00019703522658476302	0.00019703522658476302	0.00014020272167882504
165	-1.0544337232095153	-1.0544800448997194	4.632169020402088e-05	4.632169020402088e-05	4.39303952296078e-05
166	-1.9355050608633346	-1.9354895071330702	-1.5553730264405985e-05	1.5553730264405985e-05	8.036005990843662e-06
167	1.1152426436094647	1.1156146389197374	-0.0003719953102727658	0.0003719953102727658	0.00033355549342052506
168	0.5874290955833297	0.5873844089308022	4.4686652527436976e-05	4.4686652527436976e-05	7.607156823422608e-05
169	1.9978756542942788	1.9979696628382726	-9.400854399377323e-05	9.400854399377323e-05	4.7054251745702566e-05
170	-1.3253018511736008	-1.3249500160696925	-0.0003518351039082379	0.0003518351039082379	0.00026547544893012543
171	-0.4433234919641992	-0.4435231171697751	0.00019962520557592622	0.00019962520557592622	0.00045029241444314677
172	0.16057323974382923	0.160421266102162	0.00015197364166721905	0.00015197364166721905	0.0009464443883032468
173	0.08655666790164351	0.08663075145420862	-7.408355256510735e-05	7.408355256510735e-05	0.0008558965399325483
174	-0.015305561491888237	-0.015646824095938427	0.00034126260405019024	0.00034126260405019024	0.022296640618578764
175	0.11846991276380878	0.11902041583766731	-0.0005505030738585381	0.0005505030738585381	0.004646775379636395
176	0.21659348410479062	0.21618543114243494	0.0004080529623556872	0.0004080529623556872	0.0018839577009540421
177	0.97143249743943	0.9717986525998867	-0.0003661551604566826	0.0003661551604566826	0.00037692290655482504
178	-0.8395417262077822	-0.8393081299402638	-0.0002335962675183989	0.0002335962675183989	0.00027824259381788614
179	0.3044634468446693	0.30455233026316364	-8.888341849433434e-05	8.888341849433434e-05	0.00029193461289190735
180	0.15402751494135447	0.15386785638327183	0.00015965855808264262	0.00015965855808264262	0.0010365586833198741
181	0.7574480528483167	0.7577594905257001	-0.0003114376773833971	0.0003114376773833971	0.00041116704467357613
182	-0.4912077142189426	-0.491264181462725	5.6467243782387655e-05	5.6467243782387655e-05	0.00011495593849167219
183	-0.9859474532684156	-0.9862793600774467	0.0003319068090310573	0.0003319068090310573	0.000336637422137241
184	0.36966510662366386	0.36981464116081497	-0.0001495345371511081	0.0001495345371511081	0.0004045135298727049
185	1.6043382887796673	1.6040327339936766	0.0003055547859907026	0.0003055547859907026	0.00019045533484282888
186	1.5559918497301823	1.5560354548824762	-4.3605152293846317e-05	4.3605152293846317e-05	2.8024023584318703e-05
187	-0.0786232559907757	-0.07872077300419278	9.75170134170783e-05	9.75170134170783e-05	0.001240307491571187
188	-0.8794842378857571	-0.8791531341216796	-0.00033110376407752273	0.00033110376407752273	0.00037647492679741725
189	-0.20662508031238586	-0.20669981495302636	7.473464064050583e-05	7.473464064050583e-05	0.0003616920101253844
190	-0.42859220781215784	-0.428316551676744	-0.0002756561354138598	0.0002756561354138598	0.0006431664654404394
191	-0.5936743988327895	-0.5937987512965037	0.00012435246371422792	0.00012435246371422792	0.00020946239884811376
192	-0.827671955039534	-0.8276000554303664	-7.189960916753613e-05	7.189960916753613e-05	8.686969363858876e-05
193	-2.09126795780172	-2.091035005662434	-0.00023295213928609115	0.00023295213928609115	0.0001113927741383097
194	1.2677406868430818	1.2714610746087374	-0.0037203877656555306	0.0037203877656555306	0.002934659906609144
195	-2.2258671561380874	-2.2256661821558055	-0.00020097398228191565	0.00020097398228191565	9.029019621755348e-05
196	-0.0010532488285358117	-0.0014016240328373897	0.000348375204301578	0.000348375204301578	0.33076248922666884
197	-0.02254619823881873	-0.02280492994088945	0.00025873170207072263	0.00025873170207072263	0.011475624374900309
198	0.2878613903009186	0.28755561450566347	0.00030577579525514764	0.00030577579525514764	0.001062232746585091
199	1.839676098794748	1.8380310125536425	0.0016450862411054867	0.0016450862411054867	0.0008942260228217644
200	-0.9382279310672779	-0.9380530549094601	-0.00017487615781774934	0.00017487615781774934	0.00018638984411689768
201	1.8164822137916097	1.816728483731822	-0.0002462699402123736	0.0002462699402123736	0.0001355752004300253
202	2.2561117907497112	2.2561782991346035	-6.650838489230537e-05	6.650838489230537e-05	2.947920628977542e-05
203	1.7983134669772705	1.7982995631626864	1.3903814584104168e-05	1.3903814584104168e-05	7.73158564367238e-06
204	-0.7501024289631258	-0.750960252091204	0.000857823128078139	0.000857823128078139	0.0011436079859972145
205	-2.344670027657128	-2.3443304586407976	-0.0003395690163303655	0.0003395690163303655	0.00014482592958706182
206	-1.5953858177053997	-1.595676612325292	0.00029079461989223176	0.00029079461989223176	0.00018227228590415442
207	0.30341698063207423	0.3033645817680508	5.2398864023417424e-05	5.2398864023417424e-05	0.00017269588509601804
208	-0.20550711203067581	-0.2056966674359728	0.00018955540529699832	0.00018955540529699832	0.0009223788092973815
209	-0.23586837178338393	-0.2361402091111131	0.00027183732772917413	0.00027183732772917413	0.0011524958843520709
210	0.24178060485883196	0.24190330802298377	-0.00012270316415180504	0.00012270316415180504	0.0005074979617304189
211	-0.7971049140353228	-0.7971908728308108	8.595879548800589e-05	8.595879548800589e-05	0.00010783874741511971
212	-0.7031314172276791	-0.7030063432011957	-0.00012507402648342936	0.00012507402648342936	0.00017788143641280285
213	0.23367255669051631	0.23378259778894517	-0.00011004109842885357	0.00011004109842885357	0.0004709200771684783
214	-0.027678796367692063	-0.027397623711067354	-0.00028117265662470914	0.00028117265662470914	0.010158413425552945
215	-0.9527504636400915	-0.9528323926133453	8.192897325376425e-05	8.192897325376425e-05	8.599205813109267e-05
216	-0.3265875968490364	-0.3267747677995203	0.00018717095048392807	0.00018717095048392807	0.0005731110191868278
217	0.31315975076162866	0.313651632140477	-0.0004918813788483134	0.0004918813788483134	0.0015707043374891567
218	1.1158907483947562	1.1156986768270372	0.00019207156771905431	0.00019207156771905431	0.00017212398973228812
219	-0.10970209945081558	-0.10971602752363196	1.3928072816388193e-05	1.3928072816388193e-05	0.00012696268244741094
220	0.21423922096347847	0.21429445500587008	-5.523404239160534e-05	5.523404239160534e-05	0.0002578148022719945
221	0.07498063815991422	0.07558187962786178	-0.0006012414679475581	0.0006012414679475581	0.00801862297657785
222	0.36218720943876925	0.362021464894724	0.0001657445440452765	0.0001657445440452765	0.0004576211962374585
223	0.31666026507543915	0.3166010920665485	5.917300889063393e-05	5.917300889063393e-05	0.0001868659109362424
224	0.16965940236497512	0.1695275939965768	0.00013180836839832288	0.00013180836839832288	0.0007768998744600889
225	-0.33972316980702544	-0.3396020803876354	-0.00012108941939004136	0.00012108941939004136	0.0003564355632817872
226	-0.37711216272915615	-0.37697507025313826	-0.0001370924760178971	0.0001370924760178971	0.00036353236402072135
227	0.18673770315618607	0.18669708038032695	4.062277585911711e-05	4.062277585911711e-05	0.0002175392284071338
228	-0.20752053670208076	-0.20780887626870026	0.0002883395666194999	0.0002883395666194999	0.001389450756063936
229	1.3112945528013706	1.3106946158814026	0.0005999369199680693	0.0005999369199680693	0.0004575149943896284
230	-0.3892852872654868	-0.38965031079385426	0.00036502352836748075	0.00036502352836748075	0.0009376761473097753
231	-0.8621541844468699	-0.8618771136639225	-0.000277070782947364	0.000277070782947364	0.00032137033948878135
232	0.24141308716762747	0.24145631451233385	-4.322734470638134e-05	4.322734470638134e-05	0.0001790596575088161
233	0.03470491474057405	0.03405373196585515	0.0006511827747189003	0.0006511827747189003	0.018763416639591756
234	0.1351715747589421	0.13509360459806885	7.797016087324193e-05	7.797016087324193e-05	0.0005768236481101136
235	-1.412097872353647	-1.4121455936901839	4.772133653685451e-05	4.772133653685451e-05	3.379463808504566e-05
236	0.23759436680561574	0.2374768656352444	0.000117501170371348	0.000117501170371348	0.0004945452703745279
237	0.7397893733162263	0.7395358651365314	0.000253508179694939	0.000253508179694939	0.00034267615734806696
238	0.13712764728872678	0.13683389019547576	0.0002937570932510236	0.0002937570932510236	0.0021422163878631155
239	0.46404422901682496	0.4638446063864876	0.00019962263033734828	0.00019962263033734828	0.0004301801807993404
240	-0.5595597091998844	-0.5597622894271126	0.00020258022722818847	0.00020258022722818847	0.00036203504987494247
241	-0.8867719724551417	-0.8872304378684248	0.0004584654132830934	0.0004584654132830934	0.0005170048530218803
242	-0.1603095742333746	-0.16019961822166806	-0.00010995601170654679	0.00010995601170654679	0.0006858979710499114
243	0.30612341266545284	0.30645602905110536	-0.0003326163856525177	0.0003326163856525177	0.0010865434393154952
244	0.40498143653501895	0.4049889610939772	-7.52455895824955e-06	7.52455895824955e-06	1.858000954964487e-05
245	0.09216187984607702	0.09231963585420999	-0.0001577560081329754	0.0001577560081329754	0.0017117273258363392
246	0.2894039902247267	0.28926409976293144	0.00013989046179524456	0.00013989046179524456	0.00048337433663792073
247	1.2882833759174839	1.2887794741658354	-0.0004960982483515064	0.0004960982483515064	0.00038508472407958953
248	1.196485319722026	1.1958532280971212	0.0006320916249047404	0.0006320916249047404	0.0005282903304251082
249	-1.4456816204753629	-1.4458182682943743	0.0001366478190114595	0.0001366478190114595	9.452137806561278e-05
250	-0.2621397379229964	-0.2617308753229963	-0.0004088626000000595	0.0004088626000000595	0.0015597124008728618
251	-0.14091523143165402	-0.14052767120631415	-0.0003875602253398669	0.0003875602253398669	0.002750307553004583
252	0.24201092349849232	0.24176254494534533	0.000248378553146994	0.000248378553146994	0.0010263113315566574
253	-0.7869710434472313	-0.7867653108917239	-0.00020573255550748737	0.00020573255550748737	0.0002614232851647258
254	-0.8943692716794286	-0.8943450975635869	-2.4174115841657517e-05	2.4174115841657517e-05	2.7029233457745982e-05
255	0.7872343846980693	0.7869727418210459	0.0002616428770233492	0.0002616428770233492	0.0003323570236629057
256	-0.48362778775710147	-0.48382114133005416	0.0001933535729526925	0.0001933535729526925	0.0003997983115267209
257	-1.8682125930731737	-1.8686352526913197	0.00042265961814602626	0.00042265961814602626	0.00022623743128225002
258	0.0548668579982988	0.0547934113797055	7.344661859329943e-05	7.344661859329943e-05	0.001338633580869105
259	0.18860600155898527	0.18815411102934831	0.00045189052963695575	0.00045189052963695575	0.0023959498950282872
260	1.6480740303809334	1.6480404725740527	3.3557806880635255e-05	3.3557806880635255e-05	2.0361832212645663e-05
261	0.2638365463890134	0.26416541851403963	-0.0003288721250262472	0.0003288721250262472	0.0012464995070900534
262	-0.04531286290474692	-0.04512326039218806	-0.00018960251255886046	0.00018960251255886046	0.004184297799885823
263	0.21349070410388493	0.21388298566193953	-0.00039228155805459686	0.00039228155805459686	0.0018374643509710474
264	-0.40142179587536614	-0.40151666350141113	9.48676260449921e-05	9.48676260449921e-05	0.0002363290359909772
265	0.17695651970952148	0.17756231819987534	-0.0006057984903538594	0.0006057984903538594	0.003423431311535131
266	-0.31373115896547527	-0.31325988796027104	-0.00047127100520422127	0.00047127100520422127	0.0015021491864506916
267	-0.5854773005224353	-0.5854186871232514	-5.86133991838933e-05	5.86133991838933e-05	0.00010011216341195666
268	-0.18058574621098	-0.1804089324650704	-0.00017681374590960974	0.00017681374590960974	0.0009791124140165338
269	0.6738449562733808	0.6737608932780859	8.406299529495342e-05	8.406299529495342e-05	0.00012475124212527137
270	0.1902436617758096	0.19006704623336645	0.00017661554244313704	0.00017661554244313704	0.0009283649231440233
271	-0.38170133311808213	-0.3815982489356884	-0.00010308418239374229	0.00010308418239374229	0.0002700650310850563
272	-0.1266241856648178	-0.12681407275749734	0.0001898870926795304	0.0001898870926795304	0.0014996115606395566
273	0.19668548621555337	0.1968650690571394	-0.00017958284158603455	0.00017958284158603455	0.000913045721071785
274	-0.5014993297518501	-0.5015339361449378	3.460639308772162e-05	3.460639308772162e-05	6.900586109426192e-05
275	0.3550880408060778	0.35496905410070667	0.00011898670537113798	0.00011898670537113798	0.0003350907146887538
276	-0.053875246801572886	-0.05415158918253837	0.0002763423809654872	0.0002763423809654872	0.005129301439365646
277	0.16019823455304835	0.16182289856203624	-0.0016246640089878917	0.0016246640089878917	0.010141584977641544
278	0.5758964535616687	0.576193358853061	-0.00029690529139225763	0.00029690529139225763	0.0005155532553743433
279	-0.18061246874959855	-0.18052954060010507	-8.292814949348304e-05	8.292814949348304e-05	0.0004591496371629512
280	-0.3489359962758772	-0.34870235340633826	-0.00023364286953891922	0.00023364286953891922	0.0006695866062330684
281	-0.8734109691666989	-0.8732555475603476	-0.00015542160635129143	0.00015542160635129143	0.0001779478525436606
282	-0.5397235201363199	-0.5395706433262148	-0.0001528768101050071	0.0001528768101050071	0.00028325022794336343
283	-0.4742418865621608	-0.4742393906411735	-2.4959209873332e-06	2.4959209873332e-06	5.262970349216611e-06
284	0.28132882687899674	0.2809675050059468	0.0003613218730499357	0.0003613218730499357	0.0012843400267877456
285	-0.26009294847497594	-0.2594963984279275	-0.0005965500470484497	0.0005965500470484497	0.0022936033081490674
286	0.13986085790733868	0.14135815011684372	-0.0014972922095050356	0.0014972922095050356	0.010705584335089873
287	-0.04428630200792678	-0.045676208443978794	0.0013899064360520172	0.0013899064360520172	0.03138456753068339
288	-0.34304730324353633	-0.3432847330344657	0.00023742979092938876	0.00023742979092938876	0.0006921196834502806
289	0.11534048685498335	0.11855510496161514	-0.003214618106631789	0.003214618106631789	0.027870682656936433
290	-0.1336776461261224	-0.13338648351179927	-0.0002911626143231316	0.0002911626143231316	0.0021780950125978808
291	-0.18966946215305985	-0.18968605846225728	1.6596309197425274e-05	1.6596309197425274e-05	8.750121927394063e-05
292	3.9443721783031664	3.944258773429965	0.00011340487320143922	0.00011340487320143922	2.875105798211592e-05
293	-0.370846825854172	-0.3706800000742305	-0.00016682577994148184	0.00016682577994148184	0.00044985090423042395
294	0.09295332959909966	0.09233571570632648	0.0006176138927731778	0.0006176138927731778	0.006644343945901643
295	-2.50232228723333	-2.5022311566402777	-9.113059305221327e-05	9.113059305221327e-05	3.6418407619655974e-05
296	1.574080255433583	1.5740432167064	3.7038727183080766e-05	3.7038727183080766e-05	2.353039310113091e-05
297	-0.5971247626156985	-0.5965922650403854	-0.0005324975753130401	0.0005324975753130401	0.0008917693732553316
298	-1.4349285137137369	-1.4349011170935455	-2.739662019135558e-05	2.739662019135558e-05	1.9092672512619055e-05
299	-0.9439320748941445	-0.9471766294666395	0.003244554572494951	0.003244554572494951	0.0034372754764783317
300	0.6761445879843766	0.6725042097883716	0.003640378196005045	0.003640378196005045	0.005384023270610223
301	-0.14885168620360473	-0.14939245029665926	0.0005407640930545354	0.0005407640930545354	0.0036329053895624583
302	-0.49356233893976953	-0.49297599029785033	-0.0005863486419191988	0.0005863486419191988	0.0011879930773866282
303	-0.15121223600629066	-0.15125493449374972	4.2698487459053025e-05	4.2698487459053025e-05	0.00028237455239585703
304	0.07792737833331251	0.07791780454624586	9.5737870666468e-06	9.5737870666468e-06	0.00012285524383609582
305	0.3851617822557635	0.3853370760964481	-0.0001752938406845983	0.0001752938406845983	0.00045511743054557754
306	0.3144105885500262	0.3141555109920091	0.00025507755801706944	0.00025507755801706944	0.0008112880650534573
307	-0.2864677331712528	-0.2865787524655161	0.00011101929426332591	0.00011101929426332591	0.00038754554669847457
308	0.31218959859283024	0.3121980858367124	-8.487243882138173e-06	8.487243882138173e-06	2.7186184038141403e-05
309	-0.06389341167890059	-0.0636064485775023	-0.00028696310139827985	0.00028696310139827985	0.00449127842539426
310	-0.00022262150193249133	0.0004480186532873631	-0.0006706401552198545	0.0006706401552198545	3.0124680203766756
311	1.241096377328028	1.2405619819730873	0.0005343953549405978	0.0005343953549405978	0.0004305832848300664
312	0.8137447786385585	0.8140474749609439	-0.00030269632238533184	0.00030269632238533184	0.00037197943425426345
313	0.14104060765889975	0.1409625957364824	7.801192241735366e-05	7.801192241735366e-05	0.0005531167492274418
314	0.3580704442141318	0.35773590627741214	0.0003345379367196699	0.0003345379367196699	0.0009342796707332005
315	-0.00728405176202437	-0.007276723664517704	-7.328097506666825e-06	7.328097506666825e-06	0.001006046874196047
316	0.11504063399286833	0.11515127685868265	-0.00011064286581431715	0.00011064286581431715	0.0009617720450078203
317	-1.4181357559072174	-1.417883573481049	-0.00025218242616831255	0.00025218242616831255	0.00017782671730675394
318	-0.9049615070515338	-0.90512148356936	0.00015997651782617694	0.00015997651782617694	0.0001767771519336755
319	-0.7187647430325903	-0.7190137849590883	0.00024904192649799484	0.00024904192649799484	0.00034648600799093833
320	0.3546781952053596	0.3548964579636049	-0.00021826275824532448	0.00021826275824532448	0.0006153825106698476
321	0.604136380890293	0.6033029698784276	0.0008334110118654037	0.0008334110118654037	0.0013795080684219634
322	0.1749359194100375	0.17501399057096023	-7.807116092273247e-05	7.807116092273247e-05	0.00044628433763645284
323	-0.12789055696836021	-0.12784340411542416	-4.715285293604987e-05	4.715285293604987e-05	0.0003686969081518299
324	-0.25007512893331607	-0.2502368070196326	0.00016167808631650793	0.00016167808631650793	0.0006465180564182386
325	0.009642017281822962	0.006308183714054394	0.003333833567768568	0.003333833567768568	0.3457610031516412
326	-0.5880787734984947	-0.585100951440154	-0.00297782205834074	0.00297782205834074	0.005063644859387808
327	-0.3718340852731795	-0.3684233149812144	-0.003410770291965126	0.003410770291965126	0.00917282849273836
328	1.102851574759079	1.1028345592052347	1.701555384436837e-05	1.701555384436837e-05	1.542868889504507e-05
329	2.220784306684659	2.2206826301385263	0.00010167654613280064	0.00010167654613280064	4.578407089186903e-05
330	-0.16751161248371144	-0.16755610909058305	4.44966068716135e-05	4.44966068716135e-05	0.00026563296843638395
331	-1.0217180871196274	-1.0217245201573633	6.433037735842362e-06	6.433037735842362e-06	6.296294268390643e-06
332	-1.86202682606483	-1.8619680431299912	-5.878293483885244e-05	5.878293483885244e-05	3.156932758218264e-05
333	-0.20254179366413225	-0.20280090778612703	0.0002591141219947801	0.0002591141219947801	0.0012793118758712078
334	-0.14244222279378185	-0.14245836531756595	1.6142523784096197e-05	1.6142523784096197e-05	0.00011332681748070053
335	-0.05930219132239401	-0.05972219965144632	0.00042000832905230573	0.00042000832905230573	0.007082509426488932
336	0.536838840344541	0.5366572424634342	0.00018159788110683195	0.00018159788110683195	0.00033827262012242474
337	0.40391245882703497	0.40342453945640955	0.00048791937062542257	0.00048791937062542257	0.0012079829675032663
338	1.8372486206694858	1.836372763534655	0.0008758571348308486	0.0008758571348308486	0.0004767221621381269
339	0.2202811479071422	0.21967919093413002	0.0006019569730121854	0.0006019569730121854	0.002732675849618941
340	-0.9797121864675598	-0.9802530077962501	0.0005408213286903774	0.0005408213286903774	0.0005520206200969667
341	-1.2326395236272674	-1.2325173674838652	-0.0001221561434021634	0.0001221561434021634	9.910127093985807e-05
342	-0.173326301551314	-0.1734029488034139	7.664725209988177e-05	7.664725209988177e-05	0.0004422136249021042
343	1.2941143180226506	1.292156501577324	0.0019578164453266655	0.0019578164453266655	0.0015128620540402662
344	-0.3946827868273515	-0.39618772153460213	0.0015049347072506603	0.0015049347072506603	0.0038130234139371606
345	-0.044218625217567475	-0.042403234928656275	-0.0018153902889112006	0.0018153902889112006	0.04105487857161986
346	-0.5928600869444792	-0.5927133049112854	-0.00014678203319384853	0.00014678203319384853	0.00024758292289559126
347	1.458792874979119	1.4589744623663137	-0.0001815873871946483	0.0001815873871946483	0.0001244778407608054
348	2.3389512043416962	2.3387226862610078	0.0002285180806884668	0.0002285180806884668	9.770108938753332e-05
349	0.5144549852268582	0.5142778508968604	0.00017713432999777456	0.00017713432999777456	0.00034431453690678885
350	-2.5071753824445486	-2.507070443115822	-0.0001049393287266831	0.0001049393287266831	4.1855599517080875e-05
351	-0.9324593948522826	-0.9324937273902378	3.43325379552617e-05	3.43325379552617e-05	3.68193383484549e-05
352	-0.3856961982557539	-0.3849629094645479	-0.0007332887912059882	0.0007332887912059882	0.0019012082424513471
353	0.9887035356485877	0.9887998630944139	-9.632744582621644e-05	9.632744582621644e-05	9.742803818641734e-05
354	-1.4250904181266304	-1.4239788722392177	-0.0011115458874126904	0.0011115458874126904	0.0007799827107629327
355	1.1083639827171419	1.1088373698413534	-0.00047338712421152174	0.00047338712421152174	0.0004271043913309223
356	-0.8847630610778203	-0.8844215561936153	-0.000341504884205035	0.000341504884205035	0.00038598456380967464
357	-0.1805440001109692	-0.17995405123372166	-0.0005899488772475314	0.0005899488772475314	0.0032676182918564252
358	-1.409742639245222	-1.409929925998199	0.0001872867529770783	0.0001872867529770783	0.00013285173319106805
359	0.26419669046411376	0.2638013634879144	0.00039532697619937274	0.00039532697619937274	0.0014963358379126654
360	0.19533272161199	0.19521898816776684	0.000113733444223163	0.000113733444223163	0.0005822549508580735
361	0.1631037278491065	0.15929332636233084	0.0038104014867756664	0.0038104014867756664	0.02336182953648254
362	0.4808633293230239	0.4809161412282492	-5.2811905225325084e-05	5.2811905225325084e-05	0.00010982726692774747
363	0.31917594202737865	0.3158125152253888	0.003363426801989866	0.003363426801989866	0.010537845617767
364	0.36276229726428766	0.3628048721111554	-4.257484686776003e-05	4.257484686776003e-05	0.0001173629321151378
365	-1.1000223069378312	-1.0997630391216262	-0.00025926781620499995	0.00025926781620499995	0.00023569323510059755
366	0.29633149660236796	0.2966701637632241	-0.0003386671608561209	0.0003386671608561209	0.0011428658942406011
367	-0.45098043575933056	-0.45071632433746345	-0.0002641114218671081	0.0002641114218671081	0.0005856383136053675
368	0.5147899392495169	0.5149992309867457	-0.00020929173722883387	0.00020929173722883387	0.00040655755148196653
369	0.2864437203262411	0.28649782707645954	-5.4106750218441135e-05	5.4106750218441135e-05	0.00018889138207260053
370	0.0839908759963202	0.08388886850241306	0.00010200749390713859	0.00010200749390713859	0.0012145068460960894
371	0.4006824391117634	0.4005172758638764	0.0001651632478869569	0.0001651632478869569	0.0004122048579246257
372	0.018564963965097107	0.018708171623416092	-0.0001432076583189855	0.0001432076583189855	0.007713866753968484
373	0.21240191516996954	0.21192862591590256	0.00047328925406697753	0.00047328925406697753	0.0022282720647233295
374	0.04803388871097891	0.04759868348003238	0.00043520523094653374	0.00043520523094653374	0.009060378883025156
375	-0.4466583098376159	-0.44604300863682056	-0.0006153012007953373	0.0006153012007953373	0.0013775657750978196
376	-0.08754849081372679	-0.08769246507256412	0.00014397425883733161	0.00014397425883733161	0.0016445087459435429
377	-0.6484147926042678	-0.6483999692790121	-1.4823325255708397e-05	1.4823325255708397e-05	2.286086842061788e-05
378	0.7942992700891696	0.7940243838788774	0.00027488621029214677	0.00027488621029214677	0.00034607385483469914
379	0.24996845343137003	0.24977830898365028	0.00019014444771975336	0.00019014444771975336	0.0007606737774691172
380	-0.3964112414040259	-0.39610006264467756	-0.0003111787593483295	0.0003111787593483295	0.0007849897451096078
381	-0.5227060170940061	-0.522811467902784	0.00010545080877788493	0.00010545080877788493	0.0002017401853610576
382	-0.0002969131986306113	-0.0008007568652601549	0.0005038436666295436	0.0005038436666295436	1.6969392703096833
383	-1.3749419174561615	-1.3753331360106813	0.00039121855451984544	0.00039121855451984544	0.0002845346043734382
384	-0.06767803111302689	-0.06811272670859125	0.00043469559556436055	0.00043469559556436055	0.006422994115156652
385	-0.14039168588153195	-0.14012790784079243	-0.00026377804073951516	0.00026377804073951516	0.0018788722357967942
386	-0.12633623673276329	-0.12635401297700355	1.7776244240264027e-05	1.7776244240264027e-05	0.00014070582360202632
387	0.07147901635071545	0.07149192187227982	-1.2905521564368638e-05	1.2905521564368638e-05	0.00018054979241805786
388	0.2061296659686594	0.2061001544575447	2.9511511114688194e-05	2.9511511114688194e-05	0.00014316964506785364
389	1.5581492911857253	1.5581430743054625	6.21688026281042e-06	6.21688026281042e-06	3.98991309624733e-06
390	0.13622825020084173	0.13634257106787118	-0.00011432086702944932	0.00011432086702944932	0.0008391861956745808
391	-1.4264608316719476	-1.4232999507299837	-0.003160880941963873	0.003160880941963873	0.0022158904554421027
392	2.192504466415043	2.192602611458483	-9.814504343985675e-05	9.814504343985675e-05	4.476389669587921e-05
393	0.056329996267312187	0.05547543804595989	0.0008545582213522959	0.0008545582213522959	0.015170571240534392
394	0.8699799773130015	0.8700201919253914	-4.021461238989943e-05	4.021461238989943e-05	4.6224756245661284e-05
395	-1.8331200273928214	-1.8324519968615505	-0.0006680305312709578	0.0006680305312709578	0.0003644226898884918
396	-0.1402758870505316	-0.139971760219737	-0.0003041268307945877	0.0003041268307945877	0.002168062075309009
397	0.20846140805197758	0.20833974765821495	0.00012166039376262927	0.00012166039376262927	0.0005836111100827573
398	-0.15964012719139759	-0.15975451911742766	0.00011439192603007742	0.00011439192603007742	0.0007165612308296981
399	-0.5612421470581138	-0.5611980558200003	-4.4091238113552755e-05	4.4091238113552755e-05	7.856009806937633e-05
400	-0.5853778291999134	-0.5856339441407954	0.0002561149408819574	0.0002561149408819574	0.00043752073977931804
401	0.8001941087206057	0.8007602988300278	-0.000566190109422049	0.000566190109422049	0.0007075659558745125
402	1.832913148470878	1.8329991724783667	-8.602400748869421e-05	8.602400748869421e-05	4.69329425458377e-05
403	0.22340871750899885	0.2235653548012806	-0.00015663729228174161	0.00015663729228174161	0.0007011243519422303
404	-0.013104562084513667	-0.012915709177718782	-0.00018885290679488548	0.00018885290679488548	0.014411233704486976
405	0.03208625511050789	0.032495888945049956	-0.0004096338345420669	0.0004096338345420669	0.012766645192193726
406	0.7895966517593421	0.7895684238974354	2.8227861906704454e-05	2.8227861906704454e-05	3.574972341107129e-05
407	-0.8442363694585889	-0.8439817358123491	-0.000254633646239788	0.000254633646239788	0.0003016141633451367
408	-1.7026396301149238	-1.7029699581456725	0.00033032803074872774	0.00033032803074872774	0.00019400936340617858
409	0.024532927331228957	0.024527419313358223	5.508017870733961e-06	5.508017870733961e-06	0.00022451531349553146
410	-0.1047529952975098	-0.10469927151746106	-5.3723780048739456e-05	5.3723780048739456e-05	0.0005128615167151844
411	-1.7602275765727304	-1.7600137574049768	-0.0002138191677536483	0.0002138191677536483	0.00012147245651608705
412	-0.17455290941759513	-0.17792539141225916	0.0033724819946640283	0.0033724819946640283	0.019320686237293265
413	0.15224162325001026	0.15221279535637677	2.8827893633481816e-05	2.8827893633481816e-05	0.0001893561893132263
414	1.7804237870685704	1.7802538081213015	0.0001699789472688895	0.0001699789472688895	9.547106059999131e-05
415	-0.0761181768262235	-0.0766346991554201	0.000516522329196592	0.000516522329196592	0.006785794809245151
416	0.03567290072317278	0.03550790069084542	0.0001650000323273615	0.0001650000323273615	0.004625360679463305
417	-0.2727415026996689	-0.2725609751337288	-0.000180527565940114	0.000180527565940114	0.0006618998727850492
418	-1.4293468283237103	-1.4297443372299767	0.00039750890626644164	0.00039750890626644164	0.00027810528444844045
419	1.08498197620014	1.0853483873916048	-0.0003664111914647439	0.0003664111914647439	0.0003377117772481358
420	-0.5098872150056908	-0.509825327057456	-6.18879482348067e-05	6.18879482348067e-05	0.00012137575999844589
421	0.6671751447511931	0.6671868794683178	-1.173471712467844e-05	1.173471712467844e-05	1.7588660514406033e-05
422	-0.6065971798955301	-0.6066950059420151	9.782604648500559e-05	9.782604648500559e-05	0.0001612701966432707
423	-0.15744152601321892	-0.15732040063198838	-0.00012112538123054684	0.00012112538123054684	0.0007693356657402892
424	0.5354303501798967	0.5355126263708598	-8.227619096312644e-05	8.227619096312644e-05	0.00015366366687185896
425	-0.47995361012868243	-0.47969863263119805	-0.0002549774974843766	0.0002549774974843766	0.0005312544631469976
426	0.048297642022124034	0.04847097314097937	-0.0001733311188553341	0.0001733311188553341	0.0035888112048189664
427	1.1275884569865435	1.1267723572103705	0.0008160997761730293	0.0008160997761730293	0.0007237567670336382
428	-1.2348886046376693	-1.2348799053256698	-8.699311999427195e-06	8.699311999427195e-06	7.044612742199265e-06
429	-1.458611684295193	-1.4591206223428799	0.0005089380476868133	0.0005089380476868133	0.0003489194918473001
430	0.42942069260247395	0.42960912946909957	-0.00018843686662561865	0.00018843686662561865	0.0004388164563836229
431	0.5044746828067986	0.5046409020792453	-0.0001662192724466438	0.0001662192724466438	0.00032948982002789956
432	0.8021124312429123	0.802038229721802	7.420152111026201e-05	7.420152111026201e-05	9.250763137442358e-05
433	-1.0292575577889	-1.0292204694763996	-3.7088312500488385e-05	3.7088312500488385e-05	3.603404436510844e-05
434	0.8414764553904193	0.840779093493893	0.0006973618965262496	0.0006973618965262496	0.0008287360769977754
435	0.6197786486880501	0.6201316245864064	-0.00035297589835625587	0.00035297589835625587	0.000569519293869572
436	-1.2093225264108594	-1.2102569587710832	0.0009344323602238358	0.0009344323602238358	0.0007726907750549654
437	-0.6277400560156455	-0.6240627441371771	-0.0036773118784684256	0.0036773118784684256	0.005858016934284617
438	-1.3250889877386722	-1.3253516559075251	0.00026266816885289757	0.00026266816885289757	0.00019822681441278398
439	0.7443553992496159	0.7441997731092442	0.00015562614037167855	0.00015562614037167855	0.0002090750473880691
440	0.3750979920459997	0.37502588118343283	7.211086256686539e-05	7.211086256686539e-05	0.00019224539745875833
441	0.9433830048152093	0.9433517887487142	3.12160664951433e-05	3.12160664951433e-05	3.3089494230668206e-05
442	0.23314442156588092	0.23324900941190663	-0.00010458784602571103	0.00010458784602571103	0.0004485968196161925
443	0.17891070987574845	0.1785297815075637	0.0003809283681847353	0.0003809283681847353	0.002129153522722513
444	0.17769716485892773	0.17772193631060418	-2.4771451676453005e-05	2.4771451676453005e-05	0.00013940262747646454
445	-0.683131788057923	-0.683640293985377	0.0005085059274539949	0.0005085059274539949	0.0007443745648253724
446	0.3665342992055498	0.3662750705899498	0.00025922861560001564	0.00025922861560001564	0.0007072424495112314
447	0.5643231193420715	0.5648006029304042	-0.00047748358833277216	0.00047748358833277216	0.0008461173607231561
448	0.3018371842308677	0.3018203564977284	1.6827733139268553e-05	1.6827733139268553e-05	5.5751027436028034e-05
449	-0.49283005197858293	-0.4927944009693874	-3.5651009195503125e-05	3.5651009195503125e-05	7.233935725383163e-05
450	-0.2157577868882093	-0.2157970076126503	3.9220724441013655e-05	3.9220724441013655e-05	0.00018178126966668931
451	0.22566969569585796	0.22775224466897726	-0.002082548973119297	0.002082548973119297	0.009228305850715608
452	0.09101361894751765	0.09230324064901652	-0.0012896217014988637	0.0012896217014988637	0.01416954645263051
453	0.18001171435569258	0.17798132033419733	0.002030394021495241	0.002030394021495241	0.011279232736394596
454	0.6827574308680696	0.68300135581012	-0.00024392494205038862	0.00024392494205038862	0.00035726442660647165
455	-0.8527995801851043	-0.8530638462644902	0.00026426607938589974	0.00026426607938589974	0.0003098806396322797
456	0.7273885544519216	0.7263309371268178	0.001057617325103788	0.001057617325103788	0.0014539922557630697
457	-0.2788387661841561	-0.2784362087027148	-0.0004025574814413013	0.0004025574814413013	0.0014436926649411313
458	0.6873090602319473	0.6868907622390452	0.0004182979929020503	0.0004182979929020503	0.0006086024717335846
459	-0.13584317361355713	-0.13580257501644155	-4.0598597115582e-05	4.0598597115582e-05	0.0002988637267197228
460	0.27840081874080885	0.2782445851465809	0.00015623359422795025	0.00015623359422795025	0.0005611822369437919
461	-0.02684897451798804	-0.03048707043262766	0.003638095914639622	0.003638095914639622	0.13550222978543194
462	0.04629011779222894	0.046949375501981194	-0.0006592577097522534	0.0006592577097522534	0.014241867188830696
463	-0.38803754122468814	-0.38462726354282495	-0.003410277681863194	0.003410277681863194	0.008788525128522337
464	0.8145674071964865	0.8180008890832369	-0.0034334818867504113	0.0034334818867504113	0.004215098537477085
465	0.365773258455904	0.36237466964905707	0.0033985888068469583	0.0033985888068469583	0.009291517978088266
466	-0.586310406171568	-0.5864782608000496	0.0001678546284815674	0.0001678546284815674	0.00028628969691602105
467	-0.9069921992423426	-0.9072055313481542	0.00021333210581153672	0.00021333210581153672	0.00023520831379778573
468	-0.06503364812979714	-0.06507187532633907	3.8227196541923414e-05	3.8227196541923414e-05	0.0005878064300749024
469	0.4470817778338617	0.4472608675172296	-0.00017908968336788345	0.00017908968336788345	0.00040057477680164867
470	0.03486393966716339	0.03455917025974031	0.0003047694074230778	0.0003047694074230778	0.008741680095038855
471	-0.25625273321014824	-0.25608845119506896	-0.00016428201507928675	0.00016428201507928675	0.0006410937086261711
472	0.028492320503740867	0.02885410022201995	-0.0003617797182790851	0.0003617797182790851	0.01269744660606305
473	-0.31715043970819484	-0.3178060652686554	0.0006556255604605599	0.0006556255604605599	0.002067238377672724
474	2.2452833655175737	2.245198612314425	8.4753203148491e-05	8.4753203148491e-05	3.7747219103880916e-05
475	0.21200931996778818	0.21213141874909525	-0.00012209878130706175	0.00012209878130706175	0.0005759123293523744
476	-0.5072846956424727	-0.5070210752649018	-0.0002636203775708834	0.0002636203775708834	0.0005196694870461447
477	-0.5776698409771028	-0.5772870013487363	-0.00038283962836649366	0.00038283962836649366	0.0006627308562948993
478	-0.3877522862345184	-0.3875694417416753	-0.000182844492843115	0.000182844492843115	0.00047154974795565204
479	0.4630958127339179	0.46296524060096544	0.00013057213295247783	0.00013057213295247783	0.0002819548986669438
480	-1.6365121209674247	-1.6364784039666347	-3.371700079002338e-05	3.371700079002338e-05	2.060296429096508e-05
481	0.6356850084539679	0.6356114805043944	7.352794957349307e-05	7.352794957349307e-05	0.00011566727010334628
482	-0.1748117720977569	-0.17464293541991083	-0.0001688366778460626	0.0001688366778460626	0.0009658198405062049
483	0.6494293333960659	0.6491795191863048	0.00024981420976111224	0.00024981420976111224	0.00038466727157942935
484	-0.6845540843455755	-0.684384777230207	-0.00016930711536855547	0.00016930711536855547	0.0002473246734484256
485	0.05588037888046341	0.055871387743877676	8.991136585735637e-06	8.991136585735637e-06	0.00016089970694309428
486	-1.104500032210102	-1.1041690697624063	-0.00033096244769570404	0.00033096244769570404	0.00029964910642279384
487	0.20899399664981427	0.20912570511200101	-0.00013170846218674148	0.00013170846218674148	0.0006302021316307438
488	0.4987243506836465	0.4985377451447448	0.0001866055389017074	0.0001866055389017074	0.00037416568620704066
489	0.19609204407256342	0.19633419508124916	-0.00024215100868574257	0.00024215100868574257	0.001234884412730866
490	0.08384043159459655	0.0830977787984466	0.000742652796149948	0.000742652796149948	0.008857931454134015
491	-0.6073665315304565	-0.6077780055449011	0.00041147401444463494	0.00041147401444463494	0.0006774723220388734
492	0.8841061328731077	0.8833052904293481	0.0008008424437595529	0.0008008424437595529	0.0009058216134719368
493	-0.1762390397735764	-0.17590790369581555	-0.00033113607776086296	0.00033113607776086296	0.0018789030976694547
494	0.42285348498194436	0.42267114021399266	0.00018234476795170318	0.00018234476795170318	0.0004312244652766412
495	-1.163699213908695	-1.163796251219651	9.703731095589418e-05	9.703731095589418e-05	8.338693521151406e-05
496	0.25590841531917286	0.25434108160027336	0.0015673337188994996	0.0015673337188994996	0.006124588427249246
497	0.27624785246900263	0.27817482470027244	-0.0019269722312698079	0.0019269722312698079	0.006975519317334895
498	0.05131010517979484	0.051536405749175174	-0.00022630056938033327	0.00022630056938033327	0.004410448362702774
499	-1.3317942568753705	-1.3321164577035915	0.0003222008282210975	0.0003222008282210975	0.00024192988260592053
500	0.49367906700221453	0.4946807488011018	-0.0010016817988872662	0.0010016817988872662	0.002029014122413201
501	-0.7227343446492839	-0.7223412227688186	-0.00039312188046525254	0.00039312188046525254	0.0005439369020937008
502	0.20788448480509852	0.208148639586625	-0.0002641547815264711	0.0002641547815264711	0.0012706805982857672
503	-0.6240092596699904	-0.6243413142357213	0.0003320545657308216	0.0003320545657308216	0.0005321308307290662
504	-0.14478706687945075	-0.14473050151764255	-5.656536180820293e-05	5.656536180820293e-05	0.0003906796582549674
505	1.0975830927369494	1.0976096698982474	-2.6577161297947072e-05	2.6577161297947072e-05	2.4214259014936055e-05
506	0.39540144831915536	0.39489445926221833	0.0005069890569370239	0.0005069890569370239	0.0012822134544327683
507	0.5366995724008548	0.5366443294576584	5.5242943196365246e-05	5.5242943196365246e-05	0.00010293085002703324
508	1.6990370312929468	1.6988981367944689	0.00013889449847792612	0.00013889449847792612	8.174895303619668e-05
509	-0.12242691782343941	-0.1217383264986438	-0.0006885913247956094	0.0006885913247956094	0.0056245091932206935
510	2.428297353796925	2.4280769800384405	0.00022037375848427132	0.00022037375848427132	9.075237764423347e-05
511	-1.492028466895585	-1.4919959803307847	-3.2486564800260354e-05	3.2486564800260354e-05	2.1773421567387444e-05
512	-0.3167276552104451	-0.316596391286339	-0.00013126392410611754	0.00013126392410611754	0.00041443783625051976
513	-0.7056033357766411	-0.7056189969176785	1.5661141037348614e-05	1.5661141037348614e-05	2.2195389737083315e-05
514	-0.20302019011602881	-0.20298454562350798	-3.564449252083102e-05	3.564449252083102e-05	0.00017557117102717567
515	0.5773335132709783	0.577270402871477	6.311039950124275e-05	6.311039950124275e-05	0.00010931359093235446
516	-1.7017730131064042	-1.7018459710556044	7.295794920025855e-05	7.295794920025855e-05	4.2871727685398914e-05
517	1.1583642280050404	1.1538924246821125	0.0044718033229278475	0.0044718033229278475	0.0038604466667874256
518	2.4229251246510755	2.423179715080437	-0.00025459042936137877	0.00025459042936137877	0.00010507564875660045
519	-0.7212515309158973	-0.7215738106509662	0.00032227973506882	0.00032227973506882	0.0004468340395195639
520	-0.24516064471533325	-0.24375203018678349	-0.001408614528549762	0.001408614528549762	0.0057456796550089265
521	-2.190289178276549	-2.192002743527155	0.0017135652506059529	0.0017135652506059529	0.0007823465812648031
522	0.8766806469981254	0.874892725263976	0.0017879217341494336	0.0017879217341494336	0.002039421926640587
523	-0.9269847490262721	-0.9272395456036975	0.00025479657742533135	0.00025479657742533135	0.00027486598640697813
524	-0.07935050494124815	-0.07932419974565619	-2.6305195591963537e-05	2.6305195591963537e-05	0.00033150634153418615
525	0.4197191662850774	0.41984631607761	-0.0001271497925326437	0.0001271497925326437	0.00030294016272366817
526	-0.0733933523468897	-0.07349962393732312	0.0001062715904334155	0.0001062715904334155	0.0014479729707825386
527	0.6801795954659826	0.6801949029124899	-1.530744650724003e-05	1.530744650724003e-05	2.2505006926520764e-05
528	-0.5526503534602321	-0.5530669070452632	0.00041655358503112083	0.00041655358503112083	0.0007537380233686858
529	-0.04919224663525611	-0.04973230176119614	0.0005400551259400338	0.0005400551259400338	0.010978460283474349
530	0.0619688628556985	0.06176298572313499	0.00020587713256350892	0.00020587713256350892	0.0033222673948837354
531	0.4282388198482265	0.4282465031621996	-7.683313973105843e-06	7.683313973105843e-06	1.794165689095844e-05
532	0.3656716060788596	0.3656595995948919	1.2006483967708093e-05	1.2006483967708093e-05	3.283406140404243e-05
533	-0.04206127203467137	-0.042342414232621195	0.00028114219794982825	0.00028114219794982825	0.006684110687809941
534	-0.35103571444343395	-0.3512772843947687	0.00024156995133473025	0.00024156995133473025	0.0006881634585749733
535	0.8847985981075122	0.884699204931394	9.939317611817877e-05	9.939317611817877e-05	0.00011233423779238569
536	0.39570753308454887	0.39557411624002725	0.00013341684452161662	0.00013341684452161662	0.0003371602341801011
537	-1.0076481875821857	-1.008491920899246	0.0008437333170603356	0.0008437333170603356	0.0008373292657676906
538	-1.3360590874120162	-1.3358492587087767	-0.00020982870323948966	0.00020982870323948966	0.00015705046671695764
539	-0.6566029974168232	-0.6562237474980748	-0.0003792499187483811	0.0003792499187483811	0.0005775939498302756
540	1.4514818518030015	1.4513959399380383	8.591186496320624e-05	8.591186496320624e-05	5.918907277861466e-05
541	0.3449844003960137	0.34498377783620526	6.225598084275141e-07	6.225598084275141e-07	1.804602781206532e-06
542	0.3608096101781889	0.36082199544296145	-1.2385264772540872e-05	1.2385264772540872e-05	3.432631621542537e-05
543	-0.5463807382336386	-0.5463131899006157	-6.754833302291541e-05	6.754833302291541e-05	0.00012362868654793423
544	0.06418949503171699	0.06367098157511464	0.0005185134566023514	0.0005185134566023514	0.008077855361631154
545	-0.9462165780858302	-0.9462039630250274	-1.2615060802745326e-05	1.2615060802745326e-05	1.3332107146405366e-05
546	-0.4706320455382883	-0.47011108115668776	-0.0005209643816005416	0.0005209643816005416	0.0011069462577812468
547	0.11085030941544509	0.11096250801756469	-0.00011219860211959809	0.00011219860211959809	0.0010121631839483628
548	0.11429328846921588	0.11444340866262337	-0.00015012019340748806	0.00015012019340748806	0.001313464643620976
549	0.09925938212027241	0.10135982383019382	-0.002100441709921408	0.002100441709921408	0.021161140287739313
550	-0.4120002967862012	-0.4118608498515641	-0.00013944693463707747	0.00013944693463707747	0.0003384631897715367
551	0.7111963407703086	0.7113376493776968	-0.00014130860738825746	0.00014130860738825746	0.00019869141513749038
552	0.04502231160777394	0.04532235865895018	-0.00030004705117624153	0.00030004705117624153	0.006664407944891769
553	-0.9104416243498519	-0.9112533953725688	0.0008117710227169006	0.0008117710227169006	0.0008916233627791214
554	-1.3435485638453772	-1.3438599284398833	0.00031136459450609166	0.00031136459450609166	0.00023174792700826047
555	1.0096775454119045	1.009544013797381	0.0001335316145234522	0.0001335316145234522	0.00013225174228171738
556	0.06553730769230556	0.06524558233422795	0.0002917253580776158	0.0002917253580776158	0.004451286882995744
557	0.4977193956811097	0.4978126548706996	-9.325918958991153e-05	9.325918958991153e-05	0.00018737302664745452
558	-1.3101373477151776	-1.3100817799767128	-5.5567738464823435e-05	5.5567738464823435e-05	4.241367407908121e-05
559	0.6834242008465694	0.6831317034396989	0.00029249740687053993	0.00029249740687053993	0.0004279880731589814
560	0.7882576946574134	0.7880330371534683	0.00022465750394506934	0.00022465750394506934	0.0002850051518275483
561	-0.196544180953779	-0.19624463079992438	-0.000299550153854633	0.000299550153854633	0.0015240855893112284
562	0.43135389695644255	0.4314690696105572	-0.00011517265411464805	0.00011517265411464805	0.0002670026976162406
563	0.374510815761552	0.3744891533159489	2.1662445603087832e-05	2.1662445603087832e-05	5.784197596279873e-05
564	-1.1669061745383633	-1.1666463820176887	-0.000259792520674651	0.000259792520674651	0.00022263359843598978
565	0.0923105833911747	0.09245624629272697	-0.00014566290155226813	0.00014566290155226813	0.0015779653448295089
566	0.08075465016009903	0.08049015650613	0.00026449365396902236	0.00026449365396902236	0.0032752745934092227
567	0.4068155409213245	0.406943831933404	-0.00012829101207950666	0.00012829101207950666	0.00031535425561413674
568	-0.7328357253376641	-0.7332117886988954	0.0003760633612313047	0.0003760633612313047	0.0005131618836650306
569	0.05005092418991575	0.050401008550693405	-0.0003500843607776513	0.0003500843607776513	0.006994563366088377
570	0.5702889144215193	0.572198369184207	-0.001909454762687668	0.001909454762687668	0.0033482235309177464
571	-0.8739164729675283	-0.8739699881203933	5.351515286500241e-05	5.351515286500241e-05	6.123600426398056e-05
572	-0.8026224425159383	-0.8026651379111627	4.2695395224390253e-05	4.2695395224390253e-05	5.3194868424754294e-05
573	0.7466660674162642	0.7470477547144583	-0.00038168729819409997	0.00038168729819409997	0.0005111887560591533
574	0.3227405081834435	0.3226388006396519	0.00010170754379162927	0.00010170754379162927	0.0003151372115142714
575	0.7882169232480808	0.7878251721962215	0.0003917510518592904	0.0003917510518592904	0.0004970091865637246
576	-0.5263804515924034	-0.5264127506876548	3.2299095251375753e-05	3.2299095251375753e-05	6.136074231796545e-05
577	1.1219810305459632	1.1220228187767134	-4.1788230750183786e-05	4.1788230750183786e-05	3.724504212860833e-05
578	-0.1612966839389037	-0.16099898910226784	-0.00029769483663585894	0.00029769483663585894	0.001845635194512867
579	0.039736052980250076	0.039517605017636015	0.00021844796261406146	0.00021844796261406146	0.0054974751197014
580	-0.1374760836235266	-0.1369943665139317	-0.00048171710959488134	0.00048171710959488134	0.003504006638085841
581	-0.6371187798700605	-0.6369577502169932	-0.00016102965306730166	0.00016102965306730166	0.0002527466748039407
582	0.35641613422222157	0.35587448756757567	0.0005416466546458998	0.0005416466546458998	0.0015197029613372918
583	-0.04038842976009825	-0.04037251346744597	-1.5916292652282116e-05	1.5916292652282116e-05	0.0003940805014411978
584	1.3501926875925232	1.350093607285885	9.908030663829948e-05	9.908030663829948e-05	7.338234575612002e-05
585	-0.6342214707627445	-0.6340557071240482	-0.000165763638696248	0.000165763638696248	0.00026136554238205285
586	0.8488543201487894	0.8492135492730313	-0.000359229124241911	0.000359229124241911	0.00042319290332285095
587	-0.8742130363182523	-0.8737860093646077	-0.00042702695364460475	0.00042702695364460475	0.0004884701278798456
588	0.3163543764980613	0.316322487378784	3.188911927731741e-05	3.188911927731741e-05	0.00010080189068448951
589	-2.217990919261525	-2.218549467912112	0.0005585486505870207	0.0005585486505870207	0.0002518263919551971
590	-0.1807697761770168	-0.18105263815471062	0.00028286197769381016	0.00028286197769381016	0.001564763666116512
591	-2.0010735259698036	-2.0009073065523353	-0.00016621941746830515	0.00016621941746830515	8.30651224510845e-05
592	1.396107453108681	1.3980004879954322	-0.0018930348867511881	0.0018930348867511881	0.0013559378130501417
593	-1.3246504972712605	-1.3265532397070956	0.001902742435835103	0.001902742435835103	0.0014364109172605862
594	1.053288199570553	1.0517234813960386	0.0015647181745144234	0.0015647181745144234	0.001485555591672242
595	0.6762263099607118	0.6759558255566844	0.0002704844040273269	0.0002704844040273269	0.00039999094983902923
596	1.5200819262544134	1.5198766677002595	0.0002052585541538754	0.0002052585541538754	0.00013503124444065104
597	0.4138038584693897	0.4137809605708753	2.289789851439572e-05	2.289789851439572e-05	5.5335149843919456e-05
598	0.09969700180407787	0.10080014128277526	-0.0011031394786973903	0.0011031394786973903	0.011064921298889743
599	1.2005238400218776	1.2001154686345217	0.0004083713873559436	0.0004083713873559436	0.00034016099784282643
600	0.6154358446859562	0.6157275532530093	-0.0002917085670530728	0.0002917085670530728	0.0004739869631771699
601	-0.37349966828070774	-0.3735927997752242	9.313149451645186e-05	9.313149451645186e-05	0.00024934826567625724
602	-0.585012208017194	-0.5848028269070937	-0.00020938111010027072	0.00020938111010027072	0.0003579089585325659
603	0.26018004973593534	0.2601817903240544	-1.7405881190812877e-06	1.7405881190812877e-06	6.6899369142555845e-06
604	-0.4548705013448688	-0.4550039469108924	0.00013344556602362667	0.00013344556602362667	0.0002933704551714871
605	-0.40027858901277624	-0.4003972355519636	0.00011864653918736145	0.00011864653918736145	0.0002964099066102545
606	-0.6048944524356805	-0.6047965314621706	-9.792097350991291e-05	9.792097350991291e-05	0.00016188109035489132
607	0.8161969652625476	0.8164274024125007	-0.00023043714995307774	0.00023043714995307774	0.0002823303194700713
608	0.2683712334767258	0.2683610390903368	1.019438638899528e-05	1.019438638899528e-05	3.798613680359068e-05
609	-1.5862055394177417	-1.5859427401636594	-0.0002627992540822355	0.0002627992540822355	0.00016567793236852698
610	-0.685022206784506	-0.6853587090347446	0.0003365022502386239	0.0003365022502386239	0.000491228235969408
611	-0.43995533744703985	-0.44000253063813943	4.719319109958153e-05	4.719319109958153e-05	0.00010726814083773326
612	1.5363559895986374	1.5365538684335434	-0.00019787883490596236	0.00019787883490596236	0.00012879751583983923
613	-0.5863524846028964	-0.587910001200953	0.0015575165980566963	0.0015575165980566963	0.0026562803756370454
614	0.6301097653013624	0.62978877082287	0.00032099447849243123	0.00032099447849243123	0.0005094262875594529
615	0.34696491103404403	0.3470489788952591	-8.406786121506471e-05	8.406786121506471e-05	0.00024229499451261806
616	0.09261838913842986	0.09264464563329966	-2.6256494869800195e-05	2.6256494869800195e-05	0.00028349116319175614
617	0.09462226609993847	0.0955624861802562	-0.0009402200803177302	0.0009402200803177302	0.009936562704223183
618	-0.9225810099617997	-0.9222441792928748	-0.0003368306689248701	0.0003368306689248701	0.00036509603524011066
619	-0.20301653446372023	-0.20273822889294024	-0.0002783055707799853	0.0002783055707799853	0.0013708517462143925
620	-0.026569953330074884	-0.026692227834246296	0.00012227450417141156	0.00012227450417141156	0.004601984153017213
621	-0.2288161213996448	-0.22877187761594087	-4.424378370393445e-05	4.424378370393445e-05	0.00019335955628169794
622	0.20271767244636443	0.2029615963863307	-0.00024392393996627848	0.00024392393996627848	0.001203269241515273
623	-0.2796619877485471	-0.27980258417414916	0.00014059642560204644	0.00014059642560204644	0.0005027369887982814
624	0.8826042439321071	0.8822883933277126	0.0003158506043945408	0.0003158506043945408	0.00035786209568559147
625	0.3464565219843288	0.346785545474404	-0.0003290234900751865	0.0003290234900751865	0.000949681905800778
626	-0.14728456180576482	-0.1474998326500554	0.00021527084429057153	0.00021527084429057153	0.001461598158362757
627	-1.1999305028207994	-1.2002292510828738	0.00029874826207443306	0.00029874826207443306	0.0002489713040648062
628	-0.20592199038294226	-0.20619171506552902	0.00026972468258676385	0.00026972468258676385	0.0013098391390116767
629	0.9621543704658712	0.9625275027360658	-0.0003731322701946427	0.0003731322701946427	0.0003878091516790321
630	1.0224642759502773	1.0224478384230906	1.643752718671898e-05	1.643752718671898e-05	1.6076382885301257e-05
631	-0.5448202990177649	-0.5433100183722672	-0.0015102806454976303	0.0015102806454976303	0.0027720711732298815
632	-0.8864297355143099	-0.8867394895304415	0.00030975401613153597	0.00030975401613153597	0.00034944001055178445
633	-0.2618678718058943	-0.2635234199175329	0.001655548111638594	0.001655548111638594	0.006322074182760933
634	2.67654888258052	2.677120547730283	-0.0005716651497627012	0.0005716651497627012	0.00021358292892881752
635	-3.055537512065788	-3.0553873924503705	-0.00015011961541766539	0.00015011961541766539	4.913034607654759e-05
636	1.6091330462412377	1.6093915042887375	-0.00025845804749979884	0.00025845804749979884	0.00016061943920891384
637	0.598677545167819	0.5993000548158989	-0.0006225096480798609	0.0006225096480798609	0.0010398079117955915
638	0.6949012860917049	0.6948842878813366	1.699821036826865e-05	1.699821036826865e-05	2.4461330995472396e-05
639	-0.2740416433004778	-0.27357990286702716	-0.0004617404334506525	0.0004617404334506525	0.0016849279835341269
640	-1.9000349656612348	-1.9000237083730553	-1.1257288179411518e-05	1.1257288179411518e-05	5.924779481883823e-06
641	0.5895427295269134	0.589261289135834	0.0002814403910794683	0.0002814403910794683	0.0004773876039575858
642	0.24810569161697665	0.24755473897641878	0.000550952640557878	0.000550952640557878	0.00222063684620518
643	-1.1533632872508992	-1.1499370297940459	-0.003426257456853321	0.003426257456853321	0.0029706663067280235
644	-0.23921876625383356	-0.2387007367588012	-0.0005180294950323516	0.0005180294950323516	0.0021655052533908386
645	-0.9555414351365983	-0.956034681863116	0.0004932467265177376	0.0004932467265177376	0.0005161960626513555
646	0.3054017687845201	0.30558156146298643	-0.0001797926784663506	0.0001797926784663506	0.0005887087006139952
647	0.21812328371443215	0.2178537253456625	0.0002695583687696568	0.0002695583687696568	0.0012358074029481586
648	0.35356596793542133	0.35334751080995375	0.000218457125467586	0.000218457125467586	0.0006178680791684314
649	0.402719305207461	0.4023365363252651	0.0003827688821959052	0.0003827688821959052	0.0009504607235024943
650	0.4109823751712166	0.4107838395697172	0.00019853560149940552	0.00019853560149940552	0.0004830757071193015
651	0.4309194971089843	0.4305357679328381	0.00038372917614620805	0.00038372917614620805	0.000890489241541927
652	0.6763107705949299	0.6761565813633297	0.00015418923160026576	0.00015418923160026576	0.0002279857697144616
653	2.4065326737843753	2.4059618853442544	0.0005707884401209284	0.0005707884401209284	0.00023718291728960374
654	-0.2342849341374078	-0.23428251984114468	-2.414296263131277e-06	2.414296263131277e-06	1.0304957388831905e-05
655	-1.0141038031316345	-1.0143289638904207	0.00022516075878620256	0.00022516075878620256	0.00022202930123216966
656	-0.9652893059507514	-0.9653891562919625	9.985034121118286e-05	9.985034121118286e-05	0.0001034408447246148
657	0.7825386218546534	0.7825488744686027	-1.0252613949268685e-05	1.0252613949268685e-05	1.3101735381404572e-05
658	0.44418699118956106	0.4442163192521775	-2.9328062616462702e-05	2.9328062616462702e-05	6.602638798115245e-05
659	-1.0955842864602074	-1.0956101991439482	2.591268374074751e-05	2.591268374074751e-05	2.3651930810791784e-05
660	-0.3403680935521102	-0.3403750187374044	6.925185294215375e-06	6.925185294215375e-06	2.0346164712278276e-05
661	-1.3700788120693925	-1.3702913098683212	0.00021249779892862364	0.00021249779892862364	0.0001550989600427898
662	1.829794013135031	1.8300730815070665	-0.00027906837203550694	0.00027906837203550694	0.0001525135452582295
663	-1.1618836343073786	-1.16156609965401	-0.00031753465336858966	0.00031753465336858966	0.00027329299078894266
664	0.002833272381828864	0.0028027680798459187	3.050430198294537e-05	3.050430198294537e-05	0.010766455840456463
665	-0.35951353907060196	-0.35929039935922447	-0.00022313971137749578	0.00022313971137749578	0.0006206712324502337
666	0.006722343047088962	0.006698405144334174	2.3937902754787507e-05	2.3937902754787507e-05	0.0035609463228975734
667	0.8382391415518278	0.8379144672971961	0.0003246742546316739	0.0003246742546316739	0.0003873289119267398
668	-1.2574427942203306	-1.2575720396625911	0.00012924544226056156	0.00012924544226056156	0.00010278435158610884
669	0.7798527590574102	0.7796647643516508	0.00018799470575947552	0.00018799470575947552	0.00024106435936278577
670	1.9990809299800778	1.9993212093680768	-0.0002402793879989762	0.0002402793879989762	0.00012019492777682129
671	0.7157727130834964	0.7157119061389494	6.0806944547020514e-05	6.0806944547020514e-05	8.49528676289833e-05
672	-1.6688765976844602	-1.6694345189449677	0.0005579212605075767	0.0005579212605075767	0.0003343094757765096
673	-0.73174901271648	-0.7315093000244133	-0.00023971269206668477	0.00023971269206668477	0.00032758867849619187
674	0.15833576183099662	0.1581896004410055	0.0001461613899911285	0.0001461613899911285	0.0009231104098083494
675	0.3995305988908561	0.39915196374806783	0.00037863514278829724	0.00037863514278829724	0.0009476999855316036
676	-1.152586405981071	-1.1528601131658434	0.00027370718477226497	0.00027370718477226497	0.00023747216117761506
677	-0.49021464389004965	-0.4900930495210787	-0.00012159436897096754	0.00012159436897096754	0.0002480431184308724
678	1.0300993008648582	1.0302826642032414	-0.0001833633383832023	0.0001833633383832023	0.00017800549736248997
679	-1.0599658147391644	-1.0600698732758929	0.00010405853672845744	0.00010405853672845744	9.817159693406158e-05
680	0.08847757152136543	0.08880141275824371	-0.00032384123687828614	0.00032384123687828614	0.00366015060438323
681	1.009947194189363	1.0098617905924812	8.540359688180565e-05	8.540359688180565e-05	8.456243789097815e-05
682	1.079866902607057	1.0798831355032235	-1.623289616636825e-05	1.623289616636825e-05	1.5032311970279072e-05
683	-0.6305639907327314	-0.6309031086999539	0.0003391179672225242	0.0003391179672225242	0.0005378010355911071
684	-0.17298849156693386	-0.17287204506999387	-0.00011644649693998144	0.00011644649693998144	0.0006731459178885619
685	0.1027822064032784	0.10234414669696434	0.00043805970631405344	0.00043805970631405344	0.004262018900385085
686	-0.20623518558862103	-0.20619415400346952	-4.103158515150751e-05	4.103158515150751e-05	0.00019895530936875894
687	-0.8591751923363293	-0.8592765362323007	0.00010134389597138416	0.00010134389597138416	0.00011795486750007614
688	0.942596585617362	0.9422246103412135	0.00037197527614851733	0.00037197527614851733	0.0003946282872485569
689	0.44330511353959906	0.443533572692445	-0.00022845915284591678	0.00022845915284591678	0.0005153542015831253
690	0.9768093095628352	0.9762658014835779	0.0005435080792572933	0.0005435080792572933	0.0005564116495782958
691	-0.46885065189487213	-0.4690578250006183	0.00020717310574619452	0.00020717310574619452	0.0004418744111987453
692	-0.8646687391356976	-0.8649275545309365	0.000258815395238865	0.000258815395238865	0.00029932317837414905
693	-0.4346332048564984	-0.434466464326988	-0.00016674052951043405	0.00016674052951043405	0.0003836350459360009
694	-0.5231909941750226	-0.5232893836080166	9.838943299400604e-05	9.838943299400604e-05	0.0001880564346279476
695	0.2266454719128549	0.22675174515995877	-0.00010627324710388297	0.00010627324710388297	0.00046889640550482737
696	-0.28354875058613976	-0.2836017505245536	5.299993841384465e-05	5.299993841384465e-05	0.0001869164942687473
697	1.1576348428120966	1.1572590378108316	0.00037580500126499494	0.00037580500126499494	0.0003246317295979958
698	-2.2259738235667887	-2.225656278767474	-0.000317544799314895	0.000317544799314895	0.0001426543277162519
699	0.3520496235607605	0.3523511815757274	-0.00030155801496689616	0.00030155801496689616	0.0008565781491734787
700	-0.36644532622414266	-0.3629514869345485	-0.0034938392895941806	0.0034938392895941806	0.009534408108283834
701	1.259097781399882	1.2558193351424052	0.0032784462574768636	0.0032784462574768636	0.0026038059203248236
702	-1.0702875863029364	-1.0734680973598643	0.0031805110569278483	0.0031805110569278483	0.002971641545347822
703	-0.3735345282040693	-0.3739135517548675	0.0003790235507982187	0.0003790235507982187	0.0010146948198351041
704	1.0908451660452265	1.0909282818118982	-8.311576667163756e-05	8.311576667163756e-05	7.619391757765884e-05
705	1.4223178321127654	1.4220964635853761	0.00022136852738929846	0.00022136852738929846	0.0001556392828601953
706	1.5595378660784633	1.5591503527190298	0.0003875133594335445	0.0003875133594335445	0.00024847960916009456
707	-0.45772951425452046	-0.45791230506608827	0.0001827908115678012	0.0001827908115678012	0.00039934241921345796
708	-1.470687037765034	-1.4709346256012168	0.00024758783618272773	0.00024758783618272773	0.00016834841800127695
709	-1.5899053653652864	-1.5897184491677763	-0.0001869161975101008	0.0001869161975101008	0.00011756435419485243
710	0.9630704672988641	0.9628465580107104	0.00022390928815374522	0.00022390928815374522	0.0002324952282897288
711	1.4027106569011798	1.4028288376835008	-0.00011818078232095353	0.00011818078232095353	8.42517177291819e-05
712	0.21193647714954467	0.21369415651406598	-0.001757679364521314	0.001757679364521314	0.008293425408223034
713	-0.3599896230837383	-0.35846284059459776	-0.0015267824891405102	0.0015267824891405102	0.004241184720997807
714	-0.37621018595879874	-0.3777316038195977	0.001521417860798957	0.001521417860798957	0.004044063445335788
715	0.2906793173034716	0.2836337544493972	0.007045562854074372	0.007045562854074372	0.024238266827628287
716	-1.2891413169507935	-1.2892714108687642	0.00013009391797069725	0.00013009391797069725	0.00010091517218485282
717	-2.501862085813077	-2.5014616372232013	-0.00040044858987586807	0.00040044858987586807	0.00016006021760617023
718	0.26122982206817935	0.261046778717855	0.00018304335032437447	0.00018304335032437447	0.0007006985223785104
719	0.9749084758169065	0.9749272867338732	-1.8810916966649494e-05	1.8810916966649494e-05	1.9295059416615732e-05
720	2.499863772304056	2.500126208374809	-0.000262436070752603	0.000262436070752603	0.00010498014878255659
721	-0.6751888077331891	-0.6751721754199025	-1.663231328663528e-05	1.663231328663528e-05	2.4633573744320397e-05
722	0.18976707975299287	0.1900836377330961	-0.00031655798010324365	0.00031655798010324365	0.0016681395978442944
723	0.0807912541102585	0.08116361804866301	-0.00037236393840450743	0.00037236393840450743	0.004608963463994878
724	0.020825080301752265	0.021082983977294134	-0.00025790367554186927	0.00025790367554186927	0.012384282403951582
725	0.7442563909009186	0.7443087639984469	-5.237309752836872e-05	5.237309752836872e-05	7.0369698088815e-05
726	0.2720250831755826	0.27251616677403945	-0.0004910835984568429	0.0004910835984568429	0.001805287926848517
727	-0.14886980501034494	-0.14885566851319254	-1.4136497152400507e-05	1.4136497152400507e-05	9.495879403763687e-05
728	-0.1189702564020732	-0.11862672641882455	-0.00034352998324865824	0.00034352998324865824	0.002887528308652715
729	0.26180211340325743	0.26194169755910934	-0.00013958415585191286	0.00013958415585191286	0.0005331666503276444
730	0.2962253028074116	0.2963513450993105	-0.00012604229189888683	0.00012604229189888683	0.0004254946849723778
731	-0.5694136615741423	-0.5661820605951107	-0.0032316009790316347	0.0032316009790316347	0.005675313391845717
732	-0.8625328285684815	-0.8624403671575465	-9.246141093499638e-05	9.246141093499638e-05	0.00010719755570167882
733	0.1659654467206192	0.16618135936141698	-0.0002159126407977885	0.0002159126407977885	0.0013009493546042074
734	-0.2334276846294361	-0.23280450484719495	-0.0006231797822411622	0.0006231797822411622	0.002669690971876165
735	-0.48563883605332314	-0.4858978875859066	0.00025905153258343194	0.00025905153258343194	0.0005334242514224873
736	-0.2204695977913949	-0.2206197875835869	0.00015018979219200146	0.00015018979219200146	0.0006812267709315133
737	0.08805704561386908	0.08821809329617736	-0.00016104768230827682	0.00016104768230827682	0.0018289017214417154
738	0.7728749140498694	0.7734939868129231	-0.0006190727630537296	0.0006190727630537296	0.0008009999442339051
739	0.4718978170932851	0.4721481110152581	-0.0002502939219730105	0.0002502939219730105	0.0005303985585581384
740	0.306935589711486	0.3071406540584576	-0.00020506434697159515	0.00020506434697159515	0.0006681022137717949
741	-0.08115944788363731	-0.08140347000562542	0.00024402212198811057	0.00024402212198811057	0.003006700123662476
742	0.7412759241062888	0.7413823605020298	-0.00010643639574092756	0.00010643639574092756	0.00014358539415569368
743	-0.6344645517421358	-0.633802314297327	-0.0006622374448087553	0.0006622374448087553	0.0010437737506222527
744	1.1317447893833492	1.1312177253017808	0.0005270640815684402	0.0005270640815684402	0.0004657093070034104
745	-0.20878569560952306	-0.2086151428102312	-0.00017055279929187317	0.00017055279929187317	0.0008168797138806187
746	0.059284188279225825	0.05928205379746032	2.1344817655033488e-06	2.1344817655033488e-06	3.600423363224671e-05
747	-0.619321142885489	-0.6188773359667721	-0.0004438069187169269	0.0004438069187169269	0.0007166022407198615
748	-0.6749603822785075	-0.6711829140471082	-0.00377746823139935	0.00377746823139935	0.005596577711194701
749	0.6064415273892455	0.6081891961713382	-0.0017476687820926484	0.0017476687820926484	0.00288184219444277
750	-0.08704207477442248	-0.08517484813808096	-0.0018672266363415208	0.0018672266363415208	0.021452000554681282
751	-0.16784292852959998	-0.1675772023048694	-0.00026572622473058916	0.00026572622473058916	0.0015831839152146761
752	-2.3564452826601694	-2.3561976598784895	-0.0002476227816798904	0.0002476227816798904	0.0001050831875885322
753	0.5075953721828113	0.5080924835709766	-0.0004971113881653277	0.0004971113881653277	0.0009793457848671881
754	0.7722671734894021	0.7724880088630925	-0.00022083537369044226	0.00022083537369044226	0.0002859572195625285
755	1.1847585032860215	1.1849643350245742	-0.00020583173855270864	0.00020583173855270864	0.0001737330755439341
756	-0.05591165148500582	-0.05583253238228281	-7.911910272301315e-05	7.911910272301315e-05	0.0014150736138464988
757	0.2551955511622611	0.25504614953320015	0.00014940162906096344	0.00014940162906096344	0.0005854397867851909
758	0.8743520021893846	0.8740447058102063	0.0003072963791782568	0.0003072963791782568	0.00035145613941385637
759	-0.33407750117262514	-0.3348325503225169	0.0007550491498917733	0.0007550491498917733	0.0022601017645352385
760	-0.593022826450367	-0.5937304300971391	0.0007076036467721369	0.0007076036467721369	0.0011932148565133856
761	-0.785843145527283	-0.7861983784778204	0.00035523295053740966	0.00035523295053740966	0.0004520405281375285
762	0.034987526246255764	0.034575538634840086	0.0004119876114156776	0.0004119876114156776	0.01177527123569552
763	0.4580419802417718	0.4583366600456884	-0.00029467980391661985	0.00029467980391661985	0.0006433467163011494
764	0.3731995635884236	0.37306906665435235	0.00013049693407124474	0.00013049693407124474	0.0003496706502453495
765	-0.3051778705454101	-0.30464274922792356	-0.0005351213174865643	0.0005351213174865643	0.0017534735285038923
766	-0.07381544541493747	-0.07345894913157736	-0.00035649628336011097	0.00035649628336011097	0.0048295621784322324
767	0.42988954646709104	0.42988335296456626	6.193502524787231e-06	6.193502524787231e-06	1.4407195000870665e-05
768	0.528377203977562	0.5281263890282162	0.0002508149493458678	0.0002508149493458678	0.00047468919449545146
769	0.242014203198813	0.2424484094234458	-0.0004342062246328049	0.0004342062246328049	0.0017941352982333333
770	-0.6474463489142117	-0.6404019334240729	-0.007044415490138789	0.007044415490138789	0.010880307691830373
771	1.443531313044999	1.4436641459809607	-0.0001328329359617797	0.0001328329359617797	9.201943509045233e-05
772	0.5965798676538767	0.5969981610007835	-0.0004182933469067951	0.0004182933469067951	0.0007011523009513962
773	-0.057433580528336296	-0.05684416395013159	-0.0005894165782047087	0.0005894165782047087	0.010262577620664015
774	-0.5975406945616186	-0.5976007914938464	6.009693222774892e-05	6.009693222774892e-05	0.00010057378982671397
775	-0.589138672878613	-0.5891567749642945	1.810208568153726e-05	1.810208568153726e-05	3.072635784218335e-05
776	0.7939601331878087	0.7938645856739868	9.554751382190307e-05	9.554751382190307e-05	0.00012034296160220632
777	-0.7342958272965419	-0.7342594908550382	-3.633644150369264e-05	3.633644150369264e-05	4.9484744639599245e-05
778	0.21824012563482226	0.21804208496689625	0.00019804066792600272	0.00019804066792600272	0.0009074438870942598
779	0.8553871232026267	0.855773602154386	-0.0003864789517593614	0.0003864789517593614	0.0004518175937841551
780	-0.11125999294235484	-0.11200629612062585	0.0007463031782710128	0.0007463031782710128	0.006707740658025043
781	0.08120065595264005	0.08133093969320271	-0.00013028374056266168	0.00013028374056266168	0.001604466602322143
782	0.0033773063253681387	0.003264666048607978	0.00011264027676016058	0.00011264027676016058	0.0333521054676266
783	-0.27376230699182547	-0.27372100258560295	-4.130440622251985e-05	4.130440622251985e-05	0.00015087689271903017
784	-0.636301028676208	-0.6361155322878176	-0.00018549638839038263	0.00018549638839038263	0.0002915230056696568
785	-0.8975954891394464	-0.8975750496347246	-2.0439504721858626e-05	2.0439504721858626e-05	2.2771398663616987e-05
786	0.389912001773954	0.38902093849912944	0.0008910632748245773	0.0008910632748245773	0.0022852932732785143
787	1.5844472249915569	1.5847399319994793	-0.00029270700792238813	0.00029270700792238813	0.0001847376190923291
788	-0.9304271967982108	-0.9304432116579164	1.6014859705593132e-05	1.6014859705593132e-05	1.721237272588712e-05
789	0.907754386980369	0.9080989924825644	-0.0003446055021953942	0.0003446055021953942	0.00037962416611581366
790	0.1404607506536445	0.14006006405509197	0.0004006865985525243	0.0004006865985525243	0.0028526588152768626
791	0.6341090439731393	0.63402956260461	7.948136852931054e-05	7.948136852931054e-05	0.0001253433763242105
792	-0.2511211364063966	-0.2515304372252558	0.000409300818859204	0.000409300818859204	0.0016298939416904384
793	-1.3789638127955013	-1.3789409194799873	-2.2893315513972112e-05	2.2893315513972112e-05	1.6601824719070538e-05
794	0.6085505978321613	0.6089645144982114	-0.00041391666605017363	0.00041391666605017363	0.0006801680378339422
795	-0.5743189531225523	-0.5745678660531439	0.0002489129305915938	0.0002489129305915938	0.00043340539126954247
796	-0.5107313876830373	-0.5109540059038409	0.00022261822080360538	0.00022261822080360538	0.0004358812208772324
797	-0.14747092119949626	-0.14803885095204805	0.0005679297525517935	0.0005679297525517935	0.0038511304325786868
798	1.0928054733150512	1.0936615243082315	-0.0008560509931803129	0.0008560509931803129	0.000783351670616603
799	0.12288034538268733	0.12266023574625251	0.00022010963643481762	0.00022010963643481762	0.0017912517721961822
800	-0.228216929982769	-0.22822798931088073	1.105932811173993e-05	1.105932811173993e-05	4.845971818381283e-05
801	0.037625563953937506	0.03764749824597402	-2.1934292036514258e-05	2.1934292036514258e-05	0.0005829624790040878
802	0.6359658287625742	0.6371364467980811	-0.0011706180355068874	0.0011706180355068874	0.0018406932928843184
803	0.23953926353710342	0.23949536384293424	4.389969416918049e-05	4.389969416918049e-05	0.0001832672169102693
804	-1.8069543718364083	-1.8070260674392102	7.169560280195775e-05	7.169560280195775e-05	3.9677594475777205e-05
805	0.6472227386537951	0.6473967763866995	-0.00017403773290436408	0.00017403773290436408	0.0002688992869230114
806	-0.27409610042423715	-0.2737598017432674	-0.0003362986809697377	0.0003362986809697377	0.0012269371233272761
807	-0.7117233891428264	-0.7119249821840867	0.0002015930412603284	0.0002015930412603284	0.00028324633465133086
808	0.6330717051346819	0.6335192288986491	-0.00044752376396717253	0.00044752376396717253	0.0007069084913089975
809	0.367004173690472	0.3662537017987688	0.0007504718917031861	0.0007504718917031861	0.0020448592836334535
810	0.09492715234819724	0.0948481785627564	7.897378544083344e-05	7.897378544083344e-05	0.0008319409514271945
811	-1.200875124283533	-1.2006300045328544	-0.0002451197506785352	0.0002451197506785352	0.00020411760200693535
812	-0.2612162104319677	-0.2611190625998461	-9.714783212161349e-05	9.714783212161349e-05	0.00037190583218768157
813	0.7189732264071031	0.7190768592124641	-0.00010363280536096475	0.00010363280536096475	0.0001441400062681679
814	-1.7067052809559848	-1.6992942402822564	-0.007411040673728442	0.007411040673728442	0.00434230839760293
815	0.9451865555566819	0.9453318774035324	-0.0001453218468505657	0.0001453218468505657	0.00015374937994645536
816	0.04264614209619986	0.042451407537669184	0.00019473455853067506	0.00019473455853067506	0.004566287803745502
817	0.3738597917171655	0.3737040365052735	0.0001557552118919836	0.0001557552118919836	0.0004166139695755686
818	-0.5342916522535879	-0.5356734525179263	0.0013818002643384286	0.0013818002643384286	0.002586228436304658
819	0.025068228659474272	0.023427841213674583	0.001640387445799689	0.001640387445799689	0.06543691092348967
820	1.2723112888579964	1.2723785488759631	-6.726001796675263e-05	6.726001796675263e-05	5.286443542218666e-05
821	-0.16471065608808533	-0.16465047158931156	-6.0184498773763195e-05	6.0184498773763195e-05	0.0003653952950170827
822	0.07925753131214244	0.07926067097230316	-3.139660160716984e-06	3.139660160716984e-06	3.961339835771519e-05
823	1.7064803608995118	1.7065954067732036	-0.0001150458736918214	0.0001150458736918214	6.741705109994877e-05
824	-2.5615647548300657	-2.561215200628908	-0.0003495542011577868	0.0003495542011577868	0.0001364612003263514
825	0.33629693218538786	0.3366617528115512	-0.00036482062616333133	0.00036482062616333133	0.0010848169913195028
826	0.004516492157346014	0.0061398891091357655	-0.0016233969517897512	0.0016233969517897512	0.3594375668624416
827	1.9502976169947863	1.948605958261851	0.0016916587329354194	0.0016916587329354194	0.0008673849150993151
828	-1.3898241834525955	-1.3901633177795247	0.00033913432692922463	0.00033913432692922463	0.00024401239449348803
829	-1.4503280352616597	-1.4502646081098192	-6.342715184048942e-05	6.342715184048942e-05	4.373296957542868e-05
830	0.8420864689616192	0.842339495534361	-0.0002530265727418435	0.0002530265727418435	0.00030047576118145177
831	0.681986799495693	0.6819419866701537	4.4812825539253254e-05	4.4812825539253254e-05	6.570922717623109e-05
832	1.8218219423193838	1.8217968042506527	2.5138068731056507e-05	2.5138068731056507e-05	1.3798312638090705e-05
833	0.7173330933698268	0.7177438259020619	-0.0004107325322351141	0.0004107325322351141	0.0005725827178913628
834	-1.2269364365874555	-1.226779259056343	-0.00015717753111244015	0.00015717753111244015	0.0001281056837382762
835	-1.7195018750013262	-1.7191646596188548	-0.0003372153824714452	0.0003372153824714452	0.00019611225051510058
836	0.5020621897220423	0.5020990642350398	-3.687451299749789e-05	3.687451299749789e-05	7.344610638357929e-05
837	0.7710712219660706	0.7709198598178091	0.0001513621482615024	0.0001513621482615024	0.00019630112491497289
838	0.006606969637114409	0.0073080800291336345	-0.0007011103920192257	0.0007011103920192257	0.10611678735146048
839	-0.9033405752236311	-0.9035226592999379	0.000182084076306821	0.000182084076306821	0.00020156747222579286
840	0.5870214618453188	0.5868960711978843	0.0001253906474344424	0.0001253906474344424	0.0002136048774780283
841	-0.36219930818330004	-0.3623278869611113	0.00012857877781125016	0.00012857877781125016	0.0003549945428006716
842	0.1099513027089718	0.10941295387567607	0.000538348833295732	0.000538348833295732	0.004896247884581034
843	-0.8745314235435746	-0.8755168772296429	0.0009854536860682828	0.0009854536860682828	0.0011268362228486364
844	0.36613099981134206	0.3664659900692868	-0.0003349902579447561	0.0003349902579447561	0.0009149464484497845
845	0.15135439709943713	0.15160758248100592	-0.00025318538156879344	0.00025318538156879344	0.0016727983224858356
846	0.6190367824277934	0.6193723278329344	-0.0003355454051410245	0.0003355454051410245	0.0005420443738820377
847	-0.08602811239605203	-0.08598240783896927	-4.570455708276244e-05	4.570455708276244e-05	0.0005312746706838113
848	-0.09379381500274042	-0.09373467462125973	-5.914038148069345e-05	5.914038148069345e-05	0.0006305360484480295
849	-0.15206868886155098	-0.15197928090060486	-8.940796094611403e-05	8.940796094611403e-05	0.0005879445769899047
850	-0.3401700516322117	-0.3394032438279737	-0.00076680780423799	0.00076680780423799	0.002254189634151141
851	-1.317801991520949	-1.3217197699901817	0.003917778469232802	0.003917778469232802	0.002972964447193675
852	-1.3682968862807716	-1.368597088998058	0.0003002027172864796	0.0003002027172864796	0.0002193988163654117
853	0.34532310391947485	0.34552253930542065	-0.0001994353859458009	0.0001994353859458009	0.0005775327039580497
854	-0.8444954149248888	-0.8450970461382212	0.0006016312133324542	0.0006016312133324542	0.0007124150145752592
855	0.4832397065325485	0.4837580852239398	-0.0005183786913913191	0.0005183786913913191	0.001072715433735584
856	0.12072422136839529	0.12097207731187609	-0.00024785594348079865	0.00024785594348079865	0.0020530755193231298
857	1.730289998982875	1.7302695957681635	2.0403214711528506e-05	2.0403214711528506e-05	1.1791789077855289e-05
858	1.2335125511566662	1.2331345069185318	0.0003780442381344784	0.0003780442381344784	0.00030647782041616506
859	0.7674631374505333	0.7679011908550137	-0.00043805340448044294	0.00043805340448044294	0.0005707810357323873
860	0.8099352779793118	0.8110538811365586	-0.001118603157246878	0.001118603157246878	0.0013811019073495037
861	-0.7515089282393956	-0.7522384516676084	0.0007295234282127527	0.0007295234282127527	0.0009707448585099985
862	0.1810038213802507	0.17938670917772015	0.0016171122025305518	0.0016171122025305518	0.008934132938184446
863	-0.21337582324991175	-0.21292674487938257	-0.0004490783705291823	0.0004490783705291823	0.0021046356784442683
864	0.16406359358329645	0.16364617039243967	0.00041742319085677493	0.00041742319085677493	0.002544276775486121
865	-0.7478395808531757	-0.7480111242017529	0.00017154334857716336	0.00017154334857716336	0.00022938522240486048
866	-0.5880377745087417	-0.5882019842431419	0.00016420973440012254	0.00016420973440012254	0.0002792503160826812
867	0.6996719681492568	0.6994397699600086	0.00023219818924824498	0.00023219818924824498	0.00033186721752258557
868	1.3273415888476545	1.3266767143846891	0.0006648744629653702	0.0006648744629653702	0.0005009068265107161
869	-0.8716120107563542	-0.871401054467924	-0.00021095628843015302	0.00021095628843015302	0.0002420300383964335
870	0.47586229846013617	0.47648891974461094	-0.0006266212844747709	0.0006266212844747709	0.001316812209125376
871	-0.9949362057179221	-0.9918700343263254	-0.003066171391596706	0.003066171391596706	0.0030817768757186097
872	0.5557819405530412	0.5589755396044893	-0.003193599051448115	0.003193599051448115	0.005746136782116858
873	-0.6643647890667854	-0.6679811575622807	0.0036163684954952924	0.0036163684954952924	0.005443347623186207
874	-0.04013568386374164	-0.039974731663505736	-0.00016095220023590318	0.00016095220023590318	0.004010202013308824
875	0.48318881035943645	0.48296816518700325	0.00022064517243319814	0.00022064517243319814	0.0004566437957639452
876	0.36294579325959075	0.36287627909814546	6.951416144529432e-05	6.951416144529432e-05	0.0001915276681429271
877	1.5991602261147297	1.5998512169517198	-0.0006909908369900908	0.0006909908369900908	0.0004320960624870597
878	0.15491196605573967	0.15463924788150507	0.0002727181742346041	0.0002727181742346041	0.0017604719711353735
879	-0.5424482982231903	-0.5421983160687205	-0.00024998215446980776	0.00024998215446980776	0.00046084051749933344
880	-0.07068289501181839	-0.07080389823954647	0.00012100322772808092	0.00012100322772808092	0.0017119166908464746
881	0.07823731810282818	0.07851969438377182	-0.0002823762809436442	0.0002823762809436442	0.003609227511767644
882	0.2924122598329338	0.29255361009461467	-0.00014135026168088372	0.00014135026168088372	0.0004833937597611074
883	-0.6678441542238583	-0.6678581111003723	1.3956876513954164e-05	1.3956876513954164e-05	2.0898403356055854e-05
884	-0.3013989889938821	-0.30129999258576845	-9.899640811367183e-05	9.899640811367183e-05	0.00032845633770749405
885	0.023827803784421096	0.023559805853778926	0.00026799793064216995	0.00026799793064216995	0.011247277888757429
886	0.8946655825431469	0.8943702558639188	0.00029532667922804734	0.00029532667922804734	0.00033009728438257506
887	-0.09811836661181399	-0.09772018637477231	-0.00039818023704167593	0.00039818023704167593	0.004058162103502984
888	-0.14392809072670287	-0.14413992239781237	0.00021183167110949697	0.00021183167110949697	0.0014717882384178392
889	-0.34406707403619474	-0.3479074395045245	0.003840365468329776	0.003840365468329776	0.011161676772145253
890	0.09973887818389926	0.10349213111737754	-0.0037532529334782794	0.0037532529334782794	0.037630791541067916
891	-0.20691964182791986	-0.2038901468210952	-0.003029495006824673	0.003029495006824673	0.014640925240650113
892	-0.7932027346519652	-0.793501568693955	0.0002988340419898261	0.0002988340419898261	0.00037674358513267855
893	-0.4814326248257643	-0.481128696748101	-0.0003039280776633291	0.0003039280776633291	0.0006312992971203893
894	0.0894889179778821	0.0892981244078328	0.0001907935700492941	0.0001907935700492941	0.002132035724204982
895	0.20815043474252143	0.2083629525344577	-0.00021251779193626197	0.00021251779193626197	0.0010209817346725357
896	1.565977254543316	1.5653950018759133	0.0005822526674026385	0.0005822526674026385	0.0003718142557392637
897	-0.4304206422208975	-0.43015464675022486	-0.00026599547067263085	0.00026599547067263085	0.0006179895771265508
898	0.004082712937644886	0.004072204404792501	1.050853285238483e-05	1.050853285238483e-05	0.0025739093129694005
899	-0.10750288537152586	-0.10812501147938747	0.0006221261078616092	0.0006221261078616092	0.005787064279359248
900	0.33523273975235657	0.33540909178952916	-0.00017635203717258907	0.00017635203717258907	0.0005260585147586241
901	-0.42061167089504997	-0.4202964531430098	-0.00031521775204018665	0.00031521775204018665	0.0007494270222445611
902	-1.2707541940181213	-1.2706589176900707	-9.52763280506197e-05	9.52763280506197e-05	7.49762058619348e-05
903	0.19604053595937132	0.19445272252482937	0.0015878134345419515	0.0015878134345419515	0.008099413862401499
904	3.4056934802031087	3.405419049613556	0.0002744305895525656	0.0002744305895525656	8.05799438933063e-05
905	0.13811634900380948	0.13849614569494406	-0.0003797966911345818	0.0003797966911345818	0.0027498315288084136
906	0.4971800964633405	0.4967706105531988	0.00040948591014167146	0.00040948591014167146	0.0008236168604787759
907	-1.306752919820111	-1.306690979234304	-6.19405858071076e-05	6.19405858071076e-05	4.740038064398157e-05
908	0.5711003167871578	0.5728978212431457	-0.0017975044559879194	0.0017975044559879194	0.0031474408315865596
909	0.4925195328547962	0.4942443577533595	-0.001724824898563293	0.001724824898563293	0.003502043641935726
910	-1.316854551194394	-1.31704498453189	0.00019043333749579894	0.00019043333749579894	0.00014461227879956437
911	-0.5527150706996623	-0.5543219323271842	0.0016068616275218828	0.0016068616275218828	0.0029072151506341487
912	-0.9444994751564896	-0.9443296620474939	-0.00016981310899566449	0.00016981310899566449	0.00017979163934159833
913	0.03794618013749921	0.038017386017941135	-7.12058804419255e-05	7.12058804419255e-05	0.0018764966640623295
914	1.2449722114770077	1.245146206841241	-0.00017399536423345907	0.00017399536423345907	0.00013975843205932668
915	0.30025855079682096	0.30069561063328365	-0.0004370598364626943	0.0004370598364626943	0.0014556116230589685
916	-0.1897192594723059	-0.18960283354374496	-0.00011642592856092593	0.00011642592856092593	0.0006136747997264933
917	-0.94353669633084	-0.9471202896378372	0.0035835933069972015	0.0035835933069972015	0.0037980433839328457
918	-0.38874706086864075	-0.3922742545796609	0.003527193711020171	0.003527193711020171	0.009073235700197422
919	-0.2881122420969109	-0.2879703182117055	-0.00014192388520539723	0.00014192388520539723	0.0004925992875986818
920	-0.14299142551055216	-0.14296874377350832	-2.2681737043839245e-05	2.2681737043839245e-05	0.0001586230570319437
921	0.28342132687467314	0.2832511395212123	0.00017018735346086	0.00017018735346086	0.000600474760800607
922	-1.789960222092561	-1.7901624573823938	0.00020223528983276395	0.00020223528983276395	0.0001129831195892945
923	-0.011188467950449942	-0.010709346170756362	-0.00047912177969357955	0.00047912177969357955	0.04282282273278638
924	-1.815804991546768	-1.815793240254493	-1.1751292275041791e-05	1.1751292275041791e-05	6.471670873110453e-06
925	0.20452858665399526	0.20466707715627308	-0.00013849050227782156	0.00013849050227782156	0.0006771205167134337
926	-0.3442763692262106	-0.34441285963282553	0.00013649040661495304	0.00013649040661495304	0.0003964559255743473
927	1.1921435225010932	1.1920572370769378	8.628542415545226e-05	8.628542415545226e-05	7.237838609769666e-05
928	0.9543795754880132	0.9544257526385991	-4.6177150585857696e-05	4.6177150585857696e-05	4.838447067797468e-05
929	0.15716500339482586	0.15710421919834516	6.078419648070099e-05	6.078419648070099e-05	0.0003867540175467722
930	0.4389697116169102	0.4391753548560473	-0.00020564323913713212	0.00020564323913713212	0.00046846794595385987
931	-1.5600543753946392	-1.5602280205939678	0.00017364519932860922	0.00017364519932860922	0.00011130714548631234
932	-0.1169844358416757	-0.11745842149935015	0.0004739856576744528	0.0004739856576744528	0.004051698452569666
933	0.00941851268966815	0.009478686280317561	-6.0173590649411496e-05	6.0173590649411496e-05	0.006388863362197333
934	0.7223605077674267	0.7223959502056232	-3.5442438196531256e-05	3.5442438196531256e-05	4.90647506548661e-05
935	0.3152848376530464	0.3154968812708603	-0.00021204361781390624	0.00021204361781390624	0.0006725461947118705
936	0.9931489967950968	0.9930304964598236	0.00011850033527327497	0.00011850033527327497	0.00011931778177864239
937	1.002787584394424	1.0028023388741758	-1.4754479751744043e-05	1.4754479751744043e-05	1.4713464727082918e-05
938	0.10337155882572575	0.10320911124495069	0.00016244758077506305	0.00016244758077506305	0.001571492029533323
939	-0.4556750643739544	-0.45563659789138455	-3.8466482569832205e-05	3.8466482569832205e-05	8.441647475856677e-05
940	0.45714426775296446	0.45663432563003425	0.000509942122930207	0.000509942122930207	0.0011154949518163355
941	-0.5728960383486595	-0.5714230440503343	-0.0014729942983252586	0.0014729942983252586	0.0025711371692691077
942	-0.7126595585226427	-0.7130865107427553	0.0004269522201125753	0.0004269522201125753	0.0005990970232654363
943	0.18683434600019744	0.18693819056636585	-0.00010384456616840954	0.00010384456616840954	0.0005558109008945272
944	0.2662968285791075	0.2667241117535468	-0.00042728317443929686	0.00042728317443929686	0.0016045372253179722
945	0.1855094099770209	0.18564211765692562	-0.00013270767990472554	0.00013270767990472554	0.0007153689935252561
946	-0.6893827631757274	-0.6892936046085651	-8.91585671622952e-05	8.91585671622952e-05	0.00012933100727899717
947	0.497539200412417	0.497999600042931	-0.0004603996305139746	0.0004603996305139746	0.0009253534799516161
948	0.5905596702927755	0.59086156213084	-0.00030189183806450526	0.00030189183806450526	0.0005111961639961625
949	-0.7947732345725276	-0.7909571075828126	-0.0038161269897150074	0.0038161269897150074	0.00480152932146429
950	-1.2093543525048083	-1.2090277917735648	-0.00032656073124348595	0.00032656073124348595	0.0002700289874238391
951	-0.3513968597088838	-0.3510902569416885	-0.00030660276719529644	0.00030660276719529644	0.0008725256322703134
952	1.4028358344848566	1.4028164468413706	1.9387643485968553e-05	1.9387643485968553e-05	1.3820322385112155e-05
953	0.16597365960009913	0.16272840288422685	0.00324525671587228	0.00324525671587228	0.01955284184063591
954	-0.5833589430622931	-0.5833791054925541	2.0162430261039255e-05	2.0162430261039255e-05	3.456264877880897e-05
955	-0.5542775616680047	-0.5519689724735599	-0.0023085891944447656	0.0023085891944447656	0.004165041766254179
956	0.8106562339387647	0.8128129301923082	-0.002156696253543422	0.002156696253543422	0.002660432577030345
957	0.40250359004309794	0.4028355157004171	-0.00033192565731915424	0.00033192565731915424	0.0008246526628088297
958	0.5741860488814867	0.574187380337321	-1.3314558342525373e-06	1.3314558342525373e-06	2.318857862963077e-06
959	0.6751196422410197	0.6746778786776986	0.0004417635633211514	0.0004417635633211514	0.000654348556434743
960	0.3280709013272314	0.32785439343285816	0.00021650789437321905	0.00021650789437321905	0.0006599423889693441
961	-1.181348350517881	-1.1813320329565613	-1.6317561319700857e-05	1.6317561319700857e-05	1.3812658486844752e-05
962	-0.7650006055283001	-0.7651222102253996	0.00012160469709954214	0.00012160469709954214	0.00015896026254196677
963	-0.1729165281097746	-0.17282402924934104	-9.249886043355415e-05	9.249886043355415e-05	0.0005349335974108388
964	0.4546395681298909	0.45617219852545077	-0.001532630395559842	0.001532630395559842	0.0033710888866627818
965	0.2935365383359615	0.2936271045257399	-9.056618977842934e-05	9.056618977842934e-05	0.00030853463862401203
966	-0.1606269162790969	-0.16060283043373147	-2.4085845365423575e-05	2.4085845365423575e-05	0.00014994899935433782
967	-1.3119245928398182	-1.315506213799722	0.003581620959903775	0.003581620959903775	0.0027300509339114733
968	0.8950433554208825	0.8984055588285855	-0.0033622034077029905	0.0033622034077029905	0.003756469881977905
969	0.14800911924881152	0.1513948322582337	-0.00338571300942217	0.00338571300942217	0.022875029772527724
970	1.1760293094191792	1.176338075907779	-0.00030876648859989864	0.00030876648859989864	0.00026254999439800794
971	-0.37044314414243784	-0.3707413323468245	0.0002981882043866513	0.0002981882043866513	0.000804949987877211
972	-1.0470915188305125	-1.0472450162666291	0.00015349743611658972	0.00015349743611658972	0.0001465940974176065
973	0.3025892523400772	0.3027855769346388	-0.00019632459456159213	0.00019632459456159213	0.0006488154917708206
974	-0.11238966437924136	-0.1125892022031394	0.00019953782389803276	0.00019953782389803276	0.0017754107995618133
975	0.9239258054785479	0.9236776353844789	0.00024817009406896684	0.00024817009406896684	0.0002686039210047034
976	-1.0109038044451089	-1.01093164306576	2.783862065114384e-05	2.783862065114384e-05	2.753834789099901e-05
977	0.887277320183273	0.8878855360592297	-0.0006082158759567191	0.0006082158759567191	0.0006854856560867442
978	-0.6232374258481512	-0.6234887334386485	0.0002513075904972961	0.0002513075904972961	0.00040322929925990354
979	0.13463146287370903	0.13449914835916843	0.00013231451454059906	0.00013231451454059906	0.0009827904392951342
980	-0.3164498078354955	-0.31659988469812106	0.00015007686262558106	0.00015007686262558106	0.0004742517104121536
981	0.1929938115316044	0.19301729955145674	-2.3488019852357933e-05	2.3488019852357933e-05	0.00012170348710125127
982	1.1218879166812121	1.1218777562049809	1.0160476231257931e-05	1.0160476231257931e-05	9.05658763249258e-06
983	-0.2476436431518545	-0.24750424071839916	-0.00013940243345533787	0.00013940243345533787	0.0005629154525475004
984	0.8439332699096469	0.8439226604792793	1.0609430367569672e-05	1.0609430367569672e-05	1.2571409074446772e-05
985	0.41438915017216477	0.4145119888079307	-0.00012283863576595389	0.00012283863576595389	0.0002964330405728976
986	-0.1764776615499737	-0.17664587687704625	0.00016821532707253506	0.00016821532707253506	0.0009531819811931326
987	-0.20169101375705437	-0.20143625806667842	-0.00025475569037594625	0.00025475569037594625	0.0012630988641011572
988	-0.2762929332115435	-0.27597718217009515	-0.0003157510414483755	0.0003157510414483755	0.0011428125858239772
989	-0.3993960314219307	-0.3994184421571845	2.2410735253775016e-05	2.2410735253775016e-05	5.6111562185503606e-05
990	0.12220120922184909	0.12173284358141245	0.00046836564043663265	0.00046836564043663265	0.003832741455007556
991	0.024309534293706282	0.02420457725804681	0.00010495703565947118	0.00010495703565947118	0.004317525559781887
992	0.03374985542003939	0.03365667907928582	9.317634075356462e-05	9.317634075356462e-05	0.002760792293594243
993	-0.22819093072964183	-0.22768860482358377	-0.0005023259060580598	0.0005023259060580598	0.002201340362002424
994	1.4081410477903256	1.4079082316555969	0.00023281613472869722	0.00023281613472869722	0.00016533580573766776
995	-0.4378312886934207	-0.4377869133804779	-4.43753129427682e-05	4.43753129427682e-05	0.00010135253941122694
996	-1.6548098731497494	-1.6552575807793346	0.0004477076295852367	0.0004477076295852367	0.00027054928596302987
997	-1.5500670639417542	-1.549404291523615	-0.0006627724181391681	0.0006627724181391681	0.00042757660849445197
998	1.13742176616481	1.1374165887616527	5.177403157308191e-06	5.177403157308191e-06	4.55187627960163e-06
999	1.4967598001970681	1.4963369931280113	0.00042280706905684085	0.00042280706905684085	0.0002824815772050884
1000	0.17376190014376594	0.17576003673980267	-0.0019981365960367314	0.0019981365960367314	0.011499279153735812
1001	-0.4852192189303664	-0.4864389080978526	0.0012196891674862154	0.0012196891674862154	0.0025136868448346695
1002	0.2670160957048206	0.2689663856330071	-0.0019502899281865216	0.0019502899281865216	0.007304016347922774
1003	2.447014782677247	2.446597381748461	0.00041740092878583823	0.00041740092878583823	0.0001705755648640444
1004	-0.0702802336067464	-0.07012563213493195	-0.00015460147181445283	0.00015460147181445283	0.002199785969402529
1005	-0.6629995325380852	-0.662519049058119	-0.00048048347996620944	0.00048048347996620944	0.0007247116421437426
1006	-1.4965460078936024	-1.4966195980719021	7.35901782997761e-05	7.35901782997761e-05	4.917334843808426e-05
1007	-0.2647323666796336	-0.2648929307582648	0.00016056407863118682	0.00016056407863118682	0.0006065147252111177
1008	1.3144226546780184	1.3146030047010981	-0.0001803500230797006	0.0001803500230797006	0.0001372085473708449
1009	-0.5548293907707104	-0.5549629659498123	0.00013357517910195238	0.00013357517910195238	0.00024075000590073977
1010	0.40640535638732644	0.40661344381476283	-0.00020808742743638753	0.00020808742743638753	0.0005120194017277392
1011	-0.2759431995571849	-0.2757118817129367	-0.00023131784424818003	0.00023131784424818003	0.0008382806484065683
1012	1.9476465858628684	1.9475140687887915	0.00013251707407690994	0.00013251707407690994	6.803958944029916e-05
1013	2.8326746290450515	2.8293209880416725	0.003353641003378982	0.003353641003378982	0.0011839132419206079
1014	-1.5730341529409984	-1.573075986854633	4.1833913634548026e-05	4.1833913634548026e-05	2.6594409000169456e-05
1015	-0.1204094673451261	-0.12021388788241438	-0.00019557946271171744	0.00019557946271171744	0.0016242864205281617
1016	-1.3010755338970643	-1.3013892713331643	0.00031373743609997007	0.00031373743609997007	0.00024113698853458855
1017	1.6205962006271417	1.6206368660505177	-4.066542337599621e-05	4.066542337599621e-05	2.5092878386521837e-05
1018	-1.5513815822582857	-1.5516364126426652	0.0002548303843794564	0.0002548303843794564	0.00016426028727794338
1019	-1.6359483466152616	-1.6356825952215104	-0.00026575139375117907	0.00026575139375117907	0.00016244485609891805
1020	-0.5582557046246147	-0.5582438059690276	-1.1898655587150309e-05	1.1898655587150309e-05	2.1313988354406995e-05
1021	-0.7083606281084782	-0.7122705999194068	0.003909971810928559	0.003909971810928559	0.00551974750681624
1022	0.24937730338026942	0.24577235780043338	0.0036049455798360386	0.0036049455798360386	0.014455788602136515
1023	-3.095808821936939	-3.0963603286551233	0.0005515067181844913	0.0005515067181844913	0.00017814624542591517
1024	1.1500465319269848	1.150000730319789	4.5801607195805616e-05	4.5801607195805616e-05	3.9825873061902774e-05
1025	0.3856457224823576	0.3858678539927496	-0.00022213151039196521	0.00022213151039196521	0.0005759988959870473
1026	2.6330929374872754	2.6333214687355166	-0.00022853124824129267	0.00022853124824129267	8.679194151778666e-05
1027	-0.6874309329106945	-0.6889810297394661	0.0015500968287716077	0.0015500968287716077	0.0022549128276905515
1028	-0.5897656273564791	-0.5881686381030704	-0.001596989253408676	0.001596989253408676	0.0027078371124592323
1029	-0.058737595160217426	-0.057004556808237794	-0.0017330383519796322	0.0017330383519796322	0.02950475495723746
1030	1.2698957168847849	1.2699962689879385	-0.00010055210315362828	0.00010055210315362828	7.918138616948432e-05
1031	-0.4484872301246286	-0.4484035927845298	-8.363734009880774e-05	8.363734009880774e-05	0.00018648767340725855
1032	-2.238728746037965	-2.238440359533911	-0.00028838650405393906	0.00028838650405393906	0.000128817081821242
1033	-0.6949704871949927	-0.6966018590759404	0.0016313718809477518	0.0016313718809477518	0.0023473973514072785
1034	0.3175245097002089	0.3175486249347159	-2.4115234507016137e-05	2.4115234507016137e-05	7.59476316640393e-05
1035	0.2102352052671655	0.21190288588002204	-0.001667680612856548	0.001667680612856548	0.007932451706826507
1036	-0.9543708524284511	-0.954386260332285	1.5407903833919434e-05	1.5407903833919434e-05	1.6144566647978763e-05
1037	-0.18933287949546518	-0.18960738188411597	0.000274502388650788	0.000274502388650788	0.001449840035086789
1038	2.0691146390250656	2.0691211029628676	-6.463937801903796e-06	6.463937801903796e-06	3.124011439477081e-06
1039	-0.01152256536204174	-0.01104034227239481	-0.0004822230896469309	0.0004822230896469309	0.04185032364715381
1040	-0.40352643937148996	-0.4009980467856167	-0.0025283925858732847	0.0025283925858732847	0.006265742065901224
1041	-0.8744504416402891	-0.8740912486899788	-0.0003591929503102831	0.0003591929503102831	0.00041076421625050707
1042	-0.3843350571382552	-0.38447989662415694	0.00014483948590171547	0.00014483948590171547	0.0003768573363569407
1043	0.6036360189214706	0.6069988324384212	-0.003362813516950669	0.003362813516950669	0.005570929188352743
1044	0.012446702073082535	0.01582110844822182	-0.003374406375139286	0.003374406375139286	0.27110847157150475
1045	-0.21259625972700968	-0.21245723144147632	-0.00013902828553336022	0.00013902828553336022	0.0006539545225860675
1046	-0.11785146617223191	-0.11816417978138816	0.00031271360915624546	0.00031271360915624546	0.00265345539867307
1047	0.45219142035386645	0.45234880465727656	-0.000157384303410113	0.000157384303410113	0.00034804796448139263
1048	-2.805237164624259	-2.8051554274526325	-8.173717162662797e-05	8.173717162662797e-05	2.913734804934971e-05
1049	0.9860762440406736	0.985424947614888	0.0006512964257856524	0.0006512964257856524	0.0006604929686946071
1050	-2.382102275833201	-2.3823688394486453	0.0002665636154444151	0.0002665636154444151	0.00011190267443541134
1051	1.5156436676299145	1.5157169157333783	-7.324810346376331e-05	7.324810346376331e-05	4.8328050338048734e-05
1052	-0.033062490550383	-0.03354884918849166	0.00048635863810865543	0.00048635863810865543	0.01471028437399497
1053	-0.566331860653704	-0.5660267695617449	-0.00030509109195908657	0.00030509109195908657	0.0005387143354550579
1054	1.3185599479258059	1.3185520438412368	7.904084569076986e-06	7.904084569076986e-06	5.994482527328929e-06
1055	-1.0559331930661275	-1.0555764653048527	-0.0003567277612748221	0.0003567277612748221	0.00033783175263104177
1056	2.400857545722166	2.4013241902736127	-0.00046664455144673767	0.00046664455144673767	0.00019436578079286805
1057	0.1563483109954209	0.15678798881424427	-0.00043967781882336965	0.00043967781882336965	0.0028121686510335685
1058	-0.4001427769465501	-0.3994119277876962	-0.0007308491588539079	0.0007308491588539079	0.0018264709522709504
1059	-0.45395694425146804	-0.45357861597494775	-0.00037832827652029	0.00037832827652029	0.000833401231793287
1060	-0.2220878312365495	-0.22226748686193787	0.00017965562538838076	0.00017965562538838076	0.0008089395280600788
1061	0.4717032816638138	0.4717253125647858	-2.2030900971969913e-05	2.2030900971969913e-05	4.67049983079649e-05
1062	-0.12232857445222585	-0.12171284713247132	-0.0006157273197545249	0.0006157273197545249	0.0050333891530387346
1063	-0.031895455624777344	-0.031981541511072464	8.608588629512026e-05	8.608588629512026e-05	0.0026990016166518146
1064	-0.07779717528182646	-0.07804300769009842	0.0002458324082719593	0.0002458324082719593	0.0031599143205574215
1065	0.7290979846277201	0.7291976772734188	-9.969264569864578e-05	9.969264569864578e-05	0.00013673422201207863
1066	-0.4298685000679324	-0.4291304646670824	-0.0007380354008500456	0.0007380354008500456	0.0017168864448858507
1067	-0.4505092186299563	-0.45038817015097266	-0.00012104847898364302	0.00012104847898364302	0.00026869256827144087
1068	-0.11409806760542707	-0.11331296626337917	-0.0007851013420479003	0.0007851013420479003	0.006880934607612557
1069	-0.1057579125545645	-0.10548934633902718	-0.00026856621553732196	0.00026856621553732196	0.0025394432345547525
1070	-0.19901769632537536	-0.1992866132383142	0.00026891691293884357	0.00026891691293884357	0.0013512211120120167
1071	-0.08055915522722756	-0.08050324039743373	-5.5914829793835e-05	5.5914829793835e-05	0.0006940841129244709
1072	0.33021682567737964	0.3298728501306414	0.00034397554673826214	0.00034397554673826214	0.0010416657177678907
1073	0.7682381637154962	0.7689073281227365	-0.0006691644072402969	0.0006691644072402969	0.0008710377052917543
1074	0.478605300625138	0.4790440491149184	-0.00043874848978037173	0.00043874848978037173	0.0009167230057989189
1075	-0.8388984863055686	-0.8382785337772702	-0.0006199525282983842	0.0006199525282983842	0.0007390078041845061
1076	0.8142342139434083	0.8146123040830844	-0.0003780901396760461	0.0003780901396760461	0.00046435059249711716
1077	-0.4238167946604379	-0.4237834906604121	-3.3304000025824454e-05	3.3304000025824454e-05	7.858112383797255e-05
1078	0.38881782962958145	0.3887309961498886	8.683347969284938e-05	8.683347969284938e-05	0.00022332689778031478
1079	-0.47313864469980027	-0.47323655978459556	9.791508479528588e-05	9.791508479528588e-05	0.00020694797580403013
1080	-0.3296593544658246	-0.32976882606305935	0.00010947159723473376	0.00010947159723473376	0.0003320749002015126
1081	0.47720885614669273	0.4771616853247451	4.7170821947606356e-05	4.7170821947606356e-05	9.884733139383769e-05
1082	0.01682894100734698	0.016567688959412408	0.000261252047934573	0.000261252047934573	0.015523974314279113
1083	0.46865323116462376	0.4690487053267134	-0.00039547416208962627	0.00039547416208962627	0.0008438524175046349
1084	-1.6911061164128762	-1.69122363463714	0.00011751822426386838	0.00011751822426386838	6.94919278709396e-05
1085	1.4898424622938533	1.4896548461393877	0.00018761615446560853	0.00018761615446560853	0.0001259301967919099
1086	1.6423248773182653	1.6429517614398037	-0.0006268841215384402	0.0006268841215384402	0.00038170530702918694
1087	0.5857505778644005	0.5857699385671822	-1.9360702781634487e-05	1.9360702781634487e-05	3.3052810382572816e-05
1088	0.5737957504341223	0.5733835800327824	0.00041217040133989524	0.00041217040133989524	0.0007183225059231536
1089	-0.36317222168994356	-0.36326176540057986	8.954371063629729e-05	8.954371063629729e-05	0.0002465599109414948
1090	1.3008699788257785	1.3004056189771518	0.0004643598486266942	0.0004643598486266942	0.0003569610000884527
1091	-1.4534702713033103	-1.45319965358226	-0.00027061772105030357	0.00027061772105030357	0.00018618731073711175
1092	-0.7789743355150998	-0.779052363427013	7.802791191324765e-05	7.802791191324765e-05	0.0001001675002060901
1093	-1.0140084512493437	-1.0138617342931866	-0.00014671695615708913	0.00014671695615708913	0.00014469007233255452
1094	0.007664179463539188	0.00783558085970526	-0.00017140139616607201	0.00017140139616607201	0.022363959114146546
1095	-0.7242505977204986	-0.7253592502109996	0.001108652490500961	0.001108652490500961	0.0015307581298383821
1096	0.9902841077243065	0.990286792415418	-2.6846911114208893e-06	2.6846911114208893e-06	2.7110311985015746e-06
1097	0.032571793154755675	0.03235100999177121	0.00022078316298446837	0.00022078316298446837	0.006778354570025652
1098	0.36064298496324093	0.3603204820734618	0.00032250288977914154	0.00032250288977914154	0.0008942441783860377
1099	0.0741833477438365	0.074397049402819	-0.00021370165898249027	0.00021370165898249027	0.0028807227697572545
1100	-0.12548927549346128	-0.12566987264506224	0.00018059715160095857	0.00018059715160095857	0.0014391441092539317
1101	0.07956154425736736	0.0792234480826437	0.00033809617472366216	0.00033809617472366216	0.004249492363169592
1102	-0.4112484920808809	-0.4114507362231734	0.00020224414229252918	0.00020224414229252918	0.0004917808726037919
1103	-0.20805510526188023	-0.20824008717568177	0.00018498191380153517	0.00018498191380153517	0.0008891005753917805
1104	-0.048171041654930365	-0.04830372132857974	0.000132679673649376	0.000132679673649376	0.002754345122943715
1105	-0.05559180672984104	-0.055542220607662784	-4.958612217825786e-05	4.958612217825786e-05	0.0008919681711233285
1106	-0.9290635401639107	-0.9288754412892786	-0.0001880988746321144	0.0001880988746321144	0.0002024607214689847
1107	-0.3664278161129134	-0.36674792454505223	0.00032010843213881035	0.00032010843213881035	0.0008735920638736937
1108	0.39569858234364924	0.3958847318727976	-0.00018614952914836058	0.00018614952914836058	0.00047043264104165217
1109	0.27539381112839023	0.27581018510147715	-0.00041637397308691426	0.00041637397308691426	0.0015119220413155844
1110	0.18903948977308463	0.188737170176978	0.0003023195961066316	0.0003023195961066316	0.0015992404363211299
1111	1.0672350945273559	1.063718224116883	0.003516870410472883	0.003516870410472883	0.0032953099354649613
1112	-0.07197655912540875	-0.06809424814946397	-0.0038823109759447832	0.0038823109759447832	0.0539385464256553
1113	0.19876882900474352	0.19878457963784513	-1.5750633101607736e-05	1.5750633101607736e-05	7.924096137444093e-05
1114	-0.4630425043425829	-0.4578354594713119	-0.005207044871270994	0.005207044871270994	0.011245284876523024
1115	0.018458099617694193	0.018819982642526156	-0.0003618830248319632	0.0003618830248319632	0.019605649136548005
1116	-0.5390084703825118	-0.5357816575042307	-0.0032268128782810823	0.0032268128782810823	0.00598657174346657
1117	-0.6402149470253208	-0.6399806476622416	-0.0002342993630791712	0.0002342993630791712	0.00036596984210976967
1118	0.029748360962151783	0.03129056113948536	-0.001542200177333579	0.001542200177333579	0.05184151756446978
1119	0.32548891453446804	0.3272128009541575	-0.0017238864196894577	0.0017238864196894577	0.005296298407443626
1120	1.8640775163862506	1.8636154687214912	0.00046204766475943515	0.00046204766475943515	0.00024786934057075737
1121	0.6519988066272423	0.6521110236832328	-0.00011221705599051557	0.00011221705599051557	0.00017211236408699713
1122	-0.4291588861112715	-0.42920858926720484	4.9703155933333854e-05	4.9703155933333854e-05	0.00011581527854102715
1123	-0.5579996981816485	-0.558139065077512	0.00013936689586346862	0.00013936689586346862	0.00024976159721523683
1124	-0.9537816212681421	-0.9539169118966129	0.00013529062847073003	0.00013529062847073003	0.00014184654584856483
1125	0.10355486965771488	0.10344835284570308	0.00010651681201179208	0.00010651681201179208	0.0010286026370741178
1126	-1.2319062533191096	-1.2316890396135705	-0.00021721370553917652	0.00021721370553917652	0.00017632324290419043
1127	0.05631084598227926	0.056262294094722165	4.8551887557098106e-05	4.8551887557098106e-05	0.0008622120074768036
1128	0.16330395078113505	0.16326300993796394	4.094084317110558e-05	4.094084317110558e-05	0.000250703323313811
1129	0.11782194733824017	0.1180292163383001	-0.0002072690000599342	0.0002072690000599342	0.0017591714000865372
1130	0.524980522765944	0.5254794416345021	-0.0004989188685581292	0.0004989188685581292	0.0009503569121564648
1131	-0.6558633898208329	-0.656062731422935	0.00019934160210210994	0.00019934160210210994	0.0003039376876281592
1132	0.18839935157643511	0.1883152400665722	8.411150986292748e-05	8.411150986292748e-05	0.000446453287440338
1133	0.1220463015090025	0.12150112979725236	0.000545171711750142	0.000545171711750142	0.004466925298100315
1134	0.9619384338304817	0.9618326012343914	0.00010583259609031614	0.00010583259609031614	0.00011002013472825494
1135	-0.5965844185907093	-0.5967349026718693	0.00015048408116002943	0.00015048408116002943	0.00025224272788671343
1136	-0.8326023554051002	-0.8327342090979073	0.00013185369280710457	0.00013185369280710457	0.00015836334349901226
1137	-0.05069226528627398	-0.05057949883280344	-0.00011276645347053915	0.00011276645347053915	0.002224529774586205
1138	1.0334592038859536	1.0341176444370603	-0.0006584405511067537	0.0006584405511067537	0.0006371229252503859
1139	-1.2180086143352844	-1.2176959230174589	-0.00031269131782551973	0.00031269131782551973	0.00025672340420692985
1140	-0.8174766057065233	-0.8171654924780114	-0.0003111132285118501	0.0003111132285118501	0.000380577531320255
1141	-0.5927692212764814	-0.5929292610176162	0.0001600397411348764	0.0001600397411348764	0.0002699865907177899
1142	-0.23582964570271944	-0.2357356733995175	-9.39723032019335e-05	9.39723032019335e-05	0.0003984753609832094
1143	0.4921893297623441	0.49194518081208116	0.0002441489502629235	0.0002441489502629235	0.0004960468167418663
1144	0.0576141023510786	0.05759178576170143	2.2316589377166518e-05	2.2316589377166518e-05	0.00038734595292620624
1145	0.8652121795562542	0.8651882971832947	2.388237295947171e-05	2.388237295947171e-05	2.7602908886142107e-05
1146	0.152815180958831	0.15289996133560635	-8.478037677533967e-05	8.478037677533967e-05	0.0005547902783178317
1147	0.3818808797326904	0.38256864208108254	-0.0006877623483921291	0.0006877623483921291	0.0018009866031353811
1148	-0.28864389722519346	-0.2876711285040301	-0.000972768721163364	0.000972768721163364	0.003370134378432508
1149	-0.5600355623338559	-0.562728489612141	0.0026929272782850733	0.0026929272782850733	0.004808493351855627
1150	-0.6362142236301747	-0.6361100767691141	-0.00010414686106052784	0.00010414686106052784	0.00016369778793419028
1151	0.34243934933718656	0.3424423666160692	-3.0172788826332564e-06	3.0172788826332564e-06	8.811133675126396e-06
1152	0.0945677437173741	0.09461246675357415	-4.4723036200053357e-05	4.4723036200053357e-05	0.0004729206222125059
1153	-0.01623447077664735	-0.016040437685660436	-0.00019403309098691562	0.00019403309098691562	0.011951919693373966
1154	0.18624901923245757	0.18593721098625338	0.0003118082462041927	0.0003118082462041927	0.001674147050487415
1155	0.3975529346519015	0.3974796598100738	7.327484182767519e-05	7.327484182767519e-05	0.00018431467973399528
1156	-1.5210937494572148	-1.5211336035179102	3.9854060695398985e-05	3.9854060695398985e-05	2.6200923322195268e-05
1157	0.6042453412131257	0.6044684374728604	-0.00022309625973471192	0.00022309625973471192	0.0003692146956181873
1158	1.975283359775215	1.9753989801074567	-0.00011562033224166157	0.00011562033224166157	5.853354237481099e-05
1159	1.5526825296059057	1.5529795110751365	-0.00029698146923085034	0.00029698146923085034	0.00019126992386925919
1160	-0.2917954698858271	-0.2921388912540124	0.00034342136818527047	0.00034342136818527047	0.0011769249478740824
1161	-1.7346567996573286	-1.7351037269150993	0.00044692725777073505	0.00044692725777073505	0.0002576459261907156
1162	-0.05666131257916929	-0.05690269503588752	0.000241382456718231	0.000241382456718231	0.004260092922855652
1163	0.09711724545014042	0.09757416481193104	-0.0004569193617906253	0.0004569193617906253	0.004704822090791339
1164	-0.42135929693380325	-0.4214556764736699	9.637953986663117e-05	9.637953986663117e-05	0.00022873481270729545
1165	-0.6990329631111774	-0.6986700166180526	-0.00036294649312473837	0.00036294649312473837	0.0005192122722072746
1166	0.2961785325573382	0.29628539192572134	-0.00010685936838311649	0.00010685936838311649	0.00036079376672051416
1167	-1.147179358531997	-1.148070668293144	0.0008913097611471521	0.0008913097611471521	0.0007769576348442395
1168	-0.9442858557913789	-0.9458970861402349	0.0016112303488560187	0.0016112303488560187	0.0017062951213069825
1169	-0.13899666796501822	-0.13717162092063973	-0.0018250470443784972	0.0018250470443784972	0.01313014960069268
1170	1.4560915093516085	1.4577192457068122	-0.001627736355203746	0.001627736355203746	0.0011178805348082623
1171	1.8413973098636642	1.8413704563329247	2.6853530739501252e-05	2.6853530739501252e-05	1.4583235565544228e-05
1172	-0.0019005631915759253	-0.0018012525231370091	-9.931066843891622e-05	9.931066843891622e-05	0.05225328412078156
1173	-0.23190886795901033	-0.23212685071882788	0.00021798275981754767	0.00021798275981754767	0.0009399500835650489
1174	-1.4988907690393949	-1.4993197756609788	0.0004290066215839605	0.0004290066215839605	0.0002862160675383311
1175	-3.4860985307656827	-3.486421268775075	0.00032273800939242037	0.00032273800939242037	9.257856785864701e-05
1176	1.1803357480815309	1.1802319008609174	0.00010384722061340668	0.00010384722061340668	8.798108570565255e-05
1177	0.4339138800882675	0.43395299049109326	-3.91104028257816e-05	3.91104028257816e-05	9.01340211053532e-05
1178	2.525992751446386	2.5260790082484164	-8.625680203033781e-05	8.625680203033781e-05	3.414768390801877e-05
1179	0.6110858548009175	0.6091526369260691	0.0019332178748483475	0.0019332178748483475	0.0031635781775347436
1180	0.33720535862586165	0.33717821804657433	2.7140579287321387e-05	2.7140579287321387e-05	8.048679711948049e-05
1181	0.5058353482850335	0.5055633384216662	0.00027200986336728405	0.00027200986336728405	0.0005377438810662339
1182	-1.3598211128556583	-1.3599166900348791	9.557717922081821e-05	9.557717922081821e-05	7.028658278448386e-05
1183	0.40220346585586736	0.4018179221390028	0.0003855437168645559	0.0003855437168645559	0.0009585788030049408
1184	-0.6309242140714443	-0.6313104753417065	0.00038626127026220036	0.00038626127026220036	0.0006122150040328949
1185	0.46670029407380115	0.46633734964984797	0.00036294442395318205	0.00036294442395318205	0.0007776820125504104
1186	-0.7887612050129552	-0.788624273141636	-0.00013693187131924578	0.00013693187131924578	0.0001736037097780395
1187	0.21468705448166944	0.21452713640712773	0.00015991807454171503	0.00015991807454171503	0.0007448892292449299
1188	-0.40070609053328016	-0.4005238042310566	-0.00018228630222355546	0.00018228630222355546	0.00045491273162571484
1189	0.47722747988343234	0.47731017059504666	-8.26907116143194e-05	8.26907116143194e-05	0.0001732731560942749
1190	-0.19278662959768625	-0.19264906399030224	-0.00013756560738401036	0.00013756560738401036	0.000713564045759226
1191	-0.157224403128822	-0.15743829912651108	0.00021389599768908973	0.00021389599768908973	0.0013604503717774257
1192	0.5011051265837283	0.501825484761298	-0.0007203581775696577	0.0007203581775696577	0.001437539029945037
1193	-0.14005792088531505	-0.13931866475047627	-0.0007392561348387727	0.0007392561348387727	0.005278217255874481
1194	0.42540672966386367	0.4258776124004271	-0.00047088273656342716	0.00047088273656342716	0.001106900064640483
1195	-0.3149050665187453	-0.3148423200372008	-6.274648154447338e-05	6.274648154447338e-05	0.00019925523027664046
1196	-0.49774816144525263	-0.49729392421227203	-0.00045423723298060326	0.00045423723298060326	0.0009125844516666584
1197	-0.6584076591596513	-0.6583861152336112	-2.154392604003519e-05	2.154392604003519e-05	3.272125671735419e-05
1198	-0.3866144715385227	-0.3868448439163785	0.00023037237785583642	0.00023037237785583642	0.000595871067472139
1199	0.19135191001918075	0.19171780975568709	-0.000365899736506331	0.000365899736506331	0.0019121823057300755
1200	-0.3168572476792281	-0.31696845428541565	0.00011120660618751943	0.00011120660618751943	0.0003509675319155077
1201	1.6801298049098914	1.6805112221476293	-0.00038141723773787994	0.00038141723773787994	0.00022701652968910703
1202	0.7169822620684588	0.7168968692212729	8.539284718589446e-05	8.539284718589446e-05	0.00011910036231515723
1203	1.2929866307100732	1.2933032003275002	-0.0003165696174269872	0.0003165696174269872	0.00024483595569208303
1204	-0.7575917685636088	-0.7575010474027977	-9.072116081110249e-05	9.072116081110249e-05	0.0001197494014264562
1205	-0.707212177249358	-0.7073863529001301	0.000174175650772046	0.000174175650772046	0.0002462848581729566
1206	-0.488427124166085	-0.48846695321458355	3.982904849852975e-05	3.982904849852975e-05	8.154552957420576e-05
1207	-0.614305721138952	-0.6143202460293651	1.452489041309235e-05	1.452489041309235e-05	2.3644400358444513e-05
1208	-0.24672809228939055	-0.24660942608534242	-0.000118666204048129	0.000118666204048129	0.00048095943573763737
1209	-0.5922766626626985	-0.5921944349580599	-8.22277046386155e-05	8.22277046386155e-05	0.0001388332680017213
1210	0.8893605304356946	0.8887040275737945	0.0006565028619001101	0.0006565028619001101	0.0007381740468946734
1211	-0.26956331576706166	-0.2707721516372885	0.0012088358702268542	0.0012088358702268542	0.0044844227664547955
1212	-1.953920497716408	-1.953589310161874	-0.00033118755453398485	0.00033118755453398485	0.00016949899185819044
1213	-1.228059262112959	-1.2283714509209176	0.00031218880795869097	0.00031218880795869097	0.00025421314556233144
1214	0.05882290678471487	0.058793211948682256	2.9694836032614913e-05	2.9694836032614913e-05	0.0005048175558765674
1215	2.4189030214910168	2.4193383923574174	-0.0004353708664006639	0.0004353708664006639	0.000179986904201021
1216	0.5068266524292409	0.5073421479551143	-0.0005154955258734883	0.0005154955258734883	0.0010171042177886606
1217	0.3019907297838576	0.3016881814801309	0.00030254830372672403	0.00030254830372672403	0.0010018463280090269
1218	-0.22662671456109837	-0.22631047360732737	-0.00031624095377100203	0.00031624095377100203	0.0013954266353084501
1219	0.8412222777658058	0.8414868886887916	-0.00026461092298579736	0.00026461092298579736	0.00031455529647713917
1220	0.8296979926605138	0.8301822875012022	-0.0004842948406883485	0.0004842948406883485	0.0005837001474903009
1221	0.16059084787169692	0.1599285250080129	0.0006623228636840062	0.0006623228636840062	0.00412428773159704
1222	-0.2221326390008284	-0.22218661131034878	5.397230952036702e-05	5.397230952036702e-05	0.00024297334134748986
1223	-0.1063317757020899	-0.10617149752079058	-0.00016027818129932259	0.00016027818129932259	0.0015073403998102552
1224	0.4589070653511896	0.4583699980713618	0.0005370672798277742	0.0005370672798277742	0.0011703181763322182
1225	-0.7327555863793764	-0.7326908357327966	-6.475064657984753e-05	6.475064657984753e-05	8.836595419188462e-05
1226	-0.5653713337052603	-0.5655344926367434	0.00016315893148310945	0.00016315893148310945	0.00028858720235038935
1227	-0.1970562834771058	-0.19687460174111493	-0.00018168173599086845	0.00018168173599086845	0.0009219789026010755
1228	-0.5008274854819044	-0.5010440808348449	0.00021659535294049626	0.00021659535294049626	0.0004324749723591641
1229	-1.926352138309141	-1.9262427587705133	-0.00010937953862777405	0.00010937953862777405	5.6780656273874276e-05
1230	-2.4296135814234945	-2.4291942958569734	-0.00041928556652104376	0.00041928556652104376	0.0001725729431736989
1231	0.17919468276145456	0.17888159176493446	0.0003130909965201045	0.0003130909965201045	0.001747211422209965
1232	-0.36651448899450595	-0.36665532897472985	0.00014083998022390576	0.00014083998022390576	0.00038426851994387853
1233	1.2171785460741718	1.2173677249336379	-0.00018917885946612145	0.00018917885946612145	0.0001554240830782712
1234	0.35766630681591066	0.35755455807873204	0.00011174873717861855	0.00011174873717861855	0.0003124385357218877
1235	1.4574823183554506	1.4573571550897668	0.000125163265683792	0.000125163265683792	8.587635274026507e-05
1236	0.6877814142540292	0.6876979887664447	8.342548758444313e-05	8.342548758444313e-05	0.00012129651347867082
1237	-0.4358866942963997	-0.436199903049328	0.00031320875292828454	0.00031320875292828454	0.0007185554343058357
1238	0.3220744485942001	0.3221327117302053	-5.826313600520994e-05	5.826313600520994e-05	0.00018089959094711973
1239	-0.7844040133089625	-0.7809684785797799	-0.0034355347291825655	0.0034355347291825655	0.004379802590109098
1240	0.3439718274771514	0.34277091918966107	0.0012009082874903099	0.0012009082874903099	0.003491298390040624
1241	-0.06199311197087164	-0.06044017720796546	-0.0015529347629061746	0.0015529347629061746	0.025050117884642467
1242	0.7154250663566729	0.7136532873346368	0.0017717790220360685	0.0017717790220360685	0.002476540318972768
1243	0.1857585497496927	0.18564849983704335	0.00011004991264934594	0.00011004991264934594	0.0005924352488627673
1244	-0.5466531262225436	-0.5467389371318632	8.581090931958357e-05	8.581090931958357e-05	0.00015697506371645587
1245	0.1713906713565651	0.1712241801072878	0.00016649124927731185	0.00016649124927731185	0.000971413717908483
1246	-1.44356571253421	-1.443602560243562	3.684770935197257e-05	3.684770935197257e-05	2.5525481127759426e-05
1247	2.146644068884554	2.146977276765938	-0.00033320788138402335	0.00033320788138402335	0.00015522269677299875
1248	0.31798258321894257	0.3183095452783391	-0.00032696205939652945	0.00032696205939652945	0.0010282388931075644
1249	1.5656429382342067	1.5657199424339296	-7.700419972289652e-05	7.700419972289652e-05	4.918375565871032e-05
1250	-1.5970770934791303	-1.596928698887723	-0.00014839459140736366	0.00014839459140736366	9.291636077761002e-05
1251	0.6491432452277376	0.6487784798707708	0.0003647653569668341	0.0003647653569668341	0.000561918127699017
1252	-0.07802783564552904	-0.0783049378725309	0.00027710222700186304	0.00027710222700186304	0.0035513253021742745
1253	-1.1773847741029055	-1.17742026954204	3.5495439134392015e-05	3.5495439134392015e-05	3.014769675566541e-05
1254	-0.915892918647893	-0.9158152242747519	-7.769437314109062e-05	7.769437314109062e-05	8.482910126195608e-05
1255	-1.220408051064655	-1.220692226780784	0.00028417571612893155	0.00028417571612893155	0.0002328530329515799
1256	1.8366296130845925	1.8367747569953963	-0.00014514391080377997	0.00014514391080377997	7.902731708654795e-05
1257	0.34941571766783974	0.349045956895111	0.0003697607727287666	0.0003697607727287666	0.0010582259298371553
1258	0.7204645862989973	0.7207850160995122	-0.00032042980051483205	0.00032042980051483205	0.00044475440793123404
1259	-0.7548930546265112	-0.7548985364280725	5.481801561235677e-06	5.481801561235677e-06	7.261692934700318e-06
1260	-0.2998899450213994	-0.30155827565181426	0.0016683306304148826	0.0016683306304148826	0.005563142939973646
1261	0.443017962390796	0.4425182731182531	0.0004996892725429025	0.0004996892725429025	0.0011279210211844989
1262	-0.3584531051298716	-0.36208965006778726	0.0036365449379156534	0.0036365449379156534	0.010145106531014962
1263	0.3497302264535788	0.3500492190227078	-0.0003189925691289841	0.0003189925691289841	0.0009121103782298478
1264	1.3161988762272152	1.3161580777421023	4.079848511295836e-05	4.079848511295836e-05	3.099720403188927e-05
1265	0.6060938808324061	0.6069308731042611	-0.0008369922718549638	0.0008369922718549638	0.0013809614291195997
1266	-0.7211555849881726	-0.7212612391498396	0.0001056541616670792	0.0001056541616670792	0.0001465067509236748
1267	-1.5775982981665628	-1.5776169082784008	1.861011183801331e-05	1.861011183801331e-05	1.1796483210993205e-05
1268	-0.6888633924440538	-0.6885854246121426	-0.0002779678319112522	0.0002779678319112522	0.0004035166260251337
1269	0.5724471306468077	0.5724056690041834	4.1461642624307515e-05	4.1461642624307515e-05	7.2428771854372e-05
1270	0.4039170376901528	0.40421679574365044	-0.00029975805349763407	0.00029975805349763407	0.0007421277775551035
1271	-0.06508376175098894	-0.06471413190922704	-0.0003696298417619065	0.0003696298417619065	0.0056792943710923405
1272	-0.020094395741259364	-0.020249021147833446	0.00015462540657408194	0.00015462540657408194	0.007694951794772964
1273	-1.9588630905550573	-1.959153079440057	0.0002899888849996479	0.0002899888849996479	0.00014803938386397266
1274	2.3603089078165675	2.3597404261579413	0.0005684816586262187	0.0005684816586262187	0.00024085053305675127
1275	0.8496280232265622	0.8492990326800509	0.00032899054651125414	0.00032899054651125414	0.00038721715564638974
1276	1.7559108552854719	1.7553762538966566	0.0005346013888152257	0.0005346013888152257	0.0003044581603935192
1277	-0.20905048486455835	-0.20697967103444626	-0.002070813830112095	0.002070813830112095	0.009905807352964303
1278	-0.768501222669878	-0.7669593923793627	-0.0015418302905152448	0.0015418302905152448	0.0020062821567917825
1279	0.27356646478814245	0.2733841921411795	0.00018227264696296652	0.00018227264696296652	0.0006662828614761812
1280	-1.6467246620529932	-1.644995426403284	-0.001729235649709171	0.001729235649709171	0.0010501061225094608
1281	-0.09991396357698266	-0.09955544379636194	-0.00035851978062072243	0.00035851978062072243	0.0035882850383018453
1282	1.77671390998829	1.7768929499624164	-0.00017903997412638262	0.00017903997412638262	0.00010077028896991223
1283	0.8140812868640928	0.8145692615073585	-0.0004879746432657761	0.0004879746432657761	0.0005994175902820394
1284	-0.17704826502899745	-0.177127172619862	7.890759086454091e-05	7.890759086454091e-05	0.00044568406728875433
1285	-0.412059304492318	-0.41273065525615493	0.0006713507638369531	0.0006713507638369531	0.0016292576250986443
1286	-0.8154766074908718	-0.8154661474577551	-1.046003311666599e-05	1.046003311666599e-05	1.2826895364724581e-05
1287	0.17347155887789573	0.1731762464203257	0.00029531245757002944	0.00029531245757002944	0.0017023681546431244
1288	-1.0979307145082242	-1.0977650075147949	-0.0001657069934293265	0.0001657069934293265	0.00015092663975936637
1289	-0.1953867252949814	-0.19350837553133715	-0.0018783497636442603	0.0018783497636442603	0.009613497338718673
1290	-0.07362737013382209	-0.07390815845553789	0.00028078832171579693	0.00028078832171579693	0.0038136405144642213
1291	0.5790760248388134	0.5789042391626253	0.00017178567618802987	0.00017178567618802987	0.0002966547893877089
1292	-0.10571592700089752	-0.10607039422438902	0.0003544672234915003	0.0003544672234915003	0.003353016272453354
1293	-0.8239301985583899	-0.8232260274496639	-0.0007041711087260039	0.0007041711087260039	0.0008546489859918649
1294	0.4484399338273309	0.44841797863170996	2.1955195620926293e-05	2.1955195620926293e-05	4.8959055527334036e-05
1295	0.26693603414751477	0.26711481562813333	-0.0001787814806185617	0.0001787814806185617	0.0006697540150003244
1296	0.25660134203518614	0.2566697497456971	-6.840771051097594e-05	6.840771051097594e-05	0.0002665913980356175
1297	-0.7490632802423678	-0.7490118313171479	-5.144892521991018e-05	5.144892521991018e-05	6.868435094464022e-05
1298	-0.40494149334835894	-0.40499687760586767	5.538425750872822e-05	5.538425750872822e-05	0.00013677101116699547
1299	0.3451202929161383	0.34489606163390363	0.00022423128223469924	0.00022423128223469924	0.0006497192046866563
1300	-0.36591083936157404	-0.36588988292862723	-2.0956432946805936e-05	2.0956432946805936e-05	5.7271965442100174e-05
1301	1.1344800227315675	1.1348650244116243	-0.0003850016800568401	0.0003850016800568401	0.00033936400143022745
1302	-0.43475186018646206	-0.4348174677488714	6.560756240936438e-05	6.560756240936438e-05	0.00015090806599706269
1303	0.36825919786673467	0.3662009057308069	0.002058292135927786	0.002058292135927786	0.005589248409411458
1304	-0.8847010184003884	-0.8866892406018678	0.001988222201479428	0.001988222201479428	0.0022473379821290316
1305	0.14117785203339683	0.14291579637415452	-0.0017379443407576911	0.0017379443407576911	0.012310318620987132
1306	-0.08289775184163493	-0.08331455856591674	0.0004168067242818069	0.0004168067242818069	0.005027961736261079
1307	-0.3614150448952065	-0.361096031738839	-0.00031901315636750915	0.00031901315636750915	0.0008826781310667576
1308	0.06394099042680068	0.06441946807456134	-0.0004784776477606556	0.0004784776477606556	0.007483112860261593
1309	-0.026380599323516503	-0.030183846277509474	0.003803246953992971	0.003803246953992971	0.14416833019417555
1310	0.00835546529087947	0.004123472550077167	0.004231992740802302	0.004231992740802302	0.506493964545792
1311	-0.17476428791309498	-0.17120504882939258	-0.003559239083702398	0.003559239083702398	0.020365940468754694
1312	0.04845654728069598	0.048435898449383785	2.0648831312197746e-05	2.0648831312197746e-05	0.0004261308836674747
1313	-0.19206006698591768	-0.19219392613933906	0.0001338591534213729	0.0001338591534213729	0.0006969650459988008
1314	0.05670343125197605	0.056726407450469196	-2.297619849314647e-05	2.297619849314647e-05	0.00040519943830287654
1315	0.24138856305426903	0.2416045324764582	-0.00021596942218915505	0.00021596942218915505	0.0008946961672769921
1316	-0.29158754837475237	-0.2913899924976704	-0.00019755587708197853	0.00019755587708197853	0.0006775182211418609
1317	0.018928365741522696	0.018648731327175483	0.0002796344143472136	0.0002796344143472136	0.014773299405018701
1318	0.016241495897441324	0.01686772829145866	-0.000626232394017337	0.000626232394017337	0.038557556395774684
1319	-1.810713697001842	-1.81102710007508	0.0003134030732379056	0.0003134030732379056	0.00017308262137566787
1320	0.8830688726323892	0.8829687090496918	0.0001001635826973768	0.0001001635826973768	0.00011342669388718639
1321	0.38949280295257704	0.38965912538913017	-0.0001663224365531235	0.0001663224365531235	0.000427023131858419
1322	2.4163092296278452	2.416073362283555	0.00023586734429015266	0.00023586734429015266	9.761471809900774e-05
1323	-0.37123901723360875	-0.3713163446974477	7.732746383892763e-05	7.732746383892763e-05	0.00020829562693909395
1324	-0.72488141542006	-0.7248640556269947	-1.7359793065274687e-05	1.7359793065274687e-05	2.394845928725445e-05
1325	-0.5236491220983073	-0.5237069348424939	5.781274418659166e-05	5.781274418659166e-05	0.00011040359230419599
1326	-0.30274170783813636	-0.3026247358235423	-0.00011697201459404116	0.00011697201459404116	0.00038637561844164967
1327	0.7641760240223141	0.7644004943898608	-0.00022447036754669192	0.00022447036754669192	0.0002937417041235742
1328	0.9081536360237281	0.9081597442985867	-6.1082748585850055e-06	6.1082748585850055e-06	6.726036890992979e-06
1329	-2.339383027689354	-2.3396289924733082	0.00024596478395411125	0.00024596478395411125	0.00010514087733510429
1330	0.9700901842507159	0.9702673020512975	-0.00017711780058160542	0.00017711780058160542	0.0001825786957306539
1331	-0.8176738557046328	-0.8175039144617813	-0.00016994124285152346	0.00016994124285152346	0.00020783499639361234
1332	1.0962426008752781	1.0960207695234203	0.00022183135185782632	0.00022183135185782632	0.00020235607673037745
1333	-1.2183235939863315	-1.2178897135868283	-0.0004338803995032059	0.0004338803995032059	0.00035612902979540725
1334	-0.10624182971779497	-0.10636334799585256	0.00012151827805759186	0.00012151827805759186	0.0011437893942562451
1335	0.6903404717335783	0.6902241350417171	0.00011633669186117412	0.00011633669186117412	0.00016852074682660603
1336	1.5296477165334421	1.5292696589170873	0.00037805761635478774	0.00037805761635478774	0.00024715338850147747
1337	0.6464773723008242	0.6460625592410452	0.00041481305977908445	0.00041481305977908445	0.0006416513207612472
1338	0.5054045349690085	0.5048131877884998	0.0005913471805086834	0.0005913471805086834	0.0011700472385847208
1339	-1.482860065656271	-1.4830562995484797	0.00019623389220879695	0.00019623389220879695	0.00013233473390622972
1340	0.2879705897751562	0.2877780515575523	0.00019253821760389922	0.00019253821760389922	0.000668603754828681
1341	-0.0726731063070242	-0.07247629024220714	-0.00019681606481705693	0.00019681606481705693	0.00270823795511867
1342	0.20890212086941484	0.20929833807770137	-0.0003962172082865312	0.0003962172082865312	0.0018966643643326504
1343	-0.8504266055977577	-0.8506382420847558	0.00021163648699806803	0.00021163648699806803	0.0002488592026695949
1344	-0.4940009375597295	-0.49403004206283185	2.9104503102339585e-05	2.9104503102339585e-05	5.891588636675526e-05
1345	0.9894896314630853	0.9894265223095999	6.31091534853967e-05	6.31091534853967e-05	6.377949953056288e-05
1346	-2.206917691989079	-2.2070189759659797	0.00010128397690056801	0.00010128397690056801	4.5893862407383885e-05
1347	-1.739684655704464	-1.7394422248457886	-0.00024243085867547975	0.00024243085867547975	0.00013935333503146312
1348	-0.22274656717032426	-0.22228066245588707	-0.00046590471443719306	0.00046590471443719306	0.002091635890760717
1349	2.0664203111807176	2.0662939253810464	0.00012638579967116925	0.00012638579967116925	6.116170993255218e-05
1350	1.2836514062219169	1.2833979853610344	0.0002534208608824251	0.0002534208608824251	0.00019742186987376997
1351	-0.547370567213015	-0.5478051039347065	0.00043453672169146973	0.00043453672169146973	0.0007938620519987973
1352	-0.5381558288168992	-0.5382112024392427	5.537362234353527e-05	5.537362234353527e-05	0.00010289514556642562
1353	0.2376676551148141	0.2373611350634519	0.00030652005136219684	0.00030652005136219684	0.001289700322133111
1354	0.11428738789895385	0.11064257641635322	0.003644811482600624	0.003644811482600624	0.031891633447980725
1355	-0.9611598147750704	-0.9570935289957561	-0.004066285779314338	0.004066285779314338	0.0042306031908605395
1356	-0.11494465086463324	-0.11502177306965677	7.712220502353873e-05	7.712220502353873e-05	0.0006709507962607426
1357	0.07730227053278974	0.07731656612008919	-1.4295587299456569e-05	1.4295587299456569e-05	0.00018493101432761578
1358	0.454240124150453	0.45396143877951545	0.0002786853709375592	0.0002786853709375592	0.0006135199338868912
1359	-0.03204311318890496	-0.03158511535161779	-0.0004579978372871718	0.0004579978372871718	0.01429317540362324
1360	-0.3472969704019707	-0.34742814355581686	0.00013117315384614248	0.00013117315384614248	0.00037769737436614895
1361	-0.04560499239043882	-0.04551183714340823	-9.315524703058797e-05	9.315524703058797e-05	0.00204265458994174
1362	0.3219218719505788	0.32172704568722565	0.0001948262633531539	0.0001948262633531539	0.0006051973485761274
1363	-0.17726392250854134	-0.17759678615902885	0.00033286365048751376	0.00033286365048751376	0.0018777856530365052
1364	-0.8822291684406263	-0.8827150083732249	0.0004858399325986529	0.0004858399325986529	0.0005506958395599111
1365	-0.07905629731665399	-0.07936276627162897	0.0003064689549749783	0.0003064689549749783	0.003876591307425393
1366	-0.6908154794376347	-0.6907612911106753	-5.4188326959359046e-05	5.4188326959359046e-05	7.844110123802032e-05
1367	-0.12768161136030276	-0.12799452896672392	0.0003129176064211592	0.0003129176064211592	0.002450764860243985
1368	-0.13485008989205113	-0.1350045988601778	0.00015450896812665982	0.00015450896812665982	0.0011457832045224873
1369	0.4306645324771994	0.4302377919884748	0.00042674048872459736	0.00042674048872459736	0.0009908883981459287
1370	0.8894409542159247	0.8891489454043722	0.00029200881155255765	0.00029200881155255765	0.0003283060108357325
1371	0.7346427788174993	0.7348506196933613	-0.00020784087586200872	0.00020784087586200872	0.00028291420245980635
1372	-1.1708958671817165	-1.1713263405823682	0.0004304734006517208	0.0004304734006517208	0.0003676444786570536
1373	-0.03427845688859982	-0.034089827664729455	-0.0001886292238703624	0.0001886292238703624	0.005502850507051148
1374	1.1546609591026051	1.1548762603581508	-0.0002153012555456968	0.0002153012555456968	0.00018646274808929844
1375	1.411784893753485	1.4118668194811335	-8.192572764853523e-05	8.192572764853523e-05	5.802989393853117e-05
1376	-0.7134731512602176	-0.7136121900117587	0.00013903875154108736	0.00013903875154108736	0.00019487594073512265
1377	-0.30519657439951003	-0.3049757862640945	-0.00022078813541553943	0.00022078813541553943	0.0007234292712818008
1378	-0.42291161679008415	-0.42297734309215684	6.572630207268837e-05	6.572630207268837e-05	0.00015541380152087945
1379	0.7192905511124881	0.7188489639275986	0.00044158718488951365	0.00044158718488951365	0.0006139204584385746
1380	-0.3352127042125936	-0.3353281970817079	0.00011549286911433088	0.00011549286911433088	0.0003445360741491609
1381	0.22040485675809374	0.22039608923307696	8.767525016772915e-06	8.767525016772915e-06	3.977918248142666e-05
1382	1.8054420713106731	1.8052602459590616	0.0001818253516114865	0.0001818253516114865	0.0001007096015434542
1383	-0.8912614789413219	-0.8911738721195661	-8.760682175579237e-05	8.760682175579237e-05	9.829530819603633e-05
1384	0.2928388788107673	0.2931968409001229	-0.00035796208935556795	0.00035796208935556795	0.001222385807544644
1385	-0.07372969419955257	-0.07364049227476244	-8.920192479013045e-05	8.920192479013045e-05	0.0012098507359694403
1386	0.7041300720609424	0.7043448996455481	-0.00021482758460578122	0.00021482758460578122	0.0003050964489799378
1387	-0.7840228741535178	-0.7836467577391204	-0.0003761164143973872	0.0003761164143973872	0.0004797263278873936
1388	-2.028928004002019	-2.0287753734464786	-0.00015263055554015637	0.00015263055554015637	7.522719152138259e-05
1389	0.17145478302867803	0.17148742438166664	-3.2641352988610484e-05	3.2641352988610484e-05	0.00019037878332709327
1390	0.09664986519667505	0.09722358369401718	-0.0005737184973421267	0.0005737184973421267	0.005936050672959073
1391	-2.0767020596562125	-2.0765178026351805	-0.00018425702103197494	0.00018425702103197494	8.872578527825882e-05
1392	-1.9987644182419047	-1.9990542928240984	0.00028987458219376094	0.00028987458219376094	0.00014502688738512367
1393	0.23814685614890324	0.23819542759895285	-4.8571450049605946e-05	4.8571450049605946e-05	0.00020395587342642162
1394	-0.008196445689993148	-0.008079098790858552	-0.00011734689913459571	0.00011734689913459571	0.014316803108676954
1395	-0.11443481858097371	-0.11433106602964926	-0.00010375255132444305	0.00010375255132444305	0.0009066519492144612
1396	-0.06757704605378913	-0.06725109973615417	-0.00032594631763495363	0.00032594631763495363	0.004823328876724073
1397	1.5475061746172927	1.547166305087444	0.0003398695298486576	0.0003398695298486576	0.00021962402181219685
1398	1.5255734609394191	1.525754267149182	-0.00018080620976279604	0.00018080620976279604	0.00011851688194120723
1399	-3.5133260138954334	-3.513041854716903	-0.00028415917853052974	0.00028415917853052974	8.088039009379194e-05
1400	-0.12559016464165046	-0.12604237078051028	0.0004522061388598231	0.0004522061388598231	0.0036006493036306953
1401	-3.2282537318083904	-3.228201960510546	-5.1771297844283026e-05	5.1771297844283026e-05	1.6036935800359776e-05
1402	-0.014664139216373029	-0.014382438322968483	-0.00028170089340454584	0.00028170089340454584	0.01921018951388683
1403	0.47197320898066103	0.47180583410977306	0.00016737487088797076	0.00016737487088797076	0.0003546279062098817
1404	2.122292826354781	2.12245909359865	-0.00016626724386892278	0.00016626724386892278	7.834321532080988e-05
1405	2.969739785307377	2.9697739873455475	-3.420203817050549e-05	3.420203817050549e-05	1.1516846809177753e-05
1406	0.21821871434178822	0.2185426179011074	-0.00032390355931918857	0.00032390355931918857	0.001484306972920159
1407	0.5778956313368129	0.578167270987251	-0.00027163965043808247	0.00027163965043808247	0.00047004966936627297
1408	1.1465454584025354	1.146273221621641	0.000272236780894497	0.000272236780894497	0.00023744089595348483
1409	-0.2741268529082622	-0.27352706358385603	-0.0005997893244061858	0.0005997893244061858	0.002187999161858499
1410	-0.05877212926891322	-0.05936706192244401	0.0005949326535307914	0.0005949326535307914	0.010122700350172162
1411	0.09464222109018298	0.09481679444434121	-0.00017457335415822783	0.00017457335415822783	0.0018445610441863976
1412	0.5578762492641703	0.5578448678278392	3.138143633119039e-05	3.138143633119039e-05	5.6251608439294546e-05
1413	-0.5804398029493444	-0.5807429543693843	0.00030315142003989326	0.00030315142003989326	0.0005222788280533367
1414	-1.0167816873000142	-1.0167118279298393	-6.985937017489618e-05	6.985937017489618e-05	6.870636150067021e-05
1415	-0.5154203927641166	-0.5151832839800363	-0.00023710878408023106	0.00023710878408023106	0.00046002988513639293
1416	0.5631425363043413	0.5629768428434545	0.00016569346088679549	0.00016569346088679549	0.00029423005758749703
1417	-1.1117043737605088	-1.1122563937107088	0.0005520199502000445	0.0005520199502000445	0.000496552827558601
1418	0.26507537112172175	0.2651898762877636	-0.00011450516604183392	0.00011450516604183392	0.00043197210498010965
1419	-0.021547085344967045	-0.021280962641867518	-0.0002661227030995271	0.0002661227030995271	0.012350751799555474
1420	1.0866312047737892	1.0864870789362158	0.00014412583757339448	0.00014412583757339448	0.00013263546724980905
1421	-0.060361643531829594	-0.06046048112295921	9.883759112961493e-05	9.883759112961493e-05	0.0016374237901175836
1422	-0.3962815196980209	-0.3961710998083845	-0.00011041988963639282	0.00011041988963639282	0.00027864001763326304
1423	0.11741029419621067	0.11727192863020264	0.00013836556600803351	0.00013836556600803351	0.001178478999267333
1424	-0.3147181811834027	-0.3147398813325708	2.1700149168080163e-05	2.1700149168080163e-05	6.895105038572383e-05
1425	0.09508677995072332	0.09505509444807103	3.1685502652284425e-05	3.1685502652284425e-05	0.00033322721274928814
1426	0.8047269794322871	0.8042447197311731	0.0004822597011140406	0.0004822597011140406	0.0005992836246825745
1427	-0.5371321431861045	-0.5375539182068678	0.0004217750207633486	0.0004217750207633486	0.0007852351160023816
1428	0.08113702629135784	0.0811699247691422	-3.289847778435717e-05	3.289847778435717e-05	0.00040546812334754363
1429	-0.36133165264017386	-0.36136423067034684	3.2578030172980554e-05	3.2578030172980554e-05	9.016101948152005e-05
1430	0.07393527403525417	0.07388744586478424	4.78281704699296e-05	4.78281704699296e-05	0.00064689244875354
1431	-0.03156812547917697	-0.03180162872240544	0.0002335032432284681	0.0002335032432284681	0.007396804203103284
1432	-0.19942024525341576	-0.19993737220147523	0.0005171269480594709	0.0005171269480594709	0.0025931517003317563
1433	0.008855289043093687	0.009064022904681224	-0.00020873386158753657	0.00020873386158753657	0.023571659894075375
1434	-0.054205876556935643	-0.054412060976005705	0.00020618441907006152	0.00020618441907006152	0.00380372815950119
1435	-2.511390659786234	-2.5112213774178826	-0.00016928236835145327	0.00016928236835145327	6.740582859612225e-05
1436	0.008794799209889435	0.008946931032483008	-0.0001521318225935729	0.0001521318225935729	0.017297930170197196
1437	-0.8179961972161696	-0.8179616867494133	-3.451046675628788e-05	3.451046675628788e-05	4.218903079712961e-05
1438	1.89234402645932	1.8922793056646015	6.472079471864234e-05	6.472079471864234e-05	3.4201389289524966e-05
1439	-0.139123868385767	-0.13930205410872532	0.0001781857229583017	0.0001781857229583017	0.00128077033097026
1440	-0.09351250207395886	-0.09342274766765968	-8.975440629918618e-05	8.975440629918618e-05	0.0009598118359425309
1441	0.2587889999212385	0.258836760366421	-4.776044518250977e-05	4.776044518250977e-05	0.00018455361393662594
1442	-0.2251700570632446	-0.2254732302873208	0.00030317322407619196	0.00030317322407619196	0.0013464189156866368
1443	0.4949464219504719	0.4947061720201873	0.0002402499302845973	0.0002402499302845973	0.00048540593411672045
1444	-0.5882240932906471	-0.587931935456254	-0.00029215783439306975	0.00029215783439306975	0.0004966777759113512
1445	-0.6711223396159627	-0.6712016912331364	7.935161717376182e-05	7.935161717376182e-05	0.00011823718641100416
1446	-0.3305801988652573	-0.330556349851463	-2.384901379431925e-05	2.384901379431925e-05	7.214289868595542e-05
1447	0.42548229959193545	0.4255555517573839	-7.325216544845636e-05	7.325216544845636e-05	0.00017216266227457604
1448	1.4970446092749143	1.4972112605562415	-0.00016665128132720142	0.00016665128132720142	0.00011132018397762915
1449	0.19133068351914792	0.19131716831566337	1.3515203484554261e-05	1.3515203484554261e-05	7.063793028890576e-05
1450	0.058897523016337494	0.058467477998647155	0.0004300450176903392	0.0004300450176903392	0.007301580706051928
1451	-1.0401655662877565	-1.0404533459364984	0.00028777964874193707	0.00028777964874193707	0.0002766671557577059
1452	0.7024278085391469	0.7029289615445578	-0.0005011530054108704	0.0005011530054108704	0.0007134583786668815
1453	1.9642331840521847	1.9641585166283448	7.466742383988034e-05	7.466742383988034e-05	3.8013523265014045e-05
1454	1.6783376951281719	1.678398118897917	-6.0423769745021616e-05	6.0423769745021616e-05	3.600215255870014e-05
1455	0.36914383371679427	0.3688467067206602	0.00029712699613404503	0.00029712699613404503	0.0008049084638428492
1456	-1.1926362943957496	-1.192662537363276	2.6242967526401983e-05	2.6242967526401983e-05	2.2004166441788535e-05
1457	-0.926751488520335	-0.9264925357115317	-0.0002589528088032811	0.0002589528088032811	0.00027941990060002917
1458	0.06222339018415499	0.061806629972238625	0.00041676021191636853	0.00041676021191636853	0.006697806253933353
1459	-0.26117301956910205	-0.26132043063853416	0.0001474110694321129	0.0001474110694321129	0.00056441921020525
1460	-0.06290138651582562	-0.06313086475984164	0.0002294782440160209	0.0002294782440160209	0.003648222348139902
1461	-0.08511889514293701	-0.08493124053643442	-0.00018765460650259358	0.00018765460650259358	0.0022046175081040717
1462	0.31642636283234127	0.3157499869956837	0.0006763758366575834	0.0006763758366575834	0.002137545780330451
1463	0.6164200690143109	0.6167397030765187	-0.00031963406220780755	0.00031963406220780755	0.0005185328613958331
1464	0.16551089879929953	0.16589807982825278	-0.0003871810289532429	0.0003871810289532429	0.0023393083583138725
1465	-0.40886519676676525	-0.40894568222427097	8.0485457505719e-05	8.0485457505719e-05	0.00019685084018445195
1466	-0.23179798810207697	-0.2315806235060336	-0.000217364596043379	0.000217364596043379	0.0009377328846687749
1467	-0.43937788099689457	-0.43933005011354	-4.783088335458263e-05	4.783088335458263e-05	0.00010886047164245096
1468	-0.276044430236407	-0.27602754741451463	-1.6882821892383326e-05	1.6882821892383326e-05	6.115979908714231e-05
1469	-0.15742480500237996	-0.1576179576687764	0.00019315266639644002	0.00019315266639644002	0.0012269519177331675
1470	0.8626739113852506	0.8625212284414374	0.00015268294381320935	0.00015268294381320935	0.00017698801574749906
1471	0.33238129340544725	0.3325479993918634	-0.0001667059864161602	0.0001667059864161602	0.0005015504474038132
1472	-0.2968414067247486	-0.29742849677916183	0.0005870900544132085	0.0005870900544132085	0.00197779029849969
1473	1.7178374558745677	1.7179662545316887	-0.0001287986571210098	0.0001287986571210098	7.49772085132683e-05
1474	1.5032284458721368	1.503256079587345	-2.7633715208308374e-05	2.7633715208308374e-05	1.8382911316101366e-05
1475	0.3140522977016982	0.3136054981069947	0.0004467995947035064	0.0004467995947035064	0.001422691691712754
1476	-0.48095871344049024	-0.4808703507848122	-8.836265567802037e-05	8.836265567802037e-05	0.000183721914602455
1477	-1.677038013819954	-1.6788486442891326	0.0018106304691785091	0.0018106304691785091	0.001079659765764199
1478	0.02401119139802401	0.02198114697193887	0.002030044426085141	0.002030044426085141	0.08454576003472292
1479	-1.2182203153181645	-1.2199257360805404	0.0017054207623758977	0.0017054207623758977	0.0013999280269189158
1480	1.3247134348507639	1.3236194404413482	0.0010939944094157106	0.0010939944094157106	0.0008258347659461572
1481	-2.444078982570974	-2.4478746954343933	0.003795712863419176	0.003795712863419176	0.0015530238140775599
1482	1.0844844672965979	1.0879967657189127	-0.003512298422314819	0.003512298422314819	0.0032386802469105656
1483	0.9188700923754471	0.9187242814334695	0.000145810941977631	0.000145810941977631	0.0001586850450216342
1484	0.28267581375137296	0.2828306685529469	-0.00015485480157395592	0.00015485480157395592	0.0005478176555641163
1485	-0.22796103342822926	-0.22799440374399182	3.337031576255978e-05	3.337031576255978e-05	0.00014638605230339076
1486	-2.1846934137554035	-2.1848953443850405	0.00020193062963702602	0.00020193062963702602	9.242973332808061e-05
1487	1.9451527160872935	1.944952862444893	0.00019985364240038272	0.00019985364240038272	0.00010274444815952118
1488	-0.5118088187598867	-0.5157251883503022	0.003916369590415525	0.003916369590415525	0.007652016625866066
1489	-0.5799676884884101	-0.5793009472796484	-0.0006667412087616453	0.0006667412087616453	0.001149617852848658
1490	0.034974279467776384	0.03581756986648088	-0.0008432903987044965	0.0008432903987044965	0.024111730435546604
1491	0.9006496471710195	0.9002923850971456	0.0003572620738738763	0.0003572620738738763	0.00039667153037371676
1492	0.5045515118277313	0.5043916160190065	0.00015989580872477482	0.00015989580872477482	0.0003169068072862458
1493	-0.15397054590400153	-0.1537788945711327	-0.00019165133286883074	0.00019165133286883074	0.0012447272414577437
1494	-0.5922763358656037	-0.5921043324974562	-0.00017200336814748862	0.00017200336814748862	0.0002904106710529099
1495	0.35644754232310294	0.35659194342940737	-0.00014440110630442593	0.00014440110630442593	0.00040511180232386933
1496	-0.3195113930696689	-0.31936568538526444	-0.00014570768440447246	0.00014570768440447246	0.00045603282876583107
1497	-0.027333493703360894	-0.02747238261235907	0.00013888890899817555	0.00013888890899817555	0.005081271735895874
1498	-0.309486811563112	-0.31254677099923356	0.0030599594361215843	0.0030599594361215843	0.00988720462971193
1499	-0.08270760919384434	-0.0858645611714337	0.0031569519775893617	0.0031569519775893617	0.03817003064603545
1500	-1.4887618873130943	-1.4922078919283877	0.003446004615293319	0.003446004615293319	0.002314678152805645
1501	0.23098519889365485	0.23108140675276445	-9.620785910960383e-05	9.620785910960383e-05	0.0004165109261130526
1502	-0.035373610517368086	-0.03521501059822185	-0.00015859991914623367	0.00015859991914623367	0.0044835660490003615
1503	-0.23578726310532788	-0.2356908101432964	-9.645296203147913e-05	9.645296203147913e-05	0.0004090677365740188
1504	0.4903636500020837	0.49052041867980734	-0.0001567686777236288	0.0001567686777236288	0.00031969881479380175
1505	0.16813675069861225	0.1683873382631873	-0.00025058756457504994	0.00025058756457504994	0.001490379488921087
1506	1.5662800422451857	1.566161993267201	0.00011804897798461944	0.00011804897798461944	7.536901116061085e-05
1507	0.38297647666912377	0.38301144675756404	-3.497008844027816e-05	3.497008844027816e-05	9.131132215854319e-05
1508	-0.9348440883483884	-0.9353735173931454	0.0005294290447570571	0.0005294290447570571	0.0005663287080227594
1509	2.7473245787503644	2.7472804161874365	4.416256292794074e-05	4.416256292794074e-05	1.6074752604596986e-05
1510	0.7863624251714444	0.7865668404036796	-0.00020441523223524438	0.00020441523223524438	0.00025995040669787514
1511	-0.047185196627042916	-0.04718983738882798	4.640761785065783e-06	4.640761785065783e-06	9.835207049674678e-05
1512	-1.4844558317412722	-1.484067875892947	-0.00038795584832507224	0.00038795584832507224	0.0002613454978111397
1513	-0.8286098434634125	-0.8286296480832789	1.9804619866392592e-05	1.9804619866392592e-05	2.390101930676264e-05
1514	0.333836021805311	0.3340326030780716	-0.00019658127276056536	0.00019658127276056536	0.000588855785237008
1515	-0.9563691743350954	-0.9563103089220704	-5.886541302502213e-05	5.886541302502213e-05	6.155093096339876e-05
1516	1.0295433449483355	1.029446206999296	9.713794903953854e-05	9.713794903953854e-05	9.43505191074914e-05
1517	1.5875806738140938	1.5874546221539276	0.00012605166016621538	0.00012605166016621538	7.939858568785782e-05
1518	0.8857639428987671	0.8855744349887118	0.00018950791005534207	0.00018950791005534207	0.00021394854867895732
1519	-0.9205228898760144	-0.9204179776247656	-0.00010491225124875658	0.00010491225124875658	0.00011397027972100429
1520	-1.242368916684356	-1.2422361268704663	-0.0001327898138896444	0.0001327898138896444	0.00010688436591285213
1521	-1.2555787804003127	-1.25581825783172	0.00023947743140739775	0.00023947743140739775	0.00019073070933155293
1522	0.27363613404108483	0.273334301198247	0.00030183284283785694	0.00030183284283785694	0.0011030445372121013
1523	-0.5727482898364402	-0.5730166389952274	0.00026834915878715115	0.00026834915878715115	0.00046852895687175887
1524	0.039375080651935984	0.03955002699740362	-0.00017494634546763588	0.00017494634546763588	0.004443072688894522
1525	2.9898726639790856	2.9901931435603046	-0.0003204795812190575	0.0003204795812190575	0.00010718837129088495
1526	-0.1630672444766577	-0.16276595428621476	-0.0003012901904429488	0.0003012901904429488	0.0018476438441693117
1527	-2.062234510542996	-2.062773034523957	0.0005385239809609921	0.0005385239809609921	0.00026113615023307715
1528	-2.0991141042513144	-2.0990901464443823	-2.3957806932095593e-05	2.3957806932095593e-05	1.1413294248070693e-05
1529	0.03598752696789681	0.03533126994170743	0.0006562570261893774	0.0006562570261893774	0.018235680011432876
1530	2.171570823657173	2.1717518865926877	-0.00018106293551456432	0.00018106293551456432	8.337878439978009e-05
1531	-0.4385341527625221	-0.43853504482171957	8.920591974548309e-07	8.920591974548309e-07	2.0341840922431068e-06
1532	0.48138631067044224	0.4811115663443388	0.0002747443261034155	0.0002747443261034155	0.000570735644145697
1533	-0.28093229380380424	-0.2810946104574441	0.00016231665363986014	0.00016231665363986014	0.0005777785509885803
1534	0.17482663220409303	0.18170199302858236	-0.006875360824489335	0.006875360824489335	0.03932673608025019
1535	0.2622886858447501	0.266464219748741	-0.004175533903990891	0.004175533903990891	0.01591961121213749
1536	0.4147148663730248	0.4182325768198325	-0.003517710446807709	0.003517710446807709	0.008482238598226725
1537	0.3991880490558082	0.39898019571182886	0.0002078533439793251	0.0002078533439793251	0.0005206902973948158
1538	-0.2518234142595445	-0.25212859868872783	0.0003051844291833139	0.0003051844291833139	0.001211898544385441
1539	0.38102495242814277	0.38064722346575763	0.00037772896238513765	0.00037772896238513765	0.0009913496740252812
1540	-0.066427319079885	-0.06643092220315339	3.60312326838641e-06	3.60312326838641e-06	5.4241587923386175e-05
1541	0.12329279969616097	0.1267212767430692	-0.0034284770469082404	0.0034284770469082404	0.027807601541673763
1542	-0.19445665673206253	-0.19804675758905432	0.003590100856991796	0.003590100856991796	0.018462216297066732
1543	-1.7304186724775708	-1.7305294016978223	0.00011072922025157084	0.00011072922025157084	6.39898436215043e-05
1544	0.27581573367136414	0.27606812564329175	-0.0002523919719276124	0.0002523919719276124	0.0009150745991464677
1545	-2.3296593951681746	-2.329041601697668	-0.0006177934705067223	0.0006177934705067223	0.00026518617776832766
1546	1.2848222093789028	1.2851678690708468	-0.00034565969194400026	0.00034565969194400026	0.000269033092221449
1547	-0.016874388860414192	-0.016811743705602566	-6.264515481162539e-05	6.264515481162539e-05	0.0037124399188515397
1548	1.682929875012869	1.6829366490895836	-6.774076714677335e-06	6.774076714677335e-06	4.025168734155091e-06
1549	-0.28234394342262	-0.2828538651300505	0.0005099217074305273	0.0005099217074305273	0.0018060302666640271
1550	-0.14807810750307365	-0.14825964152009874	0.00018153401702508676	0.00018153401702508676	0.001225934205171542
1551	0.645968534537174	0.6457520885163603	0.00021644602081360986	0.00021644602081360986	0.00033507208051347263
1552	-0.19037239736098321	-0.19054010613217542	0.00016770877119220984	0.00016770877119220984	0.000880951091214139
1553	0.020237243473566518	0.020232159954503004	5.083519063513869e-06	5.083519063513869e-06	0.00025119621998687027
1554	-0.28469404288507116	-0.28479863445340925	0.00010459156833808603	0.00010459156833808603	0.00036738235643486527
1555	-0.10999508178957032	-0.1099185965642846	-7.648522528572177e-05	7.648522528572177e-05	0.0006953513197257704
1556	-0.4523126338964036	-0.452363554444446	5.0920548042399094e-05	5.0920548042399094e-05	0.00011257821300225232
1557	-0.021667058399823896	-0.02122572402640799	-0.0004413343734159074	0.0004413343734159074	0.020368910503305537
1558	0.4788212184868353	0.4782998772867586	0.0005213412000766859	0.0005213412000766859	0.0010888013729304265
1559	0.35682944844175224	0.3567816480796182	4.7800362134031715e-05	4.7800362134031715e-05	0.0001339585685620185
1560	-0.24015099894405503	-0.240246356227658	9.53572836029648e-05	9.53572836029648e-05	0.0003970721921718052
1561	-0.12943322457193845	-0.1296344323975518	0.0002012078256133365	0.0002012078256133365	0.0015545299615208614
1562	0.3188785721872073	0.3183715422636624	0.0005070299235448994	0.0005070299235448994	0.0015900407483235726
1563	-0.15965053763943282	-0.1597343060240064	8.376838457357927e-05	8.376838457357927e-05	0.0005246984182588116
1564	-0.19101007182121446	-0.19636599454031511	0.005355922719100653	0.005355922719100653	0.028040001597998455
1565	0.47962948597637295	0.47842228067906944	0.0012072052973035041	0.0012072052973035041	0.0025169538833627347
1566	-0.2125556771610241	-0.20931668346690913	-0.0032389936941149833	0.0032389936941149833	0.015238330668821631
1567	0.5664867411111241	0.5645449627564858	0.0019417783546382683	0.0019417783546382683	0.0034277560509705946
1568	-0.8918417088147691	-0.8919063497074831	6.4640892713963e-05	6.4640892713963e-05	7.248023060041541e-05
1569	0.09541412087944176	0.09571550759801539	-0.00030138671857363186	0.00030138671857363186	0.0031587223756370597
1570	0.003524650411372364	-0.0003864944204678977	0.003911144831840262	0.003911144831840262	1.1096546821270175
1571	0.6569392244146511	0.6566955493667592	0.0002436750478919114	0.0002436750478919114	0.00037092479613929556
1572	0.3626967023020963	0.36326085846383194	-0.0005641561617356627	0.0005641561617356627	0.0015554488313648009
1573	-0.04988652079633329	-0.04960471243009579	-0.0002818083662375001	0.0002818083662375001	0.0056489881783500385
1574	-0.13447659069562848	-0.13426769010038697	-0.00020890059524150684	0.00020890059524150684	0.001553434647330762
1575	0.07029645770798514	0.07051494942800218	-0.0002184917200170472	0.0002184917200170472	0.0031081469414102245
1576	0.003804348633797528	0.004276105428857591	-0.00047175679506006275	0.00047175679506006275	0.12400461694520142
1577	-0.009002030048698423	-0.009164977313957934	0.00016294726525951063	0.00016294726525951063	0.018101168778376905
1578	0.17946576888684468	0.1796332745698237	-0.0001675056829790189	0.0001675056829790189	0.0009333572860049609
1579	2.7580071512101987	2.758059300887794	-5.2149677595370036e-05	5.2149677595370036e-05	1.8908463515943763e-05
1580	2.2861332942393333	2.2861755802807693	-4.228604143596826e-05	4.228604143596826e-05	1.8496752373329186e-05
1581	0.7096229865547484	0.7100925723193541	-0.00046958576460565116	0.00046958576460565116	0.0006617397878914707
1582	-1.6304035164972461	-1.6304950504206772	9.153392343108635e-05	9.153392343108635e-05	5.6141882978600016e-05
1583	0.11997208649379809	0.1202864774398904	-0.00031439094609231333	0.00031439094609231333	0.0026205341198976785
1584	0.6978438415682731	0.6978376595156988	6.18205257429949e-06	6.18205257429949e-06	8.858790758125037e-06
1585	-0.8638912384427647	-0.8641292056239536	0.0002379671811888473	0.0002379671811888473	0.0002754596534834672
1586	-2.1070269598262197	-2.1071484618175873	0.00012150199136762296	0.00012150199136762296	5.7665133709368404e-05
1587	-1.0873500873383786	-1.087158999695248	-0.00019108764313058302	0.00019108764313058302	0.00017573700076516145
1588	-2.23771468537683	-2.237457964710643	-0.0002567206661869825	0.0002567206661869825	0.0001147244855944407
1589	1.1006021919881384	1.100374251905123	0.0002279400830154099	0.0002279400830154099	0.00020710487828818217
1590	-1.4389121347774765	-1.438737750817154	-0.00017438396032254389	0.00017438396032254389	0.00012119152803552654
1591	1.3833618557232588	1.383426452122194	-6.459639893519054e-05	6.459639893519054e-05	4.6695229211317094e-05
1592	0.13239104749229325	0.1321250843773214	0.00026596311497184555	0.00026596311497184555	0.0020089206937298973
1593	0.5478008102018103	0.5481049612967581	-0.00030415109494785764	0.00030415109494785764	0.0005552220611645465
1594	0.29511717013935007	0.2947588355937114	0.00035833454563866107	0.00035833454563866107	0.0012142111062852109
1595	-0.8688757272444966	-0.8690155456747561	0.00013981843025956397	0.00013981843025956397	0.0001609187895062695
1596	0.17931934106112624	0.1793338464892713	-1.450542814507294e-05	1.450542814507294e-05	8.08915985260527e-05
1597	0.5008116646348969	0.503995638808874	-0.003183974173977089	0.003183974173977089	0.006357627824620017
1598	0.07017923364585048	0.06989147114211391	0.0002877625037365633	0.0002877625037365633	0.00410039393118363
1599	0.41744375045854215	0.4209204970635483	-0.0034767466050061313	0.0034767466050061313	0.008328658894011685
1600	-0.5616993887565985	-0.5619234710252385	0.00022408226864001346	0.00022408226864001346	0.0003989362871411547
1601	0.08968643049612386	0.09010902350325978	-0.00042259300713591574	0.00042259300713591574	0.004711894595405709
1602	-0.273990054047865	-0.27438599538243125	0.00039594133456627434	0.00039594133456627434	0.0014450938226287038
1603	-0.3483966360312877	-0.3482620296182404	-0.00013460641304730014	0.00013460641304730014	0.00038635968068076253
1604	-0.06666216160256183	-0.06657091221029532	-9.124939226651252e-05	9.124939226651252e-05	0.0013688333842298598
1605	-0.3866911923864695	-0.38701197321699965	0.00032078083053016515	0.00032078083053016515	0.0008295529788264953
1606	1.0567705401680296	1.0578798130893574	-0.0011092729213277863	0.0011092729213277863	0.0010496819121693236
1607	-0.6231737532412082	-0.6231757055275011	1.9522862929610696e-06	1.9522862929610696e-06	3.1328121295336546e-06
1608	-0.3743442814549395	-0.37362160280451917	-0.0007226786504203053	0.0007226786504203053	0.0019305187396252387
1609	-1.0914527813947479	-1.091180414732662	-0.00027236666208585447	0.00027236666208585447	0.00024954507123780656
1610	0.2590107409335893	0.25901949427975524	-8.753346165957243e-06	8.753346165957243e-06	3.379530182573245e-05
1611	0.4211576690316118	0.42090055660537473	0.00025711242623704944	0.00025711242623704944	0.0006104897171366735
1612	0.06707412672821002	0.06521962507122225	0.0018545016569877643	0.0018545016569877643	0.027648539719381818
1613	0.10103755770784267	0.10117824784572349	-0.00014069013788081675	0.00014069013788081675	0.001392453866389292
1614	-0.30247734586448205	-0.3027807425581841	0.0003033966937020516	0.0003033966937020516	0.001003039394024508
1615	0.13572082738445373	0.13542126632160034	0.0002995610628533929	0.0002995610628533929	0.0022071856518000154
1616	-0.9294884113842266	-0.9295268787070654	3.8467322838853235e-05	3.8467322838853235e-05	4.138547868667492e-05
1617	1.539369729206605	1.539358674108371	1.1055098234180605e-05	1.1055098234180605e-05	7.18157439660609e-06
1618	0.09137802392551231	0.09144443764341759	-6.641371790527817e-05	6.641371790527817e-05	0.0007268018616753626
1619	0.2783797948781264	0.2785879485713849	-0.00020815369325849487	0.00020815369325849487	0.0007477327632546886
1620	-1.2266335024844368	-1.226691319303086	5.781681864913679e-05	5.781681864913679e-05	4.7134550403224747e-05
1621	0.13752701572287773	0.13728632038123578	0.00024069534164194994	0.00024069534164194994	0.0017501677061542613
1622	0.9010490225555979	0.9004070403477726	0.0006419822078252979	0.0006419822078252979	0.0007124831077497621
1623	-0.2892549003575957	-0.2900081284025191	0.000753228044923393	0.000753228044923393	0.002604028640455887
1624	-0.5473015101275919	-0.5478371219282963	0.0005356118007043831	0.0005356118007043831	0.000978641189167405
1625	-0.3277315883622821	-0.3282815145269069	0.0005499261646247922	0.0005499261646247922	0.0016779772965213563
1626	1.779036545478245	1.7791591486400193	-0.00012260316177425956	0.00012260316177425956	6.891548241989659e-05
1627	0.17998864457687633	0.17830645617777918	0.0016821883990971453	0.0016821883990971453	0.00934608070998975
1628	0.09596613523158913	0.09504007454097518	0.0009260606906139474	0.0009260606906139474	0.009649869595968854
1629	-1.8069147822617986	-1.807450122072396	0.0005353398105973906	0.0005353398105973906	0.0002962728601551873
1630	0.6225156478884492	0.6223372628682	0.00017838502024913883	0.00017838502024913883	0.00028655507834094525
1631	0.5578144726760677	0.5578901314891027	-7.565881303506217e-05	7.565881303506217e-05	0.0001356343672334198
1632	0.36871891508265864	0.3688109003689988	-9.198528634013492e-05	9.198528634013492e-05	0.0002494726540392262
1633	-1.8785776920922153	-1.8783667749744382	-0.00021091711777709854	0.00021091711777709854	0.00011227489747426697
1634	-2.4033587976825324	-2.403791449808068	0.0004326521255357818	0.0004326521255357818	0.00018001978146291425
1635	-1.9433251561439138	-1.9431351961145538	-0.00018996002936000345	0.00018996002936000345	9.774999760561731e-05
1636	1.5981962616837873	1.5981371764581809	5.9085225606381186e-05	5.9085225606381186e-05	3.696994356884033e-05
1637	1.6198279323911806	1.6194594947478436	0.00036843764333704954	0.00036843764333704954	0.00022745480305007707
1638	1.7695754921487783	1.7700156612079354	-0.0004401690591571139	0.0004401690591571139	0.000248742741471075
1639	0.43645037044312784	0.4367882190194905	-0.00033784857636265375	0.00033784857636265375	0.0007740824598673985
1640	0.26919289658253037	0.26918888526950013	4.011313030238828e-06	4.011313030238828e-06	1.4901258841386333e-05
1641	-0.0658970862551073	-0.06623962426033358	0.0003425380052262811	0.0003425380052262811	0.005198075130366374
1642	0.9419313055744546	0.9409281249332935	0.0010031806411611166	0.0010031806411611166	0.0010650252680043455
1643	-0.5652159981113227	-0.565034220500138	-0.00018177761118476354	0.00018177761118476354	0.0003216073355888298
1644	0.47875314457962853	0.4790162187475744	-0.0002630741679458537	0.0002630741679458537	0.0005494985691986362
1645	0.04423081070562046	0.045889552666267264	-0.0016587419606468035	0.0016587419606468035	0.037501956988457937
1646	0.34933162500239207	0.3477448078257339	0.0015868171766581507	0.0015868171766581507	0.004542437795740036
1647	0.23994704929547114	0.2381360078373973	0.001811041458073842	0.001811041458073842	0.007547671302445245
1648	-1.3570040328918354	-1.3569036461831274	-0.00010038670870793354	0.00010038670870793354	7.397672097849632e-05
1649	0.6154206238862346	0.6137946972302188	0.001625926656015797	0.001625926656015797	0.0026419762239173225
1650	-0.8218232847206838	-0.8236169571347318	0.001793672414048042	0.001793672414048042	0.0021825524384572097
1651	0.4741538357983444	0.4746069618306592	-0.0004531260323147879	0.0004531260323147879	0.0009556519384723494
1652	-0.2687053926799141	-0.2689681763996532	0.0002627837197390903	0.0002627837197390903	0.000977962210278832
1653	-1.6055994867594072	-1.6053590001803286	-0.0002404865790786026	0.0002404865790786026	0.00014977993021408992
1654	-0.31823159387767636	-0.317929845607523	-0.0003017482701533347	0.0003017482701533347	0.0009482033712508206
1655	0.24895750954570522	0.24881563108181126	0.00014187846389396297	0.00014187846389396297	0.0005698902762678705
1656	1.6713973756319223	1.671631484796876	-0.00023410916495381073	0.00023410916495381073	0.00014006792661457824
1657	-0.30173127313873277	-0.3017267120668521	-4.5610718806821104e-06	4.5610718806821104e-06	1.5116337903048514e-05
1658	-0.22250517015781596	-0.22221095029806293	-0.000294219859753031	0.000294219859753031	0.001322305722354002
1659	-0.49892605159384673	-0.49903426121034045	0.00010820961649371519	0.00010820961649371519	0.00021688507975888132
1660	0.7504351936881167	0.7502551901268362	0.00018000356128056172	0.00018000356128056172	0.0002398655644012503
1661	1.2189315530489455	1.219309061056606	-0.0003775080076604542	0.0003775080076604542	0.00030970402457478725
1662	-0.7857422000277576	-0.7850952664512079	-0.0006469335765497686	0.0006469335765497686	0.0008233407554372345
1663	0.6057852947459362	0.6057336936322599	5.160111367630282e-05	5.160111367630282e-05	8.518053198690488e-05
1664	0.013596291388564621	0.013747935327046434	-0.000151643938481813	0.000151643938481813	0.01115333101858611
1665	-0.3240410738179308	-0.32350706044326216	-0.0005340133746686293	0.0005340133746686293	0.0016479805117812806
1666	-0.6978509861848397	-0.6978723928057207	2.140662088101486e-05	2.140662088101486e-05	3.067506001251805e-05
1667	-0.8681626068732269	-0.8682254950826973	6.288820947042417e-05	6.288820947042417e-05	7.243828399488692e-05
1668	1.1053671637313476	1.1052765360801686	9.062765117895388e-05	9.062765117895388e-05	8.198873112263027e-05
1669	0.34643505640810857	0.34556972551058607	0.0008653308975224983	0.0008653308975224983	0.0024978156266700626
1670	0.38484259227654566	0.38830199972039736	-0.003459407443851703	0.003459407443851703	0.008989149104800212
1671	0.24706812502279576	0.2504851832298982	-0.003417058207102447	0.003417058207102447	0.013830429185420708
1672	-0.7633118866576946	-0.7630596450098892	-0.0002522416478053513	0.0002522416478053513	0.000330456858086986
1673	0.6783984767077549	0.678642843197963	-0.0002443664902080922	0.0002443664902080922	0.0003602108474564899
1674	-0.030387124544963968	-0.030636951009910263	0.0002498264649462949	0.0002498264649462949	0.008221457893346424
1675	-0.5455736405213603	-0.5449509473294256	-0.0006226931919346423	0.0006226931919346423	0.001141354980676092
1676	-0.5656017271826137	-0.5656962431430657	9.451596045195743e-05	9.451596045195743e-05	0.00016710691624433708
1677	-0.07151840091035716	-0.07187410987796738	0.0003557089676102243	0.0003557089676102243	0.004973670595013418
1678	0.0012341886465472803	0.0017900038358220627	-0.0005558151892747823	0.0005558151892747823	0.45034864874969477
1679	0.410413345398004	0.4103371994119698	7.614598603422618e-05	7.614598603422618e-05	0.0001855348684151159
1680	0.6167218561082257	0.6166060047405608	0.00011585136766489867	0.00011585136766489867	0.00018785027077841788
1681	0.06923891273210336	0.06768567990889096	0.0015532328232124026	0.0015532328232124026	0.0224329464736414
1682	-0.0066266537533730555	-0.004697078210824657	-0.0019295755425483988	0.0019295755425483988	0.2911839994003337
1683	0.014326028683373128	0.016290594217593934	-0.001964565534220806	0.001964565534220806	0.13713259812894918
1684	0.31010207173371324	0.31036656766048054	-0.00026449592676730527	0.00026449592676730527	0.0008529318275384813
1685	-0.4196918585927938	-0.4198906672741032	0.00019880868130939255	0.00019880868130939255	0.0004737015437373227
1686	-0.13723590022351473	-0.13718067820889246	-5.522201462226928e-05	5.522201462226928e-05	0.0004023875278431499
1687	0.2915780399037201	0.2919900832978328	-0.0004120433941127155	0.0004120433941127155	0.0014131496125317717
1688	0.7434406226409304	0.7435669398887512	-0.00012631724782086184	0.00012631724782086184	0.00016990899336673858
1689	0.1913542325033628	0.19162067047773235	-0.00026643797436953776	0.00026643797436953776	0.0013923808785617294
1690	-0.08306156690034894	-0.08533791590537021	0.002276349005021272	0.002276349005021272	0.0274055630054784
1691	-0.46586720596748343	-0.46374284310957137	-0.0021243628579120655	0.0021243628579120655	0.004560018028099496
1692	0.06147428968497932	0.06169180369397509	-0.0002175140089957714	0.0002175140089957714	0.00353829235132942
1693	0.03096488717383338	0.03057792235949819	0.0003869648143351931	0.0003869648143351931	0.012496890822266404
1694	-0.6394399274691515	-0.6394223928367637	-1.7534632387739002e-05	1.7534632387739002e-05	2.742186034134524e-05
1695	0.38596345816383	0.38644999474968245	-0.0004865365858524595	0.0004865365858524595	0.0012605768125487653
1696	1.1651232242884442	1.1648657635561221	0.0002574607323220235	0.0002574607323220235	0.00022097296402211715
1697	1.48230404780403	1.482151825314304	0.00015222248972590613	0.00015222248972590613	0.00010269316200776571
1698	0.5369158871603995	0.5375864301839783	-0.000670543023578829	0.000670543023578829	0.0012488790881662055
1699	-0.5084583344619904	-0.5082783890344444	-0.00017994542754595777	0.00017994542754595777	0.0003539039786541438
1700	-0.3152659897925332	-0.3155263955108012	0.0002604057182680197	0.0002604057182680197	0.000825987346238599
1701	-0.6570996926323086	-0.6573585438189866	0.00025885118667801077	0.00025885118667801077	0.0003939298550590791
1702	-0.18159365950621661	-0.18140267673061317	-0.00019098277560344878	0.00019098277560344878	0.0010517039863768523
1703	-1.1291810446439403	-1.128750719331606	-0.00043032531233433424	0.00043032531233433424	0.0003810950550184154
1704	0.2723841180184801	0.2723171820520065	6.693596647361355e-05	6.693596647361355e-05	0.00024574107683133064
1705	1.7074985427929505	1.7075670913726526	-6.854857970206574e-05	6.854857970206574e-05	4.01456153455575e-05
1706	-1.0908675351436246	-1.09056070509439	-0.00030683004923459656	0.00030683004923459656	0.0002812715928833642
1707	-0.5970868496780953	-0.5969658055562377	-0.00012104412185764968	0.00012104412185764968	0.00020272448124239822
1708	-0.12438826594326871	-0.12464203494744197	0.00025376900417325987	0.00025376900417325987	0.0020401361997360703
1709	0.173258835641573	0.1734930654180289	-0.00023422977645590204	0.00023422977645590204	0.0013519066752847278
1710	-0.8073539441858173	-0.8075328969283646	0.00017895274254731142	0.00017895274254731142	0.00022165339481654205
1711	-1.4457284242075925	-1.4459369556902857	0.000208531482693175	0.000208531482693175	0.00014423973354986893
1712	0.7968545995461562	0.796817554899576	3.70446465802754e-05	3.70446465802754e-05	4.648858976452411e-05
1713	1.3354397543127325	1.335421816577309	1.793773542346777e-05	1.793773542346777e-05	1.3432081354129826e-05
1714	0.49754908486926824	0.4975382069432044	1.0877926063856957e-05	1.0877926063856957e-05	2.1863020945391042e-05
1715	-0.4634448914518731	-0.4638370889580301	0.00039219750615698823	0.00039219750615698823	0.0008462656798919885
1716	0.17313787817915086	0.17248281544368638	0.0006550627354644789	0.0006550627354644789	0.0037834744329410474
1717	0.010776676895397925	0.0125683838518853	-0.001791706956487376	0.001791706956487376	0.16625783382746745
1718	0.2587895877043803	0.2590005709066645	-0.00021098320228418732	0.00021098320228418732	0.0008152692855834562
1719	-0.4319246526025803	-0.43185562705616576	-6.902554641452507e-05	6.902554641452507e-05	0.00015980923061142429
1720	-0.0341721280912317	-0.03423589544127026	6.376735003855993e-05	6.376735003855993e-05	0.0018660631807394558
1721	-0.07865158765109054	-0.07904241117273614	0.0003908235216456002	0.0003908235216456002	0.004969048093210122
1722	-0.047305534723254064	-0.04746793138110661	0.00016239665785254542	0.00016239665785254542	0.00343293144877434
1723	0.5363308486842646	0.5363098074013806	2.104128288404894e-05	2.104128288404894e-05	3.923190869156184e-05
1724	-0.08253030179774198	-0.08253609944119944	5.7976434574558144e-06	5.7976434574558144e-06	7.024866420171551e-05
1725	0.004555191811774183	0.0040476944747069865	0.0005074973370671962	0.0005074973370671962	0.1114107502027523
1726	-0.4667956209706632	-0.46687589261296125	8.027164229806871e-05	8.027164229806871e-05	0.00017196314337985952
1727	0.2332007194218887	0.2331384530265268	6.226639536188738e-05	6.226639536188738e-05	0.00026700773272161243
1728	0.08564268241441861	0.08560505071386615	3.763170055245957e-05	3.763170055245957e-05	0.0004394035718120382
1729	0.058718540869811986	0.05853644222497678	0.00018209864483520466	0.00018209864483520466	0.003101212021581825
1730	-0.3798456337338318	-0.3799045331902562	5.889945642439942e-05	5.889945642439942e-05	0.00015506155973263571
1731	0.08247314795464511	0.08259434707724722	-0.00012119912260211141	0.00012119912260211141	0.0014695585849198224
1732	-0.6467352207387258	-0.6468419691998406	0.00010674846111480285	0.00010674846111480285	0.0001650574418892335
1733	-1.165818639040504	-1.1647971236641297	-0.0010215153763744045	0.0010215153763744045	0.0008762215169377764
1734	-1.2219009369661245	-1.2216086682173	-0.00029226874882448683	0.00029226874882448683	0.00023919185261463596
1735	-0.18551795069779767	-0.18545531936808857	-6.263132970910079e-05	6.263132970910079e-05	0.0003376025310409183
1736	0.018896548563073393	0.019265690852421358	-0.0003691422893479651	0.0003691422893479651	0.019534905441373717
1737	-0.06056168823530215	-0.060643726101261564	8.203786595941537e-05	8.203786595941537e-05	0.0013546165628783528
1738	0.3253050027852986	0.32544428931657876	-0.00013928653128014723	0.00013928653128014723	0.0004281721156685573
1739	1.39338229608317	1.3932975468406994	8.474924247070525e-05	8.474924247070525e-05	6.082267781709107e-05
1740	1.4434311893832463	1.4434033600139173	2.782936932899105e-05	2.782936932899105e-05	1.9280011083092965e-05
1741	0.7545399374678843	0.7513537391474756	0.003186198320408673	0.003186198320408673	0.004222703348348991
1742	0.8132087811304639	0.8199842929457191	-0.006775511815255153	0.006775511815255153	0.008331823232204069
1743	-0.22185010943364786	-0.22157301937397733	-0.00027709005967052613	0.00027709005967052613	0.0012489967229581185
1744	-0.32965514291970166	-0.3294249041942976	-0.00023023872540406387	0.00023023872540406387	0.0006984229742781415
1745	-0.6414256931862666	-0.6415160542303511	9.036104408444157e-05	9.036104408444157e-05	0.0001408753111144882
1746	0.5569127738128887	0.5570961095600069	-0.00018333574711815182	0.00018333574711815182	0.0003292001112902267
1747	-0.4281342854004857	-0.4281700302186664	3.574481818069408e-05	3.574481818069408e-05	8.34897353461371e-05
1748	0.0027143351275013827	0.0028361232153883975	-0.00012178808788701478	0.00012178808788701478	0.04486847871254716
1749	0.14738721661099427	0.14745947871119824	-7.226210020397361e-05	7.226210020397361e-05	0.0004902874337785904
1750	-1.6478220277863826	-1.6477107609347286	-0.00011126685165407935	0.00011126685165407935	6.752358554373176e-05
1751	-0.17430010092844656	-0.18051768842042293	0.006217587491976373	0.006217587491976373	0.03567173776066147
1752	-1.6574944662893254	-1.6576499818228285	0.00015551553350312552	0.00015551553350312552	9.382567282488855e-05
1753	0.7800621179380595	0.7802882693255242	-0.00022615138746473473	0.00022615138746473473	0.0002899145879081032
1754	-0.1689907038131715	-0.16911826506316174	0.00012756124999024898	0.00012756124999024898	0.0007548418174012397
1755	0.9104257775405961	0.9105063571439587	-8.057960336260717e-05	8.057960336260717e-05	8.850760309125157e-05
1756	0.2665017635973738	0.26688994124413057	-0.0003881776467567488	0.0003881776467567488	0.0014565668966573925
1757	0.18054827219193262	0.1808770823714667	-0.00032881017953409475	0.00032881017953409475	0.001821175996547625
1758	0.507022511819442	0.5070446614894308	-2.2149669988813514e-05	2.2149669988813514e-05	4.3685772273364716e-05
1759	-0.4255030695816075	-0.4253160369955822	-0.00018703258602531525	0.00018703258602531525	0.000439556373140204
1760	1.2054953347159811	1.2057771623119606	-0.00028182759597950024	0.00028182759597950024	0.00023378572099235853
1761	1.9390691889745506	1.9385068220714174	0.0005623669031331602	0.0005623669031331602	0.00029001899794538015
1762	-0.2117557277071639	-0.21203020155269314	0.000274473845529255	0.000274473845529255	0.0012961814469019878
1763	-0.7038365742023618	-0.7040032257918938	0.00016665158953199644	0.00016665158953199644	0.0002367759727758649
1764	0.024151011922566735	0.02423559317321633	-8.458125064959507e-05	8.458125064959507e-05	0.0035021824725514814
1765	0.3174499359995716	0.3212784937716151	-0.003828557772043495	0.003828557772043495	0.0120603513747398
1766	-0.5770676266746073	-0.5805550717070673	0.0034874450324600126	0.0034874450324600126	0.0060433905338905585
1767	-2.1162847897569512	-2.1168089109693256	0.0005241212123743288	0.0005241212123743288	0.00024766100239019464
1768	1.9052648000976846	1.905260632753425	4.167344259675687e-06	4.167344259675687e-06	2.1872782510137298e-06
1769	1.1726152451432004	1.172123266016456	0.0004919791267443685	0.0004919791267443685	0.00041955716402466503
1770	-1.865626009242528	-1.8661198328544515	0.0004938236119234052	0.0004938236119234052	0.0002646959302008793
1771	-1.561729664898501	-1.561592194491368	-0.0001374704071330779	0.0001374704071330779	8.802445789618288e-05
1772	-0.14062152046184284	-0.1406675256134804	4.600515163755148e-05	4.600515163755148e-05	0.00032715583992021203
1773	1.3930231336202017	1.3928699442260495	0.0001531893941522089	0.0001531893941522089	0.00010996902381233171
1774	-0.3977605979642321	-0.39831640860654716	0.0005558106423150799	0.0005558106423150799	0.0013973496750551955
1775	-1.1470145787853165	-1.1468719120415471	-0.00014266674376939292	0.00014266674376939292	0.000124380933257602
1776	0.5931431365962774	0.5934556708098171	-0.0003125342135397169	0.0003125342135397169	0.0005269119614755707
1777	1.3988660735479606	1.398431792679844	0.0004342808681165877	0.0004342808681165877	0.0003104520699505679
1778	-0.41899592979271555	-0.41954060020543693	0.000544670412721382	0.000544670412721382	0.0012999420137346912
1779	-0.6115653563686437	-0.6114119658917616	-0.00015339047688212037	0.00015339047688212037	0.0002508161642656203
1780	-0.6626864322563166	-0.6627801102325748	9.367797625814411e-05	9.367797625814411e-05	0.0001413609388971328
1781	0.41074885392745913	0.4105171759078985	0.00023167801956064382	0.00023167801956064382	0.0005640381399616995
1782	-0.03498313555068742	-0.035099117624781684	0.00011598207409426603	0.00011598207409426603	0.0033153710285980065
1783	-0.4167255550646874	-0.4167613477505938	3.5792685906421706e-05	3.5792685906421706e-05	8.589030711319273e-05
1784	-0.11780381929927858	-0.11761667835230583	-0.00018714094697275252	0.00018714094697275252	0.0015885813217763692
1785	0.7481817121085668	0.7480502385988075	0.0001314735097592834	0.0001314735097592834	0.00017572403552708812
1786	1.5009889446397606	1.500694694016147	0.0002942506236136566	0.0002942506236136566	0.00019603783536478823
1787	-0.5489425062841664	-0.5488725592641686	-6.994701999785136e-05	6.994701999785136e-05	0.00012742139513175624
1788	-1.056297498260284	-1.056825298647368	0.0005278003870841097	0.0005278003870841097	0.0004996702046093965
1789	-2.0514476767935808	-2.0514582366217837	1.0559828202971744e-05	1.0559828202971744e-05	5.147500627204292e-06
1790	0.45346901163099135	0.45324981336136716	0.00021919826962418787	0.00021919826962418787	0.00048338092350742504
1791	1.3913476417903654	1.3916151529969056	-0.0002675112065402274	0.0002675112065402274	0.0001922676968036529
1792	0.47499808468440863	0.47529626854725393	-0.00029818386284530263	0.00029818386284530263	0.000627758032000103
1793	0.05839514240643623	0.05844713648173183	-5.199407529560274e-05	5.199407529560274e-05	0.0008903835687858862
1794	-0.3418622303010449	-0.341702197076188	-0.00016003322485691474	0.00016003322485691474	0.0004681219821095445
1795	0.7924956125678404	0.7925726794013599	-7.706683351949017e-05	7.706683351949017e-05	9.724575416863016e-05
1796	-1.5157408854567684	-1.515764159037758	2.327358098952459e-05	2.327358098952459e-05	1.5354590756790924e-05
1797	-0.6310385420456193	-0.6305938429989055	-0.00044469904671373683	0.00044469904671373683	0.0007047098031004079
1798	-0.16183320787053299	-0.16158059318627238	-0.00025261468426060474	0.00025261468426060474	0.0015609570346198488
1799	0.28819226833908934	0.2883398767608014	-0.00014760842171207544	0.00014760842171207544	0.0005121873066296081
1800	0.15005783083904184	0.1502750428841182	-0.00021721204507635372	0.00021721204507635372	0.0014475222243439214
1801	-0.8707793403756123	-0.8708697016572842	9.036128167183577e-05	9.036128167183577e-05	0.00010377058513223138
1802	1.8248999726188075	1.8247770981218991	0.00012287449690839836	0.00012287449690839836	6.733218190149256e-05
1803	0.4072666923223372	0.40419575734063073	0.0030709349817064635	0.0030709349817064635	0.007540353875233988
1804	-0.31444530363421924	-0.3149041148873266	0.0004588112531073718	0.0004588112531073718	0.001459113072463271
1805	0.07531552209852402	0.07450332164182782	0.0008122004566961938	0.0008122004566961938	0.010783971670988532
1806	0.7997611515351339	0.7996350046113321	0.000126146923801862	0.000126146923801862	0.00015773074693578722
1807	0.07870944696080256	0.07870485593741705	4.5910233855139815e-06	4.5910233855139815e-06	5.8328746583625706e-05
1808	-0.23499423082743576	-0.23499914989599802	4.919068562259099e-06	4.919068562259099e-06	2.0932720539302677e-05
1809	-0.5031621444898635	-0.503121585268218	-4.055922164547532e-05	4.055922164547532e-05	8.060865088846605e-05
1810	-0.2305378842860068	-0.23054817583556542	1.0291549558616442e-05	1.0291549558616442e-05	4.4641467889280524e-05
1811	-0.087718820469443	-0.08748193037888541	-0.0002368900905575927	0.0002368900905575927	0.0027005617413667087
1812	-0.11139274978262556	-0.11138239310071185	-1.0356681913709087e-05	1.0356681913709087e-05	9.297447036651273e-05
1813	1.4388553742000378	1.438700058955078	0.0001553152449598194	0.0001553152449598194	0.00010794361111252771
1814	-1.0729313562944376	-1.0728561923514235	-7.516394301410045e-05	7.516394301410045e-05	7.005475473630738e-05
1815	-0.4898372037846498	-0.48991428312206153	7.707933741174511e-05	7.707933741174511e-05	0.000157357050089711
1816	-1.4168315444094208	-1.4168351813594882	3.636950067331668e-06	3.636950067331668e-06	2.5669601172295055e-06
1817	-0.5401255867041405	-0.5403401276851127	0.00021454098097228869	0.00021454098097228869	0.00039720573557979914
1818	0.01277652139198706	0.012865786359839149	-8.926496785208876e-05	8.926496785208876e-05	0.006986640973189486
1819	-0.651606058217324	-0.651498996319333	-0.00010706189799103427	0.00010706189799103427	0.00016430463873208333
1820	1.3631049513746212	1.3625981324167924	0.0005068189578287807	0.0005068189578287807	0.00037181213179343224
1821	0.3689525067532677	0.3690759337473537	-0.00012342699408601776	0.00012342699408601776	0.00033453355601824927
1822	0.26674491345175677	0.2667737677199966	-2.885426823984183e-05	2.885426823984183e-05	0.00010817176555106227
1823	-0.09661887039744638	-0.09621143257732001	-0.0004074378201263662	0.0004074378201263662	0.004216959052101842
1824	-0.9088842076536112	-0.9086789518875094	-0.0002052557661018639	0.0002052557661018639	0.00022583269064797067
1825	-0.24834004049194933	-0.24829824239702702	-4.17980949223018e-05	4.17980949223018e-05	0.00016830993036604907
1826	0.21201591466367792	0.21231983710379154	-0.00030392244011362424	0.00030392244011362424	0.0014334888048179693
1827	-0.20740146105994883	-0.20752665892587174	0.00012519786592291027	0.00012519786592291027	0.0006036498744178189
1828	-0.06988399000615712	-0.06956157595539025	-0.0003224140507668699	0.0003224140507668699	0.004613560999285582
1829	-0.28382131102612157	-0.28369404387262875	-0.00012726715349281603	0.00012726715349281603	0.0004484059108623558
1830	0.8994019754976942	0.8991773871827036	0.0002245883149906147	0.0002245883149906147	0.0002497084964332397
1831	-1.6416058871048993	-1.6414675389029298	-0.00013834820196945152	0.00013834820196945152	8.427613659051835e-05
1832	-0.5178450357751428	-0.5184451358672959	0.0006001000921530553	0.0006001000921530553	0.0011588410638228633
1833	-0.420364315124691	-0.4195539766129741	-0.0008103385117169126	0.0008103385117169126	0.0019277052845852176
1834	0.8117925729045234	0.8115545308982064	0.00023804200631705186	0.00023804200631705186	0.00029323008643126434
1835	-0.04810751086843249	-0.04815174813188605	4.4237263453560105e-05	4.4237263453560105e-05	0.0009195500381331932
1836	0.22836055297360847	0.22824216991068624	0.00011838306292222267	0.00011838306292222267	0.0005184041699877306
1837	0.3480780930070225	0.3483266371091531	-0.00024854410213059897	0.00024854410213059897	0.0007140469541861819
1838	0.5601178716966008	0.5602496212588903	-0.00013174956228956258	0.00013174956228956258	0.0002352175657071828
1839	0.36754130997318213	0.36759718811651965	-5.587814333751773e-05	5.587814333751773e-05	0.00015203227996764474
1840	-2.614427560772996	-2.6144414014481754	1.3840675179288553e-05	1.3840675179288553e-05	5.293960095492698e-06
1841	2.031939740213789	2.0289508084232466	0.0029889317905422708	0.0029889317905422708	0.0014709746216331164
1842	-1.1429111108776482	-1.1460661686157891	0.003155057738140954	0.003155057738140954	0.0027605451623601476
1843	0.5851297626046281	0.5856355643203415	-0.0005058017157133499	0.0005058017157133499	0.0008644265734524255
1844	-0.7359906423687377	-0.7358382164426303	-0.00015242592610742456	0.00015242592610742456	0.00020710307622506138
1845	0.12468707145927813	0.1247908609229853	-0.00010378946370717679	0.00010378946370717679	0.0008323995623000389
1846	1.9463734403203772	1.946224349595127	0.0001490907252501561	0.0001490907252501561	7.659923946846267e-05
1847	-1.0912081539384832	-1.09136968605128	0.0001615321127967917	0.0001615321127967917	0.00014803052214536333
1848	0.947057992307579	0.9470669279210142	-8.935613435179235e-06	8.935613435179235e-06	9.435128057371578e-06
1849	0.6509791247780937	0.6503637039401156	0.0006154208379781645	0.0006154208379781645	0.0009453772241743537
1850	0.9935963196531468	0.9931708150077156	0.00042550464543111843	0.00042550464543111843	0.0004282470023436251
1851	-0.06665844541456308	-0.06598158948634136	-0.0006768559282217118	0.0006768559282217118	0.010154091113469578
1852	-0.10231459893571407	-0.10213676196713095	-0.00017783696858311715	0.00017783696858311715	0.0017381387449395664
1853	-0.2905362241337485	-0.2901954088088132	-0.0003408153249352952	0.0003408153249352952	0.0011730562202749654
1854	0.42575848791109516	0.4258517754180957	-9.328750700055011e-05	9.328750700055011e-05	0.0002191089776230837
1855	-0.12902030932213682	-0.12875520783950378	-0.00026510148263303446	0.00026510148263303446	0.0020547267637619077
1856	-0.43691673917408125	-0.43668169338673124	-0.0002350457873500078	0.0002350457873500078	0.0005379647110667422
1857	-0.07579995160171935	-0.07570575758109044	-9.419402062890714e-05	9.419402062890714e-05	0.0012426659732427926
1858	1.2682731489167745	1.26810657917531	0.00016656974146456172	0.00016656974146456172	0.00013133585742694946
1859	1.1403775243379355	1.1164584416007983	0.023919082737137165	0.023919082737137165	0.020974705504673792
1860	-0.6404891739133063	-0.6401490087313277	-0.0003401651819785467	0.0003401651819785467	0.0005311021572779776
1861	-0.5494429305345734	-0.5491320055597271	-0.000310924974846305	0.000310924974846305	0.0005658913011107351
1862	-0.8648681392186072	-0.8653546438779358	0.00048650465932864595	0.00048650465932864595	0.0005625188826682807
1863	0.19148881550992553	0.19151097744440904	-2.2161934483511114e-05	2.2161934483511114e-05	0.00011573487686210261
1864	-0.5518307889983336	-0.5519577661914354	0.0001269771931018404	0.0001269771931018404	0.00023010168267762938
1865	-0.11160697473296702	-0.11155216060387829	-5.481412908872607e-05	5.481412908872607e-05	0.0004911353364776297
1866	0.11730308883790233	0.1174805382362365	-0.0001774493983341674	0.0001774493983341674	0.0015127427597356748
1867	-0.8365838828681731	-0.8366706235705124	8.674070233927189e-05	8.674070233927189e-05	0.00010368440525280868
1868	0.2987338798112301	0.298206215660457	0.0005276641507730995	0.0005276641507730995	0.0017663351445324192
1869	0.07755792203126602	0.0767917879329616	0.0007661340983044218	0.0007661340983044218	0.009878218475161947
1870	0.481558833504764	0.4832661159781537	-0.0017072824733897485	0.0017072824733897485	0.003545324796482751
1871	0.14460286062994765	0.14493118142411276	-0.0003283207941651156	0.0003283207941651156	0.002270499993809386
1872	-0.35973309208235876	-0.36132013367762283	0.0015870415952640715	0.0015870415952640715	0.004411719772782894
1873	0.5817105473752026	0.5777634259942488	0.003947121380953766	0.003947121380953766	0.006785370144591651
1874	-0.6274867692697826	-0.6308569400346187	0.0033701707648360335	0.0033701707648360335	0.005370903308061715
1875	0.5004827666272117	0.49705513286824043	0.00342763375897126	0.00342763375897126	0.006848654913875104
1876	1.8401800744646966	1.84033161735897	-0.0001515428942735486	0.0001515428942735486	8.235220909977086e-05
1877	0.628175899096058	0.6280195514989373	0.00015634759712068735	0.00015634759712068735	0.00024889142889065113
1878	-1.9697024429591414	-1.9693873295381081	-0.0003151134210332973	0.0003151134210332973	0.00015998021536689229
1879	-0.7873713083424099	-0.7871456247556807	-0.0002256835867291418	0.0002256835867291418	0.00028662917271427566
1880	-0.7971281669566634	-0.7971608954164822	3.272845981872052e-05	3.272845981872052e-05	4.105796429659954e-05
1881	1.4255462490354047	1.425345211046647	0.00020103798875781287	0.00020103798875781287	0.00014102523078002215
1882	-1.2363989314580595	-1.2364408828062778	4.195134821838309e-05	4.195134821838309e-05	3.393026890512655e-05
1883	-0.016438030186125926	-0.015734876200212966	-0.0007031539859129604	0.0007031539859129604	0.04277604907347344
1884	0.3413043611916968	0.34113481395081635	0.00016954724088047435	0.00016954724088047435	0.0004967625971390578
1885	-0.10976408873235174	-0.10889760950760774	-0.0008664792247440045	0.0008664792247440045	0.007894013741204771
1886	0.716248065518111	0.7156788629458788	0.0005692025722322525	0.0005692025722322525	0.0007947003274912993
1887	1.858302934374221	1.858137096959922	0.00016583741429898602	0.00016583741429898602	8.924132402278715e-05
1888	0.05569578120427818	0.055816121061980084	-0.00012033985770190658	0.00012033985770190658	0.0021606637899651703
1889	-0.08656308739642006	-0.08673184468932504	0.00016875729290498354	0.00016875729290498354	0.0019495295047893906
1890	0.005665960179129517	0.005511987126283202	0.00015397305284631495	0.00015397305284631495	0.02717510324436668
1891	-0.28115753333871246	-0.2814551669843013	0.000297633645588824	0.000297633645588824	0.001058600998715772
1892	-0.25158524440384333	-0.25167427956773736	8.903516389402455e-05	8.903516389402455e-05	0.00035389660512484495
1893	-1.8638181589601652	-1.8635209781336926	-0.0002971808264726761	0.0002971808264726761	0.00015944732861626103
1894	-0.3675436759367812	-0.3670420337300584	-0.0005016422067228299	0.0005016422067228299	0.001364850600256591
1895	-0.5031942640750681	-0.5033219209735762	0.00012765689850813278	0.00012765689850813278	0.0002536930716863031
1896	-0.3363426686183737	-0.33610033494824165	-0.00024233367013204443	0.00024233367013204443	0.0007204963649943706
1897	0.3499144609663094	0.3500906043569785	-0.00017614339066907014	0.00017614339066907014	0.0005033898575744478
1898	-0.32648005993984497	-0.32665062965975267	0.00017056971990769831	0.00017056971990769831	0.0005224506511641977
1899	-0.40992746262592716	-0.4096713443146882	-0.0002561183112389509	0.0002561183112389509	0.0006247893458962217
1900	0.479088132792335	0.47909893368114354	-1.0800888808559783e-05	1.0800888808559783e-05	2.2544680340144274e-05
1901	0.8422733485701253	0.8423472401091203	-7.38915389950634e-05	7.38915389950634e-05	8.772869178456667e-05
1902	0.6720982872005905	0.6720922564085186	6.030792071953783e-06	6.030792071953783e-06	8.973080555037731e-06
1903	-0.5848902095446671	-0.5852136870743152	0.0003234775296481196	0.0003234775296481196	0.0005530568376241835
1904	0.483121672027258	0.4831255526625	-3.8806352420373e-06	3.8806352420373e-06	8.03241805682928e-06
1905	0.04369901793493393	0.043276854810869736	0.00042216312406419265	0.00042216312406419265	0.00966070049200594
1906	1.2601077137361882	1.2602350087291825	-0.0001272949929942424	0.0001272949929942424	0.00010101913638542525
1907	-0.7220180788421744	-0.7218863051718927	-0.0001317736702817207	0.0001317736702817207	0.00018250743872374014
1908	-0.2506566522394334	-0.2507170984813456	6.044624191220427e-05	6.044624191220427e-05	0.00024115155680952977
1909	-0.7604980296914149	-0.7601173503246628	-0.00038067936675212355	0.00038067936675212355	0.0005005658816849148
1910	0.0042229542191535305	0.004841891922069408	-0.0006189377029158774	0.0006189377029158774	0.14656509893207895
1911	-0.3570767417245538	-0.3565780483114622	-0.0004986934130915555	0.0004986934130915555	0.0013966000996957781
1912	-0.16645309773018185	-0.1662853637895978	-0.00016773394058405833	0.00016773394058405833	0.0010076949174953338
1913	-0.2526963136566633	-0.25281588139591804	0.00011956773925475561	0.00011956773925475561	0.0004731677226491379
1914	-0.14791119002005076	-0.1478836497597058	-2.7540260344960377e-05	2.7540260344960377e-05	0.00018619456946581954
1915	-0.09561025034707087	-0.09578244366537092	0.00017219331830005402	0.00017219331830005402	0.0018009922333116176
1916	-0.06058758126598368	-0.060378478593747786	-0.00020910267223589463	0.00020910267223589463	0.003451246408367408
1917	0.31742745447746934	0.317099626244044	0.0003278282334253646	0.0003278282334253646	0.0010327658455536444
1918	0.008987889590177312	0.008918127846868629	6.976174330868348e-05	6.976174330868348e-05	0.007761749030042016
1919	0.04990921725530094	0.049610411949174704	0.0002988053061262347	0.0002988053061262347	0.0059869764055355545
1920	0.022922945076233714	0.022423108447355844	0.00049983662887787	0.00049983662887787	0.02180507902521198
1921	-1.6026874189865854	-1.6031317326081762	0.00044431362159080834	0.00044431362159080834	0.00027723036714904625
1922	-0.2819380346859782	-0.28179775748071734	-0.00014027720526088583	0.00014027720526088583	0.0004975462264859943
1923	-0.013410053658625472	-0.013455920466753923	4.586680812845162e-05	4.586680812845162e-05	0.003420329947669498
1924	1.3676452274350113	1.3676919033400736	-4.667590506235442e-05	4.667590506235442e-05	3.412866445627427e-05
1925	0.3268647442350028	0.32674398835297325	0.00012075588202953291	0.00012075588202953291	0.00036943685166214874
1926	0.573996663199333	0.5741313628675471	-0.00013469966821411106	0.00013469966821411106	0.00023466977571493937
1927	0.27307435247256834	0.27288002335978945	0.00019432911277889042	0.00019432911277889042	0.000711634435893835
1928	-0.6471052516028021	-0.6474179233606492	0.000312671757847105	0.000312671757847105	0.00048318531965650804
1929	-0.16123035314803322	-0.16087425039756909	-0.0003561027504641323	0.0003561027504641323	0.0022086582551684763
1930	0.942255840492183	0.9423833619166544	-0.00012752142447136627	0.00012752142447136627	0.00013533630569459356
1931	-0.5286108595828288	-0.5284749153844359	-0.00013594419839291216	0.00013594419839291216	0.000257172541820645
1932	0.7662566068970591	0.766038348587017	0.0002182583100420743	0.0002182583100420743	0.0002848371003623799
1933	0.5178142499407591	0.5179308237046598	-0.00011657376390072915	0.00011657376390072915	0.00022512660459627338
1934	0.43352072322741614	0.433622999992167	-0.00010227676475088598	0.00010227676475088598	0.00023592128189275436
1935	0.058715045649604815	0.05885149558082503	-0.00013644993122021581	0.00013644993122021581	0.0023239346867668527
1936	-1.2014224901097372	-1.2013545464810704	-6.794362866680004e-05	6.794362866680004e-05	5.6552652564872585e-05
1937	0.05807789173646347	0.05789615093476641	0.00018174080169706258	0.00018174080169706258	0.003129259624673306
1938	-0.7194443454586755	-0.7195242849036276	7.993944495210403e-05	7.993944495210403e-05	0.00011111275730597248
1939	0.24197934563404014	0.2424714765822955	-0.0004921309482553704	0.0004921309482553704	0.0020337725394118946
1940	0.09059552479766694	0.09106627931032563	-0.0004707545126586832	0.0004707545126586832	0.005196222591679344
1941	0.7058692031125466	0.7066879340698051	-0.0008187309572584844	0.0008187309572584844	0.0011598904636273566
1942	0.07844691458907435	0.078406727084257	4.018750481735167e-05	4.018750481735167e-05	0.0005122891706814019
1943	-0.17395036892423973	-0.1737186053816231	-0.000231763542616642	0.000231763542616642	0.001332354418389199
1944	-0.4954329543003711	-0.49510470890368197	-0.0003282453966891308	0.0003282453966891308	0.0006625425172870559
1945	0.014036128889786725	0.014313039685021067	-0.0002769107952343419	0.0002769107952343419	0.019728430638438623
1946	0.1540356722132395	0.15416855515582029	-0.00013288294258079203	0.00013288294258079203	0.0008626764221006894
1947	-0.08579897483459159	-0.08599612090165465	0.0001971460670630587	0.0001971460670630587	0.0022977671638050303
1948	0.28557757078648915	0.2853694804088036	0.00020809037768554361	0.00020809037768554361	0.0007286649897345107
1949	-0.0064206683368281114	-0.006369351254420508	-5.131708240760369e-05	5.131708240760369e-05	0.00799248298082236
1950	-0.6277182189000384	-0.6269881167071389	-0.0007301021928994844	0.0007301021928994844	0.0011631049902914323
1951	0.3879538267594195	0.3878248551956176	0.0001289715638018718	0.0001289715638018718	0.0003324404991160211
1952	0.3454019178599821	0.3455452245759716	-0.00014330671598949962	0.00014330671598949962	0.00041489843738387356
1953	0.6765366217186044	0.6746132083463863	0.0019234133722181301	0.0019234133722181301	0.0028430292026647244
1954	-0.35468311518514334	-0.3529908273236515	-0.0016922878614918369	0.0016922878614918369	0.0047712670523051785
1955	-0.19819861176937825	-0.19636151196777973	-0.0018370998015985185	0.0018370998015985185	0.009268984203260455
1956	0.12261477962593367	0.12439888169524238	-0.0017841020693087073	0.0017841020693087073	0.014550465080568153
1957	-2.3761056671179213	-2.3758332359165024	-0.00027243120141884347	0.00027243120141884347	0.00011465449756251234
1958	-1.2323849417607622	-1.2323580201041295	-2.6921656632650226e-05	2.6921656632650226e-05	2.1845168437538746e-05
1959	-0.5885852705835866	-0.588639112038436	5.384145484943481e-05	5.384145484943481e-05	9.147604865485441e-05
1960	0.9484291761313749	0.9485535688753544	-0.00012439274397946232	0.00012439274397946232	0.00013115659778293413
1961	-0.3651605664148594	-0.36516802319397357	7.4567791141788575e-06	7.4567791141788575e-06	2.0420548657236994e-05
1962	-1.2978070900581817	-1.297835691104865	2.8601046683229825e-05	2.8601046683229825e-05	2.203797999126944e-05
1963	0.4834131320226344	0.4835144993364793	-0.00010136731384485786	0.00010136731384485786	0.00020969085680550283
1964	0.0645032686908507	0.06455940106775415	-5.6132376903453296e-05	5.6132376903453296e-05	0.0008702253086193638
1965	-0.07723115068240544	-0.0772851476398273	5.399695742186461e-05	5.399695742186461e-05	0.0006991603380857827
1966	0.7715091079128379	0.7713170400336367	0.0001920678792012298	0.0001920678792012298	0.0002489508901856398
1967	0.5690559650683499	0.5688881399237289	0.00016782514462099218	0.00016782514462099218	0.0002949185228219768
1968	0.5401318983110873	0.5400884498101277	4.3448500959608616e-05	4.3448500959608616e-05	8.044053886738714e-05
1969	-0.4058775645621383	-0.40573461167525693	-0.00014295288688137564	0.00014295288688137564	0.00035220691992570113
1970	0.05594684506262864	0.05582391453629043	0.0001229305263382094	0.0001229305263382094	0.002197273612133037
1971	-0.4122908293305771	-0.41223758691444345	-5.324241613363645e-05	5.324241613363645e-05	0.00012913800731411947
1972	-0.04881267641426339	-0.04867457715818091	-0.0001380992560824773	0.0001380992560824773	0.0028291678766076385
1973	-0.6001076332845493	-0.6000232984604281	-8.433482412117943e-05	8.433482412117943e-05	0.00014053283018513265
1974	-0.45536057451803047	-0.4553919156506936	3.1341132663120774e-05	3.1341132663120774e-05	6.882706676196841e-05
1975	-0.16830031830407322	-0.16753605056862853	-0.0007642677354446903	0.0007642677354446903	0.004541095008886822
1976	-2.248753618708295	-2.2491454766964125	0.0003918579881174722	0.0003918579881174722	0.00017425563425777123
1977	-0.8370059953024688	-0.8371283901027482	0.00012239480027942395	0.00012239480027942395	0.0001462292993913313
1978	-0.47580775757649446	-0.4722950644691082	-0.0035126931073862777	0.0035126931073862777	0.007382588979376929
1979	1.0546872515939472	1.0512739309831431	0.003413320610804016	0.003413320610804016	0.0032363343784097796
1980	-0.2971718659789058	-0.2973378602604271	0.0001659942815212534	0.0001659942815212534	0.0005585800693967315
1981	0.5048646673040209	0.5051972929095427	-0.0003326256055218302	0.0003326256055218302	0.0006588411252822506
1982	0.5795369789964415	0.5795069881031623	2.999089327926363e-05	2.999089327926363e-05	5.1749749138005876e-05
1983	0.9680191522603279	0.9679796177834987	3.9534476829139464e-05	3.9534476829139464e-05	4.0840593635803934e-05
1984	-1.355571814134844	-1.3553928199456777	-0.00017899418916633714	0.00017899418916633714	0.00013204330991536232
1985	-1.0623922881210515	-1.0626770718005218	0.0002847836794703795	0.0002847836794703795	0.0002680588730308353
1986	2.0478990328099407	2.047280309810162	0.0006187229997784982	0.0006187229997784982	0.0003021257346508645
1987	-0.5778057848491394	-0.5778526744109058	4.6889561766461085e-05	4.6889561766461085e-05	8.1151077050403e-05
1988	0.9890917499418133	0.9892979863224127	-0.00020623638059946714	0.00020623638059946714	0.00020851086930165954
1989	-1.7828465205322477	-1.7812991315082627	-0.0015473890239849908	0.0015473890239849908	0.0008679317070563293
1990	1.3553711013716743	1.3548375843726035	0.0005335169990707822	0.0005335169990707822	0.00039363167661671976
1991	0.41592724888916927	0.4160995438979853	-0.00017229500881604798	0.00017229500881604798	0.0004142431381358206
1992	-0.21611719130149873	-0.215827003898994	-0.0002901874025047213	0.0002901874025047213	0.0013427316945827294
1993	0.363271235146912	0.36608039728491804	-0.002809162138006027	0.002809162138006027	0.007732960571100441
1994	2.9380494190529736	2.938242100555044	-0.00019268150207052415	0.00019268150207052415	6.55814367249927e-05
1995	0.2360149677652656	0.23667981329822396	-0.0006648455329583691	0.0006648455329583691	0.0028169634292838893
1996	-0.33269917437356655	-0.33277749901117204	7.832463760548691e-05	7.832463760548691e-05	0.00023542179734278873
1997	-3.268626506896311	-3.268424532109293	-0.00020197478701788896	0.00020197478701788896	6.179194428967412e-05
1998	-0.08412715744638455	-0.08410589821039594	-2.1259235988613234e-05	2.1259235988613234e-05	0.0002527036052794492
1999	-0.27016508865637	-0.2701483733602572	-1.6715296112801425e-05	1.6715296112801425e-05	6.187067394951997e-05
2000	0.2871699795058103	0.28736106671090056	-0.00019108720509025678	0.00019108720509025678	0.0006654149762419387
2001	-0.30501605251679736	-0.30456483008833857	-0.00045122242845879734	0.00045122242845879734	0.0014793399387855114
2002	0.17524095160934233	0.17490724107460665	0.00033371053473568724	0.00033371053473568724	0.0019042953811367952
2003	0.26724780068318044	0.2676371871785932	-0.00038938649541275794	0.00038938649541275794	0.0014570241342205532
2004	0.542091918130677	0.5411274376143638	0.0009644805163132597	0.0009644805163132597	0.0017791826147106687
2005	0.018666687124138638	0.01833141558904572	0.00033527153509291946	0.00033527153509291946	0.017960955410205943
2006	0.16775183171008654	0.16789825596674746	-0.00014642425666092085	0.00014642425666092085	0.0008728623417595546
2007	0.7820977427866969	0.7787938877044098	0.0033038550822870327	0.0033038550822870327	0.004224350616989442
2008	-0.40728145885371114	-0.407015756948681	-0.000265701905030169	0.000265701905030169	0.0006523790839337098
2009	-0.19681922997141368	-0.19634098723031457	-0.00047824274109911635	0.00047824274109911635	0.002429857799812432
2010	-0.5333854924439987	-0.5332017340577977	-0.00018375838620099394	0.00018375838620099394	0.000344513281302429
2011	-0.24217186055245096	-0.24251345746506558	0.00034159691261462233	0.00034159691261462233	0.0014105557591842397
2012	0.3351264850668026	0.33555744279567534	-0.0004309577288727495	0.0004309577288727495	0.0012859554469019194
2013	-1.4804925404414686	-1.4800728912689465	-0.00041964917252212963	0.00041964917252212963	0.00028345240591147745
2014	0.07483204324615134	0.08004026283003896	-0.005208219583887619	0.005208219583887619	0.06959878894066522
2015	0.03300842714371729	0.027990979518222048	0.00501744762549524	0.00501744762549524	0.15200505021488867
2016	-0.3360656877576955	-0.3361751470265517	0.0001094592688561935	0.0001094592688561935	0.00032570795782970265
2017	0.34810197138626475	0.3482853909702044	-0.00018341958393963687	0.00018341958393963687	0.0005269133731394724
2018	-0.3456286238718807	-0.3454703656302627	-0.0001582582416180256	0.0001582582416180256	0.00045788522907954965
2019	1.036970237866764	1.0374212148462902	-0.0004509769795262297	0.0004509769795262297	0.00043489867216823044
2020	-1.1396452163718045	-1.140032132539659	0.0003869161678544675	0.0003869161678544675	0.00033950580610188575
2021	0.09646497884343687	0.09969589784475374	-0.003230919001316876	0.003230919001316876	0.03349318104926632
2022	-0.7874511573944809	-0.7848626760562638	-0.002588481338217097	0.002588481338217097	0.0032871643071576227
2023	0.5244211420273152	0.5245271029394871	-0.00010596091217196513	0.00010596091217196513	0.00020205308993138574
2024	0.11585143591836973	0.11383202043191432	0.0020194154864554142	0.0020194154864554142	0.017431078608972254
2025	1.0923143272477343	1.0920619528462794	0.000252374401454869	0.000252374401454869	0.0002310455838208841
2026	0.27690523304183656	0.2769643982958314	-5.916525399485284e-05	5.916525399485284e-05	0.00021366607393047638
2027	-0.18937512347263494	-0.1896698641559169	0.00029474068328197434	0.00029474068328197434	0.0015563854316090514
2028	-0.13611728149008506	-0.13608099283146657	-3.628865861848851e-05	3.628865861848851e-05	0.0002665984673013898
2029	-3.1211805810190825	-3.121294645396233	0.00011406437715066886	0.00011406437715066886	3.654526682766501e-05
2030	-0.15275582186405098	-0.15261472566407974	-0.00014109619997124123	0.00014109619997124123	0.0009236715056059432
2031	-0.4820315206090615	-0.4821638460299482	0.00013232542088670307	0.00013232542088670307	0.0002745161161234972
2032	2.03640346910625	2.0361349921103056	0.00026847699594423347	0.00026847699594423347	0.00013183880307474845
2033	0.990587484007441	0.9902208013272684	0.000366682680172592	0.000366682680172592	0.0003701668818680911
2034	1.0268885605230345	1.026964734890612	-7.617436757745288e-05	7.617436757745288e-05	7.417978007141719e-05
2035	0.7857966522402424	0.7859268697956168	-0.00013021755537434565	0.00013021755537434565	0.00016571406228711459
2036	-0.5375254095856465	-0.5373138356929985	-0.0002115738926480315	0.0002115738926480315	0.0003936072395370556
2037	-0.07015217448624236	-0.06848719625907052	-0.0016649782271718483	0.0016649782271718483	0.02373380781658264
2038	0.5893796609319438	0.5891708653109617	0.00020879562098208293	0.00020879562098208293	0.00035426336336739103
2039	-0.5406504947801748	-0.5408121228072105	0.00016162802703567625	0.00016162802703567625	0.00029895103878780916
2040	-2.0646578755725864	-2.0649108704589025	0.000252994886316138	0.000252994886316138	0.00012253598492485132
2041	-0.9635916318695417	-0.9635852515827992	-6.380286742491137e-06	6.380286742491137e-06	6.62135964185599e-06
2042	0.08928779519581528	0.08951074495655575	-0.00022294976074047068	0.00022294976074047068	0.002496979125215535
2043	1.0229781761617913	1.0232688309343985	-0.00029065477260714623	0.00029065477260714623	0.00028412607363500304
2044	0.29069121380827473	0.29077270835387026	-8.149454559552849e-05	8.149454559552849e-05	0.00028034746743077753
2045	0.45243163815767107	0.45214080122946143	0.0002908369282096368	0.0002908369282096368	0.0006428306592216723
2046	0.8970063035749286	0.8970834865635879	-7.718298865933004e-05	7.718298865933004e-05	8.604509059939154e-05
2047	0.7478816920148541	0.7484731835205594	-0.000591491505705255	0.000591491505705255	0.0007908891366383482
2048	0.8378171177250987	0.8376397311735673	0.00017738655153143323	0.00017738655153143323	0.00021172466852084135
2049	0.6166365578360666	0.6173573512739949	-0.0007207934379283021	0.0007207934379283021	0.0011689112959143199
2050	-0.6385276544511063	-0.6349617723344636	-0.00356588211664266	0.00356588211664266	0.005584538260457925
2051	0.28274028392540906	0.28632412902140914	-0.003583845096000071	0.003583845096000071	0.012675396113507266
2052	-0.30799657338486025	-0.3043493700971567	-0.003647203287703571	0.003647203287703571	0.01184170085926953
2053	-0.3164041301159305	-0.31626531823292225	-0.00013881188300823855	0.00013881188300823855	0.0004387170387358024
2054	-0.5448648904675767	-0.544745939492941	-0.00011895097463565651	0.00011895097463565651	0.00021831279041227734
2055	-0.039509546309451526	-0.039667822036904	0.00015827572745247265	0.00015827572745247265	0.004006012273914917
2056	-0.18673578449399633	-0.18773418024409239	0.0009983957500960539	0.0009983957500960539	0.005346568965350896
2057	0.7094045841497367	0.7086740727118013	0.0007305114379354549	0.0007305114379354549	0.0010297529142851763
2058	-1.735184548083594	-1.7352810172894806	9.64692058866845e-05	9.64692058866845e-05	5.559593415768305e-05
2059	0.928763226938575	0.9284871279078288	0.000276099030746213	0.000276099030746213	0.0002972760147452233
2060	-0.9883612755174334	-0.9883787358120344	1.746029460103493e-05	1.746029460103493e-05	1.7665903180893042e-05
2061	0.3153694657576451	0.31522499028824313	0.000144475469401939	0.000144475469401939	0.000458114957498661
2062	-0.820015699818135	-0.8199435612112893	-7.21386068457397e-05	7.21386068457397e-05	8.797222646071138e-05
2063	0.15098052640419876	0.15096251297563867	1.8013428560087474e-05	1.8013428560087474e-05	0.00011930961554513776
2064	1.5499766697655288	1.5498002296112645	0.00017644015426432347	0.00017644015426432347	0.00011383407099347777
2065	-0.06841011062869848	-0.06914143955327745	0.0007313289245789723	0.0007313289245789723	0.01069036313284626
2066	-0.8069280792747796	-0.8081678388691671	0.0012397595943874906	0.0012397595943874906	0.0015363941672493476
2067	1.708442847743649	1.7084960370539193	-5.318931027020746e-05	5.318931027020746e-05	3.113321018637229e-05
2068	-0.7731152705823527	-0.7733670457383823	0.0002517751560295878	0.0002517751560295878	0.0003256631521971322
2069	-0.2667933628700886	-0.2665740521905491	-0.00021931067953950834	0.00021931067953950834	0.0008220244955879907
2070	-1.3769928254511485	-1.3771588611035668	0.00016603565241823937	0.00016603565241823937	0.00012057844409163176
2071	0.8984951242667233	0.8987508683873102	-0.0002557441205869315	0.0002557441205869315	0.00028463606944517206
2072	0.9330785966755848	0.9332545532174663	-0.00017595654188151677	0.00017595654188151677	0.00018857633484298407
2073	0.0002514468012888389	0.0002865238286631211	-3.5077027374282206e-05	3.5077027374282206e-05	0.13950078980718053
2074	0.9258610871652879	0.9252638843264549	0.0005972028388330219	0.0005972028388330219	0.0006450242343173531
2075	2.177372523830529	2.1771602769433684	0.0002122468871603722	0.0002122468871603722	9.74784447022314e-05
2076	0.0873401843113618	0.08770313372963301	-0.00036294941827121063	0.00036294941827121063	0.004155583379321948
2077	-0.00032553042697183385	0.00010785099391341646	-0.0004333814208852503	0.0004333814208852503	1.3313084890917068
2078	-0.06794165812816437	-0.06778262157070003	-0.00015903655746433987	0.00015903655746433987	0.0023407812209165564
2079	0.3223120740044661	0.32246797543677985	-0.0001559014323137542	0.0001559014323137542	0.00048369715219416184
2080	-0.5744270249508064	-0.5741338160021314	-0.0002932089486750167	0.0002932089486750167	0.0005104372460542345
2081	-1.9309277344622757	-1.9308344562176671	-9.327824460858558e-05	9.327824460858558e-05	4.8307475698753524e-05
2082	-0.6157186519222576	-0.6156921505322543	-2.6501390003264014e-05	2.6501390003264014e-05	4.304139548238041e-05
2083	1.1391744357959894	1.1391707892016711	3.646594318285068e-06	3.646594318285068e-06	3.2010851048786378e-06
2084	-0.5542556753929253	-0.5544923256479706	0.0002366502550452676	0.0002366502550452676	0.00042696947555385966
2085	1.725098734642001	1.7253522530609189	-0.000253518418917853	0.000253518418917853	0.0001469587878229266
2086	-1.0251861032366256	-1.025330793908097	0.00014469067147127035	0.00014469067147127035	0.00014113600546716926
2087	0.3461616039629157	0.3462897950896604	-0.00012819112674472555	0.00012819112674472555	0.00037032162226304763
2088	-0.8994406584561515	-0.8997700977033674	0.00032943924721584583	0.00032943924721584583	0.00036627124215322124
2089	0.3713487418016162	0.3715372497055114	-0.00018850790389518535	0.00018850790389518535	0.0005076303826441695
2090	0.2773277525738689	0.27726428035634854	6.347221752034393e-05	6.347221752034393e-05	0.00022887077449429625
2091	-0.6817466236721008	-0.6812007414112031	-0.0005458822608976899	0.0005458822608976899	0.0008007113521991456
2092	-1.8318172925751322	-1.8316742858672797	-0.00014300670785249991	0.00014300670785249991	7.806821588165267e-05
2093	0.7127526425876541	0.7128593143335138	-0.00010667174585965444	0.00010667174585965444	0.00014966166308746584
2094	0.6539129243509824	0.6543753593888368	-0.0004624350378544806	0.0004624350378544806	0.0007071813702312946
2095	1.3774692461987628	1.3778356852469642	-0.000366439048201439	0.000366439048201439	0.00026602339704690837
2096	-0.41167739744769255	-0.41150824239366557	-0.0001691550540269815	0.0001691550540269815	0.00041089225465304837
2097	-1.0725669345208704	-1.0724076240649083	-0.0001593104559620695	0.0001593104559620695	0.0001485319478296574
2098	0.4670919167388026	0.4669944096491463	9.750708965633459e-05	9.750708965633459e-05	0.00020875353685655937
2099	0.37791178645381984	0.3780065791687548	-9.479271493495478e-05	9.479271493495478e-05	0.0002508329148038845
2100	0.05205154379988583	0.052406735662202664	-0.00035519186231683375	0.00035519186231683375	0.006823848754272929
2101	0.4028384290548193	0.40260218382570656	0.00023624522911275259	0.00023624522911275259	0.0005864515698441563
2102	2.018275875788769	2.0181555910028237	0.00012028478594539038	0.00012028478594539038	5.9597792050297134e-05
2103	-0.07402132003945201	-0.07415430884805119	0.00013298880859917428	0.00013298880859917428	0.00179662843797292
2104	0.8627910138031936	0.8624656865094948	0.0003253272936987184	0.0003253272936987184	0.00037706384106235834
2105	-1.917860916121125	-1.9182199842902037	0.0003590681690786024	0.0003590681690786024	0.00018722325798516088
2106	-0.5317616484574317	-0.5316914366773062	-7.021178012545093e-05	7.021178012545093e-05	0.00013203618637998014
2107	-1.8657069131008925	-1.8653500096093012	-0.0003569034915913427	0.0003569034915913427	0.0001912966549489557
2108	-0.19219379552241925	-0.19249841616897356	0.00030462064655431553	0.00030462064655431553	0.0015849660792966742
2109	0.31348018680947093	0.3134172645786748	6.292223079612524e-05	6.292223079612524e-05	0.00020072155575933905
2110	-1.2491207803770537	-1.2492496519627139	0.0001288715856602174	0.0001288715856602174	0.0001031698356833971
2111	1.745394612061568	1.7452740988659343	0.0001205131956336647	0.0001205131956336647	6.904638916658558e-05
2112	0.8036073178211725	0.8035317644612405	7.555335993192358e-05	7.555335993192358e-05	9.401775998851288e-05
2113	0.15367575020625418	0.15348117423741314	0.00019457596884103756	0.00019457596884103756	0.0012661462109662038
2114	-0.8831572573387281	-0.8832686009014878	0.0001113435627597692	0.0001113435627597692	0.00012607444691706163
2115	-0.7222182912479804	-0.7220604864102143	-0.00015780483776617338	0.00015780483776617338	0.00021850019540974158
2116	0.7105836842820101	0.7105775679860926	6.11629591751317e-06	6.11629591751317e-06	8.607425209450474e-06
2117	-0.6669144145182107	-0.6671112400766788	0.00019682555846811667	0.00019682555846811667	0.0002951286614644647
2118	0.29475362572424235	0.2930173392172719	0.0017362865069704414	0.0017362865069704414	0.005890636638325289
2119	1.3278096295798696	1.3278823526974293	-7.272311755968097e-05	7.272311755968097e-05	5.4769234941225115e-05
2120	1.3169845276954193	1.3171980661752514	-0.00021353847983207608	0.00021353847983207608	0.00016214198066984536
2121	-0.5224326043947022	-0.5223859141949561	-4.669019974612443e-05	4.669019974612443e-05	8.937076161282154e-05
2122	-1.3179380214052656	-1.3176556252290084	-0.0002823961762572491	0.0002823961762572491	0.0002142712112942467
2123	-0.5856758111542189	-0.5852574634701568	-0.00041834768406201484	0.00041834768406201484	0.0007142990645926752
2124	0.11696593380505428	0.1166822593603456	0.0002836744447086842	0.0002836744447086842	0.0024252740561322835
2125	0.19660741816398503	0.1964606802715707	0.000146737892414317	0.000146737892414317	0.000746349724667697
2126	-0.8408723257106441	-0.8410339523408084	0.00016162663016427992	0.00016162663016427992	0.00019221304498002697
2127	0.66549245018826	0.6657020280442794	-0.00020957785601938284	0.00020957785601938284	0.0003149214629859373
2128	0.4460153700820366	0.44638025555343575	-0.0003648854713991234	0.0003648854713991234	0.0008181006661990353
2129	0.6955535628749334	0.6949689880002552	0.0005845748746782231	0.0005845748746782231	0.0008404455183321874
2130	-1.4275911389831175	-1.4273342762436414	-0.0002568627394761158	0.0002568627394761158	0.00017992738429231273
2131	-0.3767711035264305	-0.3766345284645922	-0.00013657506183828438	0.00013657506183828438	0.0003624881541073482
2132	0.09433599516804814	0.09447942774443163	-0.00014343257638349538	0.00014343257638349538	0.001520443772581056
2133	1.8156963820534493	1.815312638427713	0.0003837436257363436	0.0003837436257363436	0.00021134790459974997
2134	-0.1935031352967694	-0.19331801512123548	-0.00018512017553393156	0.00018512017553393156	0.0009566779124793964
2135	-0.3448024342381536	-0.3446386550223224	-0.0001637792158312168	0.0001637792158312168	0.0004749943723369864
2136	-0.36523811138005774	-0.3647026908453199	-0.0005354205347378183	0.0005354205347378183	0.001465949248052794
2137	-0.414990023003193	-0.41546572927586567	0.0004757062726726824	0.0004757062726726824	0.0011463077334488648
2138	-0.6148883003467452	-0.6147805398484252	-0.00010776049832006418	0.00010776049832006418	0.00017525215272317968
2139	0.006622410057777488	0.007099124914589083	-0.00047671485681159524	0.00047671485681159524	0.07198510099079895
2140	0.18385322270602056	0.18377970367566832	7.351903035224261e-05	7.351903035224261e-05	0.00039987893206418684
2141	0.5834274233229274	0.5835760529180334	-0.00014862959510597573	0.00014862959510597573	0.00025475250076427956
2142	0.08059067807227721	0.08086577253152427	-0.00027509445924706055	0.00027509445924706055	0.0034134774123670223
2143	0.6492099443105233	0.6493870699841864	-0.00017712567366312548	0.00017712567366312548	0.00027283265639320615
2144	-0.02956347303249394	-0.03126773256667548	0.0017042595341815354	0.0017042595341815354	0.05764747370203568
2145	-0.0497392615124801	-0.05141710245482045	0.0016778409423403515	0.0016778409423403515	0.0337327272524817
2146	-0.6233269261179479	-0.6233509594437692	2.403332582123774e-05	2.403332582123774e-05	3.855653400201434e-05
2147	-0.01777531769778556	-0.018166311335221508	0.000390993637435947	0.000390993637435947	0.02199643596157253
2148	-0.7334470652763023	-0.7333375120879282	-0.00010955318837413408	0.00010955318837413408	0.00014936754615394566
2149	0.19060075456003733	0.19050410854504207	9.664601499526082e-05	9.664601499526082e-05	0.0005070599810496463
2150	0.22244833099648773	0.22224004386828256	0.00020828712820517015	0.00020828712820517015	0.000936339361469333
2151	0.018293646253618488	0.01789489076031714	0.0003987554933013483	0.0003987554933013483	0.021797485737567183
2152	0.421817968229084	0.4217229216578744	9.504657120962268e-05	9.504657120962268e-05	0.00022532603722088027
2153	0.26795347952205967	0.26803500151117987	-8.152198912020348e-05	8.152198912020348e-05	0.0003042393376104379
2154	0.586026368386466	0.5859877789760048	3.858941046119835e-05	3.858941046119835e-05	6.584927324592644e-05
2155	-0.05900129751637692	-0.05909548283966615	9.418532328922535e-05	9.418532328922535e-05	0.0015963263055881515
2156	-0.10230075704207357	-0.10312238050858014	0.000821623466506563	0.000821623466506563	0.008031450502058857
2157	-0.4938426648952163	-0.4933041825267992	-0.0005384823684170814	0.0005384823684170814	0.0010903925616295967
2158	0.6438865611056206	0.6437325395864946	0.00015402151912602413	0.00015402151912602413	0.00023920598507531059
2159	-0.5407496345527124	-0.5410379558696832	0.00028832131697076324	0.00028832131697076324	0.0005331881864501891
2160	1.421440517987211	1.42165355840973	-0.00021304042251912847	0.00021304042251912847	0.00014987642453079787
2161	-0.320908431959231	-0.32094507470503686	3.664274580583715e-05	3.664274580583715e-05	0.00011418442819381054
2162	0.5872185863815899	0.586907949738702	0.00031063664288788484	0.00031063664288788484	0.0005289966123211657
2163	-0.4366398152405782	-0.43670466527601093	6.48500354327175e-05	6.48500354327175e-05	0.00014852066433059173
2164	-0.09248362977266919	-0.09263237228651633	0.00014874251384713877	0.00014874251384713877	0.0016083118084006607
2165	-0.39174103401731186	-0.39126977578973765	-0.00047125822757421165	0.00047125822757421165	0.0012029840804305065
2166	0.4279840111479556	0.42817625548252636	-0.00019224433457076806	0.00019224433457076806	0.00044918578629870475
2167	-0.1016136559071201	-0.10134606267797608	-0.00026759322914401973	0.00026759322914401973	0.0026334376689351
2168	0.41951073233135233	0.41959096969890197	-8.023736754964039e-05	8.023736754964039e-05	0.00019126415933088588
2169	-0.42603095036797123	-0.42585899500124924	-0.00017195536672198752	0.00017195536672198752	0.00040362177107899395
2170	0.02241945134584885	0.022407618587294564	1.1832758554285172e-05	1.1832758554285172e-05	0.0005277898362341551
2171	-0.27827943149691925	-0.278533242493495	0.0002538109965757318	0.0002538109965757318	0.0009120724273814742
2172	0.12655958261673295	0.12705089423548088	-0.000491311618747936	0.000491311618747936	0.003882057830704143
2173	0.2898964200337542	0.2898049490909216	9.147094283262769e-05	9.147094283262769e-05	0.0003155297427335503
2174	-0.47607946445795835	-0.47640185665898116	0.0003223922010228142	0.0003223922010228142	0.0006771814898377832
2175	-0.3674220673487236	-0.36795534028044585	0.0005332729317222284	0.0005332729317222284	0.0014513905916709524
2176	-0.4503193570301969	-0.4464624728797162	-0.0038568841504806883	0.0038568841504806883	0.008564775398322615
2177	0.55043463557642	0.5533501190342349	-0.0029154834578148936	0.0029154834578148936	0.005296693320836857
2178	0.04571324213339618	0.04594651268519101	-0.00023327055179483275	0.00023327055179483275	0.005102909811431097
2179	0.03570955862766538	0.03541639571835731	0.00029316290930807287	0.00029316290930807287	0.008209648076718312
2180	0.046543061302392615	0.04657205859359692	-2.8997291204306552e-05	2.8997291204306552e-05	0.0006230207122799613
2181	0.6527707232700365	0.6530313948047706	-0.00026067153473408045	0.00026067153473408045	0.00039933092193267147
2182	-0.03586357481158189	-0.03595951170609624	9.593689451434934e-05	9.593689451434934e-05	0.0026750510794971614
2183	-0.08104158559201605	-0.08018706344614657	-0.0008545221458694796	0.0008545221458694796	0.010544242682656302
2184	1.218552163991877	1.2186958374229562	-0.00014367343107912767	0.00014367343107912767	0.00011790503133527356
2185	-0.08147520312239202	-0.08175761897177836	0.00028241584938633324	0.00028241584938633324	0.0034662797828449504
2186	0.7027016487947845	0.7030799320517644	-0.0003782832569799721	0.0003782832569799721	0.000538326980773095
2187	0.056452454562187074	0.05635190385078204	0.00010055071140503691	0.00010055071140503691	0.0017811574746368546
2188	-0.18924156886653926	-0.18854220596153937	-0.0006993629049998895	0.0006993629049998895	0.0036956093166460075
2189	-0.3759234073578229	-0.3754616110995812	-0.0004617962582417201	0.0004617962582417201	0.0012284317741410528
2190	-0.9992883438940945	-0.9994289657555555	0.00014062186146102107	0.00014062186146102107	0.00014072200713663514
2191	-0.7716909689083333	-0.7754557921373362	0.003764823229002845	0.003764823229002845	0.004878666954375173
2192	0.05988607389665623	0.060299694510490554	-0.00041362061383432014	0.00041362061383432014	0.006906791294217984
2193	1.6093593506819346	1.6063151652474517	0.0030441854344829267	0.0030441854344829267	0.00189155109030995
2194	0.3014417601301074	0.3012342859420869	0.00020747418802047335	0.00020747418802047335	0.0006882728787508538
2195	-0.17089531350044168	-0.1712312341339839	0.00033592063354220825	0.00033592063354220825	0.0019656515246764803
2196	-0.22779131759623544	-0.22768684502239012	-0.00010447257384532671	0.00010447257384532671	0.00045863281773762067
2197	0.5518025813945725	0.5519380511742611	-0.00013546977968859064	0.00013546977968859064	0.0002455040702169559
2198	-0.14152804677855155	-0.14147333153857744	-5.471523997410688e-05	5.471523997410688e-05	0.00038660351230395784
2199	-0.7516191813923143	-0.7513054167276323	-0.0003137646646820258	0.0003137646646820258	0.0004174516463254728
2200	-0.0967606859035146	-0.09597347137457746	-0.0007872145289371385	0.0007872145289371385	0.00813568570320092
2201	0.18880018154202402	0.18968276138764395	-0.0008825798456199296	0.0008825798456199296	0.004674676890728947
2202	-1.045390687466432	-1.0459506044924183	0.000559917025986234	0.000559917025986234	0.0005356055230826927
2203	-0.04638062748626828	-0.046051532237356696	-0.00032909524891158726	0.00032909524891158726	0.007095532483018284
2204	-0.19138209453856392	-0.19126911919897793	-0.0001129753395859856	0.0001129753395859856	0.0005903130063362371
2205	0.31409707364469225	0.3139694407678917	0.00012763287680056523	0.00012763287680056523	0.00040634850659240464
2206	0.4130429874217081	0.4125825666108085	0.00046042081089958664	0.00046042081089958664	0.0011147043405182106
2207	0.02705299642629498	0.026795246469646372	0.0002577499566486091	0.0002577499566486091	0.009527593638318054
2208	0.007527329682076433	0.007684212860681328	-0.00015688317860489479	0.00015688317860489479	0.020841810473434474
2209	3.4162194331214724	3.4162042170891027	1.5216032369647081e-05	1.5216032369647081e-05	4.4540559140089745e-06
2210	2.0283678584304075	2.0284343899561463	-6.653152573887766e-05	6.653152573887766e-05	3.280052257895721e-05
2211	-2.5916441824516276	-2.587206565877409	-0.004437616574218595	0.004437616574218595	0.00171227848493489
2212	-0.7401073616562783	-0.7400517120004224	-5.564965585591608e-05	5.564965585591608e-05	7.519132863558918e-05
2213	-0.20225431662988577	-0.20217660357957357	-7.771305031220588e-05	7.771305031220588e-05	0.0003842343224467069
2214	-0.8059897837955954	-0.8056648356102869	-0.00032494818530848235	0.00032494818530848235	0.00040316663044812426
2215	-2.2550719357301507	-2.2550847126723284	1.2776942177605832e-05	1.2776942177605832e-05	5.6658690018546545e-06
2216	-1.9148108515606541	-1.914642890540108	-0.0001679610205460591	0.0001679610205460591	8.771676868718577e-05
2217	3.0870445972346463	3.0871939920018576	-0.0001493947672113194	0.0001493947672113194	4.839410721346436e-05
2218	-0.8294320752071668	-0.8293584860439296	-7.358916323718656e-05	7.358916323718656e-05	8.872235043334469e-05
2219	-0.5978665075262718	-0.5978239835542354	-4.252397203641234e-05	4.252397203641234e-05	7.112619874352759e-05
2220	-1.3106901855510245	-1.3110321775684497	0.0003419920174252411	0.0003419920174252411	0.000260925137912332
2221	0.1349565222068114	0.1347946088117169	0.00016191339509449842	0.00016191339509449842	0.00119974486928744
2222	0.1594498431901657	0.15947215464962028	-2.2311459454582572e-05	2.2311459454582572e-05	0.0001399277604053402
2223	0.02742967632552605	0.027031228611917868	0.00039844771360818265	0.00039844771360818265	0.014526154405890212
2224	0.5860270872010556	0.5826762201195379	0.003350867081517661	0.003350867081517661	0.0057179389053872145
2225	0.8515919605567825	0.8518090957068125	-0.00021713515002996786	0.00021713515002996786	0.00025497557526024775
2226	1.39592835032122	1.3959604108464418	-3.20605252217554e-05	3.20605252217554e-05	2.2967171068900408e-05
2227	0.02015514312323972	0.02076733281342058	-0.0006121896901808595	0.0006121896901808595	0.030373869658855423
2228	1.5062921920024268	1.5054068357613914	0.0008853562410353621	0.0008853562410353621	0.0005877719115428673
2229	-1.5156798744249182	-1.515900267790471	0.00022039336555268463	0.00022039336555268463	0.0001454089146867551
2230	-0.5485123954594504	-0.546817925197729	-0.0016944702617214258	0.0016944702617214258	0.0030892105187560743
2231	0.4464248887007351	0.44422934577426076	0.0021955429264743365	0.0021955429264743365	0.004918056725878781
2232	0.5087947622476572	0.508747456905212	4.730534244523632e-05	4.730534244523632e-05	9.297529368474576e-05
2233	0.5289118684793832	0.528790739039664	0.00012112943971920309	0.00012112943971920309	0.0002290163010851867
2234	-1.846536509144103	-1.8465043999924546	-3.210915164841843e-05	3.210915164841843e-05	1.7388852854743445e-05
2235	0.8553516144030133	0.8555689846474479	-0.0002173702444345782	0.0002173702444345782	0.00025412969447224373
2236	-1.8753020325457799	-1.8758210466955916	0.0005190141498117029	0.0005190141498117029	0.0002767629644741148
2237	-2.3834878211988646	-2.3832687264757624	-0.00021909472310222	0.00021909472310222	9.19218974620219e-05
2238	0.39464432052596116	0.395066220875151	-0.0004219003491898188	0.0004219003491898188	0.0010690647939074157
2239	1.482682287362288	1.482689505110102	-7.21774781387019e-06	7.21774781387019e-06	4.868034018744948e-06
2240	0.9452559528143669	0.9453535733712215	-9.762055685458293e-05	9.762055685458293e-05	0.00010327420479493562
2241	-0.39892728863231297	-0.39893658399137166	9.295359058691943e-06	9.295359058691943e-06	2.3300885458501128e-05
2242	0.22530734480418663	0.22496703927288308	0.0003403055313035419	0.0003403055313035419	0.001510405848505736
2243	0.7860838756344721	0.7857828304054237	0.00030104522904839115	0.00030104522904839115	0.0003829683299449546
2244	0.047775406192346236	0.04797259613553706	-0.00019718994319082445	0.00019718994319082445	0.004127436246108042
2245	-0.06329791978015233	-0.0629000853962225	-0.00039783438392983206	0.00039783438392983206	0.006285109926386189
2246	0.13977673394071094	0.13998345617949326	-0.00020672223878231977	0.00020672223878231977	0.0014789459801658057
2247	-3.4465611260496676	-3.447700020686284	0.0011388946366164276	0.0011388946366164276	0.0003304437655286243
2248	0.269048744015355	0.26921326744400176	-0.00016452342864675673	0.00016452342864675673	0.0006115004522651373
2249	-0.3698310788307274	-0.3732038940711391	0.003372815240411664	0.003372815240411664	0.009119880489966637
2250	0.2992333027207167	0.2993144207437126	-8.111802299592963e-05	8.111802299592963e-05	0.0002710862135276416
2251	-0.534191466300125	-0.5339649533624424	-0.00022651293768261027	0.00022651293768261027	0.00042402949498887804
2252	0.6595616267077642	0.6594314406385138	0.00013018606925041531	0.00013018606925041531	0.00019738272206684578
2253	2.3464074078376145	2.3462677597620996	0.00013964807551491987	0.00013964807551491987	5.951569836016489e-05
2254	0.8246185847449414	0.8252239494908054	-0.0006053647458639233	0.0006053647458639233	0.0007341148466247163
2255	0.23235516097265838	0.23267895225842494	-0.000323791285766567	0.000323791285766567	0.0013935188029013399
2256	-1.0258954855415403	-1.0266665843658984	0.0007710988243581074	0.0007710988243581074	0.0007516348743371912
2257	0.024311699181558236	0.02052785774253607	0.0037838414390221654	0.0037838414390221654	0.15563870755246995
2258	-0.13376199439833308	-0.1338190175914633	5.7023193130223415e-05	5.7023193130223415e-05	0.00042630340095268517
2259	1.4846963272459557	1.4846489758753023	4.735137065337014e-05	4.735137065337014e-05	3.189296678682083e-05
2260	-0.9650879570256117	-0.9653397111293316	0.00025175410371991447	0.00025175410371991447	0.0002608613048035718
2261	-0.15494891320049356	-0.15519299249433516	0.0002440792938415981	0.0002440792938415981	0.0015752243032887605
2262	-0.9224691785972134	-0.9222488951081687	-0.00022028348904479245	0.00022028348904479245	0.0002387976684270087
2263	-0.8279558804493641	-0.8280150995005897	5.921905122563409e-05	5.921905122563409e-05	7.152440440847355e-05
2264	0.5972522383824803	0.5976227145794155	-0.00037047619693519884	0.00037047619693519884	0.0006203010606348634
2265	0.57836958009022	0.5781524619834499	0.0002171181067700534	0.0002171181067700534	0.0003753968297160184
2266	0.048805437020773126	0.04897839772866064	-0.00017296070788751228	0.00017296070788751228	0.003543881961632569
2267	-0.3593471424431028	-0.35925652312585044	-9.061931725234951e-05	9.061931725234951e-05	0.00025217764815452156
2268	0.10215063274155588	0.10228307027659866	-0.000132437535042787	0.000132437535042787	0.0012964925570050836
2269	0.6927565729045442	0.6928154674312736	-5.8894526729469376e-05	5.8894526729469376e-05	8.501474981686609e-05
2270	-0.3242042702592307	-0.3242597013155546	5.5431056323884675e-05	5.5431056323884675e-05	0.00017097571318096003
2271	-0.415468568312543	-0.41551364918746003	4.508087491705837e-05	4.508087491705837e-05	0.00010850610215872105
2272	-1.122090241429756	-1.1216172329682195	-0.0004730084615365282	0.0004730084615365282	0.00042154226467010854
2273	-0.9896337263455044	-0.9903897364011982	0.0007560100556938121	0.0007560100556938121	0.0007639291543605611
2274	-0.03578273220230174	-0.03576158469797974	-2.1147504321999966e-05	2.1147504321999966e-05	0.0005909974733745916
2275	0.5790483075258542	0.5788889659044116	0.0001593416214425991	0.0001593416214425991	0.0002751784598480751
2276	0.7309425739195893	0.7305344180963402	0.00040815582324904565	0.00040815582324904565	0.0005583965660398743
2277	0.11012077349670323	0.11010083829887662	1.9935197826601025e-05	1.9935197826601025e-05	0.00018103031057258094
2278	0.309850770908573	0.30992035776478133	-6.958685620833682e-05	6.958685620833682e-05	0.00022458183984596142
2279	0.14464916649993204	0.14441364530171086	0.000235521198221178	0.000235521198221178	0.001628223680233157
2280	0.15617251659778236	0.15599093890728	0.00018157769050236583	0.00018157769050236583	0.0011626737819050053
2281	0.10814435227595448	0.10783695748273203	0.00030739479322244856	0.00030739479322244856	0.002842448882009687
2282	1.0889959703133458	1.089248949284638	-0.0002529789712921726	0.0002529789712921726	0.0002323047818252081
2283	0.5534914064405985	0.5534922174348367	-8.10994238209517e-07	8.10994238209517e-07	1.4652336581427196e-06
2284	-0.10688855185128787	-0.1086178975100438	0.001729345658755932	0.001729345658755932	0.016178960504226306
2285	-0.9438111577391035	-0.945732618433226	0.0019214606941224677	0.0019214606941224677	0.002035852912276774
2286	-0.054261998809378736	-0.04951359498761576	-0.004748403821762975	0.004748403821762975	0.08750882617582921
2287	0.23556109855406096	0.23539359301594232	0.00016750553811864521	0.00016750553811864521	0.0007110916834181893
2288	-0.2527481742395379	-0.25235984256255506	-0.00038833167698282267	0.00038833167698282267	0.001536437120272876
2289	0.06237262246049591	0.06227975519834672	9.286726214918772e-05	9.286726214918772e-05	0.001488910654798999
2290	1.472482485263909	1.4724007226760705	8.176258783842982e-05	8.176258783842982e-05	5.552703591158556e-05
2291	-0.9774357302037313	-0.9778597981977555	0.0004240679940241687	0.0004240679940241687	0.00043385767567119565
2292	0.26219225714271643	0.2626730995558546	-0.00048084241313817166	0.00048084241313817166	0.0018339306369235748
2293	-1.0988517021732918	-1.1004292766187973	0.0015775744455055474	0.0015775744455055474	0.0014356572796724483
2294	1.7002519223205386	1.6985653070520357	0.001686615268502889	0.001686615268502889	0.0009919796274665946
2295	-0.4640603401529364	-0.46580898009551674	0.0017486399425803434	0.0017486399425803434	0.0037681305452736146
2296	-0.2085561089480747	-0.2086779364844915	0.00012182753641681865	0.00012182753641681865	0.000584147532437665
2297	-0.729662810533601	-0.7296982385014417	3.542796784061775e-05	3.542796784061775e-05	4.85538900012039e-05
2298	-0.0019009550673674477	-0.001953578035340797	5.262296797334948e-05	5.262296797334948e-05	0.027682383911485503
2299	2.1490740068051775	2.14944847304821	-0.00037446624303250076	0.00037446624303250076	0.0001742453921301593
2300	-0.4934103849964072	-0.49296193468251204	-0.00044845031389517676	0.00044845031389517676	0.0009088789525547626
2301	0.20576480580304604	0.2085490808809709	-0.0027842750779248637	0.0027842750779248637	0.013531347438443463
2302	-0.07100692631068775	-0.07086350953500187	-0.00014341677568588396	0.00014341677568588396	0.0020197575523600336
2303	0.6379311124141329	0.6381953823932918	-0.00026426997915884876	0.00026426997915884876	0.00041426099780392847
2304	0.547198390400153	0.547320842159138	-0.00012245175898506488	0.00012245175898506488	0.00022377945756660373
2305	-2.1617750071222552	-2.1618054297789513	3.0422656696060812e-05	3.0422656696060812e-05	1.4072998621886794e-05
2306	0.4251764648045969	0.42470177089626304	0.0004746939083338786	0.0004746939083338786	0.0011164632749652288
2307	-0.49698283925086567	-0.4966941896213939	-0.0002886496294717822	0.0002886496294717822	0.0005808040171102938
