ID	Analytic	Finite_differences	Diff	Abs_diff	Norm_diff
1	4.322722791994812	4.322542855497602	0.0001799364972097095	0.0001799364972097095	4.1625731250435796e-05
2	-3.653287524055311	-3.653612639880066	0.000325115824755251	0.000325115824755251	8.89926737532988e-05
3	-2.274628584942564	-2.2744146599009696	-0.0002139250415944538	0.0002139250415944538	9.404833958852916e-05
4	-2.499439721382867	-2.499429468436176	-1.0252946690769704e-05	1.0252946690769704e-05	4.102098003426563e-06
5	4.541475874783938	4.541312250637475	0.00016362414646309276	0.00016362414646309276	3.602884854494074e-05
6	-3.2169836212591383	-3.217045335553337	6.17142941985449e-05	6.17142941985449e-05	1.9183900654859326e-05
7	-5.674195277594304	-5.674211966045561	1.6688451257351744e-05	1.6688451257351744e-05	2.9411133105075594e-06
8	0.922364194327812	0.9226392927104143	-0.00027509838260231234	0.00027509838260231234	0.0002982535361780764
9	4.0969123591820855	4.096868091224337	4.426795774836734e-05	4.426795774836734e-05	1.0805200079311696e-05
10	1.990971609052324	1.991182906650124	-0.0002112975978001419	0.0002112975978001419	0.00010612788089967629
11	1.9143201950416493	1.9143620420436491	-4.184700199982849e-05	4.184700199982849e-05	2.185998042972014e-05
12	3.1664236218030695	3.1662241535173052	0.00019946828576422604	0.00019946828576422604	6.299481989420038e-05
13	-1.1076084676514428	-1.1074997675990517	-0.00010870005239116409	0.00010870005239116409	9.813941980928525e-05
14	0.7994379185911602	0.7994032946569973	3.4623934162869574e-05	3.4623934162869574e-05	4.3310347630103554e-05
15	-0.3521184902452661	-0.352146000643927	2.7510398660890445e-05	2.7510398660890445e-05	7.81282421202256e-05
16	0.645742705906614	0.6457640450605595	-2.1339153945532097e-05	2.1339153945532097e-05	3.3045907836577444e-05
17	-0.3582701961835026	-0.3580032413594836	-0.0002669548240190056	0.0002669548240190056	0.0007451214945110139
18	0.46320039604225816	0.4634156015512758	-0.00021520550901765745	0.00021520550901765745	0.0004646056239512025
19	0.11107699561236885	0.11080633224480607	0.0002706633675627762	0.0002706633675627762	0.002436718476860179
20	-0.6364330446730095	-0.6362644341706414	-0.00016861050236816055	0.00016861050236816055	0.000264930464845348
21	-0.00906379489667782	-0.009058608213763364	-5.186682914456661e-06	5.186682914456661e-06	0.0005722418670746567
22	-1.8094757742119576	-1.809894817569102	0.0004190433571444885	0.0004190433571444885	0.00023158273966225688
23	0.7896825655270844	0.7894660996115022	0.00021646591558222017	0.00021646591558222017	0.000274117632871554
24	0.3956579563256857	0.39475539422539896	0.000902562100286719	0.000902562100286719	0.002281167573801487
25	0.9230596773592395	0.9236532403846809	-0.0005935630254413349	0.0005935630254413349	0.000643038624695909
26	0.47301995217642206	0.47320994380584125	-0.0001899916294191839	0.0001899916294191839	0.00040165669237631396
27	-0.7589209499551763	-0.759079923497552	0.0001589735423757066	0.0001589735423757066	0.00020947312415752387
28	0.743468022749622	0.741983473226071	0.0014845495235509265	0.0014845495235509265	0.0019967900139948305
29	-0.9578492307247417	-0.958207453123805	0.00035822239906324604	0.00035822239906324604	0.00037398620531563475
30	0.29176454216479825	0.29140936506877324	0.0003551770960250056	0.0003551770960250056	0.001217341536396804
31	1.0917688610683989	1.0958402421152869	-0.0040713810468879785	0.0040713810468879785	0.0037291602573311607
32	-0.6189927506469071	-0.622892251286089	0.0038995006391819853	0.0038995006391819853	0.006299751709703597
33	-2.1732559412627395	-2.175827054685442	0.0025711134227024424	0.0025711134227024424	0.0011830697774181781
34	-0.6431150063952868	-0.643215514415374	0.0001005080200870978	0.0001005080200870978	0.00015628312057349372
35	-0.40785799748227497	-0.407980313902101	0.00012231641982601849	0.00012231641982601849	0.0002998995252786093
36	1.5372808844458539	1.5371858593837828	9.502506207104133e-05	9.502506207104133e-05	6.181372775300928e-05
37	-0.2817748010008544	-0.28171323540249205	-6.156559836234532e-05	6.156559836234532e-05	0.00021849220776189507
38	0.8405240148982688	0.8401995891489378	0.0003244257493310032	0.0003244257493310032	0.00038598034509492205
39	0.22070900757545414	0.22071536049850238	-6.352923048236203e-06	6.352923048236203e-06	2.878415846287705e-05
40	-0.8590804247665327	-0.8567651596607107	-0.0023152651058220286	0.0023152651058220286	0.0026950504738263996
41	-0.3013880609560019	-0.30491930489517927	0.0035312439391773642	0.0035312439391773642	0.011716601938299315
42	2.307082524253234	2.303812384887749	0.0032701393654850364	0.0032701393654850364	0.0014174349339946253
43	-0.10432546056987663	-0.10407464798589672	-0.00025081258397990913	0.00025081258397990913	0.0024041358898379004
44	0.4901912688227371	0.4902279322323011	-3.666340956398617e-05	3.666340956398617e-05	7.479408936033985e-05
45	-0.20087159103152905	-0.2007957619198919	-7.582911163714345e-05	7.582911163714345e-05	0.0003775004282474231
46	0.7835227778614086	0.7832260770683774	0.00029670079303112384	0.00029670079303112384	0.00037867538942640034
47	-0.2179074456287745	-0.21816572530042322	0.000258279671648709	0.000258279671648709	0.0011852723568184648
48	-1.8133358841275855	-1.8135303120487833	0.00019442792119783725	0.00019442792119783725	0.00010722112924566014
49	0.742975234528099	0.7429808099175261	-5.57538942713709e-06	5.57538942713709e-06	7.504138991494515e-06
50	-1.0329410136476551	-1.0326205748611983	-0.00032043878645682256	0.00032043878645682256	0.0003102198307774106
51	-0.30575332007931233	-0.3058666421935641	0.00011332211425174599	0.00011332211425174599	0.0003706324896892379
52	0.6632706986924175	0.6635496297491272	-0.0002789310567097303	0.0002789310567097303	0.00042053878945597843
53	-0.4075356796363424	-0.4073976798437684	-0.00013799979257400619	0.00013799979257400619	0.00033862014903124056
54	0.5628208239388424	0.5627652638011682	5.5560137674159904e-05	5.5560137674159904e-05	9.871727432778362e-05
55	-0.9266874692025704	-0.9265964403795124	-9.102882305800364e-05	9.102882305800364e-05	9.823033771713285e-05
56	1.1765338542192918	1.1762855822965435	0.0002482719227483443	0.0002482719227483443	0.00021101978651782118
57	0.0005146903967868507	0.00046919801377498516	4.5492383011865554e-05	4.5492383011865554e-05	0.08838786053881896
58	-0.49222594853207424	-0.49184644257849186	-0.00037950595358238193	0.00037950595358238193	0.0007709994865450551
59	1.1097765492933707	1.109289960382398	0.0004865889109726407	0.0004865889109726407	0.00043845665263197986
60	-0.13016640301519808	-0.13068395507076502	0.0005175520555669444	0.0005175520555669444	0.003976080183352041
61	0.4161869827068556	0.41619624000333033	-9.257296474718402e-06	9.257296474718402e-06	2.224311874078687e-05
62	-1.3174930906301243	-1.3179397291054329	0.0004466384753085695	0.0004466384753085695	0.0003390063131905712
63	0.20723619212350897	0.20704831075590846	0.00018788136760050644	0.00018788136760050644	0.0009066049982646496
64	0.03228756709452595	0.03376267164156843	-0.0014751045470424787	0.0014751045470424787	0.04568645704161985
65	0.4459503624512665	0.44786995950119035	-0.001919597049923838	0.001919597049923838	0.004304508329968252
66	-0.32125129979038286	-0.32311592020306534	0.0018646204126824828	0.0018646204126824828	0.00580424239185694
67	0.4969991681037613	0.4966508990023044	0.0003482691014569106	0.0003482691014569106	0.0007007438317969185
68	-1.3885528332218169	-1.3881800468382721	-0.00037278638354476534	0.00037278638354476534	0.0002684711554545609
69	0.5932001312658566	0.5924647990411813	0.0007353322246752558	0.0007353322246752558	0.0012396022622350017
70	-0.3574907434447445	-0.35766875225817785	0.00017800881343332797	0.00017800881343332797	0.0004979396437458859
71	-0.4027295265525146	-0.4028065289674032	7.700241488861614e-05	7.700241488861614e-05	0.00019120131455912826
72	-0.010756194167651268	-0.010744670319695615	-1.1523847955653005e-05	1.1523847955653005e-05	0.0010713685320324932
73	-0.3278283558298173	-0.3278512744984141	2.2918668596827452e-05	2.2918668596827452e-05	6.991057420525583e-05
74	1.2485909907897876	1.2518539299009035	-0.003262939111115859	0.003262939111115859	0.002613297016544953
75	-0.03882498617282125	-0.03880429369473859	-2.0692478082659505e-05	2.0692478082659505e-05	0.0005329680734605107
76	-2.397475290844993	-2.3976460248817943	0.00017073403680134547	0.00017073403680134547	7.121409653451321e-05
77	-0.4813409758868188	-0.4823746999136347	0.0010337240268158965	0.0010337240268158965	0.002147591995282287
78	0.45318144091662443	0.45386415028048077	-0.0006827093638563375	0.0006827093638563375	0.001506481294722617
79	2.5739577216777416	2.5739697131896833	-1.1991511941644717e-05	1.1991511941644717e-05	4.65878356922991e-06
80	0.5014288319816451	0.5013690207391619	5.9811242483220894e-05	5.9811242483220894e-05	0.0001192816181846725
81	-0.5298513324597874	-0.5299552292044041	0.00010389674461663834	0.00010389674461663834	0.0001960865968465286
82	-0.15889648891526562	-0.1587720871611964	-0.00012440175406921994	0.00012440175406921994	0.0007829106540897791
83	-0.2831720121675332	-0.28328581641545725	0.0001138042479240653	0.0001138042479240653	0.0004018908756305169
84	0.07109986034932855	0.07081446857171159	0.00028539177761696677	0.00028539177761696677	0.004013956936269312
85	0.7126260561245084	0.7127606537835618	-0.000134597659053437	0.000134597659053437	0.00018887557912970897
86	0.8423255818966935	0.8424944248588417	-0.00016884296214825234	0.00016884296214825234	0.00020044857449071278
87	0.8396912208708893	0.8404753560853351	-0.0007841352144457581	0.0007841352144457581	0.0009338375761896009
88	0.19916720560452103	0.19897345710973013	0.00019374849479089629	0.00019374849479089629	0.0009727931574017036
89	0.37635290726395754	0.3760394797751587	0.000313427488798812	0.000313427488798812	0.0008328020927947492
90	-0.5969065303649568	-0.5969744547655864	6.792440062963756e-05	6.792440062963756e-05	0.00011379403168550971
91	-0.46256267652354577	-0.4624388737752838	-0.00012380274826195858	0.00012380274826195858	0.000267645347420625
92	-0.9056868710863412	-0.9057259742277779	3.910314143673599e-05	3.910314143673599e-05	4.3175122313336704e-05
93	-0.4355111022854057	-0.4353705920649986	-0.00014051022040706407	0.00014051022040706407	0.0003226329240970367
94	-0.6057499142882633	-0.6063170715293609	0.0005671572410975712	0.0005671572410975712	0.0009362894285572664
95	-1.4465159111233228	-1.4461914822874178	-0.0003244288359049996	0.0003244288359049996	0.00022428293626791665
96	-2.8891385858322485	-2.8891516194988753	1.3033666626860452e-05	1.3033666626860452e-05	4.511263907787227e-06
97	-0.27774936466506084	-0.2777780783063122	2.8713641251343347e-05	2.8713641251343347e-05	0.00010337968292373684
98	0.36708196882886257	0.36724058612236377	-0.00015861729350119536	0.00015861729350119536	0.00043210320029405855
99	0.2539659957283992	0.2539491437119068	1.6852016492374666e-05	1.6852016492374666e-05	6.635540495900423e-05
100	0.7454937949922673	0.7454620899309816	3.170506128569173e-05	3.170506128569173e-05	4.2528940547413394e-05
101	0.9722156282158868	0.9719784880886095	0.00023714012727726885	0.00023714012727726885	0.00024391721383089138
102	2.1188296651657326	2.1187988134272473	3.085173848527134e-05	3.085173848527134e-05	1.4560745015271508e-05
103	3.988153492352307	3.9877750778316567	0.00037841452065023873	0.00037841452065023873	9.488464307501889e-05
104	-1.3081729392383132	-1.2843758357234947	-0.023797103514818563	0.023797103514818563	0.018191099051991157
105	-0.9557383505974085	-0.9555875418669757	-0.0001508087304328276	0.0001508087304328276	0.000157792904656971
106	-1.2155459816579994	-1.2157629147466764	0.0002169330886769849	0.0002169330886769849	0.0001784655553557004
107	0.40685455974476126	0.4069421468244627	-8.758707970146773e-05	8.758707970146773e-05	0.00021527859920364458
108	0.5382117456619411	0.5386504047208973	-0.0004386590589562367	0.0004386590589562367	0.0008150306315161042
109	-0.644825209903495	-0.6428326195901946	-0.0019925903133004574	0.0019925903133004574	0.003090124707746259
110	0.26610584188730935	0.2663490706638072	-0.00024322877649785024	0.00024322877649785024	0.0009140302023164636
111	-0.4111858587933177	-0.4110021527665708	-0.00018370602674688818	0.00018370602674688818	0.0004467712661276805
112	1.6167739562504613	1.6171269031417523	-0.0003529468912910616	0.0003529468912910616	0.00021830317709322695
113	-1.7836012668035137	-1.7837443031680777	0.0001430363645640309	0.0001430363645640309	8.019525845054704e-05
114	-0.778114754360742	-0.7776342608920572	-0.0004804934686847284	0.0004804934686847284	0.0006175097773071744
115	-0.7164640051453576	-0.7180109668141199	0.0015469616687623367	0.0015469616687623367	0.002159161741068187
116	0.425666254117715	0.4274054467998667	-0.001739192682151669	0.001739192682151669	0.004085812923452249
117	0.22784001512247562	0.22935881460739438	-0.0015187994849187592	0.0015187994849187592	0.006666078757510296
118	-0.6396321086642149	-0.6394756604208851	-0.00015644824332983198	0.00015644824332983198	0.00024459097848691957
119	1.0027588309957773	1.0026334581780816	0.00012537281769575692	0.00012537281769575692	0.00012502788688607906
120	0.3564662223196464	0.3563276542521976	0.00013856806744882988	0.00013856806744882988	0.00038872706240473655
121	1.8701446527022831	1.8700249580660966	0.0001196946361865514	0.0001196946361865514	6.400287593454202e-05
122	1.3737330932917955	1.3737788737770984	-4.578048530290424e-05	4.578048530290424e-05	3.332560417046019e-05
123	-0.5535982644026656	-0.5533062654166088	-0.0002919989860568073	0.0002919989860568073	0.0005274564694885293
124	-1.9426677349319756	-1.9423526672781577	-0.00031506765381794644	0.00031506765381794644	0.00016218298587688173
125	-2.1102911727484615	-2.1105909392602484	0.00029976651178698077	0.00029976651178698077	0.00014204983447689936
126	0.7353261367967688	0.7353732624721943	-4.712567542541901e-05	4.712567542541901e-05	6.408812779416232e-05
127	-0.05206042215907896	-0.0521588342721202	9.841211304124214e-05	9.841211304124214e-05	0.0018903441224607854
128	0.501558278197705	0.5015798048901843	-2.1526692479234555e-05	2.1526692479234555e-05	4.291962353126416e-05
129	-0.07275383542750807	-0.07276558658730892	1.1751159800843514e-05	1.1751159800843514e-05	0.00016151945435993365
130	0.305692599139809	0.3062127721804586	-0.0005201730406496075	0.0005201730406496075	0.0017016213088354994
131	0.30843225616007985	0.30873881787840673	-0.00030656171832688095	0.00030656171832688095	0.0009939353365420118
132	0.2605923224270128	0.26029433227137133	0.0002979901556414699	0.0002979901556414699	0.001143510878855349
133	-0.3557990981172286	-0.35921459636512054	0.003415498247891946	0.003415498247891946	0.009599513506261358
134	-0.24877873967290737	-0.25211391981372344	0.003335180140816074	0.003335180140816074	0.013406210455126298
135	-0.3947980828254553	-0.39797615102088457	0.0031780681954292622	0.0031780681954292622	0.008049857214819156
136	-0.05636195731432074	-0.056524336969232536	0.00016237965491179562	0.00016237965491179562	0.0028810151855840067
137	-0.1204756948617972	-0.11998043861183305	-0.0004952562499641461	0.0004952562499641461	0.0041108395393135155
138	-0.012225601720619716	-0.012293786348038793	6.818462741907741e-05	6.818462741907741e-05	0.005577200122925412
139	0.24364452417316115	0.24387119815116876	-0.00022667397800760214	0.00022667397800760214	0.0009303471062066725
140	0.6991540846545646	0.6992451857641413	-9.11011095766634e-05	9.11011095766634e-05	0.0001303019056545658
141	-1.3135920148944724	-1.3136312532395777	3.92383451053302e-05	3.92383451053302e-05	2.987102894994563e-05
142	0.31177824362937423	0.31146766944800675	0.0003105741813674845	0.0003105741813674845	0.000996138081195553
143	0.3300174855810619	0.3298075563691327	0.000209929211929194	0.000209929211929194	0.0006361154214588708
144	0.11546334418431792	0.11556309983973279	-9.97556554148682e-05	9.97556554148682e-05	0.000863959519963539
145	-0.28346665469150467	-0.28360661820414634	0.00013996351264167206	0.00013996351264167206	0.0004937565330003053
146	-0.9655465213251254	-0.9655249314448611	-2.1589880264349937e-05	2.1589880264349937e-05	2.2360269326764056e-05
147	1.1212283372735115	1.1212427048192808	-1.4367545769333745e-05	1.4367545769333745e-05	1.2814112247886345e-05
148	-0.8846048971474222	-0.8812236248729732	-0.0033812722744489543	0.0033812722744489543	0.003822353104027023
149	0.0417495774802506	0.04581927106528383	-0.004069693585033229	0.004069693585033229	0.09747867716645456
150	-1.7719198960654114	-1.7681640345230676	-0.0037558615423438635	0.0037558615423438635	0.0021196565096897662
151	0.052887430873187175	0.0495258291692835	0.003361601703903677	0.003361601703903677	0.06356144831394976
152	-0.44864107961072736	-0.4484686311982955	-0.00017244841243185816	0.00017244841243185816	0.0003843794522371571
153	1.0055935889166865	1.0052817873855702	0.00031180153111631803	0.00031180153111631803	0.0003100671429819058
154	1.2755703519536041	1.275629211221485	-5.885926788096185e-05	5.885926788096185e-05	4.614349007941094e-05
155	0.35908552676915206	0.359038501542841	4.702522631105932e-05	4.702522631105932e-05	0.00013095828933615242
156	0.9624138523763723	0.9627084749155301	-0.0002946225391577961	0.0002946225391577961	0.000306128739138906
157	-3.390137483072448	-3.3897112396203966	-0.00042624345205144465	0.00042624345205144465	0.000125730432520732
158	2.158929746772081	2.158281228105352	0.0006485186667291032	0.0006485186667291032	0.00030038896249344585
159	1.0244372608835726	1.0243269470251448	0.00011031385842774633	0.00011031385842774633	0.00010768239563309237
160	3.282206050821044	3.2820360875405186	0.00016996328052565346	0.00016996328052565346	5.17832451387801e-05
161	-0.6248957510790938	-0.6249342993953633	3.8548316269482186e-05	3.8548316269482186e-05	6.168759541558009e-05
162	-0.2774581635191456	-0.27761474812137976	0.0001565846022341666	0.0001565846022341666	0.0005643539200581557
163	0.09860366192712816	0.09494280145361245	0.0036608604735157146	0.0036608604735157146	0.03712702349960622
164	-1.4052836772749537	-1.405086641653952	-0.00019703562100170657	0.00019703562100170657	0.0001402105668684538
165	-1.0543829348607179	-1.0544292562642	4.632140348204139e-05	4.632140348204139e-05	4.39322393700922e-05
166	-1.8955781732309744	-1.8955626179746332	-1.5555256341226453e-05	1.5555256341226453e-05	8.206074832942835e-06
167	2.016371252389788	2.016746584885709	-0.00037533249592103246	0.00037533249592103246	0.00018614255458968243
168	0.5441318704536001	0.5440851302154215	4.674023817863304e-05	4.674023817863304e-05	8.589873285619048e-05
169	1.9978463760627467	1.9979404226546649	-9.404659191813991e-05	9.404659191813991e-05	4.707398579038e-05
170	-1.3244221103773204	-1.3240703427612743	-0.00035176761604605034	0.00035176761604605034	0.0002656008332161064
171	-0.4431822659585949	-0.4433818265994205	0.00019956064082560232	0.00019956064082560232	0.00045029022177581137
172	0.16047595221864047	0.16032397763865447	0.00015197457998600283	0.00015197457998600283	0.0009470240112920162
173	0.08697474226959447	0.08704886322874472	-7.412095915025618e-05	7.412095915025618e-05	0.0008522124609522202
174	-0.015171300364163053	-0.015512580631593664	0.00034128026743061174	0.00034128026743061174	0.022495122978170565
175	0.23125965056410355	0.23181254256599004	-0.0005528920018864902	0.0005528920018864902	0.0023907845598565946
176	0.13068541367848036	0.1302775241498466	0.0004078895286337425	0.0004078895286337425	0.003121155736915333
177	0.5173664965567486	0.517731126493004	-0.00036462993625541174	0.00036462993625541174	0.0007047807283273056
178	-0.8396491767408619	-0.8394155749016363	-0.00023360183922560562	0.00023360183922560562	0.0002782136226612432
179	0.3045340676194919	0.3046229455065941	-8.887788710215672e-05	8.887788710215672e-05	0.0002918487504432756
180	0.15409410547958832	0.1539344444054791	0.00015966107410922414	0.00015966107410922414	0.0010361270706125305
181	0.7573893860450839	0.7577008247565686	-0.0003114387114847572	0.0003114387114847572	0.0004112002587084297
182	-0.4911579653958878	-0.49121443029065404	5.646489476623939e-05	5.646489476623939e-05	0.00011496279963764209
183	-0.9858968903375896	-0.986228800151423	0.00033190981383335316	0.00033190981383335316	0.00033665773478573505
184	0.24811583983953892	0.24826547159051415	-0.00014963175097523762	0.00014963175097523762	0.0006030721419156763
185	2.1928985659069236	2.1925981928632154	0.00030037304370811313	0.00030037304370811313	0.0001369753477785175
186	0.8333038668747196	0.8333443986998645	-4.0531825144962674e-05	4.0531825144962674e-05	4.863991006903164e-05
187	-0.07848682093540134	-0.07858433546914512	9.751453374377828e-05	9.751453374377828e-05	0.0012424319469384257
188	-0.8794830062764613	-0.8791519027653294	-0.0003311035111318583	0.0003311035111318583	0.00037647516639767513
189	-0.2064934757406439	-0.2065682090375276	7.473329688370556e-05	7.473329688370556e-05	0.00036191601994036213
190	-0.4284353377785856	-0.42815968490117484	-0.00027565287741077027	0.00027565287741077027	0.0006433943540698948
191	-0.5937197463121227	-0.5938441008197515	0.00012435450762882105	0.00012435450762882105	0.0002094498429625196
192	-0.8275012421277518	-0.8274293429266777	-7.18992010740882e-05	7.18992010740882e-05	8.688712163043281e-05
193	-1.9620934305223534	-1.9618590701284688	-0.00023436039388458063	0.00023436039388458063	0.00011944405411020036
194	1.097223314652102	1.1009416918810189	-0.0037183772289168804	0.0037183772289168804	0.0033888973914994423
195	-1.4496549034066835	-1.4494492731387254	-0.00020563026795805683	0.00020563026795805683	0.00014184773733033048
196	-0.0008152109635933061	-0.0011635847343427486	0.0003483737707494425	0.0003483737707494425	0.4273418615641188
197	-0.022483092652210438	-0.022741823613614542	0.0002587309614041043	0.0002587309614041043	0.011507801235639485
198	0.28781362675460265	0.28750785231324016	0.000305774441362483	0.000305774441362483	0.001062404323278252
199	1.8397694405573295	1.8381243548759585	0.0016450856813710057	0.0016450856813710057	0.0008941803495076278
200	-0.9381567710099332	-0.9379818951771313	-0.0001748758328019573	0.0001748758328019573	0.00018640363551786985
201	1.8164061961167366	1.8166524663314476	-0.0002462702147110196	0.0002462702147110196	0.00013558102545428244
202	2.540395462929509	2.540461705763164	-6.62428336548615e-05	6.62428336548615e-05	2.6075795922919898e-05
203	1.7781739657584104	1.7781596027361957	1.4363022214691767e-05	1.4363022214691767e-05	8.077399900839164e-06
204	-0.6749412717123618	-0.6757978160294442	0.000856544317082375	0.000856544317082375	0.0012690649586582202
205	-2.344459280659421	-2.344119711196413	-0.00033956946300817137	0.00033956946300817137	0.00014483913873422505
206	-1.5954327100083523	-1.5957235053960517	0.00029079538769938296	0.00029079538769938296	0.00018226740988522204
207	0.30331190015465753	0.3032595005834082	5.239957124930639e-05	5.239957124930639e-05	0.00017275804616498084
208	-0.20531117875909813	-0.20550073384129064	0.00018955508219251072	0.00018955508219251072	0.0009232574832904016
209	-0.23589273515035097	-0.236164572967823	0.0002718378174720315	0.0002718378174720315	0.0011523789289177144
210	0.24160796770502302	0.24173066998400827	-0.00012270227898525388	0.00012270227898525388	0.0005078569227280616
211	-0.5268330311981635	-0.5269188559253735	8.582472720997103e-05	8.582472720997103e-05	0.00016290688344802897
212	-0.3472204855851032	-0.34709484259565215	-0.000125642989451058	0.000125642989451058	0.00036185361943531725
213	0.26844473656473844	0.2685552217087661	-0.00011048514402767218	0.00011048514402767218	0.00041157500587100335
214	-0.02785775781427165	-0.027576588529143464	-0.0002811692851281862	0.0002811692851281862	0.010093033581623785
215	-0.9526132657677162	-0.952695193610964	8.192784324778657e-05	8.192784324778657e-05	8.600325671694323e-05
216	-0.3267914321536174	-0.32697860397945533	0.00018717182583793956	0.00018717182583793956	0.0005727562213135204
217	0.31303221148323856	0.31352409214235877	-0.000491880659120203	0.000491880659120203	0.001571341993175488
218	1.1160262486977661	1.1158341771775326	0.00019207152023348328	0.00019207152023348328	0.00017210304906143713
219	-0.10984957541885502	-0.10986350327613081	1.3927857275788935e-05	1.3927857275788935e-05	0.0001267902695361561
220	0.2588674101524429	0.2589234219811942	-5.6011828751312276e-05	5.6011828751312276e-05	0.00021637265470507777
221	-0.4790346519314709	-0.4784332910787725	-0.0006013608526983516	0.0006013608526983516	0.0012553598164008817
222	0.45414734456604333	0.4539800223923862	0.000167322173657114	0.000167322173657114	0.00036843146978432137
223	0.31672026351476784	0.3166610931231162	5.917039165165283e-05	5.917039165165283e-05	0.00018682224810947048
224	0.16955043740018585	0.16941862605790448	0.00013181134228137936	0.00013181134228137936	0.0007774167044480587
225	-0.33995182873982477	-0.3398307401880629	-0.00012108855176184985	0.00012108855176184985	0.0003561932648243599
226	-0.37698910371731176	-0.37685201254333833	-0.00013709117397342485	0.00013709117397342485	0.00036364757660535394
227	0.18666068243932415	0.18662005993519415	4.062250413000568e-05	4.062250413000568e-05	0.00021762753462133307
228	-0.2077153366342156	-0.20800367724405078	0.0002883406098351804	0.0002883406098351804	0.00138815272144755
229	1.1220681697678512	1.1214683524869429	0.0005998172809082991	0.0005998172809082991	0.0005345640283445502
230	-0.22919708110445453	-0.22956217249969768	0.0003650913952431556	0.0003650913952431556	0.0015929146806052405
231	-1.2266421399002494	-1.2263652942152703	-0.000276845684979099	0.000276845684979099	0.00022569392977287746
232	0.24136031999103633	0.24140354957324917	-4.3229582212839235e-05	4.3229582212839235e-05	0.00017910807465968185
233	0.03479791882173539	0.03414673602719631	0.0006511827945390805	0.0006511827945390805	0.01871326839616455
234	0.13515020539405892	0.13507223559372505	7.79698003338658e-05	7.79698003338658e-05	0.0005769121852721452
235	-1.4121054827730066	-1.4121532052371322	4.7722464125543596e-05	4.7722464125543596e-05	3.3795254467696796e-05
236	0.23768824802905883	0.237570746797644	0.00011750123141482383	0.00011750123141482383	0.0004943501935377915
237	0.7397625457347328	0.7395090378778946	0.00025350785683819765	0.00025350785683819765	0.00034268814810894954
238	0.3490639512367424	0.3487708658767019	0.00029308536004046815	0.00029308536004046815	0.0008396322765557982
239	0.07853826505331882	0.07833842570192928	0.0001998393513895358	0.0001998393513895358	0.002544483905442359
240	-0.4155678092655753	-0.4157724736444379	0.000204664378862629	0.000204664378862629	0.0004924933411573151
241	-0.8867820213011381	-0.887240487827512	0.0004584665263738241	0.0004584665263738241	0.0005170002496229405
242	-0.16019841558280074	-0.1600884597365848	-0.00010995584621592558	0.00010995584621592558	0.000686372869643604
243	0.30620923808129386	0.3065418539165421	-0.00033261583524824	0.00033261583524824	0.0010862371015727997
244	0.4050171495546056	0.4050246743787511	-7.524824145510589e-06	7.524824145510589e-06	1.8579025983925826e-05
245	0.09204010625334033	0.09219786225855842	-0.00015775600521808486	0.00015775600521808486	0.0017139919937061085
246	0.28947731640154173	0.2893374258334802	0.00013989056806151812	0.00013989056806151812	0.0004832522623896104
247	1.016661153252626	1.0171567897927503	-0.0004956365401243001	0.0004956365401243001	0.00048751399474505295
248	1.075480908035645	1.074847829556802	0.0006330784788428634	0.0006330784788428634	0.0005886468779805445
249	-1.4713864400651802	-1.471520964550166	0.000134524484985743	0.000134524484985743	9.14270250987115e-05
250	-0.2642338229578491	-0.2638250079129989	-0.00040881504485018594	0.00040881504485018594	0.0015471715175365745
251	-0.13990702799280336	-0.13951952593771466	-0.0003875020550886954	0.0003875020550886954	0.0027697111478104447
252	0.240147436467616	0.2398993665622129	0.00024806990540310325	0.00024806990540310325	0.0010329900208472789
253	-0.7872358758463319	-0.7870300794721174	-0.00020579637421447305	0.00020579637421447305	0.000261416407113342
254	-0.8919282484990145	-0.8919038468846452	-2.4401614369340408e-05	2.4401614369340408e-05	2.7358270590044405e-05
255	0.7836707127418614	0.7834091923513142	0.00026152039054716525	0.00026152039054716525	0.0003337120888851045
256	-0.5524633589745301	-0.5526554306527487	0.00019207167821855275	0.00019207167821855275	0.0003476641031453594
257	-1.7790464420373808	-1.779469731040706	0.0004232890033251113	0.0004232890033251113	0.00023793027170238273
258	-0.14336387081073	-0.14343644225789376	7.257144716377173e-05	7.257144716377173e-05	0.0005062045740909234
259	0.1885370911763119	0.18808520177060473	0.0004518894057071732	0.0004518894057071732	0.002396819654359605
260	1.6479802345366041	1.6479466770107365	3.35575258676446e-05	3.35575258676446e-05	2.0362820599654003e-05
261	0.2636402125169324	0.2639690856582888	-0.00032887314135637835	0.00032887314135637835	0.0012474316350175765
262	-0.04538472000197803	-0.0451951173516818	-0.00018960265029623058	0.00018960265029623058	0.0041776758849226565
263	0.21339895806551892	0.21379124050469045	-0.0003922824391715263	0.0003922824391715263	0.0018382584560281009
264	-0.4013866426791154	-0.4014815106998526	9.486802073721545e-05	9.486802073721545e-05	0.00023635071686492758
265	0.2250713025361284	0.22567651964777724	-0.0006052171116488481	0.0006052171116488481	0.002689001684484848
266	-0.6257453899372885	-0.6252764862892946	-0.0004689036479939013	0.0004689036479939013	0.0007493521415170063
267	-0.12719063681044473	-0.12713249018503348	-5.814662541125948e-05	5.814662541125948e-05	0.00045716120989249226
268	-0.18052344832938444	-0.1803466328738068	-0.000176815455577628	0.000176815455577628	0.0009794597722009453
269	0.6739237350285041	0.6738396727286045	8.406229989965652e-05	8.406229989965652e-05	0.00012473562738683043
270	0.19020603320985008	0.19002941719747923	0.0001766160123708449	0.0001766160123708449	0.0009285510527207536
271	-0.3816340601496464	-0.3815309764121366	-0.00010308373750977928	0.00010308373750977928	0.0002701114713643695
272	-0.12653534197996832	-0.12672522921519658	0.00018988723522825324	0.00018988723522825324	0.001500665602644944
273	0.19666568502316084	0.19684526700558536	-0.00017958198242451484	0.00017958198242451484	0.0009131332820129038
274	-0.02966725653203492	-0.029701222331368626	3.396579933370725e-05	3.396579933370725e-05	0.001144891820281081
275	1.0026893064107947	1.0025746027579885	0.00011470365280619177	0.00011470365280619177	0.00011439600689148918
276	0.5881755823817418	0.5879000587896144	0.0002755235921274579	0.0002755235921274579	0.0004684376577003764
277	0.1602358244697977	0.16186048856070556	-0.0016246640909078625	0.0016246640909078625	0.010139206362145875
278	0.5758436645400237	0.5761405697484179	-0.00029690520839420476	0.00029690520839420476	0.000515600373291193
279	-0.1805969585149202	-0.18051403047536496	-8.292803955523009e-05	8.292803955523009e-05	0.00045918846162837736
280	-0.34888128137705643	-0.3486476384324533	-0.00023364294460315183	0.00023364294460315183	0.0006696918323647184
281	-0.8734504426400534	-0.8732950212078094	-0.00015542143224400728	0.00015542143224400728	0.00017793961128949367
282	-0.5396618067911803	-0.5395089299753408	-0.00015287681583942003	0.00015287681583942003	0.00028328262981666783
283	-0.5386312577189303	-0.5386272817489157	-3.975970014558072e-06	3.975970014558072e-06	7.381617679219095e-06
284	0.2593055609112794	0.25894418544680775	0.00036137546447162494	0.00036137546447162494	0.0013936279006190248
285	0.5192160589366958	0.5198137088271437	-0.000597649890447971	0.000597649890447971	0.001151062029306066
286	0.1400101488984586	0.14150744088681222	-0.0014972919883536329	0.0014972919883536329	0.010694167530951872
287	-0.04424656158364459	-0.04563646800193055	0.0013899064182859647	0.0013899064182859647	0.03141275544447578
288	-0.3430924035102525	-0.3433298334911683	0.00023742998091580425	0.00023742998091580425	0.0006920292565110939
289	0.11538747517128434	0.11860209306746583	-0.003214617896181493	0.003214617896181493	0.027859331278456575
290	-0.13362506699425766	-0.13333390437964	-0.0002911626146176738	0.0002911626146176738	0.00217895205717791
291	-0.18976930638747458	-0.18978590297535902	1.659658788444318e-05	1.659658788444318e-05	8.745665039506416e-05
292	4.257044660277675	4.256932147093551	0.00011251318412419664	0.00011251318412419664	2.6429881080189968e-05
293	-0.8272316250786939	-0.8270649468045121	-0.00016667827418170855	0.00016667827418170855	0.00020148924331302322
294	-0.2052738857290946	-0.20589236062562577	0.0006184748965311626	0.0006184748965311626	0.0030129253623004944
295	-2.5022488270094634	-2.5021576962842573	-9.11307252060567e-05	9.11307252060567e-05	3.641952959369378e-05
296	1.5741067076652775	1.5740696690471623	3.7038618115214916e-05	3.7038618115214916e-05	2.3529928393578077e-05
297	-0.5968498309591314	-0.5963173335743477	-0.00053249738478367	0.00053249738478367	0.0008921798368074468
298	-1.4347583527014443	-1.4347309565110322	-2.739619041203234e-05	2.739619041203234e-05	1.909463733767379e-05
299	-0.9438963564857932	-0.9471409106041051	0.0032445541183119264	0.0032445541183119264	0.0034374050667932217
300	0.6761899867181319	0.6725496094404093	0.003640377277722595	0.003640377277722595	0.005383660434534174
301	0.23463113106500272	0.23409222891501713	0.0005389021499855873	0.0005389021499855873	0.0022968058310910526
302	-0.4654576131417402	-0.4648715717010532	-0.000586041440687024	0.000586041440687024	0.001259065109562541
303	-0.142728298925268	-0.14277008688878823	4.1787963520223403e-05	4.1787963520223403e-05	0.00029277980495026726
304	0.077903259545547	0.07789372598665523	9.53355889177221e-06	9.53355889177221e-06	0.00012237689343663866
305	0.3851983187033057	0.38537361880486287	-0.00017530010155719644	0.00017530010155719644	0.00045509051583431033
306	0.3144838531227967	0.3142287814554834	0.0002550716673133113	0.0002550716673133113	0.0008110803298181206
307	-0.28609569346476427	-0.2862067125661838	0.00011101910141952942	0.00011101910141952942	0.00038804883804796804
308	0.3121960146028333	0.3122045111751959	-8.496572362570731e-06	8.496572362570731e-06	2.7215505532252947e-05
309	-0.06382287643811607	-0.06353592675623077	-0.0002869496818853068	0.0002869496818853068	0.004496031797682119
310	-0.09311076009698219	-0.09244067663871647	-0.0006700834582657189	0.0006700834582657189	0.007196627517246925
311	1.1673419643461247	1.1668075158297597	0.0005344485163649715	0.0005344485163649715	0.0004578337219842325
312	0.8122268525289531	0.8125293295933034	-0.00030247706435027055	0.00030247706435027055	0.0003724046593737656
313	0.14128161846634146	0.14120360381042474	7.801465591672496e-05	7.801465591672496e-05	0.0005521925411359225
314	0.35790091809869384	0.3575663784758376	0.0003345396228562336	0.0003345396228562336	0.000934726920046575
315	-0.007276495648125892	-0.007269166751200373	-7.328896925519121e-06	7.328896925519121e-06	0.001007201444201609
316	0.11518729794479012	0.11529793913922504	-0.00011064119443492115	0.00011064119443492115	0.0009605329442483499
317	-1.4182656137884848	-1.418013431745635	-0.0002521820428498245	0.0002521820428498245	0.00017781016503403291
318	-0.9049349842696953	-0.9050949616806747	0.000159977410979395	0.000159977410979395	0.00017678332008403972
319	0.18865324339807726	0.18840855613433405	0.00024468726374321514	0.00024468726374321514	0.001297021240323446
320	0.7708028666086281	0.7710211463347605	-0.00021827972613241986	0.00021827972613241986	0.000283184891479199
321	0.48851711766916533	0.48768298578494296	0.0008341318842223777	0.0008341318842223777	0.0017074772900532635
322	0.17490404850138286	0.17498211559541232	-7.806709402946588e-05	7.806709402946588e-05	0.0004463424071561651
323	-0.12794665013730894	-0.12789949568059455	-4.715445671438223e-05	4.715445671438223e-05	0.0003685478022580296
324	-0.250331077616954	-0.2504927420261538	0.00016166440919979097	0.00016166440919979097	0.0006458023939287434
325	0.009593951354651496	0.0062601201733514245	0.003333831181300071	0.003333831181300071	0.34749302535119786
326	-0.5881655337715185	-0.5851877107474479	-0.0029778230240705694	0.0029778230240705694	0.005062899563284081
327	-0.3720763150963279	-0.3686655516759174	-0.0034107634204104675	0.0034107634204104675	0.00916683831253125
328	1.2781148529182562	1.2780978143069888	1.703861126745032e-05	1.703861126745032e-05	1.3331048636628316e-05
329	1.8336212232533755	1.8335196587031533	0.00010156455022225508	0.00010156455022225508	5.539014761295691e-05
330	-0.3182376672904518	-0.31828181678150713	4.414949105535637e-05	4.414949105535637e-05	0.00013873119241746343
331	-1.0217859487384215	-1.0217923823390151	6.433600593602762e-06	6.433600593602762e-06	6.296426958646474e-06
332	-1.8620003277867816	-1.8619415448384302	-5.8782948351376874e-05	5.8782948351376874e-05	3.1569784104843685e-05
333	-0.20265262165355258	-0.20291173657938089	0.00025911492582830764	0.00025911492582830764	0.0012786162039950361
334	-0.14222964527538673	-0.1422457880408956	1.614276550887528e-05	1.614276550887528e-05	0.00011349789614970539
335	-0.05928349417448192	-0.05970350243700295	0.0004200082625210322	0.0004200082625210322	0.0070847420242280724
336	0.536721309958965	0.536539712186368	0.0001815977725970752	0.0001815977725970752	0.0003383464923555192
337	-0.25408676891288795	-0.25457651569382733	0.0004897467809393818	0.0004897467809393818	0.0019274784871119693
338	1.3749466957698604	1.374069708610648	0.0008769871592124723	0.0008769871592124723	0.0006378335697744482
339	-0.2878810857356535	-0.2884834132856895	0.0006023275500359748	0.0006023275500359748	0.0020922789994930802
340	-0.9794833624186031	-0.9800241829083234	0.0005408204897202618	0.0005408204897202618	0.0005521487250021615
341	-1.2325738849386902	-1.2324517298409887	-0.00012215509770152622	0.00012215509770152622	9.910570002673906e-05
342	-0.17328778820893212	-0.17336443589499595	7.664768606382988e-05	7.664768606382988e-05	0.00044231441151188443
343	1.2941916554806134	1.2922338391376798	0.0019578163429336826	0.0019578163429336826	0.0015127715703024095
344	-0.3945991812081772	-0.39610411634072307	0.0015049351325458482	0.0015049351325458482	0.0038138323752676395
345	-0.04417489640096787	-0.04235950516573439	-0.001815391235233478	0.001815391235233478	0.041095540298623154
346	-0.19501017459567602	-0.19486290725012623	-0.0001472673455497897	0.0001472673455497897	0.0007551777534435123
347	1.5414873208587414	1.5416688096223652	-0.00018148876362378275	0.00018148876362378275	0.00011773613779883564
348	2.039957433953571	2.039728262900553	0.0002291710530180069	0.0002291710530180069	0.00011234109555602754
349	0.514365921211112	0.5141887864468231	0.00017713476428893316	0.00017713476428893316	0.0003443750003341132
350	-2.5072769096908725	-2.5071719695048955	-0.00010494018597695387	0.00010494018597695387	4.18542465618176e-05
351	-0.9324495347618802	-0.9324838655260237	3.433076414349756e-05	3.433076414349756e-05	3.6817825376753086e-05
352	-0.38576515089627755	-0.3850318612066417	-0.0007332896896358743	0.0007332896896358743	0.0019008707446283484
353	0.988584503366906	0.9886808331316388	-9.632976473283872e-05	9.632976473283872e-05	9.744211486702481e-05
354	-1.4250709903914263	-1.4239594462068794	-0.0011115441845468421	0.0011115441845468421	0.0007799921491921835
355	0.7524683992876106	0.7529426088268565	-0.0004742095392459289	0.0004742095392459289	0.0006302052547254881
356	-1.3436076140755402	-1.3432678288012312	-0.0003397852743090013	0.0003397852743090013	0.00025289025661170294
357	-1.280544494156055	-1.2799560534233478	-0.0005884407327072516	0.0005884407327072516	0.0004595238473888909
358	-1.4096570133076518	-1.4098442997010352	0.00018728639338339015	0.00018728639338339015	0.00013285954782996258
359	0.2640656076297685	0.2636702808018754	0.00039532682789311657	0.00039532682789311657	0.0014970780611740324
360	0.19524816445130666	0.19513443147189946	0.00011373297940719951	0.00011373297940719951	0.0005825047304634898
361	0.1632080839983065	0.15939768393025133	0.003810400068055164	0.003810400068055164	0.02334688316109821
362	0.4806607531751721	0.48071356646062213	-5.2813285450037384e-05	5.2813285450037384e-05	0.00010987642552707044
363	0.3190691905470968	0.3157057652174444	0.003363425329652392	0.003363425329652392	0.0105413666668513
364	0.5109939142081937	0.5110369662375547	-4.305202936094599e-05	4.305202936094599e-05	8.425155009459729e-05
365	-0.9898945421301543	-0.9896344616464603	-0.00026008048369396963	0.00026008048369396963	0.0002627355466919763
366	-0.16940425149261393	-0.1690662019626643	-0.0003380495299496189	0.0003380495299496189	0.0019955197521377317
367	-0.45104121877929365	-0.45077710598206977	-0.00026411279722388104	0.00026411279722388104	0.000585562441363299
368	0.5146610461559221	0.5148703372270802	-0.00020929107115807977	0.00020929107115807977	0.000406658076653178
369	0.28650022881604903	0.28655433754920523	-5.410873315619957e-05	5.410873315619957e-05	0.00018886104691714136
370	0.08395971623967528	0.08385770851049301	0.0001020077291822713	0.0001020077291822713	0.001214960385181333
371	0.4005706584391804	0.4004054949575675	0.0001651634816128844	0.0001651634816128844	0.000412320468644514
372	0.01860006755235167	0.018743274900145934	-0.00014320734779426497	0.00014320734779426497	0.0076992918112363945
373	-0.28169537533680933	-0.282170152509309	0.000474777172499663	0.000474777172499663	0.0016854276430061915
374	1.7603102498487018	1.7598771701727856	0.00043307967591621477	0.00043307967591621477	0.0002460246288706425
375	-0.06675680059678202	-0.06614235881841068	-0.000614441778371333	0.000614441778371333	0.00920418253838474
376	-0.08749947794934947	-0.08764345153622344	0.00014397358687397166	0.00014397358687397166	0.0016454222384882475
377	-0.6485083104900304	-0.6484934872190706	-1.4823270959807289e-05	1.4823270959807289e-05	2.2857488053786734e-05
378	0.7943527331486687	0.7940778472388388	0.0002748859098299361	0.0002748859098299361	0.00034605018445689576
379	0.25004185849388094	0.24985171319968913	0.00019014529419181248	0.00019014529419181248	0.000760453850955782
380	-0.39621899389142096	-0.39590781517517826	-0.0003111787162426993	0.0003111787162426993	0.0007853705174163713
381	-0.5226421381133078	-0.5227475890592359	0.00010545094592806503	0.00010545094592806503	0.00020176510510372102
382	-0.09930273888958915	-0.09980675653764592	0.0005040176480567704	0.0005040176480567704	0.005075566431427113
383	-1.3740405904430923	-1.3744328454095012	0.0003922549664088226	0.0003922549664088226	0.00028547553044435943
384	0.027136750973927287	0.026704027114021756	0.00043272385990553164	0.00043272385990553164	0.01594604528454008
385	-0.14040402037070648	-0.14014024802833092	-0.0002637723423755678	0.0002637723423755678	0.0018786665914489764
386	-0.1263282977820045	-0.1263460681855122	1.777040350769976e-05	1.777040350769976e-05	0.00014066843153673177
387	0.07146097815192345	0.07147388842554392	-1.2910273620464485e-05	1.2910273620464485e-05	0.00018066186545918404
388	0.20611576352849814	0.20608625196416597	2.9511564332174167e-05	2.9511564332174167e-05	0.00014317956000533562
389	1.558167897941472	1.558161682204684	6.215736787940074e-06	6.215736787940074e-06	3.989131592398876e-06
390	0.13621942694265537	0.13633374402388654	-0.00011431708123116335	0.00011431708123116335	0.0008392127598605131
391	-0.564109950819021	-0.5609477716816968	-0.0031621791373241948	0.0031621791373241948	0.005605607794602957
392	2.502034371430142	2.502132857983952	-9.84865538100621e-05	9.84865538100621e-05	3.936259027239822e-05
393	0.2874996477782577	0.2866441465698699	0.0008555012083877878	0.0008555012083877878	0.0029756600225389405
394	0.8699656832075923	0.8700058993298398	-4.021612224758275e-05	4.021612224758275e-05	4.6227251285711155e-05
395	-1.833101416428808	-1.8324333850614494	-0.0006680313673586014	0.0006680313673586014	0.00036442684587524875
396	-0.1402670977642307	-0.13996297062135454	-0.0003041271428761705	0.0003041271428761705	0.0021682001533058414
397	0.20863607724926067	0.208514416989658	0.00012166025960266835	0.00012166025960266835	0.0005831218704199418
398	-0.15961625741420313	-0.15973064948582305	0.00011439207161992315	0.00011439207161992315	0.0007166693009414228
399	-0.5612193028856015	-0.5611752123471092	-4.409053849230293e-05	4.409053849230293e-05	7.856204921249886e-05
400	-1.1427747322509563	-1.1430320874836752	0.0002573552327189699	0.0002573552327189699	0.00022520206778815443
401	0.9153689639554771	0.9159367908679883	-0.0005678269125112267	0.0005678269125112267	0.0006203257209612423
402	1.4760809050775687	1.4761664970848187	-8.55920072500016e-05	8.55920072500016e-05	5.798598637484827e-05
403	0.2233551881547203	0.22351184870217367	-0.00015666054745336333	0.00015666054745336333	0.0007013965010064734
404	-0.013528047169718643	-0.013339241533572022	-0.00018880563614662171	0.00018880563614662171	0.013956606875916776
405	0.03222615834926239	0.032635753598242445	-0.0004095952489800575	0.0004095952489800575	0.012710024091017121
406	0.7895816422411992	0.789553422237077	2.8220004122170295e-05	2.8220004122170295e-05	3.5740451161033615e-05
407	-0.8445454232612897	-0.8442908002450622	-0.0002546230162274732	0.0002546230162274732	0.00030149120368709484
408	-1.7025608490702147	-1.7028911836405314	0.00033033457031672597	0.00033033457031672597	0.0001940221816430966
409	0.36860765078452656	0.3686024832703083	5.167514218251679e-06	5.167514218251679e-06	1.4019009663129328e-05
410	-0.37411666282614486	-0.3740636375368922	-5.30252892526617e-05	5.30252892526617e-05	0.00014173463660265513
411	-1.8571411866941958	-1.8569285346643483	-0.00021265202984754872	0.00021265202984754872	0.00011450504214280012
412	-0.17458850896332556	-0.17796098945410677	0.0033724804907812045	0.0033724804907812045	0.019316738030505976
413	0.1524896702636866	0.15246084183218045	2.882843150614489e-05	2.882843150614489e-05	0.00018905170072369159
414	1.7804525247412146	1.7802825472159611	0.0001699775252534952	0.0001699775252534952	9.546872095238883e-05
415	-0.07614741995180188	-0.07666394247252128	0.0005165225207194035	0.0005165225207194035	0.0067831913549577984
416	0.035803521415116814	0.03563852104093712	0.00016500037417969265	0.00016500037417969265	0.004608495691432935
417	-0.27272549358687725	-0.2725449669327418	-0.0001805266541354822	0.0001805266541354822	0.0006619353833086934
418	-1.3962060729838566	-1.3966034202894662	0.00039734730560958553	0.00039734730560958553	0.00028459073004918797
419	1.1364939876760702	1.1368606117727609	-0.00036662409669063756	0.00036662409669063756	0.00032259220080901543
420	-0.25380735095820994	-0.2537450151365306	-6.233582167936014e-05	6.233582167936014e-05	0.0002456029009562607
421	0.6663959129063532	0.6664076425764165	-1.1729670063242992e-05	1.1729670063242992e-05	1.760165366574109e-05
422	-0.6062353877865821	-0.606333177195495	9.77894089128073e-05	9.77894089128073e-05	0.00016130600569169161
423	-0.1575982425934104	-0.15747706397917227	-0.00012117861423813214	0.00012117861423813214	0.0007689084106779179
424	0.5349174026197169	0.5349997275558849	-8.232493616799896e-05	8.232493616799896e-05	0.00015390214594780224
425	-0.47978360996268926	-0.4795286409517985	-0.00025496901089078206	0.00025496901089078206	0.0005314250124355225
426	0.047918486945081905	0.04809181925224948	-0.00017333230716757436	0.00017333230716757436	0.0036172324757713214
427	0.765669921490118	0.7648510315902968	0.0008188898998212624	0.0008188898998212624	0.0010695077302077763
428	-0.971857728892056	-0.9718479994660356	-9.729426020399501e-06	9.729426020399501e-06	1.0011162880282188e-05
429	-1.3756196580359525	-1.376127608033073	0.0005079499971205603	0.0005079499971205603	0.00036925177257628633
430	0.4296278396587637	0.4298162763021196	-0.00018843664335588262	0.00018843664335588262	0.0004386043593114225
431	0.5041999767887236	0.5043662008290539	-0.00016622404033028726	0.00016622404033028726	0.00032967879409471015
432	0.8020547792006666	0.8019805802206292	7.419898003735437e-05	7.419898003735437e-05	9.251111265904007e-05
433	-1.0290648472737849	-1.0290277603814957	-3.7086892289206475e-05	3.7086892289206475e-05	3.603941227557978e-05
434	0.8410814304037743	0.8403840501216564	0.0006973802821178543	0.0006973802821178543	0.0008291471632931737
435	0.6196495991463172	0.6200025619094163	-0.0003529627630990406	0.0003529627630990406	0.0005696167052884608
436	-1.2668695552150013	-1.267803146980384	0.0009335917653827686	0.0009335917653827686	0.0007369280929829654
437	-0.6574632176491555	-0.6537856269730469	-0.003677590676108622	0.003677590676108622	0.005593606725648199
438	-1.3030133137541817	-1.3032758138109557	0.00026250005677397326	0.00026250005677397326	0.00020145615858495737
439	0.7442686271867999	0.7441130003158491	0.00015562687095072025	0.00015562687095072025	0.0002091004044318804
440	0.3750136218111521	0.374941510230542	7.211158061010137e-05	7.211158061010137e-05	0.00019229056337162877
441	0.9433302165088819	0.9432990003190866	3.121618979529117e-05	3.121618979529117e-05	3.309147661019216e-05
442	0.23320409992158508	0.23330868691573414	-0.00010458699414905848	0.00010458699414905848	0.00044847836802280004
443	0.17881914452182363	0.17843821619578648	0.0003809283260371443	0.0003809283260371443	0.0021302435321216666
444	0.17768116783374918	0.17770594010357854	-2.477226982935954e-05	2.477226982935954e-05	0.00013941978281310145
445	-0.49696519764875824	-0.49747385479292916	0.0005086571441709209	0.0005086571441709209	0.001023526690757179
446	0.6460428566135386	0.6457848193548443	0.00025803725869422145	0.00025803725869422145	0.00039941198335790716
447	0.14478714313860944	0.14526423293403923	-0.00047708979542979146	0.00047708979542979146	0.003295111603749636
448	0.30189052587758747	0.3018736982625114	1.682761507604269e-05	1.682761507604269e-05	5.574078559479558e-05
449	-0.4927893709452083	-0.49275372032298037	-3.5650622227934026e-05	3.5650622227934026e-05	7.234454379475223e-05
450	-0.21570338219841997	-0.21574260381385102	3.922161543104541e-05	3.922161543104541e-05	0.0001818312491501244
451	0.22573985027717	0.22782239927465753	-0.0020825489974875266	0.0020825489974875266	0.009225438020493556
452	0.09105775783228962	0.09234737962771078	-0.0012896217954211642	0.0012896217954211642	0.014162679008595759
453	0.17985855529104486	0.17782816160405446	0.0020303936869904005	0.0020303936869904005	0.011288835739311054
454	-0.17082260533452864	-0.1705822387094713	-0.00024036662505733108	0.00024036662505733108	0.001407112510587294
455	-0.7419109904143029	-0.7421748353593216	0.000263844945018743	0.000263844945018743	0.0003556288401542683
456	0.16524917614537543	0.1641906024545392	0.0010585736908362287	0.0010585736908362287	0.0064059241657275475
457	-0.2787094097863211	-0.278306852557364	-0.0004025572289571011	0.0004025572289571011	0.00144436181493022
458	0.6873798666378389	0.6869615686042607	0.0004182980335781794	0.0004182980335781794	0.000608539839294666
459	-0.13592373508492497	-0.13588313623102977	-4.059885389520734e-05	4.059885389520734e-05	0.0002986884804912198
460	0.27844365679712835	0.2782874226099352	0.0001562341871931272	0.0001562341871931272	0.0005610980296346205
461	-0.026776616822244047	-0.03041471256182149	0.003638095739577442	0.003638095739577442	0.13586838709792415
462	0.04623592761054708	0.046895184738104945	-0.0006592571275578635	0.0006592571275578635	0.014258546581154294
463	0.22276660501703535	0.226177041518838	-0.003410436501802644	0.003410436501802644	0.015309460327511126
464	0.9279037279972762	0.9313376126129924	-0.003433884615716254	0.003433884615716254	0.003700690612729529
465	0.24381459980999107	0.2404152107402524	0.003399389069738662	0.003399389069738662	0.013942516454666229
466	-0.5865590181909464	-0.5867269256398799	0.00016790744893357967	0.00016790744893357967	0.0002862584049111315
467	-0.9066444296793074	-0.9068577796043087	0.0002133499250013271	0.0002133499250013271	0.00023531818871571505
468	-0.0645407933880186	-0.06457901078960049	3.821740158188591e-05	3.821740158188591e-05	0.0005921433495885816
469	0.447115457968257	0.44729452333314157	-0.00017906536488454528	0.00017906536488454528	0.0004004902127478179
470	0.03520357371127776	0.03489882128349109	0.00030475242778667255	0.00030475242778667255	0.008656860530300153
471	-0.2559065678148125	-0.2557423081128718	-0.0001642597019407277	0.0001642597019407277	0.0006418737250213706
472	0.011049880514793865	0.01141201899912403	-0.0003621384843301642	0.0003621384843301642	0.03277306789384047
473	-0.1011819527134803	-0.10183640746674882	0.0006544547532685296	0.0006544547532685296	0.00646809767668516
474	2.2572860561320205	2.2572008010399713	8.525509204915238e-05	8.525509204915238e-05	3.776884715942538e-05
475	0.21173626780764443	0.21185841612947343	-0.0001221483218289965	0.0001221483218289965	0.000576888990694614
476	-0.5072779975188686	-0.5070143904859492	-0.0002636070329193885	0.0002636070329193885	0.0005196500424002391
477	-0.5775840086614784	-0.577201069681621	-0.00038293897985741676	0.00038293897985741676	0.0006630013541144576
478	-0.38789594150686213	-0.3877131004017542	-0.00018284110510791152	0.00018284110510791152	0.0004713663783065824
479	0.4630301106292185	0.4628995429953875	0.00013056763383101355	0.00013056763383101355	0.00028198519023651237
480	-1.6363857971842148	-1.6363520939961518	-3.370318806306116e-05	3.370318806306116e-05	2.059611377772613e-05
481	0.46668657858779955	0.46661332721953386	7.325136826569212e-05	7.325136826569212e-05	0.00015696052045754527
482	-0.561929167210679	-0.5617623082940781	-0.00016685891660084273	0.00016685891660084273	0.000296939412184461
483	0.8783305076068693	0.8780817088194226	0.00024879878744665795	0.00024879878744665795	0.00028326328789893
484	-0.6845335955856771	-0.6843642884675205	-0.00016930711815654753	0.00016930711815654753	0.000247332080190587
485	0.05591248914405245	0.055903497980125394	8.991163927059287e-06	8.991163927059287e-06	0.00016080779204614786
486	-1.104480080347698	-1.1041491177294915	-0.0003309626182064207	0.0003309626182064207	0.00029965467381017085
487	0.20903151869119263	0.20916322696962197	-0.0001317082784293433	0.0001317082784293433	0.0006300881285942297
488	0.4987654732435528	0.49857886757820324	0.00018660566534955958	0.00018660566534955958	0.0003741350902580178
489	0.19612669673319935	0.19636884793783338	-0.00024215120463402795	0.00024215120463402795	0.0012346672261728752
490	-0.324992160225093	-0.32573670858937476	0.000744548364281783	0.000744548364281783	0.002290973307682564
491	-0.5884205678199308	-0.5888328500702755	0.000412282250344731	0.000412282250344731	0.0007006591422733852
492	1.1404711226543696	1.1396702875288156	0.0008008351255539559	0.0008008351255539559	0.0007021967585554171
493	-0.17641986056891207	-0.17608871915086866	-0.00033114141804341246	0.00033114141804341246	0.0018770075941311833
494	0.42262558074213225	0.42244323162066166	0.0001823491214705819	0.0001823491214705819	0.00043146730765888827
495	-1.1636797515880524	-1.1637768044536756	9.705286562322613e-05	9.705286562322613e-05	8.340169663584837e-05
496	0.2557255200680558	0.2541581541635196	0.001567365904536211	0.001567365904536211	0.006129094601583332
497	0.2760871906848468	0.27801414167782923	-0.0019269509929824569	0.0019269509929824569	0.006979501613974077
498	0.05138297291135254	0.05160927729264131	-0.000226304381288768	0.000226304381288768	0.0044042679601119065
499	-1.2713120283401755	-1.2716342058922692	0.00032217755209362764	0.00032217755209362764	0.00025342130406353703
500	0.40960134074231036	0.41060444513618677	-0.0010031043938764084	0.0010031043938764084	0.0024489773203830514
501	-0.2239830696340044	-0.2235880635694798	-0.0003950060645246112	0.0003950060645246112	0.0017635532237774215
502	0.20783220394679658	0.20809635961427375	-0.0002641556674771728	0.0002641556674771728	0.0012710045048879653
503	-0.6240785179594919	-0.6244105721577853	0.00033205419829340777	0.00033205419829340777	0.0005320711877394905
504	-0.14492398619373784	-0.14486742010433318	-5.656608940465824e-05	5.656608940465824e-05	0.000390315577774954
505	1.097540341995551	1.0975669186024106	-2.6576606859674e-05	2.6576606859674e-05	2.4214697030044783e-05
506	0.395352949012309	0.39484595937722133	0.0005069896350876624	0.0005069896350876624	0.0012823722103357262
507	0.5365744420690477	0.5365191988673246	5.5243201723120805e-05	5.5243201723120805e-05	0.00010295533553573909
508	1.335747536250515	1.3356069156458261	0.00014062060468877924	0.00014062060468877924	0.0001052748374019133
509	-0.21268979811361668	-0.2120011825468282	-0.0006886155667884808	0.0006886155667884808	0.0032376520777956143
510	2.3942112091602716	2.3939906881906836	0.0002205209695880228	0.0002205209695880228	9.210589639890908e-05
511	-1.4918748606955334	-1.491842370327845	-3.24903676884869e-05	3.24903676884869e-05	2.1778212465715405e-05
512	-0.3167848724919168	-0.31665360856436564	-0.00013126392755113958	0.00013126392755113958	0.00041436299188967417
513	-0.7054536869160539	-0.7054693465775586	1.565966150463005e-05	1.565966150463005e-05	2.219800079731313e-05
514	-0.20294593564588412	-0.2029102914775649	-3.5644168319221015e-05	3.5644168319221015e-05	0.00017563381205828007
515	0.5773082138598439	0.577245103727364	6.311013247983777e-05	6.311013247983777e-05	0.00010931791885981955
516	-1.7016894551420159	-1.7017624140009957	7.295885897984355e-05	7.295885897984355e-05	4.287436744664714e-05
517	1.2142312262723107	1.2097596434443858	0.004471582827924925	0.004471582827924925	0.0036826452253683854
518	2.36636412654085	2.366618202245263	-0.00025407570441293714	0.00025407570441293714	0.00010736965691934524
519	-0.7538355634496542	-0.7541579521301855	0.00032238868053136027	0.00032238868053136027	0.0004276644618039321
520	-0.2451377457200848	-0.243729120732894	-0.0014086249871907985	0.0014086249871907985	0.005746259039190414
521	-2.1902646867128555	-2.1919782436086166	0.001713556895761137	0.001713556895761137	0.0007823515149362333
522	0.8764048721914445	0.8746169603810472	0.0017879118103972802	0.0017879118103972802	0.002040052340109222
523	-0.9270032063195129	-0.9272580034647149	0.00025479714520193486	0.00025479714520193486	0.00027486112611579597
524	-0.07928596759201445	-0.0792596595644568	-2.630802755765327e-05	2.630802755765327e-05	0.00033181190009596315
525	0.41938777373774105	0.41951491824931963	-0.00012714451157858075	0.00012714451157858075	0.0003031669484434923
526	0.04259238741323523	0.042486119241402776	0.00010626817183245763	0.00010626817183245763	0.0024950038794828316
527	-0.70657406503281	-0.7065609919578719	-1.3073074938030338e-05	1.3073074938030338e-05	1.8502058856948402e-05
528	-0.08431753885819893	-0.0847347006569521	0.00041716179875317394	0.00041716179875317394	0.004947509194436238
529	-0.049101073221539206	-0.049641128597954776	0.0005400553764155699	0.0005400553764155699	0.010998850757882487
530	0.062130356919922795	0.061924479624053674	0.000205877295869121	0.000205877295869121	0.003313634527071325
531	0.4282391304739642	0.4282468133283146	-7.682854350377077e-06	7.682854350377077e-06	1.7940570591654923e-05
532	0.3657464742610891	0.36573446799792464	1.2006263164443531e-05	1.2006263164443531e-05	3.282673657674914e-05
533	-0.04215016968705229	-0.042431311705115604	0.00028114201806331285	0.00028114201806331285	0.0066700091636801686
534	-0.3509969303024606	-0.35123850057061645	0.00024157026815585514	0.00024157026815585514	0.0006882404012698616
535	0.693591938383367	0.6934917480734271	0.00010019030993990707	0.00010019030993990707	0.0001444513760835109
536	0.21670220787222655	0.21656842208983562	0.0001337857823909272	0.0001337857823909272	0.0006173715704355485
537	-1.056723786676247	-1.0575677236701608	0.0008439369939139407	0.0008439369939139407	0.0007986353714705405
538	-1.335944381426401	-1.3357345528888231	-0.00020982853757778308	0.00020982853757778308	0.0001570638272783086
539	-0.656635048957817	-0.6562557989724382	-0.000379249985378749	0.000379249985378749	0.0005775658579003334
540	1.4515178052765896	1.451431893372046	8.591190454354525e-05	8.591190454354525e-05	5.918763395890591e-05
541	0.344835764755718	0.34483514299665785	6.217590601265144e-07	6.217590601265144e-07	1.8030585098009458e-06
542	0.36079334846332334	0.36080573445929076	-1.2385995967423291e-05	1.2385995967423291e-05	3.432989000539293e-05
543	-0.5463433532310032	-0.54627580496458	-6.75482664233007e-05	6.75482664233007e-05	0.00012363702427023056
544	0.5113640995823203	0.510845887234268	0.0005182123480522716	0.0005182123480522716	0.0010133921182099894
545	-0.8109211651445902	-0.810909725068143	-1.1440076447266634e-05	1.1440076447266634e-05	1.4107507534628014e-05
546	-0.15628989234725896	-0.15576873058620322	-0.0005211617610557384	0.0005211617610557384	0.003334583914727987
547	0.11083057973160876	0.11094277757450755	-0.00011219784289878687	0.00011219784289878687	0.0010123365155220619
548	0.11406341065407943	0.11421353106300103	-0.00015012040892159462	0.00015012040892159462	0.001316113625401448
549	0.09915283964726651	0.10125328422105895	-0.002100444573792437	0.002100444573792437	0.021183907402598963
550	-0.41207192311709767	-0.411932477618393	-0.00013944549870464895	0.00013944549870464895	0.00033840087344418025
551	0.7109028468518467	0.711044148957285	-0.00014130210543827904	0.00014130210543827904	0.00019876429819351479
552	0.04485805929498551	0.045158110893339654	-0.0003000515983541466	0.0003000515983541466	0.006688911715529523
553	-0.4740990591707859	-0.4749103788910247	0.0008113197202388456	0.0008113197202388456	0.0017112873450073267
554	-1.2427975568639664	-1.2431067543445806	0.0003091974806141984	0.0003091974806141984	0.00024879150985331587
555	1.4858040702802957	1.485672665403115	0.0001314048771807741	0.0001314048771807741	8.844024579632809e-05
556	0.06559362713221036	0.06530192248277444	0.00029170464943591157	0.00029170464943591157	0.004447149245885616
557	0.49774058705942426	0.4978338619636702	-9.327490424593243e-05	9.327490424593243e-05	0.00018739662119375555
558	-1.3101666187073941	-1.310111051523677	-5.556718371724223e-05	5.556718371724223e-05	4.2412303079485127e-05
559	0.6834853688085182	0.683192887905193	0.0002924809033252318	0.0002924809033252318	0.00042792562456032875
560	0.7882455560722413	0.7880209046930986	0.00022465137914273736	0.00022465137914273736	0.0002850017705931075
561	-0.19655122665361946	-0.19625167001890986	-0.0002995566347095968	0.0002995566347095968	0.001524063928827587
562	0.7028589715032679	0.7029744004114491	-0.00011542890818116991	0.00011542890818116991	0.00016422769411947845
563	-0.7514216585577304	-0.7514471893372843	2.553077955391725e-05	2.553077955391725e-05	3.39766351730142e-05
564	-0.7766194892117932	-0.7763599349459582	-0.00025955426583501584	0.00025955426583501584	0.0003342103429550071
565	0.09224002654918911	0.09238568932801172	-0.00014566277882260836	0.00014566277882260836	0.001579171041813722
566	0.08062729126638149	0.08036279790957224	0.00026449335680925334	0.00026449335680925334	0.0032804445325516846
567	0.4067554077121454	0.40688369777797107	-0.0001282900658256536	0.0001282900658256536	0.0003153985500702735
568	-0.7329192791021332	-0.7332953423997424	0.0003760632976091971	0.0003760632976091971	0.0005131032957270486
569	0.049924554675239784	0.05027464109019775	-0.0003500864149579633	0.0003500864149579633	0.0070123092180848145
570	0.5702141115178119	0.5721235660942625	-0.001909454576450642	0.001909454576450642	0.0033486624372869385
571	-1.3548397260133074	-1.3548942737457992	5.4547732491805334e-05	5.4547732491805334e-05	4.0261391398903786e-05
572	-0.7921560757459024	-0.7921980447704868	4.1969024584420644e-05	4.1969024584420644e-05	5.298075198741886e-05
573	0.6424869550120498	0.6428688946016337	-0.0003819395895838795	0.0003819395895838795	0.0005944705750122449
574	0.3226410333630047	0.32253932509007655	0.0001017082729281582	0.0001017082729281582	0.0003152366326998644
575	0.7880281349325021	0.7876363910028772	0.00039174392962493254	0.00039174392962493254	0.0004971192172706968
576	-0.5263097057339567	-0.5263420074044234	3.230167046663901e-05	3.230167046663901e-05	6.13738833138052e-05
577	1.1219143477208378	1.121956137261293	-4.1789540455194896e-05	4.1789540455194896e-05	3.7248423233101614e-05
578	-0.1614885111701593	-0.16119081194432283	-0.000297699225836473	0.000297699225836473	0.001843470000926502
579	0.039799148692258916	0.03958070216469878	0.00021844652756013855	0.00021844652756013855	0.005488723621935843
580	-0.7604366168603326	-0.759956822001584	-0.0004797948587486056	0.0004797948587486056	0.0006309465484836434
581	-0.7912137536006457	-0.7910520891343253	-0.000161664466320377	0.000161664466320377	0.0002043246412043223
582	0.33652296392631403	0.3359816101067281	0.0005413538195859213	0.0005413538195859213	0.0016086682860206164
583	-0.04043820411138856	-0.040422288194008615	-1.5915917379948075e-05	1.5915917379948075e-05	0.0003935861576866044
584	1.350175508002457	1.3500764281459965	9.907985646040451e-05	9.907985646040451e-05	7.338294604898448e-05
585	-0.6343682851757331	-0.6342025211338864	-0.00016576404184664995	0.00016576404184664995	0.00026130568901427644
586	0.8487934968088099	0.8491527259053555	-0.0003592290965456213	0.0003592290965456213	0.00042322319609682093
587	-0.874249829428663	-0.87382280242565	-0.000427027003013003	0.000427027003013003	0.0004884496269127926
588	0.3163131260173656	0.31628123682736486	3.188919000074453e-05	3.188919000074453e-05	0.00010081525987319859
589	-2.1266582315851066	-2.1272142113843984	0.0005559797992917836	0.0005559797992917836	0.00026143354443811296
590	0.35325457783428377	0.35297270957812543	0.0002818682561583352	0.0002818682561583352	0.000797918197936456
591	-1.5822413837667237	-1.5820728424955632	-0.000168541271160505	0.000168541271160505	0.00010652058079739476
592	1.3960853367002415	1.3979783711164373	-0.0018930344161958157	0.0018930344161958157	0.0013559589563988637
593	-1.324491009436667	-1.326393751867272	0.0019027424306048424	0.0019027424306048424	0.0014365838779185956
594	1.053165086730938	1.0516003688607611	0.0015647178701767572	0.0015647178701767572	0.0014857289611011485
595	0.6762053389790174	0.6759348546054866	0.00027048437353072163	0.00027048437353072163	0.0004000033095555236
596	1.5202016637851514	1.5199964049514847	0.0002052588336667327	0.0002052588336667327	0.00013502079267276853
597	0.41367634946277426	0.4136534511189893	2.289834378493838e-05	2.289834378493838e-05	5.535328237806098e-05
598	0.23364360407571144	0.23474860331162972	-0.0011049992359182803	0.0011049992359182803	0.00472942214827421
599	0.43556689131682974	0.4351582242847485	0.00040866703208125577	0.00040866703208125577	0.000938241726421747
600	-0.458431151276795	-0.45814216688455645	-0.0002889843922385671	0.0002889843922385671	0.000630376865607202
601	-0.3732890752152236	-0.3733822062557124	9.313104048880305e-05	9.313104048880305e-05	0.0002494877205691257
602	-0.5849856113352421	-0.5847762290684955	-0.00020938226674660498	0.00020938226674660498	0.0003579272082755771
603	0.2602182258884134	0.26021996577441087	-1.7398859974426806e-06	1.7398859974426806e-06	6.686257242368477e-06
604	-0.45468317653981916	-0.4548166244831009	0.00013344794328173926	0.00013344794328173926	0.00029349654917362544
605	-0.40023188400576665	-0.40035052951736816	0.00011864551160151171	0.00011864551160151171	0.00029644192864904844
606	-0.6048307354019009	-0.6047328126541629	-9.792274773801068e-05	9.792274773801068e-05	0.0001619010774525909
607	2.0042598497797113	2.004492399109381	-0.00023254932966976227	0.00023254932966976227	0.0001160275349003882
608	-1.0080340015904392	-1.0080469834861105	1.2981895671337895e-05	1.2981895671337895e-05	1.2878430341491987e-05
609	-1.8887711972894135	-1.8885080789559083	-0.00026311833350511904	0.00026311833350511904	0.00013930662108926784
610	-0.6850871439499884	-0.6854236429276739	0.0003364989776855065	0.0003364989776855065	0.0004911768972124677
611	-0.44001126459066986	-0.4400584585724232	4.7193981753346215e-05	4.7193981753346215e-05	0.0001072563035340685
612	1.536408248669076	1.536606131303131	-0.00019788263405495776	0.00019788263405495776	0.00012879560769500875
613	-0.5864278800633895	-0.5879853924852796	0.0015575124218900616	0.0015575124218900616	0.0026559317434254716
614	0.6300226882485993	0.6297016890215446	0.00032099922705475237	0.00032099922705475237	0.0005095042338032277
615	0.34704314738433606	0.3471272211541532	-8.407376981711678e-05	8.407376981711678e-05	0.00024225739782151218
616	0.23302404594815343	0.23305022266129072	-2.6176713137288088e-05	2.6176713137288088e-05	0.00011233481519376015
617	0.20018971125721938	0.2011308227167774	-0.000941111459558025	0.000941111459558025	0.004701098041691121
618	-0.8031990442249828	-0.8028622557176845	-0.00033678850729823573	0.00033678850729823573	0.0004193088994810836
619	-0.2030446488427174	-0.20276634431581897	-0.0002783045268984208	0.0002783045268984208	0.0013706567914232562
620	-0.02644765578280839	-0.026569930142272824	0.00012227435946443252	0.00012227435946443252	0.0046232588804302945
621	-0.22891771290683655	-0.2288734702489137	-4.424265792285498e-05	4.424265792285498e-05	0.00019326882730503502
622	0.20270514238695136	0.20294906699547255	-0.00024392460852118436	0.00024392460852118436	0.0012033469188243268
623	-0.27946084955977557	-0.27960144284122634	0.00014059328145077377	0.00014059328145077377	0.0005030875762105683
624	0.8823253878256585	0.8820095390902338	0.00031584873542467307	0.00031584873542467307	0.00035797307862015486
625	0.47323971619715915	0.47356881771776216	-0.00032910152060300346	0.00032910152060300346	0.0006954224451987765
626	-0.28894321254605876	-0.28915829351205957	0.0002150809660008135	0.0002150809660008135	0.0007443710620699516
627	-0.5516034869159508	-0.5518990453481365	0.0002955584321856497	0.0002955584321856497	0.000535816830742197
628	-0.20540066832343756	-0.20567040577645912	0.00026973745302155683	0.00026973745302155683	0.0013132257807302275
629	0.9618811550787492	0.9622543000133987	-0.0003731449346495719	0.0003731449346495719	0.00038793247240509926
630	1.0227712879493034	1.0227548276731113	1.6460276192065137e-05	1.6460276192065137e-05	1.6093799646124832e-05
631	-0.5442041635761968	-0.5426938627905997	-0.0015103007855971073	0.0015103007855971073	0.002775246656828715
632	-0.8865411626566426	-0.886850919179949	0.00030975652330633707	0.00030975652330633707	0.00034939891835152813
633	-0.2615228701853537	-0.26317842458212226	0.001655554396768566	0.001655554396768566	0.006330438311552622
634	2.3288408139711443	2.329415402698487	-0.0005745887273427286	0.0005745887273427286	0.00024672735203525514
635	-3.2832958739899136	-3.2831486965889667	-0.00014717740094694065	0.00014717740094694065	4.4826115767656455e-05
636	1.2747300897338216	1.2749870418105047	-0.0002569520766830813	0.0002569520766830813	0.00020157371254705053
637	0.6012856662206352	0.6019076037020454	-0.0006219374814102618	0.0006219374814102618	0.0010343460959570732
638	0.6976488609699123	0.6976339286808297	1.4932289082558725e-05	1.4932289082558725e-05	2.140373175955449e-05
639	-0.2734765017696379	-0.2730159428665502	-0.0004605589030877155	0.0004605589030877155	0.0016840894925431872
640	-1.9046230539518778	-1.9046138605816054	-9.193370272386758e-06	9.193370272386758e-06	4.826871255869529e-06
641	0.5920398793048921	0.5917612975139264	0.0002785817909657373	0.0002785817909657373	0.00047054565191253215
642	0.24817716175446053	0.24763025161433916	0.0005469101401213705	0.0005469101401213705	0.002203708577594533
643	-0.7777975460207756	-0.7743705947120816	-0.0034269513086939707	0.0034269513086939707	0.004405968270569003
644	-0.922452417108981	-0.9219366510890836	-0.0005157660198973346	0.0005157660198973346	0.0005591247963919647
645	-0.9578789401034759	-0.9583726022555084	0.0004936621520325035	0.0004936621520325035	0.0005153700863067051
646	0.30534593890789014	0.30552573193176613	-0.00017979302387599594	0.00017979302387599594	0.0005888174721401219
647	0.2179652042877428	0.21769564722262658	0.00026955706511622157	0.00026955706511622157	0.0012366976921709518
648	0.35330532499555584	0.3530868688486066	0.00021845614694920856	0.00021845614694920856	0.0006183211276307723
649	0.40269914922695993	0.40231638013921156	0.00038276908774836915	0.00038276908774836915	0.000950508806594577
650	0.41083530889020203	0.41063677235797513	0.0001985365322269006	0.0001985365322269006	0.0004832508986708359
651	0.43075763313281223	0.43037390385336494	0.00038372927944729796	0.00038372927944729796	0.0008908240967351254
652	0.5839020092553935	0.583747755456443	0.00015425379895050995	0.00015425379895050995	0.0002641775443575169
653	2.1121921456082884	2.1116208001359382	0.0005713454723501599	0.0005713454723501599	0.00027049881495777394
654	-0.4398259722130089	-0.4398247622106055	-1.2100024033845358e-06	1.2100024033845358e-06	2.7510935684319442e-06
655	-1.0139712797151839	-1.0141964193763897	0.00022513966120585316	0.00022513966120585316	0.00022203751300440484
656	-0.9653784687619082	-0.965478341669268	9.987290735979926e-05	9.987290735979926e-05	0.00010345466632157813
657	0.7828901308806633	0.7829003784678434	-1.0247587180156614e-05	1.0247587180156614e-05	1.3089432061979415e-05
658	0.4443101368778078	0.4443395629181168	-2.9426040309032953e-05	2.9426040309032953e-05	6.622860445141176e-05
659	-1.0954817147309148	-1.0955076450755996	2.5930344684788054e-05	2.5930344684788054e-05	2.3670267003185327e-05
660	-0.3399096151854864	-0.33991658206389275	6.966878406344801e-06	6.966878406344801e-06	2.0496267522597213e-05
661	-0.8503457897846157	-0.850557011681019	0.00021122189640332412	0.00021122189640332412	0.0002483952986429492
662	1.6406226478866213	1.6408989254230733	-0.0002762775364519854	0.0002762775364519854	0.00016839797793104594
663	-0.34340908577107404	-0.34309018541023306	-0.00031890036084097906	0.00031890036084097906	0.0009286311109822145
664	0.0029897860424881366	0.0029592821988444484	3.0503843643688196e-05	3.0503843643688196e-05	0.0102026844764793
665	-0.359556489072548	-0.3593333491593853	-0.00022313991316269544	0.00022313991316269544	0.0006205976527868263
666	0.006702623412827248	0.006678685423366915	2.393798946033303e-05	2.393798946033303e-05	0.0035714358372754967
667	0.8384117129072934	0.8380870381046179	0.0003246748026755064	0.0003246748026755064	0.0003872498411903831
668	-1.2572362645490038	-1.2573655101491	0.000129245600096084	0.000129245600096084	0.00010280136179689902
669	0.7798334621585257	0.7796454676878284	0.0001879944706972836	0.0001879944706972836	0.00024107002304944413
670	1.986082658508331	1.986323424993941	-0.000240766485609889	0.000240766485609889	0.00012122682033320773
671	0.4917425296309863	0.49168072719396605	6.180243702025301e-05	6.180243702025301e-05	0.00012568047971492485
672	-1.363963590661932	-1.3645204465788652	0.0005568559169331078	0.0005568559169331078	0.000408263036304998
673	-0.7316505519495008	-0.7314110542608887	-0.0002394976886120892	0.0002394976886120892	0.00032733890239533303
674	0.1560515250699257	0.15590492297690162	0.0001466020930240841	0.0001466020930240841	0.0009394467177324453
675	0.39728452411084075	0.39690542424608566	0.0003790998647550947	0.0003790998647550947	0.000954227617105285
676	-1.1516033786135393	-1.1518768856717543	0.00027350705821493904	0.00027350705821493904	0.00023750109047459113
677	-0.49131261053913183	-0.49119096983218924	-0.00012164070694259399	0.00012164070694259399	0.0002475831157867372
678	1.0285974392234827	1.0287808270135201	-0.0001833877900374592	0.0001833877900374592	0.00017828917615807387
679	-1.401217319068174	-1.4013236646235327	0.00010634555535871115	0.00010634555535871115	7.589511913072284e-05
680	0.7093289604038586	0.7096540891780023	-0.00032512877414370145	0.00032512877414370145	0.00045836105994965777
681	0.5704839927848547	0.5703988249692316	8.516781562317721e-05	8.516781562317721e-05	0.00014929045634992313
682	1.0797603412590897	1.079776574869129	-1.6233610039328994e-05	1.6233610039328994e-05	1.5034456646554793e-05
683	-0.6307986145648284	-0.631137729612874	0.00033911504804551296	0.00033911504804551296	0.00053759637420805
684	-0.1730184931284312	-0.17290204591802194	-0.00011644721040926509	0.00011644721040926509	0.0006730333174432782
685	0.10266066191634346	0.10222260178949227	0.00043806012685118634	0.00043806012685118634	0.004267068988978023
686	-0.20642528381655725	-0.2063842592363585	-4.102458019875077e-05	4.102458019875077e-05	0.00019873815571549774
687	-0.8592267299015176	-0.859328080053956	0.00010135015243839529	0.00010135015243839529	0.00011795507391862889
688	0.7336537533135192	0.7332813190004117	0.00037243431310751696	0.00037243431310751696	0.0005076431646746597
689	0.5683085819578904	0.5685379454334338	-0.00022936347554347591	0.00022936347554347591	0.0004035896743865658
690	0.5152940072121237	0.5147496814288388	0.0005443257832848936	0.0005443257832848936	0.0010563402167819483
691	-0.46889770989745627	-0.46910489027851554	0.00020718038105926873	0.00020718038105926873	0.0004418455810001231
692	-0.864638531985971	-0.8648973311196073	0.000258799133636356	0.000258799133636356	0.00029931482817672426
693	-0.43459354823733226	-0.4344268140172858	-0.00016673422004648275	0.00016673422004648275	0.00038365553451665354
694	-0.5232641336591642	-0.5233625182370361	9.838457787181287e-05	9.838457787181287e-05	0.0001880208704231525
695	0.2266299891004782	0.2267362667041084	-0.00010627760363018934	0.00010627760363018934	0.0004689476624519905
696	-0.2834792684799672	-0.2835322755245784	5.300704461119743e-05	5.300704461119743e-05	0.00018698737616836808
697	0.8776135388191666	0.8772366149756294	0.000376923843537158	0.000376923843537158	0.00042948727072318296
698	-2.7964632563982748	-2.796146249522735	-0.00031700687553959384	0.00031700687553959384	0.00011335992876512354
699	-0.38378971338940954	-0.3834897308792051	-0.0002999825102044107	0.0002999825102044107	0.0007816324923227829
700	-0.36620997883728096	-0.3627163677322187	-0.0034936111050622443	0.0034936111050622443	0.009539912364361238
701	1.2572116162553457	1.253933257657991	0.0032783585973548135	0.0032783585973548135	0.0026076426235382183
702	-1.0706477396245189	-1.0738281834790087	0.0031804438544897895	0.0031804438544897895	0.002970579152023602
703	-0.3733762927437237	-0.3737558050715961	0.00037951232787242217	0.00037951232787242217	0.0010164339173320523
704	1.0891574063245815	1.0892407174836194	-8.33111590379243e-05	8.33111590379243e-05	7.649138550052389e-05
705	1.4228317486761992	1.4226106958119544	0.0002210528642447862	0.0002210528642447862	0.0001553612115068795
706	1.1723975608395907	1.172009032977428	0.00038852786216270196	0.00038852786216270196	0.00033139600007736706
707	-0.7149799652693385	-0.7151625951706819	0.00018262990134343404	0.00018262990134343404	0.00025543359284848765
708	-1.3158661631341328	-1.3161154653573703	0.00024930222323749085	0.00024930222323749085	0.0001894586472561178
709	-1.589778747070915	-1.5895918311130686	-0.00018691595784647852	0.00018691595784647852	0.00011757356688209695
710	0.9632179273354089	0.9629940176552054	0.00022390968020347124	0.00022390968020347124	0.00023246004237367364
711	1.4026255024780894	1.4027436831369755	-0.0001181806588861356	0.0001181806588861356	8.425674471007398e-05
712	0.21202754061118723	0.21378522010451206	-0.0017576794933248374	0.0017576794933248374	0.008289864082081877
713	-0.3599332208414621	-0.35840643813855877	-0.001526782702903351	0.001526782702903351	0.00424184991686512
714	-0.37625300749897816	-0.3777744251962645	0.0015214176972863092	0.0015214176972863092	0.004043602753900754
715	0.3551193229004405	0.37355504696989783	-0.018435724069457315	0.018435724069457315	0.0519141676630924
716	-1.5108235326977544	-1.5109533064858738	0.00012977378811940277	0.00012977378811940277	8.589605954024047e-05
717	-2.2583426673486575	-2.257942538342661	-0.0004001290059965079	0.0004001290059965079	0.00017717816334146842
718	0.261954006378378	0.2617709734451523	0.0001830329332256908	0.0001830329332256908	0.0006987216410857634
719	0.9765872442554493	0.9766061466720544	-1.8902416605071082e-05	1.8902416605071082e-05	1.935558416952527e-05
720	2.499369406293269	2.4996319568870717	-0.00026255059380275725	0.00026255059380275725	0.00010504673424491389
721	-0.6741601800031288	-0.6741429568393187	-1.7223163810142772e-05	1.7223163810142772e-05	2.554758397338573e-05
722	0.19188755347107161	0.19220440228195912	-0.0003168488108875045	0.0003168488108875045	0.0016512212759816735
723	0.08119652559023095	0.081568705930124	-0.000372180339893044	0.000372180339893044	0.0045836978514487365
724	-0.08318484461505046	-0.08292723916270006	-0.0002576054523504012	0.0002576054523504012	0.003096783477116614
725	0.7695875498011955	0.7696405761663527	-5.3026365157249344e-05	5.3026365157249344e-05	6.890231679416777e-05
726	0.35911073937633115	0.35960234891518894	-0.0004916095388577957	0.0004916095388577957	0.0013689636230639487
727	-0.14880896668703758	-0.14879483394025783	-1.4132746779749183e-05	1.4132746779749183e-05	9.497241392363122e-05
728	-0.11815138828418663	-0.11780789548510029	-0.00034349279908633956	0.00034349279908633956	0.0029072260942050445
729	0.26129214332901346	0.26143175060866497	-0.0001396072796515102	0.0001396072796515102	0.0005342957422019372
730	0.29638365684350243	0.2965097221405699	-0.00012606529706749026	0.00012606529706749026	0.0004253449681068471
731	-0.5687762806616474	-0.5655446887757876	-0.0032315918858598636	0.0032315918858598636	0.005681657262677356
732	-0.8634398741233917	-0.8633473764376731	-9.249768571861772e-05	9.249768571861772e-05	0.00010712695636453678
733	-0.10837442811643987	-0.10816003771196847	-0.00021439040447139568	0.00021439040447139568	0.0019782379311939708
734	-0.40034573660137324	-0.3997212567625752	-0.0006244798387980421	0.0006244798387980421	0.001559851352731753
735	-0.5219490980277803	-0.52221014323095	0.0002610452031697186	0.0002610452031697186	0.0005001353659889353
736	-0.22047770107090986	-0.2206278903500447	0.00015018927913484914	0.00015018927913484914	0.0006811994065855458
737	0.08777817741514041	0.08793922506100671	-0.00016104764586630238	0.00016104764586630238	0.0018347116630667716
738	0.7727798323512365	0.7733989059346413	-0.00061907358340485	0.00061907358340485	0.0008010995596524244
739	0.47186203067341426	0.47211232530486313	-0.0002502946314488774	0.0002502946314488774	0.0005304402880046766
740	0.3066109703104897	0.30681603546156566	-0.00020506515107593382	0.00020506515107593382	0.0006688121787301821
741	-0.08122017841044261	-0.08146420118748665	0.00024402277704403674	0.00024402277704403674	0.003004459997746845
742	0.578462513324391	0.5785690488195883	-0.00010653549519723526	0.00010653549519723526	0.00018417009355538332
743	-0.6839796620713006	-0.6833160834460728	-0.000663578625227812	0.000663578625227812	0.0009701730358740375
744	0.6755886158757544	0.6750608227434896	0.0005277931322648088	0.0005277931322648088	0.0007812344966479924
745	-0.2088090652911311	-0.20863851248265064	-0.0001705528084804675	0.0001705528084804675	0.0008167883336035962
746	0.05920780044010997	0.05920566604800115	2.1343921088184947e-06	2.1343921088184947e-06	3.604917076724512e-05
747	-0.619368707856877	-0.6189249008912157	-0.00044380696566137523	0.00044380696566137523	0.0007165472844067698
748	-0.6748799617132638	-0.6711024934347165	-0.0037774682785473024	0.0037774682785473024	0.005597244684755117
749	0.6063800706592903	0.6081277391487561	-0.0017476684894657257	0.0017476684894657257	0.002882133787090929
750	-0.08712078923135957	-0.08525356244604154	-0.0018672267853180324	0.0018672267853180324	0.02143262017931668
751	-0.5518162951457359	-0.5515527891830629	-0.0002635059626729941	0.0002635059626729941	0.00047752479401392373
752	-1.6960404449802997	-1.6957931741430343	-0.0002472708372653898	0.0002472708372653898	0.00014579300747056298
753	0.7433800721010811	0.7438773365961993	-0.0004972644951181104	0.0004972644951181104	0.0006689236284107638
754	0.7722025680897521	0.7724234031414312	-0.00022083505167913575	0.00022083505167913575	0.0002859807268259025
755	1.1846862679479584	1.1848920996442303	-0.00020583169627186315	0.00020583169627186315	0.0001737436330956991
756	-0.0560308426988693	-0.05595172375905122	-7.911893981808055e-05	7.911893981808055e-05	0.00141206050109393
757	0.2551509596665558	0.25500155800273205	0.00014940166382376718	0.00014940166382376718	0.0005855422375013318
758	0.8742979185652923	0.8739906223453886	0.0003072962199036633	0.0003072962199036633	0.0003514776981374164
759	-0.3341033366798602	-0.3348583859761334	0.0007550492962731803	0.0007550492962731803	0.0022599274337588345
760	0.09876044022314469	0.0980559260881364	0.0007045141350082856	0.0007045141350082856	0.007133566166943649
761	-0.7513488607897373	-0.7517053934975593	0.0003565327078219882	0.0003565327078219882	0.00047452352219878164
762	-0.3663709712190508	-0.3667825445106132	0.00041157329156238376	0.00041157329156238376	0.0011233785531449946
763	0.45795461072865923	0.45824929171089934	-0.0002946809822401142	0.0002946809822401142	0.0006434720283113699
764	0.3731504754036196	0.3730199798610556	0.00013049554256400198	0.00013049554256400198	0.00034971292056602897
765	-0.3051224399079869	-0.3045873165135049	-0.0005351233944819733	0.0005351233944819733	0.0017537988836328977
766	-0.07389537088050799	-0.07353887567518314	-0.0003564952053248527	0.0003564952053248527	0.004824323920118364
767	0.42980553387495835	0.4297993434931868	6.190381771520315e-06	6.190381771520315e-06	1.4402750275712501e-05
768	0.528449248929594	0.528198430941984	0.00025081798760995255	0.00025081798760995255	0.0004746302281969358
769	0.24841539867923348	0.24884850795814373	-0.0004331092789102431	0.0004331092789102431	0.001743488049504917
770	-0.8981443393834176	-0.9165851690511317	0.018440829667714098	0.018440829667714098	0.020532144844751632
771	1.5369776767174697	1.5371105868382529	-0.00013291012078320286	0.00013291012078320286	8.647498450794655e-05
772	0.5973703062343025	0.5977885670702676	-0.00041826083596507857	0.00041826083596507857	0.0007001701149186798
773	-0.05724315126880339	-0.056653726815625305	-0.0005894244531780835	0.0005894244531780835	0.010296855433591589
774	-0.597341516084994	-0.5974016262868531	6.011020185914262e-05	6.011020185914262e-05	0.00010062953978673351
775	-0.5884500570332162	-0.5884681845742534	1.812754103724945e-05	1.812754103724945e-05	3.080557274247355e-05
776	0.7940227444734544	0.7939272035741851	9.554089926933074e-05	9.554089926933074e-05	0.00012032514173468344
777	-0.7340191174750144	-0.7339827843821922	-3.633309282213837e-05	3.633309282213837e-05	4.949883723345275e-05
778	0.3897505717751916	0.38955320381006686	0.00019736796512476174	0.00019736796512476174	0.0005063955755749441
779	0.8632553123651705	0.8636418150160807	-0.0003865026509102254	0.0003865026509102254	0.0004477269301144234
780	-0.17702552562729204	-0.1777719479534312	0.0007464223261391678	0.0007464223261391678	0.004216467221290328
781	0.08116567070151219	0.08129598695205686	-0.00013031625054467366	0.00013031625054467366	0.0016055587222819038
782	0.0033518239802107185	0.003239147602585035	0.00011267637762568325	0.00011267637762568325	0.03361643639132853
783	-0.27360703452036483	-0.27356568707403994	-4.1347446324890846e-05	4.1347446324890846e-05	0.00015111982189117772
784	-0.6364011918595067	-0.6362156140866659	-0.0001855777728407837	0.0001855777728407837	0.0002916050051674828
785	-0.8976593888293389	-0.897638944927337	-2.044390200195423e-05	2.044390200195423e-05	2.277467629299311e-05
786	0.3901162906811193	0.38922524518625323	0.0008910454948660718	0.0008910454948660718	0.002284050976980122
787	1.3386452221401777	1.3389370913330367	-0.0002918691928590622	0.0002918691928590622	0.0002180332682862994
788	-0.8377498687783805	-0.8377656498339547	1.5781055574204395e-05	1.5781055574204395e-05	1.8837431269570436e-05
789	0.7900833404148937	0.7904288162308148	-0.00034547581592114796	0.00034547581592114796	0.000437265030471
790	0.14052797509920034	0.1401272962624489	0.00040067883675143356	0.00040067883675143356	0.002851238954155496
791	0.6339895289378066	0.6339100393262243	7.948961158232848e-05	7.948961158232848e-05	0.00012538000700974713
792	-0.25096766251950253	-0.25137696324151193	0.00040930072200939804	0.00040930072200939804	0.001630890282438645
793	-1.3789229944114907	-1.3789001091879527	-2.2885223537993937e-05	2.2885223537993937e-05	1.659644782975071e-05
794	0.6083791435527917	0.6087930793015062	-0.0004139357487145112	0.0004139357487145112	0.0006803910901633206
795	-0.574082895595062	-0.5743317759936417	0.00024888039857973165	0.00024888039857973165	0.00043352693572546916
796	-0.5446736450722582	-0.5448975827064828	0.00022393763422456914	0.00022393763422456914	0.00041114093962607795
797	-0.004414688493921238	-0.004982994589397549	0.0005683060954763111	0.0005683060954763111	0.12873073519430298
798	1.6318035390056238	1.632661300931204	-0.0008577619255802915	0.0008577619255802915	0.0005256526935239937
799	0.12294791361434237	0.12272780382005521	0.00022010979428715993	0.00022010979428715993	0.0017902686415451562
800	-0.22815187826990532	-0.22816293750338446	1.1059233479132624e-05	1.1059233479132624e-05	4.847312046254325e-05
801	0.037665379443098904	0.03768731374975687	-2.1934306657964142e-05	2.1934306657964142e-05	0.0005823466265911459
802	0.6360172115851189	0.6371878296818068	-0.0011706180966878366	0.0011706180966878366	0.0018405446823842304
803	0.2395890473485125	0.23954514776391989	4.389958459261045e-05	4.389958459261045e-05	0.00018322867876657554
804	-1.8070754464907082	-1.8071471422018703	7.169571116216744e-05	7.169571116216744e-05	3.967499602819494e-05
805	0.3990991506381847	0.3992723919452601	-0.0001732413070754113	0.0001732413070754113	0.000434080871378422
806	-0.2230380152012074	-0.2227020708360783	-0.0003359443651290983	0.0003359443651290983	0.0015062202056722737
807	-0.8283454885380579	-0.8285480581449178	0.00020256960685993697	0.00020256960685993697	0.00024454724467377843
808	0.6331100686665649	0.63355759230177	-0.00044752363520506044	0.00044752363520506044	0.0007068654525549083
809	0.36691865796059214	0.3661681859057353	0.0007504720548568433	0.0007504720548568433	0.0020453363124898535
810	0.09486827445907531	0.09478930063977486	7.8973819300443e-05	7.8973819300443e-05	0.0008324576340271802
811	-1.200815716946121	-1.200570597475803	-0.00024511947031813364	0.00024511947031813364	0.00020412746673695629
812	-0.2612944204792639	-0.2611972727493139	-9.714772994995347e-05	9.714772994995347e-05	0.00037179412316484204
813	0.7188711630784598	0.7189747957454529	-0.00010363266699309204	0.00010363266699309204	0.00014416027838604683
814	-1.4983486172538454	-1.516419647188627	0.018071029934781713	0.018071029934781713	0.012060631101927448
815	0.7863740648538656	0.7865172697734124	-0.00014320491954677994	0.00014320491954677994	0.00018210788726023431
816	-0.18422201751009376	-0.1844171682350293	0.00019515072493553332	0.00019515072493553332	0.0010593235682311466
817	0.37385131294882606	0.3736957097473237	0.0001556032015023745	0.0001556032015023745	0.00041621681163835837
818	-0.5342456475939061	-0.5356274478671708	0.0013818002732646217	0.0013818002732646217	0.0025864511568561505
819	0.025404872741218804	0.02376453610253293	0.0016403366386858742	0.0016403366386858742	0.06456779592619123
820	1.2723547140597853	1.2724220308655276	-6.731680574234566e-05	6.731680574234566e-05	5.2907263201433454e-05
821	-0.16466545103132724	-0.16460529281658864	-6.015821473859262e-05	6.015821473859262e-05	0.0003653359849428746
822	0.07941924934059967	0.07942243631475776	-3.1869741580897726e-06	3.1869741580897726e-06	4.012848502788063e-05
823	1.5752932963626933	1.5754098236655523	-0.00011652730285893753	0.00011652730285893753	7.39718140920143e-05
824	-3.354012297213554	-3.353666912232711	-0.00034538498084302205	0.00034538498084302205	0.0001029766590688892
825	0.6151394958476605	0.6155041917850212	-0.00036469593736077055	0.00036469593736077055	0.000592867048567936
826	0.0044627041009880205	0.006086101123514709	-0.0016233970225266884	0.0016233970225266884	0.3637698099157585
827	1.9503504503643625	1.9486587920312104	0.0016916583331521018	0.0016916583331521018	0.0008673612133840192
828	-1.3899492266490776	-1.390288361470482	0.00033913482140435214	0.00033913482140435214	0.00024399079829839999
829	-1.4503777074837785	-1.4503142806674418	-6.342681633664249e-05	6.342681633664249e-05	4.373124049643591e-05
830	0.8421262186686791	0.8423792451139889	-0.0002530264453097786	0.0002530264453097786	0.00030046142692218887
831	0.6819353246508069	0.6818905114016616	4.481324914529239e-05	4.481324914529239e-05	6.571480831886741e-05
832	2.045453516964695	2.045429092277118	2.442468757690719e-05	2.442468757690719e-05	1.1940964375055396e-05
833	0.9675098413723162	0.9679241939437588	-0.00041435257144262216	0.00041435257144262216	0.0004282670353563581
834	-1.18472278553748	-1.1845661029354915	-0.00015668260198853368	0.00015668260198853368	0.00013225254371844513
835	-1.7191583919711835	-1.718821180595853	-0.0003372113753303818	0.0003372113753303818	0.0001961491023196158
836	0.5018930497578569	0.5019299261732613	-3.687641540439657e-05	3.687641540439657e-05	7.34746484777742e-05
837	0.7708983771993335	0.7707470143003547	0.00015136289897876853	0.00015136289897876853	0.00019634611182951054
838	0.006877607423790276	0.007578715070621911	-0.0007011076468316346	0.0007011076468316346	0.10194063191313286
839	-0.9036167208529381	-0.9037988111089135	0.00018209025597537565	0.00018209025597537565	0.00020151271194218028
840	0.5868453366517935	0.5867199401734524	0.0001253964783410888	0.0001253964783410888	0.0002136789210195142
841	-0.23885520771885282	-0.23898304975489282	0.00012784203603999345	0.00012784203603999345	0.0005352281713299353
842	-0.2254091942296135	-0.22594831075650745	0.0005391165268939513	0.0005391165268939513	0.0023917237659116033
843	-0.7513864667065366	-0.7523723138120886	0.0009858471055519402	0.0009858471055519402	0.0013120373459387512
844	0.3662944621275604	0.36662945149856796	-0.00033498937100756576	0.00033498937100756576	0.0009145357236957277
845	0.1512551304568221	0.15150831573862433	-0.0002531852818022373	0.0002531852818022373	0.0016738954972143085
846	0.6190948803745461	0.6194304261697425	-0.0003355457951964569	0.0003355457951964569	0.0005419941366555238
847	-0.08595920522016048	-0.08591349995157316	-4.570526858732604e-05	4.570526858732604e-05	0.0005317088317681018
848	-0.09391727743228145	-0.09385813758910899	-5.9139843172462125e-05	5.9139843172462125e-05	0.0006297014222447472
849	-0.1520291918943652	-0.15193978398997388	-8.94079043913254e-05	8.94079043913254e-05	0.000588096952152774
850	-0.6226093810444115	-0.6218439654617214	-0.0007654155826901654	0.0007654155826901654	0.0012293672501467936
851	-0.985919720633404	-0.9898370534031642	0.00391733276976014	0.00391733276976014	0.0039732776287743285
852	-1.2741322312281518	-1.2744322427096222	0.000300011481470408	0.000300011481470408	0.00023546337979475117
853	0.3453049039146091	0.3455043398616908	-0.00019943594708171641	0.00019943594708171641	0.0005775647690512822
854	-0.8446112655049526	-0.8452128962446182	0.0006016307396655707	0.0006016307396655707	0.000712316735801392
855	0.4830453875144465	0.48356376734659534	-0.0005183798321488631	0.0005183798321488631	0.0010731493262283967
856	0.1207006236038949	0.12094847929944308	-0.00024785569554817977	0.00024785569554817977	0.0020534748549566042
857	1.730158870461407	1.7301384662786745	2.04041827325252e-05	2.04041827325252e-05	1.1793242274383574e-05
858	1.233240044779283	1.2328619998740464	0.0003780449052366297	0.0003780449052366297	0.0003065460830898413
859	0.47576582471536766	0.47620355408639625	-0.00043772937102859455	0.00043772937102859455	0.0009200521523177314
860	1.0447186209893582	1.0458374772284174	-0.0011188562390591628	0.0011188562390591628	0.0010709641970386204
861	-1.1130629249798796	-1.113792471450381	0.0007295464705014965	0.0007295464705014965	0.0006554404554573446
862	0.18089200019726998	0.17927489036395627	0.0016171098333137013	0.0016171098333137013	0.008939642612996585
863	-0.21327639495202882	-0.21282731645300146	-0.00044907849902736663	0.00044907849902736663	0.0021056174506718177
864	0.16398626361347637	0.1635688427512605	0.0004174208622158837	0.0004174208622158837	0.00254546236384631
865	-0.7479224961872197	-0.748094039899172	0.00017154371195227114	0.00017154371195227114	0.00022936027840688239
866	-0.5879617104673732	-0.5881259199469469	0.0001642094795736293	0.0001642094795736293	0.0002792860090210611
867	0.6996350503476712	0.6994028532361085	0.00023219711156263756	0.00023219711156263756	0.00033188318888147664
868	1.0929655728597705	1.0922996051050404	0.0006659677547300458	0.0006659677547300458	0.0006093218041511823
869	-1.5068626376321443	-1.5066526644744727	-0.00020997315767168345	0.00020997315767168345	0.00013934459082589725
870	0.2354114277796681	0.23603744144651273	-0.0006260136668446437	0.0006260136668446437	0.0026592322758033538
871	-0.9949678754894431	-0.9919016931476676	-0.0030661823417754697	0.0030661823417754697	0.0030816897884940837
872	0.5557934842460918	0.5589870893558668	-0.003193605109775066	0.003193605109775066	0.005746028336598879
873	-0.664310729442728	-0.6679271031231337	0.0036163736804057933	0.0036163736804057933	0.0054437983915139685
874	-0.04055273306173007	-0.04039178161718837	-0.00016095144454170152	0.00016095144454170152	0.00396894197726941
875	0.4831739928387738	0.4829533452337387	0.00022064760503515135	0.00022064760503515135	0.0004566628343110705
876	0.3630281129887206	0.3629585953461856	6.951764253504411e-05	6.951764253504411e-05	0.00019149382664257751
877	0.870474755952095	0.8711652384221225	-0.0006904824700274537	0.0006904824700274537	0.0007932251513396594
878	0.06547971915990466	0.06520781111163387	0.0002719080482707914	0.0002719080482707914	0.004152553672485655
879	-0.8034917503765145	-0.8032433116937909	-0.00024843868272361735	0.00024843868272361735	0.000309198797134133
880	-0.07087001651763761	-0.07099104778518495	0.00012103126754733906	0.00012103126754733906	0.0017077922864208405
881	0.07788089308193478	0.07816327026688441	-0.0002823771849496254	0.0002823771849496254	0.0036257568933184903
882	0.29222963561126525	0.29237099401768774	-0.0001413584064224871	0.0001413584064224871	0.000483723719967017
883	-0.6680337800180994	-0.6680477145550867	1.3934536987281199e-05	1.3934536987281199e-05	2.0859030492295857e-05
884	-0.3017261553507615	-0.3016271903319989	-9.896501876260899e-05	9.896501876260899e-05	0.0003279961548164777
885	0.023724140708655063	0.023456128374732543	0.0002680123339225196	0.0002680123339225196	0.011297030194427363
886	1.122898135146295	1.1226032776718853	0.00029485747440971544	0.00029485747440971544	0.0002625861288578063
887	0.29747994327460214	0.2978806142621693	-0.00040067098756713104	0.00040067098756713104	0.0013468840391611672
888	0.1350336987179833	0.13482214775706325	0.00021155096092004277	0.00021155096092004277	0.001566653086811057
889	-0.343794904106591	-0.3476352708133845	0.0038403667067934966	0.0038403667067934966	0.011170516668283191
890	0.10009244087953995	0.10384570413179972	-0.0037532632522597753	0.0037532632522597753	0.03749796907017966
891	-0.20678378519495402	-0.20375430092656188	-0.003029484268392141	0.003029484268392141	0.014650492375579489
892	-0.7930367482972829	-0.7933355637774753	0.0002988154801923937	0.0002988154801923937	0.0003767990333789397
893	-0.48091999792658946	-0.4806160580912433	-0.00030393983534615643	0.00030393983534615643	0.0006319966660911274
894	0.08970774973124637	0.08951692319669746	0.0001908265345489102	0.0001908265345489102	0.002127202333361427
895	-0.435347117203369	-0.4351354587939227	-0.00021165840944631364	0.00021165840944631364	0.000486183096389815
896	1.2207817575916569	1.2201991166449488	0.0005826409467080129	0.0005826409467080129	0.00047726871988768883
897	-0.249984233713617	-0.24971887915370417	-0.00026535455991283374	0.00026535455991283374	0.0010614851823688412
898	0.0043207217003647935	0.004310212041502837	1.0509658861956872e-05	1.0509658861956872e-05	0.0024323850483287442
899	-0.10754984222242722	-0.10817196805135154	0.0006221258289243192	0.0006221258289243192	0.005784535021796509
900	0.33525465233797114	0.33543100600041953	-0.0001763536624483919	0.0001763536624483919	0.0005260289789225932
901	-0.42068424864870124	-0.4203690326534115	-0.00031521599528971933	0.00031521599528971933	0.000749293552830273
902	-1.2707538086228176	-1.2706585362067813	-9.527241603635161e-05	9.527241603635161e-05	7.497315010183075e-05
903	0.19610837607698703	0.1945205657065685	0.0015878103704185242	0.0015878103704185242	0.00809659639318614
904	2.791255226046153	2.790979875378241	0.0002753506679118445	0.0002753506679118445	9.864761392740214e-05
905	-0.34217064470298725	-0.3417926048925324	-0.00037803981045486656	0.00037803981045486656	0.0011048282963695341
906	0.3026830100202054	0.30227287618345144	0.00041013383675397863	0.00041013383675397863	0.001354994575766246
907	-1.3067314048233911	-1.3066694642063226	-6.194061706854548e-05	6.194061706854548e-05	4.740118500245041e-05
908	0.5710465139601136	0.572844018449814	-0.0017975044897003967	0.0017975044897003967	0.0031477374360190007
909	0.49244199461138843	0.49416681964231657	-0.0017248250309281343	0.0017248250309281343	0.0035025953306222052
910	-1.3167528690892893	-1.316943302462903	0.00019043337361357437	0.00019043337361357437	0.00014462347345807152
911	-0.5527780204093835	-0.5543848818803099	0.0016068614709263684	0.0016068614709263684	0.0029068837971096212
912	-0.9444680513479069	-0.9442982380036824	-0.0001698133442245009	0.0001698133442245009	0.00017979787032727058
913	0.49779690445680175	0.4978706226665963	-7.3718209794571e-05	7.3718209794571e-05	0.00014808892770237824
914	0.9920923000552317	0.9922673861098019	-0.00017508605457017268	0.00017508605457017268	0.0001764816182530852
915	0.10677326583167637	0.10721061009633104	-0.00043734426465466547	0.00043734426465466547	0.00409600906414271
916	-0.18974848185149187	-0.18963205613431455	-0.00011642571717732086	0.00011642571717732086	0.000613579176187783
917	-0.9435991198370012	-0.9471827131761756	0.0035835933391744623	0.0035835933391744623	0.003797792159655149
918	-0.38883314206319536	-0.39236033563838646	0.003527193575191101	0.003527193575191101	0.00907122668730188
919	-0.28813908819923617	-0.2879971640510348	-0.00014192414820135557	0.00014192414820135557	0.0004925543045489924
920	-0.14304796759859123	-0.14302528585830032	-2.2681740290908525e-05	2.2681740290908525e-05	0.00015856038132996096
921	0.2833952203564348	0.28322503277422584	0.00017018758220893604	0.00017018758220893604	0.0006005308840243881
922	-1.4778718333462244	-1.4780733026356074	0.00020146928938302722	0.00020146928938302722	0.00013632392528035178
923	0.240035595140647	0.24051455802975852	-0.0004789628891115061	0.0004789628891115061	0.0019953827632558474
924	-1.9680673656744232	-1.968056901191062	-1.0464483361172228e-05	1.0464483361172228e-05	5.317136772696918e-06
925	0.20438918537121825	0.204527682555522	-0.00013849718430375413	0.00013849718430375413	0.0006776150315987173
926	-0.34433633908678085	-0.3444728312587131	0.00013649217193223429	0.00013649217193223429	0.0003963920052534306
927	1.191843736416226	1.1917574617541504	8.627466207555834e-05	8.627466207555834e-05	7.238756175786853e-05
928	0.95427253969621	0.9543187317007096	-4.619200449962335e-05	4.619200449962335e-05	4.840546340600815e-05
929	0.15700870493133262	0.1569479145402397	6.0790391092913065e-05	6.0790391092913065e-05	0.0003871784759927776
930	0.4381263050554116	0.438331979466966	-0.0002056744115543907	0.0002056744115543907	0.00046944091048899296
931	-1.6779282190594427	-1.6781030837478284	0.0001748646883856786	0.0001748646883856786	0.00010421464184188906
932	-0.3395574032031311	-0.34003167117901967	0.00047426797588856484	0.00047426797588856484	0.0013967240042911
933	-0.29702903600169006	-0.296969770886335	-5.926511535503387e-05	5.926511535503387e-05	0.00019952633639054958
934	0.7226212906198525	0.7226567392280003	-3.5448608147858884e-05	3.5448608147858884e-05	4.905558223651515e-05
935	0.3150382065516634	0.31525025365652937	-0.00021204710486594225	0.00021204710486594225	0.0006730837735110343
936	0.9933001105551501	0.9931816083934564	0.00011850216169373429	0.00011850216169373429	0.00011930146834223552
937	1.0030356828915197	1.0030504211187008	-1.4738227181121388e-05	1.4738227181121388e-05	1.4693622004188815e-05
938	0.10296446205011393	0.10280201183121562	0.00016245021889831068	0.00016245021889831068	0.001577730953610425
939	-0.45545504443365264	-0.45541656378844664	-3.8480645206007136e-05	3.8480645206007136e-05	8.448835000577695e-05
940	0.5239870331297861	0.5234776541342967	0.0005093789954894179	0.0005093789954894179	0.0009721213756891768
941	-0.8070713716389787	-0.8055981699115478	-0.0014732017274309284	0.0014732017274309284	0.001825367345689874
942	-0.8782925056041694	-0.8787181949614364	0.00042568935726705615	0.00042568935726705615	0.00048467834411751963
943	0.18685282468518488	0.18695666909707143	-0.00010384441188654447	0.00010384441188654447	0.0005557551086610791
944	0.266181768836958	0.26660905236752797	-0.00042728353056997737	0.00042728353056997737	0.001605232140566688
945	0.18543821635214308	0.18557092381854545	-0.00013270746640237086	0.00013270746640237086	0.0007156424873628115
946	-0.6893551879939288	-0.689266029354485	-8.91586394438093e-05	8.91586394438093e-05	0.00012933628555587883
947	0.49744713224147824	0.49790753192979764	-0.0004603996883194017	0.0004603996883194017	0.0009255248617975902
948	0.5905828997634469	0.5908847914781745	-0.000301891714727609	0.000301891714727609	0.0005111758482145846
949	-0.6711577808187196	-0.6673425227177177	-0.003815258101001917	0.003815258101001917	0.0056845919246407755
950	-0.869455674156276	-0.8691288022646404	-0.00032687189163560504	0.00032687189163560504	0.0003759500355815184
951	0.10241935066219064	0.10272672608380162	-0.00030737542161098086	0.00030737542161098086	0.003001145971182692
952	1.4029115452618974	1.4028921577633469	1.9387498550571536e-05	1.9387498550571536e-05	1.3819473234823405e-05
953	0.1659107837208125	0.16266552704280457	0.0032452566780079295	0.0032452566780079295	0.019560251631798132
954	-0.5833321998846137	-0.5833523623195447	2.0162434930970363e-05	2.0162434930970363e-05	3.4564241327597896e-05
955	-0.5543667934215809	-0.5520582042706224	-0.002308589150958551	0.002308589150958551	0.004164371276118141
956	0.8105836646087128	0.8127403606792427	-0.0021566960705299287	0.0021566960705299287	0.0026606705324749113
957	0.40252880835204063	0.4028607339776613	-0.00033192562562067707	0.00033192562562067707	0.0008246009198188469
958	0.545378038930411	0.5453780966675481	-5.7737137071356415e-08	5.7737137071356415e-08	1.058662669743538e-07
959	0.5918581173432954	0.5914153426473945	0.0004427746959009271	0.0004427746959009271	0.0007481095264662976
960	0.5269165280578011	0.5267007732641105	0.00021575479369062567	0.00021575479369062567	0.0004094667413183859
961	-1.1815725638010737	-1.1815562183699058	-1.6345431167907876e-05	1.6345431167907876e-05	1.3833624500661432e-05
962	-0.7647825463123763	-0.7649041732520345	0.00012162693965822591	0.00012162693965822591	0.000159034669717145
963	-0.17362411334842934	-0.1735316228064221	-9.249054200724527e-05	9.249054200724527e-05	0.0005327056260994981
964	0.4545833618054933	0.4561159906586454	-0.0015326288531520849	0.0015326288531520849	0.003371502307222288
965	0.2937511598868777	0.2938417311355579	-9.05712486801713e-05	9.05712486801713e-05	0.00030832643763874804
966	-0.16112637238513972	-0.16110227370091934	-2.4098684220374977e-05	2.4098684220374977e-05	0.00014956387252840268
967	-1.20948975813012	-1.2130713620379652	0.003581603907845121	0.003581603907845121	0.002961251952544275
968	0.7891360120553047	0.7924984011324909	-0.003362389077186223	0.003362389077186223	0.004260848606349722
969	0.5305157901420802	0.5339012351441852	-0.0033854450021050253	0.0033854450021050253	0.00638142175032783
970	1.1763265379021686	1.1766354989788397	-0.0003089610766711104	0.0003089610766711104	0.000262649074654138
971	-0.3704663954166218	-0.37076454613327314	0.0002981507166513464	0.0002981507166513464	0.0008047982768208974
972	-1.0471800932424289	-1.0473336351282114	0.0001535418857825377	0.0001535418857825377	0.0001466241449521059
973	0.3031483782044672	0.30334444929280835	-0.00019607108834113207	0.00019607108834113207	0.0006467825739410231
974	-0.1124442133533777	-0.11264371881480884	0.00019950546143113201	0.00019950546143113201	0.0017742617025933338
975	0.9240528628529084	0.9238045385586702	0.00024832429423826685	0.00024832429423826685	0.0002687338616879491
976	-1.152451420639691	-1.152477883081815	2.6462442124008945e-05	2.6462442124008945e-05	2.296187210157669e-05
977	0.6126440138225134	0.6132515834309515	-0.0006075696084381077	0.0006075696084381077	0.000991717204004419
978	-1.1826887607753849	-1.1829400071761142	0.0002512464007293769	0.0002512464007293769	0.00021243661820600774
979	0.1346770120092941	0.13454469755203036	0.00013231445726374913	0.00013231445726374913	0.00098245762427977
980	-0.3164345513166112	-0.31658462830108647	0.00015007698447527806	0.00015007698447527806	0.00047427496097010374
981	0.19303880071148719	0.19306228815452187	-2.3487443034680977e-05	2.3487443034680977e-05	0.00012167213507394789
982	1.1219295310038013	1.1219193701563768	1.0160847424556252e-05	1.0160847424556252e-05	9.056582560461923e-06
983	-0.24757320311412934	-0.2474338004958554	-0.00013940261827394274	0.00013940261827394274	0.0005630763609326459
984	0.8439748659498575	0.8439642570081674	1.0608941690137819e-05	1.0608941690137819e-05	1.2570210462604133e-05
985	0.22761365066086073	0.22773620662519534	-0.00012255596433460858	0.00012255596433460858	0.0005384385513732401
986	0.14877631604376948	0.1486082726529503	0.00016804339081918918	0.00016804339081918918	0.001129503642029632
987	-0.015651974694603304	-0.015397014465179382	-0.0002549602294239228	0.0002549602294239228	0.016289333096853997
988	-0.27571798699358935	-0.27540223937450037	-0.00031574761908897964	0.00031574761908897964	0.001145183245140699
989	-0.39992688476037347	-0.39994928710740396	2.2402347030492376e-05	2.2402347030492376e-05	5.6016106653883296e-05
990	0.1223027040367498	0.12183433223356133	0.00046837180318846927	0.00046837180318846927	0.003829611183802869
991	0.02508789032071221	0.024982929183181568	0.00010496113753064029	0.00010496113753064029	0.004183737101400904
992	0.03338435928304955	0.03329116031380863	9.319896924091936e-05	9.319896924091936e-05	0.002791695609633576
993	-0.22821726611419918	-0.22771492478312894	-0.000502341331070244	0.000502341331070244	0.002201153925044716
994	1.7069857222049762	1.7067545291382658	0.0002311930667104889	0.0002311930667104889	0.00013543936759579238
995	-0.4084048306176381	-0.4083589924306352	-4.5838187002877895e-05	4.5838187002877895e-05	0.00011223713229237755
996	-2.053537343004522	-2.053984940431519	0.0004475974269970706	0.0004475974269970706	0.00021796410399929357
997	-1.5500411632139373	-1.5493783905071723	-0.000662772706764958	0.000662772706764958	0.00042758393937792597
998	1.1373241929358542	1.1373190154273516	5.17750850259624e-06	5.17750850259624e-06	4.552359419376437e-06
999	1.4967983314367241	1.4963755239847387	0.0004228074519854186	0.0004228074519854186	0.00028247456127211245
1000	0.17376788194240475	0.17576601872804076	-0.001998136785636012	0.001998136785636012	0.011498884392791835
1001	-0.4852303821432219	-0.48645007140635244	0.0012196892631305412	0.0012196892631305412	0.002513629212052378
1002	0.26704251728160916	0.26899280695147354	-0.0019502896698643801	0.0019502896698643801	0.007303292710530084
1003	1.7425296691917882	1.7421125224359457	0.00041714675584247907	0.00041714675584247907	0.00023939147965036263
1004	-0.7453403569372727	-0.7451903615205424	-0.0001499954167303308	0.0001499954167303308	0.00020124419043494017
1005	-0.7172740330170598	-0.7167908549376989	-0.00048317807936093526	0.00048317807936093526	0.0006736310769937537
1006	-1.496551620602686	-1.496625213192715	7.35925900288148e-05	7.35925900288148e-05	4.917477554110552e-05
1007	-0.26438178156637193	-0.264542348659802	0.00016056709343004183	0.00016056709343004183	0.000607330401053872
1008	1.3144763881749313	1.3146567405115661	-0.00018035233663482586	0.00018035233663482586	0.00013720469858361918
1009	-0.554896331814389	-0.555029910117355	0.0001335783029660087	0.0001335783029660087	0.00024072659217125658
1010	0.40659524795287594	0.4068033351813938	-0.00020808722851783923	0.00020808722851783923	0.0005117797848487309
1011	-0.27586825681828536	-0.27563694332854993	-0.00023131348973542964	0.00023131348973542964	0.0008384925920918695
1012	1.7079235033578837	1.7077909845326644	0.00013251882521925218	0.00013251882521925218	7.759060927419286e-05
1013	3.108502179405719	3.1051504548216258	0.003351724584093052	0.003351724584093052	0.0010782442445428275
1014	-1.4142973896537996	-1.4143390397052258	4.165005142620082e-05	4.165005142620082e-05	2.9449288198429167e-05
1015	-0.12044967413545198	-0.12025411108140815	-0.0001955630540438208	0.0001955630540438208	0.0016236079960158288
1016	-1.3009441366664762	-1.3012578950011289	0.00031375833465263625	0.00031375833465263625	0.00024117740786057645
1017	1.6207910811894597	1.6208316967407654	-4.06155513057449e-05	4.06155513057449e-05	2.5059091068009902e-05
1018	-1.5515956668874922	-1.5518504635210206	0.0002547966335284535	0.0002547966335284535	0.0001642158707748757
1019	-1.6356815827845992	-1.6354159696305715	-0.0002656131540277329	0.0002656131540277329	0.0001623868342245137
1020	-0.5580248849032918	-0.5580131282556522	-1.1756647639638018e-05	1.1756647639638018e-05	2.1068321427413578e-05
1021	-0.0681329704506341	-0.07203962767476924	0.003906657224135135	0.003906657224135135	0.05733871865994324
1022	0.5570838315832454	0.5534782395386628	0.0036055920445825507	0.0036055920445825507	0.006472261157419294
1023	-2.6073052755241575	-2.6078564049072384	0.0005511293830808839	0.0005511293830808839	0.0002113789237702854
1024	1.1497905122932452	1.1497447096644464	4.5802628798830014e-05	4.5802628798830014e-05	3.983562945521019e-05
1025	0.3859151235507161	0.38613725710234803	-0.00022213355163192006	0.00022213355163192006	0.000575602089879558
1026	2.632973432187774	2.6332019758115166	-0.00022854362374280512	0.00022854362374280512	8.68005810270957e-05
1027	-0.6876600378453889	-0.6892101263176187	0.0015500884722298158	0.0015500884722298158	0.002254149415293393
1028	-0.5894165465866631	-0.5878195813764364	-0.0015969652102266751	0.0015969652102266751	0.002709400032073701
1029	-0.05880928798759892	-0.057076225708385664	-0.0017330622792132572	0.0017330622792132572	0.029469193362427835
1030	1.3319455079864553	1.3320458536085766	-0.00010034562212135612	0.00010034562212135612	7.533763319871232e-05
1031	-0.17200336415752362	-0.17191864902343923	-8.471513408439546e-05	8.471513408439546e-05	0.0004925202160977031
1032	-2.5356428424245303	-2.5353558311849156	-0.00028701123961472064	0.00028701123961472064	0.00011319072024366268
1033	-0.6950211562884393	-0.6966525335059259	0.0016313772174866292	0.0016313772174866292	0.002347233897452173
1034	0.317529800324789	0.31755391175636305	-2.4111431574047604e-05	2.4111431574047604e-05	7.593438962070631e-05
1035	0.21020428250821546	0.211871978443412	-0.0016676959351965281	0.0016676959351965281	0.007933691527580316
1036	-0.9544601299633544	-0.9544755589132592	1.5428949904805478e-05	1.5428949904805478e-05	1.6165106766060367e-05
1037	-0.1893558433045482	-0.18963036754371387	0.00027452423916568547	0.00027452423916568547	0.001449779602122749
1038	2.0690113452515004	2.0690178253701674	-6.480118666996049e-06	6.480118666996049e-06	3.1319879815392468e-06
1039	0.4997951768036458	0.500279226884004	-0.0004840500803581227	0.0004840500803581227	0.0009684969019784901
1040	-0.4895269138252106	-0.486998958685092	-0.002527955140118554	0.002527955140118554	0.005164077946940381
1041	-0.7032855722819567	-0.7029257545312362	-0.0003598177507204703	0.0003598177507204703	0.0005116239617328799
1042	-0.3842590800637691	-0.38440392143712643	0.0001448413733573517	0.0001448413733573517	0.0003769367618673182
1043	0.6036431605375462	0.6070059742100398	-0.003362813672493581	0.003362813672493581	0.005570863537158252
1044	0.012487674786957231	0.015862080992690153	-0.003374406205732922	0.003374406205732922	0.2702189369359078
1045	-0.21253934441955052	-0.21240031701807993	-0.00013902740147059278	0.00013902740147059278	0.0006541254836852893
1046	-0.11784103259647034	-0.11815374637080822	0.0003127137743378777	0.0003127137743378777	0.002653691735787152
1047	0.4522177174314207	0.45237510148155025	-0.0001573840501295498	0.0001573840501295498	0.00034802716493171737
1048	-2.82907403969379	-2.8289916041259744	-8.243556781550865e-05	8.243556781550865e-05	2.9138709930840556e-05
1049	1.128654567735638	1.1280031206837293	0.0006514470519087823	0.0006514470519087823	0.0005771890448427876
1050	-2.1657742120076895	-2.166039860838964	0.00026564883127466743	0.00026564883127466743	0.00012265767585643606
1051	1.515498106236651	1.515570611289263	-7.250505261202633e-05	7.250505261202633e-05	4.784239077148961e-05
1052	-0.03254212286114253	-0.033029011163421274	0.0004868883022787415	0.0004868883022787415	0.014961786738876789
1053	-0.5658403861522465	-0.5655350098408007	-0.0003053763114457819	0.0003053763114457819	0.0005396863124641241
1054	1.3185016101111042	1.3184938154111592	7.794699945051775e-06	7.794699945051775e-06	5.911786444003622e-06
1055	-1.0554784568432094	-1.0551214665355246	-0.000356990307684768	0.000356990307684768	0.00033822604845244953
1056	2.401062243851168	2.4015287435972255	-0.0004664997460572806	0.0004664997460572806	0.00019428890161091424
1057	0.5288816361145012	0.5293214779413802	-0.00043984182687895057	0.00043984182687895057	0.0008316451108234853
1058	-0.6861286865638427	-0.6853974699936316	-0.0007312165702111351	0.0007312165702111351	0.0010657134507421546
1059	-0.27866623155068937	-0.27828884533676046	-0.0003773862139289097	0.0003773862139289097	0.0013542588631169084
1060	-0.22204560222255065	-0.222225255605224	0.0001796533826733393	0.0001796533826733393	0.000809083273323636
1061	0.4714956320844106	0.47151766454334165	-2.203245893106498e-05	2.203245893106498e-05	4.672887176846756e-05
1062	-0.12263790316740407	-0.12202217686763106	-0.000615726299773009	0.000615726299773009	0.005020685154185373
1063	-0.031848804595470875	-0.03193489134645233	8.608675098145668e-05	8.608675098145668e-05	0.0027029821707562243
1064	-0.07797673028723022	-0.0782225631112965	0.00024583282406627494	0.00024583282406627494	0.003152643399649363
1065	0.7289579290617033	0.729057621278173	-9.969221646966009e-05	9.969221646966009e-05	0.00013675990409759513
1066	-0.2571705156818459	-0.25643146830134356	-0.0007390473805023445	0.0007390473805023445	0.00287376404150717
1067	-0.5824812646778753	-0.5823600561285502	-0.00012120854932506919	0.00012120854932506919	0.00020809003941457265
1068	-0.32414784842724775	-0.3233626392997735	-0.0007852091274742623	0.0007852091274742623	0.002422379575505638
1069	-0.10573298008461468	-0.10546441387049299	-0.00026856621412169046	0.00026856621412169046	0.0025400420370897104
1070	-0.19883501613555657	-0.19910393319122477	0.0002689170556681997	0.0002689170556681997	0.001352463267761974
1071	-0.0804830100905291	-0.08042709497857459	-5.5915111954518704e-05	5.5915111954518704e-05	0.0006947442931324776
1072	0.3302516037102562	0.3299076285969704	0.000343975113285766	0.000343975113285766	0.0010415547098676621
1073	0.7682646305869982	0.7689337949585706	-0.0006691643715723838	0.0006691643715723838	0.0008710076514404989
1074	0.4784972694117643	0.4789360179131563	-0.0004387485013920278	0.0004387485013920278	0.0009169300003141058
1075	-0.6921707388355417	-0.6915485730303317	-0.0006221658052100176	0.0006221658052100176	0.0008988617552032099
1076	0.7785046081764169	0.7788821780323474	-0.0003775698559305152	0.0003775698559305152	0.00048499373281160347
1077	0.10023375929820018	0.10026758179293438	-3.382249473420085e-05	3.382249473420085e-05	0.00033743615894498504
1078	0.3887661827929036	0.38867934878794586	8.683400495773652e-05	8.683400495773652e-05	0.00022335791743489464
1079	-0.47313429149990194	-0.473232206246621	9.79147467190522e-05	9.79147467190522e-05	0.00020694916533876408
1080	-0.32970619020865216	-0.32981566226197856	0.0001094720533263982	0.0001094720533263982	0.0003320291113039752
1081	0.47713203482085675	0.47708486521713667	4.7169603720087494e-05	4.7169603720087494e-05	9.886069322047873e-05
1082	0.016828032020934514	0.016566779471816062	0.0002612525491184521	0.0002612525491184521	0.015524842643123513
1083	0.4684567170551414	0.4688521920002131	-0.00039547494507169434	0.00039547494507169434	0.0008442080787266062
1084	-1.5733587203219448	-1.573477377903032	0.00011865758108720037	0.00011865758108720037	7.541673717162246e-05
1085	0.8309120800431681	0.8307222790975288	0.00018980094563925132	0.00018980094563925132	0.0002284248239950858
1086	0.8772500849728436	0.8778760982650624	-0.0006260132922187855	0.0006260132922187855	0.0007136086994373612
1087	0.5859169188705393	0.5859362791014178	-1.936023087845129e-05	1.936023087845129e-05	3.304262132551426e-05
1088	0.5737491343067258	0.5733369637255237	0.00041217058120213146	0.00041217058120213146	0.0007183811818734447
1089	-0.36328190013836004	-0.3633714439956748	8.954385731474446e-05	8.954385731474446e-05	0.0002464858757913363
1090	1.3010140265815988	1.3005496665385863	0.000464360043012535	0.000464360043012535	0.0003569216269194547
1091	-1.4535307872646075	-1.4532601693346692	-0.00027061792993832157	0.00027061792993832157	0.00018617970276886678
1092	-0.7790713686215915	-0.7791493966919916	7.80280704000269e-05	7.80280704000269e-05	0.00010015522780420197
1093	-1.1001675611415496	-1.100023612060852	-0.00014394908069759182	0.00014394908069759182	0.00013084286956091326
1094	0.5986350122983052	0.5988082080747859	-0.00017319577648067241	0.00017319577648067241	0.0002893178195771273
1095	0.13864296224735875	0.13753534673810464	0.0011076155092541173	0.0011076155092541173	0.007988977523994141
1096	0.9903070625305558	0.990309746853768	-2.684323212265305e-06	2.684323212265305e-06	2.710596858115894e-06
1097	0.03252987097115931	0.032309087984572216	0.0002207829865870925	0.0002207829865870925	0.006787084608569051
1098	0.36048069263667076	0.36015818958645696	0.0003225030502138071	0.0003225030502138071	0.0008946472218939576
1099	0.07423107803365026	0.0744447794929215	-0.00021370145927124273	0.00021370145927124273	0.002878867786001546
1100	-0.1255994829425227	-0.1257800796068409	0.00018059666431818888	0.00018059666431818888	0.001437877450505383
1101	0.07946851066325641	0.07913041473273097	0.00033809593052544495	0.00033809593052544495	0.004254464160755553
1102	0.22133462729914344	0.22113602617679362	0.00019860112234981742	0.00019860112234981742	0.0008972889817253913
1103	0.9541843813802273	0.9540034975117351	0.00018088386849224314	0.00018088386849224314	0.00018956909379568202
1104	-0.184316023536524	-0.1844481138917331	0.0001320903552091135	0.0001320903552091135	0.0007166515025371005
1105	-0.05568189072211614	-0.05563230364202809	-4.9587080088051017e-05	4.9587080088051017e-05	0.0008905423189653949
1106	-0.9288320164913728	-0.9286439177387251	-0.00018809875264769182	0.00018809875264769182	0.00020251105615224981
1107	-0.3664705315111296	-0.36679064017164364	0.000320108660514018	0.000320108660514018	0.0008734908621276043
1108	0.3956202844522439	0.3958064344971035	-0.00018615004485961206	0.00018615004485961206	0.00047052704872639715
1109	0.27536357956867913	0.27577995350469564	-0.00041637393601651196	0.00041637393601651196	0.0015120878972764192
1110	0.18903226453852678	0.18872994559870904	0.00030231893981774727	0.00030231893981774727	0.001599298091020496
1111	0.6062118972409206	0.6026938660852466	0.0035180311556740618	0.0035180311556740618	0.0058033027258056705
1112	-0.2228460738953179	-0.2189600726509866	-0.0038860012443313052	0.0038860012443313052	0.01743805119114083
1113	0.2663017927816762	0.26631944961508225	-1.7656833406043404e-05	1.7656833406043404e-05	6.630384730649978e-05
1114	-0.4632124244374282	-0.4580053992953026	-0.005207025142125621	0.005207025142125621	0.011241117179552246
1115	0.018904064154019164	0.01926594665491166	-0.000361882500892495	0.000361882500892495	0.019143105839257095
1116	-0.5390041261929845	-0.5357772947149897	-0.0032268314779948515	0.0032268314779948515	0.005986654500747773
1117	-0.6402924814426433	-0.6400581784404835	-0.00023430300215976363	0.00023430300215976363	0.0003659312094870385
1118	0.030145238921717842	0.03168744899539888	-0.0015422100736810392	0.0015422100736810392	0.0511593249496513
1119	0.32535420367497403	0.3270780880271218	-0.0017238843521477643	0.0017238843521477643	0.005298484951710996
1120	1.7875659764792389	1.7871036638581472	0.00046231262109164284	0.00046231262109164284	0.00025862688548268655
1121	0.9817453464660395	0.9818586629677384	-0.00011331650169887908	0.00011331650169887908	0.00011542351803019106
1122	-0.3421711367378076	-0.342220051912534	4.891517472643825e-05	4.891517472643825e-05	0.00014295529188342978
1123	-0.5586374836047643	-0.5587769201511605	0.00013943654639625436	0.00013943654639625436	0.00024960112861833247
1124	-0.9530205201188204	-0.9531559922208999	0.00013547210207942584	0.00013547210207942584	0.00014215024673606763
1125	0.10412357154431118	0.10401710899543559	0.00010646254887558548	0.00010646254887558548	0.001022463475816126
1126	-1.2334982201521965	-1.2332807722259531	-0.00021744792624334153	0.00021744792624334153	0.00017628556141452032
1127	0.0579891322464634	0.05794067060804764	4.84616384157574e-05	4.84616384157574e-05	0.0008357020796549848
1128	0.1654391597691074	0.1653981076330524	4.105213605498648e-05	4.105213605498648e-05	0.0002481403805016917
1129	0.4534148392756199	0.45362400278037285	-0.00020916350475297385	0.00020916350475297385	0.0004613071444400355
1130	0.7057154602772557	0.706213120778898	-0.0004976605016422386	0.0004976605016422386	0.0007051857719635642
1131	-0.7784497026317782	-0.7786510328315899	0.0002013301998117223	0.0002013301998117223	0.0002586296829853828
1132	0.18808280862710738	0.18799876955455375	8.403907255363774e-05	8.403907255363774e-05	0.0004468195321362594
1133	0.12323283667809573	0.1226871326380774	0.00054570404001833	0.00054570404001833	0.0044282356450480636
1134	0.963633220548831	0.9635271687713498	0.00010605177748124195	0.00010605177748124195	0.00011005409031129173
1135	-0.5967867847531121	-0.5969372660246108	0.00015048127149874801	0.00015048127149874801	0.0002521524861865053
1136	-0.8324493747444688	-0.8325813195853016	0.00013194484083278724	0.00013194484083278724	0.00015850193998078192
1137	-0.05026606493015792	-0.05015340317982009	-0.00011266175033783354	0.00011266175033783354	0.0022413083358399184
1138	0.5053946533537553	0.5060529869993502	-0.0006583336455948663	0.0006583336455948663	0.0013026130000114188
1139	-0.8560257520576405	-0.8557133816040619	-0.0003123704535786809	0.0003123704535786809	0.0003649077762296658
1140	-0.5459554008383818	-0.5456434481274641	-0.0003119527109176623	0.0003119527109176623	0.0005713886343804283
1141	-0.5927425804526036	-0.5929026201982879	0.0001600397456842373	0.0001600397456842373	0.00026999873294413044
1142	-0.23588519217251827	-0.2357912198789336	-9.397229358468207e-05	9.397229358468207e-05	0.0003983814868546474
1143	0.4921197571205496	0.49187560828301	0.0002441488375395928	0.0002441488375395928	0.0004961167155087134
1144	0.05769315797734365	0.05767084122965116	2.2316747692492644e-05	2.2316747692492644e-05	0.0003868179256413131
1145	0.8652209626404155	0.86519708034416	2.3882296255495206e-05	2.3882296255495206e-05	2.760254002932734e-05
1146	0.15275217353564485	0.15283695385903684	-8.478032339198638e-05	8.478032339198638e-05	0.0005550187694854817
1147	1.0776502003853057	1.0783384824222253	-0.0006882820369196185	0.0006882820369196185	0.000638687801174749
1148	-0.5244016945091647	-0.523430027840277	-0.0009716666688877051	0.0009716666688877051	0.0018529052805543972
1149	-0.41123254264391684	-0.41392590211586366	0.0026933594719468212	0.0026933594719468212	0.006549480385551542
1150	-0.6364408288895479	-0.636336659120218	-0.00010416976932992039	0.00010416976932992039	0.00016367549755045443
1151	0.3420636897674269	0.3420667136708744	-3.0239034474743853e-06	3.0239034474743853e-06	8.840176662803271e-06
1152	0.09481082057375281	0.09485553629673404	-4.4715722981231165e-05	4.4715722981231165e-05	0.0004716310091045679
1153	-0.016340090082790193	-0.016146112379544775	-0.0001939777032454182	0.0001939777032454182	0.011871275021287707
1154	0.18574072034253264	0.1854286550155848	0.0003120653269478302	0.0003120653269478302	0.0016801126127449961
1155	0.3978193166091442	0.3977461619086853	7.31547004589328e-05	7.31547004589328e-05	0.00018388926179471315
1156	-1.3151995961856153	-1.3152411556376364	4.1559452021111554e-05	4.1559452021111554e-05	3.1599349742536134e-05
1157	0.23698477459472117	0.2372087737256834	-0.0002239991309622158	0.0002239991309622158	0.0009452047345458681
1158	2.006051545399743	2.0061677511620246	-0.00011620576228166257	0.00011620576228166257	5.792760537392195e-05
1159	1.5527214934784843	1.5530184748868692	-0.00029698140838485543	0.00029698140838485543	0.0001912650849699664
1160	-0.2918751542667018	-0.2922185756659701	0.0003434213992682955	0.0003434213992682955	0.001176603743922969
1161	-1.7347173326531227	-1.7351642602037032	0.0004469275505805115	0.0004469275505805115	0.0002576371044249432
1162	-0.05654881431058695	-0.05679019653115347	0.0002413822205665217	0.0002413822205665217	0.004268563779971787
1163	0.09702132770133944	0.0974782467295654	-0.0004569190282259633	0.0004569190282259633	0.00470946995935261
1164	-0.42140070480607983	-0.4214970839200305	9.637911395066201e-05	9.637911395066201e-05	0.00022871132594572604
1165	-0.7680061074016388	-0.7676424289684292	-0.00036367843320961324	0.00036367843320961324	0.00047353586085406335
1166	0.1503233723773151	0.15042983327617776	-0.00010646089886265364	0.00010646089886265364	0.0007082125499116289
1167	-1.0156305551530076	-1.0165209624872773	0.000890407334269705	0.000890407334269705	0.0008767039645981925
1168	-0.9441579020531131	-0.9457691297285464	0.0016112276754333132	0.0016112276754333132	0.0017065235295172846
1169	-0.1394766597515855	-0.13765161131118475	-0.0018250484404007394	0.0018250484404007394	0.013084973813190227
1170	1.4557840644599942	1.4574118095183053	-0.001627745058311092	0.001627745058311092	0.0011181225966468348
1171	1.8415866284378417	1.8415597725081057	2.6855929736058215e-05	2.6855929736058215e-05	1.4583039060638288e-05
1172	-0.002205585790994889	-0.002106282437353002	-9.930335364188685e-05	9.930335364188685e-05	0.045023573350594266
1173	-0.2321887935526795	-0.23240678098801482	0.00021798743533532616	0.00021798743533532616	0.0009388370213735948
1174	-1.0487946119484601	-1.0492231030880816	0.00042849113962151186	0.00042849113962151186	0.00040855581706837445
1175	-3.3586572483704673	-3.358980141499046	0.00032289312857880503	0.00032289312857880503	9.613756471740734e-05
1176	0.9514678016187679	0.9513641263509953	0.00010367526777255165	0.00010367526777255165	0.00010896350627542522
1177	0.4338208331011995	0.4338600626354605	-3.922953426099829e-05	3.922953426099829e-05	9.042796303848096e-05
1178	2.5260646160499363	2.5261503758358117	-8.575978587543887e-05	8.575978587543887e-05	3.394995730930405e-05
1179	0.6115074331938708	0.6095742676706095	0.001933165523261282	0.001933165523261282	0.0031613115692878196
1180	0.3370943783148481	0.33706703664648785	2.7341668360270077e-05	2.7341668360270077e-05	8.11098319021292e-05
1181	0.5059490691217765	0.5056765923043827	0.0002724768173938408	0.0002724768173938408	0.0005385459407343203
1182	-1.3598723805149917	-1.3599675097637487	9.512924875698658e-05	9.512924875698658e-05	6.995454141142317e-05
1183	0.04934136787034229	0.04895383747083315	0.0003875303995091381	0.0003875303995091381	0.007854066805109222
1184	-0.14576972158254758	-0.14615549351759682	0.00038577193504923946	0.00038577193504923946	0.002646447635771751
1185	0.3414774252005622	0.3411136200099918	0.0003638051905703876	0.0003638051905703876	0.0010653857728858988
1186	-0.7887913613757075	-0.7886544293640441	-0.0001369320116634265	0.0001369320116634265	0.0001735972506400266
1187	0.21468075360237432	0.2145208355202044	0.00015991808216991865	0.00015991808216991865	0.0007449111272737306
1188	-0.40069102385475347	-0.4005087375844596	-0.00018228627029387434	0.00018228627029387434	0.0004549297574481012
1189	0.4771854485692486	0.47726813907900123	-8.269050975262537e-05	8.269050975262537e-05	0.00017328799526590221
1190	-0.19272287995013782	-0.19258531427368553	-0.00013756567645228923	0.00013756567645228923	0.0007138004397188382
1191	-0.1572824520390647	-0.1574963482369185	0.0002138961978537801	0.0002138961978537801	0.0013599495371591362
1192	0.828029770898489	0.8287516973695119	-0.0007219264710229822	0.0007219264710229822	0.0008718605253040905
1193	0.1696470902079763	0.1703860160091608	-0.000738925801184509	0.000738925801184509	0.004355664457778993
1194	0.7897151473699051	0.7901859800156785	-0.00047083264577341133	0.00047083264577341133	0.000596205666488086
1195	-0.31497588099321416	-0.3149131477186984	-6.273327451578048e-05	6.273327451578048e-05	0.00019916850241981544
1196	-0.49793735713140386	-0.4974831056614448	-0.00045425146995903276	0.00045425146995903276	0.0009122662990701407
1197	-0.6582226489483564	-0.6582011004780952	-2.1548470261145702e-05	2.1548470261145702e-05	3.273735763358149e-05
1198	-0.3867857159405071	-0.38701612194103063	0.000230406000523542	0.000230406000523542	0.000595694181630486
1199	0.19113435021682607	0.1915004049806157	-0.0003660547637896472	0.0003660547637896472	0.0019151699491712945
1200	-0.3166620534047422	-0.3167734625932894	0.00011140918854724013	0.00011140918854724013	0.00035182361558441067
1201	1.4390299985246453	1.4394097914447457	-0.0003797929201003747	0.0003797929201003747	0.00026392286504781315
1202	1.2359007587749353	1.2358172128728029	8.35459021324425e-05	8.35459021324425e-05	6.759919964387424e-05
1203	0.8197083140958641	0.8200223589511779	-0.0003140448553138331	0.0003140448553138331	0.0003831178114378694
1204	-0.7575968791220177	-0.757506155693477	-9.072342854066218e-05	9.072342854066218e-05	0.00011975158694661197
1205	-0.7071903698026204	-0.7073645450645927	0.00017417526197227584	0.00017417526197227584	0.0002462919030145855
1206	-0.4884215777459322	-0.48846140522584847	3.9827479916265673e-05	3.9827479916265673e-05	8.154324405582095e-05
1207	-0.6143022318695415	-0.6143167365451063	1.4504675564852576e-05	1.4504675564852576e-05	2.361162765225459e-05
1208	-0.24668870312631191	-0.24657004224337697	-0.00011866088293494004	0.00011866088293494004	0.000481014661113939
1209	-0.5922946557846236	-0.5922124285433483	-8.222724127526782e-05	8.222724127526782e-05	0.00013882826811317396
1210	0.7496406812269077	0.7489849238666579	0.000655757360249809	0.000655757360249809	0.0008747622383253753
1211	-0.572470662456229	-0.573680399845955	0.0012097373897259622	0.0012097373897259622	0.002113186699446731
1212	-2.307349141627381	-2.3070181052133876	-0.00033103641399323536	0.00033103641399323536	0.00014347044754559957
1213	-1.22801458070503	-1.2283267689738864	0.00031218826885637263	0.00031218826885637263	0.00025422195612460766
1214	0.05871925852729365	0.05868956435506334	2.9694172230310123e-05	2.9694172230310123e-05	0.0005056973295483252
1215	2.418736246529078	2.4191716165589128	-0.00043537002983473627	0.00043537002983473627	0.0001799989686595629
1216	0.5068992612937826	0.5074147566546117	-0.0005154953608290658	0.0005154953608290658	0.00101695820095169
1217	0.3019062431761552	0.30160369434639733	0.0003025488297578871	0.0003025488297578871	0.001002128430916074
1218	-0.2265489798794284	-0.22623274034572205	-0.0003162395337063528	0.0003162395337063528	0.0013958991732148105
1219	0.8680444551269899	0.8683090961199014	-0.00026464099291145793	0.00026464099291145793	0.0003048703224223032
1220	0.7715733983786068	0.7720574566860705	-0.00048405830746367506	0.00048405830746367506	0.0006273652104658879
1221	-0.030996082278590506	-0.03165911165581292	0.0006630293772224155	0.0006630293772224155	0.021390747748801165
1222	-0.22242298221699644	-0.22247694884214297	5.3966625146534275e-05	5.3966625146534275e-05	0.0002426306158141711
1223	-0.10638440402452715	-0.1062241344271797	-0.00016026959734743995	0.00016026959734743995	0.0015065140310462186
1224	0.45876794443281627	0.4582308910485722	0.0005370533842440905	0.0005370533842440905	0.0011706427852278564
1225	-0.7331448971396581	-0.7330801675990983	-6.472954055980473e-05	6.472954055980473e-05	8.82902422322586e-05
1226	-0.5654441098695353	-0.5656072654574018	0.00016315558786650364	0.00016315558786650364	0.00028854414612993043
1227	-0.19735333743045785	-0.1971716938840018	-0.00018164354645605618	0.00018164354645605618	0.0009203976422241281
1228	-0.3982050165989358	-0.39842056166605744	0.00021554506712162524	0.00021554506712162524	0.0005412916918088904
1229	-1.013713085665098	-1.013600462016484	-0.00011262364861397423	0.00011262364861397423	0.000111100123108386
1230	-2.1209710775551756	-2.120548942158962	-0.00042213539621371865	0.00042213539621371865	0.00019902930345486387
1231	0.17945802380244125	0.17914493417947597	0.0003130896229652791	0.0003130896229652791	0.001744639868039269
1232	-0.3663517024631215	-0.3664925418078724	0.0001408393447508982	0.0001408393447508982	0.0003844375331245409
1233	1.2171898885491248	1.2173790675333862	-0.00018917898426140667	0.00018917898426140667	0.00015542273727471204
1234	0.35796440059740986	0.35785265102106223	0.00011174957634763061	0.00011174957634763061	0.0003121806977485213
1235	1.4576843051307236	1.4575591388137354	0.00012516631698811231	0.00012516631698811231	8.586654637602586e-05
1236	0.6877325336795177	0.6876491063678714	8.342731164634465e-05	8.342731164634465e-05	0.00012130778690952789
1237	-0.4483721053268532	-0.4486853314489281	0.0003132261220749055	0.0003132261220749055	0.0006985852115991264
1238	0.9922905790357529	0.9923512996934392	-6.07206576862529e-05	6.07206576862529e-05	6.119241577931487e-05
1239	-1.1669365025602485	-1.1635008452159923	-0.0034356573442562155	0.0034356573442562155	0.0029441682017131293
1240	0.34406830000259725	0.34286739423095014	0.0012009057716471094	0.0012009057716471094	0.003490312160806573
1241	-0.06197831729875257	-0.06042538259265484	-0.0015529347060977278	0.0015529347060977278	0.02505609661217736
1242	0.7150921653443156	0.7133203856568571	0.0017717796874585634	0.0017717796874585634	0.002477694167723757
1243	0.18592144295654295	0.1858113901391789	0.00011005281736403694	0.00011005281736403694	0.0005919318160076917
1244	-0.5465880152011325	-0.5466738293762319	8.58141750993413e-05	8.58141750993413e-05	0.000156999737851485
1245	0.17100345875584944	0.1708369636830298	0.00016649507281962794	0.00016649507281962794	0.0009736357032248199
1246	-1.5246568713383308	-1.5246935540744744	3.6682736143545114e-05	3.6682736143545114e-05	2.4059666691657197e-05
1247	2.4971143049694904	2.4974484376016903	-0.00033413263219994604	0.00033413263219994604	0.00013380750393964384
1248	0.3361687703984535	0.336496172643308	-0.0003274022448545022	0.0003274022448545022	0.0009739222488348322
1249	1.5656025776662832	1.5656795824412484	-7.700477496519476e-05	7.700477496519476e-05	4.9185391020484605e-05
1250	-1.5970845565494665	-1.5969361623504597	-0.00014839419900680717	0.00014839419900680717	9.291568088756417e-05
1251	0.6489805902020008	0.6486158233940387	0.000364766807962158	0.000364766807962158	0.0005620611979298506
1252	-0.07807407466584688	-0.07835117755661258	0.0002771028907656986	0.0002771028907656986	0.0035492305474216
1253	-1.1773861545510558	-1.177421650965016	3.549641396016767e-05	3.549641396016767e-05	3.0148489366008098e-05
1254	-0.9159718873350547	-0.9158941926372677	-7.769469778706739e-05	7.769469778706739e-05	8.482214231826891e-05
1255	-1.3097844326310686	-1.3100684559717024	0.00028402334063382106	0.00028402334063382106	0.00021684739378317446
1256	0.5845225697971651	0.5846656935588612	-0.00014312376169611785	0.00014312376169611785	0.0002448558346443032
1257	-0.21190576122332322	-0.2122751365547515	0.00036937533142827883	0.00036937533142827883	0.0017431113212585173
1258	0.7204473309414823	0.7207677604625928	-0.00032042952111055456	0.00032042952111055456	0.0004447646723762811
1259	-0.7547359070591937	-0.7547413892297072	5.482170513548823e-06	5.482170513548823e-06	7.2636937798679004e-06
1260	-0.29988059293523656	-0.3015489233959556	0.0016683304607190697	0.0016683304607190697	0.005563315866456784
1261	0.4429954029351926	0.4424957136706098	0.00049968926458277	0.00049968926458277	0.0011279784423764581
1262	-0.3584257474608394	-0.3620622926092665	0.003636545148427095	0.003636545148427095	0.010145881466912234
1263	0.34974378823108226	0.35006278107374555	-0.0003189928426632904	0.0003189928426632904	0.0009120757920438772
1264	1.2707325836756507	1.2706921171456997	4.046652995093325e-05	4.046652995093325e-05	3.184503999565511e-05
1265	0.7608849257189467	0.7617219926174812	-0.0008370668985344665	0.0008370668985344665	0.001100122857268511
1266	-0.7553562723888055	-0.7554613407450006	0.00010506835619505939	0.00010506835619505939	0.00013909774769299514
1267	-1.577518737990982	-1.577537348161684	1.861017070181603e-05	1.861017070181603e-05	1.1797115465973258e-05
1268	-0.6887111523768789	-0.6884331851253478	-0.00027796725153106383	0.00027796725153106383	0.0004036049809441065
1269	0.5722349809923383	0.5721935178044646	4.146318787368042e-05	4.146318787368042e-05	7.245832437887186e-05
1270	0.40397309217075306	0.4042728520872174	-0.0002997599164643594	0.0002997599164643594	0.0007420294130324294
1271	-0.06491059300748668	-0.06454096401142806	-0.0003696289960586213	0.0003696289960586213	0.005694432586927513
1272	-0.020392853830413962	-0.020547481909716225	0.00015462807930226308	0.00015462807930226308	0.007582463964491831
1273	-1.7683551221459897	-1.7686453333567442	0.00029021121075456513	0.00029021121075456513	0.0001641136483956791
1274	1.9920574336587504	1.9914887006322601	0.0005687330264902979	0.0005687330264902979	0.00028550031584467095
1275	0.7885227480645012	0.788192956449052	0.0003297916154492153	0.0003297916154492153	0.0004182398240998348
1276	1.7557706553581036	1.7552360521975174	0.0005346031605861779	0.0005346031605861779	0.0003044834807750795
1277	-0.209184289814262	-0.20711347775659306	-0.0020708120576689304	0.0020708120576689304	0.00989946261981546
1278	-0.7687663260261544	-0.7672244994552102	-0.0015418265709441492	0.0015418265709441492	0.002005585466931202
1279	0.2733536284003274	0.2731713511110456	0.00018227728928177367	0.00018227728928177367	0.0006668186200727064
1280	-1.6468539909611128	-1.6451247607420783	-0.0017292302190345943	0.0017292302190345943	0.0010500203591366386
1281	-0.10015794638472902	-0.09979943823168469	-0.0003585081530443346	0.0003585081530443346	0.003579427953396975
1282	1.4998693292779322	1.5000480967515273	-0.00017876747359513168	0.00017876747359513168	0.00011918869871230316
1283	1.0227408524699175	1.023228908032081	-0.0004880555621635807	0.0004880555621635807	0.00047720354670973325
1284	0.02772151220338191	0.027642381191128607	7.913101225330219e-05	7.913101225330219e-05	0.0028544984008357427
1285	-0.4119832904793426	-0.4126546403711018	0.0006713498917591543	0.0006713498917591543	0.0016295561185941268
1286	-0.8154536530830802	-0.8154431934244144	-1.045965866575127e-05	1.045965866575127e-05	1.282679723881943e-05
1287	0.17352264133753054	0.17322732986713163	0.0002953114703989068	0.0002953114703989068	0.0017018613140199765
1288	-1.098047926197669	-1.097882218132895	-0.0001657080647738951	0.0001657080647738951	0.00015091150469880726
1289	-0.19535948325034674	-0.19348113394812572	-0.0018783493022210274	0.0018783493022210274	0.009614835537899047
1290	-0.07358737126937888	-0.07386815910592759	0.00028078783654870987	0.00028078783654870987	0.003815706848948837
1291	0.3395142666409247	0.339342215390559	0.00017205125036573454	0.00017205125036573454	0.0005067570563910896
1292	0.3302389557799917	0.32988500385755515	0.00035395192243653506	0.00035395192243653506	0.001071805479763996
1293	-1.0543383200451806	-1.0536340724840443	-0.0007042475611362953	0.0007042475611362953	0.0006679521627423318
1294	0.4486259071452665	0.4486039571958145	2.1949949452038098e-05	2.1949949452038098e-05	4.892706618686342e-05
1295	0.2669281879604436	0.26710696869258754	-0.00017878073214394608	0.00017878073214394608	0.000669770897970655
1296	0.25674373955741225	0.25681214970774136	-6.841015032910125e-05	6.841015032910125e-05	0.00026645304164779284
1297	-0.7486393816865132	-0.748587932122291	-5.14495642222057e-05	5.14495642222057e-05	6.872409531315545e-05
1298	-0.40492194874618725	-0.4049773344405594	5.538569437213425e-05	5.538569437213425e-05	0.00013678116126733119
1299	0.34525549061670036	0.3450312614035056	0.00022422921319475986	0.00022422921319475986	0.0006494587900520812
1300	-0.45941420070816336	-0.45939288612828477	-2.1314579878584095e-05	2.1314579878584095e-05	4.639512632767721e-05
1301	1.425846427023329	1.4262327278800058	-0.0003863008566766801	0.0003863008566766801	0.00027092739397127207
1302	-0.3618591615418801	-0.36192329991990846	6.413837802837774e-05	6.413837802837774e-05	0.00017724679887911205
1303	0.3683788489097566	0.3663205566937222	0.002058292216034374	0.002058292216034374	0.005587433214816856
1304	-0.8846647752550914	-0.8866529974795867	0.0019882222244953507	0.0019882222244953507	0.002247430077593008
1305	0.14121427587511765	0.14295222052140844	-0.00173794464629079	0.00173794464629079	0.012307145545452751
1306	-0.08276190399855199	-0.08317871069607463	0.00041680669752264254	0.00041680669752264254	0.005036214458405102
1307	-0.3613661538909663	-0.3610471402950566	-0.0003190135959097451	0.0003190135959097451	0.0008827987692671403
1308	0.06396902766006789	0.0644475056432725	-0.00047847798320461987	0.00047847798320461987	0.007479838301548948
1309	-0.09885390438145217	-0.10265695227928973	0.003803047897837558	0.003803047897837558	0.03847139798507664
1310	0.6172993248521684	0.6130685768752642	0.004230747976904259	0.004230747976904259	0.0068536410240160935
1311	0.06978802596657077	0.07334632699951271	-0.0035583010329419407	0.0035583010329419407	0.05098727157931657
1312	0.04859421795829967	0.04857356883292141	2.0649125378260913e-05	2.0649125378260913e-05	0.0004249296777649683
1313	-0.19213084672359843	-0.19226470557498487	0.00013385885138644804	0.00013385885138644804	0.0006967067166420126
1314	0.05671674952312309	0.05673972567876717	-2.2976155644081897e-05	2.2976155644081897e-05	0.0004051035335640074
1315	0.24152928122524497	0.24174525076148257	-0.0002159695362375924	0.0002159695362375924	0.0008941753775857259
1316	-0.29167001490165945	-0.2914724589189177	-0.00019755598274173725	0.00019755598274173725	0.0006773270224858252
1317	0.018867637956272276	0.018588003378283702	0.0002796345779885745	0.0002796345779885745	0.014820857737288412
1318	0.43142022155342596	0.43204695123222336	-0.0006267296787973997	0.0006267296787973997	0.0014527128017799396
1319	-2.097409830651076	-2.097723373118754	0.00031354246767811844	0.00031354246767811844	0.00014949032044003955
1320	0.6758642699065022	0.6757642736090475	9.999629745471861e-05	9.999629745471861e-05	0.00014795322360886443
1321	0.38946327899325645	0.38962959982313805	-0.00016632082988160546	0.00016632082988160546	0.0004270513777615612
1322	2.4161570856665984	2.4159212197787383	0.00023586588786006502	0.00023586588786006502	9.762026205137714e-05
1323	-0.37117565056656726	-0.3712529777999407	7.73272333734476e-05	7.73272333734476e-05	0.00020833056601480814
1324	-0.7249319763417703	-0.7249146187433553	-1.735759841503537e-05	1.735759841503537e-05	2.3943761596263347e-05
1325	-0.5237076320562355	-0.5237654443774886	5.781232125312563e-05	5.781232125312563e-05	0.00011039045015658234
1326	-0.3026964480252869	-0.3025794755444622	-0.00011697248082470635	0.00011697248082470635	0.0003864349303990994
1327	0.3129022856881865	0.3131257326032255	-0.00022344691503900505	0.00022344691503900505	0.0007141108430945577
1328	0.7209875880545719	0.7209941964134714	-6.6083588995402565e-06	6.6083588995402565e-06	9.165704110623423e-06
1329	-1.8299054800872194	-1.8301511106031398	0.0002456305159204142	0.0002456305159204142	0.00013423125871436082
1330	0.9702511961661953	0.9704283149361004	-0.00017711876990511577	0.00017711876990511577	0.000182549396079051
1331	-0.8175996538722052	-0.8174297123915153	-0.00016994148068993908	0.00016994148068993908	0.0002078541495034705
1332	1.0963250801065767	1.0961032497220913	0.00022183038448542192	0.00022183038448542192	0.00020233997060785765
1333	-1.2182578134728184	-1.2178239342830466	-0.00043387918977177975	0.00043387918977177975	0.00035614726618082994
1334	-0.10614538598114581	-0.10626690403370276	0.00012151805255694592	0.00012151805255694592	0.0011448265172687836
1335	0.6904387127984557	0.6903223770322597	0.00011633576619596298	0.00011633576619596298	0.00016849542767443613
1336	1.4059757550676086	1.4055995917203745	0.00037616334723411526	0.00037616334723411526	0.000267546112284153
1337	0.8299065874335864	0.8294904779617696	0.0004161094718168057	0.0004161094718168057	0.0005013931424542465
1338	0.37399799002011735	0.3734062607847477	0.0005917292353696535	0.0005917292353696535	0.0015821722339679537
1339	-1.4819543132184458	-1.4821505747519836	0.0001962615335378004	0.0001962615335378004	0.00013243426722890525
1340	0.2886294416680277	0.28843703120884356	0.00019241045918411137	0.00019241045918411137	0.0006666349006953203
1341	-0.07194317079556134	-0.07174620075289795	-0.00019697004266339135	0.00019697004266339135	0.0027378560117000536
1342	0.20929461962915372	0.2096905935218274	-0.0003959738926736789	0.0003959738926736789	0.0018919449213520138
1343	-0.8492760369141246	-0.8494878219309498	0.00021178501682528328	0.00021178501682528328	0.0002493712381133605
1344	-0.4929658007718607	-0.49299478479269965	2.8984020838951352e-05	2.8984020838951352e-05	5.87951959214405e-05
1345	0.6954379971366272	0.6953733860370903	6.461109953692645e-05	6.461109953692645e-05	9.290705972776006e-05
1346	-1.3926543619510745	-1.392754810659369	0.00010044870829450936	0.00010044870829450936	7.212752211811062e-05
1347	-1.5611106198677056	-1.560867497367724	-0.0002431224999817072	0.0002431224999817072	0.00015573688173507546
1348	-0.22263649935260293	-0.22217059337492628	-0.00046590597767665054	0.00046590597767665054	0.0020926756350887776
1349	2.0663589465727883	2.066232561425352	0.00012638514743645857	0.00012638514743645857	6.116321060582326e-05
1350	1.2835831524133057	1.2833297298584512	0.00025342255485449883	0.00025342255485449883	0.0001974336873914487
1351	-0.547256364768472	-0.547690901896658	0.0004345371281860855	0.0004345371281860855	0.0007940284593490755
1352	-0.5381737798620889	-0.538229153491443	5.5373629354038556e-05	5.5373629354038556e-05	0.0001028917264758392
1353	0.23761151896156651	0.23730499932383964	0.0003065196377268764	0.0003065196377268764	0.0012900032753734288
1354	0.32014653017300815	0.3165014845052383	0.003645045667769853	0.003645045667769853	0.011385554189202236
1355	0.18131145762311776	0.18537934933959832	-0.0040678917164805595	0.0040678917164805595	0.02243593300615488
1356	-0.5133317106312111	-0.5134068767631561	7.516613194502586e-05	7.516613194502586e-05	0.00014642799263774078
1357	0.07740816294831776	0.07742246230435512	-1.4299356037361655e-05	1.4299356037361655e-05	0.00018472671993144632
1358	0.45446734224890484	0.4541886602922318	0.0002786819566730214	0.0002786819566730214	0.0006132056822696658
1359	-0.031963677120914774	-0.031505682706267635	-0.0004579944146471393	0.0004579944146471393	0.014328589696191746
1360	-0.347261039639389	-0.3473922145147412	0.0001311748753522468	0.0001311748753522468	0.0003777414117301052
1361	-0.04545633520060099	-0.04536317925385447	-9.3155946746519e-05	9.3155946746519e-05	0.0020493501364643087
1362	0.32200641571258204	0.321811587468801	0.00019482824378103114	0.00019482824378103114	0.000605044602449573
1363	-0.11479467830068166	-0.1151255246085725	0.00033084630789084746	0.00033084630789084746	0.002882070081892314
1364	-0.6206783089561716	-0.6211631607015988	0.0004848517454272283	0.0004848517454272283	0.0007811643139948451
1365	-0.41611055830117105	-0.4164175837289008	0.00030702542772975683	0.00030702542772975683	0.000737845799883643
1366	-0.6907333151406722	-0.6906791889633723	-5.412617729982916e-05	5.412617729982916e-05	7.836045563953438e-05
1367	-0.12840978035753287	-0.1287226680020126	0.0003128876444797313	0.0003128876444797313	0.0024366340601826007
1368	-0.13496063163265068	-0.13511516989694883	0.00015453826429814854	0.00015453826429814854	0.0011450618037916881
1369	0.4306817895693692	0.4302550501620317	0.00042673940733750637	0.00042673940733750637	0.000990846183127908
1370	0.8889831517850526	0.8886911442118617	0.0002920075731909222	0.0002920075731909222	0.00032847368659864857
1371	0.7344949226101342	0.7347027486801494	-0.0002078260700152379	0.0002078260700152379	0.0002829509961439867
1372	-1.3186077467965958	-1.3190378741398945	0.00043012734329872515	0.00043012734329872515	0.00032619810125010225
1373	-0.13640863199282371	-0.1362189417193349	-0.0001896902734888073	0.0001896902734888073	0.001390603151117201
1374	0.7758615651552334	0.776075790305697	-0.00021422515046354285	0.00021422515046354285	0.0002761125954482369
1375	1.4117070409658876	1.4117889653491034	-8.192438321574791e-05	8.192438321574791e-05	5.803214182433728e-05
1376	-0.713322120719566	-0.7134611604087127	0.00013903968914663611	0.00013903968914663611	0.0001949185159243055
1377	-0.3054220022315168	-0.30520121347166196	-0.0002207887598548175	0.0002207887598548175	0.0007228973624744122
1378	-0.4229795834069776	-0.42304531046966076	6.572706268315187e-05	6.572706268315187e-05	0.00015539062702208813
1379	0.7194969773107357	0.7190553903626551	0.00044158694808060783	0.00044158694808060783	0.0006137439933814978
1380	-0.33532620294696047	-0.3354416962864093	0.00011549333944882445	0.00011549333944882445	0.0003444208607434486
1381	0.5237635194263368	0.5237555189125942	8.000513742612014e-06	8.000513742612014e-06	1.5275049608981452e-05
1382	2.3452061454303816	2.3450279167818167	0.000178228648564982	0.000178228648564982	7.599700730456438e-05
1383	-0.7600061486498355	-0.759919411606802	-8.673704303352459e-05	8.673704303352459e-05	0.00011412676487896116
1384	0.2927806878050646	0.2931386506617173	-0.0003579628566526827	0.0003579628566526827	0.001222631380970786
1385	-0.07369682263212105	-0.07360762056407566	-8.920206804538533e-05	8.920206804538533e-05	0.001210392318956045
1386	0.7039858144085417	0.7042006427013803	-0.00021482829283858695	0.00021482829283858695	0.0003051599740245851
1387	-0.7840848490398017	-0.7837087328610437	-0.0003761161787579903	0.0003761161787579903	0.00047968810928891947
1388	-2.0288926900204536	-2.0287400591243454	-0.0001526308961081746	0.0001526308961081746	7.522866875065527e-05
1389	0.17148082010646742	0.17151346223442943	-3.26421279620015e-05	3.26421279620015e-05	0.00019035439614608187
1390	-0.1171654402149466	-0.11659154371557179	-0.0005738964993748097	0.0005738964993748097	0.004898172177068292
1391	-1.3966878562827143	-1.396502877277328	-0.00018497900538627654	0.00018497900538627654	0.00013244119260734342
1392	-1.1237787022647021	-1.1240676704318275	0.00028896816712542517	0.00028896816712542517	0.0002571397433881602
1393	0.23807057714629176	0.2381191472551336	-4.857010884184998e-05	4.857010884184998e-05	0.00020401558825139564
1394	-0.008149912985763362	-0.008032567386351275	-0.00011734559941208728	0.00011734559941208728	0.014398386782419873
1395	-0.11443348223182621	-0.11432973046510142	-0.00010375176672479391	0.00010375176672479391	0.0009066556806740125
1396	-0.06764453999899818	-0.06731859534170326	-0.0003259446572949215	0.0003259446572949215	0.004818491740793104
1397	1.5475866956857576	1.54724682602847	0.0003398696572876059	0.0003398696572876059	0.00021961267710239962
1398	1.525646590342907	1.525827395653323	-0.0001808053104159768	0.0001808053104159768	0.00011851061154034282
1399	-2.7280157036639454	-2.7277290038583146	-0.0002866998056307857	0.0002866998056307857	0.00010509463169355099
1400	-0.4122489931549983	-0.4127014512249616	0.00045245806996330185	0.00045245806996330185	0.0010975359005744997
1401	-2.659857269541776	-2.6598052681663376	-5.2001375438592845e-05	5.2001375438592845e-05	1.955043830135717e-05
1402	-0.0146908133895973	-0.014409116737112981	-0.000281696652484318	0.000281696652484318	0.019175020811563095
1403	0.4717786232439406	0.47161124268058074	0.00016738056335985352	0.00016738056335985352	0.00035478623895450804
1404	2.1224136065948427	2.1225798694430864	-0.00016626284824372561	0.00016626284824372561	7.833668599141445e-05
1405	2.9697376992653544	2.969771899707041	-3.420044168667147e-05	3.420044168667147e-05	1.1516317314869889e-05
1406	0.2180628806801313	0.21838678640051512	-0.00032390572038382137	0.00032390572038382137	0.0014853776093096155
1407	0.5779986159135946	0.5782702527810102	-0.00027163686741560333	0.00027163686741560333	0.00046996110360272993
1408	1.0750703881968227	1.0747984419268164	0.0002719462700062625	0.0002719462700062625	0.0002529567114785742
1409	0.3208736371686632	0.3214734122707341	-0.0005997751020709319	0.0005997751020709319	0.0018691940770306026
1410	0.15686672085157027	0.15627145089069927	0.0005952699608710033	0.0005952699608710033	0.003794749820991394
1411	0.09491986178661341	0.09509440234012345	-0.00017454055351004416	0.00017454055351004416	0.0018388201396924043
1412	0.5577430102193517	0.5577116243387081	3.1385880643552966e-05	3.1385880643552966e-05	5.627301475496642e-05
1413	-0.5801314414214156	-0.580434604586344	0.00030316316492839945	0.00030316316492839945	0.0005225766839763085
1414	-1.0166285984375931	-1.0165587508552676	-6.98475823255329e-05	6.98475823255329e-05	6.870511259753881e-05
1415	-0.5155430138676901	-0.5153059061839826	-0.00023710768370743818	0.00023710768370743818	0.0004599183333483982
1416	0.5633745143123117	0.5632088068381336	0.0001657074741781006	0.0001657074741781006	0.0002941337777417443
1417	-0.7597448000498738	-0.7602949949614413	0.000550194911567492	0.000550194911567492	0.0007241838463802242
1418	-0.06539921399824583	-0.0652887343832731	-0.00011047961497273606	0.00011047961497273606	0.0016893110515930573
1419	-0.2783172077858526	-0.2780507782702557	-0.00026642951559691097	0.00026642951559691097	0.0009572872540526187
1420	1.0869207985109652	1.0867766765159104	0.0001441219950548689	0.0001441219950548689	0.0001325965932865668
1421	-0.060252867508876304	-0.06035170855511751	9.88410462412076e-05	9.88410462412076e-05	0.0016404372161482037
1422	-0.3962831488844644	-0.3961727308237073	-0.00011041806075712257	0.00011041806075712257	0.0002786342570153412
1423	0.11809692747554872	0.11795853035323489	0.00013839712231382417	0.00013839712231382417	0.0011718943521411976
1424	-0.31447630767128965	-0.31449802249738923	2.171482609958364e-05	2.171482609958364e-05	6.905075380839607e-05
1425	0.09501143678115956	0.09497974050987068	3.1696271288877975e-05	3.1696271288877975e-05	0.00033360479919785025
1426	0.5782661360761514	0.5777817475234315	0.00048438855271992765	0.00048438855271992765	0.0008376567855188029
1427	-0.26419244388728974	-0.26461271959021815	0.00042027570292840766	0.00042027570292840766	0.001590793804487862
1428	-0.15170426134150605	-0.1516705344215552	-3.372691995084942e-05	3.372691995084942e-05	0.0002223201883230276
1429	-0.36142494503922373	-0.3614575235175721	3.2578478348366247e-05	3.2578478348366247e-05	9.01389867952547e-05
1430	0.07391684285674419	0.07386901356909448	4.782928764970884e-05	4.782928764970884e-05	0.0006470688655142539
1431	-0.03165434459572296	-0.03188784708640924	0.00023350249068627982	0.00023350249068627982	0.00737663324477203
1432	-0.19957640037215127	-0.20009352946459558	0.0005171290924443073	0.0005171290924443073	0.002591133478106698
1433	0.008825176511140257	0.009033910977507276	-0.00020873446636701827	0.00020873446636701827	0.023652157676792882
1434	-0.0544379135397742	-0.054644102043255316	0.00020618850348111395	0.00020618850348111395	0.003787590120081762
1435	-2.5644418591770943	-2.5642705397999066	-0.0001713193771877286	0.0001713193771877286	6.680571703142586e-05
1436	0.8585671287819407	0.8587215587851915	-0.00015443000325077172	0.00015443000325077172	0.00017986945699850328
1437	-0.5587022577981281	-0.5586680775095942	-3.418028853385824e-05	3.418028853385824e-05	6.117800323299993e-05
1438	1.8923099529948195	1.8922452317795546	6.472121526490682e-05	6.472121526490682e-05	3.4202227368976906e-05
1439	-0.13917579451543607	-0.13935398014552902	0.0001781856300929474	0.0001781856300929474	0.0012802918116137266
1440	-0.09353654110962131	-0.09344678662159822	-8.97544880230916e-05	8.97544880230916e-05	0.0009595660365279353
1441	0.2588433051047828	0.2588910657834731	-4.7760678690278446e-05	4.7760678690278446e-05	0.00018451579680975083
1442	-0.2252226646410055	-0.2255258378127678	0.0003031731717623165	0.0003031731717623165	0.001346104186475018
1443	0.4948460536037369	0.4946058036523482	0.00024024995138871574	0.00024024995138871574	0.00048550443039625254
1444	-0.8686719824670278	-0.8683787449754732	-0.0002932374915546321	0.0002932374915546321	0.00033756987386865844
1445	-0.895689204139442	-0.8957694656075432	8.026146810125034e-05	8.026146810125034e-05	8.960861393697801e-05
1446	-0.8957839266470149	-0.8957600030399249	-2.3923607090026167e-05	2.3923607090026167e-05	2.670689479724646e-05
1447	0.4255822966812369	0.4256555488169056	-7.325213566866662e-05	7.325213566866662e-05	0.00017212214004177153
1448	1.4971013744262534	1.4972680256519766	-0.00016665122572323554	0.00016665122572323554	0.00011131592594195745
1449	0.1913683948517782	0.19135487915633576	1.3515695442445352e-05	1.3515695442445352e-05	7.062658101361905e-05
1450	0.059025908948316025	0.05859586407552797	0.0004300448727880546	0.0004300448727880546	0.007285696746569517
1451	-1.0402438355138472	-1.040531615188911	0.00028777967506377067	0.00028777967506377067	0.00027664636428402067
1452	0.7024713821225866	0.702972535158608	-0.0005011530360213845	0.0005011530360213845	0.0007134141671467115
1453	0.9924722262729935	0.9923951606083392	7.706566465426334e-05	7.706566465426334e-05	7.765019777295546e-05
1454	0.8427565954584658	0.8428171045977706	-6.0509139304776305e-05	6.0509139304776305e-05	7.179906942390511e-05
1455	-0.4936540372994507	-0.4939572406357229	0.0003032033362722064	0.0003032033362722064	0.0006142020795188659
1456	-1.1926790426322669	-1.1927052845948083	2.6241962541417863e-05	2.6241962541417863e-05	2.2002535135941785e-05
1457	-0.9269639542624474	-0.9267050025769663	-0.00025895168548106806	0.00025895168548106806	0.00027935464404018473
1458	0.06224293800020124	0.061826178644253105	0.00041675935594813474	0.00041675935594813474	0.006695689010483202
1459	-0.26124105732779923	-0.2613884673650091	0.0001474100372098608	0.0001474100372098608	0.0005642682613433695
1460	-0.0630528672198933	-0.0632823455362086	0.00022947831631529858	0.00022947831631529858	0.0036394588610063673
1461	-0.08511608366659314	-0.084928428137232	-0.00018765552936113317	0.00018765552936113317	0.0022047011713578796
1462	0.22162035453612744	0.22094308621234404	0.0006772683237833976	0.0006772683237833976	0.0030559842989195864
1463	0.14123604920766952	0.14155325676767916	-0.0003172075600096358	0.0003172075600096358	0.002245939062931608
1464	-0.654294188434459	-0.6539068713209417	-0.0003873171135172493	0.0003873171135172493	0.0005919617205281765
1465	-0.40874262473863454	-0.4088231105185969	8.048577996233597e-05	8.048577996233597e-05	0.00019691065988970837
1466	-0.23190138466633423	-0.23168401912698755	-0.00021736553934667557	0.00021736553934667557	0.0009373188506805459
1467	-0.43950396163681804	-0.4394561291363175	-4.783250050055532e-05	4.783250050055532e-05	0.00010883292228451282
1468	-0.275827155421487	-0.275810274516175	-1.6880905311988936e-05	1.6880905311988936e-05	6.120102745573944e-05
1469	-0.1575881363974897	-0.15778129090904258	0.00019315451155288432	0.00019315451155288432	0.001225691958598231
1470	0.862385923912822	0.8622332377825614	0.00015268613026053757	0.00015268613026053757	0.00017705081452137954
1471	-0.1734909993921015	-0.1733254360303249	-0.00016556336177658837	0.00016556336177658837	0.0009543051936798397
1472	-0.35708030952580383	-0.35766555173211145	0.0005852422063076235	0.0005852422063076235	0.0016389652150935303
1473	2.088186079575833	2.088314383989598	-0.00012830441376499024	0.00012830441376499024	6.144299831318306e-05
1474	1.5036558781343072	1.503683514393117	-2.763625880985998e-05	2.763625880985998e-05	1.8379377364021783e-05
1475	0.31400984018823425	0.3135630421411406	0.0004467980470936328	0.0004467980470936328	0.001422879126417816
1476	-0.4811914013783063	-0.48110303940518406	-8.836197312223071e-05	8.836197312223071e-05	0.00018363165440847456
1477	-1.6768475175478132	-1.6786546757572296	0.0018071582094163485	0.0018071582094163485	0.0010777117123082836
1478	0.02399757807723314	0.021967534458156024	0.0020300436190771147	0.0020300436190771147	0.08459368743561033
1479	-1.2183591451725935	-1.2200645673416943	0.0017054221691008564	0.0017054221691008564	0.0013997696622199732
1480	1.1116876292780846	1.1105939947881893	0.001093634489895301	0.001093634489895301	0.0009837606006333748
1481	-2.316485491070014	-2.3202802774306974	0.003794786360683311	0.003794786360683311	0.0016381653911980475
1482	0.8455855958217626	0.8490981589659441	-0.0035125631441814686	0.0035125631441814686	0.004154000684895615
1483	0.9191386605345563	0.9189928681081483	0.00014579242640799794	0.00014579242640799794	0.00015861853349004754
1484	0.2826677332790467	0.28282257571277114	-0.00015484243372443363	0.00015484243372443363	0.0005477895617168824
1485	-0.228908380714933	-0.22894176289867119	3.33821837381898e-05	3.33821837381898e-05	0.0001458320732247969
1486	-2.1847597928012132	-2.1849617239695363	0.00020193116832301072	0.00020193116832301072	9.242717162242469e-05
1487	1.945283212059799	1.9450833937781908	0.00019981828160808845	0.00019981828160808845	0.00010271937801617441
1488	-0.5129169032676368	-0.5168332079819038	0.0039163047142669605	0.0039163047142669605	0.0076353590402604785
1489	-0.5180750817859942	-0.5174084757797459	-0.0006666060062482382	0.0006666060062482382	0.0012866976808654908
1490	0.6454200471671586	0.6462635118751336	-0.0008434647079750279	0.0008434647079750279	0.0013068461565101917
1491	0.5398274339319756	0.5394691318372224	0.0003583020947531823	0.0003583020947531823	0.0006637345051980674
1492	0.5045177710553458	0.5043578737087273	0.0001598973466184761	0.0001598973466184761	0.00031693104939396733
1493	-0.15364213447098513	-0.15345048339554523	-0.00019165107543989146	0.00019165107543989146	0.0012473861815300686
1494	-0.5922093522205211	-0.5920373490084785	-0.00017200321204258184	0.00017200321204258184	0.0002904432552401384
1495	0.356419325362647	0.3565637284737022	-0.00014440311105523573	0.00014440311105523573	0.00040514949886151513
1496	-0.31939948500883314	-0.31925377704311586	-0.00014570796571727884	0.00014570796571727884	0.0004561934898337398
1497	-0.027227339884708678	-0.027366229588210444	0.00013888970350176694	0.00013888970350176694	0.0051011117534757655
1498	-0.6490680245432741	-0.6521292799419598	0.003061255398685736	0.003061255398685736	0.004716386084247228
1499	-0.07637130755191142	-0.07952804733690755	0.0031567397849961293	0.0031567397849961293	0.04133410682867276
1500	-1.4906907720182707	-1.4941360221740752	0.0034452501558044357	0.0034452501558044357	0.0023111769526417978
1501	0.2311115843590626	0.23120779179919282	-9.620744013022486e-05	9.620744013022486e-05	0.00041628134044874966
1502	-0.03529995559455876	-0.035141355780865524	-0.00015859981369323317	0.00015859981369323317	0.0044929182210552195
1503	-0.2358668489247976	-0.23577039560507274	-9.645331972485405e-05	9.645331972485405e-05	0.0004089312260902195
1504	0.49049072492957757	0.49064749381955153	-0.00015676888997395722	0.00015676888997395722	0.0003196164208741468
1505	0.16824993776288222	0.16850052586647735	-0.0002505881035951285	0.0002505881035951285	0.0014893800671016413
1506	1.5661123301691853	1.565994280248617	0.0001180499205681862	0.0001180499205681862	7.537768415081274e-05
1507	-0.6828351251732951	-0.6828022429843372	-3.2882188957916725e-05	3.2882188957916725e-05	4.815538589871403e-05
1508	0.36919544943047305	0.3686688067432442	0.000526642687228851	0.000526642687228851	0.001426460396630724
1509	2.644946205725197	2.6449001838244612	4.6021900735659926e-05	4.6021900735659926e-05	1.7399938280802027e-05
1510	0.7862921618046923	0.7864965838777493	-0.0002044220730570423	0.0002044220730570423	0.0002599823360668561
1511	-0.047337928020239055	-0.047342570866248934	4.642846009879353e-06	4.642846009879353e-06	9.807877539326039e-05
1512	-1.4843595363163662	-1.4839715809031873	-0.0003879554131789309	0.0003879554131789309	0.00026136215902361053
1513	-0.8286640890954505	-0.8286838957829445	1.980668749401726e-05	1.980668749401726e-05	2.3901949842713418e-05
1514	0.3337088906137061	0.3339054713435985	-0.00019658072989237052	0.00019658072989237052	0.000589078491528498
1515	-0.9562975907857895	-0.956238725557057	-5.886522873244093e-05	5.886522873244093e-05	6.155534563678173e-05
1516	0.5807911548706491	0.5806930680378741	9.808683277501284e-05	9.808683277501284e-05	0.00016888485981997821
1517	1.3998362462931513	1.3997100850673405	0.0001261612258107725	0.0001261612258107725	9.012570302051746e-05
1518	1.3634279889608276	1.3632418063096452	0.0001861826511824205	0.0001861826511824205	0.0001365548108810092
1519	-0.9199632622725109	-0.9198586624563632	-0.0001045998161477435	0.0001045998161477435	0.00011369999263813973
1520	-1.2421464283173886	-1.2420132914030546	-0.00013313691433403108	0.00013313691433403108	0.00010718294663083991
1521	-1.256401679940345	-1.2566408336525114	0.0002391537121664289	0.0002391537121664289	0.00019034813148115505
1522	0.2735738952036262	0.2732719101814496	0.0003019850221765985	0.0003019850221765985	0.0011038517470821746
1523	-0.5728478451693669	-0.5731160993605044	0.00026825419113751803	0.00026825419113751803	0.0004682817495075094
1524	0.038553796593954734	0.0387287373442291	-0.00017494075027436884	0.00017494075027436884	0.004537575173641905
1525	2.8546509939316764	2.8549710985430465	-0.0003201046113701089	0.0003201046113701089	0.00011213441224534166
1526	-0.6916845102018137	-0.6913844967826321	-0.0003000134191815107	0.0003000134191815107	0.00043374315133061953
1527	-1.457754999394223	-1.4582927831412462	0.0005377837470232905	0.0005377837470232905	0.0003689122981891807
1528	-2.0992272289819245	-2.0992032711149022	-2.3957867022250667e-05	2.3957867022250667e-05	1.1412707824807354e-05
1529	0.036025470159266104	0.03536921295932416	0.0006562571999419453	0.0006562571999419453	0.018216478425976894
1530	2.171680997904009	2.1718620585957638	-0.00018106069175471973	0.00018106069175471973	8.33735212167302e-05
1531	-0.43862796144608684	-0.43862886032286497	8.988767781215046e-07	8.988767781215046e-07	2.049292013117564e-06
1532	0.48143019919536356	0.48115546280769195	0.0002747363876716147	0.0002747363876716147	0.0005706671250179034
1533	-0.2809556892064153	-0.2811179904327332	0.0001623012263179402	0.0001623012263179402	0.0005776755287510805
1534	-0.2614754419051656	-0.25460121901943467	-0.0068742228857309184	0.0068742228857309184	0.026290128188115377
1535	0.06757716403876626	0.07175299846551297	-0.004175834426746711	0.004175834426746711	0.06179357311223071
1536	-0.3179324506800184	-0.31441528825837395	-0.0035171624216444597	0.0035171624216444597	0.011062609098636147
1537	0.3992241490462881	0.39901629445182607	0.00020785459446204246	0.00020785459446204246	0.0005206463460654599
1538	-0.25174535048528657	-0.25205053503896124	0.00030518455367467556	0.00030518455367467556	0.0012122748367998648
1539	0.3810896523804197	0.38071192252431274	0.0003777298561069564	0.0003777298561069564	0.0009911837116214602
1540	-0.06642683549437849	-0.06643044098808559	3.6054937071067217e-06	3.6054937071067217e-06	5.427766775690894e-05
1541	0.12338956920661334	0.12681804494718563	-0.0034284757405722843	0.0034284757405722843	0.027785782563446437
1542	-0.1943622741149443	-0.1979523732060784	0.0035900990911340858	0.0035900990911340858	0.018471172492100653
1543	-1.4486203110035556	-1.4487306545021283	0.00011034349857275139	0.00011034349857275139	7.617144239563307e-05
1544	0.21064328237945168	0.2108957771085329	-0.00025249472908123183	0.00025249472908123183	0.0011986839847396092
1545	-2.567198715599916	-2.566581755452546	-0.0006169601473700048	0.0006169601473700048	0.000240324266143079
1546	1.2847458421717108	1.285091502261082	-0.0003456600893712025	0.0003456600893712025	0.00026904939329237685
1547	-0.01706609862251174	-0.017003453180564065	-6.264544194767296e-05	6.264544194767296e-05	0.003670753540884729
1548	1.682962413984269	1.6829691878754716	-6.773891202627169e-06	6.773891202627169e-06	4.024980680697773e-06
1549	-0.28239670270023415	-0.28290662457663984	0.0005099218764056945	0.0005099218764056945	0.0018056934501355696
1550	-0.14824297300033085	-0.14842450696050946	0.00018153396017861478	0.00018153396017861478	0.0012245704231674418
1551	0.6459981623452405	0.6457817157539125	0.00021644659132802335	0.00021644659132802335	0.0003350575960498598
1552	-0.5489108930176647	-0.5490804721972609	0.00016957917959614655	0.00016957917959614655	0.00030893753750062535
1553	0.10508667724215068	0.1050817588748032	4.918367347478414e-06	4.918367347478414e-06	4.6802958058565746e-05
1554	0.33633202628405046	0.3362296400979403	0.00010238618611013717	0.00010238618611013717	0.00030441997225582836
1555	-0.11006041883487121	-0.10998394260042232	-7.647623444888285e-05	7.647623444888285e-05	0.0006948568364402077
1556	-0.4523262758073452	-0.45237720522095515	5.092941360995695e-05	5.092941360995695e-05	0.00011259441764477288
1557	-0.021607617509295386	-0.021166287645257853	-0.0004413298640375332	0.0004413298640375332	0.020424735112405494
1558	0.4787566110946617	0.4782352712169313	0.0005213398777303979	0.0005213398777303979	0.00108894554278503
1559	0.35710295621145793	0.3570551591067783	4.77971046796144e-05	4.77971046796144e-05	0.0001338468468217088
1560	-0.2400874903529194	-0.2401828489126956	9.535855977618746e-05	9.535855977618746e-05	0.0003971825422308094
1561	-0.5505182045716961	-0.5507198608825092	0.0002016563108131475	0.0002016563108131475	0.0003663027110430188
1562	0.56453754983604	0.564031249915331	0.0005062999207089414	0.0005062999207089414	0.000896840114277584
1563	-0.13117177262742902	-0.13125340188935297	8.162926192395448e-05	8.162926192395448e-05	0.0006223081406074188
1564	-0.19110196491336437	-0.1964578865241151	0.005355921610750741	0.005355921610750741	0.028026512512201722
1565	0.4796074301995171	0.478400232125864	0.001207198073653104	0.001207198073653104	0.0025170545692982877
1566	-0.21200147578777542	-0.2087624654976139	-0.0032390102901615203	0.0032390102901615203	0.015278244069413645
1567	0.5663796322875715	0.5644378541020956	0.0019417781854759175	0.0019417781854759175	0.0034284039799121983
1568	-0.8918136354612334	-0.891878276625846	6.464116461257774e-05	6.464116461257774e-05	7.248281708447555e-05
1569	0.09592271775533032	0.09622412374454825	-0.0003014059892179344	0.0003014059892179344	0.003142175245563094
1570	-0.22942137010668126	-0.23333249715307147	0.0039111270463902115	0.0039111270463902115	0.017047788724178274
1571	-0.034248224390536104	-0.03449389792820057	0.00024567353766446337	0.00024567353766446337	0.007173321888545876
1572	-0.07909009610251944	-0.07852718096756917	-0.0005629151349502703	0.0005629151349502703	0.0071173909590475076
1573	-0.049927447973984934	-0.04964563982667869	-0.00028180814730624504	0.00028180814730624504	0.005644353131229204
1574	-0.13443258089689075	-0.1342236803552055	-0.00020890054168526406	0.00020890054168526406	0.0015539428038318325
1575	0.07022058404456127	0.07043907622517054	-0.00021849218060926434	0.00021849218060926434	0.0031115118676684804
1576	0.0037726418701378947	0.004244398908781477	-0.0004717570386435824	0.0004717570386435824	0.12504686500400292
1577	-0.008968325686765434	-0.00913127264823288	0.0001629469614674462	0.0001629469614674462	0.018169161910333742
1578	0.17936836580944976	0.17953587151708916	-0.00016750570763940376	0.00016750570763940376	0.000933864268002262
1579	3.024167183235906	3.024217804465934	-5.062123002819163e-05	5.062123002819163e-05	1.6738899326996243e-05
1580	2.2822578684341175	2.2823008237295994	-4.295529548192789e-05	4.295529548192789e-05	1.8821403170974716e-05
1581	0.4567642833174026	0.45723177832712736	-0.000467495009724761	0.000467495009724761	0.0010234929192129974
1582	-1.6305032846815035	-1.6305948224015765	9.153772007297611e-05	9.153772007297611e-05	5.614077624557301e-05
1583	0.11990449315749316	0.12021888603896969	-0.00031439288147652733	0.00031439288147652733	0.0026220275253870254
1584	0.6978024853375087	0.6977963052179348	6.1801195738731e-06	6.1801195738731e-06	8.85654566117508e-06
1585	-0.8640756492944912	-0.8643136350769964	0.0002379857825052234	0.0002379857825052234	0.00027542239235596596
1586	-2.107100452815794	-2.1072219498563527	0.00012149704055852695	0.00012149704055852695	5.7660772838886766e-05
1587	-1.0873999361846787	-1.0872088573137262	-0.000191078870952488	0.000191078870952488	0.00017572087747486873
1588	-1.8325812716176737	-1.832327170987469	-0.0002541006302048121	0.0002541006302048121	0.00013865722308757962
1589	0.6496888943017237	0.6494566977082172	0.00023219659350648403	0.00023219659350648403	0.00035739658710965896
1590	-0.1950106037659224	-0.1948302600283114	-0.0001803437376110273	0.0001803437376110273	0.0009247893915938015
1591	1.3832793093807068	1.383343905565937	-6.459618523013688e-05	6.459618523013688e-05	4.669786122880458e-05
1592	0.1323920599542326	0.1321260965454485	0.00026596340878409785	0.00026596340878409785	0.0020089075498639446
1593	0.5477700878492485	0.5480742375070236	-0.00030414965777503244	0.00030414965777503244	0.0005552505777912015
1594	0.2950252875514547	0.2946669565133675	0.0003583310380871896	0.0003583310380871896	0.0012145773708455208
1595	-0.8685127802388408	-0.8686526001042694	0.00013981986542854763	0.00013981986542854763	0.00016098768908167038
1596	0.17928228404302024	0.1792967911882215	-1.4507145201264615e-05	1.4507145201264615e-05	8.091789592430398e-05
1597	1.0908114082439448	1.0939970080414696	-0.003185599797524752	0.003185599797524752	0.0029203946470023868
1598	0.14189527015493025	0.1416078181009084	0.0002874520540218639	0.0002874520540218639	0.0020258043394117756
1599	1.22452810765335	1.2280074990087542	-0.0034793913554040934	0.0034793913554040934	0.0028414140383203595
1600	-0.5615273882092859	-0.5617514710536398	0.00022408284435382342	0.00022408284435382342	0.0003990595099349025
1601	0.0896150609173011	0.09003765377002537	-0.0004225928527242656	0.0004225928527242656	0.004715645432794431
1602	-0.27391581610687965	-0.27431175796266416	0.0003959418557845096	0.0003959418557845096	0.0014454873815319097
1603	-0.3485654051198435	-0.34843080008784	-0.0001346050320035208	0.0001346050320035208	0.0003861686502056651
1604	-0.0667089764338991	-0.06661772675897737	-9.12496749217312e-05	9.12496749217312e-05	0.0013678770054604136
1605	-0.3866164117691504	-0.38693719192650633	0.0003207801573559266	0.0003207801573559266	0.0008297116924965544
1606	1.0740683181064017	1.0751768839583065	-0.0011085658519047747	0.0011085658519047747	0.0010321185656599506
1607	-0.7095037760881306	-0.7095061643980216	2.388309890966056e-06	2.388309890966056e-06	3.3661693869116118e-06
1608	-0.14022674324443862	-0.13950377567795158	-0.0007229675664870427	0.0007229675664870427	0.005155703896130495
1609	-1.0912438425111406	-1.090971479513314	-0.0002723629978265141	0.0002723629978265141	0.0002495894933984322
1610	0.25924786155341917	0.25925660815317997	-8.7465997608005e-06	8.7465997608005e-06	3.3738368017350936e-05
1611	0.42134713443929783	0.4210900199552725	0.00025711448402532255	0.00025711448402532255	0.0006102200846042878
1612	0.06744492558392692	0.06559042934384252	0.0018544962400844078	0.0018544962400844078	0.027496453202794556
1613	0.10119528850581994	0.10133597923811521	-0.00014069073229527884	0.00014069073229527884	0.0013902893541055269
1614	-0.3023168093428049	-0.30262020699467485	0.00030339765186992995	0.00030339765186992995	0.0010035751982480716
1615	-0.2917016820846786	-0.2920018618297604	0.0003001797450817856	0.0003001797450817856	0.001029064155326488
1616	-1.5239897771077855	-1.5240282622812629	3.848517347737612e-05	3.848517347737612e-05	2.5252907897068016e-05
1617	0.8577080388466097	0.857696565880417	1.147296619274929e-05	1.147296619274929e-05	1.3376307173449595e-05
1618	0.09131319796085835	0.09137960724103777	-6.640928017942471e-05	6.640928017942471e-05	0.000727269241056383
1619	0.2784376629050233	0.2786458205150666	-0.00020815761004328026	0.00020815761004328026	0.0007475914280830752
1620	-1.2266015607252605	-1.2266593810110749	5.7820285814358385e-05	5.7820285814358385e-05	4.713860447085247e-05
1621	0.1374771226821957	0.13723642556584537	0.0002406971163503302	0.0002406971163503302	0.0017508157841413876
1622	0.9011114380553379	0.9004694535690305	0.0006419844863073676	0.0006419844863073676	0.0007124362861188572
1623	-0.28921512096729873	-0.28996834933536775	0.0007532283680690144	0.0007532283680690144	0.0026043879225601803
1624	-0.6901164648396005	-0.6906520619409662	0.0005355971013656369	0.0005355971013656369	0.0007760966860718536
1625	-0.49614412792401974	-0.49669466332602497	0.0005505354020052255	0.0005505354020052255	0.0011096279710268693
1626	1.4330669842410793	1.4331878701270284	-0.00012088588594916239	0.00012088588594916239	8.435466539840836e-05
1627	0.1800153563926862	0.17833317806292825	0.0016821783297579496	0.0016821783297579496	0.009344637943489883
1628	0.0961318864942474	0.09520579324373557	0.0009260932505118363	0.0009260932505118363	0.00963356992445222
1629	-1.8069422646005993	-1.8074776406535875	0.0005353760529882567	0.0005353760529882567	0.00029628841135474494
1630	0.6224714033587528	0.6222930408270599	0.0001783625316928994	0.0001783625316928994	0.0002865393184819168
1631	0.5579013684974723	0.5579770773209702	-7.570882349794417e-05	7.570882349794417e-05	0.0001357028818585649
1632	0.36865095616754406	0.36874296559119557	-9.200942365150677e-05	9.200942365150677e-05	0.00024958411774657227
1633	-1.82111157958789	-1.8209010337457698	-0.00021054584212021332	0.00021054584212021332	0.00011561391651128755
1634	-1.946868183879509	-1.947299903967803	0.00043172008829395203	0.00043172008829395203	0.00022175106248522013
1635	-1.4383519342622455	-1.4381617042644734	-0.0001902299977720734	0.0001902299977720734	0.00013225553026397917
1636	1.5982991746207342	1.5982400893932436	5.9085227490651704e-05	5.9085227490651704e-05	3.696756428887742e-05
1637	1.6197957856129022	1.6194273479612775	0.00036843765162464237	0.00036843765162464237	0.0002274593222782291
1638	1.7695874124101094	1.7700275811449728	-0.0004401687348634109	0.0004401687348634109	0.00024874088263541507
1639	0.43638061663845834	0.43671846530912717	-0.00033784867066882773	0.00033784867066882773	0.0007742064101548663
1640	0.26932417360341987	0.2693201623458208	4.0112575990791655e-06	4.0112575990791655e-06	1.4893789686275048e-05
1641	-0.06587217000137074	-0.0662147078429598	0.0003425378415890523	0.0003425378415890523	0.005200038826441036
1642	1.0926759835549087	1.0916734346864132	0.0010025488684954897	0.0010025488684954897	0.0009175170714687078
1643	-1.0285356277461166	-1.0283552646512817	-0.0001803630948349344	0.0001803630948349344	0.00017535911247933472
1644	1.1381200972480734	1.138383773024998	-0.00026367577692454347	0.00026367577692454347	0.00023167658453804692
1645	0.04409722801221683	0.045755894184651424	-0.0016586661724345975	0.0016586661724345975	0.037613842121211695
1646	0.3485514255197947	0.3469646151685879	0.00158681035120678	0.00158681035120678	0.004552586031861353
1647	0.2400987457243265	0.23828759974975355	0.0018111459745729364	0.0018111459745729364	0.007543337925856701
1648	-1.3571670849321904	-1.3570664906339402	-0.0001005942982501562	0.0001005942982501562	7.412079129165021e-05
1649	0.6148061704184813	0.6131802328397384	0.0016259375787428532	0.0016259375787428532	0.0026446344506206292
1650	-0.8218721927317907	-0.8236658291309595	0.001793636399168852	0.001793636399168852	0.0021823787384837173
1651	0.45924539028490763	0.45969848272875424	-0.0004530924438466144	0.0004530924438466144	0.0009866020507370231
1652	-0.17441331605325908	-0.17467610652488474	0.00026279047162566793	0.00026279047162566793	0.0015067110560837104
1653	-1.2182205824785834	-1.217978153604804	-0.00024242887377945443	0.00024242887377945443	0.00019900244443925768
1654	-0.31804393087919597	-0.31774217939073424	-0.0003017514884617323	0.0003017514884617323	0.0009487729812280174
1655	0.2490097431024632	0.24886786843580921	0.00014187466665399606	0.00014187466665399606	0.0005697554838069814
1656	1.6716141523756096	1.6718482667954504	-0.00023411441984078074	0.00023411441984078074	0.00014005290605375033
1657	-0.30143845269769115	-0.3014338673352768	-4.5853624143776806e-06	4.5853624143776806e-06	1.5211604137897705e-05
1658	-0.2224588357751892	-0.22216462057400577	-0.00029421520118344535	0.00029421520118344535	0.0013225601948253075
1659	-0.49852516766342714	-0.4986333775178764	0.00010820985444925935	0.00010820985444925935	0.00021705996300334398
1660	-0.11233309165160058	-0.11251777975473942	0.00018468810313884698	0.00018468810313884698	0.00164411128033095
1661	0.7164302855336873	0.7168070133332094	-0.0003767277995221363	0.0003767277995221363	0.0005258401370365047
1662	-0.4529448670027204	-0.45229773277810637	-0.0006471342246140432	0.0006471342246140432	0.0014287262573397404
1663	0.6056888012737353	0.6056371985181386	5.160275559668026e-05	5.160275559668026e-05	8.519681309636578e-05
1664	0.013537099880448282	0.013688744850526291	-0.00015164497007800863	0.00015164497007800863	0.011202175607570895
1665	-0.324001024393481	-0.323467013394918	-0.0005340109985629837	0.0005340109985629837	0.0016481768832757068
1666	-0.6979602568204663	-0.6979816658159166	2.1408995450333812e-05	2.1408995450333812e-05	3.0673659769485656e-05
1667	-0.8681838098164343	-0.8682466909561981	6.288113976382625e-05	6.288113976382625e-05	7.242837179504835e-05
1668	1.1050631247239577	1.1049724840432873	9.064068067043962e-05	9.064068067043962e-05	8.202307962550236e-05
1669	0.8825038779230739	0.881639925360389	0.0008639525626848998	0.0008639525626848998	0.0009789787719892704
1670	0.017932580392409355	0.02139235355969049	-0.003459773167281136	0.003459773167281136	0.1929322546768348
1671	0.2058231393010358	0.20923942862793865	-0.003416289326902855	0.003416289326902855	0.01659817908960279
1672	-0.763234332910319	-0.7629820916932317	-0.00025224121708722347	0.00025224121708722347	0.00033048987212799054
1673	0.6785807040046022	0.6788250701035281	-0.00024436609892586336	0.00024436609892586336	0.000360113539161594
1674	-0.030412154336342763	-0.030661980481738738	0.00024982614539597464	0.00024982614539597464	0.008214680967123413
1675	-0.545617588107607	-0.5449948946818495	-0.0006226934257574923	0.0006226934257574923	0.0011412634770759707
1676	-0.5654420434063872	-0.5655365594066097	9.451600022258866e-05	9.451600022258866e-05	0.00016715417844275748
1677	-0.07153121943955153	-0.07188692816839648	0.00035570872884495286	0.00035570872884495286	0.004972775965961961
1678	-0.5834882180061183	-0.5829336456315559	-0.0005545723745623565	0.0005545723745623565	0.0009504431408356929
1679	0.42032802928425095	0.4202517714944065	7.62577898444361e-05	7.62577898444361e-05	0.0001814244697749291
1680	0.08971833996120232	0.08960094884002956	0.00011739112117276074	0.00011739112117276074	0.0013084406290121418
1681	0.06928398160784635	0.06773074881039065	0.0015532327974557003	0.0015532327974557003	0.022418353584918654
1682	-0.0067258904582354435	-0.004796315181465616	-0.0019295752767698278	0.0019295752767698278	0.2868877048699448
1683	0.014324059759793723	0.016288625566573955	-0.0019645658067802326	0.0019645658067802326	0.13715146681352045
1684	0.3101501765017342	0.3104146724410839	-0.00026449593934968485	0.00026449593934968485	0.0008527995770726441
1685	-0.41987881496445895	-0.4200776236444881	0.00019880868002913887	0.00019880868002913887	0.00047349061906342484
1686	-0.13724681965372648	-0.1371915975099114	-5.5222143815092384e-05	5.5222143815092384e-05	0.00040235645499413225
1687	0.056156532615893054	0.05656611531890121	-0.00040958270300815725	0.00040958270300815725	0.007293589613334493
1688	0.9250244341436595	0.9251518394606251	-0.00012740531696553425	0.00012740531696553425	0.000137731839574032
1689	-0.25145043753745866	-0.251184457603415	-0.0002659799340436475	0.0002659799340436475	0.0010577827449754363
1690	-0.08357512467259218	-0.08585143612549473	0.002276311452902552	0.002276311452902552	0.027236710227116788
1691	-0.46552319980669193	-0.46339888260149564	-0.002124317205196291	0.002124317205196291	0.004563289662208912
1692	0.06161546239865382	0.061833048278003844	-0.00021758587935002266	0.00021758587935002266	0.003531351886028798
1693	0.03020394698811913	0.029817014244315487	0.00038693274380364323	0.00038693274380364323	0.01281066822014504
1694	-0.6393223184129739	-0.6393053378133118	-1.698059966215304e-05	1.698059966215304e-05	2.6560311087379127e-05
1695	0.3868280956347334	0.3873152529934032	-0.0004871573586697764	0.0004871573586697764	0.0012593639504659454
1696	0.5313332408612237	0.5310746651758791	0.0002585756853445975	0.0002585756853445975	0.0004866544485819844
1697	1.587667748562643	1.5875154806721525	0.00015226789049038736	0.00015226789049038736	9.590664711066875e-05
1698	0.4386714996789569	0.43934172867210464	-0.0006702289931477257	0.0006702289931477257	0.0015278608107393227
1699	-0.5083838379411962	-0.5082038928918564	-0.0001799450493398247	0.0001799450493398247	0.0003539550943801612
1700	-0.3152546818672635	-0.3155150874647461	0.0002604055974825825	0.0002604055974825825	0.0008260165905869879
1701	-0.6571701751529048	-0.65742902643251	0.00025885127960523224	0.00025885127960523224	0.0003938877468762257
1702	-0.1814417517711047	-0.18125076908859228	-0.0001909826825124139	0.0001909826825124139	0.0010525839871373456
1703	-1.1291820850038303	-1.1287517594169572	-0.00043032558687317035	0.00043032558687317035	0.00038109494703124927
1704	0.2723797404917392	0.2723128041495215	6.693634221766054e-05	6.693634221766054e-05	0.00024574640572319145
1705	1.6341564284174717	1.6342253636878468	-6.893527037510339e-05	6.893527037510339e-05	4.2184009545439154e-05
1706	-1.032074645103707	-1.0317668355170895	-0.00030780958661758007	0.00030780958661758007	0.0002982435311998679
1707	-0.5085552312938364	-0.5084329064573012	-0.00012232483653518145	0.00012232483653518145	0.00024053402464068607
1708	-0.12427336886784388	-0.12452713752963973	0.00025376866179585567	0.00025376866179585567	0.0020420196547960416
1709	0.1732075304078238	0.17344175956424124	-0.00023422915641743702	0.00023422915641743702	0.0013523035393780828
1710	-0.807266618343719	-0.8074455715672002	0.00017895322348115972	0.00017895322348115972	0.00022167796786682535
1711	-1.4455497107890982	-1.4457582424256543	0.0002085316365560974	0.0002085316365560974	0.00014425767235791838
1712	0.7967997950185369	0.7967627506673125	3.704435122442451e-05	3.704435122442451e-05	4.649141660931615e-05
1713	1.3355011165221626	1.3354831792327104	1.793728945220785e-05	1.793728945220785e-05	1.3431130255374953e-05
1714	0.029722540701325663	0.02971133591245234	1.1204788873321603e-05	1.1204788873321603e-05	0.00037697951147298305
1715	-0.2204921251871581	-0.22088429226130302	0.00039216707414491125	0.00039216707414491125	0.001778599003533718
1716	0.6448387711162834	0.6441846990199451	0.0006540720963382762	0.0006540720963382762	0.0010143188121365732
1717	0.010807423899048917	0.012599132340085362	-0.0017917084410364447	0.0017917084410364447	0.16578496945919924
1718	0.258498130490063	0.258709111186306	-0.00021098069624303495	0.00021098069624303495	0.0008161788088875379
1719	-0.43193035763095344	-0.4318613340146271	-6.90236163263247e-05	6.90236163263247e-05	0.00015980265129986374
1720	-0.03414603534970051	-0.03420980291224396	6.376756254344862e-05	6.376756254344862e-05	0.0018674953589892514
1721	-0.07885976500994184	-0.07925058930879914	0.00039082429885729797	0.00039082429885729797	0.004955940444509654
1722	-0.04727026826856598	-0.047432667173552545	0.00016239890498656595	0.00016239890498656595	0.0034355401594908823
1723	0.26784223789826256	0.26782102806777175	2.1209830490809267e-05	2.1209830490809267e-05	7.918777358358852e-05
1724	0.14117038408654695	0.14116663835039844	3.7457361485027096e-06	3.7457361485027096e-06	2.6533441647409e-05
1725	-0.32379836667593115	-0.3243080176247304	0.000509650948799234	0.000509650948799234	0.0015739762804588533
1726	-0.4669034507291471	-0.46698370140063616	8.025067148909049e-05	8.025067148909049e-05	0.0001718785144204134
1727	0.2330814852785391	0.23301908102979496	6.240424874415229e-05	6.240424874415229e-05	0.00026773576060568435
1728	0.08558764964589588	0.08554997435794576	3.767528795012298e-05	3.767528795012298e-05	0.00044019537989415503
1729	0.05860001815202427	0.05841818879304128	0.00018182935898299057	0.00018182935898299057	0.00310288912387836
1730	-0.3804037552269816	-0.38046317071405156	5.941548706994704e-05	5.941548706994704e-05	0.00015619059027031592
1731	0.08219518750680216	0.08231624227050816	-0.00012105476370599666	0.00012105476370599666	0.0014727719149734725
1732	-0.5073469385549053	-0.507455160509096	0.00010822195419069036	0.00010822195419069036	0.00021330956386362136
1733	-1.0818374026777007	-1.0808173601475346	-0.0010200425301660765	0.0010200425301660765	0.0009428797041416084
1734	-0.9638093468771464	-0.9635155734599721	-0.0002937734171742923	0.0002937734171742923	0.0003048044907700388
1735	-0.18533312744884872	-0.18527049630989723	-6.263113895149663e-05	6.263113895149663e-05	0.0003379381755093007
1736	0.018972854102336845	0.01934199621445032	-0.00036914211211347414	0.00036914211211347414	0.019456330087311836
1737	-0.06058357865081711	-0.060665616381072596	8.20377302554881e-05	8.20377302554881e-05	0.0013541248648965645
1738	0.3252444308315947	0.3253837182199959	-0.00013928738840118804	0.00013928738840118804	0.0004282544916912301
1739	1.3934441996473994	1.3933594497999024	8.474984749695658e-05	8.474984749695658e-05	6.08204099729303e-05
1740	1.443443257573412	1.4434154271540933	2.783041931864183e-05	2.783041931864183e-05	1.9280577308891137e-05
1741	0.6930247915431931	0.6898394145053999	0.0031853770377932022	0.0031853770377932022	0.004596339231530467
1742	0.9024648767900533	0.9092387270044355	-0.00677385021438226	0.00677385021438226	0.007505943321003182
1743	-0.6222425608551765	-0.6219652497350125	-0.00027731112016393666	0.00027731112016393666	0.0004456640185184621
1744	-0.32960541869786136	-0.32937518022180257	-0.00023023847605879721	0.00023023847605879721	0.0006985275817623902
1745	-0.6415036559980508	-0.6415940171677903	9.03611697394835e-05	9.03611697394835e-05	0.00014085838622213254
1746	0.5569753790029502	0.5571587147983337	-0.00018333579538343248	0.00018333579538343248	0.00032916319516964026
1747	-0.42802277075976813	-0.42805851555272056	3.574479295243016e-05	3.574479295243016e-05	8.351142834990026e-05
1748	0.0025876155914510215	0.0027094035601749056	-0.00012178796872388403	0.00012178796872388403	0.047065711431886474
1749	0.1474921635491213	0.14756442510588386	-7.226155676254287e-05	7.226155676254287e-05	0.000489934888903278
1750	-0.8777814273426288	-0.8776681461100111	-0.00011328123261766798	0.00011328123261766798	0.00012905403223284462
1751	-0.44334414790164345	-0.4240767163210535	-0.019267431580589967	0.019267431580589967	0.04345931185013516
1752	-1.7271707923248905	-1.7273255997380943	0.00015480741320383906	0.00015480741320383906	8.963063403559393e-05
1753	0.7802225342422129	0.7804486849778414	-0.0002261507356284831	0.0002261507356284831	0.00028985414507174014
1754	-0.168865554617449	-0.1689931160484548	0.00012756143100578488	0.00012756143100578488	0.0007554023157343413
1755	0.9104722555611796	0.910552835378553	-8.057981737341624e-05	8.057981737341624e-05	8.850331998721914e-05
1756	0.26654791514670706	0.2669360924585362	-0.00038817731182916315	0.00038817731182916315	0.0014563134422398752
1757	0.18043659771504508	0.18076540749234482	-0.0003288097772997378	0.0003288097772997378	0.0018223009160204375
1758	0.5070700916981211	0.5070922406815725	-2.2148983451431015e-05	2.2148983451431015e-05	4.368031917886646e-05
1759	0.051158793353851706	0.051346509735594736	-0.00018771638174303051	0.00018771638174303051	0.0036692886879611574
1760	1.3180986868697395	1.3183803153395957	-0.0002816284698561322	0.0002816284698561322	0.00021366265869284188
1761	2.3299218550800775	2.3293598810312233	0.0005619740488542746	0.0005619740488542746	0.00024119866837120165
1762	-0.21181020037907225	-0.21208467408229126	0.0002744737032190081	0.0002744737032190081	0.001295847427214498
1763	-0.7038046616048782	-0.7039713132641623	0.00016665165928408943	0.00016665165928408943	0.0002367868080101593
1764	0.024158888574948634	0.0242434699728733	-8.458139792466568e-05	8.458139792466568e-05	0.0035010467332661855
1765	0.3175588832277797	0.32138744109744266	-0.003828557869662963	0.003828557869662963	0.012056214049968181
1766	-0.5770331201236107	-0.5805205651085998	0.0034874449849890965	0.0034874449849890965	0.006043751846067386
1767	-2.1163956394348378	-2.1169197606312196	0.0005241211963817882	0.0005241211963817882	0.0002476480231842424
1768	1.8698017313407311	1.8697978202837362	3.911056994931883e-06	3.911056994931883e-06	2.091696103055526e-06
1769	1.3981260595978617	1.3976331576373013	0.000492901960560399	0.000492901960560399	0.00035254472025374504
1770	-1.7820364880248245	-1.782530324881293	0.0004938368564684215	0.0004938368564684215	0.00027711938548226974
1771	-1.5615775127454736	-1.5614400430905562	-0.00013746965491745478	0.00013746965491745478	8.803255284828207e-05
1772	-0.14070822650821768	-0.1407542318219157	4.600531369802763e-05	4.600531369802763e-05	0.00032695539443346487
1773	1.392929768535594	1.392776578882149	0.00015318965344501834	0.00015318965344501834	0.00010997658094856334
1774	-0.3976031446242337	-0.3981589558605947	0.0005558112363610035	0.0005558112363610035	0.0013979045283615372
1775	-1.1471323399302642	-1.1469896732734242	-0.00014266665684004032	0.00014266665684004032	0.0001243680889065626
1776	0.5930639171076746	0.5933764506806938	-0.0003125335730191914	0.0003125335730191914	0.0005269812645884658
1777	0.9269624254056132	0.9265249812173693	0.000437444188243985	0.000437444188243985	0.00047191145644611375
1778	-0.31859394592122536	-0.31913767209346133	0.0005437261722359699	0.0005437261722359699	0.0017066431399497153
1779	-0.8007056608872782	-0.8005529617918228	-0.00015269909545545524	0.00015269909545545524	0.00019070565241944995
1780	-0.6628142086008537	-0.6629078910691533	9.368246829954963e-05	9.368246829954963e-05	0.00014134046476961561
1781	0.4108580502526909	0.41062637152577963	0.00023167872691126634	0.00023167872691126634	0.0005638899536440298
1782	-0.03491133641998651	-0.03502731129856329	0.00011597487857677863	0.00011597487857677863	0.0033219833575429602
1783	-0.41695603801398085	-0.4169918277625584	3.578974857754158e-05	3.578974857754158e-05	8.583578438631826e-05
1784	-0.11761793335324353	-0.11743078243853233	-0.00018715091471119272	0.00018715091471119272	0.001591176697086828
1785	0.7482906662286609	0.7481591789044728	0.0001314873241881065	0.0001314873241881065	0.00017571691071705404
1786	1.9551551910537839	1.9548627598524604	0.0002924312013234953	0.0002924312013234953	0.00014956930409492538
1787	-0.3782074598793369	-0.37813770305916705	-6.975682016985285e-05	6.975682016985285e-05	0.00018444062470927472
1788	-0.8184567999851369	-0.8189846682853386	0.0005278683002016837	0.0005278683002016837	0.0006449556045123821
1789	-2.0514826395192944	-2.051493199246579	1.0559727284586984e-05	1.0559727284586984e-05	5.1473637071875735e-06
1790	0.45335453450208335	0.4531353362722257	0.00021919822985766446	0.00021919822985766446	0.0004835028949217605
1791	1.391383718080893	1.3916512284168903	-0.0002675103359972564	0.0002675103359972564	0.00019226208595155036
1792	0.474943587718399	0.475241770715229	-0.0002981829968299876	0.0002981829968299876	0.0006278282401125598
1793	0.05824301245578667	0.05829500688037115	-5.199442458447834e-05	5.199442458447834e-05	0.0008927152355649229
1794	-0.34181820748879577	-0.3416581746549241	-0.00016003283387167055	0.00016003283387167055	0.00046818112776194395
1795	0.7207553957087587	0.7208325540943861	-7.715838562738497e-05	7.715838562738497e-05	0.0001070521096155109
1796	-1.9685517736242244	-1.9685757478171695	2.3974192945086514e-05	2.3974192945086514e-05	1.2178594064076129e-05
1797	-0.6570682305092727	-0.6566228180417966	-0.00044541246747609176	0.00044541246747609176	0.0006778785623691877
1798	-0.16174359096448152	-0.16149097336182194	-0.00025261760265957167	0.00025261760265957167	0.0015618399539246402
1799	0.2883487949485519	0.28849640350614436	-0.00014760855759243796	0.00014760855759243796	0.0005119097432634485
1800	0.15021027058571093	0.15042748560745167	-0.00021721502174074092	0.00021721502174074092	0.0014460730341125153
1801	-0.8707454903229894	-0.870835845539375	9.035521638556254e-05	9.035521638556254e-05	0.0001037676535678028
1802	1.8250777013109318	1.8249548255511172	0.0001228757598146224	0.0001228757598146224	6.732631697070332e-05
1803	0.4074163893480731	0.4043454562818738	0.0030709330661993217	0.0030709330661993217	0.00753757862101049
1804	0.2059287221786732	0.20547064021769756	0.0004580819609756315	0.0004580819609756315	0.002224468525464741
1805	0.842409115204355	0.8416014295420382	0.0008076856623168149	0.0008076856623168149	0.0009587807725951342
1806	0.957625363974563	0.9574976396322654	0.0001277243422975749	0.0001277243422975749	0.00013337610625460374
1807	0.07867477739104319	0.07867018616991572	4.5912211274617976e-06	4.5912211274617976e-06	5.835696368915929e-05
1808	-0.23500145006173515	-0.23500636903861505	4.918976879902948e-06	4.918976879902948e-06	2.0931687351761988e-05
1809	-0.503213621144767	-0.503173061879636	-4.0559265131023814e-05	4.0559265131023814e-05	8.060049137532294e-05
1810	-0.2305862751755046	-0.230596566893837	1.0291718332416933e-05	1.0291718332416933e-05	4.463283135383347e-05
1811	-0.08757039716281506	-0.08733350721001898	-0.00023688995279608216	0.00023688995279608216	0.0027051373577265505
1812	-0.11144257357431987	-0.11143221754394972	-1.0356030370153868e-05	1.0356030370153868e-05	9.292705685092189e-05
1813	2.046539711456774	2.0463860575006265	0.00015365395614752586	0.00015365395614752586	7.507988009582841e-05
1814	-0.9429176932560807	-0.9428408054290571	-7.68878270235307e-05	7.68878270235307e-05	8.154245866149978e-05
1815	-0.35361123735401156	-0.3536878067507132	7.656939670164231e-05	7.656939670164231e-05	0.00021653553002046208
1816	-1.4168095160457816	-1.4168132629492902	3.74690350857243e-06	3.74690350857243e-06	2.6446063963699094e-06
1817	-0.540516449815308	-0.540730919325938	0.00021446951062997766	0.00021446951062997766	0.000396786278573503
1818	0.013037163891509683	0.013126457361067878	-8.929346955819512e-05	8.929346955819512e-05	0.0068491483501520265
1819	-0.6515367826517918	-0.6514295106185841	-0.00010727203320770595	0.00010727203320770595	0.0001646446310691818
1820	1.3626668501601684	1.3621599542474883	0.0005068959126801609	0.0005068959126801609	0.00037198814414585646
1821	0.36943996171994326	0.3695634394489389	-0.0001234777289956246	0.0001234777289956246	0.0003342294873049706
1822	0.5472821281328483	0.5473120803856091	-2.9952252760812037e-05	2.9952252760812037e-05	5.4729089844390774e-05
1823	-0.11678824444443048	-0.1163816477145474	-0.0004065967298830797	0.0004065967298830797	0.0034814867867676894
1824	-0.5944741500626782	-0.5942688928399775	-0.00020525722270070546	0.00020525722270070546	0.00034527527005011777
1825	-0.24837941145684375	-0.24833761273157506	-4.1798725268688e-05	4.1798725268688e-05	0.00016828578916232187
1826	0.21192662931282327	0.21223055184549366	-0.00030392253267039204	0.00030392253267039204	0.001434093174868432
1827	-0.20737479656158672	-0.20749999421809662	0.00012519765650989556	0.00012519765650989556	0.0006037264826090572
1828	-0.06992571657987062	-0.06960330231464695	-0.00032241426522366945	0.00032241426522366945	0.004610811029092581
1829	-0.28391019851398375	-0.28378293113462405	-0.00012726737935969679	0.00012726737935969679	0.00044826631810279384
1830	0.899645106490601	0.8994205180172798	0.0002245884733211856	0.0002245884733211856	0.0002496411881761644
1831	-1.1527495753677597	-1.152611782416102	-0.00013779295165772254	0.00013779295165772254	0.00011953415954524442
1832	-0.5950875940976924	-0.5956893932861362	0.0006017991884438301	0.0006017991884438301	0.0010112783301361107
1833	-0.7119178922473623	-0.7111072983647659	-0.000810593882596411	0.000810593882596411	0.001138605858096291
1834	0.8111268649692671	0.8108887607036763	0.00023810426559078834	0.00023810426559078834	0.00029354750270761887
1835	-0.048597793322779664	-0.04864219829414651	4.440497136684596e-05	4.440497136684596e-05	0.0009137240259432033
1836	0.22810756770673996	0.2279891538279344	0.00011841387880556775	0.00011841387880556775	0.0005191142056181284
1837	0.3476881309158587	0.3479366509253623	-0.00024852000950359443	0.00024852000950359443	0.0007147785253668519
1838	0.5598001879686408	0.5599318252862417	-0.0001316373176009078	0.0001316373176009078	0.00023515054197924265
1839	0.36738819542215373	0.3674439938947671	-5.579847261338866e-05	5.579847261338866e-05	0.00015187878464432552
1840	-2.6981042239885533	-2.6981189749122336	1.4750923680306727e-05	1.4750923680306727e-05	5.4671437630755166e-06
1841	1.7383456549937508	1.7353552033441133	0.0029904516496375155	0.0029904516496375155	0.001720285974798416
1842	-1.0534125048123706	-1.05656754193717	0.0031550371247994757	0.0031550371247994757	0.0029950632922868497
1843	0.5852855410966333	0.5857913429707651	-0.0005058018741317394	0.0005058018741317394	0.0008641967699800552
1844	-0.7360748457504821	-0.735922419899282	-0.00015242585120012198	0.00015242585120012198	0.00020707928287470913
1845	0.12473209857050875	0.12483588719192085	-0.00010378862141209588	0.00010378862141209588	0.0008320923210750446
1846	1.9464098565552121	1.9462607655711395	0.00014909098407267507	0.00014909098407267507	7.659793931404495e-05
1847	-1.0912934001406973	-1.0914549322791345	0.0001615321384371704	0.0001615321384371704	0.00014801898226118158
1848	0.9471005177594052	0.9471094541382286	-8.9363788233765e-06	8.9363788233765e-06	9.435512552054836e-06
1849	0.5091548436962358	0.5085402815581119	0.0006145621381238309	0.0006145621381238309	0.001207024043338929
1850	0.7549542681948334	0.7545289435952895	0.0004253245995438082	0.0004253245995438082	0.0005633779653445755
1851	-0.16539986573543833	-0.16472333800976457	-0.0006765277256737534	0.0006765277256737534	0.004090255591596902
1852	-0.10245091041336601	-0.1022730704676178	-0.00017783994574821493	0.00017783994574821493	0.0017358552015855338
1853	-0.29040888057032727	-0.2900680657802468	-0.0003408147900804681	0.0003408147900804681	0.0011735687607457108
1854	0.4254410674455804	0.42553435854841837	-9.329110283795572e-05	9.329110283795572e-05	0.00021928090627943174
1855	-0.1291921841034401	-0.12892707901102085	-0.0002651050924192544	0.0002651050924192544	0.0020520211362553722
1856	-0.43683442700405495	-0.43659938347673233	-0.00023504352732262035	0.00023504352732262035	0.0005380609054433307
1857	-0.07611405150971717	-0.07601985208793849	-9.419942177868457e-05	9.419942177868457e-05	0.0012376088239982666
1858	1.2125767847290119	1.2124104400754732	0.0001663446535387081	0.0001663446535387081	0.00013718277937828325
1859	1.0917664798524611	1.068267831684011	0.023498648168450043	0.023498648168450043	0.02152351130218396
1860	-0.2570013359909107	-0.25666078290953465	-0.00034055308137603824	0.00034055308137603824	0.001325102377631541
1861	-0.5494882071127644	-0.5491772825507724	-0.0003109245619919987	0.0003109245619919987	0.0005658439216115728
1862	-0.864964005894775	-0.8654505102896337	0.0004865043948587555	0.0004865043948587555	0.0005624562311763294
1863	0.19136966603788544	0.19139182819571943	-2.2162157833988116e-05	2.2162157833988116e-05	0.00011580810215554578
1864	-0.5518858053518404	-0.5520127821156962	0.0001269767638557573	0.0001269767638557573	0.00023007796653658552
1865	-0.11170499986668685	-0.11165018550229888	-5.48143643879645e-05	5.48143643879645e-05	0.0004907064540833635
1866	0.11720162296292896	0.11737907219355748	-0.00017744923062851248	0.00017744923062851248	0.0015140509674054592
1867	-0.6255557556807014	-0.6256429340538716	8.717837317018251e-05	8.717837317018251e-05	0.00013936147558153141
1868	0.40036989504694326	0.3998410845369449	0.0005288105099983675	0.0005288105099983675	0.001320804877040929
1869	-0.023282171115888185	-0.024048422872624542	0.0007662517567363566	0.0007662517567363566	0.032911525000065486
1870	0.4817340774429263	0.4834413598544529	-0.0017072824115266227	0.0017072824115266227	0.0035440349592642095
1871	0.14465066873631494	0.1449789901926124	-0.00032832145629746456	0.00032832145629746456	0.002269754154375635
1872	-0.35986099865267623	-0.36144804043658496	0.001587041783908727	0.001587041783908727	0.004410152225027524
1873	0.5818606607624718	0.5779135383789935	0.003947122383478274	0.003947122383478274	0.006783621319760567
1874	-0.6274485776583658	-0.6308187492365391	0.00337017157817332	0.00337017157817332	0.0053712315210766425
1875	0.5003352757310364	0.4969076413559037	0.0034276343751327154	0.0034276343751327154	0.006850675020114507
1876	2.001643733108293	2.0017950475832436	-0.0001513144749507589	0.0001513144749507589	7.559510838414145e-05
1877	0.8162111285444151	0.8160550759299667	0.00015605261444839869	0.00015605261444839869	0.00019119148096730085
1878	-1.4216968219900956	-1.4213778189997583	-0.0003190029903372693	0.0003190029903372693	0.0002243818691883463
1879	-0.7877743573523945	-0.7875485064801069	-0.00022585087228765843	0.00022585087228765843	0.00028669487674962325
1880	-0.7981493073157457	-0.7981821324989369	3.2825183191143026e-05	3.2825183191143026e-05	4.1126619907166654e-05
1881	1.426237481135742	1.4260366955909376	0.0002007855448042939	0.0002007855448042939	0.0001407798823547985
1882	-1.2362164328841083	-1.2362579121969475	4.14793128391544e-05	4.14793128391544e-05	3.355343913555869e-05
1883	-0.017046681346876633	-0.016344039096338747	-0.0007026422505378854	0.0007026422505378854	0.04121871209064552
1884	0.3414833716514902	0.34131370416901063	0.00016966748247954078	0.00016966748247954078	0.000496854302623846
1885	0.041240388301385614	0.04210697305495614	-0.000866584753570529	0.000866584753570529	0.02101301149827954
1886	0.4865207916999293	0.4859515258317515	0.0005692658681777929	0.0005692658681777929	0.0011700751085863112
1887	1.772386132494601	1.7722193431382038	0.00016678935639724557	0.00016678935639724557	9.410441288123406e-05
1888	0.056287646216835435	0.056407962780724574	-0.00012031656388913903	0.00012031656388913903	0.0021375305591149903
1889	-0.08590174738544165	-0.0860705292353714	0.00016878184992974443	0.00016878184992974443	0.001964824407732002
1890	0.0054969847726382874	0.0053430190760650476	0.0001539656965732399	0.0001539656965732399	0.028009118260544825
1891	-0.28067239598693755	-0.28096998933335726	0.00029759334641971114	0.00029759334641971114	0.0010602871913116853
1892	-0.25121630420131286	-0.2513053198072157	8.901560590285351e-05	8.901560590285351e-05	0.0003543384900349486
1893	-1.8641137037210211	-1.863816535518481	-0.0002971682025401101	0.0002971682025401101	0.00015941527705467886
1894	-0.8724906541570737	-0.8719909372416623	-0.0004997169154113967	0.0004997169154113967	0.0005727475853528548
1895	-0.5024841503528016	-0.50261250291328	0.00012835256047838417	0.00012835256047838417	0.0002554360379093867
1896	-0.1782900986933954	-0.1780484358278045	-0.0002416628655909081	0.0002416628655909081	0.001355447483410139
1897	0.34999561460959333	0.3501717638556556	-0.00017614924606229598	0.00017614924606229598	0.0005032898662424205
1898	-0.3261440820183319	-0.32631466309140933	0.00017058107307743597	0.00017058107307743597	0.0005230236649452617
1899	-0.41017789975399005	-0.409921783500522	-0.0002561162534680528	0.0002561162534680528	0.0006244028593975007
1900	0.4791443012162909	0.47915510579343845	-1.0804577147527361e-05	1.0804577147527361e-05	2.2549735267852134e-05
1901	0.8426162730501799	0.842690158854964	-7.388580478406848e-05	7.388580478406848e-05	8.768618307905429e-05
1902	0.671969761866237	0.671963725537239	6.036328997982565e-06	6.036328997982565e-06	8.983036649176133e-06
1903	-0.598200869770863	-0.5985234430028186	0.00032257323195561405	0.00032257323195561405	0.0005392389885343591
1904	0.41292912901243745	0.4129338089171597	-4.679904722248995e-06	4.679904722248995e-06	1.1333433253889038e-05
1905	0.24558650582991212	0.24516309871103203	0.000423407118880087	0.000423407118880087	0.0017240650802423547
1906	1.2600245209520191	1.2601518151100777	-0.00012729415805856625	0.00012729415805856625	0.00010102514351259481
1907	-0.7220029843316024	-0.721871210032532	-0.0001317742990704085	0.0001317742990704085	0.00018251212519903803
1908	-0.2507025201051038	-0.2507629634393993	6.0443334295501305e-05	6.0443334295501305e-05	0.0002410958384868298
1909	-0.7605438453446554	-0.7601631657365715	-0.0003806796080838559	0.0003806796080838559	0.0005005360445870724
1910	0.004258123870830048	0.004877061513752778	-0.0006189376429227306	0.0006189376429227306	0.14535454150658125
1911	-0.3571503964009372	-0.3566517011961423	-0.0004986952047948967	0.0004986952047948967	0.0013963170972798283
1912	-0.3278179067513206	-0.32764957155251295	-0.00016833519880765646	0.00016833519880765646	0.0005135021465906493
1913	-0.48929197396886887	-0.48941221064069396	0.00012023667182509135	0.00012023667182509135	0.0002457360394649379
1914	-0.25836110255991884	-0.258333373409414	-2.7729150504862687e-05	2.7729150504862687e-05	0.00010732711011879883
1915	-0.09572494222258233	-0.09589713479130069	0.00017219256871835176	0.00017219256871835176	0.0017988265620256499
1916	-0.06067851057237207	-0.06046940995929617	-0.00020910061307589933	0.00020910061307589933	0.0034460406345423102
1917	0.3173335023704781	0.3170056741907956	0.0003278281796824656	0.0003278281796824656	0.001033071444501108
1918	0.0088618934986643	0.008792132540236253	6.97609584280473e-05	6.97609584280473e-05	0.007872014986251183
1919	0.04980589883433152	0.04950709303130907	0.0002988058030224533	0.0002988058030224533	0.005999405893995925
1920	0.022780908841390227	0.022281072389773726	0.0004998364516165012	0.0004998364516165012	0.02194102329703182
1921	-1.5037367211812107	-1.5041808728994965	0.00044415171828582345	0.00044415171828582345	0.00029536534689193116
1922	0.34984135384413684	0.3499846217209779	-0.0001432678768410467	0.0001432678768410467	0.00040952241713790115
1923	-0.07459909425820692	-0.0746452174098522	4.612315164527481e-05	4.612315164527481e-05	0.0006182803169919269
1924	1.3675729539333519	1.3676196324325929	-4.667849924100409e-05	4.667849924100409e-05	3.413236500966876e-05
1925	0.3267862621834227	0.32666550665538807	0.00012075552803464396	0.00012075552803464396	0.0003695244935567847
1926	0.5740773132090731	0.5742120128502393	-0.0001346996411661916	0.0001346996411661916	0.000234636760706019
1927	0.27300943248107196	0.2728151031163861	0.00019432936468583017	0.00019432936468583017	0.0007118045809618803
1928	-0.6473106438170882	-0.647623307223455	0.00031266340636670886	0.00031266340636670886	0.00048301910273401704
1929	-0.16115502405152052	-0.16079892212417235	-0.00035610192734816803	0.00035610192734816803	0.0022096855462248816
1930	0.9594782939057014	0.9596058470435764	-0.00012755313787504718	0.00012755313787504718	0.00013294009743130598
1931	-0.3923601932149508	-0.39222230813606984	-0.00013788507888096158	0.00013788507888096158	0.00035142473998482957
1932	0.6546097252420906	0.654391787492159	0.00021793774993161819	0.00021793774993161819	0.00033292776066078073
1933	0.5177768315258198	0.5178934061049745	-0.0001165745791547046	0.0001165745791547046	0.00022514444845122704
1934	0.4334158039335492	0.43351808080416276	-0.00010227687061353796	0.00010227687061353796	0.00023597863687780735
1935	0.05884492227539713	0.0589813723053112	-0.00013645002991406752	0.00013645002991406752	0.0023188072077905833
1936	-1.201473920055005	-1.201405977049319	-6.794300568602196e-05	6.794300568602196e-05	5.654971327460145e-05
1937	0.0579760829549303	0.05779434236785619	0.00018174058707411123	0.00018174058707411123	0.0031347510526951866
1938	-0.7195079541624266	-0.7195878938475175	7.993968509090177e-05	7.993968509090177e-05	0.00011110326804372706
1939	-0.025372050586412766	-0.024881736969462054	-0.0004903136169507119	0.0004903136169507119	0.019324950314157284
1940	0.003958291285841853	0.004428550887780602	-0.0004702596019387495	0.0004702596019387495	0.11880368774799105
1941	0.6199077045457091	0.620726354433998	-0.000818649888288947	0.000818649888288947	0.001320599634890622
1942	0.0782273736209147	0.07818716712648666	4.020649442804114e-05	4.020649442804114e-05	0.0005139696319459666
1943	-0.1739368526686145	-0.17370509684155877	-0.0002317558270557296	0.0002317558270557296	0.0013324135943592825
1944	-0.49542563558767555	-0.49509740065190044	-0.0003282349357751069	0.0003282349357751069	0.0006625311897430449
1945	0.013859848033084422	0.01413677940576008	-0.0002769313726756588	0.0002769313726756588	0.019980837597541067
1946	0.15408802336385224	0.15422088610961282	-0.00013286274576057577	0.00013286274576057577	0.0008622522559514139
1947	-0.08573030672813259	-0.08592745874835828	0.00019715202022568823	0.00019715202022568823	0.002299677065788362
1948	-0.19284596697815098	-0.1930546663260202	0.0002086993478692123	0.0002086993478692123	0.001082207479572842
1949	0.0953213155146681	0.0953723050756139	-5.09895609457911e-05	5.09895609457911e-05	0.0005349229673392914
1950	-0.7297456229437883	-0.72901624629651	-0.0007293766472783458	0.0007293766472783458	0.0009994943776929362
1951	0.3879295089246248	0.3878005380926197	0.00012897083200508197	0.00012897083200508197	0.00033245945213758194
1952	0.34539522653110644	0.3455385278812173	-0.0001433013501108693	0.0001433013501108693	0.0004148909397216685
1953	0.6765331335258447	0.6746097245624583	0.001923408963386386	0.001923408963386386	0.002843037344471627
1954	-0.3547154084378021	-0.3530231192527822	-0.0016922891850199018	0.0016922891850199018	0.00477083640790484
1955	-0.1981767527620474	-0.19633965440135626	-0.0018370983606911528	0.0018370983606911528	0.009269999306613794
1956	0.12262325292893549	0.1244073552228997	-0.0017841022939642098	0.0017841022939642098	0.014549461471211828
1957	-2.515908866592871	-2.5156385131879233	-0.0002703534049475209	0.0002703534049475209	0.00010745755084270706
1958	-0.6003270157447468	-0.6002992937226281	-2.772202211864805e-05	2.772202211864805e-05	4.617820186595631e-05
1959	-0.20022829310863816	-0.200283708160498	5.541505185985285e-05	5.541505185985285e-05	0.00027675934803972097
1960	0.9498830783639168	0.9500080782203213	-0.00012499985640446187	0.00012499985640446187	0.00013159499232238376
1961	-0.36464595489819673	-0.36465162105514537	5.666156948636036e-06	5.666156948636036e-06	1.5538790085352617e-05
1962	-1.297887164700427	-1.2979149548471014	2.7790146674311345e-05	2.7790146674311345e-05	2.141183565886157e-05
1963	0.4859129752159945	0.4860138538163028	-0.000100878600308274	0.000100878600308274	0.0002076063111165784
1964	0.0664916368857299	0.06654764441549332	-5.600752976342438e-05	5.600752976342438e-05	0.0008423244243434234
1965	-0.0751441964693701	-0.07519772891839693	5.353244902683851e-05	5.353244902683851e-05	0.0007123963199028836
1966	0.0333845293169401	0.033187881058438506	0.00019664825850159579	0.00019664825850159579	0.0058904008091499975
1967	0.18221679671555485	0.1820495076785278	0.000167289037027063	0.000167289037027063	0.000918076928375629
1968	0.8681066179159752	0.8680642433702701	4.2374545705103905e-05	4.2374545705103905e-05	4.881260530743399e-05
1969	-0.4058232306351578	-0.4056802762022471	-0.00014295443291068022	0.00014295443291068022	0.00035225788500806344
1970	0.05589078438473047	0.055767852373378446	0.0001229320113520227	0.0001229320113520227	0.0021995041348106055
1971	-0.4117694035962758	-0.4117161568615302	-5.3246734745604485e-05	5.3246734745604485e-05	0.00012931202338144307
1972	-0.04877021111428768	-0.048632111607105344	-0.0001380995071823335	0.0001380995071823335	0.0028316364441956657
1973	-0.6001745883245894	-0.6000902516021256	-8.433672246377366e-05	8.433672246377366e-05	0.00014052031542888694
1974	-0.4552156603994868	-0.4552470135763542	3.135317686742134e-05	3.135317686742134e-05	6.88754355241349e-05
1975	0.2221593383662592	0.22292309737537153	-0.0007637590091123247	0.0007637590091123247	0.0034378883855567055
1976	-1.7900824987644754	-1.7904721680679359	0.00038966930346040485	0.00038966930346040485	0.00021768231560799947
1977	-0.5472586720942885	-0.5473815586967135	0.0001228866024249875	0.0001228866024249875	0.0002245493926203422
1978	-0.4753680071810342	-0.47185532068283464	-0.00351268649819958	0.00351268649819958	0.0073894045142626616
1979	1.054635267886906	1.051221953147774	0.0034133147391319785	0.0034133147391319785	0.003236488332095116
1980	-0.2976888509719394	-0.29785484788646954	0.0001659969145301199	0.0001659969145301199	0.000557618849305737
1981	0.5053001883207505	0.5056328178412173	-0.000332629520466754	0.000332629520466754	0.0006582810142465453
1982	0.5796691992608282	0.5796391969283832	3.00023324449894e-05	3.00023324449894e-05	5.1757679178481826e-05
1983	0.9674776471630976	0.9674380787529913	3.956841010632761e-05	3.956841010632761e-05	4.089852641283521e-05
1984	-0.9923700631270553	-0.992188595979826	-0.00018146714722933055	0.00018146714722933055	0.0001828623756116844
1985	-1.4421946743673604	-1.4424807009518759	0.00028602658451548635	0.00028602658451548635	0.00019832730601432574
1986	2.3258189268731653	2.325201020873635	0.000617905999530155	0.000617905999530155	0.00026567244439827003
1987	-0.5779606688731243	-0.5780075685493102	4.689967618598523e-05	4.689967618598523e-05	8.11468300731045e-05
1988	0.9891620914621395	0.9893683274242449	-0.0002062359621053389	0.0002062359621053389	0.00020849561854972547
1989	-1.7827934053878507	-1.7812460369270866	-0.001547368460764087	0.001547368460764087	0.000867946031260674
1990	1.3551108704383183	1.354577327056461	0.0005335433818574042	0.0005335433818574042	0.00039372673741804357
1991	0.4160113355897492	0.4161835695413174	-0.00017223395156823473	0.00017223395156823473	0.0004140126406028603
1992	-0.21590205391116854	-0.2156118213889613	-0.00029023252220725104	0.00029023252220725104	0.001344278652979676
1993	0.404889613604255	0.407699612132717	-0.0028099985284619766	0.0028099985284619766	0.0069401595744772795
1994	2.7521540225139245	2.7523460826373025	-0.00019206012337802392	0.00019206012337802392	6.978538330590551e-05
1995	0.23595528568424684	0.23662128839418983	-0.0006660027099429922	0.0006660027099429922	0.0028225801681519896
1996	-0.33241729206993653	-0.332495620888551	7.832881861447039e-05	7.832881861447039e-05	0.00023563400726455278
1997	-3.2684129439848024	-3.2682109715764796	-0.00020197240832287022	0.00020197240832287022	6.179525408335593e-05
1998	-0.08439780501520712	-0.08437654893356239	-2.125608164472992e-05	2.125608164472992e-05	0.0002518558585842359
1999	-0.2698281838534273	-0.2698114650172556	-1.671883617165859e-05	1.671883617165859e-05	6.196104473927153e-05
2000	0.2872892492758425	0.28748033345493695	-0.0001910841790944695	0.0001910841790944695	0.0006651281924963329
2001	-0.30528370979785957	-0.30483248809076713	-0.0004512217070924418	0.0004512217070924418	0.0014780405655814835
2002	0.7094459306931512	0.7091139674244573	0.00033196326869389114	0.00033196326869389114	0.00046791905391514824
2003	0.5958188190378186	0.5962128030461145	-0.00039398400829582236	0.00039398400829582236	0.0006612480098095305
2004	-0.11164409065518682	-0.11261100583936923	0.0009669151841824042	0.0009669151841824042	0.008660692908223197
2005	0.01919205228833375	0.01885679338187174	0.0003352589064620111	0.0003352589064620111	0.017468632401851286
2006	0.16776715540148127	0.16791357324308365	-0.00014641784160238092	0.00014641784160238092	0.0008727443774795514
2007	0.782085330207345	0.7787814845343632	0.003303845672981809	0.003303845672981809	0.00422440563116802
2008	-0.4067829396102121	-0.40651724818019375	-0.0002656914300183666	0.0002656914300183666	0.000653152834464881
2009	-0.1968839673470165	-0.19640572860879502	-0.0004782387382214759	0.0004782387382214759	0.0024290385076330746
2010	-0.5334693469812274	-0.5332855843107609	-0.00018376267046649186	0.00018376267046649186	0.0003444671591842341
2011	-0.436915967814881	-0.4372571443056472	0.00034117649076620404	0.00034117649076620404	0.0007808743920999443
2012	0.314815741851309	0.3152465623088574	-0.0004308204575483865	0.0004308204575483865	0.0013684844824305763
2013	-1.0250684443447982	-1.024646393545936	-0.00042205079886215024	0.00042205079886215024	0.00041172938372121686
2014	0.07515684175087699	0.08036506311270841	-0.005208221361831425	0.005208221361831425	0.06929803382498642
2015	0.03306847618270506	0.028051024557385063	0.005017451625319996	0.005017451625319996	0.15172914523180064
2016	-0.3360176758748107	-0.3361271320443393	0.00010945616952862114	0.00010945616952862114	0.0003257452729046342
2017	0.3485488413023442	0.34873227280485253	-0.0001834315025083244	0.0001834315025083244	0.0005262720192181305
2018	-0.3455867136641845	-0.34542845670415545	-0.000158256960029024	0.000158256960029024	0.00045793704957883995
2019	1.0370533211286144	1.0375042896910713	-0.0004509685624569659	0.0004509685624569659	0.0004348557140400279
2020	-1.1089583715728717	-1.1093434793423285	0.0003851077694567717	0.0003851077694567717	0.00034726981582776714
2021	-0.12924054531910437	-0.1260101150322157	-0.003230430286888658	0.003230430286888658	0.024995486353856594
2022	-0.9280332250030209	-0.9254433282706032	-0.002589896732417718	0.002589896732417718	0.002790737079924361
2023	0.5241229108590532	0.5242288522993022	-0.0001059414402490022	0.0001059414402490022	0.00020213090871254037
2024	0.11590272223002308	0.11388335813222739	0.002019364097795698	0.002019364097795698	0.017422922075876902
2025	1.092448508356532	1.092196082083774	0.0002524262727581217	0.0002524262727581217	0.00023106468710170063
2026	0.27653697896939705	0.27659614978858826	-5.917081919121214e-05	5.917081919121214e-05	0.00021397072974374353
2027	-0.1894715654452233	-0.18976633292311362	0.000294767477890312	0.000294767477890312	0.0015557346412252554
2028	-0.1361889429921011	-0.13615272712286242	-3.621586923868714e-05	3.621586923868714e-05	0.0002659237118889133
2029	-2.8181024342840213	-2.818214806325159	0.00011237204113756505	0.00011237204113756505	3.987507330127081e-05
2030	-0.7296486912312706	-0.7295107977114412	-0.0001378935198294018	0.0001378935198294018	0.00018898618127678493
2031	-0.5229583546258159	-0.523090549478411	0.00013219485259519104	0.00013219485259519104	0.00025278275301630535
2032	2.0361439343008745	2.0358754574871796	0.0002684768136949067	0.0002684768136949067	0.0001318555182529816
2033	0.9905554802916163	0.9901887976795365	0.0003666826120798383	0.0003666826120798383	0.0003701787727951272
2034	1.026754271712235	1.0268304462357492	-7.617452351404985e-05	7.617452351404985e-05	7.418963389070664e-05
2035	0.7859317706568909	0.7860619881157049	-0.00013021745881403035	0.00013021745881403035	0.00016568544964812033
2036	-0.5375576411158227	-0.5373460672259966	-0.00021157388982606662	0.00021157388982606662	0.000393583633909281
2037	-0.07028221032164123	-0.06861723179696355	-0.0016649785246776738	0.0016649785246776738	0.02368989986310939
2038	0.5760277016389275	0.5758195098124474	0.00020819182648001977	0.00020819182648001977	0.0003614267610527541
2039	-0.2690492561990562	-0.2692104897619174	0.00016123356286124046	0.00016123356286124046	0.0005992715428358284
2040	-1.6992944548961946	-1.699547470941809	0.00025301604561445146	0.00025301604561445146	0.0001488947632856882
2041	-0.963814903332873	-0.9638085284464637	-6.3748864093104984e-06	6.3748864093104984e-06	6.614222696978573e-06
2042	0.08936075893469811	0.08958370666789506	-0.00022294773319694872	0.00022294773319694872	0.002494917633363785
2043	1.0228987776832994	1.0231894358838645	-0.00029065820056506375	0.00029065820056506375	0.0002841514790186353
2044	0.290489825632535	0.2905713251522002	-8.149951966518465e-05	8.149951966518465e-05	0.0002805589472461602
2045	0.45248022714563935	0.45218938913649254	0.0002908380091468099	0.0002908380091468099	0.0006427640186213002
2046	0.8968280981041774	0.8969052782106246	-7.718010644719442e-05	7.718010644719442e-05	8.60589745240442e-05
2047	0.8642000478765401	0.8647913905335258	-0.0005913426569856828	0.0005913426569856828	0.0006842659387009918
2048	-0.3427062436083945	-0.342889143233549	0.00018289962515449787	0.00018289962515449787	0.0005336921301133183
2049	0.17564568997442503	0.17636659944031408	-0.0007209094658890414	0.0007209094658890414	0.004104339058897543
2050	-0.6384143432946371	-0.6348484612388461	-0.003565882055791003	0.003565882055791003	0.005585529356042834
2051	0.2826721325711619	0.28625597774123435	-0.0035838451700724305	0.0035838451700724305	0.012678452373334707
2052	-0.30805856806590043	-0.30441136463821294	-0.0036472034276874843	0.0036472034276874843	0.011839318252324241
2053	-0.31645886850064514	-0.316320056263919	-0.00013881223672612686	0.00013881223672612686	0.0004386422709017677
2054	-0.5449509214717708	-0.5448319700036564	-0.00011895146811446988	0.00011895146811446988	0.0002182792310786683
2055	-0.03956350498054688	-0.039721780531465356	0.0001582755509184769	0.0001582755509184769	0.004000544213570056
2056	-0.46013119870564095	-0.46113043451612157	0.0009992358104806143	0.0009992358104806143	0.002171632380702474
2057	0.6493108714285192	0.6485788161398887	0.0007320552886305176	0.0007320552886305176	0.001127434208855854
2058	-1.4639713002617465	-1.4640665984018142	9.52981400677011e-05	9.52981400677011e-05	6.509563408153053e-05
2059	0.9287654644689955	0.9284893709207154	0.0002760935482801763	0.0002760935482801763	0.0002972693956035797
2060	-0.9883655509899558	-0.9883830116734771	1.7460683521264286e-05	1.7460683521264286e-05	1.76662202600804e-05
2061	0.315386497944496	0.315242026381668	0.0001444715628280413	0.0001444715628280413	0.00045807783075566677
2062	-0.8199683305209375	-0.8198961879131161	-7.214260782140158e-05	7.214260782140158e-05	8.798218801397898e-05
2063	0.15092103227062514	0.15090302698439473	1.8005286230415862e-05	1.8005286230415862e-05	0.00011930269730814955
2064	1.5499712677457471	1.5497948154532537	0.000176452292493412	0.000176452292493412	0.00011384229899309122
2065	-0.2898396360495049	-0.2905706640774497	0.0007310280279447801	0.0007310280279447801	0.002522181016746515
2066	-0.4604199861277186	-0.4616594430473242	0.001239456919605586	0.001239456919605586	0.0026920137199729767
2067	1.2790345194146038	1.2790873206256492	-5.28012110454501e-05	5.28012110454501e-05	4.1282084450399726e-05
2068	-0.77300367306902	-0.7732554463615315	0.0002517732925115812	0.0002517732925115812	0.00032570775700453995
2069	-0.2667327182281739	-0.2665134072756814	-0.00021931095249250188	0.00021931095249250188	0.0008222124152946789
2070	-1.3768835583665626	-1.3770495923779436	0.00016603401138093332	0.00016603401138093332	0.00012058682113824087
2071	0.898878499084422	0.8991342442001837	-0.00025574511576176295	0.00025574511576176295	0.0002845157782973554
2072	0.9331779384888782	0.9333538922220441	-0.00017595373316592333	0.00017595373316592333	0.00018855325003809054
2073	0.0004497265650691717	0.0004847986616596245	-3.507209659045279e-05	3.507209659045279e-05	0.07798537892698958
2074	0.5505817169638789	0.5499839162865783	0.0005978006773006417	0.0005978006773006417	0.0010857619475582053
2075	1.9450835450464063	1.9448714082130891	0.00021213683331722244	0.00021213683331722244	0.0001090630959567144
2076	0.3921869470395407	0.39254943327193814	-0.00036248623239742983	0.00036248623239742983	0.0009242689873635279
2077	-0.0008033137335513958	-0.00036983988849215166	-0.0004334738450592441	0.0004334738450592441	0.5396071633717571
2078	-0.06833670648199533	-0.0681776518405286	-0.00015905464146673265	0.00015905464146673265	0.002327514006087472
2079	0.321381990915346	0.32153796248479694	-0.00015597156945090784	0.00015597156945090784	0.0004853152132348066
2080	-0.576055665877071	-0.575762243855138	-0.0002934220219330541	0.0002934220219330541	0.0005093640064911187
2081	-1.9319321779822776	-1.9318387935811643	-9.338440111328339e-05	9.338440111328339e-05	4.8337308202410426e-05
2082	-0.6173600927973943	-0.6173330711050085	-2.702169238588681e-05	2.702169238588681e-05	4.376974265285853e-05
2083	0.9710205617308603	0.9710150494584013	5.512272458929601e-06	5.512272458929601e-06	5.6767824247757265e-06
2084	-0.5564434664585177	-0.5566800078824485	0.0002365414239308139	0.0002365414239308139	0.0004250951591475786
2085	1.0115142826654828	1.0117645039713352	-0.0002502213058523939	0.0002502213058523939	0.0002473729833977484
2086	-1.0252462188466311	-1.0253909074862122	0.0001446886395810587	0.0001446886395810587	0.00014112574806062563
2087	0.34654352223000445	0.3466717146238807	-0.00012819239387623638	0.00012819239387623638	0.00036991715514207127
2088	-0.899344724654675	-0.8996741648559237	0.00032944020124869855	0.00032944020124869855	0.0003663113734004445
2089	0.37128957833501364	0.3714780893986358	-0.0001885110636221654	0.0001885110636221654	0.0005077197815988047
2090	0.2774824805284156	0.2774190081993311	6.347232908454625e-05	6.347232908454625e-05	0.00022874355513787605
2091	-0.6816401875562623	-0.6810943056336782	-0.0005458819225840905	0.0005458819225840905	0.0008008358846052245
2092	-1.3026434216587162	-1.3024991448347123	-0.00014427682400386388	0.00014427682400386388	0.00011075695896897826
2093	0.5094316055338234	0.5095366764109599	-0.00010507087713651497	0.00010507087713651497	0.00020625119445899566
2094	1.4918683074631411	1.4923320009714303	-0.00046369350828912026	0.00046369350828912026	0.0003108139679417223
2095	1.3774065384469278	1.377772980575287	-0.0003664421283591235	0.0003664421283591235	0.0002660377442176943
2096	-0.411668715784857	-0.41149956528840903	-0.0001691504964479451	0.0001691504964479451	0.0004108898489540439
2097	-1.072551903252374	-1.0723925876305884	-0.0001593156217856162	0.0001593156217856162	0.00014853884581483872
2098	0.4670073076715945	0.46690979597485693	9.751169673755111e-05	9.751169673755111e-05	0.0002088012224556507
2099	0.37794132219825377	0.3780361038678848	-9.478166963100554e-05	9.478166963100554e-05	0.0002507840875396172
2100	0.052088640933623545	0.052443835286908325	-0.00035519435328477955	0.00035519435328477955	0.006819036682823095
2101	0.8651998381682792	0.8649643302192089	0.00023550794907023498	0.00023550794907023498	0.0002722006392983505
2102	2.229234093013787	2.2291121331932118	0.00012195982057505717	0.00012195982057505717	5.470929273747784e-05
2103	0.545621690550388	0.5454894156429191	0.00013227490746892112	0.00013227490746892112	0.00024242970864206428
2104	0.8627157761158132	0.8623904351097167	0.0003253410060964912	0.0003253410060964912	0.00037711261936262144
2105	-1.9177311326509359	-1.9180902103670405	0.000359077716104661	0.000359077716104661	0.00018724090671057593
2106	-0.5316083643068458	-0.531538143100363	-7.022120648281227e-05	7.022120648281227e-05	0.00013209198951256608
2107	-1.8657994195381298	-1.8654425299473587	-0.0003568895907710701	0.0003568895907710701	0.0001912797201209423
2108	-0.19211639763993116	-0.19242102550265372	0.0003046278627225618	0.0003046278627225618	0.0015856421756018045
2109	0.3135565164691817	0.3134935921877968	6.29242813848796e-05	6.29242813848796e-05	0.00020067923350291524
2110	-0.8997697906023419	-0.8998990383588534	0.0001292477565115746	0.0001292477565115746	0.00014364536113737602
2111	2.0675349742096465	2.0674141074294994	0.00012086678014711083	0.00012086678014711083	5.8459364245247846e-05
2112	0.11569207079980914	0.11561188222231067	8.018857749847452e-05	8.018857749847452e-05	0.0006931207726174334
2113	0.1536113717438016	0.1534167906527273	0.00019458109107431398	0.00019458109107431398	0.001266710197724444
2114	-0.8831916509409536	-0.8833029999451014	0.00011134900414777604	0.00011134900414777604	0.00012607569832566313
2115	-0.7221538213706409	-0.7219960238558087	-0.00015779751483213644	0.00015779751483213644	0.0002185095614846132
2116	0.7105160062006421	0.7105098906663443	6.115534297856939e-06	6.115534297856939e-06	8.607173159347486e-06
2117	-0.6669922675446457	-0.6671890899170307	0.00019682237238505262	0.00019682237238505262	0.00029508943650816485
2118	0.29481379647952866	0.29307751297835694	0.0017362835011717204	0.0017362835011717204	0.005889424178601102
2119	0.9788355993877855	0.9789084847398044	-7.288535201888102e-05	7.288535201888102e-05	7.446128038709186e-05
2120	1.4925066372692462	1.4927203294945457	-0.00021369222529954435	0.00021369222529954435	0.0001431767336663405
2121	-0.5905355790122534	-0.5904883799772165	-4.719903503691558e-05	4.719903503691558e-05	7.992581093227614e-05
2122	-1.3178817642562204	-1.3175993667289276	-0.0002823975272927548	0.0002823975272927548	0.0002142813831650011
2123	-0.5854905458764846	-0.5850721972464612	-0.00041834863002343514	0.00041834863002343514	0.0007145267040941941
2124	0.11695333771217667	0.11666966388190758	0.00028367383026908777	0.00028367383026908777	0.0024255300089614535
2125	0.1966162012987137	0.1964694636171771	0.00014673768153661282	0.00014673768153661282	0.0007463153115936678
2126	-0.8408137457846213	-0.8409753724549773	0.00016162667035601874	0.00016162667035601874	0.00019222648436270954
2127	0.6654598854897462	0.6656694646167693	-0.00020957912702312953	0.00020957912702312953	0.00031493878382900486
2128	0.4377172912004171	0.43807960393849044	-0.00036231273807335596	0.00036231273807335596	0.0008277322951527274
2129	1.1751985339392612	1.1746171031958852	0.0005814307433760213	0.0005814307433760213	0.0004947510795704174
2130	-1.458430207190788	-1.458177601712407	-0.0002526054783809073	0.0002526054783809073	0.00017320367963817286
2131	-0.376815001028696	-0.3766784251695299	-0.00013657585916609927	0.00013657585916609927	0.00036244804159401943
2132	0.0944121264080692	0.09455555955639738	-0.00014343314832818144	0.00014343314832818144	0.001519223788141716
2133	1.8156924336780667	1.8153086901051552	0.000383743572911488	0.000383743572911488	0.00021134833509997875
2134	-0.19355417825084686	-0.19336905705102936	-0.0001851211998175062	0.0001851211998175062	0.0009564309150567057
2135	-0.34472320217891156	-0.34455942241606863	-0.0001637797628429305	0.0001637797628429305	0.0004751051330682659
2136	-0.3652048331032363	-0.3646694106507198	-0.0005354224525165319	0.0005354224525165319	0.001466088079850735
2137	-1.5711881082958103	-1.5716671114134328	0.0004790031176225007	0.0004790031176225007	0.0003048668170878989
2138	-1.039645882993497	-1.0395411433279378	-0.00010473966555912817	0.00010473966555912817	0.00010074552044350598
2139	0.22141581240683164	0.22189250307036446	-0.00047669066353281386	0.00047669066353281386	0.002152920599261166
2140	0.18383713183128936	0.1837636125969766	7.351923431275775e-05	7.351923431275775e-05	0.00039991504208316126
2141	0.5834810159271572	0.5836296459449386	-0.00014863001778142593	0.00014863001778142593	0.0002547298262056587
2142	0.08062897407402772	0.08090406760885571	-0.0002750935348279915	0.0002750935348279915	0.003411844662384274
2143	0.6489591236329699	0.649136249329274	-0.00017712569630412567	0.00017712569630412567	0.00027293814025226983
2144	-0.02938180790781489	-0.03108606770751976	0.0017042597997048714	0.0017042597997048714	0.05800391198022833
2145	-0.04970292244394074	-0.05138076407007475	0.0016778416261340051	0.0016778416261340051	0.0337574038634533
2146	-0.48359235163178826	-0.4836137490542569	2.139742246864973e-05	2.139742246864973e-05	4.424681737924161e-05
2147	-0.22333159044114542	-0.22372200635345507	0.00039041591230964956	0.00039041591230964956	0.0017481445931516611
2148	-0.3552273317675707	-0.35511803973520273	-0.00010929203236798024	0.00010929203236798024	0.00030766785828149977
2149	0.1905666059688491	0.19046996014537854	9.664582347057582e-05	9.664582347057582e-05	0.0005071498386573248
2150	0.22241328684242023	0.22220499919711756	0.00020828764530267385	0.00020828764530267385	0.0009364892190557195
2151	0.018141007795446747	0.017742252268249104	0.0003987555271976438	0.0003987555271976438	0.021980891673379268
2152	0.4217818612642528	0.4216868152937536	9.504597049919683e-05	9.504597049919683e-05	0.00022534390221121687
2153	0.2678942462898264	0.26797576877868323	-8.152248885684443e-05	8.152248885684443e-05	0.00030430847241358
2154	0.5860356588399502	0.5859970692299044	3.858961004588046e-05	3.858961004588046e-05	6.584856990147678e-05
2155	-0.3808900590983227	-0.38098483263127036	9.477353294767843e-05	9.477353294767843e-05	0.00024882122986363803
2156	-0.14884825100536067	-0.14966889290946028	0.0008206419040996116	0.0008206419040996116	0.005513278782631156
2157	-0.7886043614275478	-0.7880661584636073	-0.0005382029639404706	0.0005382029639404706	0.0006824752566245064
2158	0.6439145368517071	0.6437605153664094	0.0001540214852976396	0.0001540214852976396	0.0002391955399092203
2159	-0.5408176707373601	-0.5411059920064076	0.0002883212690475423	0.0002883212690475423	0.000533121021460782
2160	1.4213551664291113	1.4215682068865476	-0.00021304045743630873	0.00021304045743630873	0.00014988544908978168
2161	-0.3208078215340407	-0.3208444643902908	3.6642856250101996e-05	3.6642856250101996e-05	0.00011422058251224355
2162	0.5871453157337709	0.5868346790691703	0.00031063666460062755	0.00031063666460062755	0.0005290626634948399
2163	-0.43668245517578375	-0.436747305229801	6.485005401724031e-05	6.485005401724031e-05	0.00014850620456261594
2164	0.3673396538454088	0.3671909340354773	0.0001487198099314746	0.0001487198099314746	0.00040485640026780733
2165	0.08300278592669143	0.0834749713050087	-0.00047218537831726637	0.00047218537831726637	0.005688789515261613
2166	0.09002061450340218	0.09021298232170238	-0.00019236781830020422	0.00019236781830020422	0.002136930739268993
2167	-0.1014540992922418	-0.1011865014106661	-0.00026759788157570963	0.00026759788157570963	0.0026376251274468987
2168	0.4194013243034938	0.419481562445867	-8.023814237317906e-05	8.023814237317906e-05	0.0001913159013182225
2169	-0.4259237321875676	-0.425751779388861	-0.0001719527987066316	0.0001719527987066316	0.0004037173458813215
2170	0.022661494670874444	0.02264966922638223	1.1825444492213899e-05	1.1825444492213899e-05	0.0005218298556190331
2171	-0.2783823858989291	-0.27863619518342375	0.0002538092844946438	0.0002538092844946438	0.0009117289647298054
2172	0.12664876136054004	0.1271400679527801	-0.0004913065922400595	0.0004913065922400595	0.0038792846212006922
2173	0.5464707977180266	0.5463799887479581	9.080897006852329e-05	9.080897006852329e-05	0.0001661735090836085
2174	-0.6376473843446133	-0.6379708090378244	0.0003234246932111162	0.0003234246932111162	0.00050721558835145
2175	-0.7818497872803081	-0.7823831213755739	0.0005333340952657917	0.0005333340952657917	0.0006821439411284014
2176	-0.4502286494045396	-0.44637176480932794	-0.0038568845952116626	0.0038568845952116626	0.00856650193254622
2177	0.5505550998807139	0.5534705838599052	-0.00291548397919128	0.00291548397919128	0.005295535323935722
2178	0.045645777924126094	0.04587904783193153	-0.00023326990780543622	0.00023326990780543622	0.005110437775716849
2179	0.03577796780845014	0.035484804364216416	0.00029316344423372526	0.00029316344423372526	0.008193965789316996
2180	0.04665045489738244	0.046679452601949833	-2.8997704567393368e-05	2.8997704567393368e-05	0.0006215953227290058
2181	0.6526774520440662	0.6529381237214693	-0.0002606716774030682	0.0002606716774030682	0.00039938820712542194
2182	0.7850022790874831	0.7849080803623565	9.41987251266152e-05	9.41987251266152e-05	0.00011999802756765934
2183	-0.4705293046978946	-0.4696802715145054	-0.0008490331833891918	0.0008490331833891918	0.0018044214779232874
2184	0.8388796421814282	0.8390248447085469	-0.00014520252711869297	0.00014520252711869297	0.0001730910130815755
2185	-0.08100043928131238	-0.08128288383346671	0.00028244455215432895	0.00028244455215432895	0.0034869508691601843
2186	0.7024684035326029	0.7028466773491004	-0.0003782738164975763	0.0003782738164975763	0.0005384922860520088
2187	0.056107079611283854	0.05600653202719741	0.00010054758408644532	0.00010054758408644532	0.00179206589940254
2188	-0.18848571142557555	-0.1877863128925128	-0.0006993985330627506	0.0006993985330627506	0.0037106183156961014
2189	-0.37604964281803904	-0.37558785882652046	-0.00046178399151858285	0.00046178399151858285	0.0012279867840268859
2190	-0.9995743322213574	-0.9997149526412841	0.00014062041992668473	0.00014062041992668473	0.00014068030299876097
2191	-0.8602119168714145	-0.8639782062189738	0.003766289347559293	0.003766289347559293	0.004378327332708043
2192	0.5248114566859946	0.5252276475715689	-0.00041619088557431905	0.00041619088557431905	0.0007930293446763197
2193	1.0435323136406869	1.0404875917728873	0.0030447218677995824	0.0030447218677995824	0.002917707317732331
2194	0.30138058128626555	0.3011731076796309	0.00020747360663464498	0.00020747360663464498	0.0006884106658404004
2195	-0.17085057399757977	-0.17118649499536787	0.0003359209977880917	0.0003359209977880917	0.0019661683887163897
2196	-0.22789639695594763	-0.2277919237911874	-0.00010447316476022706	0.00010447316476022706	0.00045842394243916773
2197	0.5517323719832437	0.5518678407057109	-0.00013546872246728014	0.00013546872246728014	0.00024553339507763086
2198	-0.1414920141657963	-0.14143729880089495	-5.47153649013421e-05	5.47153649013421e-05	0.00038670284838286493
2199	-0.7516664640066547	-0.7513526998721431	-0.0003137641345115627	0.0003137641345115627	0.000417424681738608
2200	0.26887719647870645	0.26966358362301435	-0.0007863871443078985	0.0007863871443078985	0.0029247074672253803
2201	0.5829267555180474	0.5838072006838502	-0.0008804451658027679	0.0008804451658027679	0.0015103872956051154
2202	0.2992837968341175	0.2987276161121599	0.0005561807219575665	0.0005561807219575665	0.001858372313639946
2203	-0.046453678817060876	-0.046124583420237286	-0.00032909539682358935	0.00032909539682358935	0.007084377496120365
2204	-0.19132145807149747	-0.19120848249087885	-0.0001129755806186239	0.0001129755806186239	0.0005905013570218796
2205	0.31416476133791804	0.31403712921473925	0.00012763212317878914	0.00012763212317878914	0.0004062585588378801
2206	0.413155179401413	0.4126947595679553	0.00046041983345768145	0.00046041983345768145	0.0011143992775904355
2207	0.027112257705987172	0.026854507993334664	0.000257749712652508	0.000257749712652508	0.00950675946826772
2208	0.007614462707204669	0.007771345131857288	-0.00015688242465261917	0.00015688242465261917	0.020603216626720072
2209	3.276209457527145	3.2761922195518878	1.7237975257433646e-05	1.7237975257433646e-05	5.261560800952184e-06
2210	2.018063781906766	2.018128667145902	-6.488523913583677e-05	6.488523913583677e-05	3.215222418516921e-05
2211	-2.427552891789759	-2.423115621326133	-0.004437270463625964	0.004437270463625964	0.0018278779748252996
2212	-0.7400643595024492	-0.7400087725244475	-5.5586978001676e-05	5.5586978001676e-05	7.511100526317406e-05
2213	-0.2026091594851165	-0.20253142879766983	-7.773068744668099e-05	7.773068744668099e-05	0.00038364843743597394
2214	-0.8053017249356385	-0.8049767661475471	-0.00032495878809135625	0.00032495878809135625	0.00040352426678004163
2215	-2.254513918224241	-2.254526426966663	1.250874242231248e-05	1.250874242231248e-05	5.548310135146534e-06
2216	-1.9157857729298071	-1.9156179850057242	-0.0001677879240828961	0.0001677879240828961	8.758177790740058e-05
2217	3.088761321026536	3.0889108376044305	-0.00014951657789463724	0.00014951657789463724	4.840664666344179e-05
2218	-0.5786174293880539	-0.5785453776923077	-7.20516957462003e-05	7.20516957462003e-05	0.0001245238945228494
2219	-1.108264920109504	-1.108222798059444	-4.212205006015601e-05	4.212205006015601e-05	3.8007203238007455e-05
2220	-1.8222650054300777	-1.82260674533552	0.00034173990544217325	0.00034173990544217325	0.0001875357889351106
2221	0.13488702145995815	0.13472510777745583	0.0001619136825023182	0.0001619136825023182	0.0012003651704206623
2222	0.15950840271683486	0.15953071397234453	-2.231125550966606e-05	2.231125550966606e-05	0.00013987511083835387
2223	0.027446469330620192	0.027048020584174992	0.00039844874644519995	0.00039844874644519995	0.01451730427128845
2224	0.5859508983222013	0.5826000307820323	0.0033508675401690002	0.0033508675401690002	0.005718683169125262
2225	0.8516878189833106	0.8519049544233326	-0.00021713544002199825	0.00021713544002199825	0.00025494721796209363
2226	1.3958487886305502	1.3958808482428253	-3.20596122751482e-05	3.20596122751482e-05	2.2967826125780776e-05
2227	0.33256921941236983	0.3331837330975418	-0.0006145136851719579	0.0006145136851719579	0.0018477767914233533
2228	1.5619974293787497	1.5611129708403837	0.0008844585383660508	0.0008844585383660508	0.000566235591512993
2229	-0.867578815339344	-0.8677985082314876	0.0002196928921436303	0.0002196928921436303	0.00025322528427310645
2230	-0.5486109024898832	-0.5469164308422592	-0.0016944716476240407	0.0016944716476240407	0.003088658355008335
2231	0.4462978920156704	0.4441023488652718	0.0021955431503986045	0.0021955431503986045	0.004919456689527708
2232	0.5087727968589294	0.5087254940008279	4.7302858101505585e-05	4.7302858101505585e-05	9.297442472070994e-05
2233	0.5287925188125996	0.52867139444146	0.000121124371139536	0.000121124371139536	0.00022905840538652107
2234	-1.8466562320690194	-1.8466241209509349	-3.211111808454348e-05	3.211111808454348e-05	1.7388790358975332e-05
2235	0.8552952750364572	0.855512651043	-0.0002173760065428132	0.0002173760065428132	0.00025415317129344304
2236	-1.941209605411898	-1.9417272049935264	0.0005175995816284473	0.0005175995816284473	0.0002666376573582943
2237	-2.044319944991352	-2.044097595273797	-0.00022234971755485944	0.00022234971755485944	0.00010876463740405371
2238	0.5124906372002469	0.5129121022378058	-0.0004214650375589102	0.0004214650375589102	0.0008223858290590194
2239	1.4826305060858487	1.4826375989187568	-7.0928329081176855e-06	7.0928329081176855e-06	4.783951820094945e-06
2240	0.9454089506926904	0.9455065771106774	-9.762641798705118e-05	9.762641798705118e-05	0.00010326369124760393
2241	-0.3987972876847218	-0.39880664975555646	9.36207083468421e-06	9.36207083468421e-06	2.3475763561575694e-05
2242	0.2253806269439618	0.22503995511158337	0.0003406718323784308	0.0003406718323784308	0.0015115399979037897
2243	0.7862402203258282	0.7859392502211904	0.00030097010463780993	0.00030097010463780993	0.00038279662736292477
2244	0.048112266076589576	0.048309575959137874	-0.000197309882548298	0.000197309882548298	0.004101030748254547
2245	0.27523309675425606	0.27563324289303637	-0.0004001461387803107	0.0004001461387803107	0.0014538445539403432
2246	-0.37315776700520376	-0.3729507685577005	-0.00020699844750327046	0.00020699844750327046	0.0005547209941911348
2247	-2.4062670479709296	-2.407400738128729	0.0011336901577991831	0.0011336901577991831	0.00047114062371221875
2248	0.26892173973067235	0.2690862727305898	-0.00016453299991747716	0.00016453299991747716	0.0006118248382680348
2249	-0.3698699875989795	-0.37324277504069414	0.003372787441714653	0.003372787441714653	0.00911884595884405
2250	0.29928980803955285	0.2993709133960465	-8.110535649363815e-05	8.110535649363815e-05	0.0002709927111280703
2251	-0.5342948445414128	-0.534068341927707	-0.0002265026137058257	0.0002265026137058257	0.0004239281288597005
2252	0.6595021886884592	0.6593719949989918	0.00013019368946742826	0.00013019368946742826	0.00019741206579820795
2253	2.3464749323092473	2.346335278552658	0.00013965375658919754	0.00013965375658919754	5.9516406788015176e-05
2254	0.7544747504733876	0.7550800859590368	-0.0006053354856491167	0.0006053354856491167	0.0008023270298566055
2255	0.27128868900961334	0.27161109952089646	-0.00032241051128312215	0.00032241051128312215	0.001188440669827179
2256	-0.6086159636246645	-0.6093870140517765	0.0007710504271120078	0.0007710504271120078	0.0012668915592025402
2257	0.024292089589595403	0.02050824719646016	0.003783842393135242	0.003783842393135242	0.15576438491137082
2258	-0.13387168515674694	-0.13392870793182965	5.702277508271014e-05	5.702277508271014e-05	0.00042595097698175404
2259	1.484746540884409	1.4846991892767392	4.735160766977664e-05	4.735160766977664e-05	3.189204781145409e-05
2260	-0.9650922257898571	-0.9653439798427144	0.00025175405285726704	0.00025175405285726704	0.00026086009826804357
2261	-0.15506312282706128	-0.1553072019291335	0.00024407910207221994	0.00024407910207221994	0.0015740628566112162
2262	-0.9225435279383309	-0.9223232445805252	-0.0002202833578057728	0.0002202833578057728	0.00023877828106176691
2263	-0.6130898248949952	-0.6131488842839872	5.905938899197771e-05	5.905938899197771e-05	9.633072772345048e-05
2264	0.6129915927514019	0.6133621443069615	-0.00037055155555953956	0.00037055155555953956	0.0006044969620159479
2265	0.4166682383082412	0.4164511524891168	0.00021708581912438518	0.00021708581912438518	0.0005210040007028093
2266	0.048850972328638456	0.049023928610836265	-0.00017295628219780868	0.00017295628219780868	0.0035404880180125824
2267	-0.3596304113386828	-0.3595397910061138	-9.062033256901358e-05	9.062033256901358e-05	0.00025198183944369394
2268	0.10174481756677421	0.1018772382650468	-0.00013242069827258673	0.00013242069827258673	0.0013014982132694888
2269	0.6927101395311583	0.6927690305644774	-5.889103331901957e-05	5.889103331901957e-05	8.501540537414153e-05
2270	-0.3243995888756571	-0.32445501854994063	5.542967428351364e-05	5.542967428351364e-05	0.00017086850965387606
2271	-0.41591702224535976	-0.4159621141965886	4.509195122881504e-05	4.509195122881504e-05	0.00010841573875813667
2272	-0.5785832934946966	-0.5781081260067822	-0.00047516748791442964	0.00047516748791442964	0.0008212602977945907
2273	-0.7472143222600452	-0.747968987383274	0.0007546651232287482	0.0007546651232287482	0.0010099714375738503
2274	-0.3069173497901018	-0.30689869869604536	-1.8651094056465478e-05	1.8651094056465478e-05	6.076910956392919e-05
2275	0.5791341787361828	0.5789748373956627	0.00015934134052009163	0.00015934134052009163	0.00027513717264592247
2276	0.7310408201029817	0.7306326649967332	0.0004081551062484756	0.0004081551062484756	0.0005583205411032709
2277	0.11016491061559582	0.11014497448513794	1.9936130457878787e-05	1.9936130457878787e-05	0.00018096624729668206
2278	0.3100073445883967	0.3100769300417028	-6.9585453306098e-05	6.9585453306098e-05	0.00022446388616530387
2279	0.1447910384578125	0.14455551637837516	0.0002355220794373336	0.0002355220794373336	0.001626634368714451
2280	0.15624802486515146	0.15606644985410867	0.00018157501104279494	0.00018157501104279494	0.0011620947605545844
2281	-0.356369051643844	-0.3566786902169383	0.0003096385730942952	0.0003096385730942952	0.0008688705477257567
2282	1.373550814329647	1.373804765080422	-0.000253950750774834	0.000253950750774834	0.0001848863166367624
2283	0.10244402352676231	0.10244477996224077	-7.564354784633798e-07	7.564354784633798e-07	7.383890757334124e-06
2284	-0.1069141974050208	-0.10864354244688457	0.0017293450418637696	0.0017293450418637696	0.01617507388015577
2285	-0.9439140985958876	-0.9458355591505097	0.0019214605546220564	0.0019214605546220564	0.0020356307395771617
2286	-0.05435317250495337	-0.04960476876192388	-0.00474840374302949	0.00474840374302949	0.08736203471097762
2287	0.23552379009663738	0.2353562845556212	0.00016750554101618853	0.00016750554101618853	0.0007112043371391893
2288	-0.252696735448144	-0.25230840322620907	-0.00038833222193496164	0.00038833222193496164	0.0015367520330101432
2289	0.06219854520993918	0.062105677656632	9.286755330718127e-05	9.286755330718127e-05	0.0014930824023893932
2290	1.2981995165329365	1.2981177739348482	8.174259808835238e-05	8.174259808835238e-05	6.296612889416255e-05
2291	-0.803610825108881	-0.8040349300202365	0.0004241049113554718	0.0004241049113554718	0.000527749126945882
2292	0.5867512299076614	0.5872339893855383	-0.000482759477876904	0.000482759477876904	0.0008227668784825166
2293	-1.099002795144236	-1.100580371740989	0.0015775765967529498	0.0015775765967529498	0.0014354618602638808
2294	1.7000496920895845	1.6983630709646036	0.0016866211249808583	0.0016866211249808583	0.0009921010737678963
2295	-0.46426099720853525	-0.46600963693066433	0.001748639722129075	0.001748639722129075	0.003766501456385807
2296	-0.20865688978296082	-0.20877871784108493	0.00012182805812410713	0.00012182805812410713	0.0005838678907311871
2297	-0.7298415462030047	-0.7298769701691299	3.542396612521426e-05	3.542396612521426e-05	4.8536516329478885e-05
2298	-0.002033611168689624	-0.002086232527176435	5.262135848681064e-05	5.262135848681064e-05	0.025875820951906794
2299	2.5029733186018954	2.503347590682381	-0.0003742720804855715	0.0003742720804855715	0.00014953099088352704
2300	-1.5872335267270572	-1.586791243326502	-0.0004422834005552989	0.0004422834005552989	0.00027865049037069297
2301	0.09139444448238132	0.09417718759152649	-0.0027827431091451693	0.0027827431091451693	0.030447617739846496
2302	-0.07089338355446707	-0.07074996707245873	-0.00014341648200834334	0.00014341648200834334	0.0020229882510567026
2303	0.6379743477780355	0.6382386175829424	-0.00026426980490690255	0.00026426980490690255	0.0004142326503053184
2304	0.5472864095046257	0.5474088611805428	-0.00012245167591706796	0.00012245167591706796	0.00022374331573098014
2305	-2.161685431135311	-2.1617158524946944	3.0421359383581148e-05	3.0421359383581148e-05	1.407298163988825e-05
2306	0.4252326223101429	0.4247579291742909	0.00047469313585202233	0.00047469313585202233	0.0011163140148401066
2307	-0.49683139647950203	-0.49654274988597535	-0.00028864659352667577	0.00028864659352667577	0.000580974945569054
