ID	Analytic	Finite_differences	Diff	Abs_diff	Norm_diff
1	4.270748622227584	4.2444802759149525	0.026268346312631863	0.026268346312631863	0.006150759184447276
2	-3.755642139425666	-3.717623493670885	-0.038018645754780866	0.038018645754780866	0.010123074654976284
3	-2.268024809179758	-2.2586576653580437	-0.009367143821714219	0.009367143821714219	0.004130088782010234
4	-2.684137657031109	-2.630945334921364	-0.05319232210974478	0.05319232210974478	0.01981728544003967
5	4.781118568091087	4.712224267024112	0.06889430106697514	0.06889430106697514	0.014409661690210273
6	-3.4481476549958376	-3.3991090356906284	-0.04903861930520925	0.04903861930520925	0.014221728363099477
7	-5.891065734575338	-5.816618153374975	-0.07444758120036266	0.07444758120036266	0.012637370648136092
8	0.9571770466604475	0.9263292790961941	0.030847767564253337	0.030847767564253337	0.03222785969625992
9	4.2905243781334645	4.237563340772965	0.0529610373604994	0.0529610373604994	0.012343721348004412
10	2.0577293159155485	2.0270275316534025	0.03070178426214598	0.03070178426214598	0.014920224941484003
11	2.120644728076345	2.044034020229901	0.07661070784644375	0.07661070784644375	0.03612613976879474
12	3.165561597775447	3.1187102096978947	0.046851388077552514	0.046851388077552514	0.014800340044078325
13	-1.1005650086298877	-1.0993613150560577	-0.0012036935738299892	0.0012036935738299892	0.0010937051100038953
14	0.8090056308954446	0.8031826145327159	0.00582301636272875	0.00582301636272875	0.007197745158193235
15	-0.34014529135128524	-0.34760448185267023	0.0074591905013849935	0.0074591905013849935	0.0219294245460582
16	0.6321329889677976	0.6366674900917246	-0.004534501123927059	0.004534501123927059	0.007173334097515449
17	-0.3623421234266795	-0.35953701039659336	-0.002805113030086126	0.002805113030086126	0.007741614481799948
18	0.45646310647042476	0.4609227845122632	-0.004459678041838444	0.004459678041838444	0.009770073372024856
19	0.10338844152290849	0.1048700793973012	-0.001481637874392705	0.001481637874392705	0.014330788360557773
20	-0.6405547400947912	-0.6377178241478987	-0.0028369159468925043	0.0028369159468925043	0.004428842328873702
21	-0.01330869631743496	-0.010568331198612668	-0.002740365118822292	0.002740365118822292	0.2059078555449715
22	-1.8073424553007593	-1.8086355488833306	0.0012930935825712364	0.0012930935825712364	0.0007154668329616886
23	0.8007605216463597	0.7972382356271623	0.0035222860191973515	0.0035222860191973515	0.004398675913687089
24	0.38379896171865413	0.38702035637783183	-0.003221394659177701	0.003221394659177701	0.008393442871112199
25	0.9230057142661975	0.923735243191004	-0.0007295289248064885	0.0007295289248064885	0.0007903839743684298
26	0.464680138298667	0.4673017039920069	-0.002621565693339878	0.002621565693339878	0.005641656436916401
27	-0.7535924149900817	-0.7554048328444196	0.0018124178543379443	0.0018124178543379443	0.0024050372831337457
28	0.7414443648240997	0.7406263399758473	0.000818024848252441	0.000818024848252441	0.0011032855424648203
29	-0.9626475559752736	-0.96119338790146	-0.0014541680738135998	0.0014541680738135998	0.001510592391563659
30	0.3035029827479812	0.2981731748619154	0.005329807886065796	0.005329807886065796	0.017560973660978783
31	1.103010317055281	1.1045839237269206	-0.001573606671639638	0.001573606671639638	0.00142664728272054
32	-0.6194860342387362	-0.6251447518081932	0.005658717569457017	0.005658717569457017	0.009134536142385855
33	-2.1711291238885453	-2.172136982522943	0.0010078586343977847	0.0010078586343977847	0.0004642094398294862
34	-0.6490341345789211	-0.6472640634100912	-0.0017700711688298787	0.0017700711688298787	0.002727238945572965
35	-0.40722324957157796	-0.40675751865393295	-0.00046573091764501306	0.00046573091764501306	0.0011436746750952665
36	1.5359046385931034	1.5351121587343641	0.0007924798587393145	0.0007924798587393145	0.0005159694416088424
37	-0.2872506983737738	-0.2857920218062304	-0.0014586765675433933	0.0014586765675433933	0.0050780609962011196
38	0.8404801575531324	0.8412224569340765	-0.0007422993809440559	0.0007422993809440559	0.0008831848964823779
39	0.21972531455602332	0.21919426838934442	0.0005310461666789001	0.0005310461666789001	0.0024168638363400744
40	-0.8620831554214825	-0.8593774442857693	-0.0027057111357131625	0.0027057111357131625	0.0031385732556046854
41	-0.300263448802703	-0.3031682083260989	0.0029047595233959167	0.0029047595233959167	0.009674036366992425
42	2.3062255156102367	2.3028201347301547	0.0034053808800820207	0.0034053808800820207	0.0014766035919002237
43	-0.10228890223703933	-0.10241767923702128	0.0001287769999819416	0.0001287769999819416	0.0012589537786173522
44	0.4875983516301002	0.48834221335170014	-0.0007438617215999588	0.0007438617215999588	0.0015255624206134807
45	-0.2001246310902656	-0.20008708195717873	-3.754913308687269e-05	3.754913308687269e-05	0.00018762874355998823
46	0.7871500403226604	0.785356178624852	0.0017938616978084854	0.0017938616978084854	0.002278932358401664
47	-0.2227716108557578	-0.22133938106350115	-0.0014322297922566563	0.0014322297922566563	0.006429139632087185
48	-1.8131060286278995	-1.8132161743338315	0.00011014570593204098	0.00011014570593204098	6.074973233385348e-05
49	0.738219559841062	0.7399580469922284	-0.0017384871511664235	0.0017384871511664235	0.0023549730266436155
50	-1.0317381030053963	-1.0328055496700017	0.0010674466646054537	0.0010674466646054537	0.001034610102598751
51	-0.3036701327094486	-0.3036981796924465	2.8046982997909087e-05	2.8046982997909087e-05	9.236003141851433e-05
52	0.6619669031297644	0.6636075869010938	-0.001640683771329421	0.001640683771329421	0.0024784981901244695
53	-0.4082480080871611	-0.40737179480032637	-0.0008762132868347372	0.0008762132868347372	0.002146276943126359
54	0.5632241863909644	0.5624798006849119	0.0007443857060525083	0.0007443857060525083	0.0013216508169196235
55	-0.9261594430601252	-0.9258171813470994	-0.0003422617130257599	0.0003422617130257599	0.0003695494502489683
56	1.1772868253998308	1.1771393066339897	0.00014751876584107038	0.00014751876584107038	0.00012530401484019834
57	-0.0007136311683405587	-0.0006712911257977794	-4.234004254277928e-05	4.234004254277928e-05	0.05933042784725147
58	-0.4923853299122313	-0.49144119295618793	-0.0009441369560433399	0.0009441369560433399	0.001917475803374634
59	1.1080890153644662	1.1079462408005725	0.00014277456389377718	0.00014277456389377718	0.00012884755819623082
60	-0.128968536802072	-0.12841650762140944	-0.0005520291806625499	0.0005520291806625499	0.004280339952292001
61	0.41606350116470403	0.41584508679193277	0.00021841437277125841	0.00021841437277125841	0.0005249544171979563
62	-1.3165250195179272	-1.317412964937148	0.0008879454192207703	0.0008879454192207703	0.0006744614846331669
63	0.2057930616708238	0.20539700781796455	0.00039605385285926276	0.00039605385285926276	0.0019245248097468442
64	0.03195512255190257	0.033239262059225894	-0.0012841395073233258	0.0012841395073233258	0.04018571686707143
65	0.44655095323632515	0.4484949697172169	-0.0019440164808917637	0.0019440164808917637	0.004353403495844617
66	-0.3181240157007364	-0.32170376342577356	0.0035797477250371634	0.0035797477250371634	0.011252679924689122
67	0.49327134006597595	0.4939768799872013	-0.000705539921225351	0.000705539921225351	0.001430328226916617
68	-1.3845237751759578	-1.3851048285360434	0.000581053360085626	0.000581053360085626	0.00041967741580442017
69	0.5850223289043227	0.5872704626241898	-0.002248133719867096	0.002248133719867096	0.003842816946966081
70	-0.35563457309409624	-0.35630917811602103	0.0006746050219247901	0.0006746050219247901	0.0018969050620010965
71	-0.40366129865474026	-0.40397208544362684	0.0003107867888865745	0.0003107867888865745	0.0007699197072454469
72	-0.009143883595712709	-0.009262123228381824	0.0001182396326691159	0.0001182396326691159	0.012931008081134683
73	-0.3264005887150436	-0.3267932210064828	0.00039263229143915446	0.00039263229143915446	0.0012029153899043143
74	1.2434997324790837	1.248820576712717	-0.005320844233633215	0.005320844233633215	0.004278926721620919
75	-0.03742688644653223	-0.037585919130833645	0.00015903268430141754	0.00015903268430141754	0.004249156138825773
76	-2.390988124660428	-2.3923457485821586	0.0013576239217307773	0.0013576239217307773	0.0005678087263288224
77	-0.4878018831454249	-0.48799017515221976	0.0001882920067948768	0.0001882920067948768	0.0003860009838025628
78	0.453246389928679	0.4529232063887889	0.00032318353989008175	0.00032318353989008175	0.0007130416194620692
79	2.5704553930274012	2.5714737848829827	-0.001018391855581502	0.001018391855581502	0.0003961912190127805
80	0.505791948260954	0.5050064482503558	0.0007855000105981835	0.0007855000105981835	0.0015530101127527625
81	-0.529653462502377	-0.5293651038869029	-0.0002883586154740492	0.0002883586154740492	0.0005444288310920937
82	-0.1616593835162891	-0.16092293410707725	-0.000736449409211859	0.000736449409211859	0.004555562400357991
83	-0.2773085721828897	-0.27866250920283164	0.0013539370199419642	0.0013539370199419642	0.004882420364016082
84	0.07099136385187621	0.07112449095103557	-0.00013312709915935805	0.00013312709915935805	0.0018752576642579839
85	0.714449150244496	0.7146561812447771	-0.00020703100028118815	0.00020703100028118815	0.00028977709639704775
86	0.8440837873546749	0.8443866681631107	-0.00030288080843576815	0.00030288080843576815	0.00035882789478161234
87	0.8354070641080761	0.8377707223203856	-0.0023636582123095495	0.0023636582123095495	0.0028293490848477726
88	0.19830026851306454	0.19809200102827162	0.00020826748479291224	0.00020826748479291224	0.001050263251555764
89	0.3748074242943368	0.3746724936064538	0.00013493068788295037	0.00013493068788295037	0.00036000004038604403
90	-0.5836204899812459	-0.589621926614825	0.006001436633579105	0.006001436633579105	0.01028311503211951
91	-0.46342455740128946	-0.4633115598551285	-0.00011299754616095337	0.00011299754616095337	0.00024383158888817004
92	-0.9065895748585556	-0.9067512427733959	0.00016166791484029108	0.00016166791484029108	0.00017832536279221411
93	-0.42520663073520854	-0.4297057875035648	0.004499156768356272	0.004499156768356272	0.01058110679171901
94	-0.6074913577961227	-0.6066984824002475	-0.0007928753958752477	0.0007928753958752477	0.001305163251624957
95	-1.4491897959578401	-1.4466431251207723	-0.0025466708370678326	0.0025466708370678326	0.0017573066303469339
96	-2.888159022982696	-2.8892724455999996	0.0011134226173035167	0.0011134226173035167	0.0003855129196292138
97	-0.2723832102764195	-0.2755084459309387	0.0031252356545192206	0.0031252356545192206	0.011473672152360911
98	0.3681159742252424	0.36729695392523354	0.0008190203000088547	0.0008190203000088547	0.0022248974707837956
99	0.2535745984546993	0.25412961034732007	-0.0005550118926207492	0.0005550118926207492	0.0021887519333680465
100	0.7513414942358823	0.7478726701037886	0.0034688241320937063	0.0034688241320937063	0.004616840888871067
101	0.9733949526719871	0.9721430141098608	0.0012519385621262424	0.0012519385621262424	0.0012861568253355413
102	2.1177627640013	2.118773119200057	-0.0010103551987570292	0.0010103551987570292	0.0004770861098946062
103	4.4004350495398565	4.205031493960121	0.19540355557973577	0.19540355557973577	0.04440550840539475
104	-1.3592445414432317	-1.3105793535785892	-0.04866518786464247	0.04866518786464247	0.035803114436619536
105	-1.439613659020708	-1.219785620634184	-0.2198280383865241	0.2198280383865241	0.1526993280517089
106	-1.7369535751906355	-1.4892237073027559	-0.24772986788787965	0.24772986788787965	0.14262319467041057
107	0.7683600512141538	0.6171004877799646	0.15125956343418923	0.15125956343418923	0.196860265177986
108	0.43786953757808866	0.46581744427243166	-0.027947906694342994	0.027947906694342994	0.06382701762932944
109	-0.4071487507200605	-0.49864558732082287	0.09149683660076235	0.09149683660076235	0.2247258193447632
110	0.07984744166919401	0.1692016457468526	-0.08935420407765858	0.08935420407765858	1.1190615780509394
111	0.023396690218559252	-0.19456313958698956	0.21795982980554882	0.21795982980554882	9.315840307730953
112	1.9661871327418672	1.8047334178419305	0.16145371489993665	0.16145371489993665	0.0821151314701098
113	-1.8912547710325527	-1.8623320967918744	-0.028922674240678292	0.028922674240678292	0.015292849320817639
114	-0.8035655236543373	-0.785860121069959	-0.01770540258437836	0.01770540258437836	0.022033551792839903
115	-0.7931492045257412	-0.7441728801325098	-0.04897632439323141	0.04897632439323141	0.06174919436818512
116	0.5009306358359238	0.4536723574162238	0.047258278419699984	0.047258278419699984	0.09434096267807245
117	0.29752592933265914	0.2671910536520272	0.030334875680631923	0.030334875680631923	0.10195708235807228
118	-0.694408657280395	-0.6602808542055527	-0.03412780307484231	0.03412780307484231	0.04914656912329055
119	0.8774277465303455	0.9551665049514213	-0.0777387584210758	0.0777387584210758	0.08859847289817525
120	0.3500245899551826	0.35524644508910797	-0.005221855133925368	0.005221855133925368	0.014918537964986912
121	1.8626218049665377	1.8642734114990844	-0.001651606532546701	0.001651606532546701	0.0008867106184104682
122	1.3719564842238903	1.374659042674864	-0.002702558450973669	0.002702558450973669	0.001969857267377175
123	-0.5530915045917728	-0.5526616675837204	-0.0004298370080524361	0.0004298370080524361	0.0007771535170653024
124	-1.939138342679909	-1.939674945681702	0.0005366030017930346	0.0005366030017930346	0.00027672239261250633
125	-2.111547909796998	-2.111868159296648	0.00032024949965014926	0.00032024949965014926	0.00015166575106550042
126	0.7349322743811586	0.7350262855041478	-9.401112298923486e-05	9.401112298923486e-05	0.00012791807662603451
127	-0.046794332725095526	-0.048354888591006784	0.0015605558659112576	0.0015605558659112576	0.033349249258005566
128	0.5032520442046111	0.501452301485017	0.001799742719594155	0.001799742719594155	0.0035762253533190213
129	-0.07316141888383126	-0.07303755151610858	-0.00012386736772268536	0.00012386736772268536	0.0016930695113959874
130	0.3155495668722617	0.31343610147160916	0.0021134654006525477	0.0021134654006525477	0.006697728732767059
131	0.32395014660041443	0.3175390763274777	0.0064110702729367475	0.0064110702729367475	0.019790299032785022
132	0.22874901395291986	0.23644499583497236	-0.007695981882052505	0.007695981882052505	0.033643781667345066
133	-0.3673036232767855	-0.36713355754613985	-0.0001700657306456521	0.0001700657306456521	0.00046301130690860973
134	-0.2541961627341412	-0.25516089542065856	0.0009647326865173667	0.0009647326865173667	0.003795229149569664
135	-0.36958017743071414	-0.3797956688131876	0.010215491382473463	0.010215491382473463	0.027640798955968302
136	-0.059893500713163	-0.059006823832419286	-0.000886676880743717	0.000886676880743717	0.014804225336403637
137	-0.12253884890590351	-0.12104253678302257	-0.0014963121228809412	0.0014963121228809412	0.012210920342739191
138	0.0007185108780523937	-0.0025853115275253913	0.003303822405577785	0.003303822405577785	4.59815224305744
139	0.22282483722974425	0.23185113162327298	-0.009026294393528728	0.009026294393528728	0.04050847520297811
140	0.7010684440803558	0.7015649947135216	-0.0004965506331657821	0.0004965506331657821	0.0007082769697574177
141	-1.3191332521076633	-1.317613698510911	-0.0015195535967522655	0.0015195535967522655	0.0011519333580018378
142	0.3263855777829275	0.31971168539968176	0.0066738923832457275	0.0066738923832457275	0.020447877717453558
143	0.3272295565245567	0.32763251510914415	-0.0004029585845874428	0.0004029585845874428	0.0012314247798004246
144	0.12122007419692889	0.11923102115929396	0.0019890530376349275	0.0019890530376349275	0.016408610956660512
145	-0.275608500169372	-0.2789109528720246	0.003302452702652614	0.003302452702652614	0.01198240511676211
146	-0.9671279270181786	-0.9670600949149843	-6.783210319427635e-05	6.783210319427635e-05	7.013767393049477e-05
147	1.1241245194408405	1.123218376847035	0.0009061425938055034	0.0009061425938055034	0.0008060873845686018
148	-0.8758860179854544	-0.8755703511056367	-0.0003156668798176554	0.0003156668798176554	0.000360397213034285
149	0.04836171925481165	0.0501030897481769	-0.0017413704933652505	0.0017413704933652505	0.03600720818443601
150	-1.7707383419900484	-1.7670554970337093	-0.003682844956339082	0.003682844956339082	0.0020798357775435685
151	0.05166007107817495	0.0483606672219139	0.0032994038562610475	0.0032994038562610475	0.0638675825913635
152	-0.4555499852535532	-0.4525722294914658	-0.0029777557620874195	0.0029777557620874195	0.00653661696516144
153	1.0048597388359586	1.0045733187382666	0.0002864200976919751	0.0002864200976919751	0.0002850349025066598
154	1.2740809323679085	1.2743011292428719	-0.00022019687496332985	0.00022019687496332985	0.00017282801223160048
155	0.3556358520763522	0.35672166804090466	-0.0010858159645524834	0.0010858159645524834	0.0030531678912939504
156	0.9617516118358648	0.9621188392330282	-0.0003672273971634388	0.0003672273971634388	0.000381831849974701
157	-3.39190216654805	-3.391328140288863	-0.0005740262591871215	0.0005740262591871215	0.00016923432074437156
158	2.142175107656398	2.1481444189674903	-0.005969311311092351	0.005969311311092351	0.0027865655285402658
159	1.0127250161941648	1.016909754525841	-0.004184738331676208	0.004184738331676208	0.0041321565723759
160	3.282970547227973	3.282640167221018	0.0003303800069547336	0.0003303800069547336	0.00010063447179984453
161	-0.6214773427933308	-0.6224242669574664	0.0009469241641356652	0.0009469241641356652	0.0015236664298646204
162	-0.2714879885858907	-0.27383428106020347	0.0023462924743127833	0.0023462924743127833	0.008642343576723235
163	0.10017013119571946	0.09622116770202638	0.003948963493693086	0.003948963493693086	0.03942256485595814
164	-1.4028830608647977	-1.4031269728462803	0.00024391198148254745	0.00024391198148254745	0.00017386479906043598
165	-1.0522665749918447	-1.052586310130721	0.000319735138876176	0.000319735138876176	0.0003038537443600297
166	-1.905568626158664	-1.9030825219772396	-0.0024861041814243645	0.0024861041814243645	0.0013046521375805666
167	2.001344448924526	2.004091665753549	-0.0027472168290230137	0.0027472168290230137	0.001372685661630761
168	0.5612639615573844	0.5552934924821784	0.005970469075206042	0.005970469075206042	0.010637542197862301
169	2.00527441807226	2.0033106751213836	0.0019637429508763127	0.0019637429508763127	0.000979288885939176
170	-1.3189488045604498	-1.319217108346038	0.00026830378558817536	0.00026830378558817536	0.000203422441159564
171	-0.4528992559961305	-0.4498183224157515	-0.0030809335803790305	0.0030809335803790305	0.006802690752058452
172	0.16416319860012865	0.16316451251441322	0.0009986860857154334	0.0009986860857154334	0.0060834955351232465
173	0.0967474623587575	0.09415747082641701	0.002589991532340491	0.002589991532340491	0.02677064048187975
174	-0.019948888747172586	-0.018654582355281946	-0.00129430639189064	0.00129430639189064	0.06488112737979382
175	0.2413647970668597	0.2391751149204424	0.0021896821464172933	0.0021896821464172933	0.00907208579306922
176	0.12123502721933851	0.12213846175512799	-0.0009034345357894769	0.0009034345357894769	0.00745192669569812
177	0.521790370989871	0.5208492089963102	0.0009411619935608684	0.0009411619935608684	0.0018037166760578995
178	-0.8427678994759209	-0.8419482883823548	-0.0008196110935660972	0.0008196110935660972	0.0009725229141686294
179	0.31091625523630734	0.3097477149438532	0.0011685402924541122	0.0011685402924541122	0.0037583763240875917
180	0.15108326281604792	0.15188144548261562	-0.0007981826665676983	0.0007981826665676983	0.005283064792819103
181	0.7500030536651139	0.753023771906669	-0.0030207182415551426	0.0030207182415551426	0.0040276079234524455
182	-0.4893104270430542	-0.48885334436477024	-0.0004570826782839821	0.0004570826782839821	0.0009341363948570905
183	-0.9875320467643547	-0.9872735581240022	-0.0002584886403524944	0.0002584886403524944	0.00026175215396749053
184	0.24382763738076857	0.24429625979394132	-0.0004686224131727479	0.0004686224131727479	0.001921941327926387
185	2.1937712457810576	2.1935402216968214	0.0002310240842362532	0.0002310240842362532	0.00010530910398271754
186	0.8362030170820371	0.8335764451743444	0.0026265719076927763	0.0026265719076927763	0.0031410696374407983
187	-0.07579786666632238	-0.07627034983670455	0.00047248317038217635	0.00047248317038217635	0.006233462644300312
188	-0.8803602525603166	-0.8798042145770069	-0.0005560379833097207	0.0005560379833097207	0.0006316027804442756
189	-0.20765419645218736	-0.20648959991831362	-0.0011645965338737407	0.0011645965338737407	0.005608345767969541
190	-0.4264687418514577	-0.42626511617527285	-0.00020362567618487093	0.00020362567618487093	0.00047746916995805355
191	-0.5940273723602696	-0.5942582559299581	0.00023088356968847812	0.00023088356968847812	0.00038867496757110775
192	-0.8272846404304314	-0.8269872251958077	-0.0002974152346236769	0.0002974152346236769	0.0003595077438751111
193	-1.93937735188917	-1.9474110947257373	0.008033742836567326	0.008033742836567326	0.004142434080062637
194	1.0997001426757005	1.1013181315959741	-0.0016179889202736497	0.0016179889202736497	0.0014713000912565959
195	-1.4531923006686824	-1.4497554575925164	-0.003436843076165985	0.003436843076165985	0.0023650297862055363
196	-0.00871386767127545	-0.006638736394393163	-0.002075131276882287	0.002075131276882287	0.23814124280573906
197	-0.02307673279410923	-0.02241583744222453	-0.0006608953518847001	0.0006608953518847001	0.028639034727368604
198	0.28845638816233765	0.2869154593412304	0.0015409288211072347	0.0015409288211072347	0.005341981957563824
199	1.845441403119272	1.840003099331966	0.005438303787306031	0.005438303787306031	0.0029468851073319886
200	-0.9392280316674759	-0.9381881502363854	-0.0010398814310905724	0.0010398814310905724	0.0011071660938871252
201	1.817839852664604	1.816843870926732	0.0009959817378719649	0.0009959817378719649	0.0005478930041125719
202	2.5390506942871722	2.538935343679327	0.00011535060784506612	0.00011535060784506612	4.543060447930533e-05
203	1.7771954930753318	1.7778729451194408	-0.0006774520441090726	0.0006774520441090726	0.00038119162846670393
204	-0.67542039289558	-0.6762893287017846	0.0008689358062046182	0.0008689358062046182	0.0012865110608807982
205	-2.34157694485645	-2.34262299258603	0.0010460477295799464	0.0010460477295799464	0.0004467278907394923
206	-1.5948215582388414	-1.5955470290833773	0.0007254708445358915	0.0007254708445358915	0.00045489154619719817
207	0.3035526783621011	0.30348794109613664	6.473726596445406e-05	6.473726596445406e-05	0.00021326534265406959
208	-0.2048773253630939	-0.20482904977825456	-4.8275584839330143e-05	4.8275584839330143e-05	0.00023563166277075186
209	-0.23526885997677954	-0.23593504572971824	0.0006661857529386972	0.0006661857529386972	0.00283159340766325
210	0.2451038063563472	0.2429976282911639	0.0021061780651833173	0.0021061780651833173	0.008593004313124474
211	-0.52805479453923	-0.5270447303686865	-0.001010064170543501	0.001010064170543501	0.0019128018171388117
212	-0.3465366833755908	-0.34891419035432136	0.0023775069787305703	0.0023775069787305703	0.006860765664319959
213	0.2757652365620076	0.2748808852928164	0.0008843512691911748	0.0008843512691911748	0.0032068990283781575
214	-0.026555090840591405	-0.027124066399153435	0.0005689755585620293	0.0005689755585620293	0.021426232807018247
215	-0.9533082241728614	-0.9520217354292981	-0.0012864887435632966	0.0012864887435632966	0.0013494992605141106
216	-0.3273911131481804	-0.32874377416192146	0.001352661013741041	0.001352661013741041	0.004131636319428174
217	0.31359280865385375	0.31366022928125403	-6.74206274002831e-05	6.74206274002831e-05	0.0002149941756945789
218	1.1174168435403737	1.1175293164527034	-0.00011247291232963086	0.00011247291232963086	0.0001006543914026539
219	-0.11304398718195559	-0.11255959404365967	-0.000484393138295916	0.000484393138295916	0.004284996932355517
220	0.2556156487424427	0.25628897564899944	-0.0006733269065567482	0.0006733269065567482	0.0026341380501128464
221	-0.4802743541124918	-0.4787166556639022	-0.0015576984485896062	0.0015576984485896062	0.003243351295465499
222	0.4608496255375622	0.4583225128200752	0.0025271127174870123	0.0025271127174870123	0.005483595032846645
223	0.31816951377311115	0.3180238618725184	0.00014565190059273592	0.00014565190059273592	0.00045778081899009744
224	0.17034302243683855	0.16960523083042744	0.0007377916064111034	0.0007377916064111034	0.00433121119877199
225	-0.3410415310642875	-0.3403383003544036	-0.000703230709883873	0.000703230709883873	0.002062009010132293
226	-0.3723284650232781	-0.374021397412605	0.0016929323893268844	0.0016929323893268844	0.004546878759917112
227	0.18741445957371558	0.18685484280211995	0.0005596167715956335	0.0005596167715956335	0.0029859850348180838
228	-0.20791932746453634	-0.20801735742281835	9.802995828200878e-05	9.802995828200878e-05	0.00047148073956101657
229	1.1206715753680465	1.1199368979646351	0.0007346774034113768	0.0007346774034113768	0.0006555688745563989
230	-0.22953418476360007	-0.23060359371385175	0.0010694089502516768	0.0010694089502516768	0.004659040009021198
231	-1.2321077012861565	-1.2298547794173942	-0.0022529218687623587	0.0022529218687623587	0.0018285104998618286
232	0.2421774532036559	0.2421582546574541	1.9198546201804056e-05	1.9198546201804056e-05	7.9274705171085e-05
233	0.0352662982331108	0.03495859027680126	0.0003077079563095428	0.0003077079563095428	0.00872526949881692
234	0.1338102644398098	0.135933823159462	-0.0021235587196521966	0.0021235587196521966	0.01586992394449239
235	-1.4108936264443759	-1.411101860824715	0.0002082343803391229	0.0002082343803391229	0.00014759041818333176
236	0.23796036388087982	0.23816964073830604	-0.0002092768574262216	0.0002092768574262216	0.0008794609909530275
237	0.7445048683118478	0.7431647135618391	0.001340154750008704	0.001340154750008704	0.001800061768632195
238	0.33860953907756375	0.3429360271667292	-0.00432648808916547	0.00432648808916547	0.01277721856552429
239	0.07541288741381624	0.07624560356589427	-0.000832716152078028	0.000832716152078028	0.01104209347546435
240	-0.4156604644978927	-0.4163168625481717	0.0006563980502790057	0.0006563980502790057	0.001579168832118585
241	-0.8849424943764909	-0.8859030714418736	0.0009605770653827728	0.0009605770653827728	0.0010854683456686892
242	-0.16067219036445982	-0.158958275918053	-0.0017139144464068112	0.0017139144464068112	0.010667150566125124
243	0.3065181824935897	0.30705397956865	-0.0005357970750602958	0.0005357970750602958	0.0017480107401834184
244	0.4127198875134376	0.4092003068478789	0.003519580665558686	0.003519580665558686	0.008527770945964151
245	0.08663465260098376	0.08906069109571035	-0.0024260384947265984	0.0024260384947265984	0.028003096011711255
246	0.2895800749808686	0.2896640174157028	-8.39424348342277e-05	8.39424348342277e-05	0.000289876417912294
247	0.9035342837962218	0.9584069880048673	-0.05487270420864554	0.05487270420864554	0.06073118108822225
248	1.2021489178391527	1.1358826990957027	0.06626621874344996	0.06626621874344996	0.05512313637694957
249	-1.6303692063847013	-1.536529452344837	-0.09383975403986433	0.09383975403986433	0.05755736410647218
250	-0.1533142974897881	-0.21454706937618084	0.061232771886392756	0.061232771886392756	0.39939374793450905
251	-0.17758124916143722	-0.15312201691131122	-0.024459232250126	0.024459232250126	0.13773544428607085
252	0.2970099851656968	0.25362417759566824	0.04338580757002858	0.04338580757002858	0.14607524910593284
253	-0.8110956676993023	-0.7918819231491625	-0.0192137445501398	0.0192137445501398	0.0236886292398037
254	-0.9691549675275848	-0.9208770090722851	-0.0482779584552997	0.0482779584552997	0.04981448795383239
255	0.8259164742044163	0.7955958680270214	0.03032060617739485	0.03032060617739485	0.03671146795637161
256	-0.5526895384279137	-0.5528603159064005	0.00017077747848681657	0.00017077747848681657	0.0003089935065038159
257	-1.7782449236118196	-1.7778582470384663	-0.0003866765733533395	0.0003866765733533395	0.0002174484336881755
258	-0.1341018958510384	-0.13647653767634438	0.002374641825305973	0.002374641825305973	0.017707742386757503
259	0.1886329859937846	0.1881699908139467	0.00046299517983791616	0.00046299517983791616	0.002454476227467298
260	1.6474733708012403	1.647122363991116	0.00035100681012445456	0.00035100681012445456	0.00021305765321945336
261	0.2593829908478079	0.26077688969650126	-0.0013938988486933424	0.0013938988486933424	0.0053739022907296485
262	-0.045126858771023126	-0.04490624289843481	-0.0002206158725883145	0.0002206158725883145	0.004888793029174378
263	0.2130297227466314	0.21300479471619838	2.4928030433024606e-05	2.4928030433024606e-05	0.0001170166778213994
264	-0.4017163872908954	-0.40056430189849834	-0.0011520853923970842	0.0011520853923970842	0.00286790738153986
265	0.2174531808428036	0.2209882166113175	-0.003535035768513911	0.003535035768513911	0.016256537406410164
266	-0.625940622561465	-0.6261363886110871	0.00019576604962212585	0.00019576604962212585	0.0003127549843641956
267	-0.14560885121001207	-0.13750542039758784	-0.008103430812424234	0.008103430812424234	0.055652048244901206
268	-0.1770389445079999	-0.17820057671258382	0.001161632204583929	0.001161632204583929	0.006561450125068036
269	0.6740038259529109	0.674135171756518	-0.00013134580360718573	0.00013134580360718573	0.00019487397333611305
270	0.19142774231198237	0.19180175851829517	-0.00037401620631280497	0.00037401620631280497	0.001953824465542963
271	-0.37887785759464937	-0.3797205100894985	0.0008426524948491054	0.0008426524948491054	0.002224074270792133
272	-0.12669984075765517	-0.12647361793227674	-0.00022622282537843041	0.00022622282537843041	0.0017855020497708248
273	0.19980111501497322	0.19926391170344004	0.0005372033115331742	0.0005372033115331742	0.0026886902582746643
274	-0.03945336992269214	-0.03399751505384074	-0.005455854868851397	0.005455854868851397	0.13828615602525218
275	1.0014077412940194	1.0024459805180186	-0.001038239223999149	0.001038239223999149	0.0010367797063936572
276	0.5784592625218072	0.5830632068750674	-0.00460394435326017	0.00460394435326017	0.007958977669731075
277	0.1601723519289609	0.16173257318286005	-0.0015602212538991522	0.0015602212538991522	0.009740889954535576
278	0.5763803948121137	0.5761495374159153	0.00023085739619832513	0.00023085739619832513	0.00040052957782087497
279	-0.1867269746551933	-0.18298622978818457	-0.003740744867008733	0.003740744867008733	0.020033232337836167
280	-0.34364878738172283	-0.3463670529413321	0.0027182655596092453	0.0027182655596092453	0.007910010625440717
281	-0.8727295184551356	-0.8731925174458866	0.0004629989907509735	0.0004629989907509735	0.0005305183117566051
282	-0.5344252886278875	-0.5368997772308148	0.002474488602927316	0.002474488602927316	0.004630186212333725
283	-0.5341665037021559	-0.5354945438753589	0.0013280401732029823	0.0013280401732029823	0.002486191410353727
284	0.2605690015308756	0.259115067116511	0.0014539344143645883	0.0014539344143645883	0.0055798441327346735
285	0.5154296954720544	0.5185022955132013	-0.0030726000411468446	0.0030726000411468446	0.005961239851213491
286	0.13546958186753658	0.13846304575082513	-0.002993463883288555	0.002993463883288555	0.02209694487885548
287	-0.04438817134875215	-0.045414113209574225	0.0010259418608220758	0.0010259418608220758	0.023112956214424392
288	-0.34042804998705434	-0.34184522812097384	0.0014171781339195055	0.0014171781339195055	0.00416292997587419
289	0.11967743103071536	0.12019746578317836	-0.0005200347524629972	0.0005200347524629972	0.004345303437617487
290	-0.1344143878918688	-0.1334378377180201	-0.0009765501738487059	0.0009765501738487059	0.007265220555364229
291	-0.19085571227946946	-0.19091883586952463	6.312359005516965e-05	6.312359005516965e-05	0.0003307398521179076
292	4.251437125497928	4.2537542740817	-0.0023171485837725214	0.0023171485837725214	0.0005450271320903369
293	-0.8265514930749157	-0.8269934499764986	0.00044195690158288503	0.00044195690158288503	0.0005346997800932259
294	-0.19948530819648422	-0.20348616823895327	0.004000860042469051	0.004000860042469051	0.02005591328323979
295	-2.5027775224404087	-2.5024509653519544	-0.00032655708845430453	0.00032655708845430453	0.00013047787329330222
296	1.5737897819593085	1.5739957648932545	-0.00020598293394602507	0.00020598293394602507	0.00013088338500303652
297	-0.5995140212899134	-0.5975079738007594	-0.002006047489154006	0.002006047489154006	0.003346122722597542
298	-1.432569588386115	-1.4332308898588053	0.0006613014726903899	0.0006613014726903899	0.00046161909205080223
299	-0.9441705049948794	-0.9471813731991574	0.0030108682042779833	0.0030108682042779833	0.0031889030512495327
300	0.6840168278004503	0.6765901707481703	0.007426657052279961	0.007426657052279961	0.010857418634218977
301	0.11860779649216714	0.18969325411433147	-0.07108545762216432	0.07108545762216432	0.5993320820765674
302	-0.5136856195211612	-0.48913505443692884	-0.024550565084232367	0.024550565084232367	0.04779297716591229
303	-0.08490925873789856	-0.11904250015248863	0.034133241414590065	0.034133241414590065	0.40199669531863397
304	0.0921013415755913	0.07974269852439875	0.012358643051192553	0.012358643051192553	0.1341852663573778
305	0.39701704676359456	0.38982713524404744	0.007189911519547121	0.007189911519547121	0.018109830744442525
306	0.2834143176609035	0.30254142824759356	-0.019127110586690033	0.019127110586690033	0.06748815918882062
307	-0.2668326128179676	-0.2818211983921515	0.014988585574183866	0.014988585574183866	0.05617224002678051
308	0.3165965582759743	0.3146474488318063	0.00194910944416804	0.00194910944416804	0.006156445461005357
309	-0.06489729307512744	-0.06382120727721485	-0.0010760857979125876	0.0010760857979125876	0.016581366447239516
310	-0.09558754099891514	-0.09527538696829652	-0.0003121540306186277	0.0003121540306186277	0.003265635116841958
311	1.1601107470614356	1.1645208513968441	-0.00441010433540856	0.00441010433540856	0.00380145115160718
312	0.8100256726755909	0.8119045953876025	-0.0018789227120116214	0.0018789227120116214	0.002319584150716314
313	0.14377793994999705	0.143344263705103	0.00043367624489404344	0.00043367624489404344	0.0030162919641557456
314	0.36105516686492506	0.3584574134336549	0.0025977534312701667	0.0025977534312701667	0.007194893383819145
315	-0.006573949622702131	-0.007190811864177249	0.0006168622414751178	0.0006168622414751178	0.09383434265222816
316	0.11476816444060278	0.11493388205252586	-0.00016571761192307743	0.00016571761192307743	0.0014439336268102735
317	-1.4132403108227896	-1.4162687371310767	0.0030284263082871465	0.0030284263082871465	0.002142895504108565
318	-0.9034158318718561	-0.9045934800226973	0.001177648150841204	0.001177648150841204	0.0013035504905876455
319	0.18786581341901795	0.18687425735208762	0.000991556066930327	0.000991556066930327	0.005278001616604664
320	0.777020858554149	0.7757777202499483	0.0012431383042007527	0.0012431383042007527	0.0015998776487338284
321	0.46666118269730383	0.4727435923541634	-0.006082409656859578	0.006082409656859578	0.013033888144934664
322	0.1771142651954115	0.17678926617747948	0.0003249990179320372	0.0003249990179320372	0.0018349680505602604
323	-0.13071861618297476	-0.13006144456539914	-0.0006571716175756137	0.0006571716175756137	0.005027375876254158
324	-0.23850527957010464	-0.24264696911302508	0.004141689542920435	0.004141689542920435	0.017365190197825595
325	0.00979043123706864	0.006831646814475789	0.0029587844225928504	0.0029587844225928504	0.3022118587984427
326	-0.5901653028704261	-0.5871004268840352	-0.003064875986390936	0.003064875986390936	0.0051932500461889155
327	-0.36316191835329215	-0.3626167768260302	-0.0005451415272619275	0.0005451415272619275	0.0015010977189838543
328	1.2903761183134195	1.2863243469709573	0.0040517713424621515	0.0040517713424621515	0.0031399925068033665
329	1.832625625887444	1.8328539680538825	-0.0002283421664384111	0.0002283421664384111	0.00012459837034519094
330	-0.31469049655467685	-0.31451020860373546	-0.0001802879509413824	0.0001802879509413824	0.0005729056101637239
331	-1.0228872762712733	-1.0232565833092622	0.0003693070379888752	0.0003693070379888752	0.00036104373038553045
332	-1.8614680199306446	-1.861465190110323	-2.829820321625931e-06	2.829820321625931e-06	1.5202089379603554e-06
333	-0.2043105740676231	-0.20483113977576295	0.0005205657081398529	0.0005205657081398529	0.002547913687362824
334	-0.1493884133018929	-0.14705321020613837	-0.0023352030957545233	0.0023352030957545233	0.015631755128394112
335	-0.05863145750184246	-0.05932460117463734	0.0006931436727948756	0.0006931436727948756	0.01182204404134238
336	0.5350400029416786	0.5346936692447457	0.00034633369693293226	0.00034633369693293226	0.0006473043044048501
337	-0.24406807103053746	-0.24698031751313465	0.0029122464825971917	0.0029122464825971917	0.011932107589086551
338	1.3789854913084019	1.3742892510535398	0.0046962402548620386	0.0046962402548620386	0.0034055762620143135
339	-0.28639736004395494	-0.28752999062220397	0.0011326305782490276	0.0011326305782490276	0.003954752159989173
340	-0.9875377827056988	-0.9853443583764943	-0.002193424329204552	0.002193424329204552	0.002221104212534444
341	-1.230829858728542	-1.230511795213829	-0.000318063514713085	0.000318063514713085	0.0002584138761807805
342	-0.17415434920707307	-0.17391407004652137	-0.00024027916055169296	0.00024027916055169296	0.001379690841174435
343	1.299106722012006	1.293827900639144	0.005278821372862064	0.005278821372862064	0.004063423953873805
344	-0.3949018529293189	-0.3955128082253623	0.0006109552960433806	0.0006109552960433806	0.0015471066836263536
345	-0.044798197576958465	-0.04276952714832305	-0.002028670428635415	0.002028670428635415	0.04528464398931181
346	-0.17589804266238054	-0.18291390162517018	0.0070158589627896395	0.0070158589627896395	0.03988594106334605
347	1.547465291204925	1.5461815987194427	0.001283692485482213	0.001283692485482213	0.0008295452523414423
348	2.041092238363327	2.040781712111084	0.0003105262522433705	0.0003105262522433705	0.00015213729512408977
349	0.5082871290384552	0.50999561409526	-0.001708485056804765	0.001708485056804765	0.0033612597274236843
350	-2.5097498956418516	-2.509372977122837	-0.00037691851901477946	0.00037691851901477946	0.00015018170522460968
351	-0.9328801842782883	-0.932917163112279	3.697883399067514e-05	3.697883399067514e-05	3.963942488421852e-05
352	-0.39470047967753935	-0.3906779537388161	-0.004022525938723265	0.004022525938723265	0.010191337851956932
353	0.9851886570197885	0.9860803340870916	-0.0008916770673030872	0.0008916770673030872	0.0009050825554573726
354	-1.425290866617841	-1.4242076157131578	-0.0010832509046831973	0.0010832509046831973	0.0007600209403247696
355	0.7490099519551173	0.7499878199581644	-0.000977868003047111	0.000977868003047111	0.001305547410277544
356	-1.341566131564997	-1.341090891969543	-0.0004752395954539246	0.0004752395954539246	0.00035424239198669717
357	-1.277937564450746	-1.2775301425094199	-0.00040742194132614706	0.00040742194132614706	0.0003188120864897307
358	-1.4082762213207367	-1.4085883365808627	0.000312115260125978	0.000312115260125978	0.0002216292907603482
359	0.2599985955220767	0.2610852003002151	-0.001086604778138378	0.001086604778138378	0.004179271722435568
360	0.19431805630005347	0.19420124158386898	0.00011681471618449346	0.00011681471618449346	0.0006011521441122058
361	0.16567097318812385	0.16137651527969865	0.004294457908425198	0.004294457908425198	0.02592160730261858
362	0.4795414175586298	0.47957743189641633	-3.601433778654961e-05	3.601433778654961e-05	7.510162098177144e-05
363	0.3174651474836163	0.31436948815866117	0.0030956593249551467	0.0030956593249551467	0.009751178513587564
364	0.5199443791174302	0.5164386506706364	0.0035057284467937544	0.0035057284467937544	0.006742506674934129
365	-0.9814569292606183	-0.9835208831816544	0.002063953921036088	0.002063953921036088	0.0021029490541077233
366	-0.17335541156205497	-0.1720231834880792	-0.0013322280739757608	0.0013322280739757608	0.007684952329849082
367	-0.453032054821902	-0.45231899799347275	-0.0007130568284292593	0.0007130568284292593	0.001573965508267576
368	0.5093219767047857	0.511101465683339	-0.0017794889785532897	0.0017794889785532897	0.003493838985834143
369	0.2889929097663551	0.2883246899614278	0.0006682198049273169	0.0006682198049273169	0.0023122359834625668
370	0.07913795229983907	0.08084553599729816	-0.0017075836974590891	0.0017075836974590891	0.021577304540170185
371	0.3990832805667692	0.39883651032823764	0.00024677023853159064	0.00024677023853159064	0.0006183427132831348
372	0.019691463055231635	0.019694536121050987	-3.0730658193527105e-06	3.0730658193527105e-06	0.00015606081735690315
373	-0.28373107555360566	-0.28410120653177273	0.0003701309781670714	0.0003701309781670714	0.0013045133580975767
374	1.756030664153514	1.7563841780443568	-0.0003535138908428159	0.0003535138908428159	0.00020131419004190657
375	-0.06662301792972851	-0.0668869968620811	0.00026397893235259595	0.00026397893235259595	0.003962278211879131
376	-0.08667580505160494	-0.08677135454604468	9.554949443973948e-05	9.554949443973948e-05	0.0011023779286832276
377	-0.6524660003749133	-0.6507864437423905	-0.0016795566325228384	0.0016795566325228384	0.002574167284667322
378	0.7945418280855472	0.7943972117985254	0.00014461628702178153	0.00014461628702178153	0.00018201217596087454
379	0.25182504094881536	0.25133054696624413	0.0004944939825712313	0.0004944939825712313	0.0019636410291371284
380	-0.39001318956019326	-0.3918215814451287	0.001808391884935423	0.001808391884935423	0.004636745457184909
381	-0.5227470583033561	-0.5223834173406772	-0.000363640962678935	0.000363640962678935	0.000695634641846057
382	-0.09257931676948443	-0.09383973446830396	0.0012604176988195298	0.0012604176988195298	0.013614463173862857
383	-1.3768952999776383	-1.377092220501197	0.00019692052355879675	0.00019692052355879675	0.000143017790504474
384	0.021022657919211957	0.02121966703327871	-0.00019700911406675403	0.00019700911406675403	0.009371275260428106
385	-0.14789412559823603	-0.14493595479336818	-0.002958170804867849	0.002958170804867849	0.02000194931950111
386	-0.12378550524595128	-0.12418689829019058	0.00040139304423930655	0.00040139304423930655	0.0032426498033172194
387	0.08192640089124546	0.07804055763926954	0.003885843251975926	0.003885843251975926	0.04743090395407766
388	0.19875367964656185	0.2009075460946974	-0.0021538664481355607	0.0021538664481355607	0.010836863256900309
389	1.5590949977733795	1.559088277332421	6.720440958396523e-06	6.720440958396523e-06	4.310475607961231e-06
390	0.1393369420405695	0.1392139894633715	0.0001229525771980211	0.0001229525771980211	0.0008824119102758986
391	-0.5580749268542138	-0.5562975668311765	-0.0017773600230373	0.0017773600230373	0.0031848053684404294
392	2.500139208347255	2.4998792067592035	0.00026000158805139506	0.00026000158805139506	0.00010399484444039099
393	0.2852700965699966	0.28419295520620835	0.0010771413637882254	0.0010771413637882254	0.003775864967059132
394	0.8663387631760062	0.8672549292754184	-0.0009161660994121412	0.0009161660994121412	0.0010575148410230052
395	-1.8320105259726007	-1.8312380993279476	-0.0007724266446531569	0.0007724266446531569	0.0004216278420360502
396	-0.13882030810098592	-0.13836934774502652	-0.0004509603559594011	0.0004509603559594011	0.003248518621867245
397	0.20107220101298137	0.20368203511367255	-0.002609834100691183	0.002609834100691183	0.012979586872492087
398	-0.15869053888318557	-0.15854689776517716	-0.0001436411180084085	0.0001436411180084085	0.0009051649771896284
399	-0.5611215861324248	-0.5603814717787259	-0.0007401143536989174	0.0007401143536989174	0.001318991056466415
400	-1.148232642752541	-1.1476653021773586	-0.0005673405751824845	0.0005673405751824845	0.0004940989779061294
401	0.9385098514695093	0.9325538212436868	0.005956030225822473	0.005956030225822473	0.006346262872463811
402	1.4702464647150204	1.471948469188078	-0.0017020044730575723	0.0017020044730575723	0.0011576320799978755
403	0.22680273703659276	0.226866954605498	-6.421756890523378e-05	6.421756890523378e-05	0.0002831428303921782
404	-0.031303042234652405	-0.02591842449106707	-0.0053846177435853335	0.0053846177435853335	0.17201579652295176
405	0.034403547079988855	0.03426735735700959	0.00013618972297926857	0.00013618972297926857	0.003958595393161788
406	0.7935695370900948	0.7922729026432762	0.0012966344468186008	0.0012966344468186008	0.0016339266897431226
407	-0.8543154119474485	-0.8509190576759806	-0.003396354271467894	0.003396354271467894	0.003975527333313301
408	-1.7020239113148763	-1.7024690122440234	0.00044510092914706867	0.00044510092914706867	0.0002615127356249724
409	0.3704576052024092	0.37009018405598226	0.00036742114642696055	0.00036742114642696055	0.0009918034918630172
410	-0.39550216382233633	-0.38904644542725464	-0.006455718395081689	0.006455718395081689	0.01632283963427736
411	-1.8585106969040994	-1.8589456836153317	0.00043498671123232135	0.00043498671123232135	0.00023405122819950442
412	-0.17575380164144508	-0.17887312461084548	0.003119322969400401	0.003119322969400401	0.017748253182961724
413	0.1634280791768311	0.16027085299441524	0.003157226182415873	0.003157226182415873	0.01931874986427343
414	1.7811839253923898	1.7812110311155038	-2.710572311404036e-05	2.710572311404036e-05	1.5217812561422619e-05
415	-0.07754786904486327	-0.07780233818976967	0.0002544691449063996	0.0002544691449063996	0.0032814460028448133
416	0.04838995468372695	0.04316495019196509	0.005225004491761859	0.005225004491761859	0.10797704866458523
417	-0.2721471156355609	-0.27152961921927954	-0.0006174964162813379	0.0006174964162813379	0.00226898019785829
418	-1.4864783531497776	-1.4397180747849347	-0.04676027836484287	0.04676027836484287	0.031457086654346524
419	1.1407276755266489	1.1331400748133547	0.007587600713294229	0.007587600713294229	0.006651544339705093
420	-0.2666206919626203	-0.25254846465117	-0.014072227311450303	0.014072227311450303	0.05277995195295346
421	0.6891677760169518	0.6768391379310401	0.01232863808591167	0.01232863808591167	0.01788916794276872
422	-0.6099900812326303	-0.6059465238763551	-0.0040435573562752625	0.0040435573562752625	0.006628890338846644
423	-0.17520246130540051	-0.16985387171075672	-0.005348589594643793	0.005348589594643793	0.030528050546735817
424	0.5513972438500216	0.5412016063317537	0.010195637518267908	0.010195637518267908	0.018490548569084053
425	-0.4791311260612014	-0.47656188741029837	-0.0025692386509030274	0.0025692386509030274	0.005362287088346767
426	0.05165744170301218	0.046418647762891396	0.005238793940120785	0.005238793940120785	0.10141411900030867
427	0.7571519609233954	0.7585648774366405	-0.0014129165132450439	0.0014129165132450439	0.001866093711917356
428	-0.9715126582859407	-0.9703414709392177	-0.0011711873467229461	0.0011711873467229461	0.001205529682741649
429	-1.3732208193086237	-1.3737269494171755	0.0005061301085518277	0.0005061301085518277	0.00036857153739239793
430	0.43387534571104686	0.432962440918061	0.0009129047929858358	0.0009129047929858358	0.002104071600311242
431	0.5048019010234422	0.5039589551927293	0.0008429458307129822	0.0008429458307129822	0.0016698547073693312
432	0.8015923684475279	0.8012417821632312	0.0003505862842967389	0.0003505862842967389	0.0004373623029567156
433	-1.0169787405395703	-1.0217631847595499	0.004784444219979589	0.004784444219979589	0.004704566604254819
434	0.8396105968948513	0.8387683140540503	0.0008422828408010119	0.0008422828408010119	0.0010031827181744054
435	0.6170211506178436	0.6179514670066055	-0.0009303163887619537	0.0009303163887619537	0.0015077544551437131
436	-1.254298594378554	-1.2593602177446428	0.00506162336608873	0.00506162336608873	0.004035421381139733
437	-0.6616274743350933	-0.6547363453464072	-0.006891128988686046	0.006891128988686046	0.010415421450887193
438	-1.3050211574102526	-1.303397127998096	-0.001624029412156558	0.001624029412156558	0.0012444468068083746
439	0.7341161840861946	0.7379248948780059	-0.0038087107918113317	0.0038087107918113317	0.005188158052328322
440	0.37681078298658105	0.3753721248642705	0.0014386581223105321	0.0014386581223105321	0.0038179855441179494
441	0.9441751260576833	0.9432802520521477	0.000894874005535562	0.000894874005535562	0.0009477839235947958
442	0.23104095574420502	0.23155014225295645	-0.0005091865087514247	0.0005091865087514247	0.0022038798580593048
443	0.18211787654817663	0.1795137171427541	0.0026041594054225237	0.0026041594054225237	0.014299306881791098
444	0.17940875424036137	0.17822099828634919	0.0011877559540121874	0.0011877559540121874	0.006620390175726326
445	-0.4999775255138077	-0.5002876562443248	0.0003101307305171108	0.0003101307305171108	0.0006202893424027437
446	0.6465921394642179	0.645307626172098	0.001284513292119871	0.001284513292119871	0.0019865897120002886
447	0.14519455040845047	0.14434852808875576	0.000846022319694717	0.000846022319694717	0.005826818687855365
448	0.30184543336977626	0.3019002377158131	-5.480434603682971e-05	5.480434603682971e-05	0.00018156427090845384
449	-0.4933789997414022	-0.49274762964302	-0.0006313700983822113	0.0006313700983822113	0.0012796857967467914
450	-0.2164371423064016	-0.21555203495893238	-0.0008851073474692162	0.0008851073474692162	0.004089442958067725
451	0.2256257448946552	0.22851575308635574	-0.002890008191700544	0.002890008191700544	0.012808858284545012
452	0.09091068995894397	0.09256084791076091	-0.001650157951816944	0.001650157951816944	0.018151418194737815
453	0.18388695978828562	0.18056140048372527	0.003325559304560355	0.003325559304560355	0.018084802252368345
454	-0.1774942322185769	-0.173688868095212	-0.003805364123364907	0.003805364123364907	0.021439367780011896
455	-0.7403854231904282	-0.7421803380935899	0.0017949149031616374	0.0017949149031616374	0.002424298003365718
456	0.16652218982019173	0.16577455139810127	0.0007476384220904686	0.0007476384220904686	0.004489722498231364
457	-0.27480247273090974	-0.2759847414210981	0.0011822686901883372	0.0011822686901883372	0.004302249097103397
458	0.6881142421297828	0.6876691038613103	0.00044513826847247806	0.00044513826847247806	0.0006468958803915035
459	-0.1366187941254768	-0.1366723321254426	5.3537999965797e-05	5.3537999965797e-05	0.0003918787331457874
460	0.28273095688567135	0.2798080887274068	0.0029228681582645355	0.0029228681582645355	0.01033798417569981
461	-0.02650596597484895	-0.029769239759502852	0.0032632737846539014	0.0032632737846539014	0.12311469001923435
462	0.04679099494496749	0.04674275086813395	4.824407683353543e-05	4.824407683353543e-05	0.001031054733721242
463	0.18331030574239993	0.20046598812228922	-0.017155682379889292	0.017155682379889292	0.093588204495156
464	0.9154415078313141	0.9173189783950875	-0.001877470563773409	0.001877470563773409	0.0020508907971860998
465	0.25051054881772306	0.239974092266948	0.010536456550775064	0.010536456550775064	0.04205993160967293
466	-0.5627554085530592	-0.5709921886989378	0.008236780145878586	0.008236780145878586	0.01463651885115909
467	-0.8938229113010124	-0.8970466969131508	0.003223785612138319	0.003223785612138319	0.0036067386183309034
468	-0.06174215057357966	-0.06053337905598255	-0.0012087715175971084	0.0012087715175971084	0.019577735896267254
469	0.4590003052845673	0.45542648093999105	0.0035738243445762596	0.0035738243445762596	0.007786104504572363
470	0.0382638618193128	0.03893211427907772	-0.0006682524597649217	0.0006682524597649217	0.017464323463232786
471	-0.25761525834817073	-0.25553933883770696	-0.002075919510463764	0.002075919510463764	0.008058216441737815
472	0.042956960394806835	0.02611874683111637	0.016838213563690467	0.016838213563690467	0.39197870168034693
473	-0.053908074643135996	-0.07289722847048097	0.018989153827344972	0.018989153827344972	0.3522506406146119
474	2.274846127571954	2.258322492316722	0.016523635255231817	0.016523635255231817	0.0072636276603324544
475	0.2068359034602885	0.20816274697921244	-0.0013268435189239536	0.0013268435189239536	0.006414957445619209
476	-0.5388201271412705	-0.5257261001503366	-0.013094026990933871	0.013094026990933871	0.024301295240036228
477	-0.5768146666972891	-0.5729309841484564	-0.0038836825488326454	0.0038836825488326454	0.006732981619676451
478	-0.39133029641560113	-0.38960371405494243	-0.0017265823606587016	0.0017265823606587016	0.004412084565067853
479	0.454255421744011	0.4567240693518215	-0.0024686476078105146	0.0024686476078105146	0.005434492335463384
480	-1.6380758373063253	-1.6347352411756333	-0.0033405961306920418	0.0033405961306920418	0.002039341558315984
481	0.4611285762782412	0.4627747297121232	-0.0016461534338819694	0.0016461534338819694	0.0035698360903330655
482	-0.5623956468090561	-0.5627579886962053	0.0003623418871492312	0.0003623418871492312	0.000644282880219827
483	0.8785448199694031	0.8774248547709362	0.0011199651984669101	0.0011199651984669101	0.001274795745202749
484	-0.6810159932922679	-0.6829129365755193	0.0018969432832514066	0.0018969432832514066	0.0027854606968639953
485	0.05601897725438321	0.05631056097143983	-0.0002915837170566135	0.0002915837170566135	0.0052050881923910615
486	-1.1044074883445334	-1.1037356049783398	-0.0006718833661936152	0.0006718833661936152	0.0006083654568484897
487	0.20902025407808836	0.20920730606377447	-0.0001870519856861097	0.0001870519856861097	0.0008948988532768146
488	0.5001939015360464	0.4997595032776303	0.00043439825841606883	0.00043439825841606883	0.0008684597254826066
489	0.19601687093582226	0.1967596005911787	-0.0007427296553564333	0.0007427296553564333	0.0037891108648480053
490	-0.3141810926582603	-0.31694580422225727	0.002764711563996991	0.002764711563996991	0.0087997388404407
491	-0.5622753771504797	-0.5704142350779762	0.008138857927496468	0.008138857927496468	0.014474860999147568
492	1.135036636106429	1.1368267621207906	-0.0017901260143615705	0.0017901260143615705	0.0015771526287489065
493	-0.18229506132311632	-0.180590518596091	-0.0017045427270253322	0.0017045427270253322	0.00935046026290337
494	0.40934365937694017	0.41330602640243796	-0.003962367025497793	0.003962367025497793	0.009679805549031566
495	-1.1651099884555856	-1.1648728317368295	-0.0002371567187560153	0.0002371567187560153	0.00020354878175096497
496	0.24634624746299874	0.2473563097993292	-0.0010100623363304695	0.0010100623363304695	0.004100173421485468
497	0.2630363992541326	0.26952095638677065	-0.006484557132638069	0.006484557132638069	0.024652698831894422
498	0.05453050150858638	0.053332260890215366	0.0011982406183710173	0.0011982406183710173	0.021973768537271607
499	-1.2666861244582321	-1.2687223169365325	0.002036192478300336	0.002036192478300336	0.0016074956841981873
500	0.4112578660715027	0.41256751810436754	-0.0013096520328648165	0.0013096520328648165	0.0031845033029401456
501	-0.2405732326113756	-0.23278970442675018	-0.00778352818462541	0.00778352818462541	0.032354090686385714
502	0.20730856044299156	0.20752332737572488	-0.00021476693273331238	0.00021476693273331238	0.001035977155378356
503	-0.6248463045688086	-0.6254350808134745	0.0005887762446659117	0.0005887762446659117	0.0009422737085277507
504	-0.14010653988540178	-0.14167454260416434	0.0015680027187625623	0.0015680027187625623	0.011191502695342333
505	1.096971088938216	1.0966355815043016	0.00033550743391441706	0.00033550743391441706	0.0003058489301109682
506	0.39448210514204163	0.3938432151571192	0.0006388899849224527	0.0006388899849224527	0.001619566455853319
507	0.5408476331785547	0.5394859093783566	0.0013617238001980558	0.0013617238001980558	0.002517758637853738
508	1.3372853390298194	1.3372852616200248	7.740979457437902e-08	7.740979457437902e-08	5.788577225451277e-08
509	-0.21448891101965295	-0.21238639692455763	-0.0021025140950953203	0.0021025140950953203	0.00980243726866921
510	2.400408741529605	2.3960797173714354	0.004329024158169492	0.004329024158169492	0.001803452921693212
511	-1.493837388098012	-1.4918789927662601	-0.0019583953317519054	0.0019583953317519054	0.0013109829405497603
512	-0.3152081589594359	-0.31613906848804163	0.00093090952860575	0.00093090952860575	0.0029533167278374566
513	-0.7087020202084433	-0.7065888499155903	-0.0021131702928529617	0.0021131702928529617	0.0029817472401608737
514	-0.20354143085545065	-0.2035864514198238	4.502056437313828e-05	4.502056437313828e-05	0.00022118624293798254
515	0.5780316908158517	0.5773353447651175	0.000696346050734209	0.000696346050734209	0.0012046849018803186
516	-1.7043168581541976	-1.7024370492109142	-0.0018798089432834342	0.0018798089432834342	0.0011029691657919157
517	1.2041421381848272	1.2023488495813694	0.0017932886034577322	0.0017932886034577322	0.0014892665463572335
518	2.3666063197578064	2.3664253130064594	0.0001810067513470237	0.0001810067513470237	7.648367615512307e-05
519	-0.7641711367246538	-0.7631092997471001	-0.0010618369775536873	0.0010618369775536873	0.0013895277203282916
520	-0.24072550105632318	-0.24042605732432776	-0.00029944373199541907	0.00029944373199541907	0.0012439219388117814
521	-2.1911766483632302	-2.1925650148446607	0.0013883664814304808	0.0013883664814304808	0.0006336168662930785
522	0.8885682252701658	0.8827283516126272	0.005839873657538575	0.005839873657538575	0.006572228773725263
523	-0.923020111433721	-0.9245222405951381	0.0015021291614171206	0.0015021291614171206	0.0016274067518245875
524	-0.07871103211645064	-0.07872659195840015	1.5559841949508435e-05	1.5559841949508435e-05	0.00019768311418516416
525	0.4344911950067476	0.4292166922539309	0.005274502752816712	0.005274502752816712	0.012139492844578357
526	0.03875411594773448	0.03919171363264695	-0.00043759768491247186	0.00043759768491247186	0.011291644105690233
527	-0.7041148575442676	-0.7036715118857728	-0.0004433456584947981	0.0004433456584947981	0.0006296496285294265
528	-0.08320114624364404	-0.0838812980745729	0.0006801518309288573	0.0006801518309288573	0.008174789190248877
529	-0.04784395750590452	-0.048409537477311915	0.0005655799714073956	0.0005655799714073956	0.011821345910559264
530	0.050748846519055237	0.05540205950183008	-0.0046532129827748445	0.0046532129827748445	0.09169100978536823
531	0.42764348222490345	0.4277371401428809	-9.365791797744105e-05	9.365791797744105e-05	0.00021900934275945563
532	0.3670131432680763	0.3669860636961175	2.7079571958799065e-05	2.7079571958799065e-05	7.378365722183255e-05
533	-0.048623936659353564	-0.04619761379842657	-0.002426322860926991	0.002426322860926991	0.0498997618791166
534	-0.35152249186534984	-0.35160515191279273	8.266004744289512e-05	8.266004744289512e-05	0.00023514867286090452
535	0.6919356258034869	0.6931610351728068	-0.0012254093693199186	0.0012254093693199186	0.001770987536444526
536	0.21522006496357352	0.21642887121231524	-0.0012088062487417284	0.0012088062487417284	0.0056166057237568515
537	-1.0545160317021238	-1.0574990640890292	0.0029830323869053377	0.0029830323869053377	0.00282881653500359
538	-1.3352386612512077	-1.3347736289190948	-0.0004650323321129246	0.0004650323321129246	0.0003482765632903097
539	-0.6561739410777623	-0.6563013418059427	0.0001274007281804046	0.0001274007281804046	0.00019415694559761024
540	1.4506903247688898	1.451531634870662	-0.0008413101017721303	0.0008413101017721303	0.0005799377630137292
541	0.33471636398859145	0.33847758575689113	-0.003761221768299683	0.003761221768299683	0.01123704178510938
542	0.3613233696678633	0.36075135646740364	0.0005720132004596867	0.0005720132004596867	0.0015831060166008478
543	-0.5476030870124718	-0.546252051329077	-0.0013510356833948967	0.0013510356833948967	0.0024671805463436446
544	0.5066102531642107	0.5070097665438311	-0.00039951337962040867	0.00039951337962040867	0.0007886010540156043
545	-0.801180491623529	-0.8029880955291446	0.001807603905615629	0.001807603905615629	0.0022561756364694583
546	-0.14607523232581798	-0.14838363001956623	0.002308397693748243	0.002308397693748243	0.01580280008454415
547	0.11274982824821281	0.11245619246835759	0.0002936357798552225	0.0002936357798552225	0.002604312435924947
548	0.11008600493580602	0.11104258395278066	-0.000956579016974643	0.000956579016974643	0.008689378977213759
549	0.09539994542652167	0.09856843704625362	-0.0031684916197319557	0.0031684916197319557	0.03321271941578175
550	-0.4107194622546008	-0.4106258363236748	-9.362593092604454e-05	9.362593092604454e-05	0.00022795591524223116
551	0.7059767180212838	0.7070816508374378	-0.0011049328161539806	0.0011049328161539806	0.0015651122592978612
552	0.03877932291393342	0.04076405571851183	-0.001984732804578407	0.001984732804578407	0.05118018200016824
553	-0.43591867687587205	-0.45018851410816296	0.014269837232290916	0.014269837232290916	0.032735090257108336
554	-1.2436377262223424	-1.245113774146489	0.001476047924146684	0.001476047924146684	0.0011868793403608845
555	1.4870663577000265	1.4837347618481544	0.003331595851872038	0.003331595851872038	0.0022403814292624143
556	0.055270472011068245	0.05753494262705772	-0.0022644706159894723	0.0022644706159894723	0.04097071245449104
557	0.4985696265633896	0.4988507819589927	-0.0002811553956030832	0.0002811553956030832	0.0005639240351263883
558	-1.3077248991845711	-1.307421918845364	-0.0003029803392071706	0.0003029803392071706	0.00023168507336374287
559	0.6738697433684127	0.6760964427101612	-0.0022266993417485725	0.0022266993417485725	0.003304346817261996
560	0.7903548284931108	0.7901847954840946	0.00017003300901619056	0.00017003300901619056	0.00021513502908608178
561	-0.19589446727972992	-0.19467126715966288	-0.0012232001200670473	0.0012232001200670473	0.006244179006446178
562	0.7046617521505912	0.7044674790535055	0.0001942730970857509	0.0001942730970857509	0.0002756969517542842
563	-0.7378444863866329	-0.7427286958403556	0.004884209453722699	0.004884209453722699	0.00661956488641884
564	-0.7644133995086354	-0.768377987363067	0.003964587854431545	0.003964587854431545	0.005186444739168597
565	0.09173215272194121	0.09190308011142179	-0.00017092738948057407	0.00017092738948057407	0.0018633312792591895
566	0.07730886263477395	0.07774898018197973	-0.00044011754720578444	0.00044011754720578444	0.005692976616212915
567	0.4044175655531933	0.4050214633011251	-0.000603897747931792	0.000603897747931792	0.001493253012157705
568	-0.7346752029206783	-0.7345937700051763	-8.143291550199994e-05	8.143291550199994e-05	0.00011084206351087654
569	0.04652108262272837	0.0477051510543447	-0.0011840684316163294	0.0011840684316163294	0.02545229742864669
570	0.567057136930381	0.5697207621651046	-0.0026636252347236322	0.0026636252347236322	0.004697278389162841
571	-1.3513371552931923	-1.3523522964575818	0.0010151411643894992	0.0010151411643894992	0.0007512123531963786
572	-0.7822594777491251	-0.7851787095773943	0.002919231828269253	0.002919231828269253	0.003731794770539638
573	0.6386219381248297	0.6400730278244282	-0.0014510896995985068	0.0014510896995985068	0.002272220249525575
574	0.3200517049005441	0.3206819098480196	-0.00063020494747551	0.00063020494747551	0.001969072302462335
575	0.7812319849149723	0.7825411442894392	-0.0013091593744669616	0.0013091593744669616	0.0016757626412459905
576	-0.5234357019705046	-0.5244059411495527	0.000970239179048149	0.000970239179048149	0.0018535976346199282
577	1.1208945504975452	1.1212050664255457	-0.0003105159280005765	0.0003105159280005765	0.00027702510272955113
578	-0.165253157043407	-0.16431471657085694	-0.0009384404725500672	0.0009384404725500672	0.005678805109324279
579	0.04161920548239409	0.0409334249695803	0.0006857805128137884	0.0006857805128137884	0.016477501308954343
580	-0.7578373119610877	-0.7573476299995718	-0.0004896819615158865	0.0004896819615158865	0.0006461571023056595
581	-0.7916967928452879	-0.7906515628590682	-0.0010452299862196979	0.0010452299862196979	0.0013202402683270122
582	0.3384826048542077	0.33688426776024016	0.0015983370939675612	0.0015983370939675612	0.00472206568682016
583	-0.04164746051214933	-0.041705690549065366	5.823003691603906e-05	5.823003691603906e-05	0.0013981653671068922
584	1.35036662891867	1.349911582344987	0.0004550465736830045	0.0004550465736830045	0.00033698002004640113
585	-0.6369148734072672	-0.6360478473226294	-0.0008670260846377342	0.0008670260846377342	0.0013612903715051498
586	0.843987691419851	0.8459188812395269	-0.0019311898196758825	0.0019311898196758825	0.0022881729666306126
587	-0.8741771532954163	-0.8741889098899946	1.1756594578304913e-05	1.1756594578304913e-05	1.3448755248276239e-05
588	0.31505967619314984	0.3156520761109505	-0.0005923999178006345	0.0005923999178006345	0.0018802784442572048
589	-2.128099045428874	-2.1282947608156633	0.00019571538678908595	0.00019571538678908595	9.196723583400865e-05
590	0.3621735409585981	0.3582538010178382	0.003919739940759892	0.003919739940759892	0.010822822480033066
591	-1.57440766904354	-1.5767637937997847	0.002356124756244693	0.002356124756244693	0.0014965150402729236
592	1.3965465925255385	1.3984460121392317	-0.0018994196136932207	0.0018994196136932207	0.0013600832395131751
593	-1.3310698615600427	-1.3304266044116275	-0.0006432571484151772	0.0006432571484151772	0.0004832632508569204
594	1.0532300018566314	1.0510934186171994	0.0021365832394319995	0.0021365832394319995	0.0020286008143194133
595	0.6764813133795615	0.6763247901346858	0.0001565232448756948	0.0001565232448756948	0.00023137851967223877
596	1.5198879430326213	1.5204777595485552	-0.0005898165159339275	0.0005898165159339275	0.0003880657904010153
597	0.41051200522116515	0.41139768522668874	-0.0008856800055235814	0.0008856800055235814	0.002157500862968471
598	0.2519774027582274	0.2465232892703284	0.005454113487898982	0.005454113487898982	0.021645248455601434
599	0.4352810121508399	0.4334170720667885	0.0018639400840514408	0.0018639400840514408	0.004282153441155667
600	-0.45694328970123943	-0.4584658435931033	0.0015225538918638426	0.0015225538918638426	0.0033320412536516843
601	-0.3818463483654031	-0.37887186842766596	-0.00297447993773714	0.00297447993773714	0.007789729954130001
602	-0.5814768115076967	-0.5820034697947563	0.000526658287059556	0.000526658287059556	0.0009057253473169409
603	0.25976986830481846	0.2604606164382517	-0.0006907481334332277	0.0006907481334332277	0.00265907719760127
604	-0.4699805398132193	-0.4642619650638835	-0.005718574749335792	0.005718574749335792	0.012167684116471036
605	-0.40113542504952426	-0.40010466710782566	-0.0010307579416986012	0.0010307579416986012	0.0025696008812269413
606	-0.606407258579264	-0.6050514598925361	-0.0013557986867279714	0.0013557986867279714	0.0022357890139778954
607	2.0004889998317066	2.002889512176864	-0.0024005123451575905	0.0024005123451575905	0.001199962781779623
608	-1.0065919611514005	-1.0049627401258476	-0.0016292210255528516	0.0016292210255528516	0.0016185515963084492
609	-1.8925618433911096	-1.8925526428148487	-9.20057626085935e-06	9.20057626085935e-06	4.861440218182606e-06
610	-0.6848475576263626	-0.6855793756059825	0.0007318179796198532	0.0007318179796198532	0.0010685852223176308
611	-0.44127044341365496	-0.44167809399198177	0.0004076505783268125	0.0004076505783268125	0.0009238112010703455
612	1.5382605201155795	1.5384160214324538	-0.00015550131687436242	0.00015550131687436242	0.00010108906446008157
613	-0.5856835047868681	-0.5877272276677559	0.0020437228808877217	0.0020437228808877217	0.0034894663486065534
614	0.6301560882874492	0.6287178936830173	0.0014381946044318417	0.0014381946044318417	0.0022822831218537736
615	0.348765946154907	0.34889089016587604	-0.0001249440109690192	0.0001249440109690192	0.00035824601669546136
616	0.23222907650955515	0.23207672355596287	0.00015235295359228296	0.00015235295359228296	0.0006560459864982253
617	0.20076427284172454	0.20036820176727588	0.0003960710744486673	0.0003960710744486673	0.0019728165217967625
618	-0.8070182477765195	-0.8035249537812206	-0.003493293995298963	0.003493293995298963	0.004328643131581741
619	-0.20266849828564096	-0.2022875904899024	-0.0003809077957385443	0.0003809077957385443	0.0018794622694726483
620	-0.024504759082172048	-0.024996381782216304	0.0004916227000442558	0.0004916227000442558	0.020062335581251485
621	-0.22726982397415596	-0.22801248420023512	0.0007426602260791615	0.0007426602260791615	0.0032677467386238363
622	0.20321319577991498	0.20350753813147548	-0.0002943423515605059	0.0002943423515605059	0.0014484411331205386
623	-0.2790077448810469	-0.27866234204054763	-0.00034540284049927594	0.00034540284049927594	0.0012379686472378613
624	0.87627597228373	0.8778415075028079	-0.0015655352190778737	0.0015655352190778737	0.0017865778231917193
625	0.4773804124352617	0.4753222483273589	0.0020581641079027713	0.0020581641079027713	0.004311371087480222
626	-0.3074705062500473	-0.2982535223736704	-0.009216983876376872	0.009216983876376872	0.029976806519716244
627	-0.5472567311565792	-0.550634943479622	0.0033782123230428063	0.0033782123230428063	0.00617299364395802
628	-0.20326877764110862	-0.2041081587904614	0.0008393811493527803	0.0008393811493527803	0.0041294150488511904
629	0.9714191548135475	0.9671434408389246	0.004275713974622897	0.004275713974622897	0.0044015129343867735
630	1.0187608286774934	1.0210641835683987	-0.0023033548909052737	0.0023033548909052737	0.002260937823743556
631	-0.5420920578331441	-0.5416945276621732	-0.0003975301709708834	0.0003975301709708834	0.0007333259457072569
632	-0.8839644471096347	-0.8860712718146146	0.002106824704979915	0.002106824704979915	0.002383381720688834
633	-0.2664104335039155	-0.26524600062316495	-0.0011644328807505766	0.0011644328807505766	0.004370823114679037
634	2.639822363864459	2.522271684775035	0.11755067908942429	0.11755067908942429	0.04452976863084864
635	-3.7971285904545287	-3.5868701953702953	-0.21025839508423338	0.21025839508423338	0.055372998326365545
636	1.3194654541535948	1.321963374344648	-0.0024979201910531046	0.0024979201910531046	0.0018931304212549164
637	1.0452669937172494	0.8559478550935751	0.18931913862367433	0.18931913862367433	0.18112036423383537
638	0.8720264102461357	0.7793886747862189	0.09263773545991683	0.09263773545991683	0.10623271769231067
639	-0.2354069810754574	-0.2367308512916111	0.001323870216153683	0.001323870216153683	0.00562375087648454
640	-2.4230662468495012	-2.1806390772454165	-0.24242716960408472	0.24242716960408472	0.10004974891598252
641	0.5931665425830258	0.5746892992064545	0.018477243376571306	0.018477243376571306	0.03115017798561192
642	0.6139774284318238	0.47111709444891403	0.14286033398290976	0.14286033398290976	0.2326801073905814
643	-0.7791203037721246	-0.7754864689033525	-0.0036338348687721123	0.0036338348687721123	0.004664022810314193
644	-0.9194603353230225	-0.9194954703417579	3.5135018735421575e-05	3.5135018735421575e-05	3.8212652993973936e-05
645	-0.944480398969402	-0.949587577359523	0.005107178390121092	0.005107178390121092	0.0054073947915636396
646	0.3058877007953238	0.30600814277192967	-0.00012044197660587841	0.00012044197660587841	0.0003937457318248595
647	0.21640237101408535	0.21609722480775417	0.0003051462063311805	0.0003051462063311805	0.0014100871672580654
648	0.3403087354171206	0.34502495700650115	-0.004716221589380565	0.004716221589380565	0.013858655680994595
649	0.40366105666078367	0.4031357056817342	0.0005253509790494881	0.0005253509790494881	0.0013014655993703315
650	0.4092471271577089	0.40937219518610846	-0.00012506802839956643	0.00012506802839956643	0.00030560514686611294
651	0.4238264059510184	0.4258622727917327	-0.0020358668407143288	0.0020358668407143288	0.004803539402284467
652	0.5437010582365909	0.5602959747150749	-0.01659491647848399	0.01659491647848399	0.03052213385846075
653	2.1670646084688747	2.140248456115046	0.026816152353828837	0.026816152353828837	0.01237441294967925
654	-0.38198223677154514	-0.4139402018878968	0.03195796511635168	0.03195796511635168	0.08366348494750821
655	-0.9978250683874095	-1.0037674505127825	0.005942382125373014	0.005942382125373014	0.005955334570794588
656	-0.9697804601754964	-0.9694603615244546	-0.00032009865104176694	0.00032009865104176694	0.0003300733147209836
657	0.7676363271621023	0.7754916024396152	-0.007855275277512952	0.007855275277512952	0.010233068706575357
658	0.4729943399477074	0.4622453201008625	0.010749019846844898	0.010749019846844898	0.022725472461326435
659	-1.109515555510629	-1.1037700081146795	-0.005745547395949568	0.005745547395949568	0.005178428880436302
660	-0.3380484680461193	-0.3369243652713294	-0.0011241027747899146	0.0011241027747899146	0.003325271021895462
661	-0.851244600425087	-0.8520075095077573	0.0007629090826702933	0.0007629090826702933	0.0008962278084223014
662	1.640036110109747	1.6405588182593078	-0.0005227081495609021	0.0005227081495609021	0.00031871746380384504
663	-0.34258154575390587	-0.34215961434114206	-0.00042193141276380963	0.00042193141276380963	0.0012316232966819085
664	0.0052768808274366	0.004364400524536904	0.000912480302899696	0.000912480302899696	0.17292039231876308
665	-0.36423251481461094	-0.3620512287270117	-0.0021812860875992657	0.0021812860875992657	0.00598871874113026
666	0.006405723682274711	0.006292075141800524	0.00011364854047418715	0.00011364854047418715	0.0177417175812101
667	0.8411997934784847	0.8398525981689886	0.0013471953094961187	0.0013471953094961187	0.001601516452976371
668	-1.2560261661138719	-1.2563047921005932	0.0002786259867213481	0.0002786259867213481	0.00022183135530003578
669	0.7792511156068048	0.7790480276028688	0.0002030880039359806	0.0002030880039359806	0.000260619458693794
670	1.9322856398091608	1.952122092227171	-0.01983645241801013	0.01983645241801013	0.010265797152003493
671	0.48477205740763063	0.48734424158425327	-0.0025721841766226383	0.0025721841766226383	0.005305966252216893
672	-1.3182338974214944	-1.336210725867204	0.01797682844570958	0.01797682844570958	0.013637055215218486
673	-0.7068525383024906	-0.7151775403571037	0.008325002054613062	0.008325002054613062	0.011777565480072534
674	0.1564523862619945	0.15723615106821853	-0.0007837648062240243	0.0007837648062240243	0.005009605957121901
675	0.3680348715963038	0.37790027906225987	-0.009865407465956044	0.009865407465956044	0.0268056323662106
676	-1.1340504571963845	-1.1405241088908724	0.006473651694487881	0.006473651694487881	0.005708433565197913
677	-0.484271642933386	-0.48727122260316946	0.002999579669783481	0.002999579669783481	0.00619400229923454
678	1.0179076913706488	1.021961732092791	-0.004054040722142105	0.004054040722142105	0.0039827194120944254
679	-1.3974561973967554	-1.3979431255037866	0.0004869281070312148	0.0004869281070312148	0.0003484389048746476
680	0.726166938323641	0.7226867868936893	0.0034801514299517278	0.0034801514299517278	0.004792495012215332
681	0.5792131117470689	0.5764470046614179	0.0027661070856510594	0.0027661070856510594	0.004775629262444882
682	1.0788271768154327	1.0790859750144932	-0.00025879819906049484	0.00025879819906049484	0.00023988846834989438
683	-0.6381360905079447	-0.6368465982262705	-0.0012894922816741872	0.0012894922816741872	0.0020207167418595223
684	-0.1764172671771123	-0.17532850512935738	-0.001088762047754932	0.001088762047754932	0.006171516344042902
685	0.10046920353995904	0.10037151973563141	9.768380432763346e-05	9.768380432763346e-05	0.0009722760894464764
686	-0.21283884568409656	-0.21128714411844385	-0.0015517015656527078	0.0015517015656527078	0.0072904998176686305
687	-0.8634262872736786	-0.8623206296576313	-0.0011056576160473064	0.0011056576160473064	0.001280546622617303
688	0.7568156099101173	0.7470183595046365	0.00979725040548085	0.00979725040548085	0.012945359843521746
689	0.5744597353550994	0.5743821067980548	7.76285570446289e-05	7.76285570446289e-05	0.00013513315601944355
690	0.5074267728974132	0.5084678299667189	-0.0010410570693056842	0.0010410570693056842	0.002051640009771726
691	-0.47875195374368934	-0.4751853198214917	-0.0035666339221976373	0.0035666339221976373	0.007449857685817644
692	-0.8686122446436987	-0.8682032136846374	-0.00040903095906130726	0.00040903095906130726	0.00047090167285068627
693	-0.4293167273000673	-0.4302884326037315	0.0009717053036641943	0.0009717053036641943	0.002263376295107712
694	-0.5264628495742921	-0.5257400656404343	-0.000722783933857829	0.000722783933857829	0.0013729058649480886
695	0.22225384917400995	0.22304542076767575	-0.0007915715936658019	0.0007915715936658019	0.003561565284955106
696	-0.2777434364071214	-0.2795450995094484	0.0018016631023269891	0.0018016631023269891	0.0064867891232039
697	0.8192911899110098	0.8385742236853844	-0.01928303377437457	0.01928303377437457	0.023536239632296136
698	-2.753892039109167	-2.769864040949699	0.015972001840531824	0.015972001840531824	0.0057997922989379315
699	-0.3518848428826665	-0.3642357555193598	0.0123509126366933	0.0123509126366933	0.03509930275914619
700	-0.33438324867958485	-0.34172187527303777	0.007338626593452913	0.007338626593452913	0.02194675308177589
701	1.2422650865832372	1.245076326739536	-0.0028112401562987444	0.0028112401562987444	0.0022629953837235038
702	-1.0935067443677957	-1.0876735472464816	-0.005833197121314138	0.005833197121314138	0.005334395193590292
703	-0.3314038044153456	-0.34504741583418763	0.013643611418842017	0.013643611418842017	0.04116914542641337
704	1.0598806222082	1.0726767770421475	-0.01279615483394747	0.01279615483394747	0.012073203873930086
705	1.405446445940896	1.412870316983117	-0.007423871042220975	0.007423871042220975	0.005282215529209268
706	1.173154041606789	1.1724807453745711	0.0006732962322177904	0.0006732962322177904	0.000573919714154181
707	-0.7143842568165983	-0.7154863989455862	0.0011021421289878486	0.0011021421289878486	0.0015427861385120055
708	-1.3190236006124647	-1.3170744026282932	-0.0019491979841714802	0.0019491979841714802	0.0014777582321244332
709	-1.5879819036463796	-1.5886889619878275	0.0007070583414479081	0.0007070583414479081	0.00044525591873832823
710	0.9631269811308955	0.9631643484766528	-3.7367345757322035e-05	3.7367345757322035e-05	3.879794304323779e-05
711	1.4012408857211998	1.4015955906927502	-0.0003547049715504347	0.0003547049715504347	0.0002531363273545025
712	0.2147474791750586	0.21555664225303417	-0.0008091630779755721	0.0008091630779755721	0.0037679747444949317
713	-0.3601464795995775	-0.3581932430947177	-0.0019532365048598455	0.0019532365048598455	0.005423450222341523
714	-0.3756898618378803	-0.37743404012502424	0.0017441782871439604	0.0017441782871439604	0.004642601422916804
715	0.3333862016133516	0.3566143164874802	-0.023228114874128625	0.023228114874128625	0.06967329410071894
716	-1.5119851050957493	-1.5132206137664639	0.0012355086707145357	0.0012355086707145357	0.0008171434140128614
717	-2.2336540489224608	-2.2414967198827185	0.007842670960257703	0.007842670960257703	0.003511139499888576
718	0.2637470743936139	0.2645325223227246	-0.0007854479291107275	0.0007854479291107275	0.002978034660352409
719	0.9723363569614683	0.9749740497184689	-0.0026376927570006536	0.0026376927570006536	0.002712736943462025
720	2.4859407094464006	2.4903105963929306	-0.004369886946530066	0.004369886946530066	0.0017578403740382068
721	-0.6558034530844494	-0.6592667897820093	0.0034633366975598268	0.0034633366975598268	0.0052810589533657795
722	0.1881328941776019	0.18966843761347718	-0.0015355434358752806	0.0015355434358752806	0.008162014636449973
723	0.06948102324108271	0.07490045716451732	-0.005419433923434608	0.005419433923434608	0.07799876384420038
724	-0.037495281422424614	-0.06984730178061227	0.032352020358187655	0.032352020358187655	0.862829111580932
725	0.840266703672612	0.7914607028496334	0.04880600082297859	0.04880600082297859	0.05808394002720662
726	0.34015676949260837	0.35997734257620095	-0.019820573083592585	0.019820573083592585	0.05826893615305012
727	-0.1505610435910497	-0.14889525155581396	-0.0016657920352357303	0.0016657920352357303	0.011063898040985388
728	-0.13037629692950006	-0.12274437998627263	-0.007631916943227429	0.007631916943227429	0.058537610922899025
729	0.25887283725530075	0.2582353918043623	0.0006374454509384675	0.0006374454509384675	0.0024623883204471465
730	0.28793579738839525	0.2921911229449847	-0.004255325556589473	0.004255325556589473	0.014778730519739734
731	-0.5767824351580358	-0.5690791568824238	-0.007703278275612013	0.007703278275612013	0.013355604827843533
732	-0.8489382267143915	-0.8579526854077812	0.009014458693389793	0.009014458693389793	0.01061850958022948
733	-0.11120777662447853	-0.11015254936808105	-0.0010552272563974785	0.0010552272563974785	0.00948879015863003
734	-0.3719741281651844	-0.3833214202515478	0.011347292086363425	0.011347292086363425	0.030505594951819814
735	-0.5181395333142785	-0.5193069520927907	0.0011674187785121193	0.0011674187785121193	0.0022530972903085146
736	-0.2193167653608924	-0.21980275991495546	0.0004859945540630628	0.0004859945540630628	0.0022159480296152644
737	0.08920557092676597	0.08892709094965312	0.0002784799771128471	0.0002784799771128471	0.003121777869024206
738	0.7713245337827513	0.7721128496314122	-0.0007883158486609032	0.0007883158486609032	0.0010220287494225324
739	0.47278854732683495	0.4729037718149698	-0.00011522448813483521	0.00011522448813483521	0.00024371251965877558
740	0.30821425563733607	0.3079105797922921	0.0003036758450439825	0.0003036758450439825	0.0009852751437990144
741	-0.08309577400971492	-0.0829660921795039	-0.00012968183021101753	0.00012968183021101753	0.0015606308715032382
742	0.5796142642244765	0.5798175415847595	-0.00020327736028302734	0.00020327736028302734	0.0003507114521327599
743	-0.6804038261001507	-0.6807206417605016	0.0003168156603509109	0.0003168156603509109	0.0004656288636217602
744	0.6701450032646032	0.671423244220648	-0.001278240956044785	0.001278240956044785	0.0019074095155792398
745	-0.20903791400371421	-0.20904386492759386	5.950923879644021e-06	5.950923879644021e-06	2.846815568365404e-05
746	0.05738749959795059	0.05789433964764612	-0.0005068400496955269	0.0005068400496955269	0.008831889405295279
747	-0.6144186932817303	-0.6162967099996308	0.0018780167179005547	0.0018780167179005547	0.0030565748380305627
748	-0.6774818186784644	-0.6728743421007266	-0.004607476577737746	0.004607476577737746	0.006800885943663195
749	0.6058386175218401	0.6074324862979097	-0.0015938687760695958	0.0015938687760695958	0.002630847110059203
750	-0.08455166429217391	-0.08349891214010086	-0.0010527521520730526	0.0010527521520730526	0.012450992666864575
751	-0.5466720864753787	-0.5484217977667072	0.001749711291328504	0.001749711291328504	0.0032006596543269973
752	-1.6948835383550185	-1.694165532057923	-0.0007180062970955081	0.0007180062970955081	0.00042363164243861516
753	0.7466273644524504	0.74559706136057	0.0010303030918803469	0.0010303030918803469	0.0013799428482452341
754	0.7711305087468788	0.7715080889312276	-0.00037758018434874696	0.00037758018434874696	0.0004896449823549732
755	1.1838648862119232	1.1839250070835305	-6.01208716073387e-05	6.01208716073387e-05	5.07835584174734e-05
756	-0.05762595853989138	-0.05753382683337804	-9.213170651333619e-05	9.213170651333619e-05	0.0015987882691714068
757	0.25296750142006236	0.25365847137948094	-0.0006909699594185859	0.0006909699594185859	0.0027314574225532767
758	0.8738441113704134	0.8732850580130957	0.0005590533573176515	0.0005590533573176515	0.0006397632598804281
759	-0.334865182350097	-0.3353640144609926	0.0004988321108956306	0.0004988321108956306	0.0014896505733883927
760	0.09905146421608282	0.09851146519679332	0.0005399990192894999	0.0005399990192894999	0.005451701532765642
761	-0.741676942899674	-0.7475043006053284	0.005827357705654346	0.005827357705654346	0.007857002649794666
762	-0.3641267885996053	-0.36537123472868416	0.0012444461290788689	0.0012444461290788689	0.0034176176212271626
763	0.4584412077337327	0.4585129797547438	-7.177202101110725e-05	7.177202101110725e-05	0.00015655665284956924
764	0.36832518243273543	0.3708234034149882	-0.0024982209822527746	0.0024982209822527746	0.00678265049854148
765	-0.3064060462182584	-0.3054267921172027	-0.0009792541010557043	0.0009792541010557043	0.0031959359586467314
766	-0.07397818911540043	-0.07373445017577751	-0.00024373893962291449	0.00024373893962291449	0.0032947405517415413
767	0.42611618871015483	0.4282548618945725	-0.002138673184417683	0.002138673184417683	0.005018990690992999
768	0.5280937605150251	0.5280758379981876	1.7922516837520774e-05	1.7922516837520774e-05	3.393813405415315e-05
769	0.2597414693826954	0.2493386842701284	0.010402785112566981	0.010402785112566981	0.04005053616309464
770	-0.8878403760627808	-0.9099438908819479	0.02210351481916717	0.02210351481916717	0.024895820707307177
771	1.548427619093082	1.5432525711105427	0.005175047982539205	0.005175047982539205	0.0033421310229342486
772	0.5979488144712539	0.5991359068104884	-0.00118709233923453	0.00118709233923453	0.00198527417482086
773	-0.06325285964216268	-0.05967455376776343	-0.0035783058743992513	0.0035783058743992513	0.056571448226098026
774	-0.5983534330075069	-0.5985318035826026	0.00017837057509573206	0.00017837057509573206	0.0002981023676912609
775	-0.5860103246398102	-0.5865752975893201	0.0005649729495099676	0.0005649729495099676	0.0009641006749449795
776	0.7911777994168633	0.7920642207110973	-0.0008864212942339966	0.0008864212942339966	0.0011203819102195897
777	-0.7392131154716446	-0.7364153529465511	-0.00279776252509345	0.00279776252509345	0.0037847847481823653
778	0.4137607164380801	0.40653934366474687	0.0072213727733332345	0.0072213727733332345	0.017453016892225736
779	0.8477303436339982	0.849654616757789	-0.0019242731237907318	0.0019242731237907318	0.002269911815993133
780	-0.1671183439867028	-0.17308590774689492	0.005967563760192113	0.005967563760192113	0.035708609945697745
781	0.07090500497591265	0.0740879047071985	-0.0031828997312858542	0.0031828997312858542	0.04488963412903118
782	0.005952661777546297	0.007242072129542976	-0.0012894103519966787	0.0012894103519966787	0.21661071973892276
783	-0.2788004164132159	-0.2761986226644808	-0.002601793748735093	0.002601793748735093	0.00933210137275735
784	-0.6456554638456848	-0.6426236671970287	-0.00303179664865616	0.00303179664865616	0.00469568805411794
785	-0.8881293795038122	-0.8894275316677636	0.0012981521639513494	0.0012981521639513494	0.001461670105628768
786	0.3848454559800794	0.38629361606012935	-0.0014481600800499428	0.0014481600800499428	0.0037629652566948933
787	1.3278016578662701	1.3309373027183824	-0.0031356448521122626	0.0031356448521122626	0.0023615310566422487
788	-0.8431103904043566	-0.8381701595325808	-0.004940230871775864	0.004940230871775864	0.0058595302916460605
789	0.7909375109027342	0.7892046197355285	0.0017328911672057634	0.0017328911672057634	0.002190933093093452
790	0.14896226885944291	0.14505185565383272	0.003910413205610197	0.003910413205610197	0.026251031456159986
791	0.6346809626375641	0.6335070458902692	0.0011739167472949452	0.0011739167472949452	0.0018496170775573
792	-0.24367800043802512	-0.2470472196947071	0.003369219256681988	0.003369219256681988	0.013826522093195216
793	-1.371571596301113	-1.3739045185303667	0.002332922229253631	0.002332922229253631	0.0017009117391648466
794	0.609442346801245	0.6078962535909227	0.0015460932103222857	0.0015460932103222857	0.0025368982290731876
795	-0.5711966560262316	-0.5719091465010706	0.0007124904748390115	0.0007124904748390115	0.0012473645763190378
796	-0.5483311911574082	-0.546883448443225	-0.0014477427141832422	0.0014477427141832422	0.002640270583782351
797	-0.004186705225426493	-0.005549811433525065	0.0013631062080985716	0.0013631062080985716	0.3255796944624192
798	1.6236165822346649	1.6282397861289155	-0.004623203894250638	0.004623203894250638	0.0028474727006590995
799	0.1233993970631208	0.12331708313695344	8.231392616735167e-05	8.231392616735167e-05	0.0006670529040368549
800	-0.22816983274515504	-0.22778315729254928	-0.0003866754526057614	0.0003866754526057614	0.0016946826315889128
801	0.03824952596222485	0.038155790058169714	9.373590405513388e-05	9.373590405513388e-05	0.0024506422418857495
802	0.6357467752747251	0.6375714843045444	-0.001824709029819238	0.001824709029819238	0.0028701821240551743
803	0.23966676792151576	0.2399899942631123	-0.0003232263415965386	0.0003232263415965386	0.0013486489779108062
804	-1.8036733542011076	-1.804952661466075	0.0012793072649672776	0.0012793072649672776	0.000709278795956885
805	0.39817245366926973	0.3980887095877961	8.374408147365786e-05	8.374408147365786e-05	0.00021032113272008874
806	-0.21796558828123616	-0.21958497273999456	0.0016193844587583939	0.0016193844587583939	0.007429541844325161
807	-0.8260915377459297	-0.8276983982327124	0.001606860486782713	0.001606860486782713	0.0019451361179260915
808	0.6335678703023131	0.6341236297657815	-0.0005557594634684193	0.0005557594634684193	0.0008771900999386747
809	0.3664987246944961	0.36555133178239885	0.0009473929120972779	0.0009473929120972779	0.002584982834215863
810	0.10004738812362933	0.0976457599222158	0.0024016282014135276	0.0024016282014135276	0.024004906539347306
811	-1.2001311009757416	-1.1998431095818773	-0.000287991393864262	0.000287991393864262	0.00023996661167277188
812	-0.2634313825664942	-0.2626178644504762	-0.0008135181160179861	0.0008135181160179861	0.0030881594595611305
813	0.722216399952635	0.7210844385312498	0.0011319614213851636	0.0011319614213851636	0.0015673438341463873
814	-1.5057129018762565	-1.4971921743907046	-0.008520727485551882	0.008520727485551882	0.0056589323734519865
815	0.9318505756236412	0.8549881741402032	0.07686240148343793	0.07686240148343793	0.08248361217354805
816	-0.1966288841399119	-0.18273175314931223	-0.013897130990599665	0.013897130990599665	0.07067695598939126
817	0.3559649683457304	0.35734850692392683	-0.0013835385781964527	0.0013835385781964527	0.0038867267883863593
818	-0.5676327613393377	-0.5467596249673079	-0.02087313637202981	0.02087313637202981	0.036772254516774794
819	0.042486073204151376	0.026983646840506026	0.01550242636364535	0.01550242636364535	0.36488254137194737
820	1.2804831671104056	1.2690746662329389	0.011408500877466698	0.011408500877466698	0.008909528192558455
821	-0.19262624421205737	-0.1785164175345244	-0.014109826677532966	0.014109826677532966	0.07324976269588589
822	0.08822533162091435	0.08067199280503701	0.007553338815877345	0.007553338815877345	0.08561417313037087
823	1.5759761406286392	1.5764645943789901	-0.0004884537503508923	0.0004884537503508923	0.00030993727491080775
824	-3.359780502774324	-3.3580181113563867	-0.0017623914179374367	0.0017623914179374367	0.0005245555227438666
825	0.6038446498093684	0.6085360035115173	-0.004691353702148904	0.004691353702148904	0.0077691401317043175
826	0.003974515738139498	0.005499337369485602	-0.0015248216313461039	0.0015248216313461039	0.3836496649677087
827	1.9542393981407096	1.95135375171418	0.0028856464265296644	0.0028856464265296644	0.0014766084591658056
828	-1.3812717492296904	-1.3854872601299917	0.004215510900301256	0.004215510900301256	0.003051905537525232
829	-1.4521137982388752	-1.451454323245116	-0.0006594749937591793	0.0006594749937591793	0.00045414828683467583
830	0.8447365141313313	0.8443070909649464	0.0004294231663849457	0.0004294231663849457	0.0005083516092903061
831	0.6831149437924823	0.6824421837663408	0.0006727600261414723	0.0006727600261414723	0.000984841617439194
832	2.0382942410246154	2.039988170089657	-0.0016939290650417327	0.0016939290650417327	0.0008310522744695701
833	0.9638906480424532	0.9667942892548353	-0.0029036412123821798	0.0029036412123821798	0.0030124176619818113
834	-1.1847983759883762	-1.1833117608617272	-0.001486615126649049	0.001486615126649049	0.001254741023263889
835	-1.713772509247332	-1.7156965664000268	0.0019240571526948358	0.0019240571526948358	0.0011227027754925642
836	0.5035290605373457	0.5024177666541618	0.0011112938831838726	0.0011112938831838726	0.002207010419613011
837	0.7715690960724059	0.7704130482721894	0.0011560478002164976	0.0011560478002164976	0.0014983075476988925
838	0.01087358700588307	0.010551306118600223	0.00032228088728284733	0.00032228088728284733	0.02963887511163333
839	-0.9021224991876969	-0.9035200932103749	0.001397594022677917	0.001397594022677917	0.0015492286512489826
840	0.5866969612771716	0.5859520284943187	0.0007449327828529251	0.0007449327828529251	0.0012697062231774513
841	-0.23841047233716717	-0.23877736649069448	0.0003668941535273085	0.0003668941535273085	0.0015389179423646955
842	-0.2291051765466391	-0.2265853364491477	-0.0025198400974913993	0.0025198400974913993	0.010998617034645806
843	-0.7515750568786591	-0.7525806343195995	0.0010055774409404306	0.0010055774409404306	0.0013379601035679125
844	0.36761977993200146	0.36800674387649224	-0.0003869639444907813	0.0003869639444907813	0.001052620031931791
845	0.15369658095749159	0.1521382133375937	0.001558367619897888	0.001558367619897888	0.010139247146485914
846	0.6189964172324195	0.6195024361232981	-0.0005060188908786456	0.0005060188908786456	0.0008174827459278277
847	-0.08621355554427643	-0.08601036644506621	-0.00020318909921021588	0.00020318909921021588	0.0023568115005518442
848	-0.09167125750013204	-0.09333063036365274	0.0016593728635207056	0.0016593728635207056	0.01810134287203724
849	-0.15179962902922434	-0.15185273767315266	5.3108643928323485e-05	5.3108643928323485e-05	0.00034986016940857643
850	-0.6237082402775476	-0.6231108430796439	-0.0005973971979036374	0.0005973971979036374	0.0009578151438849007
851	-0.9855567975888206	-0.9885942969987127	0.003037499409892064	0.003037499409892064	0.0030820135555082685
852	-1.2738743227422933	-1.276196389930817	0.002322067188523791	0.002322067188523791	0.001822838522661351
853	0.34618652965322616	0.3461882523794202	-1.7227261940311323e-06	1.7227261940311323e-06	4.97629470377366e-06
854	-0.8449498321830882	-0.8458413094487582	0.0008914772656700709	0.0008914772656700709	0.001055065320702852
855	0.47928455112118573	0.48084738529041715	-0.0015628341692314196	0.0015628341692314196	0.0032607647494072084
856	0.12158913747556384	0.12184947645721422	-0.0002603389816503848	0.0002603389816503848	0.0021411368404739774
857	1.7300098521691218	1.7295847939706732	0.0004250581984486246	0.0004250581984486246	0.00024569698138752095
858	1.2283697176494925	1.2296054414946411	-0.0012357238451485841	0.0012357238451485841	0.0010059869006809805
859	0.4808319203680693	0.4795054766333351	0.0013264437347342284	0.0013264437347342284	0.0027586432567098633
860	1.0435026583689713	1.0434020781175946	0.000100580251376714	0.000100580251376714	9.638715394738354e-05
861	-1.1103164464405968	-1.110935222826015	0.0006187763854181849	0.0006187763854181849	0.0005572973249219453
862	0.18060559336276985	0.1786337115987635	0.001971881764006339	0.001971881764006339	0.010918165530153642
863	-0.21074264970161935	-0.2104910417983774	-0.0002516079032419405	0.0002516079032419405	0.0011939106943856896
864	0.1606992554288498	0.16093974029729452	-0.00024048486844471806	0.00024048486844471806	0.001496490246970644
865	-0.7527936577834031	-0.7512111152649936	-0.001582542518409502	0.001582542518409502	0.0021022261572570763
866	-0.5888338239831612	-0.5876840723502141	-0.0011497516329470603	0.0011497516329470603	0.0019525910131479465
867	0.6983151016803381	0.6980288215032715	0.00028628017706655573	0.00028628017706655573	0.00040995845052997843
868	1.1119687594284402	1.1066483000803373	0.0053204593481028795	0.0053204593481028795	0.00478472016681263
869	-1.5182232246278085	-1.5084608456419346	-0.009762378985873843	0.009762378985873843	0.006430134138059365
870	0.2524618358542115	0.2401910888423231	0.012270747011888405	0.012270747011888405	0.04860436418189703
871	-1.0028804712927017	-0.9972676732346031	-0.005612798058098667	0.005612798058098667	0.005596676990692453
872	0.5577358964284419	0.5585180434977133	-0.0007821470692713772	0.0007821470692713772	0.0014023609996774299
873	-0.6688781287453359	-0.6684371153866664	-0.0004410133586695286	0.0004410133586695286	0.0006593329034345464
874	-0.048028076411685466	-0.04654692748573552	-0.0014811489259499433	0.0014811489259499433	0.030839230646130405
875	0.48532810691243716	0.4833716983725367	0.0019564085399004782	0.0019564085399004782	0.0040311049618510005
876	0.3564034168494493	0.36114979360490906	-0.004746376755459747	0.004746376755459747	0.013317427754809362
877	0.8730481076490488	0.8720404296909123	0.0010076779581364992	0.0010076779581364992	0.0011542066803741007
878	0.08456903637344833	0.08304258077629356	0.001526455597154766	0.001526455597154766	0.018049816606802663
879	-0.7814259903791464	-0.7856521556064422	0.004226165227295797	0.004226165227295797	0.005408273181757456
880	-0.0710615501133708	-0.07092580200662724	-0.0001357481067435634	0.0001357481067435634	0.001910289130014648
881	0.07118915339586065	0.07213209934775477	-0.0009429459518941197	0.0009429459518941197	0.013245640760056404
882	0.28335640891987485	0.2851531453984535	-0.0017967364785786422	0.0017967364785786422	0.006340906441564582
883	-0.6689076733731729	-0.6692626570696802	0.0003549836965073272	0.0003549836965073272	0.0005306916195432661
884	-0.3119037453807602	-0.3102781463510951	-0.0016255990296651368	0.0016255990296651368	0.005211861203143513
885	0.014915499290503802	0.017064698667468292	-0.00214919937696449	0.00214919937696449	0.14409168175367842
886	1.0962897247459682	1.107134425147649	-0.010844700401680729	0.010844700401680729	0.009892184663313942
887	0.29244890253037886	0.2926994474776734	-0.0002505449472945398	0.0002505449472945398	0.0008567135835584605
888	0.13883126338467902	0.13765062466575273	0.0011806387189262912	0.0011806387189262912	0.008504127169504551
889	-0.3392594812270612	-0.34401556236218767	0.004756081135126489	0.004756081135126489	0.014019007274090937
890	0.09853727471172558	0.10407387120636713	-0.005536596494641555	0.005536596494641555	0.05618783867159988
891	-0.20828617286738374	-0.20495964575673042	-0.0033265271106533156	0.0033265271106533156	0.01597094547784179
892	-0.7810087887861834	-0.7858414665307123	0.00483267774452889	0.00483267774452889	0.006187737979286596
893	-0.47928478741635977	-0.47807346325612343	-0.0012113241602363378	0.0012113241602363378	0.0025273578299159485
894	0.0871485069631865	0.08750389087452959	-0.0003553839113430851	0.0003553839113430851	0.004077911644466924
895	-0.4652647284500255	-0.4444069387901095	-0.02085778965991597	0.02085778965991597	0.044829939568815445
896	1.2182094233236755	1.2187154416807289	-0.0005060183570533283	0.0005060183570533283	0.0004153787906784894
897	-0.25955936968328547	-0.25232113507200893	-0.0072382346112765394	0.0072382346112765394	0.027886624243650456
898	0.01003798372772776	0.006407986290923873	0.0036299974368038876	0.0036299974368038876	0.3616261527478675
899	-0.10480272985620824	-0.10706676049920816	0.0022640306429999174	0.0022640306429999174	0.021602783115537347
900	0.3407799385121415	0.33725666066430904	0.0035232778478324622	0.0035232778478324622	0.01033886520202812
901	-0.42779525443504846	-0.4272793805384367	-0.0005158738966117293	0.0005158738966117293	0.0012058897130427465
902	-1.274729008030164	-1.2717023219153134	-0.003026686114850685	0.003026686114850685	0.0023743761189900406
903	0.20072482352000584	0.19586872040378012	0.004856103116225724	0.004856103116225724	0.024192837891531267
904	2.7983546116030533	2.795709777004163	0.002644834598890533	0.002644834598890533	0.0009451391856929185
905	-0.34117532199767786	-0.34044486743312063	-0.0007304545645572258	0.0007304545645572258	0.0021409947245897153
906	0.30157436659860887	0.30069815517208554	0.0008762114265233323	0.0008762114265233323	0.002905457238975344
907	-1.3144001300211479	-1.3113362161121245	-0.003063913909023386	0.003063913909023386	0.0023310359144396078
908	0.5711704878013898	0.5724926275902931	-0.001322139788903276	0.001322139788903276	0.0023147900970734623
909	0.49483695578240944	0.4959200327832036	-0.001083077000794186	0.001083077000794186	0.0021887552821952903
910	-1.3205118551685244	-1.3194281645070305	-0.0010836906614939412	0.0010836906614939412	0.0008206595474719461
911	-0.5531299141725484	-0.5549202854169266	0.0017903712443781972	0.0017903712443781972	0.00323680061140156
912	-0.9441637114588177	-0.9437046028892837	-0.0004591085695340169	0.0004591085695340169	0.00048625949500288775
913	0.5022454504290937	0.5006130315408086	0.0016324188882851365	0.0016324188882851365	0.0032502412652826987
914	0.989630009869629	0.990778138785231	-0.0011481289156020091	0.0011481289156020091	0.0011601597608719043
915	0.1103227494699437	0.10943076625125059	0.0008919832186931181	0.0008919832186931181	0.008085215633028886
916	-0.19241360895637355	-0.1912515218691624	-0.001162087087211161	0.001162087087211161	0.006039526484192936
917	-0.9450844173787969	-0.9481024401480909	0.003018022769293971	0.003018022769293971	0.0031933896208600006
918	-0.39070933359726	-0.393720690652799	0.00301135705553901	0.00301135705553901	0.007707410078519118
919	-0.2905610788078907	-0.2896397043130605	-0.0009213744948302072	0.0009213744948302072	0.0031710182885140966
920	-0.14507391825860907	-0.14435324065686927	-0.0007206776017397998	0.0007206776017397998	0.004967657938728299
921	0.28375071639495886	0.28351050108454956	0.00024021531040929744	0.00024021531040929744	0.0008465716438048969
922	-1.479702681881996	-1.4799838512686847	0.0002811693866886511	0.0002811693866886511	0.000190017488061209
923	0.2334985506129954	0.23736345622182853	-0.0038649056088331246	0.0038649056088331246	0.016552161024925963
924	-1.9491780455391297	-1.9545201804973544	0.005342134958224776	0.005342134958224776	0.0027407116401966126
925	0.20509075777331512	0.20525118286229826	-0.000160425088983146	0.000160425088983146	0.0007822151067405111
926	-0.3420340583199796	-0.3433761806519442	0.0013421223319646236	0.0013421223319646236	0.003923943535205029
927	1.1951546157485604	1.1936805458887534	0.0014740698598070257	0.0014740698598070257	0.0012333716829464548
928	0.9557707162657547	0.9558442836095082	-7.356734375352225e-05	7.356734375352225e-05	7.697174908324628e-05
929	0.16156017557211838	0.15932939578533478	0.002230779786783599	0.002230779786783599	0.013807733117916844
930	0.4197096398152803	0.42666616077724484	-0.00695652096196453	0.00695652096196453	0.01657460373087019
931	-1.696235461006544	-1.6899327704180678	-0.006302690588476212	0.006302690588476212	0.0037156932120356707
932	-0.34484263303349416	-0.3407887919024688	-0.00405384113102536	0.00405384113102536	0.011755626313848539
933	-0.2941288447526879	-0.2966873283654081	0.002558483612720208	0.002558483612720208	0.008698513112073232
934	0.7289385725550463	0.7269435065566654	0.0019950659983809516	0.0019950659983809516	0.0027369466694400955
935	0.3183344845656913	0.3163182829197808	0.002016201645910487	0.002016201645910487	0.006333594830799504
936	0.9926249069857891	0.9933441699843115	-0.0007192629985224297	0.0007192629985224297	0.0007246070428622915
937	1.0257118980526203	1.015807398061952	0.009904499990668336	0.009904499990668336	0.009656220240276693
938	0.10121951846147911	0.10114627816193433	7.324029954478006e-05	7.324029954478006e-05	0.0007235788181767824
939	-0.45607531599050033	-0.4550799233697944	-0.000995392620705915	0.000995392620705915	0.0021825180749897198
940	0.5224895086797122	0.5221697598258856	0.0003197488538265736	0.0003197488538265736	0.0006119718166869082
941	-0.8065580961019767	-0.80458209852452	-0.0019759975774567007	0.0019759975774567007	0.002449913511508372
942	-0.8732737365077927	-0.8776365233345018	0.0043627868267090975	0.0043627868267090975	0.004995898358464105
943	0.187715665899142	0.18776568797562732	-5.002207648532875e-05	5.002207648532875e-05	0.0002664779002100186
944	0.2658733556733902	0.2659964319988717	-0.00012307632548147485	0.00012307632548147485	0.00046291334898810574
945	0.18387438494235436	0.18475727475220083	-0.0008828898098464655	0.0008828898098464655	0.0048015921854653995
946	-0.686274582957833	-0.687518334125059	0.0012437511672260815	0.0012437511672260815	0.0018123229362007449
947	0.49710080581585264	0.49745244560028823	-0.00035163978443558674	0.00035163978443558674	0.000707381240025286
948	0.5862626305678666	0.5894099361256622	-0.003147305557795521	0.003147305557795521	0.005368422603956478
949	-0.6751663415138348	-0.6688010508284492	-0.006365290685385605	0.006365290685385605	0.009427736979769412
950	-0.8676185919369648	-0.8677300403903132	0.00011144845334842834	0.00011144845334842834	0.00012845327933743198
951	0.10256128047027281	0.1021942580834434	0.00036702238682941035	0.00036702238682941035	0.0035785667373350615
952	1.4046253021362771	1.4041717123589592	0.0004535897773179087	0.0004535897773179087	0.0003229258198809673
953	0.16578554791555278	0.16236477210185285	0.0034207758136999278	0.0034207758136999278	0.02063373953103795
954	-0.580880200579123	-0.5818629980112178	0.0009827974320947286	0.0009827974320947286	0.0016919107091529443
955	-0.5600993719389532	-0.5556161225754863	-0.00448324936346689	0.00448324936346689	0.008004382058038679
956	0.8108017128965236	0.812417802748655	-0.0016160898521314637	0.0016160898521314637	0.0019931998495145175
957	0.4024909509874682	0.40319964070079095	-0.0007086897133227743	0.0007086897133227743	0.001760759370077962
958	0.5433294431707741	0.5438508966264521	-0.0005214534556780004	0.0005214534556780004	0.0009597371580580846
959	0.5900164063031086	0.5898512111812693	0.00016519512183932328	0.00016519512183932328	0.0002799839463353121
960	0.5055385200167223	0.5184009138829992	-0.012862393866276967	0.012862393866276967	0.025442955100338352
961	-1.1798073723558382	-1.1801758429328402	0.00036847057700195585	0.00036847057700195585	0.00031231418419279253
962	-0.7629473419252596	-0.7635756384658521	0.0006282965405924879	0.0006282965405924879	0.0008235123265611134
963	-0.17465202919076236	-0.17566527972689983	0.001013250536137461	0.001013250536137461	0.005801538870360022
964	0.454956113656114	0.45669140451565227	-0.0017352908595382743	0.0017352908595382743	0.003814193957287762
965	0.29338809602099764	0.29403846182418647	-0.0006503658031888349	0.0006503658031888349	0.0022167423014405074
966	-0.15963930746731556	-0.1617042978452332	0.002064990377917658	0.002064990377917658	0.012935350388816005
967	-1.1282986144345513	-1.156377487340876	0.028078872906324825	0.028078872906324825	0.02488602976827779
968	0.7658871403212113	0.7758535804214262	-0.009966440100214857	0.009966440100214857	0.013012935686627347
969	0.5256627370742813	0.5274922557276795	-0.0018295186533981989	0.0018295186533981989	0.00348040392511153
970	1.1506014661044497	1.1591832136730318	-0.008581747568582099	0.008581747568582099	0.007458488296244759
971	-0.36520513017520534	-0.36663258685365463	0.0014274566784492904	0.0014274566784492904	0.003908643555375236
972	-1.0454380093140123	-1.0448108507929987	-0.0006271585210135822	0.0006271585210135822	0.0005999002479593279
973	0.2651771582537734	0.2754860957452365	-0.01030893749146311	0.01030893749146311	0.038875661687261545
974	-0.11274924708507146	-0.11123790816469636	-0.0015113389203750965	0.0015113389203750965	0.013404425833857342
975	0.9160050304401153	0.9173156598762944	-0.0013106294361791004	0.0013106294361791004	0.0014308103041195952
976	-1.1585876060353408	-1.1565730502098859	-0.0020145558254549556	0.0020145558254549556	0.0017388031901607488
977	0.6211265451247427	0.6160269653889827	0.005099579735760029	0.005099579735760029	0.008210210585567333
978	-1.1820157246848937	-1.182678699905182	0.0006629752202882422	0.0006629752202882422	0.0005608852796480188
979	0.13398122264333934	0.13422226741255372	-0.00024104476921438245	0.00024104476921438245	0.0017990936674465823
980	-0.3173755584342295	-0.31679177670440595	-0.0005837817298235404	0.0005837817298235404	0.0018394035530134212
981	0.1927711308685874	0.19297836200138363	-0.00020723113279622063	0.00020723113279622063	0.001075011241893324
982	1.1216554089432613	1.1213797853955043	0.00027562354775700904	0.00027562354775700904	0.00024572925477770455
983	-0.25185095369691896	-0.24876651936978078	-0.0030844343271381747	0.0030844343271381747	0.0122470623273876
984	0.8435203649936964	0.8438420042082839	-0.0003216392145874991	0.0003216392145874991	0.000381305808295337
985	0.2460964228915684	0.23193839879809275	0.014158024093475663	0.014158024093475663	0.05753039368521734
986	0.06993060164508894	0.11274008540596014	-0.04280948376087121	0.04280948376087121	0.6121709631233756
987	-0.03276785392554958	-0.023493563055865252	-0.009274290869684329	0.009274290869684329	0.28303015787228675
988	-0.26963931125115814	-0.2700509997595191	0.00041168850836093007	0.00041168850836093007	0.0015268118971623497
989	-0.38373209906393413	-0.3923805098438038	0.008648410779869664	0.008648410779869664	0.022537626643604657
990	0.12109602203312325	0.12129824952467061	-0.00020222749154735764	0.00020222749154735764	0.0016699763390414476
991	0.013985363728585314	0.02170614345686772	-0.007720779728282407	0.007720779728282407	0.5520614177879091
992	0.044027859306349185	0.03947419096306248	0.0045536683432867014	0.0045536683432867014	0.10342697589728203
993	-0.21966187046219454	-0.22362715444756986	0.003965283985375323	0.003965283985375323	0.01805176281633174
994	1.700778338626814	1.702937461281806	-0.002159122654991963	0.002159122654991963	0.0012694909183375478
995	-0.4114049682070856	-0.4106654399933518	-0.0007395282137337977	0.0007395282137337977	0.0017975675329266986
996	-2.055248562478338	-2.055702472368637	0.00045390989029892026	0.00045390989029892026	0.00022085401181430307
997	-1.5494182290660712	-1.5486820866641438	-0.000736142401927431	0.000736142401927431	0.0004751089074065876
998	1.1337706849197209	1.1352208104185024	-0.0014501254987815404	0.0014501254987815404	0.0012790289236347821
999	1.497145527212883	1.4969493913667975	0.00019613584608557666	0.00019613584608557666	0.0001310065337807923
1000	0.1746481538387848	0.1764386563820608	-0.0017905025432760069	0.0017905025432760069	0.010252055369155485
1001	-0.4845427922677298	-0.48595738041257164	0.0014145881448418551	0.0014145881448418551	0.0029194287221183906
1002	0.2678752915709282	0.26986679876728203	-0.0019915071963538256	0.0019915071963538256	0.00743445647664937
1003	1.7379555855834008	1.738687700147068	-0.0007321145636671744	0.0007321145636671744	0.00042125044491365216
1004	-0.7651686755542547	-0.757280033127472	-0.007888642426782666	0.007888642426782666	0.010309677694357363
1005	-0.7130047261404204	-0.7140427281910888	0.0010380020506683962	0.0010380020506683962	0.0014558137030692981
1006	-1.4948463677368458	-1.4950443285215442	0.0001979607846984699	0.0001979607846984699	0.00013242884952664185
1007	-0.2605865431494605	-0.2613733796295037	0.0007868364800431848	0.0007868364800431848	0.003019482397415631
1008	1.3123651193193715	1.3132221883651596	-0.0008570690457880836	0.0008570690457880836	0.0006530721010267197
1009	-0.5538137776212	-0.5540368039120835	0.00022302629088355452	0.00022302629088355452	0.0004027098997816935
1010	0.4037464809433459	0.40710494930351615	-0.0033584683601702303	0.0033584683601702303	0.00831826039034008
1011	-0.2774484912547593	-0.2766756676990667	-0.0007728235556925811	0.0007728235556925811	0.0027854667805093866
1012	1.6794972072750518	1.6884334418705294	-0.008936234595477544	0.008936234595477544	0.005320779669515731
1013	3.0974252793439567	3.096209054341159	0.0012162250027976107	0.0012162250027976107	0.00039265676912639215
1014	-1.4353135209141188	-1.4303160648765356	-0.00499745603758317	0.00499745603758317	0.0034817870554165777
1015	-0.10993358575321799	-0.11300310088557808	0.00306951513236009	0.00306951513236009	0.027921541095281145
1016	-1.2991112185881544	-1.2993555510050214	0.00024433241686705465	0.00024433241686705465	0.00018807659680792363
1017	1.6335483922653533	1.6310632593885543	0.0024851328767989678	0.0024851328767989678	0.0015213096156598484
1018	-1.5304006742712373	-1.5382214420256446	0.00782076775440732	0.00782076775440732	0.005110274639764843
1019	-1.6251924367651618	-1.627915147189185	0.002722710424023278	0.002722710424023278	0.0016753157118074295
1020	-0.5370631975883206	-0.5431204848278526	0.006057287239532028	0.006057287239532028	0.011278537175386889
1021	-0.06954276369149247	-0.0728230980868716	0.003280334395379128	0.003280334395379128	0.047170032096099004
1022	0.5561999980855401	0.5489132458933454	0.0072867521921946565	0.0072867521921946565	0.013100956881114552
1023	-2.59281842335541	-2.597329695014139	0.004511271658728777	0.004511271658728777	0.0017399103686137282
1024	1.1510689282767175	1.1504014085730319	0.0006675197036856151	0.0006675197036856151	0.0005799128855688676
1025	0.38483907661953465	0.38726293749391516	-0.0024238608743805123	0.0024238608743805123	0.006298375143376684
1026	2.628265371389431	2.629258475749907	-0.0009931043604760603	0.0009931043604760603	0.00037785543700674955
1027	-0.6864712475491581	-0.6884022444779703	0.0019309969288121565	0.0019309969288121565	0.0028129319847061446
1028	-0.5863083071083142	-0.5844344819081471	-0.0018738252001671007	0.0018738252001671007	0.0031959724558719782
1029	-0.06499973051572129	-0.06155425841569695	-0.003445472100024341	0.003445472100024341	0.053007482841655705
1030	1.3398490692352099	1.337728649794201	0.002120419441008936	0.002120419441008936	0.0015825808217482871
1031	-0.18287805895484166	-0.18017150154747696	-0.002706557407364696	0.002706557407364696	0.014799792948551745
1032	-2.5538322360957806	-2.549216269272847	-0.004615966822933526	0.004615966822933526	0.001807466738688471
1033	-0.6987074578378851	-0.6992973407946579	0.0005898829567727581	0.0005898829567727581	0.0008442488342662337
1034	0.3222274214538023	0.3212074508169849	0.0010199706368174133	0.0010199706368174133	0.0031653750392054898
1035	0.21660693395311612	0.21686803818710132	-0.0002611042339852043	0.0002611042339852043	0.0012054287885433967
1036	-0.9596169919374324	-0.9580711312509038	-0.0015458606865286217	0.0015458606865286217	0.001610914249660778
1037	-0.18033524465842765	-0.18302967529848502	0.002694430640057366	0.002694430640057366	0.014941231511127386
1038	2.080049177379964	2.0776774938013887	0.002371683578575201	0.002371683578575201	0.0011402055318531367
1039	0.5226692468288787	0.5146325744576075	0.008036672371271258	0.008036672371271258	0.015376210519427128
1040	-0.4886189872650103	-0.48652456967346325	-0.0020944175915470487	0.0020944175915470487	0.004286402383317757
1041	-0.7010352599593361	-0.7033856522085102	0.0023503922491741047	0.0023503922491741047	0.0033527446954814233
1042	-0.39798783095597484	-0.39284690649310505	-0.005140924462869789	0.005140924462869789	0.012917290587808135
1043	0.6033507610086161	0.6067430952541031	-0.0033923342454870165	0.0033923342454870165	0.0056224910362524146
1044	0.011918341735242087	0.016446367482103597	-0.00452802574686151	0.00452802574686151	0.3799207849085505
1045	-0.2069458478602971	-0.21018001463346536	0.003234166773168262	0.003234166773168262	0.015628082450591378
1046	-0.11819601383242857	-0.11834190041781767	0.00014588658538909616	0.00014588658538909616	0.0012342766956246567
1047	0.4513135282083559	0.45255881950367893	-0.0012452912953230255	0.0012452912953230255	0.0027592598437424136
1048	-2.7270656772597546	-2.764347729879546	0.03728205261979145	0.03728205261979145	0.013671123849592681
1049	1.1513814640322355	1.1469989673216219	0.004382496710613637	0.004382496710613637	0.003806294306029352
1050	-2.2351818937953056	-2.2058975977543582	-0.0292842960409474	0.0292842960409474	0.013101527048979043
1051	1.4449937343330257	1.4722132223567996	-0.02721948802377394	0.02721948802377394	0.018837097612978786
1052	-0.0637516703757577	-0.05648328125573698	-0.007268389120020716	0.007268389120020716	0.11401095966866781
1053	-0.5189706290847999	-0.5361467266169484	0.01717609753214855	0.01717609753214855	0.033096473229011915
1054	1.238686033701202	1.268934864505411	-0.030248830804209037	0.030248830804209037	0.024420095150201486
1055	-1.0480171871775792	-1.0546758404004208	0.006658653222841648	0.006658653222841648	0.006353572540898975
1056	2.4598496930329943	2.4297119933791578	0.030137699653836503	0.030137699653836503	0.012251846012866227
1057	0.525770444264551	0.5267312174055405	-0.0009607731409895237	0.0009607731409895237	0.0018273624002076716
1058	-0.6845837694288018	-0.6832970509407232	-0.0012867184880785976	0.0012867184880785976	0.001879563240525262
1059	-0.2554659763647823	-0.26408523000753803	0.008619253642755731	0.008619253642755731	0.03373934081322914
1060	-0.2199844517168117	-0.22055873952098182	0.000574287804170126	0.000574287804170126	0.002610583610288116
1061	0.4703425922002963	0.4703836276789275	-4.103547863121282e-05	4.103547863121282e-05	8.724593373363427e-05
1062	-0.13265668574790884	-0.12842270910340403	-0.004233976644504811	0.004233976644504811	0.031916798016126784
1063	-0.029582607351561065	-0.030330531707534192	0.0007479243559731265	0.0007479243559731265	0.02528257050113126
1064	-0.07964952636293639	-0.0796322596841037	-1.72666788326864e-05	1.72666788326864e-05	0.00021678319534516614
1065	0.723927139885279	0.7257189256293373	-0.0017917857440582496	0.0017917857440582496	0.002475091270016751
1066	-0.2576212304128819	-0.25726315337948336	-0.0003580770333985184	0.0003580770333985184	0.0013899360422455827
1067	-0.590399270592643	-0.5880042671009278	-0.0023950034917151752	0.0023950034917151752	0.004056582741559064
1068	-0.32742554059135703	-0.32591518909441675	-0.0015103514969402876	0.0015103514969402876	0.004612809050303378
1069	-0.1036686511363271	-0.10422390437270224	0.0005552532363751334	0.0005552532363751334	0.0053560380142783975
1070	-0.19626769237437833	-0.19750023518128046	0.0012325428069021316	0.0012325428069021316	0.006279906753838378
1071	-0.07866260415594335	-0.07922142837202273	0.000558824216079376	0.000558824216079376	0.007104064530733618
1072	0.330186853052961	0.3301575363536813	2.9316699279746672e-05	2.9316699279746672e-05	8.878820888439297e-05
1073	0.768661734316745	0.7691511822827124	-0.0004894479659673934	0.0004894479659673934	0.0006367533911421496
1074	0.4773842737987228	0.47820167498002775	-0.0008174011813049664	0.0008174011813049664	0.0017122499130534897
1075	-0.6899594421726971	-0.6890889042168169	-0.0008705379558802129	0.0008705379558802129	0.0012617233748390632
1076	0.7781955371794678	0.7789043592225653	-0.0007088220430975234	0.0007088220430975234	0.0009108533899675328
1077	0.09778768902151572	0.09931932277851274	-0.001531633756997025	0.001531633756997025	0.01566284848658227
1078	0.3876024167721557	0.38734052662903196	0.00026189014312372194	0.00026189014312372194	0.0006756669509562651
1079	-0.47273297921221386	-0.4730607954357424	0.0003278162235285653	0.0003278162235285653	0.0006934490250180025
1080	-0.32948676509536634	-0.3296747188841209	0.00018795378875458013	0.00018795378875458013	0.0005704441229989282
1081	0.4743913323498474	0.47505412697290694	-0.000662794623059515	0.000662794623059515	0.0013971474136688622
1082	0.01722398991348544	0.016663662982807637	0.0005603269306778021	0.0005603269306778021	0.03253177303820277
1083	0.4661463882994097	0.46707113344979234	-0.0009247451503826554	0.0009247451503826554	0.001983808463595097
1084	-1.5665227655919318	-1.5685662683893042	0.0020435027973724207	0.0020435027973724207	0.0013044833067588748
1085	0.8292680670982628	0.8306325466094222	-0.0013644795111593666	0.0013644795111593666	0.0016454022110532862
1086	0.8731071194723882	0.8768480320071603	-0.003740912534772156	0.003740912534772156	0.004284597446683015
1087	0.5796349814280872	0.5819004614266987	-0.002265479998611486	0.002265479998611486	0.0039084597569143675
1088	0.5744247829671724	0.5733251224881997	0.0010996604789726971	0.0010996604789726971	0.0019143680975817878
1089	-0.36638284945785826	-0.3657503479885804	-0.0006325014692778463	0.0006325014692778463	0.001726340275517174
1090	1.2956395585418008	1.2971076145760208	-0.0014680560342199556	0.0014680560342199556	0.0011330744145171083
1091	-1.4531035447862442	-1.453436900902716	0.00033335611647178354	0.00033335611647178354	0.00022940974692950818
1092	-0.7822085950857592	-0.7814257445986073	-0.000782850487151987	0.000782850487151987	0.0010008206149488264
1093	-1.1053945935103016	-1.1033685740216015	-0.0020260194887000704	0.0020260194887000704	0.0018328472932604308
1094	0.5953666442244039	0.5965425052281148	-0.0011758610037109207	0.0011758610037109207	0.0019750199563879473
1095	0.14552243437669507	0.14216648858678127	0.0033559457899138	0.0033559457899138	0.023061363729160126
1096	0.9909801586665654	0.9909018267819647	7.833188460071305e-05	7.833188460071305e-05	7.904485666606504e-05
1097	0.027988385618053196	0.029661175553030716	-0.00167278993497752	0.00167278993497752	0.05976728911075633
1098	0.3539131026786089	0.35607095271217304	-0.0021578500335641126	0.0021578500335641126	0.006097118239568745
1099	0.07806484492144584	0.0766939120353527	0.0013709328860931486	0.0013709328860931486	0.017561463005180813
1100	-0.12654406788714662	-0.12681618852639076	0.0002721206392441444	0.0002721206392441444	0.0021504021783686025
1101	0.07657357854120403	0.07711787072395282	-0.0005442921827487901	0.0005442921827487901	0.007108093850621177
1102	0.22128684153083056	0.2215455049281445	-0.0002586633973139518	0.0002586633973139518	0.0011689054601012679
1103	0.9652091281909012	0.959164775323984	0.00604435286691718	0.00604435286691718	0.006262220994787063
1104	-0.18097606501016325	-0.18174438007889648	0.000768315068733233	0.000768315068733233	0.004245396034498186
1105	-0.05601020709598858	-0.05603432676792863	2.411967194005521e-05	2.411967194005521e-05	0.0004306299367670549
1106	-0.9288706555103159	-0.9271502046601654	-0.00172045085015049	0.00172045085015049	0.0018521963633411208
1107	-0.3679142374730929	-0.36812977950972936	0.00021554203663648464	0.00021554203663648464	0.0005858485882929391
1108	0.3952108563480332	0.3953425364002783	-0.00013168005224506452	0.00013168005224506452	0.00033318935988211707
1109	0.2715163791093526	0.2739031964296146	-0.002386817320261969	0.002386817320261969	0.00879069368887202
1110	0.18731377402454	0.1874247388116146	-0.00011096478707459112	0.00011096478707459112	0.0005924005730622544
1111	0.6034213582862014	0.6004976236511084	0.0029237346350929894	0.0029237346350929894	0.0048452620957879135
1112	-0.22063280258165352	-0.2205689484142681	-6.385416738541316e-05	6.385416738541316e-05	0.0002894137527976218
1113	0.2756672280315787	0.2730182461334607	0.002648981898118019	0.002648981898118019	0.009609346446558994
1114	-0.4611802768598647	-0.45640960951232046	-0.004770667347544222	0.004770667347544222	0.010344473922491373
1115	0.024962574266759553	0.024308371543213525	0.0006542027235460282	0.0006542027235460282	0.02620734210161858
1116	-0.5458503760229735	-0.5403672517587665	-0.00548312426420694	0.00548312426420694	0.010045104858508276
1117	-0.6387908742325825	-0.6388129143815036	2.2040148921043112e-05	2.2040148921043112e-05	3.450291763720209e-05
1118	0.03182226489348197	0.03389998552449924	-0.0020777206310172713	0.0020777206310172713	0.06529141272539789
1119	0.321316943180874	0.3240463221771961	-0.002729378996322085	0.002729378996322085	0.008494351307163027
1120	1.7800693456122396	1.77989114653343	0.000178199078809671	0.000178199078809671	0.00010010794200176565
1121	0.8933049639446383	0.9198229380800171	-0.02651797413537882	0.02651797413537882	0.02968524211293003
1122	-0.2959120660485483	-0.31025794282157904	0.01434587677303073	0.01434587677303073	0.048480202124225304
1123	-0.5535145261823521	-0.554781627990053	0.0012671018077009544	0.0012671018077009544	0.0022891934136585156
1124	-0.9307640716590813	-0.9369454547396572	0.0061813830805759196	0.0061813830805759196	0.0066411921869283606
1125	0.08679234085326461	0.09252422548655659	-0.005731884633291981	0.005731884633291981	0.06604136467505338
1126	-1.2112893206362605	-1.216900496920914	0.005611176284653574	0.005611176284653574	0.004632399699277594
1127	0.11942481337032555	0.09873721248965239	0.02068760088067316	0.02068760088067316	0.1732269894073251
1128	0.1306960489366035	0.1412534403826271	-0.010557391446023606	0.010557391446023606	0.08077819897328849
1129	0.40538469260782906	0.42337761789923434	-0.017992925291405282	0.017992925291405282	0.04438481674198714
1130	0.7001140161193959	0.704214133691039	-0.0041001175716430804	0.0041001175716430804	0.005856356932216959
1131	-0.8681750602830121	-0.8375153826349901	-0.03065967764802191	0.03065967764802191	0.035315086842079194
1132	0.22556279146025407	0.21230778717296062	0.013255004287293454	0.013255004287293454	0.05876414368470471
1133	0.1360790716951916	0.12765094574263003	0.008428125952561566	0.008428125952561566	0.061935504464933656
1134	1.0770578913177893	1.034389633076671	0.042668258241118195	0.042668258241118195	0.03961556624306724
1135	-0.5873838822349747	-0.5907465542946966	0.0033626720597218496	0.0033626720597218496	0.005724828619619256
1136	-0.8389997868894964	-0.8372296957190883	-0.0017700911704080502	0.0017700911704080502	0.0021097635518722564
1137	-0.018682679267109988	-0.028907977494441184	0.010225298227331196	0.010225298227331196	0.547314337581782
1138	0.5051886040351043	0.5053782421242659	-0.0001896380891615035	0.0001896380891615035	0.0003753807739264166
1139	-0.8502524608228789	-0.8520221052705779	0.0017696444476990036	0.0017696444476990036	0.002081316466860128
1140	-0.5409500133630445	-0.542267293710097	0.001317280347052474	0.001317280347052474	0.002435123975435445
1141	-0.5897267677020686	-0.591678242066962	0.0019514743648934019	0.0019514743648934019	0.0033091161394920633
1142	-0.23658960210824984	-0.23615492140294236	-0.00043468070530747194	0.00043468070530747194	0.0018372772997377416
1143	0.49301402931262706	0.4920196824116374	0.000994346900989651	0.000994346900989651	0.0020168734394353754
1144	0.05983805534388539	0.05898883861732429	0.0008492167265610959	0.0008492167265610959	0.014191917195181276
1145	0.8633422921315124	0.8643411428437275	-0.0009988507122151713	0.0009988507122151713	0.0011569579311921593
1146	0.15079920192764637	0.15146712335933898	-0.0006679214316926141	0.0006679214316926141	0.00442921065333677
1147	1.0829888212694474	1.0824282697754484	0.0005605514939990286	0.0005605514939990286	0.0005175967498371467
1148	-0.48793932306288745	-0.4969871571205431	0.009047834057655635	0.009047834057655635	0.01854294915371991
1149	-0.5025049221263757	-0.4613132486568361	-0.04119167346953956	0.04119167346953956	0.08197267659635026
1150	-0.6344182196900817	-0.6375831987242009	0.003164979034119164	0.003164979034119164	0.004988789627866112
1151	0.3176346873091713	0.32499861819701437	-0.00736393088784304	0.00736393088784304	0.023183648329551994
1152	0.11672327044844281	0.10717525753278778	0.009548012915655033	0.009548012915655033	0.08180042316302671
1153	-0.020738020172224255	-0.017276835727386697	-0.0034611844448375582	0.0034611844448375582	0.16690042810708333
1154	0.15036277368807519	0.1616340271084482	-0.011271253420373023	0.011271253420373023	0.07496039840123614
1155	0.4174380953466863	0.4080705203008961	0.009367575045790222	0.009367575045790222	0.022440632875182037
1156	-1.312543534534987	-1.3154845837135554	0.002941049178568411	0.002941049178568411	0.002240725051158305
1157	0.23684726535700257	0.23795537170911985	-0.0011081063521172774	0.0011081063521172774	0.00467856933221085
1158	2.0066944096504153	2.007262983759972	-0.0005685741095566854	0.0005685741095566854	0.000283338662240922
1159	1.5526727560177702	1.5529538694778466	-0.0002811134600764209	0.0002811134600764209	0.00018105132519836883
1160	-0.29417712206198693	-0.2937357622130321	-0.0004413598489548254	0.0004413598489548254	0.0015003200992014095
1161	-1.7363914041640767	-1.7364031137532265	1.1709589149866417e-05	1.1709589149866417e-05	6.743634598619531e-06
1162	-0.05386165516872093	-0.054975463392281654	0.0011138082235607263	0.0011138082235607263	0.020679056744018296
1163	0.0917511955643846	0.09457035078952458	-0.00281915522513998	0.00281915522513998	0.030726087085826505
1164	-0.4217543262890794	-0.4219459399834591	0.00019161369437969977	0.00019161369437969977	0.00045432537957740754
1165	-0.778569663377248	-0.7748106632803342	-0.003759000096913767	0.003759000096913767	0.004828084465310565
1166	0.15240919711207604	0.15275985677476456	-0.00035065966268851834	0.00035065966268851834	0.00230077757335508
1167	-1.0060433221413014	-1.0093537625692761	0.0033104404279746813	0.0033104404279746813	0.0032905545468246956
1168	-0.9376521261191597	-0.9411046707512583	0.003452544632098542	0.003452544632098542	0.0036821167850258595
1169	-0.14218338637821157	-0.13991941362689886	-0.0022639727513127095	0.0022639727513127095	0.015922906388588058
1170	1.449557831984983	1.4529630482940092	-0.0034052163090263488	0.0034052163090263488	0.0023491413960099426
1171	1.8506351094199716	1.8470817843905252	0.003553325029446386	0.003553325029446386	0.0019200570719530299
1172	-0.0021901242579494273	-0.0026121500837916756	0.00042202582584224824	0.00042202582584224824	0.19269492327224538
1173	-0.2349252788021581	-0.23473111068739172	-0.0001941681147663854	0.0001941681147663854	0.00082651009613105
1174	-1.1701379439745314	-1.1171737748369992	-0.05296416913753221	0.05296416913753221	0.04526318406326716
1175	-3.417415888849369	-3.37349693078437	-0.043918958064999014	0.043918958064999014	0.012851511052050022
1176	0.8795557429696679	0.9020504262622353	-0.02249468329256743	0.02249468329256743	0.02557505135105823
1177	0.4364470543986271	0.43242366158580126	0.004023392812825821	0.004023392812825821	0.00921851292677318
1178	2.5632110014136726	2.5352127751787634	0.027998226234909218	0.027998226234909218	0.010923106298883519
1179	0.6921555097449817	0.6447487371019633	0.0474067726430184	0.0474067726430184	0.06849150512503323
1180	0.32542404798827435	0.3358192828244455	-0.010395234836171163	0.010395234836171163	0.03194365905172971
1181	0.5223417296668522	0.5126597205915573	0.009682009075294928	0.009682009075294928	0.018535775576402982
1182	-1.4018903144315618	-1.370852363635322	-0.03103795079623972	0.03103795079623972	0.02214007078636889
1183	0.04907097588222745	0.049081178225662825	-1.020234343537818e-05	1.020234343537818e-05	0.0002079099355974551
1184	-0.14270881034983424	-0.14486053434836776	0.002151723998533528	0.002151723998533528	0.015077723605563132
1185	0.33238752509798547	0.3365001146562463	-0.004112589558260826	0.004112589558260826	0.012372875778200353
1186	-0.7886222703269862	-0.7887734385292333	0.00015116820224714278	0.00015116820224714278	0.000191686448550919
1187	0.21363367649309833	0.21411312228281076	-0.00047944578971242935	0.00047944578971242935	0.002244242563170598
1188	-0.4035091742886605	-0.4013981570594183	-0.002111017229242229	0.002111017229242229	0.005231646177472187
1189	0.4774478415213888	0.4772996667483653	0.00014817477302347948	0.00014817477302347948	0.0003103475607960027
1190	-0.19351122012497685	-0.19236246846077165	-0.0011487516642051943	0.0011487516642051943	0.0059363568865065655
1191	-0.1573876021418298	-0.15761548123549574	0.00022787909366592252	0.00022787909366592252	0.0014478846526969089
1192	0.8267585734679799	0.8266568652359751	0.0001017082320047269	0.0001017082320047269	0.0001230204744997011
1193	0.17769448861357992	0.1775043239859997	0.00019016462758023045	0.00019016462758023045	0.001070177409912631
1194	0.7738063839735649	0.7796162799920126	-0.005809896018447613	0.005809896018447613	0.007508203781691846
1195	-0.316368192267311	-0.3151111590966593	-0.001257033170651678	0.001257033170651678	0.003973323492614469
1196	-0.5022479045872678	-0.5011160657844016	-0.0011318388028661586	0.0011318388028661586	0.0022535460925342627
1197	-0.6498503365251604	-0.6526993200495212	0.002848983524360804	0.002848983524360804	0.004384061012562851
1198	-0.3918272019607705	-0.38974957992365944	-0.0020776220371110377	0.0020776220371110377	0.005302393572253945
1199	0.18305235912764023	0.18574234487545027	-0.002689985747810042	0.002689985747810042	0.014695171155561819
1200	-0.31126151820272363	-0.31254258632174015	0.0012810681190165152	0.0012810681190165152	0.004115729199078697
1201	1.4592229040954967	1.4533565154764005	0.005866388619096163	0.005866388619096163	0.004020214185667857
1202	1.2361805489927031	1.235613422217341	0.0005671267753621922	0.0005671267753621922	0.0004587734177052966
1203	0.8007877779533572	0.8075388451516119	-0.00675106719825469	0.00675106719825469	0.008430532263503045
1204	-0.7631769728243303	-0.7616819765345895	-0.0014949962897408131	0.0014949962897408131	0.001958911684937505
1205	-0.7076645569176659	-0.7075121348023572	-0.00015242211530874794	0.00015242211530874794	0.0002153875219816635
1206	-0.4820149595580635	-0.4840964172387885	0.002081457680724985	0.002081457680724985	0.004318242908131677
1207	-0.6280817788104974	-0.6231853012508282	-0.004896477559669266	0.004896477559669266	0.00779592359603639
1208	-0.2477691802195557	-0.24721052447773673	-0.0005586557418189864	0.0005586557418189864	0.002254742665427333
1209	-0.5888593886309553	-0.5885445315101379	-0.00031485712081746886	0.00031485712081746886	0.000534689820518075
1210	0.739313439110956	0.7426377439614384	-0.003324304850482407	0.003324304850482407	0.004496475614564739
1211	-0.5718177958678862	-0.5722122349780534	0.0003944391101672329	0.0003944391101672329	0.0006897985914701486
1212	-2.3093504805943055	-2.3094042214211186	5.3740826813086784e-05	5.3740826813086784e-05	2.3270970458869768e-05
1213	-1.2264819189553684	-1.2271546488378249	0.0006727298824564798	0.0006727298824564798	0.0005485037097240407
1214	0.05831422486693576	0.05801093783475153	0.0003032870321842268	0.0003032870321842268	0.005200909947380454
1215	2.4248030786333548	2.4229891901086376	0.0018138885247171999	0.0018138885247171999	0.0007480560135792664
1216	0.5085676702072118	0.5088911410808805	-0.0003234708736686853	0.0003234708736686853	0.0006360429351258009
1217	0.3020331454261835	0.30119251411520054	0.0008406313109829422	0.0008406313109829422	0.002783241918024495
1218	-0.22629033880062838	-0.22546607677043085	-0.0008242620301975312	0.0008242620301975312	0.0036424976628089364
1219	0.8753547220060459	0.8737979797075468	0.0015567422984991142	0.0015567422984991142	0.0017784130928448479
1220	0.7647592566835288	0.7695527048667827	-0.00479344818325389	0.00479344818325389	0.0062679178334385365
1221	-0.006398920902231489	-0.01447064128257125	0.00807172038033976	0.00807172038033976	1.2614189960568067
1222	-0.22871619132763876	-0.227284246562931	-0.0014319447647077599	0.0014319447647077599	0.006260793153277379
1223	-0.1026176431781647	-0.10495293100376557	0.0023352878256008708	0.0023352878256008708	0.022757176575828635
1224	0.4488015635045239	0.4509660379738989	-0.0021644744693750106	0.0021644744693750106	0.004822787274788968
1225	-0.7352208923279726	-0.7348336636070485	-0.0003872287209241154	0.0003872287209241154	0.0005266835109894805
1226	-0.5595509305088857	-0.562887023335179	0.0033360928262933243	0.0033360928262933243	0.0059620896765542
1227	-0.21126591737982225	-0.20699399826185072	-0.004271919117971534	0.004271919117971534	0.02022057874243534
1228	-0.40576173837093166	-0.4024807773532757	-0.003280961017655959	0.003280961017655959	0.008085930011115615
1229	-1.0096509474926212	-1.0124864283440616	0.002835480851440364	0.002835480851440364	0.002808377349104688
1230	-2.120246913617422	-2.1194862202662534	-0.0007606933511685732	0.0007606933511685732	0.0003587758323254576
1231	0.1836044844481644	0.181401008632065	0.0022034758160994206	0.0022034758160994206	0.01200120913561624
1232	-0.36577236098375276	-0.3655953678318724	-0.0001769931518803558	0.0001769931518803558	0.0004838888083405997
1233	1.216737679371985	1.2168684839224397	-0.0001308045504546662	0.0001308045504546662	0.00010750431475269223
1234	0.36158708211793883	0.36008071810300635	0.001506364014932482	0.001506364014932482	0.00416597851369356
1235	1.4578918520500856	1.4582720919307235	-0.00038023988063784486	0.00038023988063784486	0.0002608148746446124
1236	0.687393739518894	0.687048300633819	0.000345438885074989	0.000345438885074989	0.000502534232151665
1237	-0.45609222473125965	-0.45336516730998255	-0.0027270574212771015	0.0027270574212771015	0.005979179809267629
1238	0.9911974091489643	0.9915604889343399	-0.0003630797853756418	0.0003630797853756418	0.00036630421147627873
1239	-1.1701175763178884	-1.1655711809410718	-0.004546395376816559	0.004546395376816559	0.0038854175587406353
1240	0.34830123421688686	0.3453923202982878	0.002908913918599043	0.002908913918599043	0.008351718664274572
1241	-0.06134884358643851	-0.060086702703188166	-0.0012621408832503428	0.0012621408832503428	0.020573181326099938
1242	0.7131030155900796	0.71202056304287	0.0010824525472096225	0.0010824525472096225	0.00151794694952161
1243	0.18884783391278534	0.18796634513762456	0.0008814887751607825	0.0008814887751607825	0.004667719808572843
1244	-0.5458312161932163	-0.5461883257638078	0.0003571095705915406	0.0003571095705915406	0.0006542490791972751
1245	0.17531342978167355	0.17235241567448156	0.0029610141071919893	0.0029610141071919893	0.016889830464668257
1246	-1.5189942766149005	-1.5201536307500874	0.001159354135186863	0.001159354135186863	0.0007632379878155298
1247	2.4982335787864827	2.498606557530536	-0.00037297874405339826	0.00037297874405339826	0.00014929698616675098
1248	0.33435204177990235	0.33366911588217363	0.0006829258977287256	0.0006829258977287256	0.0020425354488437155
1249	1.5633542649628307	1.5637704416562315	-0.00041617669340077157	0.00041617669340077157	0.0002662075402408336
1250	-1.5978908663396705	-1.5977570301188848	-0.00013383622078566582	0.00013383622078566582	8.375804856576211e-05
1251	0.6540302927299019	0.6522678678777538	0.001762424852148059	0.001762424852148059	0.0026947144065632696
1252	-0.08003407374197695	-0.08011605612523454	8.198238325758667e-05	8.198238325758667e-05	0.0010243435005181782
1253	-1.177705057021986	-1.1777814327018632	7.637567987717198e-05	7.637567987717198e-05	6.485127954727475e-05
1254	-0.9071847855488543	-0.911134729932428	0.003949944383573656	0.003949944383573656	0.004354068152922017
1255	-1.3011788304971468	-1.304723000153274	0.0035441696561271385	0.0035441696561271385	0.0027238144158654985
1256	0.5804499321380586	0.5810014227378701	-0.0005514905998115216	0.0005514905998115216	0.0009501088195154632
1257	-0.21479812952294175	-0.21500173830446556	0.0002036087815238119	0.0002036087815238119	0.0009479076096985529
1258	0.7181477719687487	0.719046107548138	-0.0008983355793893422	0.0008983355793893422	0.001250906309890264
1259	-0.7506994211351993	-0.7515016777404071	0.0008022566052078295	0.0008022566052078295	0.0010686788648307014
1260	-0.2991748502499283	-0.3006854475415821	0.0015105972916538146	0.0015105972916538146	0.005049212159350539
1261	0.43766095210549666	0.4390009134453976	-0.0013399613399009414	0.0013399613399009414	0.003061642427670697
1262	-0.3542735693120734	-0.3592288381213393	0.004955268809265945	0.004955268809265945	0.01398712531360457
1263	0.3510838794391087	0.3513984208467491	-0.00031454140764042293	0.00031454140764042293	0.000895915267151924
1264	1.2706009330626442	1.2697895294877526	0.0008114035748916226	0.0008114035748916226	0.0006385982835191402
1265	0.7629966893273528	0.7617877626344693	0.0012089266928834164	0.0012089266928834164	0.0015844455287862247
1266	-0.7517738130834962	-0.7519537298819046	0.00017991679840834163	0.00017991679840834163	0.00023932304541227623
1267	-1.575556065534141	-1.5759980791401063	0.0004420136059652968	0.0004420136059652968	0.00028054451100440305
1268	-0.6894801078711171	-0.6883959690782149	-0.0010841387929022561	0.0010841387929022561	0.0015724003934641602
1269	0.575015344511222	0.5730558589647217	0.0019594855465003835	0.0019594855465003835	0.003407710011923242
1270	0.4036355501625109	0.4046599283640262	-0.001024378201515297	0.001024378201515297	0.002537879037420921
1271	-0.06562723385182509	-0.0645335170332828	-0.001093716818542284	0.001093716818542284	0.016665593753527795
1272	-0.01639206837264357	-0.019215797422589276	0.0028237290499457043	0.0028237290499457043	0.17226191263685645
1273	-1.7660488461838302	-1.7666632091746237	0.0006143629907935377	0.0006143629907935377	0.00034787429131480997
1274	1.9935789988396801	1.9938009553541747	-0.0002219565144945257	0.0002219565144945257	0.00011133570057856283
1275	0.8130563164082265	0.8048185122149221	0.008237804193304443	0.008237804193304443	0.010131898648418266
1276	1.7557162989165367	1.7550993394266357	0.0006169594899010367	0.0006169594899010367	0.00035140044566526275
1277	-0.20944611868429866	-0.20788742767763324	-0.0015586910066654192	0.0015586910066654192	0.007441966537536358
1278	-0.778147088734219	-0.7737047675746567	-0.004442321159562335	0.004442321159562335	0.005708845054973453
1279	0.27167839326934984	0.27174151998821117	-6.312671886132826e-05	6.312671886132826e-05	0.00023235826044783252
1280	-1.6467498524784623	-1.6457757788757021	-0.0009740736027601393	0.0009740736027601393	0.0005915127918755221
1281	-0.11226584551810825	-0.10802035623669326	-0.004245489281414994	0.004245489281414994	0.037816392526346804
1282	1.4900095241567004	1.4964339961096584	-0.006424471952958033	0.006424471952958033	0.004311698582325564
1283	1.0245156116688876	1.0236574385587005	0.0008581731101870993	0.0008581731101870993	0.0008376379045988141
1284	0.03084127978297848	0.02811047946238432	0.002730800320594161	0.002730800320594161	0.08854367716936665
1285	-0.4109362849617086	-0.4123467448451379	0.0014104598834293047	0.0014104598834293047	0.003432307963656051
1286	-0.8162848126736308	-0.8157357429325884	-0.0005490697410424072	0.0005490697410424072	0.0006726448079365869
1287	0.1760813681894835	0.1750362363992508	0.0010451317902326895	0.0010451317902326895	0.005935504710004351
1288	-1.1087980191569435	-1.1046081266457008	-0.004189892511242688	0.004189892511242688	0.003778769838016489
1289	-0.19599920634235407	-0.19345370649404003	-0.0025454998483140368	0.0025454998483140368	0.012987296713170272
1290	-0.07222313363705113	-0.07255819454599077	0.0003350609089396439	0.0003350609089396439	0.004639246347623922
1291	0.34194491722382836	0.3420389141908231	-9.399696699474713e-05	9.399696699474713e-05	0.0002748892065946959
1292	0.3317367762911876	0.33079507152677934	0.0009417047644082466	0.0009417047644082466	0.0028387107843046294
1293	-1.0459913749525076	-1.0502781027170727	0.004286727764565068	0.004286727764565068	0.004098243893033729
1294	0.44814394144756914	0.44767339386453386	0.00047054758303527455	0.00047054758303527455	0.0010499920661993967
1295	0.2662747276334915	0.2667269425558061	-0.0004522149223145644	0.0004522149223145644	0.0016983020744537442
1296	0.25217871467061875	0.25511841214154174	-0.002939697470922986	0.002939697470922986	0.01165719904141255
1297	-0.7460739829198204	-0.7466544892693605	0.0005805063495400997	0.0005805063495400997	0.0007780814809655224
1298	-0.4074335355757976	-0.406052656337863	-0.0013808792379345625	0.0013808792379345625	0.0033892134970752016
1299	0.34157976944410134	0.34356268623270125	-0.001982916788599909	0.001982916788599909	0.005805135332888642
1300	-0.45049385063254077	-0.4537268412079243	0.0032329905753835098	0.0032329905753835098	0.007176547628439435
1301	1.4283236070952752	1.4272265170873766	0.0010970900078985935	0.0010970900078985935	0.0007680962510517499
1302	-0.36225878033279396	-0.36261228062528517	0.0003535002924912045	0.0003535002924912045	0.0009758225657538422
1303	0.36413795489940254	0.36353570821745507	0.0006022466819474714	0.0006022466819474714	0.0016538970295306055
1304	-0.8901030025274028	-0.8900028648497482	-0.00010013767765459924	0.00010013767765459924	0.00011250122443162571
1305	0.14143692344333889	0.14327960789728422	-0.0018426844539453369	0.0018426844539453369	0.013028312615153394
1306	-0.08687901227109197	-0.0858221155297656	-0.001056896741326377	0.001056896741326377	0.012165156045150475
1307	-0.3626570765791113	-0.36092345968796735	-0.0017336168911439298	0.0017336168911439298	0.004780320040896135
1308	0.06395316917820341	0.06471783775907625	-0.0007646685808728321	0.0007646685808728321	0.011956695668077184
1309	-0.09995413219618378	-0.10411906514207203	0.004164932945888253	0.004164932945888253	0.04166844185804725
1310	0.6163499590392748	0.6131466705383559	0.0032032885009188883	0.0032032885009188883	0.005197191066438879
1311	0.07446300794351407	0.07623639335463395	-0.0017733854111198766	0.0017733854111198766	0.023815656392300537
1312	0.05068820978282515	0.049902612872188	0.0007855969106371485	0.0007855969106371485	0.015498612280904324
1313	-0.19155306483180456	-0.1922590848408845	0.0007060200090799329	0.0007060200090799329	0.0036857672295656668
1314	0.05037629492669772	0.054357166632712506	-0.003980871706014785	0.003980871706014785	0.0790227171690044
1315	0.2437642082573573	0.24308217324175985	0.0006820350155974653	0.0006820350155974653	0.002797929279582332
1316	-0.2913029969559584	-0.29154184465340904	0.00023884769745063927	0.00023884769745063927	0.0008199287338150875
1317	0.018263268031930457	0.018382076348189003	-0.00011880831625854515	0.00011880831625854515	0.006505315261804594
1318	0.43003116022381466	0.43085654561281217	-0.0008253853889975127	0.0008253853889975127	0.001919361816869111
1319	-2.0884976934213317	-2.0921597087948385	0.003662015373506744	0.003662015373506744	0.00175342083692116
1320	0.6729546785309048	0.6735086059990181	-0.0005539274681132245	0.0005539274681132245	0.0008231274494182536
1321	0.3899911360880498	0.39018541802704476	-0.00019428193899495572	0.00019428193899495572	0.0004981701403364509
1322	2.4141714212170293	2.4140972663246885	7.415489234086081e-05	7.415489234086081e-05	3.071649829384441e-05
1323	-0.3689500359620822	-0.36966694252527077	0.0007169065631885685	0.0007169065631885685	0.0019430993178226618
1324	-0.7243584684007076	-0.7244799258572243	0.00012145745651670481	0.00012145745651670481	0.0001676758977980441
1325	-0.5240286731198253	-0.523327626211767	-0.0007010469080582782	0.0007010469080582782	0.001337802574589226
1326	-0.3012871494050711	-0.30146834040323256	0.00018119099816144013	0.00018119099816144013	0.0006013897324171451
1327	0.3062754448677065	0.30800501496486277	-0.001729570097156241	0.001729570097156241	0.005647106635999881
1328	0.7199056776852477	0.7189893291297267	0.0009163485555210293	0.0009163485555210293	0.001272873077577906
1329	-1.8297385935140233	-1.8313496477020408	0.0016110541880174356	0.0016110541880174356	0.0008804832524865735
1330	0.9747994129554637	0.9733034522767525	0.0014959606787111612	0.0014959606787111612	0.0015346343656235954
1331	-0.8175051027152163	-0.816827286229227	-0.0006778164859893021	0.0006778164859893021	0.000829128140898497
1332	1.0984379448376096	1.0977329479118225	0.0007049969257870714	0.0007049969257870714	0.000641817709503195
1333	-1.214678248539157	-1.2151477032773528	0.00046945473819581807	0.00046945473819581807	0.00038648484795081474
1334	-0.10502711137828091	-0.10491167548565272	-0.00011543589262819065	0.00011543589262819065	0.001099105660560538
1335	0.6911456705302477	0.6914144558152202	-0.0002687852849725392	0.0002687852849725392	0.00038889816782955005
1336	1.3663453176054654	1.3745420410771203	-0.008196723471654899	0.008196723471654899	0.005999013108940676
1337	0.9249309229660929	0.87308663687935	0.05184428608674296	0.05184428608674296	0.05605206269943634
1338	0.42047350167415315	0.39353039691292224	0.026943104761230907	0.026943104761230907	0.0640780088494388
1339	-1.4750691841444905	-1.4729806010009838	-0.0020885831435066837	0.0020885831435066837	0.0014159221587413328
1340	0.2674803077898525	0.2769300450253809	-0.009449737235528388	0.009449737235528388	0.03532872125656679
1341	-0.09234770104427446	-0.08111446805258993	-0.011233232991684536	0.011233232991684536	0.12164063495526502
1342	0.23904431796334044	0.22975663037527738	0.00928768758806306	0.00928768758806306	0.03885341290349101
1343	-0.862425437111724	-0.8521481364098804	-0.010277300701843628	0.010277300701843628	0.011916741157661658
1344	-0.5141167716148932	-0.500548765842268	-0.01356800577262518	0.01356800577262518	0.02639090284879579
1345	0.6787619835054908	0.6870801110068214	-0.008318127501330652	0.008318127501330652	0.012254851779369526
1346	-1.3972913619396976	-1.394559963905806	-0.0027313980338916632	0.0027313980338916632	0.001954780590713722
1347	-1.5691397868080743	-1.563560609532999	-0.005579177275075287	0.005579177275075287	0.0035555642154892924
1348	-0.21713670425999174	-0.2203677817576022	0.0032310774976104517	0.0032310774976104517	0.014880383805317754
1349	2.0688346438304435	2.067155089051198	0.001679554779245418	0.001679554779245418	0.0008118361630563792
1350	1.2865466950181876	1.2842024312078593	0.002344263810328373	0.002344263810328373	0.001822136592014822
1351	-0.5510417572035806	-0.5507102318063062	-0.00033152539727443475	0.00033152539727443475	0.0006016338924237891
1352	-0.5365253439433082	-0.5376082559322981	0.0010829119889899097	0.0010829119889899097	0.0020183799352903172
1353	0.24172808147081265	0.23862809496222326	0.003099986508589392	0.003099986508589392	0.012824271345419578
1354	0.3044470228244969	0.3077198201069109	-0.003272797282413975	0.003272797282413975	0.010749973023387482
1355	0.18380280245590086	0.1843698169778918	-0.0005670145219909273	0.0005670145219909273	0.003084906837190195
1356	-0.5119656175893942	-0.5125954939018129	0.0006298763124187312	0.0006298763124187312	0.0012303097918655616
1357	0.08041814966113385	0.07979661759804912	0.000621532063084726	0.000621532063084726	0.007728753592363651
1358	0.4545211682305826	0.45563903221079727	-0.001117863980214684	0.001117863980214684	0.0024594321636689574
1359	-0.03315576876721758	-0.03227255077575819	-0.0008832179914593924	0.0008832179914593924	0.02663844104054269
1360	-0.3428654927012576	-0.3444908065048935	0.0016253138036358972	0.0016253138036358972	0.00474038314801207
1361	-0.04659070695235902	-0.044690129961111325	-0.001900576991247696	0.001900576991247696	0.04079304899131745
1362	0.32156441732389474	0.3216513952182254	-8.697789433065317e-05	8.697789433065317e-05	0.0002704835785454613
1363	-0.13106579079434408	-0.1266318331190064	-0.004433957675337691	0.004433957675337691	0.033830015051715775
1364	-0.6082823582682891	-0.61198044514299	0.0036980868747008566	0.0036980868747008566	0.006079556351476131
1365	-0.4038575651645938	-0.40799976210337263	0.004142196938778819	0.004142196938778819	0.010256578794285183
1366	-0.6787311487101388	-0.6821857872694181	0.0034546385592792994	0.0034546385592792994	0.005089848264433564
1367	-0.13897014667818605	-0.13604447019588406	-0.002925676482301992	0.002925676482301992	0.021052553747942696
1368	-0.14381790527546132	-0.14093296466910488	-0.00288494060635644	0.00288494060635644	0.02005967616362354
1369	0.4368707918164191	0.43448897075393234	0.002381821062486744	0.002381821062486744	0.005452003446107306
1370	0.8819572973474596	0.8835502292043884	-0.0015929318569287698	0.0015929318569287698	0.0018061326344479597
1371	0.727897482954317	0.7301729149560288	-0.0022754320017117635	0.0022754320017117635	0.0031260336173666507
1372	-1.319571121978514	-1.3195600868911583	-1.1035087355670825e-05	1.1035087355670825e-05	8.362631745930634e-06
1373	-0.13616930569807698	-0.13773955978280128	0.001570254084724304	0.001570254084724304	0.011531630250109145
1374	0.7878268161054068	0.7842239400730477	0.0036028760323590925	0.0036028760323590925	0.004573182784218718
1375	1.4122994388463668	1.4122241458380813	7.52930082854597e-05	7.52930082854597e-05	5.331235445860023e-05
1376	-0.7137101100824116	-0.7129371753293867	-0.0007729347530248676	0.0007729347530248676	0.0010829813703152073
1377	-0.3115123623828073	-0.3093620318637136	-0.0021503305190936906	0.0021503305190936906	0.006902873782104417
1378	-0.42269841851474893	-0.42290812606182726	0.0002097075470783305	0.0002097075470783305	0.0004961162329757175
1379	0.7200621480704444	0.7204632641872877	-0.00040111611684323645	0.00040111611684323645	0.0005570576344251814
1380	-0.3378050370641847	-0.33743545360209737	-0.0003695834620873195	0.0003695834620873195	0.001094073271669708
1381	0.5253798483922517	0.5255412732552145	-0.00016142486296277792	0.00016142486296277792	0.0003072536250805287
1382	2.344366419263297	2.3437012309059924	0.000665188357304558	0.000665188357304558	0.0002837390741646903
1383	-0.7528282428557199	-0.7586562200998515	0.0058279772441315325	0.0058279772441315325	0.007741443416129206
1384	0.28966611482132093	0.29084532320666767	-0.0011792083853467417	0.0011792083853467417	0.004070922779746366
1385	-0.07282288285687744	-0.07271784702567174	-0.00010503583120569093	0.00010503583120569093	0.0014423465136930004
1386	0.7157740289770439	0.710680970414046	0.00509305856299791	0.00509305856299791	0.007115455935550929
1387	-0.7847671349509654	-0.7844594373906943	-0.00030769756027104744	0.00030769756027104744	0.0003920877245837688
1388	-2.028385789356605	-2.027945705457057	-0.00044008389954797167	0.00044008389954797167	0.00021696262212898086
1389	0.1684404289322411	0.17107583571629448	-0.0026354067840533846	0.0026354067840533846	0.01564592776662624
1390	-0.11849708478768811	-0.11753132211822503	-0.0009657626694630772	0.0009657626694630772	0.008150096444933136
1391	-1.4013309146593698	-1.4006290729895454	-0.0007018416698243435	0.0007018416698243435	0.0005008393538473706
1392	-1.1492930408229218	-1.1401190423114826	-0.009173998511439185	0.009173998511439185	0.007982297104026993
1393	0.23792212630184936	0.23799917430977757	-7.704800792820987e-05	7.704800792820987e-05	0.00032383708537666586
1394	-0.004424053769638804	-0.005121686584175222	0.0006976328145364185	0.0006976328145364185	0.15769085342590122
1395	-0.10756925735732735	-0.10917952631928074	0.00161026896195339	0.00161026896195339	0.014969601924500992
1396	-0.06721880863534604	-0.06702279850401283	-0.00019601013133321854	0.00019601013133321854	0.0029160012697718274
1397	1.5486777595400218	1.54855909647722	0.00011866306280183814	0.00011866306280183814	7.662217790038043e-05
1398	1.5355064831895873	1.5313680688109343	0.0041384143786529215	0.0041384143786529215	0.0026951461449101263
1399	-2.728756818090206	-2.728889959982439	0.00013314189223301298	0.00013314189223301298	4.87921427627237e-05
1400	-0.4053810568272105	-0.40737125890188963	0.0019902020746791482	0.0019902020746791482	0.004909459978855034
1401	-2.6682460633346015	-2.6654306421889373	-0.002815421145664132	0.002815421145664132	0.0010551579872455994
1402	-0.013897378504746231	-0.013549519138678079	-0.0003478593660681522	0.0003478593660681522	0.02503057435971477
1403	0.4669786439113879	0.4681129903261194	-0.0011343464147315352	0.0011343464147315352	0.002429118396572295
1404	2.126851416188375	2.125621158718616	0.001230257469759355	0.001230257469759355	0.0005784407224667128
1405	2.9721067394322347	2.9711267067682456	0.00098003266398905	0.00098003266398905	0.0003297434277802105
1406	0.21512645183583298	0.2161156264222086	-0.000989174586375624	0.000989174586375624	0.0045981076614905626
1407	0.5815249687007733	0.5806714042790873	0.0008535644216860483	0.0008535644216860483	0.0014678035641239237
1408	1.0752246392314408	1.0736201525176625	0.0016044867137783303	0.0016044867137783303	0.0014922339530139492
1409	0.3148564631561935	0.3186486122856991	-0.0037921491295055954	0.0037921491295055954	0.012044056810815384
1410	0.16350864857241734	0.15939490567262737	0.004113742899789968	0.004113742899789968	0.025159176200811224
1411	0.09059889809944247	0.09306331612179974	-0.0024644180223572787	0.0024644180223572787	0.02720141275506798
1412	0.5629249020482169	0.5603127938584862	0.0026121081897306775	0.0026121081897306775	0.004640242739709069
1413	-0.5842878159131577	-0.5822346570667492	-0.0020531588464085537	0.0020531588464085537	0.0035139511564172567
1414	-1.0158053401261338	-1.0150334857144117	-0.0007718544117221171	0.0007718544117221171	0.0007598448061183406
1415	-0.5107283989252097	-0.5130012029823661	0.0022728040571563524	0.0022728040571563524	0.004450122730475339
1416	0.5598719255723679	0.5613921660767573	-0.0015202405043894807	0.0015202405043894807	0.0027153361955688515
1417	-0.7534649159707154	-0.7594677330828858	0.006002817112170433	0.006002817112170433	0.007966949734397112
1418	-0.05835270854538233	-0.062331037085527896	0.003978328540145563	0.003978328540145563	0.06817727298899107
1419	-0.2825915978636202	-0.2792030527629663	-0.0033885451006538947	0.0033885451006538947	0.011990961961612248
1420	1.0859864612220878	1.0858226710936947	0.00016379012839307094	0.00016379012839307094	0.0001508215196428451
1421	-0.06321770177075513	-0.06147417723667559	-0.0017435245340795408	0.0017435245340795408	0.027579688682800318
1422	-0.394538925644424	-0.395761502566927	0.0012225769225029937	0.0012225769225029937	0.003098748546815972
1423	0.12251954602264917	0.12054679974227156	0.0019727462803776075	0.0019727462803776075	0.016101482126067643
1424	-0.31788934733819285	-0.3159079386847452	-0.001981408653447647	0.001981408653447647	0.006233013688689878
1425	0.09692961924833197	0.09539473870034954	0.0015348805479824396	0.0015348805479824396	0.015835000280462287
1426	0.5792273746651366	0.5792086977791655	1.8676885971125046e-05	1.8676885971125046e-05	3.224448081709284e-05
1427	-0.26579013218492054	-0.2649901130098442	-0.0008000191750763275	0.0008000191750763275	0.0030099656766780303
1428	-0.15056819308412642	-0.15118627946009155	0.0006180863759651378	0.0006180863759651378	0.004105026189826139
1429	-0.36187273987371515	-0.36213872905932476	0.00026598918560960527	0.00026598918560960527	0.0007350351554594278
1430	0.07389586699532867	0.07355519542073807	0.00034067157459059805	0.00034067157459059805	0.004610157353078131
1431	-0.031354834497954905	-0.031773035345850076	0.00041820084789517126	0.00041820084789517126	0.013337683154489242
1432	-0.2001874352344134	-0.20095606365089225	0.0007686284164788448	0.0007686284164788448	0.003839543753476857
1433	0.010372057519647412	0.009523478496475946	0.0008485790231714668	0.0008485790231714668	0.0818139526862471
1434	-0.055475633477475736	-0.05655950960914424	0.001083876131668507	0.001083876131668507	0.019537877509926648
1435	-2.5565300806509548	-2.559167532162121	0.0026374515111662333	0.0026374515111662333	0.0010316528372295442
1436	0.8581893639633562	0.8593143685970972	-0.0011250046337409891	0.0011250046337409891	0.0013109048899713766
1437	-0.5600408525236861	-0.5598116771778905	-0.00022917534579558474	0.00022917534579558474	0.00040921183653453585
1438	1.8913960387934154	1.89133323360835	6.280518506551758e-05	6.280518506551758e-05	3.320572940693219e-05
1439	-0.13928778487021742	-0.13986463344650701	0.0005768485762895903	0.0005768485762895903	0.004141415392793229
1440	-0.09510908829587922	-0.09410130812881334	-0.0010077801670658748	0.0010077801670658748	0.010596044869347558
1441	0.2521606764538819	0.25480452415393984	-0.002643847700057933	0.002643847700057933	0.010484773983153043
1442	-0.22488379115120127	-0.2256715656088204	0.0007877744576191281	0.0007877744576191281	0.003503029069309249
1443	0.4927312400492858	0.4933725926719035	-0.0006413526226176636	0.0006413526226176636	0.0013016276835897634
1444	-0.8737718527093993	-0.8711400168337491	-0.0026318358756501903	0.0026318358756501903	0.0030120401194995822
1445	-0.895471341247844	-0.8948469486469435	-0.0006243926009005252	0.0006243926009005252	0.0006972781507785953
1446	-0.8963523325754307	-0.8967624938378549	0.00041016126242421347	0.00041016126242421347	0.0004575893290149911
1447	0.4277556551798238	0.4269642268326379	0.0007914283471858741	0.0007914283471858741	0.0018501879229467259
1448	1.4913661360750874	1.4939428174187697	-0.0025766813436822744	0.0025766813436822744	0.0017277322324506256
1449	0.19175109966684994	0.1918844596531244	-0.00013335998627445056	0.00013335998627445056	0.0006954848577460644
1450	0.0622628163494822	0.06038287413190346	0.0018799422175787353	0.0018799422175787353	0.030193658555799807
1451	-1.041663386671702	-1.0416693422072854	5.955535583357374e-06	5.955535583357374e-06	5.717332162730956e-06
1452	0.705593650391832	0.7048628253016886	0.0007308250901433277	0.0007308250901433277	0.001035759164977582
1453	0.9905318437935065	0.9908449755613447	-0.00031313176783820396	0.00031313176783820396	0.00031612488765528444
1454	0.8545047939534514	0.8483724617249777	0.006132332228473647	0.006132332228473647	0.007176474926608431
1455	-0.49056392742169597	-0.4918255570629526	0.0012616296412566452	0.0012616296412566452	0.0025717945628157242
1456	-1.191280983670276	-1.1915434759970367	0.00026249232676067713	0.00026249232676067713	0.0002203445957409239
1457	-0.9321826327805025	-0.9307702937988438	-0.0014123389816587117	0.0014123389816587117	0.0015150882799071304
1458	0.06070376533919971	0.060772060429314934	-6.829509011522378e-05	6.829509011522378e-05	0.0011250552537162293
1459	-0.2603660333551382	-0.2607246421817422	0.00035860882660398996	0.00035860882660398996	0.0013773256902326004
1460	-0.0709446317214366	-0.06820184738387525	-0.002742784337561352	0.002742784337561352	0.03866091444847959
1461	-0.08699767803259477	-0.08630345982396648	-0.0006942182086282916	0.0006942182086282916	0.007979732612727827
1462	0.21975215874807744	0.21877200568809485	0.0009801530599825858	0.0009801530599825858	0.004460265899395453
1463	0.1392264957196623	0.14091174868724465	-0.0016852529675823458	0.0016852529675823458	0.012104398368078336
1464	-0.6600573613681507	-0.6555658466282921	-0.004491514739858649	0.004491514739858649	0.0068047339560742826
1465	-0.40790012308721785	-0.407851348342092	-4.877474512582358e-05	4.877474512582358e-05	0.00011957521551273101
1466	-0.23123341772120587	-0.2315790675311291	0.000345649809923243	0.000345649809923243	0.0014948090692496142
1467	-0.4361435788089514	-0.4374369826436464	0.001293403834695006	0.001293403834695006	0.002965545975082599
1468	-0.27375859875738623	-0.27400908781771705	0.0002504890603308163	0.0002504890603308163	0.0009149997898433424
1469	-0.15643238891963743	-0.1574334278515721	0.001001038931934678	0.001001038931934678	0.006399179472026937
1470	0.8640084592506604	0.8623150208535435	0.0016934383971168865	0.0016934383971168865	0.001959978955050482
1471	-0.17543647821061917	-0.17547105773729754	3.4579526678374384e-05	3.4579526678374384e-05	0.0001971056819600548
1472	-0.3586223833880542	-0.3583929893551385	-0.00022939403291566407	0.00022939403291566407	0.0006396534169130316
1473	2.0877211048901008	2.089451276290788	-0.0017301714006872082	0.0017301714006872082	0.0008287368445117508
1474	1.5085489058729287	1.5062059602612976	0.0023429456116310643	0.0023429456116310643	0.0015531121347871107
1475	0.31514880766997155	0.31411174521167595	0.0010370624582956012	0.0010370624582956012	0.0032907072248283043
1476	-0.479233814140225	-0.48082751598599316	0.0015937018457681806	0.0015937018457681806	0.0033255204427245603
1477	-1.6777674555096076	-1.6794286794237223	0.0016612239141147178	0.0016612239141147178	0.0009901395504242482
1478	0.024813145845430106	0.022331354557536542	0.0024817912878935637	0.0024817912878935637	0.10001921172565231
1479	-1.216032847341938	-1.2195642647085947	0.0035314173666567417	0.0035314173666567417	0.00290404767796847
1480	1.103323001980476	1.1048055574960358	-0.001482555515559758	0.001482555515559758	0.0013437184876038618
1481	-2.341012187259973	-2.3334571584854302	-0.007555028774542727	0.007555028774542727	0.0032272488010348533
1482	0.8623592731589157	0.860547162588432	0.0018121105704836937	0.0018121105704836937	0.0021013406208826814
1483	0.9203431896026467	0.9205759980162043	-0.00023280841355755033	0.00023280841355755033	0.0002529582618610609
1484	0.2903037881382758	0.2868561074294007	0.0034476807088750783	0.0034476807088750783	0.011876113401706282
1485	-0.23328200857547124	-0.23242130215095358	-0.0008607064245176599	0.0008607064245176599	0.003689553385507673
1486	-2.183564890883802	-2.183726982266876	0.0001620913830739923	0.0001620913830739923	7.423245526190225e-05
1487	1.9594662278111665	1.9525673805276256	0.006898847283540954	0.006898847283540954	0.0035207788660115633
1488	-0.5134978368265287	-0.518470306325014	0.004972469498485288	0.004972469498485288	0.009683525697431713
1489	-0.5232199676237678	-0.5213131245653813	-0.0019068430583865092	0.0019068430583865092	0.00364443862310252
1490	0.6383096814959854	0.6394302058367884	-0.0011205243408030086	0.0011205243408030086	0.001755455656221401
1491	0.5373669860252767	0.5371200936963305	0.00024689232894614666	0.00024689232894614666	0.00045944826415989263
1492	0.5059222429270106	0.5054100951653595	0.0005121477616510939	0.0005121477616510939	0.0010123052876427523
1493	-0.14276017276845102	-0.14590866385333356	0.0031484910848825487	0.0031484910848825487	0.022054407919421787
1494	-0.5910236369172323	-0.5909892480246981	-3.4388892534154e-05	3.4388892534154e-05	5.818530831275344e-05
1495	0.3596893806066684	0.3590006809446322	0.000688699662036163	0.000688699662036163	0.0019147066862929647
1496	-0.31137193428361765	-0.31368930545028206	0.002317371166664417	0.002317371166664417	0.0074424535788559735
1497	-0.025132878893089485	-0.025582490458475604	0.00044961156538611893	0.00044961156538611893	0.017889377786710448
1498	-0.649736407768682	-0.6533580835892394	0.0036216758205573907	0.0036216758205573907	0.005574069387607372
1499	-0.07570530990899253	-0.07984469917943215	0.004139389270439622	0.004139389270439622	0.05467766099122635
1500	-1.493118906339618	-1.4955714463908976	0.0024525400512795947	0.0024525400512795947	0.001642561781828882
1501	0.23277774789036237	0.23229711272421127	0.0004806351661510999	0.0004806351661510999	0.002064781408476714
1502	-0.0355741663408939	-0.034957907878663264	-0.0006162584622306372	0.0006162584622306372	0.017323201795518224
1503	-0.23524248394965902	-0.23530085737633044	5.837342667142087e-05	5.837342667142087e-05	0.00024814151632539537
1504	0.4905717494550945	0.49114262028382427	-0.0005708708287297526	0.0005708708287297526	0.001163684678874906
1505	0.1676114052584148	0.16848994301454923	-0.0008785377561344176	0.0008785377561344176	0.005241515365735002
1506	1.568729316382605	1.5668843012193179	0.001845015163287167	0.001845015163287167	0.001176120790259508
1507	-0.6817089677437835	-0.6821409211923424	0.00043195344855884166	0.00043195344855884166	0.0006336332203292782
1508	0.37096184752539435	0.37131242714849577	-0.0003505796231014213	0.0003505796231014213	0.000945055739397627
1509	2.639396962331205	2.640850104349113	-0.0014531420179078047	0.0014531420179078047	0.0005505583429270679
1510	0.7853464645910289	0.7859823642775154	-0.0006358996864865851	0.0006358996864865851	0.0008097059261834603
1511	-0.04884009542202937	-0.048960406488163244	0.0001203110661338741	0.0001203110661338741	0.0024633667296155137
1512	-1.4806197499541498	-1.4813475540691456	0.0007278041149958447	0.0007278041149958447	0.0004915536990631002
1513	-0.8292480552579427	-0.8289413864375206	-0.00030666882042207355	0.00030666882042207355	0.00036981554370565554
1514	0.332119224961156	0.3323557997845228	-0.00023657482336680857	0.00023657482336680857	0.000712318967366246
1515	-0.9540995808659745	-0.9543411635277721	0.00024158266179763466	0.00024158266179763466	0.00025320487152752515
1516	0.6425834939009718	0.6229612709276466	0.019622222973325165	0.019622222973325165	0.03053645659990939
1517	1.3759579728588436	1.3840525760855371	-0.00809460322669353	0.00809460322669353	0.005882885514210351
1518	1.2805205426129878	1.3034239014828586	-0.022903358869870827	0.022903358869870827	0.0178859753574394
1519	-0.9632200371193167	-0.9501514549015155	-0.013068582217801161	0.013068582217801161	0.013567597967423014
1520	-1.2281041937112855	-1.2333072209500529	0.0052030272387673104	0.0052030272387673104	0.004236633394308307
1521	-1.222292807764902	-1.231644142215771	0.009351334450868887	0.009351334450868887	0.007650649984571896
1522	0.25071108561567146	0.25759800318070347	-0.006886917565032014	0.006886917565032014	0.02746953748821997
1523	-0.5494609373540217	-0.5569706034194155	0.007509666065393827	0.007509666065393827	0.013667333844617411
1524	0.07268367090443183	0.06399109218335752	0.008692578721074304	0.008692578721074304	0.11959465740941658
1525	2.8558693409704685	2.8559226500561863	-5.33090857177676e-05	5.33090857177676e-05	1.8666500232693542e-05
1526	-0.6940233171548633	-0.6933193127593995	-0.0007040043954638087	0.0007040043954638087	0.0010143814740257756
1527	-1.491995380150781	-1.4802867953349619	-0.011708584815819156	0.011708584815819156	0.007847601253722305
1528	-2.0994943894453373	-2.099545172953299	5.078350796150488e-05	5.078350796150488e-05	2.418844661686441e-05
1529	0.03658059968436209	0.03593833149295733	0.0006422681914047615	0.0006422681914047615	0.0175576178888977
1530	2.18568733930309	2.1797424079323946	0.005944931370695183	0.005944931370695183	0.0027199367740267624
1531	-0.44042162912511856	-0.439916293409226	-0.0005053357158925631	0.0005053357158925631	0.0011473907784601632
1532	0.48411694014766504	0.4832368493055128	0.0008800908421522369	0.0008800908421522369	0.0018179302750360113
1533	-0.27125238608374663	-0.27390655746017956	0.0026541713764329233	0.0026541713764329233	0.00978487752588275
1534	-0.2733247272724385	-0.26164537208472893	-0.011679355187709572	0.011679355187709572	0.042730693648760455
1535	0.06433490780318171	0.06854390910149277	-0.00420900129831106	0.00420900129831106	0.0654232895022957
1536	-0.32229550584068356	-0.3184878496966803	-0.0038076561440032464	0.0038076561440032464	0.011814176974237546
1537	0.40409117839965614	0.40223363323832473	0.0018575451613314087	0.0018575451613314087	0.004596846604491452
1538	-0.2505898133048999	-0.25085678887393215	0.0002669755690322684	0.0002669755690322684	0.0010653887542804122
1539	0.3834203517194248	0.382857315678109	0.0005630360413158009	0.0005630360413158009	0.001468456326824856
1540	-0.06236844338000208	-0.0636406644431986	0.0012722210631965214	0.0012722210631965214	0.02039847387957174
1541	0.12603836742350497	0.12917831609371433	-0.0031399486702093637	0.0031399486702093637	0.02491264155825453
1542	-0.19122633948408668	-0.19525694835209606	0.004030608868009378	0.004030608868009378	0.021077686676864896
1543	-1.446397745215101	-1.4466499390266563	0.0002521938115553901	0.0002521938115553901	0.0001743599313464673
1544	0.22093684373796962	0.21772081582582814	0.0032160279121414836	0.0032160279121414836	0.01455632233053751
1545	-2.56464964445811	-2.564703961866144	5.431740803363283e-05	5.431740803363283e-05	2.1179270295654618e-05
1546	1.2837181795017831	1.284211869588603	-0.0004936900868197647	0.0004936900868197647	0.00038457824677015016
1547	-0.022879887842730953	-0.020859998961952897	-0.0020198888807780556	0.0020198888807780556	0.08828228943525104
1548	1.6817882381938454	1.6821477747157587	-0.0003595365219133395	0.0003595365219133395	0.00021378227873650928
1549	-0.28580406976360356	-0.28501745480724594	-0.000786614956357623	0.000786614956357623	0.0027522874569569774
1550	-0.15269318303877705	-0.15140953376402422	-0.0012836492747528294	0.0012836492747528294	0.008406722875289341
1551	0.6450923937099017	0.6451343607238869	-4.196701398517799e-05	4.196701398517799e-05	6.50558189716473e-05
1552	-0.5438705658657591	-0.5453972149993547	0.00152664913359557	0.00152664913359557	0.0028070081916740193
1553	0.09522238580955329	0.09592774779321189	-0.0007053619836586006	0.0007053619836586006	0.007407522691873515
1554	0.3356380498498701	0.3349137298300775	0.0007243200197926125	0.0007243200197926125	0.002158039054620293
1555	-0.11348010039797736	-0.11248746056224945	-0.000992639835727907	0.000992639835727907	0.008747259054642144
1556	-0.44014758338608445	-0.4439745394080319	0.0038269560219474363	0.0038269560219474363	0.008694710970594023
1557	-0.020780525668888033	-0.020062001702569887	-0.0007185239663181457	0.0007185239663181457	0.03457679453190628
1558	0.47726892464494586	0.47711776793590843	0.0001511567090374255	0.0001511567090374255	0.00031671181849913095
1559	0.3660976477516621	0.36433610368646896	0.0017615440651931324	0.0017615440651931324	0.004811678184799632
1560	-0.23997815043560364	-0.2397197336634349	-0.00025841677216872916	0.00025841677216872916	0.001076834585563961
1561	-0.5517831024609234	-0.5519663466273528	0.0001832441664293416	0.0001832441664293416	0.00033209455964142853
1562	0.5649148018683461	0.5644730666176656	0.00044173525068047503	0.00044173525068047503	0.0007819502148280085
1563	-0.12259304909701393	-0.1312281548706551	0.008635105773641155	0.008635105773641155	0.07043715640686748
1564	-0.19030109379487045	-0.1957254393829544	0.00542434558808394	0.00542434558808394	0.028504016870922223
1565	0.47812266876532467	0.4772894172262454	0.0008332515390792605	0.0008332515390792605	0.0017427568143359514
1566	-0.20924816437419289	-0.20636452603639555	-0.0028836383377973396	0.0028836383377973396	0.013780949268642598
1567	0.5669605549300928	0.5649204740620917	0.002040080868001115	0.002040080868001115	0.003598276547215283
1568	-0.8919092841438617	-0.8919059394187911	-3.3447250705753717e-06	3.3447250705753717e-06	3.750073163310496e-06
1569	0.10052085674227453	0.09963704948745544	0.0008838072548190828	0.0008838072548190828	0.008792277378664577
1570	-0.22383222096560543	-0.22940687926364944	0.005574658298044016	0.005574658298044016	0.024905521975322004
1571	-0.03808450769555261	-0.03743740970918452	-0.0006470979863680906	0.0006470979863680906	0.01699110807840787
1572	-0.0803783430594865	-0.079109004957445	-0.001269338102041509	0.001269338102041509	0.0157920411609144
1573	-0.05045741032731748	-0.050360907053459414	-9.650327385806595e-05	9.650327385806595e-05	0.001912568901813405
1574	-0.1342059331527308	-0.13361908321485316	-0.0005868499378776371	0.0005868499378776371	0.004372757031611877
1575	0.07098053396204573	0.07031614706676237	0.0006643868952833643	0.0006643868952833643	0.009360128167514506
1576	0.003155348712954264	0.003467864601702786	-0.000312515888748522	0.000312515888748522	0.09904321746293525
1577	-0.007129180880800572	-0.007713245729235041	0.000584064848434469	0.000584064848434469	0.08192594046917791
1578	0.17838727660235632	0.17875618672746896	-0.00036891012511264254	0.00036891012511264254	0.0020680293580297286
1579	3.0387447103041647	3.0347537244139744	0.003990985890190313	0.003990985890190313	0.0013133666269026045
1580	2.286226703129103	2.2862302241293264	-3.521000223383197e-06	3.521000223383197e-06	1.540092335796835e-06
1581	0.4669844979602341	0.46424964329361273	0.002734854666621378	0.002734854666621378	0.0058564142462267845
1582	-1.6374939909088926	-1.6353633731327477	-0.002130617776144872	0.002130617776144872	0.001301145401432753
1583	0.11973862625059914	0.11934980398109474	0.0003888222695044019	0.0003888222695044019	0.0032472584802387973
1584	0.6957496824191353	0.6961345643077266	-0.0003848818885913152	0.0003848818885913152	0.0005531901750254106
1585	-0.8794399407877053	-0.8739245394977502	-0.005515401289955091	0.005515401289955091	0.006271492837833818
1586	-2.1094369448914825	-2.10946287520386	2.5930312377742126e-05	2.5930312377742126e-05	1.2292527842815459e-05
1587	-1.0959575768643575	-1.0925010710067795	-0.0034565058575779517	0.0034565058575779517	0.0031538682979567103
1588	-1.8341586923829798	-1.8333572660651498	-0.0008014263178299785	0.0008014263178299785	0.00043694491712096493
1589	0.6584173828553733	0.6535467254096261	0.004870657445747217	0.004870657445747217	0.007397522563308594
1590	-0.1911612523075094	-0.1919043031932688	0.0007430508857593776	0.0007430508857593776	0.0038870371311654577
1591	1.3837960927877964	1.3835899638507954	0.00020612893700100443	0.00020612893700100443	0.0001489590396123586
1592	0.12745452797674892	0.12979982941629942	-0.002345301439550501	0.002345301439550501	0.018401083718095495
1593	0.545994790271466	0.5466220159178192	-0.0006272256463532022	0.0006272256463532022	0.0011487758812521794
1594	0.2953823077870668	0.2950474326155472	0.00033487517151958857	0.00033487517151958857	0.001133700843589424
1595	-0.8666392219874445	-0.8658749253456222	-0.0007642966418223152	0.0007642966418223152	0.0008819086679109337
1596	0.17697239954970456	0.1774586781593257	-0.000486278609621138	0.000486278609621138	0.002747765249600752
1597	1.0826539237942534	1.0887382989039907	-0.00608437510973725	0.00608437510973725	0.0056198707417177566
1598	0.13426698516828822	0.13919654132621417	-0.004929556157925952	0.004929556157925952	0.03671458141215668
1599	1.2274528934771163	1.2288351121370056	-0.0013822186598893005	0.0013822186598893005	0.0011260869294737374
1600	-0.5599747070297522	-0.5603489311951648	0.0003742241654126621	0.0003742241654126621	0.0006682876221278672
1601	0.09215571227691877	0.09073242097912271	0.0014232912977960588	0.0014232912977960588	0.015444417525841586
1602	-0.2750343452873721	-0.27449643881283237	-0.0005379064745397177	0.0005379064745397177	0.0019557792826844275
1603	-0.36035009062402934	-0.3563511737993963	-0.0039989168246330475	0.0039989168246330475	0.011097310445261719
1604	-0.06135833447301033	-0.06504868849788181	0.0036903540248714797	0.0036903540248714797	0.06014429916598786
1605	-0.3891640510399381	-0.3877684423798655	-0.0013956086600726003	0.0013956086600726003	0.0035861705528637726
1606	1.0619962746959302	1.06706500330489	-0.005068728608959905	0.005068728608959905	0.004772830874958746
1607	-0.7046321945358931	-0.708799707297203	0.004167512761309888	0.004167512761309888	0.005914451246518513
1608	-0.13676000776923844	-0.13785440248881287	0.0010943947195744264	0.0010943947195744264	0.008002300799960832
1609	-1.0865139755894864	-1.0870805621649993	0.0005665865755128952	0.0005665865755128952	0.0005214719628484249
1610	0.25783415843232393	0.2596912687806707	-0.001857110348346791	0.001857110348346791	0.007202732018280051
1611	0.41959478082980434	0.4204237210885253	-0.0008289402587209893	0.0008289402587209893	0.001975573330730306
1612	0.07349929510006194	0.06943307693063616	0.004066218169425775	0.004066218169425775	0.055323226758706004
1613	0.09821457563337913	0.10053603148918455	-0.0023214558558054266	0.0023214558558054266	0.023636571668049427
1614	-0.3045929501940798	-0.30352531900490476	-0.0010676311891750223	0.0010676311891750223	0.003505108008884486
1615	-0.2936222776120528	-0.29342903867757286	-0.00019323893447992235	0.00019323893447992235	0.0006581208212519845
1616	-1.5410358235140056	-1.535690890925423	-0.005344932588582596	0.005344932588582596	0.003468402555623016
1617	0.8350598167910992	0.8441133580916471	-0.009053541300547918	0.009053541300547918	0.010841787759993218
1618	0.09244008002597488	0.0921985172013251	0.00024156282464977974	0.00024156282464977974	0.002613182772904379
1619	0.28267121327095346	0.28204501924022907	0.0006261940307243918	0.0006261940307243918	0.00221527343898353
1620	-1.2216094232343058	-1.2227949267824556	0.0011855035481498355	0.0011855035481498355	0.0009704440106651461
1621	0.1381919372105061	0.137798961041824	0.00039297616868211316	0.00039297616868211316	0.002843698240393702
1622	0.9049386122578397	0.9036326141398376	0.0013059981180020275	0.0013059981180020275	0.0014431897371950308
1623	-0.286541144751125	-0.28769766286984577	0.0011565181187207507	0.0011565181187207507	0.00403613282038516
1624	-0.6679515894254996	-0.6754108804969405	0.007459291071440943	0.007459291071440943	0.01116741271303303
1625	-0.4856564169282919	-0.48920366642590807	0.003547249497616145	0.003547249497616145	0.007304030944452451
1626	1.411343015578987	1.4175315603210947	-0.006188544742107727	0.006188544742107727	0.004384862272173394
1627	0.15903789181828973	0.1644721511340208	-0.005434259315731077	0.005434259315731077	0.03416958847731736
1628	0.09017126806418807	0.09055688646242288	-0.0003856183982348105	0.0003856183982348105	0.004276510761280517
1629	-1.7911111781001168	-1.7965601798337616	0.00544900173364482	0.00544900173364482	0.0030422465117015984
1630	0.6134463166778249	0.6157842620027054	-0.0023379453248805193	0.0023379453248805193	0.0038111653152339033
1631	0.5517477377251514	0.5539310433491096	-0.002183305623958187	0.002183305623958187	0.0039570721811382995
1632	0.3813213668586955	0.3783471987404141	0.002974168118281384	0.002974168118281384	0.007799636675968141
1633	-1.8081255862898673	-1.8129718723258748	0.004846286036007452	0.004846286036007452	0.0026802817640292635
1634	-1.9416036940930386	-1.9460481613364777	0.004444467243439165	0.004444467243439165	0.002289070244849974
1635	-1.4377964543096053	-1.4386737569580532	0.0008773026484478752	0.0008773026484478752	0.0006101716594294527
1636	1.5951643004326639	1.5962178664707949	-0.0010535660381310041	0.0010535660381310041	0.0006604749353061878
1637	1.6177533326407294	1.6185882599799584	-0.0008349273392289636	0.0008349273392289636	0.0005161029944324548
1638	1.7699606548063673	1.7705690349174574	-0.000608380111090101	0.000608380111090101	0.0003437252175284413
1639	0.43096140819315715	0.4333402933482944	-0.0023788851551372336	0.0023788851551372336	0.005519949373450664
1640	0.2744273628485555	0.2720433750482698	0.002383987800285703	0.002383987800285703	0.008687135916549698
1641	-0.06302690907640414	-0.06448563920002925	0.0014587301236251154	0.0014587301236251154	0.023144560712263
1642	1.0817946147988107	1.080659124212957	0.0011354905858536046	0.0011354905858536046	0.0010496360125297722
1643	-0.959566103897881	-0.9810152651468229	0.021449161248941917	0.021449161248941917	0.022352979291174066
1644	1.148628422559792	1.1459798213806494	0.0026486011791426733	0.0026486011791426733	0.0023058816298834883
1645	0.0581592447834998	0.05695752965095835	0.001201715132541449	0.001201715132541449	0.02066249548141286
1646	0.3145236817186739	0.3240300575768629	-0.009506375858188976	0.009506375858188976	0.03022467435915355
1647	0.2287994811813719	0.23122120480678632	-0.002421723625414429	0.002421723625414429	0.010584480405769373
1648	-1.3554010827121628	-1.3547573431722526	-0.0006437395399101487	0.0006437395399101487	0.00047494394694006246
1649	0.5860772676423046	0.5919188985785695	-0.0058416309362648855	0.0058416309362648855	0.00996733922092702
1650	-0.8359946055846323	-0.8332189561315317	-0.0027756494531006037	0.0027756494531006037	0.0033201762721417577
1651	0.45102155574806	0.4530606006198923	-0.002039044871832263	0.002039044871832263	0.004520947714905383
1652	-0.16850828425536704	-0.17060900263032863	0.002100718374961591	0.002100718374961591	0.012466558449898184
1653	-1.2100335427455275	-1.2153308341993352	0.00529729145380764	0.00529729145380764	0.004377805462969443
1654	-0.3135040434232415	-0.31423066278080114	0.0007266193575596325	0.0007266193575596325	0.0023177352024728775
1655	0.2470473143253716	0.24754502934598577	-0.000497715020614159	0.000497715020614159	0.0020146546501559922
1656	1.6693306974672317	1.671446828439116	-0.0021161309718842336	0.0021161309718842336	0.0012676523441969307
1657	-0.29700900245764383	-0.2981571659361748	0.0011481634785309724	0.0011481634785309724	0.0038657531220613792
1658	-0.22860275328651775	-0.22673161323893964	-0.0018711400475781015	0.0018711400475781015	0.008185115973791096
1659	-0.5053122237982268	-0.5011972087842764	-0.004115015013950396	0.004115015013950396	0.008143509735465133
1660	-0.11213178043127728	-0.11189596271066193	-0.00023581772061534445	0.00023581772061534445	0.0021030409015923113
1661	0.7191111556383812	0.7193042575863728	-0.00019310194799160296	0.00019310194799160296	0.0002685286502337449
1662	-0.4735991423733201	-0.46380002083878935	-0.009799121534530775	0.009799121534530775	0.02069075016780014
1663	0.6057536576661503	0.6055842217662644	0.0001694358998859391	0.0001694358998859391	0.0002797108985503155
1664	0.012809262349864473	0.01272936957263937	7.98927772251018e-05	7.98927772251018e-05	0.0062371099164775165
1665	-0.3328254431992175	-0.3262740767837613	-0.006551366415456172	0.006551366415456172	0.01968409131370031
1666	-0.6983436511046123	-0.6984769026132653	0.000133251508653065	0.000133251508653065	0.0001908107970084543
1667	-0.8712791218250948	-0.870495082537559	-0.0007840392875357871	0.0007840392875357871	0.0008998715427651201
1668	1.1159421143439474	1.1124807193851893	0.0034613949587580795	0.0034613949587580795	0.0031017692712430726
1669	0.8744087469627194	0.8787423715475029	-0.00433362458478348	0.00433362458478348	0.00495606271075905
1670	0.020824307405194642	0.021517515058633307	-0.0006932076534386655	0.0006932076534386655	0.03328838937835427
1671	0.20555677218642707	0.20969488815580917	-0.0041381159693821	0.0041381159693821	0.0201312558344178
1672	-0.7634390393076448	-0.7631734986190963	-0.00026554068854844903	0.00026554068854844903	0.00034782173150231516
1673	0.6812533060575984	0.6809576142217111	0.00029569183588729064	0.00029569183588729064	0.0004340409554831439
1674	-0.030462789947382208	-0.03096361866994357	0.0005008287225613632	0.0005008287225613632	0.01644067150206646
1675	-0.5519758963753512	-0.5489406829042309	-0.003035213471120235	0.003035213471120235	0.005498815240034047
1676	-0.5677209305611636	-0.5657117122908062	-0.0020092182703573824	0.0020092182703573824	0.0035390949359069275
1677	-0.07145885364685708	-0.07212344200269172	0.0006645883558346333	0.0006645883558346333	0.009300294112174905
1678	-0.5824919652004872	-0.5824121429753859	-7.982222510127812e-05	7.982222510127812e-05	0.00013703575305764812
1679	0.4201757934432319	0.4211143332994993	-0.0009385398562674063	0.0009385398562674063	0.002233683784056942
1680	0.09007229973090924	0.09018683397243876	-0.00011453424152951808	0.00011453424152951808	0.001271581183912133
1681	0.06874572241829482	0.06746519442657473	0.0012805279917200985	0.0012805279917200985	0.01862702065924207
1682	-0.011365267491319287	-0.007406128425202496	-0.003959139066116791	0.003959139066116791	0.3483542353174489
1683	0.014291728762841426	0.0160861195297457	-0.001794390766904276	0.001794390766904276	0.12555449355921883
1684	0.31157946229569006	0.31100424309471464	0.0005752192009754187	0.0005752192009754187	0.0018461396548323636
1685	-0.4184452999132613	-0.41914710737245287	0.0007018074591915724	0.0007018074591915724	0.0016771784970151383
1686	-0.13737706854314655	-0.13744444144947465	6.737290632810589e-05	6.737290632810589e-05	0.000490423234696887
1687	0.07297885199394955	0.06766568017013697	0.005313171823812579	0.005313171823812579	0.07280426697110935
1688	0.9044413385219079	0.905880110245505	-0.0014387717235970765	0.0014387717235970765	0.0015907850098364625
1689	-0.2068963564519163	-0.22355763420023322	0.01666127774831691	0.01666127774831691	0.08052958512195486
1690	-0.08547820714740713	-0.0870559626520162	0.0015777555046090769	0.0015777555046090769	0.01845798545924388
1691	-0.46204055741773253	-0.45792298374180973	-0.004117573675922803	0.004117573675922803	0.008911714804724578
1692	0.04475573569636741	0.051098167695329266	-0.006342431998961853	0.006342431998961853	0.14171216047011903
1693	0.014391088124183597	0.02003600865663202	-0.005644920532448423	0.005644920532448423	0.3922511267902237
1694	-0.6130893252869797	-0.6196148281816249	0.006525502894645263	0.006525502894645263	0.010643641351267621
1695	0.3587835593842496	0.3689054095801225	-0.010121850195872917	0.010121850195872917	0.028211577512760638
1696	0.5265628703838151	0.5291185597897652	-0.002555689405950079	0.002555689405950079	0.004853531362906808
1697	1.5880137643097951	1.587667884471955	0.0003458798378401795	0.0003458798378401795	0.0002178065742336375
1698	0.4317983350651348	0.43508036791450877	-0.0032820328493739503	0.0032820328493739503	0.0076008464666239865
1699	-0.5094162744914341	-0.5091517204434126	-0.0002645540480215036	0.0002645540480215036	0.000519327829260296
1700	-0.31541336957800725	-0.31555501421109966	0.00014164463309240816	0.00014164463309240816	0.0004490761862184696
1701	-0.6560318984895904	-0.6569341620590308	0.0009022635694403425	0.0009022635694403425	0.0013753349059971954
1702	-0.17785335971557384	-0.17902404658798332	0.001170686872409482	0.001170686872409482	0.00658231519652856
1703	-1.1290748909561183	-1.1287491383953352	-0.0003257525607831546	0.0003257525607831546	0.0002885128022883427
1704	0.2740354700985848	0.2736450569997828	0.0003904130988020005	0.0003904130988020005	0.0014246808950007406
1705	1.6272722885048183	1.630025583388317	-0.002753294883498736	0.002753294883498736	0.0016919693790327724
1706	-1.0327546195856059	-1.0314512528282194	-0.0013033667573865149	0.0013033667573865149	0.0012620294624385146
1707	-0.5077209646477566	-0.5091746152032783	0.0014536505555217127	0.0014536505555217127	0.0028630894856394536
1708	-0.12264274323207534	-0.12298281144040857	0.0003400682083332246	0.0003400682083332246	0.0027728359572789215
1709	0.17351810443555823	0.17328140287276028	0.00023670156279795296	0.00023670156279795296	0.0013641317922871848
1710	-0.8080243776866798	-0.8072166882939769	-0.0008076893927029261	0.0008076893927029261	0.0009995854271318983
1711	-1.4417424475855596	-1.4436565558000325	0.0019141082144729094	0.0019141082144729094	0.0013276353329808703
1712	0.797477035471911	0.7967609487025129	0.0007160867693980499	0.0007160867693980499	0.0008979403011577657
1713	1.3347058786149162	1.3356187347923765	-0.0009128561774602861	0.0009128561774602861	0.0006839380811056274
1714	0.023007334979538774	0.02467629639113511	-0.001668961411596337	0.001668961411596337	0.07254040561762597
1715	-0.19960231936012457	-0.20749256842123032	0.007890249061105747	0.007890249061105747	0.03952984657893718
1716	0.6469266012973002	0.6456198338966601	0.0013067674006400631	0.0013067674006400631	0.002019962385252926
1717	0.014872934585957648	0.0155813622484402	-0.0007084276624825525	0.0007084276624825525	0.04763200284303125
1718	0.25296119367812825	0.25440870106763214	-0.0014475073895038881	0.0014475073895038881	0.005722250786599778
1719	-0.4339582589517377	-0.4332948652319146	-0.0006633937198230466	0.0006633937198230466	0.0015287039850918598
1720	-0.03143575606381612	-0.03210803156861175	0.0006722755047956289	0.0006722755047956289	0.02138569543009803
1721	-0.08275770653038902	-0.08240574861417826	-0.00035195791621076	0.00035195791621076	0.004252871798489478
1722	-0.04810360186487736	-0.047973479510687866	-0.00013012235418949358	0.00013012235418949358	0.0027050438874620295
1723	0.2817550645049399	0.2775021069680861	0.004252957536853841	0.004252957536853841	0.015094520286002791
1724	0.10228999981453572	0.1130469939738532	-0.010756994159317482	0.010756994159317482	0.10516173798828064
1725	-0.35061633366178946	-0.34503149327491656	-0.005584840386872902	0.005584840386872902	0.01592863723302787
1726	-0.4713306050264084	-0.4700947421838464	-0.0012358628425619966	0.0012358628425619966	0.002622072128103695
1727	0.24707903534407424	0.24319803550554298	0.0038809998385312683	0.0038809998385312683	0.015707523842023723
1728	0.09349110176389874	0.09185033697889367	0.0016407647850050777	0.0016407647850050777	0.017549956670193538
1729	0.047857964198451564	0.05089659821067016	-0.0030386340122185995	0.0030386340122185995	0.06349275534618153
1730	-0.35194105567758743	-0.3597602209310935	0.007819165253506066	0.007819165253506066	0.022217258053204198
1731	0.0953225936438013	0.09272375234559149	0.0025988412982098086	0.0025988412982098086	0.027263644419087917
1732	-0.5034799275125083	-0.5035269040760681	4.697656355989732e-05	4.697656355989732e-05	9.330374657037396e-05
1733	-1.0855618961937425	-1.0847911356464124	-0.0007707605473301626	0.0007707605473301626	0.000710010686661577
1734	-0.9620119470330667	-0.9613802825754192	-0.0006316644576475072	0.0006316644576475072	0.0006566077059600128
1735	-0.1915523221340098	-0.1894338608181556	-0.002118461315854192	0.002118461315854192	0.011059439490230345
1736	0.020277703140478533	0.020806920950633412	-0.0005292178101548792	0.0005292178101548792	0.026098508617499672
1737	-0.06085968924911175	-0.061271056218004105	0.0004113669688923585	0.0004113669688923585	0.006759268309907817
1738	0.3230340051533115	0.3232908214982899	-0.00025681634497842776	0.00025681634497842776	0.0007950133449775452
1739	1.3961712511738842	1.3958678161571925	0.0003034350166917221	0.0003034350166917221	0.00021733366622224713
1740	1.4423229954975159	1.4423329030535115	-9.907555995614103e-06	9.907555995614103e-06	6.869165940321561e-06
1741	0.6843287992558074	0.6847938332086301	-0.0004650339528227132	0.0004650339528227132	0.0006795475410773703
1742	0.9015063800226425	0.9098148171702292	-0.008308437147586667	0.008308437147586667	0.009216171212651862
1743	-0.6233096596355832	-0.6231659826951841	-0.00014367694039907342	0.00014367694039907342	0.00023050651979799876
1744	-0.3303717195574481	-0.3289292928627674	-0.0014424266946806985	0.0014424266946806985	0.004366071940458197
1745	-0.6406580957934663	-0.641610957373473	0.0009528615800066254	0.0009528615800066254	0.001487316848507923
1746	0.556758549683645	0.5574651013944276	-0.0007065517107825992	0.0007065517107825992	0.001269045102556697
1747	-0.425290546447539	-0.42594596262546247	0.0006554161779234735	0.0006554161779234735	0.001541102155686692
1748	0.002970265302364058	0.0023884398885343217	0.0005818254138297363	0.0005818254138297363	0.19588331499097297
1749	0.148501909047126	0.1484461235179424	5.5785529183616234e-05	5.5785529183616234e-05	0.0003756552999322931
1750	-0.8858370686649005	-0.8819329975722212	-0.0039040710926793176	0.0039040710926793176	0.004407211247733607
1751	-0.43418881088455036	-0.41797741284455014	-0.016211398040000213	0.016211398040000213	0.03733720822278578
1752	-1.7269806850464644	-1.7273630749912172	0.0003823899447528145	0.0003823899447528145	0.0002214210894562068
1753	0.7838704092629085	0.7826077453003677	0.001262663962540822	0.001262663962540822	0.0016108070257788328
1754	-0.1789324457526389	-0.17474938736228296	-0.0041830583903559315	0.0041830583903559315	0.023377864046740332
1755	0.9102787326567906	0.9104666827894903	-0.00018795013269967686	0.00018795013269967686	0.00020647536403615082
1756	0.26552039433219543	0.26734554590035486	-0.0018251515681594332	0.0018251515681594332	0.006873865839005822
1757	0.17616087566727132	0.1782176775364519	-0.0020568018691805856	0.0020568018691805856	0.011675701891181708
1758	0.5070796511967965	0.5071752411822672	-9.558998547065656e-05	9.558998547065656e-05	0.00018851078966597751
1759	0.06399393829045932	0.059314018734824	0.00467991955563532	0.00467991955563532	0.07313066957051206
1760	1.3146930852540841	1.3157679503805753	-0.0010748651264911313	0.0010748651264911313	0.00081757874788198
1761	2.3204036916401094	2.3244238731336964	-0.004020181493586961	0.004020181493586961	0.0017325353808351396
1762	-0.2189870582164917	-0.21639624894476128	-0.0025908092717304154	0.0025908092717304154	0.011830878467571944
1763	-0.7042638727762063	-0.7038816309545837	-0.00038224182162260867	0.00038224182162260867	0.0005427536984338163
1764	0.01988334749820666	0.022744377005778915	-0.002861029507572256	0.002861029507572256	0.1438907360961378
1765	0.3129367106764818	0.3183845374650218	-0.00544782678854	0.00544782678854	0.017408717490393886
1766	-0.5766301703048634	-0.5798743145675189	0.003244144262655513	0.003244144262655513	0.005626039756019598
1767	-2.1128834940163714	-2.1144988563222	0.0016153623058285937	0.0016153623058285937	0.0007645297577472946
1768	1.8672553817702433	1.8672527727261468	2.609044096546498e-06	2.609044096546498e-06	1.3972615219204805e-06
1769	1.3956876870662442	1.3971541160486822	-0.001466428982437984	0.001466428982437984	0.0010506856197323334
1770	-1.7829649995745183	-1.7820172713669535	-0.0009477282075647242	0.0009477282075647242	0.000531546164838282
1771	-1.5608328427438936	-1.5605759869217195	-0.00025685582217405134	0.00025685582217405134	0.00016456331206005835
1772	-0.13970350040935844	-0.1405887535170791	0.0008852531077206682	0.0008852531077206682	0.006336656598629986
1773	1.3913943139610188	1.3914557638585734	-6.144989755463293e-05	6.144989755463293e-05	4.416425806692962e-05
1774	-0.39435298438249355	-0.3959480920556757	0.0015951076731821612	0.0015951076731821612	0.004044872833103815
1775	-1.1463787267741532	-1.146992299595695	0.0006135728215417302	0.0006135728215417302	0.0005352269779711374
1776	0.5931098016981534	0.5929460913094431	0.00016371038871032528	0.00016371038871032528	0.00027602037302637783
1777	0.9325953520372557	0.9306793120273937	0.0019160400098620078	0.0019160400098620078	0.002054524511275352
1778	-0.3373363540201215	-0.3335404047604129	-0.0037959492597086086	0.0037959492597086086	0.011252713247390429
1779	-0.7916630098693528	-0.7946411229227124	0.002978113053359599	0.002978113053359599	0.0037618443911520806
1780	-0.6644972300743893	-0.6642124633344793	-0.0002847667399100695	0.0002847667399100695	0.0004285446605671936
1781	0.4154722787007222	0.4147515104904187	0.0007207682103034796	0.0007207682103034796	0.0017348166105269126
1782	-0.037860432303949976	-0.03697945233227529	-0.0008809799716746891	0.0008809799716746891	0.0232691471825264
1783	-0.41900691262782463	-0.41845911405857805	-0.0005477985692465825	0.0005477985692465825	0.0013073735843903722
1784	-0.10866175719769955	-0.110228494385467	0.001566737187767453	0.001566737187767453	0.014418478296066264
1785	0.7416268970808705	0.7437135687524687	-0.0020866716715982614	0.0020866716715982614	0.002813640767091435
1786	1.9672510309917297	1.9621994360150552	0.005051594976674512	0.005051594976674512	0.002567844620281075
1787	-0.36418612765902847	-0.3689647722353584	0.004778644576329927	0.004778644576329927	0.013121434929569758
1788	-0.8190267715422194	-0.8194476203158274	0.0004208487736080402	0.0004208487736080402	0.0005138400699840203
1789	-2.05359240488154	-2.0532226718614766	-0.0003697330200633786	0.0003697330200633786	0.00018004206637329593
1790	0.45179039921727615	0.45152245053969864	0.00026794867757751195	0.00026794867757751195	0.0005930818318444377
1791	1.3918941557348188	1.3920551983588325	-0.0001610426240137297	0.0001610426240137297	0.00011570033780960229
1792	0.47246045249053137	0.47346132696901577	-0.0010008744784844037	0.0010008744784844037	0.002118430173802668
1793	0.054743592616750505	0.05545043910615277	-0.0007068464894022658	0.0007068464894022658	0.012911949245837112
1794	-0.3410645315166997	-0.3411000594795155	3.5527962815806724e-05	3.5527962815806724e-05	0.00010416786130711207
1795	0.7032295759540935	0.7090273913377132	-0.0057978153836196755	0.0057978153836196755	0.008244555664135142
1796	-1.9721905123426322	-1.9733820414131742	0.0011915290705419856	0.0011915290705419856	0.0006041652989835391
1797	-0.6560343474255594	-0.6572902612234088	0.001255913797849395	0.001255913797849395	0.0019144025046522496
1798	-0.15686738200628808	-0.1578397271941867	0.0009723451878986267	0.0009723451878986267	0.006198517342882983
1799	0.2894110702921005	0.290158460408918	-0.0007473901168175145	0.0007473901168175145	0.0025824517219164393
1800	0.14990641668288798	0.15091508647913088	-0.0010086697962428948	0.0010086697962428948	0.00672866324579444
1801	-0.8626806168301276	-0.865974255987112	0.0032936391569843293	0.0032936391569843293	0.003817912553879586
1802	1.8313907296443914	1.829632586058949	0.001758143585442351	0.001758143585442351	0.0009600046330821697
1803	0.40744341704450576	0.4048828795006898	0.002560537543815966	0.002560537543815966	0.006284400328245515
1804	0.20652422772371468	0.20655511940503857	-3.089168132389131e-05	3.089168132389131e-05	0.0001495789702950386
1805	0.8466232938988177	0.8424412292811212	0.004182064617696546	0.004182064617696546	0.0049396994481897116
1806	0.9550728886153886	0.9569809385396866	-0.0019080499242979387	0.0019080499242979387	0.001997805557085934
1807	0.07808331612731648	0.07796530906034604	0.0001180070669704325	0.0001180070669704325	0.0015112968150330541
1808	-0.23655023828969132	-0.23568629661951945	-0.0008639416701718694	0.0008639416701718694	0.0036522544911319977
1809	-0.5058545813482875	-0.5049937937542381	-0.0008607875940493948	0.0008607875940493948	0.001701650288023647
1810	-0.2318982716335595	-0.23180329419147938	-9.49774420801186e-05	9.49774420801186e-05	0.00040956511409537304
1811	-0.08829498000476467	-0.08663899298966271	-0.001655987015101959	0.001655987015101959	0.018755166092257983
1812	-0.11355583802553461	-0.113080359788853	-0.00047547823668160627	0.00047547823668160627	0.004187175621694486
1813	2.013526850045611	2.0249782228063395	-0.011451372760728606	0.011451372760728606	0.00568722128561097
1814	-0.9037990344580159	-0.9203326038473847	0.016533569389368785	0.016533569389368785	0.01829341342379672
1815	-0.3700994225085287	-0.3643387882803495	-0.0057606342281791845	0.0057606342281791845	0.015565099208028175
1816	-1.406990217222962	-1.410371157824386	0.0033809406014240206	0.0033809406014240206	0.002402959565772341
1817	-0.55856009610382	-0.5521145871298927	-0.006445508973927261	0.006445508973927261	0.011539508494944884
1818	0.021303141390846315	0.018590100765436546	0.002713040625409769	0.002713040625409769	0.12735401674494484
1819	-0.6226909879445396	-0.6331394288565662	0.010448440912026569	0.010448440912026569	0.016779495952745613
1820	1.297481853829525	1.327022985819326	-0.029541131989801128	0.029541131989801128	0.02276805020633646
1821	0.3941865699934259	0.3842106537987888	0.009975916194637058	0.009975916194637058	0.02530760039542553
1822	0.5481371232256762	0.5480312751444671	0.00010584808120905898	0.00010584808120905898	0.00019310511316249557
1823	-0.11457259915636028	-0.11421168457559361	-0.0003609145807666747	0.0003609145807666747	0.0031500950787903916
1824	-0.6033741581532436	-0.6001696025137448	-0.0032045556394987296	0.0032045556394987296	0.005311058811843983
1825	-0.2489132397527268	-0.2487851328112356	-0.00012810694149120727	0.00012810694149120727	0.0005146650359718517
1826	0.20854981040686657	0.21003431012189822	-0.0014844997150316452	0.0014844997150316452	0.007118202179783749
1827	-0.2059531802441113	-0.20619393968246413	0.0002407594383528333	0.0002407594383528333	0.0011690008285740816
1828	-0.07008259808594826	-0.06980644019449755	-0.000276157891450704	0.000276157891450704	0.003940463096302852
1829	-0.28983574401175294	-0.2871232896310971	-0.0027124543806558155	0.0027124543806558155	0.009358591673723392
1830	0.9006465961623878	0.899967549031544	0.0006790471308438795	0.0006790471308438795	0.0007539551403816623
1831	-1.1582820946498278	-1.1518318806835737	-0.006450213966254115	0.006450213966254115	0.005568776376711707
1832	-0.6160690935719088	-0.5989213574295604	-0.017147736142348324	0.017147736142348324	0.02783411198722438
1833	-0.768738341328913	-0.7266192351877976	-0.04211910614111547	0.04211910614111547	0.05478991208933906
1834	0.8007690060043696	0.8061053215726588	-0.005336315568289174	0.005336315568289174	0.006663988651254136
1835	-0.057747921805730705	-0.05397018645680873	-0.003777735348921972	0.003777735348921972	0.06541768484120726
1836	0.21173475271978268	0.2111842836853839	0.0005504690343987872	0.0005504690343987872	0.0025998048375520935
1837	0.34075363956519605	0.3441384788303026	-0.0033848392651065207	0.0033848392651065207	0.009933391377493718
1838	0.5576601968861705	0.551558264398011	0.006101932488159489	0.006101932488159489	0.010942026205619647
1839	0.35454786945024325	0.3537869815843919	0.000760887865851323	0.000760887865851323	0.0021460793630804905
1840	-2.6760710038181363	-2.684790371667134	0.008719367848997628	0.008719367848997628	0.0032582722343903058
1841	1.737899901451593	1.7364648174122976	0.0014350840392953756	0.0014350840392953756	0.000825757592883636
1842	-1.0541617724201247	-1.057253473561559	0.003091701141434422	0.003091701141434422	0.0029328526439889326
1843	0.5779568974655621	0.5811434877642796	-0.0031865902987174843	0.0031865902987174843	0.005513543159864027
1844	-0.7363768612373035	-0.7368098104834075	0.00043294924610404184	0.00043294924610404184	0.0005879452069916689
1845	0.12544293565672027	0.1253960456821801	4.688997454016519e-05	4.688997454016519e-05	0.00037379525833548355
1846	1.9476658059214673	1.946456402954766	0.0012094029667013562	0.0012094029667013562	0.0006209499407056495
1847	-1.0901014004777976	-1.0913387971172028	0.0012373966394052527	0.0012373966394052527	0.0011351206767213535
1848	0.9472625491931475	0.9473032168045847	-4.0667611437283924e-05	4.0667611437283924e-05	4.2931720959435685e-05
1849	0.505822162727483	0.5062779264832784	-0.00045576375579536865	0.00045576375579536865	0.0009010355602803354
1850	0.7561350163290343	0.7537156820518476	0.0024193342771867687	0.0024193342771867687	0.0031996061879694623
1851	-0.16541508124185234	-0.1616209787016487	-0.0037941025402036255	0.0037941025402036255	0.02293685987830996
1852	-0.10133007828762902	-0.1014942733377211	0.00016419505009207525	0.00016419505009207525	0.0016203979397509372
1853	-0.2907998390384671	-0.2897126047969323	-0.0010872342415348402	0.0010872342415348402	0.0037387718133881785
1854	0.4296877270909837	0.42681271306577173	0.0028750140252119527	0.0028750140252119527	0.006690938195223776
1855	-0.1279557870251916	-0.1282371471589272	0.0002813601337356142	0.0002813601337356142	0.0021988855703745603
1856	-0.43623607181713053	-0.43579254523962163	-0.00044352657750890145	0.00044352657750890145	0.0010167122944725834
1857	-0.07158483444746658	-0.07516101239701811	0.0035761779495515345	0.0035761779495515345	0.04995720081152045
1858	1.2118181118924425	1.2120184250363764	-0.00020031314393387234	0.00020031314393387234	0.00016529967820092423
1859	1.1084833611911007	1.0733475256827774	0.03513583550832333	0.03513583550832333	0.031697215076434485
1860	-0.256735471410312	-0.2554066945705813	-0.0013287768397307054	0.0013287768397307054	0.005175665179538311
1861	-0.5491893341457662	-0.5489573138177661	-0.000232020328000071	0.000232020328000071	0.00042247784793738913
1862	-0.866332474674102	-0.8667314576484841	0.0003989829743821227	0.0003989829743821227	0.0004605425584816183
1863	0.19091836094166637	0.19054440844001874	0.00037395250164762306	0.00037395250164762306	0.0019587037087641945
1864	-0.551863228984838	-0.5520913979353281	0.00022816895049015962	0.00022816895049015962	0.0004134519904685086
1865	-0.11348183944864691	-0.11320517604929137	-0.00027666339935554507	0.00027666339935554507	0.0024379530742515104
1866	0.11259663398337137	0.11425859208458178	-0.0016619581012104062	0.0016619581012104062	0.01476028227856127
1867	-0.6242654385595214	-0.6246315416476023	0.0003661030880808269	0.0003661030880808269	0.0005864541995558838
1868	0.40081198174983435	0.3997201760057578	0.0010918057440765239	0.0010918057440765239	0.0027239847953397043
1869	-0.022786498698747205	-0.022550504226614976	-0.00023599447213222893	0.00023599447213222893	0.010356767630351382
1870	0.48621092725927256	0.486038286211965	0.00017264104730757568	0.00017264104730757568	0.00035507438773689807
1871	0.14428340750092863	0.14496809397002153	-0.0006846864690928933	0.0006846864690928933	0.0047454276340714125
1872	-0.36128794611668663	-0.36282232211704013	0.001534376000353499	0.001534376000353499	0.0042469615076998314
1873	0.5811911015045128	0.5773256154810724	0.00386548602344039	0.00386548602344039	0.0066509724829473755
1874	-0.6274005815797697	-0.6306857987681269	0.00328521718835717	0.00328521718835717	0.005236235484648618
1875	0.5001880547599812	0.49616023334664305	0.0040278214133381285	0.0040278214133381285	0.008052614161829409
1876	2.039998806640451	2.0287872267701346	0.011211579870316513	0.011211579870316513	0.005495875700427578
1877	0.7386000557846707	0.7586237110643879	-0.020023655279717167	0.020023655279717167	0.027110281298915587
1878	-1.428444061397621	-1.4283905814451714	-5.34799524496421e-05	5.34799524496421e-05	3.7439304691649e-05
1879	-0.8013977769738058	-0.7967110398894306	-0.00468673708437517	0.00468673708437517	0.005848203250666565
1880	-0.753911405363102	-0.7655749421076052	0.011663536744503267	0.011663536744503267	0.015470699423741739
1881	1.421851115191387	1.4235995043989647	-0.001748389207577583	0.001748389207577583	0.0012296570216792655
1882	-1.2562498567205986	-1.2504294514954495	-0.00582040522514915	0.00582040522514915	0.004633158916605282
1883	0.007139357164455744	0.001799455922935067	0.005339901241520677	0.005339901241520677	0.7479526683587282
1884	0.3408802761896716	0.34208693946879976	-0.0012066632791281617	0.0012066632791281617	0.0035398448177058907
1885	0.037473419696979135	0.03839065219324311	-0.0009172324962639783	0.0009172324962639783	0.024476882645912343
1886	0.49124159886291735	0.4876015130008682	0.0036400858620491694	0.0036400858620491694	0.0074099707159876495
1887	1.7727896606971711	1.7736753941406391	-0.0008857334434679842	0.0008857334434679842	0.0004996269230945643
1888	0.0698737191736586	0.06402809646033347	0.00584562271332513	0.00584562271332513	0.08365981920608638
1889	-0.08866350879713428	-0.08710870466899223	-0.0015548041281420455	0.0015548041281420455	0.017536009450060234
1890	0.003513505093669258	0.00360592134285298	-9.241624918372195e-05	9.241624918372195e-05	0.02630314933945603
1891	-0.2798342165226986	-0.2797235704079526	-0.00011064611474598252	0.00011064611474598252	0.0003953988047669915
1892	-0.252608395780908	-0.2516564374417385	-0.0009519583391695008	0.0009519583391695008	0.0037685142499980567
1893	-1.86404002880053	-1.8644344529121781	0.0003944241116480285	0.0003944241116480285	0.00021159637430202182
1894	-0.8739884730760135	-0.8740492677148382	6.0794638824690495e-05	6.0794638824690495e-05	6.956000072944097e-05
1895	-0.5015595367801634	-0.5047161911946318	0.0031566544144684405	0.0031566544144684405	0.006293678383094969
1896	-0.17328932378761025	-0.17371835971857763	0.0004290359309673808	0.0004290359309673808	0.002475835911814296
1897	0.34959231322622164	0.35080416803623393	-0.0012118548100122917	0.0012118548100122917	0.003466480137474015
1898	-0.32630323896640995	-0.3255087789213462	-0.0007944600450637274	0.0007944600450637274	0.002434729264656518
1899	-0.4112267618657835	-0.4113695886545088	0.0001428267887252921	0.0001428267887252921	0.0003473188079425337
1900	0.47988843030763095	0.4802976972442252	-0.00040926693659426583	0.00040926693659426583	0.0008528376821502168
1901	0.8422341396896584	0.8434151635086096	-0.0011810238189511324	0.0011810238189511324	0.0014022511832473441
1902	0.6695152685693129	0.6700060827995458	-0.0004908142302328944	0.0004908142302328944	0.0007330889275784782
1903	-0.570919725052851	-0.5811297596665099	0.01021003461365888	0.01021003461365888	0.017883485480754267
1904	0.41131682067865344	0.4121771300944488	-0.0008603094157953461	0.0008603094157953461	0.0020915979423741437
1905	0.24087272950695432	0.24456473251888156	-0.0036920030119272362	0.0036920030119272362	0.015327608980412384
1906	1.2563188242189967	1.2566245629699324	-0.00030573875093575786	0.00030573875093575786	0.00024336079746781113
1907	-0.7202435631375984	-0.7211087252727566	0.0008651621351581928	0.0008651621351581928	0.0012012077294926253
1908	-0.2493619013644138	-0.2513118398113079	0.0019499384468940895	0.0019499384468940895	0.007819712779798219
1909	-0.7727184490969591	-0.7678878792489741	-0.004830569847985022	0.004830569847985022	0.006251397069178676
1910	0.004123128867333208	0.004949717926194808	-0.0008265890588615996	0.0008265890588615996	0.20047616396628123
1911	-0.3546054831569837	-0.3561574348722729	0.0015519517152892126	0.0015519517152892126	0.004376558708208593
1912	-0.3174861864490095	-0.32129102232403284	0.003804835875023338	0.003804835875023338	0.01198425644145126
1913	-0.4864435839169603	-0.4864426285919876	-9.553249726845792e-07	9.553249726845792e-07	1.963896748297251e-06
1914	-0.243226346326715	-0.24842596987184606	0.005199623545131066	0.005199623545131066	0.021377715135130326
1915	-0.10240650787643578	-0.10020593210668949	-0.0022005757697462908	0.0022005757697462908	0.021488632074062295
1916	-0.062383322534390336	-0.06217729260526994	-0.00020602992912039514	0.00020602992912039514	0.0033026443727298444
1917	0.31300467325029746	0.3137879551857736	-0.0007832819354761655	0.0007832819354761655	0.0025024608333876408
1918	0.006684653968893617	0.0070146576973684205	-0.00033000372847480364	0.00033000372847480364	0.04936736142370925
1919	0.04843932094181458	0.04800943498395327	0.000429885957861309	0.000429885957861309	0.008874731303060358
1920	0.01377136361913194	0.01634072792455754	-0.002569364305425601	0.002569364305425601	0.18657297682969445
1921	-1.5038658807428242	-1.5042009075827423	0.00033502683991804005	0.00033502683991804005	0.0002227770735463164
1922	0.3610100455545559	0.3573579501932045	0.003652095361351415	0.003652095361351415	0.010116326141953604
1923	-0.0765402903748651	-0.07636543025313358	-0.00017486012173151266	0.00017486012173151266	0.0022845500177111244
1924	1.3681992133056782	1.3680412441914314	0.00015796911424681426	0.00015796911424681426	0.00011545768533600331
1925	0.3251026918740591	0.326460009212326	-0.0013573173382668835	0.0013573173382668835	0.004175041831990404
1926	0.5747111667606477	0.5748759663717351	-0.00016479961108739616	0.00016479961108739616	0.0002867520601979723
1927	0.27272532935604904	0.2726980871088358	2.7242247213232762e-05	2.7242247213232762e-05	9.98889515600049e-05
1928	-0.6511187329005914	-0.6507590821698273	-0.00035965073076416054	0.00035965073076416054	0.0005523581377577562
1929	-0.15898588671149538	-0.15919639641026606	0.00021050969877067782	0.00021050969877067782	0.0013240778985161143
1930	0.9594132057588219	0.9594759643078987	-6.275854907678013e-05	6.275854907678013e-05	6.54134722141363e-05
1931	-0.3918653662069507	-0.3908669371242013	-0.0009984290827494413	0.0009984290827494413	0.002547888047401857
1932	0.6437289687881345	0.649459473002878	-0.005730504214743526	0.005730504214743526	0.008902044948406792
1933	0.5178358168763081	0.5180511943407851	-0.00021537746447697348	0.00021537746447697348	0.00041591843873638277
1934	0.43265016604705897	0.43269182511807003	-4.165907101105759e-05	4.165907101105759e-05	9.628811977972608e-05
1935	0.06316223064230134	0.06132321149010522	0.0018390191521961141	0.0018390191521961141	0.029115804389664424
1936	-1.2015127641431678	-1.2014647515243837	-4.801261878406571e-05	4.801261878406571e-05	3.996014043038889e-05
1937	0.05717733234350251	0.05692783715005589	0.00024949519344661525	0.00024949519344661525	0.004363533295812589
1938	-0.7111460873516497	-0.7150559170412407	0.003909829689590971	0.003909829689590971	0.005497927583559391
1939	-0.005116959363576358	-0.009600359938133352	0.004483400574556993	0.004483400574556993	0.8761845181868796
1940	-0.006073440629681089	0.00031261385657899154	-0.00638605448626008	0.00638605448626008	1.0514722832806231
1941	0.6149858132640296	0.6222105619073659	-0.007224748643336332	0.007224748643336332	0.011747829766984491
1942	0.06136953011786103	0.06719243865660474	-0.005822908538743704	0.005822908538743704	0.09488272971229741
1943	-0.16535853212098978	-0.17029622944164657	0.0049376973206567976	0.0049376973206567976	0.02986055365467308
1944	-0.4977554060903738	-0.4980112174735041	0.00025581138313029994	0.00025581138313029994	0.0005139298940810583
1945	-0.0015800378508449427	0.00344816140795956	-0.005028199258804503	0.005028199258804503	3.1823283575868877
1946	0.15761766591226162	0.15571095161703852	0.0019067142952230998	0.0019067142952230998	0.012097084956736249
1947	-0.07883520699662877	-0.08542299612201987	0.006587789125391097	0.006587789125391097	0.08356404931711298
1948	-0.18625261013219505	-0.18840070600134595	0.0021480958691509067	0.0021480958691509067	0.011533239011395705
1949	0.0869218330452642	0.08861931561909842	-0.0016974825738342164	0.0016974825738342164	0.01952884004356258
1950	-0.7500559802169284	-0.7413720771225485	-0.008683903094379941	0.008683903094379941	0.011577673298289569
1951	0.38345716059273494	0.38453696151208305	-0.0010798009193481173	0.0010798009193481173	0.0028159623298701685
1952	0.3501301675540928	0.349336192719818	0.0007939748342748465	0.0007939748342748465	0.0022676561686224383
1953	0.6794914452806455	0.6774042881119158	0.0020871571687297585	0.0020871571687297585	0.003071645983515973
1954	-0.3572098052639049	-0.35481560769312637	-0.0023941975707785224	0.0023941975707785224	0.006702496783395127
1955	-0.19201057328976118	-0.19213982276511388	0.0001292494753526996	0.0001292494753526996	0.0006731372816519356
1956	0.12520788385169282	0.12663475975216443	-0.001426875900471608	0.001426875900471608	0.011396054757715775
1957	-3.0790326949539017	-2.776606010577609	-0.3024266843762926	0.3024266843762926	0.098221329338895
1958	-0.6252182899214165	-0.6021761926930935	-0.023042097228322955	0.023042097228322955	0.03685448362558157
1959	-0.1659141745018424	-0.13898749048735226	-0.026926684014490138	0.026926684014490138	0.162292848669124
1960	0.9748680864009152	0.9554792092600906	0.0193888771408246	0.0193888771408246	0.019888718700809858
1961	-0.34874276306728635	-0.3561016169513209	0.007358853884034566	0.007358853884034566	0.021101094168410744
1962	-1.2221238034191366	-1.260860923089524	0.0387371196703874	0.0387371196703874	0.03169655935185333
1963	1.047832645341116	0.7750233971535181	0.2728092481875979	0.2728092481875979	0.2603557442121746
1964	-0.043638490758145694	0.011240271305723581	-0.054878762063869276	0.054878762063869276	1.2575769947686708
1965	-0.18705891291561755	-0.14429562678230923	-0.04276328613330832	0.04276328613330832	0.22860865310705017
1966	0.025831603733293823	0.027531493081767167	-0.0016998893484733435	0.0016998893484733435	0.06580657422684101
1967	0.1854986921296714	0.18487559228930195	0.0006230998403694565	0.0006230998403694565	0.003359052472099822
1968	0.8482615059127174	0.8544918772486199	-0.006230371335902429	0.006230371335902429	0.007344871000834392
1969	-0.4035711476624088	-0.4039000351951927	0.0003288875327838725	0.0003288875327838725	0.0008149431263579579
1970	0.05553645899146952	0.05523455242695263	0.0003019065645168892	0.0003019065645168892	0.005436186786112209
1971	-0.4140139571928333	-0.4122210824490935	-0.0017928747437397918	0.0017928747437397918	0.004330469329817142
1972	-0.04483447717519338	-0.045599492032977196	0.0007650148577838176	0.0007650148577838176	0.017063093092275317
1973	-0.6012917738790627	-0.6014490080445967	0.000157234165533926	0.000157234165533926	0.000261493957450265
1974	-0.45439378081778836	-0.45343415263943143	-0.0009596281783569305	0.0009596281783569305	0.002111886691384407
1975	0.21198696918346885	0.21587321233340617	-0.003886243149937324	0.003886243149937324	0.018332462438169436
1976	-1.7955771957663547	-1.793491338894171	-0.0020858568721837667	0.0020858568721837667	0.0011616637129842364
1977	-0.5425621280234869	-0.5430926343734654	0.0005305063499785323	0.0005305063499785323	0.0009777799123413334
1978	-0.47310367756629074	-0.46981939905066383	-0.003284278515626904	0.003284278515626904	0.0069419847516757355
1979	1.0569819873312152	1.0524776713296546	0.004504316001560538	0.004504316001560538	0.004261487949225636
1980	-0.29942958637645634	-0.29964350298428144	0.00021391660782510424	0.00021391660782510424	0.0007144137304994259
1981	0.5056274264008194	0.506656335005573	-0.0010289086047536866	0.0010289086047536866	0.0020349145458301416
1982	0.581398020573943	0.5807181413217677	0.000679879252175275	0.000679879252175275	0.0011693869399557184
1983	0.9662503633109963	0.9659630605156622	0.0002873027953341767	0.0002873027953341767	0.00029733783938739455
1984	-0.967895927335585	-0.9742111711048551	0.0063152437692700625	0.0063152437692700625	0.0065247136504175685
1985	-1.4317719007010463	-1.4442984250706559	0.012526524369609549	0.012526524369609549	0.00874896648235387
1986	2.3208888372038885	2.3298157880233816	-0.008926950819493129	0.008926950819493129	0.0038463500174562228
1987	-0.5851637893039856	-0.5838540514204738	-0.0013097378835118523	0.0013097378835118523	0.002238241510243996
1988	0.9883316844955398	0.9908029350000902	-0.0024712505045504374	0.0024712505045504374	0.002500426267130961
1989	-1.7835728976867893	-1.7836908240624894	0.00011792637570007258	0.00011792637570007258	6.611805766560906e-05
1990	1.34370730399848	1.3467303029628397	-0.0030229989643597577	0.0030229989643597577	0.0022497451307767675
1991	0.41677575624801133	0.42029069520310713	-0.0035149389550958032	0.0035149389550958032	0.008433645437389989
1992	-0.22244966429280838	-0.22176780154126163	-0.0006818627515467468	0.0006818627515467468	0.0030652451363074092
1993	0.40454364401812276	0.4060805653693933	-0.001536921351270537	0.001536921351270537	0.003799148433046908
1994	2.752257055069067	2.7518478941814806	0.00040916088758624625	0.00040916088758624625	0.00014866376192320397
1995	0.2379234412207987	0.2390576413588974	-0.001134200138098701	0.001134200138098701	0.004767080251861925
1996	-0.33219715975234887	-0.3317021208317783	-0.0004950389205705674	0.0004950389205705674	0.0014901961261186464
1997	-3.268914544486462	-3.268126059069232	-0.0007884854172299782	0.0007884854172299782	0.00024120710605906868
1998	-0.08558022253280217	-0.08565491469170183	7.469215889965852e-05	7.469215889965852e-05	0.0008727735998937097
1999	-0.26723206996723203	-0.2681657196035303	0.0009336496362982727	0.0009336496362982727	0.003493778409203494
2000	0.28732926946025905	0.2877116648889455	-0.00038239542868645504	0.00038239542868645504	0.0013308613821514787
2001	-0.3060950444912747	-0.30592662862716224	-0.0001684158641124811	0.0001684158641124811	0.0005502077447623685
2002	0.7041595120145561	0.7060443539756989	-0.0018848419611428024	0.0018848419611428024	0.002676725839789323
2003	0.5966287448831137	0.5957423345179791	0.0008864103651345934	0.0008864103651345934	0.0014856983890513876
2004	-0.12385014117560182	-0.11733993599705173	-0.006510205178550096	0.006510205178550096	0.05256518173297481
2005	0.01325722813375032	0.017165457059320488	-0.003908228925570169	0.003908228925570169	0.2947998545503324
2006	0.16565355560660094	0.16710243751560938	-0.001448881909008437	0.001448881909008437	0.008746458255621663
2007	0.7859835476152632	0.7802732852866257	0.005710262328637583	0.005710262328637583	0.007265116866584516
2008	-0.401441965095605	-0.40274569840192953	0.0013037333063245504	0.0013037333063245504	0.003247625857984382
2009	-0.1958076790869929	-0.1958234243701895	1.57452831966165e-05	1.57452831966165e-05	8.041198011249206e-05
2010	-0.5285091972686893	-0.5315298902743848	0.0030206930056955184	0.0030206930056955184	0.005715497518882014
2011	-0.42968857367737656	-0.425441936208415	-0.004246637468961589	0.004246637468961589	0.009883058868933517
2012	0.32683050482543324	0.32057577053734576	0.006254734288087482	0.006254734288087482	0.019137547431284794
2013	-1.030317682664796	-1.026064194896037	-0.004253487768759001	0.004253487768759001	0.004128326476701684
2014	0.06114992967770258	0.06992606119382572	-0.008776131516123137	0.008776131516123137	0.1435182601579217
2015	0.027731350061708664	0.026169918406537818	0.0015614316551708467	0.0015614316551708467	0.05630564872234133
2016	-0.33388076694924634	-0.33567464284089965	0.001793875891653307	0.001793875891653307	0.005372803914536342
2017	0.34331006384820195	0.3425192269119748	0.0007908369362271683	0.0007908369362271683	0.0023035646766732857
2018	-0.35284651659604843	-0.3485633589619397	-0.004283157634108747	0.004283157634108747	0.01213886897744909
2019	1.0329541226827832	1.0361123178199705	-0.003158195137187292	0.003158195137187292	0.0030574398880221744
2020	-1.0627228648554112	-1.0792392760876623	0.016516411232251116	0.016516411232251116	0.01554159770007231
2021	-0.13519898849545475	-0.1263181725263962	-0.008880815969058542	0.008880815969058542	0.0656870000869652
2022	-0.8756360626854649	-0.8974368450509473	0.02180078236548244	0.02180078236548244	0.024897081441143713
2023	0.4644434792248062	0.48917721689889504	-0.024733737674088818	0.024733737674088818	0.053254569781820235
2024	0.11192608301475364	0.11096922443698531	0.0009568585777683242	0.0009568585777683242	0.008549022283234864
2025	0.9962776257231738	1.0474057703149242	-0.05112814459175041	0.05112814459175041	0.05131917376407779
2026	0.264308554199493	0.26693602132610295	-0.002627467126609939	0.002627467126609939	0.009940908399910499
2027	-0.1924076702574088	-0.19312529936144074	0.0007176291040319471	0.0007176291040319471	0.0037297323078226623
2028	-0.16180474155607028	-0.15196703142805745	-0.009837710128012822	0.009837710128012822	0.06079988777463456
2029	-2.828911296852266	-2.8228619310155523	-0.006049365836713783	0.006049365836713783	0.0021384077483959717
2030	-0.7309691858445805	-0.7297605547265107	-0.0012086311180697917	0.0012086311180697917	0.0016534638415343164
2031	-0.5241096230621026	-0.5234264951639034	-0.0006831278981992428	0.0006831278981992428	0.0013034065167666228
2032	2.032074034979766	2.033109988907711	-0.001035953927944977	0.001035953927944977	0.0005098012720561593
2033	0.9910406819548968	0.9901860589494049	0.0008546230054918835	0.0008546230054918835	0.0008623490650313971
2034	1.0246512623791622	1.025523299730935	-0.0008720373517727698	0.0008720373517727698	0.0008510577049873197
2035	0.7893263657874097	0.7881385571693045	0.0011878086181051906	0.0011878086181051906	0.0015048383907970263
2036	-0.537039711989761	-0.5372586242913258	0.0002189123015647887	0.0002189123015647887	0.0004076277725416373
2037	-0.07223158932550648	-0.06969280983071258	-0.002538779494793905	0.002538779494793905	0.03514777285811997
2038	0.571912171036045	0.5771345288962948	-0.005222357860249827	0.005222357860249827	0.009131398359278292
2039	-0.27467262258009495	-0.27332556960146803	-0.001347052978626917	0.001347052978626917	0.0049042127532536095
2040	-1.688040138837633	-1.689484342598746	0.0014442037611130942	0.0014442037611130942	0.0008555506044468575
2041	-0.9684835953073819	-0.967576269196968	-0.0009073261104138863	0.0009073261104138863	0.0009368523275047471
2042	0.09199459689327347	0.09158910975770596	0.0004054871355675116	0.0004054871355675116	0.004407727728161395
2043	1.0201748520491738	1.0198494631836752	0.00032538886549859924	0.00032538886549859924	0.0003189540154268722
2044	0.29091505062734274	0.2896756543719903	0.0012393962553524651	0.0012393962553524651	0.004260337348238853
2045	0.4549585457309433	0.453700808051849	0.0012577376790943173	0.0012577376790943173	0.0027645105051793606
2046	0.8917788265776	0.8923868988262029	-0.0006080722486029311	0.0006080722486029311	0.000681864415795275
2047	0.8671074941456653	0.8672945129575282	-0.00018701881186289349	0.00018701881186289349	0.0002156812311340446
2048	-0.3352692183036111	-0.3385001161433365	0.0032308978397254107	0.0032308978397254107	0.009636726735824561
2049	0.18234381278581763	0.18083330812856957	0.0015105046572480574	0.0015105046572480574	0.008283827315941381
2050	-0.6429587079213465	-0.6377496918048564	-0.005209016116490051	0.005209016116490051	0.008101633981022732
2051	0.2818982089909978	0.2855299793083077	-0.003631770317309879	0.003631770317309879	0.012883268504291407
2052	-0.3113098518697496	-0.30660584288000337	-0.004704008989746211	0.004704008989746211	0.015110376242491497
2053	-0.32176982537894255	-0.319751670964763	-0.0020181544141795738	0.0020181544141795738	0.006272043725053552
2054	-0.546712294243568	-0.5462897656443033	-0.0004225285992647265	0.0004225285992647265	0.0007728536630941101
2055	-0.04126502543737798	-0.041139986890925684	-0.00012503854645229406	0.00012503854645229406	0.003030133754359298
2056	-0.4403260050125673	-0.44847287482241427	0.008146869809846968	0.008146869809846968	0.018501904763981517
2057	0.6410656458946414	0.6416480796644919	-0.0005824337698504545	0.0005824337698504545	0.0009085399811709407
2058	-1.4688943586167087	-1.4686516781239334	-0.00024268049277531567	0.00024268049277531567	0.0001652130334300238
2059	0.9234297858841114	0.9243848338300609	-0.0009550479459494721	0.0009550479459494721	0.001034239917911126
2060	-0.9854224757179867	-0.9856570920732111	0.00023461635522437074	0.00023461635522437074	0.0002380870753464674
2061	0.3162493146482619	0.31655439966726817	-0.00030508501900627927	0.00030508501900627927	0.0009646978028888387
2062	-0.8298620722638061	-0.8267325098927358	-0.0031295623710703158	0.0031295623710703158	0.0037711837613364912
2063	0.1565693004830151	0.15552592699918932	0.0010433734838257713	0.0010433734838257713	0.0066639723151791065
2064	1.5518942268826241	1.552011160910638	-0.00011693402801382646	0.00011693402801382646	7.534922547441801e-05
2065	-0.3045250171890762	-0.30063700330629217	-0.003888013882784036	0.003888013882784036	0.012767469545433147
2066	-0.45551762428565773	-0.459895654003617	0.004378029717959253	0.004378029717959253	0.009611109394120314
2067	1.2845118224343126	1.2809114803715715	0.0036003420627410687	0.0036003420627410687	0.0028028874470909615
2068	-0.773103474946075	-0.7732690030834988	0.00016552813742376493	0.00016552813742376493	0.00021410864494602193
2069	-0.26853099796642044	-0.26710112418015797	-0.00142987378626247	0.00142987378626247	0.005324799732957736
2070	-1.3791484405608039	-1.3776727103760322	-0.0014757301847716509	0.0014757301847716509	0.0010700299847140268
2071	0.905271829115186	0.9031488521102915	0.0021229770048944996	0.0021229770048944996	0.0023451265538324555
2072	0.9304885927212572	0.9321996355211581	-0.0017110427999009747	0.0017110427999009747	0.0018388648859164953
2073	-0.003092039577629846	-0.000677627966183536	-0.00241441161144631	0.00241441161144631	0.7808475767625972
2074	0.5633703057674634	0.5536294873564884	0.00974081841097496	0.00974081841097496	0.01729025884263694
2075	1.9468513832543333	1.943715723584205	0.003135659670128188	0.003135659670128188	0.0016106312464830557
2076	0.4453562679166863	0.4299297790737455	0.015426488842940789	0.015426488842940789	0.03463853538000874
2077	-0.0020118092158525397	-3.991431185568217e-06	-0.0020078177846669714	0.0020078177846669714	0.9980159991543349
2078	-0.06313547106479746	-0.06498746317618043	0.001851992111382969	0.001851992111382969	0.029333623083008676
2079	0.3039903645836553	0.3093556446600587	-0.005365280076403411	0.005365280076403411	0.017649507028789185
2080	-0.6003480858067682	-0.5853332578169557	-0.015014827989812574	0.015014827989812574	0.02501020382139661
2081	-1.9405822521044627	-1.932874277493113	-0.007707974611349755	0.007707974611349755	0.003971990675989564
2082	-0.6675923373467096	-0.6493330410535236	-0.01825929629318601	0.01825929629318601	0.02735096745681065
2083	0.9689400125376917	0.969162145324276	-0.00022213278658433921	0.00022213278658433921	0.00022925339413176342
2084	-0.554440208044882	-0.5595489161649425	0.005108708120060479	0.005108708120060479	0.009214173225414648
2085	1.0115239210474303	1.0112504006372092	0.0002735204102211064	0.0002735204102211064	0.00027040429250341084
2086	-1.0240877391907317	-1.0243558330031988	0.0002680938124670629	0.0002680938124670629	0.0002617879330133564
2087	0.3625811455736567	0.3574907008214723	0.005090444752184453	0.005090444752184453	0.014039463481010907
2088	-0.8990209196149828	-0.8991292413398355	0.00010832172485275571	0.00010832172485275571	0.00012048854758479466
2089	0.3729711250720458	0.37272709190006026	0.00024403317198551377	0.00024403317198551377	0.0006542950796482558
2090	0.2761734386764871	0.2785951024009137	-0.0024216637244265926	0.0024216637244265926	0.008768633710873835
2091	-0.6822122364245828	-0.6812971359977382	-0.0009151004268446172	0.0009151004268446172	0.0013413720510798543
2092	-1.2994889474737625	-1.3002467089293646	0.000757761455602024	0.000757761455602024	0.0005831226630092778
2093	0.4846180478406191	0.49258962992837496	-0.007971582087755835	0.007971582087755835	0.01644920597422225
2094	1.4832424190531623	1.4857255261304658	-0.0024831070773034813	0.0024831070773034813	0.0016741073781375462
2095	1.375390872120705	1.3763077811432822	-0.0009169090225771281	0.0009169090225771281	0.0006666534155220566
2096	-0.4012913218746906	-0.40445034402125657	0.003159022146565993	0.003159022146565993	0.007872141694488091
2097	-1.069381833995755	-1.0695104978921677	0.00012866389641263964	0.00012866389641263964	0.00012031614183297449
2098	0.466837543189372	0.466800153525071	3.738966430100188e-05	3.738966430100188e-05	8.009138263722464e-05
2099	0.38928493960648247	0.38570103872359596	0.003583900882886515	0.003583900882886515	0.009206369212508921
2100	0.055491957331250084	0.05548162533841605	1.0331992834032577e-05	1.0331992834032577e-05	0.00018618901424502746
2101	0.8545770230813348	0.857819372733104	-0.003242349651769283	0.003242349651769283	0.0037940987929658983
2102	2.2179960059530885	2.2202010259775307	-0.002205020024442117	0.002205020024442117	0.0009941496822013457
2103	0.5376425457427344	0.5382253947132654	-0.0005828489705309581	0.0005828489705309581	0.0010840826775079203
2104	0.870425446482069	0.8677830262229236	0.002642420259145406	0.002642420259145406	0.0030357801116971833
2105	-1.9116417105748704	-1.9133072867418832	0.0016655761670127944	0.0016655761670127944	0.0008712805113003739
2106	-0.5262290082206356	-0.5268588531563978	0.000629844935762236	0.000629844935762236	0.001196902728513508
2107	-1.8621328216678608	-1.862859981940801	0.0007271602729401749	0.0007271602729401749	0.00039049860701605464
2108	-0.1852435325470276	-0.18715261213486656	0.0019090795878389522	0.0019090795878389522	0.0103057826720849
2109	0.31866779557465935	0.3178612430687622	0.0008065525058971734	0.0008065525058971734	0.0025310135416812445
2110	-0.888006691655035	-0.8918262929640264	0.003819601308991394	0.003819601308991394	0.004301320412206082
2111	2.069052825139126	2.0705975961092804	-0.0015447709701543744	0.0015447709701543744	0.0007466077962753328
2112	0.11206410330355081	0.1130285676680387	-0.0009644643644878964	0.0009644643644878964	0.008606363108759528
2113	0.13946756066935076	0.144867682067229	-0.005400121397878238	0.005400121397878238	0.038719551499727084
2114	-0.8839151927716928	-0.8850353022751278	0.0011201095034349962	0.0011201095034349962	0.0012672137695955523
2115	-0.7204799726801365	-0.720471465257333	-8.507422803560871e-06	8.507422803560871e-06	1.1807993457352931e-05
2116	0.7066353985211272	0.7075214613649905	-0.0008860628438632778	0.0008860628438632778	0.0012539179974816758
2117	-0.6693254453877964	-0.6695541669827776	0.00022872159498121825	0.00022872159498121825	0.00034171955743995453
2118	0.29715555772273083	0.2947530294363787	0.0024025282863521236	0.0024025282863521236	0.008085086157445753
2119	0.9771443557053351	0.9768642519034643	0.0002801038018708235	0.0002801038018708235	0.00028665549796747826
2120	1.4787970840358302	1.4825286554938089	-0.003731571457978644	0.003731571457978644	0.002523383024123025
2121	-0.5875932218442192	-0.5881605972248849	0.0005673753806656467	0.0005673753806656467	0.000965592113001037
2122	-1.313530514428337	-1.3150833584987254	0.0015528440703884705	0.0015528440703884705	0.0011821910898387356
2123	-0.5882154401153308	-0.5854544674335216	-0.002760972681809193	0.002760972681809193	0.004693811983697422
2124	0.11584996634474028	0.11576280019198748	8.716615275279616e-05	8.716615275279616e-05	0.0007524055077703836
2125	0.1976889167099663	0.19749253506518016	0.00019638164478613662	0.00019638164478613662	0.0009933872270353548
2126	-0.8419457582020046	-0.8415168819126961	-0.000428876289308433	0.000428876289308433	0.0005093870776477438
2127	0.6641165853095914	0.664592497606975	-0.0004759122973836405	0.0004759122973836405	0.0007166095651139089
2128	0.4240867933185044	0.4341289206735155	-0.010042127355011088	0.010042127355011088	0.02367941542444848
2129	1.1823738095614347	1.176906076210571	0.005467733350863702	0.005467733350863702	0.00462436947321405
2130	-1.4603578690660128	-1.4583281547473348	-0.002029714318678044	0.002029714318678044	0.0013898746065415934
2131	-0.3887941215000933	-0.3845124098376118	-0.00428171166248148	0.00428171166248148	0.011012799385858134
2132	0.09173619229460955	0.0938624317896597	-0.0021262394950501418	0.0021262394950501418	0.023177760509415436
2133	1.8171913864097546	1.815458685257454	0.0017327011523007307	0.0017327011523007307	0.000953505043694956
2134	-0.20540312611160458	-0.20105284885829633	-0.004350277253308249	0.004350277253308249	0.021179216381276258
2135	-0.34792120855793934	-0.34537065345574547	-0.0025505551021938744	0.0025505551021938744	0.007330841119934574
2136	-0.3651145717976181	-0.364911195376294	-0.00020337642132406408	0.00020337642132406408	0.0005570208286203242
2137	-1.5588601202533845	-1.5636009403365847	0.004740820083200203	0.004740820083200203	0.003041209420656427
2138	-1.046465696160644	-1.044309304752744	-0.002156391407899916	0.002156391407899916	0.002060642232049703
2139	0.22263434678681573	0.22255346692645617	8.087986035956729e-05	8.087986035956729e-05	0.0003632856364117711
2140	0.1824184658032993	0.1824110712149718	7.394588327491736e-06	7.394588327491736e-06	4.053640235887783e-05
2141	0.5780031372214615	0.5820571735100089	-0.004054036288547391	0.004054036288547391	0.007013865544113976
2142	0.08030914982852368	0.08076165637049826	-0.0004525065419745816	0.0004525065419745816	0.005634557742682806
2143	0.6462541634509634	0.6470428127656191	-0.0007886493146557205	0.0007886493146557205	0.001220339239973905
2144	-0.03105828191155943	-0.030711034902708434	-0.00034724700885099477	0.00034724700885099477	0.011180496391906167
2145	-0.05012201698665786	-0.05159540990007372	0.0014733929134158608	0.0014733929134158608	0.029396121744423572
2146	-0.48374240355247644	-0.4835579088435793	-0.0001844947088971427	0.0001844947088971427	0.00038139040022595145
2147	-0.22063347547093176	-0.22313564554821141	0.002502170077279653	0.002502170077279653	0.011340845136663369
2148	-0.3579459349828361	-0.35753100342361677	-0.00041493155921934477	0.00041493155921934477	0.0011592017639178978
2149	0.19061545837960678	0.19039406203091858	0.00022139634868820202	0.00022139634868820202	0.0011614816057955578
2150	0.22123856713575854	0.22187995951838957	-0.0006413923826310286	0.0006413923826310286	0.0028990984299652025
2151	0.022686628614641803	0.02062241438949286	0.002064214225148943	0.002064214225148943	0.09098814373047533
2152	0.4216574634335976	0.421495420006579	0.00016204342701858776	0.00016204342701858776	0.0003843010999948926
2153	0.2665779600247584	0.2676317153955665	-0.001053755370808096	0.001053755370808096	0.00395289757154053
2154	0.5875130667356387	0.5872470061873969	0.0002660605482418532	0.0002660605482418532	0.00045285894613399563
2155	-0.3787109724351481	-0.38077426900429145	0.002063296569143336	0.002063296569143336	0.0054482091075316345
2156	-0.14903056505139717	-0.14934727222737365	0.0003167071759764828	0.0003167071759764828	0.0021251155819429247
2157	-0.787634295766994	-0.7877490528187536	0.00011475705175967299	0.00011475705175967299	0.0001456983937550906
2158	0.6425456598538245	0.6435947779692697	-0.001049118115445169	0.001049118115445169	0.0016327526291031792
2159	-0.5405073004674271	-0.5412588051854073	0.0007515047179801337	0.0007515047179801337	0.001390369227816604
2160	1.4226466542897795	1.4218854531762304	0.0007612011135491592	0.0007612011135491592	0.0005350598556949263
2161	-0.3190886530945058	-0.3198049685053661	0.0007163154108603131	0.0007163154108603131	0.0022448789824192185
2162	0.5871019892930897	0.5866116124053633	0.0004903768877263515	0.0004903768877263515	0.0008352499168275656
2163	-0.4369146265446468	-0.4369102005625791	-4.425982067679524e-06	4.425982067679524e-06	1.0130084457649183e-05
2164	0.34541675371979513	0.3544005047046994	-0.008983750984904282	0.008983750984904282	0.02600844020493567
2165	0.07138854658702892	0.0787190474298427	-0.007330500842813781	0.007330500842813781	0.10268455085967124
2166	0.09237874274870739	0.09092975842861506	0.001448984320092328	0.001448984320092328	0.015685256986381783
2167	-0.10064651247486728	-0.10140034938643794	0.00075383691157066	0.00075383691157066	0.0074899456825084
2168	0.4246273429070092	0.4214238319164565	0.003203510990552716	0.003203510990552716	0.007544288054135659
2169	-0.42761510221565613	-0.4263055267585969	-0.001309575457059231	0.001309575457059231	0.0030625098371731083
2170	0.02359805976665974	0.02214331238548084	0.0014547473811789002	0.0014547473811789002	0.061646906379745
2171	-0.27342939146434303	-0.2767238100389591	0.0032944185746160426	0.0032944185746160426	0.012048516646191111
2172	0.12646841507715922	0.12707950374846178	-0.000611088671302551	0.000611088671302551	0.004831946940504645
2173	0.5456007439257172	0.5450946132867784	0.0005061306389387843	0.0005061306389387843	0.0009276575308476729
2174	-0.6401610876345308	-0.6399300867343527	-0.00023100090017813546	0.00023100090017813546	0.0003608480812723411
2175	-0.7790413090658961	-0.7800678048113241	0.0010264957454280133	0.0010264957454280133	0.0013176396854472656
2176	-0.4498226805856207	-0.44573038896089656	-0.0040922916247241314	0.0040922916247241314	0.009097566221864153
2177	0.5479070707412781	0.552762569185461	-0.004855498444182871	0.004855498444182871	0.008861901412613159
2178	0.04517529562061819	0.04535508824687895	-0.0001797926262607566	0.0001797926262607566	0.003979888206391692
2179	0.03592679298693939	0.035939242117422054	-1.244913048266405e-05	1.244913048266405e-05	0.0003465138256896387
2180	0.044596368922381245	0.0461968640337318	-0.0016004951113505542	0.0016004951113505542	0.03588846244715959
2181	0.6511420145522538	0.6517119845597108	-0.0005699700074569547	0.0005699700074569547	0.0008753390116423134
2182	0.7792569324601367	0.7802431419179356	-0.0009862094577989255	0.0009862094577989255	0.0012655767523112483
2183	-0.4747461536427573	-0.4717883217111307	-0.0029578319316265755	0.0029578319316265755	0.006230344172208545
2184	0.8331020637093232	0.837630664250355	-0.00452860054103188	0.00452860054103188	0.005435829219854087
2185	-0.0770591712789827	-0.07835787463505994	0.0012987033560772493	0.0012987033560772493	0.016853326275408063
2186	0.7050862154956878	0.7040226409102956	0.0010635745853921907	0.0010635745853921907	0.0015084319647980628
2187	0.05784106253505246	0.05619002661205741	0.0016510359229950505	0.0016510359229950505	0.028544356736090397
2188	-0.18273501238971307	-0.18452120017542484	0.001786187785711768	0.001786187785711768	0.009774743013683787
2189	-0.37437235909230343	-0.374644240913824	0.00027188182152054763	0.00027188182152054763	0.0007262336946556296
2190	-0.9940187686769082	-0.9976997959952882	0.003681027318380048	0.003681027318380048	0.003703176875905161
2191	-0.8535630557896274	-0.8589987423377465	0.005435686548119101	0.005435686548119101	0.006368230807612182
2192	0.5246357352474096	0.5242201639177324	0.0004155713296771779	0.0004155713296771779	0.0007921140360010004
2193	1.0407038753765971	1.0407420412903434	-3.8165913746279756e-05	3.8165913746279756e-05	3.667317346393924e-05
2194	0.2984172643505945	0.2989325343634164	-0.0005152700128218668	0.0005152700128218668	0.0017266762831003757
2195	-0.1707978385075735	-0.1706448142613226	-0.0001530242462508824	0.0001530242462508824	0.0008959378384879094
2196	-0.2265939701196666	-0.22787054645334592	0.0012765763336793357	0.0012765763336793357	0.005633761273546523
2197	0.5518088466980527	0.5511120076491238	0.0006968390489289211	0.0006968390489289211	0.001262826888511681
2198	-0.14118487784703218	-0.14085981346312337	-0.00032506438390880743	0.00032506438390880743	0.0023024022747039586
2199	-0.7503166852326433	-0.7507161375528426	0.00039945232019933385	0.00039945232019933385	0.0005323782984720374
2200	0.28302904032228815	0.28005478475989776	0.0029742555623903932	0.0029742555623903932	0.0105086586132772
2201	0.5886540275946556	0.585153384804471	0.0035006427901845827	0.0035006427901845827	0.005946859489756365
2202	0.30378281423048786	0.30023657203770426	0.0035462421927835996	0.0035462421927835996	0.011673610311915059
2203	-0.05910242449133707	-0.054243349204341484	-0.0048590752869955844	0.0048590752869955844	0.08221448322661963
2204	-0.19423691407941582	-0.19182604913225987	-0.0024108649471559496	0.0024108649471559496	0.012411981309434529
2205	0.3125270233347384	0.31340712011029837	-0.0008800967755599465	0.0008800967755599465	0.0028160661633963757
2206	0.4187895245473699	0.41449740858467976	0.004292115962690135	0.004292115962690135	0.01024886180553126
2207	0.024207000266200523	0.025916016561211563	-0.0017090162950110406	0.0017090162950110406	0.07060008576929239
2208	0.005266479069408105	0.006901027077788058	-0.0016345480083799525	0.0016345480083799525	0.31036827201587225
2209	3.4324292353086836	3.3532714525534857	0.07915778275519791	0.07915778275519791	0.023061737716518177
2210	2.2194337055201263	2.1285624800810865	0.0908712254390398	0.0908712254390398	0.04094342859308071
2211	-2.6412596533865647	-2.5516387579287425	-0.08962089545782215	0.08962089545782215	0.03393111894277877
2212	-0.7801709628164772	-0.7618772878288382	-0.018293674987639008	0.018293674987639008	0.023448290002485394
2213	-0.2892404769795984	-0.24352758908463557	-0.04571288789496286	0.04571288789496286	0.15804457374818678
2214	-0.8475621340678267	-0.8164163131993973	-0.03114582086842932	0.03114582086842932	0.03674753698462992
2215	-2.2562283992622523	-2.2460379779118966	-0.010190421350355638	0.010190421350355638	0.00451657347885867
2216	-1.9632253517848945	-1.94169679599554	-0.02152855578935453	0.02152855578935453	0.010965911666626317
2217	3.1535432165057085	3.1170922585772587	0.03645095792844977	0.03645095792844977	0.011558731060879306
2218	-0.579300012974952	-0.5788469382181916	-0.00045307475676048536	0.00045307475676048536	0.0007821072788066303
2219	-1.113671926026935	-1.1124167840605992	-0.0012551419663358043	0.0012551419663358043	0.001127030265379472
2220	-1.8258554860417453	-1.8246502221757055	-0.0012052638660398074	0.0012052638660398074	0.0006601091243276254
2221	0.1350216518247481	0.13464758908554586	0.00037406273920223554	0.00037406273920223554	0.0027703907791600106
2222	0.1623864904105187	0.16171376005047478	0.0006727303600439216	0.0006727303600439216	0.0041427729507746355
2223	0.03088653542137525	0.02960087390846411	0.001285661512911141	0.001285661512911141	0.04162530680023729
2224	0.5863711035544353	0.5828369303344516	0.0035341732199837272	0.0035341732199837272	0.006027195403321294
2225	0.8539679210202472	0.8537347828010411	0.00023313821920611932	0.00023313821920611932	0.0002730058278156232
2226	1.3973276466247833	1.3966214922547238	0.0007061543700594974	0.0007061543700594974	0.0005053606230186593
2227	0.34054337774908744	0.3389432418572369	0.0016001358918505404	0.0016001358918505404	0.004698772598154944
2228	1.5711384132108503	1.5681789958605918	0.0029594173502585086	0.0029594173502585086	0.0018836133884668428
2229	-0.8602860683211905	-0.862689773157399	0.0024037048362085534	0.0024037048362085534	0.00279407620874214
2230	-0.5556603600963909	-0.5514273774096523	-0.004232982686738551	0.004232982686738551	0.007617931727223176
2231	0.44182549237658103	0.4407517383597792	0.00107375401680182	0.00107375401680182	0.0024302672329432444
2232	0.5063457107170092	0.5069747207286923	-0.0006290100116831399	0.0006290100116831399	0.001242254053643374
2233	0.5208695932806698	0.5237512440601222	-0.0028816507794523494	0.0028816507794523494	0.005532384336936281
2234	-1.8507566615803033	-1.8497966818813438	-0.0009599796989594456	0.0009599796989594456	0.0005186957955562613
2235	0.8509522024650386	0.8525490912347777	-0.0015968887697391798	0.0015968887697391798	0.0018765904419934657
2236	-2.1688228579308966	-1.9830125204620686	-0.18581033746882802	0.18581033746882802	0.08567335814880477
2237	-1.8412458964409424	-1.970366337360474	0.12912044091953168	0.12912044091953168	0.07012666866990255
2238	0.7114999177398056	0.6158859187479493	0.0956139989918563	0.0956139989918563	0.13438371053589102
2239	1.6846132583013262	1.537031994146787	0.14758126415453932	0.14758126415453932	0.08760542719659725
2240	0.9569410079618347	0.9509590459941819	0.005981961967652771	0.005981961967652771	0.006251129294159529
2241	-0.4936070532314361	-0.44226232125055276	-0.05134473198088335	0.05134473198088335	0.10401944551795028
2242	0.3302215768707927	0.24419368545380848	0.08602789141698419	0.08602789141698419	0.26051565809900035
2243	0.5532431867784865	0.6983363748602756	-0.14509318808178906	0.14509318808178906	0.2622593310667973
2244	0.029740064483917625	0.03852385898284183	-0.008783794498924205	0.008783794498924205	0.29535223448066733
2245	0.3083076963336113	0.29640587526813533	0.011901821065475993	0.011901821065475993	0.03860371053662364
2246	-0.3670960942593129	-0.36864019038773677	0.0015440961284238774	0.0015440961284238774	0.00420624504747017
2247	-2.4104957201985484	-2.4093282122947812	-0.0011675079037671843	0.0011675079037671843	0.00048434348751758775
2248	0.24527488584093227	0.25495103736261626	-0.009676151521683996	0.009676151521683996	0.039450233514568854
2249	-0.36516801495359186	-0.3699257165337144	0.004757701580122564	0.004757701580122564	0.01302880149765364
2250	0.3019650172526418	0.3008917434854652	0.0010732737671765857	0.0010732737671765857	0.0035542983652262655
2251	-0.5525092822672497	-0.5450917563152302	-0.007417525952019499	0.007417525952019499	0.013425160789301688
2252	0.6588123503877454	0.6581026068772644	0.0007097435104810312	0.0007097435104810312	0.0010773075369083626
2253	2.348948902952303	2.3474200671458334	0.001528835806469786	0.001528835806469786	0.0006508595417074639
2254	0.7537279990425019	0.7542658836285909	-0.0005378845860890547	0.0005378845860890547	0.0007136322211359485
2255	0.2784610772831338	0.27630293568137176	0.0021581416017620314	0.0021581416017620314	0.007750245107209993
2256	-0.6188438485946414	-0.6158312518138587	-0.0030125967807826948	0.0030125967807826948	0.004868104914711729
2257	0.024698708728885018	0.02097077648954837	0.0037279322393366475	0.0037279322393366475	0.15093632141897562
2258	-0.135343925944185	-0.13527080825070925	-7.311769347576047e-05	7.311769347576047e-05	0.0005402362386466737
2259	1.4863830841731303	1.4861604570981513	0.00022262707497899825	0.00022262707497899825	0.00014977772375742888
2260	-0.9643499344178883	-0.9647934855436802	0.0004435511257918634	0.0004435511257918634	0.0004599483133263287
2261	-0.15554912644325403	-0.15608313540838026	0.0005340089651262314	0.0005340089651262314	0.003433056664069686
2262	-0.9149191215530592	-0.9181054105198427	0.0031862889667835237	0.0031862889667835237	0.003482590856091032
2263	-0.6178299580047485	-0.6165898074712572	-0.0012401505334912466	0.0012401505334912466	0.002007268371213743
2264	0.6115795699372909	0.6133421134890682	-0.0017625435517772958	0.0017625435517772958	0.0028819529598708153
2265	0.4362371378605406	0.4293592081694442	0.006877929691096407	0.006877929691096407	0.01576649279524476
2266	0.05252095621681564	0.051411722957084294	0.0011092332597313487	0.0011092332597313487	0.021119822250612513
2267	-0.3597058865651976	-0.36005678052930534	0.00035089396410775686	0.00035089396410775686	0.0009755024235450104
2268	0.09986588448096263	0.09966210877365711	0.00020377570730552297	0.00020377570730552297	0.0020404936917608595
2269	0.6943880833577507	0.6942334037489672	0.000154679608783459	0.000154679608783459	0.00022275671557538468
2270	-0.3234547766590261	-0.32431636787322304	0.0008615912141969329	0.0008615912141969329	0.00266371460980213
2271	-0.4262242868542073	-0.4228467234099753	-0.0033775634442320124	0.0033775634442320124	0.007924380539552241
2272	-0.5878866571197044	-0.5844379822477208	-0.003448674871983637	0.003448674871983637	0.0058662240930591894
2273	-0.7481847747840494	-0.7496903734320881	0.0015055986480386752	0.0015055986480386752	0.002012335319805512
2274	-0.3056731943957852	-0.3060351308690201	0.00036193647323490286	0.00036193647323490286	0.0011840635026906154
2275	0.5792105027675473	0.5790453200944512	0.00016518267309606482	0.00016518267309606482	0.00028518590789842265
2276	0.7298437639566857	0.7308323567158936	-0.000988592759207929	0.000988592759207929	0.0013545265549005903
2277	0.10962645279744014	0.10982375488310936	-0.00019730208566921814	0.00019730208566921814	0.0017997671240332724
2278	0.31002826253412963	0.31112735553051607	-0.0010990929963864415	0.0010990929963864415	0.003545138070324951
2279	0.14486081902962447	0.14537364658195884	-0.0005128275523343662	0.0005128275523343662	0.0035401398098508017
2280	0.15532315526823792	0.15555153159851898	-0.00022837633028105486	0.00022837633028105486	0.001470330227883
2281	-0.35686598105009193	-0.3571860766840018	0.00032009563390988927	0.00032009563390988927	0.0008969631483729424
2282	1.371982712214282	1.3713163479778245	0.0006663642364574951	0.0006663642364574951	0.00048569433894836097
2283	0.09171828741924566	0.09577396828319706	-0.0040556808639514025	0.0040556808639514025	0.04421889001713284
2284	-0.10659752708194659	-0.10833158786027752	0.001734060778330937	0.001734060778330937	0.01626736403554542
2285	-0.947368396485398	-0.9479967967180869	0.0006284002326889526	0.0006284002326889526	0.0006633113739282714
2286	-0.04744768609069646	-0.0458204664113282	-0.0016272196793682622	0.0016272196793682622	0.03429502708009458
2287	0.23570402279977132	0.23549989463589327	0.00020412816387804789	0.00020412816387804789	0.0008660359778901742
2288	-0.2518473963373188	-0.2509532755183841	-0.0008941208189346961	0.0008941208189346961	0.003550248412086542
2289	0.06730226475079325	0.06532736120590243	0.001974903544890813	0.001974903544890813	0.029343790319738626
2290	1.298473883213272	1.2983669935451303	0.00010688966814176304	0.00010688966814176304	8.23194594235875e-05
2291	-0.7961310989001986	-0.797569407090748	0.0014383081905493533	0.0014383081905493533	0.0018066222919017722
2292	0.5983765817763086	0.5965713637507974	0.001805218025511146	0.001805218025511146	0.0030168594167777636
2293	-1.099633776281926	-1.1011593291314625	0.0015255528495365933	0.0015255528495365933	0.0013873281109050525
2294	1.6972081544147	1.6957594163216072	0.0014487380930927607	0.0014487380930927607	0.0008536007143993326
2295	-0.4751509419986854	-0.4734823700758284	-0.0016685719228570206	0.0016685719228570206	0.0035116670838077325
2296	-0.20912563475129756	-0.20917862401148568	5.298926018812433e-05	5.298926018812433e-05	0.0002533848145931117
2297	-0.7330410154360398	-0.7327817483400167	-0.00025926709602308584	0.00025926709602308584	0.0003536870250962209
2298	-0.010356293803891347	-0.007662327760726839	-0.0026939660431645075	0.0026939660431645075	0.2601283909261301
2299	2.4960475626604617	2.4977128899408285	-0.001665327280366835	0.001665327280366835	0.0006671857160413294
2300	-1.5855513632344356	-1.5858706577773773	0.0003192945429417726	0.0003192945429417726	0.00020137760929449155
2301	0.09181596997054825	0.09268068763645942	-0.0008647176659111744	0.0008647176659111744	0.009417944026388321
2302	-0.06817106127645242	-0.06849707744294165	0.0003260161664892236	0.0003260161664892236	0.004782324939421704
2303	0.6376162532384446	0.6381605287870684	-0.000544275548623796	0.000544275548623796	0.0008536099038558499
2304	0.5475099551745828	0.5483503889109898	-0.0008404337364069647	0.0008404337364069647	0.0015350108769053856
2305	-2.148953959926323	-2.15422905547058	0.005275095544257091	0.005275095544257091	0.0024547271103183377
2306	0.42428277454080393	0.4243019681311466	-1.919359034269208e-05	1.919359034269208e-05	4.523773175440617e-05
2307	-0.4959287609217179	-0.49493609590456344	-0.0009926650171544482	0.0009926650171544482	0.0020016282486006896
