ID	Analytic	Finite_differences	Diff	Abs_diff	Norm_diff
1	1.5346171201737895	1.5346190973879459	-1.9772141564011747e-06	1.9772141564011747e-06	1.2884087701154168e-06
2	-0.8849566104016892	-0.8849699874318162	1.3377030127048606e-05	1.3377030127048606e-05	1.5116029384736344e-05
3	-1.0529952785620595	-1.0529916790851246	-3.599476934956769e-06	3.599476934956769e-06	3.4183220079316145e-06
4	-0.39094168839761156	-0.3909391880707602	-2.500326851340162e-06	2.500326851340162e-06	6.395651642035109e-06
5	0.19693336264793218	0.19692936083792745	4.00181000473343e-06	4.00181000473343e-06	2.032063003914512e-05
6	-0.7822761486180915	-0.7822835626694058	7.414051314325043e-06	7.414051314325043e-06	9.477537219333777e-06
7	-1.1670080835872674	-1.1670108365997578	2.753012490419593e-06	2.753012490419593e-06	2.3590346366385956e-06
8	-0.5761450066793099	-0.57614116482263	-3.841856679898115e-06	3.841856679898115e-06	6.668211362346396e-06
9	1.2151111689065333	1.215115094177932	-3.92527139880805e-06	3.92527139880805e-06	3.230380478142065e-06
10	0.6092377605412465	0.6092380523234908	-2.917822443659901e-07	2.917822443659901e-07	4.789300060895288e-07
11	-0.028151229950308818	-0.02813858121974988	-1.2648730558936783e-05	1.2648730558936783e-05	0.0004493136030384359
12	0.5929887363378873	0.592987589008942	1.1473289452945679e-06	1.1473289452945679e-06	1.9348241795959095e-06
13	-1.2259269217202133	-1.2259341978904104	7.276170197023646e-06	7.276170197023646e-06	5.9352397505177285e-06
14	-0.5266083117324811	-0.526604069614578	-4.242117903174858e-06	4.242117903174858e-06	8.05554680521235e-06
15	-1.3165477211726966	-1.3165572596776087	9.538504912143253e-06	9.538504912143253e-06	7.245088619838985e-06
16	0.9622555635306146	0.9622632793266916	-7.715796077056858e-06	7.715796077056858e-06	8.018447873397384e-06
17	0.0792361215049948	0.07923175626523005	4.3652397647558905e-06	4.3652397647558905e-06	5.509153756952527e-05
18	0.9954117772623594	0.9954195397909871	-7.762528627663912e-06	7.762528627663912e-06	7.79830900636205e-06
19	0.26359965773538185	0.2635981572129964	1.500522385455838e-06	1.500522385455838e-06	5.692429187302504e-06
20	0.4473880064181581	0.44738816753131516	-1.611131570378177e-07	1.611131570378177e-07	3.6011952651057616e-07
21	0.32114923523706207	0.32115002597166153	-7.907345994651038e-07	7.907345994651038e-07	2.4622029658000243e-06
22	-2.5786238336273124	-2.5786218743952816	-1.959232030834812e-06	1.959232030834812e-06	7.597975343611049e-07
23	-0.7287124685952376	-0.7287200948038475	7.626208609834428e-06	7.626208609834428e-06	1.0465319228770319e-05
24	2.140659684185967	2.140672100043872	-1.2415857905345717e-05	1.2415857905345717e-05	5.800014825834926e-06
25	1.896121628672779	1.8961271185151674	-5.489842388461952e-06	5.489842388461952e-06	2.8953007578446622e-06
26	0.8675274463466474	0.8675294557232149	-2.0093765675799347e-06	2.0093765675799347e-06	2.3162109464569337e-06
27	-1.7849006523193187	-1.784908310598965	7.65827964621657e-06	7.65827964621657e-06	4.290591544277448e-06
28	0.6825092256184263	0.6825013792539636	7.846364462715805e-06	7.846364462715805e-06	1.149634930664294e-05
29	-0.13894572148288697	-0.1389399673570324	-5.754125854573466e-06	5.754125854573466e-06	4.141276027187468e-05
30	-0.3557189250470954	-0.3557228783854782	3.953338382822746e-06	3.953338382822746e-06	1.1113657734964043e-05
31	1.0809706046264025	1.0809657701269515	4.834499450989682e-06	4.834499450989682e-06	4.472369026778992e-06
32	-2.059355659275536	-2.0593566740902958	1.0148147597810464e-06	1.0148147597810464e-06	4.927826600569082e-07
33	-1.3194610566033562	-1.3194592018663798	-1.8547369764476684e-06	1.8547369764476684e-06	1.4056776948174998e-06
34	-0.48113362545001354	-0.4811247426310672	-8.882818946343018e-06	8.882818946343018e-06	1.846227009811411e-05
35	0.05041144602845791	0.050410895370944786	5.506575131222768e-07	5.506575131222768e-07	1.0923263593974742e-05
36	0.7919017051808838	0.791896306902018	5.398278865809125e-06	5.398278865809125e-06	6.8168547061987535e-06
37	-0.5998589977179662	-0.5998640444957459	5.046777779682543e-06	5.046777779682543e-06	8.413273450730784e-06
38	2.0089694656957344	2.0089718994302785	-2.4337345441161062e-06	2.4337345441161062e-06	1.2114343128023949e-06
39	0.5275365767022258	0.5275408907170487	-4.314014822925927e-06	4.314014822925927e-06	8.177660115804678e-06
40	-1.5170383007696984	-1.517047724902909	9.424133210700347e-06	9.424133210700347e-06	6.2121920098647695e-06
41	-1.1175691304926754	-1.117567071011294	-2.0594813814334145e-06	2.0594813814334145e-06	1.842822359029818e-06
42	2.841849639952104	2.841849990380396	-3.504282921618085e-07	3.504282921618085e-07	1.2330993421865717e-07
43	0.24391562756666818	0.2439169874151048	-1.3598484366328378e-06	1.3598484366328378e-06	5.575077128918923e-06
44	1.1725218840625526	1.172522641455842	-7.573932894189284e-07	7.573932894189284e-07	6.459523696007386e-07
45	-0.14410784317186154	-0.14410447220924993	-3.370962611604078e-06	3.370962611604078e-06	2.339194409830909e-05
46	1.27312267320303	1.2731294559067408	-6.782703710683791e-06	6.782703710683791e-06	5.327612062409736e-06
47	-0.054952753569877166	-0.0549553087001442	2.5551302670345777e-06	2.5551302670345777e-06	4.649685595437013e-05
48	-2.6977417967802424	-2.6977451613667824	3.3645865400444563e-06	3.3645865400444563e-06	1.2471862741127018e-06
49	-0.790678614669905	-0.7906750408270824	-3.5738428225684515e-06	3.5738428225684515e-06	4.519968994052623e-06
50	-2.0789690582927585	-2.0789689888882634	-6.940449504000412e-08	6.940449504000412e-08	3.338409235248495e-08
51	-0.5489034695262446	-0.5489113535244172	7.88399817264196e-06	7.88399817264196e-06	1.4363177881616585e-05
52	1.6040708483291715	1.604072490600572	-1.6422714006480987e-06	1.6422714006480987e-06	1.0238147537926506e-06
53	-0.13933710624340756	-0.13933858794779042	1.48170438285522e-06	1.48170438285522e-06	1.0633954032796083e-05
54	0.45616901834682333	0.45617442562040367	-5.407273580337879e-06	5.407273580337879e-06	1.1853662486624097e-05
55	-0.8133922334108501	-0.8133976592130665	5.42580221640776e-06	5.42580221640776e-06	6.670585227566526e-06
56	2.2183061647279767	2.218308215757858	-2.051029881489086e-06	2.051029881489086e-06	9.245927880025509e-07
57	0.09273445101280878	0.0927354172954864	-9.662826776224431e-07	9.662826776224431e-07	1.0419888909343703e-05
58	1.2411465185322696	1.241155784255099	-9.26572282944349e-06	9.26572282944349e-06	7.465454473820516e-06
59	1.3888633789660347	1.3888570587194948	6.320246539903707e-06	6.320246539903707e-06	4.5506610913803e-06
60	0.3449091219740987	0.3449169987010947	-7.876726996036698e-06	7.876726996036698e-06	2.2837108369166907e-05
61	-0.18625177503096527	-0.1862547019264582	2.926895492944004e-06	2.926895492944004e-06	1.571472536279127e-05
62	-2.4633902444261033	-2.4633908284741324	5.840480290508765e-07	5.840480290508765e-07	2.3709115125887914e-07
63	0.27212145096174845	0.2721226271891197	-1.176227371280092e-06	1.176227371280092e-06	4.322435321151627e-06
64	-1.0548947446473753	-1.054901350087789	6.6054404137538825e-06	6.6054404137538825e-06	6.261705679424837e-06
65	1.0745268657942568	1.0745339299571555	-7.064162898640092e-06	7.064162898640092e-06	6.574207796487697e-06
66	-0.6170305749536297	-0.6170378014047628	7.226451133157674e-06	7.226451133157674e-06	1.1711658103329397e-05
67	-0.6710586728785477	-0.6710697258824894	1.105300394166342e-05	1.105300394166342e-05	1.6470994844982595e-05
68	-0.23244261475654404	-0.23244287399748487	2.5924094082530047e-07	2.5924094082530047e-07	1.1152900731942999e-06
69	-1.659895963093209	-1.6599098694598524	1.3906366643334778e-05	1.3906366643334778e-05	8.377854367101612e-06
70	0.3791213468710788	0.3791249740725533	-3.627201474509789e-06	3.627201474509789e-06	9.567389186721866e-06
71	0.09954495582912376	0.09955098546576835	-6.029636644588887e-06	6.029636644588887e-06	6.057199578187771e-05
72	0.9285420985192987	0.9285496688953288	-7.570376030052728e-06	7.570376030052728e-06	8.152970169176865e-06
73	0.2919391652595274	0.2919455250633973	-6.359803869926406e-06	6.359803869926406e-06	2.1784688821291527e-05
74	0.13289402192372884	0.13288828998803126	5.73193569758379e-06	5.73193569758379e-06	4.313162935856881e-05
75	0.7313558702711523	0.731363506201177	-7.635930024618709e-06	7.635930024618709e-06	1.0440785854070831e-05
76	-3.1190641732821778	-3.119059186504458	-4.986777719651059e-06	4.986777719651059e-06	1.5988057451230616e-06
77	-1.8004619044999142	-1.8004704013669937	8.496867079488268e-06	8.496867079488268e-06	4.71927068173559e-06
78	0.8960214869392175	0.896026943850714	-5.456911496559691e-06	5.456911496559691e-06	6.0901569617491394e-06
79	3.3877157774365587	3.3877178717212075	-2.094284648812561e-06	2.094284648812561e-06	6.181996325551489e-07
80	1.1799632583022697	1.1799676209367504	-4.3626344807812245e-06	4.3626344807812245e-06	3.6972629868646757e-06
81	-0.8507025745233283	-0.8507067885208386	4.213997510271739e-06	4.213997510271739e-06	4.95354973227036e-06
82	-0.26865160415438094	-0.26865892273875147	7.3185843705303455e-06	7.3185843705303455e-06	2.724191576509148e-05
83	0.6204986461976447	0.6205043526374965	-5.7064398517603365e-06	5.7064398517603365e-06	9.196538762379007e-06
84	-0.0453189124158892	-0.04531914682281979	2.344069305881824e-07	2.344069305881824e-07	5.1723864958859275e-06
85	-1.1127030019587278	-1.1127043732699349	1.3713112070323774e-06	1.3713112070323774e-06	1.2324144040399037e-06
86	1.6548016384702096	1.6547982162204988	3.422249710727243e-06	3.422249710727243e-06	2.068072469332917e-06
87	1.0255040429637543	1.025516562402018	-1.2519438263636218e-05	1.2519438263636218e-05	1.220808279551435e-05
88	1.1975812705059898	1.197584926872608	-3.656366618143281e-06	3.656366618143281e-06	3.0531260868821285e-06
89	0.19844676309945733	0.19845185637024088	-5.0932707835460445e-06	5.0932707835460445e-06	2.5665678310879805e-05
90	-0.49023790023191005	-0.4902440791827445	6.178950834434538e-06	6.178950834434538e-06	1.260398437475264e-05
91	-0.0848811762698986	-0.08488368254511158	2.5062752129767496e-06	2.5062752129767496e-06	2.9526867123135632e-05
92	-1.8532493275755655	-1.8532508191508867	1.4915753212552119e-06	1.4915753212552119e-06	8.04843309025506e-07
93	-0.5352627509314658	-0.535267384998761	4.634067295228306e-06	4.634067295228306e-06	8.657556101492377e-06
94	-1.2251071018596982	-1.22511695255767	9.850697971769407e-06	9.850697971769407e-06	8.040683101759971e-06
95	-0.9773349529427409	-0.9773391644927187	4.211549977872764e-06	4.211549977872764e-06	4.309218620690737e-06
96	-3.3834455711316007	-3.383455503263022	9.932131421308554e-06	9.932131421308554e-06	2.9355079644407377e-06
97	0.2806505321534781	0.28065447242831	-3.940274831859547e-06	3.940274831859547e-06	1.4039791058385545e-05
98	-0.49437776014059287	-0.4943798326966231	2.072556030241479e-06	2.072556030241479e-06	4.192251750264977e-06
99	0.6300024646457627	0.6300076644443209	-5.199798558175317e-06	5.199798558175317e-06	8.253616215769975e-06
100	0.9444565697062202	0.9444612817670617	-4.712060841516319e-06	4.712060841516319e-06	4.989176837408245e-06
101	1.4717127130833338	1.4717193232129944	-6.610129660522546e-06	6.610129660522546e-06	4.491453801927072e-06
102	2.753443106485838	2.753448724707397	-5.61822155908942e-06	5.61822155908942e-06	2.0404349542779695e-06
103	-0.4478900343117105	-0.44788490178504503	-5.132526665452275e-06	5.132526665452275e-06	1.1459345536320366e-05
104	-0.9734544150989128	-0.9734592364889494	4.821390036546802e-06	4.821390036546802e-06	4.952866782217943e-06
105	2.8537295974854064	2.8537283573051297	1.2401802766959236e-06	1.2401802766959236e-06	4.3458226658500556e-07
106	0.5368247431379003	0.5368240150449566	7.280929437136763e-07	7.280929437136763e-07	1.3562954260598282e-06
107	-0.10468392516399289	-0.10468636392602093	2.4387620280452715e-06	2.4387620280452715e-06	2.3296432802121455e-05
108	0.08532772641265975	0.08533077541095224	-3.0489982924958303e-06	3.0489982924958303e-06	3.5732796602951113e-05
109	-0.5902729019444065	-0.590276209608831	3.3076644244678377e-06	3.3076644244678377e-06	5.603618959251093e-06
110	0.9500619369443428	0.9500680095371195	-6.072592776629193e-06	6.072592776629193e-06	6.391786198866466e-06
111	-2.3921430859639625	-2.3921447280432773	1.6420793147453594e-06	1.6420793147453594e-06	6.864469455779441e-07
112	-1.1436035401123616	-1.1436110294500423	7.489337680688379e-06	7.489337680688379e-06	6.5488934040485175e-06
113	-1.8430452014187204	-1.8430401121225515	-5.089296168936386e-06	5.089296168936386e-06	2.7613517915994677e-06
114	-0.2995227230397634	-0.2995203657523149	-2.3572874485178197e-06	2.3572874485178197e-06	7.870145625662183e-06
115	0.5164746339881329	0.516479890825039	-5.256836906109008e-06	5.256836906109008e-06	1.0178306077718805e-05
116	-0.14984071526915593	-0.149847839157502	7.123888346061147e-06	7.123888346061147e-06	4.754307487964567e-05
117	-0.15235367055795782	-0.15235978163730124	6.111079343423809e-06	6.111079343423809e-06	4.011113956784556e-05
118	0.5606040878912801	0.5606076287154593	-3.540824179193436e-06	3.540824179193436e-06	6.316086977731992e-06
119	2.0213692397390775	2.021370931934996	-1.692195918501227e-06	1.692195918501227e-06	8.371532945260704e-07
120	0.4351290179810122	0.4351331800016567	-4.1620206444603625e-06	4.1620206444603625e-06	9.565026629968358e-06
121	3.0063815691220213	3.0063945299865225	-1.2960864501199154e-05	1.2960864501199154e-05	4.311117602076115e-06
122	2.222317226174748	2.2223154650546917	1.761120056453791e-06	1.761120056453791e-06	7.924701458959524e-07
123	-2.09934925922488	-2.0993606467438752	1.1387518995320534e-05	1.1387518995320534e-05	5.424308959208162e-06
124	-2.385991405982505	-2.385998570872516	7.164890011068792e-06	7.164890011068792e-06	3.0028984987556685e-06
125	-3.113354909501613	-3.113359724535414	4.8150338010088944e-06	4.8150338010088944e-06	1.5465740145185334e-06
126	0.9455735308643142	0.945576655967173	-3.1251028588252794e-06	3.1251028588252794e-06	3.3049813227837896e-06
127	-0.6203888805229302	-0.6203938257556274	4.945232697228796e-06	4.945232697228796e-06	7.97118203192234e-06
128	0.8910361139216237	0.8910428031185802	-6.689196956455312e-06	6.689196956455312e-06	7.5072119434248875e-06
129	1.1537756510847363	1.1537833157131416	-7.664628405290586e-06	7.664628405290586e-06	6.643083859574078e-06
130	0.286699363761898	0.28670288598853233	-3.522226634355974e-06	3.522226634355974e-06	1.2285435824270475e-05
131	-1.342575884533804	-1.3425869080982977	1.1023564493672922e-05	1.1023564493672922e-05	8.210757112996069e-06
132	0.8677688035588831	0.8677657292803787	3.0742785044335363e-06	3.0742785044335363e-06	3.5427391395327212e-06
133	-0.30973085539728507	-0.30973497044328724	4.115046002173273e-06	4.115046002173273e-06	1.3285876852323907e-05
134	0.7367962836090636	0.7368025539253864	-6.270316322831704e-06	6.270316322831704e-06	8.510244232120296e-06
135	-1.308533402717711	-1.3085368524698993	3.449752188355859e-06	3.449752188355859e-06	2.636350116237783e-06
136	0.02288456181214959	0.022885842078324004	-1.2802661744151789e-06	1.2802661744151789e-06	5.594453522529218e-05
137	0.60578606517266	0.6057928789431344	-6.813770474400904e-06	6.813770474400904e-06	1.1247816458866311e-05
138	0.44119634201106284	0.4412030360025909	-6.69399152808392e-06	6.69399152808392e-06	1.5172364071676892e-05
139	0.6968439751863232	0.696855552671849	-1.157748552571558e-05	1.157748552571558e-05	1.6614171805991397e-05
140	0.8976096680700628	0.8976092263726088	4.416974540566443e-07	4.416974540566443e-07	4.920818812104947e-07
141	-0.9688129836044936	-0.968813136127622	1.525231283494577e-07	1.525231283494577e-07	1.5743299370533977e-07
142	-0.08732103321166612	-0.0873283610687281	7.32785706197836e-06	7.32785706197836e-06	8.391857943567433e-05
143	0.4764589071319238	0.4764670283137207	-8.121181796882926e-06	8.121181796882926e-06	1.704487349343288e-05
144	-0.4631669997463404	-0.46317496139636205	7.961650021648392e-06	7.961650021648392e-06	1.7189588260840465e-05
145	-0.6094882542870697	-0.6094946100194676	6.355732397933522e-06	6.355732397933522e-06	1.0427981758841188e-05
146	-1.3741050519119855	-1.374112700968766	7.649056780412167e-06	7.649056780412167e-06	5.566573508895087e-06
147	1.431997052061871	1.4320046474267656	-7.595364894585899e-06	7.595364894585899e-06	5.3040366833504715e-06
148	-1.8512316162316977	-1.851243603745445	1.1987513747202527e-05	1.1987513747202527e-05	6.475426220087949e-06
149	-0.5150763446194527	-0.5150890678233822	1.2723203929421167e-05	1.2723203929421167e-05	2.4701588536008752e-05
150	-1.5860168565444666	-1.5860168290142695	-2.7530197010960933e-08	2.7530197010960933e-08	1.7358073400898357e-08
151	0.3248801570928416	0.32488512014516857	-4.96305232694505e-06	4.96305232694505e-06	1.5276563429901165e-05
152	-0.14528591345248054	-0.14527717460488532	-8.738847595224364e-06	8.738847595224364e-06	6.014931102100705e-05
153	0.7048128385227197	0.7048060840055825	6.754517137164129e-06	6.754517137164129e-06	9.58341955195017e-06
154	1.526351459138856	1.5263584998859159	-7.04074705981661e-06	7.04074705981661e-06	4.61279544606908e-06
155	0.6603622580719333	0.6603653780015151	-3.119929581796299e-06	3.119929581796299e-06	4.724572829019016e-06
156	0.8812040180217467	0.8812108745530622	-6.856531315491132e-06	6.856531315491132e-06	7.780867058327375e-06
157	-2.687173273493208	-2.6871753570691936	2.0835759855231117e-06	2.0835759855231117e-06	7.753783524404267e-07
158	2.5073169421058052	2.5073189470266044	-2.004920799159038e-06	2.004920799159038e-06	7.996279869888236e-07
159	1.6024269559822253	1.602433852548657	-6.896566431713325e-06	6.896566431713325e-06	4.30382577250518e-06
160	2.394835250775453	2.3948340697454995	1.1810299533898672e-06	1.1810299533898672e-06	4.931570775097983e-07
161	-0.5487030605317801	-0.5486988538585535	-4.206673226536672e-06	4.206673226536672e-06	7.666575109786595e-06
162	-0.3414403296244883	-0.3414376310235667	-2.6986009215579365e-06	2.6986009215579365e-06	7.903579886200975e-06
163	0.2923380227177552	0.2923406284640606	-2.605746305395229e-06	2.605746305395229e-06	8.913470376417677e-06
164	-1.9586138815740253	-1.9586191416820498	5.260108024485177e-06	5.260108024485177e-06	2.6856278687547805e-06
165	-1.260986626357737	-1.2609944940944473	7.867736710354123e-06	7.867736710354123e-06	6.239349843922989e-06
166	-3.6070053484546882	-3.607013552660021	8.204205332873471e-06	8.204205332873471e-06	2.2745198690621053e-06
167	0.3513140837398329	0.3513158750365619	-1.7912967290034665e-06	1.7912967290034665e-06	5.098846906262997e-06
168	-0.3320135292521477	-0.33201913968561314	5.610433465419451e-06	5.610433465419451e-06	1.689820736539506e-05
169	2.833360456041678	2.8333652955101485	-4.839468470407837e-06	4.839468470407837e-06	1.7080313449312324e-06
170	-1.6162031783180772	-1.6162099826253495	6.804307272290089e-06	6.804307272290089e-06	4.2100568564473926e-06
171	-0.3583571242369947	-0.35835982871823546	2.7044812407894803e-06	2.7044812407894803e-06	7.546888446958593e-06
172	0.7737049112125008	0.7737098233953077	-4.912182806848797e-06	4.912182806848797e-06	6.348909947011631e-06
173	1.2650939415920754	1.2650985733131392	-4.631721063796945e-06	4.631721063796945e-06	3.6611676900199918e-06
174	0.6903075493575749	0.6903149772554684	-7.427897893541591e-06	7.427897893541591e-06	1.0760273302029307e-05
175	-0.7826613645529237	-0.7826563205668435	-5.043986080144336e-06	5.043986080144336e-06	6.444659604509277e-06
176	0.10907294548688187	0.1090618786818709	1.1066805010978564e-05	1.1066805010978564e-05	0.00010146242004906305
177	0.1855708861736923	0.18556298217475842	7.903998933883605e-06	7.903998933883605e-06	4.2592882411983254e-05
178	0.07604601821118157	0.07604604675925941	-2.8548077846135556e-08	2.8548077846135556e-08	3.7540529428979276e-07
179	0.30341190461342676	0.3034127273799925	-8.227665657112304e-07	8.227665657112304e-07	2.711714844410956e-06
180	0.3802719970253309	0.380271704948143	2.9207718788004655e-07	2.9207718788004655e-07	7.680744050700914e-07
181	0.7065842287689232	0.7065791225393525	5.10622957072826e-06	5.10622957072826e-06	7.226639603356005e-06
182	-0.41244417859259025	-0.4124351848986407	-8.993693949521653e-06	8.993693949521653e-06	2.1805845290898304e-05
183	-0.5658587658463603	-0.5658513201254323	-7.445720928034305e-06	7.445720928034305e-06	1.3158267358282716e-05
184	0.35169624127803994	0.35170055451416715	-4.31323612720691e-06	4.31323612720691e-06	1.2264095037049319e-05
185	0.24640452329251716	0.2464102229708942	-5.6996783770468795e-06	5.6996783770468795e-06	2.313138696029761e-05
186	2.1701270824380035	2.1701298594756224	-2.777037618972855e-06	2.777037618972855e-06	1.279665896733119e-06
187	-0.04603574376440184	-0.04603635261624106	6.088518392233233e-07	6.088518392233233e-07	1.3225632724416446e-05
188	0.28710078173262277	0.28710082844085605	-4.670823328112306e-08	4.670823328112306e-08	1.6268932811413407e-07
189	-0.25187953407260905	-0.25188041951551554	8.854429064952818e-07	8.854429064952818e-07	3.515342799705339e-06
190	-0.3056547898817793	-0.3056577459012999	2.956019520605757e-06	2.956019520605757e-06	9.671104849196317e-06
191	-0.5335053298567216	-0.5335111700901507	5.8402334290885705e-06	5.8402334290885705e-06	1.0946907373272213e-05
192	-1.9182432937637035	-1.9182460831377313	2.789374027756253e-06	2.789374027756253e-06	1.4541294302055611e-06
193	-2.107891578235164	-2.1078882967380252	-3.281497138907241e-06	3.281497138907241e-06	1.5567675172622874e-06
194	0.3259870388957768	0.32597095551523125	1.6083380545539594e-05	1.6083380545539594e-05	4.933748470497229e-05
195	-1.1549483321019163	-1.15493410181422	-1.4230287696204158e-05	1.4230287696204158e-05	1.2321146583506588e-05
196	0.6770831423260985	0.6770869670003066	-3.824674208119383e-06	3.824674208119383e-06	5.6487511932136305e-06
197	0.28670436163438073	0.28671192706219983	-7.565427819100634e-06	7.565427819100634e-06	2.6387557468513276e-05
198	-0.0952137468290458	-0.09521765997000387	3.913140958058947e-06	3.913140958058947e-06	4.109848722879172e-05
199	1.4308084326565553	1.4308011848207514	7.247835803969593e-06	7.247835803969593e-06	5.06555289900876e-06
200	-0.6126913979173261	-0.6126849371348442	-6.460782481898519e-06	6.460782481898519e-06	1.0544921152573958e-05
201	1.2501620767023707	1.2501529497441766	9.126958194105583e-06	9.126958194105583e-06	7.300619946959455e-06
202	3.552762443860496	3.552766479348435	-4.035487938924831e-06	4.035487938924831e-06	1.1358732824646156e-06
203	1.7339531903261873	1.733954232802759	-1.0424765717331752e-06	1.0424765717331752e-06	6.012137914386644e-07
204	-1.9753347381457529	-1.975338032055518	3.293909765167413e-06	3.293909765167413e-06	1.6675197887014364e-06
205	-3.080317097381152	-3.0803220588548896	4.961473737630229e-06	4.961473737630229e-06	1.6107022688827761e-06
206	-1.82218079507754	-1.8221881124897976	7.317412257679123e-06	7.317412257679123e-06	4.015744363812013e-06
207	0.8171024068670998	0.8171033401307426	-9.332636428105445e-07	9.332636428105445e-07	1.1421623960071606e-06
208	-0.4724453464793439	-0.4724439676930814	-1.378786262495879e-06	1.378786262495879e-06	2.9184037323482494e-06
209	0.088227604751353	0.08823427252835359	-6.6677770005907355e-06	6.6677770005907355e-06	7.55747253864838e-05
210	1.1582323312786529	1.1582351592558382	-2.8279771853156888e-06	2.8279771853156888e-06	2.4416320533840466e-06
211	-1.5669200591323376	-1.5669340380188856	1.397888654808277e-05	1.397888654808277e-05	8.9212506193988e-06
212	-0.23979284735494455	-0.23979361531800691	7.679630623647071e-07	7.679630623647071e-07	3.2026103815680456e-06
213	1.4009214796718266	1.400935917443391	-1.4437771564512758e-05	1.4437771564512758e-05	1.0305910626693286e-05
214	0.460555712073566	0.46056084893919547	-5.136865629473686e-06	5.136865629473686e-06	1.1153624838015597e-05
215	-1.4359769824549429	-1.4359814501787582	4.4677238153489895e-06	4.4677238153489895e-06	3.111278154132373e-06
216	-0.779539081142964	-0.779546549040333	7.46789736905118e-06	7.46789736905118e-06	9.579888359287532e-06
217	1.1063630838650957	1.1063707302696457	-7.646404549976893e-06	7.646404549976893e-06	6.911297621449973e-06
218	1.675771280231033	1.675776569488363	-5.289257330121089e-06	5.289257330121089e-06	3.156312196370782e-06
219	-0.6213839503473755	-0.6213894295505895	5.479203214031614e-06	5.479203214031614e-06	8.817741769752093e-06
220	-0.2786703134589608	-0.2786676949551037	-2.6185038571324704e-06	2.6185038571324704e-06	9.396421974879975e-06
221	0.8243558976294048	0.8243690059615005	-1.3108332095779218e-05	1.3108332095779218e-05	1.5901302014669596e-05
222	-1.0520378138416724	-1.052053441007672	1.5627165999676507e-05	1.5627165999676507e-05	1.4854186602486833e-05
223	0.05280197396950249	0.05279492357423976	7.050395262726827e-06	7.050395262726827e-06	0.00013352522136386445
224	-0.4170242267670708	-0.41703263278058955	8.406013518758026e-06	8.406013518758026e-06	2.0157134715948317e-05
225	0.5051755745113526	0.5051832111480081	-7.636636655483642e-06	7.636636655483642e-06	1.5116797091526891e-05
226	0.22587009010977246	0.22587430115450502	-4.211044732554958e-06	4.211044732554958e-06	1.8643658089074114e-05
227	-0.4073318330903704	-0.4073354950691055	3.6619787350811173e-06	3.6619787350811173e-06	8.990160939051067e-06
228	0.54686551822437	0.5468731892221967	-7.670997826725312e-06	7.670997826725312e-06	1.4027210659820806e-05
229	1.3717997792827117	1.37179930882958	4.7045313178450954e-07	4.7045313178450954e-07	3.4294591593424853e-07
230	-0.5247480912995711	-0.5247497363569664	1.6450573953052938e-06	1.6450573953052938e-06	3.1349468870505223e-06
231	0.4634615717357786	0.46347434650861885	-1.2774772840229431e-05	1.2774772840229431e-05	2.756382323648698e-05
232	-0.30997490971980174	-0.30998127041215184	6.360692350104724e-06	6.360692350104724e-06	2.0520023236249666e-05
233	0.17116575149599184	0.1711718657997352	-6.114303743365301e-06	6.114303743365301e-06	3.57215371061452e-05
234	-0.7823325611294769	-0.7823399064470493	7.345317572404753e-06	7.345317572404753e-06	9.388996364666324e-06
235	-1.0618248693166674	-1.0618180638726216	-6.805444045854259e-06	6.805444045854259e-06	6.4091963208903474e-06
236	0.3535823408796418	0.35357750493858475	4.835941057046433e-06	4.835941057046433e-06	1.367698693609976e-05
237	0.3188709869470483	0.31886314029883067	7.846648217624264e-06	7.846648217624264e-06	2.460759535619739e-05
238	0.15641300836021876	0.15641326743143225	-2.5907121348200945e-07	2.5907121348200945e-07	1.656327796505065e-06
239	0.14498883277725536	0.1449885170661247	3.1571113065509415e-07	3.1571113065509415e-07	2.1774858422380535e-06
240	-2.0848496634908664	-2.0848615094202216	1.1845929355214224e-05	1.1845929355214224e-05	5.681910577369609e-06
241	-1.0562311550310617	-1.0562383446810486	7.18964998691618e-06	7.18964998691618e-06	6.806890662778023e-06
242	-0.6762797416733074	-0.6762868087584195	7.067085112111293e-06	7.067085112111293e-06	1.044994353168901e-05
243	1.2204916432012043	1.2204986312767119	-6.988075507585734e-06	6.988075507585734e-06	5.725623396532928e-06
244	0.8998181466708429	0.8998249448364248	-6.798165581911597e-06	6.798165581911597e-06	7.555043879770068e-06
245	0.531290908896052	0.5312982441658676	-7.335269815555989e-06	7.335269815555989e-06	1.3806503542094577e-05
246	0.8643580202896618	0.8643650765982613	-7.056308599540095e-06	7.056308599540095e-06	8.163641030571336e-06
247	1.6021645463645156	1.602161963443649	2.5829208665228975e-06	2.5829208665228975e-06	1.6121445655403024e-06
248	-0.6558649933536995	-0.6558791512283335	1.4157874633990986e-05	1.4157874633990986e-05	2.1586568543010844e-05
249	1.0055294640208066	1.005544900618105	-1.5436597298412735e-05	1.5436597298412735e-05	1.5351710567173714e-05
250	-1.1500051639840922	-1.1500093129868105	4.1490027182788936e-06	4.1490027182788936e-06	3.607812250081588e-06
251	0.638486714130987	0.6384916064909874	-4.892360000341434e-06	4.892360000341434e-06	7.662430387451656e-06
252	-0.8563877500528406	-0.856395038864477	7.2888116363634126e-06	7.2888116363634126e-06	8.511111509843152e-06
253	-0.43312317838201864	-0.4331163264286175	-6.851953401110222e-06	6.851953401110222e-06	1.5819872366809093e-05
254	-0.0013999570246857052	-0.00139144345467912	-8.513570006585258e-06	8.513570006585258e-06	0.006081308109080407
255	-0.10048521668441085	-0.10049226235331332	7.0456689024722685e-06	7.0456689024722685e-06	7.011647220307307e-05
256	-1.189260251886336	-1.1892656282839198	5.376397583800596e-06	5.376397583800596e-06	4.520791454412829e-06
257	-0.26535567361462054	-0.2653601284769991	4.454862378544533e-06	4.454862378544533e-06	1.678826880865712e-05
258	0.6789901012590716	0.6790009248405227	-1.0823581451102626e-05	1.0823581451102626e-05	1.59407058085709e-05
259	0.5086561558229835	0.5086558598890178	2.959339656660731e-07	2.959339656660731e-07	5.817957028108012e-07
260	0.6405909242485602	0.6405908328801502	9.136841006007757e-08	9.136841006007757e-08	1.4263144637469927e-07
261	-0.2516239729228688	-0.25162549444424087	1.5215213720609633e-06	1.5215213720609633e-06	6.046806090798672e-06
262	0.6806031708536953	0.6806085196924272	-5.34883873193337e-06	5.34883873193337e-06	7.858968281361671e-06
263	-0.3752369845437561	-0.37523236587233555	-4.618671420542064e-06	4.618671420542064e-06	1.2308678543928242e-05
264	-0.4273620634678883	-0.4273701182899714	8.054822083103375e-06	8.054822083103375e-06	1.8847770477663394e-05
265	-0.6466047229143084	-0.6466116330319238	6.9101176154440225e-06	6.9101176154440225e-06	1.068677256840852e-05
266	0.3705170675891083	0.3705151185204869	1.9490686213874397e-06	1.9490686213874397e-06	5.26040172472944e-06
267	-1.840241799377603	-1.84025558151113	1.3782133526873963e-05	1.3782133526873963e-05	7.4893057703260975e-06
268	0.20124273992773972	0.20124042699798395	2.3129297557766826e-06	2.3129297557766826e-06	1.1493233279407679e-05
269	-0.4667005534046027	-0.4667057031699784	5.149765375689341e-06	5.149765375689341e-06	1.1034410261829686e-05
270	0.9177518213932725	0.9177593431584086	-7.521765136075942e-06	7.521765136075942e-06	8.195859665695762e-06
271	0.44536198298656876	0.4453702528479653	-8.269861396514866e-06	8.269861396514866e-06	1.856885345502036e-05
272	0.09618348581549442	0.09619088352152971	-7.3977060352919954e-06	7.3977060352919954e-06	7.691243431832746e-05
273	0.9224899779843303	0.9224975472719166	-7.569287586273177e-06	7.569287586273177e-06	8.205278937352044e-06
274	1.078943580633993	1.078951039248821	-7.458614827982046e-06	7.458614827982046e-06	6.91288679209651e-06
275	-0.7310291570210672	-0.7310239001707686	-5.256850298618332e-06	5.256850298618332e-06	7.191026853210504e-06
276	-0.6681068536096476	-0.668119075212914	1.2221603266415748e-05	1.2221603266415748e-05	1.8292887133824284e-05
277	-0.4804356569663858	-0.48044122705448444	5.570088098649784e-06	5.570088098649784e-06	1.1593827431171498e-05
278	0.45481355892058	0.4548073017716092	6.257148970789661e-06	6.257148970789661e-06	1.3757613087964887e-05
279	0.3123018861989711	0.3123093942249966	-7.508026025504488e-06	7.508026025504488e-06	2.4040924366114905e-05
280	-0.5985079236676073	-0.5985098762177898	1.9525501825379266e-06	1.9525501825379266e-06	3.2623631289170906e-06
281	0.2762155981004871	0.2762162786780209	-6.805775337737074e-07	6.805775337737074e-07	2.463935919817655e-06
282	0.35580496741067674	0.3558085077131068	-3.5403024300495467e-06	3.5403024300495467e-06	9.950120864848027e-06
283	-0.9347116376173459	-0.934707873270213	-3.764347132895196e-06	3.764347132895196e-06	4.0272817641286845e-06
284	-0.5893175904804716	-0.5893245135997205	6.92311924888056e-06	6.92311924888056e-06	1.1747688106910452e-05
285	-0.7826285947729322	-0.7826363816025861	7.786829653855243e-06	7.786829653855243e-06	9.949584906381388e-06
286	0.8985605948535	0.8985610019678347	-4.0711433468842984e-07	4.0711433468842984e-07	4.5307387951371845e-07
287	0.024611495319218652	0.02460892835465245	2.566964566203672e-06	2.566964566203672e-06	0.00010429941508670455
288	0.12992253933451814	0.12992180474569182	7.34588826323268e-07	7.34588826323268e-07	5.654052253642342e-06
289	0.036151042763845814	0.03614712116295493	3.9216008908826705e-06	3.9216008908826705e-06	0.00010847822333923414
290	0.564706095161253	0.564714281757972	-8.18659671897315e-06	8.18659671897315e-06	1.4497092893313732e-05
291	0.6527060554384142	0.6527135135101503	-7.458071736077265e-06	7.458071736077265e-06	1.14263866160515e-05
292	3.3472167027638178	3.347218780676897	-2.077913079379101e-06	2.077913079379101e-06	6.207883336813405e-07
293	0.3389951506197142	0.339010869634393	-1.571901467878334e-05	1.571901467878334e-05	4.636943817646813e-05
294	-0.9343931785823484	-0.93440581810178	1.2639519431645319e-05	1.2639519431645319e-05	1.3526981704662983e-05
295	-1.9776909888825407	-1.9776869623839843	-4.026498556353175e-06	4.026498556353175e-06	2.0359593986056827e-06
296	0.8209171879107313	0.820908974224821	8.213685910307689e-06	8.213685910307689e-06	1.000549876560858e-05
297	-0.16054355754002395	-0.1605404625877327	-3.0949522912548932e-06	3.0949522912548932e-06	1.9277960066901554e-05
298	-1.3695257138812769	-1.3695320774473885	6.363566111611263e-06	6.363566111611263e-06	4.6465473755704275e-06
299	-1.1599123385304455	-1.1599196259481914	7.287417745915903e-06	7.287417745915903e-06	6.282731464990466e-06
300	1.0949367361223725	1.0949444560548471	-7.719932474614666e-06	7.719932474614666e-06	7.050573992022741e-06
301	1.6840256920760392	1.684032686076975	-6.9940009357338795e-06	6.9940009357338795e-06	4.153143843733043e-06
302	-0.39457373214461766	-0.3945793129656039	5.580820986228474e-06	5.580820986228474e-06	1.4143924269603971e-05
303	-0.9398450452198479	-0.9398394850634872	-5.560156360662205e-06	5.560156360662205e-06	5.916035189994088e-06
304	-0.5936811088795322	-0.593684403689565	3.2948100328056285e-06	3.2948100328056285e-06	5.5497976666699035e-06
305	0.057351052946813516	0.057349775909543155	1.2770372703613253e-06	1.2770372703613253e-06	2.226702396459277e-05
306	1.0083571152223791	1.0083577891535356	-6.739311564363248e-07	6.739311564363248e-07	6.6834571429359e-07
307	-1.0906978016039606	-1.0907024294493084	4.627845347826565e-06	4.627845347826565e-06	4.243013363574162e-06
308	0.3371630231883093	0.33716904558644956	-6.022398140237417e-06	6.022398140237417e-06	1.7861976925250904e-05
309	-0.0684719239308228	-0.06847842293566941	6.499004846616252e-06	6.499004846616252e-06	9.491488589078055e-05
310	0.7352999302721923	0.7353018120195287	-1.8817473363963444e-06	1.8817473363963444e-06	2.559156146934166e-06
311	0.875848309839312	0.8758500615719811	-1.7517326691418589e-06	1.7517326691418589e-06	2.0000411594825613e-06
312	0.36416997515864996	0.36416360358515476	6.3715734952007885e-06	6.3715734952007885e-06	1.7496152702937754e-05
313	-0.4420532986008165	-0.44205547974662807	2.181145811575025e-06	2.181145811575025e-06	4.934124049020265e-06
314	0.17560367394623105	0.17559804153144398	5.632414787071216e-06	5.632414787071216e-06	3.207458397935246e-05
315	0.08098509096781792	0.08098254908972535	2.5418780925656748e-06	2.5418780925656748e-06	3.138698817509229e-05
316	-0.29324664085182445	-0.29324741219660666	7.713447822133013e-07	7.713447822133013e-07	2.630361868673737e-06
317	-1.051451988602187	-1.051448604330929	-3.3842712579001955e-06	3.3842712579001955e-06	3.218664565368588e-06
318	-0.4451550677379508	-0.4451471864843626	-7.881253588248871e-06	7.881253588248871e-06	1.7704512785392627e-05
319	-2.2220421858645145	-2.2220465382396526	4.352375138072517e-06	4.352375138072517e-06	1.958727501106901e-06
320	0.8734105822934914	0.8734050966090479	5.48568444358466e-06	5.48568444358466e-06	6.280762512837645e-06
321	0.2032525602530305	0.20325468452853102	-2.1242755005035363e-06	2.1242755005035363e-06	1.0451408325971448e-05
322	1.582426441285942	1.5824293565458447	-2.915259902813716e-06	2.915259902813716e-06	1.8422719860802258e-06
323	0.14493073031527226	0.144936823961217	-6.093645944726944e-06	6.093645944726944e-06	4.204523037640982e-05
324	-0.18367888631795262	-0.18368141887137313	2.532553420503403e-06	2.532553420503403e-06	1.3787939764178945e-05
325	0.6396226054186754	0.639625179594816	-2.5741761405795316e-06	2.5741761405795316e-06	4.0245233967216694e-06
326	-1.0183625509273946	-1.018362919484872	3.685574774259237e-07	3.685574774259237e-07	3.6191185260130454e-07
327	-0.019505565579722845	-0.019504856105356794	-7.094743660514269e-07	7.094743660514269e-07	3.637291947017246e-05
328	1.3979787326867326	1.3979755553847895	3.1773019431025062e-06	3.1773019431025062e-06	2.2727827461267216e-06
329	1.5234062642732902	1.5234036551525776	2.609120712593338e-06	2.609120712593338e-06	1.7126887119884372e-06
330	-1.2620486970179625	-1.262055136770357	6.439752394449272e-06	6.439752394449272e-06	5.102617996964356e-06
331	-1.0293157249632383	-1.0293065561679526	-9.168795285674491e-06	9.168795285674491e-06	8.90766075297446e-06
332	-1.3012538599198191	-1.3012465412156615	-7.318704157599498e-06	7.318704157599498e-06	5.624347702646172e-06
333	-0.0223788989465617	-0.02237508807390043	-3.81087266126956e-06	3.81087266126956e-06	0.0001702886576488636
334	-0.3686630077234945	-0.36866962867421194	6.6209507174619375e-06	6.6209507174619375e-06	1.7959357404331162e-05
335	-0.22215240435347156	-0.2221580075048024	5.6031513308574254e-06	5.6031513308574254e-06	2.522210528022073e-05
336	1.2844275959645244	1.2844317380658055	-4.142101281079391e-06	4.142101281079391e-06	3.224861638050476e-06
337	0.2953866232555801	0.29538123284922335	5.390406356775568e-06	5.390406356775568e-06	1.824864747552084e-05
338	-0.0835670722816091	-0.0835763288424829	9.256560873791009e-06	9.256560873791009e-06	0.00011076804082112294
339	-0.012204899890193504	-0.012203868969606901	-1.0309205866025628e-06	1.0309205866025628e-06	8.446776260990847e-05
340	-0.6954749948148702	-0.6954673368309017	-7.657983968512028e-06	7.657983968512028e-06	1.1011156440715056e-05
341	-0.23502243399580516	-0.23501689309846086	-5.540897344308293e-06	5.540897344308293e-06	2.3576035913266013e-05
342	0.05056344268340824	0.05056176341966534	1.6792637429000057e-06	1.6792637429000057e-06	3.3211024680703456e-05
343	0.40008837155929017	0.40008643188116366	1.9396781265057506e-06	1.9396781265057506e-06	4.848124225520772e-06
344	0.3185895062774142	0.31859523565458403	-5.729377169805261e-06	5.729377169805261e-06	1.7983571514173986e-05
345	-0.03835854279321473	-0.03835774144178572	-8.013514290125534e-07	8.013514290125534e-07	2.089108111672858e-05
346	0.07831856187689573	0.07831214229092609	6.419585969641428e-06	6.419585969641428e-06	8.196761809457114e-05
347	1.3777684575658378	1.3777741120808429	-5.654515005115712e-06	5.654515005115712e-06	4.104111234412918e-06
348	1.0116980279603613	1.0116875352093047	1.0492751056689897e-05	1.0492751056689897e-05	1.037142582737248e-05
349	0.3073121502548658	0.3073102046133869	1.945641478928728e-06	1.945641478928728e-06	6.33115702491793e-06
350	-2.2435441528441418	-2.2435424749147614	-1.6779293803281803e-06	1.6779293803281803e-06	7.478922927373943e-07
351	-0.2928900235157611	-0.2928845887097964	-5.434805964710243e-06	5.434805964710243e-06	1.855579066665541e-05
352	-0.38564377983934495	-0.3856365679819618	-7.211857383171427e-06	7.211857383171427e-06	1.870082641077683e-05
353	0.8657596601314754	0.8657519392638591	7.720867616356486e-06	7.720867616356486e-06	8.918026528498665e-06
354	-0.7188120605662689	-0.7188056611209248	-6.399445344085208e-06	6.399445344085208e-06	8.902807416786837e-06
355	-0.5306546865865186	-0.5306569460756805	2.2594891618821222e-06	2.2594891618821222e-06	4.257927460165251e-06
356	-1.7011519713143777	-1.7011542090692444	2.2377548667407154e-06	2.2377548667407154e-06	1.315435013728807e-06
357	-1.6091187590672746	-1.609125630427144	6.871359869320415e-06	6.871359869320415e-06	4.2702627326918975e-06
358	-0.2894070403490061	-0.28940525109177884	-1.789257227269303e-06	1.789257227269303e-06	6.182493781462866e-06
359	0.6517674897083579	0.6517619723958035	5.517312554381704e-06	5.517312554381704e-06	8.465154585802522e-06
360	0.5311404549475748	0.5311386383812788	1.8165662959424012e-06	1.8165662959424012e-06	3.4201241479934004e-06
361	0.8200617269355247	0.8200629742720622	-1.2473365375020862e-06	1.2473365375020862e-06	1.5210276208880492e-06
362	1.0493844816060196	1.049391503878283	-7.0222722634571966e-06	7.0222722634571966e-06	6.691801133470196e-06
363	1.0779783041197	1.0779861024747817	-7.798355081689579e-06	7.798355081689579e-06	7.234241219778427e-06
364	-0.22217744614437582	-0.22217683204672767	-6.140976481494587e-07	6.140976481494587e-07	2.763996340791515e-06
365	0.07709848883179499	0.07710193745325	-3.448621455015566e-06	3.448621455015566e-06	4.473007846547277e-05
366	0.16565644590479814	0.16566503669324106	-8.590788442924824e-06	8.590788442924824e-06	5.1859065284196085e-05
367	0.19760322243698922	0.1976090196702529	-5.797233263687973e-06	5.797233263687973e-06	2.9337746582227766e-05
368	-0.05027477553154623	-0.05027556537662292	7.89845076690221e-07	7.89845076690221e-07	1.571056396253051e-05
369	-0.14323802747006534	-0.14324668033971477	8.652869649433681e-06	8.652869649433681e-06	6.0409025468058784e-05
370	0.02456008572560047	0.024552870348415468	7.215377185003369e-06	7.215377185003369e-06	0.0002937846905592167
371	-0.02684920960155817	-0.026852878040273254	3.668438715083433e-06	3.668438715083433e-06	0.0001366311623143848
372	-0.022402839834871485	-0.022401023754170524	-1.8160807009615088e-06	1.8160807009615088e-06	8.106475403777429e-05
373	-0.5280653111620459	-0.5280711243926817	5.8132306357538965e-06	5.8132306357538965e-06	1.100854480094794e-05
374	1.0769974189572746	1.076994184145974	3.2348113006008816e-06	3.2348113006008816e-06	3.0035460101034926e-06
375	1.1158089258968353	1.1158187226083527	-9.796711517351397e-06	9.796711517351397e-06	8.779918577436775e-06
376	0.10403319854900633	0.10403157472715918	1.6238218471520405e-06	1.6238218471520405e-06	1.560868905118894e-05
377	-0.14098986317382528	-0.14098234606585436	-7.517107970922421e-06	7.517107970922421e-06	5.331665555029753e-05
378	-0.36869816558601015	-0.36870413926770595	5.973681695803368e-06	5.973681695803368e-06	1.620209226240325e-05
379	0.4240321126130395	0.42403857914585785	-6.466532818327764e-06	6.466532818327764e-06	1.525010164555379e-05
380	-0.9360075557834491	-0.9360115281786818	3.972395232754167e-06	3.972395232754167e-06	4.243977741642508e-06
381	-0.7471107603108254	-0.7471164002783581	5.639967532777845e-06	5.639967532777845e-06	7.549038017376986e-06
382	-0.5410916417698041	-0.5410978313715731	6.1896017690132865e-06	6.1896017690132865e-06	1.1439100683145501e-05
383	-0.12128894463072067	-0.12129271805072506	3.7734200043909594e-06	3.7734200043909594e-06	3.111099709771247e-05
384	0.6743710292323744	0.6743816866183749	-1.0657386000589852e-05	1.0657386000589852e-05	1.58034457866925e-05
385	0.19586790494028944	0.19587638819729136	-8.483257001923317e-06	8.483257001923317e-06	4.331111319391223e-05
386	-0.32985923901779934	-0.3298542979166541	-4.941101145239379e-06	4.941101145239379e-06	1.4979423222924356e-05
387	-0.3795373709835654	-0.3795447730574608	7.402073895435013e-06	7.402073895435013e-06	1.9502885516260627e-05
388	0.345222133990559	0.3452187067054524	3.4272851066052823e-06	3.4272851066052823e-06	9.927767570949e-06
389	0.4511491467307218	0.45114812870217236	1.0180285494598706e-06	1.0180285494598706e-06	2.256523273593828e-06
390	-0.29483180411200194	-0.2948346086757425	2.8045637405771373e-06	2.8045637405771373e-06	9.512419289445884e-06
391	-1.0990095290570303	-1.0990123191145784	2.790057548107683e-06	2.790057548107683e-06	2.5387018714037917e-06
392	3.13986346914827	3.1398669513151845	-3.4821669143703105e-06	3.4821669143703105e-06	1.109018576312458e-06
393	1.6251894551695618	1.6251884861748778	9.689946840474306e-07	9.689946840474306e-07	5.962349072381423e-07
394	1.2951997892337255	1.2952069343175054	-7.145083779969141e-06	7.145083779969141e-06	5.516588127455118e-06
395	-2.7352347891534747	-2.735238665561468	3.876407993264053e-06	3.876407993264053e-06	1.4172121562053394e-06
396	-0.09264537338054195	-0.09264319501234297	-2.1783681989767656e-06	2.1783681989767656e-06	2.351297338971362e-05
397	-0.19619026017669536	-0.1961951684350538	4.908258358443662e-06	4.908258358443662e-06	2.501784927561197e-05
398	-0.40462867999479485	-0.40462821424291917	-4.657518756778778e-07	4.657518756778778e-07	1.1510599685713558e-06
399	-1.53254408178902	-1.532545444431932	1.3626429120616734e-06	1.3626429120616734e-06	8.891378253022178e-07
400	-1.6144172059330177	-1.6144196915561793	2.4856231615189017e-06	2.4856231615189017e-06	1.5396411487589352e-06
401	1.0925089494160085	1.0925097254350646	-7.760190561256763e-07	7.760190561256763e-07	7.103091068869421e-07
402	3.623401362439603	3.6234134902510817	-1.2127811478634953e-05	1.2127811478634953e-05	3.3470792400622736e-06
403	0.06545201767723638	0.06544676755382284	5.250123413541585e-06	5.250123413541585e-06	8.021331656163032e-05
404	0.3732851298775658	0.37329079066061865	-5.660783052863216e-06	5.660783052863216e-06	1.5164769769210744e-05
405	-0.8964298259235769	-0.8964371603870092	7.334463432262517e-06	7.334463432262517e-06	8.181860107907431e-06
406	1.5490318051325296	1.5490390005208354	-7.195388305847317e-06	7.195388305847317e-06	4.645087519834175e-06
407	-1.46596696069764	-1.4659737492355163	6.788537876278866e-06	6.788537876278866e-06	4.630757758038602e-06
408	-2.7269643768842102	-2.7269708322190667	6.455334856436679e-06	6.455334856436679e-06	2.367223756627305e-06
409	0.7728064322301501	0.7728106427062897	-4.210476139632213e-06	4.210476139632213e-06	5.448293342333734e-06
410	0.2562057357694239	0.25621396045494294	-8.22468551903155e-06	8.22468551903155e-06	3.2101878961966236e-05
411	-0.8378396482983027	-0.8378451090784722	5.460780169497248e-06	5.460780169497248e-06	6.517691279695805e-06
412	-0.36759413751169284	-0.36759497923277706	8.417210842215361e-07	8.417210842215361e-07	2.289810958137932e-06
413	-0.11024074913334712	-0.11024154400374186	7.948703947407987e-07	7.948703947407987e-07	7.21031379947649e-06
414	1.1466546202818688	1.146654581365425	3.891644384523829e-08	3.891644384523829e-08	3.393911571705167e-08
415	-0.4052122947184574	-0.4052160883816214	3.7936631639978735e-06	3.7936631639978735e-06	9.36216204060077e-06
416	-0.14596498663607674	-0.1459711990570156	6.2124209388725316e-06	6.2124209388725316e-06	4.256103523211003e-05
417	-0.3088149719835658	-0.30880935642763063	-5.615555935145622e-06	5.615555935145622e-06	1.8184208813050893e-05
418	0.07120039462023531	0.07121619689876013	-1.580227852482352e-05	1.580227852482352e-05	0.00022194088402330959
419	0.17430287095125324	0.1742927759202928	1.0095030960444173e-05	1.0095030960444173e-05	5.791660748529736e-05
420	0.48240595181533535	0.48240287276968274	3.0790456526097465e-06	3.0790456526097465e-06	6.382685870734038e-06
421	0.10191105361215311	0.10190391956044209	7.1340517110163315e-06	7.1340517110163315e-06	7.000272745846267e-05
422	-0.1538832496662455	-0.1538746998193119	-8.549846933603167e-06	8.549846933603167e-06	5.5560608137316895e-05
423	-0.13648125004372927	-0.13647367589264547	-7.574151083794556e-06	7.574151083794556e-06	5.549590937486109e-05
424	-0.17321967979973268	-0.17322748397496923	7.804175236547639e-06	7.804175236547639e-06	4.505362927336206e-05
425	-0.020195137259262	-0.020195257489419305	1.202301573056952e-07	1.202301573056952e-07	5.953421150953288e-06
426	-0.34638241569734185	-0.34638658613417306	4.17043683120788e-06	4.17043683120788e-06	1.2039978481043558e-05
427	1.4544915488877599	1.454488217069283	3.3318184768926784e-06	3.3318184768926784e-06	2.2907100968998397e-06
428	-0.8242551853871416	-0.8242602242258812	5.038838739590545e-06	5.038838739590545e-06	6.113202353982002e-06
429	-3.0231753831060013	-3.0231835696774567	8.186571455404135e-06	8.186571455404135e-06	2.7079379850577096e-06
430	0.5940746868517731	0.5940817551657318	-7.068313958691341e-06	7.068313958691341e-06	1.1898022445879684e-05
431	0.012763143059446758	0.012761534057048607	1.6090023981507606e-06	1.6090023981507606e-06	0.00012606631381130237
432	1.7726012571885243	1.7726060270373267	-4.769848802377297e-06	4.769848802377297e-06	2.6908752225205048e-06
433	-2.048563956154845	-2.048567340112939	3.3839580937389258e-06	3.3839580937389258e-06	1.6518684142479083e-06
434	0.8114889865831786	0.8114949180164643	-5.931433285755183e-06	5.931433285755183e-06	7.309320747198094e-06
435	1.250572734660136	1.2505777351314862	-5.000471350102842e-06	5.000471350102842e-06	3.9985449958348905e-06
436	0.2542986809713446	0.2543142977700086	-1.561679866396437e-05	1.561679866396437e-05	6.141124525032096e-05
437	-0.08956310717684965	-0.08954861633014843	-1.4490846701215032e-05	1.4490846701215032e-05	0.00016179481884881099
438	-1.322759535327175	-1.3227583174479918	-1.2178791832795355e-06	1.2178791832795355e-06	9.207109461345155e-07
439	0.23632538848271661	0.23631804588575278	7.3425969638329924e-06	7.3425969638329924e-06	3.106986096997355e-05
440	0.3089595783909392	0.30895115812157314	8.420269366038458e-06	8.420269366038458e-06	2.725362783666136e-05
441	0.636831297551678	0.6368253314974481	5.966054229866735e-06	5.966054229866735e-06	9.368343316045327e-06
442	-0.49064713578063646	-0.49065488466837337	7.748887736913623e-06	7.748887736913623e-06	1.5793198761029912e-05
443	-0.2194060091076301	-0.2194101813906002	4.172282970088537e-06	4.172282970088537e-06	1.90162657215182e-05
444	0.6859166261208817	0.6859213474097459	-4.72128886419565e-06	4.72128886419565e-06	6.883181839309431e-06
445	-0.9802203912281071	-0.9802270282506242	6.637022517130831e-06	6.637022517130831e-06	6.770949244195359e-06
446	2.1005966306152857	2.1006087820580888	-1.2151442803087775e-05	1.2151442803087775e-05	5.784757828316851e-06
447	-0.11852503162786136	-0.11852105892273812	-3.972705123242437e-06	3.972705123242437e-06	3.3517857524946516e-05
448	0.8465189589133053	0.8465268285711147	-7.869657809411734e-06	7.869657809411734e-06	9.296493275843678e-06
449	-1.451236950453659	-1.451243816696035	6.866242376002418e-06	6.866242376002418e-06	4.731303440045418e-06
450	-0.4701388578135117	-0.4701457726508096	6.914837297866683e-06	6.914837297866683e-06	1.470807439747847e-05
451	0.13370143231480186	0.1336991483267269	2.2839880749470076e-06	2.2839880749470076e-06	1.7082749491937575e-05
452	-0.649359680161627	-0.6493657501511763	6.06998954921778e-06	6.06998954921778e-06	9.347653903776327e-06
453	0.5886638894413732	0.58866643920652	-2.5497651467976112e-06	2.5497651467976112e-06	4.331444806674438e-06
454	0.4116761020399742	0.41167467164626714	1.430393707035904e-06	1.430393707035904e-06	3.4745609471812655e-06
455	-2.4059720635661117	-2.405982873687762	1.0810121650273175e-05	1.0810121650273175e-05	4.493037061390689e-06
456	0.46590095006742244	0.4659013739640727	-4.2389665028119694e-07	4.2389665028119694e-07	9.098428544089749e-07
457	-0.629895737109769	-0.6299023146851823	6.577575413335701e-06	6.577575413335701e-06	1.044232406384655e-05
458	1.743403400866561	1.7434095538924055	-6.153025844390925e-06	6.153025844390925e-06	3.529318482075092e-06
459	-0.8675285951781132	-0.8675358698955193	7.274717406136055e-06	7.274717406136055e-06	8.38556497914916e-06
460	0.21821963506979497	0.21822742678878626	-7.791718991290164e-06	7.791718991290164e-06	3.5705856573346735e-05
461	0.6625686626995506	0.6625753771452025	-6.714445651923029e-06	6.714445651923029e-06	1.0133962002618544e-05
462	0.4016276451106907	0.4016341197541351	-6.474643444387418e-06	6.474643444387418e-06	1.6121010401569773e-05
463	-0.6886206868103238	-0.6886223477007292	1.6608904053194706e-06	1.6608904053194706e-06	2.4119089611040863e-06
464	-0.43337928725409003	-0.43337917033703377	-1.1691705625871407e-07	1.1691705625871407e-07	2.6977998187108943e-07
465	-1.0802443326102755	-1.0802551629129908	1.0830302715314488e-05	1.0830302715314488e-05	1.0025789896202847e-05
466	-0.40471983307390536	-0.40472667247826166	6.839404356306922e-06	6.839404356306922e-06	1.6899108463157494e-05
467	-0.5620344390209782	-0.5620423970871258	7.958066147617515e-06	7.958066147617515e-06	1.4159392370118582e-05
468	0.5815189910499937	0.581525857656473	-6.8666064793054815e-06	6.8666064793054815e-06	1.1808051989681543e-05
469	1.0936707920821265	1.093678344268767	-7.552186640502612e-06	7.552186640502612e-06	6.905356433744369e-06
470	0.9957753255922156	0.9957830660134448	-7.740421229196492e-06	7.740421229196492e-06	7.773260724845784e-06
471	0.498858730899617	0.49886448362634894	-5.752726731922397e-06	5.752726731922397e-06	1.1531775181218571e-05
472	0.785360564173296	0.7853666885715427	-6.124398246654117e-06	6.124398246654117e-06	7.798199357133394e-06
473	-0.8135895952828488	-0.8135913171525289	1.7218696800602729e-06	1.7218696800602729e-06	2.1163860625106146e-06
474	0.3895214700609922	0.3895183737903096	3.096270682567681e-06	3.096270682567681e-06	7.9489089063123e-06
475	-0.3953133022177434	-0.39532044160317525	7.139385431842449e-06	7.139385431842449e-06	1.806006879047543e-05
476	0.22082250296797087	0.22083067085887365	-8.16789090277159e-06	8.16789090277159e-06	3.69884898187043e-05
477	0.3850345645003049	0.38503522452160155	-6.600212966723085e-07	6.600212966723085e-07	1.7141871341573696e-06
478	-0.3900592863651186	-0.39005728479324375	-2.001571874854502e-06	2.001571874854502e-06	5.131455511562702e-06
479	0.592516000759537	0.5925088150533497	7.1857061872959704e-06	7.1857061872959704e-06	1.2127446647997228e-05
480	-0.7739867497829451	-0.7739835906868109	-3.1590961342420343e-06	3.1590961342420343e-06	4.081589426599309e-06
481	0.7175912327516342	0.7175887477242071	2.4850274270571404e-06	2.4850274270571404e-06	3.463012525289916e-06
482	0.7916718536452727	0.7916723168683859	-4.6322311320068366e-07	4.6322311320068366e-07	5.851200987729465e-07
483	0.3834449376924275	0.3834346236519792	1.0314040448267114e-05	1.0314040448267114e-05	2.6898361236262588e-05
484	-0.5859367322964703	-0.5859283474958232	-8.384800647021073e-06	8.384800647021073e-06	1.4310078520181529e-05
485	-0.2513926122148013	-0.25138991259865406	-2.6996161472392366e-06	2.6996161472392366e-06	1.0738645513307931e-05
486	-0.5317433500716979	-0.5317352945972686	-8.055474429280451e-06	8.055474429280451e-06	1.5149177565068348e-05
487	-0.13165450045516408	-0.131661283903739	6.783448574909645e-06	6.783448574909645e-06	5.1524623552233214e-05
488	-0.5402792414304713	-0.5402823608235963	3.11939312491738e-06	3.11939312491738e-06	5.773668291712103e-06
489	0.14829841237927058	0.148299720946099	-1.3085668284229524e-06	1.3085668284229524e-06	8.823876179310105e-06
490	1.3306540196370436	1.3306590831501097	-5.063513066172476e-06	5.063513066172476e-06	3.8052814566731835e-06
491	-0.8813268517223783	-0.8813363427933041	9.491070925737866e-06	9.491070925737866e-06	1.076907041603175e-05
492	1.9012001530433194	1.9011959908592502	4.162184069178565e-06	4.162184069178565e-06	2.1892403398537538e-06
493	-0.3172768277807301	-0.3172760020646592	-8.257160708513567e-07	8.257160708513567e-07	2.602509854334552e-06
494	0.2512666234764313	0.25126681866716183	-1.951907305230982e-07	1.951907305230982e-07	7.768271321614946e-07
495	-1.7079574698476627	-1.7079575164711258	4.662346309025622e-08	4.662346309025622e-08	2.729778926779406e-08
496	-1.0135352663929562	-1.013540745322672	5.478929715696523e-06	5.478929715696523e-06	5.405761296491775e-06
497	0.629689019415118	0.6296971187520484	-8.099336930356138e-06	8.099336930356138e-06	1.2862439522733218e-05
498	-0.19322591407753947	-0.19322176987301987	-4.144204519607175e-06	4.144204519607175e-06	2.1447457187052823e-05
499	-1.212431766574308	-1.2124339831451891	2.216570881063973e-06	2.216570881063973e-06	1.828202577805126e-06
500	1.5828491078346678	1.5828586741921669	-9.566357499046774e-06	9.566357499046774e-06	6.043758341648572e-06
501	0.32473902996646586	0.3247521031610745	-1.3073194608637095e-05	1.3073194608637095e-05	4.0257540370146135e-05
502	0.7083585407655468	0.7083657255364528	-7.184770905999116e-06	7.184770905999116e-06	1.0142845031887797e-05
503	-1.3665221192297077	-1.3665282262511624	6.107021454759831e-06	6.107021454759831e-06	4.469024956729048e-06
504	-0.42330306468281254	-0.42330628292575057	3.2182429380300803e-06	3.2182429380300803e-06	7.6026922707057624e-06
505	0.5040732244258987	0.504068614954889	4.60947100977549e-06	4.60947100977549e-06	9.144447247769069e-06
506	-0.21632698960588892	-0.21633079453486914	3.804928980222222e-06	3.804928980222222e-06	1.7588785325188304e-05
507	0.09856403627525856	0.09855568521111024	8.351064148315324e-06	8.351064148315324e-06	8.472729470000002e-05
508	2.65457576641206	2.654574448632374	1.3177796858165891e-06	1.3177796858165891e-06	4.964181857192601e-07
509	0.19543167168673198	0.19544475821042795	-1.3086523695970964e-05	1.3086523695970964e-05	6.696214376627788e-05
510	1.710718122287235	1.7107189896190533	-8.673318183660683e-07	8.673318183660683e-07	5.06998673286072e-07
511	-2.1243476050899845	-2.124349700540762	2.095450777339636e-06	2.095450777339636e-06	9.863973166721344e-07
512	-0.5988231331964251	-0.5988274425785534	4.309382128253603e-06	4.309382128253603e-06	7.196418924651071e-06
513	-0.2995480599859464	-0.2995522837867526	4.22380080616902e-06	4.22380080616902e-06	1.410057807207025e-05
514	-0.5302234218673246	-0.5302199678851593	-3.453982165280145e-06	3.453982165280145e-06	6.5142014155391636e-06
515	0.403391129299135	0.40338406916440306	7.0601347319509955e-06	7.0601347319509955e-06	1.750195832074321e-05
516	-1.4111689854098153	-1.4111659362878726	-3.0491219427108973e-06	3.0491219427108973e-06	2.1607064598471225e-06
517	1.3894876711306883	1.389492915430779	-5.244300090634368e-06	5.244300090634368e-06	3.7742688903218886e-06
518	2.994596660695184	2.9945930369716933	3.62372349060891e-06	3.62372349060891e-06	1.2100873343549634e-06
519	-1.9601800346669775	-1.960193477932748	1.3443265770352042e-05	1.3443265770352042e-05	6.858179112428297e-06
520	-0.3478273725169208	-0.3478262938614307	-1.078655490094338e-06	1.078655490094338e-06	3.1011230723133053e-06
521	-2.7662792677701407	-2.76628062463935	1.3568692094345636e-06	1.3568692094345636e-06	4.905033361032696e-07
522	1.135382430079903	1.1353871803372328	-4.75025732993295e-06	4.75025732993295e-06	4.183839034393591e-06
523	-1.041632035816891	-1.0416378976731977	5.86185630679914e-06	5.86185630679914e-06	5.627569146528822e-06
524	-0.22830350512299533	-0.22829822617964624	-5.278943349090737e-06	5.278943349090737e-06	2.3122480516656016e-05
525	0.8248503682461101	0.8248582164895879	-7.848243477770467e-06	7.848243477770467e-06	9.514748104505653e-06
526	-0.06489315082853134	-0.06489673606857593	3.5852400445957056e-06	3.5852400445957056e-06	5.5248358244602234e-05
527	2.4950419029592052	2.4950507675640665	-8.864604861269498e-06	8.864604861269498e-06	3.55288817023705e-06
528	-0.02889923517056792	-0.02890167636415697	2.4411935890499004e-06	2.4411935890499004e-06	8.447260194401632e-05
529	0.1375834942027909	0.13759008123059857	-6.587027807675172e-06	6.587027807675172e-06	4.787658465750431e-05
530	-0.8200357672877845	-0.820041672140448	5.904852663496385e-06	5.904852663496385e-06	7.200725747641843e-06
531	-0.29777703753915785	-0.29778127776936003	4.24023020217934e-06	4.24023020217934e-06	1.4239614435084665e-05
532	-0.07269034337425956	-0.07269378452967601	3.4411554164504032e-06	3.4411554164504032e-06	4.733992517730978e-05
533	-1.6750061356714208	-1.6750108864602709	4.7507888500941675e-06	4.7507888500941675e-06	2.8362814612555607e-06
534	0.32667627270972577	0.326683372138703	-7.0994289772530195e-06	7.0994289772530195e-06	2.173230678299476e-05
535	0.354919525837483	0.35491842735879686	1.0984786861234497e-06	1.0984786861234497e-06	3.0950077585374695e-06
536	-0.32698654057129317	-0.3269940646219993	7.524050706142482e-06	7.524050706142482e-06	2.301027648721219e-05
537	-2.0039161748105907	-2.00391934790467	3.1730940794894025e-06	3.1730940794894025e-06	1.583446513070499e-06
538	-1.125002986981327	-1.1250097856052577	6.798623930714953e-06	6.798623930714953e-06	6.043205226465588e-06
539	-0.33764642546938123	-0.33764852457984773	2.099110466502463e-06	2.099110466502463e-06	6.2168893498113355e-06
540	2.061566177379841	2.0615698197019583	-3.642322117247687e-06	3.642322117247687e-06	1.7667742889907694e-06
541	0.7700834611438441	0.770090551522884	-7.090379039897954e-06	7.090379039897954e-06	9.207286479528146e-06
542	0.6646329660406745	0.664641038376601	-8.072335926589957e-06	8.072335926589957e-06	1.2145554522638506e-05
543	-0.057650002569249896	-0.05764976190292259	-2.406663273044063e-07	2.406663273044063e-07	4.174610868669346e-06
544	0.525960975658515	0.5259637849786003	-2.8093200853396283e-06	2.8093200853396283e-06	5.341308985561707e-06
545	0.042623093826129846	0.04262009097999453	3.002846135316539e-06	3.002846135316539e-06	7.045115372351647e-05
546	0.4389353350370018	0.43895043838126924	-1.510334426746418e-05	1.510334426746418e-05	3.440904174686913e-05
547	0.32673302811155686	0.3267375291908792	-4.501079322316581e-06	4.501079322316581e-06	1.3776015691868691e-05
548	-0.634995467877281	-0.6349982483619954	2.7804847143597655e-06	2.7804847143597655e-06	4.378747337606386e-06
549	-0.060195362746251736	-0.060200832898260614	5.470152008878182e-06	5.470152008878182e-06	9.087331248317461e-05
550	-0.852679980275091	-0.8526861032116528	6.122936561880898e-06	6.122936561880898e-06	7.180814260357703e-06
551	0.5923436738183026	0.5923499399962395	-6.266177936975481e-06	6.266177936975481e-06	1.0578618822048211e-05
552	-0.37876221219951034	-0.378769812463986	7.60026447566009e-06	7.60026447566009e-06	2.0066057887677305e-05
553	-0.4491132869413937	-0.44912589882528664	1.2611883892954534e-05	1.2611883892954534e-05	2.8081742980363662e-05
554	-2.0071476603503737	-2.0071417704610184	-5.889889355348288e-06	5.889889355348288e-06	2.934457425180234e-06
555	-0.17693812005398823	-0.17694561644354678	7.496389558547811e-06	7.496389558547811e-06	4.236729516658409e-05
556	-0.04228717986004635	-0.0422806852125035	-6.494647542848453e-06	6.494647542848453e-06	0.00015358431478152809
557	0.5486768972979453	0.5486695842353839	7.313062561409289e-06	7.313062561409289e-06	1.3328541072940624e-05
558	-0.2951936253258308	-0.2951878424699572	-5.782855873603943e-06	5.782855873603943e-06	1.959004320374772e-05
559	0.49127147694629486	0.4912760048014775	-4.52785518262333e-06	4.52785518262333e-06	9.216605064816961e-06
560	1.458524262814276	1.4585253885890381	-1.1257747620785352e-06	1.1257747620785352e-06	7.718587827303685e-07
561	0.47220655588146115	0.4722085078778804	-1.951996419224944e-06	1.951996419224944e-06	4.133776617271186e-06
562	1.5186126230441697	1.5186149083206146	-2.285276444968787e-06	2.285276444968787e-06	1.5048448895333056e-06
563	1.2425216775580736	1.242521141806563	5.357515107107247e-07	5.357515107107247e-07	4.311808159062758e-07
564	-1.8296490043584805	-1.8296637193770948	1.4715018614275266e-05	1.4715018614275266e-05	8.042536343977466e-06
565	-0.3097495055002294	-0.3097469287567378	-2.576743491577993e-06	2.576743491577993e-06	8.318797756970381e-06
566	-1.2007178639987424	-1.2007223846630666	4.520664324214607e-06	4.520664324214607e-06	3.7649679910311903e-06
567	1.000033809879923	1.0000414066091423	-7.596729219239151e-06	7.596729219239151e-06	7.596472383420029e-06
568	-1.2088657312601492	-1.2088701746186814	4.4433585322245506e-06	4.4433585322245506e-06	3.6756427263371032e-06
569	-0.0418208110713626	-0.04181519136103873	-5.619710323874483e-06	5.619710323874483e-06	0.00013437592863239947
570	0.8296005428222303	0.8296069640181258	-6.421195895556231e-06	6.421195895556231e-06	7.740105706430556e-06
571	-2.3874672548992746	-2.38747154318375	4.288284475517656e-06	4.288284475517656e-06	1.7961647292618368e-06
572	-0.9227693760118896	-0.9227692947071375	-8.130475204204402e-08	8.130475204204402e-08	8.8109504016523e-08
573	0.9394612446393428	0.9394672660594239	-6.021420081103734e-06	6.021420081103734e-06	6.409439575567958e-06
574	0.5107076397338381	0.5107098197765225	-2.180042684374328e-06	2.180042684374328e-06	4.268670595001252e-06
575	1.5344691965626245	1.5344748970829158	-5.7005202913629205e-06	5.7005202913629205e-06	3.714978641560676e-06
576	-1.1200066150874706	-1.1200146330718752	8.017984404640188e-06	8.017984404640188e-06	7.1588723643511675e-06
577	1.8767503979877165	1.8767536759707326	-3.2779830161366874e-06	3.2779830161366874e-06	1.7466270526178633e-06
578	-0.6117296519459018	-0.6117360962374363	6.444291534513091e-06	6.444291534513091e-06	1.0534541711381667e-05
579	0.18055130597593538	0.18055443309350494	-3.1271175695568587e-06	3.1271175695568587e-06	1.7319828027018833e-05
580	-1.696602875076144	-1.6966093010069017	6.42593075772524e-06	6.42593075772524e-06	3.7875279195414793e-06
581	-1.1911835450824924	-1.191180374101819	-3.1709806733726253e-06	3.1709806733726253e-06	2.6620420391662038e-06
582	0.827672125117382	0.827679115751323	-6.990633941050817e-06	6.990633941050817e-06	8.446139152094065e-06
583	0.40401779256430415	0.40402072775158615	-2.935187282004925e-06	2.935187282004925e-06	7.264995096813108e-06
584	2.0180571468597552	2.018060756393325	-3.609533569814971e-06	3.609533569814971e-06	1.7886181149189308e-06
585	-0.9527886926584342	-0.9527958488515509	7.156193116641951e-06	7.156193116641951e-06	7.510787199494378e-06
586	1.29258508251184	1.292589886023876	-4.803512036133384e-06	4.803512036133384e-06	3.7162056882157964e-06
587	-0.826873601777263	-0.826880826465981	7.224688718054928e-06	7.224688718054928e-06	8.73735562790534e-06
588	0.12511656754105213	0.12511817735472164	-1.6098136695064102e-06	1.6098136695064102e-06	1.2866510815829507e-05
589	-1.0646706181216572	-1.0646561225886586	-1.4495532998592964e-05	1.4495532998592964e-05	1.361503994931942e-05
590	0.12785886852719683	0.12785383938407335	5.029143123475022e-06	5.029143123475022e-06	3.9333549415895806e-05
591	-0.5787681670586333	-0.578758235878496	-9.931180137368045e-06	9.931180137368045e-06	1.7159167871722196e-05
592	0.8359695632614027	0.8359611790496047	8.384211798051489e-06	8.384211798051489e-06	1.002932662445486e-05
593	-0.9527281687456068	-0.9527201985992662	-7.970146340685602e-06	7.970146340685602e-06	8.36560374947175e-06
594	0.6685206705387438	0.6685117468183677	8.92372037608613e-06	8.92372037608613e-06	1.334845842372343e-05
595	0.2287010548602542	0.2286943809384212	6.673921832983654e-06	6.673921832983654e-06	2.918185854919513e-05
596	0.8248693002184099	0.824866686347292	2.613871117884692e-06	2.613871117884692e-06	3.1688306464946482e-06
597	-0.08975250348011038	-0.08975163061641922	-8.728636911592424e-07	8.728636911592424e-07	9.725229462292086e-06
598	0.7568663891031022	0.7568650615912276	1.3275118746491898e-06	1.3275118746491898e-06	1.753958021867388e-06
599	1.2119439532587852	1.2119452251919682	-1.271933183000229e-06	1.271933183000229e-06	1.0494983531046458e-06
600	2.137414134759811	2.1374247323393547	-1.0597579543691893e-05	1.0597579543691893e-05	4.958131122718893e-06
601	-0.1591222872809971	-0.1591150833881727	-7.203892824381164e-06	7.203892824381164e-06	4.527268271137702e-05
602	-0.280090403924175	-0.2800849423643115	-5.461559863528809e-06	5.461559863528809e-06	1.9499275187618855e-05
603	-0.28743780657131957	-0.28744450465900684	6.698087687273535e-06	6.698087687273535e-06	2.3302737267484657e-05
604	-0.5977441018221051	-0.5977500878238118	5.986001706648203e-06	5.986001706648203e-06	1.0014321661060403e-05
605	-0.9318535493346103	-0.9318606863057965	7.136971186261221e-06	7.136971186261221e-06	7.65889789372737e-06
606	-1.849976328188492	-1.8499822556030665	5.927414574502521e-06	5.927414574502521e-06	3.2040488757532813e-06
607	0.2316020961844322	0.2316004210936029	1.6750908292950673e-06	1.6750908292950673e-06	7.232623784031465e-06
608	1.3858653110413799	1.3858760620450994	-1.0751003719500218e-05	1.0751003719500218e-05	7.757610810982489e-06
609	-2.038737379520928	-2.0387390945693085	1.715048380646067e-06	1.715048380646067e-06	8.412306547541092e-07
610	-0.5370782585424609	-0.5370850588413134	6.800298852471798e-06	6.800298852471798e-06	1.2661653575266018e-05
611	-0.7284167854729868	-0.7284202551041119	3.4696311250748124e-06	3.4696311250748124e-06	4.7632498238242244e-06
612	1.714955433441162	1.7149594164820314	-3.983040869348642e-06	3.983040869348642e-06	2.3225331642329788e-06
613	0.30544351246279405	0.30545147185989663	-7.959397102574872e-06	7.959397102574872e-06	2.6058491268641375e-05
614	-0.6575118161622315	-0.6575189822584093	7.166096177790848e-06	7.166096177790848e-06	1.0898809727280579e-05
615	0.3238461639026452	0.32384352480185896	2.63910078623919e-06	2.63910078623919e-06	8.149242079744252e-06
616	-0.969127021641679	-0.9691388459511785	1.1824309499530727e-05	1.1824309499530727e-05	1.2200990412485474e-05
617	0.96747289062086	0.9674880101062655	-1.5119485405556965e-05	1.5119485405556965e-05	1.5627812987973527e-05
618	-0.33723590766968103	-0.33724036722837525	4.459558694214216e-06	4.459558694214216e-06	1.3223854852912953e-05
619	0.12206702389543556	0.12206925598867713	-2.2320932415720307e-06	2.2320932415720307e-06	1.8285800458968143e-05
620	-0.24407772210951814	-0.24408412145326963	6.399343751489761e-06	6.399343751489761e-06	2.6218467200453318e-05
621	-0.4458072045889048	-0.44580952177319944	2.3171842946090315e-06	2.3171842946090315e-06	5.197727337640925e-06
622	0.8470599977838361	0.8470681154921778	-8.117708341637275e-06	8.117708341637275e-06	9.583392395905417e-06
623	-0.7233951678583814	-0.7234028289069272	7.661048545770655e-06	7.661048545770655e-06	1.0590406027249622e-05
624	0.7830431116554792	0.783050156169196	-7.044513716802925e-06	7.044513716802925e-06	8.99632933608175e-06
625	-0.8269362888997221	-0.8269501856581485	1.3896758426334976e-05	1.3896758426334976e-05	1.6805113783100837e-05
626	-0.3770157368428302	-0.37701556832558936	-1.685172408283364e-07	1.685172408283364e-07	4.469766759327281e-07
627	0.26116044142312334	0.26116705314471744	-6.6117215941075e-06	6.6117215941075e-06	2.5316704007998714e-05
628	0.4801389181909098	0.4801462056374106	-7.287446500803263e-06	7.287446500803263e-06	1.5177787562527215e-05
629	0.9619084126370023	0.961900303286356	8.109350646323676e-06	8.109350646323676e-06	8.430481051821221e-06
630	0.4697399078482226	0.46973208019984725	7.8276483753692e-06	7.8276483753692e-06	1.666379254687125e-05
631	0.34696757730869887	0.34697509902414936	-7.5217154504869654e-06	7.5217154504869654e-06	2.1678438973549555e-05
632	-0.5849241098424673	-0.5849164535653983	-7.656277069001405e-06	7.656277069001405e-06	1.3089351148584737e-05
633	-0.7308704100323161	-0.7308685377651614	-1.872267154756635e-06	1.872267154756635e-06	2.5616951090876026e-06
634	0.21027102379315482	0.21025508914007673	1.5934653078086836e-05	1.5934653078086836e-05	7.57814975674531e-05
635	1.7509804711727612	1.7510398199558352	-5.934878307400915e-05	5.934878307400915e-05	3.3894600226043e-05
636	-1.3046901666988044	-1.3046400314493667	-5.0135249437754936e-05	5.0135249437754936e-05	3.84269389908945e-05
637	-0.39409921766846734	-0.3941146221269065	1.5404458439172153e-05	1.5404458439172153e-05	3.9087767111811485e-05
638	-1.0228081356063148	-1.022828750743443	2.06151371282548e-05	2.06151371282548e-05	2.0155429362159175e-05
639	0.3298537404894362	0.3298490617122951	4.678777141109425e-06	4.678777141109425e-06	1.4184399225447819e-05
640	-0.33105732483039446	-0.3310029738852194	-5.435094517508565e-05	5.435094517508565e-05	0.00016417381854617004
641	-0.24194146017414328	-0.2420336603989881	9.220022484482393e-05	9.220022484482393e-05	0.00038108484911375073
642	0.13139183587068884	0.13128719656840815	0.00010463930228069018	0.00010463930228069018	0.0007963912033596399
643	-1.3642652623862033	-1.3642600071808175	-5.255205385745754e-06	5.255205385745754e-06	3.852040750897667e-06
644	-1.287507433463857	-1.2875194622079533	1.2028744096337363e-05	1.2028744096337363e-05	9.342659920786417e-06
645	-1.020529515186667	-1.0205430888099443	1.3573623277363112e-05	1.3573623277363112e-05	1.3300569043199437e-05
646	0.21926691161919906	0.21925961900493007	7.292614268988862e-06	7.292614268988862e-06	3.325907322329576e-05
647	0.5475795171280257	0.5475871540330246	-7.636904998942207e-06	7.636904998942207e-06	1.3946659361907206e-05
648	0.4104691354911276	0.41047714671371693	-8.011222589310307e-06	8.011222589310307e-06	1.9517235028462868e-05
649	1.1449983511312591	1.1450000604611432	-1.7093298840809013e-06	1.7093298840809013e-06	1.492866677399214e-06
650	0.739927915430631	0.7399321314132123	-4.2159825813792295e-06	4.2159825813792295e-06	5.69782879312719e-06
651	0.6100603786659358	0.61006481405812	-4.435392184198861e-06	4.435392184198861e-06	7.270415092188189e-06
652	0.6858230570027047	0.6858372971052518	-1.4240102547025124e-05	1.4240102547025124e-05	2.0763522604882273e-05
653	2.069295405058506	2.06929502999742	3.7506108618856615e-07	3.7506108618856615e-07	1.8125062534411894e-07
654	-1.6687475194801735	-1.6687609530858794	1.3433605705825968e-05	1.3433605705825968e-05	8.050112763619645e-06
655	-0.9049143683673077	-0.9049192830943298	4.914727022131693e-06	4.914727022131693e-06	5.431151492266713e-06
656	-1.1746921122225644	-1.174698297255361	6.1850327965906615e-06	6.1850327965906615e-06	5.265237360697291e-06
657	1.4795247121315755	1.4795324024898804	-7.690358304834888e-06	7.690358304834888e-06	5.197857286043748e-06
658	0.2195915759978315	0.21958286287215856	8.713125672937805e-06	8.713125672937805e-06	3.967877926712384e-05
659	-0.8945886414276749	-0.8945821586205938	-6.482807081154007e-06	6.482807081154007e-06	7.246690580385739e-06
660	0.18958501813596423	0.18959019130626587	-5.173170301631114e-06	5.173170301631114e-06	2.7286809646113933e-05
661	-2.6925720197140057	-2.6925800940098554	8.07429584970265e-06	8.07429584970265e-06	2.9987297612044077e-06
662	2.6391430432685725	2.6391398221807805	3.2210877920491043e-06	3.2210877920491043e-06	1.2205051940116874e-06
663	-1.0776267862826372	-1.0776300723644994	3.286081862174939e-06	3.286081862174939e-06	3.049369135960837e-06
664	1.0275179129850542	1.0275224801379323	-4.567152878109937e-06	4.567152878109937e-06	4.444840153532553e-06
665	-0.14555714042077886	-0.14554990278980995	-7.237630968909281e-06	7.237630968909281e-06	4.972364081890194e-05
666	0.09582837421678786	0.09582527239082594	3.1018259619153277e-06	3.1018259619153277e-06	3.236855458799936e-05
667	1.6650541067289515	1.6650592607998504	-5.154070898960583e-06	5.154070898960583e-06	3.0954374864645746e-06
668	-2.4935859028477942	-2.493589527084339	3.6242365446526037e-06	3.6242365446526037e-06	1.453423577873757e-06
669	0.9817984120658497	0.9818043107188146	-5.898652964853035e-06	5.898652964853035e-06	6.008008255423222e-06
670	1.5237799646619599	1.5237775157572742	2.448904685703468e-06	2.448904685703468e-06	1.6071248753075322e-06
671	0.013415619017549521	0.013400269697427802	1.5349320121718635e-05	1.5349320121718635e-05	0.001144138045485606
672	-0.21806552869845292	-0.21805009660269548	-1.5432095757439424e-05	1.5432095757439424e-05	7.076815785396029e-05
673	-0.5993465608021955	-0.599350469629556	3.908827360454836e-06	3.908827360454836e-06	6.521814949973293e-06
674	0.300252780673576	0.3002592790686265	-6.498395050458239e-06	6.498395050458239e-06	2.164308032678325e-05
675	-0.33578731224144054	-0.33579363678803986	6.324546599323355e-06	6.324546599323355e-06	1.8834977882594408e-05
676	-0.9245416518973436	-0.924535217240674	-6.434656669607186e-06	6.434656669607186e-06	6.959834266419462e-06
677	-0.3130425536543317	-0.3130356782303778	-6.8754239538892925e-06	6.8754239538892925e-06	2.1963224723375094e-05
678	0.5543287239005683	0.5543201170770118	8.606823556522869e-06	8.606823556522869e-06	1.5526569678656418e-05
679	-0.3540092915609968	-0.3540084146731459	-8.768878508869093e-07	8.768878508869093e-07	2.4770193093528424e-06
680	1.527320996475023	1.527333001696718	-1.2005221694977308e-05	1.2005221694977308e-05	7.860313400185509e-06
681	1.5452722105559176	1.5452800014035262	-7.790847608601936e-06	7.790847608601936e-06	5.041731518487056e-06
682	1.1190934388932054	1.1190996746801574	-6.235786951913624e-06	6.235786951913624e-06	5.572177206293766e-06
683	-1.0968043579678892	-1.096812194443686	7.836475796718645e-06	7.836475796718645e-06	7.144825546862087e-06
684	-0.28732120014261875	-0.2873222136710041	1.0135283853296428e-06	1.0135283853296428e-06	3.52750992556955e-06
685	-0.7651157878912324	-0.7651232021164134	7.414225181023859e-06	7.414225181023859e-06	9.69033092554333e-06
686	-0.4306838717774046	-0.4306871330719275	3.2612945229382184e-06	3.2612945229382184e-06	7.57236278544415e-06
687	-1.258027193666258	-1.2580335432872403	6.3496209823377114e-06	6.3496209823377114e-06	5.047284362616253e-06
688	-0.2576557303791623	-0.2576657077248967	9.977345734435428e-06	9.977345734435428e-06	3.87235545654386e-05
689	0.21202151543148248	0.21202467950409698	-3.1640726144976927e-06	3.1640726144976927e-06	1.4923356283245717e-05
690	-0.0008489600398610019	-0.0008581977883892478	9.237748528245836e-06	9.237748528245836e-06	0.010881252467145932
691	0.092128948424333	0.09213407710539911	-5.128681066113305e-06	5.128681066113305e-06	5.566850760622297e-05
692	-0.28185645596655845	-0.2818524501932984	-4.0057732600407014e-06	4.0057732600407014e-06	1.421210398145351e-05
693	-0.06874887128831272	-0.06874146738233833	-7.403905974395775e-06	7.403905974395775e-06	0.00010769494590458003
694	0.16545482203212314	0.16546110734161346	-6.285309490317026e-06	6.285309490317026e-06	3.7988070780413577e-05
695	0.06978738548604399	0.06977988966383464	7.49582220935241e-06	7.49582220935241e-06	0.00010740941442564024
696	0.06966463710611202	0.06966486160386864	-2.244977566207007e-07	2.244977566207007e-07	3.222549717423338e-06
697	-0.4552240680137881	-0.4552282143972519	4.146383463798919e-06	4.146383463798919e-06	9.108445170507397e-06
698	-3.7217881340063936	-3.721799693606087	1.155959969345588e-05	1.155959969345588e-05	3.105926312095664e-06
699	0.5191544639142457	0.5191555629053823	-1.0989911366499072e-06	1.0989911366499072e-06	2.116886616680309e-06
700	0.1110667949374366	0.11106703977858956	-2.448411529631933e-07	2.448411529631933e-07	2.2044496116153454e-06
701	2.3077081056198914	2.307714635476188	-6.52985629656655e-06	6.52985629656655e-06	2.829585024494471e-06
702	-1.8777677400159465	-1.8777734956554326	5.755639486126896e-06	5.755639486126896e-06	3.065149839073291e-06
703	0.34498235025576035	0.34498569793761646	-3.3476818561140043e-06	3.3476818561140043e-06	9.703922109731486e-06
704	1.413275737991322	1.4132826871655624	-6.949174240489242e-06	6.949174240489242e-06	4.917068943931671e-06
705	1.3582102467473454	1.3582147942923228	-4.54754497747345e-06	4.54754497747345e-06	3.348189272142478e-06
706	2.8758435253341683	2.875851541620733	-8.016286564771491e-06	8.016286564771491e-06	2.787455747906177e-06
707	-0.7574828090018692	-0.7574844862432428	1.6772413736765301e-06	1.6772413736765301e-06	2.2142302818550056e-06
708	-0.2711970258206097	-0.2712010992702574	4.073449647645777e-06	4.073449647645777e-06	1.50202592942161e-05
709	-2.5675286693648847	-2.5675340177908623	5.348425977658167e-06	5.348425977658167e-06	2.083102728890337e-06
710	1.16106815556749	1.1610741402012792	-5.9846337892022206e-06	5.9846337892022206e-06	5.1544207465384654e-06
711	1.7518585664415305	1.751865164060007	-6.597618476433809e-06	6.597618476433809e-06	3.766067993625334e-06
712	-0.3083148559692836	-0.3083187658319275	3.9098626439248996e-06	3.9098626439248996e-06	1.268139555466126e-05
713	-0.4035853465656206	-0.40359014628954526	4.79972392464223e-06	4.79972392464223e-06	1.1892711084498759e-05
714	-1.4806615406209207	-1.4806637099251674	2.1693042466797152e-06	2.1693042466797152e-06	1.4650912360227915e-06
715	-0.3005482867101342	-0.3005525236723372	4.236962202974759e-06	4.236962202974759e-06	1.409744254194044e-05
716	-0.5426221123651895	-0.5426113584405812	-1.075392460836433e-05	1.075392460836433e-05	1.981844153289286e-05
717	-2.291493194615613	-2.2914980851549416	4.8905393286169385e-06	4.8905393286169385e-06	2.134215078669393e-06
718	0.15044978493799452	0.15044728789170847	2.497046286048521e-06	2.497046286048521e-06	1.659720741427207e-05
719	0.7763398165789048	0.7763342070354895	5.609543415330265e-06	5.609543415330265e-06	7.225628900562937e-06
720	1.7298729149447345	1.729870899234598	2.015710136582527e-06	2.015710136582527e-06	1.1652359656992054e-06
721	0.1504406547359997	0.15044617621562395	-5.521479624237546e-06	5.521479624237546e-06	3.670204462967073e-05
722	-0.23330333587927898	-0.23331021263217622	6.876752897233551e-06	6.876752897233551e-06	2.9475587527783462e-05
723	0.5614255463077575	0.5614327256502349	-7.179342477403594e-06	7.179342477403594e-06	1.2787701814815677e-05
724	0.0664609460958206	0.06646415980071652	-3.213704895921321e-06	3.213704895921321e-06	4.83547870547605e-05
725	-0.18083020003342268	-0.18082512008454898	-5.079948873693008e-06	5.079948873693008e-06	2.8092369929105233e-05
726	1.728710048080044	1.7287113219044414	-1.2738243975185526e-06	1.2738243975185526e-06	7.368641137553978e-07
727	-0.09264594764329717	-0.09264921836837914	3.2707250819663525e-06	3.2707250819663525e-06	3.530348779591749e-05
728	0.5799864873035536	0.5799869852758377	-4.979722840747769e-07	4.979722840747769e-07	8.585929068622385e-07
729	-0.1782444712796566	-0.17824454652526356	7.524560696747784e-08	7.524560696747784e-08	4.2214833608735764e-07
730	0.026267949923331476	0.026268570803011926	-6.208796804497985e-07	6.208796804497985e-07	2.3636396531208797e-05
731	-0.39901497360435967	-0.3990206404260732	5.666821713545822e-06	5.666821713545822e-06	1.4202027714290033e-05
732	-1.5506459511678643	-1.5506481164599961	2.1652921318171536e-06	2.1652921318171536e-06	1.396380734226514e-06
733	0.8274378843427567	0.8274383529247586	-4.685820019778575e-07	4.685820019778575e-07	5.66304747274241e-07
734	0.24007144028009253	0.2400788697247691	-7.42944467657658e-06	7.42944467657658e-06	3.0946807616552015e-05
735	0.4631033362936423	0.4630989430136623	4.393279980030584e-06	4.393279980030584e-06	9.486608356552444e-06
736	-0.36162480291796983	-0.36162370613013195	-1.09678783788425e-06	1.09678783788425e-06	3.03294417040593e-06
737	-0.1048351636138741	-0.10483757675316951	2.413139295415201e-06	2.413139295415201e-06	2.301841493092153e-05
738	-0.20167554755886474	-0.2016758692278131	3.216689483664936e-07	3.216689483664936e-07	1.594982397519488e-06
739	-0.46581308142478683	-0.4658150912728587	2.0098480718599987e-06	2.0098480718599987e-06	4.314709380235646e-06
740	-0.1352362766662184	-0.13524019521504727	3.918548828862889e-06	3.918548828862889e-06	2.8975574642108806e-05
741	-0.2614277887347775	-0.2614230909845361	-4.697750241422494e-06	4.697750241422494e-06	1.7969590241947973e-05
742	0.5386549433529819	0.5386535672187165	1.376134265429485e-06	1.376134265429485e-06	2.5547603013970687e-06
743	-1.8466202782159484	-1.8466231432459068	2.865029958387666e-06	2.865029958387666e-06	1.5514992400904535e-06
744	-0.5652211162558558	-0.565226434217081	5.317961225159706e-06	5.317961225159706e-06	9.408638623388677e-06
745	0.012237794648927254	0.012246118453518307	-8.323804591052822e-06	8.323804591052822e-06	0.0006801719451782494
746	0.3356263441097274	0.3356255868016689	7.573080585410175e-07	7.573080585410175e-07	2.2564023111768255e-06
747	0.28039130921169575	0.28039673303759116	-5.4238258954120155e-06	5.4238258954120155e-06	1.9343773209878703e-05
748	-0.5508927380019091	-0.5508999464307607	7.208428851601667e-06	7.208428851601667e-06	1.3084995234728773e-05
749	1.510993934106221	1.5109975950728938	-3.66096667270277e-06	3.66096667270277e-06	2.422886412756048e-06
750	0.28482980704416	0.2848294229540471	3.8409011288154105e-07	3.8409011288154105e-07	1.348489881966573e-06
751	-1.527752065881275	-1.5277624315501726	1.036566889744961e-05	1.036566889744961e-05	6.784915647599031e-06
752	-3.4333889003284406	-3.4334022330373415	1.333270890091498e-05	1.333270890091498e-05	3.883250423405156e-06
753	0.23854885229001652	0.23854710230253318	1.7499874833404316e-06	1.7499874833404316e-06	7.335971087435285e-06
754	0.9264881920204479	0.9264947699065829	-6.577886135006317e-06	6.577886135006317e-06	7.099805687389851e-06
755	1.8578832541009818	1.8578904421016063	-7.188000624491764e-06	7.188000624491764e-06	3.868919432168515e-06
756	0.7287523282284697	0.7287588978766024	-6.56964813272598e-06	6.56964813272598e-06	9.01492575494914e-06
757	0.6012638738608271	0.6012668570729574	-2.983212130214241e-06	2.983212130214241e-06	4.961568888312683e-06
758	1.5755056462274593	1.575512933555956	-7.2873284966412655e-06	7.2873284966412655e-06	4.625390276506301e-06
759	-0.9673011805184861	-0.9673058073751406	4.626856654477152e-06	4.626856654477152e-06	4.783263731774933e-06
760	-2.145918775900456	-2.145922955971713	4.180071257131601e-06	4.180071257131601e-06	1.9479168103077845e-06
761	-1.2168924891505801	-1.2169050770811651	1.258793058500629e-05	1.258793058500629e-05	1.0344324332047579e-05
762	-0.7294110675499645	-0.7294070610424086	-4.006507555942562e-06	4.006507555942562e-06	5.492797866914896e-06
763	1.7212584401141275	1.721262570908877	-4.130794749368505e-06	4.130794749368505e-06	2.3998689871897527e-06
764	0.7274019312159032	0.7274076508423377	-5.719626434474989e-06	5.719626434474989e-06	7.86308942693379e-06
765	-0.2738572196972669	-0.27386310363120003	5.883933933137353e-06	5.883933933137353e-06	2.148540739456019e-05
766	0.42466032008330673	0.42466040559041573	-8.55071090044568e-08	8.55071090044568e-08	2.0135412931371277e-07
767	0.48948758860738667	0.48949310945012314	-5.5208427364727974e-06	5.5208427364727974e-06	1.1278820678946802e-05
768	1.0032680932123563	1.003269645487137	-1.552274780713958e-06	1.552274780713958e-06	1.5472183270014513e-06
769	-1.161371650090366	-1.161386005993137	1.4355902770990525e-05	1.4355902770990525e-05	1.2361161708978774e-05
770	-0.34557589311112447	-0.34557180356920014	-4.0895419243236475e-06	4.0895419243236475e-06	1.1833990755277022e-05
771	1.6478449486011095	1.6478435971194472	1.3514816623594328e-06	1.3514816623594328e-06	8.201509878139531e-07
772	1.0398583729726212	1.0398653479910536	-6.9750184323869036e-06	6.9750184323869036e-06	6.707661940969486e-06
773	0.030091073592024287	0.030096136361734693	-5.062769710406645e-06	5.062769710406645e-06	0.00016824822467446108
774	-1.0601721391671017	-1.0601770304727864	4.891305684706637e-06	4.891305684706637e-06	4.61369008296084e-06
775	0.12159498607914884	0.12160307251107838	-8.086431929538174e-06	8.086431929538174e-06	6.65030046902965e-05
776	0.31550300720573643	0.31549464614855083	8.361057185601872e-06	8.361057185601872e-06	2.6500721053824088e-05
777	-0.5876662544838275	-0.5876594140517	-6.8404321275084e-06	6.8404321275084e-06	1.1639994767977013e-05
778	0.8512706182178322	0.8512698721538925	7.460639397383062e-07	7.460639397383062e-07	8.764121817104645e-07
779	0.02410370684507711	0.024094208008307305	9.498836769806368e-06	9.498836769806368e-06	0.0003940819904116279
780	0.7948553272184867	0.7948690116172941	-1.3684398807334297e-05	1.3684398807334297e-05	1.7216213238730404e-05
781	-0.1761662339328548	-0.17617290665938867	6.672726533873963e-06	6.672726533873963e-06	3.787744328131151e-05
782	0.26395308731479816	0.2639524682113148	6.19103483368022e-07	6.19103483368022e-07	2.3455057475030067e-06
783	-0.6505412300138669	-0.6505487530859	7.523072033110978e-06	7.523072033110978e-06	1.1564327802790635e-05
784	-0.6753531440019417	-0.6753456515760092	-7.492425932453806e-06	7.492425932453806e-06	1.1094086107389566e-05
785	-0.2877319444091092	-0.2877230506399542	-8.893769155027265e-06	8.893769155027265e-06	3.090991225632471e-05
786	-0.1443423536496716	-0.1443493516735117	6.998023840104617e-06	6.998023840104617e-06	4.8482123667522296e-05
787	2.2917294318992947	2.291726174055597	3.257843697479501e-06	3.257843697479501e-06	1.4215655880369478e-06
788	0.620531828316977	0.6205381550667965	-6.326749819596245e-06	6.326749819596245e-06	1.0195689456825808e-05
789	0.7403145571712606	0.7403127445986257	1.812572634873888e-06	1.812572634873888e-06	2.4483817281666346e-06
790	0.09428184752662931	0.09428803345556958	-6.1859289402638185e-06	6.1859289402638185e-06	6.561102802442052e-05
791	-0.293768492030457	-0.2937735969652522	5.104934795163718e-06	5.104934795163718e-06	1.7377407494859775e-05
792	0.1305756032455699	0.1305830884703596	-7.485224789688383e-06	7.485224789688383e-06	5.732483407035178e-05
793	-2.385903154810965	-2.385905652930731	2.4981197661588794e-06	2.4981197661588794e-06	1.0470331794991928e-06
794	-0.32682792610930256	-0.32683000925004535	2.0831407427923665e-06	2.0831407427923665e-06	6.373815015108875e-06
795	-0.8707797506720445	-0.8707857099619076	5.959289863133321e-06	5.959289863133321e-06	6.843624761065127e-06
796	0.18888253424236637	0.18888112905912635	1.4051832400163722e-06	1.4051832400163722e-06	7.43945566832187e-06
797	-0.9938499309593891	-0.9938624087713066	1.2477811917488424e-05	1.2477811917488424e-05	1.2555026195396793e-05
798	2.4679531000408734	2.4679531721183423	-7.207746888227007e-08	7.207746888227007e-08	2.9205364105613007e-08
799	-0.9434239763504026	-0.9434273779973523	3.401646949674486e-06	3.401646949674486e-06	3.6056397070102237e-06
800	0.4582061651815139	0.4582133715267389	-7.206345224997079e-06	7.206345224997079e-06	1.572729869783039e-05
801	0.0018539247090753885	0.0018563734194287917	-2.448710353403216e-06	2.448710353403216e-06	0.001320825134600243
802	0.7545414421080363	0.754546739971218	-5.297863181707996e-06	5.297863181707996e-06	7.02130179477861e-06
803	0.5356437657778753	0.5356472963189418	-3.530541066498749e-06	3.530541066498749e-06	6.591210972784513e-06
804	-2.469807024749949	-2.4698096007522707	2.576002321674764e-06	2.576002321674764e-06	1.0429974066235263e-06
805	0.3804617437619687	0.3804616279818873	1.157800813555987e-07	1.157800813555987e-07	3.043146472777434e-07
806	0.956057298034113	0.9560623996147655	-5.1015806524778995e-06	5.1015806524778995e-06	5.336061617821436e-06
807	0.7585368665559253	0.7585519226385173	-1.5056082592002085e-05	1.5056082592002085e-05	1.9848847506071785e-05
808	0.46145010666323205	0.46144273944470626	7.367218525788921e-06	7.367218525788921e-06	1.5965363144157954e-05
809	-0.21902681927116496	-0.21903387356658754	7.0542954225816246e-06	7.0542954225816246e-06	3.220745042116551e-05
810	-0.734237055030776	-0.7342444049083241	7.3498775481350975e-06	7.3498775481350975e-06	1.001022421543002e-05
811	-0.8419118504252007	-0.8419048411312247	-7.009293976012465e-06	7.009293976012465e-06	8.325448765773375e-06
812	-0.7370304787629482	-0.7370278186762391	-2.6600867091275404e-06	2.6600867091275404e-06	3.6091949868780207e-06
813	-0.0242998115251491	-0.024308110107895686	8.29858274658743e-06	8.29858274658743e-06	0.00034150811161637236
814	-0.21497884535811915	-0.21498431902777781	5.47366965866769e-06	5.47366965866769e-06	2.5461433889225068e-05
815	-0.7538672677634336	-0.7538785116079083	1.12438444747065e-05	1.12438444747065e-05	1.4914886155045082e-05
816	1.212290812950239	1.2122991614056389	-8.348455399875832e-06	8.348455399875832e-06	6.886512139409004e-06
817	-0.21361851319158293	-0.2136125482703477	-5.964921235224185e-06	5.964921235224185e-06	2.792324104360079e-05
818	0.4990576838279852	0.4990657820407307	-8.098212745499822e-06	8.098212745499822e-06	1.6227007434056675e-05
819	-0.7874465758128847	-0.7874528449978158	6.269184931073646e-06	6.269184931073646e-06	7.961409857680742e-06
820	0.42702568319192125	0.42702543146688754	2.51725033706407e-07	2.51725033706407e-07	5.894845289510897e-07
821	0.25554288909850975	0.2555447599128513	-1.8708143415535616e-06	1.8708143415535616e-06	7.320940716266136e-06
822	-0.4250793330562298	-0.4250811951660438	1.8621098140103598e-06	1.8621098140103598e-06	4.380617144150921e-06
823	2.6114049473131073	2.611409985380675	-5.0380675675754105e-06	5.0380675675754105e-06	1.9292555805100673e-06
824	-3.9852642285707636	-3.9852750542905824	1.0825719818807755e-05	1.0825719818807755e-05	2.7164371539525715e-06
825	0.4655894690663426	0.46558957028075554	-1.0121441296195854e-07	1.0121441296195854e-07	2.1738982448405925e-07
826	-0.28136282071937146	-0.28136122326927193	-1.5974500995330487e-06	1.5974500995330487e-06	5.677545083777539e-06
827	2.5272028105954254	2.5272090882904052	-6.277694979850423e-06	6.277694979850423e-06	2.484048748889828e-06
828	-1.6607819915372366	-1.6607890581870066	7.066649770015587e-06	7.066649770015587e-06	4.2550134852285e-06
829	-2.330042126593737	-2.3300481956951558	6.069101418759715e-06	6.069101418759715e-06	2.604717463899276e-06
830	1.4580614179753377	1.458066421678339	-5.003703001271731e-06	5.003703001271731e-06	3.4317505007572774e-06
831	1.1951925224708941	1.1951996750205751	-7.152549680977671e-06	7.152549680977671e-06	5.984433090487188e-06
832	0.4883017309528108	0.48829932791960573	2.4030332050895e-06	2.4030332050895e-06	4.9212055840976065e-06
833	2.442181602538213	2.442189499888059	-7.897349846075485e-06	7.897349846075485e-06	3.2337275155408577e-06
834	-1.632188136586183	-1.632188199391038	6.280485509435607e-08	6.280485509435607e-08	3.847893124974925e-08
835	-0.7924838567834318	-0.7924794376510391	-4.419132392685654e-06	4.419132392685654e-06	5.576305882901164e-06
836	-0.4508667914885992	-0.45086998195742467	3.1904688254646985e-06	3.1904688254646985e-06	7.076300330150561e-06
837	0.7118003090998518	0.7117924102413298	7.898858522037422e-06	7.898858522037422e-06	1.1097014740027831e-05
838	0.3041857427280276	0.3041833908863367	2.3518416908951956e-06	2.3518416908951956e-06	7.731597377980915e-06
839	-1.9913173945746057	-1.991322433083198	5.038508592347668e-06	5.038508592347668e-06	2.530238828865359e-06
840	0.9203850719798452	0.9203927504337628	-7.678453917581152e-06	7.678453917581152e-06	8.342653690660137e-06
841	-0.5365793519530498	-0.5365859871240275	6.635170977653537e-06	6.635170977653537e-06	1.2365684504077056e-05
842	-1.5035617336326856	-1.5035742578088929	1.2524176207229232e-05	1.2524176207229232e-05	8.32967208933294e-06
843	-0.29981705891335475	-0.2998202718149656	3.2129016108717323e-06	3.2129016108717323e-06	1.0716206817972425e-05
844	0.5177713364540637	0.5177779205300936	-6.58407602993627e-06	6.58407602993627e-06	1.2716184860728389e-05
845	1.0550734300972278	1.0550805738365199	-7.143739292114759e-06	7.143739292114759e-06	6.770845600250255e-06
846	0.8512988495003142	0.8513056669539054	-6.817453591212441e-06	6.817453591212441e-06	8.008296493310279e-06
847	0.018808015498986294	0.018806835551998802	1.179946987492353e-06	1.179946987492353e-06	6.273638957581406e-05
848	0.448488303535458	0.44849515052725053	-6.846991792541779e-06	6.846991792541779e-06	1.5266823546046946e-05
849	-0.5514817905869595	-0.5514851569490276	3.3663620681023687e-06	3.3663620681023687e-06	6.104212551640995e-06
850	-1.1566804874312029	-1.1566933193112305	1.2831880027652787e-05	1.2831880027652787e-05	1.1093711847902164e-05
851	-0.9188128193119619	-0.9188144801459686	1.6608340066559535e-06	1.6608340066559535e-06	1.8075868901128764e-06
852	-2.27062263646153	-2.2706355645958354	1.2928134305312255e-05	1.2928134305312255e-05	5.6936516432598725e-06
853	0.5144336393460669	0.5144404028420979	-6.763496031014782e-06	6.763496031014782e-06	1.3147460651314214e-05
854	-1.1182207123063457	-1.1182246604057866	3.94809944093133e-06	3.94809944093133e-06	3.530697828685645e-06
855	0.5051517948426596	0.505157602987083	-5.808144423413708e-06	5.808144423413708e-06	1.1497820026993629e-05
856	0.6422478215190415	0.6422520539359766	-4.232416935145977e-06	4.232416935145977e-06	6.590005903228266e-06
857	2.037029967965622	2.037035708131185	-5.7401655633171345e-06	5.7401655633171345e-06	2.81790923726558e-06
858	1.7654781052956685	1.765485295303293	-7.19000762439137e-06	7.19000762439137e-06	4.072555532025272e-06
859	0.5499651354825568	0.5499648285276493	3.0695490749188536e-07	3.0695490749188536e-07	5.581352120122186e-07
860	2.1276861128196662	2.127697156646846	-1.1043827179868515e-05	1.1043827179868515e-05	5.190534032876185e-06
861	-1.076753191077828	-1.0767575445864708	4.3535086426960135e-06	4.3535086426960135e-06	4.043181556154163e-06
862	0.5718623070708628	0.5718698696135505	-7.562542687633567e-06	7.562542687633567e-06	1.3224411880492146e-05
863	-1.083662532240497	-1.0836690678761585	6.53563566155313e-06	6.53563566155313e-06	6.031061762410992e-06
864	-0.0822055919612468	-0.0822101356892091	4.543727962297295e-06	4.543727962297295e-06	5.527273575791888e-05
865	-1.1218274425534196	-1.1218346174448612	7.174891441641407e-06	7.174891441641407e-06	6.395717531486354e-06
866	-1.044023580579169	-1.0440296474918398	6.0669126706880405e-06	6.0669126706880405e-06	5.811087779571452e-06
867	1.1589587830390748	1.1589667086422395	-7.925603164649075e-06	7.925603164649075e-06	6.838554813714941e-06
868	1.1299879801434196	1.129988550014005	-5.698705853873776e-07	5.698705853873776e-07	5.043156169812079e-07
869	-1.0218425825174233	-1.021850929054935	8.346537511583207e-06	8.346537511583207e-06	8.168124576508233e-06
870	-0.8274902182411265	-0.8275044322321179	1.4213990991440717e-05	1.4213990991440717e-05	1.717723143803838e-05
871	-0.6153743954339985	-0.6153680383356175	-6.357098381037929e-06	6.357098381037929e-06	1.0330456431412825e-05
872	0.29104310221151164	0.29104190942241814	1.1927890934959606e-06	1.1927890934959606e-06	4.098324558914017e-06
873	-0.03783562888816039	-0.0378275599874911	-8.068900669289114e-06	8.068900669289114e-06	0.00021326196779073635
874	-0.5147128883183394	-0.5147200064694601	7.118151120755201e-06	7.118151120755201e-06	1.3829362509284536e-05
875	0.7307636868111642	0.7307719611873154	-8.274376151140572e-06	8.274376151140572e-06	1.1322916423567096e-05
876	0.8653640997590507	0.8653711336386039	-7.033879553142164e-06	7.033879553142164e-06	8.12823129027499e-06
877	1.7303746651153633	1.7303799216961124	-5.256580749124495e-06	5.256580749124495e-06	3.0378280814542795e-06
878	2.0437444224962245	2.043755740848141	-1.1318351916589364e-05	1.1318351916589364e-05	5.5380466324478855e-06
879	0.7336350768351249	0.7336321752084984	2.90162662641702e-06	2.90162662641702e-06	3.955136167881356e-06
880	-0.32589204280076345	-0.32588910191932996	-2.9408814334885847e-06	2.9408814334885847e-06	9.024097085078307e-06
881	-0.5387906334071825	-0.5387937600129789	3.1266057963774685e-06	3.1266057963774685e-06	5.803006961360046e-06
882	-0.6213459051876211	-0.6213468894653573	9.842777362045751e-07	9.842777362045751e-07	1.5841059351752924e-06
883	-1.404358634352616	-1.4043659676854503	7.3333328343139215e-06	7.3333328343139215e-06	5.2218376808673635e-06
884	-1.5055749727128964	-1.505582543686046	7.570973149517712e-06	7.570973149517712e-06	5.0286257986047496e-06
885	-0.11280544294271799	-0.11280142058289755	-4.022359820443633e-06	4.022359820443633e-06	3.5657497683743556e-05
886	0.6823915615610309	0.6823908759585606	6.856024702406316e-07	6.856024702406316e-07	1.004705375711645e-06
887	0.9637704425283558	0.963783720729694	-1.3278201338229323e-05	1.3278201338229323e-05	1.3777348580430922e-05
888	-0.3097266583578859	-0.309735237289388	8.578931502134512e-06	8.578931502134512e-06	2.7698395571173753e-05
889	0.1103997129370398	0.11040512375970479	-5.410822664989046e-06	5.410822664989046e-06	4.9011202303350194e-05
890	-0.27865764697766227	-0.2786652712085669	7.624230904612617e-06	7.624230904612617e-06	2.736056586749184e-05
891	0.07883321542329069	0.07883642299510996	-3.207571819263677e-06	3.207571819263677e-06	4.0688075477332664e-05
892	-0.792731497360455	-0.7927362084938494	4.7111333943972156e-06	4.7111333943972156e-06	5.942911830908446e-06
893	-0.6850494965594446	-0.6850567621867754	7.265627330776958e-06	7.265627330776958e-06	1.0605988862509134e-05
894	0.2308855883774189	0.23088949350658083	-3.9051291619296435e-06	3.9051291619296435e-06	1.6913698205996703e-05
895	0.2667953441873293	0.2667881745566092	7.169630720116338e-06	7.169630720116338e-06	2.687314781281269e-05
896	0.357780025625716	0.3577764755817725	3.550043943478798e-06	3.550043943478798e-06	9.922420731202589e-06
897	0.7290348977882007	0.7290328964515425	2.001336658286057e-06	2.001336658286057e-06	2.745186361253567e-06
898	0.042374117231198605	0.04237104008275594	3.0771484426650453e-06	3.0771484426650453e-06	7.261858520558033e-05
899	0.10293261541502843	0.10292950612544871	3.109289579722452e-06	3.109289579722452e-06	3.0207039500411718e-05
900	-0.45049464004716283	-0.4504956290958262	9.890486633579165e-07	9.890486633579165e-07	2.1954726548008914e-06
901	-0.3091872211167823	-0.3091783390338776	-8.882082904726474e-06	8.882082904726474e-06	2.8727199244019352e-05
902	-0.46071188388698414	-0.4607059898074084	-5.8940795757411735e-06	5.8940795757411735e-06	1.279341771263498e-05
903	-0.2785411485814342	-0.2785387380175308	-2.4105639033766835e-06	2.4105639033766835e-06	8.654247013962936e-06
904	4.576474005122769	4.57648556608703	-1.156096426058184e-05	1.156096426058184e-05	2.526172823802963e-06
905	-0.3382740373398176	-0.3382755082128597	1.4708730420864846e-06	1.4708730420864846e-06	4.348170062513251e-06
906	0.9352219826733462	0.9352216466194108	3.3605393545688145e-07	3.3605393545688145e-07	3.593306633963695e-07
907	-2.3230376191281596	-2.323044145120079	6.5259919193039195e-06	6.5259919193039195e-06	2.8092493490282506e-06
908	1.0264278047394082	1.0264352593853943	-7.454645986060271e-06	7.454645986060271e-06	7.262708542811614e-06
909	0.7955595702521258	0.7955666455234933	-7.0752713675625856e-06	7.0752713675625856e-06	8.89345264908361e-06
910	-2.25343638599461	-2.253443233703578	6.847708968305e-06	6.847708968305e-06	3.0387851242947754e-06
911	-0.6881537673995906	-0.688159977963565	6.210563974429206e-06	6.210563974429206e-06	9.024965449070797e-06
912	-1.7307815529254722	-1.730787997786365	6.444860892740323e-06	6.444860892740323e-06	3.723670894138447e-06
913	0.7353402080504512	0.7353480475273955	-7.83947694427134e-06	7.83947694427134e-06	1.0661020380016373e-05
914	0.611647972980951	0.6116537762714813	-5.803290530348448e-06	5.803290530348448e-06	9.487958411870982e-06
915	-1.3987159114727177	-1.398724669414264	8.757941546422288e-06	8.757941546422288e-06	6.261415541631317e-06
916	-0.10054692814441642	-0.10054587551877603	-1.0526256403881051e-06	1.0526256403881051e-06	1.0468998504620746e-05
917	-0.16261292210844036	-0.16261237269432627	-5.494141140927056e-07	5.494141140927056e-07	3.3786620827483945e-06
918	0.1694036311925009	0.16940674205656592	-3.1108640650145958e-06	3.1108640650145958e-06	1.836362091600966e-05
919	-0.6347932799060348	-0.6348007383323306	7.4584262957921865e-06	7.4584262957921865e-06	1.1749378154879362e-05
920	-0.4490350508725107	-0.44904162129277836	6.5704202676375445e-06	6.5704202676375445e-06	1.4632310450755897e-05
921	1.2293122802802168	1.2293182404139458	-5.960133728999395e-06	5.960133728999395e-06	4.848347994734753e-06
922	-1.9346435621447888	-1.9346448280046502	1.265859861376839e-06	1.265859861376839e-06	6.543116707107943e-07
923	-0.8180409813085477	-0.8180559330686066	1.4951760058834473e-05	1.4951760058834473e-05	1.8277519586998523e-05
924	-0.5929478447216132	-0.592947956850054	1.1212844075458861e-07	1.1212844075458861e-07	1.8910337857325797e-07
925	0.2689483330654029	0.26894495329976564	3.3797656372458462e-06	3.3797656372458462e-06	1.256659819647945e-05
926	0.07922707259774725	0.07923527767417227	-8.205076425016333e-06	8.205076425016333e-06	0.00010356404895426664
927	0.1318548305870239	0.1318496892235288	5.141363495109186e-06	5.141363495109186e-06	3.899260627934216e-05
928	1.6657068184840906	1.665710972435619	-4.153951528307331e-06	4.153951528307331e-06	2.4938071227250644e-06
929	0.7388028000761838	0.7388083939456891	-5.59386950527152e-06	5.59386950527152e-06	7.571532626425742e-06
930	0.46098421751032137	0.4609901435053132	-5.925994991828887e-06	5.925994991828887e-06	1.2855093009114145e-05
931	-1.2999024985407805	-1.2999050199500317	2.5214092511660624e-06	2.5214092511660624e-06	1.9396910568265678e-06
932	-0.3876565626939356	-0.38766661885425435	1.0056160318738794e-05	1.0056160318738794e-05	2.5940900494127272e-05
933	-1.5335334246931487	-1.5335457685807796	1.2343887630938966e-05	1.2343887630938966e-05	8.049311108695858e-06
934	0.9254228857523282	0.9254293787392953	-6.492986967088221e-06	6.492986967088221e-06	7.016237729856559e-06
935	0.36634715559810765	0.366350538300253	-3.38270214533809e-06	3.38270214533809e-06	9.233597405213656e-06
936	1.349735556804688	1.3497424211621478	-6.864357459779313e-06	6.864357459779313e-06	5.085705437018884e-06
937	0.37457096214902086	0.3745672099597641	3.75218925674492e-06	3.75218925674492e-06	1.0017298818940838e-05
938	0.02124841037728279	0.02125364891902848	-5.238541745687664e-06	5.238541745687664e-06	0.00024653805403195337
939	0.18379776233541673	0.18380454240052302	-6.780065106293254e-06	6.780065106293254e-06	3.6888724977620556e-05
940	-0.8582348723995281	-0.8582383589335052	3.4865339770817627e-06	3.4865339770817627e-06	4.0624473430377e-06
941	0.019924425838431983	0.01992831226260705	-3.886424175068154e-06	3.886424175068154e-06	0.00019505827704062003
942	-1.921484187511262	-1.9214843729660203	1.85454758216963e-07	1.85454758216963e-07	9.651641133574305e-08
943	0.6052833592319864	0.6052823479443248	1.0112876616119593e-06	1.0112876616119593e-06	1.6707673293631124e-06
944	-0.049826712766681325	-0.049822002496924256	-4.710269757068897e-06	4.710269757068897e-06	9.453302245976403e-05
945	1.192857566379133	1.192858807302244	-1.2409231109344887e-06	1.2409231109344887e-06	1.0402944541830394e-06
946	0.2529515131675417	0.2529558133428367	-4.300175294957853e-06	4.300175294957853e-06	1.6999998304456253e-05
947	0.029902286928249353	0.02989418927690224	8.09765134711371e-06	8.09765134711371e-06	0.00027080374710282374
948	0.7286266211321294	0.728625872906008	7.482261213942465e-07	7.482261213942465e-07	1.0268992371314455e-06
949	0.15933832363592493	0.15933545394020143	2.869695723495269e-06	2.869695723495269e-06	1.8010078542386887e-05
950	0.6866297396742843	0.6866382302792573	-8.490604972988258e-06	8.490604972988258e-06	1.2365623686815453e-05
951	-0.010516969102718059	-0.010518674773862813	1.7056711447537704e-06	1.7056711447537704e-06	0.00016218276654563415
952	0.5426687633313769	0.5426648916913024	3.871640074537552e-06	3.871640074537552e-06	7.13444431695318e-06
953	-0.5501574921831683	-0.5501632082598462	5.716076677875215e-06	5.716076677875215e-06	1.0389891547586369e-05
954	-0.24700101158139073	-0.24699454053411785	-6.471047272887942e-06	6.471047272887942e-06	2.6198464659953952e-05
955	-0.7020070869673019	-0.7019998384976134	-7.248469688470038e-06	7.248469688470038e-06	1.0325351158182336e-05
956	-0.13647224749111592	-0.1364768253289128	4.577837796893025e-06	4.577837796893025e-06	3.354409325742975e-05
957	0.2575179806841088	0.25751299086351764	4.989820591161376e-06	4.989820591161376e-06	1.937659101669592e-05
958	1.4913466399312745	1.4913420734519178	4.566479356649111e-06	4.566479356649111e-06	3.0619838704028914e-06
959	-0.23902228422264013	-0.23902751811455403	5.233891913897226e-06	5.233891913897226e-06	2.189708767498036e-05
960	1.5039587036939273	1.5039684458866276	-9.74219270033494e-06	9.74219270033494e-06	6.477699604654561e-06
961	-1.8875532031323101	-1.8875548749690552	1.6718367450430094e-06	1.6718367450430094e-06	8.857163561104773e-07
962	-0.3542719351729143	-0.3542758139420954	3.878769181120401e-06	3.878769181120401e-06	1.0948564636448658e-05
963	-0.5260873934095268	-0.5260910960291909	3.7026196640921327e-06	3.7026196640921327e-06	7.038031533308136e-06
964	0.3962277053129016	0.39623426585677635	-6.560543874767344e-06	6.560543874767344e-06	1.6557509196855563e-05
965	0.5933366924006604	0.5933447287969074	-8.036396246913213e-06	8.036396246913213e-06	1.3544411376949706e-05
966	-0.9779680623102512	-0.9779745393831973	6.477072946098339e-06	6.477072946098339e-06	6.6229902547099216e-06
967	0.1903443998529508	0.19035768101716144	-1.3281164210648955e-05	1.3281164210648955e-05	6.977438905956374e-05
968	-0.11072354859476219	-0.11073606527034485	1.2516675582663339e-05	1.2516675582663339e-05	0.00011304438614475046
969	0.5975866575070123	0.5975824698190024	4.187688009915647e-06	4.187688009915647e-06	7.007666515490277e-06
970	0.23504594544152113	0.2350383041385129	7.641303008232292e-06	7.641303008232292e-06	3.2509826935659397e-05
971	-0.08305063424930059	-0.08304394378910729	-6.690460193303771e-06	6.690460193303771e-06	8.055880913829522e-05
972	-0.943023137264869	-0.9430155496943371	-7.5875705318750875e-06	7.5875705318750875e-06	8.046006754279614e-06
973	-0.4280230064658686	-0.4280295306511306	6.5241852619801755e-06	6.5241852619801755e-06	1.5242604167120691e-05
974	0.19497625771721325	0.1949807378327506	-4.480115537358609e-06	4.480115537358609e-06	2.297774913628926e-05
975	0.34675760572088155	0.3467544997022287	3.106018652831999e-06	3.106018652831999e-06	8.957319469243746e-06
976	-0.2709223149145537	-0.2709237445319701	1.4296174163930253e-06	1.4296174163930253e-06	5.276853687168268e-06
977	-0.5184107126879803	-0.5184189988138854	8.286125905088149e-06	8.286125905088149e-06	1.5983708866902564e-05
978	-1.9981821037349532	-1.9981921821639048	1.0078428951620921e-05	1.0078428951620921e-05	5.0437990275173456e-06
979	-0.8491618754360886	-0.8491672030839226	5.327647834008076e-06	5.327647834008076e-06	6.274007333727804e-06
980	0.5601802131236889	0.560188245103177	-8.031979488065666e-06	8.031979488065666e-06	1.4338206348413432e-05
981	0.4904142219857465	0.49041939799110423	-5.176005357709901e-06	5.176005357709901e-06	1.0554354106517606e-05
982	1.1200841903506424	1.1200912062871993	-7.015936556831193e-06	7.015936556831193e-06	6.263758222169758e-06
983	-0.041769500435708665	-0.04177068577249088	1.185336782213997e-06	1.185336782213997e-06	2.837804546019073e-05
984	1.5077678817492073	1.5077740323992117	-6.1506500044217205e-06	6.1506500044217205e-06	4.07930828005579e-06
985	-0.8289750895791017	-0.8289817523170484	6.662737946694364e-06	6.662737946694364e-06	8.03731985490331e-06
986	0.5554418600725155	0.5554391935618241	2.666510691362589e-06	2.666510691362589e-06	4.8007017170338295e-06
987	0.06371083165088705	0.06371245462588604	-1.6229749989910003e-06	1.6229749989910003e-06	2.547408277268036e-05
988	0.12727053392550067	0.12727269222523319	-2.158299732518687e-06	2.158299732518687e-06	1.6958361577881598e-05
989	-0.8175095529305841	-0.817512296983125	2.7440525408595207e-06	2.7440525408595207e-06	3.3565999700220287e-06
990	0.2972760046849466	0.2972824435776289	-6.4388926823144566e-06	6.4388926823144566e-06	2.165964484465674e-05
991	0.7018651047023406	0.7018703205332599	-5.215830919280684e-06	5.215830919280684e-06	7.43138657889639e-06
992	0.26200570896232195	0.2620115539997414	-5.845037419460741e-06	5.845037419460741e-06	2.2308817020095137e-05
993	-0.36102194886294203	-0.3610295886637971	7.63980085505267e-06	7.63980085505267e-06	2.1161596626229046e-05
994	1.436958361477388	1.4369569621806022	1.399296785775661e-06	1.399296785775661e-06	9.737907675605814e-07
995	1.7422538256016649	1.7422653094811835	-1.1483879518658924e-05	1.1483879518658924e-05	6.59139291296612e-06
996	-1.3222224036481287	-1.3222206818799265	-1.7217682022341307e-06	1.7217682022341307e-06	1.3021774532662733e-06
997	-1.0098079810111285	-1.0097997401157244	-8.240895404076909e-06	8.240895404076909e-06	8.160853903952352e-06
998	-0.03821153775436603	-0.038219119657512124	7.581903146092195e-06	7.581903146092195e-06	0.00019841921031366739
999	0.8481389980444584	0.8481302040372896	8.794007168799745e-06	8.794007168799745e-06	1.0368591927827818e-05
1000	-0.42715038046625936	-0.4271576021626089	7.221696349535289e-06	7.221696349535289e-06	1.6906683640670973e-05
1001	-1.7040422878472992	-1.7040483736696643	6.085822365164972e-06	6.085822365164972e-06	3.5714033674910354e-06
1002	0.4740834056036704	0.4740906475575457	-7.241953875303242e-06	7.241953875303242e-06	1.5275695773577555e-05
1003	2.104003517164126	2.1040026052041583	9.119599675422307e-07	9.119599675422307e-07	4.3344032464898776e-07
1004	-1.2348587461328246	-1.2348702575692982	1.151143647359909e-05	1.151143647359909e-05	9.322067410259805e-06
1005	0.23211103595029886	0.2321244563781022	-1.3420427803334523e-05	1.3420427803334523e-05	5.78189992060877e-05
1006	-1.036224155509883	-1.0362170042697016	-7.151240181357821e-06	7.151240181357821e-06	6.901248290085451e-06
1007	0.13758848194220483	0.13759064567864243	-2.163736437604813e-06	2.163736437604813e-06	1.572614514719123e-05
1008	0.5609099667890407	0.5609017119816428	8.254807397856112e-06	8.254807397856112e-06	1.471681354694266e-05
1009	-1.0677633327812872	-1.0677695779346408	6.2451533535679005e-06	6.2451533535679005e-06	5.848817956035874e-06
1010	1.0973199559740698	1.0973279879813447	-8.032007274838548e-06	8.032007274838548e-06	7.319658437915394e-06
1011	-0.7930291866678881	-0.7930344775939346	5.290926046508382e-06	5.290926046508382e-06	6.671792331805012e-06
1012	2.1539061619784006	2.1539102245746733	-4.062596272724761e-06	4.062596272724761e-06	1.8861528623852375e-06
1013	3.9898240670385556	3.9898374924352	-1.3425396644173304e-05	1.3425396644173304e-05	3.3649094342493892e-06
1014	-2.3490004786542356	-2.3489996285341874	-8.501200481347837e-07	8.501200481347837e-07	3.619071412968913e-07
1015	-0.1498121716715527	-0.14980884673931882	-3.324932233872424e-06	3.324932233872424e-06	2.219400597944729e-05
1016	-1.753859614525188	-1.7538659202465112	6.305721323318636e-06	6.305721323318636e-06	3.595339827142178e-06
1017	2.3532392662150023	2.353242659490107	-3.393275104457416e-06	3.393275104457416e-06	1.4419592402583136e-06
1018	-2.0038964611997545	-2.0039032784904265	6.817290671978782e-06	6.817290671978782e-06	3.402017421547417e-06
1019	-2.235771482162467	-2.235778799445143	7.317282675778358e-06	7.317282675778358e-06	3.2728222603058645e-06
1020	-0.003985196129107749	-0.003989881196986289	4.685067878540394e-06	4.685067878540394e-06	0.0011756178935136477
1021	-1.1878090071945924	-1.1878097137607568	7.065661644656274e-07	7.065661644656274e-07	5.948482964735377e-07
1022	-0.731441000653256	-0.7314474338908639	6.433237607850195e-06	6.433237607850195e-06	8.79529258286672e-06
1023	-1.4211749107486322	-1.4211727584694245	-2.152279207745522e-06	2.152279207745522e-06	1.5144365351987295e-06
1024	0.9807347827073	0.9807288393748337	5.9433324662849785e-06	5.9433324662849785e-06	6.060081248345777e-06
1025	0.5689446151703177	0.5689412415446071	3.3736257105676515e-06	3.3736257105676515e-06	5.929620600342148e-06
1026	1.8776755622323473	1.8776732952527908	2.266979556519999e-06	2.266979556519999e-06	1.2073329397890296e-06
1027	0.20705831928750842	0.20706413499205212	-5.815704543693512e-06	5.815704543693512e-06	2.80872778437759e-05
1028	0.1625692913419048	0.162577862736768	-8.571394863210458e-06	8.571394863210458e-06	5.2724563122955843e-05
1029	-0.456555141386671	-0.45655613594597355	9.94559302525122e-07	9.94559302525122e-07	2.1783990856052988e-06
1030	1.735123411841096	1.7351233100821872	1.0175890885477656e-07	1.0175890885477656e-07	5.864649635889745e-08
1031	-1.4110688396763538	-1.4110754232135037	6.583537149884577e-06	6.583537149884577e-06	4.665638532131851e-06
1032	-1.2724323894488136	-1.2724285252225798	-3.864226233885049e-06	3.864226233885049e-06	3.036881382404087e-06
1033	-0.9731983307023181	-0.9732061953364735	7.864634155363426e-06	7.864634155363426e-06	8.081224460884386e-06
1034	1.296220173984636	1.296226411302115	-6.237317478952065e-06	6.237317478952065e-06	4.811927482796603e-06
1035	0.011792684338546258	0.011793665178672086	-9.808401258276644e-07	9.808401258276644e-07	8.317360981346996e-05
1036	-0.7619591081985702	-0.7619506659519715	-8.442246598683312e-06	8.442246598683312e-06	1.1079658354163571e-05
1037	0.1149178302620184	0.11491739678248791	4.334795304927752e-07	4.334795304927752e-07	3.772082447992798e-06
1038	1.2607443843669581	1.260739552671808	4.831695150198101e-06	4.831695150198101e-06	3.832414571986517e-06
1039	0.7562788710645609	0.7562801784324336	-1.3073678726271964e-06	1.3073678726271964e-06	1.7286849106162467e-06
1040	0.3929559457880271	0.3929565067330998	-5.609450726695719e-07	5.609450726695719e-07	1.427501170760153e-06
1041	-2.0276394476490314	-2.0276497868714216	1.0339222390243208e-05	1.0339222390243208e-05	5.09914245465639e-06
1042	-0.2466903094563599	-0.2466832346339487	-7.074822411190507e-06	7.074822411190507e-06	2.8678963623587573e-05
1043	-0.1428009813013348	-0.1428056102934505	4.628992115701669e-06	4.628992115701669e-06	3.241568841837083e-05
1044	0.679672716524173	0.6796780550413217	-5.338517148678612e-06	5.338517148678612e-06	7.854540897241891e-06
1045	-0.5095885616082012	-0.5095965797732305	8.018165029266555e-06	8.018165029266555e-06	1.573458596472844e-05
1046	-0.25015496448669233	-0.2501503518832493	-4.6126034430327145e-06	4.6126034430327145e-06	1.8438984221230973e-05
1047	1.3479667311248587	1.3479725904055329	-5.859280674203049e-06	5.859280674203049e-06	4.346754663086948e-06
1048	-2.6114260030461525	-2.6114228241631565	-3.178882995946708e-06	3.178882995946708e-06	1.217297749290477e-06
1049	1.5934684719468524	1.593465371813707	3.1001331453062164e-06	3.1001331453062164e-06	1.945525248779203e-06
1050	-1.6601995029928098	-1.660193169469082	-6.333523727919399e-06	6.333523727919399e-06	3.814917253319301e-06
1051	1.6191240396859747	1.6191262899312164	-2.2502452416972574e-06	2.2502452416972574e-06	1.3897917556295978e-06
1052	-0.4611962335835258	-0.461202094363955	5.860780429189916e-06	5.860780429189916e-06	1.2707780338211475e-05
1053	-0.4267206344693663	-0.4267224733034425	1.8388340761732458e-06	1.8388340761732458e-06	4.30922230526739e-06
1054	0.9905769159586324	0.9905711302522491	5.785706383321099e-06	5.785706383321099e-06	5.840744206846343e-06
1055	-1.1331948441974962	-1.1331862273635807	-8.616833915509048e-06	8.616833915509048e-06	7.604017931807042e-06
1056	2.0878002358109295	2.0877950014881463	5.234322783209677e-06	5.234322783209677e-06	2.507099430983921e-06
1057	-0.959787108216428	-0.9597954284004118	8.320183983778762e-06	8.320183983778762e-06	8.668780724967391e-06
1058	-0.6121911434883803	-0.6121857823409016	-5.361147478732953e-06	5.361147478732953e-06	8.757309764698857e-06
1059	-1.8771084488533791	-1.8771184976547062	1.0048801327044998e-05	1.0048801327044998e-05	5.3533408435635404e-06
1060	0.15192276622299383	0.15192193139590415	8.34827089679635e-07	8.34827089679635e-07	5.495075625823368e-06
1061	0.9186745198977572	0.9186752846606083	-7.647628511575633e-07	7.647628511575633e-07	8.324633312380066e-07
1062	0.5292825407412807	0.5292862531049991	-3.712363718433309e-06	3.712363718433309e-06	7.013954613416872e-06
1063	0.8078643419934343	0.8078722578517272	-7.915858292961708e-06	7.915858292961708e-06	9.798499428046352e-06
1064	-0.3064833764093769	-0.30648976800762284	6.391598245947261e-06	6.391598245947261e-06	2.08546327074192e-05
1065	1.3478259081120985	1.3478323908255874	-6.482713488908942e-06	6.482713488908942e-06	4.809755807401928e-06
1066	0.6827845778801935	0.6827883479889607	-3.7701087671759836e-06	3.7701087671759836e-06	5.521666553865127e-06
1067	-0.9816000584402857	-0.9816037601417804	3.701701494662757e-06	3.701701494662757e-06	3.7710893177253663e-06
1068	-0.5222257355896476	-0.5222270331373124	1.2975476648691142e-06	1.2975476648691142e-06	2.4846490252037213e-06
1069	-0.7161835115950825	-0.7161876026469116	4.091051829080428e-06	4.091051829080428e-06	5.712295470149606e-06
1070	-0.2150174028290757	-0.21502098264569725	3.5798166215517124e-06	3.5798166215517124e-06	1.6648962244220878e-05
1071	-0.4062448419422152	-0.40625218590406575	7.343961850536651e-06	7.343961850536651e-06	1.807767408301338e-05
1072	0.03339893371488892	0.03339857057405027	3.6314083864952273e-07	3.6314083864952273e-07	1.087282731088023e-05
1073	1.1966174612693616	1.1966236530049912	-6.1917356295460024e-06	6.1917356295460024e-06	5.1743650999191185e-06
1074	0.9284705775318629	0.9284785867773593	-8.009245496376494e-06	8.009245496376494e-06	8.62627819361528e-06
1075	-1.2797614188447406	-1.2797557487065347	-5.670138205848829e-06	5.670138205848829e-06	4.430621303592154e-06
1076	-0.45070048127634327	-0.45071054232259655	1.0061046253284633e-05	1.0061046253284633e-05	2.2323131816484095e-05
1077	-1.1140963280022114	-1.1141083878225544	1.2059820343024441e-05	1.2059820343024441e-05	1.082475549008407e-05
1078	0.0719385608668227	0.07193127233762198	7.288529200719096e-06	7.288529200719096e-06	0.00010131602735578894
1079	0.25762122580998337	0.25762943062623833	-8.204816254964165e-06	8.204816254964165e-06	3.184837052602135e-05
1080	0.46912516826262235	0.46913256523595237	-7.39697333002054e-06	7.39697333002054e-06	1.5767590038741255e-05
1081	1.2078228579779182	1.2078241797173206	-1.3217394023712359e-06	1.3217394023712359e-06	1.0943156056708776e-06
1082	0.19307925546636004	0.19307970434212507	-4.4887576503005455e-07	4.4887576503005455e-07	2.3248264757694885e-06
1083	0.6449711597395887	0.6449760686813022	-4.908941713455128e-06	4.908941713455128e-06	7.611102666105482e-06
1084	-2.5750818758458895	-2.575096195947424	1.4320101534348595e-05	1.4320101534348595e-05	5.561027658448561e-06
1085	1.4402662201298981	1.440265186413825	1.0337160731843653e-06	1.0337160731843653e-06	7.177256945532848e-07
1086	2.673937947637726	2.6739523875640714	-1.4439926345310994e-05	1.4439926345310994e-05	5.400247361038373e-06
1087	1.0436102754232754	1.0436179600681328	-7.684644857341993e-06	7.684644857341993e-06	7.3635197336718405e-06
1088	0.7366533210612773	0.7366591830173519	-5.8619560745487576e-06	5.8619560745487576e-06	7.957550596668172e-06
1089	-0.9443227785338546	-0.944329751174422	6.9726405673709024e-06	6.9726405673709024e-06	7.383747089312565e-06
1090	1.5314716004226143	1.531477727512609	-6.127089994700796e-06	6.127089994700796e-06	4.0007859061898415e-06
1091	-2.1769195411911753	-2.1769243439777597	4.802786584434671e-06	4.802786584434671e-06	2.206230636253402e-06
1092	-1.729615169103872	-1.7296220602194268	6.891115554852334e-06	6.891115554852334e-06	3.984190054497891e-06
1093	0.10803539299320053	0.10803317563734538	2.2173558551497052e-06	2.2173558551497052e-06	2.0524346639709635e-05
1094	-1.1438264317766929	-1.1438301108146476	3.679037954729125e-06	3.679037954729125e-06	3.2164302664474334e-06
1095	-1.0964643859441277	-1.0964758964764343	1.1510532306635568e-05	1.1510532306635568e-05	1.0497862451523445e-05
1096	0.0518541559654171	0.05185281365172045	1.3423136966464466e-06	1.3423136966464466e-06	2.5886328138127848e-05
1097	0.30704048403501427	0.3070361349752915	4.349059722796866e-06	4.349059722796866e-06	1.4164450451755113e-05
1098	0.26806398999037273	0.2680663564795793	-2.3664892065955456e-06	2.3664892065955456e-06	8.828075739231279e-06
1099	-0.15988954895861762	-0.1598860167213445	-3.532237273118355e-06	3.532237273118355e-06	2.20917333004208e-05
1100	0.8367859477416786	0.8367930130876999	-7.0653460213510044e-06	7.0653460213510044e-06	8.443432923818797e-06
1101	0.8284003959537548	0.8284084734135888	-8.077459833999434e-06	8.077459833999434e-06	9.75067114097608e-06
1102	1.313033292177648	1.3130483454393271	-1.505326167916543e-05	1.505326167916543e-05	1.1464493527197471e-05
1103	1.261092298479329	1.261093910631672	-1.6121523431777973e-06	1.6121523431777973e-06	1.2783777564273363e-06
1104	-0.5714707627634358	-0.5714699353767116	-8.273867241337385e-07	8.273867241337385e-07	1.4478198676915356e-06
1105	-0.7008207019019723	-0.7008272564039686	6.554501996269835e-06	6.554501996269835e-06	9.352608988977396e-06
1106	-1.3583807344095584	-1.3583856447034748	4.910293916360331e-06	4.910293916360331e-06	3.614814162168361e-06
1107	-0.4235799660796954	-0.42358592533275896	5.959253063569925e-06	5.959253063569925e-06	1.4068779311552019e-05
1108	-0.6122125902756759	-0.6122199591835908	7.368907914973022e-06	7.368907914973022e-06	1.2036518085416774e-05
1109	0.09728843593022993	0.0972924217048643	-3.985774634368555e-06	3.985774634368555e-06	4.096863718959302e-05
1110	0.9950507288431313	0.9950552114137423	-4.482570611030745e-06	4.482570611030745e-06	4.504866416451234e-06
1111	-0.9334308543407832	-0.9334394229689735	8.568628190319671e-06	8.568628190319671e-06	9.179713902184103e-06
1112	0.7490704064652594	0.7490847920355037	-1.4385570244357382e-05	1.4385570244357382e-05	1.9204563576661014e-05
1113	-0.412890451743623	-0.4128870969122289	-3.3548313940756636e-06	3.3548313940756636e-06	8.125233654370838e-06
1114	0.4136939109365565	0.41369613807873407	-2.2271421775688083e-06	2.2271421775688083e-06	5.383550781607611e-06
1115	-0.40340660056540123	-0.40341429255086325	7.691985462021655e-06	7.691985462021655e-06	1.9067574628776093e-05
1116	0.3558775962504957	0.3558812995620997	-3.7033116039864034e-06	3.7033116039864034e-06	1.0406138635880047e-05
1117	0.5197448629077801	0.5197511457453174	-6.282837537341379e-06	6.282837537341379e-06	1.2088310988186066e-05
1118	-0.3455970153646559	-0.34560236599823213	5.350633576206576e-06	5.350633576206576e-06	1.5482291045137838e-05
1119	0.05697066007362018	0.056963195078196804	7.464995423374365e-06	7.464995423374365e-06	0.0001310322789612714
1120	0.5180626325623555	0.5180534347282162	9.197834139329508e-06	9.197834139329508e-06	1.775428985070146e-05
1121	-0.8192070008627672	-0.819203431943194	-3.5689195732047096e-06	3.5689195732047096e-06	4.3565540448824504e-06
1122	0.14600543338876976	0.14601570484451543	-1.0271455745669567e-05	1.0271455745669567e-05	7.034981854627071e-05
1123	0.21677840223265143	0.21678264546309833	-4.2432304468986715e-06	4.2432304468986715e-06	1.957404613742259e-05
1124	0.03599030311022278	0.0359943302914445	-4.027181221721854e-06	4.027181221721854e-06	0.00011189628521294568
1125	-0.08339082714814454	-0.08339853499883532	7.707850690777396e-06	7.707850690777396e-06	9.243043814740357e-05
1126	-0.7343441850199477	-0.7343380151016987	-6.169918248977169e-06	6.169918248977169e-06	8.401943359583585e-06
1127	0.7855698989871333	0.7855619181569296	7.980830203702105e-06	7.980830203702105e-06	1.0159287179908636e-05
1128	-0.06365979402908067	-0.06366061226437125	8.182352905783397e-07	8.182352905783397e-07	1.2853250675058082e-05
1129	1.0118439854978318	1.0118365895603887	7.395937443144263e-06	7.395937443144263e-06	7.309365425051598e-06
1130	1.272464522796895	1.2725315093327083	-6.698653581338476e-05	6.698653581338476e-05	5.26431461257147e-05
1131	-1.3939584402960379	-1.393901325350555	-5.711494548288343e-05	5.711494548288343e-05	4.0973205392517876e-05
1132	-0.11888460046263971	-0.11889217653937578	7.57607673607108e-06	7.57607673607108e-06	6.372630859328087e-05
1133	-0.18831075941758596	-0.18831863049939557	7.871081809607272e-06	7.871081809607272e-06	4.1798364755955666e-05
1134	1.1200210864979803	1.1200153863040185	5.700193961732936e-06	5.700193961732936e-06	5.089363075793497e-06
1135	-0.8935279429195742	-0.8935351780205991	7.2351010249605e-06	7.2351010249605e-06	8.097229731081533e-06
1136	-1.0869265976164508	-1.0869344164667893	7.818850338514594e-06	7.818850338514594e-06	7.193540350986673e-06
1137	0.2703250623935801	0.27033133806853016	-6.275674950040333e-06	6.275674950040333e-06	2.3215290859355305e-05
1138	0.06868853359556744	0.06867697675083662	1.1556844730822857e-05	1.1556844730822857e-05	0.000168249984762648
1139	0.24969820827923472	0.2496917976966273	6.410582607419002e-06	6.410582607419002e-06	2.5673322414272668e-05
1140	-0.0676426580171303	-0.06763197364634266	-1.0684370787647501e-05	1.0684370787647501e-05	0.0001579531482181217
1141	-0.22471422131783875	-0.2247066860050495	-7.53531278924191e-06	7.53531278924191e-06	3.3532870082947995e-05
1142	-0.40976931547469175	-0.40976188993013807	-7.4255445536852704e-06	7.4255445536852704e-06	1.812128012826741e-05
1143	0.1772733073950589	0.1772647557967133	8.551598345590827e-06	8.551598345590827e-06	4.8239627675774864e-05
1144	0.15602568772227124	0.15602966055361378	-3.972831342541339e-06	3.972831342541339e-06	2.5462674771945602e-05
1145	0.16007110719545709	0.16007035211451637	7.55080940717523e-07	7.55080940717523e-07	4.717159479602529e-06
1146	-0.10963064937792862	-0.10963106906736186	4.196894332481049e-07	4.196894332481049e-07	3.828212599574357e-06
1147	0.669492207634677	0.6694880951254589	4.11250921805717e-06	4.11250921805717e-06	6.14272902829849e-06
1148	0.12337498072511306	0.12337712446885973	-2.143743746671478e-06	2.143743746671478e-06	1.737583855391126e-05
1149	0.9098594803916542	0.9098698304566	-1.0350064945763293e-05	1.0350064945763293e-05	1.1375454307854273e-05
1150	-1.2265960264258458	-1.2265985082393627	2.481813516919118e-06	2.481813516919118e-06	2.0233340590143815e-06
1151	-0.1706539383568039	-0.17065669931426442	2.7609574605180764e-06	2.7609574605180764e-06	1.6178691726091056e-05
1152	-0.41584463061800014	-0.4158503694284832	5.738810483046919e-06	5.738810483046919e-06	1.3800371726618875e-05
1153	0.5570676548545035	0.5570744284835172	-6.773629013689941e-06	6.773629013689941e-06	1.2159436927744615e-05
1154	0.045567612773099696	0.04556870146110725	-1.0886880075569594e-06	1.0886880075569594e-06	2.389170600132148e-05
1155	-0.4935211654307052	-0.4935278438615853	6.678430880147079e-06	6.678430880147079e-06	1.353220762947155e-05
1156	-2.552621483172945	-2.552634984811064	1.3501638119084447e-05	1.3501638119084447e-05	5.289322450699474e-06
1157	1.6364528621395673	1.6364669820543298	-1.4119914762522612e-05	1.4119914762522612e-05	8.62836632157045e-06
1158	1.956792170833441	1.9567923956245181	-2.2479107708583967e-07	2.2479107708583967e-07	1.148773387569801e-07
1159	2.104141115269397	2.104148432312769	-7.317043372090382e-06	7.317043372090382e-06	3.4774489785841037e-06
1160	-1.1753573501067127	-1.1753624232735405	5.073166827740394e-06	5.073166827740394e-06	4.316276090228893e-06
1161	-2.2000301978172327	-2.2000358501692574	5.652352024654306e-06	5.652352024654306e-06	2.569215654522518e-06
1162	0.4484803679035479	0.4484860470075347	-5.679103986799827e-06	5.679103986799827e-06	1.2662993507045106e-05
1163	-0.4610955120328545	-0.4611035810775377	8.069044683201021e-06	8.069044683201021e-06	1.749972505181546e-05
1164	0.2432380269837917	0.24324335042003042	-5.323436238713342e-06	5.323436238713342e-06	2.188570720098824e-05
1165	-1.599987579619038	-1.5999819889636058	-5.590655432152758e-06	5.590655432152758e-06	3.4941867695522427e-06
1166	0.37858206323264865	0.3785857668781034	-3.7036454547667574e-06	3.7036454547667574e-06	9.782939590803513e-06
1167	-2.3392475518537066	-2.33924975051103	2.1986573233157003e-06	2.1986573233157003e-06	9.398993798554593e-07
1168	-0.7797519130134035	-0.7797575400321222	5.627018718645793e-06	5.627018718645793e-06	7.216421819216579e-06
1169	-0.4540351477333464	-0.4540388756364422	3.7279030957737547e-06	3.7279030957737547e-06	8.2106046511693e-06
1170	2.2255676538449793	2.2255704899851736	-2.8361401942511577e-06	2.8361401942511577e-06	1.274344632638477e-06
1171	2.379763109500989	2.3797631423878585	-3.288686967195531e-08	3.288686967195531e-08	1.3819387963725237e-08
1172	0.07543634151356297	0.07543705901369435	-7.175001313780571e-07	7.175001313780571e-07	9.51133256176077e-06
1173	0.11365373120272894	0.11365383759986969	-1.0639714075055817e-07	1.0639714075055817e-07	9.361517622397554e-07
1174	-0.17492301123162157	-0.174913438179658	-9.573051963585044e-06	9.573051963585044e-06	5.472723054663767e-05
1175	-1.1918761023009221	-1.1918761612985662	5.8997644103442326e-08	5.8997644103442326e-08	4.949981293319592e-08
1176	-0.10346141588534152	-0.10345655214827332	-4.8637370682058645e-06	4.8637370682058645e-06	4.701015375235128e-05
1177	0.16970066168027714	0.16969758478424524	3.0768960319060845e-06	3.0768960319060845e-06	1.8131314288585865e-05
1178	1.2670469086259324	1.2670443548561394	2.5537697929678416e-06	2.5537697929678416e-06	2.01552900337156e-06
1179	0.43695630825198156	0.43695020539225027	6.102859731293986e-06	6.102859731293986e-06	1.3966750487498677e-05
1180	0.07324075244409194	0.07323619381338631	4.5586307056283415e-06	4.5586307056283415e-06	6.224172408807727e-05
1181	-0.02571548698555276	-0.025713420360062855	-2.066625489904883e-06	2.066625489904883e-06	8.036501471140468e-05
1182	-0.34246907663881976	-0.3424679245487283	-1.1520900914385734e-06	1.1520900914385734e-06	3.364070422783337e-06
1183	1.19727766925052	1.1972735109679888	4.1582825311969884e-06	4.1582825311969884e-06	3.4731145815155963e-06
1184	-0.2592539057102387	-0.2592538137751177	-9.193512101601797e-08	9.193512101601797e-08	3.546142179195227e-07
1185	-0.766271266772455	-0.7662812610114145	9.994238959420976e-06	9.994238959420976e-06	1.3042690484163456e-05
1186	-1.777905273050969	-1.7779079558195576	2.6827685886132713e-06	2.6827685886132713e-06	1.5089491151626511e-06
1187	0.4243147874872149	0.4243189929713509	-4.205484135988424e-06	4.205484135988424e-06	9.91123632738145e-06
1188	0.42969252496002347	0.42969778689183613	-5.2619318126612136e-06	5.2619318126612136e-06	1.2245807192365654e-05
1189	0.5806276038004492	0.5806346822971875	-7.078496738310847e-06	7.078496738310847e-06	1.2191113016293302e-05
1190	-0.16506088177697614	-0.16506521400216911	4.332225192971162e-06	4.332225192971162e-06	2.624622591574845e-05
1191	0.33657874181243164	0.33658547559944907	-6.733787017432213e-06	6.733787017432213e-06	2.0006572551705636e-05
1192	1.6758328538669354	1.6758392469959915	-6.393129056148084e-06	6.393129056148084e-06	3.814896599858468e-06
1193	0.8328062509251221	0.8328027722779296	3.4786471924119766e-06	3.4786471924119766e-06	4.177018590515771e-06
1194	0.2644579906408797	0.2644608525734782	-2.861932598463568e-06	2.861932598463568e-06	1.082187984385741e-05
1195	-0.5421478371945961	-0.5421515310288783	3.693834282114672e-06	3.693834282114672e-06	6.81333398142622e-06
1196	-1.156883234573344	-1.156886255671452	3.0210981081246757e-06	3.0210981081246757e-06	2.6114114353458065e-06
1197	-0.4224050303937565	-0.42241142960008915	6.399206332663443e-06	6.399206332663443e-06	1.5149455788199887e-05
1198	-1.1335080479029491	-1.1335123108757728	4.262972823632083e-06	4.262972823632083e-06	3.76086683417803e-06
1199	0.3237171628107525	0.32372411070014095	-6.947889388431161e-06	6.947889388431161e-06	2.1462839128158766e-05
1200	0.15828782025601218	0.1582918947136136	-4.074457601421777e-06	4.074457601421777e-06	2.574081565361008e-05
1201	2.405208205133505	2.4052047809934862	3.424140018637445e-06	3.424140018637445e-06	1.4236355968390615e-06
1202	2.326771911060674	2.326780436982645	-8.525921971092032e-06	8.525921971092032e-06	3.664270627715046e-06
1203	0.7985410509490933	0.7985479012315722	-6.850282478820802e-06	6.850282478820802e-06	8.578497587167255e-06
1204	-1.82057329049306	-1.8205740708925333	7.803994732658026e-07	7.803994732658026e-07	4.2865589500901086e-07
1205	-1.1365247010462505	-1.1365279817070473	3.2806607968005608e-06	3.2806607968005608e-06	2.886572367305773e-06
1206	-0.2613323861137284	-0.26133049495236094	-1.8911613674510441e-06	1.8911613674510441e-06	7.236613094819545e-06
1207	-0.58468138017222	-0.5846768829531612	-4.4972190588188354e-06	4.4972190588188354e-06	7.691743249108023e-06
1208	-1.190235250954975	-1.1902407756405609	5.524685585900357e-06	5.524685585900357e-06	4.6416753171002736e-06
1209	-0.5371583291258001	-0.5371664236903939	8.094564593830178e-06	8.094564593830178e-06	1.5069234069224434e-05
1210	0.0006894343454433429	0.0006915657237982487	-2.1313783549057252e-06	2.1313783549057252e-06	0.003091488506472847
1211	-0.4309298571500305	-0.4309371623882896	7.305238259092128e-06	7.305238259092128e-06	1.695226760894586e-05
1212	-3.4363893598893642	-3.4363925702383114	3.210348947124686e-06	3.210348947124686e-06	9.342215363011263e-07
1213	-1.2158485094696132	-1.21585452139783	6.0119282168091814e-06	6.0119282168091814e-06	4.944635922966876e-06
1214	-0.15301042840699092	-0.1530116696191186	1.2412121276894617e-06	1.2412121276894617e-06	8.111944660320627e-06
1215	3.119197073046253	3.1191998954103184	-2.8223640655689053e-06	2.8223640655689053e-06	9.048367254373395e-07
1216	1.215161991281509	1.215165389069739	-3.397788229886345e-06	3.397788229886345e-06	2.7961607211751577e-06
1217	0.5839372939912327	0.5839446527726722	-7.358781439426032e-06	7.358781439426032e-06	1.2602006268735624e-05
1218	0.3171957523116909	0.31719714576183833	-1.3934501474355265e-06	1.3934501474355265e-06	4.393029027911633e-06
1219	0.9027486081080079	0.9027500390601517	-1.4309521437771977e-06	1.4309521437771977e-06	1.5851058987243475e-06
1220	0.35177691360899765	0.3517679186284539	8.994980543741704e-06	8.994980543741704e-06	2.557012753184731e-05
1221	-0.5901441230939364	-0.5901512278185805	7.104724644158011e-06	7.104724644158011e-06	1.2038965341059772e-05
1222	-0.36827417282029806	-0.36828174703451566	7.574214217598296e-06	7.574214217598296e-06	2.056678088391006e-05
1223	-0.034260585160063806	-0.03426220124858048	1.6160885166760508e-06	1.6160885166760508e-06	4.717048786895387e-05
1224	0.6338278073709699	0.6338329360566775	-5.128685707567193e-06	5.128685707567193e-06	8.091607291324551e-06
1225	-0.5345350841317773	-0.5345294860337191	-5.598098058223755e-06	5.598098058223755e-06	1.0472835599400381e-05
1226	-0.3175184599154975	-0.3175095809648809	-8.878950616575398e-06	8.878950616575398e-06	2.796357294923385e-05
1227	-0.04383131859989581	-0.04382814820758085	-3.170392314955084e-06	3.170392314955084e-06	7.233166640263066e-05
1228	-0.8425327266478028	-0.8425329995045416	2.728567388698977e-07	2.728567388698977e-07	3.2385298545673923e-07
1229	-0.1100442425136256	-0.11003973418333146	-4.508330294139551e-06	4.508330294139551e-06	4.096834319688586e-05
1230	-3.3362256696659385	-3.3362207170721803	-4.952593758211776e-06	4.952593758211776e-06	1.4844900341252056e-06
1231	0.5238567611521068	0.5238610498352614	-4.288683154607398e-06	4.288683154607398e-06	8.186747738399692e-06
1232	-0.8288029998304838	-0.8288054579672632	2.4581367794596076e-06	2.4581367794596076e-06	2.965887888873923e-06
1233	2.445111392066661	2.4451127258799943	-1.3338133331153301e-06	1.3338133331153301e-06	5.455020730110632e-07
1234	0.3186759655881374	0.3186717692553742	4.196332763162225e-06	4.196332763162225e-06	1.3168024000233648e-05
1235	0.9388472424593843	0.9388439304469642	3.3120124200980428e-06	3.3120124200980428e-06	3.5277436736374334e-06
1236	0.8911142775638337	0.8911076732562861	6.6043075475086255e-06	6.6043075475086255e-06	7.411291361601526e-06
1237	-0.643072328453955	-0.6430784220814445	6.093627489489606e-06	6.093627489489606e-06	9.475804228957613e-06
1238	1.8211019986978005	1.821103920038425	-1.9213406243778763e-06	1.9213406243778763e-06	1.0550428398583674e-06
1239	-1.5278967311134444	-1.5278964834521958	-2.476612486201901e-07	2.476612486201901e-07	1.62092923937149e-07
1240	0.358864904549841	0.3588634359132925	1.4686365484850583e-06	1.4686365484850583e-06	4.092449637356741e-06
1241	-0.6970758530047282	-0.697076690961751	8.379570227701194e-07	8.379570227701194e-07	1.2021030697851984e-06
1242	0.8610844127300228	0.8610807878710602	3.6248589625476058e-06	3.6248589625476058e-06	4.20964415213972e-06
1243	0.28420782972068237	0.28421488404895	-7.05432826764163e-06	7.05432826764163e-06	2.482102014773688e-05
1244	-1.124025971419804	-1.1240276727910725	1.7013712685365334e-06	1.7013712685365334e-06	1.513640531265893e-06
1245	0.666811321787833	0.666814292207718	-2.970419885062192e-06	2.970419885062192e-06	4.454663242816571e-06
1246	-2.5880500584115014	-2.5880606479109503	1.0589499448876438e-05	1.0589499448876438e-05	4.091690349828891e-06
1247	2.4390129378408028	2.4390116537560402	1.2840847625206209e-06	1.2840847625206209e-06	5.264772246995086e-07
1248	-0.8428643476026156	-0.8428745000212956	1.015241867996508e-05	1.015241867996508e-05	1.204513953976332e-05
1249	2.1354185289891996	2.1354256758616685	-7.1468724689438545e-06	7.1468724689438545e-06	3.346825164211171e-06
1250	-1.5969519725543673	-1.596958652354985	6.6798006177481994e-06	6.6798006177481994e-06	4.182843775234943e-06
1251	1.1007459286565824	1.1007491525791835	-3.2239226011032684e-06	3.2239226011032684e-06	2.9288526236367195e-06
1252	0.452631529422302	0.4526344278890093	-2.8984667073128634e-06	2.8984667073128634e-06	6.403589937740759e-06
1253	-0.8420609652864355	-0.8420528733097399	-8.091976695601133e-06	8.091976695601133e-06	9.609727833481233e-06
1254	-0.2578815810539664	-0.257874571103045	-7.009950921399444e-06	7.009950921399444e-06	2.7182829005273098e-05
1255	0.48613260006633313	0.4861447293897925	-1.2129323459342256e-05	1.2129323459342256e-05	2.495064815173309e-05
1256	1.1779189276704993	1.1779213730349625	-2.4453644631439175e-06	2.4453644631439175e-06	2.0760040489203872e-06
1257	0.007484257578924711	0.0074771319376054635	7.125641319247894e-06	7.125641319247894e-06	0.0009520839233691445
1258	0.1872110805110277	0.1872042575250532	6.822985974486162e-06	6.822985974486162e-06	3.6445417417930306e-05
1259	-0.3820162188680328	-0.3820127024116715	-3.516456361263298e-06	3.516456361263298e-06	9.204992321224078e-06
1260	-0.07835347789981201	-0.07834943195206279	-4.045947749220513e-06	4.045947749220513e-06	5.163711755582735e-05
1261	-0.6733436805773609	-0.673350804932582	7.124355221099776e-06	7.124355221099776e-06	1.0580562982325716e-05
1262	-0.7959027088024663	-0.7959088261859648	6.117383498538409e-06	6.117383498538409e-06	7.686094582769755e-06
1263	0.0708692203208873	0.07087087145052351	-1.651129636209836e-06	1.651129636209836e-06	2.329826162519807e-05
1264	0.4009142709693452	0.4009142499530327	2.101631246809177e-08	2.101631246809177e-08	5.242096375685944e-08
1265	1.0021737036370417	1.002175747565559	-2.0439285173257105e-06	2.0439285173257105e-06	2.039495259063355e-06
1266	0.5668970557150445	0.5669128922143329	-1.5836499288490735e-05	1.5836499288490735e-05	2.793540578282891e-05
1267	-0.9029308768422232	-0.9029268001441437	-4.076698079447105e-06	4.076698079447105e-06	4.514961426177323e-06
1268	-0.7611467277306644	-0.7611421191473511	-4.608583313303605e-06	4.608583313303605e-06	6.054789629121778e-06
1269	-0.05442081462931825	-0.054428036605713714	7.221976395466179e-06	7.221976395466179e-06	0.00013270614276279994
1270	0.5020173269790461	0.5020127654038475	4.5615751985694786e-06	4.5615751985694786e-06	9.08648955608633e-06
1271	-0.24102546567267938	-0.24103140117226474	5.935499585357773e-06	5.935499585357773e-06	2.4626026834103825e-05
1272	-0.5124781235652682	-0.512486237040477	8.11347520879302e-06	8.11347520879302e-06	1.583184693299343e-05
1273	-2.3196059886211216	-2.3196074574265424	1.468805420845598e-06	1.468805420845598e-06	6.332133250435012e-07
1274	1.133009935226674	1.1330070959196803	2.8393069937404647e-06	2.8393069937404647e-06	2.5059859631084548e-06
1275	1.9897807517963653	1.989783664038569	-2.9122422038341256e-06	2.9122422038341256e-06	1.4635995454297998e-06
1276	2.0936999535896543	2.093706367764625	-6.4141749707147255e-06	6.4141749707147255e-06	3.0635597807210173e-06
1277	-0.11786411687506025	-0.11786375639566415	-3.604793960970687e-07	3.604793960970687e-07	3.058432079707418e-06
1278	-1.7570148487342958	-1.757022503241501	7.654507205190342e-06	7.654507205190342e-06	4.356540988088083e-06
1279	0.22589827691128328	0.22589204109380034	6.235817482935779e-06	6.235817482935779e-06	2.7604537618428863e-05
1280	-1.0151614858109332	-1.0151577111408017	-3.774670131573288e-06	3.774670131573288e-06	3.7182952508861176e-06
1281	-0.23280726210195343	-0.23280111493662048	-6.147165332953675e-06	6.147165332953675e-06	2.6404525689845715e-05
1282	1.0124456003287627	1.0124454001605443	2.0016821844492938e-07	2.0016821844492938e-07	1.9770762832089987e-07
1283	1.7682569234983754	1.7682517371468975	5.186351477837192e-06	5.186351477837192e-06	2.93303049399425e-06
1284	-0.1713277597862548	-0.1713356440280478	7.884241792988078e-06	7.884241792988078e-06	4.601847244617163e-05
1285	-0.12498800550616831	-0.12498958968976126	1.5841835929453207e-06	1.5841835929453207e-06	1.2674684955006657e-05
1286	-1.4449404494294007	-1.4449412786774474	8.292480466742802e-07	8.292480466742802e-07	5.738977319111981e-07
1287	0.2661782783111518	0.2661820815514915	-3.8032403396615067e-06	3.8032403396615067e-06	1.4288319707349185e-05
1288	-0.8874575948225945	-0.8874551449515877	-2.449871006726667e-06	2.449871006726667e-06	2.760549936153743e-06
1289	-0.3233164740689748	-0.3233104016135968	-6.0724553779811785e-06	6.0724553779811785e-06	1.8781769148842414e-05
1290	-0.09485051852489707	-0.09484801617354321	-2.5023513538502407e-06	2.5023513538502407e-06	2.6382052441741846e-05
1291	-1.002458226790176	-1.0024732828242122	1.5056034036176058e-05	1.5056034036176058e-05	1.5019113648640272e-05
1292	-0.1474569069472447	-0.14746268297471943	5.776027474729828e-06	5.776027474729828e-06	3.9170952343360245e-05
1293	-1.3696466105819591	-1.3696438975845382	-2.7129974209394447e-06	2.7129974209394447e-06	1.9808010328932217e-06
1294	0.7938331091239985	0.7938397442419642	-6.635117965725357e-06	6.635117965725357e-06	8.358328582499243e-06
1295	0.2965195883676166	0.29651662487673036	2.9634908862430365e-06	2.9634908862430365e-06	9.994249966949854e-06
1296	0.7527655245650602	0.7527687680379813	-3.243472921132806e-06	3.243472921132806e-06	4.308742649986328e-06
1297	0.2086359572553604	0.20864430218026087	-8.344924900455242e-06	8.344924900455242e-06	3.999753930355089e-05
1298	-0.1490620609498133	-0.1490541738800033	-7.887069810003089e-06	7.887069810003089e-06	5.291131599648641e-05
1299	0.6168817544098668	0.6168752986734916	6.4557363752548724e-06	6.4557363752548724e-06	1.0465111553559696e-05
1300	0.47198252409510477	0.47199812629727944	-1.5602202174669344e-05	1.5602202174669344e-05	3.305673701496094e-05
1301	0.4256421268700882	0.42564102252029556	1.1043497926133128e-06	1.1043497926133128e-06	2.5945500289974246e-06
1302	-1.1127604174828643	-1.1127600089420042	-4.085408600307261e-07	4.085408600307261e-07	3.6714179765206947e-07
1303	-0.0029783328247117782	-0.002986178056829658	7.845232117879852e-06	7.845232117879852e-06	0.0026341018884076723
1304	0.007130949747136214	0.007136808067187417	-5.858320051202633e-06	5.858320051202633e-06	0.000821534333986203
1305	-0.004025891463954473	-0.004031681315908031	5.789851953558016e-06	5.789851953558016e-06	0.0014381540102104179
1306	-0.46900419127039294	-0.46901072311200664	6.531841613699463e-06	6.531841613699463e-06	1.3927043159266116e-05
1307	-0.43277307661722436	-0.4327787606097644	5.683992540028715e-06	5.683992540028715e-06	1.3133886665172674e-05
1308	1.1167863089468184	1.1167909027562928	-4.5938094743736e-06	4.5938094743736e-06	4.113418509496035e-06
1309	-0.9469179230122836	-0.9469315162888847	1.3593276601109316e-05	1.3593276601109316e-05	1.4355284941557688e-05
1310	1.0135667187573238	1.0135684956278368	-1.776870512948392e-06	1.776870512948392e-06	1.7530868763399328e-06
1311	0.629725611092644	0.629723568302154	2.042790489986679e-06	2.042790489986679e-06	3.2439374451393363e-06
1312	0.2889113395334689	0.2889155245870967	-4.1850536277587835e-06	4.1850536277587835e-06	1.4485598365632741e-05
1313	-0.05198846557580064	-0.05198410045537116	-4.36512042947812e-06	4.36512042947812e-06	8.396324802303795e-05
1314	-0.6569304062229354	-0.6569324182361669	2.012013231467158e-06	2.012013231467158e-06	3.062749436481956e-06
1315	0.6580065834788147	0.6580145199315268	-7.936452712131725e-06	7.936452712131725e-06	1.2061357608570567e-05
1316	-0.9615782531815233	-0.9615836301613001	5.376979776761104e-06	5.376979776761104e-06	5.591827559504984e-06
1317	0.02720479513029142	0.02720899679076183	-4.201660470409818e-06	4.201660470409818e-06	0.0001544455839599925
1318	0.741130338307562	0.7411315086702785	-1.1703627165182695e-06	1.1703627165182695e-06	1.5791590979677047e-06
1319	-2.5219620991974963	-2.5219568562171446	-5.2429803516496065e-06	5.2429803516496065e-06	2.0789290819707223e-06
1320	0.5829440901860694	0.582952827734573	-8.737548503612302e-06	8.737548503612302e-06	1.4988656117644784e-05
1321	0.3144105843203217	0.3144122341627309	-1.6498424091904162e-06	1.6498424091904162e-06	5.2474137050982855e-06
1322	2.9451383846785135	2.9451388092134323	-4.245349187748104e-07	4.245349187748104e-07	1.4414769811271602e-07
1323	-0.32458826052765066	-0.3245905990780784	2.338550427749553e-06	2.338550427749553e-06	7.204667303580251e-06
1324	-1.055540922142831	-1.0555440175892272	3.095446396317314e-06	3.095446396317314e-06	2.9325688198173455e-06
1325	-0.4231762888695615	-0.42318192629053897	5.6374209774778805e-06	5.6374209774778805e-06	1.3321684427398391e-05
1326	-0.2583558286897777	-0.2583605707702219	4.742080444208874e-06	4.742080444208874e-06	1.835484211158617e-05
1327	0.3487726676000952	0.34877126266508185	1.4049350133271687e-06	1.4049350133271687e-06	4.028225672024493e-06
1328	1.4493651185477305	1.4493730699030039	-7.951355273316807e-06	7.951355273316807e-06	5.486095374838395e-06
1329	-3.976436867606725	-3.976449658008363	1.279040163781886e-05	1.279040163781886e-05	3.2165483983949038e-06
1330	1.4153260677190398	1.4153324614838425	-6.3937648027145855e-06	6.3937648027145855e-06	4.5175206961452145e-06
1331	-1.1743379654952684	-1.1743449225232183	6.95702794994979e-06	6.95702794994979e-06	5.924212751663628e-06
1332	2.0353973422777005	2.0354043662482724	-7.02397057184001e-06	7.02397057184001e-06	3.45090878618318e-06
1333	-1.764098735319135	-1.7641035769386804	4.841619545281617e-06	4.841619545281617e-06	2.7445286640408714e-06
1334	-0.27502715305246217	-0.27502725257022576	9.951776358541053e-08	9.951776358541053e-08	3.618470484855263e-07
1335	1.9410395253290247	1.941046577586647	-7.0522576223197575e-06	7.0522576223197575e-06	3.633237515410374e-06
1336	-0.08123164922461841	-0.0812300040227143	-1.6452019041129917e-06	1.6452019041129917e-06	2.025321312341877e-05
1337	-0.520565130965794	-0.5205720088437005	6.877877906430463e-06	6.877877906430463e-06	1.3212329250078802e-05
1338	-1.0673973352235533	-1.0674119246729674	1.4589449414126321e-05	1.4589449414126321e-05	1.3668246052975895e-05
1339	-0.29226085118484096	-0.29225520868614296	-5.642498697999709e-06	5.642498697999709e-06	1.9306378788416995e-05
1340	0.40117985796307776	0.4011772077827658	2.650180311980499e-06	2.650180311980499e-06	6.6059655273730265e-06
1341	0.47232554580366104	0.4723334424383552	-7.896634694137816e-06	7.896634694137816e-06	1.671862715090226e-05
1342	0.3742005959587061	0.3741929321954274	7.663763278709101e-06	7.663763278709101e-06	2.048036096541871e-05
1343	0.11975056205970876	0.11975915402473447	-8.591965025714354e-06	8.591965025714354e-06	7.174884925742829e-05
1344	0.5950733358441508	0.5950811767672093	-7.840923058499705e-06	7.840923058499705e-06	1.3176397909640562e-05
1345	-0.26119453804683285	-0.26120658837136546	1.205032453260868e-05	1.205032453260868e-05	4.6135438446450314e-05
1346	-1.6611706192388267	-1.6611699745929798	-6.446458469255845e-07	6.446458469255845e-07	3.880672096289368e-07
1347	-0.6401448785205399	-0.6401302267207143	-1.465179982562681e-05	1.465179982562681e-05	2.288825595151065e-05
1348	0.045893999680024604	0.04589598542459328	-1.985744568673564e-06	1.985744568673564e-06	4.3268065161421546e-05
1349	1.6514267096547066	1.6514198600834362	6.849571270395316e-06	6.849571270395316e-06	4.147668940044865e-06
1350	1.0061223092238556	1.0061137335206638	8.575703191793238e-06	8.575703191793238e-06	8.523519569314311e-06
1351	0.21527567775807055	0.21528410443139023	-8.426673319683609e-06	8.426673319683609e-06	3.9143638554252316e-05
1352	0.009744343279789985	0.009750572816713543	-6.229536923557655e-06	6.229536923557655e-06	0.0006392977694533681
1353	-0.36598790363594597	-0.36599454367802764	6.6400420816736805e-06	6.6400420816736805e-06	1.8142791102403858e-05
1354	0.755535585006585	0.7555418776536982	-6.292647113159688e-06	6.292647113159688e-06	8.328723673690158e-06
1355	0.7608603898999857	0.7608581278866211	2.262013364617843e-06	2.262013364617843e-06	2.972967701624187e-06
1356	-1.697323175387443	-1.6973242016007362	1.0262132932314927e-06	1.0262132932314927e-06	6.046068940272626e-07
1357	-0.03817205507741998	-0.03816993985594763	-2.1152214723443863e-06	2.1152214723443863e-06	5.5412826688380454e-05
1358	-0.7264492300601789	-0.7264499264287849	6.963686060013075e-07	6.963686060013075e-07	9.585922555711435e-07
1359	0.13784207221946537	0.13783913967202466	2.9325474407149166e-06	2.9325474407149166e-06	2.1274690618738368e-05
1360	-0.7173635299291651	-0.7173708022385483	7.272309383243858e-06	7.272309383243858e-06	1.013755101818732e-05
1361	-0.034411159839806665	-0.034408657619167116	-2.502220639549746e-06	2.502220639549746e-06	7.271538219572561e-05
1362	1.5594811031679778	1.559484747941653	-3.6447736750933046e-06	3.6447736750933046e-06	2.337170785647354e-06
1363	1.2501189654132192	1.2501287701400798	-9.804726860629387e-06	9.804726860629387e-06	7.843035048579152e-06
1364	-0.561582245108122	-0.5615831518142045	9.067060824374806e-07	9.067060824374806e-07	1.614556176474047e-06
1365	-0.8326292564856345	-0.8326300626375627	8.061519282120955e-07	8.061519282120955e-07	9.682003387854823e-07
1366	-0.810978702340836	-0.8109847047013119	6.002360475876323e-06	6.002360475876323e-06	7.401378678072443e-06
1367	0.4023924827061577	0.4024006009437642	-8.11823760649144e-06	8.11823760649144e-06	2.0174923626542216e-05
1368	0.5850784794740135	0.585085709019495	-7.2295454814907956e-06	7.2295454814907956e-06	1.23565397380368e-05
1369	-0.4390749401554669	-0.4390806853535878	5.745198120910011e-06	5.745198120910011e-06	1.3084778008227392e-05
1370	0.1591107704446417	0.15910320654910493	7.563895536771836e-06	7.563895536771836e-06	4.753855138551723e-05
1371	0.24749632526364634	0.24748926716888775	7.058094758594091e-06	7.058094758594091e-06	2.851797799856394e-05
1372	-2.255497226151423	-2.2554955859046544	-1.6402467686305044e-06	1.6402467686305044e-06	7.272218070643667e-07
1373	-1.5443987375956214	-1.5443966684411947	-2.069154426687092e-06	2.069154426687092e-06	1.3397799262050875e-06
1374	0.9490542793051887	0.9490635260700486	-9.246764859915935e-06	9.246764859915935e-06	9.743135942325212e-06
1375	2.36666730286495	2.366668655422899	-1.352557948752775e-06	1.352557948752775e-06	5.715032049986269e-07
1376	-0.3792101024102469	-0.3792140781850861	3.975774839237722e-06	3.975774839237722e-06	1.0484358971366609e-05
1377	-0.3800181574530789	-0.38002085300270494	2.6955496260638867e-06	2.6955496260638867e-06	7.093212714175922e-06
1378	-0.11117007676595472	-0.11117281915318245	2.7423872277221317e-06	2.7423872277221317e-06	2.466839375757249e-05
1379	1.9236088401499818	1.9236106525255536	-1.8123755718413292e-06	1.8123755718413292e-06	9.421746947783938e-07
1380	-0.5690361219629567	-0.5690412322341132	5.11027115646101e-06	5.11027115646101e-06	8.98057427151115e-06
1381	0.4070253153399834	0.40702708378326236	-1.7684432789821791e-06	1.7684432789821791e-06	4.344799235656926e-06
1382	0.5868328244291448	0.5868347663859907	-1.9419568459966285e-06	1.9419568459966285e-06	3.3092164670333703e-06
1383	0.5919939464898827	0.5919976403792049	-3.693889322198274e-06	3.693889322198274e-06	6.2397417137463976e-06
1384	-0.06427159808855815	-0.06427903423400494	7.436145446793052e-06	7.436145446793052e-06	0.00011569877936669605
1385	0.19742941093534588	0.19742544889389535	3.962041450533693e-06	3.962041450533693e-06	2.0068141984332726e-05
1386	-0.33246353454631333	-0.3324674685334372	3.933987123894145e-06	3.933987123894145e-06	1.1832837935933472e-05
1387	-0.3427537172514253	-0.34274759793717635	-6.119314248931307e-06	6.119314248931307e-06	1.785338550958009e-05
1388	-0.7842622353644907	-0.7842602741376936	-1.961226797075888e-06	1.961226797075888e-06	2.500728338862824e-06
1389	-0.2595304119435695	-0.2595304801040754	6.816050590607858e-08	6.816050590607858e-08	2.6263013030202766e-07
1390	1.692289826044282	1.6923002248088181	-1.039876453612365e-05	1.039876453612365e-05	6.144789371233593e-06
1391	-2.375286350641066	-2.375288670105391	2.319464325051257e-06	2.319464325051257e-06	9.764988227315231e-07
1392	-2.1916126302995083	-2.191611672431648	-9.578678601407375e-07	9.578678601407375e-07	4.370607501061144e-07
1393	-0.2943850255708064	-0.29439173024847776	6.704677671331982e-06	6.704677671331982e-06	2.2775199446139462e-05
1394	0.02019977584736328	0.02019391394370018	5.861903663098578e-06	5.861903663098578e-06	0.0002901964708615192
1395	-0.07237304085084545	-0.0723810973610739	8.05651022844911e-06	8.05651022844911e-06	0.00011131921684834105
1396	-1.3979056242439263	-1.3979109300557013	5.305811775047076e-06	5.305811775047076e-06	3.7955436211345e-06
1397	2.3550928904804502	2.3551000837223057	-7.193241855496524e-06	7.193241855496524e-06	3.054334665342677e-06
1398	2.2639919052207462	2.2639988624888474	-6.957268101182024e-06	6.957268101182024e-06	3.073009265244554e-06
1399	-4.509183831678426	-4.509187331636966	3.499958539876502e-06	3.499958539876502e-06	7.761844871544601e-07
1400	0.013095735679038477	0.013101181910002424	-5.446230963946849e-06	5.446230963946849e-06	0.00041587819863104673
1401	-3.179439847853744	-3.1794441843437937	4.336490049716701e-06	4.336490049716701e-06	1.3639163680495528e-06
1402	0.2592216086100095	0.2592237484808635	-2.139870854012127e-06	2.139870854012127e-06	8.254986401351646e-06
1403	0.2570243220821522	0.25702043351927273	3.888562879472701e-06	3.888562879472701e-06	1.5129163061190012e-05
1404	1.8640633086841283	1.8640624977042108	8.109799174427224e-07	8.109799174427224e-07	4.3506028666762715e-07
1405	4.249997656450266	4.250000018831912	-2.362381645859557e-06	2.362381645859557e-06	5.558548114195182e-07
1406	-0.27022314627854793	-0.2702239989620381	8.526834901489977e-07	8.526834901489977e-07	3.155479099003775e-06
1407	1.3154355898315175	1.3154410157376617	-5.425906144163051e-06	5.425906144163051e-06	4.124798041124923e-06
1408	2.210291081922579	2.2102966642041366	-5.582281557447999e-06	5.582281557447999e-06	2.5255866085259496e-06
1409	0.16999918476092998	0.16999947293072637	-2.8816979638635054e-07	2.8816979638635054e-07	1.6951245783419727e-06
1410	1.05634029513569	1.0563382234867191	2.0716489708139108e-06	2.0716489708139108e-06	1.9611568169401333e-06
1411	-0.3243474397560886	-0.32434954134430427	2.1015882156749655e-06	2.1015882156749655e-06	6.4794351922597985e-06
1412	0.650899302021149	0.6509058506747323	-6.5486535832937065e-06	6.5486535832937065e-06	1.0060931949011259e-05
1413	-1.6829435272271303	-1.6829464790291127	2.9518019823981945e-06	2.9518019823981945e-06	1.753951891221017e-06
1414	-1.885859305863994	-1.8858636576783994	4.3518144052789864e-06	4.3518144052789864e-06	2.307602901100425e-06
1415	-0.8209250223224028	-0.8209317670164751	6.744694072247093e-06	6.744694072247093e-06	8.21596843663786e-06
1416	0.6266464824525736	0.6266519515811808	-5.469128607216156e-06	5.469128607216156e-06	8.727613990285305e-06
1417	-1.456739640151214	-1.4567360711001953	-3.569051018725844e-06	3.569051018725844e-06	2.450026703711698e-06
1418	-1.3392198986142287	-1.3392347691496553	1.4870535426592113e-05	1.4870535426592113e-05	1.110387878942028e-05
1419	0.8127218150401804	0.8127350505979791	-1.3235557798751962e-05	1.3235557798751962e-05	1.628547130619055e-05
1420	1.7325995055235537	1.7326025478272555	-3.042303701850102e-06	3.042303701850102e-06	1.7559186021646614e-06
1421	0.9235820942732457	0.9235886252447756	-6.530971529916663e-06	6.530971529916663e-06	7.071349228631155e-06
1422	-0.46012525687902833	-0.46012878595647067	3.52907744233244e-06	3.52907744233244e-06	7.669819010305429e-06
1423	-0.2758524156463352	-0.27585919059980313	6.774953467902911e-06	6.774953467902911e-06	2.4560065758455933e-05
1424	0.41563979352947644	0.4156476978014467	-7.90427197028265e-06	7.90427197028265e-06	1.901712033672756e-05
1425	-0.352597595971335	-0.35260572942874546	8.133457410464118e-06	8.133457410464118e-06	2.3067251460005248e-05
1426	0.2865416826773113	0.28654825716678545	-6.574489474164835e-06	6.574489474164835e-06	2.2944269094589957e-05
1427	1.2349254346353864	1.2349361453267704	-1.0710691384030468e-05	1.0710691384030468e-05	8.67314825950833e-06
1428	-0.13587568038872297	-0.13587104645473858	-4.633933984393712e-06	4.633933984393712e-06	3.410421917400243e-05
1429	-0.1888162246981059	-0.18882013020693478	3.905508828866422e-06	3.905508828866422e-06	2.068418026634551e-05
1430	-0.7880355248683795	-0.788041944632667	6.419764287501906e-06	6.419764287501906e-06	8.146541729288357e-06
1431	-0.3420623246409364	-0.3420694271110136	7.102470077235967e-06	7.102470077235967e-06	2.076367248188308e-05
1432	-0.09772677126113782	-0.09772835731602925	1.5860548914226058e-06	1.5860548914226058e-06	1.622948216701516e-05
1433	-0.4468893414463162	-0.4468952574736562	5.916027340013841e-06	5.916027340013841e-06	1.3238237727637815e-05
1434	0.47793272679847654	0.4779349452714854	-2.218473008852584e-06	2.218473008852584e-06	4.6418102056192055e-06
1435	-2.8005402602573537	-2.80053395029789	-6.309959463823844e-06	6.309959463823844e-06	2.253122211227913e-06
1436	0.3465680509086374	0.3465684703716221	-4.1946298467987475e-07	4.1946298467987475e-07	1.2103336807305817e-06
1437	0.7871208747367064	0.7871254183360321	-4.543599325668168e-06	4.543599325668168e-06	5.7724289515101625e-06
1438	2.9077991015084077	2.9077996616226898	-5.601142820665928e-07	5.601142820665928e-07	1.9262482121823204e-07
1439	-0.37790184695488077	-0.3779043599489995	2.5129941187418403e-06	2.5129941187418403e-06	6.6498593192688914e-06
1440	-0.42043550194701745	-0.4204374942613498	1.9923143323441472e-06	1.9923143323441472e-06	4.73869195897547e-06
1441	-0.10725884125105459	-0.10726589296972122	7.051718666634121e-06	7.051718666634121e-06	6.574487085990953e-05
1442	0.0313337960462434	0.03133602990601503	-2.233859771626212e-06	2.233859771626212e-06	7.129234416185679e-05
1443	-0.36668537278968905	-0.36668928984084914	3.917051160096108e-06	3.917051160096108e-06	1.06823218234634e-05
1444	0.32264078729366263	0.3226529559618996	-1.2168668236944846e-05	1.2168668236944846e-05	3.771583977034222e-05
1445	-0.2091838422943636	-0.2091829745598517	-8.677345119112445e-07	8.677345119112445e-07	4.1481909042007565e-06
1446	0.3982960005526667	0.3983098866804369	-1.3886127770201817e-05	1.3886127770201817e-05	3.486383933289246e-05
1447	0.15514785703928244	0.1551400310422224	7.825997060034728e-06	7.825997060034728e-06	5.04421859855482e-05
1448	0.8245749880533424	0.824567287818212	7.700235130414512e-06	7.700235130414512e-06	9.338429181066038e-06
1449	-0.34950031022199585	-0.3495050548245615	4.7446025656650015e-06	4.7446025656650015e-06	1.3575388710388616e-05
1450	-0.47778864433294516	-0.4777928183621327	4.1740291875647095e-06	4.1740291875647095e-06	8.736141465631096e-06
1451	-0.6153911457589788	-0.615384472718361	-6.673040617743986e-06	6.673040617743986e-06	1.0843575933342268e-05
1452	-0.04879569033067074	-0.04880424058484323	8.550254172484673e-06	8.550254172484673e-06	0.00017522560116564994
1453	1.1305259164286774	1.1305220308504005	3.885578276907609e-06	3.885578276907609e-06	3.436965239312797e-06
1454	0.8299399507262881	0.8299320988864878	7.85183980034354e-06	7.85183980034354e-06	9.46073242223407e-06
1455	1.4708588937563218	1.4708575929684997	1.3007878221227287e-06	1.3007878221227287e-06	8.843729521876428e-07
1456	-0.6110905455388778	-0.611083160256598	-7.385282279726013e-06	7.385282279726013e-06	1.2085414074298028e-05
1457	-0.5055904316372097	-0.5055814532628489	-8.978374360868457e-06	8.978374360868457e-06	1.7758196751854194e-05
1458	0.017720218310822208	0.017722517490881273	-2.2991800590656253e-06	2.2991800590656253e-06	0.00012974896915696885
1459	-0.5194275013974348	-0.5194322814450203	4.780047585528635e-06	4.780047585528635e-06	9.202530810688111e-06
1460	-0.3243772247543567	-0.3243801119214851	2.887167128373669e-06	2.887167128373669e-06	8.900646864341518e-06
1461	-1.4885840841941689	-1.4885858429316556	1.7587374867567007e-06	1.7587374867567007e-06	1.1814834683717426e-06
1462	0.20232438693416765	0.2023279381102583	-3.5511760906326018e-06	3.5511760906326018e-06	1.7551893493630525e-05
1463	2.0903765146719206	2.0903840109074423	-7.49623552165346e-06	7.49623552165346e-06	3.5860695281634353e-06
1464	-0.3225786597218333	-0.32257346483532956	-5.194886503745444e-06	5.194886503745444e-06	1.6104247281035607e-05
1465	0.004643027841524911	0.004643382503388693	-3.5466186378268344e-07	3.5466186378268344e-07	7.63859007285646e-05
1466	-1.58350000082942	-1.5835048504850846	4.849655664607155e-06	4.849655664607155e-06	3.062618037301521e-06
1467	-0.8472489267713887	-0.847255940440661	7.01366927224889e-06	7.01366927224889e-06	8.278168376059061e-06
1468	-0.20696720802826063	-0.20697049888163122	3.2908533705855447e-06	3.2908533705855447e-06	1.5900361230829334e-05
1469	-0.5068766351059208	-0.5068809208381708	4.285732249975638e-06	4.285732249975638e-06	8.455178150162826e-06
1470	1.169827299386961	1.1698288403554358	-1.540968474822435e-06	1.540968474822435e-06	1.317261509993798e-06
1471	0.8369762248930451	0.8369736764244351	2.548468610030774e-06	2.548468610030774e-06	3.044851853893981e-06
1472	0.02313312311528025	0.023144759937920867	-1.1636822640617717e-05	1.1636822640617717e-05	0.0005030372502073091
1473	0.5320168347162242	0.532004098804606	1.2735911618211304e-05	1.2735911618211304e-05	2.3938925964635297e-05
1474	0.7724666864513173	0.7724616075446278	5.078906689548468e-06	5.078906689548468e-06	6.574920030377974e-06
1475	0.0703800294907812	0.07037238539453483	7.644096246373078e-06	7.644096246373078e-06	0.00010861172269577334
1476	0.3693169875055148	0.36932370653985913	-6.719034344349062e-06	6.719034344349062e-06	1.8193136442847028e-05
1477	-1.609442908321179	-1.609435038702145	-7.86961903398442e-06	7.86961903398442e-06	4.889654049420911e-06
1478	-0.09351315278517905	-0.09351590887440864	2.7560892295885875e-06	2.7560892295885875e-06	2.947274418091699e-05
1479	-0.9013338245346825	-0.9013264727446568	-7.351790025644789e-06	7.351790025644789e-06	8.156567328914104e-06
1480	0.4075542076366845	0.4075586573488721	-4.449712187604149e-06	4.449712187604149e-06	1.0918086733558789e-05
1481	-3.422460562787146	-3.422469549496654	8.986709508107538e-06	8.986709508107538e-06	2.6258036705583073e-06
1482	1.42393869204031	1.4239495537999858	-1.0861759675684368e-05	1.0861759675684368e-05	7.6279686312343595e-06
1483	1.817189528842923	1.8171913176683319	-1.788825408910455e-06	1.788825408910455e-06	9.843912154003394e-07
1484	0.49020164111853787	0.4902053158701847	-3.6747516468094155e-06	3.6747516468094155e-06	7.496408291135866e-06
1485	-0.5161483033849128	-0.5161531954076537	4.892022740898838e-06	4.892022740898838e-06	9.477940174978464e-06
1486	-2.224690383326613	-2.224696872676901	6.489350288241269e-06	6.489350288241269e-06	2.9169678337610497e-06
1487	2.9322678040660675	2.932273574757005	-5.770690937545453e-06	5.770690937545453e-06	1.967995873208937e-06
1488	-0.9079471491438722	-0.9079514293706126	4.280226740371873e-06	4.280226740371873e-06	4.714180494324823e-06
1489	0.27905989704628	0.2790715235132524	-1.1626466972392002e-05	1.1626466972392002e-05	4.166298022558161e-05
1490	0.5873929571813518	0.5873907141822343	2.24299911744108e-06	2.24299911744108e-06	3.8185665831001385e-06
1491	-0.7298486429354422	-0.7298634562555861	1.48133201439693e-05	1.48133201439693e-05	2.029642760503097e-05
1492	-0.2465725971206169	-0.24658086743301055	8.270312393643398e-06	8.270312393643398e-06	3.3541084817295314e-05
1493	0.4246173410243917	0.4246237614431436	-6.420418751929002e-06	6.420418751929002e-06	1.5120481741135928e-05
1494	0.2066454069340971	0.20665276731079985	-7.360376702736371e-06	7.360376702736371e-06	3.561839003314371e-05
1495	-0.03248729992566307	-0.03248860021898281	1.300293319739243e-06	1.300293319739243e-06	4.002466572212999e-05
1496	-1.0120102982057435	-1.0120143400698112	4.0418640676609385e-06	4.0418640676609385e-06	3.99389618349439e-06
1497	0.523203236001345	0.5232106652108826	-7.429209537557213e-06	7.429209537557213e-06	1.4199471689693668e-05
1498	-2.073186403588975	-2.0731989461264533	1.2542537478399396e-05	1.2542537478399396e-05	6.049884109159945e-06
1499	-0.6156292907732237	-0.6156384050317598	9.114258536113695e-06	9.114258536113695e-06	1.4804783776071288e-05
1500	-1.6997826125776114	-1.6997784787786685	-4.13379894292909e-06	4.13379894292909e-06	2.431957423461609e-06
1501	0.8507071189216078	0.8507144572380554	-7.338316447613735e-06	7.338316447613735e-06	8.626137344326088e-06
1502	0.4216902422196267	0.4216971567991834	-6.914579556704936e-06	6.914579556704936e-06	1.6397295608048838e-05
1503	-0.4762549198304389	-0.47626191706839904	6.997237960160163e-06	6.997237960160163e-06	1.4692211395215383e-05
1504	1.2224792846673675	1.2224854697819865	-6.185114618917353e-06	6.185114618917353e-06	5.059484194532018e-06
1505	0.19393904855359703	0.19393988250016037	-8.339465633333543e-07	8.339465633333543e-07	4.300044625117797e-06
1506	2.17603753240805	2.1760401841675048	-2.651759454685987e-06	2.651759454685987e-06	1.218618436122052e-06
1507	-0.827353790747886	-0.8273631617505828	9.371002696823005e-06	9.371002696823005e-06	1.1326475809522905e-05
1508	0.25075017287527007	0.250757622247022	-7.449371751955258e-06	7.449371751955258e-06	2.970834144015038e-05
1509	3.2052631316756335	3.2052574066803174	5.724995316036541e-06	5.724995316036541e-06	1.7861233480209322e-06
1510	1.3098209538085774	1.3098259676631585	-5.013854581070731e-06	5.013854581070731e-06	3.827893092175617e-06
1511	-0.36633840318808775	-0.36634026820436816	1.865016280411247e-06	1.865016280411247e-06	5.0909657960530514e-06
1512	-2.1766546066630124	-2.1766562811400547	1.6744770423571254e-06	1.6744770423571254e-06	7.692892741142033e-07
1513	-0.4824769195056562	-0.4824711608808485	-5.758624807672419e-06	5.758624807672419e-06	1.1935544634078417e-05
1514	0.11550793460676295	0.11550321775821715	4.716848545804897e-06	4.716848545804897e-06	4.0835710220800076e-05
1515	-1.0285582869457275	-1.0285505812532847	-7.705692442794287e-06	7.705692442794287e-06	7.491741149328646e-06
1516	1.6459030450325534	1.645904817507926	-1.772475372696647e-06	1.772475372696647e-06	1.0769014481418558e-06
1517	0.22990875463816646	0.229909125781802	-3.711436355469111e-07	3.711436355469111e-07	1.6143084073985005e-06
1518	1.8637328246051266	1.8637420777825042	-9.253177377654964e-06	9.253177377654964e-06	4.964862589473068e-06
1519	-1.781858068870164	-1.7818654653964927	7.396526328751207e-06	7.396526328751207e-06	4.151018792109058e-06
1520	-0.5338461241846458	-0.533849463787206	3.339602560159527e-06	3.339602560159527e-06	6.255740013585695e-06
1521	-1.8575750151582253	-1.8575820055062309	6.990348005553315e-06	6.990348005553315e-06	3.7631578528514437e-06
1522	0.13484852874330308	0.1348551552169397	-6.626473636611729e-06	6.626473636611729e-06	4.9140125579166295e-05
1523	0.304515982315559	0.3045188736408022	-2.891325243226106e-06	2.891325243226106e-06	9.494822640310319e-06
1524	-0.003962703193497407	-0.0039639821345360815	1.2789410386744582e-06	1.2789410386744582e-06	0.0003227445953492391
1525	4.007747755574739	4.007760781510328	-1.3025935588828474e-05	1.3025935588828474e-05	3.2501884807269922e-06
1526	-1.6411886910286655	-1.6411971960330618	8.505004396308635e-06	8.505004396308635e-06	5.182222155685135e-06
1527	-2.4658925955848816	-2.465890917363822	-1.6782210594534774e-06	1.6782210594534774e-06	6.805734614955615e-07
1528	-2.97993212986193	-2.9799389760807315	6.846218801648263e-06	6.846218801648263e-06	2.2974411843284062e-06
1529	0.4470592259238436	0.4470594273229267	-2.013990830773693e-07	2.013990830773693e-07	4.5049754349925345e-07
1530	3.051272210537823	3.0512775981144102	-5.387576587079224e-06	5.387576587079224e-06	1.7656820550040663e-06
1531	-1.0278232851060283	-1.0278296147436805	6.329637652235931e-06	6.329637652235931e-06	6.158293691101752e-06
1532	1.194143010573731	1.1941505959143228	-7.585340591864664e-06	7.585340591864664e-06	6.3521207465932045e-06
1533	-0.5853300640679046	-0.5853373404569595	7.276389054955423e-06	7.276389054955423e-06	1.2431258022843133e-05
1534	0.8099542423436777	0.809958730943805	-4.488600127250386e-06	4.488600127250386e-06	5.541794699737858e-06
1535	1.22376682846763	1.2237791842366619	-1.2355769031913155e-05	1.2355769031913155e-05	1.0096505922933651e-05
1536	-0.41335471880463026	-0.41335433637357255	-3.8243105771051944e-07	3.8243105771051944e-07	9.251885615736089e-07
1537	0.24619618550658706	0.2461987083108852	-2.522804298132897e-06	2.522804298132897e-06	1.024712991771921e-05
1538	-0.975579878309209	-0.9755875299024552	7.651593246227328e-06	7.651593246227328e-06	7.843123270939547e-06
1539	1.1736681746120534	1.173674869569652	-6.694957598529783e-06	6.694957598529783e-06	5.704301900102852e-06
1540	-1.0561504278495137	-1.0561565108488935	6.082999379763976e-06	6.082999379763976e-06	5.759595621383127e-06
1541	-0.24818695015664366	-0.24819099107276088	4.040916117220572e-06	4.040916117220572e-06	1.6281742914646158e-05
1542	-0.7603134558063005	-0.7603210296736052	7.573867304655479e-06	7.573867304655479e-06	9.961506332442206e-06
1543	-1.5657988218234082	-1.5657980264158766	-7.954075316174425e-07	7.954075316174425e-07	5.079883319181275e-07
1544	0.2921007143622528	0.2921048885475841	-4.174185331273783e-06	4.174185331273783e-06	1.4290226370679492e-05
1545	-3.3810713350807062	-3.3810833946841257	1.205960341943424e-05	1.205960341943424e-05	3.5667994621433733e-06
1546	1.7181292543804256	1.7181345358157074	-5.2814352817787125e-06	5.2814352817787125e-06	3.073945262449565e-06
1547	-0.11713719778976445	-0.11713708964400382	-1.0814576062445624e-07	1.0814576062445624e-07	9.232401206878291e-07
1548	2.291119941497561	2.2911267238221456	-6.782324584619914e-06	6.782324584619914e-06	2.9602660523249324e-06
1549	-0.1523305205843064	-0.15233659628322016	6.075698913754479e-06	6.075698913754479e-06	3.9884974399414074e-05
1550	-0.1749638000332861	-0.17496765681812576	3.856784839662009e-06	3.856784839662009e-06	2.2043330328492362e-05
1551	1.0899513239727519	1.0899586131571937	-7.289184441816587e-06	7.289184441816587e-06	6.687623824565227e-06
1552	-1.6679149500675357	-1.6679251749991408	1.0224931605185006e-05	1.0224931605185006e-05	6.130367501514983e-06
1553	-0.0201055683626416	-0.02011010675317948	4.53839053787819e-06	4.53839053787819e-06	0.0002257280399151027
1554	0.3933736101358527	0.3933776934381683	-4.083302315605053e-06	4.083302315605053e-06	1.0380214153651213e-05
1555	0.46651188627501683	0.46651756213300644	-5.67585798960657e-06	5.67585798960657e-06	1.2166588154756154e-05
1556	-0.5763318546133572	-0.576334148197688	2.2935843307925197e-06	2.2935843307925197e-06	3.9796244341399674e-06
1557	0.013191275068633409	0.013193744202055768	-2.469133422359701e-06	2.469133422359701e-06	0.00018717928399741108
1558	1.2013769667027836	1.2013830846964169	-6.1179936332589335e-06	6.1179936332589335e-06	5.09248454300731e-06
1559	0.5965079597870668	0.5965151106561706	-7.150869103744739e-06	7.150869103744739e-06	1.1987885469788797e-05
1560	-0.4065485482614284	-0.4065543517519643	5.8034905359161115e-06	5.8034905359161115e-06	1.427502462063698e-05
1561	0.1463708297094226	0.14637636496850348	-5.535259080868826e-06	5.535259080868826e-06	3.781668172447679e-05
1562	0.09362994562717104	0.09362984080318881	1.0482398223043976e-07	1.0482398223043976e-07	1.1195561583239908e-06
1563	0.8227091629319285	0.8227221008141328	-1.2937882204244744e-05	1.2937882204244744e-05	1.572594883729918e-05
1564	-0.1165349195665257	-0.11653224760088676	-2.6719656389395663e-06	2.6719656389395663e-06	2.2928454826059537e-05
1565	0.060252203428517476	0.06024585876751587	6.344661001606022e-06	6.344661001606022e-06	0.00010530172575569382
1566	-0.4382401690828685	-0.43824763752731144	7.468444442937372e-06	7.468444442937372e-06	1.7041898415124825e-05
1567	-0.029835375536977043	-0.029842685728809215	7.310191832171631e-06	7.310191832171631e-06	0.00024501759071581333
1568	-0.1538813387378986	-0.15387488203622013	-6.456701678481114e-06	6.456701678481114e-06	4.195896481950041e-05
1569	-0.38444194016186645	-0.3844494616842553	7.521522388864721e-06	7.521522388864721e-06	1.9564781058221275e-05
1570	1.4742880743748061	1.474298627510251	-1.0553135444846262e-05	1.0553135444846262e-05	7.1581230481847835e-06
1571	-0.6368566794638446	-0.6368636620113222	6.9825474775520036e-06	6.9825474775520036e-06	1.0964079835718225e-05
1572	0.2833893565760881	0.28338924549586864	1.1108021946704127e-07	1.1108021946704127e-07	3.91970329475719e-07
1573	-0.41766858986131683	-0.4176731475240558	4.557662738990942e-06	4.557662738990942e-06	1.0912151044214921e-05
1574	0.5857742074489906	0.5857819700132438	-7.762564253277482e-06	7.762564253277482e-06	1.3251802750214892e-05
1575	0.4034397815425278	0.4034473700258445	-7.588483316722794e-06	7.588483316722794e-06	1.8809457232275617e-05
1576	-1.0566194845134893	-1.0566260450648457	6.560551356393773e-06	6.560551356393773e-06	6.209000924693831e-06
1577	0.05108247201485417	0.05108053431790438	1.937696949790013e-06	1.937696949790013e-06	3.793271690584109e-05
1578	-0.6868291381186158	-0.6868366395789138	7.5014602980427725e-06	7.5014602980427725e-06	1.092187253236083e-05
1579	3.951458911741218	3.9514534670193058	5.444721912439832e-06	5.444721912439832e-06	1.3779016899964687e-06
1580	1.0088289112039892	1.008822022392053	6.888811936223149e-06	6.888811936223149e-06	6.8285235085121425e-06
1581	-0.2542814543795781	-0.2542955638489275	1.4109469349377068e-05	1.4109469349377068e-05	5.548760676944685e-05
1582	-2.8600082261331496	-2.8600091166008923	8.904677426535557e-07	8.904677426535557e-07	3.113514620402002e-07
1583	0.33318506887422666	0.33318474066490467	3.282093219980631e-07	3.282093219980631e-07	9.850661168791995e-07
1584	0.9101359471009134	0.9101400249953429	-4.077894429466156e-06	4.077894429466156e-06	4.480533312034988e-06
1585	-1.0915503200336212	-1.091543721047472	-6.598986149075614e-06	6.598986149075614e-06	6.045517121805577e-06
1586	-1.3420848547217654	-1.3420780793378384	-6.77538392701571e-06	6.77538392701571e-06	5.048402046396947e-06
1587	-0.6559481614104961	-0.6559393639609112	-8.79744958481865e-06	8.79744958481865e-06	1.3411806149286784e-05
1588	-0.730168281777243	-0.730171049017514	2.7672402709288946e-06	2.7672402709288946e-06	3.7898664458464024e-06
1589	2.7105975957244643	2.7105986054660747	-1.0097416103249657e-06	1.0097416103249657e-06	3.72516234765969e-07
1590	-0.29393746032093915	-0.29393295902480077	-4.501296138381683e-06	4.501296138381683e-06	1.5313788631999776e-05
1591	0.31625338374702816	0.3162515546204503	1.8291265778680454e-06	1.8291265778680454e-06	5.783737572057627e-06
1592	-0.3283852192574554	-0.3283853656217417	1.4636428630199205e-07	1.4636428630199205e-07	4.457091175813301e-07
1593	0.10436351512595222	0.10435746313142147	6.051994530756333e-06	6.051994530756333e-06	5.7989561998294313e-05
1594	0.4139148981267176	0.41391973063831244	-4.832511594832223e-06	4.832511594832223e-06	1.1675133262182745e-05
1595	-2.382212377162891	-2.382214105484337	1.7283214459595797e-06	1.7283214459595797e-06	7.255110680005507e-07
1596	0.18957394496083715	0.18957614926051747	-2.2042996803139925e-06	2.2042996803139925e-06	1.1627651050725164e-05
1597	-0.4573917883176183	-0.4573931511426821	1.3628250637998107e-06	1.3628250637998107e-06	2.979557348006976e-06
1598	0.036676933297236196	0.03667560082476484	1.3324724713534297e-06	1.3324724713534297e-06	3.6329985949338866e-05
1599	-0.9890440144627094	-0.9890479966720989	3.982209389463698e-06	3.982209389463698e-06	4.026321711907839e-06
1600	-0.06180730230165399	-0.06181135571026175	4.053408607762599e-06	4.053408607762599e-06	6.55813869367686e-05
1601	-0.2891370131013336	-0.2891441058938682	7.092792534579839e-06	7.092792534579839e-06	2.453090477245137e-05
1602	0.8148048451056725	0.8148086449661918	-3.799860519237974e-06	3.799860519237974e-06	4.6635222434706655e-06
1603	0.5191990840537422	0.5192038484587158	-4.7644049736561556e-06	4.7644049736561556e-06	9.176451037735254e-06
1604	0.25246007562876577	0.2524681538584872	-8.078229721431018e-06	8.078229721431018e-06	3.199804840948313e-05
1605	0.17423917285924864	0.17424008101585287	-9.081566042234979e-07	9.081566042234979e-07	5.2121264657122296e-06
1606	1.280626400738537	1.2806248858368008	1.5149017362769968e-06	1.5149017362769968e-06	1.1829380804607442e-06
1607	0.06526335542606926	0.06526749914392838	-4.1437178591174906e-06	4.1437178591174906e-06	6.349225889575231e-05
1608	-1.6001389086703863	-1.6001529877804899	1.4079110103537573e-05	1.4079110103537573e-05	8.798679931629447e-06
1609	-1.5674921952078276	-1.567497588832012	5.393624184391044e-06	5.393624184391044e-06	3.4409257034137414e-06
1610	0.4502932204637933	0.4502981395848593	-4.919121066038201e-06	4.919121066038201e-06	1.092426188644724e-05
1611	1.0851291610729348	1.085136278391019	-7.117318084226554e-06	7.117318084226554e-06	6.5589593751118235e-06
1612	0.2868689581366478	0.2868764221712894	-7.464034641579964e-06	7.464034641579964e-06	2.601896939307225e-05
1613	-0.5155541691937583	-0.5155621555701373	7.986376378998905e-06	7.986376378998905e-06	1.5490857908274276e-05
1614	0.5150110425819825	0.5150186271194457	-7.584537463189989e-06	7.584537463189989e-06	1.4726941436372477e-05
1615	-0.21505296547197672	-0.21505970671675811	6.741244781394151e-06	6.741244781394151e-06	3.134690454790587e-05
1616	-1.599491589325249	-1.5994865661141944	-5.023211054666632e-06	5.023211054666632e-06	3.140504825527523e-06
1617	-0.062030433567682876	-0.06204054175462659	1.0108186943712238e-05	1.0108186943712238e-05	0.00016295528440379118
1618	-0.03924500166900861	-0.03924347041284193	-1.5312561666772084e-06	1.5312561666772084e-06	3.901786473578943e-05
1619	0.1524061247640451	0.1523988670459886	7.257718056513651e-06	7.257718056513651e-06	4.762090806881966e-05
1620	-0.29240785827391375	-0.29240102235306153	-6.835920852210631e-06	6.835920852210631e-06	2.3378033998686403e-05
1621	0.2543033515221902	0.25430709743190505	-3.745909714858442e-06	3.745909714858442e-06	1.4730083942804735e-05
1622	1.4471278551553406	1.447129904107669	-2.048952328470577e-06	2.048952328470577e-06	1.4158751220020113e-06
1623	0.35447295909595833	0.35447790695641856	-4.947860460235987e-06	4.947860460235987e-06	1.3958357988307271e-05
1624	-1.4480163125506327	-1.448026379263112	1.0066712479384066e-05	1.0066712479384066e-05	6.952071183267187e-06
1625	-0.4358542043742882	-0.4358625501623692	8.345788081010053e-06	8.345788081010053e-06	1.9148118791216566e-05
1626	2.0533118410583766	2.0533057539235955	6.087134781118664e-06	6.087134781118664e-06	2.9645447220433206e-06
1627	0.4791383909505444	0.4791415565001955	-3.1655496511295844e-06	3.1655496511295844e-06	6.606754355144807e-06
1628	-0.2010111542966141	-0.2010123592697255	1.2049731114016637e-06	1.2049731114016637e-06	5.994558439396817e-06
1629	-2.7130254378352587	-2.7130261034731262	6.656378674918528e-07	6.656378674918528e-07	2.4534892235399377e-07
1630	0.968645900944887	0.9686527997772032	-6.898832316193371e-06	6.898832316193371e-06	7.12214061863448e-06
1631	0.636815202347403	0.6368231441893357	-7.941841932757043e-06	7.941841932757043e-06	1.2471187722092909e-05
1632	0.6599770433241426	0.6599839853347333	-6.942010590704761e-06	6.942010590704761e-06	1.0518563730246669e-05
1633	-1.7485873606312146	-1.7485859025381245	-1.4580930900454092e-06	1.4580930900454092e-06	8.338691694071601e-07
1634	-1.4438109325366006	-1.443808872679142	-2.0598574586028207e-06	2.0598574586028207e-06	1.4266808847221436e-06
1635	-3.463139001406374	-3.4631494892689574	1.0487862583286045e-05	1.0487862583286045e-05	3.0284266900713326e-06
1636	2.009922126422294	2.0099290075794585	-6.881157164517759e-06	6.881157164517759e-06	3.4235939164301713e-06
1637	1.7304298267778524	1.730436337998853	-6.511221000593537e-06	6.511221000593537e-06	3.762776681165834e-06
1638	3.0420555813109185	3.0420614412882685	-5.859977350031187e-06	5.859977350031187e-06	1.9263215918973896e-06
1639	-0.2613347657910796	-0.2613428407798324	8.074988752770906e-06	8.074988752770906e-06	3.0899022287858716e-05
1640	-0.28661889424125137	-0.28662698611725546	8.091876004090448e-06	8.091876004090448e-06	2.823217926896123e-05
1641	0.4210834200954554	0.42108998349199567	-6.563396540260058e-06	6.563396540260058e-06	1.5586927024512627e-05
1642	0.34946781312761377	0.3494697181452011	-1.9050175873447373e-06	1.9050175873447373e-06	5.451196121026143e-06
1643	-0.9989200105223114	-0.998931502506295	1.1491983983646925e-05	1.1491983983646925e-05	1.1504408623907775e-05
1644	2.2864586181372584	2.2864683977186218	-9.779581363389411e-06	9.779581363389411e-06	4.2771740042934525e-06
1645	1.0175154020277828	1.0175201023905345	-4.700362751686171e-06	4.700362751686171e-06	4.619451206653902e-06
1646	0.6770464897933266	0.6770544191194716	-7.929326145017512e-06	7.929326145017512e-06	1.171164205790063e-05
1647	-0.45074443421988636	-0.45074843370507267	3.999485186312324e-06	3.999485186312324e-06	8.873066160504729e-06
1648	-1.3662123543648903	-1.3662192356225233	6.88125763304015e-06	6.88125763304015e-06	5.036740892479363e-06
1649	0.3201619626779147	0.3201639459806671	-1.9833027524174263e-06	1.9833027524174263e-06	6.194685764131961e-06
1650	-1.8360441436663189	-1.8360503580669985	6.214400679604992e-06	6.214400679604992e-06	3.384668446585232e-06
1651	0.8137546288224464	0.8137642378134302	-9.608990983789312e-06	9.608990983789312e-06	1.18082166828275e-05
1652	0.10370681999012528	0.1037149412397298	-8.121249604517433e-06	8.121249604517433e-06	7.830969655892177e-05
1653	-2.3129376363641576	-2.3129317140071493	-5.922357008358858e-06	5.922357008358858e-06	2.5605346703893663e-06
1654	-0.3025448137995252	-0.3025468811941323	2.067394607119244e-06	2.067394607119244e-06	6.83335001236927e-06
1655	0.26489275802133866	0.26489465137835566	-1.8933570170021063e-06	1.8933570170021063e-06	7.147636013701762e-06
1656	2.561616732335119	2.5616171944449206	-4.62109801535604e-07	4.62109801535604e-07	1.803977135620729e-07
1657	-0.5111594458374491	-0.5111665684722766	7.122634827494423e-06	7.122634827494423e-06	1.3934272144428789e-05
1658	-0.3685892834538189	-0.36859773917718996	8.455723371048052e-06	8.455723371048052e-06	2.2940773784345474e-05
1659	-0.2486557759092306	-0.24866227654207762	6.500632847017407e-06	6.500632847017407e-06	2.6143100128067808e-05
1660	-0.49937291412417256	-0.4993870231384534	1.4109014280838661e-05	1.4109014280838661e-05	2.8253463257180896e-05
1661	1.4092466292836119	1.409247756892995	-1.1276093832002232e-06	1.1276093832002232e-06	8.001504915952444e-07
1662	-1.398884725985441	-1.3988836954315076	-1.0305539333010927e-06	1.0305539333010927e-06	7.366968229459519e-07
1663	0.8932619674818933	0.8932694392171925	-7.471735299136029e-06	7.471735299136029e-06	8.364551017658191e-06
1664	-0.622744744505285	-0.6227526143334217	7.869828136608525e-06	7.869828136608525e-06	1.2637325655570806e-05
1665	0.18742118999634738	0.1874279351472552	-6.745150907816466e-06	6.745150907816466e-06	3.598926518366424e-05
1666	-0.39389197073523785	-0.3938840996049464	-7.871130291436934e-06	7.871130291436934e-06	1.998296709817339e-05
1667	-0.786503135627757	-0.7864956507024345	-7.484925322431835e-06	7.484925322431835e-06	9.516713898995012e-06
1668	1.2114701936269034	1.2114631360304884	7.057596415060985e-06	7.057596415060985e-06	5.8256459401051625e-06
1669	1.3004053484449916	1.3004001052117076	5.243233283991344e-06	5.243233283991344e-06	4.0319991687677516e-06
1670	-0.8494045074669854	-0.8494150812730084	1.05738060229843e-05	1.05738060229843e-05	1.2448492950098081e-05
1671	-0.34842369929971617	-0.3484329846639156	9.285364199418389e-06	9.285364199418389e-06	2.6649634390773927e-05
1672	-1.2737059767921752	-1.2737078451401374	1.8683479621195431e-06	1.8683479621195431e-06	1.4668596961639231e-06
1673	0.5892807918745468	0.589285874401213	-5.082526666200238e-06	5.082526666200238e-06	8.624965782496212e-06
1674	0.26153643949212113	0.2615395917580088	-3.1522658876514953e-06	3.1522658876514953e-06	1.205287452017354e-05
1675	-0.026699371652816425	-0.026692029360120273	-7.342292696152497e-06	7.342292696152497e-06	0.00027499870752119304
1676	0.2601237155924385	0.26013038420380497	-6.668611366444921e-06	6.668611366444921e-06	2.5636306752181304e-05
1677	0.08688725980759505	0.08689187487931349	-4.6150717184362255e-06	4.6150717184362255e-06	5.311563201159682e-05
1678	-1.311629189641886	-1.311635010853962	5.821212076151383e-06	5.821212076151383e-06	4.438153803012533e-06
1679	0.18392165064175806	0.18392069939388023	9.512478778284095e-07	9.512478778284095e-07	5.172027733054913e-06
1680	-0.46689031421308747	-0.46689452671166976	4.212498582290003e-06	4.212498582290003e-06	9.022458710435853e-06
1681	0.3107297032510043	0.3107317163895118	-2.0131385075061736e-06	2.0131385075061736e-06	6.478744987826222e-06
1682	0.19102729092273768	0.19103555123756166	-8.260314823982373e-06	8.260314823982373e-06	4.324154304906787e-05
1683	0.4102046769199095	0.4102109772237128	-6.300303803274954e-06	6.300303803274954e-06	1.5358927281331453e-05
1684	1.0008994863908813	1.0009039606497794	-4.474258898046202e-06	4.474258898046202e-06	4.470237979819353e-06
1685	-0.37494894156449576	-0.37495654874497575	7.607180479984876e-06	7.607180479984876e-06	2.028857702129651e-05
1686	0.05668563729317791	0.05668271280967474	2.9244835031694283e-06	2.9244835031694283e-06	5.159126090519209e-05
1687	-0.7968197523895251	-0.796833100636718	1.3348247192901397e-05	1.3348247192901397e-05	1.6751902990447094e-05
1688	-0.42721652001456756	-0.42721975693282843	3.2369182608738e-06	3.2369182608738e-06	7.576762857305764e-06
1689	-0.08611475564615537	-0.08611473056241437	-2.508374100096411e-08	2.508374100096411e-08	2.912827286421498e-07
1690	0.32752312133200634	0.3275294331288592	-6.311796852842555e-06	6.311796852842555e-06	1.9271301602076395e-05
1691	0.6096507325563398	0.609657940334074	-7.207777734219434e-06	7.207777734219434e-06	1.182279844722952e-05
1692	-0.42985117976972853	-0.429858929907212	7.75013748344211e-06	7.75013748344211e-06	1.8029815545914895e-05
1693	0.4688845630112387	0.46889221200885345	-7.648997614739805e-06	7.648997614739805e-06	1.631317859051902e-05
1694	-0.18162949017795654	-0.18163463772680188	5.147548845341188e-06	5.147548845341188e-06	2.8340930981514807e-05
1695	0.5153384362686669	0.5153456769289022	-7.2406602352748095e-06	7.2406602352748095e-06	1.4050301172373562e-05
1696	0.9623368527685662	0.9623332077257629	3.6450428032575033e-06	3.6450428032575033e-06	3.7876994866932577e-06
1697	2.2350426597056448	2.235040628656648	2.031048996542495e-06	2.031048996542495e-06	9.087294095809268e-07
1698	-0.8026906249276722	-0.8027034398505606	1.2814922888404467e-05	1.2814922888404467e-05	1.5964958964805623e-05
1699	-0.3475350542117594	-0.3475263046865962	-8.749525163220806e-06	8.749525163220806e-06	2.517595004355895e-05
1700	-0.4050991417506783	-0.4050920585196849	-7.083230993409906e-06	7.083230993409906e-06	1.7485178968286584e-05
1701	-0.18495904631871643	-0.1849512738694159	-7.772449300530448e-06	7.772449300530448e-06	4.202254204499505e-05
1702	-0.6148017985568068	-0.6148076853058626	5.886749055772356e-06	5.886749055772356e-06	9.575035514845566e-06
1703	-1.8299435179549661	-1.829947932295184	4.414340217806512e-06	4.414340217806512e-06	2.41228222319108e-06
1704	0.9876496712463886	0.9876555510501817	-5.879803793074068e-06	5.879803793074068e-06	5.9533293679467395e-06
1705	1.2717724233071486	1.2717678236402463	4.599666902249666e-06	4.599666902249666e-06	3.6167374114690884e-06
1706	-2.410738913137851	-2.4107371215187356	-1.7916191152878014e-06	1.7916191152878014e-06	7.431825593074305e-07
1707	0.21361072307643358	0.21362445219885728	-1.3729122423700169e-05	1.3729122423700169e-05	6.427169116780553e-05
1708	-0.07066334575269878	-0.07066850511705525	5.159364356466245e-06	5.159364356466245e-06	7.301330416086614e-05
1709	1.3259804002116096	1.3259842153185986	-3.815106988991346e-06	3.815106988991346e-06	2.8771971202458978e-06
1710	-1.0506334903585233	-1.0506394764338012	5.986075277908398e-06	5.986075277908398e-06	5.697586582610917e-06
1711	-1.2011074331954315	-1.2010984038717254	-9.029323706055692e-06	9.029323706055692e-06	7.51749881526754e-06
1712	1.08475783768238	1.0847516586220962	6.179060283884041e-06	6.179060283884041e-06	5.696257790665797e-06
1713	0.8370241055469212	0.8370158356729718	8.269873949418027e-06	8.269873949418027e-06	9.880090542929342e-06
1714	-1.1785404586172403	-1.17855168426928	1.1225652039703604e-05	1.1225652039703604e-05	9.525045964798233e-06
1715	0.050068360338354934	0.050069151255272004	-7.90916917070561e-07	7.90916917070561e-07	1.5796740930313193e-05
1716	0.8806807870380808	0.8806830662955178	-2.2792574370100738e-06	2.2792574370100738e-06	2.5880630877343283e-06
1717	0.5131267653686518	0.513131527469568	-4.7621009162668315e-06	4.7621009162668315e-06	9.280554509460326e-06
1718	0.2862327320786666	0.2862403496450838	-7.617566417206234e-06	7.617566417206234e-06	2.661319116750304e-05
1719	-0.7722614173558642	-0.7722670249581398	5.607602275636836e-06	5.607602275636836e-06	7.26127467928753e-06
1720	0.6654262416467679	0.6654331690327808	-6.927386012933745e-06	6.927386012933745e-06	1.0410449091683177e-05
1721	-0.3363260780889562	-0.336334102270186	8.024181229804306e-06	8.024181229804306e-06	2.3858337942150173e-05
1722	-0.10842370136098468	-0.10841960882146395	-4.0925395207308535e-06	4.0925395207308535e-06	3.7745801603887305e-05
1723	0.28822653633127593	0.28823070774386395	-4.171412588016565e-06	4.171412588016565e-06	1.4472687494749313e-05
1724	-1.44737716453473	-1.4473749662275992	-2.1983071307740687e-06	2.1983071307740687e-06	1.5188212061371927e-06
1725	0.9978395512550703	0.9978366214102863	2.9298447840053754e-06	2.9298447840053754e-06	2.9361882682644248e-06
1726	-0.27053337422929397	-0.27053710024027566	3.7260109816972253e-06	3.7260109816972253e-06	1.3772832990798385e-05
1727	1.4387832081773562	1.438784431401885	-1.2232245287790988e-06	1.2232245287790988e-06	8.501798754856709e-07
1728	0.05806222033585581	0.058065325683642754	-3.1053477869413815e-06	3.1053477869413815e-06	5.348310431428164e-05
1729	-0.017905120180595705	-0.017904822044556568	-2.981360391375587e-07	2.981360391375587e-07	1.665088176624792e-05
1730	0.009395176870756777	0.009391995593688307	3.1812770684702674e-06	3.1812770684702674e-06	0.000338607469793596
1731	-1.055218095869202	-1.055218678516212	5.826470101943926e-07	5.826470101943926e-07	5.5215790221495e-07
1732	0.323055491744731	0.32305236691065886	3.124834072165683e-06	3.124834072165683e-06	9.672747103877854e-06
1733	-2.192881391622823	-2.192895613848833	1.422222601021872e-05	1.422222601021872e-05	6.485633953824417e-06
1734	-2.724053335624427	-2.7240584742465046	5.138622077627275e-06	5.138622077627275e-06	1.8863882033533545e-06
1735	-1.062461466351092	-1.0624638566678613	2.390316769185219e-06	2.390316769185219e-06	2.2497914935159964e-06
1736	0.6871429481057219	0.6871492899023224	-6.341796600528582e-06	6.341796600528582e-06	9.229224600225179e-06
1737	0.32112287225080005	0.3211217832710389	1.088979761143527e-06	1.088979761143527e-06	3.3911622473687374e-06
1738	0.7394059746063608	0.7394118845169828	-5.909910621992864e-06	5.909910621992864e-06	7.992781807232672e-06
1739	1.505738443517101	1.5057453810722876	-6.937555186548039e-06	6.937555186548039e-06	4.607410547573794e-06
1740	2.402930463373627	2.4029361179742637	-5.654600636617602e-06	5.654600636617602e-06	2.3532102667168935e-06
1741	0.6008220640476837	0.6008247197097916	-2.6556621078865916e-06	2.6556621078865916e-06	4.42004757614199e-06
1742	-0.528899992405946	-0.5289122604459351	1.2268039989105084e-05	1.2268039989105084e-05	2.319538696398583e-05
1743	0.3291781414908648	0.3291825085796063	-4.367088741519254e-06	4.367088741519254e-06	1.3266642559376768e-05
1744	0.44490782347341234	0.4449116645943718	-3.841120959469091e-06	3.841120959469091e-06	8.633520825687696e-06
1745	-0.041649307032815136	-0.04164261444117301	-6.692591642126766e-06	6.692591642126766e-06	0.0001606891475254013
1746	0.15798383641532093	0.15798770663799644	-3.870222675506074e-06	3.870222675506074e-06	2.4497586356440374e-05
1747	-1.0457298281702032	-1.0457365785185857	6.750348382489335e-06	6.750348382489335e-06	6.455155242440542e-06
1748	0.5705492510574672	0.5705564950648778	-7.244007410589504e-06	7.244007410589504e-06	1.2696550555737857e-05
1749	-0.4871619559363401	-0.48716897952516547	7.02358882537224e-06	7.02358882537224e-06	1.4417359031808403e-05
1750	-1.08495513326928	-1.0849532837262643	-1.8495430156306725e-06	1.8495430156306725e-06	1.7047184338927183e-06
1751	-1.2382162936184544	-1.2382179008056937	1.6071872392942055e-06	1.6071872392942055e-06	1.29798585883368e-06
1752	-0.473160026157085	-0.47315004925252424	-9.976904560782263e-06	9.976904560782263e-06	2.1085687736161415e-05
1753	0.4157452439863517	0.41573717195930726	8.072027044447871e-06	8.072027044447871e-06	1.9415801289870833e-05
1754	0.005560249025967787	0.005558136551897519	2.1124740702677114e-06	2.1124740702677114e-06	0.00037992436317185014
1755	0.4386771130731112	0.4386688805002592	8.232572851984976e-06	8.232572851984976e-06	1.8766816427491425e-05
1756	0.6692098892829283	0.669216966738162	-7.077455233650554e-06	7.077455233650554e-06	1.0575837785712023e-05
1757	1.2326560445924866	1.2326597467460232	-3.702153536622177e-06	3.702153536622177e-06	3.0033954344872426e-06
1758	0.03448291308397391	0.03448249698756456	4.1609640934886505e-07	4.1609640934886505e-07	1.206674181892851e-05
1759	0.24411594669093253	0.24412171197774057	-5.7652868080404485e-06	5.7652868080404485e-06	2.361700202789167e-05
1760	2.058981888519454	2.05899164227219	-9.753752735708332e-06	9.753752735708332e-06	4.737172672617307e-06
1761	2.647001428471037	2.6469969230333845	4.5054376522912776e-06	4.5054376522912776e-06	1.702091129921948e-06
1762	-0.6461628836692432	-0.6461709421667905	8.058497547258625e-06	8.058497547258625e-06	1.2471309867719972e-05
1763	-1.1299139514369023	-1.1299203606629504	6.409226048109673e-06	6.409226048109673e-06	5.672313400466569e-06
1764	0.23693125375677626	0.23693753637665793	-6.282619881670115e-06	6.282619881670115e-06	2.651663629028693e-05
1765	0.4020469369783107	0.4020501908570395	-3.253878728848303e-06	3.253878728848303e-06	8.09328073309968e-06
1766	-0.9290679370825516	-0.9290716766408025	3.7395582508370495e-06	3.7395582508370495e-06	4.025064369974888e-06
1767	-2.8839326822278135	-2.8839341582340694	1.476006255884954e-06	1.476006255884954e-06	5.118032972755632e-07
1768	1.334886415234591	1.3348804978789985	5.9173555924108e-06	5.9173555924108e-06	4.4328532561857655e-06
1769	2.0776044273991094	2.077602109576304	2.3178228052422867e-06	2.3178228052422867e-06	1.1156227695105075e-06
1770	-1.1767730816261934	-1.1767656352805744	-7.446345618999928e-06	7.446345618999928e-06	6.327766784663153e-06
1771	-0.8100745056622342	-0.8100661229590855	-8.382703148623882e-06	8.382703148623882e-06	1.0348064394115255e-05
1772	-0.08786850259533852	-0.08786549921779852	-3.0033775400006846e-06	3.0033775400006846e-06	3.418036556093555e-05
1773	0.7828181643399775	0.7828094708131061	8.693526871383916e-06	8.693526871383916e-06	1.1105423031048015e-05
1774	-0.5248119095723569	-0.5248158312447515	3.9216723946022825e-06	3.9216723946022825e-06	7.472529344461444e-06
1775	-1.9897359248037711	-1.9897372453758777	1.320572106555673e-06	1.320572106555673e-06	6.636921463263566e-07
1776	0.3939549172862156	0.39395775790396215	-2.840617746524554e-06	2.840617746524554e-06	7.210514761669524e-06
1777	0.10637615172113299	0.10636449177958696	1.1659941546032782e-05	1.1659941546032782e-05	0.00010961048465636856
1778	-1.1656446646122922	-1.1656378454762972	-6.819135994984293e-06	6.819135994984293e-06	5.850098406492018e-06
1779	-0.19642127843879612	-0.19641114842094964	-1.0130017846471384e-05	1.0130017846471384e-05	5.157291474216653e-05
1780	0.022081280881463522	0.022082749422835946	-1.4685413724235818e-06	1.4685413724235818e-06	6.6506167839945e-05
1781	1.1546337009585537	1.154633789587578	-8.862902434181308e-08	8.862902434181308e-08	7.675942965135613e-08
1782	0.07118209396099369	0.07118226115210291	-1.6719110922103209e-07	1.6719110922103209e-07	2.348780429424419e-06
1783	-0.12848564567194265	-0.12847707011687248	-8.575555070167162e-06	8.575555070167162e-06	6.67432928037953e-05
1784	0.011107967748179723	0.01110100491352739	6.962834652332606e-06	6.962834652332606e-06	0.0006268324512801736
1785	0.1252132932942629	0.12520471045718295	8.58283707994012e-06	8.58283707994012e-06	6.854573387643159e-05
1786	1.0452883145193035	1.0452913387126728	-3.024193369283168e-06	3.024193369283168e-06	2.8931667246982504e-06
1787	-0.923606440796615	-0.9236164023604942	9.961563879223867e-06	9.961563879223867e-06	1.0785507158906308e-05
1788	-2.3873308906832467	-2.3873429461289675	1.2055445720804414e-05	1.2055445720804414e-05	5.049759029153342e-06
1789	-2.3236044701451792	-2.323610321314007	5.851168827675224e-06	5.851168827675224e-06	2.5181432136380945e-06
1790	0.7173260045786801	0.717330539302452	-4.534723771931759e-06	4.534723771931759e-06	6.321705532751764e-06
1791	1.9389170171262688	1.9389238593525704	-6.8422263015399665e-06	6.8422263015399665e-06	3.5288907369955674e-06
1792	1.278305224723449	1.2783078952374183	-2.670513969293964e-06	2.670513969293964e-06	2.089105103886052e-06
1793	0.20625969323527765	0.2062632404555842	-3.5472203065434194e-06	3.5472203065434194e-06	1.719783565515708e-05
1794	0.4484163279385777	0.4484223523295583	-6.024390980574612e-06	6.024390980574612e-06	1.3434816275021567e-05
1795	0.5449983283104083	0.5449974855995521	8.427108562081287e-07	8.427108562081287e-07	1.5462631946426005e-06
1796	-3.0134644599827043	-3.013469655950729	5.195968024729325e-06	5.195968024729325e-06	1.7242506403274943e-06
1797	-1.8949453274029049	-1.8949532856851192	7.958282214337586e-06	7.958282214337586e-06	4.199742387947792e-06
1798	0.48224209188353445	0.4822499797647595	-7.887881225021598e-06	7.887881225021598e-06	1.635668341229448e-05
1799	0.6062993596531391	0.6062998893998639	-5.297467248199794e-07	5.297467248199794e-07	8.73737892652641e-07
1800	1.1327595914178266	1.132765776544531	-6.18512670436111e-06	6.18512670436111e-06	5.460228941093716e-06
1801	-1.0271840607485714	-1.0271912783608173	7.217612245868921e-06	7.217612245868921e-06	7.026600705436384e-06
1802	2.407226507197694	2.4072310817651044	-4.57456741020934e-06	4.57456741020934e-06	1.9003477223814288e-06
1803	0.762208996024728	0.7622105821560865	-1.586131358477516e-06	1.586131358477516e-06	2.0809664629385427e-06
1804	-0.4915899478491281	-0.4915984133759821	8.465526854017913e-06	8.465526854017913e-06	1.722070780954218e-05
1805	-0.41138111858369697	-0.4113755835124522	-5.535071244788803e-06	5.535071244788803e-06	1.3454850003434645e-05
1806	-0.7568739896158203	-0.7568876074586228	1.3617842802515767e-05	1.3617842802515767e-05	1.799221929852288e-05
1807	-0.10235290659537963	-0.10235445047435121	1.5438789715827017e-06	1.5438789715827017e-06	1.508388010597439e-05
1808	0.9200012568709439	0.9200025612141616	-1.3043432176562675e-06	1.3043432176562675e-06	1.417762430121591e-06
1809	0.20262706482871157	0.2026317363164054	-4.671487693841403e-06	4.671487693841403e-06	2.3054608710787924e-05
1810	0.5939428544445077	0.5939511621075866	-8.307663078910288e-06	8.307663078910288e-06	1.3987310423458384e-05
1811	-0.5086201382872471	-0.5086272585881346	7.120300887564213e-06	7.120300887564213e-06	1.3999250819170217e-05
1812	0.5542469247871088	0.5542549474597536	-8.022672644769635e-06	8.022672644769635e-06	1.4474906915994555e-05
1813	2.2473615705175574	2.2473687761053185	-7.205587761127674e-06	7.205587761127674e-06	3.206243203432663e-06
1814	-1.1584177825146196	-1.1584126921455606	-5.090369058935451e-06	5.090369058935451e-06	4.3942428506972695e-06
1815	-0.2906334177412193	-0.29063605647117186	2.638729952542107e-06	2.638729952542107e-06	9.07923793846597e-06
1816	-1.5803397847339862	-1.580344613756779	4.829022792751658e-06	4.829022792751658e-06	3.0556864032658097e-06
1817	-0.8909406746285555	-0.8909476968312902	7.022202734630056e-06	7.022202734630056e-06	7.881784875920837e-06
1818	-0.12414465652355483	-0.12414629786228204	1.641338727209618e-06	1.641338727209618e-06	1.3221179011423624e-05
1819	-0.6667334382714156	-0.6667374433018125	4.0050303968808265e-06	4.0050303968808265e-06	6.006943955389932e-06
1820	2.049055696263229	2.0490573505220766	-1.65425884768311e-06	1.65425884768311e-06	8.073274195034853e-07
1821	0.41481484237713345	0.4148186278225552	-3.7854454217334244e-06	3.7854454217334244e-06	9.125626749613375e-06
1822	0.3374415626316039	0.3374514456364608	-9.883004856880984e-06	9.883004856880984e-06	2.928804851366394e-05
1823	1.3105113742063326	1.3105240899964343	-1.2715790101758273e-05	1.2715790101758273e-05	9.70292234926932e-06
1824	-0.7048764120518934	-0.704877754312605	1.3422607115787244e-06	1.3422607115787244e-06	1.9042497218362108e-06
1825	-0.18593086577335521	-0.18593712626469028	6.2604913350639e-06	6.2604913350639e-06	3.367107074462436e-05
1826	-0.28421059339397264	-0.28421728749528086	6.694101308213352e-06	6.694101308213352e-06	2.3553313858832807e-05
1827	-0.44258875131020703	-0.44259311721184247	4.365901635439151e-06	4.365901635439151e-06	9.864465878345663e-06
1828	-0.1515106978029502	-0.15151257209744529	1.874294495080031e-06	1.874294495080031e-06	1.2370707298290424e-05
1829	-1.0263007825174952	-1.0263080031389649	7.220621469627986e-06	7.220621469627986e-06	7.035580204777732e-06
1830	1.1474651649317358	1.1474709809657924	-5.8160340565827084e-06	5.8160340565827084e-06	5.0685931340919725e-06
1831	-2.7247581410654482	-2.7247711840754363	1.3043009988056298e-05	1.3043009988056298e-05	4.7868505433499344e-06
1832	0.2776450429688969	0.2776432807678475	1.7622010494156015e-06	1.7622010494156015e-06	6.3469566413725294e-06
1833	1.1806895921834553	1.1806944061287794	-4.813945324144697e-06	4.813945324144697e-06	4.077231946495136e-06
1834	1.7006994305973557	1.7007064374094938	-7.006812138055096e-06	7.006812138055096e-06	4.119959125048931e-06
1835	0.2651359627957419	0.26514279658051976	-6.8337847778376926e-06	6.8337847778376926e-06	2.5774642963475956e-05
1836	-0.9428922330909589	-0.9429002357048688	8.002613909874334e-06	8.002613909874334e-06	8.48730494219941e-06
1837	1.0268774823222615	1.0268846779002416	-7.195577980123602e-06	7.195577980123602e-06	7.007240984436581e-06
1838	-0.5378694915613663	-0.537874107429559	4.615868192670014e-06	4.615868192670014e-06	8.581762425808424e-06
1839	-0.22306206416967586	-0.22305813243761463	-3.931732061229765e-06	3.931732061229765e-06	1.7626179852074836e-05
1840	-1.9812595234062702	-1.9812632436817523	3.7202754821219486e-06	3.7202754821219486e-06	1.8777325424414284e-06
1841	0.627651156416565	0.6276463472669747	4.809149590334627e-06	4.809149590334627e-06	7.66213770367508e-06
1842	-0.7711404417100631	-0.7711358727764406	-4.5689336225507304e-06	4.5689336225507304e-06	5.924904693649278e-06
1843	0.6213116646493443	0.6213191572772558	-7.492627911553917e-06	7.492627911553917e-06	1.2059371065860489e-05
1844	0.008664045561376454	0.008669211846168423	-5.166284791968678e-06	5.166284791968678e-06	0.0005962901228266293
1845	0.24599277114851964	0.24599728834395762	-4.517195437980792e-06	4.517195437980792e-06	1.8363122692144103e-05
1846	1.3599478548584523	1.3599447181977808	3.1366606714211542e-06	3.1366606714211542e-06	2.3064565749453884e-06
1847	-0.6363152064991723	-0.6363139382230543	-1.268276118016054e-06	1.268276118016054e-06	1.9931570156774238e-06
1848	0.5251476722272228	0.5251399170287385	7.755198484282744e-06	7.755198484282744e-06	1.4767652784962162e-05
1849	0.9135823228661365	0.913581468919844	8.539462924561647e-07	8.539462924561647e-07	9.347228718011108e-07
1850	1.1073587289781348	1.1073588791692401	-1.5019110533032176e-07	1.5019110533032176e-07	1.3563003695190751e-07
1851	1.0560331474843077	1.056045621877999	-1.2474393691341845e-05	1.2474393691341845e-05	1.1812502023310978e-05
1852	-0.145400290592765	-0.14539196163276813	-8.328959996861673e-06	8.328959996861673e-06	5.728296664955989e-05
1853	-0.15807175632281364	-0.1580637450153688	-8.011307444849569e-06	8.011307444849569e-06	5.068146031406713e-05
1854	-0.07198329793536189	-0.07199088872944515	7.590794083259245e-06	7.590794083259245e-06	0.00010545215766684478
1855	-0.7681833790374021	-0.7681910577783668	7.678740964744968e-06	7.678740964744968e-06	9.995973844639898e-06
1856	-0.9492842125852385	-0.9492919483111706	7.735725932045412e-06	7.735725932045412e-06	8.149009358301956e-06
1857	-0.9840549476745548	-0.984062000812358	7.0531378031368774e-06	7.0531378031368774e-06	7.167422733663731e-06
1858	1.0141724174127678	1.0141730169550556	-5.995422878157797e-07	5.995422878157797e-07	5.911640639421632e-07
1859	-0.45455873917281686	-0.4545718553199407	1.3116147123848343e-05	1.3116147123848343e-05	2.8854680360378613e-05
1860	-0.5759395009028627	-0.5759444136756997	4.912772836984658e-06	4.912772836984658e-06	8.530015443085993e-06
1861	-0.22765440450704413	-0.22764842879929859	-5.975707745548009e-06	5.975707745548009e-06	2.624903198551165e-05
1862	-0.13239082656574805	-0.13238310555152566	-7.721014222389355e-06	7.721014222389355e-06	5.831985812517711e-05
1863	0.0652108961611134	0.06520672547161155	4.170689501856173e-06	4.170689501856173e-06	6.3956941974112e-05
1864	-0.7865180129057238	-0.786524736700045	6.723794321206178e-06	6.723794321206178e-06	8.548811611275999e-06
1865	0.5869495657385648	0.5869567516025853	-7.185864020486932e-06	7.185864020486932e-06	1.2242728234145438e-05
1866	0.5107286047417492	0.5107364569258976	-7.852184148449126e-06	7.852184148449126e-06	1.537447496683605e-05
1867	-1.397195906968577	-1.3972094058303242	1.3498861747063273e-05	1.3498861747063273e-05	9.661395141323487e-06
1868	0.5824894456132116	0.5824861729486486	3.272664563014338e-06	3.272664563014338e-06	5.618410063325806e-06
1869	0.8014396434379764	0.8014443487240897	-4.705286113293461e-06	4.705286113293461e-06	5.871042382067546e-06
1870	0.9860610398814221	0.9860687525886647	-7.712707242535366e-06	7.712707242535366e-06	7.821734081961955e-06
1871	0.646213981375797	0.6462204492247992	-6.467849002156356e-06	6.467849002156356e-06	1.000883482648616e-05
1872	-1.0918149653744158	-1.0918227244491874	7.759074771573893e-06	7.759074771573893e-06	7.106584007037379e-06
1873	0.411134867087155	0.411140154291445	-5.287204289994296e-06	5.287204289994296e-06	1.2860024077873893e-05
1874	-1.2287034269890085	-1.228706164017268	2.737028259591767e-06	2.737028259591767e-06	2.227574367802469e-06
1875	0.2903753219364395	0.2903796612052645	-4.339268824982145e-06	4.339268824982145e-06	1.4943655666206964e-05
1876	2.3833224806153335	2.3833159906896384	6.489925695074561e-06	6.489925695074561e-06	2.7230581458699506e-06
1877	-0.13444950496351388	-0.13446107064218893	1.156567867505176e-05	1.156567867505176e-05	8.602247124814916e-05
1878	-0.80664547140514	-0.80663752507526	-7.946329879993108e-06	7.946329879993108e-06	9.85108100359252e-06
1879	-0.43726714100482683	-0.4372592741557213	-7.866849105531148e-06	7.866849105531148e-06	1.7990945048954202e-05
1880	-0.24913568455270602	-0.24913107629487286	-4.608257833160767e-06	4.608257833160767e-06	1.8496980235626844e-05
1881	0.8623438901812049	0.8623374654064264	6.4247747785239895e-06	6.4247747785239895e-06	7.450362728463174e-06
1882	-1.9460216914742232	-1.9460228419614367	1.1504872134970867e-06	1.1504872134970867e-06	5.911995835079961e-07
1883	0.3836191407671997	0.38362368921340817	-4.548446208452184e-06	4.548446208452184e-06	1.1856671696192605e-05
1884	-0.05563765535904769	-0.0556397020652355	2.0467061878082227e-06	2.0467061878082227e-06	3.678634864463948e-05
1885	0.5132696050319977	0.5132746414258094	-5.036393811663764e-06	5.036393811663764e-06	9.812374943475936e-06
1886	0.5042507241823118	0.5042517461859575	-1.022003645712033e-06	1.022003645712033e-06	2.0267767535075024e-06
1887	2.2929952999893346	2.292989588504213	5.711485121739912e-06	5.711485121739912e-06	2.4908403090780333e-06
1888	-0.2058048804617139	-0.20580919286672383	4.3124050099208056e-06	4.3124050099208056e-06	2.0953852018699074e-05
1889	0.03965978201811213	0.03966327003013248	-3.488012020352871e-06	3.488012020352871e-06	8.794834068326294e-05
1890	0.11569901264490397	0.11570620713463597	-7.194489732006981e-06	7.194489732006981e-06	6.21828100995801e-05
1891	-0.3074016500570081	-0.30740381485294677	2.1647959386750237e-06	2.1647959386750237e-06	7.042239162586014e-06
1892	-0.5438737393453109	-0.5438779422846096	4.202939298703079e-06	4.202939298703079e-06	7.72778495200444e-06
1893	-2.408729177196893	-2.4087303922168957	1.2150200028315794e-06	1.2150200028315794e-06	5.044236663606712e-07
1894	-1.9459187635672752	-1.9459322867376727	1.3523170397489181e-05	1.3523170397489181e-05	6.949504085514026e-06
1895	-1.0698034670563206	-1.0698067967922498	3.329735929202826e-06	3.329735929202826e-06	3.1124744233302526e-06
1896	0.11721435575115316	0.11721401281050703	3.429406461308293e-07	3.429406461308293e-07	2.925756354101323e-06
1897	0.9450498741642319	0.9450573320286537	-7.457864421800409e-06	7.457864421800409e-06	7.891503534028693e-06
1898	-0.32118533647599645	-0.32119037933497907	5.042858982617915e-06	5.042858982617915e-06	1.570077587584634e-05
1899	-1.0850498639925952	-1.0850563348636655	6.470871070307638e-06	6.470871070307638e-06	5.963662394737462e-06
1900	1.0008703810146704	1.0008771784519865	-6.7974373161305834e-06	6.7974373161305834e-06	6.7915261007518505e-06
1901	1.3909946864113532	1.3910020013057078	-7.314894354681911e-06	7.314894354681911e-06	5.258750753069884e-06
1902	0.9678316424462524	0.967838938588983	-7.296142730539579e-06	7.296142730539579e-06	7.538648676641881e-06
1903	-1.6073552931461694	-1.6073510461094287	-4.2470367407343446e-06	4.2470367407343446e-06	2.6422513795449505e-06
1904	-0.612528447146026	-0.612529136478912	6.893328861057313e-07	6.893328861057313e-07	1.125389178768044e-06
1905	-0.6914960589621559	-0.6915072313766757	1.1172414519755591e-05	1.1172414519755591e-05	1.6156873744911732e-05
1906	2.258613824632307	2.2586153970127754	-1.5723804684952825e-06	1.5723804684952825e-06	6.961705676937754e-07
1907	-0.5024748675016893	-0.5024772575819014	2.390080212077983e-06	2.390080212077983e-06	4.7566164332984225e-06
1908	0.5217217804854059	0.5217266759842687	-4.895498862844683e-06	4.895498862844683e-06	9.383351521743925e-06
1909	-0.651285216068481	-0.6512912617200328	6.045651551822573e-06	6.045651551822573e-06	9.282648220264358e-06
1910	1.115011816697972	1.1150150412895243	-3.2245915524420354e-06	3.2245915524420354e-06	2.8919797119203934e-06
1911	0.16975565603836587	0.1697596649155031	-4.008877137223754e-06	4.008877137223754e-06	2.3615573293874355e-05
1912	-0.21558859817990192	-0.21558787219255748	-7.259873444354081e-07	7.259873444354081e-07	3.367466325049317e-06
1913	-1.2347900191977683	-1.234804829229219	1.481003145076265e-05	1.481003145076265e-05	1.199396757384271e-05
1914	-1.2475977561318266	-1.2476011023547784	3.3462229518388398e-06	3.3462229518388398e-06	2.6821328712659718e-06
1915	-0.3708735062284008	-0.3708803731417021	6.866913301262212e-06	6.866913301262212e-06	1.851551320312768e-05
1916	0.6571551962837126	0.657161351671931	-6.155388218465063e-06	6.155388218465063e-06	9.366719236604207e-06
1917	1.1247205999880823	1.1247261831695	-5.583181417634364e-06	5.583181417634364e-06	4.964060778911247e-06
1918	0.5864552710561638	0.5864607901440166	-5.5190878528454945e-06	5.5190878528454945e-06	9.410927184448379e-06
1919	0.5776269864432756	0.5776349900781241	-8.003634848541274e-06	8.003634848541274e-06	1.385606115431598e-05
1920	0.12286400824611281	0.12286105230963074	2.955936482071375e-06	2.955936482071375e-06	2.4058603689293978e-05
1921	-3.6563687620054637	-3.6563749731772788	6.211171815095895e-06	6.211171815095895e-06	1.6987268569949056e-06
1922	-0.1479922659240569	-0.14798848784103313	-3.778083023764367e-06	3.778083023764367e-06	2.55289220701784e-05
1923	-0.5028563795632794	-0.5028615981625961	5.218599316680894e-06	5.218599316680894e-06	1.0377912121176908e-05
1924	2.5641851498105535	2.564187851442412	-2.701631858670339e-06	2.701631858670339e-06	1.0536024900034776e-06
1925	-0.010935404573662488	-0.010941276617160156	5.872043497667789e-06	5.872043497667789e-06	0.0005369754230959489
1926	0.3379961266369259	0.33799758109154254	-1.45445461663396e-06	1.45445461663396e-06	4.303169480389725e-06
1927	1.0921850727427398	1.092189724126058	-4.6513833182881825e-06	4.6513833182881825e-06	4.2587867517795665e-06
1928	0.158910583329068	0.1589121994758358	-1.6161467678021957e-06	1.6161467678021957e-06	1.0170164465733036e-05
1929	0.16486511093755876	0.16486848040742075	-3.369469861985719e-06	3.369469861985719e-06	2.0437737510526873e-05
1930	0.6361406796059478	0.6361435582302732	-2.878624325464152e-06	2.878624325464152e-06	4.525137941574955e-06
1931	0.4679462349879704	0.46795557984324887	-9.34485527848139e-06	9.34485527848139e-06	1.9969933679927184e-05
1932	1.502545841016583	1.5025578483527369	-1.2007336153807557e-05	1.2007336153807557e-05	7.991327669366619e-06
1933	1.1047436342433068	1.1047464316646938	-2.7974213869796927e-06	2.7974213869796927e-06	2.5321905465386853e-06
1934	-0.1546236027205947	-0.15462745508720843	3.852366613738001e-06	3.852366613738001e-06	2.4914479716911257e-05
1935	-0.2643479810588549	-0.26435402951108244	6.048452227569445e-06	6.048452227569445e-06	2.2880644684109798e-05
1936	-1.7408843141702346	-1.7408901211091177	5.806938883079482e-06	5.806938883079482e-06	3.335625943558041e-06
1937	-0.3133226340947122	-0.31332615065160496	3.516556892735334e-06	3.516556892735334e-06	1.12234371541519e-05
1938	-1.238197857585547	-1.238204900097628	7.042512081056884e-06	7.042512081056884e-06	5.687711408893564e-06
1939	-0.32613866686682197	-0.3261541728942774	1.5506027455425286e-05	1.5506027455425286e-05	4.7544278034830935e-05
1940	0.13395668244392298	0.133954162148342	2.5202955809822125e-06	2.5202955809822125e-06	1.8814257975052944e-05
1941	-0.2685820586324384	-0.26859478280982785	1.272417738945597e-05	1.272417738945597e-05	4.7375381119069246e-05
1942	0.2353426427163037	0.2353502802936447	-7.637577340985358e-06	7.637577340985358e-06	3.245301086464027e-05
1943	-0.7743096635558793	-0.7743134487228076	3.7851669283384126e-06	3.7851669283384126e-06	4.88844077052546e-06
1944	-0.05495168854001898	-0.054949129987491574	-2.5585525274055e-06	2.5585525274055e-06	4.656003473928221e-05
1945	0.09063374127722165	0.09063994534663777	-6.204069416121394e-06	6.204069416121394e-06	6.845209442634604e-05
1946	0.6404033346517339	0.6404098104724198	-6.475820685913902e-06	6.475820685913902e-06	1.011209707306662e-05
1947	0.3234039452590748	0.3234122897914915	-8.344532416715289e-06	8.344532416715289e-06	2.580219734187408e-05
1948	1.5462070473216425	1.546219733597809	-1.2686276166462562e-05	1.2686276166462562e-05	8.204771921352884e-06
1949	-0.9356481048722414	-0.9356499050756639	1.8002034225528263e-06	1.8002034225528263e-06	1.9240176014663504e-06
1950	-0.6168348272810896	-0.6168353040436614	4.7676257175499615e-07	4.7676257175499615e-07	7.729177255708634e-07
1951	-0.3039092833610798	-0.3039166177067898	7.334345709986145e-06	7.334345709986145e-06	2.4133338833457363e-05
1952	0.2595445777517302	0.2595377869383242	6.790813405987972e-06	6.790813405987972e-06	2.616434319226576e-05
1953	0.23740314420751557	0.23739697239477664	6.171812738930971e-06	6.171812738930971e-06	2.599718196460006e-05
1954	-1.2423235255547078	-1.2423305263631335	7.0008084256389935e-06	7.0008084256389935e-06	5.635253846225825e-06
1955	0.6761473526031119	0.6761553883603	-8.03575718810734e-06	8.03575718810734e-06	1.1884624197921258e-05
1956	0.3794725595955571	0.37947973257956846	-7.172984011372119e-06	7.172984011372119e-06	1.890251041871672e-05
1957	1.603842326395313	1.6038273018814664	1.5024513846606524e-05	1.5024513846606524e-05	9.367824753929895e-06
1958	1.975406936826665	1.9754137395811	-6.802754435097924e-06	6.802754435097924e-06	3.443723067018288e-06
1959	3.1593825782209084	3.159374676695137	7.90152577145875e-06	7.90152577145875e-06	2.5009714954838446e-06
1960	0.21513639143513297	0.2151401800745134	-3.7886393804420493e-06	3.7886393804420493e-06	1.7610406845484273e-05
1961	-0.8415624009301778	-0.8415668385897135	4.437659535727612e-06	4.437659535727612e-06	5.2731200096661554e-06
1962	-2.331992490959794	-2.331989066835405	-3.4241243893617934e-06	3.4241243893617934e-06	1.4683256496904512e-06
1963	-1.6389839395852586	-1.6389769754479033	-6.964137355236488e-06	6.964137355236488e-06	4.249057716208463e-06
1964	-0.25020255824495	-0.2502025027855126	-5.5459437431348846e-08	5.5459437431348846e-08	2.2165815497799058e-07
1965	-0.5415338004644439	-0.5415341899439596	3.8947951574996864e-07	3.8947951574996864e-07	7.192155234187292e-07
1966	-1.0382344389492406	-1.038249503022115	1.5064072874437784e-05	1.5064072874437784e-05	1.4509317269116584e-05
1967	0.8681359639362491	0.8681434140438427	-7.450107593509614e-06	7.450107593509614e-06	8.581729018263212e-06
1968	0.08828758128006886	0.08829020950429367	-2.6282242248099053e-06	2.6282242248099053e-06	2.9768900526027134e-05
1969	0.4084298820713467	0.40843743948393296	-7.557412586289836e-06	7.557412586289836e-06	1.850357409688664e-05
1970	0.03860022339959536	0.03860211213790876	-1.888738313401972e-06	1.888738313401972e-06	4.893076119921553e-05
1971	0.6596591938466997	0.6596634770765775	-4.283229877777295e-06	4.283229877777295e-06	6.493095097788766e-06
1972	0.6298510596572737	0.6298581907611123	-7.13110383854243e-06	7.13110383854243e-06	1.1321889086640163e-05
1973	-0.9067555099186735	-0.9067633944077613	7.884489087839341e-06	7.884489087839341e-06	8.695275630083018e-06
1974	-0.7478543165596376	-0.7478616391338733	7.322574235635315e-06	7.322574235635315e-06	9.791444768710346e-06
1975	-1.5544686872854792	-1.5544829074158883	1.4220130409192677e-05	1.4220130409192677e-05	9.147904055902762e-06
1976	-2.2228797286223685	-2.2228768547183364	-2.873904032085761e-06	2.873904032085761e-06	1.2928742815369798e-06
1977	-1.646764057394085	-1.6467791470713422	1.5089677257273948e-05	1.5089677257273948e-05	9.163229662148775e-06
1978	0.21303886513577933	0.21304725886039932	-8.393724619998322e-06	8.393724619998322e-06	3.939996870828532e-05
1979	0.8702601192043105	0.8702527715893638	7.347614946695558e-06	7.347614946695558e-06	8.443010066247288e-06
1980	0.30950154552262943	0.30950932481310645	-7.779290477016865e-06	7.779290477016865e-06	2.51349002599668e-05
1981	1.3414381240910322	1.34144393821245	-5.814121417646589e-06	5.814121417646589e-06	4.334244951914035e-06
1982	1.3526202404238794	1.3526245103463452	-4.269922465827136e-06	4.269922465827136e-06	3.156778479441534e-06
1983	1.3372505434291622	1.3372573742334026	-6.830804240465227e-06	6.830804240465227e-06	5.1080960662380715e-06
1984	-1.4429113403405007	-1.442907413261807	-3.927078693788388e-06	3.927078693788388e-06	2.7216354768281673e-06
1985	-2.8114041329383324	-2.811417721495957	1.3588557624455433e-05	1.3588557624455433e-05	4.833370437658631e-06
1986	2.9073564400039476	2.907363293019216	-6.8530152685930545e-06	6.8530152685930545e-06	2.3571293750909156e-06
1987	-0.8590831399193994	-0.8590892416542317	6.101734832286709e-06	6.101734832286709e-06	7.102612714363343e-06
1988	1.6983069805092268	1.6983141089674803	-7.128458253458092e-06	7.128458253458092e-06	4.197390892970756e-06
1989	-2.4766705777141764	-2.476676765477137	6.187762960685461e-06	6.187762960685461e-06	2.4984198610686482e-06
1990	2.3017704931424174	2.301772318482165	-1.825339747352217e-06	1.825339747352217e-06	7.930155299107302e-07
1991	1.1132798804033106	1.1132855099535988	-5.629550288155372e-06	5.629550288155372e-06	5.056725076281753e-06
1992	-0.43083727265191507	-0.4308373990316028	1.2637968771489483e-07	1.2637968771489483e-07	2.93335084350978e-07
1993	-1.146098035061473	-1.14610792380887	9.888747397157616e-06	9.888747397157616e-06	8.628186328429763e-06
1994	1.8474561732085881	1.8474596693902612	-3.496181673057208e-06	3.496181673057208e-06	1.8924301013242329e-06
1995	1.2482864998494034	1.2482945016447644	-8.001795360979003e-06	8.001795360979003e-06	6.410223423824868e-06
1996	0.4290092461633483	0.4290107636926166	-1.5175292683022867e-06	1.5175292683022867e-06	3.5372880232154177e-06
1997	-2.447685781998328	-2.4476856516972845	-1.3030104373257245e-07	1.3030104373257245e-07	5.323438355154912e-08
1998	-0.6451058457490314	-0.6451049140139276	-9.317351038484745e-07	9.317351038484745e-07	1.4443135339544758e-06
1999	0.717092778219121	0.7171004382282575	-7.660009136545298e-06	7.660009136545298e-06	1.0682033579488428e-05
2000	0.6002317116367152	0.6002279877854733	3.7238512419213166e-06	3.7238512419213166e-06	6.204022829395498e-06
2001	-0.6031846256348379	-0.6031926316083513	8.005973513469655e-06	8.005973513469655e-06	1.3272840807312608e-05
2002	-1.0217947671379513	-1.021806446150464	1.1679012512644249e-05	1.1679012512644249e-05	1.1429900492989586e-05
2003	-0.8099203510625629	-0.8099217961063943	1.445043831371784e-06	1.445043831371784e-06	1.7841801721317169e-06
2004	-0.043676875302247564	-0.04367605625965609	-8.190425914711419e-07	8.190425914711419e-07	1.875231654744759e-05
2005	0.3217582539740822	0.32176301504627247	-4.761072190273552e-06	4.761072190273552e-06	1.4797047570556058e-05
2006	1.2114438336979454	1.2114496190704926	-5.7853725472512e-06	5.7853725472512e-06	4.775601135045021e-06
2007	0.7996552113307834	0.7996627371813503	-7.525850566847403e-06	7.525850566847403e-06	9.411369375462343e-06
2008	0.7000502623694922	0.700057544047894	-7.281678401804825e-06	7.281678401804825e-06	1.0401650843124028e-05
2009	-0.4015244953845865	-0.40152985101293837	5.355628351855213e-06	5.355628351855213e-06	1.3338235682795659e-05
2010	-0.7559823266749587	-0.7559901410196801	7.814344721412958e-06	7.814344721412958e-06	1.0336676461449614e-05
2011	0.3742724731798221	0.3742816826708406	-9.209491018513649e-06	9.209491018513649e-06	2.4606380854754653e-05
2012	-0.8032116420204961	-0.8032168519402916	5.209919795468032e-06	5.209919795468032e-06	6.486359911769166e-06
2013	-1.5403978162772711	-1.5403913030862526	-6.513191018520104e-06	6.513191018520104e-06	4.228252565470874e-06
2014	-0.32052844342364706	-0.32053493301198444	6.489588337377228e-06	6.489588337377228e-06	2.0246528726312897e-05
2015	0.8172212985188153	0.8172263347727693	-5.036253953982772e-06	5.036253953982772e-06	6.1626562635002345e-06
2016	-0.468367843068936	-0.46837442411273855	6.581043802578179e-06	6.581043802578179e-06	1.4051015457117023e-05
2017	-0.05381732691751272	-0.05381825351413738	9.265966246646551e-07	9.265966246646551e-07	1.7217440511024916e-05
2018	-0.013987908780156186	-0.013987567754725205	-3.410254309811622e-07	3.410254309811622e-07	2.4380015364766656e-05
2019	2.0087547271358255	2.0087547555664997	-2.843067425928325e-08	2.843067425928325e-08	1.4153382628162379e-08
2020	-1.8331869702095032	-1.8331926211097027	5.650900199549724e-06	5.650900199549724e-06	3.082555293802857e-06
2021	0.46418972250157725	0.46419549433451834	-5.771832941092736e-06	5.771832941092736e-06	1.243421097302111e-05
2022	-1.6337957164038286	-1.6337906854442252	-5.030959603358198e-06	5.030959603358198e-06	3.079307622639577e-06
2023	0.5312154141931467	0.5312171693496737	-1.7551565270057523e-06	1.7551565270057523e-06	3.30403915268842e-06
2024	0.03525131301381451	0.035253249970779166	-1.936956964654346e-06	1.936956964654346e-06	5.494708704595709e-05
2025	1.7175231295404945	1.7175235039079695	-3.743674750200654e-07	3.743674750200654e-07	2.179693935884424e-07
2026	1.3010688962422534	1.3010732736677966	-4.3774255431561215e-06	4.3774255431561215e-06	3.3644840452331155e-06
2027	-0.49962740070991546	-0.4996342239298457	6.823219930229829e-06	6.823219930229829e-06	1.3656616751873067e-05
2028	-0.08452736745421578	-0.08453291435550625	5.546901290467976e-06	5.546901290467976e-06	6.562254873810488e-05
2029	-3.3619003506587717	-3.3618960358250405	-4.3148337312004514e-06	4.3148337312004514e-06	1.2834508108947816e-06
2030	-1.5948432212444672	-1.5948520025581558	8.781313688643877e-06	8.781313688643877e-06	5.506067036352173e-06
2031	-1.7190909051692225	-1.7191032471579604	1.2341988737896159e-05	1.2341988737896159e-05	7.1793694567194795e-06
2032	2.8021006926575835	2.8021034370890874	-2.7444315038316347e-06	2.7444315038316347e-06	9.794193017484844e-07
2033	1.29827732133997	1.298280854035383	-3.5326954128667154e-06	3.5326954128667154e-06	2.721063793381657e-06
2034	1.4178377532419708	1.4178438264060844	-6.0731641136069214e-06	6.0731641136069214e-06	4.283398505731893e-06
2035	0.5597996580011878	0.5597922404039224	7.417597265413356e-06	7.417597265413356e-06	1.3250449798234099e-05
2036	0.296565899904497	0.29657167167052023	-5.771766023232594e-06	5.771766023232594e-06	1.9462001616137506e-05
2037	0.3012531519272514	0.301258387208847	-5.235281595628027e-06	5.235281595628027e-06	1.7378346291600886e-05
2038	1.248166616508867	1.2481778855839565	-1.1269075089526126e-05	1.1269075089526126e-05	9.028502237181946e-06
2039	-0.502018689667296	-0.502010129574515	-8.56009278105141e-06	8.56009278105141e-06	1.7051342822962347e-05
2040	-1.8963512364219424	-1.8963517098384841	4.7341654174637426e-07	4.7341654174637426e-07	2.4964602160917305e-07
2041	-1.3971254882414912	-1.3971320002355014	6.511994010249822e-06	6.511994010249822e-06	4.660994352372901e-06
2042	0.1013061308992594	0.10130785898532224	-1.7280860628438033e-06	1.7280860628438033e-06	1.7058060035500146e-05
2043	1.1614130685837745	1.16141992381813	-6.855234355507278e-06	6.855234355507278e-06	5.90249459123664e-06
2044	0.14892741512623503	0.14892126584165055	6.149284584477943e-06	6.149284584477943e-06	4.1290480864558336e-05
2045	0.4007402885156268	0.4007314950111862	8.793504440607336e-06	8.793504440607336e-06	2.1943150445839024e-05
2046	0.7348801159653072	0.734873947068948	6.168896359182163e-06	6.168896359182163e-06	8.394425465001136e-06
2047	0.8662541300456661	0.8662544020268115	-2.719811453832932e-07	2.719811453832932e-07	3.139738512634338e-07
2048	-0.7829846594802541	-0.7829964362251474	1.1776744893277069e-05	1.1776744893277069e-05	1.5040837327636128e-05
2049	0.7109282752784304	0.7109281797799127	9.549851764933948e-08	9.549851764933948e-08	1.3432932824614143e-07
2050	-0.7625309666114165	-0.7625385141203367	7.547508920180412e-06	7.547508920180412e-06	9.897970378462807e-06
2051	0.8495646929664947	0.8495716805931863	-6.987626691601356e-06	6.987626691601356e-06	8.224949494078064e-06
2052	-0.6501288954332307	-0.6501366572386758	7.761805445039016e-06	7.761805445039016e-06	1.1938871660006328e-05
2053	-0.10372316343424964	-0.10371637318939975	-6.790244849896876e-06	6.790244849896876e-06	6.546507670103243e-05
2054	-0.06658003348624059	-0.06657314048652552	-6.89299971506907e-06	6.89299971506907e-06	0.00010352953211556398
2055	-0.0607993798451997	-0.06079138580972199	-7.994035477715267e-06	7.994035477715267e-06	0.00013148218778001928
2056	0.40385453636205737	0.4038564335537842	-1.8971917268295613e-06	1.8971917268295613e-06	4.697710576485194e-06
2057	-0.34300619728240483	-0.34300863801384196	2.4407314371255318e-06	2.4407314371255318e-06	7.115706527937808e-06
2058	-0.7250026813652262	-0.7249960209012585	-6.660463967689267e-06	6.660463967689267e-06	9.186812875156807e-06
2059	0.3326895566091367	0.33268095564942257	8.600959714111234e-06	8.600959714111234e-06	2.5852809453277033e-05
2060	-0.3356258279504255	-0.33561840746898497	-7.42048144053431e-06	7.42048144053431e-06	2.21093873670246e-05
2061	-0.2854552038646774	-0.2854590328773554	3.829012678036037e-06	3.829012678036037e-06	1.341370774186767e-05
2062	-0.7366026487942313	-0.7365952358870942	-7.412907137127611e-06	7.412907137127611e-06	1.0063644421129952e-05
2063	0.6786958631073917	0.6786899046176131	5.958489778579157e-06	5.958489778579157e-06	8.779322377623408e-06
2064	1.0105058667977331	1.0105014046448701	4.462152862982904e-06	4.462152862982904e-06	4.41576146126034e-06
2065	0.30219963798203575	0.30220061038654933	-9.72404513577274e-07	9.72404513577274e-07	3.2177553886913613e-06
2066	0.2079871073563106	0.20799458746090238	-7.480104591783832e-06	7.480104591783832e-06	3.596427051110135e-05
2067	0.1529263239094905	0.15292201604744093	4.307862049579558e-06	4.307862049579558e-06	2.8169525948516016e-05
2068	-0.764317597121181	-0.7643107196209087	-6.877500272284287e-06	6.877500272284287e-06	8.998223118489673e-06
2069	-0.4705047356342548	-0.47050236720025396	-2.3684340008656157e-06	2.3684340008656157e-06	5.033815435827429e-06
2070	-0.6679791949551656	-0.6679762129078171	-2.9820473484987176e-06	2.9820473484987176e-06	4.464281778564782e-06
2071	0.46211993612363433	0.46211281093100354	7.125192630796917e-06	7.125192630796917e-06	1.541849220045478e-05
2072	0.2625184109752154	0.2625096617610012	8.749214214176515e-06	8.749214214176515e-06	3.332800233581536e-05
2073	0.5150540033360542	0.5150564510874034	-2.447751349166083e-06	2.447751349166083e-06	4.752416898639293e-06
2074	0.08128565172812083	0.08127191611251305	1.3735615607773921e-05	1.3735615607773921e-05	0.00016897958392110763
2075	1.1313018358403129	1.1312909009113525	1.093492896031556e-05	1.093492896031556e-05	9.665792641619175e-06
2076	1.6325965347348768	1.6325919850537218	4.549681154930596e-06	4.549681154930596e-06	2.7867761924837327e-06
2077	0.21804732063113103	0.2180543896415088	-7.069010377780405e-06	7.069010377780405e-06	3.241961587658761e-05
2078	0.09911312565398116	0.0991166910235819	-3.565369600735946e-06	3.565369600735946e-06	3.597272891163969e-05
2079	-0.5550130739575763	-0.5550161743297366	3.1003721603362067e-06	3.1003721603362067e-06	5.586124554199584e-06
2080	-0.29921732264927114	-0.2992130205115018	-4.302137769363057e-06	4.302137769363057e-06	1.4377970270143169e-05
2081	-1.2305051418391657	-1.2304975280894581	-7.613749707591211e-06	7.613749707591211e-06	6.18749930310033e-06
2082	-1.0786916730135805	-1.0786837404026528	-7.932610927685602e-06	7.932610927685602e-06	7.353918757455479e-06
2083	-0.2626108638871031	-0.2626233937448319	1.2529857728815763e-05	1.2529857728815763e-05	4.7712640457259885e-05
2084	-0.008909252928335309	-0.008904906495743603	-4.34643259170607e-06	4.34643259170607e-06	0.0004878560106743091
2085	2.238996586449213	2.2389970300196183	-4.4357040529519054e-07	4.4357040529519054e-07	1.9811124678784857e-07
2086	-0.5954821126983821	-0.5954744804270717	-7.632271310398231e-06	7.632271310398231e-06	1.2816961496648776e-05
2087	0.09600924773612514	0.09600720571611987	2.042020005268985e-06	2.042020005268985e-06	2.126899286703441e-05
2088	-0.8395165718181287	-0.8395121326589816	-4.439159147051619e-06	4.439159147051619e-06	5.28775642562695e-06
2089	0.8580937858209915	0.8581008634394038	-7.077618412343334e-06	7.077618412343334e-06	8.248070932679856e-06
2090	-0.08709513070348562	-0.08709648375848644	1.353055000818948e-06	1.353055000818948e-06	1.5535369083093843e-05
2091	-1.3994791835613338	-1.3994841514364253	4.967875091521634e-06	4.967875091521634e-06	3.549802776544058e-06
2092	-2.1759756323095716	-2.175973830514266	-1.8017953054005886e-06	1.8017953054005886e-06	8.280402035054825e-07
2093	-0.5187042972181589	-0.5187156230910261	1.1325872867229414e-05	1.1325872867229414e-05	2.1834931632474848e-05
2094	-0.6300688968522711	-0.6300828507335154	1.395388124436625e-05	1.395388124436625e-05	2.214659589463586e-05
2095	1.0324136817175122	1.032407249217826	6.432499686237492e-06	6.432499686237492e-06	6.230544790472415e-06
2096	-0.05089415632402483	-0.05089007039060789	-4.085933416941856e-06	4.085933416941856e-06	8.028295804587435e-05
2097	-0.3987012893212808	-0.3986931320838494	-8.157237431416497e-06	8.157237431416497e-06	2.0459521074794534e-05
2098	1.1435515135978573	1.1435561106409864	-4.5970431290509595e-06	4.5970431290509595e-06	4.0199703068799056e-06
2099	0.5696547316193002	0.5696604223928148	-5.690773514532843e-06	5.690773514532843e-06	9.989864383915944e-06
2100	1.0288043720455655	1.0288113048542158	-6.932808650272904e-06	6.932808650272904e-06	6.738704498784781e-06
2101	1.773498123573493	1.7734942369358464	3.88663764661068e-06	3.88663764661068e-06	2.1915093086083094e-06
2102	3.1197681014575602	3.119768818752533	-7.172949727518585e-07	7.172949727518585e-07	2.29919323944859e-07
2103	0.5505280630624768	0.5505307746052068	-2.71154273001617e-06	2.71154273001617e-06	4.925348791362975e-06
2104	0.7160070342799112	0.7160112081301406	-4.173850229438614e-06	4.173850229438614e-06	5.82934249191596e-06
2105	-3.1357699304467257	-3.135772215390631	2.2849439051952913e-06	2.2849439051952913e-06	7.286707749218628e-07
2106	-0.8452029948891063	-0.8452076994824864	4.704593380089328e-06	4.704593380089328e-06	5.566228951550968e-06
2107	-2.489483555290622	-2.4894839767952703	4.215046485178675e-07	4.215046485178675e-07	1.693140923233217e-07
2108	0.01604349707362987	0.016044664926440078	-1.1678528102077035e-06	1.1678528102077035e-06	7.279290823241162e-05
2109	0.29471167270289267	0.2947141946094689	-2.521906576236077e-06	2.521906576236077e-06	8.557199493005775e-06
2110	-1.4191118215608651	-1.4191236350153957	1.1813454530607004e-05	1.1813454530607004e-05	8.324540991853283e-06
2111	1.9427769651946187	1.9427746280378244	2.3371567943186733e-06	2.3371567943186733e-06	1.2029979952354167e-06
2112	-1.185077482212037	-1.1850888152817873	1.1333069750429914e-05	1.1333069750429914e-05	9.563146646982003e-06
2113	0.27840109447828265	0.27840404004209063	-2.9455638079767255e-06	2.9455638079767255e-06	1.0580288175578639e-05
2114	-0.5372038190388322	-0.5371962521234508	-7.5669153813962e-06	7.5669153813962e-06	1.408574383356947e-05
2115	0.11135468943764207	0.1113616509016424	-6.961464000337925e-06	6.961464000337925e-06	6.25161278388397e-05
2116	1.1406267440922437	1.140634424462661	-7.680370417206817e-06	7.680370417206817e-06	6.73346513834301e-06
2117	-1.4056470159235286	-1.4056520291862995	5.013262770914295e-06	5.013262770914295e-06	3.5665161410530337e-06
2118	1.0737564706294194	1.0737615000824263	-5.029453006955009e-06	5.029453006955009e-06	4.683979230417883e-06
2119	0.79506535486804	0.7950706878467884	-5.332978748384676e-06	5.332978748384676e-06	6.707597954975425e-06
2120	0.3135069243784223	0.3134931732287072	1.3751149715135469e-05	1.3751149715135469e-05	4.38623476734982e-05
2121	0.03295794193141707	0.03296565930810402	-7.717376686949828e-06	7.717376686949828e-06	0.00023415833133661962
2122	-0.7568232236162987	-0.7568215688795732	-1.6547367255315137e-06	1.6547367255315137e-06	2.186424351019185e-06
2123	-0.24229074986562657	-0.2422859142914291	-4.835574197475934e-06	4.835574197475934e-06	1.9957733426297632e-05
2124	-0.0717120670057826	-0.07170915211318629	-2.91489259630906e-06	2.91489259630906e-06	4.0647170246452575e-05
2125	-0.038242010943322344	-0.03824934002416569	7.3290808433462695e-06	7.3290808433462695e-06	0.00019164998551484495
2126	-0.07121573977640086	-0.07120753348743847	-8.206288962392394e-06	8.206288962392394e-06	0.00011523139390474683
2127	0.03875401423310693	0.038745261143446896	8.753089660036573e-06	8.753089660036573e-06	0.00022586278694605393
2128	-0.12168245732651004	-0.12169695706099048	1.4499734480449833e-05	1.4499734480449833e-05	0.00011916043445393904
2129	-0.9864557048413116	-0.9864602541806988	4.5493393872053645e-06	4.5493393872053645e-06	4.611803008364379e-06
2130	-1.0094601334987194	-1.0094638425020008	3.7090032813935636e-06	3.7090032813935636e-06	3.6742444384984407e-06
2131	-0.20821274783000288	-0.20820559956824525	-7.1482617576279495e-06	7.1482617576279495e-06	3.43315278825493e-05
2132	0.23435562673012067	0.23435520309789126	4.2363222940711154e-07	4.2363222940711154e-07	1.807646930939525e-06
2133	0.8560479988321135	0.8560453909733923	2.607858721193068e-06	2.607858721193068e-06	3.046393105002184e-06
2134	0.3298951970772801	0.3299007387251862	-5.541647906115443e-06	5.541647906115443e-06	1.6798207294958818e-05
2135	0.7521000850818115	0.7521049126246737	-4.827542862240186e-06	4.827542862240186e-06	6.418750586519424e-06
2136	0.15341213257412456	0.1534188949268156	-6.762352691036533e-06	6.762352691036533e-06	4.4079647271503434e-05
2137	-0.03420736708090289	-0.03421192151797925	4.554437076358109e-06	4.554437076358109e-06	0.00013314199440098785
2138	-1.796049452047234	-1.7960598886492818	1.0436602047692034e-05	1.0436602047692034e-05	5.810865639471024e-06
2139	-0.6107317878511731	-0.6107412859943651	9.498143191954966e-06	9.498143191954966e-06	1.555206946960084e-05
2140	0.27178308318661065	0.27179021906853507	-7.135881924413834e-06	7.135881924413834e-06	2.6255798708097746e-05
2141	1.1937839441913805	1.1937899492959758	-6.00510459536352e-06	6.00510459536352e-06	5.030311074782571e-06
2142	0.3899509113068839	0.3899555860211734	-4.674714289498727e-06	4.674714289498727e-06	1.1987955801492707e-05
2143	-0.23757571610570777	-0.23757796980028445	2.253694576681564e-06	2.253694576681564e-06	9.486216073021526e-06
2144	0.6022655078558541	0.6022711084820997	-5.6006262456609335e-06	5.6006262456609335e-06	9.299264481540564e-06
2145	0.22078087654428913	0.22078452860618825	-3.652061899117598e-06	3.652061899117598e-06	1.6541568075462308e-05
2146	0.9446418686321904	0.9446540920912128	-1.2223459022409067e-05	1.2223459022409067e-05	1.2939781125844257e-05
2147	0.035936029003282945	0.035939238379967264	-3.209376684319698e-06	3.209376684319698e-06	8.930805025859993e-05
2148	-0.29299758187736236	-0.2929988138475892	1.2319702268337451e-06	1.2319702268337451e-06	4.204711243485282e-06
2149	-0.6225906549665405	-0.622597863058516	7.208091975519082e-06	7.208091975519082e-06	1.1577578169570279e-05
2150	0.015104266863356322	0.015105821152161525	-1.554288805202808e-06	1.554288805202808e-06	0.00010290395550237446
2151	0.4125894684975106	0.41259553572636776	-6.067228857153939e-06	6.067228857153939e-06	1.4705244123773717e-05
2152	-0.32205121366564987	-0.3220584854162212	7.271750571302693e-06	7.271750571302693e-06	2.2579485071750567e-05
2153	-0.05104029586663926	-0.051044494687957354	4.198821318093793e-06	4.198821318093793e-06	8.226483108688655e-05
2154	-0.11959188662014832	-0.11959662479199551	4.738171847193384e-06	4.738171847193384e-06	3.961950915820002e-05
2155	0.4638437794516411	0.46384578420877176	-2.004757130635859e-06	2.004757130635859e-06	4.322052422489949e-06
2156	1.4075423461743317	1.4075548485639189	-1.2502389587165652e-05	1.2502389587165652e-05	8.882425186813643e-06
2157	-0.8273795139113849	-0.827379734072764	2.2016137912750366e-07	2.2016137912750366e-07	2.660947913572389e-07
2158	0.6519248581784294	0.6519290899067443	-4.2317283148740614e-06	4.2317283148740614e-06	6.49112894191228e-06
2159	-1.2288478534112195	-1.2288553592938456	7.505882626102078e-06	7.505882626102078e-06	6.108065050743367e-06
2160	1.5917219321167884	1.5917287680711212	-6.835954332817806e-06	6.835954332817806e-06	4.294691299331947e-06
2161	-1.1157686376300706	-1.1157739695697444	5.331939673780539e-06	5.331939673780539e-06	4.778714416194521e-06
2162	-0.17869449276311236	-0.17869884604593267	4.353282820307447e-06	4.353282820307447e-06	2.4361594769898184e-05
2163	-0.7643424182054035	-0.7643497804590282	7.362253624743076e-06	7.362253624743076e-06	9.632140581741991e-06
2164	-1.1654705994014063	-1.1654857016605291	1.510225912282337e-05	1.510225912282337e-05	1.2958078162229054e-05
2165	-0.9869963828721432	-0.9869990438460263	2.66097388312847e-06	2.66097388312847e-06	2.6960320516931178e-06
2166	0.005394844818952565	0.005395160131982379	-3.1531302981460674e-07	3.1531302981460674e-07	5.844709910966935e-05
2167	0.3514643552600049	0.3514718268338157	-7.4715738108133145e-06	7.4715738108133145e-06	2.125841126985985e-05
2168	0.2681488727312267	0.2681435817155631	5.291015663599907e-06	5.291015663599907e-06	1.9731634929911654e-05
2169	0.0363355788672359	0.03634083356551798	-5.254698282081138e-06	5.254698282081138e-06	0.0001446157855715172
2170	0.8140180784413263	0.8140258452336013	-7.766792274988e-06	7.766792274988e-06	9.541301944865616e-06
2171	0.7188439268547178	0.7188509941915555	-7.0673368377516255e-06	7.0673368377516255e-06	9.83153167708402e-06
2172	-0.04173208257321953	-0.041738301847615844	6.219274396312979e-06	6.219274396312979e-06	0.00014902861330730796
2173	1.4370269497833386	1.4370374154832888	-1.046569995022395e-05	1.046569995022395e-05	7.282883561649188e-06
2174	-1.84738216974343	-1.847397572376508	1.5402633077865602e-05	1.5402633077865602e-05	8.337545598377604e-06
2175	-0.8255973563853983	-0.8255945811690424	-2.775216355943577e-06	2.775216355943577e-06	3.3614646830919287e-06
2176	-0.7514997687518354	-0.751501904444396	2.1356925605786614e-06	2.1356925605786614e-06	2.8419071427338284e-06
2177	0.9890878437194768	0.989095484957403	-7.641237926181432e-06	7.641237926181432e-06	7.725540228506362e-06
2178	0.48487931770237214	0.48488345053776527	-4.132835393133583e-06	4.132835393133583e-06	8.523430969828234e-06
2179	-0.6855271810315032	-0.6855350234875601	7.842456056894598e-06	7.842456056894598e-06	1.1440036622755298e-05
2180	0.8582943260239532	0.8583020585835044	-7.732559551221208e-06	7.732559551221208e-06	9.009216671677505e-06
2181	0.3407180386830261	0.3407107296720113	7.309011014755562e-06	7.309011014755562e-06	2.145178765118221e-05
2182	0.10032980245002895	0.10032784162739006	1.960822638896742e-06	1.960822638896742e-06	1.954377055484949e-05
2183	0.8948076381628871	0.8948054759709834	2.162191903742894e-06	2.162191903742894e-06	2.4163762260479245e-06
2184	-0.39283523867205933	-0.3928372549566461	2.0162845867921497e-06	2.0162845867921497e-06	5.132646942794644e-06
2185	-0.04576801668500796	-0.04577317465326303	5.157968255065093e-06	5.157968255065093e-06	0.00011269809418581747
2186	-0.5678363050576949	-0.567837736479504	1.4314218090838438e-06	1.4314218090838438e-06	2.5208353117513406e-06
2187	0.30447186690092465	0.3044711381186005	7.287823241552971e-07	7.287823241552971e-07	2.393594953692202e-06
2188	-0.054551204892155196	-0.05454441902763563	-6.785864519569251e-06	6.785864519569251e-06	0.00012439440215820238
2189	-0.32697364306262894	-0.32697011120852437	-3.5318541045659124e-06	3.5318541045659124e-06	1.0801647715346331e-05
2190	0.08835604188948422	0.08835910296767224	-3.0610781880241467e-06	3.0610781880241467e-06	3.464480891813765e-05
2191	-1.7411341086326844	-1.7411454694169493	1.1360784264891066e-05	1.1360784264891066e-05	6.524933495107226e-06
2192	-0.7961896717508807	-0.7961847783999332	-4.893350947554609e-06	4.893350947554609e-06	6.145961347116905e-06
2193	2.3990256886640364	2.3990349920808285	-9.30341679206137e-06	9.30341679206137e-06	3.877997987275506e-06
2194	0.5366811141073475	0.5366836692868304	-2.5551794828881924e-06	2.5551794828881924e-06	4.761075833902183e-06
2195	0.8342570964140421	0.8342576316966444	-5.352826022431145e-07	5.352826022431145e-07	6.416278681283803e-07
2196	-0.7140085238530428	-0.7140110608876427	2.537034599847665e-06	2.537034599847665e-06	3.5532273286555855e-06
2197	1.2044529945253368	1.2044608889212327	-7.894395895879924e-06	7.894395895879924e-06	6.554341208633906e-06
2198	-0.038067424663161376	-0.03807317523119025	5.750568028872749e-06	5.750568028872749e-06	0.0001510627020282171
2199	-1.6850171648109935	-1.6850237031729165	6.538361922991953e-06	6.538361922991953e-06	3.880293957554642e-06
2200	0.8639483691943679	0.8639503657210668	-1.9965266988553054e-06	1.9965266988553054e-06	2.310932886784736e-06
2201	-0.2560248625456112	-0.25603143400410033	6.571458489146309e-06	6.571458489146309e-06	2.5667266935747672e-05
2202	0.3511285074708972	0.3511283792434483	1.2822744888119075e-07	1.2822744888119075e-07	3.651866657161658e-07
2203	-0.16433023071797231	-0.16433072497257228	4.942545999697678e-07	4.942545999697678e-07	3.0076912678229003e-06
2204	0.2948594986764321	0.2948678804060023	-8.381729570239305e-06	8.381729570239305e-06	2.8426181309617925e-05
2205	-0.4747922053033409	-0.47479726434218605	5.059038845178776e-06	5.059038845178776e-06	1.0655269376098112e-05
2206	-0.6996181462336515	-0.6996207342488958	2.5880152443313875e-06	2.5880152443313875e-06	3.699182558748366e-06
2207	-0.03883462874699399	-0.038837778600253614	3.1498532596235806e-06	3.1498532596235806e-06	8.110939543531484e-05
2208	0.12366370064375364	0.12366964933185898	-5.948688105342215e-06	5.948688105342215e-06	4.810375295559852e-05
2209	0.614615817554304	0.614598662171062	1.7155383241984623e-05	1.7155383241984623e-05	2.7912368591895002e-05
2210	1.126572255547835	1.1265564197593392	1.5835788495843772e-05	1.5835788495843772e-05	1.4056611475970592e-05
2211	-2.557886121149242	-2.5578832332566748	-2.8878925673048172e-06	2.8878925673048172e-06	1.1290153003399954e-06
2212	0.4283202126440734	0.42832808829373903	-7.875649665645135e-06	7.875649665645135e-06	1.8387293975756548e-05
2213	0.40419848832761895	0.4042035816418377	-5.09331421871817e-06	5.09331421871817e-06	1.2601022432795039e-05
2214	-0.14072860858862807	-0.14072382138685668	-4.787201771383476e-06	4.787201771383476e-06	3.40172607360684e-05
2215	-1.104735630218495	-1.1047267919703785	-8.838248116482816e-06	8.838248116482816e-06	8.00032865305049e-06
2216	-1.5206952518673147	-1.520685499283303	-9.75258401170187e-06	9.75258401170187e-06	6.413240259497314e-06
2217	2.7189292774793192	2.718921484444081	7.793035238012891e-06	7.793035238012891e-06	2.86621476423164e-06
2218	0.6276437265312109	0.6276404195570962	3.3069741147695453e-06	3.3069741147695453e-06	5.268871455222135e-06
2219	-1.4017789584705025	-1.40178841394345	9.455472947506038e-06	9.455472947506038e-06	6.745338050888577e-06
2220	-2.0731624058797387	-2.0731654845587144	3.078678975754201e-06	3.078678975754201e-06	1.4850158226980657e-06
2221	-0.8803834432733697	-0.8803839143052272	4.710318575185113e-07	4.710318575185113e-07	5.350303451495625e-07
2222	0.13566938000913012	0.13566959722766114	-2.1721853102341093e-07	2.1721853102341093e-07	1.6010873714377763e-06
2223	0.07098704181849295	0.07098419462892025	2.8471895727050223e-06	2.8471895727050223e-06	4.010858178856097e-05
2224	0.2527397167421588	0.25274324131352444	-3.5245713656539834e-06	3.5245713656539834e-06	1.3945459032264793e-05
2225	1.2661095784613723	1.2661173395827063	-7.761121334048937e-06	7.761121334048937e-06	6.129897021615275e-06
2226	2.0021753640612454	2.0021806007619602	-5.23670071483906e-06	5.23670071483906e-06	2.615505519065448e-06
2227	1.3118832432151573	1.3118986259037513	-1.5382688594023364e-05	1.5382688594023364e-05	1.1725653691805334e-05
2228	1.0229394057064498	1.0229375340085056	1.8716979441890658e-06	1.8716979441890658e-06	1.8297251369414758e-06
2229	-2.165162673496591	-2.165163836963302	1.1634667109738928e-06	1.1634667109738928e-06	5.373576430148654e-07
2230	-1.3876425646115584	-1.3876502537808477	7.689169289282205e-06	7.689169289282205e-06	5.541174280305121e-06
2231	0.2483338859486577	0.2483295715549616	4.314393696108754e-06	4.314393696108754e-06	1.737335877311863e-05
2232	1.1541734680395455	1.1541798496388367	-6.381599291227502e-06	6.381599291227502e-06	5.529150918767134e-06
2233	0.07574300531333034	0.0757351289593089	7.876354021441045e-06	7.876354021441045e-06	0.00010398787305650852
2234	-1.2713020838736606	-1.2712964725238862	-5.611349774392593e-06	5.611349774392593e-06	4.4138602819676e-06
2235	1.0109700981345953	1.0109641778761613	5.920258433933512e-06	5.920258433933512e-06	5.856017348937772e-06
2236	1.5018868392768576	1.5018913757138819	-4.536437024249551e-06	4.536437024249551e-06	3.0204918943385885e-06
2237	-3.056210086685026	-3.0562061317276346	-3.954957391361091e-06	3.954957391361091e-06	1.294072488207415e-06
2238	-0.17233822317636557	-0.1723441987948604	5.975618494830082e-06	5.975618494830082e-06	3.467378498335114e-05
2239	-0.19811348432953485	-0.19811657799984062	3.093670305764906e-06	3.093670305764906e-06	1.5615647345937372e-05
2240	0.8417142797605255	0.8417099794115757	4.300348949826116e-06	4.300348949826116e-06	5.109036466685109e-06
2241	-0.0017678863138617224	-0.0017614609824079253	-6.425331453797142e-06	6.425331453797142e-06	0.003634470951789781
2242	-1.009196799865897	-1.0091983928646187	1.5929987216001251e-06	1.5929987216001251e-06	1.578481740936757e-06
2243	2.1921522714115023	2.192152443921458	-1.725099556537657e-07	1.725099556537657e-07	7.869433063730033e-08
2244	0.1551969570937805	0.15519598513336064	9.719604198710208e-07	9.719604198710208e-07	6.262754361116091e-06
2245	1.359034825903142	1.3590468982798143	-1.2072376672334073e-05	1.2072376672334073e-05	8.883051738068166e-06
2246	-0.5602868290091545	-0.5602906059802848	3.776971130298179e-06	3.776971130298179e-06	6.741138528952404e-06
2247	-4.438455700735494	-4.438451695596868	-4.005138626084204e-06	4.005138626084204e-06	9.023721078077933e-07
2248	-0.17720330979257415	-0.17721016869920447	6.858906630324846e-06	6.858906630324846e-06	3.870642505692224e-05
2249	0.03317858217619407	0.033182653805141626	-4.071628947555084e-06	4.071628947555084e-06	0.0001227185937582503
2250	0.6541738201852836	0.6541685897136773	5.230471606276765e-06	5.230471606276765e-06	7.995537951664472e-06
2251	-1.1820093938952079	-1.182013568044482	4.1741492742275454e-06	4.1741492742275454e-06	3.531401100351668e-06
2252	0.5269592868553876	0.5269589988401435	2.8801524409871604e-07	2.8801524409871604e-07	5.465607140495381e-07
2253	3.784293930847423	3.7842949071862364	-9.76338813352129e-07	9.76338813352129e-07	2.5799761625109703e-07
2254	-0.3957165470465261	-0.39572384554986684	7.298503340746887e-06	7.298503340746887e-06	1.8443765860235232e-05
2255	-0.01682487504525498	-0.016839391770773204	1.45167255182245e-05	1.45167255182245e-05	0.000862813273749606
2256	-0.7539375598358341	-0.7539421773667954	4.617530961259497e-06	4.617530961259497e-06	6.124553553566081e-06
2257	0.3913638434216482	0.391365514422759	-1.6710011108145295e-06	1.6710011108145295e-06	4.269686990512876e-06
2258	-0.13492070620739263	-0.13491436315149485	-6.3430558977783935e-06	6.3430558977783935e-06	4.701321299065986e-05
2259	1.3165370446689266	1.3165351155972616	1.929071665074389e-06	1.929071665074389e-06	1.465261971082248e-06
2260	0.004352704117814715	0.004358343199228898	-5.639081414182678e-06	5.639081414182678e-06	0.001295535203301113
2261	0.151745578277981	0.15175236120512636	-6.782927145371209e-06	6.782927145371209e-06	4.469933966013588e-05
2262	-0.562599482151173	-0.5625925063075243	-6.975843648615587e-06	6.975843648615587e-06	1.2399306913583592e-05
2263	-0.5640885336441904	-0.5640896586243116	1.124980121169905e-06	1.124980121169905e-06	1.9943325454644107e-06
2264	0.5552478946250379	0.5552492135247888	-1.3188997509683276e-06	1.3188997509683276e-06	2.3753349877337007e-06
2265	-0.7095307558385743	-0.7095356180535362	4.862214961875999e-06	4.862214961875999e-06	6.852719099018456e-06
2266	0.45005338718210386	0.4500578510224784	-4.463840374557826e-06	4.463840374557826e-06	9.918468567711577e-06
2267	-0.5839948585118181	-0.5840027627339595	7.904222141363881e-06	7.904222141363881e-06	1.353474611318676e-05
2268	0.8741464870287123	0.8741516128676352	-5.125838922870329e-06	5.125838922870329e-06	5.863821452046819e-06
2269	0.11404510176463648	0.1140420264373887	3.0753272477757054e-06	3.0753272477757054e-06	2.6965886304547227e-05
2270	0.028741888844612005	0.02874903382732441	-7.144982712405101e-06	7.144982712405101e-06	0.000248591272168409
2271	-0.16463590820114415	-0.16463619262552243	2.844243782718081e-07	2.844243782718081e-07	1.7275962539369735e-06
2272	-0.7244220925905858	-0.7244245714215225	2.478830936736287e-06	2.478830936736287e-06	3.4218047214322363e-06
2273	-1.524810685160328	-1.5248083816068458	-2.303553482185805e-06	2.303553482185805e-06	1.5107144149790604e-06
2274	-1.702096704177982	-1.7021045046430316	7.800465049667693e-06	7.800465049667693e-06	4.582856561863143e-06
2275	0.8327153684920884	0.8327225473845346	-7.178892446169094e-06	7.178892446169094e-06	8.621063952703187e-06
2276	1.6920532396389545	1.6920576842966994	-4.444657744961944e-06	4.444657744961944e-06	2.6267836264480263e-06
2277	0.8555859394984661	0.855590495193681	-4.555695214958355e-06	4.555695214958355e-06	5.324649464937266e-06
2278	-0.10829327590150283	-0.10829853898464137	5.263083138543068e-06	5.263083138543068e-06	4.860027637662432e-05
2279	-0.16724255447862676	-0.1672498102376352	7.255759008423235e-06	7.255759008423235e-06	4.3384645917678234e-05
2280	0.8465107646795156	0.846515735453579	-4.970774063473016e-06	4.970774063473016e-06	5.872074249823538e-06
2281	1.1474612366355803	1.1474576836665307	3.55296904963609e-06	3.55296904963609e-06	3.0963739220102908e-06
2282	-0.26651764391161675	-0.26652350673472824	5.862823111491e-06	5.862823111491e-06	2.199787986057405e-05
2283	0.4148388423416027	0.41483973975786625	-8.974162635788652e-07	8.974162635788652e-07	2.1632889015727217e-06
2284	-0.24021867239264239	-0.24021181724442897	-6.85514821341382e-06	6.85514821341382e-06	2.8537116391222653e-05
2285	-0.07654195536974837	-0.0765375670326307	-4.3883371176611785e-06	4.3883371176611785e-06	5.733244070474294e-05
2286	-0.10569962246938358	-0.10569380382641214	-5.818642971444632e-06	5.818642971444632e-06	5.5048852924049285e-05
2287	-0.9072425642429376	-0.9072453854130913	2.8211701537106393e-06	2.8211701537106393e-06	3.10960956297813e-06
2288	0.34305959928136515	0.34306250057802856	-2.9012966634156534e-06	2.9012966634156534e-06	8.4571213558613e-06
2289	-0.30913921987221904	-0.3091456710713203	6.451199101253913e-06	6.451199101253913e-06	2.0868264802895212e-05
2290	3.0402976286505665	3.040310869632634	-1.3240982067674878e-05	1.3240982067674878e-05	4.355159818202364e-06
2291	-0.7825053845373414	-0.7825067083118142	1.32377447281673e-06	1.32377447281673e-06	1.6917129248885815e-06
2292	1.4707132423648381	1.4707233713266987	-1.0128961860589314e-05	1.0128961860589314e-05	6.8871086278535286e-06
2293	-1.9313378632820046	-1.931344818457248	6.955175243295031e-06	6.955175243295031e-06	3.6012213996963773e-06
2294	2.1803851462175166	2.1803907536259715	-5.607408454899598e-06	5.607408454899598e-06	2.5717513553177546e-06
2295	-1.1400139173352268	-1.1400199729880711	6.055652844283443e-06	6.055652844283443e-06	5.311911330379617e-06
2296	-1.1089577228168066	-1.1089648641089411	7.1412921345270775e-06	7.1412921345270775e-06	6.43964326826441e-06
2297	-1.397914300714294	-1.3979184699515201	4.169237226125944e-06	4.169237226125944e-06	2.9824698295135713e-06
2298	-0.33074072313041314	-0.33074334695726293	2.623826849790234e-06	2.623826849790234e-06	7.933183506875392e-06
2299	2.3873558876862764	2.3873507967788754	5.090907400973066e-06	5.090907400973066e-06	2.1324459529605184e-06
2300	-1.9991904078009424	-1.9992017418761776	1.133407523523644e-05	1.133407523523644e-05	5.669332541317877e-06
2301	-1.0930388617587372	-1.0930467566190316	7.894860294399564e-06	7.894860294399564e-06	7.222854164303418e-06
2302	0.2970674229207403	0.29707341077589433	-5.987855154043764e-06	5.987855154043764e-06	2.0156552661250126e-05
2303	1.2393164346759507	1.2393239589094662	-7.524233515576739e-06	7.524233515576739e-06	6.071277121039819e-06
2304	1.0676495595154876	1.0676575760761864	-8.016560698820285e-06	8.016560698820285e-06	7.508606758998991e-06
2305	-2.6844190490000788	-2.684419738162802	6.8916272333297e-07	6.8916272333297e-07	2.5672695311474444e-07
2306	0.7598758716057907	0.7598791564245033	-3.2848187125900097e-06	3.2848187125900097e-06	4.3228359200936854e-06
2307	0.025392585391637662	0.02539134303525259	1.2423563850727515e-06	1.2423563850727515e-06	4.892595085972958e-05
