      Step          Pe(mixed)          E_total                Temp                  Pe                  Ke   Speed(ns/day)
         0        4.4696912574        4.4696912574        0.0000000000        4.4696912574        0.0000000000      0.00000000
         1        4.4285465723        4.4695064613      158.4397455382        4.4285465723        0.0409598890      1.74560629
         2        4.3080499923        4.4689687116      622.4606946150        4.3080499923        0.1609187193      1.93578091
         3        4.1167724835        4.4681159806     1359.0557907063        4.1167724835        0.3513434971      1.83734056
         4        3.8682624925        4.4670183954     2316.0886248032        3.8682624925        0.5987559029      1.60295418
         5        3.5799859049        4.4657600619     3426.3235471660        3.5799859049        0.8857741570      1.87034072
         6        3.2719972715        4.4644325240     4612.5402864616        3.2719972715        1.1924352525      1.96378934
         7        2.9654531600        4.4631361815     5793.2900408477        2.9654531600        1.4976830214      1.99613245
         8        2.6810621448        4.4619633305     6888.8255762024        2.6810621448        1.7809011857      1.97250090
         9        2.4376151332        4.4609920240     7826.7624209407        2.4376151332        2.0233768908      1.88194779
        10        2.2506962688        4.4602921208     8547.0887099132        2.2506962688        2.2095958519      1.94832186
        11        2.1316187262        4.4599086487     9006.2173553260        2.1316187262        2.3282899225      1.81502487
        12        2.0866898245        4.4598686621     9179.8552350757        2.0866898245        2.3731788375      1.90484830
        13        2.1168062722        4.4601740289     9064.5409562343        2.1168062722        2.3433677567      1.94795531
        14        2.2174222440        4.4608030422     8677.7745693549        2.2174222440        2.2433807982      1.93036737
        15        2.3788863654        4.4617154535     8056.7335279077        2.3788863654        2.0828290881      1.98345894
        16        2.5871178992        4.4628480433     7255.6399503240        2.5871178992        1.8757301441      2.01404916
        17        2.8246070332        4.4641214424     6341.9177239026        2.8246070332        1.6395144091      1.93583262
        18        3.0716689885        4.4654429868     5391.3524476639        3.0716689885        1.3937739983      1.84689175
        19        3.3078873972        4.4667152861     4482.5413468080        3.3078873972        1.1588278889      1.93966636
        20        3.5136424764        4.4678386418     3690.9913933883        3.5136424764        0.9541961654      1.98291628
        21        3.6716304905        4.4687228020     3083.2872404011        3.6716304905        0.7970923115      4.19892087
        22        3.7682389049        4.4692927856     2711.7944232527        3.7682389049        0.7010538807      4.17545645
        23        3.7946663404        4.4695000309     2610.3703134412        3.7946663404        0.6748336904      4.19139331
        24        3.7476639851        4.4693248635     2791.5057591221        3.7476639851        0.7216608784      4.17497541
        25        3.6298274138        4.4687782255     3245.2029650526        3.6298274138        0.8389508116      4.10870596
        26        3.4494079163        4.4679049407     3939.7179398236        3.4494079163        1.0184970243      1.91390248
        27        3.2196492772        4.4667743150     4824.0895823766        3.2196492772        1.2471250378      1.98074863
        28        2.9577366934        4.4654749423     5832.1853536351        2.9577366934        1.5077382490      1.99993303
        29        2.6834549709        4.4641045940     6887.8524899134        2.6834549709        1.7806496232      1.98313331
        30        2.4176867557        4.4627609965     7910.6914230887        2.4176867557        2.0450742408      1.94299429
        31        2.1808827559        4.4615386154     8821.9607812340        2.1808827559        2.2806558595      1.97276935
        32        1.9916059844        4.4605177614     9550.1663601900        1.9916059844        2.4689117770      1.97346766
        33        1.8652617960        4.4597617716    10035.9626537563        1.8652617960        2.5944999757      1.95057656
        34        1.8130760835        4.4593140838    10236.0940422927        1.8130760835        2.6462380003      1.96720064
        35        1.8413681174        4.4592007160    10126.2171668187        1.8413681174        2.6178325986      1.94403662
        36        1.9511180195        4.4594284739     9702.5670768602        1.9511180195        2.5083104545      1.98096518
        37        2.1378232464        4.4599917461     8982.5386611898        2.1378232464        2.3221684996      1.88243658
        38        2.3915926294        4.4608711774     8004.3177579184        2.3915926294        2.0692785480      1.97572711
        39        2.6974612415        4.4620341270     6825.6649623002        2.6974612415        1.7645728855      2.01651475
        40        3.0359392912        4.4634340700     5521.7901029517        3.0359392912        1.4274947787      1.99618743
        41        3.3838678275        4.4649941086     4181.9784475891        3.3838678275        1.0811262810      1.95731921
reaction occured at step 41 between IDs 1 and 2
        42        3.3861341799        4.4184692184     3993.2457080378        3.3861341799        1.0323350385      0.79104126
        43        3.1579584657        4.4175047758     4872.1371545166        3.1579584657        1.2595463101      1.42046043
        44        2.9217166549        4.4165884335     5782.4156801807        2.9217166549        1.4948717785      1.99185349
        45        2.6933464205        4.4157356525     6662.4914896413        2.6933464205        1.7223892320      1.98307905
        46        2.4876316021        4.4149727967     7455.2801813484        2.4876316021        1.9273411945      1.94393233
        47        2.3177378428        4.4143364892     8109.9964972401        2.3177378428        2.0965986464      1.86711250
        48        2.1946421942        4.4138682939     8584.3401292747        2.1946421942        2.2192260997      1.98101933
        49        2.1265182626        4.4136041747     8846.8333068408        2.1265182626        2.2870859121      1.97631972
        50        2.1181902990        4.4135717883     8878.9219960236        2.1181902990        2.2953814893      1.93134472
        51        2.1707406664        4.4137839660     8676.4690678431        2.1707406664        2.2430432996      1.97089175
        52        2.2813478836        4.4142342698     8250.3635834908        2.2813478836        2.1328863862      1.99833392
        53        2.4433999387        4.4148994328     7626.0919172308        2.4433999387        1.9714994940      1.98362179
        54        2.6468819487        4.4157387421     6842.2358391551        2.6468819487        1.7688567934      2.00602195
        55        2.8790256426        4.4166966050     5947.9701279969        2.8790256426        1.5376709624      2.00258546
        56        3.1251775079        4.4177076906     4999.7243261880        3.1251775079        1.2925301827      3.97616706
        57        3.3698207332        4.4187014999     4057.2473699935        3.3698207332        1.0488807667      4.13873762
        58        3.5976766935        4.4196080481     3179.3688404168        3.5976766935        0.8219313546      4.16849216
        59        3.7947992131        4.4203623312     2419.7834455383        3.7947992131        0.6255631181      4.08416393
        60        3.9495789874        4.4209112167     1823.1924051523        3.9495789874        0.4713322293      4.16969124
        61        4.0535719572        4.4212170337     1422.1130440657        4.0535719572        0.3676450766      4.04180087
        62        4.1020883874        4.4212614742     1234.6152281578        4.1020883874        0.3191730868      4.32211659
        63        4.0944914001        4.4210447368     1263.1632771684        4.0944914001        0.3265533367      4.18824462
        64        4.0341924445        4.4205880977     1494.6434306240        4.0341924445        0.3863956531      3.72520421
        65        3.9283385259        4.4199284935     1901.5527472206        3.9283385259        0.4915899677      4.10568023
        66        3.7872374719        4.4191204172     2444.2296010431        3.7872374719        0.6318829453      4.10614544
        67        3.6235487496        4.4182218444     3073.9293026736        3.6235487496        0.7946730948      3.96985119
        68        3.4513409151        4.4173009906     3736.4961781025        3.4513409151        0.9659600755      4.30287183
        69        3.2850468834        4.4164234392     4376.3549692111        3.2850468834        1.1313765558      3.79245320
        70        3.1384221166        4.4156510837     4940.5366486459        3.1384221166        1.2772289672      4.11243606
        71        3.0235622134        4.4150379866     5382.4625259733        3.0235622134        1.3914757731      3.86073473
        72        2.9500486537        4.4146264579     5665.2334878288        2.9500486537        1.4645778042      4.13732008
        73        2.9242791927        4.4144436137     5764.2068288253        2.9242791927        1.4901644210      4.19212060
        74        2.9490293297        4.4145008433     5668.6905063687        2.9490293297        1.4654715136      4.26188246
        75        3.0232701952        4.4147925223     5382.6426046095        3.0232701952        1.3915223271      3.91347587
        76        3.1422571440        4.4152963410     4924.3299123716        3.1422571440        1.2730391970      4.17137111
        77        3.2978834849        4.4159760004     4324.9700652008        3.2978834849        1.1180925155      4.00097009
        78        3.4792685940        4.4167801116     3626.4523671083        3.4792685940        0.9375115176      4.29827856
        79        3.6735521772        4.4176505675     2878.2978322896        3.6735521772        0.7440983903      4.29344074
        80        3.8668229959        4.4185244919     2134.0742577659        3.8668229959        0.5517014960      4.30031880
        81        4.0451244802        4.4193384891     1447.5227801504        4.0451244802        0.3742140089      4.30414948
        82        4.1954637320        4.4200337465      868.6746192357        4.1954637320        0.2245700145      4.26790561
        83        4.3067479429        4.4205586392      440.2389314829        4.3067479429        0.1138106962      4.21405739
        84        4.3705881465        4.4208766304      194.5243211666        4.3705881465        0.0502884839      4.14560276
        85        4.3818975577        4.4209648516      151.1188693389        4.3818975577        0.0390672939      4.15201496
        86        4.3392539416        4.4208168909      315.4992176827        4.3392539416        0.0815629493      4.29064487
        87        4.2449947655        4.4204453025      678.6722114902        4.2449947655        0.1754505369      4.24441164
        88        4.1050315477        4.4198776855     1217.8778607652        4.1050315477        0.3148461377      4.13001157
        89        3.9284070455        4.4191574106     1898.3050232519        3.9284070455        0.4907503651      4.32237435
        90        3.7266170381        4.4183390061     2675.6970138568        3.7266170381        0.6917219680      4.18897082
        91        3.5127506934        4.4174834736     3499.6586930755        3.5127506934        0.9047327802      4.24864137
        92        3.3005144945        4.4166562717     4317.4242808952        3.3005144945        1.1161417772      4.04766967
        93        3.1032043030        4.4159212813     5077.8102496387        3.1032043030        1.3127169783      3.80599554
        94        2.9327049323        4.4153350239     5735.0627743455        2.9327049323        1.4826300916      4.20403556
        95        2.7985949552        4.4149453530     6252.3154287218        2.7985949552        1.6163503978      4.25213101
        96        2.7074122163        4.4147834476     6604.3993345948        2.7074122163        1.7073712313      4.27067192
        97        2.6621516554        4.4148655229     6779.7922845962        2.6621516554        1.7527138676      4.15035063
        98        2.6620211822        4.4151898596     6781.5515656951        2.6620211822        1.7531686774      3.97703979
        99        2.7024835159        4.4157343736     6627.1427195368        2.7024835159        1.7132508577      4.14702598
       100        2.7755940148        4.4164608135     6347.1489944853        2.7755940148        1.6408667987      4.11196943
       101        2.8706069810        4.4173133182     5982.9204786240        2.8706069810        1.5467063372      4.05695903
       102        2.9748299273        4.4182252815     5583.2962052760        2.9748299273        1.4433953541      4.16657506
       103        3.0746579159        4.4191201764     5200.6063449918        3.0746579159        1.3444622605      4.23994227
       104        3.1567291422        4.4199197384     4886.2338664762        3.1567291422        1.2631905962      4.11336964
       105        3.2091036922        4.4205507892     4686.0813016291        3.2091036922        1.2114470971      4.01960918
       106        3.2223620435        4.4209495595     4636.3382773851        3.2223620435        1.1985875160      4.27671996
       107        3.1905274120        4.4210743762     4759.9628025758        3.1905274120        1.2305469641      4.24938867
       108        3.1116928807        4.4209058159     5064.2560211079        3.1116928807        1.3092129352      4.11547176
       109        2.9882970608        4.4204518521     5539.8158158043        2.9882970608        1.4321547912      1.92329830
       110        2.8270022984        4.4197469982     6161.0046147916        2.8270022984        1.5927446997      1.98237393
       111        2.6381879822        4.4188463375     6887.8862674460        2.6381879822        1.7806583553      2.00214290
       112        2.4351232130        4.4178219549     7669.4124933150        2.4351232130        1.9826987419      1.99267495
       113        2.2329003130        4.4167521288     8447.5064446850        2.2329003130        2.1838518159      2.01500106
       114        2.0472515966        4.4157163658     9161.6204250718        2.0472515966        2.3684647692      1.99289411
       115        1.8933514228        4.4147878453     9753.3405306925        1.8933514228        2.5214364225      1.98497996
       116        1.7846994262        4.4140225046    10170.6642772082        1.7846994262        2.6293230784      1.99043125
       117        1.7321834952        4.4134716485    10371.6739347084        1.7321834952        2.6812881534      1.93987402
       118        1.7433066674        4.4131642135    10327.4584217771        1.7433066674        2.6698575462      1.94659504
       119        1.8216450528        4.4131254419    10024.2823846259        1.8216450528        2.5914803891      1.99130624
       120        1.9664451559        4.4133748408     9465.1359276945        1.9664451559        2.4469296849      1.95273125
       121        2.1723271807        4.4139221648     8670.8667394043        2.1723271807        2.2415949840      1.98443647
       122        2.4290878010        4.4147819820     7680.9993559200        2.4290878010        1.9856941810      1.98841079
       123        2.7216063396        4.4159467174     6553.9938000853        2.7216063396        1.6943403779      2.00502305
       124        3.0301207840        4.4173644038     5366.0918443453        3.0301207840        1.3872436198      1.94455820
reaction occured at step 124 between IDs 1 and 3
       125        2.9395660367        4.2810202156     5188.9705787600        2.9395660367        1.3414541788      0.82727512
       126        2.7520509388        4.2802620801     5911.3779474413        2.7520509388        1.5282111413      1.41463819
       127        2.5678074147        4.2796462401     6621.6807407717        2.5678074147        1.7118388254      1.97180328
       128        2.3985842512        4.2791520301     7274.3527359138        2.3985842512        1.8805677789      1.97362887
       129        2.2541043896        4.2787638479     7831.7236077986        2.2541043896        2.0246594583      1.98058625
       130        2.1421884328        4.2784864895     8263.5604995505        2.1421884328        2.1362980568      1.99927102
       131        2.0687055160        4.2783323547     8547.2085719011        2.0687055160        2.2096268387      1.94942234
       132        2.0374013115        4.2783146512     8668.2300245921        2.0374013115        2.2409133397      1.97578096
       133        2.0496938687        4.2784475774     8621.1945248575        2.0496938687        2.2287537087      1.99272973
       134        2.1045168635        4.2787349892     8410.2417094188        2.1045168635        2.1742181257      1.99010333
       135        2.1983038592        4.2791667493     8049.1279431578        2.1983038592        2.0808628901      1.99486880
       136        2.3251545845        4.2797221964     7560.5965470527        2.3251545845        1.9545676119      1.98080276
       137        2.4771815255        4.2803683209     6975.0300658961        2.4771815255        1.8031867954      2.01365746
       138        2.6450315836        4.2810628571     6328.4443690690        2.6450315836        1.6360312735      1.96490737
       139        2.8185405430        4.2817563011     5659.9648645825        2.8185405430        1.4632157582      1.92903154
       140        2.9874760595        4.2824004194     5008.9854064761        2.9874760595        1.2949243599      3.89873981
       141        3.1422922817        4.2829483408     4412.2496501114        3.1422922817        1.1406560591      4.09131093
       142        3.2748442923        4.2833607245     3901.1113295888        3.2748442923        1.0085164322      4.00649934
       143        3.3789896828        4.2836092915     3499.2209264324        3.3789896828        0.9046196087      4.12507531
       144        3.4510241614        4.2836791868     3220.8498038492        3.4510241614        0.8326550253      4.21577322
       145        3.4899130204        4.2835707758     3070.0017988509        3.4899130204        0.7936577553      4.28101436
       146        3.4972970528        4.2832977351     3040.3829514803        3.4972970528        0.7860006823      4.18776062
       147        3.4772855178        4.2828900808     3116.2140622031        3.4772855178        0.8056045631      4.19916414
       148        3.4360428479        4.2823839790     3273.7899650977        3.4360428479        0.8463411312      4.11407011
       149        3.3812337705        4.2818216760     3483.6256199010        3.3812337705        0.9005879055      4.21822681
       150        3.3213670992        4.2812498365     3712.9880106204        3.3213670992        0.9598827373      4.17906782
       151        3.2650924998        4.2807140586     3928.5951550472        3.2650924998        1.0156215588      4.12507531
       152        3.2205100502        4.2802537099     4099.2668688116        3.2205100502        1.0597436597      4.22880991
       153        3.1945484013        4.2799021601     4198.3310432313        3.1945484013        1.0853537588      4.07704186
       154        3.1924472395        4.2796851444     4205.6192375158        3.1924472395        1.0872379049      4.17305234
       155        3.2173722780        4.2796121528     4108.9226491035        3.2173722780        1.0622398748      4.10940484
       156        3.2702135383        4.2796892106     3904.8218314826        3.2702135383        1.0094756723      4.17738174
       157        3.3495316706        4.2799069847     3598.8483304373        3.3495316706        0.9303753141      4.32831132
       158        3.4516931875        4.2802461285     3204.9822512340        3.4516931875        0.8285529410      4.20379172
       159        3.5711620093        4.2806798603     2744.5344850557        3.5711620093        0.7095178510      4.24988701
       160        3.7009244174        4.2811740334     2244.5031914406        3.7009244174        0.5802496160      4.31645364
       161        3.8330212870        4.2816907425     1735.5289809427        3.8330212870        0.4486694555      4.29166113
       162        3.9591449063        4.2821917432     1249.5995456000        3.9591449063        0.3230468369      4.27621530
       163        4.0712553760        4.2826397773      817.6704477862        4.0712553760        0.2113844013      4.12930567
       164        4.1621761322        4.2830016033      467.3732613948        4.1621761322        0.1208254711      4.15892426
       165        4.2261217290        4.2832482167      220.9748709106        4.2261217290        0.0571264877      4.27419786
       166        4.2591306466        4.2833625409       93.7330464291        4.2591306466        0.0242318943      4.33478308
       167        4.2593543995        4.2833359353       92.7646174009        4.2593543995        0.0239815358      4.22486582
       168        4.2271981420        4.2831692872      216.5058116745        4.2271981420        0.0559711452      4.25113339
       169        4.1652989927        4.2828745798      454.8021633453        4.1652989927        0.1175755872      3.79086632
       170        4.0783393821        4.2824723373      789.6206336883        4.0783393821        0.2041329552      4.17714098
       171        3.9727152107        4.2819914322     1196.3324870971        3.9727152107        0.3092762215      4.15749287
       172        3.8560770336        4.2814657125     1645.4750182706        3.8560770336        0.4253886789      4.20232928
       173        3.7367831491        4.2809337932     2104.8662915436        3.7367831491        0.5441506441      4.31748217
       174        3.6232958561        4.2804342664     2541.9219910659        3.6232958561        0.6571384103      3.61628446
       175        3.5235705486        4.2800032651     2926.0090822616        3.5235705486        0.7564327165      3.88411432
       176        3.4444778530        4.2796711545     3230.6682834771        3.4444778530        0.8351933015      4.18751867
       177        3.3913057713        4.2794642510     3435.5465084334        3.3913057713        0.8881584797      4.19115094
       178        3.3673637825        4.2793977102     3527.9007604900        3.3673637825        0.9120339277      4.19624671
       179        3.3737358391        4.2794784737     3503.5649798248        3.3737358391        0.9057426346      4.20135488
       180        3.4091835353        4.2797011849     3367.3088081892        3.4091835353        0.8705176496      4.23127872
       181        3.4702212271        4.2800513961     3132.5594171188        3.4702212271        0.8098301690      4.25737624
       182        3.5513490423        4.2805058965     2820.5014552300        3.5513490423        0.7291568542      4.17329263
       183        3.6454317064        4.2810330149     2458.6128556726        3.6454317064        0.6356013084      4.23449247
       184        3.7441998189        4.2815944804     2078.7330134092        3.7441998189        0.5373946615      4.07246014
       185        3.8388423462        4.2821509943     1714.7924753389        3.8388423462        0.4433086480      4.15701595
       186        3.9206415773        4.2826625679     1400.3581327787        3.9206415773        0.3620209906      4.16298525
       187        3.9816126940        4.2830896921     1166.1637780761        3.9816126940        0.3014769981      4.31568257
       188        4.0151054239        4.2833982151     1037.8016795653        4.0151054239        0.2682927912      3.67328433
       189        4.0163214714        4.2835656739     1033.7455622381        4.0163214714        0.2672442025      4.02675555
       190        3.9826949552        4.2835759505     1163.8583390520        3.9826949552        0.3008809953      4.12413640
       191        3.9141239718        4.2834223551     1428.5083129527        3.9141239718        0.3692983833      3.88974256
       192        3.8130306783        4.2831176618     1818.3755847363        3.8130306783        0.4700869835      3.90735744
       193        3.6842088746        4.2826779938     2314.9792969104        3.6842088746        0.5984691192      4.09686129
       194        3.5345225926        4.2821371624     2891.8990065081        3.5345225926        0.7476145698      4.26012891
       195        3.3724142416        4.2815283630     3516.6064582621        3.3724142416        0.9091141214      4.06241652
       196        3.2073239263        4.2809000449     4152.7731481254        3.2073239263        1.0735761186      4.16825242
       197        3.0489925445        4.2802936997     4762.8801407946        3.0489925445        1.2313011552      4.18558403
       198        2.9067698581        4.2797537386     5310.9327724728        2.9067698581        1.3729838805      4.22708347
       199        2.7889290969        4.2793180486     5765.0753510448        2.7889290969        1.4903889516      4.26991712
       200        2.7020672195        4.2790179922     6099.9110467540        2.7020672195        1.5769507728      4.23820672
       201        2.6506208974        4.2788736776     6298.3558471280        2.6506208974        1.6282527801      4.11991662
       202        2.6365444884        4.2788958537     6352.8915480063        2.6365444884        1.6423513653      4.27318985
       203        2.6591588559        4.2790800969     6266.1280513573        2.6591588559        1.6199212410      4.17209148
       204        2.7152003231        4.2794124706     6050.6358999773        2.7152003231        1.5642121475      1.94257768
       205        2.7990478624        4.2798683828     5728.0630480820        2.7990478624        1.4808205203      1.98231971
       206        2.9031210352        4.2804143205     5327.6022756675        2.9031210352        1.3772932853      2.01864898
       207        3.0184167310        4.2810099232     4883.9230075620        3.0184167310        1.2625931923      1.92646784
       208        3.1351450138        4.2816105656     4434.7217456239        3.1351450138        1.1464655517      1.89622660
       209        3.2434201322        4.2821739411     4018.0745925621        3.2434201322        1.0387538089      1.89920793
       210        3.3339452366        4.2826607959     3669.7914864182        3.3339452366        0.9487155593      1.96480083
       211        3.3986472189        4.2830378278     3420.9717502114        3.3986472189        0.8843906089      1.99596753
       212        3.4312136092        4.2832814856     3295.9419795284        3.4312136092        0.8520678764      1.94086102
       213        3.4274858849        4.2833744293     3310.7209667595        3.4274858849        0.8558885444      1.96512047
       214        3.3857075545        4.2833168583     3472.1038872105        3.3857075545        0.8976093038      1.99976749
       215        3.3065812162        4.2831152336     3777.3979653429        3.3065812162        0.9765340174      1.95605142
       216        3.1931793748        4.2827868128     4214.7849903713        3.1931793748        1.0896074380      1.88684716
       217        3.0506963052        4.2823506206     4764.2462239622        3.0506963052        1.2316543155      1.96928522
       218        2.8860984237        4.2818418636     5398.9705794210        2.8860984237        1.3957434399      1.91912231
       219        2.7076343131        4.2812918852     6087.1723920892        2.7076343131        1.5736575721      1.90881151
       220        2.5242909180        4.2807420886     6794.2488018737        2.5242909180        1.7564511706      1.76318720
       221        2.3451604844        4.2802326822     7485.1850035419        2.3451604844        1.9350721978      1.97035595
       222        2.1787969830        4.2798067515     8127.0594603768        2.1787969830        2.1010097685      1.99136095
       223        2.0325806560        4.2794917736     8691.4304387352        2.0325806560        2.2469111175      1.96955279
       224        1.9122162990        4.2793164888     9156.3420023032        1.9122162990        2.3671001898      1.97459673
       225        1.8213531103        4.2792879159     9507.7055870859        1.8213531103        2.4579348056      1.83311177
       226        1.7614409715        4.2794017211     9739.8960427503        1.7614409715        2.5179607495      1.92918558
       227        1.7317834251        4.2796354076     9855.5203633751        1.7317834251        2.5478519824      1.99789324
       228        1.7298109804        4.2799669923     9864.4327374297        1.7298109804        2.5501560120      2.00530042
       229        1.7514701440        4.2803551374     9782.1528569836        1.7514701440        2.5288849934      2.02757156
       230        1.7917602322        4.2807652161     9627.8902670147        1.7917602322        2.4890049839      1.98802900
       231        1.8452785700        4.2811581939     9422.3924316104        1.8452785700        2.4358796239      1.99503353
       232        1.9067768897        4.2815000844     9185.8290688035        1.9067768897        2.3747231948      1.95657946
       233        1.9716489402        4.2817626024     8935.9085205503        1.9716489402        2.3101136621      1.95779506
       234        2.0363225921        4.2819312996     8686.3924974691        2.0363225921        2.2456087075      1.89449181
       235        2.0985020557        4.2819989012     8446.1333594819        2.0985020557        2.1834968455      1.97067739
       236        2.1572680345        4.2819696445     8218.7034912655        2.1572680345        2.1247016100      1.98497996
       237        2.2130167173        4.2818571574     8002.6230825721        2.2130167173        2.0688404401      1.94424521
       238        2.2672599773        4.2816832505     7792.1283209464        2.2672599773        2.0144232732      1.96432157
       239        2.3223149893        4.2814764691     7578.3664013855        2.3223149893        1.9591614798      1.97928814
       240        2.3809153784        4.2812629526     7350.8643142196        2.3809153784        1.9003475743      1.98378468
       241        2.4458102759        4.2810717569     7099.1003490136        2.4458102759        1.8352614810      1.89014404
       242        2.5193659508        4.2809257175     6814.0097112950        2.5193659508        1.7615597666      1.96469431
       243        2.6032322080        4.2808417967     6489.2762910312        2.6032322080        1.6776095886      1.98710241
       244        2.6980940018        4.2808317382     6122.2959959183        2.6980940018        1.5827377363      1.99327777
       245        2.8035218447        4.2808973162     5714.7370194617        2.8035218447        1.4773754715      4.29496730
       246        2.9179440299        4.2810348281     5272.6646647188        2.9179440299        1.3630907982      4.09061819
       247        3.0387220261        4.2812321734     4806.2384090705        3.0387220261        1.2425101473      4.21601845
       248        3.1623332534        4.2814738582     4329.0242512400        3.1623332534        1.1191406048      4.10544767
       249        3.2846284418        4.2817397118     3856.9942421838        3.2846284418        0.9971112700      3.60710561
       250        3.4011491201        4.2820069021     3407.3061809039        3.4011491201        0.8808577820      4.12437109
       251        3.5074757294        4.2822530983     2996.9692857239        3.5074757294        0.7747773689      4.19430400
       252        3.5995759432        4.2824588928     2641.5062030725        3.5995759432        0.6828829497      4.24167924
       253        3.6741223708        4.2826062186     2353.7179531267        3.6741223708        0.6084838478      3.79106461
       254        3.7287642698        4.2826821282     2142.6475206570        3.7287642698        0.5539178584      3.28294483
       255        3.7623240259        4.2826789844     2012.8205737828        3.7623240259        0.5203549585      4.17665955
       256        3.7749098946        4.2825970675     1963.8194465401        3.7749098946        0.5076871728      4.22683695
       257        3.7679282623        4.2824407697     1990.2209895824        3.7679282623        0.5145125074      4.23300859
       258        3.7440055911        4.2822194343     2081.9017460169        3.7440055911        0.5382138431      4.23919829
       259        3.7068212288        4.2819480064     2224.6871902604        3.7068212288        0.5751267776      4.18075526
       260        3.6608635149        4.2816474936     2401.2969299631        3.6608635149        0.6207839787      4.18969727
       261        3.6111199584        4.2813380971     2592.5165826167        3.6111199584        0.6702181388      4.21405739
       262        3.5627400307        4.2810415676     2778.5112608081        3.5627400307        0.7183015369      3.65918984
       263        3.5206811415        4.2807788498     2940.1858875673        3.5206811415        0.7600977083      4.03302950
       264        3.4893689175        4.2805688539     3060.4945414895        3.4893689175        0.7911999364      4.20038094
       265        3.4723947251        4.2804270445     3125.6050324262        3.4723947251        0.8080323194      4.07635394
       266        3.4722726282        4.2803645800     3125.8357005210        3.4722726282        0.8080919518      4.15940161
       267        3.4902685675        4.2803836070     3056.2979774307        3.4902685675        0.7901150395      4.10521513
       268        3.5263299713        4.2804852783     2917.1996786476        3.5263299713        0.7541553069      4.23696791
       269        3.5790923613        4.2806617214     2713.7883842299        3.5790923613        0.7015693601      4.13708392
       270        3.6459907485        4.2809011235     2455.9402085702        3.6459907485        0.6349103749      4.26715179
       271        3.7234482323        4.2811863469     2157.4249146745        3.7234482323        0.5577381146      4.17089101
       272        3.8071381799        4.2814974435     1834.9014834889        3.8071381799        0.4743592636      3.26991081
       273        3.8922953491        4.2818123956     1506.7175055162        3.8922953491        0.3895170465      4.17401366
       274        3.9740582373        4.2821109111     1191.5995989485        3.9740582373        0.3080526739      4.18244406
       275        4.0478093538        4.2823724007      907.3293508543        4.0478093538        0.2345630469      4.21381239
       276        4.1094987536        4.2825779640      669.4995212960        4.1094987536        0.1730792104      4.27646761
       277        4.1559272520        4.2827155631      490.4385304541        4.1559272520        0.1267883111      4.22955025
       278        4.1849573233        4.2827756837      378.3778844044        4.1849573233        0.0978183604      4.17954980
       279        4.1956549860        4.2827553020      336.9186845586        4.1956549860        0.0871003160      4.23746335
       280        4.1883419926        4.2826582382      364.8311147145        4.1883419926        0.0943162456      4.12272885
       281        4.1645542465        4.2824903010      456.1965113989        4.1645542465        0.1179360544      4.26263442
       282        4.1269272008        4.2822662169      600.8774637138        4.1269272008        0.1553390162      4.14252247
       283        4.0789900224        4.2820005083      785.2787335997        4.0789900224        0.2030104859      4.26388829
       284        4.0249141964        4.2817133535      993.3423682000        4.0249141964        0.2567991571      4.13779248
       285        3.9692085757        4.2814248710     1207.7051875778        3.9692085757        0.3122162953      4.23276138
       286        3.9163998618        4.2811556200     1410.9366742600        3.9163998618        0.3647557582      4.13448791
       287        3.8707108342        4.2809232797     1586.7707926897        3.8707108342        0.4102124455      4.13283761
       288        3.8357672864        4.2807444177     1721.2464495490        3.8357672864        0.4449771313      4.28633113
       289        3.8143437242        4.2806311232     1803.6781521518        3.8143437242        0.4662873990      4.17497541
       290        3.8081723772        4.2805899032     1827.3905154731        3.8081723772        0.4724175260      4.19746181
       291        3.8178301211        4.2806245651     1790.1668143489        3.8178301211        0.4627944440      4.22412712
       292        3.8426983083        4.2807303502     1694.3816746216        3.8426983083        0.4380320419      4.17882686
       293        3.8810179850        4.2808997582     1546.8100133052        3.8810179850        0.3998817732      4.29700439
       294        3.9300178869        4.2811212421     1358.1268811219        3.9300178869        0.3511033552      4.28785264
       295        3.9861123735        4.2813772924     1142.1344099665        3.9861123735        0.2952649189      4.17497541
       296        4.0451629102        4.2816498097      914.7711365216        4.0451629102        0.2364868995      4.19090859
       297        4.1027722424        4.2819201219      692.9741548854        4.1027722424        0.1791478795      4.28354451
       298        4.1545942992        4.2821675537      493.4748233986        4.1545942992        0.1275732545      4.24019032
       299        4.1966466747        4.2823754581      331.6133654616        4.1966466747        0.0857287834      4.30901148
       300        4.2255881887        4.2825289174      220.2563237950        4.2255881887        0.0569407287      4.26138130
       301        4.2389545667        4.2826169861      168.8935885526        4.2389545667        0.0436624195      4.14489152
       302        4.2353306267        4.2826344255      182.9790565786        4.2353306267        0.0473037988      4.19600377
       303        4.2144436558        4.2825797439      263.5618584979        4.2144436558        0.0681360881      4.12930567
       304        4.1771791730        4.2824575908      407.2346422371        4.1771791730        0.1052784178      3.55142949
       305        4.1255096951        4.2822771911      606.4030641016        4.1255096951        0.1567674960      3.48165313
       306        4.0623468500        4.2820523812      849.8579789690        4.0623468500        0.2197055312      4.17377329
       307        3.9913242465        4.2818003249     1123.6103687062        3.9913242465        0.2904760784      4.19090859
       308        3.9165273053        4.2815399382     1411.9303087031        3.9165273053        0.3650126329      4.27092358
       309        3.8421897747        4.2812907615     1698.5165332897        3.8421897747        0.4391009868      4.18003190
       310        3.7723788169        4.2810726645     1967.7134342273        3.7723788169        0.5086938477      4.24864137
       311        3.7106877844        4.2809029499     2205.6882478528        3.7106877844        0.5702151655      4.33348718
       312        3.6599628170        4.2807949328     2401.4831322459        3.6599628170        0.6208321158      4.14441749
       313        3.6220842753        4.2807589497     2547.8645192087        3.6220842753        0.6586746744      4.15725439
       314        3.5978117747        4.2807979013     2641.9053086595        3.5978117747        0.6829861265      4.19309072
       315        3.5867197292        4.2809121156     2685.2530079182        3.5867197292        0.6941923863      4.08531498
       316        3.5872106653        4.2810941135     2684.0579831055        3.5872106653        0.6938834482      4.19989414
       317        3.5966262577        4.2813325643     2648.5592544884        3.5966262577        0.6847063066      4.31029278
       318        3.6114328642        4.2816077602     2592.3493121408        3.6114328642        0.6701748960      4.18075526
       319        3.6274936132        4.2819022933     2531.3629351874        3.6274936132        0.6544086801      4.22142077
       320        3.6403733923        4.2821905420     2482.6567762626        3.6403733923        0.6418171498      4.03505028
       321        3.6456986610        4.2824508963     2463.0648347333        3.6456986610        0.6367522354      4.24466021
       322        3.6395071965        4.2826613655     2487.8285920421        3.6395071965        0.6431541691      4.12907042
       323        3.6185838861        4.2828021802     2569.3081732506        3.6185838861        0.6642182940      4.15820844
       324        3.5807489768        4.2828591426     2715.8803116334        3.5807489768        0.7021101658      4.24988701
       325        3.5250694468        4.2828233946     2931.1198271949        3.5250694468        0.7577539478      4.28177309
       326        3.4519802022        4.2826944194     3213.3424312363        3.4519802022        0.8307142172      4.31542561
       327        3.3632943250        4.2824785319     3555.5592438749        3.3632943250        0.9191842068      4.28912138
       328        3.2621022578        4.2821869869     3945.8594493773        3.2621022578        1.0200847292      4.24192749
       329        3.1525730727        4.2818412752     4368.1995040715        3.1525730727        1.1292682026      4.25662613
       330        3.0396518516        4.2814646888     4803.5410962317        3.0396518516        1.2418128372      4.25912753
       331        2.9286980866        4.2810819242     5231.2483385526        2.9286980866        1.3523838375      3.97944178
       332        2.8250888932        4.2807212294     5630.6309117829        2.8250888932        1.4556323362      3.87663528
       333        2.7338065347        4.2804061860     5982.5077998312        2.7338065347        1.5465996513      4.06173353
       334        2.6590655781        4.2801596337     6270.6646957031        2.6590655781        1.6210940556      4.22880991
       335        2.6039868709        4.2799966216     6483.0878484743        2.6039868709        1.6760097507      4.11687436
       336        2.5703639707        4.2799266552     6612.8762445156        2.5703639707        1.7095626845      4.18292683
       337        2.5585270722        4.2799517411     6658.7603972292        2.5585270722        1.7214246689      1.88380655
       338        2.5673205245        4.2800661322     6625.1883271387        2.5673205245        1.7127456076      1.97696662
       339        2.5941960100        4.2802586466     6521.9741036426        2.5941960100        1.6860626366      1.97680485
       340        2.6354051952        4.2805096257     6363.5408674152        2.6354051952        1.6451044305      1.96634670
       341        2.6862897951        4.2807978009     6167.8253793617        2.6862897951        1.5945080057      1.90590021
       342        2.7416275744        4.2811011323     5954.9428706705        2.7416275744        1.5394735579      1.68784083
       343        2.7960013597        4.2813910530     5745.7373783404        2.7960013597        1.4853896933      1.71670511
       344        2.8441872575        4.2816522232     5560.3564645716        2.8441872575        1.4374649657      1.91032085
       345        2.8814657981        4.2818672675     5416.9886214626        2.8814657981        1.4004014693      1.97164236
       346        2.9038884109        4.2820281368     5330.8764503502        2.9038884109        1.3781397259      1.81103381
       347        2.9084369940        4.2821269743     5313.6640851186        2.9084369940        1.3736899802      1.94764123
       348        2.8931277102        4.2821720149     5373.0571967984        2.8931277102        1.3890443047      1.93031595
       349        2.8570151238        4.2821567911     5512.6878717807        2.8570151238        1.4251416673      1.98313331
       350        2.8002384312        4.2820823509     5732.0217289286        2.8002384312        1.4818439196      1.96944575
       351        2.7240544163        4.2819424959     6026.1733404972        2.7240544163        1.5578880796      1.97826168
       352        2.6309173854        4.2817329345     6385.6324356521        2.6309173854        1.6508155491      1.94874094
       353        2.5245253287        4.2814553087     6796.1009175000        2.5245253287        1.7569299801      1.97233987
       354        2.4097530546        4.2811253380     7238.7830117738        2.4097530546        1.8713722835      1.96240688
       355        2.2923844075        4.2807743107     7691.4268633581        2.2923844075        1.9883899032      1.95483798
       356        2.1786307805        4.2804419434     8130.1593886801        2.1786307805        2.1018111629      1.98492559
       357        2.0745213524        4.2801687577     8531.8154537684        2.0745213524        2.2056474053      1.98497996
       358        1.9852970449        4.2799851463     8876.2398549313        1.9852970449        2.2946881014      1.97777583
       359        1.9149436112        4.2799022255     9148.0580276675        1.9149436112        2.3649586142      1.95842988
       360        1.8659597710        4.2799263624     9337.6291332254        1.8659597710        2.4139665914      1.98481688
       361        1.8393072861        4.2800401895     9441.1657338054        1.8393072861        2.4407329034      1.94737958
       362        1.8345747010        4.2802278694     9460.1981471728        1.8345747010        2.4456531685      1.96230061
       363        1.8502104225        4.2804642705     9400.6309836052        1.8502104225        2.4302538481      1.89975553
       364        1.8838305565        4.2807307109     9271.6132819576        1.8838305565        2.3969001544      1.75058145
       365        1.9325109849        4.2810072283     9084.3788059642        1.9325109849        2.3484962434      1.91693970
       366        1.9930748050        4.2812768439     8851.1506733506        1.9930748050        2.2882020389      1.47594129
       367        2.0623420168        4.2815225557     8584.1638926845        2.0623420168        2.2191805389      1.77606286
       368        2.1373516058        4.2817357299     8294.8387691792        2.1373516058        2.1443841241      1.49638842
       369        2.2155194974        4.2819054942     7993.1288828264        2.2155194974        2.0663859968      1.88674892
       370        2.2947679297        4.2820295748     7687.0625711433        2.2947679297        1.9872616451      1.93366344
       371        2.3735831187        4.2821065004     7382.4897138436        2.3735831187        1.9085233817      1.97341392
       372        2.4510322847        4.2821403990     7083.0344278549        2.4510322847        1.8311081144      1.73923913
       373        2.5267220436        4.2821371647     6790.2411881898        2.5267220436        1.7554151211      1.94957965
       374        2.6007181221        4.2821049496     6503.8872865006        2.6007181221        1.6813868274      4.26313588
       375        2.6734304041        4.2820527648     6222.4220805400        2.6734304041        1.6086223608      4.05446258
       376        2.7454809151        4.2819923132     5943.4847382957        2.7454809151        1.5365113982      4.09524088
       377        2.8175579030        4.2819326506     5664.4480309108        2.8175579030        1.4643747476      4.25912753
       378        2.8902837916        4.2818822292     5382.9370126046        2.8902837916        1.3915984376      4.33971458
       379        2.9640979007        4.2818475171     5097.2773409499        2.9640979007        1.3177496164      4.16179002
       380        3.0391684913        4.2818334347     4806.8371864005        3.0391684913        1.2426649434      4.23325583
       381        3.1153360882        4.2818413066     4512.2385498503        3.1153360882        1.1665052185      4.13354472
       382        3.1920968174        4.2818700658     4215.4263729385        3.1920968174        1.0897732484      4.03527494
       383        3.2686238390        4.2819190838     3919.5965810449        3.2686238390        1.0132952448      4.09038733
       384        3.3438112915        4.2819802246     3628.9953607433        3.3438112915        0.9381689331      4.30568366
       385        3.4163673021        4.2820514822     3348.6121342267        3.4163673021        0.8656841800      4.14299606
       386        3.4848974069        4.2821211243     3083.7955406102        3.4848974069        0.7972237175      4.18051411
       387        3.5480334713        4.2821863028     2839.8267369530        3.5480334713        0.7341528316      4.21405739
       388        3.6045316047        4.2822390429     2621.4864533487        3.6045316047        0.6777074382      4.11360311
       389        3.6533825939        4.2822722333     2432.6509899910        3.6533825939        0.6288896394      4.19163571
       390        3.6939037971        4.2822830223     2275.9498882102        3.6939037971        0.5883792251      4.10498262
       391        3.7258006956        4.2822687234     2152.5120052630        3.7258006956        0.5564680278      4.15653915
       392        3.7492061069        4.2822283372     2061.8197139047        3.7492061069        0.5330222304      4.15439488
       393        3.7646895974        4.2821652109     2001.6827831605        3.7646895974        0.5174756136      4.24814332
       394        3.7732258061        4.2820801121     1968.3341142186        3.7732258061        0.5088543060      4.29166113
       395        3.7761480714        4.2819794105     1956.6407691713        3.7761480714        0.5058313391      4.21749043
       396        3.7750613920        4.2818685072     1960.4152356083        3.7750613920        0.5068071152      4.09825124
       397        3.7717455093        4.2817555134     1972.8045487544        3.7717455093        0.5100100041      4.17425405
       398        3.7680369379        4.2816467902     1986.7293678309        3.7680369379        0.5136098523      4.02586086
       399        3.7657135955        4.2815498902     1995.3416217918        3.7657135955        0.5158362947      4.17930879
       400        3.7663774483        4.2814708746     1992.4680818312        3.7663774483        0.5150934263      4.13071772
       401        3.7713530743        4.2814157393     1973.0082502803        3.7713530743        0.5100626650      4.13330899
       402        3.7816003101        4.2813868264     1933.2583771239        3.7816003101        0.4997865163      4.21945468
       403        3.7976587506        4.2813860857     1871.1387606938        3.7976587506        0.4837273350      4.22708347
       404        3.8196169693        4.2814139755     1786.3085569809        3.8196169693        0.4617970062      4.24565480
       405        3.8471123266        4.2814678616     1680.1603270916        3.8471123266        0.4343555350      4.09570373
       406        3.8793652079        4.2815439986     1555.6952634588        3.8793652079        0.4021787907      4.15820844
       407        3.9152385975        4.2816364598     1417.2886093408        3.9152385975        0.3663978623      4.08324356
       408        3.9533249026        4.2817394018     1270.3625669296        3.9533249026        0.3284144992      4.17425405
       409        3.9920459542        4.2818447413     1120.9904919401        3.9920459542        0.2897987871      4.14631425
       410        4.0297692096        4.2819456609      975.4609638559        4.0297692096        0.2521764513      4.15534762
       411        4.0649214894        4.2820353418      839.8329291164        4.0649214894        0.2171138524      4.15296660
       412        4.0960989341        4.2821077460      719.5133963670        4.0960989341        0.1860088119      3.99765985
       413        4.1221629007        4.2821578087      618.8872373923        4.1221629007        0.1599949081      4.06720388
       414        4.1423167611        4.2821825851      541.0245518570        4.1423167611        0.1398658240      3.94758024
       415        4.1561565831        4.2821813805      487.4851305649        4.1561565831        0.1260247973      4.18897082
       416        4.1636909681        4.2821533323      458.2323661837        4.1636909681        0.1184623642      4.23919829
       417        4.1653383553        4.2821019116      451.6610912003        4.1653383553        0.1167635563      4.08600593
       418        4.1618874255        4.2820310258      464.7356703972        4.1618874255        0.1201436003      4.17233165
       419        4.1544362235        4.2819454040      493.2269748263        4.1544362235        0.1275091806      2.86892187
       420        4.1443108497        4.2818514597      532.0302324044        4.1443108497        0.1375406100      3.54361576
       421        4.1329678594        4.2817567171      575.5403479409        4.1329678594        0.1487888577      3.62914091
       422        4.1218862871        4.2816667247      618.0576296228        4.1218862871        0.1597804376      4.01894051
       423        4.1124655762        4.2815883137      654.1952182697        4.1124655762        0.1691227375      4.07933659
       424        4.1059245463        4.2815269631      679.2597084171        4.1059245463        0.1756024168      3.97355116
       425        4.1032164067        4.2814864795      689.5786506283        4.1032164067        0.1782700727      4.05854928
       426        4.1049644366        4.2814698385      682.7526066222        4.1049644366        0.1765054019      4.20208564
       427        4.1114187325        4.2814772137      657.8148322383        4.1114187325        0.1700584812      4.30670706
       428        4.1224440863        4.2815085752      615.2882193084        4.1224440863        0.1590644889      4.27394581
       429        4.1375304544        4.2815614957      557.1363133639        4.1375304544        0.1440310413      4.37692935
       430        4.1558319668        4.2816311984      486.6126044463        4.1558319668        0.1257992316      4.09292823
       431        4.1762320993        4.2817133816      408.0193565480        4.1762320993        0.1054812824      3.98885928
       432        4.1974221137        4.2818014479      326.3934690085        4.1974221137        0.0843793343      4.20574323
       433        4.2179981125        4.2818893055      247.1418897983        4.2179981125        0.0638911930      4.20354791
       434        4.2365604811        4.2819702287      175.6525478106        4.2365604811        0.0454097476      4.01827206
       435        4.2518160322        4.2820392244      116.9083948789        4.2518160322        0.0302231921      4.01115574
       436        4.2626677343        4.2820908447       75.1318609883        4.2626677343        0.0194231105      4.10242673
       437        4.2682945825        4.2821214984       53.4848385094        4.2682945825        0.0138269160      4.13991964
       438        4.2682087585        4.2821288777       53.8453642192        4.2682087585        0.0139201192      4.18679297
       439        4.2622901910        4.2821126870       76.6767513901        4.2622901910        0.0198224960      4.21356742
       440        4.2507936757        4.2820742191      120.9984076228        4.2507936757        0.0312805434      4.13071772
       441        4.2343302577        4.2820170167      184.4604110309        4.2343302577        0.0476867590      4.27117527
       442        4.2138194153        4.2819438053      263.5166081975        4.2138194153        0.0681243900      4.10265896
       443        4.1904263364        4.2818608353      353.6840334322        4.1904263364        0.0914344989      4.22142077
       444        4.1654738115        4.2817744212      449.8703360213        4.1654738115        0.1163006097      3.73981285
       445        4.1403454869        4.2816904385      546.7460662558        4.1403454869        0.1413449516      4.07017314
       446        4.1163863290        4.2816158017      639.1354144665        4.1163863290        0.1652294727      4.21798133
       447        4.0948013829        4.2815558172      722.3975895569        4.0948013829        0.1867544343      4.21038533
       448        4.0765673501        4.2815148764      792.7715314056        4.0765673501        0.2049475262      4.14039264
       449        4.0623604106        4.2814974814      847.6590785768        4.0623604106        0.2191370708      4.06196117
       450        4.0524992560        4.2815032163      885.8258682488        4.0524992560        0.2290039603      4.19940745
       451        4.0469257413        4.2815341560      907.5048409704        4.0469257413        0.2346084147      4.07474971
       452        4.0451981608        4.2815875512      914.3939549699        4.0451981608        0.2363893904      4.02451958
       453        4.0465233346        4.2816597108      909.5470847914        4.0465233346        0.2351363761      4.21822681
       454        4.0498110800        4.2817463132      897.1645253557        4.0498110800        0.2319352333      4.31054913
       455        4.0537496472        4.2818412540      882.2967312368        4.0537496472        0.2280916068      4.09547229
       456        4.0569002121        4.2819372785      870.4812548234        4.0569002121        0.2250370664      4.22609756
       457        4.0578033849        4.2820278287      867.3378937454        4.0578033849        0.2242244438      4.17257185
       458        4.0550869228        4.2821066561      878.1505437436        4.0550869228        0.2270197332      4.18244406
       459        4.0475686401        4.2821669547      907.4657720282        4.0475686401        0.2345983145      4.16633554
       460        4.0343511749        4.2822042995      958.7376087005        4.0343511749        0.2478531246      4.27394581
       461        4.0148939330        4.2822156528     1034.0454120568        4.0148939330        0.2673217198      4.05877656
       462        3.9890611042        4.2821990787     1133.9070308956        3.9890611042        0.2931379745      4.07452064
       463        3.9571426317        4.2821551356     1257.2030763795        3.9571426317        0.3250125039      4.30901148
       464        3.9198434052        4.2820872743     1401.2202644949        3.9198434052        0.3622438691      4.06880217
       465        3.8782382799        4.2819987055     1561.8132934003        3.8782382799        0.4037604255      4.15725439
       466        3.8337056258        4.2818960009     1733.6758174626        3.8337056258        0.4481903751      4.18945509
       467        3.7878306534        4.2817860892     1910.7027762534        3.7878306534        0.4939554358      4.20086786
       468        3.7422952317        4.2816769311     2086.4192109613        3.7422952317        0.5393816995      4.06971605
       469        3.6987556983        4.2815755400     2254.4452569951        3.6987556983        0.5828198416      4.17714098
       470        3.6587242428        4.2814902838     2408.9638803160        3.6587242428        0.6227660409      4.18510065
       471        3.6234521660        4.2814269662     2545.1572881671        3.6234521660        0.6579748002      3.74135727
       472        3.5938354249        4.2813907777     2659.5798452083        3.5938354249        0.6875553529      3.81240193
       473        3.5703382975        4.2813827807     2750.4397557421        3.5703382975        0.7110444833      2.63842640
       474        3.5529555998        4.2814058432     2817.7681659491        3.5529555998        0.7284502434      2.59404342
       475        3.5411956018        4.2814587613     2863.4625137254        3.5411956018        0.7402631595      3.53514648
       476        3.5341046975        4.2815385989     2891.2001508005        3.5341046975        0.7474339014      3.80220193
       477        3.5303193849        4.2816381770     2906.2275617655        3.5303193849        0.7513187921      3.67794444
       478        3.5281564797        4.2817533379     2915.0395048434        3.5281564797        0.7535968582      3.44524282
       479        3.5257105351        4.2818747998     2924.9706653617        3.5257105351        0.7561642647      3.73076508
       480        3.5209819254        4.2819955039     2943.7286273987        3.5209819254        0.7610135784      4.06036824
       481        3.5120017825        4.2821081999     2978.9012589797        3.5120017825        0.7701064174      4.12624954
       482        3.4969563710        4.2822049772     3037.4737943927        3.4969563710        0.7852486062      4.18316825
       483        3.4743041304        4.2822808371     3125.3899129717        3.4743041304        0.8079767067      4.03977332
       484        3.4428669494        4.2823309575     3247.1880954899        3.4428669494        0.8394640081      4.12155662
       485        3.4019002585        4.2823529101     3405.7390681600        3.4019002585        0.8804526516      4.14418052
       486        3.3511317051        4.2823482796     3602.1024673716        3.3511317051        0.9312165745      4.20257295
       487        3.2907584776        4.2823162028     3835.5121960825        3.2907584776        0.9915577252      4.11336964
       488        3.2214263101        4.2822616457     4103.4896548967        3.2214263101        1.0608353356      4.25687614
       489        3.1441645717        4.2821900556     4402.0741423788        3.1441645717        1.1380254839      4.08623629
       490        3.0603021835        4.2821079620     4726.1504252904        3.0603021835        1.2218057785      4.26966557
       491        2.9713636631        4.2820213848     5069.8446982732        2.9713636631        1.3106577217      4.11103648
       492        2.8789599998        4.2819377162     5426.9539788245        2.8789599998        1.4029777164      4.17161121
       493        2.7846766367        4.2818632923     5791.3700145579        2.7846766367        1.4971866557      4.23672024
       494        2.6899726824        4.2818004959     6157.4579446087        2.6899726824        1.5918278135      4.17473493
       495        2.5961103640        4.2817537436     6520.3523468303        2.5961103640        1.6856433796      1.89910840
       496        2.5041019225        4.2817234956     6876.1394824425        2.5041019225        1.7776215731      1.96378934
       497        2.4146956414        4.2817044324     7221.9042884398        2.4146956414        1.8670087910      1.91653418
       498        2.3284092485        4.2816936772     7555.6329786173        2.3284092485        1.9532844288      1.96028380
       499        2.2455841841        4.2816841845     7875.9775504801        2.2455841841        2.0361000004      1.98661221
       500        2.1664777784        4.2816662315     8181.9049990716        2.1664777784        2.1151884531      1.92248205
       501        2.0913787506        4.2816323686     8472.2696930238        2.0913787506        2.1902536180      1.91552113
       502        2.0207217694        4.2815751979     8745.3616444667        2.0207217694        2.2608534285      1.92375775
       503        1.9551951473        4.2814881808     8998.4930527041        1.9551951473        2.3262930335      1.92181935
       504        1.8958227643        4.2813676105     9227.6890382194        1.8958227643        2.3855448462      1.96086719
       505        1.8440051557        4.2812166078     9427.5441672942        1.8440051557        2.4372114521      1.98107348
       506        1.8014962716        4.2810403176     9591.2937666735        1.8014962716        2.4795440460      1.94179700
       507        1.7703247846        4.2808483031     9711.1275810651        1.7703247846        2.5105235185      1.98835623
       508        1.7526496993        4.2806533714     9778.7437579249        1.7526496993        2.5280036721      1.93088164
       509        1.7505672100        4.2804743867     9786.1068338573        1.7505672100        2.5299071767      1.89221662
       510        1.7658710852        4.2803268051     9726.3379980939        1.7658710852        2.5144557199      1.95837697
       511        1.7998211887        4.2802290332     9594.6350842852        1.7998211887        2.4804078444      1.95047157
       512        1.8529155458        4.2801889944     9389.1022968714        1.8529155458        2.4272734486      1.94205716
       513        1.9247421397        4.2802168940     9111.3728609527        1.9247421397        2.3554747543      1.95842988
       514        2.0138808495        4.2803115563     8766.9354958242        2.0138808495        2.2664307068      1.86040282
       515        2.1179148230        4.2804688846     8365.1231462254        2.1179148230        2.1625540616      1.79791559
       516        2.2335149327        4.2806790912     7918.7755765717        2.2335149327        2.0471641585      1.95927696
       517        2.3566008409        4.2809298180     7443.6284173994        2.3566008409        1.9243289771      1.97185692
       518        2.4825520269        4.2812060807     6957.4966584919        2.4825520269        1.7986540538      1.92933965
       519        2.6064581201        4.2814917847     6479.3121833460        2.6064581201        1.6750336646      1.93909552
       520        2.7233910770        4.2817663064     6028.0577181663        2.7233910770        1.5583752294      1.94393233
       521        2.8287069184        4.2820129504     5621.6323755354        2.8287069184        1.4533060320      1.95557642
       522        2.9183360981        4.2822103662     5275.6952580893        2.9183360981        1.3638742681      1.82834876
       523        2.9890805590        4.2823434678     5002.5586339249        2.9890805590        1.2932629088      1.69284751
       524        3.0388592081        4.2824001927     4810.2258611432        3.0388592081        1.2435409846      1.89196964
       525        3.0668942840        4.2823732287     4701.6771668605        3.0668942840        1.2154789447      1.94273389
       526        3.0738113828        4.2822628917     4674.4938625328        3.0738113828        1.2084515089      1.96362972
       527        3.0616304066        4.2820737336     4720.8802333426        3.0616304066        1.2204433270      1.92805653
       528        3.0336591499        4.2818212587     4828.1011473539        3.0336591499        1.2481621088      1.93495403
       529        2.9942704000        4.2815231582     4979.3103599674        2.9942704000        1.2872527583      1.99723258
       530        2.9486059731        4.2812023076     5154.7069459238        2.9486059731        1.3325963345      1.97454294
       531        2.9022132019        4.2808834175     5332.9284738714        2.9022132019        1.3786702156      1.99410040
       532        2.8606505720        4.2805915461     5492.5707149004        2.8606505720        1.4199409741      1.97896388
       533        2.8290905655        4.2803499642     5613.7156534648        2.8290905655        1.4512593987      1.97094534
       534        2.8119500893        4.2801774819     5679.3507103157        2.8119500893        1.4682273926      4.16801272
       535        2.8125794843        4.2800886018     5676.5723011761        2.8125794843        1.4675091175      4.14702598
       536        2.8330288940        4.2800921164     5597.4841374305        2.8330288940        1.4470632225      3.99765985
       537        2.8739082772        4.2801873403     5439.7241434431        2.8739082772        1.4062790631      4.15987907
       538        2.9343638346        4.2803709165     5206.5819743126        2.9343638346        1.3460070819      4.08094443
       539        3.0121476669        4.2806290126     4906.6993764411        3.0121476669        1.2684813457      4.13968318
       540        3.1038048560        4.2809452061     4553.3770294259        3.1038048560        1.1771403501      4.27722473
       541        3.2049374346        4.2812973268     4163.5412532229        3.2049374346        1.0763598922      4.24267243
       542        3.3105414627        4.2816600044     3756.4499935007        3.3105414627        0.9711185417      4.15796989
       543        3.4153870185        4.2820086369     3352.2383033965        3.4153870185        0.8666216183      2.89597527
       544        3.5144063187        4.2823191822     2970.4162235707        3.5144063187        0.7679128635      3.65236712
       545        3.6030657495        4.2825697808     2628.4359781897        3.6030657495        0.6795040313      3.38822744
       546        3.6776935702        4.2827447322     2340.4397466094        3.6776935702        0.6050511620      3.44229746
       547        3.7357322554        4.2828344806     2116.2835040364        3.7357322554        0.5471022252      3.74657912
       548        3.7758995407        4.2828342158     1960.9086588021        3.7758995407        0.5069346751      3.94629060
       549        3.7982551691        4.2827489046     1874.1033267912        3.7982551691        0.4844937355      4.16035665
       550        3.8041521460        4.2825858119     1850.6619574465        3.8041521460        0.4784336659      4.20159844
       551        3.7961061860        4.2823620995     1880.9197274993        3.7961061860        0.4862559134      3.78176745
       552        3.7775639401        4.2820945100     1951.6091748522        3.7775639401        0.5045305698      3.16205982
       553        3.7526236010        4.2818053019     2046.9638993791        3.7526236010        0.5291817009      4.03842275
       554        3.7257038325        4.2815169810     2149.9788217215        3.7257038325        0.5558131485      3.06407259
       555        3.7012015816        4.2812510464     2243.7289728854        3.7012015816        0.5800494648      3.57684317
       556        3.6831587919        4.2810254812     2312.6489964442        3.6831587919        0.5978666892      3.43691071
       557        3.6749677708        4.2808572047     2343.6823233733        3.6749677708        0.6058894339      3.32328732
       558        3.6791229885        4.2807569210     2327.2213275537        3.6791229885        0.6016339325      2.80355768
       559        3.6970497283        4.2807308253     2257.7767376715        3.6970497283        0.5836810970      2.83980774
       560        3.7290093558        4.2807782195     2134.3348473906        3.7290093558        0.5517688637      3.70236888
       561        3.7740970594        4.2808959323     1960.3833529994        3.7740970594        0.5067988729      4.10358811
       562        3.8303141820        4.2810726464     1743.6096191507        3.8303141820        0.4507584644      4.16083433
       563        3.8947307520        4.2812955147     1495.2975749339        3.8947307520        0.3865647627      4.18848666
       564        3.9637040444        4.2815469387     1229.4698194568        3.9637040444        0.3178428943      4.22659045
       565        4.0331521708        4.2818069349      961.8384849943        4.0331521708        0.2486547641      4.09709288
       566        4.0988590458        4.2820571479      708.6410981024        4.0988590458        0.1831981022      4.06378319
       567        4.1567813566        4.2822787270      485.4449547173        4.1567813566        0.1254973705      4.27520634
       568        4.2033459517        4.2824544916      306.0051494192        4.2033459517        0.0791085400      4.08623629
       569        4.2357140115        4.2825726752      181.2571992112        4.2357140115        0.0468586637      4.05945856
       570        4.2519852619        4.2826238740      118.5153089916        4.2519852619        0.0306386120      4.28050869
       571        4.2513397242        4.2826032670      120.9326461707        4.2513397242        0.0312635428      4.08071466
       572        4.2341021612        4.2825130426      187.2614383848        4.2341021612        0.0484108814      3.97006864
       573        4.2017191631        4.2823592654      311.9294902363        4.2017191631        0.0806401023      4.26840831
       574        4.1566600808        4.2821529290      485.4274618289        4.1566600808        0.1254928482      4.26690057
       575        4.1022423893        4.2819086562      694.9793645859        4.1022423893        0.1796662669      4.19187814
       576        4.0423964656        4.2816437574      925.4487985565        4.0423964656        0.2392472918      4.16945137
       577        3.9813863423        4.2813776415     1160.4168446662        3.9813863423        0.2999912992      4.16777304
       578        3.9235043571        4.2811297932     1383.3553880263        3.9235043571        0.3576254361      4.26664939
       579        3.8727625108        4.2809176637     1578.8128386185        3.8727625108        0.4081551529      4.10358811
       580        3.8326049923        4.2807572052     1733.5281998980        3.8326049923        0.4481522130      4.17401366
       581        3.8056573366        4.2806610382     1837.3942780432        3.8056573366        0.4750037016      4.15940161
       582        3.7935319822        4.2806362280     1884.2012199735        3.7935319822        0.4871042458      4.20598730
       583        3.7967075295        4.2806851025     1872.1067231207        3.7967075295        0.4839775730      4.16849216
       584        3.8144872751        4.2808056943     1803.7981436462        3.8144872751        0.4663184192      4.15940161
       585        3.8450388015        4.2809901245     1686.3331035542        3.8450388015        0.4359513230      4.18461739
       586        3.8855171488        4.2812257404     1530.6674441557        3.8855171488        0.3957085916      4.30133965
       587        3.9322611525        4.2814964953     1350.9010948859        3.9322611525        0.3492353428      4.28278515
       588        3.9810495181        4.2817841523     1163.2921892446        3.9810495181        0.3007346341      4.08117423
       589        4.0273971210        4.2820670724      985.1062420890        4.0273971210        0.2546699514      4.28303824
       590        4.0668800638        4.2823255383      833.3793629292        4.0668800638        0.2154454746      4.22757659
       591        4.0954542763        4.2825406436      723.6815624042        4.0954542763        0.1870863674      4.03056240
       592        4.1097541695        4.2826958932      668.9676999469        4.1097541695        0.1729417238      4.20916273
       593        4.1073473795        4.2827790454      678.5992153984        4.1073473795        0.1754316660      4.25737624
       594        4.0869257977        4.2827832510      757.6095991300        4.0869257977        0.1958574533      4.13637559
       595        4.0484159354        4.2827053591      906.2709301912        4.0484159354        0.2342894237      4.17305234
       596        3.9930080832        4.2825504019     1119.9984289744        3.9930080832        0.2895423187      4.29369509
       597        3.9230860938        4.2823274881     1389.6061864007        3.9230860938        0.3592413943      4.15677754
       598        3.8420757888        4.2820518649     1701.9015260104        3.8420757888        0.4399760761      3.85088854
       599        3.7542092137        4.2817405286     2040.5799288744        3.7542092137        0.5275313150      4.11196943
       600        3.6642348738        4.2814156524     2387.3591454465        3.6642348738        0.6171807786      4.05537003
       601        3.5770789571        4.2811000806     2723.2722175767        3.5770789571        0.7040211234      4.03011416
       602        3.4974929227        4.2808161958     3030.0262816859        3.4974929227        0.7833232730      4.22215852
       603        3.4297063990        4.2805815129     3291.3281736497        3.4297063990        0.8508751139      4.16681460
       604        3.3771245744        4.2804150194     3494.0794975317        3.3771245744        0.9032904450      4.15463302
       605        3.3420652635        4.2803267048     3629.3531981758        3.3420652635        0.9382614413      4.04450743
       606        3.3255877627        4.2803237297     3693.0794368553        3.3255877627        0.9547359670      3.80319951
       607        3.3273972876        4.2804037847     3686.3895559082        3.3273972876        0.9530064970      3.22380452
       608        3.3458603123        4.2805641192     3615.5916695699        3.3458603123        0.9347038069      3.87145842
       609        3.3780935848        4.2807891495     3491.7784004316        3.3780935848        0.9026955647      4.17497541
       610        3.4201686546        4.2810654489     3330.0937201075        3.4201686546        0.8608967942      4.15892426
       611        3.4673671450        4.2813726778     3148.7104272359        3.4673671450        0.8140055328      4.19260561
       612        3.5145047708        4.2816873452     2967.5913420486        3.5145047708        0.7671825743      3.95727945
       613        3.5562901341        4.2819882700     2807.1225506135        3.5562901341        0.7256981359      4.20891830
       614        3.5876823135        4.2822531823     2686.7170418670        3.5876823135        0.6945708688      4.10568023
       615        3.6042383528        4.2824636278     2623.4895335354        3.6042383528        0.6782252750      4.17858594
       616        3.6024124612        4.2826048382     2631.0986148342        3.6024124612        0.6801923769      4.24242409
       617        3.5797923342        4.2826678599     2718.8408525044        3.5797923342        0.7028755257      4.01404370
       618        3.5352507985        4.2826493780     2891.0635193932        3.5352507985        0.7473985794      3.63715427
       619        3.4690043685        4.2825521553     3146.9397885767        3.4690043685        0.8135477868      3.94092617
       620        3.3825726899        4.2823845022     3480.6235607481        3.3825726899        0.8998118123      3.95576755
       621        3.2786453499        4.2821623391     3881.7726425102        3.2786453499        1.0035169893      4.17569702
       622        3.1608540821        4.2819016494     4336.4007030713        3.1608540821        1.1210475673      3.96550709
       623        3.0334924092        4.2816262631     4827.9918527087        3.0334924092        1.2481338539      3.98754254
       624        2.9011720749        4.2813574710     5338.7894472409        2.9011720749        1.3801853961      1.93288991
       625        2.7684751317        4.2811172137     5851.1542055770        2.7684751317        1.5126420821      1.96885725
       626        2.6396117026        4.2809253233     6348.8773771742        2.6396117026        1.6413136207      1.92472841
       627        2.5181163308        4.2807941509     6818.3345303630        2.5181163308        1.7626778201      1.95779506
       628        2.4066248191        4.2807351799     7249.3743559268        2.4066248191        1.8741103608      1.85616240
       629        2.3067225702        4.2807462510     7635.8558963954        2.3067225702        1.9740236807      1.97046308
       630        2.2189231585        4.2808229680     7975.7755550761        2.2189231585        2.0618998095      1.70407160
       631        2.1427408404        4.2809521509     8270.9612870084        2.1427408404        2.1382113105      1.91917313
       632        2.0768768716        4.2811123086     8526.3537225202        2.0768768716        2.2042354370      1.95779506
       633        2.0195034832        4.2812815022     8748.9381161928        2.0195034832        2.2617780190      1.92289009
       634        1.9685977685        4.2814325401     8946.4342298765        1.9685977685        2.3128347716      1.90605058
       635        1.9223148148        4.2815417476     9125.8869188925        1.9223148148        2.3592269328      1.70135148
       636        1.8793335867        4.2815875447     9292.3226956073        1.8793335867        2.4022539580      1.92125896
       637        1.8391502349        4.2815573102     9447.6417123776        1.8391502349        2.4424070753      1.91304369
       638        1.8022634529        4.2814462950     9589.8965690207        1.8022634529        2.4791828421      1.91957976
       639        1.7702353850        4.2812609274     9713.0694938408        1.7702353850        2.5110255423      1.98759285
       640        1.7456040670        4.2810162979     9807.4013103408        1.7456040670        2.5354122309      1.91092526
       641        1.7316609491        4.2807375988     9860.2575827222        1.7316609491        2.5490766498      1.99130624
       642        1.7321017515        4.2804523521     9857.4491022775        1.7321017515        2.5483506006      2.00114786
       643        1.7506073465        4.2801936265     9784.8655516935        1.7506073465        2.5295862800      1.96939224
       644        1.7903787686        4.2799914718     9630.2410272555        1.7903787686        2.4896127031      1.98851989
       645        1.8536980029        4.2798729353     9384.8530515190        1.8536980029        2.4261749325      1.93754038
       646        1.9415508236        4.2798575704     9044.9641180986        1.9415508236        2.3383067469      1.95078656
       647        2.0533574430        4.2799527080     8612.8453012987        2.0533574430        2.2265952650      1.97561939
       648        2.1868495129        4.2801579454     8097.2693961878        2.1868495129        2.0933084325      1.97465053
       649        2.3380924815        4.2804637275     7513.4189503806        2.3380924815        1.9423712459      1.99240105
       650        2.5016605900        4.2808523312     6882.2131572171        2.5016605900        1.7791917412      1.97191057
       651        2.6709433088        4.2812944018     6229.1091078481        2.6709433088        1.6103510930      1.63167953
       652        2.8385751910        4.2817579233     5582.4737483744        2.8385751910        1.4431827323      1.35449313
       653        2.9969369608        4.2822101337     4971.6529906641        2.9969369608        1.2852731729      1.29804379
       654        3.1386930301        4.2826157037     4424.8854648691        3.1386930301        1.1439226736      1.83729398
       655        3.2573346029        4.2829419570     3967.2218922911        3.2573346029        1.0256073541      1.95610421
       656        3.3476767698        4.2831622684     3618.6153846081        3.3476767698        0.9354854986      1.51423979
       657        3.4062701228        4.2832588906     3392.3401825268        3.4062701228        0.8769887678      1.56030168
       658        3.4316864382        4.2832197284     3293.8741103294        3.4316864382        0.8515332902      1.77872170
       659        3.4246719488        4.2830483860     3320.3445548566        3.4246719488        0.8583764372      1.93386982
       660        3.3881198841        4.2827529535     3460.5913114659        3.3881198841        0.8946330694      1.99190824
       661        3.3269033665        4.2823551601     3695.8483745976        3.3269033665        0.9554517936      1.94638594
       662        3.2475437082        4.2818824422     4000.9963393890        3.2475437082        1.0343387339      1.83403950
       663        3.1577644670        4.2813689645     4346.2913394437        3.1577644670        1.1236044975      1.38888497
       664        3.0659506306        4.2808513685     4699.4405657312        3.0659506306        1.2149007379      1.48540924
       665        2.9805613722        4.2803675665     5027.8691636835        2.9805613722        1.2998061943      1.84121464
       666        2.9095337878        4.2799526506     5301.0108521709        2.9095337878        1.3704188628      4.09038733
       667        2.8597247204        4.2796356336     5492.4544342914        2.8597247204        1.4199109132      2.48875672
       668        2.8364349961        4.2794410813     5581.7904475287        2.8364349961        1.4430060852      2.47820465
       669        2.8430362479        4.2793813957     5556.0248201588        2.8430362479        1.4363451478      2.41801472
       670        2.8807487605        4.2794620474     5410.4584476422        2.8807487605        1.3987132869      3.34645734
       671        2.9485648375        4.2796781050     5148.9701931016        2.9485648375        1.3311132675      4.16777304
       672        3.0433322453        4.2800115006     4783.6835370850        3.0433322453        1.2366792553      4.26815695
       673        3.1600045551        4.2804424217     4334.0422781170        3.1600045551        1.1204378666      4.12601464
       674        3.2920025133        4.2809364120     3825.3627936572        3.2920025133        0.9889338988      4.17065100
       675        3.4317114218        4.2814597376     3286.9695286902        3.4317114218        0.8497483158      4.26138130
       676        3.5710295081        4.2819736757     2750.0517175764        3.5710295081        0.7109441675      4.19260561
       677        3.7019616209        4.2824432107     2245.4005051644        3.7019616209        0.5804815898      4.06378319
       678        3.8171881690        4.2828337385     1801.1954477697        3.8171881690        0.4656455695      4.22117491
       679        3.9105902369        4.2831194285     1441.0056232068        3.9105902369        0.3725291916      4.23746335
       680        3.9776701700        4.2832808044     1182.1533791479        3.9776701700        0.3056106344      4.30312730
       681        4.0158553630        4.2833098633     1034.5590292758        4.0158553630        0.2674545003      4.17786333
       682        4.0246478036        4.2832057345     1000.1456011865        4.0246478036        0.2585579309      4.15582415
       683        4.0056279141        4.2829781906     1072.8375575319        4.0056279141        0.2773502765      4.16155105
       684        3.9623031124        4.2826462140     1239.1410420952        3.9623031124        0.3203431016      4.09408423
       685        3.8998206069        4.2822367281     1479.2499310884        3.8998206069        0.3824161212      4.21601845
       686        3.8245643045        4.2817795183     1768.5854128270        3.8245643045        0.4572152138      4.24490882
       687        3.7436766095        4.2813081152     2079.6491667350        3.7436766095        0.5376315057      4.14039264
       688        3.6645307706        4.2808566983     2384.0524380206        3.6645307706        0.6163259277      2.82101717
       689        3.5941961591        4.2804577738     2654.5754482235        3.5941961591        0.6862616147      3.03456595
       690        3.5389306879        4.2801376631     2867.1133517235        3.5389306879        0.7412069752      4.02094719
       691        3.5037439336        4.2799189443     3002.3755998055        3.5037439336        0.7761750108      4.17569702
       692        3.4920468621        4.2798161586     3047.2242488319        3.4920468621        0.7877692965      4.13944675
       693        3.5054216867        4.2798353608     2995.5624533336        3.5054216867        0.7744136741      3.97028612
       694        3.5435226244        4.2799734228     2848.7156592288        3.5435226244        0.7364507984      4.31954068
       695        3.6041163961        4.2802201171     2615.2830055114        3.6041163961        0.6761037210      4.25537653
       696        3.6832527374        4.2805568859     2310.4729943322        3.6832527374        0.5973041485      4.08163390
       697        3.7755583967        4.2809586227     1954.9731512604        3.7755583967        0.5054002260      4.11407011
       698        3.8746306865        4.2813957409     1573.4357039679        3.8746306865        0.4067650545      4.30466075
       699        3.9735029892        4.2818370287     1192.6879681639        3.9735029892        0.3083340394      4.28455741
       700        4.0651461137        4.2822502183      839.7952229362        4.0651461137        0.2171041046      4.29420388
       701        4.1429761229        4.2826065545      540.1140143992        4.1429761229        0.1396304316      4.23572983
       702        4.2013236563        4.2828801639      315.4743003736        4.2013236563        0.0815565076      4.04970515
       703        4.2358408759        4.2830517480      182.6196006948        4.2358408759        0.0472108721      4.25837680
       704        4.2438092982        4.2831085207      152.0160079206        4.2438092982        0.0392992225      4.29013692
       705        4.2243339106        4.2830476965      227.1148075694        4.2243339106        0.0587137859      4.24714756
       706        4.1784008299        4.2828744171      404.1214217555        4.1784008299        0.1044735871      4.12015082
       707        4.1087998565        4.2825998560      672.2876546377        4.1087998565        0.1737999994      4.26238374
       708        4.0199243551        4.2822467457     1014.7071649690        4.0199243551        0.2623223906      4.26163186
       709        3.9174407322        4.2818402012     1409.5584876453        3.9174407322        0.3643994690      4.23820672
       710        3.8078753162        4.2814090220     1831.7080869337        3.8078753162        0.4735337058      4.27218232
       711        3.6981393515        4.2809888596     2254.5600119341        3.6981393515        0.5828495081      4.24988701
       712        3.5950076742        4.2806088628     2652.0208090161        3.5950076742        0.6856011886      4.34231461
       713        3.5046246037        4.2802990505     3000.4393342770        3.5046246037        0.7756744468      4.29725917
       714        3.4320388581        4.2800841103     3280.3817918831        3.4320388581        0.8480452521      4.25337870
       715        3.3808178159        4.2799805327     3478.1127501547        3.3808178159        0.8991627168      4.17738174
       716        3.3527725542        4.2800000453     3586.6720214966        3.3527725542        0.9272274911      4.29776880
       717        3.3477981603        4.2801423125     3606.4641278982        3.3477981603        0.9323441522      4.11150290
       718        3.3638657212        4.2804001869     3545.3095993710        3.3638657212        0.9165344658      4.18679297
       719        3.3971487261        4.2807564875     3417.9435640357        3.3971487261        0.8836077614      4.22314259
       720        3.4422910052        4.2811854487     3244.9849239186        3.4422910052        0.8388944436      4.30031880
       721        3.4927990632        4.2816573537     3051.4366610021        3.4927990632        0.7888582905      4.21209816
       722        3.5415233783        4.2821356251     2864.8128426224        3.5415233783        0.7406122469      4.12507531
       723        3.5812133603        4.2825837402     2713.0186954822        3.5812133603        0.7013703799      3.90420023
       724        3.6050894145        4.2829645074     2622.1349701212        3.6050894145        0.6778750929      4.05537003
       725        3.6074021884        4.2832451550     2614.2743632627        3.6074021884        0.6758429665      4.18872872
       726        3.5839261651        4.2834001574     2705.6831491458        3.5839261651        0.6994739924      4.00672083
       727        3.5323457106        4.2834125113     2905.2528167003        3.5323457106        0.7510668007      4.19916414
       728        3.4525005411        4.2832765735     3213.5815427538        3.4525005411        0.8307760324      3.85970674
       729        3.3464633077        4.2830006433     3622.6840671670        3.3464633077        0.9365373356      4.08485448
       730        3.2184287587        4.2826000512     4116.3936978672        3.2184287587        1.0641712925      4.20427943
       731        3.0744416688        4.2821028033     4671.4365611805        3.0744416688        1.2076611345      4.19381860
       732        2.9219623851        4.2815451518     5259.0950084116        2.9219623851        1.3595827667      4.16394192
       733        2.7693164964        4.2809679133     5847.3221461028        2.7693164964        1.5116514169      4.14821275
       734        2.6250733867        4.2804120951     6403.1287770643        2.6250733867        1.6553387084      4.26413915
       735        2.4974079161        4.2799162557     6895.0423181814        2.4974079161        1.7825083397      4.21111923
       736        2.3934976469        4.2795155500     7295.4347341387        2.3934976469        1.8860179031      4.15487119
       737        2.3189964305        4.2792349242     7582.5324724122        2.3189964305        1.9602384937      1.91329619
       738        2.2776380096        4.2790897981     7741.9524345609        2.2776380096        2.0014517885      1.98307905
       739        2.2709904578        4.2790858445     7767.6509902873        2.2709904578        2.0080953866      1.87799790
       740        2.2983745724        4.2792155858     7662.2264867109        2.2983745724        1.9808410134      1.96378934
       741        2.3569575760        4.2794632233     7436.5754707732        2.3569575760        1.9225056473      1.97874776
       742        2.4419936197        4.2798059185     7108.9673418285        2.4419936197        1.8378122988      1.99059525
       743        2.5471809119        4.2802149584     6703.6674240904        2.5471809119        1.7330340465      1.81116958
       744        2.6650928963        4.2806625304     6249.2953034505        2.6650928963        1.6155696341      2.02496572
       745        2.7876166571        4.2811247781     5777.1408232195        2.7876166571        1.4935081210      2.01741282
       746        2.9063490666        4.2815861475     5319.6485305968        2.9063490666        1.3752370808      1.95731921
       747        3.0129053573        4.2820314144     4909.1932282932        3.0129053573        1.2691260570      2.00629960
       748        3.0991825940        4.2824517312     4577.0842096741        3.0991825940        1.1832691372      1.99431988
       749        3.1576202871        4.2828263470     4352.4864523015        3.1576202871        1.1252060599      2.01444101
       750        3.1816228553        4.2831148687     4260.7565286605        3.1816228553        1.1014920134      1.99464919
       751        3.1662476948        4.2832548501     4320.7717091949        3.1662476948        1.1170071553      1.92975060
       752        3.1091486538        4.2831811088     4541.3551678213        3.1091486538        1.1740324550      2.01763747
       753        3.0115169959        4.2828542309     4917.7464368296        3.0115169959        1.2713372350      2.00031941
       754        2.8786013562        4.2822888975     5429.6997007871        2.8786013562        1.4036875413      1.99728762
       755        2.7194336231        4.2815613395     6042.5729693729        2.7194336231        1.5621277164      2.00264080
       756        2.5456983286        4.2807820110     6711.5957606373        2.5456983286        1.7350836824      1.97148147
       757        2.3700910665        4.2800610677     7388.0854813528        2.3700910665        1.9099700012      1.98797447
       758        2.2046735771        4.2794764323     8025.6867082119        2.2046735771        2.0748028553      1.95874745
       759        2.0596492435        4.2790670549     8585.0817021903        2.0596492435        2.2194178113      1.95811242
       760        1.9426926228        4.2788364251     9036.5974844972        1.9426926228        2.3361438023      2.00924743
       761        1.8587700271        4.2787776345     9360.9968000172        1.8587700271        2.4200076074      1.99399068
       762        1.8102317597        4.2788696504     9549.1069218004        1.8102317597        2.4686378907      1.93826580
       763        1.7970672937        4.2790880574     9600.8741272341        1.7970672937        2.4820207636      1.81716367
       764        1.8172200061        4.2794150159     9524.1847741454        1.8172200061        2.4621950098      1.96794844
       765        1.8669061309        4.2798223871     9333.5662598341        1.8669061309        2.4129162562      1.64340785
       766        1.9409989557        4.2802872423     9048.7608792351        1.9409989557        2.3392882866      1.79662312
       767        2.0334240287        4.2807775987     8693.1419192456        2.0334240287        2.2473535700      1.80579961
       768        2.1376194653        4.2812633226     8291.9752925514        2.1376194653        2.1436438573      1.95631540
       769        2.2470057064        4.2817118717     7870.5859619172        2.2470057064        2.0347061653      1.97137422
       770        2.3554621001        4.2820944560     7452.5382743644        2.3554621001        1.9266323559      1.73051844
       771        2.4577581300        4.2823868598     7057.9710773768        2.4577581300        1.8246287297      2.37724918
       772        2.5499093282        4.2825731040     6702.2351547975        2.5499093282        1.7326637759      2.47795046
       773        2.6294179146        4.2826453563     6394.9620419881        2.6294179146        1.6532274416      4.64331944
       774        2.6953820636        4.2826069619     6139.6530936360        2.6953820636        1.5872248983      4.71521522
       775        2.7484573996        4.2824710205     5933.8229153991        2.7484573996        1.5340136209      4.73802531
       776        2.7906795361        4.2822566250     5769.6712659733        2.7906795361        1.4915770889      4.70969999
       777        2.8251762002        4.2819904205     5635.2026385992        2.8251762002        1.4568142203      4.71920648
       778        2.8557883143        4.2817009582     5515.6701389703        2.8557883143        1.4259126439      4.61817084
       779        2.8866501600        4.2814176472     5395.1954304175        2.8866501600        1.3947674873      4.71920648
       780        2.9217612030        4.2811669121     5258.4101196069        2.9217612030        1.3594057091      4.74205529
       781        2.9645917844        4.2809703374     5091.9738367936        2.9645917844        1.3163785530      4.40111569
       782        3.0177551326        4.2808455833     4885.8464872237        3.0177551326        1.2630904508      4.73740592
       783        3.0827603188        4.2808007342     4634.2220002626        3.0827603188        1.1980404154      4.73122091
       784        3.1598789507        4.2808397176     4336.0649442014        3.1598789507        1.1209607668      4.72751765
       785        3.2481098582        4.2809568232     3995.2259259200        3.2481098582        1.0328469650      4.76700691
       786        3.3452601900        4.2811410438     3620.1446847813        3.3452601900        0.9358808538      4.59038401
       787        3.4481193399        4.2813766722     3223.1796286798        3.4481193399        0.8332573323      4.73091208
       788        3.5527125576        4.2816435297     2819.6277050959        3.5527125576        0.7289309720      4.75169299
       789        3.6546153788        4.2819195279     2426.5180463846        3.6546153788        0.6273041490      4.72751765
       790        3.7492994975        4.2821811672     2061.2760013830        3.7492994975        0.5328816696      4.73122091
       791        3.8324897588        4.2824082975     1740.3606452288        3.8324897588        0.4499185387      4.76074442
       792        3.9004959080        4.2825831819     1477.9778946266        3.9004959080        0.3820872739      4.76857511
       793        3.9505006431        4.2826898453     1284.9637536127        3.9505006431        0.3321892022      4.43694969
       794        3.9807902347        4.2827208964     1167.9186255824        3.9807902347        0.3019306618      4.73957449
       795        3.9908908689        4.2826708872     1128.6542278375        3.9908908689        0.2917800183      4.72351233
       796        3.9816279363        4.2825434105     1163.9917089841        3.9816279363        0.3009154742      4.71031215
       797        3.9550796000        4.2823466764     1265.9241426408        3.9550796000        0.3272670765      4.72536009
       798        3.9144444472        4.2820940049     1422.1303778804        3.9144444472        0.3676495577      4.69931746
       799        3.8638272066        4.2818034175     1616.8023442012        3.8638272066        0.4179762109      4.69657680
       800        3.8079560207        4.2814942857     1831.7257223002        3.8079560207        0.4735382649      4.74547064
       801        3.7518591837        4.2811888182     2047.5361314511        3.7518591837        0.5293296345      4.75200453
       802        3.7005154237        4.2809091713     2245.0607170271        3.7005154237        0.5803937476      4.75387466
       803        3.6585068399        4.2806745006     2406.6492447944        3.6585068399        0.6221676607      4.69901278
       804        3.6297028421        4.2805017752     2517.3998261611        3.6297028421        0.6507989331      4.10196237
       805        3.6169909904        4.2804037204     2566.1921157695        3.6169909904        0.6634127300      4.69718556
       806        3.6220762113        4.2803864304     2546.4547448110        3.6220762113        0.6583102191      4.70480838
       807        3.6453684983        4.2804527786     2456.6129038075        3.6453684983        0.6350842803      4.74671381
       808        3.6859524531        4.2805968987     2300.1848156880        3.6859524531        0.5946444456      4.72351233
       809        3.7416604522        4.2808099388     2085.5209725329        3.7416604522        0.5391494866      4.73864486
       810        3.8092236189        4.2810762513     1825.2054116870        3.8092236189        0.4718526323      4.77108637
       811        3.8845076318        4.2813782190     1535.1622390044        3.8845076318        0.3968705872      4.73616762
       812        3.9628019473        4.2816948257     1233.5313346387        3.9628019473        0.3188928784      4.74236558
       813        4.0391517014        4.2820038888      939.3931415087        4.0391517014        0.2428521874      4.72135842
       814        4.1087053545        4.2822843298      671.4326962309        4.1087053545        0.1735789753      4.75325112
       815        4.1670521314        4.2825167792      446.6366943191        4.1670521314        0.1154646477      4.74702470
       816        4.2105293138        4.2826860480      279.1143941545        4.2105293138        0.0721567341      4.73152978
       817        4.2364726930        4.2827798413      179.1238447613        4.2364726930        0.0463071483      4.74267590
       818        4.2434018239        4.2827925647      152.3700163647        4.2434018239        0.0393907408      4.75262775
       819        4.2311175378        4.2827239126      199.6221449815        4.2311175378        0.0516063748      4.70389234
       820        4.2007108997        4.2825778989      316.6753342226        4.2007108997        0.0818669992      4.74205529
       821        4.1544866673        4.2823657326      494.6577513465        4.1544866673        0.1278790653      4.70206132
       822        4.0957968775        4.2821024054      720.6611438601        4.0957968775        0.1863055279      4.72228128
       823        4.0288044775        4.2818054665      978.6504145718        4.0288044775        0.2530009890      4.75387466
       824        3.9581932876        4.2814959169     1250.5889933822        3.9581932876        0.3233026292      4.75138148
       825        3.8888388781        4.2811956302     1517.7019646656        3.8888388781        0.3923567520      4.74889091
       826        3.8254663920        4.2809246855     1761.7893494766        3.8254663920        0.4554582935      4.72289672
       827        3.7723225163        4.2807022284     1966.4983050834        3.7723225163        0.5083797121      4.74174505
       828        3.7328771639        4.2805435097     2118.4656174203        3.7328771639        0.5476663458      4.75169299
       829        3.7095811477        4.2804587506     2208.2506674111        3.7095811477        0.5708776029      4.76888887
       830        3.7036967781        4.2804538584     2230.9934757431        3.7036967781        0.5767570803      4.72844292
       831        3.7152099099        4.2805295592     2186.7515674314        3.7152099099        0.5653196494      4.74205529
       832        3.7428296022        4.2806789766     2080.4919195652        3.7428296022        0.5378493744      4.63263491
       833        3.7840837828        4.2808921810     1921.7385150090        3.7840837828        0.4968083982      4.77297156
       834        3.8354896462        4.2811528727     1723.9003814961        3.8354896462        0.4456632266      4.73833506
       835        3.8928033248        4.2814440270     1503.3276582372        3.8928033248        0.3886407022      4.72628452
       836        3.9513129167        4.2817438713     1278.1625560451        3.9513129167        0.3304309547      4.74050449
       837        4.0061733665        4.2820317596     1067.0667016375        4.0061733665        0.2758583932      4.71828482
       838        4.0527422980        4.2822864021      887.9152352847        4.0527422980        0.2295441041      4.74453870
       839        4.0869076569        4.2824913141      756.5505097395        4.0869076569        0.1955836572      4.74671381
       840        4.1053679783        4.2826312545      685.6841922267        4.1053679783        0.1772632762      4.78526166
       841        4.1058630162        4.2826976647      684.0261881952        4.1058630162        0.1768346485      4.73678669
       842        4.0873216937        4.2826862255      755.7028961822        4.0873216937        0.1953645319      4.52108871
       843        4.0499283830        4.2825984526      900.0069956677        4.0499283830        0.2326700695      4.71828482
       844        3.9950975482        4.2824422018     1111.4974906181        3.9950975482        0.2873446536      4.61170610
       845        3.9253564251        4.2822291994     1380.4439656161        3.9253564251        0.3568727743      4.61758239
       846        3.8441510243        4.2819769699     1693.5844594175        3.8441510243        0.4378259456      4.77643160
       847        3.7555792302        4.2817051889     2035.1437739229        3.7555792302        0.5261259586      4.75387466
       848        3.6640785707        4.2814353583     2388.0399777475        3.6640785707        0.6173567876      4.47364812
       849        3.5740848707        4.2811876556     2735.1926028713        3.5740848707        0.7071027849      4.49361852
       850        3.4896956819        4.2809842802     3060.8375006268        3.4896956819        0.7912885983      4.69718556
       851        3.4143461661        4.2808418897     3351.7513212056        3.4143461661        0.8664957236      4.75418650
       852        3.3505406508        4.2807724225     3598.2930843885        3.3505406508        0.9302317717      4.73740592
       853        3.2996524405        4.2807837256     3795.1809706011        3.2996524405        0.9811312851      4.70939396
       854        3.2618059074        4.2808771822     3941.9392371371        3.2618059074        1.0190712747      4.78399823
       855        3.2358568349        4.2810470532     4042.9717073855        3.2358568349        1.0451902183      4.76011908
       856        3.2194751633        4.2812809693     4107.2435979608        3.2194751633        1.0618058060      4.76669340
       857        3.2093283962        4.2815623546     4147.5814469273        3.2093283962        1.0722339585      4.78431402
       858        3.2013465884        4.2818657926     4179.6301723130        3.2013465884        1.0805192042      4.77958145
       859        3.1910740410        4.2821679965     4220.5350904472        3.1910740410        1.0910939555      4.74795762
       860        3.1740492080        4.2824403329     4287.4434531217        3.1740492080        1.1083911249      4.77171460
       861        3.1462171536        4.2826573738     4395.9420755722        3.1462171536        1.1364402202      4.76543975
       862        3.1043165611        4.2827973090     4558.5619136458        3.1043165611        1.1784807479      4.74951331
       863        3.0462116243        4.2828394699     4783.4846758279        3.0462116243        1.2366278456      4.75824403
       864        2.9711540864        4.2827766327     5073.5768025496        2.9711540864        1.3116225463      4.74764661
       865        2.8799134607        4.2826064039     5425.8524282529        2.8799134607        1.4026929432      4.77265726
       866        2.7747950226        4.2823378797     5831.4295451456        2.7747950226        1.5075428571      4.74360712
       867        2.6595135246        4.2819857566     6275.9957138871        2.6595135246        1.6224722320      4.75730706
       868        2.5389536015        4.2815737299     6740.7480021184        2.5389536015        1.7426201283      4.78241987
       869        2.4188214116        4.2811298889     7203.7226839274        2.4188214116        1.8623084773      4.76794771
       870        2.3052300187        4.2806846279     7641.3909684568        2.3052300187        1.9754546092      2.36545604
       871        2.2042517091        4.2802657889     8030.3719286263        2.2042517091        2.0760140798      2.52508703
       872        2.1214852017        4.2798985120     8349.1060229759        2.1214852017        2.1584133103      2.52993483
       873        2.0616700685        4.2796043801     8579.3432756536        2.0616700685        2.2179343116      2.44460244
       874        2.0283757094        4.2793969201     8707.3289709848        2.0283757094        2.2510212107      2.44336625
       875        2.0237896231        4.2792796559     8724.6151271562        2.0237896231        2.2554900328      2.52693582
       876        2.0486166012        4.2792554345     8628.4865039401        2.0486166012        2.2306388333      2.53090663
       877        2.1020470348        4.2793212802     8422.0632946838        2.1020470348        2.1772742453      2.52359238
       878        2.1817852289        4.2794750342     8114.2172837767        2.1817852289        2.0976898053      2.49716004
       879        2.2840769969        4.2797216868     7719.4895994065        2.2840769969        1.9956446899      2.50874258
       880        2.4036769233        4.2800650605     7258.1851784268        2.4036769233        1.8763881372      2.53011147
       881        2.5337809835        4.2805189668     6756.6765582609        2.5337809835        1.7467379833      2.50666020
       882        2.6659427925        4.2810842368     6247.6389931155        2.6659427925        1.6151414443      2.50596685
       883        2.7901965544        4.2817330147     5769.5141077757        2.7901965544        1.4915364603      1.79938859
       884        2.8956304042        4.2823873993     5364.2094982172        2.8956304042        1.3867569951      2.21766028
       885        2.9716306349        4.2829268840     5072.3146300475        2.9716306349        1.3112962491      2.46933914
reaction occured at step 885 between IDs 1 and 2
       886        2.7688456773        4.1908722242     5500.6380616149        2.7688456773        1.4220265469      0.84505198
       887        2.6415995159        4.1902182094     5990.3177948922        2.6415995159        1.5486186935      1.56738767
       888        2.5014794702        4.1895665385     6529.8049459544        2.5014794702        1.6880870683      2.26414586
       889        2.3595776155        4.1890018104     7076.5207438443        2.3595776155        1.8294241949      2.26981846
       890        2.2259362603        4.1885668924     7591.7856663930        2.2259362603        1.9626306321      2.26967629
       891        2.1088038635        4.1882713802     8043.7304037329        2.1088038635        2.0794675167      2.29373926
       892        2.0143782157        4.1881030485     8408.3335697892        2.0143782157        2.1737248329      1.70543492
       893        1.9468571046        4.1880552426     8669.3316722156        1.9468571046        2.2411981380      1.95031411
       894        1.9085609934        4.1881113794     8817.6846235634        1.9085609934        2.2795503860      2.38428756
       895        1.9001044343        4.1882625865     8850.9809121970        1.9001044343        2.2881581522      2.46656592
       896        1.9205323436        4.1885006133     8772.8830480308        1.9205323436        2.2679682697      2.47228725
       897        1.9674632826        4.1888115200     8592.5489152536        1.9674632826        2.2213482374      2.49166574
       898        2.0372797624        4.1891818085     8323.9193568860        2.0372797624        2.1519020461      2.47051754
       899        2.1253623411        4.1895921630     7984.7884351829        2.1253623411        2.0642298219      2.49063825
       900        2.2263938649        4.1900184548     7595.6304625474        2.2263938649        1.9636245899      2.48739011
       901        2.3347184644        4.1904338130     7178.2193519141        2.3347184644        1.8557153485      2.49235121
       902        2.4447337522        4.1908123866     6754.1260856818        2.4447337522        1.7460786344      2.43540232
       903        2.5512822550        4.1911316357     6343.2134502738        2.5512822550        1.6398493807      2.08203077
       904        2.6500052180        4.1913706777     5962.2610654066        2.6500052180        1.5413654597      2.77224499
       905        2.7376386584        4.1915177646     5623.8491232042        2.7376386584        1.4538791062      3.33276190
       906        2.8122053513        4.1915678015     5335.6061537463        2.8122053513        1.3793624502      3.41569222
       907        2.8730980095        4.1915229254     5099.8895129677        2.8730980095        1.3184249159      3.76663409
       908        2.9210456050        4.1913942692     4913.9224782391        2.9210456050        1.2703486641      4.07933659
       909        2.9579629192        4.1911989407     4770.3645292659        2.9579629192        1.2332360215      2.84259219
       910        2.9867066156        4.1909585541     4658.2492171820        2.9867066156        1.2042519385      3.19101718
       911        3.0107595974        4.1906957327     4564.1915967712        3.0107595974        1.1799361352      3.63041340
       912        3.0338830456        4.1904376168     4473.7477713135        3.0338830456        1.1565545712      4.15916292
       913        3.0597477698        4.1902060555     4372.8029460232        3.0597477698        1.1304582857      4.14678871
       914        3.0915993589        4.1900186226     4248.8706153063        3.0915993589        1.0984192636      3.08375838
       915        3.1319746137        4.1898916883     4092.2013298704        3.1319746137        1.0579170745      3.81240193
       916        3.1824771894        4.1898328502     3896.6212700277        3.1824771894        1.0073556607      2.97027061
       917        3.2436495084        4.1898459335     3660.0470513954        3.2436495084        0.9461964251      2.29475599
       918        3.3149272331        4.1899280743     3384.6505479198        3.3149272331        0.8750008412      2.82883467
       919        3.3946883013        4.1900710587     3076.6743972114        3.3946883013        0.7953827574      2.61434813
       920        3.4803839397        4.1902610329     2745.9240945741        3.4803839397        0.7098770932      3.51610989
       921        3.5687453897        4.1904827013     2404.9845823065        3.5687453897        0.6217373117      4.35824252
       922        3.6560373616        4.1907160054     2068.2270000022        3.6560373616        0.5346786438      4.31516868
       923        3.7383559920        4.1909433790     1750.6841995493        3.7383559920        0.4525873870      3.91220842
       924        3.8119275286        4.1911459860     1466.8808292801        3.8119275286        0.3792184574      3.98622666
       925        3.8734031176        4.1913068246     1229.7050534305        3.8734031176        0.3179037070      4.51939721
       926        3.9201202676        4.1914126299     1049.4045255071        3.9201202676        0.2712923623      4.36927738
       927        3.9503119280        4.1914542441      932.7790715363        3.9503119280        0.2411423161      4.00716388
       928        3.9632497307        4.1914268616      882.6275527528        3.9632497307        0.2281771309      4.00672083
       929        3.9593123702        4.1913311756      897.4877964741        3.9593123702        0.2320188054      4.04721762
       930        3.9399731323        4.1911740080      971.6872733840        3.9399731323        0.2512008757      3.97115627
       931        3.9077040123        4.1909646619     1095.6998758758        3.9077040123        0.2832606497      3.95965762
       932        3.8658139694        4.1907177598     1256.7825539478        3.8658139694        0.3249037903      4.13307328
       933        3.8182202029        4.1904495220     1439.8456660177        3.8182202029        0.3722293191      4.47006125
       934        3.7691799425        4.1901788194     1628.4945253868        3.7691799425        0.4209988770      3.42262812
       935        3.7229935996        4.1899245722     1806.1676032956        3.7229935996        0.4669309726      2.06995982
       936        3.6837048382        4.1897040627     1957.2901783833        3.6837048382        0.5059992245      1.98487123
       937        3.6548194219        4.1895327964     2068.3613439247        3.6548194219        0.5347133745      1.99404554
       938        3.6390593499        4.1894224528     2128.8971278194        3.6390593499        0.5503631029      2.11034164
       939        3.6381736115        4.1893809765     2132.1628756177        3.6381736115        0.5512073649      1.78130095
       940        3.6528154264        4.1894112844     2075.6431070217        3.6528154264        0.5365958580      1.69095173
       941        3.6824966770        4.1895107445     1961.2157617658        3.6824966770        0.5070140675      1.98933860
       942        3.7256234102        4.1896721833     1795.0187701566        3.7256234102        0.4640487730      1.98107348
       943        3.7796087412        4.1898852557     1587.0186224687        3.7796087412        0.4102765145      1.63256162
       944        3.8410507654        4.1901337079     1350.3115849227        3.8410507654        0.3490829425      1.81248307
       945        3.9059752894        4.1904011122     1100.2069617559        3.9059752894        0.2844258228      1.79559937
       946        3.9701103558        4.1906687105      853.1568439050        3.9701103558        0.2205583547      1.94361955
       947        4.0291853397        4.1909175120      625.6072677865        4.0291853397        0.1617321723      1.89796457
       948        4.0792290188        4.1911297533      432.8508781047        4.0792290188        0.1119007345      1.59417502
       949        4.1168481606        4.1912918484      287.9607160156        4.1168481606        0.0744436878      1.71046594
       950        4.1394597511        4.1913910112      200.8788559370        4.1394597511        0.0519312601      2.23938122
       951        4.1454770159        4.1914219463      177.7227248696        4.1454770159        0.0459449304      2.23049096
       952        4.1344141899        4.1913809102      220.3568635910        4.1344141899        0.0569667203      2.36746499
       953        4.1069272844        4.1912720339      326.2596893536        4.1069272844        0.0843447495      3.81380621
       954        4.0647640126        4.1911015008      488.6946717438        4.0647640126        0.1263374883      4.50843326
       955        4.0106485031        4.1908822681      697.1745430262        4.0106485031        0.1802337650      4.57069894
       956        3.9480881718        4.1906285611      938.1870543046        3.9480881718        0.2425403894      4.59387546
       957        3.8811345726        4.1903591409     1196.1326841037        3.8811345726        0.3092245684      4.57242907
       958        3.8140976943        4.1900921438     1454.4098241277        3.8140976943        0.3759944495      4.56034563
       959        3.7512473061        4.1898456906     1696.5723833504        3.7512473061        0.4385983845      4.61964262
       960        3.6965163785        4.1896384711     1907.4792642539        3.6965163785        0.4931220926      4.63293104
       961        3.6532206949        4.1894836288     2074.3553006948        3.6532206949        0.5362629339      4.38566944
       962        3.6238311358        4.1893931381     2187.6890292038        3.6238311358        0.5655620023      4.40432506
       963        3.6097952525        4.1893728720     2241.9037958182        3.6097952525        0.5795776194      4.45878641
       964        3.6114372441        4.1894251402     2235.7544783345        3.6114372441        0.5779878961      4.53466640
       965        3.6279303675        4.1895453576     2172.4213218216        3.6279303675        0.5616149901      4.30440510
       966        3.6573576515        4.1897268821     2059.2938012128        3.6573576515        0.5323692307      4.59329318
       967        3.6968380035        4.1899549721     1907.4594437686        3.6968380035        0.4931169686      4.64599828
       968        3.7427346049        4.1902160327     1730.9334900062        3.7427346049        0.4474814278      4.60613747
       969        3.7909003150        4.1904909652     1545.6839006899        3.7909003150        0.3995906503      4.62199943
       970        3.8369696171        4.1907600286     1368.5208675539        3.8369696171        0.3537904116      4.62111535
       971        3.8766629813        4.1910054862     1215.9297243314        3.8766629813        0.3143425050      4.63411593
       972        3.9060811984        4.1912111157     1102.9305177518        3.9060811984        0.2851299173      4.65076830
       973        3.9219728736        4.1913628340     1042.0457151101        3.9219728736        0.2693899605      4.62790199
       974        3.9219567084        4.1914512040     1042.4500746378        3.9219567084        0.2694944956      4.62790199
       975        3.9046765445        4.1914696420     1109.3639789862        3.9046765445        0.2867930976      4.56609167
       976        3.8698895058        4.1914200559     1243.7342930161        3.8698895058        0.3215305501      4.62229420
       977        3.8184620200        4.1913068481     1442.2265581748        3.8184620200        0.3728448281      4.59999829
       978        3.7522929430        4.1911389125     1697.5300837306        3.7522929430        0.4388459695      4.61317377
       979        3.6741614553        4.1909318710     1998.9549589064        3.6741614553        0.5167704157      4.62082073
       980        3.5875025768        4.1907025049     2333.2788619356        3.5875025768        0.6031999280      4.55719147
       981        3.4961389500        4.1904683387     2685.7829561466        3.4961389500        0.6943293887      4.62023160
       982        3.4039866227        4.1902506088     3041.4014548454        3.4039866227        0.7862639861      4.62672028
       983        3.3147435138        4.1900673516     3385.8999531984        3.3147435138        0.8753238378      4.60116640
       984        3.2315997759        4.1899328790     3706.9937648613        3.2315997759        0.9583331031      4.51573664
       985        3.1569898116        4.1898609264     3995.3193414212        3.1569898116        1.0328711148      4.57127550
       986        3.0923940893        4.1898593153     4245.1802372275        3.0923940893        1.0974652260      4.64659399
       987        3.0382210745        4.1899297507     4455.0030338261        3.0382210745        1.1517086763      4.61170610
       988        2.9937759532        4.1900675883     4627.4574235803        2.9937759532        1.1962916351      4.64718986
       989        2.9573216952        4.1902613184     4769.2180105529        2.9573216952        1.2329396232      4.63145077
       990        2.9262370173        4.1904973602     4890.3718266718        2.9262370173        1.2642603428      4.60877357
       991        2.8972455502        4.1907528865     5003.5041207196        2.8972455502        1.2935073363      4.59096555
       992        2.8667283434        4.1910045501     5122.5232912564        2.8667283434        1.3242762068      4.59154724
       993        2.8310723153        4.1912283542     5261.3125215872        2.8310723153        1.3601560389      4.59329318
       994        2.7870345752        4.1913990373     5432.3181445307        2.7870345752        1.4043644621      4.59242004
       995        2.7320981452        4.1914965691     5645.1987729494        2.7320981452        1.4593984239      4.59038401
       996        2.6647715551        4.1915052430     5905.6629091690        2.6647715551        1.5267336879      4.59766386
       997        2.5848121150        4.1914155752     6214.6126334044        2.5848121150        1.6066034602      4.57300606
       998        2.4933485403        4.1912287458     6567.6864491633        2.4933485403        1.6978802055      4.60818751
       999        2.3928758996        4.1909509829     6955.2571030493        2.3928758996        1.7980750833      2.30482647
