      Step          Pe(mixed)          E_total                Temp                  Pe                  Ke   Speed(ns/day)
         0        4.1279429906        4.1279429906        0.0000000000        4.4696912574        0.0000000000      0.00000000
         1        4.1107730879        4.1279284086       66.3596684260        4.4461755540        0.0171553207      1.87459776
         2        4.0594933705        4.1278852109      264.5511512373        4.3762410160        0.0683918403      1.94947477
         3        3.9747951069        4.1278062701      591.8729363040        4.2617376914        0.1530111631      1.92130989
         4        3.8578720194        4.1276913110     1043.7064400849        4.1058330588        0.2698192916      1.96650676
         5        3.7104478976        4.1275321992     1613.3522891072        3.9130804250        0.4170843017      1.64602047
         6        3.5348691213        4.1273102211     2291.6619033263        3.6895108329        0.5924410998      1.67357640
         7        3.3343625336        4.1269800208     3065.9778668022        3.4427036893        0.7926174873      1.63980120
         8        3.1136711160        4.1264646470     3917.6558676131        3.1818301087        1.0127935310      1.55188260
         9        2.8801057367        4.1256904547     4818.1313658133        2.9176032432        1.2455847179      1.73648889
        10        2.6444916953        4.1246836841     5725.6317822680        2.6620113388        1.4801919888      1.88014146
        11        2.4208739921        4.1236167342     6586.4955591006        2.4276263697        1.7027427420      2.25962816
        12        2.2243686595        4.1227224709     7343.1521039152        2.2264621489        1.8983538114      2.19502629
        13        2.0681095224        4.1221480443     7945.3667713444        2.0686227496        2.0540385219      1.61050537
        14        1.9610411810        4.1219176239     8358.6338345691        1.9611401410        2.1608764429      1.74982069
        15        1.9072343192        4.1219973271     8567.0761391706        1.9072494775        2.2147630080      1.53489143
        16        1.9061256814        4.1223455218     8572.7114121943        1.9061275786        2.2162198404      1.26296153
        17        1.9530267175        4.1229226982     8393.5229247069        1.9530269211        2.1698959806      1.34854541
        18        2.0397193771        4.1236801149     8061.1109394501        2.0397193972        2.0839607378      2.01623426
        19        2.1552069146        4.1245546310     7617.7684792132        2.1552069166        1.9693477164      1.81648053
        20        2.2866586628        4.1254782456     7112.8636859058        2.2866586630        1.8388195828      2.27451979
        21        2.4204854846        4.1263709060     6598.6519720343        2.4204854846        1.7058854214      2.34927792
        22        2.5435148557        4.1271568488     6125.7938132937        2.5435148557        1.5836419931      2.34176327
        23        2.6441348590        4.1277663098     5738.9362003721        2.6441348590        1.4836314508      2.12183304
        24        2.7133259586        4.1281447257     5472.7571564002        2.7133259586        1.4148187672      2.19197257
        25        2.7454666340        4.1282579179     5348.8694597517        2.7454666340        1.3827912839      2.13810765
        26        2.7388303453        4.1280974283     5373.9189406123        2.7388303453        1.3892670830      1.93479907
        27        2.6957119201        4.1276799663     5539.0934544893        2.6957119201        1.4319680462      1.94748423
        28        2.6221765746        4.1270481427     5821.0965496472        2.6221765746        1.5048715681      2.00696628
        29        2.5274497642        4.1262598713     6184.4666316579        2.5274497642        1.5988101071      1.81076233
        30        2.4230403299        4.1253895475     6584.9733405418        2.4230403299        1.7023492176      1.90710381
        31        2.3216633211        4.1245125001     6973.7241088967        2.3216633213        1.8028491790      2.03462953
        32        2.2360977023        4.1237028228     7301.5743579265        2.2360977033        1.8876051205      2.09751615
        33        2.1780633651        4.1230269512     7523.4465582487        2.1780633724        1.9449635860      2.16138052
        34        2.1572133663        4.1225390227     7602.2104742216        2.1572134188        1.9653256564      2.28340547
        35        2.1803126084        4.1222763208     7511.8425421763        2.1803129563        1.9419637124      2.37927822
        36        2.2506607564        4.1222587011     7239.6559071928        2.2506627576        1.8715979446      2.36646009
        37        2.3677863518        4.1224849894     6787.4697088978        2.3677960426        1.7546986375      2.34206596
        38        2.5274407737        4.1229407322     6171.6624194562        2.5274795909        1.5954999585      2.33181819
        39        2.7218636311        4.1235907394     5422.1164163766        2.7219913816        1.4017271084      2.45645054
        40        2.9403349297        4.1243823648     4580.0947967002        2.9406808998        1.1840474351      2.36769701
        41        3.1699874618        4.1252526271     3695.1264650477        3.1707639985        0.9552651653      2.14006476
        42        3.3968146940        4.1261255286     2821.0970774174        3.3982742414        0.7293108346      2.19755535
        43        3.6068012265        4.1269353744     2011.9664415669        3.6091244104        0.5201341479      1.83246291
        44        3.7869747977        4.1276238224     1317.6877707391        3.7901383788        0.3406490246      2.27430567
        45        3.9263002488        4.1281506449      780.7913107586        3.9300138987        0.2018503961      2.29810302
        46        4.0163471831        4.1284835726      433.7624314160        4.0201198209        0.1121363896      1.88645427
        47        4.0518004898        4.1285977139      297.0645906470        4.0551156985        0.0767972241      2.31520757
        48        4.0308482282        4.1284760133      377.6407070989        4.0333552997        0.0976277851      2.04600195
        49        3.9554365495        4.1281146274      667.9478732868        3.9570522610        0.1726780779      2.10788661
        50        3.8313086305        4.1275312294     1145.8388772672        3.8321836333        0.2962225988      2.05173597
        51        3.6677209609        4.1267673921     1775.6688697692        3.6681122728        0.4590464312      1.70756445
        52        3.4767983896        4.1258834815     2510.7703998830        3.4769400974        0.6490850919      1.81307250
        53        3.2725981326        4.1249495025     3297.0385800738        3.2726388645        0.8523513699      1.95404743
        54        3.0700207814        4.1240336156     4077.0990713326        3.0700299045        1.0540128343      2.19562475
        55        2.8837108455        4.1232024147     4794.5620409259        2.8837122513        1.2394915692      2.06506462
        56        2.7270058149        4.1225120412     5398.0529971305        2.7270059211        1.3955062263      2.19648978
        57        2.6110074150        4.1220127363     5844.8229392878        2.6110074178        1.5110053213      2.29047730
        58        2.5437974660        4.1217404248     6103.7489892818        2.5437974661        1.5779429588      2.39737937
        59        2.5298674504        4.1217132098     6157.5273624011        2.5298674504        1.5918457594      2.27166817
        60        2.5698060651        4.1219358563     6003.8993118287        2.5698060651        1.5521297912      2.33889161
        61        2.6602471860        4.1223931234     5655.8266177588        2.6602471860        1.4621459374      4.43532055
        62        2.7941030898        4.1230539540     5140.6056528959        2.7941030898        1.3289508642      4.75761935
        63        2.9610545564        4.1238741079     4497.9817695447        2.9610545564        1.1628195515      4.87473588
        64        3.1482637465        4.1247958491     3777.3905582881        3.1482637465        0.9765321026      4.53069783
        65        3.3412744660        4.1257565514     3034.5087628254        3.3412744660        0.7844820854      3.99633729
        66        3.5250220025        4.1266873324     2327.3427778284        3.5250220025        0.6016653299      4.14204898
        67        3.6849058928        4.1275223994     1712.1151557251        3.6849058928        0.4426165066      4.22708347
        68        3.8078352401        4.1282009110     1239.2283438932        3.8078352401        0.3203656708      4.22511211
        69        3.8831832904        4.1286711665      949.5884289811        3.8831832904        0.2454878760      3.69500755
        70        3.9035818708        4.1288973162      871.5580713596        3.9035818708        0.2253154454      4.02384927
        71        3.8654855618        4.1288594110     1018.7743841882        3.8654855618        0.2633738492      4.11640672
        72        3.7694692487        4.1285571837     1389.0125799755        3.7694692487        0.3590879350      3.35466666
        73        3.6202251879        4.1280108110     1964.2002685216        3.6202251879        0.5077856230      2.46271061
        74        3.4262538657        4.1272564016     2711.5958128564        3.4262538657        0.7010025359      2.70055791
        75        3.1992813183        4.1263470405     3586.0462718818        3.1992813183        0.9270657222      3.28235013
        76        2.9534355322        4.1253463148     4533.1481821518        2.9534355322        1.1719107827      4.16131212
        77        2.7042559453        4.1243232147     5493.0592465576        2.7042559453        1.4200672694      1.12912762
        78        2.4676132448        4.1233472780     6404.6579600881        2.4676132448        1.6557340332      1.74644755
        79        2.2586214642        4.1224817159     7209.7252083928        2.2586214647        1.8638602517      2.18635213
        80        2.0906310882        4.1217803397     7856.8272206044        2.0906311070        2.0311492516      1.99251060
        81        1.9743715711        4.1212828907     8304.6143869749        1.9743721661        2.1469113197      2.30029114
        82        1.9172994077        4.1210202969     8524.3633652017        1.9173128006        2.2037208892      2.12513042
        83        1.9230601972        4.1210655480     8502.2547005754        1.9232632509        2.1980053508      1.90815821
        84        1.9902396833        4.1217921520     8245.2037661200        1.9922635868        2.1315524687      1.62385619
        85        2.1075135131        4.1241744146     7800.7838435587        2.1208267215        2.0166609015      1.49901909
        86        2.2436619481        4.1288056169     7292.0530487864        2.3031615112        1.8851436689      1.41554995
        87        2.3460313508        4.1328748731     6911.8115341659        2.5346620679        1.7868435222      1.61093492
        88        2.3754413008        4.1305856747     6789.1938922506        2.8174675028        1.7551443739      1.90600045
reaction occured at step 88 between IDs 1 and 2
        89        2.3544938970        4.1266720161     6855.0832860198        3.1468584427        1.7721781191      0.11350176
        90        2.3180472009        4.1298237515     7008.2566849628        2.7494841874        1.8117765506      0.93264326
        91        2.2401364867        4.1317949813     7317.2534917366        2.4224803346        1.8916584947      1.91142922
        92        2.1028069530        4.1275875388     7832.1921491349        2.1591612525        2.0247805857      1.98546935
        93        1.9475166053        4.1228982728     8414.7424849138        1.9596941465        2.1753816675      2.08442590
        94        1.8278216700        4.1206088050     8868.8865969509        1.8295841747        2.2927871350      1.96688033
        95        1.7737790986        4.1200534857     9075.7842916640        1.7739457152        2.3462743871      2.02231014
        96        1.7941643222        4.1202141371     8997.5522420350        1.7941746587        2.3260498149      1.89796457
        97        1.8870737135        4.1207215693     8640.1259098262        1.8870741508        2.2336478558      1.60330877
        98        2.0449109838        4.1214924928     8032.5668404674        2.0449109974        2.0765815090      1.80994838
        99        2.2558376725        4.1224754340     7220.4690839231        2.2558376728        1.8666377615      1.74585858
       100        2.5046091419        4.1236142580     6262.5843258106        2.5046091419        1.6190051161      1.64411617
       101        2.7735257250        4.1248349862     5227.0916965406        2.7735257250        1.3513092612      1.96682695
       102        3.0435941764        4.1260566667     4187.1471302068        3.0435941764        1.0824624904      2.04866225
       103        3.2958074361        4.1271954454     3215.9487724178        3.2958074361        0.8313880093      2.12282740
       104        3.5124629845        4.1281710011     2381.6622539947        3.5124629845        0.6157080166      2.23461716
       105        3.6784174796        4.1289116137     1742.5871452492        3.6784174796        0.4504941341      2.22276116
       106        3.7821850545        4.1293646674     1342.9491854211        3.7821850545        0.3471796129      4.31183135
       107        3.8167720980        4.1294963667     1209.6701140355        3.8167720980        0.3127242687      4.70175628
       108        3.7801924209        4.1292973442     1350.3966100277        3.7801924209        0.3491049232      4.04157548
       109        3.6756079911        4.1287848069     1752.9642094131        3.6756079911        0.4531768158      3.28487913
       110        3.5110797384        4.1279976952     2386.3425062812        3.5110797384        0.6169179568      3.88286581
       111        3.2989614858        4.1269950442     3202.9731919517        3.2989614858        0.8280335584      1.05521691
       112        3.0549844343        4.1258510042     4142.2921578586        3.0549844343        1.0708665699      2.06054396
       113        2.7971101993        4.1246472079     5135.1366216666        2.7971101993        1.3275370086      1.89687176
       114        2.5442503129        4.1234691366     6108.6842493746        2.5442503129        1.5792188237      2.03806235
       115        2.3149373444        4.1223955929     6991.5527653999        2.3149373446        1.8074582485      2.05446945
       116        2.1260579112        4.1214985215     7718.7001852534        2.1260579159        1.9954406103      2.01589779
       117        1.9917138633        4.1208359747     8235.8027348880        1.9917139989        2.1291221114      1.77271794
       118        1.9222890687        4.1204499798     8502.8564337119        1.9222920498        2.1981609111      1.90605058
       119        1.9237457087        4.1203819498     8496.9587534990        1.9237919477        2.1966362411      1.79466567
       120        1.9969447654        4.1207396048     8215.1959501897        1.9974335123        2.1237948394      1.76778880
       121        2.1361058503        4.1218628043     7681.2421724969        2.1396025648        1.9857569540      1.97545785
       122        2.3250410430        4.1242010677     6959.4538387329        2.3422905078        1.7991600246      1.90971683
       123        2.5336251611        4.1274939649     6165.3528387052        2.5946302533        1.5938688038      1.79439908
       124        2.7232342705        4.1302068649     5442.4068396918        2.8860412869        1.4069725945      1.80593460
       125        2.8643065645        4.1307136003     4898.6755966814        3.2100687265        1.2664070359      1.64493709
       126        2.9510135690        4.1297631259     4559.6017119239        3.5658472284        1.1787495569      2.07458132
reaction occured at step 126 between IDs 1 and 3
       127        2.9911341465        4.1301565709     4405.9304760400        3.6413963757        1.1390224244      0.29733291
       128        2.9799185062        4.1317354362     4455.4217774101        3.3501337570        1.1518169300      0.90058865
       129        2.9017707402        4.1315550632     4757.0127783633        3.0793832325        1.2297843230      1.17612575
       130        2.7577650154        4.1290141344     5304.2224229153        2.8263582097        1.3712491190      1.48170445
       131        2.5746397869        4.1257589159     5999.9899004491        2.5949000508        1.5511191291      1.63101859
       132        2.3901391383        4.1232758693     6704.0646247722        2.3944793597        1.7331367310      1.82457451
       133        2.2360355010        4.1219181392     7294.9115066590        2.2366804705        1.8858826382      2.12962634
       134        2.1318500062        4.1212908087     7695.4919187404        2.1319146633        1.9894408025      2.16221877
       135        2.0875507648        4.1210547040     7865.9355487986        2.0875551065        2.0335039392      2.25561973
       136        2.1071036664        4.1211017801     7790.4837322592        2.1071038649        2.0139981137      2.07297924
       137        2.1898810450        4.1214112163     7471.4838488398        2.1898810514        1.9315301713      2.22112633
       138        2.3310261779        4.1219645513     6927.6511079907        2.3310261780        1.7909383735      2.23200213
       139        2.5217798841        4.1227253333     6192.7264939625        2.5217798841        1.6009454491      1.91673692
       140        2.7500457858        4.1236475514     5313.3228559353        2.7500457858        1.3736017656      2.04311815
       141        3.0011680713        4.1246672684     4345.8840198505        3.0011680713        1.1234991971      2.03194856
       142        3.2589154509        4.1257181635     3352.9388065820        3.2589154509        0.8668027126      3.96898161
       143        3.5065629571        4.1267288131     2398.9059273152        3.5065629571        0.6201658560      4.61728822
       144        3.7280246754        4.1276305335     1545.7427272163        3.7280246754        0.3996058581      4.59212907
       145        3.9089448914        4.1283625743      848.7445332001        3.9089448914        0.2194176829      4.58718817
       146        4.0376716402        4.1288752345      352.7908555930        4.0376716402        0.0912035943      3.98075318
       147        4.1060467214        4.1291332273       89.3024913642        4.1060467214        0.0230865060      3.41585320
       148        4.1099580958        4.1291200672       74.1217308714        4.1099580958        0.0191619714      3.78611362
       149        4.0496117173        4.1288381152      306.4610436504        4.0496117173        0.0792263979      4.39391168
       150        3.9295067553        4.1283061607      768.9895649156        3.9295067553        0.1987994053      4.41048945
       151        3.7581241470        4.1275618588     1429.0472588295        3.7581241470        0.3694377118      3.63460073
       152        3.5473384072        4.1266563372     2240.8992730574        3.5473384072        0.5793179299      4.34309523
       153        3.3116032809        4.1256508287     3148.8729483587        3.3116032809        0.8140475478      4.16418116
       154        3.0669667332        4.1246148388     4091.1609130642        3.0669667332        1.0576481057      4.14987536
       155        2.8299753938        4.1236185462     5004.0294803081        2.8299753938        1.2936431524      4.46043283
       156        2.6165523293        4.1227290526     5826.1451095182        2.6165523293        1.5061767233      3.95145421
       157        2.4409195325        4.1220057320     6502.7244071316        2.4409195325        1.6810861995      0.97932079
       158        2.3146415553        4.1214983817     6989.2263637156        2.3146415559        1.8068568264      1.55688297
       159        2.2458457664        4.1212394897     7254.3386180295        2.2458457883        1.8753937233      1.69808287
       160        2.2386855456        4.1212462130     7282.0615643494        2.2386860156        1.8825606674      1.53482642
       161        2.2930624901        4.1215194094     7072.7791590850        2.2930696625        1.8284569193      1.76843581
       162        2.4045992151        4.1220583410     6643.4210092940        2.4046755911        1.7174591259      2.11077185
       163        2.5646873176        4.1228938740     6027.4052625873        2.5652548601        1.5582065564      2.11953716
       164        2.7602477764        4.1241124160     5275.6580132952        2.7632403569        1.3638646395      2.22720094
       165        2.9731980614        4.1257339062     4458.2026609424        2.9847405813        1.1525358448      1.99635238
       166        3.1811665833        4.1275117947     3660.6225815301        3.2150808527        0.9463452114      1.95031411
       167        3.3613292557        4.1289919585     2969.4485595893        3.4408286948        0.7676627028      1.97847769
       168        3.4960323399        4.1298591394     2451.7487564647        3.6518104151        0.6338267995      1.77271794
       169        3.5761724226        4.1300991384     2142.6817824598        3.8423744978        0.5539267158      2.08953391
       170        3.6006757750        4.1298712824     2047.0173052527        4.0115699944        0.5291955074      2.13388998
       171        3.5738734332        4.1293658588     2148.7382116988        4.1624579990        0.5554924256      2.03611566
       172        3.5028318162        4.1287785089     2421.2671765642        4.3010787986        0.6259466927      2.16544885
reaction occured at step 172 between IDs 1 and 2
       173        3.3951505665        4.1282853363     2835.8887027328        3.9892541897        0.7331347698      0.72538505
       174        3.2571756263        4.1279749256     3368.3982767665        3.6776357974        0.8707992993      1.08030367
       175        3.0930806818        4.1277688114     4002.3478604714        3.3707400771        1.0346881296      1.90635138
       176        2.9057021648        4.1274122072     4725.7801015789        3.0719489807        1.2217100423      1.54148567
       177        2.6994473601        4.1266080643     5520.4978467530        2.7866562828        1.4271607043      1.74922945
       178        2.4839442307        4.1252920169     6349.0095350313        2.5225269419        1.6413477862      1.56966200
       179        2.2752997056        4.1237721914     7150.2027396867        2.2891543564        1.8484724858      1.77293476
       180        2.0928362228        4.1225237666     7851.1730889074        2.0967411214        2.0296875438      1.66194848
       181        1.9533277284        4.1218094611     8388.0523754831        1.9541717932        2.1684817326      1.88827275
       182        1.8671853510        4.1215972356     8720.4446684502        1.8673241729        2.2544118846      1.89196964
       183        1.8381087451        4.1217558212     8833.5313107382        1.8381263114        2.2836470762      2.14151912
       184        1.8643257632        4.1221957068     8733.8210223847        1.8643275303        2.2578699435      2.21069310
       185        1.9397211768        4.1228595531     8444.7467404612        1.9397213261        2.1831383763      1.92692880
       186        2.0546897721        4.1236938835     8003.2561908799        2.0546897835        2.0690041114      1.77293476
       187        2.1969876671        4.1246326670     7456.4553515826        2.1969876680        1.9276449999      1.63761519
       188        2.3527358070        4.1256038012     6857.7518392010        2.3527358070        1.7728679942      1.80104302
       189        2.5075405073        4.1265271858     6262.5130061896        2.5075405073        1.6189866785      1.81089806
       190        2.6476865839        4.1273276675     5723.5007884845        2.6476865839        1.4796410837      1.58410537
       191        2.7612831278        4.1279357212     5286.4422883536        2.7612831278        1.3666525935      1.63891127
       192        2.8392820549        4.1282990513     4986.1347299590        2.8392820549        1.2890169964      1.55986512
       193        2.8762525819        4.1283887578     4843.4735080015        2.8762525819        1.2521361759      1.69264983
       194        2.8708267160        4.1281977653     4863.7228794048        2.8708267160        1.2573710493      1.97057023
       195        2.8257813171        4.1277470892     5036.2227741525        2.8257813171        1.3019657721      1.71804800
       196        2.7477315060        4.1270821957     5335.5606624194        2.7477315060        1.3793506898      2.01237153
       197        2.6464767224        4.1262642582     5724.0672902352        2.6464767224        1.4797875359      2.14583056
       198        2.5340832104        4.1253670578     6155.3537922027        2.5340832104        1.5912838474      2.26273214
       199        2.4237876261        4.1244680596     6578.5182023665        2.4237876262        1.7006804334      2.32605581
       200        2.3288341841        4.1236417408     6942.6177599728        2.3288341843        1.7948075567      2.28534947
       201        2.2613440126        4.1229537615     7201.0198849326        2.2613440138        1.8616097489      2.11194047
       202        2.2313055296        4.1224571680     7315.2928863182        2.2313055398        1.8911516384      2.30299556
       203        2.2457553894        4.1221891857     7258.3617952307        2.2457554645        1.8764337962      2.30482647
       204        2.3082032937        4.1221691823     7016.7254129001        2.3082037759        1.8139658886      2.16389721
       205        2.4183326759        4.1223960528     6591.6039971999        2.4183352814        1.7040633769      1.97073098
       206        2.5719997618        4.1228531168     5998.9618417492        2.5720113789        1.5508533550      1.97491957
       207        2.7615103981        4.1235040908     5268.4208757534        2.7615527504        1.3619936926      1.87950763
       208        2.9761753113        4.1242998118     4441.1388389800        2.9763015198        1.1481245006      1.97212520
       209        3.2030964341        4.1251784348     3566.7683983221        3.2034056230        0.9220820007      2.03508657
       210        3.4281468737        4.1260686875     2699.6790611591        3.4287754604        0.6979218138      1.97691269
       211        3.6370684367        4.1269000548     1894.7511552964        3.6381404927        0.4898316181      1.86547856
       212        3.8165638910        4.1276123591     1203.1878352545        3.8181136205        0.3110484681      1.78952552
       213        3.9552567743        4.1281545612      668.7977447357        3.9571711753        0.1728977869      1.91856349
       214        4.0444699335        4.1284948485      325.0225155398        4.0465007398        0.0840249150      2.00807838
       215        4.0787777781        4.1286073608      192.7492141024        4.0806292620        0.0498295827      2.26825566
       216        4.0563932541        4.1284798039      278.8429095536        4.0578387592        0.0720865498      2.19695584
       217        3.9793569736        4.1281133100      575.4145502807        3.9803156451        0.1487563364      2.43909046
       218        3.8534998318        4.1275295166     1059.9929502192        3.8540334120        0.2740296849      2.22024179
       219        3.6881063681        4.1267689550     1696.8207291703        3.6883517828        0.4386625870      2.12850058
       220        3.4952686644        4.1258885862     2439.3440135779        3.4953603188        0.6306199218      2.38955435
       221        3.2889840172        4.1249584804     3233.6899483400        3.2890113162        0.8359744632      2.35431454
       222        3.0840902103        4.1240450661     4022.7204441932        3.0840964623        1.0399548558      2.46237593
       223        2.8951807281        4.1232146511     4750.2419366656        2.8951816246        1.2280339230      2.32158535
       224        2.7355521078        4.1225256278     5365.0470529393        2.7355521710        1.3869735200      2.31802134
       225        2.6162624479        4.1220275796     5824.5530041076        2.6162624495        1.5057651317      2.42067977
       226        2.5453459389        4.1217573026     6097.8245216262        2.5453459389        1.5764113637      2.30607315
       227        2.5272404111        4.1217347343     6167.7724529047        2.5272404111        1.5944943232      2.19835522
       228        2.5624688317        4.1219608596     6032.3776826173        2.5624688317        1.5594920279      2.24799396
       229        2.6476017817        4.1224230139     5704.8567915423        2.6476017817        1.4748212322      4.62790199
       230        2.7754849695        4.1230888032     5212.7584790266        2.7754849695        1.3476038337      4.82379854
       231        2.9357409494        4.1239135685     4596.0517026047        2.9357409494        1.1881726190      4.81482582
       232        3.1154903265        4.1248392555     3904.3315674104        3.1154903265        1.0093489291      4.90741236
       233        3.3002620919        4.1258015374     3193.3255431731        3.3002620919        0.8255394455      4.86818734
       234        3.4750187536        4.1267300573     2520.9290292168        3.4750187536        0.6517113037      4.81418619
       235        3.6252447186        4.1275585245     1943.0343585020        3.6252447186        0.5023138058      4.51433031
       236        3.7380038430        4.1282245603     1509.4394226689        3.7380038430        0.3902207173      4.86263490
       237        3.8029072279        4.1286762283     1260.1293323967        3.8029072279        0.3257690004      4.60525944
       238        3.8129108606        4.1288778109     1222.2133525818        3.8129108606        0.3159669504      4.82283558
       239        3.7648738415        4.1288097911     1407.7655163577        3.7648738415        0.3639359495      4.78399823
       240        3.6598393556        4.1284740807     1812.7580049983        3.6598393556        0.4686347252      4.44157208
       241        3.5029995237        4.1278927863     2417.1923318361        3.5029995237        0.6248932626      4.46070736
       242        3.3033502794        4.1271075265     3186.4316999372        3.3033502794        0.8237572471      4.26966557
       243        3.0730567689        4.1261730224     4073.6309460379        3.0730567689        1.0531162535      4.59242004
       244        2.8265915650        4.1251551140     5023.0624022690        2.8265915650        1.2985635489      0.98639810
       245        2.5797079922        4.1241236125     5974.0595998381        2.5797079922        1.5444156202      2.02655109
       246        2.3483425817        4.1231498594     6865.2533140769        2.3483425818        1.7748072777      2.17833533
       247        2.1475213923        4.1222954877     7638.7586264931        2.1475213955        1.9747740954      2.42416125
       248        1.9903736379        4.1216114146     8243.9864845188        1.9903737536        2.1312377767      2.38916051
       249        1.8873108106        4.1211357679     8640.8109681981        1.8873139650        2.2338249573      2.40413882
       250        1.8453876258        4.1209112380     8802.1083846027        1.8454473753        2.2755236122      2.20927797
       251        1.8674906809        4.1211419012     8717.5022906447        1.8682423417        2.2536512203      2.24180554
       252        1.9493010666        4.1226174309     8406.7535442416        1.9554882463        2.1733163642      2.33001907
       253        2.0700638333        4.1265774271     7954.9407663025        2.1038598303        2.0565135938      2.41414873
       254        2.1823301793        4.1319352140     7541.4004631635        2.3092606147        1.9496050347      2.51701938
       255        2.2315108418        4.1320134983     7351.4641984505        2.5722065132        1.9005026565      2.36468428
       256        2.2199312044        4.1263021040     7374.1635506776        2.9022153996        1.9063708996      2.16299311
reaction occured at step 256 between IDs 1 and 3
       257        2.1978019686        4.1278948537     7465.9241838122        2.7253633926        1.9300928851      0.76326730
       258        2.1525326049        4.1323224878     7658.1605372194        2.3876474469        1.9797898829      1.00069826
       259        2.0452170695        4.1290796095     8060.7310940745        2.1212624833        2.0838625401      1.55765255
       260        1.9051681802        4.1237167734     8581.7194202522        1.9222944636        2.2185485932      1.33843462
       261        1.7912267347        4.1208848103     9011.5096020367        1.7938061255        2.3296580757      1.53743102
       262        1.7395273584        4.1201750436     9208.7459949352        1.7397803716        2.3806476851      1.55504577
       263        1.7610115293        4.1203330924     9126.2529648909        1.7610277424        2.3593215631      1.88773176
       264        1.8540108366        4.1208555197     8768.5368258712        1.8540115412        2.2668446831      1.93222002
       265        2.0108535622        4.1216306713     8164.8411777619        2.0108535845        2.1107771091      2.23910449
       266        2.2197414182        4.1226098769     7360.6155197304        2.2197414187        1.9028684587      2.35592163
       267        2.4656070537        4.1237348676     6413.9175067219        2.4656070538        1.6581278139      2.20323362
       268        2.7310575706        4.1249358585     5391.7558574397        2.7310575706        1.3938782879      2.25204528
       269        2.9975004175        4.1261326912     4365.7396239945        2.9975004175        1.1286322737      1.79249080
       270        3.2464011255        4.1272431567     3407.2452543926        3.2464011255        0.8808420313      1.98693898
       271        3.4605731816        4.1281884643     2582.4482972675        3.4605731816        0.6676152827      2.32927025
       272        3.6254030161        4.1288986153     1947.6057343752        3.6254030161        0.5034955993      2.27188180
       273        3.7299153899        4.1293232537     1544.9768519846        3.7299153899        0.3994078638      3.76820074
       274        3.7675717287        4.1294313771     1399.7340338391        3.7675717287        0.3618596484      3.70010073
       275        3.7367476252        4.1292173458     1518.1389460733        3.7367476252        0.3924697206      4.46620490
       276        3.6408322587        4.1286984053     1887.1483806071        3.6408322587        0.4878661466      4.75138148
       277        3.4879543614        4.1279163821     2475.4808248561        3.4879543614        0.6399620207      4.73616762
       278        3.2903498372        4.1269318262     3236.0399604942        3.2903498372        0.8365819890      4.60965294
       279        3.0634349248        4.1258176307     4109.4751437393        3.0634349248        1.0623827059      1.15897360
       280        2.8246666291        4.1246553803     5028.5753245254        2.8246666291        1.2999887512      2.00635514
       281        2.5922742664        4.1235278511     5923.1466304108        2.5922742664        1.5312535846      2.11255605
       282        2.3839613619        4.1225133443     6725.0117287851        2.3839613620        1.7385519824      2.26782982
       283        2.2156671755        4.1216813714     7372.7837604849        2.2156671767        1.9060141959      2.28124935
       284        2.1004651126        4.1210863689     7816.1031629693        2.1004651425        2.0206212564      2.31004217
       285        2.0476754709        4.1207698976     8019.0782191979        2.0476760796        2.0730944268      2.28989836
       286        2.0622190257        4.1207537033     7962.7586587205        2.0622281331        2.0585346777      2.26047385
       287        2.1442285111        4.1210616368     7646.7233021728        2.1443252976        1.9768331256      2.23434161
       288        2.2887009856        4.1217638084     7090.5955693501        2.2894236210        1.8330628229      2.24701823
       289        2.4847354395        4.1229946943     6337.0625757352        2.4885631193        1.6382592548      2.19855527
       290        2.7144391222        4.1247889376     5455.4704986556        2.7292137965        1.4103498154      2.26782982
       291        2.9536173694        4.1268100823     4538.1069041485        2.9968614717        1.1731927129      2.21123267
       292        3.1767018380        4.1284821483     3681.6464592784        3.2773246734        0.9517803103      2.27838085
       293        3.3636793429        4.1294614680     2962.1741686628        3.5590981129        0.7657821251      2.19522574
       294        3.5035710976        4.1298359580     2422.4979030841        3.8348115373        0.6262648604      2.17415326
       295        3.5927344492        4.1298881422     2077.8009069278        4.1014447758        0.5371536930      2.03789043
       296        3.6310681195        4.1298602466     1929.4119122436        4.3598862362        0.4987921271      2.32195723
reaction occured at step 296 between IDs 1 and 2
       297        3.6191016884        4.1298609534     1975.7028162621        4.2479095011        0.5107592650      0.70167654
       298        3.5567908719        4.1298640858     2216.7436602719        3.9841427822        0.5730732139      1.04995832
       299        3.4438019049        4.1297048552     2653.1880738013        3.7116435058        0.6859029503      2.01600993
       300        3.2814051152        4.1290996341     3279.0250968258        3.4312258478        0.8476945189      1.58137487
       301        3.0760096664        4.1278129905     4068.5523138823        3.1478139384        1.0518033241      1.97712841
       302        2.8425429109        4.1259255494     4964.3400850872        2.8706771983        1.2833826385      2.11693703
       303        2.6041377114        4.1239381106     5878.8437812950        2.6127211582        1.5198003992      2.20109248
       304        2.3865911066        4.1223760378     6714.3083088686        2.3885411368        1.7357849312      2.12481891
       305        2.2116547621        4.1213987232     7387.2111201337        2.2119734446        1.9097439611      2.12831307
       306        2.0940131589        4.1208880941     7840.2934455288        2.0940498932        2.0268749352      2.14107628
       307        2.0417705241        4.1207331620     8041.7774477510        2.0417735080        2.0789626379      2.24904031
       308        2.0575238478        4.1208912002     7981.4522578704        2.0575240223        2.0633673523      2.29788444
       309        2.1388970451        4.1213398850     7668.4226210964        2.1388970528        1.9824428398      2.27074294
       310        2.2788806091        4.1220501978     7129.6902410218        2.2788806094        1.8431695887      2.13288523
       311        2.4663284139        4.1229746875     6408.1866595128        2.4663284139        1.6566462736      2.33151815
       312        2.6867207355        4.1240508558     5559.8348595414        2.6867207355        1.4373301202      2.27795119
       313        2.9231596474        4.1252030253     4649.7061328036        2.9231596474        1.2020433779      2.31358167
       314        3.1575498730        4.1263522504     3747.4906800753        3.1575498730        0.9688023774      2.10923617
       315        3.3718716549        4.1274147037     2922.5676981305        3.3718716549        0.7555430489      2.12556669
       316        3.5494824032        4.1283109881     2239.0064041425        3.5494824032        0.5788285849      4.32882835
       317        3.6763417159        4.1289738370     1750.8572387110        3.6763417159        0.4526321211      4.61464237
       318        3.7420623293        4.1293505939     1498.0962020352        3.7420623293        0.3872882646      4.28962909
       319        3.7407107644        4.1294110857     1503.5582747797        3.7407107644        0.3887003212      4.92910590
       320        3.6712740022        4.1291474418     1771.1315408555        3.6712740022        0.4578734396      4.52024280
       321        3.5377613166        4.1285789385     2285.3820176306        3.5377613166        0.5908176220      4.57676011
       322        3.3489160626        4.1277471725     3012.6498385387        3.3489160626        0.7788311099      1.17532470
       323        3.1175737772        4.1267126057     3903.5188629945        3.1175737772        1.0091388285      1.88395345
       324        2.8597221560        4.1255501002     4896.4355724623        2.8597221560        1.2658279442      2.22733783
       325        2.5933441565        4.1243420097     5922.1574183626        2.5933441565        1.5309978532      2.22774861
       326        2.3371418876        4.1231692558     6908.6545127692        2.3371418877        1.7860273682      1.45312615
       327        2.1092513059        4.1221089607     7786.0722451374        2.1092513094        2.0128576548      1.68200448
       328        1.9260315868        4.1212264158     8491.3831288852        1.9260317103        2.1951948290      1.61261955
       329        1.8010187574        4.1205725232     8972.4244305597        1.8010220799        2.3195537658      1.56745546
       330        1.7440629988        4.1202070587     9191.3252143023        1.7441258436        2.3761440599      2.00236416
       331        1.7602625531        4.1203581873     9129.2472022923        1.7610536360        2.3600956342      2.29511932
       332        1.8465687289        4.1218538191     8801.1857413848        1.8530618766        2.2752850902      2.25323550
       333        1.9821502706        4.1258986476     8292.3795919843        2.0173289204        2.1437483769      1.93350869
       334        2.1188033633        4.1311339598     7784.0334951097        2.2492097326        2.0123305965      2.00874624
       335        2.2029290670        4.1310783769     7458.4061075686        2.5476826145        1.9281493099      2.19091240
       336        2.2364724901        4.1262420953     7309.9469490778        2.9194416694        1.8897696052      2.11477513
reaction occured at step 336 between IDs 1 and 3
       337        2.2604229556        4.1286229544     7226.5120809337        2.7902197320        1.8681999989      0.79858934
       338        2.2533223525        4.1330687695     7271.1755698871        2.4922696168        1.8797464170      1.25770165
       339        2.1742868288        4.1300178722     7565.0968958432        2.2536955161        1.9557310434      2.18919181
       340        2.0501654626        4.1248754357     8025.3274246079        2.0688841393        2.0747099732      2.07185333
       341        1.9371790025        4.1219927318     8451.2272879555        1.9401847122        2.1848137293      2.22747474
       342        1.8719080327        4.1211102018     8700.2926118690        1.8722270796        2.2492021691      2.08995568
       343        1.8677275402        4.1210654367     8716.2903012963        1.8677498133        2.2533378964      2.03651615
       344        1.9261272066        4.1213615265     8491.5358861470        1.9261282539        2.1952343198      2.02859307
       345        2.0430603643        4.1218851179     8041.2440879569        2.0430603993        2.0788247536      2.24548667
       346        2.2107174530        4.1226068683     7395.5100983843        2.2107174539        1.9118894153      2.27024505
       347        2.4181283874        4.1234857528     6596.6093621631        2.4181283875        1.7053573653      1.93712610
       348        2.6518327529        4.1244662200     5696.3941482809        2.6518327529        1.4726334672      2.22549124
       349        2.8967426076        4.1254841415     4752.9790948635        2.8967426076        1.2287415340      2.18227066
       350        3.1371513258        4.1264710008     3826.8550411488        3.1371513258        0.9893196750      2.17063711
       351        3.3578165707        4.1273590471     2976.7198404331        3.3578165707        0.7695424764      3.87249269
       352        3.5450288160        4.1280836538     2255.3542616373        3.5450288160        0.5830548378      4.32934551
       353        3.6875908419        4.1285947479     1705.8773451085        3.6875908419        0.4410039060      4.27924503
       354        3.7776077275        4.1288568520     1358.6907414766        3.7776077275        0.3512491245      4.58660759
       355        3.8110379006        4.1288540842     1229.3664982294        3.8110379006        0.3178161836      4.61758239
       356        3.7879494835        4.1285890299     1317.6511074391        3.7879494835        0.3406395464      4.48638645
       357        3.7124740151        4.1280863896     1607.6586269587        3.7124740151        0.4156123745      4.55547285
       358        3.5924501756        4.1273857528     2069.2208614376        3.5924501756        0.5349355772      3.97922330
       359        3.4388076191        4.1265405856     2660.2668847226        3.4388076191        0.6877329665      4.19965078
       360        3.2647344436        4.1256142769     3330.0281121843        3.2647344436        0.8608798333      4.26388829
       361        3.0846946984        4.1246736896     4022.8138039396        3.0846946984        1.0399789912      4.43016951
       362        2.9133746072        4.1237860111     4682.0750662409        2.9133746072        1.2104114039      4.46592970
       363        2.7646269157        4.1230138925     5254.4694918442        2.7646269157        1.3583869768      4.62170470
       364        2.6504862651        4.1224102603     5693.6497913719        2.6504862651        1.4719239952      4.63352341
       365        2.5803239337        4.1220161358     5963.5249601720        2.5803239337        1.5416922021      3.52826274
       366        2.5601942414        4.1218584648     6040.7801002480        2.5601942414        1.5616642233      3.50556581
       367        2.5924141478        4.1219467771     5916.4896856752        2.5924141478        1.5295326293      3.88494710
       368        2.6754079111        4.1222728946     5596.7173158122        2.6754079113        1.4468649835      1.04019365
       369        2.8038276431        4.1228138498     5102.0606802044        2.8038276597        1.3189862066      1.99921588
       370        2.9689333942        4.1235293707     4466.1715972942        2.9689337434        1.1545959765      2.24007335
       371        3.1592204143        4.1243681173     3733.3537843232        3.1592236370        0.9651477030      2.13169333
       372        3.3612390627        4.1252702810     2955.4013661811        3.3612553748        0.7640312183      1.99470409
       373        3.5605571406        4.1261702953     2187.8868955869        3.5606113897        0.5656131547      2.03943872
       374        3.7427996363        4.1270022094     1486.1602279836        3.7429397641        0.3842025731      2.16260587
       375        3.8946983425        4.1277042032      901.3058921948        3.8949930454        0.2330058606      1.87343483
       376        4.0050720503        4.1282217062      476.3635995903        4.0055846807        0.1231496559      2.23248339
       377        4.0656549488        4.1285215040      243.1784181908        4.0664025757        0.0628665552      2.22911894
       378        4.0716623884        4.1285839598      220.1822199422        4.0725860878        0.0569215714      2.11570112
       379        4.0220886979        4.1284094872      411.2667103843        4.0230618209        0.1063207892      2.34623590
       380        3.9197156618        4.1280121936      805.7260488819        3.9205919203        0.2082965318      2.03445819
       381        3.7708829732        4.1274215403     1379.1511959416        3.7715562927        0.3565385671      2.09381982
       382        3.5850331300        4.1266786673     2095.1761169069        3.5854723721        0.5416455373      2.00402514
       383        3.3740529398        4.1258377944     2908.0303699032        3.3742943205        0.7517848546      2.07987985
       384        3.1514174217        4.1249627974     3765.8373959484        3.1515281464        0.9735453757      2.12351156
       385        2.9311862148        4.1241228582     4614.4797508276        2.9312282372        1.1929366434      2.31705796
       386        2.7269316156        4.1233824188     5401.7067795662        2.7269447236        1.3964508031      2.23758368
       387        2.5507142152        4.1228007948     6081.0955289694        2.5507175684        1.5720865797      2.14126605
       388        2.4121732096        4.1224195353     6615.5206837651        2.4121739163        1.7102463257      2.25071651
       389        2.3178314740        4.1222723133     6979.8809189453        2.3178315984        1.8044408393      2.18562688
       390        2.2706129250        4.1223690049     7162.9042341420        2.2706129437        1.8517560799      2.20752842
       391        2.2696548216        4.1227050515     7167.9102245383        2.2696548240        1.8530502299      2.24952895
       392        2.3103919850        4.1232565043     7012.4651310514        2.3103919853        1.8128645193      2.07779293
       393        2.3849338884        4.1239827647     6726.9337978821        2.3849338885        1.7390488762      1.93376663
       394        2.4827033040        4.1248257753     6352.0061475177        2.4827033040        1.6421224713      1.47579103
       395        2.5913099992        4.1257181240     5935.3489228292        2.5913099992        1.5344081248      1.28579288
       396        2.6975875988        4.1265856316     5527.6049424640        2.6975875988        1.4289980327      1.15579469
       397        2.7887255007        4.1273514801     5178.0306272677        2.7887255007        1.3386259794      1.46564424
       398        2.8534106749        4.1279473534     4930.1224228079        2.8534106749        1.2745366785      1.87989763
       399        2.8828611322        4.1283142720     4817.6223991775        2.8828611322        1.2454531397      1.94549775
       400        2.8716721452        4.1284160391     4861.2969370287        2.8716721452        1.2567438939      1.96203501
       401        2.8183610205        4.1282406345     5066.8348471470        2.8183610205        1.3098796141      2.21623622
       402        2.7255565380        4.1277983150     5424.1072412261        2.7255565380        1.4022417770      2.25393622
       403        2.5998204214        4.1271275956     5907.8812504239        2.5998204214        1.5273071741      2.28455707
       404        2.4510967499        4.1262850672     6479.9104062110        2.4510967499        1.6751883174      2.26591550
       405        2.2918712140        4.1253412650     7092.1707962203        2.2918712142        1.8334700510      2.28390915
       406        2.1361178631        4.1243721693     7690.9023513974        2.1361178652        1.9882543062      2.26910783
       407        1.9981451956        4.1234569522     8221.0636411179        1.9981452245        2.1253117566      1.83780645
       408        1.8914239291        4.1226645656     8630.8143801089        1.8914243117        2.2312406365      2.30599978
       409        1.8275106519        4.1220581320     8875.6959079677        1.8275150916        2.2945474801      2.30548631
       410        1.8150877899        4.1216894599     8922.3235438833        1.8151299529        2.3066016700      2.14437034
       411        1.8591134397        4.1216342530     8751.8113697276        1.8594256853        2.2625208133      2.31313864
       412        1.9597753916        4.1220245534     8363.9437422725        1.9615332452        2.1622491618      2.36584211
       413        2.1109603576        4.1230109939     7782.9505615298        2.1184534786        2.0120506362      2.08911230
       414        2.2990036315        4.1245386248     7061.4766573187        2.3235436528        1.8255349933      2.22576461
       415        2.5042970296        4.1261672087     6273.6668721170        2.5678481480        1.6218701791      2.11520715
       416        2.7070479356        4.1273369307     5493.9169190060        2.8421334617        1.4202889951      1.99201773
       417        2.8935258340        4.1278510852     4774.5778528369        3.1387971031        1.2343252511      2.09612092
       418        3.0576349191        4.1279838427     4140.2898149873        3.4526736288        1.0703489237      2.24166687
       419        3.1973004138        4.1281910216     3600.8415731245        3.7807273874        0.9308906077      2.16112273
reaction occured at step 419 between IDs 1 and 2
       420        3.3093361616        4.1287493303     3169.6280729591        4.0967152119        0.8194131686      0.71408587
       421        3.3865894525        4.1295644097     2873.9522037161        3.9458339056        0.7429749572      1.04493264
       422        3.4189631479        4.1302611856     2751.4205470322        3.7893466503        0.7112980377      1.84201014
       423        3.3972169593        4.1304483513     2836.2624534689        3.6206448046        0.7332313920      2.17480565
       424        3.3172764874        4.1298990517     3143.3608721909        3.4363234423        0.8126225643      2.18273071
       425        3.1836003781        4.1285951175     3655.3987286441        3.2374844309        0.9449947394      2.36090990
       426        3.0104748883        4.1268170169     4318.1992740086        3.0302744911        1.1163421286      2.48636614
       427        2.8194986535        4.1250636762     5050.1452813235        2.8251320918        1.3055650227      2.15919126
       428        2.6337802488        4.1237029610     5763.2718586138        2.6349684401        1.4899227122      2.47710356
       429        2.4728492226        4.1227730811     6382.1832263931        2.4730286438        1.6499238585      2.16112273
       430        2.3511136850        4.1221556994     6850.6886420129        2.3511326546        1.7710420144      2.34070447
       431        2.2785192177        4.1217856628     7130.0648980500        2.2785206121        1.8432664452      2.40143047
       432        2.2611165799        4.1216559917     7196.8796403994        2.2611166520        1.8605394117      2.31750250
       433        2.3010997398        4.1217700843     7042.6593769335        2.3010997421        1.8206703445      2.24249917
       434        2.3967419063        4.1221216860     6674.0594316663        2.3967419063        1.7253797798      2.11966113
       435        2.5425092651        4.1226895891     6112.4034944317        2.5425092651        1.5801803240      2.14164568
       436        2.7294208655        4.1234337799     5392.2766156821        2.7294208655        1.3940129144      2.17421848
       437        2.9456589041        4.1243059621     4559.2052291785        2.9456589041        1.1786470580      4.43722132
       438        3.1773625101        4.1252462778     3666.5739764157        3.1773625101        0.9478837677      3.99369479
       439        3.4095748070        4.1261906140     2771.9905735083        3.4095748070        0.7166158069      4.04292816
       440        3.6272643188        4.1270749507     1933.3516603804        3.6272643188        0.4998106319      4.81067125
       441        3.8163518999        4.1278390024     1204.8845472059        3.8163518999        0.3114871026      4.58052033
       442        3.9646727583        4.1284303987      633.4421193169        3.9646727583        0.1637576404      4.39124951
       443        4.0628067400        4.1288094755      255.3096919112        4.0628067400        0.0660027356      4.78052722
       444        4.1047158239        4.1289508134       93.7450188403        4.1047158239        0.0242349895      4.71613568
       445        4.0881490490        4.1288451729      157.4194580876        4.0881490490        0.0406961240      4.64570048
       446        4.0147880908        4.1285018138      439.8638224799        4.0147880908        0.1137137229      4.48388846
       447        3.8901179912        4.1279442612      919.9520469368        3.8901179912        0.2378262700      4.87276947
       448        3.7230448632        4.1272115593     1563.3848165557        3.7230448632        0.4041666962      4.71889922
       449        3.5252766422        4.1263539404     2325.0681722447        3.5252766422        0.6010772982      4.62406362
       450        3.3105175099        4.1254310910     3152.2229108268        3.3105175099        0.8149135811      4.62465372
       451        3.0935236782        4.1245058212     3988.0124805807        3.0935236782        1.0309821430      3.27982501
       452        2.8890927514        4.1236416019     4775.4427727309        2.8890927514        1.2345488505      4.18848666
       453        2.7110492502        4.1228980794     5461.2689364647        2.7110492502        1.4118488292      4.86753345
       454        2.5712959338        4.1223255527     5999.6436600998        2.5712959338        1.5510296189      4.34257478
       455        2.4790005410        4.1219637468     6355.2582498189        2.4790005410        1.6429632058      4.43613497
       456        2.4399659432        4.1218373432     6505.7616948699        2.4399659433        1.6818714000      1.09831146
       457        2.4562331573        4.1219547573     6443.2915496460        2.4562331732        1.6657216000      2.33151815
       458        2.5259416898        4.1223074126     6175.0113416193        2.5259420705        1.5963657228      2.36707839
       459        2.6434587445        4.1228732685     5722.6244175706        2.6434629094        1.4794145240      2.34927792
       460        2.7997491624        4.1236167075     5120.9425193305        2.7997821474        1.3238675452      2.32717612
       461        2.9829422914        4.1244998625     4415.7368502599        2.9831339334        1.1415575711      2.40174879
       462        3.1790016371        4.1254830654     3661.1494917210        3.1798336347        0.9464814283      2.37413434
       463        3.3725178327        4.1265036994     2916.5442551039        3.3752871432        0.7539858666      2.33444691
       464        3.5478585941        4.1274536429     2241.9712155409        3.5551414393        0.5795950488      2.41390751
       465        3.6908592342        4.1281960249     1691.6923258243        3.7064772604        0.4373367907      1.80922549
       466        3.7907198821        4.1286341194     1307.1091529811        3.8188761990        0.3379142373      1.45706994
       467        3.8412822556        4.1287485231     1111.9679136304        3.8851332797        0.2874662675      1.50125467
       468        3.8411811226        4.1285980605     1111.7770985737        3.9015335514        0.2874169379      1.29449665
       469        3.7929810778        4.1282715185     1296.9598659882        3.8676906502        0.3352904407      1.63632116
       470        3.7018770118        4.1278536767     1647.7494470292        3.7861123987        0.4259766649      2.00330504
       471        3.5744553989        4.1274086943     2138.9164286082        3.6616416285        0.5529532954      2.01808691
       472        3.4177776293        4.1269697453     2743.2744874272        3.5008891703        0.7091921160      2.30548631
       473        3.2388666068        4.1265482981     3433.7022106401        3.3117523921        0.8876816913      2.33211832
       474        3.0445351311        4.1261350641     4183.8106132460        3.1030184094        1.0815999330      2.39421159
       475        2.8415093575        4.1256992345     4967.4626197423        2.8840424484        1.2841898770      2.25393622
       476        2.6367943121        4.1252140444     5757.4580790932        2.6644767691        1.4884197323      2.25470752
       477        2.4380480219        4.1246728222     6524.1486470746        2.4539373506        1.6866248002      2.23234586
       478        2.2536450295        4.1241217297     7235.3187452476        2.2615722618        1.8704767003      2.31861458
       479        2.0920682337        4.1236462268     7858.4856649089        2.0954653772        2.0315779931      2.16422028
       480        1.9607340677        4.1233407760     8365.3267924722        1.9619766647        2.1626067083      2.26591550
       481        1.8647373685        4.1232511152     8736.3113614214        1.8651260173        2.2585137467      2.20323362
       482        1.8061261693        4.1233766043     8963.5147593100        1.8062313790        2.3172504350      1.85597227
       483        1.7838151050        4.1236850118     9051.0106838939        1.7838403474        2.3398699068      2.33489814
       484        1.7939632707        4.1241364095     9013.5019527163        1.7939688321        2.3301731387      2.36584211
       485        1.8305621404        4.1246787293     8874.0291484586        1.8305633184        2.2941165889      2.26188475
       486        1.8861625399        4.1252620140     8661.2136869561        1.8861627930        2.2390994741      2.25365588
       487        1.9526456779        4.1258280378     8406.2351928363        1.9526457363        2.1731823599      2.24458263
       488        2.0220435945        4.1263271487     8139.7230142697        2.0220436098        2.1042835542      2.23007917
       489        2.0872980923        4.1267124346     7888.7979825766        2.0872980972        2.0394143422      2.15348149
       490        2.1429291181        4.1269511329     7674.5311354621        2.1429291200        1.9840220148      2.15521048
       491        2.1855194162        4.1270249551     7510.0702499601        2.1855194171        1.9415055389      2.16221877
       492        2.2139800529        4.1269333943     7399.6255435083        2.2139800535        1.9129533414      1.98177767
       493        2.2295630961        4.1266918744     7338.4134696010        2.2295630966        1.8971287783      1.92969922
       494        2.2356323679        4.1263325573     7313.5466055367        2.2356323685        1.8907001894      2.02751484
       495        2.2372127226        4.1258967919     7305.7479136461        2.2372127234        1.8886840693      2.18529739
       496        2.2403855431        4.1254323998     7291.6785629365        2.2403855443        1.8850468567      2.27031616
       497        2.2515907884        4.1249872887     7246.6130233483        2.2515907906        1.8733965003      2.28239878
       498        2.2769156501        4.1246060777     7147.1776067002        2.2769156545        1.8476904276      2.26386297
       499        2.3214367410        4.1243275101     6973.8849862556        2.3214367498        1.8028907691      2.05832026
       500        2.3886676270        4.1241760214     6713.2386184693        2.3886676437        1.7355083945      1.80854830
       501        2.4801743197        4.1241662861     6359.2376689371        2.4801743491        1.6439919664      1.75805494
       502        2.5953655402        4.1243001790     5914.1765575447        2.5953655850        1.5289346388      1.75041233
       503        2.7314780674        4.1245657339     5388.6976007261        2.7314781230        1.3930876665      1.85954365
       504        2.8837554032        4.1249414634     4801.1166173644        2.8837554548        1.2411860602      1.83887890
       505        3.0457903706        4.1253960712     4176.0965861850        3.0457904024        1.0796057005      2.07541301
       506        3.2100104223        4.1258938219     3542.7911656252        3.2100104327        0.9158833995      2.12806310
       507        3.3682528812        4.1263936359     2932.6160616522        3.3682528822        0.7581407547      1.84327500
       508        3.5123957073        4.1268544815     2376.8299744665        3.5123957073        0.6144587743      2.18108857
       509        3.6349877553        4.1272405895     1904.1168263313        3.6349877553        0.4922528341      2.32642913
       510        3.7298240765        4.1275204123     1538.3563735344        3.7298240765        0.3976963358      4.71061830
       511        3.7924340782        4.1276709481     1296.7526451615        3.7924340782        0.3352368699      4.84087451
       512        3.8204389443        4.1276799907     1188.4600870133        3.8204389443        0.3072410463      4.85351725
       513        3.8137502487        4.1275442278     1213.8079337196        3.8137502487        0.3137939790      4.83925840
       514        3.7746045368        4.1272721674     1364.1777619960        3.7746045368        0.3526676306      4.75980647
       515        3.7074235287        4.1268831484     1622.5404190494        3.7074235287        0.4194596197      4.87801677
       516        3.6185125377        4.1264041213     1964.6101419879        3.6185125377        0.5078915836      4.79507596
       517        3.5156241444        4.1258688111     2360.5290970275        3.5156241444        0.6102446667      4.94896368
       518        3.4074164678        4.1253164398     2776.9579400621        3.4074164678        0.7178999720      4.78968895
       519        3.3028402394        4.1247847009     3179.4195398480        3.3028402394        0.8219444615      4.57907336
       520        3.2105143791        4.1243127730     3534.7260128035        3.2105143791        0.9137983939      4.58283738
       521        3.1381147767        4.1239339396     3813.3144709966        3.1381147767        0.9858191629      4.66784138
       522        3.0918373999        4.1236757728     3991.3245215988        3.0918373999        1.0318383728      4.75761935
       523        3.0759606303        4.1235547110     4052.2702518047        3.0759606303        1.0475940807      4.37613652
       524        3.0925557877        4.1235836747     3988.1894261358        3.0925557877        1.0310278870      4.19916414
       525        3.1413309589        4.1237572519     3800.1902792720        3.1413309589        0.9824262931      4.49891826
       526        3.2196680493        4.1240650261     3498.3597490715        3.2196680493        0.9043969769      4.69292755
       527        3.3228043189        4.1244866954     3101.0423841137        3.3228043189        0.8016823764      4.31645364
       528        3.4441664821        4.1249908188     2633.5431414337        3.4441664821        0.6808243367      3.78631142
       529        3.5758395780        4.1255436160     2126.3477537523        3.5758395780        0.5497040379      3.86753325
       530        3.7091171319        4.1261070322     1612.9871289191        3.7091171319        0.4169899003      3.94049764
       531        3.8351092455        4.1266415603     1127.6960687254        3.8351092455        0.2915323147      4.39258019
       532        3.9453633629        4.1271108295      703.0297955402        3.9453633629        0.1817474666      4.56149368
       533        4.0324504382        4.1274833087      367.6031404935        4.0324504382        0.0950328705      4.44866027
       534        4.0904780678        4.1277327810      144.1075017267        4.0904780678        0.0372547131      4.44811422
       535        4.1154999344        4.1278418506       47.7406092105        4.1154999344        0.0123419161      4.44075566
       536        4.1057882872        4.1278026593       85.1552972924        4.1057882872        0.0220143722      4.61640593
       537        4.0619562735        4.1276199311      253.9980810934        4.0619562735        0.0656636576      4.37375977
       538        3.9869088096        4.1273030838      543.0686858104        3.9869088096        0.1403942741      4.61817084
       539        3.8856532471        4.1268759809      933.0901406896        3.8856532471        0.2412227338      4.84475756
       540        3.7649460782        4.1263672682     1398.0380028960        3.7649460782        0.3614211899      4.60935978
       541        3.6328287038        4.1258112289     1906.9393937285        3.6328287038        0.4929825251      4.73957449
       542        3.4980714167        4.1252467654     2426.0198249994        3.4980714167        0.6271753487      4.64391447
       543        3.3695623940        4.1247133543     2921.0510335694        3.3695623940        0.7551509603      4.71214961
       544        3.2556869858        4.1242474013     3359.7378968450        3.2556869858        0.8685604154      4.86328747
       545        3.1637421541        4.1238808969     3713.9782828591        3.1637421541        0.9601387427      4.86949564
       546        3.0994230956        4.1236383901     3961.8371715833        3.0994230956        1.0242152945      4.90442368
       547        3.0664251609        4.1235392167     4089.0951183244        3.0664251609        1.0571140558      4.74857978
       548        3.0661728053        4.1235880659     4090.2602289829        3.0661728053        1.0574152606      4.60935978
       549        3.0977224656        4.1237816842     3968.9697803736        3.0977224656        1.0260592186      4.56637935
       550        3.1578214261        4.1241057245     3737.7503265631        3.1578214261        0.9662842984      4.58428672
       551        3.2411349481        4.1245377278     3417.1506605966        3.2411349481        0.8834027798      3.50743192
       552        3.3406166486        4.1250465002     3034.3067135925        3.3406166486        0.7844298515      4.22782320
       553        3.4480032503        4.1255948924     2621.0385347200        3.4480032503        0.6775916421      3.51764575
       554        3.5543981429        4.1261451182     2211.6135462554        3.5543981429        0.5717469753      3.30887386
       555        3.6508930183        4.1266570564     1840.3353878805        3.6508930183        0.4757640382      2.80627146
       556        3.7291982408        4.1270949083     1539.1312903255        3.7291982408        0.3978966675      3.42634960
       557        3.7822224163        4.1274277247     1335.3122433504        3.7822224163        0.3452053084      2.79071168
       558        3.8045664087        4.1276312408     1249.6691539840        3.8045664087        0.3230648321      2.67306827
       559        3.7928982179        4.1276936037     1295.0449101958        3.7928982179        0.3347953857      3.63605946
       560        3.7461669018        4.1276106986     1475.4888168270        3.7461669018        0.3814437968      3.54552261
       561        3.6656588145        4.1273910568     1786.0580393636        3.6656588145        0.4617322423      3.22151183
       562        3.5548732923        4.1270519752     2213.2834637301        3.5548732923        0.5721786829      3.84394448
       563        3.4192418475        4.1266226974     2736.2682052331        3.4192418565        0.7073808499      1.04300786
       564        3.2656932952        4.1261364590     3328.3390011688        3.2656933497        0.8604431638      1.93134472
       565        3.1021178779        4.1256327171     3959.1276923255        3.1021180123        1.0235148392      2.30732119
       566        2.9367535713        4.1251520842     4596.9254981695        2.9367537653        1.1883985129      2.40549529
       567        2.7775508127        4.1247333640     5211.1288877881        2.7775510062        1.3471825513      2.40901327
       568        2.6315638471        4.1244110798     5774.5843963820        2.6315639947        1.4928472328      2.37966882
       569        2.5044159636        4.1242118804     6265.6432763095        2.5044160560        1.6197959168      2.40925350
       570        2.3998840146        4.1241509617     6669.7548073747        2.3998840650        1.7242669470      2.43115434
       571        2.3196443530        4.1242343304     6980.4578102848        2.3196443780        1.8045899774      2.42318867
       572        2.2631910918        4.1244524822     7199.6723754420        2.2631911038        1.8612613904      2.33783540
       573        2.2279588947        4.1247858482     7337.2459602772        2.2279589005        1.8968269535      2.39666589
       574        2.2096265319        4.1252017566     7409.7674293899        2.2096265349        1.9155752247      2.39904582
       575        2.2025958280        4.1256575885     7438.7266100393        2.2025958297        1.9230617605      2.27024505
       576        2.2006070634        4.1261079841     7448.1616923900        2.2006070645        1.9255009207      2.29883193
       577        2.1974249936        4.1265027614     7461.9975390784        2.1974249945        1.9290777678      2.32232924
       578        2.1875530714        4.1267983123     7501.3270368374        2.1875530723        1.9392452409      2.22905038
       579        2.1668796937        4.1269587508     7581.9157447626        2.1668796949        1.9600790571      1.78498604
       580        2.1331981795        4.1269603693     7712.2077719114        2.1331981815        1.9937621897      1.94242149
       581        2.0865365029        4.1267970546     7892.0712631225        2.0865365073        2.0402605516      1.77215446
       582        2.0292485351        4.1264803984     8112.4458870706        2.0292485470        2.0972318633      1.62316521
       583        1.9658532301        4.1260363232     8355.9518405930        1.9658532697        2.1601830931      1.85592474
       584        1.9026440500        4.1255066809     8598.4068439436        1.9026442027        2.2228626308      2.10660000
       585        1.8470927216        4.1249395197     8811.0948588132        1.8470933693        2.2778467981      2.22433014
       586        1.8071292530        4.1243900340     8963.5547796270        1.8071321170        2.3172607811      2.15386547
       587        1.7903457239        4.1239101322     9026.6199540991        1.7903582283        2.3335644083      1.92738999
       588        1.8032157405        4.1235502399     8975.4444399109        1.8032671068        2.3203344995      2.19955610
       589        1.8503654030        4.1233511468     8792.2914824520        1.8505563115        2.2729857438      2.29026016
       590        1.9339686666        4.1233471151     8468.8843904142        1.9345926721        2.1893784486      2.13169333
       591        2.0533134151        4.1235502642     8008.0246275147        2.0550766849        2.0702368490      2.37133795
       592        2.2046936273        4.1239335440     7423.9430750154        2.2089716951        1.9192399167      2.23958881
       593        2.3818077156        4.1244395544     6740.7933001338        2.3907347693        1.7426318388      2.24680926
       594        2.5766273377        4.1249895194     5989.3255642038        2.5927748295        1.5483621818      1.88224103
       595        2.7804705929        4.1255263716     5202.9021732977        2.8060788674        1.3450557787      1.81561595
       596        2.9847888181        4.1260299238     4414.5127085899        3.0208393719        1.1412411056      1.64909154
       597        3.1814493708        4.1265117369     3655.6603200290        3.2270087125        0.9450623661      1.65288999
       598        3.3626253661        4.1269905103     2956.6930477883        3.4147524318        0.7643651442      1.61950200
       599        3.5205958372        4.1274674616     2347.4816016231        3.5748498089        0.6068716244      2.03542949
       600        3.6477296792        4.1279240433     1857.4726344600        3.6991211329        0.4801943641      2.10146925
       601        3.7367766198        4.1283177135     1514.5468609075        3.7809013144        0.3915410937      2.41898315
       602        3.7815270090        4.1285787922     1342.4547189146        3.8155676732        0.3470517832      2.47085443
       603        3.7778201835        4.1286286167     1356.9860732001        3.8010969443        0.3508084332      2.51248217
       604        3.7246925516        4.1284033159     1561.6211950951        3.7385413618        0.4037107642      2.53444673
       605        3.6253056020        4.1278915917     1944.0872114389        3.6323110710        0.5025859897      2.50796128
       606        3.4871828943        4.1271456694     2475.4837427608        3.4901162582        0.6399627751      2.25183537
       607        3.3215374335        4.1262662947     3112.8266998609        3.3225251758        0.8047288612      2.08292830
       608        3.1418974591        4.1253492280     3804.1569923170        3.1421573022        0.9834517689      2.05435298
       609        2.9626334772        4.1244699281     4494.1789709369        2.9626854870        1.1618364509      1.86759362
       610        2.7977458206        4.1236733865     5128.9110260975        2.7977535744        1.3259275659      1.83482882
       611        2.6599777458        4.1230047603     5659.2347723294        2.6599785791        1.4630270145      2.17018215
       612        2.5600420531        4.1225053825     6043.8711769867        2.5600420890        1.5624633294      2.13426700
       613        2.5059426435        4.1222083957     6251.9880052124        2.5059426438        1.6162657522      1.98775638
       614        2.5024401257        4.1221349232     6265.2521298601        2.5024401257        1.6196947975      2.36152530
       615        2.5507236576        4.1222897666     6079.0822610342        2.5507236576        1.5715661091      2.14799280
       616        2.6483298833        4.1226614344     5702.9626225774        2.6483298833        1.4743315510      4.12319792
       617        2.7893163851        4.1232258054     5159.7861827198        2.7893163851        1.3339094203      4.42449015
       618        2.9646679920        4.1239434942     4484.2727906292        2.9646679920        1.1592755023      4.62317874
       619        3.1629209679        4.1247646852     3720.5734113643        3.1629209679        0.9618437173      4.53324826
       620        3.3709532447        4.1256327984     2919.2275534375        3.3709532447        0.7546795537      4.48610876
       621        3.5748879926        4.1264887716     2133.6846673809        3.5748879926        0.5516007790      4.56724262
       622        3.7610459471        4.1272734127     1416.6294862598        3.7610459471        0.3662274656      4.66273630
       623        3.9168864328        4.1279330489      816.3638380642        3.9168864328        0.2110466162      4.34778483
       624        4.0318675723        4.1284229284      373.4923710577        4.0318675723        0.0965553561      4.35562338
       625        4.0981676418        4.1287086487      118.1377560710        4.0981676418        0.0305410070      4.53864194
       626        4.1112233599        4.1287701907       67.8740952092        4.1112233599        0.0175468308      4.57156384
       627        4.0700446971        4.1286042521      226.5182163561        4.0700446971        0.0585595550      4.18582576
       628        3.9772818994        4.1282217460      583.8607351393        3.9772818994        0.1509398466      4.01938626
       629        3.8390476504        4.1276482995     1116.3558926196        3.8390476504        0.2886006491      4.16801272
       630        3.6645015997        4.1269232501     1788.7247860816        3.6645015997        0.4624216504      4.31337101
       631        3.4652243757        4.1260965369     2556.3647681281        3.4652243757        0.6608721612      3.67235373
       632        3.2544235557        4.1252239046     3368.4023367526        3.2544235557        0.8708003489      4.10056991
       633        3.0460306746        4.1243657713     4171.1816764273        3.0460306746        1.0783350966      4.52108871
       634        2.8537424607        4.1235811467     4911.9497970123        2.8537424607        1.2698386860      3.89894955
       635        2.6900793920        4.1229240626     5542.4843851752        2.6900793920        1.4328446706      3.50065558
       636        2.5655240639        4.1224401385     6022.4134615737        2.5655240639        1.5569160746      3.68205513
       637        2.4877965941        4.1221610253     6321.9967419546        2.4877965941        1.6343644311      3.50590495
       638        2.4613272933        4.1221069293     6424.1752011926        2.4613272934        1.6607796360      0.93420604
       639        2.4869472567        4.1222809850     6325.7461467690        2.4869472742        1.6353337283      1.58806225
       640        2.5618338296        4.1226715383     6037.5830028118        2.5618343097        1.5608377088      1.88910945
       641        2.6797022476        4.1232521272     5583.8939358080        2.6797074443        1.4435498796      1.84529300
       642        2.8312246313        4.1239880537     5000.6265362027        2.8312650305        1.2927634223      1.77375916
       643        3.0046022244        4.1248428114     4333.2791674006        3.0048328171        1.1202405870      2.02473944
       644        3.1862140727        4.1257824919     3634.4088086309        3.1871996114        0.9395684192      2.14164568
       645        3.3613570264        4.1267461982     2960.6541591496        3.3645957114        0.7653891718      2.33069341
       646        3.5153625817        4.1276243139     2368.3314458866        3.5238000474        0.6122617322      2.37873160
       647        3.6352804445        4.1282846428     1907.0232293501        3.6532714680        0.4930041983      2.34138501
       648        3.7117305278        4.1286301032     1612.6377366695        3.7441069016        0.4168995753      2.40039654
       649        3.7401096317        4.1286536897     1502.9538222437        3.7906536727        0.3885440580      2.30982131
       650        3.7205876628        4.1284192093     1577.5610746270        3.7906378859        0.4078315465      2.31587337
       651        3.6571136895        4.1280250046     1821.5642380126        3.7448906225        0.4709113151      2.28124935
       652        3.5559938469        4.1275610491     2210.9181537599        3.6567964414        0.5715672023      2.19815520
       653        3.4245784506        4.1270900203     2717.4330095050        3.5316481013        0.7025115697      2.39516104
       654        3.2703190666        4.1266543323     3312.4489601484        3.3760414407        0.8563352658      2.31092603
       655        3.1001917733        4.1262685643     3969.0377531072        3.1973473162        1.0260767910      2.20746119
       656        2.9204550525        4.1259315397     4662.9859778906        3.0033262926        1.2054764873      2.28491719
       657        2.7366502680        4.1256267266     5372.7947566447        2.8018479687        1.3889764586      2.34093127
       658        2.5538326942        4.1253224205     6078.7867997262        2.6006949324        1.5714897263      2.29541008
       659        2.3769983511        4.1249872824     6761.5154358002        2.4074107698        1.7479889313      2.27109871
       660        2.2115096314        4.1246086866     7400.1891889987        2.2291064650        1.9130990552      2.33422136
       661        2.0632144139        4.1242313963     7972.3606313499        2.0721889821        2.0610169824      2.28376522
       662        1.9379263696        4.1239294705     8455.8279777218        1.9419291702        2.1860031010      2.09575725
       663        1.8404453994        4.1237742450     8832.3003412991        1.8420035467        2.2833288456      1.95615700
       664        1.7735822243        4.1237973322     9091.0276633506        1.7741146419        2.3502151079      2.09242950
       665        1.7376669958        4.1239873971     9230.6890158990        1.7378290657        2.3863204013      1.97648140
       666        1.7306323096        4.1243078191     9259.1398124991        1.7306773255        2.3936755095      1.98264507
       667        1.7484719309        4.1247117517     9191.6956337479        1.7484837147        2.3762398208      2.12594078
       668        1.7858644306        4.1251551408     9048.7702539650        1.7858674527        2.3392907102      1.78701053
       669        1.8368247664        4.1255937234     8853.3436081432        1.8368255588        2.2887689570      1.71666445
       670        1.8953503536        4.1259871520     8628.4786326386        1.8953505754        2.2306367984      1.97863972
       671        1.9560114110        4.1263001450     8395.0421608736        1.9560114799        2.1702887340      1.97497338
       672        2.0144519910        4.1265094262     8169.7936947501        2.0144520156        2.1120574352      2.20089196
       673        2.0677457519        4.1266013656     7964.0000932585        2.0677457623        2.0588556137      1.97799173
       674        2.1145905042        4.1265751024     7782.6951151734        2.1145905094        2.0119845982      2.07755470
       675        2.1553197960        4.1264434466     7624.6380918192        2.1553197991        1.9711236506      2.19862197
       676        2.1917327377        4.1262270272     7482.9495568382        2.1917327400        1.9344942895      2.18787011
       677        2.2267818507        4.1259566250     7346.3277266454        2.2267818526        1.8991747743      2.21096285
       678        2.2641411155        4.1256655694     7200.6899492308        2.2641411172        1.8615244539      2.23200213
       679        2.3077196121        4.1253877770     7031.0464405912        2.3077196136        1.8176681648      2.23454827
       680        2.3611670547        4.1251550812     6823.4026292772        2.3611670557        1.7639880265      1.88615971
       681        2.4274188193        4.1249920213     6566.4989079243        2.4274188199        1.6975732020      1.67741097
       682        2.5083307264        4.1249169201     6253.2275271633        2.5083307266        1.6165861938      1.76822009
       683        2.6044222718        4.1249375371     5881.6090036854        2.6044222718        1.5205152653      1.69024191
       684        2.7147583555        4.1250533653     5455.2585014381        2.7147583555        1.4102950098      1.70519417
       685        2.8369669792        4.1252566542     4983.3213283321        2.8369669792        1.2882896750      1.69665184
       686        2.9673833719        4.1255289629     4479.9021036370        2.9673833719        1.1581455910      3.85047937
       687        3.1013189160        4.1258482310     3963.0518555868        3.1013189160        1.0245293150      4.24143101
       688        3.2334124532        4.1261888069     3453.4092223337        3.2334124532        0.8927763536      4.33815605
       689        3.3580410983        4.1265223135     2972.6147036336        3.3580410983        0.7684812152      4.37560813
       690        3.4697589470        4.1268218794     2541.6300296671        3.4697589470        0.6570629323      4.47088848
       691        3.5637212608        4.1270621928     2179.0975553110        3.5637212608        0.5633409319      4.30466075
       692        3.6360691853        4.1272235637     1899.8678146368        3.6360691853        0.4911543784      4.49055596
       693        3.6842392903        4.1272933132     1713.8075427551        3.6842392903        0.4430540230      4.54120132
       694        3.7071736913        4.1272632406     1624.9770928559        3.7071736913        0.4200895493      4.59009329
       695        3.7054276969        4.1271356678     1631.2374198288        3.7054276969        0.4217079708      3.96746076
       696        3.6811470052        4.1269171746     1724.3140543615        3.6811470052        0.4457701694      4.22019175
       697        3.6379393783        4.1266233294     1890.3117860969        3.6379393783        0.4886839511      4.53892617
       698        3.5806313856        4.1262749082     2110.6409971020        3.5806313856        0.5456435227      4.40834336
       699        3.5149381138        4.1258957246     2363.2868848891        3.5149381138        0.6109576108      4.14940019
       700        3.4470711445        4.1255133948     2624.3288303538        3.4470711445        0.6784422503      3.67123762
       701        3.3833054442        4.1251551535     2869.5995558443        3.3833054442        0.7418497094      3.36916945
       702        3.3295442673        4.1248468679     3076.3643372031        3.3295442673        0.7953026006      4.46372933
       703        3.2909081250        4.1246101571     3224.8998021593        3.2909081250        0.8337020321      4.83022813
       704        3.2713813536        4.1244620230     3299.8596334278        3.2713813536        0.8530806694      4.66393649
       705        3.2735372193        4.1244128663     3291.3302355954        3.2735372193        0.8508756470      4.70389234
       706        3.2983662720        4.1244683757     3195.5019997706        3.2983662720        0.8261021037      4.61376110
       707        3.3452063666        4.1246216712     3014.9096018476        3.3452063666        0.7794153046      3.66233315
       708        3.4118068881        4.1248642314     2758.2258370129        3.4118068881        0.7130573433      3.78295178
       709        3.4944873184        4.1251799615     2439.6253117626        3.4944873184        0.6306926431      3.86382200
       710        3.5884009101        4.1255452717     2077.7648115211        3.5884009101        0.5371443616      3.91961349
       711        3.6878853948        4.1259362672     1694.4545142721        3.6878853948        0.4380508724      3.67757120
       712        3.7868573221        4.1263243272     1313.1155202842        3.7868573221        0.3394670051      3.95080802
       713        3.8792457465        4.1266842516      957.1337902574        3.8792457465        0.2474385050      3.47314420
       714        3.9594113907        4.1269912395      648.2270648974        3.9594113907        0.1675798488      3.14641081
       715        4.0225395294        4.1272245471      404.9392710227        4.0225395294        0.1046850178      3.19425179
       716        4.0649706065        4.1273688159      241.3667779100        4.0649706065        0.0623982094      3.89454987
       717        4.0844477227        4.1274146801      166.2034243687        4.0844477227        0.0429669575      3.92470748
       718        4.0802654004        4.1273595220      182.1679899201        4.0802654004        0.0470941216      4.36690806
       719        4.0533095050        4.1272076792      285.8505777754        4.0533095050        0.0738981743      4.11757602
       720        4.0059880182        4.1269717103      467.9852868774        4.0059880182        0.1209836921      3.85991229
       721        3.9420511283        4.1266675577      714.1274265372        3.9420511283        0.1846164294      4.11944828
       722        3.8663262994        4.1263166240     1005.6863412407        3.8663262994        0.2599903246      4.31876851
       723        3.7843760375        4.1259436940     1321.2411934093        3.7843760375        0.3415676565      4.56206792
       724        3.7021062864        4.1255749909     1638.0482338052        3.7021062864        0.4234687044      4.05468941
       725        3.6253520775        4.1252360385     1933.6353096784        3.6253520775        0.4998839610      3.61827034
       726        3.5594691855        4.1249495990     2187.3734300649        3.5594691855        0.5654804135      3.02015056
       727        3.5089625818        4.1247363546     2381.9166102451        3.5089625818        0.6157737728      3.57843256
       728        3.4771696998        4.1246105153     2504.4100622350        3.4771696998        0.6474408156      4.20989621
       729        3.4660308188        4.1245808943     2547.3825496437        3.4660308188        0.6585500755      3.81521151
       730        3.4759536781        4.1246484241     2509.2604763481        3.4759536781        0.6486947460      3.98600743
       731        3.5057898664        4.1248083111     2394.4675474985        3.5057898664        0.6190184448      3.81059796
       732        3.5529166850        4.1250486910     2213.1029096522        3.5529166850        0.5721320060      3.07186459
       733        3.6134262004        4.1253533583     1980.2204223716        3.6134262004        0.5119271579      2.96832425
       734        3.6823981274        4.1256983811     1714.7600046178        3.6823981274        0.4433002537      3.74522391
       735        3.7542553860        4.1260610151     1438.2067616329        3.7542553860        0.3718056291      4.20818517
       736        3.8231515439        4.1264147567     1173.0731573353        3.8231515439        0.3032632128      4.01448837
       737        3.8833856450        4.1267339868      941.3123505325        3.8833856450        0.2433483418      3.99655766
       738        3.9298038226        4.1269968525      762.7758342860        3.9298038226        0.1971930299      3.48919570
       739        3.9581590062        4.1271862207      653.8257192017        3.9581590062        0.1690272145      3.99942463
       740        3.9653995927        4.1272853438      626.2013362830        3.9653995927        0.1618857511      3.90209826
       741        3.9498889955        4.1272912531      686.2217954084        3.9498889955        0.1774022576      4.51292485
       742        3.9114984714        4.1272033050      834.3826070478        3.9114984714        0.2157048335      4.85091849
       743        3.8516071884        4.1270286499     1065.3765764892        3.8516071884        0.2754214615      4.55833793
       744        3.7729861538        4.1267811961     1368.5387798161        3.7729861538        0.3537950422      4.50647100
       745        3.6795812855        4.1264814820     1728.6851895515        3.6795812855        0.4469001965      4.63441225
       746        3.5762051846        4.1261517597     2127.2859282870        3.5762051846        0.5499465751      4.19527513
       747        3.4681699422        4.1258169752     2543.8894292229        3.4681699422        0.6576470330      3.43984685
       748        3.3608819754        4.1255060409     2957.6945991626        3.3608819754        0.7646240655      3.78829046
       749        3.2594176032        4.1252423898     3349.1560239582        3.2594176032        0.8658247866      4.48472082
       750        3.1681348873        4.1250484292     3701.5026627401        3.1681348873        0.9569135418      4.56868212
       751        3.0903298581        4.1249420468     4002.0541087650        3.0903298581        1.0346121888      4.60321201
       752        3.0279689701        4.1249301284     4243.2304183495        3.0279689701        1.0969611583      4.54718446
       753        2.9815400413        4.1250193068     4423.1702878820        2.9815400413        1.1434792655      4.50451045
       754        2.9499956430        4.1252025339     4545.8980836804        2.9499956430        1.1752068909      4.49278286
       755        2.9308403839        4.1254654741     4621.0109474815        2.9308403839        1.1946250902      4.51855194
       756        2.9203363648        4.1257883825     4662.8913256080        2.9203363648        1.2054520177      4.79507596
       757        2.9138163136        4.1261438843     4689.4871217987        2.9138163136        1.2123275707      4.95878305
       758        2.9060929820        4.1264996785     4720.7385405258        2.9060929820        1.2204066965      4.92542121
       759        2.8919331768        4.1268239691     4776.7654614170        2.8919331768        1.2348907923      5.01366721
       760        2.8665490917        4.1270834261     4875.9589987714        2.8665490917        1.2605343344      4.92073957
       761        2.8260807620        4.1272499337     5033.1413898946        2.8260807620        1.3011691717      4.36954079
       762        2.7680113773        4.1273020597     5257.9651773864        2.7680113773        1.3592906825      4.54063232
       763        2.6914806066        4.1272277607     5553.7116800398        2.6914806066        1.4357471541      4.01537801
       764        2.5974584635        4.1270242554     5916.6179641741        2.5974584635        1.5295657919      4.82765424
       765        2.4887666513        4.1267026304     6335.8120910201        2.4887666513        1.6379359792      1.19525006
       766        2.3699270114        4.1262813262     6793.8741476488        2.3699270114        1.7563543149      2.22473980
       767        2.2468709239        4.1257895902     7267.9736910175        2.2468709242        1.8789186663      2.29621002
       768        2.1265171436        4.1252599694     7731.4737109002        2.1265171488        1.9987428259      2.26259086
       769        2.0162756528        4.1247275431     8155.8468399476        2.0162757226        2.1084518903      2.26740413
       770        1.9235152539        4.1242284852     8512.7292378116        1.9235161135        2.2007132313      2.28866910
       771        1.8550310916        4.1237954852     8775.9625893486        1.8550403187        2.2687643936      2.22884474
       772        1.8165275562        4.1234697868     8923.6408895947        1.8166095991        2.3069422306      2.20115933
       773        1.8119636860        4.1233474028     8940.8213059242        1.8125449589        2.3113837168      2.22092214
       774        1.8422240731        4.1236651931     8824.9983009337        1.8454295648        2.2814411200      1.94455820
       775        1.9023432740        4.1247694409     8596.7185279417        1.9160080308        2.2224261669      1.92360457
       776        1.9781770005        4.1267254700     8310.9471580530        2.0236240050        2.1485484695      2.00125837
       777        2.0471951852        4.1287061713     8051.6348873207        2.1676466854        2.0815109860      2.27088523
       778        2.0888929427        4.1290070016     7891.5046045013        2.3498596762        2.0401140589      2.02383484
       779        2.1019618074        4.1269213447     7832.8843640363        2.5759462619        2.0249595373      2.01125467
       780        2.1084145315        4.1250941457     7800.8562273748        2.8534395416        2.0166796141      1.98639442
reaction occured at step 780 between IDs 1 and 3
       781        2.1266309876        4.1262710707     7734.9444528231        2.6944058111        1.9996400831      0.69310764
       782        2.1445785794        4.1288737102     7675.5875945363        2.4753489175        1.9842951309      1.06468803
       783        2.1352938559        4.1295450216     7714.0992132030        2.2987033883        1.9942511657      2.36607382
       784        2.0899837153        4.1279889339     7883.3472550460        2.1567350748        2.0380052185      2.26669502
       785        2.0237552716        4.1258981435     8131.4424950312        2.0457269884        2.1021428719      2.25976906
       786        1.9599405175        4.1244470311     8372.6755592083        1.9656212297        2.1645065136      2.22535457
       787        1.9165682675        4.1238315862     8538.0660788753        1.9177019563        2.2072633187      2.20813372
       788        1.9025480506        4.1237550030     8592.0024009398        1.9027220344        2.2212069524      2.05301456
       789        1.9200170575        4.1239344802     8525.1235894509        1.9200378318        2.2039174226      2.16525478
       790        1.9674115297        4.1242420032     8342.9833440463        1.9674135117        2.1568304736      1.90519881
       791        2.0411126981        4.1246311990     8059.4002926065        2.0411128554        2.0835185009      1.64999256
       792        2.1361295534        4.1250782442     7693.5883474213        2.1361295644        1.9889486907      1.75261337
       793        2.2465008391        4.1255540433     7268.4941062695        2.2465008398        1.8790532042      1.68470219
       794        2.3657153894        4.1260300355     6809.1933753488        2.3657153894        1.7603146461      1.74728961
       795        2.4871611106        4.1264749277     6341.1418002426        2.4871611106        1.6393138171      1.71931142
       796        2.6045977877        4.1268600715     5888.3667650840        2.6045977877        1.5222622837      1.70431202
       797        2.7125995712        4.1271589414     5471.7537651943        2.7125995712        1.4145593702      3.43202828
       798        2.8069390104        4.1273534508     5107.5853285483        2.8069390104        1.3204144403      4.27697233
       799        2.8848644835        4.1274346633     4806.4706245727        2.8848644835        1.2425701797      4.01426603
       800        2.9452499186        4.1274025890     4572.7655278554        2.9452499186        1.1821526704      3.80819531
       801        2.9886052528        4.1272661956     4404.5322042236        2.9886052528        1.1386609428      3.95922501
       802        3.0169485352        4.1270428532     4294.0316910819        3.0169485352        1.1100943180      4.21307755
       803        3.0335542561        4.1267563740     4228.6898172488        3.0335542561        1.0932021179      4.51996091
       804        3.0426052311        4.1264343964     4192.4336590019        3.0426052311        1.0838291653      4.40673516
       805        3.0487824718        4.1261055355     4167.2669624289        3.0487824718        1.0773230636      4.88459180
       806        3.0568340447        4.1257999794     4134.9401806866        3.0568340447        1.0689659346      4.30287183
       807        3.0711461604        4.1255399318     4078.5726003360        3.0711461604        1.0543937714      4.61053264
       808        3.0953763301        4.1253465848     3984.0983262085        3.0953763301        1.0299702547      4.70725291
       809        3.1321470002        4.1252347404     3841.4305516179        3.1321470002        0.9930877402      4.47006125
       810        3.1828347709        4.1252101388     3645.2665587108        3.1828347709        0.9423753679      4.18824462
       811        3.2474699718        4.1252722612     3395.4870208878        3.2474699718        0.8778022893      4.06105077
       812        3.3247414756        4.1254136346     3097.1346930455        3.3247414756        0.8006721590      3.56347771
       813        3.4121085027        4.1256213969     2759.9879848512        3.4121085027        0.7135128942      4.13236633
       814        3.5060058407        4.1258787411     2397.7727256106        3.5060058407        0.6198729004      3.93173338
       815        3.6021234364        4.1261645929     2027.0794082622        3.6021234364        0.5240411565      4.21798133
       816        3.6957405468        4.1264539174     1666.0718220354        3.6957405468        0.4307133706      3.63350745
       817        3.7820962946        4.1267259916     1333.0856818386        3.7820962946        0.3446296971      3.90798949
       818        3.8567454875        4.1269564499     1045.2214890397        3.8567454875        0.2702109625      4.09616667
       819        3.9159090230        4.1271290247      817.0345227287        3.9159090230        0.2112200018      3.75453653
       820        3.9567569688        4.1272295188      659.4165202414        3.9567569688        0.1704725500      3.36713464
       821        3.9776303185        4.1272486319      578.7488225132        3.9776303185        0.1496183134      3.82225362
       822        3.9781758119        4.1271835078      576.3868509422        3.9781758119        0.1490076959      3.92619573
       823        3.9593850580        4.1270384827      648.5116687633        3.9593850580        0.1676534247      4.30006367
       824        3.9235337791        4.1268232989      786.3580836852        3.9235337791        0.2032895198      3.99369479
       825        3.8740285771        4.1265517061      976.8019717200        3.8740285771        0.2525231290      3.98973759
       826        3.8151749419        4.1262431167     1203.2640640969        3.8151749419        0.3110681748      4.19673266
       827        3.7518747389        4.1259187227     1446.8650946742        3.7518747389        0.3740439839      4.21699966
       828        3.6892837204        4.1256012137     1687.7495120210        3.6892837204        0.4363174933      3.43219080
       829        3.6324490160        4.1253136075     1906.4832067052        3.6324490160        0.4928645915      3.30630779
       830        3.5859501660        4.1250750042     2085.4256282230        3.5859501660        0.5391248382      3.22739338
       831        3.5535789506        4.1249032694     2209.9786395138        3.5535789506        0.5713243188      3.43154079
       832        3.5380668500        4.1248105396     2269.6233615125        3.5380668500        0.5867436896      3.26799410
       833        3.5408910966        4.1248034790     2258.6713887657        3.5408910966        0.5839123824      3.64960840
       834        3.5621673564        4.1248825474     2176.6770840279        3.5621673564        0.5627151910      3.89120440
       835        3.6006386340        4.1250423029     2028.4816674956        3.6006386340        0.5244036689      4.07383357
       836        3.6537609117        4.1252723866     1823.8857575697        3.6537609117        0.4715114750      3.53015309
       837        3.7178761198        4.1255556598     1576.9730879800        3.7178761198        0.4076795400      3.76428654
       838        3.7884707317        4.1258739572     1305.1324734371        3.7884707317        0.3374032255      4.47724074
       839        3.8604856877        4.1262047228     1027.8459580118        3.8604856877        0.2657190351      4.62760651
       840        3.9286713412        4.1265239403      765.3271588058        3.9286713412        0.1978525990      4.25487690
       841        3.9879568805        4.1268091773      537.1040577035        3.9879568805        0.1388522968      4.12789458
       842        4.0338078501        4.1270417081      360.6442571592        4.0338078501        0.0932338579      4.36401572
       843        4.0625436350        4.1272041962      250.1179352809        4.0625436350        0.0646605612      3.78512498
       844        4.0716026341        4.1272839339      215.3846404833        4.0716026341        0.0556812997      3.23849746
       845        4.0597312520        4.1272761959      261.2752131746        4.0597312520        0.0675449439      3.71222972
       846        4.0270754661        4.1271798223      387.2205009719        4.0270754661        0.1001043562      3.95533580
       847        3.9751841919        4.1270015846      587.2552311014        3.9751841919        0.1518173926      4.34179435
       848        3.9069075418        4.1267531565      850.3998455422        3.9069075418        0.2198456147      4.43694969
       849        3.8262063595        4.1264510286     1161.3969219282        3.8262063595        0.3002446691      4.34257478
       850        3.7378828984        4.1261166819     1501.7536283855        3.7378828984        0.3882337835      3.59226671
       851        3.6472469140        4.1257730249     1851.0195502632        3.6472469140        0.4785261109      4.11033705
       852        3.5597468620        4.1254439756     2188.2116624995        3.5597468620        0.5656971136      4.08877204
       853        3.4805875613        4.1251527712     2493.2867352258        3.4805875613        0.6445652098      4.09987403
       854        3.4143626746        4.1249204665     2748.5571516142        3.4143626746        0.7105577919      4.06948754
       855        3.3647267433        4.1247632690     2939.9492229090        3.3647267433        0.7600365257      3.86402800
       856        3.3341335896        4.1246921724     3058.0136777569        3.3341335896        0.7905585828      3.89999855
       857        3.3236591952        4.1247140907     3098.6151823666        3.3236591952        0.8010548955      3.95210061
       858        3.3329129980        4.1248253946     3063.2504572285        3.3329129980        0.7919123965      4.33556099
       859        3.3600657954        4.1250197841     2958.9707978666        3.3600657954        0.7649539888      4.82540434
       860        3.4019669264        4.1252842474     2797.9131581022        3.4019669264        0.7233173210      4.62288386
       861        3.4543594516        4.1256001880     2596.4721623954        3.4543594516        0.6712407364      4.53636935
       862        3.5121743660        4.1259457650     2374.1710912214        3.5121743660        0.6137713990      4.41344374
       863        3.5698803950        4.1262966900     2152.3118938765        3.5698803950        0.5564162950      4.37560813
       864        3.6218684871        4.1266294546     1952.5003917558        3.6218684871        0.5047609675      3.54413560
       865        3.6628372789        4.1269205684     1795.1522855862        3.6628372789        0.4640832895      3.56207663
       866        3.6881606990        4.1271507572     1698.0874428320        3.6881606990        0.4389900582      4.37930955
       867        3.6942012537        4.1273039410     1675.3141012047        3.6942012537        0.4331026873      4.54034787
       868        3.6785561132        4.1273709959     1736.0915179098        3.6785561132        0.4488148827      4.52843318
       869        3.6402092058        4.1273493028     1884.3398981123        3.6402092058        0.4871400969      4.58254762
       870        3.5795823868        4.1272425614     2118.4417464002        3.5795823868        0.5476601746      4.50031500
       871        3.4984810721        4.1270603493     2431.4504567997        3.4984810721        0.6285792772      4.67476607
       872        3.3999391826        4.1268186235     2811.6920371670        3.3999391826        0.7268794408      4.94930163
       873        3.2879708910        4.1265374172     3243.7164839969        3.2879708910        0.8385665261      4.81706587
       874        3.1672528315        4.1262411848     3709.5283828676        3.1672528315        0.9589883533      4.74112469
       875        3.0427525718        4.1259535626     4190.0037742881        3.0427525718        1.0832009908      4.36690806
       876        2.9193438368        4.1256987180     4666.3837532671        2.9193438368        1.2063548811      4.69262370
       877        2.8014278108        4.1254979869     5121.7263295980        2.8014278108        1.3240701760      4.52815026
       878        2.6925975770        4.1253680741     5542.1974695908        2.6925975770        1.4327704971      4.64212984
       879        2.5953739384        4.1253203431     5918.0902384306        2.5953739384        1.5299464047      4.59387546
       880        2.5110325246        4.1253568396     6244.4781995211        2.5110325246        1.6143243150      4.53041462
       881        2.4395493231        4.1254724623     6521.4345043566        2.4395493231        1.6859231393      1.11332678
       882        2.3796655883        4.1256549661     6753.7808262196        2.3796655883        1.7459893778      2.28412509
       883        2.3290734250        4.1258848956     6950.3692364008        2.3290734252        1.7968114706      1.99130624
       884        2.2847084277        4.1261336139     7122.9425984637        2.2847084281        1.8414251862      2.10911341
       885        2.2431396449        4.1263726868     7284.6624219261        2.2431396456        1.8832330419      1.97185692
       886        2.2009985966        4.1265697975     7448.4335478109        2.2009985979        1.9255712008      1.93464413
       887        2.1554324375        4.1266979972     7625.1870198814        2.1554324397        1.9712655597      2.13854926
       888        2.1045102534        4.1267336583     7822.3005433710        2.1045102581        2.0222234049      1.71984180
       889        2.0475553182        4.1266620515     8042.3348329309        2.0475553301        2.0791067333      1.90615083
       890        1.9853517574        4.1264790230     8282.2406923236        1.9853517925        2.1411272656      2.09158413
       891        1.9202008473        4.1261925058     8533.1470830337        1.9202009660        2.2059916585      2.26308540
       892        1.8558110363        4.1258208167     8780.7799549075        1.8558114825        2.2700097804      2.11440496
       893        1.7970301072        4.1253916952     9006.4945693985        1.7970319035        2.3283615880      2.14799280
       894        1.7494391040        4.1249414310     9188.8428835477        1.7494465341        2.3755023270      2.10452026
       895        1.7188331790        4.1245083295     9305.5564440793        1.7188634611        2.4056751505      2.29839453
       896        1.7106408658        4.1241389898     9335.8170223611        1.7107577811        2.4134981240      2.23090289
       897        1.7292823003        4.1238806836     9262.7096436105        1.7296956957        2.3945983833      2.17031212
       898        1.7775175910        4.1237783700     9075.7316534567        1.7788217287        2.3462607790      2.01253917
       899        1.8558637468        4.1238604715     8772.9931170581        1.8594721208        2.2679967248      1.93785121
       900        1.9623047196        4.1241128567     8362.2377845144        1.9709928527        2.1618081371      2.08238969
       901        2.0926046817        4.1244631457     7859.5705740021        2.1108213594        2.0318584641      1.85146817
       902        2.2413180262        4.1248150960     7285.6837263534        2.2748327992        1.8834970698      2.15912694
       903        2.4030414197        4.1250973702     6661.2023007275        2.4578124069        1.7220559505      2.03154987
       904        2.5732448007        4.1253122437     6003.6581383518        2.6539145012        1.5520674430      1.32369458
       905        2.7482684678        4.1254963654     5327.3493451674        2.8569177991        1.3772278976      1.57460673
       906        2.9248028784        4.1256978696     4645.2639798632        3.0603506336        1.2008949912      1.87780328
       907        3.0992644182        4.1259421150     3971.3621579243        3.2575062321        1.0266776968      1.69415332
       908        3.2674125899        4.1262428351     3322.0999604461        3.4414898891        0.8588302452      1.69419292
       909        3.4241904727        4.1265991687     2717.0350771193        3.6053004766        0.7024086961      1.72709575
       910        3.5637316751        4.1270036048     2178.8306428762        3.7420041347        0.5632719297      2.08053660
       911        3.6794562582        4.1274467084     1732.9024742495        3.8450010291        0.4479904502      1.77146143
       912        3.7642547516        4.1278940809     1406.6181389714        3.9083740042        0.3636393292      1.59445559
       913        3.8109293823        4.1282943541     1227.6211350777        3.9273968848        0.3173649719      1.89241424
       914        3.8129764966        4.1285572025     1220.7192940151        3.8991274613        0.3155807059      1.92329830
       915        3.7658612844        4.1285737776     1403.0329811325        3.8231027454        0.3627124932      2.12968891
       916        3.6686173468        4.1282391276     1777.8944192043        3.7019669193        0.4596217808      1.84943666
       917        3.5253529098        4.1275217737     2329.2905323477        3.5418982206        0.6021688639      2.09484864
       918        3.3458326457        4.1265067182     3019.7787278140        3.3525924390        0.7806740725      2.16131607
       919        3.1444962592        4.1253675398     3794.1752291782        3.1466913186        0.9808712806      2.07648330
       920        2.9381674601        4.1242725887     4588.0543018630        2.9387146881        1.1861051287      2.03229042
       921        2.7436257910        4.1233139832     5336.8661784444        2.7437273761        1.3796881921      2.04715775
       922        2.5760108324        4.1225230785     5982.1697015086        2.5760245516        1.5465122461      1.55567995
       923        2.4480124630        4.1219256126     6474.9778424473        2.4480137936        1.6739131496      1.51224932
       924        2.3693076800        4.1215489154     6777.9640635359        2.3693077705        1.7522412353      1.71285090
       925        2.3460575638        4.1214174633     6867.3909482387        2.3460575661        1.7753598995      1.43976109
       926        2.3805221472        4.1215393152     6734.5474814264        2.3805221472        1.7410171679      1.92074980
       927        2.4709154896        4.1219081382     6386.3174864756        2.4709154896        1.6509926486      1.71845536
       928        2.6115219361        4.1224993450     5844.7149694126        2.6115219361        1.5109774089      1.34949956
       929        2.7930843646        4.1232718065     5145.3889438743        2.7930843646        1.3301874419      3.35964275
       930        3.0034381460        4.1241742857     4335.1960483757        3.0034381460        1.1207361396      4.00030760
       931        3.2283373194        4.1251455995     3469.0053926275        3.2283373194        0.8968082801      4.01693583
       932        3.4524282515        4.1261198348     2605.9524508183        3.4524282515        0.6736915833      3.68805074
       933        3.6602997537        4.1270313549     1805.3964011826        3.6602997537        0.4667316012      4.12249435
       934        3.8375352932        4.1278161340     1122.8551572674        3.8375352932        0.2902808409      4.38036825
       935        3.9717076487        4.1284211452      606.1941848655        3.9717076487        0.1567134965      4.84249169
       936        4.0532324264        4.1288053040      292.3286122581        4.0532324264        0.0755728776      3.89078662
       937        4.0760306883        4.1289406159      204.6645063505        4.0760306883        0.0529099275      4.34049426
       938        4.0379585598        4.1288172846      351.4568421916        4.0379585598        0.0908587248      4.47033696
       939        3.9409638646        4.1284430031      725.2008670973        3.9409638646        0.1874791385      4.50395060
       940        3.7909635308        4.1278423489     1303.1039772342        3.7909635308        0.3368788181      3.87414866
       941        3.5974483461        4.1270557840     2048.6107218894        3.5974483461        0.5296074379      4.26840831
       942        3.3728397529        4.1261366633     2913.8792565391        3.3728397529        0.7532969104      4.34257478
       943        3.1316435782        4.1251471328     3843.0389913772        3.1316435782        0.9935035545      4.30414948
       944        2.8894607364        4.1241541997     4776.0021593879        2.8894607364        1.2346934633      4.22166665
       945        2.6619237425        4.1232255701     5652.5614590656        2.6619237425        1.4613018276      4.14299606
       946        2.4636314469        4.1224230959     6416.4853328711        2.4636314469        1.6587916490      3.99369479
       947        2.3071616499        4.1217992246     7019.3236080837        2.3071616499        1.8146375748      1.02612942
       948        2.2022293011        4.1213957070     7423.6587228460        2.2022293065        1.9191664059      2.10171301
       949        2.1550401240        4.1212372262     7605.5813732434        2.1550402746        1.9661971022      2.04640633
       950        2.1678917049        4.1213329982     7556.2397573478        2.1678946963        1.9534412934      2.37631387
       951        2.2390154495        4.1216866075     7282.4889607944        2.2390563799        1.8826711581      2.00048504
       952        2.3625131547        4.1223402822     6807.3075715358        2.3628954136        1.7598271275      2.46354769
       953        2.5278576458        4.1234530875     6172.0317647230        2.5303183810        1.5955954417      2.33662948
       954        2.7183630847        4.1252216742     5441.9658489242        2.7295791085        1.4068585894      2.27116988
       955        2.9100351904        4.1274959708     4709.3432412265        2.9477384410        1.2174607804      2.34191460
       956        3.0747659653        4.1296102174     4080.3151354274        3.1729863604        1.0548442521      2.35003966
       957        3.1886069771        4.1308228190     3644.6494853977        3.3973242522        0.9422158419      2.17376202
       958        3.2395420030        4.1308069416     3447.5628145060        3.6183486876        0.8912649386      2.27838085
       959        3.2294353042        4.1299334588     3483.2784485844        3.8391283277        0.9004981547      2.00707743
reaction occured at step 959 between IDs 1 and 2
       960        3.1686965505        4.1291634070     3715.2474819189        3.8764654053        0.9604668564      0.73569342
       961        3.0664029096        4.1290461430     4110.4829078682        3.5253381329        1.0626432334      1.04314296
       962        2.9249012099        4.1290516854     4657.8567409811        3.1929553523        1.2041504755      2.06318350
       963        2.7449256985        4.1282702496     5351.0095902362        2.8803259096        1.3833445511      2.04993702
       964        2.5353178397        4.1264254753     6154.6721751055        2.5918277794        1.5911076356      2.09751615
       965        2.3171985134        4.1241188080     6989.4718695995        2.3357632770        1.8069202947      2.21813537
       966        2.1184265449        4.1222356723     7751.0710180471        2.1230135887        2.0038091274      2.11052599
       967        1.9634762765        4.1211782769     8346.3545566947        1.9642993658        2.1577020004      2.15662133
       968        1.8675285308        4.1207948713     8716.0135108688        1.8676338843        2.2532663405      1.79444350
       969        1.8368932769        4.1208488175     8834.7245028190        1.8369029328        2.2839555405      1.87372542
       970        1.8713759794        4.1212224507     8702.7848813029        1.8713766316        2.2498464713      2.14316557
       971        1.9657730983        4.1218630295     8340.1188017068        1.9657731326        2.1560899313      2.08394644
       972        2.1106661372        4.1227266014     7782.9885776739        2.1106661388        2.0120604642      1.93987402
       973        2.2931578523        4.1237530157     7081.0502471473        2.2931578524        1.8305951634      1.96368293
       974        2.4978104449        4.1248710249     6293.7442161940        2.4978104449        1.6270605800      2.15194695
       975        2.7077659387        4.1259977329     5485.9593195733        2.7077659387        1.4182317942      2.15559507
       976        2.9060080721        4.1270508075     4723.1988459984        2.9060080721        1.2210427354      2.08424608
       977        3.0766547278        4.1279475048     4066.5774320129        3.0766547278        1.0512927770      2.05057499
       978        3.2062064041        4.1286159828     3568.0355251473        3.2062064041        0.9224095787      2.40677337
       979        3.2846281769        4.1290028924     3266.1835380558        3.2846281769        0.8443747155      2.28254254
       980        3.3061630032        4.1290764895     3183.1678912256        3.3061630032        0.8229134864      2.21251521
       981        3.2698018340        4.1288328436     3322.8765511399        3.2698018340        0.8590310096      2.27523381
       982        3.1793503506        4.1282939820     3670.6737077419        3.1793503506        0.9489436314      2.03617286
       983        3.0430956377        4.1275081417     4194.6901113008        3.0430956377        1.0844125040      2.17330574
       984        2.8730974897        4.1265404377     4848.5283227806        2.8730974897        1.2534429481      1.93258068
       985        2.6841919902        4.1254691602     5575.1027122623        2.6841919902        1.4412771700      1.59709070
       986        2.4927960367        4.1243806897     6311.2440924929        2.4927960367        1.6315846531      1.87824124
       987        2.3156107864        4.1233562559     6992.6637846258        2.3156107864        1.8077454695      1.92677513
       988        2.1683481857        4.1224726135     7558.8822362380        2.1683481865        1.9541244278      1.17624027
       989        2.0645467168        4.1217913050     7957.7683756413        2.0645467318        2.0572445882      1.85459501
       990        2.0145779640        4.1213617423     8149.3943019170        2.0145781971        2.1067837783      1.97153509
       991        2.0248780725        4.1212143146     8108.9814732935        2.0248809436        2.0963362421      1.68784083
       992        2.0974544149        4.1213644928     7828.8248783463        2.0974812973        2.0239100779      1.37458177
       993        2.2296361927        4.1218252286     7319.3057145253        2.2298235659        1.8921890359      1.44524463
       994        2.4139543520        4.1226143665     6609.3845653611        2.4149244847        1.7086600146      1.94434953
       995        2.6381167539        4.1237240987     5746.5792912060        2.6418971441        1.4856073449      2.00629960
       996        2.8855421871        4.1250397678     4794.5852943847        2.8969066491        1.2394975807      2.12456977
       997        3.1373329560        4.1263136477     3825.5437965456        3.1645543253        0.9889806917      1.82517182
       998        3.3756636503        4.1273081697     2907.4875301720        3.4295104731        0.7516445195      2.03360194
       999        3.5868325380        4.1279337507     2093.0705775948        3.6779484323        0.5411012127      2.10464248
