      Step          Pe(mixed)          E_total                Temp                  Pe                  Ke   Speed(ns/day)
         0        4.1288978591        4.6459384391     2000.0000000000        4.4706424297        0.5170405800      0.00000000
         1        4.0920823803        4.6310205778     2084.7036705707        4.3893000851        0.5389381975      0.18713355
         2        4.0187656435        4.6565007994     2466.8669366634        4.2660051686        0.6377351559      0.18922166
         3        3.9053292626        4.6519803098     2888.1719385850        4.0985771501        0.7466510471      0.18303619
         4        3.7542460890        4.6003678040     3272.9412262738        3.8947179930        0.8461217150      0.19227626
         5        3.5720208929        4.5824381588     3908.4640742079        3.6660671264        1.0104172659      0.19153237
         6        3.3599530715        4.5313061369     4530.9908377107        3.4162039371        1.1713530654      0.19154705
         7        3.1290665103        4.5337741927     5433.6457785367        3.1585372668        1.4047076824      0.19248613
         8        2.8866657619        4.5528610932     6445.1240224037        2.8996040637        1.6661953314      0.19054342
         9        2.6479161984        4.5532932596     7370.3192164818        2.6524955066        1.9053770612      0.17402790
        10        2.4318320179        4.5573791963     8221.9742921333        2.4331054035        2.1255471784      0.18553356
        11        2.2538387001        4.4903006553     8651.0113198410        2.2541101907        2.2364619552      0.19077765
        12        2.1271045287        4.5144436434     9234.6295706699        2.1271496843        2.3873391147      0.19228085
        13        2.0550903459        4.4725629982     9351.1911665746        2.0550960359        2.4174726522      0.18252913
        14        2.0406438648        4.4677902568     9388.6108203367        2.0406444362        2.4271463920      0.18333993
        15        2.0806381128        4.4769431374     9269.3112193428        2.0806381598        2.3963050245      0.18607133
        16        2.1690241579        4.5170341708     9082.4979845230        2.1690241613        2.3480100129      0.19161288
        17        2.2973215367        4.5114580903     8564.6529082432        2.2973215369        2.2141365536      0.18630665
        18        2.4520540739        4.4868162874     7870.8027657896        2.4520540739        2.0347622135      0.18701622
        19        2.6176658023        4.4835928165     7217.7197935225        2.6176658023        1.8659270142      0.19246977
        20        2.7796753068        4.4356082049     6405.4272029493        2.7796753068        1.6559328981      0.19164379
        21        2.9213312029        4.4213540284     5802.3407969246        2.9213312029        1.5000228255      0.18664538
        22        3.0314635251        4.4566758287     5512.9611048700        3.0314635251        1.4252123036      0.19212335
        23        3.1020765051        4.4357368551     5158.8227367535        3.1020765051        1.3336603500      0.19181674
        24        3.1254992227        4.4173476927     4997.0873464947        3.1254992227        1.2918484700      0.19172287
        25        3.1001615787        4.4602298857     5260.9731601328        3.1001615787        1.3600683070      0.18054263
        26        3.0275168088        4.3894809667     5268.3066303913        3.0275168088        1.3619641579      0.17546755
        27        2.9170675320        4.3461356150     5527.8759085872        2.9170675320        1.4290680830      0.17742889
        28        2.7780484707        4.3016438158     5893.5232709207        2.7780484707        1.5235953451      0.19000294
        29        2.6227042610        4.3163504520     6551.3085684174        2.6227042610        1.6936461910      0.17666297
        30        2.4618443130        4.3768023419     7407.3800124941        2.4618443130        1.9149580290      0.17780279
        31        2.3085575908        4.3891661409     8048.1441129391        2.3085575910        2.0806085500      0.18529261
        32        2.1796050717        4.3994486879     8586.7287872446        2.1796050746        2.2198436162      0.18612150
        33        2.0878159219        4.3606618574     8791.7506803207        2.0878159628        2.2728459355      0.18031400
        34        2.0434918940        4.3588150090     8956.0595612190        2.0434923926        2.3153231150      0.18564524
        35        2.0519107581        4.4010409662     9086.8310881912        2.0519157549        2.3491302081      0.18066954
        36        2.1162826931        4.4105984715     8874.7996468743        2.1163228688        2.2943157784      0.17606687
        37        2.2352868514        4.3672236229     8246.6903139467        2.2355355576        2.1319367715      0.17689581
        38        2.4005655856        4.3454313278     7523.0680816323        2.4017223445        1.9448657422      0.19047181
        39        2.6009983963        4.3454654835     6747.8923501300        2.6051276449        1.7444670872      0.17650980
        40        2.8228147515        4.3021331943     5722.2527595545        2.8344547347        1.4793184429      0.19181522
        41        3.0458977925        4.2943228259     4829.1181842309        3.0722004370        1.2484250334      0.18400741
        42        3.2571084121        4.2711132519     3922.3414139004        3.3068232993        1.0140048398      0.18253051
        43        3.4430589679        4.2704719740     3200.5727910224        3.5237444853        0.8274130061      0.11682413
        44        3.5985523850        4.2501596692     2520.5266645156        3.7147800948        0.6516072843      0.19087763
        45        3.7177823483        4.2157988292     1926.4115825486        3.8690331159        0.4980164810      0.18516668
        46        3.7981147199        4.1981579460     1547.4345402465        3.9786177201        0.4000432261      0.19068780
        47        3.8414799093        4.2236821507     1478.4226083822        4.0423210493        0.3822022415      0.19133467
        48        3.8507396379        4.2011499944     1355.4462457596        4.0618984050        0.3504103565      0.19142462
        49        3.8262352237        4.2220709321     1531.1591533316        4.0361849563        0.3958357084      0.19227013
        50        3.7678577276        4.2552935547     1885.4838321160        3.9654281115        0.4874358271      0.18462613
        51        3.6756403818        4.2549153646     2240.7331462790        3.8507980713        0.5792749828      0.19112881
        52        3.5541400839        4.2273022458     2603.9045597903        3.7000432686        0.6731621619      0.17587503
        53        3.4081887634        4.2388441567     3213.1148904097        3.5217839525        0.8306553933      0.19244473
        54        3.2369843209        4.1935345294     3700.0972282811        3.3180133935        0.9565502085      0.19227217
        55        3.0501015288        4.1640027868     4308.7575757282        3.1027166102        1.1139012580      0.19217684
        56        2.8520162001        4.1693297462     5095.5905476353        2.8824263946        1.3173135461      0.19350625
        57        2.6486674801        4.1907463502     5965.0206568022        2.6638416219        1.5420788701      0.19224820
        58        2.4507045895        4.1323063828     6504.7188107521        2.4570572362        1.6816017933      0.19342724
        59        2.2748831083        4.0969427943     7048.0335838317        2.2771189177        1.8220596860      0.19104921
        60        2.1298696662        4.1252487342     7718.4621291476        2.1305200658        1.9953790680      0.19278155
        61        2.0215855337        4.1842345179     8365.4903226302        2.0217379498        2.1626489842      0.19300641
        62        1.9555837251        4.1458707960     8472.3990943312        1.9556122426        2.1902870709      0.19249533
        63        1.9348547079        4.1432500814     8542.4450571439        1.9348592184        2.2083953735      0.18464495
        64        1.9562365859        4.1390737038     8443.5814222758        1.9562372038        2.1828371179      0.18948484
        65        2.0141535247        4.0989606497     8064.3849074904        2.0141536021        2.0848071250      0.19220130
        66        2.0995665946        4.0370922117     7494.6752422787        2.0995666042        1.9375256171      0.19277540
        67        2.2011905409        3.9922883410     6928.2677972539        2.2011905422        1.7910978001      0.19336273
        68        2.3080376669        3.9766426136     6454.4448199762        2.3080376671        1.6686049466      0.19312984
        69        2.4102121170        3.9738033046     6048.2339226195        2.4102121170        1.5635911877      0.19240284
        70        2.4985288606        3.9303203461     5538.4104880083        2.4985288606        1.4317914855      0.19317153
        71        2.5640092230        3.9867913105     5503.5606196592        2.5640092230        1.4227820874      0.18414439
        72        2.6033152544        3.9693677311     5284.1209356457        2.6033152544        1.3660524767      0.19358947
        73        2.6123713706        3.9308913557     5100.2572568282        2.6123713706        1.3185199851      0.19289289
        74        2.5916246416        3.9030844028     5072.9471224041        2.5916246416        1.3114597612      0.19284310
        75        2.5444464371        3.8655745591     5110.3459690601        2.5444464371        1.3211281219      0.18393502
        76        2.4768503691        3.8613173670     5355.3514032034        2.4768503692        1.3844669978      0.19370070
        77        2.3956593524        3.8399280195     5586.6743267123        2.3956593524        1.4442686671      0.18456125
        78        2.3102176534        3.8411176518     5921.7788992649        2.3102176537        1.5308999984      0.18493847
        79        2.2293100523        3.8533803828     6282.1774276674        2.2293100536        1.6240703304      0.18446120
        80        2.1621536094        3.8454879807     6511.4207143222        2.1621536170        1.6833343714      0.18484697
        81        2.1176645602        3.8822670682     6825.7795472806        2.1176646075        1.7646025080      0.18383285
        82        2.1025115399        3.8666990165     6824.1741355305        2.1025118273        1.7641874765      0.19230534
        83        2.1218869004        3.8779752498     6792.8453483704        2.1218884903        1.7560883494      0.18376108
        84        2.1779295862        3.8325823159     6400.4752958443        2.1779373905        1.6546527296      0.19341020
        85        2.2683459674        3.8459940568     6102.6083849973        2.2683782614        1.5776480894      0.19310977
        86        2.3906421544        3.8709371118     5726.0300819413        2.3907561446        1.4802949573      0.19242430
        87        2.5397920412        3.8448810731     5048.3040691265        2.5401340641        1.3050890320      0.19217786
        88        2.7046828566        3.8303798392     4354.3854241940        2.7055386468        1.1256969826      0.19289597
        89        2.8755004121        3.8296086735     3690.6513658498        2.8773073800        0.9541082614      0.19414121
        90        3.0426538924        3.7721464075     2821.7998483746        3.0459203848        0.7294925151      0.19346441
        91        3.1895420265        3.7622551198     2215.3506531136        3.1945582384        0.5727130933      0.19330239
        92        3.3116177074        3.7980137239     1881.4616699877        3.3183383447        0.4863960165      0.19296427
        93        3.4072281339        3.7843415960     1458.7383530933        3.4152348178        0.3771134621      0.19261811
        94        3.4656139599        3.7972313300     1282.7518104968        3.4740406502        0.3316173700      0.19407623
        95        3.4857037285        3.7969175991     1203.8276397326        3.4935629965        0.3112138705      0.19224820
        96        3.4657595151        3.7962718176     1278.4772230619        3.4722409909        0.3305123025      0.18384778
        97        3.4072170950        3.8032622347     1531.9692689040        3.4119150986        0.3960451397      0.18551884
        98        3.3132637688        3.7997188729     1881.6902306667        3.3162163768        0.4864551041      0.12075027
        99        3.1913646373        3.8146293653     2410.8928859366        3.1929621867        0.6232647280      0.19333333
       100        3.0481477628        3.8203877407     2987.1542303768        3.0488734917        0.7722399779      0.18498001
       101        2.8950184493        3.8153648922     3560.0549686249        2.8952924462        0.9203464429      0.19334055
       102        2.7438125902        3.8150611410     4143.7697240112        2.7438979707        1.0712485507      0.18363723
       103        2.6046744118        3.8108762032     4665.7915764641        2.6046961062        1.2062017914      0.18513830
       104        2.4873062373        3.8199911237     5155.0494792553        2.4873107251        1.3326848863      0.19362463
       105        2.3990335938        3.7915503816     5386.4893461507        2.3990343455        1.3925167878      0.19376077
       106        2.3462581707        3.7808228494     5549.1376664446        2.3462582766        1.4345646788      0.19335603
       107        2.3308060244        3.7171362416     5362.5586493891        2.3308060371        1.3863302172      0.19268673
       108        2.3516421111        3.7577588922     5439.0964092886        2.3516421125        1.4061167811      0.19381881
       109        2.4065491221        3.7165509950     5067.3077646742        2.4065491223        1.3100018728      0.19345925
       110        2.4888278779        3.7219831101     4770.0520226277        2.4888278779        1.2331552322      0.19334365
       111        2.5921585489        3.7264456900     4387.6136030833        2.5921585489        1.1342871411      0.19403726
       112        2.7078963151        3.7146505484     3894.2948476057        2.7078963151        1.0067542333      0.19384058
       113        2.8253178033        3.6957412402     3366.9443778022        2.8253178033        0.8704234370      0.19342775
       114        2.9336570993        3.6978526083     2956.0368704079        2.9336570993        0.7641955090      0.50824362
       115        3.0247615113        3.7190264938     2685.5338219257        3.0247615113        0.6942649824      0.50315924
       116        3.0916018460        3.7490718770     2543.2047560559        3.0916018460        0.6574700311      0.46518728
       117        3.1277393825        3.7866013764     2548.5891023082        3.1277393825        0.6588619938      0.49892318
       118        3.1281391409        3.7540479638     2421.1206899746        3.1281391409        0.6259088229      0.44857756
       119        3.0909651451        3.7477044051     2540.3780103171        3.0909651451        0.6567392599      0.18438236
       120        3.0171288557        3.7672982463     2901.7814835460        3.0171288557        0.7501693906      0.18348660
       121        2.9089699621        3.7536913718     3267.5246098988        2.9089699621        0.8447214097      0.19403934
       122        2.7750255470        3.7840810357     3903.1964907290        2.7750255470        1.0090554887      0.18419821
       123        2.6206349455        3.8152594370     4621.0086315487        2.6206349455        1.1946244915      0.18504802
       124        2.4562780111        3.8241107791     5291.0074021982        2.4562780111        1.3678327680      0.18377738
       125        2.2947717914        3.8236905555     5914.1151515203        2.2947717918        1.5289187641      0.19269186
       126        2.1477230347        3.8686565710     6656.8606137345        2.1477230409        1.7209335364      0.18465577
       127        2.0239468168        3.8772562525     7168.9128760215        2.0239469198        1.8533094357      0.18623580
       128        1.9343502574        3.9048633176     7622.2762251216        1.9343517653        1.9705130602      0.19250812
       129        1.8857905374        3.9093108484     7827.3171942110        1.8858088459        2.0235203110      0.19428693
       130        1.8831246515        3.9140128833     7855.8175523804        1.8832969108        2.0308882318      0.19439115
       131        1.9270358599        3.8446020075     7417.4686544223        1.9282541632        1.9175661476      0.19375093
       132        2.0107630030        3.8498491225     7113.8946946519        2.0169876678        1.8390861195      0.19370277
       133        2.1217649026        3.7970525252     6480.2945354428        2.1458412004        1.6752876226      0.18399012
       134        2.2353087968        3.7734211655     5949.6775616642        2.3061645672        1.5381123686      0.18500268
       135        2.3267906171        3.7788927551     5616.9755106726        2.4930808173        1.4521021379      0.19331580
       136        2.3817054108        3.7085060261     5132.2881283150        2.7063865032        1.3268006153      0.19442922
       137        2.4036485678        3.6616179125     4866.0371867059        2.9412308959        1.2579693447      0.19215952
       138        2.4103747029        3.5709191340     4489.1812211017        3.2011479674        1.1605444311      0.19331219
       139        2.4111081103        3.5391915120     4363.6164950716        3.4817524686        1.1280834018      0.19332560
reaction occured at step 139 between IDs 1 and 2
       140        2.3995999520        3.5457919010     4433.6634039062        2.7602583969        1.1461919489      0.07985190
       141        2.3632574750        3.5519318772     4597.9926843541        2.5698773440        1.1886744022      0.18309075
       142        2.2962012633        3.5395808549     4809.6015661524        2.3996979057        1.2433795917      0.18361257
       143        2.2052858916        3.5061798059     5032.0766478358        2.2497151257        1.3008939143      0.18404759
       144        2.1062575654        3.4158250841     5065.6276097616        2.1223038721        1.3095675187      0.19261658
       145        2.0173292440        3.4544038841     5558.8466192542        2.0222324625        1.4370746401      0.19379600
       146        1.9473991190        3.4910696402     5971.1774314961        1.9485823798        1.5436705212      0.19383332
       147        1.9063008200        3.4925113154     6135.7292124170        1.9065239285        1.5862104954      0.19479553
       148        1.8992026226        3.4631266868     6049.5215452728        1.8992362792        1.5639240642      0.18445369
       149        1.9262098923        3.5036886211     6101.9532692840        1.9262141368        1.5774787287      0.19461037
       150        1.9859642179        3.5201715266     5934.5721320742        1.9859646608        1.5342073086      0.18448609
       151        2.0745735757        3.5052914823     5534.2577040398        2.0745736164        1.4307179066      0.18386317
       152        2.1849780454        3.5715255669     5363.3992189295        2.1849780490        1.3865475215      0.19348611
       153        2.3135415034        3.5821771120     4907.2960910444        2.3135415037        1.2686356086      0.18428344
       154        2.4499498397        3.5966639207     4435.6830988693        2.4499498397        1.1467140811      0.12185078
       155        2.5856741382        3.6093405182     3959.7138778695        2.5856741382        1.0236663800      0.19430203
       156        2.7120298243        3.6345969914     3568.6451033883        2.7120298243        0.9225671670      0.19440001
       157        2.8220164882        3.6483262867     3196.3053984161        2.8220164882        0.8263097985      0.19367172
       158        2.9082804545        3.6438543032     2845.3234704826        2.9082804545        0.7355738487      0.19414121
       159        2.9650161483        3.6659202985     2711.2152405338        2.9650161483        0.7009041502      0.19508076
       160        2.9905292293        3.6419236722     2519.7033584327        2.9905292293        0.6513944429      0.19376906
       161        2.9838264084        3.6710930038     2658.4628830407        2.9838264084        0.6872665955      0.19436717
       162        2.9468085984        3.6771188604     2824.9630307962        2.9468085984        0.7303102620      0.19368207
       163        2.8841886517        3.6943299128     3133.7627737547        2.8841886517        0.8101412611      0.19403570
       164        2.8017770950        3.7335923084     3604.4181035823        2.8017770950        0.9318152134      0.18433406
       165        2.7064606871        3.7327406807     3969.8237754178        2.7064606871        1.0262799937      0.19351555
       166        2.6090964123        3.7448012589     4393.0975266985        2.6090964123        1.1357048466      0.18312961
       167        2.5180219337        3.7709448443     4846.5167306317        2.5180219337        1.2529229107      0.18401768
       168        2.4414652042        3.7833768687     5190.7402103626        2.4414652043        1.3419116645      0.19383902
       169        2.3875224655        3.7887550085     5420.2033542222        2.3875224662        1.4012325430      0.18385757
       170        2.3620095681        3.8700383939     5833.3093537543        2.3620095732        1.5080288258      0.19409130
       171        2.3689872935        3.8784536439     5838.8699409065        2.3689873323        1.5094663504      0.19486362
       172        2.4106770158        3.8907873138     5725.3157885751        2.4106772748        1.4801102980      0.19448347
       173        2.4857103199        3.8443215419     5255.3369098066        2.4857117998        1.3586112220      0.18457676
       174        2.5876046886        3.9198068314     5153.1821459883        2.5876115685        1.3322021428      0.18411632
       175        2.7150771920        3.9097220355     4621.0873563512        2.7151048492        1.1946448435      0.18439972
       176        2.8566038016        3.8744297847     3937.1222394096        2.8566950719        1.0178259831      0.16307470
       177        3.0002259450        3.8877073216     3432.9273596315        3.0004715800        0.8874813766      0.17754016
       178        3.1392745716        3.8827254083     2875.7929859397        3.1398328012        0.7434508367      0.19286312
       179        3.2626340611        3.8901793784     2427.4509259317        3.2637064591        0.6275453173      0.19147317
       180        3.3627816558        3.8908495811     2042.6556280880        3.3645530122        0.5280679253      0.19349695
       181        3.4321715890        3.9070722197     1836.9955825126        3.4347050312        0.4749006307      0.18231655
       182        3.4668625582        3.9112342023     1718.9043232314        3.4700416544        0.4443716441      0.19310874
       183        3.4635813852        3.8886520222     1644.2447785525        3.4670872507        0.4250706370      0.18385430
       184        3.4227904673        3.8981165350     1838.6412443051        3.4261932176        0.4753260677      0.19309074
       185        3.3456798807        3.9260067555     2244.8020416346        3.3485863576        0.5803268748      0.19206276
       186        3.2352749517        3.9365895781     2712.8030316680        3.2374428178        0.7013146265      0.19218244
       187        3.0998495274        3.9758101848     3388.3632788324        3.1012572016        0.8759606575      0.19124581
       188        2.9457305721        3.9629770039     3934.8804375603        2.9465129835        1.0172464318      0.19212335
       189        2.7869709989        3.9690070122     4572.3142788168        2.7873460716        1.1820360133      0.19291856
       190        2.6319390798        3.9712867879     5180.8223951265        2.6320921685        1.3393477080      0.19222985
       191        2.4903309407        3.9565724867     5671.6691214764        2.4903839825        1.4662415461      0.19250709
       192        2.3709187195        4.0079440046     6332.2893731725        2.3709344363        1.6370252851      0.19349024
       193        2.2780036972        3.9891516723     6619.0084154011        2.2780075979        1.7111479751      0.19262477
       194        2.2180704140        4.0159300067     6954.4235494325        2.2180712604        1.7978595928      0.19289289
       195        2.1918780380        4.0390284190     7145.0886156170        2.1918781994        1.8471503810      0.19279437
       196        2.1989159794        4.0669158388     7225.7379077737        2.1989160074        1.8679998594      0.18400273
       197        2.2360029061        4.1127560940     7259.5972557073        2.2360029108        1.8767531878      0.19485838
       198        2.2979694462        4.1090464735     7005.5508108509        2.2979694470        1.8110770272      0.18237068
       199        2.3763097876        4.1056065285     6689.2108966269        2.3763097877        1.7292967409      0.18374617
       200        2.4616431788        4.0921801734     6307.1915730917        2.4616431789        1.6305369946      0.19298688
       201        2.5439333357        4.0929867640     5991.9994221123        2.5439333358        1.5490534283      0.18245699
       202        2.6142649248        4.0877029688     5699.5063869833        2.6142649248        1.4734380440      0.18337936
       203        2.6645031300        4.0729958188     5448.2868203186        2.6645031300        1.4084926888      0.18127823
       204        2.6884912584        4.0580776444     5297.7906918110        2.6884912584        1.3695863860      0.18310232
       205        2.6828062693        4.0282529489     5204.4142440921        2.6828062693        1.3454466797      0.19208873
       206        2.6469811047        4.0617607193     5472.6057077942        2.6469811047        1.4147796146      0.19329260
       207        2.5822450094        4.0206597298     5564.0302753425        2.5822450094        1.4384147204      0.19276412
       208        2.4950283913        3.9180220611     5504.3790561080        2.4950283913        1.4229936699      0.11327612
       209        2.3943454275        3.9755190903     6116.2458963280        2.3943454276        1.5811736628      0.18007835
       210        2.2833760732        3.9087790446     6287.3323073289        2.2833760738        1.6254029714      0.19260992
       211        2.1757670310        3.8894858799     6628.9529879805        2.1757670353        1.7137188488      0.19330549
       212        2.0791318181        3.8604364653     6890.3862331725        2.0791318509        1.7813046472      0.18375222
       213        2.0023940437        3.8708628441     7227.5518506232        2.0023942958        1.8684688004      0.18250615
       214        1.9524173003        3.8672175809     7406.7698152839        1.9524191616        1.9148002806      0.19290110
       215        1.9355715143        3.8652099437     7464.1662724605        1.9355838774        1.9296384294      0.18418463
       216        1.9555636764        3.8626617094     7376.9762248389        1.9556344501        1.9070980330      0.17838789
       217        2.0133814940        3.8286900329     7021.9190104030        2.0137203146        1.8153085389      0.18504944
       218        2.1059255108        3.7978867070     6544.7907249744        2.1072454795        1.6919611962      0.18382493
       219        2.2269047757        3.7174173912     5765.5537037616        2.2310930585        1.4905126155      0.18332138
       220        2.3644231483        3.7585482438     5392.7105506143        2.3751837434        1.3941250954      0.16297020
       221        2.5135941679        3.6994860337     4587.2293652138        2.5372553701        1.1858918658      0.18357862
       222        2.6584696886        3.7289295985     4140.7191284343        2.7025054343        1.0704599099      0.18758447
       223        2.7963283822        3.7966090710     3869.2540873980        2.8689861138        1.0002806888      0.18791957
       224        2.9247003744        3.7847001201     3326.6237850819        3.0338655492        0.8599997456      0.18870191
       225        3.0351817121        3.7724450239     2851.8585978805        3.1846000452        0.7372633118      0.18713259
       226        3.1264715233        3.7832844750     2540.6630625491        3.3161347398        0.6568129517      0.18726265
       227        3.1997105798        3.7512597398     2133.4849965259        3.4270215457        0.5515491600      0.18096998
       228        3.2524056186        3.7445955542     1903.8735244830        3.5108770384        0.4921899357      0.17850344
       229        3.2861306451        3.7355726323     1738.5172636176        3.5682440865        0.4494419872      0.17808020
       230        3.3011371857        3.7488079539     1731.6658906747        3.5983322933        0.4476707682      0.17952436
       231        3.2981175215        3.7664354524     1811.5325914423        3.6017324899        0.4683179309      0.18719880
       232        3.2773293147        3.7632837824     1879.7536845846        3.5785706851        0.4859544677      0.17928854
       233        3.2398551675        3.7566966544     1999.2298744085        3.5302654516        0.5168414869      0.18795125
       234        3.1867933849        3.7906024363     2335.6350538785        3.4586540905        0.6038090515      0.18838212
       235        3.1172132618        3.7804536978     2565.5256537747        3.3630830064        0.6632404360      0.18820357
       236        3.0347105823        3.7785862655     2877.4363636376        3.2493724679        0.7438756832      0.18814006
       237        2.9400121963        3.7541308467     3149.1479850624        3.1197540784        0.8141186504      0.17867682
       238        2.8356462485        3.7545196457     3554.3569798317        2.9792551090        0.9188733972      0.17950479
       239        2.7213698177        3.7507117886     3981.6680187949        2.8294278316        1.0293419709      0.17812178
       240        2.5990928830        3.8079851609     4676.1988310780        2.6747578424        1.2088922779      0.18781974
       241        2.4682301869        3.8153267698     5210.7963473465        2.5162780906        1.3470965828      0.18892424
       242        2.3357517510        3.7587835106     5504.5263938697        2.3631775962        1.4230317597      0.17695886
       243        2.2099653955        3.6977806204     5755.1197425136        2.2240104219        1.4878152248      0.17845553
       244        2.0967877738        3.7494732413     6392.8655948735        2.1031849052        1.6526854675      0.17879539
       245        1.9987942462        3.7831253803     6902.0931940018        2.0012902060        1.7843311341      0.17900736
       246        1.9231379141        3.7762449393     7168.1299180755        1.9239711224        1.8531070252      0.17853114
       247        1.8745860682        3.7667616043     7319.2534949113        1.8748279956        1.8921755361      0.17928145
       248        1.8541436990        3.7234639279     7230.8453192642        1.8542058131        1.8693202289      0.17957773
       249        1.8602770025        3.6959250060     7100.5954830245        1.8602916675        1.8356480034      0.17935554
       250        1.8892711576        3.6530370391     6822.5433348894        1.8892744407        1.7637658815      0.17872705
       251        1.9359424778        3.6950825173     6804.6497995013        1.9359432105        1.7591400395      0.18693277
       252        1.9959967351        3.6675280734     6465.7645953197        1.9959968998        1.6715313383      0.18747578
       253        2.0624052217        3.6231736347     6037.3149551257        2.0624052620        1.5607684130      0.18831800
       254        2.1286087949        3.5917161562     5659.5455672147        2.1286088063        1.4631073613      0.18819624
       255        2.1893489686        3.6184663490     5528.0665993285        2.1893489724        1.4291173804      0.18684458
       256        2.2414311016        3.6836818137     5578.8685373208        2.2414311032        1.4422507121      0.18846883
       257        2.2822291614        3.6878121660     5437.0316719456        2.2822291622        1.4055830046      0.18847863
       258        2.3089365368        3.6797675463     5302.6051049461        2.3089365374        1.3708310095      0.18823926
       259        2.3212702942        3.6469778930     5128.0601567109        2.3212702946        1.3257075989      0.17924553
       260        2.3206272751        3.6380407288     5095.9770068794        2.3206272756        1.3174134537      0.17908786
       261        2.3098695399        3.6493133911     5181.1942928552        2.3098695406        1.3394438511      0.13728815
       262        2.2927974032        3.6078757610     5086.9444629608        2.2927974043        1.3150783578      0.18716255
       263        2.2742822172        3.5940385711     5105.0397393902        2.2742822195        1.3197563539      0.17856193
       264        2.2588242235        3.5902497398     5150.1780240035        2.2588242286        1.3314255163      0.17973092
       265        2.2509533743        3.6249152689     5314.7158953881        2.2509533872        1.3739618945      0.17824049
       266        2.2549258820        3.6561433594     5420.1450777772        2.2549259167        1.4012174773      0.18001707
       267        2.2745598262        3.6887362206     5470.2723502871        2.2745599224        1.4141763944      0.17984911
       268        2.3125688970        3.6996419814     5365.4321847758        2.3125691632        1.3870730844      0.18769474
       269        2.3697612562        3.7501530801     5339.5879445910        2.3697619642        1.3803918239      0.18806635
       270        2.4467482622        3.7581791140     5072.8352958639        2.4467500534        1.3114308518      0.17983974
       271        2.5404869893        3.7441442182     4655.9487801784        2.5404911549        1.2036572289      0.17869136
       272        2.6461258960        3.7688170400     4342.7583341843        2.6461346225        1.1226911440      0.18846148
       273        2.7604314086        3.7514712135     3833.5087929884        2.7604479278        0.9910398049      0.18746511
       274        2.8752946901        3.7783003039     3492.9777224525        2.8753224240        0.9030056138      0.18742972
       275        2.9871979290        3.7518176977     2957.6779786279        2.9872395720        0.7646197688      0.18850903
       276        3.0864122205        3.7355130532     2510.8312881343        3.0864673037        0.6491008327      0.17819973
       277        3.1678200565        3.7363067596     2199.0022643152        3.1678843572        0.5684867031      0.18806342
       278        3.2280104179        3.7472501346     2008.5066309934        3.2280767393        0.5192397167      0.18909725
       279        3.2642952657        3.7318076142     1808.4164633224        3.2643555549        0.4675123485      0.18776136
       280        3.2741836001        3.7363997042     1787.9296983413        3.2742319023        0.4622161041      0.18911650
       281        3.2581497733        3.7296243368     1823.7429777824        3.2581836153        0.4714745635      0.18767627
       282        3.2182471280        3.7102319038     1903.0799317707        3.2182678633        0.4919847759      0.18824415
       283        3.1585876198        3.7075346214     2123.4194096865        3.1585987668        0.5489470016      0.18926564
       284        3.0830168316        3.7339292901     2517.8389612078        3.0830220203        0.6509124584      0.18752817
       285        2.9955913732        3.7250890976     2821.8199989236        2.9955934159        0.7294977244      0.18797416
       286        2.9051314177        3.7034771802     3088.1357999281        2.9051321125        0.7983457626      0.17932181
       287        2.8186072642        3.7288027822     3520.7894823702        2.8186074707        0.9101955180      0.18846050
       288        2.7399227966        3.7091513282     3749.1391165755        2.7399228487        0.9692285317      0.18967228
       289        2.6765175547        3.7198635871     4035.8380856946        2.6765175664        1.0433460323      0.17796083
       290        2.6316070470        3.7135258729     4185.0441447369        2.6316070493        1.0819188260      0.18782218
       291        2.6084592381        3.7202133748     4300.4521487177        2.6084592386        1.1117541366      0.17981208
       292        2.6080938364        3.7306545982     4342.2539938036        2.6080938365        1.1225607617      0.18773412
       293        2.6301640577        3.6665670713     4008.9813207843        2.6301640577        1.0364030137      0.51219090
       294        2.6707349621        3.6932607370     3955.3018253239        2.6707349621        1.0225257749      0.50936161
       295        2.7271769391        3.7142123446     3818.0191019512        2.7271769391        0.9870354055      0.50409362
       296        2.7948602728        3.7558434072     3717.2445317457        2.7948602728        0.9609831343      0.50223180
       297        2.8691291383        3.7559596576     3430.4097342214        2.8691291383        0.8868305193      0.50450768
       298        2.9420157269        3.7568649776     3151.9740701296        2.9420157269        0.8148492507      0.46011664
       299        3.0067827047        3.7806210639     2993.3370385635        3.0067827047        0.7738383593      0.49928407
       300        3.0580662379        3.7530043596     2688.1376378753        3.0580662379        0.6949381217      0.49723570
       301        3.0887282546        3.7400096555     2519.2660925855        3.0887282546        0.6512814008      0.50819373
       302        3.0953194776        3.7363805887     2479.7322914432        3.0953194776        0.6410611111      0.50697799
       303        3.0757279364        3.6925055422     2385.7996049831        3.0757279364        0.6167776058      0.50526033
       304        3.0306421337        3.7074710917     2618.0883445039        3.0306421337        0.6768289581      0.50343884
       305        2.9597734254        3.6955880848     2846.2549664905        2.9597734254        0.7358146594      0.44095234
       306        2.8676916748        3.6867737155     3168.3472143915        2.8676916748        0.8190820407      0.17938572
       307        2.7591170020        3.7031037183     3651.4995253850        2.7591170020        0.9439867162      0.17888012
       308        2.6386785239        3.6840083683     4043.5118049127        2.6386785239        1.0453298444      0.17955193
       309        2.5154943848        3.6873894424     4533.0873553224        2.5154943848        1.1718950577      0.17861914
       310        2.3955746791        3.6899604183     5006.9019310333        2.3955746793        1.2943857392      0.17943635
       311        2.2862701481        3.6140258303     5135.9824876319        2.2862701509        1.3277556821      0.17906928
       312        2.1964830870        3.6592344047     5658.1683308591        2.1964831181        1.4627513178      0.18804146
       313        2.1273681589        3.7092196486     6118.8678447807        2.1273684913        1.5818514897      0.18803171
       314        2.0842257958        3.7294574329     6364.0329241873        2.0842290177        1.6452316371      0.18835373
       315        2.0708925499        3.6995711250     6300.0028938197        2.0709189936        1.6286785751      0.18741130
       316        2.0879107559        3.7525786454     6439.2156203094        2.0880837712        1.6646678895      0.18848795
       317        2.1342161629        3.7251542164     6154.0162034854        2.1351451844        1.5909380536      0.18839583
       318        2.2042390161        3.7490565538     5975.6142842794        2.2081413075        1.5448175377      0.18764420
       319        2.2903197883        3.7570481757     5673.5523056285        2.3035492383        1.4667283874      0.18969661
       320        2.3792921632        3.7198553391     5185.5240293919        2.4157940829        1.3405631759      0.18812248
       321        2.4546646656        3.6912124269     4783.1748963217        2.5374597948        1.2365477613      0.18857377
       322        2.5047122835        3.6690053341     4503.6815120599        2.6644610017        1.1642930506      0.12228890
       323        2.5248618591        3.5800468160     4081.6330387789        2.7954284066        1.0551849569      0.18831213
       324        2.5187264115        3.5588721884     4023.4589590428        2.9267964591        1.0401457769      0.18001484
       325        2.4951707468        3.5553129454     4100.8084844406        3.0646255327        1.0601421986      0.18912686
       326        2.4628251560        3.5358069028     4150.4740181617        3.2131816015        1.0729817468      0.18785479
       327        2.4280289012        3.5045697384     4164.2411790943        3.3740468032        1.0765408372      0.18903462
reaction occured at step 327 between IDs 1 and 3
       328        2.3923292446        3.5234698106     4375.4421209604        2.8924221598        1.1311405660      0.08730891
       329        2.3523490448        3.5166238590     4503.6109707901        2.7100602854        1.1642748142      0.18806049
       330        2.3044978056        3.5317308591     4747.1440384994        2.5456073785        1.2272330535      0.18854139
       331        2.2455278901        3.5157890131     4913.5838544625        2.3961898892        1.2702611230      0.18230096
       332        2.1762806871        3.4748843463     5023.2175554744        2.2627221517        1.2986036592      0.18622623
       333        2.1009645589        3.4498127605     5217.5719034345        2.1460262374        1.3488482016      0.18562099
       334        2.0252458319        3.4795597860     5625.5311877570        2.0461768882        1.4543139541      0.18429422
       335        1.9553556660        3.4474191642     5771.5527792949        1.9637522995        1.4920634983      0.18257419
       336        1.9001640497        3.4395986475     5954.7921662973        1.9030988544        1.5394345977      0.18707800
       337        1.8644299067        3.4535203959     6146.8695134168        1.8653157897        1.5890904892      0.18410556
       338        1.8509427883        3.4580475982     6216.5519383517        1.8511732414        1.6071048099      0.18355863
       339        1.8604505178        3.4684774888     6220.1190126839        1.8605031784        1.6080269710      0.18576324
       340        1.8916469564        3.5128182369     6270.9634144041        1.8916577604        1.6211712805      0.18381467
       341        1.9423863912        3.4587777350     5865.6569812050        1.9423884097        1.5163913438      0.18351912
       342        2.0069028526        3.4770946217     5686.9492491559        2.0069032296        1.4701917691      0.18379603
       343        2.0816500428        3.4654847907     5352.9057541993        2.0816501137        1.3838347479      0.18591048
       344        2.1607724292        3.4864468519     5127.9318256884        2.1607724435        1.3256744227      0.18789473
       345        2.2401616085        3.4479040131     4671.7509271872        2.2401616117        1.2077424045      0.18757476
       346        2.3132667739        3.4093231028     4239.7303860839        2.3132667747        1.0960563289      0.18762963
       347        2.3761259708        3.3562778416     3791.3924314205        2.3761259710        0.9801518709      0.18832241
       348        2.4255951302        3.3540980552     3591.6056144357        2.4255951303        0.9285029250      0.18718285
       349        2.4615281057        3.3282911186     3352.7852411095        2.4615281058        0.8667630128      0.18278462
       350        2.4832177714        3.3188681916     3232.4364953678        2.4832177714        0.8356504202      0.16526638
       351        2.4918587597        3.3270333521     3230.5959134362        2.4918587597        0.8351745924      0.18829403
       352        2.4894612416        3.3060860981     3158.8424124845        2.4894612416        0.8166248565      0.19034226
       353        2.4788754452        3.3080625173     3207.4351767328        2.4788754453        0.8291870720      0.19024433
       354        2.4633798260        3.3015798388     3242.2987487882        2.4633798261        0.8382000128      0.19066222
       355        2.4467760774        3.3152784413     3359.5133438750        2.4467760776        0.8685023639      0.19019541
       356        2.4326844182        3.3091207124     3390.2031216317        2.4326844187        0.8764362942      0.19053441
       357        2.4248129995        3.3317036249     3508.0056013399        2.4248130006        0.9068906254      0.19065720
       358        2.4261417624        3.3056605352     3402.1266680147        2.4261417654        0.8795187728      0.19039526
       359        2.4387424159        3.3087600360     3365.3746096432        2.4387424239        0.8700176200      0.19093546
       360        2.4637445814        3.3498328633     3427.5386347171        2.4637446028        0.8860882818      0.19127408
       361        2.5023460022        3.3072278444     3113.4184560435        2.5023460592        0.8048818421      0.19095860
       362        2.5516360954        3.3038559634     2909.7130750006        2.5516362364        0.7522198680      0.19119889
       363        2.6102350334        3.2973028971     2657.6941551903        2.6102353593        0.6870678637      0.19035726
       364        2.6750298266        3.3249572602     2514.0287194101        2.6750305202        0.6499274336      0.19058200
       365        2.7444553566        3.3377792735     2295.0767883857        2.7444567284        0.5933239169      0.19025232
       366        2.8141784566        3.3379887924     2026.1865550131        2.8141809359        0.5238103358      0.19161947
       367        2.8794223461        3.3238359261     1719.0665383109        2.8794263926        0.4444135800      0.19335551
       368        2.9352017488        3.3261722573     1512.3397413917        2.9352076542        0.3909705085      0.19341330
       369        2.9791163745        3.3625311867     1483.1130364781        2.9791241278        0.3834148123      0.19361377
       370        3.0102595576        3.3634247390     1366.1023720878        3.0102687987        0.3531651814      0.19323746
       371        3.0249609250        3.3475353208     1247.7720636731        3.0249708073        0.3225743958      0.19360084
       372        3.0221735200        3.3486832220     1262.9944907506        3.0221829946        0.3265097020      0.19137256
       373        3.0022677046        3.3372158589     1295.6358445273        3.0022758480        0.3349481543      0.19256540
       374        2.9670575611        3.3626906066     1530.3752193430        2.9670638586        0.3956330455      0.19257308
       375        2.9170354895        3.3456944150     1658.1248826585        2.9170398115        0.4286589255      0.15858419
       376        2.8579185633        3.3243324517     1804.1674346454        2.8579212486        0.4664138884      0.19358585
       377        2.7935893305        3.3339140480     2090.0669632493        2.7935908501        0.5403247175      0.19408610
       378        2.7260270155        3.3127144118     2269.4056095448        2.7260277883        0.5866873963      0.19350574
       379        2.6609827980        3.3211486899     2553.6327999370        2.6609831598        0.6601658920      0.19348404
       380        2.6005486348        3.3001210625     2706.0639135493        2.6005487894        0.6995724277      0.19399052
       381        2.5491068415        3.2991525691     2901.3031339140        2.5491069036        0.7500457276      0.19329157
       382        2.5081367380        3.2970195283     3051.5314304638        2.5081367615        0.7888827903      0.19362670
       383        2.4791778926        3.3044363656     3192.2386941673        2.4791779012        0.8252584730      0.19392979
       384        2.4626406888        3.3020140025     3246.8372741464        2.4626406918        0.8393733137      0.19342156
       385        2.4581316234        3.3099368239     3294.9259049833        2.4581316245        0.8518052005      0.19364274
       386        2.4640906193        3.3444457561     3405.3618642866        2.4640906198        0.8803551367      0.19403258
       387        2.4784986409        3.3604287810     3411.4542424312        2.4784986411        0.8819301401      0.19329827
       388        2.4983167984        3.3428993640     3266.9875373720        2.4983167985        0.8445825656      0.19370536
       389        2.5193307616        3.3369576155     3162.7183070768        2.5193307616        0.8176268539      0.19361222
       390        2.5375751649        3.3405203680     3105.9272100674        2.5375751649        0.8029452031      0.19380326
       391        2.5492955076        3.3361555378     3043.7070536090        2.5492955076        0.7868600302      0.19355793
       392        2.5510491176        3.3511816952     3095.0475012647        2.5510491176        0.8001325776      0.19275540
       393        2.5401655223        3.3822654257     3257.3841821323        2.5401655223        0.8420999034      0.19302697
       394        2.5146521510        3.3699797713     3308.5512179602        2.5146521510        0.8553276203      0.19290418
       395        2.4745361339        3.3828928001     3513.6764939566        2.4745361340        0.9083566662      0.19408350
       396        2.4199547922        3.4263353069     3892.8492409883        2.4199547924        1.0063805147      0.19366447
       397        2.3518616937        3.4419017690     4216.4585044001        2.3518616942        1.0900400753      0.19300230
       398        2.2742946818        3.4561619166     4571.6614148996        2.2742946840        1.1818672348      0.19357447
       399        2.1915041995        3.4702127164     4946.2597960206        2.1915042102        1.2787085169      0.19346751
       400        2.1084722934        3.4997703677     5381.7751569416        2.1084723518        1.3912980743      0.19241101
       401        2.0302099061        3.4650169759     5550.0752757558        2.0302102479        1.4348070698      0.19347423
       402        1.9636667411        3.4873043627     5893.6868032248        1.9636687131        1.5236376215      0.19413289
       403        1.9122740793        3.5096180314     6178.7952970265        1.9122851529        1.5973439520      0.19353570
       404        1.8804816009        3.5510551408     6462.0596698547        1.8805395330        1.6705735398      0.19399727
       405        1.8716640752        3.5063224229     6323.1336608922        1.8719385478        1.6346583477      0.19285490
       406        1.8872498729        3.5162629435     6301.2967784687        1.8883531791        1.6290130705      0.19391370
       407        1.9260396571        3.5366177134     6229.9870400953        1.9298408204        1.6105780563      0.19422601
       408        1.9844010964        3.5063400189     5887.1159495117        1.9955897865        1.5219389225      0.19378408
       409        2.0540956532        3.4900362836     5554.4600791380        2.0818704580        1.4359406305      0.19332818
       410        2.1260640142        3.4530689384     5133.0784295505        2.1852760242        1.3270049242      0.19369242
       411        2.1914389236        3.4456352822     4851.4426416174        2.3013287098        1.2541963586      0.19413133
       412        2.2460842025        3.4110886708     4506.4333957104        2.4287066500        1.1650044683      0.19398533
       413        2.2887564105        3.4418471239     4460.3489858493        2.5647439964        1.1530907133      0.19397806
       414        2.3230636757        3.4199286002     4242.8581699457        2.7136724148        1.0968649245      0.19350935
       415        2.3520726428        3.3973968499     4043.4899986655        2.8731325330        1.0453242071      0.19413133
       416        2.3795032316        3.3511515150     3758.4991234792        3.0434110480        0.9716482834      0.19440783
       417        2.4068858871        3.3008325779     3457.9362838358        3.2218886831        0.8939466909      0.19460985
reaction occured at step 417 between IDs 1 and 2
       418        2.4334896532        3.2687461667     3230.9127978779        3.0740193744        0.8352565135      0.08906297
       419        2.4570723846        3.2436183269     3042.4921086825        2.9683533714        0.7865459423      0.19461664
       420        2.4743738150        3.1923521903     2777.2612173385        2.8716792586        0.7179783753      0.19377787
       421        2.4820471220        3.1684119070     2654.9745284237        2.7828568455        0.6863647850      0.19453568
       422        2.4779452183        3.1249128286     2502.5796246841        2.6974950504        0.6469676103      0.19405492
       423        2.4606654602        3.0690785759     2353.4443492408        2.6145581524        0.6084131157      0.19365464
       424        2.4301677097        3.0697928639     2474.1777680803        2.5331619681        0.6396251541      0.19347113
       425        2.3855395029        3.0711187343     2651.9358746814        2.4493078719        0.6855792314      0.19487881
       426        2.3283890181        3.0342343619     2730.3286089154        2.3642572778        0.7058453438      0.19384265
       427        2.2641246985        3.0030012267     2858.0987907458        2.2824443771        0.7388765282      0.19459261
       428        2.1978987551        2.9794911469     3023.3309416179        2.2062718400        0.7815923918      0.19420207
       429        2.1353282341        2.9914375736     3311.5750391757        2.1387079476        0.8561093395      0.19467310
       430        2.0810380322        3.0075511821     3583.9088294595        2.0822104269        0.9265131499      0.09923459
       431        2.0403601368        2.9923175856     3682.3316609137        2.0407072250        0.9519574489      0.19495115
       432        2.0175577069        2.9727230788     3694.7404471752        2.0176476059        0.9551653719      0.19453620
       433        2.0140850920        2.9819029634     3743.6824451039        2.0141058437        0.9678178714      0.19384939
       434        2.0301491087        2.9387233718     3514.5181955151        2.0301533743        0.9085742631      0.19445373
       435        2.0638124278        2.9326684345     3360.8812934975        2.0638132691        0.8688560067      0.19444539
       436        2.1128422264        2.9121320812     3091.7877077084        2.1128423866        0.7992898548      0.19472226
       437        2.1732516232        2.9628627291     3054.3486777513        2.1732516544        0.7896111059      0.19458320
       438        2.2442382025        2.9798672902     2845.5371441604        2.2442382085        0.7356290877      0.19349592
       439        2.3204473732        2.9640422964     2489.5335031814        2.3204473744        0.6435949232      0.19152680
       440        2.3951676029        2.9685558751     2217.9623589075        2.3951676032        0.5733882722      0.19418854
       441        2.4646827709        2.9355223883     1821.2868996270        2.4646827709        0.4708396175      0.19501514
       442        2.5220017992        2.9189680118     1535.5321339831        2.5220017993        0.3969662126      0.19346441
       443        2.5644929685        2.9016087886     1304.0207408279        2.5644929685        0.3371158201      0.19356362
       444        2.5897122650        2.8945515690     1179.1697435571        2.5897122650        0.3048393041      0.19327765
       445        2.5969371854        2.8712607911     1061.1298855866        2.5969371854        0.2743236057      0.19306965
       446        2.5862771618        2.8709762229     1101.2638932442        2.5862771618        0.2846990610      0.19392304
       447        2.5587189173        2.8603539335     1166.7750185686        2.5587189173        0.3016350162      0.19313602
       448        2.5169938776        2.8458248571     1271.9735826176        2.5169938777        0.3288309795      0.19323334
       449        2.4645311089        2.8220963877     1383.1226892889        2.4645311090        0.3575652787      0.19310566
       450        2.4056781678        2.7899811499     1486.5486265770        2.4056781681        0.3843029820      0.19436300
       451        2.3448147024        2.7733497952     1657.6458769613        2.3448147033        0.4285350928      0.19533365
       452        2.2845390727        2.7573901589     1829.0675992187        2.2845390765        0.4728510862      0.19362567
       453        2.2285035512        2.7464503822     2003.5055316317        2.2285035670        0.5179468311      0.19439740
       454        2.1798264818        2.7377673187     2158.2090789855        2.1798265509        0.5579408370      0.19452315
       455        2.1413442849        2.7023086897     2169.9047485662        2.1413445892        0.5609644049      0.19399207
       456        2.1156947423        2.7135807999     2312.7239163680        2.1156960052        0.5978860575      0.19396248
       457        2.1030398573        2.7430438217     2475.6430698408        2.1030449430        0.6400039644      0.19493909
       458        2.1046068902        2.7254321012     2401.4564235184        2.1046265793        0.6208252110      0.19317926
       459        2.1202120694        2.7906102235     2593.2129123373        2.1202802738        0.6703981541      0.19368259
       460        2.1503235097        2.7890772265     2470.8069016689        2.1505486623        0.6387537168      0.19315300
       461        2.1920209729        2.7937591742     2327.6246569226        2.1926766963        0.6017382013      0.19421821
       462        2.2420802361        2.8253195077     2256.0676827276        2.2437676073        0.5832392716      0.19368569
       463        2.2978880143        2.8312003818     2062.9420132403        2.3018022432        0.5333123675      0.19387480
       464        2.3537924022        2.8432711150     1893.3860580530        2.3618366386        0.4894787128      0.19431818
       465        2.4054850927        2.8596605209     1756.8270102038        2.4203007786        0.4541754282      0.19401596
       466        2.4491576391        2.8518804273     1557.7995378123        2.4738891880        0.4027227883      0.19376336
       467        2.4806464662        2.8363472761     1375.9106100835        2.5179327409        0.3557008099      0.19319522
       468        2.4983486289        2.8332472766     1295.4443446298        2.5495687533        0.3348986477      0.19465062
       469        2.5027150166        2.8139507291     1203.9121279663        2.5679540449        0.3112357125      0.19315557
       470        2.4948196570        2.7821706343     1111.5219518426        2.5722197041        0.2873509773      0.19399883
       471        2.4767678505        2.7775130586     1163.3330913419        2.5628851370        0.3007452081      0.19483271
       472        2.4496275306        2.7826268910     1288.0975815602        2.5405950865        0.3329993603      0.19351245
       473        2.4145419754        2.7682936135     1368.3708853986        2.5061803300        0.3537516381      0.19352330
       474        2.3738688358        2.7573077217     1483.2061573027        2.4620748253        0.3834388859      0.19407987
       475        2.3285468487        2.7568722538     1656.8347694422        2.4097262865        0.4283254051      0.19403051
       476        2.2789308898        2.7423066242     1792.4153434137        2.3502047214        0.4633757344      0.19484004
       477        2.2265917290        2.7643043915     2079.9630949517        2.2862536763        0.5377126625      0.19360705
       478        2.1704856790        2.7699821306     2318.9531917859        2.2175799793        0.5994964516      0.19346596
       479        2.1125973070        2.7696313934     2541.5184487032        2.1475666588        0.6570340864      0.19396612
       480        2.0545646465        2.7899617715     2844.6398731087        2.0788814498        0.7353971249      0.19449026
       481        1.9974022954        2.7474641521     2901.3655241056        2.0130540323        0.7500618567      0.19415785
       482        1.9454845544        2.7541088641     3127.8949502897        1.9549444847        0.8086243096      0.19418750
       483        1.8992611344        2.7535692229     3304.6074971263        1.9045370562        0.8543080885      0.19362308
       484        1.8612521158        2.7634457283     3489.8367649322        1.8639730528        0.9021936125      0.19367172
       485        1.8331915767        2.8179009267     3809.0215277936        1.8344877435        0.9847093500      0.15848570
       486        1.8162116026        2.8185048997     3877.0391952571        1.8167745294        1.0022932971      0.19342363
       487        1.8116469738        2.8176863446     3891.5296387696        1.8118771715        1.0060393708      0.19312933
       488        1.8189477693        2.8089445378     3829.4741525791        1.8190378584        0.9899967685      0.19381466
       489        1.8366981479        2.8085788231     3759.3980541570        1.8367326836        0.9718806752      0.19436248
       490        1.8630172495        2.7766121694     3533.9389414183        1.8630304558        0.9135949200      0.19372193
       491        1.8950116104        2.7852599797     3443.6305534460        1.8950168550        0.8902483693      0.19473220
       492        1.9308642152        2.7908103810     3326.4165290447        1.9308663861        0.8599461657      0.19423903
       493        1.9681987455        2.7902817634     3179.9554994212        1.9681997054        0.8220830179      0.19293191
       494        2.0047113942        2.7779655410     2991.0772061084        2.0047118587        0.7732541467      0.19378149
       495        2.0382860195        2.8187921921     3019.1292626481        2.0382862712        0.7805061725      0.19384058
       496        2.0687259451        2.7941125197     2805.9173791762        2.0687260969        0.7253865746      0.19346803
       497        2.0938989046        2.7846798695     2672.0570555297        2.0938990098        0.6907809649      0.19347216
       498        2.1138771543        2.7558896887     2483.4125565729        2.1138772380        0.6420125343      0.19375818
       499        2.1287598750        2.7313963466     2331.0993176366        2.1287599514        0.6026364716      0.19442713
       500        2.1394731666        2.7572590118     2389.6996446391        2.1394732460        0.6177858451      0.19398273
       501        2.1477007154        2.7439471916     2306.3817397282        2.1477008084        0.5962464762      0.19358274
       502        2.1546814610        2.7673195906     2369.7874144581        2.1546815820        0.6126381296      0.19361998
       503        2.1623187791        2.7466930344     2260.4579908332        2.1623189521        0.5843742553      0.19483847
       504        2.1719557567        2.7521883585     2244.4373780901        2.1719560206        0.5802326019      0.19358119
       505        2.1851849543        2.7412664538     2151.0168485587        2.1851853797        0.5560814995      0.19372918
       506        2.2029138257        2.7585981355     2149.4804522109        2.2029145314        0.5556843099      0.19406999
       507        2.2263928576        2.7710461429     2106.8105923858        2.2263940574        0.5446532853      0.19460201
       508        2.2560579659        2.7819103444     2034.0855200686        2.2560600163        0.5258523785      0.19467624
       509        2.2918424721        2.7928252894     1937.8858708210        2.2918459380        0.5009828173      0.19388050
       510        2.3331876543        2.7837346697     1742.7916985048        2.3331933712        0.4505470153      0.19468042
       511        2.3779437965        2.7863494192     1579.7816980093        2.3779528005        0.4084056227      0.19370381
       512        2.4249306378        2.7728922685     1345.9741618519        2.4249441393        0.3479616307      0.19385406
       513        2.4710367755        2.7605048432     1119.7112137230        2.4710557501        0.2894680677      0.19425673
       514        2.5139298330        2.7444092174      891.5330568003        2.5139547086        0.2304793844      0.19487829
       515        2.5509843647        2.7553450646      790.5015882162        2.5510146198        0.2043606998      0.19430568
       516        2.5826669997        2.7559433798      670.2622066322        2.5827014568        0.1732763800      0.19450122
       517        2.6066239993        2.7676953620      623.0511453077        2.6066604967        0.1610713628      0.19385302
       518        2.6225091636        2.7541361825      509.1554665430        2.6225450759        0.1316270189      0.19283181
       519        2.6284454637        2.7500295752      470.3078102651        2.6284783055        0.1215841115      0.19360395
       520        2.6249068976        2.7556676925      505.8047666574        2.6249347748        0.1307607950      0.19273541
       521        2.6122675441        2.7648316986      590.1438315802        2.6122893563        0.1525641545      0.19352279
       522        2.5912955623        2.7586596644      647.3925206535        2.5913112271        0.1673641022      0.19481700
       523        2.5644972501        2.7696461920      793.5506410601        2.5645077500        0.2051489419      0.19344066
       524        2.5325311080        2.7558798068      863.9503649013        2.5325375674        0.2233486989      0.19485942
       525        2.4992549426        2.7724270156     1056.6755631406        2.4992587059        0.2731720730      0.19388258
       526        2.4647724791        2.7687194446     1175.7180278279        2.4647744970        0.3039469655      0.19308096
       527        2.4325128540        2.7669809232     1293.7787948979        2.4325138792        0.3344680693      0.19333746
       528        2.4040778705        2.7867059250     1480.0697246412        2.4040783678        0.3826280544      0.19427183
       529        2.3802597833        2.7635298456     1482.5531192616        2.3802600112        0.3832700623      0.19428380
       530        2.3632168733        2.7708039974     1576.6156075616        2.3632169779        0.4075871241      0.19429162
       531        2.3523852164        2.7384387847     1493.3201890385        2.3523852638        0.3860535683      0.19308148
       532        2.3477066348        2.7295319693     1476.9646686848        2.3477066573        0.3818253345      0.19341691
       533        2.3477472529        2.7111674594     1405.7705353204        2.3477472641        0.3634202065      0.19390385
       534        2.3510076978        2.6993328032     1347.3801432482        2.3510077038        0.3483251054      0.19446052
       535        2.3557213073        2.7371485906     1475.4249397498        2.3557213108        0.3814272833      0.19403414
       536        2.3606203246        2.7331163978     1440.8775157980        2.3606203268        0.3724960732      0.19431245
       537        2.3637238972        2.7468043918     1481.8198392930        2.3637238988        0.3830804946      0.19411989
       538        2.3632469782        2.7396104687     1455.8373368522        2.3632469795        0.3763634905      0.19369553
       539        2.3575290627        2.7521477601     1526.4515500038        2.3575290640        0.3946186974      0.19424059
       540        2.3450445500        2.7431138819     1539.7991853125        2.3450445515        0.3980693319      0.19453150
       541        2.3252170495        2.7454665027     1625.5956283401        2.3252170514        0.4202494533      0.11485125
       542        2.2974337573        2.7559425991     1773.5893836808        2.2974337604        0.4585088418      0.19308148
       543        2.2616243591        2.7334156065     1824.9679642943        2.2616243651        0.4717912474      0.19267034
       544        2.2198936438        2.7278193695     1964.7422093860        2.2198936569        0.5079257257      0.19244371
       545        2.1729452621        2.7281282003     2147.5410624385        2.1729452948        0.5551829382      0.19473691
       546        2.1223818037        2.7318394971     2357.4849515812        2.1223818956        0.6094576934      0.19307633
       547        2.0703220722        2.7040881404     2451.5138373748        2.0703223559        0.6337660682      0.19440053
       548        2.0204185907        2.6770731121     2540.0502273914        2.0204195034        0.6566545214      0.19242276
       549        1.9748259959        2.6339615674     2549.6473467990        1.9748289807        0.6591355715      0.19426610
       550        1.9359357519        2.6004874032     2570.5976552137        1.9359452992        0.6645516513      0.19330343
       551        1.9048932693        2.5981426677     2681.6053718154        1.9049227421        0.6932493984      0.19306296
       552        1.8823217394        2.6367232808     2918.1521551055        1.8824099792        0.7544015414      0.19366758
       553        1.8691328807        2.6488654857     3016.1369732592        1.8693914011        0.7797326050      0.19331632
       554        1.8666839765        2.6698735050     3106.8723020536        1.8673965559        0.8031895285      0.19373332
       555        1.8751113877        2.6696296773     3073.3304901961        1.8769420145        0.7945182896      0.19388050
       556        1.8933813101        2.6467528352     2914.1678789002        1.8976676240        0.7533715252      0.19402375
       557        1.9189223399        2.6694708704     2903.2480604783        1.9279358166        0.7505485305      0.19446365
       558        1.9497143686        2.6479068703     2700.7261274308        1.9671371813        0.6981925017      0.19399104
       559        1.9818361861        2.6346405026     2525.1569868237        2.0123033294        0.6528043165      0.19419635
       560        2.0127575091        2.6108538293     2313.5372476769        2.0615437822        0.5980963202      0.19404921
       561        2.0405045320        2.6072643544     2192.3223994558        2.1125142002        0.5667598225      0.19502301
       562        2.0649351891        2.6222429363     2155.7601810367        2.1646479592        0.5573077472      0.19465062
       563        2.0866583826        2.5892078482     1943.9459299846        2.2181236546        0.5025494656      0.19455082
       564        2.1054217666        2.5647595815     1776.7959911518        2.2700557422        0.4593378149      0.19354501
       565        2.1222535104        2.5382136485     1609.0038350719        2.3203860789        0.4159601381      0.19287903
       566        2.1378499083        2.5168587686     1466.0700725345        2.3687406964        0.3790088603      0.19386183
       567        2.1528127713        2.4915105292     1310.1399428314        2.4152825865        0.3386977580      0.19260583
       568        2.1673150949        2.5077921637     1317.0226168313        2.4596365264        0.3404770688      0.19320604
       569        2.1824278305        2.5138179157     1281.8726344416        2.5046544325        0.3313900852      0.19315146
       570        2.1980446150        2.4928105042     1140.2040792493        2.5498798177        0.2947658892      0.19370122
       571        2.2134003496        2.4999971057     1108.6044970673        2.5933674980        0.2865967561      0.19374989
       572        2.2290584331        2.5037012253     1062.3645525743        2.6371394348        0.2746427922      0.19346028
       573        2.2447735598        2.4979861542      979.4689398380        2.6809354779        0.2532125944      0.19365930
       574        2.2600286754        2.5033933185      941.3754064671        2.7238642125        0.2433646431      0.19431922
       575        2.2749103601        2.5056412846      892.5060559618        2.7667504644        0.2307309244      0.19455813
       576        2.2890728777        2.5006707111      818.4960393401        2.8091806523        0.2115978335      0.19481700
       577        2.3020036452        2.4982732721      759.2039560981        2.8502544314        0.1962696269      0.19347577
       578        2.3134982445        2.4863133692      668.4779933949        2.8899768846        0.1728151247      0.19381051
       579        2.3229892718        2.4780468729      599.7889030101        2.9270457782        0.1550576011      0.19396456
       580        2.3303385275        2.4806179108      581.3059521705        2.9615504807        0.1502793833      0.19473482
       581        2.3356325531        2.4853786992      579.2433010660        2.9945286567        0.1497461462      0.19456388
       582        2.3387799304        2.4809845229      550.0713019829        3.0261071059        0.1422045925      0.19259610
       583        2.3396058046        2.4734066945      517.5643652833        3.0552055219        0.1338008898      0.19372193
       584        2.3380920579        2.4711910459      514.8492908756        3.0814196031        0.1330989880      0.19429578
       585        2.3342545543        2.4843537641      580.6090108149        3.1052518740        0.1500992099      0.19516533
       586        2.3279518820        2.4889093441      622.6105581819        3.1280399062        0.1609574621      0.19360239
reaction occured at step 586 between IDs 1 and 3
       587        2.3195015206        2.4998833763      697.7473824103        3.0898553648        0.1803818556      0.08955555
       588        2.3089541950        2.5012536642      743.8467179440        3.0500856699        0.1922994692      0.19252243
       589        2.2968393111        2.4936229384      761.1921961376        3.0095684984        0.1967836273      0.19240080
       590        2.2836828988        2.4854506545      780.4716439326        2.9694997254        0.2017677557      0.19336892
       591        2.2697439921        2.4943457387      868.7973642398        2.9301568361        0.2246017466      0.19494643
       592        2.2547613554        2.5071527519      976.2924080592        2.8902929113        0.2523913965      0.18707462
       593        2.2390171727        2.5174943139     1077.1964595743        2.8501152636        0.2784771411      0.18411305
       594        2.2230149681        2.5226430899     1159.0120132866        2.8103629920        0.2996281218      0.18464730
       595        2.2072886436        2.5154352695     1191.9630211596        2.7718529610        0.3081466259      0.11803223
       596        2.1924441954        2.5162546497     1252.5533463568        2.7356478965        0.3238104543      0.19437968
       597        2.1785375200        2.5225387252     1330.6545696040        2.7015033802        0.3440012052      0.18812541
       598        2.1657393034        2.5276565899     1399.9569879738        2.6694087403        0.3619172865      0.19317514
       599        2.1543508154        2.5101807788     1376.4101974719        2.6396735686        0.3558299634      0.19395055
       600        2.1448519654        2.5013465362     1378.9810107187        2.6132643816        0.3564945708      0.19373591
       601        2.1371562777        2.4569809736     1237.1357618440        2.5897803439        0.3198246959      0.18493989
       602        2.1315125976        2.4596958377     1269.4680177800        2.5701194286        0.3281832401      0.18426049
       603        2.1274095683        2.4728515196     1336.2276180845        2.5526265743        0.3454419513      0.19405700
       604        2.1249195812        2.4808619192     1376.8448812562        2.5370681081        0.3559423380      0.19445947
       605        2.1241935527        2.4323875135     1192.1461208042        2.5235873687        0.3081939609      0.19453463
       606        2.1250893228        2.4725902362     1344.1920299610        2.5129203323        0.3475009134      0.19458582
       607        2.1276584371        2.4763968031     1348.9787049743        2.5033604167        0.3487383660      0.19373384
       608        2.1319043871        2.4803661176     1347.9086320874        2.4954328621        0.3484617305      0.19464487
       609        2.1377592652        2.4873329578     1352.2098889103        2.4889002664        0.3495736926      0.19418490
       610        2.1451551426        2.4967880060     1360.1751081018        2.4834641762        0.3516328634      0.19265088
       611        2.1540065409        2.4739572890     1237.6233526385        2.4788071342        0.3199507480      0.19377683
       612        2.1636097610        2.4648139771     1165.1086114671        2.4746687022        0.3012042161      0.19464121
       613        2.1737670577        2.4583341953     1100.7535910995        2.4703812920        0.2845671376      0.19372659
       614        2.1841531263        2.4436448288     1003.7575871184        2.4653848236        0.2594917025      0.18481916
       615        2.1941858172        2.4545277973     1007.0466040898        2.4591792801        0.2603419801      0.19369553
       616        2.2039403169        2.4328294365      885.3816448287        2.4509134525        0.2288891196      0.19373022
       617        2.2122972117        2.4438170623      895.5577550198        2.4405547707        0.2315198505      0.19453202
       618        2.2192951943        2.4411248986      858.0746380848        2.4268102212        0.2218297043      0.19419687
       619        2.2240916832        2.4492038572      870.7717835998        2.4095651995        0.2251121740      0.19449026
       620        2.2260545294        2.4406705799      830.1710109695        2.3879041919        0.2146160505      0.19386598
       621        2.2242892834        2.4282392846      788.9129369902        2.3622121294        0.2039500013      0.19441409
       622        2.2180532738        2.4402352247      859.4371875914        2.3324410519        0.2221819510      0.19421821
       623        2.2061038308        2.4418112409      911.7559402908        2.2968011225        0.2357074101      0.19361067
       624        2.1878772222        2.4285443066      930.9407955674        2.2563898446        0.2406670844      0.19413081
       625        2.1636570541        2.4342846774     1046.8332035687        2.2129732532        0.2706276234      0.18360559
       626        2.1328553281        2.4387864067     1183.3929111882        2.1659612682        0.3059310786      0.19448661
       627        2.0966579612        2.4582353019     1398.6420206378        2.1171865120        0.3615773408      0.19366499
       628        2.0564926718        2.4639822460     1576.2382679976        2.0679988935        0.4074895742      0.19453933
       629        2.0163434541        2.4383477879     1632.3838014077        2.0221797097        0.4220043337      0.18383565
       630        1.9809296714        2.4026024883     1631.1014385787        1.9836678646        0.4216728169      0.19361274
       631        1.9530279992        2.4318529971     1852.1756953445        1.9542324396        0.4788249979      0.16775352
       632        1.9330601103        2.4546864098     2017.7383350589        1.9335294716        0.5216262995      0.18145841
       633        1.9238589785        2.4476637350     2026.1649734762        1.9240225930        0.5238047565      0.18185315
       634        1.9268462242        2.4588643964     2057.9358478708        1.9268994000        0.5320181722      0.19328796
       635        1.9420815136        2.4803395598     2082.0727308869        1.9420975951        0.5382580462      0.18461720
       636        1.9693368644        2.4618026268     1904.9404685495        1.9693414263        0.4924657624      0.18289024
       637        2.0058509628        2.4765161337     1820.6121109676        2.0058522723        0.4706651709      0.19453098
       638        2.0504092393        2.4579600714     1576.4752241030        2.0504096152        0.4075508321      0.18441849
       639        2.0983850148        2.4559029831     1382.9396845102        2.0983851318        0.3575179683      0.18297427
       640        2.1473202621        2.4385918807     1126.6876520684        2.1473203020        0.2912716186      0.18520974
       641        2.1926468032        2.4359315889      941.0665045015        2.1926468191        0.2432847857      0.19343085
       642        2.2323985756        2.4355971161      786.0061601916        2.2323985830        0.2031985405      0.19413133
       643        2.2642118251        2.4222493834      611.3158788618        2.2642118291        0.1580375583      0.18493376
       644        2.2849990817        2.4258380884      544.7889863360        2.2849990845        0.1408390067      0.19311131
       645        2.2947155777        2.4386897148      556.9161984891        2.2947155800        0.1439741371      0.19315146
       646        2.2928145685        2.4284908723      524.8187822727        2.2928145710        0.1356763038      0.19294321
       647        2.2796209171        2.4226767983      553.3642299030        2.2796209202        0.1430558812      0.18423613
       648        2.2561979395        2.4205654287      635.8011173587        2.2561979444        0.1643674892      0.19257717
       649        2.2239920876        2.4142219228      735.8410248458        2.2239920968        0.1902298351      0.19345615
       650        2.1855889515        2.4363754894      970.0845450351        2.1855889715        0.2507865379      0.14708195
       651        2.1412734048        2.4521121089     1202.3764329193        2.1412734574        0.3108387041      0.18445181
       652        2.0951537268        2.4672919202     1439.4931762469        2.0951538845        0.3721381934      0.19329260
       653        2.0509315774        2.4694430869     1618.8729692011        2.0509320989        0.4185115095      0.19308868
       654        2.0126524491        2.4576463835     1721.3114468335        2.0126542469        0.4449939344      0.19353829
       655        1.9833572976        2.4415653411     1772.4258449721        1.9833634396        0.4582080434      0.18409200
       656        1.9646712695        2.4344517917     1817.1901411039        1.9646914134        0.4697805223      0.19362826
       657        1.9572468375        2.4203925448     1791.5255597998        1.9573095644        0.4631457073      0.19371934
       658        1.9611905946        2.4140568380     1751.7628630095        1.9613712069        0.4528662434      0.18462237
       659        1.9757658228        2.4283733078     1750.7619424126        1.9762444455        0.4526074851      0.19259099
       660        2.0002132287        2.4223677165     1632.9646226502        2.0013932359        0.4221544878      0.18317682
       661        2.0320572292        2.4240708806     1516.3747936635        2.0346887395        0.3920136514      0.19284721
       662        2.0687853974        2.4353002484     1417.7411415464        2.0741239981        0.3665148511      0.19434632
       663        2.1079012408        2.4205117342     1209.2300118213        2.1178452674        0.3126104933      0.19391578
       664        2.1447418470        2.3899008271      948.3162039653        2.1614262820        0.2451589801      0.19362050
       665        2.1753171503        2.3851108516      811.5173523090        2.2003944786        0.2097937013      0.19314837
       666        2.1994505027        2.3791682501      695.1784998910        2.2342977862        0.1797177474      0.19386598
       667        2.2162129146        2.3802109851      634.3721434080        2.2612865941        0.1639980705      0.19430047
       668        2.2257825633        2.3880537293      627.6921861047        2.2807181763        0.1622711660      0.19437238
       669        2.2285533101        2.3747788028      565.6248209367        2.2922301463        0.1462254927      0.19476360
       670        2.2249535821        2.3774679299      589.9511708497        2.2948345884        0.1525143478      0.19295400
       671        2.2155568947        2.3517918605      526.9797808922        2.2888708688        0.1362349658      0.19456388
       672        2.2019879621        2.3492661252      569.6967273280        2.2754960380        0.1472781632      0.19391007
       673        2.1838298867        2.3628740341      692.5729018094        2.2545088856        0.1790441474      0.19329827
       674        2.1605832535        2.3719416084      817.5696963121        2.2255690048        0.2113583550      0.19419739
       675        2.1329423648        2.3769118310      943.7149643671        2.1899934001        0.2439694663      0.19388621
       676        2.1015582815        2.3839507843     1092.3417375063        2.1492818507        0.2823925028      0.19441148
       677        2.0667919866        2.3846242898     1229.4288513671        2.1046467918        0.3178323032      0.19458947
       678        2.0296934737        2.3913099710     1398.7934843681        2.0581030170        0.3616164972      0.19429682
       679        1.9909376150        2.4160535571     1644.4200265018        2.0109590767        0.4251159421      0.19398377
       680        1.9512087649        2.3785662931     1653.0908586924        1.9642775058        0.4273575282      0.19492755
       681        1.9149630961        2.4007979435     1879.2909732387        1.9230841442        0.4858348474      0.19428328
       682        1.8816032661        2.3791480274     1924.5868916974        1.8862538323        0.4975447614      0.18409995
       683        1.8544777406        2.3812920541     2037.8064462605        1.8569944166        0.5268143135      0.18459745
       684        1.8343431870        2.3658184103     2055.8356302691        1.8356175330        0.5314752233      0.19261351
       685        1.8224728245        2.3343806145     1980.1455044646        1.8230878174        0.5119077901      0.19268725
       686        1.8190020654        2.3398618438     2014.7733023342        1.8192915939        0.5208597784      0.19328487
       687        1.8234257964        2.3306242221     1961.9288903936        1.8235570612        0.5071984257      0.19403726
       688        1.8350318199        2.3233415243     1888.8641370357        1.8350906709        0.4883097045      0.19310051
       689        1.8526101380        2.3350139272     1866.0190626205        1.8526366632        0.4824037892      0.19448817
       690        1.8751471838        2.3501133183     1837.2489621196        1.8751592365        0.4749661345      0.19301052
       691        1.9013024386        2.3783066271     1845.1324980788        1.9013080487        0.4770041885      0.19214525
       692        1.9299359614        2.3684674625     1696.3136667235        1.9299386594        0.4385315011      0.18385151
       693        1.9581492894        2.3745776123     1610.8148531631        1.9581506981        0.4164283230      0.19391422
       694        1.9847589035        2.3679573914     1482.2762574006        1.9847597064        0.3831984879      0.19250351
       695        2.0079158583        2.3759070714     1423.4519584112        2.0079163698        0.3679912131      0.19347268
       696        2.0269883228        2.3710026709     1330.7054085907        2.0269886880        0.3440143481      0.19431922
       697        2.0409690538        2.3962414514     1374.2534390803        2.0409693501        0.3552723976      0.19435674
       698        2.0501990429        2.4139204414     1406.9355967901        2.0501993150        0.3637213985      0.19391526
       699        2.0546903111        2.4241345467     1429.0724942121        2.0546905949        0.3694442356      0.19374264
       700        2.0550242654        2.4220636370     1419.7700752048        2.0550246007        0.3670393716      0.19374679
       701        2.0522518824        2.4063098386     1369.5557752985        2.0522523257        0.3540579562      0.19326271
       702        2.0477407729        2.4124872176     1410.9006479876        2.0477414165        0.3647464447      0.19362308
       703        2.0428253764        2.4048329353     1400.3061766628        2.0428263980        0.3620075589      0.19391993
       704        2.0391026450        2.4257503842     1495.6185417927        2.0391043728        0.3866477392      0.19427026
       705        2.0379802988        2.4106379457     1441.5025097415        2.0379834206        0.3726576469      0.19476412
       706        2.0408020403        2.4123587681     1437.2439695326        2.0408077960        0.3715567278      0.14089813
       707        2.0484358214        2.4102555490     1399.5796136362        2.0484466107        0.3618197276      0.18425206
       708        2.0613829448        2.4205824636     1389.4442048641        2.0614031128        0.3591995188      0.19365154
       709        2.0801006974        2.4589104357     1465.2998349734        2.0801381474        0.3788097383      0.19421196
       710        2.1056545389        2.4759743583     1432.4593995859        2.1057242988        0.3703198194      0.19384680
       711        2.1372530566        2.4918944300     1371.8125314580        2.1373793483        0.3546413735      0.18451896
       712        2.1740203852        2.4966446650     1247.9650234662        2.1742401231        0.3226242798      0.19375352
       713        2.2139239523        2.5008280713     1109.7934287303        2.2142852880        0.2869041190      0.19329518
       714        2.2550282683        2.4937902215      923.5714270288        2.2555867060        0.2387619532      0.18453071
       715        2.2942321020        2.5002476374      796.9027708468        2.2950333364        0.2060155354      0.18353632
       716        2.3305672641        2.5155657242      715.6051856477        2.3316444233        0.1849984601      0.19300178
       717        2.3630558932        2.5285332363      640.0942190990        2.3644194309        0.1654773431      0.18897892
       718        2.3897960067        2.5410279975      584.9907981021        2.3914148050        0.1512319908      0.19371882
       719        2.4092336200        2.5387937566      501.1604179784        2.4110312362        0.1295601366      0.19417658
       720        2.4192656064        2.5318067587      435.3281218274        2.4211203946        0.1125411523      0.19310154
       721        2.4193821835        2.5421112174      474.7365629719        2.4211614478        0.1227290339      0.19316124
       722        2.4096357726        2.5369963593      492.6521890600        2.4112162398        0.1273605868      0.19396664
       723        2.3911994834        2.5276600411      527.8524081259        2.3925072805        0.1364605576      0.19338131
       724        2.3656672411        2.5323867666      644.8991897092        2.3666793322        0.1667195255      0.19345202
       725        2.3335010364        2.5276936225      751.1696124940        2.3342248658        0.1941925861      0.09973287
       726        2.2975245464        2.5265672120      885.9755867224        2.2980072173        0.2290426656      0.19305628
       727        2.2595876341        2.5193574402     1004.8333387842        2.2598871139        0.2597698061      0.19345925
       728        2.2223177606        2.5203182446     1152.7160363362        2.2224921545        0.2980004840      0.19413497
       729        2.1872440140        2.5079812258     1240.6655267508        2.1873389887        0.3207372118      0.19253420
       730        2.1568467925        2.5224480326     1414.2071405390        2.1568961213        0.3656012401      0.19261862
       731        2.1314855283        2.5273616975     1531.3156628627        2.1315095433        0.3958761692      0.18424550
       732        2.1128534267        2.5041734160     1513.6915915724        2.1128646052        0.3913199892      0.18300708
       733        2.1018143644        2.5123663277     1588.0841048534        2.1018195514        0.4105519633      0.18431250
       734        2.0976143718        2.5015506853     1562.4936579588        2.0976167408        0.4039363136      0.18448374
       735        2.0996670655        2.4907170467     1512.6471548548        2.0996681709        0.3910499811      0.18399012
       736        2.1065554461        2.4934536594     1496.5874176679        2.1065559843        0.3868982132      0.18463977
       737        2.1167780027        2.5165813582     1546.5066804013        2.1167782787        0.3998033555      0.18319303
       738        2.1289978050        2.5445416098     1607.3933880760        2.1289979548        0.4155438048      0.18273531
       739        2.1415836081        2.5401767564     1541.8253949123        2.1415836959        0.3985931482      0.19394484
       740        2.1520605486        2.5516410929     1545.6448093205        2.1520606065        0.3995805443      0.19357499
       741        2.1586777941        2.5571670101     1541.4233676585        2.1586778376        0.3984892160      0.19325961
       742        2.1597070485        2.5420168879     1478.8388152708        2.1597070865        0.3823098394      0.19260839
       743        2.1539302247        2.5498310751     1531.4111338450        2.1539302635        0.3959008504      0.19349179
       744        2.1405344285        2.5639989658     1638.0321145344        2.1405344753        0.4234645373      0.19372038
       745        2.1192756205        2.5834168314     1795.3763355981        2.1192756871        0.4641412109      0.19252039
       746        2.0905292886        2.5738301350     1869.4890307972        2.0905294003        0.4833008464      0.19246262
       747        2.0563857949        2.5721906871     1995.2201515673        2.0563860096        0.5158048922      0.19440366
       748        2.0183639043        2.5964018233     2235.9479750780        2.0183643706        0.5780379189      0.18198191
       749        1.9778581873        2.6131038006     2457.2369671705        1.9778593285        0.6352456134      0.19338182
       750        1.9378893660        2.6219799881     2646.1776833301        1.9378924159        0.6840906221      0.19328641
       751        1.9015843542        2.6426516391     2866.5730059965        1.9015929572        0.7410672848      0.19194425
       752        1.8715455852        2.6289592579     2929.8035859791        1.8715706860        0.7574136727      0.19316690
       753        1.8508915547        2.6296210708     3012.2568564545        1.8509635107        0.7787295161      0.18986855
       754        1.8411565627        2.6443111536     3106.7371573828        1.8413564928        0.8031545909      0.19326580
       755        1.8435928680        2.6371335213     3069.5488284403        1.8441247048        0.7935406533      0.19383747
       756        1.8585467773        2.6182305353     2938.5846583882        1.8598609766        0.7596837581      0.19373850
       757        1.8848766988        2.6117771212     2811.7731973247        1.8878424799        0.7269004224      0.19284105
       758        1.9208076520        2.5802905821     2550.9909882118        1.9269273921        0.6594829301      0.19321994
       759        1.9628200382        2.5946142781     2443.8864738678        1.9742112354        0.6317942400      0.19365516
       760        2.0094033842        2.6063788611     2309.2016370708        2.0289978726        0.5969754769      0.15660127
       761        2.0578931205        2.6154702701     2156.8022751102        2.0890940463        0.5575771496      0.19307428
       762        2.1059904746        2.6168103710     1975.9373489540        2.1521788839        0.5108198965      0.19470291
       763        2.1517898364        2.6247339049     1829.4272705842        2.2156344659        0.4729440685      0.19376595
       764        2.1947508315        2.6200471802     1645.1178696923        2.2779796762        0.4252963488      0.19486309
       765        2.2339542003        2.6201669417     1493.9358972614        2.3366987194        0.3862127414      0.19301103
       766        2.2696006870        2.6367036989     1420.0162466596        2.3907432676        0.3671030119      0.19429422
       767        2.3025812782        2.6566579396     1369.6281300143        2.4402765287        0.3540766614      0.19368362
       768        2.3331363896        2.6722717063     1311.8324935828        2.4847079781        0.3391353167      0.19333591
       769        2.3610333383        2.6799882965     1233.7714698586        2.5229926067        0.3189549582      0.19407675
       770        2.3857351409        2.6781902549     1131.2656116173        2.5539538023        0.2924551140      0.18775406
       771        2.4064925771        2.6681878116     1012.2812196767        2.5764721840        0.2616952345      0.19225177
       772        2.4225076424        2.6567762611      906.1904528197        2.5897106894        0.2342686187      0.19421560
       773        2.4331761790        2.6703594452      917.4648001709        2.5932971181        0.2371832662      0.19407415
       774        2.4384014391        2.6695899431      894.2760508624        2.5870729765        0.2311885040      0.19448817
       775        2.4372318815        2.6752984199      920.8814454427        2.5709352503        0.2380665383      0.19429682
       776        2.4288283408        2.7030482379     1060.7287229714        2.5446117068        0.2742198971      0.19379445
       777        2.4117711209        2.7041108113     1130.8191340155        2.5070315692        0.2923396905      0.19368673
       778        2.3860032827        2.6951207488     1195.7183943031        2.4605374418        0.3091174661      0.19486047
       779        2.3516671238        2.7206335887     1427.2243966019        2.4068850410        0.3689664649      0.19350677
       780        2.3072371710        2.7314142303     1640.7882697464        2.3449604786        0.4241770593      0.18593719
       781        2.2548715709        2.7164541247     1785.4790192553        2.2785149363        0.4615825538      0.19437603
       782        2.1985943732        2.7143219384     1994.9210379190        2.2122281968        0.5157275652      0.19491707
       783        2.1411575867        2.6739641568     2060.9855035495        2.1482770981        0.5328065701      0.19289751
       784        2.0883181927        2.6823372584     2297.7657407308        2.0917482049        0.5940190656      0.19464853
       785        2.0415311873        2.6657273433     2414.4958062428        2.0430061799        0.6241961560      0.18539119
       786        2.0051881095        2.6957380102     2671.1632604692        2.0057647262        0.6905499007      0.19423694
       787        1.9808779882        2.6860805863     2727.8423604341        1.9810770147        0.7052025981      0.18525235
       788        1.9712120847        2.6876858520     2771.4411404082        1.9712752089        0.7164737673      0.18419633
       789        1.9764121790        2.6795491382     2719.8521214959        1.9764307357        0.7031369592      0.19273029
       790        1.9956592697        2.7109998293     2767.0577020871        1.9956644890        0.7153405596      0.19420728
       791        2.0281614321        2.7209634055     2679.8746569451        2.0281628233        0.6928019735      0.18480361
       792        2.0714285443        2.7170441150     2497.3497078955        2.0714289139        0.6456155707      0.18372148
       793        2.1217817373        2.7319678986     2360.3027882235        2.1217818402        0.6101861613      0.18434203
       794        2.1763184224        2.7426358398     2190.6111019838        2.1763184530        0.5663174174      0.18467694
       795        2.2310674778        2.7522536997     2016.0360404947        2.2310674880        0.5211862218      0.19273746
       796        2.2821187322        2.7408599691     1774.4883269514        2.2821187361        0.4587412369      0.19451427
       797        2.3247169604        2.7398929893     1605.9707691238        2.3247169622        0.4151760290      0.19431922
       798        2.3563047848        2.7460551931     1507.6201882639        2.3563047859        0.3897504083      0.19510334
       799        2.3749061016        2.7329209089     1384.8615414764        2.3749061024        0.3580148073      0.19507813
       800        2.3788592825        2.7214088333     1325.0393258437        2.3788592832        0.3425495508      0.19425100
       801        2.3682386577        2.7402314074     1438.9305756110        2.3682386586        0.3719927497      0.19441201
       802        2.3434078811        2.7467376169     1560.1473131876        2.3434078824        0.4033297358      0.15262164
       803        2.3065035551        2.7609516941     1757.8819016585        2.3065035577        0.4544481390      0.16595815
       804        2.2599752800        2.7912012536     2054.8714903766        2.2599752862        0.5312259736      0.17580038
       805        2.2067479637        2.7686999191     2173.7247602246        2.2067479818        0.5619519554      0.17661174
       806        2.1534083059        2.7744550038     2402.3131720460        2.1534083647        0.6210466979      0.18478194
       807        2.1026857049        2.7971474936     2686.2951015172        2.1026859154        0.6944617887      0.17696103
       808        2.0582377183        2.7647329724     2732.8425713937        2.0582385290        0.7064952541      0.17666082
       809        2.0251970447        2.7738765543     2896.0183728985        2.0252001140        0.7486795096      0.18432375
       810        2.0051122222        2.8044242544     3091.8734933098        2.0051237030        0.7993120321      0.18650513
       811        2.0002173917        2.8213790921     3176.3916879760        2.0002591867        0.8211617003      0.17605190
       812        2.0121446882        2.8467450816     3228.3748150010        2.0122869894        0.8346003934      0.16658103
       813        2.0412378809        2.8236277987     3026.4159067123        2.0416838802        0.7823899179      0.18490262
       814        2.0849217273        2.8020478277     2773.9644744944        2.0861500864        0.7171261004      0.18329402
       815        2.1394771237        2.8420348929     2717.6117171111        2.1424438286        0.7025577692      0.17675301
       816        2.2034561519        2.8604247405     2541.2650922288        2.2099765808        0.6569685886      0.17686214
       817        2.2716916535        2.8618270123     2282.7429090505        2.2845674815        0.5901353588      0.16433482
       818        2.3384508068        2.8730826306     2068.0458922173        2.3612288974        0.5346318238      0.18352795
       819        2.4000418174        2.8651470326     1799.1052663900        2.4366661286        0.4651052152      0.18595246
       820        2.4521740589        2.8565517925     1564.2011449783        2.5058054310        0.4043777336      0.17752276
       821        2.4931065174        2.8458901578     1364.6265073076        2.5654893806        0.3527836404      0.16988192
       822        2.5222905828        2.8179994886     1143.8518262961        2.6132905325        0.2957089059      0.18720170
       823        2.5395150706        2.8280257435     1116.0078496524        2.6466055200        0.2885106729      0.18446449
       824        2.5467368074        2.8070238338     1006.8340340440        2.6669434332        0.2602870265      0.18464965
       825        2.5444664191        2.7915154672      955.6273051809        2.6731208012        0.2470490481      0.18475038
       826        2.5337606593        2.7857083546      974.5760971732        2.6658507155        0.2519476953      0.18388462
       827        2.5152602579        2.7693043302      982.6852361637        2.6458120824        0.2540440722      0.18360466
       828        2.4900300974        2.7394879358      964.9449119992        2.6144368508        0.2494578385      0.19315557
       829        2.4593278942        2.7194841546     1006.3282091732        2.5738399896        0.2601562605      0.18406675
       830        2.4230660386        2.7159561481     1132.9482477088        2.5246555316        0.2928901096      0.19328023
       831        2.3805186603        2.6866770955     1184.2723650000        2.4668155590        0.3061584352      0.18372614
       832        2.3337838369        2.6750707748     1320.1553268456        2.4041667341        0.3412869379      0.19256694
       833        2.2820746241        2.6445096985     1401.9598785414        2.3366243895        0.3624350744      0.19303622
       834        2.2274544811        2.6444329192     1612.9427909749        2.2676729261        0.4169784381      0.19256335
       835        2.1690142070        2.6244781369     1761.8111518661        2.1967109013        0.4554639299      0.19416513
       836        2.1099063432        2.6678431231     2158.1933854785        2.1277510915        0.5579367799      0.18381094
       837        2.0492164530        2.6266479200     2233.6021166367        2.0595932034        0.5774314669      0.18393362
       838        1.9945672235        2.6162816515     2404.8960644280        2.0002051007        0.6217144280      0.18318886
       839        1.9472153600        2.6340435074     2656.7668921685        1.9500346943        0.6868281474      0.19200323
       840        1.9090680858        2.6350328689     2808.1539870124        1.9103477165        0.7259647831      0.19310617
       841        1.8829395676        2.6342633960     2906.2470432279        1.8834742824        0.7513238284      0.19233851
       842        1.8699970925        2.6563773512     3041.8512168805        1.8702052247        0.7863802587      0.19288108
       843        1.8704044736        2.6496027070     3014.0699338954        1.8704799656        0.7791982334      0.19324106
       844        1.8834215758        2.6602682065     3004.9735388479        1.8834480929        0.7768466307      0.19217022
       845        1.9074262039        2.6798631744     2987.9162311870        1.9074353415        0.7724369706      0.17809639
       846        1.9403669863        2.6436524875     2720.4267068521        1.9403701404        0.7032855012      0.19226248
       847        1.9778882308        2.6892963909     2751.8465188279        1.9778894011        0.7114081601      0.18180252
       848        2.0190261120        2.6551223278     2460.5272408157        2.0190265660        0.6360962158      0.18330886
       849        2.0582585164        2.6540062040     2304.4523413107        2.0582587169        0.5957476876      0.19284977
       850        2.0935504304        2.6669242784     2217.9065632282        2.0935505317        0.5733738479      0.18291609
       851        2.1228847862        2.6570109484     2066.0899081908        2.1228848455        0.5341261622      0.19330755
       852        2.1438538632        2.6420226654     1927.0007866715        2.1438539047        0.4981688022      0.18402516
       853        2.1554044359        2.6755760707     2012.1114469389        2.1554044709        0.5201716348      0.18372940
       854        2.1578201453        2.7000688278     2097.5091839080        2.1578201807        0.5422486825      0.19207345
       855        2.1514877803        2.7112451561     2165.2357567339        2.1514878233        0.5597573757      0.19428589
       856        2.1378451574        2.7177659386     2243.2312029696        2.1378452196        0.5799207811      0.19416513
       857        2.1190857220        2.6949553179     2227.5605365724        2.1190858271        0.5758695959      0.19310102
       858        2.0982844058        2.6884541953     2282.8760924858        2.0982846062        0.5901697895      0.19387947
       859        2.0779294585        2.7127816207     2455.7150318662        2.0779298815        0.6348521622      0.19378978
       860        2.0605487866        2.7126285416     2522.3542609461        2.0605497674        0.6520797550      0.19303571
       861        2.0494252517        2.7109253726     2558.7938220650        2.0494276399        0.6615001209      0.19310257
       862        2.0468969504        2.7223788563     2612.8777200960        2.0469028845        0.6754819059      0.19329775
       863        2.0547844392        2.6996278555     2494.3628848074        2.0547992341        0.6448434163      0.19350057
       864        2.0736819641        2.6866559937     2371.0867319243        2.0737173319        0.6129740296      0.19358636
       865        2.1033179343        2.6865207686     2255.9267371195        2.1033981358        0.5832028343      0.19409702
       866        2.1430382346        2.6923767431     2124.9338246380        2.1432098242        0.5493385086      0.19336015
       867        2.1915462778        2.7158535360     2028.1087344363        2.1918901825        0.5243072582      0.19411937
       868        2.2477891980        2.7125982399     1797.9596182416        2.2484366871        0.4648090419      0.10058758
       869        2.3076435322        2.7153067453     1576.9099329048        2.3087631241        0.4076632132      0.19386650
       870        2.3682350848        2.7553826329     1497.5518867245        2.3700159114        0.3871475480      0.19274310
       871        2.4296750844        2.7600790689     1278.0582311719        2.4323348510        0.3304039846      0.19451427
       872        2.4860105205        2.7355932941      965.4281822533        2.4896621759        0.2495827737      0.18366934
       873        2.5312354720        2.7468851158      834.1691237240        2.5357833129        0.2156496438      0.18474849
       874        2.5662898104        2.7330077684      644.8931261156        2.5715273464        0.1667179580      0.18309399
       875        2.5871793382        2.7227026416      524.2269511953        2.5927143932        0.1355233034      0.19372711
       876        2.5934596661        2.7082992236      444.2187397768        2.5988480461        0.1148395574      0.18353678
       877        2.5854401914        2.7045730327      460.8258842035        2.5902911302        0.1191328412      0.19257154
       878        2.5638562750        2.7129662668      576.7825489403        2.5678824702        0.1491099918      0.18354933
       879        2.5290655162        2.7049842467      680.4832629637        2.5321115303        0.1759187305      0.19387791
       880        2.4849369610        2.7260802109      932.7826835955        2.4870609432        0.2411432499      0.19320810
       881        2.4312900307        2.7397762227     1193.2765198366        2.4326155519        0.3084861920      0.19258229
       882        2.3728695932        2.7467356167     1446.1767139248        2.3736125976        0.3738660235      0.19287800
       883        2.3143807121        2.7293238667     1605.0699716452        2.3147563835        0.4149431545      0.19377994
       884        2.2611083651        2.7236512880     1789.1938883355        2.2612836128        0.4625429229      0.19426089
       885        2.2151995810        2.7107888417     1917.0226859790        2.2152746600        0.4955892607      0.19284208
       886        2.1792903267        2.6815997334     1943.0173419392        2.1793203160        0.5023094067      0.19370743
       887        2.1550186552        2.6900442186     2069.5689432950        2.1550301530        0.5350255634      0.19355845
       888        2.1420690081        2.7060233575     2181.4703572757        2.1420731651        0.5639543494      0.19460462
       889        2.1408059562        2.7009799117     2166.8471573431        2.1408073903        0.5601739555      0.19430620
       890        2.1505445548        2.7088268508     2159.5298998460        2.1505450479        0.5582822960      0.19408090
       891        2.1696856661        2.7245004646     2146.1170360722        2.1696858378        0.5548147985      0.19435674
       892        2.1961974772        2.7543352546     2158.9708773840        2.1961975392        0.5581377773      0.19390021
       893        2.2278641118        2.7859343090     2158.7094660629        2.2278641354        0.5580701972      0.19328023
       894        2.2617793507        2.7865374564     2029.8526885513        2.2617793605        0.5247581057      0.19358688
       895        2.2934678036        2.7727901499     1854.0995228129        2.2934678083        0.4793223463      0.19342156
       896        2.3188485573        2.7696500833     1743.7761885846        2.3188485600        0.4508015260      0.19280411
       897        2.3350877151        2.7632480688     1656.1963227625        2.3350877171        0.4281603537      0.19313087
       898        2.3397623298        2.7765610668     1689.6110436617        2.3397623315        0.4367987370      0.19397650
       899        2.3314100362        2.7630923180     1669.8197338193        2.3314100381        0.4316822818      0.19403882
       900        2.3097852037        2.7934558863     1870.9196192759        2.3097852065        0.4836706825      0.18411585
       901        2.2742972855        2.7996094847     2031.9960157720        2.2742972904        0.5253121993      0.18542439
       902        2.2272896324        2.8086166389     2248.6707192056        2.2272896435        0.5813270064      0.19249482
       903        2.1712612385        2.7914527754     2399.0052652374        2.1712612684        0.6201915369      0.18377645
       904        2.1108206421        2.8020219180     2673.6828891379        2.1108207347        0.6912012759      0.18359676
       905        2.0486428798        2.8180538999     2976.2113451108        2.0486432052        0.7694110200      0.19424163
       906        1.9889792678        2.7968820916     3125.1041213094        1.9889805194        0.8079028237      0.19442504
       907        1.9374367934        2.7871006895     3286.6429790029        1.9374416993        0.8496638961      0.19312315
       908        1.8972347532        2.7669841961     3364.3372552529        1.8972538144        0.8697494429      0.19367016
       909        1.8714903472        2.7936821693     3567.1932059647        1.8715608014        0.9221918221      0.18361769
       910        1.8619692798        2.8128948116     3678.3400323521        1.8622179887        0.9509255319      0.18265011
       911        1.8705548117        2.8079917193     3626.1637630658        1.8713662750        0.9374369076      0.18368656
       912        1.8970268234        2.7940216822     3469.7271100844        1.8993935545        0.8969948587      0.18333622
       913        1.9388685420        2.7911126021     3296.6234876801        1.9449548236        0.8522440601      0.19328384
       914        1.9922333962        2.8130357188     3175.0015544566        2.0060926434        0.8208023226      0.19265805
       915        2.0529341216        2.8172214656     2956.3921037291        2.0812878726        0.7642873440      0.19398117
       916        2.1149546529        2.8224873463     2736.8555612127        2.1670092923        0.7075326934      0.19299973
       917        2.1737033943        2.8110445010     2465.3426882440        2.2605092355        0.6373411067      0.19325858
       918        2.2255755064        2.8044183625     2239.0616076396        2.3581433664        0.5788428561      0.17433893
       919        2.2698332509        2.8012500920     2055.6097982277        2.4584328667        0.5314168412      0.19228544
       920        2.3070093602        2.7870065085     1856.7097703828        2.5607502376        0.4799971483      0.19324467
       921        2.3377631484        2.7824166084     1719.9944345807        2.6635548687        0.4446534600      0.18362885
       922        2.3635707961        2.7620183110     1541.2620607504        2.7678158710        0.3984475149      0.18356607
       923        2.3849303583        2.7366134030     1360.3692178371        2.8715206326        0.3516830447      0.12584070
       924        2.4023925832        2.7228196000     1239.4656404818        2.9734592511        0.3204270168      0.19230636
       925        2.4166142333        2.7242090053     1189.8283575118        3.0747309854        0.3075947720      0.19377580
       926        2.4280485528        2.7368746808     1194.5914496669        3.1774138780        0.3088261280      0.19264013
       927        2.4368063532        2.7477136173     1202.6416344174        3.2832794814        0.3109072641      0.18377319
reaction occured at step 927 between IDs 1 and 2
       928        2.4425401771        2.7588411585     1223.5054408447        3.1029855241        0.3163009814      0.08476681
       929        2.4447503703        2.7548784032     1199.6274371084        3.0154651728        0.3101280329      0.18346245
       930        2.4427216957        2.7550189432     1208.0183242914        2.9301839550        0.3122972475      0.18472354
       931        2.4357703450        2.7561644564     1239.3383570706        2.8460378337        0.3203941115      0.19369604
       932        2.4232168895        2.7521705756     1272.4482323134        2.7623192603        0.3289536860      0.18308012
       933        2.4045500238        2.7555324421     1357.6590772099        2.6790441069        0.3509824184      0.19348094
       934        2.3789553819        2.7408111813     1399.7191451938        2.5947756696        0.3618557993      0.19183959
       935        2.3465800515        2.7414148939     1527.2876356463        2.5111771452        0.3948348425      0.19225381
       936        2.3064474995        2.7041909936     1538.5387893982        2.4264573404        0.3977434940      0.18443069
       937        2.2605676362        2.6973753822     1689.6458923649        2.3446432795        0.4368077461      0.19332250
       938        2.2081173908        2.6641356403     1763.9553530742        2.2634363169        0.4560182494      0.18738514
       939        2.1522227379        2.6109441711     1774.4117226657        2.1864636827        0.4587214331      0.19305576
       940        2.0964894941        2.6395506883     2100.6521161247        2.1164992856        0.5430611942      0.19299305
       941        2.0397330730        2.6578010032     2390.7907971620        2.0502054387        0.6180679302      0.19271133
       942        1.9871309508        2.6625744297     2612.7290775225        1.9920208939        0.6754434788      0.19298482
       943        1.9437374311        2.6490078056     2728.1045310730        1.9457813333        0.7052703745      0.19356672
       944        1.9134239915        2.6594282791     2885.6701637552        1.9141995783        0.7460042876      0.19381518
       945        1.8978213518        2.6385508172     2865.2662638040        1.8980864255        0.7407294654      0.19385302
       946        1.8979103938        2.6280109217     2824.1517438420        1.8979950979        0.7301005278      0.19360395
       947        1.9127433270        2.6346112784     2792.3067527044        1.9127690127        0.7218679515      0.19328951
       948        1.9408907305        2.6188397969     2622.4211118331        1.9408982106        0.6779490663      0.18255396
       949        1.9793543141        2.6129140617     2450.7157546922        1.9793565146        0.6335597476      0.18275696
       950        2.0250487311        2.6400604188     2378.9687365322        2.0250494024        0.6150116877      0.18385850
       951        2.0759252399        2.6301526232     2143.8448148709        2.0759254527        0.5542273833      0.19311903
       952        2.1268272339        2.6250008224     1927.0193011330        2.1268273092        0.4981735886      0.18334178
       953        2.1742191058        2.6213802293     1729.6944989140        2.1742191365        0.4471611235      0.19273490
       954        2.2148506459        2.6532337622     1695.7396896558        2.2148506606        0.4383831163      0.19349747
       955        2.2476248595        2.6608784358     1598.5343983352        2.2476248679        0.4132535762      0.18363397
       956        2.2694280321        2.6875139391     1617.2266674326        2.2694280379        0.4180859071      0.19353415
       957        2.2793539205        2.7023941870     1636.3909639158        2.2793539255        0.4230402665      0.18390749
       958        2.2767183394        2.7020603858     1645.2946359281        2.2767183448        0.4253420464      0.18333065
       959        2.2622356248        2.6961826973     1678.5803256160        2.2622356319        0.4339470726      0.18424456
       960        2.2377373672        2.6733405555     1684.9864598096        2.2377373788        0.4356031882      0.19399156
       961        2.2062320031        2.6700341250     1794.0646819726        2.2062320255        0.4638021219      0.19315918
       962        2.1700733698        2.6752862693     1954.2485409521        2.1700734201        0.5052128995      0.18339653
       963        2.1323647144        2.6692073515     2076.5976903157        2.1323648435        0.5368426371      0.18343644
       964        2.0970420354        2.6270406084     2050.1236985329        2.0970423975        0.5299985731      0.18285932
       965        2.0681141253        2.6019989279     2065.1562884400        2.0681151646        0.5338848026      0.18142253
       966        2.0472341162        2.6271828322     2243.3392594710        2.0472371255        0.5799487159      0.19302029
       967        2.0357854102        2.6187685893     2255.0770738951        2.0357943682        0.5829831791      0.19103561
       968        2.0359674249        2.6326854111     2308.2056198058        2.0359932656        0.5967179862      0.19247642
       969        2.0486509351        2.6096293104     2169.9587884867        2.0487229628        0.5609783753      0.19239007
       970        2.0731145084        2.6185330150     2109.7705970924        2.0732990674        0.5454185066      0.18985910
       971        2.1087224258        2.6182450380     1970.9192349478        2.1091635551        0.5095226122      0.19407935
       972        2.1533353829        2.6198587718     1804.5910009369        2.1543021793        0.4665233889      0.19338905
       973        2.2043295890        2.6084855136     1563.3431505574        2.2062655416        0.4041559247      0.19358740
       974        2.2575454649        2.6037130755     1339.0345901056        2.2610474216        0.3461676106      0.19330291
       975        2.3097706056        2.6040029762     1138.1403395505        2.3155331408        0.2942323706      0.19372970
       976        2.3580972285        2.5940852679      912.8414614524        2.3667841355        0.2359880393      0.09329638
       977        2.3986819159        2.5891950381      736.9368268658        2.4106374116        0.1905131222      0.19348559
       978        2.4297239606        2.5913825126      625.3224921822        2.4448763277        0.1616585520      0.19322973
       979        2.4503335462        2.5830088041      513.2102313966        2.4681763084        0.1326752579      0.19463755
       980        2.4589982158        2.5795381849      466.2688918751        2.4784816611        0.1205399691      0.19373280
       981        2.4558068366        2.5822727243      489.1913425686        2.4756400021        0.1264658877      0.19317102
       982        2.4408753479        2.5744525599      516.6991418063        2.4597238540        0.1335772120      0.19270210
       983        2.4154920429        2.5803823710      637.8235461677        2.4322517621        0.1648903281      0.19257461
       984        2.3795698626        2.5683608513      730.2753245566        2.3934172423        0.1887909887      0.19190512
       985        2.3363952324        2.5666459707      890.6486153964        2.3471030582        0.2302507383      0.19334932
       986        2.2868482232        2.5755469657     1116.7353345238        2.2945298567        0.2886987425      0.18236104
       987        2.2324856005        2.5940653988     1398.6515268225        2.2375451194        0.3615797983      0.18170634
       988        2.1758116908        2.5713747704     1530.1045790842        2.1788413178        0.3955630795      0.18478335
       989        2.1229449009        2.5895588141     1804.9411642342        2.1246383685        0.4666139132      0.18370332
       990        2.0743185525        2.6195305668     2108.9718499355        2.0751789035        0.5452120142      0.18454527
       991        2.0328362985        2.6181452985     2264.0737406109        2.0332311609        0.5853090000      0.19393653
       992        2.0021896306        2.6521281122     2514.0714548213        2.0023580088        0.6499384816      0.19348301
       993        1.9832056579        2.6304447222     2503.6296543568        1.9832714101        0.6472390643      0.18323749
       994        1.9771446117        2.6316060485     2531.5670070080        1.9771694822        0.6544614368      0.18247031
       995        1.9828920659        2.6372003818     2530.9747096633        1.9829012255        0.6543083159      0.19255159
       996        1.9990000493        2.6257806464     2424.4928592984        1.9990034044        0.6267805971      0.19319007
       997        2.0229070631        2.6064377905     2257.1950829464        2.0229083372        0.5835307274      0.19399207
       998        2.0513502086        2.6263155385     2224.0626832326        2.0513507292        0.5749653298      0.19409910
       999        2.0822308506        2.6247616240     2098.6003592304        2.0822310793        0.5425307735      0.19319316
      1000        2.1119485967        2.6384139301     2036.4565323567        2.1119487098        0.5264653333      0.19243758
      1001        2.1379815197        2.6775657621     2087.2026809761        2.1379815836        0.5395842424      0.19418230
      1002        2.1583501883        2.6660003940     1963.6764511896        2.1583502301        0.5076502056      0.19288365
      1003        2.1699610853        2.6578104290     1887.0833839734        2.1699611182        0.4878493437      0.19363239
      1004        2.1716073021        2.6689913750     1923.9653219934        2.1716073334        0.4973840730      0.19340453
      1005        2.1628618239        2.6653511854     1943.7134373646        2.1628618604        0.5024893615      0.18386270
      1006        2.1442901185        2.6794080825     2069.9263641466        2.1442901697        0.5351179639      0.19250454
      1007        2.1169033229        2.6494758993     2060.0803769037        2.1169034093        0.5325725765      0.18224641
      1008        2.0839451262        2.6223060355     2082.4706228564        2.0839452949        0.5383609093      0.19231860
      1009        2.0480021793        2.6172780153     2202.0547635002        2.0480025502        0.5692758361      0.19292267
      1010        2.0113229260        2.5975810738     2267.7452042444        2.0113238331        0.5862581478      0.19248920
      1011        1.9774167369        2.5909828091     2373.3768523028        1.9774191065        0.6135660721      0.19306502
      1012        1.9488374697        2.5897705804     2479.2371643477        1.9488439511        0.6409331107      0.18266945
      1013        1.9282243565        2.5764818880     2507.5692571932        1.9282424575        0.6482575316      0.18301817
      1014        1.9179313330        2.5683313304     2515.8566757572        1.9179810904        0.6503999974      0.18315321
      1015        1.9192800373        2.5793991088     2553.4516903238        1.9194120640        0.6601190715      0.18339467
      1016        1.9331554194        2.5866518059     2527.8340301518        1.9334914215        0.6534963865      0.19235637
      1017        1.9596747788        2.5866954530     2425.4215181464        1.9604786278        0.6270206742      0.19207040
      1018        1.9976905026        2.5917892781     2298.0740718364        1.9994678677        0.5940987755      0.19294578
      1019        2.0453829615        2.5782504372     2061.2210968195        2.0490000092        0.5328674757      0.18350379
      1020        2.0990226747        2.5692973231     1819.1015044128        2.1057019098        0.4702746485      0.18387809
      1021        2.1553257872        2.5559260484     1549.5892457860        2.1665653218        0.4006002612      0.19290213
      1022        2.2105450988        2.5678427212     1382.0873498324        2.2278034569        0.3572976225      0.19304599
      1023        2.2637261406        2.5797699488     1222.5106516589        2.2883749141        0.3160438082      0.19274925
      1024        2.3128038710        2.5795320746     1031.7495917230        2.3456929468        0.2667282037      0.18341091
      1025        2.3551373766        2.5968065448      934.8170241011        2.3961009070        0.2416691682      0.19223801
      1026        2.3910906634        2.5881336883      762.1955897402        2.4393009354        0.1970430249      0.19312418
      1027        2.4177580711        2.6003890325      706.4473021649        2.4710720234        0.1826309614      0.19329982
      1028        2.4360600523        2.5913424017      600.6582673402        2.4919355307        0.1552823495      0.19333282
      1029        2.4444424025        2.5757196353      507.8024354304        2.4998622392        0.1312772329      0.19275438
      1030        2.4427520632        2.5946294563      587.4873229002        2.4949072148        0.1518773931      0.16119775
      1031        2.4305475909        2.6069694269      682.4293598279        2.4766722775        0.1764218360      0.18369401
      1032        2.4077242819        2.6247598870      839.5302554743        2.4459387334        0.2170356051      0.18347173
      1033        2.3741275248        2.6167091482      938.3465546095        2.4035081138        0.2425816234      0.19416930
      1034        2.3325393499        2.6040289443     1050.1674528178        2.3536670283        0.2714895945      0.19262938
      1035        2.2849406882        2.6088074087     1252.7709934133        2.2991089562        0.3238667205      0.19372607
      1036        2.2323000462        2.5901869100     1384.3666342641        2.2410004095        0.3578868638      0.19276719
      1037        2.1793103115        2.5982335157     1620.4654737162        2.1842578278        0.4189232042      0.19328126
      1038        2.1274883328        2.5949322705     1808.1518390055        2.1300342670        0.4674439378      0.19261555
      1039        2.0810685208        2.6096989534     2044.8315008136        2.0822619864        0.5286304326      0.18239684
      1040        2.0425403243        2.5856199680     2100.7234814129        2.0430435368        0.5430796436      0.19343085
      1041        2.0155776499        2.5754792621     2165.7936874287        2.0157758067        0.5599016122      0.19230840
      1042        2.0007953622        2.5515290897     2130.3307663831        2.0008683616        0.5507337275      0.19341485
      1043        1.9983563580        2.5402005182     2095.9444238422        1.9983822896        0.5418441603      0.19233391
      1044        2.0072910034        2.5321800450     2030.3591707283        2.0072999829        0.5248890416      0.19246824
      1045        2.0261339228        2.5073280217     1861.3397771548        2.0261370209        0.4811940990      0.19309279
      1046        2.0522043852        2.4962696038     1717.7190179271        2.0522055012        0.4440652187      0.19318801
      1047        2.0830006893        2.4870522915     1562.9396138040        2.0830011159        0.4040516022      0.19337769
      1048        2.1156570021        2.4882471604     1441.2414526625        2.1156571801        0.3725901583      0.19317668
      1049        2.1477243233        2.5117922794     1408.2761400932        2.1477244056        0.3640679561      0.19266624
      1050        2.1775775071        2.5111833695     1290.4436338155        2.1775775495        0.3336058624      0.19392252
      1051        2.2016946488        2.5312320270     1274.7060520370        2.2016946743        0.3295373782      0.19370743
      1052        2.2186272592        2.5536102371     1295.7705479738        2.2186272772        0.3349829778      0.19369760
      1053        2.2265859535        2.5715603756     1334.4191362083        2.2265859687        0.3449744221      0.19313344
      1054        2.2242645273        2.5602209412     1299.5359623381        2.2242645429        0.3359564138      0.18342855
      1055        2.2115108043        2.5526672186     1319.6504392943        2.2115108237        0.3411564143      0.18479089
      1056        2.1890001711        2.5501370255     1396.9381452439        2.1890002002        0.3611368544      0.18284733
      1057        2.1579967924        2.5680602324     1586.1944142593        2.1579968444        0.4100634400      0.18303249
      1058        2.1197266664        2.6211955367     1939.7660054084        2.1197267768        0.5014688703      0.19186295
      1059        2.0755767537        2.6085710355     2061.7116041785        2.0755770345        0.5329942818      0.09156828
      1060        2.0317167678        2.5914725623     2165.2296401917        2.0317175489        0.5597557945      0.19329312
      1061        1.9913612525        2.6137167079     2407.3756663913        1.9913635479        0.6223554554      0.19331528
      1062        1.9563633841        2.6138081258     2543.1069327192        1.9563705371        0.6574447417      0.19292934
      1063        1.9304261875        2.5975074473     2580.3826068992        1.9304486222        0.6670812598      0.19380118
      1064        1.9159311696        2.5658886355     2514.1448892971        1.9159991106        0.6499574659      0.19290469
      1065        1.9138836878        2.5413830026     2427.2729802933        1.9140756987        0.6274993148      0.19193510
      1066        1.9240562934        2.5630821847     2471.8597187598        1.9245574264        0.6390258913      0.19300795
      1067        1.9464219389        2.5783701617     2444.4821053136        1.9476550944        0.6319482228      0.18332416
      1068        1.9800442224        2.5648604753     2262.1677118137        1.9828560888        0.5848162529      0.19420051
      1069        2.0218181780        2.5587823056     2077.0676361271        2.0276135693        0.5369641276      0.19368052
      1070        2.0687182693        2.5393114925     1820.3338051909        2.0795675087        0.4705932232      0.19345512
      1071        2.1165671478        2.5319452617     1606.7524673926        2.1349348233        0.4153781138      0.18485829
      1072        2.1627766906        2.5031443822     1316.5995269099        2.1912815473        0.3403676915      0.19346235
      1073        2.2035398243        2.5190999363     1220.6396333330        2.2439320951        0.3155601120      0.18441896
      1074        2.2401291604        2.5298991958     1120.8792758788        2.2940838355        0.2897700355      0.19294424
      1075        2.2714594739        2.5359468249     1023.0815967039        2.3396238633        0.2644873511      0.19272875
      1076        2.2969686062        2.5310440568      905.4432462727        2.3787454602        0.2340754506      0.19271440
      1077        2.3161543511        2.5341146170      843.1069989395        2.4095077832        0.2179602659      0.19304188
      1078        2.3295633437        2.5487162211      847.7202211163        2.4317184703        0.2191528774      0.18404198
      1079        2.3377039811        2.5579329256      851.8826297911        2.4454296068        0.2202289445      0.19323076
      1080        2.3405426157        2.5482280023      803.3620360800        2.4500918325        0.2076853865      0.19337821
      1081        2.3380463667        2.5573074749      848.1388762089        2.4455283292        0.2192611082      0.19285131
      1082        2.3301006303        2.5720809444      936.0205890900        2.4317472021        0.2419803141      0.18416685
      1083        2.3164369519        2.5663080635      966.5435217801        2.4088119984        0.2498711115      0.19280719
      1084        2.2974576460        2.5478268561      968.4702506555        2.3782011515        0.2503692101      0.12968825
      1085        2.2735691350        2.5737658302     1161.2113510374        2.3414694700        0.3001966952      0.19320810
      1086        2.2427714295        2.5522572263     1197.1431599381        2.2966268868        0.3094857969      0.19333333
      1087        2.2076757277        2.5571308165     1351.7511093276        2.2484279164        0.3494550888      0.19319831
      1088        2.1675732560        2.5556545386     1501.1637291146        2.1964874693        0.3880812826      0.19335035
      1089        2.1241039321        2.5376556947     1599.6878334945        2.1432590890        0.4135517626      0.19360653
      1090        2.0799812762        2.5490190647     1814.3171220057        2.0918626338        0.4690377885      0.19441305
      1091        2.0361534716        2.5531708212     1999.9101408886        2.0429105644        0.5170173496      0.18241291
      1092        1.9958793299        2.5565789049     2168.8803420505        1.9994034880        0.5606995750      0.19273234
      1093        1.9620094841        2.5694176936     2349.5572030429        1.9636946611        0.6074082095      0.19335912
      1094        1.9367875458        2.5815390297     2494.0072744071        1.9375237257        0.6447514838      0.18206511
      1095        1.9221601135        2.5387819957     2385.1972401745        1.9224558841        0.6166218822      0.18420570
      1096        1.9190430314        2.5297737657     2362.4092881944        1.9191582611        0.6107307343      0.19297301
      1097        1.9265066717        2.5174619653     2285.9145545040        1.9265499603        0.5909552935      0.19289648
      1098        1.9433478626        2.5144521558     2209.1275438190        1.9433639241        0.5711042933      0.18410089
      1099        1.9679748871        2.5209629661     2139.0509772874        1.9679808678        0.5529880790      0.19276002
      1100        1.9986067580        2.5290909172     2052.0020274585        1.9986090304        0.5304841592      0.19347939
      1101        2.0330493619        2.5622688086     2047.1099064465        2.0330502648        0.5292194467      0.18470282
      1102        2.0698578916        2.5445623268     1836.2366652834        2.0698582682        0.4747044352      0.19306193
      1103        2.1046611969        2.5514001190     1728.0613530216        2.1046613737        0.4467389221      0.18426564
      1104        2.1358843635        2.5333550039     1537.4833456493        2.1358844573        0.3974706404      0.19433955
      1105        2.1605499893        2.5487558937     1501.6457869317        2.1605500477        0.3882059043      0.18231930
      1106        2.1781523434        2.5538465398     1453.2483945101        2.1781523858        0.3756941964      0.19300744
      1107        2.1874139383        2.5397238366     1362.7939930483        2.1874139748        0.3523098983      0.19382140
      1108        2.1878620177        2.5390167596     1358.3256533472        2.1878620551        0.3511547418      0.18317636
      1109        2.1799913467        2.5413592080     1397.8317186822        2.1799913922        0.3613678613      0.19301103
      1110        2.1648059896        2.5438414104     1466.1728131025        2.1648060550        0.3790354208      0.19318029
      1111        2.1439053426        2.5557123254     1592.9387316707        2.1439054516        0.4118069829      0.19424736
      1112        2.1191289128        2.5340626358     1605.0334888417        2.1191291218        0.4149337230      0.18413877
      1113        2.0937720055        2.5469348307     1752.9100916466        2.0937724433        0.4531628252      0.19301874
      1114        2.0692490959        2.5556818217     1881.6036678140        2.0692501043        0.4864327259      0.19035776
      1115        2.0482668069        2.5550388004     1960.2793788208        2.0482692838        0.5067719935      0.18453306
      1116        2.0332824614        2.5223047093     1891.6203751859        2.0332887293        0.4890222480      0.19334055
      1117        2.0261025371        2.5321193517     1957.3582195847        2.0261180456        0.5060168146      0.19282874
      1118        2.0273109693        2.5358067675     1966.9473456677        2.0273491640        0.5084957982      0.18427923
      1119        2.0376419774        2.5251391471     1885.7211157281        2.0377332866        0.4874971697      0.19331425
      1120        2.0567116055        2.5351313179     1850.6079831372        2.0569176984        0.4784197125      0.19351710
      1121        2.0841053226        2.5372094067     1752.6828709706        2.0845468778        0.4531040841      0.18439409
      1122        2.1182990258        2.5118223588     1522.2144964042        2.1191827934        0.3935233331      0.18450158
      1123        2.1558563801        2.5521859603     1533.0695327107        2.1574655078        0.3963295802      0.18412942
      1124        2.1978210929        2.5038173102     1183.6448784242        2.2006169231        0.3059962172      0.18410930
      1125        2.2364477624        2.5197911659     1096.0199815215        2.2407797281        0.2833434035      0.18415328
      1126        2.2731517197        2.5058158518      899.9840285268        2.2794454859        0.2326641321      0.18448515
      1127        2.3037284659        2.5122649967      806.6544052107        2.3121364608        0.2085365308      0.18382959
      1128        2.3278400848        2.5275774033      772.6175712089        2.3383385726        0.1997373186      0.19318698
      1129        2.3446886704        2.5390069162      751.6556856708        2.3570121031        0.1943182458      0.19368517
      1130        2.3530995434        2.5449576615      742.1394973680        2.3666750587        0.1918581181      0.19374834
      1131        2.3524045737        2.5391125596      722.2179189846        2.3664212971        0.1867079859      0.18411866
      1132        2.3426637509        2.5414050274      768.7647130847        2.3562266374        0.1987412766      0.19362153
      1133        2.3241323937        2.5156702057      740.9004994780        2.3364269069        0.1915378120      0.19379445
      1134        2.2989997873        2.5098244362      815.5052313516        2.3095208046        0.2108246489      0.19279591
      1135        2.2673109497        2.5236415243      991.5298125511        2.2757537873        0.2563305747      0.19293756
      1136        2.2292468094        2.5554812801     1261.9298495121        2.2355266692        0.3262344707      0.18288839
      1137        2.1858436648        2.5621955689     1455.7925187344        2.1901175696        0.3763519041      0.18397845
      1138        2.1413310526        2.5324303918     1512.8380801747        2.1440235112        0.3910993392      0.19401544
      1139        2.0999352819        2.5396241676     1700.7906251042        2.1015410066        0.4396888856      0.10338004
      1140        2.0618713204        2.5352134969     1830.9672194473        2.0627598139        0.4733421766      0.19380481
      1141        2.0296834833        2.5301303299     1935.8126459754        2.0301449218        0.5004468466      0.19388621
      1142        2.0048566003        2.5720705431     2194.0790131640        2.0050832878        0.5672139428      0.18272747
      1143        1.9877708810        2.5827810324     2301.5994269951        1.9878737598        0.5950101513      0.19373695
      1144        1.9799554856        2.5836762848     2335.2936792199        1.9800000720        0.6037207992      0.19326941
      1145        1.9812860890        2.5982556861     2386.5422598682        1.9813049779        0.6169695971      0.19413601
      1146        1.9909530462        2.6097598553     2393.6489050684        1.9909609457        0.6188068091      0.19357861
      1147        2.0076117901        2.5710824703     2179.5994434703        2.0076151309        0.5634706802      0.19410429
      1148        2.0283015791        2.5702165367     2096.2182798839        2.0283030973        0.5419149576      0.19337666
      1149        2.0511388345        2.5298695282     1851.8109109959        2.0511395746        0.4787306937      0.19380844
      1150        2.0727443849        2.5108333871     1694.6020067283        2.0727447917        0.4380890022      0.19359826
      1151        2.0912564770        2.4846403155     1521.6749078931        2.0912567306        0.3933838385      0.19441461
      1152        2.1046848617        2.4701071423     1413.5148950665        2.1046850443        0.3654222806      0.19321222
      1153        2.1119489478        2.4877804673     1453.7795832571        2.1119491003        0.3758315195      0.19354346
      1154        2.1125348626        2.4882550282     1453.3488478778        2.1125350103        0.3757201656      0.18299137
      1155        2.1061038613        2.4677973873     1399.0914444423        2.1061040280        0.3616935260      0.18412006
      1156        2.0932498918        2.4828794876     1507.1528652646        2.0932501091        0.3896295958      0.18283580
      1157        2.0742791964        2.5045196314     1664.2424276508        2.0742795244        0.4302404350      0.19370899
      1158        2.0504265548        2.5047620746     1757.4462715978        2.0504271244        0.4543355198      0.19337357
      1159        2.0241466229        2.5149618583     1898.5559522258        2.0241477264        0.4908152354      0.19290007
      1160        1.9973455182        2.4755846705     1849.9095460459        1.9973478710        0.4782391523      0.19294167
      1161        1.9734092714        2.4569295495     1870.3378294180        1.9734144688        0.4835202781      0.19234565
      1162        1.9535431096        2.4682786015     1991.0835315406        1.9535549303        0.5147354920      0.19361326
      1163        1.9389855523        2.4290803963     1895.7693572740        1.9390132999        0.4900948440      0.18710698
      1164        1.9316765408        2.4236947140     1903.2091181153        1.9317397230        0.4920181731      0.18446308
      1165        1.9319199276        2.4166895923     1875.1706671151        1.9320609705        0.4847696647      0.19336944
      1166        1.9400696675        2.3709924834     1666.8819917907        1.9403731339        0.4309228159      0.19314477
      1167        1.9550282637        2.3773099729     1633.4567364341        1.9556315523        0.4222817092      0.18350425
      1168        1.9765519834        2.3948731211     1618.1365790155        1.9776974730        0.4183211377      0.18424175
      1169        2.0041179360        2.3825107854     1463.6872387257        2.0061953537        0.3783928494      0.19366344
      1170        2.0352115994        2.3773479079     1323.4408351891        2.0387132844        0.3421363085      0.18381747
      1171        2.0681162893        2.3594708774     1127.0085922260        2.0736215595        0.2913545881      0.19231809
      1172        2.1000710160        2.3805804632     1085.0577617089        2.1080756887        0.2805094472      0.19316844
      1173        2.1315653567        2.3731195018      934.3720953129        2.1426212664        0.2415541450      0.19295246
      1174        2.1594357256        2.3615607756      781.8537183084        2.1737015725        0.2021250500      0.18427267
      1175        2.1821137907        2.3722002504      735.2864245410        2.1993235143        0.1900864597      0.19316947
      1176        2.1999836358        2.3632131978      631.3994232092        2.2196466386        0.1632295620      0.18504755
      1177        2.2114578652        2.3707252721      616.0731400442        2.2326166259        0.1592674068      0.19377735
      1178        2.2167659278        2.3813029385      636.4568548306        2.2383197000        0.1645370107      0.19337254
      1179        2.2156620221        2.3804444318      637.4060995897        2.2364275610        0.1647824097      0.19270159
      1180        2.2081534147        2.3828360548      675.7018573097        2.2270771744        0.1746826401      0.19318647
      1181        2.1944320699        2.3927641167      767.1817435992        2.2107086490        0.1983320468      0.18709587
      1182        2.1746954619        2.4155699725      931.7431547126        2.1878319174        0.2408745106      0.18457911
      1183        2.1492153195        2.4191069970     1043.9864410152        2.1590585988        0.2698916775      0.18322081
      1184        2.1202834393        2.4171478248     1148.3214159593        2.1271820941        0.2968643855      0.18306486
      1185        2.0897615013        2.4048537303     1218.8297834419        2.0942893922        0.3150922291      0.19250658
      1186        2.0598467132        2.4272923557     1421.3415996301        2.0626483525        0.3674456425      0.18434672
      1187        2.0309833651        2.4538145157     1635.5820681186        2.0325770639        0.4228311506      0.19322149
      1188        2.0054309015        2.4273999434     1632.2472867533        2.0062621769        0.4219690419      0.19327198
      1189        1.9863353206        2.4306773996     1718.7899605917        1.9867512587        0.4443420791      0.19369656
      1190        1.9738764203        2.4282581188     1757.6248984628        1.9740731939        0.4543816985      0.19299870
      1191        1.9687470173        2.4113204949     1711.9487124656        1.9688363919        0.4425734776      0.18205002
      1192        1.9708327682        2.4234530155     1750.8113086711        1.9708728183        0.4526202473      0.18348288
      1193        1.9796717907        2.4360278652     1765.2621176462        1.9796893228        0.4563560746      0.13734695
      1194        1.9946062089        2.4480673428     1754.0640000745        1.9946138339        0.4534611340      0.18401955
      1195        2.0145184493        2.4427665754     1656.5358415534        2.0145218103        0.4282481262      0.19282617
      1196        2.0373853375        2.4202549433     1481.0040857517        2.0373868963        0.3828696057      0.19225483
      1197        2.0606414484        2.4260128663     1413.3181493903        2.0606422386        0.3653714178      0.19296735
      1198        2.0831738431        2.4306891830     1344.2478340482        2.0831742786        0.3475153399      0.19412041
      1199        2.1032133459        2.4289493074     1260.0015321213        2.1032136121        0.3257359615      0.18380628
      1200        2.1190182593        2.4202140885     1165.0761694670        2.1190184434        0.3011958292      0.19367896
      1201        2.1292107613        2.4284534913     1157.5212528402        2.1292109076        0.2992427300      0.19423642
      1202        2.1332850011        2.4344121560     1164.8105256894        2.1332851347        0.3011271549      0.18401488
      1203        2.1308390355        2.4456022106     1217.5569471446        2.1308391767        0.3147631751      0.19404713
      1204        2.1219468807        2.4444501322     1247.4968655793        2.1219470533        0.3225032515      0.19325291
      1205        2.1074209536        2.4595313486     1362.0222809077        2.1074211954        0.3521103950      0.19256131
      1206        2.0880188588        2.4842754400     1532.7871603076        2.0880192466        0.3962565812      0.19397131
      1207        2.0650537512        2.4872676446     1633.1944133874        2.0650544578        0.4222138934      0.19357396
      1208        2.0410485672        2.4962867354     1760.9378678065        2.0410499817        0.4552381683      0.18443492
      1209        2.0178813272        2.5211317665     1946.6574144588        2.0178843887        0.5032504393      0.18352237
      1210        1.9973968426        2.5272341623     2049.4999432578        1.9974039361        0.5298373197      0.18317728
      1211        1.9820804242        2.5342493365     2135.8823027469        1.9820973472        0.5521689123      0.19381621
      1212        1.9735841622        2.5258869833     2136.4002845007        1.9736248513        0.5523028211      0.19344376
      1213        1.9730845316        2.5392434172     2189.9978745456        1.9731800418        0.5661588856      0.19510281
      1214        1.9811530150        2.5594576927     2236.9798427429        1.9813717373        0.5783046777      0.18406068
      1215        1.9981495448        2.6313892829     2449.4779037030        1.9986328337        0.6332397380      0.19380067
      1216        2.0251754998        2.5852933965     2166.6303123667        2.0262250251        0.5601178967      0.19387584
      1217        2.0584516257        2.5804676143     2019.2457179632        2.0605090718        0.5220159886      0.19417398
      1218        2.0965871944        2.5812421701     1874.7270309742        2.1003130537        0.4846549757      0.18774044
      1219        2.1373831200        2.5822635360     1720.8723384303        2.1436277831        0.4448804160      0.19334004
      1220        2.1783976690        2.6052866233     1651.2783362379        2.1880914928        0.4268889544      0.19445060
      1221        2.2185050125        2.5732907006     1372.3707648501        2.2326186291        0.3547856881      0.19348197
      1222        2.2529183919        2.5847673773     1283.6477376396        2.2717703400        0.3318489854      0.18446918
      1223        2.2822100879        2.5819296682     1159.3657902221        2.3058524237        0.2997195803      0.18481916
      1224        2.3046673397        2.5683404055     1019.9318040869        2.3324549541        0.2636730658      0.19347577
      1225        2.3192390198        2.5497183996      891.5330388252        2.3498770373        0.2304793797      0.19336428
      1226        2.3255645208        2.5425087890      839.1769489303        2.3573508477        0.2169442682      0.18478382
      1227        2.3238409037        2.5269789585      785.7721916130        2.3549856703        0.2031380548      0.19352382
      1228        2.3143376695        2.5283835468      827.9654851967        2.3432118618        0.2140458773      0.19335448
      1229        2.2970361999        2.5149034546      842.7472160096        2.3222809169        0.2178672547      0.19337047
      1230        2.2730763857        2.5020877580      885.8545388078        2.2939530557        0.2290113723      0.18345966
      1231        2.2433104171        2.5006777309      995.5400942400        2.2596109965        0.2573673139      0.18526845
      1232        2.2082419248        2.4919218166     1097.3215753734        2.2201561296        0.2836798919      0.18429000
      1233        2.1699137631        2.5095470351     1313.7586684996        2.1780741532        0.3396332720      0.19324828
      1234        2.1287918939        2.4914469265     1402.8107138991        2.1339263832        0.3626550326      0.19259764
      1235        2.0892643506        2.4733856497     1485.8458464158        2.0922959242        0.3841212991      0.19458947
      1236        2.0533339416        2.4774035663     1640.3726944227        2.0550165863        0.4240696247      0.19333385
      1237        2.0220658367        2.4690522717     1729.0187747252        2.0229322482        0.4469864351      0.18453400
      1238        1.9976952431        2.4664576240     1813.2517989143        1.9981151488        0.4687623809      0.19473586
      1239        1.9812451556        2.4612435499     1856.7145900075        1.9814374894        0.4799983943      0.18412474
      1240        1.9733571426        2.4488889529     1839.4370913330        1.9734415672        0.4755318103      0.19387687
      1241        1.9739044542        2.4780145614     1949.9827545475        1.9739407454        0.5041101072      0.19376492
      1242        1.9825672531        2.5205387081     2080.9641475993        1.9825822326        0.5379714549      0.18366422
      1243        1.9991807063        2.5235192196     2028.2296345394        1.9991866808        0.5243385133      0.18439878
      1244        2.0219235003        2.5272735939     1954.7792305980        2.0219259367        0.5053500936      0.19358016
      1245        2.0487235560        2.5154629996     1805.4267371308        2.0487245967        0.4667394437      0.19264422
      1246        2.0767017805        2.5299485555     1753.2348233150        2.0767022648        0.4532467750      0.19415369
      1247        2.1042317508        2.5211250417     1612.6134272353        2.1042319969        0.4168932909      0.19253266
      1248        2.1282914865        2.5121778134     1484.9369346328        2.1282916287        0.3838863270      0.05889852
      1249        2.1468381140        2.5129666539     1416.2468251718        2.1468382091        0.3661285400      0.19328796
      1250        2.1585608485        2.5404467883     1477.1991004020        2.1585609228        0.3818859398      0.19414017
      1251        2.1627557416        2.5675345463     1565.7525555313        2.1627558096        0.4047788047      0.19414277
      1252        2.1587488334        2.5791170935     1626.0551933073        2.1587489068        0.4203682601      0.19385665
      1253        2.1467061073        2.5506247997     1562.4254963272        2.1467062013        0.4039186924      0.19370692
      1254        2.1281776959        2.5604263280     1672.0104723028        2.1281778351        0.4322486322      0.18223678
      1255        2.1038727365        2.5992095319     1916.0461079773        2.1038729759        0.4953367955      0.19348559
      1256        2.0750781204        2.5950346764     2011.2794858002        2.0750785987        0.5199565559      0.19397754
      1257        2.0455214386        2.5950371204     2125.6191606884        2.0455224928        0.5495156819      0.19360446
      1258        2.0176426262        2.5773312368     2164.9697613103        2.0176451346        0.5596886105      0.19401856
      1259        1.9942645033        2.5618195645     2195.3985167676        1.9942706957        0.5675550612      0.19381259
      1260        1.9773009808        2.5211948993     2103.8732339907        1.9773164789        0.5438939186      0.19370277
      1261        1.9683547315        2.5258765854     2156.5883819843        1.9683924293        0.5575218539      0.19444226
      1262        1.9679230824        2.4856719829     2002.7399030877        1.9680136812        0.5177489005      0.18508677
      1263        1.9762188361        2.4698957465     1909.6253929880        1.9764230248        0.4936769104      0.18434625
      1264        1.9926868340        2.4623465688     1816.7229149042        1.9931213605        0.4696597348      0.19428849
      1265        2.0164968402        2.4637240385     1729.9500875287        2.0173666853        0.4472271983      0.18397331
      1266        2.0465649996        2.4610845230     1603.4312949016        2.0482012993        0.4145195234      0.19323024
      1267        2.0810109659        2.4583807324     1459.7297816294        2.0838802751        0.3773697665      0.19431870
      1268        2.1177230522        2.4763878839     1387.3759449359        2.1224018875        0.3586648316      0.19375974
      1269        2.1557314848        2.4598439240     1176.3581077541        2.1629171816        0.3041124392      0.18401815
      1270        2.1909738853        2.4554864243     1023.1790276835        2.2011502718        0.2645125390      0.19358585
      1271        2.2221840179        2.4564399551      906.1413989787        2.2356120639        0.2342559372      0.18392336
      1272        2.2481958275        2.4592199329      816.2767623754        2.2647994469        0.2110241053      0.18567283
      1273        2.2680214852        2.4535442620      717.6333308301        2.2873224026        0.1855227768      0.18437439
      1274        2.2805238303        2.4406001935      619.2023194904        2.3016013166        0.1600763632      0.19442661
      1275        2.2851596463        2.4404006593      600.4983708426        2.3068093707        0.1552410130      0.19494486
      1276        2.2821161148        2.4391052653      607.2604609889        2.3030945754        0.1569891505      0.19449600
      1277        2.2715401411        2.4404333172      653.3072359769        2.2907180369        0.1688931761      0.18388416
      1278        2.2537409925        2.4461341213      744.2090087005        2.2702502352        0.1923931287      0.19417034
      1279        2.2291637865        2.4741827716      947.7746799637        2.2424898193        0.2450189851      0.19335345
      1280        2.1975982822        2.4680224143     1046.0460654168        2.2075272792        0.2704241322      0.19492598
      1281        2.1627241155        2.4730733863     1200.4832226813        2.1696632388        0.3103492709      0.19437394
      1282        2.1257171490        2.4943828343     1426.0609302892        2.1302241908        0.3686656853      0.19316587
      1283        2.0880515949        2.5034207397     1606.7177736148        2.0907371054        0.4153691448      0.19434580
      1284        2.0529230606        2.4755073258     1634.6270738918        2.0544018227        0.4225842652      0.19393965
      1285        2.0237011976        2.4884397914     1797.6871130797        2.0244761233        0.4647385938      0.19374731
      1286        2.0005662425        2.5082087105     1963.6465209870        2.0009436388        0.5076424681      0.19419219
      1287        1.9850053281        2.5210725900     2073.5984083208        1.9851764284        0.5360672619      0.19412457
      1288        1.9781739460        2.5000163287     2018.5741811903        1.9782472933        0.5218423827      0.18417808
      1289        1.9801223307        2.5236848926     2102.5914907086        1.9801533531        0.5435625619      0.19339885
      1290        1.9902566592        2.5178572286     2040.8478169231        1.9902693699        0.5276005695      0.19187870
      1291        2.0072444526        2.5057781529     1928.4122740630        2.0072497291        0.4985337003      0.18385291
      1292        2.0290515349        2.4880010822     1775.2941066260        2.0290538195        0.4589495473      0.19428537
      1293        2.0532471845        2.5321149062     1852.3409582160        2.0532482471        0.4788677217      0.19453098
      1294        2.0794501230        2.4950703081     1607.6888398018        2.0794506389        0.4156201851      0.18378997
      1295        2.1031927697        2.5016529208     1541.3109393541        2.1031930548        0.3984601510      0.18411585
      1296        2.1235879783        2.5078186144     1486.2687803443        2.1235881553        0.3842306361      0.19233136
      1297        2.1389142969        2.5315355148     1518.7249628826        2.1389144226        0.3926212178      0.18347917
      1298        2.1481519320        2.5310451801     1481.0955382845        2.1481520348        0.3828932481      0.19421248
      1299        2.1501415912        2.5504798763     1548.5758781860        2.1501416894        0.4003382851      0.19378719
      1300        2.1446443749        2.5481139101     1560.6880807808        2.1446444851        0.4034695352      0.19325446
      1301        2.1321452632        2.5440551310     1593.3367078766        2.1321454073        0.4119098678      0.10537671
      1302        2.1136850320        2.5527626879     1698.4262857496        2.1136852497        0.4390776559      0.18331118
      1303        2.0904928380        2.5700605452     1855.0486196846        2.0904932151        0.4795677071      0.19404765
      1304        2.0643270178        2.5891457081     2030.0870400280        2.0643277572        0.5248186903      0.19385458
      1305        2.0375217039        2.5669159819     2047.7861834461        2.0375233132        0.5293942780      0.19345150
      1306        2.0134320103        2.5522758081     2084.3385166496        2.0134356942        0.5388437978      0.18411445
      1307        1.9938597808        2.5262134922     2059.2337701501        1.9938684899        0.5323537114      0.19313396
      1308        1.9805883957        2.5652775464     2261.6760593307        1.9806089968        0.5846891507      0.19383902
      1309        1.9745328235        2.5605638025     2266.8664768603        1.9745830002        0.5860309790      0.19418750
      1310        1.9773762913        2.5506980916     2217.7052343173        1.9774953687        0.5733218003      0.19394380
      1311        1.9893672079        2.5205911520     2054.8636398338        1.9896370079        0.5312239441      0.19385872
      1312        2.0095281970        2.5053983618     1918.1092706172        2.0100964919        0.4958701649      0.18432516
      1313        2.0366598647        2.4931809481     1765.9003994105        2.0377753104        0.4565210834      0.19286158
      1314        2.0690270196        2.5265732100     1769.8656859971        2.0710597477        0.4575461904      0.18238582
      1315        2.1066370162        2.5576394303     1744.5532576004        2.1101650195        0.4510024141      0.19434528
      1316        2.1478298664        2.5497972462     1554.8774908095        2.1536212188        0.4019673798      0.19337254
      1317        2.1885835630        2.5306558747     1323.1932845481        2.1973661747        0.3420723116      0.19345770
      1318        2.2258311100        2.5242307294     1154.2599592144        2.2380950476        0.2983996194      0.18410369
      1319        2.2582718359        2.5284256810     1045.0005493206        2.2742037429        0.2701538451      0.18445979
      1320        2.2850552161        2.5180043566      901.0864891763        2.3044649012        0.2329491405      0.18405647
      1321        2.3043863133        2.5056100950      778.3674608349        2.3265068470        0.2012237817      0.19399052
      1322        2.3155946101        2.5069312706      740.1224115323        2.3392492891        0.1913366605      0.18497812
      1323        2.3188007785        2.4988723844      696.5472842145        2.3426435600        0.1800716059      0.18614444
      1324        2.3139081075        2.4858573088      665.1284558873        2.3365781095        0.1719492013      0.19359205
      1325        2.3013479508        2.5011438127      772.8440265549        2.3217179452        0.1997958619      0.19374316
      1326        2.2805966790        2.5200695450      926.3213577159        2.2977202840        0.2394728660      0.18476262
      1327        2.2522028705        2.5496545164     1150.5930380446        2.2655915031        0.2974516459      0.19325291
      1328        2.2169204137        2.5591458906     1323.7857535478        2.2265583520        0.3422254769      0.18425908
      1329        2.1778160497        2.5777344056     1546.9515213017        2.1842415681        0.3999183559      0.19295554
      1330        2.1367752769        2.5835378419     1728.1528074021        2.1407076586        0.4467625649      0.18349914
      1331        2.0970750667        2.5858604348     1890.7040841262        2.0992955889        0.4887853681      0.19379341
      1332        2.0613925770        2.5731888783     1979.7142473590        2.0625523043        0.5117963013      0.19397598
      1333        2.0323000667        2.5393812519     1961.4753843181        2.0328679037        0.5070811852      0.19360239
      1334        2.0114797095        2.5011555081     1894.1484192968        2.0117465685        0.4896757987      0.18477628
      1335        1.9991676885        2.4958727565     1921.3388166998        1.9992901732        0.4967050681      0.19372400
      1336        1.9948363823        2.5157692350     2015.0559659351        1.9948907083        0.5209328527      0.19442609
      1337        1.9983789678        2.5653506324     2193.1418404763        1.9984021188        0.5669716646      0.18399433
      1338        2.0099531151        2.5674811444     2156.6122694579        2.0099625174        0.5575280293      0.18410509
      1339        2.0282962746        2.5557983408     2040.4667893958        2.0283001316        0.5275020661      0.18445839
      1340        2.0512703392        2.5570894450     1956.5934485533        2.0512719943        0.5058191057      0.19415681
      1341        2.0769580859        2.5774195729     1935.8692771802        2.0769588393        0.5004614869      0.19433694
      1342        2.1037273082        2.5827727493     1853.0284067531        2.1037276751        0.4790454411      0.19303674
      1343        2.1290118450        2.6122663691     1869.3098483984        2.1290120428        0.4832545241      0.19394587
      1344        2.1513856584        2.6504761382     1930.5659905016        2.1513857773        0.4990904797      0.19288057
      1345        2.1691753654        2.6275271579     1772.9818907127        2.1691754462        0.4583517926      0.18437533
      1346        2.1798097618        2.6181429881     1695.5467067084        2.1798098266        0.4383332263      0.19381259
      1347        2.1826818759        2.6088779739     1648.5982514250        2.1826819371        0.4261960981      0.19398377
      1348        2.1776593652        2.5926397675     1605.2140523855        2.1776594335        0.4149804023      0.19272311
      1349        2.1653229759        2.5815851315     1610.1720895292        2.1653230650        0.4162621555      0.17775308
      1350        2.1467229417        2.5629840869     1610.1681810837        2.1467230765        0.4162611451      0.19221914
      1351        2.1236079798        2.5460617030     1634.1221156637        2.1236082112        0.4224537232      0.19385509
      1352        2.0978312619        2.5641824825     1803.9250251868        2.0978317046        0.4663512206      0.19432027
      1353        2.0705721780        2.5923588911     2018.3588416865        2.0705731261        0.5217867131      0.19428485
      1354        2.0441712975        2.5778258767     2064.2657454651        2.0441735328        0.5336545792      0.18957207
      1355        2.0221115648        2.5935584819     2210.4528705105        2.0221170309        0.5714469171      0.09815529
      1356        2.0058996862        2.5769880382     2209.0658802254        2.0059135445        0.5710883520      0.18454856
      1357        1.9976742221        2.5842663492     2269.0370924813        1.9977088916        0.5865921272      0.19325343
      1358        1.9983229751        2.5964863276     2313.7965399720        1.9984084073        0.5981633525      0.18359676
      1359        2.0086213580        2.6067271237     2313.5737847929        2.0088255509        0.5981057658      0.18344016
      1360        2.0286672289        2.5912312287     2176.0922512515        2.0291323685        0.5625639999      0.19285644
      1361        2.0570342048        2.5884115615     2055.4570654802        2.0580151507        0.5313773567      0.19259047
      1362        2.0922207865        2.5781006865     1879.4652440156        2.0941397999        0.4858798999      0.19333282
      1363        2.1316729843        2.5759631944     1718.5893228063        2.1351258337        0.4442902101      0.19362050
      1364        2.1731398215        2.5436745679     1433.2907733453        2.1788782219        0.3705347464      0.19371209
      1365        2.2122874446        2.5380958188     1260.2816365139        2.2209548634        0.3258083742      0.19381932
      1366        2.2480229510        2.5413158810     1134.5064251150        2.2601519494        0.2932929300      0.19387272
      1367        2.2789789166        2.5355368810      992.4093944531        2.2948283146        0.2565579645      0.19351710
      1368        2.3032359324        2.5401275271      916.3365655035        2.3225566646        0.2368915947      0.19307530
      1369        2.3203290119        2.5717635715      972.5912019733        2.3424612234        0.2514345596      0.18352888
      1370        2.3304642086        2.5822514075      973.9552704163        2.3544801401        0.2517871990      0.19317514
      1371        2.3326568461        2.5915250421     1001.3457588297        2.3572313886        0.2588681960      0.19386754
      1372        2.3267562691        2.5952377050     1038.5313892444        2.3504594165        0.2684814359      0.18405413
      1373        2.3129760495        2.5906456082     1074.0725949405        2.3345142830        0.2776695587      0.19354707
      1374        2.2919968958        2.5983073738     1184.8604921286        2.3104380599        0.3063104780      0.19359309
      1375        2.2641396809        2.5788302389     1217.2760520436        2.2789343094        0.3146905580      0.18407797
      1376        2.2317051740        2.5738405659     1323.4372896251        2.2429071468        0.3421353919      0.19354966
      1377        2.1954257011        2.5832390884     1500.1274651047        2.2033678968        0.3878133873      0.19345047
      1378        2.1564497864        2.6011788228     1720.2867769040        2.1616718245        0.4447290364      0.18332138
      1379        2.1167386989        2.6236745069     1960.9130408399        2.1198999052        0.5069358080      0.19339679
      1380        2.0787951607        2.6414319030     2176.3736310342        2.0805495391        0.5626367422      0.19360395
      1381        2.0454690053        2.6009647861     2148.7511903416        2.0463642560        0.5554957809      0.18485027
      1382        2.0200971143        2.6149203731     2300.8764950719        2.0205343663        0.5948232588      0.19350264
      1383        2.0025246872        2.5862164170     2257.8178669015        2.0027240862        0.5836917297      0.19376025
      1384        1.9939290250        2.6028435116     2355.3837366490        1.9940173745        0.6089144867      0.19393031
      1385        1.9939061572        2.5968623617     2332.3360982181        1.9939435806        0.6029562045      0.19410533
      1386        2.0020174899        2.5874894574     2264.7041266068        2.0020331512        0.5854719676      0.19367534
      1387        2.0169613676        2.5889635820     2212.6008538676        2.0169679941        0.5720022144      0.19342621
      1388        2.0372246896        2.5844893883     2116.9119787496        2.0372275643        0.5472646987      0.19207345
      1389        2.0607787634        2.5683626135     1963.4197765565        2.0607800774        0.5075838500      0.19313344
      1390        2.0851650342        2.5811415712     1918.5207358782        2.0851656872        0.4959765370      0.19379808
      1391        2.1089861247        2.5735168510     1796.8830466439        2.1089864780        0.4645307263      0.19355224
      1392        2.1298124763        2.5557260891     1647.5055509919        2.1298126913        0.4259136128      0.18367166
      1393        2.1457337127        2.5665329335     1627.7222217175        2.1457338629        0.4207992208      0.18436454
      1394        2.1560380412        2.5612212628     1567.3169081954        2.1560381614        0.4051832216      0.10007978
      1395        2.1597478796        2.5733053354     1599.7098555238        2.1597479914        0.4135574558      0.18378204
      1396        2.1566849850        2.5715265704     1604.6770851343        2.1566851058        0.4148415854      0.19412613
      1397        2.1471928463        2.5717365685     1642.2065833303        2.1471929975        0.4245437222      0.19380688
      1398        2.1321130514        2.5556188736     1638.1918117295        2.1321132690        0.4235058222      0.19354191
      1399        2.1130628013        2.5464567596     1676.4407866075        2.1130631543        0.4333939583      0.19268520
      1400        2.0915448254        2.5610556038     1816.1467265225        2.0915454616        0.4695107784      0.19242787
      1401        2.0689163569        2.5519347221     1868.3963461251        2.0689176270        0.4830183652      0.19371002
      1402        2.0477733690        2.5872869008     2086.9291606430        2.0477760724        0.5395135318      0.19365568
      1403        2.0293666393        2.5737786940     2105.8774718507        2.0293728422        0.5444120547      0.19311800
      1404        2.0165168099        2.5397942687     2024.1252967508        2.0165312534        0.5232774587      0.19416774
      1405        2.0104631974        2.5185291487     1965.2846255937        2.0104961264        0.5080659513      0.19396664
      1406        2.0115255793        2.5078884149     1920.0150037132        2.0115985429        0.4963628356      0.18419259
      1407        2.0197968698        2.5025590286     1867.4052966043        2.0199529405        0.4827621588      0.19390436
      1408        2.0350306651        2.5085279773     1831.5673105229        2.0353501492        0.4734973123      0.19396196
      1409        2.0567803866        2.5166825527     1778.9789964185        2.0574048701        0.4599021661      0.15031602
      1410        2.0841178301        2.5145459138     1664.9682844695        2.0852751250        0.4304280837      0.19421612
      1411        2.1152302105        2.5079335453     1519.0426054519        2.1172376327        0.3927033349      0.19460828
      1412        2.1479902207        2.4939589655     1338.2653438968        2.1512308799        0.3459687448      0.19458947
      1413        2.1799178248        2.5073987147     1266.7512089420        2.1847622774        0.3274808899      0.19410741
      1414        2.2104156564        2.4871640817     1070.5094960083        2.2172358052        0.2767484254      0.19443600
      1415        2.2361055300        2.4990055062     1016.9413633017        2.2449937912        0.2628999762      0.18742390
      1416        2.2571199134        2.5036892896      953.7718535448        2.2680380423        0.2465693762      0.19491550
      1417        2.2721222668        2.5115818505      926.2699793875        2.2847374842        0.2394595837      0.19454455
      1418        2.2804880574        2.4954414758      831.4760068274        2.2942241000        0.2149534184      0.19290213
      1419        2.2814985426        2.4988639210      840.8058740473        2.2955556045        0.2173653784      0.18344944
      1420        2.2752499958        2.4924551513      840.1861049979        2.2888044662        0.2172051555      0.19385095
      1421        2.2621706477        2.4849446486      861.7273365458        2.2744967985        0.2227740009      0.19310617
      1422        2.2429135737        2.4845197897      934.5735142712        2.2534891002        0.2416062159      0.19425360
      1423        2.2180643736        2.4855949972     1034.8534871468        2.2265986212        0.2675306236      0.19201188
      1424        2.1887230842        2.4749852840     1107.3103773468        2.1951869333        0.2862621999      0.19464068
      1425        2.1569240221        2.4745409833     1228.5958725336        2.1615414718        0.3176169613      0.19357913
      1426        2.1237661285        2.4874462426     1406.7759017155        2.1268586165        0.3636801141      0.19378357
      1427        2.0905394423        2.4855572406     1527.9953396090        2.0924652082        0.3950177983      0.18425065
      1428        2.0598626975        2.4857856118     1647.5415307324        2.0609894847        0.4259229143      0.19397598
      1429        2.0333409634        2.4959069380     1789.2830561207        2.0339618474        0.4625659746      0.19362101
      1430        2.0121958282        2.5051844151     1906.9628421172        2.0125176217        0.4929885870      0.19399934
      1431        1.9976432707        2.5160592440     2005.3202530610        1.9978014565        0.5184159734      0.19387480
      1432        1.9903589767        2.5337492191     2101.9249297102        1.9904334294        0.5433902424      0.19327920
      1433        1.9905211270        2.5546309214     2182.0716447294        1.9905549580        0.5641097944      0.19266983
      1434        1.9978976982        2.5390235153     2093.1657516608        1.9979127409        0.5411258171      0.18387156
      1435        2.0111494857        2.5526981086     2094.8012352124        2.0111563371        0.5415486228      0.18406068
      1436        2.0290509191        2.5271719040     1926.8158213001        2.0290541141        0.4981209849      0.18404292
      1437        2.0490412689        2.5195263898     1819.9156473980        2.0490428723        0.4704851209      0.19430776
      1438        2.0693596894        2.5384870343     1814.6635409292        2.0693605627        0.4691273449      0.19275028
      1439        2.0887442843        2.5650545109     1842.4481366625        2.0887448016        0.4763102266      0.19403362
      1440        2.1056878501        2.5605021323     1759.2982054472        2.1056881882        0.4548142823      0.19294732
      1441        2.1181498148        2.5689847146     1743.9052842415        2.1181500661        0.4508348998      0.19437082
      1442        2.1252047952        2.5881700646     1790.8275959014        2.1252050088        0.4629652694      0.18918857
      1443        2.1262504710        2.5764958336     1741.6248547744        2.1262506801        0.4502453625      0.19125540
      1444        2.1211477688        2.6021734085     1860.6881486310        2.1211480046        0.4810256398      0.18190336
      1445        2.1101210760        2.6101510268     1934.2000225276        2.1101213834        0.5000299507      0.18126735
      1446        2.0943078277        2.5638481201     1816.2608914377        2.0943082852        0.4695402924      0.19271952
      1447        2.0759815762        2.5360089090     1779.4631624879        2.0759823253        0.4600273328      0.19048183
      1448        2.0564144433        2.5320135061     1839.6972353650        2.0564157787        0.4755990628      0.19112024
      1449        2.0368699444        2.5577866816     2014.9936286365        2.0368725229        0.5209167372      0.19152275
      1450        2.0187892422        2.5880111151     2201.8460248910        2.0187946333        0.5692218729      0.19265498
      1451        2.0043729686        2.5886903358     2260.2379381266        2.0043849414        0.5843173672      0.19139935
      1452        1.9959323543        2.6097698703     2374.4268427540        1.9959594145        0.6138375160      0.19114897
      1453        1.9948619619        2.6184845889     2412.2772992692        1.9949237681        0.6236226270      0.19262630
      1454        2.0023156909        2.5819553596     2242.1438126902        2.0024544204        0.5796396687      0.19201290
      1455        2.0179303984        2.6068888518     2278.1904406220        2.0182231167        0.5889584534      0.19138671
      1456        2.0420019783        2.5753182862     2062.9572551247        2.0425987756        0.5333163079      0.19344531
      1457        2.0722317955        2.5761633662     1949.2921453408        2.0733563456        0.5039315707      0.19414797
      1458        2.1076512229        2.5541309473     1727.0587325373        2.1096380337        0.4464797244      0.19354449
      1459        2.1452601356        2.5549493221     1584.7467387759        2.1484975446        0.4096891865      0.18446261
      1460        2.1837304876        2.5881561378     1564.3864941638        2.1886549724        0.4044256501      0.19369501
      1461        2.2227577750        2.5878732996     1412.3283109418        2.2298606970        0.3651155245      0.19320604
      1462        2.2588046036        2.5814308024     1247.9724463446        2.2683602209        0.3226261987      0.19356517
      1463        2.2897447388        2.5797173486     1121.6628676708        2.3017285232        0.2899726098      0.18481586
      1464        2.3143811905        2.5837728435     1042.0522621117        2.3284494020        0.2693916530      0.11354800
      1465        2.3319247581        2.5825801657      969.5773108487        2.3474363096        0.2506554076      0.19349592
      1466        2.3415077014        2.6001771362     1000.5769173794        2.3575739685        0.2586694348      0.18342252
      1467        2.3430417937        2.5762766459      902.1916700223        2.3586879800        0.2332348522      0.19415889
      1468        2.3364194116        2.5676942220      894.6098988499        2.3507791900        0.2312748105      0.18381747
      1469        2.3219549663        2.5987006943     1070.4990622357        2.3343544380        0.2767457280      0.18397284
      1470        2.2990765170        2.5975823626     1154.6708598767        2.3089992294        0.2985058455      0.18345594
      1471        2.2701499473        2.6062136695     1299.9510489789        2.2775745138        0.3360637222      0.18428813
      1472        2.2362871194        2.5915727194     1374.3045080235        2.2414432115        0.3552856000      0.17951769
      1473        2.2004895924        2.5863890136     1492.7239221641        2.2038473351        0.3858994212      0.19435362
      1474        2.1643393376        2.5882248180     1639.6603931859        2.1663782218        0.4238854803      0.18371729
      1475        2.1297289783        2.5780790003     1734.2933585182        2.1308788869        0.4483500220      0.19348094
      1476        2.0991769982        2.5809274992     1863.4920336162        2.0997857110        0.4817505009      0.18636510
      1477        2.0740195227        2.5895667643     1994.2235156310        2.0743208094        0.5155472416      0.19355069
      1478        2.0556560812        2.5691407774     1986.2452428781        2.0557959161        0.5134846962      0.19507708
      1479        2.0453132677        2.5496173383     1950.7330374870        2.0453761427        0.5043040706      0.19402116
      1480        2.0427622528        2.5540867039     1977.8890514037        2.0427900569        0.5113244512      0.18471459
      1481        2.0474587401        2.5573547783     1972.3637099292        2.0474708043        0.5098960383      0.19457641
      1482        2.0586444445        2.5492410362     1897.7102018321        2.0586496810        0.4905965917      0.18423613
      1483        2.0748487769        2.5539144662     1853.1067305047        2.0748511201        0.4790656894      0.19297146
      1484        2.0945981197        2.5687755588     1834.1981556128        2.0945992130        0.4741774391      0.19233749
      1485        2.1163556404        2.5516300565     1683.7147136931        2.1163561795        0.4352744161      0.19446365
      1486        2.1373645126        2.5443363456     1574.2355583202        2.1373648068        0.4069718331      0.18050081
      1487        2.1558430878        2.5322653423     1456.0646458460        2.1558432677        0.3764222545      0.18811760
      1488        2.1699606438        2.5304250552     1394.3370221137        2.1699607694        0.3604644113      0.19338234
      1489        2.1785703634        2.5279582447     1351.4911396136        2.1785704640        0.3493878813      0.19246415
      1490        2.1807615031        2.5427215786     1400.1225029008        2.1807615965        0.3619600755      0.19333075
      1491        2.1761102555        2.5447944105     1426.1323741593        2.1761103564        0.3686841549      0.19291856
      1492        2.1647333003        2.5620745825     1536.9829665925        2.1647334266        0.3973412822      0.19327301
      1493        2.1469843801        2.5872017215     1702.8347812301        2.1469845638        0.4402173415      0.19289237
      1494        2.1237878514        2.5674287582     1716.0777082435        2.1237881600        0.4436409068      0.18346941
      1495        2.0978855210        2.5482097868     1741.9300660376        2.0978860956        0.4503242658      0.19352434
      1496        2.0710520152        2.5324333322     1784.7006014693        2.0710531777        0.4613813171      0.19230482
      1497        2.0450363469        2.5276576002     1866.8602506774        2.0450388554        0.4826212534      0.19429370
      1498        2.0214116412        2.5368852027     1993.9385086354        2.0214173409        0.5154735615      0.19285644
      1499        2.0017634673        2.5088471423     1961.4850153631        2.0017769587        0.5070836750      0.19286004
      1500        1.9882364419        2.5143550334     2035.1152763252        1.9882680367        0.5261185914      0.19297198
      1501        1.9814180832        2.5248492598     2102.0832702962        1.9814919183        0.5434311766      0.19236965
      1502        1.9822376217        2.5055623899     2024.3082977339        1.9824073274        0.5233247682      0.19220640
      1503        1.9908133665        2.5020552707     1977.5697458999        1.9911828473        0.5112419042      0.18381654
      1504        2.0066765143        2.5013743620     1913.5745501102        2.0074391673        0.4946978476      0.19295708
      1505        2.0289317862        2.4575915010     1658.1279359519        2.0304142552        0.4286597149      0.19301155
      1506        2.0546909704        2.4222824763     1421.9058238620        2.0573138985        0.3675915059      0.19370070
      1507        2.0816820649        2.4303167549     1348.5776686898        2.0859282721        0.3486346900      0.19362412
      1508        2.1095325543        2.4233630577     1213.9492163254        2.1160078239        0.3138305034      0.19291907
      1509        2.1359449438        2.4188453018     1094.3062069921        2.1451611937        0.2829003580      0.19183502
      1510        2.1594759093        2.4298059551     1045.6821233212        2.1717608883        0.2703300458      0.19332611
      1511        2.1795966812        2.4506056020     1048.3081264991        2.1950856181        0.2710089209      0.18333714
      1512        2.1957841792        2.4539976238      998.8130706872        2.2143452519        0.2582134447      0.19263757
      1513        2.2068529438        2.4448382205      920.5671117257        2.2278858435        0.2379852767      0.18300430
      1514        2.2121979823        2.4313853697      847.8537116381        2.2347166660        0.2191873874      0.18297150
      1515        2.2117257853        2.4250756761      825.2732922816        2.2345503785        0.2133498908      0.18388183
      1516        2.2055723260        2.4062428005      776.2271752696        2.2275183032        0.2006704745      0.19316947
      1517        2.1942389064        2.4081201418      827.3286223307        2.2143065934        0.2138812354      0.19360757
      1518        2.1776151593        2.4024019497      869.5131450397        2.1949918040        0.2247867904      0.13437001
      1519        2.1565730663        2.3831217724      876.3285314914        2.1708380804        0.2265487061      0.19324261
      1520        2.1325340657        2.4015613422     1040.6427923013        2.1436952241        0.2690272765      0.18273531
      1521        2.1047144392        2.4016313804     1148.5247102138        2.1128650057        0.2969169412      0.18347684
      1522        2.0754778287        2.3938090014     1231.3585626702        2.0810776227        0.3183311727      0.19328384
      1523        2.0466902640        2.4140037485     1420.8303901523        2.0503255768        0.3673134845      0.19225585
      1524        2.0189203337        2.3787433664     1391.8560616360        2.0211103367        0.3598230327      0.19325240
      1525        1.9956469732        2.3790169658     1482.9396664255        1.9969219239        0.3833699926      0.19079924
      1526        1.9767597789        2.3768371372     1547.5665693667        1.9774632634        0.4000773583      0.18661222
      1527        1.9633147340        2.3430275282     1468.7930076237        1.9636857476        0.3797127943      0.19337821
      1528        1.9560283123        2.3791381887     1636.6602267918        1.9562221921        0.4231098765      0.19445425
      1529        1.9544575713        2.4077836186     1753.5414620464        1.9545533533        0.4533260473      0.19292934
      1530        1.9590972549        2.3956989670     1688.8489183263        1.9591427908        0.4366017121      0.19352640
      1531        1.9692158912        2.4325099050     1792.0992345332        1.9692377723        0.4632940138      0.19242634
      1532        1.9845124867        2.4409618160     1765.6228422681        1.9845228620        0.4564493292      0.19193815
      1533        2.0034835021        2.4098980416     1572.0798530588        2.0034885624        0.4064145395      0.19387635
      1534        2.0234858552        2.4207244670     1536.5858200225        2.0234885290        0.3972386118      0.19279899
      1535        2.0437547100        2.3892230773     1336.3297994279        2.0437562185        0.3454683673      0.19420832
      1536        2.0615131083        2.3974323199     1299.3920578898        2.0615140616        0.3359192116      0.19270364
      1537        2.0763518880        2.4218563633     1336.4694713105        2.0763525541        0.3455044753      0.18361443
      1538        2.0875018424        2.4104598597     1249.2559763714        2.0875023592        0.3229580173      0.19492284
      1539        2.0935814291        2.4194818396     1260.6376484457        2.0935818846        0.3259004105      0.19399259
      1540        2.0944239238        2.4180130340     1251.6971501353        2.0944243794        0.3235891102      0.18425580
      1541        2.0900647612        2.4260686196     1299.7194859537        2.0900652787        0.3360038584      0.19529259
      1542        2.0809285588        2.4304961552     1352.1863075650        2.0809292247        0.3495675964      0.19423382
      1543        2.0679464405        2.4248732318     1380.6529123489        2.0679474023        0.3569267913      0.19410118
      1544        2.0525305490        2.4081489228     1375.5917331894        2.0525320817        0.3556183738      0.19458320
      1545        2.0363168139        2.3993801872     1404.3902448717        2.0363194472        0.3630633734      0.19368621
      1546        2.0205745798        2.3992792758     1464.8935134555        2.0205794014        0.3787046959      0.18300846
      1547        2.0066151038        2.3865426026     1469.6235208056        2.0066244113        0.3799274988      0.19400921
      1548        1.9959943334        2.3788404176     1480.9131003560        1.9960127389        0.3828460842      0.19526997
      1549        1.9896680913        2.3674405200     1461.2873471248        1.9897049012        0.3777724288      0.19354087
      1550        1.9883730446        2.3979150078     1584.1772542139        1.9884460783        0.4095419632      0.19295708
      1551        1.9928059689        2.4181897216     1645.4559624956        1.9929528500        0.4253837526      0.18407891
      1552        2.0036593240        2.3988050788     1528.4902965423        2.0039513319        0.3951457547      0.18335941
      1553        2.0201087082        2.4093195604     1505.5330947090        2.0206577814        0.3892108522      0.19350625
      1554        2.0419056377        2.4073973508     1413.7834715299        2.0428976102        0.3654917131      0.19336376
      1555        2.0676311349        2.4141236423     1340.2913457542        2.0693245410        0.3464925074      0.19379289
      1556        2.0961696408        2.4240329072     1268.2303056173        2.0989066906        0.3278632664      0.19288673
      1557        2.1261535733        2.4263119440     1161.0631054022        2.1303381859        0.3001583707      0.19440314
      1558        2.1555898770        2.4175644896     1013.3619014562        2.1616016553        0.2619746126      0.19352847
      1559        2.1822210297        2.3982027169      835.4535234122        2.1902850915        0.2159816872      0.19420936
      1560        2.2039323144        2.4291385007      871.1354391306        2.2139915121        0.2252061864      0.19399883
      1561        2.2221898076        2.4224564078      774.6649216333        2.2341792852        0.2002666002      0.18377366
      1562        2.2345262207        2.4158987858      701.5796136071        2.2479665687        0.1813725652      0.19370433
      1563        2.2404847009        2.3983254217      610.5544784521        2.2546868268        0.1578407208      0.19193917
      1564        2.2398131518        2.4017288007      626.3169858236        2.2539725537        0.1619156488      0.19244473
      1565        2.2326290342        2.3874416348      598.8411997474        2.2459653394        0.1548126006      0.19311852
      1566        2.2197025418        2.3700020298      581.3837204393        2.2316143476        0.1502994880      0.19248306
      1567        2.2019047638        2.3812647356      693.7945636180        2.2120247817        0.1793599718      0.19282925
      1568        2.1785258682        2.3842023056      795.5910827207        2.1865811146        0.2056764374      0.19396819
      1569        2.1512351945        2.4012365549      967.0473461373        2.1572602678        0.2500013604      0.19393031
      1570        2.1207127940        2.3839764139     1018.3479987138        2.1249005719        0.2632636199      0.18499937
      1571        2.0905825691        2.3957882666     1180.5870152789        2.0933519964        0.3052056976      0.19449861
      1572        2.0609642859        2.3995777840     1309.8140115705        2.0626718105        0.3386134981      0.19321119
      1573        2.0340921630        2.3986274195     1410.0837368028        2.0350814938        0.3645352566      0.10084145
      1574        2.0116709166        2.3928538352     1474.4796958451        2.0122139070        0.3811829186      0.18739725
      1575        1.9949077383        2.4130171822     1617.3177119342        1.9951931528        0.4181094439      0.19331735
      1576        1.9841601458        2.4066280241     1634.1768697349        1.9843020271        0.4224678783      0.19377372
      1577        1.9801856352        2.3983898567     1617.6843274493        1.9802546021        0.4182042215      0.18436689
      1578        1.9825566503        2.4183005308     1685.5306810595        1.9825899809        0.4357438805      0.19394328
      1579        1.9907624906        2.4279729456     1691.2036382496        1.9907783732        0.4372104550      0.19415681
      1580        2.0038869863        2.4323181019     1657.2436753116        2.0038946475        0.4284311155      0.18399012
      1581        2.0205041498        2.4377381801     1613.9314646844        2.0205079805        0.4172340303      0.18461202
      1582        2.0390131274        2.4285705450     1506.8736681705        2.0390151509        0.3895574177      0.19320810
      1583        2.0572794208        2.4382046365     1473.4828575230        2.0572805853        0.3809252156      0.19215646
      1584        2.0740158667        2.4425333968     1425.4878412423        2.0740165998        0.3685175301      0.18228628
      1585        2.0875710623        2.4288534404     1320.1376885463        2.0875715770        0.3412823781      0.18196684
      1586        2.0963527223        2.4119698860     1220.8603188436        2.0963531337        0.3156171637      0.18158343
      1587        2.0995366643        2.4186486622     1234.3789260454        2.0995370407        0.3191119979      0.19241765
      1588        2.0968850115        2.4279930031     1280.7814489313        2.0968854057        0.3311079916      0.18275558
      1589        2.0884170812        2.4206693893     1285.2078578390        2.0884175540        0.3322523081      0.18139846
      1590        2.0749032374        2.4295333843     1371.7691053716        2.0749038804        0.3546301469      0.19103309
      1591        2.0570406330        2.4564263955     1544.8913605926        2.0570416224        0.3993857626      0.18143524
      1592        2.0358250832        2.4581324221     1633.5558765687        2.0358268029        0.4223073389      0.19211724
      1593        2.0136960795        2.4448832358     1667.9045048012        2.0136993457        0.4311871563      0.19189495
      1594        1.9928346863        2.4550044217     1787.7503363544        1.9928412608        0.4621697354      0.19252499
      1595        1.9745340118        2.4523183512     1848.1502529957        1.9745480093        0.4777843394      0.19362929
      1596        1.9608266864        2.4983024894     2079.0468822955        1.9608572450        0.5374758029      0.19335448
      1597        1.9529488279        2.4870910217     2066.1519212335        1.9530183940        0.5341421939      0.19420832
      1598        1.9528048972        2.5300480390     2232.8736433870        1.9529597194        0.5772431418      0.18565523
      1599        1.9613622864        2.5680179889     2346.6463792439        1.9617065216        0.6066557025      0.19329415
      1600        1.9795611897        2.6051184210     2419.7606746179        1.9803087729        0.6255572313      0.19421716
      1601        2.0076070809        2.6294766743     2405.4962703228        2.0091673327        0.6218695934      0.19429005
      1602        2.0445060079        2.6448621543     2322.2786356122        2.0475764579        0.6003561463      0.18836009
      1603        2.0883274355        2.6268526397     2083.1061427135        2.0939595654        0.5385252041      0.19247284
      1604        2.1351917436        2.6516072659     1997.5821715194        2.1446423376        0.5164155223      0.19348817
      1605        2.1843769813        2.6458169961     1784.9276543603        2.1992117448        0.4614400148      0.19288673
      1606        2.2319649530        2.6742030579     1710.6514343234        2.2534961640        0.4422381049      0.19306502
      1607        2.2777635336        2.6813299330     1561.0627674548        2.3071835138        0.4035663994      0.19303365
      1608        2.3190852217        2.6639404980     1333.9582603851        2.3567650332        0.3448552763      0.18381094
      1609        2.3533821506        2.6697436984     1223.7397219532        2.3985020398        0.3163615478      0.18256178
      1610        2.3810607430        2.6785056329     1150.5669047286        2.4321465855        0.2974448899      0.19505503
      1611        2.4017041900        2.6886532267     1109.9671777006        2.4565827730        0.2869490367      0.19298328
      1612        2.4149057409        2.6880303275     1056.4918776999        2.4709284712        0.2731245866      0.19300024
      1613        2.4200462936        2.7085817039     1116.1035379724        2.4743974058        0.2885354103      0.19237220
      1614        2.4169403877        2.7094996187     1131.6683534519        2.4669159940        0.2925592309      0.19320294
      1615        2.4053948680        2.6912922884     1105.8993489158        2.4489381904        0.2858974204      0.19162048
      1616        2.3858644433        2.7233107858     1305.2992573608        2.4218777472        0.3374463425      0.19428641
      1617        2.3570101880        2.7565892314     1545.6390034833        2.3846893880        0.3995790434      0.19415109
      1618        2.3195809583        2.8011071813     1862.6244886145        2.3391804267        0.4815262230      0.19354656
      1619        2.2748298061        2.8179604708     2100.9208393733        2.2874408486        0.5431306647      0.19226452
      1620        2.2266687984        2.8102757162     2257.4898000570        2.2340684171        0.5836069178      0.19227217
      1621        2.1792214672        2.7693804156     2282.8341575111        2.1832043111        0.5901589484      0.19434007
      1622        2.1366025353        2.7499020830     2372.3458907131        2.1386021402        0.6132995476      0.19364378
      1623        2.1004808224        2.7133216865     2370.5716251872        2.1014092764        0.6128408640      0.19364222
      1624        2.0731862919        2.7340263339     2556.2405255219        2.0735919702        0.6608400420      0.19367327
      1625        2.0550934970        2.7187599882     2567.1737069633        2.0552554961        0.6636664912      0.19488300
      1626        2.0477794988        2.7097981269     2560.7994951785        2.0478407841        0.6620186281      0.18356421
      1627        2.0511101600        2.7040533772     2525.6942782128        2.0511324010        0.6529432173      0.19340350
      1628        2.0643372637        2.7113534360     2502.7674707258        2.0643451465        0.6470161723      0.12799255
      1629        2.0863411648        2.6975394539     2364.2178689073        2.0863439275        0.6111982891      0.19315969
      1630        2.1148262492        2.7069958270     2290.6116101614        2.1148272492        0.5921695777      0.19278411
      1631        2.1479911565        2.7321794641     2259.7387134883        2.1479915333        0.5841883075      0.18441145
      1632        2.1839602081        2.7577681637     2219.5857649854        2.1839603580        0.5738079556      0.19222526
      1633        2.2202917380        2.7467110537     2036.2785284199        2.2202918028        0.5264193157      0.19358895
      1634        2.2531308402        2.7551396312     1941.8545099217        2.2531308722        0.5020087910      0.18898533
      1635        2.2806343312        2.7769482020     1919.8255999506        2.2806343495        0.4963138708      0.19110563
      1636        2.3011220461        2.7737046505     1828.0290668461        2.3011220584        0.4725826045      0.19261914
      1637        2.3125747443        2.7463282735     1677.8316675862        2.3125747542        0.4337535293      0.19232320
      1638        2.3140994070        2.7283578354     1602.4213356579        2.3140994168        0.4142584284      0.18267727
      1639        2.3059766518        2.7591665401     1753.0147763298        2.3059766633        0.4531898884      0.19215493
      1640        2.2884472841        2.7749119586     1881.7272504507        2.2884473007        0.4864646745      0.19099081
      1641        2.2631214638        2.7405833062     1846.9027806038        2.2631214921        0.4774618424      0.19100993
      1642        2.2333317025        2.7130235652     1855.5288746163        2.2333317577        0.4796918628      0.19221812
      1643        2.2012324478        2.7440330921     2099.6442651855        2.2012325680        0.5428006443      0.18382679
      1644        2.1676514925        2.7495357327     2250.8261931922        2.1676517900        0.5818842402      0.18423332
      1645        2.1363431081        2.7583925320     2406.1918853157        2.1363439053        0.6220494240      0.19396196
      1646        2.1099890355        2.7485176098     2469.9360129737        2.1099912888        0.6385285744      0.19346286
      1647        2.0912754178        2.7320954262     2478.7996657458        2.0912818488        0.6408200084      0.18317682
      1648        2.0817849424        2.6875943009     2343.3725783283        2.0818029282        0.6058093585      0.19343188
      1649        2.0821028388        2.6665897574     2260.8937914877        2.0821500897        0.5844869186      0.19350212
      1650        2.0917964831        2.6844040213     2292.3057146325        2.0919134368        0.5926075381      0.19381673
      1651        2.1108096180        2.7117335647     2324.4749830358        2.1110866206        0.6009239467      0.19424319
      1652        2.1388112221        2.7412022913     2330.1500597429        2.1394346389        0.6023910692      0.19361326
      1653        2.1747924100        2.7185779142     2103.4538691222        2.1761126043        0.5437855042      0.19303571
      1654        2.2148472016        2.7229066460     1965.2594556046        2.2173785239        0.5080594444      0.19362463
      1655        2.2570387960        2.7367594483     1855.6402374035        2.2615056057        0.4797206523      0.18379975
      1656        2.2990700029        2.7122653749     1598.3092544106        2.3063661465        0.4131953720      0.19441148
      1657        2.3364104512        2.7046677780     1424.4813312320        2.3472521332        0.3682573268      0.19234667
      1658        2.3674784461        2.7077169716     1316.0998912187        2.3823377913        0.3402385255      0.18445979
      1659        2.3910834520        2.7279590672     1303.0915875845        2.4100431743        0.3368756151      0.18290086
      1660        2.4066995753        2.7368150300     1276.9421493365        2.4294308203        0.3301154548      0.18363630
      1661        2.4133808604        2.7468434717     1289.8895143680        2.4389624287        0.3334626113      0.18313517
      1662        2.4109174848        2.7372532177     1262.3215490124        2.4379996889        0.3263357329      0.19231146
      1663        2.3995915295        2.7284149765     1271.9444459647        2.4265661552        0.3288234470      0.19196459
      1664        2.3799419890        2.7258492965     1338.0276939264        2.4052579134        0.3459073075      0.18138439
      1665        2.3525260608        2.7298157944     1459.4202010293        2.3748995037        0.3772897336      0.18207243
      1666        2.3180423040        2.7552642877     1691.2482334167        2.3366106928        0.4372219838      0.19199662
      1667        2.2768719411        2.7687719219     1902.7519303841        2.2912217938        0.4918999808      0.18323100
      1668        2.2313298111        2.7812340791     2127.1222773469        2.2416491875        0.5499042680      0.19196459
      1669        2.1836143457        2.7676645807     2259.2046256938        2.1904970087        0.5840502350      0.19302183
      1670        2.1371092403        2.7480885506     2363.3708219118        2.1413974106        0.6109793103      0.19280514
      1671        2.0941994178        2.7658903680     2598.2136653925        2.0967023503        0.6716909503      0.18358373
      1672        2.0559065798        2.7626789936     2733.9146719926        2.0572556522        0.7067724138      0.17327235
      1673        2.0249251562        2.7581522566     2836.2458532080        2.0256053650        0.7332271005      0.18021088
      1674        2.0026537443        2.7695944745     2966.6558480500        2.0029771487        0.7669407302      0.19277027
      1675        1.9897138398        2.7167605820     2812.3391871271        1.9898591539        0.7270467422      0.19376440
      1676        1.9863482341        2.6842798250     2699.7168805050        1.9864130373        0.6979315909      0.19262221
      1677        1.9911712040        2.6999658803     2741.7371235440        1.9912001388        0.7087946763      0.19350574
      1678        2.0031318079        2.6535616832     2515.9722483697        2.0031446341        0.6504298753      0.19341020
      1679        2.0199832631        2.6615369074     2481.6374927284        2.0199892406        0.6415536443      0.18371356
      1680        2.0403976494        2.6732960960     2448.1577307769        2.0404005481        0.6328984465      0.19271542
      1681        2.0626381206        2.6528099285     2282.8838999105        2.0626396106        0.5901718078      0.18319719
      1682        2.0841825771        2.6338829932     2126.3337437575        2.0841834195        0.5497004161      0.10123202
      1683        2.1032088400        2.6266426901     2024.7302451584        2.1032093721        0.5234338502      0.18318238
      1684        2.1184474252        2.6478302816     2047.7420026313        2.1184478039        0.5293828564      0.19378927
      1685        2.1292297214        2.6718624531     2098.9947509161        2.1292300257        0.5426327317      0.19284464
      1686        2.1348755422        2.6552578876     2012.9265107537        2.1348758206        0.5203823453      0.19471128
      1687        2.1350263047        2.6602959210     2031.8312975882        2.1350265962        0.5252696163      0.19334881
      1688        2.1300839166        2.6416753234     1978.9216806655        2.1300842651        0.5115914068      0.19329312
      1689        2.1210168588        2.6559529919     2069.2230116356        2.1210173286        0.5349361330      0.19288416
      1690        2.1087890198        2.6704925656     2172.7638699256        2.1087897321        0.5617035458      0.19300281
      1691        2.0949906408        2.6879008577     2293.4765273507        2.0949918392        0.5929102170      0.19322818
      1692        2.0814433402        2.6930341137     2365.7360643269        2.0814455432        0.6115907734      0.19329930
      1693        2.0702131044        2.6930902224     2409.3935449959        2.0702174163        0.6228771180      0.19297506
      1694        2.0631016335        2.6546294869     2288.1293122752        2.0631104164        0.5915278534      0.19391474
      1695        2.0614982842        2.6607338549     2317.9440602415        2.0615161415        0.5992355707      0.19428849
      1696        2.0661492767        2.6679637314     2327.9196178383        2.0661858239        0.6018144547      0.19428432
      1697        2.0777880867        2.6718972689     2298.1143267710        2.0778621621        0.5941091822      0.19446312
      1698        2.0965871927        2.6506574749     2143.2371216692        2.0967333985        0.5540702822      0.19446886
      1699        2.1215150296        2.6575288366     2073.3916360564        2.1217887471        0.5360138070      0.19342517
      1700        2.1521121548        2.6733328160     2016.1692577234        2.1526016795        0.5212206612      0.19396715
      1701        2.1874595798        2.6652588175     1848.2078820786        2.1882934507        0.4777992377      0.19371365
      1702        2.2250212391        2.6658037270     1705.0208626326        2.2263501164        0.4407824879      0.19284669
      1703        2.2630885904        2.6703047861     1575.1807941174        2.2650728945        0.4072161957      0.19421404
      1704        2.2998236394        2.6457445889     1338.0804634181        2.3026003458        0.3459209494      0.19428589
      1705        2.3317701339        2.6508386719     1234.2108157078        2.3353661772        0.3190685380      0.19488615
      1706        2.3585578597        2.6589721655     1162.0531052674        2.3629220233        0.3004143058      0.19384006
      1707        2.3789269079        2.6798191135     1163.9017023229        2.3838940385        0.3008922056      0.19410481
      1708        2.3921998572        2.6838346645     1128.0925270970        2.3975109737        0.2916348073      0.19485838
      1709        2.3972684713        2.6976687361     1161.9987922489        2.4025873337        0.3004002648      0.18452413
      1710        2.3939269475        2.6862088205     1130.5954862227        2.3989105240        0.2922818730      0.19386080
      1711        2.3825584197        2.6934685231     1202.6526171929        2.3869365304        0.3109101034      0.19406739
      1712        2.3635357629        2.6966986860     1288.7302699369        2.3671253589        0.3331629231      0.19419947
      1713        2.3380907980        2.6782658120     1315.8542178977        2.3408369611        0.3401750140      0.18371496
      1714        2.3085149547        2.6731588507     1410.5039723960        2.3104917236        0.3646438960      0.19329982
      1715        2.2759898011        2.6767496385     1550.2065134358        2.2773214163        0.4007598374      0.19333952
      1716        2.2421129185        2.6794951419     1691.8680671604        2.2429490695        0.4373822234      0.19341330
      1717        2.2089945628        2.7018518864     1906.4550936192        2.2094849679        0.4928573237      0.18481916
      1718        2.1780943826        2.7150297761     2076.9564873298        2.1783606790        0.5369353934      0.19401544
      1719        2.1517573437        2.7099400779     2159.1447782475        2.1518925845        0.5581827342      0.19368983
      1720        2.1318156618        2.7028473397     2208.8466551515        2.1318811528        0.5710316779      0.18366515
      1721        2.1189852476        2.6556365872     2075.8577194858        2.1190158775        0.5366513396      0.19363808
      1722        2.1134164189        2.6584348176     2108.2229125479        2.1134308564        0.5450183987      0.19446991
      1723        2.1141518431        2.6556999115     2094.7990903303        2.1141585859        0.5415480683      0.19381777
      1724        2.1204550196        2.6576786158     2078.0713039232        2.1204582077        0.5372235961      0.19441148
      1725        2.1312023698        2.6591287576     2042.1081372282        2.1312039203        0.5279263878      0.17339547
      1726        2.1449387636        2.6541904279     1969.8711629913        2.1449395553        0.5092516643      0.18021178
      1727        2.1598823548        2.6461049183     1880.7907245527        2.1598827895        0.4862225635      0.19251732
      1728        2.1741819696        2.6114802458     1691.5433453673        2.1741822318        0.4372982762      0.19296273
      1729        2.1856738970        2.6344821146     1736.0657361183        2.1856740759        0.4488082176      0.17269641
      1730        2.1936443377        2.6621425870     1812.2300933142        2.1936444743        0.4684982493      0.18166353
      1731        2.1969202640        2.6640940485     1807.1068404819        2.1969203821        0.4671737845      0.05756510
      1732        2.1945696801        2.6748692343     1857.8795272941        2.1945697974        0.4802995542      0.19079924
      1733        2.1862058867        2.6835728073     1923.8989734571        2.1862060208        0.4973669205      0.18228353
      1734        2.1719631154        2.6921677618     2012.2391412255        2.1719632920        0.5202046463      0.13756436
      1735        2.1524780969        2.6973522585     2107.6649790399        2.1524783628        0.5448741616      0.19195035
      1736        2.1289328832        2.7074152790     2237.6672864471        2.1289333359        0.5784823958      0.19214474
      1737        2.1027612346        2.7249295038     2406.6515988931        2.1027620947        0.6221682693      0.19221863
      1738        2.0756883810        2.7166443126     2479.3254393449        2.0756901805        0.6409559316      0.19236709
      1739        2.0502736250        2.7333884355     2642.4030799310        2.0502776236        0.6831148105      0.19141047
      1740        2.0280721935        2.7645167169     2848.6913866923        2.0280815680        0.7364445234      0.19231656
      1741        2.0110387781        2.7356462669     2802.9037441789        2.0110616326        0.7246074888      0.19191325
      1742        2.0014454788        2.7321224757     2826.3816233412        2.0015001801        0.7306769969      0.19198594
      1743        1.9999804601        2.7264357099     2810.0511945390        2.0001085880        0.7264552497      0.19150403
      1744        2.0071330723        2.7475716353     2864.1410042170        2.0074216792        0.7404385630      0.18225878
      1745        2.0231453651        2.7332284450     2746.7208856310        2.0237709527        0.7100830799      0.19164328
      1746        2.0470185546        2.7392460291     2677.6523983438        2.0482853448        0.6922274745      0.19049785
      1747        2.0777245585        2.7016496624     2413.4473310976        2.0801287937        0.6239251039      0.19072192
      1748        2.1122055805        2.7237785767     2365.6672988952        2.1163810563        0.6115729962      0.19249994
      1749        2.1499264136        2.7024863316     2137.3947787559        2.1567355279        0.5525599180      0.18159890
      1750        2.1873503047        2.6845419212     1923.2208680458        2.1975930504        0.4971916165      0.19142462
      1751        2.2223761728        2.6512212819     1658.8450721758        2.2366531978        0.4288451091      0.19118578
      1752        2.2525759087        2.6438665913     1513.5782285720        2.2709980680        0.3912906826      0.19101497
      1753        2.2775397807        2.6426065795     1412.1398318460        2.2998188784        0.3650667988      0.18159526
      1754        2.2965970198        2.6334290031     1302.9228124502        2.3219687771        0.3368319833      0.18185726
      1755        2.3089803234        2.6362501950     1265.9349548066        2.3362229221        0.3272698716      0.19231758
      1756        2.3145926877        2.6260766358     1204.8723452535        2.3422570399        0.3114839481      0.19084245
      1757        2.3132028418        2.6384395720     1258.0704215069        2.3397860530        0.3252367302      0.19186651
      1758        2.3047868898        2.6073344733     1170.3049825671        2.3289101479        0.3025475835      0.18209576
      1759        2.2901925516        2.6078010515     1228.5631428340        2.3109878894        0.3176085000      0.19280258
      1760        2.2692642195        2.6124141851     1327.3618316416        2.2861518551        0.3431499657      0.19237322
      1761        2.2426681858        2.6013129692     1387.2983951277        2.2555302084        0.3586447834      0.19219264
      1762        2.2121695657        2.6116044873     1545.0815161119        2.2213857095        0.3994349216      0.19187667
      1763        2.1784821445        2.6011814496     1635.0720677736        2.1846179762        0.4226993051      0.19142209
      1764        2.1443431651        2.5845884614     1702.9429149439        2.1481689965        0.4402452962      0.19287697
      1765        2.1118877213        2.5867610735     1836.8900645461        2.1141300129        0.4748733522      0.19277078
      1766        2.0823926138        2.6232526251     2092.1375701163        2.0836163622        0.5408600113      0.19338905
      1767        2.0571190207        2.6372200239     2243.9283321844        2.0577289258        0.5801010032      0.19241408
      1768        2.0386706392        2.6092684399     2207.1683454314        2.0389533374        0.5705978007      0.18288886
      1769        2.0285431421        2.5888988813     2167.5503272882        2.0286696787        0.5603557392      0.19210807
      1770        2.0265091896        2.5867059293     2166.9352902609        2.0265644253        0.5601967396      0.18368609
      1771        2.0320796265        2.5784845022     2113.5860389434        2.0321032118        0.5464048757      0.19206938
      1772        2.0443732186        2.5926729709     2120.9157404826        2.0443832973        0.5482997523      0.19305576
      1773        2.0624867017        2.6042549024     2095.6505995566        2.0624910210        0.5417682007      0.19251988
      1774        2.0850047030        2.6199631034     2069.3091454412        2.0850066023        0.5349584004      0.18258017
      1775        2.1103363158        2.6054888719     1915.3334391731        2.1103371889        0.4951525561      0.19171172
      1776        2.1357359464        2.5905750629     1759.3942684782        2.1357363852        0.4548391165      0.19094552
      1777        2.1590793449        2.6270857267     1810.3274672176        2.1590795910        0.4680063818      0.17786955
      1778        2.1799091643        2.6435597389     1793.4784715701        2.1799093163        0.4636505746      0.18293733
      1779        2.1962150026        2.6250120525     1658.6591710614        2.1962151089        0.4287970499      0.18273715
      1780        2.2062122187        2.6168143032     1588.2779818870        2.2062123050        0.4106020845      0.19265190
      1781        2.2094314824        2.5958029496     1494.5498754046        2.2094315640        0.3863714672      0.18110293
      1782        2.2058091520        2.6219502240     1609.7037179298        2.2058092417        0.4161410720      0.18416170
      1783        2.1955366156        2.6420861996     1727.3289612361        2.1955367304        0.4465495840      0.18330747
      1784        2.1795163760        2.6712672859     1902.1752990452        2.1795165461        0.4917509099      0.19285593
      1785        2.1589921636        2.7031170216     2104.7665467186        2.1589924536        0.5441248580      0.18299691
      1786        2.1358319192        2.6932096789     2156.0310013114        2.1358324793        0.5573777597      0.19295400
      1787        2.1130411045        2.6940136746     2247.2996995235        2.1130422767        0.5809725700      0.19293756
      1788        2.0924855902        2.7245983363     2445.1185091327        2.0924882067        0.6321127461      0.19178933
      1789        2.0758948363        2.7161000816     2476.4216585132        2.0759010433        0.6402052453      0.10388950
      1790        2.0657181876        2.7152134127     2512.3568639637        2.0657330741        0.6494952251      0.19137357
      1791        2.0631641041        2.7203527314     2542.1162390437        2.0631996285        0.6571886273      0.19239314
      1792        2.0690846140        2.7143990429     2496.1848407255        2.0691676927        0.6453144289      0.19168231
      1793        2.0836231521        2.7447469115     2557.3379922373        2.0838091525        0.6611237594      0.19241714
      1794        2.1070147633        2.7464495993     2473.4415855478        2.1074168323        0.6394348360      0.19101346
      1795        2.1379951918        2.7605488850     2408.1424836699        2.1388107054        0.6225536932      0.19202053
      1796        2.1753340521        2.7821302314     2347.1897672510        2.1768852442        0.6067961793      0.19331013
      1797        2.2174066177        2.7619049173     2106.2110814709        2.2201690556        0.5444982996      0.19177563
      1798        2.2602045694        2.7354999107     1838.5223894834        2.2647087543        0.4752953413      0.19222832
      1799        2.3005611979        2.7239552963     1637.7596449029        2.3072803423        0.4233940984      0.18225465
      1800        2.3365896208        2.7138969049     1459.4880890450        2.3458494610        0.3773072840      0.18280444
      1801        2.3663525333        2.7305109389     1408.6260140200        2.3781883092        0.3641584056      0.19173708
      1802        2.3894516467        2.7099617839     1239.7871640333        2.4036431355        0.3205101372      0.18479748
      1803        2.4036515363        2.7187259566     1218.7608961263        2.4195010167        0.3150744203      0.19289083
      1804        2.4090641954        2.7406726335     1282.7172601956        2.4256766581        0.3316084381      0.19291856
      1805        2.4054472925        2.7673299860     1399.8231761107        2.4217958808        0.3618826934      0.18118804
      1806        2.3927139898        2.7732501855     1471.9780626231        2.4077858946        0.3805361956      0.18764712
      1807        2.3716379967        2.7608901460     1505.6928389886        2.3846561914        0.3892521494      0.18180388
      1808        2.3436238656        2.7738065068     1664.0188713544        2.3541804648        0.4301826412      0.19355121
      1809        2.3091021831        2.7627950423     1754.9603521829        2.3170691106        0.4536928592      0.19100339
      1810        2.2706848121        2.7390782237     1811.8245636383        2.2763095004        0.4683934116      0.18293733
      1811        2.2307761115        2.7374780314     1960.0083222247        2.2345061226        0.5067019199      0.18273300
      1812        2.1905773581        2.7658989570     2225.4407920352        2.1928789883        0.5753215989      0.19100540
      1813        2.1514834115        2.7598587959     2353.2983981340        2.1527861033        0.6083753843      0.19140187
      1814        2.1170528204        2.7362691969     2395.2331807557        2.1177414605        0.6192163765      0.19266317
      1815        2.0893849061        2.7479482226     2547.4337683024        2.0897300594        0.6585633165      0.19257512
      1816        2.0689972159        2.7800910615     2750.6306972966        2.0691594415        0.7110938455      0.19281540
      1817        2.0568534166        2.8031712104     2886.8828586168        2.0569247569        0.7463177938      0.19151010
      1818        2.0537663755        2.7875055088     2838.2264823358        2.0537962508        0.7337391333      0.17398320
      1819        2.0593891764        2.7972820881     2854.2939964246        2.0594015762        0.7378929117      0.18965988
      1820        2.0726473242        2.7725283387     2707.2575791871        2.0726524522        0.6998810145      0.18236196
      1821        2.0915006549        2.8065381140     2765.8852586289        2.0915028622        0.7150374592      0.18337054
      1822        2.1148137101        2.7580955804     2488.3225616752        2.1148146873        0.6432818703      0.18284041
      1823        2.1389551614        2.7813887935     2485.0414337754        2.1389556394        0.6424336321      0.19155515
      1824        2.1629427307        2.7877381535     2416.8138712738        2.1629429846        0.6247954229      0.18290316
      1825        2.1844486692        2.7843819817     2320.6430429598        2.1844488201        0.5999333125      0.19299870
      1826        2.2014960134        2.8044073108     2332.1623898226        2.2014961158        0.6029112973      0.19251221
      1827        2.2129966344        2.7845333574     2210.8002545953        2.2129967144        0.5715367230      0.18233902
      1828        2.2176933107        2.7748874501     2155.3207274120        2.2176933836        0.5571941395      0.19128215
      1829        2.2154140953        2.7629185745     2117.8394903437        2.2154141730        0.5475044792      0.19077915
      1830        2.2065450659        2.7678321424     2171.1528968788        2.2065451622        0.5612870765      0.19175889
      1831        2.1918583746        2.7707758134     2239.3501061252        2.1918585128        0.5789174388      0.19137155
      1832        2.1727741676        2.7608937647     2274.9456036281        2.1727743941        0.5881195972      0.19211011
      1833        2.1512903547        2.7531928509     2328.2601770543        2.1512907695        0.6019024962      0.19184264
      1834        2.1293766833        2.7535142412     2414.2691389251        2.1293775149        0.6241375579      0.18965888
      1835        2.1090105565        2.7514577270     2485.0938026895        2.1090123514        0.6424471705      0.19218143
      1836        2.0923036967        2.7444120583     2522.4649160696        2.0923077660        0.6521083616      0.18178701
      1837        2.0811205098        2.7508460271     2590.6110400176        2.0811299537        0.6697255173      0.18132675
      1838        2.0768485283        2.7216296827     2494.1220448513        2.0768706720        0.6447811543      0.19232064
      1839        2.0803980334        2.6812574526     2324.2253795288        2.0804483428        0.6008594191      0.19227728
      1840        2.0914731417        2.6715624523     2243.8831033563        2.0915814567        0.5800893106      0.12956514
      1841        2.1096774323        2.6929609725     2256.2389210170        2.1099000453        0.5832835402      0.18143933
      1842        2.1348995630        2.6851391572     2128.4193757665        2.1353398481        0.5502395943      0.15329760
      1843        2.1653821764        2.6780748640     1983.1816201886        2.1661983532        0.5126926876      0.19149594
      1844        2.1993108376        2.6626550201     1792.2932951946        2.2007223739        0.4633441824      0.19257001
      1845        2.2342228576        2.6588720835     1642.6146893594        2.2364841694        0.4246492259      0.19153895
      1846        2.2683463341        2.6718092236     1560.6623738770        2.2717202392        0.4034628895      0.18305330
      1847        2.3004031926        2.6682804750     1423.0112555356        2.3051277979        0.3678772825      0.19099282
      1848        2.3279159853        2.6787880144     1357.2320729423        2.3340837396        0.3508720291      0.19240284
      1849        2.3498998820        2.6783120369     1270.3534987540        2.3574536758        0.3284121549      0.19227319
      1850        2.3648313008        2.6545710870     1120.7622665483        2.3734908645        0.2897397862      0.19223648
      1851        2.3714956955        2.6447526849     1057.0040338283        2.3807643937        0.2732569894      0.19239212
      1852        2.3698877838        2.6626957043     1132.6303264847        2.3791903585        0.2928079205      0.19300075
      1853        2.3599589076        2.6589362857     1156.4948268438        2.3687142181        0.2989773780      0.19188429
      1854        2.3424706177        2.6573391711     1217.9645683847        2.3502073009        0.3148685534      0.18213100
      1855        2.3182184275        2.6573491719     1311.8148071902        2.3246312515        0.3391307444      0.19264371
      1856        2.2883554260        2.6297760170     1320.6723195070        2.2933342830        0.3414205910      0.19240131
      1857        2.2555336800        2.6547393375     1544.1946841825        2.2591914267        0.3992056576      0.19279027
      1858        2.2191862960        2.6517490763     1673.2256501855        2.2216716724        0.4325627803      0.19283592
      1859        2.1826649610        2.6499274838     1807.4500953599        2.1842465798        0.4672625228      0.19286055
      1860        2.1479056874        2.6402644663     1904.5266387232        2.1488493442        0.4923587790      0.19153845
      1861        2.1169782726        2.6507390339     2064.6764759568        2.1175103212        0.5337607613      0.19281078
      1862        2.0908872937        2.6686318571     2234.8132263431        2.0911690842        0.5777445634      0.19191528
      1863        2.0709630243        2.6716092236     2323.4006090436        2.0711035930        0.6006461992      0.18314581
      1864        2.0583847988        2.6646370184     2345.0856396489        2.0584520989        0.6062522196      0.19291496
      1865        2.0533628166        2.6234182418     2205.0703455746        2.0533943546        0.5700554252      0.19323385
      1866        2.0551788932        2.5901055711     2069.1864377263        2.0551939356        0.5349266779      0.18323286
      1867        2.0623285091        2.6094764003     2116.4601479240        2.0623359217        0.5471478912      0.18281228
      1868        2.0738346558        2.6220160996     2120.4581033993        2.0738383703        0.5481814438      0.19278206
      1869        2.0883594615        2.6075543941     2008.3333986734        2.0883613993        0.5191949326      0.19238548
      1870        2.1038685080        2.5989408717     1915.0232415345        2.1038695984        0.4950723638      0.18407283
      1871        2.1186659885        2.6226663562     1949.5582635940        2.1186666600        0.5040003677      0.18384917
      1872        2.1316712153        2.6065897682     1837.0649085535        2.1316716682        0.4749185529      0.19269237
      1873        2.1409961405        2.5863730309     1722.7927848361        2.1409964851        0.4453768903      0.19281642
      1874        2.1455823920        2.5889744851     1715.1152547973        2.1455826904        0.4433920931      0.19355431
      1875        2.1449519411        2.6112988667     1803.9084111110        2.1449522354        0.4663469256      0.18701863
      1876        2.1388536276        2.6028627713     1794.8654773570        2.1388539592        0.4640091437      0.19381518
      1877        2.1277575107        2.5849532321     1768.5100125885        2.1277579351        0.4571957213      0.19272311
      1878        2.1125623029        2.5963193345     1871.2536320257        2.1125629125        0.4837570316      0.19326889
      1879        2.0939410133        2.5878035208     1910.3433138446        2.0939419959        0.4938625075      0.18620614
      1880        2.0737203087        2.5733123986     1932.5063030791        2.0737220437        0.4995920899      0.19360084
      1881        2.0536047222        2.5470351985     1908.6721446298        2.0536080086        0.4934304763      0.19382503
      1882        2.0353604388        2.5504161468     1992.3221812387        2.0353669421        0.5150557081      0.19404245
      1883        2.0199646599        2.5512890792     2055.2522950457        2.0199781173        0.5313244193      0.19320088
      1884        2.0089620074        2.6006180736     2288.6252611598        2.0089905278        0.5916560662      0.19378564
      1885        2.0035246170        2.6101680831     2346.5990467900        2.0035873514        0.6066434661      0.18328058
      1886        2.0052584329        2.6006380378     2303.0285356388        2.0053951623        0.5953796049      0.19310257
      1887        2.0145443413        2.6156615533     2325.2225658646        2.0148315613        0.6011172120      0.18206923
      1888        2.0314933982        2.6525438583     2402.3277247481        2.0320762962        0.6210504601      0.19216665
      1889        2.0562439927        2.6437961452     2272.7506319626        2.0573873767        0.5875521525      0.18311481
      1890        2.0868889433        2.6430814040     2151.4460653080        2.0889840686        0.5561924607      0.19034826
      1891        2.1218286174        2.6330989308     1977.6796375391        2.1254151433        0.5112703134      0.19061308
      1892        2.1586637121        2.6193364546     1781.9597157834        2.1643630501        0.4606727425      0.19161846
      1893        2.1949922453        2.6369794482     1709.6809031982        2.2033904827        0.4419872029      0.19112578
      1894        2.2301510197        2.6590600216     1659.0922201455        2.2417967915        0.4289090019      0.18089681
      1895        2.2627437250        2.6473013505     1487.5336305480        2.2779736718        0.3845576256      0.19176650
      1896        2.2900466321        2.6791919537     1505.2796109474        2.3086628117        0.3891453216      0.18093113
      1897        2.3125643097        2.6873374312     1449.6855218112        2.3341209706        0.3747731215      0.11929306
      1898        2.3287788654        2.7049746904     1455.1887781591        2.3523291233        0.3761958249      0.19372089
      1899        2.3383375094        2.6734672649     1296.3383087171        2.3626523656        0.3351297555      0.19290623
      1900        2.3403608206        2.6569634281     1224.6721813430        2.3640648935        0.3166026075      0.19364998
      1901        2.3349895732        2.6373220101     1169.4727592985        2.3568360580        0.3023324369      0.19365154
      1902        2.3225650439        2.6380979716     1220.5344801406        2.3416165386        0.3155329278      0.18397845
      1903        2.3031887799        2.6477425246     1332.7918849853        2.3188201624        0.3445537446      0.19371779
      1904        2.2773804103        2.6487020089     1436.3344501975        2.2893760369        0.3713215986      0.19464278
      1905        2.2466567610        2.6056423432     1388.6166622506        2.2552640871        0.3589855822      0.19288416
      1906        2.2142678623        2.6185099565     1563.6764688662        2.2201493456        0.4042420942      0.19013154
      1907        2.1796279976        2.6663663745     1882.7859776919        2.1833466266        0.4867383770      0.18169405
      1908        2.1439256706        2.6651645075     2016.2395643678        2.1460535015        0.5212388369      0.19090730
      1909        2.1115814137        2.6845254896     2216.2441326849        2.1127127915        0.5729440759      0.19051037
      1910        2.0842300454        2.6951493731     2363.1387989410        2.0847835931        0.6109193276      0.19106280
      1911        2.0640613156        2.7016645383     2466.3565968329        2.0643130604        0.6376032227      0.18159753
      1912        2.0524276715        2.7068316515     2531.3447543895        2.0525352974        0.6544039800      0.19128114
      1913        2.0499075561        2.7167168761     2579.3306978594        2.0499513910        0.6668093200      0.18116314
      1914        2.0564033895        2.7259879016     2590.0656079103        2.0564206138        0.6695845121      0.18205597
      1915        2.0712186891        2.6982439228     2425.4391548073        2.0712253465        0.6270252337      0.18117627
      1916        2.0922964352        2.7393743298     2503.0062227851        2.0922990958        0.6470778946      0.19143069
      1917        2.1189980390        2.7495615244     2439.1257081391        2.1189991094        0.6305634854      0.19171324
      1918        2.1488169618        2.7431715433     2299.0635724904        2.1488174161        0.5943545815      0.19095357
      1919        2.1789715161        2.7451426626     2190.0453013566        2.1789717272        0.5661711464      0.18399059
      1920        2.2072802307        2.7259319101     2006.2320036748        2.2072803400        0.5186516794      0.19030327
      1921        2.2310203708        2.7189695110     1887.4694136163        2.2310204360        0.4879491402      0.19042427
      1922        2.2487054544        2.7148202491     1803.0104898874        2.2487054995        0.4661147947      0.18132494
      1923        2.2591540139        2.7237405984     1797.0991155640        2.2591540506        0.4645865845      0.19249942
      1924        2.2618183166        2.7000756342     1695.2530790067        2.2618183519        0.4382573176      0.19367793
      1925        2.2566137641        2.6902073888     1677.2131296656        2.2566138040        0.4335936247      0.19298174
      1926        2.2441615694        2.7351418711     1899.1944563735        2.2441616223        0.4909803016      0.19284310
      1927        2.2247768553        2.7332596746     1966.8971409344        2.2247769384        0.5084828193      0.19335242
      1928        2.2010187229        2.7424043009     2094.1705505569        2.2010188721        0.5413855780      0.19332405
      1929        2.1747276182        2.7508860965     2228.6779824241        2.1747279205        0.5761584783      0.19266215
      1930        2.1482969462        2.7610387585     2370.1884765877        2.1482976221        0.6127418123      0.19441566
      1931        2.1241698371        2.7734227626     2511.4196082870        2.1241714647        0.6492529254      0.19222169
      1932        2.1047341623        2.7561136342     2519.6454477289        2.1047382831        0.6513794718      0.19247795
      1933        2.0923325469        2.7346383320     2484.5468998924        2.0923430263        0.6423057851      0.19165443
      1934        2.0881005567        2.6985300888     2361.2441876768        2.0881266749        0.6104295322      0.19278668
      1935        2.0923419797        2.7016677166     2356.9745220277        2.0924039874        0.6093257370      0.18321387
      1936        2.1050606878        2.7583447132     2527.0125815776        2.1052026487        0.6532840254      0.18534852
      1937        2.1270717462        2.7574888778     2438.5595868898        2.1273913518        0.6304171316      0.19294783
      1938        2.1569254339        2.7414415898     2261.0068864013        2.1575983246        0.5845161560      0.19264525
      1939        2.1923553084        2.7589433671     2191.6579881463        2.1936595256        0.5665880587      0.19364584
      1940        2.2322112969        2.7187779318     1882.1216506512        2.2345741948        0.4865666349      0.19337357
      1941        2.2716764817        2.6952265754     1638.3630611970        2.2755501543        0.4235500937      0.19335912
      1942        2.3084330794        2.7001918565     1515.3888971444        2.3142450475        0.3917587772      0.19407519
      1943        2.3414040093        2.7033944270     1400.2398715672        2.3495187963        0.3619904177      0.19275950
      1944        2.3686448500        2.6950976383     1262.7743388423        2.3792018810        0.3264527883      0.19418594
      1945        2.3882659388        2.7068107570     1232.1849793244        2.4010450023        0.3185448182      0.19244013
      1946        2.3998980594        2.7122157372     1208.0973520104        2.4144119928        0.3123176778      0.19348507
      1947        2.4028274272        2.7267113601     1252.8375738743        2.4182920145        0.3238839329      0.19297660
      1948        2.3968784134        2.7266143589     1275.4741436851        2.4123559999        0.3297359455      0.19375197
      1949        2.3823664812        2.7292185498     1341.6821889932        2.3969140129        0.3468520686      0.19341950
      1950        2.3598294902        2.7328546307     1442.9240370199        2.3726612979        0.3730251405      0.18349961
      1951        2.3301683845        2.7320991644     1554.7359160633        2.3407736828        0.4019307799      0.18417855
      1952        2.2948533661        2.6961864485     1552.4239215736        2.3030606130        0.4013330824      0.13513137
      1953        2.2569291274        2.6759717683     1620.9274749160        2.2629390981        0.4190426409      0.18325463
      1954        2.2173873265        2.7061678546     1890.6853622159        2.2215309472        0.4887805281      0.19268417
      1955        2.1761684081        2.7046463153     2044.2415069230        2.1787990156        0.5284779072      0.19271594
      1956        2.1369933729        2.7307325953     2296.6832599000        2.1385525835        0.5937392224      0.19293448
      1957        2.1012385834        2.7707646789     2589.8396429570        2.1020914407        0.6695260956      0.18314720
      1958        2.0710221560        2.7669902370     2692.1216936131        2.0714508876        0.6959680809      0.19302543
      1959        2.0490787910        2.7592958355     2747.2390832106        2.0492826395        0.7102170445      0.19374213
      1960        2.0361118488        2.7840599072     2893.1889964428        2.0362047657        0.7479480584      0.19310102
      1961        2.0320910637        2.8395140898     3123.2481830419        2.0321315011        0.8074230260      0.19295811
      1962        2.0371143363        2.8306704601     3069.6086710494        2.0371311147        0.7935561238      0.19167825
      1963        2.0501668723        2.8151386543     2959.0396252928        2.0501738848        0.7649717821      0.18295672
      1964        2.0692341794        2.8153579418     2886.1323122721        2.0692372129        0.7461237623      0.18222029
      1965        2.0922932279        2.7993710430     2735.0960154435        2.0922946070        0.7070778151      0.18346337
      1966        2.1167305761        2.8157015143     2703.7372510955        2.1167312568        0.6989709382      0.19358068
      1967        2.1408187597        2.7822618426     2481.2098224403        2.1408191267        0.6414430828      0.19409182
      1968        2.1615613857        2.7483847243     2269.9314570989        2.1615616111        0.5868233386      0.18384125
      1969        2.1771799708        2.7605482578     2256.5667362762        2.1771801306        0.5833682871      0.18487573
      1970        2.1870672919        2.7595477701     2214.4508586976        2.1870674224        0.5724804782      0.19417814
      1971        2.1904112088        2.7434843730     2139.3801011984        2.1904113326        0.5530731642      0.19332921
      1972        2.1871289508        2.7210985117     2065.4841478608        2.1871290873        0.5339695609      0.19355896
      1973        2.1778434605        2.6952028240     2001.2331081929        2.1778436342        0.5173593635      0.19357809
      1974        2.1637099106        2.7105210812     2115.1576558013        2.1637101621        0.5468111706      0.19235893
      1975        2.1456828032        2.7465942477     2324.4266223700        2.1456832179        0.6009114445      0.19234310
      1976        2.1253662657        2.7336461940     2352.9291584281        2.1253670392        0.6082799284      0.18297751
      1977        2.1057350289        2.7301241222     2415.2421199518        2.1057365887        0.6243890933      0.18302186
      1978        2.0887069801        2.7083952553     2397.0585645986        2.0887103233        0.6196882753      0.18270352
      1979        2.0763473620        2.7330056480     2540.0647895100        2.0763547274        0.6566582860      0.19159921
      1980        2.0699449282        2.7555852345     2652.1721226809        2.0699617222        0.6856403063      0.19138823
      1981        2.0712392552        2.7230188286     2521.1931080560        2.0712779650        0.6517795734      0.19354863
      1982        2.0808491208        2.7282477007     2504.2466873505        2.0809347219        0.6473985798      0.18489932
      1983        2.0989221362        2.7054364664     2346.0995274146        2.0991052024        0.6065143302      0.19386495
      1984        2.1243826000        2.7271725900     2331.6931527582        2.1247504361        0.6027899900      0.19468826
      1985        2.1570696433        2.7427126425     2265.3657056924        2.1577754527        0.5856429992      0.19410274
      1986        2.1955574013        2.7144530448     2007.1756978393        2.1968353760        0.5188956435      0.19437655
      1987        2.2361404770        2.6854565525     1738.0302162990        2.2382657414        0.4493160755      0.19420884
      1988        2.2759566153        2.6780716442     1555.4486222974        2.2792003920        0.4021150289      0.19415473
      1989        2.3134443817        2.6607170096     1343.3089833325        2.3180403560        0.3472726279      0.19442817
      1990        2.3459062848        2.6633177909     1227.8011373061        2.3519330766        0.3174115061      0.19401129
      1991        2.3725113440        2.6432785123     1047.3729871104        2.3798988912        0.2707671684      0.19304702
      1992        2.3909277603        2.6301651487      925.4104908027        2.3993463984        0.2392373885      0.19336996
      1993        2.4006036700        2.6284205855      881.2341790210        2.4095643525        0.2278169155      0.18354886
      1994        2.4014144946        2.6379969469      915.1407509055        2.4103512416        0.2365824523      0.19364222
      1995        2.3933100007        2.6275693489      906.1545930056        2.4016572081        0.2342593482      0.19324261
      1996        2.3770474792        2.6436400455     1031.2249233370        2.3843670057        0.2665925662      0.18375502
      1997        2.3525874931        2.6320183933     1080.8857605841        2.3585625733        0.2794309003      0.19409962
      1998        2.3224142184        2.6366484727     1215.5109926839        2.3269944472        0.3142342543      0.19379704
      1999        2.2873520863        2.6220440217     1294.6447467736        2.2906219377        0.3346919354      0.19342982
