      Step          Pe(mixed)          E_total                Temp                  Pe                  Ke   Speed(ns/day)
         0        4.4696912574        4.4696912574        0.0000000000        4.4696912574        0.0000000000      0.00000000
         1        4.4285465723        4.4695064613      158.4397455382        4.4285465723        0.0409598890      1.70459261
         2        4.3080499923        4.4689687116      622.4606946150        4.3080499923        0.1609187193      2.06471165
         3        4.1167724835        4.4681159806     1359.0557907063        4.1167724835        0.3513434971      2.32463831
         4        3.8682624925        4.4670183954     2316.0886248032        3.8682624925        0.5987559029      2.45221184
         5        3.5799859049        4.4657600619     3426.3235471660        3.5799859049        0.8857741570      2.47254028
         6        3.2719972715        4.4644325240     4612.5402864616        3.2719972715        1.1924352525      2.45138244
         7        2.9654531600        4.4631361815     5793.2900408477        2.9654531600        1.4976830214      2.47956117
         8        2.6810621448        4.4619633305     6888.8255762024        2.6810621448        1.7809011857      2.49389488
         9        2.4376151332        4.4609920240     7826.7624209407        2.4376151332        2.0233768908      2.47761163
        10        2.2506962688        4.4602921208     8547.0887099132        2.2506962688        2.2095958519      2.50328371
        11        2.1316187262        4.4599086487     9006.2173553260        2.1316187262        2.3282899225      2.47566516
        12        2.0866898245        4.4598686621     9179.8552350757        2.0866898245        2.3731788375      2.47845888
        13        2.1168062722        4.4601740289     9064.5409562343        2.1168062722        2.3433677567      2.34752779
        14        2.2174222440        4.4608030422     8677.7745693549        2.2174222440        2.2433807982      2.45836691
        15        2.3788863654        4.4617154535     8056.7335279077        2.3788863654        2.0828290881      2.45578468
        16        2.5871178992        4.4628480433     7255.6399503240        2.5871178992        1.8757301441      2.46103814
        17        2.8246070332        4.4641214424     6341.9177239026        2.8246070332        1.6395144091      2.44048667
        18        3.0716689885        4.4654429868     5391.3524476639        3.0716689885        1.3937739983      2.47990054
        19        3.3078873972        4.4667152861     4482.5413468080        3.3078873972        1.1588278889      2.37537930
        20        3.5136424764        4.4678386418     3690.9913933883        3.5136424764        0.9541961654      2.44147319
        21        3.6716304905        4.4687228020     3083.2872404011        3.6716304905        0.7970923115      4.51095868
        22        3.7682389049        4.4692927856     2711.7944232527        3.7682389049        0.7010538807      4.68564605
        23        3.7946663404        4.4695000309     2610.3703134412        3.7946663404        0.6748336904      4.57618216
        24        3.7476639851        4.4693248635     2791.5057591221        3.7476639851        0.7216608784      4.79507596
        25        3.6298274138        4.4687782255     3245.2029650526        3.6298274138        0.8389508116      4.83377172
        26        3.4494079163        4.4679049407     3939.7179398236        3.4494079163        1.0184970243      1.27316692
        27        3.2196492772        4.4667743150     4824.0895823766        3.2196492772        1.2471250378      2.44798774
        28        2.9577366934        4.4654749423     5832.1853536351        2.9577366934        1.5077382490      2.47422842
        29        2.6834549709        4.4641045940     6887.8524899134        2.6834549709        1.7806496232      2.37436767
        30        2.4176867557        4.4627609965     7910.6914230887        2.4176867557        2.0450742408      2.46723765
        31        2.1808827559        4.4615386154     8821.9607812340        2.1808827559        2.2806558595      2.40773281
        32        1.9916059844        4.4605177614     9550.1663601900        1.9916059844        2.4689117770      2.38923927
        33        1.8652617960        4.4597617716    10035.9626537563        1.8652617960        2.5944999757      2.38084137
        34        1.8130760835        4.4593140838    10236.0940422927        1.8130760835        2.6462380003      2.40294321
        35        1.8413681174        4.4592007160    10126.2171668187        1.8413681174        2.6178325986      2.40055555
        36        1.9511180195        4.4594284739     9702.5670768602        1.9511180195        2.5083104545      2.46087101
        37        2.1378232464        4.4599917461     8982.5386611898        2.1378232464        2.3221684996      2.45820015
        38        2.3915926294        4.4608711774     8004.3177579184        2.3915926294        2.0692785480      2.42513462
        39        2.6974612415        4.4620341270     6825.6649623002        2.6974612415        1.7645728855      2.44807043
        40        3.0359392912        4.4634340700     5521.7901029517        3.0359392912        1.4274947787      2.43720402
        41        3.3838678275        4.4649941086     4181.9784475891        3.3838678275        1.0811262810      2.46120528
reaction occured at step 41 between IDs 1 and 2
        42        3.3861341799        4.4035008539     3935.3455543327        3.3861341799        1.0173666740      0.82328134
        43        3.1600895319        4.4025402715     4806.0086101920        3.1600895319        1.2424507396      1.30660849
        44        2.9253408322        4.4016253467     5710.5170137113        2.9253408322        1.4762845144      2.38146721
        45        2.6977787070        4.4007704513     6587.4587419040        2.6977787070        1.7029917443      2.39991964
        46        2.4921825846        4.4000079642     7379.7897240684        2.4921825846        1.9078253796      2.50544708
        47        2.3217332187        4.3993681544     8036.6416723124        2.3217332187        2.0776349358      2.29526469
        48        2.1974622477        4.3988933872     8515.5062279287        2.1974622477        2.2014311395      2.44848394
        49        2.1276316305        4.3986213476     8784.5705151536        2.1276316305        2.2709897171      2.43777785
        50        2.1171833771        4.3985794665     8824.8241152058        2.1171833771        2.2813960895      2.46421777
        51        2.1673449689        4.3987809715     8631.5700889487        2.1673449689        2.2314360026      2.39888701
        52        2.2754596346        4.3992204499     8215.0643389599        2.2754596346        2.1237608153      1.79653405
        53        2.4350867750        4.3998736528     7600.1263878327        2.4350867750        1.9647868778      2.04283021
        54        2.6363830900        4.4007022365     6824.6834571576        2.6363830900        1.7643191465      1.88131274
        55        2.8667352326        4.4016519833     5937.3163734367        2.8667352326        1.5349167507      1.89702071
        56        3.1116148806        4.4026568093     4993.9675090025        3.1116148806        1.2910419287      3.84639246
        57        3.3555942269        4.4036473543     4054.0459217425        3.3555942269        1.0480531274      4.33271001
        58        3.5834367192        4.4045539295     3176.2195929723        3.5834367192        0.8211172103      4.26263442
        59        3.7811873295        4.4053116650     2414.2179922014        3.7811873295        0.6241243355      4.31183135
        60        3.9371761457        4.4058672993     1812.9762798515        3.9371761457        0.4686911536      4.70603033
        61        4.0428501809        4.4061826441     1405.4311295487        4.0428501809        0.3633324632      4.78873955
        62        4.0933700813        4.4062383435     1210.2271052320        4.0933700813        0.3128682622      4.76074442
        63        4.0879211438        4.4060340683     1230.5143416731        4.0879211438        0.3181129245      4.40218496
        64        4.0297218426        4.4055900171     1453.9213710468        4.0297218426        0.3758681745      4.83506158
        65        3.9257266104        4.4049415384     1853.6840105488        3.9257266104        0.4792149280      4.74515995
        66        3.7860678600        4.4041423149     2390.8160356332        3.7860678600        0.6180744549      4.87539171
        67        3.6232612833        4.4032507141     3017.1304184268        3.6232612833        0.7799894307      4.83441656
        68        3.4512727300        4.4023344650     3678.8668889457        3.4512727300        0.9510617350      4.88689725
        69        3.2844803105        4.4014565156     4320.6519887067        3.2844803105        1.1169762051      4.80524916
        70        3.1366434406        4.4006806422     4889.5086787151        3.1366434406        1.2640372016      4.81130995
        71        3.0199142730        4.4000610876     5338.6402072346        3.0199142730        1.3801468146      4.39124951
        72        2.9439805860        4.3996397925     5630.7348505650        2.9439805860        1.4556592065      4.81162936
        73        2.9153910770        4.3994455771     5740.5726261441        2.9153910770        1.4840545001      4.81962848
        74        2.9371031983        4.3994908593     5656.7616451883        2.9371031983        1.4623876610      4.87637577
        75        3.0082871906        4.3997697813     5382.4888974098        3.0082871906        1.3914825907      4.84281526
        76        3.1244029056        4.4002614442     4935.2356002709        3.1244029056        1.2758585386      4.87244189
        77        3.2775357958        4.4009298917     4345.4774706989        3.2775357958        1.1233940959      4.79349029
        78        3.4569734720        4.4017257224     3654.4607403476        3.4569734720        0.9447522504      4.91373377
        79        3.6499845402        4.4025914752     2911.2103157581        3.6499845402        0.7526069351      4.87834510
        80        3.8427379247        4.4034638520     2168.9822771511        3.8427379247        0.5607259273      4.87900189
        81        4.0213039439        4.4042795908     1481.4142709635        4.0213039439        0.3829756469      4.90177013
        82        4.1726597867        4.4049792320      898.6507221141        4.1726597867        0.2323194453      4.84734973
        83        4.2856312648        4.4055131140      463.7231731758        4.2856312648        0.1198818492      4.91506667
        84        4.3516953439        4.4058421446      209.4489402748        4.3516953439        0.0541468008      4.79698015
        85        4.3655939749        4.4059424421      156.0746630465        4.3655939749        0.0403484672      4.85774619
        86        4.3257083246        4.4058077489      309.8380566497        4.3257083246        0.0800994243      4.55948497
        87        4.2341649038        4.4054488095      662.5549803541        4.2341649038        0.1712839057      4.90143864
        88        4.0966692111        4.4048937923     1192.2645653794        4.0966692111        0.3082245812      4.87309710
        89        3.9220716586        4.4041830571     1864.8880463166        3.9220716586        0.4821113986      4.88195966
        90        3.7217096534        4.4033714520     2636.7825853244        3.7217096534        0.6816617986      4.88986460
        91        3.5085555193        4.4025200468     3458.0052788284        3.5085555193        0.8939645275      4.59912260
        92        3.2962485781        4.4016941504     4276.0495599191        3.2962485781        1.1054455723      4.68171133
        93        3.0980708253        4.4009563168     5039.7804035317        3.0980708253        1.3028854915      4.83538416
        94        2.9259516160        4.4003649215     5703.2788622915        2.9259516160        1.4744133054      4.87244189
        95        2.7895627131        4.3999661567     6229.3116086418        2.7895627131        1.6104034436      4.90641573
        96        2.6955846954        4.3997935335     6592.1666657771        2.6955846954        1.7042088382      4.76794771
        97        2.6471890207        4.3998634976     6779.6399146728        2.6471890207        1.7526744768      4.74515995
        98        2.6437837633        4.4001743481     6794.0144460968        2.6437837633        1.7563905849      4.69992693
        99        2.6810442514        4.4007061849     6651.9418401814        2.6810442514        1.7196619336      4.84216817
       100        2.7512331215        4.4014215511     6383.2066320009        2.7512331215        1.6501884296      4.88689725
       101        2.8437929133        4.4022642192     6028.4293582214        2.8437929133        1.5584713059      4.70786444
       102        2.9461909173        4.4031693747     5635.8379354536        2.9461909173        1.4569784575      4.59474915
       103        3.0449392608        4.4040608360     5257.3110419588        3.0449392608        1.3591215752      3.48953169
       104        3.1267436361        4.4048601251     4943.9697324955        3.1267436361        1.2781164890      4.54775511
       105        3.1796790067        4.4054943778     4741.6602044409        3.1796790067        1.2258153711      4.79602787
       106        3.1942875394        4.4059001244     4686.7214367959        3.1942875394        1.2116125850      4.66904420
       107        3.1645030523        4.4060338129     4802.4499763708        3.1645030523        1.2415307606      4.55604558
       108        3.0882906619        4.4058761992     5096.6426555839        3.0882906619        1.3175855373      4.74951331
       109        2.9679300074        4.4054335572     5560.5057143580        2.9679300074        1.4375035498      1.09678238
       110        2.8099102817        4.4047401866     6169.0705396563        2.8099102817        1.5948299049      2.34002432
       111        2.6244353892        4.4038504070     6883.0768284888        2.6244353892        1.7794150178      2.26407513
       112        2.4246098975        4.4028355312     7652.1097577960        2.4246098975        1.9782256337      2.44947694
       113        2.2253834389        4.4017736876     8418.6438468467        2.2253834389        2.1763902487      2.44303681
       114        2.0423720207        4.4007426720     9122.5746778867        2.0423720207        2.3583706513      2.42562159
       115        1.8906664925        4.3998162909     9705.8138007039        1.8906664925        2.5091497984      2.43017614
       116        1.7837155611        4.3990553056    10116.5743878631        1.7837155611        2.6153397446      2.46421777
       117        1.7323669511        4.3985050191    10313.0708543828        1.7323669511        2.6661380681      2.45329090
       118        1.7441082444        4.3982017664    10266.4805227498        1.7441082444        2.6540935220      2.46950741
       119        1.8224878773        4.3981658561     9963.1560014104        1.8224878773        2.5756779788      2.46153964
       120        1.9667270880        4.3984206425     9406.2000103877        1.9667270880        2.4316935545      2.50778773
       121        2.1714153776        4.3989733493     8616.5692127717        2.1714153776        2.2275579717      2.52218726
       122        2.4263481882        4.3998331343     7633.7719803946        2.4263481882        1.9734849462      2.52561498
       123        2.7164973520        4.4009876307     6515.8919582844        2.7164973520        1.6844902787      2.55544648
       124        3.0223635226        4.4023797992     5338.1352643655        3.0223635226        1.3800162766      2.48329929
reaction occured at step 124 between IDs 1 and 3
       125        2.9998598596        4.3180578989     5099.0119164426        2.9998598596        1.3181980394      0.84837557
       126        2.8138204283        4.3172892769     5815.6705946792        2.8138204283        1.5034688487      1.34534132
       127        2.6281917423        4.3166550476     6531.2602939831        2.6281917423        1.6884633053      2.46891856
       128        2.4550115990        4.3161357343     7199.1414492850        2.4550115990        1.8611241352      2.47701890
       129        2.3044090387        4.3157169636     7780.0776291298        2.3044090387        2.0113079249      2.41543602
       130        2.1847097178        4.3154025782     8241.8786564443        2.1847097178        2.1306928604      2.52772898
       131        2.1023733596        4.3152063252     8559.6104106759        2.1023733596        2.2128329657      2.52869908
       132        2.0617973073        4.3151473929     8716.3374512567        2.0617973073        2.2533500856      2.54325121
       133        2.0650646749        4.3152390171     8704.0531409630        2.0650646749        2.2501743422      2.55580694
       134        2.1117575348        4.3154898221     8524.4074548170        2.1117575348        2.2037322873      2.52931681
       135        2.1988885125        4.3158926411     8188.9283378153        2.1988885125        2.1170041287      2.52526299
       136        2.3210236383        4.3164272703     7718.5571467000        2.3210236383        1.9954036319      2.53099501
       137        2.4705980664        4.3170640637     7142.4413042398        2.4705980664        1.8464659973      2.55059027
       138        2.6384057244        4.3177612247     6496.0297711935        2.6384057244        1.6793555003      2.55238671
       139        2.8142444387        4.3184707495     5818.6005856466        2.8142444387        1.5042263108      2.50345664
       140        2.9876537068        4.3191402916     5150.4142474040        2.9876537068        1.3314865849      4.76043173
       141        3.1486963476        4.3197235402     4529.7303071211        3.1486963476        1.1710271926      4.90243325
       142        3.2886953870        4.3201774968     3989.9464365798        3.2886953870        1.0314821099      4.91640029
       143        3.4008835802        4.3204703483     3557.1164186691        3.4008835802        0.9195867681      4.92575595
       144        3.4808905720        4.3205833387     3248.0729721490        3.4808905720        0.8396927667      4.83990472
       145        3.5270307153        4.3205133387     3069.3243592039        3.5270307153        0.7934826234      4.95946169
       146        3.5403630030        4.3202713002     3016.8165802692        3.5403630030        0.7799082972      4.92007149
       147        3.5245296760        4.3198843018     3076.5655791659        3.5245296760        0.7953546257      4.93078258
       148        3.4853804853        4.3193874548     3226.0793515901        3.4853804853        0.8340069695      4.52560556
       149        3.4304374844        4.3188218378     3436.4202260553        3.4304374844        0.8883843534      4.93514729
       150        3.3682509175        4.3182380642     3674.7102005978        3.3682509175        0.9499871467      4.92843554
       151        3.3076763821        4.3176786600     3906.8588307314        3.3076763821        1.0100022779      4.73431139
       152        3.2571774508        4.3171862479     4100.2924650055        3.2571774508        1.0600087971      4.95403781
       153        3.2241680941        4.3167988712     4226.4797750021        3.2241680941        1.0926307771      4.93011177
       154        3.2144500650        4.3165418507     4263.0765489493        3.2144500650        1.1020917857      4.78052722
       155        3.2317979199        4.3164325692     4195.5494064126        3.2317979199        1.0846346493      4.84119786
       156        3.2776925009        4.3164734881     4018.1797227372        3.2776925009        1.0387809872      4.90807700
       157        3.3512445894        4.3166612306     3734.3940825811        3.3512445894        0.9654166412      4.79475874
       158        3.4492782661        4.3169793960     3356.4140358321        3.4492782661        0.8677011299      4.88755635
       159        3.5665898203        4.3174009275     2904.2637511785        3.5665898203        0.7508111072      4.76826139
       160        3.6963535739        4.3178924475     2404.2169906018        3.6963535739        0.6215388736      4.74640295
       161        3.8306409741        4.3184175550     1886.8019253240        3.8306409741        0.4877765809      4.76669340
       162        3.9610124555        4.3189367373     1384.5113734873        3.9610124555        0.3579242818      4.90541950
       163        4.0791449257        4.3194098158      929.3850401318        4.0791449257        0.2402648901      4.95268369
       164        4.1774514359        4.3198025054      550.6378996404        4.1774514359        0.1423510695      4.85416738
       165        4.2496387738        4.3200866565      272.5042689425        4.2496387738        0.0704478826      4.18268543
       166        4.2911672070        4.3202380348      112.4508554343        4.2911672070        0.0290708278      4.78210432
       167        4.2995951791        4.3202471498       79.8852991932        4.2995951791        0.0206519707      4.86263490
       168        4.2747548573        4.3201125200      175.4510744480        4.2747548573        0.0453576626      4.75574627
       169        4.2187738173        4.3198443487      390.9578295743        4.2187738173        0.1010705315      4.87080465
       170        4.1359217789        4.3194585561      709.9511501225        4.1359217789        0.1835367772      4.82797583
       171        4.0323175953        4.3189856823     1108.8804171106        4.0323175953        0.2866680870      4.87309710
       172        3.9154821827        4.3184587097     1558.7810422338        3.9154821827        0.4029765271      4.85026923
       173        3.7938037308        4.3179150850     2027.3509445703        3.7938037308        0.5241113541      4.87933036
       174        3.6759342200        4.3173936882     2481.2732037237        3.6759342200        0.6414594682      4.81834684
       175        3.5701662233        4.3169329159     2888.6192743912        3.5701662233        0.7467666925      4.89911945
       176        3.4838326397        4.3165682046     3221.1613441264        3.4838326397        0.8327355648      4.71000605
       177        3.4227652272        4.3163221790     3456.4287075716        3.4227652272        0.8935569518      4.80397515
       178        3.3908806186        4.3162180572     3579.3609802285        3.3908806186        0.9253374386      4.88097334
       179        3.3898705904        4.3162623243     3583.4391720131        3.3898705904        0.9263917339      4.87506377
       180        3.4190743411        4.3164531057     3471.2121228532        3.4190743411        0.8973787647      4.89978185
       181        3.4755077893        4.3167787784     3254.1778017670        3.4755077893        0.8412709890      4.91906971
       182        3.5540589789        4.3172169528     2952.0235102207        3.5540589789        0.7631579739      4.96898211
       183        3.6478421207        4.3177387883     2591.2730778251        3.6478421207        0.6698966675      4.95674826
       184        3.7486737314        4.3183050482     2203.4298229163        3.7486737314        0.5696313168      4.87047733
       185        3.8476629890        4.3188780046     1822.7390025444        3.8476629890        0.4712150155      4.85091849
       186        3.9358415581        4.3194135117     1483.7208852355        3.9358415581        0.3835719535      4.92241056
       187        4.0048292219        4.3198734466     1218.6440947405        4.0048292219        0.3150442248      4.90044443
       188        4.0474529240        4.3202221856     1055.1174209028        4.0474529240        0.2727692616      4.61288016
       189        4.0582976068        4.3204309733     1013.9759881799        4.0582976068        0.2621333665      4.71092448
       190        4.0341403074        4.3204834211     1107.6233657025        4.0341403074        0.2863431137      4.90475557
       191        3.9742213622        4.3203708216     1338.9643783511        3.9742213622        0.3461494594      4.90575153
       192        3.8803486464        4.3200978532     1701.0239575319        3.8803486464        0.4397492068      4.69779447
       193        3.7568077350        4.3196832077     2177.2970806282        3.7568077350        0.5628754727      4.76418676
       194        3.6100819153        4.3191559664     2742.8177925551        3.6100819153        0.7090740511      4.53778945
       195        3.4484038762        4.3185512847     3365.8766532375        3.4484038762        0.8701474085      4.74360712
       196        3.2811783722        4.3179124244     4010.2618334807        3.2811783722        1.0367340522      4.74982457
       197        3.1183067138        4.3172865490     4637.8558337258        3.1183067138        1.1989798351      4.81386644
       198        2.9694656341        4.3167161263     5211.3916946245        2.9694656341        1.3472504922      4.89382668
       199        2.8434114668        4.3162430979     5697.1606799418        2.8434114668        1.4728316312      4.92709539
       200        2.7473376994        4.3159015048     6067.4688452818        2.7473376994        1.5685638054      4.99638585
       201        2.6863481786        4.3157139740     6302.6611777701        2.6863481786        1.6293657954      4.81290744
       202        2.6630870775        4.3156949240     6392.5653437369        2.6630870775        1.6526078465      5.01887495
       203        2.6775344916        4.3158425133     6337.2512144967        2.6775344916        1.6383080218      4.97512171
       204        2.7270090517        4.3161468183     6147.0523901592        2.7270090517        1.5891377665      1.01395598
       205        2.8063473660        4.3165840648     5841.8497782162        2.8063473660        1.5102366988      2.29562819
       206        2.9082719583        4.3171224218     5449.6707533756        2.9082719583        1.4088504636      2.18892734
       207        3.0239036972        4.3177219720     5004.7068829601        3.0239036972        1.2938182747      2.02995667
       208        3.1433920794        4.3183400930     4544.8967026885        3.1433920794        1.1749480136      2.34176327
       209        3.2566045487        4.3189298466     4109.2530798818        3.2566045487        1.0623252979      2.61869325
       210        3.3538425702        4.3194507020     3735.1348002573        3.3538425702        0.9656081318      2.73624181
       211        3.4265062214        4.3198663970     3455.6675438796        3.4265062214        0.8933601756      2.78075403
       212        3.4676769657        4.3201495244     3297.5073590228        3.4676769657        0.8524725587      2.72073175
       213        3.4725662051        4.3202824594     3279.1091730792        3.4725662051        0.8477162544      2.74058735
       214        3.4388038416        4.3202587641     3409.6160205837        3.4388038416        0.8814549224      2.74338821
       215        3.3665518631        4.3200848139     3688.4259673290        3.3665518631        0.9535329507      2.66834449
       216        3.2584378379        4.3197754664     4105.4326082964        3.2584378379        1.0613376285      2.75234774
       217        3.1193298253        4.3193509096     4641.8835610376        3.1193298253        1.2000210843      2.68375817
       218        2.9559856765        4.3188452303     5271.7701722018        2.9559856765        1.3628595537      2.74380364
       219        2.7765691941        4.3182945176     5963.6530794071        2.7765691941        1.5417253235      2.74380364
       220        2.5900866671        4.3177336657     6682.8294157188        2.5900866671        1.7276469986      2.67277255
       221        2.4057766149        4.3172079681     7393.7382370642        2.4057766149        1.9114313532      2.67919463
       222        2.2324438618        4.3167551020     8062.4667416124        2.2324438618        2.0843112402      2.76020920
       223        2.0778423298        4.3164123304     8659.1655941216        2.0778423298        2.2385700006      2.64584285
       224        1.9481214673        4.3162027588     9160.1370687481        1.9481214673        2.3680812915      2.75224323
       225        1.8474379543        4.3161409367     9549.3587075168        1.8474379543        2.4687029824      2.72216237
       226        1.7777458281        4.3162245310     9819.2629401930        1.7777458281        2.5384787029      2.67899657
       227        1.7388088636        4.3164359277     9970.6953915429        1.7388088636        2.5776270641      2.75328875
       228        1.7284230635        4.3167512167    10012.0890052081        1.7284230635        2.5883281531      2.74421919
       229        1.7427923497        4.3171336364     9957.9854513873        1.7427923497        2.5743412867      2.72502813
       230        1.7770409482        4.3175448272     9827.0966623807        1.7770409482        2.5405038790      2.74494672
       231        1.8257762635        4.3179448698     9640.1276908339        1.8257762635        2.4921686063      2.75789852
       232        1.8836621618        4.3182991883     9417.5858553680        1.8836621618        2.4346370264      2.73675842
       233        1.9459325019        4.3185769608     9177.7881685227        1.9459325019        2.3726444589      2.75611565
       234        2.0088166521        4.3187603662     8935.2511326836        2.0088166521        2.3099437140      2.76136599
       235        2.0698163520        4.3188405633     8699.6042409413        2.0698163520        2.2490242113      2.50926371
       236        2.1278322246        4.3188205489     8475.1116609575        2.1278322246        2.1909883244      2.74048373
       237        2.1831229493        4.3187125265     8260.8199814422        2.1831229493        2.1355895772      2.70822708
       238        2.2371212738        4.3185407679     8051.2809811354        2.2371212738        2.0814194941      2.75779358
       239        2.2921164902        4.3183306279     7837.7373692716        2.2921164902        2.0262141376      2.72892703
       240        2.3508724725        4.3181124624     7609.6154383163        2.3508724725        1.9672399899      2.70146383
       241        2.4161997494        4.3179127901     7356.1461683267        2.4161997494        1.9017130407      2.70994852
       242        2.4905535257        4.3177585890     7067.9367692342        2.4905535257        1.8272050633      2.74629886
       243        2.5756723731        4.3176685646     6738.3345091528        2.5756723731        1.7419961914      2.73428050
       244        2.6723119062        4.3176535894     6364.4586009846        2.6723119062        1.6453416832      2.68485175
       245        2.7800852779        4.3177169213     5947.8180354821        2.7800852779        1.5376316434      3.45246383
       246        2.8974211990        4.3178550965     5494.4774257626        2.8974211990        1.4204338975      4.21356742
       247        3.0216364338        4.3180576430     5014.7754714035        3.0216364338        1.2964212092      4.32082825
       248        3.1491127183        4.3183064802     4522.6382885568        3.1491127183        1.1691937619      3.99545607
       249        3.2755648621        4.3185806740     4034.5607375494        3.2755648621        1.0430158119      4.19527513
       250        3.3963680475        4.3188593239     3568.3515456824        3.3963680475        0.9224912764      4.65704383
       251        3.5069110995        4.3191176964     3141.7518404487        3.5069110995        0.8122065969      4.41183182
       252        3.6029639522        4.3193345608     2771.0421049294        3.6029639522        0.7163706086      4.57647112
       253        3.6810120302        4.3194923252     2469.7492603933        3.6810120302        0.6384802950      4.23622498
       254        3.7385373812        4.3195757829     2247.5543476748        3.7385373812        0.5810384018      3.55892822
       255        3.7742334428        4.3195777996     2109.4837733608        3.7742334428        0.5453443568      4.13708392
       256        3.7881248057        4.3194988329     2055.4441866145        3.7881248057        0.5313740272      4.66183657
       257        3.7815834491        4.3193403513     2080.1342215992        3.7815834491        0.5377569022      4.65375453
       258        3.7572629851        4.3191151308     2173.3386794936        3.7572629851        0.5618521457      4.51264387
       259        3.7189184079        4.3188360541     2320.5824429997        3.7189184079        0.5999176461      4.25263000
       260        3.6711668748        4.3185263618     2504.0954696163        3.6711668748        0.6473594870      4.94761234
       261        3.6191605186        4.3182040736     2704.0181449246        3.6191605186        0.6990435550      4.90807700
       262        3.5682488859        4.3178955274     2899.7594021951        3.5682488859        0.7496466416      4.98607410
       263        3.5235985368        4.3176201956     3071.4094386303        3.5235985368        0.7940216588      4.85904888
       264        3.4898480815        4.3173987588     3201.1053265219        3.4898480815        0.8275506773      4.60175067
       265        3.4707870138        4.3172475447     3274.2518235418        3.4707870138        0.8464605310      4.29904343
       266        3.4690986120        4.3171770228     3280.5100548632        3.4690986120        0.8480784107      4.87015006
       267        3.4861843909        4.3171937223     3214.4839825758        3.4861843909        0.8310093314      4.97102696
       268        3.5220707175        4.3172936944     3076.0563391492        3.5220707175        0.7952229769      4.94862578
       269        3.5754285371        4.3174725501     2870.3511551552        3.5754285371        0.7420440130      4.90243325
       270        3.6436706196        4.3177175023     2607.3268085335        3.6436706196        0.6740468827      4.07177377
       271        3.7231484421        4.3180114370     2301.0302011145        3.7231484421        0.5948629949      4.94356273
       272        3.8094182373        4.3183328135     1968.5672491752        3.8094182373        0.5089145761      4.93078258
       273        3.8975659984        4.3186606704     1628.8650766748        3.8975659984        0.4210946720      5.01922252
       274        3.9825550098        4.3189716236     1301.3160931716        3.9825550098        0.3364166138      5.02165684
       275        4.0595865047        4.3192448557     1004.4022113823        4.0595865047        0.2596583510      4.89283556
       276        4.1244334840        4.3194607105      754.3981422896        4.1244334840        0.1950272265      3.76820074
       277        4.1737381331        4.3196071608      564.2459541449        4.1737381331        0.1458690277      4.96625827
       278        4.2052316240        4.3196732325      442.6794063144        4.2052316240        0.1144416085      4.00472832
       279        4.2178882244        4.3196566518      393.6574082081        4.2178882244        0.1017684273      4.71429512
       280        4.2119780030        4.3195593284      416.1426762889        4.2119780030        0.1075813254      4.53098107
       281        4.1890335587        4.3193888700      504.2362873295        4.1890335587        0.1303553112      4.98093417
       282        4.1517275745        4.3191591502      647.6535195238        4.1517275745        0.1674315757      4.49055596
       283        4.1036680772        4.3188869051      832.5026551667        4.1036680772        0.2152188278      4.23053777
       284        4.0491331153        4.3185909262     1042.3081718909        4.0491331153        0.2694578109      3.28935160
       285        3.9927633000        4.3182930771     1259.2039760759        3.9927633000        0.3255297771      3.21322810
       286        3.9392274447        4.3180144197     1465.2117826267        3.9392274447        0.3787869750      4.50283133
       287        3.8928911359        4.3177731349     1643.5150951254        3.8928911359        0.4248819990      5.03316480
       288        3.8575133730        4.3175865554     1779.6405164808        3.8575133730        0.4600731824      5.03736260
       289        3.8359823068        4.3174673495     1862.4651967031        3.8359823068        0.4814850428      4.92207627
       290        3.8301175304        4.3174235451     1884.9816960240        3.8301175304        0.4873060147      5.03771274
       291        3.8405460350        4.3174561383     1844.7685607727        3.8405460350        0.4769101033      5.01957013
       292        3.8666684949        4.3175628966     1744.1354475074        3.8666684949        0.4508944017      4.94423720
       293        3.9067055822        4.3177358455     1589.9342496659        3.9067055822        0.4110302633      4.94255136
       294        3.9578302326        4.3179621606     1393.0509206369        3.9578302326        0.3601319280      5.04507679
       295        4.0163728645        4.3182250135     1167.6149246961        4.0163728645        0.3018521489      4.93145357
       296        4.0780857958        4.3185052451      929.9829012222        4.0780857958        0.2404194493      4.83183821
       297        4.1384479491        4.3187836520      697.5688555640        4.1384479491        0.1803357028      5.01332041
       298        4.1929833609        4.3190388501      487.6038522035        4.1929833609        0.1260554893      5.04718476
       299        4.2375841470        4.3192540814      315.9130543601        4.2375841470        0.0816699344      4.99673031
       300        4.2687957048        4.3194131142      195.7966604632        4.2687957048        0.0506174094      5.02688120
       301        4.2840640644        4.3195056296      137.0939402354        4.2840640644        0.0354415652      4.80302009
       302        4.2819104286        4.3195242727      145.4966806465        4.2819104286        0.0376138441      4.97443879
       303        4.2620358904        4.3194689662      222.1608052135        4.2620358904        0.0574330758      4.94997768
       304        4.2253344699        4.3193438096      363.6439510805        4.2253344699        0.0940093397      4.84929567
       305        4.1738251664        4.3191585214      562.1738822135        4.1738251664        0.1453333551      5.03246585
       306        4.1104999649        4.3189265879      806.2292633529        4.1104999649        0.2084266230      5.01262695
       307        4.0391048297        4.3186666660     1081.3922431282        4.0391048297        0.2795618363      5.03876343
       308        3.9638582287        4.3183963111     1371.4129840763        3.9638582287        0.3545380824      5.03596256
       309        3.8891460125        4.3181374228     1659.4109897152        3.8891460125        0.4289914103      4.52475797
       310        3.8191902729        4.3179090090     1929.1280237112        3.8191902729        0.4987187361      5.00950879
       311        3.7577384358        4.3177303806     2166.1431093053        3.7577384358        0.5599919448      4.97888117
       312        3.7077754280        4.3176149565     2358.9619544255        3.7077754280        0.6098395286      4.95878305
       313        3.6712972690        4.3175724063     2499.9010225516        3.6712972690        0.6462751373      5.04086612
       314        3.6491526090        4.3176084549     2585.6997373175        3.6491526090        0.6684558459      4.76512644
       315        3.6409640854        4.3177217103     2617.8124161854        3.6409640854        0.6767576250      4.86426665
       316        3.6451438151        4.3179048398     2602.3528935933        3.6451438151        0.6727610247      4.82444073
       317        3.6590004659        4.3181466746     2549.6884933020        3.6590004659        0.6591462087      5.02722988
       318        3.6789263495        4.3184291655     2473.7045435611        3.6789263495        0.6395028160      5.04542799
       319        3.7006656499        4.3187319363     2390.7844384089        3.7006656499        0.6180662863      5.00086753
       320        3.7196341952        4.3190321616     2318.5722342371        3.7196341952        0.5993979664      4.98401686
       321        3.7312747939        4.3193059035     2274.6033186856        3.7312747939        0.5880311096      4.95742634
       322        3.7314209542        4.3195294216     2274.9025518248        3.7314209542        0.5881084674      5.04226890
       323        3.7166458028        4.3196849268     2332.6568450845        3.7166458028        0.6030391241      5.03071931
       324        3.6845529061        4.3197551801     2457.0693232482        3.6845529061        0.6352022740      5.03351435
       325        3.6340093125        4.3197326738     2652.4933936609        3.6340093125        0.6857233614      4.95810461
       326        3.5652708928        4.3196142487     2917.9270834413        3.5652708928        0.7543433558      4.96864147
       327        3.4800111429        4.3194061786     3246.9212985310        3.4800111429        0.8393950357      4.98573111
       328        3.3812286823        4.3191201539     3627.9220933042        3.3812286823        0.9378914717      5.03771274
       329        3.2730541392        4.3187764180     4045.0298070258        3.2730541392        1.0457222788      5.00985506
       330        3.1604525127        4.3183961898     4479.1210664769        3.1604525127        1.1579436771      5.01470789
       331        3.0488683450        4.3180082994     4909.2469853662        3.0488683450        1.2691399543      5.00501161
       332        2.9438109313        4.3176385706     5314.1965733331        2.9438109313        1.3738276393      4.97717162
       333        2.8504426251        4.3173126595     5674.1002203434        2.8504426251        1.4668700345      4.99914286
       334        2.7731854280        4.3170543130     5971.9447360508        2.7731854280        1.5438688850      4.91240159
       335        2.7153781576        4.3168803239     6194.8799696659        2.7153781576        1.6015021663      4.99397596
       336        2.6790194243        4.3168008310     6335.2141789179        2.6790194243        1.6377814067      4.93817355
       337        2.6646110331        4.3168195214     6391.0205590249        2.6646110331        1.6522084883      4.98504527
       338        2.6711133614        4.3169331897     6366.3081462690        2.6711133614        1.6458198282      1.32072768
       339        2.6960153785        4.3171300111     6270.7442909806        2.6960153785        1.6211146326      2.50276505
       340        2.7355196835        4.3173925801     6118.9506505272        2.7355196835        1.5818728967      2.63248486
       341        2.7848212164        4.3176987884     5929.4284871901        2.7848212164        1.5328775720      2.58497657
       342        2.8384595601        4.3180227932     5723.1996497323        2.8384595601        1.4795632332      2.54816908
       343        2.8907204825        4.3183405601     5522.2747799241        2.8907204825        1.4276200776      2.57808036
       344        2.9360388448        4.3186255916     5348.0782757226        2.9360388448        1.3825867468      2.72318516
       345        2.9693919423        4.3188590449     5219.9659168278        2.9693919423        1.3494671026      2.72944088
       346        2.9866221612        4.3190264584     5153.9641132054        2.9866221612        1.3324042972      2.58037500
       347        2.9846773231        4.3191164824     5161.8353026365        2.9846773231        1.3344391594      2.69203184
       348        2.9617637912        4.3191318824     5250.5282710355        2.9617637912        1.3573680913      2.74006930
       349        2.9173758401        4.3190760467     5422.0123557027        2.9173758401        1.4017002066      2.76748150
       350        2.8522611921        4.3189577644     5673.4292394880        2.8522611921        1.4666965723      2.30182530
       351        2.7683188277        4.3187812838     5997.4497788799        2.7683188277        1.5504624561      2.65953226
       352        2.6684930397        4.3185566045     6382.7236338806        2.6684930397        1.6500635648      2.70428615
       353        2.5566396901        4.3182923632     6814.3690893278        2.5566396901        1.7616526731      2.74359591
       354        2.4373804587        4.3179990493     7274.5492844096        2.4373804587        1.8806185906      2.74235019
       355        2.3159048026        4.3176947409     7743.2604547901        2.3159048026        2.0017899383      2.75758373
       356        2.1976781123        4.3174028916     8199.4522723230        2.1976781123        2.1197247793      2.73294016
       357        2.0880634528        4.3171511675     8622.4865164950        2.0880634528        2.2290877148      2.59962601
       358        1.9918933057        4.3169655379     8993.7707874250        1.9918933057        2.3250722322      2.76031432
       359        1.9130706850        4.3168641102     9298.2776137353        1.9130706850        2.4037934252      2.78054067
       360        1.8542800264        4.3168540480     9525.6508557472        1.8542800264        2.4625740217      2.78288946
       361        1.8168584264        4.3169332741     9670.7103632689        1.8168584264        2.5000748476      2.76917331
       362        1.8008232880        4.3170857122     9733.3266344628        1.8008232880        2.5162624242      2.75716412
       363        1.8050540259        4.3172958816     9717.7743989311        1.8050540259        2.5122418558      2.75370719
       364        1.8275385366        4.3175399823     9631.7447491192        1.8275385366        2.4900014457      2.77362417
       365        1.8656793320        4.3177964941     9485.2019625890        1.8656793320        2.4521171621      2.72154906
       366        1.9165905581        4.3180474536     9289.2395235199        1.9165905581        2.4014568955      2.74859013
       367        1.9773639116        4.3182767432     9055.0448928609        1.9773639116        2.3409128317      2.74629886
       368        2.0452932683        4.3184733202     8793.0430989724        2.0452932683        2.2731800519      2.76579176
       369        2.1180382826        4.3186298438     8512.2585975043        2.1180382826        2.2005915612      2.76885594
       370        2.1937298879        4.3187438245     8219.9116230407        2.1937298879        2.1250139366      2.74640292
       371        2.2710124817        4.3188156095     7921.2472173497        2.2710124817        2.0478031278      2.75779358
       372        2.3490353764        4.3188511891     7619.5791543632        2.3490353764        1.9698158127      2.72093603
       373        2.4273871134        4.3188551702     7316.5168460651        2.4273871134        1.8914680568      2.61954507
       374        2.5060082080        4.3188384070     7012.3323743744        2.5060082080        1.8128301990      2.55761074
       375        2.5850652651        4.3188101150     6706.4169311658        2.5850652651        1.7337448499      2.75192972
       376        2.6648243772        4.3187784740     6397.7728666385        2.6648243772        1.6539540968      4.92676046
       377        2.7455301120        4.3187527043     6085.4898170478        2.7455301120        1.5732225923      5.04191813
       378        2.8272931077        4.3187378006     5769.1591358745        2.8272931077        1.4914446929      5.03841315
       379        2.9100126085        4.3187389981     5449.1908141666        2.9100126085        1.4087263895      4.99638585
       380        2.9933220000        4.3187578326     5127.0089190964        2.9933220000        1.3254358326      4.93884655
       381        3.0765738355        4.3187933336     4805.1141291520        3.0765738355        1.2422194982      5.05246240
       382        3.1588591781        4.3188435454     4487.0147999318        3.1588591781        1.1599843673      5.04929449
       383        3.2390544207        4.3189037598     4177.0390210880        3.2390544207        1.0798493391      5.04964628
       384        3.3158976645        4.3189691882     3880.0495067832        3.3158976645        1.0030715237      5.01852743
       385        3.3880778561        4.3190327016     3601.0900556642        3.3880778561        0.9309548455      4.98333149
       386        3.4543388377        4.3190883285     3344.9965989024        3.4543388377        0.8647494908      5.04507679
       387        3.5135787607        4.3191298848     3116.0073513751        3.5135787607        0.8055511241      4.36927738
       388        3.5649452098        4.3191536788     2917.4053186884        3.5649452098        0.7542084690      4.54148588
       389        3.6079084413        4.3191554022     2751.2229732264        3.6079084413        0.7112469609      5.00881639
       390        3.6423192877        4.3191340245     2618.0333343259        3.6423192877        0.6768147368      4.99019369
       391        3.6684327919        4.3190881540     2516.8444695932        3.6684327919        0.6506553622      4.97512171
       392        3.6869115329        4.3190211725     2445.1064926256        3.6869115329        0.6321096396      4.93817355
       393        3.6987884029        4.3189349557     2398.8312593123        3.6987884029        0.6201465528      4.87933036
       394        3.7054146261        4.3188358721     2372.8166405126        3.7054146261        0.6134212460      5.04297058
       395        3.7083738265        4.3187297787     2360.9595680890        3.7083738265        0.6103559522      5.03421359
       396        3.7093853137        4.3186233849     2356.6354161050        3.7093853137        0.6092380712      4.56580403
       397        3.7101944230        4.3185228348     2353.1167004319        3.7101944230        0.6083284118      4.98881974
       398        3.7124629832        4.3184348393     2344.0011464546        3.7124629832        0.6059718561      5.03561267
       399        3.7176627622        4.3183653166     2323.6186005865        3.7176627622        0.6007025545      5.05775109
       400        3.7269835525        4.3183197169     2287.3878268947        3.7269835525        0.5913361644      4.19212060
       401        3.7412559200        4.3182985295     2232.0979506450        3.7412559200        0.5770426095      4.68201377
       402        3.7609099184        4.3183041901     2156.0948723997        3.7609099184        0.5573942717      4.82829746
       403        3.7859500134        4.3183362974     2059.3597662342        3.7859500134        0.5323862840      4.54804048
       404        3.8159649194        4.3183925348     1943.4745931146        3.8159649194        0.5024276154      4.95065390
       405        3.8501631616        4.3184669284     1811.4778024695        3.8501631616        0.4683037668      3.99964534
       406        3.8874420497        4.3185559930     1667.6213048727        3.8874420497        0.4311139433      3.64465318
       407        3.9264653192        4.3186526848     1517.0467495347        3.9264653192        0.3921873656      4.04880024
       408        3.9657655667        4.3187504336     1365.4048851819        3.9657655667        0.3529848669      4.54091680
       409        4.0038484593        4.3188413994     1218.4457168325        4.0038484593        0.3149929401      4.25912753
       410        4.0393032598        4.3189211291     1081.6089881945        4.0393032598        0.2796178693      3.82104456
       411        4.0708952677        4.3189827375      959.6440953519        4.0708952677        0.2480874698      3.33429512
       412        4.0976558627        4.3190231881      856.2860787459        4.0976558627        0.2213673254      4.73895470
       413        4.1189425839        4.3190398411      774.0098742085        4.1189425839        0.2000972571      4.25337870
       414        4.1344792910        4.3190314849      713.8789527998        4.1344792910        0.1845521939      2.65573167
       415        4.1443704740        4.3190002869      675.4975127758        4.1443704740        0.1746298129      2.93324591
       416        4.1490824951        4.3189478251      657.0676910489        4.1490824951        0.1698653300      3.34815786
       417        4.1494074718        4.3188793728      655.5458412086        4.1494074718        0.1694719010      3.60011788
       418        4.1463955300        4.3187988259      666.8849700806        4.1463955300        0.1724032959      3.36322845
       419        4.1412794785        4.3187134907      686.3446275185        4.1412794785        0.1774340121      3.16606557
       420        4.1353771898        4.3186280472      708.8451644665        4.1353771898        0.1832508575      3.18386809
       421        4.1300000729        4.3185494132      729.3405880962        4.1300000729        0.1885493403      3.31826633
       422        4.1263550231        4.3184830214      743.1834392747        4.1263550231        0.1921279982      3.99281474
       423        4.1254594609        4.3184335043      746.4560844867        4.1254594609        0.1929740434      4.51742540
       424        4.1280694003        4.3184038118      736.2455438175        4.1280694003        0.1903344115      4.64242718
       425        4.1346287902        4.3183961882      710.8432301898        4.1346287902        0.1837673980      5.02130893
       426        4.1452389796        4.3184104527      669.8564088228        4.1452389796        0.1731714731      5.04156741
       427        4.1596554550        4.3184449368      614.2244453599        4.1596554550        0.1587894817      5.05951645
       428        4.1773098091        4.3184979837      546.1396264698        4.1773098091        0.1411881746      4.78241987
       429        4.1973500215        4.3185647461      468.8789596232        4.1973500215        0.1212147246      4.98813304
       430        4.2187070075        4.3186404808      386.5594968278        4.2187070075        0.0999334732      4.98504527
       431        4.2401722529        4.3187197712      303.8350232222        4.2401722529        0.0785475183      4.77140047
       432        4.2604852249        4.3187960023      225.5559027355        4.2604852249        0.0583107774      5.05669247
       433        4.2784279625        4.3188647648      156.4163582776        4.2784279625        0.0404368023      5.07617125
       434        4.2929093817        4.3189202059      100.6142464044        4.2929093817        0.0260108242      5.04577925
       435        4.3030473048        4.3189585604       61.5474151517        4.3030473048        0.0159112556      4.99914286
       436        4.3082310444        4.3189772411       41.5680978806        4.3082310444        0.0107461967      5.03386395
       437        4.3081652122        4.3189746341       41.8126636079        4.3081652122        0.0108094219      5.04613055
       438        4.3028918477        4.3189507989       62.1187263274        4.3028918477        0.0160589511      5.00432045
       439        4.2927877994        4.3189075122      101.0354459649        4.2927877994        0.0261197128      5.04999813
       440        4.2785382673        4.3188483769      155.9262895816        4.2785382673        0.0403101096      5.02897399
       441        4.2610861210        4.3187767368      223.1570132274        4.2610861210        0.0576906158      5.06163651
       442        4.2415672456        4.3186982261      298.3556164025        4.2415672456        0.0771309805      5.09687575
       443        4.2212274153        4.3186187130      376.7259341138        4.2212274153        0.0973912977      5.04859105
       444        4.2013327841        4.3185440020      453.3927217644        4.2013327841        0.1172112179      5.00224813
       445        4.1830776513        4.3184786417      523.7538236044        4.1830776513        0.1354009904      4.93783711
       446        4.1675004413        4.3184283197      583.8144404010        4.1675004413        0.1509278784      4.87933036
       447        4.1554052306        4.3183970179      630.4796707828        4.1554052306        0.1629917873      4.99397596
       448        4.1473020053        4.3183866894      661.7843575833        4.1473020053        0.1710846840      4.83635214
       449        4.1433683971        4.3183978918      677.0435492117        4.1433683971        0.1750294947      4.88788597
       450        4.1434358924        4.3184314643      676.9123299385        4.1434358924        0.1749955718      5.00743216
       451        4.1469940770        4.3184835440      663.3501265443        4.1469940770        0.1714894671      4.72105088
       452        4.1532305205        4.3185519644      639.4911745087        4.1532305205        0.1653214439      5.05387164
       453        4.1610819842        4.3186318591      609.4294374159        4.1610819842        0.1575498749      4.95539267
       454        4.1693099155        4.3187171605      577.9323742268        4.1693099155        0.1494072450      4.91573339
       455        4.1765891640        4.3188019571      550.1030231357        4.1765891640        0.1422127931      5.05775109
       456        4.1816025977        4.3188804314      531.0137698583        4.1816025977        0.1372778338      5.05457655
       457        4.1831357125        4.3189460993      525.3374381595        4.1831357125        0.1358103869      5.02653257
       458        4.1801692766        4.3189951645      537.0019039921        4.1801692766        0.1388258880      4.99259993
       459        4.1719532716        4.3190237030      568.8931858999        4.1719532716        0.1470704314      5.06269720
       460        4.1580654786        4.3190276967      622.6289553452        4.1580654786        0.1609622181      5.02583546
       461        4.1384521970        4.3190078672      698.4197263657        4.1384521970        0.1805556702      5.05035002
       462        4.1134339271        4.3189650763      795.0290834463        4.1134339271        0.2055311492      5.04016503
       463        4.0836904530        4.3189018901      909.8374330074        4.0836904530        0.2352114370      4.97990746
       464        4.0502174718        4.3188216948     1039.0063505518        4.0502174718        0.2686042231      4.83538416
       465        4.0142626711        4.3187306257     1177.7333015825        4.0142626711        0.3044679547      4.85059384
       466        3.9772374774        4.3186341513     1320.5798040721        3.9772374774        0.3413966739      5.01644332
       467        3.9406222416        4.3185402746     1461.8505689562        3.9406222416        0.3779180330      5.07830529
       468        3.9058567160        4.3184543552     1595.9971237849        3.9058567160        0.4125976393      5.04929449
       469        3.8742399957        4.3183823290     1718.0173104221        3.8742399957        0.4441423333      5.02548697
       470        3.8468359139        4.3183309129     1823.8220258006        3.8468359139        0.4714949990      5.06269720
       471        3.8243879880        4.3183020591     1910.5427705510        3.8243879880        0.4939140711      5.07723805
       472        3.8072670855        4.3182990118     1976.7575161497        3.8072670855        0.5110319263      5.05070196
       473        3.7954339721        4.3183218187     2022.6182114862        3.7954339721        0.5228878466      4.96353740
       474        3.7884366027        4.3183696709     2049.8703147473        3.7884366027        0.5299330682      4.66934500
       475        3.7854318335        4.3184392294     2061.7623315536        3.7854318335        0.5330073959      4.30108439
       476        3.7852370159        4.3185259526     2062.8513790411        3.7852370159        0.5332889367      4.35405341
       477        3.7864043111        4.3186247535     2058.7182629335        3.7864043111        0.5322204424      3.80779516
       478        3.7873108737        4.3187283009     2055.6120652243        3.7873108737        0.5314174272      4.19819121
       479        3.7862662565        4.3188308328     2060.0494307634        3.7862662565        0.5325645763      4.26439004
       480        3.7816174775        4.3189252814     2078.3970335593        3.7816174775        0.5373078039      3.97180914
       481        3.7718562456        4.3190059071     2116.4669956899        3.7718562456        0.5471496615      3.94435772
       482        3.7557121271        4.3190676967     2179.1541761940        3.7557121271        0.5633555696      4.16035665
       483        3.7322315658        4.3191091386     2270.1412444649        3.7322315658        0.5868775729      3.48014852
       484        3.7008251366        4.3191262372     2391.6927394658        3.7008251366        0.6183011006      4.31979814
       485        3.6613034668        4.3191219645     2544.5526839059        3.6613034668        0.6578184978      4.68413191
       486        3.6138640016        4.3190951806     2727.9529160422        3.6138640016        0.7052311790      4.77077232
       487        3.5590727749        4.3190528714     2939.7309453832        3.5590727749        0.7599800965      5.01436095
       488        3.4977944780        4.3189966009     3176.5480495754        3.4977944780        0.8212021230      4.99604144
       489        3.4311265949        4.3189344946     3434.1904059382        3.4311265949        0.8878078997      5.06305086
       490        3.3602974164        4.3188723865     3707.9293467969        3.3602974164        0.9585749700      5.00155773
       491        3.2865683373        4.3188170757     3992.9118849135        3.2865683373        1.0322487384      4.97614646
       492        3.2111309464        4.3187738321     4284.5491379905        3.2111309464        1.1076428857      4.79063872
       493        3.1350156333        4.3187463364     4578.8696239275        3.1350156333        1.1837307030      4.98401686
       494        3.0590179594        4.3187371198     4872.8057685752        3.0590179594        1.2597191604      4.75169299
       495        2.9836490650        4.3187476496     5164.3860704696        2.9836490650        1.3350985846      5.07866114
       496        2.9091139470        4.3187764756     5452.8119576461        2.9091139470        1.4096625286      4.85904888
       497        2.8353253112        4.3188199329     5738.4069223437        2.8353253112        1.4834946217      5.05281463
       498        2.7619499598        4.3188718121     6022.4358109349        2.7619499598        1.5569218523      5.08008503
       499        2.6884872943        4.3189240074     6306.8036674647        2.6884872943        1.6304367131      4.98641714
       500        2.6143744284        4.3189680570     6593.6551000084        2.6143744284        1.7045936286      4.45659307
       501        2.5391068829        4.3189947662     6884.9059520040        2.5391068829        1.7798878833      4.84087451
       502        2.4623671736        4.3189947102     7181.7478487414        2.4623671736        1.8566275366      5.01262695
       503        2.3841498710        4.3189601491     7484.1718542053        2.3841498710        1.9348102782      1.35553178
       504        2.3048669489        4.3188845211     7790.5590008186        2.3048669489        2.0140175722      2.76062974
       505        2.2254283440        4.3187659731     8097.3823334980        2.2254283440        2.0933376291      2.77723773
       506        2.1472763214        4.3186032328     8399.0580057969        2.1472763214        2.1713269114      2.76949076
       507        2.0723838616        4.3184008691     8687.9718705425        2.0723838616        2.2460170075      2.73841286
       508        2.0031958589        4.3181663519     8954.6955598088        2.0031958589        2.3149704930      2.77532350
       509        1.9425224634        4.3179088916     9188.3945675386        1.9425224634        2.3753864282      2.77001999
       510        1.8933888733        4.3176423871     9377.4206805257        1.8933888733        2.4242535138      2.78160781
       511        1.8588358805        4.3173832412     9510.0750530916        1.8588358805        2.4585473606      2.78502817
       512        1.8416822298        4.3171492754     9575.5232425768        1.8416822298        2.4754670456      2.77319966
       513        1.8442599186        4.3169636379     9564.8342312564        1.8442599186        2.4727037193      2.78182134
       514        1.8681171304        4.3168459191     9472.0951640373        1.8681171304        2.4487287887      2.64217758
       515        1.9137344375        4.3168130339     9295.5125355310        1.9137344375        2.4030785964      2.77160891
       516        1.9802861783        4.3168827442     9038.3488501027        1.9802861783        2.3365965658      2.68953440
       517        2.0654730239        4.3170502628     8709.4797818920        2.0654730239        2.2515772390      2.75674463
       518        2.1655561774        4.3173055038     8323.3286115931        2.1655561774        2.1517493264      2.76010408
       519        2.2755683823        4.3176199663     7898.9992778481        2.2755683823        2.0420515840      2.75747881
       520        2.3897522487        4.3179555286     7458.6148727101        2.3897522487        1.9282032799      2.66569470
       521        2.5021342151        4.3182729227     7025.1302426932        2.5021342151        1.8161387076      2.74401140
       522        2.6071131450        4.3185435773     6620.1010077350        2.6071131450        1.7114304323      2.74692337
       523        2.6999192888        4.3187509079     6261.9132102816        2.6999192888        1.6188316191      2.74890287
       524        2.7768799039        4.3188930724     5964.7665121019        2.7768799039        1.5420131685      2.75622046
       525        2.8354887449        4.3189750575     5738.3747814964        2.8354887449        1.4834863126      2.78075403
       526        2.8743646138        4.3190011193     5588.0971877971        2.8743646138        1.4446365055      2.78888614
       527        2.8931881191        4.3189708640     5515.1676677209        2.8931881191        1.4257827449      2.76653077
       528        2.8926727208        4.3188846508     5516.8278280652        2.8926727208        1.4262119300      2.78438621
       529        2.8745543464        4.3187425411     5586.3630456413        2.8745543464        1.4441881946      2.75716412
       530        2.8415728565        4.3185446418     5713.1754932188        2.8415728565        1.4769717853      2.68684238
       531        2.7974098625        4.3182997587     5883.0581387273        2.7974098625        1.5208898961      2.65641303
       532        2.7465336467        4.3180219929     6078.7814612913        2.7465336467        1.5714883462      2.73355862
       533        2.6939591703        4.3177298440     6281.0183050407        2.6939591703        1.6237706737      2.75611565
       534        2.6449374662        4.3174481486     6469.5528631450        2.6449374662        1.6725106824      2.76378787
       535        2.6045893429        4.3171996251     6624.6648655978        2.6045893429        1.7126102822      2.65787426
       536        2.5775386582        4.3170064082     6728.5540721275        2.5775386582        1.7394677500      2.74494672
       537        2.5675654738        4.3168863259     6766.6675295669        2.5675654738        1.7493208521      2.73706847
       538        2.5773194046        4.3168521759     6728.8055856910        2.5773194046        1.7395327714      2.74984153
       539        2.6081148646        4.3169099075     6609.9068775506        2.6081148646        1.7087950429      2.67780881
       540        2.6598293155        4.3170589689     6410.4432705236        2.6598293155        1.6572296533      4.99569707
       541        2.7309090771        4.3172903328     6136.3897420220        2.7309090771        1.5863812557      5.03736260
       542        2.8184906961        4.3175903444     5798.7697923266        2.8184906961        1.4990996484      5.04683331
       543        2.9186160020        4.3179375437     5412.8112792041        2.9186160020        1.3993215416      5.01783253
       544        3.0265402554        4.3183090827     4996.7792750663        3.0265402554        1.2917688273      4.93884655
       545        3.1370908081        4.3186782868     4570.5792715226        3.1370908081        1.1815874787      5.04086612
       546        3.2450621810        4.3190183969     4154.2434285433        3.2450621810        1.0739562159      5.04683331
       547        3.3456116492        4.3193085229     3766.4234157827        3.3456116492        0.9736968737      4.59708062
       548        3.4346096815        4.3195279389     3423.0127830471        3.4346096815        0.8849182573      4.97068604
       549        3.5089399873        4.3196624224     3136.0108524269        3.5089399873        0.8107224350      5.05633969
       550        3.5667104602        4.3197073180     2912.7186023112        3.5667104602        0.7529968578      5.07474955
       551        3.6073539537        4.3196616801     2755.3261927386        3.6073539537        0.7123077264      4.86589950
       552        3.6316331412        4.3195340508     2660.9165171695        3.6316331412        0.6879009097      5.00293871
       553        3.6415294945        4.3193366865     2621.8723176940        3.6415294945        0.6778071919      4.99983258
       554        3.6400497185        4.3190895691     2626.6404487619        3.6400497185        0.6790398505      5.06411215
       555        3.6309460539        4.3188114744     2660.7792388770        3.6309460539        0.6878654205      5.08614548
       556        3.6184042818        4.3185278759     2708.1959182914        3.6184042818        0.7001235942      5.03841315
       557        3.6066891119        4.3182587339     2752.4710808017        3.6066891119        0.7115696220      4.80429359
       558        3.5998137189        4.3180260734     2778.1662881695        3.5998137189        0.7182123545      5.04613055
       559        3.6012221384        4.3178449855     2772.0178062972        3.6012221384        0.7166228472      5.05669247
       560        3.6135371370        4.3177289497     2723.9324726085        3.6135371370        0.7041918128      5.05105395
       561        3.6383661379        4.3176849737     2627.7196106948        3.6383661379        0.6793188358      4.98641714
       562        3.6761925105        4.3177141931     2481.5138594754        3.6761925105        0.6415216826      4.96591799
       563        3.7263527526        4.3178127419     2287.8668027271        3.7263527526        0.5914599893      4.96557777
       564        3.7870982358        4.3179718893     2053.5086566560        3.7870982358        0.5308736534      5.05810406
       565        3.8557366124        4.3181787049     1788.8038594998        3.8557366124        0.4624420925      5.02026551
       566        3.9288406871        4.3184165280     1506.9449324963        3.9288406871        0.3895758410      4.99604144
       567        4.0025100538        4.3186664685     1222.9462327170        4.0025100538        0.3161564147      5.07190855
       568        4.0726662546        4.3189099520      952.5120733272        4.0726662546        0.2462436974      5.06057625
       569        4.1353558598        4.3191279619      710.8614267381        4.1353558598        0.1837721022      5.05775109
       570        4.1870470035        4.3193043260      511.5935872710        4.1870470035        0.1322573225      5.04367245
       571        4.2248900694        4.3194246030      365.6754893922        4.2248900694        0.0945345336      5.04507679
       572        4.2469336745        4.3194802335      280.6223023992        4.2469336745        0.0725465590      5.04964628
       573        4.2522705495        4.3194674394      259.9288817786        4.2522705495        0.0671968899      5.07403900
       574        4.2411071343        4.3193849405      302.7917312817        4.2411071343        0.0782778062      5.06481992
       575        4.2147611144        4.3192396626      404.1406119418        4.2147611144        0.1044785482      5.03211644
       576        4.1755678330        4.3190406455      554.9769901556        4.1755678330        0.1434728124      5.05528166
       577        4.1267235485        4.3188028239      742.9949709695        4.1267235485        0.1920792754      4.79063872
       578        4.0720587499        4.3185424596      953.4404814781        4.0720587499        0.2464837098      4.78557762
       579        4.0157711718        4.3182780983     1170.1477145735        4.0157711718        0.3025069265      5.03596256
       580        3.9621289580        4.3180285179     1376.6794083889        3.9621289580        0.3558995599      5.03701252
       581        3.9151688851        4.3178117091     1557.4902226324        3.9151688851        0.4026428240      4.99741937
       582        3.8784098398        4.3176437854     1699.0308403591        3.8784098398        0.4392339456      4.98264630
       583        3.8546005454        4.3175365955     1790.7145707336        3.8546005454        0.4629360501      5.03596256
       584        3.8455234289        4.3174981983     1825.6778584054        3.8455234289        0.4719747694      5.05070196
       585        3.8518647142        4.3175322817     1801.2805397129        3.8518647142        0.4656675675      5.00017752
       586        3.8731602036        4.3176367002     1719.3099105507        3.8731602036        0.4444764967      5.08400485
       587        3.9078241178        4.3178045650     1585.8733842200        3.9078241178        0.4099804472      5.06340458
       588        3.9532557686        4.3180243470     1410.9862651372        3.9532557686        0.3647685784      5.07368380
       589        4.0060198090        4.3182819247     1207.8824286626        4.0060198090        0.3122621157      5.05669247
       590        4.0620825277        4.3185592202      992.0950208575        4.0620825277        0.2564766925      4.95031577
       591        4.1170948197        4.3188363866      780.3703411952        4.1170948197        0.2017415669      4.95099208
       592        4.1666993698        4.3190944451      589.4898049398        4.1666993698        0.1523950753      4.98470242
       593        4.2068377516        4.3193151647      435.0815677430        4.2068377516        0.1124774131      5.05528166
       594        4.2340399382        4.3194820849      330.5046063533        4.2340399382        0.0854421467      5.06588195
       595        4.2456767991        4.3195835323      285.8836851149        4.2456767991        0.0739067332      5.02967197
       596        4.2401519364        4.3196117623      307.3639826173        4.2401519364        0.0794598259      4.97853916
       597        4.2170234695        4.3195628929      396.6397509969        4.2170234695        0.1025394235      4.98093417
       598        4.1770498644        4.3194410234      550.7929724881        4.1770498644        0.1423911590      4.84605330
       599        4.1221420090        4.3192525588      762.4567873771        4.1221420090        0.1971105498      5.00743216
       600        4.0552430438        4.3190101937     1020.2957375721        4.0552430438        0.2637671500      4.94592419
       601        3.9801279200        4.3187306065     1309.7721904171        3.9801279200        0.3386026865      4.84249169
       602        3.9011431850        4.3184330414     1614.1474093718        3.9011431850        0.4172898564      5.03806292
       603        3.8229041680        4.3181380829     1915.6481483745        3.8229041680        0.4952339149      5.04261971
       604        3.7499688920        4.3178647882     2196.7169237904        3.7499688920        0.5678958962      4.99741937
       605        3.6865186930        4.3176331996     2441.2571508476        3.6865186930        0.6311145066      5.02792738
       606        3.6360565121        4.3174601592     2635.7840115396        3.6360565121        0.6814036470      4.98607410
       607        3.6011514123        4.3173555579     2770.3981982649        3.6011514123        0.7162041456      4.53126434
       608        3.5832570482        4.3173284701     2839.5118303256        3.5832570482        0.7340714218      5.04894275
       609        3.5825944981        4.3173798804     2842.2735494569        3.5825944981        0.7347853823      5.01262695
       610        3.5981319023        4.3175063118     2782.6613129444        3.5981319023        0.7193744096      4.99845332
       611        3.6276476298        4.3176990658     2669.2351153010        3.6276476298        0.6900514361      4.98778977
       612        3.6678767049        4.3179431478     2514.5664305396        3.6678767049        0.6500664428      4.73616762
       613        3.7147359032        4.3182216216     2334.3843470010        3.7147359032        0.6034857184      5.01505488
       614        3.7636013880        4.3185148968     2146.4988638877        3.7636013880        0.5549135088      5.09687575
       615        3.8096271653        4.3188030484     1969.5780284559        3.8096271653        0.5091758831      4.99191219
       616        3.8480749251        4.3190643097     1821.8662241611        3.8480749251        0.4709893846      5.06481992
       617        3.8746429674        4.3192811716     1719.9354225758        3.8746429674        0.4446382042      5.04156741
       618        3.8857558042        4.3194389014     1677.5592246038        3.8857558042        0.4336830972      3.71870565
       619        3.8788039487        4.3195270281     1704.7910604679        3.8788039487        0.4407230793      5.06659022
       620        3.8523127877        4.3195400252     1807.3136058329        3.8523127877        0.4672272375      5.00466601
       621        3.8060287187        4.3194777446     1986.1072642424        3.8060287187        0.5134490259      5.05916328
       622        3.7409168746        4.3193464082     2237.4628064509        3.7409168746        0.5784295336      5.04929449
       623        3.6590687738        4.3191585833     2553.3384999599        3.6590687738        0.6600898095      5.05281463
       624        3.5635231646        4.3189289754     2922.0368380976        3.5635231646        0.7554058108      5.03386395
       625        3.4580239166        4.3186772811     3329.1520928339        3.4580239166        0.8606533645      5.06269720
       626        3.3467188233        4.3184239377     3758.7189557169        3.3467188233        0.9717051145      5.01054774
       627        3.2338338544        4.3181910184     4194.4760465565        3.2338338544        1.0843571640      4.98435961
       628        3.1233364615        4.3179967748     4621.1471961328        3.1233364615        1.1946603133      5.02270084
       629        3.0186290414        4.3178586232     5025.6387293229        3.0186290414        1.2992295817      4.99019369
       630        2.9222826291        4.3177890434     5398.0537244058        2.9222826291        1.3955064143      5.07155364
       631        2.8358432085        4.3177937507     5732.4341625811        2.8358432085        1.4819505421      5.03596256
       632        2.7597301766        4.3178729591     6027.1585744368        2.7597301766        1.5581427825      4.98161888
       633        2.6932323109        4.3180185445     6284.9466615766        2.6932323109        1.6247862336      5.03806292
       634        2.6346154915        4.3182164066     6512.4517504736        2.6346154915        1.6836009151      4.99845332
       635        2.5813300313        4.3184457386     6719.4559751123        2.5813300313        1.7371157073      5.04577925
       636        2.5303100395        4.3186810261     6917.7200233583        2.5303100395        1.7883709866      4.57820562
       637        2.4783401766        4.3188950071     7119.5759160592        2.4783401766        1.8405548305      5.02513854
       638        2.4224553913        4.3190596182     7336.3844166809        2.4224553913        1.8966042270      1.34369516
       639        2.3603407517        4.3191498678     7577.0033994708        2.3603407517        1.9588091162      2.73314628
       640        2.2906877357        4.3191477348     7846.4247393884        2.2906877357        2.0284599991      2.70580053
       641        2.2134629311        4.3190412119     8144.7312350096        2.2134629311        2.1055782808      2.18734188
       642        2.1300670900        4.3188290330     8466.4996431286        2.1300670900        2.1887619430      2.23441049
       643        2.0433510469        4.3185191268     8800.7331256865        2.0433510469        2.2751680799      2.35270964
       644        1.9574910120        4.3181307325     9131.3518198004        1.9574910120        2.3606397205      2.27630569
       645        1.8777189332        4.3176886556     9438.2136213852        1.8777189332        2.4399697225      2.17683055
       646        1.8099451755        4.3172267741     9698.5872889864        1.8099451755        2.5072815985      2.17650370
       647        1.7602804800        4.3167786581     9888.9653038829        1.7602804800        2.5564981782      2.67178726
       648        1.7345184035        4.3163829923     9987.0868505001        1.7345184035        2.5818645888      2.74869437
       649        1.7375833620        4.3160745261     9974.0378757032        1.7375833620        2.5784911641      2.73686176
       650        1.7730042775        4.3158862847     9836.2956621935        1.7730042775        2.5428820071      2.67365992
       651        1.8424350660        4.3158470681     9567.5739882180        1.8424350660        2.4734120020      2.72789993
       652        1.9452679147        4.3159747435     9170.2930892787        1.9452679147        2.3707068288      2.43458425
       653        2.0784009096        4.3162685033     8656.4485660727        2.0784009096        2.2378675937      2.29679215
       654        2.2362415555        4.3167138927     8047.6172187698        2.2362415555        2.0804723372      2.18952248
       655        2.4109781998        4.3172741801     7373.8737499854        2.4109781998        1.9062959803      2.05709344
       656        2.5931626490        4.3178941332     6671.5517155577        2.5931626490        1.7247314843      2.19808853
       657        2.7725452066        4.3185122804     5980.0608834684        2.7725452066        1.5459670738      2.47913710
       658        2.9390193800        4.3190704500     5338.2698509841        2.9390193800        1.3800510700      2.52914028
       659        3.0835110555        4.3195255506     4781.1121328021        3.0835110555        1.2360144951      2.68008627
       660        3.1986597405        4.3198531759     4336.9649455174        3.1986597405        1.1211934354      2.74484276
       661        3.2792322405        4.3200428244     4026.0305443972        3.2792322405        1.0408105839      2.77309355
       662        3.3223074055        4.3200945206     3859.6085245405        3.3223074055        0.9977871151      2.76800997
       663        3.3272993152        4.3200092346     3839.9690771049        3.3272993152        0.9927099194      2.74432310
       664        3.2959072818        4.3197953399     3960.5713658035        3.2959072818        1.0238880581      2.78695582
       665        3.2319918323        4.3194641882     4206.5261335034        3.2319918323        1.0874723559      2.76031432
       666        3.1413781657        4.3190274780     4555.3457806517        3.1413781657        1.1776493123      2.76484219
       667        3.0315764017        4.3185115569     4978.0818176741        3.0315764017        1.2869351551      2.77044353
       668        2.9113613112        4.3179480646     5440.9143412700        2.9113613112        1.4065867534      2.73810250
       669        2.7902502381        4.3173745845     5907.1740417267        2.7902502381        1.5271243463      2.72944088
       670        2.6778935747        4.3168320572     6339.6899428633        2.6778935747        1.6389384825      2.74869437
       671        2.5834255783        4.3163623654     6703.2912081516        2.5834255783        1.7329367871      2.78000741
       672        2.5148218076        4.3159995677     6967.2587794509        2.5148218076        1.8011777602      2.72615561
       673        2.4783361869        4.3157745172     7107.5207686460        2.4783361869        1.8374383303      2.67031070
       674        2.4780372819        4.3157045613     7108.4063820454        2.4780372819        1.8376672793      2.78075403
       675        2.5155133250        4.3157996553     6963.8105789129        2.5155133250        1.8002863304      2.72472079
       676        2.5897416327        4.3160548041     6677.6699475380        2.5897416327        1.7263131714      5.00362949
       677        2.6971593738        4.3164540886     6263.7045422088        2.6971593738        1.6192947147      4.94896368
       678        2.8319155581        4.3169691439     5744.4372578761        2.8319155581        1.4850535858      5.05175808
       679        2.9862992578        4.3175644051     5149.5576894210        2.9862992578        1.3312651472      5.01644332
       680        3.1513020462        4.3181976417     4513.7485940668        3.1513020462        1.1668955955      4.68746431
       681        3.3172809295        4.3188238086     3874.1364521466        3.3172809295        1.0015428791      4.61875944
       682        3.4746652566        4.3193958094     3267.5599768788        3.4746652566        0.8447305528      4.93313185
       683        3.6146639535        4.3198733077     2727.8684941334        3.6146639535        0.7052093542      5.03351435
       684        3.7299039018        4.3202253816     2283.4628558958        3.7299039018        0.5903214797      4.53835774
       685        3.8149471246        4.3204249361     1955.2732647753        3.8149471246        0.5054778114      4.93178913
       686        3.8666726922        4.3204617762     1755.3325660334        3.8666726922        0.4537890840      5.06446601
       687        3.8844601935        4.3203386686     1686.0513154868        3.8844601935        0.4358784750      4.98401686
       688        3.8701786520        4.3200657271     1740.2389389900        3.8701786520        0.4498870752      5.05281463
       689        3.8280009151        4.3196681727     1901.8517177550        3.8280009151        0.4916672576      5.01401405
       690        3.7640364149        4.3191800181     2147.3889077749        3.7640364149        0.5551436032      4.68958739
       691        3.6858284195        4.3186370742     2447.8104009649        3.6858284195        0.6328086547      5.04753626
       692        3.6017700818        4.3180823020     2770.8162490180        3.6017700818        0.7163122202      5.09329396
       693        3.5204573466        4.3175555140     3083.3098917365        3.5204573466        0.7970981674      5.03911375
       694        3.4500537090        4.3170953160     3353.8628904051        3.4500537090        0.8670416070      5.06305086
       695        3.3976915462        4.3167329697     3555.0069338835        3.3976915462        0.9190414235      4.98813304
       696        3.3689668415        4.3164946031     3665.1968848657        3.3689668415        0.9475277616      4.96319750
       697        3.3675429691        4.3163938959     3670.3151106910        3.3675429691        0.9488509268      5.04507679
       698        3.3949095266        4.3164363258     3564.6207856729        3.3949095266        0.9215267993      5.04648191
       699        3.4502942671        4.3166181259     3351.0865194955        3.4502942671        0.8663238588      5.01262695
       700        3.5307351498        4.3169229120     3041.1066079667        3.5307351498        0.7861877622      5.02165684
       701        3.6313188960        4.3173294039     2653.6041246411        3.6313188960        0.6860105078      4.83151611
       702        3.7455431271        4.3178049554     2213.6050840399        3.7455431271        0.5722618283      5.01054774
       703        3.8658054728        4.3183153588     1750.3844126416        3.8658054728        0.4525098860      5.03316480
       704        3.9839573406        4.3188232665     1295.3177712630        3.9839573406        0.3348659259      5.03736260
       705        4.0918980085        4.3192907238      879.5933011084        4.0918980085        0.2273927153      5.03246585
       706        4.1821670386        4.3196860532      531.9466980590        4.1821670386        0.1375190146      5.08329170
       707        4.2484759936        4.3199777575      276.5808587501        4.2484759936        0.0715017638      5.06694443
       708        4.2861726131        4.3201468166      131.4179383322        4.2861726131        0.0339742035      5.02653257
       709        4.2925675426        4.3201795460      106.8078769781        4.2925675426        0.0276120033      5.04999813
       710        4.2671342717        4.3200753543      204.7850193692        4.2671342717        0.0529410826      5.07368380
       711        4.2115396253        4.3198403961      418.9256122396        4.2115396253        0.1083007708      5.06305086
       712        4.1295286460        4.3194936056      734.8164415938        4.1295286460        0.1899649596      5.04297058
       713        4.0266451931        4.3190579124     1131.1016219262        4.0266451931        0.2924127193      5.07332865
       714        3.9098377685        4.3185670264     1581.0335733346        3.9098377685        0.4087292579      5.04297058
       715        3.7869469778        4.3180558118     2054.4183747153        3.7869469778        0.5311088340      5.08115347
       716        3.6661386999        4.3175626473     2519.8174866974        3.6661386999        0.6514239474      4.97922322
       717        3.5553042314        4.3171245485     2946.8492283798        3.5553042314        0.7618203171      5.00362949
       718        3.4614780172        4.3167731973     3308.4257335635        3.4614780172        0.8552951801      5.03246585
       719        3.3903201334        4.3165375451     3582.7648644729        3.3903201334        0.9262174118      4.53268125
       720        3.3456827811        4.3164346222     3755.0315337977        3.3456827811        0.9707518411      4.75231612
       721        3.3293187545        4.3164753460     3818.4878700155        3.3293187545        0.9871565915      4.96319750
       722        3.3407273227        4.3166582052     3775.0649375726        3.3407273227        0.9759308824      5.04121674
       723        3.3771718235        4.3169726813     3635.3079201284        3.3771718235        0.9398008578      5.06128304
       724        3.4338551819        4.3173971688     3417.6891371215        3.4338551819        0.8835419869      5.06269720
       725        3.5042557015        4.3179034243     3147.3263580501        3.5042557015        0.8136477228      4.95471514
       726        3.5805891356        4.3184539105     2854.1851583490        3.5805891356        0.7378647749      3.98973759
       727        3.6543834534        4.3190084651     2570.8814255573        3.6543834534        0.6646250117      3.41103036
       728        3.7171120883        4.3195242959     2330.2318266502        3.7171120883        0.6024122076      3.35078933
       729        3.7608533176        4.3199614602     2162.7244134906        3.7608533176        0.5591081426      3.42748383
       730        3.7789178920        4.3202843137     2094.0964508045        3.7789178920        0.5413664217      3.44344228
       731        3.7663977647        4.3204609630     2143.2097198361        3.7663977647        0.5540631983      3.38870269
       732        3.7206061736        4.3204771057     2320.4017453452        3.7206061736        0.5998709321      4.97478023
       733        3.6413328990        4.3203268922     2626.4630648527        3.6413328990        0.6789939932      5.02304894
       734        3.5309231733        4.3200163080     3052.3450775240        3.5309231733        0.7890931346      5.04332149
       735        3.3941552475        4.3195654676     3579.6425111138        3.3941552475        0.9254102201      5.02548697
       736        3.2379200446        4.3190069540     4181.8261515692        3.2379200446        1.0810869094      4.67416311
       737        3.0707270320        4.3183803528     4826.1330699288        3.0707270320        1.2476533208      5.02165684
       738        2.9020838048        4.3177310500     5475.9618486432        2.9020838048        1.4156472451      5.02374528
       739        2.7417932697        4.3171064329     6093.5764972004        2.7417932697        1.5753131632      5.02339708
       740        2.5992265505        4.3165507253     6642.8989959267        2.5992265505        1.7173241749      4.98573111
       741        2.4826327867        4.3161019097     7092.1672067650        2.4826327867        1.8334691230      5.00397495
       742        2.3985397685        4.3157910652     7416.2507580565        2.3985397685        1.9172512967      1.23817092
       743        2.3512832071        4.3156366150     7598.4496530503        2.3512832071        1.9643534079      2.56240315
       744        2.3427110420        4.3156460913     7631.6448870325        2.3427110420        1.9729350494      2.72820798
       745        2.3720692894        4.3158120872     7518.7243437981        2.3720692894        1.9437427978      2.72718141
       746        2.4360915768        4.3161201771     7272.2671027092        2.4360915768        1.8800286003      2.69053282
       747        2.5292525466        4.3165411585     6913.5332157027        2.5292525466        1.7872886118      2.68634444
       748        2.6441916365        4.3170423984     6470.8683477590        2.6441916365        1.6728507618      2.09067912
       749        2.7722323070        4.3175863778     5977.6896849097        2.7722323070        1.5453540709      2.21427267
       750        2.9039637317        4.3181377052     5470.2629859675        2.9039637317        1.4141739735      2.34146066
       751        3.0298140613        4.3186659498     4985.4960649501        3.0298140613        1.2888518885      2.33896709
       752        3.1405641275        4.3191441016     4558.9457374957        3.1405641275        1.1785799742      2.18102293
       753        3.2277851685        4.3195538817     4223.1451666283        3.2277851685        1.0917687132      2.04139176
       754        3.2841932143        4.3198796919     4006.2096386959        3.2841932143        1.0356864776      2.00098211
       755        3.3039826470        4.3200999013     3930.5125887460        3.3039826470        1.0161172543      2.48867126
       756        3.2832228515        4.3201840058     4011.1403028915        3.2832228515        1.0369611543      2.60504540
       757        3.2203590239        4.3200950144     4253.9639362640        3.2203590239        1.0997359905      2.74131295
       758        3.1167622831        4.3198029606     4653.5638558555        3.1167622831        1.2030406775      2.69273195
       759        2.9771329524        4.3193051938     5191.7481656832        2.9771329524        1.3421722414      2.73696511
       760        2.8094863978        4.3186395088     5837.6582782614        2.8094863978        1.5091531110      2.71055661
       761        2.6245432094        4.3178833207     6550.1246005218        2.6245432094        1.6933401113      2.67109800
       762        2.4345637114        4.3171316680     7282.0897601480        2.4345637114        1.8825679566      2.62580875
       763        2.2519149436        4.3164733758     7986.0595554072        2.2519149436        2.0645584322      2.74650700
       764        2.0877281626        4.3159708879     8619.2179550549        2.0877281626        2.2282427253      2.72369685
       765        1.9509224802        4.3156541307     9147.1800933774        1.9509224802        2.3647316504      2.73789563
       766        1.8476824186        4.3155241426     9546.0272148589        1.8476824186        2.4678417239      2.69754255
       767        1.7813432497        4.3155748500     9802.8344324405        1.7813432497        2.5342316003      2.71512599
       768        1.7525128598        4.3157791882     9915.1456484482        1.7525128598        2.5632663284      2.71889459
       769        1.7593933397        4.3161117515     9889.8172049360        1.7593933397        2.5567184119      2.49879583
       770        1.7981652737        4.3165405266     9741.4994116969        1.7981652737        2.5183752529      2.76357710
       771        1.8634483374        4.3170345340     9490.8844351749        1.8634483374        2.4535861965      2.75130293
       772        1.9487916372        4.3175554626     9162.7772249448        1.9487916372        2.3687638254      2.77638664
       773        2.0472177416        4.3180701056     8784.0392099960        2.0472177416        2.2708523639      2.75968370
       774        2.1517573138        4.3185412738     8381.4851050386        2.1517573138        2.1667839600      2.65505067
       775        2.2559845305        4.3189383411     7979.8526088482        2.2559845305        2.0629538106      2.58285781
       776        2.3544814631        4.3192339610     7599.9934002181        2.3544814631        1.9647524978      2.57350329
       777        2.4432182469        4.3194133988     7257.4386788652        2.4432182469        1.8761951519      2.72902979
       778        2.5197889928        4.3194704048     6961.4706529648        2.5197889928        1.7996814120      2.74369977
       779        2.5835014528        4.3194096897     6714.7852761226        2.5835014528        1.7359082369      2.73129232
       780        2.6353063356        4.3192480145     6513.7698819305        2.6353063356        1.6839416789      4.88261743
       781        2.6775722115        4.3190085611     6349.3521131474        2.6775722115        1.6414363496      4.93246040
       782        2.7137446766        4.3187204717     6208.3165504901        2.7137446766        1.6049757950      5.01574900
       783        2.7479205742        4.3184162073     6074.9414798447        2.7479205742        1.5704956331      4.97888117
       784        2.7843808343        4.3181261324     5932.7849979714        2.7843808343        1.5337452982      5.07084399
       785        2.8271361581        4.3178799271     5766.4478444398        2.8271361581        1.4907437690      5.04051555
       786        2.8795099140        4.3176987365     5563.1564648077        2.8795099140        1.4381888226      4.96115909
       787        2.9438108682        4.3175977252     5314.0388204585        2.9438108682        1.3737868569      4.95878305
       788        3.0211061918        4.3175859326     5015.0018816653        3.0211061918        1.2964797408      4.99500849
       789        3.1111058360        4.3176611255     4667.1589665013        3.1111058360        1.2065552895      5.05951645
       790        3.2121805029        4.3178185477     4276.7940758905        3.2121805029        1.1056380448      4.97785530
       791        3.3214755733        4.3180418482     3854.8861090659        3.3214755733        0.9965662748      5.05070196
       792        3.4351429984        4.3183122429     3416.2473070731        3.4351429984        0.8831692445      4.55575920
       793        3.5486416307        4.3186070478     2978.3558462753        3.5486416307        0.7699654171      5.03596256
       794        3.6570951486        4.3189021814     2559.9810086431        3.6570951486        0.6618070327      5.01124062
       795        3.7556735051        4.3191729732     2179.7107998084        3.7556735051        0.5634994681      4.87211435
       796        3.8399728079        4.3193975010     1854.4954174423        3.8399728079        0.4794246931      4.98676023
       797        3.9063610772        4.3195581537     1598.3158478461        3.9063610772        0.4131970765      4.97034516
       798        3.9522633131        4.3196401365     1421.0753956668        3.9522633131        0.3673768234      5.04999813
       799        3.9763761828        4.3196379249     1327.7942017653        3.9763761828        0.3432617421      4.99879806
       800        3.9787754239        4.3195475175     1318.1638222543        3.9787754239        0.3407720936      4.95505388
       801        3.9609411608        4.3193776201     1386.4925625651        3.9609411608        0.3584364594      4.86786037
       802        3.9256583954        4.3191376035     1522.0438138152        3.9256583954        0.3934792081      4.98230378
       803        3.8768419731        4.3188448727     1709.7416203990        3.8768419731        0.4420028995      4.95133031
       804        3.8192663553        4.3185185910     1931.1916898637        3.8192663553        0.4992522357      4.94052987
       805        3.7582426685        4.3181830611     2165.9436967096        3.7582426685        0.5599403926      4.96319750
       806        3.6992477906        4.3178620061     2392.9039204463        3.6992477906        0.6186142155      5.05633969
       807        3.6475455948        4.3175776613     2591.7968238803        3.6475455948        0.6700320665      5.06907072
       808        3.6078230241        4.3173503382     2744.5710895796        3.6078230241        0.7095273140      5.03141778
       809        3.5838643120        4.3171958498     2836.6498340531        3.5838643120        0.7333315377      4.99432009
       810        3.5782917792        4.3171262646     2857.9361621326        3.5782917792        0.7388344854      4.97648813
       811        3.5923833523        4.3171457167     2803.5028287832        3.5923833523        0.7247623643      5.00916256
       812        3.6259920173        4.3172539676     2673.9175881922        3.6259920173        0.6912619503      5.03666248
       813        3.6775582733        4.3174430235     2475.1819294131        3.6775582733        0.6398847502      5.03491303
       814        3.7442272661        4.3176998532     2218.2885030434        3.7442272661        0.5734725871      4.96353740
       815        3.8220537652        4.3180067939     1918.4298016677        3.8220537652        0.4959530287      4.93985640
       816        3.9062820658        4.3183415189     1593.9153288401        3.9062820658        0.4120594530      4.98333149
       817        3.9916868149        4.3186826777     1264.8750425251        3.9916868149        0.3269958628      5.05563429
       818        4.0729347162        4.3190050785      951.8415837901        4.0729347162        0.2460703623      4.98298887
       819        4.1449646642        4.3192879498      674.3118137066        4.1449646642        0.1743232856      5.05070196
       820        4.2033353418        4.3195114874      449.3888881356        4.2033353418        0.1161761457      5.00328408
       821        4.2445342381        4.3196601126      290.5995290390        4.2445342381        0.0751258745      4.97819721
       822        4.2662195134        4.3197249358      206.9679806313        4.2662195134        0.0535054224      5.02618399
       823        4.2673743438        4.3197012737      202.4093735197        4.2673743438        0.0523269299      5.04648191
       824        4.2483741273        4.3195919326      275.4824592617        4.2483741273        0.0712178053      5.05528166
       825        4.2109508204        4.3194043478      419.5165003253        4.2109508204        0.1084535273      5.01644332
       826        4.1580677941        4.3191521215      623.1012949643        4.1580677941        0.1610843275      4.75481028
       827        4.0937069566        4.3188534632      870.9045877573        4.0937069566        0.2251465066      4.84799820
       828        4.0225857282        4.3185291548     1144.7589922152        4.0225857282        0.2959434266      4.80397515
       829        3.9498247922        4.3182013169     1424.9424087623        3.9498247922        0.3683765247      5.04297058
       830        3.8805896394        4.3178929655     1691.5628791414        3.8805896394        0.4373033261      4.99810862
       831        3.8197283048        4.3176259078     1925.9517425301        3.8197283048        0.4978976030      5.01020138
       832        3.7714301223        4.3174167987     2111.9683734492        3.7714301223        0.5459866764      4.96014051
       833        3.7389400106        4.3172824215     2237.1258014031        3.7389400106        0.5783424109      4.96455738
       834        3.7243248539        4.3172304949     2293.4588270417        3.7243248539        0.5929056411      5.05035002
       835        3.7283349510        4.3172633296     2278.0741060971        3.7283349510        0.5889283785      4.65554812
       836        3.7503558594        4.3173797410     2193.3438244435        3.7503558594        0.5670238816      4.54632876
       837        3.7884495450        4.3175706710     2046.7295859012        3.7884495450        0.5291211261      5.04683331
       838        3.8394947520        4.3178217005     1850.2491566073        3.8394947520        0.4783269485      5.00466601
       839        3.8994103302        4.3181159705     1619.6238999895        3.8994103302        0.4187056403      4.93279610
       840        3.9634395322        4.3184311548     1373.1673541975        3.9634395322        0.3549916226      5.03491303
       841        4.0264898293        4.3187453998     1130.4937437054        4.0264898293        0.2922555705      4.99363188
       842        4.0834896502        4.3190373128      911.1380101268        4.0834896502        0.2355476626      4.95980108
       843        4.1297420705        4.3192853575      733.1853411628        4.1297420705        0.1895432870      5.01054774
       844        4.1612565789        4.3194729497      612.0075556211        4.1612565789        0.1582163708      4.96591799
       845        4.1750226045        4.3195861937      559.1962983905        4.1750226045        0.1445635892      5.04121674
       846        4.1692182799        4.3196174235      581.7692052764        4.1692182799        0.1503991437      4.87933036
       847        4.1433321788        4.3195670076      681.7059844871        4.1433321788        0.1762348288      5.00812418
       848        4.0981835798        4.3194377141      855.8482364880        4.0981835798        0.2212541343      5.04437452
       849        4.0358581171        4.3192405818     1096.1710768199        4.0358581171        0.2833824647      4.97751343
       850        3.9595426234        4.3189913857     1390.4083207439        3.9595426234        0.3594487623      4.81802653
       851        3.8732803979        4.3187077138     1722.9878393405        3.8732803979        0.4454273159      3.83296701
       852        3.7816703809        4.3184131205     2076.2112699871        3.7816703809        0.5367427396      4.05968594
       853        3.6895134412        4.3181299388     2431.5944315260        3.6895134412        0.6286164976      4.68776749
       854        3.6014518241        4.3178819828     2771.2724548194        3.6014518241        0.7164301587      4.35274597
       855        3.5216084742        4.3176875203     3079.3677588618        3.5216084742        0.7960790460      4.42314007
       856        3.4532746694        4.3175648803     3343.2200266033        3.4532746694        0.8642902108      4.81162936
       857        3.3986434660        4.3175241623     3554.3852139165        3.3986434660        0.9188806963      3.97137387
       858        3.3586351787        4.3175709279     3709.3249013402        3.3586351787        0.9589357492      3.66603809
       859        3.3328112677        4.3177030217     3809.7270973284        3.3328112677        0.9848917540      3.78295178
       860        3.3193987497        4.3179137146     3862.4239699744        3.3193987497        0.9985149648      4.80748031
       861        3.3154131621        4.3181874213     3878.8996375778        3.3154131621        1.0027742592      4.99983258
       862        3.3168878878        4.3185016367     3874.4105885139        3.3168878878        1.0016137489      4.52504046
       863        3.3191948923        4.3188336579     3866.7710206180        3.3191948923        0.9996387656      3.49693974
       864        3.3174173284        4.3191535554     3874.8843542359        3.3174173284        1.0017362270      3.68505049
       865        3.3067778006        4.3194346965     3917.1273400772        3.3067778006        1.0126568959      4.26941406
       866        3.2830581347        4.3196503002     4009.7129921262        3.2830581347        1.0365921655      4.25487690
       867        3.2429956615        4.3197766632     4165.1701755806        3.2429956615        1.0767810017      4.11196943
       868        3.1846165714        4.3197990926     4391.0770838811        3.1846165714        1.1351825211      3.88703063
       869        3.1074643440        4.3197104912     4689.1721621626        3.1074643440        1.2122461472      4.22560478
       870        3.0127060728        4.3195100239     5054.9376652194        3.0127060728        1.3068039511      3.96442255
       871        2.9031110000        4.3192099071     5477.7089530328        2.9031110000        1.4160989071      3.47297777
       872        2.7828789484        4.3188287970     5941.3125699192        2.7828789484        1.5359498486      4.42881596
       873        2.6573525441        4.3183928229     6425.1834110357        2.6573525441        1.6610402787      4.65375453
       874        2.5326264631        4.3179320798     6905.8626566084        2.5326264631        1.7853056167      4.70206132
       875        2.4150949619        4.3174787499     7358.7407318804        2.4150949619        1.9023837880      4.84897124
       876        2.3109746017        4.3170628791     7759.8871539488        2.3109746017        2.0060882774      1.31676852
       877        2.2258494029        4.3167108083     8087.8038833860        2.2258494029        2.0908614054      2.73479636
       878        2.1642732395        4.3164418094     8324.9503155910        2.1642732395        2.1521685698      2.75989388
       879        2.1294685995        4.3162698502     8458.9153551943        2.1294685995        2.1868012507      2.76115559
       880        2.1231296011        4.3161970898     8483.1542184317        2.1231296011        2.1930674887      2.75548695
       881        2.1453586412        4.3162211274     8397.2615306779        2.1453586412        2.1708624861      2.76621400
       882        2.1947047665        4.3163336980     8206.8178539893        2.1947047665        2.1216289316      2.75779358
       883        2.2682855748        4.3165210314     7922.9195379430        2.2682855748        2.0482354566      2.70559852
       884        2.3619564270        4.3167750995     7561.5676916984        2.3619564270        1.9548186725      2.65058415
       885        2.4704509577        4.3170947846     7143.1291794860        2.4704509577        1.8466438270      2.75569648
       886        2.5874499986        4.3174794843     6692.0452766195        2.5874499986        1.7300294856      2.75852832
       887        2.7055998054        4.3179379381     6236.7953116690        2.7055998054        1.6123381326      2.78331694
       888        2.8165132028        4.3184649319     5809.8021207604        2.8165132028        1.5019517291      2.75789852
       889        2.9109775168        4.3190273140     5446.5736409548        2.9109775168        1.4080497972      2.75036328
       890        2.9795909624        4.3195476961     5183.1782091308        2.9795909624        1.3399567337      2.74100193
reaction occured at step 890 between IDs 1 and 2
       891        2.9079179347        4.2878324177     5337.7415095114        2.9079179347        1.3799144830      0.84133417
       892        2.7623620273        4.2871297087     5898.0580652011        2.7623620273        1.5247676815      1.22168313
       893        2.5981221223        4.2863585919     6530.3828552055        2.5981221223        1.6882364695      2.66657738
       894        2.4280035275        4.2856372393     7185.6399040048        2.4280035275        1.8576337118      2.72974928
       895        2.2643491836        4.2850475004     7816.4012457181        2.2643491836        2.0206983168      2.70711437
       896        2.1177470999        4.2846267328     8381.8551840072        2.1177470999        2.1668796329      2.65914195
       897        1.9963622506        4.2843788569     8850.4333888147        1.9963622506        2.2880166063      2.69163194
       898        1.9057655285        4.2842895442     9200.5312837670        1.9057655285        2.3785240156      2.70408436
       899        1.8490508846        4.2843422336     9420.1168852058        1.8490508846        2.4352913490      2.65836169
       900        1.8270566236        4.2845204561     9505.8837838414        1.8270566236        2.4574638325      2.71563465
       901        1.8386105634        4.2848034059     9462.2856972688        1.8386105634        2.4461928425      2.63258048
       902        1.8808007501        4.2851756967     9300.5270364761        1.8808007501        2.4043749466      2.71634709
       903        1.9492506038        4.2856150041     9037.4507945185        1.9492506038        2.3363644003      2.71126639
       904        2.0384580187        4.2860968929     8694.2455240554        2.0384580187        2.2476388742      2.71767120
       905        2.1421797382        4.2865893353     8294.9373031182        2.1421797382        2.1444095971      2.56294682
       906        2.2538805474        4.2870644885     7864.6977422831        2.2538805474        2.0331839411      2.69403312
       907        2.3671854924        4.2874895163     7428.0592209165        2.3671854924        1.9203040239      2.70711437
       908        2.4763434714        4.2878394073     7007.1712199689        2.4763434714        1.8114959359      2.70468982
       909        2.5766230352        4.2880921709     6620.2507185147        2.5766230352        1.7114691356      2.71421088
       910        2.6646304627        4.2882343125     6280.3730021666        2.6646304627        1.6236038498      4.92709539
       911        2.7385060924        4.2882630947     5994.7209647541        2.7385060924        1.5497570023      4.85742062
       912        2.7979798960        4.2881848262     5764.3635251371        2.7979798960        1.4902049302      4.88623833
       913        2.8442878430        4.2880143154     5584.5770265764        2.8442878430        1.4437264724      4.93447529
       914        2.8799590018        4.2877740557     5445.6656147160        2.8799590018        1.4078150540      4.97170895
       915        2.9084955029        4.2874909020     5334.1863382974        2.9084955029        1.3789953991      4.97205002
       916        2.9339817640        4.2871930537     5234.4490626811        2.9339817640        1.3532112897      4.89945063
       917        2.9606619272        4.2869079948     5130.1430444124        2.9606619272        1.3262460676      4.81003273
       918        2.9925271266        4.2866644779     5005.9411246742        2.9925271266        1.2941373513      4.87571969
       919        3.0329287616        4.2864795982     4848.9456536280        3.0329287616        1.2535508366      4.99569707
       920        3.0842856912        4.2863700070     4649.8644877960        3.0842856912        1.2020843158      4.94322556
       921        3.1478615033        4.2863423040     4403.8353843728        3.1478615033        1.1384808007      4.92944114
       922        3.2236579818        4.2863961253     4110.8500363295        3.2236579818        1.0627381435      4.05673196
       923        3.3104143195        4.2865255452     3775.7625358634        3.3104143195        0.9761112257      4.02563725
       924        3.4057085483        4.2867193656     3407.8981469718        3.4057085483        0.8810108172      3.96290520
       925        3.5061492137        4.2869596946     3020.3063786209        3.5061492137        0.7808104809      4.60175067
       926        3.6076460916        4.2872250881     2628.7259557519        3.6076460916        0.6795789964      4.95980108
       927        3.7057343136        4.2874947260     2250.3472065744        3.7057343136        0.5817604124      5.00121261
       928        3.7959198603        4.2877466672     1902.4688811735        3.7959198603        0.4918268069      4.94558670
       929        3.8740302552        4.2879603655     1601.1513458700        3.8740302552        0.4139301103      4.98367415
       930        3.9365383544        4.2881171648     1359.9660221413        3.9365383544        0.3515788104      4.64094084
       931        3.9808410526        4.2882041413     1188.9321673652        3.9808410526        0.3073630887      4.95742634
       932        4.0054657000        4.2882138193     1093.7173218840        4.0054657000        0.2827481192      5.00570296
       933        4.0101936598        4.2881438012     1075.1579361613        4.0101936598        0.2779501415      4.94052987
       934        3.9960930865        4.2879969649     1129.1333394344        3.9960930865        0.2919038784      4.95912235
       935        3.9654603253        4.2877836265     1246.8007879325        3.9654603253        0.3223233013      5.00190291
       936        3.9216668105        4.2875178784     1415.1735164575        3.9216668105        0.3658510679      4.89052450
       937        3.8689317409        4.2872174249     1617.9994383753        3.8689317409        0.4182856840      4.93481127
       938        3.8120334354        4.2869033981     1836.8769533223        3.8120334354        0.4748699627      4.93581947
       939        3.7559762626        4.2865963147     2052.5276840292        3.7559762626        0.5306200521      5.00224813
       940        3.7056474682        4.2863189547     2246.1350579278        3.7056474682        0.5806714866      4.72659274
       941        3.6654717947        4.2860893522     2400.6531848851        3.6654717947        0.6206175575      4.94828792
       942        3.6391084282        4.2859243524     2501.9928770978        3.6391084282        0.6468159242      4.96183837
       943        3.6291930614        4.2858347452     2540.0005695841        3.6291930614        0.6566416838      5.01957013
       944        3.6371580311        4.2858270141     2509.1608204834        3.6371580311        0.6486689830      5.03281530
       945        3.6631333931        4.2859017681     2408.9729088377        3.6631333931        0.6227683750      4.95403781
       946        3.7059396209        4.2860527672     2243.9753035941        3.7059396209        0.5801131462      4.91406693
       947        3.7631752786        4.2862695998     2023.4168900131        3.7631752786        0.5230943212      4.99156840
       948        3.8313861699        4.2865367105     1760.5989093056        3.8313861699        0.4551505406      4.95912235
       949        3.9063109447        4.2868359559     1471.9347993762        3.9063109447        0.3805250112      4.95099208
       950        3.9831786907        4.2871455267     1175.7948903006        3.9831786907        0.3039668360      5.03246585
       951        4.0570468287        4.2874447061      891.2177743761        4.0570468287        0.2303978775      4.80079308
       952        4.1231427981        4.2877114051      636.5790745881        4.1231427981        0.1645686070      5.00155773
       953        4.1772011616        4.2879281877      428.3107763825        4.1772011616        0.1107270261      4.91073739
       954        4.2157563376        4.2880800105      279.7601414585        4.2157563376        0.0723236729      4.70786444
       955        4.2363826346        4.2881556941      200.2669095818        4.2363826346        0.0517730595      5.01228030
       956        4.2378628446        4.2881507056      194.5219116247        4.2378628446        0.0502878610      4.95573150
       957        4.2202689188        4.2880659792      262.2504421415        4.2202689188        0.0677970604      4.94963963
       958        4.1849532354        4.2879066822      398.2412628145        4.1849532354        0.1029534468      5.00570296
       959        4.1344543963        4.2876841320      592.7184116058        4.1344543963        0.1532297357      3.95145421
       960        4.0723175611        4.2874140888      832.0295776350        4.0723175611        0.2150965277      3.99677805
       961        4.0028460514        4.2871157897     1099.6032004095        4.0028460514        0.2842697383      4.74578137
       962        3.9307995000        4.2868098676     1377.1080313013        3.9307995000        0.3560103676      4.74050449
       963        3.8610615579        4.2865174131     1645.7348676658        3.8610615579        0.4254558553      4.37904496
       964        3.7982993468        4.2862593732     1887.5115234508        3.7982993468        0.4879600264      4.51320587
       965        3.7466354602        4.2860534323     2086.5595197100        3.7466354602        0.5394179721      4.95708728
       966        3.7093610461        4.2859142178     2230.2047230749        3.7093610461        0.5765531718      4.93380348
       967        3.6887047791        4.2858515062     2309.8640616419        3.6887047791        0.5971467271      4.90608361
       968        3.6856768339        4.2858694159     2321.6459411395        3.6856768339        0.6001925820      4.69748999
       969        3.6999993325        4.2859670902     2266.6219262129        3.6999993325        0.5859677577      4.15725439
       970        3.7301248748        4.2861374817     2150.7503604986        3.7301248748        0.5560126069      4.64004950
       971        3.7733461668        4.2863686115     1984.4571759162        3.7733461668        0.5130224446      4.75325112
       972        3.8259863862        4.2866445710     1781.9034044031        3.8259863862        0.4606581849      4.27621530
       973        3.8836568993        4.2869462726     1559.9911840919        3.8836568993        0.4032893733      4.98538816
       974        3.9415639973        4.2872518138     1337.1786658035        3.9415639973        0.3456878165      4.93514729
       975        3.9948475783        4.2875411211     1132.1878942844        3.9948475783        0.2926935428      4.96149871
       976        4.0389165769        4.2877934083      962.6974786252        4.0389165769        0.2488768314      5.00293871
       977        4.0697715375        4.2879918936      844.1130717394        4.0697715375        0.2182203561      4.95912235
       978        4.0842787793        4.2881228954      788.5033552066        4.0842787793        0.2038441161      4.93212474
       979        4.0803854106        4.2881782457      803.7776655005        4.0803854106        0.2077928352      5.02722988
       980        4.0572544808        4.2881556024      893.1644069838        4.0572544808        0.2309011215      4.96455738
       981        4.0153104330        4.2880566513     1055.0282854500        4.0153104330        0.2727462183      4.98161888
       982        3.9561985301        4.2878905011     1283.0403795707        3.9561985301        0.3316919710      4.91506667
       983        3.8826498121        4.2876709742     1566.6900344598        3.8826498121        0.4050211620      5.05070196
       984        3.7982690407        4.2874161038     1892.1031812351        3.7982690407        0.4891470631      4.95607037
       985        3.7072557097        4.2871450203     2243.1094696565        3.7072557097        0.5798893106      4.99983258
       986        3.6140852207        4.2868796786     2602.4822187322        3.6140852207        0.6727944579      4.89614086
       987        3.5231646988        4.2866428168     2953.2618812261        3.5231646988        0.7634781180      5.01922252
       988        3.4384894953        4.2864532315     3280.0664745478        3.4384894953        0.8479637362      5.03176709
       989        3.3633358734        4.2863286513     3570.2914381380        3.3633358734        0.9229927780      5.00639450
       990        3.2999964912        4.2862791066     3815.1071833101        3.2999964912        0.9862826154      4.79222250
       991        3.2495994735        4.2863110043     4010.1747170668        3.2495994735        1.0367115308      5.01679055
       992        3.2120104466        4.2864252797     4156.0174370406        3.2120104466        1.0744148331      4.90840939
       993        3.1858313002        4.2866132962     4258.0100616534        3.1858313002        1.1007819960      4.87571969
       994        3.1685124600        4.2868639143     4325.9716840412        3.1685124600        1.1183514543      4.73616762
       995        3.1565476196        4.2871548341     4373.3790274109        3.1565476196        1.1306072144      4.95234528
       996        3.1457751736        4.2874643056     4416.2457499881        3.1457751736        1.1416891320      4.99569707
       997        3.1317302332        4.2877664768     4471.7427927939        3.1317302332        1.1560362436      4.91873588
       998        3.1100408945        4.2880303900     4556.6616669335        3.1100408945        1.1779894956      4.87375248
       999        3.0768480805        4.2882336079     4685.8431400557        3.0768480805        1.2113855275      5.01887495
