      Step          Pe(mixed)          E_total                Temp                  Pe                  Ke   Speed(ns/day)
         0        4.1279429906        4.1279429906        0.0000000000        4.4696912574        0.0000000000      0.00000000
         1        4.1107730879        4.1279284086       66.3596684260        4.4461755540        0.0171553207      1.59449066
         2        4.0594933705        4.1278852109      264.5511512373        4.3762410160        0.0683918403      1.62178503
         3        3.9747951069        4.1278062701      591.8729363040        4.2617376914        0.1530111631      1.63142244
         4        3.8578720194        4.1276913110     1043.7064400849        4.1058330588        0.2698192916      1.65277691
         5        3.7104478976        4.1275321992     1613.3522891072        3.9130804250        0.4170843017      1.62731989
         6        3.5348691213        4.1273102211     2291.6619033263        3.6895108329        0.5924410998      1.61143636
         7        3.3343625336        4.1269800208     3065.9778668023        3.4427036893        0.7926174873      1.65409711
         8        3.1136711160        4.1264646470     3917.6558676131        3.1818301087        1.0127935310      2.04461671
         9        2.8801057367        4.1256904547     4818.1313658134        2.9176032432        1.2455847179      2.33919356
        10        2.6444916953        4.1246836841     5725.6317822681        2.6620113388        1.4801919888      2.17853176
        11        2.4208739921        4.1236167342     6586.4955591006        2.4276263697        1.7027427420      1.88419833
        12        2.2243686595        4.1227224709     7343.1521039153        2.2264621489        1.8983538114      2.11397326
        13        2.0681095224        4.1221480443     7945.3667713444        2.0686227496        2.0540385219      2.26506573
        14        1.9610411810        4.1219176239     8358.6338345691        1.9611401410        2.1608764429      2.32740031
        15        1.9072343192        4.1219973271     8567.0761391706        1.9072494775        2.2147630080      2.36831595
        16        1.9061256814        4.1223455218     8572.7114121943        1.9061275786        2.2162198404      2.34289876
        17        1.9530267175        4.1229226982     8393.5229247070        1.9530269211        2.1698959806      2.17866273
        18        2.0397193771        4.1236801149     8061.1109394501        2.0397193972        2.0839607378      2.23993489
        19        2.1552069146        4.1245546310     7617.7684792132        2.1552069166        1.9693477164      2.20591591
        20        2.2866586628        4.1254782456     7112.8636859058        2.2866586630        1.8388195828      1.59779487
        21        2.4204854846        4.1263709060     6598.6519720343        2.4204854846        1.7058854214      2.05202642
        22        2.5435148557        4.1271568488     6125.7938132938        2.5435148557        1.5836419931      2.07446257
        23        2.6441348590        4.1277663098     5738.9362003721        2.6441348590        1.4836314508      2.07470010
        24        2.7133259586        4.1281447257     5472.7571564003        2.7133259586        1.4148187672      2.35286239
        25        2.7454666340        4.1282579179     5348.8694597518        2.7454666340        1.3827912839      2.57322918
        26        2.7388303453        4.1280974283     5373.9189406124        2.7388303453        1.3892670830      2.56303745
        27        2.6957119201        4.1276799663     5539.0934544895        2.6957119201        1.4319680462      2.29432014
        28        2.6221765746        4.1270481427     5821.0965496477        2.6221765746        1.5048715681      2.24367932
        29        2.5274497642        4.1262598713     6184.4666316590        2.5274497642        1.5988101071      1.92595592
        30        2.4230403299        4.1253895475     6584.9733405426        2.4230403299        1.7023492176      1.90459802
        31        2.3216633211        4.1245125001     6973.7241088965        2.3216633213        1.8028491790      1.77454088
        32        2.2360977023        4.1237028228     7301.5743579260        2.2360977033        1.8876051205      2.10250560
        33        2.1780633651        4.1230269512     7523.4465582480        2.1780633724        1.9449635860      2.20470807
        34        2.1572133663        4.1225390227     7602.2104742210        2.1572134188        1.9653256564      2.49983007
        35        2.1803126084        4.1222763208     7511.8425421760        2.1803129563        1.9419637124      2.58423922
        36        2.2506607564        4.1222587011     7239.6559071928        2.2506627576        1.8715979446      2.45486970
        37        2.3677863518        4.1224849894     6787.4697088984        2.3677960426        1.7546986375      2.53240996
        38        2.5274407737        4.1229407322     6171.6624194573        2.5274795909        1.5954999585      2.56512381
        39        2.7218636311        4.1235907394     5422.1164163782        2.7219913816        1.4017271084      2.55409568
        40        2.9403349297        4.1243823648     4580.0947967022        2.9406808998        1.1840474351      2.58166179
        41        3.1699874618        4.1252526271     3695.1264650501        3.1707639985        0.9552651653      2.60046547
        42        3.3968146940        4.1261255286     2821.0970774199        3.3982742414        0.7293108346      2.58506877
        43        3.6068012265        4.1269353744     2011.9664415695        3.6091244104        0.5201341479      2.58599112
        44        3.7869747977        4.1276238223     1317.6877707414        3.7901383788        0.3406490246      2.40143047
        45        3.9263002488        4.1281506449      780.7913107606        3.9300138987        0.2018503961      2.29178097
        46        4.0163471831        4.1284835726      433.7624314175        4.0201198209        0.1121363896      2.30658689
        47        4.0518004898        4.1285977139      297.0645906480        4.0551156985        0.0767972241      2.44509726
        48        4.0308482282        4.1284760133      377.6407070992        4.0333552997        0.0976277851      2.14012795
        49        3.9554365495        4.1281146274      667.9478732864        3.9570522610        0.1726780779      2.22099020
        50        3.8313086305        4.1275312294     1145.8388772660        3.8321836333        0.2962225988      2.46137245
        51        3.6677209609        4.1267673921     1775.6688697674        3.6681122728        0.4590464312      2.43482961
        52        3.4767983896        4.1258834815     2510.7703998805        3.4769400974        0.6490850919      2.47026493
        53        3.2725981326        4.1249495025     3297.0385800708        3.2726388645        0.8523513699      2.55274631
        54        3.0700207802        4.1240336294     4077.0991289920        3.0700299045        1.0540128492      2.57661393
        55        2.8837106781        4.1232023197     4794.5623207014        2.8837122486        1.2394916416      2.60195919
        56        2.7270057053        4.1225119769     5398.0531723022        2.7270059114        1.3955062715      2.65427280
        57        2.6110073913        4.1220126621     5844.8227441126        2.6110074119        1.5110052708      2.63229364
        58        2.5437974635        4.1217403364     6103.7486570281        2.5437974651        1.5779428729      2.54459057
        59        2.5298676195        4.1217132797     6157.5269788577        2.5298676196        1.5918456603      2.55391568
        60        2.5698060697        4.1219357526     6003.8988927099        2.5698060697        1.5521296829      2.41326451
        61        2.6602471917        4.1223930121     5655.8261653697        2.6602471917        1.4621458205      4.45275991
        62        2.7941030959        4.1230538355     5140.6051708424        2.7941030959        1.3289507395      4.62878868
        63        2.9610547097        4.1238741297     4497.9812612151        2.9610547097        1.1628194201      4.69444738
        64        3.1482637550        4.1247957183     3777.3900195224        3.1482637550        0.9765319633      4.82829746
        65        3.3412744780        4.1257564137     3034.5081837027        3.3412744780        0.7844819357      4.68352653
        66        3.5250221583        4.1266873258     2327.3421495732        3.5250221583        0.6016651674      4.84410995
        67        3.6849060564        4.1275223845     1712.1144652317        3.6849060564        0.4426163281      4.82861913
        68        3.8078352802        4.1282007521     1239.2275744582        3.8078352802        0.3203654719      4.61640593
        69        3.8831833462        4.1286709992      949.5875661059        3.8831833462        0.2454876530      4.59183813
        70        3.9035820820        4.1288972768      871.5571021757        3.9035820820        0.2253151948      4.60760160
        71        3.8654857948        4.1288593631     1018.7732975093        3.8654857948        0.2633735683      4.73616762
        72        3.7694695044        4.1285571267     1389.0113707171        3.7694695044        0.3590876224      4.72197362
        73        3.6202254656        4.1280107448     1964.1989386033        3.6202254656        0.5077852792      4.74702470
        74        3.4262541623        4.1272563257     2711.5943721218        3.4262541623        0.7010021634      4.63204276
        75        3.1992816286        4.1263469543     3586.0447383632        3.1992816286        0.9270653257      4.81674574
        76        2.9534358491        4.1253462180     4533.1465816105        2.9534358491        1.1719103689      4.79761522
        77        2.7042562603        4.1243231069     5493.0576113516        2.7042562603        1.4200668467      1.23240220
        78        2.4676137370        4.1233473458     6404.6563181797        2.4676137371        1.6557336087      1.91582494
        79        2.2586219486        4.1224817815     7209.7235883214        2.2586219491        1.8638598329      2.12413391
        80        2.0906313361        4.1217801875     7856.8256727882        2.0906313548        2.0311488514      1.94549775
        81        1.9743717755        4.1212827273     8304.6129639211        1.9743723705        2.1469109518      2.20296575
        82        1.9172995595        4.1210201233     8524.3621061896        1.9173129524        2.2037205638      1.92319623
        83        1.9230605698        4.1210656415     8502.2536208902        1.9232636225        2.1980050717      1.92141176
        84        1.9902397158        4.1217919525     8245.2028683806        1.9922636106        2.1315522366      2.27323568
        85        2.1075135123        4.1241742061     7800.7830403361        2.1208266717        2.0166606938      2.38248490
        86        2.2436621583        4.1288055610     7292.0520191946        2.3031615400        1.8851434027      2.58774540
        87        2.3460317407        4.1328748242     6911.8098371822        2.5346619906        1.7868430835      2.60289363
        88        2.3754419015        4.1305856466     6789.1914598361        2.8174672634        1.7551437451      2.60326760
reaction occured at step 88 between IDs 1 and 2
        89        2.3470809313        4.1192583478     6855.0805682788        3.1468602414        1.7721774165      0.82076409
        90        2.3180478744        4.1298236943     7008.2538582574        2.7494857764        1.8117758198      1.27401735
        91        2.2401372777        4.1317949411     7317.2502761754        2.4224817001        1.8916576634      2.34032656
        92        2.1028078284        4.1275875119     7832.1886593957        2.1591623771        2.0247796836      2.39785526
        93        1.9475174578        4.1228983172     8414.7393592834        1.9596950714        2.1753808594      2.37841936
        94        1.8278223158        4.1206088891     8868.8844241637        1.8295848340        2.2927865733      2.21420503
        95        1.7737791658        4.1200533057     9075.7833353326        1.7739457840        2.3462741398      2.34615995
        96        1.7941643676        4.1202142629     8997.5525527713        1.7941747042        2.3260498952      2.38240658
        97        1.8870732064        4.1207214514     8640.1274152506        1.8870736437        2.2336482450      2.44683073
        98        2.0449102214        4.1214923844     8032.5693697821        2.0449102350        2.0765821629      2.41954843
        99        2.2558367010        4.1224753236     7220.4724147686        2.2558367014        1.8666386226      2.37998139
       100        2.5046080238        4.1236141376     6262.5881848722        2.5046080239        1.6190061137      2.39650739
       101        2.7735247230        4.1248350414     5227.0957858053        2.7735247230        1.3513103184      2.31972773
       102        3.0435931673        4.1260566936     4187.1511373375        3.0435931673        1.0824635263      2.39357903
       103        3.2958063221        4.1271952647     3215.9523827695        3.2958063221        0.8313889426      2.41374673
       104        3.5124621817        4.1281709583     2381.6651938381        3.5124621817        0.6157087766      2.34996346
       105        3.6784170339        4.1289116993     1742.5892002775        3.6784170339        0.4504946654      2.36978725
       106        3.7821846756        4.1293645514     1342.9502024001        3.7821846756        0.3471798758      4.58370688
       107        3.8167721281        4.1294963729     1209.6700218813        3.8167721281        0.3127242449      4.75543423
       108        3.7801926955        4.1292973122     1350.3954243710        3.7801926955        0.3491046167      4.75262775
       109        3.6756084856        4.1287847382     1752.9620308360        3.6756084856        0.4531762526      4.71705650
       110        3.5110805748        4.1279977572     2386.3395109051        3.5110805748        0.6169171824      4.68776749
       111        3.2989624427        4.1269950772     3202.9696176926        3.2989624427        0.8280326344      1.05749556
       112        3.0549852649        4.1258508366     4142.2882966634        3.0549852649        1.0708655717      2.18839860
       113        2.7971111817        4.1246471991     5135.1327875808        2.7971111817        1.3275360174      2.10019047
       114        2.5442511950        4.1234691145     6108.6807517834        2.5442511950        1.5792179195      2.11780303
       115        2.3149380577        4.1223955651     6991.5498987242        2.3149380579        1.8074575074      1.87634487
       116        2.1260583979        4.1214984957     7718.6982026589        2.1260584026        1.9954400978      2.32568262
       117        1.9917140834        4.1208359609     8235.8018300993        1.9917142191        2.1291218775      2.29439277
       118        1.9222890009        4.1204499877     8502.8567267116        1.9222919820        2.1981609868      2.38366024
       119        1.9237450893        4.1203817283     8496.9602929415        1.9237913279        2.1966366390      2.38232828
       120        1.9969441538        4.1207396976     8215.1986750773        1.9974328978        2.1237955439      2.40589454
       121        2.1361047317        4.1218626507     7681.2459054502        2.1396014306        1.9857579190      2.39381620
       122        2.3250397938        4.1242009674     6959.4582831479        2.3422892037        1.7991611736      2.42700242
       123        2.5336238896        4.1274939288     6165.3576175671        2.5946288535        1.5938700392      2.42993171
       124        2.7232329785        4.1302068229     5442.4116746781        2.8860397864        1.4069738444      2.41833744
       125        2.8643052811        4.1307135605     4898.6804068338        3.2100672051        1.2664082794      2.39113105
       126        2.9510122910        4.1297630821     4559.6064862491        3.5658457565        1.1787507911      2.40222641
reaction occured at step 126 between IDs 1 and 3
       127        2.8492213724        3.9882449944     4405.9351089540        3.6413952166        1.1390236221      0.81934447
       128        2.9799173352        4.1317353964     4455.4261532762        3.3501325487        1.1518180612      1.30630235
       129        2.9017696339        4.1315550238     4757.0169052680        3.0793820380        1.2297853899      2.35576848
       130        2.7577640466        4.1290141749     5304.2263272771        2.8263571698        1.3712501284      2.35968006
       131        2.5746388335        4.1257588883     5999.9934813234        2.5948990609        1.5511200548      2.25941683
       132        2.3901382630        4.1232757832     6704.0676777933        2.3944784726        1.7331375202      2.42181218
       133        2.2360347642        4.1219180043     7294.9138348548        2.2366797313        1.8858832401      2.34153630
       134        2.1318494476        4.1212906336     7695.4934021732        2.1319141044        1.9894411860      2.36800644
       135        2.0875504032        4.1210544970     7865.9361470377        2.0875547449        2.0335040939      2.06377098
       136        2.1071035030        4.1211015492     7790.4834710197        2.1071037015        2.0139980462      2.23910449
       137        2.1898812708        4.1214111765     7471.4828211924        2.1898812772        1.9315299057      2.14665679
       138        2.3310265465        4.1219644924     6927.6494541361        2.3310265466        1.7909379459      2.22610643
       139        2.5217803578        4.1227252607     6192.7243812123        2.5217803578        1.6009449029      2.12887570
       140        2.7500463190        4.1236474698     5313.3204780569        2.7500463190        1.3736011509      2.22405711
       141        3.0011686147        4.1246671819     4345.8815832333        3.0011686147        1.1234985672      2.05156174
       142        3.2589159542        4.1257180745     3352.9365152640        3.2589159542        0.8668021203      3.68823842
       143        3.5065635221        4.1267288727     2398.9039721409        3.5065635221        0.6201653506      4.47530553
       144        3.7280251096        4.1276305898     1545.7412652853        3.7280251096        0.3996054802      4.67959537
       145        3.9089450271        4.1283624871      848.7436709260        3.9089450271        0.2194174599      4.73740592
       146        4.0376716043        4.1288751454      352.7906495662        4.0376716043        0.0912035410      4.68473745
       147        4.1060465119        4.1291331348       89.3029436981        4.1060465119        0.0230866229      4.68564605
       148        4.1099577244        4.1291199682       74.1227845627        4.1099577244        0.0191622438      4.74174505
       149        4.0496113457        4.1288381419      306.4625845721        4.0496113457        0.0792267962      4.72258898
       150        3.9295062870        4.1283061739      768.9914274723        3.9295062870        0.1987998868      4.65973853
       151        3.7581234894        4.1275617138     1429.0492418177        3.7581234894        0.3694382244      4.57907336
       152        3.5473378938        4.1266563090     2240.9011500233        3.5473378938        0.5793184152      4.72443603
       153        3.3116028258        4.1256507697     3148.8744805706        3.3116028258        0.8140479439      4.76637992
       154        3.0669665426        4.1246148951     4091.1618679725        3.0669665426        1.0576483525      4.81194882
       155        2.8299752013        4.1236183988     5004.0296543473        2.8299752013        1.2936431974      4.54433338
       156        2.6165524926        4.1227290167     5826.1443393018        2.6165524926        1.5061765242      4.20842952
       157        2.4409199079        4.1220056341     6502.7225760846        2.4409199080        1.6810857262      1.21905293
       158        2.3146423348        4.1214983992     6989.2234161319        2.3146423355        1.8068560644      2.34844058
       159        2.2458467552        4.1212394309     7254.3345657786        2.2458467771        1.8753926757      2.38224997
       160        2.2386869241        4.1212462792     7282.0564882869        2.2386873940        1.8825593551      2.39952237
       161        2.2930640084        4.1215193892     7072.7732078371        2.2930711808        1.8284553808      2.39326288
       162        2.4046008087        4.1220582259     6643.4143994361        2.4046771839        1.7174574171      2.36422146
       163        2.5646889121        4.1228936538     6027.3982426283        2.5652564480        1.5582047416      2.32352044
       164        2.7602495836        4.1241123543     5275.6507843213        2.7632421288        1.3638627707      2.38373863
       165        2.9731998054        4.1257337392     4458.1952688815        2.9847421903        1.1525339338      2.40381988
       166        3.1811686089        4.1275118111     3660.6148100432        3.2150824906        0.9463432023      2.43548416
       167        3.3613313913        4.1289918633     2969.4399307696        3.4408299363        0.7676604720      2.42092234
       168        3.4960350408        4.1298592376     2451.7386886602        3.6518114001        0.6338241968      2.37374556
       169        3.5761754856        4.1300990851     2142.6697278424        3.8423746159        0.5539235994      2.35202249
       170        3.6006794481        4.1298712232     2047.0028679856        4.0115690849        0.5291917751      2.37219170
       171        3.5738777743        4.1293658056     2148.7212139382        4.1624556839        0.5554880314      2.39144663
       172        3.5028368276        4.1287784561     2421.2475876211        4.3010746144        0.6259416285      2.42326969
reaction occured at step 172 between IDs 1 and 2
       173        3.2030432065        3.9361722157     2835.8664196568        3.9892688762        0.7331290092      0.75640874
       174        3.2571821355        4.1279748541     3368.3728212809        3.6776508266        0.8707927186      1.15261483
       175        3.0930882555        4.1277687402     4002.3182885322        3.3707552685        1.0346804846      1.85473739
       176        2.9057110694        4.1274121615     4725.7454803243        3.0719640722        1.2217010920      1.65844980
       177        2.6994576669        4.1266081534     5520.4583223374        2.7866709669        1.4271504864      2.06001686
       178        2.4839553687        4.1252922567     6348.9673789449        2.5225406548        1.6413368880      2.11718439
       179        2.2753102128        4.1237722602     7150.1623620627        2.2891660674        1.8484620474      2.13615412
       180        2.0928450088        4.1225239313     7851.1397403303        2.0967503390        2.0296789225      2.32979437
       181        1.9533335386        4.1218096286     8388.0305488528        1.9541777190        2.1684760900      2.42838481
       182        1.8671873100        4.1215972895     8720.4372991852        1.8673261549        2.2544099795      2.50570694
       183        1.8381063695        4.1217556429     8833.5398102697        1.8381239392        2.2836492735      2.41761143
       184        1.8643193802        4.1221956685     8733.8455652913        1.8643211476        2.2578762884      2.41720828
       185        1.9397106268        4.1228592666     8444.7864411450        1.9397107762        2.1831486398      2.43818789
       186        2.0546760646        4.1236938897     8003.3092377590        2.0546760761        2.0690178251      2.39634892
       187        2.1969710892        4.1246325815     7456.5191471270        2.1969710900        1.9276614923      2.39255185
       188        2.3527172393        4.1256036732     6857.8231669808        2.3527172394        1.7728864339      2.40925350
       189        2.5075211485        4.1265272850     6262.5882729985        2.5075211485        1.6190061365      2.40079410
       190        2.6476670363        4.1273276303     5723.5762574770        2.6476670363        1.4796605939      2.35937280
       191        2.7612645915        4.1279358106     5286.5143354418        2.7612645915        1.3666712191      2.28845231
       192        2.8392650683        4.1282989610     4986.2000880981        2.8392650683        1.2890338928      2.40246530
       193        2.8762379228        4.1283885676     4843.5294763250        2.8762379228        1.2521506448      2.42059893
       194        2.8708151643        4.1281977459     4863.7674884007        2.8708151643        1.2573825816      2.45395541
       195        2.8257729064        4.1277469775     5036.2548760749        2.8257729064        1.3019740711      2.41117712
       196        2.7477264319        4.1270821110     5335.5799621953        2.7477264319        1.3793556791      2.41632182
       197        2.6464749873        4.1262643379     5724.0743100845        2.6464749873        1.4797893506      2.41463130
       198        2.5340842769        4.1253670874     6155.3497814536        2.5340842769        1.5912828106      2.41479220
       199        2.4237911855        4.1244682072     6578.5050049351        2.4237911855        1.7006770216      2.43687624
       200        2.3288394621        4.1236418201     6942.5976506214        2.3288394623        1.7948023580      2.48074935
       201        2.2613503578        4.1229537749     7200.9953922517        2.2613503590        1.8616034171      2.33294406
       202        2.2313122994        4.1224571437     7315.2666055449        2.2313123096        1.8911448443      2.37079497
       203        2.2457619773        4.1221891591     7258.3362094054        2.2457620524        1.8764271818      2.37428989
       204        2.3082091591        4.1221691838     7016.7027303400        2.3082096411        1.8139600247      2.40589454
       205        2.4183374238        4.1223961512     6591.5860121919        2.4183400288        1.7040587274      2.05878801
       206        2.5720026914        4.1228529410     5998.9498294497        2.5720143061        1.5508502496      2.32247807
       207        2.7615118395        4.1235041442     5268.4155069414        2.7615541830        1.3619923047      2.02473944
       208        2.9761748982        4.1242997344     4441.1401373957        2.9763010801        1.1481248363      1.88199665
       209        3.2030944111        4.1251783129     3566.7757518676        3.2034035349        0.9220839017      1.95167959
       210        3.4281436035        4.1260685789     2699.6912904790        3.4287720581        0.6979249753      2.02225371
       211        3.6370641583        4.1268997848     1894.7666602958        3.6381359895        0.4898356265      2.02343932
       212        3.8165594021        4.1276122520     1203.2047848507        3.8181088067        0.3110528499      1.81148646
       213        3.9552524252        4.1281544817      668.8142601812        3.9571664228        0.1729020565      2.15450574
       214        4.0444662798        4.1284948862      325.0367945566        4.0464966532        0.0840286064      2.16125162
       215        4.0787750693        4.1286073325      192.7595826136        4.0806261509        0.0498322632      2.27423431
       216        4.0563919298        4.1284797525      278.8478332757        4.0578371124        0.0720878227      2.38303325
       217        3.9793575305        4.1281133789      575.4126626794        3.9803159810        0.1487558484      2.43319479
       218        3.8535023928        4.1275295379     1059.9831255879        3.8540358453        0.2740271450      2.42594635
       219        3.6881110229        4.1267688188     1696.8021966470        3.6883563763        0.4386577959      2.47659570
       220        3.4952757586        4.1258885624     2439.3164801016        3.4953673892        0.6306128038      2.45071932
       221        3.2889933717        4.1249584548     3233.6536643851        3.2890206633        0.8359650831      2.44311916
       222        3.0841015826        4.1240451565     4022.6768038351        3.0841079598        1.0399435739      2.37662556
       223        2.8951936442        4.1232146578     4750.1920009402        2.8951947987        1.2280210136      2.45088506
       224        2.7355665650        4.1225257013     5364.9914146438        2.7355667259        1.3869591364      2.43156215
       225        2.6162779298        4.1220276875     5824.4935346792        2.6162779471        1.5057497577      2.41728890
       226        2.5453617850        4.1217573330     6097.7633437044        2.5453617865        1.5763955480      2.34638781
       227        2.5272561582        4.1217347037     6167.7114221233        2.5272561583        1.5944785455      2.41648295
       228        2.5624841144        4.1219608161     6032.3183982238        2.5624841144        1.5594767017      2.43769585
       229        2.6476162699        4.1224229564     5704.8005263458        2.6476162699        1.4748066865      4.67627415
       230        2.7754984423        4.1230887318     5212.7060876970        2.7754984423        1.3475902895      4.78305109
       231        2.9357532905        4.1239134626     4596.0035557096        2.9357532905        1.1881601721      4.81898757
       232        3.1155016998        4.1248392426     3904.2875234743        3.1155016998        1.0093375428      4.85286730
       233        3.3002726239        4.1258015769     3193.2849564704        3.3002726239        0.8255289530      4.52560556
       234        3.4750285569        4.1267299767     2520.8907965878        3.4750285569        0.6517014198      4.77297156
       235        3.6252544076        4.1275585594     1942.9970147069        3.6252544076        0.5023041517      4.73864486
       236        3.7380136605        4.1282245134     1509.4012657947        3.7380136605        0.3902108530      4.71521522
       237        3.8029177152        4.1286761799     1260.0885782400        3.8029177152        0.3257584647      4.77832101
       238        3.8129224112        4.1288777160     1222.1683052783        3.8129224112        0.3159553047      4.81930801
       239        3.7648870670        4.1288098889     1407.7147361127        3.7648870670        0.3639228218      4.72967718
       240        3.6598542000        4.1284740501     1812.7004656786        3.6598542000        0.4686198501      4.80907525
       241        3.5030163814        4.1278928958     2417.1275467353        3.5030163814        0.6248765143      4.82733270
       242        3.3033687747        4.1271074354     3186.3598045001        3.3033687747        0.8237386607      4.76669340
       243        3.0730770017        4.1261730341     4073.5527273464        3.0730770017        1.0530960324      4.80397515
       244        2.8266130148        4.1251550720     5022.9792684250        2.8266130148        1.2985420571      1.24365238
       245        2.5797303804        4.1241237446     5973.9735095616        2.5797303804        1.5443933641      2.38821580
       246        2.3483649249        4.1231498054     6865.1666779946        2.3483649250        1.7747848805      2.41866025
       247        2.1475432688        4.1222955319     7638.6741757983        2.1475432719        1.9747522631      2.43058363
       248        1.9903941443        4.1216114048     8243.9071245861        1.9903942599        2.1312172606      2.42237878
       249        1.8873293338        4.1211358555     8640.7396562921        1.8873324872        2.2338065218      2.42448562
       250        1.8454032754        4.1209112655     8802.0479559297        1.8454630074        2.2755079902      2.41728890
       251        1.8675027456        4.1211416826     8717.4547767018        1.8682542131        2.2536389369      2.30292238
       252        1.9493103331        4.1226173053     8406.7172145636        1.9554961528        2.1733069723      2.37188118
       253        2.0700727424        4.1265767785     7954.9037951133        2.1038625465        2.0565040360      2.41109691
       254        2.1823454449        4.1319346487     7541.3392265686        2.3092570766        1.9495892038      2.34676768
       255        2.2315370296        4.1320141546     7351.3654382358        2.5721941428        1.9004771250      2.38264154
       256        2.2199616606        4.1263028152     7374.0484918455        2.9021902580        1.9063411546      2.40989437
reaction occured at step 256 between IDs 1 and 3
       257        1.9583560610        3.8884200814     7465.8125302059        2.7254433664        1.9300640204      0.75817326
       258        2.1525643777        4.1323222874     7658.0368591538        2.3877140752        1.9797579097      1.11243819
       259        2.0452544097        4.1290804482     8060.5899002508        2.1213158058        2.0838260386      1.90189916
       260        1.9052026372        4.1237175753     8581.5892367615        1.9223337489        2.2185149381      1.88028779
       261        1.7912498342        4.1208852037     9011.4217709542        1.7938301591        2.3296353695      2.32195723
       262        1.7395351395        4.1201748982     9208.7153341740        1.7397882655        2.3806397587      2.31913392
       263        1.7610040943        4.1203329949     9126.2813473174        1.7610203159        2.3593289005      2.32389294
       264        1.8539891869        4.1208552769     8768.6196314587        1.8539898919        2.2668660900      2.38735048
       265        2.0108199369        4.1216303484     8164.9699970032        2.0108199592        2.1108104115      2.42019478
       266        2.2196987783        4.1226095393     7360.7791521472        2.2196987789        1.9029107610      2.41141779
       267        2.4655588152        4.1237345142     6414.1027345377        2.4655588152        1.6581756990      2.41640238
       268        2.7310074918        4.1249355384     5391.9483325711        2.7310074918        1.3939280466      2.42919872
       269        2.9974523057        4.1261324661     4365.9248580488        2.9974523057        1.1286801604      2.40437809
       270        3.2463582877        4.1272428148     3407.4096356776        3.2463582877        0.8808845272      2.39231493
       271        3.4605387892        4.1281881423     2582.5800873240        3.4605387892        0.6676493531      2.39310484
       272        3.6253796297        4.1288985523     1947.6959528835        3.6253796297        0.5035189226      2.42692115
       273        3.7299040662        4.1293230704     1545.0199449526        3.7299040662        0.3994190042      4.74329667
       274        3.7675730729        4.1294312406     1399.7283063000        3.7675730729        0.3618581677      4.36611886
       275        3.7367612800        4.1292174937     1518.0866990161        3.7367612800        0.3924562137      4.74795762
       276        3.6408562975        4.1286984913     1887.0557270963        3.6408562975        0.4878421938      4.69718556
       277        3.4879865313        4.1279165978     2475.3572206435        3.4879865313        0.6399300665      4.78368247
       278        3.2903867671        4.1269319220     3235.8974796670        3.2903867671        0.8365451549      4.28202606
       279        3.0634733376        4.1258178904     4109.3275613640        3.0634733376        1.0623445529      1.31333260
       280        2.8247024176        4.1246554317     5028.4370873291        2.8247024176        1.2999530141      2.35469698
       281        2.5923041391        4.1235280343     5923.0317868248        2.5923041391        1.5312238952      2.40813281
       282        2.3839818577        4.1225134587     6724.9328902588        2.3839818577        1.7385316010      2.33730766
       283        2.2156756099        4.1216813848     7372.7511870045        2.2156756110        1.9060057750      2.38648578
       284        2.1004597762        4.1210864155     7816.1239853535        2.1004598061        2.0206266394      2.40829284
       285        2.0476553766        4.1207698805     8019.1558809062        2.0476559852        2.0731145039      1.71143529
       286        2.0621843524        4.1207536556     7962.8925958950        2.0621934584        2.0585693031      1.70507383
       287        2.1441804804        4.1210615777     7646.9088646424        2.1442772576        1.9768810973      1.99136095
       288        2.2886416719        4.1217636190     7090.8242719670        2.2893642788        1.8331219471      2.13489567
       289        2.4846676901        4.1229942881     6337.3230705080        2.4884954043        1.6383265980      2.34365637
       290        2.7143665681        4.1247889100     5455.7510435112        2.7291419595        1.4104223419      2.25092621
       291        2.9535419798        4.1268102733     4538.3992625850        2.9967895208        1.1732682935      2.37545715
       292        3.1766240206        4.1284824833     3681.9487658301        3.2772572462        0.9518584627      2.31446825
       293        3.3635979009        4.1294617204     2962.4901764222        3.5590403932        0.7658638195      2.23896615
       294        3.5034845450        4.1298361836     2422.8335753691        3.8347698959        0.6263516385      2.36452999
       295        3.5926413533        4.1298883267     2078.1617311388        4.1014264667        0.5372469734      2.35538569
       296        3.6309671462        4.1298604777     1929.8033878950        4.3598995774        0.4988933315      2.34214164
reaction occured at step 296 between IDs 1 and 2
       297        3.4565195575        3.9673902776     1976.1339431517        4.2476716977        0.5108707201      0.07227636
       298        3.5566655589        4.1298645758     2217.2302874617        3.9838973340        0.5731990169      1.21954523
       299        3.4436567314        4.1297051866     2653.7509114282        3.7113932876        0.6860484552      1.76078842
       300        3.2812357593        4.1290991553     3279.6783416961        3.4309750387        0.8478633960      1.89866065
       301        3.0758189065        4.1278117321     4069.2853380191        3.1475697574        1.0519928257      1.79280118
       302        2.8423434961        4.1259238589     4965.1049159565        2.8704496567        1.2835803628      1.89930747
       303        2.6039501888        4.1239364790     5879.5628389888        2.6125223670        1.5199862902      1.75933521
       304        2.3864369121        4.1223746909     6714.8995491954        2.3883836681        1.7359377788      1.80184897
       305        2.2115509828        4.1213980585     7387.6099849558        2.2118689998        1.9098470757      2.08851031
       306        2.0939701091        4.1208878124     7840.4588797455        2.0940067506        2.0269177033      2.13238322
       307        2.0417933287        4.1207329741     8041.6885086916        2.0417963038        2.0789396454      2.04767829
       308        2.0576140331        4.1208915463     7981.1047449851        2.0576142070        2.0632775132      1.81080757
       309        2.1390512616        4.1213402385     7667.8274535686        2.1390512692        1.9822889770      2.39960181
       310        2.2790927601        4.1220508509     7128.8721316167        2.2790927603        1.8429580908      2.56521459
       311        2.4665888489        4.1229754557     6407.1822245444        2.4665888489        1.6563866068      2.52482314
       312        2.6870172984        4.1240514492     5558.6899996489        2.6870172984        1.4370341507      2.49879583
       313        2.9234793238        4.1252038850     4648.4728964059        2.9234793238        1.2017245612      2.56512381
       314        3.1578781943        4.1263530478     3746.2237622814        3.1578781943        0.9684748534      2.47541149
       315        3.3721946378        4.1274153524     2921.3208551516        3.3721946378        0.7552207147      2.55950747
       316        3.5497872982        4.1283115244     2237.8290933673        3.5497872982        0.5785242262      4.53835774
       317        3.6766176114        4.1289742726     1749.7917134553        3.6766176114        0.4523566612      4.65315698
       318        3.7423005940        4.1293507842     1497.1752898360        3.7423005940        0.3870501901      4.67145170
       319        3.7409058084        4.1294111337     1502.8039977030        3.7409058084        0.3885053253      4.62967570
       320        3.6714230241        4.1291473207     1770.5546307725        3.6714230241        0.4577242966      4.62141001
       321        3.5378643674        4.1285786532     2284.9822960170        3.5378643674        0.5907142858      4.69444738
       322        3.3489757869        4.1277467922     3012.4173437155        3.3489757869        0.7787710053      1.31488132
       323        3.1175948117        4.1267121035     3903.4355555233        3.1175948117        1.0091172918      2.49965763
       324        2.8597107644        4.1255495267     4896.4774186725        2.8597107644        1.2658387623      2.42862893
       325        2.5933075890        4.1243414351     5922.2966449557        2.5933075890        1.5310338461      2.44262514
       326        2.3370876371        4.1231686066     6908.8618517060        2.3370876372        1.7860809695      2.44460244
       327        2.1091869805        4.1221084191     7786.3189717305        2.1091869840        2.0129214386      2.48398016
       328        1.9259640434        4.1212259859     8491.6427355058        1.9259641670        2.1952619426      2.46128886
       329        1.8009539498        4.1205721864     8972.6738146445        1.8009572768        2.3196182366      2.54611021
       330        1.7440059938        4.1202070192     9191.5455665883        1.7440689266        2.3762010254      2.56303745
       331        1.7602161320        4.1203583962     9129.4275749883        1.7610082966        2.3601422642      2.31898551
       332        1.8465300510        4.1218554298     8801.3415843905        1.8530315512        2.2753253788      2.46338023
       333        1.9820977688        4.1259033940     8292.6010383188        2.0173176501        2.1438056253      2.46170685
       334        2.1186843810        4.1311393368     7784.5145378565        2.2492252316        2.0124549558      2.46866627
       335        2.2026956737        4.1310750407     7459.2960074218        2.5477435354        1.9283793670      2.46950741
       336        2.2361581868        4.1262371309     7311.1435243398        2.9195802781        1.8900789441      2.57899773
reaction occured at step 336 between IDs 1 and 3
       337        2.0214551610        3.8900127075     7227.8951353810        2.7894208773        1.8685575465      0.10613438
       338        2.2528850252        4.1330704425     7272.8736969110        2.4915150522        1.8801854173      1.34039009
       339        2.1737505082        4.1300098201     7567.1403276131        2.2530036545        1.9562593120      2.50371608
       340        2.0496156953        4.1248675866     8027.4236552097        2.0682833240        2.0752518913      2.48696336
       341        1.9367132438        4.1219886405     8453.0130951690        1.9397080596        2.1852753967      2.52966993
       342        1.8715858051        4.1211085086     8701.5324926747        1.8719033816        2.2495227035      2.47397505
       343        1.8675762352        4.1210649496     8716.8736907752        1.8675983831        2.2534887144      2.46547515
       344        1.9261552438        4.1213615915     8491.4276853494        1.9261562842        2.1952063477      2.52411970
       345        2.0432634117        4.1218860312     8040.4621990362        2.0432634464        2.0786226194      2.57753025
       346        2.2110787050        4.1226085737     7394.1193115071        2.2110787059        1.9115298687      2.56185971
       347        2.4186197590        4.1234878158     6594.7166343889        2.4186197590        1.7048680568      2.54619965
       348        2.6524176901        4.1244688130     5694.1415424631        2.6524176901        1.4720511229      2.54369751
       349        2.8973774870        4.1254869680     4750.5342074595        2.8973774870        1.2281094810      2.55364573
       350        3.1377891055        4.1264739711     3824.3994915510        3.1377891055        0.9886848656      2.09842709
       351        3.3584095681        4.1273617934     2974.4366500651        3.3584095681        0.7689522254      4.29776880
       352        3.5455322706        4.1280857804     2253.4150407798        3.5455322706        0.5825535098      4.64331944
       353        3.6879662562        4.1285960694     1704.4302913255        3.6879662562        0.4406298132      4.67657589
       354        3.7778258833        4.1288577432     1357.8503254293        3.7778258833        0.3510318599      4.71859200
       355        3.8110796429        4.1288542469     1229.2056609604        3.8110796429        0.3177746039      4.75044721
       356        3.7878079190        4.1285884751     1318.1965566222        3.7878079190        0.3407805561      4.66003814
       357        3.7121544673        4.1280850548     1608.8895286123        3.7121544673        0.4159305875      4.65584718
       358        3.5919700087        4.1273838751     2071.0709644410        3.5919700087        0.5354138663      4.65943897
       359        3.4381942175        4.1265380519     2662.6298248492        3.4381942175        0.6883438345      4.78305109
       360        3.2640236541        4.1256111383     3332.7654247621        3.2640236541        0.8615874841      4.75138148
       361        3.0839288707        4.1246708077     4025.7650066784        3.0839288707        1.0407419370      4.34908930
       362        2.9125975399        4.1237829570     4685.0690795334        2.9125975399        1.2111854171      4.57156384
       363        2.7638831123        4.1230112896     5257.3365797050        2.7638831123        1.3591281772      4.71245599
       364        2.6498157771        4.1224076470     5696.2332430932        2.6498157771        1.4725918699      4.68443466
       365        2.5797620282        4.1220143835     5965.6917270413        2.5797620282        1.5422523553      4.70023172
       366        2.5597663190        4.1218570005     6042.4297119799        2.5597663190        1.5620906814      4.67476607
       367        2.5921365909        4.1219461439     5917.5608730735        2.5921365909        1.5298095530      4.32856982
       368        2.6752851629        4.1222728507     5597.1919568976        2.6752851764        1.4469876879      1.28647757
       369        2.8038527150        4.1228141707     5101.9649394339        2.8038528329        1.3189614557      2.36970976
       370        2.9690889542        4.1235304573     4465.5740681099        2.9690897511        1.1544415031      2.15303369
       371        3.1594793460        4.1243698827     3732.3590221746        3.1594835208        0.9648905368      2.23330888
       372        3.3615668692        4.1252721919     2954.1407472556        3.3615839201        0.7637053227      2.16596656
       373        3.5609145203        4.1261729240     2186.5146588696        3.5609694594        0.5652584037      2.26889473
       374        3.7431426812        4.1270044116     1484.8417910336        3.7432844719        0.3838617304      2.22953037
       375        3.8949848767        4.1277053150      900.2018307765        3.8952828457        0.2327204384      2.06036823
       376        4.0052666310        4.1282236535      475.6184610182        4.0057845812        0.1229570225      2.21664291
       377        4.0657260712        4.1285229812      242.9090188847        4.0664809914        0.0627969100      2.25029723
       378        4.0715890328        4.1285847430      220.4690016656        4.0725212436        0.0569957102      1.88116625
       379        4.0218598967        4.1284088702      412.1493657687        4.0228415319        0.1065489736      2.01500106
       380        3.9193328395        4.1280112684      807.2032910462        3.9202164076        0.2086784289      1.86394335
       381        3.7703564756        4.1274204292     1381.1834794026        3.7710351694        0.3570639536      1.99910559
       382        3.5843811049        4.1266765228     2097.6899646423        3.5848237069        0.5422954180      2.02372182
       383        3.3733029562        4.1258357950     2910.9236988634        3.3735461050        0.7525328388      1.94023754
       384        3.1506013826        4.1249607605     3768.9860934278        3.1507128812        0.9743593779      2.06942789
       385        2.9303393274        4.1241203472     4617.7459406297        2.9303816282        1.1937810197      1.61402011
       386        2.7260915007        4.1233804090     5404.9487115240        2.7261046902        1.3972889083      2.09781971
       387        2.5499144648        4.1227979841     6084.1782253897        2.5499178373        1.5728835192      2.11237134
       388        2.4114462579        4.1224178522     6618.3261449466        2.4114469683        1.7109715943      2.26478261
       389        2.3172003987        4.1222709670     6982.3168162873        2.3172005237        1.8050705682      2.46866627
       390        2.2700937068        4.1223684058     7164.9103402595        2.2700937256        1.8522746990      2.48909860
       391        2.2692537092        4.1227051400     7169.4621369798        2.2692537117        1.8534514308      2.50103776
       392        2.3101056997        4.1232571465     7013.5750150433        2.3101057000        1.8131514468      2.54969300
       393        2.3847503532        4.1239838906     6727.6480983445        2.3847503532        1.7392335374      2.50216023
       394        2.4826026315        4.1248270230     6352.4003917434        2.4826026315        1.6422243915      2.52218726
       395        2.5912678049        4.1257201435     5935.5199490317        2.5912678049        1.5344523385      2.53959750
       396        2.6975751069        4.1265876604     5527.6611114223        2.6975751069        1.4290125535      2.51004582
       397        2.7887141705        4.1273531178     5178.0807893550        2.7887141705        1.3386389473      2.55005183
       398        2.8533749972        4.1279484307     4930.2645972728        2.8533749972        1.2745734335      2.58285781
       399        2.8827816711        4.1283151698     4817.9332413532        2.8827816711        1.2455334988      2.51579621
       400        2.8715364121        4.1284163328     4861.8231115300        2.8715364121        1.2568799207      2.53719713
       401        2.8181660194        4.1282401517     5067.5872764088        2.8181660194        1.3100741323      2.51309199
       402        2.7253094693        4.1277972721     5425.0589103402        2.7253094693        1.4024878028      2.57817207
       403        2.5995377984        4.1271261346     5908.9688325961        2.5995377984        1.5275883362      2.58414708
       404        2.4508030260        4.1262832458     6481.0395340548        2.4508030260        1.6754802198      2.55032102
       405        2.2915967650        4.1253391906     7093.2243871668        2.2915967651        1.8337424256      2.51815625
       406        2.1358962901        4.1243700216     7691.7511251265        2.1358962922        1.9884737315      2.49217981
       407        1.9980102754        4.1234549650     8221.5778482747        1.9980103045        2.1254446896      2.57058248
       408        1.8914066047        4.1226631110     8630.8757673075        1.8914069885        2.2312565063      2.51283060
       409        1.8276354713        4.1220570943     8875.2090716912        1.8276399224        2.2944216230      2.52087138
       410        1.8153711166        4.1216890394     8921.2259617046        1.8154133585        2.3063179228      2.51736908
       411        1.8595608169        4.1216343995     8750.0814057664        1.8598734286        2.2620735825      2.50043377
       412        1.9603810464        4.1220253952     8361.6042235092        1.9621397984        2.1616443487      2.54075486
       413        2.1117081421        4.1230113943     7780.0595543247        2.1192006784        2.0113032522      2.56548700
       414        2.2998775951        4.1245383227     7058.0948506776        2.3244034717        1.8246607276      2.60373520
       415        2.5052910386        4.1261644106     6269.8110540674        2.5687798659        1.6208733719      2.56439773
       416        2.7081764001        4.1273338327     5489.5398449171        2.8430870001        1.4191574327      2.56948889
       417        2.8948092921        4.1278488227     4769.6044695461        3.1397051626        1.2330395307      2.60308060
       418        3.0590843449        4.1279834263     4134.6815812630        3.4534520862        1.0688990814      2.57478323
       419        3.1989090224        4.1281909846     3594.6190611732        3.7812758727        0.9292819621      2.61293435
reaction occured at step 419 between IDs 1 and 2
       420        3.3002396022        4.1178898468     3162.8087859705        4.1000059687        0.8176502446      0.83462969
       421        3.3885233654        4.1295582827     2866.4478030040        3.9492903466        0.7410349173      1.37447750
       422        3.4211319326        4.1302544637     2743.0053213408        3.7929277200        0.7091225311      2.56158808
       423        3.3996914346        4.1304463452     2826.6830065855        3.6243012925        0.7307549106      2.57414310
       424        3.3200790734        4.1299065375     3132.5489544425        3.4399880064        0.8098274641      2.53249845
       425        3.1866483938        4.1286112323     3643.6708259426        3.2410577031        0.9419628386      2.52975822
       426        3.0135709060        4.1268361453     4306.2973482160        3.0336252228        1.1132652393      2.59163174
       427        2.8223852354        4.1250811389     5039.0470451622        2.8281120930        1.3026959034      2.55932671
       428        2.6362162529        4.1237144601     5753.8934653038        2.6374291847        1.4874982073      2.55905561
       429        2.4746618821        4.1227777817     6375.1897371523        2.4748458677        1.6481158997      2.56639542
       430        2.3522052053        4.1221569317     6846.4712244023        2.3522247487        1.7699517264      2.51370212
       431        2.2788489782        4.1217840289     7128.7830083519        2.2788504215        1.8429350507      2.48773162
       432        2.2606948179        4.1216507183     7198.4906886984        2.2606948928        1.8609559004      2.54441191
       433        2.2999872577        4.1217628133     7046.9345196215        2.2999872605        1.8217755556      2.61218097
       434        2.3950410793        4.1221122385     6680.6019721504        2.3950410794        1.7270711592      2.57313783
       435        2.5403578869        4.1226769827     6120.6766236851        2.5403578869        1.5823190958      2.43958306
       436        2.7269871865        4.1234209493     5401.6408647779        2.7269871865        1.3964337628      1.80818734
       437        2.9431228740        4.1242925730     4568.9632293521        2.9431228740        1.1811696991      3.60531130
       438        3.1749076861        4.1252333707     3676.0197218665        3.1749076861        0.9503256845      3.82003759
       439        3.4073741333        4.1261794879     2780.4601124290        3.4073741333        0.7188053546      3.77723437
       440        3.6254665337        4.1270661043     1940.2715764585        3.6254665337        0.5015995706      3.52860629
       441        3.8150709252        4.1278326179     1209.8148765070        3.8150709252        0.3127616927      3.52209025
       442        3.9639797775        4.1284272720      636.1105910076        3.9639797775        0.1644474945      3.96442255
       443        4.0627224209        4.1288091540      255.6346084711        4.0627224209        0.0660867331      3.36385283
       444        4.1052098402        4.1289536107       91.8449011439        4.1052098402        0.0237437705      3.07590600
       445        4.0891407915        4.1288516966      153.6084655810        4.0891407915        0.0397109051      3.80999701
       446        4.0161486956        4.1285101388      434.6329768961        4.0161486956        0.1123614432      3.81400690
       447        3.8916827294        4.1279540894      913.9373936990        3.8916827294        0.2362713601      3.91263081
       448        3.7246226638        4.1272226713     1557.3246009676        3.7246226638        0.4026000075      4.16945137
       449        3.5266615841        4.1263645451     2319.7520049159        3.5266615841        0.5997029610      4.51686234
       450        3.3115058315        4.1254405401     3148.4364676901        3.3115058315        0.8139347087      4.67024764
       451        3.0939272691        4.1245136446     3986.4815855607        3.0939272691        1.0305863756      4.63886157
       452        2.8887519194        4.1236466731     4776.7807847540        2.8887519194        1.2348947537      4.58370688
       453        2.7098465577        4.1229006439     5465.9310731628        2.7098465577        1.4130540862      4.84249169
       454        2.5691621804        4.1223240096     6007.8914081714        2.5691621804        1.5531618291      4.87998742
       455        2.4759251521        4.1219590559     6367.1362264278        2.4759251521        1.6460339037      4.88426263
       456        2.4359950518        4.1218287688     6521.0886037979        2.4359950531        1.6858337170      1.31147896
       457        2.4514708727        4.1219426266     6461.6659448680        2.4514708996        1.6704717540      2.51474873
       458        2.5205450196        4.1222933011     6195.8319847839        2.5205454228        1.6017482815      2.66795160
       459        2.6376257037        4.1228571256     5745.1251578201        2.6376301040        1.4852314219      2.68923502
       460        2.7937076833        4.1235989054     5144.2431153643        2.7937425879        1.3298912220      2.68256618
       461        2.9769331481        4.1244835319     4438.9180582440        2.9771360845        1.1475503837      2.64671243
       462        3.1732468942        4.1254718662     3683.3664854751        3.1741279230        0.9522249720      2.67287111
       463        3.3671830736        4.1265009393     2937.1693251363        3.3701141858        0.7593178657      2.64362318
       464        3.5430217280        4.1274576487     2260.6965230335        3.5507249027        0.5844359207      2.66677361
       465        3.6865251138        4.1282052500     1708.4931174258        3.7030353171        0.4416801362      2.69283199
       466        3.7868668458        4.1286420498     1322.0440224391        3.8166276119        0.3417752041      2.68505068
       467        3.8379399740        4.1287531201     1124.9142034875        3.8843168863        0.2908131461      2.38021587
       468        3.8384756453        4.1285962581     1122.2353681529        3.9024049257        0.2901206128      2.60645065
       469        3.7911549608        4.1282641981     1303.9952778357        3.8705162911        0.3371092374      2.68873620
       470        3.7012695539        4.1278430920     1650.0582533069        3.7911414516        0.4265735382      2.64874367
       471        3.5754626036        4.1273966553     2134.9738225778        3.6690653287        0.5519340518      2.52157301
       472        3.4208064841        4.1269630890     2731.5326193821        3.5107984828        0.7061566049      2.62495285
       473        3.2442618426        4.1265503448     3412.8404475809        3.3240769433        0.8822885022      2.52359238
       474        3.0524981933        4.1261508452     4153.0691921924        3.1174814574        1.0736526520      2.59850757
       475        2.8519911909        4.1257417970     4927.0817623817        2.9001282685        1.2737506061      2.64680908
       476        2.6493551104        4.1252884461     5709.1585952610        2.6814010906        1.4759333357      2.65524521
       477        2.4517789502        4.1247764730     6471.4360438691        2.4706761821        1.6729975228      2.63900281
       478        2.2672045365        4.1242355164     7183.3084356158        2.2769311491        1.8570309799      2.67860053
       479        2.1039014470        4.1237522727     7813.1230074097        2.1082171036        2.0198508257      2.62267317
       480        1.9693601229        4.1234198140     8332.2654911790        1.9709985022        2.1540596911      2.49235121
       481        1.8690142294        4.1232965347     8719.9434338553        1.8695465400        2.2542823053      2.56059259
       482        1.8053758197        4.1233882515     8966.4622912817        1.8055253399        2.3180124318      2.61067550
       483        1.7778471343        4.1236692675     9074.0348976191        1.7778842306        2.3458221332      2.59915988
       484        1.7830296179        4.1240934197     9055.6288709586        1.7830380202        2.3410638019      2.68078019
       485        1.8153169802        4.1246169739     8932.7611138727        1.8153187949        2.3092999937      2.61312277
       486        1.8675779722        4.1251834734     8732.7981150448        1.8675783656        2.2576055012      2.13275971
       487        1.9319397626        4.1257422436     8485.9972923919        1.9319398531        2.1938024810      2.12525505
       488        2.0005675625        4.1262401080     8222.4592331286        2.0005675859        2.1256725455      2.03480090
       489        2.0664311929        4.1266334018     7969.2089503285        2.0664312000        2.0602022089      1.94513226
       490        2.1239593431        4.1268869653     7747.6612074701        2.1239593458        2.0029276222      2.02859307
       491        2.1695389736        4.1269809754     7571.7151708562        2.1695389749        1.9574420018      1.97169600
       492        2.2017990264        4.1269144589     7446.6705593243        2.2017990272        1.9251154325      2.26570300
       493        2.2216454564        4.1266996595     7369.0703466601        2.2216454570        1.9050542030      1.84957825
       494        2.2320670281        4.1263664112     7327.4688925483        2.2320670287        1.8942993831      2.11668973
       495        2.2377178404        4.1259544738     7304.0171562842        2.2377178411        1.8882366334      2.32232924
       496        2.2443420903        4.1255083124     7276.6676150812        2.2443420915        1.8811662221      2.37327919
       497        2.2581090894        4.1250764842     7221.7441608854        2.2581090914        1.8669673948      2.41874097
       498        2.2849171393        4.1247029619     7116.6012640466        2.2849171432        1.8397858226      2.52060837
       499        2.3297476906        4.1244238515     6942.1094992879        2.3297476982        1.7946761610      2.66324587
       500        2.3961250768        4.1242667154     6684.7427665164        2.3961250923        1.7281416386      2.66746064
       501        2.4857185830        4.1242451590     6338.0966192636        2.4857186137        1.6385265761      2.61510276
       502        2.5981285611        4.1243622528     5903.7288399056        2.5981286190        1.5262336918      2.66060619
       503        2.7308538954        4.1246082484     5391.2764565056        2.7308539973        1.3937543530      2.59033499
       504        2.8794479883        4.1249634985     4817.8636584696        2.8794481517        1.2455155102      2.60467092
       505        3.0378357747        4.1253969090     4206.8695432446        3.0378360100        1.0875611343      2.67701755
       506        3.1987772381        4.1258751912     3586.1709466712        3.1987775389        0.9270979531      2.67346268
       507        3.3544141629        4.1263586939     2986.0113918867        3.3544145005        0.7719445310      2.64951830
       508        3.4968792830        4.1268081592     2436.6709327312        3.4968796126        0.6299288762      2.64825976
       509        3.6189051857        4.1271877415     1966.1224878273        3.6189051857        0.5082825557      4.78715807
       510        3.7143882542        4.1274662954     1597.8553991767        3.7143882542        0.4130780412      4.82604695
       511        3.7788696996        4.1276222568     1349.0335989224        3.7788696996        0.3487525572      4.86786037
       512        3.8098875416        4.1276413626     1229.1252692115        3.8098875416        0.3177538210      4.71184327
       513        3.8071874790        4.1275211293     1239.1044832911        3.8071874790        0.3203336504      4.71000605
       514        3.7727637646        4.1272678820     1371.2816020275        3.7727637646        0.3545041174      4.76732047
       515        3.7107413035        4.1269000770     1609.7721901765        3.7107413035        0.4161587734      4.83958154
       516        3.6270931527        4.1264425020     1931.5673413580        3.6270931527        0.4993493492      4.88459180
       517        3.5292312146        4.1259283355     2308.1249092722        3.5292312146        0.5966971209      4.89978185
       518        3.4254851079        4.1253936442     2707.3640382316        3.4254851079        0.6999085363      4.76011908
       519        3.3245196591        4.1248770727     3095.9172049988        3.3245196591        0.8003574137      4.83441656
       520        3.2347231098        4.1244146112     3441.4764943707        3.2347231098        0.8896915014      4.59766386
       521        3.1636192655        4.1240389983     3715.0651994410        3.1636192655        0.9604197327      4.84346252
       522        3.1173409412        4.1237791561     3893.0724351736        3.1173409412        1.0064382149      4.84475756
       523        3.1001963632        4.1236539581     3958.9062619876        3.1001963632        1.0234575949      4.74515995
       524        3.1143665310        4.1236682592     3904.1489863682        3.1143665310        1.0093017282      4.75075859
       525        3.1597689873        4.1238260048     3729.1348290026        3.1597689873        0.9640570174      4.79856814
       526        3.2340521282        4.1241145098     3442.9111215283        3.2340521282        0.8900623816      4.88722678
       527        3.3327722257        4.1245134264     3062.5882426499        3.3327722257        0.7917412006      4.87506377
       528        3.4497078142        4.1249956100     2612.1268695710        3.4497078142        0.6752877958      4.88031601
       529        3.5772969899        4.1255280457     2120.6500111085        3.5772969899        0.5482310559      4.84799820
       530        3.7071668629        4.1260731825     1620.4001614877        3.7071668629        0.4189063197      4.85514289
       531        3.8307211792        4.1265939808     1144.4858026553        3.8307211792        0.2958728016      4.86361382
       532        3.9397367310        4.1270540336      724.5748588022        3.9397367310        0.1873173026      4.87309710
       533        4.0269367779        4.1274223443      388.6950864040        4.0269367779        0.1004855665      4.81610560
       534        4.0864933289        4.1276737101      159.2926467063        4.0864933289        0.0411803812      4.85124318
       535        4.1144300797        4.1277907076       51.6811575649        4.1144300797        0.0133606278      4.83764338
       536        4.1088969305        4.1277653179       72.9860984816        4.1088969305        0.0188683873      4.66814203
       537        4.0702971656        4.1275995822      221.6553937002        4.0702971656        0.0573024167      4.53580156
       538        4.0012586722        4.1273050887      487.5687572362        4.0012586722        0.1260464165      4.85937466
       539        3.9064515526        4.1269016953      852.7382615720        3.9064515526        0.2204501427      4.78494574
       540        3.7922651768        4.1264163371     1292.5529379501        3.7922651768        0.3341511604      4.87178686
       541        3.6663682778        4.1258837997     1777.4833916833        3.6663682778        0.4595155219      4.80811816
       542        3.5371728271        4.1253402905     2275.1307579564        3.5371728271        0.5881674633      4.84572930
       543        3.4132504440        4.1248223639     2752.4799690182        3.4132504440        0.7115719198      4.74702470
       544        3.3027380540        4.1243677642     3178.2020290794        3.3027380540        0.8216297102      4.63115483
       545        3.2127622746        4.1240063198     3524.8453620754        3.2127622746        0.9112440452      4.87473588
       546        3.1489449432        4.1237635925     3770.7626324816        3.1489449432        0.9748186493      4.75730706
       547        3.1150044088        4.1236566766     3901.6367643350        3.1150044088        1.0086522678      4.86426665
       548        3.1124926357        4.1236939978     3911.4970902001        3.1124926357        1.0112013621      4.61640593
       549        3.1406765785        4.1238685008     3803.1518619507        3.1406765785        0.9831919223      4.89845723
       550        3.1965999052        4.1241717304     3588.0039637166        3.1965999052        0.9275718252      4.81514570
       551        3.2752740591        4.1245805655     3285.2605358830        3.2752740591        0.8493065065      4.44784125
       552        3.3700335598        4.1250654807     2920.5905688244        3.3700335598        0.7550319208      4.90177013
       553        3.4730030051        4.1255919501     2524.3238935838        3.4730030051        0.6525889450      4.86230868
       554        3.5756505350        4.1261226589     2129.3188396311        3.5756505350        0.5504721239      4.75418650
       555        3.6693871446        4.1266191434     1768.6503396894        3.6693871446        0.4572319987      4.86622621
       556        3.7461727009        4.1270465219     1473.2840542632        3.7461727009        0.3808738210      4.69505559
       557        3.7990792359        4.1273752711     1269.9043281775        3.7990792359        0.3282960352      4.79856814
       558        3.8227723009        4.1275816422     1179.0538421699        3.8227723009        0.3048093412      4.57242907
       559        3.8138805868        4.1276521622     1213.7212728088        3.8138805868        0.3137715754      4.76136993
       560        3.7712172393        4.1275827356     1378.4817288027        3.7712172393        0.3563654963      4.77171460
       561        3.6958445391        4.1273808992     1669.2552840234        3.6958445391        0.4315363601      4.75138148
       562        3.5909685756        4.1270631495     2073.7040559120        3.5909685756        0.5360945739      4.47724074
       563        3.4616783672        4.1266549258     2572.2412682512        3.4616783672        0.6649765586      4.62524398
       564        3.3145447657        4.1261898406     3139.5797784966        3.3145447657        0.8116450748      4.75169299
       565        3.1571046330        4.1257041376     3746.7059341737        3.1571047908        0.9685995046      1.09894428
       566        2.9972799536        4.1252379344     4363.1313454570        2.9972800705        1.1279579807      2.40135091
       567        2.8427617349        4.1248283706     4959.2495648474        2.8427618120        1.2820666357      2.41648295
       568        2.7004205316        4.1245091802     5508.6146182738        2.7004205775        1.4240886486      2.29221586
       569        2.5757816664        4.1243076032     5989.9589961446        2.5757816915        1.5485259368      2.34479370
       570        2.4726094349        4.1242396923     6388.7838645731        2.4726094477        1.6516302574      2.33813708
       571        2.3926433258        4.1243109875     6698.3820177148        2.3926433321        1.7316676618      2.35507955
       572        2.3355047190        4.1245150957     6920.1932918908        2.3355047221        1.7890103767      2.11922728
       573        2.2987910827        4.1248338938     7063.4409821049        2.2987910842        1.8260428111      2.42124584
       574        2.2783534076        4.1252363041     7144.0539407744        2.2783534084        1.8468828965      2.35301517
       575        2.2687467859        4.1256825157     7182.9399922523        2.2687467864        1.8569357298      2.55941709
       576        2.2638144075        4.1261271035     7203.7390025410        2.2638144079        1.8623126960      2.59497218
       577        2.2573590084        4.1265236999     7230.2436746276        2.2573590087        1.8691646915      2.59506510
       578        2.2438343078        4.1268253008     7283.7261362880        2.2438343082        1.8829909930      2.58423922
       579        2.2190041485        4.1269975726     7380.4397485639        2.2190041490        1.9079934241      2.59757627
       580        2.1804675826        4.1270139100     7529.5688682778        2.1804675835        1.9465463274      2.42326969
       581        2.1280208533        4.1268655225     7731.8676580556        2.1280208555        1.9988446692      2.58663716
       582        2.0637864440        4.1265614875     7979.1611074989        2.0637864507        2.0627750435      2.62447759
       583        1.9920941217        4.1261236993     8254.7856403981        1.9920941463        2.1340295776      2.47465082
       584        1.9191373866        4.1255919938     8534.9378462261        1.9191374925        2.2064546071      2.59005729
       585        1.8524148650        4.1250144985     8790.7979427416        1.8524153675        2.2725996335      2.56703170
       586        1.8000279632        4.1244400873     8991.2173781139        1.8000304496        2.3244121240      2.49192275
       587        1.7699144707        4.1239277930     9105.7197958145        1.7699265896        2.3540133223      2.61935573
       588        1.7690341371        4.1235268284     9107.5740761945        1.7690894371        2.3544926914      2.57743859
       589        1.8026125485        4.1232863483     8976.7569108225        1.8028391340        2.3206737998      2.55418569
       590        1.8734355144        4.1232528791     8702.6722920296        1.8742442362        2.2498173647      2.54834827
       591        1.9812621407        4.1234504751     8286.3450848673        1.9837311438        2.1421883344      2.48961161
       592        2.1225775307        4.1238605669     7741.2996718481        2.1289825091        2.0012830361      2.54467991
       593        2.2909854393        4.1243984988     7091.9503438104        2.3051498172        1.8334130595      2.57716364
       594        2.4783977680        4.1249528154     6369.1520977957        2.5053874190        1.6465550474      2.57725528
       595        2.6765411451        4.1254381925     5604.5776808515        2.7215325430        1.4488970474      2.54951362
       596        2.8780322110        4.1258381879     4826.7235697260        2.9447642220        1.2478059770      2.60982943
       597        3.0765802613        4.1261879968     4060.0594075935        3.1660766045        1.0496077355      2.65000267
       598        3.2665510708        4.1265280616     3326.5357654327        3.3765570057        0.8599769908      2.59785559
       599        3.4424116618        4.1268872996     2647.6669892322        3.5675743138        0.6844756379      2.58414708
       600        3.5983458230        4.1272765859     2045.9932290970        3.7309459124        0.5289307629      2.59906667
       601        3.7281134845        4.1276914308     1545.6347598048        3.8591564949        0.3995779463      2.51658240
       602        3.8251242940        4.1281112146     1172.0044125765        3.9456612312        0.3029869206      2.58589886
       603        3.8827479067        4.1284939689      950.5871362118        3.9852935165        0.2457460621      2.62362256
       604        3.8949421649        4.1287632657      904.4593786612        3.9747720374        0.2338211009      2.57918128
       605        3.8573103251        4.1288256326     1050.2669152040        3.9133043871        0.2715153075      2.52174848
       606        3.7684873202        4.1285802290     1392.8999877312        3.8031486543        0.3600929088      2.56276557
       607        3.6315859082        4.1279745461     1920.1148117310        3.6500345417        0.4963886380      2.58857720
       608        3.4550311037        4.1270470941     2599.4709753722        3.4632192636        0.6720159904      2.61142801
       609        3.2521313755        4.1259376683     3380.0298337771        3.2550619009        0.8738062928      2.50354311
       610        3.0392661378        4.1248155310     4199.0877899318        3.0400837498        1.0855493932      2.59153907
       611        2.8335230810        4.1237941757     4990.9857933714        2.8336954681        1.2902710947      2.52605511
       612        2.6508467235        4.1229301074     5694.2663335363        2.6508735106        1.4720833839      2.56466996
       613        2.5049489722        4.1222520205     6256.0004412977        2.5049519911        1.6173030483      2.56330939
       614        2.4066441897        4.1217907264     6634.4755248796        2.4066444355        1.7151465367      2.42895449
       615        2.3632858516        4.1215721530     6801.3473969224        2.3632858662        1.7582863014      2.51248217
       616        2.3783287057        4.1216123575     6743.3146227834        2.3783287063        1.7432836518      2.67533768
       617        2.4510987757        4.1219081102     6462.9717635492        2.4510987757        1.6708093346      2.58931703
       618        2.5768409640        4.1224380324     5978.6296405694        2.5768409640        1.5455970685      2.54075486
       619        2.7470471472        4.1231689152     5323.0706493476        2.7470471472        1.3761217680      4.27042029
       620        2.9500260455        4.1240483502     4541.3159048186        2.9500260455        1.1740223047      4.46840771
       621        3.1717094959        4.1250170809     3687.5542148966        3.1717094959        0.9533075850      4.52165282
       622        3.3966105107        4.1260098019     2821.4392422688        3.3966105107        0.7293992911      4.53183100
       623        3.6088806202        4.1269561343     2004.0032994406        3.6088806202        0.5180755141      4.68050198
       624        3.7934061538        4.1277925197     1293.4627524791        3.7934061538        0.3343863659      4.52362833
       625        3.9368447713        4.1284595865      741.1983607102        3.9368447713        0.1916148152      4.61934819
       626        4.0285572243        4.1289107973      388.1845136681        4.0285572243        0.1003535730      4.60584476
       627        4.0613513095        4.1291132301      262.1145153603        4.0613513095        0.0677619205      4.71000605
       628        4.0319961565        4.1290512661      375.4255016561        4.0319961565        0.0970551096      3.97594893
       629        3.9414639459        4.1287278071      724.3681381010        3.9414639459        0.1872638611      3.34846723
       630        3.7948807225        4.1281638794     1289.1953542631        3.7948807225        0.3332831569      3.06783378
       631        3.6011882864        4.1273973261     2035.4651454471        3.6011882864        0.5262090397      3.70615530
       632        3.3725393939        4.1264804031     2916.3707391251        3.3725393939        0.7539410092      3.65163105
       633        3.1234669452        4.1254745805     3875.9342072105        3.1234669452        1.0020076353      3.47697640
       634        2.8698943392        4.1244503989     4852.8340260805        2.8698943392        1.2545560597      3.48567177
       635        2.6280413054        4.1234751093     5784.5896889330        2.6280413054        1.4954338039      3.68186808
       636        2.4133302387        4.1226148402     6611.8005725635        2.4133302388        1.7092846014      1.22420061
       637        2.2393456283        4.1219251417     7282.1344637898        2.2393456290        1.8825795134      1.75528743
       638        2.1169394123        4.1214498041     7753.7836270315        2.1169394402        2.0045103919      2.16771566
       639        2.0535316728        4.1212168455     7998.1543136975        2.0535324524        2.0676851726      2.14272204
       640        2.0526473870        4.1212428354     8001.6754136229        2.0526624765        2.0685954484      2.38585730
       641        2.1136073736        4.1215767866     7767.1637030655        2.1138034441        2.0079694130      2.50726721
       642        2.2307691025        4.1224503643     7317.3415588148        2.2324661659        1.8916812618      2.55382569
       643        2.3907324097        4.1243847387     6706.0590449394        2.4006678826        1.7336523291      2.54128938
       644        2.5673863446        4.1276175564     6035.2369702209        2.6081604021        1.5602312118      2.48790241
       645        2.7218661445        4.1310518373     5450.9674766343        2.8451321408        1.4091856928      2.58968711
       646        2.8169463358        4.1323205395     5088.0888446624        3.1062007299        1.3153742037      2.56512381
       647        2.8407943300        4.1305442597     4988.9698397904        3.3931172614        1.2897499298      2.58248969
reaction occured at step 647 between IDs 1 and 3
       648        2.7176632381        4.0360953539     5099.9173635453        3.5142730434        1.3184321158      0.83402462
       649        2.7395875684        4.1305801249     5380.5933624333        3.1398288923        1.3909925564      1.39436259
       650        2.6166197720        4.1307848044     5857.0452337851        2.8059572922        1.5141650324      2.48747548
       651        2.4408764801        4.1280613375     6526.3150423458        2.5114769033        1.6871848574      2.48525780
       652        2.2411647005        4.1244076806     7284.7008647262        2.2608506296        1.8832429801      2.52403180
       653        2.0594498718        4.1218300478     7977.6336938378        2.0633481419        2.0623801760      2.50787450
       654        1.9284187720        4.1206624510     8479.9675839643        1.9289457243        2.1922436790      2.50900312
       655        1.8647761443        4.1203429746     8724.9121926786        1.8648239054        2.2555668303      2.52843444
       656        1.8737506607        4.1204655462     8690.6713802160        1.8737535893        2.2467148855      2.50121038
       657        1.9536753786        4.1209032187     8383.2021081124        1.9536755049        2.1672278401      2.51614557
       658        2.0978085615        4.1216124320     7828.4140499525        2.0978085656        2.0238038704      2.51894391
       659        2.2950786853        4.1225474485     7068.9568046055        2.2950786855        1.8274687631      2.46816186
       660        2.5308317997        4.1236490718     6161.2853369344        2.5308317997        1.5928172721      2.51649502
       661        2.7877924158        4.1248434940     5171.9386442099        2.7877924158        1.3370510782      2.56903350
       662        3.0472267841        4.1260498658     4173.0692847942        3.0472267841        1.0788230817      2.64073355
       663        3.2902280569        4.1271839285     3237.4862010732        3.2902280569        0.8369558716      2.62599903
       664        3.4990426183        4.1281629152     2433.5432119281        3.4990426183        0.6291202969      2.57982392
       665        3.6583462533        4.1289155953     1820.2414286545        3.6583462533        0.4705693420      2.66099692
       666        3.7563604900        4.1293850968     1442.9219728090        3.7563604900        0.3730246069      4.84055120
       667        3.7857286672        4.1295351497     1329.9013492616        3.7857286672        0.3438064825      4.84637734
       668        3.7440699292        4.1293531315     1490.3402835395        3.7440699292        0.3852832023      4.85026923
       669        3.6341647617        4.1288532800     1913.5384624760        3.6341647617        0.4946885182      4.79000549
       670        3.4637462155        4.1280712940     2569.7212336709        3.4637462155        0.6643250785      4.77737612
       671        3.2449304932        4.1270656241     3412.2471814820        3.2449304932        0.8821351309      1.37050097
       672        2.9933223292        4.1259096412     4381.0383782970        2.9933223292        1.1325873121      2.52359238
       673        2.7268824283        4.1246850688     5406.9359142987        2.7268824283        1.3978026406      2.65651040
       674        2.4646491018        4.1234758434     6416.6210770676        2.4646491018        1.6588267417      2.65000267
       675        2.2254138120        4.1223628962     7337.7183828503        2.2254138123        1.8969490843      2.52288962
       676        2.0264460055        4.1214186807     8103.7069671197        2.0264460185        2.0949726752      2.65475891
       677        1.8823515278        4.1206999150     8658.3083563338        1.8823519278        2.2383483872      2.56794122
       678        1.8041380371        4.1202525844     8959.1209544502        1.8041470612        2.3161145473      2.57588133
       679        1.7984387118        4.1201498797     8980.7696251805        1.7985782649        2.3217111679      2.60326760
       680        1.8662957474        4.1206802763     8720.3388516611        1.8677248687        2.2543845288      2.60588837
       681        1.9992946558        4.1226200532     8213.3800693447        2.0089617949        2.1233253974      2.64102223
       682        2.1714308773        4.1265533644     7562.7428976768        2.2157527106        1.9551224871      2.65651040
       683        2.3363696666        4.1307285079     6940.8820533518        2.4804297992        1.7943588413      2.13835998
       684        2.4503886989        4.1309297404     6500.6156442043        2.7991987088        1.6805410415      2.05685992
       685        2.5113824400        4.1280795173     6253.6564435119        3.1749654968        1.6166970773      1.88014146
reaction occured at step 685 between IDs 1 and 2
       686        2.3308001667        3.9169679034     6135.5638148386        3.1087071198        1.5861677367      0.69748321
       687        2.5325574744        4.1326617000     6189.4724997062        2.8111579161        1.6001042256      1.31947738
       688        2.4493032302        4.1309267227     6504.8027469250        2.5560098686        1.6816234925      2.27694930
       689        2.3088767276        4.1265261662     7030.9740040884        2.3392514597        1.8176494385      2.52376813
       690        2.1585976418        4.1231813805     7599.3406117575        2.1647208154        1.9645837388      2.62818918
       691        2.0392563500        4.1216436289     8055.0245358284        2.0400937292        2.0823872790      2.66119233
       692        1.9723805107        4.1211535691     8311.8159055219        1.9724563404        2.1487730583      2.67691867
       693        1.9660110047        4.1211116962     8336.2922557688        1.9660155534        2.1551006915      2.66854098
       694        2.0213148560        4.1213393266     8123.2481621700        2.0213150416        2.1000244706      2.65213602
       695        2.1350564435        4.1218022037     7685.0670410502        2.1350564490        1.9867457601      2.61822026
       696        2.3002202671        4.1224724429     7048.7781666414        2.3002202672        1.8222521758      2.64535999
       697        2.5064649197        4.1233120282     6254.2367889873        2.5064649197        1.6168471084      2.64632588
       698        2.7407615565        4.1242673563     5351.6333274853        2.7407615565        1.3835057998      2.59061276
       699        2.9882447340        4.1252746915     4398.2232786200        2.9882447340        1.1370299575      2.64526344
       700        3.2332113071        4.1262656101     3454.4843769528        3.2332113071        0.8930543029      4.78494574
       701        3.4601949037        4.1271720562     2579.9799018334        3.4601949037        0.6669771524      4.69596819
       702        3.6550363488        4.1279313324     1829.2374019937        3.6550363488        0.4728949836      4.89316589
       703        3.8058687790        4.1284907835     1247.9562221536        3.8058687790        0.3226220045      4.90143864
       704        3.9039429670        4.1288130009      869.8351450258        3.9039429670        0.2248700339      4.87342477
       705        3.9442251218        4.1288767511      714.2635856583        3.9442251218        0.1846516293      4.89481820
       706        3.9257284912        4.1286798339      785.0499576374        3.9257284912        0.2029513427      4.89316589
       707        3.8515515495        4.1282395622     1070.2758099341        3.8515515495        0.2766880128      4.88064465
       708        3.7286215407        4.1275890930     1543.2736532274        3.7286215407        0.3989675524      4.60408926
       709        3.5671733076        4.1267767323     2164.6402481874        3.5671733076        0.5596034247      4.91440013
       710        3.3799972072        4.1258602007     2885.1236141779        3.3799972072        0.7458629934      4.84994467
       711        3.1815217183        4.1249051557     3649.1659413860        3.1815217183        0.9433834374      4.84832250
       712        2.9867874929        4.1239787951     4398.8473873987        2.9867874929        1.1371913023      4.88031601
       713        2.8103887695        4.1231436678     5077.9569305586        2.8103887695        1.3127548983      4.68837396
       714        2.6654604993        4.1224586926     5635.9142771205        2.6654604993        1.4569981933      4.92810044
       715        2.5627615404        4.1219699521     6031.2806070564        2.5627615404        1.5592084116      4.83828926
       716        2.5099337246        4.1217106646     6234.6245243487        2.5099337246        1.6117769401      4.90309654
       717        2.5109741473        4.1216981564     6230.5516104058        2.5109741473        1.6107240092      4.87211435
       718        2.5659609064        4.1219325233     6018.7601400276        2.5659609188        1.5559716168      1.35126076
       719        2.6710511936        4.1223967540     5614.0489411155        2.6710513323        1.4513455603      2.59497218
       720        2.8187526549        4.1230584807     5045.2744960221        2.8187538356        1.3043058258      2.57030900
       721        2.9984456067        4.1238699002     4353.3306170406        2.9984532002        1.1254242936      2.54745257
       722        3.1971278354        4.1247759836     3588.2991935587        3.1971649692        0.9276481481      2.48363968
       723        3.4003154904        4.1257150879     2805.9677539110        3.4004555610        0.7253995975      2.52359238
       724        3.5930577112        4.1266164477     2063.8950098025        3.5934731184        0.5335587365      2.51868130
       725        3.7610426316        4.1274108249     1417.1738449769        3.7620321739        0.3663681934      2.53728595
       726        3.8917070072        4.1280309462      914.1407779918        3.8936412984        0.2363239390      2.44997374
       727        3.9752484218        4.1284310623      592.5362397605        3.9784122611        0.1531826405      2.45470342
       728        4.0053380302        4.1285905910      476.7616530549        4.0097390115        0.1232525608      2.49295130
       729        3.9794414669        4.1285141050      576.6380585168        3.9847102539        0.1490726381      2.47964601
       730        3.8987677835        4.1282220489      887.5677241379        3.9042355358        0.2294542654      2.49991629
       731        3.7679778750        4.1277406265     1391.6228840816        3.7729076700        0.3597627516      2.50570694
       732        3.5947853905        4.1270983731     2059.0762240175        3.5986376932        0.5323129826      2.55076980
       733        3.3894976178        4.1263281661     2850.1845959748        3.3920896450        0.7368305483      2.48721939
       734        3.1644577781        4.1254794588     3717.3936356081        3.1659449737        0.9610216807      2.48023999
       735        2.9332803933        4.1246131311     4608.2755742150        2.9339997286        1.1913327378      2.52667154
       736        2.7098797013        4.1238050450     5469.3012439312        2.7101697121        1.4139253437      2.48474658
       737        2.5073437319        4.1231235282     6250.1082460934        2.5074403225        1.6157797963      2.50362959
       738        2.3368672392        4.1226265788     6907.6177332673        2.3368937077        1.7857593396      2.52201173
       739        2.2068666510        4.1223502325     7409.4129380280        2.2068726392        1.9154835815      2.33024381
       740        2.1223799505        4.1223148049     7736.0846779292        2.1223810844        1.9999348544      2.40709310
       741        2.0847425493        4.1225221473     7882.4745164700        2.0847427338        2.0377795979      2.39286781
       742        2.0915544355        4.1229579606     7857.8107936451        2.0915544624        2.0314035251      2.27838085
       743        2.1369232675        4.1235849144     7684.7416766433        2.1369232713        1.9866616468      2.34912563
       744        2.2120009490        4.1243555002     7397.3093221423        2.2120009496        1.9123545512      2.30982131
       745        2.3057436310        4.1252043451     7037.9803228654        2.3057436311        1.8194607141      2.29004307
       746        2.4058840828        4.1260591480     6653.9267196455        2.4058840828        1.7201750652      2.43270477
       747        2.5000216887        4.1268453704     6292.8278539372        2.5000216887        1.6268236817      2.42464784
       748        2.5767487546        4.1274906701     5998.5307749156        2.5767487546        1.5507419155      2.41801472
       749        2.6267178007        4.1279340057     5806.9569895649        2.6267178007        1.5012162050      2.07678080
       750        2.6435388507        4.1281329201     5742.6597711161        2.6435388507        1.4845940694      2.44600497
       751        2.6244081526        4.1280663108     5816.4028755978        2.6244081526        1.5036581582      2.42165034
       752        2.5704028810        4.1277393775     6024.0397246445        2.5704028810        1.5573364966      2.57945666
       753        2.4864013199        4.1271853098     6346.8286762008        2.4864013199        1.6407839900      2.59683171
       754        2.3806267636        4.1264529383     6753.1495292703        2.3806267636        1.7458261747      2.59562272
       755        2.2638967164        4.1256107067     7201.4231079806        2.2638967166        1.8617139903      2.57140329
       756        2.1486276645        4.1247338786     7643.9114861095        2.1486276657        1.9761062141      2.62837980
       757        2.0477190828        4.1238979403     8031.0093166250        2.0477190931        2.0761788575      2.61312277
       758        1.9734138059        4.1231718444     8315.6259748575        1.9734138959        2.1497580386      2.50354311
       759        1.9362359163        4.1226174596     8457.2918563157        1.9362366560        2.1863815433      2.59506510
       760        1.9440696855        4.1222806313     8425.6866099338        1.9440750529        2.1782109458      2.62191416
       761        2.0014513924        4.1221914347     8203.3794806940        2.0014841674        2.1207400423      2.61954507
       762        2.1090925494        4.1223693165     7787.6934421823        2.1092559419        2.0132767671      2.55995949
       763        2.2636235553        4.1228186780     7191.6797039365        2.2642792428        1.8591951226      2.54360824
       764        2.4576165922        4.1235173481     6443.9845552269        2.4597333976        1.6659007560      2.63573980
       765        2.6800702157        4.1243881730     5586.8649896113        2.6856221879        1.4443179573      2.58055875
       766        2.9176124007        4.1253069344     4671.5657546367        2.9296446068        1.2076945336      2.60214602
       767        3.1562726174        4.1261493555     3751.6464879466        3.1782694780        0.9698767380      2.62514300
       768        3.3831721654        4.1268500834     2876.6713743409        3.4178258207        0.7436779179      2.60336110
       769        3.5874443065        4.1274091214     2088.6747997291        3.6354055091        0.5399648149      2.62723649
       770        3.7602865894        4.1278562211     1421.8212105401        3.8195082427        0.3675696317      2.59906667
       771        3.8945573086        4.1282240700      903.8623676362        3.9604882679        0.2336667614      2.60448373
       772        3.9843533650        4.1285279307      557.6914900335        4.0508786735        0.1441745657      2.57624758
       773        4.0248542720        4.1287517118      401.8927867464        4.0856830847        0.1038974398      2.59153907
       774        4.0125698169        4.1288454022      449.7735373038        4.0626925908        0.1162755853      2.61651889
       775        3.9460249194        4.1287418692      706.7799196638        3.9828310274        0.1827169498      2.61963976
       776        3.8267514917        4.1283668585     1166.6990113264        3.8504341438        0.3016153668      2.66422486
       777        3.6603278214        4.1276813592     1807.8021564660        3.6733839469        0.4673535378      2.65048722
       778        3.4569319873        4.1267221422     2590.8610689681        3.4629335361        0.6697901549      2.63919500
       779        3.2308797553        4.1256058181     3460.9510255430        3.2331115629        0.8947260628      2.53347221
       780        2.9990554861        4.1244767100     4353.3187429140        2.9997065966        1.1254212239      2.53356078
       781        2.7788418812        4.1234488611     5201.1661442247        2.7789867623        1.3446069799      2.56258435
       782        2.5863415242        4.1225879705     5942.4598600251        2.5863655664        1.5362464463      2.62923794
       783        2.4351994903        4.1219342384     6524.5739440236        2.4352024256        1.6867347481      2.67761095
       784        2.3358235700        4.1215201059     6907.3747976362        2.3358238333        1.7856965358      2.15508231
       785        2.2947984759        4.1213723408     7065.4951874992        2.2947984935        1.8265738649      1.97739812
       786        2.3144762625        4.1215000642     6989.8722519508        2.3144762634        1.8070238016      2.13012706
       787        2.3928286125        4.1218943470     6688.3173248888        2.3928286126        1.7290657344      2.01960524
       788        2.5235873556        4.1225279557     6184.9714004245        2.5235873556        1.5989406001      2.10751885
       789        2.6966777226        4.1233597858     5518.6463822096        2.6966777226        1.4266820631      1.75575516
       790        2.8989051276        4.1243306710     4740.1522850915        2.8989051276        1.2254255434      3.66603809
       791        3.1148749988        4.1253742759     3908.7813071348        3.1148749988        1.0104992771      4.26715179
       792        3.3280612848        4.1264172729     3088.1753542530        3.3280612848        0.7983559882      4.30389389
       793        3.5219697392        4.1273846776     2341.8468946756        3.5219697392        0.6054149383      4.23424509
       794        3.6813147717        4.1282066878     1728.6531595402        3.6813147717        0.4468919161      4.26941406
       795        3.7931234541        4.1288218446     1298.5378844852        3.7931234541        0.3356983905      4.19867762
       796        3.8476913615        4.1291813437     1088.8506360771        3.8476913615        0.2814899822      4.57387184
       797        3.8393202994        4.1292579000     1121.5274458709        3.8393202994        0.2899376005      4.83925840
       798        3.7667600917        4.1290411982     1401.3643049718        3.7667600917        0.3622811065      4.84702555
       799        3.6333405969        4.1285456934     1915.5366744722        3.6333405969        0.4952050966      4.93212474
       800        3.4467547155        4.1278051487     2634.4177211513        3.4467547155        0.6810504333      4.93783711
       801        3.2185251983        4.1268715016     3513.6364084666        3.2185251983        0.9083463033      4.69353537
       802        2.9631899205        4.1258094101     4497.2078967394        2.9631899205        1.1626194897      4.87571969
       803        2.6972799139        4.1246937932     5521.4771701636        2.6972799139        1.4274138793      1.36490034
       804        2.4381629084        4.1235995063     6519.5524803774        2.4381629084        1.6854365979      2.61680229
       805        2.2028591328        4.1225977392     7425.8720908163        2.2028591332        1.9197386064      2.63057394
       806        2.0069123607        4.1217496969     8180.5468194604        2.0069123797        2.1148373361      2.67257543
       807        1.8634072942        4.1211048111     8733.1540473220        1.8634079490        2.2576975169      2.63210245
       808        1.7821771564        4.1206971374     9045.7889437112        1.7821931683        2.3385199810      2.56666808
       809        1.7691188063        4.1206358250     9096.0636731294        1.7693790017        2.3515170186      2.67761095
       810        1.8243749502        4.1214550747     8885.4926028907        1.8270982693        2.2970801245      2.66412693
       811        1.9353209142        4.1245314256     8468.2347811214        1.9537028122        2.1892105114      2.53444673
       812        2.0628204181        4.1302974664     7997.3492537557        2.1452108527        2.0674770483      2.66119233
       813        2.1445094368        4.1332961639     7692.9618448672        2.3998466749        1.9887867271      2.66972054
       814        2.1550974908        4.1276856353     7630.3030005133        2.7244039213        1.9725881445      2.68286408
reaction occured at step 814 between IDs 1 and 3
       815        1.9834685693        3.9661885811     7669.4947690292        2.7706188254        1.9827200118      0.87505823
       816        2.1204425653        4.1324826963     7782.9099253041        2.4144736459        2.0120401309      1.36513172
       817        2.0347442056        4.1307557937     8107.7256569350        2.1344974763        2.0960115881      2.62191416
       818        1.9001519836        4.1247921347     8605.2825916798        1.9235562410        2.2246401511      2.64535999
       819        1.7794263253        4.1212278610     9058.4825498568        1.7830710908        2.3418015357      2.67011395
       820        1.7167182817        4.1202046451     9297.0898470788        1.7170832114        2.4034863634      2.64006022
       821        1.7271386543        4.1202485671     9256.9519891632        1.7271620585        2.3931099128      2.63535645
       822        1.8107127609        4.1206967306     8935.4068482204        1.8107137526        2.3099839697      2.67612794
       823        1.9608071866        4.1214051784     8357.5567388938        1.9608072163        2.1605979918      2.56485148
       824        2.1664832040        4.1223302672     7565.5456797270        2.1664832047        1.9558470631      2.53613175
       825        2.4133355412        4.1234186241     6614.8892332943        2.4133355412        1.7100830829      2.58848475
       826        2.6843671179        4.1246017369     5571.0699499241        2.6843671179        1.4402346191      2.60392229
       827        2.9610669184        4.1258041944     4505.3998507908        2.9610669184        1.1647372760      2.59385775
       828        3.2246264445        4.1269443147     3490.3174147216        3.2246264445        0.9023178702      2.54048768
       829        3.4572233379        4.1279425360     2594.4547641937        3.4572233379        0.6707191980      2.63708242
       830        3.6432630790        4.1287260420     1877.8524614625        3.6432630790        0.4854629629      4.81482582
       831        3.7704908074        4.1292402935     1387.7034025486        3.7704908074        0.3587494861      4.79412443
       832        3.8308630630        4.1294480711     1154.9770739148        3.8308630630        0.2985850081      4.86818734
       833        3.8211237127        4.1293342854     1192.2103782946        3.8211237127        0.3082105727      4.89316589
       834        3.7430270633        4.1289084288     1492.6540796157        3.7430270633        0.3858813655      4.88821563
       835        3.6031896963        4.1282041424     2030.8442561352        3.6031896963        0.5250144460      4.79920362
       836        3.4125838988        4.1272741640     2764.5422539953        3.4125838988        0.7146902652      2.97759226
       837        3.1857224200        4.1261860544     3637.8716517315        3.1857224200        0.9404636344      3.68542526
       838        2.9396005457        4.1250170097     4585.3904310844        2.9396005457        1.1854164640      4.63559790
       839        2.6924806214        4.1238499995     5536.7777055179        2.6924806214        1.4313693781      1.36128570
       840        2.4626024047        4.1227646566     6421.7870555415        2.4626024047        1.6601622519      2.65953226
       841        2.2669192507        4.1218329677     7175.1185059739        2.2669192509        1.8549137169      2.08748771
       842        2.1199437454        4.1211192060     7740.8835513770        2.1199437505        2.0011754606      2.55427570
       843        2.0327592307        4.1206673194     8076.3799572763        2.0327593615        2.0879080887      2.71848667
       844        2.0122851421        4.1205072647     8154.9580599891        2.0122876368        2.1082221226      2.70126246
       845        2.0607925813        4.1206601953     7967.9146808652        2.0608262564        2.0598676140      2.70347917
       846        2.1755751977        4.1211717927     7525.8951431394        2.1758901092        1.9455965949      2.68654360
       847        2.3483493598        4.1221845771     6861.4932210459        2.3503927304        1.7738352173      2.72707879
       848        2.5638459021        4.1238626704     6034.4074667320        2.5732432362        1.5600167683      2.71726364
       849        2.7988695705        4.1260576680     5133.7869749903        2.8306564856        1.3271880976      2.71096215
       850        3.0254160188        4.1281448601     4265.5407872787        3.1083614145        1.1027288413      2.73531242
       851        3.2184966392        4.1295109348     3523.9566519696        3.3943271989        0.9110142956      2.67850154
       852        3.3627731774        4.1300359594     2967.9015987754        3.6808178973        0.7672627820      2.74390752
       853        3.4529532502        4.1300383044     2619.0789674161        3.9649515282        0.6770850542      2.71991493
       854        3.4893631101        4.1299616394     2477.9429471209        4.2481422230        0.6405985293      2.74463487
reaction occured at step 854 between IDs 1 and 2
       855        3.2675390096        3.9246658871     2541.8773800638        4.0519905770        0.6571268774      0.85654691
       856        3.4026783475        4.1301241746     2813.8829143222        3.7723015403        0.7274458270      1.38891158
       857        3.2773849145        4.1298048311     3297.3037304734        3.4896227001        0.8524199166      2.67573275
       858        3.0999472215        4.1286989877     3979.3850076998        3.2053222126        1.0287517662      2.70418525
       859        2.8824351359        4.1267734710     4813.3101469218        2.9255793067        1.2443383350      2.71981286
       860        2.6474378079        4.1245290648     5713.6376294073        2.6612710112        1.4770912569      2.68823757
       861        2.4230011106        4.1226507138     6574.5307771880        2.4263054519        1.6996496031      2.71471920
       862        2.2344153025        4.1214416127     7299.3354220083        2.2349796280        1.8870263101      2.71106356
       863        2.0994499552        4.1207845113     7818.8623266090        2.0995170361        2.0213345561      2.73129232
       864        2.0284932674        4.1205135860     8092.2867549352        2.0284987709        2.0920203186      2.74038011
       865        2.0260660155        4.1205622109     8101.8638629039        2.0260663313        2.0944961954      2.72236687
       866        2.0916155973        4.1209086542     7849.6471469636        2.0916156105        2.0292930568      2.73077778
       867        2.2198410988        4.1215294274     7356.0505778233        2.2198410992        1.9016883286      2.71400761
       868        2.4010853038        4.1223843666     6658.2745315802        2.4010853038        1.7212990628      2.56385345
       869        2.6219821110        4.1234185048     5807.8087170611        2.6219821110        1.5014363938      2.75999898
       870        2.8663482088        4.1245601638     4866.9756444564        2.8663482088        1.2582119550      2.73479636
       871        3.1162900466        4.1257344137     3904.7007375571        3.1162900466        1.0094443670      2.70015547
       872        3.3534231887        4.1268572915     2991.7733064721        3.3534231887        0.7734341028      2.73955145
       873        3.5601634922        4.1278507164     2195.9097454232        3.5601634922        0.5676872242      4.93951974
       874        3.7209676763        4.1286433967     1576.9583129142        3.7209676763        0.4076757204      4.92107368
       875        3.8234526260        4.1291765299     1182.5915246985        3.8234526260        0.3057239039      4.99535275
       876        3.8593046003        4.1294103381     1044.8144625336        3.8593046003        0.2701057379      5.04016503
       877        3.8248992662        4.1293250574     1177.5702059759        3.8248992662        0.3044257911      5.01644332
       878        3.7215909236        4.1289274946     1575.6464261097        3.7215909236        0.4073365710      5.06836176
       879        3.5556263969        4.1282445073     2214.9832435602        3.5556263969        0.5726181105      4.98196131
       880        3.3377107551        4.1273254145     3054.3624233217        3.3377107551        0.7896146594      5.02897399
       881        3.0822434848        4.1262355748     4038.3371456554        3.0822434848        1.0439920900      1.26505573
       882        2.8062997709        4.1250521629     5101.1562456044        2.8062997709        1.3187523919      2.68236762
       883        2.5284336319        4.1238550697     6171.3586881930        2.5284336319        1.5954214378      2.67810565
       884        2.2674098445        4.1227243468     7176.6688112759        2.2674098446        1.8553145023      2.70832828
       885        2.0409505563        4.1217316583     8048.8115731788        2.0409505619        2.0807811021      2.74515465
       886        1.8645970228        4.1209335244     8727.8894111174        1.8645972413        2.2563365016      2.74702748
       887        1.7507663939        4.1203750209     9166.0450599553        1.7507725808        2.3696086271      2.51030663
       888        1.7079708585        4.1201306148     9330.6399907246        1.7080888693        2.4121597563      2.07422509
       889        1.7394820153        4.1205659959     9210.4336590635        1.7409302653        2.3810839806      2.10733501
       890        1.8380862427        4.1229149339     8838.1019966554        1.8494018355        2.2848286912      2.28845231
       891        1.9726403777        4.1283396914     8338.6078272075        2.0301706859        2.1556993137      2.13873858
       892        2.0819592866        4.1331089916     7934.1923416057        2.2800645376        2.0511497051      2.30372757
       893        2.1219714061        4.1290658498     7763.7791747470        2.6028099486        2.0070944438      2.48108904
reaction occured at step 893 between IDs 1 and 3
       894        2.0532808810        4.0499293381     7723.3723396292        2.8505969878        1.9966484570      0.76356482
       895        2.1306982024        4.1318562654     7740.8162548232        2.4895685854        2.0011580630      1.39966732
       896        2.0750721919        4.1322924726     7957.6743499894        2.2056324871        2.0572202807      2.69363263
       897        1.9553494063        4.1263358649     8397.7410771565        1.9884371656        2.1709864586      2.70055791
       898        1.8314944467        4.1220561142     8860.2781141555        1.8371091995        2.2905616676      2.68147446
       899        1.7548624117        4.1206134373     9151.1232080405        1.7554778026        2.3657510256      2.60420298
       900        1.7460716159        4.1204826592     9184.6216143885        1.7461146659        2.3744110433      2.66295231
       901        1.8079924942        4.1208134692     8946.3808621753        1.8079944570        2.3128209749      2.53347221
       902        1.9360170019        4.1214059134     8453.4521897454        1.9360170634        2.1853889116      2.72134469
       903        2.1211576648        4.1222175819     7740.4366100101        2.1211576662        2.0010599171      2.74307672
       904        2.3508942982        4.1232020829     6855.5848546390        2.3508942982        1.7723077847      2.75067642
       905        2.6099270590        4.1243012842     5857.8544266341        2.6099270590        1.5143742252      2.74328437
       906        2.8811208382        4.1254457819     4813.2583466616        2.8811208382        1.2443249436      2.72625816
       907        3.1466194610        4.1265584322     3790.5688998057        3.1466194610        0.9799389712      2.74162404
       908        3.3890531915        4.1275638930     2856.6837113704        3.3890531915        0.7385107015      2.75402109
       909        3.5927335314        4.1283903721     2072.0108301016        3.5927335314        0.5356568407      4.95268369
       910        3.7447588022        4.1289816859     1486.2387929809        3.7447588022        0.3842228838      4.94052987
       911        3.8359168813        4.1292946671     1134.8346617362        3.8359168813        0.2933777859      4.96081952
       912        3.8613385789        4.1293098913     1036.5581453951        3.8613385789        0.2679713123      4.92944114
       913        3.8208214315        4.1290282424     1192.1958268653        3.8208214315        0.3082068109      4.90376002
       914        3.7188178055        4.1284727099     1584.6141298337        3.7188178055        0.4096549044      4.95200691
       915        3.5640820829        4.1276862957     2180.1159699682        3.5640820829        0.5636042128      4.95302215
       916        3.3690108410        4.1267282597     2930.9785268481        3.3690108410        0.7577174187      4.90376002
       917        3.1487283856        4.1256664682     3778.9609574849        3.1487283856        0.9769380826      4.97990746
       918        2.9200007004        4.1245779782     4659.5076842072        2.9200007004        1.2045772778      4.92575595
       919        2.7000393263        4.1235390364     5506.3365047620        2.7000393263        1.4234997100      4.92174203
       920        2.5052957850        4.1226216886     6256.0888493607        2.5052957850        1.6173259036      1.36123456
       921        2.3503183283        4.1218875226     6852.7278625004        2.3503183284        1.7715691943      2.43221494
       922        2.2467552117        4.1213881399     7251.3957348981        2.2467552129        1.8746329283      2.48773162
       923        2.2025511781        4.1211551046     7421.4829577073        2.2025512046        1.9186039265      2.27666320
       924        2.2214124259        4.1212048664     7348.7169633566        2.2214128717        1.8997924405      2.53338366
       925        2.3025473679        4.1215359047     7036.1538618088        2.3025528667        1.8189885368      2.48100411
       926        2.4406918519        4.1221328307     6504.0967529285        2.4407407159        1.6814409788      2.34691967
       927        2.6263529501        4.1229848513     5789.2241312267        2.6266660742        1.4966319013      2.59218788
       928        2.8461261294        4.1240825137     4943.3504204320        2.8475950096        1.2779563843      2.48015512
       929        3.0831708670        4.1253677558     4031.3930053631        3.0883477735        1.0421968889      2.26655325
       930        3.3184450540        4.1266758458     3126.3727569856        3.3326181197        0.8082307918      2.51789380
       931        3.5332424847        4.1277684811     2299.7266344700        3.5645219393        0.5945259965      2.62857045
       932        3.7123653059        4.1284828716     1609.6127919275        3.7701117859        0.4161175658      2.67435051
       933        3.8462014936        4.1287974165     1093.1286007928        3.9384456941        0.2825959229      2.75328875
       934        3.9308689016        4.1287992601      765.6279452739        4.0620640065        0.1979303584      2.77065534
       935        3.9669520395        4.1286011098      625.2858152265        4.1369056219        0.1616490703      2.75423041
       936        3.9578756118        4.1282948847      659.2104351814        4.1618833718        0.1704192729      2.76294500
       937        3.9085539943        4.1279495789      848.6590534132        4.1383243791        0.2193955846      2.76473672
       938        3.8244637498        4.1275997947     1172.5812502011        4.0693794437        0.3031360449      2.71492258
       939        3.7111406556        4.1272631117     1609.6317086977        3.9595379878        0.4161224561      2.74911141
       940        3.5739371832        4.1269456363     2139.1297878693        3.8142380147        0.5530084531      2.67090113
       941        3.4179207015        4.1266503163     2741.4854548641        3.6395816826        0.7087296148      2.74765233
       942        3.2478066078        4.1263837851     3398.4844178173        3.4421281252        0.8785771773      2.76737584
       943        3.0678759060        4.1261483716     4093.5760425462        3.2287293763        1.0582724657      2.75947356
       944        2.8819432712        4.1259330304     4811.9617969011        3.0064192455        1.2439897592      2.75926345
       945        2.6935083967        4.1256970514     5539.9468052627        2.7823478667        1.4321886547      2.73582867
       946        2.5062661744        4.1253853622     6263.0255748485        2.5637753548        1.6191191879      2.75151183
       947        2.3248792716        4.1249500120     6962.9766405179        2.3580181126        1.8000707404      2.74619480
       948        2.1555985011        4.1244143394     7615.7110849472        2.1722798746        1.9688158382      2.76368248
       949        2.0060075773        4.1238906742     8192.3283347299        2.0132247835        2.1178830969      2.74369977
       950        1.8836579476        4.1235142088     8664.1410669309        1.8863132429        2.2398562612      2.70519458
       951        1.7942846346        4.1233663646     9009.2802003547        1.7951134542        2.3290817301      2.70428615
       952        1.7405973540        4.1234539539     9217.2904488934        1.7408186543        2.3828565999      2.71278860
       953        1.7220438658        4.1237345465     9290.1438437548        1.7220954293        2.4016906806      2.74640292
       954        1.7352623448        4.1241541303     9240.6355628475        1.7352731666        2.3888917855      2.72769460
       955        1.7747803594        4.1246621848     9089.7384707221        1.7747824931        2.3498818255      2.71920061
       956        1.8337476285        4.1252060387     8863.7468658636        1.8337480440        2.2914584102      2.71258554
       957        1.9046847589        4.1257375787     8591.4061904601        1.9046848432        2.2210528199      2.69613768
       958        1.9802086606        4.1262095931     8301.0928560942        1.9802086795        2.1460009325      2.70479076
       959        2.0537207595        4.1265838639     8018.1834254897        2.0537207644        2.0728631044      2.73458999
       960        2.1199837636        4.1268283754     7762.8127825317        2.1199837651        2.0068446118      2.74442702
       961        2.1755611908        4.1269297118     7548.2219249446        2.1755611914        1.9513685210      2.72933810
       962        2.2190422529        4.1268832986     7379.8503229333        2.2190422532        1.9078410456      2.68664318
       963        2.2510750573        4.1267049591     7255.2521958758        2.2510750575        1.8756299017      2.68048275
       964        2.2741676173        4.1264201169     7164.8244694752        2.2741676174        1.8522524996      2.68405633
       965        2.2923164403        4.1260637522     7093.2432881770        2.2923164404        1.8337473119      2.70832828
       966        2.3104948575        4.1256774445     7021.4318072481        2.3104948577        1.8151825870      2.72677100
       967        2.3340577121        4.1253020100     6928.8344754023        2.3340577123        1.7912442979      2.73046915
       968        2.3681341152        4.1249752097     6795.7570931091        2.3681341155        1.7568410945      2.69463409
       969        2.4170639923        4.1247312301     6605.5443377439        2.4170639929        1.7076672378      2.64922776
       970        2.4839190953        4.1245923961     6346.4005118743        2.4839190962        1.6406733008      2.73458999
       971        2.5701643395        4.1245711545     6012.7072233331        2.5701643410        1.5544068151      2.72103819
       972        2.6754697930        4.1246688852     5605.7460408471        2.6754697955        1.4491990921      2.66952387
       973        2.7976907377        4.1248794937     5133.7895220564        2.7976907377        1.3271887560      4.98950662
       974        2.9329964507        4.1251825433     4611.5764940972        2.9329964507        1.1921860926      5.02653257
       975        3.0761598090        4.1255542936     4059.2345174926        3.0761598090        1.0493944846      5.03246585
       976        3.2209488905        4.1259642719     3500.7518420537        3.2209488905        0.9050153814      5.01817996
       977        3.3606068928        4.1263778583     2962.1310015836        3.3606068928        0.7657709655      4.73492997
       978        3.4883785380        4.1267622774     2469.3757670941        3.4883785380        0.6383837394      4.71061830
       979        3.5980321776        4.1270864492     2046.4709815525        3.5980321776        0.5290542716      4.93011177
       980        3.6843464350        4.1273238623     1713.5112576888        3.6843464350        0.4429774273      4.92609074
       981        3.7435215069        4.1274551649     1485.1200189847        3.7435215069        0.3839336580      5.03911375
       982        3.7734837861        4.1274694437     1369.2761123072        3.7734837861        0.3539856576      5.06907072
       983        3.7740604243        4.1273628673     1366.6333230954        3.7740604243        0.3533024430      5.01991779
       984        3.7470199543        4.1271432224     1470.3807893721        3.7470199543        0.3801232681      5.01297366
       985        3.6959613322        4.1268247458     1666.6522138731        3.6959613322        0.4308634137      5.04577925
       986        3.6260756928        4.1264292592     1935.4518222710        3.6260756928        0.5003535664      5.03141778
       987        3.5437896699        4.1259845777     2252.0279078271        3.5437896699        0.5821949078      4.99604144
       988        3.4563199598        4.1255237834     2588.5930409281        3.4563199598        0.6692038236      5.06907072
       989        3.3711658205        4.1250796581     2916.2656345342        3.3711658205        0.7539138376      5.05881016
       990        3.2955824755        4.1246809469     3207.0924543646        3.2955824755        0.8290984714      5.02479015
       991        3.2360817700        4.1243592856     3436.0069595125        3.2360817700        0.8882775156      5.02583546
       992        3.1979671023        4.1241375901     3582.5833547904        3.1979671023        0.9261704878      5.01436095
       993        3.1849646962        4.1240297210     3632.4615942755        3.1849646962        0.9390650248      5.01852743
       994        3.1989711272        4.1240454210     3578.3430920128        3.1989711272        0.9250742939      5.04964628
       995        3.2399175494        4.1241830031     3420.4876285625        3.2399175494        0.8842654537      5.03946413
       996        3.3057826410        4.1244331107     3166.6778249896        3.3057826410        0.8186504697      5.04964628
       997        3.3927385641        4.1247790237     2831.6557265163        3.3927385641        0.7320404596      5.01748516
       998        3.4954231611        4.1251975182     2436.0732270664        3.4954231611        0.6297743571      5.04823940
       999        3.6073158075        4.1256573223     2005.0322345258        3.6073158075        0.5183415147      5.02409352
