      Step          Pe(mixed)          E_total                Temp                  Pe                  Ke   Speed(ns/day)
         0   -31397.4953416592   -31188.0886891557     1500.0373751275   -31397.0051536758      209.4066525036      0.00000000
         1   -31397.6803074103   -31188.0920881562     1501.3379876374   -31397.2313174921      209.5882192541      0.12346296
         2   -31397.9338988093   -31188.0790580604     1503.2478706440   -31397.5413729279      209.8548407488      0.14377048
         3   -31398.2521320074   -31188.0730233928     1505.5706904424   -31397.9276328187      210.1791086147      0.14089895
         4   -31398.6160414324   -31188.0671215371     1508.2197502315   -31398.3694870895      210.5489198953      0.14219235
         5   -31399.0065240675   -31188.0663508155     1511.0224055014   -31398.8432028210      210.9401732520      0.14328530
         6   -31399.4127577723   -31188.0754518644     1513.8671758060   -31399.3246430118      211.3373059079      0.14467708
         7   -31399.8243254410   -31188.0911550833     1516.7028616027   -31399.7884179232      211.7331703577      0.14697040
         8   -31400.2233669841   -31188.1063859251     1519.4522030874   -31400.2131443227      212.1169810590      0.14362688
         9   -31400.5780915989   -31188.1146607857     1521.9339178454   -31400.5762076464      212.4634308132      0.14512930
        10   -31400.8586836943   -31188.1180558588     1523.9195562614   -31400.8584733448      212.7406278355      0.13425278
        11   -31401.0435586260   -31188.1190057420     1525.2370619069   -31401.0435450469      212.9245528840      0.14109095
        12   -31401.1221386126   -31188.1191626815     1525.7988277356   -31401.1221381160      213.0029759310      0.14915291
        13   -31401.0919547327   -31188.1189558595     1525.5840938354   -31401.0919547223      212.9729988732      0.15133987
        14   -31400.9571671493   -31188.1177960159     1524.6268816282   -31400.9571671492      212.8393711334      0.14781296
        15   -31400.7304127821   -31188.1166610751     1523.0107077003   -31400.7304127821      212.6137517070      0.13821153
        16   -31400.4294986802   -31188.1156378302     1520.8625071126   -31400.4294986802      212.3138608500      0.14091429
        17   -31400.0764362867   -31188.1141602886     1518.3440082393   -31400.0764362867      211.9622759981      0.24771374
        18   -31399.6971025100   -31188.1121888396     1515.6408582263   -31399.6971025100      211.5849136704      0.24926769
        19   -31399.3192114876   -31188.1099268445     1512.9501243197   -31399.3192114876      211.2092846431      0.25392772
        20   -31398.9713972066   -31188.1087669552     1510.4669436872   -31398.9713972066      210.8626302514      0.25895668
        21   -31398.6774238399   -31188.1073643882     1508.3711786812   -31398.6774238399      210.5700594518      0.26459394
        22   -31398.4591529082   -31188.1063419590     1506.8149679802   -31398.4591529082      210.3528109492      0.26499155
        23   -31398.3326270604   -31188.1058665800     1505.9120338463   -31398.3326270604      210.2267604804      0.20186040
        24   -31398.3069253408   -31188.1056432136     1505.7295254034   -31398.3069253408      210.2012821272      0.20550403
        25   -31398.3841498912   -31188.1055928948     1506.2830665189   -31398.3841498912      210.2785569964      0.24492121
        26   -31398.5601358708   -31188.1067471881     1507.5354339128   -31398.5601358708      210.4533886826      0.24477893
        27   -31398.8215315474   -31188.1079862193     1509.3990074285   -31398.8215315474      210.7135453281      0.24433168
        28   -31399.1500746803   -31188.1094578266     1511.7419106119   -31399.1500746803      211.0406168537      0.24623174
        29   -31399.5226590252   -31188.1113320108     1514.3974093256   -31399.5226590252      211.4113270144      0.25120293
        30   -31399.9120478141   -31188.1128392261     1517.1759115868   -31399.9120478141      211.7992085880      0.23219498
        31   -31400.2913043691   -31188.1147802585     1519.8787263226   -31400.2913043691      212.1765241106      0.21130734
        32   -31400.6327742808   -31188.1164778715     1522.3126086325   -31400.6327742808      212.5162964093      0.24242748
        33   -31400.9119690687   -31188.1176599702     1524.3040898944   -31400.9119690687      212.7943090985      0.26525534
        34   -31401.1096527823   -31188.1187228406     1525.7125390043   -31401.1096527823      212.9909299416      0.26677847
        35   -31401.2119399069   -31188.1193144943     1526.4410115982   -31401.2119399069      213.0926254126      0.15194842
        36   -31401.2116850383   -31188.1186281835     1526.4441021369   -31401.2116850382      213.0930568547      0.13652114
        37   -31401.1119489076   -31188.1182906262     1525.7320828517   -31401.1119488759      212.9936582814      0.08063475
        38   -31400.9211190509   -31188.1174773368     1524.3709419830   -31400.9211177830      212.8036417141      0.11908119
        39   -31400.6553418188   -31188.1159214870     1522.4782516409   -31400.6553260218      212.5394203318      0.12095178
        40   -31400.3380885712   -31188.1146042475     1520.2151152290   -31400.3379879191      212.2234843238      0.12150962
        41   -31399.9958672368   -31188.1130472845     1517.7748427571   -31399.9954327261      211.8828199523      0.12110578
        42   -31399.6585502433   -31188.1115916425     1515.3689756363   -31399.6572097529      211.5469586008      0.11916146
        43   -31399.3559614056   -31188.1103274794     1513.2105042196   -31399.3528712357      211.2456339262      0.11516862
        44   -31399.1154846756   -31188.1093168999     1511.4951424032   -31399.1099405737      211.0061677757      0.12056567
        45   -31398.9599257919   -31188.1088363623     1510.3842736099   -31398.9519239028      210.8510894295      0.12132778
        46   -31398.9049678894   -31188.1083853614     1509.9938257011   -31398.8954605060      210.7965825280      0.15281213
        47   -31398.9601739256   -31188.1083235266     1510.3897246435   -31398.9507674667      210.8518503990      0.15193600
        48   -31399.1277278644   -31188.1087181261     1511.5871329092   -31399.1199832002      211.0190097384      0.13742117
        49   -31399.4030400578   -31188.1099297972     1513.5505902444   -31399.3978019441      211.2931102606      0.15414463
        50   -31399.7739259466   -31188.1117661438     1516.1941934917   -31399.7710869941      211.6621598028      0.15095249
        51   -31400.2219425592   -31188.1145802569     1519.3833012910   -31400.2207527136      212.1073623023      0.14895550
        52   -31400.7201565949   -31188.1161566168     1522.9408533871   -31400.7197875970      212.6039999781      0.15237008
        53   -31401.2414258357   -31188.1181575079     1526.6605152176   -31401.2413525472      213.1232683278      0.14554840
        54   -31401.7550803913   -31188.1202608042     1530.3248974093   -31401.7550745114      213.6348195871      0.12384608
        55   -31402.2316634766   -31188.1222577885     1533.7244880175   -31402.2316633779      214.1094056881      0.13457060
        56   -31402.6443657944   -31188.1233337086     1536.6730809765   -31402.6443657944      214.5210320858      0.15359290
        57   -31402.9730583861   -31188.1242166571     1539.0212714989   -31402.9730583861      214.8488417290      0.24813184
        58   -31403.2031900634   -31188.1246514909     1540.6666530854   -31403.2031900634      215.0785385724      0.25210292
        59   -31403.3282750651   -31188.1249090433     1541.5608263950   -31403.3282750651      215.2033660218      0.25337025
        60   -31403.3486499873   -31188.1241141901     1541.7124713117   -31403.3486499873      215.2245357973      0.25038545
        61   -31403.2743185144   -31188.1232494441     1541.1862089649   -31403.2743185144      215.1510690702      0.24660372
        62   -31403.1206762982   -31188.1216094989     1540.0973749436   -31403.1206762982      214.9990667993      0.23161028
        63   -31402.9106472039   -31188.1201801005     1538.6031180206   -31402.9106472039      214.7904671034      0.17671293
        64   -31402.6693436977   -31188.1179634340     1536.8904733111   -31402.6693436977      214.5513802637      0.18029068
        65   -31402.4264874651   -31188.1163679151     1535.1622565460   -31402.4264874651      214.3101195500      0.18080791
        66   -31402.2097599066   -31188.1146969229     1533.6217472860   -31402.2097599066      214.0950629837      0.18321757
        67   -31402.0457172265   -31188.1132171707     1532.4572643779   -31402.0457172265      213.9325000558      0.22065136
        68   -31401.9565758386   -31188.1119553894     1531.8277586161   -31401.9565758386      213.8446204492      0.24168939
        69   -31401.9589398170   -31188.1111415473     1531.8505222171   -31401.9589398170      213.8477982697      0.21136404
        70   -31402.0627296214   -31188.1114133227     1532.5920502948   -31402.0627296214      213.9513162987      0.23390124
        71   -31402.2683304590   -31188.1116895925     1534.0628465756   -31402.2683304590      214.1566408665      0.25620227
        72   -31402.5704131721   -31188.1131008759     1536.2166386199   -31402.5704131721      214.4573122962      0.24891841
        73   -31402.9532864838   -31188.1138311573     1538.9540341198   -31402.9532864838      214.8394553266      0.22335085
        74   -31403.3985121094   -31188.1156548935     1542.1302436545   -31403.3985121094      215.2828572160      0.26041281
        75   -31403.8800719891   -31188.1175603587     1545.5661399849   -31403.8800719891      215.7625116305      0.25196269
        76   -31404.3698769653   -31188.1193800041     1549.0617129570   -31404.3698769653      216.2504969612      0.26255424
        77   -31404.8391324286   -31188.1210950333     1552.4108335178   -31404.8391324286      216.7180373953      0.24728693
        78   -31405.2604093786   -31188.1228134435     1555.4162465897   -31405.2604093786      217.1375959351      0.26223221
        79   -31405.6085314412   -31188.1236732361     1557.9037816216   -31405.6085314412      217.4848582051      0.26170291
        80   -31405.8651413715   -31188.1246661228     1559.7348367224   -31405.8651413715      217.7404752488      0.25816986
        81   -31406.0164103304   -31188.1249570904     1560.8163335464   -31406.0164103304      217.8914532400      0.14765697
        82   -31406.0570636744   -31188.1249648143     1561.1074892886   -31406.0570636713      217.9320988601      0.13778037
        83   -31405.9891625037   -31188.1247031820     1560.6229686943   -31405.9891619786      217.8644593217      0.14452965
        84   -31405.8217985083   -31188.1235715642     1559.4322005102   -31405.8217869478      217.6982269441      0.15065472
        85   -31405.5723245001   -31188.1221987744     1557.6549833305   -31405.5721927647      217.4501257257      0.14327312
        86   -31405.2644710731   -31188.1215403514     1555.4544611313   -31405.2635579715      217.1429307217      0.13898571
        87   -31404.9253783405   -31188.1210002735     1553.0293154669   -31404.9213056433      216.8043780670      0.14465600
        88   -31404.5880559652   -31188.1224685837     1550.6024647219   -31404.5755740225      216.4655873815      0.13913780
        89   -31404.2832826233   -31188.1257385758     1548.3958657020   -31404.2551498547      216.1575440475      0.15309425
        90   -31404.0349152860   -31188.1288743326     1546.5942799523   -31403.9852264446      215.9060409534      0.14895519
        91   -31403.8595779006   -31188.1308656548     1545.3240257084   -31403.7870222637      215.7287122458      0.14773734
        92   -31403.7679387962   -31188.1321152479     1544.6586384516   -31403.6767631684      215.6358235483      0.13918402
        93   -31403.7645455919   -31188.1321297192     1544.6342283349   -31403.6633443951      215.6324158727      0.14368668
        94   -31403.8516812897   -31188.1321440841     1545.2583023745   -31403.7511680285      215.7195372056      0.14714735
        95   -31404.0275912255   -31188.1330854973     1546.5116499657   -31403.9381686241      215.8945057283      0.15028017
        96   -31404.2859302496   -31188.1349797292     1548.3486344569   -31404.2154357115      216.1509505205      0.14271734
        97   -31404.6179599748   -31188.1389542624     1550.6985839126   -31404.5698636887      216.4790057125      0.13457285
        98   -31405.0100669714   -31188.1446468196     1553.4665766885   -31404.9826974424      216.8654201518      0.14966758
        99   -31405.4440533289   -31188.1511087115     1556.5290518751   -31405.4316895087      217.2929446175      0.14959653
       100   -31405.8960287227   -31188.1569072079     1559.7251395543   -31405.8918480484      217.7391215149      0.15282180
       101   -31406.3378567115   -31188.1613955204     1562.8579237909   -31406.3368627570      218.1764611911      0.15735128
       102   -31406.7394165691   -31188.1635892635     1565.7186929735   -31406.7392599817      218.5758273056      0.15833786
       103   -31407.0763042434   -31188.1650647487     1568.1213426200   -31407.0762886747      218.9112394946      0.15789977
       104   -31407.3287959370   -31188.1659624795     1569.9235792880   -31407.3287949908      219.1628334575      0.15278701
       105   -31407.4838085959   -31188.1660474772     1571.0333686832   -31407.4838085630      219.3177611187      0.15233005
       106   -31407.5364586633   -31188.1659684303     1571.4110818140   -31407.5364586631      219.3704902331      0.14607996
       107   -31407.4885454341   -31188.1656029787     1571.0704840215   -31407.4885454341      219.3229424554      0.15148348
       108   -31407.3488545251   -31188.1645928903     1570.0770752082   -31407.3488545251      219.1842616348      0.25799249
       109   -31407.1327762743   -31188.1626653679     1568.5430547145   -31407.1327762743      218.9701109064      0.25284609
       110   -31406.8629475274   -31188.1614244768     1566.6190861225   -31406.8629475274      218.7015230505      0.25308006
       111   -31406.5633106993   -31188.1599319581     1564.4833965359   -31406.5633106993      218.4033787412      0.24230185
       112   -31406.2606980990   -31188.1580805458     1562.3289615280   -31406.2606980990      218.1026175532      0.25162242
       113   -31405.9821928797   -31188.1558924272     1560.3496262323   -31405.9821928797      217.8263004525      0.25110807
       114   -31405.7544700826   -31188.1548105567     1558.7261350179   -31405.7544700826      217.5996595259      0.25528182
       115   -31405.5984851931   -31188.1542071313     1557.6130949073   -31405.5984851931      217.4442780617      0.23516943
       116   -31405.5295305659   -31188.1529929457     1557.1278515168   -31405.5295305659      217.3765376203      0.24449983
       117   -31405.5590036413   -31188.1525479654     1557.3421627676   -31405.5590036413      217.4064556759      0.25461281
       118   -31405.6899307927   -31188.1529267336     1558.2773166979   -31405.6899307927      217.5370040591      0.24794594
       119   -31405.9177988031   -31188.1538391627     1559.9030618704   -31405.9177988031      217.7639596404      0.25104458
       120   -31406.2315142997   -31188.1552234676     1562.1403759930   -31406.2315142997      218.0762908321      0.25250343
       121   -31406.6137075197   -31188.1566707613     1564.8677636531   -31406.6137075197      218.4570367585      0.23837935
       122   -31407.0423896782   -31188.1577931553     1567.9304916945   -31407.0423896782      218.8845965229      0.25257822
       123   -31407.4936636745   -31188.1593413233     1571.1520013411   -31407.4936636745      219.3343223512      0.25133622
       124   -31407.9414344354   -31188.1611492585     1574.3465555656   -31407.9414344354      219.7802851769      0.14794723
       125   -31408.3599066173   -31188.1628305420     1577.3321432622   -31408.3599066173      220.1970760753      0.14944785
       126   -31408.7259987683   -31188.1644804401     1579.9427432307   -31408.7259987683      220.5615183282      0.14616215
       127   -31409.0191655181   -31188.1650008900     1582.0390490657   -31409.0191655145      220.8541646281      0.14652472
       128   -31409.2260773710   -31188.1655981796     1583.5169369564   -31409.2260771180      221.0604791914      0.14015999
       129   -31409.3373075844   -31188.1656690707     1584.3132017163   -31409.3372975348      221.1716385136      0.15096695
       130   -31409.3504467405   -31188.1655016976     1584.4085200407   -31409.3502310592      221.1849450429      0.15137907
       131   -31409.2710333926   -31188.1667751376     1583.8305384146   -31409.2685520212      221.1042582550      0.14899530
       132   -31409.1170326228   -31188.1744786254     1582.6722063985   -31409.1013324724      220.9425539975      0.15396977
       133   -31408.9180382058   -31188.1909957921     1581.1284377231   -31408.8603986214      220.7270424136      0.14079630
       134   -31408.6958182397   -31188.2068618829     1579.4229618970   -31408.5631481141      220.4889563568      0.14714197
       135   -31408.4374645975   -31188.2062238900     1577.5768739072   -31408.2263455836      220.2312407075      0.11952008
       136   -31408.1320562335   -31188.1951469078     1575.4684973675   -31407.8723482219      219.9369093257      0.15079702
       137   -31407.8104585731   -31188.1877966017     1573.2174572468   -31407.5330309107      219.6226619715      0.14671989
       138   -31407.5327498284   -31188.1887570887     1571.2212729904   -31407.2478607378      219.3439927397      0.15103994
       139   -31407.3471551116   -31188.1923043413     1569.8663971063   -31407.0509432032      219.1548507702      0.14962772
       140   -31407.2753339067   -31188.1944939487     1569.3362373275   -31406.9691631878      219.0808399580      0.14865700
       141   -31407.3147337667   -31188.1931814810     1569.6278709144   -31407.0134024039      219.1215522857      0.13329209
       142   -31407.4675215421   -31188.1931573487     1570.7225045865   -31407.1841360938      219.2743641934      0.12663090
       143   -31407.7373687583   -31188.1967111217     1572.6300376700   -31407.4696277396      219.5406576366      0.13848618
       144   -31408.1059328953   -31188.1996409100     1575.2491769478   -31407.8453595581      219.9062919853      0.14684326
       145   -31408.5254226772   -31188.1954803609     1578.2839006439   -31408.2761556557      220.3299423163      0.14945863
       146   -31408.9333266136   -31188.1826419232     1581.2977938465   -31408.7216206343      220.7506846904      0.14713122
       147   -31409.2827841190   -31188.1708650742     1583.8854147564   -31409.1412472853      221.1119190448      0.14681262
       148   -31409.5721612987   -31188.1771822466     1585.9130513441   -31409.5054236121      221.3949790521      0.14384438
       149   -31409.8139077519   -31188.1962353660     1587.5082648678   -31409.7935118803      221.6176723860      0.14734808
       150   -31409.9948442410   -31188.2094765983     1588.7095120571   -31409.9910466039      221.7853676427      0.13284670
       151   -31410.0889333672   -31188.2137574169     1589.3528336351   -31410.0885207295      221.8751759504      0.14413559
       152   -31410.0804302101   -31188.2146170868     1589.2857651327   -31410.0804044766      221.8658131233      0.15331998
       153   -31409.9660662118   -31188.2144549578     1588.4677057722   -31409.9660652726      221.7516112540      0.15473634
       154   -31409.7509742744   -31188.2131331798     1586.9364113981   -31409.7509742531      221.5378410945      0.15369909
       155   -31409.4487984321   -31188.2120134915     1584.7798634682   -31409.4487984318      221.2367849406      0.14505727
       156   -31409.0771466515   -31188.2108452785     1582.1259879035   -31409.0771466515      220.8663013730      0.15100155
       157   -31408.6575506056   -31188.2089195392     1579.1341007640   -31408.6575506056      220.4486310663      0.15284436
       158   -31408.2160521293   -31188.2071697832     1575.9840598836   -31408.2160521293      220.0088823461      0.15452421
       159   -31407.7786356553   -31188.2054156797     1572.8632906489   -31407.7786356553      219.5732199756      0.14312826
       160   -31407.3706647717   -31188.2037870962     1569.9525491324   -31407.3706647717      219.1668776755      0.26882276
       161   -31407.0153250785   -31188.2031760284     1567.4115305456   -31407.0153250785      218.8121490500      0.24824827
       162   -31406.7282916408   -31188.2017600268     1565.3655743932   -31406.7282916408      218.5265316140      0.26488308
       163   -31406.5228821517   -31188.2016759308     1563.8947722006   -31406.5228821517      218.3212062209      0.25503569
       164   -31406.4019197616   -31188.2018926886     1563.0267326764   -31406.4019197616      218.2000270730      0.23887983
       165   -31406.3619477932   -31188.2028047351     1562.7338692469   -31406.3619477932      218.1591430581      0.25500967
       166   -31406.3908406297   -31188.2035350623     1562.9356050372   -31406.3908406297      218.1873055674      0.25324896
       167   -31406.4723460396   -31188.2055110383     1563.5052962189   -31406.4723460396      218.2668350013      0.25079439
       168   -31406.5824198141   -31188.2072789641     1564.2811207644   -31406.5824198141      218.3751408500      0.25245505
       169   -31406.6955281665   -31188.2088897071     1565.0798087688   -31406.6955281665      218.4866384595      0.23937688
       170   -31406.7851889617   -31188.2103097591     1565.7119014512   -31406.7851889617      218.5748792026      0.25005977
       171   -31406.8267239176   -31188.2120099645     1565.9972487116   -31406.8267239176      218.6147139531      0.13768562
       172   -31406.7972128357   -31188.2128926840     1565.7795295628   -31406.7972128357      218.5843201517      0.14849649
       173   -31406.6805686439   -31188.2136223265     1564.9387485452   -31406.6805686439      218.4669463173      0.15123566
       174   -31406.4660439878   -31188.2137988677     1563.4007848919   -31406.4660439877      218.2522451201      0.15461552
       175   -31406.1505199633   -31188.2134152033     1561.1433479246   -31406.1505199565      217.9371047600      0.15120947
       176   -31405.7388283372   -31188.2129071386     1558.1979271240   -31405.7388282037      217.5259211986      0.14899163
       177   -31405.2421973667   -31188.2119076019     1554.6475830151   -31405.2421959494      217.0302897648      0.14014427
       178   -31404.6783713162   -31188.2102252116     1550.6207935586   -31404.6783621391      216.4681461046      0.15363393
       179   -31404.0711589820   -31188.2087349581     1546.2818399050   -31404.0711190658      215.8624240239      0.15667642
       180   -31403.4461268373   -31188.2067966587     1541.8184475290   -31403.4460012780      215.2393301786      0.15364272
       181   -31402.8314426123   -31188.2050805489     1537.4275885399   -31402.8311418637      214.6263620634      0.15117667
       182   -31402.2537301394   -31188.2035198151     1533.3004553660   -31402.2531623832      214.0502103243      0.12799662
       183   -31401.7371781606   -31188.2024603319     1529.6078410158   -31401.7363129910      213.5347178287      0.15400281
       184   -31401.3008391585   -31188.2017391231     1526.4873910997   -31401.2997576682      213.0991000354      0.15539755
       185   -31400.9574439916   -31188.2008640702     1524.0338254346   -31400.9563285679      212.7565799214      0.15327458
       186   -31400.7148087094   -31188.2013064964     1522.2925930370   -31400.7138688531      212.5135022131      0.14968674
       187   -31400.5708779197   -31188.2019404098     1521.2570363563   -31400.5702504492      212.3689375098      0.14425637
       188   -31400.5175228069   -31188.2027538399     1520.8690122040   -31400.5172086863      212.3147689670      0.14974612
       189   -31400.5405448557   -31188.2043000606     1521.0228494597   -31400.5404364778      212.3362447950      0.14963730
       190   -31400.6188405764   -31188.2058373422     1521.5726912447   -31400.6188178435      212.4130032342      0.14115112
       191   -31400.7282717243   -31188.2076645239     1522.3434880131   -31400.7282693551      212.5206072004      0.14863963
       192   -31400.8416118706   -31188.2091135775     1523.1449946465   -31400.8416117884      212.6324982932      0.15261392
       193   -31400.9329517738   -31188.2108494826     1523.7868526985   -31400.9329517735      212.7221022912      0.14673267
       194   -31400.9768510127   -31188.2119787590     1524.0932256889   -31400.9768510127      212.7648722538      0.25871173
       195   -31400.9530525417   -31188.2128878318     1523.9162387649   -31400.9530525417      212.7401647099      0.25758905
       196   -31400.8464141000   -31188.2135809774     1523.1473931221   -31400.8464141000      212.6328331226      0.26600398
       197   -31400.6482468938   -31188.2138416693     1521.7259995804   -31400.6482468938      212.4344052245      0.26852695
       198   -31400.3569526641   -31188.2132066324     1519.6439279386   -31400.3569526641      212.1437460316      0.26320547
       199   -31399.9793795579   -31188.2122206084     1516.9463312226   -31399.9793795579      211.7671589495      0.26392911
       200   -31399.5285321218   -31188.2106149101     1513.7282892494   -31399.5285321218      211.3179172117      0.24922227
       201   -31399.0247012215   -31188.2094360492     1510.1276546148   -31399.0247012215      210.8152651723      0.25695344
       202   -31398.4906173430   -31188.2076493154     1506.3146639464   -31398.4906173430      210.2829680275      0.26522428
       203   -31397.9539853722   -31188.2064649764     1502.4791054746   -31397.9539853722      209.7475203958      0.23503978
       204   -31397.4405990193   -31188.2044498661     1498.8160127927   -31397.4405990193      209.2361491533      0.26196682
       205   -31396.9781787611   -31188.2034183509     1495.5109584844   -31396.9781787611      208.7747604102      0.24844740
       206   -31396.5879075059   -31188.2019250915     1492.7260349048   -31396.5879075059      208.3859824144      0.24436134
       207   -31396.2888629582   -31188.2014094814     1490.5875901194   -31396.2888629582      208.0874534768      0.25299878
       208   -31396.0913434050   -31188.2008569594     1489.1766611692   -31396.0913434050      207.8904864456      0.24509016
       209   -31396.0002697937   -31188.2010550326     1488.5228570212   -31396.0002697937      207.7992147611      0.25952417
       210   -31396.0122942729   -31188.2020068638     1488.6021734400   -31396.0122942729      207.8102874091      0.25440011
       211   -31396.1161059979   -31188.2029726567     1489.3388871038   -31396.1161059979      207.9131333413      0.24765026
       212   -31396.2948971341   -31188.2041233507     1490.6113743884   -31396.2948971341      208.0907737835      0.24891584
       213   -31396.5269736927   -31188.2058559098     1492.2613917313   -31396.5269736927      208.3211177829      0.24172970
       214   -31396.7862612327   -31188.2076231289     1494.1060805301   -31396.7862612327      208.5786381039      0.25262488
       215   -31397.0452281202   -31188.2089242611     1495.9518111146   -31397.0452281202      208.8363038591      0.24615731
       216   -31397.2782238998   -31188.2105977459     1497.6088362561   -31397.2782238998      209.0676261540      0.21259408
       217   -31397.4605729503   -31188.2119055416     1498.9056844951   -31397.4605729503      209.2486674087      0.23731626
       218   -31397.5729877587   -31188.2131169443     1499.7022650377   -31397.5729877587      209.3598708144      0.24582085
       219   -31397.6007825925   -31188.2132097823     1499.9007020431   -31397.6007825925      209.3875728102      0.24325007
       220   -31397.5386490165   -31188.2135693261     1499.4530466589   -31397.5386490165      209.3250796904      0.23882709
       221   -31397.3857919665   -31188.2125731628     1498.3652254122   -31397.3857919665      209.1732188037      0.24048408
       222   -31397.1523092984   -31188.2119930180     1496.6968806605   -31397.1523092984      208.9403162804      0.24175711
       223   -31396.8522648313   -31188.2106743316     1494.5570258340   -31396.8522648313      208.6415904997      0.23407801
       224   -31396.5071281005   -31188.2091246996     1492.0958170632   -31396.5071281005      208.2980034009      0.24478555
       225   -31396.1419586363   -31188.2073057376     1489.4930376051   -31396.1419586363      207.9346528987      0.23786067
       226   -31395.7845439231   -31188.2057125872     1486.9441900079   -31395.7845439231      207.5788313359      0.24181438
       227   -31395.4617305629   -31188.2038278303     1484.6452902641   -31395.4617305629      207.2579027326      0.24448746
       228   -31395.1997400257   -31188.2025727343     1482.7775706755   -31395.1997400257      206.9971672913      0.21930006
       229   -31395.0196277946   -31188.2017448695     1481.4933075112   -31395.0196277946      206.8178829251      0.24575333
       230   -31394.9366622729   -31188.2010667486     1480.9038602552   -31394.9366622729      206.7355955243      0.23593114
       231   -31394.9601671986   -31188.2012535238     1481.0708945725   -31394.9601671986      206.7589136747      0.23508400
       232   -31395.0902216219   -31188.2014028426     1482.0014405212   -31395.0902216219      206.8888187793      0.24152750
       233   -31395.3210129867   -31188.2024476872     1483.6471779558   -31395.3210129867      207.1185652995      0.23989267
       234   -31395.6376833989   -31188.2035049196     1485.9080018608   -31395.6376833989      207.4341784794      0.24316029
       235   -31396.0207353662   -31188.2052202712     1488.6396207902   -31396.0207353662      207.8155150950      0.22929120
       236   -31396.4446711409   -31188.2068674811     1491.6645897814   -31396.4446711409      208.2378036598      0.24267342
       237   -31396.8822560046   -31188.2087082900     1494.7859441426   -31396.8822560046      208.6735477145      0.23798954
       238   -31397.3051890336   -31188.2105455828     1497.8023685750   -31397.3051890336      209.0946434508      0.23812481
       239   -31397.6865512025   -31188.2120099369     1500.5236809789   -31397.6865512025      209.4745412656      0.24411854
       240   -31398.0030549168   -31188.2127720831     1502.7854245642   -31398.0030549168      209.7902828337      0.23903109
       241   -31398.2379441876   -31188.2136958898     1504.4613834536   -31398.2379441876      210.0242482979      0.24170471
       242   -31398.3792816565   -31188.2138036815     1505.4730504263   -31398.3792816565      210.1654779750      0.24876633
       243   -31398.4236868183   -31188.2132215391     1505.7953068439   -31398.4236868183      210.2104652792      0.23608791
       244   -31398.3757748138   -31188.2124086916     1505.4579226444   -31398.3757748138      210.1633661222      0.24432839
       245   -31398.2475019835   -31188.2118891803     1504.5427905270   -31398.2475019835      210.0356128032      0.23912099
       246   -31398.0551654175   -31188.2101930300     1503.1771808607   -31398.0551654175      209.8449723874      0.06915199
       247   -31397.8223763951   -31188.2082514790     1501.5235570109   -31397.8223763951      209.6141249162      0.22063591
       248   -31397.5752954877   -31188.2064268370     1499.7667190109   -31397.5752954877      209.3688686508      0.23491409
       249   -31397.3409782242   -31188.2048841844     1498.0992905299   -31397.3409782242      209.1360940397      0.24648966
       250   -31397.1449195862   -31188.2032471620     1496.7065950903   -31397.1449195862      208.9416724241      0.23606177
       251   -31397.0112077595   -31188.2027871785     1495.7520755343   -31397.0112077595      208.8084205810      0.24875096
       252   -31396.9557755841   -31188.2014744681     1495.3644029397   -31396.9557755841      208.7543011160      0.24991060
       253   -31396.9925690258   -31188.2015690990     1495.6272866029   -31396.9925690258      208.7909999268      0.24002773
       254   -31397.1247388750   -31188.2017328276     1496.5728827064   -31397.1247388750      208.9230060474      0.23725023
       255   -31397.3491931555   -31188.2019216509     1498.1793577807   -31397.3491931555      209.1472715046      0.25156128
       256   -31397.6573309808   -31188.2038579620     1500.3727633396   -31397.6573309808      209.4534730188      0.21054556
       257   -31398.0292847930   -31188.2044401777     1503.0330000997   -31398.0292847930      209.8248446153      0.24696336
       258   -31398.4458006250   -31188.2062994467     1506.0032989657   -31398.4458006250      210.2395011784      0.24671537
       259   -31398.8802246658   -31188.2080935299     1509.1023461934   -31398.8802246658      210.6721311359      0.24661463
       260   -31399.3057559860   -31188.2098413281     1512.1380239737   -31399.3057559860      211.0959146580      0.24236587
       261   -31399.6961562688   -31188.2116350217     1514.9217197207   -31399.6961562688      211.4845212471      0.23132346
       262   -31400.0270685010   -31188.2130273393     1517.2821613869   -31400.0270685010      211.8140411617      0.24555767
       263   -31400.2781128481   -31188.2133955699     1519.0778232686   -31400.2781128481      212.0647172781      0.10131962
       264   -31400.4366715873   -31188.2143083324     1520.2070847048   -31400.4366715868      212.2223632549      0.14020717
       265   -31400.4937240830   -31188.2143509309     1520.6154622590   -31400.4937240259      212.2793731521      0.13581735
       266   -31400.4489028898   -31188.2136447855     1520.2994540528   -31400.4489013848      212.2352581042      0.14734508
       267   -31400.3094756184   -31188.2127954190     1519.3067824539   -31400.3094520985      212.0966801994      0.14553671
       268   -31400.0888957561   -31188.2118841520     1517.7332359632   -31400.0886670685      211.8770116041      0.14364368
       269   -31399.8067884785   -31188.2111800981     1515.7174673715   -31399.8053629806      211.5956083804      0.14791040
       270   -31399.4890781558   -31188.2120065347     1513.4357010641   -31399.4831162673      211.2770716211      0.14218342
       271   -31399.1645607552   -31188.2146247004     1511.0923391393   -31399.1468707674      210.9499360548      0.14300569
       272   -31398.8630978359   -31188.2200333880     1508.8941335227   -31398.8235504697      210.6430644479      0.14429399
       273   -31398.6054224066   -31188.2252152049     1507.0112148627   -31398.5348090156      210.3802072018      0.14468372
       274   -31398.4067352283   -31188.2299453451     1505.5540807320   -31398.3007753734      210.1767898832      0.12963188
       275   -31398.2735679396   -31188.2326683199     1504.5806614456   -31398.1345460338      210.0408996197      0.14784824
       276   -31398.2102898973   -31188.2344482285     1504.1146334723   -31398.0464145488      209.9758416688      0.14553350
       277   -31398.2169827240   -31188.2353469584     1504.1561381799   -31398.0406406448      209.9816357657      0.14265638
       278   -31398.2907967877   -31188.2353887637     1504.6845891313   -31398.1163848358      210.0554080240      0.14922599
       279   -31398.4270380823   -31188.2354901526     1505.6597966729   -31398.2686347973      210.1915479297      0.14544209
       280   -31398.6181664265   -31188.2361341383     1507.0242884582   -31398.4872450590      210.3820322882      0.15145341
       281   -31398.8561505718   -31188.2391261350     1508.7076017703   -31398.7594924187      210.6170244368      0.15271232
       282   -31399.1298802960   -31188.2442524252     1510.6316819517   -31399.0679943393      210.8856278707      0.15442873
       283   -31399.4281467944   -31188.2521420499     1512.7117312639   -31399.3951600876      211.1760047445      0.15413086
       284   -31399.7341653045   -31188.2602364850     1514.8458432516   -31399.7202453655      211.4739288195      0.15488382
       285   -31400.0273052319   -31188.2666184709     1516.8999691584   -31400.0229073257      211.7606867610      0.13894707
       286   -31400.2840131922   -31188.2704501557     1518.7113913838   -31400.2830288665      212.0135630365      0.15434586
       287   -31400.4822681491   -31188.2720249433     1520.1202654633   -31400.4821193349      212.2102432057      0.15858801
       288   -31400.6063939381   -31188.2727959285     1521.0038898081   -31400.6063792359      212.3335980095      0.15858592
       289   -31400.6466922436   -31188.2731815984     1521.2897949814   -31400.6466913069      212.3735106452      0.15577697
       290   -31400.5996061221   -31188.2729713239     1520.9540104125   -31400.5996060832      212.3266347982      0.15437643
       291   -31400.4680998414   -31188.2722337766     1520.0172780540   -31400.4680998404      212.1958660649      0.15831434
       292   -31400.2613013912   -31188.2714856387     1518.5412830656   -31400.2613013912      211.9898157525      0.15838838
       293   -31399.9921121106   -31188.2700606680     1516.6232137594   -31399.9921121106      211.7220514426      0.09617729
       294   -31399.6790581858   -31188.2690231912     1514.3881542329   -31399.6790581858      211.4100349946      0.22286323
       295   -31399.3413726925   -31188.2675619402     1511.9796876256   -31399.3413726925      211.0738107523      0.25381567
       296   -31399.0002647040   -31188.2657267947     1509.5493830543   -31399.0002647040      210.7345379093      0.25255534
       297   -31398.6777253564   -31188.2647575685     1507.2458879408   -31398.6777253564      210.4129677880      0.23731626
       298   -31398.3915149440   -31188.2635383164     1505.2044179736   -31398.3915149440      210.1279766277      0.23138919
       299   -31398.1579893689   -31188.2627201568     1503.5374708321   -31398.1579893689      209.8952692121      0.23306110
       300   -31397.9889909872   -31188.2626429252     1502.3274422319   -31397.9889909872      209.7263480620      0.22956427
       301   -31397.8903534473   -31188.2625269627     1501.6217051097   -31397.8903534473      209.6278264846      0.25741797
       302   -31397.8636620287   -31188.2625265531     1501.4305100800   -31397.8636620287      209.6011354756      0.25441708
       303   -31397.9055908857   -31188.2629608630     1501.7277469196   -31397.9055908857      209.6426300227      0.25198810
       304   -31398.0077681496   -31188.2636995580     1502.4543792532   -31398.0077681496      209.7440685916      0.25292374
       305   -31398.1582940808   -31188.2648849905     1503.5241462686   -31398.1582940808      209.8934090903      0.24884833
       306   -31398.3423733083   -31188.2665337550     1504.8309457883   -31398.3423733083      210.0758395533      0.23158438
       307   -31398.5421953529   -31188.2672427405     1506.2572473257   -31398.5421953529      210.2749526123      0.24574500
       308   -31398.7423946127   -31188.2684266642     1507.6828488473   -31398.7423946127      210.4739679485      0.25262840
       309   -31398.9260721099   -31188.2691603464     1508.9933256483   -31398.9260721099      210.6569117635      0.14632977
       310   -31399.0793868399   -31188.2697174018     1510.0875708333   -31399.0793868399      210.8096694381      0.14669049
       311   -31399.1910523942   -31188.2702072294     1510.8839531034   -31399.1910523940      210.9208451648      0.14911608
       312   -31399.2530225678   -31188.2706413669     1511.3247526337   -31399.2530225600      210.9823812009      0.14109479
       313   -31399.2602144688   -31188.2702985786     1511.3787256828   -31399.2602142594      210.9899158902      0.15223439
       314   -31399.2134808355   -31188.2706002142     1511.0417991312   -31399.2134769481      210.9428806213      0.14686290
       315   -31399.1145461207   -31188.2701821661     1510.3360971853   -31399.1144976934      210.8443639546      0.13559451
       316   -31398.9709124348   -31188.2700694893     1509.3080167731   -31398.9705091696      210.7008429456      0.15431661
       317   -31398.7924053120   -31188.2703620451     1508.0272255589   -31398.7901268448      210.5220432669      0.15818788
       318   -31398.5936506468   -31188.2724354348     1506.5886390352   -31398.5846452704      210.3212152120      0.14410521
       319   -31398.3932999736   -31188.2783217382     1505.1113069191   -31398.3673264998      210.1149782354      0.14004543
       320   -31398.2074112902   -31188.2870352019     1503.7173182826   -31398.1499668943      209.9203760882      0.15667710
       321   -31398.0454828741   -31188.2960581719     1502.4927465446   -31397.9428992699      209.7494247022      0.15938665
       322   -31397.9094049888   -31188.3031284874     1501.4673366599   -31397.7541807350      209.6062765014      0.15504153
       323   -31397.7984423339   -31188.3085191787     1500.6338656796   -31397.5912409689      209.4899231552      0.12732139
       324   -31397.7119480103   -31188.3131252684     1499.9812883945   -31397.4604895695      209.3988227420      0.12151675
       325   -31397.6489627011   -31188.3159095441     1499.5101627906   -31397.3659099753      209.3330531570      0.12725187
       326   -31397.6114516071   -31188.3177563035     1499.2282316753   -31397.3125575368      209.2936953036      0.12771198
       327   -31397.5992823519   -31188.3177636570     1499.1410072823   -31397.3018413063      209.2815186949      0.12899028
       328   -31397.6117534623   -31188.3154547472     1499.2468806272   -31397.3330398481      209.2962987151      0.15373201
       329   -31397.6503241408   -31188.3134969571     1499.5371971811   -31397.4059096061      209.3368271838      0.14022969
       330   -31397.7134991760   -31188.3120892164     1499.9998213451   -31397.5154009914      209.4014099596      0.14135125
       331   -31397.8024329293   -31188.3136147857     1500.6259501778   -31397.6570306708      209.4888181436      0.14548296
       332   -31397.9174398254   -31188.3181639109     1501.4171895330   -31397.8235782926      209.5992759145      0.14952462
       333   -31398.0608292667   -31188.3266673385     1502.3834151016   -31398.0095456947      209.7341619282      0.14135484
       334   -31398.2294844763   -31188.3363397052     1503.5222528778   -31398.2068459657      209.8931447711      0.15051893
       335   -31398.4149756656   -31188.3450452042     1504.7886173391   -31398.4073120927      210.0699304613      0.14884415
       336   -31398.6007613672   -31188.3499755838     1506.0841336907   -31398.5988750893      210.2507857833      0.14813471
       337   -31398.7705235246   -31188.3522857009     1507.2836386543   -31398.7702017916      210.4182378237      0.14102945
       338   -31398.9096198962   -31188.3531825347     1508.2735999064   -31398.9095832434      210.5564373615      0.14632297
       339   -31399.0075154451   -31188.3538602978     1508.9699976113   -31399.0075127142      210.6536551472      0.15274966
       340   -31399.0559438940   -31188.3537385486     1509.3177760169   -31399.0559437840      210.7022053453      0.15532695
       341   -31399.0516613631   -31188.3535666174     1509.2883306619   -31399.0516613628      210.6980947456      0.13320586
       342   -31398.9945485338   -31188.3535236560     1508.8795235223   -31398.9945485338      210.6410248779      0.25812297
       343   -31398.8870951934   -31188.3527023585     1508.1156889073   -31398.8870951934      210.5343928349      0.25470587
       344   -31398.7369764233   -31188.3519217833     1507.0459383945   -31398.7369764233      210.3850546400      0.26187216
       345   -31398.5543457888   -31188.3515508795     1505.7403618777   -31398.5543457888      210.2027949094      0.25731196
       346   -31398.3500292964   -31188.3505021595     1504.2842989864   -31398.3500292964      209.9995271369      0.24426004
       347   -31398.1376625223   -31188.3493872101     1502.7710441364   -31398.1376625223      209.7882753122      0.23544446
       348   -31397.9309838292   -31188.3489681317     1501.2935498571   -31397.9309838292      209.5820156975      0.23879561
       349   -31397.7407295549   -31188.3482406615     1499.9359172971   -31397.7407295549      209.3924888934      0.24635979
       350   -31397.5764266521   -31188.3473199476     1498.7655657977   -31397.5764266521      209.2291067045      0.24402155
       351   -31397.4458499604   -31188.3477723307     1497.8269685417   -31397.4458499604      209.0980776297      0.25884016
       352   -31397.3494152108   -31188.3475545944     1497.1377396452   -31397.3494152108      209.0018606164      0.23379108
       353   -31397.2869884487   -31188.3479745125     1496.6875516110   -31397.2869884487      208.9390139362      0.26118138
       354   -31397.2525989903   -31188.3481413661     1496.4400152559   -31397.2525989903      208.9044576242      0.24579167
       355   -31397.2391261499   -31188.3490130778     1496.3372612883   -31397.2391261499      208.8901130721      0.24727765
       356   -31397.2359132221   -31188.3500863716     1496.3065579056   -31397.2359132221      208.8858268505      0.20618453
       357   -31397.2312116471   -31188.3507453846     1496.2681585413   -31397.2312116471      208.8804662625      0.24521206
       358   -31397.2144857844   -31188.3514221931     1496.1434984268   -31397.2144857844      208.8630635913      0.24588840
       359   -31397.1761155445   -31188.3522281019     1495.8628689131   -31397.1761155445      208.8238874427      0.25324719
       360   -31397.1072948221   -31188.3519461644     1495.3719067687   -31397.1072948221      208.7553486577      0.23827747
       361   -31397.0048402786   -31188.3521665609     1494.6364179690   -31397.0048402786      208.6526737177      0.22583608
       362   -31396.8664213771   -31188.3521203785     1493.6452161716   -31396.8664213771      208.5143009986      0.22668935
       363   -31396.6939533326   -31188.3519680339     1492.4108714788   -31396.6939533326      208.3419852987      0.24799769
       364   -31396.4922286910   -31188.3516056237     1490.9684585015   -31396.4922286910      208.1406230672      0.23903030
       365   -31396.2689873231   -31188.3511624429     1489.3724938857   -31396.2689873231      207.9178248802      0.23991332
       366   -31396.0332681854   -31188.3499892278     1487.6923770130   -31396.0332681854      207.6832789575      0.24157339
       367   -31395.7972214849   -31188.3492554707     1486.0067657602   -31395.7972214849      207.4479660142      0.22065069
       368   -31395.5721718254   -31188.3488803305     1484.3973604615   -31395.5721718254      207.2232914949      0.24818112
       369   -31395.3684060944   -31188.3482053824     1482.9425653953   -31395.3684060944      207.0202007120      0.24613641
       370   -31395.1959846640   -31188.3476426703     1481.7114941868   -31395.1959846640      206.8483419937      0.23598875
       371   -31395.0623441122   -31188.3470005911     1480.7587895934   -31395.0623441122      206.7153435211      0.24548198
       372   -31394.9731408424   -31188.3468923273     1480.1205775915   -31394.9731408424      206.6262485151      0.22167243
       373   -31394.9301872645   -31188.3470404309     1479.8118284073   -31394.9301872645      206.5831468337      0.24194677
       374   -31394.9322094349   -31188.3471799412     1479.8253144181   -31394.9322094349      206.5850294937      0.24361063
       375   -31394.9751307115   -31188.3472627531     1480.1321781085   -31394.9751307115      206.6278679584      0.25455558
       376   -31395.0537206134   -31188.3488122176     1480.6840399245   -31395.0537206134      206.7049083958      0.23806771
       377   -31395.1561567536   -31188.3489953719     1481.4165061511   -31395.1561567536      206.8071613817      0.20428360
       378   -31395.2736474908   -31188.3496016838     1482.2537813975   -31395.2736474908      206.9240458071      0.23930100
       379   -31395.3945906962   -31188.3504514338     1483.1140438076   -31395.3945906962      207.0441392624      0.24797139
       380   -31395.5068452113   -31188.3508589092     1483.9152348764   -31395.5068452113      207.1559863021      0.24737555
       381   -31395.6005141152   -31188.3516133989     1484.5808063485   -31395.6005141152      207.2489007163      0.24154682
       382   -31395.6659295472   -31188.3522164829     1485.0450750012   -31395.6659295472      207.3137130643      0.24290278
       383   -31395.6958506478   -31188.3524393334     1485.2578117244   -31395.6958506478      207.3434113143      0.20756983
       384   -31395.6861421813   -31188.3525165570     1485.1877141390   -31395.6861421813      207.3336256244      0.25401404
       385   -31395.6350546889   -31188.3521258493     1484.8245591440   -31395.6350546889      207.2829288397      0.24527513
       386   -31395.5450235471   -31188.3520940254     1484.1798693068   -31395.5450235471      207.1929295217      0.24444623
       387   -31395.4200279870   -31188.3518788708     1483.2860329857   -31395.4200279870      207.0681491162      0.24864770
       388   -31395.2666863283   -31188.3509997283     1482.1939021011   -31395.2666863283      206.9156866000      0.23235055
       389   -31395.0951094382   -31188.3504134064     1480.9690496906   -31395.0951094382      206.7446960318      0.23553091
       390   -31394.9153971239   -31188.3496849549     1479.6869391153   -31394.9153971239      206.5657121690      0.24025529
       391   -31394.7385592458   -31188.3486906912     1478.4273230016   -31394.7385592458      206.3898685546      0.24355742
       392   -31394.5759276210   -31188.3478570744     1477.2683194247   -31394.5759276210      206.2280705466      0.24409634
       393   -31394.4372583465   -31188.3470745600     1476.2805986855   -31394.4372583465      206.0901837865      0.24541465
       394   -31394.3311792700   -31188.3468757608     1475.5221491745   -31394.3311792700      205.9843035092      0.24510343
       395   -31394.2630201857   -31188.3468549430     1475.0340560537   -31394.2630201857      205.9161652427      0.25089336
       396   -31394.2356318660   -31188.3468929108     1474.8375940223   -31394.2356318660      205.8887389552      0.24149209
       397   -31394.2485688315   -31188.3465248820     1474.9329013514   -31394.2485688315      205.9020439495      0.23793798
       398   -31394.3004706228   -31188.3472748932     1475.2993156039   -31394.3004706228      205.9531957296      0.20650058
       399   -31394.3844370770   -31188.3477613574     1475.8973057036   -31394.3844370770      206.0366757196      0.25309773
       400   -31394.4934484701   -31188.3486447608     1476.6718561963   -31394.4934484701      206.1448037093      0.22135694
       401   -31394.6175401989   -31188.3491700002     1477.5569969037   -31394.6175401989      206.2683701988      0.24886969
       402   -31394.7471851235   -31188.3498109675     1478.4810876859   -31394.7471851235      206.3973741560      0.24871255
       403   -31394.8722858040   -31188.3504763758     1479.3724517228   -31394.8722858040      206.5218094282      0.24387622
       404   -31394.9828622854   -31188.3504248727     1480.1649103648   -31394.9828622854      206.6324374127      0.23257722
       405   -31395.0722590743   -31188.3507758535     1480.8027699490   -31395.0722590743      206.7214832208      0.21402607
       406   -31395.1345734232   -31188.3513652281     1481.2449228950   -31395.1345734232      206.7832081950      0.23998720
       407   -31395.1653932028   -31188.3510796200     1481.4677393321   -31395.1653932028      206.8143135828      0.25099328
       408   -31395.1655668560   -31188.3514201386     1481.4665440295   -31395.1655668560      206.8141467174      0.24658946
       409   -31395.1357769102   -31188.3510757781     1481.2556172137   -31395.1357769102      206.7847011322      0.24622421
       410   -31395.0813958240   -31188.3509797601     1480.8667583575   -31395.0813958240      206.7304160638      0.11808627
       411   -31395.0078187164   -31188.3500236248     1480.3465543847   -31395.0078187164      206.6577950916      0.24682711
       412   -31394.9246416715   -31188.3497638365     1479.7525952988   -31394.9246416715      206.5748778350      0.24518634
       413   -31394.8396758789   -31188.3490610971     1479.1489959019   -31394.8396758789      206.4906147818      0.24786284
       414   -31394.7627679435   -31188.3485736872     1478.6015746852   -31394.7627679435      206.4141942563      0.24987441
       415   -31394.7026435190   -31188.3482735914     1478.1730365850   -31394.7026435190      206.3543699276      0.24993387
       416   -31394.6665374623   -31188.3476966893     1477.9185314909   -31394.6665374623      206.3188407730      0.24766719
       417   -31394.6612187646   -31188.3474913756     1477.8819029169   -31394.6612187646      206.3137273890      0.25193204
       418   -31394.6906896421   -31188.3475166283     1478.0928300155   -31394.6906896421      206.3431730138      0.24022981
       419   -31394.7565481190   -31188.3474540759     1478.5650404566   -31394.7565481190      206.4090940431      0.24318477
       420   -31394.8585954535   -31188.3475000328     1479.2957043445   -31394.8585954535      206.5110954208      0.24226379
       421   -31394.9943710365   -31188.3478248612     1480.2659753070   -31394.9943710365      206.6465461753      0.25314635
       422   -31395.1591307827   -31188.3483210420     1481.4426403487   -31395.1591307827      206.8108097407      0.24360736
       423   -31395.3465583842   -31188.3489475797     1482.7807476823   -31395.3465583842      206.9976108045      0.24498330
       424   -31395.5487579225   -31188.3492508916     1484.2269858114   -31395.5487579225      207.1995070308      0.24855902
       425   -31395.7581057293   -31188.3496675697     1485.7236168793   -31395.7581057293      207.4084381596      0.24474504
       426   -31395.9667909561   -31188.3504812965     1487.2126575357   -31395.9667909561      207.6163096596      0.24756313
       427   -31396.1660755722   -31188.3505074223     1488.6400008370   -31396.1660755722      207.8155681499      0.24887225
       428   -31396.3501340242   -31188.3504039320     1489.9592034183   -31396.3501340242      207.9997300922      0.24854368
       429   -31396.5149263943   -31188.3511052851     1491.1346324489   -31396.5149263943      208.1638211093      0.23897907
       430   -31396.6553922373   -31188.3506967174     1492.1437545495   -31396.6553922373      208.3046955198      0.24711493
       431   -31396.7718425451   -31188.3506349118     1492.9783628239   -31396.7718425451      208.4212076333      0.24850703
       432   -31396.8645432400   -31188.3503271795     1493.6446077363   -31396.8645432400      208.5142160604      0.24786454
       433   -31396.9361434684   -31188.3497246285     1494.1618160798   -31396.9361434684      208.5864188399      0.24932429
       434   -31396.9914878579   -31188.3494655647     1494.5601188898   -31396.9914878579      208.6420222932      0.24849340
       435   -31397.0351977038   -31188.3489260712     1494.8770890625   -31397.0351977038      208.6862716325      0.24899708
       436   -31397.0735765131   -31188.3486983396     1495.1536383204   -31397.0735765131      208.7248781735      0.24945558
       437   -31397.1116514525   -31188.3482604480     1495.4295163083   -31397.1116514525      208.7633910045      0.24862382
       438   -31397.1541681004   -31188.3475896761     1495.7388796600   -31397.1541681004      208.8065784244      0.24801891
       439   -31397.2059629885   -31188.3480802850     1496.1063863047   -31397.2059629885      208.8578827035      0.25185063
       440   -31397.2672404827   -31188.3482305021     1496.5442577822   -31397.2672404827      208.9190099806      0.25411379
       441   -31397.3375847984   -31188.3478775684     1497.0506816003   -31397.3375847984      208.9897072301      0.26162922
       442   -31397.4160511542   -31188.3482961539     1497.6097592174   -31397.4160511542      209.0677550002      0.24338975
       443   -31397.4980897923   -31188.3489095630     1498.1930305009   -31397.4980897923      209.1491802294      0.27315908
       444   -31397.5779550599   -31188.3492879804     1498.7624166427   -31397.5779550599      209.2286670794      0.26150273
       445   -31397.6498621110   -31188.3497476983     1499.2742135172   -31397.6498621110      209.3001144127      0.26912322
       446   -31397.7072095533   -31188.3499287608     1499.6837119989   -31397.7072095533      209.3572807925      0.27330741
       447   -31397.7448801081   -31188.3504346411     1499.9499327718   -31397.7448801081      209.3944454670      0.25551582
       448   -31397.7578038036   -31188.3507884051     1500.0399746438   -31397.7578038036      209.4070153985      0.25560503
       449   -31397.7427954960   -31188.3507734246     1499.9325733231   -31397.7427954960      209.3920220714      0.24706523
       450   -31397.6995515356   -31188.3510887701     1499.6205460496   -31397.6995515356      209.3484627655      0.25664772
       451   -31397.6284195691   -31188.3509606358     1499.1119260954   -31397.6284195691      209.2774589334      0.24055512
       452   -31397.5328176946   -31188.3505915334     1498.4297475887   -31397.5328176946      209.1822261613      0.27344146
       453   -31397.4181079817   -31188.3502457073     1497.6105276513   -31397.4181079817      209.0678622744      0.27350853
       454   -31397.2907492748   -31188.3497724937     1496.7016120082   -31397.2907492748      208.9409767811      0.26152915
       455   -31397.1585293866   -31188.3493332199     1495.7576312679   -31397.1585293866      208.8091961668      0.26970808
       456   -31397.0297101825   -31188.3491210404     1494.8363838221   -31397.0297101825      208.6805891421      0.24627022
       457   -31396.9117186056   -31188.3486602171     1493.9944787489   -31396.9117186056      208.5630583885      0.26180973
       458   -31396.8121813520   -31188.3484317531     1493.2831026095   -31396.8121813520      208.4637495989      0.26292093
       459   -31396.7358676200   -31188.3473456984     1492.7442260922   -31396.7358676200      208.3885219216      0.26566759
       460   -31396.6889008377   -31188.3473841097     1492.4075149784   -31396.6889008377      208.3415167280      0.25285226
       461   -31396.6727962170   -31188.3479334470     1492.2882181026   -31396.6727962170      208.3248627700      0.25473720
       462   -31396.6859758815   -31188.3474398042     1492.3861637585   -31396.6859758815      208.3385360773      0.26139615
       463   -31396.7286012317   -31188.3482174998     1492.6859300036   -31396.7286012317      208.3803837319      0.26810579
       464   -31396.7941955920   -31188.3478868686     1493.1581688273   -31396.7941955920      208.4463087234      0.26580497
       465   -31396.8790348411   -31188.3484343872     1493.7619736472   -31396.8790348411      208.5306004539      0.26435943
       466   -31396.9753699460   -31188.3489855517     1494.4481003236   -31396.9753699460      208.6263843942      0.19842463
       467   -31397.0759045981   -31188.3497505214     1495.1627779655   -31397.0759045981      208.7261540767      0.24789590
       468   -31397.1723821431   -31188.3500383495     1495.8518113306   -31397.1723821431      208.8223437936      0.22580371
       469   -31397.2582777391   -31188.3503833139     1496.4646340055   -31397.2582777391      208.9078944252      0.24047451
       470   -31397.3269110858   -31188.3501409136     1496.9580099007   -31397.3269110858      208.9767701722      0.24141005
       471   -31397.3751226024   -31188.3507392470     1497.2990762112   -31397.3751226024      209.0243833554      0.24736373
       472   -31397.3982868917   -31188.3503932638     1497.4674867518   -31397.3982868917      209.0478936280      0.25203279
       473   -31397.3965816616   -31188.3502185335     1497.4565233608   -31397.3965816616      209.0463631281      0.25137370
       474   -31397.3706374032   -31188.3498853331     1497.2730643176   -31397.3706374032      209.0207520701      0.25385390
       475   -31397.3237698247   -31188.3500085556     1496.9364563018   -31397.3237698247      208.9737612691      0.23927019
       476   -31397.2594132815   -31188.3498779242     1496.4763884530   -31397.2594132815      208.9095353574      0.25054384
       477   -31397.1823836339   -31188.3491330227     1495.9299398610   -31397.1823836339      208.8332506112      0.24221359
       478   -31397.0991997224   -31188.3485694739     1495.3381075073   -31397.0991997224      208.7506302485      0.21771575
       479   -31397.0156551026   -31188.3482268567     1494.7421087081   -31397.0156551026      208.6674282460      0.24840908
       480   -31396.9366775627   -31188.3477492566     1494.1797920752   -31396.9366775627      208.5889283061      0.22465237
       481   -31396.8674558320   -31188.3479492013     1493.6825055444   -31396.8674558320      208.5195066307      0.19981686
       482   -31396.8096864787   -31188.3473918570     1493.2726802084   -31396.8096864787      208.4622946217      0.26398967
       483   -31396.7665676405   -31188.3475959444     1492.9623461913   -31396.7665676405      208.4189716961      0.26639996
       484   -31396.7373520568   -31188.3476440727     1492.7527221842   -31396.7373520568      208.3897079842      0.27141702
       485   -31396.7205881545   -31188.3473375957     1492.6348331249   -31396.7205881545      208.3732505587      0.26745084
       486   -31396.7152174405   -31188.3480763912     1492.5910690310   -31396.7152174405      208.3671410493      0.26416190
       487   -31396.7164038405   -31188.3483649967     1492.5975001786   -31396.7164038405      208.3680388437      0.25754969
       488   -31396.7205697121   -31188.3484627523     1492.6266412116   -31396.7205697121      208.3721069598      0.26981853
       489   -31396.7245231930   -31188.3490962659     1492.6504230496   -31396.7245231930      208.3754269271      0.25929854
       490   -31396.7231937725   -31188.3487920292     1492.6430793763   -31396.7231937725      208.3744017433      0.26901733
       491   -31396.7153911710   -31188.3492797355     1492.5836936244   -31396.7153911710      208.3661114355      0.26235181
       492   -31396.6980471996   -31188.3494560306     1492.4581911424   -31396.6980471996      208.3485911690      0.21712484
       493   -31396.6703418884   -31188.3493265613     1492.2606578118   -31396.6703418884      208.3210153271      0.25323303
       494   -31396.6327458477   -31188.3489707408     1491.9938958845   -31396.6327458477      208.2837751068      0.26140464
       495   -31396.5874144642   -31188.3489664529     1491.6692054478   -31396.5874144642      208.2384480113      0.25263633
       496   -31396.5368324353   -31188.3491642316     1491.3054557371   -31396.5368324353      208.1876682037      0.23875471
       497   -31396.4835336741   -31188.3486289864     1490.9274961783   -31396.4835336741      208.1349046877      0.25360696
       498   -31396.4325677088   -31188.3483911649     1490.5641165488   -31396.4325677088      208.0841765438      0.24269130
       499   -31396.3878489719   -31188.3481248429     1490.2456916908   -31396.3878489719      208.0397241291      0.25050574
       500   -31396.3538159766   -31188.3481542876     1490.0016930758   -31396.3538159766      208.0056616890      0.18750876
       501   -31396.3335562269   -31188.3479133223     1489.8582930240   -31396.3335562269      207.9856429046      0.17772692
       502   -31396.3304809994   -31188.3479191585     1489.8362225181   -31396.3304809994      207.9825618409      0.20744566
       503   -31396.3462171612   -31188.3479038320     1489.9490547558   -31396.3462171612      207.9983133292      0.26061039
       504   -31396.3814590793   -31188.3478301102     1490.2020303858   -31396.3814590793      208.0336289691      0.26826953
       505   -31396.4362958290   -31188.3482939014     1490.5915188239   -31396.4362958290      208.0880019277      0.24796630
       506   -31396.5075549102   -31188.3478487097     1491.1051562268   -31396.5075549102      208.1597062005      0.26464901
       507   -31396.5940113265   -31188.3481035793     1491.7226415851   -31396.5940113265      208.2459077472      0.22787175
       508   -31396.6911471123   -31188.3482869169     1492.4171386041   -31396.6911471123      208.3428601954      0.25483751
       509   -31396.7952235468   -31188.3490539370     1493.1571723178   -31396.7952235468      208.4461696097      0.24994335
       510   -31396.9002762880   -31188.3491680403     1493.9088766077   -31396.9002762880      208.5511082477      0.25838983
       511   -31397.0023760704   -31188.3494196367     1494.6384431421   -31397.0023760704      208.6529564338      0.26056542
       512   -31397.0970413566   -31188.3496966114     1495.3145725449   -31397.0970413566      208.7473447452      0.25151240
       513   -31397.1804869940   -31188.3499155958     1495.9107479231   -31397.1804869940      208.8305713983      0.25987312
       514   -31397.2503544977   -31188.3504827183     1496.4071655899   -31397.2503544977      208.8998717794      0.22016140
       515   -31397.3037930685   -31188.3501733654     1496.7921767313   -31397.3037930685      208.9536197031      0.24356642
       516   -31397.3418124999   -31188.3503700614     1497.0631113752   -31397.3418124999      208.9914424385      0.25813767
       517   -31397.3641531316   -31188.3499144793     1497.2264069167   -31397.3641531316      209.0142386524      0.22969596
       518   -31397.3738012814   -31188.3497016435     1497.2970438647   -31397.3738012814      209.0240996379      0.25229072
       519   -31397.3734397478   -31188.3493008507     1497.2973250891   -31397.3734397478      209.0241388971      0.25329675
       520   -31397.3672435088   -31188.3490058417     1497.2550529580   -31397.3672435088      209.0182376671      0.24642094
       521   -31397.3591575005   -31188.3484319481     1497.2012416166   -31397.3591575005      209.0107255524      0.25986194
       522   -31397.3548102991   -31188.3487868075     1497.1675594630   -31397.3548102991      209.0060234915      0.25985914
       523   -31397.3564898256   -31188.3482133109     1497.1836984869   -31397.3564898256      209.0082765147      0.25920396
       524   -31397.3692845068   -31188.3482819904     1497.2748583330   -31397.3692845068      209.0210025164      0.25564740
       525   -31397.3949688936   -31188.3481796528     1497.4595757229   -31397.3949688936      209.0467892407      0.25561134
       526   -31397.4355560070   -31188.3484884894     1497.7481000839   -31397.4355560070      209.0870675175      0.26184946
       527   -31397.4906058689   -31188.3486299560     1498.1414240026   -31397.4906058689      209.1419759128      0.25162941
       528   -31397.5588239321   -31188.3484923778     1498.6310742394   -31397.5588239321      209.2103315543      0.25487157
       529   -31397.6386809311   -31188.3489671365     1499.1997110324   -31397.6386809311      209.2897137946      0.25743260
       530   -31397.7257892827   -31188.3491404699     1499.8224504490   -31397.7257892827      209.3766488128      0.25231531
       531   -31397.8161652923   -31188.3492819424     1500.4688252253   -31397.8161652923      209.4668833499      0.25357413
       532   -31397.9056204425   -31188.3498945657     1501.1052286504   -31397.9056204425      209.5557258769      0.24777641
       533   -31397.9882844855   -31188.3498626682     1501.6976023881   -31397.9882844855      209.6384218173      0.24513327
       534   -31398.0609482109   -31188.3504094315     1502.2141959979   -31398.0609482109      209.7105387794      0.24858630
       535   -31398.1185866478   -31188.3502607591     1502.6281409357   -31398.1185866478      209.7683258887      0.22649737
       536   -31398.1595516920   -31188.3505318210     1502.9196431093   -31398.1595516920      209.8090198710      0.25478914
       537   -31398.1814033561   -31188.3503280860     1503.0776319913   -31398.1814033561      209.8310752700      0.24767734
       538   -31398.1847487805   -31188.3504472042     1503.1007429092   -31398.1847487805      209.8343015763      0.24433498
       539   -31398.1705105854   -31188.3506181018     1502.9975266202   -31398.1705105854      209.8198924836      0.24928484
       540   -31398.1408032693   -31188.3504555853     1502.7858891049   -31398.1408032693      209.7903476840      0.23871775
       541   -31398.0993777030   -31188.3500808418     1502.4918307848   -31398.0993777030      209.7492968612      0.22231225
       542   -31398.0508190374   -31188.3495848192     1502.1475448698   -31398.0508190374      209.7012342182      0.23917386
       543   -31398.0006842588   -31188.3494984969     1501.7890340293   -31398.0006842588      209.6511857619      0.24143980
       544   -31397.9534688304   -31188.3491344079     1501.4534250155   -31397.9534688304      209.6043344225      0.25571415
       545   -31397.9145091066   -31188.3488753963     1501.1762011830   -31397.9145091066      209.5656337103      0.25644068
       546   -31397.8881459034   -31188.3487099784     1500.9885392501   -31397.8881459034      209.5394359250      0.24814713
       547   -31397.8775994468   -31188.3484361062     1500.9149539065   -31397.8775994468      209.5291633406      0.24984685
       548   -31397.8848305555   -31188.3477797385     1500.9714540666   -31397.8848305555      209.5370508170      0.25523418
       549   -31397.9122174289   -31188.3482417078     1501.1643245510   -31397.9122174289      209.5639757211      0.25181737
       550   -31397.9574852253   -31188.3480976124     1501.4896224062   -31397.9574852253      209.6093876129      0.23818507
       551   -31398.0198573940   -31188.3485123390     1501.9334405834   -31398.0198573940      209.6713450550      0.25125083
       552   -31398.0959853800   -31188.3493288591     1502.4729173017   -31398.0959853800      209.7466565209      0.24786030
       553   -31398.1806476066   -31188.3495334044     1503.0779108728   -31398.1806476066      209.8311142022      0.21235551
       554   -31398.2694642460   -31188.3496605696     1503.7132179396   -31398.2694642460      209.9198036764      0.21498533
       555   -31398.3568644184   -31188.3493970054     1504.3411773652   -31398.3568644184      210.0074674130      0.25061488
       556   -31398.4392211532   -31188.3503295584     1504.9244411470   -31398.4392211532      210.0888915948      0.24225407
       557   -31398.5097906081   -31188.3504993410     1505.4287333382   -31398.5097906081      210.1592912671      0.24167408
       558   -31398.5654263533   -31188.3507651636     1505.8253633031   -31398.5654263533      210.2146611897      0.24638492
       559   -31398.6027481397   -31188.3506825960     1506.0933009658   -31398.6027481397      210.2520655437      0.25077704
       560   -31398.6204655929   -31188.3506190383     1506.2206712319   -31398.6204655929      210.2698465547      0.24500731
       561   -31398.6184747192   -31188.3507452122     1506.2055062379   -31398.6184747192      210.2677295070      0.24997352
       562   -31398.5972383394   -31188.3504185338     1506.0557243029   -31398.5972383394      210.2468198056      0.24373761
       563   -31398.5593277792   -31188.3498365848     1505.7883292067   -31398.5593277792      210.2094911944      0.25643070
       564   -31398.5091699197   -31188.3500019883     1505.4278498505   -31398.5091699197      210.1591679314      0.25835483
       565   -31398.4497068746   -31188.3496830194     1505.0041845858   -31398.4497068746      210.1000238552      0.25448318
       566   -31398.3858112107   -31188.3491909307     1504.5500073606   -31398.3858112107      210.0366202801      0.23340034
       567   -31398.3221722265   -31188.3486622266     1504.0979310880   -31398.3221722265      209.9735100000      0.25454932
       568   -31398.2636808874   -31188.3488339440     1503.6777114993   -31398.2636808874      209.9148469434      0.24733419
       569   -31398.2126302459   -31188.3486016250     1503.3136858954   -31398.2126302459      209.8640286209      0.24170632
       570   -31398.1720435440   -31188.3486351505     1503.0227120485   -31398.1720435440      209.8234083935      0.23152889
       571   -31398.1425725324   -31188.3484718164     1502.8127731040   -31398.1425725324      209.7941007160      0.24126861
       572   -31398.1242440776   -31188.3483497648     1502.6823556362   -31398.1242440776      209.7758943128      0.24420408
       573   -31398.1160027130   -31188.3487201691     1502.6206671704   -31398.1160027130      209.7672825439      0.24857010
       574   -31398.1145066024   -31188.3489019673     1502.6086478488   -31398.1145066024      209.7656046351      0.24876719
       575   -31398.1162921461   -31188.3490062739     1502.6206910119   -31398.1162921461      209.7672858722      0.24323211
       576   -31398.1176569118   -31188.3495047802     1502.6268962654   -31398.1176569118      209.7681521315      0.24044579
       577   -31398.1134719670   -31188.3496815371     1502.5956521984   -31398.1134719670      209.7637904299      0.24373188
       578   -31398.0999312856   -31188.3500066525     1502.4963276870   -31398.0999312856      209.7499246331      0.25394106
       579   -31398.0731506651   -31188.3503723019     1502.3018714987   -31398.0731506651      209.7227783632      0.24470703
       580   -31398.0298091937   -31188.3504158406     1501.9910927536   -31398.0298091937      209.6793933531      0.24285882
       581   -31397.9683839104   -31188.3505035996     1501.5504579343   -31397.9683839104      209.6178803108      0.25032232
       582   -31397.8876132942   -31188.3500267443     1500.9752916685   -31397.8876132942      209.5375865499      0.19633638
       583   -31397.7888656195   -31188.3496972016     1500.2702955536   -31397.7888656195      209.4391684178      0.24771120
       584   -31397.6745666762   -31188.3500011399     1499.4493636318   -31397.6745666762      209.3245655363      0.24447344
       585   -31397.5466295566   -31188.3497502470     1498.5347121149   -31397.5466295566      209.1968793096      0.24364421
       586   -31397.4095151507   -31188.3493491803     1497.5553969124   -31397.4095151507      209.0601659705      0.24325415
       587   -31397.2680052257   -31188.3488435836     1496.5453441751   -31397.2680052257      208.9191616421      0.22789325
       588   -31397.1276122733   -31188.3486532307     1495.5410344414   -31397.1276122733      208.7789590426      0.24889875
       589   -31396.9927138543   -31188.3480536344     1494.5790150836   -31396.9927138543      208.6446602200      0.25482497
       590   -31396.8692194583   -31188.3481903435     1493.6934115163   -31396.8692194583      208.5210291148      0.09774243
       591   -31396.7605312273   -31188.3483624612     1492.9136149348   -31396.7605312270      208.4121687661      0.13991080
       592   -31396.6694042687   -31188.3481543346     1492.2623383660   -31396.6694042667      208.3212499341      0.13995781
       593   -31396.5984561398   -31188.3481497123     1491.7541505411   -31396.5984561350      208.2503064276      0.14486794
       594   -31396.5485578194   -31188.3484457951     1491.3945942424   -31396.5485578136      208.2001120243      0.13768797
       595   -31396.5182394639   -31188.3480894697     1491.1799679905   -31396.5182394603      208.1701499942      0.13589095
       596   -31396.5072019917   -31188.3485272623     1491.0977675159   -31396.5072019906      208.1586747293      0.14902502
       597   -31396.5115651872   -31188.3487045897     1491.1277520394   -31396.5115651871      208.1628605975      0.14713211
       598   -31396.5278399933   -31188.3488150577     1491.2435416336   -31396.5278399933      208.1790249356      0.14644094
       599   -31396.5521507784   -31188.3492400778     1491.4146419298   -31396.5521507784      208.2029107006      0.25297141
       600   -31396.5795526981   -31188.3495460134     1491.6087379066   -31396.5795526981      208.2300066847      0.22379430
       601   -31396.6063268036   -31188.3504452463     1491.7940867272   -31396.6063268036      208.2558815573      0.25743260
       602   -31396.6266719825   -31188.3501612786     1491.9418589710   -31396.6266719825      208.2765107039      0.25342075
       603   -31396.6391052468   -31188.3505348972     1492.0282455252   -31396.6391052468      208.2885703495      0.24974010
       604   -31396.6403077020   -31188.3506274311     1492.0361961969   -31396.6403077020      208.2896802709      0.24747184
       605   -31396.6287941011   -31188.3502136939     1491.9566848237   -31396.6287941011      208.2785804072      0.25093680
       606   -31396.6052938839   -31188.3500656701     1491.7894066482   -31396.6052938839      208.2552282138      0.24424358
       607   -31396.5708087648   -31188.3499978820     1491.5428658521   -31396.5708087648      208.2208108829      0.25955391
       608   -31396.5275346833   -31188.3498620143     1491.2338549763   -31396.5275346833      208.1776726690      0.26012775
       609   -31396.4788375497   -31188.3496754466     1490.8863604672   -31396.4788375497      208.1291621031      0.25293786
       610   -31396.4289856135   -31188.3495759337     1490.5299701923   -31396.4289856135      208.0794096798      0.24531913
       611   -31396.3822359422   -31188.3491855101     1490.1978861665   -31396.3822359422      208.0330504321      0.22767562
       612   -31396.3436045836   -31188.3486960874     1489.9246650014   -31396.3436045836      207.9949084961      0.25744448
       613   -31396.3179082255   -31188.3482404860     1489.7438585282   -31396.3179082255      207.9696677395      0.24499240
       614   -31396.3098166724   -31188.3482690491     1489.6856919050   -31396.3098166724      207.9615476233      0.24786199
       615   -31396.3220903826   -31188.3480819908     1489.7749518126   -31396.3220903826      207.9740083918      0.24953975
       616   -31396.3576561374   -31188.3481493852     1490.0292363196   -31396.3576561374      208.0095067522      0.25105066
       617   -31396.4176496621   -31188.3483360680     1490.4576491568   -31396.4176496621      208.0693135941      0.20311684
       618   -31396.5015210599   -31188.3481086115     1491.0600723523   -31396.5015210599      208.1534124484      0.23612714
       619   -31396.6087367158   -31188.3482521449     1491.8270593777   -31396.6087367158      208.2604845709      0.25240757
       620   -31396.7366304047   -31188.3486492716     1492.7403522753   -31396.7366304047      208.3879811331      0.25255886
       621   -31396.8809931864   -31188.3487145761     1493.7739947430   -31396.8809931864      208.5322786103      0.25420559
       622   -31397.0378673355   -31188.3489616633     1494.8959574121   -31397.0378673355      208.6889056722      0.25100197
       623   -31397.2019617682   -31188.3491305788     1496.0702009216   -31397.2019617682      208.8528311894      0.24443221
       624   -31397.3682620989   -31188.3494727328     1497.2590049296   -31397.3682620989      209.0187893661      0.25735124
       625   -31397.5316323958   -31188.3500123090     1498.4254061107   -31397.5316323958      209.1816200868      0.24821087
       626   -31397.6870419508   -31188.3504372456     1499.5356035058   -31397.6870419508      209.3366047052      0.25137980
       627   -31397.8306709578   -31188.3509002711     1500.5611407588   -31397.8306709578      209.4797706867      0.25233552
       628   -31397.9587867456   -31188.3506414308     1501.4807234838   -31397.9587867456      209.6081453148      0.25781537
       629   -31398.0702448495   -31188.3503042461     1502.2815438460   -31398.0702448495      209.7199406034      0.26018471
       630   -31398.1653225768   -31188.3506690411     1502.9599985970   -31398.1653225768      209.8146535357      0.26540104
       631   -31398.2435279826   -31188.3504517537     1503.5217618912   -31398.2435279826      209.8930762289      0.26815935
       632   -31398.3075721650   -31188.3503569615     1503.9812069846   -31398.3075721650      209.9572152035      0.26865536
       633   -31398.3599565217   -31188.3498360857     1504.3601816976   -31398.3599565217      210.0101204359      0.26277223
       634   -31398.4052235923   -31188.3495845114     1504.6862442550   -31398.4052235923      210.0556390809      0.27354569
       635   -31398.4475878745   -31188.3494781605     1504.9904730669   -31398.4475878745      210.0981097140      0.25848198
       636   -31398.4914814427   -31188.3494623049     1505.3050083316   -31398.4914814427      210.1420191379      0.26099892
       637   -31398.5407529869   -31188.3491059688     1505.6605064704   -31398.5407529869      210.1916470181      0.26585860
       638   -31398.5995869486   -31188.3488646489     1506.0836789404   -31398.5995869486      210.2507222997      0.26543214
       639   -31398.6707814763   -31188.3486601177     1506.5951300122   -31398.6707814763      210.3221213586      0.26264748
       640   -31398.7561954594   -31188.3485683201     1507.2076314077   -31398.7561954594      210.4076271393      0.24564755
       641   -31398.8563041705   -31188.3485371482     1507.9249608974   -31398.8563041705      210.5077670223      0.26638136
       642   -31398.9706663180   -31188.3489225845     1508.7414073885   -31398.9706663180      210.6217437335      0.25894836
       643   -31399.0964361674   -31188.3489722759     1509.6419754159   -31399.0964361674      210.7474638916      0.27229396
       644   -31399.2304548253   -31188.3487897808     1510.6032951386   -31399.2304548253      210.8816650445      0.27323426
       645   -31399.3696532243   -31188.3495247958     1511.5951463942   -31399.3696532243      211.0201284285      0.24985288
       646   -31399.5082986042   -31188.3503361265     1512.5824895510   -31399.5082986042      211.1579624777      0.27259916
       647   -31399.6399330755   -31188.3499920599     1513.5278880715   -31399.6399330755      211.2899410156      0.27104451
       648   -31399.7612650103   -31188.3503965976     1514.3941242352   -31399.7612650103      211.4108684127      0.26976229
       649   -31399.8664321353   -31188.3504883600     1515.1468079218   -31399.8664321353      211.5159437753      0.26767704
       650   -31399.9518703545   -31188.3507690679     1515.7568145672   -31399.9518703545      211.6011012866      0.25735855
       651   -31400.0149223169   -31188.3516204415     1516.2023744712   -31400.0149223169      211.6633018754      0.26773340
       652   -31400.0523337238   -31188.3515796280     1516.4706550139   -31400.0523337238      211.7007540958      0.26263987
       653   -31400.0644429297   -31188.3513957400     1516.5587138223   -31400.0644429297      211.7130471897      0.25979021
       654   -31400.0523610740   -31188.3511725295     1516.4737670898   -31400.0523610740      211.7011885445      0.24361472
       655   -31400.0183903813   -31188.3508488365     1516.2327443877   -31400.0183903813      211.6675415448      0.24812334
       656   -31399.9662738149   -31188.3506078550     1515.8611453236   -31399.9662738149      211.6156659599      0.24073729
       657   -31399.9005570875   -31188.3504832645     1515.3912908291   -31399.9005570875      211.5500738230      0.23240196
       658   -31399.8263895029   -31188.3504728273     1514.8600828110   -31399.8263895029      211.4759166756      0.25129264
       659   -31399.7484209249   -31188.3497924913     1514.3064459032   -31399.7484209249      211.3986284336      0.24616400
       660   -31399.6730280916   -31188.3494830665     1513.7686028221   -31399.6730280916      211.3235450250      0.26442212
       661   -31399.6045193667   -31188.3489870394     1513.2814091858   -31399.6045193667      211.2555323273      0.26776109
       662   -31399.5475419309   -31188.3488895878     1512.8739622344   -31399.5475419309      211.1986523432      0.26851800
       663   -31399.5047716344   -31188.3488849439     1512.5676201171   -31399.5047716344      211.1558866905      0.25899092
       664   -31399.4777302649   -31188.3487919885     1512.3745812243   -31399.4777302649      211.1289382764      0.26949748
       665   -31399.4668676663   -31188.3487364290     1512.2971674341   -31399.4668676663      211.1181312373      0.26705075
       666   -31399.4714094155   -31188.3489957133     1512.3278439066   -31399.4714094155      211.1224137022      0.23396768
       667   -31399.4890102011   -31188.3495503898     1512.4499498686   -31399.4890102011      211.1394598113      0.22542938
       668   -31399.5158547256   -31188.3499853753     1512.6391286507   -31399.5158547256      211.1658693502      0.25063568
       669   -31399.5468126111   -31188.3493655963     1512.8653281361   -31399.5468126111      211.1974470148      0.25029033
       670   -31399.5796168656   -31188.3500775448     1513.0952141401   -31399.5796168656      211.2295393208      0.24529256
       671   -31399.6074276990   -31188.3500238037     1513.2948157408   -31399.6074276990      211.2574038952      0.27007089
       672   -31399.6271918535   -31188.3506093800     1513.4321971656   -31399.6271918535      211.2765824736      0.23755428
       673   -31399.6342366430   -31188.3509835674     1513.4799805204   -31399.6342366430      211.2832530756      0.25656141
       674   -31399.6257614918   -31188.3512279296     1513.4175202505   -31399.6257614918      211.2745335622      0.23554776
       675   -31399.5999710536   -31188.3512588312     1513.2325549004   -31399.5999710536      211.2487122224      0.25921415
       676   -31399.5564357390   -31188.3510435616     1512.9222415187   -31399.5564357390      211.2053921774      0.26325614
       677   -31399.4964953832   -31188.3509587817     1512.4934795862   -31399.4964953832      211.1455366015      0.26307076
       678   -31399.4219244480   -31188.3505082384     1511.9625348591   -31399.4219244480      211.0714162097      0.26181068
       679   -31399.3367896718   -31188.3503292249     1511.3539733928   -31399.3367896718      210.9864604468      0.26680596
       680   -31399.2447939381   -31188.3497707446     1510.6989832292   -31399.2447939381      210.8950231934      0.26207480
       681   -31399.1517602992   -31188.3496769860     1510.0332293369   -31399.1517602992      210.8020833132      0.26317010
       682   -31399.0624754097   -31188.3495759863     1509.3943806353   -31399.0624754097      210.7128994233      0.26173882
       683   -31398.9816817733   -31188.3490356443     1508.8195042424   -31398.9816817733      210.6326461290      0.26257041
       684   -31398.9146844374   -31188.3486300823     1508.3424890737   -31398.9146844374      210.5660543551      0.26404353
       685   -31398.8653280639   -31188.3482438404     1507.9917025687   -31398.8653280639      210.5170842235      0.25010032
       686   -31398.8370649971   -31188.3484109965     1507.7880490726   -31398.8370649971      210.4886540006      0.26092187
       687   -31398.8306412192   -31188.3481978760     1507.7435604280   -31398.8306412192      210.4824433432      0.26659104
       688   -31398.8472675288   -31188.3484815962     1507.8606268843   -31398.8472675288      210.4987859325      0.26098012
       689   -31398.8851490374   -31188.3484907036     1508.1319172981   -31398.8851490374      210.5366583338      0.23149931
       690   -31398.9423153972   -31188.3485488573     1508.5409990661   -31398.9423153972      210.5937665399      0.25711479
       691   -31399.0160207912   -31188.3492966976     1509.0636140644   -31399.0160207912      210.6667240936      0.25853270
       692   -31399.1008804100   -31188.3495730666     1509.6695071171   -31399.1008804100      210.7513073434      0.11281557
       693   -31399.1922826655   -31188.3495145761     1510.3246655641   -31399.1922826655      210.8427680893      0.26259895
       694   -31399.2856689453   -31188.3494874052     1510.9938117722   -31399.2856689453      210.9361815401      0.25084300
       695   -31399.3770078196   -31188.3502049889     1511.6429569701   -31399.3770078196      211.0268028307      0.25437868
       696   -31399.4608973491   -31188.3504930862     1512.2418169944   -31399.4608973491      211.1104042629      0.25196883
       697   -31399.5341752536   -31188.3506074771     1512.7659073402   -31399.5341752536      211.1835677766      0.24932772
       698   -31399.5945186617   -31188.3506059198     1513.1981749032   -31399.5945186617      211.2439127419      0.24952601
       699   -31399.6411803103   -31188.3509396725     1513.5300343474   -31399.6411803103      211.2902406377      0.25299613
       700   -31399.6729654905   -31188.3503786071     1513.7617393902   -31399.6729654905      211.3225868834      0.23689817
       701   -31399.6928336785   -31188.3506548164     1513.9020821159   -31399.6928336785      211.3421788621      0.24898682
       702   -31399.7015048642   -31188.3502023969     1513.9674370058   -31399.7015048642      211.3513024673      0.25923826
       703   -31399.7029778929   -31188.3498896683     1513.9802288764   -31399.7029778929      211.3530882246      0.25471571
       704   -31399.7013249705   -31188.3500860471     1513.9669818242   -31399.7013249705      211.3512389235      0.26850905
       705   -31399.6992984924   -31188.3495814100     1513.9560804586   -31399.6992984924      211.3497170824      0.27039532
       706   -31399.7018662722   -31188.3494480827     1513.9754292308   -31399.7018662722      211.3524181895      0.26746861
       707   -31399.7118684631   -31188.3490127157     1514.0501963247   -31399.7118684631      211.3628557473      0.26299821
       708   -31399.7325905993   -31188.3487054461     1514.2008357354   -31399.7325905993      211.3838851532      0.25139288
       709   -31399.7662165994   -31188.3487298502     1514.4415331979   -31399.7662165994      211.4174867492      0.20290474
       710   -31399.8132293685   -31188.3486084220     1514.7791684008   -31399.8132293685      211.4646209465      0.17198622
       711   -31399.8733846077   -31188.3482127113     1515.2129114877   -31399.8733846077      211.5251718964      0.18413830
       712   -31399.9470714021   -31188.3490910640     1515.7344583562   -31399.9470714021      211.5979803381      0.19329208
       713   -31400.0301785305   -31188.3492199164     1516.3288545405   -31400.0301785305      211.6809586140      0.24620999
       714   -31400.1210247208   -31188.3497490742     1516.9758202545   -31400.1210247208      211.7712756466      0.24393614
       715   -31400.2153769084   -31188.3497785195     1517.6514799676   -31400.2153769084      211.8655983889      0.09859365
       716   -31400.3106264363   -31188.3502593401     1518.3303342502   -31400.3106264363      211.9603670961      0.14272858
       717   -31400.4021283463   -31188.3500486696     1518.9872966581   -31400.4021283463      212.0520796767      0.14725617
       718   -31400.4880165408   -31188.3504509088     1519.5996560388   -31400.4880165404      212.1375656320      0.14319047
       719   -31400.5646236552   -31188.3503970410     1520.1487997125   -31400.5646236512      212.2142266142      0.14331562
       720   -31400.6313186270   -31188.3510938449     1520.6215627185   -31400.6313186026      212.2802247821      0.14076677
       721   -31400.6857676270   -31188.3511562187     1521.0111490620   -31400.6857674943      212.3346114083      0.14218091
       722   -31400.7280092107   -31188.3506212059     1521.3175695733   -31400.7280085632      212.3773880048      0.14426441
       723   -31400.7601864136   -31188.3506926062     1521.5475522571   -31400.7601836348      212.4094938075      0.14641934
       724   -31400.7831558515   -31188.3504257073     1521.7140005195   -31400.7831455017      212.4327301441      0.14473602
       725   -31400.8003701219   -31188.3507408310     1521.8350537499   -31400.8003369330      212.4496292909      0.14680310
       726   -31400.8134344388   -31188.3501584685     1521.9328086633   -31400.8133430708      212.4632759703      0.14252061
       727   -31400.8270328970   -31188.3499361361     1522.0318107823   -31400.8268167138      212.4770967608      0.15129659
       728   -31400.8447519340   -31188.3501291355     1522.1573546047   -31400.8443104858      212.4946227985      0.13635035
       729   -31400.8693264970   -31188.3500883606     1522.3336810314   -31400.8685437722      212.5192381364      0.14404593
       730   -31400.9036499097   -31188.3497182026     1522.5822006088   -31400.9024364637      212.5539317071      0.14585390
       731   -31400.9511067544   -31188.3500177504     1522.9200012806   -31400.9494507523      212.6010890041      0.14353871
       732   -31401.0119106719   -31188.3495574612     1523.3588536215   -31401.0099096754      212.6623532106      0.14164131
       733   -31401.0883167157   -31188.3497493463     1523.9047965766   -31401.0861670336      212.7385673694      0.13415711
       734   -31401.1795081089   -31188.3497213658     1524.5582260083   -31401.1774506009      212.8297867432      0.14519094
       735   -31401.2848561984   -31188.3495258127     1525.3142641120   -31401.2831019534      212.9353303857      0.14601522
       736   -31401.4036954641   -31188.3498503264     1526.1632178363   -31401.4023660482      213.0538451377      0.14110029
       737   -31401.5338955766   -31188.3505168517     1527.0911025041   -31401.5330035653      213.1833787249      0.14504536
       738   -31401.6722310619   -31188.3507549957     1528.0803316942   -31401.6717037141      213.3214760662      0.14346909
       739   -31401.8160060534   -31188.3506907856     1529.1106914073   -31401.8157327566      213.4653152678      0.14446023
       740   -31401.9631860665   -31188.3512918117     1530.1606769564   -31401.9630624424      213.6118942548      0.14315031
       741   -31402.1099174359   -31188.3516686591     1531.2090546006   -31402.1098687534      213.7582487768      0.14114728
       742   -31402.2535145473   -31188.3518457122     1532.2364118749   -31402.2534978571      213.9016688351      0.14382468
       743   -31402.3911240430   -31188.3512390479     1533.2264921966   -31402.3911190440      214.0398849951      0.14446109
       744   -31402.5229942977   -31188.3517898232     1534.1671697003   -31402.5229929797      214.1712044745      0.14636759
       745   -31402.6461066561   -31188.3515114937     1535.0510510926   -31402.6461063465      214.2945951624      0.13600366
       746   -31402.7614185730   -31188.3516996588     1535.8757141510   -31402.7614185071      214.4097189142      0.14020717
       747   -31402.8686138926   -31188.3517008239     1536.6435753254   -31402.8686138814      214.5169130687      0.13609330
       748   -31402.9685453505   -31188.3514234081     1537.3613990151   -31402.9685453497      214.6171219424      0.14053994
       749   -31403.0628474814   -31188.3510646001     1538.0394813236   -31403.0628474814      214.7117828813      0.14088936
       750   -31403.1537244982   -31188.3510503925     1538.6905601316   -31403.1537244982      214.8026741058      0.14270666
       751   -31403.2427970003   -31188.3510603034     1539.3285399368   -31403.2427970003      214.8917366969      0.25284080
       752   -31403.3318631726   -31188.3509793276     1539.9671254471   -31403.3318631726      214.9808838450      0.24879793
       753   -31403.4221903107   -31188.3503766995     1540.6184803405   -31403.4221903107      215.0718136112      0.25549060
       754   -31403.5164023899   -31188.3505577139     1541.2920506874   -31403.5164023899      215.1658446759      0.23567183
       755   -31403.6139071408   -31188.3501180665     1541.9936533181   -31403.6139071408      215.2637890743      0.24987441
       756   -31403.7162856820   -31188.3504142436     1542.7248973336   -31403.7162856820      215.3658714384      0.24074769
       757   -31403.8225497281   -31188.3508451135     1543.4830094463   -31403.8225497281      215.4717046146      0.23824849
       758   -31403.9312357704   -31188.3509108974     1544.2610861948   -31403.9312357704      215.5803248730      0.24236587
       759   -31404.0411680244   -31188.3508884676     1545.0487217990   -31404.0411680244      215.6902795567      0.24291010
       760   -31404.1502445945   -31188.3504831771     1545.8329704414   -31404.1502445945      215.7997614174      0.25363181
       761   -31404.2573267892   -31188.3505508741     1546.5995446848   -31404.2573267892      215.9067759151      0.24731477
       762   -31404.3604586296   -31188.3511345215     1547.3341255602   -31404.3604586296      216.0093241080      0.24464013
       763   -31404.4562228287   -31188.3506411713     1548.0236448280   -31404.4562228287      216.1055816574      0.25050574
       764   -31404.5452083220   -31188.3511437874     1548.6574719831   -31404.5452083220      216.1940645346      0.25519823
       765   -31404.6251060675   -31188.3513453029     1549.2283579713   -31404.6251060675      216.2737607646      0.24090133
       766   -31404.6957176323   -31188.3515011054     1549.7330519506   -31404.6957176323      216.3442165269      0.24832397
       767   -31404.7573350110   -31188.3517601121     1550.1725788238   -31404.7573350110      216.4055748989      0.24617487
       768   -31404.8102238313   -31188.3516651486     1550.5521162215   -31404.8102238313      216.4585586827      0.21570706
       769   -31404.8559372080   -31188.3515330478     1550.8805199704   -31404.8559372080      216.5044041602      0.23818664
       770   -31404.8956986628   -31188.3509484331     1551.1695299496   -31404.8956986628      216.5447502297      0.25177801
       771   -31404.9327654097   -31188.3512754853     1551.4327064754   -31404.9327654097      216.5814899245      0.23655332
       772   -31404.9677182319   -31188.3511173638     1551.6842158096   -31404.9677182319      216.6166008681      0.24844740
       773   -31405.0029357001   -31188.3509670780     1551.9375647468   -31405.0029357001      216.6519686221      0.25119945
       774   -31405.0403950661   -31188.3511812670     1552.2043621800   -31405.0403950661      216.6892137990      0.25162155
       775   -31405.0804776229   -31188.3509375209     1552.4932305659   -31405.0804776229      216.7295401020      0.25583962
       776   -31405.1245729555   -31188.3509585248     1552.8089470894   -31405.1245729555      216.7736144307      0.19128367
       777   -31405.1726430465   -31188.3511562246     1553.1518701779   -31405.1726430465      216.8214868219      0.17163392
       778   -31405.2234715717   -31188.3509118654     1553.5177192783   -31405.2234715717      216.8725597063      0.17877863
       779   -31405.2766785485   -31188.3510722978     1553.8977062479   -31405.2766785485      216.9256062507      0.17951102
       780   -31405.3300087803   -31188.3511728373     1554.2790051559   -31405.3300087803      216.9788359431      0.17795209
       781   -31405.3809950569   -31188.3509920692     1554.6455287525   -31405.3809950569      217.0300029878      0.21125314
       782   -31405.4281626472   -31188.3516127110     1554.9789573309   -31405.4281626472      217.0765499363      0.25689151
       783   -31405.4669970299   -31188.3512227285     1555.2599322337   -31405.4669970299      217.1157743015      0.25915761
       784   -31405.4965804936   -31188.3515745245     1555.4693266985   -31405.4965804936      217.1450059691      0.25787316
       785   -31405.5134985070   -31188.3517162877     1555.5894995869   -31405.5134985070      217.1617822192      0.25862864
       786   -31405.5160341251   -31188.3520277379     1555.6054319133   -31405.5160341251      217.1640063872      0.24229456
       787   -31405.5025033331   -31188.3524247304     1555.5056633661   -31405.5025033331      217.1500786026      0.26750217
       788   -31405.4712066075   -31188.3522158008     1555.2829729445   -31405.4712066075      217.1189908067      0.26468477
       789   -31405.4223310005   -31188.3519495007     1554.9347711258   -31405.4223310005      217.0703814998      0.26545936
       790   -31405.3566463828   -31188.3521046199     1554.4631430044   -31405.3566463828      217.0045417629      0.26885666
       791   -31405.2741036781   -31188.3517266658     1553.8745743260   -31405.2741036781      216.9223770123      0.27117736
       792   -31405.1767068827   -31188.3513782864     1553.1793898632   -31405.1767068827      216.8253285963      0.26965891
       793   -31405.0669578731   -31188.3516978317     1552.3909385692   -31405.0669578731      216.7152600414      0.26691699
       794   -31404.9461390856   -31188.3518218548     1551.5245919940   -31404.9461390856      216.5943172308      0.21729343
       795   -31404.8161330529   -31188.3513577565     1550.5966475332   -31404.8161330529      216.4647752964      0.18736043
       796   -31404.6803872452   -31188.3515033394     1549.6232201738   -31404.6803872452      216.3288839058      0.16356085
       797   -31404.5400483965   -31188.3513287553     1548.6191850438   -31404.5400483965      216.1887196412      0.17919191
       798   -31404.3970417633   -31188.3509848493     1547.5972527398   -31404.3970417633      216.0460569140      0.17869356
       799   -31404.2532776633   -31188.3510083105     1546.5672629413   -31404.2532776633      215.9022693529      0.17136082
       800   -31404.1089949656   -31188.3507302716     1545.5357180119   -31404.1089949656      215.7582646939      0.17141797
       801   -31403.9651105328   -31188.3506541498     1544.5055795772   -31403.9651105328      215.6144563830      0.19692478
       802   -31403.8216100081   -31188.3508342115     1543.4763560679   -31403.8216100081      215.4707757966      0.21224358
       803   -31403.6778217567   -31188.3511017090     1542.4444451677   -31403.6778217567      215.3267200478      0.12932793
       804   -31403.5326009544   -31188.3511703927     1541.4036966685   -31403.5326009544      215.1814305617      0.26910623
       805   -31403.3847731279   -31188.3509769067     1540.3461513330   -31403.3847731279      215.0337962212      0.24354678
       806   -31403.2334912279   -31188.3509164663     1539.2629104774   -31403.2334912279      214.8825747615      0.26968901
       807   -31403.0778013510   -31188.3512808262     1538.1450511121   -31403.0778013510      214.7265205248      0.26057385
       808   -31402.9158498655   -31188.3513421501     1536.9845088543   -31402.9158498655      214.5645077154      0.25123341
       809   -31402.7471889492   -31188.3515457204     1535.7748861499   -31402.7471889492      214.3956432288      0.26052420
       810   -31402.5706663047   -31188.3513045075     1534.5121338317   -31402.5706663047      214.2193617972      0.24891926
       811   -31402.3866884386   -31188.3511956183     1533.1950298418   -31402.3866884386      214.0354928203      0.24991836
       812   -31402.1954205589   -31188.3511230955     1531.8254449799   -31402.1954205589      213.8442974634      0.26723192
       813   -31401.9977195173   -31188.3512433874     1530.4083964266   -31401.9977195173      213.6464761298      0.27554346
       814   -31401.7945381713   -31188.3513944549     1528.9518704947   -31401.7945381713      213.4431437164      0.27413130
       815   -31401.5872133490   -31188.3514386130     1527.4664295243   -31401.5872133490      213.2357747360      0.27594315
       816   -31401.3769510119   -31188.3508270546     1525.9646434060   -31401.3769510119      213.0261239573      0.27362005
       817   -31401.1668930973   -31188.3507634110     1524.4603967587   -31401.1668930973      212.8161296863      0.27086522
       818   -31400.9586453683   -31188.3508415031     1522.9681016759   -31400.9586453683      212.6078038652      0.26867129
       819   -31400.7540124659   -31188.3508932532     1521.5018892835   -31400.7540124659      212.4031192127      0.27459451
       820   -31400.5544478026   -31188.3505460460     1520.0748399213   -31400.5544478026      212.2039017566      0.27376785
       821   -31400.3622923567   -31188.3505602343     1518.6982760433   -31400.3622923567      212.0117321224      0.27453002
       822   -31400.1783349296   -31188.3504682358     1517.3811974711   -31400.1783349296      211.8278666938      0.27182420
       823   -31400.0034041105   -31188.3502213662     1516.1298883554   -31400.0034041105      211.6531827443      0.27113272
       824   -31399.8384929222   -31188.3503429844     1514.9477130289   -31399.8384929222      211.4881499378      0.23755194
       825   -31399.6829652837   -31188.3501338797     1513.8351237057   -31399.6829652837      211.3328314040      0.26622187
       826   -31399.5371405112   -31188.3502284536     1512.7898633441   -31399.5371405112      211.1869120576      0.26907426
       827   -31399.4003451314   -31188.3505902489     1511.8073688223   -31399.4003451314      211.0497548825      0.27147090
       828   -31399.2715751650   -31188.3510955832     1510.8813343312   -31399.2715751650      210.9204795817      0.27365931
       829   -31399.1488653180   -31188.3508077726     1510.0043916565   -31399.1488653180      210.7980575454      0.27080146
       830   -31399.0322305866   -31188.3508158362     1509.1688472738   -31399.0322305866      210.6814147503      0.25871542
       831   -31398.9204170015   -31188.3508789994     1508.3674433936   -31398.9204170015      210.5695380020      0.25985169
       832   -31398.8123182434   -31188.3507429750     1507.5940766755   -31398.8123182434      210.4615752684      0.25307210
       833   -31398.7080933806   -31188.3511727393     1506.8444068329   -31398.7080933806      210.3569206412      0.24254836
       834   -31398.6063030390   -31188.3510236418     1506.1163226811   -31398.6063030390      210.2552793972      0.24803673
       835   -31398.5073938788   -31188.3506878253     1505.4102147430   -31398.5073938788      210.1567060535      0.26187784
       836   -31398.4122376484   -31188.3506245642     1504.7290376818   -31398.4122376484      210.0616130842      0.26061601
       837   -31398.3213902060   -31188.3506406684     1504.0781571375   -31398.3213902060      209.9707495376      0.26414361
       838   -31398.2360886899   -31188.3509394727     1503.4649785289   -31398.2360886899      209.8851492172      0.26636472
       839   -31398.1567245004   -31188.3506728922     1502.8983806276   -31398.1567245004      209.8060516082      0.24905698
       840   -31398.0854734126   -31188.3506684432     1502.3880213827   -31398.0854734126      209.7348049694      0.23941483
       841   -31398.0229945704   -31188.3502382134     1501.9435501273   -31398.0229945704      209.6727563570      0.24993301
       842   -31397.9716309194   -31188.3504931576     1501.5737919510   -31397.9716309194      209.6211377618      0.24666415
       843   -31397.9308574944   -31188.3498977668     1501.2859856550   -31397.9308574944      209.5809597276      0.24988131
       844   -31397.9028350931   -31188.3499159088     1501.0851235407   -31397.9028350931      209.5529191843      0.25361406
       845   -31397.8872807111   -31188.3499475306     1500.9734767137   -31397.8872807111      209.5373331805      0.24373434
       846   -31397.8844038930   -31188.3503000109     1500.9503443624   -31397.8844038930      209.5341038821      0.24801127
       847   -31397.8928958890   -31188.3501797235     1501.0120365144   -31397.8928958890      209.5427161655      0.25329410
       848   -31397.9123008981   -31188.3500284711     1501.1521233880   -31397.9123008981      209.5622724271      0.25425018
       849   -31397.9416167437   -31188.3500560561     1501.3619232434   -31397.9416167437      209.5915606876      0.24737640
       850   -31397.9792492040   -31188.3500990409     1501.6311869819   -31397.9792492040      209.6291501631      0.23554240
       851   -31398.0238120532   -31188.3503035272     1501.9489381207   -31398.0238120532      209.6735085260      0.24282546
       852   -31398.0736985401   -31188.3505705093     1502.3043762636   -31398.0736985401      209.7231280308      0.25040275
       853   -31398.1270023142   -31188.3503511196     1502.6877773883   -31398.1270023142      209.7766511945      0.26368522
       854   -31398.1834458319   -31188.3504593587     1503.0913224645   -31398.1834458319      209.8329864732      0.26191286
       855   -31398.2420637483   -31188.3506620865     1503.5097665069   -31398.2420637483      209.8914016618      0.27724253
       856   -31398.3023545087   -31188.3507667862     1503.9408957929   -31398.3023545087      209.9515877225      0.27438036
       857   -31398.3638497028   -31188.3501641279     1504.3857197669   -31398.3638497028      210.0136855748      0.27218455
       858   -31398.4289356913   -31188.3506612139     1504.8483878181   -31398.4289356913      210.0782744774      0.26596396
       859   -31398.4973605186   -31188.3510379783     1505.3358347853   -31398.4973605186      210.1463225403      0.24308934
       860   -31398.5696824719   -31188.3505796238     1505.8571801226   -31398.5696824719      210.2191028481      0.27157975
       861   -31398.6481120477   -31188.3500301635     1506.4229286536   -31398.6481120477      210.2980818842      0.27225918
       862   -31398.7347743645   -31188.3499867367     1507.0440257131   -31398.7347743645      210.3847876279      0.27325898
       863   -31398.8307879814   -31188.3501177667     1507.7308590214   -31398.8307879814      210.4806702147      0.27182726
       864   -31398.9367610980   -31188.3497950791     1508.4922850657   -31398.9367610980      210.5869660189      0.27209156
       865   -31399.0547467877   -31188.3501707403     1509.3347580068   -31399.0547467877      210.7045760474      0.27186192
       866   -31399.1838105926   -31188.3498410235     1510.2616393473   -31399.1838105926      210.8339695692      0.25968503
       867   -31399.3250201345   -31188.3498998371     1511.2727407866   -31399.3250201345      210.9751202973      0.26269032
       868   -31399.4775884325   -31188.3501093731     1512.3641284515   -31399.4775884325      211.1274790593      0.27096142
       869   -31399.6400461264   -31188.3500588319     1513.5282195806   -31399.6400461264      211.2899872945      0.24596934
       870   -31399.8113247008   -31188.3501945445     1514.7541629115   -31399.8113247008      211.4611301563      0.24103913
       871   -31399.9893875373   -31188.3503638719     1516.0284629838   -31399.9893875373      211.6390236654      0.23952798
       872   -31400.1721100875   -31188.3505809771     1517.3357996198   -31400.1721100875      211.8215291103      0.24468473
       873   -31400.3569467012   -31188.3505615399     1518.6599742920   -31400.3569467012      212.0063851613      0.22618212
       874   -31400.5418649963   -31188.3505175786     1519.9849097428   -31400.5418649963      212.1913474177      0.24656597
       875   -31400.7250013900   -31188.3506778506     1521.2956179661   -31400.7250013900      212.3743235394      0.24345761
       876   -31400.9043802006   -31188.3508878544     1522.5790533459   -31400.9043802006      212.5534923462      0.23689585
       877   -31401.0785923752   -31188.3511912000     1523.8248100604   -31401.0785923752      212.7274011752      0.24667422
       878   -31401.2461918523   -31188.3511615578     1525.0255834893   -31401.2461918523      212.8950302946      0.25458419
       879   -31401.4070606885   -31188.3512394945     1526.1773728709   -31401.4070606885      213.0558211941      0.26151783
       880   -31401.5606125352   -31188.3509455879     1527.2794122623   -31401.5606125352      213.2096669473      0.26591712
       881   -31401.7078184649   -31188.3509517511     1528.3338446247   -31401.7078184649      213.3568667138      0.26418405
       882   -31401.8493873713   -31188.3513356800     1529.3451914019   -31401.8493873713      213.4980516913      0.26399064
       883   -31401.9854033526   -31188.3513196237     1530.3196262543   -31401.9854033526      213.6340837289      0.24687251
       884   -31402.1169721409   -31188.3510334933     1531.2641392569   -31402.1169721409      213.7659386475      0.25017802
       885   -31402.2454047709   -31188.3508170836     1532.1856876684   -31402.2454047709      213.8945876873      0.24725993
       886   -31402.3722950529   -31188.3514138727     1533.0903626502   -31402.3722950529      214.0208811802      0.25015730
       887   -31402.4963811524   -31188.3509329105     1533.9826707311   -31402.4963811524      214.1454482419      0.25118639
       888   -31402.6197985409   -31188.3511786373     1534.8649831786   -31402.6197985409      214.2686199036      0.25501236
       889   -31402.7415498303   -31188.3511707771     1535.7371774141   -31402.7415498303      214.3903790532      0.25106371
       890   -31402.8615896461   -31188.3512447100     1536.5965259874   -31402.8615896461      214.5103449361      0.25226174
       891   -31402.9790971547   -31188.3513088606     1537.4378050221   -31402.9790971547      214.6277882941      0.25208451
       892   -31403.0926796069   -31188.3510006438     1538.2536351695   -31403.0926796069      214.7416789631      0.24895517
       893   -31403.2024553354   -31188.3516972841     1539.0349986418   -31403.2024553354      214.8507580513      0.25446084
       894   -31403.3051018077   -31188.3514733191     1539.7718878422   -31403.3051018077      214.9536284886      0.25365134
       895   -31403.4001232980   -31188.3512657689     1540.4540396186   -31403.4001232980      215.0488575291      0.25323657
       896   -31403.4867343624   -31188.3516537532     1541.0716792264   -31403.4867343624      215.1350806092      0.25428229
       897   -31403.5630786739   -31188.3519803742     1541.6162148252   -31403.5630786739      215.2110982997      0.25386190
       898   -31403.6278042166   -31188.3518444895     1542.0808350465   -31403.6278042166      215.2759597270      0.25150367
       899   -31403.6809278930   -31188.3519016779     1542.4609648781   -31403.6809278930      215.3290262151      0.25007961
       900   -31403.7220945595   -31188.3520845077     1542.7545433578   -31403.7220945595      215.3700100517      0.23671325
       901   -31403.7510109201   -31188.3520247038     1542.9621075840   -31403.7510109201      215.3989862163      0.25509494
       902   -31403.7685946355   -31188.3522176409     1543.0866825067   -31403.7685946355      215.4163769947      0.10170692
       903   -31403.7751693712   -31188.3522570877     1543.1334965762   -31403.7751693709      215.4229122835      0.14567156
       904   -31403.7714173222   -31188.3518487654     1543.1095445437   -31403.7714173105      215.4195685569      0.14072987
       905   -31403.7591428812   -31188.3516519567     1543.0230291451   -31403.7591427721      215.4074909245      0.14927978
       906   -31403.7395156600   -31188.3516098960     1542.8827352607   -31403.7395152203      215.3879057640      0.14062502
       907   -31403.7136970125   -31188.3516658912     1542.6973880871   -31403.7136957064      215.3620311213      0.13751895
       908   -31403.6829726240   -31188.3519828554     1542.4750303508   -31403.6829692240      215.3309897686      0.14581194
       909   -31403.6472907795   -31188.3515574733     1542.2224786261   -31403.6472829889      215.2957333062      0.15049299
       910   -31403.6085837197   -31188.3516037491     1541.9448778372   -31403.6085679200      215.2569799705      0.15335274
       911   -31403.5668989912   -31188.3517272608     1541.6453939286   -31403.5668704586      215.2151717304      0.15284758
       912   -31403.5220202364   -31188.3515673347     1541.3250606740   -31403.5219740565      215.1704529016      0.15328431
       913   -31403.4742349416   -31188.3515655530     1540.9827742439   -31403.4741675211      215.1226693886      0.15216759
       914   -31403.4229729885   -31188.3515828222     1540.6154470888   -31403.4228836386      215.0713901663      0.12178649
       915   -31403.3674567993   -31188.3515087253     1540.2183001516   -31403.3673486649      215.0159480740      0.13724266
       916   -31403.3075876944   -31188.3520896075     1539.7852802883   -31403.3074675097      214.9554980869      0.14612149
       917   -31403.2409689315   -31188.3518834084     1539.3095488507   -31403.2408456064      214.8890855231      0.14241699
       918   -31403.1677827128   -31188.3520630421     1538.7840090969   -31403.1676652869      214.8157196707      0.14009037
       919   -31403.0862803173   -31188.3518325640     1538.2018360274   -31403.0861760537      214.7344477533      0.14625772
       920   -31402.9963360988   -31188.3519125737     1537.5569677514   -31402.9962493376      214.6444235251      0.14280986
       921   -31402.8964518083   -31188.3514850595     1536.8445315421   -31402.8963837932      214.5449667488      0.13825081
       922   -31402.7872030181   -31188.3515923158     1536.0611841416   -31402.7871525058      214.4356107023      0.13994835
       923   -31402.6679099190   -31188.3517784783     1535.2053213703   -31402.6678741643      214.3161314407      0.13520926
       924   -31402.5388255712   -31188.3522669832     1534.2771554328   -31402.5388012903      214.1865585879      0.11929993
       925   -31402.3990339371   -31188.3518613607     1533.2786951436   -31402.3990180054      214.0471725764      0.12269133
       926   -31402.2502275393   -31188.3517454573     1532.2135842871   -31402.2502173638      213.8984820820      0.11808627
       927   -31402.0933197341   -31188.3521334018     1531.0868316232   -31402.0933133593      213.7411863323      0.12108110
       928   -31401.9278076122   -31188.3516771947     1529.9044907657   -31401.9278036651      213.5761304175      0.06598054
       929   -31401.7558896344   -31188.3516363516     1528.6732876359   -31401.7558872012      213.4042532828      0.10819389
       930   -31401.5782094362   -31188.3516735949     1527.4002487837   -31401.5782079329      213.2265358413      0.15186532
       931   -31401.3951280855   -31188.3511732595     1526.0923708167   -31401.3951271492      213.0439548260      0.15494971
       932   -31401.2090561611   -31188.3516122714     1524.7563417458   -31401.2090555705      212.8574438896      0.15169337
       933   -31401.0190644936   -31188.3511962808     1523.3983590974   -31401.0190641151      212.6678682129      0.14848767
       934   -31400.8273760770   -31188.3513629462     1522.0240484429   -31400.8273758300      212.4760131308      0.13685885
       935   -31400.6338010065   -31188.3512156066     1520.6384724726   -31400.6338008422      212.2825853999      0.15294112
       936   -31400.4395803927   -31188.3513518878     1519.2462406442   -31400.4395802815      212.0882285049      0.14239964
       937   -31400.2444008329   -31188.3508540693     1517.8516818531   -31400.2444007565      211.8935467636      0.14158265
       938   -31400.0498209422   -31188.3506844307     1516.4590678133   -31400.0498208890      211.6991365115      0.13169025
       939   -31399.8565970432   -31188.3509772026     1515.0728547416   -31399.8565970059      211.5056198406      0.14838340
       940   -31399.6644186032   -31188.3507436006     1513.6979011398   -31399.6644185777      211.3136750025      0.15735299
       941   -31399.4751588963   -31188.3510981543     1512.3396421058   -31399.4751588811      211.1240607421      0.15857864
       942   -31399.2881816450   -31188.3505512686     1511.0041901848   -31399.2881816376      210.9376303764      0.14752053
       943   -31399.1060170395   -31188.3506824763     1509.6983551990   -31399.1060170368      210.7553345632      0.14899469
       944   -31398.9291675182   -31188.3509573968     1508.4295641672   -31398.9291675176      210.5782101215      0.13867484
       945   -31398.7579781033   -31188.3506225190     1507.2056861842   -31398.7579781032      210.4073555843      0.14324707
       946   -31398.5945162908   -31188.3506204145     1506.0347793942   -31398.5945162908      210.2438958763      0.13696385
       947   -31398.4391051559   -31188.3501673520     1504.9247721550   -31398.4391051559      210.0889378039      0.12940298
       948   -31398.2934977144   -31188.3499774759     1503.8831061882   -31398.2934977144      209.9435202384      0.25760095
       949   -31398.1586923399   -31188.3501285518     1502.9163760623   -31398.1586923399      209.8085637881      0.26747453
       950   -31398.0349494946   -31188.3501267202     1502.0299851901   -31398.0349494946      209.6848227744      0.25161106
       951   -31397.9228583988   -31188.3500127505     1501.2278622758   -31397.9228583988      209.5728456483      0.24781453
       952   -31397.8226969125   -31188.3497501827     1500.5122588807   -31397.8226969125      209.4729467298      0.25019357
       953   -31397.7352152645   -31188.3500254626     1499.8836318997   -31397.7352152645      209.3851898019      0.24878939
       954   -31397.6594986123   -31188.3501088471     1499.3406554150   -31397.6594986123      209.3093897652      0.24664988
       955   -31397.5948978359   -31188.3497668424     1498.8803521814   -31397.5948978359      209.2451309935      0.25280905
       956   -31397.5421202023   -31188.3503191651     1498.4983350551   -31397.5421202023      209.1918010372      0.25262136
       957   -31397.4987256714   -31188.3500897708     1498.1891313246   -31397.4987256714      209.1486359006      0.25348456
       958   -31397.4648516538   -31188.3500755602     1497.9465842257   -31397.4648516538      209.1147760936      0.25529801
       959   -31397.4395681764   -31188.3502362141     1497.7643209241   -31397.4395681764      209.0893319624      0.25632187
       960   -31397.4216249598   -31188.3501790437     1497.6361982615   -31397.4216249598      209.0714459161      0.25655052
       961   -31397.4107884613   -31188.3504360309     1497.5567325761   -31397.4107884613      209.0603524304      0.24028476
       962   -31397.4055084851   -31188.3500780815     1497.5214747461   -31397.4055084851      209.0554304036      0.24516478
       963   -31397.4065526342   -31188.3503105897     1497.5272887525   -31397.4065526342      209.0562420445      0.26122845
       964   -31397.4127147521   -31188.3501583546     1497.5725201985   -31397.4127147521      209.0625563976      0.26190812
       965   -31397.4243642478   -31188.3500110523     1497.6570239023   -31397.4243642478      209.0743531955      0.26512532
       966   -31397.4421028319   -31188.3502920191     1497.7820776101   -31397.4421028319      209.0918108127      0.26539618
       967   -31397.4656267282   -31188.3503509189     1497.9501638263   -31397.4656267282      209.1152758093      0.27420182
       968   -31397.4952909008   -31188.3500738559     1498.1646411219   -31397.4952909008      209.1452170449      0.26583422
       969   -31397.5320011850   -31188.3498313874     1498.4293438403   -31397.5320011850      209.1821697976      0.26425533
       970   -31397.5770617062   -31188.3503896100     1498.7481260295   -31397.5770617062      209.2266720962      0.26449256
       971   -31397.6289621885   -31188.3497621778     1499.1243979103   -31397.6289621885      209.2792000107      0.26879185
       972   -31397.6903483352   -31188.3502421395     1499.5606856444   -31397.6903483352      209.3401061957      0.27094622
       973   -31397.7597771670   -31188.3502123860     1500.0582365706   -31397.7597771670      209.4095647810      0.27068414
       974   -31397.8373362320   -31188.3498048256     1500.6167329256   -31397.8373362320      209.4875314064      0.27171108
       975   -31397.9236249343   -31188.3499057787     1501.2341194484   -31397.9236249343      209.5737191556      0.27392305
       976   -31398.0177486956   -31188.3501576838     1501.9065493409   -31398.0177486956      209.6675910118      0.27377302
       977   -31398.1181249463   -31188.3497525160     1502.6284743260   -31398.1181249463      209.7683724303      0.26323701
       978   -31398.2248706741   -31188.3497898250     1503.3928560420   -31398.2248706741      209.8750808491      0.27117127
       979   -31398.3364250353   -31188.3498527923     1504.1914995229   -31398.3364250353      209.9865722430      0.24343962
       980   -31398.4514113400   -31188.3498116565     1505.0154726767   -31398.4514113400      210.1015996835      0.26610946
       981   -31398.5688714713   -31188.3499908373     1505.8555883423   -31398.5688714713      210.2188806340      0.25657322
       982   -31398.6872987642   -31188.3501324437     1506.7029012066   -31398.6872987642      210.3371663204      0.24199200
       983   -31398.8056182323   -31188.3503094850     1507.5491878633   -31398.8056182323      210.4553087473      0.26245346
       984   -31398.9227406779   -31188.3504179323     1508.3873912767   -31398.9227406779      210.5723227456      0.26564422
       985   -31399.0378184093   -31188.3503834424     1509.2119717388   -31399.0378184093      210.6874349669      0.26248388
       986   -31399.1507006054   -31188.3505832229     1510.0191468352   -31399.1507006054      210.8001173825      0.15948205
       987   -31399.2604402555   -31188.3503358309     1510.8070142309   -31399.2604402555      210.9101044246      0.26556733
       988   -31399.3678147113   -31188.3504239866     1511.5755354690   -31399.3678147113      211.0173907246      0.23164655
       989   -31399.4721349120   -31188.3499223814     1512.3264028594   -31399.4721349120      211.1222125306      0.24087090
       990   -31399.5753295040   -31188.3503178505     1513.0627812150   -31399.5753295040      211.2250116535      0.25568979
       991   -31399.6767961860   -31188.3504107551     1513.7889494295   -31399.6767961860      211.3263854309      0.26602351
       992   -31399.7771195677   -31188.3500893593     1514.5098956174   -31399.7771195677      211.4270302084      0.27309013
       993   -31399.8780448270   -31188.3503674434     1515.2308589816   -31399.8780448270      211.5276773837      0.26987177
       994   -31399.9792283742   -31188.3501966749     1515.9568877858   -31399.9792283742      211.6290316993      0.25956785
       995   -31400.0818392631   -31188.3501265985     1516.6924197466   -31400.0818392631      211.7317126646      0.23009484
       996   -31400.1866117915   -31188.3504068094     1517.4409269202   -31400.1866117915      211.8362049821      0.25791446
       997   -31400.2931767217   -31188.3503539223     1518.2046596335   -31400.2931767217      211.9428227994      0.23689197
       998   -31400.4017783198   -31188.3500933002     1518.9844696203   -31400.4017783198      212.0516850195      0.25531330
       999   -31400.5125470166   -31188.3498392830     1519.7797558185   -31400.5125470166      212.1627077336      0.24157258
