      Step          Pe(mixed)          E_total                Temp              Ke        Paolo(TE)       Paolo (KE)
         0   -31397.4953416499   -31397.4953416499        0.0000000000    0.0000000000    -.31398295E+05 -.31398396E+05 
         1   -31397.5960651680   -31397.4958798044        0.7176552804    0.1001853637    -.31398295E+05 -.31398699E+05 
         2   -31397.9029416495   -31397.4871941586        2.9781134818    0.4157474909    -.31398295E+05 -.31399207E+05 
         3   -31398.4187158577   -31397.4815173461        6.7134103837    0.9371985116    -.31398297E+05 -.31399913E+05 
         4   -31399.1342028619   -31397.4748010041       11.8867513385    1.6594018577    -.31398299E+05 -.31400800E+05 
         5   -31400.0299175305   -31397.4693498791       18.3420494655    2.5605676514    -.31398300E+05 -.31401846E+05 
         6   -31401.0830838440   -31397.4678882014       25.8966394690    3.6151956426    -.31398300E+05 -.31403032E+05 
         7   -31402.2750351385   -31397.4738203031       34.3924207420    4.8012148354    -.31398301E+05 -.31404346E+05 
         8   -31403.5937668686   -31397.4879196370       43.7378609739    6.1058472316    -.31398303E+05 -.31405773E+05 
         9   -31405.0211361549   -31397.5035378573       53.8506216622    7.5175982975    -.31398306E+05 -.31407285E+05 
        10   -31406.5275234444   -31397.5135867716       64.5693044825    9.0139366727    -.31398308E+05 -.31408850E+05 
        11   -31408.0808018890   -31397.5177303313       75.6661832052   10.5630715577    -.31398309E+05 -.31410439E+05 
        12   -31409.6565894977   -31397.5193490324       86.9423875090   12.1372404653    -.31398309E+05 -.31412036E+05 
        13   -31411.2395557643   -31397.5197252087       98.2789150573   13.7198305556    -.31398309E+05 -.31413635E+05 
        14   -31412.8238115193   -31397.5197156955      109.6274423651   15.3040958238    -.31398309E+05 -.31415234E+05 
        15   -31414.4096568147   -31397.5187534167      120.9941809095   16.8909033980    -.31398308E+05 -.31416841E+05 
        16   -31416.0056940307   -31397.5181039198      132.4316864381   18.4875901109    -.31398307E+05 -.31418468E+05 
        17   -31417.6240722894   -31397.5170765738      144.0319336297   20.1069957157    -.31398306E+05 -.31420131E+05 
        18   -31419.2821413186   -31397.5159106804      155.9174891654   21.7662306382    -.31398304E+05 -.31421850E+05 
        19   -31421.0000230355   -31397.5148513777      168.2307358758   23.4851716578    -.31398303E+05 -.31423646E+05 
        20   -31422.7983752704   -31397.5136032774      181.1217674200   25.2847719929    -.31398302E+05 -.31425539E+05 
        21   -31424.6980940644   -31397.5127994515      194.7357330131   27.1852946128    -.31398301E+05 -.31427548E+05 
        22   -31426.7162754996   -31397.5116923735      209.2004513244   29.2045831260    -.31398301E+05 -.31429687E+05 
        23   -31428.8679839015   -31397.5114962046      224.6151348859   31.3564876969    -.31398300E+05 -.31431966E+05 
        24   -31431.1607697681   -31397.5112130178      241.0410184133   33.6495567503    -.31398301E+05 -.31434387E+05 
        25   -31433.5974643807   -31397.5113783199      258.4945471695   36.0860860607    -.31398301E+05 -.31436949E+05 
        26   -31436.1740087068   -31397.5124144625      276.9436197707   38.6615942443    -.31398302E+05 -.31439639E+05 
        27   -31438.8784084192   -31397.5136474496      296.3071455743   41.3647609696    -.31398304E+05 -.31442441E+05 
        28   -31441.6927414166   -31397.5149100627      316.4579414769   44.1778313538    -.31398306E+05 -.31445333E+05 
        29   -31444.5939875236   -31397.5165286652      337.2287698097   47.0774588585    -.31398307E+05 -.31448287E+05 
        30   -31447.5547976503   -31397.5188739912      358.4210658562   50.0359236591    -.31398309E+05 -.31451273E+05 
        31   -31450.5436550582   -31397.5210129331      379.8157506693   53.0226421252    -.31398311E+05 -.31454260E+05 
        32   -31453.5289620611   -31397.5231003404      401.1853721118   56.0058617207    -.31398313E+05 -.31457216E+05 
        33   -31456.4793682232   -31397.5249423344      422.3067472075   58.9544258888    -.31398315E+05 -.31460113E+05 
        34   -31459.3657397926   -31397.5262451620      442.9732871228   61.8394946306    -.31398316E+05 -.31462923E+05 
        35   -31462.1642460776   -31397.5281389911      463.0061903634   64.6361070865    -.31398317E+05 -.31465628E+05 
        36   -31464.8534153327   -31397.5289203529      482.2638513340   67.3244949798    -.31398318E+05 -.31468211E+05 
        37   -31467.4205361121   -31397.5294524407      500.6490311640   69.8910836714    -.31398318E+05 -.31470666E+05 
        38   -31469.8594658813   -31397.5302033813      518.1143758725   72.3292625000    -.31398316E+05 -.31472996E+05 
        39   -31472.1747511573   -31397.5339200827      534.6727765518   74.6408310746    -.31398314E+05 -.31475219E+05 
        40   -31474.3854629533   -31397.5453997576      550.4264803564   76.8400631957    -.31398313E+05 -.31477364E+05 
        41   -31476.5209151623   -31397.5655250782      565.5791479304   78.9553900841    -.31398314E+05 -.31479443E+05 
        42   -31478.5958464653   -31397.5835313867      580.3134666960   81.0123150786    -.31398316E+05 -.31481445E+05 
        43   -31480.6025159145   -31397.5919876789      594.6272164408   83.0105282355    -.31398314E+05 -.31483369E+05 
        44   -31482.5416557071   -31397.6011262265      608.4523455234   84.9405294806    -.31398310E+05 -.31485253E+05 
        45   -31484.4439799657   -31397.6233761881      621.9198341621   86.8206037775    -.31398308E+05 -.31487153E+05 
        46   -31486.3575828866   -31397.6646027998      635.3321800004   88.6929800868    -.31398310E+05 -.31489104E+05 
        47   -31488.3051425628   -31397.7203090214      648.8840459804   90.5848335413    -.31398311E+05 -.31491091E+05 
        48   -31490.2622235382   -31397.7173662000      662.9242348482   92.5448573381    -.31398313E+05 -.31493079E+05 
        49   -31492.2000435997   -31397.7040157237      676.9010053904   94.4960278760    -.31398315E+05 -.31495040E+05 
        50   -31494.1054280062   -31397.7079104370      690.5218983949   96.3975175692    -.31398316E+05 -.31496952E+05 
        51   -31495.9683607793   -31397.7145410619      703.8191006017   98.2538197174    -.31398317E+05 -.31498798E+05 
        52   -31497.7816856682   -31397.7221721353      716.7537814204  100.0595135330    -.31398318E+05 -.31500562E+05 
        53   -31499.5368780406   -31397.7285592775      729.2809536750  101.8083187632    -.31398319E+05 -.31502235E+05 
        54   -31501.2247775721   -31397.7330953845      741.3393482981  103.4916821876    -.31398319E+05 -.31503806E+05 
        55   -31502.8355179406   -31397.7358859222      752.8575346334  105.0996320183    -.31398319E+05 -.31505272E+05 
        56   -31504.3598105558   -31397.7376719057      763.7636678633  106.6221386500    -.31398319E+05 -.31506628E+05 
        57   -31505.7888509189   -31397.7384462272      773.9947298598  108.0504046918    -.31398319E+05 -.31507874E+05 
        58   -31507.1164228857   -31397.7387492070      783.5023222088  109.3776736787    -.31398319E+05 -.31509012E+05 
        59   -31508.3387947099   -31397.7392447276      792.2549578169  110.5995499823    -.31398319E+05 -.31510046E+05 
        60   -31509.4532473171   -31397.7392019900      800.2383941193  111.7140453271    -.31398318E+05 -.31510982E+05 
        61   -31510.4609027975   -31397.7393770357      807.4552532242  112.7215257618    -.31398318E+05 -.31511827E+05 
        62   -31511.3632186148   -31397.7386159313      813.9242412863  113.6246026835    -.31398317E+05 -.31512591E+05 
        63   -31512.1660086595   -31397.7380678585      819.6787728958  114.4279408010    -.31398317E+05 -.31513281E+05 
        64   -31512.8760071481   -31397.7380450103      824.7648507719  115.1379621378    -.31398316E+05 -.31513908E+05 
        65   -31513.5001281386   -31397.7376775472      829.2382331095  115.7624505914    -.31398316E+05 -.31514479E+05 
        66   -31514.0469916708   -31397.7369172566      833.1610129829  116.3100744142    -.31398315E+05 -.31515001E+05 
        67   -31514.5265732553   -31397.7367133267      836.5978484173  116.7898599286    -.31398315E+05 -.31515480E+05 
        68   -31514.9468456655   -31397.7361907885      839.6121182235  117.2106548769    -.31398315E+05 -.31515919E+05 
        69   -31515.3162455885   -31397.7356310810      842.2622406839  117.5806145075    -.31398315E+05 -.31516321E+05 
        70   -31515.6423501728   -31397.7356022883      844.5984236510  117.9067478845    -.31398315E+05 -.31516684E+05 
        71   -31515.9298933012   -31397.7353355508      846.6600847803  118.1945577504    -.31398316E+05 -.31517007E+05 
        72   -31516.1833943568   -31397.7355985337      848.4740986584  118.4477958230    -.31398316E+05 -.31517285E+05 
        73   -31516.4035923620   -31397.7352404168      850.0540027474  118.6683519452    -.31398316E+05 -.31517515E+05 
        74   -31516.5912295630   -31397.7349446344      851.4002183325  118.8562849287    -.31398317E+05 -.31517690E+05 
        75   -31516.7455431894   -31397.7355510130      852.5012655708  119.0099921764    -.31398317E+05 -.31517807E+05 
        76   -31516.8626002977   -31397.7360946319      853.3358837011  119.1265056658    -.31398317E+05 -.31517859E+05 
        77   -31516.9378393978   -31397.7359461296      853.8759058060  119.2018932682    -.31398317E+05 -.31517845E+05 
        78   -31516.9682218496   -31397.7364874073      854.0896663332  119.2317344423    -.31398317E+05 -.31517762E+05 
        79   -31516.9483117679   -31397.7366748045      853.9457025710  119.2116369634    -.31398317E+05 -.31517612E+05 
        80   -31516.8745360957   -31397.7367768376      853.4164962740  119.1377592581    -.31398317E+05 -.31517395E+05 
        81   -31516.7442734296   -31397.7369767675      852.4819568610  119.0072966620    -.31398316E+05 -.31517119E+05 
        82   -31516.5557746983   -31397.7368759266      851.1324110203  118.8188987717    -.31398316E+05 -.31516788E+05 
        83   -31516.3096181134   -31397.7366275921      849.3709026728  118.5729905213    -.31398315E+05 -.31516413E+05 
        84   -31516.0084228578   -31397.7364485538      847.2146408200  118.2719743040    -.31398314E+05 -.31516003E+05 
        85   -31515.6564522326   -31397.7361425770      844.6955703422  117.9203096556    -.31398314E+05 -.31515569E+05 
        86   -31515.2606093351   -31397.7361213293      841.8601911342  117.5244880058    -.31398313E+05 -.31515123E+05 
        87   -31514.8292908357   -31397.7363869809      838.7686353061  117.0929038548    -.31398313E+05 -.31514674E+05 
        88   -31514.3724186456   -31397.7368641281      835.4925163707  116.6355545175    -.31398312E+05 -.31514234E+05 
        89   -31513.9015015317   -31397.7380853786      832.1104595724  116.1634161532    -.31398312E+05 -.31513811E+05 
        90   -31513.4270634830   -31397.7396505332      828.7007178699  115.6874129497    -.31398311E+05 -.31513410E+05 
        91   -31512.9588918899   -31397.7416797872      825.3325400405  115.2172121028    -.31398311E+05 -.31513036E+05 
        92   -31512.5035594482   -31397.7432049097      822.0599438105  114.7603545385    -.31398311E+05 -.31512691E+05 
        93   -31512.0668984672   -31397.7447998002      818.9205966160  114.3220986670    -.31398311E+05 -.31512375E+05 
        94   -31511.6513844094   -31397.7454999565      815.9391398675  113.9058844529    -.31398312E+05 -.31512084E+05 
        95   -31511.2597522332   -31397.7457557640      813.1319385906  113.5139964693    -.31398312E+05 -.31511816E+05 
        96   -31510.8938761711   -31397.7458123987      810.5106621624  113.1480637724    -.31398312E+05 -.31511565E+05 
        97   -31510.5550882755   -31397.7458009938      808.0839130995  112.8092872818    -.31398313E+05 -.31511325E+05 
        98   -31510.2446328197   -31397.7461659714      805.8574209534  112.4984668483    -.31398313E+05 -.31511090E+05 
        99   -31509.9622720279   -31397.7463384198      803.8335577433  112.2159336082    -.31398314E+05 -.31510854E+05 
       100   -31509.7089776860   -31397.7475272848      802.0106246259  111.9614504011    -.31398314E+05 -.31510613E+05 
       101   -31509.4834689981   -31397.7493760288      800.3820008878  111.7340929694    -.31398314E+05 -.31510365E+05 
       102   -31509.2836045244   -31397.7514995931      798.9351050859  111.5321049313    -.31398314E+05 -.31510109E+05 
       103   -31509.1064940337   -31397.7537381751      797.6503784110  111.3527558585    -.31398313E+05 -.31509845E+05 
       104   -31508.9483102611   -31397.7560134727      796.5009660141  111.1922967884    -.31398313E+05 -.31509576E+05 
       105   -31508.8041319642   -31397.7579727005      795.4541427808  111.0461592636    -.31398313E+05 -.31509308E+05 
       106   -31508.6688798932   -31397.7593938391      794.4751150378  110.9094860542    -.31398312E+05 -.31509047E+05 
       107   -31508.5379885776   -31397.7600916973      793.5325056387  110.7778968804    -.31398312E+05 -.31508800E+05 
       108   -31508.4083664812   -31397.7601360032      792.6036695794  110.6482304780    -.31398311E+05 -.31508576E+05 
       109   -31508.2794598567   -31397.7604340150      791.6781412778  110.5190258417    -.31398311E+05 -.31508382E+05 
       110   -31508.1508702210   -31397.7601977682      790.7587106951  110.3906724528    -.31398310E+05 -.31508226E+05 
       111   -31508.0252794551   -31397.7599737125      789.8606745118  110.2653057426    -.31398310E+05 -.31508113E+05 
       112   -31507.9063249222   -31397.7597693394      789.0100344969  110.1465555828    -.31398310E+05 -.31508049E+05 
       113   -31507.7987886071   -31397.7595786820      788.2410880636  110.0392099251    -.31398310E+05 -.31508036E+05 
       114   -31507.7080238285   -31397.7592027070      787.5936082335  109.9488211214    -.31398310E+05 -.31508075E+05 
       115   -31507.6404143528   -31397.7591427488      787.1097324839  109.8812716039    -.31398310E+05 -.31508162E+05 
       116   -31507.6010339963   -31397.7587134923      786.8307150558  109.8423205040    -.31398311E+05 -.31508296E+05 
       117   -31507.5952627624   -31397.7581011539      786.7937604698  109.8371616085    -.31398311E+05 -.31508469E+05 
       118   -31507.6279038379   -31397.7578799427      787.0291620562  109.8700238951    -.31398312E+05 -.31508675E+05 
       119   -31507.7018028487   -31397.7579624319      787.5579300782  109.9438404168    -.31398312E+05 -.31508905E+05 
       120   -31507.8183690942   -31397.7583588222      788.3900866619  110.0600102720    -.31398313E+05 -.31509152E+05 
       121   -31507.9765325032   -31397.7582634776      789.5237375871  110.2182690256    -.31398313E+05 -.31509406E+05 
       122   -31508.1756374405   -31397.7589635440      790.9449661790  110.4166738965    -.31398314E+05 -.31509661E+05 
       123   -31508.4106592559   -31397.7589546790      792.6285555048  110.6517045769    -.31398314E+05 -.31509910E+05 
       124   -31508.6777680196   -31397.7593004625      794.5394520101  110.9184675571    -.31398314E+05 -.31510149E+05 
       125   -31508.9709521378   -31397.7599641209      796.6348564182  111.2109880169    -.31398314E+05 -.31510374E+05 
       126   -31509.2825207177   -31397.7599556606      798.8667683463  111.5225650571    -.31398314E+05 -.31510586E+05 
       127   -31509.6067413569   -31397.7605759539      801.1848065153  111.8461654029    -.31398314E+05 -.31510785E+05 
       128   -31509.9357048015   -31397.7608745992      803.5391227562  112.1748302023    -.31398314E+05 -.31510974E+05 
       129   -31510.2634143511   -31397.7613452012      805.8832252293  112.5020691499    -.31398313E+05 -.31511158E+05 
       130   -31510.5842286219   -31397.7619952034      808.1766498327  112.8222334184    -.31398313E+05 -.31511342E+05 
       131   -31510.8931339777   -31397.7622569276      810.3875489496  113.1308770501    -.31398313E+05 -.31511534E+05 
       132   -31511.1884616312   -31397.7633236290      812.4954209816  113.4251380021    -.31398312E+05 -.31511738E+05 
       133   -31511.4688201228   -31397.7646855721      814.4939498983  113.7041345507    -.31398312E+05 -.31511960E+05 
       134   -31511.7362521471   -31397.7670598490      816.3926313530  113.9691922981    -.31398312E+05 -.31512205E+05 
       135   -31511.9942565167   -31397.7707688902      818.2142186447  114.2234876265    -.31398312E+05 -.31512473E+05 
       136   -31512.2454936313   -31397.7746423108      819.9861527347  114.4708513205    -.31398312E+05 -.31512766E+05 
       137   -31512.4931616963   -31397.7789071259      821.7297170753  114.7142545704    -.31398312E+05 -.31513084E+05 
       138   -31512.7368512180   -31397.7817165536      823.4552073580  114.9551346644    -.31398312E+05 -.31513423E+05 
       139   -31512.9772863986   -31397.7831045544      825.1675679719  115.1941818442    -.31398312E+05 -.31513782E+05 
       140   -31513.2168649992   -31397.7839473097      826.8776984114  115.4329176894    -.31398312E+05 -.31514155E+05 
       141   -31513.4588903728   -31397.7841629891      828.6098476757  115.6747273837    -.31398313E+05 -.31514536E+05 
       142   -31513.7084349933   -31397.7839349935      830.3990375362  115.9244999998    -.31398313E+05 -.31514918E+05 
       143   -31513.9713732152   -31397.7843158493      832.2798080732  116.1870573659    -.31398314E+05 -.31515294E+05 
       144   -31514.2494724668   -31397.7842313222      834.2725148963  116.4652411446    -.31398314E+05 -.31515656E+05 
       145   -31514.5426948184   -31397.7841354940      836.3736335916  116.7585593244    -.31398315E+05 -.31515994E+05 
       146   -31514.8462159003   -31397.7832967557      838.5538465901  117.0629191446    -.31398315E+05 -.31516302E+05 
       147   -31515.1547371573   -31397.7832149591      840.7644550355  117.3715221982    -.31398315E+05 -.31516576E+05 
       148   -31515.4593377976   -31397.7827426133      842.9497766371  117.6765951843    -.31398316E+05 -.31516811E+05 
       149   -31515.7541992167   -31397.7829173766      845.0606981018  117.9712818401    -.31398316E+05 -.31517006E+05 
       150   -31516.0358993321   -31397.7850596579      847.0632476610  118.2508396742    -.31398315E+05 -.31517161E+05 
       151   -31516.3007229815   -31397.7881786998      848.9379096540  118.5125442817    -.31398315E+05 -.31517280E+05 
       152   -31516.5475873479   -31397.7931258025      850.6708294675  118.7544615454    -.31398315E+05 -.31517365E+05 
       153   -31516.7709104006   -31397.7968572843      852.2438242112  118.9740531163    -.31398314E+05 -.31517423E+05 
       154   -31516.9674747487   -31397.7997785900      853.6309425169  119.1676961587    -.31398314E+05 -.31517460E+05 
       155   -31517.1328601876   -31397.8014338135      854.8037870263  119.3314263742    -.31398313E+05 -.31517483E+05 
       156   -31517.2643658817   -31397.8021326526      855.7407924601  119.4622332291    -.31398313E+05 -.31517499E+05 
       157   -31517.3610419745   -31397.8020652210      856.4337929005  119.5589767535    -.31398313E+05 -.31517515E+05 
       158   -31517.4246370996   -31397.8020702365      856.8893063235  119.6225668631    -.31398312E+05 -.31517535E+05 
       159   -31517.4576050690   -31397.8019539078      857.1262982391  119.6556511612    -.31398312E+05 -.31517565E+05 
       160   -31517.4636346193   -31397.8014710364      857.1729485048  119.6621635829    -.31398312E+05 -.31517606E+05 
       161   -31517.4481493680   -31397.8012560051      857.0635637242  119.6468933629    -.31398312E+05 -.31517660E+05 
       162   -31517.4158241768   -31397.8007355966      856.8357373293  119.6150885802    -.31398313E+05 -.31517724E+05 
       163   -31517.3725189370   -31397.8004450573      856.5276112135  119.5720738797    -.31398313E+05 -.31517796E+05 
       164   -31517.3231988428   -31397.8003203180      856.1752113725  119.5228785248    -.31398313E+05 -.31517871E+05 
       165   -31517.2721485122   -31397.8002567591      855.8099791207  119.4718917531    -.31398314E+05 -.31517943E+05 
       166   -31517.2224870277   -31397.7999201507      855.4566514834  119.4225668769    -.31398314E+05 -.31518008E+05 
       167   -31517.1771091395   -31397.7999126464      855.1316509612  119.3771964931    -.31398314E+05 -.31518057E+05 
       168   -31517.1368525562   -31397.8000726088      854.8421361417  119.3367799474    -.31398315E+05 -.31518084E+05 
       169   -31517.1009945646   -31397.8000024131      854.5857783291  119.3009921515    -.31398315E+05 -.31518085E+05 
       170   -31517.0688144016   -31397.8005553016      854.3513024901  119.2682591001    -.31398315E+05 -.31518055E+05 
       171   -31517.0369567583   -31397.8010216119      854.1197571303  119.2359351463    -.31398315E+05 -.31517991E+05 
       172   -31517.0012915509   -31397.8007238219      853.8664106047  119.2005677290    -.31398315E+05 -.31517893E+05 
       173   -31516.9590802295   -31397.8008503157      853.5631332043  119.1582299138    -.31398315E+05 -.31517761E+05 
       174   -31516.9064754019   -31397.8015827782      853.1810635441  119.1048926238    -.31398315E+05 -.31517599E+05 
       175   -31516.8384590942   -31397.8016504423      852.6933593512  119.0368086519    -.31398314E+05 -.31517412E+05 
       176   -31516.7527261797   -31397.8018494159      852.0778056314  118.9508767638    -.31398314E+05 -.31517206E+05 
       177   -31516.6471461736   -31397.8021887808      851.3190760814  118.8449573928    -.31398314E+05 -.31516988E+05 
       178   -31516.5200840628   -31397.8019695075      850.4104659927  118.7181145552    -.31398313E+05 -.31516767E+05 
       179   -31516.3726734074   -31397.8019090130      849.3549563141  118.5707643944    -.31398313E+05 -.31516550E+05 
       180   -31516.2060922291   -31397.8013723003      848.1655341950  118.4047199288    -.31398312E+05 -.31516345E+05 
       181   -31516.0252081106   -31397.8020843686      846.8647108254  118.2231237420    -.31398312E+05 -.31516158E+05 
       182   -31515.8315996164   -31397.8013243867      845.4832839570  118.0302752297    -.31398312E+05 -.31515993E+05 
       183   -31515.6325742270   -31397.8012080377      844.0584438606  117.8313661892    -.31398312E+05 -.31515853E+05 
       184   -31515.4328415297   -31397.8007001863      842.6313415635  117.6321413434    -.31398312E+05 -.31515742E+05 
       185   -31515.2390230232   -31397.8005114451      841.2443183653  117.4385115781    -.31398312E+05 -.31515659E+05 
       186   -31515.0561808171   -31397.8000274693      839.9380362685  117.2561533478    -.31398312E+05 -.31515604E+05 
       187   -31514.8902123636   -31397.8000906567      838.7487060162  117.0901217069    -.31398312E+05 -.31515575E+05 
       188   -31514.7440562888   -31397.7995470403      837.7056439777  116.9445092485    -.31398313E+05 -.31515566E+05 
       189   -31514.6214902003   -31397.7993145655      836.8293346980  116.8221756348    -.31398313E+05 -.31515573E+05 
       190   -31514.5238671223   -31397.7993025044      836.1301201710  116.7245646179    -.31398314E+05 -.31515587E+05 
       191   -31514.4514565828   -31397.7998336175      835.6076190759  116.6516229652    -.31398314E+05 -.31515603E+05 
       192   -31514.4021355209   -31397.8003071629      835.2509266252  116.6018283579    -.31398314E+05 -.31515612E+05 
       193   -31514.3728041694   -31397.8004772181      835.0395999458  116.5723269513    -.31398315E+05 -.31515609E+05 
       194   -31514.3597148869   -31397.8005459261      834.9453456457  116.5591689609    -.31398315E+05 -.31515589E+05 
       195   -31514.3587804306   -31397.8011528623      834.9343042267  116.5576275682    -.31398315E+05 -.31515548E+05 
       196   -31514.3635870757   -31397.8010135104      834.9697337623  116.5625735653    -.31398315E+05 -.31515484E+05 
       197   -31514.3703563995   -31397.8014811262      835.0148746276  116.5688752732    -.31398315E+05 -.31515400E+05 
       198   -31514.3735142890   -31397.8017185538      835.0357946986  116.5717957352    -.31398315E+05 -.31515297E+05 
       199   -31514.3692817918   -31397.8019279312      835.0039763303  116.5673538605    -.31398314E+05 -.31515179E+05 
       200   -31514.3547332499   -31397.8021091235      834.8984631991  116.5526241265    -.31398314E+05 -.31515053E+05 
       201   -31514.3281405844   -31397.8021860583      834.7074215262  116.5259545262    -.31398313E+05 -.31514926E+05 
       202   -31514.2893178340   -31397.8022335729      834.4289831398  116.4870842611    -.31398313E+05 -.31514804E+05 
       203   -31514.2390928932   -31397.8019389376      834.0713186462  116.4371539556    -.31398312E+05 -.31514695E+05 
       204   -31514.1804976402   -31397.8018897051      833.6519374188  116.3786079351    -.31398312E+05 -.31514607E+05 
       205   -31514.1167381857   -31397.8017419847      833.1962690930  116.3149962009    -.31398312E+05 -.31514545E+05 
       206   -31514.0519381886   -31397.8012466392      832.7356372101  116.2506915494    -.31398312E+05 -.31514512E+05 
       207   -31513.9917779990   -31397.8012351461      832.3047755744  116.1905428529    -.31398312E+05 -.31514513E+05 
       208   -31513.9401197324   -31397.8006300908      831.9390673972  116.1394896416    -.31398312E+05 -.31514546E+05 
       209   -31513.9028159280   -31397.8006476545      831.6717241864  116.1021682736    -.31398312E+05 -.31514610E+05 
       210   -31513.8831110736   -31397.8005732984      831.5311055345  116.0825377753    -.31398312E+05 -.31514701E+05 
       211   -31513.8836413918   -31397.8000870916      831.5383871816  116.0835543002    -.31398313E+05 -.31514813E+05 
       212   -31513.9070994578   -31397.8001812764      831.7057490809  116.1069181814    -.31398313E+05 -.31514939E+05 
       213   -31513.9529460697   -31397.8000354152      832.0352057992  116.1529106544    -.31398314E+05 -.31515071E+05 
       214   -31514.0205586715   -31397.8002230741      832.5181891876  116.2203355975    -.31398314E+05 -.31515201E+05 
       215   -31514.1070450638   -31397.8004758009      833.1359046211  116.3065692629    -.31398315E+05 -.31515321E+05 
       216   -31514.2089285519   -31397.8012137204      833.8604381137  116.4077148316    -.31398315E+05 -.31515422E+05 
       217   -31514.3202624471   -31397.8014126175      834.6565286324  116.5188498295    -.31398316E+05 -.31515500E+05 
       218   -31514.4364229346   -31397.8020735173      835.4838839068  116.6343494173    -.31398316E+05 -.31515550E+05 
       219   -31514.5505526446   -31397.8022912627      836.2998666010  116.7482613819    -.31398316E+05 -.31515570E+05 
       220   -31514.6572278285   -31397.8025238917      837.0623438609  116.8547039368    -.31398316E+05 -.31515559E+05 
       221   -31514.7513898015   -31397.8031296888      837.7325124486  116.9482601127    -.31398315E+05 -.31515520E+05 
       222   -31514.8271358105   -31397.8027974923      838.2774815329  117.0243383182    -.31398315E+05 -.31515457E+05 
       223   -31514.8830601041   -31397.8035881831      838.6724186744  117.0794719210    -.31398315E+05 -.31515376E+05 
       224   -31514.9151098905   -31397.8035723569      838.9021134660  117.1115375336    -.31398314E+05 -.31515283E+05 
       225   -31514.9233026754   -31397.8034265147      838.9618453421  117.1198761607    -.31398314E+05 -.31515186E+05 
       226   -31514.9086611680   -31397.8033514049      838.8575022352  117.1053097631    -.31398313E+05 -.31515092E+05 
       227   -31514.8729365186   -31397.8028856782      838.6049328865  117.0700508404    -.31398313E+05 -.31515009E+05 
       228   -31514.8200549311   -31397.8025418795      838.2285902725  117.0175130515    -.31398313E+05 -.31514942E+05 
       229   -31514.7544777857   -31397.8024398896      837.7595737485  116.9520378961    -.31398313E+05 -.31514896E+05 
       230   -31514.6811376353   -31397.8025822803      837.2331981209  116.8785553549    -.31398313E+05 -.31514873E+05 
       231   -31514.6042466814   -31397.8020424673      836.6862739260  116.8022042142    -.31398313E+05 -.31514874E+05 
       232   -31514.5296034124   -31397.8016641361      836.1542937754  116.7279392762    -.31398313E+05 -.31514896E+05 
       233   -31514.4621088210   -31397.8019564432      835.6687176013  116.6601523778    -.31398313E+05 -.31514937E+05 
       234   -31514.4043874974   -31397.8020486440      835.2545834440  116.6023388533    -.31398314E+05 -.31514991E+05 
       235   -31514.3583159675   -31397.8014771780      834.9286539876  116.5568387894    -.31398314E+05 -.31515051E+05 
       236   -31514.3265541103   -31397.8018817755      834.6982368377  116.5246723349    -.31398315E+05 -.31515110E+05 
       237   -31514.3074282043   -31397.8019463905      834.5607698638  116.5054818138    -.31398315E+05 -.31515159E+05 
       238   -31514.2996204237   -31397.8020435544      834.5041445749  116.4975768693    -.31398316E+05 -.31515191E+05 
       239   -31514.3002277337   -31397.8021533240      834.5077085932  116.4980744097    -.31398316E+05 -.31515199E+05 
       240   -31514.3054672925   -31397.8023463725      834.5438581328  116.5031209200    -.31398316E+05 -.31515179E+05 
       241   -31514.3108653079   -31397.8026809142      834.5801291857  116.5081843937    -.31398316E+05 -.31515127E+05 
       242   -31514.3114257286   -31397.8030255684      834.5816747805  116.5084001602    -.31398316E+05 -.31515041E+05 
       243   -31514.3023901052   -31397.8034443507      834.5139502758  116.4989457545    -.31398316E+05 -.31514923E+05 
       244   -31514.2793114190   -31397.8038954494      834.3453999633  116.4754159697    -.31398316E+05 -.31514775E+05 
       245   -31514.2378671280   -31397.8037014751      834.0499126124  116.4341656528    -.31398315E+05 -.31514603E+05 
       246   -31514.1767146673   -31397.8041232982      833.6088391037  116.3725913691    -.31398315E+05 -.31514412E+05 
       247   -31514.0935693365   -31397.8042370006      833.0124317778  116.2893323359    -.31398314E+05 -.31514211E+05 
       248   -31513.9883517791   -31397.8039732060      832.2606191450  116.1843785731    -.31398314E+05 -.31514008E+05 
       249   -31513.8630086894   -31397.8039292232      831.3630672229  116.0590794662    -.31398313E+05 -.31513810E+05 
       250   -31513.7197662280   -31397.8037096374      830.3385550768  115.9160565906    -.31398313E+05 -.31513626E+05 
       251   -31513.5623870143   -31397.8033619118      829.2136953913  115.7590251024    -.31398313E+05 -.31513462E+05 
       252   -31513.3956521528   -31397.8031131260      828.0211098981  115.5925390268    -.31398313E+05 -.31513323E+05 
       253   -31513.2246602638   -31397.8029794701      826.7972054404  115.4216807937    -.31398313E+05 -.31513211E+05 
       254   -31513.0543792749   -31397.8026611270      825.5797163211  115.2517181480    -.31398313E+05 -.31513129E+05 
       255   -31512.8899399148   -31397.8021856761      824.4051977988  115.0877542387    -.31398313E+05 -.31513074E+05 
       256   -31512.7365076919   -31397.8021114332      823.3066524616  114.9343962588    -.31398313E+05 -.31513044E+05 
       257   -31512.5972664455   -31397.8017970699      822.3114810343  114.7954693755    -.31398314E+05 -.31513034E+05 
       258   -31512.4758918299   -31397.8020952291      821.4399055254  114.6737966008    -.31398314E+05 -.31513038E+05 
       259   -31512.3730624464   -31397.8020025998      820.7039739338  114.5710598466    -.31398314E+05 -.31513049E+05 
       260   -31512.2895352927   -31397.8017833371      820.1072166264  114.4877519556    -.31398315E+05 -.31513061E+05 
       261   -31512.2253519936   -31397.8021297108      819.6449728534  114.4232222827    -.31398315E+05 -.31513067E+05 
       262   -31512.1781519873   -31397.8023436443      819.3053337786  114.3758083430    -.31398315E+05 -.31513062E+05 
       263   -31512.1454256588   -31397.8023834005      819.0706213133  114.3430422583    -.31398316E+05 -.31513041E+05 
       264   -31512.1247446046   -31397.8028301450      818.9192770873  114.3219144596    -.31398316E+05 -.31513002E+05 
       265   -31512.1116796222   -31397.8025092534      818.8279876641  114.3091703688    -.31398315E+05 -.31512946E+05 
       266   -31512.1044921809   -31397.8028728257      818.7738976800  114.3016193552    -.31398315E+05 -.31512873E+05 
       267   -31512.0990847088   -31397.8026530564      818.7367367401  114.2964316525    -.31398315E+05 -.31512788E+05 
       268   -31512.0939970620   -31397.8025976175      818.7006896518  114.2913994445    -.31398314E+05 -.31512696E+05 
       269   -31512.0878502845   -31397.8027035223      818.6558999713  114.2851467622    -.31398314E+05 -.31512603E+05 
       270   -31512.0806279352   -31397.8033563405      818.5994879829  114.2772715947    -.31398313E+05 -.31512519E+05 
       271   -31512.0711978868   -31397.8027857966      818.5360249184  114.2684120902    -.31398313E+05 -.31512450E+05 
       272   -31512.0633653377   -31397.8031303495      818.4774500908  114.2602349882    -.31398313E+05 -.31512406E+05 
       273   -31512.0579937356   -31397.8026457521      818.4424431338  114.2553479835    -.31398312E+05 -.31512392E+05 
       274   -31512.0594624169   -31397.8023206531      818.4552924744  114.2571417638    -.31398312E+05 -.31512416E+05 
       275   -31512.0714659498   -31397.8018936292      818.5443359682  114.2695723207    -.31398312E+05 -.31512481E+05 
       276   -31512.0990037585   -31397.8021038684      818.7400908549  114.2968998901    -.31398312E+05 -.31512590E+05 
       277   -31512.1449766166   -31397.8015783878      819.0731712275  114.3433982288    -.31398312E+05 -.31512743E+05 
       278   -31512.2147752934   -31397.8017177605      819.5721599584  114.4130575329    -.31398312E+05 -.31512937E+05 
       279   -31512.3104851024   -31397.8011768585      820.2616302408  114.5093082439    -.31398312E+05 -.31513169E+05 
       280   -31512.4357301489   -31397.8009430780      821.1604695473  114.6347870709    -.31398313E+05 -.31513434E+05 
       281   -31512.5923673426   -31397.8012054262      822.2806255212  114.7911619164    -.31398313E+05 -.31513724E+05 
       282   -31512.7802728135   -31397.8012506341      823.6263201897  114.9790221794    -.31398314E+05 -.31514031E+05 
       283   -31512.9991871032   -31397.8013553908      825.1937129801  115.1978317123    -.31398314E+05 -.31514348E+05 
       284   -31513.2472923856   -31397.8013467421      826.9710212249  115.4459456435    -.31398315E+05 -.31514666E+05 
       285   -31513.5221542469   -31397.8014604001      828.9391180779  115.7206938468    -.31398315E+05 -.31514979E+05 
       286   -31513.8205867042   -31397.8020546308      831.0726151102  116.0185320735    -.31398315E+05 -.31515282E+05 
       287   -31514.1378524375   -31397.8025942515      833.3414112578  116.3352581860    -.31398315E+05 -.31515571E+05 
       288   -31514.4693164622   -31397.8030399321      835.7125865856  116.6662765300    -.31398315E+05 -.31515843E+05 
       289   -31514.8097078197   -31397.8028205401      838.1524749495  117.0068872796    -.31398315E+05 -.31516098E+05 
       290   -31515.1557940943   -31397.8032169923      840.6287461071  117.3525771020    -.31398315E+05 -.31516339E+05 
       291   -31515.5031281728   -31397.8038400431      843.1123324394  117.6992881298    -.31398315E+05 -.31516569E+05 
       292   -31515.8471044224   -31397.8034532888      845.5790992309  118.0436511336    -.31398314E+05 -.31516793E+05 
       293   -31516.1868169077   -31397.8036496080      848.0111467923  118.3831672997    -.31398314E+05 -.31517016E+05 
       294   -31516.5197257242   -31397.8034011435      850.3976439134  118.7163245807    -.31398314E+05 -.31517245E+05 
       295   -31516.8460667559   -31397.8034266946      852.7351313384  119.0426400613    -.31398313E+05 -.31517487E+05 
       296   -31517.1661451144   -31397.8035207997      855.0272664441  119.3626243147    -.31398313E+05 -.31517746E+05 
       297   -31517.4811066652   -31397.8034401432      857.2840003158  119.6776665220    -.31398313E+05 -.31518027E+05 
       298   -31517.7933130648   -31397.8034659263      859.5202358270  119.9898471385    -.31398313E+05 -.31518333E+05 
       299   -31518.1048905903   -31397.8031979223      861.7540710170  120.3016926679    -.31398313E+05 -.31518666E+05 
       300   -31518.4186026815   -31397.8027164622      864.0047257333  120.6158862193    -.31398313E+05 -.31519025E+05 
       301   -31518.7378725632   -31397.8029121828      866.2903415973  120.9349603803    -.31398313E+05 -.31519408E+05 
       302   -31519.0637199032   -31397.8027272484      868.6258003386  121.2609926547    -.31398314E+05 -.31519810E+05 
       303   -31519.3975969893   -31397.8022660334      871.0207574315  121.5953309559    -.31398314E+05 -.31520225E+05 
       304   -31519.7407645975   -31397.8023915984      873.4780618198  121.9383729992    -.31398315E+05 -.31520647E+05 
       305   -31520.0923009100   -31397.8028832426      875.9926912096  122.2894176675    -.31398315E+05 -.31521067E+05 
       306   -31520.4495018681   -31397.8028940487      878.5513423868  122.6466078194    -.31398316E+05 -.31521479E+05 
       307   -31520.8104537107   -31397.8034852568      881.1327046015  123.0069684539    -.31398316E+05 -.31521874E+05 
       308   -31521.1703173697   -31397.8037771565      883.7084158865  123.3665402132    -.31398316E+05 -.31522244E+05 
       309   -31521.5247765596   -31397.8041774810      886.2446367980  123.7205990786    -.31398317E+05 -.31522584E+05 
       310   -31521.8684506421   -31397.8045053545      888.7041200082  124.0639452875    -.31398317E+05 -.31522890E+05 
       311   -31522.1959491361   -31397.8047092048      891.0486214484  124.3912399313    -.31398317E+05 -.31523158E+05 
       312   -31522.5024069556   -31397.8050475068      893.2414396421  124.6973594488    -.31398317E+05 -.31523388E+05 
       313   -31522.7832348639   -31397.8054946172      895.2498843169  124.9777402467    -.31398317E+05 -.31523579E+05 
       314   -31523.0342965897   -31397.8056113345      897.0474723463  125.2286852552    -.31398317E+05 -.31523735E+05 
       315   -31523.2534544405   -31397.8058476448      898.6156674783  125.4476067957    -.31398316E+05 -.31523859E+05 
       316   -31523.4387868833   -31397.8056022890      899.9450122271  125.6331845943    -.31398316E+05 -.31523955E+05 
       317   -31523.5911543453   -31397.8057270051      901.0355688366  125.7854273402    -.31398316E+05 -.31524030E+05 
       318   -31523.7112562628   -31397.8056245282      901.8966259340  125.9056317347    -.31398315E+05 -.31524090E+05 
       319   -31523.8015241899   -31397.8052849043      902.5456727107  125.9962392856    -.31398315E+05 -.31524139E+05 
       320   -31523.8660349320   -31397.8054292588      903.0067468259  126.0606056731    -.31398315E+05 -.31524183E+05 
       321   -31523.9074459613   -31397.8047467873      903.3082741354  126.1026991740    -.31398314E+05 -.31524226E+05 
       322   -31523.9308307529   -31397.8040803944      903.4805593766  126.1267503585    -.31398314E+05 -.31524271E+05 
       323   -31523.9409678385   -31397.8040839526      903.5531486168  126.1368838859    -.31398314E+05 -.31524319E+05 
       324   -31523.9410217713   -31397.8042609848      903.5522668226  126.1367607865    -.31398315E+05 -.31524368E+05 
       325   -31523.9332229958   -31397.8039644272      903.4985263741  126.1292585685    -.31398315E+05 -.31524418E+05 
       326   -31523.9201458028   -31397.8039273811      903.4051162209  126.1162184218    -.31398315E+05 -.31524465E+05 
       327   -31523.9021211304   -31397.8038428313      903.2766061937  126.0982782990    -.31398315E+05 -.31524503E+05 
       328   -31523.8790422168   -31397.8042372756      903.1084600839  126.0748049413    -.31398316E+05 -.31524528E+05 
       329   -31523.8480127954   -31397.8040821563      902.8872989761  126.0439306391    -.31398316E+05 -.31524532E+05 
       330   -31523.8070981598   -31397.8044045048      902.5919071320  126.0026936550    -.31398317E+05 -.31524510E+05 
       331   -31523.7521465899   -31397.8048752214      902.1949020690  125.9472713685    -.31398317E+05 -.31524456E+05 
       332   -31523.6781888798   -31397.8049053748      901.6649066789  125.8732835050    -.31398317E+05 -.31524363E+05 
       333   -31523.5815166258   -31397.8053698906      900.9690893142  125.7761467353    -.31398317E+05 -.31524229E+05 
       334   -31523.4568309258   -31397.8053795164      900.0758624416  125.6514514094    -.31398317E+05 -.31524052E+05 
       335   -31523.3010221207   -31397.8056945204      898.9575047097  125.4953276002    -.31398317E+05 -.31523829E+05 
       336   -31523.1102538168   -31397.8054797889      897.5925171270  125.3047740279    -.31398317E+05 -.31523563E+05 
       337   -31522.8835730705   -31397.8056499835      895.9675215221  125.0779230870    -.31398317E+05 -.31523257E+05 
       338   -31522.6200470169   -31397.8058245716      894.0785613880  124.8142224453    -.31398316E+05 -.31522914E+05 
       339   -31522.3199224587   -31397.8054058886      891.9316858754  124.5145165701    -.31398316E+05 -.31522542E+05 
       340   -31521.9862100293   -31397.8051868016      889.5427814546  124.1810232277    -.31398315E+05 -.31522146E+05 
       341   -31521.6219002816   -31397.8046944923      886.9366572040  123.8172057893    -.31398315E+05 -.31521734E+05 
       342   -31521.2321260348   -31397.8045749899      884.1454532332  123.4275510449    -.31398314E+05 -.31521314E+05 
       343   -31520.8214647404   -31397.8041941738      881.2065014650  123.0172705667    -.31398314E+05 -.31520892E+05 
       344   -31520.3955639875   -31397.8036156971      878.1598011656  122.5919482904    -.31398314E+05 -.31520475E+05 
       345   -31519.9608517837   -31397.8036883256      875.0453179781  122.1571634581    -.31398314E+05 -.31520065E+05 
       346   -31519.5212306429   -31397.8031140452      871.9003047130  121.7181165978    -.31398314E+05 -.31519666E+05 
       347   -31519.0823858154   -31397.8030945165      868.7568785533  121.2792912989    -.31398314E+05 -.31519279E+05 
       348   -31518.6469835647   -31397.8028053166      865.6400442470  120.8441782481    -.31398314E+05 -.31518902E+05 
       349   -31518.2180286025   -31397.8029440724      862.5663280740  120.4150845301    -.31398314E+05 -.31518532E+05 
       350   -31517.7954195613   -31397.8023763353      859.5431302792  119.9930432259    -.31398315E+05 -.31518165E+05 
       351   -31517.3805252017   -31397.8026958981      856.5688388960  119.5778293036    -.31398315E+05 -.31517795E+05 
       352   -31516.9711615708   -31397.8030808964      853.6336969083  119.1680806744    -.31398315E+05 -.31517418E+05 
       353   -31516.5647903127   -31397.8032763649      850.7213477631  118.7615139478    -.31398316E+05 -.31517027E+05 
       354   -31516.1586721153   -31397.8034582081      847.8109089631  118.3552139072    -.31398316E+05 -.31516618E+05 
       355   -31515.7496240881   -31397.8036526782      844.8793925378  117.9459714099    -.31398316E+05 -.31516186E+05 
       356   -31515.3344460421   -31397.8038013249      841.9042933494  117.5306447172    -.31398316E+05 -.31515731E+05 
       357   -31514.9105039812   -31397.8039926383      838.8661094813  117.1065113429    -.31398316E+05 -.31515252E+05 
       358   -31514.4759103372   -31397.8043274416      835.7505975400  116.6715828956    -.31398316E+05 -.31514751E+05 
       359   -31514.0291540961   -31397.8042940383      832.5505991398  116.2248600578    -.31398315E+05 -.31514233E+05 
       360   -31513.5704458010   -31397.8039383877      829.2672932390  115.7665074133    -.31398315E+05 -.31513702E+05 
       361   -31513.1019829901   -31397.8040476850      825.9107825126  115.2979353050    -.31398315E+05 -.31513167E+05 
       362   -31512.6256585842   -31397.8038747252      822.4999789078  114.8217838590    -.31398314E+05 -.31512635E+05 
       363   -31512.1458860875   -31397.8040755760      819.0617979727  114.3418105115    -.31398313E+05 -.31512116E+05 
       364   -31511.6656904461   -31397.8029983434      815.6297411987  113.8626921027    -.31398313E+05 -.31511617E+05 
       365   -31511.1928762521   -31397.8031213373      812.2419622075  113.3897549148    -.31398313E+05 -.31511147E+05 
       366   -31510.7308590641   -31397.8022059066      808.9389636564  112.9286531574    -.31398312E+05 -.31510713E+05 
       367   -31510.2869857648   -31397.8019642441      805.7611083783  112.4850215207    -.31398312E+05 -.31510319E+05 
       368   -31509.8655901679   -31397.8014640078      802.7461192916  112.0641261601    -.31398312E+05 -.31509968E+05 
       369   -31509.4720609878   -31397.8015214632      799.9267501046  111.6705395245    -.31398312E+05 -.31509662E+05 
       370   -31509.1089611973   -31397.8010980490      797.3287995964  111.3078631484    -.31398312E+05 -.31509398E+05 
       371   -31508.7798738815   -31397.8013554434      794.9696129665  110.9785184381    -.31398312E+05 -.31509174E+05 
       372   -31508.4846909681   -31397.8010720657      792.8571665845  110.6836189024    -.31398313E+05 -.31508985E+05 
       373   -31508.2241319174   -31397.8011987773      790.9898028598  110.4229331401    -.31398313E+05 -.31508824E+05 
       374   -31507.9964536004   -31397.8015129350      789.3566301353  110.1949406654    -.31398314E+05 -.31508685E+05 
       375   -31507.7979842350   -31397.8010086250      787.9385520629  109.9969756100    -.31398314E+05 -.31508559E+05 
       376   -31507.6269089282   -31397.8014620111      786.7098449172  109.8254469171    -.31398315E+05 -.31508440E+05 
       377   -31507.4780822792   -31397.8019639284      785.6401633771  109.6761183508    -.31398315E+05 -.31508321E+05 
       378   -31507.3466608192   -31397.8022349321      784.6968140839  109.5444258871    -.31398315E+05 -.31508199E+05 
       379   -31507.2283230125   -31397.8025106491      783.8471528309  109.4258123634    -.31398315E+05 -.31508069E+05 
       380   -31507.1187162160   -31397.8026631474      783.0609168522  109.3160530686    -.31398315E+05 -.31507931E+05 
       381   -31507.0144253747   -31397.8028763397      782.3123257524  109.2115490350    -.31398315E+05 -.31507784E+05 
       382   -31506.9125770008   -31397.8030087700      781.5818092381  109.1095682308    -.31398314E+05 -.31507633E+05 
       383   -31506.8114038794   -31397.8029863574      780.8572389259  109.0084175221    -.31398314E+05 -.31507480E+05 
       384   -31506.7108785043   -31397.8033442414      780.1345844281  108.9075342629    -.31398314E+05 -.31507332E+05 
       385   -31506.6104444270   -31397.8029542555      779.4179411200  108.8074901716    -.31398313E+05 -.31507194E+05 
       386   -31506.5126098528   -31397.8027000738      778.7189459627  108.7099097789    -.31398313E+05 -.31507073E+05 
       387   -31506.4197277922   -31397.8024183618      778.0556242297  108.6173094305    -.31398313E+05 -.31506975E+05 
       388   -31506.3351109447   -31397.8022447971      777.4507337978  108.5328661476    -.31398312E+05 -.31506905E+05 
       389   -31506.2622177165   -31397.8020811385      776.9297519125  108.4601365780    -.31398312E+05 -.31506866E+05 
       390   -31506.2043377068   -31397.8015915617      776.5186484766  108.4027461451    -.31398312E+05 -.31506862E+05 
       391   -31506.1656538123   -31397.8015845533      776.2415953171  108.3640692590    -.31398312E+05 -.31506891E+05 
       392   -31506.1483033236   -31397.8013761589      776.1188017872  108.3469271647    -.31398312E+05 -.31506952E+05 
       393   -31506.1546411264   -31397.8013165150      776.1646284550  108.3533246114    -.31398313E+05 -.31507041E+05 
       394   -31506.1853209458   -31397.8010755491      776.3861225342  108.3842453967    -.31398313E+05 -.31507153E+05 
       395   -31506.2410019611   -31397.8014790631      776.7820904606  108.4395228980    -.31398314E+05 -.31507280E+05 
       396   -31506.3199525017   -31397.8021568129      777.3427799618  108.5177956888    -.31398314E+05 -.31507417E+05 
       397   -31506.4182687231   -31397.8017178265      778.0501906434  108.6165508966    -.31398315E+05 -.31507554E+05 
       398   -31506.5348647842   -31397.8026132755      778.8789859106  108.7322515088    -.31398315E+05 -.31507685E+05 
       399   -31506.6632450695   -31397.8027055758      779.7979479873  108.8605394937    -.31398315E+05 -.31507804E+05 
       400   -31506.7990705480   -31397.8025728602      780.7718538791  108.9964976879    -.31398316E+05 -.31507906E+05 
       401   -31506.9381618608   -31397.8032115189      781.7636282726  109.1349503419    -.31398316E+05 -.31507986E+05 
       402   -31507.0744497263   -31397.8036670756      782.7366324131  109.2707826507    -.31398316E+05 -.31508044E+05 
       403   -31507.2027759002   -31397.8035232346      783.6568984201  109.3992526656    -.31398316E+05 -.31508079E+05 
       404   -31507.3205395660   -31397.8042648226      784.4951597082  109.5162747433    -.31398315E+05 -.31508093E+05 
       405   -31507.4230622830   -31397.8044062297      785.2285451556  109.6186560533    -.31398315E+05 -.31508091E+05 
       406   -31507.5085732674   -31397.8043064592      785.8417985090  109.7042668081    -.31398315E+05 -.31508076E+05 
       407   -31507.5760288215   -31397.8038938893      786.3279565248  109.7721349322    -.31398314E+05 -.31508055E+05 
       408   -31507.6263364265   -31397.8038780886      786.6884369038  109.8224583379    -.31398314E+05 -.31508032E+05 
       409   -31507.6610781943   -31397.8045432880      786.9325367238  109.8565349063    -.31398314E+05 -.31508014E+05 
       410   -31507.6803590008   -31397.8037438060      787.0763773460  109.8766151948    -.31398313E+05 -.31508007E+05 
       411   -31507.6893133943   -31397.8036241085      787.1413775528  109.8856892858    -.31398313E+05 -.31508013E+05 
       412   -31507.6906915928   -31397.8034697016      787.1523560259  109.8872218912    -.31398313E+05 -.31508037E+05 
       413   -31507.6883528251   -31397.8034975286      787.1354034582  109.8848552965    -.31398313E+05 -.31508079E+05 
       414   -31507.6848405746   -31397.8027385752      787.1156808347  109.8821019994    -.31398313E+05 -.31508138E+05 
       415   -31507.6845243889   -31397.8024758348      787.1152979915  109.8820485541    -.31398314E+05 -.31508212E+05 
       416   -31507.6895691356   -31397.8024766089      787.1514293525  109.8870925267    -.31398314E+05 -.31508299E+05 
       417   -31507.7011472691   -31397.8024170820      787.2347931107  109.8987301871    -.31398314E+05 -.31508391E+05 
       418   -31507.7198017100   -31397.8023889981      787.3686211683  109.9174127119    -.31398315E+05 -.31508483E+05 
       419   -31507.7452814968   -31397.8027977662      787.5482117626  109.9424837307    -.31398315E+05 -.31508568E+05 
       420   -31507.7752148162   -31397.8030135038      787.7610869635  109.9722013124    -.31398316E+05 -.31508640E+05 
       421   -31507.8070067869   -31397.8031643584      787.9877409703  110.0038424285    -.31398316E+05 -.31508691E+05 
       422   -31507.8373088438   -31397.8034234299      788.2029471276  110.0338854140    -.31398316E+05 -.31508715E+05 
       423   -31507.8618863392   -31397.8036277857      788.3775386216  110.0582585535    -.31398316E+05 -.31508709E+05 
       424   -31507.8763252010   -31397.8036900116      788.4805224135  110.0726351894    -.31398316E+05 -.31508669E+05 
       425   -31507.8771296678   -31397.8043763885      788.4813683244  110.0727532794    -.31398316E+05 -.31508594E+05 
       426   -31507.8591320972   -31397.8043942351      788.3523189418  110.0547378621    -.31398316E+05 -.31508485E+05 
       427   -31507.8200211490   -31397.8046200031      788.0705392377  110.0154011459    -.31398316E+05 -.31508344E+05 
       428   -31507.7570507853   -31397.8045526825      787.6199474613  109.9524981028    -.31398316E+05 -.31508177E+05 
       429   -31507.6691799872   -31397.8042641246      786.9925718155  109.8649158625    -.31398315E+05 -.31507988E+05 
       430   -31507.5571961308   -31397.8044133040      786.1893320780  109.7527828268    -.31398315E+05 -.31507785E+05 
       431   -31507.4216175154   -31397.8041289779      785.2201819186  109.6174885375    -.31398314E+05 -.31507575E+05 
       432   -31507.2657376487   -31397.8041269069      784.1035864495  109.4616107418    -.31398314E+05 -.31507367E+05 
       433   -31507.0920694671   -31397.8033147349      782.8653713691  109.2887547321    -.31398313E+05 -.31507165E+05 
       434   -31506.9067280103   -31397.8034144255      781.5370054909  109.1033135848    -.31398313E+05 -.31506978E+05 
       435   -31506.7138096295   -31397.8036402523      780.1534604759  108.9101693772    -.31398313E+05 -.31506809E+05 
       436   -31506.5172061837   -31397.8028484771      778.7508076908  108.7143577067    -.31398313E+05 -.31506661E+05 
       437   -31506.3231067457   -31397.8023867501      777.3637275747  108.5207199956    -.31398313E+05 -.31506536E+05 
       438   -31506.1357400074   -31397.8021690569      776.0231275555  108.3335709505    -.31398313E+05 -.31506431E+05 
       439   -31505.9587159411   -31397.8023071632      774.7540662475  108.1564087779    -.31398313E+05 -.31506345E+05 
       440   -31505.7939230280   -31397.8022297097      773.5741641632  107.9916933182    -.31398314E+05 -.31506273E+05 
       441   -31505.6431052655   -31397.8023984939      772.4926060547  107.8407067717    -.31398314E+05 -.31506209E+05 
       442   -31505.5059528675   -31397.8024407815      771.5098428346  107.7035120860    -.31398315E+05 -.31506147E+05 
       443   -31505.3814701998   -31397.8024566297      770.6180257659  107.5790135701    -.31398315E+05 -.31506080E+05 
       444   -31505.2679615213   -31397.8028494328      769.8021181650  107.4651120885    -.31398315E+05 -.31506003E+05 
       445   -31505.1618286537   -31397.8028830339      769.0416185859  107.3589456198    -.31398316E+05 -.31505910E+05 
       446   -31505.0607172738   -31397.8035232198      768.3127441694  107.2571940540    -.31398316E+05 -.31505798E+05 
       447   -31504.9598575639   -31397.8034337996      767.5908989028  107.1564237643    -.31398316E+05 -.31505664E+05 
       448   -31504.8569159914   -31397.8034723794      766.8532237830  107.0534436119    -.31398316E+05 -.31505509E+05 
       449   -31504.7492703090   -31397.8036257222      766.0810297539  106.9456445868    -.31398315E+05 -.31505334E+05 
       450   -31504.6351897047   -31397.8038964571      765.2618997000  106.8312932477    -.31398315E+05 -.31505145E+05 
       451   -31504.5130577191   -31397.8033023740      764.3912903185  106.7097553452    -.31398315E+05 -.31504947E+05 
       452   -31504.3854367384   -31397.8038037537      763.4735146553  106.5816329846    -.31398314E+05 -.31504747E+05 
       453   -31504.2518057348   -31397.8030061844      762.5219922768  106.4487995504    -.31398313E+05 -.31504553E+05 
       454   -31504.1172712000   -31397.8029399929      761.5587585954  106.3143312070    -.31398313E+05 -.31504375E+05 
       455   -31503.9851283779   -31397.8027887334      760.6132667760  106.1823396446    -.31398312E+05 -.31504221E+05 
       456   -31503.8602739291   -31397.8025578366      759.7205540386  106.0577160925    -.31398312E+05 -.31504099E+05 
       457   -31503.7479056262   -31397.8020971164      758.9189292837  105.9458085099    -.31398312E+05 -.31504014E+05 
       458   -31503.6535096255   -31397.8014510953      758.2473724266  105.8520585302    -.31398312E+05 -.31503971E+05 
       459   -31503.5831348735   -31397.8015108284      757.7428308619  105.7816240451    -.31398312E+05 -.31503973E+05 
       460   -31503.5401331870   -31397.8011132936      757.4376456203  105.7390198934    -.31398312E+05 -.31504020E+05 
       461   -31503.5288388663   -31397.8010328147      757.3573177907  105.7278060516    -.31398312E+05 -.31504110E+05 
       462   -31503.5512145231   -31397.8008657318      757.5187976271  105.7503487912    -.31398312E+05 -.31504238E+05 
       463   -31503.6088155343   -31397.8011416257      757.9294331895  105.8076739086    -.31398313E+05 -.31504398E+05 
       464   -31503.7005714954   -31397.8011491791      758.5866522366  105.8994223162    -.31398313E+05 -.31504584E+05 
       465   -31503.8251081215   -31397.8011952801      759.4784120650  106.0239128413    -.31398314E+05 -.31504788E+05 
       466   -31503.9798619419   -31397.8015559100      760.5843729006  106.1783060319    -.31398314E+05 -.31505002E+05 
       467   -31504.1606706109   -31397.8018168426      761.8776859320  106.3588537683    -.31398315E+05 -.31505219E+05 
       468   -31504.3632855292   -31397.8020699333      763.3272592911  106.5612155959    -.31398315E+05 -.31505432E+05 
       469   -31504.5828261432   -31397.8020118687      764.9003049490  106.7808142745    -.31398315E+05 -.31505637E+05 
       470   -31504.8154793503   -31397.8022784289      766.5649543364  107.0132009214    -.31398315E+05 -.31505832E+05 
       471   -31505.0573218756   -31397.8029211700      768.2927346473  107.2544007056    -.31398315E+05 -.31506016E+05 
       472   -31505.3043400583   -31397.8031277289      770.0607141067  107.5012123294    -.31398315E+05 -.31506191E+05 
       473   -31505.5543506852   -31397.8029135910      771.8531428334  107.7514370943    -.31398314E+05 -.31506360E+05 
       474   -31505.8070512799   -31397.8030322511      773.6624566132  108.0040190287    -.31398314E+05 -.31506529E+05 
       475   -31506.0622324741   -31397.8031461521      775.4895737010  108.2590863220    -.31398314E+05 -.31506705E+05 
       476   -31506.3206555449   -31397.8027645075      777.3434629703  108.5178910374    -.31398313E+05 -.31506895E+05 
       477   -31506.5849893443   -31397.8023363703      779.2400254511  108.7826529740    -.31398313E+05 -.31507107E+05 
       478   -31506.8584953693   -31397.8021748999      781.2003808962  109.0563204694    -.31398312E+05 -.31507346E+05 
       479   -31507.1443473631   -31397.8020788945      783.2487049632  109.3422684686    -.31398312E+05 -.31507619E+05 
       480   -31507.4455347728   -31397.8015790247      785.4097738184  109.6439557480    -.31398312E+05 -.31507931E+05 
       481   -31507.7661556614   -31397.8015824976      787.7064444398  109.9645731638    -.31398312E+05 -.31508282E+05 
       482   -31508.1080919628   -31397.8013827163      790.1572591840  110.3067092465    -.31398312E+05 -.31508673E+05 
       483   -31508.4732883086   -31397.8012274659      792.7743730287  110.6720608428    -.31398312E+05 -.31509102E+05 
       484   -31508.8619962844   -31397.8007795283      795.5620037350  111.0612167560    -.31398313E+05 -.31509563E+05 
       485   -31509.2749500649   -31397.8014228256      798.5154969871  111.4735272393    -.31398313E+05 -.31510052E+05 
       486   -31509.7083518675   -31397.8012777443      801.6211124099  111.9070741232    -.31398314E+05 -.31510558E+05 
       487   -31510.1605748230   -31397.8018311012      804.8565458172  112.3587437218    -.31398314E+05 -.31511075E+05 
       488   -31510.6265280952   -31397.8021333472      808.1921320300  112.8243947480    -.31398315E+05 -.31511592E+05 
       489   -31511.1017556641   -31397.8026444923      811.5926561763  113.2991111718    -.31398315E+05 -.31512101E+05 
       490   -31511.5803518063   -31397.8028367556      815.0195945772  113.7775150507    -.31398316E+05 -.31512594E+05 
       491   -31512.0575350900   -31397.8034198430      818.4336127030  114.2541152469    -.31398316E+05 -.31513065E+05 
       492   -31512.5270488990   -31397.8033829127      821.7971336330  114.7236659863    -.31398316E+05 -.31513510E+05 
       493   -31512.9853271566   -31397.8038227845      825.0767557572  115.1815043721    -.31398316E+05 -.31513926E+05 
       494   -31513.4282186686   -31397.8043755165      828.2453499471  115.6238431521    -.31398316E+05 -.31514312E+05 
       495   -31513.8524092810   -31397.8044156776      831.2836561421  116.0479936034    -.31398316E+05 -.31514672E+05 
       496   -31514.2566805481   -31397.8041765739      834.1812750456  116.4525039742    -.31398316E+05 -.31515009E+05 
       497   -31514.6413901584   -31397.8041862944      836.9369860321  116.8372038640    -.31398315E+05 -.31515328E+05 
       498   -31515.0071163812   -31397.8039676140      839.5583498972  117.2031487672    -.31398315E+05 -.31515637E+05 
       499   -31515.3561631853   -31397.8036915553      842.0606455212  117.5524716300    -.31398314E+05 -.31515942E+05 
       500   -31515.6922617876   -31397.8041087702      844.4652235098  117.8881530174    -.31398314E+05 -.31516249E+05 
       501   -31516.0174939046   -31397.8037685953      846.7973872697  118.2137253092    -.31398314E+05 -.31516566E+05 
       502   -31516.3366398932   -31397.8037053867      849.0839704355  118.5329345065    -.31398314E+05 -.31516896E+05 
       503   -31516.6523522053   -31397.8029656141      851.3508036467  118.8493865913    -.31398313E+05 -.31517242E+05 
       504   -31516.9690181364   -31397.8028144323      853.6202516547  119.1662037041    -.31398314E+05 -.31517606E+05 
       505   -31517.2884478833   -31397.8027318521      855.9090062223  119.4857160312    -.31398314E+05 -.31517985E+05 
       506   -31517.6118012430   -31397.8025860429      858.2263196329  119.8092152001    -.31398314E+05 -.31518377E+05 
       507   -31517.9397477049   -31397.8029614095      860.5728013712  120.1367862954    -.31398315E+05 -.31518775E+05 
       508   -31518.2703619069   -31397.8031298063      862.9398754463  120.4672321006    -.31398315E+05 -.31519174E+05 
       509   -31518.6014256745   -31397.8033287105      865.3099513500  120.7980969640    -.31398316E+05 -.31519564E+05 
       510   -31518.9294491216   -31397.8036600701      867.6572997883  121.1257890514    -.31398316E+05 -.31519938E+05 
       511   -31519.2496489987   -31397.8038573414      869.9495663583  121.4457916574    -.31398316E+05 -.31520287E+05 
       512   -31519.5567350542   -31397.8037866456      872.1498145420  121.7529484086    -.31398317E+05 -.31520604E+05 
       513   -31519.8463414849   -31397.8045390678      874.2189551527  122.0418024172    -.31398317E+05 -.31520882E+05 
       514   -31520.1116265696   -31397.8046633368      876.1183749140  122.3069632328    -.31398317E+05 -.31521118E+05 
       515   -31520.3485397225   -31397.8050659834      877.8125646388  122.5434737391    -.31398317E+05 -.31521307E+05 
       516   -31520.5524706719   -31397.8053202990      879.2715563162  122.7471503729    -.31398317E+05 -.31521451E+05 
       517   -31520.7202514271   -31397.8053807448      880.4729829647  122.9148706823    -.31398317E+05 -.31521550E+05 
       518   -31520.8503751215   -31397.8055896862      881.4035980273  123.0447854353    -.31398316E+05 -.31521609E+05 
       519   -31520.9417335642   -31397.8052937463      882.0601435466  123.1364398178    -.31398316E+05 -.31521632E+05 
       520   -31520.9958670232   -31397.8050739518      882.4494908327  123.1907930714    -.31398316E+05 -.31521626E+05 
       521   -31521.0146718387   -31397.8045344029      882.5880598285  123.2101374358    -.31398315E+05 -.31521599E+05 
       522   -31521.0024587434   -31397.8045379218      882.5005488651  123.1979208216    -.31398315E+05 -.31521557E+05 
       523   -31520.9623275429   -31397.8038410996      882.2180695808  123.1584864433    -.31398314E+05 -.31521507E+05 
       524   -31520.9003704722   -31397.8036206424      881.7758332598  123.0967498298    -.31398314E+05 -.31521455E+05 
       525   -31520.8212007370   -31397.8033630473      881.2105639234  123.0178376897    -.31398314E+05 -.31521406E+05 
       526   -31520.7299552276   -31397.8032379746      880.5578432043  122.9267172530    -.31398314E+05 -.31521361E+05 
       527   -31520.6308795693   -31397.8030355924      879.8495867677  122.8278439769    -.31398314E+05 -.31521321E+05 
       528   -31520.5274766351   -31397.8026237663      879.1118331692  122.7248528688    -.31398314E+05 -.31521285E+05 
       529   -31520.4224606848   -31397.8021417832      878.3630276466  122.6203189015    -.31398314E+05 -.31521250E+05 
       530   -31520.3182697714   -31397.8026660773      877.6129238508  122.5156036941    -.31398315E+05 -.31521211E+05 
       531   -31520.2131752332   -31397.8023764931      876.8621771757  122.4107987401    -.31398315E+05 -.31521161E+05 
       532   -31520.1074090111   -31397.8026392121      876.1026627446  122.3047697990    -.31398315E+05 -.31521096E+05 
       533   -31519.9979570541   -31397.8026580611      875.3184932898  122.1952989929    -.31398316E+05 -.31521008E+05 
       534   -31519.8823795977   -31397.8030686659      874.4876389460  122.0793109317    -.31398316E+05 -.31520893E+05 
       535   -31519.7562360292   -31397.8030710212      873.5840210423  121.9531650080    -.31398316E+05 -.31520744E+05 
       536   -31519.6163060995   -31397.8033128764      872.5799320430  121.8129932232    -.31398316E+05 -.31520559E+05 
       537   -31519.4585660783   -31397.8035108394      871.4485788769  121.6550552389    -.31398316E+05 -.31520337E+05 
       538   -31519.2798105543   -31397.8037265912      870.1665584649  121.4760839630    -.31398316E+05 -.31520078E+05 
       539   -31519.0771537091   -31397.8035567552      868.7160883964  121.2735969539    -.31398316E+05 -.31519785E+05 
       540   -31518.8498812226   -31397.8037335301      867.0868068575  121.0461476925    -.31398315E+05 -.31519462E+05 
       541   -31518.5968903538   -31397.8033920923      865.2770095808  120.7934982615    -.31398315E+05 -.31519116E+05 
       542   -31518.3204531695   -31397.8037523527      863.2942334495  120.5167008168    -.31398314E+05 -.31518754E+05 
       543   -31518.0213542854   -31397.8032733767      861.1551370179  120.2180809087    -.31398314E+05 -.31518383E+05 
       544   -31517.7044078367   -31397.8032843107      858.8846842185  119.9011235260    -.31398313E+05 -.31518013E+05 
       545   -31517.3727256970   -31397.8024554443      856.5146913380  119.5702702527    -.31398313E+05 -.31517652E+05 
       546   -31517.0329396629   -31397.8022966373      854.0818482155  119.2306430256    -.31398313E+05 -.31517306E+05 
       547   -31516.6896454365   -31397.8019298999      851.6253644104  118.8877155365    -.31398312E+05 -.31516980E+05 
       548   -31516.3483757573   -31397.8014182570      849.1844209919  118.5469575003    -.31398312E+05 -.31516681E+05 
       549   -31516.0146096583   -31397.8011316120      846.7956160570  118.2134780462    -.31398312E+05 -.31516408E+05 
       550   -31515.6923967551   -31397.8006987188      844.4906174544  117.8916980364    -.31398312E+05 -.31516162E+05 
       551   -31515.3860267169   -31397.8009532298      842.2941815794  117.5850734871    -.31398313E+05 -.31515941E+05 
       552   -31515.0964183229   -31397.8005242837      840.2227097579  117.2958940392    -.31398313E+05 -.31515740E+05 
       553   -31514.8256297774   -31397.8004594222      838.2834416423  117.0251703552    -.31398313E+05 -.31515555E+05 
       554   -31514.5731604379   -31397.8005417261      836.4743448454  116.7726187118    -.31398314E+05 -.31515378E+05 
       555   -31514.3376492171   -31397.8009046983      834.7847132070  116.5367445188    -.31398314E+05 -.31515203E+05 
       556   -31514.1158155237   -31397.8008004963      833.1964039521  116.3150150274    -.31398315E+05 -.31515023E+05 
       557   -31513.9048481926   -31397.8007394743      831.6856241253  116.1041087184    -.31398315E+05 -.31514831E+05 
       558   -31513.7017916804   -31397.8015708113      830.2251194535  115.9002208691    -.31398315E+05 -.31514622E+05 
       559   -31513.5012125704   -31397.8018114617      828.7865923458  115.6994011087    -.31398315E+05 -.31514393E+05 
       560   -31513.2997976133   -31397.8019013258      827.3431579590  115.4978962875    -.31398315E+05 -.31514143E+05 
       561   -31513.0944560257   -31397.8019852777      825.8716383899  115.2924707480    -.31398315E+05 -.31513870E+05 
       562   -31512.8830178377   -31397.8023362420      824.3545345139  115.0806815957    -.31398315E+05 -.31513578E+05 
       563   -31512.6630858260   -31397.8019992434      822.7815151135  114.8610865826    -.31398314E+05 -.31513270E+05 
       564   -31512.4350152972   -31397.8016452215      821.1503192217  114.6333700757    -.31398314E+05 -.31512954E+05 
       565   -31512.2000516528   -31397.8016745442      819.4670000463  114.3983771086    -.31398313E+05 -.31512634E+05 
       566   -31511.9600330973   -31397.8019785130      817.7455037891  114.1580545843    -.31398313E+05 -.31512320E+05 
       567   -31511.7164162640   -31397.8011106062      816.0066265463  113.9153056578    -.31398312E+05 -.31512019E+05 
       568   -31511.4748612631   -31397.8010952432      814.2764117697  113.6737660199    -.31398312E+05 -.31511738E+05 
       569   -31511.2378411922   -31397.8003194198      812.5841293298  113.4375217724    -.31398312E+05 -.31511483E+05 
       570   -31511.0108041510   -31397.8000145146      810.9599847566  113.2107896363    -.31398311E+05 -.31511260E+05 
       571   -31510.7976728364   -31397.8000887662      809.4327347197  112.9975840702    -.31398311E+05 -.31511071E+05 
       572   -31510.6014332813   -31397.8000364312      808.0273917699  112.8013968501    -.31398311E+05 -.31510917E+05 
       573   -31510.4248165989   -31397.7999040307      806.7631863793  112.6249125682    -.31398312E+05 -.31510798E+05 
       574   -31510.2694304380   -31397.7996471475      805.6519527500  112.4697832906    -.31398312E+05 -.31510710E+05 
       575   -31510.1365528665   -31397.8000729339      804.6970641786  112.3364799325    -.31398312E+05 -.31510649E+05 
       576   -31510.0244707665   -31397.8002410498      803.8929850475  112.2242297167    -.31398313E+05 -.31510607E+05 
       577   -31509.9313124757   -31397.8002670840      803.2254801303  112.1310453917    -.31398313E+05 -.31510578E+05 
       578   -31509.8537732372   -31397.7999276843      802.6724764793  112.0538455530    -.31398314E+05 -.31510553E+05 
       579   -31509.7893422559   -31397.8006888720      802.2054870638  111.9886533839    -.31398314E+05 -.31510525E+05 
       580   -31509.7316207849   -31397.8007616369      801.7914910764  111.9308591480    -.31398315E+05 -.31510486E+05 
       581   -31509.6769190417   -31397.8013909035      801.3951398543  111.8755281382    -.31398315E+05 -.31510430E+05 
       582   -31509.6191534280   -31397.8014245021      800.9811082188  111.8177289259    -.31398315E+05 -.31510352E+05 
       583   -31509.5547229233   -31397.8018641001      800.5164258533  111.7528588231    -.31398315E+05 -.31510249E+05 
       584   -31509.4788546219   -31397.8019122260      799.9726156310  111.6769423959    -.31398315E+05 -.31510120E+05 
       585   -31509.3889074567   -31397.8020252841      799.3274895125  111.5868821726    -.31398315E+05 -.31509967E+05 
       586   -31509.2823251779   -31397.8016791306      798.5664909646  111.4806460474    -.31398314E+05 -.31509791E+05 
       587   -31509.1596346182   -31397.8022571406      797.6834843382  111.3573774776    -.31398314E+05 -.31509598E+05 
       588   -31509.0191679081   -31397.8017472755      796.6809350117  111.2174206326    -.31398314E+05 -.31509393E+05 
       589   -31508.8642345289   -31397.8019740367      795.5694803039  111.0622604922    -.31398313E+05 -.31509183E+05 
       590   -31508.6956260096   -31397.8012444306      794.3669175333  110.8943815790    -.31398313E+05 -.31508975E+05 
       591   -31508.5181825279   -31397.8011272376      793.0966806162  110.7170552903    -.31398313E+05 -.31508774E+05 
       592   -31508.3350806185   -31397.8010128788      791.7858905251  110.5340677397    -.31398312E+05 -.31508588E+05 
       593   -31508.1497810355   -31397.8003734276      790.4631192753  110.3494076079    -.31398312E+05 -.31508420E+05 
       594   -31507.9675951197   -31397.8006600153      789.1560186086  110.1669351044    -.31398312E+05 -.31508272E+05 
       595   -31507.7904741368   -31397.8004162528      787.8889984915  109.9900578840    -.31398312E+05 -.31508146E+05 
       596   -31507.6216272680   -31397.8001908026      786.6811169501  109.8214364654    -.31398312E+05 -.31508040E+05 
       597   -31507.4630373281   -31397.8002921303      785.5443678083  109.6627451978    -.31398313E+05 -.31507951E+05 
       598   -31507.3147693725   -31397.8002640340      784.4824849752  109.5145053385    -.31398313E+05 -.31507874E+05 
       599   -31507.1765317822   -31397.8005344681      783.4903139483  109.3759973140    -.31398313E+05 -.31507802E+05 
       600   -31507.0458793012   -31397.8006197120      782.5538037122  109.2452595892    -.31398314E+05 -.31507729E+05 
       601   -31506.9197052322   -31397.8005301747      781.6506255771  109.1191750575    -.31398314E+05 -.31507645E+05 
       602   -31506.7943079022   -31397.8006650835      780.7514036676  108.9936428188    -.31398315E+05 -.31507543E+05 
       603   -31506.6650469273   -31397.8012210401      779.8214893260  108.8638258871    -.31398315E+05 -.31507417E+05 
       604   -31506.5263267141   -31397.8018666180      778.8231738811  108.7244600961    -.31398315E+05 -.31507260E+05 
       605   -31506.3719598808   -31397.8017634120      777.7181411434  108.5701964688    -.31398316E+05 -.31507067E+05 
       606   -31506.1976613165   -31397.8017106249      776.4699707767  108.3959506916    -.31398316E+05 -.31506837E+05 
       607   -31505.9993358899   -31397.8020964419      775.0465475534  108.1972394480    -.31398316E+05 -.31506567E+05 
       608   -31505.7726319490   -31397.8021548214      773.4221867616  107.9704771276    -.31398315E+05 -.31506260E+05 
       609   -31505.5157178168   -31397.8025077764      771.5793119457  107.7132100404    -.31398315E+05 -.31505919E+05 
       610   -31505.2269361076   -31397.8026612522      769.5095898463  107.4242748554    -.31398315E+05 -.31505549E+05 
       611   -31504.9061677533   -31397.8022998662      767.2144267176  107.1038678871    -.31398314E+05 -.31505155E+05 
       612   -31504.5556335005   -31397.8021164716      764.7047672807  106.7535170290    -.31398314E+05 -.31504744E+05 
       613   -31504.1777744628   -31397.8018157117      762.0002136228  106.3759587512    -.31398313E+05 -.31504324E+05 
       614   -31503.7765403071   -31397.8016121130      759.1275215814  105.9749281941    -.31398313E+05 -.31503900E+05 
       615   -31503.3561257925   -31397.8012508843      756.1185645068  105.5548749082    -.31398313E+05 -.31503479E+05 
       616   -31502.9214969621   -31397.8008701410      753.0079261727  105.1206268211    -.31398312E+05 -.31503064E+05 
       617   -31502.4777703724   -31397.8007448316      749.8302883463  104.6770255408    -.31398312E+05 -.31502659E+05 
       618   -31502.0290287612   -31397.8004674549      746.6178158430  104.2285613063    -.31398312E+05 -.31502263E+05 
       619   -31501.5794222387   -31397.8003846021      743.3977543148  103.7790376366    -.31398313E+05 -.31501876E+05 
       620   -31501.1318666055   -31397.8005761714      740.1904181088  103.3312904341    -.31398313E+05 -.31501495E+05 
       621   -31500.6867873509   -31397.7997997874      737.0077545978  102.8869875635    -.31398313E+05 -.31501116E+05 
       622   -31500.2461374446   -31397.7996122978      733.8526013136  102.4465251468    -.31398314E+05 -.31500731E+05 
       623   -31499.8089019093   -31397.7998721442      730.7187017158  102.0090297650    -.31398314E+05 -.31500336E+05 
       624   -31499.3728283875   -31397.8003606989      727.5914876404  101.5724676886    -.31398315E+05 -.31499924E+05 
       625   -31498.9342578112   -31397.8004043110      724.4495737233  101.1338535002    -.31398315E+05 -.31499489E+05 
       626   -31498.4897761939   -31397.8002345333      721.2668459654  100.6895416606    -.31398315E+05 -.31499025E+05 
       627   -31498.0364714394   -31397.8008952755      718.0149664098  100.2355761639    -.31398315E+05 -.31498529E+05 
       628   -31497.5694108765   -31397.8013388860      714.6661055943   99.7680719906    -.31398315E+05 -.31498000E+05 
       629   -31497.0852386713   -31397.8016422530      711.1956739863   99.2835964183    -.31398315E+05 -.31497437E+05 
       630   -31496.5807670290   -31397.8012484147      707.5848262078   98.7795186143    -.31398315E+05 -.31496843E+05 
       631   -31496.0561221671   -31397.8018208032      703.8225507686   98.2543013639    -.31398314E+05 -.31496223E+05 
       632   -31495.5094063194   -31397.8016976446      699.9071571892   97.7077086748    -.31398314E+05 -.31495583E+05 
       633   -31494.9422545289   -31397.8013418374      695.8470418635   97.1409126914    -.31398313E+05 -.31494931E+05 
       634   -31494.3576631344   -31397.8011710502      691.6606765162   96.5564920843    -.31398313E+05 -.31494275E+05 
       635   -31493.7588973511   -31397.8005783667      687.3757982858   95.9583189844    -.31398312E+05 -.31493623E+05 
       636   -31493.1520193021   -31397.8006767110      683.0278596464   95.3513425911    -.31398312E+05 -.31492986E+05 
       637   -31492.5414600016   -31397.8001726278      678.6578665453   94.7412873738    -.31398311E+05 -.31492370E+05 
       638   -31491.9340588354   -31397.7997704099      674.3097663382   94.1342884255    -.31398311E+05 -.31491781E+05 
       639   -31491.3356722534   -31397.7991801395      670.0275871453   93.5364921139    -.31398311E+05 -.31491225E+05 
       640   -31490.7526350468   -31397.7989804293      665.8525620549   92.9536546174    -.31398311E+05 -.31490704E+05 
       641   -31490.1896403878   -31397.7988708849      661.8204613574   92.3907695030    -.31398311E+05 -.31490218E+05 
       642   -31489.6504137906   -31397.7986589042      657.9593515940   91.8517548864    -.31398311E+05 -.31489765E+05 
       643   -31489.1378475621   -31397.7986225999      654.2879589564   91.3392249622    -.31398312E+05 -.31489342E+05 
       644   -31488.6528311579   -31397.7984667318      650.8147697475   90.8543644262    -.31398312E+05 -.31488943E+05 
       645   -31488.1958050827   -31397.7988890807      647.5379410259   90.3969160020    -.31398312E+05 -.31488561E+05 
       646   -31487.7644548673   -31397.7991734516      644.4460239152   89.9652814156    -.31398313E+05 -.31488189E+05 
       647   -31487.3556336991   -31397.7989064886      641.5194379154   89.5567272105    -.31398313E+05 -.31487821E+05 
       648   -31486.9668109239   -31397.7991317360      638.7325800599   89.1676791879    -.31398314E+05 -.31487451E+05 
       649   -31486.5936401830   -31397.7995582503      636.0564002945   88.7940819327    -.31398314E+05 -.31487072E+05 
       650   -31486.2313332187   -31397.7995422759      633.4612104137   88.4317909427    -.31398314E+05 -.31486683E+05 
       651   -31485.8770205799   -31397.8000520159      630.9195202463   88.0769685640    -.31398314E+05 -.31486281E+05 
       652   -31485.5265423084   -31397.8000908840      628.4086696899   87.7264514244    -.31398314E+05 -.31485867E+05 
       653   -31485.1780534729   -31397.7999952621      625.9130333980   87.3780582108    -.31398313E+05 -.31485445E+05 
       654   -31484.8309277203   -31397.8001137887      623.4256272393   87.0308139316    -.31398313E+05 -.31485020E+05 
       655   -31484.4848768213   -31397.7998020564      620.9490026150   86.6850747649    -.31398312E+05 -.31484597E+05 
       656   -31484.1419182804   -31397.7993761614      618.4953471806   86.3425421191    -.31398312E+05 -.31484186E+05 
       657   -31483.8057817433   -31397.7996175428      616.0857797479   86.0061642005    -.31398311E+05 -.31483793E+05 
       658   -31483.4788795518   -31397.7989438512      613.7489153895   85.6799357006    -.31398311E+05 -.31483429E+05 
       659   -31483.1673215259   -31397.7987104886      611.5188113067   85.3686110373    -.31398310E+05 -.31483101E+05 
       660   -31482.8757782642   -31397.7984242951      609.4324569200   85.0773539691    -.31398310E+05 -.31482815E+05 
       661   -31482.6096412847   -31397.7982913182      607.5269971790   84.8113499665    -.31398310E+05 -.31482577E+05 
       662   -31482.3733058156   -31397.7978901728      605.8369348085   84.5754156429    -.31398310E+05 -.31482390E+05 
       663   -31482.1716213333   -31397.7979853888      604.3915314013   84.3736359446    -.31398310E+05 -.31482255E+05 
       664   -31482.0069842775   -31397.7979270167      603.2126090802   84.2090572608    -.31398310E+05 -.31482170E+05 
       665   -31481.8810448610   -31397.7975829541      602.3129350597   84.0834619069    -.31398310E+05 -.31482131E+05 
       666   -31481.7950895861   -31397.7978469936      601.6953224263   83.9972425925    -.31398311E+05 -.31482134E+05 
       667   -31481.7472340539   -31397.7978467825      601.3525216153   83.9493872713    -.31398311E+05 -.31482171E+05 
       668   -31481.7353019118   -31397.7977295642      601.2678880712   83.9375723476    -.31398312E+05 -.31482235E+05 
       669   -31481.7567441126   -31397.7983863005      601.4167800630   83.9583578121    -.31398312E+05 -.31482317E+05 
       670   -31481.8061317537   -31397.7986667375      601.7685484558   84.0074650162    -.31398313E+05 -.31482410E+05 
       671   -31481.8788129332   -31397.7986984765      602.2889563541   84.0801144566    -.31398313E+05 -.31482507E+05 
       672   -31481.9707971921   -31397.7994003256      602.9428373308   84.1713968665    -.31398313E+05 -.31482603E+05 
       673   -31482.0762738178   -31397.7996295427      603.6967534294   84.2766442751    -.31398314E+05 -.31482693E+05 
       674   -31482.1916493142   -31397.7998751750      604.5214602720   84.3917741392    -.31398313E+05 -.31482777E+05 
       675   -31482.3137202087   -31397.8001394344      605.3939946591   84.5135807743    -.31398313E+05 -.31482855E+05 
       676   -31482.4402821807   -31397.8003304935      606.2992242220   84.6399516872    -.31398313E+05 -.31482930E+05 
       677   -31482.5700198821   -31397.8000253618      607.2307567569   84.7699945202    -.31398313E+05 -.31483007E+05 
       678   -31482.7040538917   -31397.7999867069      608.1911560828   84.9040671848    -.31398312E+05 -.31483092E+05 
       679   -31482.8432427799   -31397.7995311278      609.1914677616   85.0437116521    -.31398312E+05 -.31483192E+05 
       680   -31482.9908539295   -31397.7993562300      610.2500998155   85.1914976995    -.31398311E+05 -.31483315E+05 
       681   -31483.1500123141   -31397.7992232126      611.3911478848   85.3507891015    -.31398311E+05 -.31483468E+05 
       682   -31483.3242003994   -31397.7987481613      612.6423079113   85.5254522381    -.31398311E+05 -.31483656E+05 
       683   -31483.5184203723   -31397.7988910047      614.0325357031   85.7195293677    -.31398310E+05 -.31483886E+05 
       684   -31483.7354583243   -31397.7985589558      615.5896167300   85.9368993685    -.31398310E+05 -.31484160E+05 
       685   -31483.9790578964   -31397.7981072228      617.3378232688   86.1809506737    -.31398310E+05 -.31484479E+05 
       686   -31484.2525145167   -31397.7982248246      619.2958257427   86.4542896921    -.31398311E+05 -.31484841E+05 
       687   -31484.5565368841   -31397.7980328675      621.4749965161   86.7585040166    -.31398311E+05 -.31485244E+05 
       688   -31484.8924034415   -31397.7984048523      623.8782362986   87.0939985892    -.31398311E+05 -.31485682E+05 
       689   -31485.2582589679   -31397.7983400336      626.4994242475   87.4599189343    -.31398312E+05 -.31486147E+05 
       690   -31485.6531379451   -31397.7989723407      629.3235214435   87.8541656044    -.31398312E+05 -.31486632E+05 
       691   -31486.0725338833   -31397.7990400644      632.3272846318   88.2734938189    -.31398313E+05 -.31487128E+05 
       692   -31486.5129021391   -31397.7992144578      635.4805141879   88.7136876813    -.31398313E+05 -.31487625E+05 
       693   -31486.9691510691   -31397.7993549120      638.7477444913   89.1697961571    -.31398314E+05 -.31488116E+05 
       694   -31487.4359556610   -31397.7995396069      642.0902709924   89.6364160541    -.31398314E+05 -.31488594E+05 
       695   -31487.9081690800   -31397.8001630985      645.4683991859   90.1080059814    -.31398314E+05 -.31489053E+05 
       696   -31488.3794875562   -31397.8002800357      648.8437452476   90.5792075205    -.31398314E+05 -.31489491E+05 
       697   -31488.8455891412   -31397.8004385619      652.1814233702   91.0451505792    -.31398314E+05 -.31489906E+05 
       698   -31489.3025689368   -31397.8008479455      655.4519626497   91.5017209913    -.31398314E+05 -.31490298E+05 
       699   -31489.7463283044   -31397.8005565893      658.6328199635   91.9457717151    -.31398314E+05 -.31490671E+05 
       700   -31490.1761029968   -31397.8008405382      661.7093801387   92.3752624586    -.31398313E+05 -.31491029E+05 
       701   -31490.5901078533   -31397.8007878164      664.6753883128   92.7893200369    -.31398313E+05 -.31491377E+05 
       702   -31490.9889269104   -31397.8007105883      667.5327919787   93.1882163221    -.31398313E+05 -.31491723E+05 
       703   -31491.3736524416   -31397.8003883336      670.2909950405   93.5732641080    -.31398312E+05 -.31492070E+05 
       704   -31491.7469489649   -31397.8003100673      672.9655812231   93.9466388976    -.31398312E+05 -.31492427E+05 
       705   -31492.1116772142   -31397.8005402923      675.5765806973   94.3111369219    -.31398312E+05 -.31492796E+05 
       706   -31492.4695625884   -31397.7996758717      678.1464040247   94.6698867167    -.31398312E+05 -.31493181E+05 
       707   -31492.8255079544   -31397.7994720905      680.6975981988   95.0260358639    -.31398312E+05 -.31493584E+05 
       708   -31493.1818325719   -31397.7993965533      683.2505904090   95.3824360186    -.31398312E+05 -.31494004E+05 
       709   -31493.5405787669   -31397.7992295073      685.8215845468   95.7413492597    -.31398312E+05 -.31494438E+05 
       710   -31493.9031650358   -31397.7989630627      688.4207982074   96.1042019731    -.31398312E+05 -.31494882E+05 
       711   -31494.2710669791   -31397.7996612948      691.0511792602   96.4714056843    -.31398313E+05 -.31495330E+05 
       712   -31494.6417802890   -31397.7995202859      693.7077106185   96.8422600031    -.31398313E+05 -.31495774E+05 
       713   -31495.0147418292   -31397.7997940130      696.3773757989   97.2149478161    -.31398314E+05 -.31496208E+05 
       714   -31495.3860055872   -31397.7993803851      699.0398030128   97.5866252021    -.31398314E+05 -.31496623E+05 
       715   -31495.7535008516   -31397.7999019867      701.6685361655   97.9535988648    -.31398315E+05 -.31497013E+05 
       716   -31496.1116790551   -31397.8001029239      704.2328256592   98.3115761311    -.31398315E+05 -.31497372E+05 
       717   -31496.4567316358   -31397.8007608119      706.6998194474   98.6559708239    -.31398315E+05 -.31497694E+05 
       718   -31496.7834468130   -31397.8012075173      709.0369701360   98.9822392957    -.31398315E+05 -.31497978E+05 
       719   -31497.0872959765   -31397.8010768908      711.2144608736   99.2862190857    -.31398315E+05 -.31498222E+05 
       720   -31497.3661072191   -31397.8016619393      713.2074715300   99.5644452798    -.31398315E+05 -.31498427E+05 
       721   -31497.6158031512   -31397.8013837647      714.9981047224   99.8144193864    -.31398315E+05 -.31498597E+05 
       722   -31497.8363694125   -31397.8015614751      716.5768084528  100.0348079374    -.31398314E+05 -.31498736E+05 
       723   -31498.0269011123   -31397.8013446452      717.9431925690  100.2255564671    -.31398314E+05 -.31498849E+05 
       724   -31498.1887683841   -31397.8008597480      719.1061657527  100.3879086360    -.31398314E+05 -.31498945E+05 
       725   -31498.3255716963   -31397.8012450442      720.0833654749  100.5243266520    -.31398313E+05 -.31499031E+05 
       726   -31498.4394158008   -31397.8010976810      720.8999176718  100.6383181198    -.31398313E+05 -.31499112E+05 
       727   -31498.5344011462   -31397.8002194188      721.5866150256  100.7341817273    -.31398312E+05 -.31499197E+05 
       728   -31498.6169433110   -31397.8002528652      722.1776476411  100.8166904458    -.31398312E+05 -.31499290E+05 
       729   -31498.6911906226   -31397.8004562995      722.7080442734  100.8907343231    -.31398312E+05 -.31499395E+05 
       730   -31498.7611016382   -31397.8001502334      723.2110285181  100.9609514048    -.31398312E+05 -.31499513E+05 
       731   -31498.8313359242   -31397.7999602670      723.7154967833  101.0313756572    -.31398312E+05 -.31499647E+05 
       732   -31498.9044613236   -31397.7993337323      724.2438021465  101.1051275913    -.31398312E+05 -.31499793E+05 
       733   -31498.9836638724   -31397.7994883661      724.8100440760  101.1841755063    -.31398313E+05 -.31499948E+05 
       734   -31499.0688216999   -31397.7996356599      725.4189978807  101.2691860400    -.31398313E+05 -.31500108E+05 
       735   -31499.1591194503   -31397.7996454668      726.0657552214  101.3594739834    -.31398314E+05 -.31500267E+05 
       736   -31499.2526276835   -31397.7995681342      726.7361343377  101.4530595493    -.31398314E+05 -.31500417E+05 
       737   -31499.3472014022   -31397.8003725385      727.4078296946  101.5468288637    -.31398314E+05 -.31500551E+05 
       738   -31499.4374792576   -31397.8006947254      728.0522068582  101.6367845322    -.31398315E+05 -.31500662E+05 
       739   -31499.5193227794   -31397.8009541955      728.6366158318  101.7183685839    -.31398315E+05 -.31500744E+05 
       740   -31499.5876585501   -31397.8008259364      729.1270424843  101.7868326137    -.31398315E+05 -.31500792E+05 
       741   -31499.6385463045   -31397.8009212229      729.4908828840  101.8376250816    -.31398315E+05 -.31500803E+05 
       742   -31499.6685213296   -31397.8017549655      729.6996298955  101.8667663641    -.31398315E+05 -.31500775E+05 
       743   -31499.6725803923   -31397.8013970769      729.7312697311  101.8711833154    -.31398315E+05 -.31500709E+05 
       744   -31499.6504128415   -31397.8014383398      729.5721818976  101.8489745017    -.31398315E+05 -.31500607E+05 
       745   -31499.6013662844   -31397.8017788395      729.2184088439  101.7995874449    -.31398315E+05 -.31500476E+05 
       746   -31499.5253614948   -31397.8014674780      728.6761960259  101.7238940169    -.31398314E+05 -.31500319E+05 
       747   -31499.4255210154   -31397.8013660672      727.9617376792  101.6241549482    -.31398314E+05 -.31500145E+05 
       748   -31499.3049026989   -31397.8010231028      727.1001722927  101.5038795961    -.31398313E+05 -.31499962E+05 
       749   -31499.1682039792   -31397.8006130937      726.1238988208  101.3675908855    -.31398313E+05 -.31499778E+05 
       750   -31499.0207153402   -31397.8002049238      725.0703210178  101.2205104164    -.31398312E+05 -.31499601E+05 
       751   -31498.8679436564   -31397.7997539111      723.9792062094  101.0681897453    -.31398312E+05 -.31499437E+05 
       752   -31498.7153860353   -31397.7992696664      722.8898628396  100.9161163688    -.31398312E+05 -.31499291E+05 
       753   -31498.5683215653   -31397.7989981038      721.8383449207  100.7693234615    -.31398312E+05 -.31499167E+05 
       754   -31498.4313337229   -31397.7993004761      720.8548973999  100.6320332468    -.31398312E+05 -.31499067E+05 
       755   -31498.3064167621   -31397.7990546369      719.9618439090  100.5073621252    -.31398312E+05 -.31498989E+05 
       756   -31498.1961840142   -31397.7990750933      719.1720699207  100.3971089209    -.31398312E+05 -.31498932E+05 
       757   -31498.1007523529   -31397.7991084505      718.4882277693  100.3016439024    -.31398312E+05 -.31498889E+05 
       758   -31498.0191108516   -31397.7992039320      717.9027233082  100.2199069196    -.31398313E+05 -.31498855E+05 
       759   -31497.9487990161   -31397.7992828417      717.3984950645  100.1495161744    -.31398313E+05 -.31498823E+05 
       760   -31497.8864277418   -31397.7994496383      716.9505176841  100.0869781036    -.31398314E+05 -.31498785E+05 
       761   -31497.8277742265   -31397.7997921046      716.5279132618  100.0279821219    -.31398314E+05 -.31498735E+05 
       762   -31497.7683807405   -31397.8006216679      716.0965190159   99.9677590725    -.31398315E+05 -.31498665E+05 
       763   -31497.7022297641   -31397.8007556371      715.6217017429   99.9014741270    -.31398315E+05 -.31498570E+05 
       764   -31497.6258156227   -31397.8011894788      715.0712185299   99.8246261439    -.31398315E+05 -.31498448E+05 
       765   -31497.5345298034   -31397.8011091069      714.4178888567   99.7334206966    -.31398315E+05 -.31498295E+05 
       766   -31497.4263300401   -31397.8012424558      713.6418690147   99.6250875843    -.31398315E+05 -.31498114E+05 
       767   -31497.2990670501   -31397.8009477133      712.7323605806   99.4981193368    -.31398314E+05 -.31497906E+05 
       768   -31497.1534997536   -31397.8010888978      711.6886107058   99.3524108559    -.31398314E+05 -.31497678E+05 
       769   -31496.9899913332   -31397.8007030484      710.5201189202   99.1892882848    -.31398314E+05 -.31497435E+05 
       770   -31496.8119361777   -31397.8005113610      709.2460340394   99.0114248167    -.31398313E+05 -.31497184E+05 
       771   -31496.6233116429   -31397.8006617623      707.8937873160   98.8226498805    -.31398313E+05 -.31496935E+05 
       772   -31496.4281438856   -31397.8004787357      706.4970581285   98.6276651498    -.31398312E+05 -.31496696E+05 
       773   -31496.2321865701   -31397.8004947108      705.0932476152   98.4316918593    -.31398312E+05 -.31496474E+05 
       774   -31496.0398235154   -31397.7997483549      703.7206445652   98.2400751605    -.31398311E+05 -.31496275E+05 
       775   -31495.8573945177   -31397.7995169736      702.4155129899   98.0578775441    -.31398311E+05 -.31496104E+05 
       776   -31495.6884746615   -31397.7989802459      701.2093383861   97.8894944156    -.31398311E+05 -.31495964E+05 
       777   -31495.5371448413   -31397.7988230899      700.1264470662   97.7383217514    -.31398311E+05 -.31495856E+05 
       778   -31495.4054248006   -31397.7989216162      699.1821944606   97.6065031844    -.31398312E+05 -.31495777E+05 
       779   -31495.2937076564   -31397.7989331513      698.3818512395   97.4947745051    -.31398312E+05 -.31495723E+05 
       780   -31495.2015037042   -31397.7990845187      697.7202847155   97.4024191855    -.31398313E+05 -.31495688E+05 
       781   -31495.1267599745   -31397.7994221701      697.1824561581   97.3273378044    -.31398313E+05 -.31495666E+05 
       782   -31495.0655889178   -31397.7993657148      696.7446754806   97.2662232030    -.31398313E+05 -.31495649E+05 
       783   -31495.0142385702   -31397.7994110149      696.3765143375   97.2148275553    -.31398314E+05 -.31495627E+05 
       784   -31494.9682864539   -31397.7999858936      696.0432286912   97.1683005602    -.31398314E+05 -.31495595E+05 
       785   -31494.9216063029   -31397.8000363025      695.7084848549   97.1215700005    -.31398315E+05 -.31495544E+05 
       786   -31494.8706965279   -31397.8009620473      695.3371727873   97.0697344806    -.31398315E+05 -.31495471E+05 
       787   -31494.8091805491   -31397.8007422419      694.8980914591   97.0084383072    -.31398315E+05 -.31495373E+05 
       788   -31494.7351996014   -31397.8010021442      694.3662838570   96.9341974572    -.31398315E+05 -.31495248E+05 
       789   -31494.6453947525   -31397.8007426180      693.7248461124   96.8446521345    -.31398315E+05 -.31495097E+05 
       790   -31494.5401223441   -31397.8013950058      692.9660777000   96.7387273383    -.31398314E+05 -.31494925E+05 
       791   -31494.4174555139   -31397.8007665446      692.0918833395   96.6166889693    -.31398314E+05 -.31494736E+05 
       792   -31494.2808741206   -31397.8007823727      691.1133999199   96.4800917479    -.31398313E+05 -.31494536E+05 
       793   -31494.1324384725   -31397.8008150038      690.0498808525   96.3316234687    -.31398313E+05 -.31494334E+05 
       794   -31493.9751158783   -31397.8002578645      688.9269268363   96.1748580138    -.31398312E+05 -.31494136E+05 
       795   -31493.8138925944   -31397.7999546574      687.7742121219   96.0139379370    -.31398312E+05 -.31493950E+05 
       796   -31493.6528557029   -31397.7996450794      686.6228782238   95.8532106235    -.31398312E+05 -.31493782E+05 
       797   -31493.4963005303   -31397.7994537747      685.5028008856   95.6968467556    -.31398311E+05 -.31493636E+05 
       798   -31493.3476328550   -31397.7991579582      684.4399725034   95.5484748967    -.31398311E+05 -.31493515E+05 
       799   -31493.2094182960   -31397.7985579187      683.4542018983   95.4108603773    -.31398312E+05 -.31493419E+05 
       800   -31493.0843844464   -31397.7987285560      682.5573277657   95.2856558904    -.31398312E+05 -.31493348E+05 
       801   -31492.9725291981   -31397.7992830511      681.7521058950   95.1732461470    -.31398312E+05 -.31493296E+05 
       802   -31492.8720553918   -31397.7993554376      681.0318658961   95.0726999542    -.31398313E+05 -.31493258E+05 
       803   -31492.7816175793   -31397.7997829485      680.3809726238   94.9818346307    -.31398313E+05 -.31493228E+05 
       804   -31492.6972971623   -31397.7999093869      679.7760566016   94.8973877754    -.31398314E+05 -.31493196E+05 
       805   -31492.6156530802   -31397.8003700688      679.1879176235   94.8152830114    -.31398314E+05 -.31493155E+05 
       806   -31492.5313507008   -31397.8003845411      678.5839328532   94.7309661597    -.31398315E+05 -.31493097E+05 
       807   -31492.4403648867   -31397.8005795399      677.9307796435   94.6397853468    -.31398315E+05 -.31493016E+05 
       808   -31492.3379379400   -31397.8005542047      677.1972487712   94.5373837353    -.31398315E+05 -.31492906E+05 
       809   -31492.2214408429   -31397.8013689479      676.3569118333   94.4200718950    -.31398315E+05 -.31492764E+05 
       810   -31492.0859792454   -31397.8008290944      675.3904303189   94.2851501510    -.31398315E+05 -.31492590E+05 
       811   -31491.9324434674   -31397.8012882457      674.2873223388   94.1311552218    -.31398315E+05 -.31492385E+05 
       812   -31491.7588205028   -31397.8008098370      673.0470403219   93.9580106657    -.31398314E+05 -.31492153E+05 
       813   -31491.5679397172   -31397.8008711916      671.6792693214   93.7670685256    -.31398314E+05 -.31491902E+05 
       814   -31491.3620559021   -31397.8010165084      670.2034260536   93.5610393937    -.31398313E+05 -.31491637E+05 
       815   -31491.1439461730   -31397.8001325986      668.6473778392   93.3438135744    -.31398313E+05 -.31491368E+05 
       816   -31490.9205182248   -31397.8003309402      667.0454812953   93.1201872845    -.31398312E+05 -.31491105E+05 
       817   -31490.6952635689   -31397.7997479902      665.4360961494   92.8955155786    -.31398312E+05 -.31490855E+05 
       818   -31490.4744596221   -31397.7991420787      663.8587571354   92.6753175434    -.31398311E+05 -.31490627E+05 
       819   -31490.2636737421   -31397.7988080362      662.3512328126   92.4648657058    -.31398311E+05 -.31490428E+05 
       820   -31490.0678023002   -31397.7990131216      660.9466827871   92.2687891787    -.31398311E+05 -.31490261E+05 
       821   -31489.8894634560   -31397.7987387112      659.6711583337   92.0907247448    -.31398311E+05 -.31490128E+05 
       822   -31489.7316502432   -31397.7986057353      658.5416514821   91.9330445078    -.31398311E+05 -.31490030E+05 
       823   -31489.5953464099   -31397.7986670416      657.5648305282   91.7966793683    -.31398312E+05 -.31489962E+05 
       824   -31489.4799589090   -31397.7989028414      656.7365890640   91.6810560676    -.31398312E+05 -.31489920E+05 
       825   -31489.3831758146   -31397.7990243508      656.0424347680   91.5841514638    -.31398313E+05 -.31489897E+05 
       826   -31489.3019998548   -31397.7993375290      655.4587056877   91.5026623258    -.31398313E+05 -.31489884E+05 
       827   -31489.2322793137   -31397.8000011476      654.9545246169   91.4322781660    -.31398314E+05 -.31489872E+05 
       828   -31489.1681872643   -31397.8001537007      654.4943228825   91.3680335637    -.31398314E+05 -.31489853E+05 
       829   -31489.1048220259   -31397.8001078055      654.0407490329   91.3047142204    -.31398315E+05 -.31489818E+05 
       830   -31489.0379368291   -31397.8006517437      653.5577356167   91.2372850854    -.31398315E+05 -.31489761E+05 
       831   -31488.9621098381   -31397.8008048203      653.0134695208   91.1613050178    -.31398315E+05 -.31489677E+05 
       832   -31488.8739897503   -31397.8006946311      652.3830304411   91.0732951192    -.31398315E+05 -.31489565E+05 
       833   -31488.7720574282   -31397.8010253716      651.6504920324   90.9710320566    -.31398315E+05 -.31489424E+05 
       834   -31488.6547303021   -31397.8009863911      650.8103248271   90.8537439110    -.31398314E+05 -.31489257E+05 
       835   -31488.5231831104   -31397.8009909930      649.8679831922   90.7221921173    -.31398314E+05 -.31489069E+05 
       836   -31488.3794849964   -31397.8008524428      648.8396266020   90.5786325536    -.31398314E+05 -.31488868E+05 
       837   -31488.2271395510   -31397.8004779723      647.7510167628   90.4266615787    -.31398313E+05 -.31488661E+05 
       838   -31488.0710297977   -31397.8000721620      646.6356666479   90.2709576357    -.31398312E+05 -.31488459E+05 
       839   -31487.9165869879   -31397.7996477414      645.5323906179   90.1169392465    -.31398312E+05 -.31488270E+05 
       840   -31487.7699874341   -31397.7996214603      644.4824460023   89.9703659738    -.31398311E+05 -.31488103E+05 
       841   -31487.6360799075   -31397.7991656838      643.5264944570   89.8369142236    -.31398311E+05 -.31487967E+05 
       842   -31487.5203805797   -31397.7986184357      642.7016284791   89.7217621441    -.31398311E+05 -.31487866E+05 
       843   -31487.4281929499   -31397.7989802451      642.0386714221   89.6292127047    -.31398311E+05 -.31487804E+05 
       844   -31487.3608467574   -31397.7984606013      641.5599744970   89.5623861561    -.31398311E+05 -.31487783E+05 
       845   -31487.3212985399   -31397.7982917429      641.2778893305   89.5230067970    -.31398311E+05 -.31487802E+05 
       846   -31487.3098326548   -31397.7985350150      641.1940134214   89.5112976398    -.31398311E+05 -.31487855E+05 
       847   -31487.3247325085   -31397.7987392494      641.2992821793   89.5259932591    -.31398312E+05 -.31487938E+05 
       848   -31487.3638016395   -31397.7993337335      641.5748866436   89.5644679060    -.31398312E+05 -.31488043E+05 
       849   -31487.4220215161   -31397.7990544942      641.9939318806   89.6229670219    -.31398313E+05 -.31488161E+05 
       850   -31487.4965104427   -31397.7995832858      642.5237286434   89.6969271568    -.31398313E+05 -.31488285E+05 
       851   -31487.5812707994   -31397.7999146710      643.1285165588   89.7813561283    -.31398314E+05 -.31488405E+05 
       852   -31487.6713356716   -31397.8000913602      643.7724103057   89.8712443114    -.31398314E+05 -.31488514E+05 
       853   -31487.7625158437   -31397.8005387719      644.4223539932   89.9619770719    -.31398314E+05 -.31488608E+05 
       854   -31487.8505923894   -31397.8008786475      645.0508358622   90.0497137420    -.31398314E+05 -.31488682E+05 
       855   -31487.9326758351   -31397.8009719309      645.6381539164   90.1317039042    -.31398314E+05 -.31488736E+05 
       856   -31488.0068680889   -31397.8003499083      646.1740691299   90.2065181807    -.31398314E+05 -.31488771E+05 
       857   -31488.0746518995   -31397.8004788399      646.6586996123   90.2741730596    -.31398314E+05 -.31488791E+05 
       858   -31488.1367769685   -31397.8006371361      647.1025846280   90.3361398324    -.31398313E+05 -.31488802E+05 
       859   -31488.1956687412   -31397.8004315727      647.5259150799   90.3952371684    -.31398313E+05 -.31488811E+05 
       860   -31488.2554981936   -31397.8000849576      647.9569727820   90.4554132360    -.31398312E+05 -.31488829E+05 
       861   -31488.3211929849   -31397.7997585207      648.4299009759   90.5214344643    -.31398312E+05 -.31488863E+05 
       862   -31488.3977510957   -31397.7992451832      648.9819849308   90.5985059125    -.31398311E+05 -.31488922E+05 
       863   -31488.4909040055   -31397.7990515893      649.6506515787   90.6918524162    -.31398311E+05 -.31489014E+05 
       864   -31488.6050774171   -31397.7987830166      650.4704309487   90.8062944005    -.31398311E+05 -.31489146E+05 
       865   -31488.7443761589   -31397.7985242671      651.4701195952   90.9458518918    -.31398311E+05 -.31489320E+05 
       866   -31488.9116642645   -31397.7982543648      652.6703836335   91.1134098997    -.31398311E+05 -.31489537E+05 
       867   -31489.1086206346   -31397.7981478762      654.0819990227   91.3104727584    -.31398311E+05 -.31489797E+05 
       868   -31489.3357325494   -31397.7987067131      655.7048609531   91.5370258363    -.31398311E+05 -.31490094E+05 
       869   -31489.5902250881   -31397.7987087288      657.5278464768   91.7915163593    -.31398312E+05 -.31490424E+05 
       870   -31489.8700206749   -31397.7990644636      659.5295508980   92.0709562113    -.31398312E+05 -.31490776E+05 
       871   -31490.1704693668   -31397.7993326348      661.6798264262   92.3711367320    -.31398313E+05 -.31491143E+05 
       872   -31490.4866585195   -31397.7997224509      663.9419838224   92.6869360685    -.31398314E+05 -.31491515E+05 
       873   -31490.8129680435   -31397.8002706159      666.2755019224   93.0126974275    -.31398314E+05 -.31491882E+05 
       874   -31491.1428224293   -31397.8001775389      668.6390062339   93.3426448903    -.31398315E+05 -.31492235E+05 
       875   -31491.4720992263   -31397.8007955739      670.9932792280   93.6713036524    -.31398315E+05 -.31492568E+05 
       876   -31491.7949451837   -31397.8010522713      673.3040747115   93.9938929124    -.31398315E+05 -.31492877E+05 
       877   -31492.1079079844   -31397.8012473623      675.5445157322   94.3066606221    -.31398315E+05 -.31493159E+05 
       878   -31492.4081595701   -31397.8010276213      677.6968743843   94.6071319489    -.31398315E+05 -.31493414E+05 
       879   -31492.6956908571   -31397.8014357325      679.7536165637   94.8942551246    -.31398315E+05 -.31493645E+05 
       880   -31492.9692747630   -31397.8008395736      681.7176436844   95.1684351894    -.31398314E+05 -.31493857E+05 
       881   -31493.2325598951   -31397.8011067856      683.6017132953   95.4314531094    -.31398314E+05 -.31494057E+05 
       882   -31493.4870027049   -31397.8007241213      685.4270981659   95.6862785835    -.31398313E+05 -.31494253E+05 
       883   -31493.7370643751   -31397.8002741212      687.2215820759   95.9367902540    -.31398313E+05 -.31494452E+05 
       884   -31493.9873469174   -31397.7999189758      689.0169686816   96.1874279416    -.31398312E+05 -.31494665E+05 
       885   -31494.2425313923   -31397.7997289537      690.8462863540   96.4428024386    -.31398312E+05 -.31494897E+05 
       886   -31494.5069176841   -31397.7996236309      692.7409124449   96.7072940533    -.31398311E+05 -.31495155E+05 
       887   -31494.7842331686   -31397.7995619305      694.7278414146   96.9846712381    -.31398311E+05 -.31495443E+05 
       888   -31495.0771413193   -31397.7993828943      696.8273054440   97.2777584250    -.31398311E+05 -.31495764E+05 
       889   -31495.3874716969   -31397.7992917170      699.0509403137   97.5881799799    -.31398312E+05 -.31496116E+05 
       890   -31495.7153526521   -31397.7991542450      701.4006264128   97.9161984071    -.31398312E+05 -.31496497E+05 
       891   -31496.0601968526   -31397.7995353037      703.8681105209   98.2606615490    -.31398312E+05 -.31496902E+05 
       892   -31496.4192385294   -31397.8001751122      706.4354415544   98.6190634171    -.31398313E+05 -.31497324E+05 
       893   -31496.7883312122   -31397.8006204133      709.0761640163   98.9877107989    -.31398314E+05 -.31497754E+05 
       894   -31497.1625492631   -31397.8005646455      711.7571901913   99.3619846176    -.31398314E+05 -.31498184E+05 
       895   -31497.5376680385   -31397.8009912441      714.4412131797   99.7366767943    -.31398315E+05 -.31498604E+05 
       896   -31497.9075106351   -31397.8011369816      717.0894533362  100.1063736535    -.31398315E+05 -.31499005E+05 
       897   -31498.2672397942   -31397.8013828440      719.6645309397  100.4658569503    -.31398316E+05 -.31499380E+05 
       898   -31498.6124108687   -31397.8019187716      722.1332471667  100.8104920971    -.31398316E+05 -.31499724E+05 
       899   -31498.9389944115   -31397.8024217819      724.4690515932  101.1365726295    -.31398316E+05 -.31500033E+05 
       900   -31499.2437081307   -31397.8021124100      726.6540157844  101.4415957207    -.31398316E+05 -.31500307E+05 
       901   -31499.5266892082   -31397.8022427845      728.6801530678  101.7244464237    -.31398316E+05 -.31500546E+05 
       902   -31499.7880433092   -31397.8025658578      730.5499900235  101.9854774514    -.31398315E+05 -.31500755E+05 
       903   -31500.0285465830   -31397.8020685405      732.2763434595  102.2264780425    -.31398315E+05 -.31500940E+05 
       904   -31500.2525112301   -31397.8019763765      733.8813239447  102.4505348536    -.31398314E+05 -.31501110E+05 
       905   -31500.4628089830   -31397.8010134121      735.3946424956  102.6617955709    -.31398314E+05 -.31501272E+05 
       906   -31500.6659011818   -31397.8007484740      736.8513455287  102.8651527078    -.31398313E+05 -.31501435E+05 
       907   -31500.8671837438   -31397.8013107468      738.2891600976  103.0658729970    -.31398313E+05 -.31501610E+05 
       908   -31501.0698542439   -31397.8006554106      739.7456389154  103.2691988333    -.31398312E+05 -.31501802E+05 
       909   -31501.2804820636   -31397.8005283239      741.2553342037  103.4799537397    -.31398312E+05 -.31502019E+05 
       910   -31501.5026789607   -31397.8004977521      742.8472106085  103.7021812086    -.31398312E+05 -.31502263E+05 
       911   -31501.7389562556   -31397.8001134578      744.5424825825  103.9388427979    -.31398312E+05 -.31502536E+05 
       912   -31501.9919084601   -31397.8003076326      746.3530577804  104.1916008275    -.31398312E+05 -.31502837E+05 
       913   -31502.2610678391   -31397.8003686370      748.2806833580  104.4606992021    -.31398313E+05 -.31503161E+05 
       914   -31502.5457261481   -31397.8007749302      750.3168586305  104.7449512179    -.31398313E+05 -.31503505E+05 
       915   -31502.8428246634   -31397.8009872022      752.4435363450  105.0418374613    -.31398314E+05 -.31503858E+05 
       916   -31503.1489102878   -31397.8012068740      754.6345381835  105.3477034138    -.31398314E+05 -.31504214E+05 
       917   -31503.4594688017   -31397.8014261903      756.8575831048  105.6580426114    -.31398315E+05 -.31504563E+05 
       918   -31503.7697609637   -31397.8019187623      759.0767626691  105.9678422014    -.31398315E+05 -.31504896E+05 
       919   -31504.0737714607   -31397.8018051775      761.2552870090  106.2719662833    -.31398316E+05 -.31505207E+05 
       920   -31504.3678389550   -31397.8022898032      763.3583017424  106.5655491518    -.31398316E+05 -.31505489E+05 
       921   -31504.6468516655   -31397.8024868539      765.3555349032  106.8443648116    -.31398316E+05 -.31505738E+05 
       922   -31504.9078439138   -31397.8026964382      767.2235927617  107.1051474756    -.31398316E+05 -.31505953E+05 
       923   -31505.1486097910   -31397.8027704404      768.9477347789  107.3458393505    -.31398316E+05 -.31506134E+05 
       924   -31505.3680880821   -31397.8023415533      770.5229903051  107.5657465289    -.31398315E+05 -.31506286E+05 
       925   -31505.5680052258   -31397.8024133757      771.9545372378  107.7655918501    -.31398315E+05 -.31506415E+05 
       926   -31505.7500600824   -31397.8025993199      773.2573142156  107.9474607624    -.31398314E+05 -.31506526E+05 
       927   -31505.9166314540   -31397.8019877068      774.4548918598  108.1146437472    -.31398314E+05 -.31506629E+05 
       928   -31506.0732658977   -31397.8018752059      775.5777132826  108.2713906919    -.31398313E+05 -.31506732E+05 
       929   -31506.2241702928   -31397.8015777500      776.6608136756  108.4225925429    -.31398313E+05 -.31506845E+05 
       930   -31506.3742353040   -31397.8008204172      777.7411955556  108.5734148868    -.31398312E+05 -.31506975E+05 
       931   -31506.5294326464   -31397.8005189564      778.8550761979  108.7289136900    -.31398312E+05 -.31507129E+05 
       932   -31506.6938688111   -31397.8002083465      780.0352026001  108.8936604647    -.31398312E+05 -.31507312E+05 
       933   -31506.8718210666   -31397.8004151491      781.3084421050  109.0714059175    -.31398312E+05 -.31507525E+05 
       934   -31507.0651368579   -31397.8003295042      782.6938297190  109.2648073537    -.31398312E+05 -.31507770E+05 
       935   -31507.2753788356   -31397.8001364795      784.2012334470  109.4752423561    -.31398312E+05 -.31508042E+05 
       936   -31507.5032913468   -31397.8005712406      785.8307190585  109.7027201062    -.31398313E+05 -.31508339E+05 
       937   -31507.7466023155   -31397.8007044876      787.5726678786  109.9458978279    -.31398313E+05 -.31508653E+05 
       938   -31508.0025657473   -31397.8003644589      789.4086399715  110.2022012883    -.31398314E+05 -.31508977E+05 
       939   -31508.2693706203   -31397.8013315846      791.3129087811  110.4680390358    -.31398314E+05 -.31509302E+05 
       940   -31508.5406919325   -31397.8015985952      793.2545452009  110.7390933373    -.31398315E+05 -.31509619E+05 
       941   -31508.8121093276   -31397.8014442568      795.1998881279  111.0106650709    -.31398315E+05 -.31509921E+05 
       942   -31509.0797629127   -31397.8017172628      797.1152086639  111.2780456499    -.31398315E+05 -.31510201E+05 
       943   -31509.3392966377   -31397.8024077281      798.9693740362  111.5368889096    -.31398316E+05 -.31510453E+05 
       944   -31509.5858770543   -31397.8023235043      800.7363006136  111.7835535500    -.31398316E+05 -.31510674E+05 
       945   -31509.8177018668   -31397.8023123834      802.3970050890  112.0153894834    -.31398316E+05 -.31510865E+05 
       946   -31510.0332884156   -31397.8023401284      803.9411120142  112.2309482873    -.31398315E+05 -.31511026E+05 
       947   -31510.2325049550   -31397.8024058408      805.3676840935  112.4300991142    -.31398315E+05 -.31511163E+05 
       948   -31510.4164190069   -31397.8023772621      806.6853156847  112.6140417448    -.31398315E+05 -.31511280E+05 
       949   -31510.5875707797   -31397.8023550851      807.9114817081  112.7852156946    -.31398314E+05 -.31511385E+05 
       950   -31510.7492560320   -31397.8021437428      809.0711914876  112.9471122892    -.31398313E+05 -.31511487E+05 
       951   -31510.9057437887   -31397.8017418830      810.1950349076  113.1040019057    -.31398313E+05 -.31511594E+05 
       952   -31511.0617711551   -31397.8011731243      811.3167759684  113.2605980308    -.31398313E+05 -.31511715E+05 
       953   -31511.2228097516   -31397.8011243615      812.4706889733  113.4216853901    -.31398312E+05 -.31511857E+05 
       954   -31511.3925469080   -31397.8008097526      813.6888164804  113.5917371554    -.31398312E+05 -.31512026E+05 
       955   -31511.5754714040   -31397.8009158570      814.9983948390  113.7745555470    -.31398312E+05 -.31512226E+05 
       956   -31511.7735839657   -31397.8006230424      816.4196270514  113.9729609234    -.31398312E+05 -.31512458E+05 
       957   -31511.9889065770   -31397.8003524973      817.9639800523  114.1885540796    -.31398312E+05 -.31512721E+05 
       958   -31512.2218470732   -31397.8002736995      819.6331612649  114.4215733737    -.31398312E+05 -.31513011E+05 
       959   -31512.4712544204   -31397.8003985439      821.4188403095  114.6708558765    -.31398313E+05 -.31513324E+05 
       960   -31512.7348598678   -31397.8009537991      823.3031410956  114.9339060687    -.31398313E+05 -.31513651E+05 
       961   -31513.0087835107   -31397.8017156467      825.2598740716  115.2070678640    -.31398314E+05 -.31513986E+05 
       962   -31513.2871974307   -31397.8014105286      827.2564151046  115.4857869021    -.31398315E+05 -.31514317E+05 
       963   -31513.5666988189   -31397.8017566821      829.2560807340  115.7649421368    -.31398315E+05 -.31514638E+05 
       964   -31513.8416711202   -31397.8024504309      831.2208133488  116.0392206893    -.31398316E+05 -.31514940E+05 
       965   -31514.1062460749   -31397.8027383143      833.1139742389  116.3035077606    -.31398316E+05 -.31515215E+05 
       966   -31514.3565611827   -31397.8033009259      834.9030199756  116.5532602568    -.31398316E+05 -.31515460E+05 
       967   -31514.5882288859   -31397.8033942991      836.5618505141  116.7848345868    -.31398316E+05 -.31515672E+05 
       968   -31514.7991156047   -31397.8033696752      838.0726663976  116.9957459294    -.31398316E+05 -.31515849E+05 
       969   -31514.9877692863   -31397.8029326239      839.4271752606  117.1848366624    -.31398316E+05 -.31515994E+05 
       970   -31515.1553245771   -31397.8029823277      840.6270637936  117.3523422494    -.31398315E+05 -.31516111E+05 
       971   -31515.3030703308   -31397.8032192421      841.6837101299  117.4998510888    -.31398315E+05 -.31516205E+05 
       972   -31515.4331133945   -31397.8029535477      842.6171475588  117.6301598468    -.31398314E+05 -.31516284E+05 
       973   -31515.5492241676   -31397.8021873903      843.4543691180  117.7470367773    -.31398314E+05 -.31516355E+05 
       974   -31515.6570975187   -31397.8021838888      844.2271206462  117.8549136299    -.31398313E+05 -.31516427E+05 
       975   -31515.7607058834   -31397.8021784193      844.9693350027  117.9585274640    -.31398313E+05 -.31516507E+05 
       976   -31515.8644653389   -31397.8019272970      845.7143913430  118.0625380419    -.31398313E+05 -.31516601E+05 
       977   -31515.9725594642   -31397.8014056122      846.4924362273  118.1711538520    -.31398312E+05 -.31516714E+05 
       978   -31516.0892500163   -31397.8014570371      847.3279543357  118.2877929792    -.31398312E+05 -.31516848E+05 
       979   -31516.2160268241   -31397.8012237623      848.2377624466  118.4148030618    -.31398312E+05 -.31517005E+05 
       980   -31516.3544731835   -31397.8012099816      849.2295904648  118.5532632019    -.31398313E+05 -.31517182E+05 
       981   -31516.5040093729   -31397.8011279316      850.3013470127  118.7028814412    -.31398313E+05 -.31517375E+05 
       982   -31516.6639515592   -31397.8019546739      851.4411346465  118.8619968852    -.31398314E+05 -.31517579E+05 
       983   -31516.8296307157   -31397.8019448408      852.6280103939  119.0276858749    -.31398314E+05 -.31517786E+05 
       984   -31516.9979797757   -31397.8020158030      853.8334326336  119.1959639727    -.31398315E+05 -.31517989E+05 
       985   -31517.1641898390   -31397.8021204349      855.0232914672  119.3620694041    -.31398315E+05 -.31518178E+05 
       986   -31517.3231430161   -31397.8023347802      856.1603813242  119.5208082359    -.31398316E+05 -.31518346E+05 
       987   -31517.4702143961   -31397.8032807266      857.2071179451  119.6669336695    -.31398316E+05 -.31518487E+05 
       988   -31517.5988893603   -31397.8033580303      858.1282983125  119.7955313300    -.31398316E+05 -.31518593E+05 
       989   -31517.7054825156   -31397.8031004776      858.8936992864  119.9023820381    -.31398316E+05 -.31518663E+05 
       990   -31517.7876158617   -31397.8033408329      859.4803212747  119.9842750288    -.31398316E+05 -.31518695E+05 
       991   -31517.8426512333   -31397.8034038516      859.8741033395  120.0392473818    -.31398316E+05 -.31518689E+05 
       992   -31517.8704766545   -31397.8037457130      860.0709756272  120.0667309415    -.31398316E+05 -.31518649E+05 
       993   -31517.8716629325   -31397.8040668372      860.0771729620  120.0675960953    -.31398315E+05 -.31518580E+05 
       994   -31517.8476875075   -31397.8035985098      859.9087851644  120.0440889977    -.31398315E+05 -.31518490E+05 
       995   -31517.8031315673   -31397.8034649645      859.5905753475  119.9996666029    -.31398314E+05 -.31518386E+05 
       996   -31517.7416175685   -31397.8028756271      859.1541552621  119.9387419415    -.31398314E+05 -.31518276E+05 
       997   -31517.6689752735   -31397.8026164582      858.6356550463  119.8663588153    -.31398313E+05 -.31518170E+05 
       998   -31517.5901828648   -31397.8023624573      858.0730628571  119.7878204075    -.31398313E+05 -.31518074E+05 
       999   -31517.5107308252   -31397.8024300600      857.5034418149  119.7083007652    -.31398313E+05 -.31517994E+05 
