Analytic	Finite_differences	Diff	Abs_diff	Norm_diff
-3.9074997822762594	-3.907506687937712	6.905661452449863e-06	6.905661452449863e-06	1.7672838994829237e-06
4.200318917782302	4.20032368720058	-4.769418278094406e-06	4.769418278094406e-06	1.1354895595910082e-06
-0.4149945372211882	-0.4149957821937278	1.2449725396157518e-06	1.2449725396157518e-06	2.999973320015519e-06
9.2653678670708	9.265357698950538	1.0168120262221692e-05	1.0168120262221692e-05	1.0974329792516151e-06
-5.262523572218276	-5.262516324364697	-7.247853579528396e-06	7.247853579528396e-06	1.3772581690257887e-06
0.04100607680526745	0.04100623436897877	-1.5756371131436797e-07	1.5756371131436797e-07	3.8424478416361955e-06
-6.06363453231965	-6.063602346330299	-3.2185989351063427e-05	3.2185989351063427e-05	5.308035828925633e-06
4.2017836573728955	4.201747704428271	3.595294462410692e-05	3.595294462410692e-05	8.556591094598616e-06
0.044972817247664734	0.044973452986596385	-6.357389316508089e-07	6.357389316508089e-07	1.413607086586999e-05
-3.6868468213428027	-3.6868568749923725	1.0053649569741197e-05	1.0053649569741197e-05	2.7268964665256998e-06
-0.11489826243940601	-0.11489804865050246	-2.1378890355250313e-07	2.1378890355250313e-07	1.860680040007125e-06
-1.1844279481852535	-1.1844356135952694	7.665410015844643e-06	7.665410015844643e-06	6.471824670795183e-06
2.065857803199013	2.0658578387156012	-3.551658833700344e-08	3.551658833700344e-08	1.7192174738263907e-08
2.0491066645737095	2.049106925369415	-2.607957054756582e-07	2.607957054756582e-07	1.272728794378859e-07
-2.5783768975735937	-2.5783774485717004	5.509981066964542e-07	5.509981066964542e-07	2.136995980746555e-07
-0.03151122518797132	-0.03151165901726927	4.3382929794388847e-07	4.3382929794388847e-07	1.3767452561936331e-05
-0.47803839894960737	-0.47803878578633885	3.8683673148076636e-07	3.8683673148076636e-07	8.092168585845024e-07
7.842543402348592	7.842558268293942	-1.486594535027308e-05	1.486594535027308e-05	1.8955515561216025e-06
-0.09699557223935482	-0.09699655674921814	9.845098633276539e-07	9.845098633276539e-07	1.0150049539356195e-05
-6.44292695260682	-6.442939094540634	1.2141933813936134e-05	1.2141933813936134e-05	1.8845369353479145e-06
-1.2588384968058246	-1.2588366821546515	-1.8146511731043091e-06	1.8146511731043091e-06	1.4415281846788154e-06
1.7822123436769017	1.7822160930336395	-3.7493567377477888e-06	3.7493567377477888e-06	2.103765441334813e-06
0.6347703774475263	0.6347702674247557	1.1002277056082477e-07	1.1002277056082477e-07	1.7332688239680793e-07
-0.7646196858138489	-0.7646197332178417	4.740399284219876e-08	4.740399284219876e-08	6.199682498593103e-08
-2.4741450811711543	-2.474151242950029	6.1617788746914925e-06	6.1617788746914925e-06	2.490467887911719e-06
-1.6391768702106493	-1.639182461076416	5.590865766791353e-06	5.590865766791353e-06	3.4107763892940215e-06
3.377257592095826	3.3772655638131255	-7.971717299604109e-06	7.971717299604109e-06	2.3604113936293197e-06
-0.39184413110782124	-0.3918442639587738	1.3285095257220547e-07	1.3285095257220547e-07	3.3904030206247935e-07
1.3887392736920072	1.3887395944038872	-3.207118799419817e-07	3.207118799419817e-07	2.309374308176358e-07
-0.2753796547769686	-0.27537942196431686	-2.3281265171259946e-07	2.3281265171259946e-07	8.454242994136791e-07
0.22875849903796103	0.22875875356476172	-2.5452680069149025e-07	2.5452680069149025e-07	1.1126441280297661e-06
-0.4140306766839068	-0.41402979150007013	-8.851838366741305e-07	8.851838366741305e-07	2.137966789716713e-06
-6.4187259327057715	-6.418738238608057	1.2305902285625336e-05	1.2305902285625336e-05	1.9171876809574054e-06
0.7761688543262452	0.7761681067677273	7.475585178662314e-07	7.475585178662314e-07	9.631390305079312e-07
-3.3160260001169197	-3.3160323237098055	6.323592885770779e-06	6.323592885770779e-06	1.906979283500134e-06
0.5768515191948699	0.5768519440607633	-4.2486589346690806e-07	4.2486589346690806e-07	7.365255691098933e-07
5.896492493976184	5.89650328265634	-1.0788680156359476e-05	1.0788680156359476e-05	1.829677586697705e-06
0.09091108064753134	0.09091000401895144	1.076628579899097e-06	1.076628579899097e-06	1.1842655177241396e-05
0.48734866838916324	0.4873498146480415	-1.1462588782595873e-06	1.1462588782595873e-06	2.3520303893479884e-06
3.4998267206101477	3.499831586395885	-4.86578573744012e-06	4.86578573744012e-06	1.3902933276056126e-06
-3.574213994827251	-3.5742179666158336	3.971788582468605e-06	3.971788582468605e-06	1.1112341309772553e-06
4.63864464629541	4.638651350887812	-6.704592402151377e-06	6.704592402151377e-06	1.4453774568625143e-06
1.8812661373016955	1.8812665634868608	-4.261851653808435e-07	4.261851653808435e-07	2.2654166623767646e-07
-1.1677967802612408	-1.167796935988008	1.5572676725916779e-07	1.5572676725916779e-07	1.333509133535469e-07
-0.7048578080270158	-0.7048576389934169	-1.6903359889575142e-07	1.6903359889575142e-07	2.3981233799324347e-07
-0.6185943352994175	-0.6185937963891774	-5.38910240099888e-07	5.38910240099888e-07	8.711852167851486e-07
-0.6805295952313687	-0.6805303773944615	7.821630928495082e-07	7.821630928495082e-07	1.1493447137792528e-06
-4.287434221624743	-4.28744240434753	8.182722787353214e-06	8.182722787353214e-06	1.908536053120445e-06
-6.2395388941708	-6.239550957616302	1.2063445502086267e-05	1.2063445502086267e-05	1.9333873394645187e-06
0.26850453334334545	0.2685051117623516	-5.784190061364214e-07	5.784190061364214e-07	2.154224358650877e-06
0.8009482838683856	0.800948124833667	1.5903471861644647e-07	1.5903471861644647e-07	1.9855803654181944e-07
-2.059348586158309	-2.0593485655808763	-2.0577432646717853e-08	2.0577432646717853e-08	9.992204712221556e-09
-2.197621570327537	-2.1976297693981905	8.199070653525098e-06	8.199070653525098e-06	3.730883771905777e-06
1.3212746391259416	1.3212755234235374	-8.842975958156529e-07	8.842975958156529e-07	6.692761441335462e-07
-1.5275077917509576	-1.5275080563696974	2.6461873980920814e-07	2.6461873980920814e-07	1.7323560720163654e-07
1.209293442529748	1.209293826832436	-3.843026881167333e-07	3.843026881167333e-07	3.177910956936986e-07
-1.5573237255668273	-1.5573239334116806	2.0784485332825398e-07	2.0784485332825398e-07	1.334628439264313e-07
-0.3587188007748749	-0.35871979844159796	9.976667230682246e-07	9.976667230682246e-07	2.781194408860497e-06
0.33318497182844053	0.3331860771140782	-1.105285637681419e-06	1.105285637681419e-06	3.3173334067736374e-06
-5.072735790973276	-5.072745094821585	9.3038483086616e-06	9.3038483086616e-06	1.8340888806425546e-06
-0.02574161612708661	-0.02574014706624439	-1.4690608422206208e-06	1.4690608422206208e-06	5.706948759424634e-05
0.5212706421147763	0.5212708542785549	-2.1216377865673763e-07	2.1216377865673763e-07	4.0701271377186485e-07
1.0973962218989157	1.0973967609970714	-5.390981556718799e-07	5.390981556718799e-07	4.912520609365992e-07
1.772149418585339	1.7721527319736197	-3.313388280634655e-06	3.313388280634655e-06	1.8697002893128768e-06
0.5931348757717085	0.5931338287155086	1.0470561999653683e-06	1.0470561999653683e-06	1.765291913754148e-06
-0.2089849771814636	-0.2089847744173312	-2.0276413240094548e-07	2.0276413240094548e-07	9.702330528039989e-07
-2.9519096404008702	-2.9519157656068273	6.125205957108193e-06	6.125205957108193e-06	2.0749977822073133e-06
5.350346092757959	5.350352360437682	-6.267679723670483e-06	6.267679723670483e-06	1.1714531387332484e-06
-0.41194587908971436	-0.41194346249540104	-2.4165943133258594e-06	2.4165943133258594e-06	5.866290782337378e-06
-0.3430572959060121	-0.3430572619436134	-3.396239867115014e-08	3.396239867115014e-08	9.89992023969514e-08
-1.1610094327674831	-1.1610097076300008	2.748625176351993e-07	2.748625176351993e-07	2.367444310766822e-07
-0.10876513515004119	-0.10876496980927186	-1.6534076932583908e-07	1.6534076932583908e-07	1.5201633234561053e-06
0.44318189288174614	0.4431836323419702	-1.7394602240816681e-06	1.7394602240816681e-06	3.924935228673268e-06
0.08710317020718623	0.08710385009180754	-6.798846213101895e-07	6.798846213101895e-07	7.805509485969287e-06
-2.768905070925894	-2.7689097119036887	4.640977794512224e-06	4.640977794512224e-06	1.6761057803113227e-06
-0.01671485105105219	-0.016713677723600995	-1.1733274511947778e-06	1.1733274511947778e-06	7.019670397367481e-05
-0.40808777712449795	-0.4080884568793408	6.797548428583156e-07	6.797548428583156e-07	1.6657074310043313e-06
0.39579308058077256	0.39579201711603673	1.0634647358287452e-06	1.0634647358287452e-06	2.6869209897966263e-06
4.645586597735335	4.645598327442713	-1.172970737783885e-05	1.172970737783885e-05	2.524914159076689e-06
-1.4682796302391923	-1.4682826222269796	2.99198778730414e-06	2.99198778730414e-06	2.0377506611712144e-06
3.1605694366167474	3.1605725193912804	-3.082774532980892e-06	3.082774532980892e-06	9.753857951245863e-07
-0.11469721799412136	-0.11469739956737612	1.8157325476497732e-07	1.8157325476497732e-07	1.5830659011649576e-06
1.1096496408642107	1.1096496332356764	7.628534248738106e-09	7.628534248738106e-09	6.874723307076364e-09
-0.22480444164043265	-0.2248045689157152	1.2727528256317733e-07	1.2727528256317733e-07	5.661599994841293e-07
0.1292301989453862	0.12922831547257374	1.8834728124639266e-06	1.8834728124639266e-06	1.4574556317598013e-05
0.10968996716321705	0.10969020559059572	-2.3842737867374453e-07	2.3842737867374453e-07	2.1736480084725354e-06
-0.5194521749048396	-0.5194530049266177	8.300217780865538e-07	8.300217780865538e-07	1.5978791083868472e-06
-0.5426845521088813	-0.5426829920907039	-1.5600181774155786e-06	1.5600181774155786e-06	2.8746316278090495e-06
9.406693380427932	9.406710801158624	-1.7420730692663255e-05	1.7420730692663255e-05	1.8519505195002697e-06
-0.9230586039611293	-0.9230579116774607	-6.922836686129585e-07	6.922836686129585e-07	7.499888583911745e-07
-0.9063923257858214	-0.9063945312846045	2.2054987830477657e-06	2.2054987830477657e-06	2.433271686336983e-06
-0.40773904111326853	-0.4077383055118844	-7.3560138413864e-07	7.3560138413864e-07	1.8040984795819255e-06
-1.2383945068079842	-1.2383930106807384	-1.4961272458702268e-06	1.4961272458702268e-06	1.2081184450071246e-06
0.7575241533650139	0.7575191884825472	4.96488246670701e-06	4.96488246670701e-06	6.554091304749032e-06
0.08515141994095154	0.08514771297996049	3.706960991056718e-06	3.706960991056718e-06	4.3533754265370077e-05
0.18008789670272435	0.18008388997259317	4.006730131178582e-06	4.006730131178582e-06	2.2248747442436917e-05
1.0398616798360416	1.0398618628641998	-1.8302815818493912e-07	1.8302815818493912e-07	1.7601202326620764e-07
-1.426239051080958	-1.4262391787269735	1.2764601553527655e-07	1.2764601553527655e-07	8.949833160053542e-08
-0.22757017795535942	-0.22757018405172857	6.0963691594917435e-09	6.0963691594917435e-09	2.678896336183214e-08
-1.0453972751574199	-1.0453949707880383	-2.3043693815338884e-06	2.3043693815338884e-06	2.2043001606129956e-06
-1.0519312957950488	-1.0519312554606586	-4.0334390272178666e-08	4.0334390272178666e-08	3.834317928690767e-08
4.100550830719425	4.100558869140514	-8.03842108876296e-06	8.03842108876296e-06	1.9603271415495785e-06
-1.4682582991134956	-1.4682568612442992	-1.4378691963745638e-06	1.4378691963745638e-06	9.793026181038582e-07
1.2588692831415154	1.2588716244863463	-2.3413448309028695e-06	2.3413448309028695e-06	1.8598792283342002e-06
-0.4022309094897082	-0.4022306293336442	-2.801560640142142e-07	2.801560640142142e-07	6.965055578887144e-07
-0.24824237838482438	-0.2482433155819308	9.371971064209283e-07	9.371971064209283e-07	3.7753308380251217e-06
-0.8762612712610585	-0.8762613865656022	1.1530454369079735e-07	1.1530454369079735e-07	1.3158694498144202e-07
0.44131480244370436	0.4413153487803356	-5.463366312685736e-07	5.463366312685736e-07	1.2379748611270888e-06
-2.1406124814652014	-2.140622762908606	1.0281443404647206e-05	1.0281443404647206e-05	4.803038146171038e-06
-2.386304982063486	-2.3863076708039443	2.6887404582787156e-06	2.6887404582787156e-06	1.1267379813093745e-06
2.2834202079421426	2.2834232777313446	-3.0697892019482254e-06	3.0697892019482254e-06	1.3443820770574558e-06
-0.561652803476115	-0.5616528314931202	2.8017005160307917e-08	2.8017005160307917e-08	4.9883139524824564e-08
-3.472124055285686	-3.4721244687716535	4.134859676874214e-07	4.134859676874214e-07	1.1908732554010079e-07
-0.8882939462940601	-0.8882939728209749	2.6526914775892863e-08	2.6526914775892863e-08	2.9862766583699555e-08
0.40366644567413046	0.40366711937167565	-6.736975451948624e-07	6.736975451948624e-07	1.6689461123521796e-06
0.6726680780552575	0.6726677124788694	3.6557638816159255e-07	3.6557638816159255e-07	5.434721820284768e-07
-7.132962014234024	-7.132975714739587	1.3700505562930232e-05	1.3700505562930232e-05	1.92073160288678e-06
-0.26688633948477686	-0.266885655491933	-6.839928438640008e-07	6.839928438640008e-07	2.5628619478405923e-06
1.3765058144163282	1.3765088961008587	-3.0816845304482143e-06	3.0816845304482143e-06	2.2387733478299348e-06
0.07358297241062049	0.07358295806625392	1.4344366569551958e-08	1.4344366569551958e-08	1.949413852094073e-07
5.022558184867053	5.02256820391267	-1.0019045616260769e-05	1.0019045616260769e-05	1.9948092680037258e-06
0.2583588907962847	0.25835847645794274	4.143383419696889e-07	4.143383419696889e-07	1.6037316954437367e-06
-0.1534644602438288	-0.15346280861194828	-1.6516318805115393e-06	1.6516318805115393e-06	1.0762308601531448e-05
1.8684032647215036	1.8684043407120043	-1.0759905006985093e-06	1.0759905006985093e-06	5.758877224285368e-07
-8.69239483118092	-8.692409518971544	1.4687790624634545e-05	1.4687790624634545e-05	1.6897288848347343e-06
1.1660453858269448	1.1660420441330643	3.341693880498653e-06	3.341693880498653e-06	2.8658351734128817e-06
-0.1975999351594159	-0.19760001305257902	7.789316311401784e-08	7.789316311401784e-08	3.9419629895716654e-07
-0.5484282926377109	-0.5484283260557277	3.341801679823675e-08	3.341801679823675e-08	6.09341590265339e-08
-0.1810701462901398	-0.18107013193002786	-1.4360111932898434e-08	1.4360111932898434e-08	7.930689971326552e-08
0.30645816899987494	0.3064575457756291	6.232242458215076e-07	6.232242458215076e-07	2.0336356112006985e-06
0.49912145747661624	0.49912148188013816	-2.4403521925453475e-08	2.4403521925453475e-08	4.889295292738797e-08
4.289916065960288	4.289924291242642	-8.225282353890861e-06	8.225282353890861e-06	1.9173527470984797e-06
0.8251002468333514	0.8251003728219075	-1.2598855614331939e-07	1.2598855614331939e-07	1.526948472344425e-07
0.017016812325112488	0.017017048776324373	-2.3645121188450857e-07	2.3645121188450857e-07	1.3895153061984865e-05
-0.11264128307478447	-0.11264066961302888	-6.13461755588629e-07	6.13461755588629e-07	5.446153833149622e-06
-1.5795183796025472	-1.5795219501342217	3.570531674546018e-06	3.570531674546018e-06	2.260519232099387e-06
0.14632755273274956	0.1463260473428818	1.5053898677619415e-06	1.5053898677619415e-06	1.0287808684338232e-05
-0.022712596784764026	-0.022712830741511425	2.3395674739884464e-07	2.3395674739884464e-07	1.0300748506035496e-05
-0.6262204515726433	-0.6262198080548842	-6.435177590802255e-07	6.435177590802255e-07	1.0276217543903956e-06
2.7836068896311934	2.7836124681925867	-5.578561393271286e-06	5.578561393271286e-06	2.004076586407071e-06
-5.478874947159306	-5.478885446791537	1.0499632231208977e-05	1.0499632231208977e-05	1.9163847199419728e-06
-2.01688300285279	-2.0168834807918756	4.779390856413102e-07	4.779390856413102e-07	2.3696916725724145e-07
-0.017276529357128034	-0.017276475318794837	-5.403833319705953e-08	5.403833319705953e-08	3.127846576127521e-06
0.025685343879568938	0.02568511808931362	2.2579025531904717e-07	2.2579025531904717e-07	8.7906261398606e-06
0.07125585613951588	0.071254792601394	1.0635381218759843e-06	1.0635381218759843e-06	1.4925624074933893e-05
-0.20196073673238957	-0.2019595558522269	-1.1808801626544962e-06	1.1808801626544962e-06	5.847077911085437e-06
3.806571797304818	3.8065793346504506	-7.537345632524506e-06	7.537345632524506e-06	1.9800876047737238e-06
1.5143535413275222	1.5143511482165195	2.3931110026964575e-06	2.3931110026964575e-06	1.5802855392662094e-06
-1.3908822174629023	-1.3908841206102807	1.9031473783570618e-06	1.9031473783570618e-06	1.3683023296024149e-06
-0.1459683960607046	-0.14596838127545197	-1.4785252633320312e-08	1.4785252633320312e-08	1.0129077959568382e-07
-1.8007676967781676	-1.800770979571098	3.282792930381362e-06	3.282792930381362e-06	1.8229963455334913e-06
0.06020247448239023	0.06020364116920973	-1.1666868195009394e-06	1.1666868195009394e-06	1.9379383148814022e-05
-0.8690139976224202	-0.8690132935953443	-7.040270758595923e-07	7.040270758595923e-07	8.101446901727429e-07
3.5340398934352626	3.534050070811645	-1.0177376382536352e-05	1.0177376382536352e-05	2.879813666348694e-06
-0.3888101808275171	-0.3888099399773637	-2.4085015343233707e-07	2.4085015343233707e-07	6.194543386691367e-07
3.735364345561301	3.7353677321334544	-3.3865721533743454e-06	3.3865721533743454e-06	9.066243182940314e-07
-0.3513759291361578	-0.3513758915687504	-3.7567407407124165e-08	3.7567407407124165e-08	1.0691514213703249e-07
-0.7973249851555266	-0.7973252709234657	2.857679390899648e-07	2.857679390899648e-07	3.584083584615409e-07
-0.9222206121809835	-0.9222208600476733	2.478666898397819e-07	2.478666898397819e-07	2.687715786937309e-07
0.4515706080303078	0.4515704717960034	1.3623430439313466e-07	1.3623430439313466e-07	3.016899283754781e-07
0.37518400189067874	0.3751842650672188	-2.6317654006069446e-07	2.6317654006069446e-07	7.014599202910015e-07
0.5664827848186351	0.5664838054144639	-1.0205958287379246e-06	1.0205958287379246e-06	1.8016360886671573e-06
1.0921867987312253	1.0921861326096405	6.661215847802993e-07	6.661215847802993e-07	6.098971215859057e-07
3.3030137659843546	3.303020124349132	-6.358364777359071e-06	6.358364777359071e-06	1.925019157606862e-06
0.928914473934915	0.9289135691687989	9.047661161387666e-07	9.047661161387666e-07	9.740036801301467e-07
-6.386820947113886	-6.386832642419904	1.1695306017855955e-05	1.1695306017855955e-05	1.8311623442553056e-06
0.2928955309250145	0.29289573831192683	-2.0738691230981487e-07	2.0738691230981487e-07	7.080576192298028e-07
-0.9345755991602247	-0.9345746721010073	-9.270592173926673e-07	9.270592173926673e-07	9.91957438462644e-07
-1.0220904417121215	-1.0220898734587536	-5.682533679163271e-07	5.682533679163271e-07	5.559717073221387e-07
1.2938507534986898	1.2938534414388414	-2.687940151568924e-06	2.687940151568924e-06	2.0774731121812078e-06
6.135521488011821	6.135534784789343	-1.3296777521709657e-05	1.3296777521709657e-05	2.1671796843496016e-06
-1.2604440606578207	-1.260444466424815	4.0576699422700813e-07	4.0576699422700813e-07	3.219238416778607e-07
-1.681580379873937	-1.6815804196994577	3.982552065906475e-08	3.982552065906475e-08	2.3683388041224854e-08
-0.4725708084297975	-0.4725708618025237	5.337272623862077e-08	5.337272623862077e-08	1.1294122549795525e-07
1.0685374365410307	1.068537907940481	-4.7139945036356323e-07	4.7139945036356323e-07	4.4116325197695774e-07
0.3182875147482447	0.31828816872803145	-6.539797867688435e-07	6.539797867688435e-07	2.0546825007764463e-06
-4.184451051282867	-4.184459123734996	8.072452128971008e-06	8.072452128971008e-06	1.9291543932617304e-06
0.5853296095663334	0.5853283100805129	1.2994858205050974e-06	1.2994858205050974e-06	2.2200924048039826e-06
0.01659497101106273	0.016595173292444088	-2.0228138135694462e-07	2.0228138135694462e-07	1.2189318150787819e-05
-0.49867533321434426	-0.4986742196706473	-1.1135436969733625e-06	1.1135436969733625e-06	2.2330033647257446e-06
3.7485203005432375	3.7485276184270333	-7.31788379582099e-06	7.31788379582099e-06	1.9522059930582417e-06
0.12181953619318767	0.12182001182736713	-4.756341794587282e-07	4.756341794587282e-07	3.904416272809011e-06
0.8563590714219236	0.8563585724914446	4.989304789315696e-07	4.989304789315696e-07	5.826183146552425e-07
-1.4077556682300656	-1.4077593227739271	3.6545438615309678e-06	3.6545438615309678e-06	2.596007207788927e-06
0.23801652373797835	0.23801522911526263	1.2946227157251133e-06	1.2946227157251133e-06	5.439213611699938e-06
1.1399084428034936	1.1399134723433235	-5.0295398299482486e-06	5.0295398299482486e-06	4.41223140481229e-06
-0.0024920118375017777	-0.002491909526725067	-1.0231077671087746e-07	1.0231077671087746e-07	4.105549386693252e-05
-2.3690020900280744	-2.369002539126086	4.490980116678145e-07	4.490980116678145e-07	1.8957265321048844e-07
0.3857150997389925	0.3857153574244876	-2.5768549510862826e-07	2.5768549510862826e-07	6.680720959148348e-07
0.2838611958837879	0.28386219582898775	-9.999451998643494e-07	9.999451998643494e-07	3.522655489247374e-06
0.8751093547031035	0.8751091445446946	2.101584088975983e-07	2.101584088975983e-07	2.401510254325853e-07
0.8967794655591214	0.8967814023890242	-1.9368299027933134e-06	1.9368299027933134e-06	2.1597616550973817e-06
-0.7162217824513019	-0.7162210104070255	-7.720442763980984e-07	7.720442763980984e-07	1.0779402348749314e-06
2.4299693677866228	2.4299739689013222	-4.601114699465114e-06	4.601114699465114e-06	1.8934867082938228e-06
-0.9817171316569937	-0.9817165446293075	-5.870276862385282e-07	5.870276862385282e-07	5.979601122450741e-07
1.0276300569486982	1.0276320872435463	-2.030294848021086e-06	2.030294848021086e-06	1.9757059792991663e-06
0.1883319545136995	0.18833140120477765	5.533089218467957e-07	5.533089218467957e-07	2.9379449880160796e-06
1.0458502584071392	1.045849603087845	6.553192941627373e-07	6.553192941627373e-07	6.265899815914449e-07
6.075448118326538	6.075462948956556	-1.4830630018280999e-05	1.4830630018280999e-05	2.441075905749986e-06
-1.608107788351156	-1.6081114704320498	3.682080893741002e-06	3.682080893741002e-06	2.2896978177789665e-06
3.7742472368168607	3.7742544946013368	-7.257784476077944e-06	7.257784476077944e-06	1.922975369837998e-06
-0.9063367369834435	-0.9063369393516041	2.02368160562294e-07	2.02368160562294e-07	2.2328142764667693e-07
0.8641491205439573	0.8641492922834004	-1.7173944311110745e-07	1.7173944311110745e-07	1.987382027340401e-07
1.715297823675435	1.7152980312857835	-2.0761034846827897e-07	2.0761034846827897e-07	1.2103457813723813e-07
0.6349772065481303	0.6349768236759701	3.8287216019838866e-07	3.8287216019838866e-07	6.02969927503008e-07
-0.058647328966749235	-0.058647108289733296	-2.2067701593853073e-07	2.2067701593853073e-07	3.7627803316268003e-06
0.24964865546517184	0.24964900194390793	-3.464787360907273e-07	3.464787360907273e-07	1.3878654200846042e-06
0.252511643227739	0.2525107506698987	8.925578403040646e-07	8.925578403040646e-07	3.5347195436016827e-06
6.1807865988674635	6.1807980710000265	-1.1472132563028481e-05	1.1472132563028481e-05	1.8560958835127195e-06
-1.5254782747294633	-1.5254755189744174	-2.755755045935615e-06	2.755755045935615e-06	1.8064859340093426e-06
-4.647091242283288	-4.647100570764451	9.3284811626404e-06	9.3284811626404e-06	2.0073806767041167e-06
0.05537639417984541	0.05537622291740263	1.712624427829823e-07	1.712624427829823e-07	3.0926976253956663e-06
-1.7105347163174336	-1.7105333113249799	-1.40499245371295e-06	1.40499245371295e-06	8.213761698667667e-07
-2.2719416087940725	-2.2719475987287296	5.989934657169016e-06	5.989934657169016e-06	2.636482660462574e-06
-2.7040172645911738	-2.704020080727787	2.816136613237319e-06	2.816136613237319e-06	1.0414639914154161e-06
-4.042752261907641	-4.042768454382895	1.619247525397327e-05	1.619247525397327e-05	4.005309800094597e-06
0.7710719540706255	0.7710722229603562	-2.688897307034921e-07	2.688897307034921e-07	3.487219698291133e-07
0.3968258098914324	0.39682580609223805	3.799194348008683e-09	3.799194348008683e-09	9.573959791194289e-09
0.5353354529301776	0.5353354295039026	2.3426275030935528e-08	2.3426275030935528e-08	4.3759991800862395e-08
-0.3717884804166505	-0.3717879671967239	-5.132199266122406e-07	5.132199266122406e-07	1.3804083602512179e-06
0.3428472264832223	0.34284615776414284	1.0687190794556045e-06	1.0687190794556045e-06	3.1171874727354803e-06
3.9653419299542905	3.9653491362514615	-7.20629717099186e-06	7.20629717099186e-06	1.8173204980269958e-06
-1.02012911838718	-1.020127653646341	-1.4647408388412941e-06	1.4647408388412941e-06	1.4358386722232217e-06
2.630791040830337	2.6307961538805102	-5.113050173033429e-06	5.113050173033429e-06	1.9435409706350658e-06
-0.6922249231710624	-0.6922248044247681	-1.1874629435304485e-07	1.1874629435304485e-07	1.7154293406407774e-07
0.24842850887200452	0.24842529001034563	3.2188616588824104e-06	3.2188616588824104e-06	1.295689320641068e-05
-4.889310328726702	-4.889321541213576	1.1212486874079275e-05	1.1212486874079275e-05	2.2932655364911733e-06
-3.3686647342642546	-3.3686757706163917	1.1036352137061556e-05	1.1036352137061556e-05	3.2761800320482144e-06
-1.2965893756598281	-1.2965895193701726	1.437103445134369e-07	1.437103445134369e-07	1.1083720660621901e-07
1.207597840926193	1.2075980907866324	-2.49860439449634e-07	2.49860439449634e-07	2.0690699418442003e-07
-0.44037537373383934	-0.44037534007657086	-3.365726847226469e-08	3.365726847226469e-08	7.642858906230976e-08
0.4594218997090488	0.4594215097313281	3.899777206717303e-07	3.899777206717303e-07	8.488444301821542e-07
0.41710135197675896	0.4171025311734411	-1.1791966821328437e-06	1.1791966821328437e-06	2.8271226562664054e-06
-0.7716786723702618	-0.7716806021562661	1.929786004328804e-06	1.929786004328804e-06	2.5007636901527154e-06
-0.10018112730329647	-0.10018155990110245	4.325978059799285e-07	4.325978059799285e-07	4.318156699018238e-06
12.076300098815697	12.076323137534928	-2.303871923103884e-05	2.303871923103884e-05	1.9077630600864423e-06
0.16764581129822276	0.16764580959716113	1.7010616248924748e-09	1.7010616248924748e-09	1.0146758882430294e-08
4.146806942888942	4.146814561863721	-7.618974779077803e-06	7.618974779077803e-06	1.8373111852103532e-06
-0.47225910400187	-0.47225767502823146	-1.4289736385286744e-06	1.4289736385286744e-06	3.0258254979516842e-06
-0.18314946721403733	-0.18315021134185372	7.441278163933251e-07	7.441278163933251e-07	4.062953759639941e-06
-1.7446136722597365	-1.7446193560317624	5.683772025921741e-06	5.683772025921741e-06	3.2578972160408162e-06
-3.742815800204802	-3.742823855191091	8.05498628864143e-06	8.05498628864143e-06	2.152119345066533e-06
6.764808297862267	6.764817446764937	-9.148902670119696e-06	9.148902670119696e-06	1.3524260063675156e-06
-0.04883024734498517	-0.04883024712398765	-2.209975258349317e-10	2.209975258349317e-10	4.52583261095498e-09
-1.0944862036514933	-1.094486507554393	3.039028997342541e-07	3.039028997342541e-07	2.7766718184327425e-07
0.8517635125548495	0.8517635574207816	-4.4865932080639936e-08	4.4865932080639936e-08	5.2674165327962186e-08
-0.11326842041486095	-0.11326739377182093	-1.0266430400113213e-06	1.0266430400113213e-06	9.063806454182923e-06
-0.7049253472822978	-0.704924214460334	-1.1328219637896098e-06	1.1328219637896098e-06	1.6070098318311064e-06
5.0935777340169395	5.09358715316921	-9.419152270595532e-06	9.419152270595532e-06	1.849221266947726e-06
-0.051258725813160766	-0.05125837515151943	-3.50661641335126e-07	3.50661641335126e-07	6.8410136181163725e-06
-5.3602289562421825	-5.360239052151883	1.0095909700247319e-05	1.0095909700247319e-05	1.8834847881805986e-06
0.3982822793812532	0.39828227727412013	2.1071330791322396e-09	2.1071330791322396e-09	5.2905519231379104e-09
2.121522433259741	2.1215265546743467	-4.121414605595675e-06	4.121414605595675e-06	1.9426684068869727e-06
0.6711849619094582	0.6711844916935661	4.70215892112158e-07	4.70215892112158e-07	7.005757262118e-07
-0.942619356763887	-0.9426190827070968	-2.740567901504676e-07	2.740567901504676e-07	2.907396163509031e-07
2.088110058223518	2.0881127202301286	-2.6620066106985973e-06	2.6620066106985973e-06	1.2748401839332779e-06
0.07636682332113284	0.07636675718458719	6.613654565668092e-08	6.613654565668092e-08	8.660376689831366e-07
-3.4017031897434102	-3.401710121124779	6.931381368868728e-06	6.931381368868728e-06	2.0376208570364897e-06
0.3380633069479131	0.33806347573772655	-1.6878981345946897e-07	1.6878981345946897e-07	4.992846309862169e-07
1.1460581252259965	1.146058190443	-6.521700357531302e-08	6.521700357531302e-08	5.690549383125971e-08
-1.3355736682941628	-1.335573746018781	7.772461829702593e-08	7.772461829702593e-08	5.819568035980994e-08
0.05132929850267408	0.05132871228852309	5.862141509854757e-07	5.862141509854757e-07	1.1420653858243085e-05
-0.2655715715288246	-0.2655712460182258	-3.2551059880869815e-07	3.2551059880869815e-07	1.2256982060798924e-06
1.1563178962986376	1.1563198058865964	-1.909587958870418e-06	1.909587958870418e-06	1.651438557669124e-06
0.8944897088418681	0.894490053269692	-3.44427823928406e-07	3.44427823928406e-07	3.8505509959902233e-07
1.1490119920283868	1.149014228303713	-2.236275326250592e-06	2.236275326250592e-06	1.946259344345767e-06
0.917884694101758	0.9178832224279176	1.4716738403475205e-06	1.4716738403475205e-06	1.603331932435915e-06
1.2105131770731201	1.2105154019081965	-2.22483507639204e-06	2.22483507639204e-06	1.8379271853706144e-06
-0.5953459115449253	-0.5953446484454616	-1.2630994636886328e-06	1.2630994636886328e-06	2.1216228064972914e-06
-0.22780245397712967	-0.2278021520396578	-3.0193747185824904e-07	3.0193747185824904e-07	1.3254355543007548e-06
0.2831020899772815	0.28310342622717144	-1.3362498899605058e-06	1.3362498899605058e-06	4.720028347610354e-06
-5.103825369995694	-5.10384011977294	1.4749777245803841e-05	1.4749777245803841e-05	2.889945516653969e-06
-2.2843169643855434	-2.2843206575089425	3.6931233990955548e-06	3.6931233990955548e-06	1.6167298394550797e-06
-1.2111332426217933	-1.2111335240660992	2.814443058607452e-07	2.814443058607452e-07	2.323809602083833e-07
-3.0219583626105746	-3.021958769295452	4.066848773298659e-07	4.066848773298659e-07	1.3457659852683864e-07
-0.42963018128892416	-0.4296303864066431	2.0511771892106623e-07	2.0511771892106623e-07	4.774285603159839e-07
0.2770420514000862	0.27704414333129534	-2.091931209147191e-06	2.091931209147191e-06	7.550951917137515e-06
0.5226003025994372	0.5226000084803673	2.9411906998788595e-07	2.9411906998788595e-07	5.62799272263955e-07
2.1916438318717972	2.191648217376496	-4.385504698944942e-06	4.385504698944942e-06	2.001011585536439e-06
0.4541156876783977	0.4541145813163894	1.1063620083406889e-06	1.1063620083406889e-06	2.4362999085030698e-06
1.6122013870980112	1.6122040219670453	-2.634869034068288e-06	2.634869034068288e-06	1.6343299634613855e-06
-0.4484450770140114	-0.44844399963039905	-1.0773836123245673e-06	1.0773836123245673e-06	2.4024873224127404e-06
-6.573605122591503	-6.573617669346277	1.2546754773801183e-05	1.2546754773801183e-05	1.9086565955539013e-06
0.20677409320588555	0.20677440625149757	-3.130456120159497e-07	3.130456120159497e-07	1.5139498723577974e-06
1.2197988088615161	1.2197991168250155	-3.079634993685687e-07	3.079634993685687e-07	2.524707329858787e-07
2.80506875252859	2.8050664950569626	2.257471627409302e-06	2.257471627409302e-06	8.047829934201562e-07
-2.5564245665533347	-2.556429618380207	5.051826872382037e-06	5.051826872382037e-06	1.976129841058872e-06
4.642078161926304	4.642087422780605	-9.260854301196275e-06	9.260854301196275e-06	1.9949802605980543e-06
-0.316567294012805	-0.31656704368288047	-2.50329924511572e-07	2.50329924511572e-07	7.907636993651223e-07
-0.5756318603875712	-0.5756321179433144	2.5755574317720686e-07	2.5755574317720686e-07	4.474313548311856e-07
-0.15050498247876581	-0.1505045929661719	-3.895125939012978e-07	3.895125939012978e-07	2.588037867492212e-06
-1.6934352435991236	-1.6934317109189578	-3.532680165729829e-06	3.532680165729829e-06	2.0861028959227795e-06
0.04336979424725571	0.043370322146074614	-5.278988189014178e-07	5.278988189014178e-07	1.2172038813276625e-05
-4.962943967432153	-4.962953346421273	9.37898911956836e-06	9.37898911956836e-06	1.8898035482800516e-06
0.7785960299064809	0.7785953034726845	7.264337964496548e-07	7.264337964496548e-07	9.330047528458481e-07
0.6813794579316828	0.6813809236518864	-1.465720203652765e-06	1.465720203652765e-06	2.1511071204023924e-06
0.3083143203663	0.30831346157356165	8.587927383674199e-07	8.587927383674199e-07	2.785445506868157e-06
2.3823643039330222	2.3823692113182915	-4.907385269259379e-06	4.907385269259379e-06	2.059880288316033e-06
-0.04069533476483764	-0.04069547776452964	1.4299969200437523e-07	1.4299969200437523e-07	3.513908727639527e-06
0.48228954989761813	0.4822892815354862	2.683621319055085e-07	2.683621319055085e-07	5.564336443998781e-07
-0.6815891860864532	-0.6815907831878576	1.5971014043492104e-06	1.5971014043492104e-06	2.343202381950105e-06
-2.502440863776653	-2.502448460290907	7.596514254082365e-06	7.596514254082365e-06	3.035641866324785e-06
5.543110092631606	5.543120891161379	-1.0798529773481391e-05	1.0798529773481391e-05	1.9480994591530405e-06
-0.1409718192987939	-0.14097203165874816	2.123599542602772e-07	2.123599542602772e-07	1.5064000402106895e-06
0.28390348351829714	0.28390368106556707	-1.9754726993115312e-07	1.9754726993115312e-07	6.958254526609974e-07
-1.7749193220644606	-1.774919062427216	-2.5963724459288073e-07	2.5963724459288073e-07	1.4628115281932312e-07
-0.4350922559021296	-0.43509160559551674	-6.503066128371593e-07	6.503066128371593e-07	1.494640743464394e-06
0.17641089867037707	0.17641003614699002	8.625233870462878e-07	8.625233870462878e-07	4.8892862830312354e-06
-5.703119132497939	-5.703129941139196	1.0808641256687679e-05	1.0808641256687679e-05	1.8952157592320093e-06
1.1067196197509532	1.106718322262168	1.2974887853012262e-06	1.2974887853012262e-06	1.1723735281689523e-06
0.1634958385337071	0.16349594079656526	-1.0226285815373437e-07	1.0226285815373437e-07	6.254768260211794e-07
-0.19817056345949774	-0.1981689342755999	-1.6291838978443884e-06	1.6291838978443884e-06	8.221119571965906e-06
-0.8176245166693681	-0.8176253395504318	8.22881063733405e-07	8.22881063733405e-07	1.0064290477558694e-06
0.268439850879432	0.2684402211343695	-3.702549374873243e-07	3.702549374873243e-07	1.3792845446543697e-06
0.17876336188168185	0.17876332867672318	3.320495867153994e-08	3.320495867153994e-08	1.8574812155030578e-07
1.8698084061810691	1.8698121930356137	-3.7868545446073654e-06	3.7868545446073654e-06	2.0252634077850287e-06
3.176434818256382	3.1764400937390747	-5.2754826924683584e-06	5.2754826924683584e-06	1.6608188092347482e-06
-0.17754254246391363	-0.17754215969034703	-3.8277356659288664e-07	3.8277356659288664e-07	2.155954067576154e-06
-1.7301240416304524	-1.7301240654887806	2.3858328201953327e-08	2.3858328201953327e-08	1.3789952412585093e-08
-0.9472025496010321	-0.94720294327999	3.936789578773414e-07	3.936789578773414e-07	4.156227810442039e-07
0.42415173869244993	0.42415181633259635	-7.764014642308581e-08	7.764014642308581e-08	1.8304804469841452e-07
0.19533613669677338	0.1953374094227911	-1.2727260177147759e-06	1.2727260177147759e-06	6.515568697309038e-06
0.45000919905615794	0.4500109571381472	-1.7580819892670796e-06	1.7580819892670796e-06	3.906769001510308e-06
-0.35563225858807346	-0.3556326155376155	3.569495420352453e-07	3.569495420352453e-07	1.0037040606282504e-06
0.5738263182470049	0.5738257186749252	5.995720797624671e-07	5.995720797624671e-07	1.0448668189254782e-06
-6.190422694078304	-6.190433985921118	1.1291842813676567e-05	1.1291842813676567e-05	1.824082679277819e-06
0.7238884100510223	0.7238881080411375	3.0200988487827374e-07	3.0200988487827374e-07	4.1720502868251054e-07
0.692551060054356	0.6925525508449937	-1.490790637714845e-06	1.490790637714845e-06	2.152607545785632e-06
0.12195078830503922	0.12195083354527014	-4.52402309225608e-08	4.52402309225608e-08	3.70971205281593e-07
-0.4877426153382419	-0.48774243168736575	-1.8365087617322473e-07	1.8365087617322473e-07	3.76532356201571e-07
3.6973939996558958	3.6974048221054545	-1.0822449558745006e-05	1.0822449558745006e-05	2.927047958576288e-06
-0.31808723630574653	-0.31809007032279624	2.8340170497020978e-06	2.8340170497020978e-06	8.909559159355991e-06
2.417993935502464	2.417997503926017	-3.568423553090838e-06	3.568423553090838e-06	1.4757785371985694e-06
-1.2767832776350612	-1.2767833482030255	7.05679643608903e-08	7.05679643608903e-08	5.527011952380889e-08
0.3321035973215346	0.3321034409964341	1.5632510053098514e-07	1.5632510053098514e-07	4.7071185555281713e-07
-0.17408674973892443	-0.17408676740160445	1.7662680013019738e-08	1.7662680013019738e-08	1.0145907163818166e-07
0.9587402024449846	0.9587385238774004	1.6785675841513026e-06	1.6785675841513026e-06	1.7508054631177563e-06
0.426530489355268	0.4265310012669943	-5.119117262863959e-07	5.119117262863959e-07	1.200176163397341e-06
-4.387604479674165	-4.387613378185051	8.898510886368172e-06	8.898510886368172e-06	2.0281023341076082e-06
0.6046124302478747	0.604612741881283	-3.1163340830087094e-07	3.1163340830087094e-07	5.154267307622335e-07
6.133214872528765	6.1332263439908274	-1.1471462062040416e-05	1.1471462062040416e-05	1.8703832004031281e-06
-0.6519469453458115	-0.6519458702314296	-1.0751143819653919e-06	1.0751143819653919e-06	1.6490826280275308e-06
-4.644400818597416	-4.644409522825299	8.704227883349347e-06	8.704227883349347e-06	1.8741336554104686e-06
-0.03684734055465325	-0.0368468759006646	-4.6465398865352947e-07	4.6465398865352947e-07	1.2610244909380598e-05
-0.8308919919118289	-0.8308911105814332	-8.813303957744267e-07	8.813303957744267e-07	1.0607039234384029e-06
-0.0828655250155655	-0.08286494858111837	-5.764344471331784e-07	5.764344471331784e-07	6.956263742067653e-06
-1.50315048822546	-1.5031535990601697	3.1108347096076017e-06	3.1108347096076017e-06	2.0695430923088006e-06
3.641317266731852	3.6413199550224817	-2.6882906296599174e-06	2.6882906296599174e-06	7.38274210330677e-07
-0.40643985903702073	-0.40644009322932106	2.3419230033017158e-07	2.3419230033017158e-07	5.76204068383067e-07
-2.2263325381279873	-2.226332876489323	3.3836133583875494e-07	3.3836133583875494e-07	1.5198148975681154e-07
-0.12823878250513684	-0.12823890665458748	1.2414945063654592e-07	1.2414945063654592e-07	9.68111582247538e-07
1.1418356076086935	1.1418361273172195	-5.197085259922574e-07	5.197085259922574e-07	4.551517946446466e-07
-0.4761003959054069	-0.4760998408528394	-5.550525675190876e-07	5.550525675190876e-07	1.165830930393444e-06
-1.0752048943443666	-1.0752068938018056	1.9994574389503583e-06	1.9994574389503583e-06	1.8596059685624646e-06
-0.2075411572387933	-0.20754126762767555	1.1038888225733956e-07	1.1038888225733956e-07	5.318891140725789e-07
4.6687164006003385	4.668725262945372	-8.862345033833208e-06	8.862345033833208e-06	1.8982401742572373e-06
0.050113746175019326	0.050112655117118265	1.0910579010606214e-06	1.0910579010606214e-06	2.1771629230234864e-05
3.672536410900332	3.672543601169309	-7.190268977108616e-06	7.190268977108616e-06	1.957848247812444e-06
0.187063643850826	0.1870633627731877	2.8107763830331756e-07	2.8107763830331756e-07	1.502577585452484e-06
0.27484267394197975	0.27484455313242506	-1.8791904453085984e-06	1.8791904453085984e-06	6.837331402565607e-06
3.2222798820063394	3.222288297365594	-8.415359254776433e-06	8.415359254776433e-06	2.611616483648417e-06
0.43485114298381755	0.43485106334628654	7.963753101414284e-08	7.963753101414284e-08	1.831374535839876e-07
0.22467490819256328	0.2246658195872442	9.088605319090837e-06	9.088605319090837e-06	4.0452248950297644e-05
-2.394729756761917	-2.394730083324248	3.2656233095451626e-07	3.2656233095451626e-07	1.3636709112266771e-07
0.5450897915973184	0.545089772913343	1.868397536686217e-08	1.868397536686217e-08	3.427687631447121e-08
2.5524178508444457	2.552418127834244	-2.769897982091152e-07	2.769897982091152e-07	1.0852055360664221e-07
0.8320129857956882	0.8320118718074809	1.1139882072352947e-06	1.1139882072352947e-06	1.3389072361291837e-06
0.30004785203101375	0.3000480428454466	-1.908144328655048e-07	1.908144328655048e-07	6.359466717521501e-07
5.987837549670539	5.987848979202681	-1.1429532142059884e-05	1.1429532142059884e-05	1.90879128687931e-06
-0.40129638903095977	-0.4012962917840923	-9.724686744760902e-08	9.724686744760902e-08	2.423317779719829e-07
6.680818089801532	6.6808312362809374	-1.3146479405534706e-05	1.3146479405534706e-05	1.967794846203521e-06
-0.4959331449861387	-0.4959332040925801	5.910644140794119e-08	5.910644140794119e-08	1.1918227689660309e-07
-9.328242013152018	-9.328258825917146	1.681276512854879e-05	1.681276512854879e-05	1.802350872205528e-06
-0.4964399627993744	-0.49643926286080386	-6.999385705475092e-07	6.999385705475092e-07	1.4099158468239076e-06
-0.9693421659705775	-0.9693402744233026	-1.8915472749236883e-06	1.8915472749236883e-06	1.9513721174294843e-06
-1.8367247611753583	-1.8367262464380474	1.4852626890604625e-06	1.4852626890604625e-06	8.086473926066157e-07
-6.543494343121361	-6.5435114374849945	1.709436363395156e-05	1.709436363395156e-05	2.6124212443037356e-06
-5.067083422843834	-5.067096740276611	1.3317432776993599e-05	1.3317432776993599e-05	2.628224496355216e-06
-0.6213545430759105	-0.6213546603248687	1.1724895820908188e-07	1.1724895820908188e-07	1.886989634430944e-07
1.690485588952441	1.6904858712223358	-2.8226989479129827e-07	2.8226989479129827e-07	1.6697562915411487e-07
1.136128150991029	1.1361285060047521	-3.5501372308566204e-07	3.5501372308566204e-07	3.1247682999139525e-07
-0.7010230992419603	-0.7010238409748126	7.41732852360677e-07	7.41732852360677e-07	1.0580719139822033e-06
-0.8409007097230806	-0.8409007277805358	1.8057455197784122e-08	1.8057455197784122e-08	2.1473944532322577e-08
-3.550843118691092	-3.550849954081059	6.83538996693045e-06	6.83538996693045e-06	1.9250047773020465e-06
-0.32664783258322205	-0.3266489688940055	1.1363107834672093e-06	1.1363107834672093e-06	3.4787029642319896e-06
1.5153039948861067	1.515307316367398	-3.321481291340689e-06	3.321481291340689e-06	2.19195706112445e-06
-0.6939581115930659	-0.6939584627616568	3.511685909840523e-07	3.511685909840523e-07	5.060371586087549e-07
-2.387953620575408	-2.387957795690454	4.175115046134437e-06	4.175115046134437e-06	1.7484070922317115e-06
-0.6026123961704025	-0.602612876718922	4.805485195324977e-07	4.805485195324977e-07	7.974421412277279e-07
-1.1792571886248913	-1.1792568407145154	-3.4791037584191997e-07	3.4791037584191997e-07	2.9502502015494303e-07
2.9140907658739765	2.914098634846596	-7.868972619284875e-06	7.868972619284875e-06	2.7003182987420986e-06
-5.801068333506633	-5.801080301807815	1.1968301182108121e-05	1.1968301182108121e-05	2.063120186497358e-06
0.047998047949071664	0.048001721552282106	-3.6736032104425775e-06	3.6736032104425775e-06	7.653651278361268e-05
0.7701031245885271	0.7701037116021325	-5.870136053909292e-07	5.870136053909292e-07	7.622532445957491e-07
-0.5667739507593051	-0.5667742429977807	2.9223847552994897e-07	2.9223847552994897e-07	5.156173376324689e-07
-3.328864099380827	-3.3288648387497233	7.393688963297507e-07	7.393688963297507e-07	2.2210846530721222e-07
-0.006924441276616667	-0.006924671652086545	2.3037546987778046e-07	2.3037546987778046e-07	3.326990015147382e-05
0.1903667907214673	0.19036680987483123	-1.9153363922663758e-08	1.9153363922663758e-08	1.0061294751082794e-07
-1.6125585706170116	-1.6125613992699073	2.8286528956922297e-06	2.8286528956922297e-06	1.7541396307917704e-06
0.03557848472042289	0.03557812442522845	3.6029519443619984e-07	3.6029519443619984e-07	1.0126771762974546e-05
5.572611625415945	5.572622661929927	-1.1036513981821372e-05	1.1036513981821372e-05	1.9804922222616932e-06
0.552293835488227	0.5522935757653613	2.5972286565867364e-07	2.5972286565867364e-07	4.702621122487797e-07
-0.6680137844454754	-0.668014909933845	1.1254883696132367e-06	1.1254883696132367e-06	1.6848280616656965e-06
-0.38675364961092984	-0.38675253108522156	-1.118525708276863e-06	1.118525708276863e-06	2.8920883084156752e-06
0.4764442848723168	0.47644425148973824	3.338257859031302e-08	3.338257859031302e-08	7.006606994826117e-08
1.8050379669874452	1.8050409944407875	-3.027453342241415e-06	3.027453342241415e-06	1.6772241900784752e-06
0.3168637323111927	0.3168632615597744	4.7075141829111544e-07	4.7075141829111544e-07	1.485658881997859e-06
-0.5911529874489486	-0.591152987908572	4.5962333938831534e-10	4.5962333938831534e-10	7.775031999275957e-10
4.8871912114344855	4.887202383997646	-1.117256316085502e-05	1.117256316085502e-05	2.2860908602705676e-06
-2.0791744945303434	-2.0791786350855546	4.140555211140651e-06	4.140555211140651e-06	1.991441902559479e-06
3.2947318362292974	3.2947373010756564	-5.464846358993469e-06	5.464846358993469e-06	1.65866195813004e-06
1.9888367305934251	1.9888371407432714	-4.10149846308272e-07	4.10149846308272e-07	2.0622600136004743e-07
-1.3067090500871412	-1.306709251821303	2.0173416181989978e-07	2.0173416181989978e-07	1.5438338152356612e-07
-0.16886823151043562	-0.1688679626568046	-2.688536310246903e-07	2.688536310246903e-07	1.5920912336200775e-06
0.3258637523616405	0.3258650181123812	-1.2657507407198842e-06	1.2657507407198842e-06	3.884294376243376e-06
-0.0699513566919475	-0.06995136982368422	1.3131736711913256e-08	1.3131736711913256e-08	1.877266908452245e-07
-7.592633698130625	-7.592648461013596	1.4762882971197655e-05	1.4762882971197655e-05	1.9443691817810744e-06
-0.16985273096874384	-0.16985228057819768	-4.503905461639146e-07	4.503905461639146e-07	2.65165325040782e-06
1.0522122160525549	1.0522138795749925	-1.6635224375782798e-06	1.6635224375782798e-06	1.5809761683048088e-06
-0.22548893085666472	-0.22548951437784126	5.835211765448101e-07	5.835211765448101e-07	2.587804085672541e-06
-6.87211131173325	-6.872124131405144	1.281967189381561e-05	1.281967189381561e-05	1.865463365229207e-06
0.27991238873127067	0.27991198157906183	4.071522088366919e-07	4.071522088366919e-07	1.4545701627646698e-06
1.19929853126059	1.1992983240816102	2.0717897974975585e-07	2.0717897974975585e-07	1.7275013213931713e-07
3.171581248063957	3.171586613461841	-5.365397883760892e-06	5.365397883760892e-06	1.6917106843900392e-06
2.7241540832680022	2.724157468037447	-3.384769444725322e-06	3.384769444725322e-06	1.2425029353203177e-06
2.8484046230767603	2.8484119993663626	-7.376289602234465e-06	7.376289602234465e-06	2.5896214120965794e-06
-0.6243591072938353	-0.6243592433747835	1.3608094828754247e-07	1.3608094828754247e-07	2.17953012453617e-07
-1.751150903842753	-1.7511511273369251	2.2349417205802524e-07	2.2349417205802524e-07	1.276270203599165e-07
0.9770471432689846	0.9770476576704823	-5.144014977309652e-07	5.144014977309652e-07	5.264858520643038e-07
0.6020110181994275	0.6020106866344577	3.3156496981323613e-07	3.3156496981323613e-07	5.507622946917543e-07
0.0012516170859475648	0.0012520245036284905	-4.07417680925665e-07	4.07417680925665e-07	0.00032551303869203757
-5.408044093887771	-5.4080544337011816	1.0339813410809029e-05	1.0339813410809029e-05	1.9119321572276375e-06
0.892198700640016	0.8921986036511953	9.698882075248605e-08	9.698882075248605e-08	1.0870764627084909e-07
2.5696655284971652	2.569670224602305	-4.6961051398675124e-06	4.6961051398675124e-06	1.8275161058077342e-06
-0.9482884720073613	-0.9482872051194136	-1.266887947770634e-06	1.266887947770634e-06	1.3359731612985373e-06
-3.2871106107666104	-3.2871171679289546	6.5571623442117755e-06	6.5571623442117755e-06	1.994810373199621e-06
0.61593308135637	0.6159329877846176	9.357175245749971e-08	9.357175245749971e-08	1.5191869910841897e-07
-0.04736461959489338	-0.0473645859528915	-3.3642001878719796e-08	3.3642001878719796e-08	7.102770415229284e-07
-0.286724824519013	-0.2867290277208667	4.203201853736349e-06	4.203201853736349e-06	1.4659358012642643e-05
4.52126277525525	4.521275568095007	-1.2792839756414764e-05	1.2792839756414764e-05	2.829483795197579e-06
0.9261389293334894	0.9261411496481742	-2.2203146847754596e-06	2.2203146847754596e-06	2.3973883555174e-06
1.2316971790036384	1.2316973361521377	-1.5714849932457753e-07	1.5714849932457753e-07	1.2758696049925215e-07
0.1038066903109139	0.1038067894114647	-9.910055080719626e-08	9.910055080719626e-08	9.546643911907589e-07
0.8294014270416461	0.8294015296996804	-1.026580342955441e-07	1.026580342955441e-07	1.2377364078298047e-07
-0.05935665883745465	-0.05935620492891758	-4.5390853706944734e-07	4.5390853706944734e-07	7.647137590955954e-06
2.220408005810035	2.2204052975212107	2.70828882431573e-06	2.70828882431573e-06	1.2197257518569022e-06
4.23781103138845	4.237818654473813	-7.6230853629510875e-06	7.6230853629510875e-06	1.7988261643779589e-06
-0.4816107062416674	-0.4816103655684856	-3.406731818311748e-07	3.406731818311748e-07	7.07362144188357e-07
-5.861648503427007	-5.861659620677528	1.1117250521053279e-05	1.1117250521053279e-05	1.8966081836114173e-06
-0.2649479017033663	-0.2649481757543981	2.740510318122169e-07	2.740510318122169e-07	1.0343581891018047e-06
4.50018907167631	4.500197444031073	-8.372354763253043e-06	8.372354763253043e-06	1.86044511239488e-06
-0.46000159233343413	-0.4600019706231251	3.7828969096098675e-07	3.7828969096098675e-07	8.223660466957294e-07
-0.553680117497191	-0.5536803087125008	1.9121530980825696e-07	1.9121530980825696e-07	3.453533976849495e-07
-0.2981960354399486	-0.29819770315953065	1.667719582043592e-06	1.667719582043592e-06	5.592695354192397e-06
-7.593551985937319	-7.593564199851244	1.221391392469684e-05	1.221391392469684e-05	1.6084585905668493e-06
-0.10199641829335272	-0.10199795042353799	1.5321301852638802e-06	1.5321301852638802e-06	1.5021411642684434e-05
-0.013004316431088455	-0.013004104403080419	-2.1202800803629684e-07	2.1202800803629684e-07	1.6304433159548257e-05
-2.366717195919898	-2.366717616951064	4.210311659313959e-07	4.210311659313959e-07	1.7789669448349493e-07
2.432208793595905	2.432209401831642	-6.08235736887508e-07	6.08235736887508e-07	2.50075461649927e-07
-0.2935758349907251	-0.2935752172561479	-6.17734577212925e-07	6.17734577212925e-07	2.1041737894825066e-06
1.398599713403102	1.3985989912725927	7.221305093896291e-07	7.221305093896291e-07	5.163239363409607e-07
5.891939372647463	5.891950261684542	-1.088903707913147e-05	1.088903707913147e-05	1.8481244273629768e-06
-0.6426310767252712	-0.6426304507840541	-6.259412170805945e-07	6.259412170805945e-07	9.740288631391354e-07
3.2238409672609096	3.223847014396597	-6.047135687303751e-06	6.047135687303751e-06	1.8757549608415124e-06
-0.10473146128493396	-0.10473146994627314	8.661339173654525e-09	8.661339173654525e-09	8.270045187367679e-08
-0.859223061422606	-0.8592248836976069	1.8222750008956012e-06	1.8222750008956012e-06	2.1208404228332525e-06
1.2229325649006608	1.2229314784235612	1.0864770996210638e-06	1.0864770996210638e-06	8.884194687458655e-07
-0.04841687201625477	-0.04841638883590349	-4.831803512780897e-07	4.831803512780897e-07	9.97958627141121e-06
-2.6193193143732376	-2.619322387090506	3.0727172681821457e-06	3.0727172681821457e-06	1.1730976255246677e-06
-1.9484436944969126	-1.948448354141874	4.659644961435561e-06	4.659644961435561e-06	2.391470163903648e-06
-5.879382782070211	-5.879394757357659	1.1975287447896221e-05	1.1975287447896221e-05	2.036827315346112e-06
0.8511601336213983	0.8511604751220148	-3.4150061645199514e-07	3.4150061645199514e-07	4.0121782372375173e-07
-0.5942106226216705	-0.5942107172813849	9.465971440025811e-08	9.465971440025811e-08	1.5930330222407898e-07
3.459800102277645	3.459800258042378	-1.5576473311185168e-07	1.5576473311185168e-07	4.5021310048898235e-08
0.5782047270460251	0.578204440898844	2.861471810611249e-07	2.861471810611249e-07	4.948890378724759e-07
-0.5806714075024697	-0.5806699655295233	-1.4419729463810427e-06	1.4419729463810427e-06	2.483285603097152e-06
8.840502697114681	8.840519126351865	-1.6429237183146483e-05	1.6429237183146483e-05	1.8584053131400067e-06
-0.7915286955532131	-0.7915276128187543	-1.0827344588681953e-06	1.0827344588681953e-06	1.3679029767978954e-06
4.632692750998251	4.6327004238264635	-7.67282821279025e-06	7.67282821279025e-06	1.6562350721698332e-06
0.25545912372013246	0.2554562465775234	2.8771426090479224e-06	2.8771426090479224e-06	1.12626339867977e-05
-0.35696344811723113	-0.35696387158168363	4.234644525036302e-07	4.234644525036302e-07	1.186296397396294e-06
-0.6245732897021591	-0.6245736062737706	3.165716114805761e-07	3.165716114805761e-07	5.068606306099641e-07
0.10727508951112981	0.10727425342338393	8.360877458840621e-07	8.360877458840621e-07	7.793866681391282e-06
1.2292073725735657	1.229208174663654	-8.020900883476401e-07	8.020900883476401e-07	6.525262589894176e-07
3.3568192651408344	3.35682908871604	-9.82357520573629e-06	9.82357520573629e-06	2.9264534161103085e-06
8.248873821076218	8.248889518654323	-1.5697578104933996e-05	1.5697578104933996e-05	1.9029965114542091e-06
-0.8201972109466426	-0.8201974615076324	2.5056098984510555e-07	2.5056098984510555e-07	3.054887123499444e-07
-0.12006620619699267	-0.12006636325168074	1.5705468807414302e-07	1.5705468807414302e-07	1.3080673825611126e-06
2.294331046039495	2.2943312096685986	-1.6362910360001592e-07	1.6362910360001592e-07	7.131887261102738e-08
-0.43372248644953165	-0.43372179061407223	-6.958354594188698e-07	6.958354594188698e-07	1.6043333725097001e-06
1.4171884151536427	1.4171873240229615	1.0911306811411947e-06	1.0911306811411947e-06	7.699263340526963e-07
-6.448880592974293	-6.448893228025554	1.263505126125608e-05	1.263505126125608e-05	1.9592627091004426e-06
-0.04764983461240079	-0.04764893901665346	-8.955957473341658e-07	8.955957473341658e-07	1.8795358989579544e-05
-0.5449408150885611	-0.5449418204079848	1.0053194237080731e-06	1.0053194237080731e-06	1.8448231365174833e-06
-1.173959557693613	-1.1739575443243666	-2.013369246434138e-06	2.013369246434138e-06	1.7150243662478865e-06
0.6468742098070819	0.6468753890658263	-1.1792587444325875e-06	1.1792587444325875e-06	1.8230109139523114e-06
-0.5865058058171642	-0.5865059538336936	1.4801652947760147e-07	1.4801652947760147e-07	2.5237010104507605e-07
-0.056336521126221936	-0.05633723367282073	7.125465987939394e-07	7.125465987939394e-07	1.2648040463795754e-05
0.4343151204147925	0.4343133159636636	1.804451128850637e-06	1.804451128850637e-06	4.15470483073971e-06
-0.42418206113162105	-0.4241848737365217	2.8126049006482745e-06	2.8126049006482745e-06	6.630654990795428e-06
1.686002373632161	1.6860072014424077	-4.827810246688102e-06	4.827810246688102e-06	2.8634658658798524e-06
1.693534018144729	1.6935343105615175	-2.924167885609563e-07	2.924167885609563e-07	1.7266661633481664e-07
0.6983274808212541	0.6983276639402902	-1.8311903615675362e-07	1.8311903615675362e-07	2.622251610969114e-07
0.12147590234303249	0.12147619872848736	-2.963854548732048e-07	2.963854548732048e-07	2.439870370637379e-06
0.4446769714073067	0.4446756602192181	1.3111880886040872e-06	1.3111880886040872e-06	2.9486305181364794e-06
0.6140927319510903	0.6140907144072116	2.017543878629624e-06	2.017543878629624e-06	3.2854058901161404e-06
4.8470640825458595	4.847072450047563	-8.367501703077096e-06	8.367501703077096e-06	1.7263030899897182e-06
0.21435255488400146	0.2143529613931605	-4.0650915905660057e-07	4.0650915905660057e-07	1.8964511959122025e-06
-0.1294634655521025	-0.12946378001288394	3.144607814420386e-07	3.144607814420386e-07	2.42895383729307e-06
0.29964392251531835	0.2996428838741849	1.0386411334328827e-06	1.0386411334328827e-06	3.46625129158021e-06
5.353087163698822	5.353096189082862	-9.02538404012887e-06	9.02538404012887e-06	1.6860147731823223e-06
-0.5667381879907935	-0.5667369828188384	-1.2051719550099094e-06	1.2051719550099094e-06	2.1265056432538953e-06
-2.0354200316664186	-2.0354176581349748	-2.3735314438333432e-06	2.3735314438333432e-06	1.1661138275671335e-06
-8.260915797110927	-8.260935895123112	2.0098012184277536e-05	2.0098012184277536e-05	2.432903648685824e-06
-1.3597273919734232	-1.3597299480352376	2.5560618144293556e-06	2.5560618144293556e-06	1.8798340237300417e-06
1.2110818173590139	1.2110929742448207	-1.1156885806773431e-05	1.1156885806773431e-05	9.212330370133925e-06
1.5222878594482703	1.5222884553622862	-5.959140159106369e-07	5.959140159106369e-07	3.914594813405506e-07
-0.7292015599863493	-0.7292015579878353	-1.9985140209399788e-09	1.9985140209399788e-09	2.7406880766648265e-09
-1.838453670053502	-1.838453847085475	1.7703197308094332e-07	1.7703197308094332e-07	9.629395397045355e-08
-0.4280601126284818	-0.4280602170183556	1.0438987380068099e-07	1.0438987380068099e-07	2.43867323118896e-07
0.3967515567973308	0.396751011521701	5.452756298152117e-07	5.452756298152117e-07	1.374350321941522e-06
-1.0965957736056615	-1.0965979727188824	2.1991132208576403e-06	2.1991132208576403e-06	2.0054000514946784e-06
-0.2976866930582493	-0.2976870055135805	3.1245533121948554e-07	3.1245533121948554e-07	1.0496113481241381e-06
-4.899618877077224	-4.899628613202367	9.736125142545404e-06	9.736125142545404e-06	1.987118873285366e-06
0.6721756792874118	0.6721745903632836	1.08892412820083e-06	1.08892412820083e-06	1.6199992974384647e-06
0.4171860949413814	0.41718656621014816	-4.7126876673297957e-07	4.7126876673297957e-07	1.1296368034490634e-06
0.7609211100265733	0.7609220083395485	-8.983129752282437e-07	8.983129752282437e-07	1.1805599337319902e-06
0.4689623893689685	0.468963625280594	-1.2359116254856417e-06	1.2359116254856417e-06	2.635417367155334e-06
3.5982032781337865	3.598208453695406	-5.1755616197191046e-06	5.1755616197191046e-06	1.438373882646068e-06
-0.06703037912363209	-0.06703204053337686	1.6614097447659182e-06	1.6614097447659182e-06	2.478592194296832e-05
3.996735059359478	3.9967377829270845	-2.7235676065551218e-06	2.7235676065551218e-06	6.814481235570326e-07
-0.30392035418218705	-0.30392033340831404	-2.0773873010693222e-08	2.0773873010693222e-08	6.835301658749775e-08
-1.3838912752945505	-1.3838914578627737	1.825682232059478e-07	1.825682232059478e-07	1.3192381978641317e-07
-0.4742142393768622	-0.47421451108675683	2.717098946392049e-07	2.717098946392049e-07	5.729686544129155e-07
-0.2333235228489004	-0.23332337786996504	-1.4497893535692086e-07	1.4497893535692086e-07	6.213644196123714e-07
-0.11077804644545647	-0.11077661292802077	-1.4335174357005265e-06	1.4335174357005265e-06	1.2940446972102403e-05
-0.23755108701117197	-0.23755173879180802	6.517806360462064e-07	6.517806360462064e-07	2.743749330919935e-06
-0.6485297206955541	-0.6485288172370929	-9.034584612654939e-07	9.034584612654939e-07	1.3930872131758685e-06
1.3516465774645097	1.351649336356786	-2.758892276411018e-06	2.758892276411018e-06	2.0411343633823973e-06
0.974394794265155	0.9743949349285685	-1.4066341358365264e-07	1.4066341358365264e-07	1.4435977533083467e-07
-1.2693280906116573	-1.2693304333879496	2.3427762922967332e-06	2.3427762922967332e-06	1.8456822232365536e-06
0.5732686007955491	0.5732686809096776	-8.011412855335465e-08	8.011412855335465e-08	1.3974972367608636e-07
0.02167770508597754	0.021677837594324956	-1.325083474161548e-07	1.325083474161548e-07	6.112655693515697e-06
0.7821249443473293	0.7821296339898254	-4.689642496114033e-06	4.689642496114033e-06	5.996027271611269e-06
-0.26095217800230763	-0.26095707653439604	4.898532088404295e-06	4.898532088404295e-06	1.877176165343589e-05
5.49244305430987	5.492457047694188	-1.399338431795627e-05	1.399338431795627e-05	2.5477522806496443e-06
-0.8539876808613316	-0.8539882851437142	6.042823825769261e-07	6.042823825769261e-07	7.076008192149179e-07
3.3947334454363234	3.3947338220059464	-3.7656962303955765e-07	3.7656962303955765e-07	1.1092759684734462e-07
1.5288873589802907	1.5288877889361174	-4.2995582671956356e-07	4.2995582671956356e-07	2.812213890016905e-07
-0.3193201923868874	-0.3193205416209821	3.492340946986694e-07	3.492340946986694e-07	1.0936799583145007e-06
-0.9791744795943934	-0.9791731908990187	-1.2886953747459629e-06	1.2886953747459629e-06	1.3161039238683828e-06
-2.714094168490984	-2.714099352942867	5.1844518829113895e-06	5.1844518829113895e-06	1.9101960216044772e-06
0.7676467999188427	0.7676450532017043	1.746717138373377e-06	1.746717138373377e-06	2.275417729296916e-06
0.8648202125251062	0.8648219586575578	-1.7461324516299115e-06	1.7461324516299115e-06	2.019069890297251e-06
-0.2522701805957369	-0.2522704935472575	3.1295152058685716e-07	3.1295152058685716e-07	1.240541073256542e-06
-3.0205484286583086	-3.020553971964546	5.543306237143497e-06	5.543306237143497e-06	1.8351985965693546e-06
-0.24787217412347556	-0.24787192978692474	-2.4433655082534145e-07	2.4433655082534145e-07	9.857361024462032e-07
0.5240752333118093	0.5240741506895574	1.0826222518467432e-06	1.0826222518467432e-06	2.0657764058135045e-06
-2.8763330338995132	-2.876340344300843	7.310401329618799e-06	7.310401329618799e-06	2.541569854207012e-06
5.1482567320854065	5.148269918208825	-1.3186123418940099e-05	1.3186123418940099e-05	2.5612793038778373e-06
-4.029278596565345	-4.029286353215866	7.756650520995834e-06	7.756650520995834e-06	1.9250717802456723e-06
-0.36936942854643334	-0.3693695948641107	1.6631767735253433e-07	1.6631767735253433e-07	4.502746153276369e-07
-0.605548660516902	-0.6055484554963186	-2.0502058339921803e-07	2.0502058339921803e-07	3.385699560861228e-07
-3.0850681998546228	-3.0850687571728486	5.573182257911924e-07	5.573182257911924e-07	1.8065021247097707e-07
-0.47672469099109377	-0.4767258665197005	1.1755286067338666e-06	1.1755286067338666e-06	2.4658437646474408e-06
-0.11994406419021565	-0.11994359783784603	-4.663523696241123e-07	4.663523696241123e-07	3.888082105376538e-06
4.67512894242017	4.675137456160883	-8.513740712423612e-06	8.513740712423612e-06	1.821070780566816e-06
0.27951830971125874	0.2795199329739262	-1.6232626674494988e-06	1.6232626674494988e-06	5.807357196479624e-06
-6.100704730352692	-6.10071593473549	1.1204382798446488e-05	1.1204382798446488e-05	1.8365718869660398e-06
0.8415770039047089	0.8415770603278361	-5.642312717046849e-08	5.642312717046849e-08	6.704452107018033e-08
-2.559751173858122	-2.5597566150281637	5.441170041642351e-06	5.441170041642351e-06	2.1256636571598017e-06
1.2605659340256552	1.260567616100161	-1.6820745059042963e-06	1.6820745059042963e-06	1.3343804243008066e-06
-0.15987837529343546	-0.15987823280738667	-1.424860487930779e-07	1.424860487930779e-07	8.912152661769533e-07
3.4143507027674063	3.41435899008502	-8.287317613930867e-06	8.287317613930867e-06	2.427201636672476e-06
2.628629311639487	2.628635999826656	-6.688187168979454e-06	6.688187168979454e-06	2.544363002940115e-06
-7.404428493507504	-7.4044472071364	1.871362889538375e-05	1.871362889538375e-05	2.5273562857407022e-06
1.9982953069022686	1.9982960129709681	-7.060686995075116e-07	7.060686995075116e-07	3.533355140597563e-07
1.8531217799730326	1.8531220753175148	-2.9534448220402965e-07	2.9534448220402965e-07	1.59376726017611e-07
-0.44949754781703316	-0.4494973536566249	-1.9416040825115388e-07	1.9416040825115388e-07	4.3194987201617924e-07
0.6743886997901141	0.6743894045939669	-7.04803852835667e-07	7.04803852835667e-07	1.0451003302027732e-06
-1.3923494666708263	-1.3923510332460864	1.5665752601812244e-06	1.5665752601812244e-06	1.1251307934400838e-06
4.378032758467545	4.378041074687644	-8.316220099224836e-06	8.316220099224836e-06	1.8995335480623005e-06
-0.6286216383538588	-0.6286219895628165	3.5120895769402694e-07	3.5120895769402694e-07	5.586968953434707e-07
-6.563656499366729	-6.563669317984022	1.2818617292964518e-05	1.2818617292964518e-05	1.9529689425705436e-06
-0.11945534697489509	-0.11945529649892705	-5.047596803031684e-08	5.047596803031684e-08	4.2255093060777724e-07
-4.157956081971109	-4.157964372552669	8.29058155993323e-06	8.29058155993323e-06	1.993907919297459e-06
0.0777006390491874	0.07770086631353479	-2.2726434738273849e-07	2.2726434738273849e-07	2.9248710199007714e-06
-1.0285685245820508	-1.0285686857969267	1.6121487589337846e-07	1.6121487589337846e-07	1.5673712741587792e-07
5.35528146052212	5.355291249088623	-9.788566503132756e-06	9.788566503132756e-06	1.8278341811334802e-06
6.076289228620485	6.076301729990519	-1.2501370033390913e-05	1.2501370033390913e-05	2.0574020694253767e-06
-2.825586551916809	-2.825587370807625	8.18890816045581e-07	8.18890816045581e-07	2.898126817209211e-07
0.7889501254635187	0.7889498738222755	2.5164124317633707e-07	2.5164124317633707e-07	3.189570988768073e-07
-0.24468086852075616	-0.2446809335197031	6.499894694700359e-08	6.499894694700359e-08	2.656478511784004e-07
0.5069935115571054	0.506993566887104	-5.5329998582820394e-08	5.5329998582820394e-08	1.0913354376644381e-07
0.30930341917765647	0.3093031705247995	2.4865285697117656e-07	2.4865285697117656e-07	8.039124094789147e-07
-0.1384211373680163	-0.13842030330124544	-8.34066770871722e-07	8.34066770871722e-07	6.025573743511531e-06
0.8733547105705737	0.8733563231544395	-1.6125838657732317e-06	1.6125838657732317e-06	1.8464248789815427e-06
0.06649512299735015	0.0664943195261003	8.0347124985225e-07	8.0347124985225e-07	1.2083160593360637e-05
-7.0189041704929185	-7.018917560799309	1.339030639080363e-05	1.339030639080363e-05	1.9077488544573283e-06
-0.6397264542369981	-0.6397257279786572	-7.262583409106682e-07	7.262583409106682e-07	1.1352638867762263e-06
-1.5503524585511879	-1.550355313156615	2.854605427149437e-06	2.854605427149437e-06	1.8412622313103435e-06
0.32584090701298524	0.32584262271484477	-1.7157018595281848e-06	1.7157018595281848e-06	5.265458764082717e-06
-0.7029689238932053	-0.7029707608126046	1.8369193992562316e-06	1.8369193992562316e-06	2.6130876299380987e-06
3.9543950193999833	3.954408027311729	-1.3007911745521739e-05	1.3007911745521739e-05	3.2894821285445282e-06
5.6687663665364845	5.668775884714705	-9.518178220702112e-06	9.518178220702112e-06	1.6790563599320726e-06
-5.666473352254645	-5.6664839103177655	1.0558063120669203e-05	1.0558063120669203e-05	1.8632511730542654e-06
1.4608129750366996	1.4608133697038284	-3.94667128755799e-07	3.94667128755799e-07	2.7016951211422797e-07
-1.3012825174337552	-1.3012827434977225	2.2606396732349765e-07	2.2606396732349765e-07	1.7372397177003183e-07
0.6007126713390041	0.6007126939948648	-2.2655860743014955e-08	2.2655860743014955e-08	3.771497060735285e-08
-1.269152095062188	-1.2691532565440866	1.1614818986593889e-06	1.1614818986593889e-06	9.1516367752793e-07
-0.6183773257634207	-0.6183774294186151	1.0365519431676518e-07	1.0365519431676518e-07	1.676245069121788e-07
-1.1696747174342224	-1.1696769533955376	2.235961315211199e-06	2.235961315211199e-06	1.9116095115024493e-06
1.318600771353895	1.3185999214329058	8.499209891432713e-07	8.499209891432713e-07	6.445627877728306e-07
-2.467524184269334	-2.4675284266777453	4.242408411236909e-06	4.242408411236909e-06	1.7192976013295452e-06
0.3558536346323709	0.35585347814048873	1.5649188217503607e-07	1.5649188217503607e-07	4.397647429868361e-07
-5.024325572087609	-5.024335521738976	9.949651366802925e-06	9.949651366802925e-06	1.980295907191548e-06
0.4695351229656523	0.4695359339166316	-8.10950979313052e-07	8.10950979313052e-07	1.7271359258301432e-06
-0.20493146545427068	-0.204931408916309	-5.6537961673486237e-08	5.6537961673486237e-08	2.7588716817185093e-07
0.8621428856336918	0.862145528117253	-2.642483561188236e-06	2.642483561188236e-06	3.065018113843112e-06
4.806860989029402	4.806864852525905	-3.863496503164754e-06	3.863496503164754e-06	8.037462518642272e-07
7.416323622216165	7.416339847623021	-1.6225406856307245e-05	1.6225406856307245e-05	2.1877964990231542e-06
-2.721755098085558	-2.7217559418204473	8.437348895107277e-07	8.437348895107277e-07	3.0999662317311297e-07
1.7187503313641044	1.718750589134288	-2.5777018364259163e-07	2.5777018364259163e-07	1.4997535065957462e-07
-1.1154375276258301	-1.115438172746508	6.451206777668972e-07	6.451206777668972e-07	5.783566195231158e-07
0.3467570235766237	0.34675627557589905	7.480007246374321e-07	7.480007246374321e-07	2.1571321524281817e-06
-0.7882967127444908	-0.7882944623816002	-2.250362890587887e-06	2.250362890587887e-06	2.854715558502263e-06
-8.154125973030057	-8.154141507475288	1.553444523061387e-05	1.553444523061387e-05	1.905102433049768e-06
-0.13786380876265728	-0.13786474391963566	9.351569783822011e-07	9.351569783822011e-07	6.783194130318443e-06
3.691230924959226	3.6912377381668193	-6.813207593214798e-06	6.813207593214798e-06	1.8457819983966616e-06
0.09358681159486083	0.09358528859593207	1.522998928762953e-06	1.522998928762953e-06	1.6273649062391885e-05
-3.2206946227634217	-3.2207008312070684	6.208443646738004e-06	6.208443646738004e-06	1.9276722489793313e-06
0.46251953575894417	0.4625197088898858	-1.7313094163862175e-07	1.7313094163862175e-07	3.743213599713853e-07
-0.04081213703945436	-0.04081173210579436	-4.049336599989961e-07	4.049336599989961e-07	9.92189307821676e-06
2.057111315427392	2.0571200416270585	-8.726199666408974e-06	8.726199666408974e-06	4.241967656765327e-06
6.575142041657565	6.575158871328313	-1.6829670747675607e-05	1.6829670747675607e-05	2.559590445506622e-06
-4.583013712484255	-4.5830205071979435	6.7947136885848636e-06	6.7947136885848636e-06	1.4825863754402213e-06
-0.6330168998854713	-0.633016757092264	-1.4279320725840705e-07	1.4279320725840705e-07	2.2557566359482968e-07
-0.5735968120125915	-0.5735968416047399	2.9592148398371876e-08	2.9592148398371876e-08	5.1590503605731815e-08
-2.375950287350856	-2.3759509986120975	7.112612414594821e-07	7.112612414594821e-07	2.9935863778215926e-07
0.26397456543585734	0.2639746894601558	-1.2402429844238227e-07	1.2402429844238227e-07	4.6983427451656777e-07
0.2478016148653332	0.24780065950835706	9.553569761400205e-07	9.553569761400205e-07	3.855329904364043e-06
0.46929626551036036	0.4692975762736751	-1.3107633147213527e-06	1.3107633147213527e-06	2.7930401561919433e-06
0.3492491624668064	0.34924828287330456	8.795935018124368e-07	8.795935018124368e-07	2.518527161524792e-06
-5.787296713009453	-5.787307466562197	1.0753552744269257e-05	1.0753552744269257e-05	1.8581305361613819e-06
0.6080833265342493	0.6080825864955841	7.40038665236753e-07	7.40038665236753e-07	1.217002066895303e-06
-2.1686524406395793	-2.1686563322873553	3.891647776033125e-06	3.891647776033125e-06	1.794500447884309e-06
-0.1754105239101627	-0.17540870248922147	-1.8214209412392712e-06	1.8214209412392712e-06	1.03837609091922e-05
0.8690259980654143	0.8690259569448244	4.112058982208566e-08	4.112058982208566e-08	4.731802030506156e-08
-3.555099768050562	-3.5551055948417343	5.8267911722253984e-06	5.8267911722253984e-06	1.6389951203593135e-06
-1.3820960667920155	-1.3820983253935992	2.2586015837600115e-06	2.2586015837600115e-06	1.6341856677173346e-06
0.44472255224790647	0.4447233336577483	-7.814098418323923e-07	7.814098418323923e-07	1.757072668976775e-06
-1.8562530413380505	-1.8562535724413465	5.311032960086948e-07	5.311032960086948e-07	2.8611578496100804e-07
-0.5931830194857312	-0.5931831228735973	1.0338786615715634e-07	1.0338786615715634e-07	1.742933677481024e-07
-3.1658310504911324	-3.1658313096158963	2.591247638683569e-07	2.591247638683569e-07	8.185047140407493e-08
-0.4017096035439816	-0.4017097508040024	1.4726002078857547e-07	1.4726002078857547e-07	3.665832718197701e-07
0.4167025752843019	0.4167027386756672	-1.63391365326504e-07	1.63391365326504e-07	3.921054848653807e-07
0.3272569647090394	0.3272576459494303	-6.812403908762477e-07	6.812403908762477e-07	2.0816681212023432e-06
1.0287812746034615	1.028781791774236	-5.171707744278109e-07	5.171707744278109e-07	5.027023597675335e-07
3.945795474926292	3.945803304304718	-7.829378426027489e-06	7.829378426027489e-06	1.9842332112192772e-06
0.6131044471151116	0.6131052391538105	-7.920386989601624e-07	7.920386989601624e-07	1.2918495416025838e-06
0.9074820944435917	0.9074839163076831	-1.821864091366976e-06	1.821864091366976e-06	2.007603348343774e-06
0.279192436230346	0.27919293233935605	-4.961090100397136e-07	4.961090100397136e-07	1.7769428740197028e-06
0.18732787734623688	0.18732800981524633	-1.32469009456182e-07	1.32469009456182e-07	7.071505391124483e-07
2.2500887326428227	2.2500949339701037	-6.201327281019076e-06	6.201327281019076e-06	2.75603676915237e-06
-1.817876883237655	-1.8178796349275217	2.751689866631324e-06	2.751689866631324e-06	1.5136832928589418e-06
-4.507572189445322	-4.5075782163621625	6.026916840262686e-06	6.026916840262686e-06	1.337064962459165e-06
-0.38484661252790464	-0.3848466044473753	-8.080529356746524e-09	8.080529356746524e-09	2.0996753235448104e-08
0.8945577584859574	0.8945578319980996	-7.351214215134405e-08	7.351214215134405e-08	8.217707739270367e-08
0.06240283426721581	0.06240286347747315	-2.921025733793048e-08	2.921025733793048e-08	4.6809183718881963e-07
0.11327948699323703	0.11328077607686282	-1.2890836257883898e-06	1.2890836257883898e-06	1.137967393748305e-05
-0.5223795344876139	-0.5223812740950962	1.7396074822872976e-06	1.7396074822872976e-06	3.3301600990046927e-06
7.830660274896597	7.830675471723225	-1.5196826628205429e-05	1.5196826628205429e-05	1.9406826620895774e-06
0.17294583575443123	0.1729452164909162	6.192635150226167e-07	6.192635150226167e-07	3.58067895836428e-06
-4.97556048916368	-4.975569853741035	9.364577355341908e-06	9.364577355341908e-06	1.8821150653754705e-06
-0.062025568898345665	-0.06202565418789163	8.528954596742633e-08	8.528954596742633e-08	1.3750707568230166e-06
-2.936117318100954	-2.936122470146074	5.152045120304649e-06	5.152045120304649e-06	1.7547136446294766e-06
-0.3562500670125205	-0.35625181862997124	1.7516174507514748e-06	1.7516174507514748e-06	4.916819989510104e-06
-0.6308888087192001	-0.6308882216217171	-5.870974829624842e-07	5.870974829624842e-07	9.305878862463596e-07
5.760311961754073	5.7603265031502815	-1.4541396208933577e-05	1.4541396208933577e-05	2.5244112307600742e-06
1.6912143791776897	1.6912194691940385	-5.090016348852089e-06	5.090016348852089e-06	3.0096813340287356e-06
-2.1815787268247018	-2.181585156449728	6.429625026171948e-06	6.429625026171948e-06	2.9472349299675732e-06
-1.7520202983039228	-1.7520205351502227	2.3684629990583517e-07	2.3684629990583517e-07	1.351846780172118e-07
1.5459669379514855	1.545967382753588	-4.4480210248387664e-07	4.4480210248387664e-07	2.877177328729103e-07
-1.167395937333722	-1.1673960161715513	7.883782937589956e-08	7.883782937589956e-08	6.753306813450242e-08
1.6634399616862996	1.663438233663328	1.728022971603238e-06	1.728022971603238e-06	1.0388249719884497e-06
-0.028903343852468635	-0.028902747999381972	-5.958530866628786e-07	5.958530866628786e-07	2.0615368578261812e-05
3.071907339410563	3.0719130759280233	-5.736517460164237e-06	5.736517460164237e-06	1.8674122707311082e-06
1.4174545355063308	1.4174538860061148	6.495002160544772e-07	6.495002160544772e-07	4.582159073077207e-07
-1.4420166971203021	-1.4420198976949905	3.2005746883889685e-06	3.2005746883889685e-06	2.2195129188035723e-06
-0.23037920495737024	-0.23037838536765776	-8.195897124863016e-07	8.195897124863016e-07	3.5575681087967984e-06
-7.510193114563984	-7.510207580708084	1.4466144099500866e-05	1.4466144099500866e-05	1.926201347798594e-06
0.1571608445533604	0.1571600419083552	8.026450052101008e-07	8.026450052101008e-07	5.1071563498602915e-06
0.042606767610442096	0.042606927308952436	-1.5969851033942328e-07	1.5969851033942328e-07	3.7481958687775286e-06
1.146072153188516	1.1460711766630993	9.76525416751528e-07	9.76525416751528e-07	8.520627728670592e-07
-2.60793650352457	-2.6079434119310463	6.908406476213713e-06	6.908406476213713e-06	2.6489933581117294e-06
0.35871221161867584	0.35871391719410894	-1.7055754331085637e-06	1.7055754331085637e-06	4.754718066084833e-06
0.5328537340858357	0.5328539250513131	-1.909654774312486e-07	1.909654774312486e-07	3.5838254518168876e-07
-0.44500794385014586	-0.4450078508853039	-9.296484193566101e-08	9.296484193566101e-08	2.089060279044512e-07
0.8725311149864019	0.8725315824449353	-4.6745853343743704e-07	4.6745853343743704e-07	5.35749986915621e-07
-0.6118741056940505	-0.611873007073882	-1.0986201685048158e-06	1.0986201685048158e-06	1.7955003460371115e-06
-0.23475991051221987	-0.23475902025893447	-8.902532853960476e-07	8.902532853960476e-07	3.792186167789954e-06
-5.927998231118288	-5.928009672970802	1.1441852514337825e-05	1.1441852514337825e-05	1.930137639764338e-06
-0.7938033033036151	-0.7938050771372218	1.7738336066663862e-06	1.7738336066663862e-06	2.234600938650828e-06
6.8094262810715405	6.809438325035444	-1.2043963903529686e-05	1.2043963903529686e-05	1.768719332054276e-06
0.04756503300850803	0.04756406542583136	9.675826766683548e-07	9.675826766683548e-07	2.0342310631746683e-05
-2.8894285636294526	-2.8894342913190485	5.727689595946828e-06	5.727689595946828e-06	1.982291470377172e-06
0.11402556892340793	0.11402508380342624	4.851199816857665e-07	4.851199816857665e-07	4.25448420267586e-06
1.3851323579280193	1.3851310322934296	1.325634589655067e-06	1.325634589655067e-06	9.570454275128239e-07
-0.05110200452422369	-0.051103197620250285	1.1930960265929547e-06	1.1930960265929547e-06	2.3347342980007678e-05
-0.5163875123675657	-0.5163877563063579	2.4393879216599856e-07	2.4393879216599856e-07	4.72394832027546e-07
2.538133027550285	2.53813950712356	-6.479573275264272e-06	6.479573275264272e-06	2.5528895471322575e-06
0.3955467972388604	0.39554689055876224	-9.331990186156602e-08	9.331990186156602e-08	2.3592632404810642e-07
1.705233029949952	1.7052331536433485	-1.236933964143816e-07	1.236933964143816e-07	7.253753254944396e-08
-0.9388482066781221	-0.9388482540089171	4.733079506102911e-08	4.733079506102911e-08	5.041368213131834e-08
-0.42101420577949417	-0.42101465487576206	4.4909626789602086e-07	4.4909626789602086e-07	1.0667009847435758e-06
-0.8709609194824596	-0.8709587409612141	-2.178521245510545e-06	2.178521245510545e-06	2.5012847267648487e-06
-2.819430585709021	-2.8194360156703624	5.4299613414521275e-06	5.4299613414521275e-06	1.9259070852729007e-06
-0.12909058788655242	-0.12909007227790426	-5.156086481661326e-07	5.156086481661326e-07	3.994161438162018e-06
5.772523723044851	5.772534510469995	-1.0787425144265228e-05	1.0787425144265228e-05	1.8687537135967198e-06
0.9898079354418818	0.989807241694507	6.937473748802603e-07	6.937473748802603e-07	7.008909001831242e-07
2.747895477859092	2.747900945450965	-5.467591873031807e-06	5.467591873031807e-06	1.989737934752763e-06
0.538628817508637	0.5386270313465502	1.7861620867920536e-06	1.7861620867920536e-06	3.3161279692641252e-06
-0.18879197921605892	-0.1887919338514621	-4.536459682902283e-08	4.536459682902283e-08	2.402887930800614e-07
0.1075458787815165	0.1075438453881361	2.033393380396209e-06	2.033393380396209e-06	1.890721804902561e-05
-6.181201953875593	-6.18121209072342	1.0136847826913709e-05	1.0136847826913709e-05	1.6399476837280714e-06
-0.6831687466621983	-0.6831712130406231	2.466378424825777e-06	2.466378424825777e-06	3.6102038286673994e-06
-2.0262889795055803	-2.026289199875464	2.2036988367446497e-07	2.2036988367446497e-07	1.0875540749781691e-07
-2.0065022478164085	-2.0065027142663894	4.6644998086264877e-07	4.6644998086264877e-07	2.3246920424348718e-07
-0.20683847997784738	-0.20683828688561334	-1.9309223403540798e-07	1.9309223403540798e-07	9.335411576032098e-07
1.043166021291795	1.0431663363306143	-3.150388192540987e-07	3.150388192540987e-07	3.020025698919653e-07
0.7476596208296821	0.7476587970813853	8.237482967965448e-07	8.237482967965448e-07	1.1017691391203216e-06
-0.687465907199669	-0.6874672708363505	1.3636366814617773e-06	1.3636366814617773e-06	1.983569900966332e-06
1.5638141931562755	1.563811724736297	2.4684199784186234e-06	2.4684199784186234e-06	1.5784611683543844e-06
6.134206795992185	6.134217427643307	-1.0631651122139374e-05	1.0631651122139374e-05	1.733174553079237e-06
0.1722409345519172	0.1722423403407447	-1.405788827513188e-06	1.405788827513188e-06	8.161758011649968e-06
2.4877798259953177	2.4877852843019355	-5.458306617800446e-06	5.458306617800446e-06	2.194047303047275e-06
0.4504834316867713	0.45048410265735583	-6.70970584537578e-07	6.70970584537578e-07	1.4894456429290281e-06
-0.4073211033375921	-0.4073187792528188	-2.3240847732974856e-06	2.3240847732974856e-06	5.705780413177511e-06
-0.05971652531126813	-0.05971608970867237	-4.356025957580334e-07	4.356025957580334e-07	7.294506729711515e-06
0.44554647316318463	0.44554737951330026	-9.06350115625898e-07	9.06350115625898e-07	2.034243721403986e-06
5.493697498882758	5.493713607847894	-1.610896513604132e-05	1.610896513604132e-05	2.932262859270531e-06
1.1476327547048202	1.1476329009383335	-1.462335132984549e-07	1.462335132984549e-07	1.2742187141222478e-07
0.2406190839946163	0.2406193079877994	-2.239931831127251e-07	2.239931831127251e-07	9.309036481816913e-07
-0.48216248144374924	-0.48216268351097824	2.0206722900484309e-07	2.0206722900484309e-07	4.190853431809728e-07
-0.8202315165328335	-0.8202296939998632	-1.8225329703192017e-06	1.8225329703192017e-06	2.2219738373662536e-06
-0.8479071581098891	-0.8479062062178855	-9.518920036644118e-07	9.518920036644118e-07	1.1226370653437109e-06
-7.775111047773473	-7.775125086482149	1.4038708675556677e-05	1.4038708675556677e-05	1.8055959058715804e-06
-0.7167253689724795	-0.7167249300437106	-4.3892876888662613e-07	4.3892876888662613e-07	6.124085847775815e-07
-4.296646307542122	-4.296654535664857	8.228122734266208e-06	8.228122734266208e-06	1.9150104861605585e-06
1.0442943556147637	1.0442927614349173	1.5941798463536827e-06	1.5941798463536827e-06	1.5265617761720141e-06
2.930694038079394	2.930699643002299	-5.604922904911547e-06	5.604922904911547e-06	1.91248995360317e-06
1.303454114514452	1.3034534840699052	6.304445467897324e-07	6.304445467897324e-07	4.836722211925185e-07
0.7814017973524394	0.7814012105882284	5.86764210996904e-07	5.86764210996904e-07	7.509122873597037e-07
-3.9759142771225853	-3.975923948473792	9.671351206552714e-06	9.671351206552714e-06	2.4324848405816186e-06
0.2744064578783675	0.2744074081419967	-9.5026362922912e-07	9.5026362922912e-07	3.462978373673446e-06
2.1410837356639543	2.1410881413430616	-4.405679107311045e-06	4.405679107311045e-06	2.057686504234191e-06
-0.7071637903983905	-0.7071640147842118	2.2438582125694495e-07	2.2438582125694495e-07	3.173038895706666e-07
0.008232624803044482	0.008232570507971104	5.4295073378257674e-08	5.4295073378257674e-08	6.595110876203052e-06
0.5796037555650785	0.5796037880827498	-3.2517671333387455e-08	3.2517671333387455e-08	5.610327921647902e-08
-0.360303047848111	-0.3603021259550587	-9.218930522858493e-07	9.218930522858493e-07	2.5586601550883398e-06
0.2715970730246723	0.27159626415595994	8.088687123430915e-07	8.088687123430915e-07	2.978193775562569e-06
-0.2546409424922038	-0.25464151622145437	5.73729250552546e-07	5.73729250552546e-07	2.2530911366309897e-06
-0.5138683022447634	-0.5138687820362975	4.797915340581937e-07	4.797915340581937e-07	9.336857945163966e-07
-4.91140265757311	-4.911412414912775	9.757339665128484e-06	9.757339665128484e-06	1.9866706815583953e-06
-0.20246134939285315	-0.20246157509973273	2.2570687957523816e-07	2.2570687957523816e-07	1.1148146559928321e-06
-0.5110602747130897	-0.5110611937197973	9.190067076225716e-07	9.190067076225716e-07	1.7982354588967102e-06
-0.7692476826938165	-0.7692477242926543	4.159883781884588e-08	4.159883781884588e-08	5.407730013975675e-08
-0.18619259750274952	-0.1861930754785135	4.779757639683524e-07	4.779757639683524e-07	2.5671040115399545e-06
3.530859515323387	3.5308728588461236	-1.334352273651973e-05	1.334352273651973e-05	3.7791145976244296e-06
-4.500909014267904	-4.500915581957088	6.567689183611947e-06	6.567689183611947e-06	1.4591917238922936e-06
-0.4836117754081105	-0.4836146435991395	2.8681910290151436e-06	2.8681910290151436e-06	5.9307716951158465e-06
1.3851054758882804	1.3851056328348932	-1.56946612817066e-07	1.56946612817066e-07	1.1331022478011269e-07
1.6248846630454452	1.6248851147793175	-4.5173387230867945e-07	4.5173387230867945e-07	2.780098074542816e-07
0.10957033125585844	0.10957049698845367	-1.6573259523089412e-07	1.6573259523089412e-07	1.512568168146638e-06
0.08956252823910009	0.08956150531957974	1.0229195203520502e-06	1.0229195203520502e-06	1.1421289019680407e-05
-2.0666429649118956	-2.066641503915889	-1.4609960063971528e-06	1.4609960063971528e-06	7.069416591072553e-07
5.516205494111348	5.516215745956288	-1.0251844940079025e-05	1.0251844940079025e-05	1.8584958357738958e-06
0.06933352677385328	0.06933375334483571	-2.2657098243394902e-07	2.2657098243394902e-07	3.2678415908794122e-06
1.500755109090032	1.5007576957941637	-2.586704131779527e-06	2.586704131779527e-06	1.723601749620529e-06
-0.2739645182974784	-0.2739641554398986	-3.628575798164668e-07	3.628575798164668e-07	1.3244692490524111e-06
-2.95213810609019	-2.952143649054051	5.5429638607940035e-06	5.5429638607940035e-06	1.8776099428949486e-06
-0.0295398165912611	-0.029541350158979185	1.5335677180858265e-06	1.5335677180858265e-06	5.191527555182956e-05
-0.6939205939353791	-0.6939214081285172	8.141931381322465e-07	8.141931381322465e-07	1.1733232090933846e-06
-1.1947241494233873	-1.194726640733279	2.491309891716753e-06	2.491309891716753e-06	2.0852595077442272e-06
-0.5775231030242352	-0.5775249992439058	1.8962196706162615e-06	1.8962196706162615e-06	3.2833659133056164e-06
-1.3893114406194842	-1.3893118330088328	3.92389348569111e-07	3.92389348569111e-07	2.8243440390453225e-07
-1.4089697519926025	-1.4089700880504097	3.360578071376352e-07	3.360578071376352e-07	2.385131452697074e-07
-0.5350943713988121	-0.5350945984901045	2.270912924373647e-07	2.270912924373647e-07	4.2439484430328814e-07
-2.1881341654592332	-2.188134234984318	6.952508480040365e-08	6.952508480040365e-08	3.177368458382995e-08
-0.37784203601814187	-0.3778438140216167	1.7780034748393625e-06	1.7780034748393625e-06	4.705679372196673e-06
0.35290805922401514	0.3529077612256515	2.979983636519634e-07	2.979983636519634e-07	8.444079296664723e-07
0.2978931920236758	0.2978947095471085	-1.5175234326925136e-06	1.5175234326925136e-06	5.094186350428259e-06
-0.8212047529418642	-0.8212047291635827	-2.3778281565967063e-08	2.3778281565967063e-08	2.8955362813944167e-08
-1.2207869071163528	-1.220789032686298	2.125569945166106e-06	2.125569945166106e-06	1.741147396630392e-06
0.5215433856780405	0.5215432374825468	1.4819549365441276e-07	1.4819549365441276e-07	2.841479687480821e-07
-1.6548349624492102	-1.6548383764529717	3.4140037614704966e-06	3.4140037614704966e-06	2.0630478802657507e-06
-0.21597128885528066	-0.21597037220999482	-9.166452858422325e-07	9.166452858422325e-07	4.244292334878196e-06
0.7335906305722536	0.7335913687711582	-7.381989045596171e-07	7.381989045596171e-07	1.0062818059491419e-06
-0.4581445050974252	-0.458146800610848	2.2955134227897744e-06	2.2955134227897744e-06	5.010457175081975e-06
2.0846688242418647	2.084675923015311	-7.0987734464011965e-06	7.0987734464011965e-06	3.4052283815309706e-06
-2.478512662949106	-2.4785176369732653	4.974024159221102e-06	4.974024159221102e-06	2.0068584815308803e-06
1.1031759496702669	1.1031762905986398	-3.4092837286614497e-07	3.4092837286614497e-07	3.0904260826937586e-07
0.9705039891019176	0.9705040902190376	-1.0111712001048545e-07	1.0111712001048545e-07	1.0419031878895927e-07
-0.6404616722236758	-0.6404614441635204	-2.2806015542720104e-07	2.2806015542720104e-07	3.560871248319649e-07
-0.06418370073084574	-0.0641846054350026	9.047041568538416e-07	9.047041568538416e-07	1.4095543674674e-05
0.2965803816869758	0.29657893855983275	1.443127143063716e-06	1.443127143063716e-06	4.865888751154339e-06
-2.083228631298964	-2.083232340282848	3.7089838840209666e-06	3.7089838840209666e-06	1.7804017419385644e-06
-0.08083014011531195	-0.08082964131972403	-4.987955879165451e-07	4.987955879165451e-07	6.170910840992795e-06
-4.668196121827705	-4.668205337111431	9.215283725438894e-06	9.215283725438894e-06	1.9740566773426178e-06
0.6024808098995653	0.6024806584719045	1.5142766085496362e-07	1.5142766085496362e-07	2.513402225710839e-07
0.05526738174329217	0.05526779705178342	-4.1530849125004377e-07	4.1530849125004377e-07	7.514531684874867e-06
-0.35063830380211247	-0.35063808491031523	-2.1889179724343677e-07	2.1889179724343677e-07	6.242666442026008e-07
-0.12867322275322804	-0.12867272289440734	-4.998588206961418e-07	4.998588206961418e-07	3.884715172283985e-06
-3.336104872626004	-3.3361126211275405	7.748501536397612e-06	7.748501536397612e-06	2.3226192917305996e-06
-6.1470937681946065	-6.147107600554591	1.3832359984533582e-05	1.3832359984533582e-05	2.2502275882146057e-06
0.549054505926251	0.549049624169129	4.881757122099373e-06	4.881757122099373e-06	8.891206737050419e-06
0.599983393355657	0.5999833283567568	6.49989001511031e-08	6.49989001511031e-08	1.0833449870598865e-07
-0.604793642981466	-0.6047942351870006	5.922055346108124e-07	5.922055346108124e-07	9.791861099786074e-07
-0.8856047827519461	-0.8856051031216339	3.2036968777848784e-07	3.2036968777848784e-07	3.6175243632149846e-07
0.5194558094933389	0.5194560740164889	-2.645231499398548e-07	2.645231499398548e-07	5.092312860989321e-07
-0.7035799695502818	-0.7035799194454739	-5.0104807858275535e-08	5.0104807858275535e-08	7.121409083078617e-08
1.7391896449680424	1.7391933824910666	-3.737523024183176e-06	3.737523024183176e-06	2.149002574271797e-06
-0.12725842360601322	-0.12725671604130184	-1.707564711378451e-06	1.707564711378451e-06	1.3418087879706888e-05
3.441991078450003	3.441998311700445	-7.2332504417182975e-06	7.2332504417182975e-06	2.101472745529478e-06
-0.6303745514430801	-0.6303739805844089	-5.708586712227515e-07	5.708586712227515e-07	9.05586480158372e-07
2.2766884250241595	2.2766922916162002	-3.866592040768779e-06	3.866592040768779e-06	1.6983404484641979e-06
-0.23772676802361065	-0.23772636268404312	-4.053395675218674e-07	4.053395675218674e-07	1.7050648982095686e-06
0.4717773508229942	0.4717772485491878	1.0227380642380268e-07	1.0227380642380268e-07	2.1678405342136638e-07
4.203208351625582	4.203212128231826	-3.776606243732772e-06	3.776606243732772e-06	8.98505600435481e-07
2.774605663328563	2.7746117166316253	-6.05330306235885e-06	6.05330306235885e-06	2.181680496931225e-06
0.7273956530166805	0.7273979208548553	-2.2678381748075793e-06	2.2678381748075793e-06	3.117750519132637e-06
-0.5932900606387512	-0.5932902226959413	1.620571901117529e-07	1.620571901117529e-07	2.731500169365352e-07
1.4451512719312627	1.4451514812208188	-2.0928955613008782e-07	2.0928955613008782e-07	1.4482190217388015e-07
-1.034658236422409	-1.0346585650040652	3.2858165610605283e-07	3.2858165610605283e-07	3.175750644408017e-07
-0.5674208583115392	-0.5674209260178031	6.770626392871293e-08	6.770626392871293e-08	1.1932283231565518e-07
-0.574520799495949	-0.5745201174249814	-6.820709675947612e-07	6.820709675947612e-07	1.1871997814407595e-06
-0.8894410840312222	-0.8894432339729974	2.1499417751646988e-06	2.1499417751646988e-06	2.417182895825429e-06
0.5460748632483395	0.546075209058472	-3.458101324183005e-07	3.458101324183005e-07	6.332650625250182e-07
-0.11980917006437342	-0.11980916224274551	-7.821627900916894e-09	7.821627900916894e-09	6.528405043382186e-08
0.23359258101499192	0.233591340474959	1.2405400329207339e-06	1.2405400329207339e-06	5.310699627233094e-06
-4.418958536626569	-4.418967242600047	8.705973478129181e-06	8.705973478129181e-06	1.9701414724690577e-06
-0.029930974234311125	-0.02993049656652147	-4.776677896556336e-07	4.776677896556336e-07	1.595897901338818e-05
-0.2897373552202027	-0.289737621187669	2.659674662730538e-07	2.659674662730538e-07	9.179605649085751e-07
-0.49900021776738324	-0.4990005818399368	3.6407255354919954e-07	3.6407255354919954e-07	7.296039973251428e-07
-0.3389545068414757	-0.3389553494344	8.42592924266139e-07	8.42592924266139e-07	2.485858447842406e-06
4.710916396281827	4.710926806637872	-1.0410356044765479e-05	1.0410356044765479e-05	2.20983672157333e-06
0.5201468372773275	0.5201469507483125	-1.1347098505254394e-07	1.1347098505254394e-07	2.181518312146238e-07
-2.148466255676742	-2.1484670314748655	7.757981235201328e-07	7.757981235201328e-07	3.6109392990013024e-07
-2.0234322222653605	-2.0234325425008137	3.2023545326609337e-07	3.2023545326609337e-07	1.582634939496859e-07
0.3670091766867565	0.3670077326205501	1.444066206390815e-06	1.444066206390815e-06	3.934686918260167e-06
0.17086469255483802	0.17086380103137344	8.915234645801018e-07	8.915234645801018e-07	5.2177161428126675e-06
-5.739454774795502	-5.739465594615467	1.0819819965313116e-05	1.0819819965313116e-05	1.8851651227966386e-06
0.3848870578868969	0.38488675772896386	3.0015793306414906e-07	3.0015793306414906e-07	7.798597716225459e-07
0.5864274098459474	0.5864284566996503	-1.0468537028351932e-06	1.0468537028351932e-06	1.7851377429820311e-06
-0.6324805562109399	-0.6324794630927499	-1.0931181899653808e-06	1.0931181899653808e-06	1.728303232772918e-06
-1.373045962137091	-1.373048905406904	2.943269812982763e-06	2.943269812982763e-06	2.143606182273521e-06
1.5564194172243417	1.5564208492833131	-1.4320589714067467e-06	1.4320589714067467e-06	9.200983716591157e-07
-0.03189168520332096	-0.03189129347447306	-3.9172884790106277e-07	3.9172884790106277e-07	1.2283102802616122e-05
7.700911824793592	7.700931770159514	-1.9945365921536506e-05	1.9945365921536506e-05	2.590000557767859e-06
-0.41977361364406357	-0.41977726823461126	3.6545905476859097e-06	3.6545905476859097e-06	8.706098784914879e-06
2.2033504431594095	2.203352623837418	-2.180678008389947e-06	2.180678008389947e-06	9.897100187399366e-07
-3.150192082820298	-3.1501922708230268	1.8800272894026193e-07	1.8800272894026193e-07	5.967976681978935e-08
1.404120824099285	1.4041212598385755	-4.357392904275059e-07	4.357392904275059e-07	3.103289139715051e-07
0.32079269195915655	0.32079275661089923	-6.465174268166507e-08	6.465174268166507e-08	2.015374548803517e-07
0.6966394143719792	0.696638338467892	1.0759040871555214e-06	1.0759040871555214e-06	1.5444203485463848e-06
-0.08681224098104345	-0.08681194594828412	-2.950327593342905e-07	2.950327593342905e-07	3.39851564710459e-06
4.57570321380306	4.5757120037706045	-8.789967544053923e-06	8.789967544053923e-06	1.921009106870856e-06
-0.38466091776115263	-0.3846606796287233	-2.381324293310172e-07	2.381324293310172e-07	6.190710268072534e-07
-3.214192080078978	-3.2141985357156955	6.455636717639379e-06	6.455636717639379e-06	2.0084788204321483e-06
0.7251478839642341	0.725148656329111	-7.72364876833187e-07	7.72364876833187e-07	1.0651136049805831e-06
-6.5708472741347705	-6.570859867224499	1.2593089728341056e-05	1.2593089728341056e-05	1.916509272390489e-06
0.2926114845967059	0.29261133840918774	1.4618751814632347e-07	1.4618751814632347e-07	4.995959688588696e-07
-0.029243536511481365	-0.02924473710663733	1.2005951559659889e-06	1.2005951559659889e-06	4.1055060337679086e-05
-7.312928604531538	-7.312947574973805	1.8970442266841303e-05	1.8970442266841303e-05	2.594096468422522e-06
-0.7299929973577717	-0.7299963058358117	3.308478039976137e-06	3.308478039976137e-06	4.532205174503397e-06
-1.437211850277961	-1.4372224613907747	1.0611112813752044e-05	1.0611112813752044e-05	7.383123658283101e-06
-0.9790178630946866	-0.9790179101401009	4.7045414230950655e-08	4.7045414230950655e-08	4.8053683190457386e-08
-0.7758683440543789	-0.7758685860608239	2.420064449948356e-07	2.420064449948356e-07	3.119168952430851e-07
-0.7479994754430314	-0.7479993887500314	-8.669300000097024e-08	8.669300000097024e-08	1.1589981389976643e-07
0.47774501343259446	0.47774636641406687	-1.3529814724133615e-06	1.3529814724133615e-06	2.8320158962878534e-06
0.6148049922909493	0.6148037964521791	1.1958387702293294e-06	1.1958387702293294e-06	1.9450700388317806e-06
4.673895032308387	4.6739040399188525	-9.007610465516791e-06	9.007610465516791e-06	1.9272171076268326e-06
0.3429320290658363	0.3429326352488715	-6.061830352122044e-07	6.061830352122044e-07	1.7676477664202925e-06
2.3093951480799157	2.3093996701391006	-4.522059184886018e-06	4.522059184886018e-06	1.9581140926210753e-06
0.8112802023924458	0.8112812747640419	-1.0723715960780922e-06	1.0723715960780922e-06	1.3218264083305547e-06
0.49596727453274714	0.49596832923270995	-1.0546999628102682e-06	1.0546999628102682e-06	2.1265515225856494e-06
-0.29388197113827347	-0.2938822667601926	2.9562191911081115e-07	2.9562191911081115e-07	1.0059205672460901e-06
-0.07437503830758448	-0.07437456679326715	-4.7151431732672666e-07	4.7151431732672666e-07	6.3396850348733665e-06
3.5739055183438984	3.5739138338612975	-8.315517399104522e-06	8.315517399104522e-06	2.3267311786568507e-06
-1.5137458835217583	-1.5137484238039178	2.5402821595132963e-06	2.5402821595132963e-06	1.6781430669216962e-06
3.5791278717507944	3.579133014227409	-5.142476614761193e-06	5.142476614761193e-06	1.4367960014364222e-06
-1.8693133833917972	-1.8693137581067276	3.747149304178521e-07	3.747149304178521e-07	2.0045591806438911e-07
0.01866263846461903	0.018662874936126173	-2.3647150714303788e-07	2.3647150714303788e-07	1.2670850779826491e-05
-0.09050264546121815	-0.09050277003552765	1.245743094929752e-07	1.245743094929752e-07	1.3764714706196884e-06
0.14823895043321825	0.14823911169514759	-1.6126192933785255e-07	1.6126192933785255e-07	1.0878512622126339e-06
-0.36797018347647026	-0.367968617410952	-1.56606551826588e-06	1.56606551826588e-06	4.255957652520022e-06
-4.232363784770648	-4.232371488797071	7.704026423027699e-06	7.704026423027699e-06	1.82026565172615e-06
-0.05144641166392278	-0.05144586066307966	-5.510008431255931e-07	5.510008431255931e-07	1.07101899880801e-05
1.8336321322978884	1.8336354687562562	-3.3364583678086035e-06	3.3364583678086035e-06	1.8195898234109746e-06
0.5431916379905356	0.5431913423308288	2.9565970682821074e-07	2.9565970682821074e-07	5.44300917300502e-07
-3.344935991923389	-3.3449419261160074	5.934192618184397e-06	5.934192618184397e-06	1.7740825631680162e-06
-0.44320627613424146	-0.4432073765201494	1.1003859079483647e-06	1.1003859079483647e-06	2.4827850308127674e-06
0.3992566541057287	0.3992556967205019	9.573852268185412e-07	9.573852268185412e-07	2.3979192756672562e-06
-0.09576328047487154	-0.09576256525178906	-7.152230824813977e-07	7.152230824813977e-07	7.4686568686321635e-06
-0.2697835524641994	-0.26978707137459423	3.5189103948507494e-06	3.5189103948507494e-06	1.304345784874233e-05
-2.979076675651389	-2.9790805460834235	3.870432034425164e-06	3.870432034425164e-06	1.299205242368888e-06
0.3506136771917116	0.35061412472714437	-4.4753543276820906e-07	4.4753543276820906e-07	1.2764346113158093e-06
0.1684726377969854	0.16847246570250718	1.7209447822352786e-07	1.7209447822352786e-07	1.0214980929479295e-06
-0.21766558236096695	-0.21766576765003265	1.8528906570169923e-07	1.8528906570169923e-07	8.512556909177495e-07
1.2841640316329208	1.2841648281209928	-7.964880719413259e-07	7.964880719413259e-07	6.20238577254438e-07
-1.6696494872959935	-1.6696501247679407	6.374719472290735e-07	6.374719472290735e-07	3.8179986403102054e-07
-3.734727185872579	-3.734734439603926	7.253731347134362e-06	7.253731347134362e-06	1.942238612387321e-06
0.8731587905606683	0.8731582211112254	5.69449442822112e-07	5.69449442822112e-07	6.521716885613211e-07
-0.8950269274484576	-0.8950283936428605	1.466194402888199e-06	1.466194402888199e-06	1.6381567502868607e-06
-0.024356625180402578	-0.02435706937831128	4.441979087020653e-07	4.441979087020653e-07	1.8237251893972093e-05
3.535030070968019	3.535037603796809	-7.532828790068891e-06	7.532828790068891e-06	2.1309093950666535e-06
-0.3418109843397879	-0.34180930833827006	-1.6760015178474141e-06	1.6760015178474141e-06	4.903299175960163e-06
-0.0037638514358633293	-0.0037641311791958287	2.7974333249945055e-07	2.7974333249945055e-07	7.432369137473268e-05
-0.43356401994126476	-0.4335603925937903	-3.6273474744441536e-06	3.6273474744441536e-06	8.366348007695734e-06
-4.871527571833422	-4.871535596521426	8.02468800387146e-06	8.02468800387146e-06	1.6472631809104865e-06
3.879703989367645	3.8797116194473347	-7.630079689846525e-06	7.630079689846525e-06	1.9666654236397443e-06
2.6156859852091476	2.615686370518233	-3.8530908552658616e-07	3.8530908552658616e-07	1.4730708797056816e-07
1.969931677493288	1.969931623989396	5.3503891983552876e-08	5.3503891983552876e-08	2.7160277990775737e-08
0.11944826820553499	0.11944840525757172	-1.3705203673330946e-07	1.3705203673330946e-07	1.147375669754237e-06
-0.1844836652570912	-0.18448468790666084	1.0226495696374904e-06	1.0226495696374904e-06	5.543306873334043e-06
-1.3002711007862156	-1.3002715068068937	4.0602067818973353e-07	4.0602067818973353e-07	3.1225848051551024e-07
-2.8570865362871993	-2.857091821169888	5.284882688805226e-06	5.284882688805226e-06	1.8497454038171912e-06
-0.05852026972465198	-0.05851931018696632	-9.5953768565471e-07	9.5953768565471e-07	1.6396672301230007e-05
9.774662340532911	9.774680884675035	-1.8544142124099494e-05	1.8544142124099494e-05	1.8971644725978815e-06
-0.08684611793596737	-0.08684691147209378	7.935361264060914e-07	7.935361264060914e-07	9.137266526883499e-06
0.2784732541233019	0.27847412047776743	-8.663544655007627e-07	8.663544655007627e-07	3.1110868015969664e-06
-0.7255407807503556	-0.7255412133417849	4.325914293445976e-07	4.325914293445976e-07	5.962331006359295e-07
0.14287301117149503	0.1428729310646304	8.010686464166028e-08	8.010686464166028e-08	5.606857725249834e-07
2.3216305121138583	2.3216362537823443	-5.741668485992335e-06	5.741668485992335e-06	2.473118980834083e-06
-4.9718497477897605	-4.971862968432106	1.3220642345324052e-05	1.3220642345324052e-05	2.6590993324368456e-06
1.402992503247735	1.4029995118107763	-7.0085630412553e-06	7.0085630412553e-06	4.995438696237819e-06
2.0364110870380485	2.036411467088328	-3.800502796913463e-07	3.800502796913463e-07	1.866274850448432e-07
0.6716438118950192	0.6716437987961399	1.3098879314554779e-08	1.3098879314554779e-08	1.9502717188142857e-08
3.397119654207597	3.397120352019556	-6.978119588829657e-07	6.978119588829657e-07	2.05412829076736e-07
0.33054097428530027	0.3305410900793504	-1.1579405012618338e-07	1.1579405012618338e-07	3.5031678107851736e-07
-0.4981735764744695	-0.49817310173239093	-4.747420785933265e-07	4.747420785933265e-07	9.529651932826994e-07
1.1546878391912399	1.1546903424459742	-2.5032547343872835e-06	2.5032547343872835e-06	2.1679060343621524e-06
-0.5986592693487557	-0.5986602118355222	9.424867665197567e-07	9.424867665197567e-07	1.5743291965478621e-06
4.125704511034653	4.125712237510015	-7.72647536262383e-06	7.72647536262383e-06	1.8727650858074102e-06
-0.09544273421607499	-0.09544320937493467	4.7515885967519544e-07	4.7515885967519544e-07	4.978470740365342e-06
-1.8185689811195977	-1.8185719345638063	2.953444208531053e-06	2.953444208531053e-06	1.6240484904305208e-06
-0.9035524901930431	-0.9035516959556844	-7.942373586589113e-07	7.942373586589113e-07	8.790162910062075e-07
0.19590980361935265	0.19590927331591956	5.303034330828016e-07	5.303034330828016e-07	2.7068754257605534e-06
-4.86102506845558	-4.861034229179495	9.160723915435653e-06	9.160723915435653e-06	1.8845251333678377e-06
5.293871136147439	5.29388419317911	-1.3057031670982155e-05	1.3057031670982155e-05	2.4664430499311844e-06
-1.4492983550818774	-1.4493012836283015	2.928546424030287e-06	2.928546424030287e-06	2.020664974717949e-06
1.1291845585883171	1.1291844639345072	9.465380990114625e-08	9.465380990114625e-08	8.382492408458051e-08
0.5872367195802634	0.5872368260497751	-1.0646951176251918e-07	1.0646951176251918e-07	1.8130595075631498e-07
0.015273277939312099	0.015273283224814804	-5.285502705648648e-09	5.285502705648648e-09	3.460621044578925e-07
0.2848264046931595	0.28482587777034496	5.269228145476923e-07	5.269228145476923e-07	1.849978814693605e-06
0.6374095099509711	0.6374082909132994	1.219037671695844e-06	1.219037671695844e-06	1.9124874239633027e-06
1.8354234993163163	1.835426774505322	-3.275189005780277e-06	3.275189005780277e-06	1.7844323160296596e-06
-0.8959154145421347	-0.8959140614024363	-1.353139698401229e-06	1.353139698401229e-06	1.5103431377980728e-06
-2.4374885093595715	-2.437492876651959	4.36729238728617e-06	4.36729238728617e-06	1.7917181437026087e-06
0.249166587970502	0.24916664051488624	-5.254438423252239e-08	5.254438423252239e-08	2.108805384401818e-07
10.80517749490157	10.80519804281721	-2.0547915639212988e-05	2.0547915639212988e-05	1.9016731237324452e-06
-0.3141751683360977	-0.3141757761113695	6.077752717770224e-07	6.077752717770224e-07	1.934510849459744e-06
1.0718237162609443	1.0718227240431588	9.922177854893022e-07	9.922177854893022e-07	9.257285227375381e-07
-1.0422396622282553	-1.0422396162539371	-4.597431813024855e-08	4.597431813024855e-08	4.4111080969570665e-08
3.8119606146213645	3.811964260876266	-3.6462549015681134e-06	3.6462549015681134e-06	9.56530056365834e-07
-2.182452172754128	-2.1824574332640623	5.26050993432392e-06	5.26050993432392e-06	2.4103666508693575e-06
1.8841978062031957	1.8841983537640772	-5.475608815252997e-07	5.475608815252997e-07	2.9060689897982485e-07
-1.023207282968821	-1.023207214075228	-6.889359305262133e-08	6.889359305262133e-08	6.733102295043051e-08
2.309582103624289	2.3095825908967527	-4.872724637117187e-07	4.872724637117187e-07	2.1097862810205847e-07
0.8153940224301252	0.8153931812557857	8.411743394054483e-07	8.411743394054483e-07	1.031617005111823e-06
1.0720285210042275	1.072028722774121	-2.0176989345976892e-07	2.0176989345976892e-07	1.8821317670798542e-07
5.738700859527889	5.73871150118066	-1.0641652770537746e-05	1.0641652770537746e-05	1.8543661764264206e-06
0.2934369102265719	0.2934352492047765	1.661021795440476e-06	1.661021795440476e-06	5.660575536178964e-06
-1.242304950536317	-1.2423074535945489	2.5030582317953076e-06	2.5030582317953076e-06	2.0148500822722385e-06
-0.8750974202825488	-0.8750963997954386	-1.0204871101482382e-06	1.0204871101482382e-06	1.1661411478264289e-06
-0.9535348041878113	-0.9535367071293877	1.902941576314987e-06	1.902941576314987e-06	1.9956708113405974e-06
-0.43579519150693447	-0.43579499197221594	-1.9953471852574012e-07	1.9953471852574012e-07	4.578635157395147e-07
-0.2216195689928816	-0.22161889683047775	-6.721624038474872e-07	6.721624038474872e-07	3.0329560106178033e-06
-3.0966444484912112	-3.096645468758652	1.020267440754452e-06	1.020267440754452e-06	3.2947516504568694e-07
-4.46569236197319	-4.465700679702422	8.317729232487636e-06	8.317729232487636e-06	1.8625844680470562e-06
3.6570083675128857	3.6570138418028364	-5.474289950679889e-06	5.474289950679889e-06	1.4969312072979828e-06
-0.9093186647939899	-0.90931887507395	2.1027996011113714e-07	2.1027996011113714e-07	2.312500207600786e-07
-0.32668911269986106	-0.32668921812728513	1.0542742406860484e-07	1.0542742406860484e-07	3.2271483796114176e-07
0.2866282298799079	0.28662808108492754	1.487949803369304e-07	1.487949803369304e-07	5.191218617903507e-07
0.06044023265679908	0.06043899020369281	1.2424531062663058e-06	1.2424531062663058e-06	2.055672275984429e-05
0.9729894264471461	0.9729897010402055	-2.7459305940169543e-07	2.7459305940169543e-07	2.822158719693051e-07
-4.0228438237907005	-4.022851885110867	8.061320166952157e-06	8.061320166952157e-06	2.003885937425238e-06
-0.14715958087403305	-0.14715863471792545	-9.461561076007374e-07	9.461561076007374e-07	6.429456390003152e-06
5.543891409744065	5.543902259887545	-1.0850143480567453e-05	1.0850143480567453e-05	1.9571349217802146e-06
1.1311779241047224	1.1311773760098731	5.480948492841975e-07	5.480948492841975e-07	4.845346055687839e-07
6.941381382090338	6.941394558907632	-1.317681729418041e-05	1.317681729418041e-05	1.8982989939406446e-06
0.20640576055397855	0.20640514048864134	6.200653372145926e-07	6.200653372145926e-07	3.0041086816103425e-06
-0.22120526291872042	-0.221205575599015	3.1268029457298674e-07	3.1268029457298674e-07	1.4135300871565515e-06
-8.019455454841829	-8.019471383704513	1.5928862683978195e-05	1.5928862683978195e-05	1.9862773443502303e-06
2.6093638695148376	2.609370380469045	-6.510954207339381e-06	6.510954207339381e-06	2.49522662722772e-06
-6.8481220663922775	-6.848137214547023	1.5148154745681097e-05	1.5148154745681097e-05	2.212015878049533e-06
2.752977341247002	2.7529771614354104	1.798115918383303e-07	1.798115918383303e-07	6.531531848964726e-08
2.3320481499359027	2.332047978597984	1.7133791851975388e-07	1.7133791851975388e-07	7.347100381459241e-08
1.4175497434790674	1.4175502856232924	-5.42144225068597e-07	5.42144225068597e-07	3.824516406302766e-07
-0.807798144429107	-0.8077970906015253	-1.0538275817539855e-06	1.0538275817539855e-06	1.3045679654274945e-06
-0.4170000564367401	-0.41700073688843986	6.804516997638288e-07	6.804516997638288e-07	1.6317784356632454e-06
11.318994343621746	11.319015492063045	-2.1148441298635134e-05	2.1148441298635134e-05	1.8684028506960321e-06
-0.4432347119959021	-0.44323406746116234	-6.445347397465717e-07	6.445347397465717e-07	1.454161243022254e-06
0.32553801088129053	0.32553822347836103	-2.12597070503584e-07	2.12597070503584e-07	6.530637387875078e-07
-0.6693689893810404	-0.6693700197502039	1.030369163546041e-06	1.030369163546041e-06	1.5393141598908165e-06
6.851878823733486	6.851891821497702	-1.2997764216038377e-05	1.2997764216038377e-05	1.8969635264150936e-06
0.3736880492004716	0.3736860853678081	1.9638326634874304e-06	1.9638326634874304e-06	5.255272861118171e-06
-0.6080440474861843	-0.6080444204599189	3.729737345636863e-07	3.729737345636863e-07	6.133992037347604e-07
2.64782618371774	2.64783368766075	-7.5039430100787285e-06	7.5039430100787285e-06	2.834001361653826e-06
0.15334338483137044	0.15334069439632003	2.690435050411999e-06	2.690435050411999e-06	1.7545165403585114e-05
-2.150688627625884	-2.1506918410523213	3.2134264373873123e-06	3.2134264373873123e-06	1.4941383871707036e-06
2.3408728754394965	2.3408730853589077	-2.0991941118708723e-07	2.0991941118708723e-07	8.967569891964983e-08
2.280329637804946	2.2803297724749427	-1.3466999693179105e-07	1.3466999693179105e-07	5.9057249749832185e-08
0.9943501415889975	0.9943501099769492	3.16120483123683e-08	3.16120483123683e-08	3.179166672803146e-08
-1.1072528640587378	-1.1072521347159636	-7.293427741750236e-07	7.293427741750236e-07	6.58695766657627e-07
-1.19962027179878	-1.199619253839046	-1.017959734062046e-06	1.017959734062046e-06	8.485682994800165e-07
-1.1713577777976032	-1.1713603735188372	2.5957212339555724e-06	2.5957212339555724e-06	2.215993510399589e-06
-0.5017303851973348	-0.5017308412789134	4.560815786147643e-07	4.560815786147643e-07	9.090172572175064e-07
0.3344108711672847	0.33441148298152257	-6.118142378830349e-07	6.118142378830349e-07	1.8295285549403769e-06
-0.2870696239439911	-0.2870708140108036	1.1900668124842362e-06	1.1900668124842362e-06	4.1455685771770295e-06
-0.3093571803599148	-0.3093577188337804	5.384738656077914e-07	5.384738656077914e-07	1.7406218435961819e-06
-0.6127646621007264	-0.6127639721853484	-6.899153780492995e-07	6.899153780492995e-07	1.1259059484339046e-06
0.447360535833152	0.4473583230719669	2.212761185116374e-06	2.212761185116374e-06	4.94625924254894e-06
-3.0761486704975023	-3.0761533716940903	4.701196588019485e-06	4.701196588019485e-06	1.52827353017992e-06
-2.3442524615836993	-2.344257924505655	5.462921955690092e-06	5.462921955690092e-06	2.3303471128700546e-06
2.3256852979396148	2.3256945314642508	-9.233524635998691e-06	9.233524635998691e-06	3.970238210723915e-06
-0.4882826107942013	-0.4882828084191715	1.97624970166288e-07	1.97624970166288e-07	4.0473481094247257e-07
1.2898800738758298	1.2898802306153812	-1.567395513379921e-07	1.567395513379921e-07	1.2151482491470803e-07
0.44779722232704616	0.4477973998291418	-1.7750209563294206e-07	1.7750209563294206e-07	3.963894521509658e-07
1.3803353671898422	1.380333598717698	1.768472144281219e-06	1.768472144281219e-06	1.2811901993655104e-06
0.5488786251396809	0.548877887922572	7.372171089148338e-07	7.372171089148338e-07	1.3431332085982101e-06
2.117768941701339	2.1177729258852196	-3.984183880589853e-06	3.984183880589853e-06	1.8813118854170673e-06
0.18861637614559615	0.1886167792690685	-4.0312347235338386e-07	4.0312347235338386e-07	2.1372665544279467e-06
-0.22561332625576136	-0.22561407922694343	7.529711820719598e-07	7.529711820719598e-07	3.3374410748165264e-06
0.8133938262381956	0.8133942583299358	-4.320917402766966e-07	4.320917402766966e-07	5.312208260481217e-07
0.019671068377187614	0.019671035715873586	3.2661314028348265e-08	3.2661314028348265e-08	1.6603731633725261e-06
-0.751395187899589	-0.7513937234762125	-1.464423376562607e-06	1.464423376562607e-06	1.948938987293996e-06
0.38507674159929745	0.38507620729433256	5.343049648831588e-07	5.343049648831588e-07	1.3875285291552223e-06
1.4880622083868378	1.4880637613714498	-1.552984612018804e-06	1.552984612018804e-06	1.0436288236244817e-06
-2.0138497839260627	-2.0138553168180806	5.5328920178787655e-06	5.5328920178787655e-06	2.7474204193583002e-06
6.148901178015338	6.148916360871226	-1.51828558880851e-05	1.51828558880851e-05	2.469198227216529e-06
1.539141652521229	1.5391418050967332	-1.525755042308674e-07	1.525755042308674e-07	9.913025482803181e-08
-0.3367089202522093	-0.3367089211678831	9.156738145499332e-10	9.156738145499332e-10	2.719481901055828e-09
0.3929592147836164	0.3929592558051809	-4.1021564478604944e-08	4.1021564478604944e-08	1.043914048464127e-07
0.1992409818681144	0.1992419615817198	-9.797136054090494e-07	9.797136054090494e-07	4.917229358253018e-06
-0.03736242946596359	-0.037362598504842026	1.6903887843644494e-07	1.6903887843644494e-07	4.524301038572342e-06
-2.347108242480433	-2.347112882489455	4.640009021894542e-06	4.640009021894542e-06	1.9769045747080513e-06
-0.10902742590384992	-0.10902712119786884	-3.0470598108567337e-07	3.0470598108567337e-07	2.7947645150715582e-06
-2.8253659868646595	-2.825371618200734	5.631336074340965e-06	5.631336074340965e-06	1.9931350842763282e-06
-0.13253513919462764	-0.13253514771349728	8.518869637486048e-09	8.518869637486048e-09	6.42763095828956e-08
-1.798123881490223	-1.7981277137550933	3.832264870329283e-06	3.832264870329283e-06	2.131257423238956e-06
0.06537130851763522	0.06537030321851489	1.005299120324099e-06	1.005299120324099e-06	1.5378292757485488e-05
0.6729514263304793	0.6729521669512906	-7.406208112348267e-07	7.406208112348267e-07	1.100556120778791e-06
1.800123428964996	1.8001281646320422	-4.735667046062986e-06	4.735667046062986e-06	2.6307457421327036e-06
4.792774282805536	4.792786850885022	-1.2568079486463546e-05	1.2568079486463546e-05	2.622297388707109e-06
-0.894771037503421	-0.8947705723585386	-4.651448823889126e-07	4.651448823889126e-07	5.198479419793851e-07
1.0129260723383364	1.0129261686415703	-9.630323383191808e-08	9.630323383191808e-08	9.507429659659405e-08
0.1507541003379917	0.15075415967658046	-5.9338588764834554e-08	5.9338588764834554e-08	3.9361177329039176e-07
-0.7517599708662421	-0.751760432649462	4.617832198849925e-07	4.617832198849925e-07	6.142694979527659e-07
1.0597641255944978	1.0597647792565112	-6.536620134056648e-07	6.536620134056648e-07	6.167995288942045e-07
0.16206538575927013	0.16206444070121506	9.450580550629528e-07	9.450580550629528e-07	5.831338077748015e-06
3.0144523799666088	3.0144585980451666	-6.2180785578291875e-06	6.2180785578291875e-06	2.0627556099917775e-06
0.04969349137454947	0.04969212523064925	1.3661439002138343e-06	1.3661439002138343e-06	2.74914050598084e-05
-5.842413950141661	-5.8424254866622505	1.1536520589494614e-05	1.1536520589494614e-05	1.974615405198204e-06
-0.4029385953586035	-0.4029386209367658	2.5578162310413433e-08	2.5578162310413433e-08	6.347905761583752e-08
1.356749765671947	1.3567519308708142	-2.1651988673099254e-06	2.1651988673099254e-06	1.5958719301768843e-06
-0.17512946475373298	-0.17512905969852	-4.050552129819529e-07	4.050552129819529e-07	2.3128901441658687e-06
1.6814907024472303	1.6814897776384896	9.248087406987793e-07	9.248087406987793e-07	5.499933715677517e-07
-3.2033003767485626	-3.203305165243364	4.788494801566401e-06	4.788494801566401e-06	1.4948628721565144e-06
2.0523184507404477	2.052320936400065	-2.4856596172462275e-06	2.4856596172462275e-06	1.211147137691734e-06
-4.146874122133987	-4.146879117342905	4.995208918501248e-06	4.995208918501248e-06	1.204572111759859e-06
-1.2506500276175645	-1.2506502548603748	2.2724281034669502e-07	2.2724281034669502e-07	1.8169976038747066e-07
1.1834446832458674	1.1834449496745947	-2.6642872730242573e-07	2.6642872730242573e-07	2.2512985277155844e-07
0.39770005776701384	0.3976998759753769	1.8179163691067757e-07	1.8179163691067757e-07	4.5710739377658645e-07
-0.5469167035168981	-0.5469172128869104	5.093700122804634e-07	5.093700122804634e-07	9.313484283895625e-07
-1.7791622619211165	-1.7791620971365774	-1.647845391250513e-07	1.647845391250513e-07	9.261917400783843e-08
4.681527682078474	4.681536644056905	-8.96197843136548e-06	8.96197843136548e-06	1.9143277664838245e-06
0.5862086888682091	0.5862069333488762	1.755519332902189e-06	1.755519332902189e-06	2.9947002940054734e-06
3.4365459476767293	3.4365518904451164	-5.942768387168229e-06	5.942768387168229e-06	1.7292852991492307e-06
-0.4636858738221281	-0.4636862049665069	3.3114437880676917e-07	3.3114437880676917e-07	7.141567114761783e-07
1.688240849311715	1.6882440340850735	-3.1847733585887994e-06	3.1847733585887994e-06	1.8864449109184932e-06
-0.5428096580051145	-0.5428082895377884	-1.3684673261238345e-06	1.3684673261238345e-06	2.5210813881851387e-06
-0.29469220495805	-0.2946923614217667	1.5646371670507975e-07	1.5646371670507975e-07	5.309394482536539e-07
-1.3749816984621268	-1.3749800905316079	-1.607930518954248e-06	1.607930518954248e-06	1.1694195790043366e-06
0.6211485699900463	0.6211516579242016	-3.08793415526587e-06	3.08793415526587e-06	4.971329412084702e-06
1.5934985298815585	1.5935010842440533	-2.554362494855411e-06	2.554362494855411e-06	1.6029901797557804e-06
1.4785736768651776	1.4785740690967941	-3.9223161651946725e-07	3.9223161651946725e-07	2.6527701842431256e-07
-0.319068898396854	-0.3190690022165654	1.0381971143891278e-07	1.0381971143891278e-07	3.253833637830256e-07
3.176574767400136	3.1765750923113956	-3.249112596748205e-07	3.249112596748205e-07	1.0228352343827995e-07
0.3874266717379447	0.38742486822229694	1.8035156477691494e-06	1.8035156477691494e-06	4.655114836773672e-06
-0.17777278920236614	-0.17777327320800396	4.840056378185853e-07	4.840056378185853e-07	2.7226081111188598e-06
-2.506336281693844	-2.5063413195312023	5.037837358390362e-06	5.037837358390362e-06	2.0100404703018015e-06
-1.6519020541101195	-1.6519029541086638	8.999985443569614e-07	8.999985443569614e-07	5.448256100400523e-07
6.835276127622325	6.835288429101638	-1.2301479313414632e-05	1.2301479313414632e-05	1.7997048083694237e-06
0.6890661176873312	0.6890633467264706	2.7709608605430702e-06	2.7709608605430702e-06	4.021327982056454e-06
0.3432856118665915	0.3432858320593368	-2.2019274531492883e-07	2.2019274531492883e-07	6.414272480505261e-07
-0.27595606837858727	-0.2759555618467857	-5.06531801558463e-07	5.06531801558463e-07	1.8355523201017137e-06
-0.522725910868589	-0.5227252904660418	-6.204025472245078e-07	6.204025472245078e-07	1.1868601389849111e-06
-2.6012271812613994	-2.6012290709331864	1.8896717870475754e-06	1.8896717870475754e-06	7.264539601386246e-07
7.253202565461983	7.253216627304937	-1.4061842954049553e-05	1.4061842954049553e-05	1.9387081536931957e-06
-1.8586210300040666	-1.8586268947728968	5.8647688301327605e-06	5.8647688301327605e-06	3.1554409077787788e-06
-0.8125640554012412	-0.8125642048071313	1.494058901041484e-07	1.494058901041484e-07	1.838696766255213e-07
0.8647591515943099	0.8647592785564484	-1.269621384691888e-07	1.269621384691888e-07	1.4681791830143171e-07
0.004246875777825722	0.0042466449485800695	2.3082924565254875e-07	2.3082924565254875e-07	5.4352718969973425e-05
0.3826379261866648	0.3826372521871235	6.739995412896604e-07	6.739995412896604e-07	1.761455138560569e-06
-0.29789933347158726	-0.2978990132760373	-3.201955499632092e-07	3.201955499632092e-07	1.0748448015367866e-06
0.36425549695101694	0.3642562451204867	-7.481694697664132e-07	7.481694697664132e-07	2.0539689202467213e-06
0.0005690112588139227	0.000569051735510584	-4.0476696661290515e-08	4.0476696661290515e-08	7.113514194018286e-05
-6.393371962947633	-6.393383996964985	1.2034017352391402e-05	1.2034017352391402e-05	1.8822645424251488e-06
-0.7522776342365389	-0.7522780788349337	4.445983947665155e-07	4.445983947665155e-07	5.910030745732902e-07
-1.5973908203316438	-1.5973939534887904	3.133157146617549e-06	3.133157146617549e-06	1.961421780279829e-06
0.4476998131425749	0.4476992771742516	5.359683232786239e-07	5.359683232786239e-07	1.197160033452904e-06
-0.7685905502341571	-0.7685907348786714	1.846445142339448e-07	1.846445142339448e-07	2.4023781476065687e-07
2.1843531448505598	2.1843594249730813	-6.280122521573617e-06	6.280122521573617e-06	2.8750490901063822e-06
3.2957761462176833	3.2957883745439176	-1.2228326234264841e-05	1.2228326234264841e-05	3.710302427031757e-06
1.1338217509805197	1.1338304057062487	-8.654725728973744e-06	8.654725728973744e-06	7.63323310872208e-06
1.1956966123605575	1.1956968533013423	-2.4094078487912896e-07	2.4094078487912896e-07	2.0150662165334818e-07
-1.4595197290870487	-1.4595199836549	2.545678512433369e-07	2.545678512433369e-07	1.744189175178693e-07
1.754059575966931	1.7540599851599836	-4.0919305255293636e-07	4.0919305255293636e-07	2.3328344040273965e-07
0.1584787441405967	0.158478473622381	2.705182157169972e-07	2.705182157169972e-07	1.706968446677007e-06
0.39586116897320356	0.3958611141570145	5.481618903235841e-08	5.481618903235841e-08	1.3847326620729753e-07
0.17654179633446176	0.17654189650784247	-1.0017338070156256e-07	1.0017338070156256e-07	5.674201961318112e-07
-0.6242555385209787	-0.6242564527383365	9.142173578169377e-07	9.142173578169377e-07	1.4644921853363973e-06
-5.413138362665884	-5.4131478950694145	9.532403530521094e-06	9.532403530521094e-06	1.7609754068481888e-06
-0.029562256923161494	-0.02956407388410298	1.8169609414878107e-06	1.8169609414878107e-06	6.146218626712004e-05
-5.071494349759127	-5.071503825092805	9.475333677677611e-06	9.475333677677611e-06	1.8683514215346896e-06
1.4515826243290089	1.4515806738018	1.950527208860464e-06	1.950527208860464e-06	1.3437245501351268e-06
0.5358607931304271	0.5358592743505142	1.5187799129456891e-06	1.5187799129456891e-06	2.8342807169622917e-06
4.169974207309821	4.169983275460254	-9.0681504332224e-06	9.0681504332224e-06	2.17462986157714e-06
3.863557020815787	3.86356824219547	-1.122137968279091e-05	1.122137968279091e-05	2.9044167388583087e-06
-5.1548585234972055	-5.154870487785956	1.1964288750831997e-05	1.1964288750831997e-05	2.3209732519904495e-06
0.7065650894140157	0.7065650206641294	6.874988633942536e-08	6.874988633942536e-08	9.73015612707989e-08
0.5759854952843166	0.5759856835538812	-1.8826956460493705e-07	1.8826956460493705e-07	3.268651140459776e-07
-1.5205250551018687	-1.520525348951196	2.9384932731524316e-07	2.9384932731524316e-07	1.9325516954112702e-07
-0.4462252181028896	-0.4462261031221715	8.850192818599112e-07	8.850192818599112e-07	1.983346628463848e-06
0.44854224330346393	0.44854279531136854	-5.520079046084092e-07	5.520079046084092e-07	1.230670940919482e-06
0.46969331604752584	0.4696933760897082	-6.004218233712777e-08	6.004218233712777e-08	1.278327374176481e-07
-0.1231737123179519	-0.12317373057157965	1.8253627748210377e-08	1.8253627748210377e-08	1.4819418368338005e-07
1.249003316003714	1.249005887984822	-2.5719811080904265e-06	2.5719811080904265e-06	2.0592268051935088e-06
-0.02305800880846364	-0.023057698854245245	-3.099542183956916e-07	3.099542183956916e-07	1.3442367073861132e-05
-0.6702770651712556	-0.6702788996335585	1.8344623028410112e-06	1.8344623028410112e-06	2.7368716582482297e-06
-0.29347147378380617	-0.2934710992121836	-3.745716225522777e-07	3.745716225522777e-07	1.2763476385722457e-06
-1.4456260205259945	-1.445624986445182	-1.0340808125341994e-06	1.0340808125341994e-06	7.153169615457991e-07
2.706379014823053	2.7063811940024607	-2.1791794075909365e-06	2.1791794075909365e-06	8.052011176762004e-07
1.400225682250909	1.4002307752889465	-5.093038037529141e-06	5.093038037529141e-06	3.6372979742393486e-06
2.437304624734918	2.437300796373165	3.828361752944431e-06	3.828361752944431e-06	1.5707358506164592e-06
0.14292153483284925	0.1429214162271819	1.1860566734300804e-07	1.1860566734300804e-07	8.298656145955939e-07
-1.1680200430645256	-1.1680202287607244	1.8569619886221744e-07	1.8569619886221744e-07	1.5898374344245643e-07
0.14807167922554787	0.1480719902247074	-3.1099915953625157e-07	3.1099915953625157e-07	2.1003284433786085e-06
0.5580759323445155	0.5580770239248523	-1.0915803367872456e-06	1.0915803367872456e-06	1.955970995203899e-06
-0.2448547588744674	-0.24485456924594473	-1.8962852266213304e-07	1.8962852266213304e-07	7.744530820385327e-07
6.045758604303966	6.045769787306199	-1.1183002232684203e-05	1.1183002232684203e-05	1.8497268853445523e-06
0.12003173602168603	0.12003203210042557	-2.9607873953951813e-07	2.9607873953951813e-07	2.466670476931416e-06
-1.920167235559607	-1.9201704694751243	3.233915517153463e-06	3.233915517153463e-06	1.6841843029422286e-06
-1.3408854451182048	-1.3408823538156867	-3.0913025181877885e-06	3.0913025181877885e-06	2.305418803255991e-06
-1.238289381632403	-1.2382920076561277	2.6260237246944484e-06	2.6260237246944484e-06	2.1206866211132597e-06
0.5865098451828562	0.5865082589480153	1.5862348409223515e-06	1.5862348409223515e-06	2.704532334709251e-06
-0.8195865123067488	-0.8195842228815309	-2.2894252179606056e-06	2.2894252179606056e-06	2.793390549482025e-06
-1.6537997252758523	-1.6538012191631424	1.4938872900938094e-06	1.4938872900938094e-06	9.033060456244969e-07
-2.8824995637741146	-2.882502812099119	3.2483250045345358e-06	3.2483250045345358e-06	1.1269125745439623e-06
-5.407841501348808	-5.407851413565368	9.912216559548881e-06	9.912216559548881e-06	1.8329340009459606e-06
-1.3364609752682302	-1.336461427854374	4.5258614389531715e-07	4.5258614389531715e-07	3.3864523713794356e-07
1.6545882343400629	1.6545885355299106	-3.011898477289776e-07	3.011898477289776e-07	1.8203311342239057e-07
-0.08497833549064572	-0.08497840872223605	7.323159033345572e-08	7.323159033345572e-08	8.617677659915678e-07
-1.0698406600276014	-1.0698403957576375	-2.6426996391215596e-07	2.6426996391215596e-07	2.470180595915451e-07
0.8577615839278804	0.8577620656069485	-4.816790680761684e-07	4.816790680761684e-07	5.615535564911327e-07
-1.952273412194526	-1.9522773363860324	3.924191506410324e-06	3.924191506410324e-06	2.010062464559813e-06
-0.5786470490522341	-0.5786470474049565	-1.6472775365983239e-09	1.6472775365983239e-09	2.846774280273959e-09
6.661758573931984	6.661769983111299	-1.1409179315080564e-05	1.1409179315080564e-05	1.7126377650078215e-06
0.1678677475239941	0.16786564765425283	2.099869741284399e-06	2.099869741284399e-06	1.2509072006129439e-05
3.159163828777307	3.159169576065324	-5.747288016610952e-06	5.747288016610952e-06	1.8192434226607766e-06
0.002995750938931403	0.0029959287530800793	-1.778141486765035e-07	1.778141486765035e-07	5.935545120447515e-05
0.8620947902118615	0.8620934804639546	1.3097479069079654e-06	1.3097479069079654e-06	1.5192620600178923e-06
-4.309023957019194	-4.309035629376012	1.1672356817982177e-05	1.1672356817982177e-05	2.708816876956199e-06
-3.7419932779674325	-3.7419986347231315	5.356755699015281e-06	5.356755699015281e-06	1.431524671771979e-06
-0.1777902194063011	-0.17778822484615375	-1.9945601473503327e-06	1.9945601473503327e-06	1.1218615703444275e-05
0.0857245509118849	0.08572489332436817	-3.4241248327016027e-07	3.4241248327016027e-07	3.994333940834772e-06
2.2246580953522876	2.2246581670515297	-7.169924209904366e-08	7.169924209904366e-08	3.2229330991956165e-08
-1.6102279380989433	-1.6102282042993465	2.662004032760734e-07	2.662004032760734e-07	1.653184601866697e-07
0.19322467459530182	0.19322415164424456	5.22951057263521e-07	5.22951057263521e-07	2.7064403568478638e-06
-0.00025718592472956375	-0.0002570709511928726	-1.1497353669115548e-07	1.1497353669115548e-07	0.0004470444360905539
-4.35013570234079	-4.350144075942808	8.373602017996973e-06	8.373602017996973e-06	1.9249059318979803e-06
0.009161161490083952	0.009162164587905863	-1.00309782191145e-06	1.00309782191145e-06	0.00010949461190016177
5.076055505152883	5.076064962850069	-9.457697185411007e-06	9.457697185411007e-06	1.8631981419056912e-06
0.5846902310085436	0.5846900435244606	1.8748408292523777e-07	1.8748408292523777e-07	3.206554051738522e-07
2.6130426413735997	2.6130471173928527	-4.476019253019103e-06	4.476019253019103e-06	1.7129530081706557e-06
-0.3866291969406087	-0.386629545573669	3.486330603097443e-07	3.486330603097443e-07	9.017246060785701e-07
-0.40661938464599123	-0.40661866432856186	-7.203174293701764e-07	7.203174293701764e-07	1.7714783322425596e-06
5.951158312319857	5.951174599886144	-1.6287566287687127e-05	1.6287566287687127e-05	2.7368732997690956e-06
2.129115056232593	2.1291168150128215	-1.758780228566792e-06	1.758780228566792e-06	8.260616181442549e-07
-1.3106681235782085	-1.3106734477332793	5.324155070818293e-06	5.324155070818293e-06	4.062168732907768e-06
-0.8596736946525798	-0.859674156345136	4.6169255618622174e-07	4.6169255618622174e-07	5.370555817376798e-07
-0.3479149239637517	-0.3479149240774859	1.1373424424476752e-10	1.1373424424476752e-10	3.269024592248224e-10
0.18080496192398546	0.18080490508509683	5.683888862351161e-08	5.683888862351161e-08	3.1436575644095417e-07
0.7314828671156538	0.7314801659958903	2.701119763526272e-06	2.701119763526272e-06	3.692663061511188e-06
-0.3777111757687253	-0.3777103183892905	-8.573794348376573e-07	8.573794348376573e-07	2.2699339861805827e-06
6.0404349912555055	6.04044659758074	-1.1606325234225778e-05	1.1606325234225778e-05	1.9214386465590288e-06
-0.2508281945608817	-0.25082812908294727	-6.547793440780936e-08	6.547793440780936e-08	2.610469469847274e-07
-2.5781713178785126	-2.5781762724363944	4.954557881742261e-06	4.954557881742261e-06	1.92173338031671e-06
0.6520278968701112	0.6520285969600081	-7.000898969433678e-07	7.000898969433678e-07	1.0737115701704874e-06
-3.268379791301154	-3.2683859562894213	6.16498826744305e-06	6.16498826744305e-06	1.8862521068852728e-06
-1.6420426477776118	-1.6420409601778374	-1.687599774369275e-06	1.687599774369275e-06	1.0277441798806635e-06
0.0010970214054963397	0.0010960484360111877	9.72969485152006e-07	9.72969485152006e-07	0.0008869193256186215
-2.032475857374979	-2.0324815977801336	5.740405154774919e-06	5.740405154774919e-06	2.824341127568853e-06
-1.1228036245703152	-1.1228068647142209	3.2401439056251036e-06	3.2401439056251036e-06	2.885761886336154e-06
-6.92188457587223	-6.921893155322323	8.579450092582874e-06	8.579450092582874e-06	1.2394673731614158e-06
-0.7904241536761406	-0.7904238586888823	-2.949872582869162e-07	2.949872582869162e-07	3.732012197691278e-07
-2.2597999204927133	-2.2598002719860233	3.514933100134954e-07	3.514933100134954e-07	1.5554178351190395e-07
0.24660697812961907	0.24660722965563764	-2.5152601856870405e-07	2.5152601856870405e-07	1.0199468825918602e-06
0.9752467960550883	0.9752473647495208	-5.686944324345689e-07	5.686944324345689e-07	5.831287369873556e-07
-0.18698674602705417	-0.18698779149417533	1.045467121152388e-06	1.045467121152388e-06	5.591129549904701e-06
1.4598875757424021	1.4598908946936717	-3.318951269593029e-06	3.318951269593029e-06	2.273429354931821e-06
0.0008885168255670773	0.0008902761692297645	-1.7593436626872237e-06	1.7593436626872237e-06	0.0019800904294236176
-6.146535009447572	-6.146546928903263	1.1919455690900804e-05	1.1919455690900804e-05	1.939215455956881e-06
-0.3409916728580098	-0.34099186268576887	1.8982775906728477e-07	1.8982775906728477e-07	5.566932396801659e-07
4.7780676045132395	4.778077115133783	-9.51062054355134e-06	9.51062054355134e-06	1.9904742525132656e-06
-0.10374039960603214	-0.10374028306614491	-1.1653988722659658e-07	1.1653988722659658e-07	1.1233799722111366e-06
-0.5046843716491142	-0.5046824708188069	-1.90083030726651e-06	1.90083030726651e-06	3.766374419432345e-06
-1.67842234256913	-1.678426096077601	3.753508470927258e-06	3.753508470927258e-06	2.236331330755424e-06
-4.411944974534329	-4.411954370425519	9.39589119042239e-06	9.39589119042239e-06	2.129648317160643e-06
0.6809401604925973	0.6809449923821376	-4.8318895402577056e-06	4.8318895402577056e-06	7.09590918644346e-06
-2.087972665102941	-2.087972830850049	1.6574710803851644e-07	1.6574710803851644e-07	7.938183809046408e-08
0.11169446734614341	0.11169459548909799	-1.2814295458074554e-07	1.2814295458074554e-07	1.147263222838316e-06
-0.5468177688099253	-0.5468178137562063	4.4946281030355806e-08	4.4946281030355806e-08	8.219608724159658e-08
-0.0136099279931669	-0.013609908819489647	-1.9173677253542243e-08	1.9173677253542243e-08	1.4088007859533658e-06
0.5701220867207497	0.570123056149896	-9.694291462913895e-07	9.694291462913895e-07	1.7003886866888276e-06
-3.577152660872106	-3.577159453470813	6.7925987070616145e-06	6.7925987070616145e-06	1.8988842107190321e-06
1.1004333212357071	1.1004357484125649	-2.427176857722202e-06	2.427176857722202e-06	2.205655545759608e-06
3.97808654102218	3.978094842750579	-8.301728398940611e-06	8.301728398940611e-06	2.0868647057656666e-06
0.15211028544612434	0.15210917899821652	1.1064479078226608e-06	1.1064479078226608e-06	7.273984823429652e-06
-0.8930293155551796	-0.8930306589718384	1.3434166588055518e-06	1.3434166588055518e-06	1.5043365714935963e-06
0.7065581265598331	0.7065574495754845	6.769843485798788e-07	6.769843485798788e-07	9.581438853106873e-07
-1.4162887631930625	-1.4162888187456701	5.5552607625131145e-08	5.5552607625131145e-08	3.922406861428897e-08
-3.7282341693495975	-3.7282392981978774	5.1288482798561574e-06	5.1288482798561574e-06	1.375677612211494e-06
4.953307940945649	4.9533174315001816	-9.49055453247638e-06	9.49055453247638e-06	1.916003334665382e-06
-0.3466063483963215	-0.34660624851312605	-9.98831954368562e-08	9.98831954368562e-08	2.8817474318919965e-07
-0.05655216077037009	-0.05655189988829079	-2.608820793004174e-07	2.608820793004174e-07	4.6131231016924085e-06
-1.3964394785291614	-1.396439813561301	3.3503213958674394e-07	3.3503213958674394e-07	2.399188398337362e-07
-0.9352828829572213	-0.9352831075375434	2.2458032211680745e-07	2.2458032211680745e-07	2.4012020984145336e-07
-0.6198452869932508	-0.6198452074386296	-7.955462122399837e-08	7.955462122399837e-08	1.2834593227271663e-07
0.865132970850361	0.8651331568216847	-1.85971323674039e-07	1.85971323674039e-07	2.1496270508710715e-07
-0.4353815147161879	-0.43538239697227255	8.822560846333261e-07	8.822560846333261e-07	2.026397664605587e-06
-0.12031633805497965	-0.12031515643684543	-1.1816181342272358e-06	1.1816181342272358e-06	9.820928340482609e-06
0.5148223522805825	0.5148233167346916	-9.64454109131374e-07	9.64454109131374e-07	1.873372639822248e-06
0.7191877022453568	0.7191864842752693	1.2179700874526134e-06	1.2179700874526134e-06	1.693535753809501e-06
2.9645493512845476	2.9645552294823574	-5.878197809838781e-06	5.878197809838781e-06	1.9828301415497573e-06
0.7302741510953626	0.7302722947315488	1.856363813890205e-06	1.856363813890205e-06	2.542009478366149e-06
0.1205065039766996	0.12050764189552865	-1.1379188290527864e-06	1.1379188290527864e-06	9.442800110380826e-06
-3.3030198101956385	-3.3030220779437514	2.267748112849688e-06	2.267748112849688e-06	6.865681234637732e-07
-1.7799045832652876	-1.779910264758655	5.68149336754864e-06	5.68149336754864e-06	3.1920213144941583e-06
1.4536497094476104	1.4536494472849881	2.6216262227762854e-07	2.6216262227762854e-07	1.8034786549591154e-07
0.05026851312267318	0.050268593895452796	-8.077277961759943e-08	8.077277961759943e-08	1.6068265122639478e-06
0.4493201832283894	0.44932023865840165	-5.5430012246837634e-08	5.5430012246837634e-08	1.2336417173288332e-07
-0.4477710269830102	-0.44777127004635986	2.430633496697254e-07	2.430633496697254e-07	5.428295602496586e-07
-0.6025398662575935	-0.6025394441167009	-4.2214089257530674e-07	4.2214089257530674e-07	7.00602426852261e-07
-0.9078939311234546	-0.9078929215320386	-1.0095914160235253e-06	1.0095914160235253e-06	1.112014720457738e-06
1.3954160627849768	1.3954189935247996	-2.9307398228262116e-06	2.9307398228262116e-06	2.1002623525610203e-06
1.199304346729591	1.1993024404546304	1.9062749605502916e-06	1.9062749605502916e-06	1.5894839085245993e-06
-2.1875555822353014	-2.1875596830795985	4.100844297028061e-06	4.100844297028061e-06	1.874624046278043e-06
-0.6396672245049241	-0.6396664866770152	-7.378279088809947e-07	7.378279088809947e-07	1.1534558605094124e-06
-0.319554696170851	-0.31955479653333896	1.0036248793143798e-07	1.0036248793143798e-07	3.1406982633664325e-07
-0.043784035974703886	-0.04378286575956736	-1.1702151365283742e-06	1.1702151365283742e-06	2.672698188911737e-05
-0.20781285109189868	-0.20781303646799643	1.8537609774993413e-07	1.8537609774993413e-07	8.920338505338989e-07
1.76543248779183	1.7654400089668343	-7.521175004354674e-06	7.521175004354674e-06	4.260245042710197e-06
6.461809356961386	6.461823303652636	-1.3946691249877574e-05	1.3946691249877574e-05	2.1583260166678597e-06
-6.375066539175427	-6.375082314207248	1.5775031820375318e-05	1.5775031820375318e-05	2.474488967830556e-06
-0.5035490035403704	-0.5035491253693181	1.2182894770784714e-07	1.2182894770784714e-07	2.4194059932854164e-07
-0.7899897048006455	-0.7899899869698856	2.821692401955289e-07	2.821692401955289e-07	3.5718090815719495e-07
0.9737109790435364	0.9737112891343713	-3.100908348985243e-07	3.100908348985243e-07	3.18462913094728e-07
0.5006986945825042	0.5007014060538495	-2.7114713453402217e-06	2.7114713453402217e-06	5.4153753039063114e-06
-0.4531881453445611	-0.453189289146394	1.143801832914626e-06	1.143801832914626e-06	2.5239006021328914e-06
4.374424305820269	4.3744313875322405	-7.0817119715016474e-06	7.0817119715016474e-06	1.618890047332462e-06
0.647612584509277	0.6476122121057415	3.72403535453536e-07	3.72403535453536e-07	5.750406097122428e-07
-9.921912463934547	-9.921931412463891	1.8948529344697818e-05	1.8948529344697818e-05	1.909765825245323e-06
-1.7130641235000141	-1.7130616270151222	-2.49648489192289e-06	2.49648489192289e-06	1.4573213329704464e-06
0.02808828059163559	0.02808861108860583	-3.3049697023904145e-07	3.3049697023904145e-07	1.176636530530317e-05
1.4142794027749535	1.4142785294097848	8.733651686299027e-07	8.733651686299027e-07	6.175336831719924e-07
0.8180890416743257	0.8180882932720124	7.484023133441653e-07	7.484023133441653e-07	9.14817672917929e-07
3.1488698517789686	3.1488720087509137	-2.156971945055375e-06	2.156971945055375e-06	6.849987603764518e-07
-4.0419174646256	-4.041927524667699	1.0060042098913868e-05	1.0060042098913868e-05	2.4889281354600157e-06
-3.2595072549452877	-3.2595137577118294	6.502766541682803e-06	6.502766541682803e-06	1.9950152072270673e-06
1.5984237043535416	1.5984240640136704	-3.5966012879029563e-07	3.5966012879029563e-07	2.2500925618827377e-07
0.19028304544057745	0.19028311635338468	-7.091280723736659e-08	7.091280723736659e-08	3.726701297699779e-07
0.4663820784698015	0.4663822537622764	-1.752924748688045e-07	1.752924748688045e-07	3.7585594078558655e-07
-1.078075169569742	-1.078075395525957	2.2595621507193187e-07	2.2595621507193187e-07	2.095922635544149e-07
-0.19727653625760305	-0.19727735525520984	8.189976067884963e-07	8.189976067884963e-07	4.151520613272791e-06
-0.7817244783252532	-0.7817264522600453	1.973934792176557e-06	1.973934792176557e-06	2.5251029575093584e-06
0.03354943334867245	0.03354948239575606	-4.904708360981003e-08	4.904708360981003e-08	1.4619347844142e-06
4.152903970154802	4.15291192530276	-7.955147958149666e-06	7.955147958149666e-06	1.9155627039103273e-06
0.13550415262787324	0.13550213907365105	2.013554222191072e-06	2.013554222191072e-06	1.4859723360071277e-05
-7.68204822314959	-7.682062534058787	1.43109091963467e-05	1.43109091963467e-05	1.8629028067307965e-06
-0.517355667110587	-0.5173548925085925	-7.746019945464866e-07	7.746019945464866e-07	1.4972330328816368e-06
-0.8248326423819763	-0.8248327603723737	1.1799039745241657e-07	1.1799039745241657e-07	1.4304768190512004e-07
4.976301852871079	4.976311712198367	-9.859327287919939e-06	9.859327287919939e-06	1.981255876234999e-06
0.583329710011447	0.5833314789924771	-1.768981030103589e-06	1.768981030103589e-06	3.032557745205324e-06
3.2639562245853697	3.2639607520650316	-4.527479661842193e-06	4.527479661842193e-06	1.387114088032027e-06
-1.2041400673193536	-1.2041400073030673	-6.001628638507839e-08	6.001628638507839e-08	4.9841615617596825e-08
-0.8824408185650989	-0.8824409924272913	1.738621924207706e-07	1.738621924207706e-07	1.9702419557549575e-07
0.057965330686420215	0.057965296946349554	3.374007066098139e-08	3.374007066098139e-08	5.820732886612483e-07
0.34298412973341563	0.3429841603974637	-3.0664048078499206e-08	3.0664048078499206e-08	8.940369369956807e-08
0.9423691790181169	0.9423701153536967	-9.363355798486239e-07	9.363355798486239e-07	9.935974145761222e-07
-6.319771612584146	-6.319783791695954	1.2179111807952836e-05	1.2179111807952836e-05	1.9271442948509993e-06
0.36099969192361236	0.361000833891012	-1.1419673996426738e-06	1.1419673996426738e-06	3.163347296939839e-06
2.191263715691299	2.191267388752749	-3.6730614501045977e-06	3.6730614501045977e-06	1.6762297590209592e-06
-0.2597411622109532	-0.25974111440518755	-4.780576567942063e-08	4.780576567942063e-08	1.8405155837638997e-07
0.41210837408656426	0.4121090610169631	-6.869303988410458e-07	6.869303988410458e-07	1.666868333757165e-06
-0.39857702013401725	-0.3985781468145433	1.1266805260423673e-06	1.1266805260423673e-06	2.826757362136766e-06
-1.207684459734075	-1.2076828543285956	-1.6054054794434336e-06	1.6054054794434336e-06	1.3293252773964934e-06
-2.257151698252449	-2.257160545013903	8.84676145407326e-06	8.84676145407326e-06	3.91943592489715e-06
2.2849067697935945	2.2849118390695367	-5.069275942126694e-06	5.069275942126694e-06	2.2185920270981663e-06
-2.952391078262658	-2.9524028632295085	1.1784966850392209e-05	1.1784966850392209e-05	3.991668629932015e-06
-0.16707729072906605	-0.16707735858290107	6.785383502294628e-08	6.785383502294628e-08	4.061224282896629e-07
0.2990592083192451	0.2990595967276022	-3.884083570881991e-07	3.884083570881991e-07	1.2987674222476171e-06
1.4571151016915036	1.4571155711564643	-4.6946496068400734e-07	4.6946496068400734e-07	3.2218797275453754e-07
-1.182206992035887	-1.1822055585071212	-1.4335287659150708e-06	1.4335287659150708e-06	1.2125869459174663e-06
-1.1264428865428657	-1.1264417707934626	-1.1157494030911153e-06	1.1157494030911153e-06	9.90506856956974e-07
-4.715285538358135	-4.7152946863207035	9.14796256878958e-06	9.14796256878958e-06	1.9400654518951796e-06
0.8391352106708222	0.8391337796638254	1.43100699678822e-06	1.43100699678822e-06	1.70533541983567e-06
1.8961599175987116	1.896163073979551	-3.1563808393642034e-06	3.1563808393642034e-06	1.6646174249698464e-06
0.23405902212075214	0.2340591140637116	-9.194295946812758e-08	9.194295946812758e-08	3.928195488259956e-07
4.226752558074797	4.226760122492124	-7.564417326300088e-06	7.564417326300088e-06	1.7896522737885398e-06
0.10643664400649282	0.10643618907124619	4.549352466270973e-07	4.549352466270973e-07	4.2742351647177585e-06
-0.4237087766806859	-0.4237097027726122	9.260919263121004e-07	9.260919263121004e-07	2.1856803004343214e-06
-2.373692545139328	-2.3736990087854792	6.463646151200209e-06	6.463646151200209e-06	2.7230342718293426e-06
-2.663874997709969	-2.663877226950717	2.229240747997352e-06	2.229240747997352e-06	8.368413495054176e-07
1.3960599846385988	1.3960678234070656	-7.83876846677245e-06	7.83876846677245e-06	5.6149223908897365e-06
0.7633409387881382	0.7633414861629717	-5.473748334594575e-07	5.473748334594575e-07	7.170777900743233e-07
-1.5499318661790384	-1.5499320415983675	1.7541932906262048e-07	1.7541932906262048e-07	1.1317873571763646e-07
0.5706751117086033	0.5706750457648013	6.594380197455507e-08	6.594380197455507e-08	1.1555401772668707e-07
0.6168543403330629	0.6168534750941035	8.652389593688525e-07	8.652389593688525e-07	1.402663323892116e-06
0.2497136168688615	0.24971281527541578	8.015934457317186e-07	8.015934457317186e-07	3.210051000753715e-06
-1.662543536997572	-1.6625465700599307	3.0330623586038996e-06	3.0330623586038996e-06	1.8243506357020766e-06
-0.26872958642623734	-0.26872836133406963	-1.2250921677114945e-06	1.2250921677114945e-06	4.558828761669552e-06
-3.2155531357654543	-3.215559447198757	6.311433302652603e-06	6.311433302652603e-06	1.9627830846434394e-06
0.3815212835935732	0.38152064371388406	6.398796891238234e-07	6.398796891238234e-07	1.6771795352981518e-06
3.2276875434773675	3.2276937154165353	-6.171939167742835e-06	6.171939167742835e-06	1.9121860727242085e-06
0.44323724742880327	0.443236907813116	3.3961568729479197e-07	3.3961568729479197e-07	7.662164884943341e-07
0.6863934116661196	0.6863941671326756	-7.554665560904894e-07	7.554665560904894e-07	1.100632003819362e-06
1.285083513823954	1.2850856214754458	-2.107651491778384e-06	2.107651491778384e-06	1.6400891219176554e-06
1.1147686327705444	1.1147693721795804	-7.394090359991168e-07	7.394090359991168e-07	6.632847518874449e-07
-1.9751574464670199	-1.9751628424273804	5.39596036053247e-06	5.39596036053247e-06	2.7319140406676277e-06
-0.506261122623069	-0.5062613477093691	2.2508630015405373e-07	2.2508630015405373e-07	4.446051456367492e-07
-0.5889488582984878	-0.5889488393222564	-1.8976231364042917e-08	1.8976231364042917e-08	3.2220507938272444e-08
0.4755624546260753	0.4755623608616588	9.376441650887912e-08	9.376441650887912e-08	1.9716530520182484e-07
-0.6066197114105709	-0.6066200330678839	3.2165731300715095e-07	3.2165731300715095e-07	5.302454024436532e-07
-0.5177458272395223	-0.5177452921998338	-5.35039688553951e-07	5.35039688553951e-07	1.0334022224894304e-06
7.770186201649903	7.77020086934499	-1.46676950869562e-05	1.46676950869562e-05	1.8876890085132963e-06
0.12402835941501511	0.12402863876559422	-2.7935057911321337e-07	2.7935057911321337e-07	2.252312135956502e-06
-3.6525192821244183	-3.6525262339637266	6.951839308211305e-06	6.951839308211305e-06	1.903299824379818e-06
-0.16290827856953569	-0.1629102316655917	1.953096056023229e-06	1.953096056023229e-06	1.1988930661921952e-05
-0.4678184516958159	-0.46781869832557277	2.466297568948228e-07	2.466297568948228e-07	5.271911699951202e-07
-0.7575550952365161	-0.7575538129458437	-1.2822906724219152e-06	1.2822906724219152e-06	1.6926698539616733e-06
-1.1910186535008764	-1.1910171760973753	-1.4774035010933773e-06	1.4774035010933773e-06	1.2404537046927872e-06
-1.120648921907629	-1.120653937505267	5.015597638102776e-06	5.015597638102776e-06	4.475619027558564e-06
-1.2324172807723874	-1.2324229637670214	5.6829946339931325e-06	5.6829946339931325e-06	4.6112584776736125e-06
4.264671380596816	4.264680750111438	-9.36951462193747e-06	9.36951462193747e-06	2.1970074094258255e-06
0.07194327310049696	0.07194336285465397	-8.975415700940292e-08	8.975415700940292e-08	1.2475684402630124e-06
-1.0186558055482324	-1.0186560662077682	2.6065953573350953e-07	2.6065953573350953e-07	2.558857803723257e-07
1.7558114313555993	1.7558116428517678	-2.114961685784067e-07	2.114961685784067e-07	1.2045494453531268e-07
-1.654697716212906	-1.6546947385904787	-2.977622427291493e-06	2.977622427291493e-06	1.7994963056493212e-06
0.190108989978466	0.1901084442579304	5.45720535621852e-07	5.45720535621852e-07	2.870566697996064e-06
-0.23354434120312706	-0.2335447634322918	4.2222916474266015e-07	4.2222916474266015e-07	1.80791862721873e-06
-0.9726434527608098	-0.9726436146593187	1.618985089324454e-07	1.618985089324454e-07	1.6645206264731738e-07
6.976573105275524	6.976586206292268	-1.3101016743455318e-05	1.3101016743455318e-05	1.877858447946117e-06
-0.3721103567931805	-0.3721100692928303	-2.875003501934259e-07	2.875003501934259e-07	7.726211994502992e-07
2.4519683647832315	2.4519726744074433	-4.309624211717988e-06	4.309624211717988e-06	1.7576181950858834e-06
-0.7315167271964251	-0.7315168659260962	1.3872967108419232e-07	1.3872967108419232e-07	1.8964661493918368e-07
0.029583326746718756	0.029582836759800557	4.899869181992922e-07	4.899869181992922e-07	1.6562941767650902e-05
-2.4343940842527756	-2.4343993591173785	5.27486460288884e-06	5.27486460288884e-06	2.166808010670931e-06
-0.9252461926048254	-0.9252495910914149	3.398486589478722e-06	3.398486589478722e-06	3.67306195544673e-06
0.4379147877814575	0.4379163992780377	-1.611496580233851e-06	1.611496580233851e-06	3.6799318616252636e-06
-0.40257697560064454	-0.4025770845146326	1.0891398805057406e-07	1.0891398805057406e-07	2.705420196673555e-07
-1.8278263751497392	-1.8278265479239053	1.7277416608507679e-07	1.7277416608507679e-07	9.452438614194019e-08
-0.09147673019790029	-0.09147654600383248	-1.84194067803789e-07	1.84194067803789e-07	2.0135619999239643e-06
0.3262822867016602	0.32628305143589387	-7.647342336603025e-07	7.647342336603025e-07	2.3437810289700023e-06
-0.059323305103171395	-0.05932283784204628	-4.6726112511163986e-07	4.6726112511163986e-07	7.876518752605043e-06
2.5996236671916204	2.5996290487455553	-5.3815539349244546e-06	5.3815539349244546e-06	2.070128073860075e-06
-0.47311920279697556	-0.47311923572124215	3.292426659085024e-08	3.292426659085024e-08	6.95897913173029e-08
-4.161146701335372	-4.161154367466224	7.666130852790332e-06	7.666130852790332e-06	1.8423120843901418e-06
-0.9557825342865809	-0.9557821604175842	-3.7386899665037276e-07	3.7386899665037276e-07	3.911653365055866e-07
-0.46226802807724554	-0.46226868971643853	6.616391929892274e-07	6.616391929892274e-07	1.4312891067574906e-06
0.696331092968717	0.696330374921672	7.180470449341669e-07	7.180470449341669e-07	1.031186244854968e-06
1.1200898893850344	1.1200891067346674	7.826503669594587e-07	7.826503669594587e-07	6.987388908484471e-07
1.2242490676955033	1.2242492225595925	-1.5486408910803107e-07	1.5486408910803107e-07	1.2649720812084705e-07
1.1370942159102342	1.13709959668995	-5.380779715791206e-06	5.380779715791206e-06	4.7320438715660325e-06
2.9497960728293915	2.9498022522602696	-6.179430878106018e-06	6.179430878106018e-06	2.094867145232456e-06
-1.523524512170979	-1.5235249093166203	3.9714564126214214e-07	3.9714564126214214e-07	2.606755835495032e-07
1.7073038391215851	1.7073042185984377	-3.794768526077519e-07	3.794768526077519e-07	2.222667365423335e-07
0.017886418674003843	0.017886251043819357	1.6763018448676115e-07	1.6763018448676115e-07	9.371925567771439e-06
-0.1964000716243198	-0.19639971333162975	-3.5829269004472586e-07	3.5829269004472586e-07	1.824300200511532e-06
0.610223205230759	0.6102226570874336	5.481433253962109e-07	5.481433253962109e-07	8.982669303585853e-07
-7.010765809681931	-7.010779122083477	1.3312401545562125e-05	1.3312401545562125e-05	1.8988512677427588e-06
0.053085695707062674	0.05308643221724196	-7.365101792888851e-07	7.365101792888851e-07	1.3873985627938142e-05
6.3008650284691745	6.30087691342851	-1.1884959335795031e-05	1.1884959335795031e-05	1.8862424892606436e-06
0.1624711617705803	0.16247257735813037	-1.4155875500687642e-06	1.4155875500687642e-06	8.712854236049993e-06
0.6946079630201127	0.6946095136299846	-1.550609871836528e-06	1.550609871836528e-06	2.2323525706422535e-06
0.3307422301162638	0.33074159364332445	6.364729393526503e-07	6.364729393526503e-07	1.924377601036659e-06
-0.025754838424034567	-0.025755186470632907	3.48046598340479e-07	3.48046598340479e-07	1.3513833502278154e-05
4.376707077561941	4.376711612621875	-4.535059933807872e-06	4.535059933807872e-06	1.0361808212063719e-06
-2.3106851674428794	-2.3106896433091606	4.4758662811617e-06	4.4758662811617e-06	1.937029909667408e-06
0.05404161450999431	0.05403805698733777	3.5575226565442986e-06	3.5575226565442986e-06	6.582931855017728e-05
-4.3125831684364675	-4.312583136652393	-3.1784074927543315e-08	3.1784074927543315e-08	7.370078137894016e-09
3.8903889371729363	3.8903902091078635	-1.2719349271606006e-06	1.2719349271606006e-06	3.2694287067474774e-07
0.31087127218308125	0.310871061628859	2.1055422222415743e-07	2.1055422222415743e-07	6.773035692412126e-07
1.2757021565104616	1.275701342819957	8.136905045308396e-07	8.136905045308396e-07	6.378373669576585e-07
-1.0632400130369548	-1.0632392932166113	-7.198203435532236e-07	7.198203435532236e-07	6.770064470177205e-07
-3.4136702945061494	-3.4136766580559197	6.3635497702385635e-06	6.3635497702385635e-06	1.864137195815265e-06
-0.13537582506980822	-0.13537497898141737	-8.460883908489869e-07	8.460883908489869e-07	6.249922321158087e-06
1.6591172743016684	1.6591199455433525	-2.6712416840712905e-06	2.6712416840712905e-06	1.6100378951184332e-06
0.22947833426350447	0.22947877187107224	-4.376075677658964e-07	4.376075677658964e-07	1.906966813099672e-06
-4.650972714220691	-4.650980789847381	8.07562669002948e-06	8.07562669002948e-06	1.7363306960149772e-06
-1.6824129404000812	-1.6824129515953246	1.1195243398987031e-08	1.1195243398987031e-08	6.654277989757247e-09
-1.0208891803962747	-1.020888229504635	-9.50891639650564e-07	9.50891639650564e-07	9.314347315165589e-07
-6.469403691316001	-6.469422110058076	1.841874207553218e-05	1.841874207553218e-05	2.8470540646978015e-06
7.8146636644201735	7.8146748214749095	-1.1157054736088412e-05	1.1157054736088412e-05	1.4277076039607438e-06
-0.2639688552986085	-0.263966422608064	-2.43269054445161e-06	2.43269054445161e-06	9.215824123265174e-06
2.1499804820329707	2.1499807353393408	-2.533063701015692e-07	2.533063701015692e-07	1.1781798589262014e-07
-0.5746785417274434	-0.5746786596318998	1.1790445642034797e-07	1.1790445642034797e-07	2.0516592818297243e-07
-0.09841077540050672	-0.09841071232585819	-6.307464853194666e-08	6.307464853194666e-08	6.409323397285404e-07
-1.0394002882192792	-1.039399855017109	-4.3320217013587126e-07	4.3320217013587126e-07	4.1678088321299356e-07
0.5663899316438372	0.566389197956596	7.336872411833895e-07	7.336872411833895e-07	1.2953747942764522e-06
4.637925312563695	4.637933964659169	-8.652095473848931e-06	8.652095473848931e-06	1.8655098758083133e-06
-1.5913779648107769	-1.5913759357317758	-2.029079001042433e-06	2.029079001042433e-06	1.2750453040762703e-06
-6.531424472534295	-6.531436353270692	1.1880736397351654e-05	1.1880736397351654e-05	1.8190115260939001e-06
0.5443394783639429	0.5443388995445275	5.788194153977244e-07	5.788194153977244e-07	1.0633427087401666e-06
6.056982300744072	6.056993338916072	-1.1038172000432667e-05	1.1038172000432667e-05	1.8223880230055616e-06
0.3319110924576115	0.33191148622790934	-3.9377029781295647e-07	3.9377029781295647e-07	1.1863728171821946e-06
0.5966808426173031	0.5966803119008546	5.307164485657268e-07	5.307164485657268e-07	8.894477761976944e-07
-1.593804953528806	-1.5938098863443884	4.932815582447958e-06	4.932815582447958e-06	3.0949932559353186e-06
-7.331047246025281	-7.331063816764072	1.6570738790910866e-05	1.6570738790910866e-05	2.2603508386738505e-06
4.458083963182412	4.458090998468833	-7.035286420986608e-06	7.035286420986608e-06	1.5780964376374049e-06
-1.2636019788300925	-1.263602383005491	4.0417539848291995e-07	4.0417539848291995e-07	3.198597384732859e-07
-0.502837443736293	-0.5028377345297486	2.90793455537397e-07	2.90793455537397e-07	5.783050947373363e-07
0.6460556966339771	0.6460556323872879	6.424668919091658e-08	6.424668919091658e-08	9.944450536640891e-08
-0.22866574173524185	-0.22866543713462306	-3.046006187834571e-07	3.046006187834571e-07	1.3320780650043138e-06
-0.0757601835089032	-0.07575894096589764	-1.2425430055695852e-06	1.2425430055695852e-06	1.6401003112981685e-05
0.5725163098175359	0.5725174810322642	-1.1712147283127194e-06	1.1712147283127194e-06	2.045731638083799e-06
-0.5620361847078834	-0.562034850645432	-1.334062451396889e-06	1.334062451396889e-06	2.3736237767151307e-06
3.8341180346749026	3.834125726370985	-7.691696082279265e-06	7.691696082279265e-06	2.0061187508358616e-06
-0.34143696335332036	-0.3414369084566715	-5.489664883784329e-08	5.489664883784329e-08	1.6078121214145174e-07
-1.9291254211477236	-1.929128838582983	3.4174352594451562e-06	3.4174352594451562e-06	1.771494596453957e-06
-0.40553396220217697	-0.40553412691224366	1.6471006669682708e-07	1.6471006669682708e-07	4.061560363585817e-07
-0.3472263400091666	-0.3472254720691126	-8.679400539945981e-07	8.679400539945981e-07	2.4996377117349017e-06
6.115516350876102	6.11552574309826	-9.39222215823321e-06	9.39222215823321e-06	1.5358019861867741e-06
-0.3929992928867328	-0.3930021207452228	2.8278584899843473e-06	2.8278584899843473e-06	7.195581623601981e-06
-1.1151637168800577	-1.11516836204828	4.645168222294771e-06	4.645168222294771e-06	4.1654585349053155e-06
0.40172967178985797	0.4017298492726695	-1.7748281155860468e-07	1.7748281155860468e-07	4.4179662101594706e-07
1.0436393322670166	1.043639129420626	2.0284639057344123e-07	2.0284639057344123e-07	1.9436445551818536e-07
0.7999633828191437	0.7999636923159414	-3.0949679774572303e-07	3.0949679774572303e-07	3.8688870564928634e-07
0.8274165252445463	0.8274185524896893	-2.02724514297703e-06	2.02724514297703e-06	2.4500902279874933e-06
-3.069785355853179	-3.069786976539035	1.6206858561851334e-06	1.6206858561851334e-06	5.279476146744142e-07
7.690089981431395	7.690104077937576	-1.4096506181004997e-05	1.4096506181004997e-05	1.833074283271409e-06
0.8571700571886298	0.8571685034439724	1.553744657378786e-06	1.553744657378786e-06	1.8126445789238147e-06
3.135714774119021	3.1357209481939208	-6.174074899778503e-06	6.174074899778503e-06	1.968952964324732e-06
-0.21498195429733877	-0.21498199021152686	3.5914188095675925e-08	3.5914188095675925e-08	1.670567569871631e-07
-3.528265482159944	-3.52827224696739	6.76480744576935e-06	6.76480744576935e-06	1.9173181496614734e-06
-0.3633105190040907	-0.36330920147520374	-1.3175288869904378e-06	1.3175288869904378e-06	3.626454005796631e-06
-0.20427579261826362	-0.20427656863830634	7.760200427253672e-07	7.760200427253672e-07	3.798884012534659e-06
-5.0190090888380094	-5.019018577513634	9.488675624780285e-06	9.488675624780285e-06	1.8905476074714748e-06
-1.3086168301587389	-1.3086180911159317	1.2609571928834384e-06	1.2609571928834384e-06	9.635801434179024e-07
1.29295658587387	1.292961465424014	-4.8795501439435895e-06	4.8795501439435895e-06	3.7739473987408864e-06
1.9083617668532913	1.908362294670951	-5.278176598011441e-07	5.278176598011441e-07	2.7658155228684217e-07
-1.583180045356656	-1.5831802684260765	2.230694204907735e-07	2.230694204907735e-07	1.4089959076039314e-07
-0.12916432609537418	-0.1291643261538411	5.8466925745293e-11	5.8466925745293e-11	4.526553694254663e-10
0.36071377445107894	0.36071391696168575	-1.4251060681536032e-07	1.4251060681536032e-07	3.950794699543364e-07
0.6528288496400159	0.6528278959194722	9.537205436505047e-07	9.537205436505047e-07	1.4609044072981872e-06
-1.4026846372243083	-1.4026875396666583	2.9024423500167984e-06	2.9024423500167984e-06	2.069205203359377e-06
0.07825958281526388	0.07825993861843017	-3.5580316629091335e-07	3.5580316629091335e-07	4.5464485433152206e-06
-0.10107993202454041	-0.10107974367201678	-1.8835252363347266e-07	1.8835252363347266e-07	1.8634017639400867e-06
-0.5606232423486814	-0.5606230033663451	-2.3898233636465704e-07	2.3898233636465704e-07	4.262797513771668e-07
3.5044043893706167	3.50441039472571	-6.005355093208209e-06	6.005355093208209e-06	1.71365927728642e-06
1.4941950375766972	1.4941941044526175	9.331240797827434e-07	9.331240797827434e-07	6.244995173428596e-07
0.15367782022261894	0.15367736432381207	4.558988068725789e-07	4.558988068725789e-07	2.96658819218128e-06
-3.7326104187911757	-3.7326189203668036	8.501575627928304e-06	8.501575627928304e-06	2.2776487964371008e-06
4.056231186676429	4.0562387848694925	-7.598193063174108e-06	7.598193063174108e-06	1.8732149903417783e-06
-5.572237497941483	-5.5722492902532395	1.1792311756408935e-05	1.1792311756408935e-05	2.1162615126805517e-06
-3.0928678952702664	-3.092868611929589	7.166593225527151e-07	7.166593225527151e-07	2.3171352505829893e-07
0.7985691216966984	0.7985692386682786	-1.1697158019963183e-07	1.1697158019963183e-07	1.4647646274013882e-07
0.406683720964391	0.4066840037921793	-2.8282778830046595e-07	2.8282778830046595e-07	6.95449003047826e-07
-0.40809858426607415	-0.4080991134287615	5.291626873349387e-07	5.291626873349387e-07	1.2966540628573524e-06
0.8275819571809213	0.827582535748661	-5.785677397174283e-07	5.785677397174283e-07	6.991062754536891e-07
-0.7543587819251707	-0.7543601614088402	1.379483669516901e-06	1.379483669516901e-06	1.8286837809409107e-06
0.5101549992801534	0.5101540141367877	9.851433656615782e-07	9.851433656615782e-07	1.93106676804432e-06
-5.032786427748322	-5.032795661009004	9.233260682250943e-06	9.233260682250943e-06	1.8346219961457656e-06
-0.28369453798354805	-0.2836932508216705	-1.2871618775278648e-06	1.2871618775278648e-06	4.537140146147296e-06
1.6872078231154017	1.6872114110810799	-3.587965678120142e-06	3.587965678120142e-06	2.1265700816245753e-06
0.4050331323013868	0.4050340471621894	-9.1486080255887e-07	9.1486080255887e-07	2.2587307792838e-06
-0.21709874247027627	-0.21709885368181858	1.1121154230853136e-07	1.1121154230853136e-07	5.122624896077309e-07
4.159670898758038	4.159674416314374	-3.5175563359857165e-06	3.5175563359857165e-06	8.456333257123684e-07
0.14966833253086714	0.14966825665396755	7.58768995967607e-08	7.58768995967607e-08	5.069669603027886e-07
-1.516104168513811	-1.5161039004851773	-2.6802863373198704e-07	2.6802863373198704e-07	1.7678774275433003e-07
-2.338827880670124	-2.338828355732403	4.750622788485259e-07	4.750622788485259e-07	2.031198117547711e-07
-2.0141057196859	-2.0141061731919763	4.535060762478338e-07	4.535060762478338e-07	2.2516498107088345e-07
2.9499106805526503	2.949910871393513	-1.9084086266829559e-07	1.9084086266829559e-07	6.469377663751587e-08
1.4546945180926916	1.4546950751537224	-5.570610308591739e-07	5.570610308591739e-07	3.829402145472845e-07
0.20221464241709816	0.2022146645686007	-2.215150254891718e-08	2.215150254891718e-08	1.0954450322754753e-07
1.4477632025414502	1.4477657141469535	-2.5116055033524987e-06	2.5116055033524987e-06	1.7348178893782806e-06
-0.3247902342504802	-0.3247890936108888	-1.1406395913904355e-06	1.1406395913904355e-06	3.5119269950424905e-06
-3.955096698907981	-3.955103687076189	6.9881682080996654e-06	6.9881682080996654e-06	1.7668767011509803e-06
-0.3753753734815317	-0.37537559364864137	2.2016710965466757e-07	2.2016710965466757e-07	5.86525183079171e-07
-4.002304003599702	-4.002311986369023	7.982769320236116e-06	7.982769320236116e-06	1.9945434712246627e-06
-0.008480135484613347	-0.008479662483296124	-4.730013172232067e-07	4.730013172232067e-07	5.5777566063824895e-05
-0.3508029169044927	-0.3508021241032111	-7.92801281623845e-07	7.92801281623845e-07	2.259962056814048e-06
-1.8272943416399945	-1.8272964539391978	2.112299203327339e-06	2.112299203327339e-06	1.1559709649358149e-06
-0.17211602754938107	-0.17211277327078278	-3.2542785982914157e-06	3.2542785982914157e-06	1.8907469830825284e-05
-4.286027596097625	-4.286035361474205	7.76537657998233e-06	7.76537657998233e-06	1.811788749809406e-06
0.18677460003958044	0.18677464231586782	-4.2276287387510436e-08	4.2276287387510436e-08	2.2634923259667767e-07
-1.1982463027710082	-1.19824644707478	1.4430377182073073e-07	1.4430377182073073e-07	1.20429140058284e-07
1.6928841828426946	1.6928844243011554	-2.414584607812742e-07	2.414584607812742e-07	1.4263141166326964e-07
0.7246819871729139	0.7246819563988538	3.077406007800931e-08	3.077406007800931e-08	4.246560646286137e-08
0.47796115722585475	0.4779596720254631	1.4852003916709933e-06	1.4852003916709933e-06	3.107366297904371e-06
4.527226709527901	4.527235676960117	-8.967432216344662e-06	8.967432216344662e-06	1.9807782538197178e-06
0.11568508276405631	0.11568409172468819	9.910393681256124e-07	9.910393681256124e-07	8.56669973731074e-06
0.5522639042449287	0.5522652568288322	-1.3525839035466447e-06	1.3525839035466447e-06	2.4491622449885383e-06
-0.7659309118343628	-0.765930449233565	-4.6260079777926677e-07	4.6260079777926677e-07	6.039719648752171e-07
4.000036798371912	4.000044668373448	-7.870001535792426e-06	7.870001535792426e-06	1.967482283911903e-06
-0.03370473137627792	-0.033704675843182486	-5.5533095434656676e-08	5.5533095434656676e-08	1.647635010488231e-06
0.22234650515280846	0.22234628067963058	2.244731778788811e-07	2.244731778788811e-07	1.0095646779993734e-06
-4.002324357825853	-4.002333374501177	9.016675323714196e-06	9.016675323714196e-06	2.2528597178995866e-06
8.627556915384709	8.627572379737103	-1.5464352394189973e-05	1.5464352394189973e-05	1.7924370184813098e-06
0.717388589934705	0.7173934527600068	-4.8628253017657386e-06	4.8628253017657386e-06	6.77850940200811e-06
0.14192819351196495	0.14192812750479789	6.600716706550713e-08	6.600716706550713e-08	4.6507438326510187e-07
0.4275793708016967	0.4275795363355428	-1.6553384607487232e-07	1.6553384607487232e-07	3.871417972398949e-07
0.3239318601226656	0.3239319007661834	-4.064351777355313e-08	4.064351777355313e-08	1.2546934333091642e-07
0.030074939203811674	0.030074562346271705	3.768575399694385e-07	3.768575399694385e-07	1.2530616850646065e-05
0.7022340789053492	0.7022342506388668	-1.7173351762878042e-07	1.7173351762878042e-07	2.445530953104422e-07
-0.30754297095575045	-0.3075433387493831	3.6779363266070675e-07	3.6779363266070675e-07	1.1959097342323107e-06
-0.16867299379665093	-0.16867257545527536	-4.183413755687315e-07	4.183413755687315e-07	2.4801917968745855e-06
-7.921509220166861	-7.921524160792615	1.4940625753467884e-05	1.4940625753467884e-05	1.886083237198223e-06
0.4019211444904999	0.4019196167064365	1.5277840634264628e-06	1.5277840634264628e-06	3.8012035056358537e-06
0.709860887495696	0.7098618975760473	-1.0100803513601875e-06	1.0100803513601875e-06	1.422927180737665e-06
-0.3572617938895698	-0.35726257283386076	7.78944290957817e-07	7.78944290957817e-07	2.1803179189056808e-06
0.5129544180940658	0.5129549572302494	-5.391361835860309e-07	5.391361835860309e-07	1.0510411150940975e-06
-2.9093294922026054	-2.9093373832438374	7.891041231999907e-06	7.891041231999907e-06	2.71232297790572e-06
2.2638452544725434	2.2638507139163266	-5.459443783273343e-06	5.459443783273343e-06	2.411579931308223e-06
6.4543819977844334	6.454396604112844	-1.4606328410771141e-05	1.4606328410771141e-05	2.2630095980970743e-06
-1.209822578091727	-1.2098227971364395	2.1904471236844358e-07	2.1904471236844358e-07	1.8105523597844106e-07
-2.963529448000327	-2.963529574117274	1.2611694710784604e-07	1.2611694710784604e-07	4.25563333588417e-08
-1.4420387624647273	-1.4420390475606837	2.8509595639825136e-07	2.8509595639825136e-07	1.9770339315356988e-07
0.2733732542393369	0.27337456958775874	-1.315348421848661e-06	1.315348421848661e-06	4.8115475872306085e-06
1.5130395840737356	1.5130398464862083	-2.624124726402499e-07	2.624124726402499e-07	1.7343397714270352e-07
-4.8233520802520955	-4.823360780846997	8.700594901434044e-06	8.700594901434044e-06	1.803848186213954e-06
1.6254464536309916	1.6254449710686458	1.482562345778149e-06	1.482562345778149e-06	9.120954691963786e-07
-2.0701157786131366	-2.0701200164694455	4.23785630898621e-06	4.23785630898621e-06	2.0471590781387792e-06
0.5118794367713799	0.5118785952618055	8.415095744673806e-07	8.415095744673806e-07	1.6439604993220756e-06
5.966850297469043	5.966862072455115	-1.1774986071522164e-05	1.1774986071522164e-05	1.9734006191703445e-06
0.5719316908704658	0.5719318824048969	-1.915344310932099e-07	1.915344310932099e-07	3.348903971411328e-07
2.440238354548154	2.440237437895121	9.166530330340095e-07	9.166530330340095e-07	3.756407776009001e-07
4.409391806207751	4.409403691170155	-1.1884962404451471e-05	1.1884962404451471e-05	2.6953745384384435e-06
3.428406341780635	3.4284136877431592	-7.345962524052396e-06	7.345962524052396e-06	2.1426755733502325e-06
-4.091832423207739	-4.09184564705356	1.3223845821030977e-05	1.3223845821030977e-05	3.2317662243519528e-06
1.490791901177033	1.4907920408404607	-1.3966342771176699e-07	1.3966342771176699e-07	9.368405315423149e-08
-0.6208107577827662	-0.6208110817169654	3.239341992422595e-07	3.239341992422595e-07	5.217921809203094e-07
1.0929076117379184	1.0929078516710433	-2.399331249236525e-07	2.399331249236525e-07	2.1953651191258148e-07
0.09382881175696631	0.09382770940646878	1.1023504975227194e-06	1.1023504975227194e-06	1.174852880347678e-05
0.06745037495316585	0.06745025575582986	1.1919733598764193e-07	1.1919733598764193e-07	1.767185669025659e-06
6.601651835656538	6.601664204481494	-1.2368824956254798e-05	1.2368824956254798e-05	1.8735954673418052e-06
-0.4459291815610975	-0.44593057782549295	1.3962643954368303e-06	1.3962643954368303e-06	3.131134837484337e-06
-5.597345709736706	-5.59735617662227	1.0466885564497375e-05	1.0466885564497375e-05	1.8699730385225265e-06
-0.48927502200262135	-0.48927455873126746	-4.632713538899047e-07	4.632713538899047e-07	9.468526555754212e-07
-1.0945845365369777	-1.0945873700620723	2.8335250945588086e-06	2.8335250945588086e-06	2.5886763424627322e-06
0.6647668717916628	0.66476693336881	-6.157714715904206e-08	6.157714715904206e-08	9.262968684507531e-08
-2.2600145309467994	-2.2600115507884766	-2.980158322785087e-06	2.980158322785087e-06	1.3186456467324545e-06
-4.444219815930916	-4.444234395577951	1.4579647034551613e-05	1.4579647034551613e-05	3.2805863882539893e-06
1.894965582402626	1.8949689883811516	-3.4059785256612685e-06	3.4059785256612685e-06	1.7973827901100082e-06
0.18451823200675063	0.18451523010298843	3.001903762206437e-06	3.001903762206437e-06	1.626887343087382e-05
-0.014898443596309098	-0.014898384506523144	-5.908978595488279e-08	5.908978595488279e-08	3.966171739544763e-06
-1.3667964341384395	-1.3667965649801772	1.3084173766664264e-07	1.3084173766664264e-07	9.572876720966774e-08
0.09932156696977706	0.09932150851454935	5.845522771386058e-08	5.845522771386058e-08	5.885451619148149e-07
-0.4028580525505958	-0.4028564817417646	-1.570808831230508e-06	1.570808831230508e-06	3.899162052949721e-06
1.5824372894023346	1.5824362644707435	1.0249315911536883e-06	1.0249315911536883e-06	6.476917587936715e-07
-4.192532466279912	-4.192540804069722	8.337789809687024e-06	8.337789809687024e-06	1.988723969759798e-06
-0.2631067536181883	-0.26310689145248034	1.3783429203551023e-07	1.3783429203551023e-07	5.238721170781147e-07
5.185978594477039	5.1859884270015755	-9.832524536790288e-06	9.832524536790288e-06	1.895982476144758e-06
0.33499629078180637	0.334994632339658	1.65844214838895e-06	1.65844214838895e-06	4.95062839208911e-06
4.455298763566359	4.4553075822477695	-8.818681410893703e-06	8.818681410893703e-06	1.9793692586924432e-06
-0.23907965521145497	-0.23907881131890463	-8.438925503395645e-07	8.438925503395645e-07	3.5297547572300967e-06
-0.2817768607576684	-0.2817776885422063	8.277845379156545e-07	8.277845379156545e-07	2.9377307124858614e-06
4.131455261762317	4.131460711960244	-5.45019792763668e-06	5.45019792763668e-06	1.3191956785977247e-06
-1.2704561222952975	-1.270454826681089	-1.2956142085851496e-06	1.2956142085851496e-06	1.0198024047020213e-06
-7.289758523713619	-7.289771683645085	1.3159931466333319e-05	1.3159931466333319e-05	1.8052630170840364e-06
1.5755732131317248	1.575573538957542	-3.258258172156303e-07	3.258258172156303e-07	2.067982715750765e-07
-1.3435693927974346	-1.3435695686894178	1.7589198320067112e-07	1.7589198320067112e-07	1.3091395512847155e-07
-1.0231029427983205	-1.0231031478724617	2.0507414122405976e-07	2.0507414122405976e-07	2.0044331087852717e-07
0.014356839660839987	0.014355804523802362	1.0351370376242286e-06	1.0351370376242286e-06	7.210061977969217e-05
0.897557409774426	0.8975566915978561	7.181765698804909e-07	7.181765698804909e-07	8.001455528744205e-07
4.635975294804219	4.635984547803673	-9.252999453757127e-06	9.252999453757127e-06	1.9959121577130596e-06
0.7083800909403829	0.7083800414875441	4.945283882396012e-08	4.945283882396012e-08	6.981116417079268e-08
3.3152658498024765	3.3152723053717637	-6.4555692871337556e-06	6.4555692871337556e-06	1.9472252240399903e-06
0.29704916959335115	0.2970493378597894	-1.6826643822742682e-07	1.6826643822742682e-07	5.664598842601617e-07
-5.287430879400439	-5.28743981703883	8.937638391159908e-06	8.937638391159908e-06	1.6903555989697172e-06
1.0387913435466734	1.0387893426013761	2.0009452972313824e-06	2.0009452972313824e-06	1.9262244623638213e-06
-0.6668779385712721	-0.6668780329164292	9.434515713113711e-08	9.434515713113711e-08	1.414729018225785e-07
0.41070589533966556	0.4107092272533919	-3.3319137263121412e-06	3.3319137263121412e-06	8.112651325729214e-06
-0.9400340771570256	-0.9400318604093627	-2.2167476628753846e-06	2.2167476628753846e-06	2.3581567059564096e-06
3.0084209356408604	3.008424350809946	-3.4151690857520123e-06	3.4151690857520123e-06	1.1352032042100205e-06
-1.1247348725921746	-1.1247348070355656	-6.555660903018179e-08	6.555660903018179e-08	5.828627761766965e-08
-1.1303687573078556	-1.1303689443593612	1.8705150561793005e-07	1.8705150561793005e-07	1.6547830467591968e-07
-0.27517637659342675	-0.2751763463493262	-3.0244100557297315e-08	3.0244100557297315e-08	1.0990805581390073e-07
0.6103633988405446	0.6103622449700197	1.1538705249058978e-06	1.1538705249058978e-06	1.8904648068639232e-06
0.7824374870976079	0.7824368849469465	6.021506613329564e-07	6.021506613329564e-07	7.695830929146663e-07
-1.8279994005843818	-1.82800288848739	3.487903008192461e-06	3.487903008192461e-06	1.9080438467744763e-06
-0.8527217012497987	-0.8527203649464354	-1.3363033632973753e-06	1.3363033632973753e-06	1.5671037354142752e-06
2.1370214051571628	2.1370255899455515	-4.18478838870584e-06	4.18478838870584e-06	1.95823419391444e-06
0.7907992312000359	0.7907991421234328	8.907660309365184e-08	8.907660309365184e-08	1.1264123633311873e-07
0.25559758584330033	0.25559810410413775	-5.182608374121322e-07	5.182608374121322e-07	2.027643710726843e-06
0.7863065754943831	0.7863065002311487	7.526323442252902e-08	7.526323442252902e-08	9.571741705861731e-08
-0.20290832231369826	-0.2029072520599584	-1.0702537398543654e-06	1.0702537398543654e-06	5.2745679805076825e-06
-4.526975676427767	-4.52698514527583	9.468848062965662e-06	9.468848062965662e-06	2.091649865112048e-06
2.834964160757286	2.834967788658105	-3.627900818869989e-06	3.627900818869989e-06	1.2796990061069735e-06
1.5501352803164365	1.550137357753556	-2.0774371194409724e-06	2.0774371194409724e-06	1.3401650461222295e-06
-0.47944882660240024	-0.47944886864570435	4.2043304115946256e-08	4.2043304115946256e-08	8.76909104437378e-08
-1.0162926247628024	-1.0162925782424281	-4.6520374219483074e-08	4.6520374219483074e-08	4.577458606505257e-08
-0.19349476833081702	-0.19349458216311177	-1.8616770525170523e-07	1.8616770525170523e-07	9.621330171233118e-07
-0.39761147892753596	-0.39761016159900464	-1.3173285313139438e-06	1.3173285313139438e-06	3.313104880339797e-06
0.1126769276881952	0.1126767992900568	1.2839813839926606e-07	1.2839813839926606e-07	1.1395246660840392e-06
-2.970820442649377	-2.9708259330618603	5.49041248332216e-06	5.49041248332216e-06	1.8481132028382744e-06
0.08566123652719086	0.08566145288568805	-2.1635849718759648e-07	2.1635849718759648e-07	2.5257456693252295e-06
-8.799064292957135	-8.79908089973469	1.6606777554883934e-05	1.6606777554883934e-05	1.8873344939843404e-06
-1.4462933453109286	-1.4462922836173675	-1.0616935610663347e-06	1.0616935610663347e-06	7.340789920028904e-07
5.267385784507816	5.267396400540747	-1.0616032930954589e-05	1.0616032930954589e-05	2.0154272660601315e-06
-0.07973116341571064	-0.07973137644512462	2.1302941398404496e-07	2.1302941398404496e-07	2.671846300214259e-06
0.4028311807584324	0.4028305775136687	6.032447636972194e-07	6.032447636972194e-07	1.497512587187162e-06
-4.038101023549946	-4.038108406803076	7.3832531297668424e-06	7.3832531297668424e-06	1.828397330009374e-06
-0.9087952414868933	-0.9087969806387264	1.7391518331022482e-06	1.7391518331022482e-06	1.9136894139727187e-06
2.950079115086466	2.9500854366233398	-6.3215368739655275e-06	6.3215368739655275e-06	2.142836387552354e-06
0.45106778338185005	0.451068013717304	-2.303354539323621e-07	2.303354539323621e-07	5.106448795909069e-07
0.23838873555928286	0.2383888054282579	-6.986897505001366e-08	6.986897505001366e-08	2.9308840825089463e-07
3.3591466205903426	3.3591473093110835	-6.887207408823315e-07	6.887207408823315e-07	2.0502848451470524e-07
-1.1164416448236958	-1.1164404768351233	-1.1679885725257577e-06	1.1679885725257577e-06	1.0461707317539216e-06
-0.14281933687901305	-0.14281908988778014	-2.469912329106094e-07	2.469912329106094e-07	1.729396301005401e-06
3.1380231884814944	3.138029186629865	-5.998148370434109e-06	5.998148370434109e-06	1.911441697579247e-06
-0.6245656841720957	-0.6245661365937849	4.524216892232147e-07	4.524216892232147e-07	7.243780769398665e-07
-3.3654166040650426	-3.3654228914201667	6.28735512409051e-06	6.28735512409051e-06	1.86822490757789e-06
-0.4141285835430049	-0.41412895461689914	3.71073894223084e-07	3.71073894223084e-07	8.960354560615594e-07
3.0977498371799017	3.0977556934885797	-5.856308677998356e-06	5.856308677998356e-06	1.8905040709580873e-06
-0.8821317630684186	-0.8821316077955998	-1.5527281871374754e-07	1.5527281871374754e-07	1.7601998387819587e-07
0.1268054386938506	0.12680623922278755	-8.005289369450441e-07	8.005289369450441e-07	6.3130489132866e-06
1.0294822545733018	1.029477413794666	4.840778635717413e-06	4.840778635717413e-06	4.702148690968755e-06
-9.667202128487228	-9.667219291713991	1.7163226763372563e-05	1.7163226763372563e-05	1.775407872438719e-06
-5.6797495295531455	-5.679759580743848	1.0051190702853319e-05	1.0051190702853319e-05	1.7696538642337096e-06
0.1951556063835467	0.1951560393536056	-4.3297005888898177e-07	4.3297005888898177e-07	2.2185888835704227e-06
0.8322784278130352	0.8322786675307725	-2.397177373270054e-07	2.397177373270054e-07	2.8802589291771975e-07
-1.8374319574686644	-1.8374324977230572	5.402543927779391e-07	5.402543927779391e-07	2.9402688387014876e-07
-0.915767838684938	-0.9157686108665075	7.721815694639034e-07	7.721815694639034e-07	8.432066915265035e-07
-0.4829229175781069	-0.4829225454159314	-3.7216217552149544e-07	3.7216217552149544e-07	7.706450904999818e-07
3.6349511067714815	3.6349583356241055	-7.228852624052706e-06	7.228852624052706e-06	1.9887069761643325e-06
-0.24698807071632484	-0.24698662582522957	-1.4448910952702398e-06	1.4448910952702398e-06	5.850044057106515e-06
3.04732991358865	3.0473356891889125	-5.77560026249202e-06	5.77560026249202e-06	1.89529864710003e-06
-0.0070753821988459005	-0.007075702797010308	3.20598164407597e-07	3.20598164407597e-07	4.531178039539564e-05
-2.4556469918133716	-2.4556520206715504	5.028858178768303e-06	5.028858178768303e-06	2.0478750388526913e-06
-0.3797114469213651	-0.3797117560679908	3.0914662568770623e-07	3.0914662568770623e-07	8.141619858822107e-07
-0.22527969359557048	-0.22527829696628032	-1.3966292901623767e-06	1.3966292901623767e-06	6.199534755536607e-06
1.7438219048092856	1.7438292093174823	-7.304508196748216e-06	7.304508196748216e-06	4.188792546190134e-06
6.605470119662747	6.605484873944079	-1.4754281331796903e-05	1.4754281331796903e-05	2.23364591232913e-06
-0.6146012323638983	-0.6146056266516098	4.394287711484424e-06	4.394287711484424e-06	7.149819232517608e-06
0.41703987184464486	0.41703977967699757	9.216764729202964e-08	9.216764729202964e-08	2.2100440153205259e-07
-0.6656615488231714	-0.665661646053195	9.723002358796862e-08	9.723002358796862e-08	1.4606525457248114e-07
-1.075158141635295	-1.0751586387414136	4.971061184910752e-07	4.971061184910752e-07	4.623562797329389e-07
-0.8657944398047948	-0.8657937978568953	-6.41947899504558e-07	6.41947899504558e-07	7.414553270280807e-07
-0.9913975903759851	-0.9913976418829407	5.150695558953089e-08	5.150695558953089e-08	5.195388418283023e-08
2.915492490856945	2.9154978183214553	-5.327464510429536e-06	5.327464510429536e-06	1.8272948831583666e-06
1.0117522862913633	1.0117503416040563	1.944687306965065e-06	1.944687306965065e-06	1.922098257957419e-06
-8.324138967572702	-8.3241545967212	1.5629148498064183e-05	1.5629148498064183e-05	1.8775693869298295e-06
-0.7076091693760311	-0.7076079264152213	-1.2429608098329936e-06	1.2429608098329936e-06	1.7565640237944272e-06
-1.5571199608427622	-1.557122765461827	2.8046190647668112e-06	2.8046190647668112e-06	1.8011579937931458e-06
-0.28135435635746553	-0.28135318052591174	-1.1758315537901964e-06	1.1758315537901964e-06	4.1791837489670224e-06
0.6579026978593991	0.6579027030966245	-5.237225320087191e-09	5.237225320087191e-09	7.960486158709204e-09
-0.801612437280215	-0.8016150186449522	2.581364737186398e-06	2.581364737186398e-06	3.220215427226518e-06
7.992200724821823	7.992210013071599	-9.288249775529778e-06	9.288249775529778e-06	1.1621642267670708e-06
-5.290317481084289	-5.290324796533241	7.315448952383008e-06	7.315448952383008e-06	1.382799610522364e-06
1.9036014796074463	1.9036015778510773	-9.8243631008188e-08	9.8243631008188e-08	5.1609347891685524e-08
-1.08930551312649	-1.089305348614289	-1.6451220097302155e-07	1.6451220097302155e-07	1.5102484931049681e-07
1.36361750428284	1.363617663628247	-1.5934540709139355e-07	1.5934540709139355e-07	1.1685491465966274e-07
-0.6180571858287061	-0.6180585810398043	1.3952110982096144e-06	1.3952110982096144e-06	2.257414249360893e-06
-0.4218244679786154	-0.42182383504041354	-6.32938201849953e-07	6.32938201849953e-07	1.5004776865671057e-06
6.2452418501734	6.245254196983296	-1.2346809896257582e-05	1.2346809896257582e-05	1.976994677302172e-06
0.5472152530870219	0.547215121514455	1.315725669526202e-07	1.315725669526202e-07	2.4044024030831726e-07
-6.0553333056922405	-6.055344935703033	1.1630010792629264e-05	1.1630010792629264e-05	1.920622731319615e-06
-0.21171986721671507	-0.21172061815377674	7.509370616720634e-07	7.509370616720634e-07	3.546842682002106e-06
2.13795473669974	2.1379585823524394	-3.845652699396851e-06	3.845652699396851e-06	1.7987530949009724e-06
-0.5713231995327737	-0.5713225145882461	-6.849445275403099e-07	6.849445275403099e-07	1.198873996540759e-06
0.05578054477215514	0.05578155287366826	-1.0081015131210846e-06	1.0081015131210846e-06	1.8072636566007773e-05
-0.8923387081095977	-0.8923430573304358	4.349220838140155e-06	4.349220838140155e-06	4.873957387048575e-06
-1.586154286812866	-1.586156267876504	1.981063638023528e-06	1.981063638023528e-06	1.248972848665417e-06
-0.530407409153556	-0.5304061351125711	-1.2740409849332224e-06	1.2740409849332224e-06	2.4020045024755303e-06
-0.2060662370186187	-0.20606635280273622	1.1578411751589357e-07	1.1578411751589357e-07	5.618781571938548e-07
-0.4692424754480142	-0.4692422612606606	-2.1418735357547902e-07	2.1418735357547902e-07	4.5645346442898503e-07
1.1899605069673345	1.1899607825398562	-2.7557252169074786e-07	2.7557252169074786e-07	2.3158123322349267e-07
-0.05405336236540934	-0.054052526138548274	-8.362268610687118e-07	8.362268610687118e-07	1.5470394892655982e-05
-0.16953521260385154	-0.16953486237980542	-3.502240461250583e-07	3.502240461250583e-07	2.0657894059060023e-06
-3.334514304056768	-3.3345210176776163	6.713620848142199e-06	6.713620848142199e-06	2.013372934095503e-06
-0.8932308825686082	-0.8932305045163957	-3.7805221242415143e-07	3.7805221242415143e-07	4.232413139780953e-07
2.018504779391906	2.0185085786579293	-3.7992660231189745e-06	3.7992660231189745e-06	1.8822179971570538e-06
-0.8720167947942575	-0.872017590154428	7.953601705024127e-07	7.953601705024127e-07	9.120927202899445e-07
-0.07240505300871918	-0.07240486866066931	-1.8434804986700026e-07	1.8434804986700026e-07	2.546066085260661e-06
-0.4449515463562532	-0.44495149586509797	-5.049115525679326e-08	5.049115525679326e-08	1.1347562598730066e-07
-0.008169831085562632	-0.008169765806087526	-6.527947510673315e-08	6.527947510673315e-08	7.990309031246947e-06
-0.09284099675012204	-0.09284040334023302	-5.934098890186812e-07	5.934098890186812e-07	6.391679428171382e-06
4.610608027660487	4.61061722762679	-9.199966302553264e-06	9.199966302553264e-06	1.9953911170413478e-06
-3.9284397429716496	-3.9284495983338275	9.855362177901839e-06	9.855362177901839e-06	2.5087217375636252e-06
-0.5532279389617829	-0.5532278541977576	-8.476402535428917e-08	8.476402535428917e-08	1.532171811737525e-07
1.287658257877682	1.2876585278718267	-2.699941445971632e-07	2.699941445971632e-07	2.0967841657162006e-07
-0.9383139196396053	-0.9383140909449139	1.7130530860498538e-07	1.7130530860498538e-07	1.8256716118075026e-07
-0.2180295533449918	-0.21802969695272623	1.4360773442634311e-07	1.4360773442634311e-07	6.586617833368222e-07
-0.17912518954545906	-0.1791252084331063	1.8887647251775164e-08	1.8887647251775164e-08	1.0544383679204307e-07
3.403456462654707	3.403463280392316	-6.817737609132735e-06	6.817737609132735e-06	2.0031804972216033e-06
-0.07457921633876675	-0.07457798847099184	-1.2278677749139044e-06	1.2278677749139044e-06	1.646394042726956e-05
-2.7850683488254377	-2.7850741039401328	5.75511469502743e-06	5.75511469502743e-06	2.066417758635822e-06
0.9071427168192856	0.9071419717656681	7.450536174680167e-07	7.450536174680167e-07	8.213190754376534e-07
-0.5771170307055992	-0.5771175274276175	4.967220182949816e-07	4.967220182949816e-07	8.606954774626485e-07
0.44691501630569286	0.44691471430269303	3.020029998301865e-07	3.020029998301865e-07	6.757503973050985e-07
-0.71860869091264	-0.7186079815255653	-7.093870747487685e-07	7.093870747487685e-07	9.871674023978753e-07
-0.4057591022019468	-0.4057553878737963	-3.7143281504947723e-06	3.7143281504947723e-06	9.154022991321946e-06
-1.1586278417947218	-1.1586309951781004	3.153383378640129e-06	3.153383378640129e-06	2.72165337728767e-06
-3.4084593034025343	-3.408465136999439	5.8335969046474645e-06	5.8335969046474645e-06	1.7115055177053187e-06
0.8912027792724992	0.8912027410588053	3.821369398693264e-08	3.821369398693264e-08	4.2878786821251826e-08
-0.9050225162136114	-0.9050224766724568	-3.9541154572830806e-08	3.9541154572830806e-08	4.3690796487872077e-08
-0.6028950076837687	-0.602895020165306	1.2481537359221306e-08	1.2481537359221306e-08	2.0702671609727675e-08
0.16946701519388988	0.16946632604231127	6.891515786089375e-07	6.891515786089375e-07	4.0665823837191465e-06
-0.27518077598987695	-0.27518054957909044	-2.2641078650798008e-07	2.2641078650798008e-07	8.227710881820794e-07
1.4923884681220245	1.4923917410669674	-3.272944942844802e-06	3.272944942844802e-06	2.1930918207665964e-06
0.8938591352569527	0.893860177257011	-1.0420000582378464e-06	1.0420000582378464e-06	1.1657318442444607e-06
0.7797899804355001	0.7797917305651936	-1.750129693500746e-06	1.750129693500746e-06	2.244360324459833e-06
-1.423979419810574	-1.4239802740121377	8.542015637047484e-07	8.542015637047484e-07	5.998693182085309e-07
0.6771805283747393	0.6771820721951372	-1.5438203978535014e-06	1.5438203978535014e-06	2.2797767111803008e-06
0.32131614178021245	0.3213168711226899	-7.293424774679202e-07	7.293424774679202e-07	2.269859439451402e-06
-0.9571174706985283	-0.9571170153321873	-4.5536634096787765e-07	4.5536634096787765e-07	4.757684975027568e-07
1.2844394895455777	1.2844365446653683	2.9448802094655946e-06	2.9448802094655946e-06	2.2927356511807843e-06
4.25837843217661	4.258386593392061	-8.161215450996906e-06	8.161215450996906e-06	1.9165077930439864e-06
6.737633188203035	6.737647651334555	-1.4463131519981687e-05	1.4463131519981687e-05	2.146619015310195e-06
0.07821194193296915	0.07821194367352291	-1.7405537566794749e-09	1.7405537566794749e-09	2.2254322212983803e-08
0.432361975043887	0.4323620592003863	-8.415649926929447e-08	8.415649926929447e-08	1.9464361837266596e-07
-0.21868370747325205	-0.21868381554668304	1.080734309821807e-07	1.080734309821807e-07	4.941997382013451e-07
-0.01917529904038834	-0.01917651525218389	1.2162117955516472e-06	1.2162117955516472e-06	6.342596237951638e-05
-0.06137672553340201	-0.061376076246233424	-6.492871685859214e-07	6.492871685859214e-07	1.0578719586996717e-05
-0.9220449416484859	-0.9220472384185996	2.296770113652258e-06	2.296770113652258e-06	2.490952457855208e-06
-1.4510047117779274	-1.4510017972497735	-2.914528153930007e-06	2.914528153930007e-06	2.0086276290301034e-06
-8.22865975884434	-8.228675356349413	1.5597505072406648e-05	1.5597505072406648e-05	1.895509782822423e-06
0.0906093941639762	0.09061008859134745	-6.944273712450322e-07	6.944273712450322e-07	7.663966608013338e-06
1.6069333253588145	1.6069361649897473	-2.839630932838233e-06	2.839630932838233e-06	1.767111857117138e-06
-0.3787386392684241	-0.3787385148825706	-1.2438585350604825e-07	1.2438585350604825e-07	3.2842134551233903e-07
-0.45930855604235266	-0.45930795567983296	-6.003625196981943e-07	6.003625196981943e-07	1.3071006664261554e-06
-2.434477400778611	-2.4344859266420826	8.525863471664508e-06	8.525863471664508e-06	3.5021329296126177e-06
-4.673385308817214	-4.6733973949812935	1.2086164079327943e-05	1.2086164079327943e-05	2.5861689718853562e-06
-1.4333249512424087	-1.4333273784359335	2.427193524834337e-06	2.427193524834337e-06	1.6934007342371602e-06
0.8764427016098518	0.8764427152527787	-1.3642926899315455e-08	1.3642926899315455e-08	1.5566250793413074e-08
0.05635894552407022	0.05635902107314905	-7.55490788331703e-08	7.55490788331703e-08	1.340498444934606e-06
0.9948434438960634	0.9948437905222818	-3.466262183948743e-07	3.466262183948743e-07	3.4842288052620287e-07
-0.2522839592559897	-0.25228321328540915	-7.45970580529054e-07	7.45970580529054e-07	2.9568688501995723e-06
-1.1157702380738563	-1.1157695766996767	-6.613741796446249e-07	6.613741796446249e-07	5.927512287712109e-07
2.717802882430044	2.7178082782484125	-5.395818368558736e-06	5.395818368558736e-06	1.985360455477265e-06
-0.8426554883381673	-0.8426556300946686	1.4175650131509343e-07	1.4175650131509343e-07	1.682259277687217e-07
6.618419038083429	6.618431415063242	-1.2376979812600553e-05	1.2376979812600553e-05	1.870081018046977e-06
0.37770367221843404	0.3777025044655602	1.1677528738429643e-06	1.1677528738429643e-06	3.091717025106465e-06
4.296584592833831	4.296592415357736	-7.82252390507665e-06	7.82252390507665e-06	1.8206377032873151e-06
-0.6161935605101965	-0.6161941964819562	6.359717596993164e-07	6.359717596993164e-07	1.0320973805255997e-06
-0.24103235384068566	-0.2410307270110934	-1.6268295922605702e-06	1.6268295922605702e-06	6.7494241596124076e-06
-4.274081147255437	-4.27409243548027	1.1288224833094773e-05	1.1288224833094773e-05	2.641088094535455e-06
-0.5802383188558954	-0.5802360119560035	-2.3068998918907013e-06	2.3068998918907013e-06	3.975779980266401e-06
-5.709759187939042	-5.7097762191915535	1.7031252511401362e-05	1.7031252511401362e-05	2.9828320163444325e-06
-0.9066154892766387	-0.9066158604582597	3.711816209950314e-07	3.711816209950314e-07	4.09414603418243e-07
0.6206575105177697	0.6206576636031969	-1.530854271125648e-07	1.530854271125648e-07	2.466504062520031e-07
1.8142146323439243	1.8142148273909697	-1.9504704540374007e-07	1.9504704540374007e-07	1.075104576528212e-07
-0.548439438591316	-0.5484392145262973	-2.2406501876126583e-07	2.2406501876126583e-07	4.085501570360875e-07
-0.04827151807485869	-0.04827052180189639	-9.962729622947641e-07	9.962729622947641e-07	2.063893993865617e-05
1.7107790223832777	1.7107816493080463	-2.6269247686006025e-06	2.6269247686006025e-06	1.535513783037301e-06
0.49525006484912193	0.4952493909513578	6.738977641473909e-07	6.738977641473909e-07	1.3607222128334178e-06
3.1946440214348275	3.19464991980567	-5.8983708424165116e-06	5.8983708424165116e-06	1.846331172688012e-06
-0.16895407395956796	-0.16895273392947274	-1.3400300952204347e-06	1.3400300952204347e-06	7.931327512949552e-06
2.754007116183331	2.7540127503016265	-5.634118295461121e-06	5.634118295461121e-06	2.0457893018334758e-06
-1.0337560798997043	-1.0337577614336624	1.6815339580755762e-06	1.6815339580755762e-06	1.6266254591109342e-06
-0.3972527114192392	-0.39725299893689225	2.8751765307477584e-07	2.8751765307477584e-07	7.237651117536241e-07
2.2313139323013456	2.231321732779179	-7.800477833441732e-06	7.800477833441732e-06	3.495912305534e-06
0.3087567513560984	0.30875648099026876	2.7036582966877276e-07	2.7036582966877276e-07	8.756596527243277e-07
-0.04785383642672966	-0.04784979591931915	-4.0405074105132055e-06	4.0405074105132055e-06	8.443434658994872e-05
0.2009099945060435	0.20091020905965706	-2.1455361357003433e-07	2.1455361357003433e-07	1.067909110731574e-06
-0.9264206946393101	-0.9264208242711902	1.2963188011916316e-07	1.2963188011916316e-07	1.3992766015404442e-07
1.5093123386485794	1.509312808593677	-4.6994509750319935e-07	4.6994509750319935e-07	3.1136371542816825e-07
1.1881000446638768	1.1880998604283377	1.8423553904689527e-07	1.8423553904689527e-07	1.5506736143505238e-07
0.08007517480898839	0.08007526321307523	-8.840408684263057e-08	8.840408684263057e-08	1.1040136603324314e-06
1.4588786874300548	1.4588816179639252	-2.9305338704599393e-06	2.9305338704599393e-06	2.0087577505312226e-06
-0.11917690668380536	-0.11917733718291856	4.304991132048075e-07	4.304991132048075e-07	3.6122695678533408e-06
-0.0991099429435792	-0.09910996959661134	2.6653032142442967e-08	2.6653032142442967e-08	2.689238975509841e-07
0.40058375018810055	0.40058231252260157	1.4376654989822768e-06	1.4376654989822768e-06	3.5889261566581214e-06
-0.9319847219464016	-0.9319869177488727	2.1958024710722057e-06	2.1958024710722057e-06	2.356049857219104e-06
-1.1115385805254374	-1.111538578697946	-1.827491491468436e-09	1.827491491468436e-09	1.644109816327346e-09
0.04034045814137316	0.040340592931897845	-1.3479052468623465e-07	1.3479052468623465e-07	3.3413235966200774e-06
-0.9579621648519271	-0.9579628340361523	6.691842252548597e-07	6.691842252548597e-07	6.985497442462103e-07
-4.348913507926652	-4.348922985627723	9.477701071070044e-06	9.477701071070044e-06	2.1793261819981665e-06
-1.3030802279346525	-1.3030872964918672	7.068557214662263e-06	7.068557214662263e-06	5.424498862871811e-06
0.532954935184309	0.5329549790076271	-4.382331808550077e-08	4.382331808550077e-08	8.222706122487745e-08
1.9414695075962787	1.9414694438637525	6.373252614544356e-08	6.373252614544356e-08	3.282695190219619e-08
0.9165228135938601	0.9165229848804302	-1.7128657003873116e-07	1.7128657003873116e-07	1.868874047631002e-07
-0.17558834591743638	-0.17558936997374985	1.0240563134700231e-06	1.0240563134700231e-06	5.8321428345338245e-06
-1.0900511165545654	-1.0900507641053991	-3.52449166296509e-07	3.52449166296509e-07	3.2333269600285414e-07
3.763754704692348	3.763761298614554	-6.593922206032943e-06	6.593922206032943e-06	1.7519532284641633e-06
0.4053186479341685	0.4053185471093457	1.0082482282403049e-07	1.0082482282403049e-07	2.487544635262041e-07
5.248934929828562	5.24894451154978	-9.58172121823253e-06	9.58172121823253e-06	1.8254600878707186e-06
0.2190631651751001	0.21906206666244543	1.0985126546736446e-06	1.0985126546736446e-06	5.014593182726949e-06
-0.758249228289686	-0.7582510338579596	1.8055682735607093e-06	1.8055682735607093e-06	2.3812332491697564e-06
-0.43314869661490585	-0.43314971935615176	1.0227412459151708e-06	1.0227412459151708e-06	2.361178167931662e-06
-1.3845289957041564	-1.3845272528669739	-1.7428371825722877e-06	1.7428371825722877e-06	1.2587942816509232e-06
-3.932581224513706	-3.932588455882069	7.231368362781154e-06	7.231368362781154e-06	1.8388350932727063e-06
-1.4119223320014127	-1.4119218894848018	-4.425166109101042e-07	4.425166109101042e-07	3.1341427278286113e-07
-7.178500439602359	-7.178508937613515	8.498011156099494e-06	8.498011156099494e-06	1.1838142558601316e-06
0.24145090184563162	0.24145107727235882	-1.7542672720027852e-07	1.7542672720027852e-07	7.265523792180127e-07
0.052703369193877324	0.05270347946861875	-1.1027474142860649e-07	1.1027474142860649e-07	2.0923660691016576e-06
1.4470559513945809	1.4470561509369873	-1.9954240637609644e-07	1.9954240637609644e-07	1.3789543257383386e-07
-0.33674194170075594	-0.3367417029949138	-2.3870584214824575e-07	2.3870584214824575e-07	7.08868758499856e-07
0.1323712251400971	0.1323714132013265	-1.8806122939474257e-07	1.8806122939474257e-07	1.420710801729795e-06
3.288447768227638	3.2884541001294565	-6.331901818423802e-06	6.331901818423802e-06	1.925498674359813e-06
-1.0259811205324014	-1.0259804239467485	-6.965856529372871e-07	6.965856529372871e-07	6.789458782397627e-07
-0.8276988545847316	-0.8277004981209757	1.6435362441002965e-06	1.6435362441002965e-06	1.9856693470052975e-06
-0.43176987508454034	-0.43176885174034396	-1.023344196382503e-06	1.023344196382503e-06	2.370114858481344e-06
6.3601783701391	6.360189864608401	-1.1494469300821208e-05	1.1494469300821208e-05	1.8072558082313372e-06
0.8570461658971018	0.8570466102355567	-4.4433845491909096e-07	4.4433845491909096e-07	5.184533489558122e-07
-0.7958987588627571	-0.7958996097841009	8.509213438312457e-07	8.509213438312457e-07	1.0691326432611972e-06
-0.02131956837242735	-0.021316969650797546	-2.5987216298040128e-06	2.5987216298040128e-06	0.00012189372619592739
6.19259541231093	6.192604366788146	-8.95447721571685e-06	8.95447721571685e-06	1.4459974565616342e-06
5.315262799168419	5.315273709129542	-1.0909961122962386e-05	1.0909961122962386e-05	2.0525722876146905e-06
-1.7550538278617465	-1.755054195655248	3.6779350143234524e-07	3.6779350143234524e-07	2.0956251916241397e-07
-0.8499109023773278	-0.8499107693751284	-1.3300219936507318e-07	1.3300219936507318e-07	1.5648957907593156e-07
-1.2449310500553707	-1.2449314413061074	3.91250736697657e-07	3.91250736697657e-07	3.142750248539912e-07
1.1835507516116845	1.1835501795758319	5.720358526861702e-07	5.720358526861702e-07	4.833217772091378e-07
0.6792878306236128	0.6792881749788648	-3.443552520909776e-07	3.443552520909776e-07	5.069357002536701e-07
-6.031687996936858	-6.031699650975497	1.165403863900849e-05	1.165403863900849e-05	1.9321355224154324e-06
0.7114770628341128	0.7114764503057813	6.125283315006058e-07	6.125283315006058e-07	8.609249173271271e-07
-6.229715969660892	-6.229727839581756	1.1869920863993855e-05	1.1869920863993855e-05	1.9053711151200336e-06
-0.40896330340082643	-0.40896240398069494	-8.99420131483808e-07	8.99420131483808e-07	2.199268550514135e-06
1.8551321532344514	1.8551355301497097	-3.3769152583129625e-06	3.3769152583129625e-06	1.8203098105033967e-06
-0.016600957792104642	-0.016598864476691233	-2.0933154134088194e-06	2.0933154134088194e-06	0.00012609606262624153
-0.09294576876454758	-0.09294543770010932	-3.310644382525929e-07	3.310644382525929e-07	3.5619097313752195e-06
-3.0240691372287514	-3.024074037966784	4.9007380327203975e-06	4.9007380327203975e-06	1.6205773778080419e-06
-3.626172421787467	-3.626182925017929	1.0503230461811341e-05	1.0503230461811341e-05	2.896506078614412e-06
-2.633113519003334	-2.633118263020151	4.744016817159746e-06	4.744016817159746e-06	1.8016757663207074e-06
-1.1557639674694151	-1.155764065515541	9.804612588482087e-08	9.804612588482087e-08	8.483230888353114e-08
3.0146830037226753	3.0146833896651515	-3.859424761998298e-07	3.859424761998298e-07	1.2802091487670495e-07
1.387952278065943	1.3879526559321675	-3.7786622453239715e-07	3.7786622453239715e-07	2.7224727427872294e-07
1.0721734347223668	1.0721717676460685	1.6670762983395093e-06	1.6670762983395093e-06	1.5548569329841578e-06
0.8192360579097706	0.8192345108000154	1.5471097551955637e-06	1.5471097551955637e-06	1.8884785896056836e-06
4.376967251662821	4.376974528440769	-7.276777948206359e-06	7.276777948206359e-06	1.6625159682065001e-06
-0.6510824085831456	-0.6510817997877894	-6.087953562383674e-07	6.087953562383674e-07	9.350511520702868e-07
-0.7986822535350127	-0.7986842338141287	1.9802791160206112e-06	1.9802791160206112e-06	2.479432975073359e-06
-0.057189995455163775	-0.05719002820114838	3.2745984604454215e-08	3.2745984604454215e-08	5.725823956416756e-07
3.2305999793454148	3.230605808312248	-5.828966833210103e-06	5.828966833210103e-06	1.8042985422141835e-06
-0.8006737497284194	-0.8006735897652106	-1.5996320879008152e-07	1.5996320879008152e-07	1.9978575399073525e-07
-0.5623717453274756	-0.5623701554213767	-1.589906098886651e-06	1.589906098886651e-06	2.827144343748689e-06
-4.777416301844196	-4.777430222475232	1.3920631035446718e-05	1.3920631035446718e-05	2.913840903936511e-06
0.9611535854078894	0.96115433052546	-7.451175705330826e-07	7.451175705330826e-07	7.752325766093599e-07
0.6396220913063431	0.6396201029019721	1.9884043709339494e-06	1.9884043709339494e-06	3.1087174723326047e-06
0.46150751148950925	0.4615076732079615	-1.6171845224066672e-07	1.6171845224066672e-07	3.5041347803575854e-07
-1.4086998088353009	-1.4087000945437467	2.857084457907888e-07	2.857084457907888e-07	2.028171254080099e-07
1.813895443308067	1.8138957098017272	-2.6649366025033316e-07	2.6649366025033316e-07	1.4691787293115362e-07
-0.8989337422166479	-0.8989327106974088	-1.0315192391363581e-06	1.0315192391363581e-06	1.1474919570743584e-06
-0.3333463068507083	-0.3333467252559785	4.1840527020831075e-07	4.1840527020831075e-07	1.2551669588338854e-06
-0.7845519904660181	-0.7845539212212316	1.9307552134861794e-06	1.9307552134861794e-06	2.460965285856104e-06
-0.7793582008091235	-0.7793577906340943	-4.1017502927509497e-07	4.1017502927509497e-07	5.262984707792316e-07
0.8169158187978326	0.8169171910594741	-1.3722616415412503e-06	1.3722616415412503e-06	1.6798078944788468e-06
-0.09716645992783145	-0.09716643990032026	-2.0027511191123004e-08	2.0027511191123004e-08	2.0611547653375516e-07
8.884917537795639	8.884933373792592	-1.5835996952873188e-05	1.5835996952873188e-05	1.782345968379367e-06
-1.3286553496159932	-1.328653816926817	-1.5326891762423855e-06	1.5326891762423855e-06	1.1535641479074028e-06
0.06104500442773618	0.06104368821979733	1.316207938847902e-06	1.316207938847902e-06	2.15612719040098e-05
4.406654035439324	4.4066641771678405	-1.0141728516543935e-05	1.0141728516543935e-05	2.30145784874007e-06
3.0232823765687917	3.0232875515139312	-5.174945139518883e-06	5.174945139518883e-06	1.7116975839326242e-06
-3.272376952085035	-3.2723850649745145	8.11288947932809e-06	8.11288947932809e-06	2.4792038319909514e-06
-0.003997740017924489	-0.003997645762865432	-9.42550590571703e-08	9.42550590571703e-08	2.357708571206809e-05
0.39688081425267496	0.39688076822130824	4.603136671832431e-08	4.603136671832431e-08	1.1598284690329814e-07
0.16703365991119762	0.16703358642189414	7.348930347594873e-08	7.348930347594873e-08	4.399670312859028e-07
-0.6912729868455978	-0.691272739913984	-2.4693161382316475e-07	2.4693161382316475e-07	3.5721287902476536e-07
-0.22860441311425056	-0.22860465287521947	2.3976096891198395e-07	2.3976096891198395e-07	1.0488028889982873e-06
2.989460848803243	2.9894661347498186	-5.285946575561695e-06	5.285946575561695e-06	1.7681939463023219e-06
-0.3368102240127178	-0.33681011973385466	-1.0427886315556023e-07	1.0427886315556023e-07	3.096071785268095e-07
-2.3740277559888794	-2.3740322408229986	4.484834119189429e-06	4.484834119189429e-06	1.8891245512507974e-06
-1.545238086440691	-1.5452374477717967	-6.386688942150442e-07	6.386688942150442e-07	4.1331423281583576e-07
-2.153704758352187	-2.1537089896810357	4.2313288486361955e-06	4.2313288486361955e-06	1.9646745136383556e-06
-0.07848590357999086	-0.07848634822948952	4.4464949866540593e-07	4.4464949866540593e-07	5.665342161885546e-06
0.3850796020780848	0.38507833460244	1.2674756447728086e-06	1.2674756447728086e-06	3.291463993244169e-06
-0.24489789165222386	-0.24490038777003065	2.496117806782827e-06	2.496117806782827e-06	1.0192483854975483e-05
-0.4861671589171962	-0.486169465148123	2.306230926785169e-06	2.306230926785169e-06	4.743699537257237e-06
0.5440403006977618	0.5440449049274321	-4.60422967030194e-06	4.60422967030194e-06	8.463030522549085e-06
1.5308452811651163	1.530845383513224	-1.0234810776665881e-07	1.0234810776665881e-07	6.685725136688036e-08
-0.16960089093304018	-0.16960094626483624	5.533179606165284e-08	5.533179606165284e-08	3.262470837107706e-07
0.427361742076221	0.42736165414680727	8.792941375013186e-08	8.792941375013186e-08	2.0574938066039948e-07
0.998655693694704	0.998656178580859	-4.848861550055261e-07	4.848861550055261e-07	4.855388679672007e-07
-0.7984795714857285	-0.7984793273863033	-2.4409942511738336e-07	2.4409942511738336e-07	3.057052851874323e-07
0.15978879400978138	0.15978892542989342	-1.3142011204281268e-07	1.3142011204281268e-07	8.224613800813082e-07
0.23671130738502646	0.23671052122153924	7.861634872263767e-07	7.861634872263767e-07	3.3211910994502273e-06
3.6623286221335163	3.6623353962568217	-6.774123305408608e-06	6.774123305408608e-06	1.8496765321573718e-06
-0.9634119321623377	-0.963411497650668	-4.3451166964469934e-07	4.3451166964469934e-07	4.5101337770381993e-07
-1.0772632864483944	-1.0772653909043584	2.104455963936047e-06	2.104455963936047e-06	1.9535205463783897e-06
-0.3732017849563144	-0.3732012401087559	-5.448475585145829e-07	5.448475585145829e-07	1.459927525744178e-06
0.44228839803012016	0.44228812566871056	2.7236140959230326e-07	2.7236140959230326e-07	6.158004840401789e-07
-2.243746459327182	-2.2437505408561265	4.081528944599455e-06	4.081528944599455e-06	1.8190686954101568e-06
-5.805698750845009	-5.805714044981869	1.5294136860077856e-05	1.5294136860077856e-05	2.6343318033599007e-06
1.1807402996864023	1.1807394698735152	8.298128870709576e-07	8.298128870709576e-07	7.027903488102769e-07
0.6004491714926693	0.6004491283420066	4.315066270965673e-08	4.315066270965673e-08	7.186397243648048e-08
2.5415635655441475	2.541564113471395	-5.479272475739094e-07	5.479272475739094e-07	2.155866786108096e-07
0.4610835661016365	0.4610834312188672	1.3488276928708132e-07	1.3488276928708132e-07	2.9253432393500044e-07
-1.194127504881483	-1.1941274406126468	-6.426883625287871e-08	6.426883625287871e-08	5.3820748613656115e-08
-0.2287577936171189	-0.22875821650814032	4.2289102142323287e-07	4.2289102142323287e-07	1.8486409347479655e-06
-3.092203040988068	-3.09220960480161	6.563813542026509e-06	6.563813542026509e-06	2.1226981071492443e-06
-0.4636406539436341	-0.46364139507204527	7.411284111968897e-07	7.411284111968897e-07	1.598497467581845e-06
1.6513243147026078	1.6513271430085297	-2.828305921909191e-06	2.828305921909191e-06	1.7127501222668967e-06
-0.9073704758926442	-0.9073692199308425	-1.2559618016716456e-06	1.2559618016716456e-06	1.3841775052643933e-06
7.037655916524299	7.037669551209547	-1.3634685247509992e-05	1.3634685247509992e-05	1.9373901493956216e-06
-0.23236122219189378	-0.23235997923620744	-1.242955686348024e-06	1.242955686348024e-06	5.3492388903064826e-06
-0.649506084132407	-0.6495062502835935	1.6615118658691586e-07	1.6615118658691586e-07	2.5581159383419205e-07
-3.008101950177715	-3.008109484653687	7.5344759720152865e-06	7.5344759720152865e-06	2.50472759793602e-06
3.529497555336942	3.529503502704756	-5.947367814229665e-06	5.947367814229665e-06	1.6850465883555209e-06
-0.553054275980538	-0.553053640487633	-6.354929050766955e-07	6.354929050766955e-07	1.1490606486135522e-06
0.1696762483943895	0.16967622377705993	2.4617329563714208e-08	2.4617329563714208e-08	1.4508412224258137e-07
0.10826674678730318	0.10826684092535288	-9.413804970270778e-08	9.413804970270778e-08	8.695010471465249e-07
-0.3675543129986459	-0.36755431074197986	-2.2566660207168354e-09	2.2566660207168354e-09	6.139680425203306e-09
-0.8168948435351799	-0.8168953277163382	4.841811582778632e-07	4.841811582778632e-07	5.927092845665781e-07
-0.29660784137059615	-0.29660763811989455	-2.03250701602542e-07	2.03250701602542e-07	6.852506011416966e-07
-1.7365047597077548	-1.7365076855639927	2.9258562379563813e-06	2.9258562379563813e-06	1.6849111536260853e-06
-0.01358913028392916	-0.013588050478574587	-1.0798053545722774e-06	1.0798053545722774e-06	7.946096122496388e-05
2.715191614136579	2.7151971153216437	-5.501185064815672e-06	5.501185064815672e-06	2.026076184153592e-06
-0.2225147388156244	-0.2225150628873962	3.24071771806711e-07	3.24071771806711e-07	1.4564058701533327e-06
0.47417044368394173	0.4741711591123021	-7.154283603871825e-07	7.154283603871825e-07	1.50879998936427e-06
0.6016697182787404	0.6016700426698662	-3.24391125849921e-07	3.24391125849921e-07	5.391514912499514e-07
-1.3048049750428936	-1.3048040077592304	-9.672836631668957e-07	9.672836631668957e-07	7.413243217708437e-07
3.14169160346758	3.141696039620001	-4.436152420961292e-06	4.436152420961292e-06	1.4120266979944742e-06
8.044034170199295	8.044047271141608	-1.3100942313215569e-05	1.3100942313215569e-05	1.6286532399067355e-06
2.5614999449193645	2.561500995852839	-1.0509334744668308e-06	1.0509334744668308e-06	4.1028049856152313e-07
-1.369763475734467	-1.3697634349227883	-4.08116787031787e-08	4.08116787031787e-08	2.9794690416384102e-08
-0.4987581208780848	-0.4987579109183571	-2.0995972771498117e-07	2.0995972771498117e-07	4.209650307955651e-07
-2.288921417494107	-2.288922046773223	6.292791159268063e-07	6.292791159268063e-07	2.749238620064712e-07
0.06252068250740128	0.06252069078982458	-8.282423302752306e-09	8.282423302752306e-09	1.3247493422311605e-07
0.8520795454273954	0.8520792230228835	3.224045118654928e-07	3.224045118654928e-07	3.783737253119691e-07
-4.822091229732711	-4.822100524506823	9.294774111268111e-06	9.294774111268111e-06	1.9275400792828467e-06
0.3511524780465669	0.35115320588374743	-7.278371805252704e-07	7.278371805252704e-07	2.0727097942585236e-06
-5.131902766300909	-5.131912378601555	9.612300646111294e-06	9.612300646111294e-06	1.8730480844709902e-06
-0.21047053482604092	-0.21046927486167988	-1.2599643610389233e-06	1.2599643610389233e-06	5.986416873413254e-06
-6.8864211332008685	-6.88643430976299	1.3176562121408608e-05	1.3176562121408608e-05	1.913412187047589e-06
-0.10034911589484578	-0.10034807155534509	-1.0443395006970446e-06	1.0443395006970446e-06	1.0407062298300576e-05
0.18814314533866808	0.18814289387591998	2.5146274809650926e-07	2.5146274809650926e-07	1.3365501445394802e-06
2.444257549484847	2.444263122470147	-5.5729853003505525e-06	5.5729853003505525e-06	2.2800319473392313e-06
-3.0758607897467414	-3.0758674561184307	6.666371689334483e-06	6.666371689334483e-06	2.1673190514852183e-06
1.0914213969280766	1.0914260969911993	-4.700063122697884e-06	4.700063122697884e-06	4.306368865340848e-06
0.38307281429894136	0.3830727996501082	1.4648833146502227e-08	1.4648833146502227e-08	3.824033603979689e-08
1.2577813067964672	1.2577816678458476	-3.6104938039294154e-07	3.6104938039294154e-07	2.8705258890555777e-07
1.3459778928153618	1.3459778838296188	8.985743038536498e-09	8.985743038536498e-09	6.675996007438988e-09
1.6444234493480143	1.6444213633803884	2.085967625964358e-06	2.085967625964358e-06	1.2685100220331983e-06
-0.495807291003758	-0.4958063673257129	-9.236780450505577e-07	9.236780450505577e-07	1.8629779388289727e-06
-1.110115035330733	-1.1101167515334964	1.7162027634576305e-06	1.7162027634576305e-06	1.545968398623056e-06
-0.5506505266425356	-0.5506495240297227	-1.0026128128837186e-06	1.0026128128837186e-06	1.820778814099968e-06
2.171790917985694	2.1717947561228357	-3.838137141887188e-06	3.838137141887188e-06	1.7672682531737482e-06
-0.7404484305462465	-0.7404478847092832	-5.4583696329491e-07	5.4583696329491e-07	7.371708018777662e-07
3.5423613720079814	3.542368177022581	-6.80501459981997e-06	6.80501459981997e-06	1.921039071166971e-06
0.08139373612387722	0.08139193323586369	1.8028880135328995e-06	1.8028880135328995e-06	2.2150205892858802e-05
-0.30412718898781327	-0.3041281006517238	9.116639105299917e-07	9.116639105299917e-07	2.997640275320873e-06
-0.3110332618876286	-0.31103241508390056	-8.468037280273677e-07	8.468037280273677e-07	2.7225503886246885e-06
-4.79355297868901	-4.793564572992182	1.1594303171769127e-05	1.1594303171769127e-05	2.41872849289757e-06
2.463383896076102	2.4633875882500433	-3.6921739412498766e-06	3.6921739412498766e-06	1.498821985128303e-06
-1.1331387260514159	-1.133139062403643	3.3635222718153557e-07	3.3635222718153557e-07	2.968323466920975e-07
0.4103406335687082	0.41034050673260936	1.26836098846006e-07	1.26836098846006e-07	3.090995345572286e-07
0.7721234286368733	0.7721235178905772	-8.92537038721386e-08	8.92537038721386e-08	1.1559512451229383e-07
0.5871221668504002	0.5871201965419459	1.970308454279923e-06	1.970308454279923e-06	3.355874748946349e-06
0.4129205502723052	0.4129222170377034	-1.6667653982005426e-06	1.6667653982005426e-06	4.036528085369873e-06
1.7382542232820972	1.7382582063873997	-3.983105302474144e-06	3.983105302474144e-06	2.2914400259321187e-06
-0.0013179004598202755	-0.0013191111065680161	1.2106467477406187e-06	1.2106467477406187e-06	0.0009186177443975676
2.6525088132150163	2.6525138046054053	-4.991390389008643e-06	4.991390389008643e-06	1.8817620375627509e-06
-0.1073605151267569	-0.10736127842392307	7.632971661675203e-07	7.632971661675203e-07	7.109663783433988e-06
0.023546439307815983	0.02354654543523793	-1.0612742194771041e-07	1.0612742194771041e-07	4.507153738207992e-06
-0.4521212146874465	-0.45212069562694523	-5.190605012472815e-07	5.190605012472815e-07	1.1480560619260268e-06
-1.0306519997075037	-1.03065004623204	-1.953475463611909e-06	1.953475463611909e-06	1.8953783276666617e-06
-0.3874806654805502	-0.387479999972129	-6.655084212048301e-07	6.655084212048301e-07	1.7175267838963584e-06
1.7358384437946113	1.7358462778247485	-7.834030137265913e-06	7.834030137265913e-06	4.5131101717855805e-06
-3.494541329625733	-3.49454835850338	7.02887764703064e-06	7.02887764703064e-06	2.0113877570832556e-06
0.5109679141633791	0.5109679368615616	-2.269818255573597e-08	2.269818255573597e-08	4.4421933210621036e-08
-0.2873944123421213	-0.2873946132240235	2.008819021681596e-07	2.008819021681596e-07	6.989763667674405e-07
0.735824020002268	0.7358239058703475	1.1413192047005083e-07	1.1413192047005083e-07	1.5510763085676252e-07
-0.2024139377207745	-0.2024122854891175	-1.6522316570177775e-06	1.6522316570177775e-06	8.162637788791966e-06
-0.5987011222498966	-0.5987009672026034	-1.550472932265734e-07	1.550472932265734e-07	2.5897277867780075e-07
4.01380788622827	4.013815565031109	-7.67880283891742e-06	7.67880283891742e-06	1.9130967541481175e-06
0.5515902732772837	0.5515906327673292	-3.594900455095029e-07	3.594900455095029e-07	6.517338374616112e-07
-1.9954244166264474	-1.9954281774516858	3.7608252383414253e-06	3.7608252383414253e-06	1.8847244761591333e-06
-0.2585211090602205	-0.25852223097899696	1.1219187764366367e-06	1.1219187764366367e-06	4.339756937122277e-06
2.418911339230181	2.4189160235437157	-4.6843135348417775e-06	4.6843135348417775e-06	1.936537920539312e-06
-0.6195607227234539	-0.6195620499056531	1.327182199251098e-06	1.327182199251098e-06	2.142134177610702e-06
-0.42024457756439487	-0.42024527419926017	6.966348652936993e-07	6.966348652936993e-07	1.6576891231557953e-06
0.19987265449062586	0.19987567020507413	-3.015714448273421e-06	3.015714448273421e-06	1.5088179300760024e-05
2.415331396415163	2.4153375848072756	-6.188392112527197e-06	6.188392112527197e-06	2.562129619857554e-06
1.3312025865983035	1.331202178789681	4.078086224268418e-07	4.078086224268418e-07	3.0634602616641394e-07
1.3846453098817924	1.3846454708072997	-1.6092550736424016e-07	1.6092550736424016e-07	1.162214656820514e-07
0.565002355408888	0.5650026855619217	-3.3015303368966187e-07	3.3015303368966187e-07	5.843392165165977e-07
-0.3952504252558237	-0.3952503375330707	-8.77227530060587e-08	8.77227530060587e-08	2.2194221030699868e-07
-0.08858094160299076	-0.08858170713210711	7.655291163477518e-07	7.655291163477518e-07	8.642142457446006e-06
0.5656652992963432	0.5656655821439927	-2.828476494132204e-07	2.828476494132204e-07	5.000265170323642e-07
3.004116398122013	3.0041220279599656	-5.629837952714212e-06	5.629837952714212e-06	1.8740412176550939e-06
1.3676473105659168	1.3676453113475873	1.999218329551411e-06	1.999218329551411e-06	1.461793778341989e-06
-2.840775246894457	-2.8407802319634357	4.985068978502483e-06	4.985068978502483e-06	1.7548269557587045e-06
-0.7403361720600304	-0.7403335830531432	-2.58900688721031e-06	2.58900688721031e-06	3.49706928408785e-06
-4.5315928207216025	-4.5316016480683174	8.827346714923578e-06	8.827346714923578e-06	1.947956726067442e-06
0.8300566163806727	0.8300573699671077	-7.535864349206278e-07	7.535864349206278e-07	9.07873535430052e-07
-0.7492933756594049	-0.7492943814213504	1.005761945505057e-06	1.005761945505057e-06	1.3422805781780075e-06
3.246008076937182	3.2460170550621115	-8.978124929281961e-06	8.978124929281961e-06	2.765897285675703e-06
-0.03339460886422798	-0.03339128852530848	-3.320338919497734e-06	3.320338919497734e-06	9.942739359509171e-05
-0.6181714323568588	-0.6181744988680293	3.066511170546349e-06	3.066511170546349e-06	4.960616117206965e-06
-1.006980626078632	-1.0069807640320505	1.3795341846645215e-07	1.3795341846645215e-07	1.3699709298645413e-07
0.6811998867995974	0.6811999901401578	-1.0334056033123318e-07	1.0334056033123318e-07	1.5170372505014083e-07
-0.885607621491894	-0.8856076360643783	1.4572484330344082e-08	1.4572484330344082e-08	1.6454786495395427e-08
0.07140788755341597	0.07140861953303101	-7.319796150456748e-07	7.319796150456748e-07	1.0250682944487394e-05
0.09223377444856387	0.09223361939802999	1.5505053388431556e-07	1.5505053388431556e-07	1.6810602711567744e-06
1.1976863782478815	1.1976884602518112	-2.082003929704257e-06	2.082003929704257e-06	1.7383548544236269e-06
0.7976337479065316	0.797632706053264	1.0418532676581549e-06	1.0418532676581549e-06	1.3061800235917818e-06
-4.58801196349645	-4.5880202305852436	8.267088793978417e-06	8.267088793978417e-06	1.801889110088153e-06
-0.6725611891580578	-0.6725608427586849	-3.4639937296354617e-07	3.4639937296354617e-07	5.150451416876796e-07
-5.102484795808459	-5.102494199945795	9.404137336410656e-06	9.404137336410656e-06	1.8430505357185736e-06
1.0771821840930798	1.0771817242130055	4.598800742439124e-07	4.598800742439124e-07	4.269287786551193e-07
-0.42884332454318974	-0.42884264257736504	-6.819658247003701e-07	6.819658247003701e-07	1.5902447016677018e-06
2.3855720243514074	2.385575260177575	-3.2358261674581e-06	3.2358261674581e-06	1.3564152054213752e-06
-3.4473753353511873	-3.447376798703772	1.463352584440969e-06	1.463352584440969e-06	4.244831044171452e-07
-1.5964903679756128	-1.5964942795108072	3.911535194411897e-06	3.911535194411897e-06	2.4500838043713445e-06
0.7961574282622298	0.7961575693116174	-1.410493876141672e-07	1.410493876141672e-07	1.7716268492531084e-07
-0.8715766267041232	-0.8715768617548747	2.3505075152918664e-07	2.3505075152918664e-07	2.6968455133776784e-07
0.5995277137703707	0.5995279375383689	-2.237679981309526e-07	2.237679981309526e-07	3.7324045743223063e-07
0.05190182100509577	0.05190249476072495	-6.737556291769309e-07	6.737556291769309e-07	1.2981348556359533e-05
0.8128346715016196	0.8128338963615533	7.751400662447949e-07	7.751400662447949e-07	9.536257413980777e-07
-2.10007337418052	-2.1000777387598646	4.364579344606767e-06	4.364579344606767e-06	2.0782985005511492e-06
-0.06381271630723291	-0.06381318689818727	4.7059095435730836e-07	4.7059095435730836e-07	7.374563904968402e-06
1.260474978443446	1.2604778262357286	-2.847792282656414e-06	2.847792282656414e-06	2.259300923349655e-06
-0.30020570132150104	-0.30020523809071165	-4.632307893936982e-07	4.632307893936982e-07	1.5430446102607751e-06
0.10470267486693047	0.10470271854501334	-4.367808287275565e-08	4.367808287275565e-08	4.17163008760448e-07
0.14604234851397152	0.14604153830077848	8.102131930365353e-07	8.102131930365353e-07	5.5477962473263306e-06
-0.516453278669	-0.5164550848348881	1.8061658880741405e-06	1.8061658880741405e-06	3.4972493402093975e-06
-6.250703377717141	-6.25070773958214	4.361864998969622e-06	4.361864998969622e-06	6.978198668839485e-07
5.860126023222741	5.860136644514569	-1.0621291827384027e-05	1.0621291827384027e-05	1.8124681594377918e-06
-2.085490689329805	-2.085494417769951	3.728440145955858e-06	3.728440145955858e-06	1.7877999480084147e-06
0.5388193952275112	0.5388194385886891	-4.336117787051563e-08	4.336117787051563e-08	8.047441917380647e-08
-1.7663742733176115	-1.7663742410150007	-3.230261080844343e-08	3.230261080844343e-08	1.8287523372819813e-08
-0.7434880776144275	-0.7434883536916459	2.760772184196014e-07	2.760772184196014e-07	3.7132702827653804e-07
0.2781399090834311	0.27813890028483	1.0087986010987038e-06	1.0087986010987038e-06	3.6269466126707604e-06
1.3136789163142226	1.3136784614289354	4.548852872154896e-07	4.548852872154896e-07	3.462682407142205e-07
-2.022800786821741	-2.0228040584697737	3.2716480329320063e-06	3.2716480329320063e-06	1.617385189014325e-06
0.7812136061009902	0.7812124877091264	1.118391863785817e-06	1.118391863785817e-06	1.4316082759588274e-06
-6.679322914522422	-6.679335064291081	1.2149768658709093e-05	1.2149768658709093e-05	1.8190120187620563e-06
0.54269024643826	0.5426895859272918	6.605109682533694e-07	6.605109682533694e-07	1.2171049186683946e-06
8.376015585246451	8.376031571970088	-1.5986723637340106e-05	1.5986723637340106e-05	1.908631075794461e-06
-0.5614062525292404	-0.5614045639958931	-1.688533347254939e-06	1.688533347254939e-06	3.0076853252841055e-06
1.200520319150907	1.2005200660496484	2.5310125861821575e-07	2.5310125861821575e-07	2.1082630138007733e-07
5.189573100843354	5.189581363083562	-8.26224020755717e-06	8.26224020755717e-06	1.5920847528314955e-06
-1.2287615523029043	-1.228763185281423	1.6329785186286472e-06	1.6329785186286472e-06	1.328962902174285e-06
6.6870952689385765	6.687110138045682	-1.4869107105575097e-05	1.4869107105575097e-05	2.2235524555245686e-06
-1.2861545813064215	-1.2861550408160838	4.5950966232055634e-07	4.5950966232055634e-07	3.572740547670451e-07
1.0155569818746402	1.0155568843401852	9.753445495697122e-08	9.753445495697122e-08	9.604035686597329e-08
0.3761378068035071	0.37613788481394295	-7.801043583333112e-08	7.801043583333112e-08	2.0739855027145264e-07
-0.6337641319020053	-0.6337627019092906	-1.4299927146854685e-06	1.4299927146854685e-06	2.2563484468486437e-06
1.1334119258352016	1.1334103774061077	1.548429093833903e-06	1.548429093833903e-06	1.3661662265401688e-06
-4.610705504273646	-4.610714135651506	8.631377859558143e-06	8.631377859558143e-06	1.872029747195467e-06
0.0278322142636327	0.027830878025270067	1.3362383626328023e-06	1.3362383626328023e-06	4.80104942415169e-05
-0.9825586527075928	-0.9825603219724144	1.669264821591021e-06	1.669264821591021e-06	1.6988958541977142e-06
0.5201625559460689	0.5201637795835268	-1.2236374579144282e-06	1.2236374579144282e-06	2.35241357519263e-06
-1.2663606442817918	-1.2663632778640022	2.6335822103096262e-06	2.6335822103096262e-06	2.0796462857571234e-06
-1.1646871040026268	-1.1646849297903827	-2.1742122440215894e-06	2.1742122440215894e-06	1.866777984017831e-06
-0.4249003954457565	-0.4249004582561611	6.281040459965581e-08	6.281040459965581e-08	1.47823831827133e-07
-2.822000330685744	-2.8220014110047487	1.080319004476138e-06	1.080319004476138e-06	3.8282029691102877e-07
-7.7430333127094055	-7.743054384263814	2.1071554408891302e-05	2.1071554408891302e-05	2.7213565482540902e-06
-0.3118729775309311	-0.3118774193353602	4.441804429100582e-06	4.441804429100582e-06	1.4242351050308779e-05
-1.8511461858042741	-1.8511464008952316	2.1509095748939444e-07	2.1509095748939444e-07	1.161933936600167e-07
-2.6778127277520074	-2.6778131768878666	4.4913585917072396e-07	4.4913585917072396e-07	1.6772489521616706e-07
-2.5587468890820886	-2.5587472960069135	4.0692482494719684e-07	4.0692482494719684e-07	1.5903285576369567e-07
1.4508700484190413	1.4508709418805665	-8.934615252087497e-07	8.934615252087497e-07	6.158108551364205e-07
0.44523398128617264	0.44523471615320886	-7.348670362228304e-07	7.348670362228304e-07	1.6505187544310485e-06
0.7484009236998039	0.748402619137778	-1.695437974014169e-06	1.695437974014169e-06	2.265414058593863e-06
0.8642491926258045	0.8642503053124528	-1.1126866483746056e-06	1.1126866483746056e-06	1.2874604429701418e-06
6.484179109909818	6.4841919138416415	-1.280393182323536e-05	1.280393182323536e-05	1.974641910132775e-06
-0.2963001099796649	-0.2962981725431746	-1.937436490295763e-06	1.937436490295763e-06	6.538763993130916e-06
1.230870386859043	1.2308725886214233	-2.201762380416028e-06	2.201762380416028e-06	1.7887849150669103e-06
0.7031589290191192	0.7031586687844538	2.6023466548341645e-07	2.6023466548341645e-07	3.700936655194498e-07
1.0228239664617156	1.0228244464087766	-4.79947060982866e-07	4.79947060982866e-07	4.6923720671423127e-07
3.5631267945562177	3.5631295891107584	-2.794554540663796e-06	2.794554540663796e-06	7.842983710075504e-07
0.12331289139565323	0.12331411926425062	-1.2278685973948766e-06	1.2278685973948766e-06	9.957341714218851e-06
3.856499725250468	3.8565045970244682	-4.871774000214657e-06	4.871774000214657e-06	1.263263152416859e-06
0.7641224751609375	0.7641229312866926	-4.5612575516607023e-07	4.5612575516607023e-07	5.969275476028921e-07
0.33297761791691877	0.3329774649500905	1.5296682825960417e-07	1.5296682825960417e-07	4.5939072186458766e-07
-1.035438312987296	-1.0354382943660312	-1.8621264752383127e-08	1.8621264752383127e-08	1.7983944112189325e-08
-0.44609021645810876	-0.4460920263227308	1.809864622059898e-06	1.809864622059898e-06	4.057171745280493e-06
-1.2014106888601714	-1.2014100911983405	-5.976618309144754e-07	5.976618309144754e-07	4.974667167989842e-07
-6.332378258972926	-6.3323900822069845	1.1823234058461196e-05	1.1823234058461196e-05	1.8671079924367711e-06
-0.025546461879768497	-0.025544551135681104	-1.910744087393196e-06	1.910744087393196e-06	7.47948618632942e-05
1.0291479945062398	1.02915022534944	-2.2308432001683087e-06	2.2308432001683087e-06	2.167660251078479e-06
-0.6569197406992133	-0.6569208921973768	1.1514981634874744e-06	1.1514981634874744e-06	1.7528749589133078e-06
-4.122141806043652	-4.122149265185726	7.459142073784619e-06	7.459142073784619e-06	1.8095306820469992e-06
0.3138079481232538	0.31380770496980404	2.4315344976377773e-07	2.4315344976377773e-07	7.748479642340823e-07
-0.8601881331117536	-0.8601867484685499	-1.384643203650171e-06	1.384643203650171e-06	1.6096981001600049e-06
-1.1234983414346635	-1.1235031392970996	4.7978624360123234e-06	4.7978624360123234e-06	4.270466861469186e-06
4.082801484960332	4.082808660768933	-7.175808600656808e-06	7.175808600656808e-06	1.7575698027665744e-06
6.280612902854836	6.280623223574366	-1.0320719530554356e-05	1.0320719530554356e-05	1.6432663006285742e-06
-1.9185434827463503	-1.9185437486157753	2.658694249202398e-07	2.658694249202398e-07	1.385787850581598e-07
-2.505422065020507	-2.505422411559266	3.465387590217972e-07	3.465387590217972e-07	1.383155213087663e-07
-0.42388260557972074	-0.42388249630676	-1.0927296073548476e-07	1.0927296073548476e-07	2.5779062244377355e-07
1.570975376056132	1.570975563936372	-1.8788024003235648e-07	1.8788024003235648e-07	1.1959464349086232e-07
0.516314622318575	0.5163140267541166	5.95564458305553e-07	5.95564458305553e-07	1.153491364685929e-06
0.6215827447614782	0.621584133568831	-1.3888073527867917e-06	1.3888073527867917e-06	2.2343080860774585e-06
-0.015804482367241187	-0.015802105735929217	-2.376631311969829e-06	2.376631311969829e-06	0.00015037704220519126
0.41441313254310896	0.41441485518589616	-1.7226427871941397e-06	1.7226427871941397e-06	4.1568248009489496e-06
-0.3344231962922151	-0.334420215949649	-2.9803425661278915e-06	2.9803425661278915e-06	8.911889483658014e-06
-1.343905864081742	-1.3439079621093697	2.0980276276283405e-06	2.0980276276283405e-06	1.5611418059120318e-06
0.7941571549083922	0.79415568825425	1.4666541422458934e-06	1.4666541422458934e-06	1.8468059290041594e-06
1.1399944823518249	1.1399940058254288	4.765263961203914e-07	4.765263961203914e-07	4.180076338065344e-07
3.6577251471621106	3.6577318583113083	-6.711149197702326e-06	6.711149197702326e-06	1.8347877239790013e-06
-3.0594415108267574	-3.0594440745517204	2.563724962989511e-06	2.563724962989511e-06	8.379715558924713e-07
0.2616316596965153	0.2616295450934558	2.11460305948874e-06	2.11460305948874e-06	8.082366873877628e-06
1.1352994110887336	1.1352997212270566	-3.101383230230681e-07	3.101383230230681e-07	2.7317756002854835e-07
-1.7262029712925793	-1.7262030551137286	8.382114935479024e-08	8.382114935479024e-08	4.855810744667241e-08
-0.699060232758234	-0.6990604147176782	1.8195944417875864e-07	1.8195944417875864e-07	2.6029151087712965e-07
-0.40269407175591915	-0.40269544751936337	1.375763444222411e-06	1.375763444222411e-06	3.4163985534316194e-06
-0.3568197157578496	-0.35681856934388634	-1.1464139632599846e-06	1.1464139632599846e-06	3.2128660851184058e-06
0.13079834440971627	0.13079852033115458	-1.7592143830569285e-07	1.7592143830569285e-07	1.3449821486626145e-06
0.22771547422275148	0.22771571775592747	-2.435331759864656e-07	2.435331759864656e-07	1.069462568662511e-06
-4.740293963145262	-4.7403027560903865	8.792945124902474e-06	8.792945124902474e-06	1.8549366755027598e-06
0.05392226553432876	0.053920667141937884	1.5983923908752251e-06	1.5983923908752251e-06	2.964253031723294e-05
-1.7181939824599386	-1.7181971265927132	3.144132774579589e-06	3.144132774579589e-06	1.8299055907983878e-06
0.7344121088932711	0.734411671601265	4.3729200616127173e-07	4.3729200616127173e-07	5.954313673017358e-07
-0.5296182949045317	-0.5296178464959667	-4.484085650569014e-07	4.484085650569014e-07	8.466636620582205e-07
1.586517894884685	1.5865191471675644	-1.252282879393718e-06	1.252282879393718e-06	7.893279259133344e-07
-3.659246701049868	-3.659261139546288	1.4438496420243752e-05	1.4438496420243752e-05	3.945756490291084e-06
-5.91895405301336	-5.918967473007797	1.3419994436603133e-05	1.3419994436603133e-05	2.2672915377288604e-06
-1.0735794946493917	-1.073579630428867	1.3577947521881129e-07	1.3577947521881129e-07	1.2647361084625967e-07
-0.5410110817731145	-0.5410109029071464	-1.788659681478677e-07	1.788659681478677e-07	3.306142409535324e-07
-1.6396843866753663	-1.6396845276176464	1.409422800691118e-07	1.409422800691118e-07	8.595695684758407e-08
0.14629862312427155	0.14629742872784846	1.1943964230987092e-06	1.1943964230987092e-06	8.164098865675202e-06
0.28503545394420166	0.28503761950560147	-2.1655613998139422e-06	2.1655613998139422e-06	7.597515922485457e-06
1.2393185867348855	1.239321635239321	-3.0485044355543778e-06	3.0485044355543778e-06	2.4598230577546503e-06
0.0014423511194267397	0.0014428069334826432	-4.5581405590353237e-07	4.5581405590353237e-07	0.0003160215635182472
1.9286043540398208	1.9286083379483898	-3.983908569038519e-06	3.983908569038519e-06	2.0656951026235533e-06
1.0270624418198855	1.027062447519711	-5.699825500471434e-09	5.699825500471434e-09	5.54963872534539e-09
-1.3607567736727648	-1.3607593564302078	2.5827574430259403e-06	2.5827574430259403e-06	1.8980301939301921e-06
-1.1360056103122427	-1.1360046382833389	-9.720289038117613e-07	9.720289038117613e-07	8.556550205281023e-07
0.7070614909053351	0.7070619349178742	-4.4401253906922733e-07	4.4401253906922733e-07	6.279687760971188e-07
0.8527575576344006	0.8527608224540018	-3.2648196011120234e-06	3.2648196011120234e-06	3.8285437307279036e-06
-7.9020579947419405	-7.902076014488557	1.8019746616637633e-05	1.8019746616637633e-05	2.2803865307781898e-06
2.303178944373986	2.303181854131253	-2.9097572671332728e-06	2.9097572671332728e-06	1.2633656947242357e-06
2.4479608410727254	2.447961371672136	-5.305994106308276e-07	5.305994106308276e-07	2.1675159247985055e-07
-2.028816269398896	-2.0288169107516296	6.413527335880076e-07	6.413527335880076e-07	3.161216435720074e-07
0.3158802312663	0.31588047477271175	-2.4350641175674426e-07	2.4350641175674426e-07	7.708820864812473e-07
0.5912508015786637	0.5912493961659493	1.405412714428067e-06	1.405412714428067e-06	2.377016167547778e-06
0.47051626013860254	0.4705155038209341	7.563176684377559e-07	7.563176684377559e-07	1.6074208959642826e-06
-1.9137721694981105	-1.9137757426506141	3.573152503655308e-06	3.573152503655308e-06	1.8670730824727023e-06
-0.3046948728198392	-0.30469413786704536	-7.349527938460554e-07	7.349527938460554e-07	2.412094391495128e-06
8.224327997378323	8.22434392375726	-1.5926378937436425e-05	1.5926378937436425e-05	1.9364960812011988e-06
0.138762039322229	0.1387613247061381	7.146160908855226e-07	7.146160908855226e-07	5.149939380943103e-06
1.5341500234516834	1.5341530283876637	-3.00493598026641e-06	3.00493598026641e-06	1.958697607360202e-06
0.060016948233853847	0.06001750352879753	-5.552949436868349e-07	5.552949436868349e-07	9.25230222508396e-06
0.718345194649666	0.7183452576100535	-6.296038757014344e-08	6.296038757014344e-08	8.764642408563611e-08
-2.422499746724651	-2.4225070069405774	7.2602159262302735e-06	7.2602159262302735e-06	2.996993471741936e-06
1.8704503721094963	1.8704605668062868	-1.0194696790533087e-05	1.0194696790533087e-05	5.450396836263287e-06
5.101948684018746	5.101956930047891	-8.246029144842737e-06	8.246029144842737e-06	1.6162508985385237e-06
-1.7277452201470958	-1.7277457018280984	4.816810026397889e-07	4.816810026397889e-07	2.7879168584751157e-07
0.8103857704264749	0.8103856289380929	1.4148838201055725e-07	1.4148838201055725e-07	1.7459386279215806e-07
-0.20817117297036702	-0.20817146651097573	2.9354060870900867e-07	2.9354060870900867e-07	1.4100924951352121e-06
-0.835879068179617	-0.8358790819329442	1.3753327254839576e-08	1.3753327254839576e-08	1.645372850978511e-08
1.9033333927722504	1.9033329840567603	4.0871549011889385e-07	4.0871549011889385e-07	2.1473667812005863e-07
-1.556744770206726	-1.5567478189950634	3.048788337345343e-06	3.048788337345343e-06	1.958438143293382e-06
-0.30729559049715305	-0.30729467880519223	-9.116919608143093e-07	9.116919608143093e-07	2.9668240905746276e-06
-4.916997358282353	-4.9170058337040246	8.47542167115023e-06	8.47542167115023e-06	1.7236986423988918e-06
0.8704230840539618	0.8704245765329688	-1.492479006937053e-06	1.492479006937053e-06	1.7146592666015816e-06
0.2547669146184832	0.254767172918946	-2.583004627965124e-07	2.583004627965124e-07	1.0138697294478788e-06
0.20886567356011082	0.20886473521386506	9.383462457601688e-07	9.383462457601688e-07	4.492582384487013e-06
0.3932098005864855	0.3932093104594969	4.901269886059545e-07	4.901269886059545e-07	1.2464770406915437e-06
2.1429246405501705	2.1429285070553306	-3.866505160043943e-06	3.866505160043943e-06	1.8043122407940874e-06
1.8478240131610228	1.8478298470654408	-5.8339044179955835e-06	5.8339044179955835e-06	3.157175345944163e-06
1.9002506576217693	1.9002555927727371	-4.935150967888546e-06	4.935150967888546e-06	2.597105254558923e-06
0.8683602446673324	0.8683606938575394	-4.4919020703027e-07	4.4919020703027e-07	5.172855503102334e-07
-2.7502346907925417	-2.750234705672483	1.487994127913339e-08	1.487994127913339e-08	5.41042600071538e-09
-0.050430416321983286	-0.05043046485297964	4.8530996353546296e-08	4.8530996353546296e-08	9.623358261349707e-07
0.9347976000077648	0.934797764330142	-1.643223771496949e-07	1.643223771496949e-07	1.757839099590435e-07
0.8918789884182158	0.8918778094084701	1.1790097457220483e-06	1.1790097457220483e-06	1.3219391431264356e-06
2.9610360619580653	2.9610420842800522	-6.0223219868760225e-06	6.0223219868760225e-06	2.0338563465159553e-06
1.4587371174834858	1.4587346136067936	2.503876692205864e-06	2.503876692205864e-06	1.7164687606807335e-06
3.802817246682999	3.8028242515792954	-7.004896296347596e-06	7.004896296347596e-06	1.8420281180899778e-06
-0.0515243971822904	-0.051525368689908646	9.71507618248435e-07	9.71507618248435e-07	1.8855293247028123e-05
-5.635323567851143	-5.635334655380575	1.1087529432352028e-05	1.1087529432352028e-05	1.96750537903539e-06
-0.142735401297964	-0.1427348934157635	-5.078822004900285e-07	5.078822004900285e-07	3.558207675682438e-06
-0.004610216861710813	-0.004608783456205856	-1.4334055049572067e-06	1.4334055049572067e-06	0.00031091932287655595
-0.9454018688250299	-0.9454032033318072	1.334506777306288e-06	1.334506777306288e-06	1.4115761998279609e-06
-3.1539751408832144	-3.1539838810203946	8.74013718021871e-06	8.74013718021871e-06	2.771149672971484e-06
2.928436489108724	2.9284416032169247	-5.114108200920953e-06	5.114108200920953e-06	1.7463613159926998e-06
3.1605028827349146	3.160503420076566	-5.373416511744722e-07	5.373416511744722e-07	1.7001776967514997e-07
1.4267014048923452	1.4267017700149154	-3.651225701784e-07	3.651225701784e-07	2.559208036989009e-07
-0.6721845042796049	-0.6721845165884588	1.2308853936104924e-08	1.2308853936104924e-08	1.8311719264187143e-08
0.04182345293497462	0.041822133880486945	1.3190544876778842e-06	1.3190544876778842e-06	3.1538631918524176e-05
-0.47697070726958335	-0.47696865476609673	-2.0525034866158975e-06	2.0525034866158975e-06	4.303206581312812e-06
2.0172024077489414	2.017205968968483	-3.561219541481364e-06	3.561219541481364e-06	1.7654249904725422e-06
-0.7865390617794176	-0.7865390862207278	2.4441310197964583e-08	2.4441310197964583e-08	3.107450269878532e-08
-3.6215364963363723	-3.6215436603015405	7.163965168199837e-06	7.163965168199837e-06	1.9781562813040997e-06
-0.6772587850541754	-0.6772579959033465	-7.891508289059601e-07	7.891508289059601e-07	1.165213130225892e-06
4.655811239028937	4.655820288462564	-9.049433627339454e-06	9.049433627339454e-06	1.9436856785514558e-06
-0.5181822141232314	-0.5181810565773048	-1.157545926555592e-06	1.157545926555592e-06	2.2338588531336788e-06
0.4798502979208748	0.4798490649591258	1.2329617489759137e-06	1.2329617489759137e-06	2.56947167547497e-06
-1.3613240116513603	-1.361324874778802	8.631274417414403e-07	8.631274417414403e-07	6.34035273273715e-07
-0.2586962089981478	-0.2586983237051754	2.1147070276006374e-06	2.1147070276006374e-06	8.174480158755546e-06
0.060947193568751355	0.0609487938163511	-1.6002475997436982e-06	1.6002475997436982e-06	2.625629673888991e-05
0.30129942538348686	0.30129919923638226	2.2614710459833987e-07	2.2614710459833987e-07	7.50572638200372e-07
2.2854180433844555	2.2854182220726216	-1.786881660414963e-07	1.786881660414963e-07	7.818620604608448e-08
-0.20189024861458646	-0.20189016595395515	-8.266063131201484e-08	8.266063131201484e-08	4.0943350101973505e-07
0.08734877890207172	0.08734903303775354	-2.5413568181809065e-07	2.5413568181809065e-07	2.909435999134077e-06
0.7155682758685619	0.7155675903049996	6.85563562252689e-07	6.85563562252689e-07	9.58068692216053e-07
0.7907764728149487	0.7907775698186015	-1.0970036528057392e-06	1.0970036528057392e-06	1.3872487239038679e-06
-0.271113917369695	-0.27111433519166894	4.178219739636724e-07	4.178219739636724e-07	1.5411306731034546e-06
0.8036070233255834	0.8036075346353755	-5.113097920617093e-07	5.113097920617093e-07	6.362684461688071e-07
-0.7240591086103972	-0.7240562490551383	-2.8595552589161244e-06	2.8595552589161244e-06	3.9493395289289815e-06
-3.268261017127652	-3.268267141720571	6.124592919043437e-06	6.124592919043437e-06	1.8739607659690854e-06
-0.4298753185513222	-0.4298762078178697	8.892665475102035e-07	8.892665475102035e-07	2.0686615610010537e-06
-0.9491249794196086	-0.9491257951594889	8.157398803110283e-07	8.157398803110283e-07	8.594651895157732e-07
3.3136812099186015	3.313691540824948	-1.0330906346389668e-05	1.0330906346389668e-05	3.1176524511370967e-06
3.622695091144628	3.6227050654815685	-9.974336940388184e-06	9.974336940388184e-06	2.7532918695723546e-06
2.0619616950358264	2.061969944406883	-8.249371056479049e-06	8.249371056479049e-06	4.000739236009773e-06
-0.3510803558753021	-0.35108053862131783	1.8274601570889004e-07	1.8274601570889004e-07	5.20524753523374e-07
0.6594828569553448	0.6594827559638361	1.0099150871134555e-07	1.0099150871134555e-07	1.5313742828372554e-07
-0.25264661753543866	-0.2526466560084373	3.847299862025366e-08	3.847299862025366e-08	1.5227988799358087e-07
0.20110831864595266	0.20110792229388608	3.963520665839493e-07	3.963520665839493e-07	1.970838746266481e-06
0.5899120749018995	0.589911297083745	7.778181544404461e-07	7.778181544404461e-07	1.3185323500452078e-06
0.9670528827354972	0.9670545473454695	-1.6646099723072183e-06	1.6646099723072183e-06	1.7213225895139728e-06
0.12104856556948321	0.12104950474167708	-9.391721938756259e-07	9.391721938756259e-07	7.75863959607626e-06
-0.7100170130682802	-0.7100182851900172	1.27212173695046e-06	1.27212173695046e-06	1.791677823962401e-06
1.795225497488306	1.7952241669263458	1.3305619601666763e-06	1.3305619601666763e-06	7.411670355775701e-07
-1.1292029403403816	-1.1292048880022776	1.9476618959846093e-06	1.9476618959846093e-06	1.7248112154202462e-06
0.7708189927317939	0.7708179746259702	1.0181058236469198e-06	1.0181058236469198e-06	1.320810505769633e-06
-0.07547845056144574	-0.07547724635514896	-1.2042062967759781e-06	1.2042062967759781e-06	1.5954306001494478e-05
-1.6038033407454944	-1.6038069566093327	3.6158638383465558e-06	3.6158638383465558e-06	2.2545556219291806e-06
1.102087933460656	1.1020911674677336	-3.234007077690393e-06	3.234007077690393e-06	2.9344365177244233e-06
-4.67013192158408	-4.67014352852857	1.1606944489983562e-05	1.1606944489983562e-05	2.4853568774662274e-06
-2.3404501341999286	-2.340450632345892	4.981459631459018e-07	4.981459631459018e-07	2.1284194688308985e-07
-1.3950296772097261	-1.3950298812233086	2.0401358247212897e-07	2.0401358247212897e-07	1.4624318450356376e-07
-2.299759475905191	-2.2997599407972302	4.6489203908706145e-07	4.6489203908706145e-07	2.0214811329523006e-07
0.3621628482719486	0.3621634709816135	-6.227096648880881e-07	6.227096648880881e-07	1.7194189516106701e-06
0.39604138159146185	0.3960416843256098	-3.0273414797221676e-07	3.0273414797221676e-07	7.644002926050375e-07
2.629293591858535	2.6292990251022275	-5.433243692287704e-06	5.433243692287704e-06	2.0664271609345747e-06
0.9843193763966257	0.9843203697528224	-9.933561967434557e-07	9.933561967434557e-07	1.0091807807135848e-06
-0.9714825470753178	-0.9714836692182871	1.1221429693231144e-06	1.1221429693231144e-06	1.155082994235321e-06
0.15587641751262055	0.1558773874421604	-9.699295398513108e-07	9.699295398513108e-07	6.222426428120728e-06
-1.6351297931554436	-1.6351324334209494	2.6402655057822244e-06	2.6402655057822244e-06	1.6147131052435222e-06
0.26132866005695726	0.2613283522805432	3.0777641407686573e-07	3.0777641407686573e-07	1.1777369309963364e-06
-0.4508985171278511	-0.4508995034484542	9.863206030802374e-07	9.863206030802374e-07	2.187455858943463e-06
0.5617440132474857	0.5617475590042886	-3.5457568029473308e-06	3.5457568029473308e-06	6.312050897434644e-06
0.4551430163914927	0.4551421397991362	8.765923564801881e-07	8.765923564801881e-07	1.9259712330204897e-06
-0.8023950212170861	-0.8023994623727049	4.441155618817305e-06	4.441155618817305e-06	5.534874346653954e-06
-0.8508819656701745	-0.850882111080864	1.4541068948936697e-07	1.4541068948936697e-07	1.7089407856333884e-07
0.5684296708355688	0.5684297266270733	-5.5791504416369264e-08	5.5791504416369264e-08	9.815023261252001e-08
-0.21977475614046366	-0.21977470169076696	-5.4449696695879624e-08	5.4449696695879624e-08	2.477522789791173e-07
-0.41136151096491425	-0.4113623244847986	8.135198843461922e-07	8.135198843461922e-07	1.9776276162491507e-06
-0.657458537633888	-0.6574592002834834	6.626495954176193e-07	6.626495954176193e-07	1.0078956428224558e-06
3.2799264046304835	3.2799330010675476	-6.596437064132488e-06	6.596437064132488e-06	2.011153986510146e-06
-0.1484674575413995	-0.1484677013650071	2.438236075819056e-07	2.438236075819056e-07	1.6422697042139111e-06
-0.31522697359962043	-0.31522735253020073	3.789305803025833e-07	3.789305803025833e-07	1.2020880572989125e-06
0.286218022497208	0.28621785168070346	1.7081650455219588e-07	1.7081650455219588e-07	5.968055507541009e-07
0.8281962698105008	0.828197926239227	-1.656428726182213e-06	1.656428726182213e-06	2.0000436932192654e-06
0.31674876726980883	0.3167483218931011	4.453767077361448e-07	4.453767077361448e-07	1.4060882117238668e-06
0.41730998056974317	0.41731032706593396	-3.464961907950759e-07	3.464961907950759e-07	8.303088996865424e-07
1.8936086555149427	1.8936120454782213	-3.3899632785328038e-06	3.3899632785328038e-06	1.790213235802382e-06
-3.9129187888815444	-3.9129259080254997	7.1191439552364955e-06	7.1191439552364955e-06	1.8193947636903059e-06
-2.380450512605319	-2.380456384344143	5.871738824048123e-06	5.871738824048123e-06	2.466650238244908e-06
1.1749081433813435	1.1749085470000864	-4.036187428724247e-07	4.036187428724247e-07	3.4353216900073945e-07
1.1223635011601276	1.1223637943658105	-2.932056828441887e-07	2.932056828441887e-07	2.612395026576662e-07
-2.0462539275639267	-2.0462540587686817	1.312047550605655e-07	1.312047550605655e-07	6.411948844333571e-08
-0.4743198262310231	-0.4743211447930662	1.3185620431066525e-06	1.3185620431066525e-06	2.7799007551171414e-06
-0.8998048816585211	-0.8998065450214199	1.6633628987516857e-06	1.6633628987516857e-06	1.84858176773366e-06
1.4988049192131845	1.4988078055466758	-2.886333491325388e-06	2.886333491325388e-06	1.9257566173725953e-06
0.21416014218075413	0.21416119852801785	-1.0563472637170612e-06	1.0563472637170612e-06	4.932511031046521e-06
2.0457554095825037	2.0457593341234315	-3.924540927791043e-06	3.924540927791043e-06	1.918382280407588e-06
0.3287787430737507	0.3287791651018779	-4.220281271671844e-07	4.220281271671844e-07	1.2836235190318137e-06
-5.257977450820016	-5.2579876046365825	1.0153816566216278e-05	1.0153816566216278e-05	1.9311259245953448e-06
-0.7053306413730556	-0.7053301965243008	-4.448487547215052e-07	4.448487547215052e-07	6.306953485751384e-07
0.12023548693097216	0.12023520048387581	2.8644709634817467e-07	2.8644709634817467e-07	2.382383967161255e-06
3.8269977418576415	3.8270052195912285	-7.477733587002433e-06	7.477733587002433e-06	1.9539425135309092e-06
-3.703165926988057	-3.703166785726353	8.587382960278944e-07	8.587382960278944e-07	2.3189301072618774e-07
2.8332620123889227	2.8332709866845107	-8.974295587993453e-06	8.974295587993453e-06	3.167478174892336e-06
-1.7891617406821934	-1.7891619527290459	2.1204685252129707e-07	2.1204685252129707e-07	1.1851743064908444e-07
-1.7779171193834187	-1.777917348590563	2.2920714437546508e-07	2.2920714437546508e-07	1.2891891409142519e-07
-1.7067171586272205	-1.7067174021576648	2.4353044425495796e-07	2.4353044425495796e-07	1.4268939819579657e-07
0.8929098752968638	0.8929102341426187	-3.588457548886481e-07	3.588457548886481e-07	4.0188351010155806e-07
1.2084993754658115	1.2084995805707877	-2.051049761142565e-07	2.051049761142565e-07	1.6971872743848093e-07
-2.7241807141216623	-2.7241855686952476	4.854573585344468e-06	4.854573585344468e-06	1.7820306707918578e-06
0.14086768199199215	0.1408671191711619	5.628208302466131e-07	5.628208302466131e-07	3.995386466844876e-06
-1.2526500915544923	-1.2526518112281337	1.7196736414870628e-06	1.7196736414870628e-06	1.3728284163960037e-06
0.5201107304845746	0.5201100357226096	6.947619649588788e-07	6.947619649588788e-07	1.3357962530624698e-06
-7.757476339617616	-7.757491009670048	1.4670052431497993e-05	1.4670052431497993e-05	1.8910856816382006e-06
1.4268021553602552	1.426801399247779	7.561124761856775e-07	7.561124761856775e-07	5.299350532553447e-07
1.0238478911519326	1.0238474915240658	3.996278667983688e-07	3.996278667983688e-07	3.903195682209659e-07
1.613108922070926	1.613112262020877	-3.339949951053356e-06	3.339949951053356e-06	2.0705049146746356e-06
-3.2887167927721257	-3.288724965386791	8.172614665458156e-06	8.172614665458156e-06	2.4850466551026103e-06
-4.266775245982418	-4.2667839870773605	8.741094942088523e-06	8.741094942088523e-06	2.0486419926428303e-06
1.4928833563123112	1.49288376678669	-4.1047437893126926e-07	4.1047437893126926e-07	2.749540861284798e-07
-2.2275631112591503	-2.2275634673860623	3.561269119600752e-07	3.561269119600752e-07	1.598728719110325e-07
1.668701170638277	1.6687015513525694	-3.8071429231401055e-07	3.8071429231401055e-07	2.2815007205177882e-07
0.4367462940061701	0.43674704738805303	-7.533818829341676e-07	7.533818829341676e-07	1.7249874658891194e-06
-0.21058737851894382	-0.21058723041278427	-1.481061595587363e-07	1.481061595587363e-07	7.03300267092755e-07
0.02475935623247324	0.024759317057032604	3.9175440634531267e-08	3.9175440634531267e-08	1.5822479496922684e-06
0.21526298468402785	0.21526095315493876	2.031529089091544e-06	2.031529089091544e-06	9.437428790061183e-06
4.3078217349192345	4.307830451125483	-8.716206248315927e-06	8.716206248315927e-06	2.0233442293264588e-06
-1.373540403923302	-1.3735412903770339	8.864537319741572e-07	8.864537319741572e-07	6.453787085127905e-07
0.5220756693609339	0.5220760904194321	-4.2105849828999453e-07	4.2105849828999453e-07	8.06508563797671e-07
0.7197581943816562	0.7197578052000608	3.8918159539491626e-07	3.8918159539491626e-07	5.407115867979272e-07
1.2812306292952091	1.2812292734452058	1.3558500033816756e-06	1.3558500033816756e-06	1.0582403919952442e-06
2.6175897295407817	2.617598369852203	-8.640311421448388e-06	8.640311421448388e-06	3.3008654197937296e-06
1.011671798693201	1.011673815355607	-2.0166624061790372e-06	2.0166624061790372e-06	1.993395890627776e-06
-1.381107815960655	-1.3811107060064387	2.8900457837988114e-06	2.8900457837988114e-06	2.0925562439081462e-06
-1.6920986199078574	-1.6920993957683095	7.75860452106869e-07	7.75860452106869e-07	4.5851964121873596e-07
0.5492771701044759	0.5492774089361774	-2.388317015267205e-07	2.388317015267205e-07	4.348109015368202e-07
-1.3729830244103338	-1.3729831407545134	1.1634417962369525e-07	1.1634417962369525e-07	8.4738250623064e-08
0.8508965783365657	0.8508943337801611	2.244556404629172e-06	2.244556404629172e-06	2.6378721712773827e-06
0.4942901469796416	0.4942916475556558	-1.500576014223931e-06	1.500576014223931e-06	3.035820202755803e-06
0.4577945098453189	0.457795139936934	-6.300916151058544e-07	6.300916151058544e-07	1.3763634153645744e-06
1.4857011835918432	1.4856998786854092	1.3049064340187044e-06	1.3049064340187044e-06	8.783101530981836e-07
3.936734208774703	3.936741844881908	-7.636107205222231e-06	7.636107205222231e-06	1.9397060609786375e-06
-0.5505043362225588	-0.5505024450940255	-1.8911285333267358e-06	1.8911285333267358e-06	3.4352654627631985e-06
-4.548570295831115	-4.548579180664092	8.884832976896462e-06	8.884832976896462e-06	1.9533243193008685e-06
-0.03815130615439853	-0.03815051377387135	-7.92380527178671e-07	7.92380527178671e-07	2.0769420684364067e-05
-0.28290186184854854	-0.28290120735618984	-6.544923586981888e-07	6.544923586981888e-07	2.3134961163619743e-06
-2.0070591565892184	-2.0070583800588793	-7.765303391416012e-07	7.765303391416012e-07	3.868995772208484e-07
2.325274450539166	2.325275894236256	-1.4436970903197732e-06	1.4436970903197732e-06	6.208716953755804e-07
-6.208215895431533	-6.20824023417299	2.4338741456908508e-05	2.4338741456908508e-05	3.920408353520496e-06
-0.3385390675400736	-0.33853928607641137	2.185363377482652e-07	2.185363377482652e-07	6.455276767204912e-07
0.5122291541559622	0.5122293391650601	-1.850090979305108e-07	1.850090979305108e-07	3.611842403530583e-07
0.12604972364623468	0.12604963649209822	8.715413646331882e-08	8.715413646331882e-08	6.914266365860634e-07
-1.8536762422015685	-1.8536765160206414	2.738190729711931e-07	2.738190729711931e-07	1.4771677315450974e-07
-0.18108021484241282	-0.1810799471968494	-2.6764556343428225e-07	2.6764556343428225e-07	1.4780497342970569e-06
9.283268246622248	9.283287175094301	-1.8928472053758583e-05	1.8928472053758583e-05	2.038987945936581e-06
-0.6145613646802056	-0.6145615348032152	1.7012300956853466e-07	1.7012300956853466e-07	2.7682021576000015e-07
-4.07992484402854	-4.079932150489185	7.306460645395418e-06	7.306460645395418e-06	1.7908321659623956e-06
-0.8666279789977149	-0.8666263397572038	-1.6392405111087527e-06	1.6392405111087527e-06	1.8915157955142306e-06
2.819611383077121	2.8196162356834975	-4.852606376726243e-06	4.852606376726243e-06	1.7210195723605207e-06
0.6699447577520132	0.6699428299725696	1.927779443633426e-06	1.927779443633426e-06	2.877520006428669e-06
-0.9764625809268073	-0.9764612705112086	-1.310415598698711e-06	1.310415598698711e-06	1.3420028829521894e-06
-0.41224054149394923	-0.41224259803129826	2.056537349026666e-06	2.056537349026666e-06	4.988682921805378e-06
-2.8349105588342556	-2.83491103346023	4.7462597452252453e-07	4.7462597452252453e-07	1.674218514737536e-07
-0.26593102427255577	-0.2659312021933147	1.7792075890366021e-07	1.7792075890366021e-07	6.690485226022638e-07
0.3466247617407369	0.34662482221392565	-6.04731887343668e-08	6.04731887343668e-08	1.7446297959405049e-07
0.5295667794462234	0.5295667629070522	1.6539171254770224e-08	1.6539171254770224e-08	3.123151205229585e-08
-0.055586598280519685	-0.05558675957217929	1.6129165960471203e-07	1.6129165960471203e-07	2.9016285326680384e-06
-0.9481043221828784	-0.9481036772740481	-6.449088303384087e-07	6.449088303384087e-07	6.802087230797512e-07
-0.49882208497870734	-0.4988211985619273	-8.864167800326506e-07	8.864167800326506e-07	1.7770199169719762e-06
-0.8503539647633935	-0.8503559884047718	2.023641378245955e-06	2.023641378245955e-06	2.3797635597654003e-06
0.17786502898934572	0.1778637138158956	1.315173450117113e-06	1.315173450117113e-06	7.394221661166981e-06
-0.0623715321771475	-0.06237153002075502	-2.1563924812451063e-09	2.1563924812451063e-09	3.4573344697073095e-08
0.026191053616087027	0.026189201435045106	1.8521810419211415e-06	1.8521810419211415e-06	7.071808064962678e-05
0.46821634409723745	0.46821685464237817	-5.10545140719465e-07	5.10545140719465e-07	1.0904043550718873e-06
-0.45290103740657855	-0.4529008956524194	-1.4175415913308953e-07	1.4175415913308953e-07	3.129914648568886e-07
-1.0006545540015503	-1.000654015570035	-5.38431515373361e-07	5.38431515373361e-07	5.380793134056198e-07
-3.7431814859890213	-3.7431883483804995	6.862391478179575e-06	6.862391478179575e-06	1.8333045041673681e-06
5.637759657888531	5.637772565478372	-1.290758984051621e-05	1.290758984051621e-05	2.2894891985073366e-06
0.49805958226102703	0.4980550838808995	4.498380127559987e-06	4.498380127559987e-06	9.031811228565902e-06
-1.2916402256074717	-1.2916401010443224	-1.2456314935072044e-07	1.2456314935072044e-07	9.643796072713445e-08
0.07189691592381946	0.07189724510681117	-3.291829917123623e-07	3.291829917123623e-07	4.5785412000308615e-06
-0.7377404482971663	-0.7377406791420071	2.308448407983832e-07	2.308448407983832e-07	3.129079357533037e-07
-0.8715944125747389	-0.8715948879398638	4.7536512493007166e-07	4.7536512493007166e-07	5.45397168765477e-07
0.4910131361527885	0.4910118996122037	1.2365405848147049e-06	1.2365405848147049e-06	2.5183452208698764e-06
-2.799907718241889	-2.7999131975775526	5.479335663416407e-06	5.479335663416407e-06	1.9569700914489343e-06
0.2024847957180254	0.20248444843673497	3.472812904470324e-07	3.472812904470324e-07	1.7150981100361059e-06
-4.439528387493646	-4.439536866811977	8.47931833103388e-06	8.47931833103388e-06	1.9099592548885385e-06
-0.8006765447996989	-0.8006745115380909	-2.033261607969905e-06	2.033261607969905e-06	2.539429462715878e-06
-0.03245067537417156	-0.032450342587253544	-3.327869180155818e-07	3.327869180155818e-07	1.0255161539117199e-05
0.039654282145583745	0.03965485939261271	-5.772470289613918e-07	5.772470289613918e-07	1.4556991016559838e-05
0.15795258925922495	0.15795271701790625	-1.2775868130088242e-07	1.2775868130088242e-07	8.088419563113992e-07
3.2930629894199526	3.2930681900325	-5.200612547273664e-06	5.200612547273664e-06	1.579263003465874e-06
-2.0963531568268996	-2.0963582428521477	5.086025248068893e-06	5.086025248068893e-06	2.42612998268252e-06
-1.0865923629303549	-1.0865947911042895	2.4281739345877185e-06	2.4281739345877185e-06	2.2346686921665325e-06
-2.7240212166179463	-2.7240213735240104	1.5690606414153763e-07	1.5690606414153763e-07	5.760089649240947e-08
0.7484002465165837	0.7484003872377798	-1.4072119614016998e-07	1.4072119614016998e-07	1.8802932895219425e-07
0.053723554559157165	0.05372394889491261	-3.943357554450633e-07	3.943357554450633e-07	7.340090555825831e-06
0.7434868635356662	0.7434872491103306	-3.855746644187974e-07	3.855746644187974e-07	5.186031970829849e-07
0.7999064294180828	0.7999053918865684	1.037531514369583e-06	1.037531514369583e-06	1.2970661019994152e-06
1.8887611071138994	1.8887645901486394	-3.4830347399594785e-06	3.4830347399594785e-06	1.8440843189966418e-06
-0.12656959062609727	-0.126570955671923	1.3650458257352671e-06	1.3650458257352671e-06	1.078494304187004e-05
2.3825901082249747	2.382595157087053	-5.048862078194105e-06	5.048862078194105e-06	2.1190644839684566e-06
-0.35179890167462785	-0.3517990112413827	1.0956675483564382e-07	1.0956675483564382e-07	3.114471202555943e-07
1.4559279151945475	1.4559310302502126	-3.1150556651926564e-06	3.1150556651926564e-06	2.139567235907012e-06
-0.34799663553943516	-0.34799616332747974	-4.722119554267934e-07	4.722119554267934e-07	1.3569440253202738e-06
-0.3767799943289723	-0.37677964246540796	-3.518635643406931e-07	3.518635643406931e-07	9.338700823735236e-07
-0.6971515429544767	-0.6971540606173221	2.517662845424873e-06	2.517662845424873e-06	3.6113566280800354e-06
0.023876599656328372	0.02387839776929468	-1.7981129663072193e-06	1.7981129663072193e-06	7.530858632253519e-05
-0.7982306701764009	-0.7982320967130363	1.426536635373843e-06	1.426536635373843e-06	1.787123307425149e-06
-1.143317420892411	-1.143317624610063	2.0371765185878132e-07	2.0371765185878132e-07	1.7818118410176106e-07
-0.4474085740468572	-0.44740867815562524	1.0410876805089231e-07	1.0410876805089231e-07	2.3269283176497412e-07
-0.7124199072359779	-0.7124198941710347	-1.3064943238383364e-08	1.3064943238383364e-08	1.8338823923481138e-08
0.5241595869276232	0.524160460827261	-8.738996377655184e-07	8.738996377655184e-07	1.66723963380677e-06
-0.1352865001754059	-0.13528604631574126	-4.538596646286308e-07	4.538596646286308e-07	3.3548037981629984e-06
-3.853319756962372	-3.853327018987329	7.262024957377378e-06	7.262024957377378e-06	1.8846151929789854e-06
-0.1543077752916571	-0.1543065304758784	-1.2448157787059433e-06	1.2448157787059433e-06	8.06709691947225e-06
-2.1583979611999924	-2.158401794531528	3.833331535751938e-06	3.833331535751938e-06	1.7760077634713583e-06
-0.1548846626602477	-0.15488427925447468	-3.834057730189855e-07	3.834057730189855e-07	2.47542762745991e-06
3.097898555019174	3.097904300375376	-5.7453562019027515e-06	5.7453562019027515e-06	1.8545979152849283e-06
-0.03599972579191171	-0.035999824376631295	9.85847195822398e-08	9.85847195822398e-08	2.7384852915849e-06
0.08336857319385504	0.0833688741295191	-3.009356640548688e-07	3.009356640548688e-07	3.6097015041280603e-06
-1.9589088786796052	-1.9589146695579984	5.790878393252541e-06	5.790878393252541e-06	2.9561754792575444e-06
-4.12732517464049	-4.127330663322937	5.488682446319615e-06	5.488682446319615e-06	1.3298400814269995e-06
-0.0893842300115413	-0.08938417295212275	-5.705941855116414e-08	5.705941855116414e-08	6.383611353344614e-07
-2.478734285391586	-2.4787341008050134	-1.8458657269349033e-07	1.8458657269349033e-07	7.446807581649666e-08
-1.6280162478473759	-1.6280168119919836	5.641446076953827e-07	5.641446076953827e-07	3.4652271341967e-07
-1.543870999356041	-1.5438713685398398	3.6918379864303574e-07	3.6918379864303574e-07	2.3912865699078793e-07
0.2474155987223465	0.2474165294188424	-9.306964958988306e-07	9.306964958988306e-07	3.761672670215398e-06
0.3461096554883105	0.3461096657702001	-1.0281889561980506e-08	1.0281889561980506e-08	2.970702896882276e-08
-1.5923184276172844	-1.5923205523904471	2.1247731627482835e-06	2.1247731627482835e-06	1.3343896081939808e-06
0.8950851640912654	0.8950855722105189	-4.081192535032585e-07	4.081192535032585e-07	4.559557792666593e-07
2.710404131845233	2.7104100436190492	-5.911773816258403e-06	5.911773816258403e-06	2.1811410877069797e-06
1.5125716188651013	1.5125722156881238	-5.968230225583682e-07	5.968230225583682e-07	3.9457505027508773e-07
-3.395574982032782	-3.3955810586121515	6.07657936946282e-06	6.07657936946282e-06	1.7895582932540745e-06
-0.14475653618278456	-0.14475620264420286	-3.335385816982672e-07	3.335385816982672e-07	2.3041348632237713e-06
1.3619411965280728	1.3619402620861365	9.344419362733447e-07	9.344419362733447e-07	6.861103391655014e-07
0.547141333743454	0.54714618363505	-4.849891595992695e-06	4.849891595992695e-06	8.864056317607204e-06
3.204754931981797	3.2047643726400565	-9.440658259585177e-06	9.440658259585177e-06	2.9458284517709264e-06
-1.4547714203904891	-1.4547746063726663	3.1859821771895724e-06	3.1859821771895724e-06	2.190022523493342e-06
0.12855920583119804	0.12855911518272478	9.064847325546133e-08	9.064847325546133e-08	7.051107127597334e-07
0.0652643929642473	0.06526442030008184	-2.733583454039845e-08	2.733583454039845e-08	4.1884760278661266e-07
-0.5477919668051917	-0.5477917384268949	-2.2837829682931243e-07	2.2837829682931243e-07	4.169069841627111e-07
0.3710858546321393	0.37108658307261067	-7.284404713869819e-07	7.284404713869819e-07	1.9629971401337608e-06
-0.4750284540201061	-0.4750288053401164	3.51320010305578e-07	3.51320010305578e-07	7.395767713121203e-07
-3.8669989146170693	-3.867006205382495	7.290765425604917e-06	7.290765425604917e-06	1.8853807788893282e-06
-0.1579191303224009	-0.15792076874276972	1.6384203688213361e-06	1.6384203688213361e-06	1.0375059471746124e-05
-6.941765711024117	-6.941778560758394	1.284973427662095e-05	1.284973427662095e-05	1.8510757653797613e-06
0.2273917113145706	0.22739130190529977	4.0940927081845047e-07	4.0940927081845047e-07	1.8004581981094256e-06
-1.8471306951003306	-1.847133560659131	2.8655588004689037e-06	2.8655588004689037e-06	1.5513568195634663e-06
0.5086679688759693	0.5086677660983696	2.0277759971154552e-07	2.0277759971154552e-07	3.986443261989426e-07
-0.1435209897780203	-0.14351976506077335	-1.2247172469503909e-06	1.2247172469503909e-06	8.533366783803714e-06
-0.038770017718389164	-0.03877272865793202	2.7109395428562277e-06	2.7109395428562277e-06	6.992360856132369e-05
6.563272245117026	6.563285438915045	-1.3193798019450753e-05	1.3193798019450753e-05	2.0102469510184856e-06
-0.7443752301705765	-0.7443776130457991	2.382875222584069e-06	2.382875222584069e-06	3.201174791963488e-06
2.129504232064617	2.129504398908466	-1.6684384895881976e-07	1.6684384895881976e-07	7.834868156005481e-08
-1.931176251685919	-1.9311765045131324	2.5282721338726333e-07	2.5282721338726333e-07	1.3091876682231614e-07
-0.4891484710996059	-0.48914863873505965	1.6763545374054445e-07	1.6763545374054445e-07	3.427087349648664e-07
0.6978275128687722	0.6978269666433334	5.462254387689214e-07	5.462254387689214e-07	7.82751365768578e-07
0.4918386165503442	0.4918382192045101	3.973458341244296e-07	3.973458341244296e-07	8.078784803668575e-07
0.7815908481733888	0.7815925641807553	-1.7160073665367648e-06	1.7160073665367648e-06	2.1955315502313614e-06
0.8135513882805605	0.8135521125041123	-7.242235517956885e-07	7.242235517956885e-07	8.9020013022943e-07
-7.634713877639021	-7.634728128778079	1.4251139058174545e-05	1.4251139058174545e-05	1.8666238560575377e-06
0.6690009753728497	0.668999690333294	1.2850395557650884e-06	1.2850395557650884e-06	1.9208336057341414e-06
3.251850481546638	3.2518568286832306	-6.347136592754765e-06	6.347136592754765e-06	1.9518537610425293e-06
1.3609488915687085	1.3609492539217172	-3.623530087093485e-07	3.623530087093485e-07	2.66250269171886e-07
-0.09483430030508767	-0.09483403755439213	-2.627506955482639e-07	2.627506955482639e-07	2.770629347219087e-06
-5.6862582320403146	-5.686268976660358	1.074462004346799e-05	1.074462004346799e-05	1.8895765202722176e-06
0.3866594654378448	0.3866588267555926	6.386822521964319e-07	6.386822521964319e-07	1.6517952081509294e-06
0.6409660802128654	0.6409694087778917	-3.3285650262726563e-06	3.3285650262726563e-06	5.193043951978297e-06
1.1651710610368295	1.1651707454802818	3.155565477808153e-07	3.155565477808153e-07	2.708242234406481e-07
1.106329026125308	1.1063297151849838	-6.890596757624934e-07	6.890596757624934e-07	6.22834310129044e-07
-0.9471416293842713	-0.9471417006352567	7.125098544502606e-08	7.125098544502606e-08	7.522738229903982e-08
-0.39322124569134376	-0.39322221846305183	9.727717080743048e-07	9.727717080743048e-07	2.473853380846759e-06
0.017039502933991042	0.01704045598671655	-9.530527255094401e-07	9.530527255094401e-07	5.5931955832364955e-05
-3.3833025005953106	-3.383308472166391	5.971571080287674e-06	5.971571080287674e-06	1.7650124631885394e-06
-0.06246208202131974	-0.062462348978442606	2.669571228658407e-07	2.669571228658407e-07	4.273906892420303e-06
3.8485852670387373	3.8485932327603223	-7.96572158501263e-06	7.96572158501263e-06	2.069779160990706e-06
-0.14860954804602586	-0.14860879855405074	-7.494919751216411e-07	7.494919751216411e-07	5.043363531995374e-06
1.201401595094897	1.2014038484267076	-2.2533318104756006e-06	2.2533318104756006e-06	1.8755858321443405e-06
0.7637809363463868	0.7637800854354282	8.509109585830288e-07	8.509109585830288e-07	1.1140772413794932e-06
-0.19719374278627239	-0.19719455576705514	8.12980782749495e-07	8.12980782749495e-07	4.122751418287349e-06
2.6319967966040165	2.6320002702959755	-3.473691958966185e-06	3.473691958966185e-06	1.319793384037618e-06
0.5591078785511877	0.5591061767518113	1.701799376419011e-06	1.701799376419011e-06	3.0437764190139325e-06
-1.7400250532505035	-1.7400278593413532	2.806090849682974e-06	2.806090849682974e-06	1.6126726706842385e-06
-0.826844942544043	-0.8268454434983141	5.009542711764681e-07	5.009542711764681e-07	6.058624119234836e-07
-0.7714906189775508	-0.771490484567039	-1.3441051183171737e-07	1.3441051183171737e-07	1.7422183565867637e-07
-0.022686476718385334	-0.022686643205815926	1.664874305917774e-07	1.664874305917774e-07	7.338619947841192e-06
0.004574938534652382	0.004575350430968683	-4.118963163012024e-07	4.118963163012024e-07	9.003319130548702e-05
0.626699944787166	0.6267002086133289	-2.638261629162031e-07	2.638261629162031e-07	4.2097684084813713e-07
7.515981463592261	7.515995941048459	-1.4477456198314087e-05	1.4477456198314087e-05	1.926222978122486e-06
-0.6177439016005974	-0.6177436716825468	-2.2991805059824344e-07	2.2991805059824344e-07	3.7218991559854695e-07
1.1194994829346567	1.1195012634743762	-1.7805397194425865e-06	1.7805397194425865e-06	1.59047837590338e-06
0.27179766700753516	0.2717980760280625	-4.09020527336601e-07	4.09020527336601e-07	1.5048713693530768e-06
0.11291724348039259	0.11291757482467801	-3.313442854258053e-07	3.313442854258053e-07	2.934399346042673e-06
-0.01032208200218065	-0.010321241461497266	-8.405406833836976e-07	8.405406833836976e-07	8.14313123269244e-05
-0.06723217298735157	-0.0672325386403827	3.6565303113134107e-07	3.6565303113134107e-07	5.438661505112018e-06
-1.8993358407108227	-1.8993396538462548	3.813135432073622e-06	3.813135432073622e-06	2.0076151622803914e-06
1.8098016018127845	1.809804674849147	-3.073036362488679e-06	3.073036362488679e-06	1.6979962662264073e-06
3.4421226524360047	3.4421266045683296	-3.9521323249580576e-06	3.9521323249580576e-06	1.1481671991441434e-06
0.698464923088647	0.6984651554375887	-2.323489416422575e-07	2.323489416422575e-07	3.326565643623144e-07
-0.12470916526350559	-0.12470891988414223	-2.45379363356113e-07	2.45379363356113e-07	1.9676129083025774e-06
-1.8708469951734625	-1.8708469497141778	-4.545928478094652e-08	4.545928478094652e-08	2.4298772106016928e-08
0.9184597828732309	0.9184593900499749	3.9282325603462454e-07	3.9282325603462454e-07	4.2769782995369696e-07
0.9554002297924798	0.9553993263580196	9.034344602421029e-07	9.034344602421029e-07	9.456083765421909e-07
-8.884626015905813	-8.884643039436924	1.7023531110993417e-05	1.7023531110993417e-05	1.916066143979142e-06
-0.10029159685998267	-0.10029076702267048	-8.298373121856661e-07	8.298373121856661e-07	8.274245681262847e-06
-2.395411891371262	-2.395416445324372	4.553953110164599e-06	4.553953110164599e-06	1.90111484649835e-06
0.3249645473097287	0.32496412632099236	4.209887363160192e-07	4.209887363160192e-07	1.2954912768215555e-06
6.551436162979451	6.5514481370883	-1.1974108849344134e-05	1.1974108849344134e-05	1.8277074753482095e-06
0.8647677696260505	0.8647689278404869	-1.1582144363586622e-06	1.1582144363586622e-06	1.339335804408513e-06
-0.5194803825377974	-0.5194796458454221	-7.36692375324921e-07	7.36692375324921e-07	1.4181331963412869e-06
-4.814572836962201	-4.8145826967811445	9.859818943525056e-06	9.859818943525056e-06	2.0479114715701757e-06
-2.598357834158926	-2.598363324523234	5.490364308080586e-06	5.490364308080586e-06	2.1130131638923347e-06
-1.4890809731077876	-1.4890871339048317	6.160797044074684e-06	6.160797044074684e-06	4.137314998536841e-06
1.1305269101867348	1.1305271455057664	-2.353190315940168e-07	2.353190315940168e-07	2.0814987195231645e-07
-0.36715320235282134	-0.3671532608677808	5.85149594334311e-08	5.85149594334311e-08	1.593747761382734e-07
0.4110084539295017	0.4110085174033884	-6.347388670224774e-08	6.347388670224774e-08	1.5443450395094577e-07
0.2362238825645983	0.2362241111768526	-2.2861225429382515e-07	2.2861225429382515e-07	9.677779054846766e-07
-0.438939655804534	-0.4389401592561626	5.034516286084312e-07	5.034516286084312e-07	1.146972304622723e-06
0.7040026104120889	0.7040036730359134	-1.0626238244881847e-06	1.0626238244881847e-06	1.5094032447779936e-06
-1.7208202409578421	-1.72081871824048	-1.5227173622012202e-06	1.5227173622012202e-06	8.848788071865345e-07
0.9081355526028193	0.9081375392270274	-1.9866242081389984e-06	1.9866242081389984e-06	2.187585545401354e-06
0.11324369783854801	0.1132431862060912	5.116324568177344e-07	5.116324568177344e-07	4.517977305431785e-06
-2.600620262259527	-2.6006257021435886	5.439884061431144e-06	5.439884061431144e-06	2.0917640842745515e-06
-0.832396951070313	-0.832398707188986	1.7561186730352674e-06	1.7561186730352674e-06	2.109713005047909e-06
-0.966784859080265	-0.9667853555583861	4.964781210592406e-07	4.964781210592406e-07	5.135352673308899e-07
6.5792429874908045	6.57925337782217	-1.039033136507328e-05	1.039033136507328e-05	1.5792594048933205e-06
-2.7851863577833984	-2.7851973513861594	1.0993602761022458e-05	1.0993602761022458e-05	3.947169542282176e-06
-3.971454653112116	-3.971464833284699	1.0180172583140745e-05	1.0180172583140745e-05	2.563335974430262e-06
-0.0314275526524922	-0.03142723244309309	-3.20209399107263e-07	3.20209399107263e-07	1.0188811157138273e-05
0.06316645397331058	0.06316648523352342	-3.1260212834949286e-08	3.1260212834949286e-08	4.948863022793319e-07
0.973346989204857	0.9733470792525623	-9.004770529230655e-08	9.004770529230655e-08	9.251346774685971e-08
-0.46821909059028605	-0.46821914838801604	5.779772999092714e-08	5.779772999092714e-08	1.2344163480831433e-07
-0.3842948428296757	-0.38429460755651235	-2.3527316334037707e-07	2.3527316334037707e-07	6.122204545030887e-07
-0.008936406489563594	-0.00893621108843945	-1.9540112414402622e-07	1.9540112414402622e-07	2.1865738132237598e-05
-0.01673679118249471	-0.01673850420047529	1.71301798057924e-06	1.71301798057924e-06	0.00010235044232199742
2.2868450758116574	2.286848710355116	-3.6345434586415593e-06	3.6345434586415593e-06	1.5893264904932708e-06
-0.7536443785350224	-0.7536440421063162	-3.364287062268545e-07	3.364287062268545e-07	4.464024622340103e-07
-8.56622976115907	-8.566246220198082	1.6459039011706977e-05	1.6459039011706977e-05	1.9213865925398615e-06
-0.9056110632682723	-0.9056098811015545	-1.1821667178502082e-06	1.1821667178502082e-06	1.305380163515086e-06
-0.9784928366895804	-0.9784929393390485	1.026494680367307e-07	1.026494680367307e-07	1.0490569188427843e-07
1.9603482592470791	1.9603520486271009	-3.789380021768096e-06	3.789380021768096e-06	1.93301368973261e-06
10.344184046082916	10.34420305495587	-1.90088729539184e-05	1.90088729539184e-05	1.8376387029885247e-06
5.603830744098235	5.603845920632011	-1.5176533776362078e-05	1.5176533776362078e-05	2.708242712780983e-06
-0.3461766560390667	-0.3461771052570839	4.492180171733473e-07	4.492180171733473e-07	1.297655429205637e-06
0.12178027711828743	0.12178011138530564	1.6573298178279572e-07	1.6573298178279572e-07	1.3609180871038437e-06
-1.6856163952951964	-1.6856165916578902	1.9636269388279004e-07	1.9636269388279004e-07	1.16493108652044e-07
1.994215918799851	1.994213311263593	2.607536258025789e-06	2.607536258025789e-06	1.307549615587786e-06
-1.453774076380379	-1.4537721940541815	-1.8823261975775551e-06	1.8823261975775551e-06	1.2947859149230321e-06
1.536175332007464	1.5361777104772045	-2.378469740493827e-06	2.378469740493827e-06	1.5483061672300506e-06
0.4048701784631356	0.4048705045534007	-3.260902650681352e-07	3.260902650681352e-07	8.054193230678423e-07
-9.207077558228205	-9.207095348756411	1.7790528206163003e-05	1.7790528206163003e-05	1.9322665735843527e-06
0.6448692304516791	0.6448681774600118	1.0529916673052142e-06	1.0529916673052142e-06	1.6328762756561948e-06
-0.7080346273293925	-0.7080363593559014	1.7320265088827114e-06	1.7320265088827114e-06	2.446245482958472e-06
-0.14740603147545855	-0.1474077885177394	1.7570422808366182e-06	1.7570422808366182e-06	1.191974482488626e-05
1.036285097624325	1.0362851821810182	-8.455669320284187e-08	8.455669320284187e-08	8.159597527426322e-08
-0.24146045642256392	-0.24145878523995634	-1.6711826075765934e-06	1.6711826075765934e-06	6.9211440760799674e-06
2.10383865996027	2.1038434629190306	-4.802958760485865e-06	4.802958760485865e-06	2.28295013866537e-06
5.84175712126794	5.841769215749082	-1.2094481141922131e-05	1.2094481141922131e-05	2.0703498777602467e-06
0.5089484341653857	0.5089486280667188	-1.9390133310093205e-07	1.9390133310093205e-07	3.8098424139747465e-07
-0.4356455366058014	-0.4356455497145362	1.3108734764344376e-08	1.3108734764344376e-08	3.009036857459177e-08
0.5005063436902445	0.5005065040677437	-1.6037749916986144e-07	1.6037749916986144e-07	3.2043050241360485e-07
0.08744671279176795	0.08744720844333642	-4.9565156846898e-07	4.9565156846898e-07	5.66804117210498e-06
0.4007698018358901	0.400769864427275	-6.259138490838367e-08	6.259138490838367e-08	1.5617789719100146e-07
-2.8758462800673055	-2.875851589578815	5.309511509565823e-06	5.309511509565823e-06	1.8462431550554088e-06
1.0713430891917433	1.07134062818659	2.4610051532203414e-06	2.4610051532203414e-06	2.297121415210701e-06
-2.8401387894644734	-2.8401444214978255	5.6320333521320265e-06	5.6320333521320265e-06	1.983013426324135e-06
0.6773978033963757	0.6773979957870324	-1.923906567391498e-07	1.923906567391498e-07	2.8401429082664657e-07
2.918117468370671	2.9181230111134937	-5.542742822495228e-06	5.542742822495228e-06	1.8994241604639769e-06
-0.9280072475279195	-0.9280059625780268	-1.2849498927103298e-06	1.2849498927103298e-06	1.38463346717739e-06
1.0547661404756297	1.0547661122473073	2.822832234627981e-08	2.822832234627981e-08	2.67626360603031e-08
3.3379277110717696	3.3379450019310752	-1.7290859305685302e-05	1.7290859305685302e-05	5.180117966105805e-06
1.7135181878770172	1.713519498025562	-1.3101485447641892e-06	1.3101485447641892e-06	7.645956453998382e-07
-3.9906760260388396	-3.990685499047686	9.47300884623914e-06	9.47300884623914e-06	2.373785490084517e-06
0.7941956255339808	0.7941957633192942	-1.3778531338104472e-07	1.3778531338104472e-07	1.7349039575533316e-07
1.8650350270087488	1.8650348879418743	1.3906687446052501e-07	1.3906687446052501e-07	7.456528829035909e-08
-0.19374606750942966	-0.193746212971746	1.4546231633105755e-07	1.4546231633105755e-07	7.50788484127441e-07
-0.1390875100256418	-0.13908848268329166	9.726576498669814e-07	9.726576498669814e-07	6.993134392064858e-06
-0.6211466957368611	-0.6211458312463947	-8.644904664345532e-07	8.644904664345532e-07	1.391765379044664e-06
-1.1471533562539546	-1.1471560474092257	2.691155271072887e-06	2.691155271072887e-06	2.345942028065796e-06
-0.20028812476215144	-0.20028782637382392	-2.9838832751871713e-07	2.9838832751871713e-07	1.4897954028630645e-06
3.569463162780317	3.56946993542806	-6.772647743069626e-06	6.772647743069626e-06	1.897385526677993e-06
-0.0377326897348333	-0.03773382422878058	1.1344939472787696e-06	1.1344939472787696e-06	3.0066606840154587e-05
-2.121061202863221	-2.121065332175931	4.1293127099883975e-06	4.1293127099883975e-06	1.9468145022945295e-06
0.3283315713793339	0.32833130626386264	2.651154712429715e-07	2.651154712429715e-07	8.074626211826386e-07
-0.027415333202469246	-0.02741623393376358	9.00731294332241e-07	9.00731294332241e-07	3.2855019039167246e-05
-2.0345247981106556	-2.034527891282778	3.0931721224369824e-06	3.0931721224369824e-06	1.5203413226073386e-06
-2.681998389044569	-2.6820023263098847	3.937265315556715e-06	3.937265315556715e-06	1.4680341836295138e-06
2.726485021804933	2.726494771650323	-9.749845390150114e-06	9.749845390150114e-06	3.575976142240355e-06
-0.2708723760058333	-0.27087223816124606	-1.3784458724463988e-07	1.3784458724463988e-07	5.088912693026747e-07
0.7258467806665718	0.7258471714521875	-3.90785615644873e-07	3.90785615644873e-07	5.383858219857367e-07
0.06047117628866551	0.06047096621841774	2.1007024776642513e-07	2.1007024776642513e-07	3.47389054850914e-06
1.1976778762798923	1.1976770424553251	8.338245671701827e-07	8.338245671701827e-07	6.962010267402831e-07
0.537331714465556	0.5373305057219113	1.208743644731669e-06	1.208743644731669e-06	2.2495296893724512e-06
-6.265105929969048	-6.265117498514883	1.1568545835061173e-05	1.1568545835061173e-05	1.8465044269599964e-06
-0.5458943621932166	-0.5458933646877995	-9.975054171551534e-07	9.975054171551534e-07	1.8272865342435818e-06
2.097573750117936	2.097577838867437	-4.088749501196531e-06	4.088749501196531e-06	1.949275681470862e-06
0.05365112246298294	0.05365118249756051	-6.003457757308706e-08	6.003457757308706e-08	1.118980830541028e-06
-0.7605768132401449	-0.7605774935655063	6.803253613796301e-07	6.803253613796301e-07	8.944860657549703e-07
-0.6239127022170778	-0.6239122449187562	-4.572983216544202e-07	4.572983216544202e-07	7.329524147038642e-07
0.10117540227925495	0.10117408965015784	1.312629097111051e-06	1.312629097111051e-06	1.2973796669353031e-05
1.784167255483447	1.7841775465967658	-1.029111331884991e-05	1.029111331884991e-05	5.768020507730582e-06
3.1781958374487367	3.1782024843778345	-6.646929097797738e-06	6.646929097797738e-06	2.091415833938506e-06
-1.4168793059327396	-1.4168811071613163	1.801228576736591e-06	1.801228576736591e-06	1.2712646512617616e-06
0.7644488971934689	0.7644487759534968	1.2123997206181514e-07	1.2123997206181514e-07	1.5859787685864289e-07
0.33617106580083767	0.3361710114404559	5.4360381751550335e-08	5.4360381751550335e-08	1.617045227317564e-07
0.794536596019519	0.7945365032355767	9.278394230705089e-08	9.278394230705089e-08	1.167774307336896e-07
0.2793377161841871	0.2793373460008297	3.701833574121238e-07	3.701833574121238e-07	1.3252179564897557e-06
-0.11714420228603871	-0.11714392348949332	-2.787965453915353e-07	2.787965453915353e-07	2.3799431807199422e-06
1.5106275376262728	1.510630658685841	-3.12105956812303e-06	3.12105956812303e-06	2.0660682334887874e-06
1.027736764807481	1.0277355900143448	1.174793136327068e-06	1.174793136327068e-06	1.143087584832225e-06
0.501533488628878	0.5015346437176049	-1.1550887268896304e-06	1.1550887268896304e-06	2.3031138559610055e-06
-0.6673548739356693	-0.6673535858681134	-1.2880675558379906e-06	1.2880675558379906e-06	1.930108861334481e-06
-3.216200086505803	-3.2162060902010126	6.003695209422233e-06	6.003695209422233e-06	1.8667045108952987e-06
-0.0032744697439590622	-0.003274307346146088	-1.6239781297413408e-07	1.6239781297413408e-07	4.959514842784401e-05
0.22965236866139677	0.2296511988788552	1.1697825415546426e-06	1.1697825415546426e-06	5.093709890183581e-06
-4.6951337057178675	-4.6951415993135015	7.893595634023143e-06	7.893595634023143e-06	1.6812291467674493e-06
4.528639208428916	4.528649485109781	-1.0276680865395349e-05	1.0276680865395349e-05	2.269264649360432e-06
-6.198494922344565	-6.1985093634575605	1.4441112995200456e-05	1.4441112995200456e-05	2.329777337260146e-06
0.16322501504892714	0.16322512601618655	-1.1096725940906715e-07	1.1096725940906715e-07	6.798422372686221e-07
-0.4254247835049113	-0.4254249224686646	1.3896375328226185e-07	1.3896375328226185e-07	3.2664705647234013e-07
-1.6915246151558438	-1.691524425496027	-1.8965981674057275e-07	1.8965981674057275e-07	1.121235925515036e-07
-0.0873926304105456	-0.08739350369069143	8.732801458355421e-07	8.732801458355421e-07	9.992606261341736e-06
-0.3577454134933201	-0.35774613706962555	7.235763054280753e-07	7.235763054280753e-07	2.022601207832357e-06
-1.5362508378400295	-1.5362540666501445	3.228810115052383e-06	3.228810115052383e-06	2.1017466910495512e-06
0.7233718910964776	0.723371961612429	-7.051595141138733e-08	7.051595141138733e-08	9.748229407214065e-08
0.36429630279706327	0.3642967212726944	-4.184756311476079e-07	4.184756311476079e-07	1.1487232451566385e-06
1.2172896247154943	1.217287876897899	1.747817595321166e-06	1.747817595321166e-06	1.4358272344017284e-06
1.7102242651102397	1.7102278329730325	-3.5678627927637763e-06	3.5678627927637763e-06	2.0861958665601057e-06
1.484048353843508	1.48404893661791	-5.827744018471748e-07	5.827744018471748e-07	3.9269232726673536e-07
-0.007320820278472679	-0.007319647920667194	-1.172357805485566e-06	1.172357805485566e-06	0.00016014022485061626
2.989791608116249	2.989798297676316	-6.689560066774902e-06	6.689560066774902e-06	2.237467002253623e-06
-2.9654645894676626	-2.9654743366336334	9.747165970797056e-06	9.747165970797056e-06	3.286893394517583e-06
5.559514960594255	5.559528561207117	-1.3600612861708328e-05	1.3600612861708328e-05	2.44636680683643e-06
2.1709555906271834	2.1709556531277485	-6.250056516776681e-08	6.250056516776681e-08	2.8789425927275906e-08
-1.261921088523597	-1.2619214085134445	3.1998984750813975e-07	3.1998984750813975e-07	2.535735795354023e-07
1.0650696860126987	1.065070069671492	-3.8365879340140907e-07	3.8365879340140907e-07	3.6021942830587214e-07
0.30844898715161206	0.30844983257338754	-8.454217754749749e-07	8.454217754749749e-07	2.7408803746838834e-06
-0.22157513535286028	-0.22157540570333367	2.7035047339696305e-07	2.7035047339696305e-07	1.2201300157909309e-06
-3.0921358974467332	-3.0921416614546615	5.7640079282883505e-06	5.7640079282883505e-06	1.8640862237160598e-06
-0.9748821326869621	-0.9748825282258622	3.955389000775966e-07	3.955389000775966e-07	4.0572997167095017e-07
1.755183531996718	1.7551869746057491	-3.442609031178989e-06	3.442609031178989e-06	1.961395471425507e-06
-0.03953998307470383	-0.0395396132262249	-3.698484789260714e-07	3.698484789260714e-07	9.353784452241871e-06
-1.702629583674964	-1.7026326559062	3.0722312358566484e-06	3.0722312358566484e-06	1.8044037677446724e-06
-1.6762346288093692	-1.6762332547841652	-1.3740252040594925e-06	1.3740252040594925e-06	8.1970935359775e-07
1.5027879169152356	1.502786766650388	1.1502648475936184e-06	1.1502648475936184e-06	7.654206123474565e-07
-1.3856488002881573	-1.3856502373528201	1.4370646628236727e-06	1.4370646628236727e-06	1.0371059842326737e-06
-2.6378989477678854	-2.6379071841802215	8.236412336160015e-06	8.236412336160015e-06	3.1223380801335972e-06
-1.7462511067712736	-1.746254940826475	3.834055201323849e-06	3.834055201323849e-06	2.195592138184992e-06
2.0297477479400743	2.0297483129070315	-5.649669572171945e-07	5.649669572171945e-07	2.783434334589415e-07
-0.6140486924536606	-0.614048574334447	-1.1811921352133936e-07	1.1811921352133936e-07	1.9236131429471822e-07
-1.773811749655227	-1.7738121268848772	3.772296501836081e-07	3.772296501836081e-07	2.1266611310750965e-07
-1.333718319969146	-1.3337190202946658	7.003255197979286e-07	7.003255197979286e-07	5.250925246450313e-07
0.38768926682902766	0.3876893520100566	-8.518102895260782e-08	8.518102895260782e-08	2.1971469483619456e-07
0.463009577063847	0.4630107773664349	-1.2003025879336882e-06	1.2003025879336882e-06	2.5923925711112703e-06
-0.5729349868620329	-0.5729337108277832	-1.2760342497086796e-06	1.2760342497086796e-06	2.2271885623489744e-06
2.9918383398583175	2.991844182361092	-5.842502774466851e-06	5.842502774466851e-06	1.9528136586228555e-06
0.6907711977119297	0.6907705951562093	6.025557204303311e-07	6.025557204303311e-07	8.722942161256891e-07
-1.9580780084751201	-1.9580817497626413	3.741287521119574e-06	3.741287521119574e-06	1.910693805316343e-06
0.3160267070820724	0.3160276155540487	-9.084719762575411e-07	9.084719762575411e-07	2.8746683615622716e-06
-0.5075619865821898	-0.5075629269413184	9.403591286760715e-07	9.403591286760715e-07	1.8526981009910573e-06
4.42976265999081	4.4297739850662765	-1.1325075466750434e-05	1.1325075466750434e-05	2.556587414724817e-06
-3.1961411096572103	-3.1961485528881894	7.443230979120585e-06	7.443230979120585e-06	2.328818010140635e-06
6.786336619178332	6.7863540230064245	-1.7403828092454887e-05	1.7403828092454887e-05	2.564539466443692e-06
1.4664939320924655	1.4664946556877112	-7.235952457218531e-07	7.235952457218531e-07	4.934185064710032e-07
-1.2203532114476756	-1.2203534283798945	2.169322188549927e-07	2.169322188549927e-07	1.7776182896888617e-07
-0.31952335637265633	-0.3195234835402516	1.2716759528741406e-07	1.2716759528741406e-07	3.9799154819561917e-07
0.8007435745270705	0.800742357114359	1.2174127114183975e-06	1.2174127114183975e-06	1.520352769783282e-06
0.1047541407304091	0.10475359567863052	5.450517785859921e-07	5.450517785859921e-07	5.2031525893445555e-06
-10.438000836324365	-10.438020296533068	1.9460208703137027e-05	1.9460208703137027e-05	1.8643616731103598e-06
0.47570662662288327	0.47570603055646643	5.960664168358498e-07	5.960664168358498e-07	1.2530126415673875e-06
1.000786146950209	1.000787668999692	-1.5220494828938058e-06	1.5220494828938058e-06	1.5208538682635567e-06
0.31590748960556336	0.3159073803544743	1.0925108906434389e-07	1.0925108906434389e-07	3.458325385091468e-07
-6.873227412702484	-6.873240805816749	1.3393114265625172e-05	1.3393114265625172e-05	1.9485917548535083e-06
-0.35793054810938985	-0.3579299768716737	-5.712377161293247e-07	5.712377161293247e-07	1.5959456915500391e-06
0.6057293496719596	0.6057297146071505	-3.6493519095515126e-07	3.6493519095515126e-07	6.024723602262075e-07
0.0469635826814619	0.046966229092504364	-2.646411042465935e-06	2.646411042465935e-06	5.635028018232012e-05
2.3122667481428456	2.3122638253880723	2.9227547733157166e-06	2.9227547733157166e-06	1.264021452396528e-06
-1.214974440242506	-1.2149798594691674	5.419226661418364e-06	5.419226661418364e-06	4.460362689059285e-06
-1.9553784660486142	-1.9553792162696482	7.502210339627169e-07	7.502210339627169e-07	3.8367050010464066e-07
-0.8131672177041049	-0.8131672207127849	3.0086799718276325e-09	3.0086799718276325e-09	3.699952366897346e-09
0.49848059817574536	0.49848091202875366	-3.1385300830466534e-07	3.1385300830466534e-07	6.296193060537386e-07
-0.28414328986893583	-0.284143120097724	-1.697712118109429e-07	1.697712118109429e-07	5.974845011798509e-07
0.4475676523791867	0.4475692148844246	-1.5625052378620552e-06	1.5625052378620552e-06	3.4911040365765196e-06
-5.422246284372071	-5.422256704605388	1.0420233317098848e-05	1.0420233317098848e-05	1.921755813108658e-06
-0.6824052091527045	-0.6824044426139153	-7.665387892208386e-07	7.665387892208386e-07	1.1232897682193795e-06
-0.7924619728384044	-0.7924631404421234	1.167603719043342e-06	1.167603719043342e-06	1.4733876943789136e-06
0.20655068086871	0.206551730116189	-1.0492474789847162e-06	1.0492474789847162e-06	5.079854854855939e-06
7.374902493679707	7.3749163361753745	-1.3842495667049093e-05	1.3842495667049093e-05	1.876973380856508e-06
0.3403560387211235	0.3403558266654727	2.1205565081672262e-07	2.1205565081672262e-07	6.230406594621169e-07
0.9740256067915016	0.9740246200635738	9.867279278097385e-07	9.867279278097385e-07	1.013041054495558e-06
-6.544539806613102	-6.544554634274391	1.4827661289018579e-05	1.4827661289018579e-05	2.2656537704966785e-06
-3.695739524459204	-3.695745942877693	6.418418488696176e-06	6.418418488696176e-06	1.7367074833650189e-06
-3.5954167673050543	-3.5954206687165424	3.9014114880941975e-06	3.9014114880941975e-06	1.0851068848462043e-06
1.235755625765226	1.235756030837365	-4.05072138942586e-07	4.05072138942586e-07	3.277930769619197e-07
0.1629155419453905	0.16291554948111298	-7.535722462703731e-09	7.535722462703731e-09	4.625539327137809e-08
2.156302620872399	2.1563024138231413	2.0704925773884497e-07	2.0704925773884497e-07	9.602050089568448e-08
-1.1202142489852511	-1.1202133291590144	-9.198262367338117e-07	9.198262367338117e-07	8.21116351239987e-07
0.4945569459653598	0.4945559303450864	1.0156202734368236e-06	1.0156202734368236e-06	2.0535962172250243e-06
2.1919766260171683	2.1919806754340243	-4.049416856055643e-06	4.049416856055643e-06	1.8473814036117038e-06
0.08698931899504427	0.08698920373717556	1.1525786870747456e-07	1.1525786870747456e-07	1.3249657548651547e-06
2.158401490824653	2.1584057526524703	-4.261827817320096e-06	4.261827817320096e-06	1.9745296857128256e-06
0.10572368239687906	0.1057235749613028	1.074355762548107e-07	1.074355762548107e-07	1.0161921512675403e-06
5.171998419713936	5.172008185581944	-9.765868008493328e-06	9.765868008493328e-06	1.8882194494238611e-06
-0.1867167599150877	-0.18671723273655516	4.7282146745097897e-07	4.7282146745097897e-07	2.532292589406552e-06
-0.5386124454179904	-0.5386120369621494	-4.0845584092785714e-07	4.0845584092785714e-07	7.583483159414834e-07
1.7749052760144268	1.7749065345924464	-1.258578019580625e-06	1.258578019580625e-06	7.090958805456811e-07
5.1166020419795535	5.116610599998239	-8.558018685711488e-06	8.558018685711488e-06	1.67259806713451e-06
1.5884589930172308	1.5884602285041183	-1.2354868874631109e-06	1.2354868874631109e-06	7.777896016795121e-07
-1.4745171398724806	-1.4745172052244016	6.535192098588993e-08	6.535192098588993e-08	4.432089612165628e-08
-0.33292676811890826	-0.3329268502056948	8.208678653476298e-08	8.208678653476298e-08	2.4656108909045373e-07
1.653753674929366	1.6537538508600846	-1.759307186599557e-07	1.759307186599557e-07	1.0638266225922063e-07
-0.6004189514412116	-0.6004185802339634	-3.712072481620865e-07	3.712072481620865e-07	6.182470544460025e-07
0.10593471500909389	0.10593442993922508	2.8506986880783014e-07	2.8506986880783014e-07	2.6909957588818598e-06
-0.19345617559854095	-0.19345646705914987	2.9146060892548675e-07	2.9146060892548675e-07	1.5065975951593502e-06
-0.6530617704174789	-0.6530612340611697	-5.363563092553036e-07	5.363563092553036e-07	8.212949119842528e-07
-5.452755779147213	-5.452765948120941	1.0168973727964215e-05	1.0168973727964215e-05	1.8649237449535282e-06
-0.5743208662480311	-0.5743203082602122	-5.579878189498899e-07	5.579878189498899e-07	9.715611111174786e-07
2.6537506079297266	2.6537555422692094	-4.934339482787209e-06	4.934339482787209e-06	1.8593832698682415e-06
-0.4472419452647194	-0.44724258532369277	6.400589733779327e-07	6.400589733779327e-07	1.4311246522261822e-06
0.8197519461739736	0.8197504057534388	1.54042053479575e-06	1.54042053479575e-06	1.8791300734147095e-06
-1.8362573811506033	-1.8362615428486606	4.161698057281171e-06	4.161698057281171e-06	2.266402357317383e-06
-3.7188234359360672	-3.718827012107795	3.576171727637245e-06	3.576171727637245e-06	9.616406342607348e-07
4.7628927487469905	4.762905317420518	-1.2568673527724172e-05	1.2568673527724172e-05	2.638873934549693e-06
-0.44368919225402315	-0.44368901717461995	-1.750794031973868e-07	1.750794031973868e-07	3.9459920650298254e-07
-1.1915487468425672	-1.1915489872080798	2.403655126048676e-07	2.403655126048676e-07	2.0172528672603757e-07
0.9891636294040012	0.9891637796499708	-1.5024596966561887e-07	1.5024596966561887e-07	1.5189192687578523e-07
0.7541978269697676	0.7541966442659032	1.1827038643996701e-06	1.1827038643996701e-06	1.5681613259899772e-06
0.8037333454889944	0.8037318621063605	1.483382633948871e-06	1.483382633948871e-06	1.8456153925607941e-06
-1.193102663624675	-1.1931052404179354	2.576793260322674e-06	2.576793260322674e-06	2.1597414362434773e-06
0.2967775435679385	0.2967775512843218	-7.71638331009683e-09	7.71638331009683e-09	2.6000563308559063e-08
2.542988831490327	2.5429936749787885	-4.84348846141458e-06	4.84348846141458e-06	1.904644016299528e-06
-0.4459312429797545	-0.44593187794816913	6.349684146256251e-07	6.349684146256251e-07	1.4239155130344904e-06
0.6896582087249543	0.6896595209582301	-1.3122332758186417e-06	1.3122332758186417e-06	1.9027298728811033e-06
-0.2691616828549779	-0.26916071328741964	-9.695675582399588e-07	9.695675582399588e-07	3.6021752723338183e-06
0.05161549756480421	0.051615413667605026	8.389719918094896e-08	8.389719918094896e-08	1.6254265315492595e-06
-2.1654186018656323	-2.1654226557075162	4.0538418839553e-06	4.0538418839553e-06	1.8720823218488485e-06
-1.1742700102752648	-1.1742758365471673	5.826271902487079e-06	5.826271902487079e-06	4.961611768592576e-06
-0.5620996659818185	-0.5620985161840508	-1.1497977676633298e-06	1.1497977676633298e-06	2.0455407417027727e-06
-0.026307481573274713	-0.02630754033816629	5.8764891577856027e-08	5.8764891577856027e-08	2.2337710819706207e-06
-0.6135376999127304	-0.6135378116596257	1.1174689529269699e-07	1.1174689529269699e-07	1.8213533627777375e-07
1.3822417189193252	1.3822418063682562	-8.744893098544537e-08	8.744893098544537e-08	6.326601909672887e-08
-0.1402532636751702	-0.1402535785928194	3.149176492078798e-07	3.149176492078798e-07	2.2453498831744576e-06
-0.6846295194851912	-0.6846273208793718	-2.198605819403454e-06	2.198605819403454e-06	3.211380398929776e-06
1.5301160442252872	1.5301192925107898	-3.248285502577275e-06	3.248285502577275e-06	2.1229014066197273e-06
0.1843496019756732	0.18434950106893666	1.0090673654983284e-07	1.0090673654983284e-07	5.47366175290948e-07
1.192942306194768	1.192944660942885	-2.3547481171615203e-06	2.3547481171615203e-06	1.9738994123468264e-06
0.02308725262387648	0.023087463887350168	-2.1126347368727316e-07	2.1126347368727316e-07	9.150654568087835e-06
2.3786770297264197	2.3786815031598962	-4.473433476537281e-06	4.473433476537281e-06	1.8806392884080554e-06
1.2434321455698163	1.2434301861503627	1.9594194535788034e-06	1.9594194535788034e-06	1.5758153434909616e-06
-0.16501706394170584	-0.16501770551258232	6.41570876480646e-07	6.41570876480646e-07	3.8879062634836855e-06
2.437550366303771	2.4375592815886193	-8.915284848143301e-06	8.915284848143301e-06	3.6574771833995675e-06
4.9871523715381505	4.9871670430547965	-1.4671516646025395e-05	1.4671516646025395e-05	2.9418625205350137e-06
2.8972489078787467	2.8972548425372224	-5.934658475759136e-06	5.934658475759136e-06	2.048377155176585e-06
-0.69398535765388	-0.6939854215488594	6.389497941849953e-08	6.389497941849953e-08	9.206963621610972e-08
-0.5803591501607419	-0.580359479499748	3.2933900606657573e-07	3.2933900606657573e-07	5.674744784765758e-07
1.651233447770071	1.6512336505911662	-2.0282109525204817e-07	2.0282109525204817e-07	1.228300550270166e-07
0.11947710177341211	0.11947898019570857	-1.8784222964585151e-06	1.8784222964585151e-06	1.5722027640249728e-05
1.0991638224622475	1.0991623580594023	1.4644028452082125e-06	1.4644028452082125e-06	1.332288067785737e-06
-0.9746321217761591	-0.97463395604791	1.834271750933425e-06	1.834271750933425e-06	1.8820144646891669e-06
1.1869026267652365	1.186901076380309	1.5503849275511072e-06	1.5503849275511072e-06	1.3062444151602385e-06
-4.531807326916029	-4.531815543487028	8.216570998698103e-06	8.216570998698103e-06	1.8130892171644061e-06
-0.38819557687673906	-0.3881945540342713	-1.0228424677793946e-06	1.0228424677793946e-06	2.6348637869827413e-06
-0.014963839795721292	-0.014963741705287248	-9.809043404439277e-08	9.809043404439277e-08	6.55516467587687e-06
0.42763333245669133	0.4276322151781642	1.1172785271407193e-06	1.1172785271407193e-06	2.6127021500454996e-06
0.24777212137716703	0.24777214275673032	-2.1379563286405556e-08	2.1379563286405556e-08	8.6287202803825e-08
0.10697350374470437	0.10696743947846699	6.064266237379434e-06	6.064266237379434e-06	5.6689423316001656e-05
3.0686814634861097	3.0686917621096654	-1.0298623555726749e-05	1.0298623555726749e-05	3.3560418956052933e-06
-2.205456579836843	-2.205460233199119	3.6533622762568996e-06	3.6533622762568996e-06	1.6565106335157008e-06
-0.7681555855445252	-0.7681560468881798	4.6134365461192317e-07	4.6134365461192317e-07	6.005862136443215e-07
-0.8026583315973885	-0.8026578066164802	-5.249809083007762e-07	5.249809083007762e-07	6.540527739318419e-07
1.4458303622368553	1.4458305849984754	-2.2276162003898037e-07	2.2276162003898037e-07	1.5407175409869256e-07
0.041913148415195396	0.04191419247945305	-1.0440642576534098e-06	1.0440642576534098e-06	2.4910184444051206e-05
0.13313020897000488	0.13313062981978874	-4.208497838553704e-07	4.208497838553704e-07	3.161189238050326e-06
2.9755022782468137	2.975507811697753	-5.533450939232409e-06	5.533450939232409e-06	1.8596695353541308e-06
-1.0921593301289212	-1.0921578609668359	-1.4691620853213294e-06	1.4691620853213294e-06	1.3451902527334597e-06
-7.241651029699261	-7.241664241064427	1.321136516629906e-05	1.321136516629906e-05	1.8243581625401405e-06
-0.15423704702709243	-0.15423673585246434	-3.111746280926031e-07	3.111746280926031e-07	2.017508984322968e-06
-2.4701464176665784	-2.4701511129023856	4.695235807261611e-06	4.695235807261611e-06	1.9007925091731853e-06
0.4984255792276971	0.498424054512725	1.52471497211204e-06	1.52471497211204e-06	3.0590624471451945e-06
0.4827492080240075	0.4827483453482273	8.626757801999396e-07	8.626757801999396e-07	1.7870061014311142e-06
-0.4456637357665962	-0.4456591291273071	-4.6066392890842245e-06	4.6066392890842245e-06	1.033658096762179e-05
1.7401773115281292	1.7401816494384548	-4.337910325613592e-06	4.337910325613592e-06	2.492797887247636e-06
6.69902687446544	6.699041029150976	-1.4154685535672229e-05	1.4154685535672229e-05	2.1129465220725396e-06
1.4038461150622388	1.403846644279838	-5.292175992988035e-07	5.292175992988035e-07	3.7697693046316615e-07
-1.9668692889288282	-1.9668692902996554	1.370827229507654e-09	1.370827229507654e-09	6.969589881868647e-10
-1.0677713515353446	-1.0677715981728397	2.466374950937933e-07	2.466374950937933e-07	2.3098343548846306e-07
0.31167948775861826	0.3116800230600347	-5.353014164710679e-07	5.353014164710679e-07	1.7174739997186942e-06
0.4645900728550584	0.46459012855848414	-5.570342576088905e-08	5.570342576088905e-08	1.1989801120496016e-07
-7.7932592827289175	-7.7932738004165	1.4517687582760175e-05	1.4517687582760175e-05	1.862851864165952e-06
0.6058403261329527	0.6058386425138451	1.6836191075730866e-06	1.6836191075730866e-06	2.7789815813673874e-06
-2.450166272081348	-2.450170017709752	3.745628403883927e-06	3.745628403883927e-06	1.5287241713200632e-06
-0.3812024765551459	-0.3812031718553044	6.95300158504164e-07	6.95300158504164e-07	1.8239654809891557e-06
1.1259717661650173	1.125973393300228	-1.627135210791053e-06	1.627135210791053e-06	1.445094148615257e-06
-0.3576929668071886	-0.3576928311304073	-1.3567678130987915e-07	1.3567678130987915e-07	3.7931073266815053e-07
1.5189071444351583	1.518907813988335	-6.695531766798268e-07	6.695531766798268e-07	4.408124480373131e-07
4.943757407643089	4.943769656620134	-1.224897704510397e-05	1.224897704510397e-05	2.477665474880898e-06
0.6313260103806236	0.6313291605692939	-3.1501886702534065e-06	3.1501886702534065e-06	4.989797059611359e-06
2.4346999747605436	2.434710553188779	-1.057842823559696e-05	1.057842823559696e-05	4.344859056663589e-06
-0.30309682563891877	-0.3030969528481364	1.2720921765962956e-07	1.2720921765962956e-07	4.196982841752844e-07
0.8536139144790904	0.8536140380783763	-1.235992859172086e-07	1.235992859172086e-07	1.447953036152578e-07
0.4962130972543689	0.49621326479609706	-1.6754172815769408e-07	1.6754172815769408e-07	3.376406811604346e-07
0.2074452696233757	0.20744509538417333	1.7423920237180646e-07	1.7423920237180646e-07	8.399285396487659e-07
-0.6695530389103518	-0.6695519773529668	-1.0615573849959148e-06	1.0615573849959148e-06	1.5854716852954938e-06
-0.378965979482359	-0.3789668294302828	8.499479238199825e-07	8.499479238199825e-07	2.242807982344357e-06
0.3181150942132737	0.3181147403665818	3.538466918917571e-07	3.538466918917571e-07	1.1123228615317696e-06
-0.5001569812796175	-0.50015802935377	1.0480741524654391e-06	1.0480741524654391e-06	2.0954903994022294e-06
1.0383106720512896	1.0383091598669125	1.512184377050474e-06	1.512184377050474e-06	1.456389130685711e-06
-7.4283947122616	-7.428408482155646	1.3769894046333775e-05	1.3769894046333775e-05	1.8536836799483268e-06
1.4497749404567393	1.4497739875878324	9.528689068893925e-07	9.528689068893925e-07	6.572529847903146e-07
0.8901697532902698	0.8901676915229473	2.0617673225364896e-06	2.0617673225364896e-06	2.316150728460194e-06
3.9852655961199925	3.9852727140896604	-7.117969667902457e-06	7.117969667902457e-06	1.7860715920244886e-06
1.1388969691020547	1.1388993625587318	-2.393456677074468e-06	2.393456677074468e-06	2.1015568062856036e-06
5.524340363714574	5.524353145119676	-1.2781405102302301e-05	1.2781405102302301e-05	2.313652718839371e-06
-0.346169245347561	-0.3461693545432354	1.0919567439149347e-07	1.0919567439149347e-07	3.1544013761782556e-07
0.2114068635937306	0.21140691342225182	-4.982852122581427e-08	4.982852122581427e-08	2.3569963802864897e-07
-0.5766991981935131	-0.5766993963334244	1.9813991125605668e-07	1.9813991125605668e-07	3.4357583966948786e-07
0.5541223450631463	0.5541212631214876	1.08194165870934e-06	1.08194165870934e-06	1.9525320867290507e-06
0.5607288207201099	0.5607283183053369	5.024147730070538e-07	5.024147730070538e-07	8.96003120299458e-07
-4.555082513399057	-4.55509171479207	9.201393012858716e-06	9.201393012858716e-06	2.0200277351271355e-06
0.5922330791521113	0.5922336486037239	-5.69451612530969e-07	5.69451612530969e-07	9.615329379207286e-07
-0.6702676952388686	-0.6702688533550827	1.1581162140394952e-06	1.1581162140394952e-06	1.727841312159268e-06
-0.10107263317873122	-0.1010729370136687	3.0383493748731283e-07	3.0383493748731283e-07	3.0061048963672297e-06
7.036343255379775	7.036356432308821	-1.3176929046565533e-05	1.3176929046565533e-05	1.8726955988809746e-06
1.0816961463866526	1.0816958883879124	2.579987401496453e-07	2.579987401496453e-07	2.385131360701211e-07
0.11527606918339187	0.1152754521172028	6.170661890625428e-07	6.170661890625428e-07	5.3529426656703284e-06
-5.2197437628396095	-5.219755148118566	1.1385278956055345e-05	1.1385278956055345e-05	2.181194992196629e-06
-1.0031636713717664	-1.0031625688498025	-1.1025219639471118e-06	1.1025219639471118e-06	1.099044946912281e-06
-1.1947101875015835	-1.1947094421884685	-7.453131150025882e-07	7.453131150025882e-07	6.238442785536223e-07
0.1429185715239116	0.14291847401182167	9.751208993047378e-08	9.751208993047378e-08	6.822912438231242e-07
-0.7573990675278393	-0.7573993693767989	3.0184895960516656e-07	3.0184895960516656e-07	3.9853357700902065e-07
1.5502361982647341	1.5502363535233599	-1.5525862573362303e-07	1.5525862573362303e-07	1.0015159361354914e-07
-0.12249510625538525	-0.12249505834915908	-4.790622616657192e-08	4.790622616657192e-08	3.910868575165289e-07
-0.17556099793351373	-0.17556003513163887	-9.628018748653044e-07	9.628018748653044e-07	5.484144463737468e-06
2.083802059891015	2.0838060459027474	-3.986011732237671e-06	3.986011732237671e-06	1.9128552605645007e-06
-0.21673683973138605	-0.2167369548260467	1.1509466066317309e-07	1.1509466066317309e-07	5.310341370937043e-07
-1.7657593242536698	-1.7657623075137963	2.9832601264878633e-06	2.9832601264878633e-06	1.6895055206625015e-06
0.3067615894872708	0.30676098094772897	6.085395418131689e-07	6.085395418131689e-07	1.9837540378842655e-06
-3.9100476209085935	-3.910055594133155	7.973224561474979e-06	7.973224561474979e-06	2.0391630318871177e-06
0.966318285661919	0.9663179739618499	3.117000690888716e-07	3.117000690888716e-07	3.225645977250239e-07
-0.21268495861924214	-0.21268525733830757	2.987190654279992e-07	2.987190654279992e-07	1.404514298365495e-06
-3.6964149954128893	-3.696420634696551	5.639283661817984e-06	5.639283661817984e-06	1.5256089126399825e-06
-3.256467935305102	-3.2564779112362885	9.975931186456677e-06	9.975931186456677e-06	3.0634206706911797e-06
4.842555426947263	4.842567044761381	-1.1617814117848013e-05	1.1617814117848013e-05	2.399108134766742e-06
-0.3335324317292311	-0.33353254229950835	1.1057027726746327e-07	1.1057027726746327e-07	3.315128207898734e-07
1.9145032226972758	1.914503412990598	-1.9029332221087714e-07	1.9029332221087714e-07	9.939566565094605e-08
1.1381731603131127	1.138173427534639	-2.672215262400357e-07	2.672215262400357e-07	2.3478108213913845e-07
0.59927618835335	0.5992747505842999	1.437769050038895e-06	1.437769050038895e-06	2.3991760026199246e-06
1.1187210122794407	1.1187204468114942	5.654679464672796e-07	5.654679464672796e-07	5.0545930599365e-07
-8.410326683750135	-8.410342726165254	1.604241511898863e-05	1.604241511898863e-05	1.9074663472923945e-06
-0.0014225965921172094	-0.0014214219845598564	-1.1746075573530051e-06	1.1746075573530051e-06	0.000825678596350966
4.5762746128778	4.576283642109047	-9.02923124712629e-06	9.02923124712629e-06	1.973052758179702e-06
-0.545860191941802	-0.5458602240651089	3.2123306903386606e-08	3.2123306903386606e-08	5.884896421758393e-08
-7.2351824235170215	-7.23519633675096	1.3913233938289693e-05	1.3913233938289693e-05	1.9229969783576612e-06
0.3284886496428896	0.3284887511654233	-1.0152253371309428e-07	1.0152253371309428e-07	3.090594875149039e-07
-0.6696210886074224	-0.6696207879031135	-3.007043088976147e-07	3.007043088976147e-07	4.490663660593104e-07
8.256061633882084	8.256081144736527	-1.9510854443183234e-05	1.9510854443183234e-05	2.3632156963451632e-06
-4.988206095587726	-4.988213694559818	7.598972091571454e-06	7.598972091571454e-06	1.5233877562302525e-06
-2.4474637033000737	-2.4474708220623143	7.118762240576615e-06	7.118762240576615e-06	2.9086283204028427e-06
0.4157270609057483	0.41572755935703753	-4.984512892436399e-07	4.984512892436399e-07	1.198986874122795e-06
-0.7048055009844723	-0.7048055936138553	9.262938305276691e-08	9.262938305276691e-08	1.314254541478212e-07
-1.6872425428832036	-1.6872426795089268	1.3662572317940658e-07	1.3662572317940658e-07	8.097574575492686e-08
0.9014231222466229	0.9014222791847715	8.430618514410071e-07	8.430618514410071e-07	9.352565189806074e-07
-0.11344663848920812	-0.11344708673277637	4.4824356824901823e-07	4.4824356824901823e-07	3.9511401502800675e-06
-1.8148232480258353	-1.8148266631214938	3.4150956584877434e-06	3.4150956584877434e-06	1.881778659273119e-06
1.0364875179639115	1.036488252793788	-7.348298765030847e-07	7.348298765030847e-07	7.089616264232428e-07
6.769375919642407	6.769388850443647	-1.2930801240429446e-05	1.2930801240429446e-05	1.9101910418224367e-06
0.11899952502449561	0.11899871788045857	8.071440370377436e-07	8.071440370377436e-07	6.782750072923367e-06
-2.1486433873307953	-2.14864741292331	4.025592514889098e-06	4.025592514889098e-06	1.8735507895937951e-06
0.934751108328668	0.9347505274490686	5.808795994211025e-07	5.808795994211025e-07	6.214270239911384e-07
-0.21562629630590707	-0.2156255013687769	-7.9493713017742e-07	7.9493713017742e-07	3.686642787991173e-06
-4.622497254210812	-4.622504204689903	6.950479091827333e-06	6.950479091827333e-06	1.503619950340884e-06
2.5363012543414127	2.5363043905599625	-3.1362185497485484e-06	3.1362185497485484e-06	1.2365323497673043e-06
2.150704677378309	2.1507097853827872	-5.108004478060479e-06	5.108004478060479e-06	2.375037601297773e-06
0.052785470967202194	0.052785322623094544	1.4834410765052208e-07	1.4834410765052208e-07	2.8103208123821505e-06
-2.824652722206436	-2.824653056450188	3.342437522313446e-07	3.342437522313446e-07	1.183309189139028e-07
-1.7091915253827867	-1.709191908048524	3.826657373195985e-07	3.826657373195985e-07	2.2388698494973966e-07
0.2925470185746266	0.29254780974952155	-7.911748949318564e-07	7.911748949318564e-07	2.7044367048643616e-06
0.45565189911233783	0.4556526200758526	-7.209635147775728e-07	7.209635147775728e-07	1.5822682099692605e-06
-5.092155389100284	-5.0921649526571855	9.563556901071024e-06	9.563556901071024e-06	1.8780960458397906e-06
-0.10811531021797369	-0.10811590573212015	5.95514146467524e-07	5.95514146467524e-07	5.508138905275253e-06
-2.9338187030046194	-2.9338243061829417	5.603178322211022e-06	5.603178322211022e-06	1.9098584096122315e-06
-0.4874580329283962	-0.48745798176241806	-5.1165978121048283e-08	5.1165978121048283e-08	1.0496488859496172e-07
5.415902337929664	5.415912622083852	-1.028415418780071e-05	1.028415418780071e-05	1.8988810259329808e-06
0.059630757837699486	0.059632068769133184	-1.3109314336984257e-06	1.3109314336984257e-06	2.1984148470265367e-05
0.5455801068152105	0.5455806876852876	-5.808700770382202e-07	5.808700770382202e-07	1.0646833888959271e-06
2.456317339095871	2.4563240749557735	-6.73585990274006e-06	6.73585990274006e-06	2.7422596402871206e-06
-6.064405024329136	-6.06441755007836	1.2525749224501226e-05	1.2525749224501226e-05	2.06545393558816e-06
-5.1423248013700995	-5.1423343111309805	9.509760880987983e-06	9.509760880987983e-06	1.8493115951085473e-06
0.8759865868691347	0.8759868728702713	-2.860011366623283e-07	2.860011366623283e-07	3.264903149767687e-07
-0.389721599071383	-0.3897216161021788	1.703079582915379e-08	1.703079582915379e-08	4.369990236552006e-08
-0.3071063020915271	-0.3071064343203034	1.3222877626173357e-07	1.3222877626173357e-07	4.305635389479091e-07
0.412035164669159	0.41203421824320685	9.464259521640983e-07	9.464259521640983e-07	2.2969543216633585e-06
-0.5688993057834109	-0.5688983278560045	-9.779274063870247e-07	9.779274063870247e-07	1.7189815428590758e-06
4.979494749413493	4.979504653874756	-9.904461262699726e-06	9.904461262699726e-06	1.9890494439955617e-06
-0.22490567260517708	-0.22490624633064726	5.73725470187636e-07	5.73725470187636e-07	2.5509604250614596e-06
2.5505375668314847	2.5505425855953945	-5.018763909792057e-06	5.018763909792057e-06	1.9677278919780163e-06
-0.7315645092267455	-0.7315651600947604	6.508680148176182e-07	6.508680148176182e-07	8.896932623284001e-07
-1.0891302657545048	-1.0891316110246407	1.34527013595509e-06	1.34527013595509e-06	1.23517836043528e-06
0.6219344709012331	0.6219359502210864	-1.4793198532814245e-06	1.4793198532814245e-06	2.3785783269703172e-06
-0.4331101345987618	-0.4331104473749292	3.1277616741043346e-07	3.1277616741043346e-07	7.22163123013025e-07
-0.365707404971806	-0.36570832889992744	9.239281214545869e-07	9.239281214545869e-07	2.526413490385344e-06
5.7032965037627115	5.703311322577065	-1.4818814353390053e-05	1.4818814353390053e-05	2.598289312788392e-06
4.99391513128856	4.993926792849379	-1.166156081922054e-05	1.166156081922054e-05	2.3351539849279645e-06
-1.8866994691117074	-1.886699573333317	1.0422160956480298e-07	1.0422160956480298e-07	5.524017538091131e-08
1.613265104448226	1.6132656573972781	-5.529490521016811e-07	5.529490521016811e-07	3.427515109432696e-07
-1.0373081106912114	-1.037308390095859	2.7940464764064643e-07	2.7940464764064643e-07	2.6935550272952636e-07
-0.03685671300577364	-0.036855968573945574	-7.4443182806333e-07	7.4443182806333e-07	2.019799833877519e-05
-0.07376048444770619	-0.07376011581072817	-3.686369780264709e-07	3.686369780264709e-07	4.997757007518336e-06
-2.2488871945835838	-2.248891468752845	4.274169261186955e-06	4.274169261186955e-06	1.9005707673916405e-06
0.3336663718085163	0.33366614661645144	2.2519206488436083e-07	2.2519206488436083e-07	6.749018897642869e-07
-4.193127014243462	-4.193134608613036	7.594369574093207e-06	7.594369574093207e-06	1.8111470385457447e-06
0.7399497175508152	0.7399500673272996	-3.4977648444289855e-07	3.4977648444289855e-07	4.727030447428721e-07
-3.305501738920761	-3.3055077669814636	6.028060702600868e-06	6.028060702600868e-06	1.8236446926114813e-06
0.5956291336677616	0.5956291433903971	-9.722635474496144e-09	9.722635474496144e-09	1.6323304091299492e-08
0.1188134706022767	0.11881350019393722	-2.9591660510863704e-08	2.9591660510863704e-08	2.490598108182581e-07
8.396901835063906	8.396922853535216	-2.101847131008583e-05	2.101847131008583e-05	2.5031221899387447e-06
-6.713809995525333	-6.7138214226361015	1.1427110768735815e-05	1.1427110768735815e-05	1.7020307063130824e-06
-2.8657866111243493	-2.8657949060288956	8.294904546346515e-06	8.294904546346515e-06	2.894459941346481e-06
-0.6636609151919003	-0.6636609764427703	6.125087004260621e-08	6.125087004260621e-08	9.229241716742543e-08
-0.6002576103533359	-0.6002576556056738	4.525233787688876e-08	4.525233787688876e-08	7.538819516215946e-08
0.1499775318461796	0.1499775130469061	1.8799273499015e-08	1.8799273499015e-08	1.253472654710438e-07
0.354242212378427	0.3542425693012774	-3.569228503863542e-07	3.569228503863542e-07	1.0075672461221632e-06
0.028095855037395753	0.028096330424887128	-4.753874913755729e-07	4.753874913755729e-07	1.692020017695953e-05
8.166857612678914	8.166873070422298	-1.5457743383961997e-05	1.5457743383961997e-05	1.892740649716251e-06
-0.01637431403484307	-0.01637457899050787	2.6495566480058685e-07	2.6495566480058685e-07	1.6181176459470913e-05
1.7530143592107261	1.7530180898575054	-3.7306467792763698e-06	3.7306467792763698e-06	2.128132470606829e-06
0.18565241224641765	0.18565176651463844	6.457317792141204e-07	6.457317792141204e-07	3.4781760786228642e-06
-9.356603655548415	-9.356621339520643	1.7683972227899858e-05	1.7683972227899858e-05	1.8899990721968178e-06
0.9113961573597482	0.9113957116824167	4.4567733148426214e-07	4.4567733148426214e-07	4.890050587610097e-07
-0.8873696425140781	-0.8873693609530164	-2.815610616879738e-07	2.815610616879738e-07	3.172985058292738e-07
-1.9233035843040212	-1.923307123433915	3.539129893814774e-06	3.539129893814774e-06	1.8401306599215152e-06
7.320109903498944	7.320124354009749	-1.4450510805730232e-05	1.4450510805730232e-05	1.9740838588807287e-06
-5.5335067402980265	-5.5335155789180135	8.838619987017182e-06	8.838619987017182e-06	1.597290904635484e-06
0.3004250983592382	0.30042525213502813	-1.5377578993502894e-07	1.5377578993502894e-07	5.118606626905354e-07
0.7902817874568175	0.7902818551883684	-6.7731550812411e-08	6.7731550812411e-08	8.570556969353412e-08
1.2969573213217762	1.2969573317604954	-1.0438719222349846e-08	1.0438719222349846e-08	8.04862199452436e-09
-0.9510741678968861	-0.9510731470072642	-1.0208896219499053e-06	1.0208896219499053e-06	1.0734069501723534e-06
0.15178889942384627	0.15178954618022544	-6.467563791745512e-07	6.467563791745512e-07	4.26089379150571e-06
0.10277190831934566	0.10277208775733016	-1.794379844988203e-07	1.794379844988203e-07	1.7459828024332124e-06
-0.6877194551079038	-0.6877195737615693	1.186536655595205e-07	1.186536655595205e-07	1.725320763841175e-07
-7.408933770801074	-7.408947838484892	1.406768381784218e-05	1.406768381784218e-05	1.898746061583588e-06
0.3123897299493461	0.31238965812008246	7.182926364812658e-08	7.182926364812658e-08	2.2993477941728005e-07
1.9871711330514443	1.9871747654178762	-3.63236643186049e-06	3.63236643186049e-06	1.8279082115503206e-06
0.36713315149145104	0.3671326203402714	5.311511796501911e-07	5.311511796501911e-07	1.4467535211473794e-06
-0.6412746623988154	-0.641274704321404	4.192258862278919e-08	4.192258862278919e-08	6.537384225656041e-08
4.650208805498989	4.6502195655193646	-1.0760020375144563e-05	1.0760020375144563e-05	2.313878973008818e-06
2.5886735514202734	2.588683423709881	-9.872289607582019e-06	9.872289607582019e-06	3.8136479596531575e-06
0.27661280554453976	0.27661317653837614	-3.709938363738452e-07	3.709938363738452e-07	1.3412026809225516e-06
0.736199056169383	0.7361989696619275	8.65074554212697e-08	8.65074554212697e-08	1.1750552339932132e-07
0.17423555120870649	0.17423564713681117	-9.592810468195268e-08	9.592810468195268e-08	5.505656223226571e-07
2.9516939174300587	2.9516941972360655	-2.798060068087693e-07	2.798060068087693e-07	9.479506162765924e-08
0.6893682107248205	0.6893691538607527	-9.43135932240935e-07	9.43135932240935e-07	1.3681163673754207e-06
-0.5321059842338548	-0.5321061671565985	1.8292274372999628e-07	1.8292274372999628e-07	3.437712582642253e-07
1.2285173796187294	1.2285197044548113	-2.3248360818683977e-06	2.3248360818683977e-06	1.892391691349056e-06
0.24982222856414316	0.24982054583233548	1.682731807672866e-06	1.682731807672866e-06	6.7357169029529166e-06
-2.618711709239387	-2.618716177494207	4.468254819922635e-06	4.468254819922635e-06	1.7062797726674744e-06
0.023325774935593707	0.023323329969571205	2.444966022502326e-06	2.444966022502326e-06	0.00010481821201024525
-6.848023283861655	-6.8480361337606155	1.2849898960887174e-05	1.2849898960887174e-05	1.8764391457560895e-06
0.5378639513838127	0.5378628457037848	1.105680027868594e-06	1.105680027868594e-06	2.05568717707128e-06
-0.23079086702329787	-0.23079096263245447	9.560915659179159e-08	9.560915659179159e-08	4.142675047108343e-07
-1.2098905014776613	-1.209887102504581	-3.3989730803263285e-06	3.3989730803263285e-06	2.809322890108734e-06
-1.6403317806041582	-1.6403327640546195	9.834504612893369e-07	9.834504612893369e-07	5.995436245996024e-07
-1.0198791980893285	-1.019878598071955	-6.000173735642989e-07	6.000173735642989e-07	5.883220039082952e-07
-0.5055721656615293	-0.5055722972429066	1.3158137734947672e-07	1.3158137734947672e-07	2.6026230533737076e-07
1.1175863087834017	1.1175863787684648	-6.998506307809294e-08	6.998506307809294e-08	6.262161814981278e-08
-0.2291227144616736	-0.22912253234608215	-1.821155914405459e-07	1.821155914405459e-07	7.9483866044634e-07
0.3377431551212284	0.3377416123839794	1.5427372490051106e-06	1.5427372490051106e-06	4.567782427600541e-06
0.3951655839327798	0.3951660582970362	-4.743642564308814e-07	4.743642564308814e-07	1.2004189527587347e-06
-1.3267236377266545	-1.3267263548186747	2.71709202026571e-06	2.71709202026571e-06	2.0479713657031516e-06
0.5050784821428048	0.5050774570918293	1.02505097554495e-06	1.02505097554495e-06	2.029488508788084e-06
7.475967378163402	7.475982275991555	-1.48978281533374e-05	1.48978281533374e-05	1.9927625950927177e-06
0.6838912950410766	0.683890999880532	2.9516054456113494e-07	2.9516054456113494e-07	4.315898545592786e-07
2.0998609245629725	2.099864936553786	-4.0119908133462445e-06	4.0119908133462445e-06	1.9105983479268887e-06
0.13722410511982622	0.1372250089843874	-9.038645611691987e-07	9.038645611691987e-07	6.5867768667897675e-06
0.37868337976828487	0.3786837137340626	-3.339657777545746e-07	3.339657777545746e-07	8.819129531349572e-07
5.191674706075659	5.191687621390884	-1.2915315224404367e-05	1.2915315224404367e-05	2.4876973145659465e-06
1.7179960928169344	1.7179947599288425	1.3328880918983543e-06	1.3328880918983543e-06	7.758388377431448e-07
0.49608965336072197	0.49608825702307513	1.396337646841772e-06	1.396337646841772e-06	2.814688106035649e-06
-1.0612898448299295	-1.0612902128741553	3.680442257625316e-07	3.680442257625316e-07	3.4678954816675013e-07
-0.14545191619912098	-0.1454517814636347	-1.3473548629572285e-07	1.3473548629572285e-07	9.263232126228743e-07
-0.2285658432329638	-0.22856621853861725	3.7530565344390254e-07	3.7530565344390254e-07	1.6420023575498786e-06
0.9802221884673319	0.9802217136893887	4.7477794318240285e-07	4.7477794318240285e-07	4.843574740179695e-07
-0.7730419440237354	-0.7730416027698084	-3.412539270053472e-07	3.412539270053472e-07	4.414429639213333e-07
0.020650950338496347	0.020650839815061772	1.1052343457454428e-07	1.1052343457454428e-07	5.351978129961054e-06
0.19255712481532541	0.19255654615335516	5.786619702574658e-07	5.786619702574658e-07	3.0051444256474e-06
1.4795401566404238	1.4795429829064233	-2.8262659994560124e-06	2.8262659994560124e-06	1.9102327076228772e-06
-0.2311609386044402	-0.2311626476512174	1.7090467772096218e-06	1.7090467772096218e-06	7.393319942060462e-06
-6.645128881837724	-6.645141330409388	1.2448571663270513e-05	1.2448571663270513e-05	1.8733378817218417e-06
0.0159185457212993	0.015919246379780816	-7.00658481515154e-07	7.00658481515154e-07	4.401523190511432e-05
-0.44476858325613694	-0.4447676606105233	-9.226456136324224e-07	9.226456136324224e-07	2.0744397162177295e-06
1.3969661323103553	1.3969733281555818	-7.195845226570796e-06	7.195845226570796e-06	5.151052026343714e-06
-1.687958786575358	-1.6879612503544195	2.463779061434579e-06	2.463779061434579e-06	1.459620389448759e-06
5.500273482117875	5.500288052644464	-1.4570526588819632e-05	1.4570526588819632e-05	2.6490549308485046e-06
0.8912263884099082	0.8912265129765728	-1.245666646498833e-07	1.245666646498833e-07	1.397699465251813e-07
0.9857591601766007	0.985759253580909	-9.340430828785884e-08	9.340430828785884e-08	9.475368027127972e-08
1.3392822474980592	1.3392821783781983	6.911986094593203e-08	6.911986094593203e-08	5.1609629766284345e-08
-0.24889474115761398	-0.24889622909540776	1.4879377937815352e-06	1.4879377937815352e-06	5.978180924438618e-06
1.022109177890729	1.022107140670414	2.0372203148877333e-06	2.0372203148877333e-06	1.9931533332787736e-06
-5.336477942359158	-5.336488053671928	1.011131277017796e-05	1.011131277017796e-05	1.894753970576319e-06
2.3103077913036856	2.310304474121949	3.3171817364063827e-06	3.3171817364063827e-06	1.4358180970053897e-06
6.630685450321548	6.630698136177671	-1.2685856122907069e-05	1.2685856122907069e-05	1.913204331279488e-06
0.2910400302685401	0.29103975793987047	2.723286696149074e-07	2.723286696149074e-07	9.357086355565321e-07
-0.8518189180555176	-0.8518215704498289	2.652394311297712e-06	2.652394311297712e-06	3.1138006624136064e-06
-1.1720240439831906	-1.1720213860826334	-2.657900557201387e-06	2.657900557201387e-06	2.267786715508293e-06
-1.3341046206197742	-1.3341033723008877	-1.248318886482025e-06	1.248318886482025e-06	9.356978959432008e-07
-0.5708359459530113	-0.5708425778720994	6.631919088007088e-06	6.631919088007088e-06	1.1617907272701775e-05
-4.6898695228466405	-4.689881715876254	1.2193029613527528e-05	1.2193029613527528e-05	2.5998654235750777e-06
0.5449665912228455	0.5449632449199271	3.346302918427746e-06	3.346302918427746e-06	6.140381763438026e-06
-2.3599765148380643	-2.35997681693334	3.0209527590585594e-07	3.0209527590585594e-07	1.2800774669004915e-07
-0.02310308141437899	-0.02310303989361273	-4.152076625921208e-08	4.152076625921208e-08	1.7971960326197102e-06
-1.5652800010585644	-1.5652801844225905	1.833640261850178e-07	1.833640261850178e-07	1.1714455309019008e-07
-0.11392110851256854	-0.11392056057957234	-5.479329961977086e-07	5.479329961977086e-07	4.80975829108314e-06
-0.180822977472279	-0.18082316364598228	1.8617370328710692e-07	1.8617370328710692e-07	1.0295909617772345e-06
4.693823460629822	4.69383233530607	-8.87467624721694e-06	8.87467624721694e-06	1.890713683983787e-06
-0.618865099680076	-0.6188631105032982	-1.9891767777391323e-06	1.9891767777391323e-06	3.2142332452863194e-06
-0.6708106706739139	-0.6708113560307538	6.853568399467491e-07	6.853568399467491e-07	1.021684463155933e-06
-0.163987257826116	-0.1639860915929603	-1.1662331557138472e-06	1.1662331557138472e-06	7.111730333038823e-06
2.7321597383257537	2.732164942244708	-5.203918954421738e-06	5.203918954421738e-06	1.9046905938269405e-06
0.4738176526598289	0.47381752665387467	1.2600595422629368e-07	1.2600595422629368e-07	2.659376524258753e-07
0.42572932104064654	0.4257298182892555	-4.972486089549477e-07	4.972486089549477e-07	1.167992394180134e-06
-1.3007258650214926	-1.3007278507757292	1.985754236599746e-06	1.985754236599746e-06	1.5266508416567347e-06
2.8871314776741692	2.8871367539977655	-5.276323596259402e-06	5.276323596259402e-06	1.8275314571090927e-06
-1.34135079153797	-1.3413546221272554	3.830589285325203e-06	3.830589285325203e-06	2.8557699518208166e-06
1.5669333704924986	1.5669335766688164	-2.0617631779629164e-07	2.0617631779629164e-07	1.315795053439247e-07
-0.9461193398615926	-0.9461190984438872	-2.4141770538221863e-07	2.4141770538221863e-07	2.55166230316712e-07
0.614466807426573	0.6144669150671689	-1.0764059588108665e-07	1.0764059588108665e-07	1.7517723427876027e-07
-0.44463219440662743	-0.44463219319368363	-1.2129438009544913e-09	1.2129438009544913e-09	2.727971155064906e-09
1.0156508234501425	1.0156498115065915	1.011943550954797e-06	1.011943550954797e-06	9.963498552753082e-07
-1.4293760189341933	-1.4293787689894089	2.7500552155501623e-06	2.7500552155501623e-06	1.923955053898782e-06
-0.7479442307584903	-0.7479436221728974	-6.085855928095185e-07	6.085855928095185e-07	8.136777687186007e-07
4.13845849713658	4.13846670608109	-8.208944509924265e-06	8.208944509924265e-06	1.9835754099271686e-06
-1.0401448944406122	-1.0401429290141095	-1.9654265026591844e-06	1.9654265026591844e-06	1.8895699177720685e-06
-1.268369939914414	-1.268372775939497	2.8360250829972955e-06	2.8360250829972955e-06	2.2359604983926556e-06
0.07589127456937181	0.07589163806187571	-3.634925039019965e-07	3.634925039019965e-07	4.789648163962906e-06
0.42868871753143556	0.42868920900218654	-4.914707509851013e-07	4.914707509851013e-07	1.1464513314350568e-06
1.5824112269092276	1.5824148399588012	-3.613049573525373e-06	3.613049573525373e-06	2.283255775796281e-06
0.5982609057247587	0.598259375692578	1.5300321806188677e-06	1.5300321806188677e-06	2.557466426400237e-06
-5.786411363103243	-5.786421482753212	1.011964996955328e-05	1.011964996955328e-05	1.748864595780506e-06
0.5014094000239112	0.5014096454942774	-2.4547036614475104e-07	2.4547036614475104e-07	4.895607584003113e-07
-1.7187855204992484	-1.7187855864904122	6.599116386674098e-08	6.599116386674098e-08	3.839406550712203e-08
-1.2536848839498702	-1.2536850322248938	1.4827502359260336e-07	1.4827502359260336e-07	1.1827136586783021e-07
0.2652324091242577	0.2652324978953402	-8.877108248483978e-08	8.877108248483978e-08	3.346916871054463e-07
0.7139558847531863	0.7139565873330866	-7.025799003690381e-07	7.025799003690381e-07	9.840662642789464e-07
7.4559310780816785	7.455945733909175	-1.4655827496490303e-05	1.4655827496490303e-05	1.9656602700599362e-06
0.12004366688274638	0.12004412064925418	-4.5376650779915817e-07	4.5376650779915817e-07	3.780012053800208e-06
-4.339761321314663	-4.339769598573184	8.277258521260933e-06	8.277258521260933e-06	1.9073073167889026e-06
0.3305286911387446	0.3305281570646912	5.340740534265365e-07	5.340740534265365e-07	1.61581753035276e-06
-3.66170502809641	-3.66171206405852	7.035962109824823e-06	7.035962109824823e-06	1.921498879849033e-06
0.6323042744194068	0.6323036527646764	6.216547304704889e-07	6.216547304704889e-07	9.831575645148114e-07
0.29158593098183955	0.2915859327004	-1.7185604606062554e-09	1.7185604606062554e-09	5.893838755592396e-09
-1.1164431004325341	-1.1164463430759497	3.242643415557467e-06	3.242643415557467e-06	2.904441269153078e-06
-1.6780853332170027	-1.6780888399807736	3.50676377092185e-06	3.50676377092185e-06	2.0897410289613505e-06
-4.716174983469722	-4.716185285360552	1.030189083017774e-05	1.030189083017774e-05	2.1843741731988427e-06
-0.9089988269148689	-0.9089991121982166	2.8528334772293107e-07	2.8528334772293107e-07	3.138434718240279e-07
-0.7557605606943931	-0.7557607391390775	1.7844468436223337e-07	1.7844468436223337e-07	2.3611272358308606e-07
0.1999618522189092	0.19996184437331976	7.845589428123745e-09	7.845589428123745e-09	3.92354308637567e-08
0.23310428344862	0.23310453252634034	-2.490777203378869e-07	2.490777203378869e-07	1.0685248535674709e-06
0.23437765109693773	0.23437846266460838	-8.115676706499375e-07	8.115676706499375e-07	3.4626495608759052e-06
-0.7004635420722467	-0.7004639905971999	4.4852495317826424e-07	4.4852495317826424e-07	6.403259074003352e-07
-0.2526759069894113	-0.2526749644857773	-9.425036339716364e-07	9.425036339716364e-07	3.7300890504417315e-06
-4.2869369276717935	-4.286944939849491	8.012177697303002e-06	8.012177697303002e-06	1.8689749423615528e-06
1.1531768957886985	1.1531755121723108	1.383616387684583e-06	1.383616387684583e-06	1.1998301325125654e-06
4.002524062396516	4.002532604317821	-8.541921305393885e-06	8.541921305393885e-06	2.1341336547217156e-06
-0.03790147239142482	-0.03790262553593493	1.1531445101090054e-06	1.1531445101090054e-06	3.0424794535684145e-05
0.493021706179538	0.49302280240226537	-1.0962227273703107e-06	1.0962227273703107e-06	2.2234776149411805e-06
-5.836693463537823	-5.836708049173467	1.4585635644159822e-05	1.4585635644159822e-05	2.498955227866115e-06
-7.004414110650521	-7.004433567090018	1.9456439496856603e-05	1.9456439496856603e-05	2.777739749463446e-06
4.926907692488396	4.92691779118104	-1.009869264390062e-05	1.009869264390062e-05	2.049702018833673e-06
-0.807668598177126	-0.8076688582150382	2.600379122030816e-07	2.600379122030816e-07	3.2196115187587606e-07
-1.5367292603682854	-1.5367294777206553	2.17352369880075e-07	2.17352369880075e-07	1.4143829722353654e-07
3.3158613318889163	3.3158617993649386	-4.6747602233665475e-07	4.6747602233665475e-07	1.4098177684359073e-07
-0.18413299825048007	-0.18413215957480134	-8.386756787381877e-07	8.386756787381877e-07	4.5547277604056565e-06
-0.06587404537073041	-0.06587351435882738	-5.310119030321747e-07	5.310119030321747e-07	8.061018570268608e-06
-5.242590568266838	-5.242600551810028	9.983543190372757e-06	9.983543190372757e-06	1.9043148726514502e-06
0.2203586699710785	0.22035800611774903	6.638533294744953e-07	6.638533294744953e-07	3.012603631895329e-06
9.776789656115108	9.776808470178366	-1.8814063258432157e-05	1.8814063258432157e-05	1.9243600323000187e-06
-0.41436527602567597	-0.4143661703892576	8.943635816383022e-07	8.943635816383022e-07	2.1583941352819425e-06
4.478047842604467	4.478056636344263	-8.793739795898148e-06	8.793739795898148e-06	1.9637440476258156e-06
0.5470301694893552	0.5470302162393637	-4.6750008420026745e-08	4.6750008420026745e-08	8.546148097035891e-08
-0.023852873310184652	-0.023853618131397525	7.448212128724485e-07	7.448212128724485e-07	3.1225639074451724e-05
3.7117704852918063	3.711778905653773	-8.42036196679885e-06	8.42036196679885e-06	2.2685567440565686e-06
6.34682024034462	6.346834558371484	-1.4318026863691102e-05	1.4318026863691102e-05	2.255937039570804e-06
-0.6015672691157637	-0.6015619765094016	-5.292606362172769e-06	5.292606362172769e-06	8.798029138041878e-06
-1.5592888143228893	-1.5592887757520657	-3.857082364611131e-08	3.857082364611131e-08	2.473616387921081e-08
1.5940649884223939	1.5940654702717438	-4.818493499758603e-07	4.818493499758603e-07	3.022771050587683e-07
0.9650898900601893	0.9650898837207933	6.339396008137044e-09	6.339396008137044e-09	6.568710410738711e-09
1.7714431220029272	1.7714403657009825	2.7563019446841253e-06	2.7563019446841253e-06	1.5559641235150934e-06
0.5475645744252761	0.5475646457853145	-7.13600384338875e-08	7.13600384338875e-08	1.3032259895335087e-07
4.29621852319537	4.296226303722506	-7.780527135459181e-06	7.780527135459181e-06	1.8110175479789862e-06
-0.49659910932116275	-0.496597445817315	-1.6635038477263997e-06	1.6635038477263997e-06	3.3497922499304587e-06
-0.5691255523579261	-0.5691271826435695	1.6302856434835533e-06	1.6302856434835533e-06	2.864544803390339e-06
0.44504749791405906	0.445047247922048	2.499920110921039e-07	2.499920110921039e-07	5.617198439802904e-07
-5.149649737297805	-5.149659155449626	9.418151821094511e-06	9.418151821094511e-06	1.8288917308066342e-06
0.2869419246447987	0.28694188313238556	4.15124131181166e-08	4.15124131181166e-08	1.446718292194639e-07
0.2515525645637645	0.251551149176521	1.415387243519639e-06	1.415387243519639e-06	5.626606295881596e-06
-0.3042615904027601	-0.30426157672991394	-1.3672846133072625e-08	1.3672846133072625e-08	4.49377988032386e-08
7.948045387412709	7.948061482693447	-1.6095280738426254e-05	1.6095280738426254e-05	2.025061503035236e-06
1.3916236916398614	1.3916291891291621	-5.497489300676506e-06	5.497489300676506e-06	3.950413702858403e-06
0.9422451862669015	0.9422456105312449	-4.2426434343489916e-07	4.2426434343489916e-07	4.502695791058375e-07
-0.08918808580179428	-0.08918813955460791	5.375281363073636e-08	5.375281363073636e-08	6.026905179935476e-07
-0.11956762957181244	-0.11956791013290058	2.805610881395637e-07	2.805610881395637e-07	2.3464635800198616e-06
0.6402761587187642	0.6402760477612901	1.1095747409761714e-07	1.1095747409761714e-07	1.732962762812386e-07
0.7454804958041383	0.7454787687493081	1.7270548302583677e-06	1.7270548302583677e-06	2.316700222177403e-06
-2.4530769509174903	-2.453081329804263	4.3788867727379e-06	4.3788867727379e-06	1.7850588711047672e-06
-0.6573785829522094	-0.6573779746759101	-6.082762993298019e-07	6.082762993298019e-07	9.253059273670051e-07
-7.194577070876079	-7.194591282313922	1.4211437843414387e-05	1.4211437843414387e-05	1.9752985760542934e-06
-1.1718536372143045	-1.1718534342435305	-2.029707739659159e-07	2.029707739659159e-07	1.7320488456938357e-07
-0.9543643777728777	-0.9543659457449394	1.5679720616335047e-06	1.5679720616335047e-06	1.642949064478447e-06
-0.05836400821794065	-0.05836428499605972	2.7677811907655947e-07	2.7677811907655947e-07	4.742274006319532e-06
0.4696123773215935	0.46961171756265685	6.597589366497125e-07	6.597589366497125e-07	1.404901081212145e-06
4.0999946125777775	4.100005535292439	-1.0922714661631971e-05	1.0922714661631971e-05	2.6640802473553897e-06
-7.44547875643718	-7.445491520229552	1.2763792372361138e-05	1.2763792372361138e-05	1.7143010933079184e-06
-0.3008069867679978	-0.30080655187703087	-4.348909669049661e-07	4.348909669049661e-07	1.4457475591828016e-06
0.9601685584631501	0.9601689416740555	-3.8321090545245795e-07	3.8321090545245795e-07	3.9910795044760366e-07
-0.9630393245314788	-0.9630396139073127	2.893758339617136e-07	2.893758339617136e-07	3.004818459542093e-07
1.4489496803658855	1.4489497971226228	-1.1675673738942294e-07	1.1675673738942294e-07	8.058025683813933e-08
-0.2787148940391777	-0.2787161733976973	1.2793585195680635e-06	1.2793585195680635e-06	4.590205069515337e-06
0.548855902524184	0.5488552387760137	6.63748170315337e-07	6.63748170315337e-07	1.2093304768387553e-06
-1.3126763667756414	-1.3126788135195966	2.446743955220043e-06	2.446743955220043e-06	1.8639354049087052e-06
0.634979757247375	0.6349796353788406	1.2186853437512468e-07	1.2186853437512468e-07	1.9192507002651931e-07
8.533354138885041	8.533370684290276	-1.6545405234325017e-05	1.6545405234325017e-05	1.9389099485430263e-06
-0.6208493339308436	-0.6208492100086005	-1.239222431337339e-07	1.239222431337339e-07	1.9960115338955584e-07
-3.012334327124789	-3.0123403239485924	5.996823803311457e-06	5.996823803311457e-06	1.990756387600344e-06
0.018593961208141798	0.018593736967886798	2.2424025499998002e-07	2.2424025499998002e-07	1.2059843111955682e-05
-0.9995205226215738	-0.9995203972721356	-1.253494381625586e-07	1.253494381625586e-07	1.254095692140349e-07
-0.09158947396211534	-0.09159661158264498	7.137620529645838e-06	7.137620529645838e-06	7.793057674507675e-05
-3.2850748526401565	-3.285081097146758	6.2445066015826e-06	6.2445066015826e-06	1.9008719379906978e-06
-0.7117993277909433	-0.7117969244063715	-2.4033845718030022e-06	2.4033845718030022e-06	3.3764917694736573e-06
0.2843938928282685	0.28439385641831905	3.640994944431597e-08	3.640994944431597e-08	1.2802648144874951e-07
0.4460853402338735	0.44608526513911784	7.50947556360515e-08	7.50947556360515e-08	1.6834168008453462e-07
2.0014206192670674	2.001420979922841	-3.60655773690155e-07	3.60655773690155e-07	1.8019988912786829e-07
-0.5048447844465248	-0.504843526869081	-1.2575774438472465e-06	1.2575774438472465e-06	2.491017997196828e-06
-1.0186615826924688	-1.0186607987634488	-7.839290199207483e-07	7.839290199207483e-07	7.695676692240728e-07
2.436467286618048	2.436471731925849	-4.445307800970966e-06	4.445307800970966e-06	1.8244890154635732e-06
-0.11110919782765538	-0.11110857394669438	-6.238809610037421e-07	6.238809610037421e-07	5.615025337249411e-06
1.8977964109207779	1.8977999666276446	-3.555706866720243e-06	3.555706866720243e-06	1.8735976347405334e-06
0.4976846090606751	0.4976835252819001	1.0837787750017647e-06	1.0837787750017647e-06	2.1776417338829863e-06
5.371348113263678	5.371358123738901	-1.0010475222976822e-05	1.0010475222976822e-05	1.8636802180550481e-06
-1.6201887223869267	-1.6201891912714927	4.6888456606275497e-07	4.6888456606275497e-07	2.8940120344250733e-07
-0.43742085411684634	-0.4374222162368824	1.3621200360414143e-06	1.3621200360414143e-06	3.113980559503816e-06
-0.15133143281418446	-0.15133031683944864	-1.1159747358158167e-06	1.1159747358158167e-06	7.374375006321986e-06
2.9035514742929074	2.903556698583998	-5.224291090399902e-06	5.224291090399902e-06	1.7992762093780883e-06
-2.8164725838245266	-2.816476585849159	4.002024632576706e-06	4.002024632576706e-06	1.42093505740514e-06
2.249295033809496	2.249295237561455	-2.0375195886046527e-07	2.0375195886046527e-07	9.058480803889154e-08
1.2927039980058306	1.2927043080708245	-3.1006499390251463e-07	3.1006499390251463e-07	2.398576892937838e-07
0.9088363881253103	0.9088364745366562	-8.641134585651855e-08	8.641134585651855e-08	9.50791000289528e-08
0.051423680079254894	0.05142282498127315	8.550979817417703e-07	8.550979817417703e-07	1.6628486728757675e-05
-0.5692629381482303	-0.5692624336006702	-5.045475600651272e-07	5.045475600651272e-07	8.863172468356761e-07
-2.356447160274361	-2.3564521197840804	4.959509719348887e-06	4.959509719348887e-06	2.1046556031290136e-06
0.08190522859473445	0.08190478638425702	4.4221047743042696e-07	4.4221047743042696e-07	5.399050646918724e-06
-4.768790351882416	-4.768800010424457	9.658542040824614e-06	9.658542040824614e-06	2.0253652033606457e-06
-1.0955953490963577	-1.0955962347907189	8.856943611856849e-07	8.856943611856849e-07	8.084137650969419e-07
-1.4941289229942176	-1.494131664003362	2.7410091443247353e-06	2.7410091443247353e-06	1.8345198343606011e-06
-0.56468392604555	-0.5646843105751032	3.8452955319900894e-07	3.8452955319900894e-07	6.809642270001343e-07
-0.6804462207785816	-0.6804461099818582	-1.1079672346259173e-07	1.1079672346259173e-07	1.6282950816570876e-07
-3.368168188539098	-3.3681705940580287	2.405518930714834e-06	2.405518930714834e-06	7.141920462582952e-07
6.564844796100329	6.564859025274927	-1.4229174598590077e-05	1.4229174598590077e-05	2.167480731157961e-06
1.8387200109943926	1.8387200975666929	-8.657230021746898e-08	8.657230021746898e-08	4.7082916213355435e-08
-1.627972319457978	-1.6279730166388617	6.971808836908622e-07	6.971808836908622e-07	4.2825106751384057e-07
-0.25326970955355094	-0.2532698258619348	1.1630838386844644e-07	1.1630838386844644e-07	4.592273749334971e-07
-0.39482757304698407	-0.39482759621023433	2.3163250262303592e-08	2.3163250262303592e-08	5.866674934464921e-08
0.6658360330019768	0.6658351039732224	9.290287543706199e-07	9.290287543706199e-07	1.3952815833381936e-06
-0.35951690776222534	-0.35951738254880183	4.7478657649868694e-07	4.7478657649868694e-07	1.3206237766505763e-06
-1.0825873820281648	-1.0825892295542872	1.847526122311649e-06	1.847526122311649e-06	1.70658383145979e-06
0.6986119176452482	0.69861106294411	8.547011381976333e-07	8.547011381976333e-07	1.223427652191365e-06
-3.1940328628893293	-3.1940385670168325	5.704127503225465e-06	5.704127503225465e-06	1.7858700107629757e-06
-0.297215136086109	-0.29721482314926106	-3.1293684793487486e-07	3.1293684793487486e-07	1.0528967402394034e-06
-3.1466317233732073	-3.1466376758544357	5.952481228366224e-06	5.952481228366224e-06	1.8916993635293074e-06
0.9534168198337829	0.9534171149425674	-2.95108784520437e-07	2.95108784520437e-07	3.0952756274206046e-07
0.044201837371559576	0.0442027962890279	-9.589174683258261e-07	9.589174683258261e-07	2.1694063535531094e-05
1.0754344280568917	1.0754417398857186	-7.311828826850331e-06	7.311828826850331e-06	6.798953647096303e-06
1.3277471381290336	1.3277472339723317	-9.584329818679294e-08	9.584329818679294e-08	7.218490285872389e-08
-5.260512138070126	-5.260521430500376	9.29243024927473e-06	9.29243024927473e-06	1.7664497306309334e-06
-0.4003875219426656	-0.4003875674243318	4.548166621098915e-08	4.548166621098915e-08	1.1359411499717516e-07
1.1666836605653845	1.1666837526718155	-9.210643092671944e-08	9.210643092671944e-08	7.894721940485898e-08
1.2477257783335436	1.247726001565752	-2.232322084960714e-07	2.232322084960714e-07	1.789112739132626e-07
0.6398390861625306	0.6398373088813969	1.7772811337080086e-06	1.7772811337080086e-06	2.7777001626570643e-06
0.17467765436189184	0.17467762154410593	3.281778590547013e-08	3.281778590547013e-08	1.8787626857800165e-07
-0.504746272029173	-0.5047470576755586	7.856463856148466e-07	7.856463856148466e-07	1.5565174606568235e-06
0.4533020823330589	0.4533000687843014	2.013548757506811e-06	2.013548757506811e-06	4.441957881912789e-06
3.86187457298752	3.8618820117335417	-7.438746021826148e-06	7.438746021826148e-06	1.9262008336204417e-06
0.24689811412762003	0.24689696101631853	1.153111301499532e-06	1.153111301499532e-06	4.67039331415669e-06
-0.20210603101975694	-0.20210612819937523	9.717961829691646e-08	9.717961829691646e-08	4.808348261879263e-07
-0.5495004660840196	-0.5495005125339958	4.644997619873692e-08	4.644997619873692e-08	8.453127716116374e-08
-0.40214751849938934	-0.4021474219371157	-9.656227362153658e-08	9.656227362153658e-08	2.4011654723584524e-07
4.004997993207601	4.005007542218664	-9.549011062759405e-06	9.549011062759405e-06	2.3842736198505823e-06
1.0979777434555578	1.0979829412463005	-5.197790742705877e-06	5.197790742705877e-06	4.7339673082510575e-06
1.793160304394608	1.7931671081896638	-6.803795055798645e-06	6.803795055798645e-06	3.7943038551122098e-06
-0.4145653463455127	-0.4145654006606492	5.431513649956088e-08	5.431513649956088e-08	1.3101706878869906e-07
1.2478616742366453	1.2478620142246655	-3.399880201815364e-07	3.399880201815364e-07	2.7245649674233114e-07
0.9010937697330876	0.9010936078084342	1.6192465346343e-07	1.6192465346343e-07	1.7969789482774205e-07
0.6573305149355786	0.6573302975994011	2.1733617749930545e-07	2.1733617749930545e-07	3.3063454770634736e-07
0.32840161632833115	0.32840130597833195	3.10349999199655e-07	3.10349999199655e-07	9.450318870823449e-07
3.9490023852104863	3.949009927964653	-7.54275416658956e-06	7.54275416658956e-06	1.9100404180149724e-06
1.0654011230497555	1.065400930656324	1.9239343163057754e-07	1.9239343163057754e-07	1.8058309444976297e-07
-0.21953698425706325	-0.21953708983346587	1.0557640262032209e-07	1.0557640262032209e-07	4.809048597328782e-07
0.0816450699033394	0.08164474320437876	3.2669896064818627e-07	3.2669896064818627e-07	4.001453621571629e-06
-6.744758775485254	-6.744771130797744	1.2355312490441861e-05	1.2355312490441861e-05	1.8318390474317524e-06
1.1061143351093736	1.1061127406719606	1.5944374129883698e-06	1.5944374129883698e-06	1.441476131697281e-06
-0.2073110973364704	-0.20731131962747895	2.2229100854476158e-07	2.2229100854476158e-07	1.0722581251112596e-06
3.5829653264803465	3.5829686257784488	-3.2992981022772483e-06	3.2992981022772483e-06	9.208289228738496e-07
4.275102722638717	4.2751125556605984	-9.833021881178183e-06	9.833021881178183e-06	2.3000668098821628e-06
4.091474564286386	4.091484297532588	-9.733246201903967e-06	9.733246201903967e-06	2.378909131407881e-06
-4.8654438155592254	-4.865444046117773	2.305585473649785e-07	2.305585473649785e-07	4.738695093501527e-08
-1.5631012173219698	-1.5631015144208504	2.9709888060835965e-07	2.9709888060835965e-07	1.900701485712955e-07
-0.9503730952880552	-0.9503736146143638	5.193263085123689e-07	5.193263085123689e-07	5.464446658761554e-07
0.8510685183526825	0.8510693955940951	-8.772414126223538e-07	8.772414126223538e-07	1.030752981346709e-06
1.717824951240086	1.7178241346300638	8.16610022269515e-07	8.16610022269515e-07	4.7537440976160566e-07
-1.4649725600692078	-1.464975148337544	2.5882683361011516e-06	2.5882683361011516e-06	1.7667691577642092e-06
1.3782262871213922	1.3782283085674862	-2.02144609406929e-06	2.02144609406929e-06	1.4667011600042456e-06
-7.47337594004865	-7.473389544884412	1.3604835761960032e-05	1.3604835761960032e-05	1.8204404369722457e-06
1.6104229552097624	1.6104227952382644	1.5997149804825028e-07	1.5997149804825028e-07	9.933508307909925e-08
-1.7489898910512605	-1.7489923293396714	2.4382884109552805e-06	2.4382884109552805e-06	1.3941123521815815e-06
1.296946985991349	1.296947442824603	-4.56833254114386e-07	4.56833254114386e-07	3.5223741529049146e-07
0.31878597091892263	0.31878562140263966	3.4951628297141824e-07	3.4951628297141824e-07	1.0963979436231567e-06
3.435395829376625	3.435411925693188	-1.6096316563185553e-05	1.6096316563185553e-05	4.685432876626137e-06
-3.3650514714575186	-3.3650608211246436	9.349667124958216e-06	9.349667124958216e-06	2.7784618465014317e-06
-7.425816066863675	-7.42582962357119	1.3556707514794653e-05	1.3556707514794653e-05	1.825618543837753e-06
-3.4311062612155325	-3.431106605603418	3.4438788532042963e-07	3.4438788532042963e-07	1.0037225871239088e-07
2.3797322321798826	2.379732521603728	-2.8942384533436893e-07	2.8942384533436893e-07	1.2162034090249342e-07
0.4470679767814305	0.4470683516046847	-3.7482325421223095e-07	3.7482325421223095e-07	8.384032712669114e-07
0.886754317375865	0.8867542546795448	6.269632013555793e-08	6.269632013555793e-08	7.070314618945699e-08
-0.889534315520506	-0.8895345322343928	2.16713886835862e-07	2.16713886835862e-07	2.4362622448022494e-07
4.550053620062041	4.550062123144016	-8.50308197541949e-06	8.50308197541949e-06	1.8687872024030235e-06
1.2502680175028258	1.2502674535426195	5.639602063123306e-07	5.639602063123306e-07	4.510714490151756e-07
1.413377620312016	1.413379967743822	-2.3474318058269716e-06	2.3474318058269716e-06	1.6608666870703347e-06
-1.0155811471005192	-1.0155808804483968	-2.666521223826379e-07	2.666521223826379e-07	2.625611189651648e-07
-3.930716489164567	-3.9307233178078604	6.828643293488312e-06	6.828643293488312e-06	1.7372515449313592e-06
-0.213646311498288	-0.21364566919146455	-6.423068234506779e-07	6.423068234506779e-07	3.0064025863410464e-06
-0.7556175192578716	-0.7556164878224081	-1.0314354634832767e-06	1.0314354634832767e-06	1.3650232256344443e-06
3.6267223273054348	3.626729390816763	-7.0635113282868645e-06	7.0635113282868645e-06	1.947629482165203e-06
0.9814171171278093	0.9814215168262308	-4.399698421475584e-06	4.399698421475584e-06	4.483005589256106e-06
-1.7714289416836941	-1.7714321234052477	3.1817215535578924e-06	3.1817215535578924e-06	1.7961327596543355e-06
2.5131284175087347	2.5131288148259046	-3.973171698312683e-07	3.973171698312683e-07	1.5809664443058146e-07
-0.5353886678646769	-0.5353892784114578	6.10546780910326e-07	6.10546780910326e-07	1.140380470407427e-06
1.1199044039427344	1.1199044702152605	-6.62725261335595e-08	6.62725261335595e-08	5.917694930053003e-08
-0.5566836963496805	-0.556682630758587	-1.0655910934742607e-06	1.0655910934742607e-06	1.914176938289406e-06
0.15186327882748332	0.15186181735771243	1.461469770897006e-06	1.461469770897006e-06	9.623588942506868e-06
10.085910575953598	10.085929157412465	-1.8581458867572564e-05	1.8581458867572564e-05	1.8423184230756213e-06
0.4433325102995353	0.4433323142620793	1.960374559906164e-07	1.960374559906164e-07	4.421905712670715e-07
-3.742215758882414	-3.742223228982766	7.470100352069409e-06	7.470100352069409e-06	1.9961704063531336e-06
-0.4876493773641654	-0.4876499624515418	5.850873763812992e-07	5.850873763812992e-07	1.1998115932061762e-06
-7.1226913567703365	-7.122705187157408	1.3830387071145367e-05	1.3830387071145367e-05	1.9417361188898296e-06
-0.007949205244965838	-0.007948701295390492	-5.039495753460937e-07	5.039495753460937e-07	6.339622136002093e-05
-0.37532195026716714	-0.3753222904379072	3.4017074007630654e-07	3.4017074007630654e-07	9.063438464874257e-07
0.9490059729828586	0.9490058228038833	1.501789752555993e-07	1.501789752555993e-07	1.5824871447707095e-07
-0.3915303740508958	-0.39152902900241315	-1.34504848264827e-06	1.34504848264827e-06	3.4353617798077257e-06
9.11118962891855	9.111211041272327	-2.1412353776284476e-05	2.1412353776284476e-05	2.350116137230041e-06
1.2345853212657922	1.2345857253421855	-4.0407639323447597e-07	4.0407639323447597e-07	3.272972602818456e-07
0.6000006752252471	0.6000007274451491	-5.22199019581393e-08	5.22199019581393e-08	8.703307198535294e-08
0.6532769519627531	0.653276882985665	6.897708815234438e-08	6.897708815234438e-08	1.0558628763054407e-07
-0.6789552569647697	-0.6789539620513096	-1.2949134600148682e-06	1.2949134600148682e-06	1.907214719573281e-06
-0.32123455263974654	-0.3212354013157892	8.486760426640316e-07	8.486760426640316e-07	2.6419201660905776e-06
-11.74444789630251	-11.744469844416017	2.1948113506198297e-05	2.1948113506198297e-05	1.8688076016845538e-06
-0.5028781140168573	-0.5028794057579944	1.2917411370549914e-06	1.2917411370549914e-06	2.568696272615455e-06
3.3107049897201333	3.3107101098721614	-5.120152028137426e-06	5.120152028137426e-06	1.546544329390778e-06
0.31475497425484233	0.3147565948893316	-1.6206344892744085e-06	1.6206344892744085e-06	5.14887649706294e-06
-0.9666673939814246	-0.9666689243204019	1.530338977207002e-06	1.530338977207002e-06	1.5831080956439178e-06
0.259154177978476	0.2591535744613793	6.03517096686712e-07	6.03517096686712e-07	2.3287955509512834e-06
-0.062233219165983	-0.06223480340850074	1.5842425177409192e-06	1.5842425177409192e-06	2.5456541361223273e-05
3.0571369991651176	3.057141071622027	-4.07245690947633e-06	4.07245690947633e-06	1.3321146257392092e-06
-2.850669813774791	-2.850673886769073	4.072994281845155e-06	4.072994281845155e-06	1.4287850041993429e-06
-1.491510214119122	-1.4915122374077328	2.02328861065304e-06	2.02328861065304e-06	1.3565368788627327e-06
0.5892171048508743	0.5892170484003145	5.6450559782206255e-08	5.6450559782206255e-08	9.580604384608522e-08
1.8903060025858631	1.8903064301412087	-4.275553455723724e-07	4.275553455723724e-07	2.2618313912535525e-07
1.489627134800956	1.4896273819431372	-2.471421811645058e-07	2.471421811645058e-07	1.6590875353350014e-07
2.236074728867255	2.2360750413099595	-3.1244270459751533e-07	3.1244270459751533e-07	1.3972820342895775e-07
-0.634830835948224	-0.6348313340822642	4.981340402387957e-07	4.981340402387957e-07	7.846720922035094e-07
-0.07735007207405478	-0.0773505998949986	5.278209438130954e-07	5.278209438130954e-07	6.823793820227612e-06
-0.8264180473720453	-0.8264171433438605	-9.040281847561005e-07	9.040281847561005e-07	1.0939114745023421e-06
4.218531715480476	4.218539932935528	-8.217455051529043e-06	8.217455051529043e-06	1.9479419868704492e-06
-0.7426326167911617	-0.7426322104038263	-4.063873353388203e-07	4.063873353388203e-07	5.472252714872365e-07
-0.5721094109895247	-0.5721098241338041	4.1314427934313613e-07	4.1314427934313613e-07	7.221420787827257e-07
-0.5894621404826921	-0.5894624296161055	2.8913341343361765e-07	2.8913341343361765e-07	4.905037890929778e-07
-0.47347330544590605	-0.47347294093924575	-3.64506660299746e-07	3.64506660299746e-07	7.698568348145037e-07
