Analytic	Finite_differences	Diff	Abs_diff	Norm_diff
0.7825646388957996	0.7820146129233763	0.0005500259724233736	0.0005500259724233736	0.0007028505315541236
5.798135978195338	5.798510273962165	-0.00037429576682690424	0.00037429576682690424	6.455449962444711e-05
-0.6434135725896059	-0.643886836769525	0.0004732641799191084	0.0004732641799191084	0.0007355520618166609
8.618006292128022	8.621318007499212	-0.003311715371189905	0.003311715371189905	0.00038427859750055386
-7.033980333499688	-7.034162634226959	0.00018230072727121183	0.00018230072727121183	2.5917150550307253e-05
1.570657991158724	1.5730977829662152	-0.0024397918074912095	0.0024397918074912095	0.0015533565048692097
-7.637546935090791	-7.642612777999602	0.005065842908811291	0.005065842908811291	0.0006632814111473701
5.770546121345715	5.773609771495103	-0.0030636501493876978	0.0030636501493876978	0.0005309116476957023
0.6068007986203958	0.6113227827881929	-0.004521984167797033	0.004521984167797033	0.0074521724066251745
-1.7157007114958314	-1.7179436599690234	0.0022429484731920635	0.0022429484731920635	0.0013073075380592178
0.3752896498013337	0.3682466431200737	0.007043006681260011	0.007043006681260011	0.018766855640672084
-3.9384590961187764	-3.93757699202979	-0.0008821040889865905	0.0008821040889865905	0.0002239718802350583
1.2303514283302688	1.2324980016273912	-0.0021465732971224227	0.0021465732971224227	0.001744683061843212
1.8593153771315105	1.861446789916954	-0.0021314127854434872	0.0021314127854434872	0.001146342794589135
-2.086424370515298	-2.084731273498619	-0.0016930970166790793	0.0016930970166790793	0.0008114825730591538
0.34658432785765836	0.34277059785381425	0.003813730003844107	0.003813730003844107	0.011003757808144169
0.4906295080849426	0.48994378448696807	0.0006857235979745302	0.0006857235979745302	0.0013976403511706658
1.9111477071988934	1.9088929675490363	0.002254739649857118	0.002254739649857118	0.0011797830389372761
-2.7059188678148347	-2.707194274989888	0.0012754071750533669	0.0012754071750533669	0.00047133976935654476
-2.9773005653031017	-2.9753341441391967	-0.0019664211639049967	0.0019664211639049967	0.0006604711619717866
2.4241064562152452	2.4218171547545353	0.002289301460709936	0.002289301460709936	0.0009443898203564128
-0.47159708889854796	-0.4746165377582656	0.003019448859717666	0.003019448859717666	0.006402602837879738
-1.3335733131548988	-1.32909279273008	-0.004480520424818835	0.004480520424818835	0.003359785608051087
0.6587053066164599	0.653225968562765	0.005479338053694827	0.005479338053694827	0.00831834509097897
2.447138826432104	2.4479661133227637	-0.0008272868906598063	0.0008272868906598063	0.00033806291728286607
0.8256054581923196	0.8201010132324882	0.005504444959831378	0.005504444959831378	0.006667161542128701
0.2081418316089461	0.2123664744431153	-0.004224642834169207	0.004224642834169207	0.02029694272176102
1.9182792831204403	1.9191258506907616	-0.0008465675703213105	0.0008465675703213105	0.00044131612000949613
1.171521865145258	1.1694976401486201	0.002024224996637791	0.002024224996637791	0.0017278593399422434
-2.4325973733721398	-2.43386807051138	0.0012706971392404398	0.0012706971392404398	0.0005223622919065152
-1.8366823906639884	-1.8323972362850327	-0.004285154378955713	0.004285154378955713	0.002333094932873269
0.21347470260065088	0.21265578288875986	0.0008189197118910196	0.0008189197118910196	0.0038361440578885846
-2.0467475604301155	-2.048487805950572	0.0017402455204562628	0.0017402455204562628	0.0008502492217899884
-3.435663076008698	-3.4374371953163063	0.0017741193076084016	0.0017741193076084016	0.0005163833788001831
-1.807967874674094	-1.8072873644996434	-0.0006805101744504771	0.0006805101744504771	0.00037639505877456287
0.7585170673118709	0.7529482008976629	0.005568866414207951	0.005568866414207951	0.00734178129167694
-0.34793091854921154	-0.339652919137734	-0.008277999411477555	0.008277999411477555	0.023792077594008677
-3.69516026112061	-3.700950068378006	0.005789807257396085	0.005789807257396085	0.0015668622869526754
1.3130854098308773	1.318052822171012	-0.004967412340134647	0.004967412340134647	0.0037830077944240046
-2.100806610000874	-2.0987743791920366	-0.0020322308088376317	0.0020322308088376317	0.0009673573946136746
8.11635776130549	8.121080474666087	-0.004722713360596487	0.004722713360596487	0.0005818759472520902
0.1015721454270405	0.10804520388774108	-0.006473058460700579	0.006473058460700579	0.06372867712388916
-0.22332465031382087	-0.2203380845458014	-0.002986565768019478	0.002986565768019478	0.013373202482675726
0.7304234504660956	0.7199511146609439	0.010472335805151722	0.010472335805151722	0.01433734883302165
-2.0186693322113265	-2.01896784165001	0.0002985094386835918	0.0002985094386835918	0.000147874361551128
1.6983436762953519	1.6965331469691591	0.0018105293261927446	0.0018105293261927446	0.0010660559175761802
-2.5807691223493543	-2.579345185949933	-0.0014239363994215104	0.0014239363994215104	0.0005517488515692008
-0.624227998267981	-0.6210539195308229	-0.003174078737158137	0.003174078737158137	0.005084806746837884
-0.15133333202681554	-0.15623451690771617	0.004901184880900633	0.004901184880900633	0.03238668451463268
-2.8768577617163906	-2.8794072240998503	0.0025494623834596553	0.0025494623834596553	0.0008861968837620234
0.23486403488898977	0.24094460786727723	-0.006080572978287457	0.006080572978287457	0.025889757796086085
-0.3915626898505764	-0.39024275247356854	-0.0013199373770078626	0.0013199373770078626	0.003370947772147448
0.9095048994944417	0.9096781541302335	-0.00017325463579176414	0.00017325463579176414	0.00019049335070989683
-0.21673664421248312	-0.21853617909073364	0.0017995348782505194	0.0017995348782505194	0.008302863988640061
-1.4064576967443028	-1.410476088494761	0.00401839175045815	0.00401839175045815	0.002857101041687927
1.4789964701375014	1.4682865057693562	0.010709964368145197	0.010709964368145197	0.007241372501145657
-1.0103322546750877	-1.0088029030157486	-0.0015293516593390954	0.0015293516593390954	0.0015137116055261633
-0.14882374062290288	-0.14705931607750244	-0.0017644245454004337	0.0017644245454004337	0.011855800277666867
-0.6637791871887118	-0.6621006359637249	-0.001678551224986835	0.001678551224986835	0.0025287795360019695
-1.2129406500487778	-1.2158416757301893	0.0029010256814114843	0.0029010256814114843	0.0023917292913670763
1.7995635869917896	1.8120747390639735	-0.012511152072183895	0.012511152072183895	0.006952325643073248
-0.6729528435526694	-0.6715894596709404	-0.0013633838817289634	0.0013633838817289634	0.002025972391366018
-0.055940317890782534	-0.05680649155692663	0.0008661736661440961	0.0008661736661440961	0.015483888880202776
1.7239794775458879	1.7229859677172499	0.000993509828637995	0.000993509828637995	0.0005762886632805352
-1.9491524536696911	-1.941199789143866	-0.007952664525825215	0.007952664525825215	0.004080062855449118
1.2208215175710317	1.2226266971993027	-0.0018051796282709809	0.0018051796282709809	0.0014786597404202037
5.531925945367717	5.531446031454834	0.0004799139128826013	0.0004799139128826013	8.675349554967707e-05
-0.8732134294562314	-0.8724319959583227	-0.0007814334979087123	0.0007814334979087123	0.0008948940448560527
1.651295449290566	1.6507464006281225	0.0005490486624435409	0.0005490486624435409	0.000332495715820827
0.2548638543205255	0.2549759028624976	-0.00011204854197210956	0.00011204854197210956	0.00043964077319176646
-2.979425258524156	-2.9827401413058396	0.0033148827816837922	0.0033148827816837922	0.0011125913537182684
-0.09835551723686016	-0.10190675129706506	0.003551234060204897	0.003551234060204897	0.03610609917949799
-0.8067412890578776	-0.8006619445950491	-0.006079344462828429	0.006079344462828429	0.007535680329350643
0.27887968243263744	0.2792582490656059	-0.00037856663296848003	0.00037856663296848003	0.001357455048952595
0.6640174816304975	0.6675851709587732	-0.0035676893282757804	0.0035676893282757804	0.00537288464080088
-1.425957595857203	-1.4264553537941538	0.0004977579369507268	0.0004977579369507268	0.000349069241888293
0.33887558769851217	0.3314408186270157	0.007434769071496483	0.007434769071496483	0.02193952394738739
-1.3332391979802	-1.3343408991204342	0.0011017011402341126	0.0011017011402341126	0.0008263341956215676
-5.49037297434908	-5.489310175107676	-0.0010627992414047327	0.0010627992414047327	0.00019357505334703323
-11.834799502411013	-11.838378128231852	0.003578625820839676	0.003578625820839676	0.00030238161788128564
0.610335624093383	0.6071263032936258	0.0032093207997572204	0.0032093207997572204	0.005258288510562486
-0.0010388135139264287	-0.004081977749592625	0.003043164235666196	0.003043164235666196	2.929461539409392
-0.5441453244137615	-0.5415022205852438	-0.0026431038285177344	0.0026431038285177344	0.004857349149081267
-0.8505907445306702	-0.8481731601932552	-0.002417584337415013	0.002417584337415013	0.0028422415279735517
1.177561014615931	1.1780942459154176	-0.0005332312994865696	0.0005332312994865696	0.0004528268963290079
1.8549487206268311	1.8581111926323501	-0.0031624720055190014	0.0031624720055190014	0.0017048837902377846
1.3151029919623602	1.3067435702396324	0.008359421722727856	0.008359421722727856	0.006356476849204151
2.2741588272852513	2.2785454621043755	-0.004386634819124158	0.004386634819124158	0.0019289043344262143
5.832258269273216	5.825133301186725	0.007124968086491101	0.007124968086491101	0.0012216482462768193
0.0011739052085669027	0.00841659857542254	-0.007242693366855638	0.007242693366855638	6.1697429349491335
0.4618538579418198	0.46082661356194876	0.0010272443798710618	0.0010272443798710618	0.0022241762458125114
2.7000689298979745	2.6969053433276713	0.003163586570303245	0.003163586570303245	0.001171668817515257
0.16016241283939547	0.16034724285418633	-0.00018483001479085992	0.00018483001479085992	0.001154016173421414
-5.440445600995848	-5.452989391415031	0.012543790419182521	0.012543790419182521	0.0023056549663664386
-3.447485390766804	-3.4495659037929727	0.002080513026168518	0.002080513026168518	0.0006034871189710137
0.5538623663207614	0.5531899842026178	0.0006723821181435774	0.0006723821181435774	0.0012139877323858056
0.5795895889601674	0.5869731321581639	-0.0073835431979965005	0.0073835431979965005	0.012739261261133415
-1.2353004312092184	-1.2335783449088922	-0.00172208630032622	0.00172208630032622	0.0013940627371436223
-0.27749562566854846	-0.28403728720149957	0.006541661532951104	0.006541661532951104	0.02357392667790994
2.3937550058671517	2.3861982954258565	0.007556710441295245	0.007556710441295245	0.0031568437132344636
1.110018376709681	1.109740544052329	0.00027783265735203955	0.00027783265735203955	0.00025029554751660214
0.9768956883800525	0.9773245292308275	-0.0004288408507749919	0.0004288408507749919	0.00043898325673452583
2.9281238996827788	2.928924179286696	-0.0008002796039172644	0.0008002796039172644	0.0002733079717029609
0.14473908879020542	0.14917752378096338	-0.004438434990757967	0.004438434990757967	0.030665074845063683
0.12712821671577046	0.1286762926611118	-0.0015480759453413429	0.0015480759453413429	0.01217728042864383
-0.4748967329705697	-0.4810863720194902	0.006189639048920503	0.006189639048920503	0.013033652622125087
1.6533623932527428	1.6531013880012324	0.00026100525151040443	0.00026100525151040443	0.0001578633048480773
-0.012672707600546328	-0.01458881888538599	0.0019161112848396621	0.0019161112848396621	0.1511998339452776
-0.207984587629891	-0.2082794853777159	0.0002948977478249015	0.0002948977478249015	0.0014178826959508782
-0.5737098298529992	-0.56443771609338	-0.009272113759619227	0.009272113759619227	0.01616167839061605
0.143290002275185	0.14359448505274486	-0.00030448277755984465	0.00030448277755984465	0.002124940838336319
-1.0021493703338809	-1.0031552883447148	0.0010059180108339394	0.0010059180108339394	0.001003760557668966
-2.5429791129457637	-2.54180644878943	-0.0011726641563338802	0.0011726641563338802	0.00046113794264533963
-0.47292780172442733	-0.4644302771339426	-0.00849752459048475	0.00849752459048475	0.017967910872442674
0.13064170020568217	0.13223919813754037	-0.001597497931858205	0.001597497931858205	0.012228085897099516
0.984160615152218	0.9879077570076333	-0.003747141855415359	0.003747141855415359	0.0038074495135489617
-2.047823561523245	-2.049422175332438	0.001598613809193239	0.001598613809193239	0.0007806404024398139
0.4640964706691525	0.4638039827113971	0.00029248795775538294	0.00029248795775538294	0.0006302309460221974
1.0313140424368465	1.0337561943742912	-0.002442151937444681	0.002442151937444681	0.002368000276302093
0.5179398062829692	0.5158980293344939	0.0020417769484752935	0.0020417769484752935	0.003942112430261437
1.0333232131793548	1.0360166015743744	-0.002693388395019536	0.002693388395019536	0.0026065304259762544
0.8915907772771741	0.8932827458920656	-0.0016919686148915147	0.0016919686148915147	0.0018976964073794166
2.314991878785725	2.3190069132397184	-0.004015034453993316	0.004015034453993316	0.0017343622199224769
0.8817691354895942	0.8847372482705396	-0.002968112780945331	0.002968112780945331	0.0033660883121037276
-4.715373561164338	-4.7165858195512556	0.0012122583869178527	0.0012122583869178527	0.000257086394363741
-2.080654009182534	-2.080437856420758	-0.00021615276177566756	0.00021615276177566756	0.00010388693210006194
0.20177683064146867	0.20830694847973064	-0.006530117838261962	0.006530117838261962	0.03236307071283688
-0.4020673353367482	-0.39895768895803485	-0.00310964637871336	0.00310964637871336	0.007734143277540567
-0.3067501790023081	-0.30215885635698214	-0.004591322645325968	0.004591322645325968	0.014967628251298987
-0.5126236100619619	-0.5142813170095906	0.0016577069476286788	0.0016577069476286788	0.00323377018750328
1.1128035404934435	1.1047247753595002	0.008078765133943344	0.008078765133943344	0.007259830545076292
1.336094277754409	1.341892375421594	-0.005798097667184976	0.005798097667184976	0.004339587231022285
-0.6084428023555168	-0.6040386160748312	-0.004404186280685618	0.004404186280685618	0.007238455716191092
1.032276137658608	1.0347619499952998	-0.0024858123366917617	0.0024858123366917617	0.0024080885394968453
2.53991766541136	2.5321648481622105	0.007752817249149668	0.007752817249149668	0.0030523891993538446
-0.8692972712367546	-0.8693244435562519	2.7172319497337227e-05	2.7172319497337227e-05	3.1257799140078976e-05
-0.684499808369312	-0.6853048707853304	0.0008050624160184094	0.0008050624160184094	0.0011761324198706709
0.06322312233064246	0.05848137698194478	0.004741745348697687	0.004741745348697687	0.07500017673754618
-1.7994015263508931	-1.7955331968551036	-0.0038683294957895242	0.0038683294957895242	0.002149786714716379
1.217236786293475	1.2170821664767573	0.00015461981671771596	0.00015461981671771596	0.00012702525791102507
-2.247530734115159	-2.2485664612759138	0.0010357271607546181	0.0010357271607546181	0.0004608289199490651
-1.842121015758738	-1.849831254730816	0.00771023897207801	0.00771023897207801	0.004185522507001146
1.0048078399399465	1.0001365626521874	0.004671277287759068	0.004671277287759068	0.004648925995679186
0.6279197663799209	0.6229440241440898	0.004975742235831082	0.004975742235831082	0.00792416882258254
-0.3192409959118172	-0.31925005350785796	9.057596040751292e-06	9.057596040751292e-06	2.8372283499745878e-05
1.064506456116432	1.0631654749886366	0.0013409811277953487	0.0013409811277953487	0.0012597209909722491
2.7346976321752505	2.7331162673362996	0.0015813648389508828	0.0015813648389508828	0.0005782594830028881
-0.9784193397798482	-0.977018264165963	-0.0014010756138851388	0.0014010756138851388	0.0014319786587623988
-0.020201396754724283	-0.008110599083011039	-0.012090797671713244	0.012090797671713244	0.5985129552433398
0.643205261650505	0.642601622530492	0.0006036391200129332	0.0006036391200129332	0.0009384859795206859
0.20289627728549908	0.1997822128032567	0.0031140644822423846	0.0031140644822423846	0.015348061205975342
0.7207389719856074	0.7174823076638859	0.0032566643217215585	0.0032566643217215585	0.004518507321380967
0.6751339091965907	0.6720210622006562	0.003112846995934504	0.003112846995934504	0.004610710487996066
5.353236373129789	5.34702665390796	0.006209719221828891	0.006209719221828891	0.0011599934673159884
1.2351280832905422	1.2344035221758531	0.000724561114689104	0.000724561114689104	0.0005866283217840685
-2.057996763404449	-2.066972034299397	0.008975270894947762	0.008975270894947762	0.00436116861529966
-0.4287920767318759	-0.42316344661230687	-0.005628630119569045	0.005628630119569045	0.013126712047640359
0.19367315957065015	0.18639125119079836	0.0072819083798517925	0.0072819083798517925	0.0375989548370817
-0.7175084830688605	-0.7133671861083712	-0.00414129696048926	0.00414129696048926	0.00577177421342322
-0.042416728998268774	-0.046896766434656456	0.004480037436387682	0.004480037436387682	0.10561958788879108
-0.32951833589741886	-0.3244040490244515	-0.005114286872967333	0.005114286872967333	0.015520492536595727
0.2738442442445757	0.2794472293317085	-0.005602985087132806	0.005602985087132806	0.020460481477670458
-1.4006964139949702	-1.397676262058667	-0.003020151936303339	0.003020151936303339	0.0021561788165713005
1.5860270671038346	1.587747159646824	-0.0017200925429894376	0.0017200925429894376	0.0010845291222743212
0.29054712964416274	0.2862051496776985	0.004341979966464238	0.004341979966464238	0.014944150271874733
-2.1387260346565076	-2.127326701156562	-0.011399333499945374	0.011399333499945374	0.005329964341027053
-0.2304486238111283	-0.22659854403173085	-0.0038500797793974417	0.0038500797793974417	0.01670688987300224
2.7719853486807087	2.775342763925437	-0.0033574152447282124	0.0033574152447282124	0.0012111951624586082
1.1916753378828246	1.196898063426488	-0.005222725543663431	0.005222725543663431	0.0043826748591964
1.336991826344959	1.33676607219968	0.00022575414527903348	0.00022575414527903348	0.00016885230023895925
0.692080932263665	0.6941473093320383	-0.002066377068373315	0.002066377068373315	0.002985744834227103
-0.7057115303071732	-0.7029093667370034	-0.0028021635701697134	0.0028021635701697134	0.00397069262698602
-2.0166497208059226	-2.017856981183286	0.001207260377363184	0.001207260377363184	0.0005986465398069831
0.09715557589060568	0.09752519326866604	-0.00036961737806036343	0.00036961737806036343	0.003804386672325855
-1.6840055030856793	-1.683270475041354	-0.0007350280443252366	0.0007350280443252366	0.00043647603465571313
0.5917283786011533	0.5881988017790718	0.003529576822081548	0.003529576822081548	0.005964859806834806
-0.7079760345394737	-0.7068870618240908	-0.0010889727153828854	0.0010889727153828854	0.0015381491212357824
-0.706709126257758	-0.7048089391901158	-0.0019001870676421673	0.0019001870676421673	0.0026887824099629813
1.035704184457401	1.0303379312972538	0.005366253160147272	0.005366253160147272	0.005181260480238977
3.4465674817850056	3.44806333851011	-0.0014958567251044386	0.0014958567251044386	0.0004340134736981044
2.0109248624673657	2.0014196907141013	0.009505171753264374	0.009505171753264374	0.00472676624108258
-0.30995597501875	-0.31061072877491824	0.000654753756168247	0.000654753756168247	0.002112408886870593
-1.0812673942182376	-1.0876877404371044	0.006420346218866779	0.006420346218866779	0.005937796934595189
-2.073818360349769	-2.0763219963555457	0.0025036360057768547	0.0025036360057768547	0.0012072590606993147
0.9362122784326032	0.9381133786519058	-0.001901100219302565	0.001901100219302565	0.0020306294449431565
1.6039296747311595	1.6044247822719626	-0.0004951075408030636	0.0004951075408030636	0.0003086840705070504
-0.3580083956472304	-0.36699246084026527	0.008984065193034851	0.008984065193034851	0.02509456566456461
-1.0824997815712671	-1.0816770718520274	-0.0008227097192397004	0.0008227097192397004	0.0007600091318683899
0.303106290971864	0.3031654159713071	-5.912499944310534e-05	5.912499944310534e-05	0.0001950635839775218
1.4857218850257083	1.4817106475675246	0.0040112374581837695	0.0040112374581837695	0.0026998575565267123
0.11519447630716574	0.11219362932024524	0.003000846986920505	0.003000846986920505	0.026050268060759746
1.2887719390675718	1.2971926207683282	-0.008420681700756383	0.008420681700756383	0.006533880390698727
0.9029390684548164	0.9090776038647164	-0.006138535409899948	0.006138535409899948	0.0067983938499911346
1.0128899420231523	1.0148968103749212	-0.0020068683517688868	0.0020068683517688868	0.0019813291341015354
0.9290586403158516	0.9282142764277523	0.0008443638880992754	0.0008443638880992754	0.0009088380985426468
1.2788290951689876	1.2738738296320662	0.004955265536921383	0.004955265536921383	0.003874845791076236
-0.22735867642977875	-0.22549696041096468	-0.0018617160188140747	0.0018617160188140747	0.008188453803693206
-0.9929637353189236	-0.9965768167603528	0.0036130814414292445	0.0036130814414292445	0.003638684186455996
6.282228954670323	6.279922203248134	0.0023067514221892793	0.0023067514221892793	0.00036718678017527495
-0.49540971944519024	-0.4897331527899951	-0.00567656665519517	0.00567656665519517	0.011458327183310739
-0.7774787814313795	-0.7798031256243121	0.0023243441929325925	0.0023243441929325925	0.0029895918042333607
-0.17011440534452024	-0.1674845552770421	-0.002629850067478151	0.002629850067478151	0.015459302591994536
-0.7022129399074509	-0.7051035281619988	0.00289058825454791	0.00289058825454791	0.0041163984459313425
1.0487315403017627	1.0427666311443318	0.005964909157430975	0.005964909157430975	0.005687736973863328
-0.9454899506997588	-0.9449495264561847	-0.0005404242435741446	0.0005404242435741446	0.0005715811608300815
0.8629883183636154	0.8697515240783105	-0.00676320571469502	0.00676320571469502	0.007836960907558171
-0.2981345406952251	-0.2941042293969076	-0.0040303112983174905	0.0040303112983174905	0.013518431272401842
-1.4908711660893357	-1.4916244253981858	0.0007532593088501738	0.0007532593088501738	0.0005052477544562272
2.2293017414363145	2.225404230557615	0.003897510878699606	0.003897510878699606	0.0017483101575063063
2.8742799814814983	2.8671411964751314	0.007138785006366888	0.007138785006366888	0.0024836776696636645
-2.6554996937671658	-2.6514718556427397	-0.004027838124426086	0.004027838124426086	0.0015167910332959155
-0.8066071944750195	-0.8009833563846769	-0.005623838090342614	0.005623838090342614	0.0069722141444608495
2.3845862580516783	2.3944722015585285	-0.009885943506850126	0.009885943506850126	0.004145768882744219
-4.419553642435471	-4.411736164911417	-0.007817477524053373	0.007817477524053373	0.0017688387010380122
-0.3688949697310905	-0.3639794304035604	-0.004915539327530083	0.004915539327530083	0.013325037560456063
-7.758947212130345	-7.758368152281037	-0.0005790598493087273	0.0005790598493087273	7.46312397129632e-05
0.5191756262463523	0.5222118852543645	-0.0030362590080121876	0.0030362590080121876	0.005848231031114435
0.18598834998267777	0.17950134497368708	0.006487005008990687	0.006487005008990687	0.03487855561703118
0.9788340810267531	0.9878548753476935	-0.009020794320940384	0.009020794320940384	0.009215856390572317
0.4628818620003359	0.46392876538448036	-0.001046903384144482	0.001046903384144482	0.0022617075113297966
-1.351168289189387	-1.3604017949546687	0.009233505765281702	0.009233505765281702	0.006833720003021388
-1.1071128716618224	-1.1034087729058228	-0.0037040987559995298	0.0037040987559995298	0.003345728200630098
1.4944178348431891	1.4969192088756245	-0.002501374032435333	0.002501374032435333	0.0016738116837971254
2.6088775106083615	2.6096341189258965	-0.0007566083175349902	0.0007566083175349902	0.0002900129708882183
0.5454517523358335	0.5399581532401498	0.005493599095683699	0.005493599095683699	0.010071649916162155
-0.6478477338836901	-0.6502590076706838	0.002411273786993684	0.002411273786993684	0.003721976107778725
-2.440662444142214	-2.43648307332478	-0.004179370817433803	0.004179370817433803	0.0017123919890948578
-5.494135873356434	-5.496618627148564	0.0024827537921296994	0.0024827537921296994	0.00045189158938891604
-1.1051173247994364	-1.109204353269888	0.004087028470451726	0.004087028470451726	0.0036982756298689513
0.028218505308697284	0.03158150866511278	-0.003363003356415494	0.003363003356415494	0.11917723209028282
-0.10997692422263815	-0.1065387659764383	-0.003438158246199849	0.003438158246199849	0.031262542306053354
-0.1269256834404246	-0.12696046542259865	3.478198217404804e-05	3.478198217404804e-05	0.00027403423193205607
1.0299813754472833	1.0332982110412559	-0.003316835593972556	0.003316835593972556	0.0032202869615309067
-1.7027095168701718	-1.7064443909475813	0.003734874077409467	0.003734874077409467	0.0021934886957551687
0.1683091546038506	0.16644412062305491	0.0018650339807956828	0.0018650339807956828	0.011081001417810071
5.222554966692139	5.2295210225565825	-0.006966055864443099	0.006966055864443099	0.0013338406027070039
1.07520281203666	1.0793007277243305	-0.004097915687670595	0.004097915687670595	0.003811295545170945
1.5368248902023272	1.5398164960060967	-0.002991605803769559	0.002991605803769559	0.0019466146226820326
1.146888313706813	1.1497132763906848	-0.002824962683871668	0.002824962683871668	0.0024631541276597508
0.28016883995760883	0.2780776285362663	0.0020912114213425537	0.0020912114213425537	0.007464111361059874
-0.23133443326359665	-0.22459972933575045	-0.006734703927846197	0.006734703927846197	0.029112414580203295
-3.9976027825295346	-4.000437858849182	0.0028350763196471895	0.0028350763196471895	0.0007091941030352341
-0.7389848255751652	-0.7415674554067664	0.0025826298316011798	0.0025826298316011798	0.0034948347276157836
-0.09418143026578492	-0.09715546912048012	0.002974038854695202	0.002974038854695202	0.03157776268954834
-1.0603182425401898	-1.065380371073843	0.005062128533653176	0.005062128533653176	0.004774159616009157
0.8184526240219223	0.819513628812274	-0.0010610047903516495	0.0010610047903516495	0.0012963545588476609
0.09925095422064051	0.09717767534311861	0.0020732788775219	0.0020732788775219	0.020889258887253452
0.4981006764520827	0.49643315105640795	0.0016675253956747738	0.0016675253956747738	0.0033477677797034465
1.6929966357702466	1.6864171648194315	0.006579470950815125	0.006579470950815125	0.0038862870792544285
0.039061467088665	0.03621532232500613	0.002846144763658874	0.002846144763658874	0.07286323263789492
-0.7406180104949345	-0.7382603944279253	-0.0023576160670091273	0.0023576160670091273	0.0031833091196818153
1.196047235924036	1.2025170635752147	-0.006469827651178761	0.006469827651178761	0.005409341250791266
0.8127297789059316	0.8135986554407282	-0.0008688765347966143	0.0008688765347966143	0.001069084162224578
0.8424150291167086	0.842593792185653	-0.00017876306894437644	0.00017876306894437644	0.00021220308608669244
1.6542186530965077	1.6578819504502462	-0.0036632973537384927	0.0036632973537384927	0.002214518223985215
0.7149075254809101	0.716802047463716	-0.00189452198280593	0.00189452198280593	0.002650023835644347
-0.9947180216942357	-0.9871206839306979	-0.007597337763537881	0.007597337763537881	0.007637679822667585
-2.429917361382009	-2.432617504382506	0.002700143000497146	0.002700143000497146	0.0011112077486295448
1.011511583561533	1.0083977085741935	0.0031138749873393934	0.0031138749873393934	0.0030784372991315015
0.3698723226054055	0.3735986592801055	-0.003726336674700015	0.003726336674700015	0.01007465670437693
-2.1927291970776315	-2.1958028446533717	0.003073647575740246	0.003073647575740246	0.0014017451766668962
-0.6622784581493635	-0.6625467231060611	0.00026826495669762807	0.00026826495669762807	0.0004050636909544872
0.7637624750821987	0.7619465668540215	0.001815908228177232	0.001815908228177232	0.0023775824126235027
0.259888111437349	0.2567992105468875	0.0030889008904615434	0.0030889008904615434	0.011885502854970654
-0.0841214440318047	-0.08642556713311933	0.0023041231013146285	0.0023041231013146285	0.027390436859874683
-0.1986861164540981	-0.20123771173530258	0.002551595281204494	0.002551595281204494	0.01284234312262066
-0.6446952539118677	-0.6403069892257918	-0.004388264686075893	0.004388264686075893	0.006806727146584184
0.6876621175929822	0.6878835956740659	-0.00022147808108363698	0.00022147808108363698	0.0003220739886892051
1.0916994194011769	1.0923583176918328	-0.0006588982906559071	0.0006588982906559071	0.000603552845175395
-0.44764949277987676	-0.4506462992139859	0.002996806434109156	0.002996806434109156	0.006694537763237854
-0.20010436165322504	-0.19946830798289739	-0.000636053670327652	0.000636053670327652	0.003178609726808026
-2.7332528114274517	-2.7355259207979543	0.002273109370502624	0.002273109370502624	0.0008316498792204604
0.5066813962540434	0.5039981679146877	0.0026832283393557477	0.0026832283393557477	0.005295691452642979
-0.27369982464480563	-0.28000650127069093	0.006306676625885299	0.006306676625885299	0.023042311532606198
-0.9406169099545204	-0.9405831951880828	-3.371476643765359e-05	3.371476643765359e-05	3.584324934077968e-05
-0.004877672352213224	-0.002396634954493493	-0.0024810373977197315	0.0024810373977197315	0.5086519180801414
1.3742674791459288	1.377642098304932	-0.003374619159003167	0.003374619159003167	0.002455576669179718
-0.8997634401613043	-0.9019435401569353	0.0021800999956310685	0.0021800999956310685	0.0024229701922988036
0.18168928948427812	0.18320172966923565	-0.0015124401849575253	0.0015124401849575253	0.008324322194503377
-1.348319775220717	-1.3523096004064428	0.0039898251857257705	0.0039898251857257705	0.002959109002960848
-1.2970822385102396	-1.2903718434245093	-0.006710395085730347	0.006710395085730347	0.005173453838545776
-0.019740715326370215	-0.026931949832942337	0.007191234506572122	0.007191234506572122	0.36428439333025914
-2.8724662182680003	-2.8707683959510177	-0.0016978223169825668	0.0016978223169825668	0.0005910678100180743
-0.8827168081033481	-0.887308080564253	0.0045912724609049604	0.0045912724609049604	0.005201297198327979
-0.22093811373115482	-0.21443596779135987	-0.006502145939794951	0.006502145939794951	0.029429715995977896
-0.8008911184799203	-0.7913577228464419	-0.009533395633478436	0.009533395633478436	0.011903485272221126
0.831441984662977	0.8363579927390674	-0.0049160080760903835	0.0049160080760903835	0.0059126291031394995
2.7651721280167805	2.760306420896086	0.004865707120694562	0.004865707120694562	0.001759639868851244
-0.13380191973209377	-0.127379449622822	-0.006422470109271772	0.006422470109271772	0.04799983529482407
-0.13953150067000852	-0.13230716649559326	-0.007224334174415259	0.007224334174415259	0.05177565022754813
0.038695437243024856	0.042026100345538	-0.0033306631025131414	0.0033306631025131414	0.08607379422010585
2.3408068166780374	2.3413923609041376	-0.000585544226100243	0.000585544226100243	0.00025014632644107716
-1.3464619636612056	-1.345946007859311	-0.0005159558018945631	0.0005159558018945631	0.00038319374465774886
-2.215219886114976	-2.216178936578217	0.0009590504632410735	0.0009590504632410735	0.000432936914864485
-0.7604671580435403	-0.7692856979701901	0.008818539926649827	0.008818539926649827	0.011596214028936309
0.3137174854947138	0.3133982409053715	0.0003192445893422935	0.0003192445893422935	0.0010176180930395505
-0.9315969987588872	-0.9355993988720002	0.004002400113112925	0.004002400113112925	0.004296278453499841
-0.02825352408447339	-0.03335927613079548	0.00510575204632209	0.00510575204632209	0.18071204254225887
-0.16912992532029705	-0.18131126489606686	0.012181339575769806	0.012181339575769806	0.07202356148801503
0.33767294029466516	0.3324557310406817	0.005217209253983446	0.005217209253983446	0.015450480720873658
2.675390332497713	2.6769962860271335	-0.0016059535294203897	0.0016059535294203897	0.0006002688691489329
-2.265598463168184	-2.266874391352758	0.0012759281845737824	0.0012759281845737824	0.0005631748985164567
0.5816687355769712	0.5848308774147881	-0.003162141837816934	0.003162141837816934	0.0054363276628239775
-1.3612801622757387	-1.365722629998345	0.004442467722606258	0.004442467722606258	0.0032634485139190613
0.5039731777524963	0.5135668816365069	-0.009593703884010596	0.009593703884010596	0.019036139833461755
-1.810217242248795	-1.8161790485464735	0.005961806297678507	0.005961806297678507	0.0032934203467603037
0.5150813982393146	0.5169547985133249	-0.001873400274010284	0.001873400274010284	0.0036370955744355455
-0.11616313126103639	-0.11086466292908881	-0.005298468331947581	0.005298468331947581	0.04561230636974747
-2.289766959188728	-2.2912421936780447	0.0014752344893165237	0.0014752344893165237	0.0006442727647005633
-1.8946543232643782	-1.8983970094268443	0.003742686162466091	0.003742686162466091	0.00197539261727578
-1.1844396144506677	-1.1810824507847428	-0.003357163665924867	0.003357163665924867	0.002834389887813647
2.0950990585168583	2.0967220298189204	-0.0016229713020621261	0.0016229713020621261	0.0007746513442715419
0.3536194952113745	0.3499695812934078	0.0036499139179666518	0.0036499139179666518	0.010321585680068154
0.1225978052210643	0.12027186494378839	0.002325940277275909	0.002325940277275909	0.018972120039847783
1.707562610521247	1.7081918122130446	-0.0006292016917976984	0.0006292016917976984	0.00036847942671081887
-0.19825232892546177	-0.20283798403397668	0.004585655108514913	0.004585655108514913	0.02313039717298359
1.2906164654668393	1.2876681084890151	0.0029483569778241403	0.0029483569778241403	0.0022844563483526196
-1.5581072190067973	-1.5572036954836221	-0.0009035235231751315	0.0009035235231751315	0.0005798853327636048
-1.0601401955011422	-1.0554289019637508	-0.004711293537391414	0.004711293537391414	0.0044440287778771785
1.1367779244222105	1.1323774979246082	0.0044004264976023055	0.0044004264976023055	0.003870964067004475
0.2953229942878821	0.2952688228106126	5.417147726949345e-05	5.417147726949345e-05	0.00018343128817354082
1.3295868094857688	1.3290064798638923	0.0005803296218764853	0.0005803296218764853	0.00043647366064118346
1.988708954702271	1.986108743949444	0.0026002107528269036	0.0026002107528269036	0.0013074868228851418
0.6940446692482729	0.6816083750891266	0.012436294159146266	0.012436294159146266	0.0179185788900535
0.3654872658496324	0.36833196463703644	-0.0028446987874040097	0.0028446987874040097	0.007783304791183522
-2.8165840018252912	-2.815986938003334	-0.0005970638219570112	0.0005970638219570112	0.00021198154273761521
1.58379752482336	1.5829003023100086	0.0008972225133514478	0.0008972225133514478	0.0005665007674838452
0.5897224782485193	0.5917404814681504	-0.0020180032196310815	0.0020180032196310815	0.003421954044594956
0.9764452673000054	0.97660742176231	-0.00016215446230460895	0.00016215446230460895	0.00016606610501885739
1.4621070625091228	1.4714227709191618	-0.009315708410039036	0.009315708410039036	0.006371426996633437
3.35504248777721	3.3573085711395834	-0.00226608336237355	0.00226608336237355	0.0006754261296627813
-0.2352991606670708	-0.23852134472690523	0.003222184059834432	0.003222184059834432	0.013693988753294199
0.5934692977619831	0.5993271679471945	-0.0058578701852114445	0.0058578701852114445	0.009870553046807829
-0.8418667302836278	-0.8474860369460657	0.005619306662437928	0.005619306662437928	0.006674817355645786
-0.20543213600852656	-0.21137480507604778	0.005942669067521222	0.005942669067521222	0.028927650673283994
0.17887141702005155	0.180391038156813	-0.001519621136761462	0.001519621136761462	0.008495606296846812
-1.7399168109140004	-1.73471768903255	-0.005199121881450441	0.005199121881450441	0.0029881439439160755
-0.17516416296275197	-0.1670527817623224	-0.008111381200429563	0.008111381200429563	0.046307310029817104
-1.9903020365272346	-1.9851742617902346	-0.00512777473699999	0.00512777473699999	0.002576380188982349
0.1667516736231901	0.164939872774994	0.001811800848196099	0.001811800848196099	0.010865263351360645
2.51279336354985	2.5164313356071943	-0.0036379720573442853	0.0036379720573442853	0.0014477800324197304
0.12192664067711656	0.12691326446656603	-0.004986623789449474	0.004986623789449474	0.04089855803257092
-1.7934589757745782	-1.7860287516668905	-0.007430224107687788	0.007430224107687788	0.004142957384614133
0.3127887711081958	0.3137938019790454	-0.001005030870849577	0.001005030870849577	0.0032131296378984458
1.3355014220856585	1.3368925992836012	-0.0013911771979426835	0.0013911771979426835	0.0010416890427342833
1.2283150401453549	1.2305350883252686	-0.002220048179913725	0.002220048179913725	0.0018073931421136158
-1.0836300711155333	-1.0903553611569805	0.006725290041447174	0.006725290041447174	0.006206260070398271
-0.5669732515329938	-0.5695043673767941	0.00253111584380028	0.00253111584380028	0.004464259710588811
-0.6098947483678925	-0.6067775466362946	-0.0031172017315979073	0.0031172017315979073	0.005111048652148077
-1.440796851142162	-1.4451026945607737	0.004305843418611621	0.004305843418611621	0.0029885152894374056
-0.27271002427742036	-0.2675350788194919	-0.005174945457928459	0.005174945457928459	0.01897600013655578
-0.5175162668106368	-0.513650064021931	-0.0038662027887057526	0.0038662027887057526	0.007470688433684397
0.6485931832727939	0.6436557468987303	0.004937436374063631	0.004937436374063631	0.007612532017603673
-0.3991383299586619	-0.4038270308228675	0.004688700864205642	0.004688700864205642	0.011747057379057638
-0.2637989774261645	-0.2655657008290291	0.0017667234028646006	0.0017667234028646006	0.006697233704626829
2.7202432253601474	2.7263062256679405	-0.006063000307793054	0.006063000307793054	0.0022288449250674417
-0.004585637237790273	-0.012323884220677428	0.007738246982887155	0.007738246982887155	1.6874965422725114
1.8512165728769343	1.851149761932902	6.68109440322695e-05	6.68109440322695e-05	3.609029057493803e-05
0.5395271841837475	0.5472328939504223	-0.00770570976667484	0.00770570976667484	0.01428233830021528
2.3005056488271496	2.30403036584903	-0.003524717021880619	0.003524717021880619	0.00153214882288057
1.6640181586005105	1.6538636900804704	0.010154468520040094	0.010154468520040094	0.006102378431122596
0.16714475784902683	0.1699726653896505	-0.0028279075406236753	0.0028279075406236753	0.01691891254632094
-2.3814273495499205	-2.3852274389355443	0.003800089385623817	0.003800089385623817	0.001595719217024201
-1.1073956409887178	-1.1045026294596028	-0.0028930115291150305	0.0028930115291150305	0.002612446195410394
-1.1821930375810428	-1.1880631209351122	0.005870083354069466	0.005870083354069466	0.004965418647770589
1.1181564793371588	1.123627791457693	-0.005471312120534311	0.005471312120534311	0.004893154242398788
-1.2086510075643657	-1.2140312519477447	0.005380244383379029	0.005380244383379029	0.0044514457438141085
-0.28172454963280535	-0.2932392180809984	0.011514668448193044	0.011514668448193044	0.04087208041756053
1.3672489566236123	1.366486456390703	0.0007625002329092467	0.0007625002329092467	0.0005576893873023844
1.0664860036265789	1.0669531711755553	-0.00046716754897646595	0.00046716754897646595	0.000438043769339556
3.8966988111662832	3.8971838457655394	-0.0004850345992561955	0.0004850345992561955	0.0001244732073893657
0.2856061933611857	0.2854076574294595	0.00019853593172619588	0.00019853593172619588	0.0006951387481822627
-2.166362996279805	-2.16475237175473	-0.0016106245250750995	0.0016106245250750995	0.000743469366787076
0.7716588979219663	0.7776939619361656	-0.006035064014199287	0.006035064014199287	0.007820896033793394
0.9385706954177465	0.9383385367982555	0.00023215861949099637	0.00023215861949099637	0.00024735336466867353
1.0198359137953836	1.0201290315308142	-0.0002931177354306147	0.0002931177354306147	0.00028741656521955435
-4.994688463960369	-4.987536300177453	-0.007152163782915721	0.007152163782915721	0.0014319539315660653
-3.453161897895189	-3.4502580765547464	-0.002903821340442647	0.002903821340442647	0.0008409166515513268
0.6584326154736456	0.6621384873142233	-0.0037058718405776903	0.0037058718405776903	0.005628323618069648
0.33791334239678533	0.34284990579180885	-0.004936563395023519	0.004936563395023519	0.014608962641158149
0.10669500747497969	0.10733028466347605	-0.0006352771884963609	0.0006352771884963609	0.005954141656022053
-0.47649062479958704	-0.4828342571272515	0.006343632327664439	0.006343632327664439	0.013313236394383593
1.0134003646237466	1.016671238176059	-0.00327087355231237	0.00327087355231237	0.0032276222374626575
-1.3434801313102982	-1.347727165921242	0.004247034610943778	0.004247034610943778	0.0031612187720272715
-1.6811814747468652	-1.6812688645586604	8.738981179523542e-05	8.738981179523542e-05	5.198118888884002e-05
0.205825117080568	0.206246762900264	-0.0004216458196960038	0.0004216458196960038	0.0020485634876668385
0.12429130679597655	0.12304387018957641	0.001247436606400143	0.001247436606400143	0.010036394648644276
-0.8292727744403141	-0.828582715257653	-0.0006900591826610736	0.0006900591826610736	0.0008321256936558693
-0.2501484772688763	-0.2495706303307088	-0.0005778469381674811	0.0005778469381674811	0.0023100158133138367
-0.0729259469409676	-0.07930520587251522	0.006379258931547616	0.006379258931547616	0.08747584637757977
1.781029560484457	1.7834746267908486	-0.002445066306391519	0.002445066306391519	0.0013728386999519748
-2.7936437189617704	-2.7840417806146434	-0.009601938347127081	0.009601938347127081	0.0034370661806135913
1.4178395305313656	1.4241702847357374	-0.006330754204371791	0.006330754204371791	0.0044650710239396455
0.027418868542155056	0.028368358471198007	-0.0009494899290429515	0.0009494899290429515	0.03462907040030339
-0.5222599326765637	-0.5262378144834656	0.003977881806901951	0.003977881806901951	0.00761667047003864
-1.0726082277948434	-1.0732883274613414	0.0006800996664979575	0.0006800996664979575	0.0006340615789384373
0.18078099727066277	0.18530637680669315	-0.004525379536030383	0.004525379536030383	0.025032385064537775
-0.3217826615479129	-0.3200429655407788	-0.001739696007134084	0.001739696007134084	0.005406431778410305
-0.6382760800810938	-0.6373074393195566	-0.0009686407615372428	0.0009686407615372428	0.0015175890053943048
0.9244673669354185	0.929758536585723	-0.005291169650304517	0.005291169650304517	0.005723479096773946
2.92138900453186	2.924204918599571	-0.0028159140677113115	0.0028159140677113115	0.0009638956206595807
-1.8154508915859975	-1.8169665145251201	0.0015156229391226628	0.0015156229391226628	0.0008348465640943877
0.5240832588135526	0.5197449263505405	0.004338332463012073	0.004338332463012073	0.0082779451357279
1.5431351815352696	1.543410817248514	-0.00027563571324429326	0.00027563571324429326	0.00017862058784121719
0.6801198873919769	0.6805009088566294	-0.00038102146465246456	0.00038102146465246456	0.0005602269125132472
0.2673905132548307	0.2698843054531608	-0.0024937921983300693	0.0024937921983300693	0.00932640491980886
0.6021991398637297	0.6057660521037178	-0.0035669122399880626	0.0035669122399880626	0.00592314402972281
1.959935431225337	1.958114595254301	0.0018208359710358835	0.0018208359710358835	0.0009290285496280408
3.0798239932835934	3.0854928263579495	-0.005668833074356172	0.005668833074356172	0.0018406354021264293
1.2186536720275256	1.2171979706181446	0.001455701409381005	0.001455701409381005	0.0011945160817995921
-0.629199025698162	-0.6225350298336707	-0.00666399586449129	0.00666399586449129	0.010591236782505967
1.4501973762973939	1.445069290639367	0.005128085658026915	0.005128085658026915	0.003536129455095147
0.915067110885599	0.9223777196893934	-0.007310608803794416	0.007310608803794416	0.007989150431512321
-0.41615088834313935	-0.421119861130137	0.00496897278699765	0.00496897278699765	0.011940315222637367
0.6006083137747711	0.6009599437675206	-0.0003516299927495137	0.0003516299927495137	0.0005854564192419344
-2.0062545684899122	-2.0036009827890666	-0.0026535857008456176	0.0026535857008456176	0.0013226565275028608
-3.0203207168411788	-3.0300726921268506	0.009751975285671843	0.009751975285671843	0.003228787999663495
0.17607277354681114	0.17675389062787872	-0.0006811170810675782	0.0006811170810675782	0.0038683838923369643
-1.2180722641430397	-1.2166401829745155	-0.001432081168524224	0.001432081168524224	0.0011756947520118995
0.09092139721671195	0.09130580656346865	-0.000384409346756695	0.000384409346756695	0.004227930481979418
-2.745966840315117	-2.7471994235384045	0.0012325832232873424	0.0012325832232873424	0.00044887039609913703
-1.329957412931861	-1.3238808642199729	-0.006076548711888119	0.006076548711888119	0.0045689799183061845
1.0269658726131512	1.029372728226008	-0.0024068556128566954	0.0024068556128566954	0.0023436568605073173
-0.4252557422445683	-0.43052115506725386	0.005265412822685556	0.005265412822685556	0.012381755963820403
0.16335678532608797	0.1556712122692261	0.007685573056861877	0.007685573056861877	0.04704777362948325
2.302704724762547	2.298326629897929	0.004378094864618376	0.004378094864618376	0.001901283658967539
0.698350584009231	0.6985507407080149	-0.0002001566987839265	0.0002001566987839265	0.00028661349094150795
-0.5826173671533981	-0.5835875344928354	0.0009701673394373334	0.0009701673394373334	0.0016651878130194782
0.5315070912404644	0.5292540827213088	0.0022530085191555527	0.0022530085191555527	0.00423890585146727
0.056624759799149306	0.06800719347666018	-0.011382433677510871	0.011382433677510871	0.20101513397822615
1.248829604081018	1.246973361048731	0.0018562430322870416	0.0018562430322870416	0.0014863861540606283
-2.2610557937945934	-2.2603544348385185	-0.0007013589560749267	0.0007013589560749267	0.0003101909108124565
-0.13441688492457948	-0.13760123511019628	0.003184350185616802	0.003184350185616802	0.023690105505744477
-0.15044736672489128	-0.15111413267732132	0.0006667659524300373	0.0006667659524300373	0.004431888486617971
0.41951086927078474	0.4183805467619095	0.0011303225088752367	0.0011303225088752367	0.0026943819378029968
-2.799431990003142	-2.8083113647880964	0.008879374784954486	0.008879374784954486	0.003171848723835052
-0.4103012875137839	-0.4085845830559265	-0.001716704457857432	0.001716704457857432	0.004184009434286164
-0.2661586554590394	-0.26670569059206173	0.0005470351330223444	0.0005470351330223444	0.0020552971763359794
-1.5171818844229767	-1.5142439824558096	-0.0029379019671671447	0.0029379019671671447	0.0019364204103218016
3.479014657872737	3.477019259662484	0.0019953982102531853	0.0019953982102531853	0.0005735526884710749
1.2210931140205674	1.216931519593345	0.004161594427222415	0.004161594427222415	0.0034080893417865257
0.9532119881772677	0.9523266799078556	0.0008853082694121328	0.0008853082694121328	0.0009287632555954521
-0.46273202968032784	-0.4640550887415884	0.0013230590612605675	0.0013230590612605675	0.0028592338035786824
-0.0375191952915716	-0.03709244811034296	-0.00042674718122864136	0.00042674718122864136	0.011374102720281606
0.4171216104773475	0.41323296863993164	0.003888641837415885	0.003888641837415885	0.009322561429904778
-1.5694072069704539	-1.5701263073424343	0.000719100371980419	0.000719100371980419	0.00045819871910015826
1.1558089953426407	1.1593512717809062	-0.003542276438265546	0.003542276438265546	0.0030647593612259734
-0.050998070705138614	-0.046682587708346546	-0.004315482996792068	0.004315482996792068	0.0846205147983615
-1.01962520986228	-1.0218438455922296	0.002218635729949625	0.002218635729949625	0.002175932596104891
-0.7320240158699303	-0.7281838225026149	-0.0038401933673153366	0.0038401933673153366	0.005245993688815917
0.7601409171239202	0.7610460834257537	-0.0009051663018335709	0.0009051663018335709	0.0011907874993210086
-2.0068191687728296	-2.0072315619472647	0.0004123931744350884	0.0004123931744350884	0.00020549593149803673
-1.0852686680025292	-1.0871775593841448	0.0019088913816156516	0.0019088913816156516	0.0017589113533785377
-1.8385570086906065	-1.8429018564347643	0.004344847744157887	0.004344847744157887	0.0023631835856165397
1.4191599535199497	1.419464364516898	-0.0003044109969483344	0.0003044109969483344	0.00021450083635273263
-0.2811300212275959	-0.28796170226996765	0.006831681042371751	0.006831681042371751	0.02430078798607208
-0.623333977570153	-0.6200067036843393	-0.003327273885813664	0.003327273885813664	0.005337867027213668
-0.5330919888342902	-0.5365377637644997	0.0034457749302094776	0.0034457749302094776	0.006463752977688406
1.240442838708776	1.2399378520058235	0.0005049867029525146	0.0005049867029525146	0.0004071019535879415
1.922706056198517	1.923770807479741	-0.0010647512812240745	0.0010647512812240745	0.0005537774626503492
-1.963897885516414	-1.967110758414492	0.003212872898078034	0.003212872898078034	0.0016359673900423787
2.4928549848135018	2.491707131412113	0.0011478534013886765	0.0011478534013886765	0.0004604573504601797
1.057828207089505	1.0568166690063663	0.0010115380831388077	0.0010115380831388077	0.0009562404144260253
0.9768615366288049	0.9732607613841537	0.0036007752446511887	0.0036007752446511887	0.003686065127589764
0.45096810402624465	0.45005721040070057	0.0009108936255440847	0.0009108936255440847	0.0020198626408644504
-0.8812846809108378	-0.8770167714828858	-0.004267909427951966	0.004267909427951966	0.004842827204872024
-1.7150116623706981	-1.7133998626377434	-0.0016117997329547773	0.0016117997329547773	0.0009398185262056768
1.2368427277427863	1.2422129566402873	-0.00537022889750105	0.00537022889750105	0.00434188500853428
0.31661166355694187	0.32595785887679085	-0.009346195319848982	0.009346195319848982	0.029519428358545267
-1.3165414675243512	-1.312786596827209	-0.0037548706971421986	0.0037548706971421986	0.002852071727146526
-2.380658453732992	-2.3845903560868464	0.003931902353854433	0.003931902353854433	0.0016516028780562842
1.0704121384863021	1.0642543493304402	0.006157789155861959	0.006157789155861959	0.005752727322926149
-0.5406935991210964	-0.5381565588322701	-0.0025370402888262866	0.0025370402888262866	0.00469219589976703
3.6331543217020688	3.6323892109066946	0.0007651107953741132	0.0007651107953741132	0.00021059132853340297
-0.6390435537961704	-0.6365159733832115	-0.002527580412958863	0.002527580412958863	0.003955255315453915
1.3034005997131264	1.303947010455886	-0.0005464107427595177	0.0005464107427595177	0.00041921934275600356
2.6475846646135044	2.65225369912514	-0.004669034511635584	0.004669034511635584	0.0017635071595782836
0.914459711259005	0.9087855123652844	0.005674198893720672	0.005674198893720672	0.006204974176400378
1.7127053235224767	1.720671489238157	-0.007966165715680207	0.007966165715680207	0.004651217933565127
-0.3635300948890793	-0.3662145336420508	0.0026844387529715297	0.0026844387529715297	0.007384364570395771
0.20542433424371342	0.1990875243791379	0.006336809864575521	0.006336809864575521	0.03084741585219204
0.7052745876143309	0.7096523404470645	-0.004377752832733561	0.004377752832733561	0.00620716088402078
-0.871886923608803	-0.8696864224475576	-0.002200501161245483	0.002200501161245483	0.0025238377840757715
0.9377933598445892	0.9394215358042857	-0.001628175959696443	0.001628175959696443	0.001736177743854215
-0.1243067328451812	-0.1242983853444457	-8.347500735500502e-06	8.347500735500502e-06	6.71524425462695e-05
2.538596084853961	2.540649149523233	-0.002053064669272242	0.002053064669272242	0.0008087401857749063
-0.04085318430586656	-0.05087093995825853	0.01001775565239197	0.01001775565239197	0.24521358181994662
-0.19161069169416195	-0.19062945648329332	-0.000981235210868625	0.000981235210868625	0.005120983605835612
2.053509900759857	2.053107902611373	0.00040199814848396187	0.00040199814848396187	0.00019576148541344316
1.278046717848977	1.2847519574279431	-0.006705239578966182	0.006705239578966182	0.005246474550047333
0.41774633161563735	0.4186678215774009	-0.0009214899617635552	0.0009214899617635552	0.0022058600926540403
-3.4437487754622738	-3.4421012896928005	-0.001647485769473267	0.001647485769473267	0.00047839894164524696
0.6641637409319973	0.667184411213384	-0.0030206702813867503	0.0030206702813867503	0.004548080684362491
0.06484453440111183	0.065308362536598	-0.0004638281354861634	0.0004638281354861634	0.007152925682479888
1.0110660789269568	1.0140591130038956	-0.0029930340769388497	0.0029930340769388497	0.002960275435326001
-0.6821993951494005	-0.688117761455942	0.005918366306541412	0.005918366306541412	0.008675420043791302
1.281218444527404	1.2843597778555704	-0.0031413333281664624	0.0031413333281664624	0.002451832739049576
0.636937724945049	0.6355484729283489	0.0013892520167000377	0.0013892520167000377	0.0021811426177023724
-0.80568362639783	-0.803008380898973	-0.002675245498857004	0.002675245498857004	0.0033204665096867973
-2.8510910988635936	-2.845846132913721	-0.005244965949872782	0.005244965949872782	0.001839634640914615
-0.014265879719505346	-0.012517743016360328	-0.0017481367031450187	0.0017481367031450187	0.12253970575364093
0.5941343302333338	0.5959541758784326	-0.0018198456450987388	0.0018198456450987388	0.0030630205199286033
0.4683226484356563	0.4666930999519536	0.0016295484837026697	0.0016295484837026697	0.003479542339337783
-0.5059745643051994	-0.5027565293858061	-0.00321803491939332	0.00321803491939332	0.006360072514341313
-0.1918205230720347	-0.1944444011314772	0.0026238780594425026	0.0026238780594425026	0.01367881818598291
0.36666133678653223	0.36554700818669517	0.0011143285998370667	0.0011143285998370667	0.0030391221763472194
1.9362143615077219	1.928959967699484	0.007254393808237891	0.007254393808237891	0.003746689391658538
0.08757025904533725	0.07814354830770753	0.009426710737629712	0.009426710737629712	0.10764740038908958
-0.0995784136184441	-0.09938749099092092	-0.00019092262752318234	0.00019092262752318234	0.0019173093905145249
-0.3785958077338548	-0.3752988195628859	-0.0032969881709689064	0.0032969881709689064	0.008708464551426365
1.5366745757341718	1.536481904622633	0.00019267111153875582	0.00019267111153875582	0.00012538185675825607
0.8520543335128538	0.8523965225322172	-0.00034218901936344803	0.00034218901936344803	0.0004016046933916403
0.8491430234479531	0.8511172145517776	-0.001974191103824463	0.001974191103824463	0.002324921773258222
-6.38625607850018	-6.380381213602959	-0.005874864897220888	0.005874864897220888	0.0009199231639017844
-0.7573483989177603	-0.7533545613114256	-0.003993837606334649	0.003993837606334649	0.005273448273003263
1.770446588875342	1.7656002510193503	0.004846337855991756	0.004846337855991756	0.0027373533245475326
0.31454594039303785	0.31809052779863123	-0.00354458740559338	0.00354458740559338	0.011268902091580884
-0.29861047553974474	-0.3067014786211075	0.008091003081362791	0.008091003081362791	0.027095509850209146
0.3054023031280649	0.3077116052736528	-0.0023093021455879437	0.0023093021455879437	0.0075615086131802355
0.7046852600280574	0.7125113552319817	-0.0078260952039243	0.0078260952039243	0.01110580233168592
-1.8822344752810523	-1.8807990218192572	-0.0014354534617950776	0.0014354534617950776	0.0007626326478696221
-1.3217038157274443	-1.3214563132351032	-0.0002475024923411784	0.0002475024923411784	0.00018726017841217855
0.42529245433213897	0.4286505572963506	-0.003358102964211629	0.003358102964211629	0.007895985292015231
-2.5773619315831535	-2.5787889699131483	0.0014270383299948008	0.0014270383299948008	0.0005536817753485781
-1.1346266237785967	-1.135945074565825	0.0013184507872283646	0.0013184507872283646	0.0011620129120869618
-0.34106290395307076	-0.3389703888387885	-0.0020925151142822673	0.0020925151142822673	0.006135276191075272
0.22205513188076828	0.22784850625612307	-0.005793374375354793	0.005793374375354793	0.02608980178159325
0.8161820646778026	0.8160208490153309	0.00016121566247173647	0.00016121566247173647	0.00019752414252741294
0.7608039793857442	0.7539385187556036	0.006865460630140596	0.006865460630140596	0.009023954679737102
0.42537636145644614	0.42355699952167924	0.0018193619347668943	0.0018193619347668943	0.004277064029927711
0.2793902579377126	0.27903125555894803	0.0003590023787645724	0.0003590023787645724	0.0012849495233459736
-0.5698891843887971	-0.5766418307757704	0.00675264638697326	0.00675264638697326	0.011849051661184683
-0.4804170053773218	-0.48071621677081566	0.00029921139349387005	0.00029921139349387005	0.0006228159914091051
0.9021990640875804	0.908844527657493	-0.00664546356991258	0.00664546356991258	0.007365850658062172
0.42113678692573125	0.4242420618538745	-0.00310527492814322	0.00310527492814322	0.007373554209812701
0.5764799250527765	0.5758881161455065	0.0005918089072699528	0.0005918089072699528	0.0010265906609250497
-1.4650850854223891	-1.4598735051549738	-0.0052115802674153056	0.0052115802674153056	0.003557186076952513
-0.026527891995037137	-0.021020397980464622	-0.005507494014572515	0.005507494014572515	0.2076114459303009
-0.06461910578102364	-0.06253849460335914	-0.002080611177664504	0.002080611177664504	0.03219808062208602
0.20040216768054384	0.19679061733768322	0.00361155034286062	0.00361155034286062	0.018021513363157347
-0.2865994258482407	-0.2896400164900115	0.0030405906417707573	0.0030405906417707573	0.010609200045574417
0.5525759305049232	0.5531702336156741	-0.0005943031107509267	0.0005943031107509267	0.0010755139301993752
0.5679328203556441	0.5675297124980716	0.00040310785757247114	0.00040310785757247114	0.0007097808809852576
2.534731080275275	2.536906891691615	-0.0021758114163397124	0.0021758114163397124	0.0008583993123654824
-1.6178379370757685	-1.6198236135096522	0.0019856764338836985	0.0019856764338836985	0.0012273642423497595
2.1181001567526545	2.120939370797714	-0.0028392140450597125	0.0028392140450597125	0.0013404531584628307
0.130901946550886	0.1323804463027045	-0.0014784997518185183	0.0014784997518185183	0.011294711734815766
1.6924851057674477	1.6954965194599936	-0.0030114136925458723	0.0030114136925458723	0.0017792851956474761
1.600307729289018	1.602498226930038	-0.002190497641020084	0.002190497641020084	0.0013687977636609144
-0.2906685865003782	-0.29219049429229926	0.0015219077919210733	0.0015219077919210733	0.005235886719802427
0.9482098248918922	0.9509867140877759	-0.0027768891958837028	0.0027768891958837028	0.0029285598218730786
-1.4747847517066952	-1.4709702645632206	-0.003814487143474654	0.003814487143474654	0.0025864704249622446
-1.9791506727244959	-1.9802154110948322	0.0010647383703363822	0.0010647383703363822	0.0005379774188039281
0.43431733291809493	0.43555326737987343	-0.0012359344617784984	0.0012359344617784984	0.002845694537389267
0.4237271220873637	0.422168615841656	0.0015585062457076915	0.0015585062457076915	0.0036780894223390308
-0.6524001173870971	-0.6430595767596969	-0.009340540627400196	0.009340540627400196	0.014317196423583796
-0.4802407403099093	-0.47908259330142755	-0.001158147008481769	0.001158147008481769	0.0024115967498600658
-0.18979251725345658	-0.19397554387978744	0.004183026626330855	0.004183026626330855	0.022039997608254872
-0.2200255999944425	-0.22171891760081053	0.0016933176063680389	0.0016933176063680389	0.00769600267610137
2.8245582053891627	2.8248758608242497	-0.00031765543508699423	0.00031765543508699423	0.00011246198944702866
-1.433712810998992	-1.4386851144081447	0.0049723034091526674	0.0049723034091526674	0.0034681306960548343
0.16387447534610847	0.15957534014887642	0.004299135197232046	0.004299135197232046	0.02623431860362711
1.1231086787152909	1.123069823734113	3.8854981177838255e-05	3.8854981177838255e-05	3.459592282937743e-05
-2.1920360197651223	-2.192255786212627	0.00021976644750454355	0.00021976644750454355	0.00010025676837559066
-0.7302724322894039	-0.7283048762474209	-0.001967556041982954	0.001967556041982954	0.002694276758900328
-0.6160113376965557	-0.6228175898286281	0.006806252132072421	0.006806252132072421	0.011048907244991567
1.1928578814388093	1.198838030177285	-0.0059801487384756324	0.0059801487384756324	0.005013295239548953
0.3597590581553944	0.36216454645909835	-0.002405488303703962	0.002405488303703962	0.00668638703925263
-2.336322368402715	-2.3376110329991207	0.001288664596405642	0.001288664596405642	0.0005515782470064992
-0.9398748938234427	-0.946147192735225	0.00627229891178227	0.00627229891178227	0.006673546610300811
-1.1904734523728169	-1.1877546148753027	-0.002718837497514226	0.002718837497514226	0.002283828750733684
2.6357619287113305	2.6341147367929807	0.001647191918349833	0.001647191918349833	0.0006249395669642947
0.024057360135745966	0.02154128742404282	0.0025160727117031455	0.0025160727117031455	0.10458640089793574
0.7349084204801322	0.7313375517696841	0.003570868710448094	0.003570868710448094	0.004858930189036568
0.48580147609345464	0.4791897245013388	0.006611751592115855	0.006611751592115855	0.01360998662516196
-4.001295772654367	-4.001854713351349	0.0005589406969823685	0.0005589406969823685	0.00013968992265012695
-0.12431292441996333	-0.13241792839835398	0.008105003978390646	0.008105003978390646	0.0651984016642526
0.9612219033949183	0.9634382840886246	-0.0022163806937063324	0.0022163806937063324	0.002305795036378537
-0.5990413280323044	-0.602942833211273	0.0039015051789685895	0.0039015051789685895	0.006512914879819767
0.5440298412746114	0.5448112078738632	-0.0007813665992517649	0.0007813665992517649	0.0014362568741102426
-1.2797802955208755	-1.273883321118774	-0.0058969744021015735	0.0058969744021015735	0.004607802153807566
0.3452444215949069	0.34521258567110635	3.183592380057165e-05	3.183592380057165e-05	9.221271021122069e-05
-0.14130476776389828	-0.13864834363630507	-0.0026564241275932043	0.0026564241275932043	0.018799253341767918
-3.113840222265698	-3.110138821284636	-0.0037014009810620863	0.0037014009810620863	0.0011886932908744
-0.8664224168438067	-0.8638361887278734	-0.0025862281159333422	0.0025862281159333422	0.002984950603372456
-0.6770739740768619	-0.671757808959228	-0.0053161651176338864	0.0053161651176338864	0.007851675475906554
0.09813915832203872	0.09695687185740098	0.0011822864646377357	0.0011822864646377357	0.01204704100638526
-0.3458176579905677	-0.348440740708611	0.0026230827180432903	0.0026230827180432903	0.007585161305195225
0.48869010688949516	0.4805109292647103	0.008179177624784872	0.008179177624784872	0.016736941283393703
4.15146041928169	4.157603181738523	-0.006142762456832429	0.006142762456832429	0.0014796630188986086
0.4781248513017968	0.46941452819737606	0.00871032310442077	0.00871032310442077	0.018217674903751726
0.6122642398111932	0.6129593730292981	-0.000695133218104993	0.000695133218104993	0.0011353483886619843
0.4276022159663667	0.42260145346517675	0.00500076250118997	0.00500076250118997	0.011694893792560017
0.6484275848803933	0.6492860247817589	-0.0008584399013655819	0.0008584399013655819	0.0013238793681547751
-0.35341459575867035	-0.3467711230769055	-0.00664347268176485	0.00664347268176485	0.01879795787014228
-0.049219832036151046	-0.05110532038088422	0.0018854883447331772	0.0018854883447331772	0.03830749246255699
0.30222400958002743	0.3021280481334543	9.596144657314509e-05	9.596144657314509e-05	0.0003175176145220685
-0.009907548811999194	-0.007154922059271485	-0.0027526267527277094	0.0027526267527277094	0.27783125826177696
-2.3099467549315325	-2.3121028953028144	0.0021561403712819782	0.0021561403712819782	0.0009334156151776264
1.429263373057466	1.4332867740449728	-0.004023400987506864	0.004023400987506864	0.002815017206311
-1.600525167785635	-1.6027147339627845	0.0021895661771496044	0.0021895661771496044	0.0013680298324698773
1.5528098941658235	1.5547464554401813	-0.0019365612743578176	0.0019365612743578176	0.0012471335233204108
-1.837259068030861	-1.834265958677861	-0.002993109353000012	0.002993109353000012	0.0016291166581139638
4.9467485486531935	4.943023312080186	0.0037252365730076065	0.0037252365730076065	0.0007530677042442036
2.4030507539222428	2.3990410554688424	0.004009698453400379	0.004009698453400379	0.0016685866691978006
0.8487020926473006	0.8523300020897295	-0.003627909442428967	0.003627909442428967	0.004274655940947039
0.5013667619505114	0.5094256903248606	-0.008058928374349184	0.008058928374349184	0.016073918308818123
0.03659299732017032	0.037474614146049134	-0.0008816168258788115	0.0008816168258788115	0.024092501036881667
-0.23357502290337845	-0.23768861137796193	0.004113588474583485	0.004113588474583485	0.0176114227602372
-1.5238219493788954	-1.5173831325228093	-0.006438816856086049	0.006438816856086049	0.004225439106393295
-0.12893671735658938	-0.1270796037715627	-0.0018571135850266873	0.0018571135850266873	0.014403295066762288
0.40133278899627056	0.3997461208200548	0.0015866681762157775	0.0015866681762157775	0.003953497495642007
-0.9012531129296592	-0.9032157558976905	0.0019626429680313917	0.0019626429680313917	0.002177682317957854
-2.0716225248056648	-2.0682883769040927	-0.0033341479015720488	0.0033341479015720488	0.001609437946174494
-2.1964252329163343	-2.189591961723636	-0.006833271192698387	0.006833271192698387	0.003111087548209149
-2.4832211605777506	-2.481122504832456	-0.002098655745294664	0.002098655745294664	0.0008451344481964656
0.8339963525301168	0.8456176183244679	-0.011621265794351077	0.011621265794351077	0.013934432397810056
-0.8830749913490833	-0.8822203690215247	-0.0008546223275586184	0.0008546223275586184	0.0009677800140767236
-1.6438391588158376	-1.6423812157881912	-0.0014579430276464578	0.0014579430276464578	0.0008869134305674451
0.434015820028662	0.4240427697368432	0.00997305029181883	0.00997305029181883	0.02297854094618076
4.594901098582528	4.591630922732293	0.0032701758502353684	0.0032701758502353684	0.0007116966785735994
-1.9229187370885041	-1.9269106287538307	0.003991891665326541	0.003991891665326541	0.0020759544271593475
0.1782269106047635	0.17645489424467087	0.0017720163600926375	0.0017720163600926375	0.009942473637004604
-1.302386878115503	-1.309669563852367	0.00728268573686397	0.00728268573686397	0.005591799072332254
0.1653646542994868	0.16746259279898368	-0.002097938499496882	0.002097938499496882	0.012686740757171544
1.938111689498651	1.94546828060993	-0.007356591111278954	0.007356591111278954	0.003795751891461916
-1.792972547318067	-1.7963400950975483	0.003367547779481228	0.003367547779481228	0.0018781926050783178
0.5876486060638365	0.5864338527317159	0.0012147533321206216	0.0012147533321206216	0.002067142369752618
1.102099120233153	1.0977403999277158	0.004358720305437158	0.004358720305437158	0.003954925855049277
-1.432624506010094	-1.4353419519466115	0.0027174459365175707	0.0027174459365175707	0.0018968305547737323
0.2623157560607949	0.26432136655785143	-0.0020056104970565536	0.0020056104970565536	0.007645787379206184
0.2639968412733762	0.2682103386177914	-0.004213497344415229	0.004213497344415229	0.015960408177960104
-0.5329269663123969	-0.5341435517038917	0.0012165853914948288	0.0012165853914948288	0.0022828369896780148
1.2303949903818445	1.2279696711630095	0.0024253192188350425	0.0024253192188350425	0.0019711712399628364
2.7884498158972386	2.79803313605953	-0.009583320162291464	0.009583320162291464	0.0034367913339002814
-1.206176630249098	-1.2004169293504674	-0.005759700898630538	0.005759700898630538	0.004775172022227833
-0.7226335222666864	-0.7236279379867483	0.0009944157200618697	0.0009944157200618697	0.00137609962646444
-0.5257313583865193	-0.5247123081062455	-0.0010190502802738255	0.0010190502802738255	0.0019383479109964306
-1.0026933138072143	-1.0043147995020263	0.0016214856948120193	0.0016214856948120193	0.0016171302555666378
-0.33933371024458175	-0.3437580726313172	0.0044243623867354365	0.0044243623867354365	0.013038381549379478
-1.4390861558542294	-1.4438682283071103	0.00478207245288087	0.00478207245288087	0.0033229924653415013
0.48719192463067185	0.4869897402386414	0.0002021843920304578	0.0002021843920304578	0.000414999473120842
0.30906416927386854	0.3043748365598731	0.004689332713995464	0.004689332713995464	0.015172683151893107
-1.7993097012959565	-1.793156281564734	-0.00615341973122252	0.00615341973122252	0.0034198780381112306
-0.8223538546867152	-0.8186567538359668	-0.0036971008507483694	0.0036971008507483694	0.004495754266460903
0.16014343127959002	0.16350105033779982	-0.0033576190582098042	0.0033576190582098042	0.02096632394711107
2.6172260354763974	2.613255284813931	0.003970750662466216	0.003970750662466216	0.0015171600040053265
-0.6070595346403299	-0.6122242157289293	0.005164681088599354	0.005164681088599354	0.008507701129608844
0.5663242026695892	0.5694760184269398	-0.0031518157573506844	0.0031518157573506844	0.005565391241436224
1.3898974356080545	1.3937862258899258	-0.0038887902818713904	0.0038887902818713904	0.0027978972996450754
1.7578204002633604	1.7519711873319466	0.0058492129314138275	0.0058492129314138275	0.003327537290235957
-1.605609714665675	-1.6056788099376718	6.909527199683296e-05	6.909527199683296e-05	4.303366588138774e-05
-0.23476703929911338	-0.2347015542909503	-6.548500816308533e-05	6.548500816308533e-05	0.0002789361247583474
-1.5602619077073836	-1.5575002780678915	-0.0027616296394921136	0.0027616296394921136	0.0017699782490684494
-0.9341972595094818	-0.9366114336444298	0.002414174134947933	0.002414174134947933	0.002584223096753186
-0.031258773140160664	-0.036206536606187	0.004947763466026336	0.004947763466026336	0.15828399418752445
0.6346655337806459	0.6381073017109884	-0.003441767930342454	0.003441767930342454	0.005422963351799096
-0.3021915444792931	-0.30139784394123126	-0.0007937005380618256	0.0007937005380618256	0.002626481622539945
1.9790906363372396	1.9808969409496058	-0.001806304612366194	0.001806304612366194	0.0009126942340089963
0.05314049089344603	0.05824257095810026	-0.005102080064654228	0.005102080064654228	0.09601115794892821
0.9618974895629023	0.9615400558686815	0.00035743369422081006	0.00035743369422081006	0.0003715922934607431
0.8690946003308744	0.8811410352791427	-0.012046434948268292	0.012046434948268292	0.013860901843921334
-0.8547608363543806	-0.8584063289163169	0.0036454925619362477	0.0036454925619362477	0.004264926991138888
-0.3752263434069347	-0.37635211447195616	0.0011257710650214303	0.0011257710650214303	0.0030002452780894607
-1.836113940049862	-1.8369114550296217	0.0007975149797596615	0.0007975149797596615	0.00043434939540734814
0.6620791566238742	0.6642234966420801	-0.002144340018205959	0.002144340018205959	0.003238797048287316
-0.6775227903700359	-0.674683709803503	-0.0028390805665329255	0.0028390805665329255	0.004190383861452591
0.8355016169384468	0.8411759190494195	-0.00567430211097264	0.00567430211097264	0.006791491477616946
0.044354674491405524	0.04610922042047605	-0.001754545929070525	0.001754545929070525	0.03955718194731647
2.243881167667136	2.2384311832865933	0.005449984380542894	0.005449984380542894	0.0024288204112916556
-1.4283696268492476	-1.4303336156444857	0.0019639887952380697	0.0019639887952380697	0.0013749863889015279
3.3882203582316985	3.3895387186930748	-0.0013183604613762334	0.0013183604613762334	0.0003891011569460853
-0.10671194699915665	-0.10375816418672912	-0.00295378281242753	0.00295378281242753	0.027679963635663718
-0.9678949256720221	-0.9682597465143772	0.000364820842355118	0.000364820842355118	0.00037692194956164086
-0.910076612611828	-0.9064321347977966	-0.0036444778140314327	0.0036444778140314327	0.004004583530140555
0.16421886171325625	0.16896071792871226	-0.004741856215456003	0.004741856215456003	0.028875222772739666
-1.3917809068917482	-1.3940402168373112	0.002259309945563004	0.002259309945563004	0.0016233229916975227
0.6909964752521881	0.6837088913016487	0.007287583950539411	0.007287583950539411	0.010546484984427328
3.5100636539128924	3.5036502304137684	0.0064134234991239936	0.0064134234991239936	0.0018271530466333682
1.1587270351804961	1.1337075466144597	0.02501948856603642	0.02501948856603642	0.021592219570624852
-0.8314895335409733	-0.8268356541520916	-0.004653879388881732	0.004653879388881732	0.0055970390499839075
-0.6153040557316631	-0.6076409463275922	-0.007663109404070889	0.007663109404070889	0.012454183151708017
0.36716745093920305	0.36282850305724423	0.004338947881958821	0.004338947881958821	0.01181735437294326
-1.284118262715312	-1.2840516174037475	-6.664531156452824e-05	6.664531156452824e-05	5.1899668044284685e-05
-1.9930049160747492	-1.9979849694209406	0.004980053346191449	0.004980053346191449	0.002498766212779712
0.1418322074682959	0.1409458418493159	0.0008863656189799785	0.0008863656189799785	0.006249395922136444
1.1248476061951653	1.1190622371941572	0.005785369001008123	0.005785369001008123	0.005143246933313328
-0.7332918702179851	-0.7327278144657612	-0.0005640557522239575	0.0005640557522239575	0.0007692104264789969
-0.4420654021017816	-0.4402058057166869	-0.0018595963850946973	0.0018595963850946973	0.0042066091945972784
-0.3231787956461919	-0.33065026946133	0.00747147381513813	0.00747147381513813	0.02311870059481784
-2.7520282787331976	-2.7461849131213967	-0.005843365611800877	0.005843365611800877	0.0021232941743210107
-1.4839240820141166	-1.4761629845452262	-0.007761097468890421	0.007761097468890421	0.00523011760706542
-1.183543064355483	-1.182682570288307	-0.0008604940671759209	0.0008604940671759209	0.000727049224562451
-1.8593343602368197	-1.8593606655485928	2.630531177305606e-05	2.630531177305606e-05	1.4147703788847105e-05
-1.5230128010147896	-1.5156458321143873	-0.0073669689004023375	0.0073669689004023375	0.004837102416666292
1.0117775073706061	1.0102952164743328	0.001482290896273275	0.001482290896273275	0.0014650364190497106
0.508473779275668	0.5079178481537383	0.0005559311219296426	0.0005559311219296426	0.0010933329201784575
-0.4299511655018051	-0.4274776547390502	-0.002473510762754927	0.002473510762754927	0.005753003971667434
0.009053604209830916	0.010298655979568139	-0.0012450517697372224	0.0012450517697372224	0.13752001312198678
0.40233934102862795	0.40028075090958737	0.002058590119040582	0.002058590119040582	0.005116551898150337
0.8857323226808109	0.8760379187151557	0.00969440396565524	0.00969440396565524	0.010945071911018863
-2.1417800983743263	-2.13999291008804	-0.001787188286286323	0.001787188286286323	0.0008344406074381078
-1.8358485868771997	-1.8361768070462858	0.0003282201690861797	0.0003282201690861797	0.0001787838994088756
2.0945942396456245	2.0925672415614827	0.0020269980841418622	0.0020269980841418622	0.0009677282815810672
-0.13677879757927291	-0.1403588757966645	0.0035800782173915913	0.0035800782173915913	0.0261742191096298
-2.3966713997953186	-2.3966821063368116	1.0706541492933042e-05	1.0706541492933042e-05	4.467254665719884e-06
-0.9454194094704491	-0.9453264119656524	-9.299750479674351e-05	9.299750479674351e-05	9.83664010545685e-05
-1.4626602103820399	-1.4621318096033065	-0.0005284007787333955	0.0005284007787333955	0.00036126010332596646
-0.14328786736734134	-0.15208662989607546	0.008798762528734128	0.008798762528734128	0.06140619363241058
0.3815483199174308	0.3717089202837087	0.009839399633722101	0.009839399633722101	0.025788082714795865
2.9053147589303627	2.911374747782247	-0.0060599888518844125	0.0060599888518844125	0.002085828681129026
0.5551271587391307	0.5595036200247705	-0.004376461285639843	0.004376461285639843	0.00788370955508675
0.11268401901247169	0.1125316703110002	0.0001523487014714886	0.0001523487014714886	0.0013519991814866569
0.3145772703595165	0.31624325129087083	-0.0016659809313543383	0.0016659809313543383	0.0052959354928929295
-0.03399476376522435	-0.02985314313264098	-0.004141620632583373	0.004141620632583373	0.12183113438252893
0.7425261306758937	0.747167767258361	-0.004641636582467301	0.004641636582467301	0.006251142405240598
-0.6622810630690077	-0.6632408876612317	0.0009598245922239901	0.0009598245922239901	0.0014492707790498597
-0.37286444760404003	-0.375739731680369	0.0028752840763289766	0.0028752840763289766	0.007711338784925824
2.437783070257198	2.43668444272771	0.0010986275294877501	0.0010986275294877501	0.00045066664991312767
0.417074607648043	0.42081398169102613	-0.0037393740429831346	0.0037393740429831346	0.00896571974033644
1.3448536592265168	1.3383737041294808	0.006479955097036028	0.006479955097036028	0.0048183347329871775
-2.3691961516641227	-2.371922873862786	0.002726722198663545	0.002726722198663545	0.001150906055941504
-0.3777713184510001	-0.37640797199856024	-0.0013633464524398509	0.0013633464524398509	0.00360891996255848
0.9961549832294216	0.9970169157895725	-0.0008619325601508798	0.0008619325601508798	0.0008652594974293981
-0.1727144770186751	-0.17360423225909472	0.0008897552404196207	0.0008897552404196207	0.005151596182197363
0.4909938380369065	0.49529068019182887	-0.004296842154922376	0.004296842154922376	0.008751315845636733
-2.412727164178088	-2.4153485555871157	0.00262139140902784	0.00262139140902784	0.001086484807709634
-0.8362954309125468	-0.8314151837112149	-0.004880247201331844	0.004880247201331844	0.005835554064915347
0.29717707831716367	0.2990863740706118	-0.0019092957534481148	0.0019092957534481148	0.0064247746301967805
0.616133653136987	0.6144496328488458	0.0016840202881411859	0.0016840202881411859	0.002733206147022085
-0.6419093520073971	-0.6422832866519457	0.00037393464454860137	0.00037393464454860137	0.0005825349691186495
-0.678166799649882	-0.6733034952048911	-0.004863304444990946	0.004863304444990946	0.007171251154585759
-1.5707221034021561	-1.5676703078497667	-0.003051795552389436	0.003051795552389436	0.001942925197130225
2.917757702322923	2.928111523942789	-0.0103538216198662	0.0103538216198662	0.0035485542927787255
0.06258557979401311	0.06568527351191733	-0.0030996937179042228	0.0030996937179042228	0.04952728293172635
1.8380894472509712	1.8346179476793623	0.0034714995716089714	0.0034714995716089714	0.001888645613411748
0.22453120906986943	0.2269745400553802	-0.0024433309855107777	0.0024433309855107777	0.010881921473778124
1.9128137279486328	1.9097781587333884	0.0030355692152443936	0.0030355692152443936	0.0015869654064537913
-0.17919631716566742	-0.17823446250986308	-0.0009618546558043395	0.0009618546558043395	0.00536760281136304
1.420622283028969	1.4179674872139003	0.002654795815068667	0.002654795815068667	0.0018687555775967867
2.606093456186164	2.6115624750673305	-0.005469018881166576	0.005469018881166576	0.0020985505597217163
-0.05188563974915839	-0.04539568908512592	-0.006489950664032469	0.006489950664032469	0.12508182794715833
0.09604563366265209	0.0925244949030457	0.0035211387596063848	0.0035211387596063848	0.03666110186720128
-0.8379769200746358	-0.8397666042583296	0.0017896841836938515	0.0017896841836938515	0.002135720138371413
1.074871112434959	1.0793738456413848	-0.004502733206425802	0.004502733206425802	0.00418909128204733
0.5322374211153034	0.5287185376801062	0.0035188834351971288	0.0035188834351971288	0.006611491968797139
-2.6711633771987233	-2.665642256033607	-0.005521121165116494	0.005521121165116494	0.0020669350337179865
0.2529617086920606	0.2578420826466754	-0.004880373954614825	0.004880373954614825	0.019292935598232697
-2.869494923068696	-2.8687225822068285	-0.0007723408618676153	0.0007723408618676153	0.0002691556816004603
-0.18255487825344707	-0.1914350432343781	0.008880164980931027	0.008880164980931027	0.04864381092354265
0.5764166029112072	0.5728009400627343	0.0036156628484729225	0.0036156628484729225	0.006272655628259009
-0.7875668986114338	-0.7802411819284316	-0.0073257166830021925	0.0073257166830021925	0.009301707189469528
0.016978952783165514	0.027222156859352253	-0.01024320407618674	0.01024320407618674	0.6032883303817647
-2.693546764882278	-2.694067306947545	0.0005205420652671933	0.0005205420652671933	0.00019325525439315835
0.550797832423728	0.5584716036537429	-0.007673771230014892	0.007673771230014892	0.013932101359671782
-0.7450454658605794	-0.7438328757416457	-0.0012125901189337096	0.0012125901189337096	0.0016275384181193338
-1.2307660211788363	-1.231555470440071	0.0007894492612348092	0.0007894492612348092	0.0006414291974673376
-0.5373026772624991	-0.5444640955829527	0.007161418320453583	0.007161418320453583	0.013328462007560169
0.339672375208902	0.3430999549891567	-0.003427579780254708	0.003427579780254708	0.010090840558189967
0.8212308558529691	0.8219458068197127	-0.0007149509667436771	0.0007149509667436771	0.0008705846372529382
-0.168832352705502	-0.16721572137612384	-0.0016166313293781709	0.0016166313293781709	0.00957536457599508
-0.42383060307602044	-0.4206926842016401	-0.003137918874380363	0.003137918874380363	0.007403710000189698
0.5648403618795774	0.5619620369543554	0.002878324925221998	0.002878324925221998	0.00509582019890365
-1.7200826227008124	-1.7236081239389023	0.003525501238089923	0.003525501238089923	0.002049611566073673
-0.7376487346432273	-0.7390251266770065	0.0013763920337791502	0.0013763920337791502	0.0018659179757759075
0.7035956400110356	0.6956231136427959	0.00797252636823964	0.00797252636823964	0.011331119630182181
-0.7098344462097615	-0.7105796703399392	0.0007452241301776352	0.0007452241301776352	0.0010498562505057915
0.5503508543397881	0.5483512650243938	0.0019995893153943456	0.0019995893153943456	0.0036332991938262597
3.24719129766075	3.2402505312347785	0.006940766425971745	0.006940766425971745	0.0021374676727459255
-3.6460897348729677	-3.6511980415525613	0.0051083066795936105	0.0051083066795936105	0.0014010370152811359
-1.0842784368956846	-1.0851641709450632	0.0008857340493786392	0.0008857340493786392	0.0008168880051829835
1.9324401430878555	1.923700116094551	0.00874002699330445	0.00874002699330445	0.004522793124830619
1.360325416159615	1.3594804313470377	0.0008449848125773318	0.0008449848125773318	0.000621163732250802
-0.0028929900426206308	0.00019653634808491915	-0.00308952639070555	0.00308952639070555	1.067935369700369
0.08283724539255156	0.08357972001249436	-0.0007424746199427984	0.0007424746199427984	0.008963052989320661
2.0445310905078067	2.049330230875057	-0.004799140367250487	0.004799140367250487	0.002347306132702785
1.4200341805745078	1.4156656670820666	0.004368513492441162	0.004368513492441162	0.0030763439022811253
0.4895535840425359	0.49340230179950595	-0.0038487177569700437	0.0038487177569700437	0.007861688449278393
1.1437221881385766	1.140595311881043	0.003126876257533606	0.003126876257533606	0.0027339473606109188
1.8429967665058993	1.843789921622374	-0.0007931551164748196	0.0007931551164748196	0.0004303616429987268
-1.3258224089866089	-1.332786814600695	0.006964405614086067	0.006964405614086067	0.005252894782046491
-0.492967025999022	-0.4966134310961934	0.0036464050971714013	0.0036464050971714013	0.0073968539574868755
0.693145380001382	0.6971326638449682	-0.0039872838435861535	0.0039872838435861535	0.005752449570648806
-1.8795250872287634	-1.8772411767713493	-0.002283910457414162	0.002283910457414162	0.0012151529516329247
-0.2249755172028563	-0.2314616649528034	0.006486147749947102	0.006486147749947102	0.028830460445607782
0.2895006937710353	0.2963275819638511	-0.006826888192815794	0.006826888192815794	0.023581595276642574
-0.38320208690845226	-0.38146764200064354	-0.0017344449078087187	0.0017344449078087187	0.004526188575332788
0.028028626410485112	0.028379525247146375	-0.00035089883666126337	0.00035089883666126337	0.012519301928045859
-1.6809577715310144	-1.6831169796205359	0.002159208089521414	0.002159208089521414	0.0012845106082318828
-1.018470562784341	-1.018521812511608	5.1249727267110856e-05	5.1249727267110856e-05	5.0320283314818674e-05
-0.5697631444786063	-0.5737497103837086	0.003986565905102268	0.003986565905102268	0.00699688272878794
1.130280609747607	1.1343022069922881	-0.004021597244681097	0.004021597244681097	0.003558052053621555
-0.231183447805907	-0.23545961084892042	0.004276163043013426	0.004276163043013426	0.01849683912752929
-0.004807862673996783	-0.003516041033435613	-0.0012918216405611704	0.0012918216405611704	0.26868937990844843
0.07345722348738393	0.07419102257699706	-0.0007337990896131297	0.0007337990896131297	0.009989474891317634
0.1749307485860977	0.1708145809971029	0.004116167588994801	0.004116167588994801	0.02353026910514191
0.9051518195790732	0.9119479800574481	-0.006796160478374946	0.006796160478374946	0.00750831002199763
1.6767489991460394	1.6722861309972359	0.004462868148803478	0.004462868148803478	0.0026616196885022128
-2.401299852781251	-2.3931734012876404	-0.008126451493610354	0.008126451493610354	0.0033841885611237085
0.34119810340574774	0.34263496672792826	-0.001436863322180515	0.001436863322180515	0.004211228924891819
-1.578032874155188	-1.567352204801864	-0.010680669353323902	0.010680669353323902	0.006768344011237333
0.47562610890400625	0.4848951466556173	-0.009269037751611031	0.009269037751611031	0.019488075986765826
1.5748566722573836	1.5740635408292292	0.0007931314281544033	0.0007931314281544033	0.0005036213403582542
-0.7350998225215383	-0.7307355062948773	-0.0043643162266610025	0.0043643162266610025	0.005937038879550442
-0.21166274665844717	-0.20757681704708375	-0.00408592961136342	0.00408592961136342	0.01930396196717953
-2.083112272043347	-2.0815037005377235	-0.001608571505623324	0.001608571505623324	0.0007721962599958472
-0.05901998613971954	-0.05644968769047409	-0.002570298449245445	0.002570298449245445	0.04354962814055414
1.0699738368821972	1.072033406671835	-0.0020595697896379495	0.0020595697896379495	0.0019248786452941145
-2.1978066617196923	-2.194964146838174	-0.002842514881518099	0.002842514881518099	0.0012933416442072066
-0.12835867614214821	-0.1330271716142306	0.004668495472082396	0.004668495472082396	0.03637070443849363
0.9669809251480743	0.9678259102656739	-0.0008449851175995615	0.0008449851175995615	0.0008738384549521165
0.03199683833106662	0.030021967177162878	0.00197487115390374	0.00197487115390374	0.06172082170963382
-0.037618089886368875	-0.042617981307557784	0.0049998914211889095	0.0049998914211889095	0.13291188989903094
-1.6152772346744992	-1.62639441259671	0.011117177922210786	0.011117177922210786	0.0068825200303470205
-2.196246456735326	-2.1998990941938246	0.003652637458498642	0.003652637458498642	0.001663127308548154
-2.5628652495034627	-2.5630635864217766	0.00019833691831383504	0.00019833691831383504	7.73887422884451e-05
0.2728613722862938	0.26660608455131296	0.006255287734980852	0.006255287734980852	0.02292478294955443
-0.2605567235917619	-0.2592164328234503	-0.0013402907683116028	0.0013402907683116028	0.005143950038347731
-0.9838368499189363	-0.979313892457867	-0.0045229574610692325	0.0045229574610692325	0.004597263724612373
-0.09134993795459649	-0.0879591843840899	-0.0033907535705065966	0.0033907535705065966	0.0371182908979303
0.8789516195381954	0.8794558980298461	-0.0005042784916506893	0.0005042784916506893	0.0005737272455515119
0.49066066046452605	0.4938242582284147	-0.003163597763888637	0.003163597763888637	0.006447628715319352
2.6170775514569886	2.616236492031021	0.0008410594259675719	0.0008410594259675719	0.00032137352043669256
0.49330366473533593	0.49117474372906145	0.0021289210062744868	0.0021289210062744868	0.0043156399566110695
1.5841544214481065	1.5816283757885685	0.0025260456595379566	0.0025260456595379566	0.0015945703432300804
0.3985945508088116	0.40115000592777506	-0.0025554551189634345	0.0025554551189634345	0.006411164211296944
0.5788396643097744	0.5857186260982417	-0.006878961788467253	0.006878961788467253	0.011884053931704785
0.4841580981016084	0.4899357008980587	-0.005777602796450287	0.005777602796450287	0.01193329786097632
-0.6584960070377135	-0.6531126600748394	-0.005383346962874125	0.005383346962874125	0.008175215802889158
1.68551636797533	1.6851784803293413	0.00033788764598874366	0.00033788764598874366	0.00020046536029467329
0.22866803338041378	0.2213870557170594	0.0072809776633543655	0.0072809776633543655	0.03184081988076435
0.028373790824533635	0.02544250492064748	0.0029312859038861556	0.0029312859038861556	0.10330963254129563
-0.05674433466167274	-0.05830008194607217	0.0015557472843994308	0.0015557472843994308	0.027416786075213972
0.2236976655091935	0.22502582578454167	-0.0013281602753481558	0.0013281602753481558	0.005937300562904494
-0.12213296656579425	-0.13564578330260701	0.01351281673681276	0.01351281673681276	0.11064020728206311
0.7166228735559984	0.7179872827691725	-0.0013644092131740448	0.0013644092131740448	0.0019039431526984704
-1.265586382962748	-1.2655613718379755	-2.5011124772600368e-05	2.5011124772600368e-05	1.976247936079173e-05
1.2455459062363035	1.2563320451590698	-0.010786138922766364	0.010786138922766364	0.00865976827410489
-0.6276405310989739	-0.6245233962545171	-0.003117134844456748	0.003117134844456748	0.004966433316533538
0.017231364562624387	0.02304866757185664	-0.005817303009232253	0.005817303009232253	0.3375996711166014
-2.1386468330810864	-2.134350563210319	-0.004296269870767588	0.004296269870767588	0.0020088729959111934
-0.8799420123019424	-0.8774514753895346	-0.002490536912407748	0.002490536912407748	0.0028303420879888025
-0.3916342540777891	-0.3857637002511183	-0.0058705538266708435	0.0058705538266708435	0.01498988856450946
-0.37928421690192904	-0.3845692226605024	0.00528500575857338	0.00528500575857338	0.01393415682240191
0.8722423493872259	0.8722592629055725	-1.691351834665067e-05	1.691351834665067e-05	1.9390847461755186e-05
2.5427023608250674	2.5373635817231843	0.005338779101883073	0.005338779101883073	0.0020996476756920627
0.539575367997897	0.5361720632208744	0.0034033047770225533	0.0034033047770225533	0.0063073760940025305
-0.15375952537748272	-0.15117139628273435	-0.0025881290947483704	0.0025881290947483704	0.016832317141942662
-0.35801273054537186	-0.35364281211514026	-0.004369918430231601	0.004369918430231601	0.012206042013016602
-0.8096895659077219	-0.8086520683718845	-0.0010374975358373728	0.0010374975358373728	0.0012813522361181243
-0.22698401175889243	-0.2209526483056834	-0.006031363453209038	0.006031363453209038	0.026571754576334164
-3.1688382153485435	-3.172012213326525	0.0031739979779814576	0.0031739979779814576	0.0010016282821281068
-0.16828239015734797	-0.15821243869140744	-0.01006995146594053	0.01006995146594053	0.059839603279492816
-0.12064235498446257	-0.12750798669003416	0.006865631705571584	0.006865631705571584	0.05690896622878261
0.2672451456342076	0.2717993502301397	-0.004554204595932088	0.004554204595932088	0.017041299609481645
0.06411845990626266	0.06982817831158172	-0.005709718405319059	0.005709718405319059	0.08904952510815643
1.1812180357474515	1.184980385005474	-0.003762349258022546	0.003762349258022546	0.003185143761915052
1.529534686118834	1.5347514436143683	-0.005216757495534408	0.005216757495534408	0.0034106827016599627
4.606342389201239	4.603810097250971	0.0025322919502679397	0.0025322919502679397	0.000549740279012792
-0.5561388482293413	-0.5562112637562677	7.241552692638376e-05	7.241552692638376e-05	0.00013021123619927542
-0.35058972873195715	-0.3533287381287664	0.0027390093968092666	0.0027390093968092666	0.007812577415533392
-2.2064096955229933	-2.212631909060292	0.006222213537298682	0.006222213537298682	0.0028200626338454374
0.29338264736044944	0.2935301235993393	-0.00014747623888983208	0.00014747623888983208	0.0005026753975283446
-0.13841601789402694	-0.1405074362992309	0.0020914184052039653	0.0020914184052039653	0.015109655927287129
-1.9478741526350496	-1.946146878253785	-0.0017272743812646318	0.0017272743812646318	0.0008867484477516198
0.6228765530325846	0.626251920039067	-0.0033753670064824437	0.0033753670064824437	0.005418998339315989
0.2979999062217497	0.3093401701335097	-0.011340263911759962	0.011340263911759962	0.0380545888605796
0.20135279596579692	0.20636606859625317	-0.005013272630456256	0.005013272630456256	0.02489795389435686
-2.4270051150139054	-2.423036805339507	-0.00396830967439854	0.00396830967439854	0.001635064405035588
0.8281569613204401	0.8265025899163447	0.0016543714040954116	0.0016543714040954116	0.0019976544077557816
-2.0144698274428077	-2.0189225015201373	0.0044526740773296325	0.0044526740773296325	0.0022103453805420907
0.5603292811375111	0.561992708753678	-0.0016634276161668904	0.0016634276161668904	0.002968660878813982
-0.2702828658836735	-0.27316277009958867	0.0028799042159151633	0.0028799042159151633	0.010655149028775799
-4.771321962592684	-4.7765068302396685	0.005184867646984337	0.005184867646984337	0.0010866731877735068
0.28434180500699074	0.28768263109668624	-0.0033408260896954922	0.0033408260896954922	0.011749331371140996
-2.891720348704065	-2.8950369996891823	0.003316650985117242	0.003316650985117242	0.0011469473480046615
-0.5566142970008562	-0.5578047803282971	0.0011904833274408722	0.0011904833274408722	0.00213879401563241
0.4608723960525769	0.4578007592499489	0.0030716368026280083	0.0030716368026280083	0.006664831369673944
-1.3198025583498654	-1.3195889951020945	-0.0002135632477708871	0.0002135632477708871	0.00016181454295550302
2.024570003631515	2.0318224360380555	-0.00725243240654061	0.00725243240654061	0.003582208762123199
-0.7955644476016617	-0.7947937592689414	-0.0007706883327203151	0.0007706883327203151	0.0009687314900051919
0.9321688296471993	0.9328656778961886	-0.0006968482489893013	0.0006968482489893013	0.0007475558362673847
-0.5060032787685544	-0.5073232932772953	0.0013200145087408632	0.0013200145087408632	0.002608707421725299
0.6329921915003235	0.6336398855637526	-0.0006476940634291273	0.0006476940634291273	0.0010232259925575973
0.35778003327749813	0.3632534862845205	-0.005473453007022344	0.005473453007022344	0.01529837469375233
-0.38662861246844693	-0.3904323784809094	0.0038037660124624617	0.0038037660124624617	0.009838294140149521
-1.304388239391208	-1.3024722120462684	-0.0019160273449396747	0.0019160273449396747	0.0014689087858028639
2.1934718453362616	2.1910900250077248	0.0023818203285368433	0.0023818203285368433	0.0010858677459667633
1.7003019369308405	1.7068674569600262	-0.006565520029185645	0.006565520029185645	0.0038613847850087445
0.38361213332837907	0.38040400613681413	0.0032081271915649356	0.0032081271915649356	0.008362945050068892
-0.7903741402037235	-0.782243079811451	-0.008131060392272516	0.008131060392272516	0.01028760934685526
-0.7528049124070801	-0.7562559767393395	0.0034510643322593904	0.0034510643322593904	0.004584274458603988
0.6800062641410162	0.6647642258030828	0.015242038337933361	0.015242038337933361	0.022414555779404623
-0.17673652252832972	-0.17250228847842664	-0.004234234049903085	0.004234234049903085	0.023957889344712918
-0.7511717208777013	-0.7552719525847351	0.004100231707033775	0.004100231707033775	0.005458447906216288
0.9947628403316714	0.9963913835235871	-0.0016285431919157434	0.0016285431919157434	0.0016371170352249573
-0.7992468059428866	-0.7944235967443092	-0.004823209198577372	0.004823209198577372	0.006034693116961963
0.4685458209085452	0.4666984350478742	0.0018473858606709581	0.0018473858606709581	0.003942807252210125
0.26831488858994856	0.2668199686013395	0.001494919988609067	0.001494919988609067	0.005571513367987842
0.49865760315661334	0.4920571136608487	0.006600489495764639	0.006600489495764639	0.013236516306945036
-0.8981720856368623	-0.8962123902165331	-0.001959695420329255	0.001959695420329255	0.0021818707702763924
0.26543216233802785	0.26216492005914915	0.0032672422788787014	0.0032672422788787014	0.012309142381614888
-1.4437641504625511	-1.4467080218310002	0.0029438713684490914	0.0029438713684490914	0.0020390251188228616
0.650254755151228	0.6494049903267296	0.0008497648244983891	0.0008497648244983891	0.0013068183166161723
-1.9152571488469665	-1.9076207408943446	-0.007636407952621882	0.007636407952621882	0.0039871449936731435
0.9737225926376901	0.967753236182034	0.005969356455656105	0.005969356455656105	0.006130448754902442
-0.5870480214945523	-0.5885300179215847	0.0014819964270323949	0.0014819964270323949	0.0025244892628364774
1.1942565002943915	1.1876303815370193	0.006626118757372179	0.006626118757372179	0.0055483212825207994
-0.45060950471624084	-0.44399402759154327	-0.006615477124697566	0.006615477124697566	0.014681175286933827
1.9421503764786605	1.9452758260740666	-0.00312544959540606	0.00312544959540606	0.00160927270784915
-1.0188981403427009	-1.0217006019956898	0.002802461652988919	0.002802461652988919	0.0027504826459358598
0.25315587763595354	0.24714481878618244	0.0060110588497711	0.0060110588497711	0.023744496497194508
-1.103788646425358	-1.097873593607801	-0.005915052817556887	0.005915052817556887	0.005358863616429565
-0.703559979153185	-0.7022642421361525	-0.001295737017032561	0.001295737017032561	0.0018416866442462075
-1.2134518626602024	-1.220989113789983	0.007537251129780653	0.007537251129780653	0.006211413375110765
2.3857276666443537	2.3796549776307074	0.006072689013646215	0.006072689013646215	0.002545424232007067
0.7359284742979242	0.7339822004723828	0.0019462738255413559	0.0019462738255413559	0.002644650796258565
-0.2677751951256599	-0.26621087090461515	-0.0015643242210447439	0.0015643242210447439	0.005841931028416009
2.352442132216191	2.3423126331181265	0.010129499098064265	0.010129499098064265	0.004305950382091421
-0.6641929692264562	-0.6713475340802688	0.007154564853812606	0.007154564853812606	0.01077181660345649
1.0396612648422552	1.0446796841279138	-0.005018419285658604	0.005018419285658604	0.00482697533837623
1.2786229749274574	1.2734559331875062	0.005167041739951195	0.005167041739951195	0.004041098776787072
1.9281559671776254	1.9239032044424675	0.0042527627351578445	0.0042527627351578445	0.002205611375610297
0.7020746420957542	0.6979875161050586	0.004087125990695606	0.004087125990695606	0.00582149780897253
-0.5757385208284703	-0.5735067279601935	-0.002231792868276794	0.002231792868276794	0.0038764001148738694
-1.3470723305400976	-1.3499136639438802	0.0028413334037826754	0.0028413334037826754	0.0021092656566136033
-0.08426562803119592	-0.08551670543965884	0.0012510774084629195	0.0012510774084629195	0.014846829456961492
0.02927714109693998	0.038052061427151784	-0.008774920330211804	0.008774920330211804	0.29971916660704795
4.139676945623824	4.144028604059713	-0.0043516584358886945	0.0043516584358886945	0.0010512072543460093
-1.0931691268396675	-1.0909822667599656	-0.0021868600797019244	0.0021868600797019244	0.002000477351591604
1.0257883883532863	1.0288091216352768	-0.003020733281990484	0.003020733281990484	0.0029447918462400546
-0.031291673446581264	-0.02617995960463304	-0.005111713841948223	0.005111713841948223	0.16335699816996196
0.2620831802054308	0.2641121973283589	-0.0020290171229280785	0.0020290171229280785	0.007741882257906277
2.363160737926173	2.361593849855126	0.0015668880710473232	0.0015668880710473232	0.0006630476064960224
-2.3761971295779887	-2.37745618687768	0.0012590572996913352	0.0012590572996913352	0.0005298623098307265
1.7691658033198192	1.7638867157074856	0.005279087612333644	0.005279087612333644	0.0029839416986398317
0.6734549239121791	0.6766981787222903	-0.003243254810111229	0.003243254810111229	0.004815845418830379
0.4643766356148134	0.47125795208557975	-0.006881316470766341	0.006881316470766341	0.014818395119418085
1.1988213738371274	1.207379502375261	-0.008558128538133536	0.008558128538133536	0.007138785414495161
-1.005702783783052	-1.016145282846992	0.010442499063940014	0.010442499063940014	0.010383285432162678
0.09256309670276926	0.08961339881352615	0.002949697889243111	0.002949697889243111	0.03186688857995892
1.2286927477123515	1.238887552972301	-0.010194805259949424	0.010194805259949424	0.008297277963860924
-1.2844466125127911	-1.2823015658796066	-0.0021450466331844886	0.0021450466331844886	0.0016700161861831586
1.1642575138805284	1.1565359782252926	0.007721535655235812	0.007721535655235812	0.006632154453098222
-0.6620874546521835	-0.664519089696114	0.0024316350439304024	0.0024316350439304024	0.0036726795332616908
-0.3031661392959867	-0.29317634835024364	-0.009989790945743038	0.009989790945743038	0.03295153927460817
-0.40230999443044674	-0.4040315870952327	0.0017215926647859425	0.0017215926647859425	0.004279268943400758
-0.33247361526021924	-0.34374106508039404	0.011267449820174802	0.011267449820174802	0.033889756368655106
0.34578993481764636	0.34608477108122315	-0.00029483626357679205	0.00029483626357679205	0.0008526455917008546
3.5394410133661354	3.5343539875611896	0.0050870258049457995	0.0050870258049457995	0.0014372398878058589
0.11785060456057143	0.11818257553386502	-0.0003319709732935855	0.0003319709732935855	0.002816879680264712
0.534959008570718	0.5327184098860016	0.0022405986847163772	0.0022405986847163772	0.0041883558344081705
-0.1258665183872922	-0.12724529551633168	0.0013787771290394712	0.0013787771290394712	0.010954280349576078
-0.09806732401459498	-0.09772629891813267	-0.00034102509646230517	0.00034102509646230517	0.003477458979216683
-1.525475787443083	-1.525254385342123	-0.00022140210096011081	0.00022140210096011081	0.0001451364241783297
-0.6360084070776838	-0.6318932446447434	-0.004115162432940411	0.004115162432940411	0.006470295655129248
0.5207724244156923	0.5194785062485607	0.0012939181671315358	0.0012939181671315358	0.002484613444314596
0.2988301415287255	0.2924150921899127	0.006415049338812817	0.006415049338812817	0.021467209786788396
-0.4836702215504121	-0.48835935194802005	0.004689130397607932	0.004689130397607932	0.009694891661051315
-1.1222103054620782	-1.1241027114010649	0.001892405938986652	0.001892405938986652	0.001686320228727039
5.083995144716263	5.085991464511608	-0.0019963197953449807	0.0019963197953449807	0.0003926675259357265
-0.5151045464791357	-0.5180657608434558	0.002961214364320064	0.002961214364320064	0.005748763788944751
-0.484345207265942	-0.48904003597272094	0.004694828706778953	0.004694828706778953	0.009693145790128855
0.266463852835845	0.27341156783222686	-0.00694771499638186	0.00694771499638186	0.02607376168452386
-0.2214805956285521	-0.22256178272073157	0.0010811870921794697	0.0010811870921794697	0.004881633486270473
-0.6080967164521524	-0.6045986228855327	-0.0034980935666196755	0.0034980935666196755	0.005752528293572722
0.45763095459311454	0.45493906145566143	0.002691893137453105	0.002691893137453105	0.005882235697640911
-0.6553817565256823	-0.6576187024620594	0.0022369459363771327	0.0022369459363771327	0.0034131953080837303
1.2559421189550177	1.2596177657542285	-0.00367564679921073	0.00367564679921073	0.002926605250143996
-1.1958585966465267	-1.1924464924959466	-0.003412104150580131	0.003412104150580131	0.0028532672342269283
0.5978337582356723	0.5972503367956961	0.0005834214399762505	0.0005834214399762505	0.0009758924315315424
1.9102028146083143	1.9084796640527202	0.0017231505555941329	0.0017231505555941329	0.0009020772780860255
-1.4776993073622235	-1.4736864050064469	-0.004012902355776671	0.004012902355776671	0.0027156420360918538
-0.7326381907369802	-0.7337320312217344	0.0010938404847541383	0.0010938404847541383	0.001493015923253762
-0.7516199819352574	-0.7495175977965118	-0.0021023841387455278	0.0021023841387455278	0.002797137102891208
0.7247185541800121	0.7215450914372923	0.0031734627427197903	0.0031734627427197903	0.004378889879962335
-0.4696332200401167	-0.46739334902667906	-0.0022398710134376443	0.0022398710134376443	0.0047694049693637755
0.19132388019055035	0.18895431821874809	0.00236956197180227	0.00236956197180227	0.01238508214156167
1.2457789815688831	1.2418071128195152	0.003971868749367946	0.003971868749367946	0.0031882611668130226
0.09698902316767515	0.10078752529807389	-0.0037985021303987426	0.0037985021303987426	0.03916424772968248
0.3654445872534551	0.3713401783898007	-0.005895591136345635	0.005895591136345635	0.016132654147800338
-0.7661742563500261	-0.7675871565879788	0.0014129002379527078	0.0014129002379527078	0.0018440977705040842
-0.1734407214828011	-0.17490257414465304	0.0014618526618519478	0.0014618526618519478	0.008428543477875866
-0.5542469719823255	-0.5501582127180882	-0.004088759264237352	0.004088759264237352	0.007377143170694198
-0.7452178611786123	-0.7458953041350469	0.0006774429564345708	0.0006774429564345708	0.0009090535690638829
-0.7467754476886561	-0.7479418436560081	0.0011663959673520186	0.0011663959673520186	0.001561909903388133
-0.7225138002595195	-0.7230913397506811	0.0005775394911615717	0.0005775394911615717	0.000799347349426579
-0.4275559755784812	-0.4251089703757316	-0.002447005202749597	0.002447005202749597	0.005723239394418031
2.349481917599994	2.351279639697168	-0.0017977220971738817	0.0017977220971738817	0.0007651568133838896
-0.3690230070051769	-0.36804115006816573	-0.0009818569370111385	0.0009818569370111385	0.0026606930147240505
3.125019484294702	3.124604399999953	0.00041508429474923503	0.00041508429474923503	0.00013282614615214695
-1.2022314502660116	-1.2011348335363436	-0.0010966167296679874	0.0010966167296679874	0.000912151091560069
-0.7923671650346249	-0.793875549788936	0.0015083847543111428	0.0015083847543111428	0.0019036436905424134
-2.957160575217044	-2.9546016339736525	-0.0025589412433912884	0.0025589412433912884	0.0008653372646845437
0.9161740014562108	0.9181708719552262	-0.001996870499015424	0.001996870499015424	0.002179575600095072
-3.5717653040247845	-3.567533809473389	-0.004231494551395709	0.004231494551395709	0.0011847067741622105
1.748460493360641	1.7458994971093489	0.002560996251292025	0.002560996251292025	0.0014647149655464297
1.6365766344789356	1.6328349174727919	0.0037417170061437854	0.0037417170061437854	0.0022863072387289086
0.7066382084701357	0.7070635929267155	-0.0004253844565798026	0.0004253844565798026	0.0006019833791619555
0.46887607077230486	0.46604546878370456	0.002830601988600301	0.002830601988600301	0.006036993920244002
0.1283933151636584	0.13034129187872168	-0.0019479767150632765	0.0019479767150632765	0.01517194810789222
3.9074607771267664	3.9222045179485576	-0.014743740821791196	0.014743740821791196	0.0037732281045780736
1.7853021519501646	1.7789768699003616	0.006325282049802983	0.006325282049802983	0.0035429756486282152
-0.04494615864806148	-0.04266756513970904	-0.002278593508352439	0.002278593508352439	0.050696067848519336
-0.16166989097928186	-0.1607940866961144	-0.0008758042831674695	0.0008758042831674695	0.005417238038959923
3.0077797153949266	3.017098319105571	-0.009318603710644524	0.009318603710644524	0.0030981669511728105
-0.7687799376986297	-0.7708212215220556	0.0020412838234258324	0.0020412838234258324	0.0026552251474413974
0.15143361981658957	0.14975955127738416	0.0016740685392054033	0.0016740685392054033	0.011054801049020483
0.7873484092457834	0.793185750808334	-0.005837341562550558	0.005837341562550558	0.007413924374524694
-2.4871697094053484	-2.4861014771886403	-0.0010682322167081537	0.0010682322167081537	0.0004294971158054007
-0.20414245597960862	-0.19514214000082575	-0.009000315978782869	0.009000315978782869	0.04408840843808547
2.062763782213063	2.0620270079234615	0.0007367742896016161	0.0007367742896016161	0.0003571782168926575
2.2495366864323083	2.2493990163638955	0.0001376700684128096	0.0001376700684128096	6.119929905706487e-05
2.1304073452775283	2.1254099574434804	0.004997387834047906	0.004997387834047906	0.0023457428670275713
1.0517544641656607	1.056160792359151	-0.004406328193490294	0.004406328193490294	0.004189502724845348
1.0213279700833047	1.0137149401998613	0.007613029883443367	0.007613029883443367	0.007454050125370022
-1.8509446021443465	-1.8559571544756182	0.005012552331271625	0.005012552331271625	0.002708104999719878
-0.639632309284548	-0.6397788383765146	0.00014652909196666286	0.00014652909196666286	0.00022908331839984912
-0.7673926595775635	-0.7678201127419015	0.00042745316433800973	0.00042745316433800973	0.0005570201369574154
-0.5405493297107531	-0.5399454985308694	-0.0006038311798837181	0.0006038311798837181	0.001117069519273712
-0.05122449848891413	-0.04788597834703978	-0.00333852014187435	0.00333852014187435	0.06517428653004506
1.0261577500985908	1.0283446936227847	-0.0021869435241939073	0.0021869435241939073	0.0021311962259056086
-1.3023142760650273	-1.2998986585444072	-0.002415617520620028	0.002415617520620028	0.0018548652694792478
0.614879839055887	0.6093673873692751	0.005512451686611852	0.005512451686611852	0.008965087707341175
-0.9561836475125671	-0.9524480210529873	-0.0037356264595798105	0.0037356264595798105	0.003906808560570696
3.4488794769244753	3.44771839081659	0.0011610861078854562	0.0011610861078854562	0.00033665604021653145
-1.244049999665827	-1.2495045775722247	0.005454577906397695	0.005454577906397695	0.0043845327019516
1.7033248599570388	1.7048585814336548	-0.0015337214766160123	0.0015337214766160123	0.0009004280467407114
0.8219829307945014	0.809432181995362	0.01255074879913931	0.01255074879913931	0.015268867915551695
-1.0173866326532908	-1.0142217652173713	-0.003164867435919483	0.003164867435919483	0.0031107814220692827
-1.210914028681327	-1.2105183541279985	-0.00039567455332845114	0.00039567455332845114	0.00032675693233097375
0.2509876638612013	0.2462936990923481	0.004693964768853198	0.004693964768853198	0.01870197401992238
-0.7492341089697889	-0.753336875277455	0.004102766307666039	0.004102766307666039	0.0054759470485232185
-1.177722165535557	-1.177036432636669	-0.0006857328988880695	0.0006857328988880695	0.0005822535390392688
-1.5770249993334493	-1.5797094984009163	0.002684499067467039	0.002684499067467039	0.0017022552392014572
-0.07181185787264432	-0.0699184492987115	-0.001893408573932831	0.001893408573932831	0.02636623852972473
1.5759229380869924	1.576722794197849	-0.0007998561108566449	0.0007998561108566449	0.0005075477306191047
-0.46953785749752414	-0.4735113398055546	0.003973482308030463	0.003973482308030463	0.0084625387380003
-0.9696203074861036	-0.9651184209360508	-0.004501886550052792	0.004501886550052792	0.004642937565658722
-2.3342127923151685	-2.3344667242781725	0.0002539319630039394	0.0002539319630039394	0.00010878698113554557
1.8615618089618717	1.8601463107188465	0.001415498243025226	0.001415498243025226	0.0007603820814387034
0.9146689266293653	0.9131301176239504	0.0015388090054149206	0.0015388090054149206	0.0016823672048044377
0.48828046566542066	0.48552411863056477	0.0027563470348558883	0.0027563470348558883	0.005645007795058079
1.2297048877240009	1.229861396495835	-0.00015650877183404077	0.00015650877183404077	0.00012727344047864606
-0.2103552177702891	-0.21357216792239342	0.0032169501521043253	0.0032169501521043253	0.015292942034921524
-0.526286280634742	-0.528261005456443	0.001974724821700913	0.001974724821700913	0.0037521875343572357
-0.4487083970764557	-0.44795291978516616	-0.0007554772912895524	0.0007554772912895524	0.0016836709457898247
0.23672733319009243	0.2388118955423124	-0.0020845623522199874	0.0020845623522199874	0.008805752695004934
-1.098440326456109	-1.092735836209613	-0.005704490246495997	0.005704490246495997	0.005193263674960257
0.9054829651950063	0.9033690275828121	0.002113937612194139	0.002113937612194139	0.0023345967770237157
0.03558352507473324	0.029430570066324435	0.006152955008408803	0.006152955008408803	0.1729158366262545
-1.2496834020421264	-1.2454146290110657	-0.0042687730310606575	0.0042687730310606575	0.0034158835942647487
-0.0719397140249819	-0.07966750672494527	0.007727792699963376	0.007727792699963376	0.10742039782476492
-0.45194764387034225	-0.45129104546504095	-0.0006565984053013008	0.0006565984053013008	0.0014528196223757063
4.901793886548376	4.907541264401516	-0.005747377853140279	0.005747377853140279	0.0011725050024874312
2.1872196020371817	2.185740162531147	0.0014794395060349075	0.0014794395060349075	0.0006764019052576861
0.6988509111106634	0.7061355499899946	-0.007284638879331173	0.007284638879331173	0.010423738115693243
0.43424537135820873	0.4336841175245354	0.0005612538336733364	0.0005612538336733364	0.001292480866100835
0.04307631809794065	0.041720171793713234	0.0013561463042274166	0.0013561463042274166	0.031482409920550986
-0.39600193852928856	-0.39537415432278067	-0.0006277842065078865	0.0006277842065078865	0.0015853058922878358
-0.9940658350475264	-0.9982022093026899	0.004136374255163444	0.004136374255163444	0.004161066711407181
0.6468644163939984	0.6554838873853441	-0.008619470991345746	0.008619470991345746	0.013325004085702738
-0.2354814482145681	-0.2310646086698398	-0.004416839544728296	0.004416839544728296	0.018756634878106068
-2.185858188757768	-2.1887556213187054	0.0028974325609372187	0.0028974325609372187	0.0013255354697021041
-1.0170706389547528	-1.0210821728833253	0.004011533928572453	0.004011533928572453	0.0039442038487072255
0.4157677301676882	0.42167817082372494	-0.005910440656036742	0.005910440656036742	0.014215727261115075
-0.05132950593756169	-0.0460203973489115	-0.005309108588650191	0.005309108588650191	0.10343190513285486
-2.2261513040927547	-2.226403208624106	0.00025190453135115476	0.00025190453135115476	0.00011315696776226801
0.19501272220002244	0.18381740665063262	0.011195315549389823	0.011195315549389823	0.057408129188140394
0.6396758937145188	0.6470883909059921	-0.0074124971914732996	0.0074124971914732996	0.011587895158014857
2.9205626406300764	2.9167678967496613	0.003794743880415119	0.003794743880415119	0.0012993194624979687
-0.44111420454681155	-0.4449522548384266	0.003838050291615047	0.003838050291615047	0.00870080866146252
0.06846348754204103	0.06582701826118864	0.0026364692808523854	0.0026364692808523854	0.03850912910671432
1.1300921344720365	1.1312135411571944	-0.0011214066851579219	0.0011214066851579219	0.0009923143883147436
-0.6579377927529346	-0.6550144480570452	-0.002923344695889396	0.002923344695889396	0.004443193153045025
-0.48016889745625924	-0.48683899876778014	0.006670101311520904	0.006670101311520904	0.01389115652191636
2.2270001953427987	2.230808291642461	-0.003808096299662278	0.003808096299662278	0.001709966756009244
-1.2254604623174343	-1.230023099196842	0.004562636879407611	0.004562636879407611	0.0037232020287128113
0.8723360839234859	0.8779518502706196	-0.005615766347133677	0.005615766347133677	0.006437617852371501
-1.028547148509681	-1.0331616995244985	0.004614551014817447	0.004614551014817447	0.0044864749481866
1.00777183763756	1.015730438666651	-0.007958601029091072	0.007958601029091072	0.00789722507799761
1.4071220224547287	1.4036586071597412	0.003463415294987504	0.003463415294987504	0.002461346805549646
-1.105047295190814	-1.0960462877847021	-0.00900100740611176	0.00900100740611176	0.008145359429668132
0.668482438005314	0.6629601175518474	0.005522320453466678	0.005522320453466678	0.008260980602489334
1.4672816416185672	1.4688565443066182	-0.0015749026880509387	0.0015749026880509387	0.0010733472316287241
0.5830881415991008	0.5743115052609937	0.008776636338107102	0.008776636338107102	0.015051989076707089
0.6430208405132762	0.6461533230321947	-0.0031324825189185113	0.0031324825189185113	0.004871510099762989
-0.8304654805911758	-0.8374710068892455	0.00700552629806972	0.00700552629806972	0.008435662242195498
1.3561513325986971	1.355271422653459	0.000879909945238122	0.000879909945238122	0.0006488287288351608
-0.9731181459346229	-0.9673365075286711	-0.0057816384059518056	0.0057816384059518056	0.005941352989979322
-1.8713619428088908	-1.876144271591329	0.004782328782438228	0.004782328782438228	0.0025555338457188097
-1.9545180078875086	-1.9469919243420009	-0.007526083545507767	0.007526083545507767	0.0038506084441975257
-1.860345186895026	-1.863477295046323	0.0031321081512969418	0.0031321081512969418	0.0016836166606932382
3.3912083269589703	3.3909080339071807	0.0003002930517896907	0.0003002930517896907	8.855045837274622e-05
-2.3264927569093508	-2.327757401872077	0.001264644962726269	0.001264644962726269	0.00054358431117847
0.4986873175943496	0.49712527288647834	0.0015620447078712463	0.0015620447078712463	0.003132312879754986
-0.6014015270846472	-0.6056063521100441	0.004204825025396874	0.004204825025396874	0.006991709924283324
0.30534229234685006	0.3008441562997177	0.0044981360471323395	0.0044981360471323395	0.014731454370633773
1.0093532893301587	1.0107157522725174	-0.0013624629423587553	0.0013624629423587553	0.001349837521471726
1.36512446190578	1.3682761855307035	-0.0031517236249234415	0.0031517236249234415	0.0023087445232088818
-2.610186343932226	-2.615823490486946	0.0056371465547200295	0.0056371465547200295	0.0021596720739208647
0.5538585684675902	0.553263160327333	0.0005954081402571587	0.0005954081402571587	0.001075018378616995
0.6471190677573566	0.6513058106065728	-0.004186742849216163	0.004186742849216163	0.00646981839636662
-0.03765333113192158	-0.03264088627474848	-0.005012444857173101	0.005012444857173101	0.13312088748832296
-0.5712702078946359	-0.5717402364098234	0.000470028515187515	0.000470028515187515	0.0008227779231123605
1.340672308072703	1.3415065131994197	-0.000834205126716725	0.000834205126716725	0.0006222289531108053
-0.5002634127450831	-0.49330981710227206	-0.006953595642811061	0.006953595642811061	0.013899868480596586
-0.6358533590333311	-0.6274632978602313	-0.008390061173099816	0.008390061173099816	0.013194962413747372
-2.6950998182757364	-2.6958522794302553	0.0007524611545188797	0.0007524611545188797	0.00027919602436108926
1.298310064695991	1.2993052550882567	-0.000995190392265588	0.000995190392265588	0.0007665275186005888
-0.061309150772438606	-0.057777928304858506	-0.0035312224675801	0.0035312224675801	0.05759698875436966
0.33954075012975804	0.3332864598633023	0.006254290266455742	0.006254290266455742	0.01841985170871425
0.33736183276829407	0.334756539814407	0.0026052929538870617	0.0026052929538870617	0.007722548020648269
0.6338861972621644	0.6422287533496274	-0.008342556087462927	0.008342556087462927	0.013160968204538123
4.733111587820023	4.741268672660226	-0.008157084840203055	0.008157084840203055	0.001723408520769747
1.6520660901201067	1.6412942059105262	0.010771884209580529	0.010771884209580529	0.006520250172798718
0.44575974013100583	0.44536359382618684	0.0003961463048189895	0.0003961463048189895	0.0008886991559681112
-1.8632228081317814	-1.86323580055614	1.2992424358593269e-05	1.2992424358593269e-05	6.9730921615437545e-06
0.7375483139895036	0.7412762042804388	-0.003727890290935232	0.003727890290935232	0.005054435377623662
-1.0505807041501427	-1.0452867245476227	-0.0052939796025199826	0.0052939796025199826	0.005039098454413835
-0.3152587042971698	-0.3123051719740033	-0.0029535323231664745	0.0029535323231664745	0.00936859881395189
-0.21433436982580237	-0.21650021699315403	0.002165847167351659	0.002165847167351659	0.010104992349626075
-1.2099202102697506	-1.2066834060533438	-0.003236804216406819	0.003236804216406819	0.00267522121618679
-1.7761730769291129	-1.7742638101481134	-0.0019092667809994524	0.0019092667809994524	0.0010749328462406659
-1.5419859997458691	-1.5392887307825731	-0.002697268963296029	0.002697268963296029	0.0017492175439599057
-1.442703491720578	-1.435465577742434	-0.007237913978143995	0.007237913978143995	0.0050169102796805524
-2.2871630740819926	-2.2905000478203874	0.0033369737383948106	0.0033369737383948106	0.0014590012300431112
-1.5021742149662252	-1.506585489551071	0.0044112745848459145	0.0044112745848459145	0.0029365931999738777
0.5818020327178653	0.5760267486039083	0.005775284113957002	0.005775284113957002	0.009926545094691383
1.4266842615861928	1.4168264569889288	0.00985780459726393	0.00985780459726393	0.006909590904370101
-2.1604621345798307	-2.1743179622717435	0.013855827691912737	0.013855827691912737	0.006413362895900712
1.2640359749970613	1.274134552659234	-0.010098577662172703	0.010098577662172703	0.007989153680690282
0.5355446603429468	0.5332201053533936	0.002324554989553196	0.002324554989553196	0.004340543677654484
0.3194798016855682	0.3193368138454389	0.0001429878401293383	0.0001429878401293383	0.00044756457020111344
0.6878757903974955	0.6798577669542283	0.008018023443267186	0.008018023443267186	0.011656208221303872
0.6310087312885925	0.6329428742901655	-0.0019341430015730188	0.0019341430015730188	0.003065160441794959
-0.6442168835975611	-0.64132805528061	-0.002888828316951142	0.002888828316951142	0.0044842480700269536
1.1235342511670676	1.1229547417315189	0.0005795094355487418	0.0005795094355487418	0.000515791516766648
1.0562849208367033	1.0568578763923142	-0.0005729555556108767	0.0005729555556108767	0.0005424251963731791
-0.16375336868611648	-0.1672649977990659	0.003511629112949416	0.003511629112949416	0.02144462212365554
-0.729450529229817	-0.7330795615416719	0.0036290323118548518	0.0036290323118548518	0.004975021836897601
1.62737241134471	1.6300126571877627	-0.0026402458430527798	0.0026402458430527798	0.0016223980599936096
-0.06157717762225211	-0.06069267328712158	-0.0008845043351305287	0.0008845043351305287	0.0143641584314981
0.7690127124323822	0.7819403963367222	-0.01292768390433996	0.01292768390433996	0.01681075448473378
1.5387840328242284	1.5416573551192414	-0.0028733222950130255	0.0028733222950130255	0.0018672680725309021
-3.4916620591728296	-3.4956769486598205	0.0040148894869909135	0.0040148894869909135	0.0011498505350606685
1.0327207446443625	1.0336101295251865	-0.0008893848808240179	0.0008893848808240179	0.0008612055925440859
0.9685786877524611	0.9689202870504232	-0.00034159929796206967	0.00034159929796206967	0.0003526809977150477
-0.8990813879272654	-0.8956444053183077	-0.0034369826089577504	0.0034369826089577504	0.0038227713921220644
0.25941144136598077	0.2582167599030072	0.0011946814629735791	0.0011946814629735791	0.004605353783482927
0.3789297235120613	0.3800671547651291	-0.001137431253067811	0.001137431253067811	0.0030016944633576804
1.5392410200939952	1.5416949245263822	-0.002453904432387022	0.002453904432387022	0.001594230143526952
-1.489141642121883	-1.4888734986016061	-0.0002681435202769311	0.0002681435202769311	0.00018006582630706135
-1.7510779143754718	-1.7496198470325908	-0.0014580673428810087	0.0014580673428810087	0.0008326684557614523
3.0398947675950403	3.0409753053390887	-0.001080537744048371	0.001080537744048371	0.00035545235169545674
-1.3827382506715766	-1.3903141461923951	0.007575895520818499	0.007575895520818499	0.005478907896804758
-1.9009893805128648	-1.9033838434552308	0.0023944629423660047	0.0023944629423660047	0.0012595877530467879
1.1314534161877305	1.1261274685239187	0.005325947663811892	0.005325947663811892	0.004707173611934379
-1.415881242983003	-1.4145389377517859	-0.0013423052312171446	0.0013423052312171446	0.0009480351815305872
1.6970358198777387	1.6893521769816289	0.007683642896109788	0.007683642896109788	0.004527684569830322
-1.5642405933411538	-1.57319825484592	0.008957661504766179	0.008957661504766179	0.005726524131197095
-1.1998651736605281	-1.2026878011965891	0.0028226275360609954	0.0028226275360609954	0.0023524539240102884
1.2298882575589702	1.2303974763199221	-0.0005092187609518906	0.0005092187609518906	0.0004140366068398492
-0.7351647331011065	-0.7325644237425877	-0.0026003093585188486	0.0026003093585188486	0.0035370431162415816
0.7211616615086583	0.7298091841221321	-0.00864752261347379	0.00864752261347379	0.011991101406282907
-0.41562270427683257	-0.41205750494555105	-0.003565199331281521	0.003565199331281521	0.008577970583885281
0.5941362606571214	0.5987956228636904	-0.004659362206568929	0.004659362206568929	0.007842245146619433
0.8398515780691417	0.8329430893354584	0.006908488733683327	0.006908488733683327	0.008225844796965516
2.0487400440851355	2.0538108965411084	-0.00507085245597283	0.00507085245597283	0.002475107796429692
-1.542713675448323	-1.5419538049172843	-0.0007598705310387643	0.0007598705310387643	0.0004925544792477067
1.954695423390899	1.9555439430405386	-0.0008485196496395009	0.0008485196496395009	0.00043409302517705557
-0.6787229221127199	-0.6821199040132342	0.0033969819005142954	0.0033969819005142954	0.0050049612144234265
-0.6837646225030062	-0.6765866182831815	-0.00717800421982473	0.00717800421982473	0.010497770700023562
-1.8735821768407328	-1.8744962162600132	0.0009140394192803658	0.0009140394192803658	0.00048785659395075755
1.716600879015563	1.721161388559267	-0.004560509543704017	0.004560509543704017	0.0026567093140016213
-0.18209048868399208	-0.17917009245138615	-0.0029203962326059263	0.0029203962326059263	0.01603815912468724
-0.02194796196957284	-0.025330809876322746	0.0033828479067499057	0.0033828479067499057	0.15413038857273653
1.7029291172422152	1.7013773613143712	0.0015517559278439563	0.0015517559278439563	0.0009112275503028134
-1.3095810299752342	-1.3117560101818526	0.0021749802066184376	0.0021749802066184376	0.0016608214053463871
0.22754186956069117	0.22507944413519	0.00246242542550118	0.00246242542550118	0.010821856347824324
-0.971482231888046	-0.9704116546345176	-0.0010705772535284375	0.0010705772535284375	0.0011020039465341567
-1.776975327020794	-1.7823118396336213	0.005336512612827304	0.005336512612827304	0.0030031438994565494
0.04588702174942167	0.046329547330969945	-0.000442525581548274	0.000442525581548274	0.009643806999826728
1.0423512136272313	1.0485962284292327	-0.006245014802001458	0.006245014802001458	0.005991276951911162
-0.11767689616009502	-0.12090335076209158	0.0032264546019965534	0.0032264546019965534	0.02741791045888126
0.4041648556104453	0.39560657751280814	0.00855827809763715	0.00855827809763715	0.021175215951695848
-2.356529423385603	-2.3587602427141974	0.002230819328594258	0.002230819328594258	0.0009466545617704452
1.3573946659168266	1.3530381947930437	0.004356471123782901	0.004356471123782901	0.003209435865021913
6.780961580799446	6.777552394851227	0.00340918594821904	0.00340918594821904	0.0005027584816100834
-0.09022037286728969	-0.08302099922730122	-0.007199373639988474	0.007199373639988474	0.07979764892546437
0.10147535035522867	0.10269561789755244	-0.0012202675423237663	0.0012202675423237663	0.01202526069682981
0.5089436811225174	0.5196469410293503	-0.010703259906832852	0.010703259906832852	0.021030342459947487
-0.7038787495548037	-0.6934632856427925	-0.010415463912011202	0.010415463912011202	0.014797241596793312
0.1850907194981803	0.18031099352810998	0.004779725970070314	0.004779725970070314	0.025823693284186006
-2.9893415797829137	-2.9942753062641714	0.004933726481257672	0.004933726481257672	0.001650439185212136
0.1766596361695154	0.17193104395119008	0.004728592218325334	0.004728592218325334	0.026766681517378245
1.8130628955674408	1.8068086155835772	0.006254279983863631	0.006254279983863631	0.003449565924686913
-0.20455797841195864	-0.21062264386273455	0.0060646654507759135	0.0060646654507759135	0.029647660276355996
-1.1398435788473493	-1.1435269316280028	0.0036833527806534594	0.0036833527806534594	0.0032314546039538144
0.4678932368016252	0.46572134669986553	0.002171890101759666	0.002171890101759666	0.004641849744625593
-1.376746326555996	-1.3799470780213596	0.0032007514653635827	0.0032007514653635827	0.0023248665375926094
0.8744069932100588	0.8698991678102175	0.004507825399841292	0.004507825399841292	0.005155294313569582
-1.7832224311350573	-1.7782506693038158	-0.0049717618312414835	0.0049717618312414835	0.002788077215962821
-1.525757559238852	-1.5171518152783392	-0.008605743960512724	0.008605743960512724	0.0056403089130397845
-0.8117288672988929	-0.802399699750822	-0.009329167548070894	0.009329167548070894	0.011492960179073844
-0.7659742715786229	-0.7527831330662593	-0.013191138512363532	0.013191138512363532	0.017221385889603653
-1.22534956346732	-1.2276431680220412	0.0022936045547212736	0.0022936045547212736	0.0018717961168820737
-0.6305350512387701	-0.634762483969098	0.004227432730327885	0.004227432730327885	0.006704516619690738
-1.297701041814681	-1.3028268203925109	0.005125778577829809	0.005125778577829809	0.003949891702839365
1.4556779972833507	1.4577277142961975	-0.002049717012846841	0.002049717012846841	0.0014080840794956796
-1.5657088278810232	-1.557338884595083	-0.008369943285940096	0.008369943285940096	0.00534578533178975
1.3715213363088077	1.3614894578495296	0.01003187845927811	0.01003187845927811	0.007314416621674314
1.6843205359693485	1.6895115913939662	-0.00519105542461773	0.00519105542461773	0.0030819878483700903
-1.9208310083484064	-1.921512446642737	0.0006814382943305386	0.0006814382943305386	0.00035476223122640115
-1.0545010943552735	-1.0558534850133583	0.00135239065808479	0.00135239065808479	0.0012824933661274647
1.699508246841003	1.6993061999528436	0.00020204688815939065	0.00020204688815939065	0.00011888550028218433
-0.46485104774314145	-0.46452153037535027	-0.0003295173677911878	0.0003295173677911878	0.0007088665700357123
1.3525770849922754	1.3579356091213413	-0.0053585241290659	0.0053585241290659	0.003961714410603447
1.2378645384982774	1.2385537156660575	-0.0006891771677801639	0.0006891771677801639	0.0005567468380799108
-1.3832363188558308	-1.3831588985340204	-7.742032181035086e-05	7.742032181035086e-05	5.597042295302837e-05
2.2711255471046528	2.2707588668708922	0.00036668023376051906	0.00036668023376051906	0.00016145308841599787
-1.2138906008757409	-1.2198843051010044	0.005993704225263574	0.005993704225263574	0.004937598347774929
-0.43384906881381835	-0.4293533165764529	-0.004495752237365425	0.004495752237365425	0.010362479858853238
-0.04952431430707159	-0.04909762901661452	-0.00042668529045707115	0.00042668529045707115	0.008615672855386605
0.9773791546265771	0.9727694996399805	0.004609654986596601	0.004609654986596601	0.004716342644280961
-0.04750121054405961	-0.05024586607760284	0.002744655533543229	0.002744655533543229	0.05778074920843189
-1.6423952641347284	-1.6454560209240299	0.003060756789301511	0.003060756789301511	0.0018635932872797373
0.4495060593440782	0.4470183703233488	0.0024876890207294333	0.0024876890207294333	0.0055342724953685455
1.7260645361330282	1.7239332919416483	0.0021312441913798885	0.0021312441913798885	0.001234741892185909
-1.64330682705405	-1.641032236875617	-0.0022745901784331224	0.0022745901784331224	0.0013841542802513463
-0.08209687031225572	-0.08466178041999228	0.0025649101077365594	0.0025649101077365594	0.03124248339773386
-0.5119764254932938	-0.5043688015575754	-0.007607623935718455	0.007607623935718455	0.014859324681577754
0.5832267812710286	0.5787920963484794	0.00443468492254917	0.00443468492254917	0.00760370590816259
0.6893546165388261	0.6861857600597432	0.0031688564790829377	0.0031688564790829377	0.004596845227487441
1.7262392467275096	1.724143723549787	0.002095523177722658	0.002095523177722658	0.0012139239573513419
1.6874510204070545	1.6861374369909754	0.0013135834160791227	0.0013135834160791227	0.0007784423963678982
-1.0526778569428583	-1.0560113787505543	0.0033335218076959716	0.0033335218076959716	0.0031667064959236837
-0.886348111463535	-0.8790918309387052	-0.007256280524829739	0.007256280524829739	0.008186716292369816
0.5890251309324701	0.5849757562828017	0.004049374649668369	0.004049374649668369	0.0068747060813142405
0.6895659407155555	0.6902621862536762	-0.0006962455381206434	0.0006962455381206434	0.0010096866695564408
-0.29989131938370217	-0.2915750847023446	-0.00831623468135756	0.00831623468135756	0.027730828282885974
0.08845169809206449	0.08688115849508904	0.001570539596975451	0.001570539596975451	0.017755901026804063
-0.25323100353846617	-0.2537000509619247	0.0004690474234585462	0.0004690474234585462	0.001852251173451979
0.8354750957919369	0.8337195140484255	0.0017555817435114252	0.0017555817435114252	0.002101297516052624
-2.0916150479689652	-2.088253491820069	-0.0033615561488962165	0.0033615561488962165	0.0016071581394293422
2.479827221833561	2.4785473324300256	0.0012798894035355168	0.0012798894035355168	0.0005161203943027848
-1.625459466153162	-1.634412115890882	0.00895264973771992	0.00895264973771992	0.005507765603597241
1.017574251864485	1.0246008259855444	-0.007026574121059337	0.007026574121059337	0.0069052200448121185
0.3416719772020362	0.34663520091271494	-0.004963223710678755	0.004963223710678755	0.014526282639046866
-0.8074041633170902	-0.7982188017194858	-0.009185361597604413	0.009185361597604413	0.011376410990832437
-0.5566450738508684	-0.5519333881238708	-0.004711685726997539	0.004711685726997539	0.008464434427492758
0.9000985033524946	0.903716876564431	-0.0036183732119363654	0.0036183732119363654	0.004019974701057075
1.392104252390357	1.3913905368099222	0.0007137155804348705	0.0007137155804348705	0.0005126883128252517
1.3526341541622275	1.3584394273493672	-0.005805273187139637	0.005805273187139637	0.00429182803737143
0.09976778360899019	0.10092011143569835	-0.001152327826708155	0.001152327826708155	0.011550099491278238
1.191021124878245	1.1902780534001067	0.0007430714781382353	0.0007430714781382353	0.0006238944571316462
-1.2432640957953642	-1.2481752019084524	0.004911106113088204	0.004911106113088204	0.0039501712706875676
-1.730006506202274	-1.7249060219910461	-0.005100484211227885	0.005100484211227885	0.002948245681702385
-1.6954788997857475	-1.699224385447451	0.003745485661703407	0.003745485661703407	0.002209101901637769
2.082353323509552	2.0822124533879105	0.0001408701216414343	0.0001408701216414343	6.764948102275696e-05
1.581864520830826	1.5800474830029998	0.0018170378278261623	0.0018170378278261623	0.0011486684250758836
-0.34846954822116694	-0.35324056079844013	0.004771012577273193	0.004771012577273193	0.013691332862879378
-0.30919793439546284	-0.30077984592935536	-0.008418088466107476	0.008418088466107476	0.027225565017328923
3.58205717436464	3.5897239540645387	-0.007666779699898818	0.007666779699898818	0.002140328678940949
4.891641521833734	4.887720579063171	0.003920942770563762	0.003920942770563762	0.0008015597122280364
-1.9828186051994336	-1.9903794054698665	0.0075608002704328214	0.0075608002704328214	0.0038131578201891793
0.07274464314290278	0.07509973511332646	-0.0023550919704236756	0.0023550919704236756	0.032374782096287545
0.1366552460212021	0.13624199527839664	0.0004132507428054599	0.0004132507428054599	0.0030240386288671564
-0.5866564174229316	-0.5910190102440538	0.004362592821122169	0.004362592821122169	0.007436367678864226
1.5761337275110587	1.5792377689649584	-0.003104041453899642	0.003104041453899642	0.001969402341767896
-1.7198206170796049	-1.720606418530224	0.000785801450619017	0.000785801450619017	0.0004569089606294938
0.41027012363453796	0.41541302198311314	-0.005142898348575176	0.005142898348575176	0.01253539571201238
-0.7428783970783149	-0.7438249049300794	0.0009465078517644221	0.0009465078517644221	0.0012741087309672305
-4.362777339695074	-4.356177065346856	-0.006600274348218527	0.006600274348218527	0.0015128606926980686
0.19931812579540886	0.20210887123539578	-0.002790745439986919	0.002790745439986919	0.014001463383473184
-1.5426867681524465	-1.5410120013257256	-0.0016747668267209637	0.0016747668267209637	0.001085616899875727
-1.9186295321814841	-1.9196422999812057	0.0010127677997215923	0.0010127677997215923	0.0005278600077473393
-0.4355802250175951	-0.4333419419708662	-0.002238283046728906	0.002238283046728906	0.005138624111410227
-1.0183231901136833	-1.023417502437951	0.0050943123242677135	0.0050943123242677135	0.005002647856520871
-1.9783678434747953	-1.9703825091710314	-0.007985334303763914	0.007985334303763914	0.004036324351966069
-1.8761088576435647	-1.8795803389366483	0.0034714812930836114	0.0034714812930836114	0.0018503624024481557
2.2380896428228203	2.2379241745511536	0.0001654682716667466	0.0001654682716667466	7.393281685448825e-05
0.23550095484342606	0.2347108456888236	0.000790109154602453	0.000790109154602453	0.0033550146543047388
0.32343401017838186	0.3220739272364881	0.0013600829418937699	0.0013600829418937699	0.004205132729064734
-0.19773739747720712	-0.1908766480482882	-0.0068607494289189275	0.0068607494289189275	0.03469626644453918
0.7396049765339647	0.7436484993377235	-0.004043522803758748	0.004043522803758748	0.005467138448294443
-0.768885028179659	-0.7696102875343058	0.0007252593546468455	0.0007252593546468455	0.0009432611223603904
0.4629299278679502	0.4602565586537821	0.002673369214168053	0.002673369214168053	0.005774889574498684
1.4162683012412391	1.4108989635133184	0.005369337727920698	0.005369337727920698	0.0037911868275346755
-1.418827402883493	-1.4214903458196204	0.002662942936127344	0.002662942936127344	0.001876861787921086
-3.146087122698712	-3.1459461933991406	-0.0001409292995715461	0.0001409292995715461	4.479510391010946e-05
-0.23702486395923594	-0.24076609588519204	0.003741231925956101	0.003741231925956101	0.0157841327844809
-0.5767127648535008	-0.5651692990795709	-0.01154346577392984	0.01154346577392984	0.02001597064851194
2.582108996153078	2.5811944342422066	0.0009145619108714698	0.0009145619108714698	0.0003541918301024543
0.4404149583564334	0.4444376318133436	-0.0040226734569102085	0.0040226734569102085	0.009133825680949302
1.3587565689243184	1.3621605558000738	-0.0034039868757553826	0.0034039868757553826	0.0025052220196073857
-1.204711987748799	-1.2020424164802535	-0.002669571268545612	0.002669571268545612	0.002215941482855285
-0.9920928285170093	-0.9985506021621404	0.006457773645131115	0.006457773645131115	0.0065092433485123185
0.7109171689349595	0.709948166331742	0.0009690026032175281	0.0009690026032175281	0.0013630316520125854
-0.31569786467635585	-0.32017466037359554	0.004476795697239688	0.004476795697239688	0.014180633441500046
-0.5178894980769042	-0.515642070240574	-0.0022474278363302513	0.0022474278363302513	0.004339589516056413
-2.7499732654219997	-2.7545561861188617	0.004582920696861947	0.004582920696861947	0.0016665328185140268
0.9733310560569234	0.9727263222885085	0.0006047337684148557	0.0006047337684148557	0.0006213032705076751
0.6008769072251218	0.603233424044447	-0.0023565168193252495	0.0023565168193252495	0.003921796279720178
-0.752087379911533	-0.7456247058144072	-0.0064626740971257535	0.0064626740971257535	0.008592983035941847
0.6453963749452034	0.6561432364833308	-0.010746861538127428	0.010746861538127428	0.016651567866398192
0.8874539375714183	0.8890654371498385	-0.0016114995784202168	0.0016114995784202168	0.001815868418850224
0.6472330657380613	0.6474416131823091	-0.00020854744424780858	0.00020854744424780858	0.0003222138288160464
-1.9918385720714613	-1.9957575223088497	0.003918950237388419	0.003918950237388419	0.001967503939494861
-1.7515613278245008	-1.7541555171192158	0.002594189294714999	0.002594189294714999	0.0014810724885876941
-2.6051026414818885	-2.600886065920349	-0.004216575561539315	0.004216575561539315	0.001618583273609809
0.9877456688269803	0.9822137471928727	0.0055319216341076505	0.0055319216341076505	0.005600552661169559
-0.4999420246393378	-0.5059706545580411	0.006028629918703343	0.006028629918703343	0.0120586580475055
0.6479393231972753	0.6506592890218599	-0.002719965824584558	0.002719965824584558	0.004197871200597624
1.2780626731917997	1.2803883892047452	-0.0023257160129455112	0.0023257160129455112	0.0018197198476482613
1.7652772873618718	1.7704666715872008	-0.005189384225328997	0.005189384225328997	0.002939699197673528
-3.754829633407216	-3.7606409623549553	0.0058113289477392804	0.0058113289477392804	0.0015476944402577199
-0.7754363756175549	-0.7812095245753881	0.005773148957833207	0.005773148957833207	0.007445032422209355
-0.8602730961102687	-0.8599431548645953	-0.0003299412456734263	0.0003299412456734263	0.0003835308196493162
1.1532827760548132	1.149740948676481	0.0035418273783323073	0.0035418273783323073	0.0030710832172906495
0.06656427681139732	0.06433889939216897	0.002225377419228347	0.002225377419228347	0.033432007764971496
-0.03988666745852093	-0.035771050534094684	-0.004115616924426246	0.004115616924426246	0.10318277225607207
-2.2910471675083355	-2.2890891468705377	-0.0019580206377978193	0.0019580206377978193	0.0008546400377811931
-0.37586792598820945	-0.3681032121676253	-0.007764713820584135	0.007764713820584135	0.02065809100409303
-0.36921845715813834	-0.36460801675275434	-0.004610440405383998	0.004610440405383998	0.012487025813580388
1.825347809005618	1.8170885468862252	0.008259262119392874	0.008259262119392874	0.004524760748962256
0.19632600736059033	0.19890075782313943	-0.002574750462549097	0.002574750462549097	0.013114668286510173
-1.026574424261754	-1.023251094011357	-0.003323330250396994	0.003323330250396994	0.0032373008442976928
1.399253449789403	1.4034451542102033	-0.004191704420800413	0.004191704420800413	0.0029956720288460198
-1.9881769934892413	-1.9982289777544793	0.010051984265238012	0.010051984265238012	0.00505587998360087
-1.1237709598748054	-1.1218748422834324	-0.001896117591372981	0.001896117591372981	0.0016872811801296411
-0.0011050592345855804	-0.0010038838809123263	-0.0001011753536732541	0.0001011753536732541	0.09155649806518916
1.4081735267040387	1.4023077565070707	0.00586577019696799	0.00586577019696799	0.0041655165970186725
-0.025418698573583913	-0.022623216864303686	-0.0027954817092802273	0.0027954817092802273	0.1099773735932098
-1.0689383481445707	-1.0724068015406374	0.0034684533960667174	0.0034684533960667174	0.003244764678979989
0.5834764919013165	0.5803083877253812	0.0031681041759352713	0.0031681041759352713	0.005429703201257839
0.3601391662957617	0.3541274018061813	0.006011764489580407	0.006011764489580407	0.01669289278201774
-0.7749476412911748	-0.7774488130962709	0.002501171805096125	0.002501171805096125	0.003227536509342504
2.7269869410767402	2.720445781960734	0.006541159116006057	0.006541159116006057	0.0023986763623529877
-1.7138172674740497	-1.7230853445653338	0.009268077091284077	0.009268077091284077	0.005407856057457078
-0.6137142670260624	-0.6212568459886825	0.007542578962620117	0.007542578962620117	0.012290049894342459
-0.470439879684911	-0.463064105133526	-0.007375774551384995	0.007375774551384995	0.01567846364624765
-0.7021700746163423	-0.7034070131339831	0.0012369385176408398	0.0012369385176408398	0.0017615938963458232
0.6909396691116297	0.6965019238123205	-0.005562254700690716	0.005562254700690716	0.008050275515143517
-0.1343804133327524	-0.13283393309393432	-0.0015464802388180932	0.0015464802388180932	0.011508226537365256
1.4290756976385741	1.4318923913378967	-0.002816693699322581	0.002816693699322581	0.001970989853075612
2.555429021114727	2.5606692925066454	-0.005240271391918405	0.005240271391918405	0.002050642513886963
0.6601970793262069	0.6619011146540288	-0.001704035327821929	0.001704035327821929	0.0025811009790607633
-1.087685820667609	-1.0878301909542643	0.00014437028665525986	0.00014437028665525986	0.00013273160678572334
-1.1372994608517084	-1.1365609516360564	-0.0007385092156519946	0.0007385092156519946	0.0006493533506987991
-0.5364914894124393	-0.5361841140256729	-0.0003073753867663953	0.0003073753867663953	0.0005729361841378511
1.1182418252745794	1.1145590578962583	0.0036827673783210724	0.0036827673783210724	0.0032933550642472035
0.8475230088727078	0.845561022288166	0.0019619865845418305	0.0019619865845418305	0.0023149655690781457
-3.099969566418322	-3.0894983719917946	-0.010471194426527664	0.010471194426527664	0.0033778378149131286
-2.8443114519864965	-2.8500381758931326	0.005726723906636089	0.005726723906636089	0.002013395510057974
0.938482582925999	0.9389889473823132	-0.0005063644563142455	0.0005063644563142455	0.0005395565837093146
1.9590854828276891	1.9616738209151663	-0.00258833808747716	0.00258833808747716	0.0013211971147584767
-0.14983496631299587	-0.15586950212309603	0.006034535810100161	0.006034535810100161	0.04027454978362256
1.6438688631319507	1.6399387823184952	0.003930080813455472	0.003930080813455472	0.0023907508084116628
3.491311122905518	3.492634152280516	-0.0013230293749981747	0.0013230293749981747	0.00037894914787689596
0.31898563080745224	0.31887356090010144	0.00011206990735079803	0.00011206990735079803	0.00035133214956145235
1.030708899111836	1.0312826962035615	-0.0005737970917254476	0.0005737970917254476	0.000556701404460454
1.1647518700715886	1.1662672804959584	-0.0015154104243697564	0.0015154104243697564	0.00130105858879335
2.8566068118030357	2.8535322453535628	0.003074566449472904	0.003074566449472904	0.001076300188310584
-0.1622970458673382	-0.1587395709066186	-0.003557474960719592	0.003557474960719592	0.021919529968693802
0.3823837827526828	0.3807447137660347	0.0016390689866481178	0.0016390689866481178	0.004286450055096167
1.6704621079504032	1.6757732173573459	-0.005311109406942682	0.005311109406942682	0.003179425251051772
1.2469810476596357	1.2479198394430568	-0.0009387917834211557	0.0009387917834211557	0.0007528516854230486
-0.07927419034066822	-0.07383291813312098	-0.00544127220754724	0.00544127220754724	0.06863863489698524
-0.40957249819668406	-0.4183027904218761	0.00873029222519206	0.00873029222519206	0.021315621199252538
1.3222812682172105	1.3243744142528158	-0.0020931460356052867	0.0020931460356052867	0.0015829809329655016
0.3680684282741281	0.37120723391126376	-0.0031388056371356443	0.0031388056371356443	0.008527777434901155
-0.9299158684849943	-0.9298166332882829	-9.923519671140024e-05	9.923519671140024e-05	0.00010671416638267806
-0.010097842866690146	-0.007839660611352883	-0.0022581822553372627	0.0022581822553372627	0.22363016390226775
-0.46191880113068895	-0.46004255455045495	-0.0018762465802339978	0.0018762465802339978	0.004061853675670496
0.75011676903657	0.7487986040359829	0.0013181650005871237	0.0013181650005871237	0.001757279739633257
0.7887723192566767	0.7974421932885889	-0.008669874031912217	0.008669874031912217	0.010991605334328332
-0.3492767078650404	-0.352949933585478	0.0036732257204376006	0.0036732257204376006	0.010516663830492028
-1.7891026470167677	-1.7869940347736701	-0.002108612243097552	0.002108612243097552	0.0011785865090600304
0.45011051038740196	0.44331712160783354	0.006793388779568421	0.006793388779568421	0.015092713062224374
-0.43240825907018754	-0.43420077963673975	0.0017925205665522137	0.0017925205665522137	0.004145435543730574
-1.1624398784703955	-1.1661192911560647	0.003679412685669181	0.003679412685669181	0.0031652498798568074
-1.7123617570929708	-1.7066628570319153	-0.005698900061055445	0.005698900061055445	0.0033280935161331274
-1.4983440662111431	-1.5043970524857286	0.006052986274585503	0.006052986274585503	0.004039783926192378
2.7251140806082943	2.711863615331822	0.013250465276472223	0.013250465276472223	0.004862352505079157
2.708385967171223	2.70459570492676	0.003790262244462994	0.003790262244462994	0.0013994542470701613
-1.2607403723933317	-1.2619322478713002	0.001191875477968507	0.001191875477968507	0.0009453774179579141
1.7947877552602045	1.8002255019382574	-0.005437746678052857	0.005437746678052857	0.0030297435794933336
-0.613813395517137	-0.6157897878438234	0.001976392326686449	0.001976392326686449	0.003219858577738176
1.420382958309493	1.4164802596496884	0.0039026986598045266	0.0039026986598045266	0.002747638330193308
-0.4175930156366844	-0.4235818523738999	0.005988836737215508	0.005988836737215508	0.014341323999599493
-1.6698772373966415	-1.6745985649322392	0.00472132753559773	0.00472132753559773	0.00282735007691843
0.4802378024706972	0.4755477457365487	0.004690056734148518	0.004690056734148518	0.009766113183967213
2.352242903523049	2.354566411668202	-0.0023235081451526973	0.0023235081451526973	0.0009877841024295091
-0.06991398853787568	-0.0690026081429096	-0.0009113803949660909	0.0009113803949660909	0.013035737397135531
0.1877045105336351	0.1913786163640907	-0.003674105830455604	0.003674105830455604	0.019573881416116715
-1.7602910151702142	-1.7645048174017575	0.004213802231543218	0.004213802231543218	0.002393809998022263
0.31331474866372844	0.30276741563284304	0.010547333030885397	0.010547333030885397	0.0336636978497477
0.9274201600486909	0.917776418646099	0.009643741402591832	0.009643741402591832	0.010398459962403149
-0.6719062129597264	-0.6609783995372709	-0.010927813422455523	0.010927813422455523	0.01626389697204739
-1.4489985680155675	-1.4553143573721172	0.00631578935654975	0.00631578935654975	0.004358727120896572
-2.2662638594442224	-2.2686070387862856	0.002343179342063184	0.002343179342063184	0.0010339393324825929
2.5119071514632334	2.5107949350058334	0.001112216457400006	0.001112216457400006	0.00044277769453067515
0.7071939997113592	0.7068133945722366	0.00038060513912263616	0.00038060513912263616	0.0005381905662066984
-0.21847053598713867	-0.22704238654114306	0.00857185055400439	0.00857185055400439	0.039235728128158266
0.4559086967579489	0.46016581836738624	-0.004257121609437364	0.004257121609437364	0.009337662649803664
-1.842061021838933	-1.8411603123240639	-0.0009007095148692024	0.0009007095148692024	0.0004889683371998298
2.8447294481475423	2.835053630406037	0.009675817741505277	0.009675817741505277	0.003401313874613302
-1.5295799462167736	-1.5288965023501078	-0.000683443866665856	0.000683443866665856	0.00044681800932097057
0.9057983939763221	0.9082926990231499	-0.002494305046827794	0.002494305046827794	0.0027537088422934387
-2.198835885310428	-2.1968560376990354	-0.0019798476113925823	0.0019798476113925823	0.0009004071766425036
0.9679356943540705	0.9723239454615396	-0.004388251107469099	0.004388251107469099	0.004533618434639397
-0.29325548968839665	-0.29371042910497636	0.0004549394165797027	0.0004549394165797027	0.0015513415181523317
-3.562896291982918	-3.5644455729197944	0.0015492809368762295	0.0015492809368762295	0.0004348375057568634
-0.892008879229405	-0.8877023083186941	-0.00430657091071085	0.00430657091071085	0.004827946235727206
1.2848441456107438	1.28263213991886	0.002212005691883734	0.002212005691883734	0.0017216140178871802
2.0006191548364423	2.0027595674037	-0.0021404125672579433	0.0021404125672579433	0.0010698750744655993
-0.9844264520526333	-0.9837508314376464	-0.0006756206149869382	0.0006756206149869382	0.0006863088792242403
1.0003739371937341	0.9989792906708317	0.001394646522902443	0.001394646522902443	0.0013941252076345861
-0.27395756519446934	-0.27068245071859565	-0.003275114475873697	0.003275114475873697	0.011954824001844411
0.27603323408040475	0.28313871735008433	-0.00710548326967958	0.00710548326967958	0.025741404991870828
1.3856159859089148	1.384457318636123	0.0011586672727916802	0.0011586672727916802	0.0008362109592952161
-0.15313307404199594	-0.1525347452115966	-0.0005983288303993417	0.0005983288303993417	0.003907247563222385
-2.038686487085614	-2.042376903773402	0.003690416687788023	0.003690416687788023	0.001810193333386746
-0.9268877982186448	-0.9233946802851278	-0.0034931179335169205	0.0034931179335169205	0.0037686524088786466
0.17445787342532176	0.17710844440443907	-0.002650570979117306	0.002650570979117306	0.01519318633820162
1.0965535237133621	1.0847043813555501	0.011849142357811981	0.011849142357811981	0.010805803913416026
-0.873196200223971	-0.8829654598230263	0.00976925959905528	0.00976925959905528	0.011187931872068966
0.3385716352877891	0.33925780007848516	-0.0006861647906960533	0.0006861647906960533	0.002026645823749549
-2.4015833658570993	-2.398820513917599	-0.0027628519395004325	0.0027628519395004325	0.0011504293287417904
2.364286197478079	2.3643181539227953	-3.1956444716207955e-05	3.1956444716207955e-05	1.3516318265654573e-05
-1.333564084088873	-1.3372333596635144	0.003669275574641473	0.003669275574641473	0.0027514805013277043
-0.7286085010127148	-0.7327135899686255	0.004105088955910663	0.004105088955910663	0.005634149135241871
0.11465309817123298	0.11390627332730219	0.0007468248439307934	0.0007468248439307934	0.006513778134590134
1.0258784204479185	1.0305295054422459	-0.004651084994327315	0.004651084994327315	0.004533758486016852
0.7798472370440893	0.7767313600197667	0.0031158770243225886	0.0031158770243225886	0.003995496651540268
-0.6973229188895768	-0.6942082291061524	-0.0031146897834243292	0.0031146897834243292	0.004466639054950595
0.7912524650631003	0.7905744514573598	0.0006780136057404906	0.0006780136057404906	0.0008568865636158502
1.9471331583511218	1.9508908299030736	-0.0037576715519518356	0.0037576715519518356	0.0019298482673542061
0.05752474207103366	0.05342862459656317	0.004096117474470494	0.004096117474470494	0.0712061858428232
-1.5235637332402556	-1.518035449407762	-0.005528283832493708	0.005528283832493708	0.003628521545820975
0.5555606729637235	0.5571219153353013	-0.0015612423715778423	0.0015612423715778423	0.002810210383051694
1.1086461603688957	1.1075744550907984	0.0010717052780973013	0.0010717052780973013	0.00096667928542746
-1.1319911245584124	-1.1257755395490676	-0.006215585009344826	0.006215585009344826	0.005490842529149258
-1.9867976101936797	-1.9845561691909097	-0.002241441002770017	0.002241441002770017	0.001128167756629984
-1.141863308993656	-1.1433542458689772	0.0014909368753210916	0.0014909368753210916	0.0013057052132054933
0.2778615920231975	0.2845036215148866	-0.006642029491689128	0.006642029491689128	0.023904093557250664
1.0265207649426997	1.026791287586093	-0.00027052264339322285	0.00027052264339322285	0.0002635335325226698
0.7187740770828398	0.712819999534986	0.00595407754785382	0.00595407754785382	0.008283656489141308
2.882423314416457	2.8812216951337177	0.001201619282739319	0.001201619282739319	0.0004168781444173773
-1.2007952744518369	-1.2031365040456876	0.0023412295938507466	0.0023412295938507466	0.0019497325178261698
2.8617506615014223	2.870728261768818	-0.00897760026739558	0.00897760026739558	0.00313710079224214
-0.009822052311993727	-0.013578588550444692	0.003756536238450965	0.003756536238450965	0.38245940045176213
2.7487953491891868	2.7493965080793714	-0.0006011588901846388	0.0006011588901846388	0.00021869903496524862
-0.4921366662326855	-0.4876157618127763	-0.004520904419909155	0.004520904419909155	0.009186278385873492
-0.4905151060804882	-0.49374093032383826	0.0032258242433500506	0.0032258242433500506	0.006576401426505156
0.8202904155885027	0.8175605071301106	0.0027299084583920497	0.0027299084583920497	0.0033279780020756744
-0.0040974849673393	0.003280973032815382	-0.007378458000154682	0.007378458000154682	1.8007285100415829
1.6650452001245466	1.66655188149889	-0.0015066813743433993	0.0015066813743433993	0.0009048891731171613
1.2246674344119293	1.2171553171356209	0.007512117276308405	0.007512117276308405	0.006134005906604053
1.4609968063203598	1.4617691540479427	-0.0007723477275829449	0.0007723477275829449	0.0005286443640682323
1.2735112455033994	1.2734132305922685	9.801491113092808e-05	9.801491113092808e-05	7.696430752143401e-05
-2.399462127765666	-2.400727693384397	0.001265565618731035	0.001265565618731035	0.0005274372135681532
-0.6519316709533693	-0.6542558403452858	0.0023241693919164863	0.0023241693919164863	0.0035650505957436863
-1.3719753423317416	-1.3688019498658832	-0.003173392465858349	0.003173392465858349	0.0023130098391309336
-0.7429212713311123	-0.7403323506878223	-0.0025889206432899714	0.0025889206432899714	0.003484784651072558
-0.9053912273726394	-0.9044303551490884	-0.0009608722235510125	0.0009608722235510125	0.0010612784777464365
-1.7099719288844566	-1.7096779065468581	-0.0002940223375984541	0.0002940223375984541	0.00017194571012067256
0.953021935263733	0.9496375951130176	0.003384340150715426	0.003384340150715426	0.00355116710905386
0.4516343299683895	0.45099059025233146	0.0006437397160580227	0.0006437397160580227	0.001425356031068495
1.3918598348264237	1.3890363989048637	0.0028234359215599802	0.0028234359215599802	0.0020285346634146433
-0.8064084383958283	-0.8118554378597764	0.00544699946394811	0.00544699946394811	0.006754640954382513
-0.7110131857907845	-0.7113363863027189	0.00032320051193435173	0.00032320051193435173	0.00045456331667729913
-2.6493554226718476	-2.6518373906583292	0.0024819679864815924	0.0024819679864815924	0.0009368195619365231
1.2116879782169532	1.2145322289143223	-0.002844250697369155	0.002844250697369155	0.0023473458089058393
-1.4241464541789781	-1.4102275818004273	-0.013918872378550828	0.013918872378550828	0.009773483856037175
-2.0938764400935335	-2.092495609758771	-0.0013808303347624395	0.0013808303347624395	0.0006594612310078611
-0.10387818617209746	-0.10106884474225808	-0.0028093414298393793	0.0028093414298393793	0.02704457531810458
-0.2733711200539229	-0.273181622105767	-0.00018949794815587007	0.00018949794815587007	0.0006931893468428241
0.08646027569286743	0.0892248881427804	-0.0027646124499129676	0.0027646124499129676	0.031975522027407034
0.9612126008342334	0.9635920378059382	-0.0023794369717047292	0.0023794369717047292	0.002475453369670376
-0.4195401053981029	-0.4283653488528216	0.008825243454718745	0.008825243454718745	0.021035518037886853
0.6002609910284444	0.5999085769872181	0.00035241404122632325	0.00035241404122632325	0.0005871013550664388
-2.16702429823782	-2.171407195419306	0.004382897181486101	0.004382897181486101	0.0020225417800115043
-0.019386000859425236	-0.020296954971854575	0.0009109541124293387	0.0009109541124293387	0.04699030599632126
0.4046935925908047	0.39700925117358565	0.0076843414172190205	0.0076843414172190205	0.018988048137912678
0.6721812334282605	0.6752021618012805	-0.0030209283730199266	0.0030209283730199266	0.004494217069424238
-0.026796401367600843	-0.022494759832625277	-0.004301641534975566	0.004301641534975566	0.16053056811488953
-0.6859507652256643	-0.6889864125696477	0.0030356473439833165	0.0030356473439833165	0.00442545951965612
-1.080960411404252	-1.0755326056823833	-0.005427805721868628	0.005427805721868628	0.005021280765331161
1.0339549945960926	1.0406413330201758	-0.006686338424083171	0.006686338424083171	0.006466759635602073
-0.4911062909285353	-0.49332411981595214	0.0022178288874168395	0.0022178288874168395	0.004515985497199776
-1.6817228460798612	-1.684612565441057	0.002889719361195864	0.002889719361195864	0.0017183089163186867
2.15988423451465	2.1651966198987793	-0.005312385384129481	0.005312385384129481	0.0024595694987899356
-0.2683929628612366	-0.2684992978174705	0.00010633495623391109	0.00010633495623391109	0.000396191297641764
0.8019320745285217	0.8052648045122623	-0.0033327299837406787	0.0033327299837406787	0.004155875652810226
0.8613771383683926	0.8590696343162563	0.002307504052136311	0.002307504052136311	0.0026788545334592347
1.571247034112634	1.5702688306191703	0.0009782034934635586	0.0009782034934635586	0.0006225650532514779
-1.224537254147164	-1.2242437442182563	-0.0002935099289076426	0.0002935099289076426	0.0002396904854577571
-1.334797004823547	-1.3385655474849045	0.003768542661357621	0.003768542661357621	0.0028233076997770177
-3.085970834106113	-3.0862244002491934	0.0002535661430802527	0.0002535661430802527	8.216738158308001e-05
1.682746716484634	1.6783228275016882	0.004423888982945767	0.004423888982945767	0.0026289690180989066
-1.6746393575594345	-1.6752178689785069	0.0005785114190723917	0.0005785114190723917	0.00034545433108385535
0.5924868985947663	0.5897406044823583	0.00274629411240801	0.00274629411240801	0.004635198042220927
1.1414825480943704	1.1374478253856068	0.004034722708763594	0.004034722708763594	0.003534633723046661
-1.2261982478029267	-1.2321645353949862	0.005966287592059416	0.005966287592059416	0.004865679430507808
-0.47372259864171284	-0.4731775497930357	-0.000545048848677121	0.000545048848677121	0.0011505654369031988
-1.0873076624860436	-1.0946790735033574	0.007371411017313756	0.007371411017313756	0.00677950801933981
0.41161802908620004	0.4136404641030822	-0.0020224350168821514	0.0020224350168821514	0.004913378117503735
0.046028985677713685	0.0392994552385062	0.006729530439207487	0.006729530439207487	0.1462020146680267
-2.4416393182953313	-2.4412117836618563	-0.00042753463347500187	0.00042753463347500187	0.00017510146984915523
2.6422235066461615	2.6450833338458324	-0.002859827199670928	0.002859827199670928	0.001082356277762806
-0.5397650112264947	-0.5357825830287766	-0.003982428197718102	0.003982428197718102	0.007378077709536839
1.1548375619249012	1.1646155599009944	-0.009777997976093245	0.009777997976093245	0.008466989902714219
-0.41887335842199996	-0.42409154048073106	0.005218182058731091	0.005218182058731091	0.012457660421253049
1.9547059365064277	1.9562599918572232	-0.001554055350795558	0.001554055350795558	0.0007950328086551282
0.49568004238831526	0.48978115592035465	0.005898886467960607	0.005898886467960607	0.011900593050989583
0.3654318728291167	0.365759000487742	-0.0003271276586253036	0.0003271276586253036	0.0008951809706491449
-2.744243710226467	-2.7472228939586785	0.00297918373221151	0.00297918373221151	0.0010856119378572448
2.2829459202231903	2.2818138713773806	0.0011320488458097522	0.0011320488458097522	0.0004958719502646293
0.3235099613443363	0.32119885872816667	0.0023111026161696246	0.0023111026161696246	0.007143837570150559
0.39924125422800405	0.39385183663398493	0.005389417594019119	0.005389417594019119	0.0134991500425987
-0.4532701436967721	-0.463656991996686	0.010386848299913876	0.010386848299913876	0.02291535951430865
-0.5713083620798851	-0.56880420561356	-0.0025041564663250693	0.0025041564663250693	0.004383195893034937
-0.50446870382934	-0.5038539475208381	-0.0006147563085018293	0.0006147563085018293	0.0012186213016492679
0.5378418249271808	0.5351855506887659	0.0026562742384148574	0.0026562742384148574	0.004938764735848675
0.706961115440784	0.7075930334394798	-0.0006319179986957746	0.0006319179986957746	0.0008938511396086888
0.3873399430201531	0.38579508691327646	0.0015448561068766575	0.0015448561068766575	0.003988372835579932
-3.792404365076768	-3.7882774813624565	-0.004126883714311358	0.004126883714311358	0.001088197174413868
0.4999519391468566	0.5038058770878706	-0.0038539379410140184	0.0038539379410140184	0.007708616847432523
-0.09543089211900634	-0.0941466169024352	-0.0012842752165711374	0.0012842752165711374	0.013457646555054648
-0.10656222816681259	-0.11044302664231509	0.0038807984755025032	0.0038807984755025032	0.03641814311002862
-0.5362913386646512	-0.5311104214342777	-0.005180917230373505	0.005180917230373505	0.009660639389168262
-0.1997644094427964	-0.19196504763385747	-0.0077993618089389205	0.0077993618089389205	0.03904279961928008
2.4334459390803254	2.4388395340793068	-0.005393594998981399	0.005393594998981399	0.0022164433211200926
5.022250257010687	5.03436508915911	-0.012114832148422572	0.012114832148422572	0.002412231873851999
-0.6835453145871884	-0.6863966518722009	0.002851337285012523	0.002851337285012523	0.004171394674447477
-2.7152740855361137	-2.7179373228136683	0.0026632372775545754	0.0026632372775545754	0.0009808355229187612
-1.7051262595488108	-1.71156796568539	0.006441706136579128	0.006441706136579128	0.003777847007226111
0.29013601596142413	0.2891888489102712	0.0009471670511529418	0.0009471670511529418	0.0032645621330888996
-0.7745891002948176	-0.7804207070876146	0.005831606792796928	0.005831606792796928	0.007528645562631014
-1.0303303454471313	-1.0277006185788196	-0.0026297268683117547	0.0026297268683117547	0.002552314294082579
-0.7329880102036088	-0.7278092416527215	-0.0051787685508872805	0.0051787685508872805	0.0070652841230632495
-0.22637745143977572	-0.23245043303177226	0.00607298159199654	0.00607298159199654	0.026826795484143722
-1.443984434651453	-1.446198626581463	0.0022141919300100454	0.0022141919300100454	0.0015333904416667096
2.0177406614751394	2.0261559839127585	-0.00841532243761911	0.00841532243761911	0.004170666031712319
-0.33489144090862605	-0.33105554575740825	-0.003835895151217794	0.003835895151217794	0.011454145082986473
-1.9797369427644589	-1.9765951965382555	-0.0031417462262033347	0.0031417462262033347	0.0015869513561818334
2.756206648847591	2.75329216310638	0.0029144857412108927	0.0029144857412108927	0.0010574264242594004
0.8112823006666294	0.8153366925398586	-0.004054391873229202	0.004054391873229202	0.004997510570485408
-3.3230745485393536	-3.3183815685333684	-0.00469298000598517	0.00469298000598517	0.0014122403627833007
1.9576173968016644	1.948649329278851	0.008968067522813428	0.008968067522813428	0.004581113519661895
-0.15878504530446155	-0.1550730667077005	-0.003711978596761062	0.003711978596761062	0.023377381601923205
-0.05166370623155915	-0.044893755330122076	-0.0067699509014370746	0.0067699509014370746	0.13103881612933144
-0.5456252021200022	-0.5484682078531478	0.002843005733145554	0.002843005733145554	0.005210546950725851
0.9392715904469693	0.9440555113542359	-0.004783920907266648	0.004783920907266648	0.005093224319698771
2.2520028896249182	2.2581331577384844	-0.006130268113566206	0.006130268113566206	0.0027221404296631393
-1.1521586297734796	-1.1558874648471829	0.0037288350737032516	0.0037288350737032516	0.0032363903522871326
-1.5184524582406178	-1.5127185997698689	-0.00573385847074892	0.00573385847074892	0.0037761198512547165
0.7968503434208529	0.7930092524475185	0.0038410909733344045	0.0038410909733344045	0.004820341743023821
-1.8961437490158686	-1.894684013677761	-0.001459735338107615	0.001459735338107615	0.0007698442372131559
0.05164556578131743	0.048098056140588596	0.0035475096407288353	0.0035475096407288353	0.0686895300121222
2.049082580153594	2.0337602636573138	0.01532231649628013	0.01532231649628013	0.007477647140571372
-3.4560984616298667	-3.453443838225212	-0.0026546234046547212	0.0026546234046547212	0.0007680983149429207
1.3129166330196975	1.3055481940682512	0.007368438951446343	0.007368438951446343	0.005612267196660457
-1.904128061643826	-1.907229485368589	0.003101423724762853	0.003101423724762853	0.0016287894639215633
-0.9859930558456342	-0.9937052273016889	0.007712171456054628	0.007712171456054628	0.007821729991232347
-0.8010633822741948	-0.8030027256609173	0.0019393433867225252	0.0019393433867225252	0.0024209612243375643
0.4776550388986921	0.4730932960228529	0.004561742875839214	0.004561742875839214	0.009550287350379515
0.33723552473424645	0.3363373252796009	0.0008981994546455319	0.0008981994546455319	0.0026634188534951793
-1.9887404957859982	-1.9842401816276833	-0.0045003141583148665	0.0045003141583148665	0.002262896626206746
-0.4138852265088793	-0.41482114647806156	0.0009359199691822417	0.0009359199691822417	0.0022613031566183794
0.25008854930571955	0.2444636011205148	0.005624948185204759	0.005624948185204759	0.02249182619844209
2.620715857791418	2.6248430694977287	-0.004127211706310696	0.004127211706310696	0.001574841352617625
-1.2289790916904595	-1.2252547821844928	-0.003724309505966694	0.003724309505966694	0.0030304091673715216
1.1886555091456221	1.1900450954271946	-0.0013895862815724858	0.0013895862815724858	0.0011690403745079076
1.0627113946090567	1.0640909204084892	-0.0013795257994324572	0.0013795257994324572	0.0012981189497266548
-0.6929473848132481	-0.692948106006952	7.211937038675842e-07	7.211937038675842e-07	1.0407625740040112e-06
2.216917576381122	2.2095512631494785	0.007366313231643495	0.007366313231643495	0.0033227727138454128
-0.8632428392537829	-0.8559869493183214	-0.007255889935461446	0.007255889935461446	0.008405386764324266
-1.3998343440867602	-1.4023441726749297	0.002509828588169505	0.002509828588169505	0.001792946857441832
-0.11956629547921574	-0.12212096589792054	0.002554670418704802	0.002554670418704802	0.021366141758141877
-1.093092574427248	-1.096340109143057	0.003247534715808964	0.003247534715808964	0.0029709603667471512
-1.054965708802923	-1.0529344453971134	-0.0020312634058095025	0.0020312634058095025	0.0019254307404118296
-0.9471983187021403	-0.9450262932659825	-0.0021720254361577984	0.0021720254361577984	0.0022931052486811075
-0.7281982627463203	-0.7317072522710077	0.003508989524687478	0.003508989524687478	0.004818728228564714
2.244010176349864	2.2378469820978353	0.006163194252028603	0.006163194252028603	0.002746509047500727
-0.8954074225236973	-0.8974284755822737	0.002021053058576361	0.002021053058576361	0.0022571323486240955
2.3825288936652784	2.3825577009120025	-2.8807246724049662e-05	2.8807246724049662e-05	1.2091037720735735e-05
-0.5486003542140111	-0.5499318285728805	0.0013314743588693778	0.0013314743588693778	0.00242703882460485
-2.2245386501193045	-2.2183538567333017	-0.0061847933860028625	0.0061847933860028625	0.002780258902523975
-0.8590896991366062	-0.8649676256027305	0.005877926466124395	0.005877926466124395	0.006842040443543637
-1.2831278648937412	-1.2808597239200026	-0.0022681409737386193	0.0022681409737386193	0.001767665589529107
2.359059372599006	2.359291325774393	-0.00023195317538693416	0.00023195317538693416	9.832443306901105e-05
1.427297566557801	1.4240073596738512	0.0032902068839497645	0.0032902068839497645	0.002305200373797822
0.9055573282320755	0.9079948395083193	-0.002437511276243809	0.002437511276243809	0.0026917249745000414
-0.9291919546439918	-0.9268070662074024	-0.0023848884365894607	0.0023848884365894607	0.00256662622256905
-1.1342262595666293	-1.1254797464061994	-0.008746513160429847	0.008746513160429847	0.00771143595614843
-0.23637524004459512	-0.24079939612420276	0.0044241560796076385	0.0044241560796076385	0.018716664565937475
-1.7364701078837306	-1.7415802813047776	0.005110173421047026	0.005110173421047026	0.0029428513614178434
-0.8934878182127013	-0.8963234704424394	0.0028356522297381392	0.0028356522297381392	0.003173688741957858
-0.9530597814111117	-0.9548024063406046	0.001742624929492953	0.001742624929492953	0.0018284529087071555
1.9460093926260673	1.9382832069823053	0.00772618564376204	0.00772618564376204	0.003970271506930314
2.4294704913430274	2.4323610505234683	-0.002890559180440899	0.002890559180440899	0.0011897897878327302
-0.8146808657831588	-0.8099926453724038	-0.004688220410755006	0.004688220410755006	0.00575467107141173
0.6521300449680023	0.6513196021842305	0.0008104427837718475	0.0008104427837718475	0.0012427625287707961
0.527250004620076	0.5165596994629595	0.010690305157116442	0.010690305157116442	0.020275590447494878
0.4190339014772519	0.41904914360202383	-1.5242124771941423e-05	1.5242124771941423e-05	3.637444301811192e-05
-2.3627803416366273	-2.373069160967134	0.010288819330506627	0.010288819330506627	0.004354539078050679
-1.5589622759255557	-1.5526902498095296	-0.006272026116026064	0.006272026116026064	0.004023205829212489
-0.5136842757823569	-0.5217963771428913	0.008112101360534418	0.008112101360534418	0.015791998593259332
0.26192412353056094	0.26066236569022294	0.0012617578403379959	0.0012617578403379959	0.0048172647228149484
-0.8775318093094291	-0.8740971989027457	-0.0034346104066833583	0.0034346104066833583	0.003913944053362823
1.1089564502853546	1.1032244892703602	0.005731961014994402	0.005731961014994402	0.005168788200401796
1.0027549282350714	1.007428008961142	-0.004673080726070644	0.004673080726070644	0.004660242093544869
1.4028092121086688	1.4020009966770886	0.0008082154315802725	0.0008082154315802725	0.0005761406644638316
-0.8252495644713369	-0.8279081575892633	0.0026585931179263778	0.0026585931179263778	0.0032215625822589787
1.000526167862684	1.0072423046949552	-0.006716136832271236	0.006716136832271236	0.006712604875310951
-3.482590303940755	-3.473780456261011	-0.00880984767974402	0.00880984767974402	0.0025296824808175578
0.6504413211491523	0.659315022858209	-0.008873701709056658	0.008873701709056658	0.013642586072759413
2.1935893634709656	2.196906340032001	-0.0033169765610354673	0.0033169765610354673	0.0015121228322273323
0.3878137469391676	0.3895512054441497	-0.0017374585049820812	0.0017374585049820812	0.004480136453890632
-0.3429646237552866	-0.33266140962950885	-0.010303214125777727	0.010303214125777727	0.030041623573191956
-2.449492420686062	-2.4442387348244665	-0.005253685861595692	0.005253685861595692	0.002144805926823085
-1.791762612543948	-1.787906237950665	-0.0038563745932831406	0.0038563745932831406	0.0021522798646902517
1.660233077472325	1.6595086635788903	0.0007244138934348054	0.0007244138934348054	0.0004363326470628525
0.2699117201796859	0.26738526685221586	0.002526453327470035	0.002526453327470035	0.009360295009746602
0.2642773549421247	0.25997485317930114	0.004302501762823541	0.004302501762823541	0.016280251343387956
1.3974116358125737	1.3997331989230588	-0.0023215631104851475	0.0023215631104851475	0.0016613308856092313
1.5827573326194446	1.5810406148375478	0.0017167177818968593	0.0017167177818968593	0.001084637389773271
0.3739128796623021	0.37517239434237126	-0.0012595146800691848	0.0012595146800691848	0.003368470968977347
1.6102748632303776	1.6105776958283968	-0.00030283259801922036	0.00030283259801922036	0.0001880626748477629
-0.4959914804472753	-0.4945982582285069	-0.0013932222187684196	0.0013932222187684196	0.0028089640118657668
0.8228995693655756	0.8216522237489698	0.0012473456166057773	0.0012473456166057773	0.0015157932547800862
-0.2863238013750498	-0.28963331169507	0.0033095103200201925	0.0033095103200201925	0.011558628043238121
1.3038195113855946	1.3003113217564533	0.003508189629141345	0.003508189629141345	0.0026907018943236423
0.4394392210491815	0.4341557669249596	0.005283454124221876	0.005283454124221876	0.012023173788646776
1.1898605828098996	1.1888790104421787	0.0009815723677208954	0.0009815723677208954	0.0008249473777867959
-1.960890045898372	-1.9698476753546856	0.00895762945631362	0.00895762945631362	0.004568144692789099
-1.0076093218727653	-1.0044686114270007	-0.003140710445764583	0.003140710445764583	0.003116992248471052
-0.6597032363735111	-0.6489094139396911	-0.010793822433819988	0.010793822433819988	0.01636163329007641
-0.3719312302810063	-0.3676902942970628	-0.0042409359839434835	0.0042409359839434835	0.011402473464622255
0.23140695380800497	0.23455936207028572	-0.003152408262280748	0.003152408262280748	0.013622789680280118
-0.7221987957862425	-0.7286470427061431	0.0064482469199006465	0.0064482469199006465	0.00892863150357455
-1.101605966123244	-1.1079638916271506	0.00635792550390657	0.00635792550390657	0.0057715060551834976
0.41676337715418066	0.4155449823883828	0.001218394765797881	0.001218394765797881	0.002923468885672118
1.282129104234649	1.274083379030344	0.00804572520430491	0.00804572520430491	0.006275284741397167
2.6121498499183047	2.613673914311221	-0.0015240643929161912	0.0015240643929161912	0.0005834521296562892
1.4862336876563627	1.4816317579970928	0.0046019296592698655	0.0046019296592698655	0.003096370172127261
-1.018090382884658	-1.013201794194174	-0.004888588690483919	0.004888588690483919	0.004801723670773305
-0.6194510579497943	-0.6227256417332683	0.0032745837834740055	0.0032745837834740055	0.005286267157750833
-0.9295142201979653	-0.926356777199544	-0.003157442998421245	0.003157442998421245	0.003396874334799076
-0.21224966932121114	-0.22138691383588593	0.009137244514674792	0.009137244514674792	0.04304951119074211
0.0038981943641230154	-0.006791498890379444	0.01068969325450246	0.01068969325450246	2.742216589527942
3.7366873373716665	3.729814734469983	0.006872602901683678	0.006872602901683678	0.001839223430054967
-0.6483717555769102	-0.6556205371452961	0.007248781568385931	0.007248781568385931	0.01117997739111274
-0.04093513651679135	-0.03519144775054883	-0.005743688766242518	0.005743688766242518	0.14031194848676004
-0.5647411321438693	-0.5591440949501703	-0.005597037193699084	0.005597037193699084	0.009910801383372981
0.47645608755844093	0.482287159684347	-0.005831072125906056	0.005831072125906056	0.012238425068272071
0.33346420108965535	0.33110064032371156	0.002363560765943795	0.002363560765943795	0.007087899565291949
0.7540636308474294	0.7503424403694225	0.003721190478006897	0.003721190478006897	0.00493484942885385
0.058504290038972964	0.06672527706541587	-0.008220987026442902	0.008220987026442902	0.14051938791097962
0.08826681180345937	0.08677091682329774	0.00149589498016163	0.00149589498016163	0.016947422814958892
-3.27488804499927	-3.271964753366774	-0.002923291632495939	0.002923291632495939	0.000892638646673673
1.4592773273259307	1.4616670523537323	-0.002389725027801548	0.002389725027801548	0.0016376085498296796
0.20847288779126752	0.20355573906272184	0.004917148728545678	0.004917148728545678	0.023586514201640214
2.3722519634866166	2.37103080326051	0.0012211602261067434	0.0012211602261067434	0.0005147683487684603
-0.07143976956664137	-0.0759797403588891	0.00453997079224773	0.00453997079224773	0.06354962816632122
0.33757094078043365	0.3455413425399456	-0.00797040175951197	0.00797040175951197	0.023611042292577426
-1.1914969650504788	-1.1835895256808726	-0.00790743936960614	0.00790743936960614	0.006636558549077911
1.3714748945437483	1.3657910985784838	0.005683795965264471	0.005683795965264471	0.004144294575042376
1.5472380500484841	1.5475902018806664	-0.0003521518321822903	0.0003521518321822903	0.00022760029212780497
-0.725054138323725	-0.7340171068790369	0.008962968555311868	0.008962968555311868	0.012361792149802263
1.4991853737264034	1.497733399446588	0.00145197427981536	0.00145197427981536	0.0009685088350390623
-1.7415629387071452	-1.7388614196534036	-0.002701519053741608	0.002701519053741608	0.001551203803031712
0.7270950703963893	0.720281976100523	0.0068130942958662954	0.0068130942958662954	0.0093702936153205
2.16141219800266	2.160763382562436	0.0006488154402237711	0.0006488154402237711	0.0003001812615027042
-1.1386721281788308	-1.1372692169970833	-0.0014029111817475126	0.0014029111817475126	0.001232058945704854
-3.4171491538115446	-3.4118825697078137	-0.005266584103730931	0.005266584103730931	0.0015412216051080172
-1.0502497253895167	-1.050925173331052	0.0006754479415354009	0.0006754479415354009	0.0006431307956637558
0.5902959318087805	0.5973584793537157	-0.007062547544935183	0.007062547544935183	0.01196441846260769
1.443509359107157	1.4524133293889463	-0.008903970281789242	0.008903970281789242	0.006168280257840896
-1.80109318199971	-1.7973779195017414	-0.0037152624979686077	0.0037152624979686077	0.00206278194548693
-1.534643246762677	-1.5291511390387313	-0.005492107723945594	0.005492107723945594	0.0035787520881684852
-0.20781129481078076	-0.20521930673567113	-0.0025919880751096303	0.0025919880751096303	0.01247279690677893
-0.06477877889690477	-0.06522891817439813	0.0004501392774933638	0.0004501392774933638	0.006948869447041586
0.4644101904690717	0.47012809591251425	-0.005717905443442528	0.005717905443442528	0.012312187718506411
0.22710987604945632	0.2338540489290608	-0.006744172879604493	0.006744172879604493	0.029695638943221723
0.7712994217378719	0.7726055882812943	-0.0013061665434224157	0.0013061665434224157	0.0016934623657300235
1.0535001603588563	1.0533234544709558	0.0001767058879005301	0.0001767058879005301	0.00016773218889718853
0.8722336982314493	0.8673144893691642	0.004919208862285029	0.004919208862285029	0.005639783090540152
-0.9201717912705201	-0.9244190223398618	0.0042472310693417725	0.0042472310693417725	0.004615693623336835
0.9171788303134627	0.9150166006293148	0.0021622296841479205	0.0021622296841479205	0.0023574788391146563
1.470821545290565	1.4703273918712512	0.0004941534193139141	0.0004941534193139141	0.0003359710230626875
0.02339659067042037	0.016494788724230602	0.006901801946189768	0.006901801946189768	0.29499178078605764
-0.1413648394783261	-0.14046630167285912	-0.0008985378054669757	0.0008985378054669757	0.0063561618913360604
-0.4512583658489717	-0.4529774141701637	0.0017190483211919627	0.0017190483211919627	0.0038094547409837894
0.2608406322012241	0.25616784841986373	0.004672783781360379	0.004672783781360379	0.017914324704425593
0.868402408100428	0.8672125386510743	0.001189869449353731	0.001189869449353731	0.0013701821163261056
2.167261437329805	2.166984737414168	0.0002766999156369465	0.0002766999156369465	0.00012767260602295275
-2.017100161322033	-2.0174842047708808	0.0003840434488475708	0.0003840434488475708	0.00019039384171972096
-1.3721142592385518	-1.375744952383684	0.003630693145132202	0.003630693145132202	0.002646057440687948
0.7407749597336633	0.7430431578541175	-0.002268198120454201	0.002268198120454201	0.003061926014979913
-0.7902325222560289	-0.7887484644015785	-0.0014840578544503824	0.0014840578544503824	0.0018780014902620773
0.14956529416639708	0.13956503789813723	0.010000256268259844	0.010000256268259844	0.06686214421598488
-1.4600303814514657	-1.4596866549254628	-0.00034372652600289655	0.00034372652600289655	0.00023542422840625162
1.2082728705131567	1.2095870733901393	-0.0013142028769825842	0.0013142028769825842	0.0010876705991291842
0.82132550145421	0.8197375373129034	0.0015879641413065748	0.0015879641413065748	0.0019334163355392976
-1.4035976030028505	-1.4007638601469807	-0.002833742855869792	0.002833742855869792	0.002018914003420421
-1.9674153643581775	-1.970834669918986	0.0034193055608084943	0.0034193055608084943	0.0017379683125144047
1.336825245282995	1.342829898931086	-0.006004653648091107	0.006004653648091107	0.004491726700463359
-0.746515845292816	-0.7435198185703484	-0.0029960267224675707	0.0029960267224675707	0.004013346456554313
1.083249973803872	1.0784194910229417	0.004830482780930234	0.004830482780930234	0.004459250309481031
2.977341495043876	2.9786561372020515	-0.0013146421581753387	0.0013146421581753387	0.000441548999455961
0.15161370896282925	0.16138950195454527	-0.00977579299171602	0.00977579299171602	0.06447829196047652
-1.9478488123712652	-1.9420629232627107	-0.005785889108554487	0.005785889108554487	0.002970399484706866
0.6812830981129607	0.6785980531276437	0.0026850449853170755	0.0026850449853170755	0.003941158958374569
-1.2587527109710337	-1.2544173150672577	-0.004335395903775963	0.004335395903775963	0.0034441998543395616
-0.7712571124458089	-0.7683784588152776	-0.0028786536305313026	0.0028786536305313026	0.003732417612853543
-0.935194998418076	-0.9375864810863277	0.002391482668251732	0.002391482668251732	0.002557202158156354
0.7067216168021022	0.6995680869295029	0.007153529872599318	0.007153529872599318	0.010122132537800192
0.5202747574055117	0.515640957019059	0.004633800386452669	0.004633800386452669	0.008906448603350173
1.4731552785945463	1.4787887757847784	-0.005633497190232095	0.005633497190232095	0.003824102775918296
1.6410349536290187	1.6401873072027229	0.0008476464262958672	0.0008476464262958672	0.0005165316097755044
-0.5621523195732241	-0.5583837719314033	-0.003768547641820774	0.003768547641820774	0.006703783851113142
0.6180048807520763	0.6184073699841974	-0.0004024892321211615	0.0004024892321211615	0.0006512719311073325
0.3908596132496778	0.3927075467800023	-0.0018479335303245303	0.0018479335303245303	0.004727870231872962
0.5946593876552014	0.5943213036516681	0.00033808400353330104	0.00033808400353330104	0.0005685338709044827
-0.769595306801949	-0.7614013866259484	-0.008193920176000624	0.008193920176000624	0.010647050603843253
-0.6503888397768511	-0.6552376307809027	0.004848791004051556	0.004848791004051556	0.007455218643842627
2.2558267609717233	2.2556663152499823	0.00016044572174100935	0.00016044572174100935	7.112501922439094e-05
0.01636783256930223	0.025946945243049413	-0.009579112673747184	0.009579112673747184	0.5852401430176376
0.24304363279368046	0.23879257423686795	0.004251058556812515	0.004251058556812515	0.0174909274847008
0.8850010521649498	0.8872930211509811	-0.0022919689860312342	0.0022919689860312342	0.002589792385471705
-0.6290477012506257	-0.625715903879609	-0.0033317973710167426	0.0033317973710167426	0.005296573478279488
1.6604785725699889	1.6625872722215718	-0.0021086996515828904	0.0021086996515828904	0.0012699348768585262
-1.904567379526133	-1.9050207447435241	0.00045336521739103297	0.00045336521739103297	0.00023804104925068744
1.8848541365713307	1.8773777046590112	0.007476431912319503	0.007476431912319503	0.003966583815297033
-2.9678013870360993	-2.9727177770837443	0.004916390047644992	0.004916390047644992	0.0016565765044523144
0.3874518148332014	0.38358147685357835	0.003870337979623051	0.003870337979623051	0.009989211126264145
-1.6424765106554438	-1.6492066552018514	0.006730144546407635	0.006730144546407635	0.004097559083948126
1.6823712361719978	1.6824841004563496	-0.00011286428435175466	0.00011286428435175466	6.708643248594863e-05
0.2986936655008808	0.2974239268951351	0.001269738605745696	0.001269738605745696	0.004250972659954022
-2.207658110223964	-2.214028743765084	0.006370633541119997	0.006370633541119997	0.0028856975233695513
-4.4186701856579385	-4.420578865392599	0.0019086797346608009	0.0019086797346608009	0.0004319579544216648
1.0352645156564846	1.0432983708597021	-0.008033855203217533	0.008033855203217533	0.0077601956618044456
0.25039488269302	0.2520737707527587	-0.0016788880597387035	0.0016788880597387035	0.006704961545867503
0.3912924761362847	0.39337013913609553	-0.0020776629998108254	0.0020776629998108254	0.00530974431281216
1.021170457300566	1.022505370201543	-0.0013349129009769811	0.0013349129009769811	0.0013072380731673182
0.759039239256961	0.7604866241308628	-0.0014473848739017248	0.0014473848739017248	0.0019068643609500336
1.6290533171098542	1.6300531369779492	-0.0009998198680949422	0.0009998198680949422	0.0006137428760580706
1.6747150104536557	1.6776279499026714	-0.0029129394490157168	0.0029129394490157168	0.0017393642684474682
-0.35309711462430343	-0.3545891540852608	0.001492039460957384	0.001492039460957384	0.004225578174279105
2.1023794293661613	2.0995090399082983	0.0028703894578629985	0.0028703894578629985	0.001365305147952471
-0.5143049075235937	-0.516084077389678	0.0017791698660842847	0.0017791698660842847	0.0034593678575829366
2.3366410630449055	2.331508025235962	0.005133037808943364	0.005133037808943364	0.002196759224223527
0.15651227782763333	0.15596645243931562	0.0005458253883177111	0.0005458253883177111	0.0034874285640314273
0.607759781750909	0.6049651765351882	0.0027946052157207246	0.0027946052157207246	0.0045982068896854005
-3.0986388007349914	-3.10361339506926	0.004974594334268723	0.004974594334268723	0.0016054127809568377
0.4284593137163921	0.42727294930955395	0.0011863644068381696	0.0011863644068381696	0.002768907965957892
-3.748000843469674	-3.7444764657266205	-0.003524377743053364	0.003524377743053364	0.0009403353655040021
-0.8703016763424332	-0.8690472532180138	-0.0012544231244193682	0.0012544231244193682	0.0014413658602741755
1.187885945020514	1.1915060003957478	-0.0036200553752339104	0.0036200553752339104	0.003047477235006257
0.5711867610709029	0.573712673940463	-0.002525912869560054	0.002525912869560054	0.004422218863799096
0.2407419867058443	0.2383587598160375	0.0023832268898068	0.0023832268898068	0.00989950661460145
0.17627070251205	0.1696487088338472	0.006621993678202792	0.006621993678202792	0.03756718265617685
-1.3514953690674985	-1.3483369184541516	-0.0031584506133468526	0.0031584506133468526	0.002337004392050646
-0.30127397957195434	-0.29708683177886996	-0.004187147793084378	0.004187147793084378	0.013898139490949124
0.38275883490108237	0.3780454571824521	0.004713377718630285	0.004713377718630285	0.012314223184027558
0.3703178987182735	0.36806235038966406	0.0022555483286094136	0.0022555483286094136	0.006090843398107975
-0.5912706032431343	-0.5928371938352939	0.001566590592159578	0.001566590592159578	0.0026495323521358726
-2.207387958495117	-2.2116263662610436	0.004238407765926766	0.004238407765926766	0.001920100972561386
0.2615196871620596	0.26118048117496073	0.0003392059870988562	0.0003392059870988562	0.0012970571767648821
2.5086652742427593	2.501880653653643	0.006784620589116219	0.006784620589116219	0.0027044742312878536
-1.9852555815179276	-1.9890642688551452	0.00380868733721762	0.00380868733721762	0.001918487157359102
2.311239715472199	2.3188055311038624	-0.007565815631663586	0.007565815631663586	0.003273488068336455
-1.0636871870875781	-1.0715977914514951	0.007910604363916995	0.007910604363916995	0.007436964983640138
-0.4251341393896242	-0.42614530138962436	0.0010111620000001764	0.0010111620000001764	0.0023784540132484474
2.1902895737627346	2.1881591783312615	0.0021303954314730866	0.0021303954314730866	0.000972654692326022
-2.207119163757953	-2.2016889070073375	-0.005430256750615481	0.005430256750615481	0.00246033691328639
0.17900048551101902	0.1809197165130172	-0.0019192310019981729	0.0019192310019981729	0.010721931823363841
1.0339496098094552	1.0336703780922107	0.0002792317172444214	0.0002792317172444214	0.00027006317773637013
-0.48437290691634116	-0.4801161830982892	-0.004256723818051977	0.004256723818051977	0.008788112954441485
-0.8082439729804538	-0.811116708064219	0.0028727350837651766	0.0028727350837651766	0.0035542919957346213
-1.2704373821006905	-1.2702109506790293	-0.00022643142166112185	0.00022643142166112185	0.00017823107604619877
0.5458649141337311	0.5466177044581855	-0.000752790324454411	0.000752790324454411	0.0013790780556927045
0.5034298874119006	0.5071525665698573	-0.0037226791579566543	0.0037226791579566543	0.007394632800000609
-0.15916427112854756	-0.15970012282195967	0.0005358516934121094	0.0005358516934121094	0.003366658167770163
-0.8871689825187021	-0.8806456025922671	-0.006523379926435036	0.006523379926435036	0.007353029755295258
-4.817463737587904	-4.822275139304111	0.0048114017162070866	0.0048114017162070866	0.00099874165708119
-1.9192569190218427	-1.9183682506991317	-0.0008886683227109504	0.0008886683227109504	0.0004630272861873354
0.6688150051019457	0.667199583403999	0.0016154216979467062	0.0016154216979467062	0.0024153490660701786
1.2618597342842053	1.266645449504722	-0.004785715220516629	0.004785715220516629	0.0037925888991388918
0.6725760865269141	0.6748596897523385	-0.0022836032254243133	0.0022836032254243133	0.003395308383942865
0.5503577505634474	0.5578521067945985	-0.007494356231151134	0.007494356231151134	0.01361724482571297
1.6963013815913823	1.6924009651120286	0.0039004164793536855	0.0039004164793536855	0.002299365267093349
-0.613929899122009	-0.6089575326768681	-0.0049723664451408744	0.0049723664451408744	0.008099241382854843
-0.027955335146309757	-0.030216402592486702	0.0022610674461769446	0.0022610674461769446	0.08088142869127493
1.7876444976715007	1.7884545395645546	-0.0008100418930538922	0.0008100418930538922	0.0004531336594658578
-0.43573208425184673	-0.43288003689667676	-0.002852047355169973	0.002852047355169973	0.006545415080156301
-0.28385680034188276	-0.2769454786175629	-0.006911321724319852	0.006911321724319852	0.0243479166819175
-0.6895461310136352	-0.6893291920277989	-0.00021693898583630133	0.00021693898583630133	0.0003146112726604677
0.10677646084934243	0.10008260323957074	0.006693857609771689	0.006693857609771689	0.06269038659388111
-1.368528153512203	-1.3703560944122728	0.0018279409000698799	0.0018279409000698799	0.001335698425625104
0.9119965731227953	0.9143340485024964	-0.0023374753797011927	0.0023374753797011927	0.0025630308803654515
0.07552643402448651	0.06995779403951019	0.005568639984976323	0.005568639984976323	0.07373100632780978
0.6073441119825227	0.6074799766793149	-0.00013586469679216506	0.00013586469679216506	0.000223702994911186
-0.12083600624955994	-0.12016620166832581	-0.0006698045812341263	0.0006698045812341263	0.00554308771055205
0.42336280464788345	0.43037089380959515	-0.007008089161711695	0.007008089161711695	0.01655338892499169
0.6052713828786127	0.5965599957562517	0.00871138712236097	0.00871138712236097	0.014392530968390488
0.4578159170300539	0.4591487850120757	-0.001332867982021757	0.001332867982021757	0.0029113622581502757
0.9395937130053867	0.9386244710185565	0.0009692419868302382	0.0009692419868302382	0.001031554355264914
-0.5157460856389469	-0.5215379078435944	0.005791822204647579	0.005791822204647579	0.01122998771279517
0.49208799262787556	0.4868626729148673	0.00522531971300827	0.00522531971300827	0.01061866940728167
-0.36871924236317394	-0.36798652217839845	-0.0007327201847754927	0.0007327201847754927	0.0019872035429433655
1.155846009954856	1.1557085363165243	0.00013747363833171988	0.00013747363833171988	0.00011893767608116691
-0.2279972745701092	-0.2252973717986606	-0.0026999027714486035	0.0026999027714486035	0.011841820374999187
-0.519060320438165	-0.5181699689273955	-0.0008903515107694382	0.0008903515107694382	0.0017153141469528005
1.104111888366692	1.0988678968715249	0.005243991495167188	0.005243991495167188	0.004749510942160583
2.0404824972360323	2.041916406597011	-0.0014339093609785358	0.0014339093609785358	0.0007027305369788079
1.553798196182151	1.551675113660167	0.00212308252198401	0.00212308252198401	0.0013663824087327761
-0.9112592491903558	-0.9112586685660062	-5.806243495998231e-07	5.806243495998231e-07	6.371670302558813e-07
-0.9428333541309388	-0.9480343196628382	0.005200965531899415	0.005200965531899415	0.005516314743333864
-0.5051369211036193	-0.5010113291064044	-0.00412559199721485	0.00412559199721485	0.008167274702869251
-1.4324332021823647	-1.433893774446915	0.0014605722645502084	0.0014605722645502084	0.0010196442405307087
1.0847765051837808	1.0833472824742785	0.001429222709502298	0.001429222709502298	0.001317527345653713
-2.956323194429841	-2.9528358900279272	-0.0034873044019136934	0.0034873044019136934	0.0011796086464715026
-0.6362106145948692	-0.6414692179532722	0.005258603358403002	0.005258603358403002	0.008265507110018298
-2.8373944625962597	-2.8313294551480794	-0.006065007448180282	0.006065007448180282	0.002137527061581246
0.7239536815855355	0.7287426215043524	-0.0047889399188169035	0.0047889399188169035	0.006614981097034573
1.5352440553347588	1.5470186262973584	-0.011774570962599595	0.011774570962599595	0.007669510864858655
0.838918388286339	0.8363062097487273	0.0026121785376117534	0.0026121785376117534	0.0031137457160137568
0.01840775780655315	0.014894903870299459	0.0035128539362536924	0.0035128539362536924	0.19083551474167693
-1.3550827414165942	-1.3592899649665924	0.00420722354999814	0.00420722354999814	0.00310477244038983
-1.2341563610046962	-1.237408903762116	0.0032525427574199295	0.0032525427574199295	0.0026354381504561666
0.05701794092106927	0.05791240982944146	-0.0008944689083721855	0.0008944689083721855	0.015687499301499
-1.0641883939005905	-1.0682046558940783	0.004016261993487813	0.004016261993487813	0.0037740140904628074
1.508756430475643	1.5037258053780533	0.005030625097589558	0.005030625097589558	0.003334285770701656
1.0533195664858988	1.0517921855353052	0.001527380950593571	0.001527380950593571	0.0014500641582964639
-0.5034223404613966	-0.49898757970368024	-0.004434760757716316	0.004434760757716316	0.008809225179899188
-1.1498063076061082	-1.1449115863797488	-0.0048947212263594775	0.0048947212263594775	0.004256996325363935
-0.06958356681589663	-0.07667949648748618	0.007095929671589549	0.007095929671589549	0.10197709022827006
1.0596735093958598	1.054467657013447	0.005205852382412779	0.005205852382412779	0.004912694651941177
-0.8121720862779124	-0.8135520274663577	0.0013799411884453106	0.0013799411884453106	0.001699074878046371
-0.2700061615526427	-0.26810964482137933	-0.0018965167312633424	0.0018965167312633424	0.007023975750618497
1.2919346308689106	1.2905255971418228	0.0014090337270877829	0.0014090337270877829	0.0010906385612870486
0.4471303536790108	0.45201758439361583	-0.004887230714605062	0.004887230714605062	0.010930214588190412
-0.1953338996658782	-0.19195499589841347	-0.0033789037674647193	0.0033789037674647193	0.017298092001666834
-2.676667069513443	-2.663870393007528	-0.012796676505915094	0.012796676505915094	0.004780824874212405
-2.441809581100688	-2.4388848705712007	-0.0029247105294873954	0.0029247105294873954	0.0011977635570456855
0.7042988450136496	0.7037685336399591	0.0005303113736905285	0.0005303113736905285	0.0007529635714229389
0.31839065835910574	0.31997696532926057	-0.0015863069701548271	0.0015863069701548271	0.004982266057459723
-1.2079328663886193	-1.2004329000774305	-0.007499966311188766	0.007499966311188766	0.006208926439439936
2.2906048773102494	2.2946557073737495	-0.004050830063500044	0.004050830063500044	0.0017684543081287528
0.723823916647857	0.7222624608402839	0.0015614558075730534	0.0015614558075730534	0.0021572315747791287
-0.08071174148872183	-0.07549545262008905	-0.005216288868632776	0.005216288868632776	0.06462862493633183
-1.1743019988236942	-1.1717033503373386	-0.0025986484863556036	0.0025986484863556036	0.0022129303100554085
1.121763266973551	1.1139083253510762	0.007854941622474909	0.007854941622474909	0.007002316668531198
-0.8244058906893098	-0.8245416665886296	0.00013577589931978995	0.00013577589931978995	0.00016469545020628585
0.1524575248305089	0.15645027997379657	-0.003992755143287674	0.003992755143287674	0.02618929533144741
1.0723991906894796	1.0692106807255186	0.003188509963961028	0.003188509963961028	0.002973249133012711
3.097074741781679	3.1002695632196264	-0.0031948214379475814	0.0031948214379475814	0.0010315609742468374
-1.1071412786882324	-1.1083365061494987	0.0011952274612663238	0.0011952274612663238	0.0010795618267277127
1.769554212335915	1.7576261416252237	0.011928070710691241	0.011928070710691241	0.006740720701032093
-0.8295615746177993	-0.8268711608252488	-0.002690413792550528	0.002690413792550528	0.003243175521708647
-1.6511091997082172	-1.6549422925891122	0.0038330928808949505	0.0038330928808949505	0.0023215259666485607
-0.6186327668211911	-0.620292163148406	0.0016593963272149015	0.0016593963272149015	0.002682360870960027
-0.18971304696816826	-0.18278414790984243	-0.0069288990583258325	0.0069288990583258325	0.03652304977995754
0.9363049800366109	0.9378924023621948	-0.0015874223255839537	0.0015874223255839537	0.0016954116013800152
0.8718791307530462	0.8645295310998335	0.007349599653212691	0.007349599653212691	0.008429608410129975
0.08277210723219638	0.07788085167703684	0.0048912555551595405	0.0048912555551595405	0.059093041348317374
0.7890975691262115	0.7874426246416988	0.0016549444845127548	0.0016549444845127548	0.002097262175506786
0.04027036453688554	0.03787482273764908	0.002395541799236456	0.002395541799236456	0.05948646918858322
-1.3466933050093806	-1.3484290957421763	0.0017357907327957278	0.0017357907327957278	0.0012889280182347362
0.24204482244355582	0.24682252478669398	-0.0047777023431381516	0.0047777023431381516	0.01973891568885882
-0.6714804916714837	-0.6648683738603722	-0.006612117811111484	0.006612117811111484	0.009847073583109258
1.054828660847825	1.06179893737135	-0.006970276523524888	0.006970276523524888	0.006607970357880194
-0.8255804044214416	-0.8317260508192703	0.0061456463978286635	0.0061456463978286635	0.007444031332278859
-1.1066770403030144	-1.0967635735141812	-0.009913466788833203	0.009913466788833203	0.008957867948646373
-1.7914928185925025	-1.7958445041585946	0.004351685566092112	0.004351685566092112	0.002429083455389478
1.9747540661415723	1.9729994728550082	0.0017545932865641323	0.0017545932865641323	0.0008885123047207558
0.2500619653672251	0.24671283244970255	0.003349132917522535	0.003349132917522535	0.013393212008888322
-1.0820054185457486	-1.0865522872336442	0.0045468686878955555	0.0045468686878955555	0.0042022605524533315
0.38317614473387757	0.38441724791482557	-0.001241103180948	0.001241103180948	0.0032389886427036515
0.5079417124139425	0.5093654162919847	-0.0014237038780422484	0.0014237038780422484	0.0028028882906194832
0.26929058777134	0.26993211213266477	-0.0006415243613247523	0.0006415243613247523	0.00238227546916524
-0.022598030976049996	-0.02896791738749016	0.006369886411440165	0.006369886411440165	0.2818779396395705
-0.9108735875164411	-0.906460123587749	-0.0044134639286921296	0.0044134639286921296	0.004845308931095192
1.1276572412279928	1.1201107827218948	0.0075464585060980305	0.0075464585060980305	0.006692156295542527
0.541242167988296	0.5360499326343415	0.005192235353954522	0.005192235353954522	0.00959318334942964
-0.2693988586661373	-0.27037505969929043	0.0009762010331531568	0.0009762010331531568	0.003623627204608728
0.4083734509096136	0.4013517464045435	0.007021704505070059	0.007021704505070059	0.017194321740137294
-0.9268860147322374	-0.927164961467497	0.0002789467352596331	0.0002789467352596331	0.00030095041982073316
-1.6605601759551363	-1.6639759378449526	0.0034157618898162934	0.0034157618898162934	0.00205699374179655
-2.608168500827488	-2.6171416848228546	0.008973183995366618	0.008973183995366618	0.003440415752479073
-1.2291567642404426	-1.225415611770586	-0.0037411524698565124	0.0037411524698565124	0.0030436739874822698
0.46251124842341435	0.45298087570699863	0.009530372716415714	0.009530372716415714	0.02060571012900201
1.235440639529398	1.2342440204520244	0.0011966190773735619	0.0011966190773735619	0.0009685767483165975
1.4602163724571249	1.4620451511291321	-0.0018287786720072585	0.0018287786720072585	0.00125240252506548
0.5959352013703502	0.5980087225907482	-0.0020735212203980558	0.0020735212203980558	0.003479440743943307
-0.11044401525661081	-0.10480095625098329	-0.005643059005627518	0.005643059005627518	0.051094294177155455
-2.26883776638105	-2.2704279544996098	0.001590188118559599	0.001590188118559599	0.0007008822499883086
-1.3499664050091538	-1.3451633967633825	-0.00480300824577129	0.00480300824577129	0.003557872424046524
-0.17054339791423173	-0.1661918795434758	-0.004351518370755925	0.004351518370755925	0.025515607311543974
1.4707284050112843	1.4677335893793497	0.0029948156319345998	0.0029948156319345998	0.0020362805408056434
2.2550317314982844	2.258505746794981	-0.003474015296696553	0.003474015296696553	0.00154056160193735
0.29688979395121906	0.2982345577038359	-0.0013447637526168288	0.0013447637526168288	0.004529504819683301
-0.03718771880589896	-0.03627909427450504	-0.0009086245313939187	0.0009086245313939187	0.024433457081260566
-0.617816908986762	-0.6108377147029387	-0.00697919428382332	0.00697919428382332	0.011296541390020233
2.165342269561216	2.1635774974129163	0.0017647721482996204	0.0017647721482996204	0.0008150084044945158
1.6879385608660642	1.6932386188273085	-0.005300057961244331	0.005300057961244331	0.0031399590507162328
1.6639017381199313	1.6607837787887547	0.003117959331176534	0.003117959331176534	0.0018738842924099384
1.002425717906537	1.0040721208497416	-0.0016464029432046168	0.0016464029432046168	0.0016424188982730411
2.8153593801846437	2.814623509038938	0.0007358711457055023	0.0007358711457055023	0.000261377339917876
-0.581812720208987	-0.5777286733064102	-0.004084046902576799	0.004084046902576799	0.007019521507040633
-0.5589109975958095	-0.5527053945115767	-0.006205603084232791	0.006205603084232791	0.011103025545975262
-0.6892896770605222	-0.6934216580702923	0.00413198100977008	0.00413198100977008	0.005994549385087159
-0.8535431129056501	-0.8621664965176024	0.008623383611952251	0.008623383611952251	0.010103043984030684
-0.3664830659587038	-0.3634319691627752	-0.003051096795928576	0.003051096795928576	0.008325341821584687
-0.7820454739419931	-0.7781697058817372	-0.003875768060255913	0.003875768060255913	0.004955936949189979
-0.41445320751127257	-0.41374160900886636	-0.0007115985024062077	0.0007115985024062077	0.0017169574019688415
0.4246129810236756	0.4187247104709968	0.00588827055267882	0.00588827055267882	0.013867382335987749
0.742423629187609	0.7465332273568492	-0.0041095981692402805	0.0041095981692402805	0.005535381698097587
-1.24734994473933	-1.2537534348666668	0.006403490127336875	0.006403490127336875	0.0051336757213510525
0.48888894169711644	0.4905667155981064	-0.0016777739009899428	0.0016777739009899428	0.003431809881331662
0.8791780991851894	0.881259895322728	-0.0020817961375385607	0.0020817961375385607	0.002367888985710565
-2.6534006904903404	-2.6512715758144623	-0.0021291146758781743	0.0021291146758781743	0.0008024097843604316
0.3566993158136625	0.3609322156989947	-0.004232899885332209	0.004232899885332209	0.01186685731559813
1.4941333792149663	1.4921568690624554	0.0019765101525108797	0.0019765101525108797	0.0013228471969144813
1.0678147869581058	1.0613283593556844	0.006486427602421463	0.006486427602421463	0.006074487525031762
-1.0014357886004628	-1.0059724263555836	0.004536637755120809	0.004536637755120809	0.004530133441167406
-3.8549707762774954	-3.8584340563829755	0.0034632801054801376	0.0034632801054801376	0.0008983933488659053
1.8141895452256258	1.8226620341010857	-0.008472488875459927	0.008472488875459927	0.004670123305338653
-2.669936415366835	-2.6721325812104624	0.0021961658436273623	0.0021961658436273623	0.0008225536125082667
-1.3847521299386438	-1.3867801826563664	0.0020280527177225505	0.0020280527177225505	0.0014645600998731882
-2.3191009113007013	-2.3195892845251365	0.000488373224435179	0.000488373224435179	0.00021058731082179079
1.7687151360690967	1.7645973312028218	0.004117804866274888	0.004117804866274888	0.002328133446874071
-0.36891427385547304	-0.3719873602676671	0.0030730864121940593	0.0030730864121940593	0.008330082704791143
0.14495798412417552	0.14555827692674939	-0.0006002928025738707	0.0006002928025738707	0.004141150321596921
-1.5400411909909995	-1.5350056892202701	-0.0050355017707293115	0.0050355017707293115	0.003269718888161051
2.290220848993088	2.2906795475137187	-0.00045869852063074035	0.00045869852063074035	0.0002002857151669065
0.07238709749411351	0.07276003270817455	-0.0003729352140610376	0.0003729352140610376	0.005151957005754575
-0.48547379619210423	-0.48109273484442383	-0.004381061347680404	0.004381061347680404	0.009024300347503818
0.8562026869906001	0.8644722129247384	-0.008269525934138322	0.008269525934138322	0.009658374190817168
-1.3667213895008319	-1.3683453744306462	0.0016239849298143039	0.0016239849298143039	0.0011882340777643295
0.32437098948495324	0.32047342028818093	0.0038975691967723103	0.0038975691967723103	0.012015776142499664
0.4206496590609341	0.4166216149315005	0.004028044129433583	0.004028044129433583	0.009575769390675037
0.5240660626696714	0.5256566182652023	-0.0015905555955308959	0.0015905555955308959	0.0030350288042472477
1.8972329253579372	1.8982334822794655	-0.0010005569215283394	0.0010005569215283394	0.0005273769541710708
0.19689862966617772	0.19190558123227675	0.004993048433900971	0.004993048433900971	0.025358472237039912
0.9877803494776952	0.9894006961985724	-0.001620346720877186	0.001620346720877186	0.001640391734593597
-1.9896456325674685	-1.9909001221094513	0.0012544895419828173	0.0012544895419828173	0.000630509032085279
-1.6471854647935893	-1.647095810767496	-8.965402609328876e-05	8.965402609328876e-05	5.4428616576290277e-05
2.5539310100604276	2.5550727914378513	-0.0011417813774237118	0.0011417813774237118	0.00044706821481317014
-3.734329956829029	-3.7287251798261423	-0.005604777002886863	0.005604777002886863	0.0015008788906393548
0.39525039319291544	0.39405146162607707	0.0011989315668383682	0.0011989315668383682	0.0030333469301653264
0.4121127076669112	0.41278753633378074	-0.0006748286668695203	0.0006748286668695203	0.0016374857030978728
-1.1818550372681356	-1.1784794842242263	-0.0033755530439092407	0.0033755530439092407	0.0028561481209335537
1.9839452910057231	1.9829063403449254	0.0010389506607977328	0.0010389506607977328	0.0005236790880816358
-3.281175827051951	-3.272960035246797	-0.008215791805154193	0.008215791805154193	0.002503916960931613
3.0593969534027923	3.058024183701491	0.0013727697013012907	0.0013727697013012907	0.0004487059777497776
1.517050183330961	1.5130901247175643	0.003960058613396766	0.003960058613396766	0.002610367578415721
-0.7483419020669819	-0.7477551498595858	-0.000586752207396124	0.000586752207396124	0.0007840696956504321
2.5788311704430753	2.576483144366648	0.0023480260764272565	0.0023480260764272565	0.0009105001146794097
0.17718288066651658	0.17246743118448649	0.004715449482030093	0.004715449482030093	0.026613459857361958
0.4924806664175512	0.4804870386578841	0.011993627759667114	0.011993627759667114	0.02435349969555613
1.6826993931379837	1.6921285969146993	-0.009429203776715633	0.009429203776715633	0.005603617505995277
0.5193227820153629	0.5251598777249455	-0.005837095709582685	0.005837095709582685	0.011239822152477819
-1.1996412627382158	-1.1970526466029696	-0.002588616135246191	0.002588616135246191	0.002157825189621771
-0.2125427599294636	-0.2249358694825787	0.012393109553115123	0.012393109553115123	0.05830878246442276
0.3640440024810836	0.3639628102973802	8.119218370339354e-05	8.119218370339354e-05	0.00022302848872675064
0.372770775934314	0.36992264540458564	0.0028481305297283765	0.0028481305297283765	0.007640434051166731
-0.46337705096359627	-0.45341578697843943	-0.009961263985156843	0.009961263985156843	0.021497102552753347
1.4685942074784617	1.470901224820409	-0.0023070173419472706	0.0023070173419472706	0.001570901839459356
2.6938066705024064	2.7003728864656296	-0.006566215963223154	0.006566215963223154	0.002437523091439419
2.440201327910166	2.437989696773002	0.0022116311371642716	0.0022116311371642716	0.0009063314210464567
-1.4569554397218325	-1.456474685255671	-0.00048075446616158146	0.00048075446616158146	0.0003299719765302973
0.7110798091937689	0.7145041545300046	-0.0034243453362357013	0.0034243453362357013	0.004815697608005867
1.1313903110849535	1.1326744224788854	-0.0012841113939319193	0.0012841113939319193	0.001134985319699718
-0.002830290301458368	-9.849645721260458e-05	-0.0027317938442457633	0.0027317938442457633	0.9651991680281516
1.7660483211930562	1.767402165569365	-0.0013538443763088104	0.0013538443763088104	0.0007665953190874297
0.07441557459769954	0.07559240657428745	-0.001176831976587911	0.001176831976587911	0.01581432358683005
0.14495229404415477	0.1425850514351623	0.002367242608992459	0.002367242608992459	0.016331184163745346
0.3983394776487622	0.4046225658385083	-0.0062830881897461	0.0062830881897461	0.015773199851625664
1.9488629848109769	1.9419684267631965	0.006894558047780386	0.006894558047780386	0.0035377335921073483
-0.41663933411498183	-0.41896620314219035	0.0023268690272085224	0.0023268690272085224	0.0055848520211161
0.025561696886399053	0.02916901394200977	-0.003607317055610716	0.003607317055610716	0.14112197134808013
0.21425997731586804	0.2074178119073622	0.006842165408505851	0.006842165408505851	0.03193394069308119
-0.748747652444748	-0.757037920266157	0.00829026782140907	0.00829026782140907	0.011072178716474614
0.3594525462689048	0.35998008024762385	-0.0005275339787190192	0.0005275339787190192	0.0014676039555006335
0.5960158139518164	0.5988667417113902	-0.0028509277595738514	0.0028509277595738514	0.0047833089203977545
-0.8054572832712785	-0.8053463243413717	-0.00011095892990686806	0.00011095892990686806	0.00013775892553385358
-2.145570052453678	-2.145876625945675	0.0003065734919971419	0.0003065734919971419	0.0001428867314989524
-1.9550321962095407	-1.944853613167652	-0.010178583041888789	0.010178583041888789	0.005206350596999501
1.2429938516130983	1.2525657039077487	-0.009571852294650407	0.009571852294650407	0.007700643315514805
-1.138239492300089	-1.141108699812321	0.002869207512232075	0.002869207512232075	0.0025207414886248107
-0.05336054009228895	-0.05792732190457173	0.004566781812282775	0.004566781812282775	0.08558350054898925
-0.7815542647935804	-0.7779376282996964	-0.0036166364938839957	0.0036166364938839957	0.004627492493869509
1.497483484412487	1.4943739497539354	0.0031095346585514605	0.0031095346585514605	0.0020765068135435464
1.6070145859621143	1.6125022502819775	-0.005487664319863139	0.005487664319863139	0.0034148192354941775
-1.7798268016759247	-1.7831703698902857	0.0033435682143609924	0.0033435682143609924	0.0018785919007470917
-0.4923598053642608	-0.4920808205497451	-0.0002789848145157148	0.0002789848145157148	0.0005666279242866188
-0.5046916275109559	-0.5144035003468161	0.00971187283586028	0.00971187283586028	0.019243181987696943
-0.5952190291786627	-0.5974466457701055	0.0022276165914428825	0.0022276165914428825	0.0037425157500706094
-0.3010512965253451	-0.3015264665009454	0.00047516997560026475	0.00047516997560026475	0.0015783688065274975
-0.52062826401556	-0.5218747264734702	0.001246462457910269	0.001246462457910269	0.0023941505754920293
-0.7252345330336143	-0.7263565876201028	0.0011220545864885079	0.0011220545864885079	0.0015471610015521712
-1.1486697027133745	-1.142613435149542	-0.006056267563832485	0.006056267563832485	0.005272418650484502
-0.7531093483653061	-0.7503170072595822	-0.0027923411057239056	0.0027923411057239056	0.0037077498928740453
0.4423097062716521	0.444398021500092	-0.0020883152284398854	0.0020883152284398854	0.004721386844622647
-2.0471464172365077	-2.0420336513780057	-0.005112765858501955	0.005112765858501955	0.002497508637122205
-0.8780400803580387	-0.8791907421255019	0.0011506617674631459	0.0011506617674631459	0.0013104888867874233
0.06303550330438057	0.06508715341624338	-0.0020516501118628128	0.0020516501118628128	0.03254753280791582
1.108439977235038	1.1093506363977212	-0.0009106591626832916	0.0009106591626832916	0.0008215683134732264
1.025580686241141	1.0302786977263168	-0.00469801148517579	0.00469801148517579	0.004580830692506981
-1.4202719819928182	-1.4133649674477056	-0.006907014545112666	0.006907014545112666	0.004863163276248868
0.21888713699269227	0.2192701449530432	-0.00038300796035092843	0.00038300796035092843	0.0017497965646273471
-1.4686922315958926	-1.4595744287362322	-0.009117802859660351	0.009117802859660351	0.006208109952180297
0.5549409537687434	0.5509258917300031	0.004015062038740358	0.004015062038740358	0.007235115756862172
0.6603304879422497	0.6542764895129949	0.006053998429254803	0.006053998429254803	0.009168134047725911
-1.1004142497768028	-1.1046348663512617	0.004220616574458935	0.004220616574458935	0.0038354797525704558
-1.434409941312892	-1.4388990075531183	0.00448906624022638	0.00448906624022638	0.0031295560013461783
0.3292053732924975	0.32505556919204537	0.004149804100452126	0.004149804100452126	0.012605517519196273
2.4031815265338343	2.4016603656491498	0.0015211608846845692	0.0015211608846845692	0.0006329779369095666
-0.1893966602850758	-0.19202758448955137	0.002630924204475582	0.002630924204475582	0.01389108023613284
-0.6374900061532788	-0.6366146008076612	-0.0008754053456175859	0.0008754053456175859	0.0013732063831085415
-1.8623614715067722	-1.8650849033292616	0.0027234318224893528	0.0027234318224893528	0.001462354040371077
-1.3850526274304504	-1.3849265924363863	-0.0001260349940641614	0.0001260349940641614	9.09965380145746e-05
2.7274258172941845	2.725997148445458	0.0014286688487263888	0.0014286688487263888	0.0005238158411742754
3.124412233805926	3.1334687882917933	-0.009056554485867174	0.009056554485867174	0.002898642627203887
-0.3405477507134187	-0.3374701045686379	-0.003077646144780788	0.003077646144780788	0.009037340984732332
-0.33779741588550016	-0.34114688060071785	0.003349464715217687	0.003349464715217687	0.009915601948692888
-1.0957241112090341	-1.0999266687576892	0.0042025575486550615	0.0042025575486550615	0.003835415781822956
-0.9710937910396329	-0.9750270801305305	0.003933289090897629	0.003933289090897629	0.004050369930474719
-2.117410384954967	-2.1188803020777414	0.0014699171227743335	0.0014699171227743335	0.0006942051164094936
-0.38479280230041096	-0.3852613463095622	0.0004685440091512505	0.0004685440091512505	0.001217652737655561
0.14595926989785368	0.15055828225740697	-0.0045990123595532895	0.0045990123595532895	0.031508874789328595
-1.5784200869909024	-1.576793089043349	-0.001626997947553388	0.001626997947553388	0.001030776255930127
-1.7800856871628732	-1.7844631529442267	0.004377465781353562	0.004377465781353562	0.002459132059159709
-1.5436716379596356	-1.5407637620228343	-0.0029078759368013074	0.0029078759368013074	0.0018837399517457115
5.262464625729409	5.261158457869897	0.0013061678595125414	0.0013061678595125414	0.0002482045870914522
-0.04898574572570084	-0.05021665128879249	0.001230905563091654	0.001230905563091654	0.0251278314713059
0.5705482250616896	0.5738069030485349	-0.0032586779868453153	0.0032586779868453153	0.005711485626816166
-0.5907592306503285	-0.5875054303032812	-0.003253800347047364	0.003253800347047364	0.005507828195025351
0.6239109699948031	0.6323288871499244	-0.008417917155121302	0.008417917155121302	0.013492176864900162
2.3235420240683227	2.3250636859302176	-0.0015216618618949518	0.0015216618618949518	0.0006548888921021762
-1.5305407898052923	-1.5305324377550278	-8.35205026450403e-06	8.35205026450403e-06	5.456927590650188e-06
2.3790220869495053	2.382103561103577	-0.0030814741540714508	0.0030814741540714508	0.001295269249905394
0.7746814579919874	0.7715284755249741	0.0031529824670133433	0.0031529824670133433	0.004070037348236047
2.40092539145414	2.397892772933119	0.003032618521021213	0.003032618521021213	0.001263104023063575
-1.377910146005596	-1.3761566751782084	-0.0017534708273876376	0.0017534708273876376	0.0012725581798426764
-1.5195002949823098	-1.5248426279868	0.005342333004490163	0.005342333004490163	0.0035158486129496665
0.5715410290830417	0.5678866582456976	0.003654370837344101	0.003654370837344101	0.006393890641949243
-0.1533164142684332	-0.1611331244930625	0.007816710224629292	0.007816710224629292	0.05098417062470198
0.9674653687446468	0.9662589800427668	0.0012063887018800568	0.0012063887018800568	0.001246958021293754
-0.49463469721971864	-0.4997880168957636	0.005153319676044932	0.005153319676044932	0.01041843547371649
0.9208826106899296	0.9226633028447395	-0.0017806921548099153	0.0017806921548099153	0.0019336798568449591
1.3417750326481066	1.345618549748906	-0.003843517100799332	0.003843517100799332	0.0028645018779443416
0.13655723223392563	0.13057308024144731	0.005984151992478315	0.005984151992478315	0.0438215676649577
-4.695835964171084	-4.703370492279646	0.007534528108561922	0.007534528108561922	0.0016045126290717712
-3.376411690913885	-3.375550410055439	-0.0008612808584458342	0.0008612808584458342	0.00025508763068306803
-1.0617323226470505	-1.0596383835945744	-0.0020939390524761237	0.0020939390524761237	0.0019721911142872943
-1.1494065093086971	-1.1453033930592937	-0.004103116249403405	0.004103116249403405	0.003569769455952704
-1.2302488189514702	-1.2247616905369796	-0.005487128414490616	0.005487128414490616	0.004460177754258887
-0.4989957063094348	-0.49166712051373906	-0.00732858579569573	0.00732858579569573	0.014686671053540415
0.25959292119211064	0.25850026395346504	0.0010926572386456002	0.0010926572386456002	0.00420911800532875
0.3923339313391774	0.3948383964598179	-0.002504465120640509	0.002504465120640509	0.006383503746647314
0.503278955328743	0.5063670923846075	-0.003088137055864526	0.003088137055864526	0.006136034545389142
1.9947213568609012	1.9958993270847714	-0.0011779702238701173	0.0011779702238701173	0.0005905437467837074
1.8692330881302424	1.8670359768293565	0.0021971113008858456	0.0021971113008858456	0.0011754078797543508
0.3049968741596141	0.3135305978503311	-0.008533723690717032	0.008533723690717032	0.027979708691214578
0.024375744953934526	0.021233745428617112	0.003141999525317414	0.003141999525317414	0.128898605201818
1.2924158974407214	1.2953465411555953	-0.0029306437148739484	0.0029306437148739484	0.00226757015344464
-0.72094767939258	-0.7158778025768697	-0.00506987681571025	0.00506987681571025	0.007032239593283348
1.1406056006593581	1.1440206926636165	-0.00341509200425838	0.00341509200425838	0.0029941041866568016
-0.5886183245746659	-0.5776577254437143	-0.010960599130951598	0.010960599130951598	0.01862089349473056
0.1748752319054192	0.17435305016988423	0.0005221817355349767	0.0005221817355349767	0.0029860245493049426
0.7347388819129436	0.7307924861379433	0.003946395775000222	0.003946395775000222	0.00537115412311583
-1.4197315306028946	-1.4264289929997176	0.006697462396823006	0.006697462396823006	0.004717414703031144
-0.4835540039354662	-0.4755859354190761	-0.007968068516390092	0.007968068516390092	0.01647813574397264
0.9606354780895885	0.960667930485215	-3.245239562654767e-05	3.245239562654767e-05	3.3782216425199705e-05
-1.6613770054021502	-1.6685230657458305	0.007146060343680372	0.007146060343680372	0.004301287618911403
1.7713218693269477	1.7760093596734805	-0.004687490346532819	0.004687490346532819	0.002646323306736981
-0.3073710592860386	-0.31428635702468455	0.006915297738645965	0.006915297738645965	0.022498207068384436
0.257217371052584	0.26463418544153683	-0.007416814388952808	0.007416814388952808	0.02883481142273458
-2.3639692241968575	-2.366428409004584	0.0024591848077264444	0.0024591848077264444	0.0010402778439562537
-0.2057350642359588	-0.20552571731968783	-0.0002093469162709749	0.0002093469162709749	0.0010175558408015157
1.6993984253441068	1.696718954917742	0.0026794704263648494	0.0026794704263648494	0.0015767170231561739
-0.16071626410070997	-0.16475674601679202	0.004040481916082056	0.004040481916082056	0.02514046688859169
1.1515806934861967	1.1609216599026695	-0.009340966416472751	0.009340966416472751	0.008111430201382335
3.4420122174280743	3.436641805819818	0.005370411608256465	0.005370411608256465	0.001560253499701207
-1.3911345454828878	-1.3891507787775481	-0.001983766705339729	0.001983766705339729	0.001426006357027909
-2.0829911305259072	-2.084627289150376	0.0016361586244686421	0.0016361586244686421	0.00078548516145412
-0.6057050872720936	-0.6086119647079613	0.002906877435867705	0.002906877435867705	0.004799162986989878
-0.5778126643292034	-0.5798841557407286	0.0020714914115251837	0.0020714914115251837	0.00358505712907838
0.5218380656036742	0.5209352984820725	0.0009027671216016442	0.0009027671216016442	0.0017299756018321556
-0.09337935312380787	-0.09699872498458717	0.003619371860779305	0.003619371860779305	0.038759872923734305
0.07032581716621615	0.0704766862327233	-0.00015086906650714493	0.00015086906650714493	0.002145287073601485
0.23330563105678387	0.24574630879214965	-0.01244067773536578	0.01244067773536578	0.05332352107839979
1.955621508656241	1.9566389473766321	-0.0010174387203911728	0.0010174387203911728	0.0005202636174165837
-0.13854017581164105	-0.13698533257411327	-0.0015548432375277754	0.0015548432375277754	0.011223049403674334
-1.60625092218298	-1.6110124543047277	0.004761532121747791	0.004761532121747791	0.0029643762727162314
-1.1770710404777336	-1.174490358607727	-0.002580681870006485	0.002580681870006485	0.002192460591808522
0.8094601114353006	0.8141760117723607	-0.004715900337060042	0.004715900337060042	0.005825982368294845
0.47444139975913235	0.4765467620018171	-0.0021053622426847607	0.0021053622426847607	0.004437560136517651
-0.475451829123815	-0.48221233737422153	0.006760508250406527	0.006760508250406527	0.014219123444882124
-0.20661316838478605	-0.2101455847878242	0.003532416403038141	0.003532416403038141	0.017096763147543166
-1.4728155983556344	-1.4754127205378609	0.002597122182226519	0.002597122182226519	0.0017633722681414752
-0.8155355997306772	-0.8181061293726088	0.002570529641931607	0.002570529641931607	0.0031519527078652356
0.026342968954709438	0.028757147447322495	-0.0024141784926130574	0.0024141784926130574	0.09164413080255576
1.3791128333102889	1.376952533973963	0.0021602993363258882	0.0021602993363258882	0.0015664413267335892
-0.3684071544371466	-0.3666894681373378	-0.001717686299808785	0.001717686299808785	0.004662467270574781
0.6068563649073698	0.6039779691491276	0.002878395758242225	0.002878395758242225	0.004743125267676118
0.23608066823564905	0.23706552747171372	-0.0009848592360646724	0.0009848592360646724	0.004171706406225577
-1.901031075661977	-1.9066016375290928	0.0055705618671157975	0.0055705618671157975	0.0029302844853159576
-1.0811221267540574	-1.0840023769560503	0.0028802502019928955	0.0028802502019928955	0.0026641302871494355
-0.2341007104646063	-0.23302550107473508	-0.0010752093898712123	0.0010752093898712123	0.004592935184764308
0.8425844608327692	0.8461968736810377	-0.0036124128482685203	0.0036124128482685203	0.004287300580760994
-0.6978586160941421	-0.7057756902213441	0.007917074127201995	0.007917074127201995	0.011344811032803772
-5.232593556405144	-5.228564174103667	-0.004029382301476758	0.004029382301476758	0.0007700545165684517
-2.309523370302365	-2.321425441550673	0.011902071248307777	0.011902071248307777	0.005153475128831256
-0.18874563236436695	-0.18699704560276587	-0.0017485867616010842	0.0017485867616010842	0.009264250195869421
-0.02439661641457627	-0.02662687074916903	0.0022302543345927607	0.0022302543345927607	0.09141654304406936
-0.27079374409287815	-0.26962389529217035	-0.0011698488007078067	0.0011698488007078067	0.0043200732152311695
-1.282970860893681	-1.2799330870620906	-0.003037773831590318	0.003037773831590318	0.002367765258109051
2.06455839350095	2.0638214900827734	0.0007369034181765599	0.0007369034181765599	0.00035693028615527063
0.34914150618347917	0.3437596151343314	0.005381891049147769	0.005381891049147769	0.015414641209457071
1.1450574551827417	1.1480264365673065	-0.002968981384564806	0.002968981384564806	0.0025928667344390865
-0.21119199232122618	-0.22921570962353144	0.01802371730230526	0.01802371730230526	0.08534280634509529
-0.7423390916386315	-0.7384952950815205	-0.00384379655711109	0.00384379655711109	0.005177952502307717
-0.36313173561366774	-0.35987718001706526	-0.003254555596602482	0.003254555596602482	0.00896246534636392
1.9345431519872338	1.9332148931425763	0.0013282588446574817	0.0013282588446574817	0.0006866007839075833
-0.700972990445274	-0.7038599342195084	0.002886943774234485	0.002886943774234485	0.004118480759723185
0.6421989112494674	0.6362335134326713	0.005965397816796059	0.005965397816796059	0.009289018888539896
-2.9234681373810707	-2.9221217846497893	-0.001346352731281364	0.001346352731281364	0.00046053271936374396
0.6624148756508168	0.667106760374736	-0.004691884723919237	0.004691884723919237	0.007083000241064185
1.4988536920439377	1.4924762799637392	0.006377412080198486	0.006377412080198486	0.0042548596397703215
-1.6503973136656462	-1.6431951207778184	-0.007202192887827863	0.007202192887827863	0.004363914572686316
0.6745195804275399	0.6752462977601681	-0.0007267173326281906	0.0007267173326281906	0.0010773850807526825
-0.8625627894571799	-0.8587843803979922	-0.003778409059187693	0.003778409059187693	0.004380445232938331
-2.3662060530165365	-2.3650900038774125	-0.001116049139123998	0.001116049139123998	0.00047166185620276506
0.22309110693282125	0.22527437431563158	-0.0021832673828103277	0.0021832673828103277	0.00978643843238345
0.11770890710412638	0.12358066487649921	-0.005871757772372838	0.005871757772372838	0.04988371667726578
2.358367384103673	2.3653508906136267	-0.0069835065099534965	0.0069835065099534965	0.002961161419134731
-1.4109482490792398	-1.4048102875676705	-0.006137961511569312	0.006137961511569312	0.004350238582864282
0.6503171950369162	0.6504168231913354	-9.962815441921791e-05	9.962815441921791e-05	0.00015319932362170183
0.3034560918643838	0.2990428401972167	0.004413251667167106	0.004413251667167106	0.014543295671056795
-0.20774066712339617	-0.2026734764513094	-0.005067190672086774	0.005067190672086774	0.024391905264638948
-3.518032261824491	-3.516978307743557	-0.0010539540809340053	0.0010539540809340053	0.0002995862466557976
2.7496311361101626	2.7540639730432304	-0.00443283693306773	0.00443283693306773	0.001612156945290763
2.5656812651121514	2.5680847302282928	-0.0024034651161413123	0.0024034651161413123	0.0009367746293444021
-1.552730102287342	-1.5498584216402378	-0.002871680647104302	0.002871680647104302	0.0018494396694402981
0.42216056997299006	0.42001963083748706	0.002140939135503006	0.002140939135503006	0.005071385837005062
0.9145990975455334	0.9162559363176115	-0.0016568387720781175	0.0016568387720781175	0.0018115464759636192
1.4380294146561552	1.4351274476211984	0.0029019670349568205	0.0029019670349568205	0.0020180164643229534
-0.29273874009863443	-0.29628711854456924	0.0035483784459348078	0.0035483784459348078	0.012121314878718235
-2.089574334085044	-2.0870528805971844	-0.002521453487859482	0.002521453487859482	0.001206682838092737
1.8937103499575711	1.8913434469141066	0.002366903043464541	0.002366903043464541	0.0012498759609765938
-0.7680870966071094	-0.7670322975172894	-0.00105479908981998	0.00105479908981998	0.0013732805751839482
1.3166711214469349	1.3170768379495712	-0.00040571650263632186	0.00040571650263632186	0.000308138073378921
-0.5221296940572724	-0.5201841340749525	-0.0019455599823199332	0.0019455599823199332	0.003726200605833624
-0.41731340279445883	-0.4161201704846462	-0.0011932323098126085	0.0011932323098126085	0.002859319403168837
0.3202506405810435	0.3182210184604628	0.0020296221205807208	0.0020296221205807208	0.006337605186045206
0.48170755877768084	0.48210512431978714	-0.0003975655421062929	0.0003975655421062929	0.0008253255213912443
3.389221739621476	3.392876553334645	-0.003654813713168892	0.003654813713168892	0.0010783637052844699
1.0885798242427995	1.0833959458977915	0.005183878345007997	0.005183878345007997	0.004762056240215392
-0.11182683637530473	-0.10453428694745526	-0.0072925494278494735	0.0072925494278494735	0.06521287433523357
-0.8506538656677081	-0.8525379325874383	0.0018840669197301985	0.0018840669197301985	0.0022148455391445593
0.7169656221294759	0.7155556577345124	0.0014099643949635476	0.0014099643949635476	0.001966571829170526
-1.1780204061693742	-1.1817282229458215	0.0037078167764472703	0.0037078167764472703	0.0031474979185667565
-1.9422750386607506	-1.9450765794317704	0.002801540771019795	0.002801540771019795	0.0014424016760013199
1.624023108592045	1.6276716469292296	-0.0036485383371847036	0.0036485383371847036	0.002246604939228865
-0.9025984033818154	-0.9090067578654271	0.006408354483611656	0.006408354483611656	0.007099895656364026
1.8705075730090817	1.8753535605355864	-0.00484598752650478	0.00484598752650478	0.0025907339785366653
-0.06701140684900271	-0.06609425145143177	-0.0009171553975709373	0.0009171553975709373	0.013686556374462788
-0.20934200171488643	-0.2013671000895556	-0.007974901625330821	0.007974901625330821	0.03809508631809228
0.4767396550822907	0.47346370047307573	0.0032759546092149816	0.0032759546092149816	0.006871579853472676
1.3772878807038196	1.3741047150688246	0.003183165634994989	0.003183165634994989	0.0023111839431625087
-1.2688313247680243	-1.2631377285288181	-0.005693596239206178	0.005693596239206178	0.0044872759113565525
-2.1146436455898203	-2.1155546892259736	0.0009110436361532415	0.0009110436361532415	0.00043082608176241036
1.8764070342283428	1.8718389364948962	0.0045680977334465744	0.0045680977334465744	0.0024344919040048085
0.3983503520971672	0.4015882277599303	-0.0032378756627631233	0.0032378756627631233	0.008128210871954564
0.833952741302202	0.8326011538883904	0.0013515874138115835	0.0013515874138115835	0.001620700246996136
0.08953041227586178	0.09029598004417494	-0.0007655677683131579	0.0007655677683131579	0.008550924192712134
-1.199301315552344	-1.200724529553554	0.001423214001210038	0.001423214001210038	0.001186702609889634
2.4343168879502106	2.4317369043274084	0.0025799836228022066	0.0025799836228022066	0.0010598388548233148
-0.7367701869948352	-0.7367975085799117	2.7321585076456323e-05	2.7321585076456323e-05	3.708291344943881e-05
0.3275377871102572	0.3256162199249957	0.0019215671852615412	0.0019215671852615412	0.00586670381519887
-1.700247833079453	-1.702980025584111	0.0027321925046579487	0.0027321925046579487	0.001606937795479768
1.509396171283648	1.5085556151461788	0.0008405561374691395	0.0008405561374691395	0.0005568823834727888
2.144980023137049	2.144904839951778	7.518318527122148e-05	7.518318527122148e-05	3.50507624594403e-05
1.605783197744085	1.614601416804362	-0.008818219060277022	0.008818219060277022	0.0054915377571925425
-2.126305545863983	-2.120409115377697	-0.005896430486285631	0.005896430486285631	0.0027730871030060412
0.4831787856579304	0.483011621327023	0.0001671643309073545	0.0001671643309073545	0.00034596786090211254
-0.09208108210408289	-0.08886469004210085	-0.003216392061982043	0.003216392061982043	0.03492999852397942
0.5137629620474539	0.5079418697278015	0.005821092319652332	0.005821092319652332	0.011330307456290836
0.5894244534048942	0.5956172062724363	-0.006192752867542062	0.006192752867542062	0.010506440361896666
0.6701608403199112	0.6702699120069155	-0.00010907168700435843	0.00010907168700435843	0.00016275449182063734
-0.12601389049733008	-0.1269360691367183	0.0009221786393882048	0.0009221786393882048	0.007318071331253307
0.9284143453508722	0.9300762903876603	-0.0016619450367880706	0.0016619450367880706	0.0017900897859995668
0.5325384366567926	0.5313654601195594	0.001172976537233139	0.001172976537233139	0.002202613851869424
0.5199546944037189	0.5248822653811658	-0.004927570977446893	0.004927570977446893	0.00947692372139808
-0.7597017339621241	-0.76227419776842	0.0025724638062958327	0.0025724638062958327	0.0033861497102020384
-0.9125627695671716	-0.9189510928990785	0.006388323331906864	0.006388323331906864	0.0070004207326328305
3.0837873905842232	3.0871825183567125	-0.0033951277724892925	0.0033951277724892925	0.001100960391386154
-0.702469899952763	-0.707240817064303	0.004770917111539985	0.004770917111539985	0.006791632085390137
-1.5106907067480693	-1.5169922899076482	0.006301583159578961	0.006301583159578961	0.004171325825617756
-0.7666189217209083	-0.7650528114027111	-0.0015661103181972003	0.0015661103181972003	0.002042879811369111
2.8560698993923985	2.850633354682941	0.005436544709457536	0.005436544709457536	0.0019035054816459878
2.013068221782378	2.013871730014216	-0.0008035082318382791	0.0008035082318382791	0.00039914605135778756
2.1940197653110944	2.1952608913125005	-0.0012411260014060232	0.0012411260014060232	0.0005656858798763107
-1.2021754996053187	-1.198365020172787	-0.003810479432531766	0.003810479432531766	0.0031696532110184984
-0.10933730804238932	-0.10190999819315039	-0.007427309849238936	0.007427309849238936	0.0679302424965449
-1.0517205227140367	-1.0465041887073312	-0.005216334006705514	0.005216334006705514	0.004959810038929741
-0.24565865870662085	-0.24076070621958934	-0.004897952487031509	0.004897952487031509	0.019938041316430514
-1.4081498023609251	-1.4072075064177625	-0.000942295943162641	0.000942295943162641	0.0006691730819993536
0.7602866914822892	0.7540635615441715	0.0062231299381176886	0.0062231299381176886	0.008185241183144735
0.36961225056679425	0.3669317393359961	0.002680511230798155	0.002680511230798155	0.007252225072863888
0.32766499474760674	0.32457724046253134	0.003087754285075406	0.003087754285075406	0.009423509787653198
-1.2676522173908347	-1.2727124230877962	0.005060205696961528	0.005060205696961528	0.003991793354313517
1.1662292611060974	1.174227452793275	-0.007998191687177636	0.007998191687177636	0.006858164131117615
-0.3977191501626316	-0.3932410490961047	-0.004478101066526907	0.004478101066526907	0.011259455484343069
0.9190386520716118	0.9179033822874771	0.001135269784134696	0.001135269784134696	0.001235279693161627
1.6554061902153112	1.652782695600763	0.0026234946145482496	0.0026234946145482496	0.0015848041586742064
0.013843275720586795	0.013232125638751313	0.0006111500818354824	0.0006111500818354824	0.044147793786019934
-3.143698578327065	-3.1356286963273305	-0.008069881999734463	0.008069881999734463	0.0025670024649846967
-0.6889838074577788	-0.6865457398816943	-0.002438067576084446	0.002438067576084446	0.003538642780416653
-0.6798035164745087	-0.6826300977991195	0.0028265813246108884	0.0028265813246108884	0.004157938663320933
-1.0469076414369247	-1.051696877766517	0.004789236329592272	0.004789236329592272	0.0045746502748025076
-0.49419613084667724	-0.5025590671721147	0.008362936325437498	0.008362936325437498	0.016922302307607648
0.3763884896196191	0.38688492531946395	-0.01049643569984482	0.01049643569984482	0.027887238821921977
-0.26167530873846173	-0.25947670656023547	-0.002198602178226261	0.002198602178226261	0.008402023824203115
-0.5425409169068823	-0.5447050061775371	0.002164089270654812	0.002164089270654812	0.003988803799338586
1.2803513539838176	1.27760835493973	0.0027429990440877017	0.0027429990440877017	0.0021423799299722305
0.12796208331038358	0.126266057122848	0.0016960261875355875	0.0016960261875355875	0.013254130783583156
-0.2907998858837074	-0.28602136626432184	-0.0047785196193855795	0.0047785196193855795	0.016432329761286554
-0.5400759805381116	-0.5336519152479013	-0.0064240652902102235	0.0064240652902102235	0.011894743557766676
-0.7349561983788784	-0.7399013029498747	0.004945104570996284	0.004945104570996284	0.006728434404531718
-1.0073041421815547	-1.0146437070943648	0.00733956491281007	0.00733956491281007	0.007286344417203042
-0.8392516053781749	-0.8378438469662797	-0.0014077584118952213	0.0014077584118952213	0.0016773973417195571
-0.48245886068925703	-0.4836107818846358	0.001151921195378769	0.001151921195378769	0.0023876050151366178
-0.6250575679272892	-0.6363064239849336	0.011248856057644474	0.011248856057644474	0.01799651205719505
0.21660061368202815	0.21980523706588428	-0.003204623383856131	0.003204623383856131	0.014795079890957973
-0.44305760366305874	-0.44760555829270743	0.004547954629648687	0.004547954629648687	0.010264928515045563
-0.0032739411341050372	-0.00620468745182734	0.0029307463177223026	0.0029307463177223026	0.895173797473744
-2.513872184120843	-2.5081298717850586	-0.005742312335784483	0.005742312335784483	0.0022842499201257906
1.6976523088942836	1.697160809271736	0.0004914996225475754	0.0004914996225475754	0.0002895172468311249
0.535693141814854	0.5360455270420061	-0.00035238522715219656	0.00035238522715219656	0.0006578117202665025
-0.984142710458316	-0.9905178103508661	0.006375099892550029	0.006375099892550029	0.006477820568910316
-1.7731050410117144	-1.7746191388141597	0.001514097802445269	0.001514097802445269	0.0008539244813050339
1.0888255436737124	1.0864350570045644	0.0023904866691479842	0.0023904866691479842	0.0021954726200511874
-0.6591431128296378	-0.6622952441830421	0.0031521313534043083	0.0031521313534043083	0.004782165347783902
0.03949350389305638	0.04084986176167149	-0.0013563578686151129	0.0013563578686151129	0.034343822019134225
0.3019329265532095	0.29776212613796815	0.004170800415241371	0.004170800415241371	0.013813665382090591
-0.4627778385710427	-0.4600871689035557	-0.002690669667486989	0.002690669667486989	0.005814171386847719
-0.33180269473082286	-0.32917051976255607	-0.002632174968266787	0.002632174968266787	0.007932952354115619
-0.4230751854211388	-0.4248607820045436	0.0017855965834047693	0.0017855965834047693	0.004220518349775927
1.9597257879780234	1.9619612066890113	-0.0022354187109878687	0.0022354187109878687	0.0011406793362117747
-0.8659573350826035	-0.8644282388559077	-0.0015290962266958363	0.0015290962266958363	0.0017657870252348819
-1.1909291596762226	-1.1898392949660774	-0.0010898647101451608	0.0010898647101451608	0.0009151381518288308
-2.237941702015539	-2.2445518770837225	0.006610175068183288	0.006610175068183288	0.002953685103695963
0.01401347700610004	0.020748220777022652	-0.006734743770922612	0.006734743770922612	0.48059048928335135
1.16216221268642	1.1678461196424905	-0.005683906956070572	0.005683906956070572	0.004890803447250122
0.6542226310117318	0.6578025804628851	-0.0035799494511532526	0.0035799494511532526	0.0054720660543597964
-1.3472760314649506	-1.3489115845004562	0.0016355530355056658	0.0016355530355056658	0.0012139702609622316
-0.9160788688579516	-0.9179991066048387	0.001920237746887099	0.001920237746887099	0.0020961489366969053
0.3196009374067167	0.3150015400024131	0.004599397404303596	0.004599397404303596	0.014391063560775824
-0.039482283610153206	-0.04016854290966876	0.0006862592995155528	0.0006862592995155528	0.017381449013731197
3.462842690260199	3.4661974659684347	-0.0033547757082357244	0.0033547757082357244	0.0009687924079460987
3.6667606804954835	3.6727074093505507	-0.005946728855067196	0.005946728855067196	0.0016217935592850374
3.484304345862019	3.4765147465805057	0.0077895992815131265	0.0077895992815131265	0.002235625395572606
-1.9293797756460067	-1.9290710370114539	-0.0003087386345528298	0.0003087386345528298	0.00016001962830229007
-1.995277421187856	-1.9978875207016245	0.00261009951376856	0.00261009951376856	0.0013081386508221398
-1.0253899878216215	-1.0261016304866644	0.0007116426650428664	0.0007116426650428664	0.0006940214684119433
-1.2783592532455077	-1.2817369042750215	0.0033776510295138173	0.0033776510295138173	0.0026421766971519256
-1.3661346850330731	-1.365298310702201	-0.0008363743308721361	0.0008363743308721361	0.000612219527133877
-0.9556954510244291	-0.9694398395367898	0.013744388512360706	0.013744388512360706	0.014381556904584845
-1.1806606317502026	-1.1773779951909091	-0.003282636559293506	0.003282636559293506	0.0027803387959394812
0.7835984039369283	0.779019750552834	0.0045786533840942445	0.0045786533840942445	0.005843112187429595
-1.1456635333632077	-1.1408474820200354	-0.004816051343172312	0.004816051343172312	0.004203722299717719
-3.7434597043828797	-3.7521755730267614	0.008715868643881741	0.008715868643881741	0.002328292363793075
-1.5843353996145717	-1.5815821916476125	-0.0027532079669592147	0.0027532079669592147	0.0017377683839097451
-0.2795722796649655	-0.2814781564666191	0.0019058768016536054	0.0019058768016536054	0.006817116503601769
-1.6483925580718537	-1.6383156907977536	-0.010076867274100065	0.010076867274100065	0.006113147760074281
0.615974096846521	0.6117906377767213	0.0041834590697997776	0.0041834590697997776	0.006791615250084367
-1.5641447120164762	-1.5628915189154213	-0.0012531931010548725	0.0012531931010548725	0.0008012002287430753
-0.07839048466660034	-0.07763376925140619	-0.000756715415194148	0.000756715415194148	0.009653153930767315
-0.8917032049412668	-0.8951611671363935	0.003457962195126729	0.003457962195126729	0.0038779295352588676
0.2843877192940129	0.27852806124428753	0.00585965804972538	0.00585965804972538	0.020604469364119766
1.3079478008204934	1.3055560484644957	0.002391752355997756	0.002391752355997756	0.001828629823374738
1.130922589610733	1.1300812930130633	0.0008412965976698494	0.0008412965976698494	0.0007439029031681347
0.6992879316677134	0.6988559216551948	0.00043201001251857996	0.00043201001251857996	0.0006177855972550401
-1.2649155318256975	-1.2652907862502616	0.00037525442456409763	0.00037525442456409763	0.00029666362308199313
1.8747116887681676	1.874414723715745	0.0002969650524227152	0.0002969650524227152	0.0001584057187043222
0.2315860262986677	0.23260129455593415	-0.001015268257266444	0.001015268257266444	0.00438397891916454
2.1313198535824314	2.1318089457054157	-0.0004890921229843137	0.0004890921229843137	0.0002294785187508213
-1.0834327216629545	-1.077216824342031	-0.006215897320923425	0.006215897320923425	0.005737225022503179
-2.838588756678755	-2.835681329088402	-0.0029074275903528957	0.0029074275903528957	0.0010242510767056953
3.0064557117882087	2.9971752719575306	0.009280439830678056	0.009280439830678056	0.0030868373661018097
1.9184040104699036	1.9161771160725038	0.002226894397399759	0.002226894397399759	0.001160805745424965
1.922616855976965	1.9190340353816282	0.0035828205953367664	0.0035828205953367664	0.001863512526793166
-1.2203961449466254	-1.211145045090234	-0.009251099856391498	0.009251099856391498	0.007580407308477773
-0.5184054260192361	-0.519454541063169	0.0010491150439329022	0.0010491150439329022	0.0020237346896403306
-0.31824148257229473	-0.3111515379714547	-0.007089944600840059	0.007089944600840059	0.02227850544037558
-2.113493254757908	-2.1057061185274506	-0.00778713623045757	0.00778713623045757	0.0036844859631925127
2.7260747340876197	2.7190097025595605	0.007065031528059151	0.007065031528059151	0.0025916499792599124
0.7844711161037563	0.7794094817654695	0.005061634338286769	0.005061634338286769	0.006452288980920622
-0.8922141742861833	-0.9017104348458815	0.00949626055969821	0.00949626055969821	0.010643476458212179
1.4200854646490682	1.428768639016198	-0.008683174367129842	0.008683174367129842	0.00611454351395367
1.5861550506008975	1.5901985480013536	-0.004043497400456175	0.004043497400456175	0.0025492447279503606
-1.5306884342804858	-1.5303026466426672	-0.00038578763781860204	0.00038578763781860204	0.0002520353777938781
0.26016262638110954	0.25180974989780225	0.008352876483307292	0.008352876483307292	0.03210636592771496
0.3287920661278382	0.3311443542770576	-0.0023522881492193948	0.0023522881492193948	0.007154333670280224
-0.1377907931407608	-0.13952704284747597	0.0017362497067151816	0.0017362497067151816	0.012600622052748534
-2.0034070608245953	-2.020547653955873	0.017140593131277804	0.017140593131277804	0.008555721633636848
-4.842478418600952	-4.846442359848879	0.003963941247927316	0.003963941247927316	0.0008185769569361436
0.2581025908833877	0.2543717055232264	0.003730885360161307	0.003730885360161307	0.01445504807755666
0.3189112060974029	0.31334723098552786	0.0055639751118750636	0.0055639751118750636	0.01744678457669404
-0.05854545116893717	-0.05604444049822632	-0.002501010670710846	0.002501010670710846	0.04271912882683229
0.7586785191028311	0.7685334076086292	-0.009854888505798076	0.009854888505798076	0.012989544659115816
0.6990296898479025	0.6930297713552136	0.005999918492688883	0.005999918492688883	0.00858320981186703
2.3058612324765995	2.307128461325192	-0.0012672288485924277	0.0012672288485924277	0.0005495685649874804
-0.2585956912317286	-0.26316885123378597	0.004573160002057375	0.004573160002057375	0.017684594744308203
-1.9397233315520044	-1.9385012619750341	-0.0012220695769702417	0.0012220695769702417	0.0006300226207994538
1.3785848316316138	1.381114747346146	-0.002529915714532205	0.002529915714532205	0.0018351541787515113
2.4875531885328277	2.490741666406393	-0.003188477873565354	0.003188477873565354	0.0012817727428959763
-0.21758487298235205	-0.21849700169696007	0.0009121287146080237	0.0009121287146080237	0.004192059411602593
1.7260397997611965	1.7220016852661502	0.004038114495046319	0.004038114495046319	0.002339525714068126
-2.8906229081872663	-2.890381758334115	-0.0002411498531511569	0.0002411498531511569	8.342487443385825e-05
0.7532410751667062	0.7528798778366763	0.0003611973300299276	0.0003611973300299276	0.00047952420803656773
-0.6778479951916623	-0.6804214790463448	0.002573483854682479	0.002573483854682479	0.0037965500716053953
0.9174606765641276	0.9156522755802143	0.0018084009839132165	0.0018084009839132165	0.0019710937265296677
1.218237506808749	1.228581528266659	-0.010344021457910024	0.010344021457910024	0.008490972737333338
0.7829457786414924	0.7756842496746685	0.00726152896682386	0.00726152896682386	0.00927462560616076
1.4711588372838929	1.4699417715746677	0.0012170657092251957	0.0012170657092251957	0.0008272836884643856
-0.2027245362504249	-0.19626384892035276	-0.006460687330072157	0.006460687330072157	0.03186929145119016
-1.13582903012321	-1.137747634857078	0.0019186047338681789	0.0019186047338681789	0.0016891668402418424
-0.35987133802870946	-0.35533623486116994	-0.004535103167539523	0.004535103167539523	0.01260201268703907
0.6126580628176864	0.6135817202448379	-0.000923657427151503	0.000923657427151503	0.0015076230661251629
-1.6825176348878808	-1.676746602242929	-0.0057710326449518234	0.0057710326449518234	0.0034299983104405275
-0.2798101380977749	-0.285027486825129	0.005217348727354132	0.005217348727354132	0.018646031780060156
-0.7446863078427443	-0.7462237608706346	0.0015374530278903231	0.0015374530278903231	0.002064564651852022
1.170842766278421	1.1725830772775225	-0.0017403109991014354	0.0017403109991014354	0.0014863746433119247
-1.0939854246417258	-1.099789053114364	0.005803628472638156	0.005803628472638156	0.00530503271973556
3.2273521246266257	3.2235628332273336	0.003789291399292072	0.003789291399292072	0.0011741177451253346
-2.408660959394487	-2.401272729912307	-0.0073882294821800976	0.0073882294821800976	0.0030673596686008574
-0.8719389597366827	-0.8737218213354936	0.0017828615988109142	0.0017828615988109142	0.0020447091839425565
0.3647007965024952	0.3659365956991678	-0.0012357991966726045	0.0012357991966726045	0.0033885289215817476
0.9618241737278082	0.9558033543726197	0.0060208193551885	0.0060208193551885	0.006259792090536877
-1.0336127250062686	-1.029056526022032	-0.004556198984236648	0.004556198984236648	0.004408032983735776
-2.4164547566850607	-2.4135160601872485	-0.0029386964978121988	0.0029386964978121988	0.0012161189816123682
-1.7593021750587043	-1.7626544704398839	0.0033522953811795375	0.0033522953811795375	0.0019054687868317324
-0.03136160855483629	-0.03794443546212278	0.006582826907286496	0.006582826907286496	0.2099008058140996
-2.0749851897954383	-2.070839200314367	-0.004145989481071144	0.004145989481071144	0.001998081480995956
0.3881973887339088	0.38698988100804854	0.0012075077258602573	0.0012075077258602573	0.003110550871551451
0.8826239696603381	0.8858123183017597	-0.00318834864142159	0.00318834864142159	0.0036123522032248554
1.1889688072071398	1.1842901385534788	0.004678668653661067	0.004678668653661067	0.00393506425509274
-0.37923305371736327	-0.38135570866870694	0.002122654951343672	0.002122654951343672	0.005597230859854466
0.8445481904196952	0.8444285977020627	0.00011959271763251067	0.00011959271763251067	0.0001416055578463551
0.028613377694127567	0.035167395253665745	-0.0065540175595381785	0.0065540175595381785	0.22905431262256343
-0.6928759754117291	-0.7039108422759455	0.011034866864216397	0.011034866864216397	0.015926179079393143
-2.106090709014779	-2.1060616400063736	-2.906900840526916e-05	2.906900840526916e-05	1.3802353469793107e-05
-0.3753756947176205	-0.3708864296640968	-0.0044892650535237055	0.0044892650535237055	0.011959391928400672
-0.8650744993715174	-0.8574163966841297	-0.007658102687387647	0.007658102687387647	0.008852535467120243
0.3386893468487548	0.333409838276566	0.005279508572188785	0.005279508572188785	0.015588056197546725
-1.0082169826101037	-1.019070756228757	0.010853773618653362	0.010853773618653362	0.010765315210774146
2.1667277068976354	2.171182812162442	-0.004455105264806747	0.004455105264806747	0.0020561445033560107
-1.5339659865878756	-1.5321480786951724	-0.0018179078927031966	0.0018179078927031966	0.0011851031304461425
1.8301258045397473	1.8285235109942732	0.0016022935454740317	0.0016022935454740317	0.0008755100559204386
-0.8155945922801763	-0.8122266517602839	-0.0033679405198924206	0.0033679405198924206	0.004129429684515923
1.8345997509295542	1.8427202812745236	-0.008120530344969401	0.008120530344969401	0.004426322602984599
-0.6966355866560323	-0.691829904098995	-0.004805682557037283	0.004805682557037283	0.006898416688853588
0.7354479703354468	0.731059266399825	0.004388703935621852	0.004388703935621852	0.005967388738077705
-0.9104805011301079	-0.9204113739542663	0.009930872824158388	0.009930872824158388	0.010907287758312205
0.5278120109968752	0.5228113022894831	0.00500070870739211	0.00500070870739211	0.009474412486270069
-1.3519433647540384	-1.3544276353059104	0.0024842705518719477	0.0024842705518719477	0.001837555193981011
0.17471613851630824	0.18077799177262932	-0.006061853256321081	0.006061853256321081	0.034695439744710586
-1.0351341628559851	-1.0362328503106255	0.001098687454640368	0.001098687454640368	0.0010613961881125015
-0.44360924436962634	-0.451360529041267	0.007751284671640657	0.007751284671640657	0.017473226200809495
0.03785902174452298	0.03953329724026844	-0.0016742754957454614	0.0016742754957454614	0.04422395029231512
1.1957291470121965	1.1954720575886313	0.00025708942356517106	0.00025708942356517106	0.00021500640358861197
-1.4081812441863937	-1.4111631771811517	0.0029819329947580187	0.0029819329947580187	0.0021175775540746484
1.0855138009432777	1.0826512843777891	0.0028625165654885265	0.0028625165654885265	0.002637015358995057
-1.244348413973219	-1.2466511834645644	0.0023027694913453356	0.0023027694913453356	0.0018505825743712451
2.1306353288174975	2.126056680936017	0.0045786478814804354	0.0045786478814804354	0.0021489589605282592
-0.27959513379624223	-0.28260208091523964	0.003006947118997405	0.003006947118997405	0.010754647544004639
-0.5404827054469332	-0.5398121847974835	-0.000670520649449724	0.000670520649449724	0.0012405959389491666
-0.3724239107517008	-0.36952155460312497	-0.002902356148575813	0.002902356148575813	0.007793152009809721
-2.465211258214505	-2.45245328915189	-0.012757969062614727	0.012757969062614727	0.005175203147439391
0.514678016985236	0.5152454141352791	-0.0005673971500431696	0.0005673971500431696	0.0011024312896959147
1.8556865333722263	1.8456535162840737	0.01003301708815263	0.01003301708815263	0.005406633559990457
-1.5576871714761293	-1.549808104755357	-0.007879066720772432	0.007879066720772432	0.005058182968346526
-1.1145488977265676	-1.1117094600194832	-0.0028394377070843912	0.0028394377070843912	0.0025476116058041186
-0.9161013257838841	-0.9134890715358779	-0.0026122542480062627	0.0026122542480062627	0.0028514905223731932
1.68956390718019	1.6903946470847586	-0.0008307399045686115	0.0008307399045686115	0.0004916889506447145
-0.09778731272198346	-0.09881459118332714	0.001027278461343678	0.001027278461343678	0.010505232557768578
-0.3224974380821876	-0.32640296922181733	0.0039055311396297143	0.0039055311396297143	0.012110270279525135
0.4704782488820516	0.46381898755498696	0.006659261327064625	0.006659261327064625	0.014154238464558848
1.1105075268241298	1.1122083433292573	-0.0017008165051275448	0.0017008165051275448	0.001531566841326688
1.0170657483723522	1.0205026192124933	-0.003436870840141104	0.003436870840141104	0.0033792022252654317
0.1987770266665508	0.1898723767226329	0.008904649943917903	0.008904649943917903	0.04479717849314391
0.014605556965297004	0.009160869012703188	0.0054446879525938165	0.0054446879525938165	0.37278194631882006
-1.184644311435486	-1.1795969821832841	-0.005047329252201971	0.005047329252201971	0.0042606284464286985
1.5794973821035734	1.58115585509222	-0.001658472988646631	0.001658472988646631	0.0010500004668813556
3.5496498807753905	3.550682868080912	-0.0010329873055217043	0.0010329873055217043	0.0002910110405863626
-2.1397814341735963	-2.126135548678576	-0.013645885495020327	0.013645885495020327	0.006377233336586311
-0.34194746115233154	-0.33310099752270617	-0.008846463629625378	0.008846463629625378	0.025870827055751805
0.505413784086527	0.501987618918065	0.0034261651684620587	0.0034261651684620587	0.006778930999387816
-1.1310843231953995	-1.1302982857159805	-0.0007860374794190772	0.0007860374794190772	0.0006949415382210066
1.565948875266003	1.5612156712450087	0.004733204020994197	0.004733204020994197	0.003022578894978409
-0.4286071215781893	-0.43190709402551875	0.0032999724473294356	0.0032999724473294356	0.0076992944848384495
0.4048087549243119	0.41027896986634005	-0.005470214942028151	0.005470214942028151	0.013513084575087637
-1.1015498946529811	-1.1001614257111214	-0.001388468941859733	0.001388468941859733	0.001260468498612257
-1.4240622967241365	-1.429594456567429	0.005532159843292472	0.005532159843292472	0.003884773760262076
-0.15057851306777922	-0.1526159030618146	0.0020373899940353823	0.0020373899940353823	0.013530416475279585
-0.3159796300584032	-0.3127863565168809	-0.003193273541522268	0.003193273541522268	0.010105947465449112
-0.2357690014420407	-0.22508394977194257	-0.010685051670098117	0.010685051670098117	0.04532000222567356
2.8914854943672283	2.8896602834720397	0.0018252108951886115	0.0018252108951886115	0.0006312364003707513
-0.7716860701048034	-0.7751662014925387	0.0034801313877352857	0.0034801313877352857	0.0045097760897286196
3.3393106875986347	3.3323493516945746	0.0069613359040601175	0.0069613359040601175	0.002084662541258224
-2.2642658001864144	-2.265336765049142	0.001070964862727397	0.001070964862727397	0.0004729854872335332
0.5858106946846613	0.5889752792427316	-0.003164584558070338	0.003164584558070338	0.005402060062720119
-0.7888336120222352	-0.7840600574127166	-0.004773554609518671	0.004773554609518671	0.006051408734069152
-1.307072683541272	-1.304558829360758	-0.0025138541805140857	0.0025138541805140857	0.00192327038287057
-0.7987463998174609	-0.8043759571592091	0.0056295573417481926	0.0056295573417481926	0.007047990880503157
-0.9307099863228525	-0.9317067269876134	0.0009967406647608534	0.0009967406647608534	0.001070946567038441
0.10101183784603805	0.1019201645249268	-0.0009083266788887517	0.0009083266788887517	0.008992279501668117
0.679073810507686	0.6810900340497028	-0.002016223542016804	0.002016223542016804	0.0029690786344851736
-2.54733211167086	-2.5527816051180707	0.005449493447210685	0.005449493447210685	0.0021392944493744174
-1.1120298147638188	-1.1156704185850685	0.003640603821249755	0.003640603821249755	0.0032738365221106716
2.138779264126703	2.136720606358722	0.002058657767981309	0.002058657767981309	0.000962538679194597
0.8679912059092816	0.8689441474416526	-0.0009529415323710211	0.0009529415323710211	0.0010978700312669046
-0.26818740409149566	-0.26635107496986166	-0.001836329121634006	0.001836329121634006	0.006847186309344783
-3.356488545175684	-3.3495968255010666	-0.006891719674617214	0.006891719674617214	0.0020532528509661545
1.5268557759655241	1.5356608673755545	-0.008805091410030386	0.008805091410030386	0.005766812785223535
1.53972210714313	1.5395852187793935	0.00013688836373648705	0.00013688836373648705	8.890459070596571e-05
0.30800660177270867	0.31301851413445547	-0.005011912361746806	0.005011912361746806	0.01627209395156183
-0.3657758154573572	-0.3572710047592409	-0.008504810698116316	0.008504810698116316	0.023251429806757748
-0.9998548162940638	-1.0021431426139316	0.0022883263198677506	0.0022883263198677506	0.002288658595804312
-1.3835010696263437	-1.3837366805091733	0.00023561088282963993	0.00023561088282963993	0.00017030047030847166
0.9060942941883277	0.9076779315364547	-0.0015836373481270538	0.0015836373481270538	0.001747762190187572
-0.7769341518307421	-0.7713723771303194	-0.005561774700422739	0.005561774700422739	0.007158617866542687
0.35348588054789853	0.3506291159283137	0.0028567646195848395	0.0028567646195848395	0.008081693716187168
1.798889824684518	1.796534561435692	0.002355263248825956	0.002355263248825956	0.001309287103916446
1.2090045609567108	1.2072461686329916	0.0017583923237192156	0.0017583923237192156	0.001454413308687407
1.0005050525084156	0.9907707681122702	0.009734284396145432	0.009734284396145432	0.009729370553142262
-1.2912386068073887	-1.2841689494962338	-0.007069657311154831	0.007069657311154831	0.005475097533394459
-2.1426176262539878	-2.1401641042757547	-0.0024535219782331197	0.0024535219782331197	0.0011451049166074007
-0.5430249354230166	-0.5333831832103897	-0.009641752212626864	0.009641752212626864	0.017755634380060167
-1.1153684682403315	-1.1100567226094427	-0.0053117456308888755	0.0053117456308888755	0.00476232364652462
-0.3804335091526778	-0.37782860999868717	-0.0026048991539906474	0.0026048991539906474	0.006847186410556789
0.7076278259966499	0.7000557288847631	0.0075720971118867775	0.0075720971118867775	0.010700677437637432
-0.10941291528969899	-0.10897982247115579	-0.0004330928185432015	0.0004330928185432015	0.003958333597057315
0.37637393036646055	0.379207864170894	-0.002833933804433475	0.002833933804433475	0.007529569865995195
-0.36952936215103926	-0.37061310831632	0.00108374616528073	0.00108374616528073	0.0029327741616314807
0.8731134852992756	0.872446011271677	0.0006674740275985913	0.0006674740275985913	0.0007644756825280306
2.9721330230592815	2.973120341266622	-0.0009873182073403264	0.0009873182073403264	0.0003321917961545537
1.020044069325137	1.0177519889111863	0.00229208041395057	0.00229208041395057	0.002247040576851758
0.3252385407811951	0.3246799242333509	0.0005586165478441707	0.0005586165478441707	0.0017175595072540348
-0.16569101025594513	-0.16985399815894198	0.004162987902996851	0.004162987902996851	0.025125007666778224
0.039277594955172274	0.030752124075661413	0.00852547087951086	0.00852547087951086	0.21705684600192618
0.7016614622602574	0.70639719524479	-0.00473573298453267	0.00473573298453267	0.006749313221902604
0.3581027625419061	0.35369337820156943	0.004409384340336664	0.004409384340336664	0.012313181582397501
1.3404188023132233	1.3395888017839752	0.0008300005292480872	0.0008300005292480872	0.0006192098527831127
1.2270353122249336	1.219918984133983	0.00711632809095053	0.00711632809095053	0.005799611486361204
-1.4138624796828148	-1.4103237699600868	-0.003538709722727962	0.003538709722727962	0.0025028669857070076
0.2562211871065725	0.2544849085097667	0.001736278596805807	0.001736278596805807	0.006776483304964239
-0.07021484434527481	-0.07028701111266855	7.216676739374428e-05	7.216676739374428e-05	0.001027799293250172
-1.9378232329270542	-1.9360519290785305	-0.001771303848523642	0.001771303848523642	0.0009140688471611072
-1.0402620886020164	-1.039283295540372	-0.0009787930616445006	0.0009787930616445006	0.0009409100575412466
-1.6963788307248677	-1.6956556337390793	-0.0007231969857883769	0.0007231969857883769	0.00042631809162541404
-3.0791473726266947	-3.076890256124898	-0.0022571165017968298	0.0022571165017968298	0.0007330329564159107
0.5940583501354739	0.5869868637091713	0.00707148642630262	0.00707148642630262	0.011903689973703729
-1.6225679710333942	-1.6213917042477988	-0.001176266785595459	0.001176266785595459	0.0007249414549002275
-0.906602215021874	-0.9146943848463707	0.008092169824496676	0.008092169824496676	0.00892582181072813
1.7363285239864723	1.7357464821543545	0.0005820418321178522	0.0005820418321178522	0.00033521411649768354
-0.595102705109832	-0.5914989596931264	-0.003603745416705606	0.003603745416705606	0.0060556696949319025
0.760477253380018	0.7584103441331536	0.002066909246864479	0.002066909246864479	0.0027179106773777806
-3.5657595377145843	-3.5597778787632706	-0.005981658951313751	0.005981658951313751	0.0016775272948291958
0.04201508492504549	0.033627486118348315	0.008387598806697177	0.008387598806697177	0.19963303231828694
-1.4236474361688305	-1.4274670556915225	0.0038196195226920526	0.0038196195226920526	0.0026829813517390295
1.5434851853843647	1.5445446842932142	-0.0010594989088494877	0.0010594989088494877	0.0006864328332284234
-0.605159915919939	-0.6074823868402746	0.002322470920335551	0.002322470920335551	0.0038377804927892936
-0.13466746994025355	-0.12951962889928836	-0.00514784104096519	0.00514784104096519	0.038226314367152486
-0.2697340921569096	-0.26816084027814213	-0.0015732518787674454	0.0015732518787674454	0.00583260301353473
-0.38631733909821525	-0.39410310637322254	0.007785767275007294	0.007785767275007294	0.02015381264838305
-0.23643728917668042	-0.23672031056776177	0.00028302139108135616	0.00028302139108135616	0.0011970251903449343
1.5205526985702054	1.5225753122649621	-0.0020226136947567586	0.0020226136947567586	0.0013301832265719218
0.05243940474164668	0.04404858918860555	0.00839081555304113	0.00839081555304113	0.16000974065934154
-0.9391527300568697	-0.9395183151355013	0.00036558507863160283	0.00036558507863160283	0.0003892711663729765
-0.8571627848385576	-0.858184559547226	0.001021774708668377	0.001021774708668377	0.0011920427796697022
-1.7292282908807066	-1.7228349552169675	-0.006393335663739119	0.006393335663739119	0.0036972189834362204
-1.258329624435907	-1.257785381312715	-0.000544243123192123	0.000544243123192123	0.0004325123660949333
1.7802645337249006	1.780628565029474	-0.00036403130457340893	0.00036403130457340893	0.00020448157994347918
-2.5731411290798674	-2.579801794126979	0.0066606650471117135	0.0066606650471117135	0.0025885346792049097
-1.655541415691199	-1.6577044862060575	0.002163070514858534	0.002163070514858534	0.0013065638191572745
-0.27231581400126026	-0.27420926744525786	0.0018934534439976058	0.0018934534439976058	0.00695315272431752
0.9898577299328629	0.9930157139024232	-0.0031579839695602407	0.0031579839695602407	0.003190341272350756
0.18880092134191476	0.1926208715303801	-0.003819950188465343	0.003819950188465343	0.020232688279881263
0.7199718225381919	0.7174231031967793	0.002548719341412653	0.002548719341412653	0.003540026514409114
-0.22412574570781285	-0.22443607849709224	0.00031033278927938834	0.00031033278927938834	0.0013846369514547493
0.38086445854029816	0.373801341993385	0.007063116546913162	0.007063116546913162	0.01854496104462799
-1.8685390181065653	-1.8741901440080255	0.005651125901460219	0.005651125901460219	0.0030243553100575003
-1.1148617716044458	-1.1204684724361869	0.005606700831741085	0.005606700831741085	0.005029054699464884
0.37187253681476445	0.3668209828902036	0.005051553924560859	0.005051553924560859	0.013584100530330684
-4.564385591784406	-4.56791030774184	0.00352471595743431	0.00352471595743431	0.0007722213398838536
0.5552037153112428	0.5404745843407	0.014729130970542847	0.014729130970542847	0.02652923704281376
0.3851222293679953	0.3816444077529013	0.003477821615093968	0.003477821615093968	0.009030435923683881
0.18504183916438213	0.19316737598273903	-0.008125536818356899	0.008125536818356899	0.043911889630207195
3.7461709229438425	3.74686408576963	-0.0006931628257875744	0.0006931628257875744	0.0001850323543814355
3.043015849647243	3.0475198218482547	-0.004503972201011841	0.004503972201011841	0.001480101459719297
-0.8727015838500183	-0.8794700534053845	0.006768469555366252	0.006768469555366252	0.007755766324505119
0.5440849195629183	0.5412145437730942	0.0028703757898240756	0.0028703757898240756	0.005275602551399412
-1.821944424036678	-1.819327189878095	-0.0026172341585830594	0.0026172341585830594	0.001436506033913124
-1.24836110034241	-1.2481781595852226	-0.00018294075718738867	0.00018294075718738867	0.00014654474345380538
2.1288108602746014	2.126981284163776	0.0018295761108255704	0.0018295761108255704	0.000859435727695211
1.1632768883623106	1.1692654898070032	-0.005988601444692598	0.005988601444692598	0.005148044721427842
-0.9919573055125221	-0.9879418103082571	-0.004015495204265029	0.004015495204265029	0.004048052453417148
-4.214213269550426	-4.2063136697834125	-0.007899599767013932	0.007899599767013932	0.0018745135240525366
0.7695463308675725	0.7695197746215854	2.6556245987130467e-05	2.6556245987130467e-05	3.450896316689788e-05
-0.168223607524371	-0.16620053611404728	-0.002023071410323707	0.002023071410323707	0.012026085042972458
-0.8504702891302084	-0.8502559012413258	-0.00021438788888261673	0.00021438788888261673	0.0002520815737159674
-0.22759660120213496	-0.23428294116456527	0.0066863399624303155	0.0066863399624303155	0.029378030810275537
0.38595368151783505	0.3908617454726482	-0.0049080639548131355	0.0049080639548131355	0.01271671754888114
0.8384517219304167	0.8377342801395571	0.0007174417908596409	0.0007174417908596409	0.0008556745392660562
2.5697612737731688	2.5633440563979093	0.006417217375259465	0.006417217375259465	0.0024972037055555336
-0.18430886053307666	-0.17927200860867742	-0.005036851924399233	0.005036851924399233	0.02732832219694236
-0.9067821422504452	-0.900632865523221	-0.006149276727224207	0.006149276727224207	0.006781426806623008
-0.9315577065727412	-0.9285905725846533	-0.0029671339880879	0.0029671339880879	0.0031851317069816003
-0.6092196282941831	-0.611990977631649	0.0027713493374659226	0.0027713493374659226	0.004549015180659411
0.017579166161155388	0.010733876479207538	0.00684528968194785	0.00684528968194785	0.389397859898148
-0.004447544901910035	-0.009991039405576885	0.00554349450366685	0.00554349450366685	1.246416759342025
-1.6916309183659923	-1.7026191380864475	0.010988219720455161	0.010988219720455161	0.0064956366079363705
-0.7683259060211565	-0.7563744202343514	-0.01195148578680505	0.01195148578680505	0.015555229484187087
0.312109397957657	0.31648000549466815	-0.004370607537011129	0.004370607537011129	0.014003447398927976
1.148492592036265	1.150742094978341	-0.0022495029420759316	0.0022495029420759316	0.0019586569018156114
0.42889138073322663	0.4322254335420439	-0.003334052808817267	0.003334052808817267	0.007773653093977822
0.6495102486363987	0.6520774986711331	-0.0025672500347343474	0.0025672500347343474	0.0039525935735796455
5.504092166191315	5.503968201082898	0.00012396510841661268	0.00012396510841661268	2.252235330979082e-05
0.07940791851934437	0.07521857151004951	0.004189347009294853	0.004189347009294853	0.052757295335405324
-4.877944996650657	-4.878022718912689	7.772226203162091e-05	7.772226203162091e-05	1.593340271056507e-05
1.1901705359846986	1.1981209590885555	-0.007950423103856963	0.007950423103856963	0.006680070513826917
2.2265237526620316	2.2252533781284	0.0012703745336315464	0.0012703745336315464	0.0005705641056434663
-0.4863280644062944	-0.4873658781434642	0.0010378137371698237	0.0010378137371698237	0.002133978713395409
-1.1325858616188171	-1.1296122211206239	-0.002973640498193264	0.002973640498193264	0.002625532066896021
1.1239707428171317	1.1206091312487843	0.0033616115683474668	0.0033616115683474668	0.0029908354731030535
-1.1138483832736088	-1.107789006709936	-0.006059376563672725	0.006059376563672725	0.00544003713132318
-1.7229727696467105	-1.7219128512806492	-0.001059918366061341	0.001059918366061341	0.0006151683791721639
-0.09759819640292566	-0.09864829917205498	0.001050102769129313	0.001050102769129313	0.010759448512696434
0.4089752091188029	0.40987714601214975	-0.000901936893346833	0.000901936893346833	0.002205358352380792
-0.7493270030682904	-0.7520991493947804	0.0027721463264900326	0.0027721463264900326	0.0036995147847853436
-1.1461597837604292	-1.1467163440102013	0.0005565602497721311	0.0005565602497721311	0.00048558696410208683
0.7267441089145242	0.7312856869248208	-0.004541578010296532	0.004541578010296532	0.0062492120054194866
-0.9274516189222004	-0.9301175323344069	0.0026659134122064554	0.0026659134122064554	0.002874450114502508
-0.28014008606344376	-0.2812586371874204	0.00111855112397663	0.00111855112397663	0.003992827801599625
1.4149822398405383	1.412621621057042	0.00236061878349636	0.00236061878349636	0.0016683027652434636
-1.280122819725783	-1.2782597696059383	-0.001863050119844667	0.001863050119844667	0.0014553682593079261
0.4228285823500287	0.42880124419752974	-0.0059726618475010596	0.0059726618475010596	0.014125492213193695
0.622681496461562	0.61655096578761	0.006130530673951973	0.006130530673951973	0.009845371524269163
-1.760380305750088	-1.768301870470168	0.007921564720080099	0.007921564720080099	0.004499916690845257
-2.5431375934021894	-2.5451795827393653	0.00204198933717592	0.00204198933717592	0.0008029409586306194
-0.6197419183023529	-0.625242137175519	0.005500218873166096	0.005500218873166096	0.00887501508407361
3.089119795372388	3.0927280622563558	-0.003608266883967648	0.003608266883967648	0.001168056638455058
0.33450188976031187	0.34076321935572196	-0.006261329595410092	0.006261329595410092	0.018718368377221017
0.3673435621875171	0.3646670866146451	0.002676475572872039	0.002676475572872039	0.007286028253588351
1.2490203212689617	1.2513573929027189	-0.0023370716337571817	0.0023370716337571817	0.001871123787147672
1.5039922310664193	1.4983158034738153	0.005676427592604005	0.005676427592604005	0.003774239969696574
-1.3554115431068934	-1.349994910924579	-0.005416632182314363	0.005416632182314363	0.003996300761832294
3.61428184147361	3.6158176335447934	-0.0015357920711833728	0.0015357920711833728	0.00042492316275954885
0.07756525392507709	0.08016307947400492	-0.002597825548927832	0.002597825548927832	0.03349212975486627
-0.03673462405253112	-0.03159884727210738	-0.005135776780423741	0.005135776780423741	0.1398075225454736
0.198140653483635	0.20155153833911754	-0.003410884855482549	0.003410884855482549	0.01721446253211365
-0.5889672038024478	-0.5926412250119029	0.003674021209455036	0.003674021209455036	0.0062380743541152785
0.47732963490745745	0.4804047857760452	-0.0030751508685877282	0.0030751508685877282	0.006442405088014125
-0.18829010865029153	-0.18292854656465352	-0.005361562085638011	0.005361562085638011	0.028475006595253295
0.16050423271273	0.16008614693419077	0.00041808577853924556	0.00041808577853924556	0.002604827121833816
1.038329289083145	1.0397746809758246	-0.0014453918926795595	0.0014453918926795595	0.0013920361371640153
-1.0015053178741764	-1.0044489808933577	0.002943663019181253	0.002943663019181253	0.002939238530884245
-0.4194810910374707	-0.41789784154389054	-0.0015832494935801855	0.0015832494935801855	0.0037743047956332308
0.831013265071778	0.8275380860141013	0.0034751790576766917	0.0034751790576766917	0.004181857503052645
-0.1030540789366241	-0.103510534245288	0.0004564553086638945	0.0004564553086638945	0.0044292793975152026
0.20254347721501426	0.20533849055937026	-0.002795013344356001	0.002795013344356001	0.013799572234009275
-0.8476635845555979	-0.8465098708256846	-0.0011537137299132416	0.0011537137299132416	0.001361051425275153
-0.20084052243055406	-0.20484384913288523	0.004003326702331167	0.004003326702331167	0.019932863417617446
2.8803163046261373	2.8904458558827173	-0.010129551256579994	0.010129551256579994	0.0035168190522376678
-3.7353156217605363	-3.737662966159405	0.002347344398868856	0.002347344398868856	0.000628419292119283
-0.05764208299174246	-0.05818842691951431	0.0005463439277718501	0.0005463439277718501	0.009478212781625481
-0.17067106320594744	-0.162537533469731	-0.00813352973621645	0.00813352973621645	0.04765617312878506
-1.3354629898470796	-1.3412901462288573	0.005827156381777776	0.005827156381777776	0.0043633978822917655
-1.6078763420950668	-1.6190823116630781	0.011205969568011342	0.011205969568011342	0.006969422507585339
-1.4372565704088116	-1.4398175262613222	0.0025609558525105935	0.0025609558525105935	0.0017818362463858197
-0.06288934468480464	-0.05619137482426595	-0.006697969860538694	0.006697969860538694	0.10650404920115285
-0.8409258348167195	-0.8423503695667023	0.001424534749982831	0.001424534749982831	0.0016940075937770535
0.4920976377865322	0.4871468372584786	0.004950800528053578	0.004950800528053578	0.010060606164098665
-1.374191442183053	-1.3718080826947698	-0.0023833594882831655	0.0023833594882831655	0.0017343722389195925
0.7104315737575189	0.7118145276763244	-0.0013829539188054962	0.0013829539188054962	0.0019466391555360678
-0.8765726516751083	-0.8729929177206941	-0.0035797339544142437	0.0035797339544142437	0.004083784666990765
1.5893251322556154	1.5891871407802682	0.00013799147534721	0.00013799147534721	8.6823943412616e-05
3.4487005274684543	3.4520761037128977	-0.003375576244443401	0.003375576244443401	0.0009787965691881253
-1.7006758246521614	-1.6997383117995923	-0.0009375128525690446	0.0009375128525690446	0.000551258998910503
1.0233652580444697	1.020851093926467	0.0025141641180026486	0.0025141641180026486	0.0024567612572728137
1.2656771678350514	1.2626200386876008	0.003057129147450599	0.003057129147450599	0.002415409888984438
-0.6221698941661676	-0.6185439124237746	-0.0036259817423930363	0.0036259817423930363	0.005827960781118441
-0.4645712650952417	-0.4684867453761399	0.003915480280898165	0.003915480280898165	0.008428158551940255
0.22548884113838366	0.22658668240183033	-0.0010978412634466694	0.0010978412634466694	0.004868716597700365
-0.6678033816318957	-0.6678210847894661	1.7703157570436723e-05	1.7703157570436723e-05	2.6509535676767504e-05
0.39253160846288493	0.39656339868088253	-0.0040317902179975995	0.0040317902179975995	0.01027124983332092
0.9065081812834931	0.9053884296008619	0.0011197516826312315	0.0011197516826312315	0.001235236157544452
-0.3418233225444714	-0.3477373884379631	0.005914065893491693	0.005914065893491693	0.017301528314301227
1.4854616566047358	1.488485882873647	-0.003024226268911079	0.003024226268911079	0.0020358830909331174
-0.8288079692357688	-0.8270203506981488	-0.001787618537619995	0.001787618537619995	0.002156854909670247
0.9603451723675763	0.9542194020468742	0.006125770320702162	0.006125770320702162	0.006378717253922422
-0.36853738246593765	-0.36466034725890495	-0.0038770352070326974	0.0038770352070326974	0.010520059542103671
0.08229278719627874	0.07599197306262795	0.006300814133650787	0.006300814133650787	0.07656581273183208
-3.0395549746266277	-3.038046201254474	-0.0015087733721537155	0.0015087733721537155	0.0004963796953003128
-0.43735815404698564	-0.43437061503937	-0.002987539007615614	0.002987539007615614	0.006830875290585438
1.6597448713442957	1.6708876191842137	-0.011142747839917977	0.011142747839917977	0.00671353051441756
-0.939634689188145	-0.9420080259587849	0.002373336770639889	0.002373336770639889	0.0025258079527592566
-0.6825610051594498	-0.6882000834593782	0.0056390782999283795	0.0056390782999283795	0.008261647321342451
-1.501375441744711	-1.499843845522264	-0.0015315962224469182	0.0015315962224469182	0.0010201287298712495
0.4605384162737616	0.46259533701231703	-0.0020569207385554567	0.0020569207385554567	0.004466339106296715
0.6234504582847384	0.6243472707865294	-0.0008968125017909667	0.0008968125017909667	0.0014384663446367699
0.4207038344789885	0.4329310904722661	-0.012227255993277564	0.012227255993277564	0.029063809243431646
1.4410258238244147	1.4394957088370575	0.0015301149873572228	0.0015301149873572228	0.0010618234330432538
-0.3868504526221762	-0.38699209835613146	0.00014164573395525348	0.00014164573395525348	0.0003661511392713662
-0.2434295247364877	-0.24731682242418174	0.0038872976876940246	0.0038872976876940246	0.0159688833632733
1.4890715161132322	1.4890213242324535	5.0191880778704956e-05	5.0191880778704956e-05	3.3706830219757056e-05
-0.4432953477262504	-0.44273543790041003	-0.0005599098258403656	0.0005599098258403656	0.0012630627158896524
2.3998851667876338	2.4049184958130354	-0.005033329025401656	0.005033329025401656	0.002097320778118321
-2.147232358299475	-2.1462889708345756	-0.0009433874648991925	0.0009433874648991925	0.00043935043231479564
4.147420123887674	4.1495166242384585	-0.0020965003507846802	0.0020965003507846802	0.0005054950519021642
0.9001994317011834	0.8988942317955662	0.0013051999056172825	0.0013051999056172825	0.0014499008326974115
-0.08169908300267059	-0.07784679655742366	-0.003852286445246933	0.003852286445246933	0.04715213811054659
-0.1329892882468209	-0.13712546933675185	0.00413618108993094	0.00413618108993094	0.031101610847442184
-0.5666642587731351	-0.5635713223455241	-0.0030929364276109927	0.0030929364276109927	0.005458146300434407
0.19779080379882868	0.19002008957613725	0.007770714222691433	0.007770714222691433	0.03928754054002915
-2.8716679642249807	-2.876206750443089	0.004538786218108104	0.004538786218108104	0.0015805400466390805
-0.4371887374498671	-0.4380501668492798	0.0008614293994126943	0.0008614293994126943	0.0019703833278904522
-1.4088346941078487	-1.3956972816231428	-0.013137412484705902	0.013137412484705902	0.009325020557521995
0.7429033712275058	0.7385490989690879	0.0043542722584178906	0.0043542722584178906	0.005861155605234754
-2.5384838802661753	-2.539460094340029	0.0009762140738538427	0.0009762140738538427	0.0003845657959236207
1.0457672397012094	1.0423528983665165	0.003414341334692983	0.003414341334692983	0.0032649151790875653
0.0018526334966906632	0.0069347261160146445	-0.005082092619323981	0.005082092619323981	2.7431721538027145
-0.7350838543572727	-0.7389948241325328	0.003910969775260065	0.003910969775260065	0.005320440317220213
-1.6387913128495386	-1.6348013505194103	-0.003989962330128272	0.003989962330128272	0.002434698243054819
-3.073979226573733	-3.067396504775388	-0.006582721798344959	0.006582721798344959	0.002141433403791112
-0.1433471419408977	-0.14401835323951673	0.0006712112986190233	0.0006712112986190233	0.004682418425166544
0.4703094991871941	0.46728437519050203	0.0030251239966920807	0.0030251239966920807	0.006432198375580781
0.6825464683702374	0.6832050385128241	-0.0006585701425867452	0.0006585701425867452	0.0009648722440235577
-0.02182500620571971	-0.019182903997716494	-0.0026421022080032157	0.0026421022080032157	0.12105848599075295
2.329641328102496	2.33129815387656	-0.001656825774063897	0.001656825774063897	0.0007111935017968579
-2.2864181177221123	-2.283547324623214	-0.002870793098898261	0.002870793098898261	0.001255585352760563
0.16710332687245702	0.16517332187504508	0.0019300049974119438	0.0019300049974119438	0.011549770034710536
-1.2062941707961428	-1.2032210252073128	-0.003073145588829984	0.003073145588829984	0.002547592173807602
1.392490356764459	1.3950355078122811	-0.0025451510478220474	0.0025451510478220474	0.001827769244834032
2.419490486757862	2.424275993689662	-0.004785506931799688	0.004785506931799688	0.001977898635266927
-0.13881999727589958	-0.1352376475551864	-0.0035823497207131683	0.0035823497207131683	0.025805718131469067
-0.20552420523871456	-0.20351973034848925	-0.0020044748902253162	0.0020044748902253162	0.009752986943300115
-1.955644289198483	-1.9536345316737425	-0.0020097575247406407	0.0020097575247406407	0.001027670285358661
-0.6688739110743567	-0.6783114513382316	0.009437540263874888	0.009437540263874888	0.014109595407475455
-0.745860189184954	-0.7395429147436516	-0.006317274441302367	0.006317274441302367	0.008469783657719594
0.4033762582278634	0.40776137393550016	-0.0043851157076367775	0.0043851157076367775	0.010871030751541326
-0.16568309952326998	-0.17287371883867308	0.007190619315403102	0.007190619315403102	0.04339983580759357
1.2963231050270827	1.30033978530264	-0.004016680275557238	0.004016680275557238	0.0030985178463461254
0.8005476498099331	0.7953703097882681	0.005177340021665033	0.005177340021665033	0.006467247793300303
-1.202912870850704	-1.2014749008812942	-0.0014379699694098136	0.0014379699694098136	0.0011954065870064857
1.7048602896964844	1.7009749735734658	0.0038853161230185673	0.0038853161230185673	0.002278964526594885
0.6993743739131644	0.6993146216700552	5.9752243109167935e-05	5.9752243109167935e-05	8.543670648788583e-05
0.5482706271904482	0.5396033666329458	0.008667260557502332	0.008667260557502332	0.0158083620162487
-0.9480469121090476	-0.9461448280490004	-0.0019020840600472155	0.0019020840600472155	0.0020063185014924994
1.15385195522328	1.1515955466165906	0.0022564086066894085	0.0022564086066894085	0.001955544293594211
-0.06516229782614388	-0.06351199772325344	-0.0016503001028904396	0.0016503001028904396	0.02532599613496625
0.5283583177569577	0.5330262720235623	-0.0046679542666046014	0.0046679542666046014	0.008834826877376497
-0.503087580169944	-0.49567961286811624	-0.0074079673018278	0.0074079673018278	0.014725005334708071
1.139480410943476	1.1468413249531295	-0.007360914009653552	0.007360914009653552	0.006459886399941535
-0.7408749905500034	-0.7342372882703785	-0.006637702279624902	0.006637702279624902	0.008959274323320417
0.8272700652293987	0.827200079584145	6.998564525373396e-05	6.998564525373396e-05	8.459830494933626e-05
-0.6784264181189154	-0.6810350732848747	0.002608655165959317	0.002608655165959317	0.0038451556370584453
0.24611430423266956	0.24433188809780404	0.0017824161348655165	0.0017824161348655165	0.00724222893270141
0.169554317550911	0.18160582840209827	-0.012051510851187275	0.012051510851187275	0.07107758165797604
-0.7774490649381559	-0.7767356109980028	-0.000713453940153097	0.000713453940153097	0.0009176857653174366
0.9905450742898926	0.9846258999459678	0.005919174343924749	0.005919174343924749	0.005975673896685741
-0.9006877013347876	-0.902662266526022	0.001974565191234401	0.001974565191234401	0.0021922861701210803
-2.1150402019246055	-2.123031443261425	0.007991241336819499	0.007991241336819499	0.0037782928804605113
0.7359220479996497	0.7267505425261334	0.009171505473516306	0.009171505473516306	0.01246260456314073
0.3329415549270651	0.3273024776717648	0.005639077255300329	0.005639077255300329	0.016937138581381458
-0.7902798151757752	-0.794785364632844	0.004505549457068825	0.004505549457068825	0.005701207813420736
-1.3634213430000668	-1.3563735792558873	-0.0070477637441794805	0.0070477637441794805	0.00516917516390906
-0.5894840281731623	-0.5883586036361521	-0.0011254245370101446	0.0011254245370101446	0.001909168837869766
2.6192657762330827	2.6096935271198163	0.009572249113266373	0.009572249113266373	0.0036545543411912853
2.6608124472450188	2.6683446449169423	-0.007532197671923591	0.007532197671923591	0.002830788648678474
-1.2387436561776939	-1.2352323647064622	-0.0035112914712316368	0.0035112914712316368	0.002834558589842702
-0.2980670791343367	-0.2968594453705009	-0.0012076337638358137	0.0012076337638358137	0.00405155029982879
1.3512524376725223	1.3513360336219193	-8.359594939699733e-05	8.359594939699733e-05	6.186553087074387e-05
-0.3945039494090781	-0.4016251677967375	0.007121218387659389	0.007121218387659389	0.01805106995335829
-2.8207696029880456	-2.8187687403260497	-0.002000862661995839	0.002000862661995839	0.0007093321836268805
-1.085915048156985	-1.0849994960153708	-0.0009155521416142065	0.0009155521416142065	0.0008431158064970935
-0.1639469984141439	-0.1675609910307685	0.003613992616624595	0.003613992616624595	0.022043664425592874
0.5521939867752229	0.5544459763768828	-0.002251989601659843	0.002251989601659843	0.004078258104205945
-0.19205559903566397	-0.19642020924948156	0.0043646102138175935	0.0043646102138175935	0.022725763975290837
0.8294133676179698	0.8257765730377287	0.0036367945802411317	0.0036367945802411317	0.004384779317803628
-0.05544944320297393	-0.04977417484042235	-0.005675268362551583	0.005675268362551583	0.10235032192797926
0.21832143059783085	0.21408962493296713	0.004231805664863725	0.004231805664863725	0.01938337273292753
-0.8504315454184328	-0.8503292410750873	-0.00010230434334546068	0.00010230434334546068	0.0001202969761606438
-0.10299009022905357	-0.10369987103331368	0.00070978080426011	0.00070978080426011	0.006891738833139505
1.8028616913390538	1.8029600269073853	-9.833556833149792e-05	9.833556833149792e-05	5.454415544126425e-05
0.2835133530284886	0.2857918389054248	-0.002278485876936187	0.002278485876936187	0.008036608690904359
-0.31793564337237856	-0.3275111648690654	0.009575521496686834	0.009575521496686834	0.030117798039622792
0.3961152673399764	0.395092692997423	0.0010225743425533729	0.0010225743425533729	0.0025815070179451617
0.2745924728737348	0.27854183827003	-0.003949365396295201	0.003949365396295201	0.014382642593816579
1.1072379006221962	1.1135042914247606	-0.006266390802564414	0.006266390802564414	0.005659480044029479
0.22066852950841903	0.22495526536658872	-0.004286735858169688	0.004286735858169688	0.01942613143668109
-0.4860801433144776	-0.48759524361230433	0.0015151002978267547	0.0015151002978267547	0.003116976323072172
-0.5008888261721509	-0.5058891092630802	0.005000283090929258	0.005000283090929258	0.009982820198130566
0.23042138860322395	0.2301826189068379	0.00023876969638605972	0.00023876969638605972	0.001036230611374412
1.0442323501121538	1.0472250196471578	-0.002992669535003989	0.002992669535003989	0.002865903871568973
-3.113667662276146	-3.118918481050059	0.005250818773913313	0.005250818773913313	0.0016863773990814651
-1.2908581850605725	-1.291868260523188	0.0010100754626154451	0.0010100754626154451	0.0007824836796987487
2.9483250317802097	2.955728303277283	-0.007403271497073316	0.007403271497073316	0.0025110092738327406
4.044389365395773	4.0509748378099175	-0.006585472414144533	0.006585472414144533	0.0016282983212473404
1.5048158730343772	1.5123289376788307	-0.007513064644453449	0.007513064644453449	0.004992680353180867
-0.5024337457389014	-0.5126643154653721	0.010230569726470629	0.010230569726470629	0.020362027457819534
0.36459583483377805	0.3639514634414809	0.0006443713922971717	0.0006443713922971717	0.0017673580736075752
0.3849597999982202	0.37715986218245234	0.007799937815767877	0.007799937815767877	0.020261694379007725
1.927460254235076	1.932156941620633	-0.004696687385556952	0.004696687385556952	0.0024367233385161865
-1.2182235634748393	-1.2183264589111786	0.00010289543633934528	0.00010289543633934528	8.446350852535488e-05
-0.4339065891249629	-0.43652426029439084	0.0026176711694279597	0.0026176711694279597	0.006032798844347772
-1.1563580657656678	-1.1542980100784916	-0.0020600556871761544	0.0020600556871761544	0.001781503280138505
-1.5811742922376295	-1.5868085320107639	0.005634239773134375	0.005634239773134375	0.0035633261942053024
-0.41147570306064696	-0.4109348956262693	-0.000540807434377677	0.000540807434377677	0.0013143119517265104
0.02109554546359363	0.020640911316149868	0.00045463414744376096	0.00045463414744376096	0.02155119184893141
-1.1237076466729814	-1.1233014593017288	-0.00040618737125264204	0.00040618737125264204	0.000361470683638455
0.39899703069169246	0.4048363807669375	-0.005839350075245053	0.005839350075245053	0.014635071506978597
-2.5900534894301632	-2.5888442196446704	-0.0012092697854928502	0.0012092697854928502	0.00046688988873310925
3.186700894018683	3.1789657859917497	0.007735108026933446	0.007735108026933446	0.0024273090836519832
0.4049381497130126	0.400794786401093	0.004143363311919612	0.004143363311919612	0.010232089307604365
0.29646987553807747	0.2975972638523672	-0.0011273883142897123	0.0011273883142897123	0.003802707820629536
-0.3102237847151063	-0.30766205964027904	-0.00256172507482727	0.00256172507482727	0.008257668177118746
1.429080411013476	1.4268381000874797	0.0022423109259963603	0.0022423109259963603	0.0015690586118986523
0.7324238011225137	0.7289423228939995	0.00348147822851419	0.00348147822851419	0.0047533657742668545
0.7025724830939789	0.7004546387179289	0.0021178443760500043	0.0021178443760500043	0.003014414066892388
0.3123847883895844	0.3072256404266227	0.005159147962961685	0.005159147962961685	0.016515362318243097
1.0523555474166524	1.0501073902560165	0.0022481571606358663	0.0022481571606358663	0.0021363095069481947
-3.612007332911327	-3.6140129468549276	0.002005613943600437	0.002005613943600437	0.0005552629767182352
0.9058275969606049	0.9079761439352296	-0.002148546974624743	0.002148546974624743	0.0023719160045840215
-1.7709104608790003	-1.7708832147036446	-2.724617535565521e-05	2.724617535565521e-05	1.5385405393184834e-05
-1.3893144258458092	-1.3829629479005234	-0.006351477945285788	0.006351477945285788	0.004571663424151832
-1.1557441494858258	-1.1471455763967242	-0.008598573089101613	0.008598573089101613	0.007439858633874112
4.0821680723624665	4.0782703399599995	0.0038977324024669358	0.0038977324024669358	0.0009548191875919522
0.5101671315835765	0.5056444624642609	0.004522669119315648	0.004522669119315648	0.008865073501064495
3.1558935452290555	3.1534637018921785	0.0024298433368770134	0.0024298433368770134	0.0007699383081379112
-0.08480170931138561	-0.0833633603178896	-0.0014383489934960136	0.0014383489934960136	0.01696132077025125
-1.4641352517490809	-1.4637462336395402	-0.0003890181095407286	0.0003890181095407286	0.0002656982058699843
-0.9193742656001417	-0.9120693903241772	-0.007304875275964462	0.007304875275964462	0.007945485912851873
-0.5653852560990389	-0.5690632733603707	0.0036780172613317674	0.0036780172613317674	0.006505329280619739
-0.8003868949561741	-0.8009599678189261	0.0005730728627519888	0.0005730728627519888	0.0007159948099642085
-2.423020582168377	-2.417784688077518	-0.005235894090859006	0.005235894090859006	0.0021608954250703764
-2.3225612650576952	-2.326427986190538	0.0038667211328426987	0.0038667211328426987	0.0016648521574076302
0.4813486320739363	0.484455275000073	-0.0031066429261367157	0.0031066429261367157	0.006454039170634909
-1.1372319500157853	-1.137369445132208	0.00013749511642280332	0.00013749511642280332	0.00012090331829042865
0.6712859642379748	0.6727792151650647	-0.0014932509270898509	0.0014932509270898509	0.0022244632044183255
0.72852539489772	0.7316070659726392	-0.003081671074919301	0.003081671074919301	0.004230011879478747
0.16970905893076826	0.16517550830030814	0.004533550630460126	0.004533550630460126	0.0267136631304376
3.4064734714760903	3.401067859158502	0.005405612317588293	0.005405612317588293	0.0015868646454616122
1.3112210976521226	1.3154701027815463	-0.004249005129423722	0.004249005129423722	0.0032404947853813568
3.645752618622053	3.6468356411205605	-0.0010830224985074466	0.0010830224985074466	0.00029706417626239963
0.02548693638706776	0.025622173779993318	-0.00013523739292555653	0.00013523739292555653	0.005306145504179815
-0.5910635214490003	-0.587591117437114	-0.0034724040118863098	0.0034724040118863098	0.005874840665811457
0.3361810602587715	0.3277118903497467	0.008469169909024798	0.008469169909024798	0.025192287461125125
-0.31039851345207553	-0.31328828845289536	0.0028897750008198275	0.0028897750008198275	0.009309886728133442
0.2108787102509804	0.20406293879204895	0.006815771458931447	0.006815771458931447	0.03232081347054691
-0.8144389279670201	-0.8083123739197617	-0.00612655404725837	0.00612655404725837	0.007522422905976885
-0.40774232509527286	-0.4024631907668663	-0.005279134328406543	0.005279134328406543	0.012947231630106153
0.6438900599511367	0.6442150461225538	-0.0003249861714170743	0.0003249861714170743	0.0005047230756159472
-0.8023224841518644	-0.7979745423654094	-0.004347941786454923	0.004347941786454923	0.005419194740692248
-2.9681448607718686	-2.9588009037979646	-0.009343956973904	0.009343956973904	0.0031480798317485405
-1.1617901795795111	-1.1640981865639333	0.0023080069844221285	0.0023080069844221285	0.001986595363766519
-2.0991213571276273	-2.100608709952212	0.0014873528245846757	0.0014873528245846757	0.0007085597121549577
-0.24512914518374046	-0.24800468963803723	0.0028755444542967745	0.0028755444542967745	0.011730732598693495
2.2693382571575884	2.2721499335602857	-0.002811676402697305	0.002811676402697305	0.001238985150772107
2.789521740790846	2.7881399928446626	0.0013817479461835092	0.0013817479461835092	0.0004953350698000924
-0.8023886212035554	-0.8127031560434261	0.01031453483987077	0.01031453483987077	0.012854787028758361
0.5242873042325256	0.5252493065199815	-0.0009620022874559098	0.0009620022874559098	0.0018348761827527568
-1.0531828953746756	-1.0427304914628621	-0.010452403911813457	0.010452403911813457	0.009924585708444265
0.6015305002132977	0.6050970223441254	-0.003566522130827754	0.003566522130827754	0.0059290794557600906
-1.5666464474882602	-1.5652653255529003	-0.0013811219353598858	0.0013811219353598858	0.0008815785703112414
-1.2904057914782263	-1.292508630285738	0.00210283880751172	0.00210283880751172	0.001629594985855426
0.6021766226422898	0.6089954895287519	-0.0068188668864621604	0.0068188668864621604	0.01132369911097124
-0.16421345834499562	-0.17022671454469673	0.006013256199701111	0.006013256199701111	0.036618534560473585
-1.032701280269667	-1.030823395922198	-0.0018778843474689388	0.0018778843474689388	0.0018184196953629913
3.2129849874342566	3.2084117101476295	0.004573277286627153	0.004573277286627153	0.0014233733753854741
-1.3988669614593672	-1.395538874930935	-0.0033280865284321948	0.0033280865284321948	0.0023791301246833155
-0.21636592074173086	-0.21976765856379643	0.0034017378220655703	0.0034017378220655703	0.015722151669745242
-2.5095408150441196	-2.520188532798784	0.010647717754664221	0.010647717754664221	0.004242894831928456
1.9752689761387705	1.970980672922451	0.004288303216319456	0.004288303216319456	0.0021709970986848455
0.568139632137953	0.565859918424394	0.0022797137135590617	0.0022797137135590617	0.004012594060689489
-0.11222545079601132	-0.1186260487884283	0.00640059799241699	0.00640059799241699	0.05703339079520523
0.1814273676295265	0.18802454724209383	-0.006597179612567339	0.006597179612567339	0.03636264858364002
0.27047217910329796	0.2748460501607042	-0.00437387105740622	0.00437387105740622	0.016171241980994146
-0.4375848634460911	-0.4428890060808044	0.005304142634713294	0.005304142634713294	0.012121403361491605
0.8016055569642206	0.802346556156408	-0.0007409991921873971	0.0007409991921873971	0.0009243937816419994
0.39000328593613	0.39624062992515974	-0.006237343989029753	0.006237343989029753	0.01599305496634003
-0.5792253369606197	-0.5730858574679587	-0.006139479492661026	0.006139479492661026	0.010599466392262526
-1.021946641924626	-1.020678857457824	-0.001267784466801869	0.001267784466801869	0.00124055837632996
-0.6501378478810764	-0.6532751940540038	0.00313734617292738	0.00313734617292738	0.004825663023853466
-2.7113669402832494	-2.7048450683651026	-0.006521871918146793	0.006521871918146793	0.002405381514855186
-0.41290142795425233	-0.4058058657392394	-0.007095562215012952	0.007095562215012952	0.01718463956438317
-0.5938897954296093	-0.596416599364602	0.0025268039349927163	0.0025268039349927163	0.0042546680452134585
-2.5507391079854282	-2.55279011616949	0.0020510081840616756	0.0020510081840616756	0.0008040838742154075
-0.7815687780986785	-0.7832473384041805	0.0016785603055019527	0.0016785603055019527	0.002147680860007464
1.971092811463837	1.9685514289449202	0.0025413825189168904	0.0025413825189168904	0.0012893266639380245
0.4464177783742516	0.4432623736647656	0.0031554047094859983	0.0031554047094859983	0.007068277435045797
0.7901021572457814	0.7919405707070837	-0.0018384134613023129	0.0018384134613023129	0.002326804761185366
0.47486591384668864	0.47992267354857177	-0.005056759701883129	0.005056759701883129	0.010648815917151116
-1.2117645519321028	-1.2112726253690198	-0.000491926563082945	0.000491926563082945	0.00040595886577024455
-0.5149982718467248	-0.5184464753256179	0.003448203478893186	0.003448203478893186	0.00669556320359741
-4.083545983699655	-4.087434470420703	0.0038884867210482454	0.0038884867210482454	0.0009522328722561151
0.9593254706232893	0.9611842906451784	-0.001858820021889085	0.001858820021889085	0.001937632303957675
0.6769761388265501	0.6746978069713805	0.0022783318551695686	0.0022783318551695686	0.003365453705825969
0.31042821509099233	0.31212968679028563	-0.0017014716992932999	0.0017014716992932999	0.005481047200540603
-3.6050910117793427	-3.6086085710849147	0.003517559305572071	0.003517559305572071	0.0009757199732485896
-0.3569400802823582	-0.35367687996767927	-0.0032632003146789157	0.0032632003146789157	0.009142151568121894
0.38317769297409715	0.38682860758854076	-0.003650914614443612	0.003650914614443612	0.009527993621200737
5.282779305507571	5.282151165374671	0.0006281401328998015	0.0006281401328998015	0.00011890334548803371
1.6898257062587123	1.6884555861906847	0.0013701200680276138	0.0013701200680276138	0.0008108055540598152
-2.787270704823492	-2.787018767776317	-0.000251937047174966	0.000251937047174966	9.038843867550364e-05
0.023437545990561887	0.02799530375341419	-0.004557757762852305	0.004557757762852305	0.19446394962542912
-0.9050238988949727	-0.9051688975887373	0.0001449986937646086	0.0001449986937646086	0.00016021532021601962
-1.6881810881782318	-1.689393664491945	0.0012125763137131873	0.0012125763137131873	0.0007182738405283972
-1.2317558575677048	-1.2295593642193126	-0.0021964933483922255	0.0021964933483922255	0.0017832213542134448
-1.2163950275009678	-1.2167397253506351	0.0003446978496672859	0.0003446978496672859	0.00028337656918530247
0.48963992686889746	0.488461830173037	0.0011780966958604422	0.0011780966958604422	0.002406047038267533
-0.2649000877201089	-0.26313313901482616	-0.001766948705282767	0.001766948705282767	0.006670245829249062
3.1533367222640822	3.152461660647532	0.0008750616165502656	0.0008750616165502656	0.0002775033856587238
0.39910733186773795	0.39883214958535973	0.00027518228237821685	0.00027518228237821685	0.0006894944302085906
-0.11869361700353562	-0.118538682727376	-0.0001549342761596184	0.0001549342761596184	0.0013053294698652858
-1.7489597187736747	-1.7387855004926678	-0.010174218281006953	0.010174218281006953	0.005817297089118125
0.6250608620309024	0.6209716921148356	0.004089169916066782	0.004089169916066782	0.006542034807267483
-0.24304936669774296	-0.24637406568217557	0.003324698984432606	0.003324698984432606	0.01367910984342211
-0.9805464124348893	-0.9854464497038862	0.004900037268996904	0.004900037268996904	0.004997251743371484
1.0111123076554172	1.0069371255667647	0.004175182088652418	0.004175182088652418	0.004129296080208829
-0.019709400707332368	-0.017927508451975882	-0.0017818922553564862	0.0017818922553564862	0.09040824131672251
-1.5130184739948822	-1.5141894600674277	0.0011709860725455101	0.0011709860725455101	0.0007739403666722651
-0.6422059188099383	-0.6417631357180653	-0.00044278309187295584	0.00044278309187295584	0.0006894721442204555
0.797415960897737	0.8009322264115326	-0.00351626551379558	0.00351626551379558	0.004409575035138426
1.6777139889948627	1.6797761782072484	-0.0020621892123857677	0.0020621892123857677	0.0012291661307665728
-1.074844266331128	-1.0746627449407242	-0.00018152139040372717	0.00018152139040372717	0.00016888157297738774
-1.0748888508807013	-1.075785665307194	0.000896814426492698	0.000896814426492698	0.000834332243522575
-0.3382151292721282	-0.337382731231628	-0.0008323980405002263	0.0008323980405002263	0.002461149630685143
0.8468465928043568	0.8455160241283011	0.0013305686760557434	0.0013305686760557434	0.0015712039079587331
3.253284018475992	3.2575357363384683	-0.004251717862476134	0.004251717862476134	0.0013069003008436566
2.1183377484581847	2.1216552231635433	-0.003317474705358592	0.003317474705358592	0.0015660744882506057
0.36607309230675267	0.37037936272099614	-0.004306270414243474	0.004306270414243474	0.011763416937060794
2.6936426101318562	2.699836750252871	-0.006194140121014602	0.006194140121014602	0.0022995404430105125
0.24010168289060294	0.23890640477475245	0.00119527811585049	0.00119527811585049	0.0049782163184382685
-2.534918112423533	-2.5359927203680854	0.001074607944552497	0.001074607944552497	0.0004239221532584765
0.16833689902641724	0.17312238924205303	-0.00478549021563579	0.00478549021563579	0.028428052573813894
-0.8460377696099249	-0.8491140779369744	0.003076308327049415	0.003076308327049415	0.003636135923893541
-1.0010809436053636	-1.0020694498962257	0.0009885062908621123	0.0009885062908621123	0.0009874389250703703
-1.47601718772982	-1.474715800213744	-0.0013013875160761135	0.0013013875160761135	0.0008816885920398429
0.036939387777690284	0.04296176120988093	-0.006022373432190649	0.006022373432190649	0.16303392650778822
1.9097866723499994	1.911364577608765	-0.0015779052587656661	0.0015779052587656661	0.0008262206882112377
0.11345662845502115	0.11145938151457813	0.001997246940443023	0.001997246940443023	0.0176036161803875
0.8548031130494618	0.8481804943585303	0.006622618690931503	0.006622618690931503	0.007747536935500487
-0.31764357200531645	-0.31641915666114073	-0.0012244153441757222	0.0012244153441757222	0.0038546832112668376
0.07792800331121572	0.08437536052952055	-0.006447357218304833	0.006447357218304833	0.08273479294158823
0.22670227757419845	0.23162552497524302	-0.004923247401044578	0.004923247401044578	0.02171679726258253
-0.5598811132281868	-0.5668140292982571	0.006932916070070294	0.006932916070070294	0.012382836116932371
-1.0019416210490748	-1.0076729395223083	0.005731318473233493	0.005731318473233493	0.005720211989230034
3.863185753105024	3.862220642986358	0.0009651101186660682	0.0009651101186660682	0.0002498223436163699
2.5502641648658866	2.555424291131203	-0.005160126265316478	0.005160126265316478	0.002023369318522279
-1.0198698599742388	-1.0217285034741508	0.0018586434999119383	0.0018586434999119383	0.001822432030650348
0.20260990659412337	0.20817931908823084	-0.005569412494107473	0.005569412494107473	0.027488352310750298
-0.7751822698976322	-0.7690552083658986	-0.006127061531733591	0.006127061531733591	0.007904026923297289
0.953695650351268	0.9503322380624013	0.0033634122888667184	0.0033634122888667184	0.0035267145106805263
0.6421248841731164	0.646633712676703	-0.004508828503586582	0.004508828503586582	0.007021731464889008
-0.41683496276405446	-0.4232671981299063	0.006432235365851857	0.006432235365851857	0.01543113207970696
0.2787614422911239	0.2719914245972177	0.006770017693906172	0.006770017693906172	0.024286062083277354
-0.7180671015151743	-0.7214221022877609	0.003355000772586658	0.003355000772586658	0.0046722663738630555
0.46633456986502697	0.4720501347037498	-0.00571556483872282	0.00571556483872282	0.0122563610078856
-0.8055218834979488	-0.8053989567997633	-0.0001229266981855881	0.0001229266981855881	0.0001526050386760239
-1.0061748874371235	-1.0141088077944005	0.007933920357277024	0.007933920357277024	0.007885229949920431
1.344060847021794	1.3421531511994544	0.0019076958223396279	0.0019076958223396279	0.0014193522760273475
5.007917878056812	5.006900180887897	0.0010176971689155323	0.0010176971689155323	0.00020321762331103208
-1.038879576807332	-1.0415242504677735	0.002644673660441521	0.002644673660441521	0.002545697999540129
-3.9851651439538838	-3.9888153260108083	0.003650182056924578	0.003650182056924578	0.0009159424829514211
0.3948693366847638	0.39644034222874325	-0.0015710055439794313	0.0015710055439794313	0.0039785453010083
0.08637221966876073	0.08183850513887592	0.004533714529884811	0.004533714529884811	0.052490425130576716
-0.6624486242731192	-0.6599890039069578	-0.00245962036616143	0.00245962036616143	0.003712922445661778
-0.5451610087484271	-0.5508558315341361	0.005694822785708986	0.005694822785708986	0.010446130031902097
0.8562886519199165	0.8537783451174619	0.002510306802454676	0.002510306802454676	0.002931612835024993
2.2189904518427617	2.221709704826935	-0.002719252984173526	0.002719252984173526	0.0012254460049232392
-0.6039127287704789	-0.6033223307895241	-0.0005903979809547266	0.0005903979809547266	0.0009776213562458483
1.2857980027588531	1.2945564267283771	-0.008758423969523976	0.008758423969523976	0.006811664002223985
-0.09074428437596627	-0.08724558756512124	-0.0034986968108450256	0.0034986968108450256	0.03855556121143052
-3.642594484091674	-3.6401963370735757	-0.0023981470180984843	0.0023981470180984843	0.0006583623372219792
-0.10996534047413754	-0.10343156100134365	-0.006533779472793891	0.006533779472793891	0.05941671661836534
0.6502055931304264	0.6444796199502889	0.005725973180137456	0.005725973180137456	0.008806404067626759
-1.8625991096357792	-1.8565016816864954	-0.006097427949283807	0.006097427949283807	0.0032736126189151483
1.7187321096601784	1.7141217285825405	0.004610381077637893	0.004610381077637893	0.0026824314573080507
-0.6209968116841071	-0.6232232462934917	0.002226434609384542	0.002226434609384542	0.003585259324192956
0.0764619625769371	0.08558098488720134	-0.009119022310264235	0.009119022310264235	0.11926220571553531
1.2700144221528231	1.274538106372347	-0.004523684219523982	0.004523684219523982	0.003561915629159398
0.9005698856250915	0.9024751943798037	-0.001905308754712176	0.001905308754712176	0.0021156700719452645
1.3944838261212593	1.3918457789259264	0.0026380471953328932	0.0026380471953328932	0.0018917732467866558
1.3538979392563382	1.3543547702283831	-0.0004568309720449637	0.0004568309720449637	0.0003374190615105666
0.3661493719331819	0.36354367330204695	0.0026056986311349672	0.0026056986311349672	0.0071164907845601266
-0.015431740550353257	-0.01687328767729923	0.0014415471269459742	0.0014415471269459742	0.09341442219315792
-3.6433872017016666	-3.6428013027034467	-0.0005858989982199247	0.0005858989982199247	0.00016081162000741424
-0.5071048999461801	-0.5068815607955912	-0.0002233391505889193	0.0002233391505889193	0.00044042002081348973
-0.12657637667828342	-0.12329268793109804	-0.003283688747185376	0.003283688747185376	0.02594235064518761
0.2926128338497365	0.2950420130218845	-0.002429179172147966	0.002429179172147966	0.008301683628119352
0.402294906707172	0.4023584151582327	-6.35084510606787e-05	6.35084510606787e-05	0.00015786541167150822
1.7816903095411782	1.7872810913104331	-0.005590781769254871	0.005590781769254871	0.003137908838205789
3.537805252168611	3.531170290443697	0.006634961724913957	0.006634961724913957	0.001875445721848834
-3.4002914371736757	-3.3950810320675373	-0.005210405106138349	0.005210405106138349	0.0015323407426715285
0.9088838696647443	0.910512741029379	-0.001628871364634632	0.001628871364634632	0.001792166655169561
0.4977961493710397	0.49515646605868824	0.002639683312351482	0.002639683312351482	0.005302739516339559
0.4817570956449005	0.4782294545293553	0.0035276411155452103	0.0035276411155452103	0.0073224476555409325
2.1542570053692347	2.1495655637409072	0.004691441628327464	0.004691441628327464	0.0021777539154495457
0.16104245842037104	0.16055884771049023	0.0004836107098808162	0.0004836107098808162	0.0030030012868931836
1.1632022543048204	1.1624947201198665	0.0007075341849538397	0.0007075341849538397	0.000608264110850346
-1.3525715362652078	-1.3535351881728275	0.0009636519076197114	0.0009636519076197114	0.0007124591060673938
-6.199656105938074e-05	-0.0002931701601482928	0.00023117359908891204	0.00023117359908891204	3.728813262198404
0.48563873021837156	0.48296813110937364	0.0026705991089979175	0.0026705991089979175	0.005499147705532176
-1.6953710258309738	-1.6924829596973723	-0.0028880661336014857	0.0028880661336014857	0.0017035009384957025
-0.9289737028472742	-0.9318567117588827	0.002883008911608531	0.002883008911608531	0.0031034343628589295
1.2120150408325596	1.2105452369723935	0.0014698038601661523	0.0014698038601661523	0.0012126944061325443
1.5961512084154736	1.6090733734017704	-0.012922164986296725	0.012922164986296725	0.008095827587114869
1.7163734492042286	1.71963568936917	-0.0032622401649413657	0.0032622401649413657	0.0019006587211273021
0.4751176214863609	0.48104729285114445	-0.005929671364783562	0.005929671364783562	0.012480428206878839
0.3725626938557687	0.36755965811607894	0.005003035739689743	0.005003035739689743	0.013428708301176777
0.12414485785217617	0.1170951836684253	0.0070496741837508675	0.0070496741837508675	0.056785873420107116
-0.5714689473634668	-0.5651349256368121	-0.006334021726654648	0.006334021726654648	0.011083754866957053
-2.1005081542487964	-2.0999279367970303	-0.000580217451766174	0.000580217451766174	0.00027622718369007084
0.24320429473300947	0.24348855185962748	-0.00028425712661800384	0.00028425712661800384	0.0011687997818050965
1.2087242024490736	1.21215888975712	-0.0034346873080464135	0.0034346873080464135	0.0028415806526312396
-0.095403782458593	-0.0965753206401132	0.0011715381815202014	0.0011715381815202014	0.012279787565327093
3.159478776510328	3.1634964052500436	-0.004017628739715562	0.004017628739715562	0.0012716112447360916
0.5108067663769853	0.5136425425007474	-0.0028357761237620682	0.0028357761237620682	0.005551563351197291
1.1950009492319322	1.193649419292342	0.0013515299395903124	0.0013515299395903124	0.0011309864987630233
0.3546090872213807	0.360030429874314	-0.005421342652933314	0.005421342652933314	0.01528822257605823
-1.1612699541490066	-1.1569671660254244	-0.004302788123582202	0.004302788123582202	0.0037052436500308317
3.3694780575736165	3.3730977102095494	-0.0036196526359328907	0.0036196526359328907	0.0010742472792772619
-1.4849135827654094	-1.4929636508895783	0.008050068124168863	0.008050068124168863	0.0054212367760667415
-1.9950326321789782	-1.9996496412204579	0.004617009041479658	0.004617009041479658	0.002314252392171126
-0.35839305724190845	-0.3659889080154244	0.007595850773515933	0.007595850773515933	0.021194190624035665
-1.142720520024697	-1.1460633177193813	0.003342797694684263	0.003342797694684263	0.0029252976874975666
0.432561789887225	0.43090825602121186	0.001653533866013135	0.001653533866013135	0.003822653559955526
-1.0283814032398626	-1.0339980162825668	0.005616613042704222	0.005616613042704222	0.005461605028065824
0.7960419564844675	0.7957655270729447	0.0002764294115228383	0.0002764294115228383	0.0003472548265466106
-0.5219715366279559	-0.5189187450014288	-0.0030527916265271626	0.0030527916265271626	0.005848578729500899
-0.9439307937411439	-0.9453154816583265	0.0013846879171826032	0.0013846879171826032	0.0014669379644820964
-0.07569264399002917	-0.07307486521312967	-0.0026177787768995042	0.0026177787768995042	0.03458432205439063
0.570468093333229	0.5681175916834036	0.0023505016498254205	0.0023505016498254205	0.0041203034443022145
-1.8830826195376513	-1.8694986429181881	-0.0135839766194632	0.0135839766194632	0.007213691252059053
0.945300633354008	0.9383351552969543	0.00696547805705372	0.00696547805705372	0.007368532095804912
1.2860606762526727	1.284792939259205	0.0012677369934677163	0.0012677369934677163	0.0009857520853227952
0.9999776430582863	1.0005034982896177	-0.000525855231331418	0.000525855231331418	0.0005258669881090203
-0.5841883316230666	-0.5789297683804762	-0.005258563242590442	0.005258563242590442	0.009001486263822541
1.573150745333132	1.574533593156957	-0.0013828478238251396	0.0013828478238251396	0.0008790307145881982
0.3170440188775895	0.3191450614394853	-0.002101042561895805	0.002101042561895805	0.006626974289986579
1.0233851574955042	1.0293561754224356	-0.005971017926931443	0.005971017926931443	0.005834575460859832
-0.4863238342134658	-0.4880641135969199	0.001740279383454113	0.001740279383454113	0.0035784373724324584
0.39657730436004024	0.38736360147595406	0.009213702884086183	0.009213702884086183	0.023233056412429866
-1.0500221001728582	-1.0520044543227414	0.0019823541498831254	0.0019823541498831254	0.0018879165967619
-1.7261003932404821	-1.7328907724731835	0.006790379232701316	0.006790379232701316	0.003933942231455869
-1.4065855319287137	-1.404866845405195	-0.0017186865235188087	0.0017186865235188087	0.0012218855409113596
2.2582591518180344	2.255658268040861	0.0026008837771733795	0.0026008837771733795	0.0011517206849707712
0.3274716736704972	0.3298604642623104	-0.002388790591813239	0.002388790591813239	0.007294648007378025
-0.49475146582586926	-0.49489685807202477	0.00014539224615550683	0.00014539224615550683	0.0002938692579976681
1.4010763515440416	1.4005943121446762	0.0004820393993654193	0.0004820393993654193	0.0003440493438021367
1.9630458177465013	1.9597122554841917	0.0033335622623096306	0.0033335622623096306	0.00169815815411605
-3.2803050224556087	-3.2826910628500627	0.002386040394454003	0.002386040394454003	0.0007273836969794454
-1.9352591800860628	-1.9348681726114592	-0.00039100747460363294	0.00039100747460363294	0.00020204398388966405
-2.5885142723686885	-2.58765231774305	-0.0008619546256385391	0.0008619546256385391	0.0003329920313129217
-0.9421495399941506	-0.9355988549941685	-0.006550684999982126	0.006550684999982126	0.0069529142900423176
-0.18966476325726198	-0.18912372433987912	-0.0005410389173828578	0.0005410389173828578	0.0028526063992655856
-0.7861204177597022	-0.7878936266934033	0.0017732089337011425	0.0017732089337011425	0.0022556454375710785
-0.7789106505194323	-0.7818274971214123	0.0029168466019799943	0.0029168466019799943	0.003744776888125533
0.4694939892394338	0.470347426016815	-0.0008534367773812002	0.0008534367773812002	0.0018177799864141865
2.2484971815853734	2.246948914034874	0.0015482675504991938	0.0015482675504991938	0.0006885788264175361
1.6133018130855845	1.6091630204755347	0.004138792610049791	0.004138792610049791	0.00256541744172095
0.42350067383770806	0.42334417230449617	0.00015650153321189464	0.00015650153321189464	0.00036954258370759625
1.3477234851711468	1.3428043239400722	0.004919161231074609	0.004919161231074609	0.0036499781188052286
-0.6808295284654803	-0.6821991464676103	0.0013696180021299798	0.0013696180021299798	0.0020116900705187653
0.013794237527369822	0.01686253926891368	-0.0030683017415438565	0.0030683017415438565	0.2224335876090207
0.7785382570938343	0.78004182978475	-0.001503572690915722	0.001503572690915722	0.001931276565044256
-0.5379706253022041	-0.5373262883949792	-0.0006443369072248739	0.0006443369072248739	0.0011977176390679672
0.011381418093724349	0.017390486391377635	-0.006009068297653287	0.006009068297653287	0.5279718439450576
0.46020145887412495	0.45441643123922404	0.005785027634900908	0.005785027634900908	0.012570641668659373
0.36330758476418606	0.3630959654401522	0.00021161932403385153	0.00021161932403385153	0.0005824797854721595
-1.5673336392676958	-1.5690434011048637	0.001709761837167978	0.001709761837167978	0.0010908729286042943
0.16294024116544306	0.16362570204364602	-0.0006854608782029536	0.0006854608782029536	0.004206823761276773
0.11254453694563689	0.11374827226973139	-0.0012037353240944987	0.0012037353240944987	0.01069563531702962
0.5801729995143508	0.5700554029317573	0.01011759658259348	0.01011759658259348	0.017438930441545337
-0.8232295641765857	-0.8248270987678552	0.0015975345912695449	0.0015975345912695449	0.0019405699950383075
0.9987956574235188	1.000971235043835	-0.0021755776203160604	0.0021755776203160604	0.0021782009204246583
0.8912382156274468	0.8922120159695623	-0.0009738003421155828	0.0009738003421155828	0.0010926375519366737
1.698858693613848	1.7004632190946722	-0.001604525480824348	0.001604525480824348	0.0009444725961352135
-0.6436936934463116	-0.6478989416791592	0.004205248232847625	0.004205248232847625	0.006532995857599421
1.174981722616688	1.1812539451057091	-0.00627222248902104	0.00627222248902104	0.005338144728798657
0.15739747269636617	0.15457657173101325	0.002820900965352924	0.002820900965352924	0.01792214904742908
0.6595643410027683	0.6538885118061444	0.005675829196623905	0.005675829196623905	0.008605421554468305
-1.9200324986132753	-1.925048178236466	0.005015679623190605	0.005015679623190605	0.0026122889205329237
-1.4344485450806435	-1.4388408508239081	0.004392305743264657	0.004392305743264657	0.0030620169390723775
0.05142572760490384	0.05844745101057924	-0.0070217234056754035	0.0070217234056754035	0.13654106091842302
-0.764845037209841	-0.7690123511565616	0.004167313946720652	0.004167313946720652	0.005448572905595409
-2.114878623189407	-2.1155061422177823	0.000627519028375545	0.000627519028375545	0.00029671633232038436
0.13605664090520886	0.13929834312875755	-0.0032417022235486925	0.0032417022235486925	0.02382612272345602
0.9656461852479495	0.9680057592049707	-0.0023595739570211327	0.0023595739570211327	0.002443518126067327
2.9386220550989273	2.9294573178049177	0.009164737294009573	0.009164737294009573	0.0031187192916174605
-0.5749144853832965	-0.5768127775809262	0.001898292197629714	0.001898292197629714	0.0033018687924763618
-0.9054278605417805	-0.9108524045586819	0.0054245440169014	0.0054245440169014	0.0059911388342474
-1.055849976152765	-1.0574474345048657	0.001597458352100567	0.001597458352100567	0.0015129595948103138
-0.4815686224362174	-0.4816062864847481	3.76640485307278e-05	3.76640485307278e-05	7.821117650935887e-05
-0.6848550123022525	-0.68130455656501	-0.0035504557372425527	0.0035504557372425527	0.005184244363353804
-0.7817737990644665	-0.7787875656504184	-0.002986233414048134	0.002986233414048134	0.0038198177242850825
-0.5509615835079839	-0.5546295724343508	0.003667988926366994	0.003667988926366994	0.006657431363930734
-0.0041322547052677246	-0.0002191954990848899	-0.003913059206182835	0.003913059206182835	0.9469549883250267
-0.5290770265133224	-0.5240654172666837	-0.005011609246638793	0.005011609246638793	0.009472362237434246
0.10045914757005335	0.0968051899690181	0.0036539576010352487	0.0036539576010352487	0.03637257222879806
-0.5893025805731031	-0.5903365054109599	0.0010339248378568033	0.0010339248378568033	0.0017544889025452768
-0.1568199520345948	-0.1633487863728078	0.0065288343382129965	0.0065288343382129965	0.04163267654088251
0.6735141629800118	0.6777251437597442	-0.004210980779732476	0.004210980779732476	0.006252252753083453
0.6295242314502013	0.6280432298808591	0.0014810015693421663	0.0014810015693421663	0.002352572776953259
1.0449686242657517	1.037214580719592	0.007754043546159606	0.007754043546159606	0.007420360158285128
1.1142143807203135	1.1106739511888009	0.003540429531512679	0.003540429531512679	0.003177511969665904
-1.168005492831957	-1.166920237665181	-0.0010852551667759336	0.0010852551667759336	0.0009291524512822399
-1.3003161938155925	-1.3016999346291414	0.0013837408135488616	0.0013837408135488616	0.001064157179715244
0.9089212084646894	0.9094175711652497	-0.0004963627005603044	0.0004963627005603044	0.0005461009116496895
-1.042358296943518	-1.048696125508286	0.0063378285647681665	0.0063378285647681665	0.006080278329776267
1.663775652296833	1.6696169241185999	-0.005841271821766858	0.005841271821766858	0.0035108530490291856
-2.953222539761027	-2.952917942820932	-0.00030459694009543625	0.00030459694009543625	0.00010314053072345981
-3.5618458295090294	-3.5746555258810986	0.01280969637206919	0.01280969637206919	0.0035963646337368003
0.8920097216753753	0.8957669560913928	-0.0037572344160174964	0.0037572344160174964	0.004212100299714949
0.6441929717370897	0.6522763014800148	-0.008083329742925138	0.008083329742925138	0.012547994308488257
0.6425505219835158	0.6415568641386926	0.0009936578448231925	0.0009936578448231925	0.0015464275739062961
0.4336325703016674	0.43729138633352704	-0.0036588160318596352	0.0036588160318596352	0.008437595057295369
1.4447062118659568	1.4395660182344727	0.005140193631484102	0.005140193631484102	0.0035579508063754497
0.012741989794614664	0.01242837606696412	0.00031361372765054477	0.00031361372765054477	0.024612618021644623
-1.285742912535726	-1.2965027926838957	0.010759880148169643	0.010759880148169643	0.008368609341154479
-1.01610181907267	-1.0169700708502205	0.000868251777550455	0.000868251777550455	0.000854492887674241
2.5767557833456176	2.5767229271878023	3.28561578153419e-05	3.28561578153419e-05	1.2750978586213554e-05
-0.11143645827593804	-0.11571310824365355	0.004276649967715512	0.004276649967715512	0.03837747568327869
1.1233344369693026	1.1287735815130873	-0.005439144543784691	0.005439144543784691	0.004841963679542503
-0.6874022488844371	-0.6914812456670916	0.004078996782654443	0.004078996782654443	0.005933929935891415
-0.19144684467873727	-0.18710844415181782	-0.004338400526919445	0.004338400526919445	0.022661123165542994
3.0126396707429954	3.0078622676228406	0.004777403120154844	0.004777403120154844	0.0015857864339204602
3.1857854808432036	3.2056509298854508	-0.019865449042247185	0.019865449042247185	0.006235651823295165
3.3900983895275925	3.3877671048685443	0.002331284659048194	0.002331284659048194	0.0006876746309929537
-2.3013561626153574	-2.295105879966286	-0.006250282649071348	0.006250282649071348	0.002715912795509351
0.4157398898167806	0.421080776504823	-0.00534088668804239	0.00534088668804239	0.012846702514873314
0.3825791260832383	0.38383001992770005	-0.0012508938444617534	0.0012508938444617534	0.0032696343296826774
-3.050493763726841	-3.053167100006249	0.002673336279408023	0.002673336279408023	0.0008763618241730027
-1.2455250804192233	-1.2378129722492304	-0.007712108169992904	0.007712108169992904	0.006191852971276287
3.086465916450728	3.09043856941571	-0.003972652964981727	0.003972652964981727	0.0012871203092856655
2.0358016955438547	2.035581301242928	0.0002203943009266851	0.0002203943009266851	0.00010825921867002268
-1.1463852743186702	-1.144235293395468	-0.002149980923202177	0.002149980923202177	0.0018754435976857543
-2.648501161492234	-2.6455232764419634	-0.0029778850502704124	0.0029778850502704124	0.0011243661485096708
-1.2324700279925715	-1.235621375599294	0.003151347606722421	0.003151347606722421	0.002556936505673317
1.3521731657717346	1.3543279037548928	-0.002154737983158128	0.002154737983158128	0.0015935370096834753
-2.708360402489263	-2.7109850470878882	0.0026246445986251032	0.0026246445986251032	0.0009690898582820749
-0.3323922774242294	-0.3355491171532776	0.003156839729048233	0.003156839729048233	0.009497331747630183
1.5549378041520692	1.5606203414790798	-0.005682537327010628	0.005682537327010628	0.003654511011203693
0.7320530393135869	0.7381899249594426	-0.006136885645855683	0.006136885645855683	0.008383116135423689
0.6831023047007087	0.6805829816585174	0.0025193230421912682	0.0025193230421912682	0.0036880611071793603
0.28261546249492137	0.28273443422222044	-0.00011897172729907757	0.00011897172729907757	0.00042096680149344447
0.6630231318119532	0.6661458992311964	-0.003122767419243222	0.003122767419243222	0.004709892112978197
0.5232851215820375	0.5348540180420969	-0.01156889646005932	0.01156889646005932	0.02210820828439246
-0.5785616576358641	-0.5815906915813684	0.003029033945504356	0.003029033945504356	0.00523545572978632
0.35966741764713134	0.3645129963842919	-0.004845578737160572	0.004845578737160572	0.013472387265044272
0.3358753275828542	0.336867382429773	-0.0009920548469187773	0.0009920548469187773	0.0029536401320637514
-2.6922536794970964	-2.695311884963303	0.0030582054662064984	0.0030582054662064984	0.0011359276763168026
0.025614540713966148	0.02850759483408183	-0.0028930541201156804	0.0028930541201156804	0.11294577374710697
-0.4605838535136611	-0.4610679879988311	0.0004841344851699847	0.0004841344851699847	0.0010511321260540565
0.28594775139059125	0.2919281650974881	-0.005980413706896837	0.005980413706896837	0.020914358227380747
0.6060143391864597	0.6073959521017969	-0.001381612915337116	0.001381612915337116	0.002279835353717626
2.6030996915886613	2.600896807052777	0.002202884535884131	0.002202884535884131	0.0008462543877986168
-0.3039882121398423	-0.3010161472047912	-0.0029720649350510886	0.0029720649350510886	0.009776908499609398
0.8157344312656102	0.815645373222651	8.905804295922248e-05	8.905804295922248e-05	0.00010917528983182569
-0.5653291386533976	-0.559649368369719	-0.005679770283678609	0.005679770283678609	0.010046838019366391
-0.5235540359713039	-0.5342093463696074	0.010655310398303475	0.010655310398303475	0.020351882835810083
0.5598668265826993	0.5658897662215168	-0.006022939638817504	0.006022939638817504	0.010757807665762531
-0.8073216698897915	-0.8046226430451497	-0.0026990268446417387	0.0026990268446417387	0.0033431864216034064
-2.37121125190996	-2.3663539923290955	-0.004857259580864692	0.004857259580864692	0.002048429711588233
0.03034245291738498	0.03019019277417101	0.00015226014321396975	0.00015226014321396975	0.005018056504150689
-0.1566206299676403	-0.15348493980127387	-0.003135690166366445	0.003135690166366445	0.020020926789876377
3.597179071636104	3.599583502364112	-0.0024044307280082222	0.0024044307280082222	0.0006684211934199361
-2.0483091895596433	-2.0525932595774066	0.0042840700177633195	0.0042840700177633195	0.0020915153042321373
-2.0874428059714245	-2.0799113208340714	-0.007531485137353133	0.007531485137353133	0.0036079959248743287
-0.48189505371666874	-0.48122633597813547	-0.0006687177385332754	0.0006687177385332754	0.0013876833417892883
-0.9284721557019516	-0.9297162014263449	0.0012440457243932945	0.0012440457243932945	0.0013398847954172199
-4.151806720253594	-4.153287816734519	0.0014810964809246485	0.0014810964809246485	0.00035673541200737364
-2.1901468363570156	-2.1997324656695127	0.00958562931249718	0.00958562931249718	0.00437670623420001
3.100233222036209	3.1073836180439685	-0.007150396007759241	0.007150396007759241	0.0023064058397074126
-0.32533259932894526	-0.32744460622780025	0.00211200689885499	0.00211200689885499	0.006491839130819873
0.16547977699990304	0.16697399041731842	-0.0014942134174153743	0.0014942134174153743	0.00902958321859625
1.0782189209677242	1.0719306155806407	0.00628830538708347	0.00628830538708347	0.005832123017688823
1.929042322466501	1.9288068451714935	0.00023547729500750236	0.00023547729500750236	0.00012206953277542286
0.9576982914307864	0.9580317600921262	-0.00033346866133976416	0.00033346866133976416	0.00034819803305858167
1.4881647391105202	1.4897940745868254	-0.0016293354763052825	0.0016293354763052825	0.0010948623048810714
1.839858538514906	1.8449797134962864	-0.0051211749813804275	0.0051211749813804275	0.0027834612684484584
1.852458631382416	1.8505660173104843	0.001892614071931753	0.001892614071931753	0.0010216768352442887
-1.394593733698831	-1.3953018642496318	0.0007081305508007674	0.0007081305508007674	0.0005077683440629108
2.392266170390259	2.3922953241708456	-2.915378058654383e-05	2.915378058654383e-05	1.2186679286522649e-05
0.1492003501221712	0.14756174459762406	0.0016386055245471431	0.0016386055245471431	0.010982584981907802
-2.164793537185341	-2.15603686774557	-0.008756669439771159	0.008756669439771159	0.004045036761869013
0.7544483106962474	0.7396105029329192	0.014837807763328215	0.014837807763328215	0.019667096543214538
-1.2988243524473577	-1.3040259036642965	0.005201551216938771	0.005201551216938771	0.004004814975279418
-2.421057375255223	-2.426952711175545	0.005895335920321987	0.005895335920321987	0.002435025282992524
0.3102885399097172	0.31254835266736336	-0.00225981275764614	0.00225981275764614	0.007282939802751543
0.4008190574361261	0.39353529064101167	0.007283766795114444	0.007283766795114444	0.018172206785040838
0.3143204410320701	0.3115210201940499	0.00279942083802015	0.00279942083802015	0.00890626403051695
-0.18571366334263723	-0.18388694843451958	-0.0018267149081176437	0.0018267149081176437	0.00983619016091131
0.8658861414625558	0.8610699733253568	0.004816168137198984	0.004816168137198984	0.005562126365787613
-1.7953420798997934	-1.796225376892835	0.0008832969930414603	0.0008832969930414603	0.0004919937002149258
-0.9767187666800898	-0.9823917807807447	0.005673014100654905	0.005673014100654905	0.005808237021940031
-2.665067085066174	-2.6700275629991665	0.004960477932992369	0.004960477932992369	0.001861295710261342
0.08877131138632342	0.0868261995492503	0.0019451118370731185	0.0019451118370731185	0.021911491524645797
-1.489347498570136	-1.4900292771926615	0.0006817786225254974	0.0006817786225254974	0.00045777001215636123
-0.0031614058875633014	-0.009618766853236593	0.006457360965673292	0.006457360965673292	2.0425599228102898
0.9341380670724229	0.9380407445860328	-0.0039026775136099534	0.0039026775136099534	0.004177837999730486
0.032712872522186104	0.03044378536287695	0.002269087159309152	0.002269087159309152	0.069363739236603
1.1099016032022186	1.1102064127044287	-0.0003048095022100128	0.0003048095022100128	0.0002746274997086188
-1.2540488863219115	-1.2520393884187797	-0.002009497903131763	0.002009497903131763	0.001602407948405872
-0.6566582158025451	-0.660923444229411	0.00426522842686583	0.00426522842686583	0.006495355306950686
-0.06965266708294462	-0.07714175808359869	0.007489091000654063	0.007489091000654063	0.10752052023701855
0.15184465292073332	0.144525833093212	0.007318819827521333	0.007318819827521333	0.04819939119846347
-1.9215855094427978	-1.9183460935892072	-0.003239415853590666	0.003239415853590666	0.0016858036437472925
1.6028789893319133	1.60588646758697	-0.0030074782550566503	0.0030074782550566503	0.0018762977586412684
-0.7398730632370496	-0.7386815268546343	-0.0011915363824153147	0.0011915363824153147	0.0016104605527901962
-0.2012733617200596	-0.20186193978588562	0.0005885780658260176	0.0005885780658260176	0.0029242720487008085
-1.2772617638760004	-1.2818258001061622	0.004564036230161772	0.004564036230161772	0.0035732974706074888
1.4143622937281721	1.4250314907258144	-0.010669196997642239	0.010669196997642239	0.007543468208219049
0.4326437805348373	0.4240108319208957	0.008632948613941593	0.008632948613941593	0.01995394133083222
1.412818788739576	1.4122625489108032	0.0005562398287728421	0.0005562398287728421	0.00039370925217457127
1.3569222812375754	1.3572245843533892	-0.00030230311581380676	0.00030230311581380676	0.00022278587358598936
1.7015305830453138	1.7035948076227214	-0.002064224577407625	0.002064224577407625	0.001213157493598017
-0.7329507760390579	-0.7370817311311839	0.004130955092126021	0.004130955092126021	0.005636060738553455
-1.1322101319843576	-1.12734065442055	-0.004869477563807623	0.004869477563807623	0.004300860261048166
-1.2573269524352644	-1.2561168805405032	-0.0012100718947611888	0.0012100718947611888	0.0009624162533201494
1.2606429503496925	1.262058358406648	-0.0014154080569555028	0.0014154080569555028	0.0011227668044809036
1.5273491655768372	1.5287973856175086	-0.0014482200406713552	0.0014482200406713552	0.0009481918563948034
-1.9539351985028564	-1.9569514897739282	0.003016291271071836	0.003016291271071836	0.0015437007703136612
-0.4835106572578879	-0.48117692131199874	-0.0023337359458891482	0.0023337359458891482	0.0048266484116903634
0.1296376839767986	0.1263382418983383	0.0032994420784602796	0.0032994420784602796	0.025451257514372015
-1.7718578544776045	-1.7651149719313253	-0.006742882546279194	0.006742882546279194	0.0038055437287136066
1.4325895153702182	1.43262930396304	-3.9788592821832225e-05	3.9788592821832225e-05	2.7773896426674478e-05
-1.9621479447763261	-1.9610836443462176	-0.0010643004301085224	0.0010643004301085224	0.0005424159951556796
1.4063079289939848	1.4130333565844921	-0.006725427590507316	0.006725427590507316	0.004782329283543478
0.5902447776170832	0.5847386873938376	0.005506090223245552	0.005506090223245552	0.009328486133286192
-0.29494247702179066	-0.29309761885087937	-0.00184485817091129	0.00184485817091129	0.006254976189051908
3.602732929187235	3.5994861464132555	0.0032467827739797173	0.0032467827739797173	0.0009011999606399303
-0.6163931910851392	-0.6131093050498748	-0.003283886035264416	0.003283886035264416	0.005327583241929144
1.8179344468694958	1.8206685417681001	-0.0027340948986043223	0.0027340948986043223	0.00150395681390628
0.5595767724154871	0.5614365454675863	-0.0018597730520991673	0.0018597730520991673	0.003323535113995549
-0.9022973294150404	-0.9069175903277937	0.00462026091275336	0.00462026091275336	0.0051205525741150944
1.3560091175234419	1.354006320980261	0.002002796543180807	0.002002796543180807	0.0014769786702014441
-0.38569344265102534	-0.3808316596405348	-0.004861783010490561	0.004861783010490561	0.012605303779793563
-0.24370893603605148	-0.24657483118062373	0.0028658951445722503	0.0028658951445722503	0.011759499635861948
2.266861803310956	2.2623995355388615	0.004462267772094464	0.004462267772094464	0.001968478080832682
-0.791446938375375	-0.783333398430841	-0.00811353994453401	0.00811353994453401	0.010251527362262461
0.7080795556498909	0.7141061378206359	-0.006026582170745032	0.006026582170745032	0.00851116533821359
-0.8142609945911718	-0.819896569737466	0.005635575146294203	0.005635575146294203	0.006921091865788979
-2.8782793489329404	-2.884661314965342	0.00638196603240182	0.00638196603240182	0.0022172851411270404
-0.571412374342514	-0.5743319743487518	0.0029196000062378102	0.0029196000062378102	0.005109444837622214
-0.3973540620892836	-0.3968466662627179	-0.0005073958265656708	0.0005073958265656708	0.0012769363018407028
0.05240456787399454	0.05379331196309067	-0.0013887440890961306	0.0013887440890961306	0.02650043966463631
2.4931885788719543	2.4975583837658633	-0.004369804893908924	0.004369804893908924	0.0017526973013353231
3.267692533068876	3.266861334850546	0.0008311982183299982	0.0008311982183299982	0.0002543685520954974
-2.965964285327341	-2.9636718245455995	-0.00229246078174139	0.00229246078174139	0.0007729225847668562
-1.4351348969178026	-1.4336715594254201	-0.0014633374923824771	0.0014633374923824771	0.0010196515292919463
-1.120571130646053	-1.1284813735983334	0.007910242952280377	0.007910242952280377	0.007059117209025198
1.1874599200923854	1.1865077758557163	0.0009521442366691169	0.0009521442366691169	0.0008018327360430314
-1.0342867799253663	-1.0383723019913305	0.004085522065964131	0.004085522065964131	0.003950086325437651
-0.19990409841607248	-0.19492777209961787	-0.004976326316454616	0.004976326316454616	0.024893568245394782
1.421174133346706	1.417939092789311	0.003235040557395097	0.003235040557395097	0.0022763153940727433
-2.498997164377422	-2.4984297724586213	-0.0005673919188007304	0.0005673919188007304	0.00022704784418676416
-0.7515307008247221	-0.7488432675017975	-0.0026874333229245373	0.0026874333229245373	0.0035759461589198894
0.3503839917788796	0.3577134066290455	-0.007329414850165916	0.007329414850165916	0.02091823548488872
0.4791729598863701	0.48067526404338423	-0.0015023041570141338	0.0015023041570141338	0.0031352022813857998
-2.046166848447767	-2.0420247201400343	-0.004142128307732751	0.004142128307732751	0.002024335557422891
4.279677271708515	4.2682737730501685	0.011403498658346223	0.011403498658346223	0.0026645697641106865
-1.0009132132228542	-1.0013651808549184	0.00045196763206423185	0.00045196763206423185	0.00045155526582463137
-2.062380588540521	-2.070426044156193	0.008045455615671937	0.008045455615671937	0.0039010528223432524
-1.8125343968723593	-1.8101074711012188	-0.0024269257711404535	0.0024269257711404535	0.001338968118524131
2.1530985722444416	2.158189832698554	-0.005091260454112234	0.005091260454112234	0.0023646202360373043
0.7880663300201398	0.7937209302326664	-0.005654600212526617	0.005654600212526617	0.007175284613900594
-0.08850847460144176	-0.09522834079689346	0.006719866195451701	0.006719866195451701	0.07592342118324383
0.7311689049770862	0.7322568581002997	-0.0010879531232135253	0.0010879531232135253	0.0014879641568559597
0.2200345927817954	0.22160644039104227	-0.0015718476092468625	0.0015718476092468625	0.007143638595071445
-0.7776546440433627	-0.7791932821419323	0.001538638098569578	0.001538638098569578	0.0019785622195600005
-0.3573996904789013	-0.35433945777185727	-0.0030602327070440305	0.0030602327070440305	0.008562494004802973
0.8801107198654421	0.8711368463991676	0.00897387346627454	0.00897387346627454	0.010196300605958455
-0.06450366701081671	-0.07035672206257004	0.005853055051753334	0.005853055051753334	0.09073988073843657
-0.22840962794738812	-0.2254871706099948	-0.002922457337393325	0.002922457337393325	0.012794808010748495
0.3838996516310206	0.3844580478471471	-0.0005583962161265221	0.0005583962161265221	0.0014545369180569518
1.0715865489054315	1.065721635313821	0.0058649135916104544	0.0058649135916104544	0.0054731123655864765
2.1376366654438024	2.139453112249612	-0.0018164468058095018	0.0018164468058095018	0.0008497453450221311
-0.5155276102870977	-0.5200667710596463	0.004539160772548567	0.004539160772548567	0.00880488393244487
1.552129178342685	1.558129353725235	-0.006000175382550044	0.006000175382550044	0.003865770624167277
-0.044275879426566044	-0.046117082092678174	0.0018412026661121308	0.0018412026661121308	0.04158477911581329
1.2335743818196663	1.2291435123188421	0.004430869500824164	0.004430869500824164	0.003591894875676742
1.4155265247694422	1.420007145497948	-0.0044806207285057464	0.0044806207285057464	0.003165338586103528
-0.470284311094937	-0.469615901238285	-0.000668409856652008	0.000668409856652008	0.0014212888690583495
1.9706330838008013	1.9669222056108993	0.0037108781899020116	0.0037108781899020116	0.001883089358646493
-0.18445909027228646	-0.1794662184693152	-0.004992871802971255	0.004992871802971255	0.02706763757536212
-2.454095823463412	-2.4550480611651437	0.0009522377017319172	0.0009522377017319172	0.00038801977193704074
-0.43303961365125393	-0.43993199869873933	0.006892385047485405	0.006892385047485405	0.01591629225181267
-3.001145901881939	-3.0053413520363392	0.004195450154400149	0.004195450154400149	0.0013979494138453227
-0.17630680992571524	-0.180793113031541	0.004486303105825762	0.004486303105825762	0.025446000116025082
0.21606395447031956	0.21850148914381862	-0.0024375346734990533	0.0024375346734990533	0.011281542446423633
1.7269908021823879	1.7319224843959091	-0.004931682213521249	0.004931682213521249	0.002855650538085734
2.024192320960164	2.0271393568691565	-0.002947035908992479	0.002947035908992479	0.0014559070689461808
3.801844765271797	3.8025771882530535	-0.0007324229812564198	0.0007324229812564198	0.00019264936536777779
0.7887484219959191	0.7929724815767258	-0.004224059580806738	0.004224059580806738	0.005355395285758928
0.048379891241697594	0.052071820391574875	-0.0036919291498772808	0.0036919291498772808	0.07631123293421722
-0.9018705122035496	-0.9026574134622933	0.0007869012587436996	0.0007869012587436996	0.0008725213299424278
0.16137486016921884	0.15929784422041848	0.0020770159488003592	0.0020770159488003592	0.01287075289560211
-1.0053124309410335	-1.0063825830002315	0.0010701520591980263	0.0010701520591980263	0.0010644969924387575
-3.128662827766173	-3.1277953366952715	-0.0008674910709016714	0.0008674910709016714	0.0002772721506462393
-1.3282601290729974	-1.3301837025210261	0.001923573448028737	0.001923573448028737	0.0014481903099592497
0.1597213497675713	0.16189128837140743	-0.00216993860383613	0.00216993860383613	0.013585776773072947
1.907729111195365	1.9054804142797366	0.0022486969156283454	0.0022486969156283454	0.0011787296752101945
-0.6980020902929869	-0.7038556741463253	0.005853583853338451	0.005853583853338451	0.008386198171528978
-2.0771096442709194	-2.082035372950486	0.004925728679566532	0.004925728679566532	0.0023714341191148334
-0.18471728948374017	-0.18523402832215652	0.0005167388384163529	0.0005167388384163529	0.00279745788745909
0.26890106518116	0.2745883393799886	-0.005687274198828585	0.005687274198828585	0.02115006199397923
-0.3537554430390677	-0.3467507995082997	-0.007004643530768018	0.007004643530768018	0.01980080778571779
-1.8916132979141627	-1.8928272274933988	0.0012139295792361615	0.0012139295792361615	0.0006417429929123109
-0.11911921030018517	-0.1234323517564917	0.004313141456306527	0.004313141456306527	0.03620861358497288
-0.30938087641709344	-0.30709709790244233	-0.0022837785146511136	0.0022837785146511136	0.007381770137505932
1.2914750291760229	1.2990015511604724	-0.007526521984449586	0.007526521984449586	0.0058278494081698195
-0.4143707914466323	-0.40918564263847657	-0.005185148808155737	0.005185148808155737	0.012513306717526068
-0.26536346484314133	-0.2602366057544714	-0.005126859088669944	0.005126859088669944	0.019320139235069436
0.44296847824906466	0.44565703137777746	-0.0026885531287128006	0.0026885531287128006	0.0060694005572133
1.7110858489456797	1.7155691457446665	-0.004483296798986736	0.004483296798986736	0.002620147201701896
3.331713971988701	3.329390674480237	0.0023232975084637175	0.0023232975084637175	0.0006973280203513211
0.07803196946738691	0.08158863238350023	-0.0035566629161133123	0.0035566629161133123	0.04557956104901085
0.5152299739231833	0.508180441102013	0.007049532821170268	0.007049532821170268	0.013682303394525136
0.6416602565225709	0.6369354196067434	0.0047248369158274794	0.0047248369158274794	0.007363455766192182
-0.3602542193388537	-0.36158169859845657	0.0013274792596028595	0.0013274792596028595	0.003684840283173027
