Analytic	Finite_differences	Diff	Abs_diff	Norm_diff
-3.9074997822762594	-3.9074998539945227	7.171826332807996e-08	7.171826332807996e-08	1.8354003153981363e-08
4.200318917782302	4.200318962830352	-4.504804973493037e-08	4.504804973493037e-08	1.0724911754728136e-08
-0.4149945372211882	-0.4149945561948698	1.8973681625844563e-08	1.8973681625844563e-08	4.572031659234051e-08
9.2653678670708	9.265367762054666	1.0501613445512703e-07	1.0501613445512703e-07	1.1334264970563695e-08
-5.262523572218276	-5.26252349573042	-7.648785604885688e-08	7.648785604885688e-08	1.4534444359099653e-08
0.04100607680526745	0.04100607839063741	-1.5853699603107785e-09	1.5853699603107785e-09	3.8661829753660536e-08
-6.06363453231965	-6.0636342050202074	-3.2729944265952327e-07	3.2729944265952327e-07	5.397743563121943e-08
4.2017836573728955	4.201783299322415	3.5805048081982704e-07	3.5805048081982704e-07	8.521392580304645e-08
0.044972817247664734	0.044972821342526004	-4.094861269510197e-09	4.094861269510197e-09	9.105191802772435e-08
-3.6868468213428027	-3.6868469260298298	1.046870270471345e-07	1.046870270471345e-07	2.8394731899657818e-08
-0.11489826243940601	-0.11489826647448353	4.035077522113184e-09	4.035077522113184e-09	3.511869924265536e-08
-1.1844279481852535	-1.184428028864204	8.06789504093075e-08	8.06789504093075e-08	6.811638524143362e-08
2.065857803199013	2.0658578068832867	-3.6842737749509524e-09	3.6842737749509524e-09	1.7834111182511193e-09
2.0491066645737095	2.0491066607064568	3.8672527402638934e-09	3.8672527402638934e-09	1.8872871808595803e-09
-2.5783768975735937	-2.5783768978726584	2.9906477294616707e-10	2.9906477294616707e-10	1.1598954878458803e-10
-0.03151122518797132	-0.031511226552538574	1.3645672508610929e-09	1.3645672508610929e-09	4.3304163602689264e-08
-0.47803839894960737	-0.47803840516280616	6.213198788795893e-09	6.213198788795893e-09	1.299727972156241e-08
7.842543402348592	7.842543554943404	-1.5259481234153327e-07	1.5259481234153327e-07	1.9457311807268542e-08
-0.09699557223935482	-0.09699558177089784	9.531543027074818e-09	9.531543027074818e-09	9.826781580868396e-08
-6.44292695260682	-6.442927074203908	1.215970879542283e-07	1.215970879542283e-07	1.8872957717614647e-08
-1.2588384968058246	-1.2588384788614349	-1.794438975188939e-08	1.794438975188939e-08	1.4254719566824071e-08
1.7822123436769017	1.782212384568993	-4.089209126867388e-08	4.089209126867388e-08	2.2944567415748542e-08
0.6347703774475263	0.6347703765641199	8.834063480733789e-10	8.834063480733789e-10	1.391694350365942e-09
-0.7646196858138489	-0.7646196900168434	4.20299450798467e-09	4.20299450798467e-09	5.496843183563958e-09
-2.4741450811711543	-2.474145135238359	5.4067204935392965e-08	5.4067204935392965e-08	2.1852883788771136e-08
-1.6391768702106493	-1.639176925891661	5.56810118013118e-08	5.56810118013118e-08	3.396888573357937e-08
3.377257592095826	3.377257671672851	-7.957702496952379e-08	7.957702496952379e-08	2.35626163535073e-08
-0.39184413110782124	-0.3918441279893159	-3.1185053428472997e-09	3.1185053428472997e-09	7.958535282972506e-09
1.3887392736920072	1.3887392833566992	-9.664691935640235e-09	9.664691935640235e-09	6.959327872932078e-09
-0.2753796547769686	-0.27537964797375025	-6.803218322026794e-09	6.803218322026794e-09	2.4704869092586944e-08
0.22875849903796103	0.22875849936099257	-3.2303154595680894e-10	3.2303154595680894e-10	1.4121072979378304e-09
-0.4140306766839068	-0.41403066916245734	-7.521449463254726e-09	7.521449463254726e-09	1.81664062274231e-08
-6.4187259327057715	-6.418726056836022	1.2413025007873557e-07	1.2413025007873557e-07	1.9338767752373763e-08
0.7761688543262452	0.7761688448226778	9.503567377500133e-09	9.503567377500133e-09	1.2244200890732368e-08
-3.3160260001169197	-3.316026063657773	6.354085346771399e-08	6.354085346771399e-08	1.9161747665872825e-08
0.5768515191948699	0.5768515256932005	-6.498330651361073e-09	6.498330651361073e-09	1.1265170386360429e-08
5.896492493976184	5.896492602914805	-1.0893862079086603e-07	1.0893862079086603e-07	1.8475156358149692e-08
0.09091108064753134	0.09091107131098397	9.336547368565817e-09	9.336547368565817e-09	1.026997732516707e-07
0.48734866838916324	0.4873486795986537	-1.1209490446972836e-08	1.1209490446972836e-08	2.3000966605743765e-08
3.4998267206101477	3.4998267710761866	-5.046603890335177e-08	5.046603890335177e-08	1.441958214849954e-08
-3.574213994827251	-3.5742140335059958	3.8678744651576835e-08	3.8678744651576835e-08	1.0821608529191116e-08
4.63864464629541	4.638644713850226	-6.755481596343316e-08	6.755481596343316e-08	1.4563481601761601e-08
1.8812661373016955	1.881266143755056	-6.4533605126371185e-09	6.4533605126371185e-09	3.4303283223357166e-09
-1.1677967802612408	-1.1677967859213823	5.660141466634627e-09	5.660141466634627e-09	4.846854831513092e-09
-0.7048578080270158	-0.7048578072499367	-7.770790677597006e-10	7.770790677597006e-10	1.1024621688377704e-09
-0.6185943352994175	-0.6185943311720621	-4.127355457406168e-09	4.127355457406168e-09	6.67215204194912e-09
-0.6805295952313687	-0.6805296015954809	6.364112237200459e-09	6.364112237200459e-09	9.35170532155441e-09
-4.287434221624743	-4.287434303478221	8.185347866174197e-08	8.185347866174197e-08	1.9091483257957304e-08
-6.2395388941708	-6.239539015950868	1.2178006780771966e-07	1.2178006780771966e-07	1.951747875495911e-08
0.26850453334334545	0.2685045410544262	-7.711080773908918e-09	7.711080773908918e-09	2.87186241434833e-08
0.8009482838683856	0.8009482826309977	1.2373878588434195e-09	1.2373878588434195e-09	1.5449035646435707e-09
-2.059348586158309	-2.059348589682486	3.5241769502647458e-09	3.5241769502647458e-09	1.7113066597622782e-09
-2.197621570327537	-2.1976216521579772	8.183044020171337e-08	8.183044020171337e-08	3.723591054374172e-08
1.3212746391259416	1.3212746489443816	-9.818440060982425e-09	9.818440060982425e-09	7.43103649327409e-09
-1.5275077917509576	-1.5275077976184548	5.867497154810053e-09	5.867497154810053e-09	3.841222405866903e-09
1.209293442529748	1.209293445754156	-3.2244080738763614e-09	3.2244080738763614e-09	2.6663570316987334e-09
-1.5573237255668273	-1.5573237351418356	9.57500834175562e-09	9.57500834175562e-09	6.148373767484056e-09
-0.3587188007748749	-0.3587188075471204	6.772245486619255e-09	6.772245486619255e-09	1.8878981174085123e-08
0.33318497182844053	0.3331849848109414	-1.2982500852132262e-08	1.2982500852132262e-08	3.8964845205614646e-08
-5.072735790973276	-5.072735884823487	9.385021115804193e-08	9.385021115804193e-08	1.850090661631629e-08
-0.02574161612708661	-0.025741601348272525	-1.477881408570858e-08	1.477881408570858e-08	5.741214542531219e-07
0.5212706421147763	0.5212706446400261	-2.525249898077675e-09	2.525249898077675e-09	4.844412276572544e-09
1.0973962218989157	1.0973962298521656	-7.953249836489817e-09	7.953249836489817e-09	7.2473821923021105e-09
1.772149418585339	1.7721494532452198	-3.465988074324855e-08	3.465988074324855e-08	1.9558102934072364e-08
0.5931348757717085	0.5931348641752265	1.1596481996889452e-08	1.1596481996889452e-08	1.9551172036211234e-08
-0.2089849771814636	-0.20898497950838646	2.326922848849833e-09	2.326922848849833e-09	1.1134402483051898e-08
-2.9519096404008702	-2.9519097006414086	6.024053833542098e-08	6.024053833542098e-08	2.0407311088031914e-08
5.350346092757959	5.350346154955332	-6.21973734737935e-08	6.21973734737935e-08	1.1624925265672383e-08
-0.41194587908971436	-0.4119458526474773	-2.644223706660398e-08	2.644223706660398e-08	6.418861896381621e-08
-0.3430572959060121	-0.34305729514017	-7.658420564382595e-10	7.658420564382595e-10	2.2324027664698856e-09
-1.1610094327674831	-1.1610094315983588	-1.1691243528844097e-09	1.1691243528844097e-09	1.006989538489436e-09
-0.10876513515004119	-0.10876513442781288	-7.222283049390654e-10	7.222283049390654e-10	6.640255665960913e-09
0.44318189288174614	0.44318190703052096	-1.4148774818423249e-08	1.4148774818423249e-08	3.192543523477967e-08
0.08710317020718623	0.08710317160876002	-1.4015737875849865e-09	1.4015737875849865e-09	1.6090961835845477e-08
-2.768905070925894	-2.768905119410192	4.8484297909823226e-08	4.8484297909823226e-08	1.7510278130846343e-08
-0.01671485105105219	-0.01671483914833516	-1.1902717030748411e-08	1.1902717030748411e-08	7.121042834539134e-07
-0.40808777712449795	-0.40808778521750355	8.093005599008052e-09	8.093005599008052e-09	1.9831531480883012e-08
0.39579308058077256	0.3957930675824173	1.2998355281013119e-08	1.2998355281013119e-08	3.284128985261642e-08
4.645586597735335	4.645586718652339	-1.209170044091934e-07	1.209170044091934e-07	2.6028360867955603e-08
-1.4682796302391923	-1.4682796609122306	3.0673038331485714e-08	3.0673038331485714e-08	2.0890460985615443e-08
3.1605694366167474	3.1605694675818086	-3.096506118183129e-08	3.096506118183129e-08	9.797304505664665e-09
-0.11469721799412136	-0.11469722267065663	4.676535270142779e-09	4.676535270142779e-09	4.077287445962698e-08
1.1096496408642107	1.1096496382378973	2.6263133889870005e-09	2.6263133889870005e-09	2.366795150712247e-09
-0.22480444164043265	-0.22480444386019371	2.219761069399695e-09	2.219761069399695e-09	9.874186885284634e-09
0.1292301989453862	0.12923018402943853	1.491594767144555e-08	1.491594767144555e-08	1.1542153299438283e-07
0.10968996716321705	0.10968997230520472	-5.141987668988435e-09	5.141987668988435e-09	4.687746566043942e-08
-0.5194521749048396	-0.5194521827434073	7.838567683826625e-09	7.838567683826625e-09	1.5090066155296396e-08
-0.5426845521088813	-0.5426845427791704	-9.329710892735932e-09	9.329710892735932e-09	1.7191775325979922e-08
9.406693380427932	9.406693557139079	-1.7671114704853608e-07	1.7671114704853608e-07	1.878568163135951e-08
-0.9230586039611293	-0.9230585965269711	-7.434158177943573e-09	7.434158177943573e-09	8.053831193427272e-09
-0.9063923257858214	-0.9063923471330781	2.1347256740078535e-08	2.1347256740078535e-08	2.355189483932463e-08
-0.40773904111326853	-0.4077390303791617	-1.0734106825616152e-08	1.0734106825616152e-08	2.6325923552251286e-08
-1.2383945068079842	-1.2383944931571023	-1.3650881980353802e-08	1.3650881980353802e-08	1.1023047910265319e-08
0.7575241533650139	0.757524098844442	5.452057183497061e-08	5.452057183497061e-08	7.197205738296744e-08
0.08515141994095154	0.0851513868838083	3.305714324497444e-08	3.305714324497444e-08	3.8821599531632e-07
0.18008789670272435	0.1800878590074717	3.769525264152307e-08	3.769525264152307e-08	2.0931585815424108e-07
1.0398616798360416	1.0398616768725333	2.9635083276247087e-09	2.9635083276247087e-09	2.849906276084695e-09
-1.426239051080958	-1.426239045940747	-5.140210923570976e-09	5.140210923570976e-09	3.6040318203846467e-09
-0.22757017795535942	-0.2275701763210236	-1.6343358055781465e-09	1.6343358055781465e-09	7.181678286065852e-09
-1.0453972751574199	-1.0453972481627716	-2.6994648294476065e-08	2.6994648294476065e-08	2.582238249129845e-08
-1.0519312957950488	-1.0519312945689308	-1.226118095942752e-09	1.226118095942752e-09	1.1655876204501102e-09
4.100550830719425	4.100550909242884	-7.85234588462913e-08	7.85234588462913e-08	1.914949041919685e-08
-1.4682582991134956	-1.468258278691792	-2.0421703661455126e-08	2.0421703661455126e-08	1.3908794980954873e-08
1.2588692831415154	1.2588693061843514	-2.304283608367541e-08	2.304283608367541e-08	1.8304391402872175e-08
-0.4022309094897082	-0.4022309030915494	-6.398158780562824e-09	6.398158780562824e-09	1.5906681037217833e-08
-0.24824237838482438	-0.2482423906258191	1.2240994717860332e-08	1.2240994717860332e-08	4.9310656776275276e-08
-0.8762612712610585	-0.8762612742430065	2.981948021840708e-09	2.981948021840708e-09	3.4030352814170157e-09
0.44131480244370436	0.44131481445219833	-1.200849397697823e-08	1.200849397697823e-08	2.7210721032884626e-08
-2.1406124814652014	-2.140612582479662	1.0101446035193362e-07	1.0101446035193362e-07	4.718951292052239e-08
-2.386304982063486	-2.3863050091676996	2.7104213540241062e-08	2.7104213540241062e-08	1.1358235323635583e-08
2.2834202079421426	2.283420244566514	-3.662437153550968e-08	3.662437153550968e-08	1.6039260495340976e-08
-0.561652803476115	-0.5616528051177738	1.6416588088929984e-09	1.6416588088929984e-09	2.92290681846977e-09
-3.472124055285686	-3.4721240581347956	2.849109836944308e-09	2.849109836944308e-09	8.205668321692163e-10
-0.8882939462940601	-0.8882939482646179	1.9705578280238e-09	1.9705578280238e-09	2.2183623295474627e-09
0.40366644567413046	0.4036664540763013	-8.402170847965351e-09	8.402170847965351e-09	2.081463777335659e-08
0.6726680780552575	0.6726680794599815	-1.404724003783997e-09	1.404724003783997e-09	2.088287001585057e-09
-7.132962014234024	-7.132962155083078	1.4084905419764482e-07	1.4084905419764482e-07	1.9746222385115274e-08
-0.26688633948477686	-0.26688633170124376	-7.783533095828687e-09	7.783533095828687e-09	2.9164224406744726e-08
1.3765058144163282	1.3765058429271448	-2.8510816596494237e-08	2.8510816596494237e-08	2.0712456349909072e-08
0.07358297241062049	0.07358296898019034	3.4304301482768196e-09	3.4304301482768196e-09	4.661989093256164e-08
5.022558184867053	5.022558284508705	-9.964165137432701e-08	9.964165137432701e-08	1.9838824699840588e-08
0.2583588907962847	0.25835888664005324	4.156231470098248e-09	4.156231470098248e-09	1.6087046423246282e-08
-0.1534644602438288	-0.1534644434286747	-1.68151540747008e-08	1.68151540747008e-08	1.0957034643711251e-07
1.8684032647215036	1.8684032738747192	-9.1532155188645e-09	9.1532155188645e-09	4.898950719950085e-09
-8.69239483118092	-8.69239497660601	1.454250906363086e-07	1.454250906363086e-07	1.673015244482994e-08
1.1660453858269448	1.166045353784284	3.2042660746967044e-08	3.2042660746967044e-08	2.747977148783346e-08
-0.1975999351594159	-0.19759993392653996	-1.2328759402269185e-09	1.2328759402269185e-09	6.239252757002589e-09
-0.5484282926377109	-0.548428292859171	2.2146018352486863e-10	2.2146018352486863e-10	4.0380882331897524e-10
-0.1810701462901398	-0.18107014966517454	3.3750347516736667e-09	3.3750347516736667e-09	1.8639377174112632e-08
0.30645816899987494	0.3064581596845528	9.315322124781034e-09	9.315322124781034e-09	3.039671663895125e-08
0.49912145747661624	0.49912146096176	-3.4851437846761257e-09	3.4851437846761257e-09	6.982556514992955e-09
4.289916065960288	4.289916150810313	-8.485002567226729e-08	8.485002567226729e-08	1.977894773875344e-08
0.8251002468333514	0.8251002509496175	-4.116266105747002e-09	4.116266105747002e-09	4.9888072649896805e-09
0.017016812325112488	0.017016818674164824	-6.349052335957728e-09	6.349052335957728e-09	3.731046811034133e-07
-0.11264128307478447	-0.11264127806498436	-5.009800102540041e-09	5.009800102540041e-09	4.4475701676923805e-08
-1.5795183796025472	-1.5795184117450844	3.214253729844074e-08	3.214253729844074e-08	2.034958105807464e-08
0.14632755273274956	0.14632753845944535	1.4273304205225656e-08	1.4273304205225656e-08	9.754351753079754e-08
-0.022712596784764026	-0.02271259745612042	6.713563940885514e-10	6.713563940885514e-10	2.9558768662635177e-08
-0.6262204515726433	-0.6262204442464281	-7.3262151900621575e-09	7.3262151900621575e-09	1.1699099209653163e-08
2.7836068896311934	2.783606946650252	-5.7019058807838974e-08	5.7019058807838974e-08	2.0483876160902e-08
-5.478874947159306	-5.478875054905075	1.0774576875149933e-07	1.0774576875149933e-07	1.9665674028089195e-08
-2.01688300285279	-2.0168830087641254	5.911335421160402e-09	5.911335421160402e-09	2.93092629210474e-09
-0.017276529357128034	-0.017276524886256084	-4.47087195043494e-09	4.47087195043494e-09	2.5878299153818916e-07
0.025685343879568938	0.02568534000602085	3.873548086452683e-09	3.873548086452683e-09	1.50807717607933e-07
0.07125585613951588	0.07125584943423746	6.705278415841676e-09	6.705278415841676e-09	9.410143641686139e-08
-0.20196073673238957	-0.2019607291003922	-7.631997367418819e-09	7.631997367418819e-09	3.7789510431087835e-08
3.806571797304818	3.806571871791675	-7.448685712674319e-08	7.448685712674319e-08	1.9567963273274503e-08
1.5143535413275222	1.514353516540723	2.478679927975236e-08	2.478679927975236e-08	1.6367907891590227e-08
-1.3908822174629023	-1.3908822347730165	1.7310114230895124e-08	1.7310114230895124e-08	1.2445420621215772e-08
-0.1459683960607046	-0.14596839264413575	-3.4165688611587086e-09	3.4165688611587086e-09	2.340622321929086e-08
-1.8007676967781676	-1.8007677272180445	3.0439876841370506e-08	3.0439876841370506e-08	1.6903833235031827e-08
0.06020247448239023	0.06020248747518053	-1.2992790301979973e-08	1.2992790301979973e-08	2.1581821035911873e-07
-0.8690139976224202	-0.8690139884492964	-9.17312370507517e-09	9.17312370507517e-09	1.0555783600922871e-08
3.5340398934352626	3.534039992700855	-9.926559219053388e-08	9.926559219053388e-08	2.8088418689026962e-08
-0.3888101808275171	-0.38881017644598614	-4.3815309713757244e-09	4.3815309713757244e-09	1.1269074698739556e-08
3.735364345561301	3.7353643756432575	-3.00819564813537e-08	3.00819564813537e-08	8.053285757010507e-09
-0.3513759291361578	-0.351375933860254	4.724096225316998e-09	4.724096225316998e-09	1.3444564165026842e-08
-0.7973249851555266	-0.7973249830683926	-2.087134021167003e-09	2.087134021167003e-09	2.6176704104661734e-09
-0.9222206121809835	-0.922220610846125	-1.3348584460004531e-09	1.3348584460004531e-09	1.4474393961371256e-09
0.4515706080303078	0.451570608674956	-6.446482236910356e-10	6.446482236910356e-10	1.427569049506803e-09
0.37518400189067874	0.3751840040422394	-2.1515606518640595e-09	2.1515606518640595e-09	5.7346812258028585e-09
0.5664827848186351	0.5664827858709032	-1.0522680504720938e-09	1.0522680504720938e-09	1.857546387414028e-09
1.0921867987312253	1.0921867897195625	9.011662749358607e-09	9.011662749358607e-09	8.251026985335568e-09
3.3030137659843546	3.3030138274625642	-6.147820963420259e-08	6.147820963420259e-08	1.8612762159009964e-08
0.928914473934915	0.9289144691138063	4.8211087344540715e-09	4.8211087344540715e-09	5.190045875840089e-09
-6.386820947113886	-6.386821069099824	1.2198593779544353e-07	1.2198593779544353e-07	1.9099633261296804e-08
0.2928955309250145	0.29289553367561894	-2.7506044109060213e-09	2.7506044109060213e-09	9.391076750878168e-09
-0.9345755991602247	-0.9345755870526773	-1.2107547409101471e-08	1.2107547409101471e-08	1.2955128959049293e-08
-1.0220904417121215	-1.0220904368907213	-4.821400167998036e-09	4.821400167998036e-09	4.71719524147161e-09
1.2938507534986898	1.2938507779836073	-2.4484917426903507e-08	2.4484917426903507e-08	1.892406628870762e-08
6.135521488011821	6.1355216212177766	-1.3320595559918047e-07	1.3320595559918047e-07	2.1710616751885106e-08
-1.2604440606578207	-1.2604440644281567	3.770336043373845e-09	3.770336043373845e-09	2.991275980471614e-09
-1.681580379873937	-1.6815803792269435	-6.469935698305562e-10	6.469935698305562e-10	3.847532818378027e-10
-0.4725708084297975	-0.47257080950657837	1.0767808866773976e-09	1.0767808866773976e-09	2.2785598845074626e-09
1.0685374365410307	1.0685374354579835	1.0830472074729869e-09	1.0830472074729869e-09	1.0135790945976829e-09
0.3182875147482447	0.31828752071305644	-5.964811755632127e-09	5.964811755632127e-09	1.8740325897954568e-08
-4.184451051282867	-4.184451131550304	8.026743714140139e-08	8.026743714140139e-08	1.9182309975114426e-08
0.5853296095663334	0.5853295988345053	1.0731828092858109e-08	1.0731828092858109e-08	1.8334674886529737e-08
0.01659497101106273	0.016594972294114996	-1.2830522651274823e-09	1.2830522651274823e-09	7.731572801616582e-08
-0.49867533321434426	-0.49867532652569935	-6.6886449157088634e-09	6.6886449157088634e-09	1.3412824878654868e-08
3.7485203005432375	3.7485203756659757	-7.512273825227567e-08	7.512273825227567e-08	2.0040637966236662e-08
0.12181953619318767	0.12181953934486955	-3.1516818876919928e-09	3.1516818876919928e-09	2.5871727854010987e-08
0.8563590714219236	0.856359065437573	5.984350570642505e-09	5.984350570642505e-09	6.988132397203331e-09
-1.4077556682300656	-1.407755707987235	3.975716933446449e-08	3.975716933446449e-08	2.8241526730593912e-08
0.23801652373797835	0.23801650968380272	1.4054175628830379e-08	1.4054175628830379e-08	5.904705861640928e-08
1.1399084428034936	1.139908495133568	-5.233007449589877e-08	5.233007449589877e-08	4.590726108423064e-08
-0.0024920118375017777	-0.0024920109353843145	-9.021174631959616e-10	9.021174631959616e-10	3.6200368297621225e-07
-2.3690020900280744	-2.369002090745198	7.171236937608683e-10	7.171236937608683e-10	3.027112963637655e-10
0.3857150997389925	0.38571510685869725	-7.11970477018653e-09	7.11970477018653e-09	1.8458454893273106e-08
0.2838611958837879	0.2838612090272363	-1.3143448440722239e-08	1.3143448440722239e-08	4.6302378173954906e-08
0.8751093547031035	0.875109353728476	9.746274898247975e-10	9.746274898247975e-10	1.1137207991056813e-09
0.8967794655591214	0.8967794792624773	-1.3703355894456593e-08	1.3703355894456593e-08	1.5280630769029558e-08
-0.7162217824513019	-0.7162217752920697	-7.159232207065713e-09	7.159232207065713e-09	9.995831434451649e-09
2.4299693677866228	2.429969413242361	-4.5455738284516656e-08	4.5455738284516656e-08	1.8706300946468622e-08
-0.9817171316569937	-0.9817171257964219	-5.860571805627046e-09	5.860571805627046e-09	5.969715324958489e-09
1.0276300569486982	1.02763007816975	-2.1221051804687363e-08	2.1221051804687363e-08	2.065047792363937e-08
0.1883319545136995	0.18833194644685136	8.06684813392522e-09	8.06684813392522e-09	4.283313553854945e-08
1.0458502584071392	1.0458502492838306	9.123308553071752e-09	9.123308553071752e-09	8.723341109048268e-09
6.075448118326538	6.075448272895301	-1.5456876312214263e-07	1.5456876312214263e-07	2.5441541119557463e-08
-1.608107788351156	-1.6081078229035484	3.4552392280673416e-08	3.4552392280673416e-08	2.1486365858659935e-08
3.7742472368168607	3.7742473068647087	-7.004784796649233e-08	7.004784796649233e-08	1.8559422202974058e-08
-0.9063367369834435	-0.9063367406270117	3.6435682249091883e-09	3.6435682249091883e-09	4.020104312483305e-09
0.8641491205439573	0.8641491194794071	1.064550225748917e-09	1.064550225748917e-09	1.2319056982651477e-09
1.715297823675435	1.7152978261947283	-2.5192932184836536e-09	2.5192932184836536e-09	1.4687205823449753e-09
0.6349772065481303	0.6349772047542501	1.793880155531724e-09	1.793880155531724e-09	2.8251095268185043e-09
-0.058647328966749235	-0.058647328842198476	-1.245507585956318e-10	1.245507585956318e-10	2.1237243160084453e-09
0.24964865546517184	0.24964866042864742	-4.963475574992771e-09	4.963475574992771e-09	1.988184380862896e-08
0.252511643227739	0.2525116360629909	7.1647481281189584e-09	7.1647481281189584e-09	2.837393173849456e-08
6.1807865988674635	6.180786713230191	-1.1436272728815311e-07	1.1436272728815311e-07	1.8502940598063743e-08
-1.5254782747294633	-1.525478246549028	-2.818043531860326e-08	2.818043531860326e-08	1.8473180369350676e-08
-4.647091242283288	-4.647091336664744	9.438145553986033e-08	9.438145553986033e-08	2.0309791785686398e-08
0.05537639417984541	0.055376385716954246	8.46289116562815e-09	8.46289116562815e-09	1.5282488668625292e-07
-1.7105347163174336	-1.7105347023971262	-1.3920307351256156e-08	1.3920307351256156e-08	8.137985869836556e-09
-2.2719416087940725	-2.271941671097011	6.230293836395617e-08	6.230293836395617e-08	2.7422772716868392e-08
-2.7040172645911738	-2.704017297219252	3.2628078461272025e-08	3.2628078461272025e-08	1.2066520021352429e-08
-4.042752261907641	-4.0427524254482705	1.6354062992718355e-07	1.6354062992718355e-07	4.0452795356303664e-08
0.7710719540706255	0.7710719501119456	3.95867982838638e-09	3.95867982838638e-09	5.1339953521688965e-09
0.3968258098914324	0.39682580336375395	6.527678453327468e-09	6.527678453327468e-09	1.6449732579424146e-08
0.5353354529301776	0.535335457243491	-4.313313373138783e-09	4.313313373138783e-09	8.057215993317292e-09
-0.3717884804166505	-0.3717884737852728	-6.631377724719556e-09	6.631377724719556e-09	1.7836426016448922e-08
0.3428472264832223	0.342847215506481	1.0976741293688974e-08	1.0976741293688974e-08	3.2016421443112176e-08
3.9653419299542905	3.9653419980822946	-6.812800412703268e-08	6.812800412703268e-08	1.7180864936865106e-08
-1.02012911838718	-1.020129111566348	-6.8208318992901695e-09	6.8208318992901695e-09	6.686243708123809e-09
2.630791040830337	2.630791091178253	-5.0347915614423755e-08	5.0347915614423755e-08	1.9137937917917196e-08
-0.6922249231710624	-0.6922249212948373	-1.876225175223567e-09	1.876225175223567e-09	2.7104270771249228e-09
0.24842850887200452	0.24842848233674886	2.6535255659432266e-08	2.6535255659432266e-08	1.0681244185667827e-07
-4.889310328726702	-4.889310444013972	1.1528727039689102e-07	1.1528727039689102e-07	2.3579454492698298e-08
-3.3686647342642546	-3.3686648384900764	1.042258217509584e-07	1.042258217509584e-07	3.0939802554652924e-08
-1.2965893756598281	-1.2965893756700098	1.0181633314232386e-11	1.0181633314232386e-11	7.852627443481095e-12
1.207597840926193	1.2075978384018526	2.5243402923535996e-09	2.5243402923535996e-09	2.0903815879775862e-09
-0.44037537373383934	-0.440375370089896	-3.643943313758058e-09	3.643943313758058e-09	8.274630079474968e-09
0.4594218997090488	0.4594218989950605	7.139883129170244e-10	7.139883129170244e-10	1.5541016076273075e-09
0.41710135197675896	0.4171013642917387	-1.2314979758176747e-08	1.2314979758176747e-08	2.9525149462624957e-08
-0.7716786723702618	-0.7716786876699189	1.5299657096790042e-08	1.5299657096790042e-08	1.9826460992884695e-08
-0.10018112730329647	-0.1001811278911191	5.878226377875606e-10	5.878226377875606e-10	5.867598554844953e-09
12.076300098815697	12.076300331500534	-2.3268483673177798e-07	2.3268483673177798e-07	1.926789122726397e-08
0.16764581129822276	0.16764580777817173	3.5200510284383313e-09	3.5200510284383313e-09	2.09969518545057e-08
4.146806942888942	4.146807018514664	-7.562572257313604e-08	7.562572257313604e-08	1.8237097510126702e-08
-0.47225910400187	-0.4722590892924927	-1.4709377271771018e-08	1.4709377271771018e-08	3.1146836867993494e-08
-0.18314946721403733	-0.18314947283215588	5.6181185537074185e-09	5.6181185537074185e-09	3.067504721235041e-08
-1.7446136722597365	-1.7446137189836008	4.672386433313136e-08	4.672386433313136e-08	2.678178273853121e-08
-3.742815800204802	-3.7428158793773036	7.917250144373611e-08	7.917250144373611e-08	2.1153192053801818e-08
6.764808297862267	6.7648083859239705	-8.80617037068987e-08	8.80617037068987e-08	1.301761998706259e-08
-0.04883024734498517	-0.048830247578735	2.337498250515324e-10	2.337498250515324e-10	4.786988347613569e-09
-1.0944862036514933	-1.0944862060568994	2.4054060965283952e-09	2.4054060965283952e-09	2.1977491251176386e-09
0.8517635125548495	0.8517635114912991	1.0635503588929396e-09	1.0635503588929396e-09	1.2486451265126856e-09
-0.11326842041486095	-0.11326841558911838	-4.825742569436464e-09	4.825742569436464e-09	4.260448368363863e-08
-0.7049253472822978	-0.7049253372315434	-1.0050754450929844e-08	1.0050754450929844e-08	1.4257899066445217e-08
5.0935777340169395	5.0935778290295275	-9.501258801947188e-08	9.501258801947188e-08	1.8653408857381324e-08
-0.051258725813160766	-0.051258721214253455	-4.598907310526812e-09	4.598907310526812e-09	8.971950116922404e-08
-5.3602289562421825	-5.3602290608978365	1.0465565392081544e-07	1.0465565392081544e-07	1.952447456538962e-08
0.3982822793812532	0.39828227727412013	2.1071330791322396e-09	2.1071330791322396e-09	5.2905519231379104e-09
2.121522433259741	2.121522475135862	-4.187612079320502e-08	4.187612079320502e-08	1.9738712226984057e-08
0.6711849619094582	0.6711849573548534	4.554604804418716e-09	4.554604804418716e-09	6.78591604832935e-09
-0.942619356763887	-0.942619353736518	-3.0273690221349625e-09	3.0273690221349625e-09	3.211655903744905e-09
2.088110058223518	2.0881100863334723	-2.8109954364197165e-08	2.8109954364197165e-08	1.3461912246192623e-08
0.07636682332113284	0.07636682312295306	1.9817977814362564e-10	1.9817977814362564e-10	2.595103076505524e-09
-3.4017031897434102	-3.401703261260991	7.151758074641634e-08	7.151758074641634e-08	2.102405082314395e-08
0.3380633069479131	0.3380633097549435	-2.8070303859095702e-09	2.8070303859095702e-09	8.303268435879265e-09
1.1460581252259965	1.1460581254141289	-1.8813239854864605e-10	1.8813239854864605e-10	1.6415607062822173e-10
-1.3355736682941628	-1.3355736609810265	-7.313136318742863e-09	7.313136318742863e-09	5.475651768489442e-09
0.05132929850267408	0.051329298003111035	4.995630437099052e-10	4.995630437099052e-10	9.732512586040499e-09
-0.2655715715288246	-0.2655715661603608	-5.3684637846274086e-09	5.3684637846274086e-09	2.021475323477809e-08
1.1563178962986376	1.1563179123186274	-1.6019989779181287e-08	1.6019989779181287e-08	1.3854312754702767e-08
0.8944897088418681	0.8944897081164527	7.254153944202812e-10	7.254153944202812e-10	8.109823816301987e-10
1.1490119920283868	1.1490120141388616	-2.2110474784398093e-08	2.2110474784398093e-08	1.924303222054783e-08
0.917884694101758	0.9178846767099458	1.7391812212608215e-08	1.7391812212608215e-08	1.8947709145131616e-08
1.2105131770731201	1.2105132009310182	-2.3857898101553587e-08	2.3857898101553587e-08	1.9708912346777757e-08
-0.5953459115449253	-0.5953458958174451	-1.5727480207061717e-08	1.5727480207061717e-08	2.6417381730646028e-08
-0.22780245397712967	-0.2278024476254359	-6.351693782047363e-09	6.351693782047363e-09	2.7882464263027844e-08
0.2831020899772815	0.28310210382187506	-1.3844593582668097e-08	1.3844593582668097e-08	4.890318394957489e-08
-5.103825369995694	-5.103825515107019	1.4511132473415955e-07	1.4511132473415955e-07	2.8431874959366406e-08
-2.2843169643855434	-2.2843170017949888	3.740944531926971e-08	3.740944531926971e-08	1.6376643829431282e-08
-1.2111332426217933	-1.211133239849005	-2.7727884432948713e-09	2.7727884432948713e-09	2.2894165115082585e-09
-3.0219583626105746	-3.0219583641155623	1.5049876900263826e-09	1.5049876900263826e-09	4.980173481696389e-10
-0.42963018128892416	-0.42963018131558783	2.6663671270910072e-11	2.6663671270910072e-11	6.206191378575167e-11
0.2770420514000862	0.2770420724118594	-2.1011773210233287e-08	2.1011773210233287e-08	7.584326315823241e-08
0.5226003025994372	0.5226003031566506	-5.572133865427986e-10	5.572133865427986e-10	1.0662324223143277e-09
2.1916438318717972	2.1916438799962634	-4.8124466189847226e-08	4.8124466189847226e-08	2.1958160121640752e-08
0.4541156876783977	0.45411567953124177	8.147155949878027e-09	8.147155949878027e-09	1.794070579576145e-08
1.6122013870980112	1.6122014130814932	-2.5983482032643224e-08	2.5983482032643224e-08	1.611677191235638e-08
-0.4484450770140114	-0.44844506646768423	-1.054632714492243e-08	1.054632714492243e-08	2.3517544701673504e-08
-6.573605122591503	-6.573605251105619	1.2851411579362093e-07	1.2851411579362093e-07	1.9550020635093607e-08
0.20677409320588555	0.20677409338532016	-1.794346060624008e-10	1.794346060624008e-10	8.677808872494354e-10
1.2197988088615161	1.2197988098705537	-1.0090375202054247e-09	1.0090375202054247e-09	8.272163514794683e-10
2.80506875252859	2.805068729685445	2.2843145153217392e-08	2.2843145153217392e-08	8.143524158766433e-09
-2.5564245665533347	-2.556424619797326	5.3243991438023386e-08	5.3243991438023386e-08	2.082752299232083e-08
4.642078161926304	4.6420782564382534	-9.451194937781793e-08	9.451194937781793e-08	2.0359835849596875e-08
-0.316567294012805	-0.3165672887917026	-5.221102383767828e-09	5.221102383767828e-09	1.649286733820531e-08
-0.5756318603875712	-0.5756318614658085	1.0782372772411009e-09	1.0782372772411009e-09	1.873136897799797e-09
-0.15050498247876581	-0.15050497950142017	-2.9773456478032756e-09	2.9773456478032756e-09	1.9782372641539215e-08
-1.6934352435991236	-1.6934352061070967	-3.7492026816465795e-08	3.7492026816465795e-08	2.2139628284092245e-08
0.04336979424725571	0.04336979600338964	-1.75613392577878e-09	1.75613392577878e-09	4.0492097236313316e-08
-4.962943967432153	-4.962944058206631	9.077447771232983e-08	9.077447771232983e-08	1.8290449843482094e-08
0.7785960299064809	0.7785960224282462	7.478234698155006e-09	7.478234698155006e-09	9.60476859746284e-09
0.6813794579316828	0.6813794789195526	-2.0987869886468502e-08	2.0987869886468502e-08	3.080202909283011e-08
0.3083143203663	0.3083143110416131	9.324686911504898e-09	9.324686911504898e-09	3.024409278306141e-08
2.3823643039330222	2.3823643550713314	-5.1138309142828575e-08	5.1138309142828575e-08	2.1465360716832783e-08
-0.04069533476483764	-0.040695340430829674	5.66599203666307e-09	5.66599203666307e-09	1.392295227304214e-07
0.48228954989761813	0.48228954256046563	7.337152496678101e-09	7.337152496678101e-09	1.5213169139235246e-08
-0.6815891860864532	-0.6815891993028345	1.3216381211655914e-08	1.3216381211655914e-08	1.939053829116875e-08
-2.502440863776653	-2.5024409387697233	7.499307042024839e-08	7.499307042024839e-08	2.996796907602834e-08
5.543110092631606	5.543110200960655	-1.083290488423927e-07	1.083290488423927e-07	1.9543008713897507e-08
-0.1409718192987939	-0.14097181974648265	4.476887471849267e-10	4.476887471849267e-10	3.1757322095420876e-09
0.28390348351829714	0.28390348234097473	1.1773224062316956e-09	1.1773224062316956e-09	4.146910744601057e-09
-1.7749193220644606	-1.7749193148119957	-7.252464850893148e-09	7.252464850893148e-09	4.086081412679419e-09
-0.4350922559021296	-0.43509225179150235	-4.110627227493779e-09	4.110627227493779e-09	9.447714069216693e-09
0.17641089867037707	0.176410890162515	8.507862081508222e-09	8.507862081508222e-09	4.8227530983814795e-08
-5.703119132497939	-5.703119240934029	1.0843609032917811e-07	1.0843609032917811e-07	1.9013471016461762e-08
1.1067196197509532	1.1067196010117186	1.873923460848914e-08	1.873923460848914e-08	1.693223312757938e-08
0.1634958385337071	0.16349584257113747	-4.037430362258121e-09	4.037430362258121e-09	2.4694392214917106e-08
-0.19817056345949774	-0.19817054180748528	-2.165201246073778e-08	2.165201246073778e-08	1.09259478717499e-07
-0.8176245166693681	-0.8176245273716631	1.0702295050180055e-08	1.0702295050180055e-08	1.3089498702627408e-08
0.268439850879432	0.26843985779123614	-6.911804129039467e-09	6.911804129039467e-09	2.5748055314424454e-08
0.17876336188168185	0.1787633618732798	8.402056828060722e-12	8.402056828060722e-12	4.700100031471658e-11
1.8698084061810691	1.8698084386414848	-3.24604156887176e-08	3.24604156887176e-08	1.7360289739532913e-08
3.176434818256382	3.1764348705110024	-5.2254620186431566e-08	5.2254620186431566e-08	1.6450713827370564e-08
-0.17754254246391363	-0.17754254258761648	1.2370285351614996e-10	1.2370285351614996e-10	6.967504903299059e-10
-1.7301240416304524	-1.7301240404776763	-1.1527760968021994e-09	1.1527760968021994e-09	6.662967909028269e-10
-0.9472025496010321	-0.9472025567447417	7.143709623846917e-09	7.143709623846917e-09	7.541902866346689e-09
0.42415173869244993	0.4241517399350414	-1.2425914741598376e-09	1.2425914741598376e-09	2.929591843688831e-09
0.19533613669677338	0.19533615159161855	-1.489484516281614e-08	1.489484516281614e-08	7.62523791792703e-08
0.45000919905615794	0.4500092154557933	-1.6399635371922017e-08	1.6399635371922017e-08	3.644288918163973e-08
-0.35563225858807346	-0.3556322599251871	1.3371136420303742e-09	1.3371136420303742e-09	3.759821022251933e-09
0.5738263182470049	0.5738263143939548	3.853050101199074e-09	3.853050101199074e-09	6.7146625706709375e-09
-6.190422694078304	-6.190422809595475	1.155171709399383e-07	1.155171709399383e-07	1.8660627334938027e-08
0.7238884100510223	0.7238884109028731	-8.518508121113655e-10	8.518508121113655e-10	1.1767708949108936e-09
0.692551060054356	0.69255107518984	-1.5135484088268925e-08	1.5135484088268925e-08	2.185468330245714e-08
0.12195078830503922	0.1219507885252824	-2.2024318480085014e-10	2.2024318480085014e-10	1.8060005012017567e-09
-0.4877426153382419	-0.4877426090388326	-6.299409327503724e-09	6.299409327503724e-09	1.2915437629199536e-08
3.6973939996558958	3.697394108712615	-1.0905671921079829e-07	1.0905671921079829e-07	2.9495563421411902e-08
-0.31808723630574653	-0.3180872681696201	3.186387353970588e-08	3.186387353970588e-08	1.0017337982426373e-07
2.417993935502464	2.4179939691748586	-3.3672394650352544e-08	3.3672394650352544e-08	1.3925756452881819e-08
-1.2767832776350612	-1.2767832777171861	8.212497348836223e-11	8.212497348836223e-11	6.43217803106564e-11
0.3321035973215346	0.3321035956105334	1.711001229587339e-09	1.711001229587339e-09	5.15201052739814e-09
-0.17408674973892443	-0.17408675375918392	4.0202594864258145e-09	4.0202594864258145e-09	2.3093426078980416e-08
0.9587402024449846	0.9587401837052312	1.873975341570855e-08	1.873975341570855e-08	1.9546226775427092e-08
0.426530489355268	0.42653048694774043	2.407527566195e-09	2.407527566195e-09	5.644444245554765e-09
-4.387604479674165	-4.387604572002601	9.2328436451794e-08	9.2328436451794e-08	2.1043017181587563e-08
0.6046124302478747	0.6046124372005579	-6.95268320693998e-09	6.95268320693998e-09	1.1499405005764715e-08
6.133214872528765	6.133214992587455	-1.2005868921249885e-07	1.2005868921249885e-07	1.957516436449223e-08
-0.6519469453458115	-0.6519469343402307	-1.1005580891065847e-08	1.1005580891065847e-08	1.688109894468202e-08
-4.644400818597416	-4.6444008967228	7.812538438400907e-08	7.812538438400907e-08	1.6821413016545483e-08
-0.03684734055465325	-0.036847341107204556	5.525513033233231e-10	5.525513033233231e-10	1.499569019109425e-08
-0.8308919919118289	-0.8308919859700836	-5.941745317983305e-09	5.941745317983305e-09	7.151044149928237e-09
-0.0828655250155655	-0.08286552201752784	-2.9980376653471197e-09	2.9980376653471197e-09	3.6179553134840654e-08
-1.50315048822546	-1.5031505245133303	3.628787026421776e-08	3.628787026421776e-08	2.4141209112773065e-08
3.641317266731852	3.641317298388458	-3.1656605781194e-08	3.1656605781194e-08	8.69372357921626e-09
-0.40643985903702073	-0.4064398672198877	8.18286693959891e-09	8.18286693959891e-09	2.013303261886421e-08
-2.2263325381279873	-2.2263325399762834	1.8482961827714917e-09	1.8482961827714917e-09	8.301977135570377e-10
-0.12823878250513684	-0.12823878023482393	-2.2703129098911035e-09	2.2703129098911035e-09	1.770379338871345e-08
1.1418356076086935	1.1418356189096812	-1.1300987701190479e-08	1.1300987701190479e-08	9.897210794518612e-09
-0.4761003959054069	-0.47610038564016577	-1.0265241157103588e-08	1.0265241157103588e-08	2.1561085110173103e-08
-1.0752048943443666	-1.0752049138318398	1.948747319069355e-08	1.948747319069355e-08	1.8124427533020606e-08
-0.2075411572387933	-0.20754116121679544	3.978002149906956e-09	3.978002149906956e-09	1.9167292901474646e-08
4.6687164006003385	4.668716492233216	-9.163287728597425e-08	9.163287728597425e-08	1.9626995821419223e-08
0.050113746175019326	0.05011373559682397	1.0578195354382647e-08	1.0578195354382647e-08	2.1108370780022946e-07
3.672536410900332	3.672536486192257	-7.52919251389983e-08	7.52919251389983e-08	2.0501342046746457e-08
0.187063643850826	0.18706363334786147	1.0502964525871405e-08	1.0502964525871405e-08	5.6146476726642836e-08
0.27484267394197975	0.274842686849297	-1.2907317270549612e-08	1.2907317270549612e-08	4.696256620350882e-08
3.2222798820063394	3.2222799654846312	-8.347829183463773e-08	8.347829183463773e-08	2.590659250327452e-08
0.43485114298381755	0.43485114474606235	-1.76224479453424e-09	1.76224479453424e-09	4.052524232642571e-09
0.22467490819256328	0.22467482267529704	8.551726624062006e-08	8.551726624062006e-08	3.806266882607351e-07
-2.394729756761917	-2.394729763182113	6.420195930445516e-09	6.420195930445516e-09	2.6809688702105223e-09
0.5450897915973184	0.5450897879200056	3.677312787608855e-09	3.677312787608855e-09	6.746251432874836e-09
2.5524178508444457	2.552417854531086	-3.6866403263502434e-09	3.6866403263502434e-09	1.4443717846317953e-09
0.8320129857956882	0.8320129745698068	1.1225881335619192e-08	1.1225881335619192e-08	1.3492435247129491e-08
0.30004785203101375	0.30004785003256984	1.9984439103559737e-09	1.9984439103559737e-09	6.660417319532783e-09
5.987837549670539	5.987837662360107	-1.1268956789933782e-07	1.1268956789933782e-07	1.881974368284894e-08
-0.40129638903095977	-0.4012963881905307	-8.404290596786268e-10	8.404290596786268e-10	2.0942851285257597e-09
6.680818089801532	6.680818223685492	-1.3388395991853486e-07	1.3388395991853486e-07	2.004005469373769e-08
-0.4959331449861387	-0.49593314543017186	4.4403314358731905e-10	4.4403314358731905e-10	8.953487946439428e-10
-9.328242013152018	-9.328242181254609	1.6810259140243033e-07	1.6810259140243033e-07	1.8020822269128542e-08
-0.4964399627993744	-0.4964399613527348	-1.4466395859003e-09	1.4466395859003e-09	2.9140272627184297e-09
-0.9693421659705775	-0.9693421452539042	-2.0716673376774963e-08	2.0716673376774963e-08	2.1371889209040944e-08
-1.8367247611753583	-1.8367247821515775	2.0976219206048086e-08	2.0976219206048086e-08	1.1420447771730897e-08
-6.543494343121361	-6.543494519064552	1.7594319157154814e-07	1.7594319157154814e-07	2.688826219533647e-08
-5.067083422843834	-5.067083557150909	1.343070747950037e-07	1.343070747950037e-07	2.6505795067337892e-08
-0.6213545430759105	-0.6213545384525787	-4.623331828490507e-09	4.623331828490507e-09	7.440730706825583e-09
1.690485588952441	1.690485596554936	-7.602494855873942e-09	7.602494855873942e-09	4.497225475069002e-09
1.136128150991029	1.1361281576682813	-6.677252306630521e-09	6.677252306630521e-09	5.877199945099543e-09
-0.7010230992419603	-0.701023109286325	1.0044364784356219e-08	1.0044364784356219e-08	1.4328150948545813e-08
-0.8409007097230806	-0.8409007114096312	1.6865505658714142e-09	1.6865505658714142e-09	2.005647689876272e-09
-3.550843118691092	-3.5508431847119937	6.602090163454477e-08	6.602090163454477e-08	1.85930212706444e-08
-0.32664783258322205	-0.3266478415753227	8.992100619664711e-09	8.992100619664711e-09	2.7528425792856713e-08
1.5153039948861067	1.5153040249060723	-3.001996562446152e-08	3.001996562446152e-08	1.9811183581495067e-08
-0.6939581115930659	-0.6939581135156914	1.9226255032478434e-09	1.9226255032478434e-09	2.7705209740026253e-09
-2.387953620575408	-2.3879536684034974	4.782808948888828e-08	4.782808948888828e-08	2.0028902185027987e-08
-0.6026123961704025	-0.6026124037816771	7.61127461057498e-09	7.61127461057498e-09	1.2630464721510172e-08
-1.1792571886248913	-1.1792571785917971	-1.0033094133277132e-08	1.0033094133277132e-08	8.50797792886599e-09
2.9140907658739765	2.914090846388717	-8.051474065240427e-08	8.051474065240427e-08	2.7629455333130906e-08
-5.801068333506633	-5.801068455184577	1.2167794416484412e-07	1.2167794416484412e-07	2.097509237428551e-08
0.047998047949071664	0.04799808266398031	-3.471490864909166e-08	3.471490864909166e-08	7.232566767283103e-07
0.7701031245885271	0.7701031336182496	-9.029722414233277e-09	9.029722414233277e-09	1.1725341874256044e-08
-0.5667739507593051	-0.5667739560522023	5.292897120590112e-09	5.292897120590112e-09	9.338638646852482e-09
-3.328864099380827	-3.3288641043327516	4.951924648111117e-09	4.951924648111117e-09	1.4875718864678739e-09
-0.006924441276616667	-0.006924451554368716	1.0277752048731825e-08	1.0277752048731825e-08	1.4842716745160428e-06
0.1903667907214673	0.190366795322916	-4.601448694296906e-09	4.601448694296906e-09	2.4171488508357823e-08
-1.6125585706170116	-1.6125585989357205	2.831870893338362e-08	2.831870893338362e-08	1.756135215761376e-08
0.03557848472042289	0.03557848685886711	-2.1384442203120635e-09	2.1384442203120635e-09	6.010498302881758e-08
5.572611625415945	5.572611739808053	-1.1439210823027679e-07	1.1439210823027679e-07	2.052755797812098e-08
0.552293835488227	0.5522938317881199	3.7001071095943416e-09	3.7001071095943416e-09	6.699526360498759e-09
-0.6680137844454754	-0.6680137994408142	1.499533874849135e-08	1.499533874849135e-08	2.244764868278747e-08
-0.38675364961092984	-0.3867536361212842	-1.348964562275512e-08	1.348964562275512e-08	3.4879168267256337e-08
0.4764442848723168	0.47644427922932664	5.6429901862387055e-09	5.6429901862387055e-09	1.1843966577857011e-08
1.8050379669874452	1.8050379958367557	-2.8849310496070757e-08	2.8849310496070757e-08	1.5982661319982868e-08
0.3168637323111927	0.31686372949479846	2.8163942289438637e-09	2.8163942289438637e-09	8.888345183594175e-09
-0.5911529874489486	-0.5911529842705932	-3.1783554677033976e-09	3.1783554677033976e-09	5.376536252348512e-09
4.8871912114344855	4.887191321358841	-1.0992435584000759e-07	1.0992435584000759e-07	2.249233784485847e-08
-2.0791744945303434	-2.0791745373571757	4.282683230272255e-08	4.282683230272255e-08	2.0597998107126903e-08
3.2947318362292974	3.294731895948644	-5.971934635695675e-08	5.971934635695675e-08	1.812570774357873e-08
1.9888367305934251	1.9888367341991398	-3.6057146157730813e-09	3.6057146157730813e-09	1.8129766814479614e-09
-1.3067090500871412	-1.3067090594631736	9.37603239492546e-09	9.37603239492546e-09	7.175302255923149e-09
-0.16886823151043562	-0.16886823232198367	8.115480509829354e-10	8.115480509829354e-10	4.805806537583025e-09
0.3258637523616405	0.32586376619292423	-1.3831283729448529e-08	1.3831283729448529e-08	4.244499005860186e-08
-0.0699513566919475	-0.06995135208853753	-4.603409972658845e-09	4.603409972658845e-09	6.580873038576491e-08
-7.592633698130625	-7.59263384679798	1.4866735575935763e-07	1.4866735575935763e-07	1.958047255670465e-08
-0.16985273096874384	-0.1698527239568648	-7.011879049612091e-09	7.011879049612091e-09	4.128210956409297e-08
1.0522122160525549	1.052212232934835	-1.6882280018393203e-08	1.6882280018393203e-08	1.604455808518192e-08
-0.22548893085666472	-0.22548893866769504	7.811030322546486e-09	7.811030322546486e-09	3.4640415797224566e-08
-6.87211131173325	-6.872111434859107	1.2312585706553136e-07	1.2312585706553136e-07	1.7916743702231618e-08
0.27991238873127067	0.27991238312097266	5.610298003944081e-09	5.610298003944081e-09	2.0043050003514623e-08
1.19929853126059	1.1992985309916548	2.689350964146797e-10	2.689350964146797e-10	2.242436636122621e-10
3.171581248063957	3.1715813020127825	-5.3948825406990863e-08	5.3948825406990863e-08	1.70100720074326e-08
2.7241540832680022	2.7241541147304815	-3.1462479288535405e-08	3.1462479288535405e-08	1.1549449233353122e-08
2.8484046230767603	2.8484046924859285	-6.940916819075937e-08	6.940916819075937e-08	2.4367734706098634e-08
-0.6243591072938353	-0.6243591087695677	1.47573242514909e-09	1.47573242514909e-09	2.363595578104673e-09
-1.751150903842753	-1.7511509031464811	-6.962719290015684e-10	6.962719290015684e-10	3.976081829804949e-10
0.9770471432689846	0.977047147898702	-4.629717387238941e-09	4.629717387238941e-09	4.7384790172446805e-09
0.6020110181994275	0.6020110140525503	4.146877174981967e-09	4.146877174981967e-09	6.888374215118162e-09
0.0012516170859475648	0.0012516238712123595	-6.7852647946901185e-09	6.7852647946901185e-09	5.421198600491444e-06
-5.408044093887771	-5.408044198702555	1.0481478440738101e-07	1.0481478440738101e-07	1.93812740036354e-08
0.892198700640016	0.8921987000576337	5.823823645556558e-10	5.823823645556558e-10	6.527496219596437e-10
2.5696655284971652	2.56966556662519	-3.8128024737460464e-08	3.8128024737460464e-08	1.4837738341674035e-08
-0.9482884720073613	-0.948288452491397	-1.9515964289062993e-08	1.9515964289062993e-08	2.058019776171179e-08
-3.2871106107666104	-3.2871106759557733	6.51891629566137e-08	6.51891629566137e-08	1.9831752160421054e-08
0.61593308135637	0.6159330860100454	-4.653675333976537e-09	4.653675333976537e-09	7.555488534125329e-09
-0.04736461959489338	-0.04736461505672196	-4.5381714219860925e-09	4.5381714219860925e-09	9.581353045376038e-08
-0.286724824519013	-0.2867248667826061	4.226359312520245e-08	4.226359312520245e-08	1.4740123460220275e-07
4.52126277525525	4.521262903836032	-1.285807815776252e-07	1.285807815776252e-07	2.843913038661331e-08
0.9261389293334894	0.9261389504899853	-2.115649588851909e-08	2.115649588851909e-08	2.2843760496867028e-08
1.2316971790036384	1.2316971788095543	1.940840821390566e-10	1.940840821390566e-10	1.5757451218330937e-10
0.1038066903109139	0.10380668754805811	2.762855791371699e-09	2.762855791371699e-09	2.661539235184749e-08
0.8294014270416461	0.8294014287457685	-1.704122398749064e-09	1.704122398749064e-09	2.054641266807823e-09
-0.05935665883745465	-0.0593566528550582	-5.98239644628018e-09	5.98239644628018e-09	1.0078728424830456e-07
2.220408005810035	2.2204079823495704	2.3460464682045767e-08	2.3460464682045767e-08	1.0565835027012106e-08
4.23781103138845	4.237811103848799	-7.246034883223729e-08	7.246034883223729e-08	1.7098532307255057e-08
-0.4816107062416674	-0.48161070481000934	-1.4316580698725545e-09	1.4316580698725545e-09	2.972645855497579e-09
-5.861648503427007	-5.861648610334669	1.069076613902098e-07	1.069076613902098e-07	1.823849746836685e-08
-0.2649479017033663	-0.2649479074534611	5.750094789203075e-09	5.750094789203075e-09	2.170273760326224e-08
4.50018907167631	4.500189152167877	-8.049156718925587e-08	8.049156718925587e-08	1.788626342298835e-08
-0.46000159233343413	-0.46000159727555	4.942115883199705e-09	4.942115883199705e-09	1.0743692990561196e-08
-0.553680117497191	-0.5536801199923502	2.495159190374352e-09	2.495159190374352e-09	4.506499531991973e-09
-0.2981960354399486	-0.2981960506076575	1.5167708922181333e-08	1.5167708922181333e-08	5.086489127799233e-08
-7.593551985937319	-7.593552109028678	1.230913593275318e-07	1.230913593275318e-07	1.6209984412497292e-08
-0.10199641829335272	-0.10199643384112278	1.5547770057522392e-08	1.5547770057522392e-08	1.5243447091255032e-07
-0.013004316431088455	-0.013004319043830037	2.6127415821142197e-09	2.6127415821142197e-09	2.0091341178596148e-07
-2.366717195919898	-2.366717203585722	7.665823975600006e-09	7.665823975600006e-09	3.239011398918089e-09
2.432208793595905	2.432208793834434	-2.385287523054558e-10	2.385287523054558e-10	9.807083706526789e-11
-0.2935758349907251	-0.29357582661759807	-8.373127025063098e-09	8.373127025063098e-09	2.852117247772668e-08
1.398599713403102	1.3985997065901756	6.812926445221024e-09	6.812926445221024e-09	4.871248277781831e-09
5.891939372647463	5.891939476896368	-1.0424890550808641e-07	1.0424890550808641e-07	1.769347899132295e-08
-0.6426310767252712	-0.6426310710594407	-5.6658304714574115e-09	5.6658304714574115e-09	8.816614503502433e-09
3.2238409672609096	3.2238410221907543	-5.492984467281303e-08	5.492984467281303e-08	1.703863349049857e-08
-0.10473146128493396	-0.10473146176082082	4.758868576981712e-10	4.758868576981712e-10	4.5438768051127095e-09
-0.859223061422606	-0.85922308244335	2.1020744034316863e-08	2.1020744034316863e-08	2.4464827561207508e-08
1.2229325649006608	1.2229325557200355	9.18062537103026e-09	9.18062537103026e-09	7.50705773525297e-09
-0.04841687201625477	-0.048416868594358675	-3.421896092870025e-09	3.421896092870025e-09	7.067569527666322e-08
-2.6193193143732376	-2.619319338919013	2.4545775190176755e-08	2.4545775190176755e-08	9.371051118313224e-09
-1.9484436944969126	-1.948443741639494	4.714258139415506e-08	4.714258139415506e-08	2.4194992920402177e-08
-5.879382782070211	-5.879382902094221	1.2002401028610166e-07	1.2002401028610166e-07	2.0414389526078715e-08
0.8511601336213983	0.8511601390637225	-5.442324146898159e-09	5.442324146898159e-09	6.394007345883214e-09
-0.5942106226216705	-0.5942106236034306	9.817601176465018e-10	9.817601176465018e-10	1.6522089647521856e-09
3.459800102277645	3.459800104792521	-2.514875863113275e-09	2.514875863113275e-09	7.268847299754947e-10
0.5782047270460251	0.5782047264801804	5.658447044254444e-10	5.658447044254444e-10	9.786234493728086e-10
-0.5806714075024697	-0.5806713897982263	-1.7704243404637054e-08	1.7704243404637054e-08	3.0489263249218544e-08
8.840502697114681	8.840502864586597	-1.674719154465265e-07	1.674719154465265e-07	1.8943709558641404e-08
-0.7915286955532131	-0.7915286823845236	-1.3168689583231696e-08	1.3168689583231696e-08	1.663703370100546e-08
4.632692750998251	4.632692825907725	-7.490947417920779e-08	7.490947417920779e-08	1.6169747964197784e-08
0.25545912372013246	0.2554590992076555	2.4512476937132988e-08	2.4512476937132988e-08	9.595459571053553e-08
-0.35696344811723113	-0.35696345094038406	2.8231529336508743e-09	2.8231529336508743e-09	7.90880116309196e-09
-0.6245732897021591	-0.6245732902243617	5.222026144835468e-10	5.222026144835468e-10	8.360950157387775e-10
0.10727508951112981	0.10727508197305724	7.53807256892447e-09	7.53807256892447e-09	7.026862063948587e-08
1.2292073725735657	1.2292073824937688	-9.920203103419567e-09	9.920203103419567e-09	8.070406446269392e-09
3.3568192651408344	3.356819365762931	-1.0062209643280084e-07	1.0062209643280084e-07	2.9975428667762745e-08
8.248873821076218	8.248873978118354	-1.5704213573997094e-07	1.5704213573997094e-07	1.903800920541683e-08
-0.8201972109466426	-0.8201972150345682	4.087925664642e-09	4.087925664642e-09	4.984076524624927e-09
-0.12006620619699267	-0.1200662109113182	4.714325527177543e-09	4.714325527177543e-09	3.926438318074902e-08
2.294331046039495	2.294331052326015	-6.286520193299339e-09	6.286520193299339e-09	2.7400231558349932e-09
-0.43372248644953165	-0.43372247546358267	-1.0985948983854854e-08	1.0985948983854854e-08	2.5329442966598848e-08
1.4171884151536427	1.4171884049574146	1.0196228084069503e-08	1.0196228084069503e-08	7.194687717627223e-09
-6.448880592974293	-6.44888071292371	1.1994941750970156e-07	1.1994941750970156e-07	1.8600036980120236e-08
-0.04764983461240079	-0.04764982350025093	-1.1112149859993092e-08	1.1112149859993092e-08	2.332043741679887e-07
-0.5449408150885611	-0.5449408217828022	6.69424116139794e-09	6.69424116139794e-09	1.2284345338144703e-08
-1.173959557693613	-1.1739595356630161	-2.2030596902311572e-08	2.2030596902311572e-08	1.876606119685534e-08
0.6468742098070819	0.6468742230936186	-1.328653675969349e-08	1.328653675969349e-08	2.053959882502651e-08
-0.5865058058171642	-0.5865058164999937	1.0682829509889302e-08	1.0682829509889302e-08	1.8214362763221376e-08
-0.056336521126221936	-0.05633653017866891	9.052446972579453e-09	9.052446972579453e-09	1.6068523209478008e-07
0.4343151204147925	0.4343151022112579	1.8203534568606017e-08	1.8203534568606017e-08	4.191319554157069e-08
-0.42418206113162105	-0.42418208977323957	2.8641618521341172e-08	2.8641618521341172e-08	6.752199384606662e-08
1.686002373632161	1.6860024243214866	-5.0689325625796755e-08	5.0689325625796755e-08	3.006480086774526e-08
1.693534018144729	1.6935340227064444	-4.561715449824533e-09	4.561715449824533e-09	2.693607214824007e-09
0.6983274808212541	0.6983274806771078	1.4414625049141705e-10	1.4414625049141705e-10	2.0641640841900812e-10
0.12147590234303249	0.1214759095091722	-7.166139709413599e-09	7.166139709413599e-09	5.899227395057608e-08
0.4446769714073067	0.44467695715866284	1.4248643875891531e-08	1.4248643875891531e-08	3.204268444753873e-08
0.6140927319510903	0.6140927143860608	1.7565029430954837e-08	1.7565029430954837e-08	2.8603219867376338e-08
4.8470640825458595	4.847064165005577	-8.245971727660617e-08	8.245971727660617e-08	1.7012301853722397e-08
0.21435255488400146	0.21435255803226028	-3.148258820306893e-09	3.148258820306893e-09	1.4687293193265633e-08
-0.1294634655521025	-0.1294634694204433	3.868340786583602e-09	3.868340786583602e-09	2.987978708963874e-08
0.29964392251531835	0.2996439116031979	1.091212042947376e-08	1.091212042947376e-08	3.6416958962069095e-08
5.353087163698822	5.3530872537521645	-9.005334256073638e-08	9.005334256073638e-08	1.6822693112755563e-08
-0.5667381879907935	-0.5667381765306345	-1.1460158932941056e-08	1.1460158932941056e-08	2.0221257673794207e-08
-2.0354200316664186	-2.0354200114525156	-2.021390299589143e-08	2.021390299589143e-08	9.931072054617693e-09
-8.260915797110927	-8.2609160017455	2.0463457239827676e-07	2.0463457239827676e-07	2.4771414867809594e-08
-1.3597273919734232	-1.3597274210042087	2.903078555327454e-08	2.903078555327454e-08	2.1350445482414733e-08
1.2110818173590139	1.2110819307054044	-1.1334639049564998e-07	1.1334639049564998e-07	9.359102652768958e-08
1.5222878594482703	1.5222878664644668	-7.016196512665829e-09	7.016196512665829e-09	4.6089814545382636e-09
-0.7292015599863493	-0.7292015561688459	-3.817503424485835e-09	3.817503424485835e-09	5.235182745024982e-09
-1.838453670053502	-1.8384536724624922	2.408990340541095e-09	2.408990340541095e-09	1.3103350820208538e-09
-0.4280601126284818	-0.4280601115169702	-1.1115116049786877e-09	1.1115116049786877e-09	2.596625035099641e-09
0.3967515567973308	0.3967515522163012	4.581029611205878e-09	4.581029611205878e-09	1.1546343127636336e-08
-1.0965957736056615	-1.0965957972075557	2.3601894216795927e-08	2.3601894216795927e-08	2.152287541578947e-08
-0.2976866930582493	-0.2976866971948766	4.136627318462871e-09	4.136627318462871e-09	1.3895909407188195e-08
-4.899618877077224	-4.899618975287012	9.820978785768375e-08	9.820978785768375e-08	2.004437290360612e-08
0.6721756792874118	0.6721756653860211	1.3901390705228778e-08	1.3901390705228778e-08	2.068118668019341e-08
0.4171860949413814	0.4171860973656294	-2.424247969035065e-09	2.424247969035065e-09	5.81095103223825e-09
0.7609211100265733	0.7609211206727196	-1.0646146297865755e-08	1.0646146297865755e-08	1.3991130167875044e-08
0.4689623893689685	0.4689623983722413	-9.003272793961514e-09	9.003272793961514e-09	1.919828326974416e-08
3.5982032781337865	3.59820333414973	-5.6015943439291505e-08	5.6015943439291505e-08	1.556775398980356e-08
-0.06703037912363209	-0.06703039616695605	1.704332396046393e-08	1.704332396046393e-08	2.5426268183608064e-07
3.996735059359478	3.9967350858205464	-2.6461068447503067e-08	2.6461068447503067e-08	6.6206711364409915e-09
-0.30392035418218705	-0.3039203511434607	-3.0387263261211217e-09	3.0387263261211217e-09	9.9984298001296e-09
-1.3838912752945505	-1.3838912855135277	1.0218977219977887e-08	1.0218977219977887e-08	7.384234153656947e-09
-0.4742142393768622	-0.4742142436953145	4.318452317964017e-09	4.318452317964017e-09	9.106542906933052e-09
-0.2333235228489004	-0.23332352157012792	-1.2787724767981956e-09	1.2787724767981956e-09	5.480683906981487e-09
-0.11077804644545647	-0.11077803264925024	-1.3796206232985497e-08	1.3796206232985497e-08	1.2453917247744845e-07
-0.23755108701117197	-0.23755108941259095	2.4014189803356345e-09	2.4014189803356345e-09	1.010906332002049e-08
-0.6485297206955541	-0.6485297080871533	-1.2608400878910686e-08	1.2608400878910686e-08	1.9441515903678336e-08
1.3516465774645097	1.3516466060536914	-2.8589181688687404e-08	2.8589181688687404e-08	2.1151373565652425e-08
0.974394794265155	0.9743947975948686	-3.3297136159404772e-09	3.3297136159404772e-09	3.417212033087265e-09
-1.2693280906116573	-1.2693281178144389	2.7202781582857938e-08	2.7202781582857938e-08	2.1430851317368704e-08
0.5732686007955491	0.5732686031478806	-2.3523315517692822e-09	2.3523315517692822e-09	4.103367162452038e-09
0.02167770508597754	0.02167770617234055	-1.0863630099666732e-09	1.0863630099666732e-09	5.011429972213244e-08
0.7821249443473293	0.7821249892003834	-4.48530541596881e-08	4.48530541596881e-08	5.7347684003503113e-08
-0.26095217800230763	-0.2609522289276356	5.0925327954587374e-08	5.0925327954587374e-08	1.9515195598075075e-07
5.49244305430987	5.492443192451901	-1.3814203114748125e-07	1.3814203114748125e-07	2.5151290560779223e-08
-0.8539876808613316	-0.8539876853319583	4.470626757679952e-09	4.470626757679952e-09	5.2350014618136875e-09
3.3947334454363234	3.3947334486583713	-3.2220479617706133e-09	3.2220479617706133e-09	9.491313570148318e-10
1.5288873589802907	1.528887364656839	-5.676548342492538e-09	5.676548342492538e-09	3.712862369585277e-09
-0.3193201923868874	-0.3193201973772375	4.990350077616057e-09	4.990350077616057e-09	1.5628044190734307e-08
-0.9791744795943934	-0.9791744696485694	-9.945824053225749e-09	9.945824053225749e-09	1.015735628378064e-08
-2.714094168490984	-2.7140942165715387	4.808055464877725e-08	4.808055464877725e-08	1.7715138703352242e-08
0.7676467999188427	0.7676467794226483	2.049619440835926e-08	2.049619440835926e-08	2.6700032372343846e-08
0.8648202125251062	0.8648202310723718	-1.8547265612234298e-08	1.8547265612234298e-08	2.1446383125204604e-08
-0.2522701805957369	-0.2522701788620907	-1.7336462265760133e-09	1.7336462265760133e-09	6.8721805426309274e-09
-3.0205484286583086	-3.020548483618768	5.4960459294761677e-08	5.4960459294761677e-08	1.8195523294150412e-08
-0.24787217412347556	-0.2478721717125154	-2.4109601537425362e-09	2.4109601537425362e-09	9.726626888508815e-09
0.5240752333118093	0.5240752261670423	7.14476700025557e-09	7.14476700025557e-09	1.3633094155404677e-08
-2.8763330338995132	-2.876333110179985	7.628047171692742e-08	7.628047171692742e-08	2.6520041600854602e-08
5.1482567320854065	5.148256859683897	-1.2759849088439523e-07	1.2759849088439523e-07	2.478479561618693e-08
-4.029278596565345	-4.029278675261594	7.869624862877345e-08	7.869624862877345e-08	1.953110134798225e-08
-0.36936942854643334	-0.3693694270623382	-1.4840951245709277e-09	1.4840951245709277e-09	4.017915425245764e-09
-0.605548660516902	-0.6055486619516159	1.434713903236684e-09	1.434713903236684e-09	2.3692792946020204e-09
-3.0850681998546228	-3.085068201471586	1.6169630079332364e-09	1.6169630079332364e-09	5.241255308422136e-10
-0.47672469099109377	-0.4767247037307243	1.2739630517177858e-08	1.2739630517177858e-08	2.6723244585239788e-08
-0.11994406419021565	-0.11994406122539658	-2.964819070805369e-09	2.964819070805369e-09	2.4718347596622643e-08
4.67512894242017	4.675129030147218	-8.772704784831831e-08	8.772704784831831e-08	1.8764626372616093e-08
0.27951830971125874	0.2795183263515355	-1.6640276767621032e-08	1.6640276767621032e-08	5.9531974076440176e-08
-6.100704730352692	-6.100704840719118	1.1036642622030968e-07	1.1036642622030968e-07	1.8090766738997582e-08
0.8415770039047089	0.8415770025749225	1.329786392112453e-09	1.329786392112453e-09	1.5801125576656366e-09
-2.559751173858122	-2.5597512285457924	5.468767039218392e-08	5.468767039218392e-08	2.1364447822386296e-08
1.2605659340256552	1.2605659458131413	-1.1787486098313593e-08	1.1787486098313593e-08	9.350947681625746e-09
-0.15987837529343546	-0.15987837741704425	2.123608788817677e-09	2.123608788817677e-09	1.328265179653018e-08
3.4143507027674063	3.414350790080789	-8.731338274614586e-08	8.731338274614586e-08	2.5572470536016246e-08
2.628629311639487	2.6286293814337114	-6.979422417785486e-08	6.979422417785486e-08	2.655156581751875e-08
-7.404428493507504	-7.404428679365083	1.858575782165417e-07	1.858575782165417e-07	2.5100867457834048e-08
1.9982953069022686	1.9982953199360054	-1.3033736756540293e-08	1.3033736756540293e-08	6.52242774705057e-09
1.8531217799730326	1.8531217847339576	-4.760924987579074e-09	4.760924987579074e-09	2.5691376783928126e-09
-0.44949754781703316	-0.4494975428315229	-4.9855102823848085e-09	4.9855102823848085e-09	1.1091295840426138e-08
0.6743886997901141	0.6743887024640571	-2.6739430669664443e-09	2.6739430669664443e-09	3.964987948046341e-09
-1.3923494666708263	-1.3923494816481252	1.497729895660882e-08	1.497729895660882e-08	1.075685330093188e-08
4.378032758467545	4.378032845124835	-8.665729023249469e-08	8.665729023249469e-08	1.9793659621411235e-08
-0.6286216383538588	-0.6286216375883669	-7.654918920962928e-10	7.654918920962928e-10	1.2177307387967896e-09
-6.563656499366729	-6.563656629623438	1.3025670853039628e-07	1.3025670853039628e-07	1.9845144020404424e-08
-0.11945534697489509	-0.1194553487948724	1.8199773216265314e-09	1.8199773216265314e-09	1.5235628774399027e-08
-4.157956081971109	-4.157956168455712	8.648460259053081e-08	8.648460259053081e-08	2.0799787416112426e-08
0.0777006390491874	0.07770064257783815	-3.5286507465981387e-09	3.5286507465981387e-09	4.54134070166961e-08
-1.0285685245820508	-1.0285685220878804	-2.494170425748621e-09	2.494170425748621e-09	2.424894760183434e-09
5.35528146052212	5.3552815597868175	-9.926469779486524e-08	9.926469779486524e-08	1.8535850734759944e-08
6.076289228620485	6.076289355405606	-1.267851210684512e-07	1.267851210684512e-07	2.0865550716590153e-08
-2.825586551916809	-2.825586552717141	8.003318008320548e-10	8.003318008320548e-10	2.832444825620823e-10
0.7889501254635187	0.788950128480792	-3.017273320082836e-09	3.017273320082836e-09	3.824415793470021e-09
-0.24468086852075616	-0.24468087303830544	4.517549279103861e-09	4.517549279103861e-09	1.846302617125392e-08
0.5069935115571054	0.506993515045906	-3.488800581763485e-09	3.488800581763485e-09	6.881351540473359e-09
0.30930341917765647	0.3093034138146322	5.363024246918258e-09	5.363024246918258e-09	1.7339039643263253e-08
-0.1384211373680163	-0.13842112821293995	-9.155076363676073e-09	9.155076363676073e-09	6.613929445858933e-08
0.8733547105705737	0.8733547292649746	-1.8694400916174914e-08	1.8694400916174914e-08	2.1405278622659086e-08
0.06649512299735015	0.0664951176077011	5.389649046505518e-09	5.389649046505518e-09	8.10532984008511e-08
-7.0189041704929185	-7.018904307187768	1.3669484921763342e-07	1.3669484921763342e-07	1.9475240849175707e-08
-0.6397264542369981	-0.6397264451152296	-9.121768562714294e-09	9.121768562714294e-09	1.4258857832593197e-08
-1.5503524585511879	-1.5503524900850607	3.153387284626774e-08	3.153387284626774e-08	2.0339808972042593e-08
0.32584090701298524	0.3258409287809627	-2.1767977476105926e-08	2.1767977476105926e-08	6.68055391683477e-08
-0.7029689238932053	-0.7029689413684537	1.747524835948866e-08	1.747524835948866e-08	2.4859204675374087e-08
3.9543950193999833	3.954395151595236	-1.321952525223935e-07	1.321952525223935e-07	3.3429956257241095e-08
5.6687663665364845	5.6687664618948475	-9.53583629836885e-08	9.53583629836885e-08	1.6821713370761258e-08
-5.666473352254645	-5.666473462042632	1.0978798670180367e-07	1.0978798670180367e-07	1.9375011559547864e-08
1.4608129750366996	1.460812977711612	-2.674912291666942e-09	2.674912291666942e-09	1.8311120844198012e-09
-1.3012825174337552	-1.3012825183977839	9.64028634697911e-10	9.64028634697911e-10	7.408296213792691e-10
0.6007126713390041	0.6007126694385079	1.9004962048541074e-09	1.9004962048541074e-09	3.1637358350005375e-09
-1.269152095062188	-1.2691521033048048	8.242616811315884e-09	8.242616811315884e-09	6.494585513733875e-09
-0.6183773257634207	-0.6183773302836926	4.520271823515998e-09	4.520271823515998e-09	7.309892577214849e-09
-1.1696747174342224	-1.1696747333189705	1.588474818348118e-08	1.588474818348118e-08	1.3580483485464814e-08
1.318600771353895	1.3186007663534838	5.000411196220966e-09	5.000411196220966e-09	3.792210125197115e-09
-2.467524184269334	-2.4675242229932337	3.872389964243439e-08	3.872389964243439e-08	1.5693422536363526e-08
0.3558536346323709	0.35585363093559863	3.696772277184124e-09	3.696772277184124e-09	1.038846288869081e-08
-5.024325572087609	-5.024325673730345	1.0164273600565821e-07	1.0164273600565821e-07	2.0230125326736263e-08
0.4695351229656523	0.46953512992331525	-6.957662945783483e-09	6.957662945783483e-09	1.4818194860137126e-08
-0.20493146545427068	-0.20493146621447522	7.602045382082423e-10	7.602045382082423e-10	3.7095549798714426e-09
0.8621428856336918	0.8621429151389748	-2.950528299461297e-08	2.950528299461297e-08	3.422319372609102e-08
4.806860989029402	4.806861024917453	-3.5888050753385414e-08	3.5888050753385414e-08	7.466005535689916e-09
7.416323622216165	7.416323783218104	-1.6100193889201364e-07	1.6100193889201364e-07	2.1709130708606083e-08
-2.721755098085558	-2.721755104175827	6.090269177860819e-09	6.090269177860819e-09	2.237625707817953e-09
1.7187503313641044	1.718750327199814	4.1642904680117e-09	4.1642904680117e-09	2.4228594415494115e-09
-1.1154375276258301	-1.115437535190722	7.564891824074493e-09	7.564891824074493e-09	6.781995079703031e-09
0.3467570235766237	0.3467570195425651	4.034058587176759e-09	4.034058587176759e-09	1.1633675204520677e-08
-0.7882967127444908	-0.7882966883698828	-2.4374607998645104e-08	2.4374607998645104e-08	3.0920600840492914e-08
-8.154125973030057	-8.154126126100891	1.530708342301068e-07	1.530708342301068e-07	1.8772193946523736e-08
-0.13786380876265728	-0.13786381714453455	8.381877275587257e-09	8.381877275587257e-09	6.079824248884113e-08
3.691230924959226	3.691230990625627	-6.566640076144381e-08	6.566640076144381e-08	1.778983815870831e-08
0.09358681159486083	0.09358679562865291	1.5966207925210973e-08	1.5966207925210973e-08	1.7060318278956873e-07
-3.2206946227634217	-3.2206946889346	6.617117831453356e-08	6.617117831453356e-08	2.0545623247496016e-08
0.46251953575894417	0.46251953790488187	-2.1459377053112405e-09	2.1459377053112405e-09	4.6396693315667e-09
-0.04081213703945436	-0.040812133192957845	-3.8464965171347565e-09	3.8464965171347565e-09	9.42488386093634e-08
2.057111315427392	2.0571114009726443	-8.554525221526887e-08	8.554525221526887e-08	4.1585135220305625e-08
6.575142041657565	6.575142210749618	-1.6909205324822096e-07	1.6909205324822096e-07	2.571686697822175e-08
-4.583013712484255	-4.58301377875614	6.627188486874047e-08	6.627188486874047e-08	1.4460328732644644e-08
-0.6330168998854713	-0.6330168980639428	-1.8215284836031742e-09	1.8215284836031742e-09	2.877535313721853e-09
-0.5735968120125915	-0.5735968079534359	-4.059155567226469e-09	4.059155567226469e-09	7.076670375806348e-09
-2.375950287350856	-2.375950298301177	1.0950321094327364e-08	1.0950321094327364e-08	4.608817428809416e-09
0.26397456543585734	0.2639745662236237	-7.877663521504985e-10	7.877663521504985e-10	2.9842509669436933e-09
0.2478016148653332	0.24780160856607836	6.299254839969848e-09	6.299254839969848e-09	2.542055605002071e-08
0.46929626551036036	0.46929627842473565	-1.2914375291384061e-08	1.2914375291384061e-08	2.7518598038149015e-08
0.3492491624668064	0.34924915325973416	9.20707221574446e-09	9.20707221574446e-09	2.6362474717801296e-08
-5.787296713009453	-5.787296818198229	1.0518877591181308e-07	1.0518877591181308e-07	1.8175804892698142e-08
0.6080833265342493	0.6080833190935664	7.440682958659295e-09	7.440682958659295e-09	1.2236288406503792e-08
-2.1686524406395793	-2.1686524769393145	3.629973521768193e-08	3.629973521768193e-08	1.673838303337182e-08
-0.1754105239101627	-0.1754105096551939	-1.425496881646282e-08	1.425496881646282e-08	8.12663259803247e-08
0.8690259980654143	0.8690259983268334	-2.6141910858257233e-10	2.6141910858257233e-10	3.008185130991841e-10
-3.555099768050562	-3.5550998291000724	6.104951033591988e-08	6.104951033591988e-08	1.7172376112920272e-08
-1.3820960667920155	-1.3820960930388537	2.6246838258359162e-08	2.6246838258359162e-08	1.8990603395088682e-08
0.44472255224790647	0.44472255467553623	-2.4276297638792244e-09	2.4276297638792244e-09	5.458751195792663e-09
-1.8562530413380505	-1.8562530476629036	6.324853085715176e-09	6.324853085715176e-09	3.4073226790007072e-09
-0.5931830194857312	-0.5931830219196854	2.433954260361304e-09	2.433954260361304e-09	4.103209600422239e-09
-3.1658310504911324	-3.1658310535931378	3.102005319277623e-09	3.102005319277623e-09	9.798391859213057e-10
-0.4017096035439816	-0.4017096034658607	-7.812089863890037e-11	7.812089863890037e-11	1.9447107549756952e-10
0.4167025752843019	0.41670258269732585	-7.413023972446808e-09	7.413023972446808e-09	1.77897244032849e-08
0.3272569647090394	0.3272569756518351	-1.0942795669599548e-08	1.0942795669599548e-08	3.3437930585613866e-08
1.0287812746034615	1.0287812801834662	-5.580004680538764e-09	5.580004680538764e-09	5.423897983261358e-09
3.945795474926292	3.9457955563193536	-8.139306162391335e-08	8.139306162391335e-08	2.0627795368799186e-08
0.6131044471151116	0.6131044528956409	-5.780529277465973e-09	5.780529277465973e-09	9.428294485002598e-09
0.9074820944435917	0.9074821127796895	-1.8336097751259217e-08	1.8336097751259217e-08	2.02054650593428e-08
0.279192436230346	0.27919244075746974	-4.527123731445926e-09	4.527123731445926e-09	1.6215065825461153e-08
0.18732787734623688	0.18732787793851458	-5.92277699107413e-10	5.92277699107413e-10	3.1617168117092903e-09
2.2500887326428227	2.250088796245109	-6.360228610446939e-08	6.360228610446939e-08	2.8266567972084308e-08
-1.817876883237655	-1.8178769096266478	2.63889927687444e-08	2.63889927687444e-08	1.4516380626253065e-08
-4.507572189445322	-4.5075722482579295	5.881260722873094e-08	5.881260722873094e-08	1.3047513108374223e-08
-0.38484661252790464	-0.38484661217808025	-3.4982439167663415e-10	3.4982439167663415e-10	9.089969361527611e-10
0.8945577584859574	0.8945577565100393	1.975918095808993e-09	1.975918095808993e-09	2.208821148847048e-09
0.06240283426721581	0.06240283255465329	1.7125625223490815e-09	1.7125625223490815e-09	2.744366569979338e-08
0.11327948699323703	0.11327950232953299	-1.5336295955403756e-08	1.5336295955403756e-08	1.3538458164380069e-07
-0.5223795344876139	-0.5223795506026363	1.6115022427598547e-08	1.6115022427598547e-08	3.0849260669075174e-08
7.830660274896597	7.830660424588132	-1.496915347232175e-07	1.496915347232175e-07	1.9116080824384143e-08
0.17294583575443123	0.17294582903559785	6.718833378549505e-09	6.718833378549505e-09	3.884935042951651e-08
-4.97556048916368	-4.975560586899519	9.773583897754179e-08	9.773583897754179e-08	1.9643181746137262e-08
-0.062025568898345665	-0.06202556960488437	7.065387025440018e-10	7.065387025440018e-10	1.1391087822216596e-08
-2.936117318100954	-2.9361173710640287	5.296307481472695e-08	5.296307481472695e-08	1.8038473629174615e-08
-0.3562500670125205	-0.35625008877104847	2.1758527979365283e-08	2.1758527979365283e-08	6.10765582778138e-08
-0.6308888087192001	-0.6308888032435789	-5.475621178696599e-09	5.475621178696599e-09	8.679217483367538e-09
5.760311961754073	5.760312105849152	-1.4409507986812287e-07	1.4409507986812287e-07	2.5015152100242238e-08
1.6912143791776897	1.6912144292291487	-5.005145897740704e-08	5.005145897740704e-08	2.9594981921655192e-08
-2.1815787268247018	-2.181578793170047	6.634534521765545e-08	6.634534521765545e-08	3.04116209063981e-08
-1.7520202983039228	-1.752020298226853	-7.706990601263897e-11	7.706990601263897e-11	4.39891627324455e-11
1.5459669379514855	1.5459669430128997	-5.061414176665835e-09	5.061414176665835e-09	3.2739472316093404e-09
-1.167395937333722	-1.1673959352265229	-2.1071990818910535e-09	2.1071990818910535e-09	1.805042329257885e-09
1.6634399616862996	1.6634399435133673	1.8172932270132947e-08	1.8172932270132947e-08	1.0924910239447581e-08
-0.028903343852468635	-0.02890333689720137	-6.955267264907583e-09	6.955267264907583e-09	2.4063884443299573e-07
3.071907339410563	3.071907399316842	-5.990627904850498e-08	5.990627904850498e-08	1.9501330095457824e-08
1.4174545355063308	1.4174545322021004	3.304230444811651e-09	3.304230444811651e-09	2.3311015359172294e-09
-1.4420166971203021	-1.4420167281059548	3.0985652710313616e-08	3.0985652710313616e-08	2.1487721170075048e-08
-0.23037920495737024	-0.2303792007296579	-4.2277123468714706e-09	4.2277123468714706e-09	1.8351102251845056e-08
-7.510193114563984	-7.510193263442488	1.4887850419142978e-07	1.4887850419142978e-07	1.9823525430087845e-08
0.1571608445533604	0.1571608390804613	5.4728991061292476e-09	5.4728991061292476e-09	3.482355367638056e-08
0.042606767610442096	0.04260676632839022	1.2820518743850151e-09	1.2820518743850151e-09	3.009033414848417e-08
1.146072153188516	1.1460721452749567	7.913559363359468e-09	7.913559363359468e-09	6.904939921402816e-09
-2.60793650352457	-2.6079365761688678	7.264429768838454e-08	7.264429768838454e-08	2.7855086805298877e-08
0.35871221161867584	0.35871222735295305	-1.5734277214463077e-08	1.5734277214463077e-08	4.386323271087628e-08
0.5328537340858357	0.5328537326931837	1.3926519937257353e-09	1.3926519937257353e-09	2.6135727398344505e-09
-0.44500794385014586	-0.44500794501800556	1.1678596978370592e-09	1.1678596978370592e-09	2.624356967052997e-09
0.8725311149864019	0.8725311226953636	-7.708961691221816e-09	7.708961691221816e-09	8.835171100278708e-09
-0.6118741056940505	-0.611874093010556	-1.2683494587939492e-08	1.2683494587939492e-08	2.0728928500009928e-08
-0.23475991051221987	-0.23475990474253194	-5.769687921874933e-09	5.769687921874933e-09	2.457697274328534e-08
-5.927998231118288	-5.9279983452142915	1.1409600375600348e-07	1.1409600375600348e-07	1.9246969939543964e-08
-0.7938033033036151	-0.7938033149912371	1.168762198133777e-08	1.168762198133777e-08	1.4723574382591691e-08
6.8094262810715405	6.809426404288388	-1.2321684739191596e-07	1.2321684739191596e-07	1.8095040948519734e-08
0.04756503300850803	0.04756502676173113	6.246776894369699e-09	6.246776894369699e-09	1.3133128475391427e-07
-2.8894285636294526	-2.8894286197100882	5.60806356908472e-08	5.60806356908472e-08	1.94089019527112e-08
0.11402556892340793	0.11402556538087083	3.5425370970010306e-09	3.5425370970010306e-09	3.106791862955393e-08
1.3851323579280193	1.3851323410563054	1.687171380382324e-08	1.687171380382324e-08	1.2180578778089602e-08
-0.05110200452422369	-0.05110201527713798	1.0752914288147952e-08	1.0752914288147952e-08	2.104205967703437e-07
-0.5163875123675657	-0.5163875175639987	5.196432950604901e-09	5.196432950604901e-09	1.0063049214300265e-08
2.538133027550285	2.538133094276418	-6.672613306335506e-08	6.672613306335506e-08	2.628945462632301e-08
0.3955467972388604	0.3955467946070712	2.6317891754779055e-09	2.6317891754779055e-09	6.653546922511514e-09
1.705233029949952	1.70523303495429	-5.0043378330144606e-09	5.0043378330144606e-09	2.934694405468639e-09
-0.9388482066781221	-0.9388482112626662	4.58454407770148e-09	4.58454407770148e-09	4.883157942989245e-09
-0.42101420577949417	-0.42101421058760025	4.808106079945418e-09	4.808106079945418e-09	1.1420294170462408e-08
-0.8709609194824596	-0.8709609028301202	-1.6652339396294735e-08	1.6652339396294735e-08	1.9119502406824235e-08
-2.819430585709021	-2.819430637828191	5.211916986880283e-08	5.211916986880283e-08	1.8485707764178233e-08
-0.12909058788655242	-0.1290905856876634	-2.19888901531462e-09	2.19888901531462e-09	1.703368968500671e-08
5.772523723044851	5.772523832092702	-1.0904785074927759e-07	1.0904785074927759e-07	1.88908449720078e-08
0.9898079354418818	0.9898079315462383	3.895643585494213e-09	3.895643585494213e-09	3.935757075694764e-09
2.747895477859092	2.7478955325932475	-5.4734155430224973e-08	5.4734155430224973e-08	1.9918572548060963e-08
0.538628817508637	0.5386287966757664	2.0832870650799862e-08	2.0832870650799862e-08	3.867760129723435e-08
-0.18879197921605892	-0.18879197341448162	-5.801577301900451e-09	5.801577301900451e-09	3.072999883782648e-08
0.1075458787815165	0.10754586128314259	1.7498373916513543e-08	1.7498373916513543e-08	1.6270613169717223e-07
-6.181201953875593	-6.181202052175649	9.830005609501313e-08	9.830005609501313e-08	1.590306494247115e-08
-0.6831687466621983	-0.6831687733210856	2.6658887319896962e-08	2.6658887319896962e-08	3.902240471354407e-08
-2.0262889795055803	-2.026288984779967	5.274386705167444e-09	5.274386705167444e-09	2.602978527995749e-09
-2.0065022478164085	-2.0065022545168176	6.700409116433548e-09	6.700409116433548e-09	3.3393479243421327e-09
-0.20683847997784738	-0.20683847651525866	-3.462588715752446e-09	3.462588715752446e-09	1.6740544197207856e-08
1.043166021291795	1.0431660302856471	-8.99385210750836e-09	8.99385210750836e-09	8.621688133947179e-09
0.7476596208296821	0.7476596147171222	6.112559902682335e-09	6.112559902682335e-09	8.175591850071016e-09
-0.687465907199669	-0.6874659220557078	1.4856038732524723e-08	1.4856038732524723e-08	2.1609855233460915e-08
1.5638141931562755	1.5638141667295713	2.6426704158311054e-08	2.6426704158311054e-08	1.6898877292431744e-08
6.134206795992185	6.134206901151629	-1.0515944381950248e-07	1.0515944381950248e-07	1.714312009960423e-08
0.1722409345519172	0.1722409524518298	-1.789991260769952e-08	1.789991260769952e-08	1.0392368489096937e-07
2.4877798259953177	2.48777987962967	-5.363435251481974e-08	5.363435251481974e-08	2.1559123502161836e-08
0.4504834316867713	0.4504834305407712	1.1460000726160047e-09	1.1460000726160047e-09	2.5439338985786224e-09
-0.4073211033375921	-0.40732107663643546	-2.670115661906891e-08	2.670115661906891e-08	6.555308919739105e-08
-0.05971652531126813	-0.05971652626612922	9.54861092972159e-10	9.54861092972159e-10	1.5989897067771672e-08
0.44554647316318463	0.44554648411576636	-1.0952581730450106e-08	1.0952581730450106e-08	2.4582355354967972e-08
5.493697498882758	5.49369764939911	-1.5051635138263464e-07	1.5051635138263464e-07	2.7398004970831547e-08
1.1476327547048202	1.1476327608761494	-6.1713292254239605e-09	6.1713292254239605e-09	5.3774425661206165e-09
0.2406190839946163	0.24061908789008157	-3.895465283676458e-09	3.895465283676458e-09	1.6189344664630246e-08
-0.48216248144374924	-0.48216248615062796	4.706878720117658e-09	4.706878720117658e-09	9.76201778708238e-09
-0.8202315165328335	-0.820231493889878	-2.2642955510576712e-08	2.2642955510576712e-08	2.7605566299487987e-08
-0.8479071581098891	-0.8479071493638912	-8.745997925885263e-09	8.745997925885263e-09	1.0314806099032575e-08
-7.775111047773473	-7.7751111894031055	1.4162963246633353e-07	1.4162963246633353e-07	1.821576972934572e-08
-0.7167253689724795	-0.7167253670559148	-1.9165646847341122e-09	1.9165646847341122e-09	2.674057271729841e-09
-4.296646307542122	-4.2966463888660655	8.132394313520308e-08	8.132394313520308e-08	1.8927306860807e-08
1.0442943556147637	1.0442943403177196	1.5297044075879285e-08	1.5297044075879285e-08	1.4648211008355107e-08
2.930694038079394	2.930694099632092	-6.155269760554916e-08	6.155269760554916e-08	2.100277163217188e-08
1.303454114514452	1.3034541052547866	9.259665478822399e-09	9.259665478822399e-09	7.1039443396683776e-09
0.7814017973524394	0.7814017953933217	1.959117756911155e-09	1.959117756911155e-09	2.5071835815441885e-09
-3.9759142771225853	-3.9759143692208454	9.209826012934741e-08	9.209826012934741e-08	2.3164045728873204e-08
0.2744064578783675	0.2744064704529592	-1.2574591701230986e-08	1.2574591701230986e-08	4.582469304277365e-08
2.1410837356639543	2.1410837825897033	-4.692574906428604e-08	4.692574906428604e-08	2.1916821039105353e-08
-0.7071637903983905	-0.7071637901390204	-2.5937008096832415e-10	2.5937008096832415e-10	3.667751155955036e-10
0.008232624803044482	0.008232618711190298	6.091854184292478e-09	6.091854184292478e-09	7.399649965876821e-07
0.5796037555650785	0.5796037567051826	-1.1401041222214303e-09	1.1401041222214303e-09	1.967040605369953e-09
-0.360303047848111	-0.3603030381782446	-9.669866407602257e-09	9.669866407602257e-09	2.6838147679723974e-08
0.2715970730246723	0.27159705950907664	1.35155956426658e-08	1.35155956426658e-08	4.976340684436619e-08
-0.2546409424922038	-0.25464094505878165	2.566577839147044e-09	2.566577839147044e-09	1.0079203344236849e-08
-0.5138683022447634	-0.5138683036420844	1.397320925633494e-09	1.397320925633494e-09	2.719219923722651e-09
-4.91140265757311	-4.911402752441063	9.486795349289423e-08	9.486795349289423e-08	1.9315857425498014e-08
-0.20246134939285315	-0.2024613559115096	6.5186564479624565e-09	6.5186564479624565e-09	3.219704139832511e-08
-0.5110602747130897	-0.5110602842250955	9.512005849643401e-09	9.512005849643401e-09	1.8612297453531212e-08
-0.7692476826938165	-0.769247681091656	-1.6021605153682117e-09	1.6021605153682117e-09	2.082762875225871e-09
-0.18619259750274952	-0.18619260117702652	3.67427699377032e-09	3.67427699377032e-09	1.9733743677516833e-08
3.530859515323387	3.5308596488903277	-1.3356694061883445e-07	1.3356694061883445e-07	3.782844942971378e-08
-4.500909014267904	-4.50090908088896	6.66210553390556e-08	6.66210553390556e-08	1.4801688976130493e-08
-0.4836117754081105	-0.4836118023376912	2.692958067651574e-08	2.692958067651574e-08	5.568429481228077e-08
1.3851054758882804	1.3851054791302886	-3.242008217441139e-09	3.242008217441139e-09	2.3406219048856264e-09
1.6248846630454452	1.624884666853177	-3.8077316855122945e-09	3.8077316855122945e-09	2.3433858243056104e-09
0.10957033125585844	0.10957032827718649	2.9786719479840684e-09	2.9786719479840684e-09	2.7185022750625357e-08
0.08956252823910009	0.08956251804193016	1.0197169927894656e-08	1.0197169927894656e-08	1.1385531570381577e-07
-2.0666429649118956	-2.066642955469433	-9.442462367559301e-09	9.442462367559301e-09	4.568985803487275e-09
5.516205494111348	5.516205596904911	-1.0279356299491837e-07	1.0279356299491837e-07	1.863483206067149e-08
0.06933352677385328	0.06933353233762318	-5.563769903127458e-09	5.563769903127458e-09	8.024645740688962e-08
1.500755109090032	1.5007551292001153	-2.0110083376323473e-08	2.0110083376323473e-08	1.3399976621446935e-08
-0.2739645182974784	-0.27396451059757965	-7.699898774138347e-09	7.699898774138347e-09	2.8105459867535036e-08
-2.95213810609019	-2.952138165710494	5.962030380501915e-08	5.962030380501915e-08	2.019563504905949e-08
-0.0295398165912611	-0.02953982857434312	1.1983082019717539e-08	1.1983082019717539e-08	4.056586466167346e-07
-0.6939205939353791	-0.6939206014067167	7.471337659659127e-09	7.471337659659127e-09	1.0766848145098993e-08
-1.1947241494233873	-1.1947241773668793	2.7943491964776968e-08	2.7943491964776968e-08	2.338907435516676e-08
-0.5775231030242352	-0.5775231238658307	2.0841595560483483e-08	2.0841595560483483e-08	3.6087899256921825e-08
-1.3893114406194842	-1.3893114464735845	5.854100315616506e-09	5.854100315616506e-09	4.213670271804718e-09
-1.4089697519926025	-1.408969760632317	8.639714499381057e-09	8.639714499381057e-09	6.131937528937397e-09
-0.5350943713988121	-0.535094377482892	6.084079906543138e-09	6.084079906543138e-09	1.1370106343369855e-08
-2.1881341654592332	-2.1881341717744363	6.3152030271851345e-09	6.3152030271851345e-09	2.8861132589005278e-09
-0.37784203601814187	-0.3778420568778529	2.085971101406514e-08	2.085971101406514e-08	5.520749155888937e-08
0.35290805922401514	0.35290805953991367	-3.15898529557046e-10	3.15898529557046e-10	8.95129825744567e-10
0.2978931920236758	0.2978932116093347	-1.9585658872500744e-08	1.9585658872500744e-08	6.574725236065189e-08
-0.8212047529418642	-0.8212047578126658	4.870801539880176e-09	4.870801539880176e-09	5.931287565532388e-09
-1.2207869071163528	-1.2207869303892949	2.3272942017982245e-08	2.3272942017982245e-08	1.9063885664497963e-08
0.5215433856780405	0.5215433793637203	6.3143201778359526e-09	6.3143201778359526e-09	1.2106989276888103e-08
-1.6548349624492102	-1.6548349958611652	3.3411954980522296e-08	3.3411954980522296e-08	2.019050584420304e-08
-0.21597128885528066	-0.21597127670247573	-1.215280492905535e-08	1.215280492905535e-08	5.627046536356402e-08
0.7335906305722536	0.7335906366279232	-6.055669632409888e-09	6.055669632409888e-09	8.254835026567922e-09
-0.4581445050974252	-0.4581445273288409	2.2231415708340307e-08	2.2231415708340307e-08	4.85248987186101e-08
2.0846688242418647	2.0846688903475297	-6.610566494202885e-08	6.610566494202885e-08	3.171039168107175e-08
-2.478512662949106	-2.478512710695213	4.774610706803628e-08	4.774610706803628e-08	1.926401578728456e-08
1.1031759496702669	1.1031759504476213	-7.773544030698076e-10	7.773544030698076e-10	7.046513326384196e-10
0.9705039891019176	0.970503988355631	7.46286588082512e-10	7.46286588082512e-10	7.689680789185717e-10
-0.6404616722236758	-0.6404616715371958	-6.864799839689795e-10	6.864799839689795e-10	1.0718517808966283e-09
-0.06418370073084574	-0.06418370503524784	4.30440209864269e-09	4.30440209864269e-09	6.706378799647584e-08
0.2965803816869758	0.2965803651022725	1.6584703332878092e-08	1.6584703332878092e-08	5.59197585441856e-08
-2.083228631298964	-2.0832286736549577	4.235599382340638e-08	4.235599382340638e-08	2.0331898854997966e-08
-0.08083014011531195	-0.08083014108706266	9.717507076789644e-10	9.717507076789644e-10	1.2022133158406862e-08
-4.668196121827705	-4.66819620669412	8.48664143404676e-08	8.48664143404676e-08	1.8179701993163146e-08
0.6024808098995653	0.6024808089932776	9.06287711543996e-10	9.06287711543996e-10	1.5042598812318618e-09
0.05526738174329217	0.05526738732442027	-5.581128101339594e-09	5.581128101339594e-09	1.0098412346115851e-07
-0.35063830380211247	-0.3506383063722751	2.570162638271256e-09	2.570162638271256e-09	7.3299540021781605e-09
-0.12867322275322804	-0.1286732185690198	-4.184208229895958e-09	4.184208229895958e-09	3.2518096153700234e-08
-3.336104872626004	-3.3361049554514466	8.282544250448609e-08	8.282544250448609e-08	2.482699005780664e-08
-6.1470937681946065	-6.147093904473877	1.3627927053505573e-07	1.3627927053505573e-07	2.216970745430499e-08
0.549054505926251	0.5490544526765007	5.324975038689672e-08	5.324975038689672e-08	9.69844520209606e-08
0.599983393355657	0.5999833911118913	2.243765728771052e-09	2.243765728771052e-09	3.739713054759496e-09
-0.604793642981466	-0.6047936494724127	6.490946669046593e-09	6.490946669046593e-09	1.0732498174167333e-08
-0.8856047827519461	-0.8856047816152568	-1.1366892982422883e-09	1.1366892982422883e-09	1.2835175694400803e-09
0.5194558094933389	0.5194558070797939	2.4135450304996198e-09	2.4135450304996198e-09	4.64629519275897e-09
-0.7035799695502818	-0.7035799626464723	-6.903809524061444e-09	6.903809524061444e-09	9.812402033665427e-09
1.7391896449680424	1.7391896835761145	-3.860807207267669e-08	3.860807207267669e-08	2.2198885661710637e-08
-0.12725842360601322	-0.12725840861094184	-1.4995071379031444e-08	1.4995071379031444e-08	1.178316606015454e-07
3.441991078450003	3.4419911480654264	-6.961542320382819e-08	6.961542320382819e-08	2.022533516710258e-08
-0.6303745514430801	-0.6303745431068819	-8.336198176195353e-09	8.336198176195353e-09	1.3224198465994187e-08
2.2766884250241595	2.2766884649172425	-3.989308305918371e-08	3.989308305918371e-08	1.752241660329976e-08
-0.23772676802361065	-0.2377267674091854	-6.144252329143285e-10	6.144252329143285e-10	2.584585816828607e-09
0.4717773508229942	0.47177734813885763	2.6841365796670402e-09	2.6841365796670402e-09	5.6894138198552465e-09
4.203208351625582	4.203208391118096	-3.949251414780974e-08	3.949251414780974e-08	9.395802169201556e-09
2.774605663328563	2.7746057230615406	-5.97329776752531e-08	5.97329776752531e-08	2.152845662529005e-08
0.7273956530166805	0.7273956816788996	-2.866221904263e-08	2.866221904263e-08	3.940389102376547e-08
-0.5932900606387512	-0.5932900648986106	4.259859354149853e-09	4.259859354149853e-09	7.180061890070398e-09
1.4451512719312627	1.4451512788582477	-6.926984985611284e-09	6.926984985611284e-09	4.793259446365252e-09
-1.034658236422409	-1.0346582348574884	-1.5649206375201175e-09	1.5649206375201175e-09	1.5125000530911772e-09
-0.5674208583115392	-0.5674208568962058	-1.4153334060296174e-09	1.4153334060296174e-09	2.4943274208163434e-09
-0.574520799495949	-0.5745207909058081	-8.590140931907797e-09	8.590140931907797e-09	1.4951836277197075e-08
-0.8894410840312222	-0.8894411030269112	1.8995688910727893e-08	1.8995688910727893e-08	2.1356882711818923e-08
0.5460748632483395	0.5460748707264429	-7.478103358771193e-09	7.478103358771193e-09	1.3694282344892264e-08
-0.11980917006437342	-0.11980916497122962	-5.09314379559811e-09	5.09314379559811e-09	4.251046721099533e-08
0.23359258101499192	0.2335925682928064	1.2722185527280772e-08	1.2722185527280772e-08	5.446314036174062e-08
-4.418958536626569	-4.418958624228253	8.760168412891289e-08	8.760168412891289e-08	1.982405659678083e-08
-0.029930974234311125	-0.029930970413261093	-3.821050031938e-09	3.821050031938e-09	1.276620667949315e-07
-0.2897373552202027	-0.28973735879844753	3.578244811563991e-09	3.578244811563991e-09	1.2349960221195835e-08
-0.49900021776738324	-0.4990002162230667	-1.5443165635176115e-09	1.5443165635176115e-09	3.0948214219768512e-09
-0.3389545068414757	-0.33895451906573726	1.2224261547455484e-08	1.2224261547455484e-08	3.606460837876571e-08
4.710916396281827	4.710916496151185	-9.986935811667763e-08	9.986935811667763e-08	2.1199560704473818e-08
0.5201468372773275	0.520146841154201	-3.876873488906085e-09	3.876873488906085e-09	7.453421247737102e-09
-2.148466255676742	-2.148466255675885	-8.570921750106208e-13	8.570921750106208e-13	3.98932109241179e-13
-2.0234322222653605	-2.02343222554191	3.276549698227882e-09	3.276549698227882e-09	1.6193029161903812e-09
0.3670091766867565	0.3670091564345057	2.02522507652958e-08	2.02522507652958e-08	5.5181864791847315e-08
0.17086469255483802	0.17086468687921297	5.675625053269684e-09	5.675625053269684e-09	3.3217073512411733e-08
-5.739454774795502	-5.739454882132122	1.0733662048068027e-07	1.0733662048068027e-07	1.8701536067858415e-08
0.3848870578868969	0.3848870528599946	5.02690233883385e-09	5.02690233883385e-09	1.3060720634340106e-08
0.5864274098459474	0.5864274226041744	-1.2758226919373783e-08	1.2758226919373783e-08	2.17558502641023e-08
-0.6324805562109399	-0.6324805417534662	-1.4457473662687903e-08	1.4457473662687903e-08	2.285836856282134e-08
-1.373045962137091	-1.3730459977523424	3.5615251414711224e-08	3.5615251414711224e-08	2.5938863225873016e-08
1.5564194172243417	1.5564194336548098	-1.6430468097183848e-08	1.6430468097183848e-08	1.0556581288664023e-08
-0.03189168520332096	-0.031891681828710716	-3.3746102440224135e-09	3.3746102440224135e-09	1.0581473580050912e-07
7.700911824793592	7.700912028667517	-2.0387392485332612e-07	2.0387392485332612e-07	2.647399807863539e-08
-0.41977361364406357	-0.41977364617196145	3.252789787522303e-08	3.252789787522303e-08	7.74891437145076e-08
2.2033504431594095	2.2033504592400277	-1.6080618170377647e-08	1.6080618170377647e-08	7.298257170257249e-09
-3.150192082820298	-3.150192083012371	1.9207302415225058e-10	1.9207302415225058e-10	6.097184524071682e-11
1.404120824099285	1.4041208260096028	-1.9103176818191514e-09	1.9103176818191514e-09	1.3605080481906401e-09
0.32079269195915655	0.3207926965842489	-4.625092364651806e-09	4.625092364651806e-09	1.4417698658922924e-08
0.6966394143719792	0.6966394084884087	5.883570519671366e-09	5.883570519671366e-09	8.44564691329647e-09
-0.08681224098104345	-0.08681223334860988	-7.632433574045194e-09	7.632433574045194e-09	8.791886360486688e-08
4.57570321380306	4.575703301270551	-8.746749013965882e-08	8.746749013965882e-08	1.911563885433052e-08
-0.38466091776115263	-0.38466091609734576	-1.6638068700558506e-09	1.6638068700558506e-09	4.325385796248107e-09
-3.214192080078978	-3.2141921428774367	6.27984588774666e-08	6.27984588774666e-08	1.953786746805858e-08
0.7251478839642341	0.7251478928083088	-8.844074694813742e-09	8.844074694813742e-09	1.219623595460971e-08
-6.5708472741347705	-6.57084739941638	1.2528160908686914e-07	1.2528160908686914e-07	1.9066279257474577e-08
0.2926114845967059	0.2926114802903612	4.3063446697466645e-09	4.3063446697466645e-09	1.471693660856107e-08
-0.029243536511481365	-0.02924354703282006	1.052133869611227e-08	1.052133869611227e-08	3.59783389809282e-07
-7.312928604531538	-7.312928792089224	1.875576858267891e-07	1.875576858267891e-07	2.5647411040026684e-08
-0.7299929973577717	-0.7299930257431697	2.8385398032071407e-08	2.8385398032071407e-08	3.8884479898866265e-08
-1.437211850277961	-1.4372119585459586	1.0826799767826856e-07	1.0826799767826856e-07	7.533196839236277e-08
-0.9790178630946866	-0.9790178683033446	5.208657949395956e-09	5.208657949395956e-09	5.320288981174796e-09
-0.7758683440543789	-0.775868347773212	3.7188331303283917e-09	3.7188331303283917e-09	4.793123935041932e-09
-0.7479994754430314	-0.7479994746972807	-7.457506834285255e-10	7.457506834285255e-10	9.969935914551624e-10
0.47774501343259446	0.47774502945685526	-1.602426080715702e-08	1.602426080715702e-08	3.354145068312241e-08
0.6148049922909493	0.6148049806142808	1.1676668520976818e-08	1.1676668520976818e-08	1.8992475122015554e-08
4.673895032308387	4.673895118685323	-8.637693582613792e-08	8.637693582613792e-08	1.8480717951313785e-08
0.3429320290658363	0.34293203498236835	-5.916532042071765e-09	5.916532042071765e-09	1.725278346904105e-08
2.3093951480799157	2.3093951949704206	-4.689050481232471e-08	4.689050481232471e-08	2.0304236306770866e-08
0.8112802023924458	0.8112802152027143	-1.2810268512630785e-08	1.2810268512630785e-08	1.579018996747808e-08
0.49596727453274714	0.4959672833138029	-8.781055771400759e-09	8.781055771400759e-09	1.7704909622662965e-08
-0.29388197113827347	-0.29388197617663536	5.038361894360577e-09	5.038361894360577e-09	1.7144168030607068e-08
-0.07437503830758448	-0.07437503427354386	-4.0340406154415476e-09	4.0340406154415476e-09	5.42391736157287e-08
3.5739055183438984	3.5739056056627305	-8.731883216483993e-08	8.731883216483993e-08	2.4432328083844352e-08
-1.5137458835217583	-1.5137459104153095	2.6893551163809093e-08	2.6893551163809093e-08	1.7766225795601e-08
3.5791278717507944	3.5791279242403107	-5.248951628900045e-08	5.248951628900045e-08	1.4665448726570438e-08
-1.8693133833917972	-1.8693133870328893	3.641092094497367e-09	3.641092094497367e-09	1.947823263261907e-09
0.01866263846461903	0.018662635739019606	2.725599423242242e-09	2.725599423242242e-09	1.460457709883564e-07
-0.09050264546121815	-0.09050264907273231	3.6115141571757547e-09	3.6115141571757547e-09	3.990506729135721e-08
0.14823895043321825	0.14823895071458537	-2.813671240442517e-10	2.813671240442517e-10	1.8980647341469663e-09
-0.36797018347647026	-0.36797016491618706	-1.8560283199242633e-08	1.8560283199242633e-08	5.0439638950881096e-08
-4.232363784770648	-4.232363862683997	7.791334866169564e-08	7.791334866169564e-08	1.8408944179621782e-08
-0.05144641166392278	-0.051446409088384826	-2.5755379565173264e-09	2.5755379565173264e-09	5.006253834265847e-08
1.8336321322978884	1.8336321681999834	-3.590209507464692e-08	3.590209507464692e-08	1.9579769814381905e-08
0.5431916379905356	0.5431916360976174	1.8929181555549235e-09	1.8929181555549235e-09	3.4848072451143016e-09
-3.344935991923389	-3.3449360489612445	5.703785532773509e-08	5.703785532773509e-08	1.705200203096785e-08
-0.44320627613424146	-0.4432062814885285	5.3542870137590626e-09	5.3542870137590626e-09	1.2080801428311268e-08
0.3992566541057287	0.39925665078044403	3.3252846587394913e-09	3.3252846587394913e-09	8.328689389504602e-09
-0.09576328047487154	-0.09576327101967763	-9.455193905605341e-09	9.455193905605341e-09	9.873506691415403e-08
-0.2697835524641994	-0.26978358164342353	2.9179224148023764e-08	2.9179224148023764e-08	1.0815790614921154e-07
-2.979076675651389	-2.9790767166559817	4.10045926102498e-08	4.10045926102498e-08	1.3764195109642136e-08
0.3506136771917116	0.3506136863506981	-9.158986513657652e-09	9.158986513657652e-09	2.612273025689646e-08
0.1684726377969854	0.168472633959027	3.837958395536134e-09	3.837958395536134e-09	2.2780900481661535e-08
-0.21766558236096695	-0.21766558347735554	1.1163885926812611e-09	1.1163885926812611e-09	5.128916480832931e-09
1.2841640316329208	1.2841640364058549	-4.772934047991839e-09	4.772934047991839e-09	3.7167635367599095e-09
-1.6696494872959935	-1.669649491304881	4.0088874442290034e-09	4.0088874442290034e-09	2.401035351869822e-09
-3.734727185872579	-3.7347272564147715	7.054219253177507e-08	7.054219253177507e-08	1.888817817767689e-08
0.8731587905606683	0.8731587831789511	7.381717126442311e-09	7.381717126442311e-09	8.454037462879346e-09
-0.8950269274484576	-0.8950269420893164	1.4640858858605554e-08	1.4640858858605554e-08	1.635800936218054e-08
-0.024356625180402578	-0.02435662736388622	2.1834836404222013e-09	2.1834836404222013e-09	8.964639494387094e-08
3.535030070968019	3.5350301459402544	-7.497223553087906e-08	7.497223553087906e-08	2.1208372779230405e-08
-0.3418109843397879	-0.341810964528122	-1.9811665918911814e-08	1.9811665918911814e-08	5.7960881383546786e-08
-0.0037638514358633293	-0.0037638483263435774	-3.1095197519301343e-09	3.1095197519301343e-09	8.261536898883714e-07
-0.43356401994126476	-0.4335639869168517	-3.302441303754122e-08	3.302441303754122e-08	7.6169634745095e-08
-4.871527571833422	-4.871527648901974	7.706855242872734e-08	7.706855242872734e-08	1.5820202450321397e-08
3.879703989367645	3.8797040633653523	-7.399770751703727e-08	7.399770751703727e-08	1.9073029210431645e-08
2.6156859852091476	2.615685989439953	-4.2308054837292275e-09	4.2308054837292275e-09	1.6174745392424988e-09
1.969931677493288	1.969931677194836	2.98451929836574e-10	2.98451929836574e-10	1.515036959131243e-10
0.11944826820553499	0.1194482683786191	-1.730841164837571e-10	1.730841164837571e-10	1.449029936423446e-09
-0.1844836652570912	-0.1844836742748157	9.017724511561909e-09	9.017724511561909e-09	4.888088329660549e-08
-1.3002711007862156	-1.3002711057197303	4.9335147078721775e-09	4.9335147078721775e-09	3.794220070636887e-09
-2.8570865362871993	-2.857086587937374	5.1650174803796745e-08	5.1650174803796745e-08	1.8077917538653363e-08
-0.05852026972465198	-0.05852026333741378	-6.387238196681189e-09	6.387238196681189e-09	1.0914574089856818e-07
9.774662340532911	9.774662526069733	-1.855368214620512e-07	1.855368214620512e-07	1.8981404676525714e-08
-0.08684611793596737	-0.08684613021614496	1.2280177583146035e-08	1.2280177583146035e-08	1.414015718261621e-07
0.2784732541233019	0.2784732623695163	-8.246214378004879e-09	8.246214378004879e-09	2.9612231178056452e-08
-0.7255407807503556	-0.7255407854245277	4.674172160434864e-09	4.674172160434864e-09	6.442328652568401e-09
0.14287301117149503	0.14287300928117475	1.890320289188452e-09	1.890320289188452e-09	1.3230772373933102e-08
2.3216305121138583	2.3216305635287426	-5.1414884350009515e-08	5.1414884350009515e-08	2.2146023702624394e-08
-4.9718497477897605	-4.9718498803486	1.32558839460728e-07	1.32558839460728e-07	2.6661875596634256e-08
1.402992503247735	1.402992575094686	-7.184695083317649e-08	7.184695083317649e-08	5.1209789551163434e-08
2.0364110870380485	2.0364110878290376	-7.909890520352292e-10	7.909890520352292e-10	3.884230728608532e-10
0.6716438118950192	0.6716438065268449	5.368174349484889e-09	5.368174349484889e-09	7.99259109428668e-09
3.397119654207597	3.397119662622572	-8.41497493908605e-09	8.41497493908605e-09	2.477091122964553e-09
0.33054097428530027	0.3305409791209968	-4.835696509886134e-09	4.835696509886134e-09	1.4629643179160877e-08
-0.4981735764744695	-0.49817357648862526	1.4155732142029365e-11	1.4155732142029365e-11	2.841526088599125e-11
1.1546878391912399	1.1546878658919013	-2.6700661459599928e-08	2.6700661459599928e-08	2.312370543219842e-08
-0.5986592693487557	-0.5986592805129476	1.1164191904278198e-08	1.1164191904278198e-08	1.8648657885850545e-08
4.125704511034653	4.125704585931089	-7.489643660818501e-08	7.489643660818501e-08	1.8153611439662298e-08
-0.09544273421607499	-0.0954427378019318	3.5858568059321527e-09	3.5858568059321527e-09	3.7570767805268963e-08
-1.8185689811195977	-1.818569007809856	2.669025822576998e-08	2.669025822576998e-08	1.4676516812322502e-08
-0.9035524901930431	-0.9035524817591067	-8.433936327101321e-09	8.433936327101321e-09	9.334196318024003e-09
0.19590980361935265	0.19590979718486778	6.434484861594925e-09	6.434484861594925e-09	3.284411878691355e-08
-4.86102506845558	-4.861025163336308	9.488072816310478e-08	9.488072816310478e-08	1.9518666706495673e-08
5.293871136147439	5.293871267895156	-1.317477167361858e-07	1.317477167361858e-07	2.4886838638097988e-08
-1.4492983550818774	-1.4492983837044449	2.8622567427305512e-08	2.8622567427305512e-08	1.974925820273114e-08
1.1291845585883171	1.1291845567029668	1.885350320307566e-09	1.885350320307566e-09	1.66965648437895e-09
0.5872367195802634	0.587236718274653	1.3056103975728206e-09	1.3056103975728206e-09	2.223311918413457e-09
0.015273277939312099	0.015273271856131032	6.083181066512955e-09	6.083181066512955e-09	3.98289161677296e-07
0.2848264046931595	0.2848263966370723	8.056087186236738e-09	8.056087186236738e-09	2.8284200669230353e-08
0.6374095099509711	0.6374095028149895	7.135981583417106e-09	7.135981583417106e-09	1.1195285718228455e-08
1.8354234993163163	1.835423531701963	-3.23856466089012e-08	3.23856466089012e-08	1.7644781501906587e-08
-0.8959154145421347	-0.8959154001786374	-1.4363497391478575e-08	1.4363497391478575e-08	1.6032202547624614e-08
-2.4374885093595715	-2.4374885515499045	4.219033300500996e-08	4.219033300500996e-08	1.7308936162367837e-08
0.249166587970502	0.2491665918569197	-3.886417687670729e-09	3.886417687670729e-09	1.5597667886879076e-08
10.80517749490157	10.805177698784973	-2.0388340260524274e-07	2.0388340260524274e-07	1.88690470565102e-08
-0.3141751683360977	-0.314175176754361	8.418263308662688e-09	8.418263308662688e-09	2.6794807983223597e-08
1.0718237162609443	1.0718237035689526	1.2691991679858461e-08	1.2691991679858461e-08	1.1841491737218186e-08
-1.0422396622282553	-1.0422396599096828	-2.3185724451479928e-09	2.3185724451479928e-09	2.224605845637272e-09
3.8119606146213645	3.8119606597319944	-4.5110629898204024e-08	4.5110629898204024e-08	1.1833970614799961e-08
-2.182452172754128	-2.1824522264068946	5.365276667390617e-08	5.365276667390617e-08	2.4583707878555476e-08
1.8841978062031957	1.8841978089767508	-2.7735551633156774e-09	2.7735551633156774e-09	1.47200848774185e-09
-1.023207282968821	-1.023207282742078	-2.2674306876524497e-10	2.2674306876524497e-10	2.2160032726443587e-10
2.309582103624289	2.3095821097740554	-6.149766473839691e-09	6.149766473839691e-09	2.6627182745264738e-09
0.8153940224301252	0.8153940143529326	8.077192581446013e-09	8.077192581446013e-09	9.905876618243402e-09
1.0720285210042275	1.072028530870739	-9.866511385681065e-09	9.866511385681065e-09	9.2035903825008e-09
5.738700859527889	5.738700970141508	-1.106136187090101e-07	1.106136187090101e-07	1.9275027818423358e-08
0.2934369102265719	0.2934368876594817	2.256709019654579e-08	2.256709019654579e-08	7.690610625337156e-08
-1.242304950536317	-1.2423049747667392	2.4230422113191707e-08	2.4230422113191707e-08	1.950440759551925e-08
-0.8750974202825488	-0.8750974075155682	-1.2766980583833742e-08	1.2766980583833742e-08	1.4589210627214029e-08
-0.9535348041878113	-0.9535348181088921	1.392108073261511e-08	1.392108073261511e-08	1.459944689116263e-08
-0.43579519150693447	-0.4357951911515556	-3.553788374688338e-10	3.553788374688338e-10	8.154721401123558e-10
-0.2216195689928816	-0.22161956167110475	-7.3217768514766135e-09	7.3217768514766135e-09	3.303759178284382e-08
-3.0966444484912112	-3.096644459219533	1.0728321786501738e-08	1.0728321786501738e-08	3.4644990617921717e-09
-4.46569236197319	-4.46569244559214	8.361894998643038e-08	8.361894998643038e-08	1.8724744834299982e-08
3.6570083675128857	3.6570084193954244	-5.188253870969106e-08	5.188253870969106e-08	1.4187153404020274e-08
-0.9093186647939899	-0.9093186645259266	-2.6806334929574405e-10	2.6806334929574405e-10	2.9479582865097677e-10
-0.32668911269986106	-0.3266891098974156	-2.8024454423736245e-09	2.8024454423736245e-09	8.57832518265864e-09
0.2866282298799079	0.28662823297054274	-3.090634859148622e-09	3.090634859148622e-09	1.0782730160401658e-08
0.06044023265679908	0.06044022484275047	7.814048609555702e-09	7.814048609555702e-09	1.292855481534398e-07
0.9729894264471461	0.972989428191795	-1.744648869816956e-09	1.744648869816956e-09	1.7930810164993373e-09
-4.0228438237907005	-4.022843904749607	8.095890624559843e-08	8.095890624559843e-08	2.012479474515403e-08
-0.14715958087403305	-0.14715956694999477	-1.3924038283485984e-08	1.3924038283485984e-08	9.461863237708461e-08
5.543891409744065	5.543891516026633	-1.062825685238522e-07	1.062825685238522e-07	1.9171112972567905e-08
1.1311779241047224	1.1311779235256836	5.790388168946947e-10	5.790388168946947e-10	5.118901320081706e-10
6.941381382090338	6.941381516298861	-1.342085234057322e-07	1.342085234057322e-07	1.933455547508275e-08
0.20640576055397855	0.20640575257857563	7.975402921411856e-09	7.975402921411856e-09	3.8639439616444986e-08
-0.22120526291872042	-0.22120526864455314	5.725832724623459e-09	5.725832724623459e-09	2.5884703867680382e-08
-8.019455454841829	-8.019455613066384	1.5822455523561985e-07	1.5822455523561985e-07	1.973008717694044e-08
2.6093638695148376	2.60936393715383	-6.763899262907103e-08	6.763899262907103e-08	2.592164068005097e-08
-6.8481220663922775	-6.84812222061737	1.5422509225260228e-07	1.5422509225260228e-07	2.2520786101269223e-08
2.752977341247002	2.7529773342394037	7.007598501473922e-09	7.007598501473922e-09	2.5454617429941232e-09
2.3320481499359027	2.332048143216525	6.7193774988538735e-09	6.7193774988538735e-09	2.8813202244724484e-09
1.4175497434790674	1.417549747202429	-3.7233616190235352e-09	3.7233616190235352e-09	2.626617962545254e-09
-0.807798144429107	-0.80779812833498	-1.609412703107438e-08	1.609412703107438e-08	1.9923451349901946e-08
-0.4170000564367401	-0.41700006022438174	3.78764164477019e-09	3.78764164477019e-09	9.0830722593554e-09
11.318994343621746	11.318994556859252	-2.132375058749858e-07	2.132375058749858e-07	1.8838909129338432e-08
-0.4432347119959021	-0.4432347031979589	-8.797943207294878e-09	8.797943207294878e-09	1.984940025946393e-08
0.32553801088129053	0.3255380124755902	-1.5942996922646557e-09	1.5942996922646557e-09	4.897430220048949e-09
-0.6693689893810404	-0.6693689965686644	7.187624051496755e-09	7.187624051496755e-09	1.073791012957306e-08
6.851878823733486	6.8518789566951455	-1.329616594603067e-07	1.329616594603067e-07	1.9405138777375206e-08
0.3736880492004716	0.3736880307769752	1.842349639513685e-08	1.842349639513685e-08	4.93018078436146e-08
-0.6080440474861843	-0.6080440516598173	4.1736329947639206e-09	4.1736329947639206e-09	6.864030676755785e-09
2.64782618371774	2.647826258908026	-7.51902859974507e-08	7.51902859974507e-08	2.8396987105806957e-08
0.15334338483137044	0.15334335785155417	2.6979816269978585e-08	2.6979816269978585e-08	1.7594378981296068e-07
-2.150688627625884	-2.1506886560018756	2.8375991778517573e-08	2.8375991778517573e-08	1.3193909808246602e-08
2.3408728754394965	2.3408728748108842	6.286122733456523e-10	6.286122733456523e-10	2.685375527825837e-10
2.280329637804946	2.2803296360507375	1.7542083341481884e-09	1.7542083341481884e-09	7.692783995198151e-10
0.9943501415889975	0.9943501390807796	2.508217855634598e-09	2.508217855634598e-09	2.5224694508781388e-09
-1.1072528640587378	-1.1072528559452621	-8.113475669091486e-09	8.113475669091486e-09	7.327572528781537e-09
-1.19962027179878	-1.199620264742407	-7.056373041436359e-09	7.056373041436359e-09	5.882172223428356e-09
-1.1713577777976032	-1.1713578078342834	3.0036680254141856e-08	3.0036680254141856e-08	2.5642618185040846e-08
-0.5017303851973348	-0.5017303874410572	2.243722430073092e-09	2.243722430073092e-09	4.4719684042867305e-09
0.3344108711672847	0.3344108745295671	-3.362282396945915e-09	3.362282396945915e-09	1.005434537821582e-08
-0.2870696239439911	-0.2870696289392072	4.9952160741106866e-09	4.9952160741106866e-09	1.7400712779995424e-08
-0.3093571803599148	-0.30935718768887455	7.328959772401333e-09	7.328959772401333e-09	2.369093151118916e-08
-0.6127646621007264	-0.612764652032638	-1.0068088474035619e-08	1.0068088474035619e-08	1.643059578455362e-08
0.447360535833152	0.44736051222571405	2.360743794893594e-08	2.360743794893594e-08	5.27704973013994e-08
-3.0761486704975023	-3.076148718719196	4.822169374918417e-08	4.822169374918417e-08	1.567599583585319e-08
-2.3442524615836993	-2.3442525207428844	5.9159185106238965e-08	5.9159185106238965e-08	2.523584216107551e-08
2.3256852979396148	2.325685391042498	-9.310288318076232e-08	9.310288318076232e-08	4.003245119330831e-08
-0.4882826107942013	-0.48828261697053676	6.1763354430866e-09	6.1763354430866e-09	1.2649099735582777e-08
1.2898800738758298	1.2898800741822924	-3.0646263304845434e-10	3.0646263304845434e-10	2.375900203866208e-10
0.44779722232704616	0.44779722884413786	-6.51709169963155e-09	6.51709169963155e-09	1.4553667094593608e-08
1.3803353671898422	1.3803353476760094	1.9513832771878015e-08	1.9513832771878015e-08	1.4137022955229554e-08
0.5488786251396809	0.5488786200658069	5.073873987626598e-09	5.073873987626598e-09	9.244072833653119e-09
2.117768941701339	2.117768981406698	-3.970535900066352e-08	3.970535900066352e-08	1.874867376644294e-08
0.18861637614559615	0.18861638181988383	-5.6742876786142205e-09	5.6742876786142205e-09	3.008374879514249e-08
-0.22561332625576136	-0.22561333025805652	4.002295161953384e-09	4.002295161953384e-09	1.773962215962489e-08
0.8133938262381956	0.8133938263199525	-8.175693455569899e-11	8.175693455569899e-11	1.0051334534196127e-10
0.019671068377187614	0.019671069821924902	-1.4447372881365439e-09	1.4447372881365439e-09	7.344477993945639e-08
-0.751395187899589	-0.7513951686632936	-1.9236295445423934e-08	1.9236295445423934e-08	2.5600770081048925e-08
0.38507674159929745	0.38507674162246985	-2.3172408436522574e-11	2.3172408436522574e-11	6.017607903370929e-11
1.4880622083868378	1.4880622211421723	-1.275533456635003e-08	1.275533456635003e-08	8.571775087398861e-09
-2.0138497839260627	-2.0138498439337127	6.000764996016983e-08	6.000764996016983e-08	2.9797480645841942e-08
6.148901178015338	6.14890132965229	-1.5163695188391557e-07	1.5163695188391557e-07	2.466082109533251e-08
1.539141652521229	1.5391416536658653	-1.1446363856748576e-09	1.1446363856748576e-09	7.436848868327731e-10
-0.3367089202522093	-0.3367089220773778	1.8251685163228615e-09	1.8251685163228615e-09	5.420612305001403e-09
0.3929592147836164	0.3929592230633716	-8.279755214779527e-09	8.279755214779527e-09	2.1070266081783544e-08
0.1992409818681144	0.19924099433410447	-1.2465990073540212e-08	1.2465990073540212e-08	6.256739932044679e-08
-0.03736242946596359	-0.037362433431553654	3.965590064658464e-09	3.965590064658464e-09	1.0613844231599114e-07
-2.347108242480433	-2.3471082886317163	4.61512832394817e-08	4.61512832394817e-08	1.9663039992867498e-08
-0.10902742590384992	-0.10902742360485718	-2.298992746174733e-09	2.298992746174733e-09	2.108637094855554e-08
-2.8253659868646595	-2.825366045726696	5.88620365782333e-08	5.88620365782333e-08	2.08334201133189e-08
-0.13253513919462764	-0.13253514225652907	3.061901426848479e-09	3.061901426848479e-09	2.3102563180260306e-08
-1.798123881490223	-1.7981239170694607	3.557923777819383e-08	3.557923777819383e-08	1.9786866825163894e-08
0.06537130851763522	0.0653713050269289	3.4907063212186173e-09	3.4907063212186173e-09	5.339814056616183e-08
0.6729514263304793	0.6729514370817924	-1.0751313062051793e-08	1.0751313062051793e-08	1.5976358235359376e-08
1.800123428964996	1.8001234775510966	-4.8586100476200045e-08	4.8586100476200045e-08	2.6990427264276674e-08
4.792774282805536	4.792774407178513	-1.2437297680634174e-07	1.2437297680634174e-07	2.5950101020308806e-08
-0.894771037503421	-0.8947710330176051	-4.4858159409244536e-09	4.4858159409244536e-09	5.013367389986964e-09
1.0129260723383364	1.0129260726898792	-3.5154279487414897e-10	3.5154279487414897e-10	3.470567146747577e-10
0.1507541003379917	0.15075409464770928	5.6902824119298145e-09	5.6902824119298145e-09	3.774545700032148e-08
-0.7517599708662421	-0.7517599669881747	-3.878067422746767e-09	3.878067422746767e-09	5.158651129399888e-09
1.0597641255944978	1.0597641312415362	-5.647038392453396e-09	5.647038392453396e-09	5.328580441695521e-09
0.16206538575927013	0.16206537111429498	1.464497514924723e-08	1.464497514924723e-08	9.036460858459123e-08
3.0144523799666088	3.0144524407660356	-6.079942682646333e-08	6.079942682646333e-08	2.016931076122583e-08
0.04969349137454947	0.04969347173755523	1.9636994239013994e-08	1.9636994239013994e-08	3.951622978350659e-07
-5.842413950141661	-5.842414061589807	1.1144814582308982e-07	1.1144814582308982e-07	1.907570171750455e-08
-0.4029385953586035	-0.40293859456141945	-7.971840410014863e-10	7.971840410014863e-10	1.9784256216310476e-09
1.356749765671947	1.3567497899202863	-2.4248339336452318e-08	2.4248339336452318e-08	1.7872374073669387e-08
-0.17512946475373298	-0.17512946214992553	-2.6038074474321604e-09	2.6038074474321604e-09	1.4867900447783781e-08
1.6814907024472303	1.6814906985018752	3.945355153689434e-09	3.945355153689434e-09	2.346343722238482e-09
-3.2033003767485626	-3.2033004208642524	4.4115689767920685e-08	4.4115689767920685e-08	1.3771949108531406e-08
2.0523184507404477	2.052318473033665	-2.2293217494251394e-08	2.2293217494251394e-08	1.0862455330072346e-08
-4.146874122133987	-4.14687417105597	4.892198290917804e-08	4.892198290917804e-08	1.1797315633010516e-08
-1.2506500276175645	-1.2506500252129626	-2.4046018509693567e-09	2.4046018509693567e-09	1.9226816438408607e-09
1.1834446832458674	1.183444683192647	5.322031704224628e-11	5.322031704224628e-11	4.49706841356348e-11
0.39770005776701384	0.3977000596933067	-1.9262928474539365e-09	1.9262928474539365e-09	4.843582015727098e-09
-0.5469167035168981	-0.5469167126648244	9.147926305352883e-09	9.147926305352883e-09	1.6726361156146765e-08
-1.7791622619211165	-1.7791622622098657	2.887492467351649e-10	2.887492467351649e-10	1.6229506038610394e-10
4.681527682078474	4.681527766479121	-8.440064735992792e-08	8.440064735992792e-08	1.8028441374601948e-08
0.5862086888682091	0.5862086663910304	2.247717867387422e-08	2.247717867387422e-08	3.834330520973823e-08
3.4365459476767293	3.4365460078333854	-6.015665610092924e-08	6.015665610092924e-08	1.7504976513291794e-08
-0.4636858738221281	-0.463685878457909	4.635780870287931e-09	4.635780870287931e-09	9.997675435042984e-09
1.688240849311715	1.6882408817764372	-3.2464722243830124e-08	3.2464722243830124e-08	1.9229911571601757e-08
-0.5428096580051145	-0.5428096437753993	-1.4229715183944336e-08	1.4229715183944336e-08	2.621492630812818e-08
-0.29469220495805	-0.2946922086266568	3.6686068072278033e-09	3.6686068072278033e-09	1.2448944171258404e-08
-1.3749816984621268	-1.3749816753261257	-2.3136001114920646e-08	2.3136001114920646e-08	1.682640659202775e-08
0.6211485699900463	0.6211486015672563	-3.1577209957944774e-08	3.1577209957944774e-08	5.083680697912705e-08
1.5934985298815585	1.5934985549392877	-2.5057729224897685e-08	2.5057729224897685e-08	1.5724977936917317e-08
1.4785736768651776	1.4785736811973038	-4.332126213313359e-09	4.332126213313359e-09	2.9299359789078538e-09
-0.319068898396854	-0.3190688948961906	-3.500663370292756e-09	3.500663370292756e-09	1.0971496713975154e-08
3.176574767400136	3.1765747735335026	-6.133366703409138e-09	6.133366703409138e-09	1.9308113778253627e-09
0.3874266717379447	0.3874266576531227	1.4084822030913102e-08	1.4084822030913102e-08	3.635480739550134e-08
-0.17777278920236614	-0.17777279481379082	5.611424686025046e-09	5.611424686025046e-09	3.156514960024241e-08
-2.506336281693844	-2.5063363364097313	5.471588737648858e-08	5.471588737648858e-08	2.1831023943646633e-08
-1.6519020541101195	-1.6519020618943614	7.78424191771876e-09	7.78424191771876e-09	4.712290234369939e-09
6.835276127622325	6.835276253696065	-1.260737407804413e-07	1.260737407804413e-07	1.844457172270764e-08
0.6890661176873312	0.6890660870340071	3.0653324101237445e-08	3.0653324101237445e-08	4.448531616112144e-08
0.3432856118665915	0.3432856146901031	-2.8235115911989794e-09	2.8235115911989794e-09	8.224963393735999e-09
-0.27595606837858727	-0.2759560629783664	-5.400220881579543e-09	5.400220881579543e-09	1.9569132555443275e-08
-0.522725910868589	-0.5227259043749655	-6.493623527781267e-09	6.493623527781267e-09	1.2422616504682385e-08
-2.6012271812613994	-2.6012272019215743	2.0660174904207906e-08	2.0660174904207906e-08	7.942472327307174e-09
7.253202565461983	7.2532027024863055	-1.3702432255513486e-07	1.3702432255513486e-07	1.88915615300215e-08
-1.8586210300040666	-1.8586210899229627	5.991889606704603e-08	5.991889606704603e-08	3.223836118270702e-08
-0.8125640554012412	-0.812564057923737	2.5224957678204873e-09	2.5224957678204873e-09	3.104365435626965e-09
0.8647591515943099	0.8647591539556743	-2.3613643262976325e-09	2.3613643262976325e-09	2.7306612736553432e-09
0.004246875777825722	0.004246871867508162	3.910317560203158e-09	3.910317560203158e-09	9.207515747505872e-07
0.3826379261866648	0.38263792248471873	3.7019460830123307e-09	3.7019460830123307e-09	9.674801763394426e-09
-0.29789933347158726	-0.2978993279612041	-5.5103831497760325e-09	5.5103831497760325e-09	1.8497467199944563e-08
0.36425549695101694	0.36425550206331536	-5.112298417930816e-09	5.112298417930816e-09	1.40349245535704e-08
0.0005690112588139227	0.0005690071702701971	4.088543725582969e-09	4.088543725582969e-09	7.185347675027286e-06
-6.393371962947633	-6.393372082129645	1.1918201181515542e-07	1.1918201181515542e-07	1.8641495052355305e-08
-0.7522776342365389	-0.7522776377300033	3.49346440664533e-09	3.49346440664533e-09	4.6438498868715256e-09
-1.5973908203316438	-1.5973908557498362	3.541819237895538e-08	3.541819237895538e-08	2.217252780481235e-08
0.4476998131425749	0.44769980377168395	9.37089095209842e-09	9.37089095209842e-09	2.0931192457554495e-08
-0.7685905502341571	-0.7685905484322575	-1.801899629505499e-09	1.801899629505499e-09	2.3444207438623024e-09
2.1843531448505598	2.184353211305279	-6.6454719060971e-08	6.6454719060971e-08	3.0423065619051917e-08
3.2957761462176833	3.2957762687146896	-1.2249700631628002e-07	1.2249700631628002e-07	3.7167878181550865e-08
1.1338217509805197	1.133821838266158	-8.728563827276048e-08	8.728563827276048e-08	7.698356306648428e-08
1.1956966123605575	1.195696618196962	-5.836404470827006e-09	5.836404470827006e-09	4.8811750493335525e-09
-1.4595197290870487	-1.459519730815373	1.7283241504628677e-09	1.7283241504628677e-09	1.1841732016489836e-09
1.754059575966931	1.7540595808895887	-4.922657614869763e-09	4.922657614869763e-09	2.8064369547745447e-09
0.1584787441405967	0.15847874237806536	1.7625313430968959e-09	1.7625313430968959e-09	1.1121563037710853e-08
0.39586116897320356	0.3958611659982125	2.9749910313014993e-09	2.9749910313014993e-09	7.515238332211566e-09
0.17654179633446176	0.17654179828241467	-1.9479529100863147e-09	1.9479529100863147e-09	1.1033947487403385e-08
-0.6242555385209787	-0.6242555446078768	6.086898096668847e-09	6.086898096668847e-09	9.750651329566523e-09
-5.413138362665884	-5.413138460426126	9.776024167962305e-08	9.776024167962305e-08	1.8059808401327783e-08
-0.029562256923161494	-0.029562274903582875	1.7980421380958678e-08	1.7980421380958678e-08	6.082222148225545e-07
-5.071494349759127	-5.071494442745461	9.298633418808322e-08	9.298633418808322e-08	1.83350956888081e-08
1.4515826243290089	1.4515826069327886	1.7396220242105187e-08	1.7396220242105187e-08	1.1984312811781248e-08
0.5358607931304271	0.5358607768357615	1.62946656168117e-08	1.62946656168117e-08	3.0408393048538673e-08
4.169974207309821	4.169974299657042	-9.234722142537066e-08	9.234722142537066e-08	2.2145753626842384e-08
3.863557020815787	3.8635571354461717	-1.1463038473991105e-07	1.1463038473991105e-07	2.966965004588102e-08
-5.1548585234972055	-5.154858640707971	1.1721076553783405e-07	1.1721076553783405e-07	2.273792093489209e-08
0.7065650894140157	0.7065650925142108	-3.100195100635972e-09	3.100195100635972e-09	4.387699232645494e-09
0.5759854952843166	0.5759854957432253	-4.5890868882736413e-10	4.5890868882736413e-10	7.967365369171991e-10
-1.5205250551018687	-1.5205250656435965	1.0541727712976012e-08	1.0541727712976012e-08	6.932952323018289e-09
-0.4462252181028896	-0.44622522182180546	3.7189158419437263e-09	3.7189158419437263e-09	8.334167794806763e-09
0.44854224330346393	0.4485422505240422	-7.220578246425191e-09	7.220578246425191e-09	1.609787785704738e-08
0.46969331604752584	0.4696933183367946	-2.2892687745468265e-09	2.2892687745468265e-09	4.8739649816843195e-09
-0.1231737123179519	-0.12317371329118032	9.732284145247405e-10	9.732284145247405e-10	7.901267212053474e-09
1.249003316003714	1.2490033350331942	-1.9029480213816896e-08	1.9029480213816896e-08	1.5235732339529122e-08
-0.02305800880846364	-0.023058009901433252	1.0929696106498632e-09	1.0929696106498632e-09	4.740086707958405e-08
-0.6702770651712556	-0.6702770861011231	2.0929867505792288e-08	2.0929867505792288e-08	3.122569545243908e-08
-0.29347147378380617	-0.29347146664804313	-7.135763036014708e-09	7.135763036014708e-09	2.4315014144343938e-08
-1.4456260205259945	-1.4456260123552056	-8.170788934336315e-09	8.170788934336315e-09	5.652076552525911e-09
2.706379014823053	2.706379036681028	-2.1857974985550754e-08	2.1857974985550754e-08	8.076464850574471e-09
1.400225682250909	1.4002257330503198	-5.079941090002649e-08	5.079941090002649e-08	3.627944519512366e-08
2.437304624734918	2.437304588056577	3.667834125309355e-08	3.667834125309355e-08	1.504873083194625e-08
0.14292153483284925	0.14292153082351433	4.009334919619079e-09	4.009334919619079e-09	2.8052699855960185e-08
-1.1680200430645256	-1.1680200441333	1.0687744023130108e-09	1.0687744023130108e-09	9.150308752484035e-10
0.14807167922554787	0.14807169009145582	-1.086590795118525e-08	1.086590795118525e-08	7.338275629760318e-08
0.5580759323445155	0.5580759443546413	-1.2010125782779824e-08	1.2010125782779824e-08	2.152059439711807e-08
-0.2448547588744674	-0.2448547638778109	5.003343517273606e-09	5.003343517273606e-09	2.0433923932181895e-08
6.045758604303966	6.045758718755678	-1.1445171210766603e-07	1.1445171210766603e-07	1.893091001453284e-08
0.12003173602168603	0.12003173651464749	-4.929614633164547e-10	4.929614633164547e-10	4.1069260485193e-09
-1.920167235559607	-1.920167269418016	3.385840896541481e-08	3.385840896541481e-08	1.7633052131288568e-08
-1.3408854451182048	-1.3408854147201055	-3.0398099370998466e-08	3.0398099370998466e-08	2.2670168791576927e-08
-1.238289381632403	-1.238289405591786	2.3959382922100758e-08	2.3959382922100758e-08	1.9348775235814232e-08
0.5865098451828562	0.5865098273716285	1.7811227714936706e-08	1.7811227714936706e-08	3.036816493572022e-08
-0.8195865123067488	-0.8195864893423277	-2.296442114246844e-08	2.296442114246844e-08	2.8019520572434072e-08
-1.6537997252758523	-1.6537997407795046	1.5503652361914533e-08	1.5503652361914533e-08	9.374564601120935e-09
-2.8824995637741146	-2.882499597944843	3.417072846900737e-08	3.417072846900737e-08	1.1854547663579505e-08
-5.407841501348808	-5.407841599662788	9.831398006809877e-08	9.831398006809877e-08	1.8179893039316626e-08
-1.3364609752682302	-1.3364609822019702	6.9337400265823135e-09	6.9337400265823135e-09	5.188135048380817e-09
1.6545882343400629	1.6545882408536272	-6.513564354548862e-09	6.513564354548862e-09	3.936667878668202e-09
-0.08497833549064572	-0.08497833732690196	1.8362562442808539e-09	1.8362562442808539e-09	2.160852214483521e-08
-1.0698406600276014	-1.0698406549636275	-5.063973906871411e-09	5.063973906871411e-09	4.733390771239487e-09
0.8577615839278804	0.85776158812223	-4.1943496453811235e-09	4.1943496453811235e-09	4.889878171244587e-09
-1.952273412194526	-1.9522734510246664	3.883014043637445e-08	3.883014043637445e-08	1.9889704072098167e-08
-0.5786470490522341	-0.5786470501334406	1.0812065687204608e-09	1.0812065687204608e-09	1.868507876245751e-09
6.661758573931984	6.6617586844586185	-1.1052663495547677e-07	1.1052663495547677e-07	1.6591209922853808e-08
0.1678677475239941	0.16786773358035134	1.3943642768188269e-08	1.3943642768188269e-08	8.306326244232973e-08
3.159163828777307	3.15916388444748	-5.567017291596699e-08	5.567017291596699e-08	1.7621806254192597e-08
0.002995750938931403	0.0029957482183817774	2.720549625422758e-09	2.720549625422758e-09	9.081361170809446e-07
0.8620947902118615	0.86209477558441	1.4627451583315576e-08	1.4627451583315576e-08	1.696733555218545e-08
-4.309023957019194	-4.3090240706078475	1.1358865315003186e-07	1.1358865315003186e-07	2.636064553899761e-08
-3.7419932779674325	-3.74199333236902	5.44015876791093e-08	5.44015876791093e-08	1.4538130786985012e-08
-0.1777902194063011	-0.17779019799490925	-2.14113918539649e-08	2.14113918539649e-08	1.204306509405548e-07
0.0857245509118849	0.08572455499233911	-4.080454210630968e-09	4.080454210630968e-09	4.759959856570391e-08
2.2246580953522876	2.224658101113164	-5.760876220506361e-09	5.760876220506361e-09	2.5895557760277283e-09
-1.6102279380989433	-1.6102279414553777	3.3564344636971555e-09	3.3564344636971555e-09	2.0844467943214344e-09
0.19322467459530182	0.19322466869198252	5.9033193056112765e-09	5.9033193056112765e-09	3.055158104406409e-08
-0.00025718592472956375	-0.0002571778168203309	-8.10790923283641e-09	8.10790923283641e-09	3.152547808112766e-05
-4.35013570234079	-4.350135786808096	8.446730603850483e-08	8.446730603850483e-08	1.941716576635835e-08
0.009161161490083952	0.00916116732696537	-5.836881417434214e-09	5.836881417434214e-09	6.371333398884038e-07
5.076055505152883	5.076055599602114	-9.44492306587108e-08	9.44492306587108e-08	1.8606815974102735e-08
0.5846902310085436	0.584690233154106	-2.145562394417766e-09	2.145562394417766e-09	3.6695711346448247e-09
2.6130426413735997	2.6130426886084024	-4.723480273582936e-08	4.723480273582936e-08	1.8076552593492855e-08
-0.3866291969406087	-0.38662919905618764	2.1155789342586218e-09	2.1155789342586218e-09	5.47185507716222e-09
-0.40661938464599123	-0.4066193741891766	-1.0456814636405909e-08	1.0456814636405909e-08	2.5716468597555338e-08
5.951158312319857	5.95115847318084	-1.608609832004504e-07	1.608609832004504e-07	2.7030197275619814e-08
2.129115056232593	2.1291150733304676	-1.7097874671634372e-08	1.7097874671634372e-08	8.030507614693478e-09
-1.3106681235782085	-1.3106681763019878	5.272377934240069e-08	5.272377934240069e-08	4.022664349115425e-08
-0.8596736946525798	-0.8596736961408169	1.488237089120048e-09	1.488237089120048e-09	1.731165090170044e-09
-0.3479149239637517	-0.34791492453223327	5.684815951312316e-10	5.684815951312316e-10	1.633967260313502e-09
0.18080496192398546	0.1808049592000316	2.7239538680223774e-09	2.7239538680223774e-09	1.5065703059452484e-08
0.7314828671156538	0.7314828371818294	2.9933824419181576e-08	2.9933824419181576e-08	4.0922112827078396e-08
-0.3777111757687253	-0.37771116694784723	-8.820878083515282e-09	8.820878083515282e-09	2.3353500371184027e-08
6.0404349912555055	6.040435105205688	-1.1395018262305712e-07	1.1395018262305712e-07	1.8864565679130428e-08
-0.2508281945608817	-0.25082818865485024	-5.906031441682558e-09	5.906031441682558e-09	2.354612268378398e-08
-2.5781713178785126	-2.5781713657124783	4.783396567731302e-08	4.783396567731302e-08	1.8553447300264717e-08
0.6520278968701112	0.652027902106056	-5.235944788850588e-09	5.235944788850588e-09	8.030246579915318e-09
-3.268379791301154	-3.2683798508514883	5.95503344413828e-08	5.95503344413828e-08	1.822013910374706e-08
-1.6420426477776118	-1.6420426345575834	-1.322002840531411e-08	1.322002840531411e-08	8.050965316404225e-09
0.0010970214054963397	0.0010970097719109617	1.1633585378020839e-08	1.1633585378020839e-08	1.060470225989556e-05
-2.032475857374979	-2.0324759134382475	5.6063268694117596e-08	5.6063268694117596e-08	2.758373167911843e-08
-1.1228036245703152	-1.1228036555621657	3.0991850419326283e-08	3.0991850419326283e-08	2.760220018989209e-08
-6.92188457587223	-6.921884660187061	8.431483067283807e-08	8.431483067283807e-08	1.218090676731828e-08
-0.7904241536761406	-0.7904241465439554	-7.1321851757844e-09	7.1321851757844e-09	9.023237894001226e-09
-2.2597999204927133	-2.2597999259232893	5.43057598889618e-09	5.43057598889618e-09	2.4031224798486273e-09
0.24660697812961907	0.2466069827278261	-4.5982070373540296e-09	4.5982070373540296e-09	1.8645891824428287e-08
0.9752467960550883	0.9752468031365424	-7.081454089785666e-09	7.081454089785666e-09	7.2611918525961084e-09
-0.18698674602705417	-0.1869867583081941	1.2281139938341568e-08	1.2281139938341568e-08	6.567920026034717e-08
1.4598875757424021	1.4598876077798195	-3.2037417385666345e-08	3.2037417385666345e-08	2.1945126404253584e-08
0.0008885168255670773	0.00088853994384408	-2.3118277002703684e-08	2.3118277002703684e-08	2.6018952413139647e-05
-6.146535009447572	-6.146535124571528	1.1512395658996866e-07	1.1512395658996866e-07	1.8729895203235096e-08
-0.3409916728580098	-0.3409916689633974	-3.894612410348941e-09	3.894612410348941e-09	1.1421429672186371e-08
4.7780676045132395	4.778067700499378	-9.598613814887358e-08	9.598613814887358e-08	2.0088903316940837e-08
-0.10374039960603214	-0.10374039902671939	-5.793127505482332e-10	5.793127505482332e-10	5.584254087590271e-09
-0.5046843716491142	-0.5046843534728396	-1.817627459654858e-08	1.817627459654858e-08	3.6015132660350695e-08
-1.67842234256913	-1.6784223771537654	3.458463537775458e-08	3.458463537775458e-08	2.0605442683047534e-08
-4.411944974534329	-4.411945069477952	9.4943622741539e-08	9.4943622741539e-08	2.15196751749063e-08
0.6809401604925973	0.6809402111684904	-5.0675893037421815e-08	5.0675893037421815e-08	7.442047918096428e-08
-2.087972665102941	-2.087972666231508	1.128567017616433e-09	1.128567017616433e-09	5.405085212457955e-10
0.11169446734614341	0.1116944713430712	-3.996927788740834e-09	3.996927788740834e-09	3.5784474233215815e-08
-0.5468177688099253	-0.5468177687362186	-7.370670740414198e-11	7.370670740414198e-11	1.3479208542281762e-10
-0.0136099279931669	-0.013609928828373086	8.352061854621784e-10	8.352061854621784e-10	6.136742133253814e-08
0.5701220867207497	0.570122097087733	-1.0366983271836716e-08	1.0366983271836716e-08	1.8183795213874158e-08
-3.577152660872106	-3.5771527291217353	6.824962950346958e-08	6.824962950346958e-08	1.9079316980234887e-08
1.1004333212357071	1.1004333464370575	-2.5201350339898454e-08	2.5201350339898454e-08	2.290129701961329e-08
3.97808654102218	3.9780866291039274	-8.808174722929607e-08	8.808174722929607e-08	2.2141737320441305e-08
0.15211028544612434	0.15211027402983746	1.1416286888055183e-08	1.1416286888055183e-08	7.505269518476247e-08
-0.8930293155551796	-0.8930293324738159	1.6918636269735998e-08	1.6918636269735998e-08	1.894521935063016e-08
0.7065581265598331	0.7065581212373218	5.322511320571266e-09	5.322511320571266e-09	7.533012671563325e-09
-1.4162887631930625	-1.4162887600832619	-3.109800639222726e-09	3.109800639222726e-09	2.195739117644056e-09
-3.7282341693495975	-3.7282342191247153	4.977511780523969e-08	4.977511780523969e-08	1.3350856074022603e-08
4.953307940945649	4.953308034600923	-9.365527375848615e-08	9.365527375848615e-08	1.8907621911470775e-08
-0.3466063483963215	-0.3466063481027959	-2.93525592720556e-10	2.93525592720556e-10	8.468557892220972e-10
-0.05655216077037009	-0.05655215773003874	-3.0403313477922467e-09	3.0403313477922467e-09	5.3761541670131835e-08
-1.3964394785291614	-1.3964394838694716	5.3403101940574516e-09	5.3403101940574516e-09	3.824233184586189e-09
-0.9352828829572213	-0.9352828783448786	-4.6123427299704645e-09	4.6123427299704645e-09	4.931494860022395e-09
-0.6198452869932508	-0.6198452865646686	-4.2858216975361074e-10	4.2858216975361074e-10	6.914341025848235e-10
0.865132970850361	0.8651329699205235	9.298375402977399e-10	9.298375402977399e-10	1.0747914732503827e-09
-0.4353815147161879	-0.43538152567634825	1.0960160334860802e-08	1.0960160334860802e-08	2.51736924155023e-08
-0.12031633805497965	-0.12031632650177926	-1.155320039636365e-08	1.155320039636365e-08	9.602353747738158e-08
0.5148223522805825	0.5148223681317177	-1.585113518220993e-08	1.585113518220993e-08	3.0789524021231556e-08
0.7191877022453568	0.7191876829892863	1.9256070515893953e-08	1.9256070515893953e-08	2.6774749423238312e-08
2.9645493512845476	2.9645494169017184	-6.561717080799667e-08	6.561717080799667e-08	2.2133944499714456e-08
0.7302741510953626	0.7302741278181202	2.327724246686813e-08	2.327724246686813e-08	3.187466300423453e-08
0.1205065039766996	0.1205065154863405	-1.1509640907014784e-08	1.1509640907014784e-08	9.551053700172248e-08
-3.3030198101956385	-3.3030198346750694	2.4479430926760415e-08	2.4479430926760415e-08	7.411227402027145e-09
-1.7799045832652876	-1.7799046418076614	5.8542373837511263e-08	5.8542373837511263e-08	3.2890737170929434e-08
1.4536497094476104	1.4536497064909781	2.9566322723439953e-09	2.9566322723439953e-09	2.0339372361361536e-09
0.05026851312267318	0.05026851340517169	-2.8249851069528376e-10	2.8249851069528376e-10	5.619790464179559e-09
0.4493201832283894	0.44932017772225663	5.5061327719485575e-09	5.5061327719485575e-09	1.225436331924086e-08
-0.4477710269830102	-0.4477710308492533	3.866243103445299e-09	3.866243103445299e-09	8.63441998356896e-09
-0.6025398662575935	-0.6025398670317372	7.741437491048941e-10	7.741437491048941e-10	1.2848008778458781e-09
-0.9078939311234546	-0.9078939228857053	-8.237749371531322e-09	8.237749371531322e-09	9.073471128216144e-09
1.3954160627849768	1.3954160931461956	-3.036121887234344e-08	3.036121887234344e-08	2.1757825269510233e-08
1.199304346729591	1.1993043290203786	1.7709212318806067e-08	1.7709212318806067e-08	1.4766237083270566e-08
-2.1875555822353014	-2.1875556240047445	4.1769443015482466e-08	4.1769443015482466e-08	1.9094117358518206e-08
-0.6396672245049241	-0.6396672188202501	-5.684673953787467e-09	5.684673953787467e-09	8.886923912956723e-09
-0.319554696170851	-0.3195546969436691	7.728180873023405e-10	7.728180873023405e-10	2.4184219370356258e-09
-0.043784035974703886	-0.04378402081783861	-1.5156865276755305e-08	1.5156865276755305e-08	3.461733241200547e-07
-0.20781285109189868	-0.20781285456905607	3.4771573953484847e-09	3.4771573953484847e-09	1.673215769418813e-08
1.76543248779183	1.7654325620242162	-7.423238623793793e-08	7.423238623793793e-08	4.204770601609717e-08
6.461809356961386	6.461809498432558	-1.4147117166629641e-07	1.4147117166629641e-07	2.189343012942463e-08
-6.375066539175427	-6.3750666959094815	1.5673405417970798e-07	1.5673405417970798e-07	2.458547737761816e-08
-0.5035490035403704	-0.5035490039517754	4.1140502116121525e-10	4.1140502116121525e-10	8.170108932173316e-10
-0.7899897048006455	-0.789989703662286	-1.1383594067382319e-09	1.1383594067382319e-09	1.4409800530571443e-09
0.9737109790435364	0.9737109849083936	-5.864857155479797e-09	5.864857155479797e-09	6.023201218538965e-09
0.5006986945825042	0.5006987203159952	-2.573349100476463e-08	2.573349100476463e-08	5.13951629656672e-08
-0.4531881453445611	-0.4531881586444797	1.3299918610876205e-08	1.3299918610876205e-08	2.9347454798854488e-08
4.374424305820269	4.374424379420816	-7.36005469903489e-08	7.36005469903489e-08	1.6825196150364686e-08
0.647612584509277	0.6476125827248325	1.7844444810677373e-09	1.7844444810677373e-09	2.755419711956162e-09
-9.921912463934547	-9.921912651407183	1.8747263652585389e-07	1.8747263652585389e-07	1.8894808557050238e-08
-1.7130641235000141	-1.7130641026597004	-2.084031369697925e-08	2.084031369697925e-08	1.2165518739835473e-08
0.02808828059163559	0.028088288672734052	-8.081098460538394e-09	8.081098460538394e-09	2.877035649859203e-07
1.4142794027749535	1.414279395248741	7.526212542074973e-09	7.526212542074973e-09	5.321588172257768e-09
0.8180890416743257	0.8180890336006996	8.073626101001707e-09	8.073626101001707e-09	9.868884301980113e-09
3.1488698517789686	3.1488698778048274	-2.6025858801403956e-08	2.6025858801403956e-08	8.265142742149386e-09
-4.0419174646256	-4.041917563881725	9.92561250967583e-08	9.92561250967583e-08	2.4556692699798194e-08
-3.2595072549452877	-3.2595073207630776	6.581778988490328e-08	6.581778988490328e-08	2.0192558180395292e-08
1.5984237043535416	1.5984237052180106	-8.644689408754402e-10	8.644689408754402e-10	5.408259014934101e-10
0.19028304544057745	0.19028304450330324	9.372742026947378e-10	9.372742026947378e-10	4.925684264326296e-09
0.4663820784698015	0.46638208004878834	-1.5789868301752108e-09	1.5789868301752108e-09	3.385607859023792e-09
-1.078075169569742	-1.0780751745187445	4.949002541110303e-09	4.949002541110303e-09	4.590591343538171e-09
-0.19727653625760305	-0.19727654034795705	4.090353999952612e-09	4.090353999952612e-09	2.0734113025035278e-08
-0.7817244783252532	-0.7817244977559312	1.9430678066534313e-08	1.9430678066534313e-08	2.4856171970157705e-08
0.03354943334867245	0.03354943601152627	-2.662853819390687e-09	2.662853819390687e-09	7.937105201498303e-08
4.152903970154802	4.152904052716622	-8.256181960319964e-08	8.256181960319964e-08	1.988050294361179e-08
0.13550415262787324	0.1355041331407847	1.9487088553926668e-08	1.9487088553926668e-08	1.4381174433408596e-07
-7.68204822314959	-7.6820483673145645	1.4416497418068275e-07	1.4416497418068275e-07	1.876647607421241e-08
-0.517355667110587	-0.5173556610316155	-6.078971548362233e-09	6.078971548362233e-09	1.1750082070837404e-08
-0.8248326423819763	-0.8248326457760413	3.3940650290276153e-09	3.3940650290276153e-09	4.1148529466852005e-09
4.976301852871079	4.976301952410722	-9.953964319464603e-08	9.953964319464603e-08	2.0002734186475566e-08
0.583329710011447	0.5833297245771973	-1.456575038361052e-08	1.456575038361052e-08	2.4970012899436737e-08
3.2639562245853697	3.263956268710899	-4.412552945254333e-08	4.412552945254333e-08	1.3519032246870509e-08
-1.2041400673193536	-1.2041400714224437	4.103090089913053e-09	4.103090089913053e-09	3.4074857246859303e-09
-0.8824408185650989	-0.8824408178043086	-7.607903196316101e-10	7.607903196316101e-10	8.62143164307268e-10
0.057965330686420215	0.05796533059765352	8.876669538304682e-11	8.876669538304682e-11	1.5313756400917519e-09
0.34298412973341563	0.3429841308388859	-1.1054702708790387e-09	1.1054702708790387e-09	3.223094525505496e-09
0.9423691790181169	0.9423691926713218	-1.3653204899988225e-08	1.3653204899988225e-08	1.4488170033546634e-08
-6.319771612584146	-6.3197717327057035	1.2012155714558048e-07	1.2012155714558048e-07	1.9007262367897964e-08
0.36099969192361236	0.36099970657232916	-1.4648716795129246e-08	1.4648716795129246e-08	4.0578197496713985e-08
2.191263715691299	2.1912637566856574	-4.099435857440881e-08	4.099435857440881e-08	1.8708089893906688e-08
-0.2597411622109532	-0.2597411594251753	-2.785777941660683e-09	2.785777941660683e-09	1.0725207810528568e-08
0.41210837408656426	0.4121083748032106	-7.166463533714307e-10	7.166463533714307e-10	1.7389754696440543e-09
-0.39857702013401725	-0.3985770308645442	1.07305269669844e-08	1.07305269669844e-08	2.6922091402500763e-08
-1.207684459734075	-1.2076844404873555	-1.9246719551446745e-08	1.9246719551446745e-08	1.593687771364116e-08
-2.257151698252449	-2.257151786579925	8.832747599996082e-08	8.832747599996082e-08	3.913227279688222e-08
2.2849067697935945	2.284906822751509	-5.2957914498108494e-08	5.2957914498108494e-08	2.317727585134356e-08
-2.952391078262658	-2.9523912007789477	1.2251628955795013e-07	1.2251628955795013e-07	4.1497310590047284e-08
-0.16707729072906605	-0.1670772917350405	1.0059744426360595e-09	1.0059744426360595e-09	6.02101242033758e-09
0.2990592083192451	0.29905921564932214	-7.330077045342165e-09	7.330077045342165e-09	2.451045425599242e-08
1.4571151016915036	1.457115104130935	-2.4394313236086873e-09	2.4394313236086873e-09	1.6741514248097862e-09
-1.182206992035887	-1.1822069745903718	-1.744551525462157e-08	1.744551525462157e-08	1.4756734964473965e-08
-1.1264428865428657	-1.1264428758295253	-1.0713340437007446e-08	1.0713340437007446e-08	9.510771087460509e-09
-4.715285538358135	-4.715285626843979	8.84858444294423e-08	8.84858444294423e-08	1.8765744663737398e-08
0.8391352106708222	0.8391351957470761	1.49237461277707e-08	1.49237461277707e-08	1.7784673957180683e-08
1.8961599175987116	1.8961599471367663	-2.9538054668876157e-08	2.9538054668876157e-08	1.5577828850154694e-08
0.23405902212075214	0.23405902538797818	-3.26722604526708e-09	3.26722604526708e-09	1.3958983574585315e-08
4.226752558074797	4.226752630529518	-7.245472044559165e-08	7.245472044559165e-08	1.714193567048868e-08
0.10643664400649282	0.10643664154486032	2.46163249506548e-09	2.46163249506548e-09	2.3127678611468774e-08
-0.4237087766806859	-0.4237087796354899	2.954804012578194e-09	2.954804012578194e-09	6.973667233721203e-09
-2.373692545139328	-2.373692614128231	6.898890303475014e-08	6.898890303475014e-08	2.906395909445834e-08
-2.663874997709969	-2.6638750205165707	2.280660149622804e-08	2.280660149622804e-08	8.561438324183378e-09
1.3960599846385988	1.396060060869786	-7.623118714050747e-08	7.623118714050747e-08	5.460452128082563e-08
0.7633409387881382	0.7633409495610977	-1.0772959413429817e-08	1.0772959413429817e-08	1.4112906652868257e-08
-1.5499318661790384	-1.5499318715228583	5.343819831082897e-09	5.343819831082897e-09	3.447777252465117e-09
0.5706751117086033	0.5706751107936725	9.149307977907029e-10	9.149307977907029e-10	1.603242859236312e-09
0.6168543403330629	0.6168543313833652	8.949697649640598e-09	8.949697649640598e-09	1.4508607728703538e-08
0.2497136168688615	0.2497136028978275	1.3971033996362792e-08	1.3971033996362792e-08	5.594822649859642e-08
-1.662543536997572	-1.662543563725194	2.672762189348532e-08	2.672762189348532e-08	1.6076344046757047e-08
-0.26872958642623734	-0.2687295727810124	-1.3645224949954127e-08	1.3645224949954127e-08	5.077678692330946e-08
-3.2155531357654543	-3.2155531971511664	6.138571206903976e-08	6.138571206903976e-08	1.9090249632720513e-08
0.3815212835935732	0.38152128126967	2.3239031810007305e-09	2.3239031810007305e-09	6.091149513630639e-09
3.2276875434773675	3.2276876027026447	-5.922527712698411e-08	5.922527712698411e-08	1.834913582222938e-08
0.44323724742880327	0.44323724523565033	2.1931529370355918e-09	2.1931529370355918e-09	4.948033924851669e-09
0.6863934116661196	0.6863934186185361	-6.952416531369465e-09	6.952416531369465e-09	1.012890918415649e-08
1.285083513823954	1.2850835355493473	-2.1725393262173043e-08	2.1725393262173043e-08	1.690582209519283e-08
1.1147686327705444	1.114768638217356	-5.4468116683636936e-09	5.4468116683636936e-09	4.886046761852892e-09
-1.9751574464670199	-1.9751575018744916	5.540747172183558e-08	5.540747172183558e-08	2.8052179749489526e-08
-0.506261122623069	-0.5062611307948828	8.171813781210346e-09	8.171813781210346e-09	1.6141499743986025e-08
-0.5889488582984878	-0.5889488602406345	1.9421467767344325e-09	1.9421467767344325e-09	3.2976492769600118e-09
0.4755624546260753	0.47556245590385515	-1.2777798263918783e-09	1.2777798263918783e-09	2.6868812160467324e-09
-0.6066197114105709	-0.6066197192922118	7.881640895490705e-09	7.881640895490705e-09	1.299272138250099e-08
-0.5177458272395223	-0.5177458206162555	-6.623266823879703e-09	6.623266823879703e-09	1.2792506429637746e-08
7.770186201649903	7.770186352900055	-1.51250151958493e-07	1.51250151958493e-07	1.9465447549555108e-08
0.12402835941501511	0.12402836546243634	-6.047421230448435e-09	6.047421230448435e-09	4.875837476986189e-08
-3.6525192821244183	-3.6525193445413606	6.241694228137362e-08	6.241694228137362e-08	1.7088737241400678e-08
-0.16290827856953569	-0.16290830444631865	2.5876782966394174e-08	2.5876782966394174e-08	1.588426517891719e-07
-0.4678184516958159	-0.46781845412624534	2.430429468791573e-09	2.430429468791573e-09	5.195240717807092e-09
-0.7575550952365161	-0.757555080781458	-1.4455058150453226e-08	1.4455058150453226e-08	1.908119718466182e-08
-1.1910186535008764	-1.19101864129334	-1.2207536537189867e-08	1.2207536537189867e-08	1.0249660239415289e-08
-1.120648921907629	-1.1206489716641954	4.975656642258741e-08	4.975656642258741e-08	4.439978074300835e-08
-1.2324172807723874	-1.2324173349043122	5.4131924720479674e-08	5.4131924720479674e-08	4.39233736535679e-08
4.264671380596816	4.264671470082249	-8.948543239739593e-08	8.948543239739593e-08	2.0982960798464373e-08
0.07194327310049696	0.0719432728146785	2.858184661169716e-10	2.858184661169716e-10	3.972831006975651e-09
-1.0186558055482324	-1.0186558074565255	1.908293079111445e-09	1.908293079111445e-09	1.8733443315373997e-09
1.7558114313555993	1.7558114359417232	-4.586123925065522e-09	4.586123925065522e-09	2.611968371526514e-09
-1.654697716212906	-1.654697684898565	-3.131434089809204e-08	3.131434089809204e-08	1.8924508441191865e-08
0.190108989978466	0.19010898085980443	9.118661575824305e-09	9.118661575824305e-09	4.7965441175912786e-08
-0.23354434120312706	-0.23354434233624488	1.1331178217943716e-09	1.1331178217943716e-09	4.851831630588871e-09
-0.9726434527608098	-0.9726434518597671	-9.010426849087594e-10	9.010426849087594e-10	9.263853906086403e-10
6.976573105275524	6.976573240535799	-1.3526027498045323e-07	1.3526027498045323e-07	1.938778149951192e-08
-0.3721103567931805	-0.37211035305517726	-3.738003240272292e-09	3.738003240272292e-09	1.0045415753772959e-08
2.4519683647832315	2.4519684029655764	-3.8182344841430904e-08	3.8182344841430904e-08	1.557211968548642e-08
-0.7315167271964251	-0.731516729501891	2.305465818253083e-09	2.305465818253083e-09	3.151624197424572e-09
0.029583326746718756	0.0295833206109819	6.135736856094365e-09	6.135736856094365e-09	2.0740523567975368e-07
-2.4343940842527756	-2.434394136798801	5.254602530868624e-08	5.254602530868624e-08	2.1584847600718256e-08
-0.9252461926048254	-0.9252462314179866	3.881316112952504e-08	3.881316112952504e-08	4.194900929044106e-08
0.4379147877814575	0.4379148049338255	-1.7152368025907805e-08	1.7152368025907805e-08	3.916827772088788e-08
-0.40257697560064454	-0.402576974920521	-6.801235130637906e-10	6.801235130637906e-10	1.6894247666525062e-09
-1.8278263751497392	-1.8278263814863749	6.336635660630918e-09	6.336635660630918e-09	3.466760162114308e-09
-0.09147673019790029	-0.09147672699327813	-3.2046221509762773e-09	3.2046221509762773e-09	3.503210208807654e-08
0.3262822867016602	0.3262822929173126	-6.2156523816803144e-09	6.2156523816803144e-09	1.9049922827602544e-08
-0.059323305103171395	-0.05932330168434419	-3.418827207446462e-09	3.418827207446462e-09	5.76304236842612e-08
2.5996236671916204	2.599623721835087	-5.464346664041386e-08	5.464346664041386e-08	2.1019760409954002e-08
-0.47311920279697556	-0.4731191984319594	-4.36501618183982e-09	4.36501618183982e-09	9.226038926416038e-09
-4.161146701335372	-4.161146775913949	7.457857709169957e-08	7.457857709169957e-08	1.7922602216299233e-08
-0.9557825342865809	-0.9557825296724332	-4.6141477305639e-09	4.6141477305639e-09	4.82761252172076e-09
-0.46226802807724554	-0.4622680398824741	1.1805228572470128e-08	1.1805228572470128e-08	2.5537627210717373e-08
0.696331092968717	0.6963310897845076	3.1842093406453387e-09	3.1842093406453387e-09	4.5728380834896755e-09
1.1200898893850344	1.120089882533648	6.8513863471508785e-09	6.8513863471508785e-09	6.116818312602135e-09
1.2242490676955033	1.2242490674907458	2.0475754425319792e-10	2.0475754425319792e-10	1.672515419093833e-10
1.1370942159102342	1.1370942684152396	-5.2505005454506204e-08	5.2505005454506204e-08	4.6174718611576434e-08
2.9497960728293915	2.9497961349989055	-6.216951398130277e-08	6.216951398130277e-08	2.1075868448652074e-08
-1.523524512170979	-1.523524510957941	-1.2130381144004332e-09	1.2130381144004332e-09	7.962051839073389e-10
1.7073038391215851	1.7073038452508627	-6.129277529964838e-09	6.129277529964838e-09	3.590033238089816e-09
0.017886418674003843	0.017886418390844483	2.83159360542351e-10	2.83159360542351e-10	1.5830970173693597e-08
-0.1964000716243198	-0.1964000693988055	-2.2255143006244538e-09	2.2255143006244538e-09	1.1331535076430558e-08
0.610223205230759	0.6102232009652653	4.265493735999826e-09	4.265493735999826e-09	6.990054949461989e-09
-7.010765809681931	-7.010765943959996	1.3427806422328104e-07	1.3427806422328104e-07	1.915312361993918e-08
0.053085695707062674	0.053085705076227896	-9.369165221428943e-09	9.369165221428943e-09	1.7649133343056938e-07
6.3008650284691745	6.300865143202827	-1.1473365280068037e-07	1.1473365280068037e-07	1.8209190687672207e-08
0.1624711617705803	0.16247117855527904	-1.6784698742000614e-08	1.6784698742000614e-08	1.0330878759703636e-07
0.6946079630201127	0.6946079793124227	-1.629230994559805e-08	1.629230994559805e-08	2.3455403354087803e-08
0.3307422301162638	0.3307422275611316	2.555132216919276e-09	2.555132216919276e-09	7.725448957700641e-09
-0.025754838424034567	-0.02575484359113034	5.167095772085073e-09	5.167095772085073e-09	2.0062621582060126e-07
4.376707077561941	4.376707124720269	-4.715832790935792e-08	4.715832790935792e-08	1.0774842152705275e-08
-2.3106851674428794	-2.3106852086129948	4.1170115316901956e-08	4.1170115316901956e-08	1.7817275973802557e-08
0.05404161450999431	0.054041579460317735	3.504967657774749e-08	3.504967657774749e-08	6.485682727200072e-07
-4.3125831684364675	-4.312583164391981	-4.044486523469004e-09	4.044486523469004e-09	9.37833860937536e-10
3.8903889371729363	3.8903889480934595	-1.0920523152435635e-08	1.0920523152435635e-08	2.8070517700914882e-09
0.31087127218308125	0.3108712644461775	7.736903728794431e-09	7.736903728794431e-09	2.4887805407242458e-08
1.2757021565104616	1.2757021477227681	8.787693461798085e-09	8.787693461798085e-09	6.888515016573949e-09
-1.0632400130369548	-1.0632400062604574	-6.776497363247813e-09	6.776497363247813e-09	6.373440878971401e-09
-3.4136702945061494	-3.413670356167131	6.166098165394374e-08	6.166098165394374e-08	1.8062957560130785e-08
-0.13537582506980822	-0.13537581708078505	-7.989023165233533e-09	7.989023165233533e-09	5.901366186402849e-08
1.6591172743016684	1.6591173016422545	-2.734058601738809e-08	2.734058601738809e-08	1.647899545190131e-08
0.22947833426350447	0.2294783371326048	-2.8691003184366792e-09	2.8691003184366792e-09	1.2502706748525375e-08
-4.650972714220691	-4.650972800845921	8.662522965607877e-08	8.662522965607877e-08	1.8625185521131044e-08
-1.6824129404000812	-1.6824129397718934	-6.281877240610356e-10	6.281877240610356e-10	3.7338498116381067e-10
-1.0208891803962747	-1.0208891717411461	-8.655128613810348e-09	8.655128613810348e-09	8.478029525644221e-09
-6.469403691316001	-6.469403879236779	1.8792077849383304e-07	1.8792077849383304e-07	2.9047619759156866e-08
7.8146636644201735	7.814663772478525	-1.0805835159999333e-07	1.0805835159999333e-07	1.3827639453247149e-08
-0.2639688552986085	-0.263968831859529	-2.3439079455123135e-08	2.3439079455123135e-08	8.87948672149532e-08
2.1499804820329707	2.149980487047287	-5.0143165175597915e-09	5.0143165175597915e-09	2.3322614132842605e-09
-0.5746785417274434	-0.5746785518567776	1.0129334260255973e-08	1.0129334260255973e-08	1.7626087498948377e-08
-0.09841077540050672	-0.09841077371675055	-1.6837561622740083e-09	1.6837561622740083e-09	1.710946952121402e-08
-1.0394002882192792	-1.0394002856628504	-2.5564288463897356e-09	2.5564288463897356e-09	2.4595229339116877e-09
0.5663899316438372	0.5663899219143786	9.729458572138583e-09	9.729458572138583e-09	1.7178021763029424e-08
4.637925312563695	4.6379253990380676	-8.64743725514927e-08	8.64743725514927e-08	1.8645055002770728e-08
-1.5913779648107769	-1.591377949807793	-1.5002983966283523e-08	1.5002983966283523e-08	9.42766853509088e-09
-6.531424472534295	-6.53142459668743	1.2415313488389756e-07	1.2415313488389756e-07	1.9008584636625862e-08
0.5443394783639429	0.5443394684334635	9.9304794387578e-09	9.9304794387578e-09	1.8243173301713614e-08
6.056982300744072	6.056982410882483	-1.1013841128004742e-07	1.1013841128004742e-07	1.8183710272113132e-08
0.3319110924576115	0.33191110105690314	-8.599291612121363e-09	8.599291612121363e-09	2.5908418873405325e-08
0.5966808426173031	0.5966808384982869	4.119016239201301e-09	4.119016239201301e-09	6.903215161280349e-09
-1.593804953528806	-1.59380500917905	5.565024419063036e-08	5.565024419063036e-08	3.491659632969296e-08
-7.331047246025281	-7.331047404477431	1.5845215006748958e-07	1.5845215006748958e-07	2.1613849256448124e-08
4.458083963182412	4.45808403128467	-6.810225805509162e-08	6.810225805509162e-08	1.5276127281926894e-08
-1.2636019788300925	-1.263601980099338	1.269245597512736e-09	1.269245597512736e-09	1.004466294590539e-09
-0.502837443736293	-0.5028374425819493	-1.1543437317129701e-09	1.1543437317129701e-09	2.295659852089996e-09
0.6460556966339771	0.646055696051917	5.820600668116072e-10	5.820600668116072e-10	9.009440979225253e-10
-0.22866574173524185	-0.22866573090141173	-1.0833830110801301e-08	1.0833830110801301e-08	4.737845743130658e-08
-0.0757601835089032	-0.07576017196697649	-1.154192671992682e-08	1.154192671992682e-08	1.5234818852531467e-07
0.5725163098175359	0.5725163191527827	-9.33524679780362e-09	9.33524679780362e-09	1.6305643416130478e-08
-0.5620361847078834	-0.5620361662295181	-1.8478365282348364e-08	1.8478365282348364e-08	3.287753668734414e-08
3.8341180346749026	3.8341181107170996	-7.604219698365e-08	7.604219698365e-08	1.9833034949874116e-08
-0.34143696335332036	-0.3414369621168589	-1.236461433240521e-09	1.236461433240521e-09	3.6213461515618793e-09
-1.9291254211477236	-1.9291254466224927	2.5474769183020385e-08	2.5474769183020385e-08	1.3205346269225097e-08
-0.40553396220217697	-0.40553396502218675	2.820009781245858e-09	2.820009781245858e-09	6.953819024015444e-09
-0.3472263400091666	-0.34722633699857397	-3.0105926085433055e-09	3.0105926085433055e-09	8.67040388832203e-09
6.115516350876102	6.115516443969682	-9.309357995590517e-08	9.309357995590517e-08	1.522252163426375e-08
-0.3929992928867328	-0.39299931813729927	2.5250566471068936e-08	2.5250566471068936e-08	6.425092087467561e-08
-1.1151637168800577	-1.1151637636430678	4.676301013084583e-08	4.676301013084583e-08	4.1933762211773484e-08
0.40172967178985797	0.40172967601392884	-4.224070870861851e-09	4.224070870861851e-09	1.0514709685351381e-08
1.0436393322670166	1.0436393358759233	-3.6089067290134835e-09	3.6089067290134835e-09	3.458001837832363e-09
0.7999633828191437	0.7999633862709743	-3.451830599132677e-09	3.451830599132677e-09	4.314985752182947e-09
0.8274165252445463	0.8274165475086193	-2.2264072918609656e-08	2.2264072918609656e-08	2.6907938431649547e-08
-3.069785355853179	-3.069785370826139	1.4972960205028585e-08	1.4972960205028585e-08	4.87752675491775e-09
7.690089981431395	7.690090124015114	-1.4258371905384593e-07	1.4258371905384593e-07	1.85412289580656e-08
0.8571700571886298	0.8571700391257764	1.8062853435196757e-08	1.8062853435196757e-08	2.107266030085069e-08
3.135714774119021	3.135714841846493	-6.772747207506313e-08	6.772747207506313e-08	2.159873488305108e-08
-0.21498195429733877	-0.2149819556507282	1.3533894283046521e-09	1.3533894283046521e-09	6.295362942104418e-09
-3.528265482159944	-3.528265551722143	6.956219866793845e-08	6.956219866793845e-08	1.9715692886396306e-08
-0.3633105190040907	-0.3633105006883852	-1.831570550780981e-08	1.831570550780981e-08	5.041336418779436e-08
-0.20427579261826362	-0.2042758069364936	1.4318229990539777e-08	1.4318229990539777e-08	7.009264194752967e-08
-5.0190090888380094	-5.019009176976397	8.813838725529877e-08	8.813838725529877e-08	1.7560914055986373e-08
-1.3086168301587389	-1.3086168428344536	1.2675714700094431e-08	1.2675714700094431e-08	9.686345466424143e-09
1.29295658587387	1.2929566310049267	-4.51310566695895e-08	4.51310566695895e-08	3.490531481309311e-08
1.9083617668532913	1.9083617780779605	-1.1224669194120906e-08	1.1224669194120906e-08	5.881835084460599e-09
-1.583180045356656	-1.5831800465093693	1.1527132581790056e-09	1.1527132581790056e-09	7.280999160896602e-10
-0.12916432609537418	-0.12916432751808316	1.4227089784046854e-09	1.4227089784046854e-09	1.1014720715951907e-08
0.36071377445107894	0.3607137750805123	-6.294333387835138e-10	6.294333387835138e-10	1.7449661847301576e-09
0.6528288496400159	0.6528288440676988	5.572317052227049e-09	5.572317052227049e-09	8.53564767442454e-09
-1.4026846372243083	-1.4026846702108742	3.298656592320981e-08	3.298656592320981e-08	2.351673715375184e-08
0.07825958281526388	0.07825959073670674	-7.921442862768302e-09	7.921442862768302e-09	1.0122010082097307e-07
-0.10107993202454041	-0.10107992693519918	-5.089341226227617e-09	5.089341226227617e-09	5.0349670051143444e-08
-0.5606232423486814	-0.5606232389254728	-3.4232086054686306e-09	3.4232086054686306e-09	6.106076856762843e-09
3.5044043893706167	3.504404448904097	-5.953348036769057e-08	5.953348036769057e-08	1.6988187935235024e-08
1.4941950375766972	1.4941950257707504	1.180594688676706e-08	1.180594688676706e-08	7.901208737725485e-09
0.15367782022261894	0.15367781998065766	2.419612843418406e-10	2.419612843418406e-10	1.5744710849707104e-09
-3.7326104187911757	-3.7326105029933387	8.420216301985306e-08	8.420216301985306e-08	2.2558518991414685e-08
4.056231186676429	4.05623125971033	-7.303390070489968e-08	7.303390070489968e-08	1.8005359493510962e-08
-5.572237497941483	-5.572237614615005	1.16673522398969e-07	1.16673522398969e-07	2.093836137495413e-08
-3.0928678952702664	-3.0928679052522057	9.981939275149898e-09	9.981939275149898e-09	3.2274056355315618e-09
0.7985691216966984	0.7985691217982094	-1.0151102181055194e-10	1.0151102181055194e-10	1.2711613691608086e-10
0.406683720964391	0.40668372548680054	-4.5224095579499135e-09	4.5224095579499135e-09	1.1120212894742087e-08
-0.40809858426607415	-0.4080985854670871	1.2010129557538107e-09	1.2010129557538107e-09	2.942948106310431e-09
0.8275819571809213	0.8275819618575042	-4.676582898710535e-09	4.676582898710535e-09	5.650900020392986e-09
-0.7543587819251707	-0.7543587980762823	1.6151111559281617e-08	1.6151111559281617e-08	2.14103844831805e-08
0.5101549992801534	0.5101549913888448	7.891308606566838e-09	7.891308606566838e-09	1.5468452955869787e-08
-5.032786427748322	-5.032786521041999	9.329367678390099e-08	9.329367678390099e-08	1.8537181762676298e-08
-0.28369453798354805	-0.2836945259332424	-1.2050305642219428e-08	1.2050305642219428e-08	4.247633996717359e-08
1.6872078231154017	1.6872078595042694	-3.638886769685712e-08	3.638886769685712e-08	2.1567507688333063e-08
0.4050331323013868	0.40503314266970847	-1.0368321645692902e-08	1.0368321645692902e-08	2.5598700004566024e-08
-0.21709874247027627	-0.21709874090447556	-1.5658007113117378e-09	1.5658007113117378e-09	7.212389595145245e-09
4.159670898758038	4.159670934313908	-3.555587024806073e-08	3.555587024806073e-08	8.547760415055123e-09
0.14966833253086714	0.14966833077778574	1.7530814022670427e-09	1.7530814022670427e-09	1.1713108395227779e-08
-1.516104168513811	-1.5161041665123776	-2.001433463405533e-09	2.001433463405533e-09	1.320116061264758e-09
-2.338827880670124	-2.338827885068895	4.3987706810355576e-09	4.3987706810355576e-09	1.880758613060152e-09
-2.0141057196859	-2.0141057302680565	1.0582156484417737e-08	1.0582156484417737e-08	5.254022358899822e-09
2.9499106805526503	2.9499106767616468	3.791003511111057e-09	3.791003511111057e-09	1.2851248466956406e-09
1.4546945180926916	1.4546945203619543	-2.269262777687686e-09	2.269262777687686e-09	1.5599582932800268e-09
0.20221464241709816	0.20221464637870668	-3.961608513458614e-09	3.961608513458614e-09	1.959110609451911e-08
1.4477632025414502	1.4477632294074283	-2.6865978108858712e-08	2.6865978108858712e-08	1.8556886969980526e-08
-0.3247902342504802	-0.3247902168368455	-1.7413634700869096e-08	1.7413634700869096e-08	5.361501937105533e-08
-3.955096698907981	-3.9550967721879715	7.327999052009204e-08	7.327999052009204e-08	1.8527989603977308e-08
-0.3753753734815317	-0.37537537536991294	1.8883812291647928e-09	1.8883812291647928e-09	5.030647619875629e-09
-4.002304003599702	-4.002304081041075	7.744137242582383e-08	7.744137242582383e-08	1.9349197951023328e-08
-0.008480135484613347	-0.008480128599330783	-6.885282564580986e-09	6.885282564580986e-09	8.119307264693921e-07
-0.3508029169044927	-0.3508029112708755	-5.63361723937561e-09	5.63361723937561e-09	1.605920865506766e-08
-1.8272943416399945	-1.8272943634656258	2.182563130226356e-08	2.182563130226356e-08	1.194423405409064e-08
-0.17211602754938107	-0.17211599697475322	-3.057462785727161e-08	3.057462785727161e-08	1.7763963236078972e-07
-4.286027596097625	-4.286027674424986	7.832736059754097e-08	7.832736059754097e-08	1.827504812821482e-08
0.18677460003958044	0.18677459593163803	4.107942402908904e-09	4.107942402908904e-09	2.1994116983992294e-08
-1.1982463027710082	-1.1982463047388592	1.9678509932674615e-09	1.9678509932674615e-09	1.6422758732630359e-09
1.6928841828426946	1.692884184194554	-1.351859513221143e-09	1.351859513221143e-09	7.98554045765315e-10
0.7246819871729139	0.7246819859574316	1.2154822703891455e-09	1.2154822703891455e-09	1.6772629814229443e-09
0.47796115722585475	0.47796113904041704	1.8185437711260022e-08	1.8185437711260022e-08	3.8047940583311276e-08
4.527226709527901	4.527226806203544	-9.667564260240624e-08	9.667564260240624e-08	2.1354274659792236e-08
0.11568508276405631	0.1156850748884608	7.875595509077016e-09	7.875595509077016e-09	6.807788282556327e-08
0.5522639042449287	0.552263913959905	-9.714976378916163e-09	9.714976378916163e-09	1.7591184765549292e-08
-0.7659309118343628	-0.7659309130758629	1.241500124926631e-09	1.241500124926631e-09	1.6209035380923665e-09
4.000036798371912	4.000036879006075	-8.063416245818189e-08	8.063416245818189e-08	2.0158355165882838e-08
-0.03370473137627792	-0.03370472768438049	-3.6918974335997667e-09	3.6918974335997667e-09	1.0953647404524932e-07
0.22234650515280846	0.22234650259633781	2.5564706462866127e-09	2.5564706462866127e-09	1.1497687559917656e-08
-4.002324357825853	-4.002324440079974	8.225412084783557e-08	8.225412084783557e-08	2.055158790091609e-08
8.627556915384709	8.627557072031777	-1.566470686498178e-07	1.566470686498178e-07	1.815659637903795e-08
0.717388589934705	0.7173886388045503	-4.886984528162941e-08	4.886984528162941e-08	6.812186026833439e-08
0.14192819351196495	0.14192818525771145	8.25425350292619e-09	8.25425350292619e-09	5.815795508050578e-08
0.4275793708016967	0.4275793753549806	-4.553283861064017e-09	4.553283861064017e-09	1.0648979281967615e-08
0.3239318601226656	0.32393185847467976	1.6479858588880347e-09	1.6479858588880347e-09	5.08744603962074e-09
0.030074939203811674	0.03007493432960473	4.874206944310844e-09	4.874206944310844e-09	1.6206872144543156e-07
0.7022340789053492	0.7022340741968947	4.708454515167659e-09	4.708454515167659e-09	6.704964422272491e-09
-0.30754297095575045	-0.307542973132513	2.176762547989597e-09	2.176762547989597e-09	7.077913506606501e-09
-0.16867299379665093	-0.16867299109435407	-2.702296858503317e-09	2.702296858503317e-09	1.6020921889612966e-08
-7.921509220166861	-7.921509368316038	1.4814917648209303e-07	1.4814917648209303e-07	1.8702140256925987e-08
0.4019211444904999	0.40192112919612555	1.529437437808312e-08	1.529437437808312e-08	3.8053171841633795e-08
0.709860887495696	0.709860896677128	-9.181432059079953e-09	9.181432059079953e-09	1.293412867339535e-08
-0.3572617938895698	-0.35726180612982716	1.2240257363238527e-08	1.2240257363238527e-08	3.426131081629739e-08
0.5129544180940658	0.5129544297233224	-1.1629256557732504e-08	1.1629256557732504e-08	2.2671130508909905e-08
-2.9093294922026054	-2.9093295688653598	7.666275436690739e-08	7.666275436690739e-08	2.6350660718345547e-08
2.2638452544725434	2.2638453083345667	-5.386202328594436e-08	5.386202328594436e-08	2.3792272541390534e-08
6.4543819977844334	6.4543821463303175	-1.4854588403778735e-07	1.4854588403778735e-07	2.301473387983203e-08
-1.209822578091727	-1.209822576129227	-1.962500162377978e-09	1.962500162377978e-09	1.6221388143321492e-09
-2.963529448000327	-2.963529445878521	-2.121805842136837e-09	2.121805842136837e-09	7.159725858531786e-10
-1.4420387624647273	-1.4420387606151053	-1.849622011107499e-09	1.849622011107499e-09	1.2826437535882406e-09
0.2733732542393369	0.2733732662818511	-1.204251420805491e-08	1.204251420805491e-08	4.405154498951734e-08
1.5130395840737356	1.5130395922824391	-8.208703494716474e-09	8.208703494716474e-09	5.425306502963531e-09
-4.8233520802520955	-4.82335216474894	8.44968441882088e-08	8.44968441882088e-08	1.751828246877481e-08
1.6254464536309916	1.625446434445621	1.9185370625507403e-08	1.9185370625507403e-08	1.1803139120732218e-08
-2.0701157786131366	-2.0701158200608916	4.144775500591891e-08	4.144775500591891e-08	2.0021950189513854e-08
0.5118794367713799	0.5118794297231943	7.048185590718958e-09	7.048185590718958e-09	1.3769229792027924e-08
5.966850297469043	5.966850412733038	-1.1526399479322436e-07	1.1526399479322436e-07	1.9317393439905112e-08
0.5719316908704658	0.571931695958483	-5.0880172297596005e-09	5.0880172297596005e-09	8.896197414792253e-09
2.440238354548154	2.440238345116086	9.43206801551355e-09	9.43206801551355e-09	3.8652240663023415e-09
4.409391806207751	4.409391922308714	-1.1610096350977983e-07	1.1610096350977983e-07	2.633038038178585e-08
3.428406341780635	3.428406407692819	-6.591218371099217e-08	6.591218371099217e-08	1.9225312620545117e-08
-4.091832423207739	-4.091832556696318	1.3348857841322115e-07	1.3348857841322115e-07	3.262317822599746e-08
1.490791901177033	1.4907919057804975	-4.603464498487142e-09	4.603464498487142e-09	3.0879323229838743e-09
-0.6208107577827662	-0.6208107606653357	2.882569516415856e-09	2.882569516415856e-09	4.643233836203147e-09
1.0929076117379184	1.0929076142929262	-2.5550077609182154e-09	2.5550077609182154e-09	2.3378076366906225e-09
0.09382881175696631	0.09382880307384767	8.683118640773202e-09	8.683118640773202e-09	9.2542135812868e-08
0.06745037495316585	0.06745037353539374	1.4177721080477212e-09	1.4177721080477212e-09	2.101948445849487e-08
6.601651835656538	6.601651962228061	-1.265715230402975e-07	1.265715230402975e-07	1.9172704982208425e-08
-0.4459291815610975	-0.4459291949387989	1.3377701391092955e-08	1.3377701391092955e-08	2.9999609678515857e-08
-5.597345709736706	-5.597345821115596	1.113788901108137e-07	1.113788901108137e-07	1.9898519027879174e-08
-0.48927502200262135	-0.4892750121143763	-9.888245056099976e-09	9.888245056099976e-09	2.0209993585258065e-08
-1.0945845365369777	-1.0945845679088961	3.137191839641673e-08	3.137191839641673e-08	2.866102831643366e-08
0.6647668717916628	0.6647668760706438	-4.278980947347577e-09	4.278980947347577e-09	6.436814361424143e-09
-2.2600145309467994	-2.2600145030082786	-2.7938520830161906e-08	2.7938520830161906e-08	1.2362097874856353e-08
-4.444219815930916	-4.444219953256834	1.3732591774839875e-07	1.3732591774839875e-07	3.0899893217733096e-08
1.894965582402626	1.894965616884292	-3.4481666189023485e-08	3.4481666189023485e-08	1.8196460404998068e-08
0.18451823200675063	0.184518198693695	3.3313055619599297e-08	3.3313055619599297e-08	1.8054072628649798e-07
-0.014898443596309098	-0.014898441804689355	-1.7916197431883107e-09	1.7916197431883107e-09	1.2025549726765835e-07
-1.3667964341384395	-1.3667964321939507	-1.9444887922048792e-09	1.9444887922048792e-09	1.4226615929317874e-09
0.09932156696977706	0.09932156444847351	2.5213035548254936e-09	2.5213035548254936e-09	2.53852575200783e-08
-0.4028580525505958	-0.4028580315207364	-2.1029859409438245e-08	2.1029859409438245e-08	5.2201660799114994e-08
1.5824372894023346	1.5824372803763254	9.026009273327418e-09	9.026009273327418e-09	5.703865381443596e-09
-4.192532466279912	-4.192532551314798	8.503488579947316e-08	8.503488579947316e-08	2.0282463280463443e-08
-0.2631067536181883	-0.263106753664033	4.5844716911602745e-11	4.5844716911602745e-11	1.742437861482304e-10
5.185978594477039	5.18597868449433	-9.001729139868075e-08	9.001729139868075e-08	1.7357821625902454e-08
0.33499629078180637	0.3349962707943632	1.9987443145019768e-08	1.9987443145019768e-08	5.966467001283372e-08
4.455298763566359	4.4552988538271165	-9.026075797891053e-08	9.026075797891053e-08	2.025919310216112e-08
-0.23907965521145497	-0.23907964532554615	-9.885908813789257e-09	9.885908813789257e-09	4.134985390139376e-08
-0.2817768607576684	-0.2817768699969747	9.239306320019125e-09	9.239306320019125e-09	3.278944301947151e-08
4.131455261762317	4.131455316382926	-5.462060936878288e-08	5.462060936878288e-08	1.3220670661573102e-08
-1.2704561222952975	-1.2704561049758922	-1.7319405243299002e-08	1.7319405243299002e-08	1.3632430856414402e-08
-7.289758523713619	-7.289758659680956	1.3596733694498653e-07	1.3596733694498653e-07	1.8651830030128452e-08
1.5755732131317248	1.5755732147226809	-1.5909560335813921e-09	1.5909560335813921e-09	1.0097633168179416e-09
-1.3435693927974346	-1.3435693972496665	4.4522319164741475e-09	4.4522319164741475e-09	3.313734251718992e-09
-1.0231029427983205	-1.0231029455098906	2.7115700795832254e-09	2.7115700795832254e-09	2.650339439124988e-09
0.014356839660839987	0.014356828614836559	1.10460034279114e-08	1.10460034279114e-08	7.693896211741298e-07
0.897557409774426	0.8975574064606917	3.31373428696935e-09	3.31373428696935e-09	3.691946889282722e-09
4.635975294804219	4.635975383280311	-8.847609134221557e-08	8.847609134221557e-08	1.9084677056276672e-08
0.7083800909403829	0.7083800892360159	1.7043669808813888e-09	1.7043669808813888e-09	2.406006327223033e-09
3.3152658498024765	3.315265912533505	-6.273102837184297e-08	6.273102837184297e-08	1.8921869682209792e-08
0.29704916959335115	0.29704916869377485	8.995763023378345e-10	8.995763023378345e-10	3.028375078675762e-09
-5.287430879400439	-5.287430967655382	8.825494290931601e-08	8.825494290931601e-08	1.6691460356134918e-08
1.0387913435466734	1.0387913243903313	1.915634206817174e-08	1.915634206817174e-08	1.8440991241578475e-08
-0.6668779385712721	-0.6668779360552435	-2.5160286076797433e-09	2.5160286076797433e-09	3.772847266577922e-09
0.41070589533966556	0.41070592942560324	-3.408593768350343e-08	3.408593768350343e-08	8.299354372625545e-08
-0.9400340771570256	-0.9400340468346258	-3.032239981326512e-08	3.032239981326512e-08	3.225670276227656e-08
3.0084209356408604	3.0084209674896556	-3.1848795156719234e-08	3.1848795156719234e-08	1.058654883676866e-08
-1.1247348725921746	-1.1247348720644368	-5.277378534174204e-10	5.277378534174204e-10	4.69210892520069e-10
-1.1303687573078556	-1.1303687551844632	-2.1233923508390262e-09	2.1233923508390262e-09	1.878495258393559e-09
-0.27517637659342675	-0.2751763804553775	3.8619507591874935e-09	3.8619507591874935e-09	1.4034456035059754e-08
0.6103633988405446	0.6103633904785966	8.361948022894694e-09	8.361948022894694e-09	1.3699949962234261e-08
0.7824374870976079	0.7824374779374921	9.16011577700715e-09	9.16011577700715e-09	1.1707153514571368e-08
-1.8279994005843818	-1.8279994355907547	3.5006372911539074e-08	3.5006372911539074e-08	1.91501008700266e-08
-0.8527217012497987	-0.8527216868969845	-1.4352814270424119e-08	1.4352814270424119e-08	1.683176850007194e-08
2.1370214051571628	2.137021447197185	-4.204002213015201e-08	4.204002213015201e-08	1.9672251306748267e-08
0.7907992312000359	0.7907992312539136	-5.3877680095126834e-11	5.3877680095126834e-11	6.813066827767091e-11
0.25559758584330033	0.255597583418421	2.4248793528691692e-09	2.4248793528691692e-09	9.487098028992317e-09
0.7863065754943831	0.7863065729907248	2.503658280694765e-09	2.503658280694765e-09	3.1840739461203316e-09
-0.20290832231369826	-0.20290831344027538	-8.873422885358195e-09	8.873422885358195e-09	4.373119241328996e-08
-4.526975676427767	-4.52697576747596	9.104819298499933e-08	9.104819298499933e-08	2.011236628884328e-08
2.834964160757286	2.8349641979730222	-3.721573627046837e-08	3.721573627046837e-08	1.3127409787264177e-08
1.5501352803164365	1.5501353027502773	-2.243384078504107e-08	2.243384078504107e-08	1.4472182570066751e-08
-0.47944882660240024	-0.47944882680894807	2.0654783439155722e-10	2.0654783439155722e-10	4.308026695054241e-10
-1.0162926247628024	-1.0162926218981738	-2.8646285343825184e-09	2.8646285343825184e-09	2.8187044406143443e-09
-0.19349476833081702	-0.19349477042851504	2.0976980152909164e-09	2.0976980152909164e-09	1.0841109728116745e-08
-0.39761147892753596	-0.397611465814407	-1.3113128971564691e-08	1.3113128971564691e-08	3.297975452553405e-08
0.1126769276881952	0.11267693025729386	-2.5690986560356066e-09	2.5690986560356066e-09	2.2800574250168898e-08
-2.970820442649377	-2.9708204965572804	5.39079034744816e-08	5.39079034744816e-08	1.814579659563893e-08
0.08566123652719086	0.08566123597120168	5.559891852469079e-10	5.559891852469079e-10	6.490557547233444e-09
-8.799064292957135	-8.799064457889472	1.649323362329369e-07	1.649323362329369e-07	1.8744304023889277e-08
-1.4462933453109286	-1.4462933268077904	-1.8503138132786034e-08	1.8503138132786034e-08	1.279348908903966e-08
5.267385784507816	5.267385886327247	-1.0181943110865177e-07	1.0181943110865177e-07	1.93301640081344e-08
-0.07973116341571064	-0.07973117135406937	7.93835873424964e-09	7.93835873424964e-09	9.956406496741806e-08
0.4028311807584324	0.40283117414219305	6.616239334178431e-09	6.616239334178431e-09	1.6424347593256493e-08
-4.038101023549946	-4.038101101286884	7.773693777579638e-08	7.773693777579638e-08	1.9250865028497194e-08
-0.9087952414868933	-0.9087952594200033	1.79331099969815e-08	1.79331099969815e-08	1.9732838793962955e-08
2.950079115086466	2.9500791742975707	-5.9211104908030165e-08	5.9211104908030165e-08	2.0071022707570576e-08
0.45106778338185005	0.45106778543413384	-2.052283787357112e-09	2.052283787357112e-09	4.5498345547320046e-09
0.23838873555928286	0.23838873858039733	-3.0211144697034342e-09	3.0211144697034342e-09	1.2673058828117905e-08
3.3591466205903426	3.359146630828036	-1.0237693359727018e-08	1.0237693359727018e-08	3.047706610057952e-09
-1.1164416448236958	-1.1164416355313733	-9.292322467047143e-09	9.292322467047143e-09	8.323160023750772e-09
-0.14281933687901305	-0.14281933545134962	-1.427663431918802e-09	1.427663431918802e-09	9.996289459936525e-09
3.1380231884814944	3.1380232530864305	-6.460493606752493e-08	6.460493606752493e-08	2.0587781602336595e-08
-0.6245656841720957	-0.6245656823011814	-1.87091431236297e-09	1.87091431236297e-09	2.9955445196176515e-09
-3.3654166040650426	-3.3654166691121645	6.504712191102158e-08	6.504712191102158e-08	1.9328103935914506e-08
-0.4141285835430049	-0.4141285853620502	1.8190453032751464e-09	1.8190453032751464e-09	4.392464986871037e-09
3.0977498371799017	3.0977499000073294	-6.282742770480354e-08	6.282742770480354e-08	2.028163376872283e-08
-0.8821317630684186	-0.8821317578622256	-5.206192921214381e-09	5.206192921214381e-09	5.901831380728308e-09
0.1268054386938506	0.12680544841714436	-9.72329375348302e-09	9.72329375348302e-09	7.667883849176375e-08
1.0294822545733018	1.0294822004652815	5.4108020286491865e-08	5.4108020286491865e-08	5.2558477862174e-08
-9.667202128487228	-9.66720230280771	1.7432048160515023e-07	1.7432048160515023e-07	1.8032154421542935e-08
-5.6797495295531455	-5.6797496290528215	9.949967605393795e-08	9.949967605393795e-08	1.7518321104868527e-08
0.1951556063835467	0.1951556077983696	-1.4148228977273192e-09	1.4148228977273192e-09	7.249716899993711e-09
0.8322784278130352	0.8322784287884133	-9.753781116117466e-10	9.753781116117466e-10	1.1719372736534002e-09
-1.8374319574686644	-1.837431959756941	2.2882766792520215e-09	2.2882766792520215e-09	1.245366757637362e-09
-0.915767838684938	-0.9157678414339898	2.749051764006083e-09	2.749051764006083e-09	3.001909051483812e-09
-0.4829229175781069	-0.4829229101233068	-7.454800110551218e-09	7.454800110551218e-09	1.5436832337420588e-08
3.6349511067714815	3.634951171989087	-6.521760553823697e-08	6.521760553823697e-08	1.7941810941210274e-08
-0.24698807071632484	-0.24698806100786896	-9.708455872559085e-09	9.708455872559085e-09	3.930738777950784e-08
3.04732991358865	3.0473299739242066	-6.033555655093892e-08	6.033555655093892e-08	1.9799482911873335e-08
-0.0070753821988459005	-0.007075386747601442	4.548755541504412e-09	4.548755541504412e-09	6.428989153753958e-07
-2.4556469918133716	-2.4556470452807844	5.346741271949895e-08	5.346741271949895e-08	2.1773248719277832e-08
-0.3797114469213651	-0.3797114459302975	-9.910676168622956e-10	9.910676168622956e-10	2.6100546214703317e-09
-0.22527969359557048	-0.22527968212671112	-1.1468859362206985e-08	1.1468859362206985e-08	5.0909423655361755e-08
1.7438219048092856	1.74382198110834	-7.6299054407869e-08	7.6299054407869e-08	4.375392590117366e-08
6.605470119662747	6.6054702620022	-1.4233945311303842e-07	1.4233945311303842e-07	2.154872409298035e-08
-0.6146012323638983	-0.6146012765384512	4.417455290450789e-08	4.417455290450789e-08	7.187514534359515e-08
0.41703987184464486	0.41703986880747834	3.0371665182826746e-09	3.0371665182826746e-09	7.2826766055934235e-09
-0.6656615488231714	-0.6656615505562513	1.733079901811152e-09	1.733079901811152e-09	2.6035451572575858e-09
-1.075158141635295	-1.0751581476142746	5.978979533693973e-09	5.978979533693973e-09	5.561023352899564e-09
-0.8657944398047948	-0.8657944317747024	-8.030092368827013e-09	8.030092368827013e-09	9.274825523986396e-09
-0.9913975903759851	-0.9913975918607321	1.4847469920198364e-09	1.4847469920198364e-09	1.4976302206431123e-09
2.915492490856945	2.915492545980669	-5.5123724251870954e-08	5.5123724251870954e-08	1.8907174148017973e-08
1.0117522862913633	1.0117522651853506	2.1106012715321754e-08	2.1106012715321754e-08	2.0860850033447484e-08
-8.324138967572702	-8.324139125761576	1.581888735557868e-07	1.581888735557868e-07	1.9003631987887665e-08
-0.7076091693760311	-0.7076091560520581	-1.332397303599464e-08	1.332397303599464e-08	1.882956526375104e-08
-1.5571199608427622	-1.5571199901387445	2.9295982306720703e-08	2.9295982306720703e-08	1.8814210236483512e-08
-0.28135435635746553	-0.28135434149589855	-1.4861566977053542e-08	1.4861566977053542e-08	5.2821527874875575e-08
0.6579026978593991	0.6579026967301616	1.1292375923233067e-09	1.1292375923233067e-09	1.716420370364003e-09
-0.801612437280215	-0.8016124684218084	3.114159341510714e-08	3.114159341510714e-08	3.8848690422977e-08
7.992200724821823	7.992200817170669	-9.23488459037003e-08	9.23488459037003e-08	1.1554870689982464e-08
-5.290317481084289	-5.290317553772184	7.268789481429394e-08	7.268789481429394e-08	1.3739798239744967e-08
1.9036014796074463	1.9036014782614075	1.3460388359476383e-09	1.3460388359476383e-09	7.071011713151292e-10
-1.08930551312649	-1.0893055105043459	-2.622144057440323e-09	2.622144057440323e-09	2.4071704639723422e-09
1.36361750428284	1.363617511742632	-7.459791895314538e-09	7.459791895314538e-09	5.470589715873313e-09
-0.6180571858287061	-0.618057201791089	1.5962382970968747e-08	1.5962382970968747e-08	2.582670881751176e-08
-0.4218244679786154	-0.4218244657749892	-2.203626170427242e-09	2.203626170427242e-09	5.224035914718337e-09
6.2452418501734	6.245241975193494	-1.2502009383297263e-07	1.2502009383297263e-07	2.0018455142694182e-08
0.5472152530870219	0.5472152543006814	-1.2136595062273159e-09	1.2136595062273159e-09	2.217883181034633e-09
-6.0553333056922405	-6.055333424228593	1.1853635228931125e-07	1.1853635228931125e-07	1.9575528927182693e-08
-0.21171986721671507	-0.21171987555135274	8.334637674467515e-09	8.334637674467515e-09	3.9366346597677745e-08
2.13795473669974	2.1379547706601443	-3.3960404266508704e-08	3.3960404266508704e-08	1.5884529117268302e-08
-0.5713231995327737	-0.5713231985282619	-1.0045118070678427e-09	1.0045118070678427e-09	1.7582198795521159e-09
0.05578054477215514	0.05578055152000161	-6.747846469090657e-09	6.747846469090657e-09	1.2097132605379442e-07
-0.8923387081095977	-0.8923387531467597	4.503716199977248e-08	4.503716199977248e-08	5.0470927228050924e-08
-1.586154286812866	-1.5861543033679482	1.6555082194003035e-08	1.6555082194003035e-08	1.043724581627424e-08
-0.530407409153556	-0.5304074011291959	-8.024360065306269e-09	8.024360065306269e-09	1.512867265205032e-08
-0.2060662370186187	-0.2060662382064038	1.1877850925046118e-09	1.1877850925046118e-09	5.764093670508925e-09
-0.4692424754480142	-0.46924247271817876	-2.7298354132732072e-09	2.7298354132732072e-09	5.81753689426105e-09
1.1899605069673345	1.1899605078724562	-9.051217553235347e-10	9.051217553235347e-10	7.606317604861328e-10
-0.05405336236540934	-0.054053352869232185	-9.496177157120034e-09	9.496177157120034e-09	1.756815254696713e-07
-0.16953521260385154	-0.16953521026152885	-2.342322696913257e-09	2.342322696913257e-09	1.3816142740720777e-08
-3.334514304056768	-3.334514367452357	6.339558877854756e-08	6.339558877854756e-08	1.901194086989536e-08
-0.8932308825686082	-0.8932308764997288	-6.0688793990237855e-09	6.0688793990237855e-09	6.794300910837172e-09
2.018504779391906	2.018504819716327	-4.032442069146214e-08	4.032442069146214e-08	1.9977371915666336e-08
-0.8720167947942575	-0.8720167988940375	4.099779959965133e-09	4.099779959965133e-09	4.7014919717600505e-09
-0.07240505300871918	-0.07240505055960966	-2.4491095124146156e-09	2.4491095124146156e-09	3.382511869882463e-08
-0.4449515463562532	-0.4449515472515486	8.952953933771823e-10	8.952953933771823e-10	2.012118849139494e-09
-0.008169831085562632	-0.008169831744453404	6.588907718041437e-10	6.588907718041437e-10	8.064925270835851e-08
-0.09284099675012204	-0.09284099178330507	-4.9668169715966215e-09	4.9668169715966215e-09	5.3498100467023394e-08
4.610608027660487	4.610608120856341	-9.319585370093364e-08	9.319585370093364e-08	2.0213354321560717e-08
-3.9284397429716496	-3.928439841729414	9.875776463275088e-08	9.875776463275088e-08	2.5139182753009732e-08
-0.5532279389617829	-0.5532279419639963	3.0022133667984008e-09	3.0022133667984008e-09	5.426720444438353e-09
1.287658257877682	1.2876582604803843	-2.6027022759222973e-09	2.6027022759222973e-09	2.0212678791126383e-09
-0.9383139196396053	-0.9383139240526361	4.413030829653053e-09	4.413030829653053e-09	4.703149699993839e-09
-0.2180295533449918	-0.21802955416205805	8.17066247993381e-10	8.17066247993381e-10	3.74750227874165e-09
-0.17912518954545906	-0.17912519069795962	1.152500567203063e-09	1.152500567203063e-09	6.434050789437279e-09
3.403456462654707	3.4034565305773867	-6.792267992494772e-08	6.792267992494772e-08	1.995697041235774e-08
-0.07457921633876675	-0.07457920673914487	-9.599621889067045e-09	9.599621889067045e-09	1.2871711933069885e-07
-2.7850683488254377	-2.785068404591584	5.576614636737531e-08	5.576614636737531e-08	2.0023259533610325e-08
0.9071427168192856	0.9071427075468819	9.272403733717738e-09	9.272403733717738e-09	1.0221549004140789e-08
-0.5771170307055992	-0.5771170344814891	3.775889934054533e-09	3.775889934054533e-09	6.5426763258710725e-09
0.44691501630569286	0.4469150144359446	1.8697482451202063e-09	1.8697482451202063e-09	4.183677381386724e-09
-0.71860869091264	-0.7186086804722436	-1.0440396436273147e-08	1.0440396436273147e-08	1.4528625339910295e-08
-0.4057591022019468	-0.40575906950834906	-3.2693597717958767e-08	3.2693597717958767e-08	8.057391082674253e-08
-1.1586278417947218	-1.1586278696995578	2.7904835997460964e-08	2.7904835997460964e-08	2.4084382396884403e-08
-3.4084593034025343	-3.4084593653460615	6.19435271964619e-08	6.19435271964619e-08	1.817346832764764e-08
0.8912027792724992	0.8912027715268778	7.745621477539544e-09	7.745621477539544e-09	8.691199867960913e-09
-0.9050225162136114	-0.9050225207829499	4.569338463156214e-09	4.569338463156214e-09	5.048867162193033e-09
-0.6028950076837687	-0.6028950065228855	-1.1608831673726172e-09	1.1608831673726172e-09	1.925514646128112e-09
0.16946701519388988	0.1694670118013164	3.392573472149607e-09	3.392573472149607e-09	2.0019078451745376e-08
-0.27518077598987695	-0.2751807778622606	1.8723836370249103e-09	1.8723836370249103e-09	6.80419491619498e-09
1.4923884681220245	1.4923885009920923	-3.287006777874524e-08	3.287006777874524e-08	2.202514189895069e-08
0.8938591352569527	0.893859141797293	-6.540340269367562e-09	6.540340269367562e-09	7.316969767823032e-09
0.7797899804355001	0.7797899979777867	-1.7542286623317693e-08	1.7542286623317693e-08	2.249616828049087e-08
-1.423979419810574	-1.4239794245440862	4.733512248833449e-09	4.733512248833449e-09	3.32414372214953e-09
0.6771805283747393	0.6771805510652484	-2.269050913827897e-08	2.269050913827897e-08	3.3507326610139115e-08
0.32131614178021245	0.3213161471649073	-5.38469485666937e-09	5.38469485666937e-09	1.675824571662081e-08
-0.9571174706985283	-0.9571174632583279	-7.44020034471049e-09	7.44020034471049e-09	7.773549822761512e-09
1.2844394895455777	1.2844394586863928	3.0859184985132515e-08	3.0859184985132515e-08	2.4025409710853872e-08
4.25837843217661	4.258378512531635	-8.035502574443854e-08	8.035502574443854e-08	1.8869864908499034e-08
6.737633188203035	6.737633334523707	-1.4632067202313692e-07	1.4632067202313692e-07	2.1716924613725e-08
0.07821194193296915	0.07821194230928086	-3.763117040200825e-10	3.763117040200825e-10	4.811435373163309e-09
0.432361975043887	0.43236197598162107	-9.377340570715376e-10	9.377340570715376e-10	2.168863385769187e-09
-0.21868370747325205	-0.2186836991313612	-8.341890844754118e-09	8.341890844754118e-09	3.814591832715495e-08
-0.01917529904038834	-0.019175308807461988	9.76707364985785e-09	9.76707364985785e-09	5.093570446690695e-07
-0.06137672553340201	-0.061376717894745525	-7.63865648512052e-09	7.63865648512052e-09	1.2445526245878765e-07
-0.9220449416484859	-0.9220449601343716	1.848588571107257e-08	1.848588571107257e-08	2.0048790331220103e-08
-1.4510047117779274	-1.451004686714441	-2.506348639741418e-08	2.506348639741418e-08	1.7273194355588062e-08
-8.22865975884434	-8.22865991267463	1.538302889514398e-07	1.538302889514398e-07	1.8694452494052838e-08
0.0906093941639762	0.09060940101335291	-6.849376704698429e-09	6.849376704698429e-09	7.559234633335129e-08
1.6069333253588145	1.6069333514678874	-2.6109072903679476e-08	2.6109072903679476e-08	1.6247763669876934e-08
-0.3787386392684241	-0.37873864130233414	2.0339100403887755e-09	2.0339100403887755e-09	5.370220594121317e-09
-0.45930855604235266	-0.4593085486703785	-7.371974142245108e-09	7.371974142245108e-09	1.605015636060858e-08
-2.434477400778611	-2.434477487440745	8.666213391350652e-08	8.666213391350652e-08	3.559783873359829e-08
-4.673385308817214	-4.673385428759502	1.1994228810152663e-07	1.1994228810152663e-07	2.5664968791516742e-08
-1.4333249512424087	-1.433324973731942	2.2489533346714552e-08	2.2489533346714552e-08	1.56904638597274e-08
0.8764427016098518	0.8764427047935897	-3.1837378289267804e-09	3.1837378289267804e-09	3.632568133751224e-09
0.05635894552407022	0.05635894922306761	-3.6989973931089715e-09	3.6989973931089715e-09	6.563283536824114e-08
0.9948434438960634	0.9948434444595478	-5.634843702750914e-10	5.634843702750914e-10	5.664050697950436e-10
-0.2522839592559897	-0.25228394861187553	-1.0644114145641481e-08	1.0644114145641481e-08	4.2191006423999473e-08
-1.1157702380738563	-1.115770232900104	-5.173752315457136e-09	5.173752315457136e-09	4.636933428506335e-09
2.717802882430044	2.717802940424008	-5.799396385341993e-08	5.799396385341993e-08	2.133854674610041e-08
-0.8426554883381673	-0.8426554904872319	2.149064592948946e-09	2.149064592948946e-09	2.550347826235841e-09
6.618419038083429	6.618419156438904	-1.1835547475413932e-07	1.1835547475413932e-07	1.788274119137867e-08
0.37770367221843404	0.3777036590690841	1.3149349942231936e-08	1.3149349942231936e-08	3.4813931950937954e-08
4.296584592833831	4.296584670555603	-7.772177212928e-08	7.772177212928e-08	1.8089198629746577e-08
-0.6161935605101965	-0.6161935652926331	4.782436668904211e-09	4.782436668904211e-09	7.761257136384945e-09
-0.24103235384068566	-0.24103233954519965	-1.4295486017168457e-08	1.4295486017168457e-08	5.930940717866157e-08
-4.274081147255437	-4.274081261428364	1.1417292711257687e-07	1.1417292711257687e-07	2.6712859016701637e-08
-0.5802383188558954	-0.5802382929687155	-2.5887179844197306e-08	2.5887179844197306e-08	4.4614736743414727e-08
-5.709759187939042	-5.709759357159783	1.692207405312729e-07	1.692207405312729e-07	2.9637106392984976e-08
-0.9066154892766387	-0.9066154962056316	6.928992934973621e-09	6.928992934973621e-09	7.642703016801596e-09
0.6206575105177697	0.620657510808087	-2.90317214712843e-10	2.90317214712843e-10	4.677575148823258e-10
1.8142146323439243	1.8142146382160718	-5.872147434970998e-09	5.872147434970998e-09	3.2367435088891968e-09
-0.548439438591316	-0.5484394387167413	1.254252257609778e-10	1.254252257609778e-10	2.2869475995952525e-10
-0.04827151807485869	-0.04827150860364782	-9.471210871137004e-09	9.471210871137004e-09	1.9620702328957633e-07
1.7107790223832777	1.7107790472437046	-2.4860426828254845e-08	2.4860426828254845e-08	1.4531641143005079e-08
0.49525006484912193	0.4952500557919848	9.057137151380346e-09	9.057137151380346e-09	1.8288008006903756e-08
3.1946440214348275	3.1946440731189796	-5.168415206924237e-08	5.168415206924237e-08	1.6178375970049142e-08
-0.16895407395956796	-0.1689540658844635	-8.075104473981298e-09	8.075104473981298e-09	4.779467156212957e-08
2.754007116183331	2.7540071732801152	-5.709678418952535e-08	5.709678418952535e-08	2.0732257318439147e-08
-1.0337560798997043	-1.0337560979678528	1.8068148532890405e-08	1.8068148532890405e-08	1.747815455135547e-08
-0.3972527114192392	-0.39725271562929265	4.21005347250869e-09	4.21005347250869e-09	1.0597922560346293e-08
2.2313139323013456	2.23131400616694	-7.386559452982056e-08	7.386559452982056e-08	3.310407982512646e-08
0.3087567513560984	0.30875674383423757	7.5218608563965e-09	7.5218608563965e-09	2.4361769656402792e-08
-0.04785383642672966	-0.047853800424491055	-3.600223860700247e-08	3.600223860700247e-08	7.523375615270991e-07
0.2009099945060435	0.20090999896638095	-4.4603374604879065e-09	4.4603374604879065e-09	2.2200674841757246e-08
-0.9264206946393101	-0.9264206937587005	-8.806095852520457e-10	8.806095852520457e-10	9.505504252524277e-10
1.5093123386485794	1.5093123420228949	-3.3743154936871633e-09	3.3743154936871633e-09	2.235664154649717e-09
1.1881000446638768	1.1881000455105095	-8.466327638956272e-10	8.466327638956272e-10	7.125938322266006e-10
0.08007517480898839	0.08007517863006797	-3.821079577748243e-09	3.821079577748243e-09	4.771865421290756e-08
1.4588786874300548	1.4588787144020898	-2.6972035049865895e-08	2.6972035049865895e-08	1.848819595642976e-08
-0.11917690668380536	-0.11917691153939813	4.855592775077078e-09	4.855592775077078e-09	4.074273204589637e-08
-0.0991099429435792	-0.0991099477687385	4.8251592998926895e-09	4.8251592998926895e-09	4.86849165339499e-08
0.40058375018810055	0.4005837354270625	1.4761038058530573e-08	1.4761038058530573e-08	3.684881888393948e-08
-0.9319847219464016	-0.9319847458755248	2.3929123238453087e-08	2.3929123238453087e-08	2.5675445825419068e-08
-1.1115385805254374	-1.11153858142643	9.009926138503488e-10	9.009926138503488e-10	8.105815035447883e-10
0.04034045814137316	0.040340460145671386	-2.0042982273871246e-09	2.0042982273871246e-09	4.9684567794521823e-08
-0.9579621648519271	-0.95796217010502	5.253092960622041e-09	5.253092960622041e-09	5.4836121439451795e-09
-4.348913507926652	-4.348913607827853	9.990120108938072e-08	9.990120108938072e-08	2.2971530913938248e-08
-1.3030802279346525	-1.3030803029323579	7.499770537933159e-08	7.499770537933159e-08	5.755417338976968e-08
0.532954935184309	0.53295493216865	3.015659055805031e-09	3.015659055805031e-09	5.658375327291305e-09
1.9414695075962787	1.9414695088926237	-1.2963450313208114e-09	1.2963450313208114e-09	6.677133100719198e-10
0.9165228135938601	0.916522817533405	-3.9395449125123605e-09	3.9395449125123605e-09	4.298359903409994e-09
-0.17558834591743638	-0.17558835224917857	6.331742186116429e-09	6.331742186116429e-09	3.6060150535808824e-08
-1.0900511165545654	-1.0900511097133858	-6.8411796227962896e-09	6.8411796227962896e-09	6.276017260933502e-09
3.763754704692348	3.7637547711710795	-6.64787314086368e-08	6.64787314086368e-08	1.7662875671933784e-08
0.4053186479341685	0.405318651246489	-3.312320528969792e-09	3.312320528969792e-09	8.172139490378879e-09
5.248934929828562	5.248935021882062	-9.205349993379741e-08	9.205349993379741e-08	1.7537557840673026e-08
0.2190631651751001	0.2190631494158879	1.5759212212973495e-08	1.5759212212973495e-08	7.193912404386628e-08
-0.758249228289686	-0.7582492526125861	2.4322900138429304e-08	2.4322900138429304e-08	3.207771169552294e-08
-0.43314869661490585	-0.4331487070885487	1.0473642841901665e-08	1.0473642841901665e-08	2.4180247854268248e-08
-1.3845289957041564	-1.3845289777236758	-1.79804806599293e-08	1.79804806599293e-08	1.2986712965722051e-08
-3.932581224513706	-3.9325812986135134	7.409980717909548e-08	7.409980717909548e-08	1.884253698746133e-08
-1.4119223320014127	-1.4119223214947851	-1.0506627567963278e-08	1.0506627567963278e-08	7.4413636854019e-09
-7.178500439602359	-7.178500527516007	8.791364880522679e-08	8.791364880522679e-08	1.2246798554225152e-08
0.24145090184563162	0.24145090719684958	-5.35121796874094e-09	5.35121796874094e-09	2.2162758257834834e-08
0.052703369193877324	0.052703367146023083	2.0478542403501443e-09	2.0478542403501443e-09	3.8856230098246704e-08
1.4470559513945809	1.447055956305121	-4.910540196689794e-09	4.910540196689794e-09	3.3934694729373297e-09
-0.33674194170075594	-0.33674193673505215	-4.965703792603193e-09	4.965703792603193e-09	1.4746318107935427e-08
0.1323712251400971	0.13237122402642854	1.113668574026505e-09	1.113668574026505e-09	8.413222532675337e-09
3.288447768227638	3.288447833256214	-6.502857585743982e-08	6.502857585743982e-08	1.9774854411778605e-08
-1.0259811205324014	-1.0259811142532271	-6.279174291634604e-09	6.279174291634604e-09	6.120165533237317e-09
-0.8276988545847316	-0.8276988683064701	1.3721738523209126e-08	1.3721738523209126e-08	1.6578177494390177e-08
-0.43176987508454034	-0.43176986309845233	-1.1986088011006757e-08	1.1986088011006757e-08	2.7760361948966187e-08
6.3601783701391	6.360178481372714	-1.1123361343123861e-07	1.1123361343123861e-07	1.7489071368419166e-08
0.8570461658971018	0.8570461704948684	-4.597766611880161e-09	4.597766611880161e-09	5.36466621616294e-09
-0.7958987588627571	-0.7958987680467544	9.183997340400651e-09	9.183997340400651e-09	1.1539152735359798e-08
-0.02131956837242735	-0.02131954261130886	-2.5761118488398793e-08	2.5761118488398793e-08	1.2083320843266092e-06
6.19259541231093	6.19259550148854	-8.917761018523152e-08	8.917761018523152e-08	1.440068408279115e-08
5.315262799168419	5.3152629061514745	-1.0698305530354446e-07	1.0698305530354446e-07	2.0127519437097656e-08
-1.7550538278617465	-1.7550538404975669	1.2635820390016761e-08	1.2635820390016761e-08	7.1996768357877065e-09
-0.8499109023773278	-0.8499109026161022	2.3877444466080533e-10	2.3877444466080533e-10	2.80940559760932e-10
-1.2449310500553707	-1.2449310543161118	4.26074109327601e-09	4.26074109327601e-09	3.4224715441762863e-09
1.1835507516116845	1.1835507393698208	1.2241863744932857e-08	1.2241863744932857e-08	1.0343336547471801e-08
0.6792878306236128	0.6792878320993623	-1.4757495225836692e-09	1.4757495225836692e-09	2.1724951575076408e-09
-6.031687996936858	-6.031688112670963	1.1573410496623637e-07	1.1573410496623637e-07	1.9187680965098157e-08
0.7114770628341128	0.711477055119758	7.714354821608538e-09	7.714354821608538e-09	1.084273158558199e-08
-6.229715969660892	-6.2297160911839455	1.215230538420542e-07	1.215230538420542e-07	1.9506997499385062e-08
-0.40896330340082643	-0.40896329664974473	-6.751081693678884e-09	6.751081693678884e-09	1.65077933338731e-08
1.8551321532344514	1.8551321863924386	-3.31579872447918e-08	3.31579872447918e-08	1.787365239019783e-08
-0.016600957792104642	-0.016600934031885117	-2.376021952452123e-08	2.376021952452123e-08	1.4312559445107143e-06
-0.09294576876454758	-0.09294576557294931	-3.1915982634522777e-09	3.1915982634522777e-09	3.4338284634960737e-08
-3.0240691372287514	-3.024069183084066	4.585531465650661e-08	4.585531465650661e-08	1.5163447849783053e-08
-3.626172421787467	-3.626172524491267	1.0270379968702059e-07	1.0270379968702059e-07	2.8322922282993453e-08
-2.633113519003334	-2.633113567753753	4.8750419257004296e-08	4.8750419257004296e-08	1.8514362903524545e-08
-1.1557639674694151	-1.155763970928092	3.4586769004363305e-09	3.4586769004363305e-09	2.9925460541993035e-09
3.0146830037226753	3.014683006767882	-3.04520675342701e-09	3.04520675342701e-09	1.0101250279603669e-09
1.387952278065943	1.3879522748538875	3.212055510459777e-09	3.212055510459777e-09	2.31424059834078e-09
1.0721734347223668	1.0721734179242048	1.6798161972531034e-08	1.6798161972531034e-08	1.5667392446522256e-08
0.8192360579097706	0.8192360428438406	1.506593005906609e-08	1.506593005906609e-08	1.8390218440220838e-08
4.376967251662821	4.376967317512026	-6.584920519969728e-08	6.584920519969728e-08	1.5044482038260852e-08
-0.6510824085831456	-0.6510824005090399	-8.074105717348345e-09	8.074105717348345e-09	1.2401050329279865e-08
-0.7986822535350127	-0.798682272034057	1.8499044296405032e-08	1.8499044296405032e-08	2.3161957354789367e-08
-0.057189995455163775	-0.057190000006812625	4.551648849493439e-09	4.551648849493439e-09	7.958820093038604e-08
3.2305999793454148	3.230600041206344	-6.186092926796505e-08	6.186092926796505e-08	1.914843362331084e-08
-0.8006737497284194	-0.800673747107794	-2.6206253833649384e-09	2.6206253833649384e-09	3.2730252293819156e-09
-0.5623717453274756	-0.5623717333946843	-1.1932791310620416e-08	1.1932791310620416e-08	2.1218689256288674e-08
-4.777416301844196	-4.777416443175753	1.413315562359685e-07	1.413315562359685e-07	2.9583261601341116e-08
0.9611535854078894	0.9611535961084883	-1.0700598851443033e-08	1.0700598851443033e-08	1.1133079056144776e-08
0.6396220913063431	0.6396220715032541	1.9803088946446223e-08	1.9803088946446223e-08	3.0960608170992105e-08
0.46150751148950925	0.4615075113179046	1.7160467491450504e-10	1.7160467491450504e-10	3.718350636605096e-10
-1.4086998088353009	-1.4086998135098838	4.674582942953975e-09	4.674582942953975e-09	3.318366988932067e-09
1.813895443308067	1.813895446503011	-3.1949440870704393e-09	3.1949440870704393e-09	1.761371692540174e-09
-0.8989337422166479	-0.8989337356979377	-6.5187102382679996e-09	6.5187102382679996e-09	7.251602573281708e-09
-0.3333463068507083	-0.3333463155286154	8.677907059606582e-09	8.677907059606582e-09	2.603270797145219e-08
-0.7845519904660181	-0.784552007644379	1.7178360955938388e-08	1.7178360955938388e-08	2.1895758553533932e-08
-0.7793582008091235	-0.779358197178226	-3.6308975825960488e-09	3.6308975825960488e-09	4.658830277049089e-09
0.8169158187978326	0.8169158354576211	-1.665978854870076e-08	1.665978854870076e-08	2.0393519338647626e-08
-0.09716645992783145	-0.09716646218294045	2.2551090023137377e-09	2.2551090023137377e-09	2.320871835804945e-08
8.884917537795639	8.884917697287165	-1.5949152576411052e-07	1.5949152576411052e-07	1.7950816660441466e-08
-1.3286553496159932	-1.3286553348734742	-1.4742518983368313e-08	1.4742518983368313e-08	1.1095818782221577e-08
0.06104500442773618	0.06104498879722087	1.5630515312614612e-08	1.5630515312614612e-08	2.5604904871647103e-07
4.406654035439324	4.40665413862007	-1.0318074572523983e-07	1.0318074572523983e-07	2.341475979176867e-08
3.0232823765687917	3.023282429239771	-5.267097913375096e-08	5.267097913375096e-08	1.7421786182450063e-08
-3.272376952085035	-3.2723770345910452	8.250601002401936e-08	8.250601002401936e-08	2.5212868575990196e-08
-0.003997740017924489	-0.0039977385313250124	-1.4865994763316182e-09	1.4865994763316182e-09	3.718599682986433e-07
0.39688081425267496	0.3968808141507907	1.0188427879143092e-10	1.0188427879143092e-10	2.5671253215723874e-10
0.16703365991119762	0.16703366327419644	-3.3629988238637054e-09	3.3629988238637054e-09	2.0133659441166662e-08
-0.6912729868455978	-0.6912729895702796	2.7246818135040485e-09	2.7246818135040485e-09	3.941542437434535e-09
-0.22860441311425056	-0.22860442186356522	8.749314661660179e-09	8.749314661660179e-09	3.82727286077697e-08
2.989460848803243	2.9894608951508417	-4.634759864785565e-08	4.634759864785565e-08	1.5503664704760982e-08
-0.3368102240127178	-0.33681022159726126	-2.415456556992268e-09	2.415456556992268e-09	7.171565424038498e-09
-2.3740277559888794	-2.3740278084005695	5.2411690099063435e-08	5.2411690099063435e-08	2.207711766083873e-08
-1.545238086440691	-1.545238073958899	-1.2481792044383155e-08	1.2481792044383155e-08	8.077585036189327e-09
-2.153704758352187	-2.1537047996389447	4.1286757568315124e-08	4.1286757568315124e-08	1.917011020577578e-08
-0.07848590357999086	-0.07848590939829592	5.818305059968054e-09	5.818305059968054e-09	7.41318478169546e-08
0.3850796020780848	0.3850795883408864	1.3737198378827031e-08	1.3737198378827031e-08	3.567365891284333e-08
-0.24489789165222386	-0.24489791940141004	2.7749186171099893e-08	2.7749186171099893e-08	1.1330920811072613e-07
-0.4861671589171962	-0.486167177768948	1.8851751826254315e-08	1.8851751826254315e-08	3.877627577362776e-08
0.5440403006977618	0.5440403401735239	-3.9475762103613476e-08	3.9475762103613476e-08	7.256036373221548e-08
1.5308452811651163	1.5308452839235542	-2.7584379225231714e-09	2.7584379225231714e-09	1.8019051020124923e-09
-0.16960089093304018	-0.1696008939688909	3.0358507097094645e-09	3.0358507097094645e-09	1.7899969115775714e-08
0.427361742076221	0.42736174236779334	-2.9157232184218174e-10	2.9157232184218174e-10	6.822611692512689e-10
0.998655693694704	0.9986556960939197	-2.3992157149876903e-09	2.3992157149876903e-09	2.40244533740289e-09
-0.7984795714857285	-0.7984795729498728	1.4641443613072624e-09	1.4641443613072624e-09	1.8336653980801708e-09
0.15978879400978138	0.15978879673639312	-2.72661174194333e-09	2.72661174194333e-09	1.706384830576055e-08
0.23671130738502646	0.2367113029322354	4.452791052544924e-09	4.452791052544924e-09	1.8811061886883874e-08
3.6623286221335163	3.6623286905523855	-6.841886923680818e-08	6.841886923680818e-08	1.868179409769904e-08
-0.9634119321623377	-0.9634119260226726	-6.139665109650139e-09	6.139665109650139e-09	6.372834822452238e-09
-1.0772632864483944	-1.0772633095257333	2.3077338928700897e-08	2.3077338928700897e-08	2.1422190117314837e-08
-0.3732017849563144	-0.37320178307709284	-1.879221556144728e-09	1.879221556144728e-09	5.035403451686873e-09
0.44228839803012016	0.4422883921506582	5.879461972835287e-09	5.879461972835287e-09	1.3293276511483106e-08
-2.243746459327182	-2.243746503154398	4.382721607854023e-08	4.382721607854023e-08	1.9533051916963213e-08
-5.805698750845009	-5.805698901895084	1.5105007555860084e-07	1.5105007555860084e-07	2.601755310445892e-08
1.1807402996864023	1.1807402961494518	3.536950510252268e-09	3.536950510252268e-09	2.9955363691674294e-09
0.6004491714926693	0.6004491660860367	5.406632586080207e-09	5.406632586080207e-09	9.0043135085685e-09
2.5415635655441475	2.5415635718673	-6.3231526681306605e-09	6.3231526681306605e-09	2.4878986911259394e-09
0.4610835661016365	0.46108356855256716	-2.4509306806308473e-09	2.4509306806308473e-09	5.315588888480553e-09
-1.194127504881483	-1.1941275033677812	-1.5137018305466654e-09	1.5137018305466654e-09	1.2676216102206775e-09
-0.2287577936171189	-0.2287577990500722	5.43295330945881e-09	5.43295330945881e-09	2.3749806393709856e-08
-3.092203040988068	-3.0922031010049977	6.001692964829886e-08	6.001692964829886e-08	1.940911668889677e-08
-0.4636406539436341	-0.46364066292881034	8.985176269682427e-09	8.985176269682427e-09	1.9379612622957727e-08
1.6513243147026078	1.6513243417648482	-2.7062240448572084e-08	2.7062240448572084e-08	1.638820442939206e-08
-0.9073704758926442	-0.9073704632100998	-1.2682544348052716e-08	1.2682544348052716e-08	1.3977250401029418e-08
7.037655916524299	7.037656055217667	-1.386933679015101e-07	1.386933679015101e-07	1.9707324362911858e-08
-0.23236122219189378	-0.23236121251102304	-9.680870743933312e-09	9.680870743933312e-09	4.166302213687978e-08
-0.649506084132407	-0.6495060824818211	-1.6505858901894044e-09	1.6505858901894044e-09	2.5412939624641287e-09
-3.008101950177715	-3.008102025887638	7.570992277550204e-08	7.570992277550204e-08	2.516866915731669e-08
3.529497555336942	3.5294976169097936	-6.157285170615978e-08	6.157285170615978e-08	1.744521726982235e-08
-0.553054275980538	-0.5530542739506927	-2.029845291851018e-09	2.029845291851018e-09	3.6702460861589074e-09
0.1696762483943895	0.1696762546998798	-6.3054902965653525e-09	6.3054902965653525e-09	3.716189128550917e-08
0.10826674678730318	0.10826674952113535	-2.7338321745284944e-09	2.7338321745284944e-09	2.5250894255641387e-08
-0.3675543129986459	-0.3675543121062219	-8.924239680574431e-10	8.924239680574431e-10	2.428005702821751e-09
-0.8168948435351799	-0.8168948443199042	7.847242855518743e-10	7.847242855518743e-10	9.606184832259624e-10
-0.29660784137059615	-0.296607831842266	-9.52833012490828e-09	9.52833012490828e-09	3.212433656803808e-08
-1.7365047597077548	-1.7365047915518517	3.1844096914923625e-08	3.1844096914923625e-08	1.8338041826204283e-08
-0.01358913028392916	-0.013589115042123012	-1.524180614706494e-08	1.524180614706494e-08	1.1216174860793171e-06
2.715191614136579	2.7151916719958535	-5.785927470469687e-08	5.785927470469687e-08	2.1309462803086887e-08
-0.2225147388156244	-0.22251474547374528	6.658120887959029e-09	6.658120887959029e-09	2.992215672273262e-08
0.47417044368394173	0.47417045152542414	-7.841482407844325e-09	7.841482407844325e-09	1.6537265264620888e-08
0.6016697182787404	0.6016697216182365	-3.339496124077357e-09	3.339496124077357e-09	5.550380919337279e-09
-1.3048049750428936	-1.3048049731878564	-1.8550372349324107e-09	1.8550372349324107e-09	1.4216969358745961e-09
3.14169160346758	3.141691640848876	-3.738129583652494e-08	3.738129583652494e-08	1.1898461260572512e-08
8.044034170199295	8.044034298109182	-1.2790988712652052e-07	1.2790988712652052e-07	1.5901211310164224e-08
2.5614999449193645	2.561499954936153	-1.0016788287714462e-08	1.0016788287714462e-08	3.910516690653213e-09
-1.369763475734467	-1.3697634767595446	1.0250775783759991e-09	1.0250775783759991e-09	7.483610101564087e-10
-0.4987581208780848	-0.49875811328092823	-7.597156570504637e-09	7.597156570504637e-09	1.5232146109479926e-08
-2.288921417494107	-2.288921414219658	-3.274449156265291e-09	3.274449156265291e-09	1.4305642523324946e-09
0.06252068250740128	0.06252068033063551	2.1767657676363683e-09	2.1767657676363683e-09	3.481673072552719e-08
0.8520795454273954	0.8520795427102712	2.7171241923085176e-09	2.7171241923085176e-09	3.188815183851917e-09
-4.822091229732711	-4.822091318601451	8.886873992253186e-08	8.886873992253186e-08	1.8429501991702853e-08
0.3511524780465669	0.3511524846544489	-6.6078820193382626e-09	6.6078820193382626e-09	1.8817700094549755e-08
-5.131902766300909	-5.131902862558491	9.625758146114549e-08	9.625758146114549e-08	1.8756704061742824e-08
-0.21047053482604092	-0.21047052541689482	-9.409146101146959e-09	9.409146101146959e-09	4.4705289074899965e-08
-6.8864211332008685	-6.886421260787756	1.2758688772152027e-07	1.2758688772152027e-07	1.852731415254251e-08
-0.10034911589484578	-0.10034910246758955	-1.3427256237430463e-08	1.3427256237430463e-08	1.3380542636270624e-07
0.18814314533866808	0.18814314444171032	8.969577580675292e-10	8.969577580675292e-10	4.767421935319278e-09
2.444257549484847	2.4442576068395283	-5.735468144862921e-08	5.735468144862921e-08	2.3465072844192427e-08
-3.0758607897467414	-3.0758608590986114	6.935187002454768e-08	6.935187002454768e-08	2.2547142008419027e-08
1.0914213969280766	1.0914214499280206	-5.2999943989107123e-08	5.2999943989107123e-08	4.8560477317268276e-08
0.38307281429894136	0.383072820113739	-5.814797643388658e-09	5.814797643388658e-09	1.5179353444932593e-08
1.2577813067964672	1.257781309504935	-2.7084678944078178e-09	2.7084678944078178e-09	2.1533694925918464e-09
1.3459778928153618	1.3459778938340605	-1.0186986809657128e-09	1.0186986809657128e-09	7.568465176162114e-10
1.6444234493480143	1.6444234279333614	2.1414652939810708e-08	2.1414652939810708e-08	1.302259034818632e-08
-0.495807291003758	-0.4958072804583935	-1.0545364470537777e-08	1.0545364470537777e-08	2.1269079059303e-08
-1.110115035330733	-1.1101150539616356	1.8630902598459897e-08	1.8630902598459897e-08	1.678285763682973e-08
-0.5506505266425356	-0.550650515833695	-1.0808840600340375e-08	1.0808840600340375e-08	1.9629220489889993e-08
2.171790917985694	2.1717909612561925	-4.3270498739644836e-08	4.3270498739644836e-08	1.992387866681827e-08
-0.7404484305462465	-0.740448422220652	-8.32559454710946e-09	8.32559454710946e-09	1.1243989727910518e-08
3.5423613720079814	3.5423614372120937	-6.520411233168488e-08	6.520411233168488e-08	1.8406962329403465e-08
0.08139373612387722	0.08139371857396327	1.7549913952641383e-08	1.7549913952641383e-08	2.1561750066284323e-07
-0.30412718898781327	-0.30412719752348494	8.535671669473999e-09	8.535671669473999e-09	2.8066124892950737e-08
-0.3110332618876286	-0.3110332590949838	-2.7926447820902922e-09	2.7926447820902922e-09	8.978604941291555e-09
-4.79355297868901	-4.793553098352277	1.1966326685097783e-07	1.1966326685097783e-07	2.496337630625386e-08
2.463383896076102	2.4633839348098263	-3.87337242280239e-08	3.87337242280239e-08	1.5723787222008895e-08
-1.1331387260514159	-1.1331387258906034	-1.6081247444788005e-10	1.6081247444788005e-10	1.4191772882765567e-10
0.4103406335687082	0.41034063542610966	-1.85740145486335e-09	1.85740145486335e-09	4.5264867841862e-09
0.7721234286368733	0.7721234305790858	-1.9422125019374903e-09	1.9422125019374903e-09	2.5154171339760047e-09
0.5871221668504002	0.5871221446795971	2.2170803082310897e-08	2.2170803082310897e-08	3.7761822554316976e-08
0.4129205502723052	0.41292056266684085	-1.2394535675586127e-08	1.2394535675586127e-08	3.0016756655517407e-08
1.7382542232820972	1.738254259180394	-3.5898296779635075e-08	3.5898296779635075e-08	2.0651925534720373e-08
-0.0013179004598202755	-0.0013179123925510794	1.1932730803899255e-08	1.1932730803899255e-08	9.05434907089003e-06
2.6525088132150163	2.65250886513968	-5.192466367986981e-08	5.192466367986981e-08	1.9575679983107645e-08
-0.1073605151267569	-0.10736051990534179	4.778584888898152e-09	4.778584888898152e-09	4.450970529767149e-08
0.023546439307815983	0.023546440388599876	-1.0807838929371982e-09	1.0807838929371982e-09	4.5900098898538935e-08
-0.4521212146874465	-0.45212121221993584	-2.467510640258297e-09	2.467510640258297e-09	5.457630741711819e-09
-1.0306519997075037	-1.0306519743608078	-2.534669585330107e-08	2.534669585330107e-08	2.45928750543291e-08
-0.3874806654805502	-0.38748065435356693	-1.1126983279208247e-08	1.1126983279208247e-08	2.871622837079795e-08
1.7358384437946113	1.7358385275656474	-8.37710361079047e-08	8.37710361079047e-08	4.82596962910776e-08
-3.494541329625733	-3.4945413972309325	6.760519966064749e-08	6.760519966064749e-08	1.9345943654324453e-08
0.5109679141633791	0.51096791139571	2.7676690939060222e-09	2.7676690939060222e-09	5.4165222848436546e-09
-0.2873944123421213	-0.2873944185921573	6.2500359887529555e-09	6.2500359887529555e-09	2.17472425362006e-08
0.735824020002268	0.7358240236499114	-3.6476434095433774e-09	3.6476434095433774e-09	4.957222529283747e-09
-0.2024139377207745	-0.20241392121533863	-1.6505435879166086e-08	1.6505435879166086e-08	8.154298100724152e-08
-0.5987011222498966	-0.5987011172692291	-4.980667434040242e-09	4.980667434040242e-09	8.319121593296967e-09
4.01380788622827	4.0138079566531815	-7.042491123598893e-08	7.042491123598893e-08	1.7545660687354526e-08
0.5515902732772837	0.5515902785191429	-5.2418591689473715e-09	5.2418591689473715e-09	9.503175496193522e-09
-1.9954244166264474	-1.995424454435124	3.7808676633943605e-08	3.7808676633943605e-08	1.8947686677035166e-08
-0.2585211090602205	-0.2585211223049555	1.3244734975437211e-08	1.3244734975437211e-08	5.123270213246668e-08
2.418911339230181	2.4189113901229575	-5.0892776659594574e-08	5.0892776659594574e-08	2.1039537842586332e-08
-0.6195607227234539	-0.6195607375047985	1.478134459276248e-08	1.478134459276248e-08	2.385778189389881e-08
-0.42024457756439487	-0.420244587076013	9.511618104252051e-09	9.511618104252051e-09	2.2633529644518895e-08
0.19987265449062586	0.19987268387922086	-2.9388595002011186e-08	2.9388595002011186e-08	1.4703659726193074e-07
2.415331396415163	2.41533146436268	-6.794751694627621e-08	6.794751694627621e-08	2.8131757425554096e-08
1.3312025865983035	1.3312025794220972	7.176206295866905e-09	7.176206295866905e-09	5.3907694952761976e-09
1.3846453098817924	1.384645306643506	3.2382863057733857e-09	3.2382863057733857e-09	2.338711786088987e-09
0.565002355408888	0.5650023558700923	-4.6120429697538157e-10	4.6120429697538157e-10	8.162873881147123e-10
-0.3952504252558237	-0.3952504266635515	1.4077277676882716e-09	1.4077277676882716e-09	3.561609748495849e-09
-0.08858094160299076	-0.08858095043251524	8.829524472675487e-09	8.829524472675487e-09	9.967747365170676e-08
0.5656652992963432	0.5656653047481086	-5.4517653724772686e-09	5.4517653724772686e-09	9.637793549045642e-09
3.004116398122013	3.004116460942896	-6.282088316211798e-08	6.282088316211798e-08	2.0911600895820712e-08
1.3676473105659168	1.3676472917723004	1.879361644085975e-08	1.879361644085975e-08	1.3741566481115052e-08
-2.840775246894457	-2.840775296135689	4.9241231980801103e-08	4.9241231980801103e-08	1.7333730302892406e-08
-0.7403361720600304	-0.7403361541946651	-1.7865365298241898e-08	1.7865365298241898e-08	2.4131422956858142e-08
-4.5315928207216025	-4.531592912826454	9.210485174548921e-08	9.210485174548921e-08	2.0325050239359902e-08
0.8300566163806727	0.8300566241814522	-7.800779466826668e-09	7.800779466826668e-09	9.397888424576027e-09
-0.7492933756594049	-0.7492933900721255	1.4412720572565263e-08	1.4412720572565263e-08	1.923508340091964e-08
3.246008076937182	3.246008172936854	-9.599967176754376e-08	9.599967176754376e-08	2.9574686658859345e-08
-0.03339460886422798	-0.03339457634865539	-3.2515572588598385e-08	3.2515572588598385e-08	9.73677299853893e-07
-0.6181714323568588	-0.6181714570629993	2.4706140466790316e-08	2.4706140466790316e-08	3.9966486921912504e-08
-1.006980626078632	-1.00698062851734	2.4387079022858416e-09	2.4387079022858416e-09	2.421802206644848e-09
0.6811998867995974	0.681199885548267	1.2513303726535696e-09	1.2513303726535696e-09	1.8369503531959617e-09
-0.885607621491894	-0.8856076192387263	-2.2531676524550903e-09	2.2531676524550903e-09	2.5442053543525355e-09
0.07140788755341597	0.07140789421100635	-6.6575903817645e-09	6.6575903817645e-09	9.323326329720025e-08
0.09223377444856387	0.09223376764566638	6.802897495328253e-09	6.802897495328253e-09	7.37571191898043e-08
1.1976863782478815	1.1976863970630802	-1.8815198732369254e-08	1.8815198732369254e-08	1.570962071046877e-08
0.7976337479065316	0.7976337383297505	9.576781145881341e-09	9.576781145881341e-09	1.2006489408223445e-08
-4.58801196349645	-4.588012043313938	7.981748861851656e-08	7.981748861851656e-08	1.7396966105051074e-08
-0.6725611891580578	-0.6725611910951557	1.9370978154853447e-09	1.9370978154853447e-09	2.8801807875805177e-09
-5.102484795808459	-5.1024848926317645	9.682330581739507e-08	9.682330581739507e-08	1.897571667375326e-08
1.0771821840930798	1.0771821735033882	1.0589691568085868e-08	1.0589691568085868e-08	9.83091971299333e-09
-0.42884332454318974	-0.42884331833192846	-6.211261283084468e-09	6.211261283084468e-09	1.4483754153572976e-08
2.3855720243514074	2.385572056482488	-3.2131080462960426e-08	3.2131080462960426e-08	1.346892071795496e-08
-3.4473753353511873	-3.4473753521524486	1.6801261271126577e-08	1.6801261271126577e-08	4.873638532723045e-09
-1.5964903679756128	-1.5964904059728724	3.7997259560995644e-08	3.7997259560995644e-08	2.3800494085772068e-08
0.7961574282622298	0.7961574283399386	-7.770883936331074e-11	7.770883936331074e-11	9.760486633017489e-11
-0.8715766267041232	-0.8715766307432204	4.039097278862869e-09	4.039097278862869e-09	4.634242308833775e-09
0.5995277137703707	0.5995277206238825	-6.853511758109221e-09	6.853511758109221e-09	1.143151784428473e-08
0.05190182100509577	0.0519018294653506	-8.460254830033875e-09	8.460254830033875e-09	1.6300497104337129e-07
0.8128346715016196	0.8128346689773025	2.524317088692385e-09	2.524317088692385e-09	3.105572605593947e-09
-2.10007337418052	-2.1000734113840736	3.720355357117455e-08	3.720355357117455e-08	1.771535891487217e-08
-0.06381271630723291	-0.06381272214639466	5.839161751342026e-09	5.839161751342026e-09	9.150467319442693e-08
1.260474978443446	1.2604750099853845	-3.154193861654164e-08	3.154193861654164e-08	2.5023851449627838e-08
-0.30020570132150104	-0.30020569283806253	-8.483438507234098e-09	8.483438507234098e-09	2.8258752148577218e-08
0.10470267486693047	0.10470267625350971	-1.3865792403144894e-09	1.3865792403144894e-09	1.3243016399311015e-08
0.14604234851397152	0.1460423436583369	4.855634616607318e-09	4.855634616607318e-09	3.324812745080439e-08
-0.516453278669	-0.5164532967683044	1.8099304388563553e-08	1.8099304388563553e-08	3.504538578050847e-08
-6.250703377717141	-6.250703418118064	4.04009234955538e-08	4.04009234955538e-08	6.463420363151015e-09
5.860126023222741	5.860126129846321	-1.0662358018720397e-07	1.0662358018720397e-07	1.819475891212438e-08
-2.085490689329805	-2.085490723402472	3.407266735422354e-08	3.407266735422354e-08	1.6337961866026438e-08
0.5388193952275112	0.5388193949329434	2.9456781458492287e-10	2.9456781458492287e-10	5.466911866833311e-10
-1.7663742733176115	-1.7663742755757994	2.2581878589278404e-09	2.2581878589278404e-09	1.2784311303892025e-09
-0.7434880776144275	-0.7434880762957619	-1.3186656211416903e-09	1.3186656211416903e-09	1.7736203993650986e-09
0.2781399090834311	0.27813989618152846	1.2901902657347364e-08	1.2901902657347364e-08	4.638637691320053e-08
1.3136789163142226	1.3136789084455813	7.868641294095369e-09	7.868641294095369e-09	5.989775124177486e-09
-2.022800786821741	-2.0228008179401513	3.111841051506303e-08	3.111841051506303e-08	1.5383823616144035e-08
0.7812136061009902	0.7812135982021573	7.89883292107163e-09	7.89883292107163e-09	1.0110977150659765e-08
-6.679322914522422	-6.679323041680618	1.2715819597275413e-07	1.2715819597275413e-07	1.903758773157714e-08
0.54269024643826	0.5426902362160035	1.0222256485725723e-08	1.0222256485725723e-08	1.883626350909307e-08
8.376015585246451	8.37601573948632	-1.5423986887697083e-07	1.5423986887697083e-07	1.8414467751068848e-08
-0.5614062525292404	-0.5614062365566497	-1.5972590694524058e-08	1.5972590694524058e-08	2.8451038125358497e-08
1.200520319150907	1.200520314341702	4.809205034206343e-09	4.809205034206343e-09	4.00593389173767e-09
5.189573100843354	5.18957318035973	-7.951637570613457e-08	7.951637570613457e-08	1.5322334643135177e-08
-1.2287615523029043	-1.2287615709283273	1.8625422981699558e-08	1.8625422981699558e-08	1.5157882297661742e-08
6.6870952689385765	6.68709541514545	-1.4620687327493442e-07	1.4620687327493442e-07	2.1864033245355786e-08
-1.2861545813064215	-1.2861545928899432	1.1583521697389187e-08	1.1583521697389187e-08	9.00632153066946e-09
1.0155569818746402	1.0155569816561183	2.1852186726789569e-10	2.1852186726789569e-10	2.151744029808363e-10
0.3761378068035071	0.3761378047784092	2.0250979226865695e-09	2.0250979226865695e-09	5.3839254817170575e-09
-0.6337641319020053	-0.6337641207210254	-1.1180979919700462e-08	1.1180979919700462e-08	1.764217846495185e-08
1.1334119258352016	1.1334119062667014	1.9568500153610557e-08	1.9568500153610557e-08	1.7265126391881484e-08
-4.610705504273646	-4.61070559140353	8.712988375236819e-08	8.712988375236819e-08	1.8897299702097176e-08
0.0278322142636327	0.02783220224955585	1.2014076851418753e-08	1.2014076851418753e-08	4.3166083508911083e-07
-0.9825586527075928	-0.9825586676015519	1.489395906606461e-08	1.489395906606461e-08	1.515834095503815e-08
0.5201625559460689	0.5201625617701211	-5.824052240477329e-09	5.824052240477329e-09	1.1196600320229844e-08
-1.2663606442817918	-1.2663606685237028	2.4241910923095134e-08	2.4241910923095134e-08	1.914297560695577e-08
-1.1646871040026268	-1.1646870825643418	-2.1438284925068274e-08	2.1438284925068274e-08	1.8406905040325684e-08
-0.4249003954457565	-0.4249003995937528	4.14799633530194e-09	4.14799633530194e-09	9.76227930065902e-09
-2.822000330685744	-2.8220003468959476	1.6210203401811896e-08	1.6210203401811896e-08	5.744224486987507e-09
-7.7430333127094055	-7.743033525002829	2.122934237291929e-07	2.122934237291929e-07	2.7417346039404834e-08
-0.3118729775309311	-0.3118730228379718	4.530704073024694e-08	4.530704073024694e-08	1.452740185730053e-07
-1.8511461858042741	-1.8511461894377135	3.6334393271886256e-09	3.6334393271886256e-09	1.9628051825685457e-09
-2.6778127277520074	-2.677812735782936	8.030928810853766e-09	8.030928810853766e-09	2.999062902205128e-09
-2.5587468890820886	-2.558746896283992	7.201903517994879e-09	7.201903517994879e-09	2.8146213088620313e-09
1.4508700484190413	1.4508700587612111	-1.0342169787236344e-08	1.0342169787236344e-08	7.128253697500902e-09
0.44523398128617264	0.4452339908311842	-9.54501155892018e-09	9.54501155892018e-09	2.143819196222841e-08
0.7484009236998039	0.7484009438485373	-2.0148733348435144e-08	2.0148733348435144e-08	2.69223790489563e-08
0.8642491926258045	0.8642492048238637	-1.2198059229362457e-08	1.2198059229362457e-08	1.4114053369609421e-08
6.484179109909818	6.484179234576004	-1.2466618581896682e-07	1.2466618581896682e-07	1.9226209471672146e-08
-0.2963001099796649	-0.2963000906675006	-1.9312164256657383e-08	1.9312164256657383e-08	6.517771545202187e-08
1.230870386859043	1.2308704071983811	-2.033933821365963e-08	2.033933821365963e-08	1.6524354173116405e-08
0.7031589290191192	0.703158925716707	3.3024122325642224e-09	3.3024122325642224e-09	4.696537434532711e-09
1.0228239664617156	1.0228239716525422	-5.1908266573974515e-09	5.1908266573974515e-09	5.074995138561553e-09
3.5631267945562177	3.5631268247016123	-3.014539462498078e-08	3.014539462498078e-08	8.460376619500947e-09
0.12331289139565323	0.12331290236033965	-1.0964686422698655e-08	1.0964686422698655e-08	8.891760057363442e-08
3.856499725250468	3.856499779431033	-5.418056492345613e-08	5.418056492345613e-08	1.4049155654986405e-08
0.7641224751609375	0.7641224829058046	-7.744867192016613e-09	7.744867192016613e-09	1.0135635901018892e-08
0.33297761791691877	0.33297761092399014	6.9929286250491884e-09	6.9929286250491884e-09	2.100119722399478e-08
-1.035438312987296	-1.035438317558146	4.5708501428265436e-09	4.5708501428265436e-09	4.414410868803369e-09
-0.44609021645810876	-0.4460902300706948	1.3612586058364684e-08	1.3612586058364684e-08	3.0515320794180674e-08
-1.2014106888601714	-1.2014106823698967	-6.49027476207209e-09	6.49027476207209e-09	5.402211601954104e-09
-6.332378258972926	-6.332378379738657	1.207657307489285e-07	1.207657307489285e-07	1.9071149228617932e-08
-0.025546461879768497	-0.02554644197516609	-1.9904602407277983e-08	1.9904602407277983e-08	7.791529997757309e-07
1.0291479945062398	1.0291480202795356	-2.5773295719844214e-08	2.5773295719844214e-08	2.504333279317093e-08
-0.6569197406992133	-0.656919755783747	1.5084533622200524e-08	1.5084533622200524e-08	2.296252142787614e-08
-4.122141806043652	-4.12214188145299	7.540933744110134e-08	7.540933744110134e-08	1.8293727142171678e-08
0.3138079481232538	0.31380794553115265	2.5921011448382103e-09	2.5921011448382103e-09	8.260151345242904e-09
-0.8601881331117536	-0.8601881199865602	-1.3125193376595234e-08	1.3125193376595234e-08	1.525851481944362e-08
-1.1234983414346635	-1.123498391280009	4.984534540675156e-08	4.984534540675156e-08	4.436619402846737e-08
4.082801484960332	4.08280155625107	-7.129073775757888e-08	7.129073775757888e-08	1.746123048602534e-08
6.280612902854836	6.280613001763413	-9.890857732841596e-08	9.890857732841596e-08	1.5748236495112975e-08
-1.9185434827463503	-1.9185434894097853	6.663434914955246e-09	6.663434914955246e-09	3.4731737773369067e-09
-2.505422065020507	-2.5054220714082476	6.387740558722044e-09	6.387740558722044e-09	2.54956665701344e-09
-0.42388260557972074	-0.42388260681036627	1.2306455299260222e-09	1.2306455299260222e-09	2.9032697112988078e-09
1.570975376056132	1.570975373397232	2.6588999890719833e-09	2.6588999890719833e-09	1.6925153822251756e-09
0.516314622318575	0.5163146170161781	5.30239685492262e-09	5.30239685492262e-09	1.0269701119661396e-08
0.6215827447614782	0.6215827625055681	-1.7744089864102364e-08	1.7744089864102364e-08	2.8546625551697636e-08
-0.015804482367241187	-0.01580446223670151	-2.0130539676171955e-08	2.0130539676171955e-08	1.2737234417684963e-06
0.41441313254310896	0.41441315261181444	-2.0068705475217996e-08	2.0068705475217996e-08	4.84268086584596e-08
-0.3344231962922151	-0.33442316635046154	-2.99417535765123e-08	2.99417535765123e-08	8.953252617784784e-08
-1.343905864081742	-1.3439058830044814	1.8922739375426545e-08	1.8922739375426545e-08	1.4080405392349403e-08
0.7941571549083922	0.7941571357150679	1.919332437427812e-08	1.919332437427812e-08	2.4168169052751418e-08
1.1399944823518249	1.1399944787626737	3.5891511984686986e-09	3.5891511984686986e-09	3.148393482628292e-09
3.6577251471621106	3.657725214907259	-6.7745148601972e-08	6.7745148601972e-08	1.8521115140248547e-08
-3.0594415108267574	-3.0594415329687763	2.2142018885062953e-08	2.2142018885062953e-08	7.23727477930424e-09
0.2616316596965153	0.2616316351122805	2.4584234814550854e-08	2.4584234814550854e-08	9.39650608151468e-08
1.1352994110887336	1.1352994170010788	-5.912345280023601e-09	5.912345280023601e-09	5.207740990857873e-09
-1.7262029712925793	-1.7262029678022373	-3.4903420154108744e-09	3.4903420154108744e-09	2.021976600351527e-09
-0.699060232758234	-0.6990602287260117	-4.03222233380518e-09	4.03222233380518e-09	5.7680613842036425e-09
-0.40269407175591915	-0.4026940860057948	1.4249875668337353e-08	1.4249875668337353e-08	3.538635571713726e-08
-0.3568197157578496	-0.35681970530276885	-1.04550807455972e-08	1.04550807455972e-08	2.930073727398064e-08
0.13079834440971627	0.13079834843665594	-4.0269396706094085e-09	4.0269396706094085e-09	3.0787390228696733e-08
0.22771547422275148	0.22771547719457885	-2.971827367526103e-09	2.971827367526103e-09	1.3050616685886963e-08
-4.740293963145262	-4.740294052680838	8.953557628643694e-08	8.953557628643694e-08	1.8888190686602195e-08
0.05392226553432876	0.05392224920797162	1.632635714121644e-08	1.632635714121644e-08	3.027758010431243e-07
-1.7181939824599386	-1.718194012028107	2.956816835819609e-08	2.956816835819609e-08	1.7208865040874685e-08
0.7344121088932711	0.7344121058849851	3.0082860646984955e-09	3.0082860646984955e-09	4.09618254964758e-09
-0.5296182949045317	-0.5296182871461497	-7.758382047917678e-09	7.758382047917678e-09	1.4649006883941185e-08
1.586517894884685	1.5865179057072964	-1.0822611473670918e-08	1.0822611473670918e-08	6.8216132377489205e-09
-3.659246701049868	-3.6592468450180604	1.4396819247863846e-07	1.4396819247863846e-07	3.934366940532673e-08
-5.91895405301336	-5.918954184380709	1.313673489988787e-07	1.313673489988787e-07	2.2194351877423195e-08
-1.0735794946493917	-1.0735794967331458	2.0837540581908343e-09	2.0837540581908343e-09	1.940940627662923e-09
-0.5410110817731145	-0.5410110816228553	-1.5025924948730562e-10	1.5025924948730562e-10	2.777378404058649e-10
-1.6396843866753663	-1.6396843875554623	8.800959960808541e-10	8.800959960808541e-10	5.367471955169018e-10
0.14629862312427155	0.14629861198045546	1.1143816092129555e-08	1.1143816092129555e-08	7.617170862000238e-08
0.28503545394420166	0.2850354758265894	-2.1882387735150388e-08	2.1882387735150388e-08	7.677075757542102e-08
1.2393185867348855	1.2393186170811532	-3.034626772091542e-08	3.034626772091542e-08	2.4486252401705553e-08
0.0014423511194267397	0.0014423540051211603	-2.885694420614107e-09	2.885694420614107e-09	2.0006878919753063e-06
1.9286043540398208	1.9286043925603735	-3.852055274755628e-08	3.852055274755628e-08	1.9973278950069677e-08
1.0270624418198855	1.0270624443364795	-2.516594044266185e-09	2.516594044266185e-09	2.450283392514042e-09
-1.3607567736727648	-1.3607567962026224	2.2529857535147357e-08	2.2529857535147357e-08	1.655685863266946e-08
-1.1360056103122427	-1.1360056032572174	-7.055025230684464e-09	7.055025230684464e-09	6.210378863133711e-09
0.7070614909053351	0.707061499269912	-8.364576919994704e-09	8.364576919994704e-09	1.1830055840383188e-08
0.8527575576344006	0.8527575937478105	-3.611340981812816e-08	3.611340981812816e-08	4.234897655824813e-08
-7.9020579947419405	-7.902058177933213	1.8319127281785086e-07	1.8319127281785086e-07	2.3182729478794895e-08
2.303178944373986	2.303178971487796	-2.7113809863976712e-08	2.7113809863976712e-08	1.177234184526047e-08
2.4479608410727254	2.4479608464389457	-5.3662203569615485e-09	5.3662203569615485e-09	2.1921185449232952e-09
-2.028816269398896	-2.0288162795623066	1.0163410557595398e-08	1.0163410557595398e-08	5.0095273341861775e-09
0.3158802312663	0.3158802337566158	-2.4903157869182735e-09	2.4903157869182735e-09	7.88373421449991e-09
0.5912508015786637	0.5912507867833483	1.4795315417259758e-08	1.4795315417259758e-08	2.5023755363638683e-08
0.47051626013860254	0.4705162564277998	3.7108027206578242e-09	3.7108027206578242e-09	7.886662024314979e-09
-1.9137721694981105	-1.9137722119921818	4.249407137280059e-08	4.249407137280059e-08	2.220435224739668e-08
-0.3046948728198392	-0.30469486318907	-9.630769182145116e-09	9.630769182145116e-09	3.1607913493968184e-08
8.224327997378323	8.224328157666605	-1.6028828220271407e-07	1.6028828220271407e-07	1.9489529388152967e-08
0.138762039322229	0.13876202956453199	9.757697011503197e-09	9.757697011503197e-09	7.031964259940119e-08
1.5341500234516834	1.5341500511567574	-2.770507401272937e-08	2.770507401272937e-08	1.8058907922444075e-08
0.060016948233853847	0.060016955103492364	-6.869638517759125e-09	6.869638517759125e-09	1.1446164325103351e-07
0.718345194649666	0.7183451907621929	3.8874730101667865e-09	3.8874730101667865e-09	5.411706014213252e-09
-2.422499746724651	-2.422499815111223	6.838657196084341e-08	6.838657196084341e-08	2.8229754018883057e-08
1.8704503721094963	1.8704504736888339	-1.0157933760801541e-07	1.0157933760801541e-07	5.4307421957126885e-08
5.101948684018746	5.101948763694963	-7.967621762361432e-08	7.967621762361432e-08	1.561682066171906e-08
-1.7277452201470958	-1.7277452298003482	9.653252419639102e-09	9.653252419639102e-09	5.5871967157387065e-09
0.8103857704264749	0.8103857680907822	2.335692639299225e-09	2.335692639299225e-09	2.8821984843959435e-09
-0.20817117297036702	-0.20817117729166057	4.321293545217486e-09	4.321293545217486e-09	2.0758366701582733e-08
-0.835879068179617	-0.8358790637430502	-4.436566780618989e-09	4.436566780618989e-09	5.3076658448703276e-09
1.9033333927722504	1.9033333910556394	1.7166110755084674e-09	1.7166110755084674e-09	9.018972094049075e-10
-1.556744770206726	-1.5567448008368956	3.063016951188047e-08	3.063016951188047e-08	1.9675781218659865e-08
-0.30729559049715305	-0.30729558602615725	-4.470995795813337e-09	4.470995795813337e-09	1.4549495450227617e-08
-4.916997358282353	-4.916997440886917	8.26045631896477e-08	8.26045631896477e-08	1.6799798163508434e-08
0.8704230840539618	0.8704231004230678	-1.6369105959590513e-08	1.6369105959590513e-08	1.880591893697492e-08
0.2547669146184832	0.2547669146224507	-3.9674930008004594e-12	3.9674930008004594e-12	1.5573030771055308e-11
0.20886567356011082	0.20886566744593438	6.114176442917341e-09	6.114176442917341e-09	2.9273246956770528e-08
0.3932098005864855	0.39320979340118356	7.1853019645296e-09	7.1853019645296e-09	1.827345593576885e-08
2.1429246405501705	2.142924681720615	-4.1170444387006455e-08	4.1170444387006455e-08	1.9212268881483593e-08
1.8478240131610228	1.8478240690456005	-5.588457763217036e-08	5.588457763217036e-08	3.024345242519612e-08
1.9002506576217693	1.9002507087861886	-5.116441936792171e-08	5.116441936792171e-08	2.6925089678408947e-08
0.8683602446673324	0.8683602482051356	-3.53780316153518e-09	3.53780316153518e-09	4.074119218678081e-09
-2.7502346907925417	-2.7502346893015783	-1.4909633527793176e-09	1.4909633527793176e-09	5.421222260670645e-10
-0.050430416321983286	-0.050430417104507796	7.825245104675638e-10	7.825245104675638e-10	1.5516915535088512e-08
0.9347976000077648	0.9347976038043271	-3.796562286773053e-09	3.796562286773053e-09	4.0613735922530366e-09
0.8918789884182158	0.8918789762901724	1.2128043347381379e-08	1.2128043347381379e-08	1.359830594158403e-08
2.9610360619580653	2.961036125270766	-6.331270085979668e-08	6.331270085979668e-08	2.1381941838941817e-08
1.4587371174834858	1.4587370878871297	2.9596356032612903e-08	2.9596356032612903e-08	2.0289026499627654e-08
3.802817246682999	3.8028173185011838	-7.181818473256385e-08	7.181818473256385e-08	1.8885520937196534e-08
-0.0515243971822904	-0.05152440735400887	1.0171718474449865e-08	1.0171718474449865e-08	1.9741557457650403e-07
-5.635323567851143	-5.635323677779525	1.0992838195278409e-07	1.0992838195278409e-07	1.950702220186833e-08
-0.142735401297964	-0.14273538909037597	-1.2207588023782634e-08	1.2207588023782634e-08	8.552600064716226e-08
-0.004610216861710813	-0.00461020135844592	-1.5503264893211577e-08	1.5503264893211577e-08	3.3628059933515672e-06
-0.9454018688250299	-0.9454018845644896	1.5739459735542027e-08	1.5739459735542027e-08	1.6648433068049082e-08
-3.1539751408832144	-3.1539752353637596	9.448054516525417e-08	9.448054516525417e-08	2.995602087681534e-08
2.928436489108724	2.9284365382409305	-4.9132206747515283e-08	4.9132206747515283e-08	1.6777624145254652e-08
3.1605028827349146	3.160502892569639	-9.834724146173812e-09	9.834724146173812e-09	3.1117592709371037e-09
1.4267014048923452	1.4267014103097608	-5.4174156272068785e-09	5.4174156272068785e-09	3.797161486369785e-09
-0.6721845042796049	-0.6721845056745224	1.3949175148297854e-09	1.3949175148297854e-09	2.0752003444720133e-09
0.04182345293497462	0.04182344127912074	1.1655853879299904e-08	1.1655853879299904e-08	2.7869181192241456e-07
-0.47697070726958335	-0.4769706856677658	-2.1601817556948788e-08	2.1601817556948788e-08	4.5289610510063175e-08
2.0172024077489414	2.017202441493282	-3.374434065506193e-08	3.374434065506193e-08	1.6728286921250647e-08
-0.7865390617794176	-0.786539067121339	5.34192146073309e-09	5.34192146073309e-09	6.791679803731369e-09
-3.6215364963363723	-3.62153657079034	7.445396787986169e-08	7.445396787986169e-08	2.0558668387073e-08
-0.6772587850541754	-0.6772587767045479	-8.349627433901219e-09	8.349627433901219e-09	1.2328562756455517e-08
4.655811239028937	4.655811326301773	-8.727283606901892e-08	8.727283606901892e-08	1.8744925768773528e-08
-0.5181822141232314	-0.5181822052691132	-8.85411821638371e-09	8.85411821638371e-09	1.70868817475045e-08
0.4798502979208748	0.47985028686525766	1.105561714398462e-08	1.105561714398462e-08	2.3039721329521072e-08
-1.3613240116513603	-1.361324020763277	9.111916776660678e-09	9.111916776660678e-09	6.6934225053500865e-09
-0.2586962089981478	-0.25869622731988784	1.8321740014037857e-08	1.8321740014037857e-08	7.082338038501768e-08
0.060947193568751355	0.06094720447435975	-1.0905608395506139e-08	1.0905608395506139e-08	1.78935366124842e-07
0.30129942538348686	0.3012994238815736	1.5019132604265906e-09	1.5019132604265906e-09	4.984786341742904e-09
2.2854180433844555	2.2854180497233756	-6.338920055526387e-09	6.338920055526387e-09	2.7736370043439123e-09
-0.20189024861458646	-0.2018902432610048	-5.353581661315943e-09	5.353581661315943e-09	2.651728698168114e-08
0.08734877890207172	0.0873487806529738	-1.750902076103067e-09	1.750902076103067e-09	2.0044951951372262e-08
0.7155682758685619	0.7155682715165312	4.352030624765746e-09	4.352030624765746e-09	6.081922258897266e-09
0.7907764728149487	0.7907764847914223	-1.1976473590635806e-08	1.1976473590635806e-08	1.514520727709921e-08
-0.271113917369695	-0.27111392228107434	4.911379358762957e-09	4.911379358762957e-09	1.8115556023137415e-08
0.8036070233255834	0.803607031230058	-7.904474630393565e-09	7.904474630393565e-09	9.836243836797637e-09
-0.7240591086103972	-0.7240590775836608	-3.102673640231757e-08	3.102673640231757e-08	4.285110985187879e-08
-3.268261017127652	-3.2682610844858573	6.735820523573466e-08	6.735820523573466e-08	2.0609799793448924e-08
-0.4298753185513222	-0.4298753265175037	7.966181492236046e-09	7.966181492236046e-09	1.8531376770087756e-08
-0.9491249794196086	-0.9491249875281937	8.108585136668012e-09	8.108585136668012e-09	8.543221717361631e-09
3.3136812099186015	3.3136813135570264	-1.0363842495308973e-07	1.0363842495308973e-07	3.127591895167114e-08
3.622695091144628	3.6226951897333493	-9.858872118684303e-08	9.858872118684303e-08	2.7214192391690603e-08
2.0619616950358264	2.061961777144461	-8.210863455815343e-08	8.210863455815343e-08	3.982064010007072e-08
-0.3510803558753021	-0.3510803571771248	1.3018227051908582e-09	1.3018227051908582e-09	3.708047697357479e-09
0.6594828569553448	0.6594828528250218	4.130322972528688e-09	4.130322972528688e-09	6.262972462388605e-09
-0.25264661753543866	-0.2526466187191545	1.1837158475636045e-09	1.1837158475636045e-09	4.685262993467803e-09
0.20110831864595266	0.20110830973862903	8.907323628681851e-09	8.907323628681851e-09	4.4291174470823474e-08
0.5899120749018995	0.5899120651520207	9.749878793208211e-09	9.749878793208211e-09	1.6527681341036434e-08
0.9670528827354972	0.9670529016148066	-1.8879309449104653e-08	1.8879309449104653e-08	1.9522520211822186e-08
0.12104856556948321	0.12104856978112366	-4.211640453055665e-09	4.211640453055665e-09	3.479298109185885e-08
-0.7100170130682802	-0.7100170296325814	1.6564301152932615e-08	1.6564301152932615e-08	2.332944260215871e-08
1.795225497488306	1.7952254847841687	1.2704137297703255e-08	1.2704137297703255e-08	7.0766248114666215e-09
-1.1292029403403816	-1.1292029603282572	1.998787557688786e-08	1.998787557688786e-08	1.770087099743365e-08
0.7708189927317939	0.770818987803068	4.928725871877759e-09	4.928725871877759e-09	6.394141709469667e-09
-0.07547845056144574	-0.0754784423406818	-8.220763944577492e-09	8.220763944577492e-09	1.0891537761344353e-07
-1.6038033407454944	-1.6038033754739445	3.4728450115650844e-08	3.4728450115650844e-08	2.1653808315119267e-08
1.102087933460656	1.102087962863152	-2.9402495993480215e-08	2.9402495993480215e-08	2.667890201932773e-08
-4.67013192158408	-4.670132038882002	1.1729792248615922e-07	1.1729792248615922e-07	2.511661864283536e-08
-2.3404501341999286	-2.3404501371260267	2.9260980305423345e-09	2.9260980305423345e-09	1.2502287435158736e-09
-1.3950296772097261	-1.3950296761322534	-1.077472777666344e-09	1.077472777666344e-09	7.72365488181911e-10
-2.299759475905191	-2.299759480592911	4.68771998995976e-09	4.68771998995976e-09	2.0383522881733802e-09
0.3621628482719486	0.36216285025147954	-1.9795309280645768e-09	1.9795309280645768e-09	5.46585862550469e-09
0.39604138159146185	0.39604138692084234	-5.329380492469227e-09	5.329380492469227e-09	1.345662534317379e-08
2.629293591858535	2.6292936490790453	-5.722051010792484e-08	5.722051010792484e-08	2.1762693327631817e-08
0.9843193763966257	0.9843193856795551	-9.282929425147302e-09	9.282929425147302e-09	9.430810413516435e-09
-0.9714825470753178	-0.9714825591800036	1.21046858092555e-08	1.21046858092555e-08	1.2460013662311361e-08
0.15587641751262055	0.15587643247272354	-1.4960102989736157e-08	1.4960102989736157e-08	9.597412635253124e-08
-1.6351297931554436	-1.6351298154404503	2.2285006728850476e-08	2.2285006728850476e-08	1.3628891615903638e-08
0.26132866005695726	0.2613286551422789	4.914678386480631e-09	4.914678386480631e-09	1.880650360128684e-08
-0.4508985171278511	-0.4508985284701339	1.134228277965832e-08	1.134228277965832e-08	2.515484604364366e-08
0.5617440132474857	0.5617440501737292	-3.692624350737361e-08	3.692624350737361e-08	6.57350014179949e-08
0.4551430163914927	0.4551430083665764	8.024916287041606e-09	8.024916287041606e-09	1.7631636646137066e-08
-0.8023950212170861	-0.8023950658753165	4.465823044697004e-08	4.465823044697004e-08	5.5656165935864974e-08
-0.8508819656701745	-0.8508819610142382	-4.655936303166186e-09	4.655936303166186e-09	5.471894447191699e-09
0.5684296708355688	0.5684296684194123	2.416156497098143e-09	2.416156497098143e-09	4.250581243492251e-09
-0.21977475614046366	-0.21977475171297556	-4.4274880983685705e-09	4.4274880983685705e-09	2.014557165764229e-08
-0.41136151096491425	-0.4113615159440087	4.9790944700589534e-09	4.9790944700589534e-09	1.210393859741445e-08
-0.657458537633888	-0.6574585449925507	7.358662790224457e-09	7.358662790224457e-09	1.1192588382390432e-08
3.2799264046304835	3.2799264681671048	-6.353662129754412e-08	6.353662129754412e-08	1.9371355774277548e-08
-0.1484674575413995	-0.14846746580587933	8.264479822717163e-09	8.264479822717163e-09	5.566526132780747e-08
-0.31522697359962043	-0.31522697554464685	1.945026417704554e-09	1.945026417704554e-09	6.170241066283219e-09
0.286218022497208	0.2862180190277286	3.4694794259770845e-09	3.4694794259770845e-09	1.212180629195329e-08
0.8281962698105008	0.8281962891487638	-1.9338262990942212e-08	1.9338262990942212e-08	2.334985521652614e-08
0.31674876726980883	0.31674876026954735	7.000261481593384e-09	7.000261481593384e-09	2.2100359038273738e-08
0.41730998056974317	0.4173099796389579	9.307852821827112e-10	9.307852821827112e-10	2.2304409803761048e-09
1.8936086555149427	1.8936086917165085	-3.620156574513089e-08	3.620156574513089e-08	1.9117765246635047e-08
-3.9129187888815444	-3.912918864443782	7.556223735605272e-08	7.556223735605272e-08	1.931096489167136e-08
-2.380450512605319	-2.3804505690350197	5.64297009120196e-08	5.64297009120196e-08	2.3705471133806216e-08
1.1749081433813435	1.1749081568268593	-1.3445515811838504e-08	1.3445515811838504e-08	1.144388681581761e-08
1.1223635011601276	1.1223635056012427	-4.441115031283971e-09	4.441115031283971e-09	3.956931089342647e-09
-2.0462539275639267	-2.0462539259824553	-1.5814713982820194e-09	1.5814713982820194e-09	7.728617533625298e-10
-0.4743198262310231	-0.47431984057766385	1.4346640764273388e-08	1.4346640764273388e-08	3.024676593907691e-08
-0.8998048816585211	-0.8998048997455044	1.8086983244458565e-08	1.8086983244458565e-08	2.010100591043763e-08
1.4988049192131845	1.4988049497333122	-3.05201277583933e-08	3.05201277583933e-08	2.0362975439402216e-08
0.21416014218075413	0.2141601544281002	-1.2247346081739607e-08	1.2247346081739607e-08	5.718779394254733e-08
2.0457554095825037	2.045755445578834	-3.5996330360887896e-08	3.5996330360887896e-08	1.759561783010707e-08
0.3287787430737507	0.3287787512817886	-8.20803786050206e-09	8.20803786050206e-09	2.4965232799922398e-08
-5.257977450820016	-5.2579775501726544	9.935263811655659e-08	9.935263811655659e-08	1.889559988528705e-08
-0.7053306413730556	-0.7053306353554945	-6.017561116067327e-09	6.017561116067327e-09	8.531546430980284e-09
0.12023548693097216	0.12023548606521217	8.657599914752012e-10	8.657599914752012e-10	7.200536327284462e-09
3.8269977418576415	3.826997817668598	-7.58109566234566e-08	7.58109566234566e-08	1.9809511720970506e-08
-3.703165926988057	-3.7031659348940593	7.906002519320054e-09	7.906002519320054e-09	2.1349306715376767e-09
2.8332620123889227	2.8332621013760217	-8.898709902283031e-08	8.898709902283031e-08	3.140800202512828e-08
-1.7891617406821934	-1.7891617380882963	-2.593897097113995e-09	2.593897097113995e-09	1.4497834589984932e-09
-1.7779171193834187	-1.777917123035877	3.6524583357788742e-09	3.6524583357788742e-09	2.0543467948863366e-09
-1.7067171586272205	-1.706717166598537	7.971316495769543e-09	7.971316495769543e-09	4.670555080246094e-09
0.8929098752968638	0.892909879439685	-4.1428211972061035e-09	4.1428211972061035e-09	4.639685719489606e-09
1.2084993754658115	1.2084993795724586	-4.106647022439347e-09	4.106647022439347e-09	3.3981374800929916e-09
-2.7241807141216623	-2.72418075837777	4.4256107667450806e-08	4.4256107667450806e-08	1.6245657800172767e-08
0.14086768199199215	0.14086767805565614	3.936336007148711e-09	3.936336007148711e-09	2.794349954145251e-08
-1.2526500915544923	-1.2526501132015255	2.164703327700579e-08	2.164703327700579e-08	1.7280989657808292e-08
0.5201107304845746	0.5201107296670671	8.175075061345183e-10	8.175075061345183e-10	1.571795116345449e-09
-7.757476339617616	-7.757476487313397	1.4769578093876135e-07	1.4769578093876135e-07	1.9039153259736736e-08
1.4268021553602552	1.4268021459429292	9.417326030103368e-09	9.417326030103368e-09	6.600302638122644e-09
1.0238478911519326	1.0238478807877982	1.0364134439555528e-08	1.0364134439555528e-08	1.0122728707186013e-08
1.613108922070926	1.6131089569171309	-3.4846204810534687e-08	3.4846204810534687e-08	2.1601892056860467e-08
-3.2887167927721257	-3.2887168799788924	8.720676669682348e-08	8.720676669682348e-08	2.651695849532703e-08
-4.266775245982418	-4.266775331416284	8.543386531556507e-08	8.543386531556507e-08	2.002305263114323e-08
1.4928833563123112	1.4928833616068005	-5.294489291429727e-09	5.294489291429727e-09	3.546485577083572e-09
-2.2275631112591503	-2.2275631135926233	2.333472970406092e-09	2.333472970406092e-09	1.047545166559647e-09
1.668701170638277	1.6687011748217628	-4.183485780018259e-09	4.183485780018259e-09	2.5070311291374467e-09
0.4367462940061701	0.4367462997834082	-5.777238076820623e-09	5.777238076820623e-09	1.3227904062624984e-08
-0.21058737851894382	-0.2105873772961786	-1.222765222408384e-09	1.222765222408384e-09	5.806450657242916e-09
0.02475935623247324	0.02475935616530478	6.716845829535245e-11	6.716845829535245e-11	2.712851564664568e-09
0.21526298468402785	0.21526296222873498	2.245529287514536e-08	2.245529287514536e-08	1.0431562541096507e-07
4.3078217349192345	4.307821818656521	-8.373728643817913e-08	8.373728643817913e-08	1.943842888376835e-08
-1.373540403923302	-1.3735404127146467	8.791344763281472e-09	8.791344763281472e-09	6.400499568975459e-09
0.5220756693609339	0.522075679327827	-9.966893088630968e-09	9.966893088630968e-09	1.9090897495436465e-08
0.7197581943816562	0.7197581908258144	3.5558418431946848e-09	3.5558418431946848e-09	4.940328392161629e-09
1.2812306292952091	1.2812306158593856	1.3435823564833527e-08	1.3435823564833527e-08	1.0486654984375783e-08
2.6175897295407817	2.6175898165092804	-8.69684986248842e-08	8.69684986248842e-08	3.322464847848466e-08
1.011671798693201	1.0116718158315052	-1.7138304331254517e-08	1.7138304331254517e-08	1.694057732299393e-08
-1.381107815960655	-1.3811078406433808	2.468272586320097e-08	2.468272586320097e-08	1.787168646644176e-08
-1.6920986199078574	-1.6920986263357918	6.427934406971758e-09	6.427934406971758e-09	3.79879419044842e-09
0.5492771701044759	0.5492771788340178	-8.729541978169664e-09	8.729541978169664e-09	1.5892781373945057e-08
-1.3729830244103338	-1.3729830243391916	-7.114220323956033e-11	7.114220323956033e-11	5.181579231113535e-11
0.8508965783365657	0.8508965584042016	1.9932364092589694e-08	1.9932364092589694e-08	2.3425131326248674e-08
0.4942901469796416	0.4942901614413131	-1.4461671526966313e-08	1.4461671526966313e-08	2.925745458479056e-08
0.4577945098453189	0.4577945128403371	-2.99501823342041e-09	2.99501823342041e-09	6.542276434097859e-09
1.4857011835918432	1.4857011728963698	1.0695473395827548e-08	1.0695473395827548e-08	7.1989398096662245e-09
3.936734208774703	3.936734287890431	-7.911572819097046e-08	7.911572819097046e-08	2.009679190803054e-08
-0.5505043362225588	-0.550504314560385	-2.1662173832481812e-08	2.1662173832481812e-08	3.934968792638936e-08
-4.548570295831115	-4.548570382212347	8.638123194515401e-08	8.638123194515401e-08	1.899085346099294e-08
-0.03815130615439853	-0.03815129730355693	-8.850841601293347e-09	8.850841601293347e-09	2.3199314763887625e-07
-0.28290186184854854	-0.2829018558259122	-6.022636334090947e-09	6.022636334090947e-09	2.1288782953698496e-08
-2.0070591565892184	-2.00705914721766	-9.37155819613622e-09	9.37155819613622e-09	4.66929844363042e-09
2.325274450539166	2.325274463146343	-1.2607177080070642e-08	1.2607177080070642e-08	5.421801747809766e-09
-6.208215895431533	-6.208216141203593	2.457720595927526e-07	2.457720595927526e-07	3.958819469754748e-08
-0.3385390675400736	-0.3385390709809144	3.4408407789676687e-09	3.4408407789676687e-09	1.01637923326541e-08
0.5122291541559622	0.5122291622683406	-8.112378435676249e-09	8.112378435676249e-09	1.583740083877813e-08
0.12604972364623468	0.12604972198460018	1.6616344966635666e-09	1.6616344966635666e-09	1.3182373182562725e-08
-1.8536762422015685	-1.8536762490839465	6.882378000838685e-09	6.882378000838685e-09	3.7128263523864574e-09
-0.18108021484241282	-0.18108021322404966	-1.6183631657007425e-09	1.6183631657007425e-09	8.93727217580972e-09
9.283268246622248	9.28326843677496	-1.9015271313094217e-07	1.9015271313094217e-07	2.0483380214735254e-08
-0.6145613646802056	-0.6145613679109374	3.230731793202324e-09	3.230731793202324e-09	5.2569718483417416e-09
-4.07992484402854	-4.079924910911359	6.688281928290962e-08	6.688281928290962e-08	1.6393149834806557e-08
-0.8666279789977149	-0.8666279609315097	-1.80662051985081e-08	1.80662051985081e-08	2.084655196501074e-08
2.819611383077121	2.8196114317324827	-4.865536196163589e-08	4.865536196163589e-08	1.7256052466541306e-08
0.6699447577520132	0.6699447339997278	2.375228547180086e-08	2.375228547180086e-08	3.545409557573254e-08
-0.9764625809268073	-0.9764625656316639	-1.5295143374061126e-08	1.5295143374061126e-08	1.566382949313201e-08
-0.41224054149394923	-0.4122405607631663	1.9269217055306598e-08	1.9269217055306598e-08	4.6742654144290235e-08
-2.8349105588342556	-2.834910560522985	1.688729600601846e-09	1.688729600601846e-09	5.956906101814616e-10
-0.26593102427255577	-0.265931021203869	-3.068686749152505e-09	3.068686749152505e-09	1.1539408602462917e-08
0.3466247617407369	0.3466247608230333	9.177036353058554e-10	9.177036353058554e-10	2.6475420587299686e-09
0.5295667794462234	0.5295667779137148	1.5325086755169082e-09	1.5325086755169082e-09	2.8938912616827613e-09
-0.055586598280519685	-0.05558660177484853	3.494328847108985e-09	3.494328847108985e-09	6.286279346461774e-08
-0.9481043221828784	-0.9481043161940761	-5.988802342926647e-09	5.988802342926647e-09	6.316606941668889e-09
-0.49882208497870734	-0.4988220734958304	-1.14828769270936e-08	1.14828769270936e-08	2.3019985026492473e-08
-0.8503539647633935	-0.8503539856974385	2.0934044941967045e-08	2.0934044941967045e-08	2.461803649941449e-08
0.17786502898934572	0.1778650175765506	1.1412795125620434e-08	1.1412795125620434e-08	6.416548092938534e-08
-0.0623715321771475	-0.06237152774701826	-4.430129235677427e-09	4.430129235677427e-09	7.102806490459434e-08
0.026191053616087027	0.026191037250100635	1.6365986392485876e-08	1.6365986392485876e-08	6.248693402098794e-07
0.46821634409723745	0.468216348963324	-4.866086533716896e-09	4.866086533716896e-09	1.0392816472690933e-08
-0.45290103740657855	-0.4529010357146035	-1.6919750600585814e-09	1.6919750600585814e-09	3.735860420517564e-09
-1.0006545540015503	-1.0006545471696882	-6.831862187084425e-09	6.831862187084425e-09	6.827393289486634e-09
-3.7431814859890213	-3.7431815508170985	6.482807712870908e-08	6.482807712870908e-08	1.7318977819099852e-08
5.637759657888531	5.637759786623064	-1.2873453325568107e-07	1.2873453325568107e-07	2.2834342197534378e-08
0.49805958226102703	0.49805953494796995	4.731305708327582e-08	4.731305708327582e-08	9.499477325281058e-08
-1.2916402256074717	-1.2916402283735806	2.7661088974895165e-09	2.7661088974895165e-09	2.141547501115171e-09
0.07189691592381946	0.07189692041720264	-4.493383179426935e-09	4.493383179426935e-09	6.249757895301149e-08
-0.7377404482971663	-0.7377404472208582	-1.0763081537135122e-09	1.0763081537135122e-09	1.4589252306794607e-09
-0.8715944125747389	-0.8715944159121136	3.337374709921903e-09	3.337374709921903e-09	3.829045553496735e-09
0.4910131361527885	0.491013124701567	1.1451221526570521e-08	1.1451221526570521e-08	2.3321619491270076e-08
-2.799907718241889	-2.7999077747153933	5.647350409532237e-08	5.647350409532237e-08	2.0169773356238706e-08
0.2024847957180254	0.2024847935899743	2.1280511242061095e-09	2.1280511242061095e-09	1.0509683537768304e-08
-4.439528387493646	-4.439528474904364	8.741071777507159e-08	8.741071777507159e-08	1.9689189964706966e-08
-0.8006765447996989	-0.800676525614108	-1.918559089375549e-08	1.918559089375549e-08	2.3961724641946456e-08
-0.03245067537417156	-0.032450670914840885	-4.459330675554707e-09	4.459330675554707e-09	1.3741873240345617e-07
0.039654282145583745	0.03965428277297178	-6.27388037355292e-10	6.27388037355292e-10	1.5821444832917334e-08
0.15795258925922495	0.1579525860506692	3.208555754419251e-09	3.208555754419251e-09	2.031341030537656e-08
3.2930629894199526	3.2930630459304666	-5.651051404598206e-08	5.651051404598206e-08	1.716047164221901e-08
-2.0963531568268996	-2.0963532051609945	4.833409494864327e-08	4.833409494864327e-08	2.3056275032305694e-08
-1.0865923629303549	-1.0865923832170665	2.0286711643890953e-08	2.0286711643890953e-08	1.8670029659679497e-08
-2.7240212166179463	-2.724021223912132	7.2941856998909316e-09	7.2941856998909316e-09	2.6777271980822342e-09
0.7484002465165837	0.7484002480850904	-1.5685067689119592e-09	1.5685067689119592e-09	2.0958127368511002e-09
0.053723554559157165	0.053723551900475286	2.658681878819902e-09	2.658681878819902e-09	4.948819750733955e-08
0.7434868635356662	0.7434868666678085	-3.132142323281073e-09	3.132142323281073e-09	4.212774262595723e-09
0.7999064294180828	0.7999064246178023	4.800280506422894e-09	4.800280506422894e-09	6.0010525355009454e-09
1.8887611071138994	1.8887611440732144	-3.695931494185345e-08	3.695931494185345e-08	1.9568019906090043e-08
-0.12656959062609727	-0.12656960279855411	1.2172456848036362e-08	1.2172456848036362e-08	9.617204881380515e-08
2.3825901082249747	2.382590159868414	-5.164343930275095e-08	5.164343930275095e-08	2.1675335226345423e-08
-0.35179890167462785	-0.351798898918787	-2.755840833312817e-09	2.755840833312817e-09	7.83356861034672e-09
1.4559279151945475	1.4559279406967107	-2.5502163270019196e-08	2.5502163270019196e-08	1.7516089226581993e-08
-0.34799663553943516	-0.34799662898876704	-6.550668119054137e-09	6.550668119054137e-09	1.8823940952474558e-08
-0.3767799943289723	-0.37677998989238404	-4.4365882634345155e-09	4.4365882634345155e-09	1.177501016564288e-08
-0.6971515429544767	-0.697151563144871	2.01903943564119e-08	2.01903943564119e-08	2.896127041596509e-08
0.023876599656328372	0.02387661879765801	-1.914132963937165e-08	1.914132963937165e-08	8.016773709357872e-07
-0.7982306701764009	-0.7982306851772591	1.5000858222258273e-08	1.5000858222258273e-08	1.8792635741424513e-08
-1.143317420892411	-1.1433174222474918	1.3550807143047905e-09	1.3550807143047905e-09	1.185218286315526e-09
-0.4474085740468572	-0.44740857447322924	4.2637204877848944e-10	4.2637204877848944e-10	9.529813989077361e-10
-0.7124199072359779	-0.7124199055397185	-1.6962594662217612e-09	1.6962594662217612e-09	2.380982688710721e-09
0.5241595869276232	0.5241595999905257	-1.30629025374418e-08	1.30629025374418e-08	2.492161330866881e-08
-0.1352865001754059	-0.13528649560612394	-4.5692819528042605e-09	4.5692819528042605e-09	3.377485519161152e-08
-3.853319756962372	-3.8533198267032276	6.974085575706113e-08	6.974085575706113e-08	1.8098901766729804e-08
-0.1543077752916571	-0.15430776329594664	-1.1995710452739061e-08	1.1995710452739061e-08	7.773885943249438e-08
-2.1583979611999924	-2.1583980014838744	4.0283882007940974e-08	4.0283882007940974e-08	1.8663788018750986e-08
-0.1548846626602477	-0.1548846557852812	-6.874966484993195e-09	6.874966484993195e-09	4.438765186243135e-08
3.097898555019174	3.09789861603349	-6.101431582195005e-08	6.101431582195005e-08	1.9695388579815006e-08
-0.03599972579191171	-0.03599972842494026	2.63302854519587e-09	2.63302854519587e-09	7.314023891224887e-08
0.08336857319385504	0.08336857717949897	-3.985643926007754e-09	3.985643926007754e-09	4.780751035213265e-08
-1.9589088786796052	-1.9589089424698614	6.379025618841183e-08	6.379025618841183e-08	3.256417737583047e-08
-4.12732517464049	-4.127325228182599	5.354210852459573e-08	5.354210852459573e-08	1.2972592722660749e-08
-0.0893842300115413	-0.08938422979554161	-2.1599969035612787e-10	2.1599969035612787e-10	2.4165301902610557e-09
-2.478734285391586	-2.478734281794459	-3.5971270406776057e-09	3.5971270406776057e-09	1.4511950965770168e-09
-1.6280162478473759	-1.628016261747689	1.3900313122761077e-08	1.3900313122761077e-08	8.538190660652553e-09
-1.543870999356041	-1.5438709988302435	-5.257976276595855e-10	5.257976276595855e-10	3.405709595418912e-10
0.2474155987223465	0.2474156008247519	-2.1024053886709027e-09	2.1024053886709027e-09	8.49746499221439e-09
0.3461096554883105	0.34610965485626366	6.320468592946327e-10	6.320468592946327e-10	1.8261462784183419e-09
-1.5923184276172844	-1.5923184491839493	2.156666489838699e-08	2.156666489838699e-08	1.3544190988644743e-08
0.8950851640912654	0.8950851679401239	-3.848858565191904e-09	3.848858565191904e-09	4.299991464051865e-09
2.710404131845233	2.7104041964776115	-6.463237856024762e-08	6.463237856024762e-08	2.384603011811605e-08
1.5125716188651013	1.5125716208785889	-2.0134875988730982e-09	2.0134875988730982e-09	1.3311684377522828e-09
-3.395574982032782	-3.39557504048571	5.845292783135392e-08	5.845292783135392e-08	1.7214441778093415e-08
-0.14475653618278456	-0.1447565318812849	-4.3014996564672e-09	4.3014996564672e-09	2.9715408850593678e-08
1.3619411965280728	1.3619411856780061	1.0850066622936083e-08	1.0850066622936083e-08	7.966619007190329e-09
0.547141333743454	0.5471413805935299	-4.685007592986068e-08	4.685007592986068e-08	8.562700903863342e-08
3.204754931981797	3.20475503031048	-9.832868297365849e-08	9.832868297365849e-08	3.068212236523582e-08
-1.4547714203904891	-1.4547714636137243	4.3223235213218913e-08	4.3223235213218913e-08	2.9711358504428792e-08
0.12855920583119804	0.12855920431320556	1.5179924817143586e-09	1.5179924817143586e-09	1.180773070197343e-08
0.0652643929642473	0.06526439392473549	-9.604881889835326e-10	9.604881889835326e-10	1.4716879225548007e-08
-0.5477919668051917	-0.5477919648910756	-1.9141160878533015e-09	1.9141160878533015e-09	3.4942390612566396e-09
0.3710858546321393	0.37108586639078567	-1.1758646389914418e-08	1.1758646389914418e-08	3.168713181366309e-08
-0.4750284540201061	-0.4750284551846562	1.1645501230006516e-09	1.1645501230006516e-09	2.451537614526478e-09
-3.8669989146170693	-3.866998990815773	7.619870379116378e-08	7.619870379116378e-08	1.970486816097526e-08
-0.1579191303224009	-0.15791914847795852	1.815555761286447e-08	1.815555761286447e-08	1.1496743666076976e-07
-6.941765711024117	-6.941765841474989	1.304508723265485e-07	1.304508723265485e-07	1.8792174463534743e-08
0.2273917113145706	0.22739171072316822	5.914023715192229e-10	5.914023715192229e-10	2.60080883379731e-09
-1.8471306951003306	-1.847130724854651	2.975432034091341e-08	2.975432034091341e-08	1.610840013640575e-08
0.5086679688759693	0.5086679720989196	-3.222950240022726e-09	3.222950240022726e-09	6.3360589563849495e-09
-0.1435209897780203	-0.14352098332892638	-6.449093925553484e-09	6.449093925553484e-09	4.493484845337332e-08
-0.038770017718389164	-0.0387700492865406	3.1568151433181146e-08	3.1568151433181146e-08	8.142413465601262e-07
6.563272245117026	6.563272372659412	-1.2754238642997962e-07	1.2754238642997962e-07	1.94327435563669e-08
-0.7443752301705765	-0.7443752519975533	2.1826976781547103e-08	2.1826976781547103e-08	2.9322545803338145e-08
2.129504232064617	2.1295042324709357	-4.063185343738951e-10	4.063185343738951e-10	1.9080428592525375e-10
-1.931176251685919	-1.9311762480356265	-3.6502925127024355e-09	3.6502925127024355e-09	1.890191280840227e-09
-0.4891484710996059	-0.4891484695690451	-1.5305607892202033e-09	1.5305607892202033e-09	3.1290311217359063e-09
0.6978275128687722	0.6978274996072287	1.3261543529985431e-08	1.3261543529985431e-08	1.9004042238843756e-08
0.4918386165503442	0.49183861392521067	2.6251335549787314e-09	2.6251335549787314e-09	5.337388050964528e-09
0.7815908481733888	0.7815908611519262	-1.2978537466956652e-08	1.2978537466956652e-08	1.660528331068365e-08
0.8135513882805605	0.8135514008245082	-1.254394765837219e-08	1.254394765837219e-08	1.5418752692296182e-08
-7.634713877639021	-7.634714020241518	1.4260249692199523e-07	1.4260249692199523e-07	1.8678171730791044e-08
0.6690009753728497	0.6690009558951715	1.9477678248058794e-08	1.9477678248058794e-08	2.911457376755457e-08
3.251850481546638	3.251850539527368	-5.7980729994966396e-08	5.7980729994966396e-08	1.7830072546075283e-08
1.3609488915687085	1.3609488905785838	9.901246489363302e-10	9.901246489363302e-10	7.275252252823802e-10
-0.09483430030508767	-0.09483429494139273	-5.3636949465252215e-09	5.3636949465252215e-09	5.655859672365263e-08
-5.6862582320403146	-5.686258336936589	1.048962747773885e-07	1.048962747773885e-07	1.8447328717209903e-08
0.3866594654378448	0.38665946249238914	2.945455657155094e-09	2.945455657155094e-09	7.617699605050981e-09
0.6409660802128654	0.6409661136785871	-3.346572174933726e-08	3.346572174933726e-08	5.221137714217774e-08
1.1651710610368295	1.1651710565274698	4.5093597744738645e-09	4.5093597744738645e-09	3.870126821087715e-09
1.106329026125308	1.1063290321544628	-6.029154731024278e-09	6.029154731024278e-09	5.449694068084034e-09
-0.9471416293842713	-0.9471416251471965	-4.237074802126983e-09	4.237074802126983e-09	4.473538772529162e-09
-0.39322124569134376	-0.3932212621293729	1.6438029160070755e-08	1.6438029160070755e-08	4.180351224708156e-08
0.017039502933991042	0.01703951056697406	-7.632983016481187e-09	7.632983016481187e-09	4.4795807988357603e-07
-3.3833025005953106	-3.383302559996082	5.940077141275424e-08	5.940077141275424e-08	1.7557038249551244e-08
-0.06246208202131974	-0.062462081587000284	-4.3431945540017836e-10	4.3431945540017836e-10	6.953329785772033e-09
3.8485852670387373	3.848585347441258	-8.040252064134279e-08	8.040252064134279e-08	2.0891448431700683e-08
-0.14860954804602586	-0.1486095425207168	-5.52530907138582e-09	5.52530907138582e-09	3.718004087916731e-08
1.201401595094897	1.20140161470772	-1.9612822921288853e-08	1.9612822921288853e-08	1.6324951624306494e-08
0.7637809363463868	0.7637809312655008	5.080885934205526e-09	5.080885934205526e-09	6.652281684995164e-09
-0.19719374278627239	-0.19719374904525466	6.2589822769076875e-09	6.2589822769076875e-09	3.174026816708611e-08
2.6319967966040165	2.6319968310417607	-3.443774421185708e-08	3.443774421185708e-08	1.3084265245417862e-08
0.5591078785511877	0.5591078615907463	1.696044138466135e-08	1.696044138466135e-08	3.033482809902594e-08
-1.7400250532505035	-1.740025081744534	2.8494030468451115e-08	2.8494030468451115e-08	1.637564379617525e-08
-0.826844942544043	-0.8268449437309755	1.1869325522440022e-09	1.1869325522440022e-09	1.4354959330004956e-09
-0.7714906189775508	-0.7714906132605392	-5.717011530848026e-09	5.717011530848026e-09	7.41034484440618e-09
-0.022686476718385334	-0.02268648131575901	4.59737367619617e-09	4.59737367619617e-09	2.0264820021481853e-07
0.004574938534652382	0.0045749447963316925	-6.261679310476387e-09	6.261679310476387e-09	1.368691461764561e-06
0.626699944787166	0.6266999434956233	1.2915426506054928e-09	1.2915426506054928e-09	2.060862876003786e-09
7.515981463592261	7.515981606047717	-1.424554563200786e-07	1.424554563200786e-07	1.895367318428591e-08
-0.6177439016005974	-0.6177438990562223	-2.5443751550113802e-09	2.5443751550113802e-09	4.118818734460687e-09
1.1194994829346567	1.1194995022378862	-1.9303229459310955e-08	1.9303229459310955e-08	1.7242731911505182e-08
0.27179766700753516	0.2717976713029202	-4.295385047647926e-09	4.295385047647926e-09	1.5803612646641458e-08
0.11291724348039259	0.11291724604234332	-2.561950734891738e-09	2.561950734891738e-09	2.2688746695597522e-08
-0.01032208200218065	-0.010322078196622897	-3.8055577526036055e-09	3.8055577526036055e-09	3.6868121681261986e-07
-0.06723217298735157	-0.0672321766614914	3.6741398257156277e-09	3.6741398257156277e-09	5.464853599788967e-08
-1.8993358407108227	-1.8993358798979898	3.918716706685643e-08	3.918716706685643e-08	2.0632036855678305e-08
1.8098016018127845	1.8098016334988642	-3.1686079760007146e-08	3.1686079760007146e-08	1.7508040510224348e-08
3.4421226524360047	3.442122688284144	-3.584813912382856e-08	3.584813912382856e-08	1.0414544379602128e-08
0.698464923088647	0.6984649235164397	-4.277926901607998e-10	4.277926901607998e-10	6.124755532018401e-10
-0.12470916526350559	-0.12470915862650145	-6.637004140719327e-09	6.637004140719327e-09	5.321985859415863e-08
-1.8708469951734625	-1.8708469951889128	1.545030769989353e-11	1.545030769989353e-11	8.258456057471977e-12
0.9184597828732309	0.9184597729472443	9.925986588221747e-09	9.925986588221747e-09	1.0807208735008668e-08
0.9554002297924798	0.9554002190270694	1.0765410451973878e-08	1.0765410451973878e-08	1.1267958826336275e-08
-8.884626015905813	-8.884626186045352	1.701395397901706e-07	1.701395397901706e-07	1.914988199678593e-08
-0.10029159685998267	-0.10029159057012293	-6.289859730279623e-09	6.289859730279623e-09	6.271572023188454e-08
-2.395411891371262	-2.3954119342306512	4.285938937087508e-08	4.285938937087508e-08	1.7892283796896438e-08
0.3249645473097287	0.32496454878128134	-1.4715526575059812e-09	1.4715526575059812e-09	4.5283483065721066e-09
6.551436162979451	6.551436285917589	-1.2293813789199248e-07	1.2293813789199248e-07	1.8765066900397437e-08
0.8647677696260505	0.8647677805129206	-1.0886870072113197e-08	1.0886870072113197e-08	1.258935688227717e-08
-0.5194803825377974	-0.5194803725316888	-1.0006108608351383e-08	1.0006108608351383e-08	1.926176414876136e-08
-4.814572836962201	-4.814572939721984	1.0275978290508192e-07	1.0275978290508192e-07	2.1343489107939045e-08
-2.598357834158926	-2.5983578871091595	5.295023353113493e-08	5.295023353113493e-08	2.0378345443815525e-08
-1.4890809731077876	-1.4890810371070984	6.399931073985954e-08	6.399931073985954e-08	4.297906688465015e-08
1.1305269101867348	1.1305269072181545	2.9685802704904063e-09	2.9685802704904063e-09	2.6258377785983624e-09
-0.36715320235282134	-0.367153206752846	4.400024677941872e-09	4.400024677941872e-09	1.1984165328656463e-08
0.4110084539295017	0.41100845010078046	3.82872122894895e-09	3.82872122894895e-09	9.315431817384643e-09
0.2362238825645983	0.23622388653166126	-3.967062955911871e-09	3.967062955911871e-09	1.6793657410262186e-08
-0.438939655804534	-0.4389396644910448	8.686510843958217e-09	8.686510843958217e-09	1.978976091380188e-08
0.7040026104120889	0.7040026230242802	-1.2612191291339059e-08	1.2612191291339059e-08	1.7914978019692988e-08
-1.7208202409578421	-1.7208202280016849	-1.2956157258159351e-08	1.2956157258159351e-08	7.529059078795878e-09
0.9081355526028193	0.9081355710804928	-1.847767350238172e-08	1.847767350238172e-08	2.0346823169099166e-08
0.11324369783854801	0.11324369552312419	2.3154238248945802e-09	2.3154238248945802e-09	2.0446381291749135e-08
-2.600620262259527	-2.6006203142969753	5.203744812831701e-08	5.203744812831701e-08	2.000962958086957e-08
-0.832396951070313	-0.8323969723278424	2.125752940340675e-08	2.125752940340675e-08	2.553773097807889e-08
-0.966784859080265	-0.9667848644312471	5.350982101859358e-09	5.350982101859358e-09	5.534821994367938e-09
6.5792429874908045	6.579243085980124	-9.848931981082387e-08	9.848931981082387e-08	1.4969703961091395e-08
-2.7851863577833984	-2.7851864660988213	1.0831542285316687e-07	1.0831542285316687e-07	3.8889829598106363e-08
-3.971454653112116	-3.9714547483526985	9.524058253163048e-08	9.524058253163048e-08	2.3981284151638984e-08
-0.0314275526524922	-0.031427548492501955	-4.159990241170419e-09	4.159990241170419e-09	1.323676166314698e-07
0.06316645397331058	0.06316645340120886	5.721017271032025e-10	5.721017271032025e-10	9.057049923127392e-09
0.973346989204857	0.97334698693885	2.2660069376456704e-09	2.2660069376456704e-09	2.3280566568524635e-09
-0.46821909059028605	-0.46821909563732333	5.0470372880973e-09	5.0470372880973e-09	1.077922150020512e-08
-0.3842948428296757	-0.38429483993240865	-2.8972670373939025e-09	2.8972670373939025e-09	7.539177512923346e-09
-0.008936406489563594	-0.008936403901316226	-2.5882473681654306e-09	2.5882473681654306e-09	2.8962954753547997e-07
-0.01673679118249471	-0.016736812540329993	2.1357835281593518e-08	2.1357835281593518e-08	1.2761009591809948e-06
2.2868450758116574	2.2868451105750864	-3.476342902430929e-08	3.476342902430929e-08	1.520147971194371e-08
-0.7536443785350224	-0.7536443763456191	-2.189403325303374e-09	2.189403325303374e-09	2.9050881127240183e-09
-8.56622976115907	-8.566229930693225	1.6953415560294616e-07	1.6953415560294616e-07	1.979098860640495e-08
-0.9056110632682723	-0.9056110502569936	-1.3011278721108965e-08	1.3011278721108965e-08	1.436740257363065e-08
-0.9784928366895804	-0.9784928397493786	3.0597981925950535e-09	3.0597981925950535e-09	3.1270522152690545e-09
1.9603482592470791	1.9603482996899402	-4.044286106008599e-08	4.044286106008599e-08	2.063044710005715e-08
10.344184046082916	10.344184238419984	-1.923370689382864e-07	1.923370689382864e-07	1.8593740026418e-08
5.603830744098235	5.603830895779538	-1.516813030733033e-07	1.516813030733033e-07	2.7067431191252325e-08
-0.3461766560390667	-0.3461766618784168	5.83935005904479e-09	5.83935005904479e-09	1.686812197523165e-08
0.12178027711828743	0.12178028100606753	-3.887780097855398e-09	3.887780097855398e-09	3.192454632106909e-08
-1.6856163952951964	-1.6856163938427926	-1.4524037528218514e-09	1.4524037528218514e-09	8.616454828487218e-10
1.994215918799851	1.9942158905905671	2.820928379776433e-08	2.820928379776433e-08	1.4145551407864149e-08
-1.453774076380379	-1.453774057154078	-1.9226300995711654e-08	1.9226300995711654e-08	1.3225095500107889e-08
1.536175332007464	1.536175354885927	-2.2878462901942953e-08	2.2878462901942953e-08	1.4893132590565379e-08
0.4048701784631356	0.4048701794090448	-9.45909184313365e-10	9.45909184313365e-10	2.336327135537576e-09
-9.207077558228205	-9.207077732753532	1.745253275231562e-07	1.745253275231562e-07	1.895556178596388e-08
0.6448692304516791	0.6448692238336662	6.61801291546027e-09	6.61801291546027e-09	1.0262565808613451e-08
-0.7080346273293925	-0.708034640410915	1.3081522531876999e-08	1.3081522531876999e-08	1.8475823112237705e-08
-0.14740603147545855	-0.14740605365659576	2.2181137204757562e-08	2.2181137204757562e-08	1.504764559681567e-07
1.036285097624325	1.0362850980527583	-4.284332888460085e-10	4.284332888460085e-10	4.134318729741345e-10
-0.24146045642256392	-0.24146043415385066	-2.226871326227453e-08	2.226871326227453e-08	9.222509388163971e-08
2.10383865996027	2.103838705806993	-4.584672286256364e-08	4.584672286256364e-08	2.1791938581178764e-08
5.84175712126794	5.841757238158607	-1.1689066692355254e-07	1.1689066692355254e-07	2.0009504759790783e-08
0.5089484341653857	0.5089484329801053	1.1852804293610575e-09	1.1852804293610575e-09	2.328881178905236e-09
-0.4356455366058014	-0.4356455383458524	1.7400509921827734e-09	1.7400509921827734e-09	3.994189876797194e-09
0.5005063436902445	0.5005063439966762	-3.064316578260673e-10	3.064316578260673e-10	6.122433045837937e-10
0.08744671279176795	0.08744671504246071	-2.2506927571663837e-09	2.2506927571663837e-09	2.5737877220448923e-08
0.4007698018358901	0.4007698044006247	-2.56473459137041e-09	2.56473459137041e-09	6.399520571713721e-09
-2.8758462800673055	-2.8758463349731755	5.490587007273007e-08	5.490587007273007e-08	1.9092074028186606e-08
1.0713430891917433	1.0713430674513802	2.174036306534788e-08	2.174036306534788e-08	2.0292624542665906e-08
-2.8401387894644734	-2.840138845385809	5.592133556220347e-08	5.592133556220347e-08	1.9689648889569863e-08
0.6773978033963757	0.6773978020646609	1.3317147384839245e-09	1.3317147384839245e-09	1.965927158025753e-09
2.918117468370671	2.9181175250414526	-5.667078140092485e-08	5.667078140092485e-08	1.9420322182083693e-08
-0.9280072475279195	-0.9280072345063672	-1.3021552280889637e-08	1.3021552280889637e-08	1.403173554471392e-08
1.0547661404756297	1.0547661440796219	-3.603992215772678e-09	3.603992215772678e-09	3.416863774322065e-09
3.3379277110717696	3.3379278875145246	-1.7644275507322504e-07	1.7644275507322504e-07	5.285996892262575e-08
1.7135181878770172	1.7135181997218751	-1.1844857983334123e-08	1.1844857983334123e-08	6.912595423343271e-09
-3.9906760260388396	-3.990676118519332	9.248049215315746e-08	9.248049215315746e-08	2.3174141811996185e-08
0.7941956255339808	0.7941956346257939	-9.09181308017537e-09	9.09181308017537e-09	1.1447825684084385e-08
1.8650350270087488	1.8650350239113322	3.0974165454722424e-09	3.0974165454722424e-09	1.6607819695697933e-09
-0.19374606750942966	-0.1937460683620884	8.526587491619608e-10	8.526587491619608e-10	4.4009086745487716e-09
-0.1390875100256418	-0.13908751952840248	9.50276068945044e-09	9.50276068945044e-09	6.832217132723518e-08
-0.6211466957368611	-0.6211466916283825	-4.108478557363071e-09	4.108478557363071e-09	6.614345025999402e-09
-1.1471533562539546	-1.1471533798612654	2.3607310772888468e-08	2.3607310772888468e-08	2.0579036485564992e-08
-0.20028812476215144	-0.2002881228690967	-1.893054740742528e-09	1.893054740742528e-09	9.451657420980855e-09
3.569463162780317	3.5694632333616028	-7.058128570491817e-08	7.058128570491817e-08	1.977364171758007e-08
-0.0377326897348333	-0.03773270236706594	1.263223264186264e-08	1.263223264186264e-08	3.347821936531885e-07
-2.121061202863221	-2.1210612476352253	4.4772004326176784e-08	4.4772004326176784e-08	2.1108303836654524e-08
0.3283315713793339	0.32833156637934735	4.999986535914047e-09	4.999986535914047e-09	1.522846710996724e-08
-0.027415333202469246	-0.027415339900471736	6.698002489452515e-09	6.698002489452515e-09	2.4431592496016933e-07
-2.0345247981106556	-2.0345248321973486	3.4086693023738235e-08	3.4086693023738235e-08	1.6754130033407582e-08
-2.681998389044569	-2.681998425941856	3.689728700351225e-08	3.689728700351225e-08	1.3757385967952231e-08
2.726485021804933	2.726485117818811	-9.601387818136686e-08	9.601387818136686e-08	3.521525972580098e-08
-0.2708723760058333	-0.27087236958323047	-6.422602838451752e-09	6.422602838451752e-09	2.3710807772858462e-08
0.7258467806665718	0.7258467894644127	-8.797840900243159e-09	8.797840900243159e-09	1.2120796199114885e-08
0.06047117628866551	0.0604711749474518	1.3412137095381027e-09	1.3412137095381027e-09	2.2179388459977663e-08
1.1976778762798923	1.1976778660027776	1.0277114714796198e-08	1.0277114714796198e-08	8.580867124905027e-09
0.537331714465556	0.5373317026169389	1.1848617198495504e-08	1.1848617198495504e-08	2.2050842858364395e-08
-6.265105929969048	-6.265106048886082	1.1891703444177892e-07	1.1891703444177892e-07	1.898084976870717e-08
-0.5458943621932166	-0.5458943496705615	-1.2522655135072114e-08	1.2522655135072114e-08	2.2939704093591245e-08
2.097573750117936	2.097573792525509	-4.2407573008773625e-08	4.2407573008773625e-08	2.0217440748574042e-08
0.05365112246298294	0.05365111974242609	2.7205568492449927e-09	2.7205568492449927e-09	5.070829321645721e-08
-0.7605768132401449	-0.7605768178109429	4.570797962344386e-09	4.570797962344386e-09	6.009646734919856e-09
-0.6239127022170778	-0.623912696937623	-5.279454873274858e-09	5.279454873274858e-09	8.461848676127736e-09
0.10117540227925495	0.10117539204657078	1.0232684172217787e-08	1.0232684172217787e-08	1.0113806262884414e-07
1.784167255483447	1.7841673570728744	-1.015894275369078e-07	1.015894275369078e-07	5.693940813266446e-08
3.1781958374487367	3.1781959069121513	-6.946341457592098e-08	6.946341457592098e-08	2.1856241128199957e-08
-1.4168793059327396	-1.416879322277964	1.6345224507219314e-08	1.6345224507219314e-08	1.153607398935025e-08
0.7644488971934689	0.7644488914593239	5.7341449366532515e-09	5.7341449366532515e-09	7.50101799833199e-09
0.33617106580083767	0.3361710651006433	7.001943469475691e-10	7.001943469475691e-10	2.0828513164258897e-09
0.794536596019519	0.7945365950945416	9.249774279851408e-10	9.249774279851408e-10	1.1641722138654233e-09
0.2793377161841871	0.2793377097987104	6.3854767029525306e-09	6.3854767029525306e-09	2.2859343128380608e-08
-0.11714420228603871	-0.11714419542840915	-6.857629561429768e-09	6.857629561429768e-09	5.8540067947067854e-08
1.5106275376262728	1.5106275668586022	-2.923232944596066e-08	2.923232944596066e-08	1.935111648493773e-08
1.027736764807481	1.027736752803321	1.2004160110379303e-08	1.2004160110379303e-08	1.1680189442894903e-08
0.501533488628878	0.5015335000280174	-1.139913941017312e-08	1.139913941017312e-08	2.2728570810568926e-08
-0.6673548739356693	-0.6673548614344327	-1.2501236601458743e-08	1.2501236601458743e-08	1.8732517120514532e-08
-3.216200086505803	-3.2162001480173785	6.151157538880625e-08	6.151157538880625e-08	1.9125543726862674e-08
-0.0032744697439590622	-0.0032744674172136	-2.3267454620987116e-09	2.3267454620987116e-09	7.105716784805329e-07
0.22965236866139677	0.22965235984884202	8.812554741499667e-09	8.812554741499667e-09	3.837345459516267e-08
-4.6951337057178675	-4.6951337844802765	7.876240903925691e-08	7.876240903925691e-08	1.6775328238967468e-08
4.528639208428916	4.528639310592553	-1.0216363666160078e-07	1.0216363666160078e-07	2.25594559335725e-08
-6.198494922344565	-6.198495070748322	1.484037568388885e-07	1.484037568388885e-07	2.3941901816183976e-08
0.16322501504892714	0.16322501778631704	-2.7373898980886935e-09	2.7373898980886935e-09	1.6770651834635478e-08
-0.4254247835049113	-0.425424786953954	3.4490427180955407e-09	3.4490427180955407e-09	8.107291469199804e-09
-1.6915246151558438	-1.6915246169446618	1.7888179826286432e-09	1.7888179826286432e-09	1.0575181505495477e-09
-0.0873926304105456	-0.08739263648749329	6.076947695055068e-09	6.076947695055068e-09	6.953615729961789e-08
-0.3577454134933201	-0.3577454253900214	1.1896701290758926e-08	1.1896701290758926e-08	3.325465775952167e-08
-1.5362508378400295	-1.5362508656835416	2.784351216256198e-08	2.784351216256198e-08	1.8124326754939312e-08
0.7233718910964776	0.7233718952193158	-4.122838181963573e-09	4.122838181963573e-09	5.699472474268013e-09
0.36429630279706327	0.3642963065431104	-3.7460471391526085e-09	3.7460471391526085e-09	1.0282967766596854e-08
1.2172896247154943	1.2172896003903588	2.4325135461467084e-08	2.4325135461467084e-08	1.9983030305669753e-08
1.7102242651102397	1.7102243054978317	-4.03875919374741e-08	4.03875919374741e-08	2.3615377679646443e-08
1.484048353843508	1.4840483618172584	-7.973750326684126e-09	7.973750326684126e-09	5.372972050427511e-09
-0.007320820278472679	-0.007320809345401358	-1.0933071321536647e-08	1.0933071321536647e-08	1.4934216256730155e-06
2.989791608116249	2.989791673826403	-6.571015376266587e-08	6.571015376266587e-08	2.1978171851270688e-08
-2.9654645894676626	-2.965464682347374	9.287971147742269e-08	9.287971147742269e-08	3.132045879330353e-08
5.559514960594255	5.559515097957046	-1.3736279136367102e-07	1.3736279136367102e-07	2.4707693447593197e-08
2.1709555906271834	2.1709555949200876	-4.292904254299401e-09	4.292904254299401e-09	1.977426103432725e-09
-1.261921088523597	-1.261921092918783	4.395185992933648e-09	4.395185992933648e-09	3.4829325168627303e-09
1.0650696860126987	1.0650696867742226	-7.615239550062824e-10	7.615239550062824e-10	7.149991826893503e-10
0.30844898715161206	0.30844899811199866	-1.0960386598313221e-08	1.0960386598313221e-08	3.553387125543018e-08
-0.22157513535286028	-0.22157513740239665	2.0495363739492234e-09	2.0495363739492234e-09	9.249848231776184e-09
-3.0921358974467332	-3.0921359575586393	6.011190611943107e-08	6.011190611943107e-08	1.9440253634734236e-08
-0.9748821326869621	-0.9748821366883931	4.001430964351016e-09	4.001430964351016e-09	4.104527952853444e-09
1.755183531996718	1.7551835662743542	-3.427763628494063e-08	3.427763628494063e-08	1.952937437029504e-08
-0.03953998307470383	-0.03953998202632647	-1.0483773571490218e-09	1.0483773571490218e-09	2.651436029115889e-08
-1.702629583674964	-1.7026296109179384	2.7242974320884628e-08	2.7242974320884628e-08	1.6000529170932914e-08
-1.6762346288093692	-1.6762346194809652	-9.328404049213646e-09	9.328404049213646e-09	5.565094461650406e-09
1.5027879169152356	1.5027879089757334	7.939502166820489e-09	7.939502166820489e-09	5.283182062787583e-09
-1.3856488002881573	-1.3856488158126012	1.5524443952585898e-08	1.5524443952585898e-08	1.1203736436936588e-08
-2.6378989477678854	-2.6378990332887042	8.552081887103213e-08	8.552081887103213e-08	3.242005117117826e-08
-1.7462511067712736	-1.7462511459598318	3.918855817630629e-08	3.918855817630629e-08	2.2441536629152877e-08
2.0297477479400743	2.0297477567510214	-8.810947083048859e-09	8.810947083048859e-09	4.340907431473101e-09
-0.6140486924536606	-0.6140486902950215	-2.158639045291011e-09	2.158639045291011e-09	3.515419985124247e-09
-1.773811749655227	-1.7738117549015442	5.246317158480451e-09	5.246317158480451e-09	2.9576515994440615e-09
-1.333718319969146	-1.3337183281691978	8.200051748730175e-09	8.200051748730175e-09	6.148263562068993e-09
0.38768926682902766	0.3876892697007861	-2.8717584421578124e-09	2.8717584421578124e-09	7.407371541766897e-09
0.463009577063847	0.46300959184009116	-1.47762441726762e-08	1.47762441726762e-08	3.1913474158308004e-08
-0.5729349868620329	-0.5729349732064293	-1.365560364785523e-08	1.365560364785523e-08	2.3834473301494507e-08
2.9918383398583175	2.991838400703273	-6.084495529634637e-08	6.084495529634637e-08	2.0336979604061016e-08
0.6907711977119297	0.6907711849635234	1.2748406330587159e-08	1.2748406330587159e-08	1.8455324096914052e-08
-1.9580780084751201	-1.9580780463002156	3.782509550021018e-08	3.782509550021018e-08	1.9317460967587796e-08
0.3160267070820724	0.3160267124258098	-5.343737397023318e-09	5.343737397023318e-09	1.6909132289365482e-08
-0.5075619865821898	-0.5075619947092491	8.127059358820077e-09	8.127059358820077e-09	1.6011954349745337e-08
4.42976265999081	4.429762775544077	-1.1555326739909333e-07	1.1555326739909333e-07	2.608565656186489e-08
-3.1961411096572103	-3.196141183252621	7.359541065454778e-08	7.359541065454778e-08	2.3026333359368155e-08
6.786336619178332	6.7863367939935415	-1.7481520941942108e-07	1.7481520941942108e-07	2.5759878890385362e-08
1.4664939320924655	1.466493936277402	-4.184936619466839e-09	4.184936619466839e-09	2.8537019675871188e-09
-1.2203532114476756	-1.220353215103387	3.655711289241026e-09	3.655711289241026e-09	2.9956173794178356e-09
-0.31952335637265633	-0.31952336030371953	3.931063197182283e-09	3.931063197182283e-09	1.230289779692202e-08
0.8007435745270705	0.8007435644685756	1.0058494814835228e-08	1.0058494814835228e-08	1.2561443057193317e-08
0.1047541407304091	0.10475413091626251	9.814146592623807e-09	9.814146592623807e-09	9.368743349135082e-08
-10.438000836324365	-10.438001031616295	1.952919301828615e-07	1.952919301828615e-07	1.8709706316868963e-08
0.47570662662288327	0.4757066199090332	6.7138500869923234e-09	6.7138500869923234e-09	1.4113425609928979e-08
1.000786146950209	1.0007861601479817	-1.319777265251787e-08	1.319777265251787e-08	1.3187405413970506e-08
0.31590748960556336	0.3159074913128279	-1.707264551953358e-09	1.707264551953358e-09	5.404318061863677e-09
-6.873227412702484	-6.873227544019755	1.3131727172321916e-07	1.3131727172321916e-07	1.9105620087665125e-08
-0.35793054810938985	-0.3579305484890938	3.7970393496067345e-10	3.7970393496067345e-10	1.0608313176013948e-09
0.6057293496719596	0.6057293558114907	-6.1395311057310664e-09	6.1395311057310664e-09	1.0135766261047129e-08
0.0469635826814619	0.04696360974776326	-2.7066301359901512e-08	2.7066301359901512e-08	5.763253102618487e-07
2.3122667481428456	2.312266715307487	3.283535843223717e-08	3.283535843223717e-08	1.4200506260192387e-08
-1.214974440242506	-1.2149744952694164	5.5026910361632986e-08	5.5026910361632986e-08	4.529059092852171e-08
-1.9553784660486142	-1.9553784795789397	1.3530325526645015e-08	1.3530325526645015e-08	6.919543076480124e-09
-0.8131672177041049	-0.8131672166200588	-1.0840461861505446e-09	1.0840461861505446e-09	1.3331159478012886e-09
0.49848059817574536	0.49848059916257625	-9.868308947780235e-10	9.868308947780235e-10	1.9796776411949825e-09
-0.28414328986893583	-0.2841432888089912	-1.0599446320647132e-09	1.0599446320647132e-09	3.73031730769931e-09
0.4475676523791867	0.44756766328646336	-1.0907276637439622e-08	1.0907276637439622e-08	2.4370118303810744e-08
-5.422246284372071	-5.422246385933249	1.0156117813409082e-07	1.0156117813409082e-07	1.8730462027667234e-08
-0.6824052091527045	-0.6824052024967386	-6.6559658895570806e-09	6.6559658895570806e-09	9.75368564056147e-09
-0.7924619728384044	-0.7924619785626419	5.7242375284261016e-09	5.7242375284261016e-09	7.2233592583922824e-09
0.20655068086871	0.20655068965425016	-8.785540156486249e-09	8.785540156486249e-09	4.2534549484591674e-08
7.374902493679707	7.374902634182945	-1.4050323748904248e-07	1.4050323748904248e-07	1.9051538323313938e-08
0.3403560387211235	0.3403560367587488	1.9623747071761954e-09	1.9623747071761954e-09	5.7656526810858216e-09
0.9740256067915016	0.9740255973156309	9.475870754727111e-09	9.475870754727111e-09	9.72856430945506e-09
-6.544539806613102	-6.544539951391926	1.4477882359642535e-07	1.4477882359642535e-07	2.2122078537917944e-08
-3.695739524459204	-3.6957395877834642	6.332426005783987e-08	6.332426005783987e-08	1.7134394791284994e-08
-3.5954167673050543	-3.5954168015450705	3.42400161557066e-08	3.42400161557066e-08	9.523239827735246e-09
1.235755625765226	1.2357556261122227	-3.469966536329139e-10	3.469966536329139e-10	2.807971466187262e-10
0.1629155419453905	0.16291553947667126	2.4687192567984795e-09	2.4687192567984795e-09	1.515336859405346e-08
2.156302620872399	2.1563026166404597	4.231939243481975e-09	4.231939243481975e-09	1.962590594899807e-09
-1.1202142489852511	-1.1202142377442215	-1.1241029662656388e-08	1.1241029662656388e-08	1.0034714049423226e-08
0.4945569459653598	0.49455693897471065	6.990649170646179e-09	6.990649170646179e-09	1.4135175388145948e-08
2.1919766260171683	2.1919766686551156	-4.2637947395007814e-08	4.2637947395007814e-08	1.9451825758051608e-08
0.08698931899504427	0.08698931196704507	7.027999196496104e-09	7.027999196496104e-09	8.079151874837053e-08
2.158401490824653	2.158401534870791	-4.40461378481416e-08	4.40461378481416e-08	2.040683257280046e-08
0.10572368239687906	0.1057236795531935	2.843685550923958e-09	2.843685550923958e-09	2.6897337346319132e-08
5.171998419713936	5.171998518562759	-9.884882334887379e-08	9.884882334887379e-08	1.911230733793247e-08
-0.1867167599150877	-0.1867167702584993	1.0343411599444963e-08	1.0343411599444963e-08	5.5396267609553567e-08
-0.5386124454179904	-0.538612439413555	-6.004435393336394e-09	6.004435393336394e-09	1.1147970018918982e-08
1.7749052760144268	1.7749052813087474	-5.294320537529984e-09	5.294320537529984e-09	2.9828749787810934e-09
5.1166020419795535	5.116602123962366	-8.198281253868345e-08	8.198281253868345e-08	1.602290189192929e-08
1.5884589930172308	1.5884590038695023	-1.0852271525862989e-08	1.0852271525862989e-08	6.831949438776144e-09
-1.4745171398724806	-1.4745171438335092	3.961028616217277e-09	3.961028616217277e-09	2.6863225316999945e-09
-0.33292676811890826	-0.33292677017016103	2.051252778745294e-09	2.051252778745294e-09	6.161273214332431e-09
1.653753674929366	1.6537536748728598	5.650613310592689e-11	5.650613310592689e-11	3.416840969882673e-11
-0.6004189514412116	-0.6004189481245703	-3.3166412949370283e-09	3.3166412949370283e-09	5.523878430179378e-09
0.10593471500909389	0.10593470960884588	5.400248012654707e-09	5.400248012654707e-09	5.0977132587661436e-08
-0.19345617559854095	-0.1934561760208453	4.2230435814971656e-10	4.2230435814971656e-10	2.182945862767803e-09
-0.6530617704174789	-0.6530617656608229	-4.756656069027088e-09	4.756656069027088e-09	7.283623516939796e-09
-5.452755779147213	-5.452755876831361	9.768414788169366e-08	9.768414788169366e-08	1.7914638366028383e-08
-0.5743208662480311	-0.5743208612329909	-5.015040271949545e-09	5.015040271949545e-09	8.732122697738979e-09
2.6537506079297266	2.653750657373166	-4.944343956481134e-08	4.944343956481134e-08	1.8631532072783474e-08
-0.4472419452647194	-0.44724195504386444	9.779145049293447e-09	9.779145049293447e-09	2.1865446997609403e-08
0.8197519461739736	0.8197519309760537	1.5197919922549374e-08	1.5197919922549374e-08	1.8539657018787928e-08
-1.8362573811506033	-1.8362574201091775	3.8958574144487557e-08	3.8958574144487557e-08	2.121629274000577e-08
-3.7188234359360672	-3.718823472809163	3.6873095687894875e-08	3.6873095687894875e-08	9.915258501272063e-09
4.7628927487469905	4.76289287689724	-1.2815024952317344e-07	1.2815024952317344e-07	2.6905970023550682e-08
-0.44368919225402315	-0.44368919134285534	-9.111678078710383e-10	9.111678078710383e-10	2.0536173154052667e-09
-1.1915487468425672	-1.1915487448277418	-2.0148254176177716e-09	2.0148254176177716e-09	1.6909299119794882e-09
0.9891636294040012	0.9891636364045553	-7.000554136382675e-09	7.000554136382675e-09	7.077245794612066e-09
0.7541978269697676	0.7541978175140684	9.455699112592697e-09	9.455699112592697e-09	1.253742555926475e-08
0.8037333454889944	0.8037333282118198	1.7277174690910613e-08	1.7277174690910613e-08	2.149615265794293e-08
-1.193102663624675	-1.193102689285297	2.5660621849610266e-08	2.5660621849610266e-08	2.15074717641252e-08
0.2967775435679385	0.29677754810109036	-4.533151853891582e-09	4.533151853891582e-09	1.527457839091471e-08
2.542988831490327	2.54298888194171	-5.04513830712483e-08	5.04513830712483e-08	1.9839404108464408e-08
-0.4459312429797545	-0.4459312503968249	7.41707040230466e-09	7.41707040230466e-09	1.6632766865006132e-08
0.6896582087249543	0.6896582181070698	-9.382115528921986e-09	9.382115528921986e-09	1.3604007623236613e-08
-0.2691616828549779	-0.2691616782612982	-4.593679658881911e-09	4.593679658881911e-09	1.7066618138797073e-08
0.05161549756480421	0.05161549779586494	-2.310607330469061e-10	2.310607330469061e-10	4.476576686232756e-09
-2.1654186018656323	-2.1654186411979026	3.9332270329595076e-08	3.9332270329595076e-08	1.8163818439403852e-08
-1.1742700102752648	-1.174270068986516	5.8711251194054626e-08	5.8711251194054626e-08	4.999808449531289e-08
-0.5620996659818185	-0.5620996535071754	-1.2474643096282989e-08	1.2474643096282989e-08	2.219293810554673e-08
-0.026307481573274713	-0.026307479856768623	-1.7165060900437012e-09	1.7165060900437012e-09	6.5247830175712e-08
-0.6135376999127304	-0.6135376997917774	-1.2095302537318275e-10	1.2095302537318275e-10	1.9714033121418146e-10
1.3822417189193252	1.3822417213305016	-2.411176369676582e-09	2.411176369676582e-09	1.7443955978710484e-09
-0.1402532636751702	-0.14025326890987344	5.234703254197726e-09	5.234703254197726e-09	3.7323218847309106e-08
-0.6846295194851912	-0.6846294991191826	-2.036600865729099e-08	2.036600865729099e-08	2.974748835341669e-08
1.5301160442252872	1.5301160783565138	-3.4131226511746604e-08	3.4131226511746604e-08	2.230629934282375e-08
0.1843496019756732	0.18434960111335386	8.623193548107366e-10	8.623193548107366e-10	4.677630684141799e-09
1.192942306194768	1.1929423271794803	-2.0984712412186468e-08	2.0984712412186468e-08	1.7590718598222268e-08
0.02308725262387648	0.02308725925104227	-6.627165788364309e-09	6.627165788364309e-09	2.8704869723262765e-07
2.3786770297264197	2.3786770725564566	-4.283003685046083e-08	4.283003685046083e-08	1.8005822696907645e-08
1.2434321455698163	1.243432125193067	2.0376749398920424e-08	2.0376749398920424e-08	1.638750411232336e-08
-0.16501706394170584	-0.1650170725042699	8.562564046687982e-09	8.562564046687982e-09	5.1888961311981676e-08
2.437550366303771	2.437550460854254	-9.455048299855662e-08	9.455048299855662e-08	3.8789140239153356e-08
4.9871523715381505	4.987152519788651	-1.4825050076439084e-07	1.4825050076439084e-07	2.9726483114985923e-08
2.8972489078787467	2.8972489690204384	-6.11416917095653e-08	6.11416917095653e-08	2.11033617247373e-08
-0.69398535765388	-0.6939853619769565	4.323076452372732e-09	4.323076452372732e-09	6.229348219950245e-09
-0.5803591501607419	-0.5803591466246871	-3.5360547823160005e-09	3.5360547823160005e-09	6.092873320488909e-09
1.651233447770071	1.651233446864353	9.057179450877584e-10	9.057179450877584e-10	5.485099313551918e-10
0.11947710177341211	0.11947712209803285	-2.0324620736422716e-08	2.0324620736422716e-08	1.7011310481039527e-07
1.0991638224622475	1.0991638055202202	1.694202733659722e-08	1.694202733659722e-08	1.541355982645537e-08
-0.9746321217761591	-0.9746321347847697	1.3008610633136186e-08	1.3008610633136186e-08	1.3347200797598825e-08
1.1869026267652365	1.1869026047861553	2.1979081221701335e-08	2.1979081221701335e-08	1.851801548506362e-08
-4.531807326916029	-4.53180740805692	8.114089133925972e-08	8.114089133925972e-08	1.7904753111928407e-08
-0.38819557687673906	-0.38819555811642203	-1.8760317022081807e-08	1.8760317022081807e-08	4.832697263843023e-08
-0.014963839795721292	-0.014963839021220338	-7.745009546894499e-10	7.745009546894499e-10	5.1758169377816244e-08
0.42763333245669133	0.42763332203321625	1.0423475083065625e-08	1.0423475083065625e-08	2.437479562966777e-08
0.24777212137716703	0.24777212274784688	-1.370679847401135e-09	1.370679847401135e-09	5.532018048611047e-09
0.10697350374470437	0.10697342986532021	7.387938415204243e-08	7.387938415204243e-08	6.906325544721608e-07
3.0686814634861097	3.0686815625813324	-9.909522269424542e-08	9.909522269424542e-08	3.2292443472340863e-08
-2.205456579836843	-2.2054566215956584	4.1758815516601544e-08	4.1758815516601544e-08	1.8934317682051494e-08
-0.7681555855445252	-0.7681555871386081	1.5940828657079464e-09	1.5940828657079464e-09	2.075208324597345e-09
-0.8026583315973885	-0.8026583282116917	-3.3856968340018057e-09	3.3856968340018057e-09	4.218104641440467e-09
1.4458303622368553	1.445830366719747	-4.482891613477591e-09	4.482891613477591e-09	3.100565412488692e-09
0.041913148415195396	0.04191316293145064	-1.4516255246455056e-08	1.4516255246455056e-08	3.46341322361559e-07
0.13313020897000488	0.13313021554495208	-6.574947197801606e-09	6.574947197801606e-09	4.9387342276935696e-08
2.9755022782468137	2.9755023342659115	-5.601909780494907e-08	5.601909780494907e-08	1.8826770261441676e-08
-1.0921593301289212	-1.0921593184320955	-1.1696825730211913e-08	1.1696825730211913e-08	1.0709816239752483e-08
-7.241651029699261	-7.2416511648043524	1.351050915587848e-07	1.351050915587848e-07	1.8656669729692236e-08
-0.15423704702709243	-0.15423704098793678	-6.039155647785677e-09	6.039155647785677e-09	3.915502639728879e-08
-2.4701464176665784	-2.4701464690224384	5.1355860009039134e-08	5.1355860009039134e-08	2.0790613723032823e-08
0.4984255792276971	0.49842556109069847	1.8136998625184475e-08	1.8136998625184475e-08	3.638857912005135e-08
0.4827492080240075	0.48274920118274167	6.841265831614152e-09	6.841265831614152e-09	1.4171469818908393e-08
-0.4456637357665962	-0.44566369069798384	-4.506861234210291e-08	4.506861234210291e-08	1.0112694555364568e-07
1.7401773115281292	1.7401773538949783	-4.2366849140051954e-08	4.2366849140051954e-08	2.434628291001432e-08
6.69902687446544	6.699027017020853	-1.4255541280761008e-07	1.4255541280761008e-07	2.128001805023144e-08
1.4038461150622388	1.4038461222298793	-7.167640481142712e-09	7.167640481142712e-09	5.105716648170472e-09
-1.9668692889288282	-1.966869285752182	-3.176646279356987e-09	3.176646279356987e-09	1.6150774722233894e-09
-1.0677713515353446	-1.0677713544282597	2.892915018648523e-09	2.892915018648523e-09	2.7093019629050833e-09
0.31167948775861826	0.31167948691290803	8.45710224073315e-10	8.45710224073315e-10	2.713397118800065e-09
0.4645900728550584	0.4645900708055706	2.049487801691896e-09	2.049487801691896e-09	4.411389569943071e-09
-7.7932592827289175	-7.793259424033749	1.4130483183549813e-07	1.4130483183549813e-07	1.8131673374277662e-08
0.6058403261329527	0.60584030507016	2.106279273217382e-08	2.106279273217382e-08	3.4766244212590685e-08
-2.450166272081348	-2.450166307426116	3.53447680012664e-08	3.53447680012664e-08	1.4425456918579655e-08
-0.3812024765551459	-0.38120248973427806	1.3179132174467867e-08	1.3179132174467867e-08	3.4572525062180006e-08
1.1259717661650173	1.125971784858848	-1.8693830705629466e-08	1.8693830705629466e-08	1.660239738452712e-08
-0.3576929668071886	-0.35769296573562315	-1.0715654474857672e-09	1.0715654474857672e-09	2.9957688490514426e-09
1.5189071444351583	1.5189071473287186	-2.8935602802704352e-09	2.8935602802704352e-09	1.9050277634624427e-09
4.943757407643089	4.943757535329496	-1.2768640722526925e-07	1.2768640722526925e-07	2.5827805997896466e-08
0.6313260103806236	0.6313260382739827	-2.78933590669439e-08	2.78933590669439e-08	4.418217942601022e-08
2.4346999747605436	2.4347000817215303	-1.0696098673435017e-07	1.0696098673435017e-07	4.393189626778139e-08
-0.30309682563891877	-0.3030968309758464	5.336927622057175e-09	5.336927622057175e-09	1.7607995764413224e-08
0.8536139144790904	0.8536139102943707	4.184719681887827e-09	4.184719681887827e-09	4.902356452848489e-09
0.4962130972543689	0.4962130969943246	2.60044319411179e-10	2.60044319411179e-10	5.240577502892371e-10
0.2074452696233757	0.20744526864291402	9.804616840636271e-10	9.804616840636271e-10	4.726363179279481e-09
-0.6695530389103518	-0.6695530328215682	-6.088783588431568e-09	6.088783588431568e-09	9.093803230795e-09
-0.378965979482359	-0.3789659876929363	8.210577329137436e-09	8.210577329137436e-09	2.16657372262083e-08
0.3181150942132737	0.3181150896125473	4.60072641095266e-09	4.60072641095266e-09	1.446245869700291e-08
-0.5001569812796175	-0.5001569934393046	1.215968714607385e-08	1.215968714607385e-08	2.4311741315624788e-08
1.0383106720512896	1.0383106564404443	1.561084528312051e-08	1.561084528312051e-08	1.5034850072647025e-08
-7.4283947122616	-7.428394847011077	1.3474947735403475e-07	1.3474947735403475e-07	1.8139784243237908e-08
1.4497749404567393	1.4497749270958593	1.336087995795765e-08	1.336087995795765e-08	9.215830392094112e-09
0.8901697532902698	0.890169731064816	2.222545381069807e-08	2.222545381069807e-08	2.4967657829922596e-08
3.9852655961199925	3.9852656664152164	-7.029522386403642e-08	7.029522386403642e-08	1.7638780193840786e-08
1.1388969691020547	1.1388969869585708	-1.7856516043579518e-08	1.7856516043579518e-08	1.567878089767699e-08
5.524340363714574	5.524340490410395	-1.266958218337777e-07	1.266958218337777e-07	2.2934108598005946e-08
-0.346169245347561	-0.3461692449491238	-3.9843717214438357e-10	3.9843717214438357e-10	1.1509895159644944e-09
0.2114068635937306	0.21140686385479057	-2.610599791896817e-10	2.610599791896817e-10	1.2348699316185476e-09
-0.5766991981935131	-0.5766992035205476	5.327034480195891e-09	5.327034480195891e-09	9.237110952958858e-09
0.5541223450631463	0.5541223345062463	1.055690002083054e-08	1.055690002083054e-08	1.9051568872624157e-08
0.5607288207201099	0.5607288176179281	3.102181733716236e-09	3.102181733716236e-09	5.532409997638953e-09
-4.555082513399057	-4.555082605293137	9.189407990106702e-08	9.189407990106702e-08	2.0173966032614095e-08
0.5922330791521113	0.5922330865359982	-7.383886835299336e-09	7.383886835299336e-09	1.2467873030447243e-08
-0.6702676952388686	-0.6702677046632743	9.424405700286798e-09	9.424405700286798e-09	1.4060659296623488e-08
-0.10107263317873122	-0.10107263278769096	-3.9104025573166723e-10	3.9104025573166723e-10	3.868903415627585e-09
7.036343255379775	7.036343386062072	-1.30682296983764e-07	1.30682296983764e-07	1.8572473263558918e-08
1.0816961463866526	1.081696145774913	6.11739547906609e-10	6.11739547906609e-10	5.655373276035898e-10
0.11527606918339187	0.11527606147865299	7.704738874680928e-09	7.704738874680928e-09	6.683727966490178e-08
-5.2197437628396095	-5.219743879933958	1.1709434843965028e-07	1.1709434843965028e-07	2.2432968697288967e-08
-1.0031636713717664	-1.0031636611529393	-1.0218827117824958e-08	1.0218827117824958e-08	1.0186600062830547e-08
-1.1947101875015835	-1.1947101756959455	-1.180563802272161e-08	1.180563802272161e-08	9.881591490744664e-09
0.1429185715239116	0.14291857041826006	1.1056515425433844e-09	1.1056515425433844e-09	7.736234211929543e-09
-0.7573990675278393	-0.7573990706077893	3.0799500727596296e-09	3.0799500727596296e-09	4.06648252527248e-09
1.5502361982647341	1.550236192997545	5.267189129298799e-09	5.267189129298799e-09	3.3976687779543905e-09
-0.12249510625538525	-0.12249510291439947	-3.3409857796984355e-09	3.3409857796984355e-09	2.7274442888624017e-08
-0.17556099793351373	-0.17556099010107573	-7.832438003729791e-09	7.832438003729791e-09	4.461377011935188e-08
2.083802059891015	2.0838021009694785	-4.107846329759468e-08	4.107846329759468e-08	1.9713227128560916e-08
-0.21673683973138605	-0.2167368393202196	-4.111664619887989e-10	4.111664619887989e-10	1.897076945933051e-09
-1.7657593242536698	-1.7657593571129837	3.2859313936484114e-08	3.2859313936484114e-08	1.8609169146181742e-08
0.3067615894872708	0.3067615853069583	4.180312485058124e-09	4.180312485058124e-09	1.3627235704591328e-08
-3.9100476209085935	-3.9100476942621754	7.335358187532393e-08	7.335358187532393e-08	1.8760278387166667e-08
0.966318285661919	0.9663182800068171	5.655101942281249e-09	5.655101942281249e-09	5.852214561382906e-09
-0.21268495861924214	-0.21268496311677154	4.4975294044569125e-09	4.4975294044569125e-09	2.114643853357108e-08
-3.6964149954128893	-3.6964150467611034	5.1348214125113145e-08	5.1348214125113145e-08	1.3891355323694533e-08
-3.256467935305102	-3.2564680395807954	1.0427569341331377e-07	1.0427569341331377e-07	3.2021102459755705e-08
4.842555426947263	4.842555536015425	-1.0906816161337929e-07	1.0906816161337929e-07	2.252285250189395e-08
-0.3335324317292311	-0.3335324345243862	2.795155107371272e-09	2.795155107371272e-09	8.380459713856073e-09
1.9145032226972758	1.9145032274536788	-4.7564030491997755e-09	4.7564030491997755e-09	2.4844058724010126e-09
1.1381731603131127	1.1381731610526913	-7.395786205677268e-10	7.395786205677268e-10	6.497944656894457e-10
0.59927618835335	0.5992761725792661	1.5774083816921802e-08	1.5774083816921802e-08	2.6321893182949165e-08
1.1187210122794407	1.1187210066054831	5.6739575260422725e-09	5.6739575260422725e-09	5.071825293136622e-09
-8.410326683750135	-8.410326845478266	1.6172813133152886e-07	1.6172813133152886e-07	1.922970859669566e-08
-0.0014225965921172094	-0.0014225861377781257	-1.0454339083657005e-08	1.0454339083657005e-08	7.348772759323228e-06
4.5762746128778	4.57627470495936	-9.2081560154611e-08	9.2081560154611e-08	2.0121511042079994e-08
-0.545860191941802	-0.5458601890495629	-2.8922391148711313e-09	2.8922391148711313e-09	5.2984979626055845e-09
-7.2351824235170215	-7.23518257473188	1.5121485841262938e-07	1.5121485841262938e-07	2.0899937218047898e-08
0.3284886496428896	0.32848864520929055	4.4335990434518635e-09	4.4335990434518635e-09	1.3496962675184575e-08
-0.6696210886074224	-0.6696210812151548	-7.392267575845324e-09	7.392267575845324e-09	1.1039478447757154e-08
8.256061633882084	8.256061828433303	-1.9455121957889787e-07	1.9455121957889787e-07	2.356465203463094e-08
-4.988206095587726	-4.988206169400655	7.381292910224602e-08	7.381292910224602e-08	1.4797489856631343e-08
-2.4474637033000737	-2.4474637757521123	7.245203859085336e-08	7.245203859085336e-08	2.9602906262986287e-08
0.4157270609057483	0.4157270677751512	-6.869402935372193e-09	6.869402935372193e-09	1.652382916908455e-08
-0.7048055009844723	-0.7048054976621643	-3.3223079842770176e-09	3.3223079842770176e-09	4.7137940603988165e-09
-1.6872425428832036	-1.6872425430847215	2.0151791346734171e-10	2.0151791346734171e-10	1.1943624484656645e-10
0.9014231222466229	0.9014231136461603	8.600462564345435e-09	8.600462564345435e-09	9.540982865971358e-09
-0.11344663848920812	-0.1134466401708778	1.6816696785104668e-09	1.6816696785104668e-09	1.4823442112570303e-08
-1.8148232480258353	-1.8148232811654452	3.313960994510978e-08	3.313960994510978e-08	1.826051654405411e-08
1.0364875179639115	1.0364875242885319	-6.324620382969215e-09	6.324620382969215e-09	6.101974479531963e-09
6.769375919642407	6.769376045667741	-1.2602533416838924e-07	1.2602533416838924e-07	1.8616979713404147e-08
0.11899952502449561	0.11899951459781732	1.0426678284658486e-08	1.0426678284658486e-08	8.761949497287652e-08
-2.1486433873307953	-2.1486434252437903	3.7912994965694224e-08	3.7912994965694224e-08	1.7645084889025056e-08
0.934751108328668	0.9347511058876989	2.4409690935200956e-09	2.4409690935200956e-09	2.6113572605273936e-09
-0.21562629630590707	-0.21562628717219923	-9.133707845609962e-09	9.133707845609962e-09	4.23589701353125e-08
-4.622497254210812	-4.622497326636221	7.242540966956312e-08	7.242540966956312e-08	1.5668026542057547e-08
2.5363012543414127	2.536301290092524	-3.575111140463605e-08	3.575111140463605e-08	1.4095766953330368e-08
2.150704677378309	2.1507047313207295	-5.3942420308317196e-08	5.3942420308317196e-08	2.508127725563537e-08
0.052785470967202194	0.052785471780225635	-8.130234402381475e-10	8.130234402381475e-10	1.540240951422623e-08
-2.824652722206436	-2.8246527290320955	6.8256595930904496e-09	6.8256595930904496e-09	2.416459743680875e-09
-1.7091915253827867	-1.7091915287892334	3.406446680287445e-09	3.406446680287445e-09	1.9930163645788874e-09
0.2925470185746266	0.29254702440084657	-5.826219950932909e-09	5.826219950932909e-09	1.99154993249288e-08
0.45565189911233783	0.4556519070320064	-7.919668587597073e-09	7.919668587597073e-09	1.7380962535271982e-08
-5.092155389100284	-5.092155483907845	9.48075609130683e-08	9.48075609130683e-08	1.8618355817656917e-08
-0.10811531021797369	-0.10811531865329016	8.435316473098808e-09	8.435316473098808e-09	7.802147962293388e-08
-2.9338187030046194	-2.933818759629503	5.662488344881922e-08	5.662488344881922e-08	1.9300743904464113e-08
-0.4874580329283962	-0.48745803269412136	-2.3427482176430203e-10	2.3427482176430203e-10	4.806051104684846e-10
5.415902337929664	5.415902451204602	-1.1327493787405274e-07	1.1327493787405274e-07	2.0915247507464164e-08
0.059630757837699486	0.059630765463225543	-7.62552605781952e-09	7.62552605781952e-09	1.278790733898496e-07
0.5455801068152105	0.5455801101561519	-3.340941412410814e-09	3.340941412410814e-09	6.12364961749311e-09
2.456317339095871	2.45631740654062	-6.744474934095024e-08	6.744474934095024e-08	2.7457669360334166e-08
-6.064405024329136	-6.064405147299112	1.2296997642380347e-07	1.2296997642380347e-07	2.0277335687585743e-08
-5.1423248013700995	-5.142324903317785	1.0194768584881331e-07	1.0194768584881331e-07	1.9825213261840402e-08
0.8759865868691347	0.8759865841057035	2.763431150576423e-09	2.763431150576423e-09	3.1546500734140322e-09
-0.389721599071383	-0.3897215947290533	-4.342329662510025e-09	4.342329662510025e-09	1.1142132416722087e-08
-0.3071063020915271	-0.30710630198882427	-1.0270284622748704e-10	1.0270284622748704e-10	3.3442116142858715e-10
0.412035164669159	0.41203515138477087	1.3284388145073933e-08	1.3284388145073933e-08	3.224090874802044e-08
-0.5688993057834109	-0.5688992951036198	-1.0679791051515508e-08	1.0679791051515508e-08	1.877272646133528e-08
4.979494749413493	4.979494851795607	-1.0238211434199229e-07	1.0238211434199229e-07	2.0560743507973638e-08
-0.22490567260517708	-0.22490567516797455	2.562797474237044e-09	2.562797474237044e-09	1.1394988150147935e-08
2.5505375668314847	2.550537619754323	-5.2922838111868487e-08	5.2922838111868487e-08	2.0749679910660624e-08
-0.7315645092267455	-0.7315645143535221	5.126776558839197e-09	5.126776558839197e-09	7.007962379501071e-09
-1.0891302657545048	-1.0891302781601553	1.2405650506863708e-08	1.2405650506863708e-08	1.1390419398793937e-08
0.6219344709012331	0.6219344868441112	-1.5942878128782922e-08	1.5942878128782922e-08	2.5634337498097524e-08
-0.4331101345987618	-0.4331101354182465	8.194847023190732e-10	8.194847023190732e-10	1.8920931117861123e-09
-0.365707404971806	-0.36570741031027865	5.3384726639293945e-09	5.3384726639293945e-09	1.4597660838562898e-08
5.7032965037627115	5.703296656065504	-1.5230279259981216e-07	1.5230279259981216e-07	2.6704344145413345e-08
4.99391513128856	4.993915249542624	-1.182540643185348e-07	1.182540643185348e-07	2.367963035207252e-08
-1.8866994691117074	-1.886699469650921	5.392135626891559e-10	5.392135626891559e-10	2.857972727066211e-10
1.613265104448226	1.6132651080624782	-3.6142522308324487e-09	3.6142522308324487e-09	2.2403337311809063e-09
-1.0373081106912114	-1.0373081158832065	5.191995056108567e-09	5.191995056108567e-09	5.005258324500013e-09
-0.03685671300577364	-0.03685670435515931	-8.650614329031026e-09	8.650614329031026e-09	2.347093276515434e-07
-0.07376048444770619	-0.07376047960860888	-4.83909731729959e-09	4.83909731729959e-09	6.560555226193442e-08
-2.2488871945835838	-2.2488872355097556	4.09261717848608e-08	4.09261717848608e-08	1.8198410255272457e-08
0.3336663718085163	0.3336663712616428	5.468735464475571e-10	5.468735464475571e-10	1.6389831060392134e-09
-4.193127014243462	-4.193127083453874	6.921041162399888e-08	6.921041162399888e-08	1.6505679744234044e-08
0.7399497175508152	0.7399497235383024	-5.987487172731676e-09	5.987487172731676e-09	8.09174871037165e-09
-3.305501738920761	-3.3055018002414727	6.132071161957242e-08	6.132071161957242e-08	1.855110553945541e-08
0.5956291336677616	0.5956291352049448	-1.53718315853979e-09	1.53718315853979e-09	2.580772282030821e-09
0.1188134706022767	0.11881347290909616	-2.306819457675857e-09	2.306819457675857e-09	1.9415470703636307e-08
8.396901835063906	8.39690204429644	-2.0923253352123083e-07	2.0923253352123083e-07	2.4917825363578095e-08
-6.713809995525333	-6.713810107612517	1.1208718397881512e-07	1.1208718397881512e-07	1.669501878270606e-08
-2.8657866111243493	-2.8657866960202227	8.489587344229221e-08	8.489587344229221e-08	2.962393400567412e-08
-0.6636609151919003	-0.6636609123233939	-2.8685064323852316e-09	2.8685064323852316e-09	4.322247049241692e-09
-0.6002576103533359	-0.6002576128594228	2.5060868935611325e-09	2.5060868935611325e-09	4.175018942426983e-09
0.1499775318461796	0.14997752714407397	4.7021056215346135e-09	4.7021056215346135e-09	3.1352066963984986e-08
0.354242212378427	0.3542422109603649	1.4180621121795411e-09	1.4180621121795411e-09	4.003086200987998e-09
0.028095855037395753	0.02809586021612631	-5.1787305589690025e-09	5.1787305589690025e-09	1.843236503062847e-07
8.166857612678914	8.166857760443236	-1.477643216674096e-07	1.477643216674096e-07	1.8093167369296104e-08
-0.01637431403484307	-0.016374315237044357	1.2022012864376652e-09	1.2022012864376652e-09	7.341994808939714e-08
1.7530143592107261	1.7530143941257847	-3.491505862207589e-08	3.491505862207589e-08	1.9917154950057556e-08
0.18565241224641765	0.1856524067989085	5.447509165978914e-09	5.447509165978914e-09	2.9342517557748725e-08
-9.356603655548415	-9.356603832202381	1.7665396612187578e-07	1.7665396612187578e-07	1.8880137774898796e-08
0.9113961573597482	0.9113961550610838	2.2986643699596243e-09	2.2986643699596243e-09	2.522135244259419e-09
-0.8873696425140781	-0.8873696378941531	-4.619924998117142e-09	4.619924998117142e-09	5.206314005771103e-09
-1.9233035843040212	-1.923303616422345	3.211832377836288e-08	3.211832377836288e-08	1.6699560090502e-08
7.320109903498944	7.320110048567585	-1.4506864154384402e-07	1.4506864154384402e-07	1.9817822881935498e-08
-5.5335067402980265	-5.533506832762214	9.246418741781781e-08	9.246418741781781e-08	1.6709871652354366e-08
0.3004250983592382	0.30042509933991823	-9.806800371769953e-10	9.806800371769953e-10	3.2643079507436197e-09
0.7902817874568175	0.7902817878857604	-4.2894288121431146e-10	4.2894288121431146e-10	5.427720694344734e-10
1.2969573213217762	1.296957320846559	4.752171989252929e-10	4.752171989252929e-10	3.664092804850215e-10
-0.9510741678968861	-0.9510741574558779	-1.0441008280182018e-08	1.0441008280182018e-08	1.0978122035708591e-08
0.15178889942384627	0.151788904076966	-4.653119722863863e-09	4.653119722863863e-09	3.0655204303647856e-08
0.10277190831934566	0.10277190540364245	2.9157032066517985e-09	2.9157032066517985e-09	2.8370624369373028e-08
-0.6877194551079038	-0.687719452798774	-2.309129776278951e-09	2.309129776278951e-09	3.357662429248343e-09
-7.408933770801074	-7.40893390684505	1.360439760844656e-07	1.360439760844656e-07	1.8362153083432972e-08
0.3123897299493461	0.31238972951541655	4.339295589517178e-10	4.339295589517178e-10	1.3890647398110027e-09
1.9871711330514443	1.9871711720043095	-3.895286515565033e-08	3.895286515565033e-08	1.9602169389324513e-08
0.36713315149145104	0.3671331523946719	-9.032208869719227e-10	9.032208869719227e-10	2.460199748518093e-09
-0.6412746623988154	-0.6412746643036371	1.9048217447803495e-09	1.9048217447803495e-09	2.9703680130678876e-09
4.650208805498989	4.650208911698428	-1.0619943857648195e-07	1.0619943857648195e-07	2.2837563433903965e-08
2.5886735514202734	2.5886736511893105	-9.976903703190487e-08	9.976903703190487e-08	3.8540601991767825e-08
0.27661280554453976	0.2766128091025166	-3.55797685758219e-09	3.55797685758219e-09	1.2862661403465973e-08
0.736199056169383	0.7361990537901875	2.3791955072738347e-09	2.3791955072738347e-09	3.231728548598458e-09
0.17423555120870649	0.17423555163986748	-4.3116099579521006e-10	4.3116099579521006e-10	2.4745868039223966e-09
2.9516939174300587	2.9516939184759394	-1.0458807153668204e-09	1.0458807153668204e-09	3.543323747732738e-10
0.6893682107248205	0.689368221173936	-1.0449115572797041e-08	1.0449115572797041e-08	1.5157524542378532e-08
-0.5321059842338548	-0.5321059870766476	2.8427927789564933e-09	2.8427927789564933e-09	5.342531118212564e-09
1.2285173796187294	1.2285174034332158	-2.38144863828893e-08	2.38144863828893e-08	1.9384737064346724e-08
0.24982222856414316	0.24982220566016622	2.2903976937271864e-08	2.2903976937271864e-08	9.168110087285987e-08
-2.618711709239387	-2.6187117509834934	4.174410639379289e-08	4.174410639379289e-08	1.594070330327335e-08
0.023325774935593707	0.023325751499214675	2.3436379031904764e-08	2.3436379031904764e-08	1.0047417115451234e-06
-6.848023283861655	-6.848023413112969	1.2925131454011307e-07	1.2925131454011307e-07	1.8874251617209342e-08
0.5378639513838127	0.5378639434638899	7.919922828669712e-09	7.919922828669712e-09	1.4724769727164999e-08
-0.23079086702329787	-0.23079086531652138	-1.7067764979117328e-09	1.7067764979117328e-09	7.3953381254875965e-09
-1.2098905014776613	-1.2098904699087143	-3.15689470120617e-08	3.15689470120617e-08	2.609240007546631e-08
-1.6403317806041582	-1.6403317886215518	8.01739363787135e-09	8.01739363787135e-09	4.887665856792963e-09
-1.0198791980893285	-1.0198791915172478	-6.572080657463175e-09	6.572080657463175e-09	6.443979512255475e-09
-0.5055721656615293	-0.5055721612734487	-4.388080565576047e-09	4.388080565576047e-09	8.679434635873093e-09
1.1175863087834017	1.1175863119206042	-3.1372024977827095e-09	3.1372024977827095e-09	2.807123237933946e-09
-0.2291227144616736	-0.22912271560926456	1.1475909666991413e-09	1.1475909666991413e-09	5.008630285283671e-09
0.3377431551212284	0.33774314033507835	1.4786150026591116e-08	1.4786150026591116e-08	4.3779273694780954e-08
0.3951655839327798	0.3951655844502966	-5.175168071858138e-10	5.175168071858138e-10	1.3096201395763422e-09
-1.3267236377266545	-1.3267236681713257	3.044467122848005e-08	3.044467122848005e-08	2.2947259220199843e-08
0.5050784821428048	0.5050784693594323	1.278337247168082e-08	1.278337247168082e-08	2.530967547349696e-08
7.475967378163402	7.475967531718197	-1.5355479554557405e-07	1.5355479554557405e-07	2.0539789404926135e-08
0.6838912950410766	0.6838912941020681	9.39008537592656e-10	9.39008537592656e-10	1.3730377099422741e-09
2.0998609245629725	2.099860957969213	-3.3406240440569945e-08	3.3406240440569945e-08	1.5908787124805668e-08
0.13722410511982622	0.13722411040362203	-5.283795817545567e-09	5.283795817545567e-09	3.850486627645831e-08
0.37868337976828487	0.3786833804042544	-6.359695547963895e-10	6.359695547963895e-10	1.6794229395162185e-09
5.191674706075659	5.191674836169113	-1.3009345423142804e-07	1.3009345423142804e-07	2.5058090422958055e-08
1.7179960928169344	1.7179960832436336	9.573300818743746e-09	9.573300818743746e-09	5.572364721183248e-09
0.49608965336072197	0.49608964218350593	1.1177216041602378e-08	1.1177216041602378e-08	2.253063728679518e-08
-1.0612898448299295	-1.0612898449835484	1.536188953821238e-10	1.536188953821238e-10	1.44747352601627e-10
-0.14545191619912098	-0.14545190879289294	-7.406228047512897e-09	7.406228047512897e-09	5.0918738240436155e-08
-0.2285658432329638	-0.22856584564578952	2.412825717001965e-09	2.412825717001965e-09	1.0556370465829896e-08
0.9802221884673319	0.9802221848076442	3.6596876640260234e-09	3.6596876640260234e-09	3.733528690824969e-09
-0.7730419440237354	-0.7730419429208268	-1.1029085422720186e-09	1.1029085422720186e-09	1.4267124194210025e-09
0.020650950338496347	0.020650950318668038	1.982830913349609e-11	1.982830913349609e-11	9.601644867903858e-10
0.19255712481532541	0.19255711777077522	7.044550193180399e-09	7.044550193180399e-09	3.65842094907502e-08
1.4795401566404238	1.4795401875744574	-3.0934033556917484e-08	3.0934033556917484e-08	2.090787020418497e-08
-0.2311609386044402	-0.2311609523530933	1.3748653104883601e-08	1.3748653104883601e-08	5.9476541269847194e-08
-6.645128881837724	-6.64512900129921	1.1946148603669826e-07	1.1946148603669826e-07	1.797730159353372e-08
0.0159185457212993	0.015918553799565416	-8.078266115069122e-09	8.078266115069122e-09	5.074751335016902e-07
-0.44476858325613694	-0.44476857510744594	-8.148690999743025e-09	8.148690999743025e-09	1.8321192877623487e-08
1.3969661323103553	1.3969661995361093	-6.722575407458464e-08	6.722575407458464e-08	4.8122679941713516e-08
-1.687958786575358	-1.6879588110896293	2.4514271279585387e-08	2.4514271279585387e-08	1.4523027146487123e-08
5.500273482117875	5.500273628058494	-1.459406187009904e-07	1.459406187009904e-07	2.6533338601337345e-08
0.8912263884099082	0.8912263911042828	-2.6943746123109236e-09	2.6943746123109236e-09	3.0232213131818537e-09
0.9857591601766007	0.9857591658146703	-5.638069566771264e-09	5.638069566771264e-09	5.719520339796988e-09
1.3392822474980592	1.3392822484092903	-9.11231090583442e-10	9.11231090583442e-10	6.803876421760473e-10
-0.24889474115761398	-0.2488947620804538	2.0922839821801986e-08	2.0922839821801986e-08	8.406300480471976e-08
1.022109177890729	1.0221091542916838	2.3599045162470134e-08	2.3599045162470134e-08	2.3088575734316562e-08
-5.336477942359158	-5.33647803877102	9.641186160536108e-08	9.641186160536108e-08	1.806657174389803e-08
2.3103077913036856	2.3103077546693385	3.663434711143054e-08	3.663434711143054e-08	1.5856911901231183e-08
6.630685450321548	6.6306855751463445	-1.2482479672115687e-07	1.2482479672115687e-07	1.8825323212263616e-08
0.2910400302685401	0.2910400280597969	2.2087431883477393e-09	2.2087431883477393e-09	7.5891388078463e-09
-0.8518189180555176	-0.8518189451933722	2.7137854630154834e-08	2.7137854630154834e-08	3.185871322522813e-08
-1.1720240439831906	-1.1720240127033321	-3.127985848117021e-08	3.127985848117021e-08	2.6688751516448268e-08
-1.3341046206197742	-1.3341046087589348	-1.1860839421728997e-08	1.1860839421728997e-08	8.890486726759783e-09
-0.5708359459530113	-0.5708360140488367	6.809582531186464e-08	6.809582531186464e-08	1.1929141077158093e-07
-4.6898695228466405	-4.689869642788835	1.1994219484279256e-07	1.1994219484279256e-07	2.557474024778209e-08
0.5449665912228455	0.5449665604828624	3.0739983114536074e-08	3.0739983114536074e-08	5.640709652597035e-08
-2.3599765148380643	-2.35997651998332	5.1452557769948726e-09	5.1452557769948726e-09	2.1802148219038218e-09
-0.02310308141437899	-0.02310307991137961	-1.5029993812032405e-09	1.5029993812032405e-09	6.505623012988204e-08
-1.5652800010585644	-1.5652800038878922	2.829327883091537e-09	2.829327883091537e-09	1.8075538441544803e-09
-0.11392110851256854	-0.11392110081942519	-7.69314334458926e-09	7.69314334458926e-09	6.753044668399185e-08
-0.180822977472279	-0.1808229762900737	-1.1822052781162995e-09	1.1822052781162995e-09	6.5379151181023834e-09
4.693823460629822	4.693823548223008	-8.75931860377932e-08	8.75931860377932e-08	1.8661372071722495e-08
-0.618865099680076	-0.6188650831973064	-1.6482769593650914e-08	1.6482769593650914e-08	2.663386512209483e-08
-0.6708106706739139	-0.6708106775477063	6.8737924241446535e-09	6.8737924241446535e-09	1.0246993264491549e-08
-0.163987257826116	-0.1639872471059789	-1.0720137111341899e-08	1.0720137111341899e-08	6.537176884016808e-08
2.7321597383257537	2.7321597872287384	-4.8902984772780655e-08	4.8902984772780655e-08	1.7899021088257462e-08
0.4738176526598289	0.4738176494356594	3.2241694869483695e-09	3.2241694869483695e-09	6.804663078399739e-09
0.42572932104064654	0.4257293267073692	-5.66672264668e-09	5.66672264668e-09	1.3310623362347574e-08
-1.3007258650214926	-1.3007258803554578	1.533396520869701e-08	1.533396520869701e-08	1.1788775499166104e-08
2.8871314776741692	2.8871315362266614	-5.855249218811309e-08	5.855249218811309e-08	2.0280507708392318e-08
-1.34135079153797	-1.3413508258963702	3.43584001250008e-08	3.43584001250008e-08	2.5614776046470318e-08
1.5669333704924986	1.5669333788537188	-8.36122016067975e-09	8.36122016067975e-09	5.3360406499299696e-09
-0.9461193398615926	-0.9461193440074567	4.145864096471996e-09	4.145864096471996e-09	4.3819673922726205e-09
0.614466807426573	0.6144668031993206	4.22725243698352e-09	4.22725243698352e-09	6.8795456253976155e-09
-0.44463219440662743	-0.4446321963769151	1.9702876552507576e-09	1.9702876552507576e-09	4.431275287836849e-09
1.0156508234501425	1.0156508142245002	9.225642250143551e-09	9.225642250143551e-09	9.083478334418374e-09
-1.4293760189341933	-1.4293760477812611	2.8847067845561014e-08	2.8847067845561014e-08	2.018158095801179e-08
-0.7479442307584903	-0.7479442274416215	-3.316868779634774e-09	3.316868779634774e-09	4.434647187894126e-09
4.13845849713658	4.13845857110573	-7.396914991630865e-08	7.396914991630865e-08	1.787359954618085e-08
-1.0401448944406122	-1.0401448753327713	-1.9107840865117964e-08	1.9107840865117964e-08	1.8370364520602796e-08
-1.268369939914414	-1.268369965146121	2.523170716806078e-08	2.523170716806078e-08	1.989301888513957e-08
0.07589127456937181	0.07589127562823705	-1.058865245484597e-09	1.058865245484597e-09	1.3952397709656253e-08
0.42868871753143556	0.4286887224225211	-4.891085536584683e-09	4.891085536584683e-09	1.140941045696175e-08
1.5824112269092276	1.5824112597329076	-3.282367999624114e-08	3.282367999624114e-08	2.074282552984188e-08
0.5982609057247587	0.59826089454873	1.1176028658077541e-08	1.1176028658077541e-08	1.8680860726706562e-08
-5.786411363103243	-5.786411466033314	1.0293007157713419e-07	1.0293007157713419e-07	1.7788239569945293e-08
0.5014094000239112	0.501409404023434	-3.999522824038593e-09	3.999522824038593e-09	7.976561316656335e-09
-1.7187855204992484	-1.718785520097299	-4.0194936268278525e-10	4.0194936268278525e-10	2.33856614387834e-10
-1.2536848839498702	-1.2536848817035207	-2.2463495508162623e-09	2.2463495508162623e-09	1.7917975877150999e-09
0.2652324091242577	0.2652324064911227	2.6331350433395073e-09	2.6331350433395073e-09	9.927651948845814e-09
0.7139558847531863	0.7139558920243871	-7.2712008636344194e-09	7.2712008636344194e-09	1.018438396393086e-08
7.4559310780816785	7.455931227013934	-1.4893225586121162e-07	1.4893225586121162e-07	1.9975004369210197e-08
0.12004366688274638	0.12004367363260826	-6.749861877763941e-09	6.749861877763941e-09	5.6228387994486395e-08
-4.339761321314663	-4.339761403571174	8.225651093596298e-08	8.225651093596298e-08	1.895415550435033e-08
0.3305286911387446	0.33052869184757583	-7.08831215945338e-10	7.08831215945338e-10	2.144537630011051e-09
-3.66170502809641	-3.6617051000575884	7.19611783495111e-08	7.19611783495111e-08	1.9652368991316908e-08
0.6323042744194068	0.6323042725853156	1.8340912122383202e-09	1.8340912122383202e-09	2.9006465501477366e-09
0.29158593098183955	0.29158593406464206	-3.082802513265648e-09	3.082802513265648e-09	1.0572535179887159e-08
-1.1164431004325341	-1.1164431361976312	3.576509710612186e-08	3.576509710612186e-08	3.203485882286852e-08
-1.6780853332170027	-1.678085368439497	3.5222494254583125e-08	3.5222494254583125e-08	2.0989691976545217e-08
-4.716174983469722	-4.716175085377472	1.0190774979434991e-07	1.0190774979434991e-07	2.160813586254505e-08
-0.9089988269148689	-0.9089988361665746	9.251705734847349e-09	9.251705734847349e-09	1.0177907232562144e-08
-0.7557605606943931	-0.7557605613328633	6.38470165625904e-10	6.38470165625904e-10	8.448048215684573e-10
0.1999618522189092	0.19996185528725618	-3.068346993151394e-09	3.068346993151394e-09	1.534466178975131e-08
0.23310428344862	0.23310428787226556	-4.423645560969192e-09	4.423645560969192e-09	1.8977109710402364e-08
0.23437765109693773	0.23437766230927082	-1.1212333089760662e-08	1.1212333089760662e-08	4.7838746728984335e-08
-0.7004635420722467	-0.7004635472185328	5.146286063961725e-09	5.146286063961725e-09	7.346972047591494e-09
-0.2526759069894113	-0.2526758999010781	-7.088333198179697e-09	7.088333198179697e-09	2.8053063240717853e-08
-4.2869369276717935	-4.2869370054177125	7.774591903597639e-08	7.774591903597639e-08	1.813554067803831e-08
1.1531768957886985	1.1531768814165844	1.4372114165439598e-08	1.4372114165439598e-08	1.2463061146928373e-08
4.002524062396516	4.002524146926589	-8.453007360742504e-08	8.453007360742504e-08	2.111919186235012e-08
-0.03790147239142482	-0.03790148639382096	1.400239613841281e-08	1.400239613841281e-08	3.694420098988249e-07
0.493021706179538	0.49302171646559145	-1.0286053453434363e-08	1.0286053453434363e-08	2.0863287203197925e-08
-5.836693463537823	-5.836693608216592	1.4467876940926772e-07	1.4467876940926772e-07	2.4787796431847027e-08
-7.004414110650521	-7.0044143103586975	1.9970817621839387e-07	1.9970817621839387e-07	2.8511760307650682e-08
4.926907692488396	4.926907786284573	-9.379617704752263e-08	9.379617704752263e-08	1.9037534880250557e-08
-0.807668598177126	-0.807668602647027	4.4699010048887544e-09	4.4699010048887544e-09	5.534325607033792e-09
-1.5367292603682854	-1.5367292644441477	4.075862314323331e-09	4.075862314323331e-09	2.6522969396356315e-09
3.3158613318889163	3.3158613314299146	4.590017255168277e-10	4.590017255168277e-10	1.3842609191843146e-10
-0.18413299825048007	-0.1841329913077061	-6.94277396684484e-09	6.94277396684484e-09	3.77052132578672e-08
-0.06587404537073041	-0.0658740418657544	-3.5049760038763367e-09	3.5049760038763367e-09	5.3207237906079635e-08
-5.242590568266838	-5.2425906687858514	1.0051901355723203e-07	1.0051901355723203e-07	1.917353877788379e-08
0.2203586699710785	0.2203586609539343	9.017144197986937e-09	9.017144197986937e-09	4.092030596831254e-08
9.776789656115108	9.776789843272127	-1.8715701877169977e-07	1.8715701877169977e-07	1.9142993288664884e-08
-0.41436527602567597	-0.41436528590566013	9.879984164129496e-09	9.879984164129496e-09	2.3843658568333526e-08
4.478047842604467	4.478047931115725	-8.851125787856517e-08	8.851125787856517e-08	1.976559004941009e-08
0.5470301694893552	0.5470301675813971	1.9079581248249156e-09	1.9079581248249156e-09	3.4878480772019704e-09
-0.023852873310184652	-0.023852880985941738	7.675757085490176e-09	7.675757085490176e-09	3.217959105250769e-07
3.7117704852918063	3.711770573318063	-8.802625650616847e-08	8.802625650616847e-08	2.3715436300541667e-08
6.34682024034462	6.346820377984841	-1.3764022099849171e-07	1.3764022099849171e-07	2.1686484851667725e-08
-0.6015672691157637	-0.6015672170178732	-5.2097890557156745e-08	5.2097890557156745e-08	8.660359901850177e-08
-1.5592888143228893	-1.5592888121318538	-2.191035575194178e-09	2.191035575194178e-09	1.4051505757421984e-09
1.5940649884223939	1.594064997334499	-8.91210505393758e-09	8.91210505393758e-09	5.59080408808029e-09
0.9650898900601893	0.965089893725235	-3.665045711365167e-09	3.665045711365167e-09	3.797621080805842e-09
1.7714431220029272	1.7714430941850878	2.7817839365340546e-08	2.7817839365340546e-08	1.5703490007563775e-08
0.5475645744252761	0.5475645730257384	1.399537707946763e-09	1.399537707946763e-09	2.5559317993055306e-09
4.29621852319537	4.296218603485613	-8.029024289868403e-08	8.029024289868403e-08	1.8688584499413937e-08
-0.49659910932116275	-0.49659909564070404	-1.3680458710307875e-08	1.3680458710307875e-08	2.754829489929751e-08
-0.5691255523579261	-0.5691255682904739	1.5932547836605693e-08	1.5932547836605693e-08	2.799478563314555e-08
0.44504749791405906	0.44504749439511215	3.5189469116403416e-09	3.5189469116403416e-09	7.906901910770586e-09
-5.149649737297805	-5.149649832674186	9.537638057111053e-08	9.537638057111053e-08	1.8520945197557792e-08
0.2869419246447987	0.28694192678813124	-2.1433325669839576e-09	2.1433325669839576e-09	7.469569215572658e-09
0.2515525645637645	0.2515525511626038	1.3401160736670192e-08	1.3401160736670192e-08	5.327379889730051e-08
-0.3042615904027601	-0.3042615890080924	-1.3946676591380935e-09	1.3946676591380935e-09	4.583778245857227e-09
7.948045387412709	7.9480455542579875	-1.6684527892607548e-07	1.6684527892607548e-07	2.099198869577516e-08
1.3916236916398614	1.391623745803372	-5.416351056553026e-08	5.416351056553026e-08	3.8921089724841536e-08
0.9422451862669015	0.9422451921636821	-5.896780619352171e-09	5.896780619352171e-09	6.2582231305577e-09
-0.08918808580179428	-0.08918808362068376	-2.181110528298724e-09	2.181110528298724e-09	2.4455178162987827e-08
-0.11956762957181244	-0.11956763046327978	8.914673443882748e-10	8.914673443882748e-10	7.455758281574517e-09
0.6402761587187642	0.6402761528079282	5.9108360428439255e-09	5.9108360428439255e-09	9.231697857799215e-09
0.7454804958041383	0.7454804790540948	1.675004357437615e-08	1.675004357437615e-08	2.24687884775686e-08
-2.4530769509174903	-2.4530769951525144	4.4235024088123964e-08	4.4235024088123964e-08	1.803246493004606e-08
-0.6573785829522094	-0.6573785731234238	-9.828785563215092e-09	9.828785563215092e-09	1.495148430159556e-08
-7.194577070876079	-7.194577210611897	1.3973581758364162e-07	1.3973581758364162e-07	1.9422381080508194e-08
-1.1718536372143045	-1.1718536325133755	-4.70092897941754e-09	4.70092897941754e-09	4.011532524311183e-09
-0.9543643777728777	-0.9543643955112202	1.7738342461548484e-08	1.7738342461548484e-08	1.8586551294949844e-08
-0.05836400821794065	-0.05836401214764919	3.929708544680999e-09	3.929708544680999e-09	6.733102582685602e-08
0.4696123773215935	0.4696123687608633	8.560730180295906e-09	8.560730180295906e-09	1.8229353811161295e-08
4.0999946125777775	4.099994721400435	-1.0882265755185472e-07	1.0882265755185472e-07	2.6542146474537676e-08
-7.44547875643718	-7.445478877343703	1.2090652301566251e-07	1.2090652301566251e-07	1.62389185398091e-08
-0.3008069867679978	-0.30080697797529865	-8.792699124349213e-09	8.792699124349213e-09	2.9230368678672757e-08
0.9601685584631501	0.9601685587767861	-3.136360060551624e-10	3.136360060551624e-10	3.266468197596155e-10
-0.9630393245314788	-0.9630393287807237	4.249244955900622e-09	4.249244955900622e-09	4.412327563018146e-09
1.4489496803658855	1.4489496788883116	1.4775738410577333e-09	1.4775738410577333e-09	1.0197551102565686e-09
-0.2787148940391777	-0.27871490601683035	1.1977652647487957e-08	1.1977652647487957e-08	4.2974569725736695e-08
0.548855902524184	0.5488558872457361	1.5278447951239116e-08	1.5278447951239116e-08	2.7836901964566023e-08
-1.3126763667756414	-1.3126763860782376	1.930259618809771e-08	1.930259618809771e-08	1.4704764004787519e-08
0.634979757247375	0.6349797467919416	1.0455433407940973e-08	1.0455433407940973e-08	1.6465774363052258e-08
8.533354138885041	8.533354302926455	-1.640414133419199e-07	1.640414133419199e-07	1.9223556256081196e-08
-0.6208493339308436	-0.6208493368831114	2.952267763589589e-09	2.952267763589589e-09	4.755208071010739e-09
-3.012334327124789	-3.0123343822197057	5.509491662891719e-08	5.509491662891719e-08	1.8289774854275272e-08
0.018593961208141798	0.018593959794088732	1.4140530656125971e-09	1.4140530656125971e-09	7.604904892419702e-08
-0.9995205226215738	-0.9995205164159415	-6.205632230305014e-09	6.205632230305014e-09	6.2086091179285515e-09
-0.09158947396211534	-0.09158954526355956	7.130144422107243e-08	7.130144422107243e-08	7.784895047062422e-07
-3.2850748526401565	-3.2850749221324804	6.94923238953038e-08	6.94923238953038e-08	2.115395447974467e-08
-0.7117993277909433	-0.7117993027350167	-2.5055926666794903e-08	2.5055926666794903e-08	3.520082934688282e-08
0.2843938928282685	0.2843938955265912	-2.6983227319199443e-09	2.6983227319199443e-09	9.48797706267669e-09
0.4460853402338735	0.4460853415366728	-1.3027993128744697e-09	1.3027993128744697e-09	2.9205158640529153e-09
2.0014206192670674	2.0014206256746547	-6.407587349599453e-09	6.407587349599453e-09	3.2015196045826445e-09
-0.5048447844465248	-0.5048447746958118	-9.750713014788914e-09	9.750713014788914e-09	1.931427899265888e-08
-1.0186615826924688	-1.0186615691054612	-1.3587007519078043e-08	1.3587007519078043e-08	1.3338097509445317e-08
2.436467286618048	2.4364673299714923	-4.3353444389993e-08	4.3353444389993e-08	1.7793567197928602e-08
-0.11110919782765538	-0.11110918876511278	-9.06254260524264e-09	9.06254260524264e-09	8.156428794760814e-08
1.8977964109207779	1.8977964555233484	-4.460257052585348e-08	4.460257052585348e-08	2.3502294697782197e-08
0.4976846090606751	0.49768459575716406	1.3303511015028135e-08	1.3303511015028135e-08	2.673080656469777e-08
5.371348113263678	5.37134821570362	-1.0243994186254213e-07	1.0243994186254213e-07	1.9071551443404535e-08
-1.6201887223869267	-1.6201887274291948	5.042268158561569e-09	5.042268158561569e-09	3.11214865829525e-09
-0.43742085411684634	-0.43742087200371316	1.788686682102636e-08	1.788686682102636e-08	4.089166452097942e-08
-0.15133143281418446	-0.1513314236945007	-9.119683758163077e-09	9.119683758163077e-09	6.026298428933053e-08
2.9035514742929074	2.903551526287629	-5.1994721417258916e-08	5.1994721417258916e-08	1.7907284192342767e-08
-2.8164725838245266	-2.816472629092459	4.5267932513581854e-08	4.5267932513581854e-08	1.6072562812634202e-08
2.249295033809496	2.24929503929161	-5.4821138739669095e-09	5.4821138739669095e-09	2.4372586928635066e-09
1.2927039980058306	1.2927040052090888	-7.203258212129526e-09	7.203258212129526e-09	5.5722409950317465e-09
0.9088363881253103	0.908836391317891	-3.1925806442956173e-09	3.1925806442956173e-09	3.51282220431454e-09
0.051423680079254894	0.0514236717208405	8.35841439117413e-09	8.35841439117413e-09	1.6254018339978828e-07
-0.5692629381482303	-0.5692629292752827	-8.872947598881353e-09	8.872947598881353e-09	1.5586729794397627e-08
-2.356447160274361	-2.3564472030557226	4.278136156443679e-08	4.278136156443679e-08	1.8155026892033413e-08
0.08190522859473445	0.08190522748918738	1.1055470705567672e-09	1.1055470705567672e-09	1.3497881509213453e-08
-4.768790351882416	-4.768790445268678	9.338626227872737e-08	9.338626227872737e-08	1.9582798862580405e-08
-1.0955953490963577	-1.095595357583079	8.486721325695612e-09	8.486721325695612e-09	7.746218832249902e-09
-1.4941289229942176	-1.494128946433193	2.3438975427225728e-08	2.3438975427225728e-08	1.568738484779097e-08
-0.56468392604555	-0.5646839235851076	-2.460442405372021e-09	2.460442405372021e-09	4.3572028384132724e-09
-0.6804462207785816	-0.6804462191212224	-1.65735924984034e-09	1.65735924984034e-09	2.4356946944961393e-09
-3.368168188539098	-3.3681682134556468	2.491654882419425e-08	2.491654882419425e-08	7.397655767006547e-09
6.564844796100329	6.56484494356846	-1.4746813103982959e-07	1.4746813103982959e-07	2.2463308062885066e-08
1.8387200109943926	1.838720013438433	-2.444040303473116e-09	2.444040303473116e-09	1.3292074317238557e-09
-1.627972319457978	-1.6279723286061198	9.148141799641962e-09	9.148141799641962e-09	5.619347264262928e-09
-0.25326970955355094	-0.25326971353933914	3.985788199489804e-09	3.985788199489804e-09	1.5737326846213544e-08
-0.39482757304698407	-0.3948275752918562	2.2448721215262424e-09	2.2448721215262424e-09	5.685702506038262e-09
0.6658360330019768	0.6658360234723659	9.529610878189487e-09	9.529610878189487e-09	1.4312248670629087e-08
-0.35951690776222534	-0.35951690733782016	-4.244051776680635e-10	4.244051776680635e-10	1.1804873943473988e-09
-1.0825873820281648	-1.082587400560442	1.8532277046290346e-08	1.8532277046290346e-08	1.7118504569646098e-08
0.6986119176452482	0.6986119115026668	6.142581443491224e-09	6.142581443491224e-09	8.792551756339201e-09
-3.1940328628893293	-3.1940329199642292	5.707489991735315e-08	5.707489991735315e-08	1.786922751499904e-08
-0.297215136086109	-0.29721513328695437	-2.799154630306333e-09	2.799154630306333e-09	9.417941048249183e-09
-3.1466317233732073	-3.1466317841477576	6.077455028119516e-08	6.077455028119516e-08	1.9314160544992057e-08
0.9534168198337829	0.9534168157188105	4.114972362856406e-09	4.114972362856406e-09	4.316026607936079e-09
0.044201837371559576	0.04420184268383309	-5.3122735169108815e-09	5.3122735169108815e-09	1.2018218772799057e-07
1.0754344280568917	1.0754344975794083	-6.952251663250308e-08	6.952251663250308e-08	6.464598381708611e-08
1.3277471381290336	1.3277471407491248	-2.6200912550677913e-09	2.6200912550677913e-09	1.9733360214655306e-09
-5.260512138070126	-5.260512234599446	9.652931964865274e-08	9.652931964865274e-08	1.8349795060840887e-08
-0.4003875219426656	-0.400387521040102	-9.025635794301934e-10	9.025635794301934e-10	2.2542250444044508e-09
1.1666836605653845	1.1666836644508294	-3.885444854745401e-09	3.885444854745401e-09	3.330332793777606e-09
1.2477257783335436	1.2477257814680343	-3.13449066702276e-09	3.13449066702276e-09	2.5121631062308983e-09
0.6398390861625306	0.6398390723916236	1.37709069703007e-08	1.37709069703007e-08	2.1522453485754454e-08
0.17467765436189184	0.1746776615618728	-7.199980972538711e-09	7.199980972538711e-09	4.121867218128548e-08
-0.504746272029173	-0.5047462855145568	1.3485383809630491e-08	1.3485383809630491e-08	2.6717153859139493e-08
0.4533020823330589	0.45330206376092974	1.857212916789308e-08	1.857212916789308e-08	4.097075634928896e-08
3.86187457298752	3.8618746475549415	-7.456742157074814e-08	7.456742157074814e-08	1.9308607817644188e-08
0.24689811412762003	0.2468980983394431	1.5788176932485243e-08	1.5788176932485243e-08	6.394612201988889e-08
-0.20210603101975694	-0.20210603452142095	3.5016640143048505e-09	3.5016640143048505e-09	1.7325875910959552e-08
-0.5495004660840196	-0.5495004734257236	7.3417040225010055e-09	7.3417040225010055e-09	1.3360687525565166e-08
-0.40214751849938934	-0.40214752061729087	2.1179015208261376e-09	2.1179015208261376e-09	5.266479148569839e-09
4.004997993207601	4.004998090749723	-9.754212193513467e-08	9.754212193513467e-08	2.4355098829154027e-08
1.0979777434555578	1.0979777971442672	-5.3688709478194596e-08	5.3688709478194596e-08	4.889781218080558e-08
1.793160304394608	1.793160367924429	-6.352982095947368e-08	6.352982095947368e-08	3.542896906861994e-08
-0.4145653463455127	-0.4145653474552091	1.1096964458445768e-09	1.1096964458445768e-09	2.676770877322e-09
1.2478616742366453	1.2478616736188997	6.177456324252262e-10	6.177456324252262e-10	4.950433571117727e-10
0.9010937697330876	0.9010937674247543	2.308333302281085e-09	2.308333302281085e-09	2.561701545184176e-09
0.6573305149355786	0.6573305154233822	-4.878035753108634e-10	4.878035753108634e-10	7.420978704429543e-10
0.32840161632833115	0.3284016111138044	5.2145267548375784e-09	5.2145267548375784e-09	1.587850514604097e-08
3.9490023852104863	3.949002461922646	-7.671215973559242e-08	7.671215973559242e-08	1.9425706103113325e-08
1.0654011230497555	1.0654011293809162	-6.331160706807282e-09	6.331160706807282e-09	5.94251364095062e-09
-0.21953698425706325	-0.21953698706056457	2.8035013199811942e-09	2.8035013199811942e-09	1.2770063911866804e-08
0.0816450699033394	0.08164506652974524	3.3735941679102766e-09	3.3735941679102766e-09	4.132024348689169e-08
-6.744758775485254	-6.744758902641479	1.2715622510484081e-07	1.2715622510484081e-07	1.885259789675614e-08
1.1061143351093736	1.1061143186452682	1.6464105412339336e-08	1.6464105412339336e-08	1.4884632528256087e-08
-0.2073110973364704	-0.20731109998450847	2.648038066599412e-09	2.648038066599412e-09	1.2773257681915545e-08
3.5829653264803465	3.582965355235501	-2.8755154701798347e-08	2.8755154701798347e-08	8.025518552825458e-09
4.275102722638717	4.275102819519816	-9.688109869898653e-08	9.688109869898653e-08	2.266170077878005e-08
4.091474564286386	4.0914746659836965	-1.0169731012865668e-07	1.0169731012865668e-07	2.485590672281112e-08
-4.8654438155592254	-4.865443816015613	4.5638781642765025e-10	4.5638781642765025e-10	9.380188811720845e-11
-1.5631012173219698	-1.5631012229277985	5.60582869013615e-09	5.60582869013615e-09	3.5863504090544466e-09
-0.9503730952880552	-0.9503731052973308	1.0009275519529126e-08	1.0009275519529126e-08	1.0531943264340143e-08
0.8510685183526825	0.8510685256624129	-7.309730376547918e-09	7.309730376547918e-09	8.588885875718375e-09
1.717824951240086	1.717824943625601	7.61448504249529e-09	7.61448504249529e-09	4.432631530353803e-09
-1.4649725600692078	-1.4649725881099585	2.80407506103586e-08	2.80407506103586e-08	1.9140802616148596e-08
1.3782262871213922	1.3782263067696476	-1.964825546707516e-08	1.964825546707516e-08	1.425618974958977e-08
-7.47337594004865	-7.473376076632121	1.365834707556246e-07	1.365834707556246e-07	1.827600696810864e-08
1.6104229552097624	1.6104229507618584	4.447904045079554e-09	4.447904045079554e-09	2.76194774216951e-09
-1.7489898910512605	-1.7489899164502276	2.5398967151701868e-08	2.5398967151701868e-08	1.4522077732785169e-08
1.296946985991349	1.2969469889867469	-2.995397929694832e-09	2.995397929694832e-09	2.3095762294441327e-09
0.31878597091892263	0.3187859647368896	6.182033052137825e-09	6.182033052137825e-09	1.9392425062864865e-08
3.435395829376625	3.435395992710255	-1.6333363017650981e-07	1.6333363017650981e-07	4.7544340823790245e-08
-3.3650514714575186	-3.3650515661065583	9.464903971689864e-08	9.464903971689864e-08	2.812707042365177e-08
-7.425816066863675	-7.4258162021578755	1.3529420073155052e-07	1.3529420073155052e-07	1.8219438713985356e-08
-3.4311062612155325	-3.4311062654523994	4.236866857354471e-09	4.236866857354471e-09	1.2348398839310453e-09
2.3797322321798826	2.3797322319296654	2.5021718030870943e-10	2.5021718030870943e-10	1.0514509864813885e-10
0.4470679767814305	0.4470679778023623	-1.0209317835574439e-09	1.0209317835574439e-09	2.2836164444329518e-09
0.886754317375865	0.8867543147061951	2.669669818544662e-09	2.669669818544662e-09	3.010608199173932e-09
-0.889534315520506	-0.8895343216863694	6.165863375429126e-09	6.165863375429126e-09	6.9315632548938886e-09
4.550053620062041	4.550053699858836	-7.979679494951597e-08	7.979679494951597e-08	1.7537550458235683e-08
1.2502680175028258	1.2502680056059035	1.189692233616313e-08	1.189692233616313e-08	9.515497613003798e-09
1.413377620312016	1.4133776448943536	-2.458233749891292e-08	2.458233749891292e-08	1.7392618324808442e-08
-1.0155811471005192	-1.015581142382871	-4.71764827203458e-09	4.71764827203458e-09	4.645269642414543e-09
-3.930716489164567	-3.930716557078995	6.791442785925028e-08	6.791442785925028e-08	1.7277874923430254e-08
-0.213646311498288	-0.21364630356401904	-7.934268964060465e-09	7.934268964060465e-09	3.713740203805973e-08
-0.7556175192578716	-0.7556175114586949	-7.799176637846017e-09	7.799176637846017e-09	1.0321593185803798e-08
3.6267223273054348	3.626722391345538	-6.404010344240874e-08	6.404010344240874e-08	1.7657845752417708e-08
0.9814171171278093	0.9814171653488302	-4.8221020843008944e-08	4.8221020843008944e-08	4.913407357733007e-08
-1.7714289416836941	-1.7714289742798428	3.259614866912841e-08	3.259614866912841e-08	1.840104782196156e-08
2.5131284175087347	2.5131284246526775	-7.143942770682088e-09	7.143942770682088e-09	2.842649313465597e-09
-0.5353886678646769	-0.5353886763259652	8.461288336647499e-09	8.461288336647499e-09	1.5804010888751474e-08
1.1199044039427344	1.119904413826589	-9.883854623637944e-09	9.883854623637944e-09	8.825623498613682e-09
-0.5566836963496805	-0.5566836853176937	-1.1031986768550439e-08	1.1031986768550439e-08	1.9817334046048124e-08
0.15186327882748332	0.15186325981630944	1.901117388514173e-08	1.901117388514173e-08	1.2518611498398124e-07
10.085910575953598	10.085910762427375	-1.864737768642044e-07	1.864737768642044e-07	1.8488541561015554e-08
0.4433325102995353	0.4433325011632405	9.136294776279641e-09	9.136294776279641e-09	2.0608221964382334e-08
-3.742215758882414	-3.7422158357003354	7.681792135727505e-08	7.681792135727505e-08	2.052738973559776e-08
-0.4876493773641654	-0.48764938128442736	3.920261948398007e-09	3.920261948398007e-09	8.039099669495621e-09
-7.1226913567703365	-7.12269149516942	1.3839908330481876e-07	1.3839908330481876e-07	1.943072869123638e-08
-0.007949205244965838	-0.007949201972223818	-3.2727420200967527e-09	3.2727420200967527e-09	4.117068209012909e-07
-0.37532195026716714	-0.3753219516511308	1.383963665890775e-09	1.383963665890775e-09	3.6874040138223245e-09
0.9490059729828586	0.9490059801464668	-7.163608151117273e-09	7.163608151117273e-09	7.548538528794556e-09
-0.3915303740508958	-0.39153037050709827	-3.5437975332008875e-09	3.5437975332008875e-09	9.051143329023617e-09
9.11118962891855	9.111189838222344	-2.0930379385220022e-07	2.0930379385220022e-07	2.2972169648173973e-08
1.2345853212657922	1.2345853247097693	-3.4439771035010835e-09	3.4439771035010835e-09	2.789582092204087e-09
0.6000006752252471	0.6000006760586984	-8.334513079688577e-10	8.334513079688577e-10	1.389083950040507e-09
0.6532769519627531	0.6532769430123153	8.950437835331115e-09	8.950437835331115e-09	1.370083210258645e-08
-0.6789552569647697	-0.678955248076818	-8.88795170794765e-09	8.88795170794765e-09	1.309062948813553e-08
-0.32123455263974654	-0.32123455639521126	3.755464716981294e-09	3.755464716981294e-09	1.1690724693594583e-08
-11.74444789630251	-11.74444812022557	2.2392305965013293e-07	2.2392305965013293e-07	1.9066290865884837e-08
-0.5028781140168573	-0.5028781242799596	1.0263102256935497e-08	1.0263102256935497e-08	2.0408727226079797e-08
3.3107049897201333	3.310705042167683	-5.244754985866962e-08	5.244754985866962e-08	1.5841807114050113e-08
0.31475497425484233	0.3147549887216883	-1.4466845943417184e-08	1.4466845943417184e-08	4.5962247229503856e-08
-0.9666673939814246	-0.9666674077379867	1.3756562000644124e-08	1.3756562000644124e-08	1.4230915500299236e-08
0.259154177978476	0.25915417609212454	1.886351463920022e-09	1.886351463920022e-09	7.2788773024399876e-09
-0.062233219165983	-0.06223323453014018	1.5364157182617966e-08	1.5364157182617966e-08	2.4688032193288974e-07
3.0571369991651176	3.0571370416510035	-4.2485885920484634e-08	4.2485885920484634e-08	1.3897279033320139e-08
-2.850669813774791	-2.850669852705323	3.8930532131331574e-08	3.8930532131331574e-08	1.3656626222796622e-08
-1.491510214119122	-1.4915102337909047	1.96717826472792e-08	1.96717826472792e-08	1.3189170587676631e-08
0.5892171048508743	0.5892171020605019	2.7903723776034894e-09	2.7903723776034894e-09	4.735728740104564e-09
1.8903060025858631	1.8903060072261724	-4.640309247960772e-09	4.640309247960772e-09	2.454792632310861e-09
1.489627134800956	1.4896271386533044	-3.8523484402475106e-09	3.8523484402475106e-09	2.586115914679724e-09
2.236074728867255	2.236074733446003	-4.578748047379122e-09	4.578748047379122e-09	2.0476721946133764e-09
-0.634830835948224	-0.6348308443193673	8.37114333407385e-09	8.37114333407385e-09	1.31864157505364e-08
-0.07735007207405478	-0.07735007784503978	5.770984995434603e-09	5.770984995434603e-09	7.460865698883222e-08
-0.8264180473720453	-0.8264180360129103	-1.1359134965971407e-08	1.1359134965971407e-08	1.3745022875641093e-08
4.218531715480476	4.218531803417136	-8.793665973172438e-08	8.793665973172438e-08	2.084532383839354e-08
-0.7426326167911617	-0.7426326192216948	2.4305331081109216e-09	2.4305331081109216e-09	3.2728607027967643e-09
-0.5721094109895247	-0.5721094112232095	2.3368473822671376e-10	2.3368473822671376e-10	4.0846162244129297e-10
-0.5894621404826921	-0.5894621426705271	2.1878350242587885e-09	2.1878350242587885e-09	3.7115785289742935e-09
-0.47347330544590605	-0.47347329655167414	-8.894231906531047e-09	8.894231906531047e-09	1.8785075746043737e-08
