      Step          Pe(mixed)          E_total                Temp                  Pe                  Ke   Speed(ns/day)
         0   -31397.0051536663   -31397.0051536663        0.0000000000   -31397.0051536663        0.0000000000      0.00000000
         1   -31397.1369590494   -31397.0055584497        0.9412585911   -31397.1369590494        0.1314005997      0.15494938
         2   -31397.5267570651   -31397.0065291923        3.7265351572   -31397.5267570651        0.5202278728      0.15560440
         3   -31398.1586829965   -31397.0078116544        8.2440075632   -31398.1586829965        1.1508713420      0.15615556
         4   -31399.0085937942   -31397.0096550817       14.3189470988   -31399.0085937942        1.9989387125      0.15834409
         5   -31400.0451417323   -31397.0117184263       21.7292444112   -31400.0451417323        3.0334233060      0.14364596
         6   -31401.2336211155   -31397.0143383095       30.2238817610   -31401.2336211155        4.2192828060      0.15613773
         7   -31402.5367744390   -31397.0166429042       39.5422185434   -31402.5367744390        5.5201315347      0.15677165
         8   -31403.9196121815   -31397.0188059755       49.4323704793   -31403.9196121815        6.9008062059      0.15535658
         9   -31405.3503511504   -31397.0207107272       59.6675024731   -31405.3503511504        8.3296404232      0.15273935
        10   -31406.8022184021   -31397.0218693962       70.0593265555   -31406.8022184021        9.7803490059      0.15588720
        11   -31408.2557781845   -31397.0223168660       80.4683692152   -31408.2557781845       11.2334613185      0.15840500
        12   -31409.6999534750   -31397.0226893671       90.8107252033   -31409.6999534750       12.6772641079      0.15535258
        13   -31411.1305512551   -31397.0223247143      101.0611021908   -31411.1305512551       14.1082265409      0.16023411
        14   -31412.5524057080   -31397.0215126035      111.2520535870   -31412.5524057080       15.5308931045      0.16045404
        15   -31413.9772080305   -31397.0199562109      121.4694528796   -31413.9772080305       16.9572518197      0.16011942
        16   -31415.4242581990   -31397.0186444344      131.8444673506   -31415.4242581990       18.4056137646      0.15588855
        17   -31416.9161099831   -31397.0170430312      142.5424827778   -31416.9161099831       19.8990669519      1.11351493
        18   -31418.4790334169   -31397.0154366956      153.7496392867   -31418.4790334169       21.4635967213      1.14143303
        19   -31420.1401956868   -31397.0142052961      165.6578217937   -31420.1401956868       23.1259903907      1.15616343
        20   -31421.9245427140   -31397.0128831357      178.4490607013   -31421.9245427140       24.9116595783      1.16218869
        21   -31423.8545579741   -31397.0120324744      192.2803836981   -31423.8545579741       26.8425254997      1.15814022
        22   -31425.9464294993   -31397.0113185633      207.2701480044   -31425.9464294993       28.9351109360      1.15789969
        23   -31428.2105221295   -31397.0115470487      223.4868287482   -31428.2105221295       31.1989750808      1.15083955
        24   -31430.6474015763   -31397.0117918516      240.9411120374   -31430.6474015763       33.6356097247      1.14643425
        25   -31433.2507151150   -31397.0128307092      259.5819204134   -31433.2507151150       36.2378844058      1.14734167
        26   -31436.0046674441   -31397.0145735432      279.2967530490   -31436.0046674441       38.9900939009      1.14121736
        27   -31438.8851771622   -31397.0165617428      299.9163934052   -31438.8851771622       41.8686154194      1.14968946
        28   -31441.8617192347   -31397.0185824674      321.2237069107   -31441.8617192347       44.8431367673      1.13674263
        29   -31444.8992512271   -31397.0208759357      342.9659542277   -31444.8992512271       47.8783752914      1.15721565
        30   -31447.9597866849   -31397.0236218514      364.8697406811   -31447.9597866849       50.9361648335      1.16090423
        31   -31451.0040214900   -31397.0262568399      386.6575556839   -31451.0040214900       53.9777646501      1.15217508
        32   -31453.9947973985   -31397.0285691161      408.0647416025   -31453.9947973985       56.9662282824      0.15747709
        33   -31456.8988434435   -31397.0301773821      428.8557007021   -31456.8988434435       59.8686660614      0.15577798
        34   -31459.6894079425   -31397.0311627691      448.8382221688   -31459.6894079425       62.6582451734      0.15705804
        35   -31462.3481540295   -31397.0323684924      467.8749138109   -31462.3481540295       65.3157855371      0.15955437
        36   -31464.8633369958   -31397.0324981974      485.8909311968   -31464.8633369958       67.8308387983      0.15630070
        37   -31467.2341112819   -31397.0319418751      502.8774237413   -31467.2341112819       70.2021694068      0.15572008
        38   -31469.4686612415   -31397.0310672806      518.8903838849   -31469.4686612415       72.4375939609      0.15637692
        39   -31471.5832283778   -31397.0300528393      534.0448758686   -31471.5832283778       74.5531755386      0.15517132
        40   -31473.6001518628   -31397.0283396987      548.5049245294   -31473.6001518628       76.5718121641      0.15590598
        41   -31475.5476903921   -31397.0263901589      562.4696430851   -31475.5476903921       78.5213002331      0.15671979
        42   -31477.4563557120   -31397.0243604874      576.1564761702   -31477.4563557120       80.4319952246      0.15633374
        43   -31479.3567650114   -31397.0225326460      589.7827233471   -31479.3567650114       82.3342323654      0.15806403
        44   -31481.2769600608   -31397.0212565749      603.5467488041   -31481.2769600608       84.2557034859      0.15909346
        45   -31483.2390026580   -31397.0199978092      617.6104157784   -31483.2390026580       86.2190048488      0.15827942
        46   -31485.2592565932   -31397.0196915493      632.0842434964   -31485.2592565932       88.2395650439      0.11280925
        47   -31487.3441237965   -31397.0199824491      647.0166361838   -31487.3441237965       90.3241413474      0.15605536
        48   -31489.4907773047   -31397.0207510819      662.3881990135   -31489.4907773047       92.4700262228      0.15776332
        49   -31491.6872968321   -31397.0222598783      678.1116638409   -31491.6872968321       94.6650369538      0.15820169
        50   -31493.9123114461   -31397.0240168113      694.0374693302   -31493.9123114461       96.8882946347      0.15418825
        51   -31496.1376545802   -31397.0259344965      709.9644765877   -31496.1376545802       99.1117200837      0.15940839
        52   -31498.3307096454   -31397.0286037481      725.6548118620   -31498.3307096454      101.3021058973      0.15414004
        53   -31500.4543729322   -31397.0307962839      740.8514896119   -31500.4543729322      103.4235766484      0.15463004
        54   -31502.4729008753   -31397.0326809574      755.2972593160   -31502.4729008753      105.4402199179      0.15686768
        55   -31504.3532322061   -31397.0345659161      768.7530866818   -31504.3532322061      107.3186662900      0.15848674
        56   -31506.0665400649   -31397.0361167067      781.0148727748   -31506.0665400649      109.0304233582      0.15302605
        57   -31507.5905869892   -31397.0367777845      791.9273040612   -31507.5905869892      110.5538092046      0.15722737
        58   -31508.9123454187   -31397.0369797594      801.3939759728   -31508.9123454187      111.8753656593      0.15823934
        59   -31510.0276842580   -31397.0370056387      809.3832690783   -31510.0276842580      112.9906786194      0.15945643
        60   -31510.9405508281   -31397.0359776527      815.9297468264   -31510.9405508281      113.9045731754      0.15873249
        61   -31511.6658068660   -31397.0351227133      821.1310792169   -31511.6658068660      114.6306841527      0.15942416
        62   -31512.2231793468   -31397.0327398526      825.1407604907   -31512.2231793468      115.1904394942      1.06769944
        63   -31512.6423366137   -31397.0308089279      828.1571308789   -31512.6423366137      115.6115276858      1.14388304
        64   -31512.9547090830   -31397.0287558597      830.4094473759   -31512.9547090830      115.9259532233      1.14531104
        65   -31513.1950043980   -31397.0271898101      832.1419667685   -31513.1950043980      116.1678145879      1.11455947
        66   -31513.3956933836   -31397.0247397896      833.5971072708   -31513.3956933836      116.3709535940      1.13956657
        67   -31513.5899563952   -31397.0233167457      834.9988602406   -31513.5899563952      116.5666396495      1.14242258
        68   -31513.8035360490   -31397.0220767875      836.5376721314   -31513.8035360490      116.7814592615      1.15140631
        69   -31514.0568341373   -31397.0212747754      838.3578609513   -31514.0568341373      117.0355593619      1.11751531
        70   -31514.3621946043   -31397.0208191964      840.5485052948   -31514.3621946043      117.3413754079      1.10586938
        71   -31514.7246161957   -31397.0216777321      843.1384807825   -31514.7246161957      117.7029384635      1.12823121
        72   -31515.1384452475   -31397.0226398671      846.0959599215   -31515.1384452475      118.1158053804      1.13868929
        73   -31515.5910930930   -31397.0234840997      849.3323533098   -31515.5910930930      118.5676089934      1.13230285
        74   -31516.0642006835   -31397.0250238209      852.7103234952   -31516.0642006835      119.0391768626      1.13775977
        75   -31516.5327799803   -31397.0266527430      856.0552172983   -31516.5327799803      119.5061272373      1.12969081
        76   -31516.9694414569   -31397.0286256508      859.1690109247   -31516.9694414569      119.9408158062      1.10403322
        77   -31517.3452071265   -31397.0307194312      861.8457253133   -31517.3452071265      120.3144876954      0.15586206
        78   -31517.6314341468   -31397.0319572321      863.8871813773   -31517.6314341468      120.5994769147      0.15580979
        79   -31517.8044195542   -31397.0331243355      865.1179630861   -31517.8044195542      120.7712952187      0.15526872
        80   -31517.8444667622   -31397.0339984246      865.3985708981   -31517.8444667622      120.8104683377      0.15886436
        81   -31517.7385036113   -31397.0345068396      864.6358858239   -31517.7385036113      120.7039967717      0.15990534
        82   -31517.4806595812   -31397.0343039352      862.7903316674   -31517.4806595812      120.4463556460      0.16005789
        83   -31517.0739536318   -31397.0339592766      859.8794541154   -31517.0739536318      120.0399943552      0.15774821
        84   -31516.5280458409   -31397.0327009638      855.9779802909   -31516.5280458409      119.4953448771      0.15708834
        85   -31515.8617771025   -31397.0313729639      851.2148271239   -31515.8617771025      118.8304041386      0.15846734
        86   -31515.0995902410   -31397.0295978602      845.7677888200   -31515.0995902410      118.0699923807      0.15492851
        87   -31514.2722256202   -31397.0274433727      839.8565819536   -31514.2722256202      117.2447822475      0.15360397
        88   -31513.4152604492   -31397.0251430336      833.7343829893   -31513.4152604492      116.3901174156      0.15465776
        89   -31512.5671100444   -31397.0226178371      827.6769373326   -31512.5671100444      115.5444922074      0.15578300
        90   -31511.7674909528   -31397.0200918696      821.9671403260   -31511.7674909528      114.7473990833      0.15880727
        91   -31511.4133528690   -31397.3771138605      816.8729053573   -31511.0547105827      114.0362390085      0.15996957
reaction occured at step 91 between IDs 1 and 13
        92   -31511.1275586176   -31397.3768764093      814.8273835559   -31511.1275586176      113.7506822083      0.08187077
        93   -31510.8702192948   -31397.3784074413      812.9730240938   -31510.8702192948      113.4918118535      0.15808161
        94   -31510.6303800044   -31397.3782386153      811.2561987207   -31510.6303800044      113.2521413891      0.15758084
        95   -31510.4027200267   -31397.3794950522      809.6164075606   -31510.4027200267      113.0232249745      0.15069418
        96   -31510.1754625401   -31397.3790523192      807.9916711750   -31510.1754625401      112.7964102209      0.15470694
        97   -31509.9435923861   -31397.3800171307      806.3238103586   -31509.9435923861      112.5635752554      0.15518859
        98   -31509.6978852037   -31397.3800727305      804.5633440392   -31509.6978852037      112.3178124732      0.15410989
        99   -31509.4344948968   -31397.3804703655      802.6737585501   -31509.4344948968      112.0540245313      0.15721850
       100   -31509.1501237597   -31397.3807288777      800.6348781856   -31509.1501237597      111.7693948820      0.15046862
       101   -31508.8442602795   -31397.3805579379      798.4451185458   -31508.8442602795      111.4637023416      0.15253652
       102   -31508.5194208146   -31397.3799670727      796.1224367559   -31508.5194208146      111.1394537419      0.15182905
       103   -31508.1813891671   -31397.3795696739      793.7038698859   -31508.1813891671      110.8018194932      0.05846488
       104   -31507.8370679171   -31397.3786943684      791.2436722423   -31507.8370679171      110.4583735487      0.15286209
       105   -31507.4969293247   -31397.3782799733      788.8101344959   -31507.4969293247      110.1186493514      0.15600934
       106   -31507.1712020740   -31397.3776635329      786.4812764553   -31507.1712020740      109.7935385411      1.07517539
       107   -31506.8714715111   -31397.3768972104      784.3397134760   -31506.8714715111      109.4945743006      1.10369698
       108   -31506.6089724809   -31397.3758241722      782.4670472827   -31506.6089724809      109.2331483086      1.11242112
       109   -31506.3949326442   -31397.3752140915      780.9381913128   -31506.3949326442      109.0197185527      1.11155103
       110   -31506.2380251441   -31397.3749592232      779.8160454787   -31506.2380251441      108.8630659209      1.10635892
       111   -31506.1447591649   -31397.3751030607      779.1469253025   -31506.1447591649      108.7696561042      1.09719747
       112   -31506.1179351999   -31397.3747770236      778.9571133661   -31506.1179351999      108.7431581763      1.09292880
       113   -31506.1591551961   -31397.3749989668      779.2507936820   -31506.1591551961      108.7841562293      1.10319299
       114   -31506.2655219970   -31397.3754409925      780.0095619436   -31506.2655219970      108.8900810045      1.11380583
       115   -31506.4315198905   -31397.3761525502      781.1935533709   -31506.4315198905      109.0553673403      1.09519135
       116   -31506.6487521358   -31397.3769264324      782.7441040858   -31506.6487521358      109.2718257034      1.08808847
       117   -31506.9065467508   -31397.3773420491      784.5877805517   -31506.9065467508      109.5292047017      1.10472317
       118   -31507.1940628422   -31397.3781602839      786.6414760536   -31507.1940628422      109.8159025583      1.08020706
       119   -31507.4987510467   -31397.3789775099      788.8181873447   -31507.4987510467      110.1197735368      1.07382137
       120   -31507.8083785971   -31397.3794085982      791.0330465378   -31507.8083785971      110.4289699989      1.06776235
       121   -31508.1129698819   -31397.3802115575      793.2091657627   -31508.1129698819      110.7327583244      0.82503384
       122   -31508.4029236363   -31397.3806754535      795.2828611406   -31508.4029236363      111.0222481828      1.12053885
       123   -31508.6722902581   -31397.3813092864      797.2078679274   -31508.6722902581      111.2909809717      1.10689962
       124   -31508.9166512449   -31397.3813187165      798.9582252506   -31508.9166512449      111.5353325284      1.10981492
       125   -31509.1359703931   -31397.3812696091      800.5296203249   -31509.1359703931      111.7547007840      0.15205170
       126   -31509.3322752198   -31397.3808112855      801.9390888207   -31509.3322752198      111.9514639343      0.15211808
       127   -31509.5111120809   -31397.3804012274      803.2230837413   -31509.5111120809      112.1307108535      0.15741861
       128   -31509.6794813227   -31397.3797165100      804.4340636896   -31509.6794813227      112.2997648127      0.15718407
       129   -31509.8464295690   -31397.3788939711      805.6358519100   -31509.8464295690      112.4675355979      0.15625184
       130   -31510.0224426598   -31397.3786956296      806.8981028040   -31510.0224426598      112.6437470302      0.15648597
       131   -31510.2163640400   -31397.3782634729      808.2903105770   -31510.2163640400      112.8381005671      0.15314536
       132   -31510.4373134487   -31397.3778752398      809.8758129060   -31510.4373134487      113.0594382089      0.15606007
       133   -31510.6928089212   -31397.3778413991      811.7062395693   -31510.6928089212      113.3149675221      0.15619123
       134   -31510.9865321556   -31397.3769217648      813.8168473752   -31510.9865321556      113.6096103908      0.15642923
       135   -31511.3226952809   -31397.3771706299      816.2230934962   -31511.3226952809      113.9455246511      0.15584128
       136   -31511.6994334155   -31397.3775986968      818.9187058809   -31511.6994334155      114.3218347186      0.15677097
       137   -31512.1126495028   -31397.3780568880      821.8754040750   -31512.1126495028      114.7345926149      0.15643531
       138   -31512.5555719821   -31397.3785978706      825.0443042560   -31512.5555719821      115.1769741115      0.15356622
       139   -31513.0186738545   -31397.3789804533      828.3588896350   -31513.0186738545      115.6396934012      0.15282535
       140   -31513.4916422893   -31397.3800370850      831.7393235134   -31513.4916422893      116.1116052043      0.15496230
       141   -31513.9613164050   -31397.3808671518      835.0977822254   -31513.9613164050      116.5804492532      0.15002820
       142   -31514.4151704244   -31397.3814893141      838.3444065183   -31514.4151704244      117.0336811102      0.15087079
       143   -31514.8416240524   -31397.3822978005      841.3934195914   -31514.8416240524      117.4593262519      1.03583783
       144   -31515.2296767120   -31397.3828820979      844.1689619057   -31515.2296767120      117.8467946141      1.09595314
       145   -31515.5710491180   -31397.3834546793      846.6102046665   -31515.5710491180      118.1875944388      1.08851335
       146   -31515.8593547880   -31397.3834626604      848.6753602060   -31515.8593547880      118.4758921276      1.09821161
       147   -31516.0924661797   -31397.3835871498      850.3443093875   -31516.0924661797      118.7088790299      1.09558867
       148   -31516.2704728559   -31397.3835550604      851.6196499729   -31516.2704728559      118.8869177956      1.10884710
       149   -31516.3963411863   -31397.3828824915      852.5260971945   -31516.3963411863      119.0134586948      0.71147122
       150   -31516.4772905571   -31397.3825568516      853.1082924222   -31516.4772905571      119.0947337055      0.74643734
       151   -31516.5212722557   -31397.3820207258      853.4271858269   -31516.5212722557      119.1392515299      0.91787915
       152   -31516.5383871968   -31397.3812566218      853.5552583379   -31516.5383871968      119.1571305749      1.09799532
       153   -31516.5400910222   -31397.3807700225      853.5709489525   -31516.5400910222      119.1593209997      1.05998557
       154   -31516.5370485927   -31397.3802757781      853.5526956019   -31516.5370485927      119.1567728145      1.08895493
       155   -31516.5391307250   -31397.3795196503      853.5730268396   -31516.5391307250      119.1596110748      1.10305867
       156   -31516.5552761721   -31397.3788961021      853.6931477591   -31516.5552761721      119.1763800700      1.07859952
       157   -31516.5917266206   -31397.3783137225      853.9584240790   -31516.5917266206      119.2134128981      1.09373696
       158   -31516.6526088073   -31397.3782401523      854.3950669103   -31516.6526088073      119.2743686550      1.10749161
       159   -31516.7388003225   -31397.3788260243      855.0082836481   -31516.7388003225      119.3599742982      1.10651094
       160   -31516.8466504907   -31397.3786590690      855.7820399761   -31516.8466504907      119.4679914218      1.08848066
       161   -31516.9728430548   -31397.3794377207      856.6804142811   -31516.9728430548      119.5934053341      1.10319299
       162   -31517.1089166023   -31397.3800926072      857.6504553488   -31517.1089166023      119.7288239951      1.10171728
       163   -31517.2457943040   -31397.3807379906      858.6263248674   -31517.2457943040      119.8650563134      1.09610231
       164   -31517.3736706244   -31397.3818437387      859.5344172999   -31517.3736706244      119.9918268857      1.10104781
       165   -31517.4811097460   -31397.3825384259      860.2990570054   -31517.4811097460      120.0985713200      1.09419930
       166   -31517.5579718898   -31397.3827182975      860.8483531861   -31517.5579718898      120.1752535923      1.10696724
       167   -31517.5965239910   -31397.3833764693      861.1197978120   -31517.5965239910      120.2131475218      1.08311276
       168   -31517.5890229667   -31397.3835007110      861.0651759367   -31517.5890229667      120.2055222557      1.10156658
       169   -31517.5319223146   -31397.3837400713      860.6544336773   -31517.5319223146      120.1481822434      1.11173858
       170   -31517.4232344838   -31397.3834097520      859.8782390569   -31517.4232344838      120.0398247319      0.15134050
       171   -31517.2656963269   -31397.3835087303      858.7490409547   -31517.2656963269      119.8821875966      0.15188219
       172   -31517.0629055130   -31397.3829271964      857.3005603357   -31517.0629055130      119.6799783166      0.15678522
       173   -31516.8227575228   -31397.3821672552      855.5857579816   -31516.8227575228      119.4405902676      0.15240917
       174   -31516.5554241236   -31397.3817989329      853.6734138020   -31516.5554241236      119.1736251907      0.14386008
       175   -31516.2710168488   -31397.3807583464      851.6435803732   -31516.2710168488      118.8902585023      0.15239764
       176   -31515.9829255759   -31397.3804359321      849.5822129908   -31515.9829255759      118.6024896439      0.14891907
       177   -31515.7020649957   -31397.3797326433      847.5753693535   -31515.7020649957      118.3223323523      0.15166956
       178   -31515.4399236879   -31397.3789195526      845.7034035483   -31515.4399236879      118.0610041352      0.15080926
       179   -31515.2070251655   -31397.3788541115      844.0355562286   -31515.2070251655      117.8281710539      0.13967918
       180   -31515.0099258330   -31397.3786211323      842.6253484619   -31515.0099258330      117.6313047007      0.14605288
       181   -31514.8531504934   -31397.3779522880      841.5071147546   -31514.8531504934      117.4751982055      0.15317902
       182   -31514.7403572742   -31397.3786775964      840.6939503581   -31514.7403572742      117.3616796778      0.14785819
       183   -31514.6679797661   -31397.3784355271      840.1772243946   -31514.6679797661      117.2895442390      0.13638832
       184   -31514.6336270904   -31397.3789192194      839.9276819214   -31514.6336270904      117.2547078711      0.14742091
       185   -31514.6301878890   -31397.3796154772      839.8980584904   -31514.6301878890      117.2505724117      0.09353502
       186   -31514.6485071987   -31397.3799337473      840.0270048820   -31514.6485071987      117.2685734514      0.15055363
       187   -31514.6799583360   -31397.3810917501      840.2440029261   -31514.6799583360      117.2988665859      0.15298858
       188   -31514.7126728522   -31397.3815741566      840.4748903815   -31514.7126728522      117.3310986955      0.15314892
       189   -31514.7374430967   -31397.3822360916      840.6475848260   -31514.7374430967      117.3552070052      0.15284984
       190   -31514.7449406706   -31397.3827549324      840.6975754079   -31514.7449406706      117.3621857382      0.15424403
       191   -31514.7273397080   -31397.3825753471      840.5727812966   -31514.7273397080      117.3447643609      0.15437051
       192   -31514.6811096383   -31397.3831576894      840.2374511299   -31514.6811096383      117.2979519489      0.15516367
       193   -31514.6025319197   -31397.3831243502      839.6748161640   -31514.6025319197      117.2194075694      0.15232429
       194   -31514.4924449216   -31397.3828311236      838.8883332195   -31514.4924449216      117.1096137980      0.15043551
       195   -31514.3541522839   -31397.3823096947      837.9014402055   -31514.3541522839      116.9718425892      0.14903054
       196   -31514.1939975353   -31397.3820836176      836.7558271994   -31514.1939975353      116.8119139177      0.98940089
       197   -31514.0190725388   -31397.3813028761      835.5083840644   -31514.0190725388      116.6377696627      1.06523572
       198   -31513.8398868601   -31397.3809968596      834.2270199062   -31513.8398868601      116.4588900005      1.07530300
       199   -31513.6661623432   -31397.3805685456      832.9856516014   -31513.6661623432      116.2855937976      1.09324202
       200   -31513.5078246433   -31397.3795471737      831.8587515296   -31513.5078246433      116.1282774696      0.92351648
       201   -31513.3758236271   -31397.3791778583      830.9158374977   -31513.3758236271      115.9966457688      0.86672853
       202   -31513.2774794300   -31397.3784883443      830.2163101777   -31513.2774794300      115.8989910857      0.84298793
       203   -31513.2200426291   -31397.3784651123      829.8050410123   -31513.2200426291      115.8415775168      1.06203583
       204   -31513.2067959583   -31397.3786198157      829.7090432879   -31513.2067959583      115.8281761427      1.10344493
       205   -31513.2384018227   -31397.3786173399      829.9354625111   -31513.2384018227      115.8597844828      1.07355097
       206   -31513.3133852469   -31397.3788345065      830.4710337522   -31513.3133852469      115.9345507404      1.08710924
       207   -31513.4274123665   -31397.3795034540      831.2830494780   -31513.4274123665      116.0479089125      1.09006863
       208   -31513.5732647343   -31397.3803540640      832.3217369005   -31513.5732647343      116.1929106703      1.04653199
       209   -31513.7417801386   -31397.3810560429      833.5238305646   -31513.7417801386      116.3607240957      1.07808611
       210   -31513.9223439001   -31397.3810841549      834.8170570144   -31513.9223439001      116.5412597452      1.07680474
       211   -31514.1057648815   -31397.3818866636      836.1252032990   -31514.1057648815      116.7238782179      0.15401819
       212   -31514.2803527797   -31397.3822298734      837.3733658665   -31514.2803527797      116.8981229063      0.15230637
       213   -31514.4377401796   -31397.3833161099      838.4929940353   -31514.4377401796      117.0544240697      0.14796596
       214   -31514.5682490684   -31397.3835210034      839.4263973476   -31514.5682490684      117.1847280650      0.15195925
       215   -31514.6669553713   -31397.3839474752      840.1304027749   -31514.6669553713      117.2830078961      0.12894048
       216   -31514.7298148246   -31397.3841908436      840.5789389914   -31514.7298148246      117.3456239810      0.15114546
       217   -31514.7549838412   -31397.3834678523      840.7644105560   -31514.7549838412      117.3715159889      0.15130954
       218   -31514.7459771410   -31397.3837604863      840.6977968704   -31514.7459771410      117.3622166546      0.15340890
       219   -31514.7047679181   -31397.3830752041      840.4075127521   -31514.7047679181      117.3216927140      0.15459574
       220   -31514.6387301587   -31397.3827005063      839.9371502047   -31514.6387301587      117.2560296525      0.15172830
       221   -31514.5556064929   -31397.3826271419      839.3422380819   -31514.5556064929      117.1729793510      0.15157028
       222   -31514.4630091719   -31397.3816115316      838.6862131307   -31514.4630091719      117.0813976403      0.15387628
       223   -31514.3721885516   -31397.3815825328      838.0358478059   -31514.3721885516      116.9906060188      0.15189460
       224   -31514.2901478570   -31397.3804382958      837.4563642580   -31514.2901478570      116.9097095612      0.15020263
       225   -31514.2273351840   -31397.3804199819      837.0065510145   -31514.2273351840      116.8469152021      0.15048736
       226   -31514.1885841690   -31397.3796873356      836.7342149962   -31514.1885841690      116.8088968334      0.15083186
       227   -31514.1801219857   -31397.3798665953      836.6723139663   -31514.1801219857      116.8002553904      0.15325643
       228   -31514.2031761298   -31397.3800467432      836.8361666847   -31514.2031761298      116.8231293867      0.15368019
       229   -31514.2569348963   -31397.3799404965      837.2220165706   -31514.2569348963      116.8769943998      0.15173910
       230   -31514.3393624539   -31397.3806870643      837.8071199374   -31514.3393624539      116.9586753896      0.14935207
       231   -31514.4442019574   -31397.3816311956      838.5513510284   -31514.4442019574      117.0625707618      0.14272268
       232   -31514.5625255430   -31397.3814630203      839.4001400607   -31514.5625255430      117.1810625227      0.14656561
       233   -31514.6879988455   -31397.3829280999      840.2884450260   -31514.6879988455      117.3050707456      0.15005584
       234   -31514.8078294446   -31397.3831286242      841.1453881143   -31514.8078294446      117.4247008204      0.15293886
       235   -31514.9137792200   -31397.3838457250      841.8991986689   -31514.9137792200      117.5299334950      0.14909737
       236   -31514.9958340221   -31397.3845233431      842.4821257925   -31514.9958340221      117.6113106790      0.14954375
       237   -31515.0454142102   -31397.3848377591      842.8350300508   -31515.0454142102      117.6605764511      0.15022006
       238   -31515.0561403107   -31397.3849038569      842.9113905789   -31515.0561403107      117.6712364538      0.14931330
       239   -31515.0240877100   -31397.3850821892      842.6805115517   -31515.0240877100      117.6390055208      0.14912682
       240   -31514.9469596296   -31397.3848451831      842.1297196649   -31514.9469596296      117.5621144465      0.15337124
       241   -31514.8264604499   -31397.3850061057      841.2653982077   -31514.8264604499      117.4414543443      0.10403131
       242   -31514.6649234013   -31397.3843770284      840.1127702081   -31514.6649234013      117.2805463729      0.14156882
       243   -31514.4695169711   -31397.3841824566      838.7144140417   -31514.4695169711      117.0853345144      0.14967531
       244   -31514.2475501038   -31397.3837404326      837.1275707382   -31514.2475501038      116.8638096713      0.15230220
       245   -31514.0084443278   -31397.3829593807      835.4203852721   -31514.0084443278      116.6254849471      1.00654908
       246   -31513.7632340271   -31397.3824749953      833.6673463151   -31513.7632340271      116.3807590318      1.07678874
       247   -31513.5221094593   -31397.3819025362      831.9442054818   -31513.5221094593      116.1402069231      1.02805068
       248   -31513.2951737729   -31397.3813253522      830.3227373491   -31513.2951737729      115.9138484207      1.06924308
       249   -31513.0912081177   -31397.3807583275      828.8657370864   -31513.0912081177      115.7104497902      1.05484832
       250   -31512.9169991326   -31397.3800902899      827.6226156076   -31512.9169991326      115.5369088426      0.88316201
       251   -31512.7783035993   -31397.3805311050      826.6259437242   -31512.7783035993      115.3977724943      1.05221430
       252   -31512.6752785733   -31397.3803527364      825.8892248658   -31512.6752785733      115.2949258369      1.08442542
       253   -31512.6086906910   -31397.3812111398      825.4060885937   -31512.6086906910      115.2274795511      1.05012566
       254   -31512.5731876674   -31397.3813210244      825.1509835498   -31512.5731876674      115.1918666430      1.07153526
       255   -31512.5634696538   -31397.3813269205      825.0813285134   -31512.5634696538      115.1821427333      1.07859952
       256   -31512.5727380787   -31397.3822691185      825.1409715644   -31512.5727380787      115.1904689602      1.07964388
       257   -31512.5910165710   -31397.3832758136      825.2646941924   -31512.5910165710      115.2077407575      1.04369876
       258   -31512.6078920001   -31397.3835775355      825.3834162092   -31512.6078920001      115.2243144646      1.07946700
       259   -31512.6148137773   -31397.3840351748      825.4297206047   -31512.6148137773      115.2307786025      1.09494317
       260   -31512.6030165836   -31397.3843053365      825.3432788234   -31512.6030165836      115.2187112471      0.15212894
       261   -31512.5659060806   -31397.3845389301      825.0757728010   -31512.5659060806      115.1813671505      0.14904371
       262   -31512.4994279390   -31397.3851821879      824.5949637785   -31512.4994279390      115.1142457510      0.14871526
       263   -31512.4000657798   -31397.3845673667      823.8876094715   -31512.4000657798      115.0154984131      0.14953079
       264   -31512.2709552911   -31397.3848120113      822.9610031183   -31512.2709552911      114.8861432798      0.14853940
       265   -31512.1139201348   -31397.3838497281      821.8430102555   -31512.1139201348      114.7300704067      0.15149234
       266   -31511.9375881634   -31397.3837506149      820.5806058820   -31511.9375881634      114.5538375485      0.15106292
       267   -31511.7492374871   -31397.3829713467      819.2369803603   -31511.7492374871      114.3662661404      0.15060776
       268   -31511.5597584379   -31397.3818945777      817.8874030738   -31511.5597584379      114.1778638602      0.15034533
       269   -31511.3813207425   -31397.3812034560      816.6141555402   -31511.3813207425      114.0001172865      0.14961073
       270   -31511.2257687463   -31397.3810704745      815.5008464450   -31511.2257687463      113.8446982718      0.14320178
       271   -31511.1028474544   -31397.3802009364      814.6265562053   -31511.1028474544      113.7226465180      0.15466832
       272   -31511.0234697828   -31397.3798792748      814.0602562892   -31511.0234697828      113.6435905080      0.15458749
       273   -31510.9948394285   -31397.3797770158      813.8559017056   -31510.9948394285      113.6150624127      0.15150786
       274   -31511.0214019731   -31397.3794388698      814.0485987419   -31511.0214019731      113.6419631033      0.15098928
       275   -31511.1057598228   -31397.3795438254      814.6521253666   -31511.1057598228      113.7262159974      0.15025587
       276   -31511.2465111003   -31397.3798709157      815.6580223933   -31511.2465111003      113.8666401846      0.15035219
       277   -31511.4391120017   -31397.3800612074      817.0363124459   -31511.4391120017      114.0590507944      0.14987153
       278   -31511.6770656622   -31397.3804873901      818.7377870163   -31511.6770656622      114.2965782720      0.15224558
       279   -31511.9517953686   -31397.3816121430      820.6976944571   -31511.9517953686      114.5701832256      0.14693971
       280   -31512.2515789501   -31397.3822540110      822.8405287241   -31512.2515789501      114.8693249391      0.14820165
       281   -31512.5655552086   -31397.3828196426      825.0855751367   -31512.5655552086      115.1827355659      0.15133418
       282   -31512.8825239650   -31397.3832839842      827.3527832026   -31512.8825239650      115.4992399808      0.14012151
       283   -31513.1921808226   -31397.3836195642      829.5685364840   -31513.1921808226      115.8085612584      0.15114641
       284   -31513.4860599694   -31397.3840070936      831.6708975601   -31513.4860599694      116.1020528758      0.14998598
       285   -31513.7581593847   -31397.3848539559      833.6139541094   -31513.7581593847      116.3733054288      1.04011901
       286   -31514.0030404468   -31397.3844563607      835.3709525084   -31514.0030404468      116.6185840860      1.08009438
       287   -31514.2213934386   -31397.3843279570      836.9359947615   -31514.2213934386      116.8370654817      1.08065804
       288   -31514.4151277503   -31397.3842688376      838.3241903422   -31514.4151277503      117.0308589127      1.06919576
       289   -31514.5883560676   -31397.3835484802      839.5702324825   -31514.5883560676      117.2048075874      1.09787889
       290   -31514.7494849153   -31397.3833971300      840.7255268432   -31514.7494849153      117.3660877853      1.10270624
       291   -31514.9060572877   -31397.3824241519      841.8540674654   -31514.9060572877      117.5236331358      1.03607475
       292   -31515.0691800687   -31397.3817549969      843.0273540961   -31515.0691800687      117.6874250718      1.08657142
       293   -31515.2487760386   -31397.3810747060      844.3187224732   -31515.2487760386      117.8677013325      1.07949915
       294   -31515.4548464545   -31397.3807065285      845.7974988262   -31515.4548464545      118.0741399260      1.09352243
       295   -31515.6953802868   -31397.3803008389      847.5234148067   -31515.6953802868      118.3150794479      1.08115777
       296   -31515.9771100655   -31397.3802774158      849.5416903877   -31515.9771100655      118.5968326497      1.07779754
       297   -31516.3036476412   -31397.3805047489      851.8791402919   -31516.3036476412      118.9231428923      1.08479874
       298   -31516.6750457300   -31397.3802188574      854.5416147427   -31516.6750457300      119.2948268726      1.06082335
       299   -31517.0901994479   -31397.3805676049      857.5129766910   -31517.0901994479      119.7096318430      1.07274060
       300   -31517.5437792262   -31397.3814638802      860.7556729739   -31517.5437792262      120.1623153460      0.91087701
       301   -31518.0263855144   -31397.3814406365      864.2128808876   -31518.0263855144      120.6449448779      1.07988517
       302   -31518.5297564333   -31397.3823605405      867.8120755283   -31518.5297564333      121.1473958928      1.07445813
       303   -31519.0411280643   -31397.3831163469      871.4697569442   -31519.0411280643      121.6580117174      1.06601911
       304   -31519.5482743631   -31397.3838984149      875.0969830257   -31519.5482743631      122.1643759482      1.05317756
       305   -31520.0388711670   -31397.3847299265      878.6053063513   -31520.0388711670      122.6541412405      1.08052915
       306   -31520.5012268370   -31397.3853717144      881.9126897199   -31520.5012268370      123.1158551226      1.08303183
       307   -31520.9257012103   -31397.3859804373      884.9489558089   -31520.9257012103      123.5397207731      1.08500985
       308   -31521.3042340539   -31397.3859964285      887.6603759989   -31521.3042340539      123.9182376254      1.08306420
       309   -31521.6330684561   -31397.3863946062      890.0130548960   -31521.6330684561      124.2466738500      1.07835880
       310   -31521.9096911526   -31397.3863549254      891.9948635024   -31521.9096911526      124.5233362272      1.06954288
       311   -31522.1355940795   -31397.3859769084      893.6157760617   -31522.1355940795      124.7496171711      1.04831817
       312   -31522.3158736502   -31397.3860603028      894.9065707718   -31522.3158736502      124.9298133474      1.08772922
       313   -31522.4559878823   -31397.3852577249      895.9159965913   -31522.4559878823      125.0707301574      1.07332839
       314   -31522.5661821612   -31397.3850832146      896.7065985468   -31522.5661821612      125.1810989467      0.14884873
       315   -31522.6545787821   -31397.3837277835      897.3495171491   -31522.6545787821      125.2708509986      0.15298050
       316   -31522.7330303565   -31397.3827272569      897.9186543735   -31522.7330303565      125.3503030995      0.15285306
       317   -31522.8118848899   -31397.3825699303      898.4846380310   -31522.8118848899      125.4293149595      0.14723882
       318   -31522.8987356347   -31397.3822532632      899.1090421475   -31522.8987356347      125.5164823715      0.15209669
       319   -31523.0005751744   -31397.3821454853      899.8393187880   -31523.0005751744      125.6184296891      0.15226573
       320   -31523.1213787378   -31397.3821241973      900.7048203884   -31523.1213787378      125.7392545405      0.15172226
       321   -31523.2621422563   -31397.3819738655      901.7142250068   -31523.2621422563      125.8801683908      0.15452026
       322   -31523.4215092595   -31397.3821493254      902.8545577609   -31523.4215092595      126.0393599341      0.12196725
       323   -31523.5951986762   -31397.3831058001      904.0918912735   -31523.5951986762      126.2120928761      0.15419907
       324   -31523.7746804468   -31397.3836499462      905.3736706316   -31523.7746804468      126.3910305006      0.15459112
       325   -31523.9507293611   -31397.3839714649      906.6324542373   -31523.9507293611      126.5667578961      0.15349272
       326   -31524.1130942988   -31397.3846277056      907.7908180556   -31524.1130942988      126.7284665933      0.14726694
       327   -31524.2503189887   -31397.3855734800      908.7670213624   -31524.2503189887      126.8647455087      0.15035219
       328   -31524.3507955695   -31397.3863796364      909.4809879913   -31524.3507955695      126.9644159331      0.76008152
       329   -31524.4039603775   -31397.3866101413      909.8601709450   -31524.4039603775      127.0173502362      1.00165252
       330   -31524.4023705499   -31397.3871609103      909.8448372635   -31524.4023705499      127.0152096396      1.03634141
       331   -31524.3393044890   -31397.3872552705      909.3924018176   -31524.3393044890      126.9520492185      1.03056497
       332   -31524.2122281419   -31397.3874820564      908.4804945065   -31524.2122281419      126.8247460855      1.02880952
       333   -31524.0202219495   -31397.3870002853      907.1085524658   -31524.0202219495      126.6332216643      1.02800694
       334   -31523.7673993361   -31397.3869540882      905.2978455586   -31523.7673993361      126.3804452479      0.99536597
       335   -31523.4585446265   -31397.3863254219      903.0899377418   -31523.4585446265      126.0722192046      1.04290280
       336   -31523.1022845529   -31397.3855180606      900.5437323222   -31523.1022845529      125.7167664923      1.05265748
       337   -31522.7089923558   -31397.3848402563      897.7313275767   -31522.7089923558      125.3241520995      1.07229621
       338   -31522.2895471945   -31397.3839658568      894.7329902303   -31522.2895471945      124.9055813377      1.06387537
       339   -31521.8560036811   -31397.3833769289      891.6316176033   -31521.8560036811      124.4726267522      1.07302647
       340   -31521.4190882888   -31397.3826498733      888.5070807281   -31521.4190882888      124.0364384155      1.03331252
       341   -31520.9889314743   -31397.3819352737      885.4308681763   -31520.9889314743      123.6069962006      1.05817490
       342   -31520.5743245030   -31397.3818679606      882.4614067321   -31520.5743245030      123.1924565424      1.06130490
       343   -31520.1801488715   -31397.3815113907      879.6403726135   -31520.1801488715      122.7986374808      1.05819035
       344   -31519.8102400558   -31397.3815601307      876.9902650158   -31519.8102400558      122.4286799251      1.03316522
       345   -31519.4645648363   -31397.3816578281      874.5133986300   -31519.4645648363      122.0829070083      1.05331531
       346   -31519.1409537440   -31397.3820646235      872.1923694939   -31519.1409537440      121.7588891206      1.05314695
       347   -31518.8342062929   -31397.3824971559      869.9919548903   -31518.8342062929      121.4517091370      1.04675871
       348   -31518.5374229957   -31397.3830164603      867.8622946869   -31518.5374229957      121.1544065354      0.84087540
       349   -31518.2423839328   -31397.3838167653      865.7431160287   -31518.2423839328      120.8585671675      0.81725647
       350   -31517.9387284665   -31397.3837131916      863.5686904376   -31517.9387284665      120.5550152749      0.82081986
       351   -31517.6193233202   -31397.3847658165      861.2731633943   -31517.6193233202      120.2345575037      0.99894662
       352   -31517.2738855959   -31397.3851587742      858.7958832203   -31517.2738855959      119.8887268217      1.01351643
       353   -31516.8960016301   -31397.3855271740      856.0863576209   -31516.8960016301      119.5104744561      1.06740067
       354   -31516.4801946422   -31397.3854354161      853.1084752330   -31516.4801946422      119.0947592261      1.05137480
       355   -31516.0241743673   -31397.3851808828      849.8437000282   -31516.0241743673      118.6389934844      1.00771065
       356   -31515.5281667830   -31397.3848492745      846.2930368524   -31515.5281667830      118.1433175085      0.99416448
       357   -31514.9956756879   -31397.3849942051      842.4776186870   -31514.9956756879      117.6106814828      0.15247458
       358   -31514.4315476481   -31397.3848200145      838.4378623490   -31514.4315476481      117.0467276336      0.14852753
       359   -31513.8439776838   -31397.3844951627      834.2312642943   -31513.8439776838      116.4594825211      0.15233165
       360   -31513.2422102286   -31397.3833310506      829.9289775642   -31513.2422102286      115.8588791780      0.14775300
       361   -31512.6385365878   -31397.3823967261      825.6113902708   -31512.6385365878      115.2561398617      0.14954868
       362   -31512.0448208745   -31397.3817565397      821.3630273567   -31512.0448208745      114.6630643349      0.14473457
       363   -31511.4720771590   -31397.3808065518      817.2671118158   -31511.4720771590      114.0912706072      0.14067961
       364   -31510.9321477281   -31397.3807051796      813.4001751419   -31510.9321477281      113.5514425484      0.15236112
       365   -31510.4331186235   -31397.3804781606      809.8271187838   -31510.4331186235      113.0526404628      0.14934038
       366   -31509.9813971106   -31397.3796759399      806.5970600288   -31509.9813971106      112.6017211708      0.15303574
       367   -31509.5825863135   -31397.3796729760      803.7402899682   -31509.5825863135      112.2029133375      0.15311559
       368   -31509.2372702135   -31397.3796897311      801.2665758653   -31509.2372702135      111.8575804824      0.15379726
       369   -31508.9438851455   -31397.3796985373      799.1649149503   -31508.9438851455      111.5641866082      0.15248549
       370   -31508.6986299203   -31397.3801619690      797.4047647125   -31508.6986299203      111.3184679513      0.15242199
       371   -31508.4944955961   -31397.3806973232      795.9386595846   -31508.4944955961      111.1137982729      0.15267661
       372   -31508.3226527348   -31397.3809347604      794.7060011361   -31508.3226527348      110.9417179744      0.15309910
       373   -31508.1745541559   -31397.3819667907      793.6377376169   -31508.1745541559      110.7925873652      0.14942474
       374   -31508.0386462922   -31397.3823285176      792.6616011072   -31508.0386462922      110.6563177746      0.15108182
       375   -31507.9061347524   -31397.3830092614      791.7075081926   -31507.9061347524      110.5231254911      0.14958387
       376   -31507.7677940685   -31397.3835364580      790.7127594175   -31507.7677940685      110.3842576105      0.96382315
       377   -31507.6165366437   -31397.3838990088      789.6266638833   -31507.6165366437      110.2326376350      0.96643207
       378   -31507.4473037172   -31397.3839180786      788.4142653409   -31507.4473037172      110.0633856387      0.94454241
       379   -31507.2583522258   -31397.3841734897      787.0589243226   -31507.2583522258      109.8741787360      0.98321336
       380   -31507.0490377926   -31397.3836122602      785.5635677809   -31507.0490377926      109.6654255323      0.96466982
       381   -31506.8237990937   -31397.3835564723      783.9505207326   -31506.8237990937      109.4402426213      0.98326672
       382   -31506.5868198375   -31397.3825878926      782.2599114259   -31506.5868198375      109.2042319449      0.98768854
       383   -31506.3472262041   -31397.3821531184      780.5467508211   -31506.3472262041      108.9650730856      0.98413455
       384   -31506.1135247676   -31397.3815683347      778.8768722006   -31506.1135247676      108.7319564328      0.98646523
       385   -31505.8962948178   -31397.3813997215      777.3220022213   -31505.8962948178      108.5148950963      0.99291148
       386   -31505.7046526212   -31397.3806902662      775.9542985468   -31505.7046526212      108.3239623550      0.96895151
       387   -31505.5482280863   -31397.3797201480      774.8407358573   -31505.5482280863      108.1685079383      0.98453561
       388   -31505.4360745237   -31397.3796640845      774.0377506779   -31505.4360745237      108.0564104392      0.97905621
       389   -31505.3731735979   -31397.3797507750      773.5865530805   -31505.3731735979      107.9934228229      0.98552627
       390   -31505.3620214346   -31397.3793572597      773.5094859296   -31505.3620214346      107.9826641749      0.97032657
       391   -31505.4041238391   -31397.3798249649      773.8077267168   -31505.4041238391      108.0242988741      0.98378723
       392   -31505.4955044232   -31397.3800695758      774.4605587285   -31505.4955044232      108.1154348475      0.97582665
       393   -31505.6308464110   -31397.3805936782      775.4262962756   -31505.6308464110      108.2502527329      0.99516097
       394   -31505.8016270922   -31397.3812662550      776.6448273544   -31505.8016270922      108.4203608371      0.98663980
       395   -31505.9972826456   -31397.3819312163      778.0415985297   -31505.9972826456      108.6153514293      0.98552627
       396   -31506.2061753668   -31397.3826590450      779.5327408369   -31506.2061753668      108.8235163218      0.97145808
       397   -31506.4161528902   -31397.3834849392      781.0309514092   -31506.4161528902      109.0326679509      0.98689506
       398   -31506.6151638919   -31397.3841619394      782.4516723440   -31506.6151638919      109.2310019525      0.98408110
       399   -31506.7928951831   -31397.3849594623      783.7190975290   -31506.7928951831      109.4079357207      0.98180156
       400   -31506.9397910658   -31397.3849327395      784.7715445117   -31506.9397910658      109.5548583263      0.83976471
       401   -31507.0510938236   -31397.3853599245      785.5657766970   -31507.0510938236      109.6657338991      0.97569529
       402   -31507.1228122346   -31397.3853012576      786.0799356226   -31507.1228122346      109.7375109770      0.98548607
       403   -31507.1552033309   -31397.3848976667      786.3148529751   -31507.1552033309      109.7703056641      0.98374718
       404   -31507.1520661184   -31397.3847210966      786.2936450809   -31507.1520661184      109.7673450218      0.98541908
       405   -31507.1185592001   -31397.3838871212      786.0595998162   -31507.1185592001      109.7346720790      0.98938739
       406   -31507.0641332097   -31397.3834977635      785.6725205725   -31507.0641332097      109.6806354463      0.98863163
       407   -31506.9980322802   -31397.3828296048      785.2038076609   -31506.9980322802      109.6152026754      0.98673383
       408   -31506.9313212208   -31397.3821733132      784.7306392138   -31506.9313212208      109.5491479076      0.98805209
       409   -31506.8752482507   -31397.3820709338      784.3297064984   -31506.8752482507      109.4931773170      0.99049613
       410   -31506.8377438274   -31397.3806840845      784.0709863939   -31506.8377438274      109.4570597429      0.99167519
       411   -31506.8298765952   -31397.3810465477      784.0120348251   -31506.8298765952      109.4488300475      0.98674726
       412   -31506.8545317053   -31397.3804074384      784.1932242664   -31506.8545317053      109.4741242668      0.98524493
       413   -31506.9164951345   -31397.3807960350      784.6343017075   -31506.9164951345      109.5356990995      0.98278673
       414   -31507.0137788209   -31397.3806047641      785.3325416021   -31507.0137788209      109.6331740568      0.98790395
       415   -31507.1443540110   -31397.3813407569      786.2626154389   -31507.1443540110      109.7630132541      0.98837547
       416   -31507.3001589201   -31397.3814095706      787.3781958706   -31507.3001589201      109.9187493495      0.98797128
       417   -31507.4739228900   -31397.3824875044      788.6151933834   -31507.4739228900      110.0914353856      0.99168876
       418   -31507.6533720015   -31397.3830845125      789.8963601299   -31507.6533720015      110.2702874890      0.98712356
       419   -31507.8273291424   -31397.3838568087      791.1369307460   -31507.8273291424      110.4434723337      0.98461586
       420   -31507.9839806112   -31397.3850018936      792.2508656904   -31507.9839806112      110.5989787176      0.98344016
       421   -31508.1104875853   -31397.3849810628      793.1572191138   -31508.1104875853      110.7255065225      0.98953598
       422   -31508.1990330136   -31397.3857267338      793.7861528941   -31508.1990330136      110.8133062798      0.99212316
       423   -31508.2409171902   -31397.3860122457      794.0841355555   -31508.2409171902      110.8549049444      0.98107062
       424   -31508.2321185273   -31397.3864553467      794.0179342623   -31508.2321185273      110.8456631806      0.99041492
       425   -31508.1698118505   -31397.3856913347      793.5770872486   -31508.1698118505      110.7841205158      0.98904985
       426   -31508.0581140160   -31397.3860112578      792.7746732810   -31508.0581140160      110.6721027583      0.97807850
       427   -31507.8997299376   -31397.3851461940      791.6463213085   -31507.8997299376      110.5145837435      0.99032019
       428   -31507.7037616382   -31397.3844508674      790.2475273644   -31507.7037616382      110.3193107709      0.98278673
       429   -31507.4795722663   -31397.3833504743      788.6494797275   -31507.4795722663      110.0962217921      0.98289336
       430   -31507.2390331726   -31397.3823334495      786.9337173517   -31507.2390331726      109.8566997231      0.98544587
       431   -31506.9946303188   -31397.3819138345      785.1859983909   -31506.9946303188      109.6127164843      0.97727402
       432   -31506.7574633897   -31397.3815269872      783.4898776221   -31506.7574633897      109.3759364025      0.99821743
       433   -31506.5380214421   -31397.3811747242      781.9204780279   -31506.5380214421      109.1568467178      0.90853628
       434   -31506.3443583394   -31397.3803772861      780.5389282934   -31506.3443583394      108.9639810533      0.82531569
       435   -31506.1837749611   -31397.3804733453      779.3879373447   -31506.1837749611      108.8033016158      0.99812120
       436   -31506.0584213876   -31397.3806328667      778.4888525680   -31506.0584213876      108.6777885209      0.98840243
       437   -31505.9680236345   -31397.3807536748      777.8404432487   -31505.9680236345      108.5872699597      0.99258512
       438   -31505.9099766552   -31397.3814715939      777.4194941389   -31505.9099766552      108.5285050613      0.99287067
       439   -31505.8770157050   -31397.3815040324      777.1831534323   -31505.8770157050      108.4955116726      0.99408267
       440   -31505.8622528273   -31397.3821428615      777.0728267757   -31505.8622528273      108.4801099658      0.99311555
       441   -31505.8555821462   -31397.3829478655      777.0192763905   -31505.8555821462      108.4726342808      1.00173559
       442   -31505.8465102316   -31397.3837561810      776.9485015882   -31505.8465102316      108.4627540507      0.98676070
       443   -31505.8244008090   -31397.3840642376      776.7879190263   -31505.8244008090      108.4403365714      0.99281627
       444   -31505.7810228619   -31397.3847369426      776.4723721049   -31505.7810228619      108.3962859193      0.98245368
       445   -31505.7083764253   -31397.3850840756      775.9494991144   -31505.7083764253      108.3232923497      1.00076735
       446   -31505.6014722609   -31397.3850338707      775.1840748510   -31505.6014722609      108.2164383903      1.00083645
       447   -31505.4589169005   -31397.3852975082      774.1610231371   -31505.4589169005      108.0736193924      0.99472390
       448   -31505.2803055975   -31397.3845558258      772.8868941842   -31505.2803055975      107.8957497717      0.99677595
       449   -31505.0711980825   -31397.3844542285      771.3897273820   -31505.0711980825      107.6867438539      1.00936666
       450   -31504.8373613486   -31397.3840861080      769.7173275715   -31504.8373613486      107.4532752406      0.85304866
       451   -31504.5877853468   -31397.3834484096      767.9341141214   -31504.5877853468      107.2043369371      0.98481654
       452   -31504.3331634857   -31397.3825284864      766.1167774496   -31504.3331634857      106.9506349993      0.98967110
       453   -31504.0858454157   -31397.3819843880      764.3490677032   -31504.0858454157      106.7038610277      0.92252906
       454   -31503.8572111101   -31397.3813141705      762.7160983191   -31503.8572111101      106.4758969396      0.88514659
       455   -31503.6585790286   -31397.3805678076      761.2985885584   -31503.6585790286      106.2780112210      0.99232691
       456   -31503.5004255346   -31397.3803254853      760.1674274582   -31503.5004255346      106.1201000493      0.99606362
       457   -31503.3897808441   -31397.3797517268      759.3789591354   -31503.3897808441      106.0100291172      0.98959002
       458   -31503.3326519183   -31397.3795275627      758.9713346963   -31503.3326519183      105.9531243556      0.99691306
       459   -31503.3310122703   -31397.3791700701      758.9621502649   -31503.3310122703      105.9518422002      0.97892397
       460   -31503.3856412980   -31397.3799973507      759.3475469587   -31503.3856412980      106.0056439473      0.98600894
       461   -31503.4913557452   -31397.3802726487      760.1028365489   -31503.4913557452      106.1110830966      0.98988737
       462   -31503.6425612576   -31397.3804650986      761.1845845973   -31503.6425612576      106.2620961590      0.98434841
       463   -31503.8318011472   -31397.3813268367      762.5339890437   -31503.8318011472      106.4504743105      1.02197681
       464   -31504.0482408013   -31397.3817568677      764.0813253109   -31504.0482408013      106.6664839336      1.00953537
       465   -31504.2820646324   -31397.3824763618      765.7511157100   -31504.2820646324      106.8995882706      0.99958037
       466   -31504.5223164449   -31397.3830972966      767.4676575127   -31504.5223164449      107.1392191483      0.99713250
       467   -31504.7590197903   -31397.3834735817      769.1605331637   -31504.7590197903      107.3755462086      0.99685821
       468   -31504.9845365244   -31397.3843493247      770.7696982910   -31504.9845365244      107.6001871997      0.98759434
       469   -31505.1906061444   -31397.3837950313      772.2498021414   -31505.1906061444      107.8068111131      0.98758088
       470   -31505.3758122291   -31397.3842197662      773.5734417092   -31505.3758122291      107.9915924630      0.98810597
       471   -31505.5375790437   -31397.3840959285      774.7331089221   -31505.5375790437      108.1534831152      0.98449549
       472   -31505.6783102718   -31397.3840282402      775.7416902372   -31505.6783102718      108.2942820316      0.99117341
       473   -31505.8018674860   -31397.3833679788      776.6314941367   -31505.8018674860      108.4184995072      0.21614450
       474   -31505.9161994627   -31397.3831773670      777.4518508972   -31505.9161994627      108.5330220957      0.94465321
       475   -31506.0287967400   -31397.3821956686      778.2654483002   -31506.0287967400      108.6466010714      0.85688109
       476   -31506.1513471432   -31397.3821466242      779.1436618206   -31506.1513471432      108.7692005190      0.96983318
       477   -31506.2920894265   -31397.3808378497      780.1612125690   -31506.2920894265      108.9112515769      0.97986363
       478   -31506.4633473140   -31397.3804825270      781.3905251352   -31506.4633473140      109.0828647870      0.98373382
       479   -31506.6732314990   -31397.3801731678      782.8961992308   -31506.6732314990      109.2930583311      0.98348020
       480   -31506.9286797615   -31397.3796206552      784.7300031056   -31506.9286797615      109.5490591063      0.99376917
       481   -31507.2352117841   -31397.3794836790      786.9267573850   -31507.2352117841      109.8557281051      0.99511997
       482   -31507.5943135949   -31397.3791622308      789.5014049210   -31507.5943135949      110.2151513640      1.00555757
       483   -31508.0057629044   -31397.3793336424      792.4475014810   -31508.0057629044      110.6264292620      1.00172174
       484   -31508.4655558510   -31397.3798755987      795.7372424792   -31508.4655558510      111.0856802523      0.97666824
       485   -31508.9670148024   -31397.3807589063      799.3230033221   -31508.9670148024      111.5862558961      0.98141602
       486   -31509.5005324916   -31397.3813778455      803.1403034530   -31509.5005324916      112.1191546461      0.96652229
       487   -31510.0561504209   -31397.3825473666      807.1119697063   -31510.0561504209      112.6736030543      0.97365055
       488   -31510.6203145795   -31397.3825529198      811.1531927695   -31510.6203145795      113.2377616598      0.74827918
       489   -31511.1830094196   -31397.3835054452      815.1771072775   -31511.1830094196      113.7995039744      0.93777185
       490   -31511.7311257288   -31397.3839138442      819.1004894920   -31511.7311257288      114.3472118846      0.97476361
       491   -31512.2552052503   -31397.3846738851      822.8491706852   -31512.2552052503      114.8705313652      0.97304925
       492   -31512.7457648770   -31397.3847299314      826.3627825718   -31512.7457648770      115.3610349457      0.96636764
       493   -31513.1982361175   -31397.3854918074      829.5985008322   -31513.1982361175      115.8127443101      0.97513082
       494   -31513.6078298643   -31397.3853520522      832.5335344593   -31513.6078298643      116.2224778121      0.96662541
       495   -31513.9751987931   -31397.3851998722      835.1661891184   -31513.9751987931      116.5899989209      0.96953479
       496   -31514.3027509324   -31397.3847936791      837.5154447428   -31514.3027509324      116.9179572534      0.97531453
       497   -31514.5958485068   -31397.3842239738      839.6190641365   -31514.5958485068      117.2116245331      0.97009280
       498   -31514.8625267857   -31397.3840800282      841.5303850257   -31514.8625267857      117.4784467576      0.95363973
       499   -31515.1104661726   -31397.3830246496      843.3140029286   -31515.1104661726      117.7274415230      0.96975532
       500   -31515.3511812456   -31397.3826983815      845.0406482686   -31515.3511812456      117.9684828642      0.82932927
       501   -31515.5932971108   -31397.3817729903      846.7816195501   -31515.5932971108      118.2115241205      0.96038763
       502   -31515.8474663262   -31397.3816545064      848.6031521920   -31515.8474663262      118.4658118198      0.97217477
       503   -31516.1203393937   -31397.3811910080      850.5611370983   -31516.1203393937      118.7391483857      0.87903813
       504   -31516.4183832412   -31397.3811266977      852.6965677220   -31516.4183832412      119.0372565435      0.97122376
       505   -31516.7441479295   -31397.3808552501      855.0320541241   -31516.7441479295      119.3632926794      0.98014190
       506   -31517.0986749786   -31397.3811280392      857.5696747016   -31517.0986749786      119.7175469395      0.98129643
       507   -31517.4785198234   -31397.3811680092      860.2903213501   -31517.4785198234      120.0973518142      0.97636563
       508   -31517.8793326530   -31397.3821228276      863.1546141241   -31517.8793326530      120.4972098254      0.98080509
       509   -31518.2917560216   -31397.3826241643      866.1053247917   -31518.2917560216      120.9091318573      0.97199224
       510   -31518.7062715537   -31397.3831099659      869.0711334839   -31518.7062715537      121.3231615878      0.97036555
       511   -31519.1119038552   -31397.3838536633      871.9714617763   -31519.1119038552      121.7280501919      0.97534078
       512   -31519.4966119947   -31397.3845800789      874.7220283430   -31519.4966119947      122.1120319158      0.97058646
       513   -31519.8489758809   -31397.3853295741      877.2407388127   -31519.8489758809      122.4636463067      0.98491022
       514   -31520.1584293737   -31397.3858842245      879.4534660751   -31520.1584293737      122.7725451493      0.98454898
       515   -31520.4163444645   -31397.3861180536      881.2993077363   -31520.4163444645      123.0302264109      0.99326526
       516   -31520.6167526608   -31397.3861098968      882.7349451266   -31520.6167526608      123.2306427639      0.97581352
       517   -31520.7572520396   -31397.3866152223      883.7377609873   -31520.7572520396      123.3706368174      0.97071645
       518   -31520.8362533349   -31397.3860827190      884.3074834338   -31520.8362533349      123.4501706159      0.98815986
       519   -31520.8583049094   -31397.3859753764      884.4662138440   -31520.8583049094      123.4723295330      0.97860675
       520   -31520.8285747468   -31397.3854782910      884.2568092822   -31520.8285747468      123.4430964559      0.97892397
       521   -31520.7554357189   -31397.3845263747      883.7397131717   -31520.7554357189      123.3709093442      0.97527515
       522   -31520.6497296405   -31397.3836972341      882.9884508572   -31520.6497296405      123.2660324064      0.97559022
       523   -31520.5227597794   -31397.3829767499      882.0840918897   -31520.5227597794      123.1397830294      0.98702946
       524   -31520.3857026091   -31397.3820327670      881.1090757386   -31520.3857026091      123.0036698421      0.99099723
       525   -31520.2499328643   -31397.3814238845      880.1408813543   -31520.2499328643      122.8685089798      0.99239485
       526   -31520.1245649909   -31397.3809786265      879.2460263438   -31520.1245649909      122.7435863643      0.98142931
       527   -31520.0165558888   -31397.3806211810      878.4748879563   -31520.0165558888      122.6359347078      0.99240844
       528   -31519.9304800553   -31397.3806937818      877.8577830570   -31519.9304800553      122.5497862735      0.99378280
       529   -31519.8669047610   -31397.3806545186      877.4026570129   -31519.8669047610      122.4862502424      0.98540568
       530   -31519.8244528719   -31397.3812065960      877.0946077880   -31519.8244528719      122.4432462759      1.00224812
       531   -31519.7970826538   -31397.3813845035      876.8972729968   -31519.7970826538      122.4156981503      0.92606528
       532   -31519.7783269183   -31397.3823531237      876.7559820186   -31519.7783269183      122.3959737946      0.98173507
       533   -31519.7569968950   -31397.3824608658      876.6024174169   -31519.7569968950      122.3745360293      1.01664408
       534   -31519.7240733883   -31397.3833262713      876.3603781566   -31519.7240733883      122.3407471170      1.01333221
       535   -31519.6674209932   -31397.3836588493      875.9521791411   -31519.6674209932      122.2837621440      1.00455409
       536   -31519.5780765288   -31397.3846388769      875.3051599927   -31519.5780765288      122.1934376519      1.00932449
       537   -31519.4458678594   -31397.3846816800      874.3578063666   -31519.4458678594      122.0611861794      1.01977675
       538   -31519.2661454834   -31397.3854358917      873.0650029922   -31519.2661454834      121.8807095917      1.01750043
       539   -31519.0339104842   -31397.3853555102      871.4020156940   -31519.0339104842      121.6485549740      1.02022175
       540   -31518.7495953550   -31397.3851424478      869.3669145475   -31518.7495953550      121.3644529072      1.00582271
       541   -31518.4158343064   -31397.3844226575      866.9812485291   -31518.4158343064      121.0314116489      1.00730450
       542   -31518.0398851094   -31397.3843237761      864.2889294730   -31518.0398851094      120.6555613332      0.99731087
       543   -31517.6291291097   -31397.3833680554      861.3534175040   -31517.6291291097      120.2457610542      1.01358730
       544   -31517.1955464160   -31397.3825478930      858.2534206146   -31517.1955464160      119.8129985230      1.00727650
       545   -31516.7517449553   -31397.3821183766      855.0774255845   -31516.7517449553      119.3696265787      1.00571106
       546   -31516.3094844520   -31397.3809890591      851.9174817241   -31516.3094844520      118.9284953929      1.00558548
       547   -31515.8820464458   -31397.3800001675      848.8627095719   -31515.8820464458      118.5020462783      1.01204459
       548   -31515.4808138423   -31397.3793791743      845.9930185610   -31515.4808138423      118.1014346680      1.01624494
       549   -31515.1144393780   -31397.3786886455      843.3735240784   -31515.1144393780      117.7357507325      1.01269507
       550   -31514.7903696111   -31397.3789748972      841.0500728178   -31514.7903696111      117.4113947139      0.85334997
       551   -31514.5104093291   -31397.3787545107      839.0462191031   -31514.5104093291      117.1316548184      0.99476486
       552   -31514.2752965804   -31397.3787748045      837.3618965292   -31514.2752965804      116.8965217759      1.01401272
       553   -31514.0820829238   -31397.3793322115      835.9738611726   -31514.0820829238      116.7027507123      1.00140341
       554   -31513.9243029618   -31397.3801343820      834.8378937953   -31513.9243029618      116.5441685798      1.00162484
       555   -31513.7924810505   -31397.3802809735      833.8925671591   -31513.7924810505      116.4122000770      0.99678966
       556   -31513.6772983988   -31397.3807262364      833.0642926439   -31513.6772983988      116.2965721624      0.99999411
       557   -31513.5675764325   -31397.3814327192      832.2732633288   -31513.5675764325      116.1861437133      0.99609100
       558   -31513.4523009788   -31397.3825095141      831.4398002106   -31513.4523009788      116.0697914647      1.01326138
       559   -31513.3204261619   -31397.3831382443      830.4906409046   -31513.3204261619      115.9372879176      0.99525662
       560   -31513.1634318237   -31397.3833302295      829.3646720914   -31513.1634318237      115.7801015942      1.01694364
       561   -31512.9756192492   -31397.3835615653      828.0176619066   -31512.9756192492      115.5920576839      1.01628769
       562   -31512.7534266991   -31397.3836146158      826.4256556196   -31512.7534266991      115.3698120833      0.94101054
       563   -31512.4964468624   -31397.3833440600      824.5867765239   -31512.4964468624      115.1131028024      1.01658704
       564   -31512.2077130362   -31397.3829512034      822.5213109520   -31512.2077130362      114.8247618328      1.00666092
       565   -31511.8924554375   -31397.3819678787      820.2700779973   -31511.8924554375      114.5104875588      1.00039439
       566   -31511.5600348709   -31397.3816352323      817.8912410014   -31511.5600348709      114.1783996385      1.00703857
       567   -31511.2190611278   -31397.3806518606      815.4557965771   -31511.2190611278      113.8384092672      1.00419222
       568   -31510.8819730448   -31397.3805192360      813.0420920684   -31510.8819730448      113.5014538088      1.01078842
       569   -31510.5579127574   -31397.3792556380      810.7298107106   -31510.5579127574      113.1786571193      1.00695463
       570   -31510.2596359950   -31397.3791581166      808.5938708987   -31510.2596359950      112.8804778784      0.99703648
       571   -31509.9943335791   -31397.3784187167      806.6987333411   -31509.9943335791      112.6159148624      1.01131027
       572   -31509.7701404419   -31397.3783117113      805.0935428230   -31509.7701404419      112.3918287306      0.98856420
       573   -31509.5902686382   -31397.3778347421      803.8084883449   -31509.5902686382      112.2124338961      0.74142821
       574   -31509.4574264354   -31397.3784268909      802.8526614297   -31509.4574264354      112.0789995444      0.99944253
       575   -31509.3680682964   -31397.3782881265      802.2135585415   -31509.3680682964      111.9897801699      1.00423396
       576   -31509.3190493039   -31397.3788733566      801.8582298686   -31509.3190493039      111.9401759472      1.00427570
       577   -31509.3022355480   -31397.3791311706      801.7359415244   -31509.3022355480      111.9231043774      1.01092941
       578   -31509.3091649463   -31397.3796151025      801.7821121708   -31509.3091649463      111.9295498438      0.99732460
       579   -31509.3296867619   -31397.3804443344      801.9231755576   -31509.3296867619      111.9492424275      0.99861629
       580   -31509.3532511463   -31397.3818407306      802.0819709459   -31509.3532511463      111.9714104157      0.99548901
       581   -31509.3674812286   -31397.3819324292      802.1832480725   -31509.3674812286      111.9855487994      0.99955279
       582   -31509.3646689238   -31397.3825221596      802.1588783597   -31509.3646689238      111.9821467642      0.99060443
       583   -31509.3360578254   -31397.3827335557      801.9524149138   -31509.3360578254      111.9533242697      0.15199845
       584   -31509.2761518337   -31397.3828168466      801.5226952037   -31509.2761518337      111.8933349870      0.14805150
       585   -31509.1815583429   -31397.3826536891      800.8462647868   -31509.1815583429      111.7989046538      0.15279023
       586   -31509.0519870437   -31397.3825985761      799.9185047676   -31509.0519870437      111.6693884676      0.13945611
       587   -31508.8891406286   -31397.3823982703      798.7534260083   -31508.8891406286      111.5067423583      0.13919070
       588   -31508.6970575306   -31397.3817435274      797.3821721160   -31508.6970575306      111.3153140032      0.14232722
       589   -31508.4830309905   -31397.3815566734      795.8503797042   -31508.4830309905      111.1014743172      0.14816166
       590   -31508.2542034339   -31397.3810857904      794.2145981217   -31508.2542034339      110.8731176435      0.14732202
       591   -31508.0189249629   -31397.3798651508      792.5379775805   -31508.0189249629      110.6390598121      0.14773794
       592   -31507.7876492074   -31397.3792734040      790.8855246585   -31507.7876492074      110.4083758034      0.15236688
       593   -31507.5686589832   -31397.3789398199      789.3192270811   -31507.5686589832      110.1897191633      0.14800403
       594   -31507.3695834836   -31397.3789201200      787.8933357084   -31507.3695834836      109.9906633637      0.15151863
       595   -31507.1952332994   -31397.3781203128      786.6501466844   -31507.1952332994      109.8171129867      0.14905689
       596   -31507.0511788676   -31397.3783531424      785.6165773952   -31507.0511788676      109.6728257252      0.14962927
       597   -31506.9369840639   -31397.3778984320      784.8018258630   -31506.9369840639      109.5590856319      0.15215704
       598   -31506.8530902028   -31397.3785340821      784.1963177538   -31506.8530902028      109.4745561206      0.15113947
       599   -31506.7941605414   -31397.3788358850      783.7720265048   -31506.7941605414      109.4153246564      0.14918852
       600   -31506.7544927038   -31397.3793552593      783.4841544664   -31506.7544927038      109.3751374445      0.13857064
       601   -31506.7259892063   -31397.3801868295      783.2740193185   -31506.7259892063      109.3458023768      0.14366190
       602   -31506.6984840682   -31397.3807576883      783.0729032404   -31506.6984840682      109.3177263799      0.13985762
       603   -31506.6615504990   -31397.3810037018      782.8065756766   -31506.6615504990      109.2805467972      0.14947682
       604   -31506.6055801899   -31397.3817681247      782.4001692066   -31506.6055801899      109.2238120652      0.14790074
       605   -31506.5200202783   -31397.3823537151      781.7830853116   -31506.5200202783      109.1376665632      0.14894723
       606   -31506.3967787266   -31397.3832799524      780.8936373304   -31506.3967787266      109.0134987742      0.15035656
       607   -31506.2277324383   -31397.3832210179      779.6831344950   -31506.2277324383      108.8445114204      0.15300020
       608   -31506.0092135563   -31397.3830372431      778.1191401463   -31506.0092135563      108.6261763132      0.12410586
       609   -31505.7399811585   -31397.3834379599      776.1876840792   -31505.7399811585      108.3565431986      0.15040679
       610   -31505.4195046784   -31397.3831258239      773.8942589348   -31505.4195046784      108.0363788545      1.07255010
       611   -31505.0514656218   -31397.3823445065      771.2634908644   -31505.0514656218      107.6691211153      1.08144814
       612   -31504.6427762267   -31397.3821304210      768.3374700148   -31504.6427762267      107.2606458057      1.05428059
       613   -31504.2002730762   -31397.3814143148      765.1728280589   -31504.2002730762      106.8188587614      1.08130293
       614   -31503.7338540303   -31397.3807184388      761.8367250612   -31503.7338540303      106.3531355916      1.10103108
       615   -31503.2537784816   -31397.3801313477      758.4020175255   -31503.2537784816      105.8736471339      1.09757963
       616   -31502.7701224274   -31397.3795080326      754.9419213276   -31502.7701224274      105.3906143948      1.10341133
       617   -31502.2932267284   -31397.3796769997      751.5245760769   -31502.2932267284      104.9135497287      1.09021620
       618   -31501.8290464980   -31397.3785053019      748.2079187708   -31501.8290464980      104.4505411961      1.06601911
       619   -31501.3859751372   -31397.3783397078      745.0352630991   -31501.3859751372      104.0076354294      1.06700782
       620   -31500.9669954145   -31397.3786238540      742.0319608356   -31500.9669954145      103.5883715604      1.08006219
       621   -31500.5718198716   -31397.3783166200      739.2034106703   -31500.5718198716      103.1935032516      0.89321896
       622   -31500.1996895373   -31397.3787520244      736.5346199418   -31500.1996895373      102.8209375129      1.06262753
       623   -31499.8453577912   -31397.3794601939      733.9913714982   -31499.8453577912      102.4658975973      1.05391265
       624   -31499.5008677870   -31397.3795673735      731.5229272111   -31499.5008677870      102.1213004135      1.05029306
       625   -31499.1586821767   -31397.3803617874      729.0660670823   -31499.1586821767      101.7783203893      1.06370361
       626   -31498.8082868550   -31397.3811929068      726.5501356042   -31498.8082868550      101.4270939482      1.06392222
       627   -31498.4397418397   -31397.3822277267      723.9027337226   -31498.4397418397      101.0575141130      1.07637296
       628   -31498.0420128073   -31397.3819594041      721.0556134771   -31498.0420128073      100.6600534032      1.10223668
       629   -31497.6090577218   -31397.3825071938      717.9503133002   -31497.6090577218      100.2265505280      1.10718708
       630   -31497.1336065538   -31397.3827043446      714.5431137336   -31497.1336065538       99.7509022091      1.09524100
       631   -31496.6126026483   -31397.3829952124      710.8089360750   -31496.6126026483       99.2296074359      1.09312660
       632   -31496.0449020214   -31397.3827795216      706.7438855918   -31496.0449020214       98.6621224998      1.07237554
       633   -31495.4335094243   -31397.3825112402      702.3662342448   -31495.4335094243       98.0509981841      1.08122228
       634   -31494.7837785661   -31397.3819916240      697.7157557821   -31494.7837785661       97.4017869421      1.06664665
       635   -31494.1036240310   -31397.3808992137      692.8514472461   -31494.1036240310       96.7227248172      1.05970660
       636   -31493.4047734551   -31397.3805649314      687.8477831555   -31493.4047734551       96.0242085237      1.06240946
       637   -31492.6977246906   -31397.3796170961      682.7897882360   -31492.6977246906       95.3181075945      1.06955866
       638   -31491.9956871429   -31397.3787257703      677.7672852470   -31491.9956871429       94.6169613727      1.08117389
       639   -31491.3113999367   -31397.3782812381      672.8687323230   -31491.3113999367       93.9331186985      1.07794180
       640   -31490.6554249808   -31397.3775365137      668.1751381857   -31490.6554249808       93.2778884671      1.05517082
       641   -31490.0379686436   -31397.3772046730      663.7545058955   -31490.0379686436       92.6607639706      1.06216034
       642   -31489.4655563379   -31397.3767736021      659.6572471895   -31489.4655563379       92.0887827358      1.04931988
       643   -31488.9428175329   -31397.3767463180      655.9129209784   -31488.9428175329       91.5660712149      1.07224862
       644   -31488.4705411671   -31397.3769329771      652.5285385472   -31488.4705411671       91.0936081900      1.07153526
       645   -31488.0462647788   -31397.3770386385      649.4885733486   -31488.0462647788       90.6692261402      1.07565410
       646   -31487.6660164038   -31397.3781649794      646.7566814971   -31487.6660164038       90.2878514244      1.06839195
       647   -31487.3205350910   -31397.3785717598      644.2789900706   -31487.3205350910       89.9419633311      1.07682073
       648   -31487.0013657525   -31397.3791289713      641.9887009651   -31487.0013657525       89.6222367811      1.07630902
       649   -31486.6982862527   -31397.3799667530      639.8116579932   -31486.6982862527       89.3183194997      0.86151547
       650   -31486.3997984028   -31397.3801145667      637.6724487010   -31486.3997984028       89.0196838361      0.90789895
       651   -31486.0969380733   -31397.3804494652      635.5005779959   -31486.0969380733       88.7164886081      1.07872794
       652   -31485.7815010039   -31397.3811159472      633.2362414248   -31485.7815010039       88.4003850567      1.05843760
       653   -31485.4463675281   -31397.3811606095      630.8352683489   -31485.4463675281       88.0652069185      1.07020618
       654   -31485.0886942046   -31397.3812027058      628.2728545344   -31485.0886942046       87.7074914988      1.07297882
       655   -31484.7077985995   -31397.3810038110      625.5458194223   -31484.7077985995       87.3267947885      1.04657733
       656   -31484.3064859687   -31397.3807097383      622.6732133327   -31484.3064859687       86.9257762304      1.08424697
       657   -31483.8903523419   -31397.3803045327      619.6952364523   -31483.8903523419       86.5100478092      1.07140853
       658   -31483.4671538810   -31397.3793538239      616.6705598141   -31483.4671538810       86.0878000571      1.08712555
       659   -31483.0481597970   -31397.3789278918      613.6722411632   -31483.0481597970       85.6692319052      1.07310591
       660   -31482.6439756903   -31397.3781471126      610.7825523143   -31482.6439756903       85.2658285777      1.07683673
       661   -31482.2670902058   -31397.3775492306      608.0871008531   -31482.2670902058       84.8895409752      1.06525138
       662   -31481.9288103926   -31397.3768829832      605.6686821398   -31481.9288103926       84.5519274094      1.04371379
       663   -31481.6396253462   -31397.3763039168      603.6013182267   -31481.6396253462       84.2633214295      1.08473379
       664   -31481.4079235831   -31397.3758344561      601.9449377255   -31481.4079235831       84.0320891270      1.08380921
       665   -31481.2396455128   -31397.3756164081      600.7410776203   -31481.2396455128       83.8640291047      1.01558990
       666   -31481.1379129955   -31397.3759514680      600.0099395268   -31481.1379129955       83.7619615274      1.03622288
       667   -31481.1013634531   -31397.3758298029      599.7489966355   -31481.1013634531       83.7255336502      1.03063824
       668   -31481.1273818749   -31397.3761241237      599.9332654371   -31481.1273818749       83.7512577512      1.08400373
       669   -31481.2094140395   -31397.3766346416      600.5172273865   -31481.2094140395       83.8327793979      1.07701275
       670   -31481.3387367632   -31397.3773853955      601.4382237241   -31481.3387367632       83.9613513677      1.03325359
       671   -31481.5049374582   -31397.3784556917      602.6210981318   -31481.5049374582       84.1264817665      1.05030828
       672   -31481.6957751100   -31397.3790684286      603.9837314512   -31481.6957751100       84.3167066814      1.08663658
       673   -31481.8999271839   -31397.3794977158      605.4430537339   -31481.8999271839       84.5204294681      1.04966941
       674   -31482.1068157514   -31397.3800487277      606.9211063248   -31482.1068157514       84.7267670237      1.05454136
       675   -31482.3068941929   -31397.3805551512      608.3506955116   -31482.3068941929       84.9263390417      1.07784562
       676   -31482.4930266465   -31397.3810833373      609.6802298648   -31482.4930266465       85.1119433092      1.03760251
       677   -31482.6604455145   -31397.3813799293      610.8773726358   -31482.6604455145       85.2790655853      1.09057710
       678   -31482.8071700951   -31397.3809851788      611.9312288174   -31482.8071700951       85.4261849163      1.04144918
       679   -31482.9354972115   -31397.3806432458      612.8529205632   -31482.9354972115       85.5548539657      1.06754217
       680   -31483.0498985126   -31397.3803552703      613.6744713558   -31483.0498985126       85.6695432423      1.05918006
       681   -31483.1571336869   -31397.3798713708      614.4460926717   -31483.1571336869       85.7772623161      1.08952787
       682   -31483.2659185623   -31397.3789327674      615.2320720910   -31483.2659185623       85.8869857949      1.05865404
       683   -31483.3870642821   -31397.3781388958      616.1055588807   -31483.3870642821       86.0089253863      1.08436052
       684   -31483.5316775156   -31397.3779729157      617.1426521580   -31483.5316775156       86.1537045999      1.03610437
       685   -31483.7090560134   -31397.3775584258      618.4162321674   -31483.7090560134       86.3314975875      1.07898489
       686   -31483.9277467411   -31397.3765490374      619.9900044504   -31483.9277467411       86.5511977037      1.08934774
       687   -31484.1961872405   -31397.3765077179      621.9132134702   -31484.1961872405       86.8196795226      1.08923314
       688   -31484.5176536501   -31397.3764430682      624.2164287711   -31484.5176536501       87.1412105819      1.08340418
       689   -31484.8938734863   -31397.3768148591      626.9087315639   -31484.8938734863       87.5170586272      1.08198091
       690   -31485.3221373210   -31397.3768146012      629.9765049014   -31485.3221373210       87.9453227198      1.04839399
       691   -31485.7981599533   -31397.3771581803      633.3839246271   -31485.7981599533       88.4210017730      1.03807808
       692   -31486.3145000098   -31397.3782028727      637.0751268695   -31486.3145000098       88.9362971370      1.05700204
       693   -31486.8596116948   -31397.3784869951      640.9778763627   -31486.8596116948       89.4811246997      1.06161581
       694   -31487.4232029516   -31397.3794059744      645.0084524507   -31487.4232029516       90.0437969772      1.09834475
       695   -31487.9919277098   -31397.3801036133      649.0773867407   -31487.9919277098       90.6118240964      1.09083973
       696   -31488.5535498023   -31397.3807758701      653.0956245052   -31488.5535498023       91.1727739322      1.06534532
       697   -31489.0963785090   -31397.3812536030      656.9806335122   -31489.0963785090       91.7151249060      1.05163414
       698   -31489.6107125259   -31397.3816651308      660.6620014739   -31489.6107125259       92.2290473950      1.07439442
       699   -31490.0891802207   -31397.3821229491      664.0861175272   -31490.0891802207       92.7070572716      1.09951111
       700   -31490.5267334667   -31397.3822431559      667.2195705488   -31490.5267334667       93.1444903109      0.89432113
       701   -31490.9214827603   -31397.3817184157      670.0510270327   -31490.9214827603       93.5397643446      0.76690164
       702   -31491.2762948442   -31397.3818824362      672.5914685318   -31491.2762948442       93.8944124080      1.08833356
       703   -31491.5942318356   -31397.3813471271      674.8727731031   -31491.5942318356       94.2128847085      1.04828784
       704   -31491.8827418550   -31397.3806048767      676.9447665686   -31491.8827418550       94.5021369783      0.80603180
       705   -31492.1509700689   -31397.3799348568      678.8709584820   -31492.1509700689       94.7710352121      1.03515729
       706   -31492.4089679449   -31397.3793438413      680.7233017457   -31492.4089679449       95.0296241036      0.73989172
       707   -31492.6671874816   -31397.3788730470      682.5763716482   -31492.6671874816       95.2883144346      1.04002946
       708   -31492.9348885213   -31397.3778416792      684.5013757027   -31492.9348885213       95.5570468421      1.04889467
       709   -31493.2220551215   -31397.3775596764      686.5604490070   -31493.2220551215       95.8444954451      1.06573696
       710   -31493.5346986917   -31397.3773279156      688.8016609489   -31493.5346986917       96.1573707761      1.10457165
       711   -31493.8770846827   -31397.3772146803      691.2550769903   -31493.8770846827       96.4998700025      1.06960601
       712   -31494.2508014902   -31397.3774864073      693.9301666859   -31494.2508014902       96.8733150830      1.00422004
       713   -31494.6539889283   -31397.3779832101      696.8147503235   -31494.6539889283       97.2760057182      1.07978864
       714   -31495.0816699532   -31397.3783700694      699.8755758084   -31495.0816699532       97.7032998838      1.11392566
       715   -31495.5261115348   -31397.3781983674      703.0604628923   -31495.5261115348       98.1479131674      1.07193145
       716   -31495.9799355528   -31397.3795204091      706.3018588493   -31495.9799355528       98.6004151437      1.10766086
       717   -31496.4296327874   -31397.3797417383      709.5215782286   -31496.4296327874       99.0498910491      1.11044406
       718   -31496.8656408978   -31397.3809248938      712.6363488255   -31496.8656408978       99.4847160040      1.10116491
       719   -31497.2746047701   -31397.3812174404      715.5637737922   -31497.2746047701       99.8933873297      1.10840620
       720   -31497.6474056805   -31397.3820514481      718.2282748939   -31497.6474056805      100.2653542324      1.10916952
       721   -31497.9745701012   -31397.3827865111      720.5665780520   -31497.9745701012      100.5917835900      1.10722090
       722   -31498.2486410030   -31397.3824361068      722.5323332506   -31498.2486410030      100.8662048962      1.07136102
       723   -31498.4679958319   -31397.3830114838      724.0995105629   -31498.4679958319      101.0849843482      1.10344493
       724   -31498.6306346507   -31397.3830414356      725.2643225443   -31498.6306346507      101.2475932150      1.10947514
       725   -31498.7389138572   -31397.3822655851      726.0455138755   -31498.7389138572      101.3566482722      1.11382295
       726   -31498.7997716863   -31397.3820508228      726.4829936239   -31498.7997716863      101.4177208635      1.10118164
       727   -31498.8200959204   -31397.3811694344      726.6348953231   -31498.8200959204      101.4389264860      1.10512744
       728   -31498.8109079285   -31397.3805838350      726.5732740222   -31498.8109079285      101.4303240935      1.10106454
       729   -31498.7829659708   -31397.3797937829      726.3787774639   -31498.7829659708      101.4031721879      1.06529835
       730   -31498.7479862885   -31397.3788913927      726.1346724596   -31498.7479862885      101.3690948958      1.10248818
       731   -31498.7179632278   -31397.3787419922      725.9206792256   -31498.7179632278      101.3392212356      1.08908583
       732   -31498.7016594950   -31397.3782964871      725.8070823837   -31498.7016594950      101.3233630078      1.10211936
       733   -31498.7067604259   -31397.3774671101      725.8495628089   -31498.7067604259      101.3292933158      1.09936101
       734   -31498.7396733639   -31397.3774916626      726.0851513485   -31498.7396733639      101.3621817013      1.10527912
       735   -31498.8017455924   -31397.3775188072      726.5295973276   -31498.8017455924      101.4242267851      1.09330799
       736   -31498.8925095578   -31397.3779958890      727.1763470760   -31498.8925095578      101.5145136687      1.08776187
       737   -31499.0076154842   -31397.3785055314      727.9972317386   -31499.0076154842      101.6291099529      1.01128205
       738   -31499.1404458844   -31397.3790554705      728.9447930183   -31499.1404458844      101.7613904139      1.06041981
       739   -31499.2822903600   -31397.3797253393      729.9560655066   -31499.2822903600      101.9025650207      1.09421582
       740   -31499.4226337572   -31397.3802606665      730.9575491167   -31499.4226337572      102.0423730907      1.09282992
       741   -31499.5508361590   -31397.3809474865      731.8709782576   -31499.5508361590      102.1698886725      1.07421925
       742   -31499.6558677054   -31397.3814920333      732.6194473378   -31499.6558677054      102.2743756721      1.03545307
       743   -31499.7284470401   -31397.3823187913      733.1334307548   -31499.7284470401      102.3461282488      1.09401762
       744   -31499.7596917645   -31397.3824581803      733.3562468169   -31499.7596917645      102.3772335842      1.07555832
       745   -31499.7447994564   -31397.3826015154      733.2485423744   -31499.7447994564      102.3621979410      1.03393163
       746   -31499.6810744529   -31397.3826845881      732.7914675972   -31499.6810744529      102.2983898649      1.08201321
       747   -31499.5683156691   -31397.3820476709      731.9883078672   -31499.5683156691      102.1862679983      1.04186837
       748   -31499.4112283860   -31397.3818505431      730.8644605868   -31499.4112283860      102.0293778429      0.95141145
       749   -31499.2153944960   -31397.3812777948      729.4657513919   -31499.2153944960      101.8341167012      0.99427359
       750   -31498.9896925842   -31397.3804056412      727.8552340736   -31498.9896925842      101.6092869430      0.89579124
       751   -31498.7452782578   -31397.3798062251      726.1087208963   -31498.7452782578      101.3654720327      0.96781291
       752   -31498.4934608953   -31397.3791786929      724.3093791407   -31498.4934608953      101.1142822024      1.07661279
       753   -31498.2462904691   -31397.3787660997      722.5417849997   -31498.2462904691      100.8675243694      1.10215288
       754   -31498.0144029375   -31397.3780436868      720.8858857542   -31498.0144029375      100.6363592507      1.09822825
       755   -31497.8080984019   -31397.3775905284      719.4113157926   -31497.8080984019      100.4305078735      1.11344650
       756   -31497.6341596051   -31397.3765961332      718.1724675364   -31497.6341596051      100.2575634719      0.71550281
       757   -31497.4996146803   -31397.3771549481      717.2046823368   -31497.4996146803      100.1224597322      0.98959002
       758   -31497.4042103192   -31397.3770770930      716.5218323885   -31497.4042103192      100.0271332262      1.04294782
       759   -31497.3479151422   -31397.3775098796      716.1154744021   -31497.3479151422       99.9704052626      1.07326482
       760   -31497.3255887075   -31397.3774974453      715.9556330875   -31497.3255887075       99.9480912622      1.07738098
       761   -31497.3320438205   -31397.3787137668      715.9931599899   -31497.3320438205       99.9533300536      1.07066465
       762   -31497.3561682509   -31397.3790596797      716.1634920427   -31497.3561682509       99.9771085712      1.06806132
       763   -31497.3885611752   -31397.3796164106      716.3915434416   -31497.3885611752      100.0089447646      1.07036423
       764   -31497.4184073189   -31397.3807276024      716.5973797956   -31497.4184073189      100.0376797165      1.06315750
       765   -31497.4340103212   -31397.3816884644      716.7022654683   -31497.4340103212      100.0523218568      1.04457121
       766   -31497.4245697609   -31397.3816910899      716.6346213345   -31497.4245697609      100.0428786710      1.07808611
       767   -31497.3833720758   -31397.3822543865      716.3354759513   -31497.3833720758      100.0011176893      1.07429887
       768   -31497.3033853282   -31397.3821869494      715.7629919762   -31497.3033853282       99.9211983787      1.07445813
       769   -31497.1821512230   -31397.3820241566      714.8957249077   -31497.1821512230       99.8001270664      1.00891704
       770   -31497.0198895475   -31397.3818900924      713.7343602920   -31497.0198895475       99.6379994550      1.04630537
       771   -31496.8199679739   -31397.3819577100      712.3017827790   -31496.8199679739       99.4380102638      1.03147430
       772   -31496.5875484895   -31397.3813187412      710.6414752769   -31496.5875484895       99.2062297483      1.07773343
       773   -31496.3319054986   -31397.3807446275      708.8143468425   -31496.3319054986       98.9511608710      1.07441035
       774   -31496.0630089841   -31397.3798999681      706.8942177722   -31496.0630089841       98.6831090160      1.05480226
       775   -31495.7927723682   -31397.3793614875      704.9622959443   -31495.7927723682       98.4134108808      1.06360995
       776   -31495.5320975229   -31397.3785155732      703.1010699373   -31495.5320975229       98.1535819497      1.07199487
       777   -31495.2920796265   -31397.3776327482      701.3880797311   -31495.2920796265       97.9144468783      1.08253037
       778   -31495.0826448799   -31397.3773280862      699.8900234876   -31495.0826448799       97.7053167937      1.04843948
       779   -31494.9105227329   -31397.3772431812      698.6576734653   -31494.9105227329       97.5332795517      1.08308038
       780   -31494.7798680498   -31397.3772109005      697.7219893155   -31494.7798680498       97.4026571493      1.08228789
       781   -31494.6920799605   -31397.3774109333      697.0917062269   -31494.6920799605       97.3146690272      1.07388501
       782   -31494.6446059717   -31397.3772750621      696.7526102867   -31494.6446059717       97.2673309096      1.08148042
       783   -31494.6335413403   -31397.3779464123      696.6685422264   -31494.6335413403       97.2555949279      1.08660400
       784   -31494.6499360491   -31397.3782146924      696.7840602654   -31494.6499360491       97.2717213567      0.84747285
       785   -31494.6851311714   -31397.3792760787      697.0285695930   -31494.6851311714       97.3058550927      0.84415632
       786   -31494.7267588539   -31397.3799980569      697.3215883896   -31494.7267588539       97.3467607970      1.03184142
       787   -31494.7631720560   -31397.3805094090      697.5787632031   -31494.7631720560       97.3826626470      1.04464648
       788   -31494.7834472951   -31397.3813229353      697.7181727978   -31494.7834472951       97.4021243598      1.06536098
       789   -31494.7769717881   -31397.3820703232      697.6664332175   -31494.7769717881       97.3949014649      1.03125415
       790   -31494.7348836767   -31397.3821817051      697.3641466550   -31494.7348836767       97.3527019716      1.04906168
       791   -31494.6523709492   -31397.3825727446      696.7702841983   -31494.6523709492       97.2697982045      1.08062581
       792   -31494.5259169989   -31397.3824747031      695.8651621145   -31494.5259169989       97.1434422958      1.07898489
       793   -31494.3565573375   -31397.3825009125      694.6518045926   -31494.3565573375       96.9740564251      1.05772705
       794   -31494.1468522753   -31397.3816670887      693.1556025354   -31494.1468522753       96.7651851866      1.00529257
       795   -31493.9046655651   -31397.3814534637      691.4222828572   -31493.9046655651       96.5232121014      1.04300786
       796   -31493.6378627946   -31397.3809981640      689.5143627590   -31493.6378627946       96.2568646306      1.03549745
       797   -31493.3566947213   -31397.3801488436      687.5063625294   -31493.3566947213       95.9765458777      1.05509401
       798   -31493.0729722146   -31397.3794281264      685.4791429716   -31493.0729722146       95.6935440882      1.06219148
       799   -31492.7978919923   -31397.3787137311      683.5137851857   -31492.7978919923       95.4191782612      1.06548628
       800   -31492.5417806715   -31397.3778369450      681.6854701016   -31492.5417806715       95.1639437265      0.89008171
       801   -31492.3140650211   -31397.3773438350      680.0578126279   -31492.3140650211       94.9367211862      0.97792014
       802   -31492.1211853179   -31397.3770765658      678.6780768529   -31492.1211853179       94.7441087521      0.96818783
       803   -31491.9667730186   -31397.3768475490      677.5736196468   -31491.9667730186       94.5899254696      0.87151225
       804   -31491.8520540433   -31397.3771323089      676.7498163003   -31491.8520540433       94.4749217344      0.67352706
       805   -31491.7739780576   -31397.3772567614      676.1896450795   -31491.7739780576       94.3967212961      1.03659339
       806   -31491.7281997838   -31397.3782034031      675.8549416748   -31491.7281997838       94.3499963806      1.06286127
       807   -31491.7053291532   -31397.3784637021      675.6892484721   -31491.7053291532       94.3268654510      1.06769944
       808   -31491.6966365239   -31397.3791532991      675.6220410082   -31491.6966365239       94.3174832248      1.04275276
       809   -31491.6905466449   -31397.3797663973      675.5740257413   -31491.6905466449       94.3107802476      1.06492269
       810   -31491.6759259175   -31397.3806270180      675.4631285920   -31491.6759259175       94.2952988995      1.07020618
       811   -31491.6414095609   -31397.3813482212      675.2107122718   -31491.6414095609       94.2600613397      1.06503223
       812   -31491.5772004546   -31397.3817940105      674.7475714942   -31491.5772004546       94.1954064441      1.07080702
       813   -31491.4760644229   -31397.3823310473      674.0192593748   -31491.4760644229       94.0937333755      1.06051291
       814   -31491.3327900768   -31397.3826957873      672.9903331449   -31491.3327900768       93.9500942896      1.06192690
       815   -31491.1447405076   -31397.3821490853      671.6471986005   -31491.1447405076       93.7625914223      1.03521644
       816   -31490.9146161216   -31397.3820704051      669.9993180175   -31490.9146161216       93.5325457166      1.06484446
       817   -31490.6458923210   -31397.3814671155      668.0786971449   -31490.6458923210       93.2644252055      1.06350071
       818   -31490.3466279064   -31397.3810933408      665.9376613866   -31490.3466279064       92.9655345655      1.05947424
       819   -31490.0254921312   -31397.3800039573      663.6450811677   -31490.0254921312       92.6454881739      1.06669374
       820   -31489.6950395645   -31397.3795311215      661.2813457106   -31489.6950395645       92.3155084429      1.06814002
       821   -31489.3665047297   -31397.3789059322      658.9324388451   -31489.3665047297       91.9875987975      1.02528750
       822   -31489.0516328308   -31397.3779751244      656.6835925705   -31489.0516328308       91.6736577064      1.06272101
       823   -31488.7619309792   -31397.3773297960      654.6130012923   -31488.7619309792       91.3846011832      1.05823670
       824   -31488.5061113289   -31397.3765522104      652.7860649241   -31488.5061113289       91.1295591186      1.07250249
       825   -31488.2921090319   -31397.3769008319      651.2506104130   -31488.2921090319       90.9152082000      1.06063706
       826   -31488.1222723101   -31397.3769784702      650.0334671765   -31488.1222723101       90.7452938399      1.06689787
       827   -31487.9977054305   -31397.3773291283      649.1386485393   -31487.9977054305       90.6203763021      1.06941663
       828   -31487.9151192458   -31397.3772974465      648.5472879586   -31487.9151192458       90.5378217994      1.04098548
       829   -31487.8695463398   -31397.3775086237      648.2193239937   -31487.8695463398       90.4920377161      1.05805131
       830   -31487.8534860602   -31397.3785518452      648.0968069165   -31487.8534860602       90.4749342149      1.06336028
       831   -31487.8555510821   -31397.3789732990      648.1085802465   -31487.8555510821       90.4765777831      1.06605047
       832   -31487.8658465519   -31397.3798642666      648.1759472797   -31487.8658465519       90.4859822854      1.07106021
       833   -31487.8720614900   -31397.3800812941      648.2189119607   -31487.8720614900       90.4919801959      1.06336028
       834   -31487.8649076736   -31397.3808021055      648.1625038382   -31487.8649076736       90.4841055681      1.03791455
       835   -31487.8345687793   -31397.3811496177      647.9426886796   -31487.8345687793       90.4534191616      1.07215345
       836   -31487.7751670184   -31397.3819524195      647.5114268590   -31487.7751670184       90.3932145989      1.06231602
       837   -31487.6814665647   -31397.3819167745      646.8404801040   -31487.6814665647       90.2995497901      1.05735671
       838   -31487.5533923685   -31397.3818266361      645.9236951421   -31487.5533923685       90.1715657324      1.04321804
       839   -31487.3930249490   -31397.3814541331      644.7776076047   -31487.3930249490       90.0115708159      1.07253423
       840   -31487.2062065218   -31397.3813228153      643.4403165579   -31487.2062065218       89.8248837065      1.07778151
       841   -31486.9997771278   -31397.3803269256      641.9687399344   -31486.9997771278       89.6194502021      1.02970113
       842   -31486.7849871766   -31397.3797221588      640.4344726233   -31486.7849871766       89.4052650178      1.06457856
       843   -31486.5729498732   -31397.3793081102      638.9185571163   -31486.5729498732       89.1936417629      1.06843920
       844   -31486.3742902715   -31397.3779026933      637.5055712062   -31486.3742902715       88.9963875782      1.06858097
       845   -31486.2019886062   -31397.3770432002      636.2774838326   -31486.2019886062       88.8249454061      1.06306394
       846   -31486.0667617716   -31397.3771969648      635.3077154115   -31486.0667617716       88.6895648068      1.07573392
       847   -31485.9756556780   -31397.3770916906      634.6558515439   -31485.9756556780       88.5985639873      1.03891136
       848   -31485.9341256364   -31397.3763866433      634.3634108961   -31485.9341256364       88.5577389931      1.06507918
       849   -31485.9467112119   -31397.3767512706      634.4509529053   -31485.9467112119       88.5699599414      1.06189579
       850   -31486.0117239950   -31397.3767399951      634.9167380980   -31486.0117239950       88.6349839998      0.90587908
       851   -31486.1267659400   -31397.3772674552      635.7370368105   -31486.1267659400       88.7494984848      1.06135153
       852   -31486.2846125281   -31397.3772226952      636.8680559089   -31486.2846125281       88.9073898329      1.06685076
       853   -31486.4783581860   -31397.3781410231      638.2493310429   -31486.4783581860       89.1002171629      1.05401994
       854   -31486.6967422837   -31397.3788888710      639.8083192838   -31486.6967422837       89.3178534127      1.05933487
       855   -31486.9289606418   -31397.3797129585      641.4658600072   -31486.9289606418       89.5492476832      1.06125828
       856   -31487.1636974082   -31397.3804458614      643.1420939617   -31487.1636974082       89.7832515468      1.06810854
       857   -31487.3906220577   -31397.3811745926      644.7623974600   -31487.3906220577       90.0094474651      1.06091652
       858   -31487.6001911315   -31397.3812702732      646.2629129173   -31487.6001911315       90.2189208584      1.06955866
       859   -31487.7860359659   -31397.3811186250      647.5952568141   -31487.7860359659       90.4049173409      1.04037283
       860   -31487.9449506486   -31397.3816136209      648.7300605482   -31487.9449506486       90.5633370277      1.01416880
       861   -31488.0751256824   -31397.3820936910      649.6591011997   -31488.0751256824       90.6930319914      1.04897058
       862   -31488.1769486737   -31397.3810673124      650.3958394889   -31488.1769486737       90.7958813613      1.06136707
       863   -31488.2573813859   -31397.3807415986      650.9743342782   -31488.2573813859       90.8766397873      1.06818725
       864   -31488.3223824998   -31397.3798102976      651.4466262774   -31488.3223824998       90.9425722022      1.02062401
       865   -31488.3824713128   -31397.3795739945      651.8787516547   -31488.3824713128       91.0028973182      1.02269784
       866   -31488.4465470138   -31397.3784644839      652.3456912320   -31488.4465470138       91.0680825299      1.06384413
       867   -31488.5271118747   -31397.3780679982      652.9256395981   -31488.5271118747       91.1490438766      0.98694881
       868   -31488.6338852893   -31397.3775768102      653.6940054109   -31488.6338852893       91.2563084790      1.07320125
       869   -31488.7765636814   -31397.3773620062      654.7175886271   -31488.7765636814       91.3992016752      1.07584570
       870   -31488.9620479243   -31397.3769260743      656.0493859103   -31488.9620479243       91.5851218499      1.07383728
       871   -31489.1957863044   -31397.3768277905      657.7244221686   -31489.1957863044       91.8189585139      1.07856741
       872   -31489.4792611089   -31397.3765660851      659.7569047305   -31489.4792611089       92.1026950238      0.71143630
       873   -31489.8123636365   -31397.3771353128      662.1389321035   -31489.8123636365       92.4352283238      1.05964463
       874   -31490.1903015837   -31397.3778825895      664.8408524891   -31490.1903015837       92.8124189942      1.11646523
       875   -31490.6053920208   -31397.3780241196      667.8132454943   -31490.6053920208       93.2273679012      1.07442627
       876   -31491.0498732054   -31397.3789744924      670.9903785361   -31491.0498732054       93.6708987130      1.08548110
       877   -31491.5121548476   -31397.3799484820      674.2948519711   -31491.5121548476       94.1322063656      1.09610231
       878   -31491.9796172003   -31397.3799930321      677.6430940891   -31491.9796172003       94.5996241682      1.10096418
       879   -31492.4422307958   -31397.3807790776      680.9512916922   -31492.4422307958       95.0614517182      1.11500528
       880   -31492.8885374898   -31397.3817565041      684.1413075653   -31492.8885374898       95.5067809857      1.03730551
       881   -31493.3082229197   -31397.3819632484      687.1461486195   -31493.3082229197       95.9262596713      0.96969045
       882   -31493.6952351510   -31397.3824983227      689.9145906594   -31493.6952351510       96.3127368284      0.63962840
       883   -31494.0442196766   -31397.3824772898      692.4146133449   -31494.0442196766       96.6617423868      1.09102035
       884   -31494.3544123736   -31397.3826433480      694.6354193219   -31494.3544123736       96.9717690256      1.10149961
       885   -31494.6265926406   -31397.3822557389      696.5878978922   -31494.6265926406       97.2443369017      1.11615574
       886   -31494.8653426907   -31397.3815052918      698.3035057428   -31494.8653426907       97.4838373988      1.06976389
       887   -31495.0785174481   -31397.3813483568      699.8316592571   -31495.0785174481       97.6971690913      1.09721408
       888   -31495.2734660466   -31397.3802733152      701.2358304384   -31495.2734660466       97.8931927314      1.10349533
       889   -31495.4618660713   -31397.3798197478      702.5886405967   -31495.4618660713       98.0820463236      1.11257481
       890   -31495.6536431178   -31397.3792722564      703.9663140914   -31495.6536431178       98.2743708613      1.10468950
       891   -31495.8594093894   -31397.3789069367      705.4428913034   -31495.8594093894       98.4805024526      1.09942771
       892   -31496.0878079101   -31397.3781204734      707.0846063002   -31496.0878079101       98.7096874366      1.10148287
       893   -31496.3475907028   -31397.3782093753      708.9448649768   -31496.3475907028       98.9693813274      1.07079120
       894   -31496.6421940351   -31397.3775149620      711.0601638461   -31496.6421940351       99.2646790731      1.09207246
       895   -31496.9757209502   -31397.3778037337      713.4472402068   -31496.9757209502       99.5979172165      1.09961120
       896   -31497.3467628071   -31397.3782828092      716.1016832020   -31497.3467628071       99.9684799979      1.09207246
       897   -31497.7515733063   -31397.3787529056      718.9980845783   -31497.7515733063      100.3728204007      1.10331055
       898   -31498.1841945075   -31397.3794983329      722.0917293816   -31498.1841945075      100.8046961746      1.09610231
       899   -31498.6353921433   -31397.3797874159      725.3217112081   -31498.6353921433      101.2556047274      1.06974810
       900   -31499.0957106122   -31397.3803254537      728.6152447362   -31499.0957106122      101.7153851585      0.91219540
       901   -31499.5545781471   -31397.3816346072      731.8928611115   -31499.5545781471      102.1729435399      1.08632712
       902   -31499.9990340939   -31397.3819842861      735.0741163027   -31499.9990340939      102.6170498078      1.08861145
       903   -31500.4196324572   -31397.3824833333      738.0834031039   -31500.4196324572      103.0371491239      1.09779575
       904   -31500.8072379108   -31397.3831103971      740.8554356114   -31500.8072379108      103.4241275137      0.22311845
       905   -31501.1542240033   -31397.3832471175      743.3400129424   -31501.1542240033      103.7709768858      0.99637856
       906   -31501.4567001469   -31397.3833903273      745.5057067965   -31501.4567001469      104.0733098195      1.07790974
       907   -31501.7129591415   -31397.3832745121      747.3421899842   -31501.7129591415      104.3296846293      1.09370395
       908   -31501.9247262335   -31397.3830085022      748.8610413382   -31501.9247262335      104.5417177313      1.09726391
       909   -31502.0966423282   -31397.3826696622      750.0949507537   -31502.0966423282      104.7139726661      1.10544770
       910   -31502.2355808245   -31397.3819482520      751.0953730276   -31502.2355808245      104.8536325725      1.08314513
       911   -31502.3515192067   -31397.3815403713      751.9287932688   -31502.3515192067      104.9699788354      1.07413965
       912   -31502.4544260311   -31397.3807131805      752.6718685144   -31502.4544260311      105.0737128505      1.08479874
       913   -31502.5559662703   -31397.3797940980      753.4058127818   -31502.5559662703      105.1761721723      1.09864443
       914   -31502.6679892423   -31397.3794922385      754.2104264050   -31502.6679892423      105.2884970038      1.09139822
       915   -31502.7997737001   -31397.3789641606      755.1582174438   -31502.7997737001      105.4208095395      1.08518855
       916   -31502.9595679943   -31397.3780994052      756.3090623482   -31502.9595679943      105.5814685891      1.09177635
       917   -31503.1548472971   -31397.3783919861      757.7058057999   -31503.1548472971      105.7764553110      1.09674918
       918   -31503.3871661849   -31397.3782297938      759.3711316384   -31503.3871661849      106.0089363911      1.09897761
       919   -31503.6579235353   -31397.3788841747      761.3059534051   -31503.6579235353      106.2790393606      1.00687069
       920   -31503.9625659175   -31397.3787105445      763.4894342340   -31503.9625659175      106.5838553731      1.08439297
       921   -31504.2970302256   -31397.3793606841      765.8806368203   -31504.2970302256      106.9176695415      1.10096418
       922   -31504.6529716228   -31397.3805690088      768.4216872616   -31504.6529716228      107.2724026139      1.10320978
       923   -31505.0190298034   -31397.3808011125      771.0421999425   -31505.0190298034      107.6382286909      1.10959404
       924   -31505.3857437381   -31397.3814218050      773.6646264005   -31505.3857437381      108.0043219331      1.08164182
       925   -31505.7417808301   -31397.3821045507      776.2101271976   -31505.7417808301      108.3596762794      1.06641123
       926   -31506.0767219593   -31397.3827849826      778.6045283923   -31506.0767219593      108.6939369767      1.09552243
       927   -31506.3812022207   -31397.3830216250      780.7839090097   -31506.3812022207      108.9981805956      1.04067159
       928   -31506.6491944476   -31397.3836075721      782.6994136477   -31506.6491944476      109.2655868755      1.07863162
       929   -31506.8756662933   -31397.3837144616      784.3209280111   -31506.8756662933      109.4919518317      1.10163355
       930   -31507.0597315295   -31397.3837252262      785.6393607499   -31507.0597315295      109.6760063033      1.07496808
       931   -31507.2027534089   -31397.3832366476      786.6673655823   -31507.2027534089      109.8195167613      1.07635697
       932   -31507.3101012424   -31397.3829400562      787.4384521672   -31507.3101012424      109.9271611862      1.04300786
       933   -31507.3881309433   -31397.3819391837      788.0045698745   -31507.3881309433      110.0061917596      1.09497625
       934   -31507.4474602246   -31397.3815513357      788.4323400757   -31507.4474602246      110.0659088889      1.09126676
       935   -31507.4973314984   -31397.3803470319      788.7982084677   -31507.4973314984      110.1169844665      1.09121747
       936   -31507.5510142889   -31397.3803290558      789.1828818102   -31507.5510142889      110.1706852330      1.10405004
       937   -31507.6176602649   -31397.3796076358      789.6654529739   -31507.6176602649      110.2380526291      1.09166124
       938   -31507.7077630518   -31397.3786638259      790.3176447567   -31507.7077630518      110.3290992259      1.09149684
       939   -31507.8308987705   -31397.3788190686      791.1985876887   -31507.8308987705      110.4520797019      1.08020706
       940   -31507.9914790524   -31397.3785893015      792.3505142433   -31507.9914790524      110.6128897509      1.09100393
       941   -31508.1932494241   -31397.3786123628      793.7956856478   -31508.1932494241      110.8146370614      1.11284813
       942   -31508.4360215936   -31397.3786056436      795.5347775168   -31508.4360215936      111.0574159499      1.07050652
       943   -31508.7172909241   -31397.3789888635      797.5468418858   -31508.7172909241      111.3383020606      1.01336055
       944   -31509.0312410836   -31397.3796740470      799.7908449623   -31509.0312410836      111.6515670367      1.01588884
       945   -31509.3686934037   -31397.3795918208      802.2086976366   -31509.3686934037      111.9891015829      1.07482461
       946   -31509.7216465209   -31397.3806346628      804.7295276057   -31509.7216465209      112.3410118580      1.06177134
       947   -31510.0777705028   -31397.3814218919      807.2749023757   -31510.0777705028      112.6963486108      1.11225040
       948   -31510.4257830590   -31397.3818662415      809.7646289159   -31510.4257830590      113.0439168175      1.10447065
       949   -31510.7559687460   -31397.3828657233      812.1226801296   -31510.7559687460      113.3731030227      1.10186803
       950   -31511.0581688502   -31397.3835049201      814.2828437476   -31511.0581688502      113.6746639301      0.93224739
       951   -31511.3251597806   -31397.3837429164      816.1936682907   -31511.3251597806      113.9414168642      1.09472817
       952   -31511.5525501538   -31397.3837723867      817.8223168934   -31511.5525501538      114.1687777671      1.07418741
       953   -31511.7385387841   -31397.3834310201      819.1570498452   -31511.7385387841      114.3551077640      1.10872836
       954   -31511.8850058770   -31397.3831646571      820.2081418966   -31511.8850058770      114.5018412199      1.09897761
       955   -31511.9959613584   -31397.3825785057      821.0071452526   -31511.9959613584      114.6133828527      1.07339198
       956   -31512.0790113355   -31397.3822313610      821.6045417456   -31512.0790113355      114.6967799746      1.08931499
       957   -31512.1429588734   -31397.3817670125      822.0659417809   -31512.1429588734      114.7611918609      1.09777912
       958   -31512.1978889947   -31397.3806913247      822.4671267767   -31512.1978889947      114.8171976701      1.10379783
       959   -31512.2558171787   -31397.3798238768      822.8882960384   -31512.2558171787      114.8759933019      1.06116505
       960   -31512.3285015506   -31397.3799657041      823.4079382125   -31512.3285015506      114.9485358465      1.11178974
       961   -31512.4238940964   -31397.3791905323      824.0968139910   -31512.4238940964      115.0447035642      1.10733932
       962   -31512.5513131730   -31397.3787791350      825.0124987892   -31512.5513131730      115.1725340379      1.11240404
       963   -31512.7163647278   -31397.3787657089      826.1949045906   -31512.7163647278      115.3375990189      1.10099763
       964   -31512.9211137884   -31397.3785495365      827.6631268577   -31512.9211137884      115.5425642519      1.10737316
       965   -31513.1660706330   -31397.3791026830      829.4138576837   -31513.1660706330      115.7869679499      1.07382137
       966   -31513.4465660382   -31397.3793302054      831.4214935172   -31513.4465660382      116.0672358328      1.09254987
       967   -31513.7568715085   -31397.3799409828      833.6399216741   -31513.7568715085      116.3769305257      1.10954308
       968   -31514.0876502905   -31397.3804336397      836.0058519168   -31514.0876502905      116.7072166508      1.10583563
       969   -31514.4290634999   -31397.3815561358      838.4434477731   -31514.4290634999      117.0475073641      1.09931098
       970   -31514.7686195375   -31397.3823771681      840.8698996655   -31514.7686195375      117.3862423694      1.09512516
       971   -31515.0947035944   -31397.3829668620      843.2015051996   -31515.0947035944      117.7117367324      1.08483121
       972   -31515.3959403090   -31397.3829027143      845.3598060421   -31515.3959403090      118.0130375947      1.04666801
       973   -31515.6650498791   -31397.3843265885      847.2773122145   -31515.6650498791      118.2807232906      1.08897129
       974   -31515.8919300867   -31397.3843461887      848.9023770623   -31515.8919300867      118.5075838979      1.10378102
       975   -31516.0736552368   -31397.3845212478      850.2028702357   -31516.0736552368      118.6891339890      1.11225040
       976   -31516.2083829433   -31397.3844635688      851.1683749770   -31516.2083829433      118.8239193745      1.09994496
       977   -31516.2973903683   -31397.3837944752      851.8107525136   -31516.2973903683      118.9135958931      1.09282992
       978   -31516.3463934755   -31397.3836167939      852.1630480115   -31516.3463934755      118.9627766816      1.08802314
       979   -31516.3615697959   -31397.3829079394      852.2768378833   -31516.3615697959      118.9786618565      1.08990471
       980   -31516.3528606453   -31397.3823831066      852.2182113670   -31516.3528606453      118.9704775388      1.10126530
       981   -31516.3304213273   -31397.3816520012      852.0627094768   -31516.3304213273      118.9487693261      1.07650086
       982   -31516.3059470719   -31397.3813435826      851.8896029494   -31516.3059470719      118.9246034893      1.09846127
       983   -31516.2890497218   -31397.3803171885      851.7759149311   -31516.2890497218      118.9087325332      1.09185859
       984   -31516.2906247784   -31397.3798366920      851.7906394235   -31516.2906247784      118.9107880864      1.11148284
       985   -31516.3178334827   -31397.3792747181      851.9895684195   -31516.3178334827      118.9385587646      1.07709278
       986   -31516.3767370782   -31397.3793314713      852.4111045160   -31516.3767370782      118.9974056069      1.08821917
       987   -31516.4690623892   -31397.3792053310      853.0733596576   -31516.4690623892      119.0898570582      1.09573774
       988   -31516.5949581375   -31397.3795465096      853.9727415301   -31516.5949581375      119.2154116279      1.10984891
       989   -31516.7504195072   -31397.3798564358      855.0841339391   -31516.7504195072      119.3705630714      1.09841133
       990   -31516.9293458297   -31397.3802995543      856.3626581579   -31516.9293458297      119.5490462754      1.04509839
       991   -31517.1234499215   -31397.3811651499      857.7468785884   -31517.1234499215      119.7422847716      1.09223704
       992   -31517.3220774961   -31397.3820658966      859.1632501717   -31517.3220774961      119.9400115995      1.10506004
       993   -31517.5137888602   -31397.3827725183      860.5314696090   -31517.5137888602      120.1310163418      1.06138261
       994   -31517.6875917284   -31397.3836281409      861.7703382383   -31517.6875917284      120.3039635876      1.10203557
       995   -31517.8322921638   -31397.3840653706      862.8037352088   -31517.8322921638      120.4482267932      1.10605502
       996   -31517.9389846712   -31397.3843110249      863.5662432581   -31517.9389846712      120.5546736463      1.10598750
       997   -31518.0011995600   -31397.3848528759      864.0080241691   -31518.0011995600      120.6163466841      1.10342813
       998   -31518.0137225614   -31397.3847354252      864.0985711997   -31518.0137225614      120.6289871362      1.09812841
       999   -31517.9764011410   -31397.3850386958      863.8290552027   -31517.9764011410      120.5913624452      1.07999781
