      Step          Pe(mixed)          E_total                Temp                  Pe                  Ke   Speed(ns/day)
         0   -31397.4953416500   -31397.4953416500        0.0000000000   -31396.4231984736        0.0000000000      0.00000000
reaction occured at step 0 between IDs 1 and 2
         1   -31397.5960651681   -31397.4958798044        0.7176552805   -31397.1180684501        0.1001853637      0.08675139
         2   -31397.9029416495   -31397.4871941585        2.9781134820   -31397.4599400054        0.4157474910      0.16028372
         3   -31398.4187158578   -31397.4815173461        6.7134103841   -31398.0269486837        0.9371985117      0.16122070
         4   -31399.1342028619   -31397.4748010041       11.8867513390   -31398.8040625654        1.6594018578      0.16358484
         5   -31400.0299175305   -31397.4693498791       18.3420494661   -31399.7708453402        2.5605676515      0.09934763
         6   -31401.0830838440   -31397.4678882013       25.8966394696   -31400.9021515756        3.6151956427      0.09395967
         7   -31402.2750351386   -31397.4738203032       34.3924207426   -31402.1692551238        4.8012148355      0.16027131
         8   -31403.5937668687   -31397.4879196370       43.7378609745   -31403.5454293996        6.1058472317      0.16171280
         9   -31405.0211361550   -31397.5035378574       53.8506216628   -31405.0050494830        7.5175982976      0.16351251
        10   -31406.5275234445   -31397.5135867717       64.5693044830   -31406.5238840428        9.0139366728      0.16375190
        11   -31408.0808018891   -31397.5177303313       75.6661832056   -31408.0802750922       10.5630715578      0.15977632
        12   -31409.6565894978   -31397.5193490324       86.9423875092   -31409.6565427911       12.1372404654      0.16320947
        13   -31411.2395557643   -31397.5197252087       98.2789150573   -31411.2395532757       13.7198305556      0.16321976
        14   -31412.8238115193   -31397.5197156955      109.6274423649   -31412.8238114387       15.3040958238      0.16233834
        15   -31414.4096568147   -31397.5187534168      120.9941809091   -31414.4096568131       16.8909033979      0.16116979
        16   -31416.0056940306   -31397.5181039198      132.4316864376   -31416.0056940306       18.4875901108      0.16257904
        17   -31417.6240722893   -31397.5170765738      144.0319336291   -31417.6240722893       20.1069957156      0.16049313
        18   -31419.2821413185   -31397.5159106804      155.9174891646   -31419.2821413185       21.7662306381      0.16139698
        19   -31421.0000230354   -31397.5148513777      168.2307358750   -31421.0000230354       23.4851716577      0.16196721
        20   -31422.7983752703   -31397.5136032775      181.1217674192   -31422.7983752703       25.2847719928      1.15349535
        21   -31424.6980940643   -31397.5127994515      194.7357330124   -31424.6980940643       27.1852946127      1.15093092
        22   -31426.7162754995   -31397.5116923735      209.2004513238   -31426.7162754995       29.2045831260      1.15531567
        23   -31428.8679839015   -31397.5114962046      224.6151348855   -31428.8679839015       31.3564876969      1.14783227
        24   -31431.1607697681   -31397.5112130178      241.0410184131   -31431.1607697681       33.6495567503      1.15016382
        25   -31433.5974643807   -31397.5113783199      258.4945471694   -31433.5974643807       36.0860860607      1.12695059
        26   -31436.1740087068   -31397.5124144625      276.9436197709   -31436.1740087068       38.6615942443      1.15516836
        27   -31438.8784084192   -31397.5136474496      296.3071455746   -31438.8784084192       41.3647609696      1.15614499
        28   -31441.6927414166   -31397.5149100627      316.4579414775   -31441.6927414166       44.1778313539      1.15318334
        29   -31444.5939875237   -31397.5165286651      337.2287698104   -31444.5939875237       47.0774588586      1.15662469
        30   -31447.5547976504   -31397.5188739912      358.4210658570   -31447.5547976504       50.0359236592      0.16234488
        31   -31450.5436550584   -31397.5210129330      379.8157506702   -31450.5436550584       53.0226421253      0.16269035
        32   -31453.5289620612   -31397.5231003403      401.1853721126   -31453.5289620612       56.0058617208      0.15899504
        33   -31456.4793682230   -31397.5249423341      422.3067472083   -31456.4793682229       58.9544258889      0.16065179
        34   -31459.3657397927   -31397.5262451620      442.9732871234   -31459.3657397913       61.8394946307      0.15902470
        35   -31462.1642460776   -31397.5281389911      463.0061903639   -31462.1642459979       64.6361070865      0.16088859
        36   -31464.8534153327   -31397.5289203528      482.2638513343   -31464.8534123385       67.3244949799      0.16302005
        37   -31467.4205361120   -31397.5294524406      500.6490311642   -31467.4204691915       69.8910836714      0.16038907
        38   -31469.8594658812   -31397.5302033812      518.1143758724   -31469.8586002291       72.3292625000      0.16328007
        39   -31472.1747511572   -31397.5339200826      534.6727765515   -31472.1682113667       74.6408310746      0.16318816
        40   -31474.3854629532   -31397.5453997575      550.4264803559   -31474.3554887157       76.8400631957      0.16334520
        41   -31476.5209151622   -31397.5655250782      565.5791479298   -31476.4323431327       78.9553900840      0.16259509
        42   -31478.5958464651   -31397.5835313866      580.3134666953   -31478.4132617504       81.0123150785      0.16364579
        43   -31480.6025159143   -31397.5919876789      594.6272164400   -31480.3144568743       83.0105282354      0.16292074
        44   -31482.5416557069   -31397.6011262265      608.4523455227   -31482.1571894764       84.9405294805      0.16320580
        45   -31484.4439799655   -31397.6233761880      621.9198341615   -31483.9657979230       86.8206037775      0.15957194
        46   -31486.3575828865   -31397.6646027997      635.3321799999   -31485.7648292732       88.6929800867      0.16233106
        47   -31488.3051425626   -31397.7203090213      648.8840459800   -31487.5678132980       90.5848335413      0.16031598
reaction occured at step 47 between IDs 1 and 13
        48   -31490.2622235380   -31397.7173661999      662.9242348478   -31489.9807300820       92.5448573381      0.08350490
        49   -31492.2000435995   -31397.7040157235      676.9010053900   -31492.0192356976       94.4960278759      0.16071627
        50   -31494.1054280060   -31397.7079104369      690.5218983944   -31493.9932652300       96.3975175691      0.15410792
        51   -31495.9683607791   -31397.7145410618      703.8191006012   -31495.9021656215       98.2538197173      0.15836589
        52   -31497.7816856680   -31397.7221721351      716.7537814198   -31497.7453912292      100.0595135329      0.15785609
        53   -31499.5368780404   -31397.7285592773      729.2809536744   -31499.5188102901      101.8083187631      0.15828392
        54   -31501.2247775718   -31397.7330953843      741.3393482975   -31501.2167831424      103.4916821876      0.15173846
        55   -31502.8355179403   -31397.7358859220      752.8575346330   -31502.8324314935      105.0996320183      0.15680320
        56   -31504.3598105555   -31397.7376719055      763.7636678630   -31504.3587856750      106.6221386500      0.15854811
        57   -31505.7888509188   -31397.7384462270      773.9947298598   -31505.7885607766      108.0504046918      0.16065143
        58   -31507.1164228855   -31397.7387492068      783.5023222090   -31507.1163529791      109.3776736787      0.10544938
        59   -31508.3387947098   -31397.7392447274      792.2549578174   -31508.3387802797      110.5995499824      0.15833717
        60   -31509.4532473170   -31397.7392019898      800.2383941200   -31509.4532447240      111.7140453272      0.15928122
        61   -31510.4609027974   -31397.7393770355      807.4552532252   -31510.4609023811      112.7215257619      0.15845972
        62   -31511.3632186148   -31397.7386159312      813.9242412874   -31511.3632185529      113.6246026836      0.16027309
        63   -31512.1660086595   -31397.7380678583      819.6787728970   -31512.1660086506      114.4279408011      0.16074051
        64   -31512.8760071481   -31397.7380450101      824.7648507731   -31512.8760071468      115.1379621380      0.15838804
        65   -31513.5001281386   -31397.7376775470      829.2382331107   -31513.5001281384      115.7624505915      0.15842750
        66   -31514.0469916708   -31397.7369172565      833.1610129840   -31514.0469916708      116.3100744144      0.15627981
        67   -31514.5265732553   -31397.7367133266      836.5978484182   -31514.5265732553      116.7898599287      0.15369420
        68   -31514.9468456655   -31397.7361907884      839.6121182242   -31514.9468456655      117.2106548770      0.15631621
        69   -31515.3162455885   -31397.7356310809      842.2622406843   -31515.3162455885      117.5806145076      0.16093360
        70   -31515.6423501728   -31397.7356022882      844.5984236513   -31515.6423501728      117.9067478846      0.15516899
        71   -31515.9298933011   -31397.7353355508      846.6600847803   -31515.9298933011      118.1945577504      0.16093539
        72   -31516.1833943567   -31397.7355985337      848.4740986582   -31516.1833943567      118.4477958230      0.15684731
        73   -31516.4035923619   -31397.7352404167      850.0540027471   -31516.4035923619      118.6683519452      0.16086573
        74   -31516.5912295629   -31397.7349446343      851.4002183320   -31516.5912295629      118.8562849286      0.15866230
        75   -31516.7455431893   -31397.7355510130      852.5012655703   -31516.7455431893      119.0099921763      0.16093217
        76   -31516.8626002976   -31397.7360946319      853.3358837006   -31516.8626002975      119.1265056657      0.15726012
        77   -31516.9378393977   -31397.7359461296      853.8759058056   -31516.9378393976      119.2018932682      0.15824556
        78   -31516.9682218495   -31397.7364874073      854.0896663329   -31516.9682218486      119.2317344423      0.15545355
        79   -31516.9483117678   -31397.7366748045      853.9457025709   -31516.9483117614      119.2116369634      0.15989511
        80   -31516.8745360957   -31397.7367768376      853.4164962741   -31516.8745360505      119.1377592581      0.16039758
        81   -31516.7442734295   -31397.7369767675      852.4819568613   -31516.7442731228      119.0072966621      0.15725330
        82   -31516.5557746983   -31397.7368759265      851.1324110209   -31516.5557727630      118.8188987718      0.15832852
        83   -31516.3096181135   -31397.7366275920      849.3709026736   -31516.3096072199      118.5729905214      0.15722396
        84   -31516.0084227833   -31397.7364484793      847.2146408206   -31516.0083696537      118.2719743041      0.15777534
        85   -31515.6564522326   -31397.7361425770      844.6955703425   -31515.6562319924      117.9203096556      0.15774100
        86   -31515.2606092057   -31397.7361212000      841.8601911334   -31515.2598408144      117.5244880057      0.16117087
        87   -31514.8292908357   -31397.7363869812      838.7686353041   -31514.8270381526      117.0929038545      0.15810920
        88   -31514.3724186456   -31397.7368641284      835.4925163688   -31514.3668405232      116.6355545172      0.15994451
        89   -31513.9015015317   -31397.7380853788      832.1104595705   -31513.8897142383      116.1634161529      0.15768609
        90   -31513.4270637879   -31397.7396508368      828.7007178795   -31513.4055134020      115.6874129511      0.15908858
        91   -31512.9588918892   -31397.7416797850      825.3325400509   -31512.9242653944      115.2172121042      0.15852418
        92   -31512.5035594471   -31397.7432049073      822.0599438195   -31512.4538742206      114.7603545397      0.15797927
        93   -31512.0668984656   -31397.7447997975      818.9205966236   -31512.0022680489      114.3220986681      0.15779217
        94   -31511.6513844074   -31397.7454999537      815.9391398736   -31511.5741749907      113.9058844537      0.15839080
        95   -31511.2597522307   -31397.7457557608      813.1319385949   -31511.1741701659      113.5139964699      0.15798582
        96   -31510.8938761900   -31397.7458124174      810.5106621644   -31510.8052172856      113.1480637726      0.15795999
        97   -31510.5550882716   -31397.7458009900      808.0839130982   -31510.4688884106      112.8092872816      0.15449556
        98   -31510.2446328148   -31397.7461659671      805.8574209486   -31510.1658801276      112.4984668476      0.13827218
        99   -31509.9622720221   -31397.7463384152      803.8335577345   -31509.8947758557      112.2159336069      0.15622456
       100   -31509.7089776789   -31397.7475272796      802.0106246129   -31509.6549490581      111.9614503993      0.15331576
       101   -31509.4834690895   -31397.7493761224      800.3820008721   -31509.4433573380      111.7340929672      0.15798478
       102   -31509.2836045196   -31397.7514995907      798.9351050685   -31509.2562355245      111.5321049289      0.15787810
       103   -31509.1064940306   -31397.7537381747      797.6503783921   -31509.0895116430      111.3527558559      0.14279157
       104   -31508.9483102444   -31397.7560134586      796.5009659957   -31508.9388311062      111.1922967858      0.15871511
       105   -31508.8041319567   -31397.7579726953      795.4541427651   -31508.7994183473      111.0461592614      0.15899121
       106   -31508.6688798845   -31397.7593938318      794.4751150276   -31508.6668059477      110.9094860527      0.15916788
       107   -31508.5379885696   -31397.7600916895      793.5325056363   -31508.5371828360      110.7778968800      0.16032095
       108   -31508.4083664750   -31397.7601359961      792.6036695864   -31508.4080888937      110.6482304789      0.15975765
       109   -31508.2794598537   -31397.7604340096      791.6781412949   -31508.2793740423      110.5190258441      0.15798857
       110   -31508.1508702181   -31397.7601977615      790.7587107221   -31508.1508459273      110.3906724566      0.15809230
       111   -31508.0252794538   -31397.7599737062      789.8606745476   -31508.0252729742      110.2653057476      0.16025218
       112   -31507.9063249223   -31397.7597693335      789.0100345400   -31507.9063232329      110.1465555888      0.16033655
       113   -31507.7987886084   -31397.7595786766      788.2410881117   -31507.7987881590      110.0392099318      0.15798754
       114   -31507.7080238307   -31397.7592027022      787.5936082841   -31507.7080237029      109.9488211285      0.15924342
       115   -31507.6404143557   -31397.7591427447      787.1097325344   -31507.6404143148      109.8812716110      0.15661413
       116   -31507.6010341373   -31397.7587136265      786.8307151040   -31507.6010341219      109.8423205108      0.16046044
       117   -31507.5952626539   -31397.7581010395      786.7937605126   -31507.5952626469      109.8371616145      0.15984644
       118   -31507.6279038401   -31397.7578799401      787.0291620904   -31507.6279038359      109.8700238999      0.16032201
       119   -31507.7018028629   -31397.7579624429      787.5579301014   -31507.7018028598      109.9438404201      0.15999782
       120   -31507.8183690807   -31397.7583588072      788.3900866732   -31507.8183690775      110.0600102735      0.16028585
       121   -31507.9765325067   -31397.7582634812      789.5237375860   -31507.9765325024      110.2182690254      0.15848189
       122   -31508.1756374395   -31397.7589635447      790.9449661664   -31508.1756374320      110.4166738948      0.14730495
       123   -31508.4106592547   -31397.7589546809      792.6285554819   -31508.4106592378      110.6517045738      0.15479781
       124   -31508.6777680128   -31397.7593004601      794.5394519788   -31508.6777679655      110.9184675527      0.15518461
       125   -31508.9709521576   -31397.7599641459      796.6348563809   -31508.9709519992      111.2109880117      0.15385602
       126   -31509.2825207127   -31397.7599556613      798.8667683056   -31509.2825201077      111.5225650514      0.15433172
       127   -31509.6067415137   -31397.7605761170      801.1848064709   -31509.6067390068      111.8461653967      0.14714167
       128   -31509.9357048423   -31397.7608746465      803.5391227101   -31509.9356941270      112.1748301959      0.15694818
       129   -31510.2634143523   -31397.7613452083      805.8832251872   -31510.2633693248      112.5020691440      0.15856962
       130   -31510.5842285343   -31397.7619951208      808.1766497973   -31510.5840503549      112.8222334135      0.15797962
       131   -31510.8931339748   -31397.7622569285      810.3875489229   -31510.8924934421      113.1308770464      0.15414889
       132   -31511.1884616339   -31397.7633236341      812.4954209648   -31511.1864260185      113.4251379998      0.15679573
       133   -31511.4688201295   -31397.7646855797      814.4939498914   -31511.4632016991      113.7041345497      0.15509528
       134   -31511.7362514630   -31397.7670591644      816.3926313570   -31511.7228929075      113.9691922986      0.15852592
       135   -31511.9942560404   -31397.7707684120      818.2142186579   -31511.9668731953      114.2234876284      0.15416857
       136   -31512.2454936355   -31397.7746423124      819.9861527532   -31512.1966979286      114.4708513231      0.15832506
       137   -31512.4931620872   -31397.7789075140      821.7297170957   -31512.4165291126      114.7142545732      0.15534426
       138   -31512.7368512142   -31397.7817165478      823.4552073719   -31512.6290039894      114.9551346664      0.15167241
       139   -31512.9772864105   -31397.7831045640      825.1675679881   -31512.8388833372      115.1941818464      0.15292918
       140   -31513.2168650147   -31397.7839473230      826.8776984276   -31513.0521509511      115.4329176917      0.14780332
       141   -31513.4588904858   -31397.7841631000      828.6098476907   -31513.2743238595      115.6747273858      0.15725773
       142   -31513.7084350045   -31397.7839350032      830.3990375476   -31513.5112343920      115.9245000014      0.15243386
       143   -31513.9713728002   -31397.7843154335      832.2798080788   -31513.7686023339      116.1870573667      0.15176706
       144   -31514.2494720681   -31397.7842309238      834.2725148943   -31514.0478214546      116.4652411443      0.14640633
       145   -31514.5426947841   -31397.7841354609      836.3736335829   -31514.3487105260      116.7585593232      0.15611486
       146   -31514.8462158602   -31397.7832967175      838.5538465764   -31514.6665629353      117.0629191427      0.15507171
       147   -31515.1547371592   -31397.7832149633      840.7644550183   -31514.9960358626      117.3715221958      0.15653295
       148   -31515.4593378030   -31397.7827426213      842.9497766186   -31515.3273094564      117.6765951817      0.15583358
       149   -31515.7541992225   -31397.7829173850      845.0606980829   -31515.6522826331      117.9712818374      0.15400118
       150   -31516.0358997603   -31397.7850600890      847.0632476409   -31515.9640291723      118.2508396714      0.15044457
       151   -31516.3007228922   -31397.7881786134      848.9379096330   -31516.2551204175      118.5125442788      0.15503821
       152   -31516.5475873566   -31397.7931258143      850.6708294452   -31516.5219119885      118.7544615423      0.15376952
       153   -31516.7709104029   -31397.7968572895      852.2438241900   -31516.7582300875      118.9740531134      0.15731474
       154   -31516.9674750709   -31397.7997789149      853.6309424981   -31516.9620228677      119.1676961561      0.15749660
       155   -31517.1328601920   -31397.8014338198      854.8037870117   -31517.1308221975      119.3314263721      0.15587480
       156   -31517.2643658778   -31397.8021326498      855.7407924520   -31517.2636994249      119.4622332279      0.15763156
       157   -31517.3610419726   -31397.8020652191      856.4337929005   -31517.3608484049      119.5589767535      0.15743160
       158   -31517.4246370972   -31397.8020702330      856.8893063322   -31517.4245859560      119.6225668643      0.15436591
       159   -31517.4576050669   -31397.8019539033      857.1262982566   -31517.4575923784      119.6556511636      0.15670149
       160   -31517.4636370885   -31397.8014735053      857.1729485071   -31517.4636340170      119.6621635832      0.15407320
       161   -31517.4481494345   -31397.8012560734      857.0635637108   -31517.4481486774      119.6468933610      0.15426471
       162   -31517.4158241827   -31397.8007356034      856.8357373226   -31517.4158239840      119.6150885793      0.15470001
       163   -31517.3725189380   -31397.8004450585      856.5276112117   -31517.3725188800      119.5720738795      0.15557133
       164   -31517.3231988651   -31397.8003203401      856.1752113741   -31517.3231988455      119.5228785250      0.15165750
       165   -31517.2721479133   -31397.8002561597      855.8099791246   -31517.2721479054      119.4718917536      0.15605738
       166   -31517.2224870288   -31397.7999201512      855.4566514878   -31517.2224870248      119.4225668775      0.15545455
       167   -31517.1771093019   -31397.7999128085      855.1316509626   -31517.1771092994      119.3771964933      0.15310913
       168   -31517.1368525574   -31397.8000726104      854.8421361387   -31517.1368525554      119.3367799469      0.15419120
       169   -31517.1009946045   -31397.8000024541      854.5857783216   -31517.1009946025      119.3009921505      0.15774958
       170   -31517.0688147794   -31397.8005556814      854.3513024757   -31517.0688147769      119.2682590981      0.15291724
       171   -31517.0369562446   -31397.8010211016      854.1197571060   -31517.0369562407      119.2359351430      0.14904525
       172   -31517.0012915494   -31397.8007238249      853.8664105721   -31517.0012915422      119.2005677245      0.15548189
       173   -31516.9590802645   -31397.8008503560      853.5631331664   -31516.9590802493      119.1582299085      0.15680455
       174   -31516.9064755020   -31397.8015828838      853.1810635041   -31516.9064754663      119.1048926182      0.14800191
       175   -31516.8384591340   -31397.8016504879      852.6933593098   -31516.8384590442      119.0368086461      0.15361211
       176   -31516.7527261805   -31397.8018494228      852.0778055880   -31516.7527259474      118.9508767577      0.15646064
       177   -31516.6471460661   -31397.8021886796      851.3190760363   -31516.6471454610      118.8449573865      0.15761476
       178   -31516.5200840851   -31397.8019695362      850.4104659473   -31516.5200825582      118.7181145489      0.15408630
       179   -31516.3726711244   -31397.8019067391      849.3549562493   -31516.3726674660      118.5707643854      0.15571639
       180   -31516.2060920139   -31397.8013720969      848.1655341102   -31516.2060838420      118.4047199169      0.15595798
       181   -31516.0252076796   -31397.8020839489      846.8647107447   -31516.0251908952      118.2231237307      0.15665644
       182   -31515.8315995843   -31397.8013243650      845.4832838830   -31515.8315681954      118.0302752194      0.15461289
       183   -31515.6325746233   -31397.8012084440      844.0584437892   -31515.6325215270      117.8313661793      0.15342546
       184   -31515.4328415339   -31397.8007002002      842.6313414945   -31515.4327606348      117.6321413338      0.15617474
       185   -31515.2390230235   -31397.8005114544      841.2443183010   -31515.2389122893      117.4385115691      0.15253523
       186   -31515.0561807551   -31397.8000274158      839.9380362074   -31515.0560448291      117.2561533393      0.15524277
       187   -31514.8902136003   -31397.8000919028      838.7487059491   -31514.8900642175      117.0901216975      0.15695634
       188   -31514.7440559592   -31397.7995467208      837.7056439055   -31514.7439092674      116.9445092384      0.15520853
       189   -31514.6214899885   -31397.7993143632      836.8293346301   -31514.6213616291      116.8221756253      0.15653430
       190   -31514.5238675032   -31397.7993028946      836.1301201041   -31514.5237677838      116.7245646086      0.15682287
       191   -31514.4514568978   -31397.7998339426      835.6076190040   -31514.4513884290      116.6516229552      0.15566188
       192   -31514.4021360237   -31397.8003076764      835.2509265492   -31514.4020946888      116.6018283473      0.15705634
       193   -31514.3728035975   -31397.8004766575      835.0395998648   -31514.3727817748      116.5723269400      0.14097185
       194   -31514.3597148138   -31397.8005458644      834.9453455636   -31514.3597047885      116.5591689494      0.15332549
       195   -31514.3587802282   -31397.8011526714      834.9343041453   -31514.3587762360      116.5576275568      0.15587078
       196   -31514.3635870399   -31397.8010134862      834.9697336795   -31514.3635856645      116.5625735537      0.15580142
       197   -31514.3703565692   -31397.8014813077      835.0148745434   -31514.3703561588      116.5688752615      0.15341604
       198   -31514.3735141366   -31397.8017184132      835.0357946141   -31514.3735140300      116.5717957234      0.15488580
       199   -31514.3692816466   -31397.8019277977      835.0039762471   -31514.3692816222      116.5673538489      0.15451598
       200   -31514.3547329010   -31397.8021087866      834.8984631125   -31514.3547328960      116.5526241144      0.15147398
       201   -31514.3281405456   -31397.8021860319      834.7074214367   -31514.3281405447      116.5259545137      0.14660385
       202   -31514.2893176349   -31397.8022333849      834.4289830604   -31514.2893176348      116.4870842500      0.15531663
       203   -31514.2390927565   -31397.8019388100      834.0713185802   -31514.2390927564      116.4371539464      0.14776203
       204   -31514.1805000011   -31397.8018920757      833.6519373495   -31514.1805000011      116.3786079254      0.15523346
       205   -31514.1167374459   -31397.8017412541      833.1962690272   -31514.1167374459      116.3149961917      0.97851427
       206   -31514.0519381988   -31397.8012466567      832.7356371580   -31514.0519381988      116.2506915422      1.04101538
       207   -31513.9917780408   -31397.8012351945      832.3047755269   -31513.9917780408      116.1905428463      1.08217477
       208   -31513.9401191863   -31397.8006295501      831.9390673590   -31513.9401191863      116.1394896362      1.06035775
       209   -31513.9028161258   -31397.8006478561      831.6717241587   -31513.9028161258      116.1021682697      1.07678874
       210   -31513.8831109998   -31397.8005732280      831.5311055097   -31513.8831109998      116.0825377718      1.06498528
       211   -31513.8836407536   -31397.8000864571      831.5383871552   -31513.8836407536      116.0835542965      0.89945982
       212   -31513.9070993170   -31397.8001811398      831.7057490507   -31513.9070993170      116.1069181772      1.04925911
       213   -31513.9529460400   -31397.8000353901      832.0352057664   -31513.9529460400      116.1529106499      1.09524100
       214   -31514.0205584592   -31397.8002228668      832.5181891509   -31514.0205584592      116.2203355924      1.09851122
       215   -31514.1070472456   -31397.8004779886      833.1359045782   -31514.1070472456      116.3065692569      1.10598750
       216   -31514.2089280958   -31397.8012132713      833.8604380636   -31514.2089280958      116.4077148246      1.09716425
       217   -31514.3202625178   -31397.8014126973      834.6565285676   -31514.3202625178      116.5188498205      0.93243928
       218   -31514.4364229174   -31397.8020735108      835.4838838302   -31514.4364229174      116.6343494066      1.04527926
       219   -31514.5505529338   -31397.8022915637      836.2998665163   -31514.5505529338      116.7482613701      1.06514179
       220   -31514.6572277589   -31397.8025238347      837.0623437708   -31514.6572277589      116.8547039242      0.15569432
       221   -31514.7513898007   -31397.8031297004      837.7325123591   -31514.7513898007      116.9482601003      0.15211266
       222   -31514.8271356588   -31397.8027973526      838.2774814469   -31514.8271356586      117.0243383062      0.15586072
       223   -31514.8830602078   -31397.8035882978      838.6724185962   -31514.8830602064      117.0794719101      0.15490467
       224   -31514.9151113993   -31397.8035738744      838.9021134036   -31514.9151113911      117.1115375249      0.15526772
       225   -31514.9233024314   -31397.8034262766      838.9618453002   -31514.9233023883      117.1198761548      0.15265314
       226   -31514.9086633299   -31397.8033535715      838.8575022015   -31514.9086631291      117.1053097584      0.15574450
       227   -31514.8729394372   -31397.8028886005      838.6049328592   -31514.8729386205      117.0700508366      0.14649777
       228   -31514.8200545766   -31397.8025415274      838.2285902556   -31514.8200517102      117.0175130491      0.15794794
       229   -31514.7544760535   -31397.8024381611      837.7595737214   -31514.7544674221      116.9520378923      0.15783959
       230   -31514.6811398556   -31397.8025845041      837.2331980966   -31514.6811175911      116.8785553516      0.15752741
       231   -31514.6042470322   -31397.8020428198      836.6862739139   -31514.6041977558      116.8022042125      0.15791663
       232   -31514.5296017419   -31397.8016624666      836.1542937686   -31514.5295078148      116.7279392753      0.15600531
       233   -31514.4621095244   -31397.8019571472      835.6687175966   -31514.4619545738      116.6601523772      0.15336183
       234   -31514.4043876651   -31397.8020488131      835.2545834346   -31514.4041653075      116.6023388520      0.15467360
       235   -31514.3583164005   -31397.8014776122      834.9286539791   -31514.3580375842      116.5568387882      0.15264799
       236   -31514.3265536943   -31397.8018813603      834.6982368311   -31514.3262471895      116.5246723340      0.15429460
       237   -31514.3074273700   -31397.8019455573      834.5607698557   -31514.3071314318      116.5054818127      0.15833821
       238   -31514.2996193391   -31397.8020424711      834.5041445656   -31514.2993683207      116.4975768680      0.15510191
       239   -31514.3002261199   -31397.8021517117      834.5077085822   -31514.3000392976      116.4980744082      0.15339753
       240   -31514.3054670619   -31397.8023461446      834.5438581132   -31514.3053453274      116.5031209173      0.15482592
       241   -31514.3108657686   -31397.8026813820      834.5801291351   -31514.3107964962      116.5081843866      0.15526772
       242   -31514.3114261353   -31397.8030259871      834.5816746944   -31514.3113917797      116.5084001482      0.14715571
       243   -31514.3023887178   -31397.8034429773      834.5139501750   -31514.3023738747      116.4989457405      0.15252817
       244   -31514.2793111253   -31397.8038951715      834.3453998495   -31514.2793055268      116.4754159538      0.15753186
       245   -31514.2378673613   -31397.8037017260      834.0499124864   -31514.2378655069      116.4341656353      0.15491957
       246   -31514.1767146147   -31397.8041232643      833.6088389697   -31514.1767140696      116.3725913504      0.15637017
       247   -31514.0935686733   -31397.8042363559      833.0124316456   -31514.0935685288      116.2893323174      0.15662225
       248   -31513.9883524195   -31397.8039738636      832.2606190214   -31513.9883523842      116.1843785559      0.15708084
       249   -31513.8630074205   -31397.8039279684      831.3630671214   -31513.8630074123      116.0590794521      0.15568696
       250   -31513.7197659326   -31397.8037093539      830.3385549911   -31513.7197659307      115.9160565786      0.15293176
       251   -31513.5623866862   -31397.8033615936      829.2136953210   -31513.5623866858      115.7590250926      0.15755926
       252   -31513.3956520608   -31397.8031130407      828.0211098502   -31513.3956520607      115.5925390201      0.15814094
       253   -31513.2246598684   -31397.8029790790      826.7972054096   -31513.2246598684      115.4216807894      0.15653903
       254   -31513.0543806425   -31397.8026624962      825.5797163092   -31513.0543806425      115.2517181463      0.15728469
       255   -31512.8899407553   -31397.8021865170      824.4051977960   -31512.8899407553      115.0877542383      0.14137524
       256   -31512.7365078297   -31397.8021115728      823.3066524486   -31512.7365078297      114.9343962570      0.15513445
       257   -31512.5972664733   -31397.8017971006      822.3114810140   -31512.5972664733      114.7954693727      0.15300634
       258   -31512.4758909900   -31397.8020943912      821.4399055118   -31512.4758909900      114.6737965989      0.15292402
       259   -31512.3730630032   -31397.8020031581      820.7039739232   -31512.3730630032      114.5710598451      0.15205649
       260   -31512.2895354617   -31397.8017835074      820.1072166166   -31512.2895354617      114.4877519542      0.15490368
       261   -31512.2253517789   -31397.8021294983      819.6449728384   -31512.2253517789      114.4232222806      0.15581750
       262   -31512.1781524410   -31397.8023441016      819.3053337533   -31512.1781524410      114.3758083394      0.15008195
       263   -31512.1454285641   -31397.8023863101      819.0706212825   -31512.1454285641      114.3430422540      0.15175022
       264   -31512.1247462859   -31397.8028318311      818.9192770528   -31512.1247462858      114.3219144547      0.15446131
       265   -31512.1116821297   -31397.8025117662      818.8279876267   -31512.1116821295      114.3091703635      0.15319553
       266   -31512.1044925607   -31397.8028732117      818.7738976355   -31512.1044925599      114.3016193490      0.15576358
       267   -31512.0990848685   -31397.8026532254      818.7367366727   -31512.0990848648      114.2964316431      0.15452289
       268   -31512.0939995619   -31397.8026001313      818.7006895522   -31512.0939995457      114.2913994306      0.15354052
       269   -31512.0878507487   -31397.8027040027      818.6558998553   -31512.0878506794      114.2851467460      0.15841088
       270   -31512.0806280791   -31397.8033565020      818.5994878573   -31512.0806278005      114.2772715771      0.15499577
       271   -31512.0711954399   -31397.8027833707      818.5360247683   -31512.0711944151      114.2684120692      0.15468053
       272   -31512.0633668505   -31397.8031318852      818.4774499269   -31512.0633634711      114.2602349653      0.15404307
       273   -31512.0579923148   -31397.8026443545      818.4424429676   -31512.0579824647      114.2553479603      0.15515471
       274   -31512.0594595954   -31397.8023178554      818.4552923040   -31512.0594344490      114.2571417400      0.15271490
       275   -31512.0714684852   -31397.8018961899      818.5443357861   -31512.0714125278      114.2695722953      0.15622726
       276   -31512.0990011048   -31397.8021012423      818.7400906573   -31512.0988927255      114.2968998625      0.15459771
       277   -31512.1449776072   -31397.8015794056      819.0731710329   -31512.1447947578      114.3433982016      0.15068823
       278   -31512.2147754380   -31397.8017179285      819.5721597911   -31512.2145061742      114.4130575096      0.15890824
       279   -31512.3104845375   -31397.8011763140      820.2616300950   -31512.3101376659      114.5093082235      0.15937509
       280   -31512.4357299792   -31397.8009429262      821.1604694191   -31512.4353384600      114.6347870530      0.15787191
       281   -31512.5923662775   -31397.8012043764      822.2806254119   -31512.5919789800      114.7911619011      0.15378290
       282   -31512.7802706440   -31397.8012484788      823.6263200878   -31512.7799353658      114.9790221652      0.15819340
       283   -31512.9991893832   -31397.8013576851      825.1937128785   -31512.9989362306      115.1978316981      0.15751200
       284   -31513.2472932896   -31397.8013476604      826.9710211228   -31513.2471274155      115.4459456292      0.15602076
       285   -31513.5221515644   -31397.8014577300      828.9391179888   -31513.5220578406      115.7206938344      0.15824729
       286   -31513.8205899402   -31397.8020578786      831.0726150253   -31513.8205445869      116.0185320616      0.15731986
       287   -31514.1378538792   -31397.8025957052      833.3414111722   -31514.1378352056      116.3352581740      0.15748462
       288   -31514.4693169501   -31397.8030404320      835.7125864999   -31514.4693104412      116.6662765180      0.15815509
       289   -31514.8097059146   -31397.8028186472      838.1524748621   -31514.8097039987      117.0068872674      0.15623466
       290   -31515.1557916559   -31397.8032145671      840.6287460123   -31515.1557911790      117.3525770888      0.15495038
       291   -31515.5031308453   -31397.8038427335      843.1123323105   -31515.5031307443      117.6992881118      0.15665475
       292   -31515.8471082246   -31397.8034571141      845.5790990656   -31515.8471082062      118.0436511105      0.15730927
       293   -31516.1868167288   -31397.8036494565      848.0111465959   -31516.1868167258      118.3831672723      0.15794485
       294   -31516.5197244784   -31397.8033999298      850.3976436835   -31516.5197244780      118.7163245486      0.15519756
       295   -31516.8460658713   -31397.8034258441      852.7351310941   -31516.8460658712      119.0426400272      0.15608427
       296   -31517.1661418743   -31397.8035175969      855.0272661770   -31517.1661418743      119.3626242774      1.03877735
       297   -31517.4811057551   -31397.8034392739      857.2840000232   -31517.4811057551      119.6776664811      1.09235227
       298   -31517.7933127474   -31397.8034656482      859.5202355452   -31517.7933127474      119.9898470992      1.09797869
       299   -31518.1048899833   -31397.8031973529      861.7540707483   -31518.1048899833      120.3016926304      1.09666621
       300   -31518.4185955158   -31397.8027093312      864.0047254851   -31518.4185955158      120.6158861846      0.76503170
       301   -31518.7378731817   -31397.8029128325      866.2903413742   -31518.7378731817      120.9349603492      0.93197167
       302   -31519.0637205143   -31397.8027278906      868.6258001168   -31519.0637205143      121.2609926237      0.88542774
       303   -31519.3975966192   -31397.8022656930      871.0207572191   -31519.3975966192      121.5953309262      1.08366336
       304   -31519.7407655928   -31397.8023926179      873.4780616459   -31519.7407655928      121.9383729749      1.08998666
       305   -31520.0923008925   -31397.8028832452      875.9926910652   -31520.0923008925      122.2894176473      1.09223704
       306   -31520.4494964086   -31397.8028886123      878.5513422212   -31520.4494964086      122.6466077963      1.08060970
       307   -31520.8104500901   -31397.8034816626      881.1327044123   -31520.8104500901      123.0069684275      1.08128680
       308   -31521.1703202986   -31397.8037801116      883.7084156987   -31521.1703202986      123.3665401870      1.06655247
       309   -31521.5247744411   -31397.8041753908      886.2446365954   -31521.5247744411      123.7205990503      1.09021620
       310   -31521.8684520507   -31397.8045067918      888.7041198033   -31521.8684520507      124.0639452589      1.09764612
       311   -31522.1959498738   -31397.8047099679      891.0486212665   -31522.1959498738      124.3912399059      1.09916094
       312   -31522.5024089658   -31397.8050495435      893.2414394524   -31522.5024089658      124.6973594223      1.08817015
       313   -31522.7832336517   -31397.8054934327      895.2498841188   -31522.7832336517      124.9777402190      1.09095466
       314   -31523.0342953576   -31397.8056101284      897.0474721606   -31523.0342953576      125.2286852292      1.08361476
       315   -31523.2534553478   -31397.8058485758      898.6156673084   -31523.2534553478      125.4476067720      1.04068654
       316   -31523.4387907463   -31397.8056061720      899.9450120839   -31523.4387907463      125.6331845743      1.08947874
       317   -31523.5911569626   -31397.8057296400      901.0355687098   -31523.5911569626      125.7854273225      1.08228789
       318   -31523.7112560742   -31397.8056243538      901.8966258313   -31523.7112560742      125.9056317204      1.08191630
       319   -31523.8015213091   -31397.8052820355      902.5456726243   -31523.8015213091      125.9962392735      1.08004609
       320   -31523.8660309409   -31397.8054252806      903.0067467340   -31523.8660309409      126.0606056603      1.05084127
       321   -31523.9074503384   -31397.8047511792      903.3082740289   -31523.9074503384      126.1026991591      1.06118059
       322   -31523.9308354040   -31397.8040850641      903.4805592436   -31523.9308354040      126.1267503399      1.09274754
       323   -31523.9409672264   -31397.8040833619      903.5531484642   -31523.9409672264      126.1368838645      1.08885677
       324   -31523.9410211957   -31397.8042604304      903.5522666707   -31523.9410211957      126.1367607653      1.08410101
       325   -31523.9332193312   -31397.8039607779      903.4985262652   -31523.9332193312      126.1292585533      1.08665287
       326   -31523.9201441809   -31397.8039257684      903.4051161549   -31523.9201441809      126.1162184126      1.04266275
       327   -31523.9021198995   -31397.8038416094      903.2766061300   -31523.9021198995      126.0982782902      1.08207783
       328   -31523.8790463974   -31397.8042414687      903.1084599939   -31523.8790463974      126.0748049287      1.07678874
       329   -31523.8480190899   -31397.8040884680      902.8872988535   -31523.8480190899      126.0439306219      1.07811819
       330   -31523.8070934677   -31397.8043998316      902.5919069965   -31523.8070934677      126.0026936361      1.09052788
       331   -31523.7521415084   -31397.8048701580      902.1949019395   -31523.7521415084      125.9472713504      1.08054526
       332   -31523.6781884519   -31397.8049049620      901.6649065702   -31523.6781884519      125.8732834898      1.08059359
       333   -31523.5815158249   -31397.8053691059      900.9690891979   -31523.5815158249      125.7761467191      1.04218298
       334   -31523.4568303860   -31397.8053789950      900.0758623097   -31523.4568303860      125.6514513910      1.05935035
       335   -31523.3010217810   -31397.8056941987      898.9575045810   -31523.3010217810      125.4953275823      1.06214478
       336   -31523.1102521042   -31397.8054780952      897.5925169912   -31523.1102521042      125.3047740090      1.08818649
       337   -31522.8835681406   -31397.8056450716      895.9675213932   -31522.8835681406      125.0779230690      1.07778151
       338   -31522.6200507042   -31397.8058282743      894.0785612780   -31522.6200507042      124.8142224300      1.06531401
       339   -31522.3199242588   -31397.8054077030      891.9316857733   -31522.3199242588      124.5145165558      1.01770045
       340   -31521.9862200361   -31397.8051968233      889.5427813479   -31521.9862200361      124.1810232128      1.08526980
       341   -31521.6219003051   -31397.8046945335      886.9366570773   -31521.6219003051      123.8172057716      1.06650539
       342   -31521.2321198187   -31397.8045687908      884.1454531112   -31521.2321198187      123.4275510279      1.07661279
       343   -31520.8214630028   -31397.8041924511      881.2065013581   -31520.8214630028      123.0172705517      0.97178372
       344   -31520.3955657686   -31397.8036174953      878.1598010433   -31520.3955657686      122.5919482733      0.85281779
       345   -31519.9608496927   -31397.8036862533      875.0453178438   -31519.9608496927      122.1571634393      1.04168868
       346   -31519.5212312226   -31397.8031146413      871.9003045950   -31519.5212312226      121.7181165813      1.07704476
       347   -31519.0823855736   -31397.8030942892      868.7568784491   -31519.0823855736      121.2792912843      1.05239764
       348   -31518.6469829850   -31397.8028047521      865.6400441381   -31518.6469829850      120.8441782329      1.07816630
       349   -31518.2180322955   -31397.8029477789      862.5663279770   -31518.2180322955      120.4150845165      1.07442627
       350   -31517.7954223963   -31397.8023791835      859.5431301851   -31517.7954223963      119.9930432128      0.89278985
       351   -31517.3805240364   -31397.8026947483      856.5688387848   -31517.3805240364      119.5778292881      1.04695528
       352   -31516.9711659740   -31397.8030853150      853.6336967979   -31516.9711659740      119.1680806590      1.05586255
       353   -31516.5647892090   -31397.8032752745      850.7213476677   -31516.5647892090      118.7615139345      1.06142924
       354   -31516.1586785971   -31397.8034646991      847.8109088973   -31516.1586785971      118.3552138980      0.99931850
       355   -31515.7496264510   -31397.8036550500      844.8793924742   -31515.7496264510      117.9459714010      1.08405237
       356   -31515.3344473136   -31397.8038026074      841.9042932703   -31515.3344473136      117.5306447062      1.07906521
       357   -31514.9104981684   -31397.8039868360      838.8661094057   -31514.9104981684      117.1065113324      1.06853371
       358   -31514.4759181777   -31397.8043352915      835.7505974732   -31514.4759181777      116.6715828863      1.06821874
       359   -31514.0291571245   -31397.8042970764      832.5505990702   -31514.0291571245      116.2248600481      1.07053814
       360   -31513.5704389739   -31397.8039315732      829.2672931495   -31513.5704389739      115.7665074008      1.08228789
       361   -31513.1019871163   -31397.8040518291      825.9107823850   -31513.1019871163      115.2979352872      1.07296293
       362   -31512.6256563288   -31397.8038724913      822.4999787534   -31512.6256563288      114.8217838375      1.07281999
       363   -31512.1458863516   -31397.8040758642      819.0617977998   -31512.1458863516      114.3418104874      1.07969213
       364   -31511.6656929745   -31397.8030008987      815.6297410058   -31511.6656929745      113.8626920758      1.04236284
       365   -31511.1928807877   -31397.8031259042      812.2419619832   -31511.1928807877      113.3897548835      1.09241813
       366   -31510.7308541250   -31397.8022010013      808.9389634147   -31510.7308541250      112.9286531237      1.08714185
       367   -31510.2869795388   -31397.8019580532      805.7611081273   -31510.2869795388      112.4850214857      1.08686471
       368   -31509.8655863353   -31397.8014602101      802.7461190423   -31509.8655863353      112.0641261252      1.08902038
       369   -31509.4720602371   -31397.8015207440      799.9267498793   -31509.4720602371      111.6705394931      1.09861112
       370   -31509.1089596871   -31397.8010965703      797.3287993704   -31509.1089596871      111.3078631168      1.06809280
       371   -31508.7798821896   -31397.8013637819      794.9696127491   -31508.7798821896      110.9785184077      1.07174124
       372   -31508.4846972841   -31397.8010784082      792.8571663944   -31508.4846972841      110.6836188758      1.09273106
       373   -31508.2241288627   -31397.8011957451      790.9898026984   -31508.2241288627      110.4229331175      1.09253340
       374   -31507.9964490445   -31397.8015083968      789.3566300082   -31507.9964490445      110.1949406477      1.09419930
       375   -31507.7979861557   -31397.8010105561      787.9385519883   -31507.7979861557      109.9969755996      1.08910220
       376   -31507.6269083537   -31397.8014614467      786.7098448456   -31507.6269083537      109.8254469071      1.09358843
       377   -31507.4780758771   -31397.8019575435      785.6401632541   -31507.4780758771      109.6761183336      1.06666235
       378   -31507.3466671303   -31397.8022412712      784.6968138834   -31507.3466671303      109.5444258591      1.09713103
       379   -31507.2283314239   -31397.8025190976      783.8471525654   -31507.2283314239      109.4258123263      1.09006863
       380   -31507.1187147419   -31397.8026617152      783.0609165517   -31507.1187147419      109.3160530267      1.08924951
       381   -31507.0144191431   -31397.8028701537      782.3123254256   -31507.0144191431      109.2115489894      1.08678322
       382   -31506.9125693030   -31397.8030011214      781.5818088861   -31506.9125693030      109.1095681817      1.09182569
       383   -31506.8114041852   -31397.8029867158      780.8572385487   -31506.8114041852      109.0084174694      1.07302647
       384   -31506.7108739749   -31397.8033397649      780.1345840495   -31506.7108739749      108.9075342101      1.04503811
       385   -31506.6104441348   -31397.8029540180      779.4179407278   -31506.6104441348      108.8074901168      1.05942778
       386   -31506.5126065583   -31397.8026968370      778.7189455499   -31506.5126065583      108.7099097213      1.07060139
       387   -31506.4197269707   -31397.8024176018      778.0556237881   -31506.4197269707      108.6173093688      1.11029096
       388   -31506.3351039555   -31397.8022378699      777.4507333538   -31506.3351039555      108.5328660856      1.10014531
       389   -31506.2622184451   -31397.8020819273      776.9297514808   -31506.2622184451      108.4601365177      1.10011191
       390   -31506.2043404123   -31397.8015943271      776.5186480478   -31506.2043404123      108.4027460852      1.03400538
       391   -31506.1656587350   -31397.8015895337      776.2415949041   -31506.1656587350      108.3640692013      1.05632421
       392   -31506.1483115125   -31397.8013844031      776.1188013911   -31506.1483115125      108.3469271094      1.10428554
       393   -31506.1546421540   -31397.8013175970      776.1646280649   -31506.1546421540      108.3533245569      1.09567149
       394   -31506.1853291694   -31397.8010838311      776.3861221157   -31506.1853291694      108.3842453383      1.08128680
       395   -31506.2410017736   -31397.8014789382      776.7820900118   -31506.2410017736      108.4395228354      1.07810215
       396   -31506.3199515433   -31397.8021559208      777.3427794870   -31506.3199515433      108.5177956225      1.07563813
       397   -31506.4182669193   -31397.8017160941      778.0501901313   -31506.4182669193      108.6165508251      1.05986156
       398   -31506.5348632943   -31397.8026118597      778.8789853795   -31506.5348632943      108.7322514346      1.08632712
       399   -31506.6632384535   -31397.8026990374      779.7979474317   -31506.6632384535      108.8605394162      1.08879134
       400   -31506.7990713515   -31397.8025737431      780.7718533094   -31506.7990713515      108.9964976083      0.93114551
       401   -31506.9381627913   -31397.8032125287      781.7636277044   -31506.9381627913      109.1349502626      1.09352243
       402   -31507.0744460074   -31397.8036634406      782.7366318120   -31507.0744460074      109.2707825668      1.09678238
       403   -31507.2027770995   -31397.8035245228      783.6568977829   -31507.2027770995      109.3992525767      1.09484393
       404   -31507.3205468586   -31397.8042722020      784.4951590870   -31507.3205468586      109.5162746566      1.07247075
       405   -31507.4230621766   -31397.8044062034      785.2285445820   -31507.4230621766      109.6186559733      1.10099763
       406   -31507.5085844517   -31397.8043177211      785.8417979534   -31507.5085844517      109.7042667306      1.02711826
       407   -31507.5760240727   -31397.8038892137      786.3279560002   -31507.5760240727      109.7721348589      1.05953619
       408   -31507.6263290134   -31397.8038707446      786.6884364085   -31507.6263290134      109.8224582688      1.08817015
       409   -31507.6610681617   -31397.8045333247      786.9325362276   -31507.6610681617      109.8565348370      1.10011191
       410   -31507.6803558238   -31397.8037406963      787.0763768642   -31507.6803558238      109.8766151275      1.09756301
       411   -31507.6893253164   -31397.8036360902      787.1413771260   -31507.6893253164      109.8856892262      1.06850221
       412   -31507.6906903041   -31397.8034684609      787.1523556823   -31507.6906903041      109.8872218432      1.07842298
       413   -31507.6883523576   -31397.8034971053      787.1354031414   -31507.6883523576      109.8848552523      1.08719078
       414   -31507.6848445526   -31397.8027425920      787.1156805570   -31507.6848445526      109.8821019606      1.09312660
       415   -31507.6845244869   -31397.8024759612      787.1152977878   -31507.6845244869      109.8820485257      1.08080307
       416   -31507.6895697217   -31397.8024772216      787.1514291624   -31507.6895697217      109.8870925001      1.08172253
       417   -31507.7011591776   -31397.8024290208      787.2347928940   -31507.7011591776      109.8987301568      1.05183254
       418   -31507.7198038109   -31397.8023911318      787.3686209328   -31507.7198038109      109.9174126790      1.03475826
       419   -31507.7452783126   -31397.8027946058      787.5482115919   -31507.7452783126      109.9424837068      1.08505858
       420   -31507.7752186719   -31397.8030173675      787.7610869060   -31507.7752186719      109.9722013043      1.09230288
       421   -31507.8070155913   -31397.8031731600      787.9877409901   -31507.8070155913      110.0038424313      1.10384826
       422   -31507.8373080638   -31397.8034226428      788.2029471779   -31507.8373080638      110.0338854210      1.06043532
       423   -31507.8618832876   -31397.8036247247      788.3775386889   -31507.8618832876      110.0582585629      1.07696474
       424   -31507.8763187388   -31397.8036835357      788.4805225117   -31507.8763187388      110.0726352031      1.05744927
       425   -31507.8771311273   -31397.8043778303      788.4813684507   -31507.8771311273      110.0727532970      1.07559025
       426   -31507.8591375963   -31397.8043997150      788.3523190794   -31507.8591375963      110.0547378813      1.08782717
       427   -31507.8200214103   -31397.8046202442      788.0705393828   -31507.8200214103      110.0154011661      1.03614881
       428   -31507.7570616187   -31397.8045634903      787.6199476446   -31507.7570616187      109.9524981284      1.05819035
       429   -31507.6691724673   -31397.8042565749      786.9925720288   -31507.6691724673      109.8649158923      1.07345557
       430   -31507.5571969256   -31397.8044140634      786.1893323315   -31507.5571969256      109.7527828622      1.04633558
       431   -31507.4216278471   -31397.8041392648      785.2201822397   -31507.4216278471      109.6174885823      1.10024552
       432   -31507.2657351618   -31397.8041243681      784.1035868211   -31507.2657351618      109.4616107937      1.08942961
       433   -31507.0920602728   -31397.8033054860      782.8653717602   -31507.0920602728      109.2887547867      1.08880770
       434   -31506.9067297175   -31397.8034160757      781.5370058994   -31506.9067297175      109.1033136419      1.05467947
       435   -31506.7138142206   -31397.8036447841      780.1534608999   -31506.7138142206      108.9101694364      1.06979547
       436   -31506.5172078561   -31397.8028500936      778.7508080908   -31506.5172078561      108.7143577625      1.08320988
       437   -31506.3231071428   -31397.8023870992      777.3637279192   -31506.3231071428      108.5207200437      1.01516315
       438   -31506.1357410249   -31397.8021700323      776.0231278576   -31506.1357410249      108.3335709926      1.09456284
       439   -31505.9587201656   -31397.8023113470      774.7540665390   -31505.9587201656      108.1564088186      1.08164182
       440   -31505.7939101133   -31397.8022167553      773.5741644476   -31505.7939101133      107.9916933579      1.09258281
       441   -31505.6430989577   -31397.8023921525      772.4926062948   -31505.6430989577      107.8407068052      1.08225557
       442   -31505.5059471019   -31397.8024349969      771.5098429711   -31505.5059471019      107.7035121051      1.07256597
       443   -31505.3814868676   -31397.8024732849      770.6180258557   -31505.3814868676      107.5790135827      1.07159863
       444   -31505.2679644353   -31397.8028523340      769.8021182566   -31505.2679644353      107.4651121013      1.04982145
       445   -31505.1618375797   -31397.8028919565      769.0416186099   -31505.1618375797      107.3589456232      1.07988517
       446   -31505.0607274436   -31397.8035333860      768.3127441953   -31505.0607274436      107.2571940576      1.09573774
       447   -31504.9598526021   -31397.8034288282      767.5908989716   -31504.9598526021      107.1564237739      1.08862780
       448   -31504.8569128351   -31397.8034692145      766.8532238452   -31504.8569128351      107.0534436206      1.09148040
       449   -31504.7492674401   -31397.8036228443      766.0810298187   -31504.7492674401      106.9456445958      1.06107184
       450   -31504.6351921070   -31397.8038988543      765.2618997358   -31504.6351921070      106.8312932526      0.88262425
       451   -31504.5130708696   -31397.8033155222      764.3912903342   -31504.5130708696      106.7097553474      1.08593649
       452   -31504.3854413287   -31397.8038083430      763.4735146624   -31504.3854413287      106.5816329856      1.09524100
       453   -31504.2517997319   -31397.8030001889      762.5219922237   -31504.2517997319      106.4487995430      1.08694621
       454   -31504.1172783199   -31397.8029471307      761.5587584675   -31504.1172783199      106.3143311892      1.09747991
       455   -31503.9851353486   -31397.8027957240      760.6132666327   -31503.9851353486      106.1823396246      1.11148284
       456   -31503.8602787118   -31397.8025626419      759.7205538770   -31503.8602787118      106.0577160699      1.09125033
       457   -31503.7479101431   -31397.8021016664      758.9189290458   -31503.7479101431      105.9458084766      1.06730636
       458   -31503.6535041615   -31397.8014456646      758.2473721882   -31503.6535041615      105.8520584969      1.07299470
       459   -31503.5831383301   -31397.8015143087      757.7428306922   -31503.5831383301      105.7816240214      1.08897129
       460   -31503.5401172952   -31397.8010974168      757.4376455125   -31503.5401172952      105.7390198784      1.06725921
       461   -31503.5288572441   -31397.8010512031      757.3573177151   -31503.5288572441      105.7278060410      1.08421453
       462   -31503.5512243921   -31397.8008756222      757.5187974742   -31503.5512243921      105.7503487699      1.08122228
       463   -31503.6088124649   -31397.8011385827      757.9294330013   -31503.6088124649      105.8076738823      1.06418778
       464   -31503.7005780973   -31397.8011558051      758.5866520647   -31503.7005780973      105.8994222922      1.09842798
       465   -31503.8250975599   -31397.8011847372      759.4784119316   -31503.8250975599      106.0239128227      1.08870956
       466   -31503.9798607174   -31397.8015546945      760.5843728365   -31503.9798607174      106.1783060230      1.08502610
       467   -31504.1606659115   -31397.8018121532      761.8776858606   -31504.1606659115      106.3588537583      1.06181800
       468   -31504.3632847420   -31397.8020691631      763.3272591697   -31504.3632847420      106.5612155789      1.08897129
       469   -31504.5828343589   -31397.8020201016      764.9003048258   -31504.5828343589      106.7808142573      1.09631785
       470   -31504.8154844760   -31397.8022835708      766.5649542208   -31504.8154844760      107.0132009053      1.04312795
       471   -31505.0573090558   -31397.8029083802      768.2927344324   -31505.0573090558      107.2544006756      1.08421453
       472   -31505.3043476654   -31397.8031353809      770.0607137853   -31505.3043476654      107.5012122845      1.08052915
       473   -31505.5543454158   -31397.8029083658      771.8531425166   -31505.5543454158      107.7514370500      1.07557428
       474   -31505.8070350229   -31397.8030160355      773.6624563172   -31505.8070350229      108.0040189874      1.08949512
       475   -31506.0622474098   -31397.8031611378      775.4895733433   -31506.0622474098      108.2590862721      1.07611725
       476   -31506.3206487454   -31397.8027577601      777.3434625968   -31506.3206487454      108.5178909853      1.03128350
       477   -31506.5849759062   -31397.8023229760      779.2400251378   -31506.5849759062      108.7826529303      1.07064884
       478   -31506.8585077117   -31397.8021872789      781.2003806339   -31506.8585077117      109.0563204328      1.07506375
       479   -31507.1443391533   -31397.8020707188      783.2487047193   -31507.1443391533      109.3422684345      1.09095466
       480   -31507.4455212679   -31397.8015655497      785.4097736049   -31507.4455212679      109.6439557182      1.09669940
       481   -31507.7661682928   -31397.8015951523      787.7064442732   -31507.7661682928      109.9645731405      1.08652255
       482   -31508.1080905897   -31397.8013813680      790.1572590062   -31508.1080905897      110.3067092217      1.08227173
       483   -31508.4732797316   -31397.8012189170      792.7743728271   -31508.4732797316      110.6720608146      1.03913479
       484   -31508.8619994827   -31397.8007827538      795.5620035413   -31508.8619994827      111.0612167290      1.06063706
       485   -31509.2749584293   -31397.8014312176      798.5154967895   -31509.2749584293      111.4735272117      1.08848066
       486   -31509.7083477855   -31397.8012736900      801.6211122117   -31509.7083477855      111.9070740955      1.08183556
       487   -31510.1605960708   -31397.8018523793      804.8565455997   -31510.1605960708      112.3587436915      1.10511059
       488   -31510.6265137284   -31397.8021190212      808.1921317379   -31510.6265137284      112.8243947072      1.08533481
       489   -31511.1017577810   -31397.8026466570      811.5926558341   -31511.1017577810      113.2991111240      1.05184781
       490   -31511.5803390218   -31397.8028240239      815.0195941986   -31511.5803390218      113.7775149979      1.08526980
       491   -31512.0575335903   -31397.8034184032      818.4336122744   -31512.0575335903      114.2541151871      1.08507483
       492   -31512.5270439604   -31397.8033780459      821.7971331190   -31512.5270439604      114.7236659146      1.09630127
       493   -31512.9853217589   -31397.8038174689      825.0767551690   -31512.9853217589      115.1815042900      1.09011782
       494   -31513.4282103994   -31397.8043673349      828.2453493199   -31513.4282103994      115.6238430646      1.09824489
       495   -31513.8524083943   -31397.8044148865      831.2836554571   -31513.8524083943      116.0479935078      1.08938049
       496   -31514.2566821300   -31397.8041782526      834.1812743528   -31514.2566821300      116.4525038775      1.04995832
       497   -31514.6414030000   -31397.8041992276      836.9369853758   -31514.6414030000      116.8372037724      1.09393505
       498   -31515.0071023071   -31397.8039536316      839.5583492401   -31515.0071023071      117.2031486754      1.09026540
       499   -31515.3561716542   -31397.8037001094      842.0606449115   -31515.3561716542      117.5524715449      1.09194084
       500   -31515.6922693718   -31397.8041164334      844.4652229444   -31515.6922693718      117.8881529385      0.91718222
       501   -31516.0174837179   -31397.8037584882      846.7973867000   -31516.0174837179      118.2137252297      1.08970807
       502   -31516.3366440543   -31397.8037096268      849.0839698696   -31516.3366440543      118.5329344275      1.06060602
       503   -31516.6523602489   -31397.8029737288      851.3508031366   -31516.6523602489      118.8493865200      1.06977968
       504   -31516.9690249839   -31397.8028213399      853.6202512241   -31516.9690249839      119.1662036440      1.06410966
       505   -31517.2884535514   -31397.8027375741      855.9090058367   -31517.2884535514      119.4857159774      1.07798990
       506   -31517.6117970420   -31397.8025818827      858.2263193408   -31517.6117970420      119.8092151593      1.08862780
       507   -31517.9397354333   -31397.8029491659      860.5728011709   -31517.9397354333      120.1367862674      1.09278049
       508   -31518.2703627558   -31397.8031306896      862.9398751998   -31518.2703627558      120.4672320662      1.08143201
       509   -31518.6014340344   -31397.8033370976      865.3099511553   -31518.6014340344      120.7980969368      1.03929870
       510   -31518.9294580891   -31397.8036690513      867.6572996912   -31518.9294580891      121.1257890379      1.08012657
       511   -31519.2496376475   -31397.8038460107      869.9495662110   -31519.2496376475      121.4457916368      1.08834990
       512   -31519.5567313123   -31397.8037829272      872.1498143738   -31519.5567313123      121.7529483851      1.08709294
       513   -31519.8463336423   -31397.8045312531      874.2189549525   -31519.8463336423      122.0418023892      1.06392222
       514   -31520.1116357209   -31397.8046725194      876.1183746891   -31520.1116357209      122.3069632014      1.07444220
       515   -31520.3485363544   -31397.8050626468      877.8125644137   -31520.3485363544      122.5434737077      0.97637878
       516   -31520.5524764557   -31397.8053261150      879.2715560854   -31520.5524764557      122.7471503407      1.07555832
       517   -31520.7202328015   -31397.8053621563      880.4729826985   -31520.7202328015      122.9148706452      1.08737020
       518   -31520.8503697472   -31397.8055843637      881.4035976563   -31520.8503697472      123.0447853835      1.06982705
       519   -31520.9417260897   -31397.8052863351      882.0601430938   -31520.9417260897      123.1364397546      1.08815382
       520   -31520.9958733145   -31397.8050803157      882.4494903126   -31520.9958733145      123.1907929988      1.08928225
       521   -31521.0146645371   -31397.8045271748      882.5880593018   -31521.0146645371      123.2101373623      1.07999781
       522   -31521.0024638323   -31397.8045430820      882.5005483549   -31521.0024638323      123.1979207504      1.06970073
       523   -31520.9623055486   -31397.8038191754      882.2180690787   -31520.9623055486      123.1584863732      1.09802859
       524   -31520.9003848922   -31397.8036351259      881.7758328051   -31520.9003848922      123.0967497663      1.08877498
       525   -31520.8212059123   -31397.8033682851      881.2105634756   -31520.8212059123      123.0178376272      1.08830087
       526   -31520.7299468234   -31397.8032296274      880.5578427964   -31520.7299468234      122.9267171960      1.07277236
       527   -31520.6308967962   -31397.8030528681      879.8495864182   -31520.6308967962      122.8278439281      1.08064192
       528   -31520.5274844134   -31397.8026315956      879.1118328042   -31520.5274844134      122.7248528178      1.06298598
       529   -31520.4224744096   -31397.8021555661      878.3630272311   -31520.4224744096      122.6203188435      1.08939686
       530   -31520.3182771209   -31397.8026734878      877.6129234137   -31520.3182771209      122.5156036331      1.07412373
       531   -31520.2131658173   -31397.8023671274      876.8621768162   -31520.2131658173      122.4107986899      1.08985554
       532   -31520.1074205273   -31397.8026507703      876.1026624439   -31520.1074205273      122.3047697570      1.10686581
       533   -31519.9979556694   -31397.8026567153      875.3184930117   -31519.9979556694      122.1952989541      1.07477679
       534   -31519.8823658047   -31397.8030549177      874.4876386252   -31519.8823658047      122.0793108870      1.08987193
       535   -31519.7562378768   -31397.8030729205      873.5840206725   -31519.7562378768      121.9531649564      1.05428059
       536   -31519.6163051691   -31397.8033120081      872.5799315980   -31519.6163051691      121.8129931610      1.07315358
       537   -31519.4585670822   -31397.8035119246      871.4485782947   -31519.4585670822      121.6550551576      1.05120706
       538   -31519.2798143133   -31397.8037304440      870.1665577937   -31519.2798143133      121.4760838693      0.79183635
       539   -31519.0771490405   -31397.8035522002      868.7160875818   -31519.0771490405      121.2735968402      1.07007977
       540   -31518.8498721740   -31397.8037246071      867.0868059574   -31518.8498721740      121.0461475669      1.07890458
       541   -31518.5968897057   -31397.8033915762      865.2770086355   -31518.5968897057      120.7934981295      1.02129996
       542   -31518.3204439035   -31397.8037432240      863.2942324661   -31518.3204439035      120.5167006795      1.07445813
       543   -31518.0213448581   -31397.8032640845      861.1551360500   -31518.0213448581      120.2180807736      1.07495214
       544   -31517.7043973800   -31397.8032739988      858.8846831814   -31517.7043973800      119.9011233812      1.07560621
       545   -31517.3727358252   -31397.8024657337      856.5146901828   -31517.3727358252      119.5702700915      1.07528705
       546   -31517.0329419229   -31397.8022990673      854.0818469975   -31517.0329419229      119.2306428556      1.08206168
       547   -31516.6896493633   -31397.8019339978      851.6253631852   -31516.6896493633      118.8877153655      1.06046636
       548   -31516.3483776564   -31397.8014203274      849.1844197644   -31516.3483776564      118.5469573289      1.04243780
       549   -31516.0146228838   -31397.8011450099      846.7956148220   -31516.0146228838      118.2134778738      1.08522105
       550   -31515.6923839736   -31397.8006861050      844.4906162530   -31515.6923839736      117.8916978686      0.88711840
       551   -31515.3860216311   -31397.8009482946      842.2941805008   -31515.3860216311      117.5850733365      1.07115518
       552   -31515.0964105273   -31397.8005166122      840.2227088682   -31515.0964105273      117.2958939150      1.08020706
       553   -31514.8256332424   -31397.8004629912      838.2834408978   -31514.8256332424      117.0251702513      1.08337180
       554   -31514.5731722316   -31397.8005536108      836.4743441937   -31514.5731722316      116.7726186208      1.05303984
       555   -31514.3376511971   -31397.8009067619      834.7847126090   -31514.3376511971      116.5367444353      1.08131907
       556   -31514.1158128610   -31397.8007979154      833.1964033662   -31514.1158128610      116.3150149456      1.07004818
       557   -31513.9048465443   -31397.8007379141      831.6856234943   -31513.9048465443      116.1041086303      1.08397130
       558   -31513.7017934678   -31397.8015726822      830.2251188555   -31513.7017934678      115.9002207856      1.06144479
       559   -31513.5012057181   -31397.8018046970      828.7865917178   -31513.5012057181      115.6994010211      1.07895277
       560   -31513.2998044469   -31397.8019082680      827.3431571807   -31513.2998044469      115.4978961789      1.09254987
       561   -31513.0944623693   -31397.8019917338      825.8716375838   -31513.0944623693      115.2924706355      1.06258079
       562   -31512.8830220139   -31397.8023405396      824.3545336444   -31512.8830220139      115.0806814743      1.08823551
       563   -31512.6630804334   -31397.8019939897      822.7815141181   -31512.6630804334      114.8610864437      1.09431494
       564   -31512.4350314184   -31397.8016614917      821.1503181540   -31512.4350314184      114.6333699267      1.09534031
       565   -31512.2000474669   -31397.8016705153      819.4669989221   -31512.2000474669      114.3983769517      1.09228642
       566   -31511.9600460703   -31397.8019916507      817.7455026088   -31511.9600460703      114.1580544195      1.09362143
       567   -31511.7164194886   -31397.8011139897      816.0066254081   -31511.7164194886      113.9153054989      1.07953131
       568   -31511.4748752898   -31397.8011094024      814.2764108207   -31511.4748752898      113.6737658874      1.06716493
       569   -31511.2378504891   -31397.8003288326      812.5841285000   -31511.2378504891      113.4375216566      1.06906959
       570   -31511.0108124613   -31397.8000229504      810.9599838577   -31511.0108124613      113.2107895109      1.05843760
       571   -31510.7976872400   -31397.8001032930      809.4327338365   -31510.7976872400      112.9975839469      1.08157725
       572   -31510.6014323058   -31397.8000355719      808.0273909377   -31510.6014323058      112.8013967339      1.08167410
       573   -31510.4248039357   -31397.7998914831      806.7631855509   -31510.4248039357      112.6249124526      0.74895964
       574   -31510.2694210373   -31397.7996378454      805.6519520428   -31510.2694210373      112.4697831918      1.01035162
       575   -31510.1365461979   -31397.8000663397      804.6970636464   -31510.1365461979      112.3364798582      1.09851122
       576   -31510.0244706004   -31397.8002409411      803.8929846362   -31510.0244706004      112.2242296592      1.10049611
       577   -31509.9313099823   -31397.8002646469      803.2254797268   -31509.9313099823      112.1310453354      1.03273829
       578   -31509.8537677318   -31397.7999222460      802.6724759980   -31509.8537677318      112.0538454858      1.02099783
       579   -31509.7893327050   -31397.8006794003      802.2054864968   -31509.7893327050      111.9886533047      1.05135955
       580   -31509.7316309959   -31397.8007719371      801.7914904377   -31509.7316309959      111.9308590588      1.07974038
       581   -31509.6769079713   -31397.8013799300      801.3951391596   -31509.6769079713      111.8755280413      1.08487992
       582   -31509.6191536867   -31397.8014248581      800.9811075224   -31509.6191536867      111.8177288287      1.05564725
       583   -31509.5547155508   -31397.8018568148      800.5164252287   -31509.5547155507      111.7528587359      0.15546622
       584   -31509.4788614567   -31397.8019191349      799.9726151005   -31509.4788614564      111.6769423218      0.15519225
       585   -31509.3889322592   -31397.8020501621      799.3274889716   -31509.3889322572      111.5868820971      0.15586709
       586   -31509.2823285436   -31397.8016825843      798.5664903340   -31509.2823285321      111.4806459593      0.08280341
       587   -31509.1596399638   -31397.8022625906      797.6834835899   -31509.1596399055      111.3573773732      0.14880472
       588   -31509.0191558099   -31397.8017352878      796.6809342203   -31509.0191555536      111.2174205221      0.15671098
       589   -31508.8642295651   -31397.8019691715      795.5694795973   -31508.8642286016      111.0622603935      0.15807196
       590   -31508.6956250141   -31397.8012435237      794.3669168980   -31508.6956219439      110.8943814903      0.15711694
       591   -31508.5181805799   -31397.8011253707      793.0966800350   -31508.5181723148      110.7170552092      0.15799339
       592   -31508.3350745874   -31397.8010069175      791.7858900250   -31508.3350557865      110.5340676699      0.15824107
       593   -31508.1497811210   -31397.8003735785      790.4631188075   -31508.1497448851      110.3494075425      0.15786675
       594   -31507.9675914600   -31397.8006564128      789.1560181989   -31507.9675320482      110.1669350472      0.15693425
       595   -31507.7904842452   -31397.8004263994      787.8889982175   -31507.7904010327      109.9900578458      0.15501301
       596   -31507.6216374334   -31397.8002009805      786.6811168610   -31507.6215375397      109.8214364530      0.15512681
       597   -31507.4630352700   -31397.8002900710      785.5443678170   -31507.4629323061      109.6627451990      0.15693221
       598   -31507.3147602564   -31397.8002549129      784.4824850116   -31507.3146691609      109.5145053436      0.15554229
       599   -31507.1765306484   -31397.8005333082      783.4903141358   -31507.1764616448      109.3759973402      0.15511851
       600   -31507.0458613054   -31397.8006016687      782.5538040525   -31507.0458167599      109.2452596367      0.14982630
       601   -31506.9197039710   -31397.8005288549      781.6506259966   -31506.9196796159      109.1191751161      0.15785781
       602   -31506.7942942487   -31397.8006513739      780.7514040689   -31506.7942830507      108.9936428748      0.15303509
       603   -31506.6650515974   -31397.8012256608      779.8214896800   -31506.6650472979      108.8638259366      0.15611015
       604   -31506.5263305341   -31397.8018703787      778.8231743059   -31506.5263291635      108.7244601554      0.14915720
       605   -31506.3719620597   -31397.8017655301      777.7181415794   -31506.3719616982      108.5701965297      0.15430905
       606   -31506.1976846926   -31397.8017339525      776.4699711235   -31506.1976846136      108.3959507400      0.15289982
       607   -31505.9993265717   -31397.8020870873      775.0465478137   -31505.9993265573      108.1972394843      0.15247234
       608   -31505.7726334507   -31397.8021563011      773.4221869193   -31505.7726334485      107.9704771496      0.15481831
       609   -31505.5157412786   -31397.8025312324      771.5793119876   -31505.5157412786      107.7132100462      1.00858008
       610   -31505.2269431808   -31397.8026683439      769.5095897133   -31505.2269431808      107.4242748368      1.08497737
       611   -31504.9061620089   -31397.8022941606      767.2144264403   -31504.9061620089      107.1038678484      1.09317607
       612   -31504.5556113169   -31397.8020943378      764.7047669237   -31504.5556113169      106.7535169791      1.08982276
       613   -31504.1777672745   -31397.8018085853      762.0002131788   -31504.1777672745      106.3759586892      1.08181941
       614   -31503.7765536219   -31397.8016254928      759.1275211149   -31503.7765536219      105.9749281290      1.08520480
       615   -31503.3561268350   -31397.8012519792      756.1185641317   -31503.3561268350      105.5548748558      1.06763652
       616   -31502.9214887933   -31397.8008620064      753.0079259276   -31502.9214887933      105.1206267869      1.06086994
       617   -31502.4777810075   -31397.8007554924      749.8302881624   -31502.4777810075      104.6770255151      1.09562180
       618   -31502.0290154458   -31397.8004541541      746.6178157391   -31502.0290154458      104.2285612918      1.09934433
       619   -31501.5794370484   -31397.8003994038      743.3977543718   -31501.5794370484      103.7790376446      1.09674918
       620   -31501.1318619203   -31397.8005714726      740.1904182061   -31501.1318619203      103.3312904477      1.08879134
       621   -31500.6867797315   -31397.7997921696      737.0077545865   -31500.6867797315      102.8869875619      1.09716425
       622   -31500.2461181330   -31397.7995929991      733.8526012209   -31500.2461181330      102.4465251338      1.05490973
       623   -31499.8089246196   -31397.7998948741      730.7187015757   -31499.8089246196      102.0090297455      1.03201773
       624   -31499.3728524981   -31397.8003848454      727.5914873835   -31499.3728524981      101.5724676528      1.09861112
       625   -31498.9342740445   -31397.8004205978      724.4495733402   -31498.9342740445      101.1338534468      1.09438104
       626   -31498.4897794678   -31397.8002378701      721.2668455142   -31498.4897794678      100.6895415976      1.04789378
       627   -31498.0364560119   -31397.8008799201      718.0149658928   -31498.0364560119      100.2355760918      1.08613177
       628   -31497.5694013198   -31397.8013294180      714.6661049589   -31497.5694013198       99.7680719019      1.08431186
       629   -31497.0852395790   -31397.8016432686      711.1956732133   -31497.0852395790       99.2835963104      1.02621659
       630   -31496.5807761340   -31397.8012576384      707.5848253575   -31496.5807761340       98.7795184956      1.01880198
       631   -31496.0561216252   -31397.8018203846      703.8225498852   -31496.0561216252       98.2543012406      1.09524100
       632   -31495.5094160438   -31397.8017075065      699.9071562042   -31495.5094160438       97.7077085373      1.09006863
       633   -31494.9422607711   -31397.8013482278      695.8470408025   -31494.9422607711       97.1409125433      1.08652255
       634   -31494.3576717720   -31397.8011798309      691.6606754911   -31494.3576717720       96.5564919412      1.08740283
       635   -31493.7588931535   -31397.8005743025      687.3757973309   -31493.7588931535       95.9583188511      1.08841527
       636   -31493.1520073875   -31397.8006649318      683.0278586765   -31493.1520073875       95.3513424557      1.08588768
       637   -31492.5414613541   -31397.8001741227      678.6578655251   -31492.5414613541       94.7412872314      1.03795914
       638   -31491.9340594228   -31397.7997711453      674.3097652778   -31491.9340594228       94.1342882775      1.08397130
       639   -31491.3356744882   -31397.7991825199      670.0275861021   -31491.3356744882       93.5364919682      1.07366229
       640   -31490.7526248412   -31397.7989703607      665.8525610735   -31490.7526248412       92.9536544804      1.07998172
       641   -31490.1896294264   -31397.7988600689      661.8204603157   -31490.1896294264       92.3907693575      1.08673434
       642   -31489.6504053138   -31397.7986505840      657.9593504720   -31489.6504053138       91.8517547298      1.07714080
       643   -31489.1378643784   -31397.7986395777      654.2879577996   -31489.1378643784       91.3392248007      1.09467857
       644   -31488.6528160900   -31397.7984518253      650.8147685910   -31488.6528160900       90.8543642647      1.08523730
       645   -31488.1957915649   -31397.7988757165      647.5379399259   -31488.1957915649       90.3969158484      1.09479431
       646   -31487.7644376954   -31397.7991564356      644.4460227990   -31487.7644376954       89.9652812598      1.08655513
       647   -31487.3556617156   -31397.7989346729      641.5194367134   -31487.3556617156       89.5567270427      1.09314309
       648   -31486.9668278788   -31397.7991488701      638.7325787756   -31486.9668278788       89.1676790087      1.04070148
       649   -31486.5936609329   -31397.7995792001      636.0563988623   -31486.5936609329       88.7940817327      1.07835880
       650   -31486.2313475354   -31397.7995568121      633.4612088416   -31486.2313475354       88.4317907233      0.89953797
       651   -31485.8770360539   -31397.8000677354      630.9195184873   -31485.8770360539       88.0769683184      1.07304236
       652   -31485.5265165116   -31397.8000653565      628.4086677606   -31485.5265165116       87.7264511551      1.07345557
       653   -31485.1780398490   -31397.7999819361      625.9130312642   -31485.1780398490       87.3780579129      1.07990126
       654   -31484.8309290211   -31397.8001154047      623.4256249815   -31484.8309290211       87.0308136164      1.04564119
       655   -31484.4848575249   -31397.7997830809      620.9490003164   -31484.4848575249       86.6850744440      1.05959815
       656   -31484.1419207858   -31397.7993789965      618.4953448181   -31484.1419207858       86.3425417893      1.06314191
       657   -31483.8057681305   -31397.7996042519      616.0857774425   -31483.8057681305       86.0061638786      1.09235227
       658   -31483.4788611543   -31397.7989257685      613.7489131343   -31483.4788611543       85.6799353858      1.08668546
       659   -31483.1673264778   -31397.7987157404      611.5188091582   -31483.1673264778       85.3686107374      1.08198091
       660   -31482.8757594563   -31397.7984057770      609.4324548445   -31482.8757594563       85.0773536794      1.08725601
       661   -31482.6096552768   -31397.7983055972      607.5269951238   -31482.6096552768       84.8113496796      1.08060970
       662   -31482.3733160140   -31397.7979006484      605.8369328220   -31482.3733160140       84.5754153656      1.07933839
       663   -31482.1716241089   -31397.7979884307      604.3915294933   -31482.1716241089       84.3736356782      1.06927463
       664   -31482.0069968602   -31397.7979398605      603.2126072106   -31482.0069968602       84.2090569998      1.07930625
       665   -31481.8810407572   -31397.7975791066      602.3129332235   -31481.8810407572       84.0834616506      1.08046472
       666   -31481.7950690808   -31397.7978267473      601.6953205715   -31481.7950690808       83.9972423335      1.08072249
       667   -31481.7472395784   -31397.7978525791      601.3525196673   -31481.7472395784       83.9493869994      1.07606932
       668   -31481.7352937863   -31397.7977217107      601.2678861226   -31481.7352937863       83.9375720756      1.07707677
       669   -31481.7567564322   -31397.7983988831      601.4167781792   -31481.7567564322       83.9583575491      1.06666235
       670   -31481.8061570670   -31397.7986923124      601.7685465818   -31481.8061570670       84.0074647546      1.08007828
       671   -31481.8787979970   -31397.7986838196      602.2889543541   -31481.8787979970       84.0801141774      1.07974038
       672   -31481.9707973043   -31397.7994007331      602.9428352151   -31481.9707973043       84.1713965711      1.07220103
       673   -31482.0763028085   -31397.7996588421      603.6967512183   -31482.0763028085       84.2766439664      1.07749310
       674   -31482.1916647756   -31397.7998909586      604.5214579642   -31482.1916647756       84.3917738170      1.08781084
       675   -31482.3137274615   -31397.8001470256      605.3939922353   -31482.3137274615       84.5135804359      1.07614921
       676   -31482.4402606285   -31397.8003092857      606.2992217543   -31482.4402606285       84.6399513427      1.04475189
       677   -31482.5700373867   -31397.8000432021      607.2307543530   -31482.5700373867       84.7699941846      1.08257888
       678   -31482.7040571935   -31397.7999903470      608.1911536592   -31482.7040571935       84.9040668465      1.07872794
       679   -31482.8432294003   -31397.7995180997      609.1914652435   -31482.8432293889       85.0437113006      0.15744733
       680   -31482.9908185125   -31397.7993211785      610.2500971976   -31482.9908184445       85.1914973340      0.15830535
       681   -31483.1500020774   -31397.7992133515      611.3911451948   -31483.1500017463       85.3507887260      0.15489739
       682   -31483.3241923599   -31397.7987404882      612.6423052874   -31483.3241910496       85.5254518717      0.15708902
       683   -31483.5184457930   -31397.7989167732      614.0325332116   -31483.5184415639       85.7195290199      0.15437840
       684   -31483.7354456836   -31397.7985466362      615.5896144295   -31483.7354344782       85.9368990474      0.15609872
       685   -31483.9790626276   -31397.7981122498      617.3378211493   -31483.9790380442       86.1809503778      0.15745383
       686   -31484.2525175273   -31397.7982281119      619.2958237604   -31484.2524724480       86.4542894153      0.15524943
       687   -31484.5565447938   -31397.7980410162      621.4749948041   -31484.5564750685       86.7585037776      0.15638873
       688   -31484.8924058222   -31397.7984074343      623.8782348563   -31484.8923141280       87.0939983879      0.15438103
       689   -31485.2582544796   -31397.7983357365      626.4994228778   -31485.2581513157       87.4599187431      0.15713022
       690   -31485.6531370937   -31397.7989716816      629.3235200661   -31485.6530373811       87.8541654121      0.09994095
       691   -31486.0725096345   -31397.7990159981      632.3272833241   -31486.0724266636       88.2734936363      0.15008567
       692   -31486.5129008746   -31397.7992133629      635.4805129733   -31486.5128414146       88.7136875117      0.15396486
       693   -31486.9691274464   -31397.7993314585      638.7477432789   -31486.9690907733       89.1697959878      0.15537290
       694   -31487.4359653793   -31397.7995495062      642.0902696960   -31487.4359459305       89.6364158731      0.15660702
       695   -31487.9081610316   -31397.8001552399      645.4683978272   -31487.9081521637       90.1080057917      0.15768060
       696   -31488.3794760237   -31397.8002686897      648.8437439121   -31488.3794725408       90.5792073341      0.15809575
       697   -31488.8455834211   -31397.8004330274      652.1814220413   -31488.8455822368       91.0451503937      0.15764768
       698   -31489.3025646274   -31397.8008438257      655.4519612922   -31489.3025642756       91.5017208017      0.15755480
       699   -31489.7463500881   -31397.8005785713      658.6328185437   -31489.7463499955       91.9457715168      0.15690775
       700   -31490.1760943381   -31397.8008320851      661.7093786665   -31490.1760943161       92.3752622530      0.15289563
       701   -31490.5901111663   -31397.8007913230      664.6753869262   -31490.5901111615       92.7893198434      0.15825696
       702   -31490.9889449725   -31397.8007288289      667.5327907002   -31490.9889449715       93.1882161436      0.15750653
       703   -31491.3736464880   -31397.8003825508      670.2909938172   -31491.3736464878       93.5732639372      0.15714556
       704   -31491.7469280996   -31397.8002893738      672.9655799923   -31491.7469280995       93.9466387258      0.15747367
       705   -31492.1116617812   -31397.8005250097      675.5765796201   -31492.1116617812       94.3111367715      0.15373071
       706   -31492.4695522803   -31397.7996656794      678.1464031949   -31492.4695522803       94.6698866009      0.15528003
       707   -31492.8254953463   -31397.7994595674      680.6975975895   -31492.8254953463       95.0260357788      0.15526905
       708   -31493.1818295679   -31397.7993936047      683.2505900119   -31493.1818295679       95.3824359632      0.97989013
       709   -31493.5406010314   -31397.7992517965      685.8215843694   -31493.5406010314       95.7413492349      1.02520048
       710   -31493.9031761497   -31397.7989741744      688.4207982232   -31493.9031761497       96.1042019753      1.02422980
       711   -31494.2710707820   -31397.7996650836      691.0511793611   -31494.2710707820       96.4714056984      1.10430237
       712   -31494.6417886163   -31397.7995285836      693.7077108309   -31494.6417886163       96.8422600328      1.09807850
       713   -31495.0147138930   -31397.7997660258      696.3773761646   -31495.0147138930       97.2149478672      1.09792879
       714   -31495.3860115158   -31397.7993862392      699.0398035467   -31495.3860115158       97.5866252766      1.01443850
       715   -31495.7534967577   -31397.7998978151      701.6685367228   -31495.7534967577       97.9535989426      1.10016201
       716   -31496.1116777072   -31397.8001014996      704.2328262066   -31496.1116777072       98.3115762076      1.05003438
       717   -31496.4567306781   -31397.8007597768      706.6998200017   -31496.4567306781       98.6559709013      1.09809513
       718   -31496.7834273659   -31397.8011880013      709.0369706291   -31496.7834273659       98.9822393646      1.06107184
       719   -31497.0873038731   -31397.8010847508      711.2144611359   -31497.0873038731       99.2862191223      0.15841746
       720   -31497.3661295214   -31397.8016842620      713.2074713833   -31497.3661295212       99.5644452594      0.15708391
       721   -31497.6158224805   -31397.8014031415      714.9981043832   -31497.6158224801       99.8144193391      0.15751645
       722   -31497.8363674402   -31397.8015595628      716.5768080235   -31497.8363674389      100.0348078775      0.15739092
       723   -31498.0268982222   -31397.8013418430      717.9431919397   -31498.0268982183      100.2255563792      0.15487488
       724   -31498.1887842390   -31397.8008756984      719.1061650696   -31498.1887842279      100.3879085407      0.15549624
       725   -31498.3255726447   -31397.8012460796      720.0833648516   -31498.3255726168      100.5243265650      0.15725876
       726   -31498.4394067651   -31397.8010887459      720.8999169511   -31498.4394067036      100.6383180192      0.15747744
       727   -31498.5344020963   -31397.8002204881      721.5866141720   -31498.5344019774      100.7341816082      0.15446954
       728   -31498.6169424667   -31397.8002521295      722.1776468624   -31498.6169422674      100.8166903371      0.15582989
       729   -31498.6912095737   -31397.8004753434      722.7080436083   -31498.6912092858      100.8907342302      0.15495766
       730   -31498.7611054790   -31397.8001541597      723.2110279054   -31498.7611051217      100.9609513193      0.15701551
       731   -31498.8313485162   -31397.7999729248      723.7154963122   -31498.8313481367      101.0313755914      0.15374441
       732   -31498.9044837004   -31397.7993561493      724.2438018594   -31498.9044833567      101.1051275512      0.15725364
       733   -31498.9836746439   -31397.7994991485      724.8100439986   -31498.9836743794      101.1841754955      0.15582118
       734   -31499.0688158773   -31397.7996298261      725.4189979612   -31499.0688157051      101.2691860512      0.15807782
       735   -31499.1591310192   -31397.7996570200      726.0657553342   -31499.1591309247      101.3594739991      0.15347874
       736   -31499.2526305386   -31397.7995709798      726.7361344050   -31499.2526305386      101.4530595587      1.01186091
       737   -31499.3472109923   -31397.8003821211      727.4078297483   -31499.3472109923      101.5468288712      1.08766392
       738   -31499.4374880398   -31397.8007034944      728.0522069537   -31499.4374880398      101.6367845455      1.08957701
       739   -31499.5193178012   -31397.8009492139      728.6366158558   -31499.5193178012      101.7183685873      1.08280531
       740   -31499.5876585305   -31397.8008259388      729.1270423261   -31499.5876585305      101.7868325917      1.09474470
       741   -31499.6385680242   -31397.8009429794      729.4908826202   -31499.6385680242      101.8376250448      1.09560524
       742   -31499.6685310168   -31397.8017646982      729.6996295700   -31499.6685310168      101.8667663186      1.06167802
       743   -31499.6725843095   -31397.8014010458      729.7312693607   -31499.6725843095      101.8711832637      1.04947182
       744   -31499.6503959696   -31397.8014215077      729.5721816131   -31499.6503959696      101.8489744619      1.08418210
       745   -31499.6013631540   -31397.8017757538      729.2184085230   -31499.6013631540      101.7995874001      1.07501592
       746   -31499.5253560798   -31397.8014621512      728.6761953938   -31499.5253560798      101.7238939286      1.09031461
       747   -31499.4255027388   -31397.8013479198      727.9617367531   -31499.4255027388      101.6241548189      1.09278049
       748   -31499.3048921844   -31397.8010127487      727.1001711437   -31499.3048921844      101.5038794357      1.08085142
       749   -31499.1681965986   -31397.8006058884      726.1238975653   -31499.1681965986      101.3675907102      1.07680474
       750   -31499.0206858917   -31397.8001756577      725.0703197113   -31499.0206858917      101.2205102340      0.90650223
       751   -31498.8679406720   -31397.7997511155      723.9792048566   -31498.8679406720      101.0681895565      1.06406279
       752   -31498.7153999090   -31397.7992837136      722.8898615978   -31498.7153999090      100.9161161955      1.06611319
       753   -31498.5683323836   -31397.7990090835      721.8383437645   -31498.5683323836      100.7693233001      1.09961120
       754   -31498.4313382873   -31397.7993051875      720.8548963462   -31498.4313382873      100.6320330997      1.09545620
       755   -31498.3064104646   -31397.7990484764      719.9618429281   -31498.3064104646      100.5073619883      1.06012511
       756   -31498.1961715200   -31397.7990627378      719.1720689267   -31498.1961715200      100.3971087822      1.05377474
       757   -31498.1007315343   -31397.7990877645      718.4882268190   -31498.1007315343      100.3016437698      1.08974083
       758   -31498.0191191575   -31397.7992123570      717.9027224555   -31498.0191191575      100.2199068005      1.06236274
       759   -31497.9487727078   -31397.7992566493      717.3984942346   -31497.9487727078      100.1495160585      1.08251420
       760   -31497.8864284996   -31397.7994505179      716.9505168110   -31497.8864284996      100.0869779817      1.09704800
       761   -31497.8277713903   -31397.7997893740      716.5279125052   -31497.8277713903      100.0279820163      1.10128203
       762   -31497.7683854890   -31397.8006265064      716.0965183718   -31497.7683854890       99.9677589826      1.09733036
       763   -31497.7022252181   -31397.8007511885      715.6217010453   -31497.7022252181       99.9014740296      1.10334414
       764   -31497.6258084712   -31397.8011824290      715.0712178013   -31497.6258084712       99.8246260422      1.08199706
       765   -31497.5345482277   -31397.8011276350      714.4178881130   -31497.5345482277       99.7334205927      1.11136354
       766   -31497.4263242290   -31397.8012367563      713.6418682154   -31497.4263242290       99.6250874727      1.05135955
       767   -31497.2990618776   -31397.8009426620      712.7323597124   -31497.2990618776       99.4981192156      1.07980473
       768   -31497.1534875672   -31397.8010768446      711.6886097513   -31497.1534875672       99.3524107226      1.05443397
       769   -31496.9899844142   -31397.8006962834      710.5201178173   -31496.9899844142       99.1892881308      1.10320978
       770   -31496.8119589799   -31397.8005343254      709.2460328778   -31496.8119589799       99.0114246545      1.09784563
       771   -31496.6233057854   -31397.8006560638      707.8937861775   -31496.6233057854       98.8226497216      1.09542309
       772   -31496.4281573657   -31397.8004923731      706.4970570021   -31496.4281573657       98.6276649926      1.10438650
       773   -31496.2321568152   -31397.8004650992      705.0932465887   -31496.2321568152       98.4316917160      1.02847374
       774   -31496.0398154538   -31397.7997404074      703.7206437478   -31496.0398154538       98.2400750464      1.09822825
       775   -31495.8574039184   -31397.7995264537      702.4155124215   -31495.8574039184       98.0578774647      1.09882765
       776   -31495.6884914054   -31397.7989970335      701.2093380735   -31495.6884914054       97.8894943719      1.09884431
       777   -31495.5371392036   -31397.7988174649      700.1264469756   -31495.5371392036       97.7383217388      1.09600286
       778   -31495.4054242583   -31397.7989210586      699.1821945700   -31495.4054242583       97.6065031997      1.10504320
       779   -31495.2937218719   -31397.7989473167      698.3818515980   -31495.2937218719       97.4947745552      1.10084713
       780   -31495.2015392657   -31397.7991199933      697.7202853377   -31495.2015392657       97.4024192724      1.06576830
       781   -31495.1267510264   -31397.7994130987      697.1824570409   -31495.1267510264       97.3273379276      1.09831146
       782   -31495.0655764333   -31397.7993530773      696.7446765765   -31495.0655764333       97.2662233560      1.10607190
       783   -31495.0142672866   -31397.7994395716      696.3765154811   -31495.0142672866       97.2148277149      1.11167037
       784   -31494.9683008039   -31397.8000000960      696.0432297492   -31494.9683008039       97.1683007079      1.09673259
       785   -31494.9216306404   -31397.8000605018      695.7084858446   -31494.9216306404       97.1215701386      1.09977805
       786   -31494.8706981258   -31397.8009635119      695.3371737418   -31494.8706981258       97.0697346139      1.05294805
       787   -31494.8091577453   -31397.8007193130      694.8980923550   -31494.8091577453       97.0084384323      1.05740299
       788   -31494.7351988295   -31397.8010012578      694.3662846769   -31494.7351988295       96.9341975717      1.07189974
       789   -31494.6453947119   -31397.8007424874      693.7248467574   -31494.6453947119       96.8446522245      1.10032903
       790   -31494.5401146277   -31397.8013872264      692.9660781516   -31494.5401146277       96.7387274013      1.10619007
       791   -31494.4174675154   -31397.8007784894      692.0918837452   -31494.4174675154       96.6166890259      0.83439908
       792   -31494.2808712594   -31397.8007794545      691.1134003279   -31494.2808712594       96.4800918049      0.79444019
       793   -31494.1324189513   -31397.8007954262      690.0498812566   -31494.1324189513       96.3316235251      1.01785767
       794   -31493.9751072303   -31397.8002491424      688.9269273666   -31493.9751072303       96.1748580879      0.96246644
       795   -31493.8138880349   -31397.7999499934      687.7742128699   -31493.8138880349       96.0139380414      0.96540224
       796   -31493.6528350563   -31397.7996243124      686.6228790868   -31493.6528350563       95.8532107440      0.86307484
       797   -31493.4962866116   -31397.7994397136      685.5028019053   -31493.4962866116       95.6968468980      0.92187196
       798   -31493.3476538615   -31397.7991787844      684.4399737952   -31493.3476538615       95.5484750771      1.02459178
       799   -31493.2094319199   -31397.7985713310      683.4542034138   -31493.2094319199       95.4108605889      1.03711255
       800   -31493.0843751207   -31397.7987190145      682.5573293113   -31493.0843751207       95.2856561062      0.86101397
       801   -31492.9725204262   -31397.7992740566      681.7521074893   -31492.9725204262       95.1732463696      1.00335811
       802   -31492.8720560208   -31397.7993558342      681.0318675613   -31492.8720560208       95.0727001866      1.00729050
       803   -31492.7816057228   -31397.7997708609      680.3809742794   -31492.7816057228       94.9818348618      1.00154179
       804   -31492.6973238654   -31397.7999358552      679.7760582838   -31492.6973238654       94.8973880102      1.02007816
       805   -31492.6156521682   -31397.8003689311      679.1879192401   -31492.6156521682       94.8152832371      1.00608800
       806   -31492.5313678399   -31397.8004014785      678.5839342980   -31492.5313678399       94.7309663614      1.02547608
       807   -31492.4403651594   -31397.8005796229      677.9307810023   -31492.4403651594       94.6397855365      1.01655852
       808   -31492.3379823243   -31397.8005984099      677.1972500538   -31492.3379823243       94.5373839144      1.03156238
       809   -31492.2214364118   -31397.8013643591      676.3569129634   -31492.2214364118       94.4200720527      0.97810490
       810   -31492.0859770672   -31397.8008267723      675.3904313497   -31492.0859770672       94.2851502949      0.97332366
       811   -31491.9324275696   -31397.8012722331      674.2873231608   -31491.9324275696       94.1311553365      1.00722051
       812   -31491.7588114903   -31397.8008007366      673.0470409518   -31491.7588114903       93.9580107537      1.01251115
       813   -31491.5679478396   -31397.8008792427      671.6792698311   -31491.5679478396       93.7670685968      0.99860253
       814   -31491.3620530775   -31397.8010136307      670.2034264340   -31491.3620530775       93.5610394468      1.02879492
       815   -31491.1439490491   -31397.8001354290      668.6473781658   -31491.1439490491       93.3438136200      1.03743914
       816   -31490.9205139489   -31397.8003266394      667.0454814742   -31490.9205139489       93.1201873095      1.01877334
       817   -31490.6952492231   -31397.7997336406      665.4360961765   -31490.6952492231       92.8955155824      1.01557567
       818   -31490.4744614328   -31397.7991439032      663.8587570362   -31490.4744614328       92.6753175295      1.01767187
       819   -31490.2636737610   -31397.7988080796      662.3512326376   -31490.2636737610       92.4648656814      1.01314806
       820   -31490.0678030120   -31397.7990138575      660.9466826140   -31490.0678030120       92.2687891545      1.01811504
       821   -31489.8894830700   -31397.7987583398      659.6711582292   -31489.8894830700       92.0907247302      1.01348808
       822   -31489.7316369877   -31397.7985924750      658.5416515168   -31489.7316369877       91.9330445127      0.98101750
       823   -31489.5953437731   -31397.7986643806      657.5648307016   -31489.5953437731       91.7966793925      0.96922362
       824   -31489.4799673578   -31397.7989112640      656.7365892520   -31489.4799673578       91.6810560938      1.00596232
       825   -31489.3831563633   -31397.7990048854      656.0424348693   -31489.3831563633       91.5841514779      1.09585372
       826   -31489.3020528786   -31397.7993905246      655.4587058892   -31489.3020528786       91.5026623539      1.09713103
       827   -31489.2322618442   -31397.7999836157      654.9545250643   -31489.2322618442       91.4322782285      1.06821874
       828   -31489.1681956773   -31397.8001620511      654.4943233304   -31489.1681956773       91.3680336262      1.10492527
       829   -31489.1048150942   -31397.8001008369      654.0407492972   -31489.1048150942       91.3047142573      1.09100393
       830   -31489.0379465815   -31397.8006614673      653.5577358227   -31489.0379465815       91.2372851142      0.86612779
       831   -31488.9621005126   -31397.8007954774      653.0134696454   -31488.9621005126       91.1613050352      0.82258056
       832   -31488.8739664945   -31397.8006713770      652.3830304284   -31488.8739664945       91.0732951174      1.09572118
       833   -31488.7720493033   -31397.8010172776      651.6504918113   -31488.7720493033       90.9710320257      1.10915255
       834   -31488.6547003540   -31397.8009565087      650.8103243564   -31488.6547003540       90.8537438453      1.10198530
       835   -31488.5231933613   -31397.8010013358      649.8679825345   -31488.5231933613       90.7221920255      1.11144875
       836   -31488.3794615066   -31397.8008290676      648.8396257808   -31488.3794615066       90.5786324390      1.04641112
       837   -31488.2271332936   -31397.8004718603      647.7510157213   -31488.2271332936       90.4266614333      1.04740918
       838   -31488.0710255586   -31397.8000680920      646.6356654370   -31488.0710255586       90.2709574667      1.11310450
       839   -31487.9165939302   -31397.7996548503      645.5323894244   -31487.9165939302       90.1169390799      1.08232021
       840   -31487.7699972611   -31397.7996314384      644.4824449199   -31487.7699972611       89.9703658227      1.09694838
       841   -31487.6360866060   -31397.7991725176      643.5264934880   -31487.6360866060       89.8369140884      1.09674918
       842   -31487.5203926789   -31397.7986306566      642.7016276070   -31487.5203926789       89.7217620223      1.10602126
       843   -31487.4281835208   -31397.7989709272      642.0386706264   -31487.4281835208       89.6292125936      1.06202027
       844   -31487.3608489997   -31397.7984629450      641.5599737708   -31487.3608489997       89.5623860547      1.05966012
       845   -31487.3213063752   -31397.7982996580      641.2778887592   -31487.3213063752       89.5230067172      1.10502635
       846   -31487.3098477390   -31397.7985501612      641.1940129775   -31487.3098477390       89.5112975779      1.10669680
       847   -31487.3247492736   -31397.7987560716      641.2992817702   -31487.3247492736       89.5259932020      1.09492663
       848   -31487.3638107189   -31397.7993428912      641.5748860828   -31487.3638107189       89.5644678277      1.08056137
       849   -31487.4220167539   -31397.7990498344      641.9939311474   -31487.4220167539       89.6229669196      1.10160007
       850   -31487.4964696676   -31397.7995426177      642.5237278777   -31487.4964696676       89.6969270499      0.89484009
       851   -31487.5812534377   -31397.7998974314      643.1285156847   -31487.5812534377       89.7813560063      1.06940085
       852   -31487.6713110778   -31397.8000668996      643.7724093521   -31487.6713110778       89.8712441782      1.09854452
       853   -31487.7625366503   -31397.8005597281      644.4223529208   -31487.7625366503       89.9619769222      1.08946236
       854   -31487.8505761607   -31397.8008625943      645.0508346042   -31487.8505761607       90.0497135664      1.07399640
       855   -31487.9326585969   -31397.8009548777      645.6381525916   -31487.9326585969       90.1317037192      1.06568994
       856   -31488.0068529353   -31397.8003349416      646.1740677909   -31488.0068529353       90.2065179937      1.06796689
       857   -31488.0746605112   -31397.8004876617      646.6586981073   -31488.0746605112       90.2741728495      1.07031681
       858   -31488.1367890593   -31397.8006494516      647.1025830182   -31488.1367890593       90.3361396077      1.06021815
       859   -31488.1956714156   -31397.8004344719      647.5259134704   -31488.1956714156       90.3952369438      1.07917768
       860   -31488.2554843657   -31397.8000713748      647.9569710256   -31488.2554843657       90.4554129908      1.09102035
       861   -31488.3211787466   -31397.7997445343      648.4298991710   -31488.3211787466       90.5214342123      1.10154984
       862   -31488.3977192520   -31397.7992135872      648.9819831563   -31488.3977192520       90.5985056648      1.05569338
       863   -31488.4908939279   -31397.7990417367      649.6506499671   -31488.4908939279       90.6918521912      1.05429592
       864   -31488.6050448524   -31397.7987506343      650.4704296424   -31488.6050448524       90.8062942181      1.11165332
       865   -31488.7443716208   -31397.7985198741      651.4701185557   -31488.7443716208       90.9458517467      1.11172153
       866   -31488.9116304434   -31397.7982206566      652.6703828243   -31488.9116304434       91.1134097868      1.10989990
       867   -31489.1086325752   -31397.7981599116      654.0819983432   -31489.1086325752       91.3104726635      1.10891496
       868   -31489.3357247451   -31397.7986989869      655.7048603936   -31489.3357247451       91.5370257582      1.10248818
       869   -31489.5902384451   -31397.7987221380      657.5278461031   -31489.5902384451       91.7915163071      1.09472817
       870   -31489.8700127187   -31397.7990565330      659.5295507145   -31489.8700127187       92.0709561857      1.06147588
       871   -31490.1704812238   -31397.7993444909      661.6798264321   -31490.1704812238       92.3711367328      1.10029563
       872   -31490.4866809135   -31397.7997448261      663.9419839578   -31490.4866809135       92.6869360874      1.11078443
       873   -31490.8129900802   -31397.8002926440      666.2755019849   -31490.8129900802       93.0126974362      1.10026222
       874   -31491.1428134789   -31397.8001686266      668.6390059615   -31491.1428134789       93.3426448523      1.08913493
       875   -31491.4720772780   -31397.8007737108      670.9932786180   -31491.4720772780       93.6713035672      1.11365180
       876   -31491.7949690190   -31397.8010762063      673.3040739972   -31491.7949690190       93.9938928127      1.09505897
       877   -31492.1078753301   -31397.8012148257      675.5445148894   -31492.1078753301       94.3066605044      1.06622298
       878   -31492.4081641170   -31397.8010323185      677.6968733069   -31492.4081641170       94.6071317985      1.08470132
       879   -31492.6956809818   -31397.8014260242      679.7536153674   -31492.6956809818       94.8942549576      1.07978864
       880   -31492.9692891493   -31397.8008541362      681.7176424210   -31492.9692891493       95.1684350131      1.11303612
       881   -31493.2325512066   -31397.8010982878      683.6017119295   -31493.2325512066       95.4314529188      1.05229068
       882   -31493.4869978913   -31397.8007194928      685.4270968411   -31493.4869978913       95.6862783986      0.95958656
       883   -31493.7370568855   -31397.8002667963      687.2215808957   -31493.7370568855       95.9367900892      0.74154958
       884   -31493.9873605024   -31397.7999327067      689.0169676365   -31493.9873605024       96.1874277957      0.99685821
       885   -31494.2425752688   -31397.7997729681      690.8462853661   -31494.2425752688       96.4428023007      1.04727297
       886   -31494.5069176839   -31397.7996237528      692.7409115700   -31494.5069176839       96.7072939311      1.03113678
       887   -31494.7842020514   -31397.7995308971      694.7278408146   -31494.7842020514       96.9846711544      1.08653884
       888   -31495.0771236276   -31397.7993652686      696.8273049714   -31495.0771236276       97.2777583590      1.09157903
       889   -31495.3874654421   -31397.7992855322      699.0509398121   -31495.3874654421       97.5881799099      1.06314191
       890   -31495.7153746652   -31397.7991763176      701.4006259873   -31495.7153746652       97.9161983477      1.11339519
       891   -31496.0601807769   -31397.7995192798      703.8681101494   -31496.0601807769       98.2606614971      1.11663724
       892   -31496.4192128700   -31397.8001495069      706.4354411672   -31496.4192128700       98.6190633631      1.10888103
       893   -31496.7883049691   -31397.8005942168      709.0761636824   -31496.7883049691       98.9877107523      1.10280691
       894   -31497.1625372387   -31397.8005526570      711.7571899340   -31497.1625372387       99.3619845817      1.11301903
       895   -31497.5376785857   -31397.8010018300      714.4412129023   -31497.5376785857       99.7366767556      1.09726391
       896   -31497.9075392308   -31397.8011656284      717.0894529705   -31497.9075392308      100.1063736024      1.07348737
       897   -31498.2672403477   -31397.8013834726      719.6645304014   -31498.2672403477      100.4658568751      1.10957705
       898   -31498.6124425484   -31397.8019505698      722.1332463178   -31498.6124425484      100.8104919786      1.10519485
       899   -31498.9390100827   -31397.8024375992      724.4690505472   -31498.9390100827      101.1365724835      1.10144940
       900   -31499.2437253661   -31397.8021297880      726.6540147623   -31499.2437253661      101.4415955781      0.92343411
       901   -31499.5267241538   -31397.8022778710      728.6801520583   -31499.5267241538      101.7244462828      1.06752645
       902   -31499.7880382315   -31397.8025609394      730.5499888821   -31499.7880382315      101.9854772921      1.05139005
       903   -31500.0285441514   -31397.8020662860      732.2763421906   -31500.0285441514      102.2264778654      1.05394330
       904   -31500.2525501670   -31397.8020154933      733.8813226562   -31500.2525501670      102.4505346737      1.04884914
       905   -31500.4628356995   -31397.8010403050      735.3946412318   -31500.4628356995      102.6617953945      1.06765225
       906   -31500.6658865686   -31397.8007340413      736.8513442362   -31500.6658865686      102.8651525274      1.08442542
       907   -31500.8671880957   -31397.8013152825      738.2891587809   -31500.8671880957      103.0658728132      1.11029096
       908   -31501.0698620372   -31397.8006633759      739.7456376836   -31501.0698620372      103.2691986613      1.10099763
       909   -31501.2804810054   -31397.8005274258      741.2553330569   -31501.2804810054      103.4799535796      1.09322553
       910   -31501.5026532001   -31397.8004721598      742.8472094034   -31501.5026532001      103.7021810404      1.09175991
       911   -31501.7389676080   -31397.8001249818      744.5424813529   -31501.7389676080      103.9388426262      1.11962142
       912   -31501.9919094598   -31397.8003087990      746.3530565862   -31501.9919094598      104.1916006608      1.08361476
       913   -31502.2610645229   -31397.8003654937      748.2806821201   -31502.2610645229      104.4606990293      1.09194084
       914   -31502.5457246511   -31397.8007735907      750.3168575024   -31502.5457246511      104.7449510604      1.09842798
       915   -31502.8428005306   -31397.8009632134      752.4435353134   -31502.8428005306      105.0418373172      1.10534655
       916   -31503.1489157056   -31397.8012124437      754.6345370953   -31503.1489157056      105.3477032619      1.07439442
       917   -31503.4594397388   -31397.8013972840      756.8575819834   -31503.4594397388      105.6580424548      1.10876229
       918   -31503.7697493349   -31397.8019073002      759.0767614744   -31503.7697493349      105.9678420347      1.10041256
       919   -31504.0737996462   -31397.8018335201      761.2552858831   -31504.0737996462      106.2719661261      1.09752977
       920   -31504.3678008760   -31397.8022518832      763.3583006033   -31504.3678008760      106.5655489928      1.11395990
       921   -31504.6468499708   -31397.8024853516      765.3555335251   -31504.6468499708      106.8443646192      1.10270624
       922   -31504.9078301388   -31397.8026828734      767.2235912561   -31504.9078301388      107.1051472654      1.08017487
       923   -31505.1486010263   -31397.8027618900      768.9477332443   -31505.1486010263      107.3458391363      1.10916952
       924   -31505.3680475329   -31397.8023012228      770.5229887375   -31505.3680475329      107.5657463100      1.09466203
       925   -31505.5680581341   -31397.8024665047      771.9545356571   -31505.5680581341      107.7655916294      1.09151328
       926   -31505.7500716429   -31397.8026110949      773.2573126793   -31505.7500716429      107.9474605480      1.08353376
       927   -31505.9166307672   -31397.8019872475      774.4548902309   -31505.9166307672      108.1146435198      1.01333221
       928   -31506.0732664535   -31397.8018760061      775.5777115312   -31506.0732664535      108.2713904474      0.99053674
       929   -31506.2241599235   -31397.8015676200      776.6608119614   -31506.2241599235      108.4225923035      0.98923884
       930   -31506.3742347368   -31397.8008200832      777.7411938853   -31506.3742347368      108.5734146536      1.00348314
       931   -31506.5294143599   -31397.8005009052      778.8550745121   -31506.5294143599      108.7289134546      1.02039411
       932   -31506.6939095665   -31397.8002493289      780.0352009733   -31506.6939095665      108.8936602376      1.07434664
       933   -31506.8718102369   -31397.8004045472      781.3084404731   -31506.8718102369      109.0714056897      1.10447065
       934   -31507.0651072951   -31397.8003001518      782.6938282118   -31507.0651072951      109.2648071433      1.09548932
       935   -31507.2753664625   -31397.8001242933      784.2012321081   -31507.2753664625      109.4752421692      1.07425110
       936   -31507.5033065534   -31397.8005866237      785.8307177937   -31507.5033065534      109.7027199297      1.10583563
       937   -31507.7465996510   -31397.8007019768      787.5726667777   -31507.7465996510      109.9458976742      1.09376997
       938   -31508.0025767134   -31397.8003755598      789.4086390065   -31508.0025767134      110.2022011536      1.11524548
       939   -31508.2693626267   -31397.8013237014      791.3129079903   -31508.2693626267      110.4680389254      1.08283766
       940   -31508.5406706154   -31397.8015773767      793.2545444943   -31508.5406706154      110.7390932387      1.12102413
       941   -31508.8120533383   -31397.8013883692      795.1998873988   -31508.8120533383      111.0106649691      1.12553302
       942   -31509.0797838685   -31397.8017383226      797.1152079189   -31509.0797838685      111.2780455459      1.11305321
       943   -31509.3392940447   -31397.8024052357      798.9693733161   -31509.3392940447      111.5368888090      1.10881317
       944   -31509.5858848887   -31397.8023314410      800.7362998812   -31509.5858848887      111.7835534478      1.11593233
       945   -31509.8176844309   -31397.8022950462      802.3970043823   -31509.8176844309      112.0153893848      0.97897686
       946   -31510.0333076643   -31397.8023594753      803.9411113105   -31510.0333076643      112.2309481890      0.89097894
       947   -31510.2325086893   -31397.8024097116      805.3676831162   -31510.2325086893      112.4300989777      1.10896587
       948   -31510.4164616330   -31397.8024200501      806.6853145249   -31510.4164616330      112.6140415829      1.11117611
       949   -31510.5875804537   -31397.8023649015      807.9114806884   -31510.5875804537      112.7852155522      0.60353216
       950   -31510.7492515277   -31397.8021393611      809.0711906096   -31510.7492515277      112.9471121666      0.91983619
       951   -31510.9057513835   -31397.8017495961      810.1950340604   -31510.9057513835      113.1040017874      1.08173868
       952   -31511.0617887955   -31397.8011908848      811.3167751084   -31511.0617887955      113.2605979108      1.03574902
       953   -31511.2228143812   -31397.8011290856      812.4706882957   -31511.2228143812      113.4216852955      1.08138360
       954   -31511.3925415979   -31397.8008044923      813.6888161232   -31511.3925415979      113.5917371055      1.10326016
       955   -31511.5754879824   -31397.8009324436      814.9983947800   -31511.5754879824      113.7745555387      1.10612254
       956   -31511.7735748821   -31397.8006139359      816.4196272152   -31511.7735748821      113.9729609463      1.12071211
       957   -31511.9889002974   -31397.8003461715      817.9639803831   -31511.9889002974      114.1885541258      1.01046430
       958   -31512.2218151965   -31397.8002417422      819.6331618428   -31512.2218151965      114.4215734543      0.99069921
       959   -31512.4712282002   -31397.8003722191      821.4188410591   -31512.4712282002      114.6708559811      1.02204886
       960   -31512.7348457176   -31397.8009395152      823.3031420528   -31512.7348457176      114.9339062023      0.98838895
       961   -31513.0087573300   -31397.8016893085      825.2598752000   -31513.0087573300      115.2070680215      1.00341367
       962   -31513.2871925007   -31397.8014054107      827.2564164503   -31513.2871925007      115.4857870900      0.74587658
       963   -31513.5666910678   -31397.8017486962      829.2560824159   -31513.5666910678      115.7649423716      1.10706869
       964   -31513.8416687546   -31397.8024478173      831.2208151249   -31513.8416687546      116.0392209373      1.06206695
       965   -31514.1062533114   -31397.8027453307      833.1139758162   -31514.1062533114      116.3035079808      1.08882405
       966   -31514.3565704415   -31397.8033100005      834.9030212952   -31514.3565704415      116.5532604410      1.10250495
       967   -31514.5882329319   -31397.8033981573      836.5618518591   -31514.5882329319      116.7848347746      1.07186804
       968   -31514.7991276186   -31397.8033815050      838.0726677165   -31514.7991276186      116.9957461135      1.10252172
       969   -31514.9877532607   -31397.8029164224      839.4271765206   -31514.9877532607      117.1848368383      1.08421453
       970   -31515.1553406550   -31397.8029982214      840.6270651126   -31515.1553406550      117.3523424336      1.09811177
       971   -31515.3030758253   -31397.8032245528      841.6837114458   -31515.3030758253      117.4998512725      1.06113398
       972   -31515.4331428569   -31397.8029828197      842.6171489231   -31515.4331428569      117.6301600372      1.11126130
       973   -31515.5492376766   -31397.8022007115      843.4543704631   -31515.5492376766      117.7470369651      1.11307031
       974   -31515.6570761238   -31397.8021623289      844.2271218289   -31515.6570761238      117.8549137950      1.08072249
       975   -31515.7606521523   -31397.8021245449      844.9693360295   -31515.7606521523      117.9585276074      1.07288352
       976   -31515.8644928686   -31397.8019546877      845.7143923389   -31515.8644928686      118.0625381809      1.09149684
       977   -31515.9725556293   -31397.8014016258      846.4924373127   -31515.9725556293      118.1711540035      1.07506375
       978   -31516.0892384382   -31397.8014452699      847.3279556902   -31516.0892384382      118.2877931683      1.08997027
       979   -31516.2159931831   -31397.8011898980      848.2377640466   -31516.2159931831      118.4148032851      1.11385718
       980   -31516.3544791101   -31397.8012156571      849.2295922634   -31516.3544791101      118.5532634530      1.10359614
       981   -31516.5040038291   -31397.8011221206      850.3013489273   -31516.5040038291      118.7028817085      1.07666077
       982   -31516.6639575714   -31397.8019604406      851.4411364051   -31516.6639575714      118.8619971307      1.07624509
       983   -31516.8296580302   -31397.8019719239      852.6280120514   -31516.8296580302      119.0276861063      0.99208242
       984   -31516.9979522335   -31397.8019880133      853.8334344063   -31516.9979522335      119.1959642202      1.01792915
       985   -31517.1642001693   -31397.8021305115      855.0232932843   -31517.1642001693      119.3620696578      1.05161888
       986   -31517.3231636540   -31397.8023551756      856.1603830612   -31517.3231636540      119.5208084784      1.08003000
       987   -31517.4701819218   -31397.8032480228      857.2071195890   -31517.4701819218      119.6669338989      1.08564370
       988   -31517.5988743286   -31397.8033428114      858.1282996537   -31517.5988743286      119.7955315172      1.10154984
       989   -31517.7054842332   -31397.8031020534      858.8937003011   -31517.7054842332      119.9023821798      1.07324892
       990   -31517.7876210060   -31397.8033458606      859.4803221096   -31517.7876210060      119.9842751454      1.08099651
       991   -31517.8426480697   -31397.8034006008      859.8741039637   -31517.8426480697      120.0392474689      1.04650177
       992   -31517.8704690441   -31397.8037380498      860.0709760063   -31517.8704690441      120.0667309944      1.11694699
       993   -31517.8716632248   -31397.8040671307      860.0771729527   -31517.8716632248      120.0675960940      1.09230288
       994   -31517.8476746878   -31397.8035857555      859.9087846958   -31517.8476746878      120.0440889323      1.10605502
       995   -31517.8031365348   -31397.8034700312      859.5905746361   -31517.8031365348      119.9996665035      1.10146613
       996   -31517.7416184277   -31397.8028766100      859.1541543753   -31517.7416184277      119.9387418177      1.13074829
       997   -31517.6689790281   -31397.8026203554      858.6356540245   -31517.6689790281      119.8663586727      1.11163627
       998   -31517.5901851560   -31397.8023648860      858.0730618717   -31517.5901851560      119.7878202700      1.10952610
       999   -31517.5107206316   -31397.8024199996      857.5034408609   -31517.5107206316      119.7083006320      1.10759315
