Analytic	Finite_differences	Diff	Abs_diff	Norm_diff
-11.909305156313877	-11.910136085134582	0.0008309288207044574	0.0008309288207044574	6.977139386372423e-05
-3.6911045857308955	-3.6904837579641026	-0.0006208277667929529	0.0006208277667929529	0.00016819565860933726
-2.4244548283155156	-2.4248567442555213	0.00040191594000571484	0.00040191594000571484	0.00016577580052706595
14.467777806525692	14.46842631958134	-0.0006485130556477259	0.0006485130556477259	4.482464856180014e-05
5.3695073673553	5.371076904339134	-0.0015695369838333306	0.0015695369838333306	0.00029230558344617584
1.1224214728805064	1.1211151850147871	0.0013062878657192911	0.0013062878657192911	0.0011638122552724535
2.8763913608282943	2.881902362787514	-0.005511001959219719	0.005511001959219719	0.0019159430230080911
0.3512067265823564	0.3501337796478765	0.0010729469344799014	0.0010729469344799014	0.00305502956882661
-0.7814696173022174	-0.7738567910564598	-0.007612826245757653	0.007612826245757653	0.00974167910972481
2.9256554792946643	2.9305722146091284	-0.004916735314464127	0.004916735314464127	0.001680558544661412
-0.42260955058195504	-0.43070264837297145	0.008093097791016413	0.008093097791016413	0.01915029553845104
0.23408940243049528	0.23513520318374503	-0.0010458007532497537	0.0010458007532497537	0.00446752711738101
0.3513610437736723	0.3591991971916286	-0.00783815341795635	0.00783815341795635	0.022307975106669094
-0.6201971736505032	-0.6243185489438474	0.0041213752933442205	0.0041213752933442205	0.00664526616444518
0.39038131147963384	0.3880563526763581	0.0023249588032757673	0.0023249588032757673	0.005955609899622616
0.24251726080416364	0.23935474200698081	0.003162518797182823	0.003162518797182823	0.013040386431449119
2.8427275876652986	2.8495431288320106	-0.006815541166711903	0.006815541166711903	0.002397535801982853
-0.33759539252804255	-0.337546791342902	-4.8601185140551006e-05	4.8601185140551006e-05	0.00014396282122397131
0.3239555335861042	0.3277202213212149	-0.003764687735110739	0.003764687735110739	0.011621001479544483
2.7788727047753015	2.778473084617872	0.00039962015742966983	0.00039962015742966983	0.00014380657190340174
2.8784285963065557	2.878873428926454	-0.00044483261989824996	0.00044483261989824996	0.0001545400919338542
-0.07480934019373893	-0.07617032133566681	0.0013609811419278833	0.0013609811419278833	0.01819266335464604
2.1289733596924454	2.128008056388353	0.0009653033040923908	0.0009653033040923908	0.00045341258015170276
0.15302464760255713	0.1564327030791901	-0.0034080554766329763	0.0034080554766329763	0.02227128459386843
1.98895138499941	1.9941663867939496	-0.005215001794539598	0.005215001794539598	0.002621985551718824
6.192847679981248	6.180861604661914	0.011986075319334155	0.011986075319334155	0.0019354707137525541
-7.2714684809266235	-7.2687829433562	-0.0026855375704233353	0.0026855375704233353	0.0003693253401933346
-1.0974000836712392	-1.093600323656574	-0.00379976001466531	0.00379976001466531	0.003462511139924104
-0.8057813857633971	-0.8139767578541068	0.008195372090709752	0.008195372090709752	0.010170714086359117
-1.8904750172805258	-1.8938092453026911	0.0033342280221653198	0.0033342280221653198	0.0017636985369749304
-0.6840206544881737	-0.6850678655609954	0.0010472110728216855	0.0010472110728216855	0.0015309641104408946
-3.0963445948291115	-3.0962023774918634	-0.00014221733724806285	0.00014221733724806285	4.5930720206518835e-05
2.794192465132519	2.7916374019696377	0.0025550631628812326	0.0025550631628812326	0.0009144191728969016
0.5693594006572296	0.5690901562047657	0.0002692444524639015	0.0002692444524639015	0.0004728901501461188
4.094148501658475	4.100191108591389	-0.006042606932913586	0.006042606932913586	0.0014759129842177978
2.516788095899801	2.516324573662132	0.0004635222376689896	0.0004635222376689896	0.00018417213527993555
2.4852478989169637	2.4953866814030334	-0.010138782486069697	0.010138782486069697	0.0040795859803313935
-5.831645828157329	-5.826841208545375	-0.004804619611954664	0.004804619611954664	0.00082388741592574
1.5540193990616642	1.5575338875351008	-0.0035144884734366055	0.0035144884734366055	0.002261547362638263
-3.0097003977329146	-3.0026486165297683	-0.007051781203146312	0.007051781203146312	0.0023430176666282576
0.3807761578801596	0.37718008570664097	0.0035960721735186496	0.0035960721735186496	0.009444058140453293
-0.7867963711670581	-0.7941972889966564	0.007400917829598286	0.007400917829598286	0.009406395480218694
0.9587181619869305	0.9610014076315565	-0.0022832456446260085	0.0022832456446260085	0.002381560854019927
-1.050659237067817	-1.0467958545632428	-0.0038633825045741865	0.0038633825045741865	0.003677103258860719
0.4967202647694424	0.4990974503016332	-0.0023771855321907953	0.0023771855321907953	0.004785763136308098
1.0339586037349804	1.0333985210309038	0.0005600827040765921	0.0005600827040765921	0.0005416877446093093
2.188489385388235	2.187349544328754	0.0011398410594809505	0.0011398410594809505	0.0005208346300837755
3.147624027838601	3.136424427793827	0.011199600044774272	0.011199600044774272	0.003558112387541015
0.903698000590418	0.9051248871401185	-0.001426886549700468	0.001426886549700468	0.0015789418022040904
1.58952935263193	1.5854431439947803	0.004086208637149813	0.004086208637149813	0.002570703479230441
-0.017340925259794738	-0.014676277714897878	-0.0026646475448968594	0.0026646475448968594	0.15366236258885765
-3.132772428747667	-3.1368788513645995	0.004106422616932726	0.004106422616932726	0.0013107950578377242
-5.399705577783605	-5.396115740950336	-0.003589836833269189	0.003589836833269189	0.0006648208465363577
-1.2039429897538554	-1.1979880910075735	-0.005954898746281856	0.005954898746281856	0.004946163395576835
-1.8850028344878575	-1.8814936665876303	-0.0035091679002272613	0.0035091679002272613	0.0018616247339387573
1.8137471605294806	1.8138093710149406	-6.2210485459957e-05	6.2210485459957e-05	3.4299425418147105e-05
1.9808167153604652	1.9821827390842373	-0.0013660237237720363	0.0013660237237720363	0.0006896265127303563
1.102899715481597	1.1024526593246264	0.0004470561569704934	0.0004470561569704934	0.00040534615314075036
2.79104051445809	2.7909606742468895	7.984021120055473e-05	7.984021120055473e-05	2.8605894750351394e-05
1.7795744357808794	1.7856829381344141	-0.006108502353534773	0.006108502353534773	0.0034325635560472382
1.6589134400073724	1.6610991151537746	-0.0021856751464022217	0.0021856751464022217	0.0013175341724837122
-1.877220332601853	-1.8781571943691233	0.0009368617672702584	0.0009368617672702584	0.0004990686234320481
1.183587846073926	1.1824697085103253	0.0011181375636006852	0.0011181375636006852	0.0009447017957388244
-0.8418262428942467	0.0	-0.8418262428942467	0.8418262428942467	1.0
2.4217626816683158	0.0	2.4217626816683158	2.4217626816683158	1.0
-0.7554645728100449	0.0	-0.7554645728100449	0.7554645728100449	1.0
-1.5272520368647757	0.0	-1.5272520368647757	1.5272520368647757	1.0
-2.1731457483841563	0.0	-2.1731457483841563	2.1731457483841563	1.0
-2.8966521467340587	0.0	-2.8966521467340587	2.8966521467340587	1.0
-2.6444267079646977	0.0	-2.6444267079646977	2.6444267079646977	1.0
-0.0978443785013339	0.0	-0.0978443785013339	0.0978443785013339	1.0
-1.356578144480459	0.0	-1.356578144480459	1.356578144480459	1.0
0.30127638360265174	0.0	0.30127638360265174	0.30127638360265174	1.0
-3.004011169608871	0.0	-3.004011169608871	3.004011169608871	1.0
0.274565471212906	0.0	0.274565471212906	0.274565471212906	1.0
0.41539934203469847	0.0	0.41539934203469847	0.41539934203469847	1.0
-0.07908525321054989	0.0	-0.07908525321054989	0.07908525321054989	1.0
-1.0440904984743749	0.0	-1.0440904984743749	1.0440904984743749	1.0
-1.6551262362592927	0.0	-1.6551262362592927	1.6551262362592927	1.0
1.073154583276152	0.0	1.073154583276152	1.073154583276152	1.0
-0.8736802190028127	0.0	-0.8736802190028127	0.8736802190028127	1.0
-0.10127739356110566	0.0	-0.10127739356110566	0.10127739356110566	1.0
-0.2790450043889527	0.0	-0.2790450043889527	0.2790450043889527	1.0
-0.03883582680423491	0.0	-0.03883582680423491	0.03883582680423491	1.0
0.4498886743599036	0.0	0.4498886743599036	0.4498886743599036	1.0
0.4964492930877269	0.0	0.4964492930877269	0.4964492930877269	1.0
-0.6225238994708542	0.0	-0.6225238994708542	0.6225238994708542	1.0
1.5956732938406502	0.0	1.5956732938406502	1.5956732938406502	1.0
-1.0528969070727796	0.0	-1.0528969070727796	1.0528969070727796	1.0
2.8254035861898883	0.0	2.8254035861898883	2.8254035861898883	1.0
-0.06947805122476161	0.0	-0.06947805122476161	0.06947805122476161	1.0
-0.5294175560653016	0.0	-0.5294175560653016	0.5294175560653016	1.0
0.15191370079386485	0.0	0.15191370079386485	0.15191370079386485	1.0
0.017154582971257076	0.0	0.017154582971257076	0.017154582971257076	1.0
1.0187543577272506	0.0	1.0187543577272506	1.0187543577272506	1.0
-2.4501645088209454	0.0	-2.4501645088209454	2.4501645088209454	1.0
0.7248865165627674	0.0	0.7248865165627674	0.7248865165627674	1.0
0.33045432013253734	0.0	0.33045432013253734	0.33045432013253734	1.0
-0.20678862550834798	0.0	-0.20678862550834798	0.20678862550834798	1.0
0.5155332040046969	0.0	0.5155332040046969	0.5155332040046969	1.0
-1.802063866245828	0.0	-1.802063866245828	1.802063866245828	1.0
0.0722321845231298	0.0	0.0722321845231298	0.0722321845231298	1.0
-0.7142930698380583	0.0	-0.7142930698380583	0.7142930698380583	1.0
0.759426565022002	0.0	0.759426565022002	0.759426565022002	1.0
-0.2441958586104262	0.0	-0.2441958586104262	0.2441958586104262	1.0
-1.602866573767848	0.0	-1.602866573767848	1.602866573767848	1.0
-1.6094870947555453	0.0	-1.6094870947555453	1.6094870947555453	1.0
0.4655984344049037	0.0	0.4655984344049037	0.4655984344049037	1.0
0.42646302714425977	0.0	0.42646302714425977	0.42646302714425977	1.0
-2.3154272700780956	0.0	-2.3154272700780956	2.3154272700780956	1.0
3.725842849227204	0.0	3.725842849227204	3.725842849227204	1.0
-1.592418028708118	0.0	-1.592418028708118	1.592418028708118	1.0
1.4578969407836013	0.0	1.4578969407836013	1.4578969407836013	1.0
1.7031065718522824	0.0	1.7031065718522824	1.7031065718522824	1.0
-1.7757895119068292	0.0	-1.7757895119068292	1.7757895119068292	1.0
0.03989864596205378	0.0	0.03989864596205378	0.03989864596205378	1.0
-1.4547142437522895	0.0	-1.4547142437522895	1.4547142437522895	1.0
0.5759665847740629	0.0	0.5759665847740629	0.5759665847740629	1.0
0.5733047667770191	0.0	0.5733047667770191	0.5733047667770191	1.0
1.0306594686271884	0.0	1.0306594686271884	1.0306594686271884	1.0
2.6055834540287455	0.0	2.6055834540287455	2.6055834540287455	1.0
1.139359072584697	0.0	1.139359072584697	1.139359072584697	1.0
-1.739799606424496	0.0	-1.739799606424496	1.739799606424496	1.0
-2.661975368706416	0.0	-2.661975368706416	2.661975368706416	1.0
-0.7533154980779919	0.0	-0.7533154980779919	0.7533154980779919	1.0
-2.7938851150410633	0.0	-2.7938851150410633	2.7938851150410633	1.0
-0.36654007031485897	0.0	-0.36654007031485897	0.36654007031485897	1.0
1.315838799681328	0.0	1.315838799681328	1.315838799681328	1.0
0.7322991035273227	0.0	0.7322991035273227	0.7322991035273227	1.0
-0.49933415004779674	0.0	-0.49933415004779674	0.49933415004779674	1.0
0.013730815002922184	0.0	0.013730815002922184	0.013730815002922184	1.0
3.9207231081003817	0.0	3.9207231081003817	3.9207231081003817	1.0
-0.29274464351723134	0.0	-0.29274464351723134	0.29274464351723134	1.0
-0.2134928303753287	0.0	-0.2134928303753287	0.2134928303753287	1.0
-0.011976445266856681	0.0	-0.011976445266856681	0.011976445266856681	1.0
0.20029777112442082	0.0	0.20029777112442082	0.20029777112442082	1.0
-0.3921650718401186	0.0	-0.3921650718401186	0.3921650718401186	1.0
-1.2995839152487623	0.0	-1.2995839152487623	1.2995839152487623	1.0
2.4960103605506285	0.0	2.4960103605506285	2.4960103605506285	1.0
-0.45422486961814673	0.0	-0.45422486961814673	0.45422486961814673	1.0
-2.3623324672715214	0.0	-2.3623324672715214	2.3623324672715214	1.0
0.6366062031815045	0.0	0.6366062031815045	0.6366062031815045	1.0
0.5418765992279382	0.0	0.5418765992279382	0.5418765992279382	1.0
-1.8508944758827264	0.0	-1.8508944758827264	1.8508944758827264	1.0
0.3696076535932283	0.0	0.3696076535932283	0.3696076535932283	1.0
-1.9029714277560368	0.0	-1.9029714277560368	1.9029714277560368	1.0
3.199488973999622	0.0	3.199488973999622	3.199488973999622	1.0
-1.4035085132389944	0.0	-1.4035085132389944	1.4035085132389944	1.0
-2.2701654690295037	0.0	-2.2701654690295037	2.2701654690295037	1.0
-0.6113448705538753	0.0	-0.6113448705538753	0.6113448705538753	1.0
-1.2666030331659421	0.0	-1.2666030331659421	1.2666030331659421	1.0
1.7101722760573062	0.0	1.7101722760573062	1.7101722760573062	1.0
0.8179662048863687	0.0	0.8179662048863687	0.8179662048863687	1.0
-1.2897772769566844	0.0	-1.2897772769566844	1.2897772769566844	1.0
3.580552086851724	0.0	3.580552086851724	3.580552086851724	1.0
-0.5921052770523388	0.0	-0.5921052770523388	0.5921052770523388	1.0
-1.4206900120315487	0.0	-1.4206900120315487	1.4206900120315487	1.0
-0.4015776381397306	0.0	-0.4015776381397306	0.4015776381397306	1.0
-0.430305550638713	0.0	-0.430305550638713	0.430305550638713	1.0
-0.6698952760963506	0.0	-0.6698952760963506	0.6698952760963506	1.0
-1.793963964526994	0.0	-1.793963964526994	1.793963964526994	1.0
1.4137049020128292	0.0	1.4137049020128292	1.4137049020128292	1.0
-1.7923406321190336	0.0	-1.7923406321190336	1.7923406321190336	1.0
2.421139451504601	0.0	2.421139451504601	2.421139451504601	1.0
0.07916135379392944	0.0	0.07916135379392944	0.07916135379392944	1.0
2.298965765895636	0.0	2.298965765895636	2.298965765895636	1.0
0.11170178294839984	0.0	0.11170178294839984	0.11170178294839984	1.0
-0.03754835203620603	0.0	-0.03754835203620603	0.03754835203620603	1.0
-3.805601687955299	0.0	-3.805601687955299	3.805601687955299	1.0
0.41367836775907	0.0	0.41367836775907	0.41367836775907	1.0
0.08905603369055545	0.0	0.08905603369055545	0.08905603369055545	1.0
0.35470910984175286	0.0	0.35470910984175286	0.35470910984175286	1.0
-0.9581221806105478	0.0	-0.9581221806105478	0.9581221806105478	1.0
1.1909727831562353	0.0	1.1909727831562353	1.1909727831562353	1.0
-0.9287084436767241	0.0	-0.9287084436767241	0.9287084436767241	1.0
0.329713264530628	0.0	0.329713264530628	0.329713264530628	1.0
-3.5221062422105787	0.0	-3.5221062422105787	3.5221062422105787	1.0
-1.0800968690028692	0.0	-1.0800968690028692	1.0800968690028692	1.0
0.3781346562170424	0.0	0.3781346562170424	0.3781346562170424	1.0
-0.35490068083962045	0.0	-0.35490068083962045	0.35490068083962045	1.0
-0.25555990996678485	0.0	-0.25555990996678485	0.25555990996678485	1.0
-0.9713881706394819	0.0	-0.9713881706394819	0.9713881706394819	1.0
-1.0142888548880187	0.0	-1.0142888548880187	1.0142888548880187	1.0
-1.241123833842603	0.0	-1.241123833842603	1.241123833842603	1.0
-1.870492817965001	0.0	-1.870492817965001	1.870492817965001	1.0
-2.879784714503853	0.0	-2.879784714503853	2.879784714503853	1.0
-2.1891665661197117	0.0	-2.1891665661197117	2.1891665661197117	1.0
-0.5561309582558014	0.0	-0.5561309582558014	0.5561309582558014	1.0
0.7473083437202159	0.0	0.7473083437202159	0.7473083437202159	1.0
0.20068495955250326	0.0	0.20068495955250326	0.20068495955250326	1.0
0.1575182186688069	0.0	0.1575182186688069	0.1575182186688069	1.0
2.6718263229486703	0.0	2.6718263229486703	2.6718263229486703	1.0
0.26263623185306056	0.0	0.26263623185306056	0.26263623185306056	1.0
1.4735739329110662	0.0	1.4735739329110662	1.4735739329110662	1.0
-1.3429657565284787	0.0	-1.3429657565284787	1.3429657565284787	1.0
3.0071215987858637	0.0	3.0071215987858637	3.0071215987858637	1.0
1.9303851711431752	0.0	1.9303851711431752	1.9303851711431752	1.0
0.19569977609040357	0.0	0.19569977609040357	0.19569977609040357	1.0
-0.014597938507002993	0.0	-0.014597938507002993	0.014597938507002993	1.0
0.045297927613648176	0.0	0.045297927613648176	0.045297927613648176	1.0
-0.7264171007516648	0.0	-0.7264171007516648	0.7264171007516648	1.0
-0.13122302704423297	0.0	-0.13122302704423297	0.13122302704423297	1.0
0.059452286769328136	0.0	0.059452286769328136	0.059452286769328136	1.0
-0.13750077189877938	0.0	-0.13750077189877938	0.13750077189877938	1.0
-0.8055469498818955	0.0	-0.8055469498818955	0.8055469498818955	1.0
-1.5146287982612852	0.0	-1.5146287982612852	1.5146287982612852	1.0
-1.6561155655326882	0.0	-1.6561155655326882	1.6561155655326882	1.0
-1.350135886874381	0.0	-1.350135886874381	1.350135886874381	1.0
1.1073263991791689	0.0	1.1073263991791689	1.1073263991791689	1.0
-0.16737590473352737	0.0	-0.16737590473352737	0.16737590473352737	1.0
0.33028323233436785	0.0	0.33028323233436785	0.33028323233436785	1.0
-1.012997608929196	0.0	-1.012997608929196	1.012997608929196	1.0
-0.6015129261787514	0.0	-0.6015129261787514	0.6015129261787514	1.0
1.39712831734089	0.0	1.39712831734089	1.39712831734089	1.0
-0.9706887531193755	0.0	-0.9706887531193755	0.9706887531193755	1.0
1.33202676981653	0.0	1.33202676981653	1.33202676981653	1.0
-0.014624488603722148	0.0	-0.014624488603722148	0.014624488603722148	1.0
-0.9433850981585395	0.0	-0.9433850981585395	0.9433850981585395	1.0
-0.10139147883795559	0.0	-0.10139147883795559	0.10139147883795559	1.0
0.41897512890932975	0.0	0.41897512890932975	0.41897512890932975	1.0
-0.4772231626137563	0.0	-0.4772231626137563	0.4772231626137563	1.0
-0.6824609104236947	0.0	-0.6824609104236947	0.6824609104236947	1.0
-0.35722390438947804	0.0	-0.35722390438947804	0.35722390438947804	1.0
-1.4858259378837004	0.0	-1.4858259378837004	1.4858259378837004	1.0
0.18813477098204434	0.0	0.18813477098204434	0.18813477098204434	1.0
5.811464359530196	0.0	5.811464359530196	5.811464359530196	1.0
-0.880310714191445	0.0	-0.880310714191445	0.880310714191445	1.0
0.9088013634089911	0.0	0.9088013634089911	0.9088013634089911	1.0
1.2885224382826128	0.0	1.2885224382826128	1.2885224382826128	1.0
-0.012331881446695291	0.0	-0.012331881446695291	0.012331881446695291	1.0
-0.6985469405193614	0.0	-0.6985469405193614	0.6985469405193614	1.0
-0.9699298645702974	0.0	-0.9699298645702974	0.9699298645702974	1.0
3.046157451592812	0.0	3.046157451592812	3.046157451592812	1.0
3.3877956190611043	0.0	3.3877956190611043	3.3877956190611043	1.0
-1.881578437962916	0.0	-1.881578437962916	1.881578437962916	1.0
1.2579201424193962	0.0	1.2579201424193962	1.2579201424193962	1.0
-0.04088659693838145	0.0	-0.04088659693838145	0.04088659693838145	1.0
-0.9902866951224084	0.0	-0.9902866951224084	0.9902866951224084	1.0
-1.0921498336171391	0.0	-1.0921498336171391	1.0921498336171391	1.0
-1.0402778475482464	0.0	-1.0402778475482464	1.0402778475482464	1.0
0.5922028159531935	0.0	0.5922028159531935	0.5922028159531935	1.0
1.1155254736645694	0.0	1.1155254736645694	1.1155254736645694	1.0
-0.2989238007318936	0.0	-0.2989238007318936	0.2989238007318936	1.0
-0.4662946259839885	0.0	-0.4662946259839885	0.4662946259839885	1.0
0.5063843113621551	0.0	0.5063843113621551	0.5063843113621551	1.0
2.0874041613934557	0.0	2.0874041613934557	2.0874041613934557	1.0
-1.5968693848302031	0.0	-1.5968693848302031	1.5968693848302031	1.0
0.9998314885693418	0.0	0.9998314885693418	0.9998314885693418	1.0
1.0696418971833452	0.0	1.0696418971833452	1.0696418971833452	1.0
-0.5769667204923751	0.0	-0.5769667204923751	0.5769667204923751	1.0
-1.115258471656819	0.0	-1.115258471656819	1.115258471656819	1.0
2.3147001221022063	0.0	2.3147001221022063	2.3147001221022063	1.0
3.222400938216426	0.0	3.222400938216426	3.222400938216426	1.0
1.8685577907210065	0.0	1.8685577907210065	1.8685577907210065	1.0
0.1038703744194304	0.0	0.1038703744194304	0.1038703744194304	1.0
-1.9848589925389746	0.0	-1.9848589925389746	1.9848589925389746	1.0
2.178338636179218	0.0	2.178338636179218	2.178338636179218	1.0
-3.0369511195511145	0.0	-3.0369511195511145	3.0369511195511145	1.0
-0.5166565206482898	0.0	-0.5166565206482898	0.5166565206482898	1.0
2.5675272467844894	0.0	2.5675272467844894	2.5675272467844894	1.0
-1.6997695236009402	0.0	-1.6997695236009402	1.6997695236009402	1.0
1.4153977171657464	0.0	1.4153977171657464	1.4153977171657464	1.0
1.3669778831076982	0.0	1.3669778831076982	1.3669778831076982	1.0
-0.8848020465840505	0.0	-0.8848020465840505	0.8848020465840505	1.0
-2.042422639447875	0.0	-2.042422639447875	2.042422639447875	1.0
-5.3181817229456145	0.0	-5.3181817229456145	5.3181817229456145	1.0
0.2361034218643651	0.0	0.2361034218643651	0.2361034218643651	1.0
-0.137277003647922	0.0	-0.137277003647922	0.137277003647922	1.0
0.1826115200694918	0.0	0.1826115200694918	0.1826115200694918	1.0
0.6599015620963903	0.0	0.6599015620963903	0.6599015620963903	1.0
0.40367190294837696	0.0	0.40367190294837696	0.40367190294837696	1.0
0.8432370995310052	0.0	0.8432370995310052	0.8432370995310052	1.0
0.3708534799780592	0.0	0.3708534799780592	0.3708534799780592	1.0
-1.2343151058149837	0.0	-1.2343151058149837	1.2343151058149837	1.0
1.553656398251611	0.0	1.553656398251611	1.553656398251611	1.0
0.8889009774982106	0.0	0.8889009774982106	0.8889009774982106	1.0
-1.0328790721549748	0.0	-1.0328790721549748	1.0328790721549748	1.0
-1.3033813950131288	0.0	-1.3033813950131288	1.3033813950131288	1.0
-0.16259690614626218	0.0	-0.16259690614626218	0.16259690614626218	1.0
2.5556817964454424	0.0	2.5556817964454424	2.5556817964454424	1.0
-2.6167940157574305	0.0	-2.6167940157574305	2.6167940157574305	1.0
0.11293876882306728	0.0	0.11293876882306728	0.11293876882306728	1.0
0.22094778519205377	0.0	0.22094778519205377	0.22094778519205377	1.0
2.5133000243184576	0.0	2.5133000243184576	2.5133000243184576	1.0
-0.2057257468366206	0.0	-0.2057257468366206	0.2057257468366206	1.0
0.7694869986969106	0.0	0.7694869986969106	0.7694869986969106	1.0
0.791049848243484	0.0	0.791049848243484	0.791049848243484	1.0
-4.735057226534695	0.0	-4.735057226534695	4.735057226534695	1.0
-2.7634901698999195	0.0	-2.7634901698999195	2.7634901698999195	1.0
-0.9414738113495797	0.0	-0.9414738113495797	0.9414738113495797	1.0
1.2349658266411083	0.0	1.2349658266411083	1.2349658266411083	1.0
0.49648048497682185	0.0	0.49648048497682185	0.49648048497682185	1.0
-1.6129253654857678	0.0	-1.6129253654857678	1.6129253654857678	1.0
1.2734518988863988	0.0	1.2734518988863988	1.2734518988863988	1.0
-0.3761744557154854	0.0	-0.3761744557154854	0.3761744557154854	1.0
2.9575331362528763	0.0	2.9575331362528763	2.9575331362528763	1.0
-0.5909657179088638	0.0	-0.5909657179088638	0.5909657179088638	1.0
0.7076377618310516	0.0	0.7076377618310516	0.7076377618310516	1.0
-0.34981517038134535	0.0	-0.34981517038134535	0.34981517038134535	1.0
0.3705979890536154	0.0	0.3705979890536154	0.3705979890536154	1.0
1.5539735204577476	0.0	1.5539735204577476	1.5539735204577476	1.0
-2.930099338962781	0.0	-2.930099338962781	2.930099338962781	1.0
-2.29134227601544	0.0	-2.29134227601544	2.29134227601544	1.0
-0.551238807210252	0.0	-0.551238807210252	0.551238807210252	1.0
1.0758934157742195	0.0	1.0758934157742195	1.0758934157742195	1.0
-0.35708155567583083	0.0	-0.35708155567583083	0.35708155567583083	1.0
-0.3388062570354038	0.0	-0.3388062570354038	0.3388062570354038	1.0
-2.201443755716634	0.0	-2.201443755716634	2.201443755716634	1.0
-1.0260074506650314	0.0	-1.0260074506650314	1.0260074506650314	1.0
-2.310230850457752	0.0	-2.310230850457752	2.310230850457752	1.0
2.7463584258232308	0.0	2.7463584258232308	2.7463584258232308	1.0
0.502348924069653	0.0	0.502348924069653	0.502348924069653	1.0
0.9756805287718044	0.0	0.9756805287718044	0.9756805287718044	1.0
-1.2861108759457787	0.0	-1.2861108759457787	1.2861108759457787	1.0
1.8755922438953636	0.0	1.8755922438953636	1.8755922438953636	1.0
-0.33152097047623647	0.0	-0.33152097047623647	0.33152097047623647	1.0
-2.479196330403451	0.0	-2.479196330403451	2.479196330403451	1.0
-4.833747040079753	0.0	-4.833747040079753	4.833747040079753	1.0
-0.8090393124075419	0.0	-0.8090393124075419	0.8090393124075419	1.0
0.20577292186387927	0.0	0.20577292186387927	0.20577292186387927	1.0
0.2608150837836528	0.0	0.2608150837836528	0.2608150837836528	1.0
3.2961120931586985	0.0	3.2961120931586985	3.2961120931586985	1.0
0.9639040590445129	0.0	0.9639040590445129	0.9639040590445129	1.0
-1.2935221819174259	0.0	-1.2935221819174259	1.2935221819174259	1.0
0.9679088419377548	0.0	0.9679088419377548	0.9679088419377548	1.0
-3.248405461007925	0.0	-3.248405461007925	3.248405461007925	1.0
1.6332396518953654	0.0	1.6332396518953654	1.6332396518953654	1.0
2.0187745259684133	0.0	2.0187745259684133	2.0187745259684133	1.0
-1.3574856095532557	0.0	-1.3574856095532557	1.3574856095532557	1.0
1.1038567281296492	0.0	1.1038567281296492	1.1038567281296492	1.0
-1.8202373687099738	0.0	-1.8202373687099738	1.8202373687099738	1.0
-0.40650568868724823	0.0	-0.40650568868724823	0.40650568868724823	1.0
3.7309255166230777	0.0	3.7309255166230777	3.7309255166230777	1.0
1.918015683425914	0.0	1.918015683425914	1.918015683425914	1.0
1.0315638322700156	0.0	1.0315638322700156	1.0315638322700156	1.0
1.2851518990197976	0.0	1.2851518990197976	1.2851518990197976	1.0
-1.642438681335101	0.0	-1.642438681335101	1.642438681335101	1.0
1.7362369404660427	0.0	1.7362369404660427	1.7362369404660427	1.0
0.2723016831674463	0.0	0.2723016831674463	0.2723016831674463	1.0
0.7707826043353857	0.0	0.7707826043353857	0.7707826043353857	1.0
1.1676997858123772	0.0	1.1676997858123772	1.1676997858123772	1.0
0.03348737346416955	0.0	0.03348737346416955	0.03348737346416955	1.0
1.3979153503303072	0.0	1.3979153503303072	1.3979153503303072	1.0
-2.6734272525748435	0.0	-2.6734272525748435	2.6734272525748435	1.0
-2.4548341482031	0.0	-2.4548341482031	2.4548341482031	1.0
3.7093131777094737	0.0	3.7093131777094737	3.7093131777094737	1.0
2.723523378168881	0.0	2.723523378168881	2.723523378168881	1.0
2.602541727289298	0.0	2.602541727289298	2.602541727289298	1.0
-2.2842212394419237	0.0	-2.2842212394419237	2.2842212394419237	1.0
1.2342070831733127	0.0	1.2342070831733127	1.2342070831733127	1.0
0.14444005079037836	0.0	0.14444005079037836	0.14444005079037836	1.0
0.5958692922677076	0.0	0.5958692922677076	0.5958692922677076	1.0
-1.8929060432236327	0.0	-1.8929060432236327	1.8929060432236327	1.0
0.7674065943772799	0.0	0.7674065943772799	0.7674065943772799	1.0
0.5590792219719739	0.0	0.5590792219719739	0.5590792219719739	1.0
-2.7053052732582836	0.0	-2.7053052732582836	2.7053052732582836	1.0
0.15971317683447178	0.0	0.15971317683447178	0.15971317683447178	1.0
0.059609085202088685	0.0	0.059609085202088685	0.059609085202088685	1.0
1.842546040457357	0.0	1.842546040457357	1.842546040457357	1.0
0.004799106903865227	0.0	0.004799106903865227	0.004799106903865227	1.0
-2.4774583950178406	0.0	-2.4774583950178406	2.4774583950178406	1.0
-2.2479205599721586	0.0	-2.2479205599721586	2.2479205599721586	1.0
-2.8182319651378323	0.0	-2.8182319651378323	2.8182319651378323	1.0
0.9494290653684729	0.0	0.9494290653684729	0.9494290653684729	1.0
-0.4524295218816211	0.0	-0.4524295218816211	0.4524295218816211	1.0
1.2171343633491523	0.0	1.2171343633491523	1.2171343633491523	1.0
-0.35658423304175196	0.0	-0.35658423304175196	0.35658423304175196	1.0
1.8982321861263745	0.0	1.8982321861263745	1.8982321861263745	1.0
0.014927583928660799	0.0	0.014927583928660799	0.014927583928660799	1.0
-1.5481545900017013	0.0	-1.5481545900017013	1.5481545900017013	1.0
0.05327362659609802	0.0	0.05327362659609802	0.05327362659609802	1.0
-1.9236391401977495	0.0	-1.9236391401977495	1.9236391401977495	1.0
0.85159636490533	0.0	0.85159636490533	0.85159636490533	1.0
-0.2963049416236685	0.0	-0.2963049416236685	0.2963049416236685	1.0
-1.3131322084742387	0.0	-1.3131322084742387	1.3131322084742387	1.0
1.538539657845003	0.0	1.538539657845003	1.538539657845003	1.0
2.70468659406788	0.0	2.70468659406788	2.70468659406788	1.0
2.603157988097855	0.0	2.603157988097855	2.603157988097855	1.0
-0.030555583888364046	0.0	-0.030555583888364046	0.030555583888364046	1.0
-1.2797783261721851	0.0	-1.2797783261721851	1.2797783261721851	1.0
-0.6179914371899348	0.0	-0.6179914371899348	0.6179914371899348	1.0
-0.9506409586453907	0.0	-0.9506409586453907	0.9506409586453907	1.0
0.7832386664165458	0.0	0.7832386664165458	0.7832386664165458	1.0
-1.4596505465853062	0.0	-1.4596505465853062	1.4596505465853062	1.0
-2.4420050307369046	0.0	-2.4420050307369046	2.4420050307369046	1.0
-1.595716494513024	0.0	-1.595716494513024	1.595716494513024	1.0
-2.868879946891499	0.0	-2.868879946891499	2.868879946891499	1.0
-0.6576118355654688	0.0	-0.6576118355654688	0.6576118355654688	1.0
-2.061361694079962	0.0	-2.061361694079962	2.061361694079962	1.0
1.073624349044681	0.0	1.073624349044681	1.073624349044681	1.0
1.8571159156008703	0.0	1.8571159156008703	1.8571159156008703	1.0
1.238125223273634	0.0	1.238125223273634	1.238125223273634	1.0
4.395008252004793	0.0	4.395008252004793	4.395008252004793	1.0
0.2989700708041884	0.0	0.2989700708041884	0.2989700708041884	1.0
-1.3122338376280727	0.0	-1.3122338376280727	1.3122338376280727	1.0
-0.8585763609825707	0.0	-0.8585763609825707	0.8585763609825707	1.0
0.7903154662002867	0.0	0.7903154662002867	0.7903154662002867	1.0
-0.13338468571857587	0.0	-0.13338468571857587	0.13338468571857587	1.0
-0.8725282028214842	0.0	-0.8725282028214842	0.8725282028214842	1.0
1.805883924128371	0.0	1.805883924128371	1.805883924128371	1.0
-0.8746062625107767	0.0	-0.8746062625107767	0.8746062625107767	1.0
-2.2321574646788003	0.0	-2.2321574646788003	2.2321574646788003	1.0
-1.5943962427360499	0.0	-1.5943962427360499	1.5943962427360499	1.0
-0.7243675318606007	0.0	-0.7243675318606007	0.7243675318606007	1.0
-0.9414240148678557	0.0	-0.9414240148678557	0.9414240148678557	1.0
0.020304299687347385	0.0	0.020304299687347385	0.020304299687347385	1.0
1.2190016194525248	0.0	1.2190016194525248	1.2190016194525248	1.0
0.3448424115662221	0.0	0.3448424115662221	0.3448424115662221	1.0
-0.8250218461840058	0.0	-0.8250218461840058	0.8250218461840058	1.0
5.635069519829344	0.0	5.635069519829344	5.635069519829344	1.0
0.2506338794511882	0.0	0.2506338794511882	0.2506338794511882	1.0
-0.05874318436208138	0.0	-0.05874318436208138	0.05874318436208138	1.0
1.7209335614059662	0.0	1.7209335614059662	1.7209335614059662	1.0
-0.5661367310816908	0.0	-0.5661367310816908	0.5661367310816908	1.0
0.7791925011998557	0.0	0.7791925011998557	0.7791925011998557	1.0
1.0545273016769638	0.0	1.0545273016769638	1.0545273016769638	1.0
1.2261724291147953	0.0	1.2261724291147953	1.2261724291147953	1.0
-1.167778017545682	0.0	-1.167778017545682	1.167778017545682	1.0
-1.7610016465063012	0.0	-1.7610016465063012	1.7610016465063012	1.0
1.2959445882911282	0.0	1.2959445882911282	1.2959445882911282	1.0
1.2978684216299385	0.0	1.2978684216299385	1.2978684216299385	1.0
-0.6256377863065323	0.0	-0.6256377863065323	0.6256377863065323	1.0
-1.1442960883771527	0.0	-1.1442960883771527	1.1442960883771527	1.0
-3.5934226672831873	0.0	-3.5934226672831873	3.5934226672831873	1.0
-2.6757711187234214	0.0	-2.6757711187234214	2.6757711187234214	1.0
0.19850857633076646	0.0	0.19850857633076646	0.19850857633076646	1.0
1.790642748159995	0.0	1.790642748159995	1.790642748159995	1.0
-0.5700765599783649	0.0	-0.5700765599783649	0.5700765599783649	1.0
1.0170552404627098	0.0	1.0170552404627098	1.0170552404627098	1.0
-1.0963066940842787	0.0	-1.0963066940842787	1.0963066940842787	1.0
-0.27259461862473217	0.0	-0.27259461862473217	0.27259461862473217	1.0
1.9037718887858444	0.0	1.9037718887858444	1.9037718887858444	1.0
0.7432360222822889	0.0	0.7432360222822889	0.7432360222822889	1.0
5.7434658788583395	0.0	5.7434658788583395	5.7434658788583395	1.0
-0.030091704518774437	0.0	-0.030091704518774437	0.030091704518774437	1.0
-0.05733537650656883	0.0	-0.05733537650656883	0.05733537650656883	1.0
1.6889811208273007	0.0	1.6889811208273007	1.6889811208273007	1.0
-1.456872857297589	0.0	-1.456872857297589	1.456872857297589	1.0
-0.17132822633657852	0.0	-0.17132822633657852	0.17132822633657852	1.0
-0.7242580543678983	0.0	-0.7242580543678983	0.7242580543678983	1.0
2.1533931005093554	0.0	2.1533931005093554	2.1533931005093554	1.0
0.45522398241029527	0.0	0.45522398241029527	0.45522398241029527	1.0
0.5548085698169634	0.0	0.5548085698169634	0.5548085698169634	1.0
-0.5410903469197195	0.0	-0.5410903469197195	0.5410903469197195	1.0
-0.8087950941270758	0.0	-0.8087950941270758	0.8087950941270758	1.0
-0.9291207758616831	0.0	-0.9291207758616831	0.9291207758616831	1.0
1.5937654320734205	0.0	1.5937654320734205	1.5937654320734205	1.0
0.9445798275236312	0.0	0.9445798275236312	0.9445798275236312	1.0
1.5964823276938986	0.0	1.5964823276938986	1.5964823276938986	1.0
-1.2231676310346524	0.0	-1.2231676310346524	1.2231676310346524	1.0
3.5776820593443075	0.0	3.5776820593443075	3.5776820593443075	1.0
-1.3877500073004898	0.0	-1.3877500073004898	1.3877500073004898	1.0
-1.3881572688281758	0.0	-1.3881572688281758	1.3881572688281758	1.0
-2.2071204601974705	0.0	-2.2071204601974705	2.2071204601974705	1.0
0.32521175991516016	0.0	0.32521175991516016	0.32521175991516016	1.0
0.3114719401376112	0.0	0.3114719401376112	0.3114719401376112	1.0
1.4144897759970847	0.0	1.4144897759970847	1.4144897759970847	1.0
-1.5412155197273196	0.0	-1.5412155197273196	1.5412155197273196	1.0
-0.07339276016930696	0.0	-0.07339276016930696	0.07339276016930696	1.0
-2.832849362564841	0.0	-2.832849362564841	2.832849362564841	1.0
-1.0805928022294937	0.0	-1.0805928022294937	1.0805928022294937	1.0
-0.34271188782457385	0.0	-0.34271188782457385	0.34271188782457385	1.0
1.6562941957775927	0.0	1.6562941957775927	1.6562941957775927	1.0
2.9205621497894416	0.0	2.9205621497894416	2.9205621497894416	1.0
-0.4458454456648845	0.0	-0.4458454456648845	0.4458454456648845	1.0
0.6483754369127228	0.0	0.6483754369127228	0.6483754369127228	1.0
2.495768379673529	0.0	2.495768379673529	2.495768379673529	1.0
-1.114762495450439	0.0	-1.114762495450439	1.114762495450439	1.0
-0.33919978298877024	0.0	-0.33919978298877024	0.33919978298877024	1.0
-1.8512964502601688	0.0	-1.8512964502601688	1.8512964502601688	1.0
-0.059678882871121205	0.0	-0.059678882871121205	0.059678882871121205	1.0
0.5329223530106066	0.0	0.5329223530106066	0.5329223530106066	1.0
-0.42162810496732495	0.0	-0.42162810496732495	0.42162810496732495	1.0
-1.0386624249410925	0.0	-1.0386624249410925	1.0386624249410925	1.0
-0.8196011354785224	0.0	-0.8196011354785224	0.8196011354785224	1.0
-1.2358527143303673	0.0	-1.2358527143303673	1.2358527143303673	1.0
-1.9789182804237733	0.0	-1.9789182804237733	1.9789182804237733	1.0
-1.339401869246113	0.0	-1.339401869246113	1.339401869246113	1.0
0.5660828759881849	0.0	0.5660828759881849	0.5660828759881849	1.0
1.6547304259542446	0.0	1.6547304259542446	1.6547304259542446	1.0
1.391520331735527	0.0	1.391520331735527	1.391520331735527	1.0
0.6789534552177598	0.0	0.6789534552177598	0.6789534552177598	1.0
-2.020753824915692	0.0	-2.020753824915692	2.020753824915692	1.0
0.37706726769284	0.0	0.37706726769284	0.37706726769284	1.0
-2.8393874654573623	0.0	-2.8393874654573623	2.8393874654573623	1.0
3.061035238466579	0.0	3.061035238466579	3.061035238466579	1.0
-1.1594032288074565	0.0	-1.1594032288074565	1.1594032288074565	1.0
1.8508714316504888	0.0	1.8508714316504888	1.8508714316504888	1.0
1.0998719910404404	0.0	1.0998719910404404	1.0998719910404404	1.0
2.618281629496332	0.0	2.618281629496332	2.618281629496332	1.0
-0.4504623754514921	0.0	-0.4504623754514921	0.4504623754514921	1.0
2.1093407311258012	0.0	2.1093407311258012	2.1093407311258012	1.0
-1.9278457575524859	0.0	-1.9278457575524859	1.9278457575524859	1.0
1.6630336309747522	0.0	1.6630336309747522	1.6630336309747522	1.0
-1.5824067848535883	0.0	-1.5824067848535883	1.5824067848535883	1.0
-0.15495767170068664	0.0	-0.15495767170068664	0.15495767170068664	1.0
0.7070011481725113	0.0	0.7070011481725113	0.7070011481725113	1.0
-0.607561762727529	0.0	-0.607561762727529	0.607561762727529	1.0
-0.7514511689623129	0.0	-0.7514511689623129	0.7514511689623129	1.0
-6.401823642354283	0.0	-6.401823642354283	6.401823642354283	1.0
3.9639909844286136	0.0	3.9639909844286136	3.9639909844286136	1.0
1.8416874370953549	0.0	1.8416874370953549	1.8416874370953549	1.0
-0.7102100055663749	0.0	-0.7102100055663749	0.7102100055663749	1.0
1.0031453198583296	0.0	1.0031453198583296	1.0031453198583296	1.0
-0.713950013762112	0.0	-0.713950013762112	0.713950013762112	1.0
0.44372432839587783	0.0	0.44372432839587783	0.44372432839587783	1.0
-0.3847358187585974	0.0	-0.3847358187585974	0.3847358187585974	1.0
-1.570190184979967	0.0	-1.570190184979967	1.570190184979967	1.0
-1.4694236746157685	0.0	-1.4694236746157685	1.4694236746157685	1.0
-1.1706076279058177	0.0	-1.1706076279058177	1.1706076279058177	1.0
-1.3706615839492955	0.0	-1.3706615839492955	1.3706615839492955	1.0
0.38216660273783976	0.0	0.38216660273783976	0.38216660273783976	1.0
-0.4485703574167773	0.0	-0.4485703574167773	0.4485703574167773	1.0
2.1618291692736697	0.0	2.1618291692736697	2.1618291692736697	1.0
2.2976088247211974	0.0	2.2976088247211974	2.2976088247211974	1.0
-1.0116074042015328	0.0	-1.0116074042015328	1.0116074042015328	1.0
1.0059660657191707	0.0	1.0059660657191707	1.0059660657191707	1.0
0.7598301454979013	0.0	0.7598301454979013	0.7598301454979013	1.0
-0.9144460790644637	0.0	-0.9144460790644637	0.9144460790644637	1.0
-0.1682584894731284	0.0	-0.1682584894731284	0.1682584894731284	1.0
-0.8926166756508787	0.0	-0.8926166756508787	0.8926166756508787	1.0
-3.020071341432776	0.0	-3.020071341432776	3.020071341432776	1.0
0.6378953223149745	0.0	0.6378953223149745	0.6378953223149745	1.0
-2.625976317700805	0.0	-2.625976317700805	2.625976317700805	1.0
-2.403996227140081	0.0	-2.403996227140081	2.403996227140081	1.0
1.4083187073794357	0.0	1.4083187073794357	1.4083187073794357	1.0
-1.124519488126044	0.0	-1.124519488126044	1.124519488126044	1.0
0.7723643227352677	0.0	0.7723643227352677	0.7723643227352677	1.0
0.16059428148642874	0.0	0.16059428148642874	0.16059428148642874	1.0
0.02916756961623633	0.0	0.02916756961623633	0.02916756961623633	1.0
3.749344879277828	0.0	3.749344879277828	3.749344879277828	1.0
0.9051076550250854	0.0	0.9051076550250854	0.9051076550250854	1.0
-0.1351249362237273	0.0	-0.1351249362237273	0.1351249362237273	1.0
1.1061066680098741	0.0	1.1061066680098741	1.1061066680098741	1.0
-2.2236498741217687	0.0	-2.2236498741217687	2.2236498741217687	1.0
0.18166681025531548	0.0	0.18166681025531548	0.18166681025531548	1.0
-1.9446577875538056	0.0	-1.9446577875538056	1.9446577875538056	1.0
-0.9032193106794868	0.0	-0.9032193106794868	0.9032193106794868	1.0
-0.6381217087850292	0.0	-0.6381217087850292	0.6381217087850292	1.0
-0.0027618495645539316	0.0	-0.0027618495645539316	0.0027618495645539316	1.0
0.730253679887617	0.0	0.730253679887617	0.730253679887617	1.0
-0.08931836448153828	0.0	-0.08931836448153828	0.08931836448153828	1.0
-1.846188557481283	0.0	-1.846188557481283	1.846188557481283	1.0
-2.777721833445016	0.0	-2.777721833445016	2.777721833445016	1.0
3.7200480705331396	0.0	3.7200480705331396	3.7200480705331396	1.0
2.106293823608254	0.0	2.106293823608254	2.106293823608254	1.0
-0.49872552761627786	0.0	-0.49872552761627786	0.49872552761627786	1.0
1.3761421155604607	0.0	1.3761421155604607	1.3761421155604607	1.0
-1.886595847767045	0.0	-1.886595847767045	1.886595847767045	1.0
2.229651227643554	0.0	2.229651227643554	2.229651227643554	1.0
0.3144464040751109	0.0	0.3144464040751109	0.3144464040751109	1.0
1.5306841303831475	0.0	1.5306841303831475	1.5306841303831475	1.0
-1.4845399122001668	0.0	-1.4845399122001668	1.4845399122001668	1.0
1.3315200656353898	0.0	1.3315200656353898	1.3315200656353898	1.0
-2.802692746750398	0.0	-2.802692746750398	2.802692746750398	1.0
1.0654817019587852	0.0	1.0654817019587852	1.0654817019587852	1.0
-1.6416034057334712	0.0	-1.6416034057334712	1.6416034057334712	1.0
-0.8137708398994745	0.0	-0.8137708398994745	0.8137708398994745	1.0
-4.213681496703165	0.0	-4.213681496703165	4.213681496703165	1.0
0.6622955127748764	0.0	0.6622955127748764	0.6622955127748764	1.0
0.8139653890812565	0.0	0.8139653890812565	0.8139653890812565	1.0
0.5298207835072722	0.0	0.5298207835072722	0.5298207835072722	1.0
-1.4670000992239678	0.0	-1.4670000992239678	1.4670000992239678	1.0
0.9854093660304776	0.0	0.9854093660304776	0.9854093660304776	1.0
1.027742126837214	0.0	1.027742126837214	1.027742126837214	1.0
-0.9178314866887155	0.0	-0.9178314866887155	0.9178314866887155	1.0
-0.05795936659318894	0.0	-0.05795936659318894	0.05795936659318894	1.0
0.7593031116890856	0.0	0.7593031116890856	0.7593031116890856	1.0
0.10359290124922134	0.0	0.10359290124922134	0.10359290124922134	1.0
-1.7376243199734187	0.0	-1.7376243199734187	1.7376243199734187	1.0
1.2356644613192356	0.0	1.2356644613192356	1.2356644613192356	1.0
-0.518161295875319	0.0	-0.518161295875319	0.518161295875319	1.0
1.6018449002287416	0.0	1.6018449002287416	1.6018449002287416	1.0
-1.4038008536600863	0.0	-1.4038008536600863	1.4038008536600863	1.0
5.513905448310325	0.0	5.513905448310325	5.513905448310325	1.0
-1.6669776449284484	0.0	-1.6669776449284484	1.6669776449284484	1.0
-0.06867897795911526	0.0	-0.06867897795911526	0.06867897795911526	1.0
0.6110388008330302	0.0	0.6110388008330302	0.6110388008330302	1.0
-2.021546732357244	0.0	-2.021546732357244	2.021546732357244	1.0
-0.455507960189981	0.0	-0.455507960189981	0.455507960189981	1.0
0.7741052395389162	0.0	0.7741052395389162	0.7741052395389162	1.0
-2.8876346513863256	0.0	-2.8876346513863256	2.8876346513863256	1.0
0.6390266642307778	0.0	0.6390266642307778	0.6390266642307778	1.0
0.2778093251329043	0.0	0.2778093251329043	0.2778093251329043	1.0
1.6930715916587147	0.0	1.6930715916587147	1.6930715916587147	1.0
0.08216959282762375	0.0	0.08216959282762375	0.08216959282762375	1.0
-1.90851722673658	0.0	-1.90851722673658	1.90851722673658	1.0
-0.7674121933437462	0.0	-0.7674121933437462	0.7674121933437462	1.0
2.572124672956434	0.0	2.572124672956434	2.572124672956434	1.0
-0.4817749563592619	0.0	-0.4817749563592619	0.4817749563592619	1.0
2.6799935668913593	0.0	2.6799935668913593	2.6799935668913593	1.0
-0.6733734237435087	0.0	-0.6733734237435087	0.6733734237435087	1.0
-1.0665759555734695	0.0	-1.0665759555734695	1.0665759555734695	1.0
-0.45545444658687884	0.0	-0.45545444658687884	0.45545444658687884	1.0
-0.025990114217045418	0.0	-0.025990114217045418	0.025990114217045418	1.0
-0.1330774155918463	0.0	-0.1330774155918463	0.1330774155918463	1.0
-3.163225431801937	0.0	-3.163225431801937	3.163225431801937	1.0
-2.616765431855363	0.0	-2.616765431855363	2.616765431855363	1.0
2.9432390988117594	0.0	2.9432390988117594	2.9432390988117594	1.0
3.973682864395997	0.0	3.973682864395997	3.973682864395997	1.0
2.8147503135903533	0.0	2.8147503135903533	2.8147503135903533	1.0
-0.6856371630084495	0.0	-0.6856371630084495	0.6856371630084495	1.0
1.1721720596240628	0.0	1.1721720596240628	1.1721720596240628	1.0
0.44123351231183516	0.0	0.44123351231183516	0.44123351231183516	1.0
-0.7581288977652189	0.0	-0.7581288977652189	0.7581288977652189	1.0
3.6971253441764116	0.0	3.6971253441764116	3.6971253441764116	1.0
-0.6026326269044555	0.0	-0.6026326269044555	0.6026326269044555	1.0
0.9569011689411776	0.0	0.9569011689411776	0.9569011689411776	1.0
-0.9627010907462825	0.0	-0.9627010907462825	0.9627010907462825	1.0
-0.9962619906421333	0.0	-0.9962619906421333	0.9962619906421333	1.0
1.5431823467605998	0.0	1.5431823467605998	1.5431823467605998	1.0
-2.5500773368978944	0.0	-2.5500773368978944	2.5500773368978944	1.0
0.6832443182487382	0.0	0.6832443182487382	0.6832443182487382	1.0
0.744498504585515	0.0	0.744498504585515	0.744498504585515	1.0
2.3186149414136414	0.0	2.3186149414136414	2.3186149414136414	1.0
-0.9121855607134433	0.0	-0.9121855607134433	0.9121855607134433	1.0
0.5851019392707624	0.0	0.5851019392707624	0.5851019392707624	1.0
-0.4424278664757577	0.0	-0.4424278664757577	0.4424278664757577	1.0
-1.463364633866394	0.0	-1.463364633866394	1.463364633866394	1.0
0.08270798387552611	0.0	0.08270798387552611	0.08270798387552611	1.0
0.6498123298596794	0.0	0.6498123298596794	0.6498123298596794	1.0
-1.3820141278421287	0.0	-1.3820141278421287	1.3820141278421287	1.0
-0.8696152795603387	0.0	-0.8696152795603387	0.8696152795603387	1.0
-1.087881544099192	0.0	-1.087881544099192	1.087881544099192	1.0
0.8973796231368991	0.0	0.8973796231368991	0.8973796231368991	1.0
-2.8797656973404124	0.0	-2.8797656973404124	2.8797656973404124	1.0
0.08654839998275421	0.0	0.08654839998275421	0.08654839998275421	1.0
-2.2534881834166702	0.0	-2.2534881834166702	2.2534881834166702	1.0
-1.966441517449765	0.0	-1.966441517449765	1.966441517449765	1.0
0.7186133107496158	0.0	0.7186133107496158	0.7186133107496158	1.0
0.3755347850744086	0.0	0.3755347850744086	0.3755347850744086	1.0
-2.018195427475055	0.0	-2.018195427475055	2.018195427475055	1.0
0.5730467900449874	0.0	0.5730467900449874	0.5730467900449874	1.0
-1.0995340253307466	0.0	-1.0995340253307466	1.0995340253307466	1.0
1.6971029628213108	0.0	1.6971029628213108	1.6971029628213108	1.0
-3.7776158827248745	0.0	-3.7776158827248745	3.7776158827248745	1.0
2.200498010954615	0.0	2.200498010954615	2.200498010954615	1.0
-1.7800795932619118	0.0	-1.7800795932619118	1.7800795932619118	1.0
-0.24485895943846664	0.0	-0.24485895943846664	0.24485895943846664	1.0
-2.6944937327247986	0.0	-2.6944937327247986	2.6944937327247986	1.0
-2.178627620952107	0.0	-2.178627620952107	2.178627620952107	1.0
-1.7570965967716874	0.0	-1.7570965967716874	1.7570965967716874	1.0
-1.5195592598426677	0.0	-1.5195592598426677	1.5195592598426677	1.0
-2.6774672195077054	0.0	-2.6774672195077054	2.6774672195077054	1.0
-0.1423401558772053	0.0	-0.1423401558772053	0.1423401558772053	1.0
-0.8596486619406755	0.0	-0.8596486619406755	0.8596486619406755	1.0
1.3125380675262046	0.0	1.3125380675262046	1.3125380675262046	1.0
-0.7569143523173382	0.0	-0.7569143523173382	0.7569143523173382	1.0
3.0156694517782183	0.0	3.0156694517782183	3.0156694517782183	1.0
-2.172890475208668	0.0	-2.172890475208668	2.172890475208668	1.0
-0.02926136955519873	0.0	-0.02926136955519873	0.02926136955519873	1.0
0.7804737467178651	0.0	0.7804737467178651	0.7804737467178651	1.0
-0.5581974729934324	0.0	-0.5581974729934324	0.5581974729934324	1.0
0.6435879746235998	0.0	0.6435879746235998	0.6435879746235998	1.0
-0.012172280956711731	0.0	-0.012172280956711731	0.012172280956711731	1.0
-0.946976817047036	0.0	-0.946976817047036	0.946976817047036	1.0
-2.4846157811242713	0.0	-2.4846157811242713	2.4846157811242713	1.0
0.8039087253998655	0.0	0.8039087253998655	0.8039087253998655	1.0
-0.5050225646064206	0.0	-0.5050225646064206	0.5050225646064206	1.0
0.7002453697718709	0.0	0.7002453697718709	0.7002453697718709	1.0
-3.6946876194002574	0.0	-3.6946876194002574	3.6946876194002574	1.0
0.38012223848511734	0.0	0.38012223848511734	0.38012223848511734	1.0
-1.2402764267941333	0.0	-1.2402764267941333	1.2402764267941333	1.0
5.318643566476534	0.0	5.318643566476534	5.318643566476534	1.0
-0.3392225914475213	0.0	-0.3392225914475213	0.3392225914475213	1.0
-2.42613615975088	0.0	-2.42613615975088	2.42613615975088	1.0
0.22700097482231596	0.0	0.22700097482231596	0.22700097482231596	1.0
-0.40547584131671394	0.0	-0.40547584131671394	0.40547584131671394	1.0
-0.5992104190265668	0.0	-0.5992104190265668	0.5992104190265668	1.0
0.5686299766979399	0.0	0.5686299766979399	0.5686299766979399	1.0
-0.19968770023699123	0.0	-0.19968770023699123	0.19968770023699123	1.0
1.52757280987012	0.0	1.52757280987012	1.52757280987012	1.0
-1.4368848031794248	0.0	-1.4368848031794248	1.4368848031794248	1.0
-0.6388697710245521	0.0	-0.6388697710245521	0.6388697710245521	1.0
-0.39165713195189894	0.0	-0.39165713195189894	0.39165713195189894	1.0
0.5127665159700602	0.0	0.5127665159700602	0.5127665159700602	1.0
-1.3474268655653863	0.0	-1.3474268655653863	1.3474268655653863	1.0
1.5739398549489523	0.0	1.5739398549489523	1.5739398549489523	1.0
-4.194074091487309	0.0	-4.194074091487309	4.194074091487309	1.0
1.179442417178899	0.0	1.179442417178899	1.179442417178899	1.0
-1.5838555383351902	0.0	-1.5838555383351902	1.5838555383351902	1.0
0.7406162175490748	0.0	0.7406162175490748	0.7406162175490748	1.0
2.0747518507672997	0.0	2.0747518507672997	2.0747518507672997	1.0
0.74614846581487	0.0	0.74614846581487	0.74614846581487	1.0
1.3640347994838447	0.0	1.3640347994838447	1.3640347994838447	1.0
-2.665064543269392	0.0	-2.665064543269392	2.665064543269392	1.0
3.6338232125068766	0.0	3.6338232125068766	3.6338232125068766	1.0
0.6142277103643232	0.0	0.6142277103643232	0.6142277103643232	1.0
1.3413698268486915	0.0	1.3413698268486915	1.3413698268486915	1.0
0.38390442410037634	0.0	0.38390442410037634	0.38390442410037634	1.0
1.1527125577247817	0.0	1.1527125577247817	1.1527125577247817	1.0
0.5846608829970732	0.0	0.5846608829970732	0.5846608829970732	1.0
-0.41569515723980316	0.0	-0.41569515723980316	0.41569515723980316	1.0
-4.232250960804004	0.0	-4.232250960804004	4.232250960804004	1.0
3.7468968232816806	0.0	3.7468968232816806	3.7468968232816806	1.0
-0.09897273155348862	0.0	-0.09897273155348862	0.09897273155348862	1.0
-1.0255825443550874	0.0	-1.0255825443550874	1.0255825443550874	1.0
0.21680497245092067	0.0	0.21680497245092067	0.21680497245092067	1.0
-1.170802802463019	0.0	-1.170802802463019	1.170802802463019	1.0
1.770446462661537	0.0	1.770446462661537	1.770446462661537	1.0
-2.499539810314	0.0	-2.499539810314	2.499539810314	1.0
1.3058967494237417	0.0	1.3058967494237417	1.3058967494237417	1.0
0.31776695702199687	0.0	0.31776695702199687	0.31776695702199687	1.0
2.435644273135571	0.0	2.435644273135571	2.435644273135571	1.0
0.45787056586445335	0.0	0.45787056586445335	0.45787056586445335	1.0
1.0892219975995947	0.0	1.0892219975995947	1.0892219975995947	1.0
-0.11517611139334398	0.0	-0.11517611139334398	0.11517611139334398	1.0
-0.20974213377559447	0.0	-0.20974213377559447	0.20974213377559447	1.0
1.792850693969378	0.0	1.792850693969378	1.792850693969378	1.0
-1.2402709243009384	0.0	-1.2402709243009384	1.2402709243009384	1.0
-0.12496588753269527	0.0	-0.12496588753269527	0.12496588753269527	1.0
-0.8013122332973255	0.0	-0.8013122332973255	0.8013122332973255	1.0
-0.2915102605104617	0.0	-0.2915102605104617	0.2915102605104617	1.0
-0.7379858778865915	0.0	-0.7379858778865915	0.7379858778865915	1.0
-1.0054579967902226	0.0	-1.0054579967902226	1.0054579967902226	1.0
0.8805201552981144	0.0	0.8805201552981144	0.8805201552981144	1.0
2.601290120522226	0.0	2.601290120522226	2.601290120522226	1.0
0.166850653592091	0.0	0.166850653592091	0.166850653592091	1.0
0.21714418401225388	0.0	0.21714418401225388	0.21714418401225388	1.0
0.8324417748091457	0.0	0.8324417748091457	0.8324417748091457	1.0
1.5966673722250133	0.0	1.5966673722250133	1.5966673722250133	1.0
0.2997847786568798	0.0	0.2997847786568798	0.2997847786568798	1.0
-0.14700497277229613	0.0	-0.14700497277229613	0.14700497277229613	1.0
-0.8502435120811548	0.0	-0.8502435120811548	0.8502435120811548	1.0
-1.1095458170975212	0.0	-1.1095458170975212	1.1095458170975212	1.0
0.3046502479527117	0.0	0.3046502479527117	0.3046502479527117	1.0
-0.05859533839736587	0.0	-0.05859533839736587	0.05859533839736587	1.0
0.16805293181930048	0.0	0.16805293181930048	0.16805293181930048	1.0
-1.1204083780423546	0.0	-1.1204083780423546	1.1204083780423546	1.0
0.5536024096160512	0.0	0.5536024096160512	0.5536024096160512	1.0
1.6065563451273297	0.0	1.6065563451273297	1.6065563451273297	1.0
0.2860318751268156	0.0	0.2860318751268156	0.2860318751268156	1.0
-0.4193168918709611	0.0	-0.4193168918709611	0.4193168918709611	1.0
1.7226916505325738	0.0	1.7226916505325738	1.7226916505325738	1.0
0.9134530791726696	0.0	0.9134530791726696	0.9134530791726696	1.0
-0.4534130051383635	0.0	-0.4534130051383635	0.4534130051383635	1.0
0.7087369207906985	0.0	0.7087369207906985	0.7087369207906985	1.0
1.3383343232864124	0.0	1.3383343232864124	1.3383343232864124	1.0
2.0066252844782455	0.0	2.0066252844782455	2.0066252844782455	1.0
-3.338152894088859	0.0	-3.338152894088859	3.338152894088859	1.0
0.6566487688200084	0.0	0.6566487688200084	0.6566487688200084	1.0
-1.323161844187855	0.0	-1.323161844187855	1.323161844187855	1.0
-0.6155533835900333	0.0	-0.6155533835900333	0.6155533835900333	1.0
0.4201462870967873	0.0	0.4201462870967873	0.4201462870967873	1.0
1.9523682966953335	0.0	1.9523682966953335	1.9523682966953335	1.0
1.6338185425199518	0.0	1.6338185425199518	1.6338185425199518	1.0
2.742549498733272	0.0	2.742549498733272	2.742549498733272	1.0
0.8590385352332932	0.0	0.8590385352332932	0.8590385352332932	1.0
-2.4854740881636443	0.0	-2.4854740881636443	2.4854740881636443	1.0
1.0859981310993911	0.0	1.0859981310993911	1.0859981310993911	1.0
-2.5120604031438867	0.0	-2.5120604031438867	2.5120604031438867	1.0
1.6070543185841526	0.0	1.6070543185841526	1.6070543185841526	1.0
-1.1233533735750723	0.0	-1.1233533735750723	1.1233533735750723	1.0
3.247159788776729	0.0	3.247159788776729	3.247159788776729	1.0
0.22501752274846182	0.0	0.22501752274846182	0.22501752274846182	1.0
1.4645362195769243	0.0	1.4645362195769243	1.4645362195769243	1.0
-0.06104659255848069	0.0	-0.06104659255848069	0.06104659255848069	1.0
-0.7319804080234295	0.0	-0.7319804080234295	0.7319804080234295	1.0
-1.1821899624391283	0.0	-1.1821899624391283	1.1821899624391283	1.0
-1.8603143486633256	0.0	-1.8603143486633256	1.8603143486633256	1.0
-0.5318764256640929	0.0	-0.5318764256640929	0.5318764256640929	1.0
-1.4936906810093507	0.0	-1.4936906810093507	1.4936906810093507	1.0
-0.5030850321689584	0.0	-0.5030850321689584	0.5030850321689584	1.0
2.0811071099137117	0.0	2.0811071099137117	2.0811071099137117	1.0
1.5021534356131772	0.0	1.5021534356131772	1.5021534356131772	1.0
0.9270070195503444	0.0	0.9270070195503444	0.9270070195503444	1.0
-0.34379460699852454	0.0	-0.34379460699852454	0.34379460699852454	1.0
0.9984067998491655	0.0	0.9984067998491655	0.9984067998491655	1.0
5.495806359246085	0.0	5.495806359246085	5.495806359246085	1.0
0.0014491281285537692	0.0	0.0014491281285537692	0.0014491281285537692	1.0
-0.9988509492344075	0.0	-0.9988509492344075	0.9988509492344075	1.0
-0.5944144863004502	0.0	-0.5944144863004502	0.5944144863004502	1.0
-0.5592363173895182	0.0	-0.5592363173895182	0.5592363173895182	1.0
0.7624796360320638	0.0	0.7624796360320638	0.7624796360320638	1.0
-1.798017664436024	0.0	-1.798017664436024	1.798017664436024	1.0
-0.2476959621787226	0.0	-0.2476959621787226	0.2476959621787226	1.0
1.081036105837195	0.0	1.081036105837195	1.081036105837195	1.0
-0.9019165375524998	0.0	-0.9019165375524998	0.9019165375524998	1.0
1.4636498044740371	0.0	1.4636498044740371	1.4636498044740371	1.0
-0.4486865780981361	0.0	-0.4486865780981361	0.4486865780981361	1.0
-2.733819821148524	0.0	-2.733819821148524	2.733819821148524	1.0
-0.9346458945407023	0.0	-0.9346458945407023	0.9346458945407023	1.0
0.8701579281570544	0.0	0.8701579281570544	0.8701579281570544	1.0
-0.44598736351059665	0.0	-0.44598736351059665	0.44598736351059665	1.0
-0.4184481763317854	0.0	-0.4184481763317854	0.4184481763317854	1.0
-1.9071876625332915	0.0	-1.9071876625332915	1.9071876625332915	1.0
-1.7676006639926323	0.0	-1.7676006639926323	1.7676006639926323	1.0
-0.1243017740861611	0.0	-0.1243017740861611	0.1243017740861611	1.0
0.7857761349924118	0.0	0.7857761349924118	0.7857761349924118	1.0
0.6472783390006843	0.0	0.6472783390006843	0.6472783390006843	1.0
-2.36513725172286	0.0	-2.36513725172286	2.36513725172286	1.0
4.425968175746749	0.0	4.425968175746749	4.425968175746749	1.0
2.598399070876931	0.0	2.598399070876931	2.598399070876931	1.0
3.308604012373057	0.0	3.308604012373057	3.308604012373057	1.0
0.5345969243438975	0.0	0.5345969243438975	0.5345969243438975	1.0
4.413319456941218	0.0	4.413319456941218	4.413319456941218	1.0
1.0450870210605148	0.0	1.0450870210605148	1.0450870210605148	1.0
0.14712098957824954	0.0	0.14712098957824954	0.14712098957824954	1.0
-2.12671661758088	0.0	-2.12671661758088	2.12671661758088	1.0
0.7258567697604612	0.0	0.7258567697604612	0.7258567697604612	1.0
-1.9908629266972637	0.0	-1.9908629266972637	1.9908629266972637	1.0
2.660862147581044	0.0	2.660862147581044	2.660862147581044	1.0
1.3371969096732088	0.0	1.3371969096732088	1.3371969096732088	1.0
-2.9959946710908136	0.0	-2.9959946710908136	2.9959946710908136	1.0
-1.3993670554867343	0.0	-1.3993670554867343	1.3993670554867343	1.0
-0.9483854795761455	0.0	-0.9483854795761455	0.9483854795761455	1.0
-0.6075071886684295	0.0	-0.6075071886684295	0.6075071886684295	1.0
-1.0003547693021442	0.0	-1.0003547693021442	1.0003547693021442	1.0
-0.5330490691046568	0.0	-0.5330490691046568	0.5330490691046568	1.0
0.6735991914068694	0.0	0.6735991914068694	0.6735991914068694	1.0
0.00018843054043695025	0.0	0.00018843054043695025	0.00018843054043695025	1.0
-2.428235449665674	0.0	-2.428235449665674	2.428235449665674	1.0
-0.843239478105587	0.0	-0.843239478105587	0.843239478105587	1.0
2.763600534125538	0.0	2.763600534125538	2.763600534125538	1.0
-2.869724586766479	0.0	-2.869724586766479	2.869724586766479	1.0
-2.329349613337389	0.0	-2.329349613337389	2.329349613337389	1.0
0.5013512258729365	0.0	0.5013512258729365	0.5013512258729365	1.0
0.33243865317688137	0.0	0.33243865317688137	0.33243865317688137	1.0
0.6044644401075989	0.0	0.6044644401075989	0.6044644401075989	1.0
0.02393631085226165	0.0	0.02393631085226165	0.02393631085226165	1.0
-0.2285345552442011	0.0	-0.2285345552442011	0.2285345552442011	1.0
0.8306865363527303	0.0	0.8306865363527303	0.8306865363527303	1.0
-1.2962372164292864	0.0	-1.2962372164292864	1.2962372164292864	1.0
0.04174410138390295	0.0	0.04174410138390295	0.04174410138390295	1.0
0.28052619636103227	0.0	0.28052619636103227	0.28052619636103227	1.0
-2.9812176641903005	0.0	-2.9812176641903005	2.9812176641903005	1.0
-1.8236614622130167	0.0	-1.8236614622130167	1.8236614622130167	1.0
0.34573137477586785	0.0	0.34573137477586785	0.34573137477586785	1.0
0.08755422187953026	0.0	0.08755422187953026	0.08755422187953026	1.0
1.570782342645397	0.0	1.570782342645397	1.570782342645397	1.0
3.8455623801316143	0.0	3.8455623801316143	3.8455623801316143	1.0
-0.6089824342800424	0.0	-0.6089824342800424	0.6089824342800424	1.0
-0.12780251132491888	0.0	-0.12780251132491888	0.12780251132491888	1.0
0.3753216146955331	0.0	0.3753216146955331	0.3753216146955331	1.0
-1.0649485800752592	0.0	-1.0649485800752592	1.0649485800752592	1.0
-1.8208309746537095	0.0	-1.8208309746537095	1.8208309746537095	1.0
0.5529331361076038	0.0	0.5529331361076038	0.5529331361076038	1.0
0.22866494000943166	0.0	0.22866494000943166	0.22866494000943166	1.0
-0.5298733507401425	0.0	-0.5298733507401425	0.5298733507401425	1.0
-0.9682685772848196	0.0	-0.9682685772848196	0.9682685772848196	1.0
1.800345459262473	0.0	1.800345459262473	1.800345459262473	1.0
-0.874541111697768	0.0	-0.874541111697768	0.874541111697768	1.0
-1.8846487820340907	0.0	-1.8846487820340907	1.8846487820340907	1.0
-0.6624893088189293	0.0	-0.6624893088189293	0.6624893088189293	1.0
-2.65733681900017	0.0	-2.65733681900017	2.65733681900017	1.0
3.930392990999427	0.0	3.930392990999427	3.930392990999427	1.0
0.5471021422866603	0.0	0.5471021422866603	0.5471021422866603	1.0
0.0892176951397607	0.0	0.0892176951397607	0.0892176951397607	1.0
-1.1997458525624378	0.0	-1.1997458525624378	1.1997458525624378	1.0
1.9520025489668984	0.0	1.9520025489668984	1.9520025489668984	1.0
2.2111712433596638	0.0	2.2111712433596638	2.2111712433596638	1.0
0.05262545380088888	0.0	0.05262545380088888	0.05262545380088888	1.0
-0.9704254173220215	0.0	-0.9704254173220215	0.9704254173220215	1.0
-2.168895476144608	0.0	-2.168895476144608	2.168895476144608	1.0
-1.793632083897236	0.0	-1.793632083897236	1.793632083897236	1.0
0.6723064205025944	0.0	0.6723064205025944	0.6723064205025944	1.0
-0.35605994019579	0.0	-0.35605994019579	0.35605994019579	1.0
1.4723507444128756	0.0	1.4723507444128756	1.4723507444128756	1.0
0.09151387810939422	0.0	0.09151387810939422	0.09151387810939422	1.0
-1.3176143951959223	0.0	-1.3176143951959223	1.3176143951959223	1.0
-2.630716829379703	0.0	-2.630716829379703	2.630716829379703	1.0
-0.9478211886401711	0.0	-0.9478211886401711	0.9478211886401711	1.0
-0.46198723671733444	0.0	-0.46198723671733444	0.46198723671733444	1.0
-0.5178884793211804	0.0	-0.5178884793211804	0.5178884793211804	1.0
-0.22573210126468585	0.0	-0.22573210126468585	0.22573210126468585	1.0
2.3027889811322844	0.0	2.3027889811322844	2.3027889811322844	1.0
0.385994538460795	0.0	0.385994538460795	0.385994538460795	1.0
-1.9531157392746596	0.0	-1.9531157392746596	1.9531157392746596	1.0
0.3579963614386037	0.0	0.3579963614386037	0.3579963614386037	1.0
1.6808955704828938	0.0	1.6808955704828938	1.6808955704828938	1.0
-0.09524241337766404	0.0	-0.09524241337766404	0.09524241337766404	1.0
-0.17879982444053322	0.0	-0.17879982444053322	0.17879982444053322	1.0
-0.45860864756988284	0.0	-0.45860864756988284	0.45860864756988284	1.0
2.1684085062388205	0.0	2.1684085062388205	2.1684085062388205	1.0
-0.14267362932332958	0.0	-0.14267362932332958	0.14267362932332958	1.0
2.597922294058531	0.0	2.597922294058531	2.597922294058531	1.0
-0.1734089653659698	0.0	-0.1734089653659698	0.1734089653659698	1.0
-1.8518932891606399	0.0	-1.8518932891606399	1.8518932891606399	1.0
-1.554475265926392	0.0	-1.554475265926392	1.554475265926392	1.0
-1.5058569749123223	0.0	-1.5058569749123223	1.5058569749123223	1.0
2.0920507252431237	0.0	2.0920507252431237	2.0920507252431237	1.0
-2.380990606670575	0.0	-2.380990606670575	2.380990606670575	1.0
-0.8778227575873372	0.0	-0.8778227575873372	0.8778227575873372	1.0
0.8649661125445249	0.0	0.8649661125445249	0.8649661125445249	1.0
-2.8486251873270803	0.0	-2.8486251873270803	2.8486251873270803	1.0
-0.19761471984854678	0.0	-0.19761471984854678	0.19761471984854678	1.0
-1.3704706633601083	0.0	-1.3704706633601083	1.3704706633601083	1.0
-0.052541922273097126	0.0	-0.052541922273097126	0.052541922273097126	1.0
0.06254999944980828	0.0	0.06254999944980828	0.06254999944980828	1.0
3.385485691159718	0.0	3.385485691159718	3.385485691159718	1.0
0.8777420391203774	0.0	0.8777420391203774	0.8777420391203774	1.0
-0.12452322162497279	0.0	-0.12452322162497279	0.12452322162497279	1.0
-0.060052671717472465	0.0	-0.060052671717472465	0.060052671717472465	1.0
0.004890998020803909	0.0	0.004890998020803909	0.004890998020803909	1.0
1.619342721709258	0.0	1.619342721709258	1.619342721709258	1.0
0.8246172430768113	0.0	0.8246172430768113	0.8246172430768113	1.0
-1.2113284932193693	0.0	-1.2113284932193693	1.2113284932193693	1.0
-0.007588877662887757	0.0	-0.007588877662887757	0.007588877662887757	1.0
1.6724701764319874	0.0	1.6724701764319874	1.6724701764319874	1.0
1.5658156270546915	0.0	1.5658156270546915	1.5658156270546915	1.0
0.40701342233313453	0.0	0.40701342233313453	0.40701342233313453	1.0
-0.5381245854104373	0.0	-0.5381245854104373	0.5381245854104373	1.0
-0.221851525571408	0.0	-0.221851525571408	0.221851525571408	1.0
2.7793559386149145	0.0	2.7793559386149145	2.7793559386149145	1.0
0.5469733711519754	0.0	0.5469733711519754	0.5469733711519754	1.0
-0.2085277935732135	0.0	-0.2085277935732135	0.2085277935732135	1.0
-1.8326248213123795	0.0	-1.8326248213123795	1.8326248213123795	1.0
-2.1942395089589657	0.0	-2.1942395089589657	2.1942395089589657	1.0
0.1356787208365251	0.0	0.1356787208365251	0.1356787208365251	1.0
1.354655704461123	0.0	1.354655704461123	1.354655704461123	1.0
-0.48315227327496324	0.0	-0.48315227327496324	0.48315227327496324	1.0
1.9268768400966607	0.0	1.9268768400966607	1.9268768400966607	1.0
0.3401486928622677	0.0	0.3401486928622677	0.3401486928622677	1.0
0.9970081108982957	0.0	0.9970081108982957	0.9970081108982957	1.0
0.8340499193289274	0.0	0.8340499193289274	0.8340499193289274	1.0
0.6053337259443853	0.0	0.6053337259443853	0.6053337259443853	1.0
0.5193012858127574	0.0	0.5193012858127574	0.5193012858127574	1.0
-0.9235504410475301	0.0	-0.9235504410475301	0.9235504410475301	1.0
-0.40999244259085765	0.0	-0.40999244259085765	0.40999244259085765	1.0
0.3284096193031303	0.0	0.3284096193031303	0.3284096193031303	1.0
0.4285539060402921	0.0	0.4285539060402921	0.4285539060402921	1.0
-0.18809871336817136	0.0	-0.18809871336817136	0.18809871336817136	1.0
-1.4764026496931686	0.0	-1.4764026496931686	1.4764026496931686	1.0
-0.01851318159420321	0.0	-0.01851318159420321	0.01851318159420321	1.0
1.1028751586005558	0.0	1.1028751586005558	1.1028751586005558	1.0
2.0301135643828623	0.0	2.0301135643828623	2.0301135643828623	1.0
-1.186676186464116	0.0	-1.186676186464116	1.186676186464116	1.0
1.9965705367014333	0.0	1.9965705367014333	1.9965705367014333	1.0
0.3064146913397404	0.0	0.3064146913397404	0.3064146913397404	1.0
1.4656105807525643	0.0	1.4656105807525643	1.4656105807525643	1.0
1.746633148295503	0.0	1.746633148295503	1.746633148295503	1.0
1.2785120266705177	0.0	1.2785120266705177	1.2785120266705177	1.0
-0.21210504901971872	0.0	-0.21210504901971872	0.21210504901971872	1.0
0.376464954373883	0.0	0.376464954373883	0.376464954373883	1.0
-3.7659237705648607	0.0	-3.7659237705648607	3.7659237705648607	1.0
1.9921600300019064	0.0	1.9921600300019064	1.9921600300019064	1.0
0.5261006259740073	0.0	0.5261006259740073	0.5261006259740073	1.0
0.3769162688099162	0.0	0.3769162688099162	0.3769162688099162	1.0
0.22920699736261807	0.0	0.22920699736261807	0.22920699736261807	1.0
-0.7941661859788873	0.0	-0.7941661859788873	0.7941661859788873	1.0
-0.535934548853177	0.0	-0.535934548853177	0.535934548853177	1.0
-3.002195435016274	0.0	-3.002195435016274	3.002195435016274	1.0
-2.6684594765095726	0.0	-2.6684594765095726	2.6684594765095726	1.0
0.12963220827873434	0.0	0.12963220827873434	0.12963220827873434	1.0
-1.156752081978475	0.0	-1.156752081978475	1.156752081978475	1.0
-0.9674068566229557	0.0	-0.9674068566229557	0.9674068566229557	1.0
-1.0979035618235709	0.0	-1.0979035618235709	1.0979035618235709	1.0
0.601489476822743	0.0	0.601489476822743	0.601489476822743	1.0
-0.9650266303996731	0.0	-0.9650266303996731	0.9650266303996731	1.0
-0.08559183242649725	0.0	-0.08559183242649725	0.08559183242649725	1.0
-1.3929710798037256	0.0	-1.3929710798037256	1.3929710798037256	1.0
0.1030684363424613	0.0	0.1030684363424613	0.1030684363424613	1.0
1.6400902280105143	0.0	1.6400902280105143	1.6400902280105143	1.0
-0.40121307553855234	0.0	-0.40121307553855234	0.40121307553855234	1.0
-0.05250472857414824	0.0	-0.05250472857414824	0.05250472857414824	1.0
-1.9956097931580246	0.0	-1.9956097931580246	1.9956097931580246	1.0
0.29370235802065314	0.0	0.29370235802065314	0.29370235802065314	1.0
-0.04709166541589495	0.0	-0.04709166541589495	0.04709166541589495	1.0
-0.901420267842096	0.0	-0.901420267842096	0.901420267842096	1.0
-0.13871224537559917	0.0	-0.13871224537559917	0.13871224537559917	1.0
0.8817471477981231	0.0	0.8817471477981231	0.8817471477981231	1.0
-0.9083415816509288	0.0	-0.9083415816509288	0.9083415816509288	1.0
-1.6126722199802428	0.0	-1.6126722199802428	1.6126722199802428	1.0
-0.8644496509441635	0.0	-0.8644496509441635	0.8644496509441635	1.0
5.090873779162157	0.0	5.090873779162157	5.090873779162157	1.0
0.016948078538021976	0.0	0.016948078538021976	0.016948078538021976	1.0
-0.2900457553522942	0.0	-0.2900457553522942	0.2900457553522942	1.0
0.7272365546439875	0.0	0.7272365546439875	0.7272365546439875	1.0
-2.0508976835706445	0.0	-2.0508976835706445	2.0508976835706445	1.0
-0.3811148461924632	0.0	-0.3811148461924632	0.3811148461924632	1.0
1.5536869968667202	0.0	1.5536869968667202	1.5536869968667202	1.0
-1.121123403572219	0.0	-1.121123403572219	1.121123403572219	1.0
-0.24011991324980675	0.0	-0.24011991324980675	0.24011991324980675	1.0
-4.824255069915829	0.0	-4.824255069915829	4.824255069915829	1.0
0.1734605891028174	0.0	0.1734605891028174	0.1734605891028174	1.0
-0.6767189159279468	0.0	-0.6767189159279468	0.6767189159279468	1.0
0.20786527223190926	0.0	0.20786527223190926	0.20786527223190926	1.0
0.5373925748411009	0.0	0.5373925748411009	0.5373925748411009	1.0
-1.5728035467181183	0.0	-1.5728035467181183	1.5728035467181183	1.0
-1.0959547268944583	0.0	-1.0959547268944583	1.0959547268944583	1.0
2.207789101492475	0.0	2.207789101492475	2.207789101492475	1.0
-2.754556055636381	0.0	-2.754556055636381	2.754556055636381	1.0
1.8771948789942172	0.0	1.8771948789942172	1.8771948789942172	1.0
-0.31308779057870817	0.0	-0.31308779057870817	0.31308779057870817	1.0
0.2349204201745819	0.0	0.2349204201745819	0.2349204201745819	1.0
-0.8349800136307686	0.0	-0.8349800136307686	0.8349800136307686	1.0
-3.3194721017925044	0.0	-3.3194721017925044	3.3194721017925044	1.0
-0.19206656540406203	0.0	-0.19206656540406203	0.19206656540406203	1.0
0.12157456459406374	0.0	0.12157456459406374	0.12157456459406374	1.0
-2.7143750558447906	0.0	-2.7143750558447906	2.7143750558447906	1.0
1.6438056893063242	0.0	1.6438056893063242	1.6438056893063242	1.0
0.1905406877212394	0.0	0.1905406877212394	0.1905406877212394	1.0
-1.217587380690789	0.0	-1.217587380690789	1.217587380690789	1.0
-1.7058424754693873	0.0	-1.7058424754693873	1.7058424754693873	1.0
-3.08564465962246	0.0	-3.08564465962246	3.08564465962246	1.0
-1.1906326670823526	0.0	-1.1906326670823526	1.1906326670823526	1.0
0.6859038552676235	0.0	0.6859038552676235	0.6859038552676235	1.0
-1.24677905029112	0.0	-1.24677905029112	1.24677905029112	1.0
0.34032599684300624	0.0	0.34032599684300624	0.34032599684300624	1.0
-1.7559391768037318	0.0	-1.7559391768037318	1.7559391768037318	1.0
0.026306719335043454	0.0	0.026306719335043454	0.026306719335043454	1.0
0.4174660479809339	0.0	0.4174660479809339	0.4174660479809339	1.0
-0.4386708281283588	0.0	-0.4386708281283588	0.4386708281283588	1.0
-1.8685762240675183	0.0	-1.8685762240675183	1.8685762240675183	1.0
0.058222135991834095	0.0	0.058222135991834095	0.058222135991834095	1.0
3.1858177990051293	0.0	3.1858177990051293	3.1858177990051293	1.0
-0.9730697131957672	0.0	-0.9730697131957672	0.9730697131957672	1.0
-0.7558220112038361	0.0	-0.7558220112038361	0.7558220112038361	1.0
0.054891031982116534	0.0	0.054891031982116534	0.054891031982116534	1.0
-2.803663783041194	0.0	-2.803663783041194	2.803663783041194	1.0
0.5247587193191343	0.0	0.5247587193191343	0.5247587193191343	1.0
-0.6900988072084651	0.0	-0.6900988072084651	0.6900988072084651	1.0
-1.0602914965818344	0.0	-1.0602914965818344	1.0602914965818344	1.0
0.904870796995414	0.0	0.904870796995414	0.904870796995414	1.0
2.0047968971264423	0.0	2.0047968971264423	2.0047968971264423	1.0
-2.375584253074699	0.0	-2.375584253074699	2.375584253074699	1.0
1.2713510206560716	0.0	1.2713510206560716	1.2713510206560716	1.0
0.5015675661754283	0.0	0.5015675661754283	0.5015675661754283	1.0
1.9834872014629281	0.0	1.9834872014629281	1.9834872014629281	1.0
-0.5578229217984833	0.0	-0.5578229217984833	0.5578229217984833	1.0
1.6791071835632372	0.0	1.6791071835632372	1.6791071835632372	1.0
0.7388710376834071	0.0	0.7388710376834071	0.7388710376834071	1.0
-0.2725308965528008	0.0	-0.2725308965528008	0.2725308965528008	1.0
-0.5656400856306597	0.0	-0.5656400856306597	0.5656400856306597	1.0
-1.7188703686408446	0.0	-1.7188703686408446	1.7188703686408446	1.0
4.508968415788442	0.0	4.508968415788442	4.508968415788442	1.0
-0.378085920255971	0.0	-0.378085920255971	0.378085920255971	1.0
1.0367666128934252	0.0	1.0367666128934252	1.0367666128934252	1.0
-1.6168944412541972	0.0	-1.6168944412541972	1.6168944412541972	1.0
-0.03360488030206202	0.0	-0.03360488030206202	0.03360488030206202	1.0
2.2125140093207545	0.0	2.2125140093207545	2.2125140093207545	1.0
1.1256160535821773	0.0	1.1256160535821773	1.1256160535821773	1.0
0.16334738014626024	0.0	0.16334738014626024	0.16334738014626024	1.0
1.9640501634178769	0.0	1.9640501634178769	1.9640501634178769	1.0
-0.8664872155075058	0.0	-0.8664872155075058	0.8664872155075058	1.0
1.5404757759603722	0.0	1.5404757759603722	1.5404757759603722	1.0
-0.20209610376852322	0.0	-0.20209610376852322	0.20209610376852322	1.0
-0.9644667901266567	0.0	-0.9644667901266567	0.9644667901266567	1.0
-3.08777165898468	0.0	-3.08777165898468	3.08777165898468	1.0
0.8154243084905055	0.0	0.8154243084905055	0.8154243084905055	1.0
-4.2560241806226395	0.0	-4.2560241806226395	4.2560241806226395	1.0
0.559655708245881	0.0	0.559655708245881	0.559655708245881	1.0
0.9604114266441357	0.0	0.9604114266441357	0.9604114266441357	1.0
1.455117478612411	0.0	1.455117478612411	1.455117478612411	1.0
1.2964050267247962	0.0	1.2964050267247962	1.2964050267247962	1.0
-0.8483495544204833	0.0	-0.8483495544204833	0.8483495544204833	1.0
0.462471419526689	0.0	0.462471419526689	0.462471419526689	1.0
0.5254100256774582	0.0	0.5254100256774582	0.5254100256774582	1.0
-0.2936292095185469	0.0	-0.2936292095185469	0.2936292095185469	1.0
-0.41297432351833563	0.0	-0.41297432351833563	0.41297432351833563	1.0
0.6742009034597459	0.0	0.6742009034597459	0.6742009034597459	1.0
1.147120659742218	0.0	1.147120659742218	1.147120659742218	1.0
0.073406135440533	0.0	0.073406135440533	0.073406135440533	1.0
-1.875262188736432	0.0	-1.875262188736432	1.875262188736432	1.0
-3.9560296643511457	0.0	-3.9560296643511457	3.9560296643511457	1.0
-1.9286239296623997	0.0	-1.9286239296623997	1.9286239296623997	1.0
0.4804690666141215	0.0	0.4804690666141215	0.4804690666141215	1.0
-0.4253028615200259	0.0	-0.4253028615200259	0.4253028615200259	1.0
-0.7349184902420858	0.0	-0.7349184902420858	0.7349184902420858	1.0
1.077428415517641	0.0	1.077428415517641	1.077428415517641	1.0
2.2953183991295107	0.0	2.2953183991295107	2.2953183991295107	1.0
-0.4825598486051043	0.0	-0.4825598486051043	0.4825598486051043	1.0
-0.2415270320557934	0.0	-0.2415270320557934	0.2415270320557934	1.0
1.3208067099706127	0.0	1.3208067099706127	1.3208067099706127	1.0
-0.4025285071683278	0.0	-0.4025285071683278	0.4025285071683278	1.0
-0.33497158234491714	0.0	-0.33497158234491714	0.33497158234491714	1.0
-0.9241435858102325	0.0	-0.9241435858102325	0.9241435858102325	1.0
0.420211935678191	0.0	0.420211935678191	0.420211935678191	1.0
3.8108680945687823	0.0	3.8108680945687823	3.8108680945687823	1.0
3.1942334920046327	0.0	3.1942334920046327	3.1942334920046327	1.0
3.59888358856995	0.0	3.59888358856995	3.59888358856995	1.0
0.5985730650394685	0.0	0.5985730650394685	0.5985730650394685	1.0
0.017128597217723182	0.0	0.017128597217723182	0.017128597217723182	1.0
-0.9518815568900819	0.0	-0.9518815568900819	0.9518815568900819	1.0
-0.9198037132559516	0.0	-0.9198037132559516	0.9198037132559516	1.0
-2.6838563472004164	0.0	-2.6838563472004164	2.6838563472004164	1.0
0.10405410974558363	0.0	0.10405410974558363	0.10405410974558363	1.0
-1.0650519415005621	0.0	-1.0650519415005621	1.0650519415005621	1.0
2.9538732028828605	0.0	2.9538732028828605	2.9538732028828605	1.0
0.5126396299787607	0.0	0.5126396299787607	0.5126396299787607	1.0
-2.1425661244103775	0.0	-2.1425661244103775	2.1425661244103775	1.0
-0.8059847196200052	0.0	-0.8059847196200052	0.8059847196200052	1.0
-0.5890773234307658	0.0	-0.5890773234307658	0.5890773234307658	1.0
-1.6705671922018537	0.0	-1.6705671922018537	1.6705671922018537	1.0
5.143333147430533	0.0	5.143333147430533	5.143333147430533	1.0
-0.5814238237701826	0.0	-0.5814238237701826	0.5814238237701826	1.0
-1.431289352568581	0.0	-1.431289352568581	1.431289352568581	1.0
-0.8185001776220644	0.0	-0.8185001776220644	0.8185001776220644	1.0
1.8268455740678193	0.0	1.8268455740678193	1.8268455740678193	1.0
1.0634652273533756	0.0	1.0634652273533756	1.0634652273533756	1.0
0.5197215061485644	0.0	0.5197215061485644	0.5197215061485644	1.0
0.8451032956296591	0.0	0.8451032956296591	0.8451032956296591	1.0
0.2977273504202896	0.0	0.2977273504202896	0.2977273504202896	1.0
3.2345721818871866	0.0	3.2345721818871866	3.2345721818871866	1.0
-0.06180561107353691	0.0	-0.06180561107353691	0.06180561107353691	1.0
-0.27751853889500167	0.0	-0.27751853889500167	0.27751853889500167	1.0
0.3518424696563076	0.0	0.3518424696563076	0.3518424696563076	1.0
-0.7821111917120954	0.0	-0.7821111917120954	0.7821111917120954	1.0
-0.9472310179902338	0.0	-0.9472310179902338	0.9472310179902338	1.0
-3.674128106610561	0.0	-3.674128106610561	3.674128106610561	1.0
3.929352887517841	0.0	3.929352887517841	3.929352887517841	1.0
-1.1331367834978594	0.0	-1.1331367834978594	1.1331367834978594	1.0
-1.1009534653682809	0.0	-1.1009534653682809	1.1009534653682809	1.0
0.4912328707679978	0.0	0.4912328707679978	0.4912328707679978	1.0
0.07309929783743252	0.0	0.07309929783743252	0.07309929783743252	1.0
2.6538929771252024	0.0	2.6538929771252024	2.6538929771252024	1.0
-3.150095581924799	0.0	-3.150095581924799	3.150095581924799	1.0
1.3079726654719885	0.0	1.3079726654719885	1.3079726654719885	1.0
-0.27777613480080954	0.0	-0.27777613480080954	0.27777613480080954	1.0
0.9226983504007448	0.0	0.9226983504007448	0.9226983504007448	1.0
1.3557856179169994	0.0	1.3557856179169994	1.3557856179169994	1.0
0.578092734596372	0.0	0.578092734596372	0.578092734596372	1.0
0.9154195480477666	0.0	0.9154195480477666	0.9154195480477666	1.0
0.14615641321443507	0.0	0.14615641321443507	0.14615641321443507	1.0
-0.5064119361868199	0.0	-0.5064119361868199	0.5064119361868199	1.0
-3.8083779156505804	0.0	-3.8083779156505804	3.8083779156505804	1.0
-0.34262509459069906	0.0	-0.34262509459069906	0.34262509459069906	1.0
1.3637298459112155	0.0	1.3637298459112155	1.3637298459112155	1.0
0.1551594683590214	0.0	0.1551594683590214	0.1551594683590214	1.0
-0.7335102801981408	0.0	-0.7335102801981408	0.7335102801981408	1.0
0.4495128988707881	0.0	0.4495128988707881	0.4495128988707881	1.0
-0.3450520168325383	0.0	-0.3450520168325383	0.3450520168325383	1.0
-0.13358624377070621	0.0	-0.13358624377070621	0.13358624377070621	1.0
0.740362772258024	0.0	0.740362772258024	0.740362772258024	1.0
3.053579998407377	0.0	3.053579998407377	3.053579998407377	1.0
2.3873384071145303	0.0	2.3873384071145303	2.3873384071145303	1.0
0.34315045108588316	0.0	0.34315045108588316	0.34315045108588316	1.0
0.7588638117460855	0.0	0.7588638117460855	0.7588638117460855	1.0
2.9595570206870834	0.0	2.9595570206870834	2.9595570206870834	1.0
-0.9755848336118861	0.0	-0.9755848336118861	0.9755848336118861	1.0
0.1561443355393011	0.0	0.1561443355393011	0.1561443355393011	1.0
1.6185337970220424	0.0	1.6185337970220424	1.6185337970220424	1.0
-0.9202626343932675	0.0	-0.9202626343932675	0.9202626343932675	1.0
0.062329169374735774	0.0	0.062329169374735774	0.062329169374735774	1.0
-2.6116906329191103	0.0	-2.6116906329191103	2.6116906329191103	1.0
1.8258237421240842	0.0	1.8258237421240842	1.8258237421240842	1.0
1.3881919538337317	0.0	1.3881919538337317	1.3881919538337317	1.0
0.8647687365646046	0.0	0.8647687365646046	0.8647687365646046	1.0
-0.3543415623125181	0.0	-0.3543415623125181	0.3543415623125181	1.0
-0.2562838634284465	0.0	-0.2562838634284465	0.2562838634284465	1.0
0.855444059007072	0.0	0.855444059007072	0.855444059007072	1.0
0.9659706454297754	0.0	0.9659706454297754	0.9659706454297754	1.0
-0.331194427984656	0.0	-0.331194427984656	0.331194427984656	1.0
-3.604944532107785	0.0	-3.604944532107785	3.604944532107785	1.0
0.2961086697674296	0.0	0.2961086697674296	0.2961086697674296	1.0
-2.1830402419115376	0.0	-2.1830402419115376	2.1830402419115376	1.0
2.638860676507879	0.0	2.638860676507879	2.638860676507879	1.0
1.3683741347037648	0.0	1.3683741347037648	1.3683741347037648	1.0
-2.7353863258595457	0.0	-2.7353863258595457	2.7353863258595457	1.0
3.577166920612579	0.0	3.577166920612579	3.577166920612579	1.0
1.915499811124365	0.0	1.915499811124365	1.915499811124365	1.0
2.922319131273312	0.0	2.922319131273312	2.922319131273312	1.0
-1.2789727144259018	0.0	-1.2789727144259018	1.2789727144259018	1.0
1.5360162915228768	0.0	1.5360162915228768	1.5360162915228768	1.0
2.7570093546021925	0.0	2.7570093546021925	2.7570093546021925	1.0
0.8632486870737237	0.0	0.8632486870737237	0.8632486870737237	1.0
-1.235913399104608	0.0	-1.235913399104608	1.235913399104608	1.0
3.8672969825365024	0.0	3.8672969825365024	3.8672969825365024	1.0
-2.1131256870721384	0.0	-2.1131256870721384	2.1131256870721384	1.0
-1.8276953316006093	0.0	-1.8276953316006093	1.8276953316006093	1.0
-6.011322920983566	0.0	-6.011322920983566	6.011322920983566	1.0
-1.536844372659388	0.0	-1.536844372659388	1.536844372659388	1.0
1.3412131712675848	0.0	1.3412131712675848	1.3412131712675848	1.0
-0.0478587608058473	0.0	-0.0478587608058473	0.0478587608058473	1.0
0.6202040836770024	0.0	0.6202040836770024	0.6202040836770024	1.0
0.1488137330141769	0.0	0.1488137330141769	0.1488137330141769	1.0
1.0330212731029027	0.0	1.0330212731029027	1.0330212731029027	1.0
1.72004406073262	0.0	1.72004406073262	1.72004406073262	1.0
-0.9006692231032567	0.0	-0.9006692231032567	0.9006692231032567	1.0
-0.4342156317062905	0.0	-0.4342156317062905	0.4342156317062905	1.0
3.1306414627490184	0.0	3.1306414627490184	3.1306414627490184	1.0
-0.5905878366507075	0.0	-0.5905878366507075	0.5905878366507075	1.0
2.6721492922531747	0.0	2.6721492922531747	2.6721492922531747	1.0
-1.515792951940098	0.0	-1.515792951940098	1.515792951940098	1.0
3.012471015259739	0.0	3.012471015259739	3.012471015259739	1.0
2.0356892012761056	0.0	2.0356892012761056	2.0356892012761056	1.0
1.1624433425041178	0.0	1.1624433425041178	1.1624433425041178	1.0
0.7154764742804299	0.0	0.7154764742804299	0.7154764742804299	1.0
-3.017276666782203	0.0	-3.017276666782203	3.017276666782203	1.0
-1.844506772555571	0.0	-1.844506772555571	1.844506772555571	1.0
-1.617278452658935	0.0	-1.617278452658935	1.617278452658935	1.0
-2.2813270271052546	0.0	-2.2813270271052546	2.2813270271052546	1.0
0.04659227173643675	0.0	0.04659227173643675	0.04659227173643675	1.0
3.9502345296659795	0.0	3.9502345296659795	3.9502345296659795	1.0
0.4480266984124962	0.0	0.4480266984124962	0.4480266984124962	1.0
-0.23481856778782614	0.0	-0.23481856778782614	0.23481856778782614	1.0
-0.43478459068488917	0.0	-0.43478459068488917	0.43478459068488917	1.0
-1.6780291416881778	0.0	-1.6780291416881778	1.6780291416881778	1.0
2.0303395119003387	0.0	2.0303395119003387	2.0303395119003387	1.0
2.1852706496424044	0.0	2.1852706496424044	2.1852706496424044	1.0
0.009029868838200658	0.0	0.009029868838200658	0.009029868838200658	1.0
-2.075733563064831	0.0	-2.075733563064831	2.075733563064831	1.0
0.15005002049728666	0.0	0.15005002049728666	0.15005002049728666	1.0
-0.4887450290107893	0.0	-0.4887450290107893	0.4887450290107893	1.0
1.1279917026149406	0.0	1.1279917026149406	1.1279917026149406	1.0
-1.2158408292751899	0.0	-1.2158408292751899	1.2158408292751899	1.0
-0.9792121811320917	0.0	-0.9792121811320917	0.9792121811320917	1.0
0.2814631036365888	0.0	0.2814631036365888	0.2814631036365888	1.0
-2.7651158550876014	0.0	-2.7651158550876014	2.7651158550876014	1.0
-0.24274428700413786	0.0	-0.24274428700413786	0.24274428700413786	1.0
-1.653849443081842	0.0	-1.653849443081842	1.653849443081842	1.0
0.036146012228748414	0.0	0.036146012228748414	0.036146012228748414	1.0
0.3369529395353244	0.0	0.3369529395353244	0.3369529395353244	1.0
-0.3018872111894947	0.0	-0.3018872111894947	0.3018872111894947	1.0
0.21295161211712155	0.0	0.21295161211712155	0.21295161211712155	1.0
0.3319778077191904	0.0	0.3319778077191904	0.3319778077191904	1.0
0.48683665740370263	0.0	0.48683665740370263	0.48683665740370263	1.0
2.0742934958656356	0.0	2.0742934958656356	2.0742934958656356	1.0
0.06644710345499084	0.0	0.06644710345499084	0.06644710345499084	1.0
-0.27684228171808223	0.0	-0.27684228171808223	0.27684228171808223	1.0
-3.4497165713452724	0.0	-3.4497165713452724	3.4497165713452724	1.0
2.050816566769369	0.0	2.050816566769369	2.050816566769369	1.0
-0.16417929960018396	0.0	-0.16417929960018396	0.16417929960018396	1.0
-1.252427128544507	0.0	-1.252427128544507	1.252427128544507	1.0
-0.4046277893746858	0.0	-0.4046277893746858	0.4046277893746858	1.0
-2.002690532239104	0.0	-2.002690532239104	2.002690532239104	1.0
1.049235699111537	0.0	1.049235699111537	1.049235699111537	1.0
1.7695782330554728	0.0	1.7695782330554728	1.7695782330554728	1.0
1.7756827497807341	0.0	1.7756827497807341	1.7756827497807341	1.0
-1.1425408746422396	0.0	-1.1425408746422396	1.1425408746422396	1.0
0.7132789017944009	0.0	0.7132789017944009	0.7132789017944009	1.0
-0.6554405253431281	0.0	-0.6554405253431281	0.6554405253431281	1.0
0.4024431683956954	0.0	0.4024431683956954	0.4024431683956954	1.0
-0.13200633242022605	0.0	-0.13200633242022605	0.13200633242022605	1.0
-1.7785385702633243	0.0	-1.7785385702633243	1.7785385702633243	1.0
1.7981378082344204	0.0	1.7981378082344204	1.7981378082344204	1.0
-1.9906736500464413	0.0	-1.9906736500464413	1.9906736500464413	1.0
1.0264661387399094	0.0	1.0264661387399094	1.0264661387399094	1.0
0.30258726316782386	0.0	0.30258726316782386	0.30258726316782386	1.0
-1.515359554250108	0.0	-1.515359554250108	1.515359554250108	1.0
0.21454908975295567	0.0	0.21454908975295567	0.21454908975295567	1.0
0.6771192275599629	0.0	0.6771192275599629	0.6771192275599629	1.0
-0.21056913668975724	0.0	-0.21056913668975724	0.21056913668975724	1.0
-0.23073796477111516	0.0	-0.23073796477111516	0.23073796477111516	1.0
0.05997582181427439	0.0	0.05997582181427439	0.05997582181427439	1.0
0.9390042732466247	0.0	0.9390042732466247	0.9390042732466247	1.0
-1.0662627267005949	0.0	-1.0662627267005949	1.0662627267005949	1.0
-1.529049311085192	0.0	-1.529049311085192	1.529049311085192	1.0
0.49394917865642984	0.0	0.49394917865642984	0.49394917865642984	1.0
0.7561273679278989	0.0	0.7561273679278989	0.7561273679278989	1.0
-0.9257274052557056	0.0	-0.9257274052557056	0.9257274052557056	1.0
-1.1738301633404975	0.0	-1.1738301633404975	1.1738301633404975	1.0
-1.1405879104203707	0.0	-1.1405879104203707	1.1405879104203707	1.0
-0.7174961716580793	0.0	-0.7174961716580793	0.7174961716580793	1.0
-1.7994852051190176	0.0	-1.7994852051190176	1.7994852051190176	1.0
-0.34136082842441756	0.0	-0.34136082842441756	0.34136082842441756	1.0
-1.9962930864875978	0.0	-1.9962930864875978	1.9962930864875978	1.0
0.6942987004289599	0.0	0.6942987004289599	0.6942987004289599	1.0
-0.6915310472539471	0.0	-0.6915310472539471	0.6915310472539471	1.0
-0.05485973098469443	0.0	-0.05485973098469443	0.05485973098469443	1.0
-3.5953628144648277	0.0	-3.5953628144648277	3.5953628144648277	1.0
-0.06807970925047742	0.0	-0.06807970925047742	0.06807970925047742	1.0
0.553351462886611	0.0	0.553351462886611	0.553351462886611	1.0
-0.4019018922511474	0.0	-0.4019018922511474	0.4019018922511474	1.0
0.07128584841759467	0.0	0.07128584841759467	0.07128584841759467	1.0
-0.6860855282850155	0.0	-0.6860855282850155	0.6860855282850155	1.0
-0.03606645069717801	0.0	-0.03606645069717801	0.03606645069717801	1.0
1.4471030508279652	0.0	1.4471030508279652	1.4471030508279652	1.0
1.509489205700288	0.0	1.509489205700288	1.509489205700288	1.0
-0.28159405915656804	0.0	-0.28159405915656804	0.28159405915656804	1.0
0.3886102956429627	0.0	0.3886102956429627	0.3886102956429627	1.0
-0.02658094259537126	0.0	-0.02658094259537126	0.02658094259537126	1.0
-0.7744110503517844	0.0	-0.7744110503517844	0.7744110503517844	1.0
1.9751000550770486	0.0	1.9751000550770486	1.9751000550770486	1.0
-2.857603623920871	0.0	-2.857603623920871	2.857603623920871	1.0
2.0893629685686426	0.0	2.0893629685686426	2.0893629685686426	1.0
-0.623605019390846	0.0	-0.623605019390846	0.623605019390846	1.0
-0.9594918110173125	0.0	-0.9594918110173125	0.9594918110173125	1.0
0.45869976151220704	0.0	0.45869976151220704	0.45869976151220704	1.0
1.3682716901328253	0.0	1.3682716901328253	1.3682716901328253	1.0
2.448112808166373	0.0	2.448112808166373	2.448112808166373	1.0
-3.07585055063712	0.0	-3.07585055063712	3.07585055063712	1.0
-0.08918929764588264	0.0	-0.08918929764588264	0.08918929764588264	1.0
-0.6290575049224223	0.0	-0.6290575049224223	0.6290575049224223	1.0
0.5688412272937351	0.0	0.5688412272937351	0.5688412272937351	1.0
-0.9743089160876245	0.0	-0.9743089160876245	0.9743089160876245	1.0
0.30247830278905274	0.0	0.30247830278905274	0.30247830278905274	1.0
-1.6848850233026407	0.0	-1.6848850233026407	1.6848850233026407	1.0
-1.0379577659001162	0.0	-1.0379577659001162	1.0379577659001162	1.0
1.2779673378506564	0.0	1.2779673378506564	1.2779673378506564	1.0
0.3086448446951895	0.0	0.3086448446951895	0.3086448446951895	1.0
-1.7577117885445401	0.0	-1.7577117885445401	1.7577117885445401	1.0
-0.4863744476638008	0.0	-0.4863744476638008	0.4863744476638008	1.0
0.48925565430196477	0.0	0.48925565430196477	0.48925565430196477	1.0
0.34322555919029196	0.0	0.34322555919029196	0.34322555919029196	1.0
0.9261407402171316	0.0	0.9261407402171316	0.9261407402171316	1.0
3.7685133030412468	0.0	3.7685133030412468	3.7685133030412468	1.0
0.6176136223969834	0.0	0.6176136223969834	0.6176136223969834	1.0
1.9565590922400093	0.0	1.9565590922400093	1.9565590922400093	1.0
-1.2054798815648087	0.0	-1.2054798815648087	1.2054798815648087	1.0
0.17585963532055815	0.0	0.17585963532055815	0.17585963532055815	1.0
0.34398063023679143	0.0	0.34398063023679143	0.34398063023679143	1.0
1.117615942293399	0.0	1.117615942293399	1.117615942293399	1.0
-1.6023334620298555	0.0	-1.6023334620298555	1.6023334620298555	1.0
0.560534715410195	0.0	0.560534715410195	0.560534715410195	1.0
-4.011553717292354	0.0	-4.011553717292354	4.011553717292354	1.0
-0.7445056775860162	0.0	-0.7445056775860162	0.7445056775860162	1.0
-0.43395865751792684	0.0	-0.43395865751792684	0.43395865751792684	1.0
0.8728578200871372	0.0	0.8728578200871372	0.8728578200871372	1.0
-0.29325728177904886	0.0	-0.29325728177904886	0.29325728177904886	1.0
-1.2548534337278083	0.0	-1.2548534337278083	1.2548534337278083	1.0
2.4662957486595967	0.0	2.4662957486595967	2.4662957486595967	1.0
1.3777794951114724	0.0	1.3777794951114724	1.3777794951114724	1.0
-1.42953096479817	0.0	-1.42953096479817	1.42953096479817	1.0
0.6626278117543979	0.0	0.6626278117543979	0.6626278117543979	1.0
1.2425876886259166	0.0	1.2425876886259166	1.2425876886259166	1.0
-0.8702023605455893	0.0	-0.8702023605455893	0.8702023605455893	1.0
1.1464440795031376	0.0	1.1464440795031376	1.1464440795031376	1.0
2.822725569044583	0.0	2.822725569044583	2.822725569044583	1.0
0.4309419770434769	0.0	0.4309419770434769	0.4309419770434769	1.0
-5.179616008909768	0.0	-5.179616008909768	5.179616008909768	1.0
1.925362040293896	0.0	1.925362040293896	1.925362040293896	1.0
0.13447129143996717	0.0	0.13447129143996717	0.13447129143996717	1.0
0.47422448643858645	0.0	0.47422448643858645	0.47422448643858645	1.0
-3.4429770356541924	0.0	-3.4429770356541924	3.4429770356541924	1.0
2.9272820715506547	0.0	2.9272820715506547	2.9272820715506547	1.0
-1.3932537417207351	0.0	-1.3932537417207351	1.3932537417207351	1.0
-0.7119592649166959	0.0	-0.7119592649166959	0.7119592649166959	1.0
-1.7358762747507392	0.0	-1.7358762747507392	1.7358762747507392	1.0
0.8927195968017249	0.0	0.8927195968017249	0.8927195968017249	1.0
-2.2715029748483553	0.0	-2.2715029748483553	2.2715029748483553	1.0
1.0132004704261954	0.0	1.0132004704261954	1.0132004704261954	1.0
-1.7166296498657778	0.0	-1.7166296498657778	1.7166296498657778	1.0
-1.8464567467370598	0.0	-1.8464567467370598	1.8464567467370598	1.0
-0.46208304160475294	0.0	-0.46208304160475294	0.46208304160475294	1.0
2.829998575123114	0.0	2.829998575123114	2.829998575123114	1.0
1.189370294686013	0.0	1.189370294686013	1.189370294686013	1.0
1.826421799651225	0.0	1.826421799651225	1.826421799651225	1.0
-0.20970623612902403	0.0	-0.20970623612902403	0.20970623612902403	1.0
0.8758178728496624	0.0	0.8758178728496624	0.8758178728496624	1.0
0.06716353160435931	0.0	0.06716353160435931	0.06716353160435931	1.0
1.0825690459481958	0.0	1.0825690459481958	1.0825690459481958	1.0
0.26399116841960757	0.0	0.26399116841960757	0.26399116841960757	1.0
-0.16717117419401617	0.0	-0.16717117419401617	0.16717117419401617	1.0
-0.6893041164995568	0.0	-0.6893041164995568	0.6893041164995568	1.0
1.9252066141647723	0.0	1.9252066141647723	1.9252066141647723	1.0
-0.34065502889987775	0.0	-0.34065502889987775	0.34065502889987775	1.0
-0.7295069386857992	0.0	-0.7295069386857992	0.7295069386857992	1.0
-3.809042570658396	0.0	-3.809042570658396	3.809042570658396	1.0
5.386902942526058	0.0	5.386902942526058	5.386902942526058	1.0
0.012474058040522623	0.0	0.012474058040522623	0.012474058040522623	1.0
-0.5390284325044199	0.0	-0.5390284325044199	0.5390284325044199	1.0
0.13712225829639604	0.0	0.13712225829639604	0.13712225829639604	1.0
-0.7170829616778711	0.0	-0.7170829616778711	0.7170829616778711	1.0
1.0250412547834342	0.0	1.0250412547834342	1.0250412547834342	1.0
0.34749224504513193	0.0	0.34749224504513193	0.34749224504513193	1.0
2.182147626944966	0.0	2.182147626944966	2.182147626944966	1.0
0.44033790122684113	0.0	0.44033790122684113	0.44033790122684113	1.0
0.10331952079123136	0.0	0.10331952079123136	0.10331952079123136	1.0
-1.653708675038847	0.0	-1.653708675038847	1.653708675038847	1.0
2.200832180379196	0.0	2.200832180379196	2.200832180379196	1.0
-2.907241706071276	0.0	-2.907241706071276	2.907241706071276	1.0
0.6529429510719108	0.0	0.6529429510719108	0.6529429510719108	1.0
0.12607622403197588	0.0	0.12607622403197588	0.12607622403197588	1.0
-0.3169746229211193	0.0	-0.3169746229211193	0.3169746229211193	1.0
0.21616618785786076	0.0	0.21616618785786076	0.21616618785786076	1.0
1.448513300166455	0.0	1.448513300166455	1.448513300166455	1.0
0.5036263776215906	0.0	0.5036263776215906	0.5036263776215906	1.0
0.024475446010158993	0.0	0.024475446010158993	0.024475446010158993	1.0
-1.2337831077010488	0.0	-1.2337831077010488	1.2337831077010488	1.0
1.098354076077194	0.0	1.098354076077194	1.098354076077194	1.0
-0.48781904218799677	0.0	-0.48781904218799677	0.48781904218799677	1.0
-0.24388754298506515	0.0	-0.24388754298506515	0.24388754298506515	1.0
0.14390860684925522	0.0	0.14390860684925522	0.14390860684925522	1.0
0.7682858364344447	0.0	0.7682858364344447	0.7682858364344447	1.0
-1.0792226450222961	0.0	-1.0792226450222961	1.0792226450222961	1.0
-0.297452622896492	0.0	-0.297452622896492	0.297452622896492	1.0
-1.4081314223123147	0.0	-1.4081314223123147	1.4081314223123147	1.0
0.6290278768606277	0.0	0.6290278768606277	0.6290278768606277	1.0
3.105734361537643	0.0	3.105734361537643	3.105734361537643	1.0
2.4108226393582277	0.0	2.4108226393582277	2.4108226393582277	1.0
-0.7196623136386693	0.0	-0.7196623136386693	0.7196623136386693	1.0
-1.4560021483960122	0.0	-1.4560021483960122	1.4560021483960122	1.0
-0.4514796610141684	0.0	-0.4514796610141684	0.4514796610141684	1.0
-1.4912092154783632	0.0	-1.4912092154783632	1.4912092154783632	1.0
-1.2235678488479038	0.0	-1.2235678488479038	1.2235678488479038	1.0
-2.5188843961684695	0.0	-2.5188843961684695	2.5188843961684695	1.0
0.11319484471740318	0.0	0.11319484471740318	0.11319484471740318	1.0
4.477462158011376	0.0	4.477462158011376	4.477462158011376	1.0
0.424844316523794	0.0	0.424844316523794	0.424844316523794	1.0
0.9667584631034385	0.0	0.9667584631034385	0.9667584631034385	1.0
-0.011036870234553122	0.0	-0.011036870234553122	0.011036870234553122	1.0
-0.8042813096139958	0.0	-0.8042813096139958	0.8042813096139958	1.0
3.8468488938421443	0.0	3.8468488938421443	3.8468488938421443	1.0
0.04384371290004818	0.0	0.04384371290004818	0.04384371290004818	1.0
-0.6096803315874271	0.0	-0.6096803315874271	0.6096803315874271	1.0
0.7289234236166937	0.0	0.7289234236166937	0.7289234236166937	1.0
-1.8894285937000728	0.0	-1.8894285937000728	1.8894285937000728	1.0
-1.9743329745468383	0.0	-1.9743329745468383	1.9743329745468383	1.0
-0.8511116795404745	0.0	-0.8511116795404745	0.8511116795404745	1.0
0.5320689342652607	0.0	0.5320689342652607	0.5320689342652607	1.0
-1.50727349562462	0.0	-1.50727349562462	1.50727349562462	1.0
-0.9814634805240738	0.0	-0.9814634805240738	0.9814634805240738	1.0
5.511683405285184	0.0	5.511683405285184	5.511683405285184	1.0
1.0496799899032174	0.0	1.0496799899032174	1.0496799899032174	1.0
-1.8858860569029212	0.0	-1.8858860569029212	1.8858860569029212	1.0
-0.41108279128038594	0.0	-0.41108279128038594	0.41108279128038594	1.0
2.1577838452012457	0.0	2.1577838452012457	2.1577838452012457	1.0
-3.5892210947302594	0.0	-3.5892210947302594	3.5892210947302594	1.0
2.5886866693255897	0.0	2.5886866693255897	2.5886866693255897	1.0
-3.30300649126191	0.0	-3.30300649126191	3.30300649126191	1.0
0.8851980964876823	0.0	0.8851980964876823	0.8851980964876823	1.0
-0.426238380745692	0.0	-0.426238380745692	0.426238380745692	1.0
0.7120708004660845	0.0	0.7120708004660845	0.7120708004660845	1.0
-2.2755652469491388	0.0	-2.2755652469491388	2.2755652469491388	1.0
0.37087652405937604	0.0	0.37087652405937604	0.37087652405937604	1.0
-0.22622944383507726	0.0	-0.22622944383507726	0.22622944383507726	1.0
1.21438740758032	0.0	1.21438740758032	1.21438740758032	1.0
-2.105279604131538	0.0	-2.105279604131538	2.105279604131538	1.0
1.20638467663653	0.0	1.20638467663653	1.20638467663653	1.0
0.02939295011863654	0.0	0.02939295011863654	0.02939295011863654	1.0
-1.8857155594531367	0.0	-1.8857155594531367	1.8857155594531367	1.0
-1.4972586826832766	0.0	-1.4972586826832766	1.4972586826832766	1.0
0.3112808136003228	0.0	0.3112808136003228	0.3112808136003228	1.0
-2.423403378332364	0.0	-2.423403378332364	2.423403378332364	1.0
-2.0819907955419517	0.0	-2.0819907955419517	2.0819907955419517	1.0
-0.09956606820592453	0.0	-0.09956606820592453	0.09956606820592453	1.0
-0.03808517906613863	0.0	-0.03808517906613863	0.03808517906613863	1.0
-0.9253207476218429	0.0	-0.9253207476218429	0.9253207476218429	1.0
-0.6278062364090945	0.0	-0.6278062364090945	0.6278062364090945	1.0
0.4438049891174132	0.0	0.4438049891174132	0.4438049891174132	1.0
1.528100745124088	0.0	1.528100745124088	1.528100745124088	1.0
-0.07822665079535099	0.0	-0.07822665079535099	0.07822665079535099	1.0
-2.3953360430993125	0.0	-2.3953360430993125	2.3953360430993125	1.0
1.4083139531239663	0.0	1.4083139531239663	1.4083139531239663	1.0
4.528439768617188	0.0	4.528439768617188	4.528439768617188	1.0
0.7645801997092809	0.0	0.7645801997092809	0.7645801997092809	1.0
-0.8861351899701978	0.0	-0.8861351899701978	0.8861351899701978	1.0
0.05245270795029648	0.0	0.05245270795029648	0.05245270795029648	1.0
-4.194373117513574	0.0	-4.194373117513574	4.194373117513574	1.0
-1.8110244712255996	0.0	-1.8110244712255996	1.8110244712255996	1.0
-0.5781890897768137	0.0	-0.5781890897768137	0.5781890897768137	1.0
1.3863404639757961	0.0	1.3863404639757961	1.3863404639757961	1.0
0.35891028653661405	0.0	0.35891028653661405	0.35891028653661405	1.0
0.46636885242272735	0.0	0.46636885242272735	0.46636885242272735	1.0
0.5372665981466903	0.0	0.5372665981466903	0.5372665981466903	1.0
0.5338601210226859	0.0	0.5338601210226859	0.5338601210226859	1.0
-0.7099695814548025	0.0	-0.7099695814548025	0.7099695814548025	1.0
-1.0455101436536858	0.0	-1.0455101436536858	1.0455101436536858	1.0
1.4991586297377328	0.0	1.4991586297377328	1.4991586297377328	1.0
-1.070197456261614	0.0	-1.070197456261614	1.070197456261614	1.0
1.4494513450522324	0.0	1.4494513450522324	1.4494513450522324	1.0
-0.291950093560583	0.0	-0.291950093560583	0.291950093560583	1.0
2.0423805131475206	0.0	2.0423805131475206	2.0423805131475206	1.0
-1.220717857103633	0.0	-1.220717857103633	1.220717857103633	1.0
3.0784474793235397	0.0	3.0784474793235397	3.0784474793235397	1.0
-1.05970581775302	0.0	-1.05970581775302	1.05970581775302	1.0
-1.845679644938373	0.0	-1.845679644938373	1.845679644938373	1.0
0.010312267122399996	0.0	0.010312267122399996	0.010312267122399996	1.0
0.41478734848615884	0.0	0.41478734848615884	0.41478734848615884	1.0
2.0998286684605985	0.0	2.0998286684605985	2.0998286684605985	1.0
-2.1152056661129963	0.0	-2.1152056661129963	2.1152056661129963	1.0
-1.2294531897200849	0.0	-1.2294531897200849	1.2294531897200849	1.0
-2.498083225396748	0.0	-2.498083225396748	2.498083225396748	1.0
0.02413404115208268	0.0	0.02413404115208268	0.02413404115208268	1.0
-1.4521934826269465	0.0	-1.4521934826269465	1.4521934826269465	1.0
0.509083092844292	0.0	0.509083092844292	0.509083092844292	1.0
0.014141871310347639	0.0	0.014141871310347639	0.014141871310347639	1.0
-2.6252054304466887	0.0	-2.6252054304466887	2.6252054304466887	1.0
-0.09168278691133518	0.0	-0.09168278691133518	0.09168278691133518	1.0
-3.5397006450838715	0.0	-3.5397006450838715	3.5397006450838715	1.0
0.540950103879104	0.0	0.540950103879104	0.540950103879104	1.0
-1.3077160046670535	0.0	-1.3077160046670535	1.3077160046670535	1.0
-0.04509310833619575	0.0	-0.04509310833619575	0.04509310833619575	1.0
2.0502332382289294	0.0	2.0502332382289294	2.0502332382289294	1.0
-2.3817026147988902	0.0	-2.3817026147988902	2.3817026147988902	1.0
0.5028873768888927	0.0	0.5028873768888927	0.5028873768888927	1.0
-0.5102972488833994	0.0	-0.5102972488833994	0.5102972488833994	1.0
1.6530098914145543	0.0	1.6530098914145543	1.6530098914145543	1.0
0.4942595238905105	0.0	0.4942595238905105	0.4942595238905105	1.0
0.7950078455662869	0.0	0.7950078455662869	0.7950078455662869	1.0
-0.1136228606060842	0.0	-0.1136228606060842	0.1136228606060842	1.0
0.23918740503903896	0.0	0.23918740503903896	0.23918740503903896	1.0
-1.9231965423480013	0.0	-1.9231965423480013	1.9231965423480013	1.0
-2.5307164244580562	0.0	-2.5307164244580562	2.5307164244580562	1.0
-0.348456535857613	0.0	-0.348456535857613	0.348456535857613	1.0
-0.1311162996956168	0.0	-0.1311162996956168	0.1311162996956168	1.0
0.9210340529412507	0.0	0.9210340529412507	0.9210340529412507	1.0
1.859014845673418	0.0	1.859014845673418	1.859014845673418	1.0
3.9984820231773943	0.0	3.9984820231773943	3.9984820231773943	1.0
-1.5932622198180864	0.0	-1.5932622198180864	1.5932622198180864	1.0
-1.3903009984839594	0.0	-1.3903009984839594	1.3903009984839594	1.0
0.6169445147492878	0.0	0.6169445147492878	0.6169445147492878	1.0
-0.42433568371311026	0.0	-0.42433568371311026	0.42433568371311026	1.0
0.24868245909481654	0.0	0.24868245909481654	0.24868245909481654	1.0
1.6435178441933687	0.0	1.6435178441933687	1.6435178441933687	1.0
2.390932275146772	0.0	2.390932275146772	2.390932275146772	1.0
0.5743798163960236	0.0	0.5743798163960236	0.5743798163960236	1.0
-0.9207057227851965	0.0	-0.9207057227851965	0.9207057227851965	1.0
0.5414199366836107	0.0	0.5414199366836107	0.5414199366836107	1.0
-0.3254448991449047	0.0	-0.3254448991449047	0.3254448991449047	1.0
0.7692001961192773	0.0	0.7692001961192773	0.7692001961192773	1.0
0.46783586050559056	0.0	0.46783586050559056	0.46783586050559056	1.0
-1.638935034460301	0.0	-1.638935034460301	1.638935034460301	1.0
-0.2670565150358366	0.0	-0.2670565150358366	0.2670565150358366	1.0
0.7365570383354987	0.0	0.7365570383354987	0.7365570383354987	1.0
-0.8256705875781933	0.0	-0.8256705875781933	0.8256705875781933	1.0
-0.4283503509840303	0.0	-0.4283503509840303	0.4283503509840303	1.0
-0.20207035807523968	0.0	-0.20207035807523968	0.20207035807523968	1.0
-0.031018671906606725	0.0	-0.031018671906606725	0.031018671906606725	1.0
0.22902222768352648	0.0	0.22902222768352648	0.22902222768352648	1.0
1.6130646756193454	0.0	1.6130646756193454	1.6130646756193454	1.0
0.4922018322300681	0.0	0.4922018322300681	0.4922018322300681	1.0
0.6847025233607945	0.0	0.6847025233607945	0.6847025233607945	1.0
2.303757482636871	0.0	2.303757482636871	2.303757482636871	1.0
1.8373971416137724	0.0	1.8373971416137724	1.8373971416137724	1.0
-1.1478544062064515	0.0	-1.1478544062064515	1.1478544062064515	1.0
0.8887839229486237	0.0	0.8887839229486237	0.8887839229486237	1.0
0.8455838642894874	0.0	0.8455838642894874	0.8455838642894874	1.0
0.4939004146256114	0.0	0.4939004146256114	0.4939004146256114	1.0
0.8331755688525226	0.0	0.8331755688525226	0.8331755688525226	1.0
-0.5161068641018299	0.0	-0.5161068641018299	0.5161068641018299	1.0
-0.5432135467481435	0.0	-0.5432135467481435	0.5432135467481435	1.0
0.33411096642090987	0.0	0.33411096642090987	0.33411096642090987	1.0
-0.035969193101666394	0.0	-0.035969193101666394	0.035969193101666394	1.0
0.9198054234600352	0.0	0.9198054234600352	0.9198054234600352	1.0
-1.5123980835663753	0.0	-1.5123980835663753	1.5123980835663753	1.0
0.9982944583018316	0.0	0.9982944583018316	0.9982944583018316	1.0
0.6083157235342134	0.0	0.6083157235342134	0.6083157235342134	1.0
-1.820859936622737	0.0	-1.820859936622737	1.820859936622737	1.0
-0.3458720729171777	0.0	-0.3458720729171777	0.3458720729171777	1.0
0.07390739568476803	0.0	0.07390739568476803	0.07390739568476803	1.0
-1.1396895708312484	0.0	-1.1396895708312484	1.1396895708312484	1.0
-0.37524584965159263	0.0	-0.37524584965159263	0.37524584965159263	1.0
-0.22916113681584238	0.0	-0.22916113681584238	0.22916113681584238	1.0
0.7644403870781563	0.0	0.7644403870781563	0.7644403870781563	1.0
1.4053136665686947	0.0	1.4053136665686947	1.4053136665686947	1.0
-0.4684256436865054	0.0	-0.4684256436865054	0.4684256436865054	1.0
4.058051498394557	0.0	4.058051498394557	4.058051498394557	1.0
0.17779258503830103	0.0	0.17779258503830103	0.17779258503830103	1.0
-0.14557548217678956	0.0	-0.14557548217678956	0.14557548217678956	1.0
-0.48722411369419416	0.0	-0.48722411369419416	0.48722411369419416	1.0
0.10996456168374563	0.0	0.10996456168374563	0.10996456168374563	1.0
0.07493624426301154	0.0	0.07493624426301154	0.07493624426301154	1.0
1.8780914714021266	0.0	1.8780914714021266	1.8780914714021266	1.0
5.646665773639551	0.0	5.646665773639551	5.646665773639551	1.0
0.7037252133878966	0.0	0.7037252133878966	0.7037252133878966	1.0
0.7190354556718255	0.0	0.7190354556718255	0.7190354556718255	1.0
-0.8086161604204023	0.0	-0.8086161604204023	0.8086161604204023	1.0
-2.208222129402878	0.0	-2.208222129402878	2.208222129402878	1.0
0.8483325653837608	0.0	0.8483325653837608	0.8483325653837608	1.0
-2.888916247492598	0.0	-2.888916247492598	2.888916247492598	1.0
0.11425034624128635	0.0	0.11425034624128635	0.11425034624128635	1.0
-1.328304428229048	0.0	-1.328304428229048	1.328304428229048	1.0
0.06223992811153306	0.0	0.06223992811153306	0.06223992811153306	1.0
-0.8854101670437627	0.0	-0.8854101670437627	0.8854101670437627	1.0
0.6283249893311986	0.0	0.6283249893311986	0.6283249893311986	1.0
-0.9246820362812136	0.0	-0.9246820362812136	0.9246820362812136	1.0
-0.23631553199451064	0.0	-0.23631553199451064	0.23631553199451064	1.0
-3.570737803373307	0.0	-3.570737803373307	3.570737803373307	1.0
1.1049720421858382	0.0	1.1049720421858382	1.1049720421858382	1.0
-1.0169293746471513	0.0	-1.0169293746471513	1.0169293746471513	1.0
0.10315473536825483	0.0	0.10315473536825483	0.10315473536825483	1.0
2.1144101407185953	0.0	2.1144101407185953	2.1144101407185953	1.0
-1.8057751249594514	0.0	-1.8057751249594514	1.8057751249594514	1.0
0.41133947425123196	0.0	0.41133947425123196	0.41133947425123196	1.0
-1.1159175777703	0.0	-1.1159175777703	1.1159175777703	1.0
0.46388267431100316	0.0	0.46388267431100316	0.46388267431100316	1.0
0.6541264624541699	0.0	0.6541264624541699	0.6541264624541699	1.0
1.621853383233637	0.0	1.621853383233637	1.621853383233637	1.0
2.6974098901276395	0.0	2.6974098901276395	2.6974098901276395	1.0
-2.1258154314344067	0.0	-2.1258154314344067	2.1258154314344067	1.0
1.4513981192308583	0.0	1.4513981192308583	1.4513981192308583	1.0
0.26130494400748544	0.0	0.26130494400748544	0.26130494400748544	1.0
-1.5699410515361794	0.0	-1.5699410515361794	1.5699410515361794	1.0
-0.30476875413494686	0.0	-0.30476875413494686	0.30476875413494686	1.0
0.6759005146785998	0.0	0.6759005146785998	0.6759005146785998	1.0
0.5005047649417855	0.0	0.5005047649417855	0.5005047649417855	1.0
0.17689793799713927	0.0	0.17689793799713927	0.17689793799713927	1.0
-1.1956820787258877	0.0	-1.1956820787258877	1.1956820787258877	1.0
-0.6532456268768101	0.0	-0.6532456268768101	0.6532456268768101	1.0
-2.893701718850529	0.0	-2.893701718850529	2.893701718850529	1.0
-0.18220296495716287	0.0	-0.18220296495716287	0.18220296495716287	1.0
-2.288821450643151	0.0	-2.288821450643151	2.288821450643151	1.0
0.6847301182032104	0.0	0.6847301182032104	0.6847301182032104	1.0
-1.6578403885836608	0.0	-1.6578403885836608	1.6578403885836608	1.0
0.3419448338425299	0.0	0.3419448338425299	0.3419448338425299	1.0
-2.1064078419540797	0.0	-2.1064078419540797	2.1064078419540797	1.0
3.5941347734860516	0.0	3.5941347734860516	3.5941347734860516	1.0
0.8724014169734835	0.0	0.8724014169734835	0.8724014169734835	1.0
3.9944556581487562	0.0	3.9944556581487562	3.9944556581487562	1.0
-0.8605387498902113	0.0	-0.8605387498902113	0.8605387498902113	1.0
-3.6964310437963457	0.0	-3.6964310437963457	3.6964310437963457	1.0
-0.1629171297702499	0.0	-0.1629171297702499	0.1629171297702499	1.0
-2.2565229604173584	0.0	-2.2565229604173584	2.2565229604173584	1.0
-0.9585395149439211	0.0	-0.9585395149439211	0.9585395149439211	1.0
1.5141507595734296	0.0	1.5141507595734296	1.5141507595734296	1.0
-1.9841524944636453	0.0	-1.9841524944636453	1.9841524944636453	1.0
-1.5257203804083712	0.0	-1.5257203804083712	1.5257203804083712	1.0
-0.9698473203009348	0.0	-0.9698473203009348	0.9698473203009348	1.0
-1.5324709796799638	0.0	-1.5324709796799638	1.5324709796799638	1.0
-1.2642576280033722	0.0	-1.2642576280033722	1.2642576280033722	1.0
-1.0044310327210342	0.0	-1.0044310327210342	1.0044310327210342	1.0
-1.1776138678042405	0.0	-1.1776138678042405	1.1776138678042405	1.0
1.161605417033729	0.0	1.161605417033729	1.161605417033729	1.0
-1.7756128529426223	0.0	-1.7756128529426223	1.7756128529426223	1.0
1.037450182555519	0.0	1.037450182555519	1.037450182555519	1.0
0.48962501451151763	0.0	0.48962501451151763	0.48962501451151763	1.0
2.37465619351227	0.0	2.37465619351227	2.37465619351227	1.0
1.4153130987952651	0.0	1.4153130987952651	1.4153130987952651	1.0
0.4791633455189972	0.0	0.4791633455189972	0.4791633455189972	1.0
0.4341076731045904	0.0	0.4341076731045904	0.4341076731045904	1.0
1.1693862320357067	0.0	1.1693862320357067	1.1693862320357067	1.0
-0.5937706624277749	0.0	-0.5937706624277749	0.5937706624277749	1.0
2.189896772885975	0.0	2.189896772885975	2.189896772885975	1.0
-1.6782115214665234	0.0	-1.6782115214665234	1.6782115214665234	1.0
1.1717924327836933	0.0	1.1717924327836933	1.1717924327836933	1.0
0.4996283929763885	0.0	0.4996283929763885	0.4996283929763885	1.0
-0.3973982603967835	0.0	-0.3973982603967835	0.3973982603967835	1.0
1.7234148702553114	0.0	1.7234148702553114	1.7234148702553114	1.0
-1.9540159437362048	0.0	-1.9540159437362048	1.9540159437362048	1.0
-0.865979235409038	0.0	-0.865979235409038	0.865979235409038	1.0
2.5860716612819337	0.0	2.5860716612819337	2.5860716612819337	1.0
-0.944765063353824	0.0	-0.944765063353824	0.944765063353824	1.0
-0.32466545640318284	0.0	-0.32466545640318284	0.32466545640318284	1.0
-0.8787733103067555	0.0	-0.8787733103067555	0.8787733103067555	1.0
-0.7144415267678168	0.0	-0.7144415267678168	0.7144415267678168	1.0
-3.2463077432832237	0.0	-3.2463077432832237	3.2463077432832237	1.0
-1.9080681675829898	0.0	-1.9080681675829898	1.9080681675829898	1.0
0.09266995641592136	0.0	0.09266995641592136	0.09266995641592136	1.0
1.9158617377770077	0.0	1.9158617377770077	1.9158617377770077	1.0
-0.9089292909567668	0.0	-0.9089292909567668	0.9089292909567668	1.0
0.5990541965394595	0.0	0.5990541965394595	0.5990541965394595	1.0
1.0838834117111602	0.0	1.0838834117111602	1.0838834117111602	1.0
3.860166967757042	0.0	3.860166967757042	3.860166967757042	1.0
1.4569617871143503	0.0	1.4569617871143503	1.4569617871143503	1.0
-0.5079514536483511	0.0	-0.5079514536483511	0.5079514536483511	1.0
-0.33240876876187875	0.0	-0.33240876876187875	0.33240876876187875	1.0
0.45627057686483363	0.0	0.45627057686483363	0.45627057686483363	1.0
-2.370363550044522	0.0	-2.370363550044522	2.370363550044522	1.0
-0.10650654821625352	0.0	-0.10650654821625352	0.10650654821625352	1.0
2.844209837162259	0.0	2.844209837162259	2.844209837162259	1.0
-0.22949493660364173	0.0	-0.22949493660364173	0.22949493660364173	1.0
-2.0996739879218693	0.0	-2.0996739879218693	2.0996739879218693	1.0
-3.2503063218520865	0.0	-3.2503063218520865	3.2503063218520865	1.0
-1.834022960253117	0.0	-1.834022960253117	1.834022960253117	1.0
0.5179985764089241	0.0	0.5179985764089241	0.5179985764089241	1.0
-3.3455489747939615	0.0	-3.3455489747939615	3.3455489747939615	1.0
-0.21000776932123139	0.0	-0.21000776932123139	0.21000776932123139	1.0
7.706707765057427	0.0	7.706707765057427	7.706707765057427	1.0
-0.14083926307097366	0.0	-0.14083926307097366	0.14083926307097366	1.0
-0.1557778596701286	0.0	-0.1557778596701286	0.1557778596701286	1.0
-0.19568935991513903	0.0	-0.19568935991513903	0.19568935991513903	1.0
0.09467810920599762	0.0	0.09467810920599762	0.09467810920599762	1.0
1.442053884924465	0.0	1.442053884924465	1.442053884924465	1.0
-0.9917895686194036	0.0	-0.9917895686194036	0.9917895686194036	1.0
2.394293747065941	0.0	2.394293747065941	2.394293747065941	1.0
-2.5735501655511976	0.0	-2.5735501655511976	2.5735501655511976	1.0
0.9088252651668093	0.0	0.9088252651668093	0.9088252651668093	1.0
0.573058553022443	0.0	0.573058553022443	0.573058553022443	1.0
-0.6553349389165902	0.0	-0.6553349389165902	0.6553349389165902	1.0
-4.226608393336508	0.0	-4.226608393336508	4.226608393336508	1.0
-2.4169292130245634	0.0	-2.4169292130245634	2.4169292130245634	1.0
4.584813625189185	0.0	4.584813625189185	4.584813625189185	1.0
3.743657931153777	0.0	3.743657931153777	3.743657931153777	1.0
2.9547455512238416	0.0	2.9547455512238416	2.9547455512238416	1.0
-1.933301935110923	0.0	-1.933301935110923	1.933301935110923	1.0
0.08123453155440247	0.0	0.08123453155440247	0.08123453155440247	1.0
-0.25933933118996316	0.0	-0.25933933118996316	0.25933933118996316	1.0
0.5148296414334943	0.0	0.5148296414334943	0.5148296414334943	1.0
2.1083007900676094	0.0	2.1083007900676094	2.1083007900676094	1.0
1.1546014676569127	0.0	1.1546014676569127	1.1546014676569127	1.0
0.23278037424039585	0.0	0.23278037424039585	0.23278037424039585	1.0
0.03457886080618857	0.0	0.03457886080618857	0.03457886080618857	1.0
-0.6770201849567714	0.0	-0.6770201849567714	0.6770201849567714	1.0
-2.048634362661404	0.0	-2.048634362661404	2.048634362661404	1.0
0.8126757925254917	0.0	0.8126757925254917	0.8126757925254917	1.0
1.7260196805270716	0.0	1.7260196805270716	1.7260196805270716	1.0
-2.092220523309985	0.0	-2.092220523309985	2.092220523309985	1.0
0.932406732247673	0.0	0.932406732247673	0.932406732247673	1.0
0.6753547379154814	0.0	0.6753547379154814	0.6753547379154814	1.0
1.2539592286143755	0.0	1.2539592286143755	1.2539592286143755	1.0
0.5188490742778775	0.0	0.5188490742778775	0.5188490742778775	1.0
-0.16653795824983356	0.0	-0.16653795824983356	0.16653795824983356	1.0
-1.4208800501053527	0.0	-1.4208800501053527	1.4208800501053527	1.0
0.9303016505338098	0.0	0.9303016505338098	0.9303016505338098	1.0
-0.8526961688862885	0.0	-0.8526961688862885	0.8526961688862885	1.0
-0.6451779030612714	0.0	-0.6451779030612714	0.6451779030612714	1.0
-4.124107198161871	0.0	-4.124107198161871	4.124107198161871	1.0
0.17479972856063308	0.0	0.17479972856063308	0.17479972856063308	1.0
1.0951269432226471	0.0	1.0951269432226471	1.0951269432226471	1.0
-0.0516908472089935	0.0	-0.0516908472089935	0.0516908472089935	1.0
-1.7891695821696516	0.0	-1.7891695821696516	1.7891695821696516	1.0
-0.9557824533161952	0.0	-0.9557824533161952	0.9557824533161952	1.0
-9.454665942032424	0.0	-9.454665942032424	9.454665942032424	1.0
-1.6156851162300547	0.0	-1.6156851162300547	1.6156851162300547	1.0
0.21185674731107346	0.0	0.21185674731107346	0.21185674731107346	1.0
1.2250550535287936	0.0	1.2250550535287936	1.2250550535287936	1.0
-0.4357990588765426	0.0	-0.4357990588765426	0.4357990588765426	1.0
1.46191474320571	0.0	1.46191474320571	1.46191474320571	1.0
0.3051514490739736	0.0	0.3051514490739736	0.3051514490739736	1.0
1.8925554670569151	0.0	1.8925554670569151	1.8925554670569151	1.0
1.4468086812638907	0.0	1.4468086812638907	1.4468086812638907	1.0
-1.5700012669040218	0.0	-1.5700012669040218	1.5700012669040218	1.0
-1.201763611997198	0.0	-1.201763611997198	1.201763611997198	1.0
1.7632406832149936	0.0	1.7632406832149936	1.7632406832149936	1.0
1.27879401216983	0.0	1.27879401216983	1.27879401216983	1.0
1.423016807960353	0.0	1.423016807960353	1.423016807960353	1.0
1.0594106517555315	0.0	1.0594106517555315	1.0594106517555315	1.0
4.4612896771192805	0.0	4.4612896771192805	4.4612896771192805	1.0
3.4282903215816587	0.0	3.4282903215816587	3.4282903215816587	1.0
-1.652463428681185	0.0	-1.652463428681185	1.652463428681185	1.0
-0.8034517556417682	0.0	-0.8034517556417682	0.8034517556417682	1.0
0.5695386855420276	0.0	0.5695386855420276	0.5695386855420276	1.0
-1.3699437178216314	0.0	-1.3699437178216314	1.3699437178216314	1.0
-2.386523280231395	0.0	-2.386523280231395	2.386523280231395	1.0
-3.982284075345972	0.0	-3.982284075345972	3.982284075345972	1.0
0.3786054845917193	0.0	0.3786054845917193	0.3786054845917193	1.0
-0.37602091416403505	0.0	-0.37602091416403505	0.37602091416403505	1.0
0.22404092676653461	0.0	0.22404092676653461	0.22404092676653461	1.0
0.5695498274339932	0.0	0.5695498274339932	0.5695498274339932	1.0
-0.34607312302023074	0.0	-0.34607312302023074	0.34607312302023074	1.0
-1.2356262325010163	0.0	-1.2356262325010163	1.2356262325010163	1.0
1.138645440868348	0.0	1.138645440868348	1.138645440868348	1.0
-1.4287937269473643	0.0	-1.4287937269473643	1.4287937269473643	1.0
1.4024748456977318	0.0	1.4024748456977318	1.4024748456977318	1.0
-0.19025075348683396	0.0	-0.19025075348683396	0.19025075348683396	1.0
-1.150750085810065	0.0	-1.150750085810065	1.150750085810065	1.0
1.4139810402416375	0.0	1.4139810402416375	1.4139810402416375	1.0
-0.3085878644750053	0.0	-0.3085878644750053	0.3085878644750053	1.0
0.6543013081003118	0.0	0.6543013081003118	0.6543013081003118	1.0
3.468030687799833	0.0	3.468030687799833	3.468030687799833	1.0
-0.672111084284876	0.0	-0.672111084284876	0.672111084284876	1.0
-2.4592609455763594	0.0	-2.4592609455763594	2.4592609455763594	1.0
-0.9609176300175462	0.0	-0.9609176300175462	0.9609176300175462	1.0
-1.0569100076842506	0.0	-1.0569100076842506	1.0569100076842506	1.0
0.9357109057453663	0.0	0.9357109057453663	0.9357109057453663	1.0
-0.07087782010448643	0.0	-0.07087782010448643	0.07087782010448643	1.0
-0.9819319662837227	0.0	-0.9819319662837227	0.9819319662837227	1.0
-1.507969635870941	0.0	-1.507969635870941	1.507969635870941	1.0
1.7422200453709107	0.0	1.7422200453709107	1.7422200453709107	1.0
0.0892322578262037	0.0	0.0892322578262037	0.0892322578262037	1.0
0.8562365482743914	0.0	0.8562365482743914	0.8562365482743914	1.0
0.8488527856580282	0.0	0.8488527856580282	0.8488527856580282	1.0
-0.16453066173924918	0.0	-0.16453066173924918	0.16453066173924918	1.0
0.5485414904979812	0.0	0.5485414904979812	0.5485414904979812	1.0
0.8629350473996964	0.0	0.8629350473996964	0.8629350473996964	1.0
1.7149670193850939	0.0	1.7149670193850939	1.7149670193850939	1.0
0.47630933944374504	0.0	0.47630933944374504	0.47630933944374504	1.0
-0.8158143572250398	0.0	-0.8158143572250398	0.8158143572250398	1.0
-1.8306486713322294	0.0	-1.8306486713322294	1.8306486713322294	1.0
0.1453146822248858	0.0	0.1453146822248858	0.1453146822248858	1.0
0.43723457494447937	0.0	0.43723457494447937	0.43723457494447937	1.0
-3.9202274290225883	0.0	-3.9202274290225883	3.9202274290225883	1.0
-1.3023515008326316	0.0	-1.3023515008326316	1.3023515008326316	1.0
-2.2308705354185987	0.0	-2.2308705354185987	2.2308705354185987	1.0
-0.32326938765721547	0.0	-0.32326938765721547	0.32326938765721547	1.0
0.8153191524276567	0.0	0.8153191524276567	0.8153191524276567	1.0
1.6300904837197503	0.0	1.6300904837197503	1.6300904837197503	1.0
0.45890159841819667	0.0	0.45890159841819667	0.45890159841819667	1.0
0.08881754138801955	0.0	0.08881754138801955	0.08881754138801955	1.0
0.4567542093784585	0.0	0.4567542093784585	0.4567542093784585	1.0
1.2618924079321607	0.0	1.2618924079321607	1.2618924079321607	1.0
4.176568497714979	0.0	4.176568497714979	4.176568497714979	1.0
-0.06790798528860882	0.0	-0.06790798528860882	0.06790798528860882	1.0
2.2628781623520844	0.0	2.2628781623520844	2.2628781623520844	1.0
3.061523291426161	0.0	3.061523291426161	3.061523291426161	1.0
-0.13268041304908984	0.0	-0.13268041304908984	0.13268041304908984	1.0
2.1631540537653042	0.0	2.1631540537653042	2.1631540537653042	1.0
-1.8317849996317146	0.0	-1.8317849996317146	1.8317849996317146	1.0
2.6609846249110367	0.0	2.6609846249110367	2.6609846249110367	1.0
0.8702312869839811	0.0	0.8702312869839811	0.8702312869839811	1.0
-1.4987210172347338	0.0	-1.4987210172347338	1.4987210172347338	1.0
-0.6305942929721091	0.0	-0.6305942929721091	0.6305942929721091	1.0
0.6217900239454885	0.0	0.6217900239454885	0.6217900239454885	1.0
0.7746085624962087	0.0	0.7746085624962087	0.7746085624962087	1.0
-3.7296042379384273	0.0	-3.7296042379384273	3.7296042379384273	1.0
-1.6188654768389115	0.0	-1.6188654768389115	1.6188654768389115	1.0
-0.7976658828071865	0.0	-0.7976658828071865	0.7976658828071865	1.0
-0.040894445688102785	0.0	-0.040894445688102785	0.040894445688102785	1.0
-1.041422731324407	0.0	-1.041422731324407	1.041422731324407	1.0
1.6090921511146514	0.0	1.6090921511146514	1.6090921511146514	1.0
-0.520792726021828	0.0	-0.520792726021828	0.520792726021828	1.0
-1.2906977526552474	0.0	-1.2906977526552474	1.2906977526552474	1.0
4.4308927699959355	0.0	4.4308927699959355	4.4308927699959355	1.0
3.085864296989597	0.0	3.085864296989597	3.085864296989597	1.0
-1.7924851197701424	0.0	-1.7924851197701424	1.7924851197701424	1.0
-1.5756306299583553	0.0	-1.5756306299583553	1.5756306299583553	1.0
0.5722785630798435	0.0	0.5722785630798435	0.5722785630798435	1.0
0.6341004958005958	0.0	0.6341004958005958	0.6341004958005958	1.0
-0.894989848086909	0.0	-0.894989848086909	0.894989848086909	1.0
2.2622886813834633	0.0	2.2622886813834633	2.2622886813834633	1.0
0.7413140504826112	0.0	0.7413140504826112	0.7413140504826112	1.0
-1.2984862291089523	0.0	-1.2984862291089523	1.2984862291089523	1.0
-2.510185397395265	0.0	-2.510185397395265	2.510185397395265	1.0
2.6163949710220162	0.0	2.6163949710220162	2.6163949710220162	1.0
-0.096686579637358	0.0	-0.096686579637358	0.096686579637358	1.0
-1.895414795316733	0.0	-1.895414795316733	1.895414795316733	1.0
1.0426018738247338	0.0	1.0426018738247338	1.0426018738247338	1.0
0.24500486491408616	0.0	0.24500486491408616	0.24500486491408616	1.0
0.7161606667561065	0.0	0.7161606667561065	0.7161606667561065	1.0
-0.16587480434703195	0.0	-0.16587480434703195	0.16587480434703195	1.0
-0.0030681910361362117	0.0	-0.0030681910361362117	0.0030681910361362117	1.0
-0.8629779461559981	0.0	-0.8629779461559981	0.8629779461559981	1.0
-0.36938656184892793	0.0	-0.36938656184892793	0.36938656184892793	1.0
-1.8433792397799849	0.0	-1.8433792397799849	1.8433792397799849	1.0
-0.9272168349455814	0.0	-0.9272168349455814	0.9272168349455814	1.0
-2.247102045501198	0.0	-2.247102045501198	2.247102045501198	1.0
-2.0081750691497673	0.0	-2.0081750691497673	2.0081750691497673	1.0
-3.1140991044873005	0.0	-3.1140991044873005	3.1140991044873005	1.0
-0.26105692343526643	0.0	-0.26105692343526643	0.26105692343526643	1.0
-0.1323586041884514	0.0	-0.1323586041884514	0.1323586041884514	1.0
-0.7792408840275652	0.0	-0.7792408840275652	0.7792408840275652	1.0
-0.9911862785306127	0.0	-0.9911862785306127	0.9911862785306127	1.0
-7.004204066583824	0.0	-7.004204066583824	7.004204066583824	1.0
3.2164976985653384	0.0	3.2164976985653384	3.2164976985653384	1.0
-0.03406380996029555	0.0	-0.03406380996029555	0.03406380996029555	1.0
1.1014544967844473	0.0	1.1014544967844473	1.1014544967844473	1.0
-0.3427139432576558	0.0	-0.3427139432576558	0.3427139432576558	1.0
-0.5064902305532525	0.0	-0.5064902305532525	0.5064902305532525	1.0
1.8253986020877986	0.0	1.8253986020877986	1.8253986020877986	1.0
-1.6103951314583997	0.0	-1.6103951314583997	1.6103951314583997	1.0
-0.6175477249429123	0.0	-0.6175477249429123	0.6175477249429123	1.0
4.610043194907384	0.0	4.610043194907384	4.610043194907384	1.0
-0.8027360164202071	0.0	-0.8027360164202071	0.8027360164202071	1.0
-0.2889596783509538	0.0	-0.2889596783509538	0.2889596783509538	1.0
-1.2416252660962555	0.0	-1.2416252660962555	1.2416252660962555	1.0
-0.08145243092797896	0.0	-0.08145243092797896	0.08145243092797896	1.0
-0.7307913136289154	0.0	-0.7307913136289154	0.7307913136289154	1.0
1.335531764388383	0.0	1.335531764388383	1.335531764388383	1.0
0.4897606212346145	0.0	0.4897606212346145	0.4897606212346145	1.0
0.6788364667653318	0.0	0.6788364667653318	0.6788364667653318	1.0
0.2165618193258963	0.0	0.2165618193258963	0.2165618193258963	1.0
0.9570241925823998	0.0	0.9570241925823998	0.9570241925823998	1.0
0.5728988661713652	0.0	0.5728988661713652	0.5728988661713652	1.0
1.041102230896128	0.0	1.041102230896128	1.041102230896128	1.0
-0.07656874549214089	0.0	-0.07656874549214089	0.07656874549214089	1.0
1.4139685999968412	0.0	1.4139685999968412	1.4139685999968412	1.0
-2.101389808315875	0.0	-2.101389808315875	2.101389808315875	1.0
0.5366538377317502	0.0	0.5366538377317502	0.5366538377317502	1.0
-2.0145624570522793	0.0	-2.0145624570522793	2.0145624570522793	1.0
0.7368816665238234	0.0	0.7368816665238234	0.7368816665238234	1.0
0.28542003828674606	0.0	0.28542003828674606	0.28542003828674606	1.0
3.2267604302076247	0.0	3.2267604302076247	3.2267604302076247	1.0
-0.3652430041694651	0.0	-0.3652430041694651	0.3652430041694651	1.0
1.172557727220428	0.0	1.172557727220428	1.172557727220428	1.0
-0.36027380423425975	0.0	-0.36027380423425975	0.36027380423425975	1.0
1.300786863496987	0.0	1.300786863496987	1.300786863496987	1.0
-0.4694635512346811	0.0	-0.4694635512346811	0.4694635512346811	1.0
-0.7701163955609793	0.0	-0.7701163955609793	0.7701163955609793	1.0
-0.6268554959739093	0.0	-0.6268554959739093	0.6268554959739093	1.0
-1.7005520135590269	0.0	-1.7005520135590269	1.7005520135590269	1.0
-0.789051033564646	0.0	-0.789051033564646	0.789051033564646	1.0
1.87942797221872	0.0	1.87942797221872	1.87942797221872	1.0
-0.29596028313886114	0.0	-0.29596028313886114	0.29596028313886114	1.0
3.0223613279998895	0.0	3.0223613279998895	3.0223613279998895	1.0
-0.8348994903130892	0.0	-0.8348994903130892	0.8348994903130892	1.0
-1.8252734322868158	0.0	-1.8252734322868158	1.8252734322868158	1.0
-3.476107781982946	0.0	-3.476107781982946	3.476107781982946	1.0
-3.546180032269875	0.0	-3.546180032269875	3.546180032269875	1.0
-2.6099888452009083	0.0	-2.6099888452009083	2.6099888452009083	1.0
-0.047116508927656175	0.0	-0.047116508927656175	0.047116508927656175	1.0
1.6662701520585024	0.0	1.6662701520585024	1.6662701520585024	1.0
-1.1216799273468898	0.0	-1.1216799273468898	1.1216799273468898	1.0
3.0389096190072378	0.0	3.0389096190072378	3.0389096190072378	1.0
0.8242209282634214	0.0	0.8242209282634214	0.8242209282634214	1.0
2.313980633824465	0.0	2.313980633824465	2.313980633824465	1.0
1.543264610615339	0.0	1.543264610615339	1.543264610615339	1.0
0.7720685408812035	0.0	0.7720685408812035	0.7720685408812035	1.0
-1.1383900116281485	0.0	-1.1383900116281485	1.1383900116281485	1.0
-1.1899491476030124	0.0	-1.1899491476030124	1.1899491476030124	1.0
1.0232557186569766	0.0	1.0232557186569766	1.0232557186569766	1.0
0.7526941527210569	0.0	0.7526941527210569	0.7526941527210569	1.0
-1.8486204986641537	0.0	-1.8486204986641537	1.8486204986641537	1.0
1.579883600427261	0.0	1.579883600427261	1.579883600427261	1.0
-4.730875244615202	0.0	-4.730875244615202	4.730875244615202	1.0
1.4818823899730078	0.0	1.4818823899730078	1.4818823899730078	1.0
1.4217394485060693	0.0	1.4217394485060693	1.4217394485060693	1.0
-0.9922666085212335	0.0	-0.9922666085212335	0.9922666085212335	1.0
1.657276313399664	0.0	1.657276313399664	1.657276313399664	1.0
-0.1325673757785371	0.0	-0.1325673757785371	0.1325673757785371	1.0
0.0514375457563318	0.0	0.0514375457563318	0.0514375457563318	1.0
-0.632061287052923	0.0	-0.632061287052923	0.632061287052923	1.0
-0.682976910739205	0.0	-0.682976910739205	0.682976910739205	1.0
1.7313004895494273	0.0	1.7313004895494273	1.7313004895494273	1.0
3.2163944348706908	0.0	3.2163944348706908	3.2163944348706908	1.0
-0.18183485532785418	0.0	-0.18183485532785418	0.18183485532785418	1.0
1.6552700944184313	0.0	1.6552700944184313	1.6552700944184313	1.0
-1.7864868258442312	0.0	-1.7864868258442312	1.7864868258442312	1.0
-1.3767739795802936	0.0	-1.3767739795802936	1.3767739795802936	1.0
-0.451862262561623	0.0	-0.451862262561623	0.451862262561623	1.0
-1.0106143165802024	0.0	-1.0106143165802024	1.0106143165802024	1.0
1.9288884069885173	0.0	1.9288884069885173	1.9288884069885173	1.0
0.6736543550892986	0.0	0.6736543550892986	0.6736543550892986	1.0
1.0436855097394864	0.0	1.0436855097394864	1.0436855097394864	1.0
1.5970090695107975	0.0	1.5970090695107975	1.5970090695107975	1.0
-1.6588551683870563	0.0	-1.6588551683870563	1.6588551683870563	1.0
0.2521009365048513	0.0	0.2521009365048513	0.2521009365048513	1.0
-2.1587291033221954	0.0	-2.1587291033221954	2.1587291033221954	1.0
0.6585046285531849	0.0	0.6585046285531849	0.6585046285531849	1.0
-0.9516690432589006	0.0	-0.9516690432589006	0.9516690432589006	1.0
-1.8784209145846895	0.0	-1.8784209145846895	1.8784209145846895	1.0
0.72288404527003	0.0	0.72288404527003	0.72288404527003	1.0
-1.0290751874046349	0.0	-1.0290751874046349	1.0290751874046349	1.0
0.5536256518431839	0.0	0.5536256518431839	0.5536256518431839	1.0
1.3443191230828706	0.0	1.3443191230828706	1.3443191230828706	1.0
0.6313425711939222	0.0	0.6313425711939222	0.6313425711939222	1.0
1.693783355214923	0.0	1.693783355214923	1.693783355214923	1.0
-1.0652022604759688	0.0	-1.0652022604759688	1.0652022604759688	1.0
2.181405193450892	0.0	2.181405193450892	2.181405193450892	1.0
-0.12814252772721113	0.0	-0.12814252772721113	0.12814252772721113	1.0
0.12843937571000674	0.0	0.12843937571000674	0.12843937571000674	1.0
1.028917092948849	0.0	1.028917092948849	1.028917092948849	1.0
-1.6292823131598622	0.0	-1.6292823131598622	1.6292823131598622	1.0
0.8548963809426577	0.0	0.8548963809426577	0.8548963809426577	1.0
-1.600520215457026	0.0	-1.600520215457026	1.600520215457026	1.0
-0.4092863968390431	0.0	-0.4092863968390431	0.4092863968390431	1.0
1.8011967126231487	0.0	1.8011967126231487	1.8011967126231487	1.0
-1.7336863411880785	0.0	-1.7336863411880785	1.7336863411880785	1.0
1.5148361934118493	0.0	1.5148361934118493	1.5148361934118493	1.0
-0.21640158054880848	0.0	-0.21640158054880848	0.21640158054880848	1.0
-1.8322234439881253	0.0	-1.8322234439881253	1.8322234439881253	1.0
0.024746199897630522	0.0	0.024746199897630522	0.024746199897630522	1.0
0.9778096850896196	0.0	0.9778096850896196	0.9778096850896196	1.0
2.3145574395009403	0.0	2.3145574395009403	2.3145574395009403	1.0
-1.3149087091772418	0.0	-1.3149087091772418	1.3149087091772418	1.0
-1.976550699608012	0.0	-1.976550699608012	1.976550699608012	1.0
0.7500116822645413	0.0	0.7500116822645413	0.7500116822645413	1.0
-1.5047773547052623	0.0	-1.5047773547052623	1.5047773547052623	1.0
-2.153071903220735	0.0	-2.153071903220735	2.153071903220735	1.0
-0.18351061516614967	0.0	-0.18351061516614967	0.18351061516614967	1.0
-1.3091894185996136	0.0	-1.3091894185996136	1.3091894185996136	1.0
2.5550687146411835	0.0	2.5550687146411835	2.5550687146411835	1.0
2.888233208438748	0.0	2.888233208438748	2.888233208438748	1.0
3.393126707799074	0.0	3.393126707799074	3.393126707799074	1.0
1.272188972137996	0.0	1.272188972137996	1.272188972137996	1.0
-0.5725933255485676	0.0	-0.5725933255485676	0.5725933255485676	1.0
-1.4500997144911845	0.0	-1.4500997144911845	1.4500997144911845	1.0
-0.8873398052299425	0.0	-0.8873398052299425	0.8873398052299425	1.0
-0.3607401361340254	0.0	-0.3607401361340254	0.3607401361340254	1.0
1.708549134519175	0.0	1.708549134519175	1.708549134519175	1.0
-0.21584154014173454	0.0	-0.21584154014173454	0.21584154014173454	1.0
0.016322550487823127	0.0	0.016322550487823127	0.016322550487823127	1.0
-2.398656030895037	0.0	-2.398656030895037	2.398656030895037	1.0
0.6837226342709614	0.0	0.6837226342709614	0.6837226342709614	1.0
-1.6279349525965767	0.0	-1.6279349525965767	1.6279349525965767	1.0
1.0008066903409363	0.0	1.0008066903409363	1.0008066903409363	1.0
-0.14343742615412788	0.0	-0.14343742615412788	0.14343742615412788	1.0
6.546578490400714	0.0	6.546578490400714	6.546578490400714	1.0
-5.693549095356726	0.0	-5.693549095356726	5.693549095356726	1.0
2.7408074287167272	0.0	2.7408074287167272	2.7408074287167272	1.0
-0.17258739890669422	0.0	-0.17258739890669422	0.17258739890669422	1.0
-0.8200231368032618	0.0	-0.8200231368032618	0.8200231368032618	1.0
-2.617414709451572	0.0	-2.617414709451572	2.617414709451572	1.0
1.8480641241322187	0.0	1.8480641241322187	1.8480641241322187	1.0
1.219766445055741	0.0	1.219766445055741	1.219766445055741	1.0
0.325329671538428	0.0	0.325329671538428	0.325329671538428	1.0
-0.24913591471563562	0.0	-0.24913591471563562	0.24913591471563562	1.0
1.6591745332978352	0.0	1.6591745332978352	1.6591745332978352	1.0
-0.20697792914881746	0.0	-0.20697792914881746	0.20697792914881746	1.0
-5.968267601587007	0.0	-5.968267601587007	5.968267601587007	1.0
1.7369201823551246	0.0	1.7369201823551246	1.7369201823551246	1.0
0.3025265065664341	0.0	0.3025265065664341	0.3025265065664341	1.0
-0.788410495875332	0.0	-0.788410495875332	0.788410495875332	1.0
-1.9750554171207004	0.0	-1.9750554171207004	1.9750554171207004	1.0
4.452557409325223	0.0	4.452557409325223	4.452557409325223	1.0
0.10504411292154556	0.0	0.10504411292154556	0.10504411292154556	1.0
-0.28108670364537996	0.0	-0.28108670364537996	0.28108670364537996	1.0
-1.00366097151666	0.0	-1.00366097151666	1.00366097151666	1.0
0.6065831751854049	0.0	0.6065831751854049	0.6065831751854049	1.0
1.9742031184506295	0.0	1.9742031184506295	1.9742031184506295	1.0
1.386429307069117	0.0	1.386429307069117	1.386429307069117	1.0
0.27912755645357745	0.0	0.27912755645357745	0.27912755645357745	1.0
3.3093728523944996	0.0	3.3093728523944996	3.3093728523944996	1.0
-2.046699315598676	0.0	-2.046699315598676	2.046699315598676	1.0
-0.14366126263481419	0.0	-0.14366126263481419	0.14366126263481419	1.0
1.427530022603589	0.0	1.427530022603589	1.427530022603589	1.0
-0.7049614134351511	0.0	-0.7049614134351511	0.7049614134351511	1.0
-1.3064699574289709	0.0	-1.3064699574289709	1.3064699574289709	1.0
2.4792414943248433	0.0	2.4792414943248433	2.4792414943248433	1.0
2.578829968260025	0.0	2.578829968260025	2.578829968260025	1.0
-1.446978032475306	0.0	-1.446978032475306	1.446978032475306	1.0
0.28489992698973293	0.0	0.28489992698973293	0.28489992698973293	1.0
-0.7904398916886038	0.0	-0.7904398916886038	0.7904398916886038	1.0
-0.16646044394135143	0.0	-0.16646044394135143	0.16646044394135143	1.0
-2.522514232083871	0.0	-2.522514232083871	2.522514232083871	1.0
3.302749200081573	0.0	3.302749200081573	3.302749200081573	1.0
-0.8025066059714365	0.0	-0.8025066059714365	0.8025066059714365	1.0
0.3228663709610448	0.0	0.3228663709610448	0.3228663709610448	1.0
-0.3346864574760486	0.0	-0.3346864574760486	0.3346864574760486	1.0
5.76016205274918	0.0	5.76016205274918	5.76016205274918	1.0
0.3166577226966176	0.0	0.3166577226966176	0.3166577226966176	1.0
0.8256771129481442	0.0	0.8256771129481442	0.8256771129481442	1.0
0.09269763327150844	0.0	0.09269763327150844	0.09269763327150844	1.0
-2.8890732654982383	0.0	-2.8890732654982383	2.8890732654982383	1.0
-0.2547188989674998	0.0	-0.2547188989674998	0.2547188989674998	1.0
1.3302110755194079	0.0	1.3302110755194079	1.3302110755194079	1.0
0.24519140706771925	0.0	0.24519140706771925	0.24519140706771925	1.0
1.6323593189928935	0.0	1.6323593189928935	1.6323593189928935	1.0
-1.5851467906494645	0.0	-1.5851467906494645	1.5851467906494645	1.0
1.1230157869911293	0.0	1.1230157869911293	1.1230157869911293	1.0
1.594825239086635	0.0	1.594825239086635	1.594825239086635	1.0
0.7960796084704531	0.0	0.7960796084704531	0.7960796084704531	1.0
-3.606347460712005	0.0	-3.606347460712005	3.606347460712005	1.0
-0.783705831521279	0.0	-0.783705831521279	0.783705831521279	1.0
-5.045033131968271	0.0	-5.045033131968271	5.045033131968271	1.0
2.675078927031896	0.0	2.675078927031896	2.675078927031896	1.0
-1.158052970691617	0.0	-1.158052970691617	1.158052970691617	1.0
0.2841739965481718	0.0	0.2841739965481718	0.2841739965481718	1.0
-2.463674457653564	0.0	-2.463674457653564	2.463674457653564	1.0
1.4615802206222015	0.0	1.4615802206222015	1.4615802206222015	1.0
-0.35748374750604944	0.0	-0.35748374750604944	0.35748374750604944	1.0
1.7668533767186387	0.0	1.7668533767186387	1.7668533767186387	1.0
0.6232039016876068	0.0	0.6232039016876068	0.6232039016876068	1.0
-0.7286483150536225	0.0	-0.7286483150536225	0.7286483150536225	1.0
-0.8900674697755087	0.0	-0.8900674697755087	0.8900674697755087	1.0
1.754682896857787	0.0	1.754682896857787	1.754682896857787	1.0
0.767335342314053	0.0	0.767335342314053	0.767335342314053	1.0
0.03269135786245237	0.0	0.03269135786245237	0.03269135786245237	1.0
-1.0020067969632924	0.0	-1.0020067969632924	1.0020067969632924	1.0
-1.3626087728055	0.0	-1.3626087728055	1.3626087728055	1.0
0.03425063929779957	0.0	0.03425063929779957	0.03425063929779957	1.0
-1.2066966605871579	0.0	-1.2066966605871579	1.2066966605871579	1.0
0.28274968203433676	0.0	0.28274968203433676	0.28274968203433676	1.0
2.133925904911569	0.0	2.133925904911569	2.133925904911569	1.0
1.1560110371918064	0.0	1.1560110371918064	1.1560110371918064	1.0
0.5328336587458068	0.0	0.5328336587458068	0.5328336587458068	1.0
-0.17692877845475855	0.0	-0.17692877845475855	0.17692877845475855	1.0
1.1544780211314625	0.0	1.1544780211314625	1.1544780211314625	1.0
1.3631126547637606	0.0	1.3631126547637606	1.3631126547637606	1.0
-0.010565297487709145	0.0	-0.010565297487709145	0.010565297487709145	1.0
1.681020104305098	0.0	1.681020104305098	1.681020104305098	1.0
-1.6340189168565673	0.0	-1.6340189168565673	1.6340189168565673	1.0
-0.08788612565004714	0.0	-0.08788612565004714	0.08788612565004714	1.0
0.12938665718554254	0.0	0.12938665718554254	0.12938665718554254	1.0
-0.38242558053717174	0.0	-0.38242558053717174	0.38242558053717174	1.0
-2.4958486546578635	0.0	-2.4958486546578635	2.4958486546578635	1.0
0.3703194986223958	0.0	0.3703194986223958	0.3703194986223958	1.0
-1.6122342170246229	0.0	-1.6122342170246229	1.6122342170246229	1.0
0.23577129237972977	0.0	0.23577129237972977	0.23577129237972977	1.0
2.50465267979203	0.0	2.50465267979203	2.50465267979203	1.0
-1.6931883563532926	0.0	-1.6931883563532926	1.6931883563532926	1.0
-0.41580782664792465	0.0	-0.41580782664792465	0.41580782664792465	1.0
-0.95447842332784	0.0	-0.95447842332784	0.95447842332784	1.0
-0.317484562805466	0.0	-0.317484562805466	0.317484562805466	1.0
-0.876737500173209	0.0	-0.876737500173209	0.876737500173209	1.0
-2.9321146650434833	0.0	-2.9321146650434833	2.9321146650434833	1.0
0.12372944218725013	0.0	0.12372944218725013	0.12372944218725013	1.0
2.029154435100116	0.0	2.029154435100116	2.029154435100116	1.0
-0.7974719905684067	0.0	-0.7974719905684067	0.7974719905684067	1.0
2.8257089538727294	0.0	2.8257089538727294	2.8257089538727294	1.0
1.388043906781683	0.0	1.388043906781683	1.388043906781683	1.0
0.06771220301026225	0.0	0.06771220301026225	0.06771220301026225	1.0
-3.169856092951097	0.0	-3.169856092951097	3.169856092951097	1.0
-1.857003076566348	0.0	-1.857003076566348	1.857003076566348	1.0
-0.9092049487570877	0.0	-0.9092049487570877	0.9092049487570877	1.0
-1.3677997786431595	0.0	-1.3677997786431595	1.3677997786431595	1.0
0.33237500742354237	0.0	0.33237500742354237	0.33237500742354237	1.0
0.9399654881387058	0.0	0.9399654881387058	0.9399654881387058	1.0
-1.9271935980330215	0.0	-1.9271935980330215	1.9271935980330215	1.0
-0.4348856144161245	0.0	-0.4348856144161245	0.4348856144161245	1.0
1.9546433829152092	0.0	1.9546433829152092	1.9546433829152092	1.0
-0.017391342413872104	0.0	-0.017391342413872104	0.017391342413872104	1.0
0.730805505794711	0.0	0.730805505794711	0.730805505794711	1.0
-1.4072074549912954	0.0	-1.4072074549912954	1.4072074549912954	1.0
4.00238734549468	0.0	4.00238734549468	4.00238734549468	1.0
-0.19859290899661675	0.0	-0.19859290899661675	0.19859290899661675	1.0
0.23625656113292612	0.0	0.23625656113292612	0.23625656113292612	1.0
-1.8072751785424672	0.0	-1.8072751785424672	1.8072751785424672	1.0
0.7502642096162999	0.0	0.7502642096162999	0.7502642096162999	1.0
-0.9387371441947553	0.0	-0.9387371441947553	0.9387371441947553	1.0
-0.09421432741289046	0.0	-0.09421432741289046	0.09421432741289046	1.0
0.117823673596619	0.0	0.117823673596619	0.117823673596619	1.0
2.3421725977110803	0.0	2.3421725977110803	2.3421725977110803	1.0
-1.1386703485949454	0.0	-1.1386703485949454	1.1386703485949454	1.0
-0.1887081322838443	0.0	-0.1887081322838443	0.1887081322838443	1.0
-6.327774452282638	0.0	-6.327774452282638	6.327774452282638	1.0
-0.16668312377717226	0.0	-0.16668312377717226	0.16668312377717226	1.0
0.13022410849720187	0.0	0.13022410849720187	0.13022410849720187	1.0
1.4991932259649792	0.0	1.4991932259649792	1.4991932259649792	1.0
0.14444718308660248	0.0	0.14444718308660248	0.14444718308660248	1.0
0.19116233758040235	0.0	0.19116233758040235	0.19116233758040235	1.0
-0.09719654009052155	0.0	-0.09719654009052155	0.09719654009052155	1.0
2.1592053990745286	0.0	2.1592053990745286	2.1592053990745286	1.0
-1.8134289504219376	0.0	-1.8134289504219376	1.8134289504219376	1.0
0.9632762733116162	0.0	0.9632762733116162	0.9632762733116162	1.0
-0.19810740491396955	0.0	-0.19810740491396955	0.19810740491396955	1.0
1.6639219286059055	0.0	1.6639219286059055	1.6639219286059055	1.0
-0.9769482452036595	0.0	-0.9769482452036595	0.9769482452036595	1.0
-1.7075160887723166	0.0	-1.7075160887723166	1.7075160887723166	1.0
0.3654913226622754	0.0	0.3654913226622754	0.3654913226622754	1.0
2.8010996409433204	0.0	2.8010996409433204	2.8010996409433204	1.0
-3.448151576816958	0.0	-3.448151576816958	3.448151576816958	1.0
0.6971633617860364	0.0	0.6971633617860364	0.6971633617860364	1.0
-1.2791312902959562	0.0	-1.2791312902959562	1.2791312902959562	1.0
1.254135123834815	0.0	1.254135123834815	1.254135123834815	1.0
0.012218962296998283	0.0	0.012218962296998283	0.012218962296998283	1.0
1.251234931560643	0.0	1.251234931560643	1.251234931560643	1.0
-2.008024535102997	0.0	-2.008024535102997	2.008024535102997	1.0
-2.184514097844384	0.0	-2.184514097844384	2.184514097844384	1.0
2.3385589496187995	0.0	2.3385589496187995	2.3385589496187995	1.0
-0.6617497281902414	0.0	-0.6617497281902414	0.6617497281902414	1.0
-0.5923088463930339	0.0	-0.5923088463930339	0.5923088463930339	1.0
0.06997286145823634	0.0	0.06997286145823634	0.06997286145823634	1.0
-1.8716182655596454	0.0	-1.8716182655596454	1.8716182655596454	1.0
2.4501798547514206	0.0	2.4501798547514206	2.4501798547514206	1.0
-4.2649711929389635	0.0	-4.2649711929389635	4.2649711929389635	1.0
-0.7553944359231132	0.0	-0.7553944359231132	0.7553944359231132	1.0
2.3700064108783647	0.0	2.3700064108783647	2.3700064108783647	1.0
-2.1090567198607864	0.0	-2.1090567198607864	2.1090567198607864	1.0
2.6167697810090553	0.0	2.6167697810090553	2.6167697810090553	1.0
-1.839963103082976	0.0	-1.839963103082976	1.839963103082976	1.0
-3.192311935959247	0.0	-3.192311935959247	3.192311935959247	1.0
-0.05686628537406423	0.0	-0.05686628537406423	0.05686628537406423	1.0
0.24991740106169977	0.0	0.24991740106169977	0.24991740106169977	1.0
-0.05156710710224603	0.0	-0.05156710710224603	0.05156710710224603	1.0
0.08174657025578914	0.0	0.08174657025578914	0.08174657025578914	1.0
-0.9677549979217055	0.0	-0.9677549979217055	0.9677549979217055	1.0
-0.9001028311864677	0.0	-0.9001028311864677	0.9001028311864677	1.0
1.265536188583126	0.0	1.265536188583126	1.265536188583126	1.0
-0.42272080157270714	0.0	-0.42272080157270714	0.42272080157270714	1.0
0.008080199767206718	0.0	0.008080199767206718	0.008080199767206718	1.0
-0.14385997346144286	0.0	-0.14385997346144286	0.14385997346144286	1.0
0.8915551497339513	0.0	0.8915551497339513	0.8915551497339513	1.0
-1.0260558988594743	0.0	-1.0260558988594743	1.0260558988594743	1.0
1.1507534039947982	0.0	1.1507534039947982	1.1507534039947982	1.0
-0.551153957555694	0.0	-0.551153957555694	0.551153957555694	1.0
0.8086031368869424	0.0	0.8086031368869424	0.8086031368869424	1.0
6.406107000561478	0.0	6.406107000561478	6.406107000561478	1.0
0.167021309331552	0.0	0.167021309331552	0.167021309331552	1.0
1.829813359328464	0.0	1.829813359328464	1.829813359328464	1.0
-0.5554198311384013	0.0	-0.5554198311384013	0.5554198311384013	1.0
-1.845906371081522	0.0	-1.845906371081522	1.845906371081522	1.0
-0.21532748050555187	0.0	-0.21532748050555187	0.21532748050555187	1.0
-2.002975682339625	0.0	-2.002975682339625	2.002975682339625	1.0
-0.09770397960337995	0.0	-0.09770397960337995	0.09770397960337995	1.0
1.3557105399690021	0.0	1.3557105399690021	1.3557105399690021	1.0
-0.309477283506571	0.0	-0.309477283506571	0.309477283506571	1.0
1.2151658301554247	0.0	1.2151658301554247	1.2151658301554247	1.0
-0.9851311547063561	0.0	-0.9851311547063561	0.9851311547063561	1.0
0.1631519280449653	0.0	0.1631519280449653	0.1631519280449653	1.0
-0.10292748075643579	0.0	-0.10292748075643579	0.10292748075643579	1.0
-0.4448259307154172	0.0	-0.4448259307154172	0.4448259307154172	1.0
-1.2005809232975397	0.0	-1.2005809232975397	1.2005809232975397	1.0
0.26088612001380684	0.0	0.26088612001380684	0.26088612001380684	1.0
-1.5101583375666268	0.0	-1.5101583375666268	1.5101583375666268	1.0
1.7421154610027902	0.0	1.7421154610027902	1.7421154610027902	1.0
-0.9955135036833913	0.0	-0.9955135036833913	0.9955135036833913	1.0
-1.7915501204255948	0.0	-1.7915501204255948	1.7915501204255948	1.0
0.3088922011122921	0.0	0.3088922011122921	0.3088922011122921	1.0
1.6718930826523772	0.0	1.6718930826523772	1.6718930826523772	1.0
-1.9745763192353292	0.0	-1.9745763192353292	1.9745763192353292	1.0
3.346011198587922	0.0	3.346011198587922	3.346011198587922	1.0
0.43643971237609036	0.0	0.43643971237609036	0.43643971237609036	1.0
2.4191421906300548	0.0	2.4191421906300548	2.4191421906300548	1.0
1.1450321593535056	0.0	1.1450321593535056	1.1450321593535056	1.0
-0.3784402757003241	0.0	-0.3784402757003241	0.3784402757003241	1.0
-1.0468925776044202	0.0	-1.0468925776044202	1.0468925776044202	1.0
-0.3210194230498564	0.0	-0.3210194230498564	0.3210194230498564	1.0
0.9281597568075808	0.0	0.9281597568075808	0.9281597568075808	1.0
1.3529013190098824	0.0	1.3529013190098824	1.3529013190098824	1.0
0.929119732681384	0.0	0.929119732681384	0.929119732681384	1.0
-0.5407088158763429	0.0	-0.5407088158763429	0.5407088158763429	1.0
-0.4309609603636067	0.0	-0.4309609603636067	0.4309609603636067	1.0
1.4356068890406366	0.0	1.4356068890406366	1.4356068890406366	1.0
-1.3624150050475936	0.0	-1.3624150050475936	1.3624150050475936	1.0
0.43546965585731345	0.0	0.43546965585731345	0.43546965585731345	1.0
0.6373101746919998	0.0	0.6373101746919998	0.6373101746919998	1.0
0.42978793797460124	0.0	0.42978793797460124	0.42978793797460124	1.0
0.25603423421383203	0.0	0.25603423421383203	0.25603423421383203	1.0
-3.0456829897579136	0.0	-3.0456829897579136	3.0456829897579136	1.0
-0.31702734096778484	0.0	-0.31702734096778484	0.31702734096778484	1.0
0.5827388475720867	0.0	0.5827388475720867	0.5827388475720867	1.0
-2.4959675338281153	0.0	-2.4959675338281153	2.4959675338281153	1.0
2.144573515262461	0.0	2.144573515262461	2.144573515262461	1.0
2.283379337043799	0.0	2.283379337043799	2.283379337043799	1.0
-0.37855683269069973	0.0	-0.37855683269069973	0.37855683269069973	1.0
-0.3865833280986449	0.0	-0.3865833280986449	0.3865833280986449	1.0
-1.1105695554940775	0.0	-1.1105695554940775	1.1105695554940775	1.0
1.1316655487101168	0.0	1.1316655487101168	1.1316655487101168	1.0
-0.6255905429264044	0.0	-0.6255905429264044	0.6255905429264044	1.0
0.37975044708994754	0.0	0.37975044708994754	0.37975044708994754	1.0
0.7296772070303177	0.0	0.7296772070303177	0.7296772070303177	1.0
-1.339876846558597	0.0	-1.339876846558597	1.339876846558597	1.0
1.409491207545485	0.0	1.409491207545485	1.409491207545485	1.0
-0.6413639811183786	0.0	-0.6413639811183786	0.6413639811183786	1.0
-0.6534722899484308	0.0	-0.6534722899484308	0.6534722899484308	1.0
-0.47488957438355506	0.0	-0.47488957438355506	0.47488957438355506	1.0
1.7167937957730979	0.0	1.7167937957730979	1.7167937957730979	1.0
0.18035226954719136	0.0	0.18035226954719136	0.18035226954719136	1.0
0.16502469130787353	0.0	0.16502469130787353	0.16502469130787353	1.0
-1.4486477155797983	0.0	-1.4486477155797983	1.4486477155797983	1.0
1.5169342831919976	0.0	1.5169342831919976	1.5169342831919976	1.0
-1.5763956778949424	0.0	-1.5763956778949424	1.5763956778949424	1.0
-1.3160421672458027	0.0	-1.3160421672458027	1.3160421672458027	1.0
-1.4495561956543708	0.0	-1.4495561956543708	1.4495561956543708	1.0
2.6887208114336225	0.0	2.6887208114336225	2.6887208114336225	1.0
0.6565804252433818	0.0	0.6565804252433818	0.6565804252433818	1.0
-2.461413240809356	0.0	-2.461413240809356	2.461413240809356	1.0
1.6761826310047163	0.0	1.6761826310047163	1.6761826310047163	1.0
2.486611549562907	0.0	2.486611549562907	2.486611549562907	1.0
-0.5031785091935251	0.0	-0.5031785091935251	0.5031785091935251	1.0
1.7755775686361703	0.0	1.7755775686361703	1.7755775686361703	1.0
5.8105002598129065	0.0	5.8105002598129065	5.8105002598129065	1.0
4.030270819873868	0.0	4.030270819873868	4.030270819873868	1.0
-1.8068237422805946	0.0	-1.8068237422805946	1.8068237422805946	1.0
-1.27249990478605	0.0	-1.27249990478605	1.27249990478605	1.0
0.003280585482522293	0.0	0.003280585482522293	0.003280585482522293	1.0
-2.071304589370877	0.0	-2.071304589370877	2.071304589370877	1.0
-2.019570401361823	0.0	-2.019570401361823	2.019570401361823	1.0
-0.7783130982149473	0.0	-0.7783130982149473	0.7783130982149473	1.0
1.069998386487485	0.0	1.069998386487485	1.069998386487485	1.0
-1.6422745348071999	0.0	-1.6422745348071999	1.6422745348071999	1.0
-1.1177879533643162	0.0	-1.1177879533643162	1.1177879533643162	1.0
1.0369933311182957	0.0	1.0369933311182957	1.0369933311182957	1.0
-0.6014454097794151	0.0	-0.6014454097794151	0.6014454097794151	1.0
-1.9244098684541815	0.0	-1.9244098684541815	1.9244098684541815	1.0
-2.5772370605353228	0.0	-2.5772370605353228	2.5772370605353228	1.0
1.7318112053841013	0.0	1.7318112053841013	1.7318112053841013	1.0
0.10061478667995255	0.0	0.10061478667995255	0.10061478667995255	1.0
4.666986089211873	0.0	4.666986089211873	4.666986089211873	1.0
-0.2594543698944485	0.0	-0.2594543698944485	0.2594543698944485	1.0
-0.3104594325622346	0.0	-0.3104594325622346	0.3104594325622346	1.0
0.08669610464771942	0.0	0.08669610464771942	0.08669610464771942	1.0
0.12623061104924777	0.0	0.12623061104924777	0.12623061104924777	1.0
-0.7001561278301848	0.0	-0.7001561278301848	0.7001561278301848	1.0
-2.807394376652972	0.0	-2.807394376652972	2.807394376652972	1.0
0.3205664566226175	0.0	0.3205664566226175	0.3205664566226175	1.0
1.0337141726594703	0.0	1.0337141726594703	1.0337141726594703	1.0
0.8100087564241714	0.0	0.8100087564241714	0.8100087564241714	1.0
-2.561266778011959	0.0	-2.561266778011959	2.561266778011959	1.0
-0.4443201185321109	0.0	-0.4443201185321109	0.4443201185321109	1.0
0.49551670011569837	0.0	0.49551670011569837	0.49551670011569837	1.0
-3.8534821804146273	0.0	-3.8534821804146273	3.8534821804146273	1.0
1.2344742743600874	0.0	1.2344742743600874	1.2344742743600874	1.0
-2.4686888761934718	0.0	-2.4686888761934718	2.4686888761934718	1.0
-0.0037666014707016106	0.0	-0.0037666014707016106	0.0037666014707016106	1.0
-2.1452295426362764	0.0	-2.1452295426362764	2.1452295426362764	1.0
0.6153666424522547	0.0	0.6153666424522547	0.6153666424522547	1.0
-0.5351097401722387	0.0	-0.5351097401722387	0.5351097401722387	1.0
0.46651892821841806	0.0	0.46651892821841806	0.46651892821841806	1.0
1.1222228808774328	0.0	1.1222228808774328	1.1222228808774328	1.0
-1.0652260786749248	0.0	-1.0652260786749248	1.0652260786749248	1.0
1.3898683824176539	0.0	1.3898683824176539	1.3898683824176539	1.0
0.8821112138886276	0.0	0.8821112138886276	0.8821112138886276	1.0
5.226662178058906	0.0	5.226662178058906	5.226662178058906	1.0
-1.958112162208589	0.0	-1.958112162208589	1.958112162208589	1.0
2.442354342039749	0.0	2.442354342039749	2.442354342039749	1.0
-3.2020493599056823	0.0	-3.2020493599056823	3.2020493599056823	1.0
-2.2577408160228365	0.0	-2.2577408160228365	2.2577408160228365	1.0
0.31904462212375434	0.0	0.31904462212375434	0.31904462212375434	1.0
0.14703288509858173	0.0	0.14703288509858173	0.14703288509858173	1.0
0.5721817804820898	0.0	0.5721817804820898	0.5721817804820898	1.0
0.9396298841835733	0.0	0.9396298841835733	0.9396298841835733	1.0
1.0268223953957683	0.0	1.0268223953957683	1.0268223953957683	1.0
1.1545634738418227	0.0	1.1545634738418227	1.1545634738418227	1.0
-0.0951117838855849	0.0	-0.0951117838855849	0.0951117838855849	1.0
0.4554726348850701	0.0	0.4554726348850701	0.4554726348850701	1.0
2.7129050960594827	0.0	2.7129050960594827	2.7129050960594827	1.0
0.40505949240310596	0.0	0.40505949240310596	0.40505949240310596	1.0
0.2516112035554344	0.0	0.2516112035554344	0.2516112035554344	1.0
-1.070934073579058	0.0	-1.070934073579058	1.070934073579058	1.0
1.1279978236229615	0.0	1.1279978236229615	1.1279978236229615	1.0
-0.6276609236848345	0.0	-0.6276609236848345	0.6276609236848345	1.0
2.0687884575765314	0.0	2.0687884575765314	2.0687884575765314	1.0
-5.661022670771079	0.0	-5.661022670771079	5.661022670771079	1.0
1.2186993563132482	0.0	1.2186993563132482	1.2186993563132482	1.0
-1.5557603439855685	0.0	-1.5557603439855685	1.5557603439855685	1.0
0.6567626052965683	0.0	0.6567626052965683	0.6567626052965683	1.0
-0.09951333957395171	0.0	-0.09951333957395171	0.09951333957395171	1.0
-0.9869399849450111	0.0	-0.9869399849450111	0.9869399849450111	1.0
-1.2982240043703561	0.0	-1.2982240043703561	1.2982240043703561	1.0
-0.24175377590353106	0.0	-0.24175377590353106	0.24175377590353106	1.0
1.9367971930761918	0.0	1.9367971930761918	1.9367971930761918	1.0
0.6513511856154374	0.0	0.6513511856154374	0.6513511856154374	1.0
-1.3944079231183686	0.0	-1.3944079231183686	1.3944079231183686	1.0
-0.6897087403742719	0.0	-0.6897087403742719	0.6897087403742719	1.0
1.4681531475418943	0.0	1.4681531475418943	1.4681531475418943	1.0
-2.721224279348333	0.0	-2.721224279348333	2.721224279348333	1.0
-2.2389677247113475	0.0	-2.2389677247113475	2.2389677247113475	1.0
-0.8124431146318063	0.0	-0.8124431146318063	0.8124431146318063	1.0
-0.24528162117608412	0.0	-0.24528162117608412	0.24528162117608412	1.0
2.3225755054320887	0.0	2.3225755054320887	2.3225755054320887	1.0
-0.3126645709915137	0.0	-0.3126645709915137	0.3126645709915137	1.0
0.9765683091507706	0.0	0.9765683091507706	0.9765683091507706	1.0
3.4029889526205213	0.0	3.4029889526205213	3.4029889526205213	1.0
2.2132312756524652	0.0	2.2132312756524652	2.2132312756524652	1.0
1.24083567583374	0.0	1.24083567583374	1.24083567583374	1.0
-0.3839234632122482	0.0	-0.3839234632122482	0.3839234632122482	1.0
3.4532926113614724	0.0	3.4532926113614724	3.4532926113614724	1.0
1.2587257949854742	0.0	1.2587257949854742	1.2587257949854742	1.0
1.9434691706391494	0.0	1.9434691706391494	1.9434691706391494	1.0
1.2713211491466516	0.0	1.2713211491466516	1.2713211491466516	1.0
0.056904416545881686	0.0	0.056904416545881686	0.056904416545881686	1.0
2.475624423341323	0.0	2.475624423341323	2.475624423341323	1.0
-0.3359004284639824	0.0	-0.3359004284639824	0.3359004284639824	1.0
-0.7998885718892887	0.0	-0.7998885718892887	0.7998885718892887	1.0
-2.2822930968383393	0.0	-2.2822930968383393	2.2822930968383393	1.0
0.04662740842580001	0.0	0.04662740842580001	0.04662740842580001	1.0
0.14634871888630943	0.0	0.14634871888630943	0.14634871888630943	1.0
0.7107899988960407	0.0	0.7107899988960407	0.7107899988960407	1.0
-0.8737512843553872	0.0	-0.8737512843553872	0.8737512843553872	1.0
1.1622865132050544	0.0	1.1622865132050544	1.1622865132050544	1.0
1.4934320709697533	0.0	1.4934320709697533	1.4934320709697533	1.0
1.1687231261076827	0.0	1.1687231261076827	1.1687231261076827	1.0
-0.8416699659968258	0.0	-0.8416699659968258	0.8416699659968258	1.0
-0.7332628072084824	0.0	-0.7332628072084824	0.7332628072084824	1.0
0.7038092416450924	0.0	0.7038092416450924	0.7038092416450924	1.0
-2.0616675918234484	0.0	-2.0616675918234484	2.0616675918234484	1.0
-1.7095013656959805	0.0	-1.7095013656959805	1.7095013656959805	1.0
-0.4459176577443869	0.0	-0.4459176577443869	0.4459176577443869	1.0
-0.2953999424025039	0.0	-0.2953999424025039	0.2953999424025039	1.0
1.7323804232242745	0.0	1.7323804232242745	1.7323804232242745	1.0
0.5481713934001438	0.0	0.5481713934001438	0.5481713934001438	1.0
-0.605996874918828	0.0	-0.605996874918828	0.605996874918828	1.0
0.49461582242948293	0.0	0.49461582242948293	0.49461582242948293	1.0
-0.8078731633465377	0.0	-0.8078731633465377	0.8078731633465377	1.0
1.0394000294937082	0.0	1.0394000294937082	1.0394000294937082	1.0
1.6896365531748627	0.0	1.6896365531748627	1.6896365531748627	1.0
0.2522856139116116	0.0	0.2522856139116116	0.2522856139116116	1.0
2.1276088805597047	0.0	2.1276088805597047	2.1276088805597047	1.0
-0.7338413827240393	0.0	-0.7338413827240393	0.7338413827240393	1.0
-0.5107528264264353	0.0	-0.5107528264264353	0.5107528264264353	1.0
1.7736595380745195	0.0	1.7736595380745195	1.7736595380745195	1.0
1.5643587439685742	0.0	1.5643587439685742	1.5643587439685742	1.0
-3.0513652695803604	0.0	-3.0513652695803604	3.0513652695803604	1.0
-0.816211433454251	0.0	-0.816211433454251	0.816211433454251	1.0
0.9766154866473205	0.0	0.9766154866473205	0.9766154866473205	1.0
-1.418130874626664	0.0	-1.418130874626664	1.418130874626664	1.0
0.5566504865110253	0.0	0.5566504865110253	0.5566504865110253	1.0
2.924537459214776	0.0	2.924537459214776	2.924537459214776	1.0
-2.9693419251758146	0.0	-2.9693419251758146	2.9693419251758146	1.0
1.0369375739827096	0.0	1.0369375739827096	1.0369375739827096	1.0
-2.4457769083522325	0.0	-2.4457769083522325	2.4457769083522325	1.0
3.2664583455855594	0.0	3.2664583455855594	3.2664583455855594	1.0
1.4154503760665458	0.0	1.4154503760665458	1.4154503760665458	1.0
-1.2999570856911542	0.0	-1.2999570856911542	1.2999570856911542	1.0
-1.3442359147930871	0.0	-1.3442359147930871	1.3442359147930871	1.0
0.34748367015785114	0.0	0.34748367015785114	0.34748367015785114	1.0
0.6155079336482985	0.0	0.6155079336482985	0.6155079336482985	1.0
0.6571686895805822	0.0	0.6571686895805822	0.6571686895805822	1.0
1.0922165900601417	0.0	1.0922165900601417	1.0922165900601417	1.0
-0.9000302788357607	0.0	-0.9000302788357607	0.9000302788357607	1.0
0.7002426403935851	0.0	0.7002426403935851	0.7002426403935851	1.0
-1.2261195491186556	0.0	-1.2261195491186556	1.2261195491186556	1.0
-0.7770781088748243	0.0	-0.7770781088748243	0.7770781088748243	1.0
-1.5383691742210956	0.0	-1.5383691742210956	1.5383691742210956	1.0
-0.8708691525885577	0.0	-0.8708691525885577	0.8708691525885577	1.0
-1.1256112970691865	0.0	-1.1256112970691865	1.1256112970691865	1.0
-1.7290430615108199	0.0	-1.7290430615108199	1.7290430615108199	1.0
0.3988756934277533	0.0	0.3988756934277533	0.3988756934277533	1.0
-0.04101308396845538	0.0	-0.04101308396845538	0.04101308396845538	1.0
0.22825386599824882	0.0	0.22825386599824882	0.22825386599824882	1.0
-0.26379095269925756	0.0	-0.26379095269925756	0.26379095269925756	1.0
-2.779376196163411	0.0	-2.779376196163411	2.779376196163411	1.0
-2.3128195922880286	0.0	-2.3128195922880286	2.3128195922880286	1.0
0.6494785074599313	0.0	0.6494785074599313	0.6494785074599313	1.0
-0.3652476253743787	0.0	-0.3652476253743787	0.3652476253743787	1.0
-0.015827022423097137	0.0	-0.015827022423097137	0.015827022423097137	1.0
-0.7225875563811992	0.0	-0.7225875563811992	0.7225875563811992	1.0
0.9967419542666434	0.0	0.9967419542666434	0.9967419542666434	1.0
1.673367742830011	0.0	1.673367742830011	1.673367742830011	1.0
-0.17061709879645814	0.0	-0.17061709879645814	0.17061709879645814	1.0
0.8076016930960612	0.0	0.8076016930960612	0.8076016930960612	1.0
0.5529237808625718	0.0	0.5529237808625718	0.5529237808625718	1.0
-0.4062953313027145	0.0	-0.4062953313027145	0.4062953313027145	1.0
-0.5889213631572767	0.0	-0.5889213631572767	0.5889213631572767	1.0
0.8440735483144466	0.0	0.8440735483144466	0.8440735483144466	1.0
-1.2517647586829235	0.0	-1.2517647586829235	1.2517647586829235	1.0
1.3171913850882855	0.0	1.3171913850882855	1.3171913850882855	1.0
1.2181382670978151	0.0	1.2181382670978151	1.2181382670978151	1.0
-3.0127238120099893	0.0	-3.0127238120099893	3.0127238120099893	1.0
-2.2486965280257785	0.0	-2.2486965280257785	2.2486965280257785	1.0
-1.7364571096804502	0.0	-1.7364571096804502	1.7364571096804502	1.0
1.6547118292539902	0.0	1.6547118292539902	1.6547118292539902	1.0
0.13968086359077722	0.0	0.13968086359077722	0.13968086359077722	1.0
1.4991915937966795	0.0	1.4991915937966795	1.4991915937966795	1.0
1.8574683420985987	0.0	1.8574683420985987	1.8574683420985987	1.0
0.20938227307246182	0.0	0.20938227307246182	0.20938227307246182	1.0
-1.6937360840364102	0.0	-1.6937360840364102	1.6937360840364102	1.0
-3.024817247431421	0.0	-3.024817247431421	3.024817247431421	1.0
0.30373880832595657	0.0	0.30373880832595657	0.30373880832595657	1.0
2.27037803419861	0.0	2.27037803419861	2.27037803419861	1.0
-1.8041857051416748	0.0	-1.8041857051416748	1.8041857051416748	1.0
2.2015484743588356	0.0	2.2015484743588356	2.2015484743588356	1.0
-1.5492963353670965	0.0	-1.5492963353670965	1.5492963353670965	1.0
4.168600594266689	0.0	4.168600594266689	4.168600594266689	1.0
-0.22122602823195414	0.0	-0.22122602823195414	0.22122602823195414	1.0
-1.7208087983189364	0.0	-1.7208087983189364	1.7208087983189364	1.0
-1.0038511248746396	0.0	-1.0038511248746396	1.0038511248746396	1.0
1.5822271144033206	0.0	1.5822271144033206	1.5822271144033206	1.0
1.383355636435448	0.0	1.383355636435448	1.383355636435448	1.0
1.1089502993196911	0.0	1.1089502993196911	1.1089502993196911	1.0
0.4155852583595069	0.0	0.4155852583595069	0.4155852583595069	1.0
1.175780146206563	0.0	1.175780146206563	1.175780146206563	1.0
3.162753809015687	0.0	3.162753809015687	3.162753809015687	1.0
0.75499352704708	0.0	0.75499352704708	0.75499352704708	1.0
-0.7359412241278926	0.0	-0.7359412241278926	0.7359412241278926	1.0
-4.090874788023569	0.0	-4.090874788023569	4.090874788023569	1.0
3.796634355406253	0.0	3.796634355406253	3.796634355406253	1.0
-0.05843111428985445	0.0	-0.05843111428985445	0.05843111428985445	1.0
-1.1969795424741267	0.0	-1.1969795424741267	1.1969795424741267	1.0
0.5997021651253199	0.0	0.5997021651253199	0.5997021651253199	1.0
0.2957031232748293	0.0	0.2957031232748293	0.2957031232748293	1.0
0.45835168362246925	0.0	0.45835168362246925	0.45835168362246925	1.0
0.52930531100736	0.0	0.52930531100736	0.52930531100736	1.0
-0.4413869206028967	0.0	-0.4413869206028967	0.4413869206028967	1.0
-1.6948620151300364	0.0	-1.6948620151300364	1.6948620151300364	1.0
0.2913911291470415	0.0	0.2913911291470415	0.2913911291470415	1.0
1.580608362459604	0.0	1.580608362459604	1.580608362459604	1.0
2.4083725825044917	0.0	2.4083725825044917	2.4083725825044917	1.0
-0.2506998555275538	0.0	-0.2506998555275538	0.2506998555275538	1.0
0.4636831747801592	0.0	0.4636831747801592	0.4636831747801592	1.0
-2.2844823903225553	0.0	-2.2844823903225553	2.2844823903225553	1.0
-6.039579000508418	0.0	-6.039579000508418	6.039579000508418	1.0
-0.251149245834655	0.0	-0.251149245834655	0.251149245834655	1.0
-0.2724898587678944	0.0	-0.2724898587678944	0.2724898587678944	1.0
1.7889975991654146	0.0	1.7889975991654146	1.7889975991654146	1.0
0.5290844669445236	0.0	0.5290844669445236	0.5290844669445236	1.0
-0.892399011916541	0.0	-0.892399011916541	0.892399011916541	1.0
2.8992785206727425	0.0	2.8992785206727425	2.8992785206727425	1.0
4.369929916381383	0.0	4.369929916381383	4.369929916381383	1.0
-0.8325408718311009	0.0	-0.8325408718311009	0.8325408718311009	1.0
-0.5256340739269888	0.0	-0.5256340739269888	0.5256340739269888	1.0
-1.6405801169753391	0.0	-1.6405801169753391	1.6405801169753391	1.0
2.3711878158583066	0.0	2.3711878158583066	2.3711878158583066	1.0
-1.1616260253062183	0.0	-1.1616260253062183	1.1616260253062183	1.0
-1.3453260991431701	0.0	-1.3453260991431701	1.3453260991431701	1.0
-1.375526465950377	0.0	-1.375526465950377	1.375526465950377	1.0
-1.5436860037979396	0.0	-1.5436860037979396	1.5436860037979396	1.0
4.292229763766294	0.0	4.292229763766294	4.292229763766294	1.0
1.2571279717441977	0.0	1.2571279717441977	1.2571279717441977	1.0
-0.19630048447686183	0.0	-0.19630048447686183	0.19630048447686183	1.0
2.3985298933361356	0.0	2.3985298933361356	2.3985298933361356	1.0
0.6590703577452172	0.0	0.6590703577452172	0.6590703577452172	1.0
-1.6600639400895476	0.0	-1.6600639400895476	1.6600639400895476	1.0
-3.4265110564906074	0.0	-3.4265110564906074	3.4265110564906074	1.0
2.371577499642183	0.0	2.371577499642183	2.371577499642183	1.0
0.9297223349079622	0.0	0.9297223349079622	0.9297223349079622	1.0
1.1676896936163916	0.0	1.1676896936163916	1.1676896936163916	1.0
2.5627939459822975	0.0	2.5627939459822975	2.5627939459822975	1.0
0.2734546232455807	0.0	0.2734546232455807	0.2734546232455807	1.0
0.4880942272255304	0.0	0.4880942272255304	0.4880942272255304	1.0
-3.613828084785205	0.0	-3.613828084785205	3.613828084785205	1.0
-0.9801948349477898	0.0	-0.9801948349477898	0.9801948349477898	1.0
-6.578078876104851	0.0	-6.578078876104851	6.578078876104851	1.0
-1.0706254507119277	0.0	-1.0706254507119277	1.0706254507119277	1.0
0.4131556673795341	0.0	0.4131556673795341	0.4131556673795341	1.0
0.10108690958705785	0.0	0.10108690958705785	0.10108690958705785	1.0
2.1725205343515928	0.0	2.1725205343515928	2.1725205343515928	1.0
0.3115767322023724	0.0	0.3115767322023724	0.3115767322023724	1.0
0.8988242457322786	0.0	0.8988242457322786	0.8988242457322786	1.0
1.5113365846529114	0.0	1.5113365846529114	1.5113365846529114	1.0
6.8335170823711024	0.0	6.8335170823711024	6.8335170823711024	1.0
1.5870695667360202	0.0	1.5870695667360202	1.5870695667360202	1.0
-1.3875495861596234	0.0	-1.3875495861596234	1.3875495861596234	1.0
1.578857376005606	0.0	1.578857376005606	1.578857376005606	1.0
2.041755537683879	0.0	2.041755537683879	2.041755537683879	1.0
-0.7202839546134274	0.0	-0.7202839546134274	0.7202839546134274	1.0
-2.1024173034348954	0.0	-2.1024173034348954	2.1024173034348954	1.0
-3.5794626714986832	0.0	-3.5794626714986832	3.5794626714986832	1.0
1.3276726907157028	0.0	1.3276726907157028	1.3276726907157028	1.0
-0.17513407276479576	0.0	-0.17513407276479576	0.17513407276479576	1.0
-1.0158987377261437	0.0	-1.0158987377261437	1.0158987377261437	1.0
-1.3749831435164117	0.0	-1.3749831435164117	1.3749831435164117	1.0
2.2049338061060446	0.0	2.2049338061060446	2.2049338061060446	1.0
-0.15495109484558864	0.0	-0.15495109484558864	0.15495109484558864	1.0
-0.5092104218587018	0.0	-0.5092104218587018	0.5092104218587018	1.0
1.8140141513012933	0.0	1.8140141513012933	1.8140141513012933	1.0
1.1430539628197998	0.0	1.1430539628197998	1.1430539628197998	1.0
1.5656337797581994	0.0	1.5656337797581994	1.5656337797581994	1.0
0.766691956210307	0.0	0.766691956210307	0.766691956210307	1.0
1.0206049186738977	0.0	1.0206049186738977	1.0206049186738977	1.0
-0.0934945573466602	0.0	-0.0934945573466602	0.0934945573466602	1.0
-0.6084325626069329	0.0	-0.6084325626069329	0.6084325626069329	1.0
-1.675291851839372	0.0	-1.675291851839372	1.675291851839372	1.0
0.9725125212636597	0.0	0.9725125212636597	0.9725125212636597	1.0
-1.933027113387594	0.0	-1.933027113387594	1.933027113387594	1.0
1.0546080519954721	0.0	1.0546080519954721	1.0546080519954721	1.0
0.11468026958159097	0.0	0.11468026958159097	0.11468026958159097	1.0
-0.9477310310813418	0.0	-0.9477310310813418	0.9477310310813418	1.0
-2.474917435829378	0.0	-2.474917435829378	2.474917435829378	1.0
0.13325450281864287	0.0	0.13325450281864287	0.13325450281864287	1.0
1.0814343532171062	0.0	1.0814343532171062	1.0814343532171062	1.0
0.5089037014334827	0.0	0.5089037014334827	0.5089037014334827	1.0
1.010787969366488	0.0	1.010787969366488	1.010787969366488	1.0
1.8750491195526768	0.0	1.8750491195526768	1.8750491195526768	1.0
-0.047394851891470635	0.0	-0.047394851891470635	0.047394851891470635	1.0
-1.0464397959824692	0.0	-1.0464397959824692	1.0464397959824692	1.0
-2.7633176314067733	0.0	-2.7633176314067733	2.7633176314067733	1.0
2.031423993999712	0.0	2.031423993999712	2.031423993999712	1.0
1.1348419538567098	0.0	1.1348419538567098	1.1348419538567098	1.0
1.361652242761678	0.0	1.361652242761678	1.361652242761678	1.0
0.7596633861019745	0.0	0.7596633861019745	0.7596633861019745	1.0
-0.7916209643748874	0.0	-0.7916209643748874	0.7916209643748874	1.0
0.39525151574892275	0.0	0.39525151574892275	0.39525151574892275	1.0
-2.1867274160277064	0.0	-2.1867274160277064	2.1867274160277064	1.0
0.027297771500824252	0.0	0.027297771500824252	0.027297771500824252	1.0
1.346338884203821	0.0	1.346338884203821	1.346338884203821	1.0
-2.2419584164404776	0.0	-2.2419584164404776	2.2419584164404776	1.0
0.8787664985268857	0.0	0.8787664985268857	0.8787664985268857	1.0
2.5015449273390162	0.0	2.5015449273390162	2.5015449273390162	1.0
0.894490040180004	0.0	0.894490040180004	0.894490040180004	1.0
1.8347446017995122	0.0	1.8347446017995122	1.8347446017995122	1.0
-0.4033704830999897	0.0	-0.4033704830999897	0.4033704830999897	1.0
1.4087278174902929	0.0	1.4087278174902929	1.4087278174902929	1.0
0.75786174200793	0.0	0.75786174200793	0.75786174200793	1.0
-1.4375520950229248	0.0	-1.4375520950229248	1.4375520950229248	1.0
1.2953757430717632	0.0	1.2953757430717632	1.2953757430717632	1.0
0.40176833574433	0.0	0.40176833574433	0.40176833574433	1.0
-3.110690794438768	0.0	-3.110690794438768	3.110690794438768	1.0
-0.5782339837188233	0.0	-0.5782339837188233	0.5782339837188233	1.0
2.1303431966564226	0.0	2.1303431966564226	2.1303431966564226	1.0
-1.696864541888284	0.0	-1.696864541888284	1.696864541888284	1.0
-2.244843665705893	0.0	-2.244843665705893	2.244843665705893	1.0
-6.4287779524337525	0.0	-6.4287779524337525	6.4287779524337525	1.0
1.2137422308386796	0.0	1.2137422308386796	1.2137422308386796	1.0
-2.7014503440057522	0.0	-2.7014503440057522	2.7014503440057522	1.0
-1.162051773898977	0.0	-1.162051773898977	1.162051773898977	1.0
-1.3414447275564019	0.0	-1.3414447275564019	1.3414447275564019	1.0
0.019573581600265847	0.0	0.019573581600265847	0.019573581600265847	1.0
-0.2473533042451671	0.0	-0.2473533042451671	0.2473533042451671	1.0
-1.1002327478067846	0.0	-1.1002327478067846	1.1002327478067846	1.0
0.9365276784268596	0.0	0.9365276784268596	0.9365276784268596	1.0
0.5718145805002898	0.0	0.5718145805002898	0.5718145805002898	1.0
-1.4837012652146537	0.0	-1.4837012652146537	1.4837012652146537	1.0
-2.405216404645153	0.0	-2.405216404645153	2.405216404645153	1.0
0.36508035040941134	0.0	0.36508035040941134	0.36508035040941134	1.0
1.1310596944235052	0.0	1.1310596944235052	1.1310596944235052	1.0
-3.4095527163076644	0.0	-3.4095527163076644	3.4095527163076644	1.0
-0.3992443951560875	0.0	-0.3992443951560875	0.3992443951560875	1.0
0.4577993078697423	0.0	0.4577993078697423	0.4577993078697423	1.0
-0.031396722161139416	0.0	-0.031396722161139416	0.031396722161139416	1.0
1.3122456488631475	0.0	1.3122456488631475	1.3122456488631475	1.0
-1.63373053425479	0.0	-1.63373053425479	1.63373053425479	1.0
0.032794071463833105	0.0	0.032794071463833105	0.032794071463833105	1.0
0.46233697861882306	0.0	0.46233697861882306	0.46233697861882306	1.0
-1.5092046273754218	0.0	-1.5092046273754218	1.5092046273754218	1.0
1.76495385633019	0.0	1.76495385633019	1.76495385633019	1.0
0.9800152789791368	0.0	0.9800152789791368	0.9800152789791368	1.0
1.1219952908535875	0.0	1.1219952908535875	1.1219952908535875	1.0
-0.02514069195041371	0.0	-0.02514069195041371	0.02514069195041371	1.0
-1.4081291737099746	0.0	-1.4081291737099746	1.4081291737099746	1.0
-1.6563412404089763	0.0	-1.6563412404089763	1.6563412404089763	1.0
0.05671944788195293	0.0	0.05671944788195293	0.05671944788195293	1.0
0.8880038665495211	0.0	0.8880038665495211	0.8880038665495211	1.0
1.7043529460523366	0.0	1.7043529460523366	1.7043529460523366	1.0
-0.2064980564229348	0.0	-0.2064980564229348	0.2064980564229348	1.0
-0.258815338345574	0.0	-0.258815338345574	0.258815338345574	1.0
-0.8360714544149651	0.0	-0.8360714544149651	0.8360714544149651	1.0
2.791461317499061	0.0	2.791461317499061	2.791461317499061	1.0
2.029529295962848	0.0	2.029529295962848	2.029529295962848	1.0
-1.1518882758764128	0.0	-1.1518882758764128	1.1518882758764128	1.0
0.2837197822812254	0.0	0.2837197822812254	0.2837197822812254	1.0
-0.45462351264849044	0.0	-0.45462351264849044	0.45462351264849044	1.0
0.2506500967494199	0.0	0.2506500967494199	0.2506500967494199	1.0
-1.1086969697600586	0.0	-1.1086969697600586	1.1086969697600586	1.0
0.10718961048847975	0.0	0.10718961048847975	0.10718961048847975	1.0
-0.6060822586271641	0.0	-0.6060822586271641	0.6060822586271641	1.0
3.1446750549740687	0.0	3.1446750549740687	3.1446750549740687	1.0
-1.479810132385207	0.0	-1.479810132385207	1.479810132385207	1.0
-2.295356189467533	0.0	-2.295356189467533	2.295356189467533	1.0
0.7878111670380423	0.0	0.7878111670380423	0.7878111670380423	1.0
4.549889999349224	0.0	4.549889999349224	4.549889999349224	1.0
2.462518123211679	0.0	2.462518123211679	2.462518123211679	1.0
-0.8542356455003544	0.0	-0.8542356455003544	0.8542356455003544	1.0
0.10318810397402232	0.0	0.10318810397402232	0.10318810397402232	1.0
-0.1204907253101598	0.0	-0.1204907253101598	0.1204907253101598	1.0
-1.9725215021788678	0.0	-1.9725215021788678	1.9725215021788678	1.0
-0.2255139816198095	0.0	-0.2255139816198095	0.2255139816198095	1.0
1.6242776199979159	0.0	1.6242776199979159	1.6242776199979159	1.0
2.1303157640758705	0.0	2.1303157640758705	2.1303157640758705	1.0
-0.6977932716362935	0.0	-0.6977932716362935	0.6977932716362935	1.0
-2.0711639156394863	0.0	-2.0711639156394863	2.0711639156394863	1.0
0.20805210667578727	0.0	0.20805210667578727	0.20805210667578727	1.0
-1.629222971040021	0.0	-1.629222971040021	1.629222971040021	1.0
-1.993893250506981	0.0	-1.993893250506981	1.993893250506981	1.0
1.5546833148211576	0.0	1.5546833148211576	1.5546833148211576	1.0
-0.7978533261705749	0.0	-0.7978533261705749	0.7978533261705749	1.0
3.5383163232979147	0.0	3.5383163232979147	3.5383163232979147	1.0
1.8722996484771213	0.0	1.8722996484771213	1.8722996484771213	1.0
-2.2337188622462505	0.0	-2.2337188622462505	2.2337188622462505	1.0
-0.7609685473409395	0.0	-0.7609685473409395	0.7609685473409395	1.0
-0.15204324827067703	0.0	-0.15204324827067703	0.15204324827067703	1.0
-1.8100828877742023	0.0	-1.8100828877742023	1.8100828877742023	1.0
-1.4902232434898581	0.0	-1.4902232434898581	1.4902232434898581	1.0
-1.9926857263562716	0.0	-1.9926857263562716	1.9926857263562716	1.0
1.3057903479845505	0.0	1.3057903479845505	1.3057903479845505	1.0
0.35114803096821806	0.0	0.35114803096821806	0.35114803096821806	1.0
-1.2366510134585917	0.0	-1.2366510134585917	1.2366510134585917	1.0
-0.6262129999711668	0.0	-0.6262129999711668	0.6262129999711668	1.0
-1.263350796056513	0.0	-1.263350796056513	1.263350796056513	1.0
-0.3066150706951322	0.0	-0.3066150706951322	0.3066150706951322	1.0
2.121595566458691	0.0	2.121595566458691	2.121595566458691	1.0
-3.0715707489876856	0.0	-3.0715707489876856	3.0715707489876856	1.0
-0.5083251414813901	0.0	-0.5083251414813901	0.5083251414813901	1.0
1.2920601416948374	0.0	1.2920601416948374	1.2920601416948374	1.0
-1.3201828885873144	0.0	-1.3201828885873144	1.3201828885873144	1.0
0.05496732985076394	0.0	0.05496732985076394	0.05496732985076394	1.0
0.16822213888702903	0.0	0.16822213888702903	0.16822213888702903	1.0
2.329748409981222	0.0	2.329748409981222	2.329748409981222	1.0
0.15237280857692634	0.0	0.15237280857692634	0.15237280857692634	1.0
-0.7228226838759517	0.0	-0.7228226838759517	0.7228226838759517	1.0
-0.9541023604709382	0.0	-0.9541023604709382	0.9541023604709382	1.0
-3.1120585206350375	0.0	-3.1120585206350375	3.1120585206350375	1.0
-0.6390944559032609	0.0	-0.6390944559032609	0.6390944559032609	1.0
-1.273697235527289	0.0	-1.273697235527289	1.273697235527289	1.0
0.02794641779821879	0.0	0.02794641779821879	0.02794641779821879	1.0
2.753996779237884	0.0	2.753996779237884	2.753996779237884	1.0
-0.7519896818463386	0.0	-0.7519896818463386	0.7519896818463386	1.0
-0.5059701745873555	0.0	-0.5059701745873555	0.5059701745873555	1.0
1.0220523196804108	0.0	1.0220523196804108	1.0220523196804108	1.0
1.2783616997886535	0.0	1.2783616997886535	1.2783616997886535	1.0
1.547291894868919	0.0	1.547291894868919	1.547291894868919	1.0
1.1939305996999883	0.0	1.1939305996999883	1.1939305996999883	1.0
2.422401540499786	0.0	2.422401540499786	2.422401540499786	1.0
1.550187682660853	0.0	1.550187682660853	1.550187682660853	1.0
-2.323758446922192	0.0	-2.323758446922192	2.323758446922192	1.0
-3.496841284562617	0.0	-3.496841284562617	3.496841284562617	1.0
-1.0380654541510042	0.0	-1.0380654541510042	1.0380654541510042	1.0
-1.2695922441598682	0.0	-1.2695922441598682	1.2695922441598682	1.0
1.8061077150316402	0.0	1.8061077150316402	1.8061077150316402	1.0
-0.6098096694585067	0.0	-0.6098096694585067	0.6098096694585067	1.0
-1.4636957549798661	0.0	-1.4636957549798661	1.4636957549798661	1.0
-0.22976610097346942	0.0	-0.22976610097346942	0.22976610097346942	1.0
0.811400808732264	0.0	0.811400808732264	0.811400808732264	1.0
-0.2781146524434558	0.0	-0.2781146524434558	0.2781146524434558	1.0
0.5470252484731193	0.0	0.5470252484731193	0.5470252484731193	1.0
-0.3968177684319779	0.0	-0.3968177684319779	0.3968177684319779	1.0
1.6934302659156697	0.0	1.6934302659156697	1.6934302659156697	1.0
0.2358596054220363	0.0	0.2358596054220363	0.2358596054220363	1.0
-2.278052754916856	0.0	-2.278052754916856	2.278052754916856	1.0
-0.6499859690625391	0.0	-0.6499859690625391	0.6499859690625391	1.0
1.5364834576093689	0.0	1.5364834576093689	1.5364834576093689	1.0
0.571399821090738	0.0	0.571399821090738	0.571399821090738	1.0
0.9241182297361112	0.0	0.9241182297361112	0.9241182297361112	1.0
-1.6400740667650666	0.0	-1.6400740667650666	1.6400740667650666	1.0
-1.1612796184741994	0.0	-1.1612796184741994	1.1612796184741994	1.0
-1.3893701004912304	0.0	-1.3893701004912304	1.3893701004912304	1.0
3.442159247895411	0.0	3.442159247895411	3.442159247895411	1.0
-0.669771280978896	0.0	-0.669771280978896	0.669771280978896	1.0
1.6881548553990635	0.0	1.6881548553990635	1.6881548553990635	1.0
-1.2674713807592488	0.0	-1.2674713807592488	1.2674713807592488	1.0
0.29168889568222933	0.0	0.29168889568222933	0.29168889568222933	1.0
1.6996357158768238	0.0	1.6996357158768238	1.6996357158768238	1.0
-1.3918480446960684	0.0	-1.3918480446960684	1.3918480446960684	1.0
1.0384384488834022	0.0	1.0384384488834022	1.0384384488834022	1.0
0.8511692985682731	0.0	0.8511692985682731	0.8511692985682731	1.0
0.8915634209964449	0.0	0.8915634209964449	0.8915634209964449	1.0
0.17022330367454885	0.0	0.17022330367454885	0.17022330367454885	1.0
-2.4432999324966063	0.0	-2.4432999324966063	2.4432999324966063	1.0
0.7833702899048791	0.0	0.7833702899048791	0.7833702899048791	1.0
1.4459278216278042	0.0	1.4459278216278042	1.4459278216278042	1.0
1.9117154178557214	0.0	1.9117154178557214	1.9117154178557214	1.0
0.5890925231237698	0.0	0.5890925231237698	0.5890925231237698	1.0
0.3097257137143593	0.0	0.3097257137143593	0.3097257137143593	1.0
-0.03849136680454744	0.0	-0.03849136680454744	0.03849136680454744	1.0
0.7171841086211761	0.0	0.7171841086211761	0.7171841086211761	1.0
2.3434983825526015	0.0	2.3434983825526015	2.3434983825526015	1.0
-0.9592303562336617	0.0	-0.9592303562336617	0.9592303562336617	1.0
1.3963356575129295	0.0	1.3963356575129295	1.3963356575129295	1.0
-0.8191015193452196	0.0	-0.8191015193452196	0.8191015193452196	1.0
-1.2058287472566134	0.0	-1.2058287472566134	1.2058287472566134	1.0
1.5517409430740903	0.0	1.5517409430740903	1.5517409430740903	1.0
1.9902076555237271	0.0	1.9902076555237271	1.9902076555237271	1.0
3.482833462428536	0.0	3.482833462428536	3.482833462428536	1.0
-0.9485477830782612	0.0	-0.9485477830782612	0.9485477830782612	1.0
0.6500026981679548	0.0	0.6500026981679548	0.6500026981679548	1.0
-0.4289937250756052	0.0	-0.4289937250756052	0.4289937250756052	1.0
3.9554705398760865	0.0	3.9554705398760865	3.9554705398760865	1.0
-1.2587488283193513	0.0	-1.2587488283193513	1.2587488283193513	1.0
0.429038398270407	0.0	0.429038398270407	0.429038398270407	1.0
-1.6172226764508264	0.0	-1.6172226764508264	1.6172226764508264	1.0
-1.2394968209869068	0.0	-1.2394968209869068	1.2394968209869068	1.0
0.5773030879986306	0.0	0.5773030879986306	0.5773030879986306	1.0
0.5309721692012292	0.0	0.5309721692012292	0.5309721692012292	1.0
2.212140796194504	0.0	2.212140796194504	2.212140796194504	1.0
0.24301325863468776	0.0	0.24301325863468776	0.24301325863468776	1.0
-3.341622290501041	0.0	-3.341622290501041	3.341622290501041	1.0
-1.0365263362054757	0.0	-1.0365263362054757	1.0365263362054757	1.0
2.8808546852756174	0.0	2.8808546852756174	2.8808546852756174	1.0
-0.4973096669254795	0.0	-0.4973096669254795	0.4973096669254795	1.0
2.0065890764068293	0.0	2.0065890764068293	2.0065890764068293	1.0
-0.2591354773348461	0.0	-0.2591354773348461	0.2591354773348461	1.0
3.3407901562043962	0.0	3.3407901562043962	3.3407901562043962	1.0
-1.6996479659380928	0.0	-1.6996479659380928	1.6996479659380928	1.0
0.6302364806370349	0.0	0.6302364806370349	0.6302364806370349	1.0
0.48745403173906954	0.0	0.48745403173906954	0.48745403173906954	1.0
1.1108177702296091	0.0	1.1108177702296091	1.1108177702296091	1.0
-0.7142073550967651	0.0	-0.7142073550967651	0.7142073550967651	1.0
-1.287567636046439	0.0	-1.287567636046439	1.287567636046439	1.0
-0.4243540612768548	0.0	-0.4243540612768548	0.4243540612768548	1.0
1.899094626749596	0.0	1.899094626749596	1.899094626749596	1.0
-2.062134604780973	0.0	-2.062134604780973	2.062134604780973	1.0
-0.7440648597835582	0.0	-0.7440648597835582	0.7440648597835582	1.0
-0.08468733642345064	0.0	-0.08468733642345064	0.08468733642345064	1.0
2.3050630647488566	0.0	2.3050630647488566	2.3050630647488566	1.0
-0.5824599967361781	0.0	-0.5824599967361781	0.5824599967361781	1.0
-1.4384666398590262	0.0	-1.4384666398590262	1.4384666398590262	1.0
-2.45835776247975	0.0	-2.45835776247975	2.45835776247975	1.0
-4.304212047017997	0.0	-4.304212047017997	4.304212047017997	1.0
0.38917574312919656	0.0	0.38917574312919656	0.38917574312919656	1.0
0.7869195934929156	0.0	0.7869195934929156	0.7869195934929156	1.0
1.6767709460365647	0.0	1.6767709460365647	1.6767709460365647	1.0
-2.0597060196078267	0.0	-2.0597060196078267	2.0597060196078267	1.0
0.7545674745896419	0.0	0.7545674745896419	0.7545674745896419	1.0
-0.33162323300254815	0.0	-0.33162323300254815	0.33162323300254815	1.0
-0.9741634943636887	0.0	-0.9741634943636887	0.9741634943636887	1.0
-1.704469073994427	0.0	-1.704469073994427	1.704469073994427	1.0
2.342494909754971	0.0	2.342494909754971	2.342494909754971	1.0
-0.623655356977086	0.0	-0.623655356977086	0.623655356977086	1.0
0.32198531418419407	0.0	0.32198531418419407	0.32198531418419407	1.0
-0.6979929805767188	0.0	-0.6979929805767188	0.6979929805767188	1.0
-0.231213689113076	0.0	-0.231213689113076	0.231213689113076	1.0
1.9346321740868446	0.0	1.9346321740868446	1.9346321740868446	1.0
3.1584382856494373	0.0	3.1584382856494373	3.1584382856494373	1.0
0.7448042649391058	0.0	0.7448042649391058	0.7448042649391058	1.0
-0.1613994105578036	0.0	-0.1613994105578036	0.1613994105578036	1.0
-1.4925246830712386	0.0	-1.4925246830712386	1.4925246830712386	1.0
2.289908336285308	0.0	2.289908336285308	2.289908336285308	1.0
-1.1356276891810992	0.0	-1.1356276891810992	1.1356276891810992	1.0
1.2639794850349082	0.0	1.2639794850349082	1.2639794850349082	1.0
-1.3640019611859788	0.0	-1.3640019611859788	1.3640019611859788	1.0
0.8489691963945063	0.0	0.8489691963945063	0.8489691963945063	1.0
0.7012177905263363	0.0	0.7012177905263363	0.7012177905263363	1.0
-0.09588363289731827	0.0	-0.09588363289731827	0.09588363289731827	1.0
1.367832735701865	0.0	1.367832735701865	1.367832735701865	1.0
3.1524746512734594	0.0	3.1524746512734594	3.1524746512734594	1.0
4.6193907510449295	0.0	4.6193907510449295	4.6193907510449295	1.0
-5.070224693093344	0.0	-5.070224693093344	5.070224693093344	1.0
0.2477220659346197	0.0	0.2477220659346197	0.2477220659346197	1.0
2.0992170346267396	0.0	2.0992170346267396	2.0992170346267396	1.0
0.5152744918910834	0.0	0.5152744918910834	0.5152744918910834	1.0
-0.6992856684473807	0.0	-0.6992856684473807	0.6992856684473807	1.0
0.1051662282999396	0.0	0.1051662282999396	0.1051662282999396	1.0
0.9985403809445117	0.0	0.9985403809445117	0.9985403809445117	1.0
0.10967212352594514	0.0	0.10967212352594514	0.10967212352594514	1.0
2.077909255002943	0.0	2.077909255002943	2.077909255002943	1.0
-0.3032818061111955	0.0	-0.3032818061111955	0.3032818061111955	1.0
0.5761493746315474	0.0	0.5761493746315474	0.5761493746315474	1.0
-5.684355518251917	0.0	-5.684355518251917	5.684355518251917	1.0
2.612381607150422	0.0	2.612381607150422	2.612381607150422	1.0
1.458061564114933	0.0	1.458061564114933	1.458061564114933	1.0
-0.1912320576059228	0.0	-0.1912320576059228	0.1912320576059228	1.0
2.804104416617334	0.0	2.804104416617334	2.804104416617334	1.0
-1.7283009627497399	0.0	-1.7283009627497399	1.7283009627497399	1.0
0.02404243386765728	0.0	0.02404243386765728	0.02404243386765728	1.0
2.2635492149937497	0.0	2.2635492149937497	2.2635492149937497	1.0
1.7253025628304743	0.0	1.7253025628304743	1.7253025628304743	1.0
-0.9428780017788461	0.0	-0.9428780017788461	0.9428780017788461	1.0
1.6650139168620819	0.0	1.6650139168620819	1.6650139168620819	1.0
1.3710191413077808	0.0	1.3710191413077808	1.3710191413077808	1.0
0.9048287896963041	0.0	0.9048287896963041	0.9048287896963041	1.0
-4.243931850179722	0.0	-4.243931850179722	4.243931850179722	1.0
-0.8395069576166514	0.0	-0.8395069576166514	0.8395069576166514	1.0
-2.0596247823357428	0.0	-2.0596247823357428	2.0596247823357428	1.0
-0.8483818805403487	0.0	-0.8483818805403487	0.8483818805403487	1.0
0.5822746276560062	0.0	0.5822746276560062	0.5822746276560062	1.0
-0.6142194304044625	0.0	-0.6142194304044625	0.6142194304044625	1.0
-3.6435058516089223	0.0	-3.6435058516089223	3.6435058516089223	1.0
-3.116054863440432	0.0	-3.116054863440432	3.116054863440432	1.0
0.04850142829106227	0.0	0.04850142829106227	0.04850142829106227	1.0
0.2846188323552876	0.0	0.2846188323552876	0.2846188323552876	1.0
1.0434794877226063	0.0	1.0434794877226063	1.0434794877226063	1.0
0.08368134781510304	0.0	0.08368134781510304	0.08368134781510304	1.0
-0.5491513750938574	0.0	-0.5491513750938574	0.5491513750938574	1.0
0.7587470207673213	0.0	0.7587470207673213	0.7587470207673213	1.0
0.1712599069310416	0.0	0.1712599069310416	0.1712599069310416	1.0
4.170199067089161	0.0	4.170199067089161	4.170199067089161	1.0
0.881824420586532	0.0	0.881824420586532	0.881824420586532	1.0
0.7982295701779774	0.0	0.7982295701779774	0.7982295701779774	1.0
-0.9924052971549387	0.0	-0.9924052971549387	0.9924052971549387	1.0
0.25578617308830187	0.0	0.25578617308830187	0.25578617308830187	1.0
-2.825201152254076	0.0	-2.825201152254076	2.825201152254076	1.0
-0.7081174625120225	0.0	-0.7081174625120225	0.7081174625120225	1.0
-0.3899308317032296	0.0	-0.3899308317032296	0.3899308317032296	1.0
1.2048604620501207	0.0	1.2048604620501207	1.2048604620501207	1.0
-0.28107353853112793	0.0	-0.28107353853112793	0.28107353853112793	1.0
-0.37148859090118247	0.0	-0.37148859090118247	0.37148859090118247	1.0
-1.3047454102232519	0.0	-1.3047454102232519	1.3047454102232519	1.0
0.5874149544501129	0.0	0.5874149544501129	0.5874149544501129	1.0
0.14385355128807295	0.0	0.14385355128807295	0.14385355128807295	1.0
-0.17374895136431284	0.0	-0.17374895136431284	0.17374895136431284	1.0
1.5847294582263014	0.0	1.5847294582263014	1.5847294582263014	1.0
-0.39595634260571644	0.0	-0.39595634260571644	0.39595634260571644	1.0
-1.9046100846000864	0.0	-1.9046100846000864	1.9046100846000864	1.0
0.29784422011440476	0.0	0.29784422011440476	0.29784422011440476	1.0
0.39515749411745904	0.0	0.39515749411745904	0.39515749411745904	1.0
1.0126912650798043	0.0	1.0126912650798043	1.0126912650798043	1.0
4.803284853425623	0.0	4.803284853425623	4.803284853425623	1.0
0.7104064690520954	0.0	0.7104064690520954	0.7104064690520954	1.0
-0.14293216146316878	0.0	-0.14293216146316878	0.14293216146316878	1.0
-1.4949995482585547	0.0	-1.4949995482585547	1.4949995482585547	1.0
0.6975119379295336	0.0	0.6975119379295336	0.6975119379295336	1.0
-0.7098168426877058	0.0	-0.7098168426877058	0.7098168426877058	1.0
-0.6016519865488185	0.0	-0.6016519865488185	0.6016519865488185	1.0
-0.6469876384129013	0.0	-0.6469876384129013	0.6469876384129013	1.0
0.5550665415831233	0.0	0.5550665415831233	0.5550665415831233	1.0
-3.5891219930765974	0.0	-3.5891219930765974	3.5891219930765974	1.0
0.6159187726916944	0.0	0.6159187726916944	0.6159187726916944	1.0
0.3594656486692964	0.0	0.3594656486692964	0.3594656486692964	1.0
-0.44340248884382083	0.0	-0.44340248884382083	0.44340248884382083	1.0
-1.148724909350191	0.0	-1.148724909350191	1.148724909350191	1.0
-4.445311448780251	0.0	-4.445311448780251	4.445311448780251	1.0
-2.4764132600405246	0.0	-2.4764132600405246	2.4764132600405246	1.0
0.4728176197008629	0.0	0.4728176197008629	0.4728176197008629	1.0
1.1744420863598195	0.0	1.1744420863598195	1.1744420863598195	1.0
-0.5582663846979137	0.0	-0.5582663846979137	0.5582663846979137	1.0
0.25672370865486305	0.0	0.25672370865486305	0.25672370865486305	1.0
1.5058291440704845	0.0	1.5058291440704845	1.5058291440704845	1.0
-0.6196074093013018	0.0	-0.6196074093013018	0.6196074093013018	1.0
-1.0754515277743115	0.0	-1.0754515277743115	1.0754515277743115	1.0
1.167006922870116	0.0	1.167006922870116	1.167006922870116	1.0
2.184142409011428	0.0	2.184142409011428	2.184142409011428	1.0
-1.499741251365365	0.0	-1.499741251365365	1.499741251365365	1.0
1.342615462817777	0.0	1.342615462817777	1.342615462817777	1.0
-1.0589372028280555	0.0	-1.0589372028280555	1.0589372028280555	1.0
-1.0615544624518334	0.0	-1.0615544624518334	1.0615544624518334	1.0
1.8687964287218994	0.0	1.8687964287218994	1.8687964287218994	1.0
2.258973573731776	0.0	2.258973573731776	2.258973573731776	1.0
-1.456948282539392	0.0	-1.456948282539392	1.456948282539392	1.0
0.6881229886433264	0.0	0.6881229886433264	0.6881229886433264	1.0
-0.1220973552770897	0.0	-0.1220973552770897	0.1220973552770897	1.0
-1.898191437039526	0.0	-1.898191437039526	1.898191437039526	1.0
0.6341717842909341	0.0	0.6341717842909341	0.6341717842909341	1.0
-0.0921103162316724	0.0	-0.0921103162316724	0.0921103162316724	1.0
-0.6774269721293587	0.0	-0.6774269721293587	0.6774269721293587	1.0
-1.2790547120302436	0.0	-1.2790547120302436	1.2790547120302436	1.0
-4.9523596981295235	0.0	-4.9523596981295235	4.9523596981295235	1.0
1.716560362875793	0.0	1.716560362875793	1.716560362875793	1.0
-2.5634691687711895	0.0	-2.5634691687711895	2.5634691687711895	1.0
-0.31214594535498136	0.0	-0.31214594535498136	0.31214594535498136	1.0
0.2814604274641226	0.0	0.2814604274641226	0.2814604274641226	1.0
3.5593352293068916	0.0	3.5593352293068916	3.5593352293068916	1.0
-0.144270383087032	0.0	-0.144270383087032	0.144270383087032	1.0
-4.560759576236911	0.0	-4.560759576236911	4.560759576236911	1.0
0.2655693735844309	0.0	0.2655693735844309	0.2655693735844309	1.0
-1.8822424918514988	0.0	-1.8822424918514988	1.8822424918514988	1.0
-0.30878675490322305	0.0	-0.30878675490322305	0.30878675490322305	1.0
-3.9042378061540273	0.0	-3.9042378061540273	3.9042378061540273	1.0
0.9509999441954655	0.0	0.9509999441954655	0.9509999441954655	1.0
0.0736290569836042	0.0	0.0736290569836042	0.0736290569836042	1.0
-0.08514850664870292	0.0	-0.08514850664870292	0.08514850664870292	1.0
3.7916656437228413	0.0	3.7916656437228413	3.7916656437228413	1.0
4.632837756031478	0.0	4.632837756031478	4.632837756031478	1.0
0.9871007007112456	0.0	0.9871007007112456	0.9871007007112456	1.0
-0.08775020095029032	0.0	-0.08775020095029032	0.08775020095029032	1.0
2.4650884479199746	0.0	2.4650884479199746	2.4650884479199746	1.0
0.5959557429461744	0.0	0.5959557429461744	0.5959557429461744	1.0
0.7095809351954023	0.0	0.7095809351954023	0.7095809351954023	1.0
-0.38308036863049233	0.0	-0.38308036863049233	0.38308036863049233	1.0
0.7733245904623758	0.0	0.7733245904623758	0.7733245904623758	1.0
-0.6310856543843175	0.0	-0.6310856543843175	0.6310856543843175	1.0
-0.3746524526641717	0.0	-0.3746524526641717	0.3746524526641717	1.0
0.7859751117679663	0.0	0.7859751117679663	0.7859751117679663	1.0
-0.6678633758850542	0.0	-0.6678633758850542	0.6678633758850542	1.0
1.5048092869433063	0.0	1.5048092869433063	1.5048092869433063	1.0
-0.9012680538067961	0.0	-0.9012680538067961	0.9012680538067961	1.0
1.6634224387965757	0.0	1.6634224387965757	1.6634224387965757	1.0
-1.1576405948642683	0.0	-1.1576405948642683	1.1576405948642683	1.0
2.8351005186730167	0.0	2.8351005186730167	2.8351005186730167	1.0
1.451409379545827	0.0	1.451409379545827	1.451409379545827	1.0
-1.3084494247343876	0.0	-1.3084494247343876	1.3084494247343876	1.0
0.04788294239873438	0.0	0.04788294239873438	0.04788294239873438	1.0
-1.642051607995345	0.0	-1.642051607995345	1.642051607995345	1.0
-1.170709108994312	0.0	-1.170709108994312	1.170709108994312	1.0
1.1995868742222604	0.0	1.1995868742222604	1.1995868742222604	1.0
-0.49448544933900845	0.0	-0.49448544933900845	0.49448544933900845	1.0
-1.0546711697453872	0.0	-1.0546711697453872	1.0546711697453872	1.0
-1.3815542104786283	0.0	-1.3815542104786283	1.3815542104786283	1.0
-0.7844854524057707	0.0	-0.7844854524057707	0.7844854524057707	1.0
-0.25996068686043283	0.0	-0.25996068686043283	0.25996068686043283	1.0
-1.5815364666849976	0.0	-1.5815364666849976	1.5815364666849976	1.0
3.2741754203402316	0.0	3.2741754203402316	3.2741754203402316	1.0
-0.6679490043268128	0.0	-0.6679490043268128	0.6679490043268128	1.0
0.4861241964704671	0.0	0.4861241964704671	0.4861241964704671	1.0
0.27755339989683747	0.0	0.27755339989683747	0.27755339989683747	1.0
-0.604195906786819	0.0	-0.604195906786819	0.604195906786819	1.0
-1.0808728854706637	0.0	-1.0808728854706637	1.0808728854706637	1.0
1.1376747956810542	0.0	1.1376747956810542	1.1376747956810542	1.0
-2.239233719064162	0.0	-2.239233719064162	2.239233719064162	1.0
-0.7987998110159958	0.0	-0.7987998110159958	0.7987998110159958	1.0
-1.0299239724180678	0.0	-1.0299239724180678	1.0299239724180678	1.0
0.9807787975430025	0.0	0.9807787975430025	0.9807787975430025	1.0
1.6169414762555698	0.0	1.6169414762555698	1.6169414762555698	1.0
-0.4137670260616692	0.0	-0.4137670260616692	0.4137670260616692	1.0
0.48794375626150144	0.0	0.48794375626150144	0.48794375626150144	1.0
1.3497112575972041	0.0	1.3497112575972041	1.3497112575972041	1.0
0.4105022265771	0.0	0.4105022265771	0.4105022265771	1.0
0.5377910846798457	0.0	0.5377910846798457	0.5377910846798457	1.0
-2.6213685132224738	0.0	-2.6213685132224738	2.6213685132224738	1.0
0.8726657239928262	0.0	0.8726657239928262	0.8726657239928262	1.0
1.63389133307734	0.0	1.63389133307734	1.63389133307734	1.0
0.7222102574569977	0.0	0.7222102574569977	0.7222102574569977	1.0
2.4893326574983354	0.0	2.4893326574983354	2.4893326574983354	1.0
-4.561263958802115	0.0	-4.561263958802115	4.561263958802115	1.0
0.6825183268678199	0.0	0.6825183268678199	0.6825183268678199	1.0
1.8957155898728697	0.0	1.8957155898728697	1.8957155898728697	1.0
-1.3939386449074909	0.0	-1.3939386449074909	1.3939386449074909	1.0
0.15368065780890794	0.0	0.15368065780890794	0.15368065780890794	1.0
-1.3917385184146496	0.0	-1.3917385184146496	1.3917385184146496	1.0
-0.24260878319684875	0.0	-0.24260878319684875	0.24260878319684875	1.0
-1.6048768251678793	0.0	-1.6048768251678793	1.6048768251678793	1.0
-0.8525527787463136	0.0	-0.8525527787463136	0.8525527787463136	1.0
0.7476717290177529	0.0	0.7476717290177529	0.7476717290177529	1.0
-0.2210827763784968	0.0	-0.2210827763784968	0.2210827763784968	1.0
-3.035501477647177	0.0	-3.035501477647177	3.035501477647177	1.0
3.604709903720952	0.0	3.604709903720952	3.604709903720952	1.0
5.689371582933069	0.0	5.689371582933069	5.689371582933069	1.0
1.010873219969634	0.0	1.010873219969634	1.010873219969634	1.0
-0.7837722809065488	0.0	-0.7837722809065488	0.7837722809065488	1.0
0.1190541902509932	0.0	0.1190541902509932	0.1190541902509932	1.0
0.34653433271999445	0.0	0.34653433271999445	0.34653433271999445	1.0
-0.9520361068201608	0.0	-0.9520361068201608	0.9520361068201608	1.0
1.2198065018299604	0.0	1.2198065018299604	1.2198065018299604	1.0
-0.948865895022742	0.0	-0.948865895022742	0.948865895022742	1.0
-1.5739528030289864	0.0	-1.5739528030289864	1.5739528030289864	1.0
1.5926021188133084	0.0	1.5926021188133084	1.5926021188133084	1.0
-1.2026599593604588	0.0	-1.2026599593604588	1.2026599593604588	1.0
-1.7398549364285678	0.0	-1.7398549364285678	1.7398549364285678	1.0
-2.2022397242051452	0.0	-2.2022397242051452	2.2022397242051452	1.0
0.5402209642674157	0.0	0.5402209642674157	0.5402209642674157	1.0
0.9010098905331658	0.0	0.9010098905331658	0.9010098905331658	1.0
-1.6206097084113866	0.0	-1.6206097084113866	1.6206097084113866	1.0
1.9928092785156386	0.0	1.9928092785156386	1.9928092785156386	1.0
0.14051980282660406	0.0	0.14051980282660406	0.14051980282660406	1.0
-0.12475780175179037	0.0	-0.12475780175179037	0.12475780175179037	1.0
1.7259300341304464	0.0	1.7259300341304464	1.7259300341304464	1.0
0.46884547067995536	0.0	0.46884547067995536	0.46884547067995536	1.0
-0.33487815237851054	0.0	-0.33487815237851054	0.33487815237851054	1.0
0.33711780160860805	0.0	0.33711780160860805	0.33711780160860805	1.0
1.42150121579282	0.0	1.42150121579282	1.42150121579282	1.0
-0.5048036694728115	0.0	-0.5048036694728115	0.5048036694728115	1.0
-1.5443151900839005	0.0	-1.5443151900839005	1.5443151900839005	1.0
-2.0851852232226022	0.0	-2.0851852232226022	2.0851852232226022	1.0
0.44334726716992623	0.0	0.44334726716992623	0.44334726716992623	1.0
-0.5944782709355907	0.0	-0.5944782709355907	0.5944782709355907	1.0
-0.10992725985822151	0.0	-0.10992725985822151	0.10992725985822151	1.0
5.287079529808233	0.0	5.287079529808233	5.287079529808233	1.0
3.0592375759413764	0.0	3.0592375759413764	3.0592375759413764	1.0
-3.343736024938479	0.0	-3.343736024938479	3.343736024938479	1.0
0.40825046001497983	0.0	0.40825046001497983	0.40825046001497983	1.0
0.48250976284338615	0.0	0.48250976284338615	0.48250976284338615	1.0
-1.4334370332597448	0.0	-1.4334370332597448	1.4334370332597448	1.0
-0.6113878122597113	0.0	-0.6113878122597113	0.6113878122597113	1.0
0.0853130578863345	0.0	0.0853130578863345	0.0853130578863345	1.0
2.092854154921935	0.0	2.092854154921935	2.092854154921935	1.0
-1.5146408170693388	0.0	-1.5146408170693388	1.5146408170693388	1.0
-3.5150418914055632	0.0	-3.5150418914055632	3.5150418914055632	1.0
2.551448647034862	0.0	2.551448647034862	2.551448647034862	1.0
-2.1532688558441135	0.0	-2.1532688558441135	2.1532688558441135	1.0
0.2572900019674433	0.0	0.2572900019674433	0.2572900019674433	1.0
0.5200387855235419	0.0	0.5200387855235419	0.5200387855235419	1.0
1.4021684752921715	0.0	1.4021684752921715	1.4021684752921715	1.0
-1.6375761690505992	0.0	-1.6375761690505992	1.6375761690505992	1.0
2.27280196833036	0.0	2.27280196833036	2.27280196833036	1.0
-0.5340279038927384	0.0	-0.5340279038927384	0.5340279038927384	1.0
-0.7770368300793246	0.0	-0.7770368300793246	0.7770368300793246	1.0
-1.4602720780413716	0.0	-1.4602720780413716	1.4602720780413716	1.0
-0.7055296935884966	0.0	-0.7055296935884966	0.7055296935884966	1.0
1.2319521841896952	0.0	1.2319521841896952	1.2319521841896952	1.0
3.4232122865166765	0.0	3.4232122865166765	3.4232122865166765	1.0
0.6261884262655387	0.0	0.6261884262655387	0.6261884262655387	1.0
-2.3864699264461375	0.0	-2.3864699264461375	2.3864699264461375	1.0
-1.7022532279084213	0.0	-1.7022532279084213	1.7022532279084213	1.0
-2.9073155071949914	0.0	-2.9073155071949914	2.9073155071949914	1.0
-0.07395530475377868	0.0	-0.07395530475377868	0.07395530475377868	1.0
-2.592997176553124	0.0	-2.592997176553124	2.592997176553124	1.0
0.6486453801540907	0.0	0.6486453801540907	0.6486453801540907	1.0
0.9639345407812283	0.0	0.9639345407812283	0.9639345407812283	1.0
0.6102663134255211	0.0	0.6102663134255211	0.6102663134255211	1.0
-0.35644248627804964	0.0	-0.35644248627804964	0.35644248627804964	1.0
-0.9333881323381817	0.0	-0.9333881323381817	0.9333881323381817	1.0
0.10855173565539636	0.0	0.10855173565539636	0.10855173565539636	1.0
-0.7220190390454349	0.0	-0.7220190390454349	0.7220190390454349	1.0
-1.365141027377389	0.0	-1.365141027377389	1.365141027377389	1.0
0.37967700995828857	0.0	0.37967700995828857	0.37967700995828857	1.0
0.004944522776558526	0.0	0.004944522776558526	0.004944522776558526	1.0
2.5821287547649305	0.0	2.5821287547649305	2.5821287547649305	1.0
0.4619593941566652	0.0	0.4619593941566652	0.4619593941566652	1.0
-0.48825008192310704	0.0	-0.48825008192310704	0.48825008192310704	1.0
1.1971051844286258	0.0	1.1971051844286258	1.1971051844286258	1.0
-0.751061278036578	0.0	-0.751061278036578	0.751061278036578	1.0
1.1155560440520693	0.0	1.1155560440520693	1.1155560440520693	1.0
-3.1743185029188643	0.0	-3.1743185029188643	3.1743185029188643	1.0
1.6272624344848245	0.0	1.6272624344848245	1.6272624344848245	1.0
1.0034312119771551	0.0	1.0034312119771551	1.0034312119771551	1.0
-0.9416007196781252	0.0	-0.9416007196781252	0.9416007196781252	1.0
-0.33464737110552906	0.0	-0.33464737110552906	0.33464737110552906	1.0
0.41815541465005784	0.0	0.41815541465005784	0.41815541465005784	1.0
-0.5566274228934476	0.0	-0.5566274228934476	0.5566274228934476	1.0
1.776618571262016	0.0	1.776618571262016	1.776618571262016	1.0
0.3017959861261297	0.0	0.3017959861261297	0.3017959861261297	1.0
-0.9622667522048716	0.0	-0.9622667522048716	0.9622667522048716	1.0
-1.9900118156577977	0.0	-1.9900118156577977	1.9900118156577977	1.0
1.0733185288996665	0.0	1.0733185288996665	1.0733185288996665	1.0
0.2668510547889704	0.0	0.2668510547889704	0.2668510547889704	1.0
-0.6770015906550961	0.0	-0.6770015906550961	0.6770015906550961	1.0
4.423306790810463	0.0	4.423306790810463	4.423306790810463	1.0
0.7286589280997307	0.0	0.7286589280997307	0.7286589280997307	1.0
-0.10088875325117759	0.0	-0.10088875325117759	0.10088875325117759	1.0
-0.20421928182048055	0.0	-0.20421928182048055	0.20421928182048055	1.0
-0.14913605794980628	0.0	-0.14913605794980628	0.14913605794980628	1.0
-0.4948187092034471	0.0	-0.4948187092034471	0.4948187092034471	1.0
-1.0221308338398356	0.0	-1.0221308338398356	1.0221308338398356	1.0
-3.3478070228094365	0.0	-3.3478070228094365	3.3478070228094365	1.0
-2.3944930613661213	0.0	-2.3944930613661213	2.3944930613661213	1.0
-2.1997907990334196	0.0	-2.1997907990334196	2.1997907990334196	1.0
-1.7251766832009734	0.0	-1.7251766832009734	1.7251766832009734	1.0
0.32286901119965317	0.0	0.32286901119965317	0.32286901119965317	1.0
-0.4968350996022456	0.0	-0.4968350996022456	0.4968350996022456	1.0
-1.5618155112184935	0.0	-1.5618155112184935	1.5618155112184935	1.0
1.5559658290614917	0.0	1.5559658290614917	1.5559658290614917	1.0
0.9814732694449111	0.0	0.9814732694449111	0.9814732694449111	1.0
2.9156767231589935	0.0	2.9156767231589935	2.9156767231589935	1.0
-2.5744188060123907	0.0	-2.5744188060123907	2.5744188060123907	1.0
-0.18162105854073946	0.0	-0.18162105854073946	0.18162105854073946	1.0
0.19906911047572898	0.0	0.19906911047572898	0.19906911047572898	1.0
-1.3927587389947707	0.0	-1.3927587389947707	1.3927587389947707	1.0
0.31117180841820247	0.0	0.31117180841820247	0.31117180841820247	1.0
-1.0026893324258492	0.0	-1.0026893324258492	1.0026893324258492	1.0
-0.25464610620898137	0.0	-0.25464610620898137	0.25464610620898137	1.0
-0.967816965960782	0.0	-0.967816965960782	0.967816965960782	1.0
1.9733693154496925	0.0	1.9733693154496925	1.9733693154496925	1.0
1.1965287367067776	0.0	1.1965287367067776	1.1965287367067776	1.0
3.269972329220578	0.0	3.269972329220578	3.269972329220578	1.0
-1.6638230323262566	0.0	-1.6638230323262566	1.6638230323262566	1.0
-0.8622325777145238	0.0	-0.8622325777145238	0.8622325777145238	1.0
-3.202211595999291	0.0	-3.202211595999291	3.202211595999291	1.0
-1.591335903931945	0.0	-1.591335903931945	1.591335903931945	1.0
1.4468308597399442	0.0	1.4468308597399442	1.4468308597399442	1.0
0.6681569572364934	0.0	0.6681569572364934	0.6681569572364934	1.0
-0.19249741731154205	0.0	-0.19249741731154205	0.19249741731154205	1.0
-0.14314094712966116	0.0	-0.14314094712966116	0.14314094712966116	1.0
-0.7919884459491218	0.0	-0.7919884459491218	0.7919884459491218	1.0
1.6788863742910205	0.0	1.6788863742910205	1.6788863742910205	1.0
0.24195996153631463	0.0	0.24195996153631463	0.24195996153631463	1.0
0.3436414042874621	0.0	0.3436414042874621	0.3436414042874621	1.0
-2.1489577955871524	0.0	-2.1489577955871524	2.1489577955871524	1.0
0.6955331662674171	0.0	0.6955331662674171	0.6955331662674171	1.0
-2.2864352045602674	0.0	-2.2864352045602674	2.2864352045602674	1.0
-0.4931338742606253	0.0	-0.4931338742606253	0.4931338742606253	1.0
-0.28918046251303114	0.0	-0.28918046251303114	0.28918046251303114	1.0
-0.4731332218016564	0.0	-0.4731332218016564	0.4731332218016564	1.0
3.3742558745372704	0.0	3.3742558745372704	3.3742558745372704	1.0
0.6051082338468472	0.0	0.6051082338468472	0.6051082338468472	1.0
-1.587904956168103	0.0	-1.587904956168103	1.587904956168103	1.0
0.08952606885978084	0.0	0.08952606885978084	0.08952606885978084	1.0
-2.1017721744564364	0.0	-2.1017721744564364	2.1017721744564364	1.0
-0.13216491311045322	0.0	-0.13216491311045322	0.13216491311045322	1.0
-0.5824403663652188	0.0	-0.5824403663652188	0.5824403663652188	1.0
3.6949987771912536	0.0	3.6949987771912536	3.6949987771912536	1.0
-0.7496563797431595	0.0	-0.7496563797431595	0.7496563797431595	1.0
0.6460436214065798	0.0	0.6460436214065798	0.6460436214065798	1.0
1.9168586397746847	0.0	1.9168586397746847	1.9168586397746847	1.0
0.806669059169485	0.0	0.806669059169485	0.806669059169485	1.0
-0.6940866098346993	0.0	-0.6940866098346993	0.6940866098346993	1.0
-0.4337352043157221	0.0	-0.4337352043157221	0.4337352043157221	1.0
-0.03302109214596686	0.0	-0.03302109214596686	0.03302109214596686	1.0
-1.4017018665308276	0.0	-1.4017018665308276	1.4017018665308276	1.0
3.892658425492688	0.0	3.892658425492688	3.892658425492688	1.0
0.03835339705189542	0.0	0.03835339705189542	0.03835339705189542	1.0
0.16926537862294386	0.0	0.16926537862294386	0.16926537862294386	1.0
-2.697141720914124	0.0	-2.697141720914124	2.697141720914124	1.0
-1.9053085945380508	0.0	-1.9053085945380508	1.9053085945380508	1.0
-0.5389010155537431	0.0	-0.5389010155537431	0.5389010155537431	1.0
-0.6000003455004363	0.0	-0.6000003455004363	0.6000003455004363	1.0
-1.5960442895636033	0.0	-1.5960442895636033	1.5960442895636033	1.0
-2.0756199118220184	0.0	-2.0756199118220184	2.0756199118220184	1.0
-1.7315386860659003	0.0	-1.7315386860659003	1.7315386860659003	1.0
-0.33057184493041536	0.0	-0.33057184493041536	0.33057184493041536	1.0
-0.25292832117328057	0.0	-0.25292832117328057	0.25292832117328057	1.0
-1.417351846849282	0.0	-1.417351846849282	1.417351846849282	1.0
-1.7013248981849092	0.0	-1.7013248981849092	1.7013248981849092	1.0
0.3781560016071985	0.0	0.3781560016071985	0.3781560016071985	1.0
-0.7773684964358042	0.0	-0.7773684964358042	0.7773684964358042	1.0
-0.5672796287756332	0.0	-0.5672796287756332	0.5672796287756332	1.0
-0.09116576695524879	0.0	-0.09116576695524879	0.09116576695524879	1.0
0.4075854805681325	0.0	0.4075854805681325	0.4075854805681325	1.0
0.6225467081718222	0.0	0.6225467081718222	0.6225467081718222	1.0
-1.5743152273243126	0.0	-1.5743152273243126	1.5743152273243126	1.0
1.4397739140804031	0.0	1.4397739140804031	1.4397739140804031	1.0
1.1349276689671428	0.0	1.1349276689671428	1.1349276689671428	1.0
0.23771067106052873	0.0	0.23771067106052873	0.23771067106052873	1.0
-1.5974573764277498	0.0	-1.5974573764277498	1.5974573764277498	1.0
1.608044105240416	0.0	1.608044105240416	1.608044105240416	1.0
-0.851505267886195	0.0	-0.851505267886195	0.851505267886195	1.0
0.8747749187656999	0.0	0.8747749187656999	0.8747749187656999	1.0
4.12765057236974	0.0	4.12765057236974	4.12765057236974	1.0
-1.4607390566762517	0.0	-1.4607390566762517	1.4607390566762517	1.0
-2.707084489572979	0.0	-2.707084489572979	2.707084489572979	1.0
0.18299248590661576	0.0	0.18299248590661576	0.18299248590661576	1.0
-0.3127047817191958	0.0	-0.3127047817191958	0.3127047817191958	1.0
0.9535742382453758	0.0	0.9535742382453758	0.9535742382453758	1.0
-1.6079260993965852	0.0	-1.6079260993965852	1.6079260993965852	1.0
-1.059414599964892	0.0	-1.059414599964892	1.059414599964892	1.0
0.574588754167338	0.0	0.574588754167338	0.574588754167338	1.0
-3.2133354311981575	0.0	-3.2133354311981575	3.2133354311981575	1.0
2.360820279180473	0.0	2.360820279180473	2.360820279180473	1.0
-0.36485261561678	0.0	-0.36485261561678	0.36485261561678	1.0
1.1198211439031822	0.0	1.1198211439031822	1.1198211439031822	1.0
-0.4010052743356276	0.0	-0.4010052743356276	0.4010052743356276	1.0
-0.3845306309615072	0.0	-0.3845306309615072	0.3845306309615072	1.0
0.6344608299910358	0.0	0.6344608299910358	0.6344608299910358	1.0
-2.9004923948654264	0.0	-2.9004923948654264	2.9004923948654264	1.0
-2.295573641500285	0.0	-2.295573641500285	2.295573641500285	1.0
1.9106417547258587	0.0	1.9106417547258587	1.9106417547258587	1.0
1.0370726860964192	0.0	1.0370726860964192	1.0370726860964192	1.0
0.8458341148241288	0.0	0.8458341148241288	0.8458341148241288	1.0
2.0155247103741347	0.0	2.0155247103741347	2.0155247103741347	1.0
-0.8344710502511665	0.0	-0.8344710502511665	0.8344710502511665	1.0
4.132249830686993	0.0	4.132249830686993	4.132249830686993	1.0
-0.1542793750788021	0.0	-0.1542793750788021	0.1542793750788021	1.0
2.382553858239833	0.0	2.382553858239833	2.382553858239833	1.0
1.7534761361791282	0.0	1.7534761361791282	1.7534761361791282	1.0
2.161499220782236	0.0	2.161499220782236	2.161499220782236	1.0
1.8043328340379814	0.0	1.8043328340379814	1.8043328340379814	1.0
1.8128194001261622	0.0	1.8128194001261622	1.8128194001261622	1.0
-4.024659706490723	0.0	-4.024659706490723	4.024659706490723	1.0
-1.1191087317641157	0.0	-1.1191087317641157	1.1191087317641157	1.0
0.8776018513388115	0.0	0.8776018513388115	0.8776018513388115	1.0
0.16998349301292376	0.0	0.16998349301292376	0.16998349301292376	1.0
0.39513824494005023	0.0	0.39513824494005023	0.39513824494005023	1.0
-1.217939786810332	0.0	-1.217939786810332	1.217939786810332	1.0
-0.8945229960847288	0.0	-0.8945229960847288	0.8945229960847288	1.0
0.25368093507642725	0.0	0.25368093507642725	0.25368093507642725	1.0
-1.0380722547074837	0.0	-1.0380722547074837	1.0380722547074837	1.0
-0.06567926204070816	0.0	-0.06567926204070816	0.06567926204070816	1.0
0.12072416545391765	0.0	0.12072416545391765	0.12072416545391765	1.0
1.023386822729876	0.0	1.023386822729876	1.023386822729876	1.0
0.43690117804671097	0.0	0.43690117804671097	0.43690117804671097	1.0
1.4872663940561388	0.0	1.4872663940561388	1.4872663940561388	1.0
-0.010199365616228535	0.0	-0.010199365616228535	0.010199365616228535	1.0
0.16962774155846402	0.0	0.16962774155846402	0.16962774155846402	1.0
-0.6715995628422171	0.0	-0.6715995628422171	0.6715995628422171	1.0
0.39869560949394084	0.0	0.39869560949394084	0.39869560949394084	1.0
0.4482888559282511	0.0	0.4482888559282511	0.4482888559282511	1.0
1.186005859604689	0.0	1.186005859604689	1.186005859604689	1.0
2.772803179273766	0.0	2.772803179273766	2.772803179273766	1.0
-0.2709948424471317	0.0	-0.2709948424471317	0.2709948424471317	1.0
-1.51287172905482	0.0	-1.51287172905482	1.51287172905482	1.0
0.628066096795167	0.0	0.628066096795167	0.628066096795167	1.0
-0.2045012752057385	0.0	-0.2045012752057385	0.2045012752057385	1.0
-0.8985257618663454	0.0	-0.8985257618663454	0.8985257618663454	1.0
-0.7835681570309717	0.0	-0.7835681570309717	0.7835681570309717	1.0
-0.9079720278298118	0.0	-0.9079720278298118	0.9079720278298118	1.0
0.3920147717847696	0.0	0.3920147717847696	0.3920147717847696	1.0
1.7177606852715712	0.0	1.7177606852715712	1.7177606852715712	1.0
-0.04456515810902811	0.0	-0.04456515810902811	0.04456515810902811	1.0
0.7429002533422845	0.0	0.7429002533422845	0.7429002533422845	1.0
-1.092065196826549	0.0	-1.092065196826549	1.092065196826549	1.0
-0.3729323000541329	0.0	-0.3729323000541329	0.3729323000541329	1.0
-0.516184786008309	0.0	-0.516184786008309	0.516184786008309	1.0
0.29949604338873326	0.0	0.29949604338873326	0.29949604338873326	1.0
0.03962686707953217	0.0	0.03962686707953217	0.03962686707953217	1.0
-1.4944258889701358	0.0	-1.4944258889701358	1.4944258889701358	1.0
2.8334559785551083	0.0	2.8334559785551083	2.8334559785551083	1.0
-0.7651985380081635	0.0	-0.7651985380081635	0.7651985380081635	1.0
1.1638215229212694	0.0	1.1638215229212694	1.1638215229212694	1.0
1.1135539850388336	0.0	1.1135539850388336	1.1135539850388336	1.0
1.942829615547316	0.0	1.942829615547316	1.942829615547316	1.0
-2.147165468231136	0.0	-2.147165468231136	2.147165468231136	1.0
1.3633302776886107	0.0	1.3633302776886107	1.3633302776886107	1.0
-2.8044627548173326	0.0	-2.8044627548173326	2.8044627548173326	1.0
-0.1690642419274679	0.0	-0.1690642419274679	0.1690642419274679	1.0
3.3936991780494363	0.0	3.3936991780494363	3.3936991780494363	1.0
-0.6182677789619364	0.0	-0.6182677789619364	0.6182677789619364	1.0
0.0908268941281969	0.0	0.0908268941281969	0.0908268941281969	1.0
1.0023148953632461	0.0	1.0023148953632461	1.0023148953632461	1.0
0.7278651781181668	0.0	0.7278651781181668	0.7278651781181668	1.0
-0.9107776715487084	0.0	-0.9107776715487084	0.9107776715487084	1.0
-0.9213583733811713	0.0	-0.9213583733811713	0.9213583733811713	1.0
0.5742212897872773	0.0	0.5742212897872773	0.5742212897872773	1.0
1.786810380721319	0.0	1.786810380721319	1.786810380721319	1.0
-1.1418774940772696	0.0	-1.1418774940772696	1.1418774940772696	1.0
-0.4011892948880099	0.0	-0.4011892948880099	0.4011892948880099	1.0
-2.5443264332764643	0.0	-2.5443264332764643	2.5443264332764643	1.0
0.16799310475864915	0.0	0.16799310475864915	0.16799310475864915	1.0
0.9517203486401884	0.0	0.9517203486401884	0.9517203486401884	1.0
0.3832306250226076	0.0	0.3832306250226076	0.3832306250226076	1.0
-2.30169140883618	0.0	-2.30169140883618	2.30169140883618	1.0
0.36049263911277984	0.0	0.36049263911277984	0.36049263911277984	1.0
-0.15493796596098677	0.0	-0.15493796596098677	0.15493796596098677	1.0
0.19023581757685654	0.0	0.19023581757685654	0.19023581757685654	1.0
0.6812798994555141	0.0	0.6812798994555141	0.6812798994555141	1.0
-0.48313605116371017	0.0	-0.48313605116371017	0.48313605116371017	1.0
-1.0066555509737556	0.0	-1.0066555509737556	1.0066555509737556	1.0
1.5457740830170397	0.0	1.5457740830170397	1.5457740830170397	1.0
-0.30452854766557874	0.0	-0.30452854766557874	0.30452854766557874	1.0
-0.35675528995804506	0.0	-0.35675528995804506	0.35675528995804506	1.0
-2.2013687281176386	0.0	-2.2013687281176386	2.2013687281176386	1.0
1.4576686448533764	0.0	1.4576686448533764	1.4576686448533764	1.0
-0.6382967958462574	0.0	-0.6382967958462574	0.6382967958462574	1.0
-0.2755289674844234	0.0	-0.2755289674844234	0.2755289674844234	1.0
-0.7490497859065883	0.0	-0.7490497859065883	0.7490497859065883	1.0
0.8482581212537066	0.0	0.8482581212537066	0.8482581212537066	1.0
-1.1329107323902563	0.0	-1.1329107323902563	1.1329107323902563	1.0
0.49388141615454895	0.0	0.49388141615454895	0.49388141615454895	1.0
-1.4997706154023696	0.0	-1.4997706154023696	1.4997706154023696	1.0
-0.013341159252065474	0.0	-0.013341159252065474	0.013341159252065474	1.0
-1.332427216040215	0.0	-1.332427216040215	1.332427216040215	1.0
0.37667070514738943	0.0	0.37667070514738943	0.37667070514738943	1.0
1.486132059323561	0.0	1.486132059323561	1.486132059323561	1.0
1.8630613918220646	0.0	1.8630613918220646	1.8630613918220646	1.0
-2.8446722552300274	0.0	-2.8446722552300274	2.8446722552300274	1.0
2.0031013860533227	0.0	2.0031013860533227	2.0031013860533227	1.0
2.6838304128690535	0.0	2.6838304128690535	2.6838304128690535	1.0
1.0220223900597674	0.0	1.0220223900597674	1.0220223900597674	1.0
4.959036908448057	0.0	4.959036908448057	4.959036908448057	1.0
-0.24217868559566283	0.0	-0.24217868559566283	0.24217868559566283	1.0
0.054039358899555086	0.0	0.054039358899555086	0.054039358899555086	1.0
-0.8269510896243716	0.0	-0.8269510896243716	0.8269510896243716	1.0
-1.7017412037427115	0.0	-1.7017412037427115	1.7017412037427115	1.0
-1.3188117839940292	0.0	-1.3188117839940292	1.3188117839940292	1.0
-1.447423355276774	0.0	-1.447423355276774	1.447423355276774	1.0
-0.4513571760393855	0.0	-0.4513571760393855	0.4513571760393855	1.0
3.3384231206546695	0.0	3.3384231206546695	3.3384231206546695	1.0
-2.8111008715675605	0.0	-2.8111008715675605	2.8111008715675605	1.0
-1.6685932350518793	0.0	-1.6685932350518793	1.6685932350518793	1.0
0.5969783826085867	0.0	0.5969783826085867	0.5969783826085867	1.0
-0.44696946206538635	0.0	-0.44696946206538635	0.44696946206538635	1.0
-1.8976762138824244	0.0	-1.8976762138824244	1.8976762138824244	1.0
-2.4594738963056293	0.0	-2.4594738963056293	2.4594738963056293	1.0
-0.5241293900915907	0.0	-0.5241293900915907	0.5241293900915907	1.0
-0.40887661625327043	0.0	-0.40887661625327043	0.40887661625327043	1.0
0.940137255908698	0.0	0.940137255908698	0.940137255908698	1.0
-0.10083660401110961	0.0	-0.10083660401110961	0.10083660401110961	1.0
1.1106097835133155	0.0	1.1106097835133155	1.1106097835133155	1.0
1.6042152006882233	0.0	1.6042152006882233	1.6042152006882233	1.0
-0.18492622363945233	0.0	-0.18492622363945233	0.18492622363945233	1.0
-2.333830560895878	0.0	-2.333830560895878	2.333830560895878	1.0
0.47203824876665523	0.0	0.47203824876665523	0.47203824876665523	1.0
-1.1253471970553877	0.0	-1.1253471970553877	1.1253471970553877	1.0
0.3511527222327131	0.0	0.3511527222327131	0.3511527222327131	1.0
-1.2013162864979887	0.0	-1.2013162864979887	1.2013162864979887	1.0
-0.6440353720741099	0.0	-0.6440353720741099	0.6440353720741099	1.0
1.5045391062612432	0.0	1.5045391062612432	1.5045391062612432	1.0
-1.7022994745572992	0.0	-1.7022994745572992	1.7022994745572992	1.0
-2.1108774820650056	0.0	-2.1108774820650056	2.1108774820650056	1.0
0.4051699996961502	0.0	0.4051699996961502	0.4051699996961502	1.0
0.10890822102238212	0.0	0.10890822102238212	0.10890822102238212	1.0
-0.16083332917008486	0.0	-0.16083332917008486	0.16083332917008486	1.0
1.3920038947250606	0.0	1.3920038947250606	1.3920038947250606	1.0
2.5307186846427108	0.0	2.5307186846427108	2.5307186846427108	1.0
1.559879785075861	0.0	1.559879785075861	1.559879785075861	1.0
-1.0760469311524292	0.0	-1.0760469311524292	1.0760469311524292	1.0
-0.5783999832941227	0.0	-0.5783999832941227	0.5783999832941227	1.0
-0.6754021731173623	0.0	-0.6754021731173623	0.6754021731173623	1.0
-0.801206253149942	0.0	-0.801206253149942	0.801206253149942	1.0
-1.1463477212587194	0.0	-1.1463477212587194	1.1463477212587194	1.0
-0.45730589199184773	0.0	-0.45730589199184773	0.45730589199184773	1.0
-1.260159555628316	0.0	-1.260159555628316	1.260159555628316	1.0
0.2896883862532144	0.0	0.2896883862532144	0.2896883862532144	1.0
