      Step          Pe(mixed)          E_total                Temp             Ke          paolo(te)       paolo(pe)
         0   -31397.4953416500   -31397.4953416500        0.0000000000   0.0000000000   -.31398295E+05 -.31398396E+05
         1   -31397.5960651681   -31397.4958798044        0.7176552805   0.1001853637   -.31398295E+05 -.31398699E+05
         2   -31397.9029416495   -31397.4871941585        2.9781134820   0.4157474910   -.31398295E+05 -.31399207E+05
         3   -31398.4187158578   -31397.4815173461        6.7134103841   0.9371985117   -.31398297E+05 -.31399913E+05
         4   -31399.1342028619   -31397.4748010041       11.8867513390   1.6594018578   -.31398299E+05 -.31400800E+05
         5   -31400.0299175305   -31397.4693498791       18.3420494661   2.5605676515   -.31398300E+05 -.31401846E+05
         6   -31401.0830838440   -31397.4678882013       25.8966394696   3.6151956427   -.31398300E+05 -.31403032E+05
         7   -31402.2750351386   -31397.4738203032       34.3924207426   4.8012148355   -.31398301E+05 -.31404346E+05
         8   -31403.5937668687   -31397.4879196370       43.7378609745   6.1058472317   -.31398303E+05 -.31405773E+05
         9   -31405.0211361550   -31397.5035378574       53.8506216628   7.5175982976   -.31398306E+05 -.31407285E+05
        10   -31406.5275234445   -31397.5135867717       64.5693044830   9.0139366728   -.31398308E+05 -.31408850E+05
        11   -31408.0808018891   -31397.5177303313       75.6661832056  10.5630715578   -.31398309E+05 -.31410439E+05
        12   -31409.6565894978   -31397.5193490324       86.9423875092  12.1372404654   -.31398309E+05 -.31412036E+05
        13   -31411.2395557643   -31397.5197252087       98.2789150573  13.7198305556   -.31398309E+05 -.31413635E+05
        14   -31412.8238115193   -31397.5197156955      109.6274423649  15.3040958238   -.31398309E+05 -.31415234E+05
        15   -31414.4096568147   -31397.5187534168      120.9941809091  16.8909033979   -.31398308E+05 -.31416841E+05
        16   -31416.0056940306   -31397.5181039198      132.4316864376  18.4875901108   -.31398307E+05 -.31418468E+05
        17   -31417.6240722893   -31397.5170765738      144.0319336291  20.1069957156   -.31398306E+05 -.31420131E+05
        18   -31419.2821413185   -31397.5159106804      155.9174891646  21.7662306381   -.31398304E+05 -.31421850E+05
        19   -31421.0000230354   -31397.5148513777      168.2307358750  23.4851716577   -.31398303E+05 -.31423646E+05
        20   -31422.7983752703   -31397.5136032775      181.1217674192  25.2847719928   -.31398302E+05 -.31425539E+05
        21   -31424.6980940643   -31397.5127994515      194.7357330124  27.1852946127   -.31398301E+05 -.31427548E+05
        22   -31426.7162754995   -31397.5116923735      209.2004513238  29.2045831260   -.31398301E+05 -.31429687E+05
        23   -31428.8679839015   -31397.5114962046      224.6151348855  31.3564876969   -.31398300E+05 -.31431966E+05
        24   -31431.1607697681   -31397.5112130178      241.0410184131  33.6495567503   -.31398301E+05 -.31434387E+05
        25   -31433.5974643807   -31397.5113783199      258.4945471694  36.0860860607   -.31398301E+05 -.31436949E+05
        26   -31436.1740087068   -31397.5124144625      276.9436197709  38.6615942443   -.31398302E+05 -.31439639E+05
        27   -31438.8784084192   -31397.5136474496      296.3071455746  41.3647609696   -.31398304E+05 -.31442441E+05
        28   -31441.6927414166   -31397.5149100627      316.4579414775  44.1778313539   -.31398306E+05 -.31445333E+05
        29   -31444.5939875237   -31397.5165286651      337.2287698104  47.0774588586   -.31398307E+05 -.31448287E+05
        30   -31447.5547976504   -31397.5188739912      358.4210658570  50.0359236592   -.31398309E+05 -.31451273E+05
        31   -31450.5436550584   -31397.5210129330      379.8157506702  53.0226421253   -.31398311E+05 -.31454260E+05
        32   -31453.5289620612   -31397.5231003403      401.1853721126  56.0058617208   -.31398313E+05 -.31457216E+05
        33   -31456.4793682230   -31397.5249423341      422.3067472083  58.9544258889   -.31398315E+05 -.31460113E+05
        34   -31459.3657397927   -31397.5262451620      442.9732871234  61.8394946307   -.31398316E+05 -.31462923E+05
        35   -31462.1642460776   -31397.5281389911      463.0061903639  64.6361070865   -.31398317E+05 -.31465628E+05
        36   -31464.8534153327   -31397.5289203528      482.2638513343  67.3244949799   -.31398318E+05 -.31468211E+05
        37   -31467.4205361120   -31397.5294524406      500.6490311642  69.8910836714   -.31398318E+05 -.31470666E+05
        38   -31469.8594658812   -31397.5302033812      518.1143758724  72.3292625000   -.31398316E+05 -.31472996E+05
        39   -31472.1747511572   -31397.5339200826      534.6727765515  74.6408310746   -.31398314E+05 -.31475219E+05
        40   -31474.3854629532   -31397.5453997575      550.4264803559  76.8400631957   -.31398313E+05 -.31477364E+05
        41   -31476.5209151622   -31397.5655250782      565.5791479298  78.9553900840   -.31398314E+05 -.31479443E+05
        42   -31478.5958464651   -31397.5835313866      580.3134666953  81.0123150785   -.31398316E+05 -.31481445E+05
        43   -31480.6025159143   -31397.5919876789      594.6272164400  83.0105282354   -.31398314E+05 -.31483369E+05
        44   -31482.5416557069   -31397.6011262265      608.4523455227  84.9405294805   -.31398310E+05 -.31485253E+05
        45   -31484.4439799655   -31397.6233761880      621.9198341615  86.8206037775   -.31398308E+05 -.31487153E+05
        46   -31486.3575828865   -31397.6646027997      635.3321799999  88.6929800867   -.31398310E+05 -.31489104E+05
        47   -31488.3051425626   -31397.7203090213      648.8840459800  90.5848335413   -.31398311E+05 -.31491091E+05
        48   -31490.2622235380   -31397.7173661999      662.9242348478  92.5448573381   -.31398313E+05 -.31493079E+05
        49   -31492.2000435995   -31397.7040157235      676.9010053900  94.4960278759   -.31398315E+05 -.31495040E+05
        50   -31494.1054280060   -31397.7079104369      690.5218983944  96.3975175691   -.31398316E+05 -.31496952E+05
        51   -31495.9683607791   -31397.7145410618      703.8191006012  98.2538197173   -.31398317E+05 -.31498798E+05
        52   -31497.7816856680   -31397.7221721351      716.7537814198 100.0595135329   -.31398318E+05 -.31500562E+05
        53   -31499.5368780404   -31397.7285592773      729.2809536744 101.8083187631   -.31398319E+05 -.31502235E+05
        54   -31501.2247775718   -31397.7330953843      741.3393482975 103.4916821876   -.31398319E+05 -.31503806E+05
        55   -31502.8355179403   -31397.7358859220      752.8575346330 105.0996320183   -.31398319E+05 -.31505272E+05
        56   -31504.3598105555   -31397.7376719055      763.7636678630 106.6221386500   -.31398319E+05 -.31506628E+05
        57   -31505.7888509188   -31397.7384462270      773.9947298598 108.0504046918   -.31398319E+05 -.31507874E+05
        58   -31507.1164228855   -31397.7387492068      783.5023222090 109.3776736787   -.31398319E+05 -.31509012E+05
        59   -31508.3387947098   -31397.7392447274      792.2549578174 110.5995499824   -.31398319E+05 -.31510046E+05
        60   -31509.4532473170   -31397.7392019898      800.2383941200 111.7140453272   -.31398318E+05 -.31510982E+05
        61   -31510.4609027974   -31397.7393770355      807.4552532252 112.7215257619   -.31398318E+05 -.31511827E+05
        62   -31511.3632186148   -31397.7386159312      813.9242412874 113.6246026836   -.31398317E+05 -.31512591E+05
        63   -31512.1660086595   -31397.7380678583      819.6787728970 114.4279408011   -.31398317E+05 -.31513281E+05
        64   -31512.8760071481   -31397.7380450101      824.7648507731 115.1379621380   -.31398316E+05 -.31513908E+05
        65   -31513.5001281386   -31397.7376775470      829.2382331107 115.7624505915   -.31398316E+05 -.31514479E+05
        66   -31514.0469916708   -31397.7369172565      833.1610129840 116.3100744144   -.31398315E+05 -.31515001E+05
        67   -31514.5265732553   -31397.7367133266      836.5978484182 116.7898599287   -.31398315E+05 -.31515480E+05
        68   -31514.9468456655   -31397.7361907884      839.6121182242 117.2106548770   -.31398315E+05 -.31515919E+05
        69   -31515.3162455885   -31397.7356310809      842.2622406843 117.5806145076   -.31398315E+05 -.31516321E+05
        70   -31515.6423501728   -31397.7356022882      844.5984236513 117.9067478846   -.31398315E+05 -.31516684E+05
        71   -31515.9298933011   -31397.7353355508      846.6600847803 118.1945577504   -.31398316E+05 -.31517007E+05
        72   -31516.1833943567   -31397.7355985337      848.4740986582 118.4477958230   -.31398316E+05 -.31517285E+05
        73   -31516.4035923619   -31397.7352404167      850.0540027471 118.6683519452   -.31398316E+05 -.31517515E+05
        74   -31516.5912295629   -31397.7349446343      851.4002183320 118.8562849286   -.31398317E+05 -.31517690E+05
        75   -31516.7455431893   -31397.7355510130      852.5012655703 119.0099921763   -.31398317E+05 -.31517807E+05
        76   -31516.8626002976   -31397.7360946319      853.3358837006 119.1265056657   -.31398317E+05 -.31517859E+05
        77   -31516.9378393977   -31397.7359461296      853.8759058056 119.2018932682   -.31398317E+05 -.31517845E+05
        78   -31516.9682218495   -31397.7364874073      854.0896663329 119.2317344423   -.31398317E+05 -.31517762E+05
        79   -31516.9483117678   -31397.7366748045      853.9457025709 119.2116369634   -.31398317E+05 -.31517612E+05
        80   -31516.8745360957   -31397.7367768376      853.4164962741 119.1377592581   -.31398317E+05 -.31517395E+05
        81   -31516.7442734295   -31397.7369767675      852.4819568613 119.0072966621   -.31398316E+05 -.31517119E+05
        82   -31516.5557746983   -31397.7368759265      851.1324110209 118.8188987718   -.31398316E+05 -.31516788E+05
        83   -31516.3096181135   -31397.7366275920      849.3709026736 118.5729905214   -.31398315E+05 -.31516413E+05
        84   -31516.0084227833   -31397.7364484793      847.2146408206 118.2719743041   -.31398314E+05 -.31516003E+05
        85   -31515.6564522326   -31397.7361425770      844.6955703425 117.9203096556   -.31398314E+05 -.31515569E+05
        86   -31515.2606092057   -31397.7361212000      841.8601911334 117.5244880057   -.31398313E+05 -.31515123E+05
        87   -31514.8292908357   -31397.7363869812      838.7686353041 117.0929038545   -.31398313E+05 -.31514674E+05
        88   -31514.3724186456   -31397.7368641284      835.4925163688 116.6355545172   -.31398312E+05 -.31514234E+05
        89   -31513.9015015317   -31397.7380853788      832.1104595705 116.1634161529   -.31398312E+05 -.31513811E+05
        90   -31513.4270637879   -31397.7396508368      828.7007178795 115.6874129511   -.31398311E+05 -.31513410E+05
        91   -31512.9588918892   -31397.7416797850      825.3325400509 115.2172121042   -.31398311E+05 -.31513036E+05
        92   -31512.5035594471   -31397.7432049073      822.0599438195 114.7603545397   -.31398311E+05 -.31512691E+05
        93   -31512.0668984656   -31397.7447997975      818.9205966236 114.3220986681   -.31398311E+05 -.31512375E+05
        94   -31511.6513844074   -31397.7454999537      815.9391398736 113.9058844537   -.31398312E+05 -.31512084E+05
        95   -31511.2597522307   -31397.7457557608      813.1319385949 113.5139964699   -.31398312E+05 -.31511816E+05
        96   -31510.8938761900   -31397.7458124174      810.5106621644 113.1480637726   -.31398312E+05 -.31511565E+05
        97   -31510.5550882716   -31397.7458009900      808.0839130982 112.8092872816   -.31398313E+05 -.31511325E+05
        98   -31510.2446328148   -31397.7461659671      805.8574209486 112.4984668476   -.31398313E+05 -.31511090E+05
        99   -31509.9622720221   -31397.7463384152      803.8335577345 112.2159336069   -.31398314E+05 -.31510854E+05
       100   -31509.7089776789   -31397.7475272796      802.0106246129 111.9614503993   -.31398314E+05 -.31510613E+05
       101   -31509.4834690895   -31397.7493761224      800.3820008721 111.7340929672   -.31398314E+05 -.31510365E+05
       102   -31509.2836045196   -31397.7514995907      798.9351050685 111.5321049289   -.31398314E+05 -.31510109E+05
       103   -31509.1064940306   -31397.7537381747      797.6503783921 111.3527558559   -.31398313E+05 -.31509845E+05
       104   -31508.9483102444   -31397.7560134586      796.5009659957 111.1922967858   -.31398313E+05 -.31509576E+05
       105   -31508.8041319567   -31397.7579726953      795.4541427651 111.0461592614   -.31398313E+05 -.31509308E+05
       106   -31508.6688798845   -31397.7593938318      794.4751150276 110.9094860527   -.31398312E+05 -.31509047E+05
       107   -31508.5379885696   -31397.7600916895      793.5325056363 110.7778968800   -.31398312E+05 -.31508800E+05
       108   -31508.4083664750   -31397.7601359961      792.6036695864 110.6482304789   -.31398311E+05 -.31508576E+05
       109   -31508.2794598537   -31397.7604340096      791.6781412949 110.5190258441   -.31398311E+05 -.31508382E+05
       110   -31508.1508702181   -31397.7601977615      790.7587107221 110.3906724566   -.31398310E+05 -.31508226E+05
       111   -31508.0252794538   -31397.7599737062      789.8606745476 110.2653057476   -.31398310E+05 -.31508113E+05
       112   -31507.9063249223   -31397.7597693335      789.0100345400 110.1465555888   -.31398310E+05 -.31508049E+05
       113   -31507.7987886084   -31397.7595786766      788.2410881117 110.0392099318   -.31398310E+05 -.31508036E+05
       114   -31507.7080238307   -31397.7592027022      787.5936082841 109.9488211285   -.31398310E+05 -.31508075E+05
       115   -31507.6404143557   -31397.7591427447      787.1097325344 109.8812716110   -.31398310E+05 -.31508162E+05
       116   -31507.6010341373   -31397.7587136265      786.8307151040 109.8423205108   -.31398311E+05 -.31508296E+05
       117   -31507.5952626539   -31397.7581010395      786.7937605126 109.8371616145   -.31398311E+05 -.31508469E+05
       118   -31507.6279038401   -31397.7578799401      787.0291620904 109.8700238999   -.31398312E+05 -.31508675E+05
       119   -31507.7018028629   -31397.7579624429      787.5579301014 109.9438404201   -.31398312E+05 -.31508905E+05
       120   -31507.8183690807   -31397.7583588072      788.3900866732 110.0600102735   -.31398313E+05 -.31509152E+05
       121   -31507.9765325067   -31397.7582634812      789.5237375860 110.2182690254   -.31398313E+05 -.31509406E+05
       122   -31508.1756374395   -31397.7589635447      790.9449661664 110.4166738948   -.31398314E+05 -.31509661E+05
       123   -31508.4106592547   -31397.7589546809      792.6285554819 110.6517045738   -.31398314E+05 -.31509910E+05
       124   -31508.6777680128   -31397.7593004601      794.5394519788 110.9184675527   -.31398314E+05 -.31510149E+05
       125   -31508.9709521576   -31397.7599641459      796.6348563809 111.2109880117   -.31398314E+05 -.31510374E+05
       126   -31509.2825207127   -31397.7599556613      798.8667683056 111.5225650514   -.31398314E+05 -.31510586E+05
       127   -31509.6067415137   -31397.7605761170      801.1848064709 111.8461653967   -.31398314E+05 -.31510785E+05
       128   -31509.9357048423   -31397.7608746465      803.5391227101 112.1748301959   -.31398314E+05 -.31510974E+05
       129   -31510.2634143523   -31397.7613452083      805.8832251872 112.5020691440   -.31398313E+05 -.31511158E+05
       130   -31510.5842285343   -31397.7619951208      808.1766497973 112.8222334135   -.31398313E+05 -.31511342E+05
       131   -31510.8931339748   -31397.7622569285      810.3875489229 113.1308770464   -.31398313E+05 -.31511534E+05
       132   -31511.1884616339   -31397.7633236341      812.4954209648 113.4251379998   -.31398312E+05 -.31511738E+05
       133   -31511.4688201295   -31397.7646855797      814.4939498914 113.7041345497   -.31398312E+05 -.31511960E+05
       134   -31511.7362514630   -31397.7670591644      816.3926313570 113.9691922986   -.31398312E+05 -.31512205E+05
       135   -31511.9942560404   -31397.7707684120      818.2142186579 114.2234876284   -.31398312E+05 -.31512473E+05
       136   -31512.2454936355   -31397.7746423124      819.9861527532 114.4708513231   -.31398312E+05 -.31512766E+05
       137   -31512.4931620872   -31397.7789075140      821.7297170957 114.7142545732   -.31398312E+05 -.31513084E+05
       138   -31512.7368512142   -31397.7817165478      823.4552073719 114.9551346664   -.31398312E+05 -.31513423E+05
       139   -31512.9772864105   -31397.7831045640      825.1675679881 115.1941818464   -.31398312E+05 -.31513782E+05
       140   -31513.2168650147   -31397.7839473230      826.8776984276 115.4329176917   -.31398312E+05 -.31514155E+05
       141   -31513.4588904858   -31397.7841631000      828.6098476907 115.6747273858   -.31398313E+05 -.31514536E+05
       142   -31513.7084350045   -31397.7839350032      830.3990375476 115.9245000014   -.31398313E+05 -.31514918E+05
       143   -31513.9713728002   -31397.7843154335      832.2798080788 116.1870573667   -.31398314E+05 -.31515294E+05
       144   -31514.2494720681   -31397.7842309238      834.2725148943 116.4652411443   -.31398314E+05 -.31515656E+05
       145   -31514.5426947841   -31397.7841354609      836.3736335829 116.7585593232   -.31398315E+05 -.31515994E+05
       146   -31514.8462158602   -31397.7832967175      838.5538465764 117.0629191427   -.31398315E+05 -.31516302E+05
       147   -31515.1547371592   -31397.7832149633      840.7644550183 117.3715221958   -.31398315E+05 -.31516576E+05
       148   -31515.4593378030   -31397.7827426213      842.9497766186 117.6765951817   -.31398316E+05 -.31516811E+05
       149   -31515.7541992225   -31397.7829173850      845.0606980829 117.9712818374   -.31398316E+05 -.31517006E+05
       150   -31516.0358997603   -31397.7850600890      847.0632476409 118.2508396714   -.31398315E+05 -.31517161E+05
       151   -31516.3007228922   -31397.7881786134      848.9379096330 118.5125442788   -.31398315E+05 -.31517280E+05
       152   -31516.5475873566   -31397.7931258143      850.6708294452 118.7544615423   -.31398315E+05 -.31517365E+05
       153   -31516.7709104029   -31397.7968572895      852.2438241900 118.9740531134   -.31398314E+05 -.31517423E+05
       154   -31516.9674750709   -31397.7997789149      853.6309424981 119.1676961561   -.31398314E+05 -.31517460E+05
       155   -31517.1328601920   -31397.8014338198      854.8037870117 119.3314263721   -.31398313E+05 -.31517483E+05
       156   -31517.2643658778   -31397.8021326498      855.7407924520 119.4622332279   -.31398313E+05 -.31517499E+05
       157   -31517.3610419726   -31397.8020652191      856.4337929005 119.5589767535   -.31398313E+05 -.31517515E+05
       158   -31517.4246370972   -31397.8020702330      856.8893063322 119.6225668643   -.31398312E+05 -.31517535E+05
       159   -31517.4576050669   -31397.8019539033      857.1262982566 119.6556511636   -.31398312E+05 -.31517565E+05
       160   -31517.4636370885   -31397.8014735053      857.1729485071 119.6621635832   -.31398312E+05 -.31517606E+05
       161   -31517.4481494345   -31397.8012560734      857.0635637108 119.6468933610   -.31398312E+05 -.31517660E+05
       162   -31517.4158241827   -31397.8007356034      856.8357373226 119.6150885793   -.31398313E+05 -.31517724E+05
       163   -31517.3725189380   -31397.8004450585      856.5276112117 119.5720738795   -.31398313E+05 -.31517796E+05
       164   -31517.3231988651   -31397.8003203401      856.1752113741 119.5228785250   -.31398313E+05 -.31517871E+05
       165   -31517.2721479133   -31397.8002561597      855.8099791246 119.4718917536   -.31398314E+05 -.31517943E+05
       166   -31517.2224870288   -31397.7999201512      855.4566514878 119.4225668775   -.31398314E+05 -.31518008E+05
       167   -31517.1771093019   -31397.7999128085      855.1316509626 119.3771964933   -.31398314E+05 -.31518057E+05
       168   -31517.1368525574   -31397.8000726104      854.8421361387 119.3367799469   -.31398315E+05 -.31518084E+05
       169   -31517.1009946045   -31397.8000024541      854.5857783216 119.3009921505   -.31398315E+05 -.31518085E+05
       170   -31517.0688147794   -31397.8005556814      854.3513024757 119.2682590981   -.31398315E+05 -.31518055E+05
       171   -31517.0369562446   -31397.8010211016      854.1197571060 119.2359351430   -.31398315E+05 -.31517991E+05
       172   -31517.0012915494   -31397.8007238249      853.8664105721 119.2005677245   -.31398315E+05 -.31517893E+05
       173   -31516.9590802645   -31397.8008503560      853.5631331664 119.1582299085   -.31398315E+05 -.31517761E+05
       174   -31516.9064755020   -31397.8015828838      853.1810635041 119.1048926182   -.31398315E+05 -.31517599E+05
       175   -31516.8384591340   -31397.8016504879      852.6933593098 119.0368086461   -.31398314E+05 -.31517412E+05
       176   -31516.7527261805   -31397.8018494228      852.0778055880 118.9508767577   -.31398314E+05 -.31517206E+05
       177   -31516.6471460661   -31397.8021886796      851.3190760363 118.8449573865   -.31398314E+05 -.31516988E+05
       178   -31516.5200840851   -31397.8019695362      850.4104659473 118.7181145489   -.31398313E+05 -.31516767E+05
       179   -31516.3726711244   -31397.8019067391      849.3549562493 118.5707643854   -.31398313E+05 -.31516550E+05
       180   -31516.2060920139   -31397.8013720969      848.1655341102 118.4047199169   -.31398312E+05 -.31516345E+05
       181   -31516.0252076796   -31397.8020839489      846.8647107447 118.2231237307   -.31398312E+05 -.31516158E+05
       182   -31515.8315995843   -31397.8013243650      845.4832838830 118.0302752194   -.31398312E+05 -.31515993E+05
       183   -31515.6325746233   -31397.8012084440      844.0584437892 117.8313661793   -.31398312E+05 -.31515853E+05
       184   -31515.4328415339   -31397.8007002002      842.6313414945 117.6321413338   -.31398312E+05 -.31515742E+05
       185   -31515.2390230235   -31397.8005114544      841.2443183010 117.4385115691   -.31398312E+05 -.31515659E+05
       186   -31515.0561807551   -31397.8000274158      839.9380362074 117.2561533393   -.31398312E+05 -.31515604E+05
       187   -31514.8902136003   -31397.8000919028      838.7487059491 117.0901216975   -.31398312E+05 -.31515575E+05
       188   -31514.7440559592   -31397.7995467208      837.7056439055 116.9445092384   -.31398313E+05 -.31515566E+05
       189   -31514.6214899885   -31397.7993143632      836.8293346301 116.8221756253   -.31398313E+05 -.31515573E+05
       190   -31514.5238675032   -31397.7993028946      836.1301201041 116.7245646086   -.31398314E+05 -.31515587E+05
       191   -31514.4514568978   -31397.7998339426      835.6076190040 116.6516229552   -.31398314E+05 -.31515603E+05
       192   -31514.4021360237   -31397.8003076764      835.2509265492 116.6018283473   -.31398314E+05 -.31515612E+05
       193   -31514.3728035975   -31397.8004766575      835.0395998648 116.5723269400   -.31398315E+05 -.31515609E+05
       194   -31514.3597148138   -31397.8005458644      834.9453455636 116.5591689494   -.31398315E+05 -.31515589E+05
       195   -31514.3587802282   -31397.8011526714      834.9343041453 116.5576275568   -.31398315E+05 -.31515548E+05
       196   -31514.3635870399   -31397.8010134862      834.9697336795 116.5625735537   -.31398315E+05 -.31515484E+05
       197   -31514.3703565692   -31397.8014813077      835.0148745434 116.5688752615   -.31398315E+05 -.31515400E+05
       198   -31514.3735141366   -31397.8017184132      835.0357946141 116.5717957234   -.31398315E+05 -.31515297E+05
       199   -31514.3692816466   -31397.8019277977      835.0039762471 116.5673538489   -.31398314E+05 -.31515179E+05
       200   -31514.3547329010   -31397.8021087866      834.8984631125 116.5526241144   -.31398314E+05 -.31515053E+05
       201   -31514.3281405456   -31397.8021860319      834.7074214367 116.5259545137   -.31398313E+05 -.31514926E+05
       202   -31514.2893176349   -31397.8022333849      834.4289830604 116.4870842500   -.31398313E+05 -.31514804E+05
       203   -31514.2390927565   -31397.8019388100      834.0713185802 116.4371539464   -.31398312E+05 -.31514695E+05
       204   -31514.1805000011   -31397.8018920757      833.6519373495 116.3786079254   -.31398312E+05 -.31514607E+05
       205   -31514.1167374459   -31397.8017412541      833.1962690272 116.3149961917   -.31398312E+05 -.31514545E+05
       206   -31514.0519381988   -31397.8012466567      832.7356371580 116.2506915422   -.31398312E+05 -.31514512E+05
       207   -31513.9917780408   -31397.8012351945      832.3047755269 116.1905428463   -.31398312E+05 -.31514513E+05
       208   -31513.9401191863   -31397.8006295501      831.9390673590 116.1394896362   -.31398312E+05 -.31514546E+05
       209   -31513.9028161258   -31397.8006478561      831.6717241587 116.1021682697   -.31398312E+05 -.31514610E+05
       210   -31513.8831109998   -31397.8005732280      831.5311055097 116.0825377718   -.31398312E+05 -.31514701E+05
       211   -31513.8836407536   -31397.8000864571      831.5383871552 116.0835542965   -.31398313E+05 -.31514813E+05
       212   -31513.9070993170   -31397.8001811398      831.7057490507 116.1069181772   -.31398313E+05 -.31514939E+05
       213   -31513.9529460400   -31397.8000353901      832.0352057664 116.1529106499   -.31398314E+05 -.31515071E+05
       214   -31514.0205584592   -31397.8002228668      832.5181891509 116.2203355924   -.31398314E+05 -.31515201E+05
       215   -31514.1070472456   -31397.8004779886      833.1359045782 116.3065692569   -.31398315E+05 -.31515321E+05
       216   -31514.2089280958   -31397.8012132713      833.8604380636 116.4077148246   -.31398315E+05 -.31515422E+05
       217   -31514.3202625178   -31397.8014126973      834.6565285676 116.5188498205   -.31398316E+05 -.31515500E+05
       218   -31514.4364229174   -31397.8020735108      835.4838838302 116.6343494066   -.31398316E+05 -.31515550E+05
       219   -31514.5505529338   -31397.8022915637      836.2998665163 116.7482613701   -.31398316E+05 -.31515570E+05
       220   -31514.6572277589   -31397.8025238347      837.0623437708 116.8547039242   -.31398316E+05 -.31515559E+05
       221   -31514.7513898007   -31397.8031297004      837.7325123591 116.9482601003   -.31398315E+05 -.31515520E+05
       222   -31514.8271356588   -31397.8027973526      838.2774814469 117.0243383062   -.31398315E+05 -.31515457E+05
       223   -31514.8830602078   -31397.8035882978      838.6724185962 117.0794719101   -.31398315E+05 -.31515376E+05
       224   -31514.9151113993   -31397.8035738744      838.9021134036 117.1115375249   -.31398314E+05 -.31515283E+05
       225   -31514.9233024314   -31397.8034262766      838.9618453002 117.1198761548   -.31398314E+05 -.31515186E+05
       226   -31514.9086633299   -31397.8033535715      838.8575022015 117.1053097584   -.31398313E+05 -.31515092E+05
       227   -31514.8729394372   -31397.8028886005      838.6049328592 117.0700508366   -.31398313E+05 -.31515009E+05
       228   -31514.8200545766   -31397.8025415274      838.2285902556 117.0175130491   -.31398313E+05 -.31514942E+05
       229   -31514.7544760535   -31397.8024381611      837.7595737214 116.9520378923   -.31398313E+05 -.31514896E+05
       230   -31514.6811398556   -31397.8025845041      837.2331980966 116.8785553516   -.31398313E+05 -.31514873E+05
       231   -31514.6042470322   -31397.8020428198      836.6862739139 116.8022042125   -.31398313E+05 -.31514874E+05
       232   -31514.5296017419   -31397.8016624666      836.1542937686 116.7279392753   -.31398313E+05 -.31514896E+05
       233   -31514.4621095244   -31397.8019571472      835.6687175966 116.6601523772   -.31398313E+05 -.31514937E+05
       234   -31514.4043876651   -31397.8020488131      835.2545834346 116.6023388520   -.31398314E+05 -.31514991E+05
       235   -31514.3583164005   -31397.8014776122      834.9286539791 116.5568387882   -.31398314E+05 -.31515051E+05
       236   -31514.3265536943   -31397.8018813603      834.6982368311 116.5246723340   -.31398315E+05 -.31515110E+05
       237   -31514.3074273700   -31397.8019455573      834.5607698557 116.5054818127   -.31398315E+05 -.31515159E+05
       238   -31514.2996193391   -31397.8020424711      834.5041445656 116.4975768680   -.31398316E+05 -.31515191E+05
       239   -31514.3002261199   -31397.8021517117      834.5077085822 116.4980744082   -.31398316E+05 -.31515199E+05
       240   -31514.3054670619   -31397.8023461446      834.5438581132 116.5031209173   -.31398316E+05 -.31515179E+05
       241   -31514.3108657686   -31397.8026813820      834.5801291351 116.5081843866   -.31398316E+05 -.31515127E+05
       242   -31514.3114261353   -31397.8030259871      834.5816746944 116.5084001482   -.31398316E+05 -.31515041E+05
       243   -31514.3023887178   -31397.8034429773      834.5139501750 116.4989457405   -.31398316E+05 -.31514923E+05
       244   -31514.2793111253   -31397.8038951715      834.3453998495 116.4754159538   -.31398316E+05 -.31514775E+05
       245   -31514.2378673613   -31397.8037017260      834.0499124864 116.4341656353   -.31398315E+05 -.31514603E+05
       246   -31514.1767146147   -31397.8041232643      833.6088389697 116.3725913504   -.31398315E+05 -.31514412E+05
       247   -31514.0935686733   -31397.8042363559      833.0124316456 116.2893323174   -.31398314E+05 -.31514211E+05
       248   -31513.9883524195   -31397.8039738636      832.2606190214 116.1843785559   -.31398314E+05 -.31514008E+05
       249   -31513.8630074205   -31397.8039279684      831.3630671214 116.0590794521   -.31398313E+05 -.31513810E+05
       250   -31513.7197659326   -31397.8037093539      830.3385549911 115.9160565786   -.31398313E+05 -.31513626E+05
       251   -31513.5623866862   -31397.8033615936      829.2136953210 115.7590250926   -.31398313E+05 -.31513462E+05
       252   -31513.3956520608   -31397.8031130407      828.0211098502 115.5925390201   -.31398313E+05 -.31513323E+05
       253   -31513.2246598684   -31397.8029790790      826.7972054096 115.4216807894   -.31398313E+05 -.31513211E+05
       254   -31513.0543806425   -31397.8026624962      825.5797163092 115.2517181463   -.31398313E+05 -.31513129E+05
       255   -31512.8899407553   -31397.8021865170      824.4051977960 115.0877542383   -.31398313E+05 -.31513074E+05
       256   -31512.7365078297   -31397.8021115728      823.3066524486 114.9343962570   -.31398313E+05 -.31513044E+05
       257   -31512.5972664733   -31397.8017971006      822.3114810140 114.7954693727   -.31398314E+05 -.31513034E+05
       258   -31512.4758909900   -31397.8020943912      821.4399055118 114.6737965989   -.31398314E+05 -.31513038E+05
       259   -31512.3730630032   -31397.8020031581      820.7039739232 114.5710598451   -.31398314E+05 -.31513049E+05
       260   -31512.2895354617   -31397.8017835074      820.1072166166 114.4877519542   -.31398315E+05 -.31513061E+05
       261   -31512.2253517789   -31397.8021294983      819.6449728384 114.4232222806   -.31398315E+05 -.31513067E+05
       262   -31512.1781524410   -31397.8023441016      819.3053337533 114.3758083394   -.31398315E+05 -.31513062E+05
       263   -31512.1454285641   -31397.8023863101      819.0706212825 114.3430422540   -.31398316E+05 -.31513041E+05
       264   -31512.1247462859   -31397.8028318311      818.9192770528 114.3219144547   -.31398316E+05 -.31513002E+05
       265   -31512.1116821297   -31397.8025117662      818.8279876267 114.3091703635   -.31398315E+05 -.31512946E+05
       266   -31512.1044925607   -31397.8028732117      818.7738976355 114.3016193490   -.31398315E+05 -.31512873E+05
       267   -31512.0990848685   -31397.8026532254      818.7367366727 114.2964316431   -.31398315E+05 -.31512788E+05
       268   -31512.0939995619   -31397.8026001313      818.7006895522 114.2913994306   -.31398314E+05 -.31512696E+05
       269   -31512.0878507487   -31397.8027040027      818.6558998553 114.2851467460   -.31398314E+05 -.31512603E+05
       270   -31512.0806280791   -31397.8033565020      818.5994878573 114.2772715771   -.31398313E+05 -.31512519E+05
       271   -31512.0711954399   -31397.8027833707      818.5360247683 114.2684120692   -.31398313E+05 -.31512450E+05
       272   -31512.0633668505   -31397.8031318852      818.4774499269 114.2602349653   -.31398313E+05 -.31512406E+05
       273   -31512.0579923148   -31397.8026443545      818.4424429676 114.2553479603   -.31398312E+05 -.31512392E+05
       274   -31512.0594595954   -31397.8023178554      818.4552923040 114.2571417400   -.31398312E+05 -.31512416E+05
       275   -31512.0714684852   -31397.8018961899      818.5443357861 114.2695722953   -.31398312E+05 -.31512481E+05
       276   -31512.0990011048   -31397.8021012423      818.7400906573 114.2968998625   -.31398312E+05 -.31512590E+05
       277   -31512.1449776072   -31397.8015794056      819.0731710329 114.3433982016   -.31398312E+05 -.31512743E+05
       278   -31512.2147754380   -31397.8017179285      819.5721597911 114.4130575096   -.31398312E+05 -.31512937E+05
       279   -31512.3104845375   -31397.8011763140      820.2616300950 114.5093082235   -.31398312E+05 -.31513169E+05
       280   -31512.4357299792   -31397.8009429262      821.1604694191 114.6347870530   -.31398313E+05 -.31513434E+05
       281   -31512.5923662775   -31397.8012043764      822.2806254119 114.7911619011   -.31398313E+05 -.31513724E+05
       282   -31512.7802706440   -31397.8012484788      823.6263200878 114.9790221652   -.31398314E+05 -.31514031E+05
       283   -31512.9991893832   -31397.8013576851      825.1937128785 115.1978316981   -.31398314E+05 -.31514348E+05
       284   -31513.2472932896   -31397.8013476604      826.9710211228 115.4459456292   -.31398315E+05 -.31514666E+05
       285   -31513.5221515644   -31397.8014577300      828.9391179888 115.7206938344   -.31398315E+05 -.31514979E+05
       286   -31513.8205899402   -31397.8020578786      831.0726150253 116.0185320616   -.31398315E+05 -.31515282E+05
       287   -31514.1378538792   -31397.8025957052      833.3414111722 116.3352581740   -.31398315E+05 -.31515571E+05
       288   -31514.4693169501   -31397.8030404320      835.7125864999 116.6662765180   -.31398315E+05 -.31515843E+05
       289   -31514.8097059146   -31397.8028186472      838.1524748621 117.0068872674   -.31398315E+05 -.31516098E+05
       290   -31515.1557916559   -31397.8032145671      840.6287460123 117.3525770888   -.31398315E+05 -.31516339E+05
       291   -31515.5031308453   -31397.8038427335      843.1123323105 117.6992881118   -.31398315E+05 -.31516569E+05
       292   -31515.8471082246   -31397.8034571141      845.5790990656 118.0436511105   -.31398314E+05 -.31516793E+05
       293   -31516.1868167288   -31397.8036494565      848.0111465959 118.3831672723   -.31398314E+05 -.31517016E+05
       294   -31516.5197244784   -31397.8033999298      850.3976436835 118.7163245486   -.31398314E+05 -.31517245E+05
       295   -31516.8460658713   -31397.8034258441      852.7351310941 119.0426400272   -.31398313E+05 -.31517487E+05
       296   -31517.1661418743   -31397.8035175969      855.0272661770 119.3626242774   -.31398313E+05 -.31517746E+05
       297   -31517.4811057551   -31397.8034392739      857.2840000232 119.6776664811   -.31398313E+05 -.31518027E+05
       298   -31517.7933127474   -31397.8034656482      859.5202355452 119.9898470992   -.31398313E+05 -.31518333E+05
       299   -31518.1048899833   -31397.8031973529      861.7540707483 120.3016926304   -.31398313E+05 -.31518666E+05
       300   -31518.4185955158   -31397.8027093312      864.0047254851 120.6158861846   -.31398313E+05 -.31519025E+05
       301   -31518.7378731817   -31397.8029128325      866.2903413742 120.9349603492   -.31398313E+05 -.31519408E+05
       302   -31519.0637205143   -31397.8027278906      868.6258001168 121.2609926237   -.31398314E+05 -.31519810E+05
       303   -31519.3975966192   -31397.8022656930      871.0207572191 121.5953309262   -.31398314E+05 -.31520225E+05
       304   -31519.7407655928   -31397.8023926179      873.4780616459 121.9383729749   -.31398315E+05 -.31520647E+05
       305   -31520.0923008925   -31397.8028832452      875.9926910652 122.2894176473   -.31398315E+05 -.31521067E+05
       306   -31520.4494964086   -31397.8028886123      878.5513422212 122.6466077963   -.31398316E+05 -.31521479E+05
       307   -31520.8104500901   -31397.8034816626      881.1327044123 123.0069684275   -.31398316E+05 -.31521874E+05
       308   -31521.1703202986   -31397.8037801116      883.7084156987 123.3665401870   -.31398316E+05 -.31522244E+05
       309   -31521.5247744411   -31397.8041753908      886.2446365954 123.7205990503   -.31398317E+05 -.31522584E+05
       310   -31521.8684520507   -31397.8045067918      888.7041198033 124.0639452589   -.31398317E+05 -.31522890E+05
       311   -31522.1959498738   -31397.8047099679      891.0486212665 124.3912399059   -.31398317E+05 -.31523158E+05
       312   -31522.5024089658   -31397.8050495435      893.2414394524 124.6973594223   -.31398317E+05 -.31523388E+05
       313   -31522.7832336517   -31397.8054934327      895.2498841188 124.9777402190   -.31398317E+05 -.31523579E+05
       314   -31523.0342953576   -31397.8056101284      897.0474721606 125.2286852292   -.31398317E+05 -.31523735E+05
       315   -31523.2534553478   -31397.8058485758      898.6156673084 125.4476067720   -.31398316E+05 -.31523859E+05
       316   -31523.4387907463   -31397.8056061720      899.9450120839 125.6331845743   -.31398316E+05 -.31523955E+05
       317   -31523.5911569626   -31397.8057296400      901.0355687098 125.7854273225   -.31398316E+05 -.31524030E+05
       318   -31523.7112560742   -31397.8056243538      901.8966258313 125.9056317204   -.31398315E+05 -.31524090E+05
       319   -31523.8015213091   -31397.8052820355      902.5456726243 125.9962392735   -.31398315E+05 -.31524139E+05
       320   -31523.8660309409   -31397.8054252806      903.0067467340 126.0606056603   -.31398315E+05 -.31524183E+05
       321   -31523.9074503384   -31397.8047511792      903.3082740289 126.1026991591   -.31398314E+05 -.31524226E+05
       322   -31523.9308354040   -31397.8040850641      903.4805592436 126.1267503399   -.31398314E+05 -.31524271E+05
       323   -31523.9409672264   -31397.8040833619      903.5531484642 126.1368838645   -.31398314E+05 -.31524319E+05
       324   -31523.9410211957   -31397.8042604304      903.5522666707 126.1367607653   -.31398315E+05 -.31524368E+05
       325   -31523.9332193312   -31397.8039607779      903.4985262652 126.1292585533   -.31398315E+05 -.31524418E+05
       326   -31523.9201441809   -31397.8039257684      903.4051161549 126.1162184126   -.31398315E+05 -.31524465E+05
       327   -31523.9021198995   -31397.8038416094      903.2766061300 126.0982782902   -.31398315E+05 -.31524503E+05
       328   -31523.8790463974   -31397.8042414687      903.1084599939 126.0748049287   -.31398316E+05 -.31524528E+05
       329   -31523.8480190899   -31397.8040884680      902.8872988535 126.0439306219   -.31398316E+05 -.31524532E+05
       330   -31523.8070934677   -31397.8043998316      902.5919069965 126.0026936361   -.31398317E+05 -.31524510E+05
       331   -31523.7521415084   -31397.8048701580      902.1949019395 125.9472713504   -.31398317E+05 -.31524456E+05
       332   -31523.6781884519   -31397.8049049620      901.6649065702 125.8732834898   -.31398317E+05 -.31524363E+05
       333   -31523.5815158249   -31397.8053691059      900.9690891979 125.7761467191   -.31398317E+05 -.31524229E+05
       334   -31523.4568303860   -31397.8053789950      900.0758623097 125.6514513910   -.31398317E+05 -.31524052E+05
       335   -31523.3010217810   -31397.8056941987      898.9575045810 125.4953275823   -.31398317E+05 -.31523829E+05
       336   -31523.1102521042   -31397.8054780952      897.5925169912 125.3047740090   -.31398317E+05 -.31523563E+05
       337   -31522.8835681406   -31397.8056450716      895.9675213932 125.0779230690   -.31398317E+05 -.31523257E+05
       338   -31522.6200507042   -31397.8058282743      894.0785612780 124.8142224300   -.31398316E+05 -.31522914E+05
       339   -31522.3199242588   -31397.8054077030      891.9316857733 124.5145165558   -.31398316E+05 -.31522542E+05
       340   -31521.9862200361   -31397.8051968233      889.5427813479 124.1810232128   -.31398315E+05 -.31522146E+05
       341   -31521.6219003051   -31397.8046945335      886.9366570773 123.8172057716   -.31398315E+05 -.31521734E+05
       342   -31521.2321198187   -31397.8045687908      884.1454531112 123.4275510279   -.31398314E+05 -.31521314E+05
       343   -31520.8214630028   -31397.8041924511      881.2065013581 123.0172705517   -.31398314E+05 -.31520892E+05
       344   -31520.3955657686   -31397.8036174953      878.1598010433 122.5919482733   -.31398314E+05 -.31520475E+05
       345   -31519.9608496927   -31397.8036862533      875.0453178438 122.1571634393   -.31398314E+05 -.31520065E+05
       346   -31519.5212312226   -31397.8031146413      871.9003045950 121.7181165813   -.31398314E+05 -.31519666E+05
       347   -31519.0823855736   -31397.8030942892      868.7568784491 121.2792912843   -.31398314E+05 -.31519279E+05
       348   -31518.6469829850   -31397.8028047521      865.6400441381 120.8441782329   -.31398314E+05 -.31518902E+05
       349   -31518.2180322955   -31397.8029477789      862.5663279770 120.4150845165   -.31398314E+05 -.31518532E+05
       350   -31517.7954223963   -31397.8023791835      859.5431301851 119.9930432128   -.31398315E+05 -.31518165E+05
       351   -31517.3805240364   -31397.8026947483      856.5688387848 119.5778292881   -.31398315E+05 -.31517795E+05
       352   -31516.9711659740   -31397.8030853150      853.6336967979 119.1680806590   -.31398315E+05 -.31517418E+05
       353   -31516.5647892090   -31397.8032752745      850.7213476677 118.7615139345   -.31398316E+05 -.31517027E+05
       354   -31516.1586785971   -31397.8034646991      847.8109088973 118.3552138980   -.31398316E+05 -.31516618E+05
       355   -31515.7496264510   -31397.8036550500      844.8793924742 117.9459714010   -.31398316E+05 -.31516186E+05
       356   -31515.3344473136   -31397.8038026074      841.9042932703 117.5306447062   -.31398316E+05 -.31515731E+05
       357   -31514.9104981684   -31397.8039868360      838.8661094057 117.1065113324   -.31398316E+05 -.31515252E+05
       358   -31514.4759181777   -31397.8043352915      835.7505974732 116.6715828863   -.31398316E+05 -.31514751E+05
       359   -31514.0291571245   -31397.8042970764      832.5505990702 116.2248600481   -.31398315E+05 -.31514233E+05
       360   -31513.5704389739   -31397.8039315732      829.2672931495 115.7665074008   -.31398315E+05 -.31513702E+05
       361   -31513.1019871163   -31397.8040518291      825.9107823850 115.2979352872   -.31398315E+05 -.31513167E+05
       362   -31512.6256563288   -31397.8038724913      822.4999787534 114.8217838375   -.31398314E+05 -.31512635E+05
       363   -31512.1458863516   -31397.8040758642      819.0617977998 114.3418104874   -.31398313E+05 -.31512116E+05
       364   -31511.6656929745   -31397.8030008987      815.6297410058 113.8626920758   -.31398313E+05 -.31511617E+05
       365   -31511.1928807877   -31397.8031259042      812.2419619832 113.3897548835   -.31398313E+05 -.31511147E+05
       366   -31510.7308541250   -31397.8022010013      808.9389634147 112.9286531237   -.31398312E+05 -.31510713E+05
       367   -31510.2869795388   -31397.8019580532      805.7611081273 112.4850214857   -.31398312E+05 -.31510319E+05
       368   -31509.8655863353   -31397.8014602101      802.7461190423 112.0641261252   -.31398312E+05 -.31509968E+05
       369   -31509.4720602371   -31397.8015207440      799.9267498793 111.6705394931   -.31398312E+05 -.31509662E+05
       370   -31509.1089596871   -31397.8010965703      797.3287993704 111.3078631168   -.31398312E+05 -.31509398E+05
       371   -31508.7798821896   -31397.8013637819      794.9696127491 110.9785184077   -.31398312E+05 -.31509174E+05
       372   -31508.4846972841   -31397.8010784082      792.8571663944 110.6836188758   -.31398313E+05 -.31508985E+05
       373   -31508.2241288627   -31397.8011957451      790.9898026984 110.4229331175   -.31398313E+05 -.31508824E+05
       374   -31507.9964490445   -31397.8015083968      789.3566300082 110.1949406477   -.31398314E+05 -.31508685E+05
       375   -31507.7979861557   -31397.8010105561      787.9385519883 109.9969755996   -.31398314E+05 -.31508559E+05
       376   -31507.6269083537   -31397.8014614467      786.7098448456 109.8254469071   -.31398315E+05 -.31508440E+05
       377   -31507.4780758771   -31397.8019575435      785.6401632541 109.6761183336   -.31398315E+05 -.31508321E+05
       378   -31507.3466671303   -31397.8022412712      784.6968138834 109.5444258591   -.31398315E+05 -.31508199E+05
       379   -31507.2283314239   -31397.8025190976      783.8471525654 109.4258123263   -.31398315E+05 -.31508069E+05
       380   -31507.1187147419   -31397.8026617152      783.0609165517 109.3160530267   -.31398315E+05 -.31507931E+05
       381   -31507.0144191431   -31397.8028701537      782.3123254256 109.2115489894   -.31398315E+05 -.31507784E+05
       382   -31506.9125693030   -31397.8030011214      781.5818088861 109.1095681817   -.31398314E+05 -.31507633E+05
       383   -31506.8114041852   -31397.8029867158      780.8572385487 109.0084174694   -.31398314E+05 -.31507480E+05
       384   -31506.7108739749   -31397.8033397649      780.1345840495 108.9075342101   -.31398314E+05 -.31507332E+05
       385   -31506.6104441348   -31397.8029540180      779.4179407278 108.8074901168   -.31398313E+05 -.31507194E+05
       386   -31506.5126065583   -31397.8026968370      778.7189455499 108.7099097213   -.31398313E+05 -.31507073E+05
       387   -31506.4197269707   -31397.8024176018      778.0556237881 108.6173093688   -.31398313E+05 -.31506975E+05
       388   -31506.3351039555   -31397.8022378699      777.4507333538 108.5328660856   -.31398312E+05 -.31506905E+05
       389   -31506.2622184451   -31397.8020819273      776.9297514808 108.4601365177   -.31398312E+05 -.31506866E+05
       390   -31506.2043404123   -31397.8015943271      776.5186480478 108.4027460852   -.31398312E+05 -.31506862E+05
       391   -31506.1656587350   -31397.8015895337      776.2415949041 108.3640692013   -.31398312E+05 -.31506891E+05
       392   -31506.1483115125   -31397.8013844031      776.1188013911 108.3469271094   -.31398312E+05 -.31506952E+05
       393   -31506.1546421540   -31397.8013175970      776.1646280649 108.3533245569   -.31398313E+05 -.31507041E+05
       394   -31506.1853291694   -31397.8010838311      776.3861221157 108.3842453383   -.31398313E+05 -.31507153E+05
       395   -31506.2410017736   -31397.8014789382      776.7820900118 108.4395228354   -.31398314E+05 -.31507280E+05
       396   -31506.3199515433   -31397.8021559208      777.3427794870 108.5177956225   -.31398314E+05 -.31507417E+05
       397   -31506.4182669193   -31397.8017160941      778.0501901313 108.6165508251   -.31398315E+05 -.31507554E+05
       398   -31506.5348632943   -31397.8026118597      778.8789853795 108.7322514346   -.31398315E+05 -.31507685E+05
       399   -31506.6632384535   -31397.8026990374      779.7979474317 108.8605394162   -.31398315E+05 -.31507804E+05
       400   -31506.7990713515   -31397.8025737431      780.7718533094 108.9964976083   -.31398316E+05 -.31507906E+05
       401   -31506.9381627913   -31397.8032125287      781.7636277044 109.1349502626   -.31398316E+05 -.31507986E+05
       402   -31507.0744460074   -31397.8036634406      782.7366318120 109.2707825668   -.31398316E+05 -.31508044E+05
       403   -31507.2027770995   -31397.8035245228      783.6568977829 109.3992525767   -.31398316E+05 -.31508079E+05
       404   -31507.3205468586   -31397.8042722020      784.4951590870 109.5162746566   -.31398315E+05 -.31508093E+05
       405   -31507.4230621766   -31397.8044062034      785.2285445820 109.6186559733   -.31398315E+05 -.31508091E+05
       406   -31507.5085844517   -31397.8043177211      785.8417979534 109.7042667306   -.31398315E+05 -.31508076E+05
       407   -31507.5760240727   -31397.8038892137      786.3279560002 109.7721348589   -.31398314E+05 -.31508055E+05
       408   -31507.6263290134   -31397.8038707446      786.6884364085 109.8224582688   -.31398314E+05 -.31508032E+05
       409   -31507.6610681617   -31397.8045333247      786.9325362276 109.8565348370   -.31398314E+05 -.31508014E+05
       410   -31507.6803558238   -31397.8037406963      787.0763768642 109.8766151275   -.31398313E+05 -.31508007E+05
       411   -31507.6893253164   -31397.8036360902      787.1413771260 109.8856892262   -.31398313E+05 -.31508013E+05
       412   -31507.6906903041   -31397.8034684609      787.1523556823 109.8872218432   -.31398313E+05 -.31508037E+05
       413   -31507.6883523576   -31397.8034971053      787.1354031414 109.8848552523   -.31398313E+05 -.31508079E+05
       414   -31507.6848445526   -31397.8027425920      787.1156805570 109.8821019606   -.31398313E+05 -.31508138E+05
       415   -31507.6845244869   -31397.8024759612      787.1152977878 109.8820485257   -.31398314E+05 -.31508212E+05
       416   -31507.6895697217   -31397.8024772216      787.1514291624 109.8870925001   -.31398314E+05 -.31508299E+05
       417   -31507.7011591776   -31397.8024290208      787.2347928940 109.8987301568   -.31398314E+05 -.31508391E+05
       418   -31507.7198038109   -31397.8023911318      787.3686209328 109.9174126790   -.31398315E+05 -.31508483E+05
       419   -31507.7452783126   -31397.8027946058      787.5482115919 109.9424837068   -.31398315E+05 -.31508568E+05
       420   -31507.7752186719   -31397.8030173675      787.7610869060 109.9722013043   -.31398316E+05 -.31508640E+05
       421   -31507.8070155913   -31397.8031731600      787.9877409901 110.0038424313   -.31398316E+05 -.31508691E+05
       422   -31507.8373080638   -31397.8034226428      788.2029471779 110.0338854210   -.31398316E+05 -.31508715E+05
       423   -31507.8618832876   -31397.8036247247      788.3775386889 110.0582585629   -.31398316E+05 -.31508709E+05
       424   -31507.8763187388   -31397.8036835357      788.4805225117 110.0726352031   -.31398316E+05 -.31508669E+05
       425   -31507.8771311273   -31397.8043778303      788.4813684507 110.0727532970   -.31398316E+05 -.31508594E+05
       426   -31507.8591375963   -31397.8043997150      788.3523190794 110.0547378813   -.31398316E+05 -.31508485E+05
       427   -31507.8200214103   -31397.8046202442      788.0705393828 110.0154011661   -.31398316E+05 -.31508344E+05
       428   -31507.7570616187   -31397.8045634903      787.6199476446 109.9524981284   -.31398316E+05 -.31508177E+05
       429   -31507.6691724673   -31397.8042565749      786.9925720288 109.8649158923   -.31398315E+05 -.31507988E+05
       430   -31507.5571969256   -31397.8044140634      786.1893323315 109.7527828622   -.31398315E+05 -.31507785E+05
       431   -31507.4216278471   -31397.8041392648      785.2201822397 109.6174885823   -.31398314E+05 -.31507575E+05
       432   -31507.2657351618   -31397.8041243681      784.1035868211 109.4616107937   -.31398314E+05 -.31507367E+05
       433   -31507.0920602728   -31397.8033054860      782.8653717602 109.2887547867   -.31398313E+05 -.31507165E+05
       434   -31506.9067297175   -31397.8034160757      781.5370058994 109.1033136419   -.31398313E+05 -.31506978E+05
       435   -31506.7138142206   -31397.8036447841      780.1534608999 108.9101694364   -.31398313E+05 -.31506809E+05
       436   -31506.5172078561   -31397.8028500936      778.7508080908 108.7143577625   -.31398313E+05 -.31506661E+05
       437   -31506.3231071428   -31397.8023870992      777.3637279192 108.5207200437   -.31398313E+05 -.31506536E+05
       438   -31506.1357410249   -31397.8021700323      776.0231278576 108.3335709926   -.31398313E+05 -.31506431E+05
       439   -31505.9587201656   -31397.8023113470      774.7540665390 108.1564088186   -.31398313E+05 -.31506345E+05
       440   -31505.7939101133   -31397.8022167553      773.5741644476 107.9916933579   -.31398314E+05 -.31506273E+05
       441   -31505.6430989577   -31397.8023921525      772.4926062948 107.8407068052   -.31398314E+05 -.31506209E+05
       442   -31505.5059471019   -31397.8024349969      771.5098429711 107.7035121051   -.31398315E+05 -.31506147E+05
       443   -31505.3814868676   -31397.8024732849      770.6180258557 107.5790135827   -.31398315E+05 -.31506080E+05
       444   -31505.2679644353   -31397.8028523340      769.8021182566 107.4651121013   -.31398315E+05 -.31506003E+05
       445   -31505.1618375797   -31397.8028919565      769.0416186099 107.3589456232   -.31398316E+05 -.31505910E+05
       446   -31505.0607274436   -31397.8035333860      768.3127441953 107.2571940576   -.31398316E+05 -.31505798E+05
       447   -31504.9598526021   -31397.8034288282      767.5908989716 107.1564237739   -.31398316E+05 -.31505664E+05
       448   -31504.8569128351   -31397.8034692145      766.8532238452 107.0534436206   -.31398316E+05 -.31505509E+05
       449   -31504.7492674401   -31397.8036228443      766.0810298187 106.9456445958   -.31398315E+05 -.31505334E+05
       450   -31504.6351921070   -31397.8038988543      765.2618997358 106.8312932526   -.31398315E+05 -.31505145E+05
       451   -31504.5130708696   -31397.8033155222      764.3912903342 106.7097553474   -.31398315E+05 -.31504947E+05
       452   -31504.3854413287   -31397.8038083430      763.4735146624 106.5816329856   -.31398314E+05 -.31504747E+05
       453   -31504.2517997319   -31397.8030001889      762.5219922237 106.4487995430   -.31398313E+05 -.31504553E+05
       454   -31504.1172783199   -31397.8029471307      761.5587584675 106.3143311892   -.31398313E+05 -.31504375E+05
       455   -31503.9851353486   -31397.8027957240      760.6132666327 106.1823396246   -.31398312E+05 -.31504221E+05
       456   -31503.8602787118   -31397.8025626419      759.7205538770 106.0577160699   -.31398312E+05 -.31504099E+05
       457   -31503.7479101431   -31397.8021016664      758.9189290458 105.9458084766   -.31398312E+05 -.31504014E+05
       458   -31503.6535041615   -31397.8014456646      758.2473721882 105.8520584969   -.31398312E+05 -.31503971E+05
       459   -31503.5831383301   -31397.8015143087      757.7428306922 105.7816240214   -.31398312E+05 -.31503973E+05
       460   -31503.5401172952   -31397.8010974168      757.4376455125 105.7390198784   -.31398312E+05 -.31504020E+05
       461   -31503.5288572441   -31397.8010512031      757.3573177151 105.7278060410   -.31398312E+05 -.31504110E+05
       462   -31503.5512243921   -31397.8008756222      757.5187974742 105.7503487699   -.31398312E+05 -.31504238E+05
       463   -31503.6088124649   -31397.8011385827      757.9294330013 105.8076738823   -.31398313E+05 -.31504398E+05
       464   -31503.7005780973   -31397.8011558051      758.5866520647 105.8994222922   -.31398313E+05 -.31504584E+05
       465   -31503.8250975599   -31397.8011847372      759.4784119316 106.0239128227   -.31398314E+05 -.31504788E+05
       466   -31503.9798607174   -31397.8015546945      760.5843728365 106.1783060230   -.31398314E+05 -.31505002E+05
       467   -31504.1606659115   -31397.8018121532      761.8776858606 106.3588537583   -.31398315E+05 -.31505219E+05
       468   -31504.3632847420   -31397.8020691631      763.3272591697 106.5612155789   -.31398315E+05 -.31505432E+05
       469   -31504.5828343589   -31397.8020201016      764.9003048258 106.7808142573   -.31398315E+05 -.31505637E+05
       470   -31504.8154844760   -31397.8022835708      766.5649542208 107.0132009053   -.31398315E+05 -.31505832E+05
       471   -31505.0573090558   -31397.8029083802      768.2927344324 107.2544006756   -.31398315E+05 -.31506016E+05
       472   -31505.3043476654   -31397.8031353809      770.0607137853 107.5012122845   -.31398315E+05 -.31506191E+05
       473   -31505.5543454158   -31397.8029083658      771.8531425166 107.7514370500   -.31398314E+05 -.31506360E+05
       474   -31505.8070350229   -31397.8030160355      773.6624563172 108.0040189874   -.31398314E+05 -.31506529E+05
       475   -31506.0622474098   -31397.8031611378      775.4895733433 108.2590862721   -.31398314E+05 -.31506705E+05
       476   -31506.3206487454   -31397.8027577601      777.3434625968 108.5178909853   -.31398313E+05 -.31506895E+05
       477   -31506.5849759062   -31397.8023229760      779.2400251378 108.7826529303   -.31398313E+05 -.31507107E+05
       478   -31506.8585077117   -31397.8021872789      781.2003806339 109.0563204328   -.31398312E+05 -.31507346E+05
       479   -31507.1443391533   -31397.8020707188      783.2487047193 109.3422684345   -.31398312E+05 -.31507619E+05
       480   -31507.4455212679   -31397.8015655497      785.4097736049 109.6439557182   -.31398312E+05 -.31507931E+05
       481   -31507.7661682928   -31397.8015951523      787.7064442732 109.9645731405   -.31398312E+05 -.31508282E+05
       482   -31508.1080905897   -31397.8013813680      790.1572590062 110.3067092217   -.31398312E+05 -.31508673E+05
       483   -31508.4732797316   -31397.8012189170      792.7743728271 110.6720608146   -.31398312E+05 -.31509102E+05
       484   -31508.8619994827   -31397.8007827538      795.5620035413 111.0612167290   -.31398313E+05 -.31509563E+05
       485   -31509.2749584293   -31397.8014312176      798.5154967895 111.4735272117   -.31398313E+05 -.31510052E+05
       486   -31509.7083477855   -31397.8012736900      801.6211122117 111.9070740955   -.31398314E+05 -.31510558E+05
       487   -31510.1605960708   -31397.8018523793      804.8565455997 112.3587436915   -.31398314E+05 -.31511075E+05
       488   -31510.6265137284   -31397.8021190212      808.1921317379 112.8243947072   -.31398315E+05 -.31511592E+05
       489   -31511.1017577810   -31397.8026466570      811.5926558341 113.2991111240   -.31398315E+05 -.31512101E+05
       490   -31511.5803390218   -31397.8028240239      815.0195941986 113.7775149979   -.31398316E+05 -.31512594E+05
       491   -31512.0575335903   -31397.8034184032      818.4336122744 114.2541151871   -.31398316E+05 -.31513065E+05
       492   -31512.5270439604   -31397.8033780459      821.7971331190 114.7236659146   -.31398316E+05 -.31513510E+05
       493   -31512.9853217589   -31397.8038174689      825.0767551690 115.1815042900   -.31398316E+05 -.31513926E+05
       494   -31513.4282103994   -31397.8043673349      828.2453493199 115.6238430646   -.31398316E+05 -.31514312E+05
       495   -31513.8524083943   -31397.8044148865      831.2836554571 116.0479935078   -.31398316E+05 -.31514672E+05
       496   -31514.2566821300   -31397.8041782526      834.1812743528 116.4525038775   -.31398316E+05 -.31515009E+05
       497   -31514.6414030000   -31397.8041992276      836.9369853758 116.8372037724   -.31398315E+05 -.31515328E+05
       498   -31515.0071023071   -31397.8039536316      839.5583492401 117.2031486754   -.31398315E+05 -.31515637E+05
       499   -31515.3561716542   -31397.8037001094      842.0606449115 117.5524715449   -.31398314E+05 -.31515942E+05
       500   -31515.6922693718   -31397.8041164334      844.4652229444 117.8881529385   -.31398314E+05 -.31516249E+05
       501   -31516.0174837179   -31397.8037584882      846.7973867000 118.2137252297   -.31398314E+05 -.31516566E+05
       502   -31516.3366440543   -31397.8037096268      849.0839698696 118.5329344275   -.31398314E+05 -.31516896E+05
       503   -31516.6523602489   -31397.8029737288      851.3508031366 118.8493865200   -.31398313E+05 -.31517242E+05
       504   -31516.9690249839   -31397.8028213399      853.6202512241 119.1662036440   -.31398314E+05 -.31517606E+05
       505   -31517.2884535514   -31397.8027375741      855.9090058367 119.4857159774   -.31398314E+05 -.31517985E+05
       506   -31517.6117970420   -31397.8025818827      858.2263193408 119.8092151593   -.31398314E+05 -.31518377E+05
       507   -31517.9397354333   -31397.8029491659      860.5728011709 120.1367862674   -.31398315E+05 -.31518775E+05
       508   -31518.2703627558   -31397.8031306896      862.9398751998 120.4672320662   -.31398315E+05 -.31519174E+05
       509   -31518.6014340344   -31397.8033370976      865.3099511553 120.7980969368   -.31398316E+05 -.31519564E+05
       510   -31518.9294580891   -31397.8036690513      867.6572996912 121.1257890379   -.31398316E+05 -.31519938E+05
       511   -31519.2496376475   -31397.8038460107      869.9495662110 121.4457916368   -.31398316E+05 -.31520287E+05
       512   -31519.5567313123   -31397.8037829272      872.1498143738 121.7529483851   -.31398317E+05 -.31520604E+05
       513   -31519.8463336423   -31397.8045312531      874.2189549525 122.0418023892   -.31398317E+05 -.31520882E+05
       514   -31520.1116357209   -31397.8046725194      876.1183746891 122.3069632014   -.31398317E+05 -.31521118E+05
       515   -31520.3485363544   -31397.8050626468      877.8125644137 122.5434737077   -.31398317E+05 -.31521307E+05
       516   -31520.5524764557   -31397.8053261150      879.2715560854 122.7471503407   -.31398317E+05 -.31521451E+05
       517   -31520.7202328015   -31397.8053621563      880.4729826985 122.9148706452   -.31398317E+05 -.31521550E+05
       518   -31520.8503697472   -31397.8055843637      881.4035976563 123.0447853835   -.31398316E+05 -.31521609E+05
       519   -31520.9417260897   -31397.8052863351      882.0601430938 123.1364397546   -.31398316E+05 -.31521632E+05
       520   -31520.9958733145   -31397.8050803157      882.4494903126 123.1907929988   -.31398316E+05 -.31521626E+05
       521   -31521.0146645371   -31397.8045271748      882.5880593018 123.2101373623   -.31398315E+05 -.31521599E+05
       522   -31521.0024638323   -31397.8045430820      882.5005483549 123.1979207504   -.31398315E+05 -.31521557E+05
       523   -31520.9623055486   -31397.8038191754      882.2180690787 123.1584863732   -.31398314E+05 -.31521507E+05
       524   -31520.9003848922   -31397.8036351259      881.7758328051 123.0967497663   -.31398314E+05 -.31521455E+05
       525   -31520.8212059123   -31397.8033682851      881.2105634756 123.0178376272   -.31398314E+05 -.31521406E+05
       526   -31520.7299468234   -31397.8032296274      880.5578427964 122.9267171960   -.31398314E+05 -.31521361E+05
       527   -31520.6308967962   -31397.8030528681      879.8495864182 122.8278439281   -.31398314E+05 -.31521321E+05
       528   -31520.5274844134   -31397.8026315956      879.1118328042 122.7248528178   -.31398314E+05 -.31521285E+05
       529   -31520.4224744096   -31397.8021555661      878.3630272311 122.6203188435   -.31398314E+05 -.31521250E+05
       530   -31520.3182771209   -31397.8026734878      877.6129234137 122.5156036331   -.31398315E+05 -.31521211E+05
       531   -31520.2131658173   -31397.8023671274      876.8621768162 122.4107986899   -.31398315E+05 -.31521161E+05
       532   -31520.1074205273   -31397.8026507703      876.1026624439 122.3047697570   -.31398315E+05 -.31521096E+05
       533   -31519.9979556694   -31397.8026567153      875.3184930117 122.1952989541   -.31398316E+05 -.31521008E+05
       534   -31519.8823658047   -31397.8030549177      874.4876386252 122.0793108870   -.31398316E+05 -.31520893E+05
       535   -31519.7562378768   -31397.8030729205      873.5840206725 121.9531649564   -.31398316E+05 -.31520744E+05
       536   -31519.6163051691   -31397.8033120081      872.5799315980 121.8129931610   -.31398316E+05 -.31520559E+05
       537   -31519.4585670822   -31397.8035119246      871.4485782947 121.6550551576   -.31398316E+05 -.31520337E+05
       538   -31519.2798143133   -31397.8037304440      870.1665577937 121.4760838693   -.31398316E+05 -.31520078E+05
       539   -31519.0771490405   -31397.8035522002      868.7160875818 121.2735968402   -.31398316E+05 -.31519785E+05
       540   -31518.8498721740   -31397.8037246071      867.0868059574 121.0461475669   -.31398315E+05 -.31519462E+05
       541   -31518.5968897057   -31397.8033915762      865.2770086355 120.7934981295   -.31398315E+05 -.31519116E+05
       542   -31518.3204439035   -31397.8037432240      863.2942324661 120.5167006795   -.31398314E+05 -.31518754E+05
       543   -31518.0213448581   -31397.8032640845      861.1551360500 120.2180807736   -.31398314E+05 -.31518383E+05
       544   -31517.7043973800   -31397.8032739988      858.8846831814 119.9011233812   -.31398313E+05 -.31518013E+05
       545   -31517.3727358252   -31397.8024657337      856.5146901828 119.5702700915   -.31398313E+05 -.31517652E+05
       546   -31517.0329419229   -31397.8022990673      854.0818469975 119.2306428556   -.31398313E+05 -.31517306E+05
       547   -31516.6896493633   -31397.8019339978      851.6253631852 118.8877153655   -.31398312E+05 -.31516980E+05
       548   -31516.3483776564   -31397.8014203274      849.1844197644 118.5469573289   -.31398312E+05 -.31516681E+05
       549   -31516.0146228838   -31397.8011450099      846.7956148220 118.2134778738   -.31398312E+05 -.31516408E+05
       550   -31515.6923839736   -31397.8006861050      844.4906162530 117.8916978686   -.31398312E+05 -.31516162E+05
       551   -31515.3860216311   -31397.8009482946      842.2941805008 117.5850733365   -.31398313E+05 -.31515941E+05
       552   -31515.0964105273   -31397.8005166122      840.2227088682 117.2958939150   -.31398313E+05 -.31515740E+05
       553   -31514.8256332424   -31397.8004629912      838.2834408978 117.0251702513   -.31398313E+05 -.31515555E+05
       554   -31514.5731722316   -31397.8005536108      836.4743441937 116.7726186208   -.31398314E+05 -.31515378E+05
       555   -31514.3376511971   -31397.8009067619      834.7847126090 116.5367444353   -.31398314E+05 -.31515203E+05
       556   -31514.1158128610   -31397.8007979154      833.1964033662 116.3150149456   -.31398315E+05 -.31515023E+05
       557   -31513.9048465443   -31397.8007379141      831.6856234943 116.1041086303   -.31398315E+05 -.31514831E+05
       558   -31513.7017934678   -31397.8015726822      830.2251188555 115.9002207856   -.31398315E+05 -.31514622E+05
       559   -31513.5012057181   -31397.8018046970      828.7865917178 115.6994010211   -.31398315E+05 -.31514393E+05
       560   -31513.2998044469   -31397.8019082680      827.3431571807 115.4978961789   -.31398315E+05 -.31514143E+05
       561   -31513.0944623693   -31397.8019917338      825.8716375838 115.2924706355   -.31398315E+05 -.31513870E+05
       562   -31512.8830220139   -31397.8023405396      824.3545336444 115.0806814743   -.31398315E+05 -.31513578E+05
       563   -31512.6630804334   -31397.8019939897      822.7815141181 114.8610864437   -.31398314E+05 -.31513270E+05
       564   -31512.4350314184   -31397.8016614917      821.1503181540 114.6333699267   -.31398314E+05 -.31512954E+05
       565   -31512.2000474669   -31397.8016705153      819.4669989221 114.3983769517   -.31398313E+05 -.31512634E+05
       566   -31511.9600460703   -31397.8019916507      817.7455026088 114.1580544195   -.31398313E+05 -.31512320E+05
       567   -31511.7164194886   -31397.8011139897      816.0066254081 113.9153054989   -.31398312E+05 -.31512019E+05
       568   -31511.4748752898   -31397.8011094024      814.2764108207 113.6737658874   -.31398312E+05 -.31511738E+05
       569   -31511.2378504891   -31397.8003288326      812.5841285000 113.4375216566   -.31398312E+05 -.31511483E+05
       570   -31511.0108124613   -31397.8000229504      810.9599838577 113.2107895109   -.31398311E+05 -.31511260E+05
       571   -31510.7976872400   -31397.8001032930      809.4327338365 112.9975839469   -.31398311E+05 -.31511071E+05
       572   -31510.6014323058   -31397.8000355719      808.0273909377 112.8013967339   -.31398311E+05 -.31510917E+05
       573   -31510.4248039357   -31397.7998914831      806.7631855509 112.6249124526   -.31398312E+05 -.31510798E+05
       574   -31510.2694210373   -31397.7996378454      805.6519520428 112.4697831918   -.31398312E+05 -.31510710E+05
       575   -31510.1365461979   -31397.8000663397      804.6970636464 112.3364798582   -.31398312E+05 -.31510649E+05
       576   -31510.0244706004   -31397.8002409411      803.8929846362 112.2242296592   -.31398313E+05 -.31510607E+05
       577   -31509.9313099823   -31397.8002646469      803.2254797268 112.1310453354   -.31398313E+05 -.31510578E+05
       578   -31509.8537677318   -31397.7999222460      802.6724759980 112.0538454858   -.31398314E+05 -.31510553E+05
       579   -31509.7893327050   -31397.8006794003      802.2054864968 111.9886533047   -.31398314E+05 -.31510525E+05
       580   -31509.7316309959   -31397.8007719371      801.7914904377 111.9308590588   -.31398315E+05 -.31510486E+05
       581   -31509.6769079713   -31397.8013799300      801.3951391596 111.8755280413   -.31398315E+05 -.31510430E+05
       582   -31509.6191536867   -31397.8014248581      800.9811075224 111.8177288287   -.31398315E+05 -.31510352E+05
       583   -31509.5547155508   -31397.8018568148      800.5164252287 111.7528587359   -.31398315E+05 -.31510249E+05
       584   -31509.4788614567   -31397.8019191349      799.9726151005 111.6769423218   -.31398315E+05 -.31510120E+05
       585   -31509.3889322592   -31397.8020501621      799.3274889716 111.5868820971   -.31398315E+05 -.31509967E+05
       586   -31509.2823285436   -31397.8016825843      798.5664903340 111.4806459593   -.31398314E+05 -.31509791E+05
       587   -31509.1596399638   -31397.8022625906      797.6834835899 111.3573773732   -.31398314E+05 -.31509598E+05
       588   -31509.0191558099   -31397.8017352878      796.6809342203 111.2174205221   -.31398314E+05 -.31509393E+05
       589   -31508.8642295651   -31397.8019691715      795.5694795973 111.0622603935   -.31398313E+05 -.31509183E+05
       590   -31508.6956250141   -31397.8012435237      794.3669168980 110.8943814903   -.31398313E+05 -.31508975E+05
       591   -31508.5181805799   -31397.8011253707      793.0966800350 110.7170552092   -.31398313E+05 -.31508774E+05
       592   -31508.3350745874   -31397.8010069175      791.7858900250 110.5340676699   -.31398312E+05 -.31508588E+05
       593   -31508.1497811210   -31397.8003735785      790.4631188075 110.3494075425   -.31398312E+05 -.31508420E+05
       594   -31507.9675914600   -31397.8006564128      789.1560181989 110.1669350472   -.31398312E+05 -.31508272E+05
       595   -31507.7904842452   -31397.8004263994      787.8889982175 109.9900578458   -.31398312E+05 -.31508146E+05
       596   -31507.6216374334   -31397.8002009805      786.6811168610 109.8214364530   -.31398312E+05 -.31508040E+05
       597   -31507.4630352700   -31397.8002900710      785.5443678170 109.6627451990   -.31398313E+05 -.31507951E+05
       598   -31507.3147602564   -31397.8002549129      784.4824850116 109.5145053436   -.31398313E+05 -.31507874E+05
       599   -31507.1765306484   -31397.8005333082      783.4903141358 109.3759973402   -.31398313E+05 -.31507802E+05
       600   -31507.0458613054   -31397.8006016687      782.5538040525 109.2452596367   -.31398314E+05 -.31507729E+05
       601   -31506.9197039710   -31397.8005288549      781.6506259966 109.1191751161   -.31398314E+05 -.31507645E+05
       602   -31506.7942942487   -31397.8006513739      780.7514040689 108.9936428748   -.31398315E+05 -.31507543E+05
       603   -31506.6650515974   -31397.8012256608      779.8214896800 108.8638259366   -.31398315E+05 -.31507417E+05
       604   -31506.5263305341   -31397.8018703787      778.8231743059 108.7244601554   -.31398315E+05 -.31507260E+05
       605   -31506.3719620597   -31397.8017655301      777.7181415794 108.5701965297   -.31398316E+05 -.31507067E+05
       606   -31506.1976846926   -31397.8017339525      776.4699711235 108.3959507400   -.31398316E+05 -.31506837E+05
       607   -31505.9993265717   -31397.8020870873      775.0465478137 108.1972394843   -.31398316E+05 -.31506567E+05
       608   -31505.7726334507   -31397.8021563011      773.4221869193 107.9704771496   -.31398315E+05 -.31506260E+05
       609   -31505.5157412786   -31397.8025312324      771.5793119876 107.7132100462   -.31398315E+05 -.31505919E+05
       610   -31505.2269431808   -31397.8026683439      769.5095897133 107.4242748368   -.31398315E+05 -.31505549E+05
       611   -31504.9061620089   -31397.8022941606      767.2144264403 107.1038678484   -.31398314E+05 -.31505155E+05
       612   -31504.5556113169   -31397.8020943378      764.7047669237 106.7535169791   -.31398314E+05 -.31504744E+05
       613   -31504.1777672745   -31397.8018085853      762.0002131788 106.3759586892   -.31398313E+05 -.31504324E+05
       614   -31503.7765536219   -31397.8016254928      759.1275211149 105.9749281290   -.31398313E+05 -.31503900E+05
       615   -31503.3561268350   -31397.8012519792      756.1185641317 105.5548748558   -.31398313E+05 -.31503479E+05
       616   -31502.9214887933   -31397.8008620064      753.0079259276 105.1206267869   -.31398312E+05 -.31503064E+05
       617   -31502.4777810075   -31397.8007554924      749.8302881624 104.6770255151   -.31398312E+05 -.31502659E+05
       618   -31502.0290154458   -31397.8004541541      746.6178157391 104.2285612918   -.31398312E+05 -.31502263E+05
       619   -31501.5794370484   -31397.8003994038      743.3977543718 103.7790376446   -.31398313E+05 -.31501876E+05
       620   -31501.1318619203   -31397.8005714726      740.1904182061 103.3312904477   -.31398313E+05 -.31501495E+05
       621   -31500.6867797315   -31397.7997921696      737.0077545865 102.8869875619   -.31398313E+05 -.31501116E+05
       622   -31500.2461181330   -31397.7995929991      733.8526012209 102.4465251338   -.31398314E+05 -.31500731E+05
       623   -31499.8089246196   -31397.7998948741      730.7187015757 102.0090297455   -.31398314E+05 -.31500336E+05
       624   -31499.3728524981   -31397.8003848454      727.5914873835 101.5724676528   -.31398315E+05 -.31499924E+05
       625   -31498.9342740445   -31397.8004205978      724.4495733402 101.1338534468   -.31398315E+05 -.31499489E+05
       626   -31498.4897794678   -31397.8002378701      721.2668455142 100.6895415976   -.31398315E+05 -.31499025E+05
       627   -31498.0364560119   -31397.8008799201      718.0149658928 100.2355760918   -.31398315E+05 -.31498529E+05
       628   -31497.5694013198   -31397.8013294180      714.6661049589  99.7680719019   -.31398315E+05 -.31498000E+05
       629   -31497.0852395790   -31397.8016432686      711.1956732133  99.2835963104   -.31398315E+05 -.31497437E+05
       630   -31496.5807761340   -31397.8012576384      707.5848253575  98.7795184956   -.31398315E+05 -.31496843E+05
       631   -31496.0561216252   -31397.8018203846      703.8225498852  98.2543012406   -.31398314E+05 -.31496223E+05
       632   -31495.5094160438   -31397.8017075065      699.9071562042  97.7077085373   -.31398314E+05 -.31495583E+05
       633   -31494.9422607711   -31397.8013482278      695.8470408025  97.1409125433   -.31398313E+05 -.31494931E+05
       634   -31494.3576717720   -31397.8011798309      691.6606754911  96.5564919412   -.31398313E+05 -.31494275E+05
       635   -31493.7588931535   -31397.8005743025      687.3757973309  95.9583188511   -.31398312E+05 -.31493623E+05
       636   -31493.1520073875   -31397.8006649318      683.0278586765  95.3513424557   -.31398312E+05 -.31492986E+05
       637   -31492.5414613541   -31397.8001741227      678.6578655251  94.7412872314   -.31398311E+05 -.31492370E+05
       638   -31491.9340594228   -31397.7997711453      674.3097652778  94.1342882775   -.31398311E+05 -.31491781E+05
       639   -31491.3356744882   -31397.7991825199      670.0275861021  93.5364919682   -.31398311E+05 -.31491225E+05
       640   -31490.7526248412   -31397.7989703607      665.8525610735  92.9536544804   -.31398311E+05 -.31490704E+05
       641   -31490.1896294264   -31397.7988600689      661.8204603157  92.3907693575   -.31398311E+05 -.31490218E+05
       642   -31489.6504053138   -31397.7986505840      657.9593504720  91.8517547298   -.31398311E+05 -.31489765E+05
       643   -31489.1378643784   -31397.7986395777      654.2879577996  91.3392248007   -.31398312E+05 -.31489342E+05
       644   -31488.6528160900   -31397.7984518253      650.8147685910  90.8543642647   -.31398312E+05 -.31488943E+05
       645   -31488.1957915649   -31397.7988757165      647.5379399259  90.3969158484   -.31398312E+05 -.31488561E+05
       646   -31487.7644376954   -31397.7991564356      644.4460227990  89.9652812598   -.31398313E+05 -.31488189E+05
       647   -31487.3556617156   -31397.7989346729      641.5194367134  89.5567270427   -.31398313E+05 -.31487821E+05
       648   -31486.9668278788   -31397.7991488701      638.7325787756  89.1676790087   -.31398314E+05 -.31487451E+05
       649   -31486.5936609329   -31397.7995792001      636.0563988623  88.7940817327   -.31398314E+05 -.31487072E+05
       650   -31486.2313475354   -31397.7995568121      633.4612088416  88.4317907233   -.31398314E+05 -.31486683E+05
       651   -31485.8770360539   -31397.8000677354      630.9195184873  88.0769683184   -.31398314E+05 -.31486281E+05
       652   -31485.5265165116   -31397.8000653565      628.4086677606  87.7264511551   -.31398314E+05 -.31485867E+05
       653   -31485.1780398490   -31397.7999819361      625.9130312642  87.3780579129   -.31398313E+05 -.31485445E+05
       654   -31484.8309290211   -31397.8001154047      623.4256249815  87.0308136164   -.31398313E+05 -.31485020E+05
       655   -31484.4848575249   -31397.7997830809      620.9490003164  86.6850744440   -.31398312E+05 -.31484597E+05
       656   -31484.1419207858   -31397.7993789965      618.4953448181  86.3425417893   -.31398312E+05 -.31484186E+05
       657   -31483.8057681305   -31397.7996042519      616.0857774425  86.0061638786   -.31398311E+05 -.31483793E+05
       658   -31483.4788611543   -31397.7989257685      613.7489131343  85.6799353858   -.31398311E+05 -.31483429E+05
       659   -31483.1673264778   -31397.7987157404      611.5188091582  85.3686107374   -.31398310E+05 -.31483101E+05
       660   -31482.8757594563   -31397.7984057770      609.4324548445  85.0773536794   -.31398310E+05 -.31482815E+05
       661   -31482.6096552768   -31397.7983055972      607.5269951238  84.8113496796   -.31398310E+05 -.31482577E+05
       662   -31482.3733160140   -31397.7979006484      605.8369328220  84.5754153656   -.31398310E+05 -.31482390E+05
       663   -31482.1716241089   -31397.7979884307      604.3915294933  84.3736356782   -.31398310E+05 -.31482255E+05
       664   -31482.0069968602   -31397.7979398605      603.2126072106  84.2090569998   -.31398310E+05 -.31482170E+05
       665   -31481.8810407572   -31397.7975791066      602.3129332235  84.0834616506   -.31398310E+05 -.31482131E+05
       666   -31481.7950690808   -31397.7978267473      601.6953205715  83.9972423335   -.31398311E+05 -.31482134E+05
       667   -31481.7472395784   -31397.7978525791      601.3525196673  83.9493869994   -.31398311E+05 -.31482171E+05
       668   -31481.7352937863   -31397.7977217107      601.2678861226  83.9375720756   -.31398312E+05 -.31482235E+05
       669   -31481.7567564322   -31397.7983988831      601.4167781792  83.9583575491   -.31398312E+05 -.31482317E+05
       670   -31481.8061570670   -31397.7986923124      601.7685465818  84.0074647546   -.31398313E+05 -.31482410E+05
       671   -31481.8787979970   -31397.7986838196      602.2889543541  84.0801141774   -.31398313E+05 -.31482507E+05
       672   -31481.9707973043   -31397.7994007331      602.9428352151  84.1713965711   -.31398313E+05 -.31482603E+05
       673   -31482.0763028085   -31397.7996588421      603.6967512183  84.2766439664   -.31398314E+05 -.31482693E+05
       674   -31482.1916647756   -31397.7998909586      604.5214579642  84.3917738170   -.31398313E+05 -.31482777E+05
       675   -31482.3137274615   -31397.8001470256      605.3939922353  84.5135804359   -.31398313E+05 -.31482855E+05
       676   -31482.4402606285   -31397.8003092857      606.2992217543  84.6399513427   -.31398313E+05 -.31482930E+05
       677   -31482.5700373867   -31397.8000432021      607.2307543530  84.7699941846   -.31398313E+05 -.31483007E+05
       678   -31482.7040571935   -31397.7999903470      608.1911536592  84.9040668465   -.31398312E+05 -.31483092E+05
       679   -31482.8432294003   -31397.7995180997      609.1914652435  85.0437113006   -.31398312E+05 -.31483192E+05
       680   -31482.9908185125   -31397.7993211785      610.2500971976  85.1914973340   -.31398311E+05 -.31483315E+05
       681   -31483.1500020774   -31397.7992133515      611.3911451948  85.3507887260   -.31398311E+05 -.31483468E+05
       682   -31483.3241923599   -31397.7987404882      612.6423052874  85.5254518717   -.31398311E+05 -.31483656E+05
       683   -31483.5184457930   -31397.7989167732      614.0325332116  85.7195290199   -.31398310E+05 -.31483886E+05
       684   -31483.7354456836   -31397.7985466362      615.5896144295  85.9368990474   -.31398310E+05 -.31484160E+05
       685   -31483.9790626276   -31397.7981122498      617.3378211493  86.1809503778   -.31398310E+05 -.31484479E+05
       686   -31484.2525175273   -31397.7982281119      619.2958237604  86.4542894153   -.31398311E+05 -.31484841E+05
       687   -31484.5565447938   -31397.7980410162      621.4749948041  86.7585037776   -.31398311E+05 -.31485244E+05
       688   -31484.8924058222   -31397.7984074343      623.8782348563  87.0939983879   -.31398311E+05 -.31485682E+05
       689   -31485.2582544796   -31397.7983357365      626.4994228778  87.4599187431   -.31398312E+05 -.31486147E+05
       690   -31485.6531370937   -31397.7989716816      629.3235200661  87.8541654121   -.31398312E+05 -.31486632E+05
       691   -31486.0725096345   -31397.7990159981      632.3272833241  88.2734936363   -.31398313E+05 -.31487128E+05
       692   -31486.5129008746   -31397.7992133629      635.4805129733  88.7136875117   -.31398313E+05 -.31487625E+05
       693   -31486.9691274464   -31397.7993314585      638.7477432789  89.1697959878   -.31398314E+05 -.31488116E+05
       694   -31487.4359653793   -31397.7995495062      642.0902696960  89.6364158731   -.31398314E+05 -.31488594E+05
       695   -31487.9081610316   -31397.8001552399      645.4683978272  90.1080057917   -.31398314E+05 -.31489053E+05
       696   -31488.3794760237   -31397.8002686897      648.8437439121  90.5792073341   -.31398314E+05 -.31489491E+05
       697   -31488.8455834211   -31397.8004330274      652.1814220413  91.0451503937   -.31398314E+05 -.31489906E+05
       698   -31489.3025646274   -31397.8008438257      655.4519612922  91.5017208017   -.31398314E+05 -.31490298E+05
       699   -31489.7463500881   -31397.8005785713      658.6328185437  91.9457715168   -.31398314E+05 -.31490671E+05
       700   -31490.1760943381   -31397.8008320851      661.7093786665  92.3752622530   -.31398313E+05 -.31491029E+05
       701   -31490.5901111663   -31397.8007913230      664.6753869262  92.7893198434   -.31398313E+05 -.31491377E+05
       702   -31490.9889449725   -31397.8007288289      667.5327907002  93.1882161436   -.31398313E+05 -.31491723E+05
       703   -31491.3736464880   -31397.8003825508      670.2909938172  93.5732639372   -.31398312E+05 -.31492070E+05
       704   -31491.7469280996   -31397.8002893738      672.9655799923  93.9466387258   -.31398312E+05 -.31492427E+05
       705   -31492.1116617812   -31397.8005250097      675.5765796201  94.3111367715   -.31398312E+05 -.31492796E+05
       706   -31492.4695522803   -31397.7996656794      678.1464031949  94.6698866009   -.31398312E+05 -.31493181E+05
       707   -31492.8254953463   -31397.7994595674      680.6975975895  95.0260357788   -.31398312E+05 -.31493584E+05
       708   -31493.1818295679   -31397.7993936047      683.2505900119  95.3824359632   -.31398312E+05 -.31494004E+05
       709   -31493.5406010314   -31397.7992517965      685.8215843694  95.7413492349   -.31398312E+05 -.31494438E+05
       710   -31493.9031761497   -31397.7989741744      688.4207982232  96.1042019753   -.31398312E+05 -.31494882E+05
       711   -31494.2710707820   -31397.7996650836      691.0511793611  96.4714056984   -.31398313E+05 -.31495330E+05
       712   -31494.6417886163   -31397.7995285836      693.7077108309  96.8422600328   -.31398313E+05 -.31495774E+05
       713   -31495.0147138930   -31397.7997660258      696.3773761646  97.2149478672   -.31398314E+05 -.31496208E+05
       714   -31495.3860115158   -31397.7993862392      699.0398035467  97.5866252766   -.31398314E+05 -.31496623E+05
       715   -31495.7534967577   -31397.7998978151      701.6685367228  97.9535989426   -.31398315E+05 -.31497013E+05
       716   -31496.1116777072   -31397.8001014996      704.2328262066  98.3115762076   -.31398315E+05 -.31497372E+05
       717   -31496.4567306781   -31397.8007597768      706.6998200017  98.6559709013   -.31398315E+05 -.31497694E+05
       718   -31496.7834273659   -31397.8011880013      709.0369706291  98.9822393646   -.31398315E+05 -.31497978E+05
       719   -31497.0873038731   -31397.8010847508      711.2144611359  99.2862191223   -.31398315E+05 -.31498222E+05
       720   -31497.3661295214   -31397.8016842620      713.2074713833  99.5644452594   -.31398315E+05 -.31498427E+05
       721   -31497.6158224805   -31397.8014031415      714.9981043832  99.8144193391   -.31398315E+05 -.31498597E+05
       722   -31497.8363674402   -31397.8015595628      716.5768080235 100.0348078775   -.31398314E+05 -.31498736E+05
       723   -31498.0268982222   -31397.8013418430      717.9431919397 100.2255563792   -.31398314E+05 -.31498849E+05
       724   -31498.1887842390   -31397.8008756984      719.1061650696 100.3879085407   -.31398314E+05 -.31498945E+05
       725   -31498.3255726447   -31397.8012460796      720.0833648516 100.5243265650   -.31398313E+05 -.31499031E+05
       726   -31498.4394067651   -31397.8010887459      720.8999169511 100.6383180192   -.31398313E+05 -.31499112E+05
       727   -31498.5344020963   -31397.8002204881      721.5866141720 100.7341816082   -.31398312E+05 -.31499197E+05
       728   -31498.6169424667   -31397.8002521295      722.1776468624 100.8166903371   -.31398312E+05 -.31499290E+05
       729   -31498.6912095737   -31397.8004753434      722.7080436083 100.8907342302   -.31398312E+05 -.31499395E+05
       730   -31498.7611054790   -31397.8001541597      723.2110279054 100.9609513193   -.31398312E+05 -.31499513E+05
       731   -31498.8313485162   -31397.7999729248      723.7154963122 101.0313755914   -.31398312E+05 -.31499647E+05
       732   -31498.9044837004   -31397.7993561493      724.2438018594 101.1051275512   -.31398312E+05 -.31499793E+05
       733   -31498.9836746439   -31397.7994991485      724.8100439986 101.1841754955   -.31398313E+05 -.31499948E+05
       734   -31499.0688158773   -31397.7996298261      725.4189979612 101.2691860512   -.31398313E+05 -.31500108E+05
       735   -31499.1591310192   -31397.7996570200      726.0657553342 101.3594739991   -.31398314E+05 -.31500267E+05
       736   -31499.2526305386   -31397.7995709798      726.7361344050 101.4530595587   -.31398314E+05 -.31500417E+05
       737   -31499.3472109923   -31397.8003821211      727.4078297483 101.5468288712   -.31398314E+05 -.31500551E+05
       738   -31499.4374880398   -31397.8007034944      728.0522069537 101.6367845455   -.31398315E+05 -.31500662E+05
       739   -31499.5193178012   -31397.8009492139      728.6366158558 101.7183685873   -.31398315E+05 -.31500744E+05
       740   -31499.5876585305   -31397.8008259388      729.1270423261 101.7868325917   -.31398315E+05 -.31500792E+05
       741   -31499.6385680242   -31397.8009429794      729.4908826202 101.8376250448   -.31398315E+05 -.31500803E+05
       742   -31499.6685310168   -31397.8017646982      729.6996295700 101.8667663186   -.31398315E+05 -.31500775E+05
       743   -31499.6725843095   -31397.8014010458      729.7312693607 101.8711832637   -.31398315E+05 -.31500709E+05
       744   -31499.6503959696   -31397.8014215077      729.5721816131 101.8489744619   -.31398315E+05 -.31500607E+05
       745   -31499.6013631540   -31397.8017757538      729.2184085230 101.7995874001   -.31398315E+05 -.31500476E+05
       746   -31499.5253560798   -31397.8014621512      728.6761953938 101.7238939286   -.31398314E+05 -.31500319E+05
       747   -31499.4255027388   -31397.8013479198      727.9617367531 101.6241548189   -.31398314E+05 -.31500145E+05
       748   -31499.3048921844   -31397.8010127487      727.1001711437 101.5038794357   -.31398313E+05 -.31499962E+05
       749   -31499.1681965986   -31397.8006058884      726.1238975653 101.3675907102   -.31398313E+05 -.31499778E+05
       750   -31499.0206858917   -31397.8001756577      725.0703197113 101.2205102340   -.31398312E+05 -.31499601E+05
       751   -31498.8679406720   -31397.7997511155      723.9792048566 101.0681895565   -.31398312E+05 -.31499437E+05
       752   -31498.7153999090   -31397.7992837136      722.8898615978 100.9161161955   -.31398312E+05 -.31499291E+05
       753   -31498.5683323836   -31397.7990090835      721.8383437645 100.7693233001   -.31398312E+05 -.31499167E+05
       754   -31498.4313382873   -31397.7993051875      720.8548963462 100.6320330997   -.31398312E+05 -.31499067E+05
       755   -31498.3064104646   -31397.7990484764      719.9618429281 100.5073619883   -.31398312E+05 -.31498989E+05
       756   -31498.1961715200   -31397.7990627378      719.1720689267 100.3971087822   -.31398312E+05 -.31498932E+05
       757   -31498.1007315343   -31397.7990877645      718.4882268190 100.3016437698   -.31398312E+05 -.31498889E+05
       758   -31498.0191191575   -31397.7992123570      717.9027224555 100.2199068005   -.31398313E+05 -.31498855E+05
       759   -31497.9487727078   -31397.7992566493      717.3984942346 100.1495160585   -.31398313E+05 -.31498823E+05
       760   -31497.8864284996   -31397.7994505179      716.9505168110 100.0869779817   -.31398314E+05 -.31498785E+05
       761   -31497.8277713903   -31397.7997893740      716.5279125052 100.0279820163   -.31398314E+05 -.31498735E+05
       762   -31497.7683854890   -31397.8006265064      716.0965183718  99.9677589826   -.31398315E+05 -.31498665E+05
       763   -31497.7022252181   -31397.8007511885      715.6217010453  99.9014740296   -.31398315E+05 -.31498570E+05
       764   -31497.6258084712   -31397.8011824290      715.0712178013  99.8246260422   -.31398315E+05 -.31498448E+05
       765   -31497.5345482277   -31397.8011276350      714.4178881130  99.7334205927   -.31398315E+05 -.31498295E+05
       766   -31497.4263242290   -31397.8012367563      713.6418682154  99.6250874727   -.31398315E+05 -.31498114E+05
       767   -31497.2990618776   -31397.8009426620      712.7323597124  99.4981192156   -.31398314E+05 -.31497906E+05
       768   -31497.1534875672   -31397.8010768446      711.6886097513  99.3524107226   -.31398314E+05 -.31497678E+05
       769   -31496.9899844142   -31397.8006962834      710.5201178173  99.1892881308   -.31398314E+05 -.31497435E+05
       770   -31496.8119589799   -31397.8005343254      709.2460328778  99.0114246545   -.31398313E+05 -.31497184E+05
       771   -31496.6233057854   -31397.8006560638      707.8937861775  98.8226497216   -.31398313E+05 -.31496935E+05
       772   -31496.4281573657   -31397.8004923731      706.4970570021  98.6276649926   -.31398312E+05 -.31496696E+05
       773   -31496.2321568152   -31397.8004650992      705.0932465887  98.4316917160   -.31398312E+05 -.31496474E+05
       774   -31496.0398154538   -31397.7997404074      703.7206437478  98.2400750464   -.31398311E+05 -.31496275E+05
       775   -31495.8574039184   -31397.7995264537      702.4155124215  98.0578774647   -.31398311E+05 -.31496104E+05
       776   -31495.6884914054   -31397.7989970335      701.2093380735  97.8894943719   -.31398311E+05 -.31495964E+05
       777   -31495.5371392036   -31397.7988174649      700.1264469756  97.7383217388   -.31398311E+05 -.31495856E+05
       778   -31495.4054242583   -31397.7989210586      699.1821945700  97.6065031997   -.31398312E+05 -.31495777E+05
       779   -31495.2937218719   -31397.7989473167      698.3818515980  97.4947745552   -.31398312E+05 -.31495723E+05
       780   -31495.2015392657   -31397.7991199933      697.7202853377  97.4024192724   -.31398313E+05 -.31495688E+05
       781   -31495.1267510264   -31397.7994130987      697.1824570409  97.3273379276   -.31398313E+05 -.31495666E+05
       782   -31495.0655764333   -31397.7993530773      696.7446765765  97.2662233560   -.31398313E+05 -.31495649E+05
       783   -31495.0142672866   -31397.7994395716      696.3765154811  97.2148277149   -.31398314E+05 -.31495627E+05
       784   -31494.9683008039   -31397.8000000960      696.0432297492  97.1683007079   -.31398314E+05 -.31495595E+05
       785   -31494.9216306404   -31397.8000605018      695.7084858446  97.1215701386   -.31398315E+05 -.31495544E+05
       786   -31494.8706981258   -31397.8009635119      695.3371737418  97.0697346139   -.31398315E+05 -.31495471E+05
       787   -31494.8091577453   -31397.8007193130      694.8980923550  97.0084384323   -.31398315E+05 -.31495373E+05
       788   -31494.7351988295   -31397.8010012578      694.3662846769  96.9341975717   -.31398315E+05 -.31495248E+05
       789   -31494.6453947119   -31397.8007424874      693.7248467574  96.8446522245   -.31398315E+05 -.31495097E+05
       790   -31494.5401146277   -31397.8013872264      692.9660781516  96.7387274013   -.31398314E+05 -.31494925E+05
       791   -31494.4174675154   -31397.8007784894      692.0918837452  96.6166890259   -.31398314E+05 -.31494736E+05
       792   -31494.2808712594   -31397.8007794545      691.1134003279  96.4800918049   -.31398313E+05 -.31494536E+05
       793   -31494.1324189513   -31397.8007954262      690.0498812566  96.3316235251   -.31398313E+05 -.31494334E+05
       794   -31493.9751072303   -31397.8002491424      688.9269273666  96.1748580879   -.31398312E+05 -.31494136E+05
       795   -31493.8138880349   -31397.7999499934      687.7742128699  96.0139380414   -.31398312E+05 -.31493950E+05
       796   -31493.6528350563   -31397.7996243124      686.6228790868  95.8532107440   -.31398312E+05 -.31493782E+05
       797   -31493.4962866116   -31397.7994397136      685.5028019053  95.6968468980   -.31398311E+05 -.31493636E+05
       798   -31493.3476538615   -31397.7991787844      684.4399737952  95.5484750771   -.31398311E+05 -.31493515E+05
       799   -31493.2094319199   -31397.7985713310      683.4542034138  95.4108605889   -.31398312E+05 -.31493419E+05
       800   -31493.0843751207   -31397.7987190145      682.5573293113  95.2856561062   -.31398312E+05 -.31493348E+05
       801   -31492.9725204262   -31397.7992740566      681.7521074893  95.1732463696   -.31398312E+05 -.31493296E+05
       802   -31492.8720560208   -31397.7993558342      681.0318675613  95.0727001866   -.31398313E+05 -.31493258E+05
       803   -31492.7816057228   -31397.7997708609      680.3809742794  94.9818348618   -.31398313E+05 -.31493228E+05
       804   -31492.6973238654   -31397.7999358552      679.7760582838  94.8973880102   -.31398314E+05 -.31493196E+05
       805   -31492.6156521682   -31397.8003689311      679.1879192401  94.8152832371   -.31398314E+05 -.31493155E+05
       806   -31492.5313678399   -31397.8004014785      678.5839342980  94.7309663614   -.31398315E+05 -.31493097E+05
       807   -31492.4403651594   -31397.8005796229      677.9307810023  94.6397855365   -.31398315E+05 -.31493016E+05
       808   -31492.3379823243   -31397.8005984099      677.1972500538  94.5373839144   -.31398315E+05 -.31492906E+05
       809   -31492.2214364118   -31397.8013643591      676.3569129634  94.4200720527   -.31398315E+05 -.31492764E+05
       810   -31492.0859770672   -31397.8008267723      675.3904313497  94.2851502949   -.31398315E+05 -.31492590E+05
       811   -31491.9324275696   -31397.8012722331      674.2873231608  94.1311553365   -.31398315E+05 -.31492385E+05
       812   -31491.7588114903   -31397.8008007366      673.0470409518  93.9580107537   -.31398314E+05 -.31492153E+05
       813   -31491.5679478396   -31397.8008792427      671.6792698311  93.7670685968   -.31398314E+05 -.31491902E+05
       814   -31491.3620530775   -31397.8010136307      670.2034264340  93.5610394468   -.31398313E+05 -.31491637E+05
       815   -31491.1439490491   -31397.8001354290      668.6473781658  93.3438136200   -.31398313E+05 -.31491368E+05
       816   -31490.9205139489   -31397.8003266394      667.0454814742  93.1201873095   -.31398312E+05 -.31491105E+05
       817   -31490.6952492231   -31397.7997336406      665.4360961765  92.8955155824   -.31398312E+05 -.31490855E+05
       818   -31490.4744614328   -31397.7991439032      663.8587570362  92.6753175295   -.31398311E+05 -.31490627E+05
       819   -31490.2636737610   -31397.7988080796      662.3512326376  92.4648656814   -.31398311E+05 -.31490428E+05
       820   -31490.0678030120   -31397.7990138575      660.9466826140  92.2687891545   -.31398311E+05 -.31490261E+05
       821   -31489.8894830700   -31397.7987583398      659.6711582292  92.0907247302   -.31398311E+05 -.31490128E+05
       822   -31489.7316369877   -31397.7985924750      658.5416515168  91.9330445127   -.31398311E+05 -.31490030E+05
       823   -31489.5953437731   -31397.7986643806      657.5648307016  91.7966793925   -.31398312E+05 -.31489962E+05
       824   -31489.4799673578   -31397.7989112640      656.7365892520  91.6810560938   -.31398312E+05 -.31489920E+05
       825   -31489.3831563633   -31397.7990048854      656.0424348693  91.5841514779   -.31398313E+05 -.31489897E+05
       826   -31489.3020528786   -31397.7993905246      655.4587058892  91.5026623539   -.31398313E+05 -.31489884E+05
       827   -31489.2322618442   -31397.7999836157      654.9545250643  91.4322782285   -.31398314E+05 -.31489872E+05
       828   -31489.1681956773   -31397.8001620511      654.4943233304  91.3680336262   -.31398314E+05 -.31489853E+05
       829   -31489.1048150942   -31397.8001008369      654.0407492972  91.3047142573   -.31398315E+05 -.31489818E+05
       830   -31489.0379465815   -31397.8006614673      653.5577358227  91.2372851142   -.31398315E+05 -.31489761E+05
       831   -31488.9621005126   -31397.8007954774      653.0134696454  91.1613050352   -.31398315E+05 -.31489677E+05
       832   -31488.8739664945   -31397.8006713770      652.3830304284  91.0732951174   -.31398315E+05 -.31489565E+05
       833   -31488.7720493033   -31397.8010172776      651.6504918113  90.9710320257   -.31398315E+05 -.31489424E+05
       834   -31488.6547003540   -31397.8009565087      650.8103243564  90.8537438453   -.31398314E+05 -.31489257E+05
       835   -31488.5231933613   -31397.8010013358      649.8679825345  90.7221920255   -.31398314E+05 -.31489069E+05
       836   -31488.3794615066   -31397.8008290676      648.8396257808  90.5786324390   -.31398314E+05 -.31488868E+05
       837   -31488.2271332936   -31397.8004718603      647.7510157213  90.4266614333   -.31398313E+05 -.31488661E+05
       838   -31488.0710255586   -31397.8000680920      646.6356654370  90.2709574667   -.31398312E+05 -.31488459E+05
       839   -31487.9165939302   -31397.7996548503      645.5323894244  90.1169390799   -.31398312E+05 -.31488270E+05
       840   -31487.7699972611   -31397.7996314384      644.4824449199  89.9703658227   -.31398311E+05 -.31488103E+05
       841   -31487.6360866060   -31397.7991725176      643.5264934880  89.8369140884   -.31398311E+05 -.31487967E+05
       842   -31487.5203926789   -31397.7986306566      642.7016276070  89.7217620223   -.31398311E+05 -.31487866E+05
       843   -31487.4281835208   -31397.7989709272      642.0386706264  89.6292125936   -.31398311E+05 -.31487804E+05
       844   -31487.3608489997   -31397.7984629450      641.5599737708  89.5623860547   -.31398311E+05 -.31487783E+05
       845   -31487.3213063752   -31397.7982996580      641.2778887592  89.5230067172   -.31398311E+05 -.31487802E+05
       846   -31487.3098477390   -31397.7985501612      641.1940129775  89.5112975779   -.31398311E+05 -.31487855E+05
       847   -31487.3247492736   -31397.7987560716      641.2992817702  89.5259932020   -.31398312E+05 -.31487938E+05
       848   -31487.3638107189   -31397.7993428912      641.5748860828  89.5644678277   -.31398312E+05 -.31488043E+05
       849   -31487.4220167539   -31397.7990498344      641.9939311474  89.6229669196   -.31398313E+05 -.31488161E+05
       850   -31487.4964696676   -31397.7995426177      642.5237278777  89.6969270499   -.31398313E+05 -.31488285E+05
       851   -31487.5812534377   -31397.7998974314      643.1285156847  89.7813560063   -.31398314E+05 -.31488405E+05
       852   -31487.6713110778   -31397.8000668996      643.7724093521  89.8712441782   -.31398314E+05 -.31488514E+05
       853   -31487.7625366503   -31397.8005597281      644.4223529208  89.9619769222   -.31398314E+05 -.31488608E+05
       854   -31487.8505761607   -31397.8008625943      645.0508346042  90.0497135664   -.31398314E+05 -.31488682E+05
       855   -31487.9326585969   -31397.8009548777      645.6381525916  90.1317037192   -.31398314E+05 -.31488736E+05
       856   -31488.0068529353   -31397.8003349416      646.1740677909  90.2065179937   -.31398314E+05 -.31488771E+05
       857   -31488.0746605112   -31397.8004876617      646.6586981073  90.2741728495   -.31398314E+05 -.31488791E+05
       858   -31488.1367890593   -31397.8006494516      647.1025830182  90.3361396077   -.31398313E+05 -.31488802E+05
       859   -31488.1956714156   -31397.8004344719      647.5259134704  90.3952369438   -.31398313E+05 -.31488811E+05
       860   -31488.2554843657   -31397.8000713748      647.9569710256  90.4554129908   -.31398312E+05 -.31488829E+05
       861   -31488.3211787466   -31397.7997445343      648.4298991710  90.5214342123   -.31398312E+05 -.31488863E+05
       862   -31488.3977192520   -31397.7992135872      648.9819831563  90.5985056648   -.31398311E+05 -.31488922E+05
       863   -31488.4908939279   -31397.7990417367      649.6506499671  90.6918521912   -.31398311E+05 -.31489014E+05
       864   -31488.6050448524   -31397.7987506343      650.4704296424  90.8062942181   -.31398311E+05 -.31489146E+05
       865   -31488.7443716208   -31397.7985198741      651.4701185557  90.9458517467   -.31398311E+05 -.31489320E+05
       866   -31488.9116304434   -31397.7982206566      652.6703828243  91.1134097868   -.31398311E+05 -.31489537E+05
       867   -31489.1086325752   -31397.7981599116      654.0819983432  91.3104726635   -.31398311E+05 -.31489797E+05
       868   -31489.3357247451   -31397.7986989869      655.7048603936  91.5370257582   -.31398311E+05 -.31490094E+05
       869   -31489.5902384451   -31397.7987221380      657.5278461031  91.7915163071   -.31398312E+05 -.31490424E+05
       870   -31489.8700127187   -31397.7990565330      659.5295507145  92.0709561857   -.31398312E+05 -.31490776E+05
       871   -31490.1704812238   -31397.7993444909      661.6798264321  92.3711367328   -.31398313E+05 -.31491143E+05
       872   -31490.4866809135   -31397.7997448261      663.9419839578  92.6869360874   -.31398314E+05 -.31491515E+05
       873   -31490.8129900802   -31397.8002926440      666.2755019849  93.0126974362   -.31398314E+05 -.31491882E+05
       874   -31491.1428134789   -31397.8001686266      668.6390059615  93.3426448523   -.31398315E+05 -.31492235E+05
       875   -31491.4720772780   -31397.8007737108      670.9932786180  93.6713035672   -.31398315E+05 -.31492568E+05
       876   -31491.7949690190   -31397.8010762063      673.3040739972  93.9938928127   -.31398315E+05 -.31492877E+05
       877   -31492.1078753301   -31397.8012148257      675.5445148894  94.3066605044   -.31398315E+05 -.31493159E+05
       878   -31492.4081641170   -31397.8010323185      677.6968733069  94.6071317985   -.31398315E+05 -.31493414E+05
       879   -31492.6956809818   -31397.8014260242      679.7536153674  94.8942549576   -.31398315E+05 -.31493645E+05
       880   -31492.9692891493   -31397.8008541362      681.7176424210  95.1684350131   -.31398314E+05 -.31493857E+05
       881   -31493.2325512066   -31397.8010982878      683.6017119295  95.4314529188   -.31398314E+05 -.31494057E+05
       882   -31493.4869978913   -31397.8007194928      685.4270968411  95.6862783986   -.31398313E+05 -.31494253E+05
       883   -31493.7370568855   -31397.8002667963      687.2215808957  95.9367900892   -.31398313E+05 -.31494452E+05
       884   -31493.9873605024   -31397.7999327067      689.0169676365  96.1874277957   -.31398312E+05 -.31494665E+05
       885   -31494.2425752688   -31397.7997729681      690.8462853661  96.4428023007   -.31398312E+05 -.31494897E+05
       886   -31494.5069176839   -31397.7996237528      692.7409115700  96.7072939311   -.31398311E+05 -.31495155E+05
       887   -31494.7842020514   -31397.7995308971      694.7278408146  96.9846711544   -.31398311E+05 -.31495443E+05
       888   -31495.0771236276   -31397.7993652686      696.8273049714  97.2777583590   -.31398311E+05 -.31495764E+05
       889   -31495.3874654421   -31397.7992855322      699.0509398121  97.5881799099   -.31398312E+05 -.31496116E+05
       890   -31495.7153746652   -31397.7991763176      701.4006259873  97.9161983477   -.31398312E+05 -.31496497E+05
       891   -31496.0601807769   -31397.7995192798      703.8681101494  98.2606614971   -.31398312E+05 -.31496902E+05
       892   -31496.4192128700   -31397.8001495069      706.4354411672  98.6190633631   -.31398313E+05 -.31497324E+05
       893   -31496.7883049691   -31397.8005942168      709.0761636824  98.9877107523   -.31398314E+05 -.31497754E+05
       894   -31497.1625372387   -31397.8005526570      711.7571899340  99.3619845817   -.31398314E+05 -.31498184E+05
       895   -31497.5376785857   -31397.8010018300      714.4412129023  99.7366767556   -.31398315E+05 -.31498604E+05
       896   -31497.9075392308   -31397.8011656284      717.0894529705 100.1063736024   -.31398315E+05 -.31499005E+05
       897   -31498.2672403477   -31397.8013834726      719.6645304014 100.4658568751   -.31398316E+05 -.31499380E+05
       898   -31498.6124425484   -31397.8019505698      722.1332463178 100.8104919786   -.31398316E+05 -.31499724E+05
       899   -31498.9390100827   -31397.8024375992      724.4690505472 101.1365724835   -.31398316E+05 -.31500033E+05
       900   -31499.2437253661   -31397.8021297880      726.6540147623 101.4415955781   -.31398316E+05 -.31500307E+05
       901   -31499.5267241538   -31397.8022778710      728.6801520583 101.7244462828   -.31398316E+05 -.31500546E+05
       902   -31499.7880382315   -31397.8025609394      730.5499888821 101.9854772921   -.31398315E+05 -.31500755E+05
       903   -31500.0285441514   -31397.8020662860      732.2763421906 102.2264778654   -.31398315E+05 -.31500940E+05
       904   -31500.2525501670   -31397.8020154933      733.8813226562 102.4505346737   -.31398314E+05 -.31501110E+05
       905   -31500.4628356995   -31397.8010403050      735.3946412318 102.6617953945   -.31398314E+05 -.31501272E+05
       906   -31500.6658865686   -31397.8007340413      736.8513442362 102.8651525274   -.31398313E+05 -.31501435E+05
       907   -31500.8671880957   -31397.8013152825      738.2891587809 103.0658728132   -.31398313E+05 -.31501610E+05
       908   -31501.0698620372   -31397.8006633759      739.7456376836 103.2691986613   -.31398312E+05 -.31501802E+05
       909   -31501.2804810054   -31397.8005274258      741.2553330569 103.4799535796   -.31398312E+05 -.31502019E+05
       910   -31501.5026532001   -31397.8004721598      742.8472094034 103.7021810404   -.31398312E+05 -.31502263E+05
       911   -31501.7389676080   -31397.8001249818      744.5424813529 103.9388426262   -.31398312E+05 -.31502536E+05
       912   -31501.9919094598   -31397.8003087990      746.3530565862 104.1916006608   -.31398312E+05 -.31502837E+05
       913   -31502.2610645229   -31397.8003654937      748.2806821201 104.4606990293   -.31398313E+05 -.31503161E+05
       914   -31502.5457246511   -31397.8007735907      750.3168575024 104.7449510604   -.31398313E+05 -.31503505E+05
       915   -31502.8428005306   -31397.8009632134      752.4435353134 105.0418373172   -.31398314E+05 -.31503858E+05
       916   -31503.1489157056   -31397.8012124437      754.6345370953 105.3477032619   -.31398314E+05 -.31504214E+05
       917   -31503.4594397388   -31397.8013972840      756.8575819834 105.6580424548   -.31398315E+05 -.31504563E+05
       918   -31503.7697493349   -31397.8019073002      759.0767614744 105.9678420347   -.31398315E+05 -.31504896E+05
       919   -31504.0737996462   -31397.8018335201      761.2552858831 106.2719661261   -.31398316E+05 -.31505207E+05
       920   -31504.3678008760   -31397.8022518832      763.3583006033 106.5655489928   -.31398316E+05 -.31505489E+05
       921   -31504.6468499708   -31397.8024853516      765.3555335251 106.8443646192   -.31398316E+05 -.31505738E+05
       922   -31504.9078301388   -31397.8026828734      767.2235912561 107.1051472654   -.31398316E+05 -.31505953E+05
       923   -31505.1486010263   -31397.8027618900      768.9477332443 107.3458391363   -.31398316E+05 -.31506134E+05
       924   -31505.3680475329   -31397.8023012228      770.5229887375 107.5657463100   -.31398315E+05 -.31506286E+05
       925   -31505.5680581341   -31397.8024665047      771.9545356571 107.7655916294   -.31398315E+05 -.31506415E+05
       926   -31505.7500716429   -31397.8026110949      773.2573126793 107.9474605480   -.31398314E+05 -.31506526E+05
       927   -31505.9166307672   -31397.8019872475      774.4548902309 108.1146435198   -.31398314E+05 -.31506629E+05
       928   -31506.0732664535   -31397.8018760061      775.5777115312 108.2713904474   -.31398313E+05 -.31506732E+05
       929   -31506.2241599235   -31397.8015676200      776.6608119614 108.4225923035   -.31398313E+05 -.31506845E+05
       930   -31506.3742347368   -31397.8008200832      777.7411938853 108.5734146536   -.31398312E+05 -.31506975E+05
       931   -31506.5294143599   -31397.8005009052      778.8550745121 108.7289134546   -.31398312E+05 -.31507129E+05
       932   -31506.6939095665   -31397.8002493289      780.0352009733 108.8936602376   -.31398312E+05 -.31507312E+05
       933   -31506.8718102369   -31397.8004045472      781.3084404731 109.0714056897   -.31398312E+05 -.31507525E+05
       934   -31507.0651072951   -31397.8003001518      782.6938282118 109.2648071433   -.31398312E+05 -.31507770E+05
       935   -31507.2753664625   -31397.8001242933      784.2012321081 109.4752421692   -.31398312E+05 -.31508042E+05
       936   -31507.5033065534   -31397.8005866237      785.8307177937 109.7027199297   -.31398313E+05 -.31508339E+05
       937   -31507.7465996510   -31397.8007019768      787.5726667777 109.9458976742   -.31398313E+05 -.31508653E+05
       938   -31508.0025767134   -31397.8003755598      789.4086390065 110.2022011536   -.31398314E+05 -.31508977E+05
       939   -31508.2693626267   -31397.8013237014      791.3129079903 110.4680389254   -.31398314E+05 -.31509302E+05
       940   -31508.5406706154   -31397.8015773767      793.2545444943 110.7390932387   -.31398315E+05 -.31509619E+05
       941   -31508.8120533383   -31397.8013883692      795.1998873988 111.0106649691   -.31398315E+05 -.31509921E+05
       942   -31509.0797838685   -31397.8017383226      797.1152079189 111.2780455459   -.31398315E+05 -.31510201E+05
       943   -31509.3392940447   -31397.8024052357      798.9693733161 111.5368888090   -.31398316E+05 -.31510453E+05
       944   -31509.5858848887   -31397.8023314410      800.7362998812 111.7835534478   -.31398316E+05 -.31510674E+05
       945   -31509.8176844309   -31397.8022950462      802.3970043823 112.0153893848   -.31398316E+05 -.31510865E+05
       946   -31510.0333076643   -31397.8023594753      803.9411113105 112.2309481890   -.31398315E+05 -.31511026E+05
       947   -31510.2325086893   -31397.8024097116      805.3676831162 112.4300989777   -.31398315E+05 -.31511163E+05
       948   -31510.4164616330   -31397.8024200501      806.6853145249 112.6140415829   -.31398315E+05 -.31511280E+05
       949   -31510.5875804537   -31397.8023649015      807.9114806884 112.7852155522   -.31398314E+05 -.31511385E+05
       950   -31510.7492515277   -31397.8021393611      809.0711906096 112.9471121666   -.31398313E+05 -.31511487E+05
       951   -31510.9057513835   -31397.8017495961      810.1950340604 113.1040017874   -.31398313E+05 -.31511594E+05
       952   -31511.0617887955   -31397.8011908848      811.3167751084 113.2605979108   -.31398313E+05 -.31511715E+05
       953   -31511.2228143812   -31397.8011290856      812.4706882957 113.4216852955   -.31398312E+05 -.31511857E+05
       954   -31511.3925415979   -31397.8008044923      813.6888161232 113.5917371055   -.31398312E+05 -.31512026E+05
       955   -31511.5754879824   -31397.8009324436      814.9983947800 113.7745555387   -.31398312E+05 -.31512226E+05
       956   -31511.7735748821   -31397.8006139359      816.4196272152 113.9729609463   -.31398312E+05 -.31512458E+05
       957   -31511.9889002974   -31397.8003461715      817.9639803831 114.1885541258   -.31398312E+05 -.31512721E+05
       958   -31512.2218151965   -31397.8002417422      819.6331618428 114.4215734543   -.31398312E+05 -.31513011E+05
       959   -31512.4712282002   -31397.8003722191      821.4188410591 114.6708559811   -.31398313E+05 -.31513324E+05
       960   -31512.7348457176   -31397.8009395152      823.3031420528 114.9339062023   -.31398313E+05 -.31513651E+05
       961   -31513.0087573300   -31397.8016893085      825.2598752000 115.2070680215   -.31398314E+05 -.31513986E+05
       962   -31513.2871925007   -31397.8014054107      827.2564164503 115.4857870900   -.31398315E+05 -.31514317E+05
       963   -31513.5666910678   -31397.8017486962      829.2560824159 115.7649423716   -.31398315E+05 -.31514638E+05
       964   -31513.8416687546   -31397.8024478173      831.2208151249 116.0392209373   -.31398316E+05 -.31514940E+05
       965   -31514.1062533114   -31397.8027453307      833.1139758162 116.3035079808   -.31398316E+05 -.31515215E+05
       966   -31514.3565704415   -31397.8033100005      834.9030212952 116.5532604410   -.31398316E+05 -.31515460E+05
       967   -31514.5882329319   -31397.8033981573      836.5618518591 116.7848347746   -.31398316E+05 -.31515672E+05
       968   -31514.7991276186   -31397.8033815050      838.0726677165 116.9957461135   -.31398316E+05 -.31515849E+05
       969   -31514.9877532607   -31397.8029164224      839.4271765206 117.1848368383   -.31398316E+05 -.31515994E+05
       970   -31515.1553406550   -31397.8029982214      840.6270651126 117.3523424336   -.31398315E+05 -.31516111E+05
       971   -31515.3030758253   -31397.8032245528      841.6837114458 117.4998512725   -.31398315E+05 -.31516205E+05
       972   -31515.4331428569   -31397.8029828197      842.6171489231 117.6301600372   -.31398314E+05 -.31516284E+05
       973   -31515.5492376766   -31397.8022007115      843.4543704631 117.7470369651   -.31398314E+05 -.31516355E+05
       974   -31515.6570761238   -31397.8021623289      844.2271218289 117.8549137950   -.31398313E+05 -.31516427E+05
       975   -31515.7606521523   -31397.8021245449      844.9693360295 117.9585276074   -.31398313E+05 -.31516507E+05
       976   -31515.8644928686   -31397.8019546877      845.7143923389 118.0625381809   -.31398313E+05 -.31516601E+05
       977   -31515.9725556293   -31397.8014016258      846.4924373127 118.1711540035   -.31398312E+05 -.31516714E+05
       978   -31516.0892384382   -31397.8014452699      847.3279556902 118.2877931683   -.31398312E+05 -.31516848E+05
       979   -31516.2159931831   -31397.8011898980      848.2377640466 118.4148032851   -.31398312E+05 -.31517005E+05
       980   -31516.3544791101   -31397.8012156571      849.2295922634 118.5532634530   -.31398313E+05 -.31517182E+05
       981   -31516.5040038291   -31397.8011221206      850.3013489273 118.7028817085   -.31398313E+05 -.31517375E+05
       982   -31516.6639575714   -31397.8019604406      851.4411364051 118.8619971307   -.31398314E+05 -.31517579E+05
       983   -31516.8296580302   -31397.8019719239      852.6280120514 119.0276861063   -.31398314E+05 -.31517786E+05
       984   -31516.9979522335   -31397.8019880133      853.8334344063 119.1959642202   -.31398315E+05 -.31517989E+05
       985   -31517.1642001693   -31397.8021305115      855.0232932843 119.3620696578   -.31398315E+05 -.31518178E+05
       986   -31517.3231636540   -31397.8023551756      856.1603830612 119.5208084784   -.31398316E+05 -.31518346E+05
       987   -31517.4701819218   -31397.8032480228      857.2071195890 119.6669338989   -.31398316E+05 -.31518487E+05
       988   -31517.5988743286   -31397.8033428114      858.1282996537 119.7955315172   -.31398316E+05 -.31518593E+05
       989   -31517.7054842332   -31397.8031020534      858.8937003011 119.9023821798   -.31398316E+05 -.31518663E+05
       990   -31517.7876210060   -31397.8033458606      859.4803221096 119.9842751454   -.31398316E+05 -.31518695E+05
       991   -31517.8426480697   -31397.8034006008      859.8741039637 120.0392474689   -.31398316E+05 -.31518689E+05
       992   -31517.8704690441   -31397.8037380498      860.0709760063 120.0667309944   -.31398316E+05 -.31518649E+05
       993   -31517.8716632248   -31397.8040671307      860.0771729527 120.0675960940   -.31398315E+05 -.31518580E+05
       994   -31517.8476746878   -31397.8035857555      859.9087846958 120.0440889323   -.31398315E+05 -.31518490E+05
       995   -31517.8031365348   -31397.8034700312      859.5905746361 119.9996665035   -.31398314E+05 -.31518386E+05
       996   -31517.7416184277   -31397.8028766100      859.1541543753 119.9387418177   -.31398314E+05 -.31518276E+05
       997   -31517.6689790281   -31397.8026203554      858.6356540245 119.8663586727   -.31398313E+05 -.31518170E+05
       998   -31517.5901851560   -31397.8023648860      858.0730618717 119.7878202700   -.31398313E+05 -.31518074E+05
       999   -31517.5107206316   -31397.8024199996      857.5034408609 119.7083006320   -.31398313E+05 -.31517994E+05
