09:29:19-INFO: MuStaRD
09:29:19-INFO: Running with 16 available processor(s)
09:29:20-INFO: Using 8 processor(s) for main LAMMPS object.
09:29:20-INFO: State 2 using 1 processor(s)
09:29:20-INFO: State 4 using 1 processor(s)
09:29:20-INFO: State 1 using 5 processor(s)
09:29:20-INFO: State 3 using 1 processor(s)
      Step          Pe(mixed)          E_total                Temp                  Pe                  Ke   Speed(ns/day)
09:29:20-INFO: Step 0
09:29:20-DEBUG: Reaction systems: [[None]
 [0]]
09:29:20-DEBUG: rxn_pairs: [array([1, 2])]
09:29:20-DEBUG: Starting total colors: 5
09:29:20-DEBUG: Number of systems: 2
09:29:20-DEBUG: New total colors: 5
09:29:20-DEBUG: Potential energy for color 0: 5060.862727734158
ebond 1 0 4.601135349144363
09:29:20-DEBUG: Potential energy for color 1: 5062.793507729453
xhy 0 13 1 2
xhy 0 13 1 2
xhy 0 13 1 2
xhy 0 13 1 2
xhy 0 13 1 2
h_pos [ 7.72698576  9.33797731 10.62596387] x_pos [ 8.17600687 10.59801269 10.41501435] y_pos [ 6.45700189  8.69500116 10.46497795]
0 rHY 1.4325480160248059 rHX 1.3541819792400176 0.07836603678478826
h_pos [ 7.72698576  9.33797731 10.62596387] x_pos [ 8.17600687 10.59801269 10.41501435] y_pos [ 6.45700189  8.69500116 10.46497795]
h_pos [ 7.72698576  9.33797731 10.62596387] x_pos [ 8.17600687 10.59801269 10.41501435] y_pos [ 6.45700189  8.69500116 10.46497795]
0 rHY 1.4325480160248059 rHX 1.3541819792400176 0.07836603678478826
h_pos [ 7.72698576  9.33797731 10.62596387] x_pos [ 8.17600687 10.59801269 10.41501435] y_pos [ 6.45700189  8.69500116 10.46497795]
0 rHY 1.4325480160248059 rHX 1.3541819792400176 0.07836603678478826
h_pos [ 7.72698576  9.33797731 10.62596387] x_pos [ 8.17600687 10.59801269 10.41501435] y_pos [ 6.45700189  8.69500116 10.46497795]
0 rHY 1.4325480160248059 rHX 1.3541819792400176 0.07836603678478826
0 rHY 1.4325480160248059 rHX 1.3541819792400176 0.07836603678478826
0 cpl_forces h [10.52079596 11.91316469 -0.37483904]
0 cpl_forces h [10.52079596 11.91316469 -0.37483904]
0 cpl_forces h [10.52079596 11.91316469 -0.37483904]
0 cpl_forces x [-2.86387892 -8.03656822  1.34544651]
0 cpl_forces x [-2.86387892 -8.03656822  1.34544651]
0 cpl_forces h [10.52079596 11.91316469 -0.37483904]
0 cpl_forces x [-2.86387892 -8.03656822  1.34544651]
0 cpl_forces y [-7.65691704 -3.87659647 -0.97060747]
0 cpl_forces h [10.52079596 11.91316469 -0.37483904]
0 cpl_forces y [-7.65691704 -3.87659647 -0.97060747]
0 cpl_forces y [-7.65691704 -3.87659647 -0.97060747]
0 cpl_forces x [-2.86387892 -8.03656822  1.34544651]
0 cpl_forces x [-2.86387892 -8.03656822  1.34544651]
0 cpl_forces y [-7.65691704 -3.87659647 -0.97060747]
0 cpl_forces y [-7.65691704 -3.87659647 -0.97060747]
09:29:20-DEBUG: System matrix: 
09:29:20-DEBUG: [[5.06086273e+03 3.44418969e+00]
 [3.44418969e+00 5.06279351e+03]]
09:29:20-DEBUG: Eigen values: 
09:29:20-DEBUG: [5058.25118882 5065.40504664]
09:29:20-DEBUG: Occupancies: 
09:29:20-DEBUG: [1. 0.]
09:29:20-INFO: coupling 0 3.444189685800459
09:29:20-DEBUG: Amplitudes: 
09:29:20-DEBUG: [0.63494677 0.36505323]
09:29:20-INFO: forces0 h [ 6.26299882 16.11352452 -2.56344327]
09:29:20-INFO: forces0 x [  1.57059883 -15.91789156   2.49907573]
09:29:20-INFO: forces0 y [  0.25110771 -10.80146969  -0.16283083]
09:29:20-INFO: forces1 h [-18.7364678  -10.62179952  -2.08068436]
09:29:20-INFO: forces1 x [11.16855325  1.19790007 -0.4731133 ]
09:29:20-INFO: forces1 y [18.81095422  2.1679099   2.24753386]
pos h  [ 7.72698576  9.33797731 10.62596387]
pos x  [ 8.17600687 10.59801269 10.41501435]
pos y  [ 6.45700189  8.69500116 10.46497795]
 mixed_cpl_forces: h [-10.130371   -11.47106916   0.36092882]
 mixed_cpl_forces: x [ 2.75760086  7.73833254 -1.29551721]
 mixed_cpl_forces: y [7.37277014 3.73273663 0.93458839]
09:29:20-INFO: mixed forces h [-12.99350825  -5.11736107  -2.02628174]
09:29:20-INFO: mixed forces x [ 7.83196396 -1.93138398  0.11855131]
09:29:20-INFO: mixed forces y [14.39920979 -2.33421914  1.65166898]
09:29:20-DEBUG: Minimum eigen value: 
09:29:20-DEBUG: 5058.251188820109
09:29:20-DEBUG: Minimum state: 
09:29:20-DEBUG: 0
         0     5058.2511888201     5058.2511888201        0.0000000000     5060.8627277342        0.0000000000      0.00000000
09:29:20-INFO: ebond 0 0 3.129821157084677
ids [  6 102 107 108 112 117 118 123 133 183 228 275 310 313 315 320 353 355
 358 360 363 365 400 403 411 438 501 542 546 547 548 549 550 551 552 553
 554 555 556 557 559 560 562 563 564 565 566 567 568 569 570 571 572 573
 574 575 576 577 579 581 582 584 586 587 589 592 593 594 595 596 597 598
 599 600 601 602 603 604 605 606 607 608 609 610 611 612 613 614 615 616
 617 618 619 620 621 622 624 626 627 629 631 632 634 635 636 637 639 640
 641 642 645 646 647 648 650 651 652 653 655 656 657 658 660 661 662 665
 666 667 671 672 676 813]
ids [  1   2   3   4   9  10  11  12  13  14  15  16  17  18  19  20  21  23
  24  25  26  27  28  29  30  31  32  33  34  35  36  37  39  41  42  44
  46  47  49  50  51  52  53  54  55  56  57  58  59  60  61  62  63  64
  65  67  68  69  70  71  72  73  74  75  76  78  79  81  83  85  86  88
  89  90  91  93  96  97  98  99 100 101 103 104 105 106 109 111 113 114
 115 116 119 120 121 124 126 128 130 131 132 135 136 544 638 643 644 649
 654 659 664 669 674 815 850 860 893 895 898 900 905 938 945 951 966 993]
ids [   8   22   66   77   80   95  110  125  138  263  273  503  504  518
  519  529  534  543  663  678  680  715  718  720  723  725  758  760
  765  768  770  810  903  947  952  953  954  955  956  957  958  959
  960  961  962  963  964  965  967  968  969  970  971  972  973  974
  975  976  977  978  979  980  981  982  984  985  986  987  989  991
  992  994  995  996  997  998  999 1000 1001 1002 1003 1004 1005 1006
 1007 1008 1009 1010 1011 1012 1013 1014 1015 1016 1017 1018 1019 1020
 1021 1022 1023 1024 1025 1026 1027 1029 1031 1032 1034 1036 1037 1039
 1041 1042 1045 1046 1047 1050 1051 1052 1054 1055 1056 1057 1058 1060
 1061 1062 1063 1065 1066 1067 1068 1069 1070 1071 1072 1076 1077 1081]
ids [   5   48  139  234  238  239  244  248  249  258  259  264  378  533
  677  679  682  683  684  685  686  687  688  689  690  691  692  694
  695  696  697  698  699  700  701  702  703  704  705  706  707  708
  709  710  711  712  713  714  716  717  719  721  722  724  726  727
  728  729  730  731  732  733  734  735  736  737  738  739  740  741
  742  743  744  745  746  747  748  749  750  751  752  754  755  756
  757  759  761  762  763  764  766  767  769  772  773  774  775  776
  777  778  779  780  781  782  785  786  787  788  790  791  792  793
  795  796  797  799  800  802  805  806  807  811  828  846  891  936
  950  983  988  990 1028 1030 1033 1035 1038 1040 1075 1080]
ids [ 137  142  143  144  145  146  147  148  149  150  151  152  154  155
  157  158  159  160  161  162  163  164  165  166  167  169  170  171
  172  174  175  176  177  179  180  181  182  184  187  188  189  190
  191  192  193  194  195  196  197  198  199  200  202  203  204  205
  206  207  208  209  210  211  212  214  215  217  218  219  221  222
  224  225  226  227  229  232  233  235  236  237  240  241  242  243
  245  246  247  250  251  252  253  254  255  256  257  260  261  262
  266  267  269  271  306  348  381  393  396  410  443  445  448  450
  455  490  493  495  500  535  538  540  784  789  794  798  804  808
  809  918  933 1073 1078]
ids [ 122  140  173  178  185  220  223  230  265  268  270  318  407  408
  409  412  413  414  415  416  417  418  419  420  421  422  423  424
  425  426  427  428  429  430  431  432  433  434  435  436  437  439
  440  441  442  444  446  447  449  451  452  454  456  457  458  459
  460  461  462  463  464  465  466  467  468  469  470  471  472  473
  474  475  476  477  478  479  480  481  482  483  484  485  486  487
  488  489  491  492  494  496  497  499  502  505  506  507  508  509
  510  511  512  513  514  515  516  517  520  521  522  523  524  525
  526  527  528  530  531  532  536  537  539  541  558  561  588  591
  803  949 1043 1044 1048 1049 1053 1059 1064 1074 1079]
ids [127 141 153 156 168 186 201 213 216 231 272 276 277 278 279 280 281 282
 283 284 285 286 287 288 289 290 291 292 293 294 295 296 297 298 299 300
 301 302 303 304 305 307 308 309 311 312 314 316 317 319 321 322 323 324
 325 326 327 328 329 330 331 332 333 334 335 336 337 338 339 340 341 342
 343 344 345 346 347 349 350 351 352 354 356 357 359 361 362 364 366 367
 369 370 371 372 373 374 375 376 377 380 382 383 385 386 387 388 389 390
 391 392 394 395 397 401 402 405 406 453 498 545 578 580 583 585 590 623
 625 628 630 633 670 675 814 909 913 914 919 924 928 943]
ids [  7  38  40  43  45  82  84  87  92  94 129 134 274 368 379 384 398 399
 404 668 673 681 693 753 771 783 801 812 816 817 818 819 820 821 822 823
 824 825 826 827 829 830 831 832 833 834 835 836 837 838 839 840 841 842
 843 844 845 847 848 849 851 852 853 854 855 856 857 858 859 861 862 863
 864 865 866 867 868 869 870 871 872 873 874 875 876 877 878 879 880 881
 882 883 884 885 886 887 888 889 890 892 894 896 897 899 901 902 904 906
 907 908 910 911 912 915 916 917 920 921 922 923 925 926 927 929 930 931
 932 934 935 937 939 940 941 942 944 946 948]
09:29:20-INFO: Step 1
09:29:20-DEBUG: Reaction systems: [[None]
 [0]]
09:29:20-DEBUG: rxn_pairs: [array([1, 2])]
09:29:20-DEBUG: Starting total colors: 5
09:29:20-DEBUG: Number of systems: 2
09:29:20-DEBUG: New total colors: 5
09:29:20-DEBUG: Potential energy for color 0: 5060.6820633379975
ebond 1 1 4.54315121215117
09:29:20-DEBUG: Potential energy for color 1: 5062.5215155739315
xhy 1 13 1 2
xhy 1 13 1 2
xhy 1 13 1 2
xhy 1 13 1 2
xhy 1 13 1 2
h_pos [ 7.72450322  9.33699958 10.62557673] x_pos [ 8.17610135 10.59798939 10.41501578] y_pos [ 6.45717559  8.694973   10.46499788]
h_pos [ 7.72450322  9.33699958 10.62557673] x_pos [ 8.17610135 10.59798939 10.41501578] y_pos [ 6.45717559  8.694973   10.46499788]
h_pos [ 7.72450322  9.33699958 10.62557673] x_pos [ 8.17610135 10.59798939 10.41501578] y_pos [ 6.45717559  8.694973   10.46499788]
1 rHY 1.4297213009521286 rHX 1.3558658078067927 0.0738554931453359
1 rHY 1.4297213009521286 rHX 1.3558658078067927 0.0738554931453359
h_pos [ 7.72450322  9.33699958 10.62557673] x_pos [ 8.17610135 10.59798939 10.41501578] y_pos [ 6.45717559  8.694973   10.46499788]
1 rHY 1.4297213009521286 rHX 1.3558658078067927 0.0738554931453359
1 rHY 1.4297213009521286 rHX 1.3558658078067927 0.0738554931453359
h_pos [ 7.72450322  9.33699958 10.62557673] x_pos [ 8.17610135 10.59798939 10.41501578] y_pos [ 6.45717559  8.694973   10.46499788]
1 cpl_forces h [10.03616013 11.3496154  -0.3537305 ]
1 rHY 1.4297213009521286 rHX 1.3558658078067927 0.0738554931453359
1 cpl_forces h [10.03616013 11.3496154  -0.3537305 ]
1 cpl_forces h [10.03616013 11.3496154  -0.3537305 ]
1 cpl_forces h [10.03616013 11.3496154  -0.3537305 ]
1 cpl_forces x [-2.74110877 -7.65395156  1.27806211]
1 cpl_forces x [-2.74110877 -7.65395156  1.27806211]
1 cpl_forces x [-2.74110877 -7.65395156  1.27806211]
1 cpl_forces y [-7.29505136 -3.69566384 -0.92433161]
1 cpl_forces y [-7.29505136 -3.69566384 -0.92433161]
1 cpl_forces x [-2.74110877 -7.65395156  1.27806211]
1 cpl_forces h [10.03616013 11.3496154  -0.3537305 ]
1 cpl_forces y [-7.29505136 -3.69566384 -0.92433161]
1 cpl_forces x [-2.74110877 -7.65395156  1.27806211]
1 cpl_forces y [-7.29505136 -3.69566384 -0.92433161]
1 cpl_forces y [-7.29505136 -3.69566384 -0.92433161]
09:29:20-DEBUG: System matrix: 
09:29:20-DEBUG: [[5.06068206e+03 3.48223487e+00]
 [3.48223487e+00 5.06252152e+03]]
09:29:20-DEBUG: Eigen values: 
09:29:20-DEBUG: [5058.00014319 5065.20343572]
09:29:20-DEBUG: Occupancies: 
09:29:20-DEBUG: [1. 0.]
09:29:20-INFO: coupling 1 3.482234870695882
09:29:20-DEBUG: Amplitudes: 
09:29:20-DEBUG: [0.62768135 0.37231865]
09:29:20-INFO: forces0 h [ 6.33052425 16.18645065 -2.5652808 ]
09:29:20-INFO: forces0 x [  1.51477295 -15.98214519   2.50298777]
09:29:20-INFO: forces0 y [  0.23494699 -10.8068012   -0.16467116]
09:29:20-INFO: forces1 h [-18.61327227 -10.54511696  -2.0692098 ]
09:29:20-INFO: forces1 x [11.155785    1.175239   -0.46865383]
09:29:20-INFO: forces1 y [18.69365885  2.11625507  2.23177862]
pos h  [ 7.72450322  9.33699958 10.62557673]
pos x  [ 8.17610135 10.59798939 10.41501578]
pos y  [ 6.45717559  8.694973   10.46499788]
 mixed_cpl_forces: h [ -9.70341455 -10.97332264   0.34200268]
 mixed_cpl_forces: x [ 2.65022821  7.40018732 -1.23568838]
 mixed_cpl_forces: y [7.05318634 3.57313532 0.8936857 ]
09:29:20-INFO: mixed forces h [-12.65993094  -4.73953315  -2.03858163]
09:29:20-INFO: mixed forces x [ 7.75452975 -2.19394376  0.1609018 ]
09:29:20-INFO: mixed forces y [14.160656   -2.42217102  1.62125748]
09:29:20-DEBUG: Minimum eigen value: 
09:29:20-DEBUG: 5058.0001431897745
09:29:20-DEBUG: Minimum state: 
09:29:20-DEBUG: 0
         1     5058.0001431898     5058.2514674632        1.8003048085     5060.6820633380        0.2513242734      0.38979011
09:29:20-INFO: ebond 0 1 3.158464077448713
ids [  1   2   3   4   9  10  11  12  13  14  15  16  17  18  19  20  21  23
  24  25  26  27  28  29  30  31  32  33  34  35  36  37  39  41  42  44
  46  47  49  50  51  52  53  54  55  56  57  58  59  60  61  62  63  64
  65  67  68  69  70  71  72  73  74  75  76  78  79  81  83  85  86  88
  89  90  91  93  96  97  98  99 100 101 103 104 105 106 109 111 113 114
 115 116 119 120 121 124 126 128 130 131 132 135 136 544 638 643 644 649
 654 659 664 669 674 815 850 860 893 895 898 900 905 938 945 951 966 993]
ids [  6 102 107 108 112 117 118 123 133 183 228 275 310 313 315 320 353 355
 358 360 363 365 400 403 411 438 501 542 546 547 548 549 550 551 552 553
 554 555 556 557 559 560 562 563 564 565 566 567 568 569 570 571 572 573
 574 575 576 577 579 581 582 584 586 587 589 592 593 594 595 596 597 598
 599 600 601 602 603 604 605 606 607 608 609 610 611 612 613 614 615 616
 617 618 619 620 621 622 624 626 627 629 631 632 634 635 636 637 639 640
 641 642 645 646 647 648 650 651 652 653 655 656 657 658 660 661 662 665
 666 667 671 672 676 813]
ids [ 122  140  173  178  185  220  223  230  265  268  270  318  407  408
  409  412  413  414  415  416  417  418  419  420  421  422  423  424
  425  426  427  428  429  430  431  432  433  434  435  436  437  439
  440  441  442  444  446  447  449  451  452  454  456  457  458  459
  460  461  462  463  464  465  466  467  468  469  470  471  472  473
  474  475  476  477  478  479  480  481  482  483  484  485  486  487
  488  489  491  492  494  496  497  499  502  505  506  507  508  509
  510  511  512  513  514  515  516  517  520  521  522  523  524  525
  526  527  528  530  531  532  536  537  539  541  558  561  588  591
  803  949 1043 1044 1048 1049 1053 1059 1064 1074 1079]
ids [   5   48  139  234  238  239  244  248  249  258  259  264  378  533
  677  679  682  683  684  685  686  687  688  689  690  691  692  694
  695  696  697  698  699  700  701  702  703  704  705  706  707  708
  709  710  711  712  713  714  716  717  719  721  722  724  726  727
  728  729  730  731  732  733  734  735  736  737  738  739  740  741
  742  743  744  745  746  747  748  749  750  751  752  754  755  756
  757  759  761  762  763  764  766  767  769  772  773  774  775  776
  777  778  779  780  781  782  785  786  787  788  790  791  792  793
  795  796  797  799  800  802  805  806  807  811  828  846  891  936
  950  983  988  990 1028 1030 1033 1035 1038 1040 1075 1080]
ids [ 137  142  143  144  145  146  147  148  149  150  151  152  154  155
  157  158  159  160  161  162  163  164  165  166  167  169  170  171
  172  174  175  176  177  179  180  181  182  184  187  188  189  190
  191  192  193  194  195  196  197  198  199  200  202  203  204  205
  206  207  208  209  210  211  212  214  215  217  218  219  221  222
  224  225  226  227  229  232  233  235  236  237  240  241  242  243
  245  246  247  250  251  252  253  254  255  256  257  260  261  262
  266  267  269  271  306  348  381  393  396  410  443  445  448  450
  455  490  493  495  500  535  538  540  784  789  794  798  804  808
  809  918  933 1073 1078]
ids [   8   22   66   77   80   95  110  125  138  263  273  503  504  518
  519  529  534  543  663  678  680  715  718  720  723  725  758  760
  765  768  770  810  903  947  952  953  954  955  956  957  958  959
  960  961  962  963  964  965  967  968  969  970  971  972  973  974
  975  976  977  978  979  980  981  982  984  985  986  987  989  991
  992  994  995  996  997  998  999 1000 1001 1002 1003 1004 1005 1006
 1007 1008 1009 1010 1011 1012 1013 1014 1015 1016 1017 1018 1019 1020
 1021 1022 1023 1024 1025 1026 1027 1029 1031 1032 1034 1036 1037 1039
 1041 1042 1045 1046 1047 1050 1051 1052 1054 1055 1056 1057 1058 1060
 1061 1062 1063 1065 1066 1067 1068 1069 1070 1071 1072 1076 1077 1081]
ids [127 141 153 156 168 186 201 213 216 231 272 276 277 278 279 280 281 282
 283 284 285 286 287 288 289 290 291 292 293 294 295 296 297 298 299 300
 301 302 303 304 305 307 308 309 311 312 314 316 317 319 321 322 323 324
 325 326 327 328 329 330 331 332 333 334 335 336 337 338 339 340 341 342
 343 344 345 346 347 349 350 351 352 354 356 357 359 361 362 364 366 367
 369 370 371 372 373 374 375 376 377 380 382 383 385 386 387 388 389 390
 391 392 394 395 397 401 402 405 406 453 498 545 578 580 583 585 590 623
 625 628 630 633 670 675 814 909 913 914 919 924 928 943]
ids [  7  38  40  43  45  82  84  87  92  94 129 134 274 368 379 384 398 399
 404 668 673 681 693 753 771 783 801 812 816 817 818 819 820 821 822 823
 824 825 826 827 829 830 831 832 833 834 835 836 837 838 839 840 841 842
 843 844 845 847 848 849 851 852 853 854 855 856 857 858 859 861 862 863
 864 865 866 867 868 869 870 871 872 873 874 875 876 877 878 879 880 881
 882 883 884 885 886 887 888 889 890 892 894 896 897 899 901 902 904 906
 907 908 910 911 912 915 916 917 920 921 922 923 925 926 927 929 930 931
 932 934 935 937 939 940 941 942 944 946 948]
09:29:20-INFO: Step 2
09:29:20-DEBUG: Reaction systems: [[None]
 [0]]
09:29:20-DEBUG: rxn_pairs: [array([1, 2])]
09:29:20-DEBUG: Starting total colors: 5
09:29:20-DEBUG: Number of systems: 2
09:29:20-DEBUG: New total colors: 5
09:29:20-DEBUG: Potential energy for color 0: 5060.1409081615275
ebond 1 2 4.373614883360217
09:29:20-DEBUG: Potential energy for color 1: 5061.71168029574
xhy 2 13 1 2
xhy 2 13 1 2
xhy 2 13 1 2
xhy 2 13 1 2
xhy 2 13 1 2
h_pos [ 7.71713223  9.33415253 10.62441261] x_pos [ 8.17638319 10.59791555 10.41502063] y_pos [ 6.45769364  8.6948874  10.46505727]
h_pos [ 7.71713223  9.33415253 10.62441261] x_pos [ 8.17638319 10.59791555 10.41502063] y_pos [ 6.45769364  8.6948874  10.46505727]
h_pos [ 7.71713223  9.33415253 10.62441261] x_pos [ 8.17638319 10.59791555 10.41502063] y_pos [ 6.45769364  8.6948874  10.46505727]
2 rHY 1.4213513236047772 rHX 1.3608282069361222 0.060523116668655064
h_pos [ 7.71713223  9.33415253 10.62441261] x_pos [ 8.17638319 10.59791555 10.41502063] y_pos [ 6.45769364  8.6948874  10.46505727]
2 rHY 1.4213513236047772 rHX 1.3608282069361222 0.060523116668655064
2 rHY 1.4213513236047772 rHX 1.3608282069361222 0.060523116668655064
h_pos [ 7.71713223  9.33415253 10.62441261] x_pos [ 8.17638319 10.59791555 10.41502063] y_pos [ 6.45769364  8.6948874  10.46505727]
2 rHY 1.4213513236047772 rHX 1.3608282069361222 0.060523116668655064
2 cpl_forces h [ 8.49190952  9.56672896 -0.28979662]
2 rHY 1.4213513236047772 rHX 1.3608282069361222 0.060523116668655064
2 cpl_forces x [-2.34220718 -6.44526649  1.06791151]
2 cpl_forces h [ 8.49190952  9.56672896 -0.28979662]
2 cpl_forces h [ 8.49190952  9.56672896 -0.28979662]
2 cpl_forces h [ 8.49190952  9.56672896 -0.28979662]
2 cpl_forces x [-2.34220718 -6.44526649  1.06791151]
2 cpl_forces y [-6.14970234 -3.12146247 -0.77811488]
2 cpl_forces x [-2.34220718 -6.44526649  1.06791151]
2 cpl_forces h [ 8.49190952  9.56672896 -0.28979662]
2 cpl_forces y [-6.14970234 -3.12146247 -0.77811488]
2 cpl_forces x [-2.34220718 -6.44526649  1.06791151]
2 cpl_forces y [-6.14970234 -3.12146247 -0.77811488]
2 cpl_forces y [-6.14970234 -3.12146247 -0.77811488]
2 cpl_forces x [-2.34220718 -6.44526649  1.06791151]
2 cpl_forces y [-6.14970234 -3.12146247 -0.77811488]
09:29:20-DEBUG: System matrix: 
09:29:20-DEBUG: [[5.06014091e+03 3.58349891e+00]
 [3.58349891e+00 5.06171168e+03]]
09:29:20-DEBUG: Eigen values: 
09:29:20-DEBUG: [5057.25773924 5064.59484922]
09:29:20-DEBUG: Occupancies: 
09:29:20-DEBUG: [1. 0.]
09:29:20-INFO: coupling 2 3.5834989066594938
09:29:20-DEBUG: Amplitudes: 
09:29:20-DEBUG: [0.60704297 0.39295703]
09:29:20-INFO: forces0 h [ 6.53420087 16.40218057 -2.56972608]
09:29:20-INFO: forces0 x [  1.34835301 -16.17071781   2.5139048 ]
09:29:20-INFO: forces0 y [  0.18435392 -10.82391193  -0.17044181]
09:29:20-INFO: forces1 h [-18.24875604 -10.32113861  -2.03449913]
09:29:20-INFO: forces1 x [11.11829352  1.11073025 -0.45598821]
09:29:20-INFO: forces1 y [18.3461143   1.96388762  2.18493954]
pos h  [ 7.71713223  9.33415253 10.62441261]
pos x  [ 8.17638319 10.59791555 10.41502063]
pos y  [ 6.45769364  8.6948874  10.46505727]
 mixed_cpl_forces: h [-8.29502313 -9.3449227   0.28307764]
 mixed_cpl_forces: x [ 2.2879027   6.29583187 -1.0431518 ]
 mixed_cpl_forces: y [6.00712043 3.04909083 0.76007416]
09:29:20-INFO: mixed forces h [-11.49945932  -3.44385818  -2.07632725]
09:29:20-INFO: mixed forces x [ 7.47542249 -3.08401949  0.30371268]
09:29:20-INFO: mixed forces y [13.32826571 -2.74976542  1.515196  ]
09:29:20-DEBUG: Minimum eigen value: 
09:29:20-DEBUG: 5057.257739242207
09:29:20-DEBUG: Minimum state: 
09:29:20-DEBUG: 0
         2     5057.2577392422     5058.2558683321        7.1498728532     5060.1409081615        0.9981290899      0.39926608
09:29:20-INFO: ebond 0 2 3.2436362554934663
ids [  1   2   3   4   9  10  11  12  13  14  15  16  17  18  19  20  21  23
  24  25  26  27  28  29  30  31  32  33  34  35  36  37  39  41  42  44
  46  47  49  50  51  52  53  54  55  56  57  58  59  60  61  62  63  64
  65  67  68  69  70  71  72  73  74  75  76  78  79  81  83  85  86  88
  89  90  91  93  96  97  98  99 100 101 103 104 105 106 109 111 113 114
 115 116 119 120 121 124 126 128 130 131 132 135 136 544 638 643 644 649
 654 659 664 669 674 815 850 860 893 895 898 900 905 938 945 951 966 993]
ids [  6 102 107 108 112 117 118 123 133 183 228 275 310 313 315 320 353 355
 358 360 363 365 400 403 411 438 501 542 546 547 548 549 550 551 552 553
 554 555 556 557 559 560 562 563 564 565 566 567 568 569 570 571 572 573
 574 575 576 577 579 581 582 584 586 587 589 592 593 594 595 596 597 598
 599 600 601 602 603 604 605 606 607 608 609 610 611 612 613 614 615 616
 617 618 619 620 621 622 624 626 627 629 631 632 634 635 636 637 639 640
 641 642 645 646 647 648 650 651 652 653 655 656 657 658 660 661 662 665
 666 667 671 672 676 813]
ids [ 122  140  173  178  185  220  223  230  265  268  270  318  407  408
  409  412  413  414  415  416  417  418  419  420  421  422  423  424
  425  426  427  428  429  430  431  432  433  434  435  436  437  439
  440  441  442  444  446  447  449  451  452  454  456  457  458  459
  460  461  462  463  464  465  466  467  468  469  470  471  472  473
  474  475  476  477  478  479  480  481  482  483  484  485  486  487
  488  489  491  492  494  496  497  499  502  505  506  507  508  509
  510  511  512  513  514  515  516  517  520  521  522  523  524  525
  526  527  528  530  531  532  536  537  539  541  558  561  588  591
  803  949 1043 1044 1048 1049 1053 1059 1064 1074 1079]
ids [   5   48  139  234  238  239  244  248  249  258  259  264  378  533
  677  679  682  683  684  685  686  687  688  689  690  691  692  694
  695  696  697  698  699  700  701  702  703  704  705  706  707  708
  709  710  711  712  713  714  716  717  719  721  722  724  726  727
  728  729  730  731  732  733  734  735  736  737  738  739  740  741
  742  743  744  745  746  747  748  749  750  751  752  754  755  756
  757  759  761  762  763  764  766  767  769  772  773  774  775  776
  777  778  779  780  781  782  785  786  787  788  790  791  792  793
  795  796  797  799  800  802  805  806  807  811  828  846  891  936
  950  983  988  990 1028 1030 1033 1035 1038 1040 1075 1080]
ids [ 137  142  143  144  145  146  147  148  149  150  151  152  154  155
  157  158  159  160  161  162  163  164  165  166  167  169  170  171
  172  174  175  176  177  179  180  181  182  184  187  188  189  190
  191  192  193  194  195  196  197  198  199  200  202  203  204  205
  206  207  208  209  210  211  212  214  215  217  218  219  221  222
  224  225  226  227  229  232  233  235  236  237  240  241  242  243
  245  246  247  250  251  252  253  254  255  256  257  260  261  262
  266  267  269  271  306  348  381  393  396  410  443  445  448  450
  455  490  493  495  500  535  538  540  784  789  794  798  804  808
  809  918  933 1073 1078]
ids [   8   22   66   77   80   95  110  125  138  263  273  503  504  518
  519  529  534  543  663  678  680  715  718  720  723  725  758  760
  765  768  770  810  903  947  952  953  954  955  956  957  958  959
  960  961  962  963  964  965  967  968  969  970  971  972  973  974
  975  976  977  978  979  980  981  982  984  985  986  987  989  991
  992  994  995  996  997  998  999 1000 1001 1002 1003 1004 1005 1006
 1007 1008 1009 1010 1011 1012 1013 1014 1015 1016 1017 1018 1019 1020
 1021 1022 1023 1024 1025 1026 1027 1029 1031 1032 1034 1036 1037 1039
 1041 1042 1045 1046 1047 1050 1051 1052 1054 1055 1056 1057 1058 1060
 1061 1062 1063 1065 1066 1067 1068 1069 1070 1071 1072 1076 1077 1081]
ids [127 141 153 156 168 186 201 213 216 231 272 276 277 278 279 280 281 282
 283 284 285 286 287 288 289 290 291 292 293 294 295 296 297 298 299 300
 301 302 303 304 305 307 308 309 311 312 314 316 317 319 321 322 323 324
 325 326 327 328 329 330 331 332 333 334 335 336 337 338 339 340 341 342
 343 344 345 346 347 349 350 351 352 354 356 357 359 361 362 364 366 367
 369 370 371 372 373 374 375 376 377 380 382 383 385 386 387 388 389 390
 391 392 394 395 397 401 402 405 406 453 498 545 578 580 583 585 590 623
 625 628 630 633 670 675 814 909 913 914 919 924 928 943]
ids [  7  38  40  43  45  82  84  87  92  94 129 134 274 368 379 384 398 399
 404 668 673 681 693 753 771 783 801 812 816 817 818 819 820 821 822 823
 824 825 826 827 829 830 831 832 833 834 835 836 837 838 839 840 841 842
 843 844 845 847 848 849 851 852 853 854 855 856 857 858 859 861 862 863
 864 865 866 867 868 869 870 871 872 873 874 875 876 877 878 879 880 881
 882 883 884 885 886 887 888 889 890 892 894 896 897 899 901 902 904 906
 907 908 910 911 912 915 916 917 920 921 922 923 925 926 927 929 930 931
 932 934 935 937 939 940 941 942 944 946 948]
09:29:20-INFO: Step 3
09:29:20-DEBUG: Reaction systems: [[None]
 [0]]
09:29:20-DEBUG: rxn_pairs: [array([1, 2])]
09:29:20-DEBUG: Starting total colors: 5
09:29:20-DEBUG: Number of systems: 2
09:29:20-DEBUG: New total colors: 5
09:29:20-DEBUG: Potential energy for color 0: 5059.239405886955
ebond 1 3 4.107625623700046
09:29:20-DEBUG: Potential energy for color 1: 5060.384317971695
xhy 3 13 1 2
xhy 3 13 1 2
xhy 3 13 1 2
xhy 3 13 1 2
xhy 3 13 1 2
h_pos [ 7.70518426  9.32978318 10.62246144] x_pos [ 8.17684675 10.59777576 10.41503122] y_pos [ 6.4585427   8.6947392  10.46515442]
h_pos [ 7.70518426  9.32978318 10.62246144] x_pos [ 8.17684675 10.59777576 10.41503122] y_pos [ 6.4585427   8.6947392  10.46515442]
3 rHY 1.4078854853341989 rHX 1.3686847646326943 0.0392007207015046
h_pos [ 7.70518426  9.32978318 10.62246144] x_pos [ 8.17684675 10.59777576 10.41503122] y_pos [ 6.4585427   8.6947392  10.46515442]
3 rHY 1.4078854853341989 rHX 1.3686847646326943 0.0392007207015046
3 rHY 1.4078854853341989 rHX 1.3686847646326943 0.0392007207015046
h_pos [ 7.70518426  9.32978318 10.62246144] x_pos [ 8.17684675 10.59777576 10.41503122] y_pos [ 6.4585427   8.6947392  10.46515442]
h_pos [ 7.70518426  9.32978318 10.62246144] x_pos [ 8.17684675 10.59777576 10.41503122] y_pos [ 6.4585427   8.6947392  10.46515442]
3 cpl_forces h [ 5.72084753  6.40643345 -0.18520186]
3 rHY 1.4078854853341989 rHX 1.3686847646326943 0.0392007207015046
3 rHY 1.4078854853341989 rHX 1.3686847646326943 0.0392007207015046
3 cpl_forces h [ 5.72084753  6.40643345 -0.18520186]
3 cpl_forces x [-1.60270876 -4.3086378   0.70484772]
3 cpl_forces h [ 5.72084753  6.40643345 -0.18520186]
3 cpl_forces x [-1.60270876 -4.3086378   0.70484772]
3 cpl_forces h [ 5.72084753  6.40643345 -0.18520186]
3 cpl_forces y [-4.11813877 -2.09779566 -0.51964586]
3 cpl_forces y [-4.11813877 -2.09779566 -0.51964586]
3 cpl_forces x [-1.60270876 -4.3086378   0.70484772]
3 cpl_forces h [ 5.72084753  6.40643345 -0.18520186]
3 cpl_forces x [-1.60270876 -4.3086378   0.70484772]
3 cpl_forces y [-4.11813877 -2.09779566 -0.51964586]
3 cpl_forces y [-4.11813877 -2.09779566 -0.51964586]
3 cpl_forces x [-1.60270876 -4.3086378   0.70484772]
3 cpl_forces y [-4.11813877 -2.09779566 -0.51964586]
09:29:20-DEBUG: System matrix: 
09:29:20-DEBUG: [[5.05923941e+03 3.70751296e+00]
 [3.70751296e+00 5.06038432e+03]]
09:29:20-DEBUG: Eigen values: 
09:29:20-DEBUG: [5056.06041444 5063.56330942]
09:29:20-DEBUG: Occupancies: 
09:29:20-DEBUG: [1. 0.]
09:29:20-INFO: coupling 3 3.707512956556431
09:29:20-DEBUG: Amplitudes: 
09:29:20-DEBUG: [0.57629802 0.42370198]
09:29:20-INFO: forces0 h [ 6.87408792 16.7465875  -2.57311773]
09:29:20-INFO: forces0 x [  1.07715804 -16.46631554   2.52881679]
09:29:20-INFO: forces0 y [  0.0935952  -10.85584311  -0.1807993 ]
09:29:20-INFO: forces1 h [-17.66298703  -9.97132158  -1.97610028]
09:29:20-INFO: forces1 x [11.05886534  1.01513894 -0.43726664]
09:29:20-INFO: forces1 y [17.78587751  1.72153177  2.10871928]
pos h  [ 7.70518426  9.32978318 10.62246144]
pos x  [ 8.17684675 10.59777576 10.41503122]
pos y  [ 6.4585427   8.6947392  10.46515442]
 mixed_cpl_forces: h [-5.65384866 -6.33140544  0.1830329 ]
 mixed_cpl_forces: x [ 1.58393888  4.25817781 -0.696593  ]
 mixed_cpl_forces: y [4.06990979 2.07322763 0.5135601 ]
09:29:20-INFO: mixed forces h [-9.17616794 -0.90524888 -2.13712736]
09:29:20-INFO: mixed forces x [ 6.89036605 -4.80121087  0.57548838]
09:29:20-INFO: mixed forces y [11.65976    -3.45355686  1.30283436]
09:29:20-DEBUG: Minimum eigen value: 
09:29:20-DEBUG: 5056.06041444289
09:29:20-DEBUG: Minimum state: 
09:29:20-DEBUG: 0
         3     5056.0604144429     5058.2714175159       15.8380223663     5059.2394058870        2.2110030730      0.39263872
09:29:20-INFO: ebond 0 3 3.3807995495819623
ids [ 122  140  173  178  185  220  223  230  265  268  270  318  407  408
  409  412  413  414  415  416  417  418  419  420  421  422  423  424
  425  426  427  428  429  430  431  432  433  434  435  436  437  439
  440  441  442  444  446  447  449  451  452  454  456  457  458  459
  460  461  462  463  464  465  466  467  468  469  470  471  472  473
  474  475  476  477  478  479  480  481  482  483  484  485  486  487
  488  489  491  492  494  496  497  499  502  505  506  507  508  509
  510  511  512  513  514  515  516  517  520  521  522  523  524  525
  526  527  528  530  531  532  536  537  539  541  558  561  588  591
  803  949 1043 1044 1048 1049 1053 1059 1064 1074 1079]
ids [  1   2   3   4   9  10  11  12  13  14  15  16  17  18  19  20  21  23
  24  25  26  27  28  29  30  31  32  33  34  35  36  37  39  41  42  44
  46  47  49  50  51  52  53  54  55  56  57  58  59  60  61  62  63  64
  65  67  68  69  70  71  72  73  74  75  76  78  79  81  83  85  86  88
  89  90  91  93  96  97  98  99 100 101 103 104 105 106 109 111 113 114
 115 116 119 120 121 124 126 128 130 131 132 135 136 544 638 643 644 649
 654 659 664 669 674 815 850 860 893 895 898 900 905 938 945 951 966 993]
ids [  6 102 107 108 112 117 118 123 133 183 228 275 310 313 315 320 353 355
 358 360 363 365 400 403 411 438 501 542 546 547 548 549 550 551 552 553
 554 555 556 557 559 560 562 563 564 565 566 567 568 569 570 571 572 573
 574 575 576 577 579 581 582 584 586 587 589 592 593 594 595 596 597 598
 599 600 601 602 603 604 605 606 607 608 609 610 611 612 613 614 615 616
 617 618 619 620 621 622 624 626 627 629 631 632 634 635 636 637 639 640
 641 642 645 646 647 648 650 651 652 653 655 656 657 658 660 661 662 665
 666 667 671 672 676 813]
ids [   5   48  139  234  238  239  244  248  249  258  259  264  378  533
  677  679  682  683  684  685  686  687  688  689  690  691  692  694
  695  696  697  698  699  700  701  702  703  704  705  706  707  708
  709  710  711  712  713  714  716  717  719  721  722  724  726  727
  728  729  730  731  732  733  734  735  736  737  738  739  740  741
  742  743  744  745  746  747  748  749  750  751  752  754  755  756
  757  759  761  762  763  764  766  767  769  772  773  774  775  776
  777  778  779  780  781  782  785  786  787  788  790  791  792  793
  795  796  797  799  800  802  805  806  807  811  828  846  891  936
  950  983  988  990 1028 1030 1033 1035 1038 1040 1075 1080]
ids [ 137  142  143  144  145  146  147  148  149  150  151  152  154  155
  157  158  159  160  161  162  163  164  165  166  167  169  170  171
  172  174  175  176  177  179  180  181  182  184  187  188  189  190
  191  192  193  194  195  196  197  198  199  200  202  203  204  205
  206  207  208  209  210  211  212  214  215  217  218  219  221  222
  224  225  226  227  229  232  233  235  236  237  240  241  242  243
  245  246  247  250  251  252  253  254  255  256  257  260  261  262
  266  267  269  271  306  348  381  393  396  410  443  445  448  450
  455  490  493  495  500  535  538  540  784  789  794  798  804  808
  809  918  933 1073 1078]
ids [127 141 153 156 168 186 201 213 216 231 272 276 277 278 279 280 281 282
 283 284 285 286 287 288 289 290 291 292 293 294 295 296 297 298 299 300
 301 302 303 304 305 307 308 309 311 312 314 316 317 319 321 322 323 324
 325 326 327 328 329 330 331 332 333 334 335 336 337 338 339 340 341 342
 343 344 345 346 347 349 350 351 352 354 356 357 359 361 362 364 366 367
 369 370 371 372 373 374 375 376 377 380 382 383 385 386 387 388 389 390
 391 392 394 395 397 401 402 405 406 453 498 545 578 580 583 585 590 623
 625 628 630 633 670 675 814 909 913 914 919 924 928 943]
ids [   8   22   66   77   80   95  110  125  138  263  273  503  504  518
  519  529  534  543  663  678  680  715  718  720  723  725  758  760
  765  768  770  810  903  947  952  953  954  955  956  957  958  959
  960  961  962  963  964  965  967  968  969  970  971  972  973  974
  975  976  977  978  979  980  981  982  984  985  986  987  989  991
  992  994  995  996  997  998  999 1000 1001 1002 1003 1004 1005 1006
 1007 1008 1009 1010 1011 1012 1013 1014 1015 1016 1017 1018 1019 1020
 1021 1022 1023 1024 1025 1026 1027 1029 1031 1032 1034 1036 1037 1039
 1041 1042 1045 1046 1047 1050 1051 1052 1054 1055 1056 1057 1058 1060
 1061 1062 1063 1065 1066 1067 1068 1069 1070 1071 1072 1076 1077 1081]
ids [  7  38  40  43  45  82  84  87  92  94 129 134 274 368 379 384 398 399
 404 668 673 681 693 753 771 783 801 812 816 817 818 819 820 821 822 823
 824 825 826 827 829 830 831 832 833 834 835 836 837 838 839 840 841 842
 843 844 845 847 848 849 851 852 853 854 855 856 857 858 859 861 862 863
 864 865 866 867 868 869 870 871 872 873 874 875 876 877 878 879 880 881
 882 883 884 885 886 887 888 889 890 892 894 896 897 899 901 902 904 906
 907 908 910 911 912 915 916 917 920 921 922 923 925 926 927 929 930 931
 932 934 935 937 939 940 941 942 944 946 948]
09:29:20-INFO: Step 4
09:29:20-DEBUG: Reaction systems: [[None]
 [0]]
09:29:20-DEBUG: rxn_pairs: [array([1, 2])]
09:29:20-DEBUG: Starting total colors: 5
09:29:20-DEBUG: Number of systems: 2
09:29:20-DEBUG: New total colors: 5
09:29:20-DEBUG: Potential energy for color 0: 5057.972111951754
ebond 1 4 3.7730898894985
09:29:20-DEBUG: Potential energy for color 1: 5058.575934030299
xhy 4 13 1 2
xhy 4 13 1 2
xhy 4 13 1 2
xhy 4 13 1 2
xhy 4 13 1 2
h_pos [ 7.68935094  9.32464869 10.6197046 ] x_pos [ 8.17748034 10.59753728 10.41505259] y_pos [ 6.45969211  8.69451578 10.46528545]
h_pos [ 7.68935094  9.32464869 10.6197046 ] x_pos [ 8.17748034 10.59753728 10.41505259] y_pos [ 6.45969211  8.69451578 10.46528545]
h_pos [ 7.68935094  9.32464869 10.6197046 ] x_pos [ 8.17748034 10.59753728 10.41505259] y_pos [ 6.45969211  8.69451578 10.46528545]
4 rHY 1.3903142154925219 rHX 1.3785492810079756 0.011764934484546297
h_pos [ 7.68935094  9.32464869 10.6197046 ] x_pos [ 8.17748034 10.59753728 10.41505259] y_pos [ 6.45969211  8.69451578 10.46528545]
4 rHY 1.3903142154925219 rHX 1.3785492810079756 0.011764934484546297
4 rHY 1.3903142154925219 rHX 1.3785492810079756 0.011764934484546297
4 rHY 1.3903142154925219 rHX 1.3785492810079756 0.011764934484546297
4 cpl_forces h [ 1.76785659  1.96490357 -0.05336504]
h_pos [ 7.68935094  9.32464869 10.6197046 ] x_pos [ 8.17748034 10.59753728 10.41505259] y_pos [ 6.45969211  8.69451578 10.46528545]
4 cpl_forces h [ 1.76785659  1.96490357 -0.05336504]
4 cpl_forces x [-0.50541846 -1.31797305  0.21190058]
4 rHY 1.3903142154925219 rHX 1.3785492810079756 0.011764934484546297
4 cpl_forces h [ 1.76785659  1.96490357 -0.05336504]
4 cpl_forces x [-0.50541846 -1.31797305  0.21190058]
4 cpl_forces y [-1.26243813 -0.64693051 -0.15853554]
4 cpl_forces h [ 1.76785659  1.96490357 -0.05336504]
4 cpl_forces x [-0.50541846 -1.31797305  0.21190058]
4 cpl_forces y [-1.26243813 -0.64693051 -0.15853554]
4 cpl_forces h [ 1.76785659  1.96490357 -0.05336504]
4 cpl_forces x [-0.50541846 -1.31797305  0.21190058]
4 cpl_forces y [-1.26243813 -0.64693051 -0.15853554]
4 cpl_forces x [-0.50541846 -1.31797305  0.21190058]
4 cpl_forces y [-1.26243813 -0.64693051 -0.15853554]
4 cpl_forces y [-1.26243813 -0.64693051 -0.15853554]
09:29:20-DEBUG: System matrix: 
09:29:20-DEBUG: [[5.05797211e+03 3.79139420e+00]
 [3.79139420e+00 5.05857593e+03]]
09:29:20-DEBUG: Eigen values: 
09:29:20-DEBUG: [5054.4706271  5062.07741888]
09:29:20-DEBUG: Occupancies: 
09:29:20-DEBUG: [1. 0.]
09:29:20-INFO: coupling 4 3.7913942022265075
09:29:20-DEBUG: Amplitudes: 
09:29:20-DEBUG: [0.53968967 0.46031033]
09:29:20-INFO: forces0 h [ 7.34200313 17.18557343 -2.56873613]
09:29:20-INFO: forces0 x [  0.71704688 -16.83045978   2.54175798]
09:29:20-INFO: forces0 y [ -0.04472899 -10.90663318  -0.19650792]
09:29:20-INFO: forces1 h [-16.89930707  -9.53632038  -1.89454629]
09:29:20-INFO: forces1 x [10.98256401  0.90541562 -0.41574874]
09:29:20-INFO: forces1 y [17.05177472  1.41301036  2.00692156]
pos h  [ 7.68935094  9.32464869 10.6197046 ]
pos x  [ 8.17748034 10.59753728 10.41505259]
pos y  [ 6.45969211  8.69451578 10.46528545]
 mixed_cpl_forces: h [-1.76227809 -1.95870328  0.05319665]
 mixed_cpl_forces: x [ 0.5038236   1.31381417 -0.21123192]
 mixed_cpl_forces: y [1.25845449 0.64488911 0.15803528]
09:29:20-INFO: mixed forces h [-5.57880051  2.92650634 -2.20520294]
09:29:20-INFO: mixed forces x [ 5.94619408 -7.35263892  0.96915516]
09:29:20-INFO: mixed forces y [ 9.08342279 -4.59088486  0.97578871]
09:29:20-DEBUG: Minimum eigen value: 
09:29:20-DEBUG: 5054.4706271041505
09:29:20-DEBUG: Minimum state: 
09:29:20-DEBUG: 0
         4     5054.4706271042     5058.3040564359       27.4599073324     5057.9721119518        3.8334293318      0.38199369
09:29:20-INFO: ebond 0 4 3.5570407077766184
ids [  1   2   3   4   9  10  11  12  13  14  15  16  17  18  19  20  21  23
  24  25  26  27  28  29  30  31  32  33  34  35  36  37  39  41  42  44
  46  47  49  50  51  52  53  54  55  56  57  58  59  60  61  62  63  64
  65  67  68  69  70  71  72  73  74  75  76  78  79  81  83  85  86  88
  89  90  91  93  96  97  98  99 100 101 103 104 105 106 109 111 113 114
 115 116 119 120 121 124 126 128 130 131 132 135 136 544 638 643 644 649
 654 659 664 669 674 815 850 860 893 895 898 900 905 938 945 951 966 993]
ids [ 137  142  143  144  145  146  147  148  149  150  151  152  154  155
  157  158  159  160  161  162  163  164  165  166  167  169  170  171
  172  174  175  176  177  179  180  181  182  184  187  188  189  190
  191  192  193  194  195  196  197  198  199  200  202  203  204  205
  206  207  208  209  210  211  212  214  215  217  218  219  221  222
  224  225  226  227  229  232  233  235  236  237  240  241  242  243
  245  246  247  250  251  252  253  254  255  256  257  260  261  262
  266  267  269  271  306  348  381  393  396  410  443  445  448  450
  455  490  493  495  500  535  538  540  784  789  794  798  804  808
  809  918  933 1073 1078]
ids [ 122  140  173  178  185  220  223  230  265  268  270  318  407  408
  409  412  413  414  415  416  417  418  419  420  421  422  423  424
  425  426  427  428  429  430  431  432  433  434  435  436  437  439
  440  441  442  444  446  447  449  451  452  454  456  457  458  459
  460  461  462  463  464  465  466  467  468  469  470  471  472  473
  474  475  476  477  478  479  480  481  482  483  484  485  486  487
  488  489  491  492  494  496  497  499  502  505  506  507  508  509
  510  511  512  513  514  515  516  517  520  521  522  523  524  525
  526  527  528  530  531  532  536  537  539  541  558  561  588  591
  803  949 1043 1044 1048 1049 1053 1059 1064 1074 1079]
ids [  6 102 107 108 112 117 118 123 133 183 228 275 310 313 315 320 353 355
 358 360 363 365 400 403 411 438 501 542 546 547 548 549 550 551 552 553
 554 555 556 557 559 560 562 563 564 565 566 567 568 569 570 571 572 573
 574 575 576 577 579 581 582 584 586 587 589 592 593 594 595 596 597 598
 599 600 601 602 603 604 605 606 607 608 609 610 611 612 613 614 615 616
 617 618 619 620 621 622 624 626 627 629 631 632 634 635 636 637 639 640
 641 642 645 646 647 648 650 651 652 653 655 656 657 658 660 661 662 665
 666 667 671 672 676 813]
ids [127 141 153 156 168 186 201 213 216 231 272 276 277 278 279 280 281 282
 283 284 285 286 287 288 289 290 291 292 293 294 295 296 297 298 299 300
 301 302 303 304 305 307 308 309 311 312 314 316 317 319 321 322 323 324
 325 326 327 328 329 330 331 332 333 334 335 336 337 338 339 340 341 342
 343 344 345 346 347 349 350 351 352 354 356 357 359 361 362 364 366 367
 369 370 371 372 373 374 375 376 377 380 382 383 385 386 387 388 389 390
 391 392 394 395 397 401 402 405 406 453 498 545 578 580 583 585 590 623
 625 628 630 633 670 675 814 909 913 914 919 924 928 943]
ids [   5   48  139  234  238  239  244  248  249  258  259  264  378  533
  677  679  682  683  684  685  686  687  688  689  690  691  692  694
  695  696  697  698  699  700  701  702  703  704  705  706  707  708
  709  710  711  712  713  714  716  717  719  721  722  724  726  727
  728  729  730  731  732  733  734  735  736  737  738  739  740  741
  742  743  744  745  746  747  748  749  750  751  752  754  755  756
  757  759  761  762  763  764  766  767  769  772  773  774  775  776
  777  778  779  780  781  782  785  786  787  788  790  791  792  793
  795  796  797  799  800  802  805  806  807  811  828  846  891  936
  950  983  988  990 1028 1030 1033 1035 1038 1040 1075 1080]
ids [   8   22   66   77   80   95  110  125  138  263  273  503  504  518
  519  529  534  543  663  678  680  715  718  720  723  725  758  760
  765  768  770  810  903  947  952  953  954  955  956  957  958  959
  960  961  962  963  964  965  967  968  969  970  971  972  973  974
  975  976  977  978  979  980  981  982  984  985  986  987  989  991
  992  994  995  996  997  998  999 1000 1001 1002 1003 1004 1005 1006
 1007 1008 1009 1010 1011 1012 1013 1014 1015 1016 1017 1018 1019 1020
 1021 1022 1023 1024 1025 1026 1027 1029 1031 1032 1034 1036 1037 1039
 1041 1042 1045 1046 1047 1050 1051 1052 1054 1055 1056 1057 1058 1060
 1061 1062 1063 1065 1066 1067 1068 1069 1070 1071 1072 1076 1077 1081]
ids [  7  38  40  43  45  82  84  87  92  94 129 134 274 368 379 384 398 399
 404 668 673 681 693 753 771 783 801 812 816 817 818 819 820 821 822 823
 824 825 826 827 829 830 831 832 833 834 835 836 837 838 839 840 841 842
 843 844 845 847 848 849 851 852 853 854 855 856 857 858 859 861 862 863
 864 865 866 867 868 869 870 871 872 873 874 875 876 877 878 879 880 881
 882 883 884 885 886 887 888 889 890 892 894 896 897 899 901 902 904 906
 907 908 910 911 912 915 916 917 920 921 922 923 925 926 927 929 930 931
 932 934 935 937 939 940 941 942 944 946 948]
09:29:20-INFO: Step 5
09:29:20-DEBUG: Reaction systems: [[None]
 [0]]
09:29:20-DEBUG: rxn_pairs: [array([1, 2])]
09:29:20-DEBUG: Starting total colors: 5
09:29:20-DEBUG: Number of systems: 2
09:29:20-DEBUG: New total colors: 5
09:29:20-DEBUG: Potential energy for color 0: 5056.32341620394
ebond 1 5 3.4091079840884526
09:29:20-DEBUG: Potential energy for color 1: 5056.3371848242405
xhy 5 13 1 2
xhy 5 13 1 2
xhy 5 13 1 2
xhy 5 13 1 2
xhy 5 13 1 2
h_pos [ 7.67078794  9.31998426 10.61611895] x_pos [ 8.17826445 10.59714779 10.41509275] y_pos [ 6.46109009  8.69419469 10.46544377]
h_pos [ 7.67078794  9.31998426 10.61611895] x_pos [ 8.17826445 10.59714779 10.41509275] y_pos [ 6.46109009  8.69419469 10.46544377]
h_pos [ 7.67078794  9.31998426 10.61611895] x_pos [ 8.17826445 10.59714779 10.41509275] y_pos [ 6.46109009  8.69419469 10.46544377]
h_pos [ 7.67078794  9.31998426 10.61611895] x_pos [ 8.17826445 10.59714779 10.41509275] y_pos [ 6.46109009  8.69419469 10.46544377]
h_pos [ 7.67078794  9.31998426 10.61611895] x_pos [ 8.17826445 10.59714779 10.41509275] y_pos [ 6.46109009  8.69419469 10.46544377]
5 rHY 1.3702862775076545 rHX 1.38891707068373 0.01863079317607541
5 rHY 1.3702862775076545 rHX 1.38891707068373 0.01863079317607541
5 rHY 1.3702862775076545 rHX 1.38891707068373 0.01863079317607541
5 rHY 1.3702862775076545 rHX 1.38891707068373 0.01863079317607541
5 rHY 1.3702862775076545 rHX 1.38891707068373 0.01863079317607541
5 cpl_forces h [-2.81195359 -3.10041165  0.07834702]
5 cpl_forces h [-2.81195359 -3.10041165  0.07834702]
5 cpl_forces h [-2.81195359 -3.10041165  0.07834702]
5 cpl_forces h [-2.81195359 -3.10041165  0.07834702]
5 cpl_forces x [ 0.82313249  2.07157334 -0.32606671]
5 cpl_forces x [ 0.82313249  2.07157334 -0.32606671]
5 cpl_forces h [-2.81195359 -3.10041165  0.07834702]
5 cpl_forces x [ 0.82313249  2.07157334 -0.32606671]
5 cpl_forces x [ 0.82313249  2.07157334 -0.32606671]
5 cpl_forces y [1.98882111 1.02883831 0.24771969]
5 cpl_forces y [1.98882111 1.02883831 0.24771969]
5 cpl_forces x [ 0.82313249  2.07157334 -0.32606671]
5 cpl_forces y [1.98882111 1.02883831 0.24771969]
5 cpl_forces y [1.98882111 1.02883831 0.24771969]
5 cpl_forces y [1.98882111 1.02883831 0.24771969]
09:29:20-DEBUG: System matrix: 
09:29:20-DEBUG: [[5.05632342e+03 3.77875553e+00]
 [3.77875553e+00 5.05633718e+03]]
09:29:20-DEBUG: Eigen values: 
09:29:20-DEBUG: [5052.55153871 5060.10906231]
09:29:20-DEBUG: Occupancies: 
09:29:20-DEBUG: [1. 0.]
09:29:20-INFO: coupling 5 3.7787555297771305
09:29:20-DEBUG: Amplitudes: 
09:29:20-DEBUG: [0.50091092 0.49908908]
09:29:20-INFO: forces0 h [ 7.91260644 17.65915564 -2.54754342]
09:29:20-INFO: forces0 x [  0.29831199 -17.1995659    2.5438796 ]
09:29:20-INFO: forces0 y [ -0.23511371 -10.9792387   -0.2177738 ]
09:29:20-INFO: forces1 h [-16.02841613  -9.07452277  -1.79280626]
09:29:20-INFO: forces1 x [10.89626882  0.80087126 -0.39496889]
09:29:20-INFO: forces1 y [16.208538    1.077655    1.88606822]
pos h  [ 7.67078794  9.31998426 10.61611895]
pos x  [ 8.17826445 10.59714779 10.41509275]
pos y  [ 6.46109009  8.69419469 10.46544377]
 mixed_cpl_forces: h [ 2.81194893  3.1004065  -0.07834689]
 mixed_cpl_forces: x [-0.82313112 -2.0715699   0.32606616]
 mixed_cpl_forces: y [-1.98881781 -1.0288366  -0.24771927]
09:29:20-INFO: mixed forces h [-1.22414753  7.41707521 -2.24920923]
09:29:20-INFO: mixed forces x [  4.76450538 -10.28731421   1.40319858]
09:29:20-INFO: mixed forces y [ 5.98291547 -5.99061133  0.5845115 ]
09:29:20-DEBUG: Minimum eigen value: 
09:29:20-DEBUG: 5052.551538713242
09:29:20-DEBUG: Minimum state: 
09:29:20-DEBUG: 0
         5     5052.5515387132     5058.3489377842       41.5283620694     5056.3234162039        5.7973990709      0.39054415
09:29:20-INFO: ebond 0 5 3.7470996908011514
ids [  6 102 107 108 112 117 118 123 133 183 228 275 310 313 315 320 353 355
 358 360 363 365 400 403 411 438 501 542 546 547 548 549 550 551 552 553
 554 555 556 557 559 560 562 563 564 565 566 567 568 569 570 571 572 573
 574 575 576 577 579 581 582 584 586 587 589 592 593 594 595 596 597 598
 599 600 601 602 603 604 605 606 607 608 609 610 611 612 613 614 615 616
 617 618 619 620 621 622 624 626 627 629 631 632 634 635 636 637 639 640
 641 642 645 646 647 648 650 651 652 653 655 656 657 658 660 661 662 665
 666 667 671 672 676 813]
ids [ 137  142  143  144  145  146  147  148  149  150  151  152  154  155
  157  158  159  160  161  162  163  164  165  166  167  169  170  171
  172  174  175  176  177  179  180  181  182  184  187  188  189  190
  191  192  193  194  195  196  197  198  199  200  202  203  204  205
  206  207  208  209  210  211  212  214  215  217  218  219  221  222
  224  225  226  227  229  232  233  235  236  237  240  241  242  243
  245  246  247  250  251  252  253  254  255  256  257  260  261  262
  266  267  269  271  306  348  381  393  396  410  443  445  448  450
  455  490  493  495  500  535  538  540  784  789  794  798  804  808
  809  918  933 1073 1078]
ids [ 122  140  173  178  185  220  223  230  265  268  270  318  407  408
  409  412  413  414  415  416  417  418  419  420  421  422  423  424
  425  426  427  428  429  430  431  432  433  434  435  436  437  439
  440  441  442  444  446  447  449  451  452  454  456  457  458  459
  460  461  462  463  464  465  466  467  468  469  470  471  472  473
  474  475  476  477  478  479  480  481  482  483  484  485  486  487
  488  489  491  492  494  496  497  499  502  505  506  507  508  509
  510  511  512  513  514  515  516  517  520  521  522  523  524  525
  526  527  528  530  531  532  536  537  539  541  558  561  588  591
  803  949 1043 1044 1048 1049 1053 1059 1064 1074 1079]
ids [  1   2   3   4   9  10  11  12  13  14  15  16  17  18  19  20  21  23
  24  25  26  27  28  29  30  31  32  33  34  35  36  37  39  41  42  44
  46  47  49  50  51  52  53  54  55  56  57  58  59  60  61  62  63  64
  65  67  68  69  70  71  72  73  74  75  76  78  79  81  83  85  86  88
  89  90  91  93  96  97  98  99 100 101 103 104 105 106 109 111 113 114
 115 116 119 120 121 124 126 128 130 131 132 135 136 544 638 643 644 649
 654 659 664 669 674 815 850 860 893 895 898 900 905 938 945 951 966 993]
ids [   8   22   66   77   80   95  110  125  138  263  273  503  504  518
  519  529  534  543  663  678  680  715  718  720  723  725  758  760
  765  768  770  810  903  947  952  953  954  955  956  957  958  959
  960  961  962  963  964  965  967  968  969  970  971  972  973  974
  975  976  977  978  979  980  981  982  984  985  986  987  989  991
  992  994  995  996  997  998  999 1000 1001 1002 1003 1004 1005 1006
 1007 1008 1009 1010 1011 1012 1013 1014 1015 1016 1017 1018 1019 1020
 1021 1022 1023 1024 1025 1026 1027 1029 1031 1032 1034 1036 1037 1039
 1041 1042 1045 1046 1047 1050 1051 1052 1054 1055 1056 1057 1058 1060
 1061 1062 1063 1065 1066 1067 1068 1069 1070 1071 1072 1076 1077 1081]
ids [   5   48  139  234  238  239  244  248  249  258  259  264  378  533
  677  679  682  683  684  685  686  687  688  689  690  691  692  694
  695  696  697  698  699  700  701  702  703  704  705  706  707  708
  709  710  711  712  713  714  716  717  719  721  722  724  726  727
  728  729  730  731  732  733  734  735  736  737  738  739  740  741
  742  743  744  745  746  747  748  749  750  751  752  754  755  756
  757  759  761  762  763  764  766  767  769  772  773  774  775  776
  777  778  779  780  781  782  785  786  787  788  790  791  792  793
  795  796  797  799  800  802  805  806  807  811  828  846  891  936
  950  983  988  990 1028 1030 1033 1035 1038 1040 1075 1080]
ids [127 141 153 156 168 186 201 213 216 231 272 276 277 278 279 280 281 282
 283 284 285 286 287 288 289 290 291 292 293 294 295 296 297 298 299 300
 301 302 303 304 305 307 308 309 311 312 314 316 317 319 321 322 323 324
 325 326 327 328 329 330 331 332 333 334 335 336 337 338 339 340 341 342
 343 344 345 346 347 349 350 351 352 354 356 357 359 361 362 364 366 367
 369 370 371 372 373 374 375 376 377 380 382 383 385 386 387 388 389 390
 391 392 394 395 397 401 402 405 406 453 498 545 578 580 583 585 590 623
 625 628 630 633 670 675 814 909 913 914 919 924 928 943]
ids [  7  38  40  43  45  82  84  87  92  94 129 134 274 368 379 384 398 399
 404 668 673 681 693 753 771 783 801 812 816 817 818 819 820 821 822 823
 824 825 826 827 829 830 831 832 833 834 835 836 837 838 839 840 841 842
 843 844 845 847 848 849 851 852 853 854 855 856 857 858 859 861 862 863
 864 865 866 867 868 869 870 871 872 873 874 875 876 877 878 879 880 881
 882 883 884 885 886 887 888 889 890 892 894 896 897 899 901 902 904 906
 907 908 910 911 912 915 916 917 920 921 922 923 925 926 927 929 930 931
 932 934 935 937 939 940 941 942 944 946 948]
09:29:20-INFO: Step 6
09:29:20-DEBUG: Reaction systems: [[None]
 [0]]
09:29:20-DEBUG: rxn_pairs: [array([1, 2])]
09:29:20-DEBUG: Starting total colors: 5
09:29:20-DEBUG: Number of systems: 2
09:29:20-DEBUG: New total colors: 5
09:29:20-DEBUG: Potential energy for color 0: 5054.266705729362
ebond 1 6 3.059118126686768
09:29:20-DEBUG: Potential energy for color 1: 5053.725432059003
xhy 6 13 1 2
xhy 6 13 1 2
xhy 6 13 1 2
xhy 6 13 1 2
xhy 6 13 1 2
h_pos [ 7.65103419  9.31738655 10.61168629] x_pos [ 8.17917271 10.59654104 10.41516156] y_pos [ 6.46266753  8.69374509 10.46562066]
h_pos [ 7.65103419  9.31738655 10.61168629] x_pos [ 8.17917271 10.59654104 10.41516156] y_pos [ 6.46266753  8.69374509 10.46562066]
6 rHY 1.3499922826766597 rHX 1.3977798427118777 0.047787560035218
h_pos [ 7.65103419  9.31738655 10.61168629] x_pos [ 8.17917271 10.59654104 10.41516156] y_pos [ 6.46266753  8.69374509 10.46562066]
h_pos [ 7.65103419  9.31738655 10.61168629] x_pos [ 8.17917271 10.59654104 10.41516156] y_pos [ 6.46266753  8.69374509 10.46562066]
h_pos [ 7.65103419  9.31738655 10.61168629] x_pos [ 8.17917271 10.59654104 10.41516156] y_pos [ 6.46266753  8.69374509 10.46562066]
6 rHY 1.3499922826766597 rHX 1.3977798427118777 0.047787560035218
6 rHY 1.3499922826766597 rHX 1.3977798427118777 0.047787560035218
6 rHY 1.3499922826766597 rHX 1.3977798427118777 0.047787560035218
6 rHY 1.3499922826766597 rHX 1.3977798427118777 0.047787560035218
6 cpl_forces h [-7.04820274 -7.71472044  0.18151286]
6 cpl_forces h [-7.04820274 -7.71472044  0.18151286]
6 cpl_forces h [-7.04820274 -7.71472044  0.18151286]
6 cpl_forces h [-7.04820274 -7.71472044  0.18151286]
6 cpl_forces x [ 2.11673366  5.1267409  -0.78765416]
6 cpl_forces h [-7.04820274 -7.71472044  0.18151286]
6 cpl_forces x [ 2.11673366  5.1267409  -0.78765416]
6 cpl_forces x [ 2.11673366  5.1267409  -0.78765416]
6 cpl_forces x [ 2.11673366  5.1267409  -0.78765416]
6 cpl_forces y [4.93146909 2.58797954 0.6061413 ]
6 cpl_forces x [ 2.11673366  5.1267409  -0.78765416]
6 cpl_forces y [4.93146909 2.58797954 0.6061413 ]
6 cpl_forces y [4.93146909 2.58797954 0.6061413 ]
6 cpl_forces y [4.93146909 2.58797954 0.6061413 ]
6 cpl_forces y [4.93146909 2.58797954 0.6061413 ]
09:29:20-DEBUG: System matrix: 
09:29:20-DEBUG: [[5.05426671e+03 3.66346719e+00]
 [3.66346719e+00 5.05372543e+03]]
09:29:20-DEBUG: Eigen values: 
09:29:20-DEBUG: [5057.66951907 5050.32261872]
09:29:20-DEBUG: Occupancies: 
09:29:20-DEBUG: [0. 1.]
09:29:20-INFO: coupling 6 3.6634671929347515
09:29:20-DEBUG: Amplitudes: 
09:29:20-DEBUG: [0.46316313 0.53683687]
09:29:20-INFO: forces0 h [ 8.53559978 18.08356103 -2.50071595]
09:29:20-INFO: forces0 x [ -0.13451348 -17.49078279   2.52489294]
09:29:20-INFO: forces0 y [ -0.47116813 -11.07182675  -0.24315546]
09:29:20-INFO: forces1 h [-15.14277314  -8.65401356  -1.67696018]
09:29:20-INFO: forces1 x [10.80749933  0.71845542 -0.37780707]
09:29:20-INFO: forces1 y [15.34234653  0.76698542  1.75514127]
pos h  [ 7.65103419  9.31738655 10.61168629]
pos x  [ 8.17917271 10.59654104 10.41516156]
pos y  [ 6.46266753  8.69374509 10.46562066]
 mixed_cpl_forces: h [ 7.02904853  7.69375489 -0.18101958]
 mixed_cpl_forces: x [-2.11098121 -5.11280846  0.78551363]
 mixed_cpl_forces: y [-4.91806731 -2.58094644 -0.60449405]
09:29:20-INFO: mixed forces h [ 2.85322463 11.42359999 -2.23951305]
09:29:20-INFO: mixed forces x [  3.62858125 -12.82820075   1.75213017]
09:29:20-INFO: mixed forces y [ 3.10004232 -7.29726228  0.22510986]
09:29:20-DEBUG: Minimum eigen value: 
09:29:20-DEBUG: 5050.322618721624
09:29:20-DEBUG: Minimum state: 
09:29:20-DEBUG: 1
         6     5050.3226187216     5058.3891605259       57.7828547939     5054.2667057294        8.0665418043      0.38401970
09:29:20-INFO: ebond 0 6 3.913490568192086
09:29:20-DEBUG: min system: (array([1, 2]),)
YES
post react forces
post react forces
post react forces
post react forces
post react forces
post react forces
post react forces
post react forces
YES
YES
YES
YES
YES
YES
YES
YES
YES
YES
09:29:20-INFO: forces0 h [-15.14277314  -8.65401356  -1.67696018]
YES
YES
09:29:20-INFO: forces0 x [10.80749933  0.71845542 -0.37780707]
YES
YES
09:29:20-INFO: forces0 y [15.34234653  0.76698542  1.75514127]
YES
reaction occured at step 6 between IDs 1 and 2
ids [ 137  142  143  144  145  146  147  148  149  150  151  152  154  155
  157  158  159  160  161  162  163  164  165  166  167  169  170  171
  172  174  175  176  177  179  180  181  182  184  187  188  189  190
  191  192  193  194  195  196  197  198  199  200  202  203  204  205
  206  207  208  209  210  211  212  214  215  217  218  219  221  222
  224  225  226  227  229  232  233  235  236  237  240  241  242  243
  245  246  247  250  251  252  253  254  255  256  257  260  261  262
  266  267  269  271  306  348  381  393  396  410  443  445  448  450
  455  490  493  495  500  535  538  540  784  789  794  798  804  808
  809  918  933 1073 1078]
ids [  6 102 107 108 112 117 118 123 133 183 228 275 310 313 315 320 353 355
 358 360 363 365 400 403 411 438 501 542 546 547 548 549 550 551 552 553
 554 555 556 557 559 560 562 563 564 565 566 567 568 569 570 571 572 573
 574 575 576 577 579 581 582 584 586 587 589 592 593 594 595 596 597 598
 599 600 601 602 603 604 605 606 607 608 609 610 611 612 613 614 615 616
 617 618 619 620 621 622 624 626 627 629 631 632 634 635 636 637 639 640
 641 642 645 646 647 648 650 651 652 653 655 656 657 658 660 661 662 665
 666 667 671 672 676 813]
ids [   5   48  139  234  238  239  244  248  249  258  259  264  378  533
  677  679  682  683  684  685  686  687  688  689  690  691  692  694
  695  696  697  698  699  700  701  702  703  704  705  706  707  708
  709  710  711  712  713  714  716  717  719  721  722  724  726  727
  728  729  730  731  732  733  734  735  736  737  738  739  740  741
  742  743  744  745  746  747  748  749  750  751  752  754  755  756
  757  759  761  762  763  764  766  767  769  772  773  774  775  776
  777  778  779  780  781  782  785  786  787  788  790  791  792  793
  795  796  797  799  800  802  805  806  807  811  828  846  891  936
  950  983  988  990 1028 1030 1033 1035 1038 1040 1075 1080]
ids [   8   22   66   77   80   95  110  125  138  263  273  503  504  518
  519  529  534  543  663  678  680  715  718  720  723  725  758  760
  765  768  770  810  903  947  952  953  954  955  956  957  958  959
  960  961  962  963  964  965  967  968  969  970  971  972  973  974
  975  976  977  978  979  980  981  982  984  985  986  987  989  991
  992  994  995  996  997  998  999 1000 1001 1002 1003 1004 1005 1006
 1007 1008 1009 1010 1011 1012 1013 1014 1015 1016 1017 1018 1019 1020
 1021 1022 1023 1024 1025 1026 1027 1029 1031 1032 1034 1036 1037 1039
 1041 1042 1045 1046 1047 1050 1051 1052 1054 1055 1056 1057 1058 1060
 1061 1062 1063 1065 1066 1067 1068 1069 1070 1071 1072 1076 1077 1081]
ids [ 122  140  173  178  185  220  223  230  265  268  270  318  407  408
  409  412  413  414  415  416  417  418  419  420  421  422  423  424
  425  426  427  428  429  430  431  432  433  434  435  436  437  439
  440  441  442  444  446  447  449  451  452  454  456  457  458  459
  460  461  462  463  464  465  466  467  468  469  470  471  472  473
  474  475  476  477  478  479  480  481  482  483  484  485  486  487
  488  489  491  492  494  496  497  499  502  505  506  507  508  509
  510  511  512  513  514  515  516  517  520  521  522  523  524  525
  526  527  528  530  531  532  536  537  539  541  558  561  588  591
  803  949 1043 1044 1048 1049 1053 1059 1064 1074 1079]
ids [127 141 153 156 168 186 201 213 216 231 272 276 277 278 279 280 281 282
 283 284 285 286 287 288 289 290 291 292 293 294 295 296 297 298 299 300
 301 302 303 304 305 307 308 309 311 312 314 316 317 319 321 322 323 324
 325 326 327 328 329 330 331 332 333 334 335 336 337 338 339 340 341 342
 343 344 345 346 347 349 350 351 352 354 356 357 359 361 362 364 366 367
 369 370 371 372 373 374 375 376 377 380 382 383 385 386 387 388 389 390
 391 392 394 395 397 401 402 405 406 453 498 545 578 580 583 585 590 623
 625 628 630 633 670 675 814 909 913 914 919 924 928 943]
ids [  1   2   3   4   9  10  11  12  13  14  15  16  17  18  19  20  21  23
  24  25  26  27  28  29  30  31  32  33  34  35  36  37  39  41  42  44
  46  47  49  50  51  52  53  54  55  56  57  58  59  60  61  62  63  64
  65  67  68  69  70  71  72  73  74  75  76  78  79  81  83  85  86  88
  89  90  91  93  96  97  98  99 100 101 103 104 105 106 109 111 113 114
 115 116 119 120 121 124 126 128 130 131 132 135 136 544 638 643 644 649
 654 659 664 669 674 815 850 860 893 895 898 900 905 938 945 951 966 993]
ids [  7  38  40  43  45  82  84  87  92  94 129 134 274 368 379 384 398 399
 404 668 673 681 693 753 771 783 801 812 816 817 818 819 820 821 822 823
 824 825 826 827 829 830 831 832 833 834 835 836 837 838 839 840 841 842
 843 844 845 847 848 849 851 852 853 854 855 856 857 858 859 861 862 863
 864 865 866 867 868 869 870 871 872 873 874 875 876 877 878 879 880 881
 882 883 884 885 886 887 888 889 890 892 894 896 897 899 901 902 904 906
 907 908 910 911 912 915 916 917 920 921 922 923 925 926 927 929 930 931
 932 934 935 937 939 940 941 942 944 946 948]
09:29:20-INFO: Step 7
09:29:20-DEBUG: Reaction systems: [[None]
 [0]]
09:29:20-DEBUG: rxn_pairs: [array([ 1, 13])]
09:29:20-DEBUG: Starting total colors: 5
09:29:20-DEBUG: Number of systems: 2
09:29:20-DEBUG: New total colors: 5
09:29:20-DEBUG: Potential energy for color 0: 5050.793951581905
ebond 1 7 4.014104735612125
09:29:20-DEBUG: Potential energy for color 1: 5051.771089114441
xhy 7 2 1 13
xhy 7 2 1 13
xhy 7 2 1 13
xhy 7 2 1 13
xhy 7 2 1 13
h_pos [ 7.63171072  9.31846963 10.60640496] x_pos [ 6.46435169  8.69313406 10.46580701] y_pos [ 8.18017701 10.59565193 10.4152682 ]
h_pos [ 7.63171072  9.31846963 10.60640496] x_pos [ 6.46435169  8.69313406 10.46580701] y_pos [ 8.18017701 10.59565193 10.4152682 ]
7 rHY 1.403047805695502 rHX 1.3317430105805494 0.07130479511495258
7 rHY 1.403047805695502 rHX 1.3317430105805494 0.07130479511495258
h_pos [ 7.63171072  9.31846963 10.60640496] x_pos [ 6.46435169  8.69313406 10.46580701] y_pos [ 8.18017701 10.59565193 10.4152682 ]
h_pos [ 7.63171072  9.31846963 10.60640496] x_pos [ 6.46435169  8.69313406 10.46580701] y_pos [ 8.18017701 10.59565193 10.4152682 ]
h_pos [ 7.63171072  9.31846963 10.60640496] x_pos [ 6.46435169  8.69313406 10.46580701] y_pos [ 8.18017701 10.59565193 10.4152682 ]
7 rHY 1.403047805695502 rHX 1.3317430105805494 0.07130479511495258
7 cpl_forces h [-10.1306928  -11.02890663   0.24502205]
7 rHY 1.403047805695502 rHX 1.3317430105805494 0.07130479511495258
7 rHY 1.403047805695502 rHX 1.3317430105805494 0.07130479511495258
7 cpl_forces h [-10.1306928  -11.02890663   0.24502205]
7 cpl_forces x [7.00621763 3.75311881 0.8438362 ]
7 cpl_forces h [-10.1306928  -11.02890663   0.24502205]
7 cpl_forces x [7.00621763 3.75311881 0.8438362 ]
7 cpl_forces y [ 3.12447516  7.27578782 -1.08885825]
7 cpl_forces h [-10.1306928  -11.02890663   0.24502205]
7 cpl_forces y [ 3.12447516  7.27578782 -1.08885825]
7 cpl_forces x [7.00621763 3.75311881 0.8438362 ]
7 cpl_forces h [-10.1306928  -11.02890663   0.24502205]
7 cpl_forces x [7.00621763 3.75311881 0.8438362 ]
7 cpl_forces y [ 3.12447516  7.27578782 -1.08885825]
7 cpl_forces y [ 3.12447516  7.27578782 -1.08885825]
7 cpl_forces x [7.00621763 3.75311881 0.8438362 ]
7 cpl_forces y [ 3.12447516  7.27578782 -1.08885825]
09:29:20-DEBUG: System matrix: 
09:29:20-DEBUG: [[5.05079395e+03 3.50292542e+00]
 [3.50292542e+00 5.05177109e+03]]
09:29:20-DEBUG: Eigen values: 
09:29:20-DEBUG: [5047.7456876 5054.8193531]
09:29:20-DEBUG: Occupancies: 
09:29:20-DEBUG: [1. 0.]
09:29:20-INFO: coupling 7 3.5029254171976936
09:29:20-DEBUG: Amplitudes: 
09:29:20-DEBUG: [0.56906868 0.43093132]
09:29:20-INFO: forces0 h [-14.33886633  -8.33963791  -1.55502084]
09:29:20-INFO: forces0 x [14.54411808  0.53453138  1.6239044 ]
09:29:20-INFO: forces0 y [10.72316563  0.66991306 -0.3659965 ]
09:29:20-INFO: forces1 h [ 9.13569507 18.36502447 -2.42323467]
09:29:20-INFO: forces1 x [ -0.72783469 -11.17373586  -0.26865106]
09:29:20-INFO: forces1 y [ -0.53051602 -17.62003553   2.47574901]
pos h  [ 7.63171072  9.31846963 10.60640496]
pos x  [ 6.46435169  8.69313406 10.46580701]
pos y  [ 8.18017701 10.59565193 10.4152682 ]
 mixed_cpl_forces: h [10.03357065 10.92317338 -0.24267304]
 mixed_cpl_forces: x [-6.93904958 -3.71713795 -0.83574641]
 mixed_cpl_forces: y [-3.09452107 -7.20603542  1.07841945]
09:29:20-INFO: mixed forces h [ 5.81062796 14.09141078 -2.17183442]
09:29:20-INFO: mixed forces x [ 1.02390579 -8.22806559 -0.02740342]
09:29:20-INFO: mixed forces y [  2.77908072 -14.41783399   1.93702008]
09:29:20-DEBUG: Minimum eigen value: 
09:29:20-DEBUG: 5047.745687595861
09:29:20-DEBUG: Minimum state: 
09:29:20-DEBUG: 0
         7     5047.7456875959     5058.4093968504       76.3870786725     5050.7939515819       10.6637092546      0.13337377
09:29:20-INFO: ebond 0 7 2.7605750376425022
ids [ 122  140  173  178  185  220  223  230  265  268  270  318  407  408
  409  412  413  414  415  416  417  418  419  420  421  422  423  424
  425  426  427  428  429  430  431  432  433  434  435  436  437  439
  440  441  442  444  446  447  449  451  452  454  456  457  458  459
  460  461  462  463  464  465  466  467  468  469  470  471  472  473
  474  475  476  477  478  479  480  481  482  483  484  485  486  487
  488  489  491  492  494  496  497  499  502  505  506  507  508  509
  510  511  512  513  514  515  516  517  520  521  522  523  524  525
  526  527  528  530  531  532  536  537  539  541  558  561  588  591
  803  949 1043 1044 1048 1049 1053 1059 1064 1074 1079]
ids [   8   22   66   77   80   95  110  125  138  263  273  503  504  518
  519  529  534  543  663  678  680  715  718  720  723  725  758  760
  765  768  770  810  903  947  952  953  954  955  956  957  958  959
  960  961  962  963  964  965  967  968  969  970  971  972  973  974
  975  976  977  978  979  980  981  982  984  985  986  987  989  991
  992  994  995  996  997  998  999 1000 1001 1002 1003 1004 1005 1006
 1007 1008 1009 1010 1011 1012 1013 1014 1015 1016 1017 1018 1019 1020
 1021 1022 1023 1024 1025 1026 1027 1029 1031 1032 1034 1036 1037 1039
 1041 1042 1045 1046 1047 1050 1051 1052 1054 1055 1056 1057 1058 1060
 1061 1062 1063 1065 1066 1067 1068 1069 1070 1071 1072 1076 1077 1081]
ids [  6 102 107 108 112 117 118 123 133 183 228 275 310 313 315 320 353 355
 358 360 363 365 400 403 411 438 501 542 546 547 548 549 550 551 552 553
 554 555 556 557 559 560 562 563 564 565 566 567 568 569 570 571 572 573
 574 575 576 577 579 581 582 584 586 587 589 592 593 594 595 596 597 598
 599 600 601 602 603 604 605 606 607 608 609 610 611 612 613 614 615 616
 617 618 619 620 621 622 624 626 627 629 631 632 634 635 636 637 639 640
 641 642 645 646 647 648 650 651 652 653 655 656 657 658 660 661 662 665
 666 667 671 672 676 813]
ids [ 137  142  143  144  145  146  147  148  149  150  151  152  154  155
  157  158  159  160  161  162  163  164  165  166  167  169  170  171
  172  174  175  176  177  179  180  181  182  184  187  188  189  190
  191  192  193  194  195  196  197  198  199  200  202  203  204  205
  206  207  208  209  210  211  212  214  215  217  218  219  221  222
  224  225  226  227  229  232  233  235  236  237  240  241  242  243
  245  246  247  250  251  252  253  254  255  256  257  260  261  262
  266  267  269  271  306  348  381  393  396  410  443  445  448  450
  455  490  493  495  500  535  538  540  784  789  794  798  804  808
  809  918  933 1073 1078]
ids [   5   48  139  234  238  239  244  248  249  258  259  264  378  533
  677  679  682  683  684  685  686  687  688  689  690  691  692  694
  695  696  697  698  699  700  701  702  703  704  705  706  707  708
  709  710  711  712  713  714  716  717  719  721  722  724  726  727
  728  729  730  731  732  733  734  735  736  737  738  739  740  741
  742  743  744  745  746  747  748  749  750  751  752  754  755  756
  757  759  761  762  763  764  766  767  769  772  773  774  775  776
  777  778  779  780  781  782  785  786  787  788  790  791  792  793
  795  796  797  799  800  802  805  806  807  811  828  846  891  936
  950  983  988  990 1028 1030 1033 1035 1038 1040 1075 1080]
ids [  1   2   3   4   9  10  11  12  13  14  15  16  17  18  19  20  21  23
  24  25  26  27  28  29  30  31  32  33  34  35  36  37  39  41  42  44
  46  47  49  50  51  52  53  54  55  56  57  58  59  60  61  62  63  64
  65  67  68  69  70  71  72  73  74  75  76  78  79  81  83  85  86  88
  89  90  91  93  96  97  98  99 100 101 103 104 105 106 109 111 113 114
 115 116 119 120 121 124 126 128 130 131 132 135 136 544 638 643 644 649
 654 659 664 669 674 815 850 860 893 895 898 900 905 938 945 951 966 993]
ids [  7  38  40  43  45  82  84  87  92  94 129 134 274 368 379 384 398 399
 404 668 673 681 693 753 771 783 801 812 816 817 818 819 820 821 822 823
 824 825 826 827 829 830 831 832 833 834 835 836 837 838 839 840 841 842
 843 844 845 847 848 849 851 852 853 854 855 856 857 858 859 861 862 863
 864 865 866 867 868 869 870 871 872 873 874 875 876 877 878 879 880 881
 882 883 884 885 886 887 888 889 890 892 894 896 897 899 901 902 904 906
 907 908 910 911 912 915 916 917 920 921 922 923 925 926 927 929 930 931
 932 934 935 937 939 940 941 942 944 946 948]
ids [127 141 153 156 168 186 201 213 216 231 272 276 277 278 279 280 281 282
 283 284 285 286 287 288 289 290 291 292 293 294 295 296 297 298 299 300
 301 302 303 304 305 307 308 309 311 312 314 316 317 319 321 322 323 324
 325 326 327 328 329 330 331 332 333 334 335 336 337 338 339 340 341 342
 343 344 345 346 347 349 350 351 352 354 356 357 359 361 362 364 366 367
 369 370 371 372 373 374 375 376 377 380 382 383 385 386 387 388 389 390
 391 392 394 395 397 401 402 405 406 453 498 545 578 580 583 585 590 623
 625 628 630 633 670 675 814 909 913 914 919 924 928 943]
09:29:20-INFO: Step 8
09:29:20-DEBUG: Reaction systems: [[None]
 [0]]
09:29:20-DEBUG: rxn_pairs: [array([ 1, 13])]
09:29:20-DEBUG: Starting total colors: 5
09:29:20-DEBUG: Number of systems: 2
09:29:20-DEBUG: New total colors: 5
09:29:20-DEBUG: Potential energy for color 0: 5047.585275790392
ebond 1 8 4.013832925700878
09:29:20-DEBUG: Potential energy for color 1: 5048.812848049916
xhy 8 2 1 13
xhy 8 2 1 13
xhy 8 2 1 13
xhy 8 2 1 13
xhy 8 2 1 13
h_pos [ 7.61419615  9.32448768 10.60030409] x_pos [ 6.46607598  8.69233294 10.46599416] y_pos [ 8.18125758 10.59443353 10.41541949]
h_pos [ 7.61419615  9.32448768 10.60030409] x_pos [ 6.46607598  8.69233294 10.46599416] y_pos [ 8.18125758 10.59443353 10.41541949]
h_pos [ 7.61419615  9.32448768 10.60030409] x_pos [ 6.46607598  8.69233294 10.46599416] y_pos [ 8.18125758 10.59443353 10.41541949]
8 rHY 1.4030336637597158 rHX 1.3175123176129238 0.08552134614679208
8 rHY 1.4030336637597158 rHX 1.3175123176129238 0.08552134614679208
8 rHY 1.4030336637597158 rHX 1.3175123176129238 0.08552134614679208
h_pos [ 7.61419615  9.32448768 10.60030409] x_pos [ 6.46607598  8.69233294 10.46599416] y_pos [ 8.18125758 10.59443353 10.41541949]
8 cpl_forces h [-11.79986461 -12.81143678   0.27596714]
8 rHY 1.4030336637597158 rHX 1.3175123176129238 0.08552134614679208
h_pos [ 7.61419615  9.32448768 10.60030409] x_pos [ 6.46607598  8.69233294 10.46599416] y_pos [ 8.18125758 10.59443353 10.41541949]
8 cpl_forces h [-11.79986461 -12.81143678   0.27596714]
8 cpl_forces h [-11.79986461 -12.81143678   0.27596714]
8 cpl_forces x [8.06112624 4.4384545  0.94301041]
8 rHY 1.4030336637597158 rHX 1.3175123176129238 0.08552134614679208
8 cpl_forces x [8.06112624 4.4384545  0.94301041]
8 cpl_forces x [8.06112624 4.4384545  0.94301041]
8 cpl_forces y [ 3.73873837  8.37298228 -1.21897755]
8 cpl_forces h [-11.79986461 -12.81143678   0.27596714]
8 cpl_forces y [ 3.73873837  8.37298228 -1.21897755]
8 cpl_forces y [ 3.73873837  8.37298228 -1.21897755]
8 cpl_forces h [-11.79986461 -12.81143678   0.27596714]
8 cpl_forces x [8.06112624 4.4384545  0.94301041]
8 cpl_forces x [8.06112624 4.4384545  0.94301041]
8 cpl_forces y [ 3.73873837  8.37298228 -1.21897755]
8 cpl_forces y [ 3.73873837  8.37298228 -1.21897755]
09:29:20-DEBUG: System matrix: 
09:29:20-DEBUG: [[5.04758528e+03 3.38017007e+00]
 [3.38017007e+00 5.04881285e+03]]
09:29:20-DEBUG: Eigen values: 
09:29:20-DEBUG: [5044.76361681 5051.63450703]
09:29:20-DEBUG: Occupancies: 
09:29:20-DEBUG: [1. 0.]
09:29:20-INFO: coupling 8 3.3801700653455495
09:29:20-DEBUG: Amplitudes: 
09:29:20-DEBUG: [0.58933138 0.41066862]
09:29:20-INFO: forces0 h [-13.69886947  -8.18406454  -1.43454441]
09:29:20-INFO: forces0 x [13.89104976  0.42564706  1.50075531]
09:29:20-INFO: forces0 y [10.64912706  0.6629724  -0.36037682]
09:29:20-INFO: forces1 h [ 9.62245826 18.41751177 -2.31598017]
09:29:20-INFO: forces1 x [ -0.96049061 -11.26362661  -0.28797971]
09:29:20-INFO: forces1 y [ -0.84348428 -17.5217908    2.39101181]
pos h  [ 7.61419615  9.32448768 10.60030409]
pos x  [ 6.46607598  8.69233294 10.46599416]
pos y  [ 8.18125758 10.59443353 10.41541949]
 mixed_cpl_forces: h [11.61000915 12.6053055  -0.27152693]
 mixed_cpl_forces: x [-7.9314257  -4.3670414  -0.92783772]
 mixed_cpl_forces: y [-3.67858345 -8.23826409  1.19936465]
09:29:20-INFO: mixed forces h [ 7.48847707 15.34567349 -2.06804934]
09:29:20-INFO: mixed forces x [-0.13943747 -8.74181219 -0.16165975]
09:29:20-INFO: mixed forces y [  2.25088881 -15.04320323   1.96889679]
09:29:20-DEBUG: Minimum eigen value: 
09:29:20-DEBUG: 5044.763616813077
09:29:20-DEBUG: Minimum state: 
09:29:20-DEBUG: 0
         8     5044.7636168131     5058.4148854192       97.7877869796     5047.5852757904       13.6512686062      0.40364436
09:29:20-INFO: ebond 0 8 2.5384071826666195
ids [  1   2   3   4   9  10  11  12  13  14  15  16  17  18  19  20  21  23
  24  25  26  27  28  29  30  31  32  33  34  35  36  37  39  41  42  44
  46  47  49  50  51  52  53  54  55  56  57  58  59  60  61  62  63  64
  65  67  68  69  70  71  72  73  74  75  76  78  79  81  83  85  86  88
  89  90  91  93  96  97  98  99 100 101 103 104 105 106 109 111 113 114
 115 116 119 120 121 124 126 128 130 131 132 135 136 544 638 643 644 649
 654 659 664 669 674 815 850 860 893 895 898 900 905 938 945 951 966 993]
ids [   5   48  139  234  238  239  244  248  249  258  259  264  378  533
  677  679  682  683  684  685  686  687  688  689  690  691  692  694
  695  696  697  698  699  700  701  702  703  704  705  706  707  708
  709  710  711  712  713  714  716  717  719  721  722  724  726  727
  728  729  730  731  732  733  734  735  736  737  738  739  740  741
  742  743  744  745  746  747  748  749  750  751  752  754  755  756
  757  759  761  762  763  764  766  767  769  772  773  774  775  776
  777  778  779  780  781  782  785  786  787  788  790  791  792  793
  795  796  797  799  800  802  805  806  807  811  828  846  891  936
  950  983  988  990 1028 1030 1033 1035 1038 1040 1075 1080]
ids [ 122  140  173  178  185  220  223  230  265  268  270  318  407  408
  409  412  413  414  415  416  417  418  419  420  421  422  423  424
  425  426  427  428  429  430  431  432  433  434  435  436  437  439
  440  441  442  444  446  447  449  451  452  454  456  457  458  459
  460  461  462  463  464  465  466  467  468  469  470  471  472  473
  474  475  476  477  478  479  480  481  482  483  484  485  486  487
  488  489  491  492  494  496  497  499  502  505  506  507  508  509
  510  511  512  513  514  515  516  517  520  521  522  523  524  525
  526  527  528  530  531  532  536  537  539  541  558  561  588  591
  803  949 1043 1044 1048 1049 1053 1059 1064 1074 1079]
ids [  6 102 107 108 112 117 118 123 133 183 228 275 310 313 315 320 353 355
 358 360 363 365 400 403 411 438 501 542 546 547 548 549 550 551 552 553
 554 555 556 557 559 560 562 563 564 565 566 567 568 569 570 571 572 573
 574 575 576 577 579 581 582 584 586 587 589 592 593 594 595 596 597 598
 599 600 601 602 603 604 605 606 607 608 609 610 611 612 613 614 615 616
 617 618 619 620 621 622 624 626 627 629 631 632 634 635 636 637 639 640
 641 642 645 646 647 648 650 651 652 653 655 656 657 658 660 661 662 665
 666 667 671 672 676 813]
ids [ 137  142  143  144  145  146  147  148  149  150  151  152  154  155
  157  158  159  160  161  162  163  164  165  166  167  169  170  171
  172  174  175  176  177  179  180  181  182  184  187  188  189  190
  191  192  193  194  195  196  197  198  199  200  202  203  204  205
  206  207  208  209  210  211  212  214  215  217  218  219  221  222
  224  225  226  227  229  232  233  235  236  237  240  241  242  243
  245  246  247  250  251  252  253  254  255  256  257  260  261  262
  266  267  269  271  306  348  381  393  396  410  443  445  448  450
  455  490  493  495  500  535  538  540  784  789  794  798  804  808
  809  918  933 1073 1078]
ids [   8   22   66   77   80   95  110  125  138  263  273  503  504  518
  519  529  534  543  663  678  680  715  718  720  723  725  758  760
  765  768  770  810  903  947  952  953  954  955  956  957  958  959
  960  961  962  963  964  965  967  968  969  970  971  972  973  974
  975  976  977  978  979  980  981  982  984  985  986  987  989  991
  992  994  995  996  997  998  999 1000 1001 1002 1003 1004 1005 1006
 1007 1008 1009 1010 1011 1012 1013 1014 1015 1016 1017 1018 1019 1020
 1021 1022 1023 1024 1025 1026 1027 1029 1031 1032 1034 1036 1037 1039
 1041 1042 1045 1046 1047 1050 1051 1052 1054 1055 1056 1057 1058 1060
 1061 1062 1063 1065 1066 1067 1068 1069 1070 1071 1072 1076 1077 1081]
ids [127 141 153 156 168 186 201 213 216 231 272 276 277 278 279 280 281 282
 283 284 285 286 287 288 289 290 291 292 293 294 295 296 297 298 299 300
 301 302 303 304 305 307 308 309 311 312 314 316 317 319 321 322 323 324
 325 326 327 328 329 330 331 332 333 334 335 336 337 338 339 340 341 342
 343 344 345 346 347 349 350 351 352 354 356 357 359 361 362 364 366 367
 369 370 371 372 373 374 375 376 377 380 382 383 385 386 387 388 389 390
 391 392 394 395 397 401 402 405 406 453 498 545 578 580 583 585 590 623
 625 628 630 633 670 675 814 909 913 914 919 924 928 943]
ids [  7  38  40  43  45  82  84  87  92  94 129 134 274 368 379 384 398 399
 404 668 673 681 693 753 771 783 801 812 816 817 818 819 820 821 822 823
 824 825 826 827 829 830 831 832 833 834 835 836 837 838 839 840 841 842
 843 844 845 847 848 849 851 852 853 854 855 856 857 858 859 861 862 863
 864 865 866 867 868 869 870 871 872 873 874 875 876 877 878 879 880 881
 882 883 884 885 886 887 888 889 890 892 894 896 897 899 901 902 904 906
 907 908 910 911 912 915 916 917 920 921 922 923 925 926 927 929 930 931
 932 934 935 937 939 940 941 942 944 946 948]
09:29:20-INFO: Step 9
09:29:20-DEBUG: Reaction systems: [[None]
 [0]]
09:29:20-DEBUG: rxn_pairs: [array([ 1, 13])]
09:29:20-DEBUG: Starting total colors: 5
09:29:20-DEBUG: Number of systems: 2
09:29:20-DEBUG: New total colors: 5
09:29:20-DEBUG: Potential energy for color 0: 5044.130288234618
ebond 1 9 3.8936140154135157
09:29:20-DEBUG: Potential energy for color 1: 5045.385882975163
xhy 9 2 1 13
xhy 9 2 1 13
xhy 9 2 1 13
xhy 9 2 1 13
xhy 9 2 1 13
h_pos [ 7.5993448   9.3361597  10.59341617] x_pos [ 6.46780306  8.69132578 10.46617755] y_pos [ 8.18239795 10.59285965 10.41561797]
h_pos [ 7.5993448   9.3361597  10.59341617] x_pos [ 6.46780306  8.69132578 10.46617755] y_pos [ 8.18239795 10.59285965 10.41561797]
9 rHY 1.3967311651218828 rHX 1.3085821176529213 0.08814904746896146
9 rHY 1.3967311651218828 rHX 1.3085821176529213 0.08814904746896146
h_pos [ 7.5993448   9.3361597  10.59341617] x_pos [ 6.46780306  8.69132578 10.46617755] y_pos [ 8.18239795 10.59285965 10.41561797]
h_pos [ 7.5993448   9.3361597  10.59341617] x_pos [ 6.46780306  8.69132578 10.46617755] y_pos [ 8.18239795 10.59285965 10.41561797]
9 rHY 1.3967311651218828 rHX 1.3085821176529213 0.08814904746896146
h_pos [ 7.5993448   9.3361597  10.59341617] x_pos [ 6.46780306  8.69132578 10.46617755] y_pos [ 8.18239795 10.59285965 10.41561797]
9 rHY 1.3967311651218828 rHX 1.3085821176529213 0.08814904746896146
9 rHY 1.3967311651218828 rHX 1.3085821176529213 0.08814904746896146
9 cpl_forces h [-12.13594873 -13.18060859   0.28454611]
9 cpl_forces h [-12.13594873 -13.18060859   0.28454611]
9 cpl_forces x [8.18473608 4.66425163 0.92035009]
9 cpl_forces x [8.18473608 4.66425163 0.92035009]
9 cpl_forces h [-12.13594873 -13.18060859   0.28454611]
9 cpl_forces h [-12.13594873 -13.18060859   0.28454611]
9 cpl_forces x [8.18473608 4.66425163 0.92035009]
9 cpl_forces y [ 3.95121265  8.51635696 -1.20489619]
9 cpl_forces y [ 3.95121265  8.51635696 -1.20489619]
9 cpl_forces h [-12.13594873 -13.18060859   0.28454611]
9 cpl_forces x [8.18473608 4.66425163 0.92035009]
9 cpl_forces y [ 3.95121265  8.51635696 -1.20489619]
9 cpl_forces y [ 3.95121265  8.51635696 -1.20489619]
9 cpl_forces x [8.18473608 4.66425163 0.92035009]
9 cpl_forces y [ 3.95121265  8.51635696 -1.20489619]
09:29:20-DEBUG: System matrix: 
09:29:20-DEBUG: [[5.04413029e+03 3.35557909e+00]
 [3.35557909e+00 5.04538588e+03]]
09:29:20-DEBUG: Eigen values: 
09:29:20-DEBUG: [5041.34428412 5048.17188709]
09:29:20-DEBUG: Occupancies: 
09:29:20-DEBUG: [1. 0.]
09:29:20-INFO: coupling 9 3.35557909019184
09:29:20-DEBUG: Amplitudes: 
09:29:20-DEBUG: [0.59194989 0.40805011]
09:29:20-INFO: forces0 h [-13.27688294  -8.22559501  -1.31963441]
09:29:20-INFO: forces0 x [13.43152727  0.47126449  1.39038682]
09:29:20-INFO: forces0 y [10.59194597  0.70518024 -0.36154157]
09:29:20-INFO: forces1 h [ 9.91229907 18.17730372 -2.18387771]
09:29:20-INFO: forces1 x [ -1.1180011  -11.31413581  -0.29479562]
09:29:20-INFO: forces1 y [ -1.04049875 -17.15930466   2.26923707]
pos h  [ 7.5993448   9.3361597  10.59341617]
pos x  [ 6.46780306  8.69132578 10.46617755]
pos y  [ 8.18239795 10.59285965 10.41561797]
 mixed_cpl_forces: h [11.92897009 12.95581327 -0.27969317]
 mixed_cpl_forces: x [-8.04514538 -4.5847028  -0.90465351]
 mixed_cpl_forces: y [-3.88382471 -8.37111047  1.18434668]
09:29:20-INFO: mixed forces h [ 8.11443533 15.50392389 -1.95198215]
09:29:20-INFO: mixed forces x [-0.5505547  -8.92247215 -0.20190557]
09:29:20-INFO: mixed forces y [  1.96150096 -14.95553519   1.89629462]
09:29:20-DEBUG: Minimum eigen value: 
09:29:20-DEBUG: 5041.344284121405
09:29:20-DEBUG: Minimum state: 
09:29:20-DEBUG: 0
         9     5041.3442841214     5058.4142127390      122.2765877354     5044.1302882346       17.0699286176      0.39732244
09:29:20-INFO: ebond 0 9 2.4037487594936007
ids [   8   22   66   77   80   95  110  125  138  263  273  503  504  518
  519  529  534  543  663  678  680  715  718  720  723  725  758  760
  765  768  770  810  903  947  952  953  954  955  956  957  958  959
  960  961  962  963  964  965  967  968  969  970  971  972  973  974
  975  976  977  978  979  980  981  982  984  985  986  987  989  991
  992  994  995  996  997  998  999 1000 1001 1002 1003 1004 1005 1006
 1007 1008 1009 1010 1011 1012 1013 1014 1015 1016 1017 1018 1019 1020
 1021 1022 1023 1024 1025 1026 1027 1029 1031 1032 1034 1036 1037 1039
 1041 1042 1045 1046 1047 1050 1051 1052 1054 1055 1056 1057 1058 1060
 1061 1062 1063 1065 1066 1067 1068 1069 1070 1071 1072 1076 1077 1081]
ids [  1   2   3   4   9  10  11  12  13  14  15  16  17  18  19  20  21  23
  24  25  26  27  28  29  30  31  32  33  34  35  36  37  39  41  42  44
  46  47  49  50  51  52  53  54  55  56  57  58  59  60  61  62  63  64
  65  67  68  69  70  71  72  73  74  75  76  78  79  81  83  85  86  88
  89  90  91  93  96  97  98  99 100 101 103 104 105 106 109 111 113 114
 115 116 119 120 121 124 126 128 130 131 132 135 136 544 638 643 644 649
 654 659 664 669 674 815 850 860 893 895 898 900 905 938 945 951 966 993]
ids [   5   48  139  234  238  239  244  248  249  258  259  264  378  533
  677  679  682  683  684  685  686  687  688  689  690  691  692  694
  695  696  697  698  699  700  701  702  703  704  705  706  707  708
  709  710  711  712  713  714  716  717  719  721  722  724  726  727
  728  729  730  731  732  733  734  735  736  737  738  739  740  741
  742  743  744  745  746  747  748  749  750  751  752  754  755  756
  757  759  761  762  763  764  766  767  769  772  773  774  775  776
  777  778  779  780  781  782  785  786  787  788  790  791  792  793
  795  796  797  799  800  802  805  806  807  811  828  846  891  936
  950  983  988  990 1028 1030 1033 1035 1038 1040 1075 1080]
ids [ 137  142  143  144  145  146  147  148  149  150  151  152  154  155
  157  158  159  160  161  162  163  164  165  166  167  169  170  171
  172  174  175  176  177  179  180  181  182  184  187  188  189  190
  191  192  193  194  195  196  197  198  199  200  202  203  204  205
  206  207  208  209  210  211  212  214  215  217  218  219  221  222
  224  225  226  227  229  232  233  235  236  237  240  241  242  243
  245  246  247  250  251  252  253  254  255  256  257  260  261  262
  266  267  269  271  306  348  381  393  396  410  443  445  448  450
  455  490  493  495  500  535  538  540  784  789  794  798  804  808
  809  918  933 1073 1078]
ids [ 122  140  173  178  185  220  223  230  265  268  270  318  407  408
  409  412  413  414  415  416  417  418  419  420  421  422  423  424
  425  426  427  428  429  430  431  432  433  434  435  436  437  439
  440  441  442  444  446  447  449  451  452  454  456  457  458  459
  460  461  462  463  464  465  466  467  468  469  470  471  472  473
  474  475  476  477  478  479  480  481  482  483  484  485  486  487
  488  489  491  492  494  496  497  499  502  505  506  507  508  509
  510  511  512  513  514  515  516  517  520  521  522  523  524  525
  526  527  528  530  531  532  536  537  539  541  558  561  588  591
  803  949 1043 1044 1048 1049 1053 1059 1064 1074 1079]
ids [  6 102 107 108 112 117 118 123 133 183 228 275 310 313 315 320 353 355
 358 360 363 365 400 403 411 438 501 542 546 547 548 549 550 551 552 553
 554 555 556 557 559 560 562 563 564 565 566 567 568 569 570 571 572 573
 574 575 576 577 579 581 582 584 586 587 589 592 593 594 595 596 597 598
 599 600 601 602 603 604 605 606 607 608 609 610 611 612 613 614 615 616
 617 618 619 620 621 622 624 626 627 629 631 632 634 635 636 637 639 640
 641 642 645 646 647 648 650 651 652 653 655 656 657 658 660 661 662 665
 666 667 671 672 676 813]
ids [  7  38  40  43  45  82  84  87  92  94 129 134 274 368 379 384 398 399
 404 668 673 681 693 753 771 783 801 812 816 817 818 819 820 821 822 823
 824 825 826 827 829 830 831 832 833 834 835 836 837 838 839 840 841 842
 843 844 845 847 848 849 851 852 853 854 855 856 857 858 859 861 862 863
 864 865 866 867 868 869 870 871 872 873 874 875 876 877 878 879 880 881
 882 883 884 885 886 887 888 889 890 892 894 896 897 899 901 902 904 906
 907 908 910 911 912 915 916 917 920 921 922 923 925 926 927 929 930 931
 932 934 935 937 939 940 941 942 944 946 948]
ids [127 141 153 156 168 186 201 213 216 231 272 276 277 278 279 280 281 282
 283 284 285 286 287 288 289 290 291 292 293 294 295 296 297 298 299 300
 301 302 303 304 305 307 308 309 311 312 314 316 317 319 321 322 323 324
 325 326 327 328 329 330 331 332 333 334 335 336 337 338 339 340 341 342
 343 344 345 346 347 349 350 351 352 354 356 357 359 361 362 364 366 367
 369 370 371 372 373 374 375 376 377 380 382 383 385 386 387 388 389 390
 391 392 394 395 397 401 402 405 406 453 498 545 578 580 583 585 590 623
 625 628 630 633 670 675 814 909 913 914 919 924 928 943]
09:29:20-INFO: Step 10
09:29:20-DEBUG: Reaction systems: [[None]
 [0]]
09:29:20-DEBUG: rxn_pairs: [array([ 1, 13])]
09:29:20-DEBUG: Starting total colors: 5
09:29:20-DEBUG: Number of systems: 2
09:29:20-DEBUG: New total colors: 5
09:29:20-DEBUG: Potential energy for color 0: 5040.454616265639
ebond 1 10 3.652051467889874
09:29:20-DEBUG: Potential energy for color 1: 5041.504991000528
xhy 10 2 1 13
xhy 10 2 1 13
xhy 10 2 1 13
xhy 10 2 1 13
xhy 10 2 1 13
h_pos [ 7.58755516  9.35371791 10.58578214] x_pos [ 6.46951627  8.69010608 10.46635522] y_pos [ 8.18358844 10.59092438 10.41586306]
10 rHY 1.3837658805759465 rHX 1.3056241490056881 0.07814173157025839
h_pos [ 7.58755516  9.35371791 10.58578214] x_pos [ 6.46951627  8.69010608 10.46635522] y_pos [ 8.18358844 10.59092438 10.41586306]
h_pos [ 7.58755516  9.35371791 10.58578214] x_pos [ 6.46951627  8.69010608 10.46635522] y_pos [ 8.18358844 10.59092438 10.41586306]
10 rHY 1.3837658805759465 rHX 1.3056241490056881 0.07814173157025839
h_pos [ 7.58755516  9.35371791 10.58578214] x_pos [ 6.46951627  8.69010608 10.46635522] y_pos [ 8.18358844 10.59092438 10.41586306]
10 cpl_forces h [-11.0907807  -12.0843415    0.26991988]
10 rHY 1.3837658805759465 rHX 1.3056241490056881 0.07814173157025839
h_pos [ 7.58755516  9.35371791 10.58578214] x_pos [ 6.46951627  8.69010608 10.46635522] y_pos [ 8.18358844 10.59092438 10.41586306]
10 rHY 1.3837658805759465 rHX 1.3056241490056881 0.07814173157025839
10 cpl_forces h [-11.0907807  -12.0843415    0.26991988]
10 rHY 1.3837658805759465 rHX 1.3056241490056881 0.07814173157025839
10 cpl_forces x [7.37908897 4.37985723 0.78822113]
10 cpl_forces y [ 3.71169174  7.70448428 -1.05814101]
10 cpl_forces x [7.37908897 4.37985723 0.78822113]
10 cpl_forces h [-11.0907807  -12.0843415    0.26991988]
10 cpl_forces x [7.37908897 4.37985723 0.78822113]
10 cpl_forces h [-11.0907807  -12.0843415    0.26991988]
10 cpl_forces y [ 3.71169174  7.70448428 -1.05814101]
10 cpl_forces h [-11.0907807  -12.0843415    0.26991988]
10 cpl_forces x [7.37908897 4.37985723 0.78822113]
10 cpl_forces y [ 3.71169174  7.70448428 -1.05814101]
10 cpl_forces y [ 3.71169174  7.70448428 -1.05814101]
10 cpl_forces x [7.37908897 4.37985723 0.78822113]
10 cpl_forces y [ 3.71169174  7.70448428 -1.05814101]
09:29:20-DEBUG: System matrix: 
09:29:20-DEBUG: [[5.04045462e+03 3.44612479e+00]
 [3.44612479e+00 5.04150499e+03]]
09:29:20-DEBUG: Eigen values: 
09:29:20-DEBUG: [5037.49388943 5044.46571784]
09:29:20-DEBUG: Occupancies: 
09:29:20-DEBUG: [1. 0.]
09:29:20-INFO: coupling 10 3.4461247896997946
09:29:20-DEBUG: Amplitudes: 
09:29:20-DEBUG: [0.57532993 0.42467007]
09:29:20-INFO: forces0 h [-13.10416449  -8.4960943   -1.21019662]
09:29:20-INFO: forces0 x [13.18792818  0.69063418  1.29380444]
09:29:20-INFO: forces0 y [10.56105836  0.80919338 -0.37060359]
09:29:20-INFO: forces1 h [ 9.94688303 17.60808806 -2.03246448]
09:29:20-INFO: forces1 x [ -1.16101922 -11.29948915  -0.28540769]
09:29:20-INFO: forces1 y [ -1.1022423  -16.52195854   2.11225194]
pos h  [ 7.58755516  9.35371791 10.58578214]
pos x  [ 6.46951627  8.69010608 10.46635522]
pos y  [ 8.18358844 10.59092438 10.41586306]
 mixed_cpl_forces: h [10.96418675 11.9464067  -0.26683892]
 mixed_cpl_forces: x [-7.29486153 -4.32986404 -0.7792241 ]
 mixed_cpl_forces: y [-3.66932522 -7.61654266  1.04606303]
09:29:20-INFO: mixed forces h [ 7.64911215 14.53597728 -1.82622809]
09:29:20-INFO: mixed forces x [-0.2005018  -8.73107634 -0.15606378]
09:29:20-INFO: mixed forces y [  1.93867847 -14.16737073   1.72985386]
09:29:20-DEBUG: Minimum eigen value: 
09:29:20-DEBUG: 5037.493889429161
09:29:20-DEBUG: Minimum state: 
09:29:20-DEBUG: 0
        10     5037.4938894292     5058.4149452387      149.8632697018     5040.4546162656       20.9210558096      0.40616425
09:29:20-INFO: ebond 0 10 2.359954643215195
ids [  6 102 107 108 112 117 118 123 133 183 228 275 310 313 315 320 353 355
 358 360 363 365 400 403 411 438 501 542 546 547 548 549 550 551 552 553
 554 555 556 557 559 560 562 563 564 565 566 567 568 569 570 571 572 573
 574 575 576 577 579 581 582 584 586 587 589 592 593 594 595 596 597 598
 599 600 601 602 603 604 605 606 607 608 609 610 611 612 613 614 615 616
 617 618 619 620 621 622 624 626 627 629 631 632 634 635 636 637 639 640
 641 642 645 646 647 648 650 651 652 653 655 656 657 658 660 661 662 665
 666 667 671 672 676 813]
ids [ 137  142  143  144  145  146  147  148  149  150  151  152  154  155
  157  158  159  160  161  162  163  164  165  166  167  169  170  171
  172  174  175  176  177  179  180  181  182  184  187  188  189  190
  191  192  193  194  195  196  197  198  199  200  202  203  204  205
  206  207  208  209  210  211  212  214  215  217  218  219  221  222
  224  225  226  227  229  232  233  235  236  237  240  241  242  243
  245  246  247  250  251  252  253  254  255  256  257  260  261  262
  266  267  269  271  306  348  381  393  396  410  443  445  448  450
  455  490  493  495  500  535  538  540  784  789  794  798  804  808
  809  918  933 1073 1078]
ids [   8   22   66   77   80   95  110  125  138  263  273  503  504  518
  519  529  534  543  663  678  680  715  718  720  723  725  758  760
  765  768  770  810  903  947  952  953  954  955  956  957  958  959
  960  961  962  963  964  965  967  968  969  970  971  972  973  974
  975  976  977  978  979  980  981  982  984  985  986  987  989  991
  992  994  995  996  997  998  999 1000 1001 1002 1003 1004 1005 1006
 1007 1008 1009 1010 1011 1012 1013 1014 1015 1016 1017 1018 1019 1020
 1021 1022 1023 1024 1025 1026 1027 1029 1031 1032 1034 1036 1037 1039
 1041 1042 1045 1046 1047 1050 1051 1052 1054 1055 1056 1057 1058 1060
 1061 1062 1063 1065 1066 1067 1068 1069 1070 1071 1072 1076 1077 1081]
ids [  1   2   3   4   9  10  11  12  13  14  15  16  17  18  19  20  21  23
  24  25  26  27  28  29  30  31  32  33  34  35  36  37  39  41  42  44
  46  47  49  50  51  52  53  54  55  56  57  58  59  60  61  62  63  64
  65  67  68  69  70  71  72  73  74  75  76  78  79  81  83  85  86  88
  89  90  91  93  96  97  98  99 100 101 103 104 105 106 109 111 113 114
 115 116 119 120 121 124 126 128 130 131 132 135 136 544 638 643 644 649
 654 659 664 669 674 815 850 860 893 895 898 900 905 938 945 951 966 993]
ids [   5   48  139  234  238  239  244  248  249  258  259  264  378  533
  677  679  682  683  684  685  686  687  688  689  690  691  692  694
  695  696  697  698  699  700  701  702  703  704  705  706  707  708
  709  710  711  712  713  714  716  717  719  721  722  724  726  727
  728  729  730  731  732  733  734  735  736  737  738  739  740  741
  742  743  744  745  746  747  748  749  750  751  752  754  755  756
  757  759  761  762  763  764  766  767  769  772  773  774  775  776
  777  778  779  780  781  782  785  786  787  788  790  791  792  793
  795  796  797  799  800  802  805  806  807  811  828  846  891  936
  950  983  988  990 1028 1030 1033 1035 1038 1040 1075 1080]
ids [ 122  140  173  178  185  220  223  230  265  268  270  318  407  408
  409  412  413  414  415  416  417  418  419  420  421  422  423  424
  425  426  427  428  429  430  431  432  433  434  435  436  437  439
  440  441  442  444  446  447  449  451  452  454  456  457  458  459
  460  461  462  463  464  465  466  467  468  469  470  471  472  473
  474  475  476  477  478  479  480  481  482  483  484  485  486  487
  488  489  491  492  494  496  497  499  502  505  506  507  508  509
  510  511  512  513  514  515  516  517  520  521  522  523  524  525
  526  527  528  530  531  532  536  537  539  541  558  561  588  591
  803  949 1043 1044 1048 1049 1053 1059 1064 1074 1079]
ids [127 141 153 156 168 186 201 213 216 231 272 276 277 278 279 280 281 282
 283 284 285 286 287 288 289 290 291 292 293 294 295 296 297 298 299 300
 301 302 303 304 305 307 308 309 311 312 314 316 317 319 321 322 323 324
 325 326 327 328 329 330 331 332 333 334 335 336 337 338 339 340 341 342
 343 344 345 346 347 349 350 351 352 354 356 357 359 361 362 364 366 367
 369 370 371 372 373 374 375 376 377 380 382 383 385 386 387 388 389 390
 391 392 394 395 397 401 402 405 406 453 498 545 578 580 583 585 590 623
 625 628 630 633 670 675 814 909 913 914 919 924 928 943]
ids [  7  38  40  43  45  82  84  87  92  94 129 134 274 368 379 384 398 399
 404 668 673 681 693 753 771 783 801 812 816 817 818 819 820 821 822 823
 824 825 826 827 829 830 831 832 833 834 835 836 837 838 839 840 841 842
 843 844 845 847 848 849 851 852 853 854 855 856 857 858 859 861 862 863
 864 865 866 867 868 869 870 871 872 873 874 875 876 877 878 879 880 881
 882 883 884 885 886 887 888 889 890 892 894 896 897 899 901 902 904 906
 907 908 910 911 912 915 916 917 920 921 922 923 925 926 927 929 930 931
 932 934 935 937 939 940 941 942 944 946 948]
09:29:20-INFO: Step 11
09:29:20-DEBUG: Reaction systems: [[None]
 [0]]
09:29:20-DEBUG: rxn_pairs: [array([ 1, 13])]
09:29:20-DEBUG: Starting total colors: 5
09:29:20-DEBUG: Number of systems: 2
09:29:20-DEBUG: New total colors: 5
09:29:20-DEBUG: Potential energy for color 0: 5036.5825057069105
ebond 1 11 3.3046200553516427
09:29:20-DEBUG: Potential energy for color 1: 5037.206749662082
xhy 11 2 1 13
xhy 11 2 1 13
xhy 11 2 1 13
xhy 11 2 1 13
xhy 11 2 1 13
h_pos [ 7.57881031  9.37696387 10.57744715] x_pos [ 6.47121748  8.68867606 10.46652741] y_pos [ 8.18482561 10.58863903 10.41615179]
11 rHY 1.36434139924027 rHX 1.30874182867373 0.05559957056653997
h_pos [ 7.57881031  9.37696387 10.57744715] x_pos [ 6.47121748  8.68867606 10.46652741] y_pos [ 8.18482561 10.58863903 10.41615179]
h_pos [ 7.57881031  9.37696387 10.57744715] x_pos [ 6.47121748  8.68867606 10.46652741] y_pos [ 8.18482561 10.58863903 10.41615179]
11 rHY 1.36434139924027 rHX 1.30874182867373 0.05559957056653997
11 rHY 1.36434139924027 rHX 1.30874182867373 0.05559957056653997
h_pos [ 7.57881031  9.37696387 10.57744715] x_pos [ 6.47121748  8.68867606 10.46652741] y_pos [ 8.18482561 10.58863903 10.41615179]
h_pos [ 7.57881031  9.37696387 10.57744715] x_pos [ 6.47121748  8.68867606 10.46652741] y_pos [ 8.18482561 10.58863903 10.41615179]
11 cpl_forces h [-8.30337229 -9.09822213  0.21535087]
11 rHY 1.36434139924027 rHX 1.30874182867373 0.05559957056653997
11 rHY 1.36434139924027 rHX 1.30874182867373 0.05559957056653997
11 cpl_forces x [5.44537344 3.3839007  0.54532626]
11 cpl_forces h [-8.30337229 -9.09822213  0.21535087]
11 cpl_forces h [-8.30337229 -9.09822213  0.21535087]
11 cpl_forces y [ 2.85799885  5.71432144 -0.76067712]
11 cpl_forces x [5.44537344 3.3839007  0.54532626]
11 cpl_forces h [-8.30337229 -9.09822213  0.21535087]
11 cpl_forces x [5.44537344 3.3839007  0.54532626]
11 cpl_forces h [-8.30337229 -9.09822213  0.21535087]
11 cpl_forces y [ 2.85799885  5.71432144 -0.76067712]
11 cpl_forces x [5.44537344 3.3839007  0.54532626]
11 cpl_forces y [ 2.85799885  5.71432144 -0.76067712]
11 cpl_forces x [5.44537344 3.3839007  0.54532626]
11 cpl_forces y [ 2.85799885  5.71432144 -0.76067712]
11 cpl_forces y [ 2.85799885  5.71432144 -0.76067712]
09:29:20-DEBUG: System matrix: 
09:29:20-DEBUG: [[5.03658251e+03 3.61643031e+00]
 [3.61643031e+00 5.03720675e+03]]
09:29:20-DEBUG: Eigen values: 
09:29:20-DEBUG: [5033.26475326 5040.52450211]
09:29:20-DEBUG: Occupancies: 
09:29:20-DEBUG: [1. 0.]
09:29:20-INFO: coupling 11 3.6164303125469712
09:29:20-DEBUG: Amplitudes: 
09:29:20-DEBUG: [0.5429935 0.4570065]
09:29:20-INFO: forces0 h [-13.19375676  -9.02632152  -1.1016765 ]
09:29:20-INFO: forces0 x [13.15838952  1.0920235   1.20856745]
09:29:20-INFO: forces0 y [10.57166307  0.99741315 -0.3896967 ]
09:29:20-INFO: forces1 h [ 9.71058703 16.70835687 -1.86524865]
09:29:20-INFO: forces1 x [ -1.07958066 -11.20565996  -0.2607448 ]
09:29:20-INFO: forces1 y [ -1.02284853 -15.62247712   1.92447907]
pos h  [ 7.57881031  9.37696387 10.57744715]
pos x  [ 6.47121748  8.68867606 10.46652741]
pos y  [ 8.18482561 10.58863903 10.41615179]
 mixed_cpl_forces: h [ 8.27261876  9.06452468 -0.21455326]
 mixed_cpl_forces: x [-5.42520519 -3.37136761 -0.54330651]
 mixed_cpl_forces: y [-2.84741356 -5.69315708  0.75785977]
09:29:20-INFO: mixed forces h [ 5.54629609 11.79911859 -1.66518721]
09:29:20-INFO: mixed forces x [ 1.22633934e+00 -7.89946545e+00 -6.22431751e-03]
09:29:20-INFO: mixed forces y [  2.42548228 -12.29114189   1.42575645]
09:29:20-DEBUG: Minimum eigen value: 
09:29:20-DEBUG: 5033.264753260442
09:29:20-DEBUG: Minimum state: 
09:29:20-DEBUG: 0
        11     5033.2647532604     5058.4292409765      180.2601381035     5036.5825057069       25.1644877161      0.40488002
09:29:20-INFO: ebond 0 11 2.4061248125551273
ids [ 122  140  173  178  185  220  223  230  265  268  270  318  407  408
  409  412  413  414  415  416  417  418  419  420  421  422  423  424
  425  426  427  428  429  430  431  432  433  434  435  436  437  439
  440  441  442  444  446  447  449  451  452  454  456  457  458  459
  460  461  462  463  464  465  466  467  468  469  470  471  472  473
  474  475  476  477  478  479  480  481  482  483  484  485  486  487
  488  489  491  492  494  496  497  499  502  505  506  507  508  509
  510  511  512  513  514  515  516  517  520  521  522  523  524  525
  526  527  528  530  531  532  536  537  539  541  558  561  588  591
  803  949 1043 1044 1048 1049 1053 1059 1064 1074 1079]
ids [  6 102 107 108 112 117 118 123 133 183 228 275 310 313 315 320 353 355
 358 360 363 365 400 403 411 438 501 542 546 547 548 549 550 551 552 553
 554 555 556 557 559 560 562 563 564 565 566 567 568 569 570 571 572 573
 574 575 576 577 579 581 582 584 586 587 589 592 593 594 595 596 597 598
 599 600 601 602 603 604 605 606 607 608 609 610 611 612 613 614 615 616
 617 618 619 620 621 622 624 626 627 629 631 632 634 635 636 637 639 640
 641 642 645 646 647 648 650 651 652 653 655 656 657 658 660 661 662 665
 666 667 671 672 676 813]
ids [   5   48  139  234  238  239  244  248  249  258  259  264  378  533
  677  679  682  683  684  685  686  687  688  689  690  691  692  694
  695  696  697  698  699  700  701  702  703  704  705  706  707  708
  709  710  711  712  713  714  716  717  719  721  722  724  726  727
  728  729  730  731  732  733  734  735  736  737  738  739  740  741
  742  743  744  745  746  747  748  749  750  751  752  754  755  756
  757  759  761  762  763  764  766  767  769  772  773  774  775  776
  777  778  779  780  781  782  785  786  787  788  790  791  792  793
  795  796  797  799  800  802  805  806  807  811  828  846  891  936
  950  983  988  990 1028 1030 1033 1035 1038 1040 1075 1080]
ids [ 137  142  143  144  145  146  147  148  149  150  151  152  154  155
  157  158  159  160  161  162  163  164  165  166  167  169  170  171
  172  174  175  176  177  179  180  181  182  184  187  188  189  190
  191  192  193  194  195  196  197  198  199  200  202  203  204  205
  206  207  208  209  210  211  212  214  215  217  218  219  221  222
  224  225  226  227  229  232  233  235  236  237  240  241  242  243
  245  246  247  250  251  252  253  254  255  256  257  260  261  262
  266  267  269  271  306  348  381  393  396  410  443  445  448  450
  455  490  493  495  500  535  538  540  784  789  794  798  804  808
  809  918  933 1073 1078]
ids [  1   2   3   4   9  10  11  12  13  14  15  16  17  18  19  20  21  23
  24  25  26  27  28  29  30  31  32  33  34  35  36  37  39  41  42  44
  46  47  49  50  51  52  53  54  55  56  57  58  59  60  61  62  63  64
  65  67  68  69  70  71  72  73  74  75  76  78  79  81  83  85  86  88
  89  90  91  93  96  97  98  99 100 101 103 104 105 106 109 111 113 114
 115 116 119 120 121 124 126 128 130 131 132 135 136 544 638 643 644 649
 654 659 664 669 674 815 850 860 893 895 898 900 905 938 945 951 966 993]
ids [   8   22   66   77   80   95  110  125  138  263  273  503  504  518
  519  529  534  543  663  678  680  715  718  720  723  725  758  760
  765  768  770  810  903  947  952  953  954  955  956  957  958  959
  960  961  962  963  964  965  967  968  969  970  971  972  973  974
  975  976  977  978  979  980  981  982  984  985  986  987  989  991
  992  994  995  996  997  998  999 1000 1001 1002 1003 1004 1005 1006
 1007 1008 1009 1010 1011 1012 1013 1014 1015 1016 1017 1018 1019 1020
 1021 1022 1023 1024 1025 1026 1027 1029 1031 1032 1034 1036 1037 1039
 1041 1042 1045 1046 1047 1050 1051 1052 1054 1055 1056 1057 1058 1060
 1061 1062 1063 1065 1066 1067 1068 1069 1070 1071 1072 1076 1077 1081]
ids [127 141 153 156 168 186 201 213 216 231 272 276 277 278 279 280 281 282
 283 284 285 286 287 288 289 290 291 292 293 294 295 296 297 298 299 300
 301 302 303 304 305 307 308 309 311 312 314 316 317 319 321 322 323 324
 325 326 327 328 329 330 331 332 333 334 335 336 337 338 339 340 341 342
 343 344 345 346 347 349 350 351 352 354 356 357 359 361 362 364 366 367
 369 370 371 372 373 374 375 376 377 380 382 383 385 386 387 388 389 390
 391 392 394 395 397 401 402 405 406 453 498 545 578 580 583 585 590 623
 625 628 630 633 670 675 814 909 913 914 919 924 928 943]
ids [  7  38  40  43  45  82  84  87  92  94 129 134 274 368 379 384 398 399
 404 668 673 681 693 753 771 783 801 812 816 817 818 819 820 821 822 823
 824 825 826 827 829 830 831 832 833 834 835 836 837 838 839 840 841 842
 843 844 845 847 848 849 851 852 853 854 855 856 857 858 859 861 862 863
 864 865 866 867 868 869 870 871 872 873 874 875 876 877 878 879 880 881
 882 883 884 885 886 887 888 889 890 892 894 896 897 899 901 902 904 906
 907 908 910 911 912 915 916 917 920 921 922 923 925 926 927 929 930 931
 932 934 935 937 939 940 941 942 944 946 948]
09:29:20-INFO: Step 12
09:29:20-DEBUG: Reaction systems: [[None]
 [0]]
09:29:20-DEBUG: rxn_pairs: [array([ 1, 13])]
09:29:20-DEBUG: Starting total colors: 5
09:29:20-DEBUG: Number of systems: 2
09:29:20-DEBUG: New total colors: 5
09:29:20-DEBUG: Potential energy for color 0: 5032.534453677353
ebond 1 12 2.884357812232912
09:29:20-DEBUG: Potential energy for color 1: 5032.551098425878
xhy 12 2 1 13
xhy 12 2 1 13
xhy 12 2 1 13
xhy 12 2 1 13
xhy 12 2 1 13
h_pos [ 7.57256945  9.4051401  10.56846583] x_pos [ 6.47293071  8.68705025 10.46669661] y_pos [ 8.18611555 10.58603677 10.41647835]
12 rHY 1.3394237405876661 rHX 1.3172757407821052 0.022147999805560925
h_pos [ 7.57256945  9.4051401  10.56846583] x_pos [ 6.47293071  8.68705025 10.46669661] y_pos [ 8.18611555 10.58603677 10.41647835]
h_pos [ 7.57256945  9.4051401  10.56846583] x_pos [ 6.47293071  8.68705025 10.46669661] y_pos [ 8.18611555 10.58603677 10.41647835]
h_pos [ 7.57256945  9.4051401  10.56846583] x_pos [ 6.47293071  8.68705025 10.46669661] y_pos [ 8.18611555 10.58603677 10.41647835]
12 rHY 1.3394237405876661 rHX 1.3172757407821052 0.022147999805560925
h_pos [ 7.57256945  9.4051401  10.56846583] x_pos [ 6.47293071  8.68705025 10.46669661] y_pos [ 8.18611555 10.58603677 10.41647835]
12 rHY 1.3394237405876661 rHX 1.3172757407821052 0.022147999805560925
12 rHY 1.3394237405876661 rHX 1.3172757407821052 0.022147999805560925
12 rHY 1.3394237405876661 rHX 1.3172757407821052 0.022147999805560925
12 cpl_forces h [-3.45449601 -3.81235211  0.09676638]
12 cpl_forces h [-3.45449601 -3.81235211  0.09676638]
12 cpl_forces h [-3.45449601 -3.81235211  0.09676638]
12 cpl_forces h [-3.45449601 -3.81235211  0.09676638]
12 cpl_forces x [2.23053986 1.45659476 0.20643172]
12 cpl_forces h [-3.45449601 -3.81235211  0.09676638]
12 cpl_forces x [2.23053986 1.45659476 0.20643172]
12 cpl_forces x [2.23053986 1.45659476 0.20643172]
12 cpl_forces y [ 1.22395615  2.35575735 -0.3031981 ]
12 cpl_forces x [2.23053986 1.45659476 0.20643172]
12 cpl_forces y [ 1.22395615  2.35575735 -0.3031981 ]
12 cpl_forces x [2.23053986 1.45659476 0.20643172]
12 cpl_forces y [ 1.22395615  2.35575735 -0.3031981 ]
12 cpl_forces y [ 1.22395615  2.35575735 -0.3031981 ]
12 cpl_forces y [ 1.22395615  2.35575735 -0.3031981 ]
09:29:20-DEBUG: System matrix: 
09:29:20-DEBUG: [[5.03253445e+03 3.77009384e+00]
 [3.77009384e+00 5.03255110e+03]]
09:29:20-DEBUG: Eigen values: 
09:29:20-DEBUG: [5028.77267303 5036.31287907]
09:29:20-DEBUG: Occupancies: 
09:29:20-DEBUG: [1. 0.]
09:29:20-INFO: coupling 12 3.7700938364006413
09:29:20-DEBUG: Amplitudes: 
09:29:20-DEBUG: [0.50110373 0.49889627]
09:29:20-INFO: forces0 h [-13.53647817  -9.84022116  -0.98538105]
09:29:20-INFO: forces0 x [13.31069427  1.66533347  1.12901849]
09:29:20-INFO: forces0 y [10.64665508  1.30359055 -0.42188897]
09:29:20-INFO: forces1 h [ 9.24382155 15.52692511 -1.68423629]
09:29:20-INFO: forces1 x [ -0.90146502 -11.03921334  -0.22637453]
09:29:20-INFO: forces1 y [ -0.81496436 -14.50373407   1.71347939]
pos h  [ 7.57256945  9.4051401  10.56846583]
pos x  [ 6.47293071  8.68705025 10.46669661]
pos y  [ 8.18611555 10.58603677 10.41647835]
 mixed_cpl_forces: h [ 3.45448759  3.81234282 -0.09676615]
 mixed_cpl_forces: x [-2.23053443 -1.45659121 -0.20643121]
 mixed_cpl_forces: y [-1.22395317 -2.35575161  0.30319736]
09:29:20-INFO: mixed forces h [ 1.28301591  6.62769624 -1.43080346]
09:29:20-INFO: mixed forces x [ 3.98976663 -6.12950872  0.24638676]
09:29:20-INFO: mixed forces y [ 3.70454276 -8.93837631  0.94663569]
09:29:20-DEBUG: Minimum eigen value: 
09:29:20-DEBUG: 5028.772673029524
09:29:20-DEBUG: Minimum state: 
09:29:20-DEBUG: 0
        12     5028.7726730295     5058.4758809173      212.7722374633     5032.5344536774       29.7032078878      0.39914734
09:29:20-INFO: ebond 0 12 2.5347925214985567
ids [ 137  142  143  144  145  146  147  148  149  150  151  152  154  155
  157  158  159  160  161  162  163  164  165  166  167  169  170  171
  172  174  175  176  177  179  180  181  182  184  187  188  189  190
  191  192  193  194  195  196  197  198  199  200  202  203  204  205
  206  207  208  209  210  211  212  214  215  217  218  219  221  222
  224  225  226  227  229  232  233  235  236  237  240  241  242  243
  245  246  247  250  251  252  253  254  255  256  257  260  261  262
  266  267  269  271  306  348  381  393  396  410  443  445  448  450
  455  490  493  495  500  535  538  540  784  789  794  798  804  808
  809  918  933 1073 1078]
ids [   8   22   66   77   80   95  110  125  138  263  273  503  504  518
  519  529  534  543  663  678  680  715  718  720  723  725  758  760
  765  768  770  810  903  947  952  953  954  955  956  957  958  959
  960  961  962  963  964  965  967  968  969  970  971  972  973  974
  975  976  977  978  979  980  981  982  984  985  986  987  989  991
  992  994  995  996  997  998  999 1000 1001 1002 1003 1004 1005 1006
 1007 1008 1009 1010 1011 1012 1013 1014 1015 1016 1017 1018 1019 1020
 1021 1022 1023 1024 1025 1026 1027 1029 1031 1032 1034 1036 1037 1039
 1041 1042 1045 1046 1047 1050 1051 1052 1054 1055 1056 1057 1058 1060
 1061 1062 1063 1065 1066 1067 1068 1069 1070 1071 1072 1076 1077 1081]
ids [ 122  140  173  178  185  220  223  230  265  268  270  318  407  408
  409  412  413  414  415  416  417  418  419  420  421  422  423  424
  425  426  427  428  429  430  431  432  433  434  435  436  437  439
  440  441  442  444  446  447  449  451  452  454  456  457  458  459
  460  461  462  463  464  465  466  467  468  469  470  471  472  473
  474  475  476  477  478  479  480  481  482  483  484  485  486  487
  488  489  491  492  494  496  497  499  502  505  506  507  508  509
  510  511  512  513  514  515  516  517  520  521  522  523  524  525
  526  527  528  530  531  532  536  537  539  541  558  561  588  591
  803  949 1043 1044 1048 1049 1053 1059 1064 1074 1079]
ids [  1   2   3   4   9  10  11  12  13  14  15  16  17  18  19  20  21  23
  24  25  26  27  28  29  30  31  32  33  34  35  36  37  39  41  42  44
  46  47  49  50  51  52  53  54  55  56  57  58  59  60  61  62  63  64
  65  67  68  69  70  71  72  73  74  75  76  78  79  81  83  85  86  88
  89  90  91  93  96  97  98  99 100 101 103 104 105 106 109 111 113 114
 115 116 119 120 121 124 126 128 130 131 132 135 136 544 638 643 644 649
 654 659 664 669 674 815 850 860 893 895 898 900 905 938 945 951 966 993]
ids [   5   48  139  234  238  239  244  248  249  258  259  264  378  533
  677  679  682  683  684  685  686  687  688  689  690  691  692  694
  695  696  697  698  699  700  701  702  703  704  705  706  707  708
  709  710  711  712  713  714  716  717  719  721  722  724  726  727
  728  729  730  731  732  733  734  735  736  737  738  739  740  741
  742  743  744  745  746  747  748  749  750  751  752  754  755  756
  757  759  761  762  763  764  766  767  769  772  773  774  775  776
  777  778  779  780  781  782  785  786  787  788  790  791  792  793
  795  796  797  799  800  802  805  806  807  811  828  846  891  936
  950  983  988  990 1028 1030 1033 1035 1038 1040 1075 1080]
ids [127 141 153 156 168 186 201 213 216 231 272 276 277 278 279 280 281 282
 283 284 285 286 287 288 289 290 291 292 293 294 295 296 297 298 299 300
 301 302 303 304 305 307 308 309 311 312 314 316 317 319 321 322 323 324
 325 326 327 328 329 330 331 332 333 334 335 336 337 338 339 340 341 342
 343 344 345 346 347 349 350 351 352 354 356 357 359 361 362 364 366 367
 369 370 371 372 373 374 375 376 377 380 382 383 385 386 387 388 389 390
 391 392 394 395 397 401 402 405 406 453 498 545 578 580 583 585 590 623
 625 628 630 633 670 675 814 909 913 914 919 924 928 943]
ids [  6 102 107 108 112 117 118 123 133 183 228 275 310 313 315 320 353 355
 358 360 363 365 400 403 411 438 501 542 546 547 548 549 550 551 552 553
 554 555 556 557 559 560 562 563 564 565 566 567 568 569 570 571 572 573
 574 575 576 577 579 581 582 584 586 587 589 592 593 594 595 596 597 598
 599 600 601 602 603 604 605 606 607 608 609 610 611 612 613 614 615 616
 617 618 619 620 621 622 624 626 627 629 631 632 634 635 636 637 639 640
 641 642 645 646 647 648 650 651 652 653 655 656 657 658 660 661 662 665
 666 667 671 672 676 813]
ids [  7  38  40  43  45  82  84  87  92  94 129 134 274 368 379 384 398 399
 404 668 673 681 693 753 771 783 801 812 816 817 818 819 820 821 822 823
 824 825 826 827 829 830 831 832 833 834 835 836 837 838 839 840 841 842
 843 844 845 847 848 849 851 852 853 854 855 856 857 858 859 861 862 863
 864 865 866 867 868 869 870 871 872 873 874 875 876 877 878 879 880 881
 882 883 884 885 886 887 888 889 890 892 894 896 897 899 901 902 904 906
 907 908 910 911 912 915 916 917 920 921 922 923 925 926 927 929 930 931
 932 934 935 937 939 940 941 942 944 946 948]
09:29:20-INFO: Step 13
09:29:20-DEBUG: Reaction systems: [[None]
 [0]]
09:29:20-DEBUG: rxn_pairs: [array([ 1, 13])]
09:29:20-DEBUG: Starting total colors: 5
09:29:20-DEBUG: Number of systems: 2
09:29:20-DEBUG: New total colors: 5
09:29:20-DEBUG: Potential energy for color 0: 5028.318219735911
ebond 1 13 2.4411113290511763
09:29:20-DEBUG: Potential energy for color 1: 5027.619755387197
xhy 13 2 1 13
xhy 13 2 1 13
xhy 13 2 1 13
xhy 13 2 1 13
xhy 13 2 1 13
h_pos [ 7.56756793  9.43668146 10.55891521] x_pos [ 6.4747087   8.68526212 10.46686774] y_pos [ 8.18748035 10.5831821  10.41683315]
h_pos [ 7.56756793  9.43668146 10.55891521] x_pos [ 6.4747087   8.68526212 10.46686774] y_pos [ 8.18748035 10.5831821  10.41683315]
h_pos [ 7.56756793  9.43668146 10.55891521] x_pos [ 6.4747087   8.68526212 10.46686774] y_pos [ 8.18748035 10.5831821  10.41683315]
h_pos [ 7.56756793  9.43668146 10.55891521] x_pos [ 6.4747087   8.68526212 10.46686774] y_pos [ 8.18748035 10.5831821  10.41683315]
13 rHY 1.3110844495568077 rHX 1.3294529137448832 0.018368464188075473
13 rHY 1.3110844495568077 rHX 1.3294529137448832 0.018368464188075473
h_pos [ 7.56756793  9.43668146 10.55891521] x_pos [ 6.4747087   8.68526212 10.46686774] y_pos [ 8.18748035 10.5831821  10.41683315]
13 rHY 1.3110844495568077 rHX 1.3294529137448832 0.018368464188075473
13 rHY 1.3110844495568077 rHX 1.3294529137448832 0.018368464188075473
13 rHY 1.3110844495568077 rHX 1.3294529137448832 0.018368464188075473
13 cpl_forces h [ 2.87648563  3.19818873 -0.08693201]
13 cpl_forces x [-1.82612426 -1.25559181 -0.15380765]
13 cpl_forces h [ 2.87648563  3.19818873 -0.08693201]
13 cpl_forces h [ 2.87648563  3.19818873 -0.08693201]
13 cpl_forces h [ 2.87648563  3.19818873 -0.08693201]
13 cpl_forces x [-1.82612426 -1.25559181 -0.15380765]
13 cpl_forces y [-1.05036137 -1.94259692  0.24073966]
13 cpl_forces x [-1.82612426 -1.25559181 -0.15380765]
13 cpl_forces h [ 2.87648563  3.19818873 -0.08693201]
13 cpl_forces x [-1.82612426 -1.25559181 -0.15380765]
13 cpl_forces y [-1.05036137 -1.94259692  0.24073966]
13 cpl_forces x [-1.82612426 -1.25559181 -0.15380765]
13 cpl_forces y [-1.05036137 -1.94259692  0.24073966]
13 cpl_forces y [-1.05036137 -1.94259692  0.24073966]
13 cpl_forces y [-1.05036137 -1.94259692  0.24073966]
09:29:20-DEBUG: System matrix: 
09:29:20-DEBUG: [[5.02831822e+03 3.77934240e+00]
 [3.77934240e+00 5.02761976e+03]]
09:29:20-DEBUG: Eigen values: 
09:29:20-DEBUG: [5031.76443116 5024.17354397]
09:29:20-DEBUG: Occupancies: 
09:29:20-DEBUG: [0. 1.]
09:29:20-INFO: coupling 13 3.779342399618092
09:29:20-DEBUG: Amplitudes: 
09:29:20-DEBUG: [0.45399323 0.54600677]
09:29:20-INFO: forces0 h [-14.08796762 -10.93251591  -0.85080732]
09:29:20-INFO: forces0 x [13.57196851  2.36826728  1.0470373 ]
09:29:20-INFO: forces0 y [10.81364267  1.76412821 -0.46961976]
09:29:20-INFO: forces1 h [ 8.64282376 14.17651915 -1.49354373]
09:29:20-INFO: forces1 x [ -0.68309016 -10.82824646  -0.19007605]
09:29:20-INFO: forces1 y [ -0.51884623 -13.2516411    1.4911311 ]
pos h  [ 7.56756793  9.43668146 10.55891521]
pos x  [ 6.4747087   8.68526212 10.46686774]
pos y  [ 8.18748035 10.5831821  10.41683315]
 mixed_cpl_forces: h [-2.86428288 -3.18462124  0.08656322]
 mixed_cpl_forces: x [1.8183774  1.25026528 0.15315516]
 mixed_cpl_forces: y [ 1.04590548  1.93435595 -0.23971838]
09:29:20-INFO: mixed forces h [-4.5410846  -0.40743411 -1.11518253]
09:29:20-INFO: mixed forces x [ 7.60698742 -3.58685323  0.5247202 ]
09:29:20-INFO: mixed forces y [ 5.67193253 -4.50022748  0.36124509]
09:29:20-DEBUG: Minimum eigen value: 
09:29:20-DEBUG: 5024.173543966247
09:29:20-DEBUG: Minimum state: 
09:29:20-DEBUG: 1
        13     5024.1735439662     5058.5572610902      246.3000108406     5028.3182197359       34.3837171239      0.35203453
09:29:20-INFO: ebond 0 13 2.7241931666691572
09:29:20-DEBUG: min system: (array([ 1, 13]),)
YES
YES
YES
YES
YES
YES
YES
YES
post react forces
post react forces
post react forces
post react forces
post react forces
post react forces
post react forces
post react forces
YES
YES
YES
09:29:20-INFO: forces0 h [ 8.64282376 14.17651915 -1.49354373]
YES
09:29:20-INFO: forces0 x [ -0.68309016 -10.82824646  -0.19007605]
09:29:20-INFO: forces0 y [ -0.51884623 -13.2516411    1.4911311 ]
YES
YES
YES
YES
reaction occured at step 13 between IDs 1 and 13
ids [ 122  140  173  178  185  220  223  230  265  268  270  318  407  408
  409  412  413  414  415  416  417  418  419  420  421  422  423  424
  425  426  427  428  429  430  431  432  433  434  435  436  437  439
  440  441  442  444  446  447  449  451  452  454  456  457  458  459
  460  461  462  463  464  465  466  467  468  469  470  471  472  473
  474  475  476  477  478  479  480  481  482  483  484  485  486  487
  488  489  491  492  494  496  497  499  502  505  506  507  508  509
  510  511  512  513  514  515  516  517  520  521  522  523  524  525
  526  527  528  530  531  532  536  537  539  541  558  561  588  591
  803  949 1043 1044 1048 1049 1053 1059 1064 1074 1079]
ids [ 137  142  143  144  145  146  147  148  149  150  151  152  154  155
  157  158  159  160  161  162  163  164  165  166  167  169  170  171
  172  174  175  176  177  179  180  181  182  184  187  188  189  190
  191  192  193  194  195  196  197  198  199  200  202  203  204  205
  206  207  208  209  210  211  212  214  215  217  218  219  221  222
  224  225  226  227  229  232  233  235  236  237  240  241  242  243
  245  246  247  250  251  252  253  254  255  256  257  260  261  262
  266  267  269  271  306  348  381  393  396  410  443  445  448  450
  455  490  493  495  500  535  538  540  784  789  794  798  804  808
  809  918  933 1073 1078]
ids [   5   48  139  234  238  239  244  248  249  258  259  264  378  533
  677  679  682  683  684  685  686  687  688  689  690  691  692  694
  695  696  697  698  699  700  701  702  703  704  705  706  707  708
  709  710 1080  712  713  714  716  717  719  721  722  724  726  727
  728  729  730  731  732  733  734  735  736  737  738  739  740  741
  742  743  744  745  746  747  748  749  750  751  752  754  755  756
  757  759  761  762  763  764  766  767  769  772  773  774  775  776
  777  778  779  780  781  782  785  786  787  788  790  791  792  793
  795  796  797  799  800  802  805  806  807  811  828  846  891  936
  950  983  988  990 1028 1030 1033 1035 1038 1040 1075]
ids [   8   22   66   77   80   95  110  125  138  263  273  503  504  518
  519  529  534  543  663  678  680  715  718  720  723  725  758  760
  765  768  770  810  903  947  952  953  954  955  956  957  958  959
  960  961  962  963  964  965  967  968  969  970  971  972  973  974
  975  976  977  978  979  980  981  982  984  985  986  987  989  991
  992  994  995  996  997  998  999 1000 1001 1002 1003 1004 1005 1006
 1007 1008 1009 1010 1011 1012 1013 1014 1015 1016 1017 1018 1019 1020
 1021 1022 1023 1024 1025 1026 1027 1029 1031 1032 1034 1036 1037 1039
 1041 1042 1045 1046 1047 1050 1051 1052 1054 1055 1056 1057 1058 1060
 1061 1062 1063 1065 1066 1067 1068 1069 1070 1071 1072 1076 1077 1081]
ids [127 141 153 156 168 186 201 213 216 231 272 276 277 278 279 280 281 282
 283 284 285 286 287 288 289 290 291 292 293 294 295 296 297 298 299 300
 301 302 303 304 305 307 308 309 311 312 314 316 317 319 321 322 323 324
 325 326 327 328 329 330 331 332 333 334 335 336 337 338 339 340 341 342
 343 344 345 346 347 349 350 351 352 354 356 357 359 361 362 364 366 367
 369 370 371 372 373 374 375 376 377 380 382 383 385 386 387 388 389 390
 391 392 394 395 397 401 402 405 406 453 498 545 578 580 583 585 590 623
 625 628 630 633 670 675 814 909 913 914 919 924 928 943]
ids [  1   2   3   4   9  10  11  12  13  14  15  16  17  18  19  20  21  23
  24  25  26  27  28  29  30  31  32  33  34  35  36  37  39  41  42  44
  46  47  49  50  51  52  53  54  55  56  57  58  59  60  61  62  63  64
  65  67  68  69  70  71  72  73  74  75  76  78  79  81  83  85  86  88
  89  90  91  93  96  97  98  99 100 101 103 104 105 106 109 111 113 114
 115 116 119 120 121 124 126 128 130 131 132 135 136 544 638 643 644 649
 654 659 664 669 674 815 850 860 893 895 898 900 905 938 945 951 966 993]
ids [  7  38  40  43  45  82  84  87  92  94 129 134 274 368 379 384 398 399
 404 668 673 681 693 753 771 783 801 812 816 817 818 819 820 821 822 823
 824 825 826 827 829 830 831 832 833 834 835 836 837 838 839 840 841 842
 843 844 845 847 848 849 851 852 853 854 855 856 857 858 859 861 862 863
 864 865 866 867 868 869 870 871 872 873 874 875 876 877 878 879 880 881
 882 883 884 885 886 887 888 889 890 892 894 896 897 899 901 902 904 906
 907 908 910 911 912 915 916 917 920 921 922 923 925 926 927 929 930 931
 932 934 935 937 939 940 941 942 944 946 948 711]
ids [  6 102 107 108 112 117 118 123 133 183 228 275 310 313 315 320 353 355
 358 360 363 365 400 403 411 438 501 542 546 547 548 549 550 551 552 553
 554 555 556 557 559 560 562 563 564 565 566 567 568 569 570 571 572 573
 574 575 576 577 579 581 582 584 586 587 589 592 593 594 595 596 597 598
 599 600 601 602 603 604 605 606 607 608 609 610 611 612 613 614 615 616
 617 618 619 620 621 622 624 626 627 629 631 632 634 635 636 637 639 640
 641 642 645 646 647 648 650 651 652 653 655 656 657 658 660 661 662 665
 666 667 671 672 676 813]
09:29:20-INFO: Step 14
09:29:20-DEBUG: Reaction systems: [[None]
 [0]]
09:29:20-DEBUG: rxn_pairs: [array([1, 2])]
09:29:20-DEBUG: Starting total colors: 5
09:29:20-DEBUG: Number of systems: 2
09:29:20-DEBUG: New total colors: 5
09:29:20-DEBUG: Potential energy for color 0: 5022.50370813339
ebond 1 14 2.9323259692496166
09:29:21-DEBUG: Potential energy for color 1: 5023.91936038667
xhy 14 13 1 2
xhy 14 13 1 2
xhy 14 13 1 2
xhy 14 13 1 2
xhy 14 13 1 2
h_pos [ 7.56183854  9.46920258 10.54890386] x_pos [ 8.18896028 10.58017086 10.41720315] y_pos [ 6.47662974  8.68336526 10.46704719]
14 rHY 1.342355744634269 rHX 1.2825276931023049 0.059828051531964244
h_pos [ 7.56183854  9.46920258 10.54890386] x_pos [ 8.18896028 10.58017086 10.41720315] y_pos [ 6.47662974  8.68336526 10.46704719]
h_pos [ 7.56183854  9.46920258 10.54890386] x_pos [ 8.18896028 10.58017086 10.41720315] y_pos [ 6.47662974  8.68336526 10.46704719]
h_pos [ 7.56183854  9.46920258 10.54890386] x_pos [ 8.18896028 10.58017086 10.41720315] y_pos [ 6.47662974  8.68336526 10.46704719]
14 rHY 1.342355744634269 rHX 1.2825276931023049 0.059828051531964244
h_pos [ 7.56183854  9.46920258 10.54890386] x_pos [ 8.18896028 10.58017086 10.41720315] y_pos [ 6.47662974  8.68336526 10.46704719]
14 rHY 1.342355744634269 rHX 1.2825276931023049 0.059828051531964244
14 rHY 1.342355744634269 rHX 1.2825276931023049 0.059828051531964244
14 rHY 1.342355744634269 rHX 1.2825276931023049 0.059828051531964244
14 cpl_forces h [ 8.91292806  9.97252863 -0.28652884]
14 cpl_forces h [ 8.91292806  9.97252863 -0.28652884]
14 cpl_forces h [ 8.91292806  9.97252863 -0.28652884]
14 cpl_forces h [ 8.91292806  9.97252863 -0.28652884]
14 cpl_forces h [ 8.91292806  9.97252863 -0.28652884]
14 cpl_forces x [-3.359143   -5.95084031  0.70544759]
14 cpl_forces x [-3.359143   -5.95084031  0.70544759]
14 cpl_forces x [-3.359143   -5.95084031  0.70544759]
14 cpl_forces x [-3.359143   -5.95084031  0.70544759]
14 cpl_forces y [-5.55378506 -4.02168832 -0.41891875]
14 cpl_forces y [-5.55378506 -4.02168832 -0.41891875]
14 cpl_forces x [-3.359143   -5.95084031  0.70544759]
14 cpl_forces y [-5.55378506 -4.02168832 -0.41891875]
14 cpl_forces y [-5.55378506 -4.02168832 -0.41891875]
14 cpl_forces y [-5.55378506 -4.02168832 -0.41891875]
09:29:21-DEBUG: System matrix: 
09:29:21-DEBUG: [[5.02250371e+03 3.58829838e+00]
 [3.58829838e+00 5.02391936e+03]]
09:29:21-DEBUG: Eigen values: 
09:29:21-DEBUG: [5019.55408937 5026.86897915]
09:29:21-DEBUG: Occupancies: 
09:29:21-DEBUG: [1. 0.]
09:29:21-INFO: coupling 14 3.588298381767235
09:29:21-DEBUG: Amplitudes: 
09:29:21-DEBUG: [0.59676511 0.40323489]
09:29:21-INFO: forces0 h [ 8.03609406 12.82232362 -1.30269368]
09:29:21-INFO: forces0 x [ -0.20467037 -11.99515432   1.27321725]
09:29:21-INFO: forces0 y [ -0.48372911 -10.61097872  -0.15813982]
09:29:21-INFO: forces1 h [-14.75673163 -12.23246537  -0.69197514]
09:29:21-INFO: forces1 x [11.08992022  2.3880903  -0.53065542]
09:29:21-INFO: forces1 y [13.83163131  3.12005032  0.95432125]
pos h  [ 7.56183854  9.46920258 10.54890386]
pos x  [ 8.18896028 10.58017086 10.41720315]
pos y  [ 6.47662974  8.68336526 10.46704719]
 mixed_cpl_forces: h [-8.74442304 -9.78399114  0.28111182]
 mixed_cpl_forces: x [ 3.29563609  5.83833559 -0.69211062]
 mixed_cpl_forces: y [5.44878694 3.94565555 0.4109988 ]
09:29:21-INFO: mixed forces h [-9.89919149 -7.06463255 -0.77531884]
09:29:21-INFO: mixed forces x [ 7.64533869 -0.35699269 -0.14627777]
09:29:21-INFO: mixed forces y [10.73751059 -1.12849322  0.7014421 ]
09:29:21-DEBUG: Minimum eigen value: 
09:29:21-DEBUG: 5019.554089372934
09:29:21-DEBUG: Minimum state: 
09:29:21-DEBUG: 0
        14     5019.5540893729     5058.6346998604      279.9451482231     5022.5037081334       39.0806104875      0.16086716
09:29:21-INFO: ebond 0 14 2.0318461626614814
ids [  1   2   3   4   9  10  11  12  13  14  15  16  17  18  19  20  21  23
  24  25  26  27  28  29  30  31  32  33  34  35  36  37  39  41  42  44
  46  47  49  50  51  52  53  54  55  56  57  58  59  60  61  62  63  64
  65  67  68  69  70  71  72  73  74  75  76  78  79  81  83  85  86  88
  89  90  91  93  96  97  98  99 100 101 103 104 105 106 109 111 113 114
 115 116 119 120 121 124 126 128 130 131 132 135 136 544 638 643 644 649
 654 659 664 669 674 815 850 860 893 895 898 900 905 938 945 951 966 993]
ids [   8   22   66   77   80   95  110  125  138  263  273  503  504  518
  519  529  534  543  663  678  680  715  718  720  723  725  758  760
  765  768  770  810  903  947  952  953  954  955  956  957  958  959
  960  961  962  963  964  965  967  968  969  970  971  972  973  974
  975  976  977  978  979  980  981  982  984  985  986  987  989  991
  992  994  995  996  997  998  999 1000 1001 1002 1003 1004 1005 1006
 1007 1008 1009 1010 1011 1012 1013 1014 1015 1016 1017 1018 1019 1020
 1021 1022 1023 1024 1025 1026 1027 1029 1031 1032 1034 1036 1037 1039
 1041 1042 1045 1046 1047 1050 1051 1052 1054 1055 1056 1057 1058 1060
 1061 1062 1063 1065 1066 1067 1068 1069 1070 1071 1072 1076 1077 1081]
ids [ 122  140  173  178  185  220  223  230  265  268  270  318  407  408
  409  412  413  414  415  416  417  418  419  420  421  422  423  424
  425  426  427  428  429  430  431  432  433  434  435  436  437  439
  440  441  442  444  446  447  449  451  452  454  456  457  458  459
  460  461  462  463  464  465  466  467  468  469  470  471  472  473
  474  475  476  477  478  479  480  481  482  483  484  485  486  487
  488  489  491  492  494  496  497  499  502  505  506  507  508  509
  510  511  512  513  514  515  516  517  520  521  522  523  524  525
  526  527  528  530  531  532  536  537  539  541  558  561  588  591
  803  949 1043 1044 1048 1049 1053 1059 1064 1074 1079]
ids [ 137  142  143  144  145  146  147  148  149  150  151  152  154  155
  157  158  159  160  161  162  163  164  165  166  167  169  170  171
  172  174  175  176  177  179  180  181  182  184  187  188  189  190
  191  192  193  194  195  196  197  198  199  200  202  203  204  205
  206  207  208  209  210  211  212  214  215  217  218  219  221  222
  224  225  226  227  229  232  233  235  236  237  240  241  242  243
  245  246  247  250  251  252  253  254  255  256  257  260  261  262
  266  267  269  271  306  348 1078  393  396  410  443  445  448  450
  455  490  493  495  500  535  538  540  784  789  794  798  804  808
  809  918  933 1073]
ids [   5   48  139  234  238  239  244  248  249  258  259  264  378  533
  677  679  682  683  684  685  686  687  688  689  690  691  692  694
  695  696  697  698  699  700  701  702  703  704  705  706  707  708
  709  710 1080  712  713  714  716  717  719  721  722  724  726  727
  728  729  730  731  732  733  734  735  736  737  738  739  740  741
  742  743  744  745  746  747  748  749  750  751  752  754  755  756
  757  759  761  762  763  764  766  767  769  772  773  774  775  776
  777  778  779  780  781  782  785  786  787  788  790  791  792  793
  795  796  797  799  800  802  805  806  807  811  828  846  891  936
  950  983  988  990 1028 1030 1033 1035 1038 1040 1075]
ids [  6 102 107 108 112 117 118 123 133 183 228 275 310 313 315 320 353 355
 358 360 363 365 400 403 411 438 501 542 546 547 548 549 550 551 552 553
 554 555 556 557 559 560 562 563 564 565 566 567 568 569 570 571 572 573
 574 575 576 577 579 581 582 584 586 587 589 592 593 594 595 596 597 598
 599 600 601 602 603 604 605 606 607 608 609 610 611 612 613 614 615 616
 617 618 619 620 621 622 624 626 627 629 631 632 634 635 636 637 639 640
 641 642 645 646 647 648 650 651 652 653 655 656 657 658 660 661 662 665
 666 667 671 672 676 813]
ids [  7  38  40  43  45  82  84  87  92  94 129 134 274 368 379 384 398 399
 404 668 673 681 693 753 771 783 801 812 816 817 818 819 820 821 822 823
 824 825 826 827 829 830 831 832 833 834 835 836 837 838 839 840 841 842
 843 844 845 847 848 849 851 852 853 854 855 856 857 858 859 861 862 863
 864 865 866 867 868 869 870 871 872 873 874 875 876 877 878 879 880 881
 882 883 884 885 886 887 888 889 890 892 894 896 897 899 901 902 904 906
 907 908 910 911 912 915 916 917 920 921 922 923 925 926 927 929 930 931
 932 934 935 937 939 940 941 942 944 946 948 711]
ids [127 141 153 156 168 186 201 213 216 231 272 276 277 278 279 280 281 282
 283 284 285 286 287 288 289 290 291 292 293 294 295 296 297 298 299 300
 301 302 303 304 305 307 308 309 311 312 314 316 317 319 321 322 323 324
 325 326 327 328 329 330 331 332 333 334 335 336 337 338 339 340 341 342
 343 344 345 346 347 349 350 351 352 354 356 357 359 361 362 364 366 367
 369 370 371 372 373 374 375 376 377 380 382 383 385 386 387 388 389 390
 391 392 394 395 397 401 402 405 406 453 498 545 578 580 583 585 590 623
 625 628 630 633 670 675 814 909 913 914 919 924 928 943 381]
09:29:21-INFO: Step 15
09:29:21-DEBUG: Reaction systems: [[None]
 [0]]
09:29:21-DEBUG: rxn_pairs: [array([1, 2])]
09:29:21-DEBUG: Starting total colors: 5
09:29:21-DEBUG: Number of systems: 2
09:29:21-DEBUG: New total colors: 5
09:29:21-DEBUG: Potential energy for color 0: 5017.281797838444
ebond 1 15 3.104081829309608
09:29:21-DEBUG: Potential energy for color 1: 5019.303262032943
xhy 15 13 1 2
xhy 15 13 1 2
xhy 15 13 1 2
xhy 15 13 1 2
xhy 15 13 1 2
h_pos [ 7.55323428  9.50003734 10.53856777] x_pos [ 8.19060466 10.57711618 10.41757311] y_pos [ 6.4787745   8.68141413 10.46724182]
15 rHY 1.3526622589074073 rHX 1.2573700903153333 0.09529216859207401
h_pos [ 7.55323428  9.50003734 10.53856777] x_pos [ 8.19060466 10.57711618 10.41757311] y_pos [ 6.4787745   8.68141413 10.46724182]
h_pos [ 7.55323428  9.50003734 10.53856777] x_pos [ 8.19060466 10.57711618 10.41757311] y_pos [ 6.4787745   8.68141413 10.46724182]
h_pos [ 7.55323428  9.50003734 10.53856777] x_pos [ 8.19060466 10.57711618 10.41757311] y_pos [ 6.4787745   8.68141413 10.46724182]
15 rHY 1.3526622589074073 rHX 1.2573700903153333 0.09529216859207401
15 rHY 1.3526622589074073 rHX 1.2573700903153333 0.09529216859207401
15 rHY 1.3526622589074073 rHX 1.2573700903153333 0.09529216859207401
15 cpl_forces h [13.03844959 14.64736044 -0.43585483]
15 cpl_forces x [-5.07923404 -8.58329114  0.96421208]
15 cpl_forces h [13.03844959 14.64736044 -0.43585483]
15 cpl_forces x [-5.07923404 -8.58329114  0.96421208]
15 cpl_forces h [13.03844959 14.64736044 -0.43585483]
15 cpl_forces h [13.03844959 14.64736044 -0.43585483]
15 cpl_forces y [-7.95921555 -6.06406931 -0.52835725]
h_pos [ 7.55323428  9.50003734 10.53856777] x_pos [ 8.19060466 10.57711618 10.41757311] y_pos [ 6.4787745   8.68141413 10.46724182]
15 cpl_forces x [-5.07923404 -8.58329114  0.96421208]
15 rHY 1.3526622589074073 rHX 1.2573700903153333 0.09529216859207401
15 cpl_forces x [-5.07923404 -8.58329114  0.96421208]
15 cpl_forces y [-7.95921555 -6.06406931 -0.52835725]
15 cpl_forces y [-7.95921555 -6.06406931 -0.52835725]
15 cpl_forces y [-7.95921555 -6.06406931 -0.52835725]
15 cpl_forces h [13.03844959 14.64736044 -0.43585483]
15 cpl_forces x [-5.07923404 -8.58329114  0.96421208]
09:29:21-DEBUG: System matrix: 
15 cpl_forces y [-7.95921555 -6.06406931 -0.52835725]
09:29:21-DEBUG: [[5.01728180e+03 3.28596009e+00]
 [3.28596009e+00 5.01930326e+03]]
09:29:21-DEBUG: Eigen values: 
09:29:21-DEBUG: [5014.85463623 5021.73042364]
09:29:21-DEBUG: Occupancies: 
09:29:21-DEBUG: [1. 0.]
09:29:21-INFO: coupling 15 3.285960094511329
09:29:21-DEBUG: Amplitudes: 
09:29:21-DEBUG: [0.64699874 0.35300126]
09:29:21-INFO: forces0 h [ 7.54550721 11.63649869 -1.12506048]
09:29:21-INFO: forces0 x [  0.04261096 -10.87664979   1.07563817]
09:29:21-INFO: forces0 y [ -0.34156119 -10.41909353  -0.13314279]
09:29:21-INFO: forces1 h [-15.40539302 -13.57502623  -0.51562743]
09:29:21-INFO: forces1 x [11.45392845  3.11101736 -0.59326796]
09:29:21-INFO: forces1 y [13.971626    3.81925514  0.84576548]
pos h  [ 7.55323428  9.50003734 10.53856777]
pos x  [ 8.19060466 10.57711618 10.41757311]
pos y  [ 6.4787745   8.68141413 10.46724182]
 mixed_cpl_forces: h [-12.46223088 -14.00003783   0.41659274]
 mixed_cpl_forces: x [ 4.85476336  8.20396283 -0.92159988]
 mixed_cpl_forces: y [7.60746752 5.796075   0.50500713]
09:29:21-INFO: mixed forces h [-13.01842033 -11.26323916  -0.4933371 ]
09:29:21-INFO: mixed forces x [ 8.92558375  2.26497715 -0.43508767]
09:29:21-INFO: mixed forces y [12.31847942  0.40313646  0.7174202 ]
09:29:21-DEBUG: Minimum eigen value: 
09:29:21-DEBUG: 5014.854636232402
09:29:21-DEBUG: Minimum state: 
09:29:21-DEBUG: 0
        15     5014.8546362324     5058.6749831876      313.8971825296     5017.2817978384       43.8203469552      0.41952023
09:29:21-INFO: ebond 0 15 1.7023877189370915
ids [  1   2   3   4   9  10  11  12  13  14  15  16  17  18  19  20  21  23
  24  25  26  27  28  29  30  31  32  33  34  35  36  37  39  41  42  44
  46  47  49  50  51  52  53  54  55  56  57  58  59  60  61  62  63  64
  65  67  68  69  70  71  72  73  74  75  76  78  79  81  83  85  86  88
  89  90  91  93  96  97  98  99 100 101 103 104 105 106 109 111 113 114
 115 116 119 120 121 124 126 128 130 131 132 135 136 544 638 643 644 649
 654 659 664 669 674 815 850 860 893 895 898 900 905 938 945 951 966 993]
ids [ 137  142  143  144  145  146  147  148  149  150  151  152  154  155
  157  158  159  160  161  162  163  164  165  166  167  169  170  171
  172  174  175  176  177  179  180  181  182  184  187  188  189  190
  191  192  193  194  195  196  197  198  199  200  202  203  204  205
  206  207  208  209  210  211  212  214  215  217  218  219  221  222
  224  225  226  227  229  232  233  235  236  237  240  241  242  243
  245  246  247  250  251  252  253  254  255  256  257  260  261  262
  266  267  269  271  306  348 1078  393  396  410  443  445  448  450
  455  490  493  495  500  535  538  540  784  789  794  798  804  808
  809  918  933 1073]
ids [   5   48  139  234  238  239  244  248  249  258  259  264  378  533
  677  679  682  683  684  685  686  687  688  689  690  691  692  694
  695  696  697  698  699  700  701  702  703  704  705  706  707  708
  709  710 1080  712  713  714  716  717  719  721  722  724  726  727
  728  729  730  731  732  733  734  735  736  737  738  739  740  741
  742  743  744  745  746  747  748  749  750  751  752  754  755  756
  757  759  761  762  763  764  766  767  769  772  773  774  775  776
  777  778  779  780  781  782  785  786  787  788  790  791  792  793
  795  796  797  799  800  802  805  806  807  811  828  846  891  936
  950  983  988  990 1028 1030 1033 1035 1038 1040 1075]
ids [127 141 153 156 168 186 201 213 216 231 272 276 277 278 279 280 281 282
 283 284 285 286 287 288 289 290 291 292 293 294 295 296 297 298 299 300
 301 302 303 304 305 307 308 309 311 312 314 316 317 319 321 322 323 324
 325 326 327 328 329 330 331 332 333 334 335 336 337 338 339 340 341 342
 343 344 345 346 347 349 350 351 352 354 356 357 359 361 362 364 366 367
 369 370 371 372 373 374 375 376 377 380 382 383 385 386 387 388 389 390
 391 392 394 395 397 401 402 381 406 453 498 545 578 580 583 585 590 623
 625 628 630 633 670 675 814 909 913 914 919 924 928 943]
ids [  7  38  40  43  45  82  84  87  92  94 129 134 274 368 379 384 398 399
 404 668 673 681 693 753 771 783 801 812 816 817 818 819 820 821 822 823
 824 825 826 827 829 830 831 832 833 834 835 836 837 838 839 840 841 842
 843 844 845 847 848 849 851 852 853 854 855 856 857 858 859 861 862 863
 864 865 866 867 868 869 870 871 872 873 874 875 876 877 878 879 880 881
 882 883 884 885 886 887 888 889 890 892 894 896 897 899 901 902 904 906
 907 908 910 911 912 915 916 917 920 921 922 923 925 926 927 929 930 931
 932 934 935 937 939 940 941 942 944 946 948 711]
ids [   8   22   66   77   80   95  110  125  138  263  273  503  504  518
  519  529  534  543  663  678  680  715  718  720  723  725  758  760
  765  768  770  810  903  947  952  953  954  955  956  957  958  959
  960  961  962  963  964  965  967  968  969  970  971  972  973  974
  975  976  977  978  979  980  981  982  984  985  986  987  989  991
  992  994  995  996  997  998  999 1000 1001 1002 1003 1004 1005 1006
 1007 1008 1009 1010 1011 1012 1013 1014 1015 1016 1017 1018 1019 1020
 1021 1022 1023 1024 1025 1026 1027 1029 1031 1032 1034 1036 1037 1039
 1041 1042 1045 1046 1047 1050 1051 1052 1081 1055 1056 1057 1058 1060
 1061 1062 1063 1065 1066 1067 1068 1069 1070 1071 1072 1076 1077]
ids [ 122  140  173  178  185  220  223  230  265  268  270  318  407  408
  409  412  413  414  415  416  417  418  419  420  421  422  423  424
  425  426  427  428  429  430  431  432  433  434  435  436  437  439
  440  441  442  444  446  447  449  451  452  454  456  457  458  459
  460  461  462  463  464  465  466  467  468  469  470  471  472  473
  474  475  476  477  478  479  480  481  482  483  484  485  486  487
  488  489  491  492  494  496  497  499  502  505  506  507  508  509
  510  511  512  513  514  515  516  517  520  521  522  523  524  525
  526  527  528  530  531  532  536  537  539  541  558  561  588  591
  803  949 1043 1044 1048 1049 1053 1059 1064 1074 1079 1054]
ids [  6 102 107 108 112 117 118 123 133 183 228 275 310 313 315 320 353 355
 358 360 363 365 400 403 411 438 501 542 546 547 548 549 550 551 552 553
 554 555 556 557 559 560 562 563 564 565 566 567 568 569 570 571 572 573
 574 575 576 577 579 581 582 584 586 587 589 592 593 594 595 596 597 598
 599 600 601 602 603 604 605 606 607 608 609 610 611 612 613 614 615 616
 617 618 619 620 621 622 624 626 627 629 631 632 634 635 636 637 639 640
 641 642 645 646 647 648 650 651 652 653 655 656 657 658 660 661 662 665
 666 667 671 672 676 813 405]
09:29:21-INFO: Step 16
09:29:21-DEBUG: Reaction systems: [[None]
 [0]]
09:29:21-DEBUG: rxn_pairs: [array([1, 2])]
09:29:21-DEBUG: Starting total colors: 5
09:29:21-DEBUG: Number of systems: 2
09:29:21-DEBUG: New total colors: 5
09:29:21-DEBUG: Potential energy for color 0: 5012.0059474504105
ebond 1 16 3.1916195249337567
09:29:21-DEBUG: Potential energy for color 1: 5014.434164716382
xhy 16 13 1 2
xhy 16 13 1 2
xhy 16 13 1 2
xhy 16 13 1 2
xhy 16 13 1 2
h_pos [ 7.54015765  9.52714382 10.52802324] x_pos [ 8.19245192 10.57409802 10.41793367] y_pos [ 6.4811991   8.67945656 10.46745387]
h_pos [ 7.54015765  9.52714382 10.52802324] x_pos [ 8.19245192 10.57409802 10.41793367] y_pos [ 6.4811991   8.67945656 10.46745387]
16 rHY 1.3578054080058877 rHX 1.2384347536733538 0.11937065433253391
h_pos [ 7.54015765  9.52714382 10.52802324] x_pos [ 8.19245192 10.57409802 10.41793367] y_pos [ 6.4811991   8.67945656 10.46745387]
16 rHY 1.3578054080058877 rHX 1.2384347536733538 0.11937065433253391
16 rHY 1.3578054080058877 rHX 1.2384347536733538 0.11937065433253391
h_pos [ 7.54015765  9.52714382 10.52802324] x_pos [ 8.19245192 10.57409802 10.41793367] y_pos [ 6.4811991   8.67945656 10.46745387]
16 rHY 1.3578054080058877 rHX 1.2384347536733538 0.11937065433253391
h_pos [ 7.54015765  9.52714382 10.52802324] x_pos [ 8.19245192 10.57409802 10.41793367] y_pos [ 6.4811991   8.67945656 10.46745387]
16 rHY 1.3578054080058877 rHX 1.2384347536733538 0.11937065433253391
16 cpl_forces h [15.09873849 16.98321654 -0.51175071]
16 cpl_forces h [15.09873849 16.98321654 -0.51175071]
16 cpl_forces x [-6.08645034 -9.76895699  1.02722756]
16 cpl_forces h [15.09873849 16.98321654 -0.51175071]
16 cpl_forces h [15.09873849 16.98321654 -0.51175071]
16 cpl_forces x [-6.08645034 -9.76895699  1.02722756]
16 cpl_forces h [15.09873849 16.98321654 -0.51175071]
16 cpl_forces x [-6.08645034 -9.76895699  1.02722756]
16 cpl_forces x [-6.08645034 -9.76895699  1.02722756]
16 cpl_forces x [-6.08645034 -9.76895699  1.02722756]
16 cpl_forces y [-9.01228815 -7.21425955 -0.51547685]
16 cpl_forces y [-9.01228815 -7.21425955 -0.51547685]
16 cpl_forces y [-9.01228815 -7.21425955 -0.51547685]
16 cpl_forces y [-9.01228815 -7.21425955 -0.51547685]
16 cpl_forces y [-9.01228815 -7.21425955 -0.51547685]
09:29:21-DEBUG: System matrix: 
09:29:21-DEBUG: [[5.01200595e+03 3.02514427e+00]
 [3.02514427e+00 5.01443416e+03]]
09:29:21-DEBUG: Eigen values: 
09:29:21-DEBUG: [5009.96036934 5016.47974282]
09:29:21-DEBUG: Occupancies: 
09:29:21-DEBUG: [1. 0.]
09:29:21-INFO: coupling 16 3.0251442730503486
09:29:21-DEBUG: Amplitudes: 
09:29:21-DEBUG: [0.68623088 0.31376912]
09:29:21-INFO: forces0 h [ 7.25591212 10.74281651 -0.97132436]
09:29:21-INFO: forces0 x [  0.15013172 -10.00335064   0.90843205]
09:29:21-INFO: forces0 y [ -0.26952027 -10.27092259  -0.11449763]
09:29:21-INFO: forces1 h [-15.87210414 -14.72203482  -0.34184783]
09:29:21-INFO: forces1 x [11.82647809  3.78081892 -0.63727424]
09:29:21-INFO: forces1 y [13.90760594  4.37892559  0.72116786]
pos h  [ 7.54015765  9.52714382 10.52802324]
pos x  [ 8.19245192 10.57409802 10.41793367]
pos y  [ 6.4811991   8.67945656 10.46745387]
 mixed_cpl_forces: h [-14.01234717 -15.7612324    0.47492899]
 mixed_cpl_forces: x [ 5.64851529  9.06605654 -0.95331601]
 mixed_cpl_forces: y [8.36383188 6.69517586 0.47838702]
09:29:21-INFO: mixed forces h [-14.01329246 -13.00849999  -0.29888507]
09:29:21-INFO: mixed forces x [ 9.46232399  3.38775271 -0.52987887]
09:29:21-INFO: mixed forces y [12.54265608  1.0209233   0.62609542]
09:29:21-DEBUG: Minimum eigen value: 
09:29:21-DEBUG: 5009.960369343008
09:29:21-DEBUG: Minimum state: 
09:29:21-DEBUG: 0
        16     5009.9603693430     5058.6835711757      349.0176788136     5012.0059474504       48.7232018327      0.42345914
09:29:21-INFO: ebond 0 16 1.4736244230953008
ids [ 137  142  143  144  145  146  147  148  149  150  151  152  154  155
  157  158  159  160  161  162  163  164  165  166  167  169  170  171
  172  174  175  176  177  179  180  181  182  184  187  188  189  190
  191  192  193  194  195  196  197  198  199  200  202  203  204  205
  206  207  208  209  210  211  212  214  215  217  218  219  221  222
  224  225  226  227  229  232  233  235  236  237  240  241  242  243
  245  246  247  250  251  252  253  254  255  256  257  260  261  262
  266  267  269  271  306  348 1078  393  396  410  443  445  448  450
  455  490  493  495  500  535  538  540  784  789  794  798  804  808
  809  918  933 1073]
ids [  1   2   3   4   9  10  11  12  13  14  15  16  17  18  19  20  21  23
  24  25  26  27  28  29  30  31  32  33  34  35  36  37  39  41  42  44
  46  47  49  50  51  52  53  54  55  56  57  58  59  60  61  62  63  64
  65  67  68  69  70  71  72  73  74  75  76  78  79  81  83  85  86  88
  89  90  91  93  96  97  98  99 100 101 103 104 105 106 109 111 113 114
 115 116 119 120 121 124 126 128 130 131 132 135 136 544 638 643 644 649
 654 659 664 669 674 815 850 860 893 895 898 900 905 938 945 951 966 993]
ids [ 122  140  173  178  185  220  223  230  265  268  270  318  407  408
  409  412  413  414  415  416  417  418  419  420  421  422  423  424
  425  426  427  428  429  430  431  432  433  434  435  436  437  439
  440  441  442  444  446  447  449  451  452  454  456  457  458  459
  460  461  462  463  464  465  466  467  468  469  470  471  472  473
  474  475  476  477  478  479  480  481  482  483  484  485  486  487
  488  489  491  492  494  496  497  499  502  505  506  507  508  509
  510  511  512  513  514  515  516  517  520  521  522  523  524  525
  526  527  528  530  531  532  536  537  539  541  558  561  588  591
  803  949 1043 1044 1048 1049 1053 1059 1064 1074 1079 1054]
ids [   5   48  139  234  238  239  244  248  249  258  259  264  378  533
  677  679  682  683  684  685  686  687  688  689  690  691  692  694
  695  696  697  698  699  700  701  702  703  704  705  706  707  708
  709  710 1080  712  713  714  716  717  719  721  722  724  726  727
  728  729  730  731  732  733  734  735  736  737  738  739  740  741
  742  743  744  745  746  747  748  749  750  751  752  754  755  756
  757  759  761  762  763  764  766  767  769  772  773  774  775  776
  777  778  779  780  781  782  785  786  787  788  790  791  792  793
  795  796  797  799  800  802  805  806  807  811  828  846  891  936
  950  983  988  990 1028 1030 1033 1035 1038 1040 1075]
ids [   8   22   66   77   80   95  110  125  138  263  273  503  504  518
  519  529  534  543  663  678  680  715  718  720  723  725  758  760
  765  768  770  810  903  947  952  953  954  955  956  957  958  959
  960  961  962  963  964  965  967  968  969  970  971  972  973  974
  975  976  977  978  979  980  981  982  984  985  986  987  989  991
  992  994  995  996  997  998  999 1000 1001 1002 1003 1004 1005 1006
 1007 1008 1009 1010 1011 1012 1013 1014 1015 1016 1017 1018 1019 1020
 1021 1022 1023 1024 1025 1026 1027 1029 1031 1032 1034 1036 1037 1039
 1041 1042 1045 1046 1047 1050 1051 1052 1081 1055 1056 1057 1058 1060
 1061 1062 1063 1065 1066 1067 1068 1069 1070 1071 1072 1076 1077]
ids [127 141 153 156 168 186 201 213 216 231 272 276 277 278 279 280 281 282
 283 284 285 286 287 288 289 290 291 292 293 294 295 296 297 298 299 300
 301 302 303 304 305 307 308 309 311 312 314 316 317 319 321 322 323 324
 325 326 327 328 329 330 331 332 333 334 335 336 337 338 339 340 341 342
 343 344 345 346 347 349 350 351 352 354 356 357 359 361 362 364 366 367
 369 370 371 372 373 374 375 376 377 380 382 383 385 386 387 388 389 390
 391 392 394 395 397 401 402 381 406 453 498 545 578 580 583 585 590 623
 625 628 630 633 670 675 814 909 913 914 919 924 928 943]
ids [  7  38  40  43  45  82  84  87  92  94 129 134 274 368 379 384 398 399
 404 668 673 681 693 753 771 783 801 812 816 817 818 819 820 821 822 823
 824 825 826 827 829 830 831 832 833 834 835 836 837 838 839 840 841 842
 843 844 845 847 848 849 851 852 853 854 855 856 857 858 859 861 862 863
 864 865 866 867 868 869 870 871 872 873 874 875 876 877 878 879 880 881
 882 883 884 885 886 887 888 889 890 892 894 896 897 899 901 902 904 906
 907 908 910 911 912 915 916 917 920 921 922 923 925 926 927 929 930 931
 932 934 935 937 939 940 941 942 944 946 948 711]
ids [  6 102 107 108 112 117 118 123 133 183 228 275 310 313 315 320 353 355
 358 360 363 365 400 403 411 438 501 542 546 547 548 549 550 551 552 553
 554 555 556 557 559 560 562 563 564 565 566 567 568 569 570 571 572 573
 574 575 576 577 579 581 582 584 586 587 589 592 593 594 595 596 597 598
 599 600 601 602 603 604 605 606 607 608 609 610 611 612 613 614 615 616
 617 618 619 620 621 622 624 626 627 629 631 632 634 635 636 637 639 640
 641 642 645 646 647 648 650 651 652 653 655 656 657 658 660 661 662 665
 666 667 671 672 676 813 405]
09:29:21-INFO: Step 17
09:29:21-DEBUG: Reaction systems: [[None]
 [0]]
09:29:21-DEBUG: rxn_pairs: [array([1, 2])]
09:29:21-DEBUG: Starting total colors: 5
09:29:21-DEBUG: Number of systems: 2
09:29:21-DEBUG: New total colors: 5
09:29:21-DEBUG: Potential energy for color 0: 5006.707141125626
ebond 1 17 3.168903952484411
09:29:21-DEBUG: Potential energy for color 1: 5009.2947637490315
xhy 17 13 1 2
xhy 17 13 1 2
xhy 17 13 1 2
xhy 17 13 1 2
xhy 17 13 1 2
h_pos [ 7.521861    9.54944219 10.51735671] x_pos [ 8.19452231 10.57115858 10.41828058] y_pos [ 6.48392449  8.67751797 10.46768235]
h_pos [ 7.521861    9.54944219 10.51735671] x_pos [ 8.19452231 10.57115858 10.41828058] y_pos [ 6.48392449  8.67751797 10.46768235]
17 rHY 1.35647763597521 rHX 1.227270839961703 0.12920679601350704
17 rHY 1.35647763597521 rHX 1.227270839961703 0.12920679601350704
h_pos [ 7.521861    9.54944219 10.51735671] x_pos [ 8.19452231 10.57115858 10.41828058] y_pos [ 6.48392449  8.67751797 10.46768235]
17 rHY 1.35647763597521 rHX 1.227270839961703 0.12920679601350704
h_pos [ 7.521861    9.54944219 10.51735671] x_pos [ 8.19452231 10.57115858 10.41828058] y_pos [ 6.48392449  8.67751797 10.46768235]
17 rHY 1.35647763597521 rHX 1.227270839961703 0.12920679601350704
h_pos [ 7.521861    9.54944219 10.51735671] x_pos [ 8.19452231 10.57115858 10.41828058] y_pos [ 6.48392449  8.67751797 10.46768235]
17 rHY 1.35647763597521 rHX 1.227270839961703 0.12920679601350704
17 cpl_forces h [15.79589013 17.74478883 -0.53053724]
17 cpl_forces h [15.79589013 17.74478883 -0.53053724]
17 cpl_forces h [15.79589013 17.74478883 -0.53053724]
17 cpl_forces x [ -6.59246092 -10.01339792   0.97100206]
17 cpl_forces h [15.79589013 17.74478883 -0.53053724]
17 cpl_forces h [15.79589013 17.74478883 -0.53053724]
17 cpl_forces x [ -6.59246092 -10.01339792   0.97100206]
17 cpl_forces x [ -6.59246092 -10.01339792   0.97100206]
17 cpl_forces x [ -6.59246092 -10.01339792   0.97100206]
17 cpl_forces y [-9.20342922 -7.7313909  -0.44046482]
17 cpl_forces x [ -6.59246092 -10.01339792   0.97100206]
17 cpl_forces y [-9.20342922 -7.7313909  -0.44046482]
17 cpl_forces y [-9.20342922 -7.7313909  -0.44046482]
17 cpl_forces y [-9.20342922 -7.7313909  -0.44046482]
17 cpl_forces y [-9.20342922 -7.7313909  -0.44046482]
09:29:21-DEBUG: System matrix: 
09:29:21-DEBUG: [[5.00670714e+03 2.90908354e+00]
 [2.90908354e+00 5.00929476e+03]]
09:29:21-DEBUG: Eigen values: 
09:29:21-DEBUG: [5004.81713166 5011.18477321]
09:29:21-DEBUG: Occupancies: 
09:29:21-DEBUG: [1. 0.]
09:29:21-INFO: coupling 17 2.9090835362703764
09:29:21-DEBUG: Amplitudes: 
09:29:21-DEBUG: [0.70318532 0.29681468]
09:29:21-INFO: forces0 h [ 7.21632219 10.2036139  -0.84558282]
09:29:21-INFO: forces0 x [ 0.06922207 -9.42851147  0.77376341]
09:29:21-INFO: forces0 y [ -0.26841132 -10.17652989  -0.10032596]
09:29:21-INFO: forces1 h [-16.000338   -15.43304836  -0.19357385]
09:29:21-INFO: forces1 x [12.08599527  4.20960626 -0.64358763]
09:29:21-INFO: forces1 y [13.60383475  4.74601787  0.58429982]
pos h  [ 7.521861    9.54944219 10.51735671]
pos x  [ 8.19452231 10.57115858 10.41828058]
pos y  [ 6.48392449  8.67751797 10.46768235]
 mixed_cpl_forces: h [-14.43283626 -16.21356121   0.48475629]
 mixed_cpl_forces: x [ 6.0235864   9.14932501 -0.88721266]
 mixed_cpl_forces: y [8.40924986 7.0642362  0.40245637]
09:29:21-INFO: mixed forces h [-14.10755954 -13.61928491  -0.1673007 ]
09:29:21-INFO: mixed forces x [ 9.65956311  3.76880703 -0.53413984]
09:29:21-INFO: mixed forces y [12.25832476  1.31693749  0.50533739]
09:29:21-DEBUG: Minimum eigen value: 
09:29:21-DEBUG: 5004.817131661705
09:29:21-DEBUG: Minimum state: 
09:29:21-DEBUG: 0
        17     5004.8171316617     5058.6830390229      385.8562911966     5006.7071411256       53.8659073612      0.43151944
09:29:21-INFO: ebond 0 17 1.3464812156430752
ids [  1   2   3   4   9  10  11  12  13  14  15  16  17  18  19  20  21  23
  24  25  26  27  28  29  30  31  32  33  34  35  36  37  39  41  42  44
  46  47  49  50  51  52  53  54  55  56  57  58  59  60  61  62  63  64
  65  67  68  69  70  71  72  73  74  75  76  78  79  81  83  85  86  88
  89  90  91  93  96  97  98  99 100 101 103 104 105 106 109 111 113 114
 115 116 119 120 121 124 126 128 130 131 132 135 136 544 638 643 644 649
 654 659 664 669 674 815 850 860 893 895 898 900 905 938 945 951 966 993]
ids [ 122  140  173  178  185  220  223  230  265  268  270  318  407  408
  409  412  413  414  415  416  417  418  419  420  421  422  423  424
  425  426  427  428  429  430  431  432  433  434  435  436  437  439
  440  441  442  444  446  447  449  451  452  454  456  457  458  459
  460  461  462  463  464  465  466  467  468  469  470  471  472  473
  474  475  476  477  478  479  480  481  482  483  484  485  486  487
  488  489  491  492  494  496  497  499  502  505  506  507  508  509
  510  511  512  513  514  515  516  517  520  521  522  523  524  525
  526  527  528  530  531  532  536  537  539  541  558  561  588  591
  803  949 1043 1044 1048 1049 1053 1059 1064 1074 1079 1054]
ids [   8   22   66   77   80   95  110  125  138  263  273  503  504  518
  519  529  534  543  663  678  680  715  718  720  723  725  758  760
  765  768  770  810  903  947  952  953  954  955  956  957  958  959
  960  961  962  963  964  965  967  968  969  970  971  972  973  974
  975  976  977  978  979  980  981  982  984  985  986  987  989  991
  992  994  995  996  997  998  999 1000 1001 1002 1003 1004 1005 1006
 1007 1008 1009 1010 1011 1012 1013 1014 1015 1016 1017 1018 1019 1020
 1021 1022 1023 1024 1025 1026 1027 1029 1031 1032 1034 1036 1037 1039
 1041 1042 1045 1046 1047 1050 1051 1052 1081 1055 1056 1057 1058 1060
 1061 1062 1063 1065 1066 1067 1068 1069 1070 1071 1072 1076 1077]
ids [   5   48  139  234  238  239  244  248  249  258  259  264  378  533
  677  679  682  683  684  685  686  687  688  689  690  691  692  694
  695  696  697  698  699  700  701  702  703  704  705  706  707  708
  709  710 1080  712  713  714  716  717  719  721  722  724  726  727
  728  729  730  731  732  733  734  735  736  737  738  739  740  741
  742  743  744  745  746  747  748  749  750  751  752  754  755  756
  757  759  761  762  763  764  766  767  769  772  773  774  775  776
  777  778  779  780  781  782  785  786  787  788  790  791  792  793
  795  796  797  799  800  802  805  806  807  811  828  846  891  936
  950  983  988  990 1028 1030 1033 1035 1038 1040 1075]
ids [ 137  142  143  144  145  146  147  148  149  150  151  152  154  155
  157  158  159  160  161  162  163  164  165  166  167  169  170  171
  172  174  175  176  177  179  180  181  182  184  187  188  189  190
  191  192  193  194  195  196  197  198  199  200  202  203  204  205
  206  207  208  209  210  211  212  214  215  217  218  219  221  222
  224  225  226  227  229  232  233  235  236  237  240  241  242  243
  245  246  247  250  251  252  253  254  255  256  257  260  261  262
  266  267  269  271  306  348 1078  393  396  410  443  445  448  450
  455  490  493  495  500  535  538  540  784  789  794  798  804  808
  809  918  933 1073]
ids [127 141 153 156 168 186 201 213 216 231 272 276 277 278 279 280 281 282
 283 284 285 286 287 288 289 290 291 292 293 294 295 296 297 298 299 300
 301 302 303 304 305 307 308 309 311 312 314 316 317 319 321 322 323 324
 325 326 327 328 329 330 331 332 333 334 335 336 337 338 339 340 341 342
 343 344 345 346 347 349 350 351 352 354 356 357 359 361 362 364 366 367
 369 370 371 372 373 374 375 376 377 380 382 383 385 386 387 388 389 390
 391 392 394 395 397 401 402 381 406 453 498 545 578 580 583 585 590 623
 625 628 630 633 670 675 814 909 913 914 919 924 928 943]
ids [  6 102 107 108 112 117 118 123 133 183 228 275 310 313 315 320 353 355
 358 360 363 365 400 403 411 438 501 542 546 547 548 549 550 551 552 553
 554 555 556 557 559 560 562 563 564 565 566 567 568 569 570 571 572 573
 574 575 576 577 579 581 582 584 586 587 589 592 593 594 595 596 597 598
 599 600 601 602 603 604 605 606 607 608 609 610 611 612 613 614 615 616
 617 618 619 620 621 622 624 626 627 629 631 632 634 635 636 637 639 640
 641 642 645 646 647 648 650 651 652 653 655 656 657 658 660 661 662 665
 666 667 671 672 676 813 405]
ids [  7  38  40  43  45  82  84  87  92  94 129 134 274 368 379 384 398 399
 404 668 673 681 693 753 771 783 801 812 816 817 818 819 820 821 822 823
 824 825 826 827 829 830 831 832 833 834 835 836 837 838 839 840 841 842
 843 844 845 847 848 849 851 852 853 854 855 856 857 858 859 861 862 863
 864 865 866 867 868 869 870 871 872 873 874 875 876 877 878 879 880 881
 882 883 884 885 886 887 888 889 890 892 894 896 897 899 901 902 904 906
 907 908 910 911 912 915 916 917 920 921 922 923 925 926 927 929 930 931
 932 934 935 937 939 940 941 942 944 946 948 711]
09:29:21-INFO: Step 18
09:29:21-DEBUG: Reaction systems: [[None]
 [0]]
09:29:21-DEBUG: rxn_pairs: [array([1, 2])]
09:29:21-DEBUG: Starting total colors: 5
09:29:21-DEBUG: Number of systems: 2
09:29:21-DEBUG: New total colors: 5
09:29:21-DEBUG: Potential energy for color 0: 5001.410786578794
ebond 1 18 3.0305249368219775
09:29:21-DEBUG: Potential energy for color 1: 5003.893474555856
xhy 18 13 1 2
xhy 18 13 1 2
xhy 18 13 1 2
xhy 18 13 1 2
xhy 18 13 1 2
h_pos [ 7.49818402  9.56655003 10.50662514] x_pos [ 8.1968224  10.56831241 10.41861303] y_pos [ 6.48694909  8.67560871 10.46792465]
h_pos [ 7.49818402  9.56655003 10.50662514] x_pos [ 8.1968224  10.56831241 10.41861303] y_pos [ 6.48694909  8.67560871 10.46792465]
18 rHY 1.3482841820427471 rHX 1.2244874865959305 0.1237966954468166
h_pos [ 7.49818402  9.56655003 10.50662514] x_pos [ 8.1968224  10.56831241 10.41861303] y_pos [ 6.48694909  8.67560871 10.46792465]
18 rHY 1.3482841820427471 rHX 1.2244874865959305 0.1237966954468166
h_pos [ 7.49818402  9.56655003 10.50662514] x_pos [ 8.1968224  10.56831241 10.41861303] y_pos [ 6.48694909  8.67560871 10.46792465]
h_pos [ 7.49818402  9.56655003 10.50662514] x_pos [ 8.1968224  10.56831241 10.41861303] y_pos [ 6.48694909  8.67560871 10.46792465]
18 rHY 1.3482841820427471 rHX 1.2244874865959305 0.1237966954468166
18 rHY 1.3482841820427471 rHX 1.2244874865959305 0.1237966954468166
18 rHY 1.3482841820427471 rHX 1.2244874865959305 0.1237966954468166
18 cpl_forces h [15.55566205 17.42073158 -0.50855797]
18 cpl_forces h [15.55566205 17.42073158 -0.50855797]
18 cpl_forces h [15.55566205 17.42073158 -0.50855797]
18 cpl_forces h [15.55566205 17.42073158 -0.50855797]
18 cpl_forces h [15.55566205 17.42073158 -0.50855797]
18 cpl_forces x [-6.72085515 -9.63688796  0.84667072]
18 cpl_forces x [-6.72085515 -9.63688796  0.84667072]
18 cpl_forces x [-6.72085515 -9.63688796  0.84667072]
18 cpl_forces x [-6.72085515 -9.63688796  0.84667072]
18 cpl_forces x [-6.72085515 -9.63688796  0.84667072]
18 cpl_forces y [-8.8348069  -7.78384362 -0.33811275]
18 cpl_forces y [-8.8348069  -7.78384362 -0.33811275]
18 cpl_forces y [-8.8348069  -7.78384362 -0.33811275]
18 cpl_forces y [-8.8348069  -7.78384362 -0.33811275]
18 cpl_forces y [-8.8348069  -7.78384362 -0.33811275]
09:29:21-DEBUG: System matrix: 
09:29:21-DEBUG: [[5.00141079e+03 2.97349636e+00]
 [2.97349636e+00 5.00389347e+03]]
09:29:21-DEBUG: Eigen values: 
09:29:21-DEBUG: [4999.42992395 5005.87433718]
09:29:21-DEBUG: Occupancies: 
09:29:21-DEBUG: [1. 0.]
09:29:21-INFO: coupling 18 2.973496356712322
09:29:21-DEBUG: Amplitudes: 
09:29:21-DEBUG: [0.69262328 0.30737672]
09:29:21-INFO: forces0 h [ 7.46075509 10.04359892 -0.74594658]
09:29:21-INFO: forces0 x [-0.23106098 -9.16500217  0.66771868]
09:29:21-INFO: forces0 y [ -0.34138828 -10.14821982  -0.08865261]
09:29:21-INFO: forces1 h [-15.67042817 -15.54558129  -0.08341438]
09:29:21-INFO: forces1 x [12.11498117  4.26062321 -0.60519918]
09:29:21-INFO: forces1 y [13.05803876  4.89455236  0.44070292]
pos h  [ 7.49818402  9.56655003 10.50662514]
pos x  [ 8.1968224  10.56831241 10.41861303]
pos y  [ 6.48694909  8.67560871 10.46792465]
 mixed_cpl_forces: h [-14.35497779 -16.07608948   0.46930425]
 mixed_cpl_forces: x [ 6.20209709  8.89305208 -0.78131933]
 mixed_cpl_forces: y [8.1528807  7.1830374  0.31201507]
09:29:21-INFO: mixed forces h [-14.00421004 -13.89800895  -0.07299535]
09:29:21-INFO: mixed forces x [ 9.7659221   3.85477465 -0.50486596]
09:29:21-INFO: mixed forces y [11.93016441  1.65861562  0.38607403]
09:29:21-DEBUG: Minimum eigen value: 
09:29:21-DEBUG: 4999.429923950542
09:29:21-DEBUG: Minimum state: 
09:29:21-DEBUG: 0
        18     4999.4299239505     5058.6803617839      424.4271620796     5001.4107865788       59.2504378333      0.42471724
09:29:21-INFO: ebond 0 18 1.3156754283679062
ids [   5   48  139  234  238  239  244  248  249  258  259  264  378  533
  677  679  682  683  684  685  686  687  688  689  690  691  692  694
  695  696  697  698  699  700  701  702  703  704  705  706  707  708
  709  710 1080  712  713  714  716  717  719  721  722  724  726  727
  728  729  730  731  732  733  734  735  736  737  738  739  740  741
  742  743  744  745  746  747  748  749  750  751  752  754  755  756
  757  759  761  762  763  764  766  767  769  772  773  774  775  776
  777  778  779  780  781  782  785  786  787  788  790  791  792  793
  795  796  797  799  800  802  805  806  807  811  828  846  891  936
  950  983  988  990 1028 1030 1033 1035 1038 1040 1075]
ids [  1   2   3   4   9  10  11  12  13  14  15  16  17  18  19  20  21  23
  24  25  26  27  28  29  30  31  32  33  34  35  36  37  39  41  42  44
  46  47  49  50  51  52  53  54  55  56  57  58  59  60  61  62  63  64
  65  67  68  69  70  71  72  73  74  75  76  78  79  81  83  85  86  88
  89  90  91  93  96  97  98  99 100 101 103 104 105 106 109 111 113 114
 115 116 119 120 121 124 126 128 130 131 132 135 136 544 638 643 644 649
 654 659 664 669 674 815 850 860 893 895 898 900 905 938 945 951 966 993]
ids [ 122  140  173  178  185  220  223  230  265  268  270  318  407  408
  409  412  413  414  415  416  417  418  419  420  421  422  423  424
  425  426  427  428  429  430  431  432  433  434  435  436  437  439
  440  441  442  444  446  447  449  451  452  454  456  457  458  459
  460  461  462  463  464  465  466  467  468  469  470  471  472  473
  474  475  476  477  478  479  480  481  482  483  484  485  486  487
  488  489  491  492  494  496  497  499  502  505  506  507  508  509
  510  511  512  513  514  515  516  517  520  521  522  523  524  525
  526  527  528  530  531  532  536  537  539  541  558  561  588  591
  803  949 1043 1044 1048 1049 1053 1059 1054 1074 1079]
ids [ 137  142  143  144  145  146  147  148  149  150  151  152  154  155
  157  158  159  160  161  162  163  164  165  166  167  169  170  171
  172  174  175  176  177  179  180  181  182  184  187  188  189  190
  191  192  193  194  195  196  197  198  199  200  202  203  204  205
  206  207  208  209  210  211  212  214  215  217  218  219  221  222
  224  225  226  227  229  232  233  235  236  237  240  241  242  243
  245  246  247  250  251  252  253  254  255  256  257  260  261  262
  266  267  269  271  306  348 1078  393  396  410  443  445  448  450
  455  490  493  495  500  535  538  540  784  789  794  798  804  808
  809  918  933 1073]
ids [   8   22   66   77   80   95  110  125  138  263  273  503  504  518
  519  529  534  543  663  678  680  715  718  720  723  725  758  760
  765  768  770  810  903  947  952  953  954  955  956  957  958  959
  960  961  962  963  964  965  967  968  969  970  971  972  973  974
  975  976  977  978  979  980  981  982  984  985  986  987  989  991
  992  994  995  996  997  998  999 1000 1001 1002 1003 1004 1005 1006
 1007 1008 1009 1010 1011 1012 1013 1014 1015 1016 1017 1018 1019 1020
 1021 1022 1023 1024 1025 1026 1027 1029 1031 1032 1034 1036 1037 1039
 1041 1042 1045 1046 1047 1050 1051 1052 1081 1055 1056 1057 1058 1060
 1061 1062 1063 1065 1066 1067 1068 1069 1070 1071 1072 1076 1077 1064]
ids [127 141 153 156 168 186 201 213 216 231 272 276 277 278 279 280 281 282
 283 284 285 286 287 288 289 290 291 292 293 294 295 296 297 298 299 300
 301 302 303 304 305 307 308 309 311 312 314 316 317 319 321 322 323 324
 325 326 327 328 329 330 331 332 333 334 335 336 337 338 339 340 341 342
 343 344 345 346 347 349 350 351 352 354 356 357 359 361 362 364 366 367
 369 370 371 372 373 374 375 376 377 380 382 383 385 386 387 388 389 390
 391 392 394 395 397 401 402 381 406 453 498 545 578 580 583 585 590 623
 625 628 630 633 670 675 814 909 913 914 919 924 928 943]
ids [  7  38  40  43  45  82  84  87  92  94 129 134 274 368 379 384 398 399
 404 668 673 681 693 753 771 783 801 812 816 817 818 819 820 821 822 823
 824 825 826 827 829 830 831 832 833 834 835 836 837 838 839 840 841 842
 843 844 845 847 848 849 851 852 853 854 855 856 857 858 859 861 862 863
 864 865 866 867 868 869 870 871 872 873 874 875 876 877 878 879 880 881
 882 883 884 885 886 887 888 889 890 892 894 896 897 899 901 902 904 906
 907 908 910 911 912 915 916 917 920 921 922 923 925 926 927 929 930 931
 932 934 935 937 939 940 941 942 944 946 948 711]
ids [  6 102 107 108 112 117 118 123 133 183 228 275 310 313 315 320 353 355
 358 360 363 365 400 403 411 438 501 542 546 547 548 549 550 551 552 553
 554 555 556 557 559 560 562 563 564 565 566 567 568 569 570 571 572 573
 574 575 576 577 579 581 582 584 586 587 589 592 593 594 595 596 597 598
 599 600 601 602 603 604 605 606 607 608 609 610 611 612 613 614 615 616
 617 618 619 620 621 622 624 626 627 629 631 632 634 635 636 637 639 640
 641 642 645 646 647 648 650 651 652 653 655 656 657 658 660 661 662 665
 666 667 671 672 676 813 405]
09:29:21-INFO: Step 19
09:29:21-DEBUG: Reaction systems: [[None]
 [0]]
09:29:21-DEBUG: rxn_pairs: [array([1, 2])]
09:29:21-DEBUG: Starting total colors: 5
09:29:21-DEBUG: Number of systems: 2
09:29:21-DEBUG: New total colors: 5
09:29:21-DEBUG: Potential energy for color 0: 4996.148567918712
ebond 1 19 2.783775247380896
09:29:21-DEBUG: Potential energy for color 1: 4998.262599767469
xhy 19 13 1 2
xhy 19 13 1 2
xhy 19 13 1 2
xhy 19 13 1 2
xhy 19 13 1 2
h_pos [ 7.4691827   9.57836984 10.4958667 ] x_pos [ 8.19935322 10.56556139 10.41893166] y_pos [ 6.49026461  8.67373569 10.46817784]
h_pos [ 7.4691827   9.57836984 10.4958667 ] x_pos [ 8.19935322 10.56556139 10.41893166] y_pos [ 6.49026461  8.67373569 10.46817784]
h_pos [ 7.4691827   9.57836984 10.4958667 ] x_pos [ 8.19935322 10.56556139 10.41893166] y_pos [ 6.49026461  8.67373569 10.46817784]
19 rHY 1.3331955004068745 rHX 1.2302906740760458 0.10290482633082876
h_pos [ 7.4691827   9.57836984 10.4958667 ] x_pos [ 8.19935322 10.56556139 10.41893166] y_pos [ 6.49026461  8.67373569 10.46817784]
19 rHY 1.3331955004068745 rHX 1.2302906740760458 0.10290482633082876
19 rHY 1.3331955004068745 rHX 1.2302906740760458 0.10290482633082876
19 rHY 1.3331955004068745 rHX 1.2302906740760458 0.10290482633082876
h_pos [ 7.4691827   9.57836984 10.4958667 ] x_pos [ 8.19935322 10.56556139 10.41893166] y_pos [ 6.49026461  8.67373569 10.46817784]
19 cpl_forces h [14.02435619 15.64243673 -0.44114233]
19 rHY 1.3331955004068745 rHX 1.2302906740760458 0.10290482633082876
19 cpl_forces h [14.02435619 15.64243673 -0.44114233]
19 cpl_forces h [14.02435619 15.64243673 -0.44114233]
19 cpl_forces x [-6.26874079 -8.4753462   0.66051119]
19 cpl_forces x [-6.26874079 -8.4753462   0.66051119]
19 cpl_forces x [-6.26874079 -8.4753462   0.66051119]
19 cpl_forces h [14.02435619 15.64243673 -0.44114233]
19 cpl_forces y [-7.75561539 -7.16709052 -0.21936886]
19 cpl_forces x [-6.26874079 -8.4753462   0.66051119]
19 cpl_forces h [14.02435619 15.64243673 -0.44114233]
19 cpl_forces y [-7.75561539 -7.16709052 -0.21936886]
19 cpl_forces y [-7.75561539 -7.16709052 -0.21936886]
19 cpl_forces y [-7.75561539 -7.16709052 -0.21936886]
19 cpl_forces x [-6.26874079 -8.4753462   0.66051119]
19 cpl_forces y [-7.75561539 -7.16709052 -0.21936886]
09:29:21-DEBUG: System matrix: 
09:29:21-DEBUG: [[4.99614857e+03 3.20758392e+00]
 [3.20758392e+00 4.99826260e+03]]
09:29:21-DEBUG: Eigen values: 
09:29:21-DEBUG: [4993.828325   5000.58284268]
09:29:21-DEBUG: Occupancies: 
09:29:21-DEBUG: [1. 0.]
09:29:21-INFO: coupling 19 3.2075839213124953
09:29:21-DEBUG: Amplitudes: 
09:29:21-DEBUG: [0.65649022 0.34350978]
09:29:21-INFO: forces0 h [ 8.02918046 10.28153677 -0.66719366]
09:29:21-INFO: forces0 x [-0.7750712  -9.2069269   0.58310087]
09:29:21-INFO: forces0 y [ -0.50397603 -10.21103895  -0.0775459 ]
09:29:21-INFO: forces1 h [-1.48289412e+01 -1.50206494e+01 -8.53552705e-03]
09:29:21-INFO: forces1 x [11.84919944  3.90907632 -0.53093449]
09:29:21-INFO: forces1 y [12.28119091  4.81009474  0.29632171]
pos h  [ 7.4691827   9.57836984 10.4958667 ]
pos x  [ 8.19935322 10.56556139 10.41893166]
pos y  [ 6.49026461  8.67373569 10.46817784]
 mixed_cpl_forces: h [-13.31976657 -14.85655406   0.41897915]
 mixed_cpl_forces: x [ 5.95379659  8.04954121 -0.62732682]
 mixed_cpl_forces: y [7.36596998 6.80701285 0.20834767]
09:29:21-INFO: mixed forces h [-13.14257456 -13.26656582  -0.02195899]
09:29:21-INFO: mixed forces x [ 9.51528589  3.34808975 -0.426908  ]
09:29:21-INFO: mixed forces y [11.2538239   1.75588031  0.25922896]
09:29:21-DEBUG: Minimum eigen value: 
09:29:21-DEBUG: 4993.828325002454
09:29:21-DEBUG: Minimum state: 
09:29:21-DEBUG: 0
        19     4993.8283250025     5058.6779687328      464.5358120013     4996.1485679187       64.8496437303      0.42118534
09:29:21-INFO: ebond 0 19 1.3803075480545473
ids [ 122  140  173  178  185  220  223  230  265  268  270  318  407  408
  409  412  413  414  415  416  417  418  419  420  421  422  423  424
  425  426  427  428  429  430  431  432  433  434  435  436  437  439
  440  441  442  444  446  447  449  451  452  454  456  457  458  459
  460  461  462  463  464  465  466  467  468  469  470  471  472  473
  474  475  476  477  478  479  480  481  482  483  484  485  486  487
  488  489  491  492  494  496  497  499  502  505  506  507  508  509
  510  511  512  513  514  515  516  517  520  521  522  523  524  525
  526  527  528  530  531  532  536  537  539  541  558  561  588  591
  803  949 1043 1044 1048 1049 1053 1059 1054 1074 1079]
ids [ 137  142  143  144  145  146  147  148  149  150  151  152  154  155
  157  158  159  160  161  162  163  164  165  166  167  169  170  171
  172  174  175  176  177  179  180  181  182  184  187  188  189  190
  191  192  193  194  195  196  197  198  199  200  202  203  204  205
  206  207  208  209  210  211  212  214  215  217  218  219  221  222
  224  225  226  227  229  232  233  235  236  237  240  241  242  243
  245  246  247  250  251  252  253  254  255  256  257  260  261  262
  266  267  269  271  306  348 1078  393  396  410  443  445  448  450
  455  490  493  495  500  535  538  540  784  789  794  798  804  808
  809  918  933 1073]
ids [  1   2   3   4   9  10  11  12  13  14  15  16  17  18  19  20  21  23
  24  25  26  27  28  29  30  31  32  33  34  35  36  37  39  41  42  44
  46  47  49  50  51  52  53  54  55  56  57  58  59  60  61  62  63  64
  65  67  68  69  70  71  72  73  74  75  76  78  79  81  83  85  86  88
  89  90  91  93  96  97  98  99 100 101 103 104 105 106 109 111 113 114
 115 116 119 120 121 124 126 128 130 131 132 135 136 544 638 643 644 649
 654 659 664 669 674 815 850 860 893 895 898 900 905 938 945 951 966 993]
ids [   8   22   66   77   80   95  110  125  138  263  273  503  504  518
  519  529  534  543  663  678  680  715  718  720  723  725  758  760
  765  768  770  810  903  947  952  953  954  955  956  957  958  959
  960  961  962  963  964  965  967  968  969  970  971  972  973  974
  975  976  977  978  979  980  981  982  984  985  986  987  989  991
  992  994  995  996  997  998  999 1000 1001 1002 1003 1004 1005 1006
 1007 1008 1009 1010 1011 1012 1013 1014 1015 1016 1017 1018 1019 1020
 1021 1022 1023 1024 1025 1026 1027 1029 1031 1032 1034 1036 1037 1039
 1041 1042 1045 1046 1047 1050 1051 1052 1081 1055 1056 1057 1058 1060
 1061 1062 1063 1065 1066 1067 1068 1069 1070 1071 1072 1076 1077 1064]
ids [  6 102 107 108 112 117 118 123 133 183 228 275 310 313 315 320 353 355
 358 360 363 365 400 403 411 438 501 542 546 547 548 549 550 551 552 553
 554 555 556 557 559 560 562 563 564 565 566 567 568 569 570 571 572 573
 574 575 576 577 579 581 582 584 586 587 589 592 593 594 595 596 597 598
 599 600 601 602 603 604 605 606 607 608 609 610 611 612 613 614 615 616
 617 618 619 620 621 622 624 626 627 629 631 632 634 635 636 637 639 640
 641 642 645 646 647 648 650 651 652 653 655 656 657 658 660 661 662 665
 666 667 671 672 676 813 405]
ids [  7  38  40  43  45  82  84  87  92  94 129 134 274 368 379 384 398 399
 404 668 673 681 693 753 771 783 801 812 816 817 818 819 820 821 822 823
 824 825 826 827 829 830 831 832 833 834 835 836 837 838 839 840 841 842
 843 844 845 847 848 849 851 852 853 854 855 856 857 858 859 861 862 863
 864 865 866 867 868 869 870 871 872 873 874 875 876 877 878 879 880 881
 882 883 884 885 886 887 888 889 890 892 894 896 897 899 901 902 904 906
 907 908 910 911 912 915 916 917 920 921 922 923 925 926 927 929 930 931
 932 934 935 937 939 940 941 942 944 946 948 711]
ids [127 141 153 156 168 186 201 213 216 231 272 276 277 278 279 280 281 282
 283 284 285 286 287 288 289 290 291 292 293 294 295 296 297 298 299 300
 301 302 303 304 305 307 308 309 311 312 314 316 317 319 321 322 323 324
 325 326 327 328 329 330 331 332 333 334 335 336 337 338 339 340 341 342
 343 344 345 346 347 349 350 351 352 354 356 357 359 361 362 364 366 367
 369 370 371 372 373 374 375 376 377 380 382 383 385 386 387 388 389 390
 391 392 394 395 397 401 402 381 406 453 498 545 578 580 583 585 590 623
 625 628 630 633 670 675 814 909 913 914 919 924 928 943]
ids [   5   48  139  234  238  239  244  248  249  258  259  264  378  533
  677  679  682  683  684  685  686  687  688  689  690  691  692  694
  695  696  697  698  699  700  701  702  703  704  705  706  707  708
  709  710 1080  712  713  714  716  717  719  721  722  724  726  727
  728  729  730  731  732  733  734  735  736  737  738  739  740  741
  742  743  744  745  746  747  748  749  750  751  752  754  755  756
  757  759  761  762  763  764  766  767  769  772  773  774  775  776
  777  778  779  780  781  782  785  786  787  788  790  791  792  793
  795  796  797  799  800  802  805  806  807  811  828  846  891  936
  950  983  988  990 1028 1030 1033 1035 1038 1040 1075]
09:29:21-INFO: Step 20
09:29:21-DEBUG: Reaction systems: [[None]
 [0]]
09:29:21-DEBUG: rxn_pairs: [array([1, 2])]
09:29:21-DEBUG: Starting total colors: 5
09:29:21-DEBUG: Number of systems: 2
09:29:21-DEBUG: New total colors: 5
09:29:21-DEBUG: Potential energy for color 0: 4990.960642217547
ebond 1 20 2.447439669760046
09:29:21-DEBUG: Potential energy for color 1: 4992.459512256011
xhy 20 13 1 2
xhy 20 13 1 2
xhy 20 13 1 2
xhy 20 13 1 2
xhy 20 13 1 2
h_pos [ 7.43510332  9.58504505 10.48510516] x_pos [ 8.20211007 10.56289676 10.41923804] y_pos [ 6.49385785  8.67190311 10.46843895]
h_pos [ 7.43510332  9.58504505 10.48510516] x_pos [ 8.20211007 10.56289676 10.41923804] y_pos [ 6.49385785  8.67190311 10.46843895]
20 rHY 1.311506384444577 rHX 1.244520710607357 0.06698567383721987
h_pos [ 7.43510332  9.58504505 10.48510516] x_pos [ 8.20211007 10.56289676 10.41923804] y_pos [ 6.49385785  8.67190311 10.46843895]
20 rHY 1.311506384444577 rHX 1.244520710607357 0.06698567383721987
h_pos [ 7.43510332  9.58504505 10.48510516] x_pos [ 8.20211007 10.56289676 10.41923804] y_pos [ 6.49385785  8.67190311 10.46843895]
20 rHY 1.311506384444577 rHX 1.244520710607357 0.06698567383721987
20 rHY 1.311506384444577 rHX 1.244520710607357 0.06698567383721987
h_pos [ 7.43510332  9.58504505 10.48510516] x_pos [ 8.20211007 10.56289676 10.41923804] y_pos [ 6.49385785  8.67190311 10.46843895]
20 cpl_forces h [10.1126664  11.23454559 -0.30488343]
20 cpl_forces h [10.1126664  11.23454559 -0.30488343]
20 rHY 1.311506384444577 rHX 1.244520710607357 0.06698567383721987
20 cpl_forces h [10.1126664  11.23454559 -0.30488343]
20 cpl_forces x [-4.67208008 -5.95640321  0.40121743]
20 cpl_forces h [10.1126664  11.23454559 -0.30488343]
20 cpl_forces x [-4.67208008 -5.95640321  0.40121743]
20 cpl_forces x [-4.67208008 -5.95640321  0.40121743]
20 cpl_forces h [10.1126664  11.23454559 -0.30488343]
20 cpl_forces y [-5.44058632 -5.27814238 -0.096334  ]
20 cpl_forces x [-4.67208008 -5.95640321  0.40121743]
20 cpl_forces y [-5.44058632 -5.27814238 -0.096334  ]
20 cpl_forces y [-5.44058632 -5.27814238 -0.096334  ]
20 cpl_forces x [-4.67208008 -5.95640321  0.40121743]
20 cpl_forces y [-5.44058632 -5.27814238 -0.096334  ]
20 cpl_forces y [-5.44058632 -5.27814238 -0.096334  ]
09:29:21-DEBUG: System matrix: 
09:29:21-DEBUG: [[4.99096064e+03 3.53656227e+00]
 [3.53656227e+00 4.99245951e+03]]
09:29:21-DEBUG: Eigen values: 
09:29:21-DEBUG: [4988.09498034 4995.32517413]
09:29:21-DEBUG: Occupancies: 
09:29:21-DEBUG: [1. 0.]
09:29:21-INFO: coupling 20 3.5365622722431063
09:29:21-DEBUG: Amplitudes: 
09:29:21-DEBUG: [0.60365352 0.39634648]
09:29:21-INFO: forces0 h [ 8.9708331  10.9422354  -0.60275538]
09:29:21-INFO: forces0 x [-1.57830954 -9.53272533  0.51072199]
09:29:21-INFO: forces0 y [ -0.78963263 -10.41168697  -0.06442305]
09:29:21-INFO: forces1 h [-13.5218422  -13.95716659   0.045266  ]
09:29:21-INFO: forces1 x [11.31262699  3.25743232 -0.44115782]
09:29:21-INFO: forces1 y [11.29573828  4.48884322  0.1572811 ]
pos h  [ 7.43510332  9.58504505 10.48510516]
pos x  [ 8.20211007 10.56289676 10.41923804]
pos y  [ 6.49385785  8.67190311 10.46843895]
 mixed_cpl_forces: h [ -9.89297812 -10.99048552   0.29826012]
 mixed_cpl_forces: x [ 4.57058348  5.82700588 -0.39250135]
 mixed_cpl_forces: y [5.32239464 5.16347964 0.09424123]
09:29:21-INFO: mixed forces h [-9.83703775 -9.91704051 -0.04765426]
09:29:21-INFO: mixed forces x [ 8.10155128  1.36361454 -0.25905358]
09:29:21-INFO: mixed forces y [9.32275626 0.6575654  0.11768984]
09:29:21-DEBUG: Minimum eigen value: 
09:29:21-DEBUG: 4988.09498034271
09:29:21-DEBUG: Minimum state: 
09:29:21-DEBUG: 0
        20     4988.0949803427     5058.7007382371      505.7684389422     4990.9606422175       70.6057578944      0.41360215
09:29:21-INFO: ebond 0 20 1.5453513912339654
ids [  1   2   3   4   9  10  11  12  13  14  15  16  17  18  19  20  21  23
  24  25  26  27  28  29  30  31  32  33  34  35  36  37  39  41  42  44
  46  47  49  50  51  52  53  54  55  56  57  58  59  60  61  62  63  64
  65  67  68  69  70  71  72  73  74  75  76  78  79  81  83  85  86  88
  89  90  91  93  96  97  98  99 100 101 103 104 105 106 109 111 113 114
 115 116 119 120 121 124 126 128 130 131 132 135 136 544 638 643 644 649
 654 659 664 669 674 815 850 860 893 895 898 900 905 938 945 951 966 993]
ids [   5   48  139  234  238  239  244  248  249  258  259  264  378  533
  677  679  682  683  684  685  686  687  688  689  690  691  692  694
  695  696  697  698  699  700  701  702  703  704  705  706  707  708
  709  710 1080  712  713  714  716  717  719  721  722  724  726  727
  728  729  730  731  732  733  734  735  736  737  738  739  740  741
  742  743  744  745  746  747  748  749  750  751  752  754  755  756
  757  759  761  762  763  764  766  767  769  772  773  774  775  776
  777  778  779  780  781  782  785  786  787  788  790  791  792  793
  795  796  797  799  800  802  805  806  807  811  828  846  891  936
  950  983  988  990 1028 1030 1033 1035 1038 1040 1075]
ids [   8   22   66   77   80   95  110  125  138  263  273  503  504  518
  519  529  534  543  663  678  680  715  718  720  723  725  758  760
  765  768  770  810  903  947  952  953  954  955  956  957  958  959
  960  961  962  963  964  965  967  968  969  970  971  972  973  974
  975  976  977  978  979  980  981  982  984  985  986  987  989  991
  992  994  995  996  997  998  999 1000 1001 1002 1003 1004 1005 1006
 1007 1008 1009 1010 1011 1012 1013 1014 1015 1016 1017 1018 1019 1020
 1021 1022 1023 1024 1025 1026 1027 1029 1031 1032 1034 1036 1037 1039
 1041 1042 1045 1046 1047 1050 1051 1052 1081 1055 1056 1057 1058 1060
 1061 1062 1063 1065 1066 1067 1068 1069 1070 1071 1072 1076 1077 1064]
ids [ 137  142  143  144  145  146  147  148  149  150  151  152  154  155
  157  158  159  160  161  162  163  164  165  166  167  169  170  171
  172  174  175  176  177  179  180  181  182  184  187  188  189  190
  191  192  193  194  195  196  197  198  199  200  202  203  204  205
  206  207  208  209  210  211  212  214  215  217  218  219  221  222
  224  225  226  227  229  232  233  235  236  237  240  241  242  243
  245 1073  247  250  251  252  253  254  255  256  257  260  261  262
  266  267  269  271  306  348 1078  393  396  410  443  445  448  450
  455  490  493  495  500  535  538  540  784  789  794  798  804  808
  809  918  933]
ids [ 122  140  173  178  185  220  223  230  265  268  270  318  407  408
  409  412  413  414  415  416  417  418  419  420  421  422  423  424
  425  426  427  428  429  430  431  432  433  434  435  436  437  439
  440  441  442  444  446  447  449  451  452  454  456  457  458  459
  460  461  462  463  464  465  466  467  468  469  470  471  472  473
  474  475  476  477  478  479  480  481  482  483  484  485  486  487
  488  489  491  492  494  496  497  499  502  505  506  507  508  509
  510  511  512  513  514  515  516  517  520  521  522  523  524  525
  526  527  528  530  531  532  536  537  539  541  558 1079  588  591
  803  949 1043 1044 1048 1049 1053 1059 1054 1074]
ids [  7  38  40  43  45  82  84  87  92  94 129 134 274 368 379 384 398 399
 404 668 673 681 693 753 771 783 801 812 816 817 818 819 820 821 822 823
 824 825 826 827 829 830 831 832 833 834 835 836 837 838 839 840 841 842
 843 844 845 847 848 849 851 852 853 854 855 856 857 858 859 861 862 863
 864 865 866 867 868 869 870 871 872 873 874 875 876 877 878 879 880 881
 882 883 884 885 886 887 888 889 890 892 894 896 897 899 901 902 904 906
 907 908 910 911 912 915 916 917 920 921 922 923 925 926 927 929 930 931
 932 934 935 937 939 940 941 942 944 946 948 711]
ids [  6 102 107 108 112 117 118 123 133 183 228 275 310 313 315 320 353 355
 358 360 363 365 400 403 411 438 501 542 546 547 548 549 550 551 552 553
 554 555 556 557 559 560 562 563 564 565 566 567 568 569 570 571 572 573
 574 575 576 577 579 581 582 584 586 587 589 592 593 594 595 596 597 598
 599 600 601 602 603 604 605 606 607 608 609 610 611 612 613 614 615 616
 617 618 619 620 621 622 624 626 627 629 631 632 634 635 636 637 639 640
 641 642 645 646 647 648 650 651 652 653 655 656 657 658 660 661 662 665
 666 667 671 672 676 813 405 561]
ids [127 141 153 156 168 186 201 213 216 231 272 276 277 278 279 280 281 282
 283 284 285 286 287 288 289 290 291 292 293 294 295 296 297 298 299 300
 301 302 303 304 305 307 308 309 311 312 314 316 317 319 321 322 323 324
 325 326 327 328 329 330 331 332 333 334 335 336 337 338 339 340 341 342
 343 344 345 346 347 349 350 351 352 354 356 357 359 361 362 364 366 367
 369 370 371 372 373 374 375 376 377 380 382 383 385 386 387 388 389 390
 391 392 394 395 397 401 402 381 406 453 498 545 578 580 583 585 590 623
 625 628 630 633 670 675 814 909 913 914 919 924 928 943 246]
09:29:21-INFO: Step 21
09:29:21-DEBUG: Reaction systems: [[None]
 [0]]
09:29:21-DEBUG: rxn_pairs: [array([1, 2])]
09:29:21-DEBUG: Starting total colors: 5
09:29:21-DEBUG: Number of systems: 2
09:29:21-DEBUG: New total colors: 5
09:29:21-DEBUG: Potential energy for color 0: 4985.885375962546
ebond 1 21 2.0587959445052157
09:29:21-DEBUG: Potential energy for color 1: 4986.57129735124
xhy 21 13 1 2
xhy 21 13 1 2
xhy 21 13 1 2
xhy 21 13 1 2
xhy 21 13 1 2
h_pos [ 7.39681336  9.58741703 10.47434263] x_pos [ 8.20506975 10.56028504 10.41953526] y_pos [ 6.49769588  8.67009722 10.46870477]
h_pos [ 7.39681336  9.58741703 10.47434263] x_pos [ 8.20506975 10.56028504 10.41953526] y_pos [ 6.49769588  8.67009722 10.46870477]
h_pos [ 7.39681336  9.58741703 10.47434263] x_pos [ 8.20506975 10.56028504 10.41953526] y_pos [ 6.49769588  8.67009722 10.46870477]
21 rHY 1.2844919913799042 rHX 1.2659993685592477 0.018492622820656557
h_pos [ 7.39681336  9.58741703 10.47434263] x_pos [ 8.20506975 10.56028504 10.41953526] y_pos [ 6.49769588  8.67009722 10.46870477]
h_pos [ 7.39681336  9.58741703 10.47434263] x_pos [ 8.20506975 10.56028504 10.41953526] y_pos [ 6.49769588  8.67009722 10.46870477]
21 rHY 1.2844919913799042 rHX 1.2659993685592477 0.018492622820656557
21 rHY 1.2844919913799042 rHX 1.2659993685592477 0.018492622820656557
21 rHY 1.2844919913799042 rHX 1.2659993685592477 0.018492622820656557
21 rHY 1.2844919913799042 rHX 1.2659993685592477 0.018492622820656557
21 cpl_forces h [ 2.9931117   3.31557906 -0.08699848]
21 cpl_forces h [ 2.9931117   3.31557906 -0.08699848]
21 cpl_forces x [-1.42773823 -1.71851513  0.09681406]
21 cpl_forces h [ 2.9931117   3.31557906 -0.08699848]
21 cpl_forces h [ 2.9931117   3.31557906 -0.08699848]
21 cpl_forces h [ 2.9931117   3.31557906 -0.08699848]
21 cpl_forces x [-1.42773823 -1.71851513  0.09681406]
21 cpl_forces y [-1.56537347 -1.59706393 -0.00981558]
21 cpl_forces x [-1.42773823 -1.71851513  0.09681406]
21 cpl_forces x [-1.42773823 -1.71851513  0.09681406]
21 cpl_forces x [-1.42773823 -1.71851513  0.09681406]
21 cpl_forces y [-1.56537347 -1.59706393 -0.00981558]
21 cpl_forces y [-1.56537347 -1.59706393 -0.00981558]
21 cpl_forces y [-1.56537347 -1.59706393 -0.00981558]
21 cpl_forces y [-1.56537347 -1.59706393 -0.00981558]
09:29:21-DEBUG: System matrix: 
09:29:21-DEBUG: [[4.98588538e+03 3.77906566e+00]
 [3.77906566e+00 4.98657130e+03]]
09:29:21-DEBUG: Eigen values: 
09:29:21-DEBUG: [4982.43374059 4990.02293273]
09:29:21-DEBUG: Occupancies: 
09:29:21-DEBUG: [1. 0.]
09:29:21-INFO: coupling 21 3.7790656637956106
09:29:21-DEBUG: Amplitudes: 
09:29:21-DEBUG: [0.54519067 0.45480933]
09:29:21-INFO: forces0 h [10.31687001 12.0372634  -0.54635725]
09:29:21-INFO: forces0 x [ -2.62416068 -10.08462118   0.43965809]
09:29:21-INFO: forces0 y [ -1.2452911  -10.81920931  -0.04465699]
09:29:21-INFO: forces1 h [-11.91634587 -12.57677013   0.09401774]
09:29:21-INFO: forces1 x [10.61933355  2.49807494 -0.35806729]
09:29:21-INFO: forces1 y [10.15622553  3.96011938  0.02974434]
pos h  [ 7.39681336  9.58741703 10.47434263]
pos x  [ 8.20506975 10.56028504 10.41953526]
pos y  [ 6.49769588  8.67009722 10.46870477]
 mixed_cpl_forces: h [-2.98086159 -3.30200916  0.08664241]
 mixed_cpl_forces: x [ 1.42189483  1.71148164 -0.09641782]
 mixed_cpl_forces: y [1.55896676 1.59052752 0.00977541]
09:29:21-INFO: mixed forces h [-2.77586555 -2.45943781 -0.16846632]
09:29:21-INFO: mixed forces x [ 4.82099886 -2.65041197 -0.01957267]
09:29:21-INFO: mixed forces y [ 5.49919177e+00 -2.50690524e+00 -1.04316725e-03]
09:29:21-DEBUG: Minimum eigen value: 
09:29:21-DEBUG: 4982.433740587593
09:29:21-DEBUG: Minimum state: 
09:29:21-DEBUG: 0
        21     4982.4337405876     5058.7935915521      546.9865882315     4985.8853759625       76.3598509645      0.42498372
09:29:21-INFO: ebond 0 21 1.8121132788147811
ids [  1   2   3   4   9  10  11  12  13  14  15  16  17  18  19  20  21  23
  24  25  26  27  28  29  30  31  32  33  34  35  36  37  39  41  42  44
  46  47  49  50  51  52  53  54  55  56  57  58  59  60  61  62  63  64
  65  67  68  69  70  71  72  73  74  75  76  78  79  81  83  85  86  88
  89  90  91  93  96  97  98  99 100 101 103 104 105 106 109 111 113 114
 115 116 119 120 121 124 126 128 130 131 132 135 136 544 638 643 644 649
 654 659 664 669 674 815 850 860 893 895 898 900 905 938 945 951 966 993]
ids [ 122  140  173  178  185  220  223  230  265  268  270  318  407  408
  409  412  413  414  415  416  417  418  419  420  421  422  423  424
  425  426  427  428  429  430  431  432  433  434  435  436  437  439
  440  441  442  444  446  447  449  451  452  454  456  457  458  459
  460  461  462  463  464  465  466  467  468  469  470  471  472  473
  474  475  476  477  478  479  480  481  482  483  484  485  486  487
  488  489  491  492  494  496  497  499  502  505  506  507  508  509
  510  511  512  513  514  515  516  517  520  521  522  523  524  525
  526  527  528  530  531  532  536  537  539  541  558 1079  588  591
  803  949 1043 1044 1048 1049 1053 1059 1054 1074]
ids [   5   48  139  234  238  239  244  248  249  258  259  264  378  533
  677  679  682  683  684  685  686  687  688  689  690  691  692  694
  695  696  697  698  699  700  701  702  703  704  705  706  707  708
  709  710 1080  712  713  714  716  717  719  721  722  724  726  727
  728  729  730  731  732  733  734  735  736  737  738  739  740  741
  742  743  744  745  746  747  748  749  750  751  752  754  755  756
  757  759  761  762  763  764  766  767  769  772  773  774  775  776
  777  778  779  780  781  782  785  786  787  788  790  791  792  793
  795  796  797  799  800  802  805  806  807  811  828  846  891  936
  950  983  988  990 1028 1030 1033 1035 1038 1040 1075]
ids [   8   22   66   77   80   95  110  125  138  263  273  503  504  518
  519  529  534  543  663  678  680  715  718  720  723  725  758  760
  765  768  770  810  903  947  952  953  954  955  956  957  958  959
  960  961  962  963  964  965  967  968  969  970  971  972  973  974
  975  976  977  978  979  980  981  982  984  985  986  987  989  991
  992  994  995  996  997  998  999 1000 1001 1002 1003 1004 1005 1006
 1007 1008 1009 1010 1011 1012 1013 1014 1015 1016 1017 1018 1019 1020
 1021 1022 1023 1024 1025 1026 1027 1029 1031 1032 1034 1036 1037 1039
 1041 1042 1045 1046 1047 1050 1051 1052 1081 1055 1056 1057 1058 1060
 1061 1062 1063 1065 1066 1067 1068 1069 1070 1071 1072 1076 1077 1064]
ids [ 137  142  143  144  145  146  147  148  149  150  151  152  154  155
  157  158  159  160  161  162  163  164  165  166  167  169  170  171
  172  174  175  176  177  179  180  181  182  184  187  188  189  190
  191  192  193  194  195  196  197  198  199  200  202  203  204  205
  206  207  208  209  210  211  212  214  215  217  218  219  221  222
  224  225  226  227  229  232  233  235  236  237  240  241  242  243
  245 1073  247  250  251  252  253  254  255  256  257  260  261  262
  266  267  269  271  306  348 1078  393  396  410  443  445  448  450
  455  490  493  495  500  535  538  540  784  789  794  798  804  808
  809  918  933]
ids [  7  38  40  43  45  82  84  87  92  94 129 134 274 368 379 384 398 399
 404 668 673 681 693 753 771 783 801 812 816 817 818 819 820 821 822 823
 824 825 826 827 829 830 831 832 833 834 835 836 837 838 839 840 841 842
 843 844 845 847 848 849 851 852 853 854 855 856 857 858 859 861 862 863
 864 865 866 867 868 869 870 871 872 873 874 875 876 877 878 879 880 881
 882 883 884 885 886 887 888 889 890 892 894 896 897 899 901 902 904 906
 907 908 910 911 912 915 916 917 920 921 922 923 925 926 927 929 930 931
 932 934 935 937 939 940 941 942 944 946 948 711]
ids [  6 102 107 108 112 117 118 123 133 183 228 275 310 313 315 320 353 355
 358 360 363 365 400 403 411 438 501 542 546 547 548 549 550 551 552 553
 554 555 556 557 559 560 562 563 564 565 566 567 568 569 570 571 572 573
 574 575 576 577 579 581 582 584 586 587 589 592 593 594 595 596 597 598
 599 600 601 602 603 604 605 606 607 608 609 610 611 612 613 614 615 616
 617 618 619 620 621 622 624 626 627 629 631 632 634 635 636 637 639 640
 641 642 645 646 647 648 650 651 652 653 655 656 657 658 660 661 662 665
 666 667 671 672 676 813 405 561]
ids [127 141 153 156 168 186 201 213 216 231 272 276 277 278 279 280 281 282
 283 284 285 286 287 288 289 290 291 292 293 294 295 296 297 298 299 300
 301 302 303 304 305 307 308 309 311 312 314 316 317 319 321 322 323 324
 325 326 327 328 329 330 331 332 333 334 335 336 337 338 339 340 341 342
 343 344 345 346 347 349 350 351 352 354 356 357 359 361 362 364 366 367
 369 370 371 372 373 374 375 376 377 380 382 383 385 386 387 388 389 390
 391 392 394 395 397 401 402 381 406 453 498 545 578 580 583 585 590 623
 625 628 630 633 670 675 814 909 913 914 919 924 928 943 246]
09:29:21-INFO: Step 22
09:29:21-DEBUG: Reaction systems: [[None]
 [0]]
09:29:21-DEBUG: rxn_pairs: [array([1, 2])]
09:29:21-DEBUG: Starting total colors: 5
09:29:21-DEBUG: Number of systems: 2
09:29:21-DEBUG: New total colors: 5
09:29:21-DEBUG: Potential energy for color 0: 4980.934844320604
ebond 1 22 1.67628477219678
09:29:21-DEBUG: Potential energy for color 1: 4980.708458309705
xhy 22 13 1 2
xhy 22 13 1 2
xhy 22 13 1 2
xhy 22 13 1 2
xhy 22 13 1 2
h_pos [ 7.35637076  9.58763358 10.46354959] x_pos [ 8.20817272 10.55765113 10.41982827] y_pos [ 6.50170721  8.6682641  10.46897223]
22 rHY 1.2552766272770082 rHX 1.2916703105023637 0.03639368322535552
h_pos [ 7.35637076  9.58763358 10.46354959] x_pos [ 8.20817272 10.55765113 10.41982827] y_pos [ 6.50170721  8.6682641  10.46897223]
h_pos [ 7.35637076  9.58763358 10.46354959] x_pos [ 8.20817272 10.55765113 10.41982827] y_pos [ 6.50170721  8.6682641  10.46897223]
22 rHY 1.2552766272770082 rHX 1.2916703105023637 0.03639368322535552
22 rHY 1.2552766272770082 rHX 1.2916703105023637 0.03639368322535552
h_pos [ 7.35637076  9.58763358 10.46354959] x_pos [ 8.20817272 10.55765113 10.41982827] y_pos [ 6.50170721  8.6682641  10.46897223]
22 cpl_forces h [-5.80683999 -6.42667715  0.16536319]
22 cpl_forces h [-5.80683999 -6.42667715  0.16536319]
22 rHY 1.2552766272770082 rHX 1.2916703105023637 0.03639368322535552
h_pos [ 7.35637076  9.58763358 10.46354959] x_pos [ 8.20817272 10.55765113 10.41982827] y_pos [ 6.50170721  8.6682641  10.46897223]
22 cpl_forces h [-5.80683999 -6.42667715  0.16536319]
22 cpl_forces x [ 2.85706497  3.25357688 -0.14664753]
22 rHY 1.2552766272770082 rHX 1.2916703105023637 0.03639368322535552
22 cpl_forces x [ 2.85706497  3.25357688 -0.14664753]
22 cpl_forces x [ 2.85706497  3.25357688 -0.14664753]
22 cpl_forces y [ 2.94977502  3.17310027 -0.01871566]
22 cpl_forces y [ 2.94977502  3.17310027 -0.01871566]
22 cpl_forces h [-5.80683999 -6.42667715  0.16536319]
22 cpl_forces y [ 2.94977502  3.17310027 -0.01871566]
22 cpl_forces h [-5.80683999 -6.42667715  0.16536319]
22 cpl_forces x [ 2.85706497  3.25357688 -0.14664753]
22 cpl_forces x [ 2.85706497  3.25357688 -0.14664753]
22 cpl_forces y [ 2.94977502  3.17310027 -0.01871566]
22 cpl_forces y [ 2.94977502  3.17310027 -0.01871566]
09:29:21-DEBUG: System matrix: 
09:29:21-DEBUG: [[4.98093484e+03 3.72012188e+00]
 [3.72012188e+00 4.98070846e+03]]
09:29:21-DEBUG: Eigen values: 
09:29:21-DEBUG: [4984.54349487 4977.09980776]
09:29:21-DEBUG: Occupancies: 
09:29:21-DEBUG: [0. 1.]
09:29:21-INFO: coupling 22 3.7201218789575345
09:29:21-DEBUG: Amplitudes: 
09:29:21-DEBUG: [0.48479342 0.51520658]
09:29:21-INFO: forces0 h [12.01335281 13.50837493 -0.4946229 ]
09:29:21-INFO: forces0 x [ -3.83167045 -10.74369975   0.35856841]
09:29:21-INFO: forces0 y [-1.89604417e+00 -1.14925039e+01 -1.02787343e-02]
09:29:21-INFO: forces1 h [-10.2715915  -11.16453457   0.14656257]
09:29:21-INFO: forces1 x [ 9.92055722  1.82194869 -0.29524104]
09:29:21-INFO: forces1 y [ 8.973789    3.31892072 -0.08150567]
pos h  [ 7.35637076  9.58763358 10.46354959]
pos x  [ 8.20817272 10.55765113 10.41982827]
pos y  [ 6.50170721  8.6682641  10.46897223]
 mixed_cpl_forces: h [ 5.80415382  6.42370425 -0.16528669]
 mixed_cpl_forces: x [-2.85574333 -3.25207182  0.14657969]
 mixed_cpl_forces: y [-2.9484105  -3.17163243  0.018707  ]
09:29:21-INFO: mixed forces h [ 6.33615674  7.22043392 -0.32956662]
09:29:21-INFO: mixed forces x [ 0.39782438 -7.52186684  0.16830118]
09:29:21-INFO: mixed forces y [ 0.75575488 -7.03319293 -0.02826832]
09:29:21-DEBUG: Minimum eigen value: 
09:29:21-DEBUG: 4977.099807759767
09:29:21-DEBUG: Minimum state: 
09:29:21-DEBUG: 1
        22     4977.0998077598     5058.9443620783      586.2750249845     4980.9348443206       81.8445543185      0.41519198
09:29:21-INFO: ebond 0 22 2.1587910391446004
09:29:21-DEBUG: min system: (array([1, 2]),)
YES
YES
YES
YES
YES
YES
YES
YES
post react forces
post react forces
post react forces
post react forces
post react forces
post react forces
post react forces
post react forces
09:29:21-INFO: forces0 h [-10.2715915  -11.16453457   0.14656257]
YES
YES
YES
YES
09:29:21-INFO: forces0 x [ 9.92055722  1.82194869 -0.29524104]
09:29:21-INFO: forces0 y [ 8.973789    3.31892072 -0.08150567]
YES
YES
YES
YES
reaction occured at step 22 between IDs 1 and 2
ids [   5   48  139  234  238  239  244  248  249  258  259  264  378  533
  677  679  682  683  684  685  686  687  688  689  690  691  692  694
  695  696  697  698  699  700  701  702  703  704  705  706  707  708
  709  710 1080  712  713  714  716  717  719  721  722  724  726  727
  728  729  730  731  732  733  734  735  736  737  738  739  740  741
  742  743  744  745  746  747  748  749  750  751  752  754  755  756
  757  759  761  762  763  764  766  767  769  772  773  774  775  776
  777  778  779  780  781  782  785  786  787  788  790  791  792  793
  795  796  797  799  800  802  805  806  807  811  828  846  891  936
  950  983  988  990 1028 1030 1033 1035 1038 1040 1075  771]
ids [ 137  142  143  144  145  146  147  148  149  150  151  152  154  155
  157  158  159  160  161  162  163  164  165  166  167  169  170  171
  172  174  175  176  177  179  180  181  182  184  187  188  189  190
  191  192  193  194  195  196  197  198  199  200  202  203  204  205
  206  207  208  209  210  211  212  214  215  217  218  219  221  222
  224  225  226  227  229  232  233  235  236  237  240  241  242  243
  245 1073  247  250  251  252  253  254  255  256  257  260  261  262
  266  267  269  271  306  348 1078  393  396  410  443  445  448  450
  455  490  493  495  500  535  538  540  784  789  794  798  804  808
  809  918  933]
ids [ 122  140  173  178  185  220  223  230  265  268  270  318  407  408
  409  412  413  414  415  416  417  418  419  420  421  422  423  424
  425  426  427  428  429  430  431  432  433  434  435  436  437  439
  440  441  442  444  446  447  449  451  452  454  456  457  458  459
  460  461  462  463  464  465  466  467  468  469  470  471  472  473
  474  475  476  477  478  479  480  481  482  483  484  485  486  487
  488  489  491  492  494  496  497  499  502  505  506  507  508  509
  510  511  512  513  514  515  516  517  520  521  522  523  524  525
  526  527  528  530  531  532  536  537  539  541  558 1079  588  591
  803  949 1043 1044 1048 1049 1053 1059 1054 1074]
ids [   8   22   66   77   80   95  110  125  138  263  273  503  504  518
  519  529  534  543  663  678  680  715  718  720  723  725  758  760
  765  768  770  810  903  947  952  953  954  955  956  957  958  959
  960  961  962  963  964  965  967  968  969  970  971  972  973  974
  975  976  977  978  979  980  981  982  984  985  986  987  989  991
  992  994  995  996  997  998  999 1000 1001 1002 1003 1004 1005 1006
 1007 1008 1009 1010 1011 1012 1013 1014 1015 1016 1017 1018 1019 1020
 1021 1022 1023 1024 1025 1026 1027 1029 1031 1032 1034 1036 1037 1039
 1041 1042 1045 1046 1047 1050 1051 1052 1081 1055 1056 1057 1058 1060
 1061 1062 1063 1065 1066 1067 1068 1069 1070 1071 1072 1076 1077 1064]
ids [  1   2   3   4   9  10  11  12  13  14  15  16  17  18  19  20  21  23
  24  25  26  27  28  29  30  31  32  33  34  35  36  37  39  41  42  44
  46  47  49  50  51  52  53  54  55  56  57  58  59  60  61  62  63  64
  65  67  68  69  70  71  72  73  74  75  76  78  79  81  83  85  86  88
  89  90  91  93  96  97  98  99 100 101 103 104 105 106 109 111 113 114
 115 116 119 120 121 124 126 128 130 131 132 135 136 544 638 643 644 649
 654 659 664 669 674 815 850 860 893 895 898 900 905 938 945 951 966 993]
ids [  7  38  40  43  45  82  84  87  92  94 129 134 274 368 379 384 398 399
 404 668 673 681 693 753 711 783 801 812 816 817 818 819 820 821 822 823
 824 825 826 827 829 830 831 832 833 834 835 836 837 838 839 840 841 842
 843 844 845 847 848 849 851 852 853 854 855 856 857 858 859 861 862 863
 864 865 866 867 868 869 870 871 872 873 874 875 876 877 878 879 880 881
 882 883 884 885 886 887 888 889 890 892 894 896 897 899 901 902 904 906
 907 908 910 911 912 915 916 917 920 921 922 923 925 926 927 948 930 931
 932 934 935 937 939 940 941 942 944 946]
ids [  6 102 107 108 112 117 118 123 133 183 228 275 310 313 315 320 353 355
 358 360 363 365 400 403 411 438 501 542 546 547 548 549 550 551 552 553
 554 555 556 557 559 560 562 563 564 565 566 567 568 569 570 571 572 573
 574 575 576 577 579 581 582 584 586 587 589 592 593 594 595 596 597 598
 599 600 601 602 603 604 605 606 607 608 609 610 611 612 613 614 615 616
 617 618 619 620 621 622 624 626 627 629 631 632 634 635 636 637 639 640
 641 642 645 646 647 648 650 651 652 653 655 656 657 658 660 661 662 665
 666 667 671 672 676 813 405 561]
ids [127 141 153 156 168 186 201 213 216 231 272 276 277 278 279 280 281 282
 283 284 285 286 287 288 289 290 291 292 293 294 295 296 297 298 299 300
 301 302 303 304 305 307 308 309 311 312 314 316 317 319 321 322 323 324
 325 326 327 328 329 330 331 332 333 334 335 336 337 338 339 340 341 342
 343 344 345 346 347 349 350 351 352 354 356 357 359 361 362 364 366 367
 369 370 371 372 373 374 375 376 377 380 382 383 385 386 387 388 389 390
 391 392 394 395 397 401 402 381 406 453 498 545 578 580 583 585 590 623
 625 628 630 633 670 675 814 909 913 914 919 924 928 943 246 929]
09:29:21-INFO: Step 23
09:29:21-DEBUG: Reaction systems: [[None]
 [0]]
09:29:21-DEBUG: rxn_pairs: [array([ 1, 13])]
09:29:21-DEBUG: Starting total colors: 5
09:29:21-DEBUG: Number of systems: 2
09:29:21-DEBUG: New total colors: 5
09:29:21-DEBUG: Potential energy for color 0: 4974.976594922889
ebond 1 23 2.5269028530230098
09:29:21-DEBUG: Potential energy for color 1: 4976.069772778732
xhy 23 2 1 13
xhy 23 2 1 13
xhy 23 2 1 13
xhy 23 2 1 13
xhy 23 2 1 13
h_pos [ 7.31693251  9.58904083 10.45267127] x_pos [ 6.50578615  8.66630777 10.46923976] y_pos [ 8.21132407 10.55488656 10.42012209]
h_pos [ 7.31693251  9.58904083 10.45267127] x_pos [ 6.50578615  8.66630777 10.46923976] y_pos [ 8.21132407 10.55488656 10.42012209]
23 rHY 1.3167587813639432 rHX 1.228685972028336 0.08807280933560713
h_pos [ 7.31693251  9.58904083 10.45267127] x_pos [ 6.50578615  8.66630777 10.46923976] y_pos [ 8.21132407 10.55488656 10.42012209]
h_pos [ 7.31693251  9.58904083 10.45267127] x_pos [ 6.50578615  8.66630777 10.46923976] y_pos [ 8.21132407 10.55488656 10.42012209]
23 rHY 1.3167587813639432 rHX 1.228685972028336 0.08807280933560713
23 rHY 1.3167587813639432 rHX 1.228685972028336 0.08807280933560713
23 rHY 1.3167587813639432 rHX 1.228685972028336 0.08807280933560713
23 cpl_forces h [-12.66970622 -14.04207086   0.36137679]
23 cpl_forces h [-12.66970622 -14.04207086   0.36137679]
23 cpl_forces x [ 6.24469144  7.10375282 -0.12755416]
23 cpl_forces h [-12.66970622 -14.04207086   0.36137679]
h_pos [ 7.31693251  9.58904083 10.45267127] x_pos [ 6.50578615  8.66630777 10.46923976] y_pos [ 8.21132407 10.55488656 10.42012209]
23 cpl_forces h [-12.66970622 -14.04207086   0.36137679]
23 rHY 1.3167587813639432 rHX 1.228685972028336 0.08807280933560713
23 cpl_forces y [ 6.42501478  6.93831804 -0.23382264]
23 cpl_forces x [ 6.24469144  7.10375282 -0.12755416]
23 cpl_forces x [ 6.24469144  7.10375282 -0.12755416]
23 cpl_forces x [ 6.24469144  7.10375282 -0.12755416]
23 cpl_forces y [ 6.42501478  6.93831804 -0.23382264]
23 cpl_forces y [ 6.42501478  6.93831804 -0.23382264]
23 cpl_forces y [ 6.42501478  6.93831804 -0.23382264]
23 cpl_forces h [-12.66970622 -14.04207086   0.36137679]
23 cpl_forces x [ 6.24469144  7.10375282 -0.12755416]
23 cpl_forces y [ 6.42501478  6.93831804 -0.23382264]
09:29:21-DEBUG: System matrix: 
09:29:21-DEBUG: [[4.97497659e+03 3.35630047e+00]
 [3.35630047e+00 4.97606977e+03]]
09:29:21-DEBUG: Eigen values: 
09:29:21-DEBUG: [4972.12266737 4978.92370033]
09:29:21-DEBUG: Occupancies: 
09:29:21-DEBUG: [1. 0.]
09:29:21-INFO: coupling 23 3.3563004736304496
09:29:21-DEBUG: Amplitudes: 
09:29:21-DEBUG: [0.58036852 0.41963148]
09:29:21-INFO: forces0 h [-8.8476108  -9.98164363  0.20371727]
09:29:21-INFO: forces0 x [ 7.90451979  2.72737767 -0.17600619]
09:29:21-INFO: forces0 y [ 9.32522484  1.32985217 -0.25385313]
09:29:21-INFO: forces1 h [13.83947296 15.14503231 -0.44832311]
09:29:21-INFO: forces1 x [ -2.66499656 -12.38584188   0.04773616]
09:29:21-INFO: forces1 y [ -5.05396926 -11.34183343   0.25923541]
pos h  [ 7.31693251  9.58904083 10.45267127]
pos x  [ 6.50578615  8.66630777 10.46923976]
pos y  [ 8.21132407 10.55488656 10.42012209]
 mixed_cpl_forces: h [12.50496542 13.85948557 -0.35667791]
 mixed_cpl_forces: x [-6.16349338 -7.01138462  0.1258956 ]
 mixed_cpl_forces: y [-6.34147203 -6.84810095  0.2307823 ]
09:29:21-INFO: mixed forces h [13.17756924 14.42178625 -0.42657731]
09:29:21-INFO: mixed forces x [ -2.69427542 -10.62598969   0.04377875]
09:29:21-INFO: mixed forces y [ -3.05020975 -10.83568701   0.19223728]
09:29:21-DEBUG: Minimum eigen value: 
09:29:21-DEBUG: 4972.122667371595
09:29:21-DEBUG: Minimum state: 
09:29:21-DEBUG: 0
        23     4972.1226673716     5059.0587062725      622.7467276607     4974.9765949229       86.9360389010      0.15164988
09:29:21-INFO: ebond 0 23 1.3622804103614619
ids [  1   2   3   4   9  10  11  12  13  14  15  16  17  18  19  20  21  23
  24  25  26  27  28  29  30  31  32  33  34  35  36  37  39  41  42  44
  46  47  49  50  51  52  53  54  55  56  57  58  59  60  61  62  63  64
  65  67  68  69  70  71  72  73  74  75  76  78  79  81  83  85  86  88
  89  90  91  93  96  97  98  99 100 101 103 104 105 106 109 111 113 114
 115 116 119 120 121 124 126 128 130 131 132 135 136 544 638 643 644 649
 654 659 664 669 674 815 850 860 893 895 898 900 905 938 945 951 966 993]
ids [   5   48  139  234  238  239  244  248  249  258  259  264  378  533
  677  679  682  683  684  685  686  687  688  689  690  691  692  694
  695  696  697  698  699  700  701  702  703  704  705  706  707  708
  709  710 1080  712  713  714  716  717  719  721  722  724  726  727
  728  729  730  731  732  733  734  735  736  737  738  739  740  741
  742  743  744  745  746  747  748  749  750  751  752  754  755  756
  757  759  761  762  763  764  766  767  769  772  773  774  775  776
  777  778  779  780  781  782  785  786  787  788  790  791  792  793
  795  796  797  799  800  802  805  806  807  811  828  846  891  936
  950  983  988  990 1028 1030 1033 1035 1038 1040 1075  771  876]
ids [ 137  142  143  144  145  146  147  148  149  150  151  152  154  155
  157  158  159  160  161  162  163  164  165  166  167  169  170  171
  172  174  175  176  177  179  180  181  182  184  187  188  189  190
  191  192  193  194  195  196  197  198  199  200  202  203  204  205
  206  207  208  209  210  211  212  214  215  217  218  219  221  222
  224  225  226  227  229  232  233  235  236  237  240  241  242  243
  245 1073  247  250  251  252  253  254  255  256  257  260  261  262
  266  267  269  271  306  348 1078  393  396  410  443  445  448  450
  455  490  493  495  500  535  538  540  784  789  794  798  804  808
  809  918  933  276]
ids [ 122  140  173  178  185  220  223  230  265  268  270  318  407  408
  409  412  413  414  415  416  417  418  419  420  421  422  423  424
  425  426  427  428  429  430  431  432  433  434  435  436  437  439
  440  441  442  444  446  447  449  451  452  454  456  457  458  459
  460  461  462  463  464  465  466  467  468  469  470  471  472  473
  474  475  476  477  478  479  480  481  482  483  484  485  486  487
  488  489  491  492  494  496  497  499  502  505  506  507  508  509
  510  511  512  513  514  515  516  517  520  521  522  523  524  525
  526  527  528  530  531  532  536  537  539  541  558 1079  588  591
  803  949 1043 1044 1048 1049 1053 1059 1054 1074]
ids [   8   22   66   77   80   95  110  125  138  263  273  503  504  518
  519  529  534  543  663  678  680  715  718  720  723  725  758  760
  765  768  770  810  903  947  952  953  954  955  956  957  958  959
  960  961  962  963  964  965  967  968  969  970  971  972  973  974
  975  976  977  978  979  980  981  982  984  985  986  987  989  991
  992  994  995  996  997  998  999 1000 1001 1002 1003 1004 1005 1006
 1007 1008 1009 1010 1011 1012 1013 1014 1015 1016 1017 1018 1019 1020
 1021 1022 1023 1024 1025 1026 1027 1029 1031 1032 1034 1036 1037 1039
 1041 1042 1045 1046 1047 1050 1051 1052 1081 1055 1056 1057 1058 1060
 1061 1062 1063 1065 1066 1067 1068 1069 1070 1071 1072 1076 1077 1064]
ids [127 141 153 156 168 186 201 213 216 231 272 929 277 278 279 280 281 282
 283 284 285 286 287 288 289 290 291 292 293 294 295 296 297 298 299 300
 301 302 303 304 305 307 308 309 311 312 314 316 317 319 321 322 323 324
 325 326 327 328 329 330 331 332 333 334 335 336 337 338 339 340 341 342
 343 344 345 346 347 349 350 351 352 354 356 357 359 361 362 364 366 367
 369 370 371 372 373 374 375 376 377 380 382 383 385 386 387 388 389 390
 391 392 394 395 397 401 402 381 406 453 498 545 578 580 583 585 590 623
 625 628 630 633 670 675 814 909 913 914 919 924 928 943 246]
ids [  7  38  40  43  45  82  84  87  92  94 129 134 274 368 379 384 398 399
 404 668 673 681 693 753 711 783 801 812 816 817 818 819 820 821 822 823
 824 825 826 827 829 830 831 832 833 834 835 836 837 838 839 840 841 842
 843 844 845 847 848 849 851 852 853 854 855 856 857 858 859 861 862 863
 864 865 866 867 868 869 870 871 872 873 874 875 946 877 878 879 880 881
 882 883 884 885 886 887 888 889 890 892 894 896 897 899 901 902 904 906
 907 908 910 911 912 915 916 917 920 921 922 923 925 926 927 948 930 931
 932 934 935 937 939 940 941 942 944]
ids [  6 102 107 108 112 117 118 123 133 183 228 275 310 313 315 320 353 355
 358 360 363 365 400 403 411 438 501 542 546 547 548 549 550 551 552 553
 554 555 556 557 559 560 562 563 564 565 566 567 568 569 570 571 572 573
 574 575 576 577 579 581 582 584 586 587 589 592 593 594 595 596 597 598
 599 600 601 602 603 604 605 606 607 608 609 610 611 612 613 614 615 616
 617 618 619 620 621 622 624 626 627 629 631 632 634 635 636 637 639 640
 641 642 645 646 647 648 650 651 652 653 655 656 657 658 660 661 662 665
 666 667 671 672 676 813 405 561]
09:29:21-INFO: Step 24
09:29:21-DEBUG: Reaction systems: [[None]
 [0]]
09:29:21-DEBUG: rxn_pairs: [array([ 1, 13])]
09:29:21-DEBUG: Starting total colors: 5
09:29:21-DEBUG: Number of systems: 2
09:29:21-DEBUG: New total colors: 5
09:29:21-DEBUG: Potential energy for color 0: 4969.443295976391
ebond 1 24 2.8406169565208574
09:29:21-DEBUG: Potential energy for color 1: 4971.211457622131
xhy 24 2 1 13
xhy 24 2 1 13
xhy 24 2 1 13
xhy 24 2 1 13
xhy 24 2 1 13
h_pos [ 7.28149463  9.59480905 10.44165941] x_pos [ 6.50982881  8.66413128 10.46950633] y_pos [ 8.21443624 10.55189459 10.42042076]
24 rHY 1.3367287998253217 rHX 1.2092992589375045 0.12742954088781722
h_pos [ 7.28149463  9.59480905 10.44165941] x_pos [ 6.50982881  8.66413128 10.46950633] y_pos [ 8.21443624 10.55189459 10.42042076]
h_pos [ 7.28149463  9.59480905 10.44165941] x_pos [ 6.50982881  8.66413128 10.46950633] y_pos [ 8.21443624 10.55189459 10.42042076]
24 rHY 1.3367287998253217 rHX 1.2092992589375045 0.12742954088781722
h_pos [ 7.28149463  9.59480905 10.44165941] x_pos [ 6.50982881  8.66413128 10.46950633] y_pos [ 8.21443624 10.55189459 10.42042076]
24 rHY 1.3367287998253217 rHX 1.2092992589375045 0.12742954088781722
h_pos [ 7.28149463  9.59480905 10.44165941] x_pos [ 6.50982881  8.66413128 10.46950633] y_pos [ 8.21443624 10.55189459 10.42042076]
24 rHY 1.3367287998253217 rHX 1.2092992589375045 0.12742954088781722
24 rHY 1.3367287998253217 rHX 1.2092992589375045 0.12742954088781722
24 cpl_forces h [-15.96484514 -17.75191121   0.46502055]
24 cpl_forces h [-15.96484514 -17.75191121   0.46502055]
24 cpl_forces h [-15.96484514 -17.75191121   0.46502055]
24 cpl_forces x [ 7.62502247  9.19625933 -0.27516239]
24 cpl_forces x [ 7.62502247  9.19625933 -0.27516239]
24 cpl_forces h [-15.96484514 -17.75191121   0.46502055]
24 cpl_forces h [-15.96484514 -17.75191121   0.46502055]
24 cpl_forces x [ 7.62502247  9.19625933 -0.27516239]
24 cpl_forces x [ 7.62502247  9.19625933 -0.27516239]
24 cpl_forces y [ 8.33982267  8.55565189 -0.18985816]
24 cpl_forces y [ 8.33982267  8.55565189 -0.18985816]
24 cpl_forces x [ 7.62502247  9.19625933 -0.27516239]
24 cpl_forces y [ 8.33982267  8.55565189 -0.18985816]
24 cpl_forces y [ 8.33982267  8.55565189 -0.18985816]
24 cpl_forces y [ 8.33982267  8.55565189 -0.18985816]
09:29:21-DEBUG: System matrix: 
09:29:21-DEBUG: [[4.96944330e+03 2.93039090e+00]
 [2.93039090e+00 4.97121146e+03]]
09:29:21-DEBUG: Eigen values: 
09:29:21-DEBUG: [4967.26652892 4973.38822468]
09:29:21-DEBUG: Occupancies: 
09:29:21-DEBUG: [1. 0.]
09:29:21-INFO: coupling 24 2.930390901215186
09:29:21-DEBUG: Amplitudes: 
09:29:21-DEBUG: [0.64441763 0.35558237]
09:29:21-INFO: forces0 h [-7.80543854 -9.19315586  0.26505788]
09:29:21-INFO: forces0 x [ 7.08246836  2.35258291 -0.25951582]
09:29:21-INFO: forces0 y [ 8.86479665  1.02153901 -0.22760831]
09:29:21-INFO: forces1 h [15.4223189  16.5660082  -0.40643955]
09:29:21-INFO: forces1 x [ -3.32894178 -13.26282427   0.13004384]
09:29:21-INFO: forces1 y [ -6.13872087 -11.73089353   0.14002751]
pos h  [ 7.28149463  9.59480905 10.44165941]
pos x  [ 6.50982881  8.66413128 10.46950633]
pos y  [ 8.21443624 10.55189459 10.42042076]
 mixed_cpl_forces: h [15.28440445 16.99530364 -0.44520082]
 mixed_cpl_forces: x [-7.30003494 -8.80430382  0.26343464]
 mixed_cpl_forces: y [-7.98436951 -8.19099983  0.18176618]
09:29:21-INFO: mixed forces h [15.73834684 16.96165227 -0.41891559]
09:29:21-INFO: mixed forces x [ -3.91968042 -12.00428433   0.14243937]
09:29:21-INFO: mixed forces y [ -4.45455911 -11.70400094   0.08488269]
09:29:21-DEBUG: Minimum eigen value: 
09:29:21-DEBUG: 4967.266528920765
09:29:21-DEBUG: Minimum state: 
09:29:21-DEBUG: 0
        24     4967.2665289208     5059.0886818765      657.7473048326     4969.4432959764       91.8221529557      0.41951294
09:29:21-INFO: ebond 0 24 1.1538543138574557
ids [ 137  142  143  144  145  146  147  148  149  150  151  152  154  155
  157  158  159  160  161  162  163  164  165  166  167  169  170  171
  172  174  175  176  177  179  180  181  182  184  187  188  189  190
  191  192  193  194  195  196  197  198  199  200  202  203  204  205
  206  207  208  209  210  211  212  214  215  217  218  219  221  222
  224  225  226  227  229  232  233  235  236  237  240  241  242  243
  245 1073  247  250  251  252  253  254  255  256  257  260  261  262
  266  267  269  271  306  348 1078  393  396  410  443  445  448  450
  455  490  493  495  500  535  538  540  784  789  794  798  804  808
  809  918  933  276]
ids [  1   2   3   4   9  10  11  12  13  14  15  16  17  18  19  20  21  23
  24  25  26  27  28  29  30  31  32  33  34  35  36  37  39  41  42  44
  46  47  49  50  51  52  53  54  55  56  57  58  59  60  61  62  63  64
  65  67  68  69  70  71  72  73  74  75  76  78  79  81  83  85  86  88
  89  90  91  93  96  97  98  99 100 101 103 104 105 106 109 111 113 114
 115 116 119 120 121 124 126 128 130 131 132 135 136 544 638 643 644 649
 654 659 664 669 674 815 850 860 893 895 898 900 905 938 945 951 966 993]
ids [ 122  140  173  178  185  220  223  230  265  268  270  318  407  408
  409  412  413  414  415  416  417  418  419  420  421  422  423  424
  425  426  427  428  429  430  431  432  433  434  435  436  437  439
  440  441  442  444  446  447  449  451  452  454  456  457  458  459
  460  461  462  463  464  465  466  467  468  469  470  471  472  473
  474  475  476  477  478  479  480  481  482  483  484  485  486  487
  488  489  491  492  494  496  497  499  502  505  506  507  508  509
  510  511  512  513  514  515  516  517  520  521  522  523  524  525
  526  527  528  530  531  532  536  537  539  541  558 1079  588  591
  803  949 1043 1044 1048 1049 1053 1059 1054 1074]
ids [   5   48  139  234  238  239  244  248  249  258  259  264  378  533
  677  679  682  683  684  685  686  687  688  689  690  691  692  694
  695  696  697  698  699  700  701  702  703  704  705  706  707  708
  709  710 1080  712  713  714  716  717  719  721  722  724  726  727
  728  729  730  731  732  733  734  735  736  737  738  739  740  741
  742  743  744  745  746  747  748  749  750  751  752  754  755  756
  757  759  761  762  763  764  766  767  769  772  773  774  775  776
  777  778  779  780  781  782  785  786  787  788  790  791  792  793
  795  796  797  799  800  802  805  806  807  811  828  846  891  936
  950  983  988  990 1028 1030 1033 1035 1038 1040 1075  771  876]
ids [   8   22   66   77   80   95  110  125  138  263  273  503  504  518
  519  529  534  543  663  678  680  715  718  720  723  725  758  760
  765  768  770  810  903  947  952  953  954  955  956  957  958  959
  960  961  962  963  964  965  967  968  969  970  971  972  973  974
  975  976  977  978  979  980  981  982  984  985  986  987  989  991
  992  994  995  996  997  998  999 1000 1001 1002 1003 1004 1005 1006
 1007 1008 1009 1010 1011 1012 1013 1014 1015 1016 1017 1018 1019 1020
 1021 1022 1023 1024 1025 1026 1027 1029 1031 1032 1034 1036 1037 1039
 1041 1042 1045 1046 1047 1050 1051 1052 1081 1055 1056 1057 1058 1060
 1061 1062 1063 1065 1066 1067 1068 1069 1070 1071 1072 1076 1077 1064]
ids [  6 102 107 108 112 117 118 123 133 183 228 275 310 313 315 320 353 355
 358 360 363 365 400 403 411 438 501 542 546 547 548 549 550 551 552 553
 554 555 556 557 559 560 562 563 564 565 566 567 568 569 570 571 572 573
 574 575 576 577 579 581 582 584 586 587 589 592 593 594 595 596 597 598
 599 600 601 602 603 604 605 606 607 608 609 610 611 612 613 614 615 616
 617 618 619 620 621 622 624 626 627 629 631 632 634 635 636 637 639 640
 641 642 645 646 647 648 650 651 652 653 655 656 657 658 660 661 662 665
 666 667 671 672 676 813 405 561]
ids [127 141 153 156 168 186 201 213 216 231 272 929 277 278 279 280 281 282
 283 284 285 286 287 288 289 290 291 292 293 294 295 296 297 298 299 300
 301 302 303 304 305 307 308 309 311 312 314 316 317 319 321 322 323 324
 325 326 327 328 329 330 331 332 333 334 335 336 337 338 339 340 341 342
 343 344 345 346 347 349 350 351 352 354 356 357 359 361 362 364 366 367
 369 370 371 372 373 374 375 376 377 380 382 383 385 386 387 388 389 390
 391 392 394 395 397 401 402 381 406 453 498 545 578 580 583 585 590 623
 625 628 630 633 670 675 814 909 913 914 246 924 928 943]
ids [  7  38  40  43  45  82  84  87  92  94 129 134 274 368 379 384 398 399
 404 668 673 681 693 753 711 783 801 812 816 817 818 819 820 821 822 823
 824 825 826 827 829 830 831 832 833 834 835 836 837 838 839 840 841 842
 843 844 845 847 848 849 851 852 853 854 855 856 857 858 859 861 862 863
 864 865 866 867 868 869 870 871 872 873 874 875 946 877 878 879 880 881
 882 883 884 885 886 887 888 889 890 892 894 896 897 899 901 902 904 906
 907 908 910 911 912 915 916 917 920 921 922 923 925 926 927 948 930 931
 932 934 935 937 939 940 941 942 944 919]
09:29:21-INFO: Step 25
09:29:21-DEBUG: Reaction systems: [[None]
 [0]]
09:29:21-DEBUG: rxn_pairs: [array([ 1, 13])]
09:29:21-DEBUG: Starting total colors: 5
09:29:21-DEBUG: Number of systems: 2
09:29:21-DEBUG: New total colors: 5
09:29:21-DEBUG: Potential energy for color 0: 4964.1378900366435
ebond 1 25 3.042477170156005
09:29:21-DEBUG: Potential energy for color 1: 4966.2899518299855
xhy 25 2 1 13
xhy 25 2 1 13
xhy 25 2 1 13
xhy 25 2 1 13
xhy 25 2 1 13
h_pos [ 7.25178054  9.60672404 10.43049772] x_pos [ 6.51378176  8.66167725 10.46977414] y_pos [ 8.21745233 10.548627   10.42072309]
25 rHY 1.3489991607777316 rHX 1.1997075709891385 0.14929158978859314
h_pos [ 7.25178054  9.60672404 10.43049772] x_pos [ 6.51378176  8.66167725 10.46977414] y_pos [ 8.21745233 10.548627   10.42072309]
h_pos [ 7.25178054  9.60672404 10.43049772] x_pos [ 6.51378176  8.66167725 10.46977414] y_pos [ 8.21745233 10.548627   10.42072309]
h_pos [ 7.25178054  9.60672404 10.43049772] x_pos [ 6.51378176  8.66167725 10.46977414] y_pos [ 8.21745233 10.548627   10.42072309]
h_pos [ 7.25178054  9.60672404 10.43049772] x_pos [ 6.51378176  8.66167725 10.46977414] y_pos [ 8.21745233 10.548627   10.42072309]
25 rHY 1.3489991607777316 rHX 1.1997075709891385 0.14929158978859314
25 rHY 1.3489991607777316 rHX 1.1997075709891385 0.14929158978859314
25 rHY 1.3489991607777316 rHX 1.1997075709891385 0.14929158978859314
25 rHY 1.3489991607777316 rHX 1.1997075709891385 0.14929158978859314
25 cpl_forces h [-16.91409527 -18.88334061   0.50811428]
25 cpl_forces h [-16.91409527 -18.88334061   0.50811428]
25 cpl_forces h [-16.91409527 -18.88334061   0.50811428]
25 cpl_forces x [ 7.81724205 10.01039539 -0.41603492]
25 cpl_forces h [-16.91409527 -18.88334061   0.50811428]
25 cpl_forces h [-16.91409527 -18.88334061   0.50811428]
25 cpl_forces x [ 7.81724205 10.01039539 -0.41603492]
25 cpl_forces x [ 7.81724205 10.01039539 -0.41603492]
25 cpl_forces y [ 9.09685322  8.87294523 -0.09207936]
25 cpl_forces x [ 7.81724205 10.01039539 -0.41603492]
25 cpl_forces x [ 7.81724205 10.01039539 -0.41603492]
25 cpl_forces y [ 9.09685322  8.87294523 -0.09207936]
25 cpl_forces y [ 9.09685322  8.87294523 -0.09207936]
25 cpl_forces y [ 9.09685322  8.87294523 -0.09207936]
25 cpl_forces y [ 9.09685322  8.87294523 -0.09207936]
09:29:21-DEBUG: System matrix: 
09:29:21-DEBUG: [[4.96413789e+03 2.66003897e+00]
 [2.66003897e+00 4.96628995e+03]]
09:29:21-DEBUG: Eigen values: 
09:29:21-DEBUG: [4962.34448722 4968.08335464]
09:29:21-DEBUG: Occupancies: 
09:29:21-DEBUG: [1. 0.]
09:29:21-INFO: coupling 25 2.6600389705330225
09:29:21-DEBUG: Amplitudes: 
09:29:21-DEBUG: [0.68749882 0.31250118]
09:29:21-INFO: forces0 h [-7.18753242 -8.86316202  0.33404268]
09:29:21-INFO: forces0 x [ 6.56721488  2.30343695 -0.34239935]
09:29:21-INFO: forces0 y [ 8.52508488  0.85317503 -0.20952192]
09:29:21-INFO: forces1 h [16.40233099 17.34754122 -0.35687363]
09:29:21-INFO: forces1 x [ -3.62467852 -13.7719845    0.22018233]
09:29:21-INFO: forces1 y [-6.98778695e+00 -1.18367841e+01  5.34634711e-03]
pos h  [ 7.25178054  9.60672404 10.43049772]
pos x  [ 6.51378176  8.66167725 10.46977414]
pos y  [ 8.21745233 10.548627   10.42072309]
 mixed_cpl_forces: h [15.67980206 17.50534322 -0.47103503]
 mixed_cpl_forces: x [-7.24678477 -9.27989441  0.38567509]
 mixed_cpl_forces: y [-8.43301729 -8.22544881  0.08535994]
09:29:21-INFO: mixed forces h [15.86412968 16.83305676 -0.35290451]
09:29:21-INFO: mixed forces x [ -3.86454856 -12.00004555   0.21908318]
09:29:21-INFO: mixed forces y [ -4.75572308 -11.33790094  -0.05701539]
09:29:21-DEBUG: Minimum eigen value: 
09:29:21-DEBUG: 4962.344487223443
09:29:21-DEBUG: Minimum state: 
09:29:21-DEBUG: 0
        25     4962.3444872234     5059.0852854642      692.9809121436     4964.1378900366       96.7407982408      0.42624339
09:29:21-INFO: ebond 0 25 1.0571294168557805
ids [ 122  140  173  178  185  220  223  230  265  268  270  318  407  408
  409  412  413  414  415  416  417  418  419  420  421  422  423  424
  425  426  427  428  429  430  431  432  433  434  435  436  437  439
  440  441  442  444  446  447  449  451  452  454  456  457  458  459
  460  461  462  463  464  465  466  467  468  469  470  471  472  473
  474  475  476  477  478  479  480  481  482  483  484  485  486  487
  488  489  491  492  494  496  497  499  502  505  506  507  508  509
  510  511  512  513  514  515  516  517  520  521  522  523  524  525
  526  527  528  530  531  532  536  537  539  541  558 1079  588  591
  803  949 1043 1044 1048 1049 1053 1059 1054 1074]
ids [   5   48  139  234  238  239  244  248  249  258  259  264  378  533
  677  679  682  683  684  685  686  687  688  689  690  691  692  694
  695  696  697  698  699  700  701  702  703  704  705  706  707  708
  709  710 1080  712  713  714  716  717  719  721  722  724  726  727
  728  729  730  731  732  733  734  735  736  737  738  739  740  741
  742  743  744  745  746  747  748  749  750  751  752  754  755  756
  757  759  761  762  763  764  766  767  769  772  773  774  775  776
  777  778  779  780  781  782  785  786  787  788  790  791  792  793
  795  796  797  799  800  802  805  806  807  811  828  846  891  936
  950  983  988  990 1028 1030 1033 1035 1038 1040 1075  771  876]
ids [ 137  142  143  144  145  146  147  148  149  150  151  152  154  155
  157  158  159  160  161  162  163  164  165  166  167  169  170  171
  172  174  175  176  177  179  180  181  182  184  187  188  189  190
  191  192  193  194  195  196  197  198  199  200  202  203  204  205
  206  207  208  209  210  211  212  214  215  217  218  219  221  222
  224  225  226  227  229  232  233  235  236  237  240  241  242  243
  245 1073  247  250  251  252  253  254  255  256  257  260  261  262
  266  267  269  271  306  348 1078  393  396  410  443  445  448  450
  455  490  493  495  500  535  538  540  784  789  794  798  804  808
  809  918  933  276]
ids [  1   2   3   4   9  10  11  12  13  14  15  16  17  18  19  20  21  23
  24  25  26  27  28  29  30  31  32  33  34  35  36  37  39  41  42  44
  46  47  49  50  51  52  53  54  55  56  57  58  59  60  61  62  63  64
  65  67  68  69  70  71  72  73  74  75  76  78  79  81  83  85  86  88
  89  90  91  93  96  97  98  99 100 101 103 104 105 106 109 111 113 114
 115 116 119 120 121 124 126 993 130 131 132 135 136 544 638 643 644 649
 654 659 664 669 674 815 850 860 893 895 898 900 905 938 945 951 966]
ids [   8   22   66   77   80   95  110  125  138  263  273  503  504  518
  519  529  534  543  663  678  680  715  718  720  723  725  758  760
  765  768  770  810  903  947  952  953  954  955  956  957  958  959
  960  961  962  963  964  965  967  968  969  970  971  972  973  974
  975  976  977  978  979  980  981  982  984  985  986  987  989  991
  992  994  995  996  997  998  999 1000 1001 1002 1003 1004 1005 1006
 1007 1008 1009 1010 1011 1012 1013 1014 1015 1016 1017 1018 1019 1020
 1021 1022 1023 1024 1025 1026 1027 1029 1031 1032 1034 1036 1037 1039
 1041 1042 1045 1046 1047 1050 1051 1052 1081 1055 1056 1057 1058 1060
 1061 1062 1063 1065 1066 1067 1068 1069 1070 1071 1072 1076 1077 1064]
ids [  6 102 107 108 112 117 118 123 133 183 228 275 310 313 315 320 353 355
 358 360 363 365 400 403 411 438 501 542 546 547 548 549 550 551 552 553
 554 555 556 557 559 560 562 563 564 565 566 567 568 569 570 571 572 573
 574 575 576 577 579 581 582 584 586 587 589 592 593 594 595 596 597 598
 599 600 601 602 603 604 605 606 607 608 609 610 611 612 613 614 615 616
 617 618 619 620 621 622 624 626 627 629 631 632 634 635 636 637 639 640
 641 642 645 646 647 648 650 651 652 653 655 656 657 658 660 661 662 665
 666 667 671 672 676 813 405 561 128]
ids [127 141 153 156 168 186 201 213 216 231 272 929 277 278 279 280 281 282
 283 284 285 286 287 288 289 290 291 292 293 294 295 296 297 298 299 300
 301 302 303 304 305 307 308 309 311 312 314 316 317 319 321 322 323 324
 325 326 327 328 329 330 331 332 333 334 335 336 337 338 339 340 341 342
 343 344 345 346 347 349 350 351 352 354 356 357 359 361 362 364 366 367
 369 370 371 372 373 374 375 376 377 380 382 383 385 386 387 388 389 390
 391 392 394 395 397 401 402 381 406 453 498 545 578 580 583 585 590 623
 625 628 630 633 670 675 943 909 913 914 246 924 928]
ids [  7  38  40  43  45  82  84  87  92  94 129 134 274 368 379 384 398 399
 404 668 673 681 693 753 711 783 801 812 816 817 818 819 820 821 822 823
 824 825 826 827 829 830 831 832 833 834 835 836 837 838 839 840 841 842
 843 844 845 847 848 849 851 852 853 854 855 856 857 858 859 861 862 863
 864 865 866 867 868 869 870 871 872 873 874 875 946 877 878 879 880 881
 882 883 884 885 886 887 888 889 890 892 894 896 897 899 901 902 904 906
 907 908 910 911 912 915 916 917 920 921 922 923 925 926 927 948 930 931
 932 934 935 937 939 940 941 942 944 919 814]
09:29:21-INFO: Step 26
09:29:21-DEBUG: Reaction systems: [[None]
 [0]]
09:29:21-DEBUG: rxn_pairs: [array([ 1, 13])]
09:29:21-DEBUG: Starting total colors: 5
09:29:21-DEBUG: Number of systems: 2
09:29:21-DEBUG: New total colors: 5
09:29:21-DEBUG: Potential energy for color 0: 4959.074429802704
ebond 1 26 3.109614374805321
09:29:21-DEBUG: Potential energy for color 1: 4961.285233914391
xhy 26 2 1 13
xhy 26 2 1 13
xhy 26 2 1 13
xhy 26 2 1 13
xhy 26 2 1 13
h_pos [ 7.22822247  9.6251589  10.41920176] x_pos [ 6.51763459  8.65893305 10.47004531] y_pos [ 8.22035321 10.5450794  10.42102597]
26 rHY 1.3529894455736726 rHX 1.200463488079699 0.15252595749397369
h_pos [ 7.22822247  9.6251589  10.41920176] x_pos [ 6.51763459  8.65893305 10.47004531] y_pos [ 8.22035321 10.5450794  10.42102597]
26 rHY 1.3529894455736726 rHX 1.200463488079699 0.15252595749397369
h_pos [ 7.22822247  9.6251589  10.41920176] x_pos [ 6.51763459  8.65893305 10.47004531] y_pos [ 8.22035321 10.5450794  10.42102597]
h_pos [ 7.22822247  9.6251589  10.41920176] x_pos [ 6.51763459  8.65893305 10.47004531] y_pos [ 8.22035321 10.5450794  10.42102597]
26 rHY 1.3529894455736726 rHX 1.200463488079699 0.15252595749397369
h_pos [ 7.22822247  9.6251589  10.41920176] x_pos [ 6.51763459  8.65893305 10.47004531] y_pos [ 8.22035321 10.5450794  10.42102597]
26 rHY 1.3529894455736726 rHX 1.200463488079699 0.15252595749397369
26 rHY 1.3529894455736726 rHX 1.200463488079699 0.15252595749397369
26 cpl_forces h [-16.93889542 -18.97862638   0.52412535]
26 cpl_forces h [-16.93889542 -18.97862638   0.52412535]
26 cpl_forces h [-16.93889542 -18.97862638   0.52412535]
26 cpl_forces h [-16.93889542 -18.97862638   0.52412535]
26 cpl_forces h [-16.93889542 -18.97862638   0.52412535]
26 cpl_forces x [ 7.56601717 10.28793416 -0.54135911]
26 cpl_forces x [ 7.56601717 10.28793416 -0.54135911]
26 cpl_forces x [ 7.56601717 10.28793416 -0.54135911]
26 cpl_forces x [ 7.56601717 10.28793416 -0.54135911]
26 cpl_forces x [ 7.56601717 10.28793416 -0.54135911]
26 cpl_forces y [9.37287825 8.69069221 0.01723376]
26 cpl_forces y [9.37287825 8.69069221 0.01723376]
26 cpl_forces y [9.37287825 8.69069221 0.01723376]
26 cpl_forces y [9.37287825 8.69069221 0.01723376]
26 cpl_forces y [9.37287825 8.69069221 0.01723376]
09:29:21-DEBUG: System matrix: 
09:29:21-DEBUG: [[4.95907443e+03 2.61881454e+00]
 [2.61881454e+00 4.96128523e+03]]
09:29:21-DEBUG: Eigen values: 
09:29:21-DEBUG: [4957.33727961 4963.02238411]
09:29:21-DEBUG: Occupancies: 
09:29:21-DEBUG: [1. 0.]
09:29:21-INFO: coupling 26 2.6188145417974646
09:29:21-DEBUG: Amplitudes: 
09:29:21-DEBUG: [0.6944383 0.3055617]
09:29:21-INFO: forces0 h [-6.96311356 -8.99156638  0.41702118]
09:29:21-INFO: forces0 x [ 6.35022686  2.62067092 -0.43603558]
09:29:21-INFO: forces0 y [ 8.28485411  0.78396143 -0.19453128]
09:29:21-INFO: forces1 h [16.62723529 17.24212261 -0.27943119]
09:29:21-INFO: forces1 x [ -3.43468192 -13.67017874   0.29077402]
09:29:21-INFO: forces1 y [ -7.56574941 -11.65504007  -0.13760382]
pos h  [ 7.22822247  9.6251589  10.41920176]
pos x  [ 6.51763459  8.65893305 10.47004531]
pos y  [ 8.22035321 10.5450794  10.42102597]
 mixed_cpl_forces: h [15.60563244 17.48481587 -0.48287137]
 mixed_cpl_forces: x [-6.97049483 -9.47816933  0.49874866]
 mixed_cpl_forces: y [-8.63513761 -8.00664654 -0.01587729]
09:29:21-INFO: mixed forces h [15.85082598 16.5092601  -0.27865936]
09:29:21-INFO: mixed forces x [ -3.61016134 -11.83535813   0.28479826]
09:29:21-INFO: mixed forces y [ -5.19362086 -11.02356755  -0.19301372]
09:29:21-DEBUG: Minimum eigen value: 
09:29:21-DEBUG: 4957.337279605837
09:29:21-DEBUG: Minimum state: 
09:29:21-DEBUG: 0
        26     4957.3372796058     5059.0826930791      728.8303458037     4959.0744298027      101.7454134733      0.42294022
09:29:21-INFO: ebond 0 26 1.0645985943313094
ids [ 137  142  143  144  145  146  147  148  149  150  151  152  154  155
  157  158  159  160  161  162  163  164  165  166  167  169  170  171
  172  174  175  176  177  179  180  181  182  184  187  188  189  190
  191  192  193  194  195  196  197  198  199  200  202  203  204  205
  206  207  208  209  210  211  212  214  215  217  218  219  221  222
  224  225  226  227  229  232  233  235  236  237  240  241  242  243
  245 1073  247  250  251  252  253  254  255  256  257  260  261  262
  266  267  269  271  306  348 1078  393  396  410  443  445  448  450
  455  490  493  495  500  535  538  540  784  789  794  798  804  808
  809  918  933  276]
ids [ 122  140  173  178  185  220  223  230  265  268  270  318  407  408
  409  412  413  414  415  416  417  418  419  420  421  422  423  424
  425 1074  427  428  429  430  431  432  433  434  435  436  437  439
  440  441  442  444  446  447  449  451  452  454  456  457  458  459
  460  461  462  463  464  465  466  467  468  469  470  471  472  473
  474  475  476  477  478  479  480  481  482  483  484  485  486  487
  488  489  491  492  494  496  497  499  502  505  506  507  508  509
  510  511  512  513  514  515  516  517  520  521  522  523  524  525
  526  527  528  530  531  532  536  537  539  541  558 1079  588  591
  803  949 1043 1044 1048 1049 1053 1059 1054]
ids [   8   22   66   77   80   95  110  125  138  263  273  503  504  518
  519  529  534  543  663  678  680  715  718  720  723  725  758  760
  765  768  770  810  903  947  952  953  954  955  956  957  958  959
  960  961  962  963  964  965  967  968  969  970  971  972  973  974
  975  976  977  978  979  980  981  982  984  985  986  987  989  991
  992  994  995  996  997  998  999 1000 1001 1002 1003 1004 1005 1006
 1007 1008 1009 1010 1011 1012 1013 1014 1015 1016 1017 1018 1019 1020
 1021 1022 1023 1024 1025 1026 1027 1029 1031 1032 1034 1036 1037 1039
 1041 1042 1045 1046 1047 1050 1051 1052 1081 1055 1056 1057 1058 1060
 1061 1062 1063 1065 1066 1067 1068 1069 1070 1071 1072 1076 1077 1064]
ids [  1   2   3   4   9  10  11  12  13  14  15  16  17  18  19  20  21  23
  24  25  26  27  28  29  30  31  32  33  34  35  36  37  39  41  42  44
  46  47  49  50  51  52  53  54  55  56  57  58  59  60  61  62  63  64
  65  67  68  69  70  71  72  73  74  75  76  78  79  81  83  85  86  88
  89  90  91  93  96  97  98  99 100 101 103 104 105 106 109 111 113 114
 115 116 119 120 121 124 126 993 130 131 132 135 136 544 638 643 644 649
 654 659 664 669 674 815 850 966 893 895 898 900 905 938 945 951]
ids [  6 102 107 108 112 117 118 123 133 183 228 275 310 313 315 320 353 355
 358 360 363 365 400 403 411 438 501 542 546 547 548 549 550 551 552 553
 554 555 556 557 559 560 562 563 564 565 566 567 568 569 570 571 572 573
 574 575 576 577 579 581 582 584 586 587 589 592 593 594 595 596 597 598
 599 600 601 602 603 604 605 606 607 608 609 610 611 612 613 614 615 616
 617 618 619 620 621 622 624 626 627 629 631 632 634 635 636 637 639 640
 641 642 645 646 647 648 650 651 652 653 655 656 657 658 660 661 662 665
 666 667 671 672 676 813 405 561 128 426]
ids [127 141 153 156 168 186 201 213 216 231 272 929 277 278 279 280 281 282
 283 284 285 286 287 288 289 290 291 292 293 294 295 296 297 298 299 300
 301 302 303 304 305 307 308 309 311 312 314 316 317 319 321 322 323 324
 325 326 327 328 329 330 331 332 333 334 335 336 337 338 339 340 341 342
 343 344 345 346 347 349 350 351 352 354 356 357 359 361 362 364 366 367
 369 370 371 372 373 374 375 376 377 380 382 383 385 386 387 388 389 390
 391 392 394 395 397 401 402 381 406 453 498 545 578 580 583 585 590 623
 625 628 630 633 670 675 943 909 913 914 246 924 928]
ids [  7  38  40  43  45  82  84  87  92  94 129 134 274 368 379 384 398 399
 404 668 673 681 693 753 711 783 801 812 816 817 818 819 820 821 822 823
 824 825 826 827 829 830 831 832 833 834 835 836 837 838 839 840 841 842
 843 844 845 847 848 849 851 852 853 854 855 856 857 858 859 861 862 863
 864 865 866 867 868 869 870 871 872 873 874 875 946 877 878 879 880 881
 882 883 884 885 886 887 888 889 890 892 894 896 897 899 901 902 904 906
 907 908 910 911 912 915 916 917 920 921 922 923 925 926 927 948 930 931
 932 934 935 937 939 940 941 942 944 919 814 860]
ids [   5   48  139  234  238  239  244  248  249  258  259  264  378  533
  677  679  682  683  684  685  686  687  688  689  690  691  692  694
  695  696  697  698  699  700  701  702  703  704  705  706  707  708
  709  710 1080  712  713  714  716  717  719  721  722  724  726  727
  728  729  730  731  732  733  734  735  736  737  738  739  740  741
  742  743  744  745  746  747  748  749  750  751  752  754  755  756
  757  759  761  762  763  764  766  767  769  772  773  774  775  776
  777  778  779  780  781  782  785  786  787  788  790  791  792  793
  795  796  797  799  800  802  805  806  807  811  828  846  891  936
  950  983  988  990 1028 1030 1033 1035 1038 1040 1075  771  876]
09:29:21-INFO: Step 27
09:29:21-DEBUG: Reaction systems: [[None]
 [0]]
09:29:21-DEBUG: rxn_pairs: [array([ 1, 13])]
09:29:21-DEBUG: Starting total colors: 5
09:29:21-DEBUG: Number of systems: 2
09:29:21-DEBUG: New total colors: 5
09:29:21-DEBUG: Potential energy for color 0: 4954.273919223115
ebond 1 27 3.040741134382129
09:29:21-DEBUG: Potential energy for color 1: 4956.224048175634
xhy 27 2 1 13
xhy 27 2 1 13
xhy 27 2 1 13
xhy 27 2 1 13
xhy 27 2 1 13
h_pos [ 7.21076675  9.64993961 10.40780098] x_pos [ 6.52139463  8.65590514 10.47032143] y_pos [ 8.22313116 10.5412612  10.42132602]
27 rHY 1.3488953989671004 rHX 1.2112998195016047 0.13759557946549572
h_pos [ 7.21076675  9.64993961 10.40780098] x_pos [ 6.52139463  8.65590514 10.47032143] y_pos [ 8.22313116 10.5412612  10.42132602]
h_pos [ 7.21076675  9.64993961 10.40780098] x_pos [ 6.52139463  8.65590514 10.47032143] y_pos [ 8.22313116 10.5412612  10.42132602]
h_pos [ 7.21076675  9.64993961 10.40780098] x_pos [ 6.52139463  8.65590514 10.47032143] y_pos [ 8.22313116 10.5412612  10.42132602]
27 rHY 1.3488953989671004 rHX 1.2112998195016047 0.13759557946549572
27 cpl_forces h [-16.30838751 -18.30773789   0.51395165]
27 rHY 1.3488953989671004 rHX 1.2112998195016047 0.13759557946549572
h_pos [ 7.21076675  9.64993961 10.40780098] x_pos [ 6.52139463  8.65590514 10.47032143] y_pos [ 8.22313116 10.5412612  10.42132602]
27 rHY 1.3488953989671004 rHX 1.2112998195016047 0.13759557946549572
27 rHY 1.3488953989671004 rHX 1.2112998195016047 0.13759557946549572
27 cpl_forces h [-16.30838751 -18.30773789   0.51395165]
27 cpl_forces h [-16.30838751 -18.30773789   0.51395165]
27 cpl_forces x [ 7.03332156 10.14164031 -0.63786521]
27 cpl_forces h [-16.30838751 -18.30773789   0.51395165]
27 cpl_forces y [9.27506594 8.16609757 0.12391356]
27 cpl_forces h [-16.30838751 -18.30773789   0.51395165]
27 cpl_forces x [ 7.03332156 10.14164031 -0.63786521]
27 cpl_forces x [ 7.03332156 10.14164031 -0.63786521]
27 cpl_forces y [9.27506594 8.16609757 0.12391356]
27 cpl_forces x [ 7.03332156 10.14164031 -0.63786521]
27 cpl_forces x [ 7.03332156 10.14164031 -0.63786521]
27 cpl_forces y [9.27506594 8.16609757 0.12391356]
27 cpl_forces y [9.27506594 8.16609757 0.12391356]
27 cpl_forces y [9.27506594 8.16609757 0.12391356]
09:29:21-DEBUG: System matrix: 
09:29:21-DEBUG: [[4.95427392e+03 2.80675142e+00]
 [2.80675142e+00 4.95622405e+03]]
09:29:21-DEBUG: Eigen values: 
09:29:21-DEBUG: [4952.27768696 4958.22028044]
09:29:21-DEBUG: Occupancies: 
09:29:21-DEBUG: [1. 0.]
09:29:21-INFO: coupling 27 2.806751424696619
09:29:21-DEBUG: Amplitudes: 
09:29:21-DEBUG: [0.66408063 0.33591937]
09:29:21-INFO: forces0 h [-7.09245107 -9.56793579  0.52080228]
09:29:21-INFO: forces0 x [ 6.39836757  3.31392374 -0.55082891]
09:29:21-INFO: forces0 y [ 8.13799145  0.79341534 -0.17901859]
09:29:21-INFO: forces1 h [16.16708449 16.260926   -0.15991586]
09:29:21-INFO: forces1 x [ -2.83813553 -12.94753994   0.32008942]
09:29:21-INFO: forces1 y [ -7.86308833 -11.20733574  -0.28127178]
pos h  [ 7.21076675  9.64993961 10.40780098]
pos x  [ 6.52139463  8.65590514 10.47032143]
pos y  [ 8.22313116 10.5412612  10.42132602]
 mixed_cpl_forces: h [15.40525701 17.2938868  -0.48548989]
 mixed_cpl_forces: x [-6.64382829 -9.58001368  0.60254133]
 mixed_cpl_forces: y [-8.76142872 -7.71387311 -0.11705144]
09:29:21-INFO: mixed forces h [16.12613449 16.40236601 -0.19335402]
09:29:21-INFO: mixed forces x [ -3.34818103 -11.72863059   0.34427075]
09:29:21-INFO: mixed forces y [ -5.99850992 -10.95174252  -0.33041885]
09:29:21-DEBUG: Minimum eigen value: 
09:29:21-DEBUG: 4952.277686963453
09:29:21-DEBUG: Minimum state: 
09:29:21-DEBUG: 0
        27     4952.2776869635     5059.0769060225      765.0321434764     4954.2739192231      106.7992190590      0.41380760
09:29:21-INFO: ebond 0 27 1.1745620280011728
ids [ 122  140  173  178  185  220  223  230  265  268  270  318  407  408
  409  412  413  414  415  416  417  418  419  420  421  422  423  424
  425 1074  427  428  429  430  431  432  433  434  435  436  437  439
  440  441  442  444  446  447  449  451  452  454  456  457  458  459
  460  461  462  463  464  465  466  467  468  469  470  471  472  473
  474  475  476  477  478  479  480  481  482  483  484  485  486  487
  488  489  491  492  494  496  497  499  502  505  506  507  508  509
  510  511  512  513  514  515  516  517  520  521  522  523  524  525
  526  527  528  530  531  532  536  537  539  541  558 1079  588  591
  803  949 1043 1044 1048 1049 1053 1059 1054]
ids [  1   2   3   4   9  10  11  12  13  14  15  16  17  18  19  20  21  23
  24  25  26  27  28  29  30  31  32  33  34  35  36  37  39  41  42  44
  46  47  49  50  51  52  53  54  55  56  57  58  59  60  61  62  63  64
  65  67  68  69  70  71  72  73  74  75  76  78  79  81  83  85  86  88
  89  90  91  93  96  97  98  99 100 101 103 104 105 106 109 111 113 114
 115 116 119 120 121 124 126 993 130 131 132 135 136 544 638 643 644 649
 654 659 664 669 674 815 850 966 893 895 898 900 905 938 945 951]
ids [   5   48  139  234  238  239  244  248  249  258  259  264  378  533
  677  679  682  683  684  685  686  687  688  689  690  691  692  694
  695  696  697  698  699  700  701  702  703  704  705  706  707  708
  709  710 1080  712  713  714  716  717  719  721  722  724  726  727
  728  729  730  731  732  733  734  735  736  737  738  739  740  741
  742  743  744  745  746  747  748  749  750  751  752  754  755  756
  757  759  761  762  763  764  766  767  769  772  773  774  775  776
  777  778  779  780  781  782  785  786  787  788  790  791  792  793
  795  796  797  799  800  802  805  806  807  811  828  876  891  771
  950  983  988  990 1028 1030 1033 1035 1038 1040 1075]
ids [   8   22   66   77   80   95  110  125  138  263  273  503  504  518
  519  529  534  543  663  678  680  715  718  720  723  725  758  760
  765  768  770  810  903  947  952  953  954  955  956  957  958  959
  960  961  962  963  964  965  967  968  969  970  971  972  973  974
  975  976  977  978  979  980  981  982  984  985  986  987  989  991
  992  994  995  996  997  998  999 1000 1001 1002 1003 1004 1005 1006
 1007 1008 1009 1010 1011 1012 1013 1014 1015 1016 1017 1018 1019 1020
 1021 1022 1023 1024 1025 1026 1027 1029 1031 1032 1034 1036 1037 1039
 1041 1042 1045 1046 1047 1050 1051 1052 1081 1055 1056 1057 1058 1060
 1061 1062 1063 1065 1066 1067 1068 1069 1070 1071 1072 1076 1077 1064]
ids [ 137  142  143  144  145  146  147  148  149  150  151  152  154  155
  157  158  159  160  161  162  163  164  165  166  167  169  170  171
  172  174  175  176  177  179  180  181  182  184  187  188  189  190
  191  192  193  194  195  196  197  198  199  200  202  203  204  205
  206  207  208  209  210  211  212  214  215  217  218  219  221  222
  224  225  226  227  229  232  233  235  236  237  240  241  242  243
  245 1073  247  250  251  252  253  254  255  256  257  260  276  262
  266  267  269  271  306  348 1078  393  396  410  443  445  448  450
  455  490  493  495  500  535  538  540  784  789  794  798  804  808
  809  918  933  216]
ids [127 141 153 156 168 186 201 213 928 231 272 929 277 278 279 280 281 282
 283 284 285 286 287 288 289 290 291 292 293 294 295 296 297 298 299 300
 301 302 303 304 305 307 308 309 311 312 314 316 317 319 321 322 323 324
 325 326 327 328 329 330 331 332 333 334 335 336 337 338 339 340 341 342
 343 344 345 346 347 349 350 351 352 354 356 357 359 361 362 364 366 367
 369 370 371 372 373 374 375 376 377 380 382 383 385 386 387 388 389 390
 391 392 394 395 397 401 402 381 406 453 498 545 578 580 583 585 590 623
 625 628 630 633 670 675 943 909 913 914 246 924 261]
ids [  7  38  40  43  45  82  84  87  92  94 129 134 274 368 379 384 398 399
 404 668 673 681 693 753 711 783 801 812 816 817 818 819 820 821 822 823
 824 825 826 827 829 830 831 832 833 834 835 836 837 838 839 840 841 842
 843 844 845 847 848 849 851 852 853 854 855 856 857 858 859 861 862 863
 864 865 866 867 868 869 870 871 872 873 874 875 946 877 878 879 880 881
 882 883 884 885 886 887 888 889 890 892 894 896 897 899 901 902 904 906
 907 908 910 911 912 915 916 917 920 921 922 923 925 926 927 948 930 931
 932 934 935 937 939 940 941 942 944 919 814 860 846 936]
ids [  6 102 107 108 112 117 118 123 133 183 228 275 310 313 315 320 353 355
 358 360 363 365 400 403 411 438 501 542 546 547 548 549 550 551 552 553
 554 555 556 557 559 560 562 563 564 565 566 567 568 569 570 571 572 573
 574 575 576 577 579 581 582 584 586 587 589 592 593 594 595 596 597 598
 599 600 601 602 603 604 605 606 607 608 609 610 611 612 613 614 615 616
 617 618 619 620 621 622 624 626 627 629 631 632 634 635 636 637 639 640
 641 642 645 646 647 648 650 651 652 653 655 656 657 658 660 661 662 665
 666 667 671 672 676 813 405 561 128 426]
09:29:21-INFO: Step 28
09:29:21-DEBUG: Reaction systems: [[None]
 [0]]
09:29:21-DEBUG: rxn_pairs: [array([ 1, 13])]
09:29:21-DEBUG: Starting total colors: 5
09:29:21-DEBUG: Number of systems: 2
09:29:21-DEBUG: New total colors: 5
09:29:21-DEBUG: Potential energy for color 0: 4949.772509712782
ebond 1 28 2.8433955094434453
09:29:21-DEBUG: Potential energy for color 1: 4951.16023215374
xhy 28 2 1 13
xhy 28 2 1 13
xhy 28 2 1 13
xhy 28 2 1 13
xhy 28 2 1 13
h_pos [ 7.19939584  9.6808983  10.39632984] x_pos [ 6.52507131  8.65260132 10.47060376] y_pos [ 8.22577232 10.53717802 10.42161994]
h_pos [ 7.19939584  9.6808983  10.39632984] x_pos [ 6.52507131  8.65260132 10.47060376] y_pos [ 8.22577232 10.53717802 10.42161994]
h_pos [ 7.19939584  9.6808983  10.39632984] x_pos [ 6.52507131  8.65260132 10.47060376] y_pos [ 8.22577232 10.53717802 10.42161994]
h_pos [ 7.19939584  9.6808983  10.39632984] x_pos [ 6.52507131  8.65260132 10.47060376] y_pos [ 8.22577232 10.53717802 10.42161994]
28 rHY 1.336900605198844 rHX 1.2319191762909192 0.10498142890792472
28 rHY 1.336900605198844 rHX 1.2319191762909192 0.10498142890792472
h_pos [ 7.19939584  9.6808983  10.39632984] x_pos [ 6.52507131  8.65260132 10.47060376] y_pos [ 8.22577232 10.53717802 10.42161994]
28 rHY 1.336900605198844 rHX 1.2319191762909192 0.10498142890792472
28 rHY 1.336900605198844 rHX 1.2319191762909192 0.10498142890792472
28 rHY 1.336900605198844 rHX 1.2319191762909192 0.10498142890792472
28 cpl_forces h [-14.07347579 -15.78679168   0.44276269]
28 cpl_forces h [-14.07347579 -15.78679168   0.44276269]
28 cpl_forces h [-14.07347579 -15.78679168   0.44276269]
28 cpl_forces h [-14.07347579 -15.78679168   0.44276269]
28 cpl_forces h [-14.07347579 -15.78679168   0.44276269]
28 cpl_forces x [ 5.8577049   8.93258361 -0.64520076]
28 cpl_forces x [ 5.8577049   8.93258361 -0.64520076]
28 cpl_forces x [ 5.8577049   8.93258361 -0.64520076]
28 cpl_forces x [ 5.8577049   8.93258361 -0.64520076]
28 cpl_forces y [8.21577089 6.85420807 0.20243806]
28 cpl_forces y [8.21577089 6.85420807 0.20243806]
28 cpl_forces x [ 5.8577049   8.93258361 -0.64520076]
28 cpl_forces y [8.21577089 6.85420807 0.20243806]
28 cpl_forces y [8.21577089 6.85420807 0.20243806]
28 cpl_forces y [8.21577089 6.85420807 0.20243806]
09:29:21-DEBUG: System matrix: 
09:29:21-DEBUG: [[4.94977251e+03 3.18550498e+00]
 [3.18550498e+00 4.95116023e+03]]
09:29:21-DEBUG: Eigen values: 
09:29:21-DEBUG: [4947.20617379 4953.72656807]
09:29:21-DEBUG: Occupancies: 
09:29:21-DEBUG: [1. 0.]
09:29:21-INFO: coupling 28 3.185504983862322
09:29:21-DEBUG: Amplitudes: 
09:29:21-DEBUG: [0.606414 0.393586]
09:29:21-INFO: forces0 h [ -7.56081771 -10.59809377   0.65071113]
09:29:21-INFO: forces0 x [ 6.68059167  4.38785207 -0.69569329]
09:29:21-INFO: forces0 y [ 8.10167298  0.88221459 -0.15935927]
09:29:21-INFO: forces1 h [ 1.52090435e+01  1.46138070e+01 -1.24874123e-03]
09:29:21-INFO: forces1 x [ -2.03133013 -11.79242932   0.30354161]
09:29:21-INFO: forces1 y [ -7.87002787 -10.51586833  -0.41812203]
pos h  [ 7.19939584  9.6808983  10.39632984]
pos x  [ 6.52507131  8.65260132 10.47060376]
pos y  [ 8.22577232 10.53717802 10.42161994]
 mixed_cpl_forces: h [13.75104797 15.42511125 -0.43261886]
 mixed_cpl_forces: x [-5.72350301 -8.72793527  0.630419  ]
 mixed_cpl_forces: y [-8.02754495 -6.69717598 -0.19780014]
09:29:21-INFO: mixed forces h [15.15212889 14.75006874 -0.03851001]
09:29:21-INFO: mixed forces x [ -2.47180182 -10.70841548   0.32801059]
09:29:21-INFO: mixed forces y [ -6.21210986 -10.30108728  -0.45900481]
09:29:21-DEBUG: Minimum eigen value: 
09:29:21-DEBUG: 4947.206173792673
09:29:21-DEBUG: Minimum state: 
09:29:21-DEBUG: 0
        28     4947.2061737927     5059.0760119159      801.3543807136     4949.7725097128      111.8698381232      0.42008679
09:29:21-INFO: ebond 0 28 1.3987231991324647
ids [ 137  142  143  144  145  146  147  148  149  150  151  152  154  155
  157  158  159  160  161  162  163  164  165  166  167  169  170  171
  172  174  175  176  177  179  180  181  182  184  187  188  189  190
  191  192  193  194  195  196  197  198  199  200  202  203  204  205
  206  207  208  209  210  211  212  214  215  217  218  219  221  222
  224  225  226  227  229  232  233  235  236  237  240  241  242  243
  245 1073  247  250  251  252  253  254  255  256  257  260  276  262
  266  267  269  271  306  348 1078  393  396  410  443  445  448  450
  455  490  493  495  500  535  538  540  784  789  794  798  804  808
  809  918  933  216  321]
ids [   5   48  139  234  238  239  244  248  249  258  259  264  378  533
  677  679  682  683  684  685  686  687  688  689  690  691  692  694
  695  696  697  698  699  700  701  702  703  704  705  706  707  708
  709  710 1080  712  713  714  716  717  719  721  722  724  726  727
  728  729  730  731  732  733  734  735  736  737  738  739  740  741
  742  743  744  745  746  747  748  749  750  751  752  754  755  756
  757  759  761  762  763  764  766  767  769  772  773  774  775  776
  777  778  779  780  781  782  785  786  787  788  790  791  792  793
  795  796  797  799  800  802  805  806  807  811  828  876  891  771
  950  983  988  990 1028 1030 1033 1035 1038 1040 1075]
ids [ 122  140  173  178  185  220  223  230  265  268  270  318  407  408
  409  412  413  414  415  416  417  418  419  420  421  422  423  424
  425 1074  427  428  429  430  431  432  433  434  435  436  437  439
  440  441  442  444  446  447  449  451  452  454  456  457  458  459
  460  461  462  463  464  465  466  467  468  469  470  471  472  473
  474  475  476  477  478  479  480  481  482  483  484  485  486  487
  488  489  491  492  494  496  497  499  502  505  506  507  508  509
  510  511  512  513  514  515  516  517  520  521  522  523  524  525
  526  527  528  530  531  532  536  537  539  541  558 1079  588  591
  803  949 1043 1044 1048 1049 1053 1059 1054]
ids [  1   2   3   4   9  10  11  12  13  14  15  16  17  18  19  20  21  23
  24  25  26  27  28  29  30  31  32  33  34  35  36  37  39  41  42  44
  46  47  49  50  51  52  53  54  55  56  57  58  59  60  61  62  63  64
  65  67  68  69  70  71  72  73  74  75  76  78  79  81  83  85  86  88
  89  90  91  93  96  97  98  99 100 101 103 104 105 106 109 111 113 114
 115 116 119 120 121 124 126 993 130 131 132 135 136 544 638 643 644 649
 654 659 664 669 674 815 850 966 893 895 898 900 905 938 945 951]
ids [   8   22   66   77   80   95  110  125  138  263  273  503  504  518
  519  529  534  543  663  678  680  715  718  720  723  725  758  760
  765  768  770  810  903  947  952  953  954  955  956  957  958  959
  960  961  962  963  964  965  967  968  969  970  971  972  973  974
  975  976  977  978  979  980  981  982  984  985  986  987  989  991
  992  994  995  996  997  998  999 1000 1001 1002 1003 1004 1005 1006
 1007 1008 1009 1010 1011 1012 1013 1014 1015 1016 1017 1018 1019 1020
 1021 1022 1023 1024 1025 1026 1027 1029 1031 1032 1034 1036 1037 1039
 1041 1042 1045 1046 1047 1050 1051 1052 1081 1055 1056 1057 1058 1060
 1061 1062 1063 1065 1066 1067 1068 1069 1070 1071 1072 1076 1077 1064]
ids [  7  38  40  43  45  82  84  87  92  94 129 134 274 368 379 384 398 399
 404 668 673 681 693 753 711 783 801 812 816 817 818 819 820 821 822 823
 824 825 826 827 829 830 831 832 833 834 835 836 837 838 839 840 841 842
 843 844 845 847 848 849 851 852 853 854 855 856 857 858 859 861 862 863
 864 865 866 867 868 869 870 871 872 873 874 875 946 877 878 879 880 881
 882 883 884 885 886 887 888 889 890 892 894 896 897 899 901 902 904 906
 907 908 910 911 912 915 916 917 920 921 922 923 925 926 927 948 930 931
 932 934 935 937 939 940 941 942 944 919 814 860 846 936]
ids [127 141 153 156 168 186 201 213 928 231 272 929 277 278 279 280 281 282
 283 284 285 286 287 288 289 290 291 292 293 294 295 296 297 298 299 300
 301 302 303 304 305 307 308 309 311 312 314 316 317 319 261 322 323 324
 325 326 327 328 329 330 331 332 333 334 335 336 337 338 339 340 341 342
 343 344 345 346 347 349 350 351 352 354 356 357 359 361 362 364 366 367
 369 370 371 372 373 374 375 376 377 380 382 383 385 386 387 388 389 390
 391 392 394 395 397 401 402 381 406 453 498 545 578 580 583 585 590 623
 625 628 630 633 670 675 943 909 913 914 246 924]
ids [  6 102 107 108 112 117 118 123 133 183 228 275 310 313 315 320 353 355
 358 360 363 365 400 403 411 438 501 542 546 547 548 549 550 551 552 553
 554 555 556 557 559 560 562 563 564 565 566 567 568 569 570 571 572 573
 574 575 576 577 579 581 582 584 586 587 589 592 593 594 595 596 597 598
 599 600 601 602 603 604 605 606 607 608 609 610 611 612 613 614 615 616
 617 618 619 620 621 622 624 626 627 629 631 632 634 635 636 637 639 640
 641 642 645 646 647 648 650 651 652 653 655 656 657 658 660 661 662 665
 666 667 671 672 676 813 405 561 128 426]
09:29:21-INFO: Step 29
09:29:21-DEBUG: Reaction systems: [[None]
 [0]]
09:29:21-DEBUG: rxn_pairs: [array([ 1, 13])]
09:29:21-DEBUG: Starting total colors: 5
09:29:21-DEBUG: Number of systems: 2
09:29:21-DEBUG: New total colors: 5
09:29:21-DEBUG: Potential energy for color 0: 4945.615362842613
ebond 1 29 2.5385205956721895
09:29:21-DEBUG: Potential energy for color 1: 4946.168328449573
xhy 29 2 1 13
xhy 29 2 1 13
xhy 29 2 1 13
xhy 29 2 1 13
xhy 29 2 1 13
h_pos [ 7.19391147  9.71761215 10.38483923] x_pos [ 6.52868118  8.64903979 10.47089245] y_pos [ 8.22826574 10.53283952 10.42190458]
29 rHY 1.317519737681773 rHX 1.2616589834512477 0.05586075423052539
h_pos [ 7.19391147  9.71761215 10.38483923] x_pos [ 6.52868118  8.64903979 10.47089245] y_pos [ 8.22826574 10.53283952 10.42190458]
h_pos [ 7.19391147  9.71761215 10.38483923] x_pos [ 6.52868118  8.64903979 10.47089245] y_pos [ 8.22826574 10.53283952 10.42190458]
h_pos [ 7.19391147  9.71761215 10.38483923] x_pos [ 6.52868118  8.64903979 10.47089245] y_pos [ 8.22826574 10.53283952 10.42190458]
29 rHY 1.317519737681773 rHX 1.2616589834512477 0.05586075423052539
29 rHY 1.317519737681773 rHX 1.2616589834512477 0.05586075423052539
29 rHY 1.317519737681773 rHX 1.2616589834512477 0.05586075423052539
29 cpl_forces h [-8.47972968 -9.47075921  0.25893715]
29 cpl_forces h [-8.47972968 -9.47075921  0.25893715]
29 cpl_forces x [ 3.40694102  5.47263571 -0.44071693]
h_pos [ 7.19391147  9.71761215 10.38483923] x_pos [ 6.52868118  8.64903979 10.47089245] y_pos [ 8.22826574 10.53283952 10.42190458]
29 cpl_forces h [-8.47972968 -9.47075921  0.25893715]
29 cpl_forces x [ 3.40694102  5.47263571 -0.44071693]
29 cpl_forces h [-8.47972968 -9.47075921  0.25893715]
29 cpl_forces x [ 3.40694102  5.47263571 -0.44071693]
29 rHY 1.317519737681773 rHX 1.2616589834512477 0.05586075423052539
29 cpl_forces y [5.07278866 3.9981235  0.18177977]
29 cpl_forces y [5.07278866 3.9981235  0.18177977]
29 cpl_forces x [ 3.40694102  5.47263571 -0.44071693]
29 cpl_forces y [5.07278866 3.9981235  0.18177977]
29 cpl_forces h [-8.47972968 -9.47075921  0.25893715]
29 cpl_forces y [5.07278866 3.9981235  0.18177977]
29 cpl_forces x [ 3.40694102  5.47263571 -0.44071693]
29 cpl_forces y [5.07278866 3.9981235  0.18177977]
09:29:21-DEBUG: System matrix: 
09:29:21-DEBUG: [[4.94561536e+03 3.61474622e+00]
 [3.61474622e+00 4.94616833e+03]]
09:29:21-DEBUG: Eigen values: 
09:29:21-DEBUG: [4942.26654111 4949.51715018]
09:29:21-DEBUG: Occupancies: 
09:29:21-DEBUG: [1. 0.]
09:29:21-INFO: coupling 29 3.6147462227001124
09:29:21-DEBUG: Amplitudes: 
09:29:21-DEBUG: [0.53813236 0.46186764]
09:29:21-INFO: forces0 h [ -8.37351006 -12.08551416   0.8073742 ]
09:29:21-INFO: forces0 x [ 7.16176716  5.82821283 -0.87633762]
09:29:21-INFO: forces0 y [ 8.21708014  1.06732897 -0.13043612]
09:29:21-INFO: forces1 h [13.97076707 12.62205601  0.17516017]
09:29:21-INFO: forces1 x [ -1.22968039 -10.49328714   0.25490403]
09:29:21-INFO: forces1 y [-7.58819382 -9.61458957 -0.54048996]
pos h  [ 7.19391147  9.71761215 10.38483923]
pos x  [ 6.52868118  8.64903979 10.47089245]
pos y  [ 8.22826574 10.53283952 10.42190458]
 mixed_cpl_forces: h [ 8.45503337  9.44317663 -0.25818303]
 mixed_cpl_forces: x [-3.39701866 -5.45669724  0.43943339]
 mixed_cpl_forces: y [-5.0580147  -3.98647938 -0.18125036]
09:29:21-INFO: mixed forces h [10.40162195  8.7692897   0.25719197]
09:29:21-INFO: mixed forces x [-0.11098962 -7.16685716  0.08557968]
09:29:21-INFO: mixed forces y [-4.14087922 -7.85278297 -0.50107709]
09:29:21-DEBUG: Minimum eigen value: 
09:29:21-DEBUG: 4942.266541107831
09:29:21-DEBUG: Minimum state: 
09:29:21-DEBUG: 0
        29     4942.2665411078     5059.1367751273      837.1735901090     4945.6153628426      116.8702340195      0.41446545
09:29:21-INFO: ebond 0 29 1.7564948216476441
ids [  1   2   3   4   9  10  11  12  13  14  15  16  17  18  19  20  21  23
  24  25  26  27  28  29  30  31  32  33  34  35  36  37  39  41  42  44
  46  47  49  50  51  52  53  54  55  56  57  58  59  60  61  62  63  64
  65  67  68  69  70  71  72  73  74  75  76  78  79  81  83  85  86  88
  89  90  91  93  96  97  98  99 100 101 103 104 105 106 109 111 113 114
 115 116 119 120 121 124 126 993 130 131 132 135 136 544 638 643 644 649
 654 659 664 669 674 815 850 966 893 895 898 900 905 938 945 951]
ids [ 122  140  173  178  185  220  223  230  265  268  270  318  407  408
  409  412  413  414  415  416  417  418  419  420  421  422  423  424
  425 1074  427  428  429  430  431  432  433  434  435  436  437  439
  440  441  442  444  446  447  449  451  452  454  456  457  458  459
  460  461  462  463  464  465  466  467  468  469  470  471  472  473
  474  475  476  477  478  479  480  481  482  483  484  485  486  487
  488  489  491  492  494  496  497  499  502  505  506  507  508  509
  510  511  512  513  514  515  516  517  520  521  522  523  524  525
  526  527  528  530  531  532  536  537  539  541  558 1079  588  591
  803  949 1043 1044 1048 1049 1053 1059 1054]
ids [ 137  142  143  144  145  146  147  148  149  150  151  152  154  155
  157  158  159  160  161  162  163  164  165  166  167  169  170  171
  172  174  175  176  177  179  180  181  182  184  187  188  189  190
  191  192  193  194  195  196  197  198  199  200  202  203  204  205
  206  207  208  209  210  211  212  214  215  217  218  219  221  222
  224  225  226  227  229  232  233  235  236  237  240  241  242  243
  245 1073  247  250  251  252  253  254  255  256  257  260  276  262
  266  267  269  271  306  348 1078  393  396  410  443  445  448  450
  455  490  493  495  500  535  538  540  784  789  794  798  804  808
  809  918  933  216  321  239]
ids [   5   48  139  234  238 1075  244  248  249  258  259  264  378  533
  677  679  682  683  684  685  686  687  688  689  690  691  692  694
  695  696  697  698  699  700  701  702  703  704  705  706  707  708
  709  710 1080  712  713  714  716  717  719  721  722  724  726  727
  728  729  730  731  732  733  734  735  736  737  738  739  740  741
  742  743  744  745  746  747  748  749  750  751  752  754  755  756
  757  759  761  762  763  764  766  767  769  772  773  774  775  776
  777  778  779  780  781  782  785  786  787  788  790  791  792  793
  795  796  797  799  800  802  805  806  807  811  828  876  891  771
  950  983  988  990 1028 1030 1033 1035 1038 1040]
ids [127 141 153 156 168 186 201 213 928 231 272 929 277 278 279 280 281 282
 283 284 285 286 287 288 289 290 291 292 293 294 295 296 297 298 299 300
 301 302 303 304 305 307 308 309 311 312 314 316 317 319 261 322 323 324
 325 326 327 328 329 330 331 332 333 334 335 336 337 338 339 340 341 342
 343 344 345 346 347 349 350 351 352 354 356 357 359 361 362 364 366 367
 369 370 371 372 373 374 375 376 377 380 382 383 385 386 387 388 389 390
 391 392 394 395 397 401 402 381 406 453 498 545 578 580 583 585 590 623
 625 628 630 633 670 675 943 909 913 914 246 924]
ids [  6 102 107 108 112 117 118 123 133 183 228 275 310 313 315 320 353 355
 358 360 363 365 400 403 411 438 501 542 546 547 548 549 550 551 552 553
 554 555 556 557 559 560 562 563 564 565 566 567 568 569 570 571 572 573
 574 575 576 577 579 581 582 584 586 587 589 592 593 594 595 596 597 598
 599 600 601 602 603 604 605 606 607 608 609 610 611 612 613 614 615 616
 617 618 619 620 621 622 624 626 627 629 631 632 634 635 636 637 639 640
 641 642 645 646 647 648 650 651 652 653 655 656 657 658 660 661 662 665
 666 667 671 672 676 813 405 561 128 426]
ids [  7  38  40  43  45  82  84  87  92  94 129 134 274 368 379 384 398 399
 404 668 673 681 693 753 711 783 801 812 816 817 818 819 820 821 822 823
 824 825 826 827 829 830 831 832 833 834 835 836 837 838 839 840 841 842
 843 844 845 847 848 849 851 852 853 854 855 856 857 858 859 861 862 863
 864 865 866 867 868 869 870 871 872 873 874 875 946 877 878 879 880 881
 882 883 884 885 886 887 888 889 890 892 894 896 897 899 901 902 904 906
 907 908 910 911 912 915 916 917 920 921 922 923 925 926 927 948 930 931
 932 934 935 937 939 940 941 942 944 919 814 860 846 936]
ids [   8   22   66   77   80   95  110  125  138  263  273  503  504  518
  519  529  534  543  663  678  680  715  718  720  723  725  758  760
  765  768  770  810  903  947  952  953  954  955  956  957  958  959
  960  961  962  963  964  965  967  968  969  970  971  972  973  974
  975  976  977  978  979  980  981  982  984  985  986  987  989  991
  992  994  995  996  997  998  999 1000 1001 1002 1003 1004 1005 1006
 1007 1008 1009 1010 1011 1012 1013 1014 1015 1016 1017 1018 1019 1020
 1021 1022 1023 1024 1025 1026 1027 1029 1031 1032 1034 1036 1037 1039
 1041 1042 1045 1046 1047 1050 1051 1052 1081 1055 1056 1057 1058 1060
 1061 1062 1063 1065 1066 1067 1068 1069 1070 1071 1072 1076 1077 1064]
09:29:21-INFO: Step 30
09:29:21-DEBUG: Reaction systems: [[None]
 [0]]
09:29:21-DEBUG: rxn_pairs: [array([ 1, 13])]
09:29:21-DEBUG: Starting total colors: 5
09:29:21-DEBUG: Number of systems: 2
09:29:21-DEBUG: New total colors: 5
09:29:21-DEBUG: Potential energy for color 0: 4941.83297429395
ebond 1 30 2.174342366557014
09:29:21-DEBUG: Potential energy for color 1: 4941.345600397695
xhy 30 2 1 13
xhy 30 2 1 13
xhy 30 2 1 13
xhy 30 2 1 13
xhy 30 2 1 13
h_pos [ 7.19315412  9.75853543 10.37342032] x_pos [ 6.5322657   8.64527998 10.47118394] y_pos [ 8.23063566 10.52828425 10.42217798]
h_pos [ 7.19315412  9.75853543 10.37342032] x_pos [ 6.5322657   8.64527998 10.47118394] y_pos [ 8.23063566 10.52828425 10.42217798]
30 rHY 1.2927716284125716 rHX 1.2983331309224257 0.005561502509854099
30 rHY 1.2927716284125716 rHX 1.2983331309224257 0.005561502509854099
h_pos [ 7.19315412  9.75853543 10.37342032] x_pos [ 6.5322657   8.64527998 10.47118394] y_pos [ 8.23063566 10.52828425 10.42217798]
h_pos [ 7.19315412  9.75853543 10.37342032] x_pos [ 6.5322657   8.64527998 10.47118394] y_pos [ 8.23063566 10.52828425 10.42217798]
30 rHY 1.2927716284125716 rHX 1.2983331309224257 0.005561502509854099
h_pos [ 7.19315412  9.75853543 10.37342032] x_pos [ 6.5322657   8.64527998 10.47118394] y_pos [ 8.23063566 10.52828425 10.42217798]
30 cpl_forces h [ 0.88649012  0.98201059 -0.02540317]
30 cpl_forces h [ 0.88649012  0.98201059 -0.02540317]
30 rHY 1.2927716284125716 rHX 1.2983331309224257 0.005561502509854099
30 rHY 1.2927716284125716 rHX 1.2983331309224257 0.005561502509854099
30 cpl_forces x [-0.34405663 -0.57955761  0.05089546]
30 cpl_forces x [-0.34405663 -0.57955761  0.05089546]
30 cpl_forces h [ 0.88649012  0.98201059 -0.02540317]
30 cpl_forces h [ 0.88649012  0.98201059 -0.02540317]
30 cpl_forces x [-0.34405663 -0.57955761  0.05089546]
30 cpl_forces y [-0.54243349 -0.40245298 -0.02549229]
30 cpl_forces y [-0.54243349 -0.40245298 -0.02549229]
30 cpl_forces x [-0.34405663 -0.57955761  0.05089546]
30 cpl_forces h [ 0.88649012  0.98201059 -0.02540317]
30 cpl_forces y [-0.54243349 -0.40245298 -0.02549229]
30 cpl_forces y [-0.54243349 -0.40245298 -0.02549229]
30 cpl_forces x [-0.34405663 -0.57955761  0.05089546]
30 cpl_forces y [-0.54243349 -0.40245298 -0.02549229]
09:29:21-DEBUG: System matrix: 
09:29:21-DEBUG: [[4.94183297e+03 3.79792000e+00]
 [3.79792000e+00 4.94134560e+03]]
09:29:21-DEBUG: Eigen values: 
09:29:21-DEBUG: [4945.39501719 4937.7835575 ]
09:29:21-DEBUG: Occupancies: 
09:29:21-DEBUG: [0. 1.]
09:29:21-INFO: coupling 30 3.7979200013487326
09:29:21-DEBUG: Amplitudes: 
09:29:21-DEBUG: [0.4679842 0.5320158]
09:29:21-INFO: forces0 h [ -9.51507299 -13.97046735   0.98190984]
09:29:21-INFO: forces0 x [ 7.7758738   7.55586682 -1.09113393]
09:29:21-INFO: forces0 y [ 8.53373878  1.3665636  -0.08501555]
09:29:21-INFO: forces1 h [12.6638932  10.63006098  0.33978571]
09:29:21-INFO: forces1 x [-0.58836903 -9.31791625  0.19754221]
09:29:21-INFO: forces1 y [-7.07450426 -8.58268777 -0.64222064]
pos h  [ 7.19315412  9.75853543 10.37342032]
pos x  [ 6.5322657   8.64527998 10.47118394]
pos y  [ 8.23063566 10.52828425 10.42217798]
 mixed_cpl_forces: h [-0.88467093 -0.97999538  0.02535104]
 mixed_cpl_forces: x [ 0.34335058  0.57836829 -0.05079102]
 mixed_cpl_forces: y [0.54132034 0.40162709 0.02543998]
09:29:21-INFO: mixed forces h [ 1.39981646 -1.86259305  0.6656407 ]
09:29:21-INFO: mixed forces x [ 3.66931507 -0.84288404 -0.45632888]
09:29:21-INFO: mixed forces y [ 0.77122726 -3.5249682  -0.35601748]
09:29:21-DEBUG: Minimum eigen value: 
09:29:21-DEBUG: 4937.783557499219
09:29:21-DEBUG: Minimum state: 
09:29:21-DEBUG: 1
        30     4937.7835574992     5059.3122054999      870.5430891056     4941.8329742940      121.5286480007      0.40678659
09:29:21-INFO: ebond 0 30 2.253726978593181
09:29:21-DEBUG: min system: (array([ 1, 13]),)
YES
YES
YES
YES
YES
YES
YES
YES
post react forces
post react forces
post react forces
post react forces
post react forces
post react forces
post react forces
post react forces
YES
YES
YES
09:29:21-INFO: forces0 h [12.6638932  10.63006098  0.33978571]
YES
09:29:21-INFO: forces0 x [-0.58836903 -9.31791625  0.19754221]
09:29:21-INFO: forces0 y [-7.07450426 -8.58268777 -0.64222064]
YES
YES
YES
YES
reaction occured at step 30 between IDs 1 and 13
ids [   8   22   66   77   80   95  110  125  138  263  273  503  504  518
  519  529  534  543  663  678  680  715  718  720  723  725  758  760
  765  768  770  810  903  947  952  953  954  955  956  957  958  959
  960  961  962  963  964  965  967  968  969  970  971  972  973  974
  975  976  977  978  979  980  981  982  984  985  986  987  989  991
  992  994  995  996  997  998  999 1000 1001 1002 1003 1004 1005 1006
 1007 1008 1009 1010 1011 1012 1013 1014 1015 1016 1017 1018 1019 1020
 1021 1022 1023 1024 1025 1026 1027 1029 1031 1032 1034 1036 1037 1039
 1041 1042 1045 1046 1047 1050 1051 1052 1081 1055 1056 1057 1058 1060
 1061 1062 1063 1065 1066 1067 1068 1069 1070 1071 1072 1076 1077 1064]
ids [ 122  140  173  178  185  220  223  230  265  268  270  318  407  408
  409  412  413  414  415  416  417  418  419  420  421  422  423  424
  425 1074  427  428  429  430  431  432  433  434  435  436  437  439
  440  441  442  444  446  447  449  451  452  454  456  457  458  459
  460  461  462  463  464  465  466  467  468  469  470  471  472  473
  474  475  476  477  478  479  480  481  482  483  484  485  486  487
  488  489  491  492  494  496  497  499  502  505  506  507  508  509
  510  511  512  513  514  515  516  517  520  521  522  523  524  525
  526  527  528  530  531  532  536  537  539  541  558 1079  588  591
  803  949 1043 1044 1048 1049 1053 1059 1054]
ids [   5   48  139  234  238 1075  244  248 1040  258  259  264  378  533
  677  679  682  683  684  685  686  687  688  689  690  691  692  694
  695  696  697  698  699  700  701  702  703  704  705  706  707  708
  709  710 1080  712  713  714  716  717  719  721  722  724  726  727
  728  729  730  731  732  733  734  735  736  737  738  739  740  741
  742  743  744  745  746  747  748  749  750  751  752  754  755  756
  757  759  761  762  763  764  766  767  769  772  773  774  775  776
  777  778  779  780  781  782  785  786  787  788  790  791  792  793
  795  796  797  799  800  802  805  806  807  811  828  876  891  771
  950  983  988  990 1028 1030 1033 1035 1038]
ids [ 137  142  143  144  145  146  147  148  149  150  151  152  154  155
  157  158  159  160  161  162  163  164  165  166  167  169  170  171
  172  174  175  176  177  179  180  181  182  184  187  188  189  190
  191  192  193  194  195  196  197  198  199  200  202  203  204  205
  206  207  208  209  210  211  212  214  215  217  218  219  221  222
  224  225  226  227  229  232  233  235  236  237  240  241  242  243
  245 1073  247  250  251  252  253  254  255  256  257  260  276  262
  266  267  269  271  306  348 1078  393  396  410  443  445  448  450
  455  490  493  495  500  535  538  540  784  789  794  798  804  808
  809  918  933  216  321  239  231  249]
ids [  7  38  40  43  45  82  84  87  92  94 129 134 274 368 379 384 398 399
 404 668 673 681 693 753 711 783 801 812 816 817 818 819 820 821 822 823
 824 825 826 827 829 830 831 832 833 834 835 836 837 838 839 840 841 842
 843 844 845 847 848 849 851 852 853 854 855 856 857 858 859 861 862 863
 864 865 866 867 868 869 870 871 872 873 874 875 946 877 878 879 880 881
 882 883 884 885 886 887 888 889 890 892 894 896 897 899 901 902 904 906
 907 908 910 911 912 915 916 917 920 921 922 923 925 926 927 948 930 931
 932 934 935 937 939 940 941 942 944 919 814 860 846 936]
ids [127 141 153 156 168 186 201 213 928 924 272 929 277 278 279 280 281 282
 283 284 285 286 287 288 289 290 291 292 293 294 295 296 297 298 299 300
 301 302 303 304 305 307 308 309 311 312 314 316 317 319 261 322 323 324
 325 326 327 328 329 330 331 332 333 334 335 336 337 338 339 340 341 342
 343 344 345 346 347 349 350 351 352 354 356 357 359 361 362 364 366 367
 369 370 371 372 373 374 375 376 377 380 382 383 385 386 387 388 389 390
 391 392 394 395 397 401 402 381 406 453 498 545 578 580 583 585 590 623
 625 628 630 633 670 675 943 909 913 914 246]
ids [  6 102 107 108 112 117 118 123 133 183 228 275 310 313 315 320 353 355
 358 360 363 365 400 403 411 438 501 542 546 547 548 549 550 551 552 553
 554 555 556 557 559 560 562 563 564 565 566 567 568 569 570 571 572 573
 574 575 576 577 579 581 582 584 586 587 589 592 593 594 595 596 597 598
 599 600 601 602 603 604 605 606 607 608 609 610 611 612 613 614 615 616
 617 618 619 620 621 622 624 626 627 629 631 632 634 635 636 637 639 640
 641 642 645 646 647 648 650 651 652 653 655 656 657 658 660 661 662 665
 666 667 671 672 676 813 405 561 128 426]
ids [  1   2   3   4   9  10  11  12  13  14  15  16  17  18  19  20  21  23
  24  25  26  27  28  29  30  31  32  33  34  35  36  37  39  41  42  44
  46  47  49  50  51  52  53  54  55  56  57  58  59  60  61  62  63  64
  65  67  68  69  70  71  72  73  74  75  76  78  79  81  83  85  86  88
  89  90  91  93  96  97  98  99 100 101 103 104 105 106 109 111 113 114
 115 116 119 120 121 124 126 993 130 131 132 135 136 544 638 643 644 649
 654 659 664 669 674 815 850 966 893 895 898 900 905 938 945 951]
09:29:21-INFO: Step 31
09:29:21-DEBUG: Reaction systems: [[None]
 [0]]
09:29:21-DEBUG: rxn_pairs: [array([1, 2])]
09:29:21-DEBUG: Starting total colors: 5
09:29:21-DEBUG: Number of systems: 2
09:29:21-DEBUG: New total colors: 5
09:29:21-DEBUG: Potential energy for color 0: 4936.799343931651
ebond 1 31 2.85259522415287
09:29:21-DEBUG: Potential energy for color 1: 4938.40435735621
xhy 31 13 1 2
xhy 31 13 1 2
xhy 31 13 1 2
xhy 31 13 1 2
xhy 31 13 1 2
h_pos [ 7.19443346  9.80041816 10.36221109] x_pos [ 8.23296874 10.52359533 10.42244159] y_pos [ 6.53590055  8.6414444  10.47146838]
31 rHY 1.337468849949013 rHX 1.2669524344685323 0.07051641548048071
h_pos [ 7.19443346  9.80041816 10.36221109] x_pos [ 8.23296874 10.52359533 10.42244159] y_pos [ 6.53590055  8.6414444  10.47146838]
h_pos [ 7.19443346  9.80041816 10.36221109] x_pos [ 8.23296874 10.52359533 10.42244159] y_pos [ 6.53590055  8.6414444  10.47146838]
31 rHY 1.337468849949013 rHX 1.2669524344685323 0.07051641548048071
h_pos [ 7.19443346  9.80041816 10.36221109] x_pos [ 8.23296874 10.52359533 10.42244159] y_pos [ 6.53590055  8.6414444  10.47146838]
h_pos [ 7.19443346  9.80041816 10.36221109] x_pos [ 8.23296874 10.52359533 10.42244159] y_pos [ 6.53590055  8.6414444  10.47146838]
31 rHY 1.337468849949013 rHX 1.2669524344685323 0.07051641548048071
31 rHY 1.337468849949013 rHX 1.2669524344685323 0.07051641548048071
31 rHY 1.337468849949013 rHX 1.2669524344685323 0.07051641548048071
31 cpl_forces h [10.38985819 11.38173579 -0.27041938]
31 cpl_forces h [10.38985819 11.38173579 -0.27041938]
31 cpl_forces h [10.38985819 11.38173579 -0.27041938]
31 cpl_forces x [-6.49096059 -4.51993741 -0.3764473 ]
31 cpl_forces x [-6.49096059 -4.51993741 -0.3764473 ]
31 cpl_forces h [10.38985819 11.38173579 -0.27041938]
31 cpl_forces h [10.38985819 11.38173579 -0.27041938]
31 cpl_forces y [-3.89889761 -6.86179838  0.64686668]
31 cpl_forces x [-6.49096059 -4.51993741 -0.3764473 ]
31 cpl_forces x [-6.49096059 -4.51993741 -0.3764473 ]
31 cpl_forces y [-3.89889761 -6.86179838  0.64686668]
31 cpl_forces x [-6.49096059 -4.51993741 -0.3764473 ]
31 cpl_forces y [-3.89889761 -6.86179838  0.64686668]
31 cpl_forces y [-3.89889761 -6.86179838  0.64686668]
31 cpl_forces y [-3.89889761 -6.86179838  0.64686668]
09:29:21-DEBUG: System matrix: 
09:29:21-DEBUG: [[4.93679934e+03 3.50919756e+00]
 [3.50919756e+00 4.93840436e+03]]
09:29:21-DEBUG: Eigen values: 
09:29:21-DEBUG: [4934.00206113 4941.20164016]
09:29:21-DEBUG: Occupancies: 
09:29:21-DEBUG: [1. 0.]
09:29:21-INFO: coupling 31 3.509197560618221
09:29:21-DEBUG: Amplitudes: 
09:29:21-DEBUG: [0.61146578 0.38853422]
09:29:21-INFO: forces0 h [11.48427451  8.91238391  0.47330199]
09:29:21-INFO: forces0 x [-6.47634799 -7.55916055 -0.72285075]
09:29:21-INFO: forces0 y [-0.15831658 -8.40668532  0.15024811]
09:29:21-INFO: forces1 h [-10.87782388 -16.06091846   1.1556139 ]
09:29:21-INFO: forces1 x [ 9.05328617  1.75998101 -0.01676872]
09:29:21-INFO: forces1 y [ 8.40932641  9.39589462 -1.3278326 ]
pos h  [ 7.19443346  9.80041816 10.36221109]
pos x  [ 8.23296874 10.52359533 10.42244159]
pos y  [ 6.53590055  8.6414444  10.47146838]
 mixed_cpl_forces: h [-10.12838803 -11.09530413   0.26361403]
 mixed_cpl_forces: x [6.3276097  4.4061891  0.36697367]
 mixed_cpl_forces: y [ 3.80077833  6.68911503 -0.6305877 ]
09:29:21-INFO: mixed forces h [ -7.33255392 -11.88590271   1.00201754]
09:29:21-INFO: mixed forces x [ 5.88505597  0.46783392 -0.08154005]
09:29:21-INFO: mixed forces y [ 6.97128422  5.19934117 -1.05462452]
09:29:21-DEBUG: Minimum eigen value: 
09:29:21-DEBUG: 4934.002061130264
09:29:21-DEBUG: Minimum state: 
09:29:21-DEBUG: 0
        31     4934.0020611303     5059.5135452736      899.0732384662     4936.7993439317      125.5114841433      0.16077902
09:29:21-INFO: ebond 0 31 1.8244421083207019
ids [ 137  142  143  144  145  146  147  148  149  150  151  152  154  155
  157  158  159  160  161  162  163  164  165  166  167  169  170  171
  172  174  175  176  177  179  180  181  182  184  187  188  189  190
  191  192  193  194  195  196  197  198  199  200  202  203  204  205
  206  207  208  209  210  211  212  214  215  217  218  219  221  222
  224  225  226  227  229  232  233  235  236  237  240  241  242  243
  245 1073  247  250  251  252  253  254  255  256  257  260  276  262
  266  267  269  271  306  348 1078  393  396  410  443  445  448  450
  455  490  493  495  500  535  538  540  784  789  794  798  804  808
  809  918  933  216  321  239  231  249]
ids [  1   2   3   4   9  10  11  12  13  14  15  16  17  18  19  20  21  23
  24  25  26  27  28  29  30  31  32  33  34  35  36  37  39  41  42  44
  46  47  49  50  51  52  53  54  55  56  57  58  59  60  61  62  63  64
  65  67  68  69  70  71  72  73  74  75  76  78  79  81  83  85  86  88
  89  90  91  93  96  97  98  99 100 101 103 104 105 106 109 111 113 114
 115 116 119 120 121 124 126 993 130 131 132 135 136 544 638 643 644 649
 654 659 664 669 674 815 850 966 893 895 898 900 905 938 945 951]
ids [ 122  140  173  178  185  220  223  230  265  268  270  318  407  408
  409  412  413  414  415  416  417  418  419  420  421  422  423  424
  425 1074  427  428  429  430  431  432  433  434  435  436  437  439
  440  441  442  444  446  447  449  451  452  454  456  457  458  459
  460  461  462  463  464  465  466  467  468  469  470  471  472  473
  474  475  476  477  478  479  480  481  482  483  484  485  486  487
  488  489  491  492  494  496  497  499  502  505  506  507  508  509
  510  511  512  513  514  515  516  517  520  521  522  523  524  525
  526  527  528  530  531  532  536  537  539  541  558 1079  588  591
  803  949 1043 1044 1048 1049 1053 1059 1054]
ids [   5   48  139  234  238 1075  244  248 1040  258  259  264  378  533
  677  679  682  683  684  685  686  687  688  689  690  691  692  694
  695  696  697  698  699  700  701  702  703  704  705  706  707  708
  709  710 1080  712  713  714  716  717  719  721  722  724  726  727
  728  729  730  731  732  733  734  735  736  737  738  739  740  741
  742  743  744  745  746  747  748  749  750  751  752  754  755  756
  757  759  761  762  763  764  766  767  769  772  773  774  775  776
  777  778  779  780  781  782  785  786  787  788  790  791  792  793
  795  796  797  799  800  802  805  806  807  811  828  876  891  771
  950  983  988  990 1028 1030 1033 1035 1038]
ids [127 141 153 156 168 186 201 213 928 924 272 929 277 278 279 280 281 282
 283 284 285 286 287 288 289 290 291 292 293 294 295 296 297 298 299 300
 301 302 303 304 305 307 308 309 311 312 314 316 317 319 261 322 323 324
 325 326 327 328 329 330 331 332 333 334 335 336 337 338 339 340 341 342
 343 344 345 346 347 349 350 351 352 354 356 357 359 361 362 364 366 367
 369 370 371 372 373 374 375 376 377 380 382 383 385 386 387 388 389 390
 391 392 394 395 397 401 402 381 406 453 498 545 578 580 583 585 590 623
 625 628 630 633 670 675 943 909 913 914 246]
ids [  6 102 107 108 112 117 118 123 133 183 228 275 310 313 315 320 353 355
 358 360 363 365 400 403 411 438 501 542 546 547 548 549 550 551 552 553
 554 555 556 557 559 560 562 563 564 565 566 567 568 569 570 571 572 573
 574 575 576 577 579 581 582 584 586 587 589 592 593 594 595 596 597 598
 599 600 601 602 603 604 605 606 607 608 609 610 611 612 613 614 615 616
 617 618 619 620 621 622 624 626 627 629 631 632 634 635 636 637 639 640
 641 642 645 646 647 648 650 651 652 653 655 656 657 658 660 661 662 665
 666 667 671 672 676 813 405 561 128 426]
ids [   8   22   66   77   80   95  110  125  138  263  273  503  504  518
  519  529  534  543  663  678  680  715  718  720  723  725  758  760
  765  768  770  810  903  947  952  953  954  955  956  957  958  959
  960  961  962  963  964  965  967  968  969  970  971  972  973  974
  975  976  977  978  979  980  981  982  984  985  986  987  989  991
  992  994  995  996  997  998  999 1000 1001 1002 1003 1004 1005 1006
 1007 1008 1009 1010 1011 1012 1013 1014 1015 1016 1017 1018 1019 1020
 1021 1022 1023 1024 1025 1026 1027 1029 1031 1032 1034 1036 1037 1039
 1041 1042 1045 1046 1047 1050 1051 1052 1081 1055 1056 1057 1058 1060
 1061 1062 1063 1065 1066 1067 1068 1069 1070 1071 1072 1076 1077 1064]
ids [  7  38  40  43  45  82  84  87  92  94 129 134 274 368 379 384 398 399
 404 668 673 681 693 753 711 783 801 812 816 817 818 819 820 821 822 823
 824 825 826 827 829 830 831 832 833 834 835 836 837 838 839 840 841 842
 843 844 845 847 848 849 851 852 853 854 855 856 857 858 859 861 862 863
 864 865 866 867 868 869 870 871 872 873 874 875 946 877 878 879 880 881
 882 883 884 885 886 887 888 889 890 892 894 896 897 899 901 902 904 906
 907 908 910 911 912 915 916 917 920 921 922 923 925 926 927 948 930 931
 932 934 935 937 939 940 941 942 944 919 814 860 846 936]
09:29:21-INFO: Step 32
09:29:21-DEBUG: Reaction systems: [[None]
 [0]]
09:29:21-DEBUG: rxn_pairs: [array([1, 2])]
09:29:21-DEBUG: Starting total colors: 5
09:29:21-DEBUG: Number of systems: 2
09:29:21-DEBUG: New total colors: 5
09:29:21-DEBUG: Potential energy for color 0: 4932.610741977925
ebond 1 32 3.470319976128794
09:29:21-DEBUG: Potential energy for color 1: 4935.248308667464
xhy 32 13 1 2
xhy 32 13 1 2
xhy 32 13 1 2
xhy 32 13 1 2
xhy 32 13 1 2
h_pos [ 7.1943539   9.83934592 10.35134598] x_pos [ 8.23538935 10.51888188 10.42269895] y_pos [ 6.53966896  8.63767236 10.47173401]
h_pos [ 7.1943539   9.83934592 10.35134598] x_pos [ 8.23538935 10.51888188 10.42269895] y_pos [ 6.53966896  8.63767236 10.47173401]
h_pos [ 7.1943539   9.83934592 10.35134598] x_pos [ 8.23538935 10.51888188 10.42269895] y_pos [ 6.53966896  8.63767236 10.47173401]
32 rHY 1.373726687619294 rHX 1.2452369856294798 0.12848970198981413
h_pos [ 7.1943539   9.83934592 10.35134598] x_pos [ 8.23538935 10.51888188 10.42269895] y_pos [ 6.53966896  8.63767236 10.47173401]
32 rHY 1.373726687619294 rHX 1.2452369856294798 0.12848970198981413
32 rHY 1.373726687619294 rHX 1.2452369856294798 0.12848970198981413
32 rHY 1.373726687619294 rHX 1.2452369856294798 0.12848970198981413
32 cpl_forces h [15.74662812 17.04073682 -0.36392171]
32 cpl_forces h [15.74662812 17.04073682 -0.36392171]
h_pos [ 7.1943539   9.83934592 10.35134598] x_pos [ 8.23538935 10.51888188 10.42269895] y_pos [ 6.53966896  8.63767236 10.47173401]
32 cpl_forces x [-10.02933337  -6.54664802  -0.68741432]
32 rHY 1.373726687619294 rHX 1.2452369856294798 0.12848970198981413
32 cpl_forces h [15.74662812 17.04073682 -0.36392171]
32 cpl_forces x [-10.02933337  -6.54664802  -0.68741432]
32 cpl_forces h [15.74662812 17.04073682 -0.36392171]
32 cpl_forces x [-10.02933337  -6.54664802  -0.68741432]
32 cpl_forces y [ -5.71729475 -10.4940888    1.05133603]
32 cpl_forces y [ -5.71729475 -10.4940888    1.05133603]
32 cpl_forces x [-10.02933337  -6.54664802  -0.68741432]
32 cpl_forces y [ -5.71729475 -10.4940888    1.05133603]
32 cpl_forces h [15.74662812 17.04073682 -0.36392171]
32 cpl_forces y [ -5.71729475 -10.4940888    1.05133603]
32 cpl_forces x [-10.02933337  -6.54664802  -0.68741432]
32 cpl_forces y [ -5.71729475 -10.4940888    1.05133603]
09:29:21-DEBUG: System matrix: 
09:29:21-DEBUG: [[4.93261074e+03 2.91769750e+00]
 [2.91769750e+00 4.93524831e+03]]
09:29:21-DEBUG: Eigen values: 
09:29:21-DEBUG: [4930.72762773 4937.13142292]
09:29:21-DEBUG: Occupancies: 
09:29:21-DEBUG: [1. 0.]
09:29:21-INFO: coupling 32 2.917697499001349
09:29:21-DEBUG: Amplitudes: 
09:29:21-DEBUG: [0.70593778 0.29406222]
09:29:21-INFO: forces0 h [10.58758215  7.60665378  0.57729638]
09:29:21-INFO: forces0 x [-5.98846395 -6.69115497 -0.79031011]
09:29:21-INFO: forces0 y [ 0.09577229 -7.75518982  0.11923737]
09:29:21-INFO: forces1 h [-12.2202214  -18.05134327   1.31266355]
09:29:21-INFO: forces1 x [9.65472225 2.15310862 0.0714214 ]
09:29:21-INFO: forces1 y [ 8.9353445 11.1343736 -1.5679384]
pos h  [ 7.1943539   9.83934592 10.35134598]
pos x  [ 8.23538935 10.51888188 10.42269895]
pos y  [ 6.53966896  8.63767236 10.47173401]
 mixed_cpl_forces: h [-14.34895906 -15.5282028    0.33162005]
 mixed_cpl_forces: x [9.13913079 5.96556823 0.6263995 ]
 mixed_cpl_forces: y [ 5.20982827  9.56263458 -0.95801955]
09:29:21-INFO: mixed forces h [-10.46829033 -15.46659668   1.12516014]
09:29:21-INFO: mixed forces x [7.75073695 1.87517707 0.08949207]
09:29:21-INFO: mixed forces y [ 7.90498481  7.36215177 -1.33491684]
09:29:21-DEBUG: Minimum eigen value: 
09:29:21-DEBUG: 4930.7276277281235
09:29:21-DEBUG: Minimum state: 
09:29:21-DEBUG: 0
        32     4930.7276277281     5059.5832899624      923.0285047649     4932.6107419779      128.8556622342      0.40680942
09:29:21-INFO: ebond 0 32 1.553905260263341
ids [  6 102 107 108 112 117 118 123 133 183 228 275 310 313 315 320 353 355
 358 360 363 365 400 403 411 438 501 542 546 547 548 549 550 551 552 553
 554 555 556 557 559 560 562 563 564 565 566 567 568 569 570 571 572 573
 574 575 576 577 579 581 582 584 586 587 589 592 593 594 595 596 597 598
 599 600 601 602 603 604 605 606 607 608 609 610 611 612 613 614 615 616
 617 618 619 620 621 622 624 626 627 629 631 632 634 635 636 637 639 640
 641 642 645 646 647 648 650 426 652 653 655 656 657 658 660 661 662 665
 666 667 671 672 676 813 405 561 128]
ids [ 137  142  143  144  145  146  147  148  149  150  151  152  154  155
  157  158  159  160  161  162  163  164  165  166  167  169  170  171
  172  174  249  176  177  179  180  181  182  184  187  188  189  190
  191  192  193  194  195  196  197  198  199  200  202  203  204  205
  206  207  208  209  210  211  212  214  215  217  218  219  221  222
  224  225  226  227  229  232  233  235  236  237  240  241  242  243
  245 1073  247  250  251  252  253  254  255  256  257  260  276  262
  266  267  269  271  306  348 1078  393  396  410  443  445  448  450
  455  490  493  495  500  535  538  540  784  789  794  798  804  808
  809  918  933  216  321  239  231  679]
ids [   8   22   66   77   80   95  110  125  138  263  273  503  504  518
  519  529  534  543  663  678  680  715  718  720  723  725  758  760
  765  768  770  810  903  947  952  953  954  955  956  957  958  959
  960  961  962  963  964  965  967  968  969  970  971  972  973  974
  975  976  977  978  979  980  981  982  984  985  986  987  989  991
  992  994  995  996  997  998  999 1000 1001 1002 1003 1004 1005 1006
 1007 1008 1009 1010 1011 1012 1013 1014 1015 1016 1017 1018 1019 1020
 1021 1022 1023 1024 1025 1026 1027 1029 1031 1032 1034 1036 1037 1039
 1041 1042 1045 1046 1047 1050 1051 1052 1081 1055 1056 1057 1058 1060
 1061 1062 1063 1065 1066 1067 1068 1069 1070 1071 1072 1076 1077 1064]
ids [  7  38 936  43  45  82  84  87  92  94 129 134 274 368 379 384 398 399
 404 668 673 681 693 753 711 783 801 812 816 817 818 819 820 821 822 823
 824 825 826 827 829 830 831 832 833 834 835 836 837 838 839 840 841 842
 843 844 845 847 848 849 851 852 853 854 855 856 857 858 859 861 862 863
 864 865 866 867 868 869 870 871 872 873 874 875 946 877 878 879 880 881
 882 883 884 885 886 887 888 889 890 892 894 896 897 899 901 902 904 906
 907 908 910 911 912 915 916 917 920 921 922 923 925 926 927 948 930 931
 932 846 935 937 939 940 941 942 944 919 814 860]
ids [ 122  140  173  178  185  220  223  230  265  268  270  318  407  408
  409  412  413  414  415  416  417  418  419  420  421  422  423  424
  425 1074  427  428  429  430  431  432  433  434  435  436  437  439
  440  441  442  444  446  447  449  451  452  454  456  457  458  459
  460  461  462  463  464  465  466  467  468  469  470  471  472  473
  474  475  476  477  478  479  480  481  482  483  484  485  486  487
  488  489  491  492  494  496  497  499  502  505  506  507  508  509
  510  511  512  513  514  515  516  517  520  521  522  523  524  525
  526  527  528  530  531  532  536  537  539  541  558 1079  588  591
  803  949 1043 1044 1048 1049 1053 1059 1054  651  175]
ids [   5   48  139  234  238 1075  244  248 1040  258  259  264  378  533
  677 1038  682  683  684  685  686  687  688  689  690  691  692  694
  695  696  697  698  699  700  701  702  703  704  705  706  707  708
  709  710 1080  712  713  714  716  717  719  721  722  724  726  727
  728  729  730  731  732  733  734  735  736  737  738  739  740  741
  742  743  744  745  746  747  748  749  750  751  752  754  755  756
  757  759  761  762  763  764  766  767  769  772  773  774  775  776
  777  778  779  780  781  782  785  786  787  788  790  791  792  793
  795  796  797  799  800  802  805  806  807  811  828  876  891  771
  950  983  988  990 1028 1030 1033 1035]
ids [  1   2   3   4   9  10  11  12  13  14  15  16  17  18  19  20  21  23
  24  25  26  27  28  29  30  31  32  33  34  35  36  37  39  41  42  44
  46  47  49  50  51  52  53  54  55  56  57  58  59  60  61  62  63  64
  65  67  68  69  70  71  72  73  74  75  76  78  79  81  83  85  86  88
  89  90  91  93  96  97  98  99 100 101 103 104 105 106 109 111 113 114
 115 116 119 120 121 124 126 993 130 131 132 135 136 544 638 643 644 649
 654 659 664 669 674 815 850 966 893 895 898 900 905 938 945 951  40]
ids [127 141 153 156 168 186 201 213 928 924 272 929 277 278 279 280 281 282
 283 284 285 286 287 288 289 290 291 292 293 294 295 296 297 298 299 300
 301 302 303 304 305 307 308 309 311 312 314 316 317 319 261 322 323 324
 325 326 327 328 329 330 331 332 333 334 335 336 337 338 339 340 341 342
 343 344 345 346 347 349 350 351 352 354 356 357 359 361 362 364 366 367
 369 370 371 372 373 374 375 376 377 380 382 383 385 386 387 388 389 390
 391 392 394 395 397 401 402 381 406 453 498 545 578 580 583 585 590 623
 625 628 630 633 670 675 943 909 913 914 246 934]
09:29:21-INFO: Step 33
09:29:21-DEBUG: Reaction systems: [[None]
 [0]]
09:29:21-DEBUG: rxn_pairs: [array([1, 2])]
09:29:21-DEBUG: Starting total colors: 5
09:29:21-DEBUG: Number of systems: 2
09:29:21-DEBUG: New total colors: 5
09:29:21-DEBUG: Potential energy for color 0: 4928.809651485864
ebond 1 33 4.026597074217084
09:29:21-DEBUG: Potential energy for color 1: 4932.276155187228
xhy 33 13 1 2
xhy 33 13 1 2
xhy 33 13 1 2
xhy 33 13 1 2
xhy 33 13 1 2
h_pos [ 7.190702    9.87279824 10.34090716] x_pos [ 8.23798033 10.51420716 10.42295559] y_pos [ 6.54361989  8.63405972 10.47197045]
h_pos [ 7.190702    9.87279824 10.34090716] x_pos [ 8.23798033 10.51420716 10.42295559] y_pos [ 6.54361989  8.63405972 10.47197045]
h_pos [ 7.190702    9.87279824 10.34090716] x_pos [ 8.23798033 10.51420716 10.42295559] y_pos [ 6.54361989  8.63405972 10.47197045]
h_pos [ 7.190702    9.87279824 10.34090716] x_pos [ 8.23798033 10.51420716 10.42295559] y_pos [ 6.54361989  8.63405972 10.47197045]
33 rHY 1.4036972508305063 rHX 1.23082462429639 0.17287262653411628
33 rHY 1.4036972508305063 rHX 1.23082462429639 0.17287262653411628
33 rHY 1.4036972508305063 rHX 1.23082462429639 0.17287262653411628
33 rHY 1.4036972508305063 rHX 1.23082462429639 0.17287262653411628
h_pos [ 7.190702    9.87279824 10.34090716] x_pos [ 8.23798033 10.51420716 10.42295559] y_pos [ 6.54361989  8.63405972 10.47197045]
33 rHY 1.4036972508305063 rHX 1.23082462429639 0.17287262653411628
33 cpl_forces h [17.09473554 18.29025127 -0.34803905]
33 cpl_forces h [17.09473554 18.29025127 -0.34803905]
33 cpl_forces h [17.09473554 18.29025127 -0.34803905]
33 cpl_forces x [-11.08768866  -6.7906899   -0.86865864]
33 cpl_forces x [-11.08768866  -6.7906899   -0.86865864]
33 cpl_forces h [17.09473554 18.29025127 -0.34803905]
33 cpl_forces x [-11.08768866  -6.7906899   -0.86865864]
33 cpl_forces h [17.09473554 18.29025127 -0.34803905]
33 cpl_forces y [ -6.00704688 -11.49956137   1.21669769]
33 cpl_forces y [ -6.00704688 -11.49956137   1.21669769]
33 cpl_forces y [ -6.00704688 -11.49956137   1.21669769]
33 cpl_forces x [-11.08768866  -6.7906899   -0.86865864]
33 cpl_forces x [-11.08768866  -6.7906899   -0.86865864]
33 cpl_forces y [ -6.00704688 -11.49956137   1.21669769]
33 cpl_forces y [ -6.00704688 -11.49956137   1.21669769]
09:29:21-DEBUG: System matrix: 
09:29:21-DEBUG: [[4.92880965e+03 2.35558549e+00]
 [2.35558549e+00 4.93227616e+03]]
09:29:21-DEBUG: Eigen values: 
09:29:21-DEBUG: [4927.61836149 4933.46744518]
09:29:21-DEBUG: Occupancies: 
09:29:21-DEBUG: [1. 0.]
09:29:21-INFO: coupling 33 2.3555854933250706
09:29:21-DEBUG: Amplitudes: 
09:29:21-DEBUG: [0.79632878 0.20367122]
09:29:21-INFO: forces0 h [10.04240345  6.70969178  0.66631919]
09:29:21-INFO: forces0 x [-5.74476812 -6.05299771 -0.85648454]
09:29:21-INFO: forces0 y [ 0.23672032 -7.28934233  0.10175197]
09:29:21-INFO: forces1 h [-13.25908875 -19.67485038   1.45431664]
09:29:21-INFO: forces1 x [10.12490041  2.41811518  0.16338603]
09:29:21-INFO: forces1 y [ 9.27979686 12.63030013 -1.79669035]
pos h  [ 7.190702    9.87279824 10.34090716]
pos x  [ 8.23798033 10.51420716 10.42295559]
pos y  [ 6.54361989  8.63405972 10.47197045]
 mixed_cpl_forces: h [-13.76903228 -14.73196585   0.28032963]
 mixed_cpl_forces: x [8.93062913 5.46959198 0.69966504]
 mixed_cpl_forces: y [ 4.83840315  9.26237387 -0.97999467]
09:29:21-INFO: mixed forces h [ -8.47247211 -13.39604588   1.10714122]
09:29:21-INFO: mixed forces x [6.41805571 1.14191615 0.05089878]
09:29:21-INFO: mixed forces y [ 6.91693788  6.03008936 -1.26490076]
09:29:21-DEBUG: Minimum eigen value: 
09:29:21-DEBUG: 4927.618361493068
09:29:21-DEBUG: Minimum state: 
09:29:21-DEBUG: 0
        33     4927.6183614931     5059.5475121711      945.0447467637     4928.8096514859      131.9291506780      0.41978022
09:29:21-INFO: ebond 0 33 1.3863321901240515
ids [  1   2   3   4   9  10  11  12  13  14  15  16  17  18  19  20  21  23
  24  25  26  27  28  29  30  31  32  33  34  35  36  37  39  41  42  44
  46  47  49  50  51  52  53  54  55  56  57  58  59  60  61  62  63  64
  65  67  68  69  70  71  72  73  74  75  76  78  79  81  83  85  86  88
  89  90  91  93  96  97  98  99 100 101 125 104 105 106 109 111 113 114
 115 116 119 120 121 124 126 993 130 131 132 135 136 544 638 643 644 649
 654 659 664 669 674 815 850 966 893 895 898 900 905 938 945 951  40]
ids [   5   48  139  234  238 1075  244  248 1040  258  259  264  378  533
  677 1038  682  683  684  685  686  687  688  689  690  691  692  694
  695  696  697  698  699  700  701  702  703  704  705  706  707  708
  709  710 1080  712  713  714  716  717  719  721  722  724  726  727
  728  729  730  731  732  733  734  735  736  737  738  739  740  741
  742  743  744  745  746  747  748  749  750  751  752  754  755  756
  757  759  761  762  763  764  766  767  769  772  773  774  775  776
  777  778  779  780  781  782  785  786  787  788  790  791  792  793
  795  796  797  799  800  802  805  806  807  811  828  876  891  771
  950  983  988  990 1028 1030 1033 1035  770  985]
ids [  6 102 107 108 112 117 118 123 133 183 228 275 310 313 315 320 353 355
 358 360 363 365 400 403 411 438 128 542 546 547 548 549 550 551 552 553
 554 555 556 557 559 560 562 563 564 565 566 567 568 569 570 571 572 573
 574 575 576 577 579 581 582 584 586 587 589 592 593 594 595 596 597 598
 599 600 601 602 603 604 605 606 607 608 609 610 611 612 613 614 615 616
 617 618 619 620 621 622 624 626 627 629 631 632 634 635 636 637 639 640
 641 642 645 646 647 648 650 426 652 653 655 656 657 658 660 661 662 665
 666 667 671 672 676 813 405 561 103]
ids [   8   22   66   77   80   95  110 1064  138  263  273  503  504  518
  519  529  534  543  663  678  680  715  718  720  723  725  758  760
  765  768 1077  810  903  947  952  953  954  955  956  957  958  959
  960  961  962  963  964  965  967  968  969  970  971  972  973  974
  975  976  977  978  979  980  981  982  984 1076  986  987  989  991
  992  994  995  996  997  998  999 1000 1001 1002 1003 1004 1005 1006
 1007 1008 1009 1010 1011 1012 1013 1014 1015 1016 1017 1018 1019 1020
 1021 1022 1023 1024 1025 1026 1027 1029 1031 1032 1034 1036 1037 1039
 1041 1042 1045 1046 1047 1050 1051 1052 1081 1055 1056 1057 1058 1060
 1061 1062 1063 1065 1066 1067 1068 1069 1070 1071 1072]
ids [  7  38 936  43  45  82  84  87  92  94 129 134 274 368 379 384 398 399
 404 668 673 681 693 753 711 783 801 812 816 817 818 819 820 821 822 823
 824 825 826 827 829 830 831 832 833 834 835 836 837 838 839 840 841 842
 843 844 845 847 848 849 851 852 853 854 855 856 857 858 859 861 862 863
 864 865 866 867 868 869 870 871 872 873 874 875 946 877 878 879 880 881
 882 883 884 885 886 887 888 889 890 892 894 896 897 899 901 902 904 906
 907 908 910 911 912 915 916 917 920 921 922 923 925 926 927 948 930 931
 932 846 935 937 939 940 941 942 944 919 814 860]
ids [ 122  140  173  178  185  220  223  230  265  268  270  318  407  408
  409  412  413  414  415  416  417  418  419  420  421  422  423  424
  425 1074  427  428  429  430  431  432  433  434  435  436  437  439
  440  441  442  444  446  447  449  451  452  454  456  457  458  459
  460  461  462  463  464  465  466  467  468  469  470  471  472  473
  474  475  476  477  478  479  480  481  482  483  484  485  486  487
  488  489  491  492  494  496  497  499  502  505  506  507  508  509
  510  511  512  513  514  515  516  517  520  521  522  523  524  525
  526  527  528  530  531  532  536  537  539  541  558 1079  588  591
  803  949 1043 1044 1048 1049 1053 1059 1054  651  175  501]
ids [ 137  142  143  144  145  146  147  148  149  150  151  152  154  155
  157  158  159  160  161  162  163  164  165  166  167  169  170  171
  172  174  249  176  177  179  180  181  182  184  187  188  189  190
  191  192  193  194  195  196  197  198  199  200  202  203  204  205
  206  207  208  209  210  211  212  214  215  217  218  219  221  222
  224  225  226  227  229  232  233  235  236  237  240  241  242  243
  245 1073  247  250  251  252  253  254  255  256  257  260  276  262
  266  267  269  271  306  348 1078  393  396  410  443  445  448  450
  455  490  493  495  500  535  538  540  784  789  794  798  804  808
  809  918  933  216  321  239  231  679]
ids [127 141 153 156 168 186 201 213 928 924 272 929 277 278 279 280 281 282
 283 284 285 286 287 288 289 290 291 292 293 294 295 296 297 298 299 300
 301 302 303 304 305 307 308 309 311 312 314 316 317 319 261 322 323 324
 325 326 327 328 329 330 331 332 333 334 335 336 337 338 339 340 341 342
 343 344 345 346 347 349 350 351 352 354 356 357 359 361 362 364 366 367
 369 370 371 372 373 374 375 376 377 380 382 383 385 386 387 388 389 390
 391 392 394 395 397 401 402 381 406 453 498 545 578 580 583 585 590 623
 625 628 630 633 670 675 943 909 913 914 246 934]
09:29:21-INFO: Step 34
09:29:21-DEBUG: Reaction systems: [[None]
 [0]]
09:29:21-DEBUG: rxn_pairs: [array([1, 2])]
09:29:21-DEBUG: Starting total colors: 5
09:29:21-DEBUG: Number of systems: 2
09:29:21-DEBUG: New total colors: 5
09:29:21-DEBUG: Potential energy for color 0: 4925.385968105256
ebond 1 34 4.4902194005198925
09:29:21-DEBUG: Potential energy for color 1: 4929.455699663481
xhy 34 13 1 2
xhy 34 13 1 2
xhy 34 13 1 2
xhy 34 13 1 2
xhy 34 13 1 2
h_pos [ 7.18332711  9.90056469 10.33091186] x_pos [ 8.24074518 10.50957654 10.42321312] y_pos [ 6.54775133  8.63061425 10.47217531]
h_pos [ 7.18332711  9.90056469 10.33091186] x_pos [ 8.24074518 10.50957654 10.42321312] y_pos [ 6.54775133  8.63061425 10.47217531]
h_pos [ 7.18332711  9.90056469 10.33091186] x_pos [ 8.24074518 10.50957654 10.42321312] y_pos [ 6.54775133  8.63061425 10.47217531]
h_pos [ 7.18332711  9.90056469 10.33091186] x_pos [ 8.24074518 10.50957654 10.42321312] y_pos [ 6.54775133  8.63061425 10.47217531]
34 rHY 1.4271250941953857 rHX 1.2237434192956094 0.20338167489977632
34 rHY 1.4271250941953857 rHX 1.2237434192956094 0.20338167489977632
34 rHY 1.4271250941953857 rHX 1.2237434192956094 0.20338167489977632
34 rHY 1.4271250941953857 rHX 1.2237434192956094 0.20338167489977632
h_pos [ 7.18332711  9.90056469 10.33091186] x_pos [ 8.24074518 10.50957654 10.42321312] y_pos [ 6.54775133  8.63061425 10.47217531]
34 cpl_forces h [16.70630752 17.70261571 -0.30057822]
34 cpl_forces h [16.70630752 17.70261571 -0.30057822]
34 cpl_forces h [16.70630752 17.70261571 -0.30057822]
34 rHY 1.4271250941953857 rHX 1.2237434192956094 0.20338167489977632
34 cpl_forces x [-11.02431599  -6.34937047  -0.96230463]
34 cpl_forces x [-11.02431599  -6.34937047  -0.96230463]
34 cpl_forces x [-11.02431599  -6.34937047  -0.96230463]
34 cpl_forces h [16.70630752 17.70261571 -0.30057822]
34 cpl_forces x [-11.02431599  -6.34937047  -0.96230463]
34 cpl_forces y [ -5.68199154 -11.35324524   1.26288284]
34 cpl_forces y [ -5.68199154 -11.35324524   1.26288284]
34 cpl_forces y [ -5.68199154 -11.35324524   1.26288284]
34 cpl_forces h [16.70630752 17.70261571 -0.30057822]
34 cpl_forces y [ -5.68199154 -11.35324524   1.26288284]
34 cpl_forces x [-11.02431599  -6.34937047  -0.96230463]
34 cpl_forces y [ -5.68199154 -11.35324524   1.26288284]
09:29:21-DEBUG: System matrix: 
09:29:21-DEBUG: [[4.92538597e+03 1.96034944e+00]
 [1.96034944e+00 4.92945570e+03]]
09:29:21-DEBUG: Eigen values: 
09:29:21-DEBUG: [4924.59529877 4930.246369  ]
09:29:21-DEBUG: Occupancies: 
09:29:21-DEBUG: [1. 0.]
09:29:21-INFO: coupling 34 1.960349439494205
09:29:21-DEBUG: Amplitudes: 
09:29:21-DEBUG: [0.86008503 0.13991497]
09:29:21-INFO: forces0 h [9.81503201 6.12857399 0.75354586]
09:29:21-INFO: forces0 x [-5.76189051 -5.626357   -0.92957489]
09:29:21-INFO: forces0 y [ 0.3148457  -6.93469968  0.09279645]
09:29:21-INFO: forces1 h [-13.85326746 -20.85523102   1.59381091]
09:29:21-INFO: forces1 x [10.31850138  2.4951542   0.24073223]
09:29:21-INFO: forces1 y [ 9.4468509  13.86722349 -2.00896343]
pos h  [ 7.18332711  9.90056469 10.33091186]
pos x  [ 8.24074518 10.50957654 10.42321312]
pos y  [ 6.54775133  8.63061425 10.47217531]
 mixed_cpl_forces: h [-11.59079583 -12.28203205   0.20854044]
 mixed_cpl_forces: x [7.64864382 4.4051779  0.66764463]
 mixed_cpl_forces: y [ 3.94215201  7.87685414 -0.87618507]
09:29:21-INFO: mixed forces h [-5.08731328 -9.92889638  1.07965196]
09:29:21-INFO: mixed forces x [ 4.13664089 -0.08485809 -0.09818677]
09:29:21-INFO: mixed forces y [ 5.53470196  3.85265496 -1.07745629]
09:29:21-DEBUG: Minimum eigen value: 
09:29:21-DEBUG: 4924.595298773292
09:29:21-DEBUG: Minimum state: 
09:29:21-DEBUG: 0
        34     4924.5952987733     5059.5043188656      966.3903699373     4925.3859681053      134.9090200923      0.41869623
09:29:21-INFO: ebond 0 34 1.307500577484624
ids [  1   2   3   4   9  10  11  12  13  14  15  16  17  18  19  20  21  23
  24  25  26  27  28  29  30  31  32  33  34  35  36  37  39  41  42  44
  46  47  49  50  51  52  53  54  55  56  57  58  59  60  61  62  63  64
  65  67  68  69  70  71  72  73  74  75  76  78  79  81  83  85  86  88
  89  90  91  93  96  97  98  99 100 101 125 104 105 106 109 111 113 114
 115 116 119 120 121 124 126 993 130 131 132 135 136 544 638 643 644 649
 654 659 664 669 674 815 850 966 893 895 898 900 905 938 945 951  40 940]
ids [ 122  140  173  178  185  220  223  230  265  268  270  318  407  408
  409  412  413  414  415  416  417  418  419  420  421  422  423  424
  425 1074  427  428  429  430  431  432  433  434  435  436  437  439
  440  441  442  444  446  447  449  451  452  454  456  457  458  459
  460  461  462  463  464  465  466  467  468  469  470  471  472  473
  474  475  476  477  478  479  480  481  482  483  484  485  486  487
  488  489  491  492  494  496  497  499  502  505  506  507  508  509
  510  511  512  513  514  515  516  517  520  521  522  523  524  525
  526  527  528  530  531  532  536  537  539  541  558 1079  588  591
  803  949 1043 1044 1048 1049 1053 1059 1054  651  175  501]
ids [  6 102 107 108 112 117 118 123 133 183 228 275 310 313 315 320 353 355
 358 360 363 365 400 403 411 438 128 542 546 547 548 549 550 551 552 553
 554 555 556 557 559 560 562 563 564 565 566 567 568 569 570 571 572 573
 574 575 576 577 579 581 582 584 586 587 589 592 593 594 595 596 597 598
 599 600 601 602 603 604 605 606 607 608 609 610 611 612 613 614 615 616
 617 618 619 620 621 622 624 626 627 629 631 632 634 635 636 637 639 640
 641 642 645 646 647 648 650 426 652 653 655 656 657 658 660 661 662 665
 666 667 671 672 676 813 405 561 103]
ids [   8   22   66   77   80   95  110 1064  138  263  273  503  504  518
  519  529  534  543  663  678  680  715  718  720  723  725  758  760
  765  768 1077  810  903  947  952  953  954  955  956  957  958  959
  960  961  962  963  964  965  967  968  969  970  971  972  973  974
  975  976  977  978  979  980  981  982  984 1076  986  987  989  991
  992  994  995  996  997  998  999 1000 1001 1002 1003 1004 1005 1006
 1007 1008 1009 1010 1011 1012 1013 1014 1015 1016 1017 1018 1019 1020
 1021 1022 1023 1024 1025 1026 1027 1029 1031 1032 1034 1036 1037 1039
 1041 1042 1045 1046 1047 1050 1051 1052 1081 1055 1056 1057 1058 1060
 1061 1062 1063 1065 1066 1067 1068 1069 1070 1071 1072]
ids [  7  38 936  43  45  82  84  87  92  94 129 134 274 368 379 384 398 399
 404 668 673 681 693 753 711 783 860 812 816 817 818 819 820 821 822 823
 824 825 826 827 829 830 831 832 833 834 835 836 837 838 839 840 841 842
 843 844 845 847 848 849 851 852 853 854 855 856 857 858 859 861 862 863
 864 865 866 867 868 869 870 871 872 873 874 875 946 877 878 879 880 881
 882 883 884 885 886 887 888 889 890 892 894 896 897 899 901 902 904 906
 907 908 910 911 912 915 916 917 920 921 922 923 925 926 927 948 930 931
 932 846 935 937 939 814 941 942 944 919 369]
ids [ 137  142  143  144  145  146  147  148  149  150  151  152  154  155
  157  158  159  160  161  162  163  164  165  166  167  169  170  171
  172  174  249  176  177  179  180  181  182  184  187  188  189  190
  191  192  193  194  195  196  197  198  199  200  202  203  204  205
  206  207  208  209  210  211  212  214  215  217  218  219  221  222
  224  225  226  227  229  232  233  235  236  237  240  241  242  243
  245 1073  247  250  251  252  253  254  255  256  257  260  276  262
  266  267  269  271  306  348 1078  393  396  410  443  445  448  450
  455  490  493  495  500  535  538  540  784  789  794  798  804  808
  809  918  933  216  321  239  231  679]
ids [   5   48  139  234  238 1075  244  248 1040  258  259  264  378  533
  677 1038  682  683  684  685  686  687  688  689  690  691  692  694
  695  696  697  698  699  700  701  702  703  704  705  706  707  708
  709  710 1080  712  713  714  716  717  719  721  722  724  726  727
  728  729  730  731  732  733  734  735  736  737  738  739  740  741
  742  743  744  745  746  747  748  749  750  751  752  754  755  756
  757  759  761  762  763  764  766  767  769  772  773  774  775  776
  777  778  779  780  781  782  785  786  787  788  790  791  792  793
  795  796  797  799  800  802  805  806  807  811  828  876  891  771
  950  983  988  990 1028 1030 1033 1035  770  985  801]
ids [127 141 153 156 168 186 201 213 928 924 272 929 277 278 279 280 281 282
 283 284 285 286 287 288 289 290 291 292 293 294 295 296 297 298 299 300
 301 302 303 304 305 307 308 309 311 312 314 316 317 319 261 322 323 324
 325 326 327 328 329 330 331 332 333 334 335 336 337 338 339 340 341 342
 343 344 345 346 347 349 350 351 352 354 356 357 359 361 362 364 366 367
 934 370 371 372 373 374 375 376 377 380 382 383 385 386 387 388 389 390
 391 392 394 395 397 401 402 381 406 453 498 545 578 580 583 585 590 623
 625 628 630 633 670 675 943 909 913 914 246]
09:29:21-INFO: Step 35
09:29:21-DEBUG: Reaction systems: [[None]
 [0]]
09:29:21-DEBUG: rxn_pairs: [array([1, 2])]
09:29:21-DEBUG: Starting total colors: 5
09:29:21-DEBUG: Number of systems: 2
09:29:21-DEBUG: New total colors: 5
09:29:21-DEBUG: Potential energy for color 0: 4922.318029556554
ebond 1 35 4.872713298586456
09:29:22-DEBUG: Potential energy for color 1: 4926.811095737275
xhy 35 13 1 2
xhy 35 13 1 2
xhy 35 13 1 2
xhy 35 13 1 2
xhy 35 13 1 2
h_pos [ 7.17331804  9.92376364 10.32135103] x_pos [ 8.24363716 10.50496382 10.42346921] y_pos [ 6.55203393  8.62729229 10.47235181]
35 rHY 1.4455563439094272 rHX 1.222213072438034 0.2233432714713932
h_pos [ 7.17331804  9.92376364 10.32135103] x_pos [ 8.24363716 10.50496382 10.42346921] y_pos [ 6.55203393  8.62729229 10.47235181]
h_pos [ 7.17331804  9.92376364 10.32135103] x_pos [ 8.24363716 10.50496382 10.42346921] y_pos [ 6.55203393  8.62729229 10.47235181]
35 rHY 1.4455563439094272 rHX 1.222213072438034 0.2233432714713932
35 rHY 1.4455563439094272 rHX 1.222213072438034 0.2233432714713932
h_pos [ 7.17331804  9.92376364 10.32135103] x_pos [ 8.24363716 10.50496382 10.42346921] y_pos [ 6.55203393  8.62729229 10.47235181]
h_pos [ 7.17331804  9.92376364 10.32135103] x_pos [ 8.24363716 10.50496382 10.42346921] y_pos [ 6.55203393  8.62729229 10.47235181]
35 cpl_forces h [15.9605195  16.77824073 -0.25559508]
35 rHY 1.4455563439094272 rHX 1.222213072438034 0.2233432714713932
35 cpl_forces x [-10.70613721  -5.81360153  -1.02146287]
35 rHY 1.4455563439094272 rHX 1.222213072438034 0.2233432714713932
35 cpl_forces h [15.9605195  16.77824073 -0.25559508]
35 cpl_forces x [-10.70613721  -5.81360153  -1.02146287]
35 cpl_forces h [15.9605195  16.77824073 -0.25559508]
35 cpl_forces y [ -5.25438229 -10.9646392    1.27705795]
35 cpl_forces x [-10.70613721  -5.81360153  -1.02146287]
35 cpl_forces y [ -5.25438229 -10.9646392    1.27705795]
35 cpl_forces h [15.9605195  16.77824073 -0.25559508]
35 cpl_forces y [ -5.25438229 -10.9646392    1.27705795]
35 cpl_forces h [15.9605195  16.77824073 -0.25559508]
35 cpl_forces x [-10.70613721  -5.81360153  -1.02146287]
35 cpl_forces x [-10.70613721  -5.81360153  -1.02146287]
09:29:22-DEBUG: System matrix: 
35 cpl_forces y [ -5.25438229 -10.9646392    1.27705795]
35 cpl_forces y [ -5.25438229 -10.9646392    1.27705795]
09:29:22-DEBUG: [[4.92231803e+03 1.71058080e+00]
 [1.71058080e+00 4.92681110e+03]]
09:29:22-DEBUG: Eigen values: 
09:29:22-DEBUG: [4921.74091295 4927.38821234]
09:29:22-DEBUG: Occupancies: 
09:29:22-DEBUG: [1. 0.]
09:29:22-INFO: coupling 35 1.7105808020765112
09:29:22-DEBUG: Amplitudes: 
09:29:22-DEBUG: [0.89780662 0.10219338]
09:29:22-INFO: forces0 h [9.81966898 5.75379811 0.84494685]
09:29:22-INFO: forces0 x [-5.98206408 -5.34984161 -1.0116994 ]
09:29:22-INFO: forces0 y [ 0.35976341 -6.64149274  0.08855008]
09:29:22-INFO: forces1 h [-14.0457449  -21.67859127   1.74109413]
09:29:22-INFO: forces1 x [10.23455325  2.41475734  0.29510056]
09:29:22-INFO: forces1 y [ 9.48306136 14.90163755 -2.20629289]
pos h  [ 7.17331804  9.92376364 10.32135103]
pos x  [ 8.24363716 10.50496382 10.42346921]
pos y  [ 6.55203393  8.62729229 10.47235181]
 mixed_cpl_forces: h [ -9.66896081 -10.16434033   0.15484075]
 mixed_cpl_forces: x [6.4858303  3.52190826 0.61880721]
 mixed_cpl_forces: y [ 3.1831305   6.64243208 -0.77364796]
09:29:22-INFO: mixed forces h [-2.28817911 -7.21395078  1.09136792]
09:29:22-INFO: mixed forces x [ 2.16099715 -1.03444275 -0.25934589]
09:29:22-INFO: mixed forces y [ 4.47523456  2.20250461 -0.91961564]
09:29:22-DEBUG: Minimum eigen value: 
09:29:22-DEBUG: 4921.740912950774
09:29:22-DEBUG: Minimum state: 
09:29:22-DEBUG: 0
        35     4921.7409129508     5059.4807805917      986.6685085519     4922.3180295566      137.7398676409      0.40617335
09:29:22-INFO: ebond 0 35 1.2907671845601338
ids [ 122  140  173  178  185  220  223  230  265  268  270  318  407  408
  409  412  413  414  415  416  417  418  419  420  421  422  423  424
  425 1074  427  428  429  430  431  432  433  434  435  436  437  439
  440  441  442  444  446  447  449  451  452  454  456  457  458  459
  460  461  462  463  464  465  466  467  468  469  470  471  472  473
  474  475  476  477  478  479  480  481  482  483  484  485  486  487
  488  489  491  492  494  496  497  499  502  505  506  507  508  509
  510  511  512  513  501  515  516  517  520  521  522  523  524  525
  526  527  528  530  531  532  536  537  539  541  558 1079  588  591
  803  949 1043 1044 1048 1049 1053 1059 1054  651  175]
ids [  6 102 107 108 112 117 118 123 133 183 228 275 310 313 315 320 353 355
 358 360 363 365 400 403 411 438 128 542 546 547 548 549 550 551 552 553
 554 555 556 557 559 560 562 563 564 565 566 567 568 569 570 571 572 573
 574 575 576 577 579 581 582 584 586 587 589 592 593 594 595 596 597 598
 599 600 601 602 603 604 605 606 607 608 609 610 611 612 613 614 615 616
 617 618 619 620 621 622 624 626 627 629 631 632 634 635 636 637 639 640
 641 642 645 646 647 648 650 426 652 653 655 656 657 658 660 661 662 665
 666 667 671 672 676 813 405 561 103]
ids [  7  38 936  43  45  82  84  87  92  94 129 134 274 368 379 384 398 399
 404 668 673 681 693 753 711 783 860 812 816 817 818 819 820 821 822 823
 824 825 826 827 829 830 831 832 833 834 835 836 837 838 839 840 841 842
 843 844 845 847 848 849 851 852 853 854 855 856 857 858 859 861 862 863
 864 865 866 867 868 869 870 871 872 873 874 875 946 877 878 879 880 881
 882 883 884 885 886 887 888 889 890 892 894 896 897 899 901 902 904 906
 907 908 910 911 912 915 916 917 920 921 922 923 925 926 927 948 930 931
 932 846 935 937 939 814 941 942 944 919 369]
ids [  1   2   3   4   9  10  11  12  13  14  15  16  17  18  19  20  21  23
  24  25  26  27  28  29  30  31  32  33  34  35  36  37  39  41  42  44
  46  47  49  50  51  52  53  54  55  56  57  58  59  60  61  62  63  64
  65  67  68  69  70  71  72  73  74  75  76  78  79  81  83  85  86  88
  89  90  91  93  96  97  98  99 100 101 125 104 105 106 109 111 113 114
 115 116 119 120 121 124 126 993 130 131 132 135 136 544 638 643 644 649
 654 659 664 669 674 815 850 966 893 895 898 900 905 938 945 951  40 940]
ids [ 137  142  143  144  145  146  147  148  149  150  151  152  154  155
  157  158  159  160  161  162  163  164  165  166  167  169  170  171
  172  174  249  176  177  179  180  181  182  184  187  188  189  190
  191  192  193  194  195  196  197  198  199  200  202  203  204  205
  206  207  208  209  210  211  212  214  215  217  218  219  221  222
  224  225  226  227  229  232  233  235  236  237  240  241  242  243
  245 1073  247  250  251  252  253  254  255  256  257  260  276  262
  266  267  269  271  306  348 1078  393  396  410  443  445  448  450
  455  490  493  495  500  535  538  540  784  789  794  798  804  808
  809  918  933  216  321  239  231  679]
ids [   8   22   66   77   80   95  110 1064  138  263  273  503  504  518
  519  529  534  543  663  678  680  715  718  720  723  725  758  760
  765  768 1077  810  903  947  952  953  954  955  956  957  958  959
  960  961  962  963  964  965  967  968  969  970  971  972  973  974
  975  976  977  978  979  980  981  982  984 1076  986  987  989  991
  992  994  995  996  997  998  999 1000 1001 1002 1003 1004 1005 1006
 1007 1008 1009 1010 1011 1012 1013 1014 1015 1016 1017 1018 1019 1020
 1021 1022 1023 1024 1025 1026 1027 1029 1031 1032 1034 1036 1037 1039
 1041 1042 1045 1046 1047 1050 1051 1052 1081 1055 1056 1057 1058 1060
 1061 1062 1063 1065 1066 1067 1068 1069 1070 1071 1072  514]
ids [   5   48  139  234  238 1075  244  248 1040  258  259  264  378  533
  677 1038  682  683  684  685  686  687  688  689  690  691  692  694
  695  696  697  698  699  700  701  702  703  704  705  706  707  708
  709  710 1080  712  713  714  716  717  719  721  722  724  726  727
  728  729  730  731  732  733  734  735  736  737  738  739  740  741
  742  743  744  745  746  747  748  749  750  751  752  754  755  756
  757  759  761  762  763  764  766  767  769  772  773  774  775  776
  777  778  779  780  781  782  785  786  787  788  790  791  792  793
  795  796  797  799  800  802  805  806  807  811  828  876  891  771
  950  983  988  990 1028 1030 1033 1035  770  985  801]
ids [127 141 153 156 168 186 201 213 928 924 272 929 277 278 279 280 281 282
 283 284 285 286 287 288 289 290 291 292 293 294 295 296 297 298 299 300
 301 302 303 304 305 307 308 309 311 312 314 316 317 319 261 322 323 324
 325 326 327 328 329 330 331 332 333 334 335 336 337 338 339 340 341 342
 343 344 345 346 347 349 350 351 352 354 356 357 359 361 362 364 366 367
 934 370 371 372 373 374 375 376 377 380 382 383 385 386 387 388 389 390
 391 392 394 395 397 401 402 381 406 453 498 545 578 580 583 585 590 623
 625 628 630 633 670 675 943 909 913 914 246]
09:29:22-INFO: Step 36
09:29:22-DEBUG: Reaction systems: [[None]
 [0]]
09:29:22-DEBUG: rxn_pairs: [array([1, 2])]
09:29:22-DEBUG: Starting total colors: 5
09:29:22-DEBUG: Number of systems: 2
09:29:22-DEBUG: New total colors: 5
09:29:22-DEBUG: Potential energy for color 0: 4919.589098314254
ebond 1 36 5.197876825538588
09:29:22-DEBUG: Potential energy for color 1: 4924.384084525552
xhy 36 13 1 2
xhy 36 13 1 2
xhy 36 13 1 2
xhy 36 13 1 2
xhy 36 13 1 2
h_pos [ 7.16190069  9.94361568 10.31222246] x_pos [ 8.24660245 10.50034094 10.42371999] y_pos [ 6.55643782  8.62404691 10.47250416]
36 rHY 1.4606632855546244 rHX 1.2243172030619052 0.23634608249271927
h_pos [ 7.16190069  9.94361568 10.31222246] x_pos [ 8.24660245 10.50034094 10.42371999] y_pos [ 6.55643782  8.62404691 10.47250416]
h_pos [ 7.16190069  9.94361568 10.31222246] x_pos [ 8.24660245 10.50034094 10.42371999] y_pos [ 6.55643782  8.62404691 10.47250416]
36 rHY 1.4606632855546244 rHX 1.2243172030619052 0.23634608249271927
h_pos [ 7.16190069  9.94361568 10.31222246] x_pos [ 8.24660245 10.50034094 10.42371999] y_pos [ 6.55643782  8.62404691 10.47250416]
36 rHY 1.4606632855546244 rHX 1.2243172030619052 0.23634608249271927
36 rHY 1.4606632855546244 rHX 1.2243172030619052 0.23634608249271927
h_pos [ 7.16190069  9.94361568 10.31222246] x_pos [ 8.24660245 10.50034094 10.42371999] y_pos [ 6.55643782  8.62404691 10.47250416]
36 rHY 1.4606632855546244 rHX 1.2243172030619052 0.23634608249271927
36 cpl_forces h [15.29010325 15.96791101 -0.21942636]
36 cpl_forces h [15.29010325 15.96791101 -0.21942636]
36 cpl_forces h [15.29010325 15.96791101 -0.21942636]
36 cpl_forces x [-10.41655612  -5.34631743  -1.07072778]
36 cpl_forces x [-10.41655612  -5.34631743  -1.07072778]
36 cpl_forces y [ -4.87354713 -10.62159358   1.29015414]
36 cpl_forces x [-10.41655612  -5.34631743  -1.07072778]
36 cpl_forces y [ -4.87354713 -10.62159358   1.29015414]
36 cpl_forces h [15.29010325 15.96791101 -0.21942636]
36 cpl_forces y [ -4.87354713 -10.62159358   1.29015414]
36 cpl_forces h [15.29010325 15.96791101 -0.21942636]
36 cpl_forces x [-10.41655612  -5.34631743  -1.07072778]
36 cpl_forces y [ -4.87354713 -10.62159358   1.29015414]
36 cpl_forces x [-10.41655612  -5.34631743  -1.07072778]
36 cpl_forces y [ -4.87354713 -10.62159358   1.29015414]
09:29:22-DEBUG: System matrix: 
09:29:22-DEBUG: [[4.91958910e+03 1.55456677e+00]
 [1.55456677e+00 4.92438408e+03]]
09:29:22-DEBUG: Eigen values: 
09:29:22-DEBUG: [4919.12920607 4924.84397677]
09:29:22-DEBUG: Occupancies: 
09:29:22-DEBUG: [1. 0.]
09:29:22-INFO: coupling 36 1.554566770158057
09:29:22-DEBUG: Amplitudes: 
09:29:22-DEBUG: [0.91952569 0.08047431]
09:29:22-INFO: forces0 h [9.97405183 5.50239491 0.94137123]
09:29:22-INFO: forces0 x [-6.3362601  -5.16635792 -1.10144686]
09:29:22-INFO: forces0 y [ 0.38652779 -6.38216266  0.08679746]
09:29:22-INFO: forces1 h [-13.95750221 -22.27077408   1.89816662]
09:29:22-INFO: forces1 x [9.94950446 2.24039906 0.32757917]
09:29:22-INFO: forces1 y [ 9.43589863 15.79682298 -2.39169477]
pos h  [ 7.16190069  9.94361568 10.31222246]
pos x  [ 8.24660245 10.50034094 10.42371999]
pos y  [ 6.55643782  8.62404691 10.47250416]
 mixed_cpl_forces: h [-8.31861423 -8.68737703  0.11937939]
 mixed_cpl_forces: x [5.66715022 2.90867573 0.5825318 ]
 mixed_cpl_forces: y [ 2.65146401  5.7787013  -0.70191119]
09:29:22-INFO: mixed forces h [-0.27043775 -5.4200088   1.13774807]
09:29:22-INFO: mixed forces x [ 0.64147583 -1.66162852 -0.40391517]
09:29:22-INFO: mixed forces y [ 3.7662337   1.18137726 -0.81456869]
09:29:22-DEBUG: Minimum eigen value: 
09:29:22-DEBUG: 4919.129206070583
09:29:22-DEBUG: Minimum state: 
09:29:22-DEBUG: 0
        36     4919.1292060706     5059.4698898175     1005.2988687538     4919.5890983143      140.3406837469      0.43709901
09:29:22-INFO: ebond 0 36 1.313802324719064
ids [ 122  140  173  178  185  220  223  230  265  268  270  318  407  408
  409  412  413  414  415  416  417  418  419  420  421  422  423  424
  425 1074  427  428  429  430  431  432  433  434  435  436  437  439
  440  441  442  444  446  447  449  451  452  454  456  457  458  459
  460  461  462  463  464  465  466  467  468  469  470  471  472  473
  474  475  476  477  478  479  480  481  482  483  484  485  486  487
  488  489  491  492  494  496  497  499  502  505  506  507  508  509
  510  511  512  513  501  515  516  517  520  521  522  523  524  525
  526  527  528  530  531  532  536  537  539  541  558 1079  588  591
  803  949 1043 1044 1048 1049 1053 1059 1054  651  175]
ids [ 137  142  143  144  145  146  147  148  149  150  151  152  154  155
  157  158  159  160  161  162  163  164  165  166  167  169  170  679
  172  174  249  176  177  179  180  181  182  184  187  188  189  190
  191  192  193  194  195  196  197  198  199  200  202  203  204  205
  206  207  208  209  210  211  212  214  215  217  218  219  221  222
  224  225  226  227  229  232  233  235  236  237  240  241  242  243
  245 1073  247  250  251  252  253  254  255  256  257  260  276  262
  266  267  269  271  306  348 1078  393  396  410  443  445  448  450
  455  490  493  495  500  535  538  540  784  789  794  798  804  808
  809  918  933  216  321  239  231]
ids [  6 102 107 108 112 117 118 123 133 183 228 275 310 313 315 320 353 355
 358 360 363 365 400 403 411 438 128 542 546 547 548 549 550 551 552 553
 554 555 556 557 559 560 562 563 564 565 566 567 568 569 570 571 572 573
 574 575 576 577 579 581 582 584 586 587 589 592 593 594 595 596 597 598
 599 600 601 602 603 604 605 606 607 608 609 610 611 612 613 614 615 616
 617 618 619 620 621 622 624 626 627 629 631 632 634 635 636 637 639 640
 641 642 645 646 647 648 650 426 652 653 655 656 657 658 660 661 662 665
 666 667 671 672 676 813 405 561 103]
ids [  1   2   3   4   9  10  11  12  13  14  15  16  17  18  19  20  21  23
  24  25  26  27  28  29  30  31  32  33  34  35  36  37  39  41  42  44
  46  47  49  50  51  52  53  54  55  56  57  58  59  60  61  62  63  64
  65  67  68  69  70  71  72  73  74  75  76  78  79  81  83  85  86  88
  89  90  91  93  96  97  98  99 100 101 125 104 105 106 109 111 113 114
 115 116 119 120 121 124 126 993 130 131 132 135 136 544 638 643 644 649
 654 659 664 669 674 815 850 966 893 895 898 900 905 938 945 951  40 940]
ids [   5   48  139  234  238 1075  244  248 1040  258  259  264  378  533
  677 1038  682  683  684  685  686  687  688  689  690  691  692  694
  695  696  697  698  699  700  701  702  703  704  705  706  707  708
  709  710 1080  712  713  714  716  717  719  721  722  724  726  727
  728  729  730  731  732  733  734  735  736  737  738  739  740  741
  742  743  744  745  746  747  748  749  750  751  752  754  755  756
  757  759  761  762  763  764  766  767  769  772  773  774  775  776
  777  778  779  780  781  782  785  786  787  788  790  791  792  793
  795  796  797  799  800  802  805  806  807  811  828  876  891  771
  950  983  988  990 1028 1030 1033 1035  770  985  801]
ids [  7  38 936  43  45  82  84  87  92  94 129 134 274 368 379 384 398 399
 404 668 673 681 693 753 711 783 860 812 816 817 818 819 820 821 822 823
 824 825 826 827 829 830 831 832 833 834 835 836 837 838 839 840 841 842
 843 844 845 847 848 849 851 852 853 854 855 856 857 858 859 861 862 863
 864 865 866 867 868 869 870 871 872 873 874 875 946 877 878 879 880 881
 882 883 884 885 886 887 888 889 890 892 894 896 897 899 901 902 904 906
 907 908 910 911 912 915 916 917 920 921 922 923 925 926 927 948 930 931
 932 846 935 937 939 814 941 942 944 919 369]
ids [127 141 153 156 168 186 201 213 928 924 272 929 277 278 279 280 281 282
 283 284 285 286 287 288 289 290 291 292 293 294 295 296 297 298 299 300
 301 302 303 304 305 307 308 309 311 312 314 316 317 319 261 322 323 324
 325 326 327 328 329 330 331 332 333 334 335 336 337 338 339 340 341 342
 343 344 345 346 347 349 350 351 352 354 356 357 359 361 362 364 366 367
 934 370 371 372 373 374 375 376 377 380 382 383 385 386 387 388 389 390
 391 392 394 395 397 401 402 381 406 453 498 545 578 580 583 585 590 623
 625 628 630 633 670 675 943 909 913 914 246 171]
ids [   8   22   66   77   80   95  110 1064  138  263  273  503  504  518
  519  529  534  543  663  678  680  715  718  720  723  725  758  760
  765  768 1077  810  903  947  952  953  954  955  956  957  958  959
  960  961  962  963  964  965  967  968  969  970  971  972  973  974
  975  976  977  978  979  980  981  982  984 1076  986  987  989  991
  992  994  995  996  997  998  999 1000 1001 1002 1003 1004 1005 1006
 1007 1008 1009 1010 1011 1012 1013 1014 1015 1016 1017 1018 1019 1020
 1021 1022 1023 1024 1025 1026 1027 1029 1031 1032 1034 1036 1037 1039
 1041 1042 1045 1046 1047 1050 1051 1052 1081 1055 1056 1057 1058 1060
 1061 1062 1063 1065 1066 1067 1068 1069 1070 1071 1072  514]
09:29:22-INFO: Step 37
09:29:22-DEBUG: Reaction systems: [[None]
 [0]]
09:29:22-DEBUG: rxn_pairs: [array([1, 2])]
09:29:22-DEBUG: Starting total colors: 5
09:29:22-DEBUG: Number of systems: 2
09:29:22-DEBUG: New total colors: 5
09:29:22-DEBUG: Potential energy for color 0: 4917.188973584093
ebond 1 37 5.4857802655235846
09:29:22-DEBUG: Potential energy for color 1: 4922.210595994931
xhy 37 13 1 2
xhy 37 13 1 2
xhy 37 13 1 2
xhy 37 13 1 2
xhy 37 13 1 2
h_pos [ 7.150024    9.96100583 10.3035382 ] x_pos [ 8.24959728 10.49568774 10.42396168] y_pos [ 6.56094146  8.62084549 10.47263557]
h_pos [ 7.150024    9.96100583 10.3035382 ] x_pos [ 8.24959728 10.49568774 10.42396168] y_pos [ 6.56094146  8.62084549 10.47263557]
37 rHY 1.473649180505966 rHX 1.2285959267166233 0.24505325378934262
h_pos [ 7.150024    9.96100583 10.3035382 ] x_pos [ 8.24959728 10.49568774 10.42396168] y_pos [ 6.56094146  8.62084549 10.47263557]
37 rHY 1.473649180505966 rHX 1.2285959267166233 0.24505325378934262
37 rHY 1.473649180505966 rHX 1.2285959267166233 0.24505325378934262
h_pos [ 7.150024    9.96100583 10.3035382 ] x_pos [ 8.24959728 10.49568774 10.42396168] y_pos [ 6.56094146  8.62084549 10.47263557]
37 rHY 1.473649180505966 rHX 1.2285959267166233 0.24505325378934262
37 cpl_forces h [14.759508   15.32819255 -0.19071938]
37 cpl_forces h [14.759508   15.32819255 -0.19071938]
37 cpl_forces h [14.759508   15.32819255 -0.19071938]
37 cpl_forces x [-10.20254536  -4.96112127  -1.11736623]
h_pos [ 7.150024    9.96100583 10.3035382 ] x_pos [ 8.24959728 10.49568774 10.42396168] y_pos [ 6.56094146  8.62084549 10.47263557]
37 cpl_forces x [-10.20254536  -4.96112127  -1.11736623]
37 cpl_forces x [-10.20254536  -4.96112127  -1.11736623]
37 rHY 1.473649180505966 rHX 1.2285959267166233 0.24505325378934262
37 cpl_forces y [ -4.55696265 -10.36707128   1.30808561]
37 cpl_forces y [ -4.55696265 -10.36707128   1.30808561]
37 cpl_forces y [ -4.55696265 -10.36707128   1.30808561]
37 cpl_forces h [14.759508   15.32819255 -0.19071938]
37 cpl_forces x [-10.20254536  -4.96112127  -1.11736623]
37 cpl_forces h [14.759508   15.32819255 -0.19071938]
37 cpl_forces x [-10.20254536  -4.96112127  -1.11736623]
37 cpl_forces y [ -4.55696265 -10.36707128   1.30808561]
09:29:22-DEBUG: System matrix: 
37 cpl_forces y [ -4.55696265 -10.36707128   1.30808561]
09:29:22-DEBUG: [[4.91718897e+03 1.45372740e+00]
 [1.45372740e+00 4.92221060e+03]]
09:29:22-DEBUG: Eigen values: 
09:29:22-DEBUG: [4916.79849262 4922.60107696]
09:29:22-DEBUG: Occupancies: 
09:29:22-DEBUG: [1. 0.]
09:29:22-INFO: coupling 37 1.4537273999363587
09:29:22-DEBUG: Amplitudes: 
09:29:22-DEBUG: [0.93270568 0.06729432]
09:29:22-INFO: forces0 h [10.21712933  5.32166502  1.04143342]
09:29:22-INFO: forces0 x [-6.76931846 -5.03635941 -1.19622861]
09:29:22-INFO: forces0 y [ 0.4025372  -6.14245544  0.08637634]
09:29:22-INFO: forces1 h [-13.70392635 -22.73134754   2.06227006]
09:29:22-INFO: forces1 x [9.54658558 2.02631506 0.34321406]
09:29:22-INFO: forces1 y [ 9.33991245 16.59867724 -2.56739245]
pos h  [ 7.150024    9.96100583 10.3035382 ]
pos x  [ 8.24959728 10.49568774 10.42396168]
pos y  [ 6.56094146  8.62084549 10.47263557]
 mixed_cpl_forces: h [-7.39542932 -7.68037557  0.09556224]
 mixed_cpl_forces: x [5.11210828 2.48582959 0.55986981]
 mixed_cpl_forces: y [ 2.28332104  5.19454598 -0.65543205]
09:29:22-INFO: mixed forces h [ 1.21194884 -4.24651895  1.20569217]
09:29:22-INFO: mixed forces x [-0.55924251 -2.07525195 -0.53276305]
09:29:22-INFO: mixed forces y [ 3.28729282  0.58243959 -0.74763928]
09:29:22-DEBUG: Minimum eigen value: 
09:29:22-DEBUG: 4916.798492618326
09:29:22-DEBUG: Minimum state: 
09:29:22-DEBUG: 0
        37     4916.7984926183     5059.4647175338     1021.9573589617     4917.1889735841      142.6662249155      0.42581016
09:29:22-INFO: ebond 0 37 1.3612723572196057
ids [  7  38 936  43  45  82  84  87  92  94 129 134 274 368 379 384 398 399
 404 668 673 681 693 753 711 783 860 812 816 817 818 819 820 821 822 823
 824 825 826 827 829 830 831 832 833 834 835 836 837 838 839 840 841 842
 843 844 845 847 848 849 851 852 853 854 855 856 857 858 859 861 862 863
 864 865 866 867 868 869 870 871 872 873 874 875 946 877 878 879 880 881
 882 883 884 885 886 887 888 889 890 892 894 896 897 899 901 902 904 906
 907 908 910 911 912 915 916 917 920 921 922 923 925 926 927 948 930 931
 932 846 935 937 939 814 941 942 944 919 369]
ids [   8   22   66   77   80   95  110 1064  138  263  273  503  504  518
  519  529  534  543  663  678  680  715  718  720  723  725  758  760
  765  768 1077  810  903  947  952  953  954  955  956  957  958  959
  960  961  962  963  964  965  967  968  969  970  971  972  973  974
  975  976  977  978  979  980  981  982  984 1076  986  987  989  991
  992  994  995  996  997  998  999 1000 1001 1002 1003 1004 1005 1006
 1007 1008 1009 1010 1011 1012 1013 1014 1015 1016 1017 1018 1019 1020
 1021 1022 1023 1024 1025 1026 1027 1029 1031 1032 1034 1036 1037 1039
 1041 1042 1045 1046 1047 1050 1051 1052 1081 1055 1056 1057 1058 1060
 1061 1062 1063 1065 1066 1067 1068 1069 1070 1071 1072  514]
ids [   5   48  139  234  238 1075  244  248 1040  258  259  264  378  533
  677 1038  682  683  684  685  686  687  688  689  690  691  692  694
  695  696  697  698  699  700  701  702  703  704  705  706  707  708
  709  710 1080  712  713  714  716  717  719  721  722  724  726  727
  728  729  730  731  732  733  734  735  736  737  738  739  740  741
  742  743  744  745  746  747  748  749  750  751  752  754  755  756
  757  759  761  762  763  764  766  767  769  772  773  774  775  776
  777  778  779  780  781  782  785  786  787  788  790  791  792  793
  795  796  797  799  800  802  805  806  807  811  828  876  891  771
  950  983  988  990 1028 1030 1033 1035  770  985  801  254]
ids [  6 102 107 108 112 117 118 123 133 183 228 275 310 313 315 320 353 355
 358 360 363 365 400 403 411 438 128 542 546 547 548 549 550 551 552 553
 554 555 556 557 559 560 562 563 564 565 566 567 568 569 570 571 572 573
 574 575 576 577 579 581 582 584 586 587 589 592 593 594 595 596 597 598
 599 600 601 602 603 604 605 606 607 608 609 610 611 612 613 614 615 616
 617 618 619 620 621 622 624 626 627 629 631 632 634 635 636 637 639 640
 641 642 645 646 647 648 650 426 652 653 655 656 657 658 660 661 662 665
 666 667 671 672 676 813 405 561 103]
ids [ 122  140  173  178  185  220  223  230  265  268  270  318  407  408
  409  412  413  414  415  416  417  418  419  420  421  422  423  424
  425 1074  427  428  429  430  431  432  433  434  435  436  437  439
  440  441  442  444  446  447  449  451  452  454  456  457  458  459
  460  461  462  463  464  465  466  467  468  469  470  471  472  473
  474  475  476  477  478  479  480  481  482  483  484  485  486  487
  488  489  491  492  494  496  497  499  502  505  506  507  508  509
  510  511  512  513  501  515  516  517  520  521  522  523  524  525
  526  527  528  530  531  532  536  537  539  541  558 1079  588  591
  803  949 1043 1044 1048 1049 1053 1059 1054  651  175]
ids [ 137  142  143  144  145  146  147  148  149  150  151  152  154  155
  157  158  159  160  161  162  163  164  165  166  167  169  170  679
  172  174  249  176  177  179  180  181  182  184  187  188  189  190
  191  192  193  194  195  196  197  198  199  200  202  203  204  205
  206  207  208  209  210  211  212  214  215  217  218  219  221  222
  224  225  226  227  229  232  233  235  236  237  240  241  242  243
  245 1073  247  250  251  252  253  231  255  256  257  260  276  262
  266  267  269  271  306  348 1078  393  396  410  443  445  448  450
  455  490  493  495  500  535  538  540  784  789  794  798  804  808
  809  918  933  216  321  239]
ids [  1   2   3   4   9  10  11  12  13  14  15  16  17  18  19  20  21  23
  24  25  26  27  28  29  30  31  32  33  34  35  36  37  39  41  42  44
  46  47  49  50  51  52  53  54  55  56  57  58  59  60  61  62  63  64
  65  67  68  69  70  71  72  73  74  75  76  78  79  81  83  85  86  88
  89  90  91  93  96  97  98  99 100 101 125 104 105 106 109 111 113 114
 115 116 119 120 121 124 126 993 130 131 132 135 136 544 638 643 644 649
 654 659 664 669 674 815 850 966 893 895 898 900 905 938 945 951  40 940]
ids [127 141 153 156 168 186 201 213 928 924 272 929 277 278 279 280 281 282
 283 284 285 286 287 288 289 290 291 292 293 294 295 296 297 298 299 300
 301 302 303 304 305 307 308 309 311 312 314 316 317 319 261 322 323 324
 325 326 327 328 329 330 331 332 333 334 335 336 337 338 339 340 341 342
 343 344 345 346 347 349 350 351 352 354 356 357 359 361 362 364 366 367
 934 370 371 372 373 374 375 376 377 380 382 383 385 386 387 388 389 390
 391 392 394 395 397 401 402 381 406 453 498 545 578 580 583 585 590 623
 625 628 630 633 670 675 943 909 913 914 246 171]
09:29:22-INFO: Step 38
09:29:22-DEBUG: Reaction systems: [[None]
 [0]]
09:29:22-DEBUG: rxn_pairs: [array([1, 2])]
09:29:22-DEBUG: Starting total colors: 5
09:29:22-DEBUG: Number of systems: 2
09:29:22-DEBUG: New total colors: 5
09:29:22-DEBUG: Potential energy for color 0: 4915.110843438861
ebond 1 38 5.750511482388477
09:29:22-DEBUG: Potential energy for color 1: 4920.3162424470565
xhy 38 13 1 2
xhy 38 13 1 2
xhy 38 13 1 2
xhy 38 13 1 2
xhy 38 13 1 2
h_pos [ 7.13837363  9.97651457 10.2953208 ] x_pos [ 8.25258787 10.49099103 10.42419094] y_pos [ 6.56553039  8.61766823 10.47274813]
38 rHY 1.4852923001597453 rHX 1.2340044221318245 0.25128787802792085
h_pos [ 7.13837363  9.97651457 10.2953208 ] x_pos [ 8.25258787 10.49099103 10.42419094] y_pos [ 6.56553039  8.61766823 10.47274813]
38 rHY 1.4852923001597453 rHX 1.2340044221318245 0.25128787802792085
h_pos [ 7.13837363  9.97651457 10.2953208 ] x_pos [ 8.25258787 10.49099103 10.42419094] y_pos [ 6.56553039  8.61766823 10.47274813]
38 cpl_forces h [14.33576122 14.8161564  -0.16713924]
38 cpl_forces x [-10.04508675  -4.63821089  -1.16181577]
38 cpl_forces h [14.33576122 14.8161564  -0.16713924]
38 rHY 1.4852923001597453 rHX 1.2340044221318245 0.25128787802792085
38 cpl_forces x [-10.04508675  -4.63821089  -1.16181577]
38 cpl_forces y [ -4.29067447 -10.17794552   1.32895501]
38 cpl_forces h [14.33576122 14.8161564  -0.16713924]
h_pos [ 7.13837363  9.97651457 10.2953208 ] x_pos [ 8.25258787 10.49099103 10.42419094] y_pos [ 6.56553039  8.61766823 10.47274813]
h_pos [ 7.13837363  9.97651457 10.2953208 ] x_pos [ 8.25258787 10.49099103 10.42419094] y_pos [ 6.56553039  8.61766823 10.47274813]
38 cpl_forces y [ -4.29067447 -10.17794552   1.32895501]
38 rHY 1.4852923001597453 rHX 1.2340044221318245 0.25128787802792085
38 cpl_forces x [-10.04508675  -4.63821089  -1.16181577]
38 rHY 1.4852923001597453 rHX 1.2340044221318245 0.25128787802792085
38 cpl_forces y [ -4.29067447 -10.17794552   1.32895501]
38 cpl_forces h [14.33576122 14.8161564  -0.16713924]
38 cpl_forces h [14.33576122 14.8161564  -0.16713924]
38 cpl_forces x [-10.04508675  -4.63821089  -1.16181577]
09:29:22-DEBUG: System matrix: 
38 cpl_forces x [-10.04508675  -4.63821089  -1.16181577]
38 cpl_forces y [ -4.29067447 -10.17794552   1.32895501]
38 cpl_forces y [ -4.29067447 -10.17794552   1.32895501]
09:29:22-DEBUG: [[4.91511084e+03 1.38350325e+00]
 [1.38350325e+00 4.92031624e+03]]
09:29:22-DEBUG: Eigen values: 
09:29:22-DEBUG: [4914.76598023 4920.66110566]
09:29:22-DEBUG: Occupancies: 
09:29:22-DEBUG: [1. 0.]
09:29:22-INFO: coupling 38 1.3835032529209212
09:29:22-DEBUG: Amplitudes: 
09:29:22-DEBUG: [0.94150028 0.05849972]
09:29:22-INFO: forces0 h [10.50525638  5.17932926  1.14288543]
09:29:22-INFO: forces0 x [-7.24019329 -4.93442129 -1.29315296]
09:29:22-INFO: forces0 y [ 0.41157792 -5.91491459  0.08667811]
09:29:22-INFO: forces1 h [-13.3718115  -23.12543903   2.22903509]
09:29:22-INFO: forces1 x [9.0910427  1.80814826 0.34767323]
09:29:22-INFO: forces1 y [ 9.21850391 17.33695668 -2.73463026]
pos h  [ 7.13837363  9.97651457 10.2953208 ]
pos x  [ 8.25258787 10.49099103 10.42419094]
pos y  [ 6.56553039  8.61766823 10.47274813]
 mixed_cpl_forces: h [-6.72880417 -6.95428819  0.07845047]
 mixed_cpl_forces: x [4.71488193 2.17704608 0.54532373]
 mixed_cpl_forces: y [ 2.01392223  4.77724211 -0.6237742 ]
09:29:22-INFO: mixed forces h [ 2.37965033 -3.43078006  1.28487535]
09:29:22-INFO: mixed forces x [-1.56993856 -2.36293675 -0.65184135]
09:29:22-INFO: mixed forces y [ 2.94070289  0.22255558 -0.70214185]
09:29:22-DEBUG: Minimum eigen value: 
09:29:22-DEBUG: 4914.765980227854
09:29:22-DEBUG: Minimum state: 
09:29:22-DEBUG: 0
        38     4914.7659802279     5059.4619859241     1036.4972362676     4915.1108434389      144.6960056962      0.42179568
09:29:22-INFO: ebond 0 38 1.4224820365787116
ids [ 137  142  143  144  145  146  147  148  149  150  151  152  154  155
  157  158  159  160  161  162  163  164  165  166  167  169  170  679
  172  174  249  176  177  179  180  181  182  184  187  188  189  190
  191  192  193  194  195  196  197  198  199  200  202  203  204  205
  206  207  208  209  210  211  212  214  215  217  218  219  221  222
  224  225  226  227  229  232  233  235  236  237  240  241  242  243
  245 1073  247  250  251  252  253  231  255  256  257  260  276  262
  266  267  269  271  306  348 1078  393  396  410  443  445  448  450
  455  490  493  495  500  535  538  540  784  789  794  798  804  808
  809  918  933  216  321  239]
ids [  7  38 936  43  45  82  84  87  92  94 129 134 274 368  89 384 398 399
 404 668 673 681 693 753 711 783 860 812 816 817 818 819 820 821 822 823
 824 825 826 827 829 830 831 832 833 834 835 836 837 838 839 840 841 842
 843 844 845 847 848 849 851 852 853 854 855 856 857 858 859 861 862 863
 864 865 866 867 868 869 870 871 872 873 874 875 946 877 878 879 880 881
 882 883 884 885 886 887 888 889 890 892 894 896 897 899 901 902 904 906
 907 908 910 911 912 915 916 917 920 921 922 923 925 926 927 948 930 931
 932 846 935 937 939 814 941 942 944 919 369  50]
ids [   5   48  139  234  238 1075  244  248 1040  258  259  264  378  533
  677 1038  682  683  684  685  686  687  688  689  690  691  692  694
  695  696  697  698  699  700  701  702  703  704  705  706  707  708
  709  710 1080  712  713  714  716  717  719  721  722  724  726  727
  728  729  730  731  732  733  734  735  736  737  738  739  740  741
  742  743  744  745  746  747  748  749  750  751  752  754  755  756
  757  759  761  762  763  764  766  767  769  772  773  774  775  776
  777  778  779  780  781  782  785  786  787  788  790  791  792  793
  795  796  797  799  800  802  805  806  807  811  828  876  891  771
  950  983  988  990 1028 1030 1033 1035  770  985  801  254]
ids [  6 102 107 108 112 117 118 123 133 183 228 275 310 313 315 320 353 355
 358 360 363 365 400 403 411 438 128 542 546 547 548 549 550 551 552 553
 554 555 556 557 559 560 562 563 564 565 566 567 568 569 570 571 572 573
 574 575 576 577 579 581 582 584 586 587 589 592 593 594 595 596 597 598
 599 600 601 602 603 604 605 606 607 608 609 610 611 612 613 614 615 616
 617 618 619 620 621 622 624 626 627 629 631 632 634 635 636 637 639 640
 641 642 645 646 647 648 650 426 652 653 655 656 657 658 660 661 662 665
 666 667 671 672 676 813 405 561 103]
ids [ 122  140  173  178  185  220  223  230  265  268  270  318  407  408
  409  412  413  414  415  416  417  418  419  420  421  422  423  424
  425 1074  427  428  429  430  431  432  433  434  435  436  437  439
  440  441  442  444  446  447  449  451  452  454  456  457  458  459
  460  461  462  463  464  465  466  467  468  469  470  471  472  473
  474  475  476  477  478  479  480  481  482  483  484  485  486  487
  488  489  491  492  494  496  497  499  502  505  506  507  508  509
  510  511  512  513  501  515  516  517  520  521  522  523  524  525
  526  527  528  530  531  532  536  537  539  541  558 1079  588  591
  803  949 1043 1044 1048 1049 1053 1059 1054  651  175]
ids [  1   2   3   4   9  10  11  12  13  14  15  16  17  18  19  20  21  23
  24  25  26  27  28  29  30  31  32  33  34  35  36  37  39  41  42  44
  46  47  49 940  51  52  53  54  55  56  57  58  59  60  61  62  63  64
  65  67  68  69  70  71  72  73  74  75  76  78  79  81  83  85  86  88
  40  90  91  93  96  97  98  99 100 101 125 104 105 106 109 111 113 114
 115 116 119 120 121 124 126 993 130 131 132 135 136 544 638 643 644 649
 654 659 664 669 674 815 850 966 893 895 898 900 905 938 945 951]
ids [   8   22   66   77   80   95  110 1064  138  263  273  503  504  518
  519  529  534  543  663  678  680  715  718  720  723  725  758  760
  765  768 1077  810  903  947  952  953  954  955  956  957  958  959
  960  961  962  963  964  965  967  968  969  970  971  972  973  974
  975  976  977  978  979  980  981  982  984 1076  986  987  989  991
  992  994  995  996  997  998  999 1000 1001 1002 1003 1004 1005 1006
 1007 1008 1009 1010 1011 1012 1013 1014 1015 1016 1017 1018 1019 1020
 1021 1022 1023 1024 1025 1026 1027 1029 1031 1032 1034 1036 1037 1039
 1041 1042 1045 1046 1047 1050 1051 1052 1081 1055 1056 1057 1058 1060
 1061 1062 1063 1065 1066 1067 1068 1069 1070 1071 1072  514]
ids [127 141 153 156 168 186 201 213 928 924 272 929 277 278 279 280 281 282
 283 284 285 286 287 288 289 290 291 292 293 294 295 296 297 298 299 300
 301 302 303 304 305 307 308 309 311 312 314 316 317 319 261 322 323 324
 325 326 327 328 329 330 331 332 333 334 335 336 337 338 339 340 341 342
 343 344 345 346 347 349 350 351 352 354 356 357 359 361 362 364 366 367
 934 370 371 372 373 374 375 376 377 380 382 383 385 386 387 388 389 390
 391 392 394 395 397 401 402 381 406 453 498 545 578 580 583 585 590 623
 625 628 630 633 670 675 943 909 913 914 246 171 379]
09:29:22-INFO: Step 39
09:29:22-DEBUG: Reaction systems: [[None]
 [0]]
09:29:22-DEBUG: rxn_pairs: [array([1, 2])]
09:29:22-DEBUG: Starting total colors: 5
09:29:22-DEBUG: Number of systems: 2
09:29:22-DEBUG: New total colors: 5
09:29:22-DEBUG: Potential energy for color 0: 4913.348651853291
ebond 1 39 6.001809353422387
09:29:22-DEBUG: Potential energy for color 1: 4918.718028403343
xhy 39 13 1 2
xhy 39 13 1 2
xhy 39 13 1 2
xhy 39 13 1 2
xhy 39 13 1 2
h_pos [ 7.12746452  9.99052929 10.28759864] x_pos [ 8.2555471  10.48624201 10.42440473] y_pos [ 6.57019455  8.61450343 10.4728432 ]
h_pos [ 7.12746452  9.99052929 10.28759864] x_pos [ 8.2555471  10.48624201 10.42440473] y_pos [ 6.57019455  8.61450343 10.4728432 ]
39 rHY 1.4960991068544427 rHX 1.239765021805496 0.2563340850489466
h_pos [ 7.12746452  9.99052929 10.28759864] x_pos [ 8.2555471  10.48624201 10.42440473] y_pos [ 6.57019455  8.61450343 10.4728432 ]
39 rHY 1.4960991068544427 rHX 1.239765021805496 0.2563340850489466
39 rHY 1.4960991068544427 rHX 1.239765021805496 0.2563340850489466
h_pos [ 7.12746452  9.99052929 10.28759864] x_pos [ 8.2555471  10.48624201 10.42440473] y_pos [ 6.57019455  8.61450343 10.4728432 ]
h_pos [ 7.12746452  9.99052929 10.28759864] x_pos [ 8.2555471  10.48624201 10.42440473] y_pos [ 6.57019455  8.61450343 10.4728432 ]
39 cpl_forces h [13.96882636 14.37390661 -0.14672484]
39 rHY 1.4960991068544427 rHX 1.239765021805496 0.2563340850489466
39 rHY 1.4960991068544427 rHX 1.239765021805496 0.2563340850489466
39 cpl_forces h [13.96882636 14.37390661 -0.14672484]
39 cpl_forces h [13.96882636 14.37390661 -0.14672484]
39 cpl_forces x [-9.91147876 -4.35539574 -1.20199596]
39 cpl_forces y [ -4.05734761 -10.01851087   1.34872079]
39 cpl_forces x [-9.91147876 -4.35539574 -1.20199596]
39 cpl_forces y [ -4.05734761 -10.01851087   1.34872079]
39 cpl_forces x [-9.91147876 -4.35539574 -1.20199596]
39 cpl_forces h [13.96882636 14.37390661 -0.14672484]
39 cpl_forces y [ -4.05734761 -10.01851087   1.34872079]
39 cpl_forces h [13.96882636 14.37390661 -0.14672484]
39 cpl_forces x [-9.91147876 -4.35539574 -1.20199596]
39 cpl_forces x [-9.91147876 -4.35539574 -1.20199596]
39 cpl_forces y [ -4.05734761 -10.01851087   1.34872079]
09:29:22-DEBUG: System matrix: 
39 cpl_forces y [ -4.05734761 -10.01851087   1.34872079]
09:29:22-DEBUG: [[4.91334865e+03 1.32794658e+00]
 [1.32794658e+00 4.91871803e+03]]
09:29:22-DEBUG: Eigen values: 
09:29:22-DEBUG: [4913.03817849 4919.02850177]
09:29:22-DEBUG: Occupancies: 
09:29:22-DEBUG: [1. 0.]
09:29:22-INFO: coupling 39 1.3279465785401467
09:29:22-DEBUG: Amplitudes: 
09:29:22-DEBUG: [0.94817085 0.05182915]
09:29:22-INFO: forces0 h [10.80563702  5.05507739  1.2430993 ]
09:29:22-INFO: forces0 x [-7.71719988 -4.84402994 -1.38922879]
09:29:22-INFO: forces0 y [ 0.41573143 -5.69544754  0.08737101]
09:29:22-INFO: forces1 h [-13.02176262 -23.49280088   2.39402693]
09:29:22-INFO: forces1 x [8.62859265 1.60633105 0.34601871]
09:29:22-INFO: forces1 y [ 9.08805229 18.03107485 -2.89398733]
pos h  [ 7.12746452  9.99052929 10.28759864]
pos x  [ 8.2555471  10.48624201 10.42440473]
pos y  [ 6.57019455  8.61450343 10.4728432 ]
 mixed_cpl_forces: h [-6.19327349 -6.37287145  0.0650525 ]
 mixed_cpl_forces: x [4.39439199 1.93102529 0.53292163]
 mixed_cpl_forces: y [ 1.7988815   4.44184616 -0.59797413]
09:29:22-INFO: mixed forces h [ 3.37740966 -2.79740633  1.3678034 ]
09:29:22-INFO: mixed forces x [-2.47561935 -2.57868793 -0.76637076]
09:29:22-INFO: mixed forces y [ 2.66409195 -0.02387589 -0.66512438]
09:29:22-DEBUG: Minimum eigen value: 
09:29:22-DEBUG: 4913.038178488352
09:29:22-DEBUG: Minimum state: 
09:29:22-DEBUG: 0
        39     4913.0381784884     5059.4602921691     1048.8618219162     4913.3486518533      146.4221136807      0.42215191
09:29:22-INFO: ebond 0 39 1.4891569433891336
ids [  1   2   3   4   9  10  11  12  13  14  15  16  17  18  19  20  21  23
  24  25  26  27  28  29  30  31  32  33  34  35  36  37  39  41  42  44
  46  47  49 940  51  52  53  54  55  56  57  58  59  60  61  62  63  64
  65  67  68  69  70  71  72  73  74  75  76  78  79  81  83  85  86  88
  40  90  91  93  96  97  98  99 100 101 125 104 105 106 109 111 113 114
 115 116 119 120 121 124 126 993 130 131 132 135 136 544 638 643 644 649
 654 659 664 669 674 815 850 966 893 895 898 900 905 938 945 951]
ids [   8   22   66   77   80   95  110 1064  138  263  273  503  504  518
  519  529  534  543  663  678  680  715  718  720  723  725  758  760
  765  768 1077  810  903  947  952  953  954  955  956  957  958  959
  960  961  962  963  964  965  967  968  969  970  971  972  973  974
  975  976  977  978  979  980  981  982  984 1076  986  987  989  991
  992  994  995  996  997  998  999 1000 1001 1002 1003 1004 1005 1006
 1007 1008 1009 1010 1011 1012 1013 1014 1015 1016 1017 1018 1019 1020
 1021 1022 1023 1024 1025 1026 1027 1029 1031 1032 1034 1036 1037 1039
 1041 1042 1045 1046 1047 1050 1051 1052 1081 1055 1056 1057 1058 1060
 1061 1062 1063 1065 1066 1067 1068 1069 1070 1071 1072  514]
ids [ 122  140  173  178  185  220  223  230  265  268  270  318  407  408
  409  412  413  414  415  416  417  418  419  420  421  422  423  424
  425 1074  427  428  429  430  431  432  433  434  435  436  437  439
  440  441  442  444  446  447  449  451  452  454  456  457  458  459
  460  461  462  463  464  465  466  467  468  469  470  471  472  473
  474  475  476  477  478  479  480  481  482  483  484  485  486  487
  488  489  491  492  494  496  497  499  502  505  506  507  508  509
  510  511  512  513  501  515  516  517  520  521  522  523  524  525
  526  527  528  530  531  532  536  537  539  541  558 1079  588  591
  803  949 1043 1044 1048 1049 1053 1059 1054  651  175]
ids [ 137  142  143  144  145  146  147  148  149  150  151  152  154  155
  157  158  159  160  161  162  163  164  165  166  167  169  170  679
  172  174  249  176  177  179  180  181  182  184  187  188  189  190
  191  192  193  194  195  196  197  198  199  200  202  203  204  205
  206  207  208  209  210  211  212  214  215  217  218  219  221  222
  224  225  226  227  229  232  233  235  236  237  240  241  242  243
  245 1073  247  250  251  252  253  231  255  256  257  260  276  262
  266  267  269  271  306  348 1078  393  396  410  443  445  448  450
  455  490  493  495  500  535  538  540  784  789  794  798  804  808
  809  918  933  216  321  239  201]
ids [  7  38 936  43  45  82  84  87  92  94 129 134 274 368  89 384 398 399
 404 668 673 681 693 753 711 783 860 812 816 817 818 819 820 821 822 823
 824 825 826 827 829 830 831 832 833 834 835 836 837 838 839 840 841 842
 843 844 845 847 848 849 851 852 853 854 855 856 857 858 859 861 862 863
 864 865 866 867 868 869 870 871 872 873 874 875 946 877 878 879 880 881
 882 883 884 885 886 887 888 889 890 892 894 896 897 899 901 902 904 906
 907 908 910 911 912 915 916 917 920 921 922 923 925 926 927 948 930 931
 932 846 935 937 939 814 941 942 944 919 369  50 786]
ids [  6 102 107 108 112 117 118 123 133 183 228 275 310 313 315 320 353 355
 358 360 363 365 400 403 411 438 128 542 546 547 548 549 550 551 552 553
 554 555 556 557 559 560 562 563 564 565 566 567 568 569 570 571 572 573
 574 575 576 577 579 581 582 584 586 587 589 592 593 594 595 596 597 598
 599 600 601 602 603 604 605 606 607 608 609 610 611 612 613 614 615 616
 617 618 619 620 621 622 624 626 627 629 631 632 634 635 636 637 639 640
 641 642 645 646 647 648 650 426 652 653 655 656 657 658 660 661 662 665
 666 667 671 672 676 813 405 561 103]
ids [   5   48  139  234  238 1075  244  248 1040  258  259  264  378  533
  677 1038  682  683  684  685  686  687  688  689  690  691  692  694
  695  696  697  698  699  700  701  702  703  704  705  706  707  708
  709  710 1080  712  713  714  716  717  719  721  722  724  726  727
  728  729  730  731  732  733  734  735  736  737  738  739  740  741
  742  743  744  745  746  747  748  749  750  751  752  754  755  756
  757  759  761  762  763  764  766  767  769  772  773  774  775  776
  777  778  779  780  781  782  785  254  787  788  790  791  792  793
  795  796  797  799  800  802  805  806  807  811  828  876  891  771
  950  983  988  990 1028 1030 1033 1035  770  985  801]
ids [127 141 153 156 168 186 379 213 928 924 272 929 277 278 279 280 281 282
 283 284 285 286 287 288 289 290 291 292 293 294 295 296 297 298 299 300
 301 302 303 304 305 307 308 309 311 312 314 316 317 319 261 322 323 324
 325 326 327 328 329 330 331 332 333 334 335 336 337 338 339 340 341 342
 343 344 345 346 347 349 350 351 352 354 356 357 359 361 362 364 366 367
 934 370 371 372 373 374 375 376 377 380 382 383 385 386 387 388 389 390
 391 392 394 395 397 401 402 381 406 453 498 545 578 580 583 585 590 623
 625 628 630 633 670 675 943 909 913 914 246 171]
09:29:22-INFO: Step 40
09:29:22-DEBUG: Reaction systems: [[None]
 [0]]
09:29:22-DEBUG: rxn_pairs: [array([1, 2])]
09:29:22-DEBUG: Starting total colors: 5
09:29:22-DEBUG: Number of systems: 2
09:29:22-DEBUG: New total colors: 5
09:29:22-DEBUG: Potential energy for color 0: 4911.895590093612
ebond 1 40 6.246875341268991
09:29:22-DEBUG: Potential energy for color 1: 4917.426770645966
xhy 40 13 1 2
xhy 40 13 1 2
xhy 40 13 1 2
xhy 40 13 1 2
xhy 40 13 1 2
h_pos [ 7.11771275 10.00333031 10.28040244] x_pos [ 8.25845177 10.48143446 10.42460026] y_pos [ 6.57492638  8.61134367 10.47292179]
40 rHY 1.5064220994364386 rHX 1.2452558387353572 0.2611662607010814
h_pos [ 7.11771275 10.00333031 10.28040244] x_pos [ 8.25845177 10.48143446 10.42460026] y_pos [ 6.57492638  8.61134367 10.47292179]
h_pos [ 7.11771275 10.00333031 10.28040244] x_pos [ 8.25845177 10.48143446 10.42460026] y_pos [ 6.57492638  8.61134367 10.47292179]
40 rHY 1.5064220994364386 rHX 1.2452558387353572 0.2611662607010814
40 cpl_forces h [13.6098182  13.94668287 -0.1279678 ]
h_pos [ 7.11771275 10.00333031 10.28040244] x_pos [ 8.25845177 10.48143446 10.42460026] y_pos [ 6.57492638  8.61134367 10.47292179]
40 rHY 1.5064220994364386 rHX 1.2452558387353572 0.2611662607010814
h_pos [ 7.11771275 10.00333031 10.28040244] x_pos [ 8.25845177 10.48143446 10.42460026] y_pos [ 6.57492638  8.61134367 10.47292179]
40 rHY 1.5064220994364386 rHX 1.2452558387353572 0.2611662607010814
40 rHY 1.5064220994364386 rHX 1.2452558387353572 0.2611662607010814
40 cpl_forces x [-9.76785156 -4.09388148 -1.23472842]
40 cpl_forces h [13.6098182  13.94668287 -0.1279678 ]
40 cpl_forces y [-3.84196665 -9.85280139  1.36269623]
40 cpl_forces x [-9.76785156 -4.09388148 -1.23472842]
40 cpl_forces h [13.6098182  13.94668287 -0.1279678 ]
40 cpl_forces y [-3.84196665 -9.85280139  1.36269623]
40 cpl_forces h [13.6098182  13.94668287 -0.1279678 ]
40 cpl_forces h [13.6098182  13.94668287 -0.1279678 ]
40 cpl_forces x [-9.76785156 -4.09388148 -1.23472842]
40 cpl_forces x [-9.76785156 -4.09388148 -1.23472842]
40 cpl_forces y [-3.84196665 -9.85280139  1.36269623]
40 cpl_forces x [-9.76785156 -4.09388148 -1.23472842]
40 cpl_forces y [-3.84196665 -9.85280139  1.36269623]
09:29:22-DEBUG: System matrix: 
40 cpl_forces y [-3.84196665 -9.85280139  1.36269623]
09:29:22-DEBUG: [[4.91189559e+03 1.27586373e+00]
 [1.27586373e+00 4.91742677e+03]]
09:29:22-DEBUG: Eigen values: 
09:29:22-DEBUG: [4911.61547555 4917.70688519]
09:29:22-DEBUG: Occupancies: 
09:29:22-DEBUG: [1. 0.]
09:29:22-INFO: coupling 40 1.2758637268896285
09:29:22-DEBUG: Amplitudes: 
09:29:22-DEBUG: [0.95401482 0.04598518]
09:29:22-INFO: forces0 h [11.0917037  4.9354071  1.3392318]
09:29:22-INFO: forces0 x [-8.17417393 -4.75395122 -1.48139147]
09:29:22-INFO: forces0 y [ 0.41623764 -5.48164965  0.0882631 ]
09:29:22-INFO: forces1 h [-12.69576013 -23.85747401   2.55330286]
09:29:22-INFO: forces1 x [8.19009915 1.43129113 0.34245438]
09:29:22-INFO: forces1 y [ 8.96094529 18.69464802 -3.04567968]
pos h  [ 7.11771275 10.00333031 10.28040244]
pos x  [ 8.25845177 10.48143446 10.42460026]
pos y  [ 6.57492638  8.61134367 10.47292179]
 mixed_cpl_forces: h [-5.70123319 -5.84234779  0.05360647]
 mixed_cpl_forces: x [4.09181068 1.71495112 0.51723502]
 mixed_cpl_forces: y [ 1.60942251  4.12739666 -0.57084149]
09:29:22-INFO: mixed forces h [ 4.29659981 -2.23098637  1.44866753]
09:29:22-INFO: mixed forces x [-3.32984929 -2.75457065 -0.88028657]
09:29:22-INFO: mixed forces y [ 2.41859002 -0.2425017  -0.6266933 ]
09:29:22-DEBUG: Minimum eigen value: 
09:29:22-DEBUG: 4911.615475553941
09:29:22-DEBUG: Minimum state: 
09:29:22-DEBUG: 0
        40     4911.6154755539     5059.4589724821     1059.0435805665     4911.8955900936      147.8434969282      0.42638883
09:29:22-INFO: ebond 0 40 1.5541307258987127
ids [   8   22   66   77   80   95  110 1064  138  263  273  503  504  518
  519  529  534  543  663  678  680  715  718  720  723  725  758  760
  765  768 1077  810  903  947  952  953  954  955  956  957  958  959
  960  961  962  963  964  965  967  968  969  970  971  972  973  974
  975  976  977  978  979  980  981  982  984 1076  986  987  989  991
  992  994  995  996  997  998  999 1000 1001 1002 1003 1004 1005 1006
 1007 1008 1009 1010 1011 1012 1013 1014 1015 1016 1017 1018 1019 1020
 1021 1022 1023 1024 1025 1026 1027 1029 1031 1032 1034 1036 1037 1039
 1041 1042 1045 1046 1047 1050 1051 1052 1081 1055 1056 1057 1058 1060
 1061 1062 1063 1065 1066 1067 1068 1069 1070 1071 1072  514  951]
ids [ 122  140  173  178  185  220  223  230  265  268  270  318  407  408
  409  412  413  414  415  416  417  418  419  420  421  422  423  424
  425 1074  427  428  429  430  431  432  433  434  435  436  437  439
  440  441  442  444  446  447  449  451  452  454  456  457  458  459
  460  461  462  463  464  465  466  467  468  469  470  471  472  473
  474  475  476  477  478  479  480  481  482  483  484  485  486  487
  488  489  491  492  494  496  497  499  502  505  506  507  508  509
  510  511  512  513  501  515  516  517  520  521  522  523  524  525
  526  527  528  530  531  532  536  537  539  541  558 1079  588  591
  803  949 1043 1044 1048 1049 1053 1059 1054  651  175]
ids [ 137  142  143  144  145  146  147  148  149  150  151  152  154  155
  157  158  159  160  161  162  163  164  165  166  167  169  170  679
  172  174  249  176  177  179  180  181  182  184  187  188  189  190
  191  192  193  194  195  196  197  198  199  200  202  203  204  205
  206  207  208  209  210  211  212  214  215  217  218  219  221  222
  224  225  226  227  229  232  233  235  236  237  240  241  242  243
  245 1073  247  250  251  252  253  231  255  256  257  260  276  262
  266  267  269  271  306  348 1078  393  396  410  443  445  448  450
  455  490  493  495  500  535  538  540  784  789  794  798  804  808
  809  918  933  216  321  239  201]
ids [  6 102 107 108 112 117 118 123 133 183 228 275 310 313 315 320 353 355
 358 360 363 365 400 403 411 438 128 542 546 547 548 549 550 551 552 553
 554 555 556 557 559 560 562 563 564 565 566 567 568 569 570 571 572 573
 574 575 576 577 579 581 582 584 586 587 589 592 593 594 595 596 597 598
 599 600 601 602 603 604 605 606 607 608 609 610 611 612 613 614 615 616
 617 618 619 620 621 622 624 626 627 629 631 632 634 635 636 637 639 640
 641 642 645 646 647 648 650 426 652 653 655 656 657 658 660 661 662 665
 666 667 671 672 676 813 405 561 103]
ids [  7  38 936  43  45  82  84  87  92  94 129 134 274 368  89 384 398 399
 404 668 673 681 693 753 711 783 860 812 816 817 818 819 820 821 822 823
 824 825 826 827 829 830 831 832 833 834 835 836 837 838 839 840 841 842
 843 844 845 847 848 849 851 852 853 854 855 856 857 858 859 861 862 863
 864 865 866 867 868 869 870 871 872 873 874 875 946 877 878 879 880 881
 882 883 884 885 886 887 888 889 890 892 894 896 897 899 901 902 904 906
 907 908 910 911 912 915 916 917 920 921 922 923 925 926 927 948 930 931
 932 846 935 937 939 814 941 942 944 919 369  50 786 891]
ids [  1   2   3   4   9  10  11  12  13  14  15  16  17  18  19  20  21  23
  24  25  26  27  28  29  30  31  32  33  34  35  36  37  39  41  42  44
  46  47  49 940  51  52  53  54  55  56  57  58  59  60  61  62  63  64
  65  67  68  69  70  71  72  73  74  75  76  78  79  81  83  85  86  88
  40  90  91  93  96  97  98  99 100 101 125 104 105 106 109 111 113 114
 115 116 119 120 121 124 126 993 130 131 132 135 136 544 638 643 644 649
 654 659 664 669 674 815 850 966 893 895 898 900 905 938 945]
ids [   5   48  139  234  238 1075  244  248 1040  258  259  264  378  533
  677 1038  682  683  684  685  686  687  688  689  690  691  692  694
  695  696  697  698  699  700  701  702  703  704  705  706  707  708
  709  710 1080  712  713  714  716  717  719  721  722  724  726  727
  728  729  730  731  732  733  734  735  736  737  738  739  740  741
  742  743  744  745  746  747  748  749  750  751  752  754  755  756
  757  759  761  762  763  764  766  767  769  772  773  774  775  776
  777  778  779  780  781  782  785  254  787  788  790  791  792  793
  795  796  797  799  800  802  805  806  807  811  828  876  801  771
  950  983  988  990 1028 1030 1033 1035  770  985]
ids [127 141 153 156 168 186 379 213 928 924 272 929 277 278 279 280 281 282
 283 284 285 286 287 288 289 290 291 292 293 294 295 296 297 298 299 300
 301 302 303 304 305 307 308 309 311 312 314 316 317 319 261 322 323 324
 325 326 327 328 329 330 331 332 333 334 335 336 337 338 339 340 341 342
 343 344 345 346 347 349 350 351 352 354 356 357 359 361 362 364 366 367
 934 370 371 372 373 374 375 376 377 380 382 383 385 386 387 388 389 390
 391 392 394 395 397 401 402 381 406 453 498 545 578 580 583 585 590 623
 625 628 630 633 670 675 943 909 913 914 246 171]
09:29:22-INFO: Step 41
09:29:22-DEBUG: Reaction systems: [[None]
 [0]]
09:29:22-DEBUG: rxn_pairs: [array([1, 2])]
09:29:22-DEBUG: Starting total colors: 5
09:29:22-DEBUG: Number of systems: 2
09:29:22-DEBUG: New total colors: 5
09:29:22-DEBUG: Potential energy for color 0: 4910.743323697957
ebond 1 41 6.491774149105062
09:29:22-DEBUG: Potential energy for color 1: 4916.449102868282
xhy 41 13 1 2
xhy 41 13 1 2
xhy 41 13 1 2
xhy 41 13 1 2
xhy 41 13 1 2
h_pos [ 7.10948183 10.01514775 10.27376272] x_pos [ 8.26128089 10.47656367 10.4247748 ] y_pos [ 6.57971954  8.60818328 10.4729848 ]
h_pos [ 7.10948183 10.01514775 10.27376272] x_pos [ 8.26128089 10.47656367 10.4247748 ] y_pos [ 6.57971954  8.60818328 10.4729848 ]
41 rHY 1.5165376753060058 rHX 1.2499401517498465 0.2665975235561593
h_pos [ 7.10948183 10.01514775 10.27376272] x_pos [ 8.26128089 10.47656367 10.4247748 ] y_pos [ 6.57971954  8.60818328 10.4729848 ]
41 rHY 1.5165376753060058 rHX 1.2499401517498465 0.2665975235561593
h_pos [ 7.10948183 10.01514775 10.27376272] x_pos [ 8.26128089 10.47656367 10.4247748 ] y_pos [ 6.57971954  8.60818328 10.4729848 ]
h_pos [ 7.10948183 10.01514775 10.27376272] x_pos [ 8.26128089 10.47656367 10.4247748 ] y_pos [ 6.57971954  8.60818328 10.4729848 ]
41 rHY 1.5165376753060058 rHX 1.2499401517498465 0.2665975235561593
41 rHY 1.5165376753060058 rHX 1.2499401517498465 0.2665975235561593
41 rHY 1.5165376753060058 rHX 1.2499401517498465 0.2665975235561593
41 cpl_forces h [13.2121042  13.48336562 -0.10969418]
41 cpl_forces h [13.2121042  13.48336562 -0.10969418]
41 cpl_forces x [-9.58031808 -3.8379188  -1.25607309]
41 cpl_forces h [13.2121042  13.48336562 -0.10969418]
41 cpl_forces x [-9.58031808 -3.8379188  -1.25607309]
41 cpl_forces h [13.2121042  13.48336562 -0.10969418]
41 cpl_forces y [-3.63178612 -9.64544682  1.36576727]
41 cpl_forces h [13.2121042  13.48336562 -0.10969418]
41 cpl_forces y [-3.63178612 -9.64544682  1.36576727]
41 cpl_forces x [-9.58031808 -3.8379188  -1.25607309]
41 cpl_forces x [-9.58031808 -3.8379188  -1.25607309]
41 cpl_forces x [-9.58031808 -3.8379188  -1.25607309]
41 cpl_forces y [-3.63178612 -9.64544682  1.36576727]
41 cpl_forces y [-3.63178612 -9.64544682  1.36576727]
41 cpl_forces y [-3.63178612 -9.64544682  1.36576727]
09:29:22-DEBUG: System matrix: 
09:29:22-DEBUG: [[4.91074332e+03 1.21867061e+00]
 [1.21867061e+00 4.91644910e+03]]
09:29:22-DEBUG: Eigen values: 
09:29:22-DEBUG: [4910.49393395 4916.69849261]
09:29:22-DEBUG: Occupancies: 
09:29:22-DEBUG: [1. 0.]
09:29:22-INFO: coupling 41 1.2186706100152431
09:29:22-DEBUG: Amplitudes: 
09:29:22-DEBUG: [0.9598054 0.0401946]
09:29:22-INFO: forces0 h [11.340263    4.81062673  1.42828388]
09:29:22-INFO: forces0 x [-8.58796642 -4.65597127 -1.56649268]
09:29:22-INFO: forces0 y [ 0.41389773 -5.27196806  0.08923381]
09:29:22-INFO: forces1 h [-12.42423239 -24.23496127   2.70350401]
09:29:22-INFO: forces1 x [7.79682163 1.28764629 0.34046622]
09:29:22-INFO: forces1 y [ 8.84749423 19.33853264 -3.18979023]
pos h  [ 7.10948183 10.01514775 10.27376272]
pos x  [ 8.26128089 10.47656367 10.4247748 ]
pos y  [ 6.57971954  8.60818328 10.4729848 ]
 mixed_cpl_forces: h [-5.19012035 -5.29668017  0.04309124]
 mixed_cpl_forces: x [3.76344321 1.50765239 0.49342409]
 mixed_cpl_forces: y [ 1.42667714  3.78902778 -0.53651533]
09:29:22-INFO: mixed forces h [ 5.1949383  -1.65352919  1.52263208]
09:29:22-INFO: mixed forces x [-4.16594323 -2.90941756 -0.99641914]
09:29:22-INFO: mixed forces y [ 2.1795599  -0.49373109 -0.57908058]
09:29:22-DEBUG: Minimum eigen value: 
09:29:22-DEBUG: 4910.4939339532
09:29:22-DEBUG: Minimum state: 
09:29:22-DEBUG: 0
        41     4910.4939339532     5059.4575998446     1067.0676585564     4910.7433236980      148.9636658914      0.42738702
09:29:22-INFO: ebond 0 41 1.6106576503208037
ids [  1   2   3   4   9  10  11  12  13  14  15  16  17  18  19  20  21  23
  24  25  26  27  28  29  30  31  32  33  34  35 945  37  39  41  42  44
  46  47  49 940  51  52  53  54  55  56  57  58  59  60  61  62  63  64
  65  67  68  69  70  71  72  73  74  75  76  78  79  81  83  85  86  88
  40  90  91  93  96  97  98  99 100 101 125 104 105 106 109 111 113 114
 115 116 119 120 121 124 126 993 130 131 132 135 136 544 638 643 644 649
 654 659 664 669 674 815 850 938 893 895 898 900 905]
ids [   5   48  139  234  238 1075  244  248 1040  258  259  264  378  533
  677 1038  682  683  684  685  686  687  688  689  690  691  692  694
  695  696  697  698  699  700  701  702  703  704  705  706  707  708
  709  710 1080  712  713  714  716  717  719  721  722  724  726  727
  728  729  730  731  732  733  734  735  736  737  738  739  740  741
  742  743  744  745  746  747  748  749  750  751  752  754  755  756
  757  759  761  762  763  764  766  767  769  772  773  774  775  776
  777  778  779  780  781  782  785  254  787  788  790  791  792  793
  795  796  797  799  800  802  805  806  807  811  828  876  801  771
  950  983  988  990 1028 1030 1033 1035  770  985]
ids [  7  38 936  43  45  82  84  87  92  94 129 134 274 368  89 384 398 399
 404 668 673 681 693 753 711 783 860 812 816 817 818 819 820 821 822 823
 824 825 826 827 829 830 831 832 833 834 835 836 837 838 839 840 841 842
 843 844 845 847 848 849 851 852 853 854 855 856 857 858 859 861 862 863
 864 865 866 867 868 869 870 871 872 873 874 875 946 877 878 879 880 881
 882 883 884 885 886 887 888 889 890 892 894 896 897 899 901 902 904 906
 907 908 910 911 912 915 916 917 920 921 922 923 925 926 927 948 930 931
 932 846 935 937 939 814 941 942 944 919 369  50 786 891 924]
ids [   8   22   66   77   80   95  110 1064  138  263  273  503  504  518
  519  529  534  543  663  678  680  715  718  720  723  725  758  760
  765  768 1077  810  903  947  952  953  954  955  956  957  958  959
  960  961  962  963  964  965  967  968  969  970  971  972  973  974
  975  976  977  978  979  980  981  982  984 1076  986  987  989  991
  992  994  995  996  997  998  999 1000 1001 1002 1003 1004 1005 1006
 1007 1008 1009 1010 1011 1012 1013 1014 1015 1016 1017 1018 1019 1020
 1021 1022 1023 1024 1025 1026 1027 1029 1031 1032 1034 1036 1037 1039
 1041 1042 1045 1046 1047 1050 1051 1052 1081 1055 1056 1057 1058 1060
 1061 1062 1063 1065 1066 1067 1068 1069 1070 1071 1072  514  951   36
  966]
ids [ 122  140  173  178  185  220  223  230  265  268  270  318  407  408
  409  412  413  414  415  416  417  418  419  420  421  422  423  424
  425 1074  427  428  429  430  431  432  433  434  435  436  437  439
  440  441  442  444  446  447  449  451  452  454  456  457  458  459
  460  461  462  463  464  465  466  467  468  469  470  471  472  473
  474  475  476  477  478  479  480  481  482  483  484  485  486  487
  488  489  491  492  494  496  497  499  502  505  506  507  508  509
  510  511  512  513  501  515  516  517  520  521  522  523  524  525
  526  527  528  530  531  532  536  537  539  541  558 1079  588  591
  803  949 1043 1044 1048 1049 1053 1059 1054  651  175]
ids [ 137  142  143  144  145  146  147  148  149  150  151  152  154  155
  157  158  159  160  161  162  163  164  165  166  167  169  170  679
  172  174  249  176  177  179  180  181  182  184  187  188  189  190
  191  192  193  194  195  196  197  198  199  200  202  203  204  205
  206  207  208  209  210  211  212  214  215  217  218  219  221  222
  224  225  226  227  229  232  233  235  236  237  240  241  242  243
  245 1073  247  250  251  252  253  231  255  256  257  260  276  262
  266  267  269  271  306  348 1078  393  396  410  443  445  448  450
  455  490  493  495  500  535  538  540  784  789  794  798  804  808
  809  918  933  216  321  239  201]
ids [  6 102 107 108 112 117 118 123 133 183 228 275 310 313 315 320 353 355
 358 360 363 365 400 403 411 438 128 542 546 547 548 549 550 551 552 553
 554 555 556 557 559 560 562 563 564 565 566 567 568 569 570 571 572 573
 574 575 576 577 579 581 582 584 586 587 589 592 593 594 595 596 597 598
 599 600 601 602 603 604 605 606 607 608 609 610 611 612 613 614 615 616
 617 618 619 620 621 622 624 626 627 629 631 632 634 635 636 637 639 640
 641 642 645 646 647 648 650 426 652 653 655 656 657 658 660 661 662 665
 666 667 671 672 676 813 405 561 103]
ids [127 141 153 156 168 186 379 213 928 171 272 929 277 278 279 280 281 282
 283 284 285 286 287 288 289 290 291 292 293 294 295 296 297 298 299 300
 301 302 303 304 305 307 308 309 311 312 314 316 317 319 261 322 323 324
 325 326 327 328 329 330 331 332 333 334 335 336 337 338 339 340 341 342
 343 344 345 346 347 349 350 351 352 354 356 357 359 361 362 364 366 367
 934 370 371 372 373 374 375 376 377 380 382 383 385 386 387 388 389 390
 391 392 394 395 397 401 402 381 406 453 498 545 578 580 583 585 590 623
 625 628 630 633 670 675 943 909 913 914 246]
09:29:22-INFO: Step 42
09:29:22-DEBUG: Reaction systems: [[None]
 [0]]
09:29:22-DEBUG: rxn_pairs: [array([1, 2])]
09:29:22-DEBUG: Starting total colors: 5
09:29:22-DEBUG: Number of systems: 2
09:29:22-DEBUG: New total colors: 5
09:29:22-DEBUG: Potential energy for color 0: 4909.881654302251
ebond 1 42 6.742491596741394
09:29:22-DEBUG: Potential energy for color 1: 4915.789036250337
xhy 42 13 1 2
xhy 42 13 1 2
xhy 42 13 1 2
xhy 42 13 1 2
xhy 42 13 1 2
h_pos [ 7.10311185 10.02619916 10.26770771] x_pos [ 8.26401459 10.47162572 10.42492569] y_pos [ 6.58456813  8.60501654 10.47303328]
h_pos [ 7.10311185 10.02619916 10.26770771] x_pos [ 8.26401459 10.47162572 10.42492569] y_pos [ 6.58456813  8.60501654 10.47303328]
h_pos [ 7.10311185 10.02619916 10.26770771] x_pos [ 8.26401459 10.47162572 10.42492569] y_pos [ 6.58456813  8.60501654 10.47303328]
42 rHY 1.5266978151632107 rHX 1.253322579790374 0.2733752353728367
42 rHY 1.5266978151632107 rHX 1.253322579790374 0.2733752353728367
h_pos [ 7.10311185 10.02619916 10.26770771] x_pos [ 8.26401459 10.47162572 10.42492569] y_pos [ 6.58456813  8.60501654 10.47303328]
42 rHY 1.5266978151632107 rHX 1.253322579790374 0.2733752353728367
h_pos [ 7.10311185 10.02619916 10.26770771] x_pos [ 8.26401459 10.47162572 10.42492569] y_pos [ 6.58456813  8.60501654 10.47303328]
42 rHY 1.5266978151632107 rHX 1.253322579790374 0.2733752353728367
42 rHY 1.5266978151632107 rHX 1.253322579790374 0.2733752353728367
42 cpl_forces h [12.72822341 12.93306144 -0.09098445]
42 cpl_forces h [12.72822341 12.93306144 -0.09098445]
42 cpl_forces h [12.72822341 12.93306144 -0.09098445]
42 cpl_forces x [-9.31317373 -3.57336992 -1.26125836]
42 cpl_forces x [-9.31317373 -3.57336992 -1.26125836]
42 cpl_forces x [-9.31317373 -3.57336992 -1.26125836]
42 cpl_forces h [12.72822341 12.93306144 -0.09098445]
42 cpl_forces y [-3.41504968 -9.35969152  1.35224281]
42 cpl_forces h [12.72822341 12.93306144 -0.09098445]
42 cpl_forces y [-3.41504968 -9.35969152  1.35224281]
42 cpl_forces y [-3.41504968 -9.35969152  1.35224281]
42 cpl_forces x [-9.31317373 -3.57336992 -1.26125836]
42 cpl_forces x [-9.31317373 -3.57336992 -1.26125836]
42 cpl_forces y [-3.41504968 -9.35969152  1.35224281]
42 cpl_forces y [-3.41504968 -9.35969152  1.35224281]
09:29:22-DEBUG: System matrix: 
09:29:22-DEBUG: [[4.90988165e+03 1.14935869e+00]
 [1.14935869e+00 4.91578904e+03]]
09:29:22-DEBUG: Eigen values: 
09:29:22-DEBUG: [4909.66591066 4916.00477989]
09:29:22-DEBUG: Occupancies: 
09:29:22-DEBUG: [1. 0.]
09:29:22-INFO: coupling 42 1.149358688587326
09:29:22-DEBUG: Amplitudes: 
09:29:22-DEBUG: [0.96596496 0.03403504]
09:29:22-INFO: forces0 h [11.52974567  4.67308093  1.50712279]
09:29:22-INFO: forces0 x [-8.93685636 -4.54349144 -1.6412869 ]
09:29:22-INFO: forces0 y [ 0.40927062 -5.06526657  0.09019898]
09:29:22-INFO: forces1 h [-12.23173375 -24.63714942   2.84173174]
09:29:22-INFO: forces1 x [7.46494962 1.17713148 0.34312201]
09:29:22-INFO: forces1 y [ 8.75713483 19.97286039 -3.32644363]
pos h  [ 7.10311185 10.02619916 10.26770771]
pos x  [ 8.26401459 10.47162572 10.42492569]
pos y  [ 6.58456813  8.60501654 10.47303328]
 mixed_cpl_forces: h [-4.61574254 -4.69002468  0.03299445]
 mixed_cpl_forces: x [3.3773144  1.29584114 0.45738071]
 mixed_cpl_forces: y [ 1.23842814  3.39418353 -0.49037517]
09:29:22-INFO: mixed forces h [ 6.10528033 -1.01451848  1.5855407 ]
09:29:22-INFO: mixed forces x [-5.00130591 -3.05294869 -1.11636676]
09:29:22-INFO: mixed forces y [ 1.93181862 -0.8189095  -0.51646174]
09:29:22-DEBUG: Minimum eigen value: 
09:29:22-DEBUG: 4909.665910663438
09:29:22-DEBUG: Minimum state: 
09:29:22-DEBUG: 0
        42     4909.6659106634     5059.4557662722     1072.9858824531     4909.8816543023      149.7898556087      0.43761365
09:29:22-INFO: ebond 0 42 1.652102139320629
ids [  7  38 936  43  45  82  84  87  92  94 129 134 274 368  89 384 398 399
 404 668 673 681 693 753 711 783 860 812 816 817 818 819 820 821 822 823
 824 825 826 827 829 830 831 832 833 834 835 836 837 838 839 840 841 842
 843 844 845 847 848 849 851 852 853 854 855 856 857 858 859 861 862 863
 864 865 866 867 868 869 870 871 872 873 874 875 946 877 878 879 880 881
 882 883 884 885 886 887 888 889 890 892 894 896 897 899 901 902 904 906
 907 908 910 911 912 915 916 917 920 924 922 923 925 926 927 948 930 931
 932 846 935 937 939 814 941 942 944 919 369  50 786 891]
ids [  6 102 107 108 112 117 118 123 133 183 228 275 310 313 315 320 353 355
 358 360 363 365 400 403 411 438 128 542 546 547 548 549 550 551 552 553
 554 555 556 557 559 560 562 563 564 565 566 567 568 569 570 571 572 573
 574 575 576 577 579 581 582 584 586 587 589 592 593 594 595 596 597 598
 599 600 601 602 603 604 605 606 607 608 609 610 611 612 613 614 615 616
 617 618 619 620 621 622 624 626 627 629 631 632 634 635 636 637 639 640
 641 642 645 646 647 648 650 426 652 653 655 656 657 658 660 661 662 665
 666 667 671 672 676 813 405 561 103]
ids [   8   22   66   77   80   95  110 1064  138  263  273  503  504  518
  519  529  534  543  663  678  680  715  718  720  723  725  758  760
  765  768 1077  810  903  947  952  953  954  955  956  957  958  959
  960  961  962  963  964  965  967  968  969  970  971  972  973  974
  975  976  977  978  979  980  981  982  984 1076  986  987  989  991
  992  994  995  996  997  998  999 1000 1001 1002 1003 1004 1005 1006
 1007 1008 1009 1010 1011 1012 1013 1014 1015 1016 1017 1018 1019 1020
 1021 1022 1023 1024 1025 1026 1027 1029 1031 1032 1034 1036 1037 1039
 1041 1042 1045 1046 1047 1050 1051 1052 1081 1055 1056 1057 1058 1060
 1061 1062 1063 1065 1066 1067 1068 1069 1070 1071 1072  514  951   36
  966]
ids [ 122  140  173  178  185  220  223  230  265  268  270  318  407  408
  409  412  413  414  415  416  417  418  419  420  421  422  423  424
  425 1074  427  428  429  430  431  432  433  434  435  436  437  439
  440  441  442  444  446  447  449  451  452  454  456  457  458  459
  460  461  462  463  464  465  466  467  468  469  470  471  472  473
  474  475  476  477  478  479  480  481  482  483  484  485  486  487
  488  489  491  492  494  496  497  499  502  505  506  507  508  509
  510  511  512  513  501  515  516  517  520  521  522  523  524  525
  526  527  528  530  531  532  536  537  539  541  558 1079  588  591
  803  949 1043 1044 1048 1049 1053 1059 1054  651  175]
ids [ 137  142  143  144  145  146  147  148  149  150  151  152  154  155
  157  158  159  160  161  162  163  164  165  166  167  169  170  679
  172  174  249  176  177  179  180  181  182  184  187  188  189  190
  191  192  193  194  195  196  197  198  199  200  202  203  204  205
  206  207  208  209  210  211  212  214  215  217  218  219  221  222
  224  225  226  227  229  232  233  235  236  237  240  241  242  243
  245 1073  247  250  251  252  253  231  255  256  257  260  276  262
  266  267  269  271  306  348 1078  393  396  410  443  445  448  450
  455  490  493  495  500  535  538  540  784  789  794  798  804  808
  809  918  933  216  321  239  201]
ids [  1   2   3   4   9  10  11  12  13  14  15  16  17  18  19  20  21  23
  24  25  26  27  28  29  30  31  32  33  34  35 945  37  39  41  42  44
  46  47  49 940  51  52  53  54  55  56  57  58  59  60  61  62  63  64
  65  67  68  69  70  71  72  73  74  75  76  78  79  81  83  85  86  88
  40  90  91  93  96  97  98  99 100 101 125 104 105 106 109 111 113 114
 115 116 119 120 121 124 126 993 130 131 132 135 136 544 638 643 644 649
 654 659 664 669 674 815 850 938 893 895 898 900 905]
ids [   5   48  139  234  238 1075  244  248 1040  258  259  264  378  533
  677 1038  682  683  684  685  686  687  688  689  690  691  692  694
  695  696  697  698  699  700  701  702  703  704  705  706  707  708
  709  710 1080  712  713  714  716  717  719  721  722  724  726  727
  728  729  730  731  732  733  734  735  736  737  738  739  740  741
  742  743  744  745  746  747  748  749  750  751  752  754  755  756
  757  759  761  762  763  764  766  767  769  772  773  774  775  776
  777  778  779  780  781  782  785  254  787  788  790  791  792  793
  795  796  797  799  800  802  805  806  807  811  828  876  801  771
  950  983  988  990 1028 1030 1033 1035  770  985  921]
ids [127 141 153 156 168 186 379 213 928 171 272 929 277 278 279 280 281 282
 283 284 285 286 287 288 289 290 291 292 293 294 295 296 297 298 299 300
 301 302 303 304 305 307 308 309 311 312 314 316 317 319 261 322 323 324
 325 326 327 328 329 330 331 332 333 334 335 336 337 338 339 340 341 342
 343 344 345 346 347 349 350 351 352 354 356 357 359 361 362 364 366 367
 934 370 371 372 373 374 375 376 377 380 382 383 385 386 387 388 389 390
 391 392 394 395 397 401 402 381 406 453 498 545 578 580 583 585 590 623
 625 628 630 633 670 675 943 909 913 914 246]
09:29:22-INFO: Step 43
09:29:22-DEBUG: Reaction systems: [[None]
 [0]]
09:29:22-DEBUG: rxn_pairs: [array([1, 2])]
09:29:22-DEBUG: Starting total colors: 5
09:29:22-DEBUG: Number of systems: 2
09:29:22-DEBUG: New total colors: 5
09:29:22-DEBUG: Potential energy for color 0: 4909.298480985266
ebond 1 43 7.005745001894558
09:29:22-DEBUG: Potential energy for color 1: 4915.449192127208
xhy 43 13 1 2
xhy 43 13 1 2
xhy 43 13 1 2
xhy 43 13 1 2
xhy 43 13 1 2
h_pos [ 7.0989371  10.03671454 10.26226162] x_pos [ 8.2666335  10.46661721 10.42505018] y_pos [ 6.58946627  8.60183646 10.47306856]
43 rHY 1.5371646645190635 rHX 1.254922825320403 0.2822418391986605
h_pos [ 7.0989371  10.03671454 10.26226162] x_pos [ 8.2666335  10.46661721 10.42505018] y_pos [ 6.58946627  8.60183646 10.47306856]
43 rHY 1.5371646645190635 rHX 1.254922825320403 0.2822418391986605
h_pos [ 7.0989371  10.03671454 10.26226162] x_pos [ 8.2666335  10.46661721 10.42505018] y_pos [ 6.58946627  8.60183646 10.47306856]
h_pos [ 7.0989371  10.03671454 10.26226162] x_pos [ 8.2666335  10.46661721 10.42505018] y_pos [ 6.58946627  8.60183646 10.47306856]
h_pos [ 7.0989371  10.03671454 10.26226162] x_pos [ 8.2666335  10.46661721 10.42505018] y_pos [ 6.58946627  8.60183646 10.47306856]
43 rHY 1.5371646645190635 rHX 1.254922825320403 0.2822418391986605
43 rHY 1.5371646645190635 rHX 1.254922825320403 0.2822418391986605
43 cpl_forces h [12.10679402 12.24209272 -0.07118796]
43 rHY 1.5371646645190635 rHX 1.254922825320403 0.2822418391986605
43 cpl_forces h [12.10679402 12.24209272 -0.07118796]
43 cpl_forces x [-8.9270402  -3.28660634 -1.24451871]
43 cpl_forces x [-8.9270402  -3.28660634 -1.24451871]
43 cpl_forces h [12.10679402 12.24209272 -0.07118796]
43 cpl_forces h [12.10679402 12.24209272 -0.07118796]
43 cpl_forces y [-3.17975382 -8.95548638  1.31570667]
43 cpl_forces h [12.10679402 12.24209272 -0.07118796]
43 cpl_forces y [-3.17975382 -8.95548638  1.31570667]
43 cpl_forces x [-8.9270402  -3.28660634 -1.24451871]
43 cpl_forces x [-8.9270402  -3.28660634 -1.24451871]
43 cpl_forces y [-3.17975382 -8.95548638  1.31570667]
43 cpl_forces y [-3.17975382 -8.95548638  1.31570667]
43 cpl_forces x [-8.9270402  -3.28660634 -1.24451871]
43 cpl_forces y [-3.17975382 -8.95548638  1.31570667]
09:29:22-DEBUG: System matrix: 
09:29:22-DEBUG: [[4.90929848e+03 1.06224133e+00]
 [1.06224133e+00 4.91544919e+03]]
09:29:22-DEBUG: Eigen values: 
09:29:22-DEBUG: [4909.12019728 4915.62747583]
09:29:22-DEBUG: Occupancies: 
09:29:22-DEBUG: [1. 0.]
09:29:22-INFO: coupling 43 1.0622413331882095
09:29:22-DEBUG: Amplitudes: 
09:29:22-DEBUG: [0.97260242 0.02739758]
09:29:22-INFO: forces0 h [11.63916237  4.51610425  1.57249235]
09:29:22-INFO: forces0 x [-9.19958572 -4.41066516 -1.7024243 ]
09:29:22-INFO: forces0 y [ 0.40277148 -4.86059828  0.09109391]
09:29:22-INFO: forces1 h [-12.14150734 -25.07562668   2.96529537]
09:29:22-INFO: forces1 x [7.20944459 1.10057894 0.35345437]
09:29:22-INFO: forces1 y [ 8.69918153 20.60840307 -3.4559363 ]
pos h  [ 7.0989371  10.03671454 10.26226162]
pos x  [ 8.2666335  10.46661721 10.42505018]
pos y  [ 6.58946627  8.60183646 10.47306856]
 mixed_cpl_forces: h [-3.95260074 -3.99677278  0.0232413 ]
 mixed_cpl_forces: x [2.91448138 1.07300435 0.40630786]
 mixed_cpl_forces: y [ 1.03811936  2.92376843 -0.42954916]
09:29:22-INFO: mixed forces h [ 7.03502875 -0.29141044  1.63389308]
09:29:22-INFO: mixed forces x [-5.83553657 -3.18666604 -1.23979033]
09:29:22-INFO: mixed forces y [ 1.66819243 -1.23904077 -0.43563531]
09:29:22-DEBUG: Minimum eigen value: 
09:29:22-DEBUG: 4909.120197280313
09:29:22-DEBUG: Minimum state: 
09:29:22-DEBUG: 0
        43     4909.1201972803     5059.4530015036     1076.8751725251     4909.2984809853      150.3328042233      0.42621331
09:29:22-INFO: ebond 0 43 1.671893212028847
ids [ 137  142  143  144  145  146  147  148  149  150  151  152  154  155
  157  158  159  160  161  162  163  164  165  166  167  169  170  679
  172  174  249  176  177  179  180  181  182  184  187  188  189  190
  191  192  193  194  195  196  197  198  199  200  202  203  204  205
  206  207  208  209  210  211  212  214  215  217  218  219  221  222
  224  225  226  227  229  232  233  235  236  237  240  241  242  243
  245 1073  247  250  251  252  253  231  255  256  257  260  276  262
  266  267  269  271  306  348 1078  393  396  410  443  445  448  450
  455  490  493  495  500  535  538  540  784  789  794  798  804  808
  809  918  933  216  321  239  201]
ids [  7  38 936  43  45  82  84  87  92  94 129 134 274 368  89 384 398 399
 404 668 673 681 693 753 711 783 860 812 816 817 818 819 820 821 822 823
 824 825 826 827 829 830 831 832 833 834 835 836 837 838 839 840 841 842
 843 844 845 847 848 849 851 852 853 854 855 856 857 858 859 861 862 863
 864 865 866 867 868 869 870 871 872 873 874 875 946 877 878 879 880 881
 882 883 884 885 886 887 888 889 890 892 894 896 897 899 901 902 904 906
 907 908 910 911 912 915 916 917 920 924 922 923 925 926 927 948 930 931
 932 846 935 937 939 814 941 942 944 919 369  50 786 891]
ids [  6 102 107 108 112 117 118 123 133 183 228 275 310 313 315 320 353 355
 358 360 363 365 400 403 411 438 128 542 546 547 548 549 550 551 552 553
 554 555 556 557 559 560 562 563 564 565 566 567 568 569 570 571 572 573
 574 575 576 577 579 581 582 584 586 587 589 592 593 594 595 596 597 598
 599 600 601 602 603 604 605 606 607 608 609 610 611 612 613 614 615 616
 617 618 619 620 621 622 624 626 627 629 631 632 634 635 636 637 639 640
 641 642 645 646 647 648 650 426 652 653 655 656 657 658 660 661 662 665
 666 667 671 672 676 813 405 561 103]
ids [ 122  140  173  178  185  220  223  230  265  268  270  318  407  408
  409  412  413  414  415  416  417  418  419  420  421  422  423  424
  425 1074  427  428  429  430  431  432  433  434  435  436  437  439
  440  441  442  444  446  447  449  451  452  454  456  457  458  459
  460  461  462  463  464  465  466  467  468  469  470  471  472  473
  474  475  476  477  478  479  480  481  482  483  484  485  486  487
  488  489  491  492  494  496  497  499  502  505  506  507  508  509
  510  511  512  513  501  515  516  517  520  521  522  523  524  525
  526  527  528  530  531  532  536  537  539  541  558 1079  588  591
  803  949 1043 1044 1048 1049 1053 1059 1054  651  175]
ids [  1   2   3   4   9  10  11  12  13  14  15  16  17  18  19  20  21  23
  24  25  26  27  28  29  30  31  32  33  34  35 945  37  39  41  42  44
  46  47  49 940  51  52  53  54  55  56  57  58  59  60  61  62  63  64
  65  67  68  69  70  71  72  73  74  75  76  78  79  81  83  85  86  88
  40  90  91  93  96  97  98  99 100 101 125 104 105 106 109 111 113 114
 115 116 119 120 121 124 126 993 130 131 132 135 136 544 638 643 644 649
 654 659 664 669 674 815 850 938 893 895 898 900 905]
ids [   8   22   66   77   80   95  110 1064  138  263  273  503  504  518
  519  529  534  543  663  678  680  715  718  720  723  725  758  760
  765  768 1077  810  903  947  952  953  954  955  956  957  958  959
  960  961  962  963  964  965  967  968  969  970  971  972  973  974
  975  976  977  978  979  980  981  982  984 1076  986  987  989  991
  992  994  995  996  997  998  999 1000 1001 1002 1003 1004 1005 1006
 1007 1008 1009 1010 1011 1012 1013 1014 1015 1016 1017 1018 1019 1020
 1021 1022 1023 1024 1025 1026 1027 1029 1031 1032 1034 1036 1037 1039
 1041 1042 1045 1046 1047 1050 1051 1052 1081 1055 1056 1057 1058 1060
 1061 1062 1063 1065 1066 1067 1068 1069 1070 1071 1072  514  951   36
  966]
ids [   5   48  139  234  238 1075  244  248 1040  258  259  264  378  533
  677 1038  682  683  684  685  686  687  688  689  690  691  692  694
  695  696  697  698  699  700  701  702  703  704  705  706  707  708
  709  710 1080  712  713  714  716  717  719  721  722  724  726  727
  728  729  730  731  732  733  734  735  736  737  738  739  740  741
  742  743  744  745  746  747  748  749  750  751  752  754  755  756
  757  759  761  762  763  764  766  767  769  772  773  774  775  776
  777  778  779  780  781  782  785  254  787  788  790  791  792  793
  795  796  797  799  800  802  805  806  807  811  828  876  801  771
  950  983  988  990 1028 1030 1033 1035  770  985  921]
ids [127 141 153 156 168 186 379 213 928 171 272 929 277 278 279 280 281 282
 283 284 285 286 287 288 289 290 291 292 293 294 295 296 297 298 299 300
 301 302 303 304 305 307 308 309 311 312 314 316 317 319 261 322 323 324
 325 326 327 328 329 330 331 332 333 334 335 336 337 338 339 340 341 342
 343 344 345 346 347 349 350 351 352 354 356 357 359 361 362 364 366 367
 934 370 371 372 373 374 375 376 377 380 382 383 385 386 387 388 389 390
 391 392 394 395 397 401 402 381 406 453 498 545 578 580 583 585 590 623
 625 628 630 633 670 675 943 909 913 914 246]
09:29:22-INFO: Step 44
09:29:22-DEBUG: Reaction systems: [[None]
 [0]]
09:29:22-DEBUG: rxn_pairs: [array([1, 2])]
09:29:22-DEBUG: Starting total colors: 5
09:29:22-DEBUG: Number of systems: 2
09:29:22-DEBUG: New total colors: 5
09:29:22-DEBUG: Potential energy for color 0: 4908.980034819053
ebond 1 44 7.289560289022022
09:29:22-DEBUG: Potential energy for color 1: 4915.431770087206
xhy 44 13 1 2
xhy 44 13 1 2
xhy 44 13 1 2
xhy 44 13 1 2
xhy 44 13 1 2
h_pos [ 7.09729384 10.04695042 10.25744312] x_pos [ 8.2691185  10.46153502 10.42514551] y_pos [ 6.59440776  8.59863401 10.47309236]
44 rHY 1.5482310561655206 rHX 1.2542637361315718 0.29396732003394876
h_pos [ 7.09729384 10.04695042 10.25744312] x_pos [ 8.2691185  10.46153502 10.42514551] y_pos [ 6.59440776  8.59863401 10.47309236]
h_pos [ 7.09729384 10.04695042 10.25744312] x_pos [ 8.2691185  10.46153502 10.42514551] y_pos [ 6.59440776  8.59863401 10.47309236]
44 rHY 1.5482310561655206 rHX 1.2542637361315718 0.29396732003394876
h_pos [ 7.09729384 10.04695042 10.25744312] x_pos [ 8.2691185  10.46153502 10.42514551] y_pos [ 6.59440776  8.59863401 10.47309236]
44 rHY 1.5482310561655206 rHX 1.2542637361315718 0.29396732003394876
h_pos [ 7.09729384 10.04695042 10.25744312] x_pos [ 8.2691185  10.46153502 10.42514551] y_pos [ 6.59440776  8.59863401 10.47309236]
44 rHY 1.5482310561655206 rHX 1.2542637361315718 0.29396732003394876
44 rHY 1.5482310561655206 rHX 1.2542637361315718 0.29396732003394876
44 cpl_forces h [11.2922355  11.35429135 -0.05005966]
44 cpl_forces h [11.2922355  11.35429135 -0.05005966]
44 cpl_forces h [11.2922355  11.35429135 -0.05005966]
44 cpl_forces x [-8.37911612 -2.96448152 -1.19915364]
44 cpl_forces x [-8.37911612 -2.96448152 -1.19915364]
44 cpl_forces h [11.2922355  11.35429135 -0.05005966]
44 cpl_forces x [-8.37911612 -2.96448152 -1.19915364]
44 cpl_forces h [11.2922355  11.35429135 -0.05005966]
44 cpl_forces y [-2.91311938 -8.38980982  1.2492133 ]
44 cpl_forces y [-2.91311938 -8.38980982  1.2492133 ]
44 cpl_forces y [-2.91311938 -8.38980982  1.2492133 ]
44 cpl_forces x [-8.37911612 -2.96448152 -1.19915364]
44 cpl_forces x [-8.37911612 -2.96448152 -1.19915364]
44 cpl_forces y [-2.91311938 -8.38980982  1.2492133 ]
44 cpl_forces y [-2.91311938 -8.38980982  1.2492133 ]
09:29:22-DEBUG: System matrix: 
09:29:22-DEBUG: [[4.90898003e+03 9.53400578e-01]
 [9.53400578e-01 4.91543177e+03]]
09:29:22-DEBUG: Eigen values: 
09:29:22-DEBUG: [4908.84209588 4915.56970903]
09:29:22-DEBUG: Occupancies: 
09:29:22-DEBUG: [1. 0.]
09:29:22-INFO: coupling 44 0.9534005777726274
09:29:22-DEBUG: Amplitudes: 
09:29:22-DEBUG: [0.9794966 0.0205034]
09:29:22-INFO: forces0 h [11.64763187  4.33349756  1.62102979]
09:29:22-INFO: forces0 x [-9.35492987 -4.25195058 -1.74646227]
09:29:22-INFO: forces0 y [ 0.39472043 -4.6571036   0.09186807]
09:29:22-INFO: forces1 h [-12.17945647 -25.56386329   3.07132345]
09:29:22-INFO: forces1 x [7.0475998  1.0593241  0.37492906]
09:29:22-INFO: forces1 y [ 8.68325066 21.25736383 -3.5788159 ]
pos h  [ 7.09729384 10.04695042 10.25744312]
pos x  [ 8.2691185  10.46153502 10.42514551]
pos y  [ 6.59440776  8.59863401 10.47309236]
 mixed_cpl_forces: h [-3.20054784 -3.21813627  0.01418836]
 mixed_cpl_forces: x [2.37488511 0.84022025 0.339875  ]
 mixed_cpl_forces: y [ 0.82566272  2.37791602 -0.35406337]
09:29:22-INFO: mixed forces h [7.95854773 0.50236377 1.6649541 ]
09:29:22-INFO: mixed forces x [-6.64373715 -3.30283114 -1.36309153]
09:29:22-INFO: mixed forces y [ 1.3903262  -1.74785292 -0.3374568 ]
09:29:22-DEBUG: Minimum eigen value: 
09:29:22-DEBUG: 4908.842095881063
09:29:22-DEBUG: Minimum state: 
09:29:22-DEBUG: 0
        44     4908.8420958811     5059.4488094400     1078.8372603382     4908.9800348191      150.6067135589      0.42620078
09:29:22-INFO: ebond 0 44 1.6637276396113843
ids [   8   22   66   77   80   95  110 1064  138  263  273  503  504  518
  519  529  534  543  663  678  680  715  718  720  723  725  758  760
  765  768 1077  810  903  947  952  953  954  955  956  957  958  959
  960  961  962  963  964  965  967  968  969  970  971  972  973  974
  975  976  977  978  979  980  981  982  984 1076  986  987  989  991
  992  994  995  996  997  998  999 1000 1001 1002 1003 1004 1005 1006
 1007 1008 1009 1010 1011 1012 1013 1014 1015 1016 1017 1018 1019 1020
 1021 1022 1023 1024 1025 1026 1027 1029 1031 1032 1034 1036 1037 1039
 1041 1042 1045 1046 1047 1050 1051 1052 1081 1055 1056 1057 1058 1060
 1061 1062 1063 1065 1066 1067 1068 1069 1070 1071 1072  514  951   36
  966]
ids [   5   48  139  234  238 1075  244  248 1040  258  259  264  378  533
  677 1038  682  683  684  685  686  687  688  689  690  691  692  694
  695  696  697  698  699  700  701  702  703  704  705  706  707  708
  709  710 1080  712  713  714  716  717  719  721  722  724  726  727
  728  729  730  731  732  733  734  735  736  737  738  739  740  741
  742  743  744  745  746  747  748  749  750  751  752  754  755  756
  757  759  761  762  763  764  766  767  769  772  773  774  775  776
  777  778  779  780  781  782  785  254  787  788  790  791  792  793
  795  796  797  921  800  802  805  806  807  811  828  876  801  771
  950  983  988  990 1028 1030 1033 1035  770  985]
ids [ 122  140  173  178  185  220  223  230  265  268  270  318  407  408
  409  412  413  414  415  416  417  418  419  420  421  422  423  424
  425 1074  427  428  429  430  431  432  433  434  435  436  437  439
  440  441  442  444  446  447  449  451  452  454  456  457  458  459
  460  461  462  463  464  465  466  467  468  469  470  471  472  473
  474  475  476  477  478  479  480  481  482  483  484  485  486  487
  488  489  491  492  494  496  497  499  502  505  506  507  508  509
  510  511  512  513  501  515  516  517  520  521  522  523  524  525
  526  527  528  530  531  532  536  537  539  541  558 1079  588  591
  803  949 1043 1044 1048 1049 1053 1059 1054  651  175  225]
ids [ 137  142  143  144  145  146  147  148  149  150  151  152  154  155
  157  158  159  160  161  162  163  164  165  166  167  169  170  679
  172  174  249  176  177  179  180  181  182  184  187  188  189  190
  191  192  193  194  195  196  197  198  199  200  202  203  204  205
  206  207  208  209  210  211  212  214  215  217  218  219  221  222
  224  201  226  227  229  232  233  235  236  237  240  241  242  243
  245 1073  247  250  251  252  253  231  255  256  257  260  276  262
  266  267  269  271  306  348 1078  393  396  410  443  445  448  450
  455  490  493  495  500  535  538  540  784  789  794  798  804  808
  809  918  933  216  321  239  799]
ids [  7  38 936  43  45  82  84  87  92  94 129 134 274 368  89 384 398 399
 404 668 673 681 693 753 711 783 860 812 816 817 818 819 820 821 822 823
 824 825 826 827 829 830 831 832 833 834 835 836 837 838 839 840 841 842
 843 844 845 847 848 849 851 852 853 854 855 856 857 858 859 861 862 863
 864 865 866 867 868 869 870 871 872 873 874 875 946 877 878 879 880 881
 882 883 884 885 886 887 888 889 890 892 894 896 897 899 901 902 904 906
 907 908 910 911 912 915 916 917 920 924 922 923 925 926 927 948 930 931
 932 846 935 937 939 814 941 942 944 919 369  50 786 891]
ids [  6 102 107 108 112 117 118 123 133 183 228 103 310 313 315 320 353 355
 358 360 363 365 400 403 411 438 128 542 546 547 548 549 550 551 552 553
 554 555 556 557 559 560 562 563 564 565 566 567 568 569 570 571 572 573
 574 575 576 577 579 581 582 584 586 587 589 592 593 594 595 596 597 598
 599 600 601 602 603 604 605 606 607 608 609 610 611 612 613 614 615 616
 617 618 619 620 621 622 624 626 627 629 631 632 634 635 636 637 639 640
 641 642 645 646 647 648 650 426 652 653 655 656 657 658 660 661 662 665
 666 667 671 672 676 813 405 561 654]
ids [  1   2   3   4   9  10  11  12  13  14  15  16  17  18  19  20  21  23
  24  25  26  27  28  29  30  31  32  33  34  35 945  37  39  41  42  44
  46  47  49 940  51  52  53  54  55  56  57  58  59  60  61  62  63  64
  65  67  68  69  70  71  72  73  74  75  76  78  79  81  83  85  86  88
  40  90  91  93  96  97  98  99 100 101 125 104 105 106 109 111 113 114
 115 116 119 120 121 124 126 993 130 131 132 135 136 544 638 643 644 649
 905 659 664 669 674 815 850 938 893 895 898 900]
ids [127 141 153 156 168 186 379 213 928 171 272 929 277 278 279 280 281 282
 283 284 285 286 287 288 289 290 291 292 293 294 295 296 297 298 299 300
 301 302 303 304 305 307 308 309 311 312 314 316 317 319 261 322 323 324
 325 326 327 328 329 330 331 332 333 334 335 336 337 338 339 340 341 342
 343 344 345 346 347 349 350 351 352 354 356 357 359 361 362 364 366 367
 934 370 371 372 373 374 375 376 377 380 382 383 385 386 387 388 389 390
 391 392 394 395 397 401 402 381 406 453 498 545 578 580 583 585 590 623
 625 628 630 633 670 675 943 909 913 914 246 275]
09:29:22-INFO: Step 45
09:29:22-DEBUG: Reaction systems: [[None]
 [0]]
09:29:22-DEBUG: rxn_pairs: [array([1, 2])]
09:29:22-DEBUG: Starting total colors: 5
09:29:22-DEBUG: Number of systems: 2
09:29:22-DEBUG: New total colors: 5
09:29:22-DEBUG: Potential energy for color 0: 4908.91141923879
ebond 1 45 7.603537871177296
09:29:22-DEBUG: Potential energy for color 1: 4915.739230619491
xhy 45 13 1 2
xhy 45 13 1 2
xhy 45 13 1 2
xhy 45 13 1 2
xhy 45 13 1 2
h_pos [ 7.09851687 10.05719171 10.25326417] x_pos [ 8.27145108 10.45637646 10.42520891] y_pos [ 6.59938605  8.595398   10.47310684]
h_pos [ 7.09851687 10.05719171 10.25326417] x_pos [ 8.27145108 10.45637646 10.42520891] y_pos [ 6.59938605  8.595398   10.47310684]
45 rHY 1.5602253812283884 rHX 1.2508749416583964 0.309350439569992
h_pos [ 7.09851687 10.05719171 10.25326417] x_pos [ 8.27145108 10.45637646 10.42520891] y_pos [ 6.59938605  8.595398   10.47310684]
h_pos [ 7.09851687 10.05719171 10.25326417] x_pos [ 8.27145108 10.45637646 10.42520891] y_pos [ 6.59938605  8.595398   10.47310684]
45 rHY 1.5602253812283884 rHX 1.2508749416583964 0.309350439569992
45 rHY 1.5602253812283884 rHX 1.2508749416583964 0.309350439569992
45 rHY 1.5602253812283884 rHX 1.2508749416583964 0.309350439569992
h_pos [ 7.09851687 10.05719171 10.25326417] x_pos [ 8.27145108 10.45637646 10.42520891] y_pos [ 6.59938605  8.595398   10.47310684]
45 cpl_forces h [10.23124426 10.21851915 -0.02802573]
45 rHY 1.5602253812283884 rHX 1.2508749416583964 0.309350439569992
45 cpl_forces h [10.23124426 10.21851915 -0.02802573]
45 cpl_forces h [10.23124426 10.21851915 -0.02802573]
45 cpl_forces x [-7.62861195 -2.59624587 -1.11830627]
45 cpl_forces x [-7.62861195 -2.59624587 -1.11830627]
45 cpl_forces h [10.23124426 10.21851915 -0.02802573]
45 cpl_forces x [-7.62861195 -2.59624587 -1.11830627]
45 cpl_forces y [-2.6026323  -7.62227328  1.14633201]
45 cpl_forces y [-2.6026323  -7.62227328  1.14633201]
45 cpl_forces h [10.23124426 10.21851915 -0.02802573]
45 cpl_forces y [-2.6026323  -7.62227328  1.14633201]
45 cpl_forces x [-7.62861195 -2.59624587 -1.11830627]
45 cpl_forces y [-2.6026323  -7.62227328  1.14633201]
45 cpl_forces x [-7.62861195 -2.59624587 -1.11830627]
45 cpl_forces y [-2.6026323  -7.62227328  1.14633201]
09:29:22-DEBUG: System matrix: 
09:29:22-DEBUG: [[4.90891142e+03 8.21835786e-01]
 [8.21835786e-01 4.91573923e+03]]
09:29:22-DEBUG: Eigen values: 
09:29:22-DEBUG: [4908.8138913  4915.83675856]
09:29:22-DEBUG: Occupancies: 
09:29:22-DEBUG: [1. 0.]
09:29:22-INFO: coupling 45 0.82183578598353
09:29:22-DEBUG: Amplitudes: 
09:29:22-DEBUG: [0.9861128 0.0138872]
09:29:22-INFO: forces0 h [11.53454101  4.11948506  1.64931336]
09:29:22-INFO: forces0 x [-9.38188889 -4.06207309 -1.76991679]
09:29:22-INFO: forces0 y [ 0.38536418 -4.45399981  0.09248855]
09:29:22-INFO: forces1 h [-12.37809821 -26.11848673   3.15616414]
09:29:22-INFO: forces1 x [7.00288638 1.05635471 0.41205197]
09:29:22-INFO: forces1 y [ 8.71935317 21.9335079  -3.69588935]
pos h  [ 7.09851687 10.05719171 10.25326417]
pos x  [ 8.27145108 10.45637646 10.42520891]
pos y  [ 6.59938605  8.595398   10.47310684]
 mixed_cpl_forces: h [-2.39457827 -2.39160002  0.0065593 ]
 mixed_cpl_forces: x [1.78544349 0.60764007 0.26173473]
 mixed_cpl_forces: y [ 0.60913478  1.78395995 -0.26829403]
09:29:22-INFO: mixed forces h [8.80788322 1.30796439 1.67679859]
09:29:22-INFO: mixed forces x [-7.36890681 -3.38335241 -1.47788064]
09:29:22-INFO: mixed forces y [ 1.11023471 -2.30359136 -0.22841542]
09:29:22-DEBUG: Minimum eigen value: 
09:29:22-DEBUG: 4908.813891301442
09:29:22-DEBUG: Minimum state: 
09:29:22-DEBUG: 0
        45     4908.8138913014     5059.4428624124     1078.9966972973     4908.9114192388      150.6289711109      0.42128327
09:29:22-INFO: ebond 0 45 1.6220588770965254
ids [  7  38 936  43  45  82  84  87  92  94 129 134 274 368  89 384 398 399
 404 668 673 681 693 753 711 783 860 812 816 817 818 819 820 821 822 823
 824 825 826 827 829 830 831 832 833 834 835 836 837 838 839 840 841 842
 843 844 845 847 848 849 851 852 853 854 855 856 857 858 859 861 862 863
 864 865 866 867 868 869 870 871 872 873 874 875 946 877 878 879 880 881
 882 883 884 885 886 887 888 889 890 892 894 896 897 899 901 902 904 906
 907 908 910 911 912 915 916 917 920 924 922 923 925 926 927 948 930 931
 932 846 935 937 939 814 941 942 944 919 369  50 786 891]
ids [  1   2   3   4   9  10  11  12  13  14  15  16  17  18  19  20  21  23
  24  25  26  27  28  29  30  31  32  33  34  35 945  37  39  41  42  44
  46  47  49 940  51  52  53  54  55  56  57  58  59  60  61  62  63  64
  65  67  68  69  70  71  72  73  74  75  76  78  79  81  83  85  86  88
  40  90  91  93  96  97  98  99 100 101 125 104 105 106 109 111 113 114
 115 116 119 120 121 124 126 993 130 131 132 135 136 544 638 643 644 649
 905 659 664 669 674 815 850 938 893 895 898 900]
ids [  6 102 107 108 112 117 118 123 133 183 228 103 310 313 315 320 353 355
 358 360 363 365 400 403 411 438 128 542 546 547 548 549 550 551 552 553
 554 555 556 557 559 560 562 563 564 565 566 567 568 569 570 571 572 573
 574 575 576 577 579 581 582 584 586 587 589 592 593 594 595 596 597 598
 599 600 601 602 603 604 605 606 607 608 609 610 611 612 613 614 615 616
 617 618 619 620 621 622 624 626 627 629 631 632 634 635 636 637 639 640
 641 642 645 646 647 648 650 426 652 653 655 656 657 658 660 661 662 665
 666 667 671 672 676 813 405 561 654]
ids [   5   48  139  234  238 1075  244  248 1040  258  259  264  378  533
  677 1038  682  683  684  685  686  687  688  689  690  691  692  694
  695  696  697  698  699  700  701  702  703  704  705  706  707  708
  709  710 1080  712  713  714  716  717  719  721  722  724  726  727
  728  729  730  731  732  733  734  735  736  737  738  739  740  741
  742  743  744  745  746  747  748  749  750  751  752  754  755  756
  757  759  761  762  763  764  766  767  769  772  773  774  775  776
  777  778  779  780  781  782  785  254  787  788  790  791  792  793
  795  796  797  921  800  802  805  806  807  811  828  876  801  771
  950  983  988  990 1028 1030 1033 1035  770  985]
ids [ 122  140  173  178  185  220  223  230  265  268  270  318  407  408
  409  412  413  414  415  416  417  418  419  420  421  422  423  424
  425 1074  427  428  429  430  431  432  433  434  435  436  437  439
  440  441  442  444  446  447  449  451  452  454  456  457  458  459
  460  461  462  463  464  465  466  467  468  469  470  471  472  473
  474  475  476  477  478  479  480  481  482  483  484  485  486  487
  488  489  491  492  494  496  497  499  502  505  506  507  508  509
  510  511  512  513  501  515  516  517  520  521  522  523  524  525
  526  527  528  530  531  532  536  537  539  541  558 1079  588  591
  803  949 1043 1044 1048 1049 1053 1059 1054  651  175  225]
ids [ 137  142  143  144  145  146  147  148  149  150  151  152  154  155
  157  158  159  160  161  162  163  164  165  166  167  169  170  679
  172  174  249  176  177  179  180  181  182  184  187  188  189  190
  191  192  193  194  195  196  197  198  199  200  202  203  204  205
  206  207  208  209  210  211  212  214  215  217  218  219  221  222
  224  201  226  227  229  232  233  235  236  237  240  241  242  243
  245 1073  247  250  251  252  253  231  255  256  257  260  276  262
  266  267  269  271  306  348 1078  393  396  410  443  445  448  450
  455  490  493  495  500  535  538  540  784  789  794  798  804  808
  809  918  933  216  321  239  799]
ids [   8   22   66   77   80   95  110 1064  138  263  273  503  504  518
  519  529  534  543  663  678  680  715  718  720  723  725  758  760
  765  768 1077  810  903  947  952  953  954  955  956  957  958  959
  960  961  962  963  964  965  967  968  969  970  971  972  973  974
  975  976  977  978  979  980  981  982  984 1076  986  987  989  991
  992  994  995  996  997  998  999 1000 1001 1002 1003 1004 1005 1006
 1007 1008 1009 1010 1011 1012 1013 1014 1015 1016 1017 1018 1019 1020
 1021 1022 1023 1024 1025 1026 1027 1029 1031 1032 1034 1036 1037 1039
 1041 1042 1045 1046 1047 1050 1051 1052 1081 1055 1056 1057 1058 1060
 1061 1062 1063 1065 1066 1067 1068 1069 1070 1071 1072  514  951   36
  966]
ids [127 141 153 156 168 186 379 213 928 171 272 929 277 278 279 280 281 282
 283 284 285 286 287 288 289 290 291 292 293 294 295 296 297 298 299 300
 301 302 303 304 305 307 308 309 311 312 314 316 317 319 261 322 323 324
 325 326 327 328 329 330 331 332 333 334 335 336 337 338 339 340 341 342
 343 344 345 346 347 349 350 351 352 354 356 357 359 361 362 364 366 367
 934 370 371 372 373 374 375 376 377 380 382 383 385 386 387 388 389 390
 391 392 394 395 397 401 402 381 406 453 498 545 578 580 583 585 590 623
 625 628 630 633 670 675 943 909 913 914 246 275]
09:29:22-INFO: Step 46
09:29:22-DEBUG: Reaction systems: [[None]
 [0]]
09:29:22-DEBUG: rxn_pairs: [array([1, 2])]
09:29:22-DEBUG: Starting total colors: 5
09:29:22-DEBUG: Number of systems: 2
09:29:22-DEBUG: New total colors: 5
09:29:22-DEBUG: Potential energy for color 0: 4909.077487418285
ebond 1 46 7.958660378543524
09:29:22-DEBUG: Potential energy for color 1: 4916.374611088899
xhy 46 13 1 2
xhy 46 13 1 2
xhy 46 13 1 2
xhy 46 13 1 2
h_pos [ 7.10292169 10.06773799 10.2497291 ] x_pos [ 8.27361429 10.45113954 10.42523775] y_pos [ 6.60439439  8.59211555 10.4731145 ]
46 rHY 1.5734967760283796 rHX 1.2443155522876352 0.3291812237407443
h_pos [ 7.10292169 10.06773799 10.2497291 ] x_pos [ 8.27361429 10.45113954 10.42523775] y_pos [ 6.60439439  8.59211555 10.4731145 ]
xhy 46 13 1 2
h_pos [ 7.10292169 10.06773799 10.2497291 ] x_pos [ 8.27361429 10.45113954 10.42523775] y_pos [ 6.60439439  8.59211555 10.4731145 ]
46 rHY 1.5734967760283796 rHX 1.2443155522876352 0.3291812237407443
46 rHY 1.5734967760283796 rHX 1.2443155522876352 0.3291812237407443
h_pos [ 7.10292169 10.06773799 10.2497291 ] x_pos [ 8.27361429 10.45113954 10.42523775] y_pos [ 6.60439439  8.59211555 10.4731145 ]
46 rHY 1.5734967760283796 rHX 1.2443155522876352 0.3291812237407443
46 cpl_forces h [ 8.89088038e+00  8.80788872e+00 -6.49785691e-03]
46 cpl_forces h [ 8.89088038e+00  8.80788872e+00 -6.49785691e-03]
46 cpl_forces h [ 8.89088038e+00  8.80788872e+00 -6.49785691e-03]
46 cpl_forces x [-6.65110467 -2.17823518 -0.99712461]
46 cpl_forces x [-6.65110467 -2.17823518 -0.99712461]
46 cpl_forces x [-6.65110467 -2.17823518 -0.99712461]
46 cpl_forces y [-2.23977571 -6.62965354  1.00362247]
46 cpl_forces y [-2.23977571 -6.62965354  1.00362247]
46 cpl_forces h [ 8.89088038e+00  8.80788872e+00 -6.49785691e-03]
46 cpl_forces y [-2.23977571 -6.62965354  1.00362247]
h_pos [ 7.10292169 10.06773799 10.2497291 ] x_pos [ 8.27361429 10.45113954 10.42523775] y_pos [ 6.60439439  8.59211555 10.4731145 ]
46 cpl_forces x [-6.65110467 -2.17823518 -0.99712461]
46 rHY 1.5734967760283796 rHX 1.2443155522876352 0.3291812237407443
46 cpl_forces y [-2.23977571 -6.62965354  1.00362247]
09:29:22-DEBUG: System matrix: 
46 cpl_forces h [ 8.89088038e+00  8.80788872e+00 -6.49785691e-03]
46 cpl_forces x [-6.65110467 -2.17823518 -0.99712461]
09:29:22-DEBUG: [[4.90907749e+03 6.71114165e-01]
 [6.71114165e-01 4.91637461e+03]]
09:29:22-DEBUG: Eigen values: 
46 cpl_forces y [-2.23977571 -6.62965354  1.00362247]
09:29:22-DEBUG: [4909.01627868 4916.43581982]
09:29:22-DEBUG: Occupancies: 
09:29:22-DEBUG: [1. 0.]
09:29:22-INFO: coupling 46 0.6711141647692707
09:29:22-DEBUG: Amplitudes: 
09:29:22-DEBUG: [0.99175033 0.00824967]
09:29:22-INFO: forces0 h [11.28049339  3.86917014  1.65397309]
09:29:22-INFO: forces0 x [-9.26067456 -3.83643959 -1.76938393]
09:29:22-INFO: forces0 y [ 0.37488285 -4.25064337  0.09294958]
09:29:22-INFO: forces1 h [-12.78117088 -26.75974227   3.21444403]
09:29:22-INFO: forces1 x [7.10981864 1.09747014 0.47122014]
09:29:22-INFO: forces1 y [ 8.81758707 22.65145328 -3.80813469]
pos h  [ 7.10292169 10.06773799 10.2497291 ]
pos x  [ 8.27361429 10.45113954 10.42523775]
pos y  [ 6.60439439  8.59211555 10.4731145 ]
 mixed_cpl_forces: h [-1.60840021e+00 -1.59338665e+00  1.17549151e-03]
 mixed_cpl_forces: x [1.20321472 0.39405253 0.18038432]
 mixed_cpl_forces: y [ 0.40518549  1.19933411 -0.18155981]
09:29:22-INFO: mixed forces h [9.47359249 2.0231052  1.66802195]
09:29:22-INFO: mixed forces x [-7.92240874 -3.40168396 -1.57051538]
09:29:22-INFO: mixed forces y [ 0.84971783 -2.82937595 -0.12079288]
09:29:22-DEBUG: Minimum eigen value: 
09:29:22-DEBUG: 4909.0162786827605
09:29:22-DEBUG: Minimum state: 
09:29:22-DEBUG: 0
        46     4909.0162786828     5059.4353480750     1077.4931136269     4909.0774874183      150.4190693922      0.41322721
09:29:22-INFO: ebond 0 46 1.5429057077212969
ids [  1   2   3   4   9  10  11  12  13  14  15  16  17  18  19  20  21  23
  24  25  26  27  28  29  30  31  32  33  34  35 945  37  39  41  42  44
  46  47  49 940 900  52  53  54  55  56  57  58  59  60  61  62  63  64
  65  67  68  69  70  71  72  73  74  75  76  78  79  81  83  85  86  88
  40  90  91  93  96  97  98  99 100 101 125 104 105 106 109 111 113 114
 115 116 119 120 121 124 126 993 130 131 132 135 136 544 638 643 644 649
 905 659 664 669 674 815 850 938 893 895 898]
ids [ 137  142  143  144  145  146  147  148  149  150  151  152  154  155
  157  158  159  160  161  162  163  164  165  166  167  169  170  679
  172  174  249  176  177  179  180  181  182  184  187  188  189  190
  191  192  193  194  195  196  197  198  199  200  202  203  204  205
  206  207  208  209  210  211  212  214  215  217  218  219  221  222
  224  201  226  227  229  232  233  235  236  237  240  241  242  243
  245 1073  247  250  251  252  253  231  255  256  257  260  276  262
  266  267  269  271  306  348 1078  393  396  410  443  445  448  450
  455  490  493  495  500  535  538  540  799  789  794  798  804  808
  809  918  933  216  321  239  264]
ids [  6 102 107 108 112 117 118 123 133 183 228 103 310 313 315 320 353 355
 358 360 363 365 400 403 411 438 128 542 546 547 548 549 550 551 552 553
 554 555 556 557 559 560 562 563 564 565 566 567 568 569 570 571 572 573
 574 575 576 577 579 581 582 584 586 587 589 592 593 594 595 596 597 598
 599 600 601 602 603 604 605 606 607 608 609 610 611 612 613 614 615 616
 617 618 619 620 621 622 624 626 627 629 631 632 634 635 636 637 639 640
 641 642 645 646 647 648 650 426 652 653 655 656 657 658 660 661 662 665
 666 667 671 672 676 813 405 561 654]
ids [   5   48  139  234  238 1075  244  248 1040  258  259  985  378  533
  677 1038  682  683  684  685  686  687  688  689  690  691  692  694
  695  696  697  698  699  700  701  702  703  704  705  706  707  708
  709  710 1080  712  713  714  716  717  719  721  722  724  726  727
  728  729  730  731  732  733  734  735  736  737  738  739  740  741
  742  743  744  745  746  747  748  749  750  751  752  754  755  756
  757  759  761  762  763  764  766  767  769  772  773  774  775  776
  777  778  779  780  781  782  785  254  787  788  790  791  792  793
  795  796  797  921  800  802  805  806  807  811  828  876  801  771
  950  983  988  990 1028 1030 1033 1035  770  784]
ids [  7  38 936  43  45  82  84  87  92  94 129 134 274 368  89 384 398 399
 404 668 673 681 693 753 711 783 860 812 816 817 818 819 820 821 822 823
 824 825 826 827 829 830 831 832 833 834 835 836 837 838 839 840 841 842
 843 844 845 847 848 849 851 852 853 854 855 856 857 858 859 861 862 863
 864 865 866 867 868 869 870 871 872 873 874 875 946 877 878 879 880 881
 882 883 884 885 886 887 888 889 890 892 894 896 897 899 901 902 904 906
 907 908 910 911 912 915 916 917 920 924 922 923 925 926 927 948 930 931
 932 846 935 937 939 814 941 942 944 919 369  50 786 891]
ids [   8   22   66   77   80   95  110 1064  138  263  273  503  504  518
  519  529  534  543  663  678  680  715  718  720  723  725  758  760
  765  768 1077  810  903  947  952  953  954  955  956  957  958  959
  960  961  962  963  964  965  967  968  969  970  971  972  973  974
  975  976  977  978  979  980  981  982  984 1076  986  987  989  991
  992  994  995  996  997  998  999 1000 1001 1002 1003 1004 1005 1006
 1007 1008 1009 1010 1011 1012 1013 1014 1015 1016 1017 1018 1019 1020
 1021 1022 1023 1024 1025 1026 1027 1029 1031 1032 1034 1036 1037 1039
 1041 1042 1045 1046 1047 1050 1051 1052 1081 1055 1056 1057 1058 1060
 1061 1062 1063 1065 1066 1067 1068 1069 1070 1071 1072  514  951   36
  966   51  409]
ids [ 122  140  173  178  185  220  223  230  265  268  270  318  407  408
  225  412  413  414  415  416  417  418  419  420  421  422  423  424
  425 1074  427  428  429  430  431  432  433  434  435  436  437  439
  440  441  442  444  446  447  449  451  452  454  456  457  458  459
  460  461  462  463  464  465  466  467  468  469  470  471  472  473
  474  475  476  477  478  479  480  481  482  483  484  485  486  487
  488  489  491  492  494  496  497  499  502  505  506  507  508  509
  510  511  512  513  501  515  516  517  520  521  522  523  524  525
  526  527  528  530  531  532  536  537  539  541  558 1079  588  591
  803  949 1043 1044 1048 1049 1053 1059 1054  651  175]
ids [127 141 153 156 168 186 379 213 928 171 272 929 277 278 279 280 281 282
 283 284 285 286 287 288 289 290 291 292 293 294 295 296 297 298 299 300
 301 302 303 304 305 307 308 309 311 312 314 316 317 319 261 322 323 324
 325 326 327 328 329 330 331 332 333 334 335 336 337 338 339 340 341 342
 343 344 345 346 347 349 350 351 352 354 356 357 359 361 362 364 366 367
 934 370 371 372 373 374 375 376 377 380 382 383 385 386 387 388 389 390
 391 392 394 395 397 401 402 381 406 453 498 545 578 580 583 585 590 623
 625 628 630 633 670 675 943 909 913 914 246 275]
09:29:22-INFO: Step 47
09:29:22-DEBUG: Reaction systems: [[None]
 [0]]
09:29:22-DEBUG: rxn_pairs: [array([1, 2])]
09:29:22-DEBUG: Starting total colors: 5
09:29:22-DEBUG: Number of systems: 2
09:29:22-DEBUG: New total colors: 5
09:29:22-DEBUG: Potential energy for color 0: 4909.463989173017
ebond 1 47 8.36651551208349
09:29:22-DEBUG: Potential energy for color 1: 4917.341433882286
xhy 47 13 1 2
xhy 47 13 1 2
xhy 47 13 1 2
xhy 47 13 1 2
xhy 47 13 1 2
h_pos [ 7.11077083 10.07887289 10.24683398] x_pos [ 8.27559449 10.44582348 10.42522982] y_pos [ 6.60942625  8.58877364 10.47311796]
h_pos [ 7.11077083 10.07887289 10.24683398] x_pos [ 8.27559449 10.44582348 10.42522982] y_pos [ 6.60942625  8.58877364 10.47311796]
47 rHY 1.5883786100960622 rHX 1.2342171517658913 0.3541614583301709
47 rHY 1.5883786100960622 rHX 1.2342171517658913 0.3541614583301709
h_pos [ 7.11077083 10.07887289 10.24683398] x_pos [ 8.27559449 10.44582348 10.42522982] y_pos [ 6.60942625  8.58877364 10.47311796]
47 rHY 1.5883786100960622 rHX 1.2342171517658913 0.3541614583301709
h_pos [ 7.11077083 10.07887289 10.24683398] x_pos [ 8.27559449 10.44582348 10.42522982] y_pos [ 6.60942625  8.58877364 10.47311796]
47 cpl_forces h [7.28952578 7.15079888 0.012036  ]
h_pos [ 7.11077083 10.07887289 10.24683398] x_pos [ 8.27559449 10.44582348 10.42522982] y_pos [ 6.60942625  8.58877364 10.47311796]
47 rHY 1.5883786100960622 rHX 1.2342171517658913 0.3541614583301709
47 cpl_forces h [7.28952578 7.15079888 0.012036  ]
47 rHY 1.5883786100960622 rHX 1.2342171517658913 0.3541614583301709
47 cpl_forces x [-5.46262463 -1.72087279 -0.8366155 ]
47 cpl_forces h [7.28952578 7.15079888 0.012036  ]
47 cpl_forces y [-1.82690116 -5.42992609  0.82457949]
47 cpl_forces x [-5.46262463 -1.72087279 -0.8366155 ]
47 cpl_forces x [-5.46262463 -1.72087279 -0.8366155 ]
47 cpl_forces h [7.28952578 7.15079888 0.012036  ]
47 cpl_forces h [7.28952578 7.15079888 0.012036  ]
47 cpl_forces x [-5.46262463 -1.72087279 -0.8366155 ]
47 cpl_forces y [-1.82690116 -5.42992609  0.82457949]
47 cpl_forces y [-1.82690116 -5.42992609  0.82457949]
47 cpl_forces x [-5.46262463 -1.72087279 -0.8366155 ]
47 cpl_forces y [-1.82690116 -5.42992609  0.82457949]
47 cpl_forces y [-1.82690116 -5.42992609  0.82457949]
09:29:22-DEBUG: System matrix: 
09:29:22-DEBUG: [[4.90946399e+03 5.10718366e-01]
 [5.10718366e-01 4.91734143e+03]]
09:29:22-DEBUG: Eigen values: 
09:29:22-DEBUG: [4909.43101579 4917.37440727]
09:29:22-DEBUG: Occupancies: 
09:29:22-DEBUG: [1. 0.]
09:29:22-INFO: coupling 47 0.510718366139976
09:29:22-DEBUG: Amplitudes: 
09:29:22-DEBUG: [0.99584895 0.00415105]
09:29:22-INFO: forces0 h [10.86911464  3.57943865  1.63189341]
09:29:22-INFO: forces0 x [-8.97457305 -3.57198411 -1.74175517]
09:29:22-INFO: forces0 y [ 0.36339152 -4.04663548  0.09328329]
09:29:22-INFO: forces1 h [-13.44989025 -27.51131357   3.23759856]
09:29:22-INFO: forces1 x [7.42088426 1.19270457 0.56199717]
09:29:22-INFO: forces1 y [ 8.98737521 23.42504192 -3.91651026]
pos h  [ 7.11077083 10.07887289 10.24683398]
pos x  [ 8.27559449 10.44582348 10.42522982]
pos y  [ 6.60942625  8.58877364 10.47311796]
 mixed_cpl_forces: h [-0.93735647 -0.91951765 -0.0015477 ]
 mixed_cpl_forces: x [0.70243617 0.22128617 0.10757997]
 mixed_cpl_forces: y [ 0.2349203   0.69823148 -0.10603226]
09:29:22-INFO: mixed forces h [9.83080886 2.53086186 1.63701107]
09:29:22-INFO: mixed forces x [-8.20407859 -3.3309195  -1.62461223]
09:29:22-INFO: mixed forces y [ 0.63411038 -3.2343678  -0.02939381]
09:29:22-DEBUG: Minimum eigen value: 
09:29:22-DEBUG: 4909.431015789505
09:29:22-DEBUG: Minimum state: 
09:29:22-DEBUG: 0
        47     4909.4310157895     5059.4272513275     1074.4642385784     4909.4639891730      149.9962355380      0.42052064
09:29:22-INFO: ebond 0 47 1.4249170791507664
ids [   5   48  139  234  238 1075  244  248 1040  258  259  985  378  533
  677 1038  682  683  684  685  686  687  688  689  690  691  692  694
  695  696  697  698  699  700  701  702  703  704  705  706  707  708
  709  710 1080  712  713  714  716  717  719  721  722  724  726  727
  728  729  730  731  732  733  734  735  736  737  738  739  740  784
  742  743  744  745  746  747  748  749  750  751  752  754  755  756
  757  759  761  762  763  764  766  767  769  772  773  774  775  776
  777  778  779  780  781  782  785  254  787  788  790  791  792  793
  795  796  797  921  800  802  805  806  807  811  828  876  801  771
  950  983  988  990 1028 1030 1033 1035  770  810]
ids [  1   2   3   4   9  10  11  12  13  14  15  16  17  18  19  20  21  23
  24  25  26  27  28  29  30  31  32  33  34  35 945  37  39  41  42  44
  46  47  49 940 900  52  53  54  55  56  57  58  59  60  61  62  63  64
  65  67  68  69  70  71  72  73  74  75  76  78  79  81  83  85  86  88
  40  90  91  93  96  97  98  99 100 101 125 104 105 106 109 111 113 114
 115 116 119 120 121 124 126 993 130 131 132 135 136 544 638 643 644 649
 905 659 664 669 674 898 850 938 893 895]
ids [ 137  142  143  144  145  146  147  148  149  150  151  152  154  155
  157  158  159  160  161  162  163  164  165  166  167  169  170  679
  172  174  249  176  177  179  180  181  182  184  187  188  189  190
  191  192  193  194  195  196  197  198  199  200  202  203  204  205
  206  207  208  209  210  211  212  214  215  217  218  219  221  222
  224  201  226  227  229  232  233  235  236  237  240  241  242  243
  245 1073  247  250  251  252  253  231  255  256  257  260  276  262
  266  267  269  271  306  348 1078  393  396  410  443  445  448  450
  455  490  493  495  500  535  538  540  799  789  794  798  804  808
  809  918  933  216  321  239  264]
ids [  6 102 107 108 112 117 118 123 133 183 228 103 310 313 315 320 353 355
 358 360 363 365 400 403 411 438 128 542 654 547 548 549 550 551 552 553
 554 555 556 557 559 560 562 563 564 565 566 567 568 569 570 571 572 573
 574 575 576 577 579 581 582 584 586 587 589 592 593 594 595 596 597 598
 599 600 601 602 603 604 605 606 607 608 609 610 611 612 613 614 615 616
 617 618 619 620 621 622 624 626 627 629 631 632 634 635 636 637 639 640
 641 642 645 646 647 648 650 426 652 653 655 656 657 658 660 661 662 665
 666 667 671 672 676 813 405 561]
ids [   8   22   66   77   80   95  110 1064  138  263  273  503  504  518
  519  529  534  543  663  678  680  715  718  720  723  725  758  760
  765  768 1077  409  903  947  952  953  954  955  956  957  958  959
  960  961  962  963  964  965  967  968  969  970  971  972  973  974
  975  976  977  978  979  980  981  982  984 1076  986  987  989  991
  992  994  995  996  997  998  999 1000 1001 1002 1003 1004 1005 1006
 1007 1008 1009 1010 1011 1012 1013 1014 1015 1016 1017 1018 1019 1020
 1021 1022 1023 1024 1025 1026 1027 1029 1031 1032 1034 1036 1037 1039
 1041 1042 1045 1046 1047 1050 1051 1052 1081 1055 1056 1057 1058 1060
 1061 1062 1063 1065 1066 1067 1068 1069 1070 1071 1072  514  951   36
  966   51]
ids [  7  38 936  43  45  82  84  87  92  94 129 134 274 368  89 384 398 399
 404 668 673 681 693 753 711 783 860 812 816 817 818 819 820 821 822 823
 824 825 826 827 829 830 831 832 833 834 835 836 837 838 839 840 841 842
 843 844 845 847 848 849 851 852 853 854 855 856 857 858 859 861 862 863
 864 865 866 867 868 869 870 871 872 873 874 875 946 877 878 879 880 881
 882 883 884 885 886 887 888 889 890 892 894 896 897 899 901 902 904 906
 907 908 910 911 912 915 916 917 920 924 922 923 925 926 927 948 930 931
 932 846 935 937 939 814 941 942 944 919 369  50 786 891 741 815]
ids [ 122  140  173  178  185  220  223  230  265  268  270  318  407  408
  225  412  413  414  415  416  417  418  419  420  421  422  423  424
  425 1074  427  428  429  430  431  432  433  434  435  436  437  439
  440  441  442  444  446  447  449  451  452  454  456  457  458  459
  460  461  462  463  464  465  466  467  468  469  470  471  472  473
  474  475  476  477  478  479  480  481  482  483  484  485  486  487
  488  489  491  492  494  496  497  499  502  505  506  507  508  509
  510  511  512  513  501  515  516  517  520  521  522  523  524  525
  526  527  528  530  531  532  536  537  539  541  558 1079  588  591
  803  949 1043 1044 1048 1049 1053 1059 1054  651  175  546]
ids [127 141 153 156 168 186 379 213 928 171 272 929 277 278 279 280 281 282
 283 284 285 286 287 288 289 290 291 292 293 294 295 296 297 298 299 300
 301 302 303 304 305 307 308 309 311 312 314 316 317 319 261 322 323 324
 325 326 327 328 329 330 331 332 333 334 335 336 337 338 339 340 341 342
 343 344 345 346 347 349 350 351 352 354 356 357 359 361 362 364 366 367
 934 370 371 372 373 374 375 376 377 380 382 383 385 386 387 388 389 390
 391 392 394 395 397 401 402 381 406 453 498 545 578 580 583 585 590 623
 625 628 630 633 670 675 943 909 913 914 246 275]
09:29:22-INFO: Step 48
09:29:22-DEBUG: Reaction systems: [[None]
 [0]]
09:29:22-DEBUG: rxn_pairs: [array([1, 2])]
09:29:22-DEBUG: Starting total colors: 5
09:29:22-DEBUG: Number of systems: 2
09:29:22-DEBUG: New total colors: 5
09:29:22-DEBUG: Potential energy for color 0: 4910.058714161361
ebond 1 48 8.838000566314802
09:29:22-DEBUG: Potential energy for color 1: 4918.643403202777
xhy 48 13 1 2
xhy 48 13 1 2
xhy 48 13 1 2
xhy 48 13 1 2
xhy 48 13 1 2
h_pos [ 7.12222968 10.0908225  10.2445661 ] x_pos [ 8.27738361 10.44042939 10.42518369] y_pos [ 6.61447587  8.58536103 10.47311961]
h_pos [ 7.12222968 10.0908225  10.2445661 ] x_pos [ 8.27738361 10.44042939 10.42518369] y_pos [ 6.61447587  8.58536103 10.47311961]
h_pos [ 7.12222968 10.0908225  10.2445661 ] x_pos [ 8.27738361 10.44042939 10.42518369] y_pos [ 6.61447587  8.58536103 10.47311961]
48 rHY 1.6051370292823823 rHX 1.2203394135780368 0.38479761570434556
48 rHY 1.6051370292823823 rHX 1.2203394135780368 0.38479761570434556
48 rHY 1.6051370292823823 rHX 1.2203394135780368 0.38479761570434556
h_pos [ 7.12222968 10.0908225  10.2445661 ] x_pos [ 8.27738361 10.44042939 10.42518369] y_pos [ 6.61447587  8.58536103 10.47311961]
48 rHY 1.6051370292823823 rHX 1.2203394135780368 0.38479761570434556
48 cpl_forces h [5.52874893 5.36007711 0.02459099]
48 cpl_forces h [5.52874893 5.36007711 0.02459099]
48 cpl_forces h [5.52874893 5.36007711 0.02459099]
48 cpl_forces x [-4.14392695 -1.25415788 -0.64793622]
48 cpl_forces x [-4.14392695 -1.25415788 -0.64793622]
48 cpl_forces x [-4.14392695 -1.25415788 -0.64793622]
h_pos [ 7.12222968 10.0908225  10.2445661 ] x_pos [ 8.27738361 10.44042939 10.42518369] y_pos [ 6.61447587  8.58536103 10.47311961]
48 cpl_forces h [5.52874893 5.36007711 0.02459099]
48 cpl_forces y [-1.38482198 -4.10591923  0.62334523]
48 cpl_forces y [-1.38482198 -4.10591923  0.62334523]
48 cpl_forces y [-1.38482198 -4.10591923  0.62334523]
48 rHY 1.6051370292823823 rHX 1.2203394135780368 0.38479761570434556
48 cpl_forces x [-4.14392695 -1.25415788 -0.64793622]
48 cpl_forces y [-1.38482198 -4.10591923  0.62334523]
48 cpl_forces h [5.52874893 5.36007711 0.02459099]
09:29:22-DEBUG: System matrix: 
48 cpl_forces x [-4.14392695 -1.25415788 -0.64793622]
48 cpl_forces y [-1.38482198 -4.10591923  0.62334523]
09:29:22-DEBUG: [[4.91005871e+03 3.55525306e-01]
 [3.55525306e-01 4.91864340e+03]]
09:29:22-DEBUG: Eigen values: 
09:29:22-DEBUG: [4910.04401564 4918.65810172]
09:29:22-DEBUG: Occupancies: 
09:29:22-DEBUG: [1. 0.]
09:29:22-INFO: coupling 48 0.3555253063431161
09:29:22-DEBUG: Amplitudes: 
09:29:22-DEBUG: [0.99829366 0.00170634]
09:29:22-INFO: forces0 h [10.28941206  3.25004542  1.58050129]
09:29:22-INFO: forces0 x [-8.51238215 -3.26822683 -1.68451249]
09:29:22-INFO: forces0 y [ 0.3509458  -3.84191456  0.09356403]
09:29:22-INFO: forces1 h [-14.47262718 -28.40010651   3.21160616]
09:29:22-INFO: forces1 x [8.01722493 1.35831348 0.69912696]
09:29:22-INFO: forces1 y [ 9.23634864 24.26510071 -4.02170711]
pos h  [ 7.12222968 10.0908225  10.2445661 ]
pos x  [ 8.27738361 10.44042939 10.42518369]
pos y  [ 6.61447587  8.58536103 10.47311961]
 mixed_cpl_forces: h [-0.45637114 -0.44244811 -0.00202987]
 mixed_cpl_forces: x [0.34206087 0.10352459 0.05348396]
 mixed_cpl_forces: y [ 0.11431027  0.33892352 -0.0514541 ]
09:29:22-INFO: mixed forces h [9.79078858 2.75359155 1.58125464]
09:29:22-INFO: mixed forces x [-8.14211623 -3.15680781 -1.62696125]
09:29:22-INFO: mixed forces y [ 0.48041754 -3.45503105  0.03508791]
09:29:22-DEBUG: Minimum eigen value: 
09:29:22-DEBUG: 4910.04401564445
09:29:22-DEBUG: Minimum state: 
09:29:22-DEBUG: 0
        48     4910.0440156445     5059.4201329848     1070.0221615842     4910.0587141614      149.3761173404      0.43802094
09:29:22-INFO: ebond 0 48 1.2704266317696034
ids [   5   48  139  234  238 1075  244  248 1040  258  259  985  378  533
  677 1038  682  683  684  685  686  687  688  689  690  691  692  694
  695  696  697  698  699  700  701  702  703  704  705  706  707  708
  709  710 1080  712  713  714  716  717  719  721  722  724  726  727
  728  729  730  731  732  733  734  735  736  737  738  739  740  784
  742  743  744  745  746  747  748  749  750  751  752  754  755  756
  757  759  761  762  763  764  766  767  769  772  773  774  775  776
  777  778  779  780  781  782  785  254  787  788  790  791  792  793
  795  796  797  921  800  802  805  806  807  811  828  876  801  771
  950  983  988  990 1028 1030 1033 1035  770  810]
ids [  1   2   3   4   9  10  11  12  13  14  15  16  17  18  19  20  21  23
  24  25  26  27  28  29  30  31  32  33  34  35 945  37  39  41  42  44
  46  47  49 940 900  52  53  54  55  56  57  58  59  60  61  62  63  64
  65  67  68  69  70  71  72  73  74  75  76  78  79  81  83  85  86  88
  40  90  91  93  96  97  98  99 100 101 125 104 105 106 109 111 113 114
 115 116 119 120 121 124 126 993 130 131 132 135 136 544 638 643 644 649
 905 659 664 669 674 898 850 938 893 895]
ids [ 137  142  143  144  145  146  147  148  149  150  151  152  154  155
  157  158  159  160  161  162  163  164  165  166  167  169  170  679
  172  174  249  176  177  179  180  181  182  184  187  188  189  190
  191  192  193  194  195  196  197  198  199  200  202  203  204  205
  206  207  208  209  210  211  212  214  215  217  218  219  221  222
  224  201  226  227  229  232  233  235  236  237  240  241  242  243
  245 1073  247  250  251  252  253  231  255  256  257  260  276  262
  266  267  269  271  306  348 1078  393  396  410  443  445  448  450
  455  490  493  495  500  535  538  540  799  789  794  798  804  808
  809  918  933  216  321  239  264]
ids [  6 102 107 108 112 117 118 123 133 183 228 103 310 313 315 320 353 355
 358 360 363 365 400 403 411 438 128 542 654 547 548 549 550 551 552 553
 554 555 556 557 559 560 562 563 564 565 566 567 568 569 570 571 572 573
 574 575 576 577 579 581 582 584 586 587 589 592 593 594 595 596 597 598
 599 600 601 602 603 604 605 606 607 608 609 610 611 612 613 614 615 616
 617 618 619 620 621 622 624 626 627 629 631 632 634 635 636 637 639 640
 641 642 645 646 647 648 650 426 652 653 655 656 657 658 660 661 662 665
 666 667 671 672 676 813 405 561]
ids [  7  38 936  43  45  82  84  87  92  94 129 134 274 368  89 384 398 399
 404 668 673 681 693 753 711 783 860 812 816 817 818 819 820 821 822 823
 824 825 826 827 829 830 831 832 833 834 835 836 837 838 839 840 841 842
 843 844 845 847 848 849 851 852 853 854 855 856 857 858 859 861 862 863
 864 865 866 867 868 869 870 871 872 873 874 875 946 877 878 879 880 881
 882 883 884 885 886 887 888 889 890 892 894 896 897 899 901 902 904 906
 907 908 910 911 912 915 916 917 920 924 922 923 925 926 927 948 930 931
 932 846 935 937 939 814 941 942 944 919 369  50 786 891 741 815]
ids [ 122  140  173  178  185  220  223  230  265  268  270  318  407  408
  225  412  413  414  415  416  417  418  419  420  421  422  423  424
  425 1074  427  428  429  430  431  432  433  434  435  436  437  439
  440  441  442  444  446  447  449  451  452  454  456  457  458  459
  460  461  462  463  464  465  466  467  468  469  470  471  472  473
  474  475  476  477  478  479  480  481  482  483  484  485  486  487
  488  489  491  492  494  496  497  499  502  505  506  507  508  509
  510  511  512  513  501  515  516  517  520  521  522  523  524  525
  526  527  528  530  531  532  536  537  539  541  558 1079  588  591
  803  949 1043 1044 1048 1049 1053 1059 1054  651  175  546]
ids [   8   22   66   77   80   95  110 1064  138  263  273  503  504  518
  519  529  534  543  663  678  680  715  718  720  723  725  758  760
  765  768 1077  409  903  947  952  953  954  955  956  957  958  959
  960  961  962  963  964  965  967  968  969  970  971  972  973  974
  975  976  977  978  979  980  981  982  984 1076  986  987  989  991
  992  994  995  996  997  998  999 1000 1001 1002 1003 1004 1005 1006
 1007 1008 1009 1010 1011 1012 1013 1014 1015 1016 1017 1018 1019 1020
 1021 1022 1023 1024 1025 1026 1027 1029 1031 1032 1034 1036 1037 1039
 1041 1042 1045 1046 1047 1050 1051 1052 1081 1055 1056 1057 1058 1060
 1061 1062 1063 1065 1066 1067 1068 1069 1070 1071 1072  514  951   36
  966   51]
ids [127 141 153 156 168 186 379 213 928 171 272 929 277 278 279 280 281 282
 283 284 285 286 287 288 289 290 291 292 293 294 295 296 297 298 299 300
 301 302 303 304 305 307 308 309 311 312 314 316 317 319 261 322 323 324
 325 326 327 328 329 330 331 332 333 334 335 336 337 338 339 340 341 342
 343 344 345 346 347 349 350 351 352 354 356 357 359 361 362 364 366 367
 934 370 371 372 373 374 375 376 377 380 382 383 385 386 387 388 389 390
 391 392 394 395 397 401 402 381 406 453 498 545 578 580 583 585 590 623
 625 628 630 633 670 675 943 909 913 914 246 275]
09:29:22-INFO: Step 49
09:29:22-DEBUG: Reaction systems: [[None]
 [0]]
09:29:22-DEBUG: rxn_pairs: [array([1, 2])]
09:29:22-DEBUG: Starting total colors: 5
09:29:22-DEBUG: Number of systems: 2
09:29:22-DEBUG: New total colors: 5
09:29:22-DEBUG: Potential energy for color 0: 4910.852163454851
ebond 1 49 9.381910644618282
09:29:22-DEBUG: Potential energy for color 1: 4920.284510886024
xhy 49 13 1 2
xhy 49 13 1 2
xhy 49 13 1 2
xhy 49 13 1 2
xhy 49 13 1 2
h_pos [ 7.13732667 10.10371884 10.24290329] x_pos [ 8.2789811  10.4349607  10.42509901] y_pos [ 6.61953878  8.5818702  10.47312133]
h_pos [ 7.13732667 10.10371884 10.24290329] x_pos [ 8.2789811  10.4349607  10.42509901] y_pos [ 6.61953878  8.5818702  10.47312133]
49 rHY 1.6239236185670463 rHX 1.202618514064922 0.42130510450212433
h_pos [ 7.13732667 10.10371884 10.24290329] x_pos [ 8.2789811  10.4349607  10.42509901] y_pos [ 6.61953878  8.5818702  10.47312133]
49 rHY 1.6239236185670463 rHX 1.202618514064922 0.42130510450212433
h_pos [ 7.13732667 10.10371884 10.24290329] x_pos [ 8.2789811  10.4349607  10.42509901] y_pos [ 6.61953878  8.5818702  10.47312133]
h_pos [ 7.13732667 10.10371884 10.24290329] x_pos [ 8.2789811  10.4349607  10.42509901] y_pos [ 6.61953878  8.5818702  10.47312133]
49 rHY 1.6239236185670463 rHX 1.202618514064922 0.42130510450212433
49 rHY 1.6239236185670463 rHX 1.202618514064922 0.42130510450212433
49 rHY 1.6239236185670463 rHX 1.202618514064922 0.42130510450212433
49 cpl_forces h [3.79575463 3.6293959  0.02913102]
49 cpl_forces h [3.79575463 3.6293959  0.02913102]
49 cpl_forces h [3.79575463 3.6293959  0.02913102]
49 cpl_forces x [-2.84139655 -0.8244084  -0.45345622]
49 cpl_forces x [-2.84139655 -0.8244084  -0.45345622]
49 cpl_forces x [-2.84139655 -0.8244084  -0.45345622]
49 cpl_forces h [3.79575463 3.6293959  0.02913102]
49 cpl_forces h [3.79575463 3.6293959  0.02913102]
49 cpl_forces x [-2.84139655 -0.8244084  -0.45345622]
49 cpl_forces y [-0.95435808 -2.8049875   0.4243252 ]
49 cpl_forces x [-2.84139655 -0.8244084  -0.45345622]
49 cpl_forces y [-0.95435808 -2.8049875   0.4243252 ]
49 cpl_forces y [-0.95435808 -2.8049875   0.4243252 ]
49 cpl_forces y [-0.95435808 -2.8049875   0.4243252 ]
49 cpl_forces y [-0.95435808 -2.8049875   0.4243252 ]
09:29:22-DEBUG: System matrix: 
09:29:22-DEBUG: [[4.91085216e+03 2.22012982e-01]
 [2.22012982e-01 4.92028451e+03]]
09:29:22-DEBUG: Eigen values: 
09:29:22-DEBUG: [4910.84694074 4920.2897336 ]
09:29:22-DEBUG: Occupancies: 
09:29:22-DEBUG: [1. 0.]
09:29:22-INFO: coupling 49 0.22201298151993898
09:29:22-DEBUG: Amplitudes: 
09:29:22-DEBUG: [9.99446910e-01 5.53090352e-04]
09:29:22-INFO: forces0 h [9.53786799 2.88439172 1.49806828]
09:29:22-INFO: forces0 x [-7.87058602 -2.92809779 -1.59602348]
09:29:22-INFO: forces0 y [ 0.33755809 -3.63676663  0.09389905]
09:29:22-INFO: forces1 h [-15.98124033 -29.45724968   3.1134715 ]
09:29:22-INFO: forces1 x [9.02598599 1.61975069 0.90584937]
09:29:22-INFO: forces1 y [ 9.56922803 25.17743307 -4.1239521 ]
pos h  [ 7.13732667 10.10371884 10.24290329]
pos x  [ 8.2789811  10.4349607  10.42509901]
pos y  [ 6.61953878  8.5818702  10.47312133]
 mixed_cpl_forces: h [-0.17848677 -0.17066413 -0.00136982]
 mixed_cpl_forces: x [0.13361024 0.03876594 0.02132275]
 mixed_cpl_forces: y [ 0.04487653  0.13189819 -0.01995293]
09:29:22-INFO: mixed forces h [9.34526685 2.69583974 1.49759193]
09:29:22-INFO: mixed forces x [-7.72763045 -2.88681648 -1.57331697]
09:29:22-INFO: mixed forces y [ 0.38754057 -3.48893159  0.07161327]
09:29:22-DEBUG: Minimum eigen value: 
09:29:22-DEBUG: 4910.846940737225
09:29:22-DEBUG: Minimum state: 
09:29:22-DEBUG: 0
        49     4910.8469407372     5059.4152647461     1064.2357160530     4910.8521634549      148.5683240089      0.40708361
09:29:22-INFO: ebond 0 49 1.0860366268809531
ids [  1   2   3   4   9  10  11  12  13  14  15  16  17  18  19  20  21  23
  24  25  26  27  28  29  30  31  32  33  34  35 945  37  39  41  42  44
  46  47  49 940 900  52  53  54  55  56  57  58  59  60  61  62  63  64
  65  67  68  69  70  71  72  73  74  75  76  78  79  81  83  85  86  88
  40  90  91  93  96  97  98  99 100 101 125 104 105 106 109 111 113 114
 115 116 119 120 121 124 126 993 130 131 132 135 136 895 638 643 644 649
 905 659 664 893 674 898 850 938]
ids [ 122  140  173  178  185  220  223  230  265  268  270  318  407  408
  225  412  413  414  415  416  417  418  419  420  421  422  423  424
  425 1074  427  428  429  430  431  432  433  434  435  436  437  439
  440  441  442  444  446  447  449  451  452  454  456  457  458  459
  460  461  462  463  464  465  466  467  468  469  470  471  472  473
  474  475  476  477  478  479  480  481  482  483  484  485  486  487
  488  489  491  492  494  496  497  499  502  505  506  507  508  509
  510  511  512  513  501  515  516  517  520  521  522  523  524  525
  526  527  528  530  531  532  536  537  539  541  558 1079  588  591
  803  949 1043 1044 1048 1049 1053 1059 1054  651  175  546]
ids [   5   48  139  234  238 1075  244  248 1040  258  259  985  378  533
  677 1038  682  683  684  685  686  687  688  689  690  691  692  694
  695  696  697  698  699  700  701  702  703  704  705  706  707  708
  709  710 1080  712  713  714  716  717  719  721  722  724  726  727
  728  729  730  731  732  733  734  735  736  737  738  739  740  784
  742  743  744  745  746  747  748  749  750  751  752  754  755  756
  757  759  761  762  763  764  766  767  769  772  773  774  775  776
  777  778  779  780  781  782  785  254  787  788  790  791  792  793
  795  796  797  921  800  802  805  806  807  811  828  876  801  771
  950  983  988  990 1028 1030 1033 1035  770  810]
ids [  7  38 936  43  45  82  84  87  92  94 129 134 274 368  89 384 398 399
 404 668 673 681 693 753 711 783 860 812 816 817 818 819 820 821 822 823
 824 825 826 827 829 830 831 832 833 834 835 836 837 838 839 840 841 842
 843 844 845 847 848 849 851 852 853 854 855 856 857 858 859 861 862 863
 864 865 866 867 868 869 870 871 872 873 874 875 946 877 878 879 880 881
 882 883 884 885 886 887 888 889 890 892 894 896 897 899 901 902 904 906
 907 908 910 911 912 915 916 917 920 924 922 923 925 926 927 948 930 931
 932 846 935 937 939 814 941 942 944 919 369  50 786 891 741 815]
ids [   8   22   66   77   80   95  110 1064  138  263  273  503  504  518
  519  529  534  543  663  678  680  715  718  720  723  725  758  760
  765  768 1077  409  903  947  952  953  954  955  956  957  958  959
  960  961  962  963  964  965  967  968  969  970  971  972  973  974
  975  976  977  978  979  980  981  982  984 1076  986  987  989  991
  992  994  995  996  997  998  999 1000 1001 1002 1003 1004 1005 1006
 1007 1008 1009 1010 1011 1012 1013 1014 1015 1016 1017 1018 1019 1020
 1021 1022 1023 1024 1025 1026 1027 1029 1031 1032 1034 1036 1037 1039
 1041 1042 1045 1046 1047 1050 1051 1052 1081 1055 1056 1057 1058 1060
 1061 1062 1063 1065 1066 1067 1068 1069 1070 1071 1072  514  951   36
  966   51]
ids [ 137  142  143  144  145  146  147  148  149  150  151  152  154  155
  157  158  159  160  161  162  163  164  165  166  167  169  170  679
  172  174  249  176  177  179  180  181  182  184  187  188  189  190
  191  192  193  194  195  196  197  198  199  200  202  203  204  205
  206  207  208  209  210  211  212  214  215  217  218  219  221  222
  224  201  226  227  229  232  233  235  236  237  240  241  242  243
  245 1073  247  250  251  252  253  231  255  256  257  260  276  262
  266  267  269  271  306  348 1078  393  396  410  443  445  448  450
  455  490  493  495  500  535  538  540  799  789  794  798  804  808
  809  918  933  216  321  239  264]
ids [  6 102 107 108 112 117 118 123 133 183 228 103 310 313 315 320 353 355
 358 360 363 365 400 403 411 438 128 542 654 547 548 549 550 551 552 553
 554 555 556 557 559 560 562 563 564 565 566 567 568 569 570 571 572 573
 574 575 576 577 579 581 582 584 586 587 589 592 593 594 595 596 597 598
 599 600 601 602 603 604 605 606 607 608 609 610 611 612 613 614 615 616
 617 618 619 620 621 622 624 626 627 629 631 632 634 635 636 637 639 640
 641 642 645 646 647 648 650 426 652 653 655 656 657 658 660 661 662 665
 666 667 671 672 676 813 405 561 670 544 669]
ids [127 141 153 156 168 186 379 213 928 171 272 929 277 278 279 280 281 282
 283 284 285 286 287 288 289 290 291 292 293 294 295 296 297 298 299 300
 301 302 303 304 305 307 308 309 311 312 314 316 317 319 261 322 323 324
 325 326 327 328 329 330 331 332 333 334 335 336 337 338 339 340 341 342
 343 344 345 346 347 349 350 351 352 354 356 357 359 361 362 364 366 367
 934 370 371 372 373 374 375 376 377 380 382 383 385 386 387 388 389 390
 391 392 394 395 397 401 402 381 406 453 498 545 578 580 583 585 590 623
 625 628 630 633 275 675 943 909 913 914 246]
09:29:22-INFO: Step 50
09:29:22-DEBUG: Reaction systems: [[None]
 [0]]
09:29:22-DEBUG: rxn_pairs: [array([1, 2])]
09:29:22-DEBUG: Starting total colors: 5
09:29:22-DEBUG: Number of systems: 2
09:29:22-DEBUG: New total colors: 5
09:29:22-DEBUG: Potential energy for color 0: 4911.837341688249
ebond 1 50 10.004011356422232
09:29:22-DEBUG: Potential energy for color 1: 4922.27052309228
xhy 50 13 1 2
xhy 50 13 1 2
xhy 50 13 1 2
xhy 50 13 1 2
xhy 50 13 1 2
h_pos [ 7.1559362  10.11758648 10.24181297] x_pos [ 8.28039488 10.42942321 10.4249768 ] y_pos [ 6.62461201  8.57829807 10.47312434]
h_pos [ 7.1559362  10.11758648 10.24181297] x_pos [ 8.28039488 10.42942321 10.4249768 ] y_pos [ 6.62461201  8.57829807 10.47312434]
h_pos [ 7.1559362  10.11758648 10.24181297] x_pos [ 8.28039488 10.42942321 10.4249768 ] y_pos [ 6.62461201  8.57829807 10.47312434]
h_pos [ 7.1559362  10.11758648 10.24181297] x_pos [ 8.28039488 10.42942321 10.4249768 ] y_pos [ 6.62461201  8.57829807 10.47312434]
50 rHY 1.644755042690474 rHX 1.1811851910776185 0.46356985161285547
50 rHY 1.644755042690474 rHX 1.1811851910776185 0.46356985161285547
50 rHY 1.644755042690474 rHX 1.1811851910776185 0.46356985161285547
50 rHY 1.644755042690474 rHX 1.1811851910776185 0.46356985161285547
h_pos [ 7.1559362  10.11758648 10.24181297] x_pos [ 8.28039488 10.42942321 10.4249768 ] y_pos [ 6.62461201  8.57829807 10.47312434]
50 cpl_forces h [2.30825795 2.17223323 0.02612747]
50 rHY 1.644755042690474 rHX 1.1811851910776185 0.46356985161285547
50 cpl_forces h [2.30825795 2.17223323 0.02612747]
50 cpl_forces h [2.30825795 2.17223323 0.02612747]
50 cpl_forces h [2.30825795 2.17223323 0.02612747]
50 cpl_forces x [-1.72343162 -0.47794489 -0.28073093]
50 cpl_forces x [-1.72343162 -0.47794489 -0.28073093]
50 cpl_forces x [-1.72343162 -0.47794489 -0.28073093]
50 cpl_forces x [-1.72343162 -0.47794489 -0.28073093]
50 cpl_forces y [-0.58482633 -1.69428834  0.25460346]
50 cpl_forces y [-0.58482633 -1.69428834  0.25460346]
50 cpl_forces y [-0.58482633 -1.69428834  0.25460346]
50 cpl_forces h [2.30825795 2.17223323 0.02612747]
50 cpl_forces y [-0.58482633 -1.69428834  0.25460346]
50 cpl_forces x [-1.72343162 -0.47794489 -0.28073093]
50 cpl_forces y [-0.58482633 -1.69428834  0.25460346]
09:29:22-DEBUG: System matrix: 
09:29:22-DEBUG: [[4.91183734e+03 1.22040334e-01]
 [1.22040334e-01 4.92227052e+03]]
09:29:22-DEBUG: Eigen values: 
09:29:22-DEBUG: [4911.83591434 4922.27195044]
09:29:22-DEBUG: Occupancies: 
09:29:22-DEBUG: [1. 0.]
09:29:22-INFO: coupling 50 0.12204033386676542
09:29:22-DEBUG: Amplitudes: 
09:29:22-DEBUG: [9.99863229e-01 1.36771318e-04]
09:29:22-INFO: forces0 h [8.61928586 2.48953931 1.38390783]
09:29:22-INFO: forces0 x [-7.05425627 -2.55807489 -1.47571703]
09:29:22-INFO: forces0 y [ 0.3232239  -3.43172084  0.09440565]
09:29:22-INFO: forces1 h [-18.17956971 -30.72192288   2.90556193]
09:29:22-INFO: forces1 x [10.64941331  2.01627438  1.21952975]
09:29:22-INFO: forces1 y [ 9.98717696 26.16203062 -4.22297616]
pos h  [ 7.1559362  10.11758648 10.24181297]
pos x  [ 8.28039488 10.42942321 10.4249768 ]
pos y  [ 6.62461201  8.57829807 10.47312434]
 mixed_cpl_forces: h [-0.05398612 -0.05080474 -0.00061108]
 mixed_cpl_forces: x [0.04030806 0.0111783  0.00656581]
 mixed_cpl_forces: y [ 0.01367807  0.03962645 -0.00595473]
09:29:22-INFO: mixed forces h [8.56163442 2.43419219 1.38350487]
09:29:22-INFO: mixed forces x [-7.01152686 -2.54627095 -1.46878259]
09:29:22-INFO: mixed forces y [ 0.33822372 -3.38804682  0.08786043]
09:29:22-DEBUG: Minimum eigen value: 
09:29:22-DEBUG: 4911.835914337838
09:29:22-DEBUG: Minimum state: 
09:29:22-DEBUG: 0
        50     4911.8359143378     5059.4128412054     1057.1340659968     4911.8373416882      147.5769268676      0.36877130
09:29:22-INFO: ebond 0 50 0.8823264391202259
ids [  1   2   3   4   9  10  11  12  13  14  15  16  17  18  19  20  21  23
  24  25  26  27  28  29  30  31  32  33  34  35 945  37  39  41  42  44
  46  47  49 940 900  52  53  54  55  56  57  58  59  60  61  62  63  64
  65  67  68  69  70  71  72  73  74  75  76  78  79  81  83  85  86  88
  40  90  91  93  96  97  98  99 100 101 125 104 105 106 109 111 113 114
 115 116 119 120 121 124 126 993 130 131 132 135 136 895 638 643 644 649
 905 659 664 893 674 898 850 938]
ids [ 137  142  143  144  145  146  147  148  149  150  151  152  154  155
  157  158  159  160  161  162  163  164  165  166  167  169  170  679
  172  174  249  176  177  179  180  181  182  184  187  188  189  190
  191  192  193  194  195  196  197  198  199  200  202  203  204  205
  206  207  208  209  210  211  212  214  215  217  218  219  221  222
  224  201  226  227  229  232  233  235  236  237  240  241  242  243
  245 1073  247  250  251  252  253  231  255  256  257  260  276  262
  266  267  269  271  306  348 1078  393  396  410  443  445  448  450
  455  490  493  495  500  535  538  540  799  789  794  798  804  808
  809  918  933  216  321  239  264  366]
ids [   5   48  139  234  238 1075  244  248 1040  258  259  985  378  533
  677 1038  682  683  684  685  686  687  688  689  690  691  692  694
  695  696  697  698  699  700  701  702  703  704  705  706  707  708
  709  710 1080  712  713  714  716  717  719  721  722  724  726  727
  728  729  730  731  732  733  734  735  736  737  738  739  740  784
  742  743  744  745  746  747  748  749  750  751  752  754  755  756
  757  759  761  762  763  764  766  767  769  772  773  774  775  776
  777  778  779  780  781  782  785  254  787  788  790  791  792  793
  795  796  797  921  800  802  805  806  807  811  828  876  801  771
  950  983  988  990 1028 1030 1033 1035  770  810]
ids [  7  38 936  43  45  82  84  87  92  94 129 134 274 368  89 384 398 399
 404 668 673 681 693 753 711 783 860 812 816 817 818 819 820 821 822 823
 824 825 826 827 829 830 831 832 833 834 835 836 837 838 839 840 841 842
 843 844 845 847 848 849 851 852 853 854 855 856 857 858 859 861 862 863
 864 865 866 867 868 869 870 871 872 873 874 875 946 877 878 879 880 881
 882 883 884 885 886 887 888 889 890 892 894 896 897 899 901 902 904 906
 907 908 910 911 912 915 916 917 920 924 922 923 925 926 927 948 930 931
 932 846 935 937 939 814 941 942 944 919 369  50 786 891 741 815]
ids [  6 102 107 108 112 117 118 123 133 183 228 103 310 313 315 320 353 355
 358 360 363 365 400 403 411 438 128 542 654 547 548 549 550 551 552 553
 554 555 556 557 559 560 562 563 564 565 566 567 568 569 570 571 572 573
 574 575 576 577 579 581 582 584 586 587 589 592 593 594 595 596 597 598
 599 600 601 602 603 604 605 606 607 608 609 610 611 612 613 614 615 616
 617 618 619 620 621 622 624 626 627 629 631 632 634 635 636 637 639 640
 641 642 645 646 647 648 650 426 652 653 655 656 657 658 660 661 662 665
 666 667 671 672 676 813 405 561 670 544 669]
ids [   8   22   66   77   80   95  110 1064  138  263  273  503  504  518
  519  529  534  543  663  678  680  715  718  720  723  725  758  760
  765  768 1077  409  903  947  952  953  954  955  956  957  958  959
  960  961  962  963  964  965  967  968  969  970  971  972  973  974
  975  976  977  978  979  980  981  982  984 1076  986  987  989  991
  992  994  995  996  997  998  999 1000 1001 1002 1003 1004 1005 1006
 1007 1008 1009 1010 1011 1012 1013 1014 1015 1016 1017 1018 1019 1020
 1021 1022 1023 1024 1025 1026 1027 1029 1031 1032 1034 1036 1037 1039
 1041 1042 1045 1046 1047 1050 1051 1052 1081 1055 1056 1057 1058 1060
 1061 1062 1063 1065 1066 1067 1068 1069 1070 1071 1072  514  951   36
  966   51]
ids [ 122  140  173  178  185  220  223  230  265  268  270  318  407  408
  225  412  413  414  415  416  417  418  419  420  421  422  423  424
  425 1074  427  428  429  430  431  432  433  434  435  436  437  439
  440  441  442  444  446  447  449  451  452  454  456  457  458  459
  460  461  462  463  464  465  466  467  468  469  470  471  472  473
  474  475  476  477  478  479  480  481  482  483  484  485  486  487
  488  489  491  492  494  496  497  499  502  505  506  507  508  509
  510  511  512  513  501  515  516  517  520  521  522  523  524  525
  526  527  528  530  531  532  536  537  539  541  558 1079  588  591
  803  949 1043 1044 1048 1049 1053 1059 1054  651  175  546]
ids [127 141 153 156 168 186 379 213 928 171 272 929 277 278 279 280 281 282
 283 284 285 286 287 288 289 290 291 292 293 294 295 296 297 298 299 300
 301 302 303 304 305 307 308 309 311 312 314 316 317 319 261 322 323 324
 325 326 327 328 329 330 331 332 333 334 335 336 337 338 339 340 341 342
 343 344 345 346 347 349 350 351 352 354 356 357 359 361 362 364 246 367
 934 370 371 372 373 374 375 376 377 380 382 383 385 386 387 388 389 390
 391 392 394 395 397 401 402 381 406 453 498 545 578 580 583 585 590 623
 625 628 630 633 275 675 943 909 913 914]
09:29:22-INFO: Step 51
09:29:22-DEBUG: Reaction systems: [[None]
 [0]]
09:29:22-DEBUG: rxn_pairs: [array([1, 2])]
09:29:22-DEBUG: Starting total colors: 5
09:29:22-DEBUG: Number of systems: 2
09:29:22-DEBUG: New total colors: 5
09:29:22-DEBUG: Potential energy for color 0: 4913.0086681002
ebond 1 51 10.706938291814177
09:29:22-DEBUG: Potential energy for color 1: 4924.612791577364
xhy 51 13 1 2
xhy 51 13 1 2
xhy 51 13 1 2
xhy 51 13 1 2
xhy 51 13 1 2
h_pos [ 7.17779153 10.13235882 10.24125131] x_pos [ 8.28164071 10.42382464 10.42481934] y_pos [ 6.62969382  8.57464545 10.47312928]
h_pos [ 7.17779153 10.13235882 10.24125131] x_pos [ 8.28164071 10.42382464 10.42481934] y_pos [ 6.62969382  8.57464545 10.47312928]
h_pos [ 7.17779153 10.13235882 10.24125131] x_pos [ 8.28164071 10.42382464 10.42481934] y_pos [ 6.62969382  8.57464545 10.47312928]
h_pos [ 7.17779153 10.13235882 10.24125131] x_pos [ 8.28164071 10.42382464 10.42481934] y_pos [ 6.62969382  8.57464545 10.47312928]
51 rHY 1.667527941036356 rHX 1.1563444787367778 0.5111834622995781
51 rHY 1.667527941036356 rHX 1.1563444787367778 0.5111834622995781
51 rHY 1.667527941036356 rHX 1.1563444787367778 0.5111834622995781
51 rHY 1.667527941036356 rHX 1.1563444787367778 0.5111834622995781
51 cpl_forces h [1.21914413 1.12690929 0.01870923]
51 cpl_forces h [1.21914413 1.12690929 0.01870923]
51 cpl_forces h [1.21914413 1.12690929 0.01870923]
51 cpl_forces x [-0.9068853  -0.2394585  -0.15081332]
51 cpl_forces x [-0.9068853  -0.2394585  -0.15081332]
h_pos [ 7.17779153 10.13235882 10.24125131] x_pos [ 8.28164071 10.42382464 10.42481934] y_pos [ 6.62969382  8.57464545 10.47312928]
51 cpl_forces x [-0.9068853  -0.2394585  -0.15081332]
51 cpl_forces h [1.21914413 1.12690929 0.01870923]
51 cpl_forces y [-0.31225883 -0.88745079  0.13210408]
51 cpl_forces y [-0.31225883 -0.88745079  0.13210408]
51 cpl_forces y [-0.31225883 -0.88745079  0.13210408]
51 cpl_forces x [-0.9068853  -0.2394585  -0.15081332]
51 rHY 1.667527941036356 rHX 1.1563444787367778 0.5111834622995781
51 cpl_forces y [-0.31225883 -0.88745079  0.13210408]
51 cpl_forces h [1.21914413 1.12690929 0.01870923]
51 cpl_forces x [-0.9068853  -0.2394585  -0.15081332]
09:29:22-DEBUG: System matrix: 
51 cpl_forces y [-0.31225883 -0.88745079  0.13210408]
09:29:22-DEBUG: [[4.91300867e+03 5.80768538e-02]
 [5.80768538e-02 4.92461279e+03]]
09:29:22-DEBUG: Eigen values: 
09:29:22-DEBUG: [4913.00837744 4924.61308224]
09:29:22-DEBUG: Occupancies: 
09:29:22-DEBUG: [1. 0.]
09:29:22-INFO: coupling 51 0.05807685378571299
09:29:22-DEBUG: Amplitudes: 
09:29:22-DEBUG: [9.99974953e-01 2.50466038e-05]
09:29:22-INFO: forces0 h [7.54602629 2.07543696 1.23838871]
09:29:22-INFO: forces0 x [-6.07629488 -2.16756055 -1.32407004]
09:29:22-INFO: forces0 y [ 0.30794835 -3.22737405  0.09518473]
09:29:22-INFO: forces1 h [-21.39285536 -32.24922159   2.52605336]
09:29:22-INFO: forces1 x [13.21424895  2.60805365  1.7013718 ]
09:29:22-INFO: forces1 y [10.48785796 27.21384507 -4.31817258]
pos h  [ 7.17779153 10.13235882 10.24125131]
pos x  [ 8.28164071 10.42382464 10.42481934]
pos y  [ 6.62969382  8.57464545 10.47312928]
 mixed_cpl_forces: h [-0.01220265 -0.01127945 -0.00018726]
 mixed_cpl_forces: x [0.00907719 0.00239679 0.00150952]
 mixed_cpl_forces: y [ 0.00312546  0.00888266 -0.00132226]
09:29:22-INFO: mixed forces h [7.53309883 2.0632978  1.2382337 ]
09:29:22-INFO: mixed forces x [-6.06673453 -2.16504415 -1.32248474]
09:29:22-INFO: mixed forces y [ 0.31132878 -3.21772893  0.09375193]
09:29:22-DEBUG: Minimum eigen value: 
09:29:22-DEBUG: 4913.008377441757
09:29:22-DEBUG: Minimum state: 
09:29:22-DEBUG: 0
        51     4913.0083774418     5059.4121345748     1048.7303289224     4913.0086681002      146.4037571330      0.40087375
09:29:22-INFO: ebond 0 51 0.6726784050925588
ids [  7  38 936  43  45  82  84  87  92  94 129 134 274 368  89 384 398 399
 404 668 673 681 693 753 711 783 860 812 816 817 818 819 820 821 822 823
 824 825 826 827 829 830 831 832 833 834 835 836 837 838 839 840 841 842
 843 844 845 847 848 849 851 852 853 854 855 856 857 858 859 861 862 863
 864 865 866 867 868 869 870 871 872 873 874 875 946 877 878 879 880 881
 882 883 884 885 886 887 888 889 890 892 894 896 897 899 901 902 904 906
 907 908 910 911 912 915 916 917 920 924 922 923 925 926 927 948 930 931
 932 846 935 937 939 814 941 942 944 919 369  50 786 891 741 815]
ids [  6 102 107 108 112 117 118 123 133 183 228 103 310 313 315 320 353 355
 358 360 363 365 400 403 411 438 128 542 654 547 548 549 550 551 552 553
 554 555 556 557 559 560 562 563 564 565 566 567 568 569 570 571 572 573
 574 575 576 577 579 581 582 584 586 587 589 592 593 594 595 596 597 598
 599 600 601 602 603 604 605 606 607 608 609 610 611 612 613 614 615 616
 617 618 619 620 621 622 624 626 627 629 631 632 634 635 636 637 639 640
 641 642 645 646 647 648 650 426 652 653 655 656 657 658 660 661 662 665
 666 667 671 672 676 813 405 561 670 544 669]
ids [  1   2   3   4   9  10  11  12  13  14  15  16  17  18  19  20  21  23
  24  25  26  27  28  29  30  31  32  33  34  35 945  37  39  41  42  44
  46  47  49 940 900  52  53  54  55  56  57  58  59  60  61  62  63  64
  65  67  68  69  70  71  72  73  74  75  76  78  79  81  83  85  86  88
  40  90  91  93  96  97  98  99 100 101 125 104 105 106 109 111 113 114
 115 116 119 120 121 124 126 993 130 131 132 135 136 895 638 643 644 649
 905 659 664 893 674 898 850 938]
ids [ 137  142  143  144  145  146  147  148  149  150  151  152  154  155
  157  158  159  160  161  162  163  164  165  166  167  169  170  679
  172  174  249  176  177  179  180  181  182  184  187  188  189  190
  191  192  193  194  195  196  197  198  199  200  202  203  204  205
  206  207  208  209  210  211  212  214  215  217  218  219  221  222
  224  201  226  227  229  232  233  235  236  237  240  241  242  243
  245 1073  247  250  251  252  253  231  255  256  257  260  276  262
  266  267  269  271  306  348 1078  393  396  410  443  445  448  450
  366  490  493  495  500  535  538  540  799  789  794  798  804  808
  809  918  933  216  321  239  264]
ids [   8   22   66   77   80   95  110 1064  138  263  273  503  504  518
  519  529  534  543  663  678  680  715  718  720  723  725  758  760
  765  768 1077  409  903  947  952  953  954  955  956  957  958  959
  960  961  962  963  964  965  967  968  969  970  971  972  973  974
  975  976  977  978  979  980  981  982  984 1076  986  987  989  991
  992  994  995  996  997  998  999 1000 1001 1002 1003 1004 1005 1006
 1007 1008 1009 1010 1011 1012 1013 1014 1015 1016 1017 1018 1019 1020
 1021 1022 1023 1024 1025 1026 1027 1029 1031 1032 1034 1036 1037 1039
 1041 1042 1045 1046 1047 1050 1051 1052 1081 1055 1056 1057 1058 1060
 1061 1062 1063 1065 1066 1067 1068 1069 1070 1071 1072  514  951   36
  966   51]
ids [   5   48  139  234  238 1075  244  248 1040  258  259  985  378  533
  677 1038  682  683  684  685  686  687  688  689  690  691  692  694
  695  696  697  698  699  700  701  702  703  704  705  706  707  708
  709  710 1080  712  713  714  716  717  719  721  722  724  726  727
  728  729  730  731  732  733  734  735  736  737  738  739  740  784
  742  743  744  745  746  747  748  749  750  751  752  754  755  756
  757  759  761  762  763  764  766  767  769  772  773  774  775  776
  777  778  779  780  781  782  785  254  787  788  790  791  792  793
  795  796  797  921  800  802  805  806  807  811  828  876  801  771
  950  983  988  990 1028 1030 1033 1035  770  810]
ids [ 122  140  173  178  185  220  223  230  265  268  270  318  407  408
  225  412  413  414  415  416  417  418  419  420  421  422  423  424
  425 1074  427  428  429  430  431  432  433  434  435  436  437  439
  440  441  442  444  446  447  449  451  452  454  456  457  458  459
  460  461  462  463  464  465  466  467  468  469  470  471  472  473
  474  475  476  477  478  479  480  481  482  483  484  485  486  487
  488  489  491  492  494  496  497  499  502  505  506  507  508  509
  510  511  512  513  501  515  516  517  520  521  522  523  524  525
  526  527  528  530  531  532  536  537  539  541  558 1079  588  591
  803  949 1043 1044 1048 1049 1053 1059 1054  651  175  546  455]
ids [127 141 153 156 168 186 379 213 928 171 272 929 277 278 279 280 281 282
 283 284 285 286 287 288 289 290 291 292 293 294 295 296 297 298 299 300
 301 302 303 304 305 307 308 309 311 312 314 316 317 319 261 322 323 324
 325 326 327 328 329 330 331 332 333 334 335 336 337 338 339 340 341 342
 343 344 345 346 347 349 350 351 352 354 356 357 359 361 362 364 246 367
 934 370 371 372 373 374 375 376 377 380 382 383 385 386 387 388 389 390
 391 392 394 395 397 401 402 381 406 453 498 545 578 580 583 585 590 623
 625 628 630 633 275 675 943 909 913 914]
09:29:22-INFO: Step 52
09:29:22-DEBUG: Reaction systems: [[None]
 [0]]
09:29:22-DEBUG: rxn_pairs: [array([1, 2])]
09:29:22-DEBUG: Starting total colors: 5
09:29:22-DEBUG: Number of systems: 2
09:29:22-DEBUG: New total colors: 5
09:29:22-DEBUG: Potential energy for color 0: 4914.360440707828
ebond 1 52 11.490689391685203
09:29:22-DEBUG: Potential energy for color 1: 4927.335078184083
xhy 52 13 1 2
xhy 52 13 1 2
xhy 52 13 1 2
xhy 52 13 1 2
xhy 52 13 1 2
h_pos [ 7.20251686 10.14791134 10.24116274] x_pos [ 8.28274056 10.41817394 10.42463004] y_pos [ 6.63478328  8.57091561 10.47313643]
h_pos [ 7.20251686 10.14791134 10.24116274] x_pos [ 8.28274056 10.41817394 10.42463004] y_pos [ 6.63478328  8.57091561 10.47313643]
52 rHY 1.6920545867540562 rHX 1.1285323932307736 0.5635221935232826
h_pos [ 7.20251686 10.14791134 10.24116274] x_pos [ 8.28274056 10.41817394 10.42463004] y_pos [ 6.63478328  8.57091561 10.47313643]
52 rHY 1.6920545867540562 rHX 1.1285323932307736 0.5635221935232826
h_pos [ 7.20251686 10.14791134 10.24116274] x_pos [ 8.28274056 10.41817394 10.42463004] y_pos [ 6.63478328  8.57091561 10.47313643]
52 cpl_forces h [0.55044403 0.49881957 0.01084762]
h_pos [ 7.20251686 10.14791134 10.24116274] x_pos [ 8.28274056 10.41817394 10.42463004] y_pos [ 6.63478328  8.57091561 10.47313643]
52 rHY 1.6920545867540562 rHX 1.1285323932307736 0.5635221935232826
52 rHY 1.6920545867540562 rHX 1.1285323932307736 0.5635221935232826
52 rHY 1.6920545867540562 rHX 1.1285323932307736 0.5635221935232826
52 cpl_forces x [-0.40757501 -0.10197173 -0.06922333]
52 cpl_forces h [0.55044403 0.49881957 0.01084762]
52 cpl_forces y [-0.14286903 -0.39684784  0.05837572]
52 cpl_forces x [-0.40757501 -0.10197173 -0.06922333]
52 cpl_forces h [0.55044403 0.49881957 0.01084762]
52 cpl_forces y [-0.14286903 -0.39684784  0.05837572]
52 cpl_forces h [0.55044403 0.49881957 0.01084762]
52 cpl_forces h [0.55044403 0.49881957 0.01084762]
52 cpl_forces x [-0.40757501 -0.10197173 -0.06922333]
52 cpl_forces x [-0.40757501 -0.10197173 -0.06922333]
52 cpl_forces x [-0.40757501 -0.10197173 -0.06922333]
52 cpl_forces y [-0.14286903 -0.39684784  0.05837572]
52 cpl_forces y [-0.14286903 -0.39684784  0.05837572]
52 cpl_forces y [-0.14286903 -0.39684784  0.05837572]
09:29:22-DEBUG: System matrix: 
09:29:22-DEBUG: [[4.91436044e+03 2.36127663e-02]
 [2.36127663e-02 4.92733508e+03]]
09:29:22-DEBUG: Eigen values: 
09:29:22-DEBUG: [4914.36039773 4927.33512116]
09:29:22-DEBUG: Occupancies: 
09:29:22-DEBUG: [1. 0.]
09:29:22-INFO: coupling 52 0.023612766313433477
09:29:22-DEBUG: Amplitudes: 
09:29:22-DEBUG: [9.99996688e-01 3.31206582e-06]
09:29:22-INFO: forces0 h [6.3362521  1.6538125  1.06279863]
09:29:22-INFO: forces0 x [-4.95564344 -1.76788096 -1.14245186]
09:29:22-INFO: forces0 y [ 0.29176287 -3.02423458  0.09630292]
09:29:22-INFO: forces1 h [-26.1517885  -34.12240733   1.87239312]
09:29:22-INFO: forces1 x [17.25533281  3.48676061  2.45321294]
09:29:22-INFO: forces1 y [11.06596545 28.32447357 -4.40885297]
pos h  [ 7.20251686 10.14791134 10.24116274]
pos x  [ 8.28274056 10.41817394 10.42463004]
pos y  [ 6.63478328  8.57091561 10.47313643]
 mixed_cpl_forces: h [-2.00351189e-03 -1.81560863e-03 -3.94832643e-05]
 mixed_cpl_forces: x [0.0014835  0.00037116 0.00025196]
 mixed_cpl_forces: y [ 0.00052002  0.00144445 -0.00021248]
09:29:22-INFO: mixed forces h [6.33414098 1.6518784  1.06276183]
09:29:22-INFO: mixed forces x [-4.95408638 -1.76749239 -1.14218799]
09:29:22-INFO: mixed forces y [ 0.29231857 -3.0226863   0.09607553]
09:29:22-DEBUG: Minimum eigen value: 
09:29:22-DEBUG: 4914.36039773469
09:29:22-DEBUG: Minimum state: 
09:29:22-DEBUG: 0
        52     4914.3603977347     5059.4123016294     1039.0466328272     4914.3604407078      145.0519038947      0.38472500
09:29:22-INFO: ebond 0 52 0.4716454377619069
ids [ 137  142  143  144  145  146  147  148  149  150  151  152  154  155
  157  158  159  160  161  162  163  164  165  166  167  169  170  679
  172  174  249  176  177  179  180  181  182  184  187  188  189  190
  191  192  193  194  195  196  197  198  199  200  202  203  204  205
  206  207  208  209  210  211  212  214  215  217  218  219  221  222
  224  201  226  227  229  232  233  235  236  237  240  241  242  243
  245 1073  247  250  251  252  253  231  255  256  257  260  276  262
  266  267  269  271  306  348 1078  393  396  410  443  445  448  450
  366  490  493  495  500  535  538  540  799  789  794  798  264  808
  809  918  933  216  321  239  259]
ids [  1   2   3   4   9  10  11  12  13  14  15  16  17  18  19  20  21  23
  24  25  26  27  28  29  30  31  32  33  34  35 945  37  39  41  42  44
  46  47  49 940 900  52  53  54  55  56  57  58  59  60  61  62  63  64
  65  67  68  69  70  71  72  73  74  75  76  78  79  81  83  85  86  88
  40  90  91  93  96  97  98  99 100 101 125 104 105 106 109 111 113 114
 115 116 119 120 121 124 126 993 130 131 132 135 136 895 638 643 644 649
 905 659 664 893 674 898 850 938]
ids [ 122  140  173  178  185  220  223  230  265  268  270  318  407  408
  225  412  413  414  415  416  417  418  419  420  421  422  423  424
  425 1074  427  428  429  430  431  432  433  434  435  436  437  439
  440  441  442  444  446  447  449  451  452  454  456  457  458  459
  460  461  462  463  464  465  466  467  468  469  470  471  472  473
  474  475  476  477  478  479  480  481  482  483  484  485  486  487
  488  489  491  492  494  496  497  499  502  505  506  507  508  509
  510  511  512  513  501  515  516  517  520  521  522  523  524  525
  526  527  528  530  531  532  536  537  539  541  558 1079  588  591
  803  949 1043 1044 1048 1049 1053 1059 1054  651  175  546  455]
ids [   8   22   66   77   80   95  110 1064  138  263  273  503  504  518
  519  529  534  543  663  678  680  715  718  720  723  725  758  760
  765  768 1077  409  903  947  952  953  954  955  956  957  958  959
  960  961  962  963  964  965  967  968  969  970  971  972  973  974
  975  976  977  978  979  980  981  982  984 1076  986  987  989  991
  992  994  995  996  997  998  999 1000 1001 1002 1003 1004 1005 1006
 1007 1008 1009 1010 1011 1012 1013 1014 1015 1016 1017 1018 1019 1020
 1021 1022 1023 1024 1025 1026 1027 1029 1031 1032 1034 1036 1037 1039
 1041 1042 1045 1046 1047 1050 1051 1052 1081 1055 1056 1057 1058 1060
 1061 1062 1063 1065 1066 1067 1068 1069 1070 1071 1072  514  951   36
  966   51]
ids [  6 102 107 108 112 117 118 123 133 183 228 103 310 313 315 320 353 355
 358 360 363 365 400 403 411 438 128 542 654 547 548 549 550 551 552 553
 554 555 556 557 559 560 562 563 564 565 566 567 568 569 570 571 572 573
 574 575 576 577 579 581 582 584 586 587 589 592 593 594 595 596 597 598
 599 600 601 602 603 604 605 606 607 608 609 610 611 612 613 614 615 616
 617 618 619 620 621 622 624 626 627 629 631 632 634 635 636 637 639 640
 641 642 645 646 647 648 650 426 652 653 655 656 657 658 660 661 662 665
 666 667 671 672 676 813 405 561 670 544 669 590]
ids [  7  38 936  43  45  82  84  87  92  94 129 134 274 368  89 384 398 399
 404 668 673 681 693 753 711 783 860 812 816 817 818 819 820 821 822 823
 824 825 826 827 829 830 831 832 833 834 835 836 837 838 839 840 841 842
 843 844 845 847 848 849 851 852 853 854 855 856 857 858 859 861 862 863
 864 865 866 867 868 869 870 871 872 873 874 875 946 877 878 879 880 881
 882 883 884 885 886 887 888 889 890 892 894 896 897 899 901 902 904 906
 907 908 910 911 912 915 916 917 920 924 922 923 925 926 927 948 930 931
 932 846 935 937 939 814 941 942 944 919 369  50 786 891 741 815]
ids [127 141 153 156 168 186 379 213 928 171 272 929 277 278 279 280 281 282
 283 284 285 286 287 288 289 290 291 292 293 294 295 296 297 298 299 300
 301 302 303 304 305 307 308 309 311 312 314 316 317 319 261 322 323 324
 325 326 327 328 329 330 331 332 333 334 335 336 337 338 339 340 341 342
 343 344 345 346 347 349 350 351 352 354 356 357 359 361 362 364 246 367
 934 370 371 372 373 374 375 376 377 380 382 383 385 386 387 388 389 390
 391 392 394 395 397 401 402 381 406 453 498 545 578 580 583 585 914 623
 625 628 630 633 275 675 943 909 913]
ids [   5   48  139  234  238 1075  244  248 1040  258  810  985  378  533
  677 1038  682  683  684  685  686  687  688  689  690  691  692  694
  695  696  697  698  699  700  701  702  703  704  705  706  707  708
  709  710 1080  712  713  714  716  717  719  721  722  724  726  727
  728  729  730  731  732  733  734  735  736  737  738  739  740  784
  742  743  744  745  746  747  748  749  750  751  752  754  755  756
  757  759  761  762  763  764  766  767  769  772  773  774  775  776
  777  778  779  780  781  782  785  254  787  788  790  791  792  793
  795  796  797  921  800  802  805  806  807  811  828  876  801  771
  950  983  988  990 1028 1030 1033 1035  770  804]
09:29:22-INFO: Step 53
09:29:22-DEBUG: Reaction systems: [[None]
 [0]]
09:29:22-DEBUG: rxn_pairs: [array([1, 2])]
09:29:22-DEBUG: Starting total colors: 5
09:29:22-DEBUG: Number of systems: 2
09:29:22-DEBUG: New total colors: 5
09:29:22-DEBUG: Potential energy for color 0: 4915.885353061953
ebond 1 53 12.353163624610964
09:29:22-DEBUG: Potential energy for color 1: 4930.484203424063
xhy 53 13 1 2
xhy 53 13 1 2
xhy 53 13 1 2
xhy 53 13 1 2
xhy 53 13 1 2
h_pos [ 7.22966053 10.16409312 10.24148026] x_pos [ 8.28372098 10.41248062 10.42441319] y_pos [ 6.63987983  8.56711294 10.47314587]
h_pos [ 7.22966053 10.16409312 10.24148026] x_pos [ 8.28372098 10.41248062 10.42441319] y_pos [ 6.63987983  8.56711294 10.47314587]
53 rHY 1.718096599218572 rHX 1.0982733012327532 0.6198232979858187
53 rHY 1.718096599218572 rHX 1.0982733012327532 0.6198232979858187
h_pos [ 7.22966053 10.16409312 10.24148026] x_pos [ 8.28372098 10.41248062 10.42441319] y_pos [ 6.63987983  8.56711294 10.47314587]
53 rHY 1.718096599218572 rHX 1.0982733012327532 0.6198232979858187
h_pos [ 7.22966053 10.16409312 10.24148026] x_pos [ 8.28372098 10.41248062 10.42441319] y_pos [ 6.63987983  8.56711294 10.47314587]
h_pos [ 7.22966053 10.16409312 10.24148026] x_pos [ 8.28372098 10.41248062 10.42441319] y_pos [ 6.63987983  8.56711294 10.47314587]
53 rHY 1.718096599218572 rHX 1.0982733012327532 0.6198232979858187
53 rHY 1.718096599218572 rHX 1.0982733012327532 0.6198232979858187
53 cpl_forces h [0.21016814 0.18640132 0.00511712]
53 cpl_forces h [0.21016814 0.18640132 0.00511712]
53 cpl_forces x [-0.1548001  -0.03647837 -0.02686567]
53 cpl_forces x [-0.1548001  -0.03647837 -0.02686567]
53 cpl_forces h [0.21016814 0.18640132 0.00511712]
53 cpl_forces y [-0.05536804 -0.14992294  0.02174854]
53 cpl_forces y [-0.05536804 -0.14992294  0.02174854]
53 cpl_forces h [0.21016814 0.18640132 0.00511712]
53 cpl_forces h [0.21016814 0.18640132 0.00511712]
53 cpl_forces x [-0.1548001  -0.03647837 -0.02686567]
53 cpl_forces x [-0.1548001  -0.03647837 -0.02686567]
53 cpl_forces x [-0.1548001  -0.03647837 -0.02686567]
53 cpl_forces y [-0.05536804 -0.14992294  0.02174854]
53 cpl_forces y [-0.05536804 -0.14992294  0.02174854]
53 cpl_forces y [-0.05536804 -0.14992294  0.02174854]
09:29:22-DEBUG: System matrix: 
09:29:22-DEBUG: [[4.91588535e+03 8.13201696e-03]
 [8.13201696e-03 4.93048420e+03]]
09:29:22-DEBUG: Eigen values: 
09:29:22-DEBUG: [4915.88534853 4930.48420795]
09:29:22-DEBUG: Occupancies: 
09:29:22-DEBUG: [1. 0.]
09:29:22-INFO: coupling 53 0.008132016958230806
09:29:22-DEBUG: Amplitudes: 
09:29:22-DEBUG: [9.99999690e-01 3.10283608e-07]
09:29:22-INFO: forces0 h [5.01218056 1.23723461 0.85916768]
09:29:22-INFO: forces0 x [-3.71548306 -1.37138143 -0.93294243]
09:29:22-INFO: forces0 y [ 0.27472909 -2.82264586  0.09778846]
09:29:22-INFO: forces1 h [-33.33278377 -36.46927041   0.77270025]
09:29:22-INFO: forces1 x [23.65539319  4.7903493   3.64635821]
09:29:22-INFO: forces1 y [11.71379584 29.48376515 -4.49447916]
pos h  [ 7.22966053 10.16409312 10.24148026]
pos x  [ 8.28372098 10.41248062 10.42441319]
pos y  [ 6.63987983  8.56711294 10.47314587]
 mixed_cpl_forces: h [-2.34140329e-04 -2.07662615e-04 -5.70079372e-06]
 mixed_cpl_forces: x [1.72456905e-04 4.06391682e-05 2.99300166e-05]
 mixed_cpl_forces: y [ 6.16834244e-05  1.67023447e-04 -2.42292228e-05]
09:29:22-INFO: mixed forces h [5.01193452 1.23701525 0.85916195]
09:29:22-INFO: mixed forces x [-3.71530211 -1.37133888 -0.93291108]
09:29:22-INFO: mixed forces y [ 0.27479432 -2.82246881  0.09776281]
09:29:22-DEBUG: Minimum eigen value: 
09:29:22-DEBUG: 4915.885348532166
09:29:22-DEBUG: Minimum state: 
09:29:22-DEBUG: 0
        53     4915.8853485322     5059.4128808913     1028.1271407789     4915.8853530620      143.5275323592      0.40217281
09:29:22-INFO: ebond 0 53 0.29335409566264403
ids [ 137  142  143  144  145  146  147  148  149  150  151  152  154  155
  157  158  159  160  161  162  163  164  165  166  167  169  170  679
  172  174  249  176  177  179  180  181  182  184  187  188  189  190
  191  192  193  194  195  196  197  198  199  200  202  203  204  205
  206  207  208  209  210  211  212  214  215  217  218  219  221  222
  224  201  226  227  229  232  233  235  236  237  240  241  242  243
  245 1073  247  250  251  252  253  231  255  256  257  260  276  262
  266  267  269  271  306  348 1078  393  396  410  443  445  448  450
  366  186  493  495  500  535  538  540  799  789  794  798  264  808
  809  918  933  216  321  239  259]
ids [  1   2   3   4   9  10  11  12  13  14  15  16  17  18  19  20  21  23
  24  25  26  27  28  29  30  31  32  33  34  35 945  37  39  41  42  44
  46  47  49 940 900  52  53  54  55  56  57  58  59  60  61  62  63  64
  65  67  68  69  70  71  72  73  74  75  76  78  79  81  83  85  86  88
  40  90  91  93  96  97  98  99 100 101 125 104 105 106 109 111 113 114
 115 116 119 120 121 124 126 993 130 131 132 135 136 895 638 643 644 649
 905 659 664 893 674 898 850 938]
ids [  7  38 936  43  45  82  84  87  92  94 129 134 274 368  89 384 398 399
 404 668 673 681 693 753 711 783 860 812 816 817 818 819 820 821 822 823
 824 825 826 827 829 830 831 832 833 834 835 836 837 838 839 840 841 842
 843 844 845 847 848 849 851 852 853 854 855 856 857 858 859 861 862 863
 864 865 866 867 868 869 870 871 872 873 874 875 946 877 878 879 880 881
 882 883 884 885 886 887 888 889 890 892 894 896 897 899 901 902 904 906
 907 908 910 911 912 915 916 917 920 924 922 923 925 926 927 948 930 931
 932 846 935 937 939 814 941 942 944 919 369  50 786 891 741 815]
ids [ 122  140  173  178  185  220  223  230  265  268  270  318  407  408
  225  412  413  414  415  416  417  418  419  420  421  422  423  424
  425 1074  427  428  429  430  431  432  433  434  435  436  437  439
  440  441  442  444  446  447  449  451  452  454  456  457  458  459
  460  461  462  463  464  465  466  467  468  469  470  471  472  473
  474  475  476  477  478  479  480  481  482  483  484  485  486  487
  488  489  491  492  494  496  497  499  502  505  506  507  508  509
  510  511  512  513  501  515  516  517  520  521  522  523  524  525
  526  527  528  530  531  532  536  537  539  541  558 1079  588  591
  803  949 1043 1044 1048 1049 1053 1059 1054  651  175  546  455  490]
ids [   8   22   66   77   80   95  110 1064  138  263  273  503  504  518
  519  529  534  543  663  678  680  715  718  720  723  725  758  760
  765  768 1077  409  903  947  952  953  954  955  956  957  958  959
  960  961  962  963  964  965  967  968  969  970  971  972  973  974
  975  976  977  978  979  980  981  982  984 1076  986  987  989  991
  992  994  995  996  997  998  999 1000 1001 1002 1003 1004 1005 1006
 1007 1008 1009 1010 1011 1012 1013 1014 1015 1016 1017 1018 1019 1020
 1021 1022 1023 1024 1025 1026 1027 1029 1031 1032 1034 1036 1037 1039
 1041 1042 1045 1046 1047 1050 1051 1052 1081 1055 1056 1057 1058 1060
 1061 1062 1063 1065 1066 1067 1068 1069 1070 1071 1072  514  951   36
  966   51]
ids [  6 102 107 108 112 117 118 123 133 183 228 103 310 313 315 320 353 355
 358 360 363 365 400 403 411 438 128 542 654 547 548 549 550 551 552 553
 554 555 556 557 559 560 562 563 564 565 566 567 568 569 570 571 572 573
 574 575 576 577 579 581 582 584 586 587 589 592 593 594 595 596 597 598
 599 600 601 602 603 604 605 606 607 608 609 610 611 612 613 614 615 616
 617 618 619 620 621 622 624 626 627 629 631 632 634 635 636 637 639 640
 641 642 645 646 647 648 650 426 652 653 655 656 657 658 660 661 662 665
 666 667 671 672 676 813 405 561 670 544 669 590]
ids [127 141 153 156 168 913 379 213 928 171 272 929 277 278 279 280 281 282
 283 284 285 286 287 288 289 290 291 292 293 294 295 296 297 298 299 300
 301 302 303 304 305 307 308 309 311 312 314 316 317 319 261 322 323 324
 325 326 327 328 329 330 331 332 333 334 335 336 337 338 339 340 341 342
 343 344 345 346 347 349 350 351 352 354 356 357 359 361 362 364 246 367
 934 370 371 372 373 374 375 376 377 380 382 383 385 386 387 388 389 390
 391 392 394 395 397 401 402 381 406 453 498 545 578 580 583 585 914 623
 625 628 630 633 275 675 943 909]
ids [   5   48  139  234  238 1075  244  248 1040  258  810  985  378  533
  677 1038  682  683  684  685  686  687  688  689  690  691  692  694
  695  696  697  698  699  700  701  702  703  704  705  706  707  708
  709  710 1080  712  713  714  716  717  719  721  722  724  726  727
  728  729  730  731  732  733  734  735  736  737  738  739  740  784
  742  743  744  745  746  747  748  749  750  751  752  754  755  756
  757  759  761  762  763  764  766  767  769  772  773  774  775  776
  777  778  779  780  781  782  785  254  787  788  790  791  792  793
  795  796  797  921  800  802  805  806  807  811  828  876  801  771
  950  983  988  990 1028 1030 1033 1035  770  804]
09:29:22-INFO: Step 54
09:29:22-DEBUG: Reaction systems: [[None]
 [0]]
09:29:22-DEBUG: rxn_pairs: [array([1, 2])]
09:29:22-DEBUG: Starting total colors: 5
09:29:22-DEBUG: Number of systems: 2
09:29:22-DEBUG: New total colors: 5
09:29:22-DEBUG: Potential energy for color 0: 4917.573305301429
ebond 1 54 13.290413475923765
09:29:22-DEBUG: Potential energy for color 1: 4934.146074640292
xhy 54 13 1 2
xhy 54 13 1 2
xhy 54 13 1 2
xhy 54 13 1 2
xhy 54 13 1 2
h_pos [ 7.258719   10.18074726 10.24212608] x_pos [ 8.28461177 10.40675422 10.42417384] y_pos [ 6.64498301  8.56324218 10.47315768]
h_pos [ 7.258719   10.18074726 10.24212608] x_pos [ 8.28461177 10.40675422 10.42417384] y_pos [ 6.64498301  8.56324218 10.47315768]
54 rHY 1.7453853842172475 rHX 1.0661503273473663 0.6792350568698813
h_pos [ 7.258719   10.18074726 10.24212608] x_pos [ 8.28461177 10.40675422 10.42417384] y_pos [ 6.64498301  8.56324218 10.47315768]
h_pos [ 7.258719   10.18074726 10.24212608] x_pos [ 8.28461177 10.40675422 10.42417384] y_pos [ 6.64498301  8.56324218 10.47315768]
h_pos [ 7.258719   10.18074726 10.24212608] x_pos [ 8.28461177 10.40675422 10.42417384] y_pos [ 6.64498301  8.56324218 10.47315768]
54 rHY 1.7453853842172475 rHX 1.0661503273473663 0.6792350568698813
54 rHY 1.7453853842172475 rHX 1.0661503273473663 0.6792350568698813
54 rHY 1.7453853842172475 rHX 1.0661503273473663 0.6792350568698813
54 rHY 1.7453853842172475 rHX 1.0661503273473663 0.6792350568698813
54 cpl_forces h [0.06754994 0.05854462 0.0019735 ]
54 cpl_forces x [-0.04947148 -0.0108987  -0.00877886]
54 cpl_forces h [0.06754994 0.05854462 0.0019735 ]
54 cpl_forces h [0.06754994 0.05854462 0.0019735 ]
54 cpl_forces h [0.06754994 0.05854462 0.0019735 ]
54 cpl_forces h [0.06754994 0.05854462 0.0019735 ]
54 cpl_forces y [-0.01807847 -0.04764591  0.00680536]
54 cpl_forces x [-0.04947148 -0.0108987  -0.00877886]
54 cpl_forces x [-0.04947148 -0.0108987  -0.00877886]
54 cpl_forces x [-0.04947148 -0.0108987  -0.00877886]
54 cpl_forces y [-0.01807847 -0.04764591  0.00680536]
54 cpl_forces x [-0.04947148 -0.0108987  -0.00877886]
54 cpl_forces y [-0.01807847 -0.04764591  0.00680536]
54 cpl_forces y [-0.01807847 -0.04764591  0.00680536]
54 cpl_forces y [-0.01807847 -0.04764591  0.00680536]
09:29:22-DEBUG: System matrix: 
09:29:22-DEBUG: [[4.91757331e+03 2.36538196e-03]
 [2.36538196e-03 4.93414607e+03]]
09:29:22-DEBUG: Eigen values: 
09:29:22-DEBUG: [4917.57330496 4934.14607498]
09:29:22-DEBUG: Occupancies: 
09:29:22-DEBUG: [1. 0.]
09:29:22-INFO: coupling 54 0.002365381957315793
09:29:22-DEBUG: Amplitudes: 
09:29:22-DEBUG: [9.99999980e-01 2.03710006e-08]
09:29:22-INFO: forces0 h [3.59887865 0.83851399 0.63013537]
09:29:22-INFO: forces0 x [-2.38198132 -0.99080417 -0.69820466]
09:29:22-INFO: forces0 y [ 0.25693434 -2.62278701  0.0996372 ]
09:29:22-INFO: forces1 h [-44.38747848 -39.48149268  -1.06285562]
09:29:22-INFO: forces1 x [33.87425001  6.72139786  5.57035441]
09:29:22-INFO: forces1 y [12.42161128 30.68085188 -4.57481439]
pos h  [ 7.258719   10.18074726 10.24212608]
pos x  [ 8.28461177 10.40675422 10.42417384]
pos y  [ 6.64498301  8.56324218 10.47315768]
 mixed_cpl_forces: h [-1.92824036e-05 -1.67117961e-05 -5.63342954e-07]
 mixed_cpl_forces: x [1.41218323e-05 3.11107794e-06 2.50596165e-06]
 mixed_cpl_forces: y [ 5.16057127e-06  1.36007181e-05 -1.94261869e-06]
09:29:22-INFO: mixed forces h [3.59885839 0.83849645 0.63013477]
09:29:22-INFO: mixed forces x [-2.38196646 -0.99080091 -0.69820203]
09:29:22-INFO: mixed forces y [ 0.25693975 -2.62277274  0.09963517]
09:29:22-DEBUG: Minimum eigen value: 
09:29:22-DEBUG: 4917.573304963826
09:29:22-DEBUG: Minimum state: 
09:29:22-DEBUG: 0
        54     4917.5733049638     5059.4137412987     1016.0420085178     4917.5733053014      141.8404363349      0.39208009
09:29:22-INFO: ebond 0 54 0.15018614060270202
ids [ 122  140  173  178  185  220  223  230  265  268  270  318  407  408
  225  412  413  414  415  416  417  418  419  420  421  422  423  424
  425 1074  427  428  429  430  431  432  433  434  435  436  437  439
  440  441  442  444  446  447  449  451  452  454  456  457  458  459
  460  461  462  463  464  465  466  467  468  469  470  471  472  473
  474  475  476  477  478  479  480  481  482  483  484  485  486  487
  488  489  491  492  494  496  497  499  502  505  506  507  508  509
  510  511  512  513  501  515  516  517  520  521  522  523  524  525
  526  527  528  530  531  532  536  537  539  541  558 1079  588  591
  803  949 1043 1044 1048 1049 1053 1059 1054  651  175  546  455  490]
ids [   8   22   66   77   80   95  110 1064  138  263  273  503  504  518
  519  529  534  543  663  678  680  715  718  720  723  725  758  760
  765  768 1077  409  903  947  952  953  954  955  956  957  958  959
  960  961  962  963  964  965  967  968  969  970  971  972  973  974
  975  976  977  978  979  980  981  982  984 1076  986  987  989  991
  992  994  995  996  997  998  999 1000 1001 1002 1003 1004 1005 1006
 1007 1008 1009 1010 1011 1012 1013 1014 1015 1016 1017 1018 1019 1020
 1021 1022 1023 1024 1025 1026 1027 1029 1031 1032 1034 1036 1037 1039
 1041 1042 1045 1046 1047 1050 1051 1052 1081 1055 1056 1057 1058 1060
 1061 1062 1063 1065 1066 1067 1068 1069 1070 1071 1072  514  951   36
  966   51]
ids [  6 102 107 108 112 117 118 123 133 183 228 103 310 313 315 320 353 355
 358 360 363 365 400 403 411 438 128 542 654 547 548 549 550 551 552 553
 554 555 556 557 559 560 562 563 564 565 566 567 568 569 570 571 572 573
 574 575 576 577 579 581 582 584 586 587 589 592 593 594 595 596 597 598
 599 600 601 602 603 604 605 606 607 608 609 610 611 612 613 614 615 616
 617 618 619 620 621 622 624 626 627 629 631 632 634 635 636 637 639 640
 641 642 645 646 647 648 650 426 652 653 655 656 657 658 660 661 662 665
 666 667 671 672 676 813 405 561 670 544 669 590]
ids [ 137  142  143  144  145  146  147  148  149  150  151  152  154  155
  157  158  159  160  161  162  163  164  165  166  167  169  170  679
  172  174  249  176  177  179  180  181  182  184  187  188  189  190
  191  192  193  194  195  196  197  198  199  200  202  203  204  205
  206  207  208  209  210  211  212  214  215  217  218  219  221  222
  224  201  226  227  229  232  233  235  236  237  240  241  242  243
  245 1073  247  250  251  252  253  231  255  256  257  260  276  262
  266  267  269  271  306  348 1078  393  396  410  443  445  448  450
  366  186  493  495  500  535  538  540  799  789  794  798  264  808
  809  918  933  216  321  239  259]
ids [  1   2   3   4   9  10  11  12  13  14  15  16  17  18  19  20  21  23
  24  25  26  27  28  29  30  31  32  33  34  35 945  37  39  41  42  44
  46  47  49 940 900  52  53  54  55  56  57  58  59  60  61  62  63  64
  65  67  68  69  70  71  72  73  74  75  76  78  79  81  83  85  86  88
  40  90  91  93  96  97  98  99 100 101 125 104 105 106 109 111 113 114
 115 116 119 120 121 124 126 993 130 131 132 135 136 895 638 643 644 649
 905 659 664 893 674 898 850 938]
ids [127 141 153 156 168 913 379 213 928 171 272 929 277 278 279 280 281 282
 283 284 285 286 287 288 289 290 291 292 293 294 295 296 297 298 299 300
 301 302 303 304 305 307 308 309 311 312 314 316 317 319 261 322 323 324
 325 326 327 328 329 330 331 332 333 334 335 336 337 338 339 340 341 342
 343 344 345 346 347 349 350 351 352 354 356 357 359 361 362 364 246 367
 934 370 371 372 373 374 375 376 377 380 382 383 385 386 387 388 389 390
 391 392 394 395 397 401 402 381 406 453 498 545 578 580 583 585 914 623
 625 628 630 633 275 675 943 909]
ids [   5   48  139  234  238 1075  244  248 1040  258  810  985  378  533
  677 1038  682  683  684  685  686  687  688  689  690  691  692  694
  695  696  697  698  699  700  701  702  703  704  705  706  707  708
  709  710 1080  712  713  714  716  717  719  721  722  724  726  727
  728  729  730  731  732  733  734  735  736  737  738  739  740  784
  742  743  744  745  746  747  748  749  750  751  752  754  755  756
  757  759  761  762  763  764  766  767  769  772  773  774  775  776
  777  778  779  780  781  782  785  254  787  788  790  791  792  793
  795  796  797  921  800  802  805  806  807  811  828  876  801  771
  950  983  988  990 1028 1030 1033 1035  770  804]
ids [  7  38 936  43  45  82  84  87  92  94 129 134 274 368  89 384 398 399
 404 668 673 681 693 753 711 783 860 812 816 817 818 819 820 821 822 823
 824 825 826 827 829 830 831 832 833 834 835 836 837 838 839 840 841 842
 843 844 845 847 848 849 851 852 853 854 855 856 857 858 859 861 862 863
 864 865 866 867 868 869 870 871 872 873 874 875 946 877 878 879 880 881
 882 883 884 885 886 887 888 889 890 892 894 896 897 899 901 902 904 906
 907 908 910 911 912 915 916 917 920 924 922 923 925 926 927 948 930 931
 932 846 935 937 939 814 941 942 944 919 369  50 786 891 741 815]
09:29:22-INFO: Step 55
09:29:22-DEBUG: Reaction systems: [[None]
 [0]]
09:29:22-DEBUG: rxn_pairs: [array([1, 2])]
09:29:22-DEBUG: Starting total colors: 5
09:29:22-DEBUG: Number of systems: 2
09:29:22-DEBUG: New total colors: 5
09:29:22-DEBUG: Potential energy for color 0: 4919.410525167047
ebond 1 55 14.296652571390712
09:29:22-DEBUG: Potential energy for color 1: 4938.469418408729
xhy 55 13 1 2
xhy 55 13 1 2
xhy 55 13 1 2
xhy 55 13 1 2
xhy 55 13 1 2
h_pos [ 7.28915262 10.19772177 10.24301268] x_pos [ 8.2854451  10.40100392 10.42391765] y_pos [ 6.65009239  8.55930815 10.47317188]
55 rHY 1.7736319893092243 rHX 1.0327869754429324 0.7408450138662919
h_pos [ 7.28915262 10.19772177 10.24301268] x_pos [ 8.2854451  10.40100392 10.42391765] y_pos [ 6.65009239  8.55930815 10.47317188]
55 rHY 1.7736319893092243 rHX 1.0327869754429324 0.7408450138662919
h_pos [ 7.28915262 10.19772177 10.24301268] x_pos [ 8.2854451  10.40100392 10.42391765] y_pos [ 6.65009239  8.55930815 10.47317188]
h_pos [ 7.28915262 10.19772177 10.24301268] x_pos [ 8.2854451  10.40100392 10.42391765] y_pos [ 6.65009239  8.55930815 10.47317188]
55 rHY 1.7736319893092243 rHX 1.0327869754429324 0.7408450138662919
55 cpl_forces h [0.01832468 0.01549799 0.00062782]
h_pos [ 7.28915262 10.19772177 10.24301268] x_pos [ 8.2854451  10.40100392 10.42391765] y_pos [ 6.65009239  8.55930815 10.47317188]
55 rHY 1.7736319893092243 rHX 1.0327869754429324 0.7408450138662919
55 rHY 1.7736319893092243 rHX 1.0327869754429324 0.7408450138662919
55 cpl_forces h [0.01832468 0.01549799 0.00062782]
55 cpl_forces h [0.01832468 0.01549799 0.00062782]
55 cpl_forces x [-0.01334149 -0.00272218 -0.00242252]
55 cpl_forces y [-0.00498318 -0.01277581  0.00179471]
55 cpl_forces x [-0.01334149 -0.00272218 -0.00242252]
55 cpl_forces x [-0.01334149 -0.00272218 -0.00242252]
55 cpl_forces h [0.01832468 0.01549799 0.00062782]
55 cpl_forces h [0.01832468 0.01549799 0.00062782]
55 cpl_forces y [-0.00498318 -0.01277581  0.00179471]
55 cpl_forces y [-0.00498318 -0.01277581  0.00179471]
55 cpl_forces x [-0.01334149 -0.00272218 -0.00242252]
55 cpl_forces x [-0.01334149 -0.00272218 -0.00242252]
55 cpl_forces y [-0.00498318 -0.01277581  0.00179471]
55 cpl_forces y [-0.00498318 -0.01277581  0.00179471]
09:29:22-DEBUG: System matrix: 
09:29:22-DEBUG: [[4.91941053e+03 5.83379337e-04]
 [5.83379337e-04 4.93846942e+03]]
09:29:22-DEBUG: Eigen values: 
09:29:22-DEBUG: [4919.41052515 4938.46941843]
09:29:22-DEBUG: Occupancies: 
09:29:22-DEBUG: [1. 0.]
09:29:22-INFO: coupling 55 0.0005833793370206352
09:29:22-DEBUG: Amplitudes: 
09:29:22-DEBUG: [9.99999999e-01 9.36929103e-10]
09:29:22-INFO: forces0 h [2.12353559 0.47032107 0.37887604]
09:29:22-INFO: forces0 x [-0.98352536 -0.63885909 -0.44141965]
09:29:22-INFO: forces0 y [ 0.23848434 -2.42471315  0.10182282]
09:29:22-INFO: forces1 h [-61.70683054 -43.43261386  -4.12236884]
09:29:22-INFO: forces1 x [50.31275863  9.56451938  8.71338801]
09:29:22-INFO: forces1 y [13.17784258 31.90470528 -4.6500056 ]
pos h  [ 7.28915262 10.19772177 10.24301268]
pos x  [ 8.2854451  10.40100392 10.42391765]
pos y  [ 6.65009239  8.55930815 10.47317188]
 mixed_cpl_forces: h [-1.12181090e-06 -9.48765143e-07 -3.84341707e-08]
 mixed_cpl_forces: x [8.16747553e-07 1.66648046e-07 1.48303523e-07]
 mixed_cpl_forces: y [ 3.05063342e-07  7.82117098e-07 -1.09869353e-07]
09:29:22-INFO: mixed forces h [2.1235344  0.47032008 0.378876  ]
09:29:22-INFO: mixed forces x [-0.98352449 -0.63885892 -0.44141949]
09:29:22-INFO: mixed forces y [ 0.23848466 -2.42471234  0.1018227 ]
09:29:22-DEBUG: Minimum eigen value: 
09:29:22-DEBUG: 4919.41052514919
09:29:22-DEBUG: Minimum state: 
09:29:22-DEBUG: 0
        55     4919.4105251492     5059.4148794692     1002.8896486800     4919.4105251670      140.0043543200      0.39953459
09:29:22-INFO: ebond 0 55 0.05175885594245803
ids [  1   2   3   4   9  10  11  12  13  14  15  16  17  18  19  20  21  23
  24  25  26  27  28  29  30  31  32  33  34  35 945  37  39  41  42  44
  46  47  49 940 900  52  53  54  55  56  57  58  59  60  61  62  63  64
  65  67  68  69  70  71  72  73  74  75  76  78  79  81  83  85  86  88
  40  90  91  93  96  97  98  99 100 101 125 104 105 106 109 111 113 114
 115 116 119 120 121 124 126 993 130 131 132 135 136 895 638 643 644 649
 905 659 664 893 674 898 850 938   7]
ids [815  38 936  43  45  82  84  87  92  94 129 134 274 368  89 384 398 399
 404 668 673 681 693 753 711 783 860 812 816 817 818 819 820 821 822 823
 824 825 826 827 829 830 831 832 833 834 835 836 837 838 839 840 841 842
 843 844 845 847 848 849 851 852 853 854 855 856 857 858 859 861 862 863
 864 865 866 867 868 869 870 871 872 873 874 875 946 877 878 879 880 881
 882 883 884 885 886 887 888 889 890 892 894 896 897 899 901 902 904 906
 907 908 910 911 912 915 916 917 920 924 922 923 925 926 927 948 930 931
 932 846 935 937 939 814 941 942 944 919 369  50 786 891 741]
ids [127 141 153 156 168 913 379 213 928 171 272 929 277 278 279 280 281 282
 283 284 285 286 287 288 289 290 291 292 293 294 295 296 297 298 299 300
 301 302 303 304 305 307 308 309 311 312 314 316 317 319 261 322 323 324
 325 326 327 328 329 330 331 332 333 334 335 336 337 338 339 340 341 342
 343 344 345 346 347 349 350 351 352 354 356 357 359 361 362 364 246 367
 934 370 371 372 373 374 375 376 377 380 382 383 385 386 387 388 389 390
 391 392 394 395 397 401 402 381 406 453 498 545 578 580 583 585 914 623
 625 628 630 633 275 675 943 909]
ids [   5   48  139  234  238 1075  244  248 1040  258  810  985  378  533
  677 1038  682  683  684  685  686  687  688  689  690  691  692  694
  695  696  697  698  699  700  701  702  703  704  705  706  707  708
  709  710 1080  712  713  714  716  717  719  721  722  724  726  727
  728  729  730  731  732  733  734  735  736  737  738  739  740  784
  742  743  744  745  746  747  748  749  750  751  752  754  755  756
  757  759  761  762  763  764  766  767  769  772  773  774  775  776
  777  778  779  780  781  782  785  254  787  788  790  791  792  793
  795  796  797  921  800  802  805  806  807  811  828  876  801  771
  950  983  988  990 1028 1030 1033 1035  770  804]
ids [ 137  142  143  144  145  146  147  148  149  150  151  152  154  155
  157  158  159  160  161  162  163  164  165  166  167  169  170  679
  172  174  249  176  177  179  180  181  182  184  187  188  189  190
  191  192  193  194  195  196  197  198  199  200  202  203  204  205
  206  207  208  209  210  211  212  214  215  217  218  219  221  222
  224  201  226  227  229  232  233  235  236  237  240  241  242  243
  245 1073  247  250  251  252  253  231  255  256  257  260  276  262
  266  267  269  271  306  348 1078  393  396  410  443  445  448  450
  366  186  493  495  500  535  538  540  799  789  794  798  264  808
  809  918  933  216  321  239  259]
ids [  6 102 107 108 112 117 118 123 133 183 228 103 310 313 315 320 353 355
 358 360 363 365 400 403 411 438 128 542 654 547 548 549 550 551 552 553
 554 555 556 557 559 560 562 563 564 565 566 567 568 569 570 571 572 573
 574 575 576 577 579 581 582 584 586 587 589 592 593 594 595 596 597 598
 599 600 601 602 603 604 605 606 607 608 609 610 611 612 613 614 615 616
 617 618 619 620 621 622 624 626 627 629 631 632 634 635 636 637 639 640
 641 642 645 646 647 648 650 426 652 653 655 656 657 658 660 661 662 665
 590 667 671 672 676 813 405 561 670 544 669]
ids [ 122  140  173  178  185  220  223  230  265  268  270  318  407  408
  225  412  413  414  415  416  417  418  419  420  421  422  423  424
  425 1074  427  428  429  430  431  432  433  434  435  436  437  439
  440  441  442  444  446  447  449  451  452  454  456  457  458  459
  460  461  462  463  464  465  466  467  468  469  470  471  472  473
  474  475  476  477  478  479  480  481  482  483  484  485  486  487
  488  489  491  492  494  496  497  499  502  505  506  507  508  509
  510  511  512  513  501  515  516  517  520  521  522  523  524  525
  526  527  528  530  531  532  536  537  539  541  558 1079  588  591
  803  949 1043 1044 1048 1049 1053 1059 1054  651  175  546  455  490
  666]
ids [   8   22   66   77   80   95  110 1064  138  263  273  503  504  518
  519  529  534  543  663  678  680  715  718  720  723  725  758  760
  765  768 1077  409  903  947  952  953  954  955  956  957  958  959
  960  961  962  963  964  965  967  968  969  970  971  972  973  974
  975  976  977  978  979  980  981  982  984 1076  986  987  989  991
  992  994  995  996  997  998  999 1000 1001 1002 1003 1004 1005 1006
 1007 1008 1009 1010 1011 1012 1013 1014 1015 1016 1017 1018 1019 1020
 1021 1022 1023 1024 1025 1026 1027 1029 1031 1032 1034 1036 1037 1039
 1041 1042 1045 1046 1047 1050 1051 1052 1081 1055 1056 1057 1058 1060
 1061 1062 1063 1065 1066 1067 1068 1069 1070 1071 1072  514  951   36
  966   51]
09:29:22-INFO: Step 56
ids [  6 102 107 108 112 117 118 123 133 183 228 103 310 313 315 320 353 355
 358 360 363 365 400 403 411 438 128 542 654 547 548 549 550 551 552 553
 554 555 556 557 559 560 562 563 564 565 566 567 568 569 570 571 572 573
 574 575 576 577 579 581 582 584 586 587 589 592 593 594 595 596 597 598
 599 600 601 602 603 604 605 606 607 608 609 610 611 612 613 614 615 616
 617 618 619 620 621 622 624 626 627 629 631 632 634 635 636 637 639 640
 641 642 645 646 647 648 650 426 652 653 655 656 657 658 660 661 662 665
 590 667 671 672 676 813 405 561 670 544 669]
ids [815  38 936  43  45  82  84  87  92  94 129 134 274 368  89 384 398 399
 404 668 673 681 693 753 711 783 860 812 816 817 818 819 820 821 822 823
 824 825 826 827 829 830 831 832 833 834 835 836 837 838 839 840 841 842
 843 844 845 847 848 849 851 852 853 854 855 856 857 858 859 861 862 863
 864 865 866 867 868 869 870 871 872 873 874 875 946 877 878 879 880 881
 882 883 884 885 886 887 888 889 890 892 894 896 897 899 901 902 904 906
 907 908 910 911 912 915 916 917 920 924 922 923 925 926 927 948 930 931
 932 846 935 937 939 814 941 942 944 919 369  50 786 891 741]
ids [127 141 153 156 168 913 379 213 928 171 272 929 277 278 279 280 281 282
 283 284 285 286 287 288 289 290 291 292 293 294 295 296 297 298 299 300
 301 302 303 304 305 307 308 309 311 312 314 316 317 319 261 322 323 324
 325 326 327 328 329 330 331 332 333 334 335 336 337 338 339 340 341 342
 343 344 345 346 347 349 350 351 352 354 356 357 359 361 362 364 246 367
 934 370 371 372 373 374 375 376 377 380 382 383 385 386 387 388 389 390
 391 392 394 395 397 401 402 381 406 453 498 545 578 580 583 585 914 623
 625 628 630 633 275 675 943 909]
        56     4921.3789698054     5059.4163095093      988.7993826534     4921.3789698054      138.0373397039      1.84529300
ids [   5   48  139  234  238 1075  244  248 1040  258  810  985  378  533
  677 1038  682  683  684  685  686  687  688  689  690  691  692  694
  695  696  697  698  699  700  701  702  703  704  705  706  707  708
  709  710 1080  712  713  714  716  717  719  721  722  724  726  727
  728  729  730  731  732  733  734  735  736  737  738  739  740  784
  742  743  744  745  746  747  748  749  750  751  752  754  755  756
  757  759  761  762  763  764  766  767  769  772  773  774  775  776
  777  778  779  780  781  782  785  254  787  788  790  791  792  793
  795  796  797  921  800  802  805  806  807  811  828  876  801  771
  950  983  988  990 1028 1030 1033 1035  770  804]
ids [ 122  140  173  178  185  220  223  230  265  268  270  318  407  408
  225  412  413  414  415  416  417  418  419  420  421  422  423  424
  425 1074  427  428  429  430  431  432  433  434  435  436  437  439
  440  441  442  444  446  447  449  451  452  454  456  457  458  459
  460  461  462  463  464  465  466  467  468  469  470  471  472  473
  474  475  476  477  478  479  480  481  482  483  484  485  486  487
  488  489  491  492  494  496  497  499  502  505  506  507  508  509
  510  511  512  513  501  515  516  517  520  521  522  523  524  525
  526  527  528  530  531  532  536  537  539  541  558 1079  588  591
  803  949 1043 1044 1048 1049 1053 1059 1054  651  175  546  455  490
  666]
ids [ 137  142  143  144  145  146  147  148  149  150  151  152  154  155
  157  158  159  160  161  162  163  164  165  166  167  169  170  679
  172  174  249  176  177  179  180  181  182  184  187  188  189  190
  191  192  193  194  195  196  197  198  199  200  202  203  204  205
  206  207  208  209  210  211  212  214  215  217  218  219  221  222
  224  201  226  227  229  232  233  235  236  237  240  241  242  243
  245 1073  247  250  251  252  253  231  255  256  257  260  276  262
  266  267  269  271  306  348 1078  393  396  410  443  445  448  450
  366  186  493  495  500  535  538  540  799  789  794  798  264  808
  809  918  933  216  321  239  259]
ids [   8   22   66   77   80   95  110 1064  138  263  273  503  504  518
  519  529  534  543  663  678  680  715  718  720  723  725  758  760
  765  768 1077  409  903  947  952  953  954  955  956  957  958  959
  960  961  962  963  964  965  967  968  969  970  971  972  973  974
  975  976  977  978  979  980  981  982  984 1076  986  987  989  991
  992  994  995  996  997  998  999 1000 1001 1002 1003 1004 1005 1006
 1007 1008 1009 1010 1011 1012 1013 1014 1015 1016 1017 1018 1019 1020
 1021 1022 1023 1024 1025 1026 1027 1029 1031 1032 1034 1036 1037 1039
 1041 1042 1045 1046 1047 1050 1051 1052 1081 1055 1056 1057 1058 1060
 1061 1062 1063 1065 1066 1067 1068 1069 1070 1071 1072  514  951   36
  966   51]
ids [  1   2   3   4   9  10  11  12  13  14  15  16  17  18  19  20  21  23
  24  25  26  27  28  29  30  31  32  33  34  35 945  37  39  41  42  44
  46  47  49 940 900  52  53  54  55  56  57  58  59  60  61  62  63  64
  65  67  68  69  70  71  72  73  74  75  76  78  79  81  83  85  86  88
  40  90  91  93  96  97  98  99 100 101 125 104 105 106 109 111 113 114
 115 116 119 120 121 124 126 993 130 131 132 135 136 895 638 643 644 649
 905 659 664 893 674 898 850 938   7]
09:29:22-INFO: Step 57
ids [127 141 153 156 168 913 379 213 928 171 272 929 277 278 279 280 281 282
 283 284 285 286 287 288 289 290 291 292 293 294 295 296 297 298 299 300
 301 302 303 304 305 307 308 309 311 312 314 316 317 319 261 322 323 324
 325 326 327 328 329 330 331 332 333 334 335 336 337 338 339 340 341 342
 343 344 345 346 347 349 350 351 352 354 356 357 359 361 362 364 246 367
 934 370 371 372 373 374 375 376 377 380 382 383 385 386 387 388 389 390
 391 392 394 395 397 401 402 381 406 453 498 545 578 580 583 585 914 623
 625 628 630 633 275 675 943 909]
ids [  6 102 107 108 112 117 118 123 133 183 228 103 310 313 315 320 353 355
 358 360 363 365 400 403 411 438 128 542 654 547 548 549 550 551 552 553
 554 555 556 557 559 560 562 563 564 565 566 567 568 569 570 571 572 573
 574 575 576 577 579 581 582 584 586 587 589 592 593 594 595 596 597 598
 599 600 601 602 603 604 605 606 607 608 609 610 611 612 613 614 615 616
 617 618 619 620 621 622 624 626 627 629 631 632 634 635 636 637 639 640
 641 642 645 646 647 648 650 426 652 653 655 656 657 658 660 661 662 665
 590 667 671 672 676 813 405 561 670 544 669]
ids [815  38 936  43  45  82  84  87  92  94 129 134 274 368  89 384 398 399
 404 668 673 681 693 753 711 783 860 812 816 817 818 819 820 821 822 823
 824 825 826 827 829 830 831 832 833 834 835 836 837 838 839 840 841 842
 843 844 845 847 848 849 851 852 853 854 855 856 857 858 859 861 862 863
 864 865 866 867 868 869 870 871 872 873 874 875 946 877 878 879 880 881
 882 883 884 885 886 887 888 889 890 892 894 896 897 899 901 902 904 906
 907 908 910 911 912 915 916 917 920 924 922 923 925 926 927 948 930 931
 932 846 935 937 939 814 941 942 944 919 369  50 786 891 741]
        57     4923.4560134221     5059.4180314892      973.9332836860     4923.4560134221      135.9620180671      1.85954365
ids [   5   48  139  234  238 1075  244  248 1040  258  810  985  378  533
  677 1038  682  683  684  685  686  687  688  689  690  691  692  694
  695  696  697  698  699  700  701  702  703  704  705  706  707  708
  709  710 1080  712  713  714  716  717  719  721  722  724  726  727
  728  729  730  731  732  733  734  735  736  737  738  739  740  784
  742  743  744  745  746  747  748  749  750  751  752  754  755  756
  757  759  761  762  763  764  766  767  769  772  773  774  775  776
  777  778  779  780  781  782  785  254  787  788  790  791  792  793
  795  796  797  921  800  802  805  806  807  811  828  876  801  771
  950  983  988  990 1028 1030 1033 1035  770  804]
ids [ 122  140  173  178  185  220  223  230  265  268  270  318  407  408
  225  412  413  414  415  416  417  418  419  420  421  422  423  424
  425 1074  427  428  429  430  431  432  433  434  435  436  437  439
  440  441  442  444  446  447  449  451  452  454  456  457  458  459
  460  461  462  463  464  465  466  467  468  469  470  471  472  473
  474  475  476  477  478  479  480  481  482  483  484  485  486  487
  488  489  491  492  494  496  497  499  502  505  506  507  508  509
  510  511  512  513  501  515  516  517  520  521  522  523  524  525
  526  527  528  530  531  532  536  537  539  541  558 1079  588  591
  803  949 1043 1044 1048 1049 1053 1059 1054  651  175  546  455  490
  666]
ids [ 137  142  143  144  145  146  147  148  149  150  151  152  154  155
  157  158  159  160  161  162  163  164  165  166  167  169  170  679
  172  174  249  176  177  179  180  181  182  184  187  188  189  190
  191  192  193  194  195  196  197  198  199  200  202  203  204  205
  206  207  208  209  210  211  212  214  215  217  218  219  221  222
  224  201  226  227  229  232  233  235  236  237  240  241  242  243
  245 1073  247  250  251  252  253  231  255  256  257  260  276  262
  266  267  269  271  306  348 1078  393  396  410  443  445  448  450
  366  186  493  495  500  535  538  540  799  789  794  798  264  808
  809  918  933  216  321  239  259]
ids [   8   22   66   77   80   95  110 1064  138  263  273  503  504  518
  519  529  534  543  663  678  680  715  718  720  723  725  758  760
  765  768 1077  409  903  947  952  953  954  955  956  957  958  959
  960  961  962  963  964  965  967  968  969  970  971  972  973  974
  975  976  977  978  979  980  981  982  984 1076  986  987  989  991
  992  994  995  996  997  998  999 1000 1001 1002 1003 1004 1005 1006
 1007 1008 1009 1010 1011 1012 1013 1014 1015 1016 1017 1018 1019 1020
 1021 1022 1023 1024 1025 1026 1027 1029 1031 1032 1034 1036 1037 1039
 1041 1042 1045 1046 1047 1050 1051 1052 1081 1055 1056 1057 1058 1060
 1061 1062 1063 1065 1066 1067 1068 1069 1070 1071 1072  514  951   36
  966   51]
ids [  1   2   3   4   9  10  11  12  13  14  15  16  17  18  19  20  21  23
  24  25  26  27  28  29  30  31  32  33  34  35 945  37  39  41  42  44
  46  47  49 940 900  52  53  54  55  56  57  58  59  60  61  62  63  64
  65  67  68  69  70  71  72  73  74  75  76  78  79  81  83  85  86  88
  40  90  91  93  96  97  98  99 100 101 125 104 105 106 109 111 113 114
 115 116 119 120 121 124 126 993 130 131 132 135 136 895 638 643 644 649
 905 659 664 893 674 898 850 938   7]
09:29:22-INFO: Step 58
ids [127 141 153 156 168 913 379 213 928 171 272 929 277 278 279 280 281 282
 283 284 285 286 287 288 289 290 291 292 293 294 295 296 297 298 299 300
 301 302 303 304 305 307 308 309 311 312 314 316 317 319 261 322 323 324
 325 326 327 328 329 330 331 332 333 334 335 336 337 338 339 340 341 342
 343 344 345 346 347 349 350 351 352 354 356 357 359 361 362 364 246 367
 934 370 371 372 373 374 375 376 377 380 382 383 385 386 387 388 389 390
 391 392 394 395 397 401 402 381 406 453 498 545 578 580 583 585 914 623
 625 628 630 633 275 675 943 909]
ids [  6 102 107 108 112 117 118 123 133 183 228 103 310 313 315 320 353 355
 358 360 363 365 400 403 411 438 128 542 654 547 548 549 550 551 552 553
 554 555 556 557 559 560 562 563 564 565 566 567 568 569 570 571 572 573
 574 575 576 577 579 581 582 584 586 587 589 592 593 594 595 596 597 598
 599 600 601 602 603 604 605 606 607 608 609 610 611 612 613 614 615 616
 617 618 619 620 621 622 624 626 627 629 631 632 634 635 636 637 639 640
 641 642 645 646 647 648 650 426 652 653 655 656 657 658 660 661 662 665
 590 667 671 672 676 813 405 561 670 544 669]
ids [815  38 936  43  45  82  84  87  92  94 129 134 274 368  89 384 398 399
 404 668 673 681 693 753 711 783 860 812 816 817 818 819 820 821 822 823
 824 825 826 827 829 830 831 832 833 834 835 836 837 838 839 840 841 842
 843 844 845 847 848 849 851 852 853 854 855 856 857 858 859 861 862 863
 864 865 866 867 868 869 870 871 872 873 874 875 946 877 878 879 880 881
 882 883 884 885 886 887 888 889 890 892 894 896 897 899 901 902 904 906
 907 908 910 911 912 915 916 917 920 924 922 923 925 926 927 948 930 931
 932 846 935 937 939 814 941 942 944 919 369  50 786 891 741 945]
ids [   5   48  139  234  238 1075  244  248 1040  258  810  985  378  533
  677 1038  682  683  684  685  686  687  688  689  690  691  692  694
  695  696  697  698  699  700  701  702  703  704  705  706  707  708
  709  710 1080  712  713  714  716  717  719  721  722  724  726  727
  728  729  730  731  732  733  734  735  736  737  738  739  740  784
  742  743  744  745  746  747  748  749  750  751  752  754  755  756
  757  759  761  762  763  764  766  767  769  772  773  774  775  776
  777  778  779  780  781  782  785  254  787  788  790  791  792  793
  795  796  797  921  800  802  805  806  807  811  828  876  801  771
  950  983  988  990 1028 1030 1033 1035  770  804]
ids [ 122  140  173  178  185  220  223  230  265  268  270  318  407  408
  225  412  413  414  415  416  417  418  419  420  421  422  423  424
  425 1074  427  428  429  430  431  432  433  434  435  436  437  439
  440  441  442  444  446  447  449  451  452  454  456  457  458  459
  460  461  462  463  464  465  466  467  468  469  470  471  472  473
  474  475  476  477  478  479  480  481  482  483  484  485  486  487
  488  489  491  492  494  496  497  499  502  505  506  507  508  509
  510  511  512  513  501  515  516  517  520  521  522  523  524  525
  526  527  528  530  531  532  536  537  539  541  558 1079  588  591
  803  949 1043 1044 1048 1049 1053 1059 1054  651  175  546  455  490
  666]
ids [ 137  142  143  144  145  146  147  148  149  150  151  152  154  155
  157  158  159  160  161  162  163  164  165  166  167  169  170  679
  172  174  249  176  177  179  180  181  182  184  187  188  189  190
  191  192  193  194  195  196  197  198  199  200  202  203  204  205
  206  207  208  209  210  211  212  214  215  217  218  219  221  222
  224  201  226  227  229  232  233  235  236  237  240  241  242  243
  245 1073  247  250  251  252  253  231  255  256  257  260  276  262
  266  267  269  271  306  348 1078  393  396  410  443  445  448  450
  366  186  493  495  500  535  538  540  799  789  794  798  264  808
  809  918  933  216  321  239  259]
        58     4925.6144430992     5059.4200256719      958.4861438743     4925.6144430992      133.8055825727      1.77219779
ids [   8   22   66   77   80   95  110 1064  138  263  273  503  504  518
  519  529  534  543  663  678  680  715  718  720  723  725  758  760
  765  768 1077  409  903  947  952  953  954  955  956  957  958  959
  960  961  962  963  964  965  967  968  969  970  971  972  973  974
  975  976  977  978  979  980  981  982  984 1076  986  987  989  991
  992  994  995  996  997  998  999 1000 1001 1002 1003 1004 1005 1006
 1007 1008 1009 1010 1011 1012 1013 1014 1015 1016 1017 1018 1019 1020
 1021 1022 1023 1024 1025 1026 1027 1029 1031 1032 1034 1036 1037 1039
 1041 1042 1045 1046 1047 1050 1051 1052 1081 1055 1056 1057 1058 1060
 1061 1062 1063 1065 1066 1067 1068 1069 1070 1071 1072  514  951   36
  966   51]
ids [  1   2   3   4   9  10  11  12  13  14  15  16  17  18  19  20  21  23
  24  25  26  27  28  29  30  31  32  33  34  35   7  37  39  41  42  44
  46  47  49 940 900  52  53  54  55  56  57  58  59  60  61  62  63  64
  65  67  68  69  70  71  72  73  74  75  76  78  79  81  83  85  86  88
  40  90  91  93  96  97  98  99 100 101 125 104 105 106 109 111 113 114
 115 116 119 120 121 124 126 993 130 131 132 135 136 895 638 643 644 649
 905 659 664 893 674 898 850 938]
09:29:22-INFO: Step 59
ids [815  38 936  43  45  82  84  87  92  94 129 134 274 368  89 384 398 399
 404 668 673 681 693 753 711 783 860 812 816 817 818 819 820 821 822 823
 824 825 826 827 829 830 831 832 833 834 835 836 837 838 839 840 841 842
 843 844 845 847 848 849 851 852 853 854 855 856 857 858 859 861 862 863
 864 865 866 867 868 869 870 871 872 873 874 875 946 877 878 879 880 881
 882 883 884 885 886 887 888 889 890 892 894 896 897 899 901 902 904 906
 907 908 910 911 912 915 916 917 920 924 922 923 925 926 927 948 930 931
 932 846 935 937 939 814 941 942 944 919 369  50 786 891 741 945]
ids [  6 102 107 108 112 117 118 123 133 183 228 103 310 313 315 320 353 355
 358 360 363 365 400 403 411 438 128 542 654 547 548 549 550 551 552 553
 554 555 556 557 559 560 562 563 564 565 566 567 568 569 570 571 572 573
 574 575 576 577 579 581 582 584 586 587 589 592 593 594 595 596 597 598
 599 600 601 602 603 604 605 606 607 608 609 610 611 612 613 614 615 616
 617 618 619 620 621 622 624 626 627 629 631 632 634 635 636 637 639 640
 641 642 645 646 647 648 650 426 652 653 655 656 657 658 660 661 662 665
 590 667 671 672 676 813 405 561 670 544 669]
ids [   5   48  139  234  238 1075  244  248 1040  258  810  985  378  533
  677 1038  682  683  684  685  686  687  688  689  690  691  692  694
  695  696  697  698  699  700  701  702  703  704  705  706  707  708
  709  710 1080  712  713  714  716  717  719  721  722  724  726  727
  728  729  730  731  732  733  734  735  736  737  738  739  740  784
  742  743  744  745  746  747  748  749  750  751  752  754  755  756
  757  759  761  762  763  764  766  767  769  772  773  774  775  776
  777  778  779  780  781  782  785  254  787  788  790  791  792  793
  795  796  797  921  800  802  805  806  807  811  828  876  801  771
  950  983  988  990 1028 1030 1033 1035  770  804]
ids [127 141 153 156 168 913 379 213 928 171 272 929 277 278 279 280 281 282
 283 284 285 286 287 288 289 290 291 292 293 294 295 296 297 298 299 300
 301 302 303 304 305 307 308 309 311 312 314 316 317 319 261 322 323 324
 325 326 327 328 329 330 331 332 333 334 335 336 337 338 339 340 341 342
 343 344 345 346 347 349 350 351 352 354 356 357 359 361 362 364 246 367
 934 370 371 372 373 374 375 376 377 380 382 383 385 386 387 388 389 390
 391 392 394 395 397 401 402 381 406 453 498 545 578 580 583 585 914 623
 625 628 630 633 275 675 943 909]
        59     4927.8227754263     5059.4222523994      942.6832034552     4927.8227754263      131.5994769731      1.81184874
ids [ 122  140  173  178  185  220  223  230  265  268  270  318  407  408
  225  412  413  414  415  416  417  418  419  420  421  422  423  424
  425 1074  427  428  429  430  431  432  433  434  435  436  437  439
  440  441  442  444  446  447  449  451  452  454  456  457  458  459
  460  461  462  463  464  465  466  467  468  469  470  471  472  473
  474  475  476  477  478  479  480  481  482  483  484  485  486  487
  488  489  491  492  494  496  497  499  502  505  506  507  508  509
  510  511  512  513  501  515  516  517  520  521  522  523  524  525
  526  527  528  530  531  532  536  537  539  541  558 1079  588  591
  803  949 1043 1044 1048 1049 1053 1059 1054  651  175  546  455  490
  666]
ids [   8   22   66   77   80   95  110 1064  138  263  273  503  504  518
  519  529  534  543  663  678  680  715  718  720  723  725  758  760
  765  768 1077  409  903  947  952  953  954  955  956  957  958  959
  960  961  962  963  964  965  967  968  969  970  971  972  973  974
  975  976  977  978  979  980  981  982  984 1076  986  987  989  991
  992  994  995  996  997  998  999 1000 1001 1002 1003 1004 1005 1006
 1007 1008 1009 1010 1011 1012 1013 1014 1015 1016 1017 1018 1019 1020
 1021 1022 1023 1024 1025 1026 1027 1029 1031 1032 1034 1036 1037 1039
 1041 1042 1045 1046 1047 1050 1051 1052 1081 1055 1056 1057 1058 1060
 1061 1062 1063 1065 1066 1067 1068 1069 1070 1071 1072  514  951   36
  966   51]
ids [ 137  142  143  144  145  146  147  148  149  150  151  152  154  155
  157  158  159  160  161  162  163  164  165  166  167  169  170  679
  172  174  249  176  177  179  180  181  182  184  187  188  189  190
  191  192  193  194  195  196  197  198  199  200  202  203  204  205
  206  207  208  209  210  211  212  214  215  217  218  219  221  222
  224  201  226  227  229  232  233  235  236  237  240  241  242  243
  245 1073  247  250  251  252  253  231  255  256  257  260  276  262
  266  267  269  271  306  348 1078  393  396  410  443  445  448  450
  366  186  493  495  500  535  538  540  799  789  794  798  264  808
  809  918  933  216  321  239  259]
ids [  1   2   3   4   9  10  11  12  13  14  15  16  17  18  19  20  21  23
  24  25  26  27  28  29  30  31  32  33  34  35   7  37  39  41  42  44
  46  47  49 940 900  52  53  54  55  56  57  58  59  60  61  62  63  64
  65  67  68  69  70  71  72  73  74  75  76  78  79  81  83  85  86  88
  40  90  91  93  96  97  98  99 100 101 125 104 105 106 109 111 113 114
 115 116 119 120 121 124 126 993 130 131 132 135 136 895 638 643 644 649
 905 659 664 893 674 898 850 938]
09:29:22-INFO: Step 60
ids [  6 102 107 108 112 117 118 123 133 183 228 103 310 313 315 320 353 355
 358 360 363 365 400 403 411 438 128 542 654 547 548 549 550 551 552 553
 554 555 556 557 559 560 562 563 564 565 566 567 568 569 570 571 572 573
 574 575 576 577 579 581 582 584 586 587 589 592 593 594 595 596 597 598
 599 600 601 602 603 604 605 606 607 608 609 610 611 612 613 614 615 616
 617 618 619 620 621 622 624 626 627 629 631 632 634 635 636 637 639 640
 641 642 645 646 647 648 650 426 652 653 655 656 657 658 660 661 662 665
 590 667 671 672 676 813 405 561 670 544 669]
ids [815  38 936  43  45  82  84  87  92  94 129 134 274 368  89 384 398 399
 404 668 673 681 693 753 711 783 860 812 816 817 818 819 820 821 822 823
 824 825 826 827 829 830 831 832 833 834 835 836 837 838 839 840 841 842
 843 844 845 847 848 849 851 852 853 854 855 856 857 858 859 861 862 863
 864 865 866 867 868 869 870 871 872 873 874 875 946 877 878 879 880 881
 882 883 884 885 886 887 888 889 890 892 894 896 897 899 901 902 904 906
 907 908 910 911 912 915 916 917 920 924 922 923 925 926 927 948 930 931
 932 846 935 937 939 814 941 942 944 919 369  50 786 891 741 945]
        60     4930.0458860931     5059.4246538326      926.7756531939     4930.0458860931      129.3787677395      1.95204754
ids [   8   22   66   77   80   95  110 1064  138  263  273  503  504  518
  519  529  534  543  663  678  680  715  718  720  723  725  758  760
  765  768 1077  409  903  947  952  953  954  955  956  957  958  959
  960  961  962  963  964  965  967  968  969  970  971  972  973  974
  975  976  977  978  979  980  981  982  984 1076  986  987  989  991
  992  994  995  996  997  998  999 1000 1001 1002 1003 1004 1005 1006
 1007 1008 1009 1010 1011 1012 1013 1014 1015 1016 1017 1018 1019 1020
 1021 1022 1023 1024 1025 1026 1027 1029 1031 1032 1034 1036 1037 1039
 1041 1042 1045 1046 1047 1050 1051 1052 1081 1055 1056 1057 1058 1060
 1061 1062 1063 1065 1066 1067 1068 1069 1070 1071 1072  514  951   36
  966   51   33]
ids [ 122  140  173  178  185  220  223  230  265  268  270  318  407  408
  225  412  413  414  415  416  417  418  419  420  421  422  423  424
  425 1074  427  428  429  430  431  432  433  434  435  436  437  439
  440  441  442  444  446  447  449  451  452  454  456  457  458  459
  460  461  462  463  464  465  466  467  468  469  470  471  472  473
  474  475  476  477  478  479  480  481  482  483  484  485  486  487
  488  489  491  492  494  496  497  499  502  505  506  507  508  509
  510  511  512  513  501  515  516  517  520  521  522  523  524  525
  526  527  528  530  531  532  536  537  539  541  558 1079  588  591
  803  949 1043 1044 1048 1049 1053 1059 1054  651  175  546  455  490
  666]
ids [127 141 153 156 168 913 379 213 928 171 272 929 277 278 279 280 281 282
 283 284 285 286 287 288 289 290 291 292 293 294 295 296 297 298 299 300
 301 302 303 304 305 307 308 309 311 312 314 316 317 319 261 322 323 324
 325 326 327 328 329 330 331 332 333 334 335 336 337 338 339 340 341 342
 343 344 345 346 347 349 350 351 352 354 356 357 359 361 362 364 246 367
 934 370 371 372 373 374 375 376 377 380 382 383 385 386 387 388 389 390
 391 392 394 395 397 401 402 381 406 453 498 545 578 580 583 585 914 623
 625 628 630 633 275 675 943 909]
ids [   5   48  139  234  238 1075  244  248 1040  258  810  985  378  533
  677 1038  682  683  684  685  686  687  688  689  690  691  692  694
  695  696  697  698  699  700  701  702  703  704  705  706  707  708
  709  710 1080  712  713  714  716  717  719  721  722  724  726  727
  728  729  730  731  732  733  734  735  736  737  738  739  740  784
  742  743  744  745  746  747  748  749  750  751  752  754  755  756
  757  759  761  762  763  764  766  767  769  772  773  774  775  776
  777  778  779  780  781  782  785  254  787  788  790  791  792  793
  795  796  797  921  800  802  805  806  807  811  828  876  801  771
  950  983  988  990 1028 1030 1033 1035  770  804]
ids [ 137  142  143  144  145  146  147  148  149  150  151  152  154  155
  157  158  159  160  161  162  163  164  165  166  167  169  170  679
  172  174  249  176  177  179  180  181  182  184  187  188  189  190
  191  192  193  194  195  196  197  198  199  200  202  203  204  205
  206  207  208  209  210  211  212  214  215  217  218  219  221  222
  224  201  226  227  229  232  233  235  236  237  240  241  242  243
  245 1073  247  250  251  252  253  231  255  256  257  260  276  262
  266  267  269  271  306  348 1078  393  396  410  443  445  448  450
  366  186  493  495  500  535  538  540  799  789  794  798  264  808
  809  918  933  216  321  239  259]
ids [  1   2   3   4   9  10  11  12  13  14  15  16  17  18  19  20  21  23
  24  25  26  27  28  29  30  31  32 938  34  35   7  37  39  41  42  44
  46  47  49 940 900  52  53  54  55  56  57  58  59  60  61  62  63  64
  65  67  68  69  70  71  72  73  74  75  76  78  79  81  83  85  86  88
  40  90  91  93  96  97  98  99 100 101 125 104 105 106 109 111 113 114
 115 116 119 120 121 124 126 993 130 131 132 135 136 895 638 643 644 649
 905 659 664 893 674 898 850]
09:29:22-INFO: Step 61
ids [815  38 936  43  45  82  84  87  92  94 129 134 274 368  89 384 398 399
 404 668 673 681 693 753 711 783 860 812 816 817 818 819 820 821 822 823
 824 825 826 827 829 830 831 832 833 834 835 836 837 838 839 840 841 842
 843 844 845 847 848 849 851 852 853 854 855 856 857 858 859 861 862 863
 864 865 866 867 868 869 870 871 872 873 874 875 946 877 878 879 880 881
 882 883 884 885 886 887 888 889 890 892 894 896 897 899 901 902 904 906
 907 908 910 911 912 915 916 917 920 924 922 923 925 926 927 948 930 931
 932 846 935 937 939 814 941 942 944 919 369  50 786 891 741 945]
ids [  6 102 107 108 112 117 118 123 133 183 228 103 310 313 315 320 353 355
 358 360 363 365 400 403 411 438 128 542 654 547 548 549 550 551 552 553
 554 555 556 557 559 560 562 563 564 565 566 567 568 569 570 571 572 573
 574 575 576 577 579 581 582 584 586 587 589 592 593 594 595 596 597 598
 599 600 601 602 603 604 605 606 607 608 609 610 611 612 613 614 615 616
 617 618 619 620 621 622 624 626 627 629 631 632 634 635 636 637 639 640
 641 642 645 646 647 648 650 426 652 653 655 656 657 658 660 661 662 665
 590 667 671 672 676 813 405 561 670 544 669 580]
        61     4932.2459220959     5059.4271570982      911.0341225427     4932.2459220959      127.1812350022      1.96858987
ids [ 122  140  173  178  185  220  223  230  265  268  270  318  407  408
  225  412  413  414  415  416  417  418  419  420  421  422  423  424
  425 1074  427  428  429  430  431  432  433  434  435  436  437  439
  440  441  442  444  446  447  449  451  452  454  456  457  458  459
  460  461  462  463  464  465  466  467  468  469  470  471  472  473
  474  475  476  477  478  479  480  481  482  483  484  485  486  487
  488  489  491  492  494  496  497  499  502  505  506  507  508  509
  510  511  512  513  501  515  516  517  520  521  522  523  524  525
  526  527  528  530  531  532  536  537  539  541  558 1079  588  591
  803  949 1043 1044 1048 1049 1053 1059 1054  651  175  546  455  490
  666]
ids [   5   48  139  234  238 1075  244  248 1040  258  810  985  378  533
  677 1038  682  683  684  685  686  687  688  689  690  691  692  694
  695  696  697  698  699  700  701  702  703  704  705  706  707  708
  709  710 1080  712  713  714  716  717  719  721  722  724  726  727
  728  729  730  731  732  733  734  735  736  737  738  739  740  784
  742  743  744  745  746  747  748  749  750  751  752  754  755  756
  757  759  761  762  763  764  766  767  769  772  773  774  775  776
  777  778  779  780  781  782  785  254  787  788  790  791  792  793
  795  796  797  921  800  802  805  806  807  811  828  876  801  771
  950  983  988  990 1028 1030 1033 1035  770  804]
ids [ 137  142  143  144  145  146  147  148  149  150  151  152  154  155
  157  158  159  160  161  162  163  164  165  166  167  169  170  679
  172  174  249  176  177  179  180  181  182  184  187  188  189  190
  191  192  193  194  195  196  197  198  199  200  202  203  204  205
  206  207  208  209  210  211  212  214  215  217  218  219  221  222
  224  201  226  227  229  232  233  235  236  237  240  241  242  243
  245 1073  247  250  251  252  253  231  255  256  257  260  276  262
  266  267  269  271  306  348 1078  393  396  410  443  445  448  450
  366  186  493  495  500  535  538  540  799  789  794  798  264  808
  809  259  933  216  321  239]
ids [127 141 153 156 168 913 379 213 928 171 272 929 277 278 279 280 281 282
 283 284 285 286 287 288 289 290 291 292 293 294 295 296 297 298 299 300
 301 302 303 304 305 307 308 309 311 312 314 316 317 319 261 322 323 324
 325 326 327 328 329 330 331 332 333 334 335 336 337 338 339 340 341 342
 343 344 345 346 347 349 350 351 352 354 356 357 359 361 362 364 246 367
 934 370 371 372 373 374 375 376 377 380 382 383 385 386 387 388 389 390
 391 392 394 395 397 401 402 381 406 453 498 545 578 918 583 585 914 623
 625 628 630 633 275 675 943 909]
ids [   8   22   66   77   80   95  110 1064  138  263  273  503  504  518
  519  529  534  543  663  678  680  715  718  720  723  725  758  760
  765  768 1077  409  903  947  952  953  954  955  956  957  958  959
  960  961  962  963  964  965  967  968  969  970  971  972  973  974
  975  976  977  978  979  980  981  982  984 1076  986  987  989  991
  992  994  995  996  997  998  999 1000 1001 1002 1003 1004 1005 1006
 1007 1008 1009 1010 1011 1012 1013 1014 1015 1016 1017 1018 1019 1020
 1021 1022 1023 1024 1025 1026 1027 1029 1031 1032 1034 1036 1037 1039
 1041 1042 1045 1046 1047 1050 1051 1052 1081 1055 1056 1057 1058 1060
 1061 1062 1063 1065 1066 1067 1068 1069 1070 1071 1072  514  951   36
  966   51   33]
ids [  1   2   3   4   9  10  11  12  13  14  15  16  17  18  19  20  21  23
  24  25  26  27  28  29  30  31  32 938  34  35   7  37  39  41  42  44
  46  47  49 940 900  52  53  54  55  56  57  58  59  60  61  62  63  64
  65  67  68  69  70  71  72  73  74  75  76  78  79  81  83  85  86  88
  40  90  91  93  96  97  98  99 100 101 125 104 105 106 109 111 113 114
 115 116 119 120 121 124 126 993 130 131 132 135 136 895 638 643 644 649
 905 659 664 893 674 898 850]
09:29:22-INFO: Step 62
ids [  6 102 107 108 112 117 118 123 133 183 228 103 310 313 315 320 353 355
 358 360 363 365 400 403 411 438 128 542 654 547 548 549 550 551 552 553
 554 555 556 557 559 560 562 563 564 565 566 567 568 569 570 571 572 573
 574 575 576 577 579 581 582 584 586 587 589 592 593 594 595 596 597 598
 599 600 601 602 603 604 605 606 607 608 609 610 611 612 613 614 615 616
 617 618 619 620 621 622 624 626 627 629 631 632 634 635 636 637 639 640
 641 642 645 646 647 648 650 426 652 653 655 656 657 658 660 661 662 665
 590 667 671 672 676 813 405 561 670 544 669 580]
ids [815  38 936  43  45  82  84  87  92  94 129 134 274 368  89 384 398 399
 404 668 673 681 693 753 711 783 860 812 816 817 818 819 820 821 822 823
 824 825 826 827 829 830 831 832 833 834 835 836 837 838 839 840 841 842
 843 844 845 847 848 849 851 852 853 854 855 856 857 858 859 861 862 863
 864 865 866 867 868 869 870 871 872 873 874 875 946 877 878 879 880 881
 882 883 884 885 886 887 888 889 890 892 894 896 897 899 901 902 904 906
 907 908 910 911 912 915 916 917 920 924 922 923 925 926 927 948 930 931
 932 846 935 937 939 814 941 942 944 919 369  50 786 891 741 945]
        62     4934.3834445642     5059.4296787117      895.7405249432     4934.3834445642      125.0462341475      1.97260827
ids [127 141 153 156 168 913 379 213 928 171 272 929 277 278 279 280 281 282
 283 284 285 286 287 288 289 290 291 292 293 294 295 296 297 298 299 300
 301 302 303 304 305 307 308 309 311 312 314 316 317 319 261 322 323 324
 325 326 327 328 329 330 331 332 333 334 335 336 337 338 339 340 341 342
 343 344 345 346 347 349 350 351 352 354 356 357 359 361 362 364 246 367
 934 370 371 372 373 374 375 376 377 380 382 383 385 386 387 388 389 390
 391 392 394 395 397 401 402 381 406 453 498 545 578 918 583 585 914 623
 625 628 630 633 275 675 943 909]
ids [   5   48  139  234  238 1075  244  248 1040  258  810  985  378  533
  677 1038  682  683  684  685  686  687  688  689  690  691  692  694
  695  696  697  698  699  700  701  702  703  704  705  706  707  708
  709  710 1080  712  713  714  716  717  719  721  722  724  726  727
  728  729  730  731  732  733  734  735  736  737  738  739  740  784
  742  743  744  745  746  747  748  749  750  751  752  754  755  756
  757  759  761  762  763  764  766  767  769  772  773  774  775  776
  777  778  779  780  781  782  785  254  787  788  790  791  792  793
  795  796  797  921  800  802  805  806  807  811  828  876  801  771
  950  983  988  990 1028 1030 1033 1035  770  804]
ids [ 137  142  143  144  145  146  147  148  149  150  151  152  154  155
  157  158  159  160  161  162  163  164  165  166  167  169  170  679
  172  174  249  176  177  179  180  181  182  184  187  188  189  190
  191  192  193  194  195  196  197  198  199  200  202  203  204  205
  206  207  208  209  210  211  212  214  215  217  218  219  221  222
  224  201  226  227  229  232  233  235  236  237  240  241  242  243
  245 1073  247  250  251  252  253  231  255  256  257  260  276  262
  266  267  269  271  306  348 1078  393  396  410  443  445  448  450
  366  186  493  495  500  535  538  540  799  789  794  798  264  808
  809  259  933  216  321  239]
ids [ 122  140  173  178  185  220  223  230  265  268  270  318  407  408
  225  412  413  414  415  416  417  418  419  420  421  422  423  424
  425 1074  427  428  429  430  431  432  433  434  435  436  437  439
  440  441  442  444  446  447  449  451  452  454  456  457  458  459
  460  461  462  463  464  465  466  467  468  469  470  471  472  473
  474  475  476  477  478  479  480  481  482  483  484  485  486  487
  488  489  491  492  494  496  497  499  502  505  506  507  508  509
  510  511  512  513  501  515  516  517  520  521  522  523  524  525
  526  527  528  530  531  532  536  537  539  541  558 1079  588  591
  803  949 1043 1044 1048 1049 1053 1059 1054  651  175  546  455  490
  666]
ids [   8   22   66   77   80   95  110 1064  138  263  273  503  504  518
  519  529  534  543  663  678  680  715  718  720  723  725  758  760
  765  768 1077  409  903  947  952  953  954  955  956  957  958  959
  960  961  962  963  964  965  967  968  969  970  971  972  973  974
  975  976  977  978  979  980   33  982  984 1076  986  987  989  991
  992  994  995  996  997  998  999 1000 1001 1002 1003 1004 1005 1006
 1007 1008 1009 1010 1011 1012 1013 1014 1015 1016 1017 1018 1019 1020
 1021 1022 1023 1024 1025 1026 1027 1029 1031 1032 1034 1036 1037 1039
 1041 1042 1045 1046 1047 1050 1051 1052 1081 1055 1056 1057 1058 1060
 1061 1062 1063 1065 1066 1067 1068 1069 1070 1071 1072  514  951   36
  966   51]
ids [  1   2   3   4   9  10  11  12  13  14  15  16  17  18  19  20  21  23
  24  25  26  27  28  29  30  31  32 938  34  35   7  37  39  41  42  44
  46  47  49 940 900  52  53  54  55  56  57  58  59  60  61  62  63  64
  65  67  68  69  70  71  72  73  74  75  76  78  79  81  83  85  86  88
  40  90  91  93  96  97  98  99 100 101 125 104 105 106 109 111 113 114
 115 116 119 120 121 124 126 993 130 131 132 135 136 895 638 643 644 649
 905 659 664 893 674 898 850 981]
09:29:22-INFO: Step 63
ids [815  38 936  43  45  82  84  87  92  94 129 134 274 368  89 384 398 399
 404 668 673 681 693 753 711 783 860 812 816 817 818 819 820 821 822 823
 824 825 826 827 829 830 831 832 833 834 835 836 837 838 839 840 841 842
 843 844 845 847 848 849 851 852 853 854 855 856 857 858 859 861 862 863
 864 865 866 867 868 869 870 871 872 873 874 875 946 877 878 879 880 881
 882 883 884 885 886 887 888 889 890 892 894 896 897 899 901 902 904 906
 907 908 910 911 912 915 916 917 920 924 922 923 925 926 927 948 930 931
 932 846 935 937 939 814 941 942 944 919 369  50 786 891 741 945]
ids [  6 102 107 108 112 117 118 123 133 183 228 103 310 313 315 320 353 355
 358 360 363 365 400 403 411 438 128 542 654 547 548 549 550 551 552 553
 554 555 556 557 559 560 562 563 564 565 566 567 568 569 570 571 572 573
 574 575 576 577 579 581 582 584 586 587 589 592 593 594 595 596 597 598
 599 600 601 602 603 604 605 606 607 608 609 610 611 612 613 614 615 616
 617 618 619 620 621 622 624 626 627 629 631 632 634 635 636 637 639 640
 641 642 645 646 647 648 650 426 652 653 655 656 657 658 660 661 662 665
 590 667 671 672 676 813 405 561 670 544 669 580]
ids [127 141 153 156 168 913 379 213 928 171 272 929 277 278 279 280 281 282
 283 284 285 286 287 288 289 290 291 292 293 294 295 296 297 298 299 300
 301 302 303 304 305 307 308 309 311 312 314 316 317 319 261 322 323 324
 325 326 327 328 329 330 331 332 333 334 335 336 337 338 339 340 341 342
 343 344 345 346 347 349 350 351 352 354 356 357 359 361 362 364 246 367
 934 370 371 372 373 374 375 376 377 380 382 383 385 386 387 388 389 390
 391 392 394 395 397 401 402 381 406 453 498 545 578 918 583 585 914 623
 625 628 630 633 275 675 943 909]
        63     4936.4187306494     5059.4321301215      881.1787717511     4936.4187306494      123.0133994721      1.88891251
ids [   5   48  139  234  238 1075  244  248 1040  258  810  985  378  533
  677 1038  682  683  684  685  686  687  688  689  690  691  692  694
  695  696  697  698  699  700  701  702  703  704  705  706  707  708
  709  710 1080  712  713  714  716  717  719  721  722  724  726  727
  728  729  730  731  732  733  734  735  736  737  738  739  740  784
  742  743  744  745  746  747  748  749  750  751  752  754  755  756
  757  759  761  762  763  764  766  767  769  772  773  774  775  776
  777  778  779  780  781  782  785  254  787  788  790  791  792  793
  795  796  797  921  800  802  805  806  807  811  828  876  801  771
  950  983  988  990 1028 1030 1033  804  770]
ids [ 137  142  143  144  145  146  147  148  149  150  151  152  154  155
  157  158  159  160  161  162  163  164  165  166  167  169  170  679
  172  174  249  176  177  179  180  181  182  184  187  188  189  190
  191  192  193  194  195  196  197  198  199  200  202  203  204  205
  206  207  208  209  210  211  212  214  215  217  218  219  221  222
  224  201  226  227  229  232  233  235  236  237  240  241  242  243
  245 1073  247  250  251  252  253  231  255  256  257  260  276  262
  266  267  269  271  306  348 1078  393  396  410  443  445  448  450
  366  186  493  495  500  535  538  540  799  789  794  798  264  808
  809  259  933  216  321  239]
ids [ 122  140  173  178  185  220  223  230  265  268  270  318  407  408
  225  412  413  414  415  416  417  418  419  420  421  422  423  424
  425 1074  427  428  429  430  431  432  433  434  435  436  437  439
  440  441  442  444  446  447  449  451  452  454  456  457  458  459
  460  461  462  463  464  465  466  467  468  469  470  471  472  473
  474  475  476  477  478  479  480  481  482  483  484  485  486  487
  488  489  491  492  494  496  497  499  502  505  506  507  508  509
  510  511  512  513  501  515  516  517  520  521  522  523  524  525
  526  527  528  530  531  532  536  537  539  541  558 1079  588  591
  803  949 1043 1044 1048 1049 1053 1059 1054  651  175  546  455  490
  666]
ids [   8   22   66   77   80   95  110 1064  138  263  273  503  504  518
  519  529  534  543  663  678  680  715  718  720  723  725  758  760
  765  768 1077  409  903  947  952  953  954  955  956  957  958  959
  960  961  962  963  964  965  967  968  969  970  971  972  973  974
  975  976  977  978  979  980   33  982  984 1076  986  987  989  991
  992  994  995  996  997  998  999 1000 1001 1002 1003 1004 1005 1006
 1007 1008 1009 1010 1011 1012 1013 1014 1015 1016 1017 1018 1019 1020
 1021 1022 1023 1024 1025 1026 1027 1029 1031 1032 1034 1036 1037 1039
 1041 1042 1045 1046 1047 1050 1051 1052 1081 1055 1056 1057 1058 1060
 1061 1062 1063 1065 1066 1067 1068 1069 1070 1071 1072  514  951   36
  966   51 1035]
ids [  1   2   3   4   9  10  11  12  13  14  15  16  17  18  19  20  21  23
  24  25  26  27  28  29  30  31  32 938  34  35   7  37  39  41  42  44
  46  47  49 940 900  52  53  54  55  56  57  58  59  60  61  62  63  64
  65  67  68  69  70  71  72  73  74  75  76  78  79  81  83  85  86  88
  40  90  91  93  96  97  98  99 100 101 125 104 105 106 109 111 113 114
 115 116 119 120 121 124 126 993 130 131 132 135 136 895 638 643 644 649
 905 659 664 893 674 898 850 981]
09:29:22-INFO: Step 64
ids [815  38 936  43  45  82  84  87  92  94 129 134 274 368  89 384 398 399
 404 668 673 681 693 753 711 783 860 812 816 817 818 819 820 821 822 823
 824 825 826 827 829 830 831 832 833 834 835 836 837 838 839 840 841 842
 843 844 845 847 848 849 851 852 853 854 855 856 857 858 859 861 862 863
 864 865 866 867 868 869 870 871 872 873 874 875 946 877 878 879 880 881
 882 883 884 885 886 887 888 889 890 892 894 896 897 899 901 902 904 906
 907 908 910 911 912 915 916 917 920 924 922 923 925 926 927 948 930 931
 932 846 935 937 939 814 941 942 944 919 369  50 786 891 741 945]
        64     4938.3131465741     5059.4344241218      867.6249826480     4938.3131465741      121.1212775477      2.09267116
ids [127 141 153 156 168 913 379 213 928 171 272 929 277 278 279 280 281 282
 283 284 285 286 287 288 289 290 291 292 293 294 295 296 297 298 299 300
 301 302 303 304 305 307 308 309 311 312 314 316 317 319 261 322 323 324
 325 326 327 328 329 330 331 332 333 334 335 336 337 338 339 340 341 342
 343 344 345 346 347 349 350 351 352 354 356 357 359 361 362 364 246 367
 934 370 371 372 373 374 375 376 377 380 382 383 385 386 387 388 389 390
 391 392 394 395 397 401 402 381 406 453 498 545 578 918 583 585 914 623
 625 628 630 633 275 675 943 909]
ids [  6 102 107 108 112 117 118 123 133 183 228 103 310 313 315 320 353 355
 358 360 363 365 400 403 411 438 128 542 654 547 548 549 550 551 552 553
 554 555 556 557 559 560 562 563 564 565 566 567 568 569 570 571 572 573
 574 575 576 577 579 581 582 584 586 587 589 592 593 594 595 596 597 598
 599 600 601 602 603 604 605 606 607 608 609 610 611 612 613 614 615 616
 617 618 619 620 621 622 624 626 627 629 631 632 634 635 636 637 639 640
 641 642 645 646 647 648 650 426 652 653 655 656 657 658 660 661 662 665
 590 667 671 672 676 813 405 561 670 544 669 580]
ids [   8   22   66   77   80   95  110 1064  138  263  273  503  504  518
  519  529  534  543  663  678  680  715  718  720  723  725  758  760
  765  768 1077  409  903  947  952  953  954  955  956  957  958  959
  960  961  962  963  964  965  967  968  969  970  971  972  973  974
  975  976  977  978  979  980   33  982  984 1076  986  987  989  991
  992  994  995  996  997  998  999 1000 1001 1002 1003 1004 1005 1006
 1007 1008 1009 1010 1011 1012 1013 1014 1015 1016 1017 1018 1019 1020
 1021 1022 1023 1024 1025 1026 1027 1029 1031 1032 1034 1036 1037 1039
 1041 1042 1045 1046 1047 1050 1051 1052 1081 1055 1056 1057 1058 1060
 1061 1062 1063 1065 1066 1067 1068 1069 1070 1071 1072  514  951   36
  966   51 1035]
ids [   5   48  139  770  238 1075  244  248 1040  258  810  985  378  533
  677 1038  682  683  684  685  686  687  688  689  690  691  692  694
  695  696  697  698  699  700  701  702  703  704  705  706  707  708
  709  710 1080  712  713  714  716  717  719  721  722  724  726  727
  728  729  730  731  732  733  734  735  736  737  738  739  740  784
  742  743  744  745  746  747  748  749  750  751  752  754  755  756
  757  759  761  762  763  764  766  767  769  772  773  774  775  776
  777  778  779  780  781  782  785  254  787  788  790  791  792  793
  795  796  797  921  800  802  805  806  807  811  828  876  801  771
  950  983  988  990 1028 1030 1033  804]
ids [ 122  140  173  178  185  220  223  230  265  268  270  318  407  408
  225  412  413  414  415  416  417  418  419  420  421  422  423  424
  425 1074  427  428  429  430  431  432  433  434  435  436  437  439
  440  441  442  444  446  447  449  451  452  454  456  457  458  459
  460  461  462  463  464  465  466  467  468  469  470  471  472  473
  474  475  476  477  478  479  480  481  482  483  484  485  486  487
  488  489  491  492  494  496  497  499  502  505  506  507  508  509
  510  511  512  513  501  515  516  517  520  521  522  523  524  525
  526  527  528  530  531  532  536  537  539  541  558 1079  588  591
  803  949 1043 1044 1048 1049 1053 1059 1054  651  175  546  455  490
  666]
ids [ 137  142  143  144  145  146  147  148  149  150  151  152  154  155
  157  158  159  160  161  162  163  164  165  166  167  169  170  679
  172  174  249  176  177  179  180  181  182  184  187  188  189  190
  191  192  193  194  195  196  197  198  199  200  202  203  204  205
  206  207  208  209  210  211  212  214  215  217  218  219  221  222
  224  201  226  227  229  232  233  235  236  237  240  241  242  243
  245 1073  247  250  251  252  253  231  255  256  257  260  276  262
  266  267  269  271  306  348 1078  393  396  410  443  445  448  450
  366  186  493  495  500  535  538  540  799  789  794  798  264  808
  809  259  933  216  321  239  234]
ids [  1   2   3   4   9  10  11  12  13  14  15  16  17  18  19  20  21  23
  24  25  26  27  28  29  30  31  32 938  34  35   7  37  39  41  42  44
  46  47  49 940 900  52  53  54  55  56  57  58  59  60  61  62  63  64
  65  67  68  69  70  71  72  73  74  75  76  78  79  81  83  85  86  88
  40  90  91  93  96  97  98  99 100 101 125 104 105 106 109 111 113 114
 115 116 119 120 121 124 126 993 130 131 132 135 136 895 638 643 644 649
 905 659 664 893 674 898 850 981]
09:29:22-INFO: Step 65
        65     4940.0304923342     5059.4364817199      855.3379023594     4940.0304923342      119.4059893856      2.15258607
ids [  6 102 107 108 112 117 118 123 133 183 228 103 310 313 315 320 353 355
 358 360 363 365 400 403 411 438 128 542 654 547 548 549 550 551 552 553
 554 555 556 557 559 560 562 563 564 565 566 567 568 569 570 571 572 573
 574 575 576 577 579 581 582 584 586 587 589 592 593 594 595 596 597 598
 599 600 601 602 603 604 605 606 607 608 609 610 611 612 613 614 615 616
 617 618 619 620 621 622 624 626 627 629 631 632 634 635 636 637 639 640
 641 642 645 646 647 648 650 426 652 653 655 656 657 658 660 661 662 665
 590 667 671 672 676 813 405 561 670 544 669 580]
ids [   8   22   66   77   80   95  110 1064  138  263  273  503  504  518
  519  529  950  543  663  678  680  715  718  720  723  725  758  760
  765  768 1077  409  903  947  952  953  954  955  956  957  958  959
  960  961  962  963  964  965  967  968  969  970  971  972  973  974
  975  976  977  978  979  980   33  982  984 1076  986  987  989  991
  992  994  995  996  997  998  999 1000 1001 1002 1003 1004 1005 1006
 1007 1008 1009 1010 1011 1012 1013 1014 1015 1016 1017 1018 1019 1020
 1021 1022 1023 1024 1025 1026 1027 1029 1031 1032 1034 1036 1037 1039
 1041 1042 1045 1046 1047 1050 1051 1052 1081 1055 1056 1057 1058 1060
 1061 1062 1063 1065 1066 1067 1068 1069 1070 1071 1072  514  951   36
  966   51 1035]
ids [815  38 936  43  45  82  84  87  92  94 129 134 274 368  89 384 398 399
 404 668 673 681 693 753 711 783 860 812 816 817 818 819 820 821 822 823
 824 825 826 827 829 830 831 832 833 834 835 836 837 838 839 840 841 842
 843 844 845 847 848 849 851 852 853 854 855 856 857 858 859 861 862 863
 864 865 866 867 868 869 870 871 872 873 874 875 946 877 878 879 880 881
 882 883 884 885 886 887 888 889 890 892 894 896 897 899 901 902 904 906
 907 908 910 911 912 915 916 917 920 924 922 923 925 926 927 948 930 931
 932 846 935 937 939 814 941 942 944 919 369  50 786 891 741 945]
ids [127 141 153 156 168 913 379 213 928 171 272 929 277 278 279 280 281 282
 283 284 285 286 287 288 289 290 291 292 293 294 295 296 297 298 299 300
 301 302 303 304 305 307 308 309 311 312 314 316 317 319 261 322 323 324
 325 326 327 328 329 330 331 332 333 334 335 336 337 338 339 340 341 342
 343 344 345 346 347 349 350 351 352 354 356 357 359 361 362 364 246 367
 934 370 371 372 373 374 375 376 377 380 382 383 385 386 387 388 389 390
 391 392 394 395 397 401 402 381 406 453 498 545 578 918 583 585 914 623
 625 628 630 633 275 675 943 909]
ids [ 122  140  173  178  185  220  223  230  265  268  270  318  407  408
  225  412  413  414  415  416  417  418  419  420  421  422  423  424
  425 1074  427  428  429  430  431  432  433  434  435  436  437  439
  440  441  442  444  446  447  449  451  452  454  456  457  458  459
  460  461  462  463  464  465  466  467  468  469  470  471  472  473
  474  475  476  477  478  479  480  481  482  483  484  485  486  487
  488  489  491  492  494  496  497  499  502  505  506  507  508  509
  510  511  512  513  501  515  516  517  520  521  522  523  524  525
  526  527  528  530  531  532  536  537  539  541  558 1079  588  591
  803  949 1043 1044 1048 1049 1053 1059 1054  651  175  546  455  490
  666  534]
ids [   5   48  139  770  238 1075  244  248 1040  258  810  985  378  533
  677 1038  682  683  684  685  686  687  688  689  690  691  692  694
  695  696  697  698  699  700  701  702  703  704  705  706  707  708
  709  710 1080  712  713  714  716  717  719  721  722  724  726  727
  728  729  730  731  732  733  734  735  736  737  738  739  740  784
  742  743  744  745  746  747  748  749  750  751  752  754  755  756
  757  759  761  762  763  764  766  767  769  772  773  774  775  776
  777  778  779  780  781  782  785  254  787  788  790  791  792  793
  795  796  797  921  800  802  805  806  807  811  828  876  801  771
  804  983  988  990 1028 1030 1033]
ids [ 137  142  143  144  145  146  147  148  149  150  151  152  154  155
  157  158  159  160  161  162  163  164  165  166  167  169  170  679
  172  174  249  176  177  179  180  181  182  184  187  188  189  190
  191  192  193  194  195  196  197  198  199  200  202  203  204  205
  206  207  208  209  210  211  212  214  215  217  218  219  221  222
  224  201  226  227  229  232  233  235  236  237  240  241  242  243
  245 1073  247  250  251  252  253  231  255  256  257  260  276  262
  266  267  269  271  306  348 1078  393  396  410  443  445  448  450
  366  186  493  495  500  535  538  540  799  789  794  798  264  808
  809  259  933  216  321  239  234]
ids [  1   2   3   4   9  10  11  12  13  14  15  16  17  18  19  20  21  23
  24  25  26  27  28  29  30  31  32 938  34  35   7  37  39  41  42  44
  46  47  49 940 900  52  53  54  55  56  57  58  59  60  61  62  63  64
  65  67  68  69  70  71  72  73  74  75  76  78  79  81  83  85  86  88
  40  90  91  93  96  97  98  99 100 101 125 104 105 106 109 111 113 114
 115 116 119 120 121 124 126 993 130 131 132 135 136 895 638 643 644 649
 905 659 664 893 674 898 850 981]
09:29:22-INFO: Step 66
        66     4941.5382138557     5059.4382388235      844.5502655517     4941.5382138557      117.9000249678      2.17735372
ids [  6 102 107 108 112 117 118 123 133 183 228 103 310 313 315 320 353 355
 358 360 363 365 400 403 411 438 128 542 654 547 548 549 550 551 552 553
 554 555 556 557 559 560 562 563 564 565 566 567 568 569 570 571 572 573
 574 575 576 577 579 581 582 584 586 587 589 592 593 594 595 596 597 598
 599 600 601 602 603 604 605 606 607 608 609 610 611 612 613 614 615 616
 617 618 619 620 621 622 624 626 627 629 631 632 634 635 636 637 639 640
 641 642 645 646 647 648 650 426 652 653 655 656 657 658 660 661 662 665
 590 667 671 672 676 813 405 561 670 544 669 580]
ids [   8   22   66   77   80   95  110 1064  138  263  273  503  504  518
  519  529  950  543  663  678  680  715  718  720  723  725  758  760
  765  768 1077  409  903  947  952  953  954  955  956  957  958  959
  960  961  962  963  964  965  967  968  969  970  971  972  973  974
  975  976  977  978  979  980   33  982  984 1076  986  987  989  991
  992  994  995  996  997  998  999 1000 1001 1002 1003 1004 1005 1006
 1007 1008 1009 1010 1011 1012 1013 1014 1015 1016 1017 1018 1019 1020
 1021 1022 1023 1024 1025 1026 1027 1029 1031 1032 1034 1036 1037 1039
 1041 1042 1045 1046 1047 1050 1051 1052 1081 1055 1056 1057 1058 1060
 1061 1062 1063 1065 1066 1067 1068 1069 1070 1071 1072  514  951   36
  966   51 1035]
ids [ 122  140  173  178  185  220  223  230  265  268  270  318  407  408
  225  412  413  414  415  416  417  418  419  420  421  422  423  424
  425 1074  427  428  429  430  431  432  433  434  435  436  437  439
  440  441  442  444  446  447  449  451  452  454  456  457  458  459
  460  461  462  463  464  465  466  467  468  469  470  471  472  473
  474  475  476  477  478  479  480  481  482  483  484  485  486  487
  488  489  491  492  494  496  497  499  502  505  506  507  508  509
  510  511  512  513  501  515  516  517  520  521  522  523  524  525
  526  527  528  530  531  532  536  537  539  541  558 1079  588  591
  803  949 1043 1044 1048 1049 1053 1059 1054  651  175  546  455  490
  666  534]
ids [127 141 153 156 168 913 379 213 928 171 272 929 277 278 279 280 281 282
 283 284 285 286 287 288 289 290 291 292 293 294 295 296 297 298 299 300
 301 302 303 304 305 307 308 309 311 312 314 316 317 319 261 322 323 324
 325 326 327 328 329 330 331 332 333 334 335 336 337 338 339 340 341 342
 343 344 345 346 347 349 350 351 352 354 356 357 359 361 362 364 246 367
 934 370 371 372 373 374 375 376 377 380 382 383 385 386 387 388 389 390
 391 392 394 395 397 401 402 381 406 453 498 545 578 918 583 585 914 623
 625 628 630 633 275 675 943 909]
ids [815  38 936  43  45  82  84  87  92  94 129 134 274 368  89 384 398 399
 404 668 673 681 693 753 711 783 860 812 816 817 818 819 820 821 822 823
 824 825 826 827 829 830 831 832 833 834 835 836 837 838 839 840 841 842
 843 844 845 847 848 849 851 852 853 854 855 856 857 858 859 861 862 863
 864 865 866 867 868 869 870 871 872 873 874 875 946 877 878 879 880 881
 882 883 884 885 886 887 888 889 890 892 894 896 897 899 901 902 904 906
 907 908 910 911 912 915 916 917 920 924 922 923 925 926 927 948 930 931
 932 846 935 937 939 814 941 942 944 919 369  50 786 891 741 945]
ids [   5   48  139  770  238 1075  244  248 1040  258  810  985  378  533
  677 1038  682  683  684  685  686  687  688  689  690  691  692  694
  695  696  697  698  699  700  701  702  703  704  705  706  707  708
  709  710 1080  712  713  714  716  717  719  721  722  724  726  727
  728  729  730  731  732  733  734  735  736  737  738  739  740  784
  742  743  744  745  746  747  748  749  750  751  752  754  755  756
  757  759  761  762  763  764  766  767  769  772  773  774  775  776
  777  778  779  780  781  782  785  254  787  788  790  791  792  793
  795  796  797  921  800  802  805  806  807  811  828  876  801  771
  804  983  988  990 1028 1030 1033]
ids [ 137  142  143  144  145  146  147  148  149  150  151  152  154  155
  157  158  159  160  161  162  163  164  165  166  167  169  170  679
  172  174  249  176  177  179  180  181  182  184  187  188  189  190
  191  192  193  194  195  196  197  198  199  200  202  203  204  205
  206  207  208  209  210  211  212  214  215  217  218  219  221  222
  224  201  226  227  229  232  233  235  236  237  240  241  242  243
  245 1073  247  250  251  252  253  231  255  256  257  260  276  262
  266  267  269  271  306  348 1078  393  396  410  443  445  448  450
  366  186  493  495  500  535  538  540  799  789  794  798  264  808
  809  259  933  216  321  239  234]
ids [  1   2   3   4   9  10  11  12  13  14  15  16  17  18  19  20  21  23
  24  25  26  27  28  29  30  31  32 938  34  35   7  37  39  41  42  44
  46  47  49 940 900  52  53  54  55  56  57  58  59  60  61  62  63  64
  65  67  68  69  70  71  72  73  74  75  76  78  79  81  83  85  86  88
  40  90  91  93  96  97  98  99 100 101 125 104 105 106 109 111 113 114
 115 116 119 120 121 124 126 993 130 131 132 135 136 895 638 643 644 649
 905 659 664 893 674 898 850 981]
09:29:22-INFO: Step 67
ids [  6 102 107 108 112 117 118 123 133 183 228 103 310 313 315 320 353 355
 358 360 363 365 400 403 411 438 128 542 654 547 548 549 550 551 552 553
 554 555 556 557 559 560 562 563 564 565 566 567 568 569 570 571 572 573
 574 575 576 577 579 581 582 584 586 587 589 592 593 594 595 596 597 598
 599 600 601 602 603 604 605 606 607 608 609 610 611 612 613 614 615 616
 617 618 619 620 621 622 624 626 627 629 631 632 634 635 636 637 639 640
 641 642 645 646 647 648 650 426 652 653 655 656 657 658 660 661 662 665
 590 667 671 672 676 813 405 561 670 544 669 580]
ids [815  38 936  43  45  82  84  87  92  94 129 134 274 368  89 384 398 399
 404 668 673 681 693 753 711 783 860 812 816 817 818 819 820 821 822 823
 824 825 826 827 829 830 831 832 833 834 835 836 837 838 839 840 841 842
 843 844 845 847 848 849 851 852 853 854 855 856 857 858 859 861 862 863
 864 865 866 867 868 869 870 871 872 873 874 875 946 877 878 879 880 881
 882 883 884 885 886 887 888 889 890 892 894 896 897 899 901 902 904 906
 907 908 910 911 912 915 916 917 920 924 922 923 925 926 927 948 930 931
 932 846 935 937 939 814 941 942 944 919 369  50 786 891 741 945]
ids [127 141 153 156 168 913 379 213 928 171 272 929 277 278 279 280 281 282
 283 284 285 286 287 288 289 290 291 292 293 294 295 296 297 298 299 300
 301 302 303 304 305 307 308 309 311 312 314 316 317 319 261 322 323 324
 325 326 327 328 329 330 331 332 333 334 335 336 337 338 339 340 341 342
 343 344 345 346 347 349 350 351 352 354 356 357 359 361 362 364 246 367
 934 370 371 372 373 374 375 376 377 380 382 383 385 386 387 388 389 390
 391 392 394 395 397 401 402 381 406 453 498 545 578 918 583 585 914 623
 625 628 630 633 275 675 943 909]
        67     4942.8083832246     5059.4396519235      835.4618158745     4942.8083832246      116.6312686989      2.08268888
ids [   5   48  139  770  238 1075  244  248 1040  258  810  985  378  533
  677 1038  682  683  684  685  686  687  688  689  690  691  692  694
  695  696  697  698  699  700  701  702  703  704  705  706  707  708
  709  710 1080  712  713  714  716  717  719  721  722  724  726  727
  728  729  730  731  732  733  734  735  736  737  738  739  740  784
  742  743  744  745  746  747  748  749  750  751  752  754  755  756
  757  759  761  762  763  764  766  767  769  772  773  774  775  776
  777  778  779  780  781  782  785  254  787  788  790  791  792  793
  795  796  797  921  800  802  805  806  807  811  828  876  801  771
  804  983  988  990 1028 1030 1033]
ids [ 137  142  143  144  145  146  147  148  149  150  151  152  154  155
  157  158  159  160  161  162  163  164  165  166  167  169  170  679
  172  174  249  176  177  179  180  181  182  184  187  188  189  190
  191  192  193  194  195  196  197  198  199  200  202  203  204  205
  206  207  208  209  210  211  212  214  215  217  218  219  221  222
  224  201  226  227  229  232  233  235  236  237  240  241  242  243
  245 1073  247  250  251  252  253  231  255  256  257  260  276  262
  266  267  269  271  306  348 1078  393  396  410  443  445  448  450
  366  186  493  495  500  535  538  540  799  789  794  798  264  808
  809  259  933  216  321  239  234]
ids [   8   22   66   77   80   95  110 1064  138  263  273  503  504  518
  519  529  950  543  663  678  680  715  718  720  723  725  758  760
  765  768 1077  409  903  947  952  953  954  955  956  957  958  959
  960  961  962  963  964  965  967  968  969  970  971  972  973  974
  975  976  977  978  979  980   33  982  984 1076  986  987  989  991
  992  994  995 1035  997  998  999 1000 1001 1002 1003 1004 1005 1006
 1007 1008 1009 1010 1011 1012 1013 1014 1015 1016 1017 1018 1019 1020
 1021 1022 1023 1024 1025 1026 1027 1029 1031 1032 1034 1036 1037 1039
 1041 1042 1045 1046 1047 1050 1051 1052 1081 1055 1056 1057 1058 1060
 1061 1062 1063 1065 1066 1067 1068 1069 1070 1071 1072  514  951   36
  966   51 1049]
ids [ 122  140  173  178  185  220  223  230  265  268  270  318  407  408
  225  412  413  414  415  416  417  418  419  420  421  422  423  424
  425 1074  427  428  429  430  431  432  433  434  435  436  437  439
  440  441  442  444  446  447  449  451  452  454  456  457  458  459
  460  461  462  463  464  465  466  467  468  469  470  471  472  473
  474  475  476  477  478  479  480  481  482  483  484  485  486  487
  488  489  491  492  494  496  497  499  502  505  506  507  508  509
  510  511  512  513  501  515  516  517  520  521  522  523  524  525
  526  527  528  530  531  532  536  537  539  541  558 1079  588  591
  803  949 1043 1044 1048  534 1053 1059 1054  651  175  546  455  490
  666]
ids [  1   2   3   4   9  10  11  12  13  14  15  16  17  18  19  20  21  23
  24  25  26  27  28  29  30  31  32 938  34  35   7  37  39  41  42  44
  46  47  49 940 900  52  53  54  55  56  57  58  59  60  61  62  63  64
  65  67  68  69  70  71  72  73  74  75  76  78  79  81  83  85  86  88
  40  90  91  93  96  97  98  99 100 101 125 104 105 106 109 111 113 114
 115 116 119 120 121 124 126 993 130 131 132 135 136 895 638 643 644 649
 905 659 664 893 674 898 850 981 996]
09:29:22-INFO: Step 68
ids [   8   22   66   77   80   95  110 1064  138  263  273  503  504  518
  519  529  950  543  663  678  680  715  718  720  723  725  758  760
  765  768 1077  409  903  947  952  953  954  955  956  957  958  959
  960  961  962  963  964  965  967  968  969  970  971  972  973  974
  975  976  977  978  979  980   33  982  984 1076  986  987  989  991
  992  994  995 1035  997  998  999 1000 1001 1002 1003 1004 1005 1006
 1007 1008 1009 1010 1011 1012 1013 1014 1015 1016 1017 1018 1019 1020
 1021 1022 1023 1024 1025 1026 1027 1029 1031 1032 1034 1036 1037 1039
 1041 1042 1045 1046 1047 1050 1051 1052 1081 1055 1056 1057 1058 1060
 1061 1062 1063 1065 1066 1067 1068 1069 1070 1071 1072  514  951   36
  966   51 1049]
ids [  6 102 107 108 112 117 118 123 133 183 228 103 310 313 315 320 353 355
 358 360 363 365 400 403 411 438 128 542 654 547 548 549 550 551 552 553
 554 555 556 557 559 560 562 563 564 565 566 567 568 569 570 571 572 573
 574 575 576 577 579 581 582 584 586 587 589 592 593 594 595 596 597 598
 599 600 601 602 603 604 605 606 607 608 609 610 611 612 613 614 615 616
 617 618 619 620 621 622 624 626 627 629 631 632 634 635 636 637 639 640
 641 642 645 646 647 648 650 426 652 653 655 656 657 658 660 661 662 665
 590 667 671 672 676 813 405 561 670 544 669 580 664]
ids [815  38 936  43  45  82  84  87  92  94 129 134 274 368  89 384 398 399
 404 668 673 681 693 753 711 783 860 812 816 817 818 819 820 821 822 823
 824 825 826 827 829 830 831 832 833 834 835 836 837 838 839 840 841 842
 843 844 845 847 848 849 851 852 853 854 855 856 857 858 859 861 862 863
 864 865 866 867 868 869 870 871 872 873 874 875 946 877 878 879 880 881
 882 883 884 885 886 887 888 889 890 892 894 896 897 899 901 902 904 906
 907 908 910 911 912 915 916 917 920 924 922 923 925 926 927 948 930 931
 932 846 935 937 939 814 941 942 944 919 369  50 786 891 741 945]
ids [ 122  140  173  178  185  220  223  230  265  268  270  318  407  408
  225  412  413  414  415  416  417  418  419  420  421  422  423  424
  425 1074  427  428  429  430  431  432  433  434  435  436  437  439
  440  441  442  444  446  447  449  451  452  454  456  457  458  459
  460  461  462  463  464  465  466  467  468  469  470  471  472  473
  474  475  476  477  478  479  480  481  482  483  484  485  486  487
  488  489  491  492  494  496  497  499  502  505  506  507  508  509
  510  511  512  513  501  515  516  517  520  521  522  523  524  525
  526  527  528  530  531  532  536  537  539  541  558 1079  588  591
  803  949 1043 1044 1048  534 1053 1059 1054  651  175  546  455  490
  666]
ids [127 141 153 156 168 913 379 213 928 171 272 929 277 278 279 280 281 282
 283 284 285 286 287 288 289 290 291 292 293 294 295 296 297 298 299 300
 301 302 303 304 305 307 308 309 311 312 314 316 317 319 261 322 323 324
 325 326 327 328 329 330 331 332 333 334 335 336 337 338 339 340 341 342
 343 344 345 346 347 349 350 351 352 354 356 357 359 361 362 364 246 367
 934 370 371 372 373 374 375 376 377 380 382 383 385 386 387 388 389 390
 391 392 394 395 397 401 402 381 406 453 498 545 578 918 583 585 914 623
 625 628 630 633 275 675 943 909]
        68     4943.8183640196     5059.4407018974      828.2345672539     4943.8183640196      115.6223378778      1.96038985
ids [ 137  142  143  144  145  146  147  148  149  150  151  152  154  155
  157  158  159  160  161  162  163  164  165  166  167  169  170  679
  172  174  249  176  177  179  180  181  182  184  187  188  189  190
  191  192  193  194  195  196  197  198  199  200  202  203  204  205
  206  207  208  209  210  211  212  214  215  217  218  219  221  222
  224  201  226  227  229  232  233  235  236  237  240  241  242  243
  245 1073  247  250  251  252  253  231  255  256  257  260  276  262
  266  267  269  271  306  348 1078  393  396  410  443  445  448  450
  366  186  493  495  500  535  538  540  799  789  794  798  264  808
  809  259  933  216  321  239  234]
ids [   5   48  139  770  238 1075  244  248 1040  258  810  985  378  533
  677 1038  682  683  684  685  686  687  688  689  690  691  692  694
  695  696  697  698  699  700  701  702  703  704  705  706  707  708
  709  710 1080  712  713  714  716  717  719  721  722  724  726  727
  728  729  730  731  732  733  734  735  736  737  738  739  740  784
  742  743  744  745  746  747  748  749  750  751  752  754  755  756
  757  759  761  762  763  764  766  767  769  772  773  774  775  776
  777  778  779  780  781  782  785  254  787  788  790  791  792  793
  795  796  797  921  800  802  805  806  807  811  828  876  801  771
  804  983  988  990 1028 1030 1033]
ids [  1   2   3   4   9  10  11  12  13  14  15  16  17  18  19  20  21  23
  24  25  26  27  28  29  30  31  32 938  34  35   7  37  39  41  42  44
  46  47  49 940 900  52  53  54  55  56  57  58  59  60  61  62  63  64
  65  67  68  69  70  71  72  73  74  75  76  78  79  81  83  85  86  88
  40  90  91  93  96  97  98  99 100 101 125 104 105 106 109 111 113 114
 115 116 119 120 121 124 126 993 130 131 132 135 136 895 638 643 644 649
 905 659 996 893 674 898 850 981]
09:29:22-INFO: Step 69
ids [127 141 153 156 168 913 379 213 928 171 272 929 277 278 279 280 281 282
 283 284 285 286 287 288 289 290 291 292 293 294 295 296 297 298 299 300
 301 302 303 304 305 307 308 309 311 312 314 316 317 319 261 322 323 324
 325 326 327 328 329 330 331 332 333 334 335 336 337 338 339 340 341 342
 343 344 345 346 347 349 350 351 352 354 356 357 359 361 362 364 246 367
 934 370 371 372 373 374 375 376 377 380 382 383 385 386 387 388 389 390
 391 392 394 395 397 401 402 381 406 453 498 545 578 918 583 585 914 623
 625 628 630 633 275 675 943 909]
        69     4944.5511068835     5059.4413952660      822.9906956272     4944.5511068835      114.8902883825      1.97901792
ids [   8   22   66   77   80   95  110 1064  138  263  273  503  504  518
  519  529  950  543  663  678  680  715  718  720  723  725  758  760
  765  768 1077  409  903  947  952  953  954  955  956  957  958  959
  960  961  962  963  964  965  967  968  969  970  971  972  973  974
  975  976  977  978  979  980   33  982  984 1076  986  987  989  991
  992  994  995 1035  997  998  999 1000 1001 1002 1003 1004 1005 1006
 1007 1008 1009 1010 1011 1012 1013 1014 1015 1016 1017 1018 1019 1020
 1021 1022 1023 1024 1025 1026 1027 1029 1031 1032 1034 1036 1037 1039
 1041 1042 1045 1046 1047 1050 1051 1052 1081 1055 1056 1057 1058 1060
 1061 1062 1063 1065 1066 1067 1068 1069 1070 1071 1072  514  951   36
  966   51 1049]
ids [  6 102 107 108 112 117 118 123 133 183 228 103 310 313 315 320 353 355
 358 360 363 365 400 403 411 438 128 542 654 547 548 549 550 551 552 553
 554 555 556 557 559 560 562 563 564 565 566 567 568 569 570 571 572 573
 574 575 576 577 579 581 582 584 586 587 589 592 593 594 595 596 597 598
 599 600 601 602 603 604 605 606 607 608 609 610 611 612 613 614 615 616
 617 618 619 620 621 622 624 626 627 629 631 632 634 635 636 637 639 640
 641 642 645 646 647 648 650 426 652 653 655 656 657 658 660 661 662 665
 590 667 671 672 676 813 405 561 670 544 669 580 664]
ids [815  38 936  43  45  82  84  87  92  94 129 134 274 368  89 384 398 399
 404 668 673 681 693 753 711 783 860 812 816 817 818 819 820 821 822 823
 824 825 826 827 829 830 831 832 833 834 835 836 837 838 839 840 841 842
 843 844 845 847 848 849 851 852 853 854 855 856 857 858 859 861 862 863
 864 865 866 867 868 869 870 871 872 873 874 875 946 877 878 879 880 881
 882 883 884 885 886 887 888 889 890 892 894 896 897 899 901 902 904 906
 907 908 910 911 912 915 916 917 920 924 922 923 925 926 927 948 930 931
 932 846 935 937 939 814 941 942 944 919 369  50 786 891 741 945]
ids [ 122  140  173  178  185  220  223  230  265  268  270  318  407  408
  225  412  413  414  415  416  417  418  419  420  421  422  423  424
  425 1074  427  428  429  430  431  432  433  434  435  436  437  439
  440  441  442  444  446  447  449  451  452  454  456  457  458  459
  460  461  462  463  464  465  466  467  468  469  470  471  472  473
  474  475  476  477  478  479  480  481  482  483  484  485  486  487
  488  489  491  492  494  496  497  499  502  505  506  507  508  509
  510  511  512  513  501  515  516  517  520  521  522  523  524  525
  526  527  528  530  531  532  536  537  539  541  558 1079  588  591
  803  949 1043 1044 1048  534 1053 1059 1054  651  175  546  455  490
  666]
ids [ 137  142  143  144  145  146  147  148  149  150  151  152  154  155
  157  158  159  160  161  162  163  164  165  166  167  169  170  679
  172  174  249  176  177  179  180  181  182  184  187  188  189  190
  191  192  193  194  195  196  197  198  199  200  202  203  204  205
  206  207  208  209  210  211  212  214  215  217  218  219  221  222
  224  201  226  227  229  232  233  235  236  237  240  241  242  243
  245 1073  247  250  251  252  253  231  255  256  257  260  276  262
  266  267  269  271  306  348 1078  393  396  410  443  445  448  450
  366  186  493  495  500  535  538  540  799  789  794  798  264  808
  809  259  933  216  321  239  234]
ids [   5   48  139  770  238 1075  244  248 1040  258  810  985  378  533
  677 1038  682  683  684  685  686  687  688  689  690  691  692  694
  695  696  697  698  699  700  701  702  703  704  705  706  707  708
  709  710 1080  712  713  714  716  717  719  721  722  724  726  727
  728  729  730  731  732  733  734  735  736  737  738  739  740  784
  742  743  744  745  746  747  748  749  750  751  752  754  755  756
  757  759  761  762  763  764  766  767  769  772  773  774  775  776
  777  778  779  780  781  782  785  254  787  788  790  791  792  793
  795  796  797  921  800  802  805  806  807  811  828  876  801  771
  804  983  988  990 1028 1030 1033]
ids [  1   2   3   4   9  10  11  12  13  14  15  16  17  18  19  20  21  23
  24  25  26  27  28  29  30  31  32 938  34  35   7  37  39  41  42  44
  46  47  49 940 900  52  53  54  55  56  57  58  59  60  61  62  63  64
  65  67  68  69  70  71  72  73  74  75  76  78  79  81  83  85  86  88
  40  90  91  93  96  97  98  99 100 101 125 104 105 106 109 111 113 114
 115 116 119 120 121 124 126 993 130 131 132 135 136 895 638 643 644 649
 905 659 996 893 674 898 850 981]
09:29:22-INFO: Step 70
ids [127 141 153 156 168 913 379 213 928 171 272 929 277 278 279 280 281 282
 283 284 285 286 287 288 289 290 291 292 293 294 295 296 297 298 299 300
 301 302 303 304 305 307 308 309 311 312 314 316 317 319 261 322 323 324
 325 326 327 328 329 330 331 332 333 334 335 336 337 338 339 340 341 342
 343 344 345 346 347 349 350 351 352 354 356 357 359 361 362 364 246 367
 934 370 371 372 373 374 375 376 377 380 382 383 385 386 387 388 389 390
 391 392 909 395 397 401 402 381 406 453 498 545 578 918 583 585 914 623
 625 628 630 633 275 675 943]
        70     4944.9950573362     5059.4417626704      819.8131884017     4944.9950573362      114.4467053342      2.05115532
ids [  6 102 107 108 112 117 118 123 133 183 228 103 310 313 315 320 353 355
 358 360 363 365 400 403 411 438 128 542 654 547 548 549 550 551 552 553
 554 555 556 557 559 560 562 563 564 565 566 567 568 569 570 571 572 573
 574 575 576 577 579 581 582 584 586 587 589 592 593 594 595 596 597 598
 599 600 601 602 603 604 605 606 607 608 609 610 611 612 613 614 615 616
 617 618 619 620 621 622 624 626 627 629 631 632 634 635 636 637 639 640
 641 642 645 646 647 648 650 426 652 653 655 656 657 658 660 661 662 665
 590 667 671 672 676 813 405 561 670 544 669 580 664]
ids [ 122  140  173  178  185  220  223  230  265  268  270  318  407  408
  225  412  413  414  415  416  417  418  419  420  421  422  423  424
  425 1074  427  428  429  430  431  432  433  434  435  436  437  439
  440  441  442  444  446  447  449  451  452  454  456  457  458  459
  460  461  462  463  464  465  466  467  468  469  470  471  472  473
  474  475  476  477  478  479  480  481  482  483  484  485  486  487
  488  489  491  492  494  496  497  499  502  505  506  507  508  509
  510  511  512  513  501  515  516  517  520  521  522  523  524  525
  526  527  528  530  531  532  536  537  539  541  558 1079  588  591
  803  949 1043 1044 1048  534 1053 1059 1054  651  175  546  455  490
  666]
ids [815  38 936  43  45  82  84  87  92  94 129 134 274 368  89 384 398 399
 404 668 673 681 693 753 711 783 860 812 816 817 818 819 820 821 822 823
 824 825 826 827 829 830 831 832 833 834 835 836 837 838 839 840 841 842
 843 844 845 847 848 849 851 852 853 854 855 856 857 858 859 861 862 863
 864 865 866 867 868 869 870 871 872 873 874 875 946 877 878 879 880 881
 882 883 884 885 886 887 888 889 890 892 894 896 897 899 901 902 904 906
 907 908 910 911 912 915 916 917 920 924 922 923 925 926 927 948 930 931
 932 846 935 937 939 814 941 942 944 919 369  50 786 891 741 945 394]
ids [ 137  142  143  144  145  146  147  148  149  150  151  152  154  155
  157  158  159  160  161  162  163  164  165  166  167  169  170  679
  172  174  249  176  177  179  180  181  182  184  187  188  189  190
  191  192  193  194  195  196  197  198  199  200  202  203  204  205
  206  207  208  209  210  211  212  214  215  217  218  219  221  222
  224  201  226  227  229  232  233  235  236  237  240  241  242  243
  245 1073  247  250  251  252  253  231  255  256  257  260  276  262
  266  267  269  271  306  348 1078  393  396  410  443  445  448  450
  366  186  493  495  500  535  538  540  799  789  794  798  264  808
  809  259  933  216  321  239  234  774]
ids [   5   48  139  770  238 1075  244  248 1040  258  810  985  378  533
  677 1038  682  683  684  685  686  687  688  689  690  691  692  694
  695  696  697  698  699  700  701  702  703  704  705  706  707  708
  709  710 1080  712  713  714  716  717  719  721  722  724  726  727
  728  729  730  731  732  733  734  735  736  737  738  739  740  784
  742  743  744  745  746  747  748  749  750  751  752  754  755  756
  757  759  761  762  763  764  766  767  769  772  773 1033  775  776
  777  778  779  780  781  782  785  254  787  788  790  791  792  793
  795  796  797  921  800  802  805  806  807  811  828  876  801  771
  804  983  988  990 1028 1030]
ids [   8   22   66   77   80   95  110 1064  138  263  273  503  504  518
  519  529  950  543  663  678  680  715  718  720  723  725  758  760
  765  768 1077  409  903  947  952  953  954  955  956  957  958  959
  960  961  962  963  964  965  967  968  969  970  971  972  973  974
  975  976  977  978  979  980   33  982  984 1076  986  987  989  991
  992  994  995 1035  997  998  999 1000 1001 1002 1003 1004 1005 1006
 1007 1008 1009 1010 1011 1012 1013 1014 1015 1016 1017 1018 1019 1020
 1021 1022 1023 1024 1025 1026 1027 1029 1031 1032 1034 1036 1037 1039
 1041 1042 1045 1046 1047 1050 1051 1052 1081 1055 1056 1057 1058 1060
 1061 1062 1063 1065 1066 1067 1068 1069 1070 1071 1072  514  951   36
  966   51 1049]
ids [  1   2   3   4   9  10  11  12  13  14  15  16  17  18  19  20  21  23
  24  25  26  27  28  29  30  31  32 938  34  35   7  37  39  41  42  44
  46  47  49 940 900  52  53  54  55  56  57  58  59  60  61  62  63  64
  65  67  68  69  70  71  72  73  74  75  76  78  79  81  83  85  86  88
  40  90  91  93  96  97  98  99 100 101 125 104 105 106 109 111 113 114
 115 116 119 120 121 124 126 993 130 131 132 135 136 895 638 643 644 649
 905 659 996 893 674 898 850 981]
09:29:22-INFO: Step 71
        71     4945.1436976529     5059.4418548721      818.7490974486     4945.1436976529      114.2981572192      2.12388493
ids [  6 102 107 108 112 117 118 123 133 183 228 103 310 313 315 320 353 355
 358 360 363 365 400 403 411 438 128 542 654 547 548 549 550 551 552 553
 554 555 556 557 559 560 562 563 564 565 566 567 568 569 570 571 572 573
 574 575 576 577 579 581 582 584 586 587 589 592 593 594 595 596 597 598
 599 600 601 602 603 604 605 606 607 608 609 610 611 612 613 614 615 616
 617 618 619 620 621 622 624 626 627 629 631 632 634 635 636 637 639 640
 641 642 645 646 647 648 650 426 652 653 655 656 657 658 660 661 662 665
 590 667 671 672 676 813 405 561 670 544 669 580 664]
ids [815  38 936  43  45  82  84  87  92  94 129 134 274 368  89 384 398 399
 404 668 673 681 693 753 711 783 860 812 816 817 818 819 820 821 822 823
 824 825 826 827 829 830 831 832 833 834 835 836 837 838 839 840 841 842
 843 844 845 847 848 849 851 852 853 854 855 856 857 858 859 861 862 863
 864 865 866 867 868 869 870 871 872 873 874 875 946 877 878 879 880 881
 882 883 884 885 886 887 888 889 890 892 894 896 897 899 901 902 904 906
 907 908 910 911 912 915 916 917 920 924 922 923 925 926 927 948 930 931
 932 846 935 937 939 814 941 942 944 919 369  50 786 891 741 945 394]
ids [127 141 153 156 168 913 379 213 928 171 272 929 277 278 279 280 281 282
 283 284 285 286 287 288 289 290 291 292 293 294 295 296 297 298 299 300
 301 302 303 304 305 307 308 309 311 312 314 316 317 319 261 322 323 324
 325 326 327 328 329 330 331 332 333 334 335 336 337 338 339 340 341 342
 343 344 345 346 347 349 350 351 352 354 356 357 359 361 362 364 246 367
 934 370 371 372 373 374 375 376 377 380 382 383 385 386 387 388 389 390
 391 392 909 395 397 401 402 381 406 453 498 545 578 918 583 585 914 623
 625 628 630 633 275 675 943]
ids [ 137  142  143  144  145  146  147  148  149  150  151  152  154  155
  157  158  159  160  161  162  163  164  165  166  167  169  170  679
  172  174  249  176  177  179  180  181  182  184  187  188  189  190
  191  192  193  194  195  196  197  198  199  200  202  203  204  205
  206  207  208  209  210  211  212  214  215  217  218  219  221  222
  224  201  226  227  229  232  233  235  236  237  240  241  242  243
  245 1073  247  250  251  252  253  231  255  256  257  260  276  262
  266  267  269  271  306  348 1078  393  396  410  443  445  448  450
  366  186  493  495  500  535  538  540  799  789  794  798  264  808
  809  259  933  216  321  239  234  774]
ids [   5   48  139  770  238 1075  244  248 1040  258  810  985  378  533
  677 1038  682  683  684  685  686  687  688  689  690  691  692  694
  695  696  697  698  699  700  701  702  703  704  705  706  707  708
  709  710 1080  712  713  714  716  717  719  721  722  724  726  727
  728  729  730  731  732  733  734  735  736  737  738  739  740  784
  742  743  744  745  746  747  748  749  750  751  752  754  755  756
  757  759  761  762  763  764  766  767  769  772  773 1033  775  776
  777  778  779  780  781  782  785  254  787  788  790  791  792  793
  795  796  797  921  800  802  805  806  807  811  828  876  801  771
  804  983  988  990 1028 1030]
ids [   8   22   66   77   80   95  110 1064  138  263  273  503  504  518
  519  529  950  543  663  678  680  715  718  720  723  725  758  760
  765  768 1077  409  903  947  952  953  954  955  956  957  958  959
  960  961  962  963  964  965  967  968  969  970  971  972  973  974
  975  976  977  978  979  980   33  982  984 1076  986  987  989  991
  992  994  995 1035  997  998  999 1000 1001 1002 1003 1004 1005 1006
 1007 1008 1009 1010 1011 1012 1013 1014 1015 1016 1017 1018 1019 1020
 1021 1022 1023 1024 1025 1026 1027 1029 1031 1032 1034 1036 1037 1039
 1041 1042 1045 1046 1047 1050 1051 1052 1081 1055 1056 1057 1058 1060
 1061 1062 1063 1065 1066 1067 1068 1069 1070 1071 1072  514  951   36
  966   51 1049]
ids [ 122  140  173  178  185  220  223  230  265  268  270  318  407  408
  225  412  413  414  415  416  417  418  419  420  421  422  423  424
  425 1074  427  428  429  430  431  432  433  434  435  436  437  439
  440  441  442  444  446  447  449  451  452  454  456  457  458  459
  460  461  462  463  464  465  466  467  468  469  470  471  472  473
  474  475  476  477  478  479  480  481  482  483  484  485  486  487
  488  489  491  492  494  496  497  499  502  505  506  507  508  509
  510  511  512  513  501  515  516  517  520  521  522  523  524  525
  526  527  528  530  531  532  536  537  539  541  558 1079  588  591
  803  949 1043 1044 1048  534 1053 1059 1054  651  175  546  455  490
  666]
ids [  1   2   3   4   9  10  11  12  13  14  15  16  17  18  19  20  21  23
  24  25  26  27  28  29  30  31  32 938  34  35   7  37  39  41  42  44
  46  47  49 940 900  52  53  54  55  56  57  58  59  60  61  62  63  64
  65  67  68  69  70  71  72  73  74  75  76  78  79  81  83  85  86  88
  40  90  91  93  96  97  98  99 100 101 125 104 105 106 109 111 113 114
 115 116 119 120 121 124 126 993 130 131 132 135 136 895 638 643 644 649
 905 659 996 893 674 898 850 981]
09:29:22-INFO: Step 72
        72     4944.9947805700     5059.4417369873      819.8149869792     4944.9947805700      114.4469564173      2.16144498
ids [  6 102 107 108 112 117 118 123 133 183 228 103 310 313 315 320 353 355
 358 360 363 365 400 403 411 438 128 542 654 547 548 549 550 551 552 553
 554 555 556 557 559 560 562 563 564 565 566 567 568 569 570 571 572 573
 574 575 576 577 579 581 582 584 586 587 589 592 593 594 595 596 597 598
 599 600 601 602 603 604 605 606 607 608 609 610 611 612 613 614 615 616
 617 618 619 620 621 622 624 626 627 629 631 632 634 635 636 637 639 640
 641 642 645 646 647 648 650 426 652 653 655 656 657 658 660 661 662 665
 590 667 671 672 676 813 405 561 670 544 669 580 664]
ids [815  38 936  43  45  82  84  87  92  94 129 134 274 368  89 384 398 399
 404 668 673 681 693 753 711 783 860 812 816 817 818 819 820 821 822 823
 824 825 826 827 829 830 831 832 833 834 835 836 837 838 839 840 841 842
 843 844 845 847 848 849 851 852 853 854 855 856 857 858 859 861 862 863
 864 865 866 867 868 869 870 871 872 873 874 875 946 877 878 879 880 881
 882 883 884 885 886 887 888 889 890 892 894 896 897 899 901 902 904 906
 907 908 910 911 912 915 916 917 920 924 922 923 925 926 927 948 930 931
 932 846 935 937 939 814 941 942 944 919 369  50 786 891 741 945 394]
ids [   5   48  139  770  238 1075  244  248 1040  258  810  985  378  533
  677 1038  682  683  684  685  686  687  688  689  690  691  692  694
  695  696  697  698  699  700  701  702  703  704  705  706  707  708
  709  710 1080  712  713  714  716  717  719  721  722  724  726  727
  728  729  730  731  732  733  734  735  736  737  738  739  740  784
  742  743  744  745  746  747  748  749  750  751  752  754  755  756
  757  759  761  762  763  764  766  767  769  772  773 1033  775  776
  777  778  779  780  781  782  785  254  787  788  790  791  792  793
  795  796  797  921  800  802  805  806  807  811  828  876  801  771
  804  983  988  990 1028 1030]
ids [ 122  140  173  178  185  220  223  230  265  268  270  318  407  408
  225  412  413  414  415  416  417  418  419  420  421  422  423  424
  425 1074  427  428  429  430  431  432  433  434  435  436  437  439
  440  441  442  444  446  447  449  451  452  454  456  457  458  459
  460  461  462  463  464  465  466  467  468  469  470  471  472  473
  474  475  476  477  478  479  480  481  482  483  484  485  486  487
  488  489  491  492  494  496  497  499  502  505  506  507  508  509
  510  511  512  513  501  515  516  517  520  521  522  523  524  525
  526  527  528  530  531  532  536  537  539  541  558 1079  588  591
  803  949 1043 1044 1048  534 1053 1059 1054  651  175  546  455  490
  666]
ids [   8   22   66   77   80   95  110 1064  138  263  273  503  504  518
  519  529  950  543  663  678  680  715  718  720  723  725  758  760
  765  768 1077  409  903  947  952  953  954  955  956  957  958  959
  960  961  962  963  964  965  967  968  969  970  971  972  973  974
  975  976  977  978  979  980   33  982  984 1076  986  987  989  991
  992  994  995 1035  997  998  999 1000 1001 1002 1003 1004 1005 1006
 1007 1008 1009 1010 1011 1012 1013 1014 1015 1016 1017 1018 1019 1020
 1021 1022 1023 1024 1025 1026 1027 1029 1031 1032 1034 1036 1037 1039
 1041 1042 1045 1046 1047 1050 1051 1052 1081 1055 1056 1057 1058 1060
 1061 1062 1063 1065 1066 1067 1068 1069 1070 1071 1072  514  951   36
  966   51 1049]
ids [127 141 153 156 168 913 379 213 928 171 272 929 277 278 279 280 281 282
 283 284 285 286 287 288 289 290 291 292 293 294 295 296 297 298 299 300
 301 302 303 304 305 307 308 309 311 312 314 316 317 319 261 322 323 324
 325 326 327 328 329 330 331 332 333 334 335 336 337 338 339 340 341 342
 343 344 345 346 347 349 350 351 352 354 356 357 359 361 362 364 246 367
 934 370 371 372 373 374 375 376 377 380 382 383 385 386 387 388 389 390
 391 392 909 395 397 401 402 381 406 453 498 545 578 918 583 585 914 623
 625 628 630 633 275 675 943]
ids [ 137  142  143  144  145  146  147  148  149  150  151  152  154  155
  157  158  159  160  161  162  163  164  165  166  167  169  170  679
  172  174  249  176  177  179  180  181  182  184  187  188  189  190
  191  192  193  194  195  196  197  198  199  200  202  203  204  205
  206  207  208  209  210  211  212  214  215  217  218  219  221  222
  224  201  226  227  229  232  233  235  236  237  240  241  242  243
  245 1073  247  250  251  252  253  231  255  256  257  260  276  262
  266  267  269  271  306  348 1078  393  396  410  443  445  448  450
  366  186  493  495  500  535  538  540  799  789  794  798  264  808
  809  259  933  216  321  239  234  774]
ids [  1   2   3   4   9  10  11  12  13  14  15  16  17  18  19  20  21  23
  24  25  26  27  28  29  30  31  32 938  34  35   7  37  39  41  42  44
  46  47  49 940 900  52  53  54  55  56  57  58  59  60  61  62  63  64
  65  67  68  69  70  71  72  73  74  75  76  78  79  81  83  85  86  88
  40  90  91  93  96  97  98  99 100 101 125 104 105 106 109 111 113 114
 115 116 119 120 121 124 126 993 130 131 132 135 136 895 638 643 644 649
 905 659 996 893 674 898 850 981]
09:29:23-INFO: Step 73
ids [  6 102 107 108 112 117 118 123 133 183 228 103 310 313 315 320 353 355
 358 360 363 365 400 403 411 438 128 542 654 547 548 549 550 551 552 553
 554 555 556 557 559 560 562 563 564 565 566 567 568 569 570 571 572 573
 574 575 576 577 579 581 582 584 586 587 589 592 593 594 595 596 597 598
 599 600 601 602 603 604 605 606 607 608 609 610 611 612 613 614 615 616
 617 618 619 620 621 622 624 626 627 629 631 632 634 635 636 637 639 640
 641 642 645 646 647 648 650 426 652 653 655 656 657 658 660 661 662 665
 590 667 671 672 676 813 405 561 670 544 669 580 664]
ids [815  38 936  43  45  82  84  87  92  94 129 134 274 368  89 384 398 399
 404 668 673 681 693 753 711 783 860 812 816 817 818 819 820 821 822 823
 824 825 826 827 829 830 831 832 833 834 835 836 837 838 839 840 841 842
 843 844 845 847 848 849 851 852 853 854 855 856 857 858 859 861 862 863
 864 865 866 867 868 869 870 871 872 873 874 875 946 877 878 879 880 881
 882 883 884 885 886 887 888 889 890 892 894 896 897 899 901 902 904 906
 907 908 910 911 912 915 916 917 920 924 922 923 925 926 927 948 930 931
 932 846 935 937 939 814 941 942 944 919 369  50 786 891 741 945 394]
        73     4944.5493391561     5059.4414818371      823.0039784767     4944.5493391561      114.8921426810      2.03286044
ids [   5   48  139  770  238 1075  244  248 1040  258  810  985  378  533
  677 1038  682  683  684  685  686  687  688  689  690  691  692  694
  695  696  697  698  699  700  701  702  703  704  705  706  707  708
  709  710 1080  712  713  714  716  717  719  721  722  724  726  727
  728  729  730  731  732  733  734  735  736  737  738  739  740  784
  742  743  744  745  746  747  748  749  750  751  752  754  755  756
  757  759  761  762  763  764  766  767  769  772  773 1033  775  776
  777  778  779  780  781  782  785  254  787  788  790  791  792  793
  795  796  797  921  800  802  805  806  807  811  828  876  801  771
  804  983  988  990 1028 1030]
ids [ 122  140  173  178  185  220  223  230  265  268  270  318  407  408
  225  412  413  414  415  416  417  418  419  420  421  422  423  424
  425 1074  427  428  429  430  431  432  433  434  435  436  437  439
  440  441  442  444  446  447  449  451  452  454  456  457  458  459
  460  461  462  463  464  465  466  467  468  469  470  471  472  473
  474  475  476  477  478  479  480  481  482  483  484  485  486  487
  488  489  491  492  494  496  497  499  502  505  506  507  508  509
  510  511  512  513  501  515  516  517  520  521  522  523  524  525
  526  527  528  530  531  532  536  537  539  541  558 1079  588  591
  803  949 1043 1044 1048  534 1053 1059 1054  651  175  546  455  490
  666]
ids [   8   22   66   77   80   95  110 1064  138  263  273  503  504  518
  519  529  950  543  663  678  680  715  718  720  723  725  758  760
  765  768 1077  409  903  947  952  953  954  955  956  957  958  959
  960  961  962  963  964  965  967  968  969  970  971  972  973  974
  975  976  977  978  979  980   33  982  984 1076  986  987  989  991
  992  994  995 1035  997  998  999 1000 1001 1002 1003 1004 1005 1006
 1007 1008 1009 1010 1011 1012 1013 1014 1015 1016 1017 1018 1019 1020
 1021 1022 1023 1024 1025 1026 1027 1029 1031 1032 1034 1036 1037 1039
 1041 1042 1045 1046 1047 1050 1051 1052 1081 1055 1056 1057 1058 1060
 1061 1062 1063 1065 1066 1067 1068 1069 1070 1049 1072  514  951   36
  966   51]
ids [127 141 153 156 168 913 379 213 928 171 272 929 277 278 279 280 281 282
 283 284 285 286 287 288 289 290 291 292 293 294 295 296 297 298 299 300
 301 302 303 304 305 307 308 309 311 312 314 316 317 319 261 322 323 324
 325 326 327 328 329 330 331 332 333 334 335 336 337 338 339 340 341 342
 343 344 345 346 347 349 350 351 352 354 356 357 359 361 362 364 246 367
 934 370 371 372 373 374 375 376 377 380 382 383 385 386 387 388 389 390
 391 392 909 395 397 401 402 381 406 453 498 545 578 918 583 585 914 623
 625 628 630 633 275 675 943]
ids [ 137  142  143  144  145  146  147  148  149  150  151  152  154  155
  157  158  159  160  161  162  163  164  165  166  167  169  170  679
  172  174  249  176  177  179  180  181  182  184  187  188  189  190
  191  192  193  194  195  196  197  198  199  200  202  203  204  205
  206  207  208  209  210  211  212  214  215  217  218  219  221  222
  224  201  226  227  229  232  233  235  236  237  240  241  242  243
  245 1073  247  250  251  252  253  231  255  256  257  260  276  262
  266  267  269  271  306  348 1078  393  396  410  443  445  448  450
  366  186  493  495  500  535  538  540  799  789  794  798  264  808
  809  259  933  216  321  239  234  774]
ids [   1    2    3    4    9   10   11   12   13   14   15   16   17   18
   19   20   21   23   24   25   26   27   28   29   30   31   32  938
   34   35    7   37   39   41   42   44   46   47   49  940  900   52
   53   54   55   56   57   58   59   60   61   62   63   64   65   67
   68   69   70   71   72   73   74   75   76   78   79   81   83   85
   86   88   40   90   91   93   96   97   98   99  100  101  125  104
  105  106  109  111  113  114  115  116  119  120  121  124  126  993
  130  131  132  135  136  895  638  643  644  649  905  659  996  893
  674  898  850  981 1071]
09:29:23-INFO: Step 74
ids [  6 102 107 108 112 117 118 123 133 183 228 103 310 313 315 320 353 355
 358 360 363 365 400 403 411 438 128 542 654 547 548 549 550 551 552 553
 554 555 556 557 559 560 562 563 564 565 566 567 568 569 570 571 572 573
 574 575 576 577 579 581 582 584 586 587 589 592 593 594 595 596 597 598
 599 600 601 602 603 604 605 606 607 608 609 610 611 612 613 614 615 616
 617 618 619 620 621 622 624 626 627 629 631 632 634 635 636 637 639 640
 641 642 645 646 647 648 650 426 652 653 655 656 657 658 660 661 662 665
 590 667 671 672 676 813 405 561 670 544 669 580 664]
ids [815  38 936  43  45  82  84  87  92  94 129 134 274 368  89 384 398 399
 404 668 673 681 693 753 711 783 860 812 816 817 818 819 820 821 822 823
 824 825 826 827 829 830 831 832 833 834 835 836 837 838 839 840 841 842
 843 844 845 847 848 849 851 852 853 854 855 856 857 858 859 861 862 863
 864 865 866 867 868 869 870 871 872 873 874 875 946 877 878 879 880 881
 882 883 884 885 886 887 888 889 890 892 894 896 897 899 901 902 904 906
 907 908 910 911 912 915 916 917 920 924 922 923 925 926 927 948 930 931
 932 846 935 937 939 814 941 942 944 919 369  50 786 891 741 945 394]
        74     4943.8105718945     5059.4411632188      828.2936889582     4943.8105718945      115.6305913243      2.00241948
ids [   5   48  139  770  238 1075  244  248 1040  258  810  985  378  533
  677 1038  682  683  684  685  686  687  688  689  690  691  692  694
  695  696  697  698  699  700  701  702  703  704  705  706  707  708
  709  710 1080  712  713  714  716  717  719  721  722  724  726  727
  728  729  730  731  732  733  734  735  736  737  738  739  740  784
  742  743  744  745  746  747  748  749  750  751  752  754  755  756
  757  759  761  762  763  764  766  767  769  772  773 1033  775  776
  777  778 1030  780  781  782  785  254  787  788  790  791  792  793
  795  796  797  921  800  802  805  806  807  811  828  876  801  771
  804  983  988  990 1028]
ids [ 122  140  173  178  185  220  223  230  265  268  270  318  407  408
  225  412  413  414  415  416  417  418  419  420  421  422  423  424
  425 1074  427  428  429  430  431  432  433  434  435  436  437  439
  440  441  442  444  446  447  449  451  452  454  456  457  458  459
  460  461  462  463  464  465  466  467  468  469  470  471  472  473
  474  475  476  477  478  479  480  481  482  483  484  485  486  487
  488  489  491  492  494  496  497  499  502  505  506  507  508  509
  510  511  512  513  501  515  516  517  520  521  522  523  524  525
  526  527  528  530  531  532  536  537  539  541  558 1079  588  591
  803  949 1043 1044 1048  534 1053 1059 1054  651  175  546  455  490
  666]
ids [   8   22   66   77   80   95  110 1064  138  263  273  503  504  518
  519  529  950  543  663  678  680  715  718  720  723  725  758  760
  765  768 1077  409  903  947  952  953  954  955  956  957  958  959
  960  961  962  963  964  965  967  968  969  970  971  972  973  974
  975  976  977  978  979  980   33  982  984 1076  986  987  989  991
  992  994  995 1035  997  998  999 1000 1001 1002 1003 1004 1005 1006
 1007 1008 1009 1010 1011 1012 1013 1014 1015 1016 1017 1018 1019 1020
 1021 1022 1023 1024 1025 1026 1027 1029 1031 1032 1034 1036 1037 1039
 1041 1042 1045 1046 1047 1050 1051 1052 1081 1055 1056 1057 1058 1060
 1061 1062 1063 1065 1066 1067 1068 1069 1070 1049 1072  514  951   36
  966   51]
ids [ 137  142  143  144  145  146  147  148  149  150  151  152  154  155
  157  158  159  160  161  162  163  164  165  166  167  169  170  679
  172  174  249  176  177  179  180  181  182  184  187  188  189  190
  191  192  193  194  195  196  197  198  199  200  202  203  204  205
  206  207  208  209  210  211  212  214  215  217  218  219  221  222
  224  201  226  227  229  232  233  235  236  237  240  241  242  243
  245 1073  247  250  251  252  253  231  255  256  257  260  276  262
  266  267  269  271  306  348 1078  393  396  410  443  445  448  450
  366  186  493  495  500  535  538  540  799  789  794  798  264  808
  809  259  933  216  321  239  234  774  779]
ids [127 141 153 156 168 913 379 213 928 171 272 929 277 278 279 280 281 282
 283 284 285 286 287 288 289 290 291 292 293 294 295 296 297 298 299 300
 301 302 303 304 305 307 308 309 311 312 314 316 317 319 261 322 323 324
 325 326 327 328 329 330 331 332 333 334 335 336 337 338 339 340 341 342
 343 344 345 346 347 349 350 351 352 354 356 357 359 361 362 364 246 367
 934 370 371 372 373 374 375 376 377 380 382 383 385 386 387 388 389 390
 391 392 909 395 397 401 402 381 406 453 498 545 578 918 583 585 914 623
 625 628 630 633 275 675 943]
ids [   1    2    3    4    9   10   11   12   13   14   15   16   17   18
   19   20   21   23   24   25   26   27   28   29   30   31   32  938
   34   35    7   37   39   41   42   44   46   47   49  940  900   52
   53   54   55   56   57   58   59   60   61   62   63   64   65   67
   68   69   70   71   72   73   74   75   76   78   79   81   83   85
   86   88   40   90   91   93   96   97   98   99  100  101  125  104
  105  106  109  111  113  114  115  116  119  120  121  124  126  993
  130  131  132  135  136  895  638  643  644  649  905  659  996  893
  674  898  850  981 1071]
09:29:23-INFO: Step 75
ids [  6 102 107 108 112 117 118 123 133 183 228 103 310 313 315 320 353 355
 358 360 363 365 400 403 411 438 128 542 654 547 548 549 550 551 552 553
 554 555 556 557 559 560 562 563 564 565 566 567 568 569 570 571 572 573
 574 575 576 577 579 581 582 584 586 587 589 592 593 594 595 596 597 598
 599 600 601 602 603 604 605 606 607 608 609 610 611 612 613 614 615 616
 617 618 619 620 621 622 624 626 627 629 631 632 634 635 636 637 639 640
 641 642 645 646 647 648 650 426 652 653 655 656 657 658 660 661 662 665
 590 667 671 672 676 813 405 561 670 544 669 580 664]
        75     4942.7827053446     5059.4408496997      835.6543335833     4942.7827053446      116.6581443552      2.12962634
ids [815  38 936  43  45  82  84  87  92  94 129 134 274 368  89 384 398 399
 404 668 673 681 693 753 711 783 860 812 816 817 818 819 820 821 822 823
 824 825 826 827 829 830 831 832 833 834 835 836 837 838 839 840 841 842
 843 844 845 847 848 849 851 852 853 854 855 856 857 858 859 861 862 863
 864 865 866 867 868 869 870 871 872 873 874 875 946 877 878 879 880 881
 882 883 884 885 886 887 888 889 890 892 894 896 897 899 901 902 904 906
 907 908 910 911 912 915 916 917 920 924 922 923 925 926 927 948 930 931
 932 846 935 937 939 814 941 942 944 919 369  50 786 891 741 945 394]
ids [   8   22   66   77   80   95  110 1064  138  263  273  503  504  518
  519  529  950  543  663  678  680  715  718  720  723  725  758  760
  765  768 1077  409  903  947  952  953  954  955  956  957  958  959
  960  961  962  963  964  965  967  968  969  970  971  972  973  974
  975  976  977  978  979  980   33  982  984 1076  986  987  989  991
  992  994  995 1035  997  998  999 1000 1001 1002 1003 1004 1005 1006
 1007 1008 1009 1010 1011 1012 1013 1014 1015 1016 1017 1018 1019 1020
 1021 1022 1023 1024 1025 1026 1027 1029 1031 1032 1034 1036 1037 1039
 1041 1042 1045 1046 1047 1050 1051 1052 1081 1055 1056 1057 1058 1060
 1061 1062 1063 1065 1066 1067 1068 1069 1070 1049 1072  514  951   36
  966   51]
ids [127 141 153 156 168 913 379 213 928 171 272 929 277 278 279 280 281 282
 283 284 285 286 287 288 289 290 291 292 293 294 295 296 297 298 299 300
 301 302 303 304 305 307 308 309 311 312 314 316 317 319 261 322 323 324
 325 326 327 328 329 330 331 332 333 334 335 336 337 338 339 340 341 342
 343 344 345 346 347 349 350 351 352 354 356 357 359 361 362 364 246 367
 934 370 371 372 373 374 375 376 377 380 382 383 385 386 387 388 389 390
 391 392 909 395 397 401 402 381 406 453 498 545 578 918 583 585 914 623
 625 628 630 633 275 675 943]
ids [   5   48  139  770  238 1075  244  248 1040  258  810  985  378  533
  677 1038  682  683  684  685  686  687  688  689  690  691  692  694
  695  696  697  698  699  700  701  702  703  704  705  706  707  708
  709  710 1080  712  713  714  716  717  719  721  722  724  726  727
  728  729  730  731  732  733  734  735  736  737  738  739  740  784
  742  743  744  745  746  747  748  749  750  751  752  754  755  756
  757  759  761  762  763  764  766  767  769  772  773 1033  775  776
  777  778 1030  780  781  782  785  254  787  788  790  791  792  793
  795  796  797  921  800  802  805  806  807  811  828  876  801  771
  804  983  988  990 1028]
ids [ 122  140  173  178  185  220  223  230  265  268  270  318  407  408
  225  412  413  414  415  416  417  418  419  420  421  422  423  424
  425 1074  427  428  429  430  431  432  433  434  435  436  437  439
  440  441  442  444  446  447  449  451  452  454  456  457  458  459
  460  461  462  463  464  465  466  467  468  469  470  471  472  473
  474  475  476  477  478  479  480  481  482  483  484  485  486  487
  488  489  491  492  494  496  497  499  502  505  506  507  508  509
  510  511  512  513  501  515  516  517  520  521  522  523  524  525
  526  527  528  530  531  532  536  537  539  541  558 1079  588  591
  803  949 1043 1044 1048  534 1053 1059 1054  651  175  546  455  490
  666]
ids [ 137  142  143  144  145  146  147  148  149  150  151  152  154  155
  157  158  159  160  161  162  163  164  165  166  167  169  170  679
  172  174  249  176  177  179  180  181  182  184  187  188  189  190
  191  192  193  194  195  196  197  198  199  200  202  203  204  205
  206  207  208  209  210  211  212  214  215  217  218  219  221  222
  224  201  226  227  229  232  233  235  236  237  240  241  242  243
  245 1073  247  250  251  252  253  231  255  256  257  260  276  262
  266  267  269  271  306  348 1078  393  396  410  443  445  448  450
  366  186  493  495  500  535  538  540  799  789  794  798  264  808
  809  259  933  216  321  239  234  774  779]
ids [   1    2    3    4    9   10   11   12   13   14   15   16   17   18
   19   20   21   23   24   25   26   27   28   29   30   31   32  938
   34   35    7   37   39   41   42   44   46   47   49  940  900   52
   53   54   55   56   57   58   59   60   61   62   63   64   65   67
   68   69   70   71   72   73   74   75   76   78   79   81   83   85
   86   88   40   90   91   93   96   97   98   99  100  101  125  104
  105  106  109  111  113  114  115  116  119  120  121  124  126  993
  130  131  132  135  136  895  638  643  644  649  905  659  996  893
  674  898  850  981 1071]
09:29:23-INFO: Step 76
ids [  6 102 107 108 112 117 118 123 133 183 228 103 310 313 315 320 353 355
 358 360 363 365 400 403 411 438 128 542 654 547 548 549 550 551 552 553
 554 555 556 557 559 560 562 563 564 565 566 567 568 569 570 571 572 573
 574 575 576 577 579 581 582 584 586 587 589 592 593 594 595 596 597 598
 599 600 601 602 603 604 605 606 607 608 609 610 611 612 613 614 615 616
 617 618 619 620 621 622 624 626 627 629 631 632 634 635 636 637 639 640
 641 642 645 646 647 648 650 426 652 653 655 656 657 658 660 661 662 665
 590 667 671 672 676 813 405 561 670 544 669 580 664]
        76     4941.4699309262     5059.4405993225      845.0563038351     4941.4699309262      117.9706683962      2.18332248
ids [127 141 153 156 168 913 379 213 928 171 272 929 277 278 279 280 281 282
 283 284 285 286 287 288 289 290 291 292 293 294 295 296 297 298 299 300
 301 302 303 304 305 307 308 309 311 312 314 316 317 319 261 322 323 324
 325 326 327 328 329 330 331 332 333 334 335 336 337 338 339 340 341 342
 343 344 345 346 347 349 350 351 352 354 356 357 359 361 362 364 246 367
 934 370 371 372 373 374 375 376 377 380 382 383 385 386 387 388 389 390
 391 392 909 395 397 401 402 381 406 453 498 545 578 918 583 585 914 623
 625 628 630 633 275 675 943]
ids [815  38 936  43  45  82  84  87  92  94 129 134 274 368  89 384 398 399
 404 668 673 681 693 753 711 783 860 812 816 817 818 819 820 821 822 823
 824 825 826 827 829 830 831 832 833 834 835 836 837 838 839 840 841 842
 843 844 845 847 848 849 851 852 853 854 855 856 857 858 859 861 862 863
 864 865 866 867 868 869 870 871 872 873 874 875 946 877 878 879 880 881
 882 883 884 885 886 887 888 889 890 892 894 896 897 899 901 902 904 906
 907 908 910 911 912 915 916 917 920 924 922 923 925 926 927 948 930 931
 932 846 935 937 939 814 941 942 944 919 369  50 786 891 741 945 394]
ids [   8   22   66   77   80   95  110 1064  138  263  273  503  504  518
  519  529  950  543  663  678  680  715  718  720  723  725  758  760
  765  768 1077  409  903  947  952  953  954  955  956  957  958  959
  960  961  962  963  964  965  967  968  969  970  971  972  973  974
  975  976  977  978  979  980   33  982  984 1076  986  987  989  991
  992  994  995 1035  997  998  999 1000 1001 1002 1003 1004 1005 1006
 1007 1008 1009 1010 1011 1012 1013 1014 1015 1016 1017 1018 1019 1020
 1021 1022 1023 1024 1025 1026 1027 1029 1031 1032 1034 1036 1037 1039
 1041 1042 1045 1046 1047 1050 1051 1052 1081 1055 1056 1057 1058 1060
 1061 1062 1063 1065 1066 1067 1068 1069 1070 1049 1072  514  951   36
  966   51]
ids [ 122  140  173  178  185  220  223  230  265  268  270  318  407  408
  225  412  413  414  415  416  417  418  419  420  421  422  423  424
  425 1074  427  428  429  430  431  432  433  434  435  436  437  439
  440  441  442  444  446  447  449  451  452  454  456  457  458  459
  460  461  462  463  464  465  466  467  468  469  470  471  472  473
  474  475  476  477  478  479  480  481  482  483  484  485  486  487
  488  489  491  492  494  496  497  499  502  505  506  507  508  509
  510  511  512  513  501  515  516  517  520  521  522  523  524  525
  526  527  528  530  531  532  536  537  539  541  558 1079  588  591
  803  949 1043 1044 1048  534 1053 1059 1054  651  175  546  455  490
  666]
ids [   5   48  139  770  238 1075  244  248 1040  258  810  985  378  533
  677 1038  682  683  684  685  686  687  688  689  690  691  692  694
  695  696  697  698  699  700  701  702  703  704  705  706  707  708
  709  710 1080  712  713  714  716  717  719  721  722  724  726  727
  728  729  730  731  732  733  734  735  736  737  738  739  740  784
  742  743  744  745  746  747  748  749  750  751  752  754  755  756
  757  759  761  762  763  764  766  767  769  772  773 1033  775  776
  777  778 1030  780  781  782  785  254  787  788  790  791  792  793
  795  796  797  921  800  802  805  806  807  811  828  876  801  771
  804  983  988  990 1028]
ids [ 137  142  143  144  145  146  147  148  149  150  151  152  154  155
  157  158  159  160  161  162  163  164  165  166  167  169  170  679
  172  174  249  176  177  179  180  181  182  184  187  188  189  190
  191  192  193  194  195  196  197  198  199  200  202  203  204  205
  206  207  208  209  210  211  212  214  215  217  218  219  221  222
  224  201  226  227  229  232  233  235  236  237  240  241  242  243
  245 1073  247  250  251  252  253  231  255  256  257  260  276  262
  266  267  269  271  306  348 1078  393  396  410  443  445  448  450
  366  186  493  495  500  535  538  540  799  789  794  798  264  808
  809  259  933  216  321  239  234  774  779]
ids [   1    2    3    4    9   10   11   12   13   14   15   16   17   18
   19   20   21   23   24   25   26   27   28   29   30   31   32  938
   34   35    7   37   39   41   42   44   46   47   49  940  900   52
   53   54   55   56   57   58   59   60   61   62   63   64   65   67
   68   69   70   71   72   73   74   75   76   78   79   81   83   85
   86   88   40   90   91   93   96   97   98   99  100  101  125  104
  105  106  109  111  113  114  115  116  119  120  121  124  126  993
  130  131  132  135  136  895  638  643  644  649  905  659  996  893
  674  898  850  981 1071]
09:29:23-INFO: Step 77
        77     4939.8754999835     5059.4404554547      856.4766200974     4939.8754999835      119.5649554711      2.19755535
ids [  6 102 107 108 112 117 118 123 133 183 228 103 310 313 315 320 353 355
 358 360 363 365 400 403 411 438 128 542 654 547 548 549 550 551 552 553
 554 555 556 557 559 560 562 563 564 565 566 567 568 569 570 571 572 573
 574 575 576 577 579 581 582 584 586 587 589 592 593 594 595 596 597 598
 599 600 601 602 603 604 605 606 607 608 609 610 611 612 613 614 615 616
 617 618 619 620 621 622 624 626 627 629 631 632 634 635 636 637 639 640
 641 642 645 646 647 648 650 426 652 653 655 656 657 658 660 661 662 665
 590 667 671 672 676 813 405 561 670 544 669 580 664]
ids [127 141 153 156 168 913 379 213 928 171 272 929 277 278 279 280 281 282
 283 284 285 286 287 288 289 290 291 292 293 294 295 296 297 298 299 300
 301 302 303 304 305 307 308 309 311 312 314 316 317 319 261 322 323 324
 325 326 327 328 329 330 331 332 333 334 335 336 337 338 339 340 341 342
 343 344 345 346 347 349 350 351 352 354 356 357 359 361 362 364 246 367
 934 370 371 372 373 374 375 376 377 380 382 383 385 386 387 388 389 390
 391 392 909 395 397 401 402 381 406 453 498 545 578 918 583 585 914 623
 625 628 630 633 275 675 943]
ids [815  38 936  43  45  82  84  87  92  94 129 134 274 368  89 384 398 399
 404 668 673 681 693 753 711 783 860 812 816 817 818 819 820 821 822 823
 824 825 826 827 829 830 831 832 833 834 835 836 837 838 839 840 841 842
 843 844 845 847 848 849 851 852 853 854 855 856 857 858 859 861 862 863
 864 865 866 867 868 869 870 871 872 873 874 875 946 877 878 879 880 881
 882 883 884 885 886 887 888 889 890 892 894 896 897 899 901 902 904 906
 907 908 910 911 912 915 916 917 920 924 922 923 925 926 927 948 930 931
 932 846 935 937 939 814 941 942 944 919 369  50 786 891 741 945 394]
ids [   8   22   66   77   80   95  110 1064  138  263  273  503  504  518
  519  529  950  543  663  678  680  715  718  720  723  725  758  760
  765  768 1077  409  903  947  952  953  954  955  956  957  958  959
  960  961  962  963  964  965  967  968  969  970  971  972  973  974
  975  976  977  978  979  980   33  982  984 1076  986  987  989  991
  992  994  995 1035  997  998  999 1000 1001 1002 1003 1004 1005 1006
 1007 1008 1009 1010 1011 1012 1013 1014 1015 1016 1017 1018 1019 1020
 1021 1022 1023 1024 1025 1026 1027 1029 1031 1032 1034 1036 1037 1039
 1041 1042 1045 1046 1047 1050 1051 1052 1081 1055 1056 1057 1058 1060
 1061 1062 1063 1065 1066 1067 1068 1069 1070 1049 1072  514  951   36
  966   51]
ids [ 122  140  173  178  185  220  223  230  265  268  270  318  407  408
  225  412  413  414  415  416  417  418  419  420  421  422  423  424
  425 1074  427  428  429  430  431  432  433  434  435  436  437  439
  440  441  442  444  446  447  449  451  452  454  456  457  458  459
  460  461  462  463  464  465  466  467  468  469  470  471  472  473
  474  475  476  477  478  479  480  481  482  483  484  485  486  487
  488  489  491  492  494  496  497  499  502  505  506  507  508  509
  510  511  512  513  501  515  516  517  520  521  522  523  524  525
  526  527  528  530  531  532  536  537  539  541  558 1079  588  591
  803  949 1043 1044 1048  534 1053 1059 1054  651  175  546  455  490
  666]
ids [   5   48  139  770  238 1075  244  248 1040  258  810  985  378  533
  677 1038  682  683  684  685  686  687  688  689  690  691  692  694
  695  696  697  698  699  700  701  702  703  704  705  706  707  708
  709  710 1080  712  713  714  716  717  719  721  722  724  726  727
  728  729  730  731  732  733  734  735  736  737  738  739  740  784
  742  743  744  745  746  747  748  749  750  751  752  754  755  756
  757  759  761  762  763  764  766  767  769  772  773 1033  775  776
  777  778 1030  780  781  782  785  254  787  788  790  791  792  793
  795  796  797  921  800  802  805  806  807  811  828  876  801  771
  804  983  988  990 1028]
ids [ 137  142  143  144  145  146  147  148  149  150  151  152  154  155
  157  158  159  160  161  162  163  164  165  166  167  169  170  679
  172  174  249  176  177  179  180  181  182  184  187  188  189  190
  191  192  193  194  195  196  197  198  199  200  202  203  204  205
  206  207  208  209  210  211  212  214  215  217  218  219  221  222
  224  201  226  227  229  232  233  235  236  237  240  241  242  243
  245 1073  247  250  251  252  253  231  255  256  257  260  276  262
  266  267  269  271  306  348 1078  393  396  410  443  445  448  450
  366  186  493  495  500  535  538  540  799  789  794  798  264  808
  809  259  933  216  321  239  234  774  779]
ids [   1    2    3    4    9   10   11   12   13   14   15   16   17   18
   19   20   21   23   24   25   26   27   28   29   30   31   32  938
   34   35    7   37   39   41   42   44   46   47   49  940  900   52
   53   54   55   56   57   58   59   60   61   62   63   64   65   67
   68   69   70   71   72   73   74   75   76   78   79   81   83   85
   86   88   40   90   91   93   96   97   98   99  100  101  125  104
  105  106  109  111  113  114  115  116  119  120  121  124  126  993
  130  131  132  135  136  895  638  643  644  649  905  659  996  893
  674  898  850  981 1071]
09:29:23-INFO: Step 78
ids [  6 102 107 108 112 117 118 123 133 183 228 103 310 313 315 320 353 355
 358 360 363 365 400 403 411 438 128 542 654 547 548 549 550 551 552 553
 554 555 556 557 559 560 562 563 564 565 566 567 568 569 570 571 572 573
 574 575 576 577 579 581 582 584 586 587 589 592 593 594 595 596 597 598
 599 600 601 602 603 604 605 606 607 608 609 610 611 612 613 614 615 616
 617 618 619 620 621 622 624 626 627 629 631 632 634 635 636 637 639 640
 641 642 645 646 647 648 650 426 652 653 655 656 657 658 660 661 662 665
 590 667 671 672 676 813 405 561 670 544 669 580 664]
ids [815  38 936  43  45  82  84  87  92  94 129 134 274 368  89 384 398 399
 404 668 673 681 693 753 711 783 860 812 816 817 818 819 820 821 822 823
 824 825 826 827 829 830 831 832 833 834 835 836 837 838 839 840 841 842
 843 844 845 847 848 849 851 852 853 854 855 856 857 858 859 861 862 863
 864 865 866 867 868 869 870 871 872 873 874 875 946 877 878 879 880 881
 882 883 884 885 886 887 888 889 890 892 894 896 897 899 901 902 904 906
 907 908 910 911 912 915 916 917 920 924 922 923 925 926 927 948 930 931
 932 846 935 937 939 814 941 942 944 919 369  50 786 891 741 945 394]
        78     4938.0010444351     5059.4404439259      869.9037775130     4938.0010444351      121.4393994908      2.19064752
ids [   5   48  139  770  238 1075  244  248 1040  258  810  985  378  533
  677 1038  682  683  684  685  686  687  688  689  690  691  692  694
  695  696  697  698  699  700  701  702  703  704  705  706  707  708
  709  710 1080  712  713  714  716  717  719  721  722  724  726  727
  728  729  730  731  732  733  734  735  736  737  738  739  740  784
  742  743  744  745  746  747  748  749  750  751  752  754  755  756
  757  759  761  762  763  764  766  767  769  772  773 1033  775  776
  777  778 1030  780  781  782  785  254  787  788  790  791  792  793
  795  796  797  921  800  802  805  806  807  811  828  876  801  771
  804  983  988  990 1028]
ids [   8   22   66   77   80   95  110 1064  138  263  273  503  504  518
  519  529  950  543  663  678  680  715  718  720  723  725  758  760
  765  768 1077  409  903  947  952  953  954  955  956  957  958  959
  960  961  962  963  964  965  967  968  969  970  971  972  973  974
  975  976  977  978  979  980   33  982  984 1076  986  987  989  991
  992  994  995 1035  997  998  999 1000 1001 1002 1003 1004 1005 1006
 1007 1008 1009 1010 1011 1012 1013 1014 1015 1016 1017 1018 1019 1020
 1021 1022 1023 1024 1025 1026 1027 1029 1031 1032 1034 1036 1037 1039
 1041 1042 1045 1046 1047 1050 1051 1052 1081 1055 1056 1057 1058 1060
 1061 1062 1063 1065 1066 1067 1068 1069 1070 1049 1072  514  951   36
  966   51]
ids [ 122  140  173  178  185  220  223  230  265  268  270  318  407  408
  225  412  413  414  415  416  417  418  419  420  421  422  423  424
  425 1074  427  428  429  430  431  432  433  434  435  436  437  439
  440  441  442  444  446  447  449  451  452  454  456  457  458  459
  460  461  462  463  464  465  466  467  468  469  470  471  472  473
  474  475  476  477  478  479  480  481  482  483  484  485  486  487
  488  489  491  492  494  496  497  499  502  505  506  507  508  509
  510  511  512  513  501  515  516  517  520  521  522  523  524  525
  526  527  528  530  531  532  536  537  539  541  558 1079  588  591
  803  949 1043 1044 1048  534 1053 1059 1054  651  175  546  455  490
  666]
ids [127 141 153 156 168 913 379 213 928 171 272 929 277 278 279 280 281 282
 283 284 285 286 287 288 289 290 291 292 293 294 295 296 297 298 299 300
 301 302 303 304 305 307 308 309 311 312 314 316 317 319 261 322 323 324
 325 326 327 328 329 330 331 332 333 334 335 336 337 338 339 340 341 342
 343 344 345 346 347 349 350 351 352 354 356 357 359 361 362 364 246 367
 934 370 371 372 373 374 375 376 377 380 382 383 385 386 387 388 389 390
 391 392 909 395 397 401 402 381 406 453 498 545 578 918 583 585 914 623
 625 628 630 633 275 675 943]
ids [ 137  142  143  144  145  146  147  148  149  150  151  152  154  155
  157  158  159  160  161  162  163  164  165  166  167  169  170  679
  172  174  249  176  177  179  180  181  182  184  187  188  189  190
  191  192  193  194  195  196  197  198  199  200  202  203  204  205
  206  207  208  209  210  211  212  214  215  217  218  219  221  222
  224  201  226  227  229  232  233  235  236  237  240  241  242  243
  245 1073  247  250  251  252  253  231  255  256  257  260  276  262
  266  267  269  271  306  348 1078  393  396  410  443  445  448  450
  366  186  493  495  500  535  538  540  799  789  794  798  264  808
  809  259  933  216  321  239  234  774  779]
ids [   1    2    3    4    9   10   11   12   13   14   15   16   17   18
   19   20   21   23   24   25   26   27   28   29   30   31   32  938
   34   35    7   37   39   41   42   44   46   47   49  940  900   52
   53   54   55   56   57   58   59   60   61   62   63   64   65   67
   68   69   70   71   72   73   74   75   76   78   79   81   83   85
   86   88   40   90   91   93   96   97   98   99  100  101  125  104
  105  106  109  111  113  114  115  116  119  120  121  124  126  993
  130  131  132  135  136  895  638  643  644  649  905  659  996  893
  674  898  850  981 1071]
09:29:23-INFO: Step 79
ids [815  38 936  43  45  82  84  87  92  94 129 134 274 368  89 384 398 399
 404 668 673 681 693 753 711 783 860 812 816 817 818 819 820 821 822 823
 824 825 826 827 829 830 831 832 833 834 835 836 837 838 839 840 841 842
 843 844 845 847 848 849 851 852 853 854 855 856 857 858 859 861 862 863
 864 865 866 867 868 869 870 871 872 873 874 875 946 877 878 879 880 881
 882 883 884 885 886 887 888 889 890 892 894 896 897 899 901 902 904 906
 907 908 910 911 912 915 916 917 920 924 922 923 925 926 927 948 930 931
 932 846 935 937 939 814 941 942 944 919 369  50 786 891 741 945 394]
ids [  6 102 107 108 112 117 118 123 133 183 228 103 310 313 315 320 353 355
 358 360 363 365 400 403 411 438 128 542 654 547 548 549 550 551 552 553
 554 555 556 557 559 560 562 563 564 565 566 567 568 569 570 571 572 573
 574 575 576 577 579 581 582 584 586 587 589 592 593 594 595 596 597 598
 599 600 601 602 603 604 605 606 607 608 609 610 611 612 613 614 615 616
 617 618 619 620 621 622 624 626 627 629 631 632 634 635 636 637 639 640
 641 642 645 646 647 648 650 426 652 653 655 656 657 658 660 661 662 665
 590 667 671 672 676 813 405 561 670 544 669 580 664]
ids [127 141 153 156 168 913 379 213 928 171 272 929 277 278 279 280 281 282
 283 284 285 286 287 288 289 290 291 292 293 294 295 296 297 298 299 300
 301 302 303 304 305 307 308 309 311 312 314 316 317 319 261 322 323 324
 325 326 327 328 329 330 331 332 333 334 335 336 337 338 339 340 341 342
 343 344 345 346 347 349 350 351 352 354 356 357 359 361 362 364 246 367
 934 370 371 372 373 374 375 376 377 380 382 383 385 386 387 388 389 390
 391 392 909 395 397 401 402 381 406 453 498 545 578 918 583 585 914 623
 625 628 630 633 275 675 943]
        79     4935.8461704442     5059.4405715383      885.3406459690     4935.8461704442      123.5944010941      2.08706693
ids [   8   22   66   77   80   95  110 1064  138  263  273  503  504  518
  519  529  950  543  663  678  680  715  718  720  723  725  758  760
  765  768 1077  409  903  947  952  953  954  955  956  957  958  959
  960  961  962  963  964  965  967  968  969  970  971  972  973  974
  975  976  977  978  979  980   33  982  984 1076  986  987  989  991
  992  994  995 1035  997  998  999 1000 1001 1002 1003 1004 1005 1006
 1007 1008 1009 1010 1011 1012 1013 1014 1015 1016 1017 1018 1019 1020
 1021 1022 1023 1024 1025 1026 1027 1029 1031 1032 1034 1036 1037 1039
 1041 1042 1045 1046 1047 1050 1051 1052 1081 1055 1056 1057 1058 1060
 1061 1062 1063 1065 1066 1067 1068 1069 1070 1049 1072  514  951   36
  966   51]
ids [ 137  142  143  144  145  146  147  148  149  150  151  152  154  155
  157  158  159  160  161  162  163  164  165  166  167  169  170  679
  172  174  249  176  177  179  180  181  182  184  187  188  189  190
  191  192  193  194  195  196  197  198  199  200  202  203  204  205
  206  207  208  209  210  211  212  214  215  217  218  219  221  222
  224  201  226  227  229  232  233  235  236  237  240  241  242  243
  245 1073  247  250  251  252  253  231  255  256  257  260  276  262
  266  267  269  271  306  348 1078  393  396  410  443  445  448  450
  366  186  493  495  500  535  538  540  799  789  794  798  264  808
  809  259  933  216  321  239  234  774  779]
ids [   5   48  139  770  238 1075  244  248 1040  258  810  985  378  533
  677 1038  682  683  684  685  686  687  688  689  690  691  692  694
  695  696  697  698  699  700  701  702  703  704  705  706  707  708
  709  710 1080  712  713  714  716  717  719  721  722  724  726  727
  728  729  730  731  732  733  734  735  736  737  738  739  740  784
  742  743  744  745  746  747  748  749  750  751  752  754  755  756
  757  759  761  762  763  764  766  767  769  772  773 1033  775  776
  777  778 1030  780  781  782  785  254  787  788  790  791  792  793
  795  796  797  921  800  802  805  806  807  811  828  876  801  771
  804  983  988  990 1028]
ids [ 122  140  173  178  185  220  223  230  265  268  270  318  407  408
  225  412  413  414  415  416  417  418  419  420  421  422  423  424
  425 1074  427  428  429  430  431  432  433  434  435  436  437  439
  440  441  442  444  446  447  449  451  452  454  456  457  458  459
  460  461  462  463  464  465  466  467  468  469  470  471  472  473
  474  475  476  477  478  479  480  481  482  483  484  485  486  487
  488  489  491  492  494  496  497  499  502  505  506  507  508  509
  510  511  512  513  501  515  516  517  520  521  522  523  524  525
  526  527  528  530  531  532  536  537  539  541  558 1079  588  591
  803  949 1043 1044 1048  534 1053 1059 1054  651  175  546  455  490
  666]
ids [   1    2    3    4    9   10   11   12   13   14   15   16   17   18
   19   20   21   23   24   25   26   27   28   29   30   31   32  938
   34   35    7   37   39   41   42   44   46   47   49  940  900   52
   53   54   55   56   57   58   59   60   61   62   63   64   65   67
   68   69   70   71   72   73   74   75   76   78   79   81   83   85
   86   88   40   90   91   93   96   97   98   99  100  101  125  104
  105  106  109  111  113  114  115  116  119  120  121  124  126  993
  130  131  132  135  136  895  638  643  644  649  905  659  996  893
  674  898  850  981 1071]
09:29:23-INFO: Step 80
ids [815  38 936  43  45  82  84  87  92  94 129 134 274 368  89 384 398 399
 404 668 673 681 693 753 711 783 860 812 816 817 818 819 820 821 822 823
 824 825 826 827 829 830 831 832 833 834 835 836 837 838 839 840 841 842
 843 844 845 847 848 849 851 852 853 854 855 856 857 858 859 861 862 863
 864 865 866 867 868 869 870 871 872 873 874 875 946 877 878 879 880 881
 882 883 884 885 886 887 888 889 890 892 894 896 897 899 901 902 904 906
 907 908 910 911 912 915 916 917 920 924 922 923 925 926 927 948 930 931
 932 846 935 937 939 814 941 942 944 919 369  50 786 891 741 945 394]
ids [  6 102 107 108 112 117 118 123 133 183 228 103 310 313 315 320 353 355
 358 360 363 365 400 403 411 438 128 542 654 547 548 549 550 551 552 553
 554 555 556 557 559 560 562 563 564 565 566 567 568 569 570 571 572 573
 574 575 576 577 579 581 582 584 586 587 589 592 593 594 595 596 597 598
 599 600 601 602 603 604 605 606 607 608 609 610 611 612 613 614 615 616
 617 618 619 620 621 622 624 626 627 629 631 632 634 635 636 637 639 640
 641 642 645 646 647 648 650 426 652 653 655 656 657 658 660 661 662 665
 590 667 671 672 676 813 405 561 670 544 669 580 664]
ids [127 141 153 156 168 913 379 213 928 171 272 929 277 278 279 280 281 282
 283 284 285 286 287 288 289 290 291 292 293 294 295 296 297 298 299 300
 301 302 303 304 305 307 308 309 311 312 314 316 317 319 261 322 323 324
 325 326 327 328 329 330 331 332 333 334 335 336 337 338 339 340 341 342
 343 344 345 346 347 349 350 351 352 354 356 357 359 361 362 364 246 367
 934 370 371 372 373 374 375 376 377 380 382 383 385 386 387 388 389 390
 391 392 909 395 397 401 402 381 406 453 498 545 578 918 583 585 914 623
 625 628 630 633 275 675 943]
ids [   8   22   66   77   80   95  110 1064  138  263  273  503  504  518
  519  529  950  543  663  678  680  715  718  720  723  725  758  760
  765  768 1077  409  903  947  952  953  954  955  956  957  958  959
  960  961  962  963  964  965  967  968  969  970  971  972  973  974
  975  976  977  978  979  980   33  982  984 1076  986  987  989  991
  992  994  995 1035  997  998  999 1000 1001 1002 1003 1004 1005 1006
 1007 1008 1009 1010 1011 1012 1013 1014 1015 1016 1017 1018 1019 1020
 1021 1022 1023 1024 1025 1026 1027 1029 1031 1032 1034 1036 1037 1039
 1041 1042 1045 1046 1047 1050 1051 1052 1081 1055 1056 1057 1058 1060
 1061 1062 1063 1065 1066 1067 1068 1069 1070  810 1072  514  951   36
  966   51]
        80     4933.4083507249     5059.4408259905      902.8052409887     4933.4083507249      126.0324752655      2.04369426
ids [ 137  142  143  144  145  146  147  148  149  150  151  152  154  155
  157  158  159  160  161  162  163  164  165  166  167  169  170  679
  172  174  249  176  177  179  180  181  182  184  187  188  189  190
  191  192  193  194  195  196  197  198  199  200  202  203  204  205
  206  207  208  209  210  211  212  214  215  217  218  219  221  222
  224  201  226  227  229  232  233  235  236  237  240  241  242  243
  245 1073  247  250  251  252  253  231  255  256  257  260  276  262
  266  267  269  271  306  348 1078  393  396  410  443  445  448  450
  366  186  493  495  500  535  538  540  799  789  794  798  264  808
  809  259  933  216  321  239  234  774  779]
ids [   5   48  139  770  238 1075  244  248 1040  258 1028  985  378  533
  677 1038  682  683  684  685  686  687  688  689  690  691  692  694
  695  696  697  698  699  700  701  702  703  704  705  706  707  708
  709  710 1080  712  713  714  716  717  719  721  722  724  726  727
  728  729  730  731  732  733  734  735  736  737  738  739  740  784
  742  743  744  745  746  747  748  749  750  751  752  754  755  756
  757  759  761  762  763  764  766  767  769  772  773 1033  775  776
  777  778 1030  780  781  782  785  254  787  788  790  791  792  793
  795  796  797  921  800  802  805  806  807  811  828  876  801  771
  804  983  988  990]
ids [ 122  140  173  178  185  220  223  230  265  268  270  318  407  408
  225  412  413  414  415  416  417  418  419  420  421  422  423  424
  425 1074  427  428  429  430  431  432  433  434  435  436  437  439
  440  441  442  444  446  447  449  451  452  454  456  457  458  459
  460  461  462  463  464  465  466  467  468  469  470  471  472  473
  474  475  476  477  478  479  480  481  482  483  484  485  486  487
  488  489  491  492  494  496  497  499  502  505  506  507  508  509
  510  511  512  513  501  515  516  517  520  521  522  523  524  525
  526  527  528  530  531  532  536  537  539  541  558 1079  588  591
  803  949 1043 1044 1048  534 1053 1059 1054  651  175  546  455  490
  666 1049]
ids [   1    2    3    4    9   10   11   12   13   14   15   16   17   18
   19   20   21   23   24   25   26   27   28   29   30   31   32  938
   34   35    7   37   39   41   42   44   46   47   49  940  900   52
   53   54   55   56   57   58   59   60   61   62   63   64   65   67
   68   69   70   71   72   73   74   75   76   78   79   81   83   85
   86   88   40   90   91   93   96   97   98   99  100  101  125  104
  105  106  109  111  113  114  115  116  119  120  121  124  126  993
  130  131  132  135  136  895  638  643  644  649  905  659  996  893
  674  898  850  981 1071]
09:29:23-INFO: Step 81
ids [815  38 936  43  45  82  84  87  92  94 129 134 274 368  89 384 398 399
 404 668 673 681 693 753 711 783 860 812 816 817 818 819 820 821 822 823
 824 825 826 827 829 830 831 832 833 834 835 836 837 838 839 840 841 842
 843 844 845 847 848 849 851 852 853 854 855 856 857 858 859 861 862 863
 864 865 866 867 868 869 870 871 872 873 874 875 946 877 878 879 880 881
 882 883 884 885 886 887 888 889 890 892 894 896 897 899 901 902 904 906
 907 908 910 911 912 915 916 917 920 924 922 923 925 926 927 948 930 931
 932 846 935 937 939 814 941 942 944 919 369  50 786 891 741 945 394]
ids [127 141 153 156 168 913 379 213 928 171 272 929 277 278 279 280 281 282
 283 284 285 286 287 288 289 290 291 292 293 294 295 296 297 298 299 300
 301 302 303 304 305 307 308 309 311 312 314 316 317 319 261 322 323 324
 325 326 327 328 329 330 331 332 333 334 335 336 337 338 339 340 341 342
 343 344 345 346 347 349 350 351 352 354 356 357 359 361 362 364 246 367
 934 370 371 372 373 374 375 376 377 380 382 383 385 386 387 388 389 390
 391 392 909 395 397 401 402 381 406 453 498 545 578 918 583 585 914 623
 625 628 630 633 275 675 943]
ids [  6 102 107 108 112 117 118 123 133 183 228 103 310 313 315 320 353 355
 358 360 363 365 400 403 411 438 128 542 654 547 548 549 550 551 552 553
 554 555 556 557 559 560 562 563 564 565 566 567 568 569 570 571 572 573
 574 575 576 577 579 581 582 584 586 587 589 592 593 594 595 596 597 598
 599 600 601 602 603 604 605 606 607 608 609 610 611 612 613 614 615 616
 617 618 619 620 621 622 624 626 627 629 631 632 634 635 636 637 639 640
 641 642 645 646 647 648 650 426 652 653 655 656 657 658 660 661 662 665
 590 667 671 672 676 813 405 561 670 544 669 580 664]
ids [   8   22   66   77   80   95  110 1064  138  263  273  503  504  518
  519  529  950  543  663  678  680  715  718  720  723  725  758  760
  765  768 1077  409  903  947  952  953  954  955  956  957  958  959
  960  961  962  963  964  965  967  968  969  970  971  972  973  974
  975  976  977  978  979  980   33  982  984 1076  986  987  989  991
  992  994  995 1035  997  998  999 1000 1001 1002 1003 1004 1005 1006
 1007 1008 1009 1010 1011 1012 1013 1014 1015 1016 1017 1018 1019 1020
 1021 1022 1023 1024 1025 1026 1027 1029 1031 1032 1034 1036 1037 1039
 1041 1042 1045 1046 1047 1050 1051 1052 1081 1055 1056 1057 1058 1060
 1061 1062 1063 1065 1066 1067 1068 1069 1070  810 1072  514  951   36
  966   51]
        81     4930.6831183600     5059.4411771893      922.3293447639     4930.6831183600      128.7580588293      2.03966829
ids [   5   48  139  770  238 1075  244  248 1040  258 1028  985  378  533
  677 1038  682  683  684  685  686  687  688  689  690  691  692  694
  695  696  697  698  699  700  701  702  703  704  705  706  707  708
  709  710 1080  712  713  714  716  717  719  721  722  724  726  727
  728  729  730  731  732  733  734  735  736  737  738  739  740  784
  742  743  744  745  746  747  748  749  750  751  752  754  755  756
  757  759  761  762  763  764  766  767  769  772  773 1033  775  776
  777  778 1030  780  781  782  785  254  787  990  790  791  792  793
  795  796  797  921  800  802  805  806  807  811  828  876  801  771
  804  983  988]
ids [ 137  142  143  144  145  146  147  148  149  150  151  152  154  155
  157  158  159  160  161  162  163  164  165  166  167  169  170  679
  172  174  249  176  177  179  180  181  182  184  187  188  189  190
  191  192  193  194  195  196  197  198  199  200  202  203  204  205
  206  207  208  209  210  211  212  214  215  217  218  219  221  222
  224  201  226  227  229  232  233  235  236  237  240  241  242  243
  245 1073  247  250  251  252  253  231  255  256  257  260  276  262
  266  267  269  271  306  348 1078  393  396  410  443  445  448  450
  366  186  493  495  500  535  538  540  799  789  794  798  264  808
  809  259  933  216  321  239  234  774  779  788]
ids [ 122  140  173  178  185  220  223  230  265  268  270  318  407  408
  225  412  413  414  415  416  417  418  419  420  421  422  423  424
  425 1074  427  428  429  430  431  432  433  434  435  436  437  439
  440  441  442  444  446  447  449  451  452  454  456  457  458  459
  460  461  462  463  464  465  466  467  468  469  470  471  472  473
  474  475  476  477  478  479  480  481  482  483  484  485  486  487
  488  489  491  492  494  496  497  499  502  505  506  507  508  509
  510  511  512  513  501  515  516  517  520  521  522  523  524  525
  526  527  528  530  531  532  536  537  539  541  558 1079  588  591
  803  949 1043 1044 1048  534 1053 1059 1054  651  175  546  455  490
  666 1049]
ids [   1    2    3    4    9   10   11   12   13   14   15   16   17   18
   19   20   21   23   24   25   26   27   28   29   30   31   32  938
   34   35    7   37   39   41   42   44   46   47   49  940  900   52
   53   54   55   56   57   58   59   60   61   62   63   64   65   67
   68   69   70   71   72   73   74   75   76   78   79   81   83   85
   86   88   40   90   91   93   96   97   98   99  100  101  125  104
  105  106  109  111  113  114  115  116  119  120  121  124  126  993
  130  131  132  135  136  895  638  643  644  649  905  659  996  893
  674  898  850  981 1071]
09:29:23-INFO: Step 82
ids [   8   22   66   77   80   95  110 1064  138  263  273  503  504  518
  519  529  950  543  663  678  680  715  718  720  723  725  758  760
  765  768 1077  409  903  947  952  953  954  955  956  957  958  959
  960  961  962  963  964  965  967  968  969  970  971  972  973  974
  975  976  977  978  979  980   33  982  984 1076  986  987  989  991
  992  994  995 1035  997  998  999 1000 1001 1002 1003 1004 1005 1006
 1007 1008 1009 1010 1011 1012 1013 1014 1015 1016 1017 1018 1019 1020
 1021 1022 1023 1024 1025 1026 1027 1029 1031 1032 1034 1036 1037 1039
 1041 1042 1045 1046 1047 1050 1051 1052 1081 1055 1056 1057 1058 1060
 1061 1062 1063 1065 1066 1067 1068 1069 1070  810 1072  514  951   36
  966   51]
ids [815  38 936  43  45  82  84  87  92  94 129 134 274 368  89 384 398 399
 404 668 673 681 693 753 711 783 860 812 816 817 818 819 820 821 822 823
 824 825 826 827 829 830 831 832 833 834 835 836 837 838 839 840 841 842
 843 844 845 847 848 849 851 852 853 854 855 856 857 858 859 861 862 863
 864 865 866 867 868 869 870 871 872 873 874 875 946 877 878 879 880 881
 882 883 884 885 886 887 888 889 890 892 894 896 897 899 901 902 904 906
 907 908 910 911 912 915 916 917 920 924 922 923 925 926 927 948 930 931
 932 846 935 937 939 814 941 942 944 919 369  50 786 891 741 945 394]
ids [127 141 153 156 168 913 379 213 928 171 272 929 277 278 279 280 281 282
 283 284 285 286 287 288 289 290 291 292 293 294 295 296 297 298 299 300
 301 302 303 304 305 307 308 309 311 312 314 316 317 319 261 322 323 324
 325 326 327 328 329 330 331 332 333 334 335 336 337 338 339 340 341 342
 343 344 345 346 347 349 350 351 352 354 356 357 359 361 362 364 246 367
 934 370 371 372 373 374 375 376 377 380 382 383 385 386 387 388 389 390
 391 392 909 395 397 401 402 381 406 453 498 545 578 918 583 585 914 623
 625 628 630 633 275 675 943]
ids [  6 102 107 108 112 117 118 123 133 183 228 103 310 313 315 320 353 355
 358 360 363 365 400 403 411 438 128 542 654 547 548 549 550 551 552 553
 554 555 556 557 559 560 562 563 564 565 566 567 568 569 570 571 572 573
 574 575 576 577 579 581 582 584 586 587 589 592 593 594 595 596 597 598
 599 600 601 602 603 604 605 606 607 608 609 610 611 612 613 614 615 616
 617 618 619 620 621 622 624 626 627 629 631 632 634 635 636 637 639 640
 641 642 645 646 647 648 650 426 652 653 655 656 657 658 660 661 662 665
 590 667 671 672 676 813 405 561 670 544 669 580 664]
        82     4927.6645425091     5059.4415798544      943.9551171763     4927.6645425091      131.7770373453      1.91354877
ids [   5   48  139  770  238 1075  244  248 1040  258 1028  985  378  533
  677 1038  682  683  684  685  686  687  688  689  690  691  692  694
  695  696  697  698  699  700  701  702  703  704  705  706  707  708
  709  710 1080  712  713  714  716  717  719  721  722  724  726  727
  728  729  730  731  732  733  734  735  736  737  738  739  740  784
  742  743  744  745  746  747  748  749  750  751  752  754  755  756
  757  759  761  762  763  764  766  767  769  772  773 1033  775  776
  777  778 1030  780  781  782  785  254  787  990  790  791  792  793
  795  796  797  921  800  802  805  806  807  811  828  876  801  771
  804  983  988]
ids [ 122  140  173  178  185  220  223  230  265  268  270  318  407  408
  225  412  413  414  415  416  417  418  419  420  421  422  423  424
  425 1074  427  428  429  430  431  432  433  434  435  436  437  439
  440  441  442  444  446  447  449  451  452  454  456  457  458  459
  460  461  462  463  464  465  466  467  468  469  470  471  472  473
  474  475  476  477  478  479  480  481  482  483  484  485  486  487
  488  489  491  492  494  496  497  499  502  505  506  507  508  509
  510  511  512  513  501  515  516  517  520  521  522  523  524  525
  526  527  528  530  531  532  536  537  539  541  558 1079  588  591
  803  949 1043 1044 1048  534 1053 1059 1054  651  175  546  455  490
  666 1049]
ids [ 137  142  143  144  145  146  147  148  149  150  151  152  154  155
  157  158  159  160  161  162  163  164  165  166  167  169  170  679
  172  174  249  176  177  179  180  181  182  184  187  188  189  190
  191  192  193  194  195  196  197  198  199  200  202  203  204  205
  206  207  208  209  210  211  212  214  215  217  218  219  221  222
  224  201  226  227  229  232  233  235  236  237  240  241  242  243
  245 1073  247  250  251  252  253  231  255  256  257  260  276  262
  266  267  269  271  306  348 1078  393  396  410  443  445  448  450
  366  186  493  495  500  535  538  540  799  789  794  798  264  808
  809  259  933  216  321  239  234  774  779  788]
ids [   1    2    3    4    9   10   11   12   13   14   15   16   17   18
   19   20   21   23   24   25   26   27   28   29   30   31   32  938
   34   35    7   37   39   41   42   44   46   47   49  940  900   52
   53   54   55   56   57   58   59   60   61   62   63   64   65   67
   68   69   70   71   72   73   74   75   76   78   79   81   83   85
   86   88   40   90   91   93   96   97   98   99  100  101  125  104
  105  106  109  111  113  114  115  116  119  120  121  124  126  993
  130  131  132  135  136  895  638  643  644  649  905  659  996  893
  674  898  850  981 1071]
09:29:23-INFO: Step 83
        83     4924.3459454487     5059.4419772330      967.7299860580     4924.3459454487      135.0960317842      1.97142784
ids [127 141 153 156 168 913 379 213 928 171 272 929 277 278 279 280 281 282
 283 284 285 286 287 288 289 290 291 292 293 294 295 296 297 298 299 300
 301 302 303 304 305 307 308 309 311 312 314 316 317 319 261 322 323 324
 325 326 327 328 329 330 331 332 333 334 335 336 337 338 339 340 341 342
 343 344 345 346 347 349 350 351 352 354 356 357 359 361 362 364 246 367
 934 370 371 372 373 374 375 376 377 380 382 383 385 386 387 388 389 390
 391 392 909 395 397 401 402 381 406 453 498 545 578 918 583 585 914 623
 625 628 630 633 943 675]
ids [  6 102 107 108 112 117 118 123 133 183 228 103 310 313 315 320 353 355
 358 360 363 365 400 403 411 438 128 542 654 547 548 549 550 551 552 553
 554 555 556 557 559 560 562 563 564 565 566 567 568 569 570 571 572 573
 574 575 576 577 579 581 582 584 586 587 589 592 593 594 595 596 597 598
 599 600 601 602 603 604 605 606 607 608 609 610 611 612 613 614 615 616
 617 618 619 620 621 622 624 626 627 629 631 632 634 635 636 637 639 640
 641 642 645 646 647 648 650 426 652 653 655 656 657 658 660 661 662 665
 590 667 671 672 676 813 405 561 670 544 669 580 664 275]
ids [   5   48  139  770  238 1075  244  248 1040  258 1028  985  378  533
  677 1038  682  683  684  685  686  687  688  689  690  691  692  694
  695  696  697  698  699  700  701  702  703  704  705  706  707  708
  709  710 1080  712  713  714  716  717  719  721  722  724  726  727
  728  729  730  731  732  733  734  735  736  737  738  739  740  784
  742  743  744  745  746  747  748  749  750  751  752  754  755  756
  757  759  761  762  763  764  766  767  769  772  773 1033  775  776
  777  778 1030  780  781  782  785  254  787  990  790  791  792  793
  795  796  797  921  800  802  805  806  807  811  828  876  801  771
  804  983  988]
ids [815  38 936  43  45  82  84  87  92  94 129 134 274 368  89 384 398 399
 404 668 673 681 693 753 711 783 860 812 816 817 818 819 820 821 822 823
 824 825 826 827 829 830 831 832 833 834 835 836 837 838 839 840 841 842
 843 844 845 847 848 849 851 852 853 854 855 856 857 858 859 861 862 863
 864 865 866 867 868 869 870 871 872 873 874 875 946 877 878 879 880 881
 882 883 884 885 886 887 888 889 890 892 894 896 897 899 901 902 904 906
 907 908 910 911 912 915 916 917 920 924 922 923 925 926 927 948 930 931
 932 846 935 937 939 814 941 942 944 919 369  50 786 891 741 945 394]
ids [   8   22   66   77   80   95  110 1064  138  263  273  503  504  518
  519  529  950  543  663  678  680  715  718  720  723  725  758  760
  765  768 1077  409  903  947  952  953  954  955  956  957  958  959
  960  961  962  963  964  965  967  968  969  970  971  972  973  974
  975  976  977  978  979  980   33  982  984 1076  986  987  989  991
  992  994  995 1035  997  998  999 1000 1001 1002 1003 1004 1005 1006
 1007 1008 1009 1010 1011 1012 1013 1014 1015 1016 1017 1018 1019 1020
 1021 1022 1023 1024 1025 1026 1027 1029 1031 1032 1034 1036 1037 1039
 1041 1042 1045 1046 1047 1050 1051 1052 1081 1055 1056 1057 1058 1060
 1061 1062 1063 1065 1066 1067 1068 1069 1070  810 1072  514  951   36
  966   51]
ids [ 122  140  173  178  185  220  223  230  265  268  270  318  407  408
  225  412  413  414  415  416  417  418  419  420  421  422  423  424
  425 1074  427  428  429  430  431  432  433  434  435  436  437  439
  440  441  442  444  446  447  449  451  452  454  456  457  458  459
  460  461  462  463  464  465  466  467  468  469  470  471  472  473
  474  475  476  477  478  479  480  481  482  483  484  485  486  487
  488  489  491  492  494  496  497  499  502  505  506  507  508  509
  510  511  512  513  501  515  516  517  520  521  522  523  524  525
  526  527  528  530  531  532  536  537  539  541  558 1079  588  591
  803  949 1043 1044 1048  534 1053 1059 1054  651  175  546  455  490
  666 1049]
ids [ 137  142  143  144  145  146  147  148  149  150  151  152  154  155
  157  158  159  160  161  162  163  164  165  166  167  169  170  679
  172  174  249  176  177  179  180  181  182  184  187  188  189  190
  191  192  193  194  195  196  197  198  199  200  202  203  204  205
  206  207  208  209  210  211  212  214  215  217  218  219  221  222
  224  201  226  227  229  232  233  235  236  237  240  241  242  243
  245 1073  247  250  251  252  253  231  255  256  257  260  276  262
  266  267  269  271  306  348 1078  393  396  410  443  445  448  450
  366  186  493  495  500  535  538  540  799  789  794  798  264  808
  809  259  933  216  321  239  234  774  779  788]
ids [   1    2    3    4    9   10   11   12   13   14   15   16   17   18
   19   20   21   23   24   25   26   27   28   29   30   31   32  938
   34   35    7   37   39   41   42   44   46   47   49  940  900   52
   53   54   55   56   57   58   59   60   61   62   63   64   65   67
   68   69   70   71   72   73   74   75   76   78   79   81   83   85
   86   88   40   90   91   93   96   97   98   99  100  101  125  104
  105  106  109  111  113  114  115  116  119  120  121  124  126  993
  130  131  132  135  136  895  638  643  644  649  905  659  996  893
  674  898  850  981 1071]
09:29:23-INFO: Step 84
        84     4920.7208023741     5059.4423056665      993.7002343754     4920.7208023741      138.7215032924      2.03325964
ids [127 141 153 156 168 913 379 213 928 171 272 929 277 278 279 280 281 282
 283 284 285 286 287 288 289 290 291 292 293 294 295 296 297 298 299 300
 301 302 303 304 305 307 308 309 311 312 314 316 317 319 261 322 323 324
 325 326 327 328 329 330 331 332 333 334 335 336 337 338 339 340 341 342
 343 344 345 346 347 349 350 351 352 354 356 357 359 361 362 364 246 367
 934 370 371 372 373 374 375 376 377 380 382 383 385 386 387 388 389 390
 391 392 909 395 397 401 402 381 406 453 498 545 578 918 583 585 914 623
 625 628 630 633 943 675]
ids [815  38 936  43  45  82  84  87  92  94 129 134 274 368  89 384 398 399
 404 668 673 681 693 753 711 783 860 812 816 817 818 819 820 821 822 823
 824 825 826 827 829 830 831 832 833 834 835 836 837 838 839 840 841 842
 843 844 845 847 848 849 851 852 853 854 855 856 857 858 859 861 862 863
 864 865 866 867 868 869 870 871 872 873 874 875 946 877 878 879 880 881
 882 883 884 885 886 887 888 889 890 892 894 896 897 899 901 902 904 906
 907 908 910 911 912 915 916 917 920 924 922 923 925 926 927 948 930 931
 932 846 935 937 939 814 941 942 944 919 369  50 786 891 741 945 394]
ids [   8   22   66   77   80   95  110 1064  138  263  273  503  504  518
  519  529  950  543  663  678  680  715  718  720  723  725  758  760
  765  768 1077  409  903  947  952  953  954  955  956  957  958  959
  960  961  962  963  964  965  967  968  969  970  971  972  973  974
  975  976  977  978  979  980   33  982  984 1076  986  987  989  991
  992  994  995 1035  997  998  999 1000 1001 1002 1003 1004 1005 1006
 1007 1008 1009 1010 1011 1012 1013 1014 1015 1016 1017 1018 1019 1020
 1021 1022 1023 1024 1025 1026 1027 1029 1031 1032 1034 1036 1037 1039
 1041 1042 1045 1046 1047 1050 1051 1052 1081 1055 1056 1057 1058 1060
 1061 1062 1063 1065 1066 1067 1068 1069 1070  810 1072  514  951   36
  966   51]
ids [  6 102 107 108 112 117 118 123 133 183 228 103 310 313 315 320 353 355
 358 360 363 365 400 403 411 438 128 542 654 547 548 549 550 551 552 553
 554 555 556 557 559 560 562 563 564 565 566 567 568 569 570 571 572 573
 574 575 576 577 579 581 582 584 586 587 589 592 593 594 595 596 597 598
 599 600 601 602 603 604 605 606 607 608 609 610 611 612 613 614 615 616
 617 618 619 620 621 622 624 626 627 629 631 632 634 635 636 637 639 640
 641 642 645 646 647 648 650 426 652 653 655 656 657 658 660 661 662 665
 590 667 671 672 676 813 405 561 670 544 669 580 664 275]
ids [   5   48  139  770  238 1075  244  248 1040  258 1028  985  378  533
  677 1038  682  683  684  685  686  687  688  689  690  691  692  694
  695  696  697  698  699  700  701  702  703  704  705  706  707  708
  709  710 1080  712  713  714  716  717  719  721  722  724  726  727
  728  729  730  731  732  733  734  735  736  737  738  739  740  784
  742  743  744  745  746  747  748  749  750  751  752  754  755  756
  757  759  761  762  763  764  766  767  769  772  773 1033  775  776
  777  778 1030  780  781  782  785  254  787  990  790  791  792  793
  795  796  797  921  800  802  805  806  807  811  828  876  801  771
  804  983  988]
ids [ 122  140  173  178  185  220  223  230  265  268  270  318  407  408
  225  412  413  414  415  416  417  418  419  420  421  422  423  424
  425 1074  427  428  429  430  431  432  433  434  435  436  437  439
  440  441  442  444  446  447  449  451  452  454  456  457  458  459
  460  461  462  463  464  465  466  467  468  469  470  471  472  473
  474  475  476  477  478  479  480  481  482  483  484  485  486  487
  488  489  491  492  494  496  497  499  502  505  506  507  508  509
  510  511  512  513  501  515  516  517  520  521  522  523  524  525
  526  527  528  530  531  532  536  537  539  541  558 1079  588  591
  803  949 1043 1044 1048  534 1053 1059 1054  651  175  546  455  490
  666 1049]
ids [ 137  142  143  144  145  146  147  148  149  150  151  152  154  155
  157  158  159  160  161  162  163  164  165  166  167  169  170  679
  172  174  249  176  177  179  180  181  182  184  187  188  189  190
  191  192  193  194  195  196  197  198  199  200  202  203  204  205
  206  207  208  209  210  211  212  214  215  217  218  219  221  222
  224  201  226  227  229  232  233  235  236  237  240  241  242  243
  245 1073  247  250  251  252  253  231  255  256  257  260  276  262
  266  267  269  271  306  348 1078  393  396  410  443  445  448  450
  366  186  493  495  500  535  538  540  799  789  794  798  264  808
  809  259  933  216  321  239  234  774  779  788]
ids [   1    2    3    4    9   10   11   12   13   14   15   16   17   18
   19   20   21   23   24   25   26   27   28   29   30   31   32  938
   34   35    7   37   39   41   42   44   46   47   49  940  900   52
   53   54   55   56   57   58   59   60   61   62   63   64   65   67
   68   69   70   71   72   73   74   75   76   78   79   81   83   85
   86   88   40   90   91   93   96   97   98   99  100  101  125  104
  105  106  109  111  113  114  115  116  119  120  121  124  126  993
  130  131  132  135  136  895  638  643  644  649  905  659  996  893
  674  898  850  981 1071]
09:29:23-INFO: Step 85
        85     4916.7837515953     5059.4424996843     1021.9038003993     4916.7837515953      142.6587480889      2.06866004
ids [127 141 153 156 168 913 379 213 928 171 272 929 277 278 279 280 281 282
 283 284 285 286 287 288 289 290 291 292 293 294 295 296 297 298 299 300
 301 302 303 304 305 307 308 309 311 312 314 316 317 319 261 322 323 324
 325 326 327 328 329 330 331 332 333 334 335 336 337 338 339 340 341 342
 343 344 345 346 347 349 350 351 352 354 356 357 359 361 362 364 246 367
 934 370 371 372 373 374 375 376 377 380 382 383 385 386 387 388 389 390
 391 392 909 395 397 401 402 381 406 453 498 545 578 918 583 585 914 623
 625 628 630 633 943 675]
ids [815  38 936  43  45  82  84  87  92  94 129 134 274 368  89 384 398 399
 404 668 673 681 693 753 711 783 860 812 816 817 818 819 820 821 822 823
 824 825 826 827 829 830 831 832 833 834 835 836 837 838 839 840 841 842
 843 844 845 847 848 849 851 852 853 854 855 856 857 394 859 861 862 863
 864 865 866 867 868 869 870 871 872 873 874 875 946 877 878 879 880 881
 882 883 884 885 886 887 888 889 890 892 894 896 897 899 901 902 904 906
 907 908 910 911 912 915 916 917 920 924 922 923 925 926 927 948 930 931
 932 846 935 937 939 814 941 942 944 919 369  50 786 891 741 945]
ids [  6 102 107 108 112 117 118 123 133 183 228 103 310 313 315 320 353 355
 358 360 363 365 400 403 411 438 128 542 654 547 548 549 550 551 552 553
 554 555 556 557 559 560 562 563 564 565 566 567 568 569 570 571 572 573
 574 575 576 577 579 581 582 584 586 587 589 592 593 594 595 596 597 598
 599 600 601 602 603 604 605 606 607 608 609 610 611 612 613 614 615 616
 617 618 619 620 621 622 624 626 627 629 631 632 634 635 636 637 639 640
 641 642 645 646 647 648 650 426 652 653 655 656 657 658 660 661 662 665
 590 667 671 672 676 813 405 561 670 544 669 580 664 275]
ids [   5   48  139  770  238 1075  244  248 1040  258 1028  985  378  533
  677 1038  682  683  684  685  686  687  688  689  690  691  692  694
  695  696  697  698  699  700  701  702  703  704  705  706  707  708
  709  710 1080  712  713  714  716  717  719  721  722  724  726  727
  728  729  730  731  732  733  734  735  736  737  738  739  740  784
  742  743  744  745  746  747  748  749  750  751  752  754  755  756
  757  759  761  762  763  764  766  767  769  772  773 1033  775  776
  777  778 1030  780  781  782  785  254  787  990  790  791  792  793
  795  796  797  921  800  802  805  806  807  811  828  876  801  771
  804  983  988]
ids [   8   22   66   77   80   95  110 1064  138  263  273  503  504  518
  519  529  950  543  663  678  680  715  718  720  723  725  758  760
  765  768 1077  409  903  947  952  953  954  955  956  957  958  959
  960  961  962  963  964  965  967  968  969  970  971  972  973  974
  975  976  977  978  979  980   33  982  984 1076  986  987  989  991
  992  994  995 1035  997  998  999 1000 1001 1002 1003 1004 1005 1006
 1007 1008 1009 1010 1011 1012 1013 1014 1015 1016 1017 1018 1019 1020
 1021 1022 1023 1024 1025 1026 1027 1029 1031 1032 1034 1036 1037 1039
 1041 1042 1045 1046 1047 1050 1051 1052 1081 1055 1056 1057 1058 1060
 1061 1062 1063 1065 1066 1067 1068 1069 1070  810 1072  514  951   36
  966   51]
ids [ 122  140  173  178  185  220  223  230  265  268  270  318  407  408
  225  412  413  414  415  416  417  418  419  420  421  422  423  424
  425 1074  427  428  429  430  431  432  433  434  435  436  437  439
  440  441  442  444  446  447  449  451  452  454  456  457  458  459
  460  461  462  463  464  465  466  467  468  469  470  471  472  473
  474  475  476  477  478  479  480  481  482  483  484  485  486  487
  488  489  491  492  494  496  497  499  502  505  506  507  508  509
  510  511  512  513  501  515  516  517  520  521  522  523  524  525
  526  527  528  530  531  532  536  537  539  541  558 1079  588  591
  803  949 1043 1044 1048  534 1053 1059 1054  651  175  546  455  490
  666 1049]
ids [ 137  142  143  144  145  146  147  148  149  150  151  152  154  155
  157  158  159  160  161  162  163  164  165  166  167  169  170  679
  172  174  249  176  177  179  180  181  182  184  187  188  189  190
  191  192  193  194  195  196  197  198  199  200  202  203  204  205
  206  207  208  209  210  211  212  214  215  217  218  219  221  222
  224  201  226  227  229  232  233  235  236  237  240  241  242  243
  245 1073  247  250  251  252  253  231  255  256  257  260  276  262
  266  267  269  271  306  348 1078  393  396  410  443  445  448  450
  366  186  493  495  500  535  538  540  799  789  794  798  264  808
  809  259  933  216  321  239  234  774  779  788]
ids [   1    2    3    4    9   10   11   12   13   14   15   16   17   18
   19   20   21   23   24   25   26   27   28   29   30   31   32  938
   34   35    7   37   39   41   42   44   46   47   49  940  900   52
   53   54   55   56   57   58   59   60   61   62   63   64   65   67
   68   69   70   71   72   73   74   75   76   78   79   81   83   85
   86   88   40   90   91   93   96   97   98   99  100  101  125  104
  105  106  109  111  113  114  115  116  119  120  121  124  126  993
  130  131  132  135  136  895  638  643  644  649  905  659  996  893
  674  898  850  981 1071  858]
09:29:23-INFO: Step 86
        86     4912.5316342085     5059.4424972540     1052.3628678738     4912.5316342085      146.9108630455      2.07197179
ids [127 141 153 156 168 913 379 213 928 171 272 929 277 278 279 280 281 282
 283 284 285 286 287 288 289 290 291 292 293 294 295 296 297 298 299 300
 301 302 303 304 305 307 308 309 311 312 314 316 317 319 261 322 323 324
 325 326 327 328 329 330 331 332 333 334 335 336 337 338 339 340 341 342
 343 344 345 346 347 349 350 351 352 354 356 357 359 361 362 364 246 367
 934 370 371 372 373 374 375 376 377 380 382 383 385 386 387 388 389 390
 391 392 909 395 397 401 402 381 406 453 498 545 578 918 583 585 914 623
 625 628 630 633 943 675 394]
ids [815  38 936  43  45  82  84  87  92  94 129 134 274 368  89 384 398 399
 404 668 673 681 693 753 711 783 860 812 816 817 818 819 820 821 822 823
 824 825 826 827 829 830 831 832 833 834 835 836 837 838 839 840 841 842
 843 844 845 847 848 849 851 852 853 854 855 856 857 945 859 861 862 863
 864 865 866 867 868 869 870 871 872 873 874 875 946 877 878 879 880 881
 882 883 884 885 886 887 888 889 890 892 894 896 897 899 901 902 904 906
 907 908 910 911 912 915 916 917 920 924 922 923 925 926 927 948 930 931
 932 846 935 937 939 814 941 942 944 919 369  50 786 891 741]
ids [  6 102 107 108 112 117 118 123 133 183 228 103 310 313 315 320 353 355
 358 360 363 365 400 403 411 438 128 542 654 547 548 549 550 551 552 553
 554 555 556 557 559 560 562 563 564 565 566 567 568 569 570 571 572 573
 574 575 576 577 579 581 582 584 586 587 589 592 593 594 595 596 597 598
 599 600 601 602 603 604 605 606 607 608 609 610 611 612 613 614 615 616
 617 618 619 620 621 622 624 626 627 629 631 632 634 635 636 637 639 640
 641 642 645 646 647 648 650 426 652 653 655 656 657 658 660 661 662 665
 590 667 671 672 676 813 405 561 670 544 669 580 664 275]
ids [   8   22   66   77   80   95  110 1064  138  263  273  503  504  518
  519  529  950  543  663  678  680  715  718  720  723  725  758  760
  765  768 1077  409  903  947  952  953  954  955  956  957  958  959
  960  961  962  963  964  965  967  968  969  970  971  972  973  974
  975  976  977  978  979  980   33  982  984 1076  986  987  989  991
  992  994  995 1035  997  998  999 1000 1001 1002 1003 1004 1005 1006
 1007 1008 1009 1010 1011 1012 1013 1014 1015 1016 1017 1018 1019 1020
 1021 1022 1023 1024 1025 1026 1027 1029 1031 1032 1034 1036 1037 1039
 1041 1042 1045 1046 1047 1050 1051 1052 1081 1055 1056 1057 1058 1060
 1061 1062 1063 1065 1066 1067 1068 1069 1070  810 1072  514  951   36
  966   51]
ids [ 122  140  173  178  185  220  223  230  265  268  270  318  407  408
  225  412  413  414  415  416  417  418  419  420  421  422  423  424
  425 1074  427  428  429  430  431  432  433  434  435  436  437  439
  440  441  442  444  446  447  449  451  452  454  456  457  458  459
  460  461  462  463  464  465  466  467  468  469  470  471  472  473
  474  475  476  477  478  479  480  481  482  483  484  485  486  487
  488  489  491  492  494  496  497  499  502  505  506  507  508  509
  510  511  512  513  501  515  516  517  520  521  522  523  524  525
  526  527  528  530  531  532  536  537  539  541  558 1079  588  591
  803  949 1043 1044 1048  534 1053 1059 1054  651  175  546  455  490
  666 1049]
ids [ 137  142  143  144  145  146  147  148  149  150  151  152  154  155
  157  158  159  160  161  162  163  164  165  166  167  169  170  679
  172  174  249  176  177  179  180  181  182  184  187  188  189  190
  191  192  193  194  195  196  197  198  199  200  202  203  204  205
  206  207  208  209  210  211  212  214  215  217  218  219  221  222
  224  201  226  227  229  232  233  235  236  237  240  241  242  243
  245 1073  247  250  251  252  253  231  255  256  257  260  276  262
  266  267  269  271  306  348 1078  393  396  410  443  445  448  450
  366  186  493  495  500  535  538  540  799  789  794  798  264  808
  809  259  933  216  321  239  234  774  779  788]
ids [   5   48  139  770  238 1075  244  248 1040  258 1028  985  378  533
  677 1038  682  683  684  685  686  687  688  689  690  691  692  694
  695  696  697  698  699  700  701  702  703  704  705  706  707  708
  709  710 1080  712  713  714  716  717  719  721  722  724  726  727
  728  729  730  731  732  733  734  735  736  737  738  739  740  784
  742  743  744  745  746  747  748  749  750  751  752  754  755  756
  757  759  761  762  763  764  766  767  769  772  773 1033  775  776
  777  778 1030  780  781  782  785  254  787  990  790  791  792  793
  795  796  797  921  800  802  805  806  807  811  828  876  801  771
  804  983  988]
ids [   1    2    3    4    9   10   11   12   13   14   15   16   17   18
   19   20   21   23   24   25   26   27   28   29   30   31   32  938
   34   35    7   37   39   41   42   44   46   47   49  940  900   52
   53   54   55   56   57   58   59   60   61   62   63   64   65   67
   68   69   70   71   72   73   74   75   76   78   79   81   83   85
   86   88   40   90   91   93   96   97   98   99  100  101  125  104
  105  106  109  111  113  114  115  116  119  120  121  124  126  993
  130  131  132  135  136  895  638  643  644  649  905  659  996  893
  674  898  850  981 1071  858]
09:29:23-INFO: Step 87
ids [815  38 936  43  45  82  84  87  92  94 129 134 274 368  89 384 398 399
 404 668 673 681 693 753 711 783 860 812 816 817 818 819 820 821 822 823
 824 825 826 827 829 830 831 832 833 834 835 836 837 838 839 840 841 842
 843 844 845 847 848 849 851 852 853 854 855 856 857 945 859 861 862 863
 864 865 866 867 868 869 870 871 872 873 874 875 946 877 878 879 880 881
 882 883 884 885 886 887 888 889 890 892 894 896 897 899 901 902 904 906
 907 908 910 911 912 915 916 917 920 924 922 923 925 926 927 948 930 931
 932 846 935 937 939 814 941 942 944 919 369  50 786 891 741]
ids [  6 102 107 108 112 117 118 123 133 183 228 103 310 313 315 320 353 355
 358 360 363 365 400 403 411 438 128 542 654 547 548 549 550 551 552 553
 554 555 556 557 559 560 562 563 564 565 566 567 568 569 570 571 572 573
 574 575 576 577 579 581 582 584 586 587 589 592 593 594 595 596 597 598
 599 600 601 602 603 604 605 606 607 608 609 610 611 612 613 614 615 616
 617 618 619 620 621 622 624 626 627 629 631 632 634 635 636 637 639 640
 641 642 645 646 647 648 650 426 652 653 655 656 657 658 660 661 662 665
 590 667 671 672 676 813 405 561 670 544 669 580 664 275]
ids [   8   22   66   77   80   95  110 1064  138  263  273  503  504  518
  519  529  950  543  663  678  680  715  718  720  723  725  758  760
  765  768 1077  409  903  947  952  953  954  955  956  957  958  959
  960  961  962  963  964  965  967  968  969  970  971  972  973  974
  975  976  977  978  979  980   33  982  984 1076  986  987  989  991
  992  994  995 1035  997  998  999 1000 1001 1002 1003 1004 1005 1006
 1007 1008 1009 1010 1011 1012 1013 1014 1015 1016 1017 1018 1019 1020
 1021 1022 1023 1024 1025 1026 1027 1029 1031 1032 1034 1036 1037 1039
 1041 1042 1045 1046 1047 1050 1051 1052 1081 1055 1056 1057 1058 1060
 1061 1062 1063 1065 1066 1067 1068 1069 1070  810 1072  514  951   36
  966   51]
ids [127 141 153 156 168 913 379 213 928 171 272 929 277 278 279 280 281 282
 283 284 285 286 287 288 289 290 291 292 293 294 295 296 297 298 299 300
 301 302 303 304 305 307 308 309 311 312 314 316 317 319 261 322 323 324
 325 326 327 328 329 330 331 332 333 334 335 336 337 338 339 340 341 342
 343 344 345 346 347 349 350 351 352 354 356 357 359 361 362 364 246 367
 934 370 371 372 373 374 375 376 377 380 382 383 385 386 387 388 389 390
 391 392 909 395 397 401 402 381 406 453 498 545 578 918 583 585 914 623
 625 628 630 633 943 675 394]
ids [ 122  140  173  178  185  220  223  230  265  268  270  318  407  408
  225  412  413  414  415  416  417  418  419  420  421  422  423  424
  425 1074  427  428  429  430  431  432  433  434  435  436  437  439
  440  441  442  444  446  447  449  451  452  454  456  457  458  459
  460  461  462  463  464  465  466  467  468  469  470  471  472  473
  474  475  476  477  478  479  480  481  482  483  484  485  486  487
  488  489  491  492  494  496  497  499  502  505  506  507  508  509
  510  511  512  513  501  515  516  517  520  521  522  523  524  525
  526  527  528  530  531  532  536  537  539  541  558 1079  588  591
  803  949 1043 1044 1048  534 1053 1059 1054  651  175  546  455  490
  666 1049]
        87     4907.9644796995     5059.4422448067     1085.0768418531     4907.9644796995      151.4777651072      1.62881932
ids [ 137  142  143  144  145  146  147  148  149  150  151  152  154  155
  157  158  159  160  161  162  163  164  165  166  167  169  170  679
  172  174  249  176  177  179  180  181  182  184  187  188  189  190
  191  192  193  194  195  196  197  198  199  200  202  203  204  205
  206  207  208  209  210  211  212  214  215  217  218  219  221  222
  224  201  226  227  229  232  233  235  236  237  240  241  242  243
  245 1073  247  250  251  252  253  231  255  256  257  260  276  262
  266  267  269  271  306  348 1078  393  396  410  443  445  448  450
  366  186  493  495  500  535  538  540  799  789  794  798  264  808
  809  259  933  216  321  239  234  774  779  788]
ids [   5   48  139  770  238 1075  244  248 1040  258 1028  985  378  533
  677 1038  682  683  684  685  686  687  688  689  690  691  692  694
  695  696  697  698  699  700  701  702  703  704  705  706  707  708
  709  710 1080  712  713  714  716  717  719  721  722  724  726  727
  728  729  730  731  732  733  734  735  736  737  738  739  740  784
  742  743  744  745  746  747  748  749  750  751  752  754  755  756
  757  759  761  762  763  764  766  767  769  772  773 1033  775  776
  777  778 1030  780  781  782  785  254  787  990  790  791  792  793
  795  796  797  921  800  802  805  806  807  811  828  876  801  771
  804  983  988]
ids [   1    2    3    4    9   10   11   12   13   14   15   16   17   18
   19   20   21   23   24   25   26   27   28   29   30   31   32  938
   34   35    7   37   39   41   42   44   46   47   49  940  900   52
   53   54   55   56   57   58   59   60   61   62   63   64   65   67
   68   69   70   71   72   73   74   75   76   78   79   81   83   85
   86   88   40   90   91   93   96   97   98   99  100  101  125  104
  105  106  109  111  113  114  115  116  119  120  121  124  126  993
  130  131  132  135  136  895  638  643  644  649  905  659  996  893
  674  898  850  981 1071  858]
09:29:23-INFO: Step 88
ids [127 141 153 156 168 913 379 213 928 171 272 929 277 278 279 280 281 282
 283 284 285 286 287 288 289 290 291 292 293 294 295 296 297 298 299 300
 301 302 303 304 305 307 308 309 311 312 314 316 317 319 261 322 323 324
 325 326 327 328 329 330 331 332 333 334 335 336 337 338 339 340 341 342
 343 344 345 346 347 349 350 351 352 354 356 357 359 361 362 364 246 367
 934 370 371 372 373 374 375 376 377 380 382 383 385 386 387 388 389 390
 391 392 909 395 397 401 402 381 406 453 498 545 578 918 583 585 914 623
 625 628 630 633 943 675 394]
ids [   8   22   66   77   80   95  110 1064  138  263  273  503  504  518
  519  529  950  543  663  678  680  715  718  720  723  725  758  760
  765  768 1077  409  903  947  952  953  954  955  956  957  958  959
  960  961  962  963  964  965  967  968  969  970  971  972  973  974
  975  976  977  978  979  980   33  982  984 1076  986  987  989  991
  992  994  995 1035  997  998  999 1000 1001 1002 1003 1004 1005 1006
 1007 1008 1009 1010 1011 1012 1013 1014 1015 1016 1017 1018 1019 1020
 1021 1022 1023 1024 1025 1026 1027 1029 1031 1032 1034 1036 1037 1039
 1041 1042 1045 1046 1047 1050 1051 1052 1081 1055 1056 1057 1058 1060
 1061 1062 1063 1065 1066 1067 1068 1069 1070  810 1072  514  951   36
  966   51]
ids [ 122  140  173  178  185  220  223  230  265  268  270  318  407  408
  225  412  413  414  415  416  417  418  419  420  421  422  423  424
  425 1074  427  428  429  430  431  432  433  434  435  436  437  439
  440  441  442  444  446  447  449  451  452  454  456  457  458  459
  460  461  462  463  464  465  466  467  468  469  470  471  472  473
  474  475  476  477  478  479  480  481  482  483  484  485  486  487
  488  489  491  492  494  496  497  499  502  505  506  507  508  509
  510  511  512  513  501  515  516  517  520  521  522  523  524  525
  526  527  528  530  531  532  536  537  539  541  558 1079  588  591
  803  949 1043 1044 1048  534 1053 1059 1054  651  175  546  455  490
  666 1049]
ids [815  38 936  43  45  82  84  87  92  94 129 134 274 368  89 384 398 399
 404 668 673 681 693 753 711 783 860 812 816 817 818 819 820 821 822 823
 824 825 826 827 829 830 831 832 833 834 835 836 837 838 839 840 841 842
 843 844 845 847 848 849 851 852 853 854 855 856 857 945 859 861 862 863
 864 865 866 867 868 869 870 871 872 873 874 875 946 877 878 879 880 881
 882 883 884 885 886 887 888 889 890 892 894 896 897 899 901 902 904 906
 907 908 910 911 912 915 916 917 920 924 922 923 925 926 927 948 930 931
 932 846 935 937 939 814 941 942 944 919 369  50 786 891 741]
ids [  6 102 107 108 112 117 118 123 133 183 228 103 310 313 315 320 353 355
 358 360 363 365 400 403 411 438 128 542 654 547 548 549 550 551 552 553
 554 555 556 557 559 560 562 563 564 565 566 567 568 569 570 571 572 573
 574 575 576 577 579 581 582 584 586 587 589 592 593 594 595 596 597 598
 599 600 601 602 603 604 605 606 607 608 609 610 611 612 613 614 615 616
 617 618 619 620 621 622 624 626 627 629 631 632 634 635 636 637 639 640
 641 642 645 646 647 648 650 426 652 653 655 656 657 658 660 661 662 665
 590 667 671 672 676 813 405 561 670 544 669 580 664 275]
        88     4903.0863574919     5059.4417016607     1120.0162805247     4903.0863574919      156.3553441688      1.88512948
ids [ 137  142  143  144  145  146  147  148  149  150  151  152  154  155
  157  158  159  160  161  162  163  164  165  166  167  169  170  679
  172  174  249  176  177  179  180  181  182  184  187  188  189  190
  191  192  193  194  195  196  197  198  199  200  202  203  204  205
  206  207  208  209  210  211  212  214  215  217  218  219  221  222
  224  201  226  227  229  232  233  235  236  237  240  241  242  243
  245 1073  247  250  251  252  253  231  255  256  257  260  276  262
  266  267  269  271  306  348 1078  393  396  410  443  445  448  450
  366  186  493  495  500  535  538  540  799  789  794  798  264  808
  809  259  933  216  321  239  234  774  779  788]
ids [   5   48  139  770  238 1075  244  248 1040  258 1028  985  378  533
  677 1038  682  683  684  685  686  687  688  689  690  691  692  694
  695  696  697  698  699  700  701  702  703  704  705  706  707  708
  709  710 1080  712  713  714  716  717  719  721  722  724  726  727
  728  729  730  731  732  733  734  735  736  737  738  739  740  784
  742  743  744  745  746  747  748  749  750  751  752  754  755  756
  757  759  761  762  763  764  766  767  769  772  773 1033  775  776
  777  778 1030  780  781  782  785  254  787  990  790  791  792  793
  795  796  797  921  800  802  805  806  807  811  828  876  801  771
  804  983  988]
ids [   1    2    3    4    9   10   11   12   13   14   15   16   17   18
   19   20   21   23   24   25   26   27   28   29   30   31   32  938
   34   35    7   37   39   41   42   44   46   47   49  940  900   52
   53   54   55   56   57   58   59   60   61   62   63   64   65   67
   68   69   70   71   72   73   74   75   76   78   79   81   83   85
   86   88   40   90   91   93   96   97   98   99  100  101  125  104
  105  106  109  111  113  114  115  116  119  120  121  124  126  993
  130  131  132  135  136  895  638  643  644  649  905  659  996  893
  674  898  850  981 1071  858]
09:29:23-INFO: Step 89
ids [  6 102 107 108 112 117 118 123 133 183 228 103 310 313 315 320 353 355
 358 360 363 365 400 403 411 438 128 542 654 547 548 549 550 551 552 553
 554 555 556 557 559 560 562 563 564 565 566 567 568 569 570 571 572 573
 574 575 576 577 579 581 582 584 586 587 589 592 593 594 595 596 597 598
 599 600 601 602 603 604 605 606 607 608 609 610 611 612 613 614 615 616
 617 618 619 620 621 622 624 626 627 629 631 632 634 635 636 637 639 640
 641 642 645 646 647 648 650 426 652 653 655 656 657 658 660 661 662 665
 590 667 671 672 676 813 405 561 670 544 669 580 664 275]
ids [815  38 936  43  45  82  84  87  92  94 129 134 274 368  89 384 398 399
 404 668 673 681 693 753 711 783 860 812 816 817 818 819 820 821 822 823
 824 825 826 827 829 830 831 832 833 834 835 836 837 838 839 840 841 842
 843 844 845 847 848 849 851 852 853 854 855 856 857 945 859 861 862 863
 864 865 866 867 868 869 870 871 872 873 874 875 946 877 878 879 880 881
 882 883 884 885 886 887 741 889 890 892 894 896 897 899 901 902 904 906
 907 908 910 911 912 915 916 917 920 924 922 923 925 926 927 948 930 931
 932 846 935 937 939 814 941 942 944 919 369  50 786 891]
ids [127 141 153 156 168 913 379 213 928 171 272 929 277 278 279 280 281 282
 283 284 285 286 287 288 289 290 291 292 293 294 295 296 297 298 299 300
 301 302 303 304 305 307 308 309 311 312 314 316 317 319 261 322 323 324
 325 326 327 328 329 330 331 332 333 334 335 336 337 338 339 340 341 342
 343 344 345 346 347 349 350 351 352 354 356 357 359 361 362 364 246 367
 934 370 371 372 373 374 375 376 377 380 382 383 385 386 387 388 389 390
 391 392 909 395 397 401 402 381 406 453 498 545 578 918 583 585 914 623
 625 628 630 633 943 675 394]
        89     4897.9060239566     5059.4408435187     1157.1182855495     4897.9060239566      161.5348195621      0.08995313
ids [ 137  142  143  144  145  146  147  148  149  150  151  152  154  155
  157  158  159  160  161  162  163  164  165  166  167  169  170  679
  172  174  249  176  177  179  180  181  182  184  187  188  189  190
  191  192  193  194  195  196  197  198  199  200  202  203  204  205
  206  207  208  209  210  211  212  214  215  217  218  219  221  222
  224  201  226  227  229  232  233  235  236  237  240  241  242  243
  245 1073  247  250  251  252  253  231  255  256  257  260  276  262
  266  267  269  271  306  348 1078  393  396  410  443  445  448  450
  366  186  493  495  500  535  538  540  799  789  794  798  264  808
  809  259  933  216  321  239  234  774  779  788]
ids [   8   22   66   77   80   95  110 1064  138  263  273  503  504  518
  519  529  950  543  663  678  680  715  718  720  723  725  758  760
  765  768 1077  409  903  947  952  953  954  955  956  957  958  959
  960  961  962  963  964  965  967  968  969  970  971  972  973  974
  975  976  977  978  979  980   33  982  984 1076  986  987  989  991
  992  994  995 1035  997  998  999 1000 1001 1002 1003 1004 1005 1006
 1007 1008 1009 1010 1011 1012 1013 1014 1015 1016 1017 1018 1019 1020
 1021 1022 1023 1024 1025 1026 1027 1029 1031 1032 1034 1036 1037 1039
 1041 1042 1045 1046 1047 1050 1051 1052 1081 1055 1056 1057 1058 1060
 1061 1062 1063 1065 1066 1067 1068 1069 1070  810 1072  514  951   36
  966   51]
ids [   5   48  139  770  238 1075  244  248 1040  258 1028  985  378  533
  677 1038  682  683  684  685  686  687  688  689  690  691  692  694
  695  696  697  698  699  700  701  702  703  704  705  706  707  708
  709  710 1080  712  713  714  716  717  719  721  722  724  726  727
  728  729  730  731  732  733  734  735  736  737  738  739  740  784
  742  743  744  745  746  747  748  749  750  751  752  754  755  756
  757  759  761  762  763  764  766  767  769  772  773 1033  775  776
  777  778 1030  780  781  782  785  254  787  990  790  791  792  793
  795  796  797  921  800  802  805  806  807  811  828  876  801  771
  804  983  988  888]
ids [ 122  140  173  178  185  220  223  230  265  268  270  318  407  408
  225  412  413  414  415  416  417  418  419  420  421  422  423  424
  425 1074  427  428  429  430  431  432  433  434  435  436  437  439
  440  441  442  444  446  447  449  451  452  454  456  457  458  459
  460  461  462  463  464  465  466  467  468  469  470  471  472  473
  474  475  476  477  478  479  480  481  482  483  484  485  486  487
  488  489  491  492  494  496  497  499  502  505  506  507  508  509
  510  511  512  513  501  515  516  517  520  521  522  523  524  525
  526  527  528  530  531  532  536  537  539  541  558 1079  588  591
  803  949 1043 1044 1048  534 1053 1059 1054  651  175  546  455  490
  666 1049]
ids [   1    2    3    4    9   10   11   12   13   14   15   16   17   18
   19   20   21   23   24   25   26   27   28   29   30   31   32  938
   34   35    7   37   39   41   42   44   46   47   49  940  900   52
   53   54   55   56   57   58   59   60   61   62   63   64   65   67
   68   69   70   71   72   73   74   75   76   78   79   81   83   85
   86   88   40   90   91   93   96   97   98   99  100  101  125  104
  105  106  109  111  113  114  115  116  119  120  121  124  126  993
  130  131  132  135  136  895  638  643  644  649  905  659  996  893
  674  898  850  981 1071  858]
09:29:23-INFO: Step 90
ids [815  38 936  43  45  82  84  87  92  94 129 134 274 368  89 384 398 399
 404 668 673 681 693 753 711 783 860 812 816 817 818 819 820 821 822 823
 824 825 826 827 829 830 831 832 833 834 835 836 837 838 839 840 841 842
 843 844 845 847 848 849 851 852 853 854 855 856 857 945 859 861 862 863
 864 865 866 867 868 869 870 871 872 873 874 875 946 877 878 879 880 881
 882 883 884 885 886 887 741 889 890 892 894 896 897 899 901 902 904 906
 907 908 910 911 912 915 916 917 920 924 922 923 925 926 927 948 930 931
 932 846 935 937 939 814 941 942 944 919 369  50 786 891]
ids [  6 102 107 108 112 117 118 123 133 183 228 103 310 313 315 320 353 355
 358 360 363 365 400 403 411 438 128 542 654 547 548 549 550 551 552 553
 554 555 556 557 559 560 562 563 564 565 566 567 568 569 570 571 572 573
 574 575 576 577 579 581 582 584 586 587 589 592 593 594 595 596 597 598
 599 600 601 602 603 604 605 606 607 608 609 610 611 612 613 614 615 616
 617 618 619 620 621 622 624 626 627 629 631 632 634 635 636 637 639 640
 641 642 645 646 647 648 650 426 652 653 655 656 657 658 660 661 662 665
 590 667 671 672 676 813 405 561 670 544 669 580 664 275]
ids [127 141 153 156 168 913 379 213 928 171 272 929 277 278 279 280 281 282
 283 284 285 286 287 288 289 290 291 292 293 294 295 296 297 298 299 300
 301 302 303 304 305 307 308 309 311 312 314 316 317 319 261 322 323 324
 325 326 327 328 329 330 331 332 333 334 335 336 337 338 339 340 341 342
 343 344 345 346 347 349 350 351 352 354 356 357 359 361 362 364 246 367
 934 370 371 372 373 374 375 376 377 380 382 383 385 386 387 388 389 390
 391 392 909 395 397 401 402 381 406 453 498 545 578 918 583 585 914 623
 625 628 630 633 943 675 394]
        90     4892.4373091737     5059.4396647723     1196.2837480915     4892.4373091737      167.0023555986      1.44827698
ids [   8   22   66   77   80   95  110 1064  138  263  273  503  504  518
  519  529  950  543  663  678  680  715  718  720  723  725  758  760
  765  768 1077  409  903  947  952  953  954  955  956  957  958  959
  960  961  962  963  964  965  967  968  969  970  971  972  973  974
  975  976  977  978  979  980   33  982  984 1076  986  987  989  991
  992  994  995 1035  997  998  999 1000 1001 1002 1003 1004 1005 1006
 1007 1008 1009 1010 1011 1012 1013 1014 1015 1016 1017 1018 1019 1020
 1021 1022 1023 1024 1025 1026 1027 1029 1031 1032 1034 1036 1037 1039
 1041 1042 1045 1046 1047 1050 1051 1052 1081 1055 1056 1057 1058 1060
 1061 1062 1063 1065 1066 1067 1068 1069 1070  810 1072  514  951   36
  966   51]
ids [ 137  142  143  144  145  146  147  148  149  150  151  152  154  155
  157  158  159  160  161  162  163  164  165  166  167  169  170  679
  172  174  249  176  177  179  180  181  182  184  187  188  189  190
  191  192  193  194  195  196  197  198  199  200  202  203  204  205
  206  207  208  209  210  211  212  214  215  217  218  219  221  222
  224  201  226  227  229  232  233  235  236  237  240  241  242  243
  245 1073  247  250  251  252  253  231  255  256  257  260  276  262
  266  267  269  271  306  348 1078  393  396  410  443  445  448  450
  366  186  493  495  500  535  538  540  799  789  794  798  264  808
  809  259  933  216  321  239  234  774  779  788]
ids [ 122  140  173  178  185  220  223  230  265  268  270  318  407  408
  225  412  413  414  415  416  417  418  419  420  421  422  423  424
  425 1074  427  428  429  430  431  432  433  434  435  436  437  439
  440  441  442  444  446  447  449  451  452  454  456  457  458  459
  460  461  462  463  464  465  466  467  468  469  470  471  472  473
  474  475  476  477  478  479  480  481  482  483  484  485  486  487
  488  489  491  492  494  496  497  499  502  505  506  507  508  509
  510  511  512  513  501  515  516  517  520  521  522  523  524  525
  526  527  528  530  531  532  536  537  539  541  558 1079  588  591
  803  949 1043 1044 1048  534 1053 1059 1054  651  175  546  455  490
  666 1049]
ids [   5   48  139  770  238 1075  244  248 1040  258 1028  985  378  533
  677 1038  682  683  684  685  686  687  688  689  690  691  692  694
  695  696  697  698  699  700  701  702  703  704  705  706  707  708
  709  710 1080  712  713  714  716  717  719  721  722  724  726  727
  728  729  730  731  732  733  734  735  736  737  738  739  740  784
  742  743  744  745  746  747  748  749  750  751  752  754  755  756
  757  759  761  762  763  764  766  767  769  772  773 1033  775  776
  777  778 1030  780  781  782  785  254  787  990  790  791  792  793
  795  796  797  921  800  802  805  806  807  811  828  876  801  771
  804  983  988  888]
ids [   1    2    3    4    9   10   11   12   13   14   15   16   17   18
   19   20   21   23   24   25   26   27   28   29   30   31   32  938
   34   35    7   37   39   41   42   44   46   47   49  940  900   52
   53   54   55   56   57   58   59   60   61   62   63   64   65   67
   68   69   70   71   72   73   74   75   76   78   79   81   83   85
   86   88   40   90   91   93   96   97   98   99  100  101  125  104
  105  106  109  111  113  114  115  116  119  120  121  124  126  993
  130  131  132  135  136  895  638  643  644  649  905  659  996  893
  674  898  850  981 1071  858]
09:29:23-INFO: Step 91
ids [127 141 153 156 168 913 379 213 928 171 272 929 277 278 279 280 281 282
 283 284 285 286 287 288 289 290 291 292 293 294 295 296 297 298 299 300
 301 302 303 304 305 307 308 309 311 312 314 316 317 319 261 322 323 324
 325 326 327 328 329 330 331 332 333 334 335 336 337 338 339 340 341 342
 343 344 345 346 347 349 350 351 352 354 356 357 359 361 362 364 246 367
 934 370 371 372 373 374 375 376 377 380 382 383 385 386 387 388 389 390
 391 392 909 395 397 401 402 381 406 453 498 545 578 918 583 585 914 623
 625 628 630 633 943 675 394]
ids [815  38 936  43  45  82  84  87  92  94 129 134 274 368  89 384 398 399
 404 668 673 681 693 753 711 783 860 812 816 817 818 819 820 821 822 823
 824 825 826 827 829 830 831 832 833 834 835 836 837 838 839 840 841 842
 843 844 845 847 848 849 851 852 853 854 855 856 857 945 859 861 862 863
 864 865 866 867 868 869 870 871 872 873 874 875 946 877 878 879 880 881
 882 883 884 885 886 887 741 889 890 892 894 896 897 899 901 902 904 906
 907 908 910 911 912 915 916 917 920 924 922 923 925 926 927 948 930 931
 932 846 935 937 939 814 941 942 944 919 369  50 786 891]
ids [  6 102 107 108 112 117 118 123 133 183 228 103 310 313 315 320 353 355
 358 360 363 365 400 403 411 438 128 542 654 547 548 549 550 551 552 553
 554 555 556 557 559 560 562 563 564 565 566 567 568 569 570 571 572 573
 574 575 576 577 579 581 582 584 586 587 589 592 593 594 595 596 597 598
 599 600 601 602 603 604 605 606 607 608 609 610 611 612 613 614 615 616
 617 618 619 620 621 622 624 626 627 629 631 632 634 635 636 637 639 640
 641 642 645 646 647 648 650 426 652 653 655 656 657 658 660 661 662 665
 590 667 671 672 676 813 405 561 670 544 669 580 275]
        91     4886.6992067014     5059.4381794430     1237.3767125146     4886.6992067014      172.7389727416      1.55818835
ids [   8   22   66   77   80   95  110 1064  138  263  273  503  504  518
  519  529  950  543  663  678  680  715  718  720  723  725  758  760
  765  768 1077  409  903  947  952  953  954  955  956  957  958  959
  960  961  962  963  964  965  967  968  969  970  971  972  973  974
  975  976  977  978  979  980   33  982  984 1076  986  987  989  991
  992  994  995 1035  997  998  999 1000 1001 1002 1003 1004 1005 1006
 1007 1008 1009 1010 1011 1012 1013 1014 1015 1016 1017 1018 1019 1020
 1021 1022 1023 1024 1025 1026 1027 1029 1031 1032 1034 1036 1037 1039
 1041 1042 1045 1046 1047 1050 1051 1052 1081 1055 1056 1057 1058 1060
 1061 1062 1063 1065 1066 1067 1068 1069 1070  810 1072  514  951   36
  966   51]
ids [   5   48  139  770  238 1075  244  248 1040  258 1028  985  378  533
  677 1038  682  683  684  685  686  687  688  689  690  691  692  694
  695  696  697  698  699  700  701  702  703  704  705  706  707  708
  709  710 1080  712  713  714  716  717  719  721  722  724  726  727
  728  729  730  731  732  733  734  735  736  737  738  739  740  784
  742  743  744  745  746  747  748  749  750  751  752  754  755  756
  757  759  761  762  763  764  766  767  769  772  773 1033  775  776
  777  778 1030  780  781  782  785  254  787  990  790  791  792  793
  795  796  797  921  800  802  805  806  807  811  828  876  801  771
  804  983  988  888]
ids [ 137  142  143  144  145  146  147  148  149  150  151  152  154  155
  157  158  159  160  161  162  163  164  165  166  167  169  170  679
  172  174  249  176  177  179  180  181  182  184  187  188  189  190
  191  192  193  194  195  196  197  198  199  200  202  203  204  205
  206  207  208  209  210  211  212  214  215  217  218  219  221  222
  224  201  226  227  229  232  233  235  236  237  240  241  242  243
  245 1073  247  250  251  252  253  231  255  256  257  260  276  262
  266  267  269  271  306  348 1078  393  396  410  443  445  448  450
  366  186  493  495  500  535  538  540  799  789  794  798  264  808
  809  259  933  216  321  239  234  774  779  788]
ids [ 122  140  173  178  185  220  223  230  265  268  270  318  407  408
  225  412  413  414  415  416  417  418  419  420  421  422  423  424
  425 1074  427  428  429  430  431  432  433  434  435  436  437  439
  440  441  442  444  446  447  449  451  452  454  456  457  458  459
  460  461  462  463  464  465  466  467  468  469  470  471  472  473
  474  475  476  477  478  479  480  481  482  483  484  485  486  487
  488  489  491  492  494  496  497  499  502  505  506  507  508  509
  510  511  512  513  501  515  516  517  520  521  522  523  524  525
  526  527  528  530  531  532  536  537  539  541  558 1079  588  591
  803  949 1043 1044 1048  534 1053 1059 1054  651  175  546  455  490
  666 1049]
ids [   1    2    3    4    9   10   11   12   13   14   15   16   17   18
   19   20   21   23   24   25   26   27   28   29   30   31   32  938
   34   35    7   37   39   41   42   44   46   47   49  940  900   52
   53   54   55   56   57   58   59   60   61   62   63   64   65   67
   68   69   70   71   72   73   74   75   76   78   79   81   83   85
   86   88   40   90   91   93   96   97   98   99  100  101  125  104
  105  106  109  111  113  114  115  116  119  120  121  124  126  993
  130  131  132  135  136  895  638  643  644  649  905  659  996  893
  674  898  850  981 1071  858  664]
09:29:23-INFO: Step 92
ids [127 141 153 156 168 913 379 213 928 171 272 929 277 278 279 280 281 282
 283 284 285 286 287 288 289 290 291 292 293 294 295 296 297 298 299 300
 301 302 303 304 305 307 308 309 311 312 314 316 317 319 261 322 323 324
 325 326 327 328 329 330 331 332 333 334 335 336 337 338 339 340 341 342
 343 344 345 346 347 349 350 351 352 354 356 357 359 361 362 364 246 367
 934 370 371 372 373 374 375 376 377 380 382 383 385 386 387 388 389 390
 391 392 909 395 397 401 402 381 406 453 498 545 578 918 583 585 914 623
 625 628 630 633 943 675 394]
        92     4880.7156513510     5059.4364206846     1280.2259646814     4880.7156513510      178.7207693337      1.55859045
ids [815  38 936  43  45  82  84  87  92  94 129 134 274 368  89 384 398 399
 404 668 673 681 693 753 711 783 860 812 816 817 818 819 820 821 822 823
 824 825 826 827 829 830 831 832 833 834 835 836 837 838 839 840 841 842
 843 844 845 847 848 849 851 852 853 854 855 856 857 945 859 861 862 863
 864 865 866 867 868 869 870 871 872 873 874 875 946 877 878 879 880 881
 882 883 884 885 886 887 741 889 890 892 894 896 897 899 901 902 904 906
 907 908 910 911 912 915 916 917 920 924 922 923 925 926 927 948 930 931
 932 846 935 937 939 814 941 942 944 919 369  50 786 891]
ids [  6 102 107 108 112 117 118 123 133 183 228 103 310 313 315 320 353 355
 358 360 363 365 400 403 411 438 128 542 654 547 548 549 550 551 552 553
 554 555 556 557 559 560 562 563 564 565 566 567 568 569 570 571 572 573
 574 575 576 577 579 581 582 584 586 587 589 592 593 594 595 596 597 598
 599 600 601 602 603 604 605 606 607 608 609 610 611 612 613 614 615 616
 617 618 619 620 621 622 624 626 627 629 631 632 634 635 636 637 639 640
 641 642 645 646 647 648 650 426 652 653 655 656 657 658 660 661 662 665
 590 667 671 672 676 813 405 561 670 544 669 580 275]
ids [   5   48  139  770  238 1075  244  248 1040  258 1028  985  378  533
  677 1038  682  683  684  685  686  687  688  689  690  691  692  694
  695  696  697  698  699  700  701  702  703  704  705  706  707  708
  709  710 1080  712  713  714  716  717  719  721  722  724  726  727
  728  729  730  731  732  733  734  735  736  737  738  739  740  784
  742  743  744  745  746  747  748  749  750  751  752  754  755  756
  757  759  761  762  763  764  766  767  769  772  773 1033  775  776
  777  778 1030  780  781  782  785  254  787  990  790  791  792  793
  795  796  797  921  800  802  805  806  807  811  828  876  801  771
  804  983  988  888  950  234]
ids [ 137  142  143  144  145  146  147  148  149  150  151  152  154  155
  157  158  159  160  161  162  163  164  165  166  167  169  170  679
  172  174  249  176  177  179  180  181  182  184  187  188  189  190
  191  192  193  194  195  196  197  198  199  200  202  203  204  205
  206  207  208  209  210  211  212  214  215  217  218  219  221  222
  224  201  226  227  229  232  233  235  236  237  240  241  242  243
  245 1073  247  250  251  252  253  231  255  256  257  260  276  262
  266  267  269  271  306  348 1078  393  396  410  443  445  448  450
  366  186  493  495  500  535  538  540  799  789  794  798  264  808
  809  259  933  216  321  239  788  774  779]
ids [   8   22   66   77   80   95  110 1064  138  263  273  503  504  518
  519  529   51  543  663  678  680  715  718  720  723  725  758  760
  765  768 1077  409  903  947  952  953  954  955  956  957  958  959
  960  961  962  963  964  965  967  968  969  970  971  972  973  974
  975  976  977  978  979  980   33  982  984 1076  986  987  989  991
  992  994  995 1035  997  998  999 1000 1001 1002 1003 1004 1005 1006
 1007 1008 1009 1010 1011 1012 1013 1014 1015 1016 1017 1018 1019 1020
 1021 1022 1023 1024 1025 1026 1027 1029 1031 1032 1034 1036 1037 1039
 1041 1042 1045 1046 1047 1050 1051 1052 1081 1055 1056 1057 1058 1060
 1061 1062 1063 1065 1066 1067 1068 1069 1070  810 1072  514  951   36
  966]
ids [ 122  140  173  178  185  220  223  230  265  268  270  318  407  408
  225  412  413  414  415  416  417  418  419  420  421  422  423  424
  425 1074  427  428  429  430  431  432  433  434  435  436  437  439
  440  441  442  444  446  447  449  451  452  454  456  457  458  459
  460  461  462  463  464  465  466  467  468  469  470  471  472  473
  474  475  476  477  478  479  480  481  482  483  484  485  486  487
  488  489  491  492  494  496  497  499  502  505  506  507  508  509
  510  511  512  513  501  515  516  517  520  521  522  523  524  525
  526  527  528  530  531  532  536  537  539  541  558 1079  588  591
  803  949 1043 1044 1048  534 1053 1059 1054  651  175  546  455  490
  666 1049]
ids [   1    2    3    4    9   10   11   12   13   14   15   16   17   18
   19   20   21   23   24   25   26   27   28   29   30   31   32  938
   34   35    7   37   39   41   42   44   46   47   49  940  900   52
   53   54   55   56   57   58   59   60   61   62   63   64   65   67
   68   69   70   71   72   73   74   75   76   78   79   81   83   85
   86   88   40   90   91   93   96   97   98   99  100  101  125  104
  105  106  109  111  113  114  115  116  119  120  121  124  126  993
  130  131  132  135  136  895  638  643  644  649  905  659  996  893
  674  898  850  981 1071  858  664]
09:29:23-INFO: Step 93
ids [  6 102 107 108 112 117 118 123 133 183 228 103 310 313 315 320 353 355
 358 360 363 365 400 403 411 438 128 542 654 547 548 549 550 551 552 553
 554 555 556 557 559 560 562 563 564 565 566 567 568 569 570 571 572 573
 574 575 576 577 579 581 582 584 586 587 589 592 593 594 595 596 597 598
 599 600 601 602 603 604 605 606 607 608 609 610 611 612 613 614 615 616
 617 618 619 620 621 622 624 626 627 629 631 632 634 635 636 637 639 640
 641 642 645 646 647 648 650 426 652 653 655 656 657 658 660 661 662 665
 590 667 671 672 676 813 405 561 670 544 669 580 275]
ids [815  38 936  43  45  82  84  87  92  94 129 134 274 368  89 384 398 399
 404 668 673 681 693 753 711 783 860 812 816 817 818 819 820 821 822 823
 824 825 826 827 829 830 831 832 833 834 835 836 837 838 839 840 841 842
 843 844 845 847 848 849 851 852 853 854 855 856 857 945 859 861 862 863
 864 865 866 867 868 869 870 871 872 873 874 875 946 877 878 879 880 881
 882 883 884 885 886 887 741 889 890 892 894 896 897 899 901 902 904 906
 907 908 910 911 912 915 916 917 920 924 922 923 925 926 927 948 930 931
 932 846 935 937 939 814 941 942 944 919 369  50 786 891]
        93     4874.5149928763     5059.4344388806     1324.6287884270     4874.5149928763      184.9194460043      1.56228602
ids [   5   48  139  770  238 1075  244  248 1040  258 1028  985  378  533
  677 1038  682  683  684  685  686  687  688  689  690  691  692  694
  695  696  697  698  699  700  701  702  703  704  705  706  707  708
  709  710 1080  712  713  714  716  717  719  721  722  724  726  727
  728  729  730  731  732  733  734  735  736  737  738  739  740  784
  742  743  744  745  746  747  748  749  750  751  752  754  755  756
  757  759  761  762  763  764  766  767  769  772  773 1033  775  776
  777  778 1030  780  781  782  785  254  787  990  790  791  792  793
  795  796  797  921  800  802  805  806  807  811  828  876  801  771
  804  983  988  888  950  234]
ids [127 141 153 156 168 913 379 213 928 171 272 929 277 278 279 280 281 282
 283 284 285 286 287 288 289 290 291 292 293 294 295 296 297 298 299 300
 301 302 303 304 305 307 308 309 311 312 314 316 317 319 261 322 323 324
 325 326 327 328 329 330 331 332 333 334 335 336 337 338 339 340 341 342
 343 344 345 346 347 349 350 351 352 354 356 357 359 361 362 364 246 367
 934 370 371 372 373 374 375 376 377 380 382 383 385 386 387 388 389 390
 391 392 909 395 397 401 402 381 406 453 498 545 578 918 583 585 914 623
 625 628 630 633 943 675 394]
ids [ 137  142  143  144  145  146  147  148  149  150  151  152  154  155
  157  158  159  160  161  162  163  164  165  166  167  169  170  679
  172  174  249  176  177  179  180  181  182  184  187  188  189  190
  191  192  193  194  195  196  197  198  199  200  202  203  204  205
  206  207  208  209  210  211  212  214  215  217  218  219  221  222
  224  201  226  227  229  232  233  235  236  237  240  241  242  243
  245 1073  247  250  251  252  253  231  255  256  257  260  276  262
  266  267  269  271  306  348 1078  393  396  410  443  445  448  450
  366  186  493  495  500  535  538  540  799  789  794  798  264  808
  809  259  933  216  321  239  788  774  779]
ids [   8   22   66   77   80   95  110 1064  138  263  273  503  504  518
  519  529   51  543  663  678  680  715  718  720  723  725  758  760
  765  768 1077  409  903  947  952  953  954  955  956  957  958  959
  960  961  962  963  964  965  967  968  969  970  971  972  973  974
  975  976  977  978  979  980   33  982  984 1076  986  987  989  991
  992  994  995 1035  997  998  999 1000 1001 1002 1003 1004 1005 1006
 1007 1008 1009 1010 1011 1012 1013 1014 1015 1016 1017 1018 1019 1020
 1021 1022 1023 1024 1025 1026 1027 1029 1031 1032 1034 1036 1037 1039
 1041 1042 1045 1046 1047 1050 1051 1052 1081 1055 1056 1057 1058 1060
 1061 1062 1063 1065 1066 1067 1068 1069 1070  810 1072  514  951   36
  966]
ids [ 122  140  173  178  185  220  223  230  265  268  270  318  407  408
  225  412  413  414  415  416  417  418  419  420  421  422  423  424
  425 1074  427  428  429  430  431  432  433  434  435  436  437  439
  440  441  442  444  446  447  449  451  452  454  456  457  458  459
  460  461  462  463  464  465  466  467  468  469  470  471  472  473
  474  475  476  477  478  479  480  481  482  483  484  485  486  487
  488  489  491  492  494  496  497  499  502  505  506  507  508  509
  510  511  512  513  501  515  516  517  520  521  522  523  524  525
  526  527  528  530  531  532  536  537  539  541  558 1079  588  591
  803  949 1043 1044 1048  534 1053 1059 1054  651  175  546  455  490
  666 1049]
ids [   1    2    3    4    9   10   11   12   13   14   15   16   17   18
   19   20   21   23   24   25   26   27   28   29   30   31   32  938
   34   35    7   37   39   41   42   44   46   47   49  940  900   52
   53   54   55   56   57   58   59   60   61   62   63   64   65   67
   68   69   70   71   72   73   74   75   76   78   79   81   83   85
   86   88   40   90   91   93   96   97   98   99  100  101  125  104
  105  106  109  111  113  114  115  116  119  120  121  124  126  993
  130  131  132  135  136  895  638  643  644  649  905  659  996  893
  674  898  850  981 1071  858  664]
09:29:23-INFO: Step 94
ids [815  38 936  43  45  82  84  87  92  94 129 134 274 368 891 384 398 399
 404 668 673 681 693 753 711 783 860 812 816 817 818 819 820 821 822 823
 824 825 826 827 829 830 831 832 833 834 835 836 837 838 839 840 841 842
 843 844 845 847 848 849 851 852 853 854 855 856 857 945 859 861 862 863
 864 865 866 867 868 869 870 871 872 873 874 875 946 877 878 879 880 881
 882 883 884 885 886 887 741 889 890 892 894 896 897 899 901 902 904 906
 907 908 910 911 912 915 916 917 920 924 922 923 925 926 927 948 930 931
 932 846 935 937 939 814 941 942 944 919 369  50 786   7]
ids [  6 102 107 108 112 117 118 123 133 183 228 103 310 313 315 320 353 355
 358 360 363 365 400 403 411 438 128 542 654 547 548 549 550 551 552 553
 554 555 556 557 559 560 562 563 564 565 566 567 568 569 570 571 572 573
 574 575 576 577 579 581 582 584 586 587 589 592 593 594 595 596 597 598
 599 600 601 602 603 604 605 606 607 608 609 610 611 612 613 614 615 616
 617 618 619 620 621 622 624 626 627 629 631 632 634 635 636 637 639 640
 641 642 645 646 647 648 650 426 652 653 655 656 657 658 660 661 662 665
 590 667 671 672 676 813 405 561 670 544 669 580 275]
ids [   8   22   66   77   80   95  110 1064  138  263  273  503  504  518
  519  529   51  543  663  678  680  715  718  720  723  725  758  760
  765  768 1077  409  903  947  952  953  954  955  956  957  958  959
  960  961  962  963  964  965  967  968  969  970  971  972  973  974
  975  976  977  978  979  980   33  982  984 1076  986  987  989  991
  992  994  995 1035  997  998  999 1000 1001 1002 1003 1004 1005 1006
 1007 1008 1009 1010 1011 1012 1013 1014 1015 1016 1017 1018 1019 1020
 1021 1022 1023 1024 1025 1026 1027 1029 1031 1032 1034 1036 1037 1039
 1041 1042 1045 1046 1047 1050 1051 1052 1081 1055 1056 1057 1058 1060
 1061 1062 1063 1065 1066 1067 1068 1069 1070  810 1072  514  951   36
  966]
        94     4868.1291958760     5059.4322984741     1370.3566741758     4868.1291958760      191.3031025981      1.52741930
ids [   5   48  139  770  238 1075  244  248 1040  258 1028  985  378  533
  677 1038  682  683  684  685  686  687  688  689  690  691  692  694
  695  696  697  698  699  700  701  702  703  704  705  706  707  708
  709  710 1080  712  713  714  716  717  719  721  722  724  726  727
  728  729  730  731  732  733  734  735  736  737  738  739  740  784
  742  743  744  745  746  747  748  749  750  751  752  754  755  756
  757  759  761  762  763  764  766  767  769  772  773 1033  775  776
  777  778 1030  780  781  782  785  254  787  990  790  791  792  793
  795  796  797  921  800  802  805  806  807  811  828  876  801  771
  804  983  988  888  950  234]
ids [127 141 153 156 168 913 379 213 928 171 272 929 277 278 279 280 281 282
 283 284 285 286 287 288 289 290 291 292 293 294 295 296 297 298 299 300
 301 302 303 304 305 307 308 309 311 312 314 316 317 319 261 322 323 324
 325 326 327 328 329 330 331 332 333 334 335 336 337 338 339 340 341 342
 343 344 345 346 347 349 350 351 352 354 356 357 359 361 362 364 246 367
 934 370 371 372 373 374 375 376 377 380 382 383 385 386 387 388 389 390
 391 392 909 395 397 401 402 381 406 453 498 545 578 918 583 585 914 623
 625 628 630 633 943 675 394]
ids [ 137  142  143  144  145  146  147  148  149  150  151  152  154  155
  157  158  159  160  161  162  163  164  165  166  167  169  170  679
  172  174  249  176  177  179  180  181  182  184  187  188  189  190
  191  192  193  194  195  196  197  198  199  200  202  203  204  205
  206  207  208  209  210  211  212  214  215  217  218  219  221  222
  224  201  226  227  229  232  233  235  236  237  240  241  242  243
  245 1073  247  250  251  252  253  231  255  256  257  260  276  262
  266  267  269  271  306  348 1078  393  396  410  443  445  448  450
  366  186  493  495  500  535  538  540  799  789  794  798  264  808
  809  259  933  216  321  239  788  774  779]
ids [ 122  140  173  178  185  220  223  230  265  268  270  318  407  408
  225  412  413  414  415  416  417  418  419  420  421  422  423  424
  425 1074  427  428  429  430  431  432  433  434  435  436  437  439
  440  441  442  444  446  447  449  451  452  454  456  457  458  459
  460  461  462  463  464  465  466  467  468  469  470  471  472  473
  474  475  476  477  478  479  480  481  482  483  484  485  486  487
  488  489  491  492  494  496  497  499  502  505  506  507  508  509
  510  511  512  513  501  515  516  517  520  521  522  523  524  525
  526  527  528  530  531  532  536  537  539  541  558 1079  588  591
  803  949 1043 1044 1048  534 1053 1059 1054  651  175  546  455  490
  666 1049]
ids [   1    2    3    4    9   10   11   12   13   14   15   16   17   18
   19   20   21   23   24   25   26   27   28   29   30   31   32  938
   34   35  664   37   39   41   42   44   46   47   49  940  900   52
   53   54   55   56   57   58   59   60   61   62   63   64   65   67
   68   69   70   71   72   73   74   75   76   78   79   81   83   85
   86   88   40   90   91   93   96   97   98   99  100  101  125  104
  105  106  109  111  113  114  115  116  119  120  121  124  126  993
  130  131  132  135  136  895  638  643  644  649  905  659  996  893
  674  898  850  981 1071  858   89]
09:29:23-INFO: Step 95
ids [  6 102 107 108 112 117 118 123 133 183 228 103 310 313 315 320 353 355
 358 360 363 365 400 403 411 438 128 542 654 547 548 549 550 551 552 553
 554 555 556 557 559 560 562 563 564 565 566 567 568 569 570 571 572 573
 574 575 576 577 579 581 582 584 586 587 589 592 593 594 595 596 597 598
 599 600 601 602 603 604 605 606 607 608 609 610 611 612 613 614 615 616
 617 618 619 620 621 622 624 626 627 629 631 632 634 635 636 637 639 640
 641 642 645 646 647 648 650 426 652 653 655 656 657 658 660 661 662 665
 590 667 671 672 676 813 405 561 670 544 669 580 275]
ids [815  38 936  43  45  82  84  87  92  94 129 134 274 368 891 384 398 399
 404 668 673 681 693 753 711 783 860 812 816 817 818 819 820 821 822 823
 824 825 826 827 829 830 831 832 833 834 835 836 837 838 839 840 841 842
 843 844 845 847 848 849 851 852 853 854 855 856 857 945 859 861 862 863
 864 865 866 867 868 869 870 871 872 873 874 875 946 877 878 879 880 881
 882 883 884 885 886 887 741 889 890 892 894 896 897 899 901 902 904 906
 907 908 910 911 912 915 916 917 920 924 922 923 925 926 927 948 930 931
 932 846 935 937 939 814 941 942 944 919 369  50 786   7]
        95     4861.5928164010     5059.4300737601     1417.1626196369     4861.5928164010      197.8372573591      1.51823648
ids [ 234   48  139  770  238 1075  244  248 1040  258 1028  985  378  533
  677 1038  682  683  684  685  686  687  688  689  690  691  692  694
  695  696  697  698  699  700  701  702  703  704  705  706  707  708
  709  710 1080  712  713  714  716  717  719  721  722  724  726  727
  728  729  730  731  732  733  734  735  736  737  738  739  740  784
  742  743  744  745  746  747  748  749  750  751  752  754  755  756
  757  759  761  762  763  764  766  767  769  772  773 1033  775  776
  777  778 1030  780  781  782  785  254  787  990  790  791  792  793
  795  796  797  921  800  802  805  806  807  811  828  876  801  771
  804  983  988  888  950]
ids [   8  966   66   77   80   95  110 1064  138  263  273  503  504  518
  519  529   51  543  663  678  680  715  718  720  723  725  758  760
  765  768 1077  409  903  947  952  953  954  955  956  957  958  959
  960  961  962  963  964  965  967  968  969  970  971  972  973  974
  975  976  977  978  979  980   33  982  984 1076  986  987  989  991
  992  994  995 1035  997  998  999 1000 1001 1002 1003 1004 1005 1006
 1007 1008 1009 1010 1011 1012 1013 1014 1015 1016 1017 1018 1019 1020
 1021 1022 1023 1024 1025 1026 1027 1029 1031 1032 1034 1036 1037 1039
 1041 1042 1045 1046 1047 1050 1051 1052 1081 1055 1056 1057 1058 1060
 1061 1062 1063 1065 1066 1067 1068 1069 1070  810 1072  514  951   36]
ids [127 141 153 156 168 913 379 213 928 171 272 929 277 278 279 280 281 282
 283 284 285 286 287 288 289 290 291 292 293 294 295 296 297 298 299 300
 301 302 303 304 305 307 308 309 311 312 314 316 317 319 261 322 323 324
 325 326 327 328 329 330 331 332 333 334 335 336 337 338 339 340 341 342
 343 344 345 346 347 349 350 351 352 354 356 357 359 361 362 364 246 367
 934 370 371 372 373 374 375 376 377 380 382 383 385 386 387 388 389 390
 391 392 909 395 397 401 402 381 406 453 498 545 578 918 583 585 914 623
 625 628 630 633 943 675 394]
ids [ 137  142  143  144  145  146  147  148  149  150  151  152  154  155
  157  158  159  160  161  162  163  164  165  166  167  169  170  679
  172  174  249  176  177  179  180  181  182  184  187  188  189  190
  191  192  193  194  195  196  197  198  199  200  202  203  204  205
  206  207  208  209  210  211  212  214  215  217  218  219  221  222
  224  201  226  227  229  232  233  235  236  237  240  241  242  243
  245 1073  247  250  251  252  253  231  255  256  257  260  276  262
  266  267  269  271  306  348 1078  393  396  410  443  445  448  450
  366  186  493  495  500  535  538  540  799  789  794  798  264  808
  809  259  933  216  321  239  788  774  779    5]
ids [ 122  140  173  178  185  220  223  230  265  268  270  318  407  408
  225  412  413  414  415  416  417  418  419  420  421  422  423  424
  425 1074  427  428  429  430  431  432  433  434  435  436  437  439
  440  441  442  444  446  447  449  451  452  454  456  457  458  459
  460  461  462  463  464  465  466  467  468  469  470  471  472  473
  474  475  476  477  478  479  480  481  482  483  484  485  486  487
  488  489  491  492  494  496  497  499  502  505  506  507  508  509
  510  511  512  513  501  515  516  517  520  521  522  523  524  525
  526  527  528  530  531  532  536  537  539  541  558 1079  588  591
  803  949 1043 1044 1048  534 1053 1059 1054  651  175  546  455  490
  666 1049]
ids [   1    2    3    4    9   10   11   12   13   14   15   16   17   18
   19   20   21   23   24   25   26   27   28   29   30   31   32  938
   34   35  664   37   39   41   42   44   46   47   49  940  900   52
   53   54   55   56   57   58   59   60   61   62   63   64   65   67
   68   69   70   71   72   73   74   75   76   78   79   81   83   85
   86   88   40   90   91   93   96   97   98   99  100  101  125  104
  105  106  109  111  113  114  115  116  119  120  121  124  126  993
  130  131  132  135  136  895  638  643  644  649  905  659  996  893
  674  898  850  981 1071  858   89   22]
09:29:23-INFO: Step 96
ids [815  38 936  43  45  82  84  87  92  94 129 134 274 368 891 384 398 399
 404 668 673 681 693 753 711 783 860 812 816 817 818 819 820 821 822 823
 824 825 826 827 829 830 831 832 833 834 835 836 837 838 839 840 841 842
 843 844 845 847 848 849 851 852 853 854 855 856 857 945 859 861 862 863
 864 865 866 867 868 869 870 871 872 873 874 875 946 877 878 879 880 881
 882 883 884 885 886 887 741 889 890 892 894 896 897 899 901 902 904 906
 907 908 910 911 912 915 916 917 920 924 922 923 925 926 927 948 930 931
 932 846 935 937 939 814 941 942 944 919 369  50 786   7]
ids [  6 102 107 108 112 117 118 123 133 183 228 103 310 313 315 320 353 355
 358 360 363 365 400 403 411 438 128 542 654 547 548 549 550 551 552 553
 554 555 556 557 559 560 562 563 564 565 566 567 568 569 570 571 572 573
 574 575 576 577 579 581 582 584 586 587 589 592 593 594 595 596 597 598
 599 600 601 602 603 604 605 606 607 608 609 610 611 612 613 614 615 616
 617 618 619 620 621 622 624 626 627 629 631 632 634 635 636 637 639 640
 641 642 645 646 647 648 650 426 652 653 655 656 657 658 660 661 662 665
 590 667 671 672 676 813 405 561 670 544 669 580 275]
        96     4854.9418222955     5059.4278439429     1464.7895446258     4854.9418222955      204.4860216474      1.48203773
ids [   8  966   66   77   80   95  110 1064  138  263  273  503  504  518
  519  529   51  543  663  678  680  715  718  720  723  725  758  760
  765  768 1077  409  903  947  952  953  954  955  956  957  958  959
  960  961  962  963  964  965  967  968  969  970  971  972  973  974
  975  976  977  978  979  980   33  982  984 1076  986  987  989  991
  992  994  995 1035  997  998  999 1000 1001 1002 1003 1004 1005 1006
 1007 1008 1009 1010 1011 1012 1013 1014 1015 1016 1017 1018 1019 1020
 1021 1022 1023 1024 1025 1026 1027 1029 1031 1032 1034 1036 1037 1039
 1041 1042 1045 1046 1047 1050 1051 1052 1081 1055 1056 1057 1058 1060
 1061 1062 1063 1065 1066 1067 1068 1069 1070  810 1072  514  951   36]
ids [127 141 153 156 168 913 379 213 928 171 272 929 277 278 279 280 281 282
 283 284 285 286 287 288 289 290 291 292 293 294 295 296 297 298 299 300
 301 302 303 304 305 307 308 309 311 312 314 316 317 319 261 322 323 324
 325 326 327 328 329 330 331 332 333 334 335 336 337 338 339 340 341 342
 343 344 345 346 347 349 350 351 352 354 356 357 359 361 362 364 246 367
 934 370 371 372 373 374 375 376 377 380 382 383 385 386 387 388 389 390
 391 392 909 395 397 401 402 381 406 453 498 545 578 918 583 585 914 623
 625 628 630 633 943 675 394]
ids [ 234   48  139  770  238 1075  244  248 1040  258 1028  985  378  533
  677 1038  682  683  684  685  686  687  688  689  690  691  692  694
  695  696  697  698  699  700  701  702  703  704  705  706  707  708
  709  710 1080  712  713  714  716  717  719  721  722  724  726  727
  728  729  730  731  732  733  734  735  736  737  738  739  740  784
  742  743  744  745  746  747  748  749  750  751  752  754  755  756
  757  759  761  762  763  764  766  767  769  772  773 1033  775  776
  777  778 1030  780  781  782  785  254  787  990  790  791  792  793
  795  796  797  921  800  802  805  806  807  811  828  876  801  771
  804  983  988  888  950]
ids [ 137  142  143  144  145  146  147  148  149  150  151  152  154  155
  157  158  159  160  161  162  163  164  165  166  167  169  170  679
  172  174  249  176  177  179  180  181  182  184  187  188  189  190
  191  192  193  194  195  196  197  198  199  200  202  203  204  205
  206  207  208  209  210  211  212  214  215  217  218  219  221  222
  224  201  226  227  229  232  233  235  236  237  240  241  242  243
  245 1073  247  250  251  252  253  231  255  256  257  260  276  262
  266  267  269  271  306  348 1078  393  396  410  443  445  448  450
  366  186  493  495  500  535  538  540  799  789  794  798  264  808
  809  259  933  216  321  239  788  774  779    5]
ids [ 122  140  173  178  185  220  223  230  265  268  270  318  407  408
  225  412  413  414  415  416  417  418  419  420  421  422  423  424
  425 1074  427  428  429  430  431  432  433  434  435  436  437  439
  440  441  442  444  446  447  449  451  452  454  456  457  458  459
  460  461  462  463  464  465  466  467  468  469  470  471  472  473
  474  475  476  477  478  479  480  481  482  483  484  485  486  487
  488  489  491  492  494  496  497  499  502  505  506  507  508  509
  510  511  512  513  501  515  516  517  520  521  522  523  524  525
  526  527  528  530  531  532  536  537  539  541  558 1079  588  591
  803  949 1043 1044 1048  534 1053 1059 1054  651  175  546  455  490
  666 1049]
ids [   1    2    3    4    9   10   11   12   13   14   15   16   17   18
   19   20   21   23   24   25   26   27   28   29   30   31   32  938
   34   35  664   37   39   41   42   44   46   47   49  940  900   52
   53   54   55   56   57   58   59   60   61   62   63   64   65   67
   68   69   70   71   72   73   74   75   76   78   79   81   83   85
   86   88   40   90   91   93   96   97   98   99  100  101  125  104
  105  106  109  111  113  114  115  116  119  120  121  124  126  993
  130  131  132  135  136  895  638  643  644  649  905  659  996  893
  674  898  850  981 1071  858   89   22]
09:29:23-INFO: Step 97
ids [  6 102 107 108 112 117 118 123 133 183 228 103 310 313 315 320 353 355
 358 360 363 365 400 403 411 438 128 542 275 547 548 549 550 551 552 553
 554 555 556 557 559 560 562 563 564 565 566 567 568 569 570 571 572 573
 574 575 576 577 579 581 582 584 586 587 589 592 593 594 595 596 597 598
 599 600 601 602 603 604 605 606 607 608 609 610 611 612 613 614 615 616
 617 618 619 620 621 622 624 626 627 629 631 632 634 635 636 637 639 640
 641 642 645 646 647 648 650 426 652 653 655 656 657 658 660 661 662 665
 590 667 671 672 676 813 405 561 670 544 669 580]
ids [ 137  142  143  144  145  146  147  148  149  150  151  152  154  155
  157  158  159  160  161  162  163  164  165  166  167  169  170  679
  172  174  249  176  177  179  180  181  182  184  187  188  189  190
  191  192  193  194  195  196  197  198  199  200  202  203  204  205
  206  207  208  209  210  211  212  214  215  217  218  219  221  222
  224  201  226  227  229  232  233  235  236  237  240  241  242  243
  245 1073  247  250  251  252  253  231  255  256  257  260  276  262
  266  267  269  271  306  348 1078  393  396  410  443  445  448  450
  366  186  493  495  500  535  538  540  799  789  794  798  264  808
  809  259  933  216  321  239  788  774  779    5]
ids [127 141 153 156 168 913 379 213 928 171 272 929 277 278 279 280 281 282
 283 284 285 286 287 288 289 290 291 292 293 294 295 296 297 298 299 300
 301 302 303 304 305 307 308 309 311 312 314 316 317 319 261 322 323 324
 325 326 327 328 329 330 331 332 333 334 335 336 337 338 339 340 341 342
 343 344 345 346 347 349 350 351 352 354 356 357 359 361 362 364 246 367
 934 370 371 372 373 374 375 376 377 380 382 383 385 386 387 388 389 390
 391 392 909 395 397 401 402 381 406 453 498 545 578 918 583 585 914 623
 625 628 630 633 943 675 394]
ids [815  38 936  43  45  82  84  87  92  94 129 134 274 368 891 384 398 399
 404 668 673 681 693 753 711 783 860 812 816 817 818 819 820 821 822 823
 824 825 826 827 829 830 831 832 833 834 835 836 837 838 839 840 841 842
 843 844 845 847 848 849 851 852 853 854 855 856 857 945 859 861 862 863
 864 865 866 867 868 869 870 871 872 873 874 875 946 877 878 879 880 881
 882 883 884 885 886 887 741 889 890 892 894 896 897 899 901 902 904 906
 907 908 910 911 912 915 916 917 920 924 922 923 925 926 927 948 930 931
 932 846 935 937 939 814 941 942 944 919 369  50 786   7]
ids [   8  966   66   77   80   95  110 1064  138  263  273  503  504  518
  519  529   51   36  663  678  680  715  718  720  723  725  758  760
  765  768 1077  409  903  947  952  953  954  955  956  957  958  959
  960  961  962  963  964  965  967  968  969  970  971  972  973  974
  975  976  977  978  979  980   33  982  984 1076  986  987  989  991
  992  994  995 1035  997  998  999 1000 1001 1002 1003 1004 1005 1006
 1007 1008 1009 1010 1011 1012 1013 1014 1015 1016 1017 1018 1019 1020
 1021 1022 1023 1024 1025 1026 1027 1029 1031 1032 1034 1036 1037 1039
 1041 1042 1045 1046 1047 1050 1051 1052 1081 1055 1056 1057 1058 1060
 1061 1062 1063 1065 1066 1067 1068 1069 1070  810 1072  514  951]
ids [ 234   48  139  770  238 1075  244  248 1040  258 1028  985  378  533
  677 1038  682  683  684  685  686  687  688  689  690  691  692  694
  695  696  697  698  699  700  701  702  703  704  705  706  707  708
  709  710 1080  712  713  714  716  717  719  721  722  724  726  727
  728  729  730  731  732  733  734  735  736  737  738  739  740  784
  742  743  744  745  746  747  748  749  750  751  752  754  755  756
  757  759  761  762  763  764  766  767  769  772  773 1033  775  776
  777  778 1030  780  781  782  785  254  787  990  790  791  792  793
  795  796  797  921  800  802  805  806  807  811  828  876  801  771
  804  983  988  888  950]
        97     4848.2123359584     5059.4256878175     1512.9792589050     4848.2123359584      211.2133518591      1.54674918
ids [ 122  140  173  178  185  220  223  230  265  268  270  318  407  408
  225  412  413  414  415  416  417  418  419  420  421  422  423  424
  425 1074  427  428  429  430  431  432  433  434  435  436  437  439
  440  441  442  444  446  447  449  451  452  454  456  457  458  459
  460  461  462  463  464  465  466  467  468  469  470  471  472  473
  474  475  476  477  478  479  480  481  482  483  484  485  486  487
  488  489  491  492  494  496  497  499  502  505  506  507  508  509
  510  511  512  513  501  515  516  517  520  521  522  523  524  525
  526  527  528  530  531  532  536  537  539  541  558 1079  588  591
  803  949 1043 1044 1048  534 1053 1059 1054  651  175  546  455  490
  666 1049]
ids [   1    2    3    4    9   10   11   12   13   14   15   16   17   18
   19   20   21   23   24   25   26   27   28   29   30   31   32  938
   34   35  664   37   39   41   42   44   46   47   49  940  900   52
   53   54   55   56   57   58   59   60   61   62   63   64   65   67
   68   69   70   71   72   73   74   75   76   78   79   81   83   85
   86   88   40   90   91   93   96   97   98   99  100  101  125  104
  105  106  109  111  113  114  115  116  119  120  121  124  126  993
  130  131  132  135  136  895  638  643  644  649  905  659  996  893
  674  898  850  981 1071  858   89   22  543  654]
09:29:23-INFO: Step 98
ids [127 141 153 156 168 913 379 213 928 171 272 929 277 278 279 280 281 282
 283 284 285 286 287 288 289 290 291 292 293 294 295 296 297 298 299 300
 301 302 303 304 305 307 308 309 311 312 314 316 317 319 261 322 323 324
 325 326 327 328 329 330 331 332 333 334 335 336 337 338 339 340 341 342
 343 344 345 346 347 349 350 351 352 354 356 357 359 361 362 364 246 367
 934 370 371 372 373 374 375 376 377 380 382 383 385 386 387 388 389 390
 391 392 909 395 397 401 402 381 406 453 498 545 578 918 583 585 914 623
 625 628 630 633 943 675 394]
ids [815  38 936  43  45  82  84  87  92  94   7 134 274 368 891 384 398 399
 404 668 673 681 693 753 711 783 860 812 816 817 818 819 820 821 822 823
 824 825 826 827 829 830 831 832 833 834 835 836 837 838 839 840 841 842
 843 844 845 847 848 849 851 852 853 854 855 856 857 945 859 861 862 863
 864 865 866 867 868 869 870 871 872 873 874 875 946 877 878 879 880 881
 882 883 884 885 886 887 741 889 890 892 894 896 897 899 901 902 904 906
 907 908 910 911 912 915 916 917 920 924 922 923 925 926 927 948 930 931
 932 846 935 937 939 814 941 942 944 919 369  50 786]
ids [  6 102 107 108 112 117 118 123 133 183 228 103 310 313 315 320 353 355
 358 360 363 365 400 403 411 438 128 542 275 547 548 549 550 551 552 553
 554 555 556 557 559 560 562 563 564 565 566 567 568 569 570 571 572 573
 574 575 576 577 579 581 582 584 586 587 589 592 593 594 595 596 597 598
 599 600 601 602 603 604 605 606 607 608 609 610 611 612 613 614 615 616
 617 618 619 620 621 622 624 626 627 629 631 632 634 635 636 637 639 640
 641 642 645 646 647 648 650 426 652 653 655 656 657 658 660 661 662 665
 590 667 671 672 676 813 405 561 670 544 669 580]
ids [   8  966   66   77   80   95  110 1064  138  263  273  503  504  518
  519  529   51   36  663  678  680  715  718  720  723  725  758  760
  765  768 1077  409  903  947  952  953  954  955  956  957  958  959
  960  961  962  963  964  965  967  968  969  970  971  972  973  974
  975  976  977  978  979  980   33  982  984 1076  986  987  989  991
  992  994  995 1035  997  998  999 1000 1001 1002 1003 1004 1005 1006
 1007 1008 1009 1010 1011 1012 1013 1014 1015 1016 1017 1018 1019 1020
 1021 1022 1023 1024 1025 1026 1027 1029 1031 1032 1034 1036 1037 1039
 1041 1042 1045 1046 1047 1050 1051 1052 1081 1055 1056 1057 1058 1060
 1061 1062 1063 1065 1066 1067 1068 1069 1070  810 1072  514  951]
        98     4841.4393841703     5059.4236784530     1561.4813794389     4841.4393841703      217.9842942828      1.48419252
ids [ 234   48  139  770  238 1075  244  248 1040  258 1028  985  378  533
  677 1038  682  683  684  685  686  687  688  689  690  691  692  694
  695  696  697  698  699  700  701  702  703  704  705  706  707  708
  709  710 1080  712  713  714  716  717  719  721  722  724  726  727
  728  729  730  731  732  733  734  735  736  737  738  739  740  784
  742  743  744  745  746  747  748  749  750  751  752  754  755  756
  757  759  761  762  763  764  766  767  769  772  773 1033  775  776
  777  778 1030  780  781  782  785  254  787  990  790  791  792  793
  795  796  797  921  800  802  805  806  807  811  828  876  801  771
  804  983  988  888  950]
ids [ 137  142  143  144  145  146  147  148  149  150  151  152  154  155
  157  158  159  160  161  162  163  164  165  166  167  169  170  679
  172  174  249  176  177  179  180  181  182  184  187  188  189  190
  191  192  193  194  195  196  197  198  199  200  202  203  204  205
  206  207  208  209  210  211  212  214  215  217  218  219  221  222
  224  201  226  227  229  232  233  235  236  237  240  241  242  243
  245 1073  247  250  251  252  253  231  255  256  257  260  276  262
  266  267  269  271  306  348 1078  393  396  410  443  445  448  450
  366  186  493  495  500  535  538  540  799  789  794  798  264  808
  809  259  933  216  321  239  788  774  779    5]
ids [ 122  140  173  178  185  220  223  230  265  268  270  318  407  408
  225  412  413  414  415  416  417  418  419  420  421  422  423  424
  425 1074  427  428  429  430  431  432  433  434  435  436  437  439
  440  441  442  444  446  447  449  451  452  454  456  457  458  459
  460  461  462  463  464  465  466  467  468  469  470  471  472  473
  474  475  476  477  478  479  480  481  482  483  484  485  486  487
  488  489  491  492  494  496  497  499  502  505  506  507  508  509
  510  511  512  513  501  515  516  517  520  521  522  523  524  525
  526  527  528  530  531  532  536  537  539  541  558 1079  588  591
  803  949 1043 1044 1048  534 1053 1059 1054  651  175  546  455  490
  666 1049]
ids [   1    2    3    4    9   10   11   12   13   14   15   16   17   18
   19   20   21   23   24   25   26   27   28   29   30   31   32  938
   34   35  664   37   39   41   42   44   46   47   49  940  900   52
   53   54   55   56   57   58   59   60   61   62   63   64   65   67
   68   69   70   71   72   73   74   75   76   78   79   81   83   85
   86   88   40   90   91   93   96   97   98   99  100  101  125  104
  105  106  109  111  113  114  115  116  119  120  121  124  126  993
  130  131  132  135  136  895  638  643  644  649  905  659  996  893
  674  898  850  981 1071  858   89   22  543  654  129]
09:29:23-INFO: Step 99
ids [  6 102 107 108 112 117 118 123 133 183 228 103 310 313 315 320 353 355
 358 360 363 365 400 403 411 438 128 542 275 547 548 549 550 551 552 553
 554 555 556 557 559 560 562 563 564 565 566 567 568 569 570 571 572 573
 574 575 576 577 579 581 582 584 586 587 589 592 593 594 595 596 597 598
 599 600 601 602 603 604 605 606 607 608 609 610 611 612 613 614 615 616
 617 618 619 620 621 622 624 626 627 629 631 632 634 635 636 637 639 640
 641 642 645 646 647 648 650 426 652 653 655 656 657 658 660 661 662 665
 590 667 671 672 676 813 405 561 670 544 669 580]
        99     4834.6557394835     5059.4218782543     1610.0615944547     4834.6557394835      224.7661387708      1.44277044
ids [786  38 936  43  45  82  84  87  92  94   7 134 274 368 891 384 398 399
 404 668 673 681 693 753 711 783 860 812 816 817 818 819 820 821 822 823
 824 825 826 827 829 830 831 832 833 834 835 836 837 838 839 840 841 842
 843 844 845 847 848 849 851 852 853 854 855 856 857  50 859 861 862 863
 864 865 866 867 868 869 870 871 872 873 874 875 946 877 878 879 880 881
 882 883 884 885 886 887 741 889 890 892 894 896 897 899 901 902 904 906
 907 908 910 911 912 915 916 917 920 924 922 923 925 926 927 948 930 931
 932 846 935 937 939 814 941 942 944 919 369]
ids [   8  966   66   77   80   95  110 1064  138  263  273  503  504  518
  519  529   51   36  663  678  680  715  718  720  723  725  758  760
  765  768 1077  409  903  947  952  953  954  955  956  957  958  959
  960  961  962  963  964  965  967  968  969  970  971  972  973  974
  975  976  977  978  979  980   33  982  984 1076  986  987  989  991
  992  994  995 1035  997  998  999 1000 1001 1002 1003 1004 1005 1006
 1007 1008 1009 1010 1011 1012 1013 1014 1015 1016 1017 1018 1019 1020
 1021 1022 1023 1024 1025 1026 1027 1029 1031 1032 1034 1036 1037 1039
 1041 1042 1045 1046 1047 1050 1051 1052 1081 1055 1056 1057 1058 1060
 1061 1062 1063 1065 1066 1067 1068 1069 1070  810 1072  514  951]
ids [127 141 153 156 168 913 379 213 928 171 272 929 277 278 279 280 281 282
 283 284 285 286 287 288 289 290 291 292 293 294 295 296 297 298 299 300
 301 302 303 304 305 307 308 309 311 312 314 316 317 319 261 322 323 324
 325 326 327 328 329 330 331 332 333 334 335 336 337 338 339 340 341 342
 343 344 345 346 347 349 350 351 352 354 356 357 359 361 362 364 246 367
 934 370 371 372 373 374 375 376 377 380 382 383 385 386 387 388 389 390
 391 392 909 395 397 401 402 381 406 453 498 545 578 918 583 585 914 623
 625 628 630 633 943 675 394]
ids [ 234   48  139  770  238 1075  244  248 1040  258 1028  985  378  533
  677 1038  682  683  684  685  686  687  688  689  690  691  692  694
  695  696  697  698  699  700  701  702  703  704  705  706  707  708
  709  710 1080  712  713  714  716  717  719  721  722  724  726  727
  728  729  730  731  732  733  734  735  736  737  738  739  740  784
  742  743  744  745  746  747  748  749  750  751  752  754  755  756
  757  759  761  762  763  764  766  767  769  772  773 1033  775  776
  777  778 1030  780  781  782  785  254  787  990  790  791  792  793
  795  796  797  921  800  802  805  806  807  811  828  876  801  771
  804  983  988  888  950]
ids [ 137  142  143  144  145  146  147  148  149  150  151  152  154  155
  157  158  159  160  161  162  163  164  165  166  167  169  170  679
  172  174  249  176  177  179  180  181  182  184  187  188  189  190
  191  192  193  194  195  196  197  198  199  200  202  203  204  205
  206  207  208  209  210  211  212  214  215  217  218  219  221  222
  224  201  226  227  229  232  233  235  236  237  240  241  242  243
  245 1073  247  250  251  252  253  231  255  256  257  260  276  262
  266  267  269  271  306  348 1078  393  396  410  443  445  448  450
  366  186  493  495  500  535  538  540  799  789  794  798  264  808
  809  259  933  216  321  239  788  774  779    5]
ids [ 122  140  173  178  185  220  223  230  265  268  270  318  407  408
  225  412  413  414  415  416  417  418  419  420  421  422  423  424
  425 1074  427  428  429  430  431  432  433  434  435  436  437  439
  440  441  442  444  446  447  449  451  452  454  456  457  458  459
  460  461  462  463  464  465  466  467  468  469  470  471  472  473
  474  475  476  477  478  479  480  481  482  483  484  485  486  487
  488  489  491  492  494  496  497  499  502  505  506  507  508  509
  510  511  512  513  501  515  516  517  520  521  522  523  524  525
  526  527  528  530  531  532  536  537  539  541  558 1079  588  591
  803  949 1043 1044 1048  534 1053 1059 1054  651  175  546  455  490
  666 1049]
ids [   1    2    3    4    9   10   11   12   13   14   15   16   17   18
   19   20   21   23   24   25   26   27   28   29   30   31   32  938
   34   35  664   37   39   41   42   44   46   47   49  940  900   52
   53   54   55   56   57   58   59   60   61   62   63   64   65   67
   68   69   70   71   72   73   74   75   76   78   79   81   83   85
   86   88   40   90   91   93   96   97   98   99  100  101  125  104
  105  106  109  111  113  114  115  116  119  120  121  124  126  993
  130  131  132  135  136  895  638  643  644  649  905  659  996  893
  674  898  850  981 1071  858   89   22  543  654  129  815  945]
