18:53:10-INFO: MuStaRD
18:53:10-INFO: Running with 16 available processor(s)
18:53:10-INFO: Using 8 processor(s) for main LAMMPS object.
18:53:10-INFO: State 1 using 5 processor(s)
18:53:10-INFO: State 3 using 1 processor(s)
18:53:10-INFO: State 2 using 1 processor(s)
18:53:10-INFO: State 4 using 1 processor(s)
      Step          Pe(mixed)          E_total                Temp                  Pe                  Ke   Speed(ns/day)
18:53:10-INFO: Step 0
18:53:10-DEBUG: Reaction systems: [[None]
 [0]]
18:53:10-DEBUG: rxn_pairs: [array([1, 2])]
18:53:10-DEBUG: Starting total colors: 5
18:53:10-DEBUG: Number of systems: 2
18:53:10-DEBUG: New total colors: 5
18:53:10-DEBUG: Potential energy for color 0: 5060.862727734158
ebond 0 4.601135349144363
18:53:10-DEBUG: Potential energy for color 1: 5062.793507729453
xhy 0 13 1 2
xhy 0 13 1 2
xhy 0 13 1 2
xhy 0 13 1 2
xhy 0 13 1 2
h_pos [ 7.72698576  9.33797731 10.62596387] x_pos [ 8.17600687 10.59801269 10.41501435] y_pos [ 6.45700189  8.69500116 10.46497795]
h_pos [ 7.72698576  9.33797731 10.62596387] x_pos [ 8.17600687 10.59801269 10.41501435] y_pos [ 6.45700189  8.69500116 10.46497795]
h_pos [ 7.72698576  9.33797731 10.62596387] x_pos [ 8.17600687 10.59801269 10.41501435] y_pos [ 6.45700189  8.69500116 10.46497795]
0 rHY 1.4325480160248059 rHX 1.3541819792400176 0.07836603678478826
h_pos [ 7.72698576  9.33797731 10.62596387] x_pos [ 8.17600687 10.59801269 10.41501435] y_pos [ 6.45700189  8.69500116 10.46497795]
0 rHY 1.4325480160248059 rHX 1.3541819792400176 0.07836603678478826
h_pos [ 7.72698576  9.33797731 10.62596387] x_pos [ 8.17600687 10.59801269 10.41501435] y_pos [ 6.45700189  8.69500116 10.46497795]
0 rHY 1.4325480160248059 rHX 1.3541819792400176 0.07836603678478826
0 rHY 1.4325480160248059 rHX 1.3541819792400176 0.07836603678478826
0 rHY 1.4325480160248059 rHX 1.3541819792400176 0.07836603678478826
0 cpl_forces h [10.52079596 11.91316469 -0.37483904]
0 cpl_forces h [10.52079596 11.91316469 -0.37483904]
0 cpl_forces h [10.52079596 11.91316469 -0.37483904]
0 cpl_forces x [-2.86387892 -8.03656822  1.34544651]
0 cpl_forces h [10.52079596 11.91316469 -0.37483904]
0 cpl_forces h [10.52079596 11.91316469 -0.37483904]
0 cpl_forces x [-2.86387892 -8.03656822  1.34544651]
0 cpl_forces x [-2.86387892 -8.03656822  1.34544651]
0 cpl_forces y [-7.65691704 -3.87659647 -0.97060747]
0 cpl_forces y [-7.65691704 -3.87659647 -0.97060747]
0 cpl_forces y [-7.65691704 -3.87659647 -0.97060747]
0 cpl_forces x [-2.86387892 -8.03656822  1.34544651]
0 cpl_forces x [-2.86387892 -8.03656822  1.34544651]
0 cpl_forces y [-7.65691704 -3.87659647 -0.97060747]
0 cpl_forces y [-7.65691704 -3.87659647 -0.97060747]
18:53:10-DEBUG: System matrix: 
18:53:10-DEBUG: [[5.06086273e+03 3.44418969e+00]
 [3.44418969e+00 5.06279351e+03]]
18:53:10-DEBUG: Eigen values: 
18:53:10-DEBUG: [5058.25118882 5065.40504664]
18:53:10-DEBUG: Occupancies: 
18:53:10-DEBUG: [1. 0.]
18:53:10-INFO: coupling 0 3.444189685800459
18:53:10-DEBUG: Amplitudes: 
18:53:10-DEBUG: [0.63494677 0.36505323]
18:53:10-INFO: forces0 h [ 6.26299882 16.11352452 -2.56344327]
18:53:10-INFO: forces0 x [  1.57059883 -15.91789156   2.49907573]
18:53:10-INFO: forces0 y [  0.25110771 -10.80146969  -0.16283083]
18:53:10-INFO: forces1 h [-18.7364678  -10.62179952  -2.08068436]
18:53:10-INFO: forces1 x [11.16855325  1.19790007 -0.4731133 ]
18:53:10-INFO: forces1 y [18.81095422  2.1679099   2.24753386]
pos h  [ 7.72698576  9.33797731 10.62596387]
pos x  [ 8.17600687 10.59801269 10.41501435]
pos y  [ 6.45700189  8.69500116 10.46497795]
 mixed_cpl_forces: h [-10.130371   -11.47106916   0.36092882]
 mixed_cpl_forces: x [ 2.75760086  7.73833254 -1.29551721]
 mixed_cpl_forces: y [7.37277014 3.73273663 0.93458839]
18:53:10-INFO: mixed forces h [-12.99350825  -5.11736107  -2.02628174]
18:53:10-INFO: mixed forces x [ 7.83196396 -1.93138398  0.11855131]
18:53:10-INFO: mixed forces y [14.39920979 -2.33421914  1.65166898]
18:53:10-DEBUG: Minimum eigen value: 
18:53:10-DEBUG: 5058.251188820109
18:53:10-DEBUG: Minimum state: 
18:53:10-DEBUG: 0
         0     5058.2511888201     5058.2511888201        0.0000000000     5060.8627277342        0.0000000000      0.00000000
ids [  6 102 107 108 112 117 118 123 133 183 228 275 310 313 315 320 353 355
 358 360 363 365 400 403 411 438 501 542 546 547 548 549 550 551 552 553
 554 555 556 557 559 560 562 563 564 565 566 567 568 569 570 571 572 573
 574 575 576 577 579 581 582 584 586 587 589 592 593 594 595 596 597 598
 599 600 601 602 603 604 605 606 607 608 609 610 611 612 613 614 615 616
 617 618 619 620 621 622 624 626 627 629 631 632 634 635 636 637 639 640
 641 642 645 646 647 648 650 651 652 653 655 656 657 658 660 661 662 665
 666 667 671 672 676 813]
ids [  7  38  40  43  45  82  84  87  92  94 129 134 274 368 379 384 398 399
 404 668 673 681 693 753 771 783 801 812 816 817 818 819 820 821 822 823
 824 825 826 827 829 830 831 832 833 834 835 836 837 838 839 840 841 842
 843 844 845 847 848 849 851 852 853 854 855 856 857 858 859 861 862 863
 864 865 866 867 868 869 870 871 872 873 874 875 876 877 878 879 880 881
 882 883 884 885 886 887 888 889 890 892 894 896 897 899 901 902 904 906
 907 908 910 911 912 915 916 917 920 921 922 923 925 926 927 929 930 931
 932 934 935 937 939 940 941 942 944 946 948]
ids [127 141 153 156 168 186 201 213 216 231 272 276 277 278 279 280 281 282
 283 284 285 286 287 288 289 290 291 292 293 294 295 296 297 298 299 300
 301 302 303 304 305 307 308 309 311 312 314 316 317 319 321 322 323 324
 325 326 327 328 329 330 331 332 333 334 335 336 337 338 339 340 341 342
 343 344 345 346 347 349 350 351 352 354 356 357 359 361 362 364 366 367
 369 370 371 372 373 374 375 376 377 380 382 383 385 386 387 388 389 390
 391 392 394 395 397 401 402 405 406 453 498 545 578 580 583 585 590 623
 625 628 630 633 670 675 814 909 913 914 919 924 928 943]
ids [   8   22   66   77   80   95  110  125  138  263  273  503  504  518
  519  529  534  543  663  678  680  715  718  720  723  725  758  760
  765  768  770  810  903  947  952  953  954  955  956  957  958  959
  960  961  962  963  964  965  967  968  969  970  971  972  973  974
  975  976  977  978  979  980  981  982  984  985  986  987  989  991
  992  994  995  996  997  998  999 1000 1001 1002 1003 1004 1005 1006
 1007 1008 1009 1010 1011 1012 1013 1014 1015 1016 1017 1018 1019 1020
 1021 1022 1023 1024 1025 1026 1027 1029 1031 1032 1034 1036 1037 1039
 1041 1042 1045 1046 1047 1050 1051 1052 1054 1055 1056 1057 1058 1060
 1061 1062 1063 1065 1066 1067 1068 1069 1070 1071 1072 1076 1077 1081]
ids [ 122  140  173  178  185  220  223  230  265  268  270  318  407  408
  409  412  413  414  415  416  417  418  419  420  421  422  423  424
  425  426  427  428  429  430  431  432  433  434  435  436  437  439
  440  441  442  444  446  447  449  451  452  454  456  457  458  459
  460  461  462  463  464  465  466  467  468  469  470  471  472  473
  474  475  476  477  478  479  480  481  482  483  484  485  486  487
  488  489  491  492  494  496  497  499  502  505  506  507  508  509
  510  511  512  513  514  515  516  517  520  521  522  523  524  525
  526  527  528  530  531  532  536  537  539  541  558  561  588  591
  803  949 1043 1044 1048 1049 1053 1059 1064 1074 1079]
ids [   5   48  139  234  238  239  244  248  249  258  259  264  378  533
  677  679  682  683  684  685  686  687  688  689  690  691  692  694
  695  696  697  698  699  700  701  702  703  704  705  706  707  708
  709  710  711  712  713  714  716  717  719  721  722  724  726  727
  728  729  730  731  732  733  734  735  736  737  738  739  740  741
  742  743  744  745  746  747  748  749  750  751  752  754  755  756
  757  759  761  762  763  764  766  767  769  772  773  774  775  776
  777  778  779  780  781  782  785  786  787  788  790  791  792  793
  795  796  797  799  800  802  805  806  807  811  828  846  891  936
  950  983  988  990 1028 1030 1033 1035 1038 1040 1075 1080]
ids [ 137  142  143  144  145  146  147  148  149  150  151  152  154  155
  157  158  159  160  161  162  163  164  165  166  167  169  170  171
  172  174  175  176  177  179  180  181  182  184  187  188  189  190
  191  192  193  194  195  196  197  198  199  200  202  203  204  205
  206  207  208  209  210  211  212  214  215  217  218  219  221  222
  224  225  226  227  229  232  233  235  236  237  240  241  242  243
  245  246  247  250  251  252  253  254  255  256  257  260  261  262
  266  267  269  271  306  348  381  393  396  410  443  445  448  450
  455  490  493  495  500  535  538  540  784  789  794  798  804  808
  809  918  933 1073 1078]
ids [  1   2   3   4   9  10  11  12  13  14  15  16  17  18  19  20  21  23
  24  25  26  27  28  29  30  31  32  33  34  35  36  37  39  41  42  44
  46  47  49  50  51  52  53  54  55  56  57  58  59  60  61  62  63  64
  65  67  68  69  70  71  72  73  74  75  76  78  79  81  83  85  86  88
  89  90  91  93  96  97  98  99 100 101 103 104 105 106 109 111 113 114
 115 116 119 120 121 124 126 128 130 131 132 135 136 544 638 643 644 649
 654 659 664 669 674 815 850 860 893 895 898 900 905 938 945 951 966 993]
18:53:10-INFO: Step 1
18:53:10-DEBUG: Reaction systems: [[None]
 [0]]
18:53:10-DEBUG: rxn_pairs: [array([1, 2])]
18:53:10-DEBUG: Starting total colors: 5
18:53:10-DEBUG: Number of systems: 2
18:53:10-DEBUG: New total colors: 5
18:53:10-DEBUG: Potential energy for color 0: 5060.6820633379975
ebond 1 4.54315121215117
18:53:10-DEBUG: Potential energy for color 1: 5062.5215155739315
xhy 1 13 1 2
xhy 1 13 1 2
xhy 1 13 1 2
xhy 1 13 1 2
xhy 1 13 1 2
h_pos [ 7.72450322  9.33699958 10.62557673] x_pos [ 8.17610135 10.59798939 10.41501578] y_pos [ 6.45717559  8.694973   10.46499788]
1 rHY 1.4297213009521286 rHX 1.3558658078067927 0.0738554931453359
h_pos [ 7.72450322  9.33699958 10.62557673] x_pos [ 8.17610135 10.59798939 10.41501578] y_pos [ 6.45717559  8.694973   10.46499788]
1 rHY 1.4297213009521286 rHX 1.3558658078067927 0.0738554931453359
h_pos [ 7.72450322  9.33699958 10.62557673] x_pos [ 8.17610135 10.59798939 10.41501578] y_pos [ 6.45717559  8.694973   10.46499788]
1 rHY 1.4297213009521286 rHX 1.3558658078067927 0.0738554931453359
h_pos [ 7.72450322  9.33699958 10.62557673] x_pos [ 8.17610135 10.59798939 10.41501578] y_pos [ 6.45717559  8.694973   10.46499788]
h_pos [ 7.72450322  9.33699958 10.62557673] x_pos [ 8.17610135 10.59798939 10.41501578] y_pos [ 6.45717559  8.694973   10.46499788]
1 rHY 1.4297213009521286 rHX 1.3558658078067927 0.0738554931453359
1 rHY 1.4297213009521286 rHX 1.3558658078067927 0.0738554931453359
1 cpl_forces h [10.03616013 11.3496154  -0.3537305 ]
1 cpl_forces h [10.03616013 11.3496154  -0.3537305 ]
1 cpl_forces h [10.03616013 11.3496154  -0.3537305 ]
1 cpl_forces x [-2.74110877 -7.65395156  1.27806211]
1 cpl_forces x [-2.74110877 -7.65395156  1.27806211]
1 cpl_forces h [10.03616013 11.3496154  -0.3537305 ]
1 cpl_forces h [10.03616013 11.3496154  -0.3537305 ]
1 cpl_forces x [-2.74110877 -7.65395156  1.27806211]
1 cpl_forces y [-7.29505136 -3.69566384 -0.92433161]
1 cpl_forces x [-2.74110877 -7.65395156  1.27806211]
1 cpl_forces x [-2.74110877 -7.65395156  1.27806211]
1 cpl_forces y [-7.29505136 -3.69566384 -0.92433161]
1 cpl_forces y [-7.29505136 -3.69566384 -0.92433161]
1 cpl_forces y [-7.29505136 -3.69566384 -0.92433161]
1 cpl_forces y [-7.29505136 -3.69566384 -0.92433161]
18:53:10-DEBUG: System matrix: 
18:53:10-DEBUG: [[5.06068206e+03 3.48223487e+00]
 [3.48223487e+00 5.06252152e+03]]
18:53:10-DEBUG: Eigen values: 
18:53:10-DEBUG: [5058.00014319 5065.20343572]
18:53:10-DEBUG: Occupancies: 
18:53:10-DEBUG: [1. 0.]
18:53:10-INFO: coupling 1 3.482234870695882
18:53:10-DEBUG: Amplitudes: 
18:53:10-DEBUG: [0.62768135 0.37231865]
18:53:10-INFO: forces0 h [ 6.33052425 16.18645065 -2.5652808 ]
18:53:10-INFO: forces0 x [  1.51477295 -15.98214519   2.50298777]
18:53:10-INFO: forces0 y [  0.23494699 -10.8068012   -0.16467116]
18:53:10-INFO: forces1 h [-18.61327227 -10.54511696  -2.0692098 ]
18:53:10-INFO: forces1 x [11.155785    1.175239   -0.46865383]
18:53:10-INFO: forces1 y [18.69365885  2.11625507  2.23177862]
pos h  [ 7.72450322  9.33699958 10.62557673]
pos x  [ 8.17610135 10.59798939 10.41501578]
pos y  [ 6.45717559  8.694973   10.46499788]
 mixed_cpl_forces: h [ -9.70341455 -10.97332264   0.34200268]
 mixed_cpl_forces: x [ 2.65022821  7.40018732 -1.23568838]
 mixed_cpl_forces: y [7.05318634 3.57313532 0.8936857 ]
18:53:10-INFO: mixed forces h [-12.65993094  -4.73953315  -2.03858163]
18:53:10-INFO: mixed forces x [ 7.75452975 -2.19394376  0.1609018 ]
18:53:10-INFO: mixed forces y [14.160656   -2.42217102  1.62125748]
18:53:10-DEBUG: Minimum eigen value: 
18:53:10-DEBUG: 5058.0001431897745
18:53:10-DEBUG: Minimum state: 
18:53:10-DEBUG: 0
         1     5058.0001431898     5058.2514674632        1.8003048085     5060.6820633380        0.2513242734      0.49157001
ids [  1   2   3   4   9  10  11  12  13  14  15  16  17  18  19  20  21  23
  24  25  26  27  28  29  30  31  32  33  34  35  36  37  39  41  42  44
  46  47  49  50  51  52  53  54  55  56  57  58  59  60  61  62  63  64
  65  67  68  69  70  71  72  73  74  75  76  78  79  81  83  85  86  88
  89  90  91  93  96  97  98  99 100 101 103 104 105 106 109 111 113 114
 115 116 119 120 121 124 126 128 130 131 132 135 136 544 638 643 644 649
 654 659 664 669 674 815 850 860 893 895 898 900 905 938 945 951 966 993]
ids [ 137  142  143  144  145  146  147  148  149  150  151  152  154  155
  157  158  159  160  161  162  163  164  165  166  167  169  170  171
  172  174  175  176  177  179  180  181  182  184  187  188  189  190
  191  192  193  194  195  196  197  198  199  200  202  203  204  205
  206  207  208  209  210  211  212  214  215  217  218  219  221  222
  224  225  226  227  229  232  233  235  236  237  240  241  242  243
  245  246  247  250  251  252  253  254  255  256  257  260  261  262
  266  267  269  271  306  348  381  393  396  410  443  445  448  450
  455  490  493  495  500  535  538  540  784  789  794  798  804  808
  809  918  933 1073 1078]
ids [  6 102 107 108 112 117 118 123 133 183 228 275 310 313 315 320 353 355
 358 360 363 365 400 403 411 438 501 542 546 547 548 549 550 551 552 553
 554 555 556 557 559 560 562 563 564 565 566 567 568 569 570 571 572 573
 574 575 576 577 579 581 582 584 586 587 589 592 593 594 595 596 597 598
 599 600 601 602 603 604 605 606 607 608 609 610 611 612 613 614 615 616
 617 618 619 620 621 622 624 626 627 629 631 632 634 635 636 637 639 640
 641 642 645 646 647 648 650 651 652 653 655 656 657 658 660 661 662 665
 666 667 671 672 676 813]
ids [  7  38  40  43  45  82  84  87  92  94 129 134 274 368 379 384 398 399
 404 668 673 681 693 753 771 783 801 812 816 817 818 819 820 821 822 823
 824 825 826 827 829 830 831 832 833 834 835 836 837 838 839 840 841 842
 843 844 845 847 848 849 851 852 853 854 855 856 857 858 859 861 862 863
 864 865 866 867 868 869 870 871 872 873 874 875 876 877 878 879 880 881
 882 883 884 885 886 887 888 889 890 892 894 896 897 899 901 902 904 906
 907 908 910 911 912 915 916 917 920 921 922 923 925 926 927 929 930 931
 932 934 935 937 939 940 941 942 944 946 948]
ids [127 141 153 156 168 186 201 213 216 231 272 276 277 278 279 280 281 282
 283 284 285 286 287 288 289 290 291 292 293 294 295 296 297 298 299 300
 301 302 303 304 305 307 308 309 311 312 314 316 317 319 321 322 323 324
 325 326 327 328 329 330 331 332 333 334 335 336 337 338 339 340 341 342
 343 344 345 346 347 349 350 351 352 354 356 357 359 361 362 364 366 367
 369 370 371 372 373 374 375 376 377 380 382 383 385 386 387 388 389 390
 391 392 394 395 397 401 402 405 406 453 498 545 578 580 583 585 590 623
 625 628 630 633 670 675 814 909 913 914 919 924 928 943]
ids [   8   22   66   77   80   95  110  125  138  263  273  503  504  518
  519  529  534  543  663  678  680  715  718  720  723  725  758  760
  765  768  770  810  903  947  952  953  954  955  956  957  958  959
  960  961  962  963  964  965  967  968  969  970  971  972  973  974
  975  976  977  978  979  980  981  982  984  985  986  987  989  991
  992  994  995  996  997  998  999 1000 1001 1002 1003 1004 1005 1006
 1007 1008 1009 1010 1011 1012 1013 1014 1015 1016 1017 1018 1019 1020
 1021 1022 1023 1024 1025 1026 1027 1029 1031 1032 1034 1036 1037 1039
 1041 1042 1045 1046 1047 1050 1051 1052 1054 1055 1056 1057 1058 1060
 1061 1062 1063 1065 1066 1067 1068 1069 1070 1071 1072 1076 1077 1081]
ids [ 122  140  173  178  185  220  223  230  265  268  270  318  407  408
  409  412  413  414  415  416  417  418  419  420  421  422  423  424
  425  426  427  428  429  430  431  432  433  434  435  436  437  439
  440  441  442  444  446  447  449  451  452  454  456  457  458  459
  460  461  462  463  464  465  466  467  468  469  470  471  472  473
  474  475  476  477  478  479  480  481  482  483  484  485  486  487
  488  489  491  492  494  496  497  499  502  505  506  507  508  509
  510  511  512  513  514  515  516  517  520  521  522  523  524  525
  526  527  528  530  531  532  536  537  539  541  558  561  588  591
  803  949 1043 1044 1048 1049 1053 1059 1064 1074 1079]
ids [   5   48  139  234  238  239  244  248  249  258  259  264  378  533
  677  679  682  683  684  685  686  687  688  689  690  691  692  694
  695  696  697  698  699  700  701  702  703  704  705  706  707  708
  709  710  711  712  713  714  716  717  719  721  722  724  726  727
  728  729  730  731  732  733  734  735  736  737  738  739  740  741
  742  743  744  745  746  747  748  749  750  751  752  754  755  756
  757  759  761  762  763  764  766  767  769  772  773  774  775  776
  777  778  779  780  781  782  785  786  787  788  790  791  792  793
  795  796  797  799  800  802  805  806  807  811  828  846  891  936
  950  983  988  990 1028 1030 1033 1035 1038 1040 1075 1080]
18:53:10-INFO: Step 2
18:53:10-DEBUG: Reaction systems: [[None]
 [0]]
18:53:10-DEBUG: rxn_pairs: [array([1, 2])]
18:53:10-DEBUG: Starting total colors: 5
18:53:10-DEBUG: Number of systems: 2
18:53:10-DEBUG: New total colors: 5
18:53:10-DEBUG: Potential energy for color 0: 5060.1409081615275
ebond 2 4.373614883360217
18:53:10-DEBUG: Potential energy for color 1: 5061.71168029574
xhy 2 13 1 2
xhy 2 13 1 2
xhy 2 13 1 2
xhy 2 13 1 2
xhy 2 13 1 2
h_pos [ 7.71713223  9.33415253 10.62441261] x_pos [ 8.17638319 10.59791555 10.41502063] y_pos [ 6.45769364  8.6948874  10.46505727]
h_pos [ 7.71713223  9.33415253 10.62441261] x_pos [ 8.17638319 10.59791555 10.41502063] y_pos [ 6.45769364  8.6948874  10.46505727]
h_pos [ 7.71713223  9.33415253 10.62441261] x_pos [ 8.17638319 10.59791555 10.41502063] y_pos [ 6.45769364  8.6948874  10.46505727]
2 rHY 1.4213513236047772 rHX 1.3608282069361222 0.060523116668655064
2 rHY 1.4213513236047772 rHX 1.3608282069361222 0.060523116668655064
2 rHY 1.4213513236047772 rHX 1.3608282069361222 0.060523116668655064
h_pos [ 7.71713223  9.33415253 10.62441261] x_pos [ 8.17638319 10.59791555 10.41502063] y_pos [ 6.45769364  8.6948874  10.46505727]
h_pos [ 7.71713223  9.33415253 10.62441261] x_pos [ 8.17638319 10.59791555 10.41502063] y_pos [ 6.45769364  8.6948874  10.46505727]
2 cpl_forces h [ 8.49190952  9.56672896 -0.28979662]
2 rHY 1.4213513236047772 rHX 1.3608282069361222 0.060523116668655064
2 cpl_forces h [ 8.49190952  9.56672896 -0.28979662]
2 cpl_forces h [ 8.49190952  9.56672896 -0.28979662]
2 rHY 1.4213513236047772 rHX 1.3608282069361222 0.060523116668655064
2 cpl_forces x [-2.34220718 -6.44526649  1.06791151]
2 cpl_forces x [-2.34220718 -6.44526649  1.06791151]
2 cpl_forces h [ 8.49190952  9.56672896 -0.28979662]
2 cpl_forces x [-2.34220718 -6.44526649  1.06791151]
2 cpl_forces h [ 8.49190952  9.56672896 -0.28979662]
2 cpl_forces y [-6.14970234 -3.12146247 -0.77811488]
2 cpl_forces y [-6.14970234 -3.12146247 -0.77811488]
2 cpl_forces y [-6.14970234 -3.12146247 -0.77811488]
2 cpl_forces x [-2.34220718 -6.44526649  1.06791151]
2 cpl_forces x [-2.34220718 -6.44526649  1.06791151]
2 cpl_forces y [-6.14970234 -3.12146247 -0.77811488]
2 cpl_forces y [-6.14970234 -3.12146247 -0.77811488]
18:53:10-DEBUG: System matrix: 
18:53:10-DEBUG: [[5.06014091e+03 3.58349891e+00]
 [3.58349891e+00 5.06171168e+03]]
18:53:10-DEBUG: Eigen values: 
18:53:10-DEBUG: [5057.25773924 5064.59484922]
18:53:10-DEBUG: Occupancies: 
18:53:10-DEBUG: [1. 0.]
18:53:10-INFO: coupling 2 3.5834989066594938
18:53:10-DEBUG: Amplitudes: 
18:53:10-DEBUG: [0.60704297 0.39295703]
18:53:10-INFO: forces0 h [ 6.53420087 16.40218057 -2.56972608]
18:53:10-INFO: forces0 x [  1.34835301 -16.17071781   2.5139048 ]
18:53:10-INFO: forces0 y [  0.18435392 -10.82391193  -0.17044181]
18:53:10-INFO: forces1 h [-18.24875604 -10.32113861  -2.03449913]
18:53:10-INFO: forces1 x [11.11829352  1.11073025 -0.45598821]
18:53:10-INFO: forces1 y [18.3461143   1.96388762  2.18493954]
pos h  [ 7.71713223  9.33415253 10.62441261]
pos x  [ 8.17638319 10.59791555 10.41502063]
pos y  [ 6.45769364  8.6948874  10.46505727]
 mixed_cpl_forces: h [-8.29502313 -9.3449227   0.28307764]
 mixed_cpl_forces: x [ 2.2879027   6.29583187 -1.0431518 ]
 mixed_cpl_forces: y [6.00712043 3.04909083 0.76007416]
18:53:10-INFO: mixed forces h [-11.49945932  -3.44385818  -2.07632725]
18:53:10-INFO: mixed forces x [ 7.47542249 -3.08401949  0.30371268]
18:53:10-INFO: mixed forces y [13.32826571 -2.74976542  1.515196  ]
18:53:10-DEBUG: Minimum eigen value: 
18:53:10-DEBUG: 5057.257739242207
18:53:10-DEBUG: Minimum state: 
18:53:10-DEBUG: 0
         2     5057.2577392422     5058.2558683321        7.1498728532     5060.1409081615        0.9981290899      0.49244842
ids [   5   48  139  234  238  239  244  248  249  258  259  264  378  533
  677  679  682  683  684  685  686  687  688  689  690  691  692  694
  695  696  697  698  699  700  701  702  703  704  705  706  707  708
  709  710  711  712  713  714  716  717  719  721  722  724  726  727
  728  729  730  731  732  733  734  735  736  737  738  739  740  741
  742  743  744  745  746  747  748  749  750  751  752  754  755  756
  757  759  761  762  763  764  766  767  769  772  773  774  775  776
  777  778  779  780  781  782  785  786  787  788  790  791  792  793
  795  796  797  799  800  802  805  806  807  811  828  846  891  936
  950  983  988  990 1028 1030 1033 1035 1038 1040 1075 1080]
ids [ 137  142  143  144  145  146  147  148  149  150  151  152  154  155
  157  158  159  160  161  162  163  164  165  166  167  169  170  171
  172  174  175  176  177  179  180  181  182  184  187  188  189  190
  191  192  193  194  195  196  197  198  199  200  202  203  204  205
  206  207  208  209  210  211  212  214  215  217  218  219  221  222
  224  225  226  227  229  232  233  235  236  237  240  241  242  243
  245  246  247  250  251  252  253  254  255  256  257  260  261  262
  266  267  269  271  306  348  381  393  396  410  443  445  448  450
  455  490  493  495  500  535  538  540  784  789  794  798  804  808
  809  918  933 1073 1078]
ids [  6 102 107 108 112 117 118 123 133 183 228 275 310 313 315 320 353 355
 358 360 363 365 400 403 411 438 501 542 546 547 548 549 550 551 552 553
 554 555 556 557 559 560 562 563 564 565 566 567 568 569 570 571 572 573
 574 575 576 577 579 581 582 584 586 587 589 592 593 594 595 596 597 598
 599 600 601 602 603 604 605 606 607 608 609 610 611 612 613 614 615 616
 617 618 619 620 621 622 624 626 627 629 631 632 634 635 636 637 639 640
 641 642 645 646 647 648 650 651 652 653 655 656 657 658 660 661 662 665
 666 667 671 672 676 813]
ids [  7  38  40  43  45  82  84  87  92  94 129 134 274 368 379 384 398 399
 404 668 673 681 693 753 771 783 801 812 816 817 818 819 820 821 822 823
 824 825 826 827 829 830 831 832 833 834 835 836 837 838 839 840 841 842
 843 844 845 847 848 849 851 852 853 854 855 856 857 858 859 861 862 863
 864 865 866 867 868 869 870 871 872 873 874 875 876 877 878 879 880 881
 882 883 884 885 886 887 888 889 890 892 894 896 897 899 901 902 904 906
 907 908 910 911 912 915 916 917 920 921 922 923 925 926 927 929 930 931
 932 934 935 937 939 940 941 942 944 946 948]
ids [127 141 153 156 168 186 201 213 216 231 272 276 277 278 279 280 281 282
 283 284 285 286 287 288 289 290 291 292 293 294 295 296 297 298 299 300
 301 302 303 304 305 307 308 309 311 312 314 316 317 319 321 322 323 324
 325 326 327 328 329 330 331 332 333 334 335 336 337 338 339 340 341 342
 343 344 345 346 347 349 350 351 352 354 356 357 359 361 362 364 366 367
 369 370 371 372 373 374 375 376 377 380 382 383 385 386 387 388 389 390
 391 392 394 395 397 401 402 405 406 453 498 545 578 580 583 585 590 623
 625 628 630 633 670 675 814 909 913 914 919 924 928 943]
ids [   8   22   66   77   80   95  110  125  138  263  273  503  504  518
  519  529  534  543  663  678  680  715  718  720  723  725  758  760
  765  768  770  810  903  947  952  953  954  955  956  957  958  959
  960  961  962  963  964  965  967  968  969  970  971  972  973  974
  975  976  977  978  979  980  981  982  984  985  986  987  989  991
  992  994  995  996  997  998  999 1000 1001 1002 1003 1004 1005 1006
 1007 1008 1009 1010 1011 1012 1013 1014 1015 1016 1017 1018 1019 1020
 1021 1022 1023 1024 1025 1026 1027 1029 1031 1032 1034 1036 1037 1039
 1041 1042 1045 1046 1047 1050 1051 1052 1054 1055 1056 1057 1058 1060
 1061 1062 1063 1065 1066 1067 1068 1069 1070 1071 1072 1076 1077 1081]
ids [ 122  140  173  178  185  220  223  230  265  268  270  318  407  408
  409  412  413  414  415  416  417  418  419  420  421  422  423  424
  425  426  427  428  429  430  431  432  433  434  435  436  437  439
  440  441  442  444  446  447  449  451  452  454  456  457  458  459
  460  461  462  463  464  465  466  467  468  469  470  471  472  473
  474  475  476  477  478  479  480  481  482  483  484  485  486  487
  488  489  491  492  494  496  497  499  502  505  506  507  508  509
  510  511  512  513  514  515  516  517  520  521  522  523  524  525
  526  527  528  530  531  532  536  537  539  541  558  561  588  591
  803  949 1043 1044 1048 1049 1053 1059 1064 1074 1079]
ids [  1   2   3   4   9  10  11  12  13  14  15  16  17  18  19  20  21  23
  24  25  26  27  28  29  30  31  32  33  34  35  36  37  39  41  42  44
  46  47  49  50  51  52  53  54  55  56  57  58  59  60  61  62  63  64
  65  67  68  69  70  71  72  73  74  75  76  78  79  81  83  85  86  88
  89  90  91  93  96  97  98  99 100 101 103 104 105 106 109 111 113 114
 115 116 119 120 121 124 126 128 130 131 132 135 136 544 638 643 644 649
 654 659 664 669 674 815 850 860 893 895 898 900 905 938 945 951 966 993]
18:53:10-INFO: Step 3
18:53:10-DEBUG: Reaction systems: [[None]
 [0]]
18:53:10-DEBUG: rxn_pairs: [array([1, 2])]
18:53:10-DEBUG: Starting total colors: 5
18:53:10-DEBUG: Number of systems: 2
18:53:10-DEBUG: New total colors: 5
18:53:10-DEBUG: Potential energy for color 0: 5059.239405886955
ebond 3 4.107625623700046
18:53:10-DEBUG: Potential energy for color 1: 5060.384317971695
xhy 3 13 1 2
xhy 3 13 1 2
xhy 3 13 1 2
xhy 3 13 1 2
xhy 3 13 1 2
h_pos [ 7.70518426  9.32978318 10.62246144] x_pos [ 8.17684675 10.59777576 10.41503122] y_pos [ 6.4585427   8.6947392  10.46515442]
h_pos [ 7.70518426  9.32978318 10.62246144] x_pos [ 8.17684675 10.59777576 10.41503122] y_pos [ 6.4585427   8.6947392  10.46515442]
3 rHY 1.4078854853341989 rHX 1.3686847646326943 0.0392007207015046
h_pos [ 7.70518426  9.32978318 10.62246144] x_pos [ 8.17684675 10.59777576 10.41503122] y_pos [ 6.4585427   8.6947392  10.46515442]
3 rHY 1.4078854853341989 rHX 1.3686847646326943 0.0392007207015046
h_pos [ 7.70518426  9.32978318 10.62246144] x_pos [ 8.17684675 10.59777576 10.41503122] y_pos [ 6.4585427   8.6947392  10.46515442]
3 rHY 1.4078854853341989 rHX 1.3686847646326943 0.0392007207015046
h_pos [ 7.70518426  9.32978318 10.62246144] x_pos [ 8.17684675 10.59777576 10.41503122] y_pos [ 6.4585427   8.6947392  10.46515442]
3 rHY 1.4078854853341989 rHX 1.3686847646326943 0.0392007207015046
3 rHY 1.4078854853341989 rHX 1.3686847646326943 0.0392007207015046
3 cpl_forces h [ 5.72084753  6.40643345 -0.18520186]
3 cpl_forces h [ 5.72084753  6.40643345 -0.18520186]
3 cpl_forces h [ 5.72084753  6.40643345 -0.18520186]
3 cpl_forces h [ 5.72084753  6.40643345 -0.18520186]
3 cpl_forces x [-1.60270876 -4.3086378   0.70484772]
3 cpl_forces x [-1.60270876 -4.3086378   0.70484772]
3 cpl_forces x [-1.60270876 -4.3086378   0.70484772]
3 cpl_forces h [ 5.72084753  6.40643345 -0.18520186]
3 cpl_forces y [-4.11813877 -2.09779566 -0.51964586]
3 cpl_forces y [-4.11813877 -2.09779566 -0.51964586]
3 cpl_forces x [-1.60270876 -4.3086378   0.70484772]
3 cpl_forces y [-4.11813877 -2.09779566 -0.51964586]
3 cpl_forces x [-1.60270876 -4.3086378   0.70484772]
3 cpl_forces y [-4.11813877 -2.09779566 -0.51964586]
3 cpl_forces y [-4.11813877 -2.09779566 -0.51964586]
18:53:10-DEBUG: System matrix: 
18:53:10-DEBUG: [[5.05923941e+03 3.70751296e+00]
 [3.70751296e+00 5.06038432e+03]]
18:53:10-DEBUG: Eigen values: 
18:53:10-DEBUG: [5056.06041444 5063.56330942]
18:53:10-DEBUG: Occupancies: 
18:53:10-DEBUG: [1. 0.]
18:53:10-INFO: coupling 3 3.707512956556431
18:53:10-DEBUG: Amplitudes: 
18:53:10-DEBUG: [0.57629802 0.42370198]
18:53:10-INFO: forces0 h [ 6.87408792 16.7465875  -2.57311773]
18:53:10-INFO: forces0 x [  1.07715804 -16.46631554   2.52881679]
18:53:10-INFO: forces0 y [  0.0935952  -10.85584311  -0.1807993 ]
18:53:10-INFO: forces1 h [-17.66298703  -9.97132158  -1.97610028]
18:53:10-INFO: forces1 x [11.05886534  1.01513894 -0.43726664]
18:53:10-INFO: forces1 y [17.78587751  1.72153177  2.10871928]
pos h  [ 7.70518426  9.32978318 10.62246144]
pos x  [ 8.17684675 10.59777576 10.41503122]
pos y  [ 6.4585427   8.6947392  10.46515442]
 mixed_cpl_forces: h [-5.65384866 -6.33140544  0.1830329 ]
 mixed_cpl_forces: x [ 1.58393888  4.25817781 -0.696593  ]
 mixed_cpl_forces: y [4.06990979 2.07322763 0.5135601 ]
18:53:10-INFO: mixed forces h [-9.17616794 -0.90524888 -2.13712736]
18:53:10-INFO: mixed forces x [ 6.89036605 -4.80121087  0.57548838]
18:53:10-INFO: mixed forces y [11.65976    -3.45355686  1.30283436]
18:53:10-DEBUG: Minimum eigen value: 
18:53:10-DEBUG: 5056.06041444289
18:53:10-DEBUG: Minimum state: 
18:53:10-DEBUG: 0
         3     5056.0604144429     5058.2714175159       15.8380223663     5059.2394058870        2.2110030730      0.48990201
ids [ 122  140  173  178  185  220  223  230  265  268  270  318  407  408
  409  412  413  414  415  416  417  418  419  420  421  422  423  424
  425  426  427  428  429  430  431  432  433  434  435  436  437  439
  440  441  442  444  446  447  449  451  452  454  456  457  458  459
  460  461  462  463  464  465  466  467  468  469  470  471  472  473
  474  475  476  477  478  479  480  481  482  483  484  485  486  487
  488  489  491  492  494  496  497  499  502  505  506  507  508  509
  510  511  512  513  514  515  516  517  520  521  522  523  524  525
  526  527  528  530  531  532  536  537  539  541  558  561  588  591
  803  949 1043 1044 1048 1049 1053 1059 1064 1074 1079]
ids [   5   48  139  234  238  239  244  248  249  258  259  264  378  533
  677  679  682  683  684  685  686  687  688  689  690  691  692  694
  695  696  697  698  699  700  701  702  703  704  705  706  707  708
  709  710  711  712  713  714  716  717  719  721  722  724  726  727
  728  729  730  731  732  733  734  735  736  737  738  739  740  741
  742  743  744  745  746  747  748  749  750  751  752  754  755  756
  757  759  761  762  763  764  766  767  769  772  773  774  775  776
  777  778  779  780  781  782  785  786  787  788  790  791  792  793
  795  796  797  799  800  802  805  806  807  811  828  846  891  936
  950  983  988  990 1028 1030 1033 1035 1038 1040 1075 1080]
ids [ 137  142  143  144  145  146  147  148  149  150  151  152  154  155
  157  158  159  160  161  162  163  164  165  166  167  169  170  171
  172  174  175  176  177  179  180  181  182  184  187  188  189  190
  191  192  193  194  195  196  197  198  199  200  202  203  204  205
  206  207  208  209  210  211  212  214  215  217  218  219  221  222
  224  225  226  227  229  232  233  235  236  237  240  241  242  243
  245  246  247  250  251  252  253  254  255  256  257  260  261  262
  266  267  269  271  306  348  381  393  396  410  443  445  448  450
  455  490  493  495  500  535  538  540  784  789  794  798  804  808
  809  918  933 1073 1078]
ids [  6 102 107 108 112 117 118 123 133 183 228 275 310 313 315 320 353 355
 358 360 363 365 400 403 411 438 501 542 546 547 548 549 550 551 552 553
 554 555 556 557 559 560 562 563 564 565 566 567 568 569 570 571 572 573
 574 575 576 577 579 581 582 584 586 587 589 592 593 594 595 596 597 598
 599 600 601 602 603 604 605 606 607 608 609 610 611 612 613 614 615 616
 617 618 619 620 621 622 624 626 627 629 631 632 634 635 636 637 639 640
 641 642 645 646 647 648 650 651 652 653 655 656 657 658 660 661 662 665
 666 667 671 672 676 813]
ids [  7  38  40  43  45  82  84  87  92  94 129 134 274 368 379 384 398 399
 404 668 673 681 693 753 771 783 801 812 816 817 818 819 820 821 822 823
 824 825 826 827 829 830 831 832 833 834 835 836 837 838 839 840 841 842
 843 844 845 847 848 849 851 852 853 854 855 856 857 858 859 861 862 863
 864 865 866 867 868 869 870 871 872 873 874 875 876 877 878 879 880 881
 882 883 884 885 886 887 888 889 890 892 894 896 897 899 901 902 904 906
 907 908 910 911 912 915 916 917 920 921 922 923 925 926 927 929 930 931
 932 934 935 937 939 940 941 942 944 946 948]
ids [127 141 153 156 168 186 201 213 216 231 272 276 277 278 279 280 281 282
 283 284 285 286 287 288 289 290 291 292 293 294 295 296 297 298 299 300
 301 302 303 304 305 307 308 309 311 312 314 316 317 319 321 322 323 324
 325 326 327 328 329 330 331 332 333 334 335 336 337 338 339 340 341 342
 343 344 345 346 347 349 350 351 352 354 356 357 359 361 362 364 366 367
 369 370 371 372 373 374 375 376 377 380 382 383 385 386 387 388 389 390
 391 392 394 395 397 401 402 405 406 453 498 545 578 580 583 585 590 623
 625 628 630 633 670 675 814 909 913 914 919 924 928 943]
ids [   8   22   66   77   80   95  110  125  138  263  273  503  504  518
  519  529  534  543  663  678  680  715  718  720  723  725  758  760
  765  768  770  810  903  947  952  953  954  955  956  957  958  959
  960  961  962  963  964  965  967  968  969  970  971  972  973  974
  975  976  977  978  979  980  981  982  984  985  986  987  989  991
  992  994  995  996  997  998  999 1000 1001 1002 1003 1004 1005 1006
 1007 1008 1009 1010 1011 1012 1013 1014 1015 1016 1017 1018 1019 1020
 1021 1022 1023 1024 1025 1026 1027 1029 1031 1032 1034 1036 1037 1039
 1041 1042 1045 1046 1047 1050 1051 1052 1054 1055 1056 1057 1058 1060
 1061 1062 1063 1065 1066 1067 1068 1069 1070 1071 1072 1076 1077 1081]
ids [  1   2   3   4   9  10  11  12  13  14  15  16  17  18  19  20  21  23
  24  25  26  27  28  29  30  31  32  33  34  35  36  37  39  41  42  44
  46  47  49  50  51  52  53  54  55  56  57  58  59  60  61  62  63  64
  65  67  68  69  70  71  72  73  74  75  76  78  79  81  83  85  86  88
  89  90  91  93  96  97  98  99 100 101 103 104 105 106 109 111 113 114
 115 116 119 120 121 124 126 128 130 131 132 135 136 544 638 643 644 649
 654 659 664 669 674 815 850 860 893 895 898 900 905 938 945 951 966 993]
18:53:10-INFO: Step 4
18:53:10-DEBUG: Reaction systems: [[None]
 [0]]
18:53:10-DEBUG: rxn_pairs: [array([1, 2])]
18:53:10-DEBUG: Starting total colors: 5
18:53:10-DEBUG: Number of systems: 2
18:53:10-DEBUG: New total colors: 5
18:53:10-DEBUG: Potential energy for color 0: 5057.972111951754
ebond 4 3.7730898894985
18:53:10-DEBUG: Potential energy for color 1: 5058.575934030299
xhy 4 13 1 2
xhy 4 13 1 2
xhy 4 13 1 2
xhy 4 13 1 2
xhy 4 13 1 2
h_pos [ 7.68935094  9.32464869 10.6197046 ] x_pos [ 8.17748034 10.59753728 10.41505259] y_pos [ 6.45969211  8.69451578 10.46528545]
h_pos [ 7.68935094  9.32464869 10.6197046 ] x_pos [ 8.17748034 10.59753728 10.41505259] y_pos [ 6.45969211  8.69451578 10.46528545]
h_pos [ 7.68935094  9.32464869 10.6197046 ] x_pos [ 8.17748034 10.59753728 10.41505259] y_pos [ 6.45969211  8.69451578 10.46528545]
h_pos [ 7.68935094  9.32464869 10.6197046 ] x_pos [ 8.17748034 10.59753728 10.41505259] y_pos [ 6.45969211  8.69451578 10.46528545]
4 rHY 1.3903142154925219 rHX 1.3785492810079756 0.011764934484546297
4 rHY 1.3903142154925219 rHX 1.3785492810079756 0.011764934484546297
h_pos [ 7.68935094  9.32464869 10.6197046 ] x_pos [ 8.17748034 10.59753728 10.41505259] y_pos [ 6.45969211  8.69451578 10.46528545]
4 rHY 1.3903142154925219 rHX 1.3785492810079756 0.011764934484546297
4 rHY 1.3903142154925219 rHX 1.3785492810079756 0.011764934484546297
4 rHY 1.3903142154925219 rHX 1.3785492810079756 0.011764934484546297
4 cpl_forces h [ 1.76785659  1.96490357 -0.05336504]
4 cpl_forces h [ 1.76785659  1.96490357 -0.05336504]
4 cpl_forces h [ 1.76785659  1.96490357 -0.05336504]
4 cpl_forces h [ 1.76785659  1.96490357 -0.05336504]
4 cpl_forces x [-0.50541846 -1.31797305  0.21190058]
4 cpl_forces h [ 1.76785659  1.96490357 -0.05336504]
4 cpl_forces x [-0.50541846 -1.31797305  0.21190058]
4 cpl_forces x [-0.50541846 -1.31797305  0.21190058]
4 cpl_forces y [-1.26243813 -0.64693051 -0.15853554]
4 cpl_forces x [-0.50541846 -1.31797305  0.21190058]
4 cpl_forces x [-0.50541846 -1.31797305  0.21190058]
4 cpl_forces y [-1.26243813 -0.64693051 -0.15853554]
4 cpl_forces y [-1.26243813 -0.64693051 -0.15853554]
4 cpl_forces y [-1.26243813 -0.64693051 -0.15853554]
4 cpl_forces y [-1.26243813 -0.64693051 -0.15853554]
18:53:10-DEBUG: System matrix: 
18:53:10-DEBUG: [[5.05797211e+03 3.79139420e+00]
 [3.79139420e+00 5.05857593e+03]]
18:53:10-DEBUG: Eigen values: 
18:53:10-DEBUG: [5054.4706271  5062.07741888]
18:53:10-DEBUG: Occupancies: 
18:53:10-DEBUG: [1. 0.]
18:53:10-INFO: coupling 4 3.7913942022265075
18:53:10-DEBUG: Amplitudes: 
18:53:10-DEBUG: [0.53968967 0.46031033]
18:53:10-INFO: forces0 h [ 7.34200313 17.18557343 -2.56873613]
18:53:10-INFO: forces0 x [  0.71704688 -16.83045978   2.54175798]
18:53:10-INFO: forces0 y [ -0.04472899 -10.90663318  -0.19650792]
18:53:10-INFO: forces1 h [-16.89930707  -9.53632038  -1.89454629]
18:53:10-INFO: forces1 x [10.98256401  0.90541562 -0.41574874]
18:53:10-INFO: forces1 y [17.05177472  1.41301036  2.00692156]
pos h  [ 7.68935094  9.32464869 10.6197046 ]
pos x  [ 8.17748034 10.59753728 10.41505259]
pos y  [ 6.45969211  8.69451578 10.46528545]
 mixed_cpl_forces: h [-1.76227809 -1.95870328  0.05319665]
 mixed_cpl_forces: x [ 0.5038236   1.31381417 -0.21123192]
 mixed_cpl_forces: y [1.25845449 0.64488911 0.15803528]
18:53:10-INFO: mixed forces h [-5.57880051  2.92650634 -2.20520294]
18:53:10-INFO: mixed forces x [ 5.94619408 -7.35263892  0.96915516]
18:53:10-INFO: mixed forces y [ 9.08342279 -4.59088486  0.97578871]
18:53:10-DEBUG: Minimum eigen value: 
18:53:10-DEBUG: 5054.4706271041505
18:53:10-DEBUG: Minimum state: 
18:53:10-DEBUG: 0
         4     5054.4706271042     5058.3040564359       27.4599073324     5057.9721119518        3.8334293318      0.50080550
ids [   8   22   66   77   80   95  110  125  138  263  273  503  504  518
  519  529  534  543  663  678  680  715  718  720  723  725  758  760
  765  768  770  810  903  947  952  953  954  955  956  957  958  959
  960  961  962  963  964  965  967  968  969  970  971  972  973  974
  975  976  977  978  979  980  981  982  984  985  986  987  989  991
  992  994  995  996  997  998  999 1000 1001 1002 1003 1004 1005 1006
 1007 1008 1009 1010 1011 1012 1013 1014 1015 1016 1017 1018 1019 1020
 1021 1022 1023 1024 1025 1026 1027 1029 1031 1032 1034 1036 1037 1039
 1041 1042 1045 1046 1047 1050 1051 1052 1054 1055 1056 1057 1058 1060
 1061 1062 1063 1065 1066 1067 1068 1069 1070 1071 1072 1076 1077 1081]
ids [ 122  140  173  178  185  220  223  230  265  268  270  318  407  408
  409  412  413  414  415  416  417  418  419  420  421  422  423  424
  425  426  427  428  429  430  431  432  433  434  435  436  437  439
  440  441  442  444  446  447  449  451  452  454  456  457  458  459
  460  461  462  463  464  465  466  467  468  469  470  471  472  473
  474  475  476  477  478  479  480  481  482  483  484  485  486  487
  488  489  491  492  494  496  497  499  502  505  506  507  508  509
  510  511  512  513  514  515  516  517  520  521  522  523  524  525
  526  527  528  530  531  532  536  537  539  541  558  561  588  591
  803  949 1043 1044 1048 1049 1053 1059 1064 1074 1079]
ids [   5   48  139  234  238  239  244  248  249  258  259  264  378  533
  677  679  682  683  684  685  686  687  688  689  690  691  692  694
  695  696  697  698  699  700  701  702  703  704  705  706  707  708
  709  710  711  712  713  714  716  717  719  721  722  724  726  727
  728  729  730  731  732  733  734  735  736  737  738  739  740  741
  742  743  744  745  746  747  748  749  750  751  752  754  755  756
  757  759  761  762  763  764  766  767  769  772  773  774  775  776
  777  778  779  780  781  782  785  786  787  788  790  791  792  793
  795  796  797  799  800  802  805  806  807  811  828  846  891  936
  950  983  988  990 1028 1030 1033 1035 1038 1040 1075 1080]
ids [ 137  142  143  144  145  146  147  148  149  150  151  152  154  155
  157  158  159  160  161  162  163  164  165  166  167  169  170  171
  172  174  175  176  177  179  180  181  182  184  187  188  189  190
  191  192  193  194  195  196  197  198  199  200  202  203  204  205
  206  207  208  209  210  211  212  214  215  217  218  219  221  222
  224  225  226  227  229  232  233  235  236  237  240  241  242  243
  245  246  247  250  251  252  253  254  255  256  257  260  261  262
  266  267  269  271  306  348  381  393  396  410  443  445  448  450
  455  490  493  495  500  535  538  540  784  789  794  798  804  808
  809  918  933 1073 1078]
ids [  6 102 107 108 112 117 118 123 133 183 228 275 310 313 315 320 353 355
 358 360 363 365 400 403 411 438 501 542 546 547 548 549 550 551 552 553
 554 555 556 557 559 560 562 563 564 565 566 567 568 569 570 571 572 573
 574 575 576 577 579 581 582 584 586 587 589 592 593 594 595 596 597 598
 599 600 601 602 603 604 605 606 607 608 609 610 611 612 613 614 615 616
 617 618 619 620 621 622 624 626 627 629 631 632 634 635 636 637 639 640
 641 642 645 646 647 648 650 651 652 653 655 656 657 658 660 661 662 665
 666 667 671 672 676 813]
ids [  7  38  40  43  45  82  84  87  92  94 129 134 274 368 379 384 398 399
 404 668 673 681 693 753 771 783 801 812 816 817 818 819 820 821 822 823
 824 825 826 827 829 830 831 832 833 834 835 836 837 838 839 840 841 842
 843 844 845 847 848 849 851 852 853 854 855 856 857 858 859 861 862 863
 864 865 866 867 868 869 870 871 872 873 874 875 876 877 878 879 880 881
 882 883 884 885 886 887 888 889 890 892 894 896 897 899 901 902 904 906
 907 908 910 911 912 915 916 917 920 921 922 923 925 926 927 929 930 931
 932 934 935 937 939 940 941 942 944 946 948]
ids [127 141 153 156 168 186 201 213 216 231 272 276 277 278 279 280 281 282
 283 284 285 286 287 288 289 290 291 292 293 294 295 296 297 298 299 300
 301 302 303 304 305 307 308 309 311 312 314 316 317 319 321 322 323 324
 325 326 327 328 329 330 331 332 333 334 335 336 337 338 339 340 341 342
 343 344 345 346 347 349 350 351 352 354 356 357 359 361 362 364 366 367
 369 370 371 372 373 374 375 376 377 380 382 383 385 386 387 388 389 390
 391 392 394 395 397 401 402 405 406 453 498 545 578 580 583 585 590 623
 625 628 630 633 670 675 814 909 913 914 919 924 928 943]
ids [  1   2   3   4   9  10  11  12  13  14  15  16  17  18  19  20  21  23
  24  25  26  27  28  29  30  31  32  33  34  35  36  37  39  41  42  44
  46  47  49  50  51  52  53  54  55  56  57  58  59  60  61  62  63  64
  65  67  68  69  70  71  72  73  74  75  76  78  79  81  83  85  86  88
  89  90  91  93  96  97  98  99 100 101 103 104 105 106 109 111 113 114
 115 116 119 120 121 124 126 128 130 131 132 135 136 544 638 643 644 649
 654 659 664 669 674 815 850 860 893 895 898 900 905 938 945 951 966 993]
18:53:10-INFO: Step 5
18:53:10-DEBUG: Reaction systems: [[None]
 [0]]
18:53:10-DEBUG: rxn_pairs: [array([1, 2])]
18:53:10-DEBUG: Starting total colors: 5
18:53:10-DEBUG: Number of systems: 2
18:53:10-DEBUG: New total colors: 5
18:53:10-DEBUG: Potential energy for color 0: 5056.32341620394
ebond 5 3.4091079840884526
18:53:10-DEBUG: Potential energy for color 1: 5056.3371848242405
xhy 5 13 1 2
xhy 5 13 1 2
xhy 5 13 1 2
xhy 5 13 1 2
xhy 5 13 1 2
h_pos [ 7.67078794  9.31998426 10.61611895] x_pos [ 8.17826445 10.59714779 10.41509275] y_pos [ 6.46109009  8.69419469 10.46544377]
h_pos [ 7.67078794  9.31998426 10.61611895] x_pos [ 8.17826445 10.59714779 10.41509275] y_pos [ 6.46109009  8.69419469 10.46544377]
h_pos [ 7.67078794  9.31998426 10.61611895] x_pos [ 8.17826445 10.59714779 10.41509275] y_pos [ 6.46109009  8.69419469 10.46544377]
5 rHY 1.3702862775076545 rHX 1.38891707068373 0.01863079317607541
h_pos [ 7.67078794  9.31998426 10.61611895] x_pos [ 8.17826445 10.59714779 10.41509275] y_pos [ 6.46109009  8.69419469 10.46544377]
h_pos [ 7.67078794  9.31998426 10.61611895] x_pos [ 8.17826445 10.59714779 10.41509275] y_pos [ 6.46109009  8.69419469 10.46544377]
5 rHY 1.3702862775076545 rHX 1.38891707068373 0.01863079317607541
5 rHY 1.3702862775076545 rHX 1.38891707068373 0.01863079317607541
5 rHY 1.3702862775076545 rHX 1.38891707068373 0.01863079317607541
5 rHY 1.3702862775076545 rHX 1.38891707068373 0.01863079317607541
5 cpl_forces h [-2.81195359 -3.10041165  0.07834702]
5 cpl_forces h [-2.81195359 -3.10041165  0.07834702]
5 cpl_forces h [-2.81195359 -3.10041165  0.07834702]
5 cpl_forces h [-2.81195359 -3.10041165  0.07834702]
5 cpl_forces x [ 0.82313249  2.07157334 -0.32606671]
5 cpl_forces h [-2.81195359 -3.10041165  0.07834702]
5 cpl_forces x [ 0.82313249  2.07157334 -0.32606671]
5 cpl_forces x [ 0.82313249  2.07157334 -0.32606671]
5 cpl_forces x [ 0.82313249  2.07157334 -0.32606671]
5 cpl_forces x [ 0.82313249  2.07157334 -0.32606671]
5 cpl_forces y [1.98882111 1.02883831 0.24771969]
5 cpl_forces y [1.98882111 1.02883831 0.24771969]
5 cpl_forces y [1.98882111 1.02883831 0.24771969]
5 cpl_forces y [1.98882111 1.02883831 0.24771969]
5 cpl_forces y [1.98882111 1.02883831 0.24771969]
18:53:10-DEBUG: System matrix: 
18:53:10-DEBUG: [[5.05632342e+03 3.77875553e+00]
 [3.77875553e+00 5.05633718e+03]]
18:53:10-DEBUG: Eigen values: 
18:53:10-DEBUG: [5052.55153871 5060.10906231]
18:53:10-DEBUG: Occupancies: 
18:53:10-DEBUG: [1. 0.]
18:53:10-INFO: coupling 5 3.7787555297771305
18:53:10-DEBUG: Amplitudes: 
18:53:10-DEBUG: [0.50091092 0.49908908]
18:53:10-INFO: forces0 h [ 7.91260644 17.65915564 -2.54754342]
18:53:10-INFO: forces0 x [  0.29831199 -17.1995659    2.5438796 ]
18:53:10-INFO: forces0 y [ -0.23511371 -10.9792387   -0.2177738 ]
18:53:10-INFO: forces1 h [-16.02841613  -9.07452277  -1.79280626]
18:53:10-INFO: forces1 x [10.89626882  0.80087126 -0.39496889]
18:53:10-INFO: forces1 y [16.208538    1.077655    1.88606822]
pos h  [ 7.67078794  9.31998426 10.61611895]
pos x  [ 8.17826445 10.59714779 10.41509275]
pos y  [ 6.46109009  8.69419469 10.46544377]
 mixed_cpl_forces: h [ 2.81194893  3.1004065  -0.07834689]
 mixed_cpl_forces: x [-0.82313112 -2.0715699   0.32606616]
 mixed_cpl_forces: y [-1.98881781 -1.0288366  -0.24771927]
18:53:10-INFO: mixed forces h [-1.22414753  7.41707521 -2.24920923]
18:53:10-INFO: mixed forces x [  4.76450538 -10.28731421   1.40319858]
18:53:10-INFO: mixed forces y [ 5.98291547 -5.99061133  0.5845115 ]
18:53:10-DEBUG: Minimum eigen value: 
18:53:10-DEBUG: 5052.551538713242
18:53:10-DEBUG: Minimum state: 
18:53:10-DEBUG: 0
         5     5052.5515387132     5058.3489377842       41.5283620694     5056.3234162039        5.7973990709      0.49133340
ids [ 137  142  143  144  145  146  147  148  149  150  151  152  154  155
  157  158  159  160  161  162  163  164  165  166  167  169  170  171
  172  174  175  176  177  179  180  181  182  184  187  188  189  190
  191  192  193  194  195  196  197  198  199  200  202  203  204  205
  206  207  208  209  210  211  212  214  215  217  218  219  221  222
  224  225  226  227  229  232  233  235  236  237  240  241  242  243
  245  246  247  250  251  252  253  254  255  256  257  260  261  262
  266  267  269  271  306  348  381  393  396  410  443  445  448  450
  455  490  493  495  500  535  538  540  784  789  794  798  804  808
  809  918  933 1073 1078]
ids [  6 102 107 108 112 117 118 123 133 183 228 275 310 313 315 320 353 355
 358 360 363 365 400 403 411 438 501 542 546 547 548 549 550 551 552 553
 554 555 556 557 559 560 562 563 564 565 566 567 568 569 570 571 572 573
 574 575 576 577 579 581 582 584 586 587 589 592 593 594 595 596 597 598
 599 600 601 602 603 604 605 606 607 608 609 610 611 612 613 614 615 616
 617 618 619 620 621 622 624 626 627 629 631 632 634 635 636 637 639 640
 641 642 645 646 647 648 650 651 652 653 655 656 657 658 660 661 662 665
 666 667 671 672 676 813]
ids [  7  38  40  43  45  82  84  87  92  94 129 134 274 368 379 384 398 399
 404 668 673 681 693 753 771 783 801 812 816 817 818 819 820 821 822 823
 824 825 826 827 829 830 831 832 833 834 835 836 837 838 839 840 841 842
 843 844 845 847 848 849 851 852 853 854 855 856 857 858 859 861 862 863
 864 865 866 867 868 869 870 871 872 873 874 875 876 877 878 879 880 881
 882 883 884 885 886 887 888 889 890 892 894 896 897 899 901 902 904 906
 907 908 910 911 912 915 916 917 920 921 922 923 925 926 927 929 930 931
 932 934 935 937 939 940 941 942 944 946 948]
ids [  1   2   3   4   9  10  11  12  13  14  15  16  17  18  19  20  21  23
  24  25  26  27  28  29  30  31  32  33  34  35  36  37  39  41  42  44
  46  47  49  50  51  52  53  54  55  56  57  58  59  60  61  62  63  64
  65  67  68  69  70  71  72  73  74  75  76  78  79  81  83  85  86  88
  89  90  91  93  96  97  98  99 100 101 103 104 105 106 109 111 113 114
 115 116 119 120 121 124 126 128 130 131 132 135 136 544 638 643 644 649
 654 659 664 669 674 815 850 860 893 895 898 900 905 938 945 951 966 993]
ids [127 141 153 156 168 186 201 213 216 231 272 276 277 278 279 280 281 282
 283 284 285 286 287 288 289 290 291 292 293 294 295 296 297 298 299 300
 301 302 303 304 305 307 308 309 311 312 314 316 317 319 321 322 323 324
 325 326 327 328 329 330 331 332 333 334 335 336 337 338 339 340 341 342
 343 344 345 346 347 349 350 351 352 354 356 357 359 361 362 364 366 367
 369 370 371 372 373 374 375 376 377 380 382 383 385 386 387 388 389 390
 391 392 394 395 397 401 402 405 406 453 498 545 578 580 583 585 590 623
 625 628 630 633 670 675 814 909 913 914 919 924 928 943]
ids [   8   22   66   77   80   95  110  125  138  263  273  503  504  518
  519  529  534  543  663  678  680  715  718  720  723  725  758  760
  765  768  770  810  903  947  952  953  954  955  956  957  958  959
  960  961  962  963  964  965  967  968  969  970  971  972  973  974
  975  976  977  978  979  980  981  982  984  985  986  987  989  991
  992  994  995  996  997  998  999 1000 1001 1002 1003 1004 1005 1006
 1007 1008 1009 1010 1011 1012 1013 1014 1015 1016 1017 1018 1019 1020
 1021 1022 1023 1024 1025 1026 1027 1029 1031 1032 1034 1036 1037 1039
 1041 1042 1045 1046 1047 1050 1051 1052 1054 1055 1056 1057 1058 1060
 1061 1062 1063 1065 1066 1067 1068 1069 1070 1071 1072 1076 1077 1081]
ids [ 122  140  173  178  185  220  223  230  265  268  270  318  407  408
  409  412  413  414  415  416  417  418  419  420  421  422  423  424
  425  426  427  428  429  430  431  432  433  434  435  436  437  439
  440  441  442  444  446  447  449  451  452  454  456  457  458  459
  460  461  462  463  464  465  466  467  468  469  470  471  472  473
  474  475  476  477  478  479  480  481  482  483  484  485  486  487
  488  489  491  492  494  496  497  499  502  505  506  507  508  509
  510  511  512  513  514  515  516  517  520  521  522  523  524  525
  526  527  528  530  531  532  536  537  539  541  558  561  588  591
  803  949 1043 1044 1048 1049 1053 1059 1064 1074 1079]
ids [   5   48  139  234  238  239  244  248  249  258  259  264  378  533
  677  679  682  683  684  685  686  687  688  689  690  691  692  694
  695  696  697  698  699  700  701  702  703  704  705  706  707  708
  709  710  711  712  713  714  716  717  719  721  722  724  726  727
  728  729  730  731  732  733  734  735  736  737  738  739  740  741
  742  743  744  745  746  747  748  749  750  751  752  754  755  756
  757  759  761  762  763  764  766  767  769  772  773  774  775  776
  777  778  779  780  781  782  785  786  787  788  790  791  792  793
  795  796  797  799  800  802  805  806  807  811  828  846  891  936
  950  983  988  990 1028 1030 1033 1035 1038 1040 1075 1080]
18:53:10-INFO: Step 6
18:53:10-DEBUG: Reaction systems: [[None]
 [0]]
18:53:10-DEBUG: rxn_pairs: [array([1, 2])]
18:53:10-DEBUG: Starting total colors: 5
18:53:10-DEBUG: Number of systems: 2
18:53:10-DEBUG: New total colors: 5
18:53:10-DEBUG: Potential energy for color 0: 5054.266705729362
ebond 6 3.059118126686768
18:53:10-DEBUG: Potential energy for color 1: 5053.725432059003
xhy 6 13 1 2
xhy 6 13 1 2
xhy 6 13 1 2
xhy 6 13 1 2
xhy 6 13 1 2
h_pos [ 7.65103419  9.31738655 10.61168629] x_pos [ 8.17917271 10.59654104 10.41516156] y_pos [ 6.46266753  8.69374509 10.46562066]
h_pos [ 7.65103419  9.31738655 10.61168629] x_pos [ 8.17917271 10.59654104 10.41516156] y_pos [ 6.46266753  8.69374509 10.46562066]
h_pos [ 7.65103419  9.31738655 10.61168629] x_pos [ 8.17917271 10.59654104 10.41516156] y_pos [ 6.46266753  8.69374509 10.46562066]
6 rHY 1.3499922826766597 rHX 1.3977798427118777 0.047787560035218
6 rHY 1.3499922826766597 rHX 1.3977798427118777 0.047787560035218
6 rHY 1.3499922826766597 rHX 1.3977798427118777 0.047787560035218
h_pos [ 7.65103419  9.31738655 10.61168629] x_pos [ 8.17917271 10.59654104 10.41516156] y_pos [ 6.46266753  8.69374509 10.46562066]
h_pos [ 7.65103419  9.31738655 10.61168629] x_pos [ 8.17917271 10.59654104 10.41516156] y_pos [ 6.46266753  8.69374509 10.46562066]
6 rHY 1.3499922826766597 rHX 1.3977798427118777 0.047787560035218
6 cpl_forces h [-7.04820274 -7.71472044  0.18151286]
6 cpl_forces h [-7.04820274 -7.71472044  0.18151286]
6 rHY 1.3499922826766597 rHX 1.3977798427118777 0.047787560035218
6 cpl_forces h [-7.04820274 -7.71472044  0.18151286]
6 cpl_forces h [-7.04820274 -7.71472044  0.18151286]
6 cpl_forces x [ 2.11673366  5.1267409  -0.78765416]
6 cpl_forces h [-7.04820274 -7.71472044  0.18151286]
6 cpl_forces x [ 2.11673366  5.1267409  -0.78765416]
6 cpl_forces x [ 2.11673366  5.1267409  -0.78765416]
6 cpl_forces y [4.93146909 2.58797954 0.6061413 ]
6 cpl_forces y [4.93146909 2.58797954 0.6061413 ]
6 cpl_forces y [4.93146909 2.58797954 0.6061413 ]
6 cpl_forces x [ 2.11673366  5.1267409  -0.78765416]
6 cpl_forces x [ 2.11673366  5.1267409  -0.78765416]
6 cpl_forces y [4.93146909 2.58797954 0.6061413 ]
6 cpl_forces y [4.93146909 2.58797954 0.6061413 ]
18:53:10-DEBUG: System matrix: 
18:53:10-DEBUG: [[5.05426671e+03 3.66346719e+00]
 [3.66346719e+00 5.05372543e+03]]
18:53:10-DEBUG: Eigen values: 
18:53:10-DEBUG: [5057.66951907 5050.32261872]
18:53:10-DEBUG: Occupancies: 
18:53:10-DEBUG: [0. 1.]
18:53:10-INFO: coupling 6 3.6634671929347515
18:53:10-DEBUG: Amplitudes: 
18:53:10-DEBUG: [0.46316313 0.53683687]
18:53:10-INFO: forces0 h [ 8.53559978 18.08356103 -2.50071595]
18:53:10-INFO: forces0 x [ -0.13451348 -17.49078279   2.52489294]
18:53:10-INFO: forces0 y [ -0.47116813 -11.07182675  -0.24315546]
18:53:10-INFO: forces1 h [-15.14277314  -8.65401356  -1.67696018]
18:53:10-INFO: forces1 x [10.80749933  0.71845542 -0.37780707]
18:53:10-INFO: forces1 y [15.34234653  0.76698542  1.75514127]
pos h  [ 7.65103419  9.31738655 10.61168629]
pos x  [ 8.17917271 10.59654104 10.41516156]
pos y  [ 6.46266753  8.69374509 10.46562066]
 mixed_cpl_forces: h [ 7.02904853  7.69375489 -0.18101958]
 mixed_cpl_forces: x [-2.11098121 -5.11280846  0.78551363]
 mixed_cpl_forces: y [-4.91806731 -2.58094644 -0.60449405]
18:53:10-INFO: mixed forces h [ 2.85322463 11.42359999 -2.23951305]
18:53:10-INFO: mixed forces x [  3.62858125 -12.82820075   1.75213017]
18:53:10-INFO: mixed forces y [ 3.10004232 -7.29726228  0.22510986]
reaction would have occurred
18:53:10-DEBUG: Minimum eigen value: 
18:53:10-DEBUG: 5050.322618721624
18:53:10-DEBUG: Minimum state: 
18:53:10-DEBUG: 0
         6     5050.3226187216     5058.3891605259       57.7828547939     5054.2667057294        8.0665418043      0.49938727
ids [  1   2   3   4   9  10  11  12  13  14  15  16  17  18  19  20  21  23
  24  25  26  27  28  29  30  31  32  33  34  35  36  37  39  41  42  44
  46  47  49  50  51  52  53  54  55  56  57  58  59  60  61  62  63  64
  65  67  68  69  70  71  72  73  74  75  76  78  79  81  83  85  86  88
  89  90  91  93  96  97  98  99 100 101 103 104 105 106 109 111 113 114
 115 116 119 120 121 124 126 128 130 131 132 135 136 544 638 643 644 649
 654 659 664 669 674 815 850 860 893 895 898 900 905 938 945 951 966 993]
ids [   5   48  139  234  238  239  244  248  249  258  259  264  378  533
  677  679  682  683  684  685  686  687  688  689  690  691  692  694
  695  696  697  698  699  700  701  702  703  704  705  706  707  708
  709  710  711  712  713  714  716  717  719  721  722  724  726  727
  728  729  730  731  732  733  734  735  736  737  738  739  740  741
  742  743  744  745  746  747  748  749  750  751  752  754  755  756
  757  759  761  762  763  764  766  767  769  772  773  774  775  776
  777  778  779  780  781  782  785  786  787  788  790  791  792  793
  795  796  797  799  800  802  805  806  807  811  828  846  891  936
  950  983  988  990 1028 1030 1033 1035 1038 1040 1075 1080]
ids [127 141 153 156 168 186 201 213 216 231 272 276 277 278 279 280 281 282
 283 284 285 286 287 288 289 290 291 292 293 294 295 296 297 298 299 300
 301 302 303 304 305 307 308 309 311 312 314 316 317 319 321 322 323 324
 325 326 327 328 329 330 331 332 333 334 335 336 337 338 339 340 341 342
 343 344 345 346 347 349 350 351 352 354 356 357 359 361 362 364 366 367
 369 370 371 372 373 374 375 376 377 380 382 383 385 386 387 388 389 390
 391 392 394 395 397 401 402 405 406 453 498 545 578 580 583 585 590 623
 625 628 630 633 670 675 814 909 913 914 919 924 928 943]
ids [   8   22   66   77   80   95  110  125  138  263  273  503  504  518
  519  529  534  543  663  678  680  715  718  720  723  725  758  760
  765  768  770  810  903  947  952  953  954  955  956  957  958  959
  960  961  962  963  964  965  967  968  969  970  971  972  973  974
  975  976  977  978  979  980  981  982  984  985  986  987  989  991
  992  994  995  996  997  998  999 1000 1001 1002 1003 1004 1005 1006
 1007 1008 1009 1010 1011 1012 1013 1014 1015 1016 1017 1018 1019 1020
 1021 1022 1023 1024 1025 1026 1027 1029 1031 1032 1034 1036 1037 1039
 1041 1042 1045 1046 1047 1050 1051 1052 1054 1055 1056 1057 1058 1060
 1061 1062 1063 1065 1066 1067 1068 1069 1070 1071 1072 1076 1077 1081]
ids [ 122  140  173  178  185  220  223  230  265  268  270  318  407  408
  409  412  413  414  415  416  417  418  419  420  421  422  423  424
  425  426  427  428  429  430  431  432  433  434  435  436  437  439
  440  441  442  444  446  447  449  451  452  454  456  457  458  459
  460  461  462  463  464  465  466  467  468  469  470  471  472  473
  474  475  476  477  478  479  480  481  482  483  484  485  486  487
  488  489  491  492  494  496  497  499  502  505  506  507  508  509
  510  511  512  513  514  515  516  517  520  521  522  523  524  525
  526  527  528  530  531  532  536  537  539  541  558  561  588  591
  803  949 1043 1044 1048 1049 1053 1059 1064 1074 1079]
ids [  7  38  40  43  45  82  84  87  92  94 129 134 274 368 379 384 398 399
 404 668 673 681 693 753 771 783 801 812 816 817 818 819 820 821 822 823
 824 825 826 827 829 830 831 832 833 834 835 836 837 838 839 840 841 842
 843 844 845 847 848 849 851 852 853 854 855 856 857 858 859 861 862 863
 864 865 866 867 868 869 870 871 872 873 874 875 876 877 878 879 880 881
 882 883 884 885 886 887 888 889 890 892 894 896 897 899 901 902 904 906
 907 908 910 911 912 915 916 917 920 921 922 923 925 926 927 929 930 931
 932 934 935 937 939 940 941 942 944 946 948]
ids [ 137  142  143  144  145  146  147  148  149  150  151  152  154  155
  157  158  159  160  161  162  163  164  165  166  167  169  170  171
  172  174  175  176  177  179  180  181  182  184  187  188  189  190
  191  192  193  194  195  196  197  198  199  200  202  203  204  205
  206  207  208  209  210  211  212  214  215  217  218  219  221  222
  224  225  226  227  229  232  233  235  236  237  240  241  242  243
  245  246  247  250  251  252  253  254  255  256  257  260  261  262
  266  267  269  271  306  348  381  393  396  410  443  445  448  450
  455  490  493  495  500  535  538  540  784  789  794  798  804  808
  809  918  933 1073 1078]
ids [  6 102 107 108 112 117 118 123 133 183 228 275 310 313 315 320 353 355
 358 360 363 365 400 403 411 438 501 542 546 547 548 549 550 551 552 553
 554 555 556 557 559 560 562 563 564 565 566 567 568 569 570 571 572 573
 574 575 576 577 579 581 582 584 586 587 589 592 593 594 595 596 597 598
 599 600 601 602 603 604 605 606 607 608 609 610 611 612 613 614 615 616
 617 618 619 620 621 622 624 626 627 629 631 632 634 635 636 637 639 640
 641 642 645 646 647 648 650 651 652 653 655 656 657 658 660 661 662 665
 666 667 671 672 676 813]
18:53:10-INFO: Step 7
18:53:10-DEBUG: Reaction systems: [[None]
 [0]]
18:53:10-DEBUG: rxn_pairs: [array([1, 2])]
18:53:10-DEBUG: Starting total colors: 5
18:53:10-DEBUG: Number of systems: 2
18:53:10-DEBUG: New total colors: 5
18:53:10-DEBUG: Potential energy for color 0: 5051.771089114451
ebond 7 2.7605750376425022
18:53:10-DEBUG: Potential energy for color 1: 5050.793951581894
xhy 7 13 1 2
xhy 7 13 1 2
xhy 7 13 1 2
xhy 7 13 1 2
xhy 7 13 1 2
h_pos [ 7.63171072  9.31846963 10.60640496] x_pos [ 8.18017701 10.59565193 10.4152682 ] y_pos [ 6.46435169  8.69313406 10.46580701]
h_pos [ 7.63171072  9.31846963 10.60640496] x_pos [ 8.18017701 10.59565193 10.4152682 ] y_pos [ 6.46435169  8.69313406 10.46580701]
h_pos [ 7.63171072  9.31846963 10.60640496] x_pos [ 8.18017701 10.59565193 10.4152682 ] y_pos [ 6.46435169  8.69313406 10.46580701]
7 rHY 1.3317430105805494 rHX 1.403047805695502 0.07130479511495258
7 rHY 1.3317430105805494 rHX 1.403047805695502 0.07130479511495258
7 rHY 1.3317430105805494 rHX 1.403047805695502 0.07130479511495258
h_pos [ 7.63171072  9.31846963 10.60640496] x_pos [ 8.18017701 10.59565193 10.4152682 ] y_pos [ 6.46435169  8.69313406 10.46580701]
h_pos [ 7.63171072  9.31846963 10.60640496] x_pos [ 8.18017701 10.59565193 10.4152682 ] y_pos [ 6.46435169  8.69313406 10.46580701]
7 rHY 1.3317430105805494 rHX 1.403047805695502 0.07130479511495258
7 rHY 1.3317430105805494 rHX 1.403047805695502 0.07130479511495258
7 cpl_forces h [-10.1306928  -11.02890663   0.24502205]
7 cpl_forces h [-10.1306928  -11.02890663   0.24502205]
7 cpl_forces h [-10.1306928  -11.02890663   0.24502205]
7 cpl_forces x [ 3.12447516  7.27578782 -1.08885825]
7 cpl_forces h [-10.1306928  -11.02890663   0.24502205]
7 cpl_forces x [ 3.12447516  7.27578782 -1.08885825]
7 cpl_forces x [ 3.12447516  7.27578782 -1.08885825]
7 cpl_forces h [-10.1306928  -11.02890663   0.24502205]
7 cpl_forces y [7.00621763 3.75311881 0.8438362 ]
7 cpl_forces x [ 3.12447516  7.27578782 -1.08885825]
7 cpl_forces y [7.00621763 3.75311881 0.8438362 ]
7 cpl_forces y [7.00621763 3.75311881 0.8438362 ]
7 cpl_forces x [ 3.12447516  7.27578782 -1.08885825]
7 cpl_forces y [7.00621763 3.75311881 0.8438362 ]
7 cpl_forces y [7.00621763 3.75311881 0.8438362 ]
18:53:10-DEBUG: System matrix: 
18:53:10-DEBUG: [[5.05177109e+03 3.50292542e+00]
 [3.50292542e+00 5.05079395e+03]]
18:53:10-DEBUG: Eigen values: 
18:53:10-DEBUG: [5054.8193531 5047.7456876]
18:53:10-DEBUG: Occupancies: 
18:53:10-DEBUG: [0. 1.]
18:53:10-INFO: coupling 7 3.5029254171976936
18:53:10-DEBUG: Amplitudes: 
18:53:10-DEBUG: [0.43093132 0.56906868]
18:53:10-INFO: forces0 h [ 9.13569507 18.36502447 -2.42323467]
18:53:10-INFO: forces0 x [ -0.53051602 -17.62003553   2.47574901]
18:53:10-INFO: forces0 y [ -0.72783469 -11.17373586  -0.26865106]
18:53:10-INFO: forces1 h [-14.33886633  -8.33963791  -1.55502084]
18:53:10-INFO: forces1 x [10.72316563  0.66991306 -0.3659965 ]
18:53:10-INFO: forces1 y [14.54411808  0.53453138  1.6239044 ]
pos h  [ 7.63171072  9.31846963 10.60640496]
pos x  [ 8.18017701 10.59565193 10.4152682 ]
pos y  [ 6.46435169  8.69313406 10.46580701]
 mixed_cpl_forces: h [10.03357065 10.92317338 -0.24267304]
 mixed_cpl_forces: x [-3.09452107 -7.20603542  1.07841945]
 mixed_cpl_forces: y [-6.93904958 -3.71713795 -0.83574641]
18:53:10-INFO: mixed forces h [ 5.81062796 14.09141078 -2.17183442]
18:53:10-INFO: mixed forces x [  2.77908072 -14.41783399   1.93702008]
18:53:10-INFO: mixed forces y [ 1.02390579 -8.22806559 -0.02740342]
reaction would have occurred
18:53:10-DEBUG: Minimum eigen value: 
18:53:10-DEBUG: 5047.74568759586
18:53:10-DEBUG: Minimum state: 
18:53:10-DEBUG: 0
         7     5047.7456875959     5058.4116730635       76.4033838117     5051.7710891145       10.6659854676      0.50079166
ids [  7  38  40  43  45  82  84  87  92  94 129 134 274 368 379 384 398 399
 404 668 673 681 693 753 771 783 801 812 816 817 818 819 820 821 822 823
 824 825 826 827 829 830 831 832 833 834 835 836 837 838 839 840 841 842
 843 844 845 847 848 849 851 852 853 854 855 856 857 858 859 861 862 863
 864 865 866 867 868 869 870 871 872 873 874 875 876 877 878 879 880 881
 882 883 884 885 886 887 888 889 890 892 894 896 897 899 901 902 904 906
 907 908 910 911 912 915 916 917 920 921 922 923 925 926 927 929 930 931
 932 934 935 937 939 940 941 942 944 946 948]
ids [ 137  142  143  144  145  146  147  148  149  150  151  152  154  155
  157  158  159  160  161  162  163  164  165  166  167  169  170  171
  172  174  175  176  177  179  180  181  182  184  187  188  189  190
  191  192  193  194  195  196  197  198  199  200  202  203  204  205
  206  207  208  209  210  211  212  214  215  217  218  219  221  222
  224  225  226  227  229  232  233  235  236  237  240  241  242  243
  245  246  247  250  251  252  253  254  255  256  257  260  261  262
  266  267  269  271  306  348  381  393  396  410  443  445  448  450
  455  490  493  495  500  535  538  540  784  789  794  798  804  808
  809  918  933 1073 1078]
ids [  1   2   3   4   9  10  11  12  13  14  15  16  17  18  19  20  21  23
  24  25  26  27  28  29  30  31  32  33  34  35  36  37  39  41  42  44
  46  47  49  50  51  52  53  54  55  56  57  58  59  60  61  62  63  64
  65  67  68  69  70  71  72  73  74  75  76  78  79  81  83  85  86  88
  89  90  91  93  96  97  98  99 100 101 103 104 105 106 109 111 113 114
 115 116 119 120 121 124 126 128 130 131 132 135 136 544 638 643 644 649
 654 659 664 669 674 815 850 860 893 895 898 900 905 938 945 951 966 993]
ids [  6 102 107 108 112 117 118 123 133 183 228 275 310 313 315 320 353 355
 358 360 363 365 400 403 411 438 501 542 546 547 548 549 550 551 552 553
 554 555 556 557 559 560 562 563 564 565 566 567 568 569 570 571 572 573
 574 575 576 577 579 581 582 584 586 587 589 592 593 594 595 596 597 598
 599 600 601 602 603 604 605 606 607 608 609 610 611 612 613 614 615 616
 617 618 619 620 621 622 624 626 627 629 631 632 634 635 636 637 639 640
 641 642 645 646 647 648 650 651 652 653 655 656 657 658 660 661 662 665
 666 667 671 672 676 813]
ids [   5   48  139  234  238  239  244  248  249  258  259  264  378  533
  677  679  682  683  684  685  686  687  688  689  690  691  692  694
  695  696  697  698  699  700  701  702  703  704  705  706  707  708
  709  710  711  712  713  714  716  717  719  721  722  724  726  727
  728  729  730  731  732  733  734  735  736  737  738  739  740  741
  742  743  744  745  746  747  748  749  750  751  752  754  755  756
  757  759  761  762  763  764  766  767  769  772  773  774  775  776
  777  778  779  780  781  782  785  786  787  788  790  791  792  793
  795  796  797  799  800  802  805  806  807  811  828  846  891  936
  950  983  988  990 1028 1030 1033 1035 1038 1040 1075 1080]
ids [127 141 153 156 168 186 201 213 216 231 272 276 277 278 279 280 281 282
 283 284 285 286 287 288 289 290 291 292 293 294 295 296 297 298 299 300
 301 302 303 304 305 307 308 309 311 312 314 316 317 319 321 322 323 324
 325 326 327 328 329 330 331 332 333 334 335 336 337 338 339 340 341 342
 343 344 345 346 347 349 350 351 352 354 356 357 359 361 362 364 366 367
 369 370 371 372 373 374 375 376 377 380 382 383 385 386 387 388 389 390
 391 392 394 395 397 401 402 405 406 453 498 545 578 580 583 585 590 623
 625 628 630 633 670 675 814 909 913 914 919 924 928 943]
ids [   8   22   66   77   80   95  110  125  138  263  273  503  504  518
  519  529  534  543  663  678  680  715  718  720  723  725  758  760
  765  768  770  810  903  947  952  953  954  955  956  957  958  959
  960  961  962  963  964  965  967  968  969  970  971  972  973  974
  975  976  977  978  979  980  981  982  984  985  986  987  989  991
  992  994  995  996  997  998  999 1000 1001 1002 1003 1004 1005 1006
 1007 1008 1009 1010 1011 1012 1013 1014 1015 1016 1017 1018 1019 1020
 1021 1022 1023 1024 1025 1026 1027 1029 1031 1032 1034 1036 1037 1039
 1041 1042 1045 1046 1047 1050 1051 1052 1054 1055 1056 1057 1058 1060
 1061 1062 1063 1065 1066 1067 1068 1069 1070 1071 1072 1076 1077 1081]
ids [ 122  140  173  178  185  220  223  230  265  268  270  318  407  408
  409  412  413  414  415  416  417  418  419  420  421  422  423  424
  425  426  427  428  429  430  431  432  433  434  435  436  437  439
  440  441  442  444  446  447  449  451  452  454  456  457  458  459
  460  461  462  463  464  465  466  467  468  469  470  471  472  473
  474  475  476  477  478  479  480  481  482  483  484  485  486  487
  488  489  491  492  494  496  497  499  502  505  506  507  508  509
  510  511  512  513  514  515  516  517  520  521  522  523  524  525
  526  527  528  530  531  532  536  537  539  541  558  561  588  591
  803  949 1043 1044 1048 1049 1053 1059 1064 1074 1079]
18:53:10-INFO: Step 8
18:53:10-DEBUG: Reaction systems: [[None]
 [0]]
18:53:10-DEBUG: rxn_pairs: [array([1, 2])]
18:53:10-DEBUG: Starting total colors: 5
18:53:10-DEBUG: Number of systems: 2
18:53:10-DEBUG: New total colors: 5
18:53:10-DEBUG: Potential energy for color 0: 5048.8133249210405
ebond 8 2.5377286654142184
18:53:10-DEBUG: Potential energy for color 1: 5047.58462559725
xhy 8 13 1 2
xhy 8 13 1 2
xhy 8 13 1 2
xhy 8 13 1 2
xhy 8 13 1 2
h_pos [ 7.61415721  9.32448139 10.6002956 ] x_pos [ 8.18125383 10.59443256 10.41541875] y_pos [ 6.46608251  8.69233451 10.46599544]
8 rHY 1.317467922021544 rHX 1.4030516709031153 0.08558374888157139
h_pos [ 7.61415721  9.32448139 10.6002956 ] x_pos [ 8.18125383 10.59443256 10.41541875] y_pos [ 6.46608251  8.69233451 10.46599544]
8 rHY 1.317467922021544 rHX 1.4030516709031153 0.08558374888157139
h_pos [ 7.61415721  9.32448139 10.6002956 ] x_pos [ 8.18125383 10.59443256 10.41541875] y_pos [ 6.46608251  8.69233451 10.46599544]
8 rHY 1.317467922021544 rHX 1.4030516709031153 0.08558374888157139
h_pos [ 7.61415721  9.32448139 10.6002956 ] x_pos [ 8.18125383 10.59443256 10.41541875] y_pos [ 6.46608251  8.69233451 10.46599544]
h_pos [ 7.61415721  9.32448139 10.6002956 ] x_pos [ 8.18125383 10.59443256 10.41541875] y_pos [ 6.46608251  8.69233451 10.46599544]
8 rHY 1.317467922021544 rHX 1.4030516709031153 0.08558374888157139
8 rHY 1.317467922021544 rHX 1.4030516709031153 0.08558374888157139
8 cpl_forces h [-11.80659389 -12.8186168    0.27609133]
8 cpl_forces h [-11.80659389 -12.8186168    0.27609133]
8 cpl_forces h [-11.80659389 -12.8186168    0.27609133]
8 cpl_forces h [-11.80659389 -12.8186168    0.27609133]
8 cpl_forces x [ 3.74101137  8.37758802 -1.21959179]
8 cpl_forces h [-11.80659389 -12.8186168    0.27609133]
8 cpl_forces x [ 3.74101137  8.37758802 -1.21959179]
8 cpl_forces x [ 3.74101137  8.37758802 -1.21959179]
8 cpl_forces x [ 3.74101137  8.37758802 -1.21959179]
8 cpl_forces x [ 3.74101137  8.37758802 -1.21959179]
8 cpl_forces y [8.06558252 4.44102878 0.94350045]
8 cpl_forces y [8.06558252 4.44102878 0.94350045]
8 cpl_forces y [8.06558252 4.44102878 0.94350045]
8 cpl_forces y [8.06558252 4.44102878 0.94350045]
8 cpl_forces y [8.06558252 4.44102878 0.94350045]
18:53:10-DEBUG: System matrix: 
18:53:10-DEBUG: [[5.04881332e+03 3.37959265e+00]
 [3.37959265e+00 5.04758463e+03]]
18:53:10-DEBUG: Eigen values: 
18:53:10-DEBUG: [5051.63395299 5044.76399753]
18:53:10-DEBUG: Occupancies: 
18:53:10-DEBUG: [0. 1.]
18:53:10-INFO: coupling 8 3.3795926504248834
18:53:10-DEBUG: Amplitudes: 
18:53:10-DEBUG: [0.41057443 0.58942557]
18:53:10-INFO: forces0 h [ 9.62397692 18.41858034 -2.31586401]
18:53:10-INFO: forces0 x [ -0.84403818 -17.52240361   2.3909817 ]
18:53:10-INFO: forces0 y [ -0.96126626 -11.2641412   -0.28805912]
18:53:10-INFO: forces1 h [-13.69696582  -8.18309102  -1.43430277]
18:53:10-INFO: forces1 x [10.64932418  0.66280321 -0.36035028]
18:53:10-INFO: forces1 y [13.88920725  0.42479206  1.50049097]
pos h  [ 7.61415721  9.32448139 10.6002956 ]
pos x  [ 8.18125383 10.59443256 10.41541875]
pos y  [ 6.46608251  8.69233451 10.46599544]
 mixed_cpl_forces: h [11.6162261  12.6119313  -0.27163968]
 mixed_cpl_forces: x [-3.68069185 -8.24250902  1.19992727]
 mixed_cpl_forces: y [-7.93553425 -4.36942229 -0.92828759]
18:53:10-INFO: mixed forces h [ 7.49424312 15.35080642 -2.06788895]
18:53:10-INFO: mixed forces x [  2.2497516  -15.04608678   1.96920355]
18:53:10-INFO: mixed forces y [-0.14355174 -8.74380737 -0.16212956]
reaction would have occurred
18:53:10-DEBUG: Minimum eigen value: 
18:53:10-DEBUG: 5044.763997531433
18:53:10-DEBUG: Minimum state: 
18:53:10-DEBUG: 0
         8     5044.7639975314     5058.4182160090       97.8089177187     5048.8133249210       13.6542184775      0.50158184
ids [  1   2   3   4   9  10  11  12  13  14  15  16  17  18  19  20  21  23
  24  25  26  27  28  29  30  31  32  33  34  35  36  37  39  41  42  44
  46  47  49  50  51  52  53  54  55  56  57  58  59  60  61  62  63  64
  65  67  68  69  70  71  72  73  74  75  76  78  79  81  83  85  86  88
  89  90  91  93  96  97  98  99 100 101 103 104 105 106 109 111 113 114
 115 116 119 120 121 124 126 128 130 131 132 135 136 544 638 643 644 649
 654 659 664 669 674 815 850 860 893 895 898 900 905 938 945 951 966 993]
ids [ 122  140  173  178  185  220  223  230  265  268  270  318  407  408
  409  412  413  414  415  416  417  418  419  420  421  422  423  424
  425  426  427  428  429  430  431  432  433  434  435  436  437  439
  440  441  442  444  446  447  449  451  452  454  456  457  458  459
  460  461  462  463  464  465  466  467  468  469  470  471  472  473
  474  475  476  477  478  479  480  481  482  483  484  485  486  487
  488  489  491  492  494  496  497  499  502  505  506  507  508  509
  510  511  512  513  514  515  516  517  520  521  522  523  524  525
  526  527  528  530  531  532  536  537  539  541  558  561  588  591
  803  949 1043 1044 1048 1049 1053 1059 1064 1074 1079]
ids [  6 102 107 108 112 117 118 123 133 183 228 275 310 313 315 320 353 355
 358 360 363 365 400 403 411 438 501 542 546 547 548 549 550 551 552 553
 554 555 556 557 559 560 562 563 564 565 566 567 568 569 570 571 572 573
 574 575 576 577 579 581 582 584 586 587 589 592 593 594 595 596 597 598
 599 600 601 602 603 604 605 606 607 608 609 610 611 612 613 614 615 616
 617 618 619 620 621 622 624 626 627 629 631 632 634 635 636 637 639 640
 641 642 645 646 647 648 650 651 652 653 655 656 657 658 660 661 662 665
 666 667 671 672 676 813]
ids [   5   48  139  234  238  239  244  248  249  258  259  264  378  533
  677  679  682  683  684  685  686  687  688  689  690  691  692  694
  695  696  697  698  699  700  701  702  703  704  705  706  707  708
  709  710  711  712  713  714  716  717  719  721  722  724  726  727
  728  729  730  731  732  733  734  735  736  737  738  739  740  741
  742  743  744  745  746  747  748  749  750  751  752  754  755  756
  757  759  761  762  763  764  766  767  769  772  773  774  775  776
  777  778  779  780  781  782  785  786  787  788  790  791  792  793
  795  796  797  799  800  802  805  806  807  811  828  846  891  936
  950  983  988  990 1028 1030 1033 1035 1038 1040 1075 1080]
ids [127 141 153 156 168 186 201 213 216 231 272 276 277 278 279 280 281 282
 283 284 285 286 287 288 289 290 291 292 293 294 295 296 297 298 299 300
 301 302 303 304 305 307 308 309 311 312 314 316 317 319 321 322 323 324
 325 326 327 328 329 330 331 332 333 334 335 336 337 338 339 340 341 342
 343 344 345 346 347 349 350 351 352 354 356 357 359 361 362 364 366 367
 369 370 371 372 373 374 375 376 377 380 382 383 385 386 387 388 389 390
 391 392 394 395 397 401 402 405 406 453 498 545 578 580 583 585 590 623
 625 628 630 633 670 675 814 909 913 914 919 924 928 943]
ids [   8   22   66   77   80   95  110  125  138  263  273  503  504  518
  519  529  534  543  663  678  680  715  718  720  723  725  758  760
  765  768  770  810  903  947  952  953  954  955  956  957  958  959
  960  961  962  963  964  965  967  968  969  970  971  972  973  974
  975  976  977  978  979  980  981  982  984  985  986  987  989  991
  992  994  995  996  997  998  999 1000 1001 1002 1003 1004 1005 1006
 1007 1008 1009 1010 1011 1012 1013 1014 1015 1016 1017 1018 1019 1020
 1021 1022 1023 1024 1025 1026 1027 1029 1031 1032 1034 1036 1037 1039
 1041 1042 1045 1046 1047 1050 1051 1052 1054 1055 1056 1057 1058 1060
 1061 1062 1063 1065 1066 1067 1068 1069 1070 1071 1072 1076 1077 1081]
ids [ 137  142  143  144  145  146  147  148  149  150  151  152  154  155
  157  158  159  160  161  162  163  164  165  166  167  169  170  171
  172  174  175  176  177  179  180  181  182  184  187  188  189  190
  191  192  193  194  195  196  197  198  199  200  202  203  204  205
  206  207  208  209  210  211  212  214  215  217  218  219  221  222
  224  225  226  227  229  232  233  235  236  237  240  241  242  243
  245  246  247  250  251  252  253  254  255  256  257  260  261  262
  266  267  269  271  306  348  381  393  396  410  443  445  448  450
  455  490  493  495  500  535  538  540  784  789  794  798  804  808
  809  918  933 1073 1078]
ids [  7  38  40  43  45  82  84  87  92  94 129 134 274 368 379 384 398 399
 404 668 673 681 693 753 771 783 801 812 816 817 818 819 820 821 822 823
 824 825 826 827 829 830 831 832 833 834 835 836 837 838 839 840 841 842
 843 844 845 847 848 849 851 852 853 854 855 856 857 858 859 861 862 863
 864 865 866 867 868 869 870 871 872 873 874 875 876 877 878 879 880 881
 882 883 884 885 886 887 888 889 890 892 894 896 897 899 901 902 904 906
 907 908 910 911 912 915 916 917 920 921 922 923 925 926 927 929 930 931
 932 934 935 937 939 940 941 942 944 946 948]
18:53:10-INFO: Step 9
18:53:10-DEBUG: Reaction systems: [[None]
 [0]]
18:53:10-DEBUG: rxn_pairs: [array([1, 2])]
18:53:10-DEBUG: Starting total colors: 5
18:53:10-DEBUG: Number of systems: 2
18:53:10-DEBUG: New total colors: 5
18:53:10-DEBUG: Potential energy for color 0: 5045.387496383246
ebond 9 2.4018703077678927
18:53:10-DEBUG: Potential energy for color 1: 5044.128462581104
xhy 9 13 1 2
xhy 9 13 1 2
xhy 9 13 1 2
xhy 9 13 1 2
xhy 9 13 1 2
h_pos [ 7.59923903  9.33612861 10.59339671] x_pos [ 8.18238753 10.59285893 10.41561541] y_pos [ 6.46782114  8.69132913 10.46618135]
9 rHY 1.308455797994196 rHX 1.3967961376995612 0.08834033970536526
h_pos [ 7.59923903  9.33612861 10.59339671] x_pos [ 8.18238753 10.59285893 10.41561541] y_pos [ 6.46782114  8.69132913 10.46618135]
9 rHY 1.308455797994196 rHX 1.3967961376995612 0.08834033970536526
h_pos [ 7.59923903  9.33612861 10.59339671] x_pos [ 8.18238753 10.59285893 10.41561541] y_pos [ 6.46782114  8.69132913 10.46618135]
9 rHY 1.308455797994196 rHX 1.3967961376995612 0.08834033970536526
h_pos [ 7.59923903  9.33612861 10.59339671] x_pos [ 8.18238753 10.59285893 10.41561541] y_pos [ 6.46782114  8.69132913 10.46618135]
h_pos [ 7.59923903  9.33612861 10.59339671] x_pos [ 8.18238753 10.59285893 10.41561541] y_pos [ 6.46782114  8.69132913 10.46618135]
9 rHY 1.308455797994196 rHX 1.3967961376995612 0.08834033970536526
9 rHY 1.308455797994196 rHX 1.3967961376995612 0.08834033970536526
9 cpl_forces h [-12.15607409 -13.20208928   0.28491826]
9 cpl_forces h [-12.15607409 -13.20208928   0.28491826]
9 cpl_forces h [-12.15607409 -13.20208928   0.28491826]
9 cpl_forces x [ 3.95811182  8.53003855 -1.20668797]
9 cpl_forces h [-12.15607409 -13.20208928   0.28491826]
9 cpl_forces h [-12.15607409 -13.20208928   0.28491826]
9 cpl_forces x [ 3.95811182  8.53003855 -1.20668797]
9 cpl_forces x [ 3.95811182  8.53003855 -1.20668797]
9 cpl_forces y [8.19796227 4.67205072 0.92176971]
9 cpl_forces x [ 3.95811182  8.53003855 -1.20668797]
9 cpl_forces x [ 3.95811182  8.53003855 -1.20668797]
9 cpl_forces y [8.19796227 4.67205072 0.92176971]
9 cpl_forces y [8.19796227 4.67205072 0.92176971]
9 cpl_forces y [8.19796227 4.67205072 0.92176971]
9 cpl_forces y [8.19796227 4.67205072 0.92176971]
18:53:10-DEBUG: System matrix: 
18:53:10-DEBUG: [[5.04538750e+03 3.35376697e+00]
 [3.35376697e+00 5.04412846e+03]]
18:53:10-DEBUG: Eigen values: 
18:53:10-DEBUG: [5048.17031658 5041.34564239]
18:53:10-DEBUG: Occupancies: 
18:53:10-DEBUG: [0. 1.]
18:53:10-INFO: coupling 9 3.3537669737153157
18:53:10-DEBUG: Amplitudes: 
18:53:10-DEBUG: [0.40775869 0.59224131]
18:53:10-INFO: forces0 h [ 9.91697001 18.18110085 -2.18365279]
18:53:10-INFO: forces0 x [ -1.0422147  -17.1616448    2.26927335]
18:53:10-INFO: forces0 y [ -1.12043413 -11.31569653  -0.2950396 ]
18:53:10-INFO: forces1 h [-13.27148777  -8.22248491  -1.31903912]
18:53:10-INFO: forces1 x [10.59241981  0.7045723  -0.36145203]
18:53:10-INFO: forces1 y [13.42637612  0.46866719  1.38971037]
pos h  [ 7.59923903  9.33612861 10.59339671]
pos x  [ 8.18238753 10.59285893 10.41561541]
pos y  [ 6.46782114  8.69132913 10.46618135]
 mixed_cpl_forces: h [11.94742451 12.97548565 -0.28002786]
 mixed_cpl_forces: x [-3.8901739  -8.38362706  1.1859761 ]
 mixed_cpl_forces: y [-8.05725061 -4.5918586  -0.90594825]
18:53:10-INFO: mixed forces h [ 8.13123186 15.51929223 -1.95162071]
18:53:10-INFO: mixed forces x [  1.95812261 -14.96416      1.89722521]
18:53:10-INFO: mixed forces y [-0.56246275 -8.92836809 -0.20320932]
reaction would have occurred
18:53:10-DEBUG: Minimum eigen value: 
18:53:10-DEBUG: 5041.345642388229
18:53:10-DEBUG: Minimum state: 
18:53:10-DEBUG: 0
         9     5041.3456423882     5058.4169033524      122.2861316995     5045.3874963832       17.0712609642      0.49996256
ids [  1   2   3   4   9  10  11  12  13  14  15  16  17  18  19  20  21  23
  24  25  26  27  28  29  30  31  32  33  34  35  36  37  39  41  42  44
  46  47  49  50  51  52  53  54  55  56  57  58  59  60  61  62  63  64
  65  67  68  69  70  71  72  73  74  75  76  78  79  81  83  85  86  88
  89  90  91  93  96  97  98  99 100 101 103 104 105 106 109 111 113 114
 115 116 119 120 121 124 126 128 130 131 132 135 136 544 638 643 644 649
 654 659 664 669 674 815 850 860 893 895 898 900 905 938 945 951 966 993]
ids [  7  38  40  43  45  82  84  87  92  94 129 134 274 368 379 384 398 399
 404 668 673 681 693 753 771 783 801 812 816 817 818 819 820 821 822 823
 824 825 826 827 829 830 831 832 833 834 835 836 837 838 839 840 841 842
 843 844 845 847 848 849 851 852 853 854 855 856 857 858 859 861 862 863
 864 865 866 867 868 869 870 871 872 873 874 875 876 877 878 879 880 881
 882 883 884 885 886 887 888 889 890 892 894 896 897 899 901 902 904 906
 907 908 910 911 912 915 916 917 920 921 922 923 925 926 927 929 930 931
 932 934 935 937 939 940 941 942 944 946 948]
ids [ 122  140  173  178  185  220  223  230  265  268  270  318  407  408
  409  412  413  414  415  416  417  418  419  420  421  422  423  424
  425  426  427  428  429  430  431  432  433  434  435  436  437  439
  440  441  442  444  446  447  449  451  452  454  456  457  458  459
  460  461  462  463  464  465  466  467  468  469  470  471  472  473
  474  475  476  477  478  479  480  481  482  483  484  485  486  487
  488  489  491  492  494  496  497  499  502  505  506  507  508  509
  510  511  512  513  514  515  516  517  520  521  522  523  524  525
  526  527  528  530  531  532  536  537  539  541  558  561  588  591
  803  949 1043 1044 1048 1049 1053 1059 1064 1074 1079]
ids [  6 102 107 108 112 117 118 123 133 183 228 275 310 313 315 320 353 355
 358 360 363 365 400 403 411 438 501 542 546 547 548 549 550 551 552 553
 554 555 556 557 559 560 562 563 564 565 566 567 568 569 570 571 572 573
 574 575 576 577 579 581 582 584 586 587 589 592 593 594 595 596 597 598
 599 600 601 602 603 604 605 606 607 608 609 610 611 612 613 614 615 616
 617 618 619 620 621 622 624 626 627 629 631 632 634 635 636 637 639 640
 641 642 645 646 647 648 650 651 652 653 655 656 657 658 660 661 662 665
 666 667 671 672 676 813]
ids [   5   48  139  234  238  239  244  248  249  258  259  264  378  533
  677  679  682  683  684  685  686  687  688  689  690  691  692  694
  695  696  697  698  699  700  701  702  703  704  705  706  707  708
  709  710  711  712  713  714  716  717  719  721  722  724  726  727
  728  729  730  731  732  733  734  735  736  737  738  739  740  741
  742  743  744  745  746  747  748  749  750  751  752  754  755  756
  757  759  761  762  763  764  766  767  769  772  773  774  775  776
  777  778  779  780  781  782  785  786  787  788  790  791  792  793
  795  796  797  799  800  802  805  806  807  811  828  846  891  936
  950  983  988  990 1028 1030 1033 1035 1038 1040 1075 1080]
ids [127 141 153 156 168 186 201 213 216 231 272 276 277 278 279 280 281 282
 283 284 285 286 287 288 289 290 291 292 293 294 295 296 297 298 299 300
 301 302 303 304 305 307 308 309 311 312 314 316 317 319 321 322 323 324
 325 326 327 328 329 330 331 332 333 334 335 336 337 338 339 340 341 342
 343 344 345 346 347 349 350 351 352 354 356 357 359 361 362 364 366 367
 369 370 371 372 373 374 375 376 377 380 382 383 385 386 387 388 389 390
 391 392 394 395 397 401 402 405 406 453 498 545 578 580 583 585 590 623
 625 628 630 633 670 675 814 909 913 914 919 924 928 943]
ids [   8   22   66   77   80   95  110  125  138  263  273  503  504  518
  519  529  534  543  663  678  680  715  718  720  723  725  758  760
  765  768  770  810  903  947  952  953  954  955  956  957  958  959
  960  961  962  963  964  965  967  968  969  970  971  972  973  974
  975  976  977  978  979  980  981  982  984  985  986  987  989  991
  992  994  995  996  997  998  999 1000 1001 1002 1003 1004 1005 1006
 1007 1008 1009 1010 1011 1012 1013 1014 1015 1016 1017 1018 1019 1020
 1021 1022 1023 1024 1025 1026 1027 1029 1031 1032 1034 1036 1037 1039
 1041 1042 1045 1046 1047 1050 1051 1052 1054 1055 1056 1057 1058 1060
 1061 1062 1063 1065 1066 1067 1068 1069 1070 1071 1072 1076 1077 1081]
ids [ 137  142  143  144  145  146  147  148  149  150  151  152  154  155
  157  158  159  160  161  162  163  164  165  166  167  169  170  171
  172  174  175  176  177  179  180  181  182  184  187  188  189  190
  191  192  193  194  195  196  197  198  199  200  202  203  204  205
  206  207  208  209  210  211  212  214  215  217  218  219  221  222
  224  225  226  227  229  232  233  235  236  237  240  241  242  243
  245  246  247  250  251  252  253  254  255  256  257  260  261  262
  266  267  269  271  306  348  381  393  396  410  443  445  448  450
  455  490  493  495  500  535  538  540  784  789  794  798  804  808
  809  918  933 1073 1078]
18:53:10-INFO: Step 10
18:53:10-DEBUG: Reaction systems: [[None]
 [0]]
18:53:10-DEBUG: rxn_pairs: [array([1, 2])]
18:53:10-DEBUG: Starting total colors: 5
18:53:10-DEBUG: Number of systems: 2
18:53:10-DEBUG: New total colors: 5
18:53:10-DEBUG: Potential energy for color 0: 5041.508560576347
ebond 10 2.356358951629469
18:53:11-DEBUG: Potential energy for color 1: 5040.451041769399
xhy 10 13 1 2
xhy 10 13 1 2
xhy 10 13 1 2
xhy 10 13 1 2
xhy 10 13 1 2
h_pos [ 7.58736224  9.3536285  10.58575512] x_pos [ 8.1835696  10.59092762 10.41585724] y_pos [ 6.46954932  8.69010993 10.46636276]
10 rHY 1.3053800720959703 rHX 1.383921097827599 0.0785410257316288
h_pos [ 7.58736224  9.3536285  10.58575512] x_pos [ 8.1835696  10.59092762 10.41585724] y_pos [ 6.46954932  8.69010993 10.46636276]
h_pos [ 7.58736224  9.3536285  10.58575512] x_pos [ 8.1835696  10.59092762 10.41585724] y_pos [ 6.46954932  8.69010993 10.46636276]
10 rHY 1.3053800720959703 rHX 1.383921097827599 0.0785410257316288
h_pos [ 7.58736224  9.3536285  10.58575512] x_pos [ 8.1835696  10.59092762 10.41585724] y_pos [ 6.46954932  8.69010993 10.46636276]
h_pos [ 7.58736224  9.3536285  10.58575512] x_pos [ 8.1835696  10.59092762 10.41585724] y_pos [ 6.46954932  8.69010993 10.46636276]
10 rHY 1.3053800720959703 rHX 1.383921097827599 0.0785410257316288
10 rHY 1.3053800720959703 rHX 1.383921097827599 0.0785410257316288
10 rHY 1.3053800720959703 rHX 1.383921097827599 0.0785410257316288
10 cpl_forces h [-11.13685806 -12.13385446   0.2708571 ]
10 cpl_forces h [-11.13685806 -12.13385446   0.2708571 ]
10 cpl_forces h [-11.13685806 -12.13385446   0.2708571 ]
10 cpl_forces x [ 3.72759589  7.73581704 -1.06223215]
10 cpl_forces h [-11.13685806 -12.13385446   0.2708571 ]
10 cpl_forces h [-11.13685806 -12.13385446   0.2708571 ]
10 cpl_forces x [ 3.72759589  7.73581704 -1.06223215]
10 cpl_forces x [ 3.72759589  7.73581704 -1.06223215]
10 cpl_forces x [ 3.72759589  7.73581704 -1.06223215]
10 cpl_forces x [ 3.72759589  7.73581704 -1.06223215]
10 cpl_forces y [7.40926217 4.39803742 0.79137504]
10 cpl_forces y [7.40926217 4.39803742 0.79137504]
10 cpl_forces y [7.40926217 4.39803742 0.79137504]
10 cpl_forces y [7.40926217 4.39803742 0.79137504]
10 cpl_forces y [7.40926217 4.39803742 0.79137504]
18:53:11-DEBUG: System matrix: 
18:53:11-DEBUG: [[5.04150856e+03 3.44267694e+00]
 [3.44267694e+00 5.04045104e+03]]
18:53:11-DEBUG: Eigen values: 
18:53:11-DEBUG: [5044.4628474  5037.49675494]
18:53:11-DEBUG: Occupancies: 
18:53:11-DEBUG: [0. 1.]
18:53:11-INFO: coupling 10 3.4426769441589764
18:53:11-DEBUG: Amplitudes: 
18:53:11-DEBUG: [0.42409526 0.57590474]
18:53:11-INFO: forces0 h [ 9.95633795 17.61688015 -2.03229763]
18:53:11-INFO: forces0 x [ -1.10590362 -16.52777555   2.11258592]
18:53:11-INFO: forces0 y [ -1.16587172 -11.30252162  -0.28587972]
18:53:11-INFO: forces1 h [-13.09373648  -8.48923087  -1.20926507]
18:53:11-INFO: forces1 x [10.56167819  0.80762866 -0.37038487]
18:53:11-INFO: forces1 y [13.17818473  0.68526326  1.29266428]
pos h  [ 7.58736224  9.3536285  10.58575512]
pos x  [ 8.1835696  10.59092762 10.41585724]
pos y  [ 6.46954932  8.69010993 10.46636276]
 mixed_cpl_forces: h [11.00777937 11.99322036 -0.26771781]
 mixed_cpl_forces: x [-3.68439222 -7.64615718  1.04992064]
 mixed_cpl_forces: y [-7.32338716 -4.34706318 -0.78220283]
18:53:11-INFO: mixed forces h [ 7.68947031 14.57546756 -1.82602709]
18:53:11-INFO: mixed forces x [  1.92911977 -14.19039136   1.73255192]
18:53:11-INFO: mixed forces y [-0.22844885 -8.74576272 -0.15899158]
reaction would have occurred
18:53:11-DEBUG: Minimum eigen value: 
18:53:11-DEBUG: 5037.496754941683
18:53:11-DEBUG: Minimum state: 
18:53:11-DEBUG: 0
        10     5037.4967549417     5058.4147598680      149.8414153867     5041.5085605763       20.9180049263      0.49502143
ids [  1   2   3   4   9  10  11  12  13  14  15  16  17  18  19  20  21  23
  24  25  26  27  28  29  30  31  32  33  34  35  36  37  39  41  42  44
  46  47  49  50  51  52  53  54  55  56  57  58  59  60  61  62  63  64
  65  67  68  69  70  71  72  73  74  75  76  78  79  81  83  85  86  88
  89  90  91  93  96  97  98  99 100 101 103 104 105 106 109 111 113 114
 115 116 119 120 121 124 126 128 130 131 132 135 136 544 638 643 644 649
 654 659 664 669 674 815 850 860 893 895 898 900 905 938 945 951 966 993]
ids [ 137  142  143  144  145  146  147  148  149  150  151  152  154  155
  157  158  159  160  161  162  163  164  165  166  167  169  170  171
  172  174  175  176  177  179  180  181  182  184  187  188  189  190
  191  192  193  194  195  196  197  198  199  200  202  203  204  205
  206  207  208  209  210  211  212  214  215  217  218  219  221  222
  224  225  226  227  229  232  233  235  236  237  240  241  242  243
  245  246  247  250  251  252  253  254  255  256  257  260  261  262
  266  267  269  271  306  348  381  393  396  410  443  445  448  450
  455  490  493  495  500  535  538  540  784  789  794  798  804  808
  809  918  933 1073 1078]
ids [  7  38  40  43  45  82  84  87  92  94 129 134 274 368 379 384 398 399
 404 668 673 681 693 753 771 783 801 812 816 817 818 819 820 821 822 823
 824 825 826 827 829 830 831 832 833 834 835 836 837 838 839 840 841 842
 843 844 845 847 848 849 851 852 853 854 855 856 857 858 859 861 862 863
 864 865 866 867 868 869 870 871 872 873 874 875 876 877 878 879 880 881
 882 883 884 885 886 887 888 889 890 892 894 896 897 899 901 902 904 906
 907 908 910 911 912 915 916 917 920 921 922 923 925 926 927 929 930 931
 932 934 935 937 939 940 941 942 944 946 948]
ids [ 122  140  173  178  185  220  223  230  265  268  270  318  407  408
  409  412  413  414  415  416  417  418  419  420  421  422  423  424
  425  426  427  428  429  430  431  432  433  434  435  436  437  439
  440  441  442  444  446  447  449  451  452  454  456  457  458  459
  460  461  462  463  464  465  466  467  468  469  470  471  472  473
  474  475  476  477  478  479  480  481  482  483  484  485  486  487
  488  489  491  492  494  496  497  499  502  505  506  507  508  509
  510  511  512  513  514  515  516  517  520  521  522  523  524  525
  526  527  528  530  531  532  536  537  539  541  558  561  588  591
  803  949 1043 1044 1048 1049 1053 1059 1064 1074 1079]
ids [  6 102 107 108 112 117 118 123 133 183 228 275 310 313 315 320 353 355
 358 360 363 365 400 403 411 438 501 542 546 547 548 549 550 551 552 553
 554 555 556 557 559 560 562 563 564 565 566 567 568 569 570 571 572 573
 574 575 576 577 579 581 582 584 586 587 589 592 593 594 595 596 597 598
 599 600 601 602 603 604 605 606 607 608 609 610 611 612 613 614 615 616
 617 618 619 620 621 622 624 626 627 629 631 632 634 635 636 637 639 640
 641 642 645 646 647 648 650 651 652 653 655 656 657 658 660 661 662 665
 666 667 671 672 676 813]
ids [   5   48  139  234  238  239  244  248  249  258  259  264  378  533
  677  679  682  683  684  685  686  687  688  689  690  691  692  694
  695  696  697  698  699  700  701  702  703  704  705  706  707  708
  709  710  711  712  713  714  716  717  719  721  722  724  726  727
  728  729  730  731  732  733  734  735  736  737  738  739  740  741
  742  743  744  745  746  747  748  749  750  751  752  754  755  756
  757  759  761  762  763  764  766  767  769  772  773  774  775  776
  777  778  779  780  781  782  785  786  787  788  790  791  792  793
  795  796  797  799  800  802  805  806  807  811  828  846  891  936
  950  983  988  990 1028 1030 1033 1035 1038 1040 1075 1080]
ids [127 141 153 156 168 186 201 213 216 231 272 276 277 278 279 280 281 282
 283 284 285 286 287 288 289 290 291 292 293 294 295 296 297 298 299 300
 301 302 303 304 305 307 308 309 311 312 314 316 317 319 321 322 323 324
 325 326 327 328 329 330 331 332 333 334 335 336 337 338 339 340 341 342
 343 344 345 346 347 349 350 351 352 354 356 357 359 361 362 364 366 367
 369 370 371 372 373 374 375 376 377 380 382 383 385 386 387 388 389 390
 391 392 394 395 397 401 402 405 406 453 498 545 578 580 583 585 590 623
 625 628 630 633 670 675 814 909 913 914 919 924 928 943]
ids [   8   22   66   77   80   95  110  125  138  263  273  503  504  518
  519  529  534  543  663  678  680  715  718  720  723  725  758  760
  765  768  770  810  903  947  952  953  954  955  956  957  958  959
  960  961  962  963  964  965  967  968  969  970  971  972  973  974
  975  976  977  978  979  980  981  982  984  985  986  987  989  991
  992  994  995  996  997  998  999 1000 1001 1002 1003 1004 1005 1006
 1007 1008 1009 1010 1011 1012 1013 1014 1015 1016 1017 1018 1019 1020
 1021 1022 1023 1024 1025 1026 1027 1029 1031 1032 1034 1036 1037 1039
 1041 1042 1045 1046 1047 1050 1051 1052 1054 1055 1056 1057 1058 1060
 1061 1062 1063 1065 1066 1067 1068 1069 1070 1071 1072 1076 1077 1081]
18:53:11-INFO: Step 11
18:53:11-DEBUG: Reaction systems: [[None]
 [0]]
18:53:11-DEBUG: rxn_pairs: [array([1, 2])]
18:53:11-DEBUG: Starting total colors: 5
18:53:11-DEBUG: Number of systems: 2
18:53:11-DEBUG: New total colors: 5
18:53:11-DEBUG: Potential energy for color 0: 5037.213071815166
ebond 11 2.4002136672593846
18:53:11-DEBUG: Potential energy for color 1: 5036.576448175232
xhy 11 13 1 2
xhy 11 13 1 2
xhy 11 13 1 2
xhy 11 13 1 2
xhy 11 13 1 2
h_pos [ 7.57851566  9.3767705  10.57742068] x_pos [ 8.1847978  10.58865224 10.41614097] y_pos [ 6.47126742  8.68867768 10.46653992]
h_pos [ 7.57851566  9.3767705  10.57742068] x_pos [ 8.1847978  10.58865224 10.41614097] y_pos [ 6.47126742  8.68867768 10.46653992]
h_pos [ 7.57851566  9.3767705  10.57742068] x_pos [ 8.1847978  10.58865224 10.41614097] y_pos [ 6.47126742  8.68867768 10.46653992]
11 rHY 1.3083443534080728 rHX 1.364641533753222 0.0562971803451493
11 rHY 1.3083443534080728 rHX 1.364641533753222 0.0562971803451493
h_pos [ 7.57851566  9.3767705  10.57742068] x_pos [ 8.1847978  10.58865224 10.41614097] y_pos [ 6.47126742  8.68867768 10.46653992]
11 rHY 1.3083443534080728 rHX 1.364641533753222 0.0562971803451493
11 rHY 1.3083443534080728 rHX 1.364641533753222 0.0562971803451493
h_pos [ 7.57851566  9.3767705  10.57742068] x_pos [ 8.1847978  10.58865224 10.41614097] y_pos [ 6.47126742  8.68867768 10.46653992]
11 rHY 1.3083443534080728 rHX 1.364641533753222 0.0562971803451493
11 cpl_forces h [-8.39765668 -9.20066296  0.21756324]
11 cpl_forces h [-8.39765668 -9.20066296  0.21756324]
11 cpl_forces h [-8.39765668 -9.20066296  0.21756324]
11 cpl_forces h [-8.39765668 -9.20066296  0.21756324]
11 cpl_forces x [ 2.89088284  5.7785112  -0.76901616]
11 cpl_forces x [ 2.89088284  5.7785112  -0.76901616]
11 cpl_forces x [ 2.89088284  5.7785112  -0.76901616]
11 cpl_forces h [-8.39765668 -9.20066296  0.21756324]
11 cpl_forces y [5.50677384 3.42215176 0.55145292]
11 cpl_forces x [ 2.89088284  5.7785112  -0.76901616]
11 cpl_forces y [5.50677384 3.42215176 0.55145292]
11 cpl_forces y [5.50677384 3.42215176 0.55145292]
11 cpl_forces x [ 2.89088284  5.7785112  -0.76901616]
11 cpl_forces y [5.50677384 3.42215176 0.55145292]
11 cpl_forces y [5.50677384 3.42215176 0.55145292]
18:53:11-DEBUG: System matrix: 
18:53:11-DEBUG: [[5.03721307e+03 3.61191634e+00]
 [3.61191634e+00 5.03657645e+03]]
18:53:11-DEBUG: Eigen values: 
18:53:11-DEBUG: [5040.52067534 5033.26884465]
18:53:11-DEBUG: Occupancies: 
18:53:11-DEBUG: [0. 1.]
18:53:11-INFO: coupling 11 3.61191633974012
18:53:11-DEBUG: Amplitudes: 
18:53:11-DEBUG: [0.456106 0.543894]
18:53:11-INFO: forces0 h [ 9.7261861  16.72470956 -1.86545867]
18:53:11-INFO: forces0 x [ -1.02943594 -15.63401349   1.92543644]
18:53:11-INFO: forces0 y [ -1.08720497 -11.21032042  -0.2614536 ]
18:53:11-INFO: forces1 h [-13.17660242  -9.01337614  -1.10057289]
18:53:11-INFO: forces1 x [10.57193966  0.99387358 -0.38922374]
18:53:11-INFO: forces1 y [13.14289918  1.08269545  1.20699656]
pos h  [ 7.57851566  9.3767705  10.57742068]
pos x  [ 8.1847978  10.58865224 10.41614097]
pos y  [ 6.47126742  8.68867768 10.46653992]
 mixed_cpl_forces: h [ 8.36523485  9.16514087 -0.21672327]
 mixed_cpl_forces: x [-2.87972166 -5.75620142  0.76604713]
 mixed_cpl_forces: y [-5.48551319 -3.40893945 -0.54932386]
18:53:11-INFO: mixed forces h [ 5.63473181 11.89106018 -1.66616516]
18:53:11-INFO: mixed forces x [  2.40076092 -12.34640698   1.4325538 ]
18:53:11-INFO: mixed forces y [ 1.16695004 -7.93316236 -0.01209624]
reaction would have occurred
18:53:11-DEBUG: Minimum eigen value: 
18:53:11-DEBUG: 5033.268844654211
18:53:11-DEBUG: Minimum state: 
18:53:11-DEBUG: 0
        11     5033.2688446542     5058.4235332672      180.1899444361     5037.2130718152       25.1546886130      0.50244070
ids [127 141 153 156 168 186 201 213 216 231 272 276 277 278 279 280 281 282
 283 284 285 286 287 288 289 290 291 292 293 294 295 296 297 298 299 300
 301 302 303 304 305 307 308 309 311 312 314 316 317 319 321 322 323 324
 325 326 327 328 329 330 331 332 333 334 335 336 337 338 339 340 341 342
 343 344 345 346 347 349 350 351 352 354 356 357 359 361 362 364 366 367
 369 370 371 372 373 374 375 376 377 380 382 383 385 386 387 388 389 390
 391 392 394 395 397 401 402 405 406 453 498 545 578 580 583 585 590 623
 625 628 630 633 670 675 814 909 913 914 919 924 928 943]
ids [  1   2   3   4   9  10  11  12  13  14  15  16  17  18  19  20  21  23
  24  25  26  27  28  29  30  31  32  33  34  35  36  37  39  41  42  44
  46  47  49  50  51  52  53  54  55  56  57  58  59  60  61  62  63  64
  65  67  68  69  70  71  72  73  74  75  76  78  79  81  83  85  86  88
  89  90  91  93  96  97  98  99 100 101 103 104 105 106 109 111 113 114
 115 116 119 120 121 124 126 128 130 131 132 135 136 544 638 643 644 649
 654 659 664 669 674 815 850 860 893 895 898 900 905 938 945 951 966 993]
ids [   8   22   66   77   80   95  110  125  138  263  273  503  504  518
  519  529  534  543  663  678  680  715  718  720  723  725  758  760
  765  768  770  810  903  947  952  953  954  955  956  957  958  959
  960  961  962  963  964  965  967  968  969  970  971  972  973  974
  975  976  977  978  979  980  981  982  984  985  986  987  989  991
  992  994  995  996  997  998  999 1000 1001 1002 1003 1004 1005 1006
 1007 1008 1009 1010 1011 1012 1013 1014 1015 1016 1017 1018 1019 1020
 1021 1022 1023 1024 1025 1026 1027 1029 1031 1032 1034 1036 1037 1039
 1041 1042 1045 1046 1047 1050 1051 1052 1054 1055 1056 1057 1058 1060
 1061 1062 1063 1065 1066 1067 1068 1069 1070 1071 1072 1076 1077 1081]
ids [ 137  142  143  144  145  146  147  148  149  150  151  152  154  155
  157  158  159  160  161  162  163  164  165  166  167  169  170  171
  172  174  175  176  177  179  180  181  182  184  187  188  189  190
  191  192  193  194  195  196  197  198  199  200  202  203  204  205
  206  207  208  209  210  211  212  214  215  217  218  219  221  222
  224  225  226  227  229  232  233  235  236  237  240  241  242  243
  245  246  247  250  251  252  253  254  255  256  257  260  261  262
  266  267  269  271  306  348  381  393  396  410  443  445  448  450
  455  490  493  495  500  535  538  540  784  789  794  798  804  808
  809  918  933 1073 1078]
ids [  7  38  40  43  45  82  84  87  92  94 129 134 274 368 379 384 398 399
 404 668 673 681 693 753 771 783 801 812 816 817 818 819 820 821 822 823
 824 825 826 827 829 830 831 832 833 834 835 836 837 838 839 840 841 842
 843 844 845 847 848 849 851 852 853 854 855 856 857 858 859 861 862 863
 864 865 866 867 868 869 870 871 872 873 874 875 876 877 878 879 880 881
 882 883 884 885 886 887 888 889 890 892 894 896 897 899 901 902 904 906
 907 908 910 911 912 915 916 917 920 921 922 923 925 926 927 929 930 931
 932 934 935 937 939 940 941 942 944 946 948]
ids [ 122  140  173  178  185  220  223  230  265  268  270  318  407  408
  409  412  413  414  415  416  417  418  419  420  421  422  423  424
  425  426  427  428  429  430  431  432  433  434  435  436  437  439
  440  441  442  444  446  447  449  451  452  454  456  457  458  459
  460  461  462  463  464  465  466  467  468  469  470  471  472  473
  474  475  476  477  478  479  480  481  482  483  484  485  486  487
  488  489  491  492  494  496  497  499  502  505  506  507  508  509
  510  511  512  513  514  515  516  517  520  521  522  523  524  525
  526  527  528  530  531  532  536  537  539  541  558  561  588  591
  803  949 1043 1044 1048 1049 1053 1059 1064 1074 1079]
ids [  6 102 107 108 112 117 118 123 133 183 228 275 310 313 315 320 353 355
 358 360 363 365 400 403 411 438 501 542 546 547 548 549 550 551 552 553
 554 555 556 557 559 560 562 563 564 565 566 567 568 569 570 571 572 573
 574 575 576 577 579 581 582 584 586 587 589 592 593 594 595 596 597 598
 599 600 601 602 603 604 605 606 607 608 609 610 611 612 613 614 615 616
 617 618 619 620 621 622 624 626 627 629 631 632 634 635 636 637 639 640
 641 642 645 646 647 648 650 651 652 653 655 656 657 658 660 661 662 665
 666 667 671 672 676 813]
ids [   5   48  139  234  238  239  244  248  249  258  259  264  378  533
  677  679  682  683  684  685  686  687  688  689  690  691  692  694
  695  696  697  698  699  700  701  702  703  704  705  706  707  708
  709  710  711  712  713  714  716  717  719  721  722  724  726  727
  728  729  730  731  732  733  734  735  736  737  738  739  740  741
  742  743  744  745  746  747  748  749  750  751  752  754  755  756
  757  759  761  762  763  764  766  767  769  772  773  774  775  776
  777  778  779  780  781  782  785  786  787  788  790  791  792  793
  795  796  797  799  800  802  805  806  807  811  828  846  891  936
  950  983  988  990 1028 1030 1033 1035 1038 1040 1075 1080]
18:53:11-INFO: Step 12
18:53:11-DEBUG: Reaction systems: [[None]
 [0]]
18:53:11-DEBUG: rxn_pairs: [array([1, 2])]
18:53:11-DEBUG: Starting total colors: 5
18:53:11-DEBUG: Number of systems: 2
18:53:11-DEBUG: New total colors: 5
18:53:11-DEBUG: Potential energy for color 0: 5032.560527053001
ebond 12 2.5260215901840715
18:53:11-DEBUG: Potential energy for color 1: 5032.52512445043
xhy 12 13 1 2
xhy 12 13 1 2
xhy 12 13 1 2
xhy 12 13 1 2
xhy 12 13 1 2
h_pos [ 7.57217084  9.40479874 10.56845091] x_pos [ 8.18607916 10.58606751 10.41646062] y_pos [ 6.47299779  8.68704533 10.46671531]
12 rHY 1.3167009877803448 rHX 1.3399180466127565 0.023217058832411652
h_pos [ 7.57217084  9.40479874 10.56845091] x_pos [ 8.18607916 10.58606751 10.41646062] y_pos [ 6.47299779  8.68704533 10.46671531]
12 rHY 1.3167009877803448 rHX 1.3399180466127565 0.023217058832411652
h_pos [ 7.57217084  9.40479874 10.56845091] x_pos [ 8.18607916 10.58606751 10.41646062] y_pos [ 6.47299779  8.68704533 10.46671531]
h_pos [ 7.57217084  9.40479874 10.56845091] x_pos [ 8.18607916 10.58606751 10.41646062] y_pos [ 6.47299779  8.68704533 10.46671531]
12 rHY 1.3167009877803448 rHX 1.3399180466127565 0.023217058832411652
h_pos [ 7.57217084  9.40479874 10.56845091] x_pos [ 8.18607916 10.58606751 10.41646062] y_pos [ 6.47299779  8.68704533 10.46671531]
12 rHY 1.3167009877803448 rHX 1.3399180466127565 0.023217058832411652
12 rHY 1.3167009877803448 rHX 1.3399180466127565 0.023217058832411652
12 cpl_forces h [-3.61874538 -3.99308799  0.1012243 ]
12 cpl_forces h [-3.61874538 -3.99308799  0.1012243 ]
12 cpl_forces h [-3.61874538 -3.99308799  0.1012243 ]
12 cpl_forces h [-3.61874538 -3.99308799  0.1012243 ]
12 cpl_forces x [ 1.28232355  2.46741857 -0.3174753 ]
12 cpl_forces x [ 1.28232355  2.46741857 -0.3174753 ]
12 cpl_forces h [-3.61874538 -3.99308799  0.1012243 ]
12 cpl_forces x [ 1.28232355  2.46741857 -0.3174753 ]
12 cpl_forces x [ 1.28232355  2.46741857 -0.3174753 ]
12 cpl_forces x [ 1.28232355  2.46741857 -0.3174753 ]
12 cpl_forces y [2.33642183 1.52566942 0.216251  ]
12 cpl_forces y [2.33642183 1.52566942 0.216251  ]
12 cpl_forces y [2.33642183 1.52566942 0.216251  ]
12 cpl_forces y [2.33642183 1.52566942 0.216251  ]
12 cpl_forces y [2.33642183 1.52566942 0.216251  ]
18:53:11-DEBUG: System matrix: 
18:53:11-DEBUG: [[5.03256053e+03 3.76716950e+00]
 [3.76716950e+00 5.03252512e+03]]
18:53:11-DEBUG: Eigen values: 
18:53:11-DEBUG: [5036.31003684 5028.77561466]
18:53:11-DEBUG: Occupancies: 
18:53:11-DEBUG: [0. 1.]
18:53:11-INFO: coupling 12 3.767169503463516
18:53:11-DEBUG: Amplitudes: 
18:53:11-DEBUG: [0.49765061 0.50234939]
18:53:11-INFO: forces0 h [ 9.26604698 15.55278054 -1.68521357]
18:53:11-INFO: forces0 x [ -0.82536026 -14.52302302   1.71537156]
18:53:11-INFO: forces0 y [ -0.91148294 -11.04516823  -0.22724542]
18:53:11-INFO: forces1 h [-13.51097247  -9.81821012  -0.98446302]
18:53:11-INFO: forces1 x [10.64554783  1.29625556 -0.42095113]
18:53:11-INFO: forces1 y [13.28886037  1.65106908  1.12715506]
pos h  [ 7.57217084  9.40479874 10.56845091]
pos x  [ 8.18607916 10.58606751 10.41646062]
pos y  [ 6.47299779  8.68704533 10.46671531]
 mixed_cpl_forces: h [ 3.61870543  3.99304391 -0.10122318]
 mixed_cpl_forces: x [-1.2823094  -2.46739133  0.31747179]
 mixed_cpl_forces: y [-2.33639604 -1.52565258 -0.21624861]
18:53:11-INFO: mixed forces h [ 1.44273057  6.80072275 -1.43441514]
18:53:11-INFO: mixed forces x [ 3.65473403 -9.04360939  0.95966295]
18:53:11-INFO: mixed forces y [ 3.88565484 -6.19287373  0.23688822]
reaction would have occurred
18:53:11-DEBUG: Minimum eigen value: 
18:53:11-DEBUG: 5028.77561466075
18:53:11-DEBUG: Minimum state: 
18:53:11-DEBUG: 0
        12     5028.7756146607     5058.4626340076      212.6562744975     5032.5605270530       29.6870193468      0.49554943
ids [   5   48  139  234  238  239  244  248  249  258  259  264  378  533
  677  679  682  683  684  685  686  687  688  689  690  691  692  694
  695  696  697  698  699  700  701  702  703  704  705  706  707  708
  709  710  711  712  713  714  716  717  719  721  722  724  726  727
  728  729  730  731  732  733  734  735  736  737  738  739  740  741
  742  743  744  745  746  747  748  749  750  751  752  754  755  756
  757  759  761  762  763  764  766  767  769  772  773  774  775  776
  777  778  779  780  781  782  785  786  787  788  790  791  792  793
  795  796  797  799  800  802  805  806  807  811  828  846  891  936
  950  983  988  990 1028 1030 1033 1035 1038 1040 1075 1080]
ids [   8   22   66   77   80   95  110  125  138  263  273  503  504  518
  519  529  534  543  663  678  680  715  718  720  723  725  758  760
  765  768  770  810  903  947  952  953  954  955  956  957  958  959
  960  961  962  963  964  965  967  968  969  970  971  972  973  974
  975  976  977  978  979  980  981  982  984  985  986  987  989  991
  992  994  995  996  997  998  999 1000 1001 1002 1003 1004 1005 1006
 1007 1008 1009 1010 1011 1012 1013 1014 1015 1016 1017 1018 1019 1020
 1021 1022 1023 1024 1025 1026 1027 1029 1031 1032 1034 1036 1037 1039
 1041 1042 1045 1046 1047 1050 1051 1052 1054 1055 1056 1057 1058 1060
 1061 1062 1063 1065 1066 1067 1068 1069 1070 1071 1072 1076 1077 1081]
ids [ 137  142  143  144  145  146  147  148  149  150  151  152  154  155
  157  158  159  160  161  162  163  164  165  166  167  169  170  171
  172  174  175  176  177  179  180  181  182  184  187  188  189  190
  191  192  193  194  195  196  197  198  199  200  202  203  204  205
  206  207  208  209  210  211  212  214  215  217  218  219  221  222
  224  225  226  227  229  232  233  235  236  237  240  241  242  243
  245  246  247  250  251  252  253  254  255  256  257  260  261  262
  266  267  269  271  306  348  381  393  396  410  443  445  448  450
  455  490  493  495  500  535  538  540  784  789  794  798  804  808
  809  918  933 1073 1078]
ids [  7  38  40  43  45  82  84  87  92  94 129 134 274 368 379 384 398 399
 404 668 673 681 693 753 771 783 801 812 816 817 818 819 820 821 822 823
 824 825 826 827 829 830 831 832 833 834 835 836 837 838 839 840 841 842
 843 844 845 847 848 849 851 852 853 854 855 856 857 858 859 861 862 863
 864 865 866 867 868 869 870 871 872 873 874 875 876 877 878 879 880 881
 882 883 884 885 886 887 888 889 890 892 894 896 897 899 901 902 904 906
 907 908 910 911 912 915 916 917 920 921 922 923 925 926 927 929 930 931
 932 934 935 937 939 940 941 942 944 946 948]
ids [ 122  140  173  178  185  220  223  230  265  268  270  318  407  408
  409  412  413  414  415  416  417  418  419  420  421  422  423  424
  425  426  427  428  429  430  431  432  433  434  435  436  437  439
  440  441  442  444  446  447  449  451  452  454  456  457  458  459
  460  461  462  463  464  465  466  467  468  469  470  471  472  473
  474  475  476  477  478  479  480  481  482  483  484  485  486  487
  488  489  491  492  494  496  497  499  502  505  506  507  508  509
  510  511  512  513  514  515  516  517  520  521  522  523  524  525
  526  527  528  530  531  532  536  537  539  541  558  561  588  591
  803  949 1043 1044 1048 1049 1053 1059 1064 1074 1079]
ids [  6 102 107 108 112 117 118 123 133 183 228 275 310 313 315 320 353 355
 358 360 363 365 400 403 411 438 501 542 546 547 548 549 550 551 552 553
 554 555 556 557 559 560 562 563 564 565 566 567 568 569 570 571 572 573
 574 575 576 577 579 581 582 584 586 587 589 592 593 594 595 596 597 598
 599 600 601 602 603 604 605 606 607 608 609 610 611 612 613 614 615 616
 617 618 619 620 621 622 624 626 627 629 631 632 634 635 636 637 639 640
 641 642 645 646 647 648 650 651 652 653 655 656 657 658 660 661 662 665
 666 667 671 672 676 813]
ids [127 141 153 156 168 186 201 213 216 231 272 276 277 278 279 280 281 282
 283 284 285 286 287 288 289 290 291 292 293 294 295 296 297 298 299 300
 301 302 303 304 305 307 308 309 311 312 314 316 317 319 321 322 323 324
 325 326 327 328 329 330 331 332 333 334 335 336 337 338 339 340 341 342
 343 344 345 346 347 349 350 351 352 354 356 357 359 361 362 364 366 367
 369 370 371 372 373 374 375 376 377 380 382 383 385 386 387 388 389 390
 391 392 394 395 397 401 402 405 406 453 498 545 578 580 583 585 590 623
 625 628 630 633 670 675 814 909 913 914 919 924 928 943]
ids [  1   2   3   4   9  10  11  12  13  14  15  16  17  18  19  20  21  23
  24  25  26  27  28  29  30  31  32  33  34  35  36  37  39  41  42  44
  46  47  49  50  51  52  53  54  55  56  57  58  59  60  61  62  63  64
  65  67  68  69  70  71  72  73  74  75  76  78  79  81  83  85  86  88
  89  90  91  93  96  97  98  99 100 101 103 104 105 106 109 111 113 114
 115 116 119 120 121 124 126 128 130 131 132 135 136 544 638 643 644 649
 654 659 664 669 674 815 850 860 893 895 898 900 905 938 945 951 966 993]
18:53:11-INFO: Step 13
18:53:11-DEBUG: Reaction systems: [[None]
 [0]]
18:53:11-DEBUG: rxn_pairs: [array([1, 2])]
18:53:11-DEBUG: Starting total colors: 5
18:53:11-DEBUG: Number of systems: 2
18:53:11-DEBUG: New total colors: 5
18:53:11-DEBUG: Potential energy for color 0: 5027.631735639123
ebond 13 2.71251375704746
18:53:11-DEBUG: Potential energy for color 1: 5028.305229279764
xhy 13 13 1 2
xhy 13 13 1 2
xhy 13 13 1 2
xhy 13 13 1 2
xhy 13 13 1 2
h_pos [ 7.56709033  9.43617432 10.55892317] x_pos [ 8.18743603 10.58323814 10.4168066 ] y_pos [ 6.47479123  8.68524457 10.46689382]
13 rHY 1.3287145017418573 rHX 1.3117855440384276 0.016928957703429726
h_pos [ 7.56709033  9.43617432 10.55892317] x_pos [ 8.18743603 10.58323814 10.4168066 ] y_pos [ 6.47479123  8.68524457 10.46689382]
h_pos [ 7.56709033  9.43617432 10.55892317] x_pos [ 8.18743603 10.58323814 10.4168066 ] y_pos [ 6.47479123  8.68524457 10.46689382]
h_pos [ 7.56709033  9.43617432 10.55892317] x_pos [ 8.18743603 10.58323814 10.4168066 ] y_pos [ 6.47479123  8.68524457 10.46689382]
13 rHY 1.3287145017418573 rHX 1.3117855440384276 0.016928957703429726
h_pos [ 7.56709033  9.43617432 10.55892317] x_pos [ 8.18743603 10.58323814 10.4168066 ] y_pos [ 6.47479123  8.68524457 10.46689382]
13 rHY 1.3287145017418573 rHX 1.3117855440384276 0.016928957703429726
13 rHY 1.3287145017418573 rHX 1.3117855440384276 0.016928957703429726
13 rHY 1.3287145017418573 rHX 1.3117855440384276 0.016928957703429726
13 cpl_forces h [ 2.65344754  2.94975985 -0.08006878]
13 cpl_forces h [ 2.65344754  2.94975985 -0.08006878]
13 cpl_forces h [ 2.65344754  2.94975985 -0.08006878]
13 cpl_forces x [-0.96899256 -1.79173695  0.22198897]
13 cpl_forces h [ 2.65344754  2.94975985 -0.08006878]
13 cpl_forces h [ 2.65344754  2.94975985 -0.08006878]
13 cpl_forces x [-0.96899256 -1.79173695  0.22198897]
13 cpl_forces x [-0.96899256 -1.79173695  0.22198897]
13 cpl_forces x [-0.96899256 -1.79173695  0.22198897]
13 cpl_forces y [-1.68445499 -1.1580229  -0.14192019]
13 cpl_forces y [-1.68445499 -1.1580229  -0.14192019]
13 cpl_forces y [-1.68445499 -1.1580229  -0.14192019]
13 cpl_forces x [-0.96899256 -1.79173695  0.22198897]
13 cpl_forces y [-1.68445499 -1.1580229  -0.14192019]
13 cpl_forces y [-1.68445499 -1.1580229  -0.14192019]
18:53:11-DEBUG: System matrix: 
18:53:11-DEBUG: [[5.02763174e+03 3.78241616e+00]
 [3.78241616e+00 5.02830523e+03]]
18:53:11-DEBUG: Eigen values: 
18:53:11-DEBUG: [5024.17110568 5031.76585924]
18:53:11-DEBUG: Occupancies: 
18:53:11-DEBUG: [1. 0.]
18:53:11-INFO: coupling 13 3.7824161555572573
18:53:11-DEBUG: Amplitudes: 
18:53:11-DEBUG: [0.5443394 0.4556606]
18:53:11-INFO: forces0 h [ 8.6705864  14.21180871 -1.49556815]
18:53:11-INFO: forces0 x [ -0.53317461 -13.27924136   1.49408686]
18:53:11-INFO: forces0 y [ -0.69433559 -10.83454952  -0.19096391]
18:53:11-INFO: forces1 h [-14.05334258 -10.89863359  -0.85062044]
18:53:11-INFO: forces1 x [10.80948951  1.75038174 -0.46794862]
18:53:11-INFO: forces1 y [13.54464771  2.34911318  1.04514831]
pos h  [ 7.56709033  9.43617432 10.55892317]
pos x  [ 8.18743603 10.58323814 10.4168066 ]
pos y  [ 6.47479123  8.68524457 10.46689382]
 mixed_cpl_forces: h [-2.64299369 -2.9381386   0.07975333]
 mixed_cpl_forces: x [ 0.96517499  1.784678   -0.22111439]
 mixed_cpl_forces: y [1.6778187  1.1534606  0.14136106]
18:53:11-INFO: mixed forces h [-4.32680639 -0.16816908 -1.12193756]
18:53:11-INFO: mixed forces x [ 5.60040552 -4.64615629  0.3789502 ]
18:53:11-INFO: mixed forces y [ 7.47162677 -3.67381327  0.51364479]
18:53:11-DEBUG: Minimum eigen value: 
18:53:11-DEBUG: 5024.171105681348
18:53:11-DEBUG: Minimum state: 
18:53:11-DEBUG: 0
        13     5024.1711056813     5058.5373240016      246.1746621027     5027.6317356391       34.3662183202      0.50226312
ids [   5   48  139  234  238  239  244  248  249  258  259  264  378  533
  677  679  682  683  684  685  686  687  688  689  690  691  692  694
  695  696  697  698  699  700  701  702  703  704  705  706  707  708
  709  710 1080  712  713  714  716  717  719  721  722  724  726  727
  728  729  730  731  732  733  734  735  736  737  738  739  740  741
  742  743  744  745  746  747  748  749  750  751  752  754  755  756
  757  759  761  762  763  764  766  767  769  772  773  774  775  776
  777  778  779  780  781  782  785  786  787  788  790  791  792  793
  795  796  797  799  800  802  805  806  807  811  828  846  891  936
  950  983  988  990 1028 1030 1033 1035 1038 1040 1075]
ids [   8   22   66   77   80   95  110  125  138  263  273  503  504  518
  519  529  534  543  663  678  680  715  718  720  723  725  758  760
  765  768  770  810  903  947  952  953  954  955  956  957  958  959
  960  961  962  963  964  965  967  968  969  970  971  972  973  974
  975  976  977  978  979  980  981  982  984  985  986  987  989  991
  992  994  995  996  997  998  999 1000 1001 1002 1003 1004 1005 1006
 1007 1008 1009 1010 1011 1012 1013 1014 1015 1016 1017 1018 1019 1020
 1021 1022 1023 1024 1025 1026 1027 1029 1031 1032 1034 1036 1037 1039
 1041 1042 1045 1046 1047 1050 1051 1052 1054 1055 1056 1057 1058 1060
 1061 1062 1063 1065 1066 1067 1068 1069 1070 1071 1072 1076 1077 1081]
ids [ 137  142  143  144  145  146  147  148  149  150  151  152  154  155
  157  158  159  160  161  162  163  164  165  166  167  169  170  171
  172  174  175  176  177  179  180  181  182  184  187  188  189  190
  191  192  193  194  195  196  197  198  199  200  202  203  204  205
  206  207  208  209  210  211  212  214  215  217  218  219  221  222
  224  225  226  227  229  232  233  235  236  237  240  241  242  243
  245  246  247  250  251  252  253  254  255  256  257  260  261  262
  266  267  269  271  306  348  381  393  396  410  443  445  448  450
  455  490  493  495  500  535  538  540  784  789  794  798  804  808
  809  918  933 1073 1078]
ids [  7  38  40  43  45  82  84  87  92  94 129 134 274 368 379 384 398 399
 404 668 673 681 693 753 771 783 801 812 816 817 818 819 820 821 822 823
 824 825 826 827 829 830 831 832 833 834 835 836 837 838 839 840 841 842
 843 844 845 847 848 849 851 852 853 854 855 856 857 858 859 861 862 863
 864 865 866 867 868 869 870 871 872 873 874 875 876 877 878 879 880 881
 882 883 884 885 886 887 888 889 890 892 894 896 897 899 901 902 904 906
 907 908 910 911 912 915 916 917 920 921 922 923 925 926 927 929 930 931
 932 934 935 937 939 940 941 942 944 946 948 711]
ids [ 122  140  173  178  185  220  223  230  265  268  270  318  407  408
  409  412  413  414  415  416  417  418  419  420  421  422  423  424
  425  426  427  428  429  430  431  432  433  434  435  436  437  439
  440  441  442  444  446  447  449  451  452  454  456  457  458  459
  460  461  462  463  464  465  466  467  468  469  470  471  472  473
  474  475  476  477  478  479  480  481  482  483  484  485  486  487
  488  489  491  492  494  496  497  499  502  505  506  507  508  509
  510  511  512  513  514  515  516  517  520  521  522  523  524  525
  526  527  528  530  531  532  536  537  539  541  558  561  588  591
  803  949 1043 1044 1048 1049 1053 1059 1064 1074 1079]
ids [  6 102 107 108 112 117 118 123 133 183 228 275 310 313 315 320 353 355
 358 360 363 365 400 403 411 438 501 542 546 547 548 549 550 551 552 553
 554 555 556 557 559 560 562 563 564 565 566 567 568 569 570 571 572 573
 574 575 576 577 579 581 582 584 586 587 589 592 593 594 595 596 597 598
 599 600 601 602 603 604 605 606 607 608 609 610 611 612 613 614 615 616
 617 618 619 620 621 622 624 626 627 629 631 632 634 635 636 637 639 640
 641 642 645 646 647 648 650 651 652 653 655 656 657 658 660 661 662 665
 666 667 671 672 676 813]
ids [  1   2   3   4   9  10  11  12  13  14  15  16  17  18  19  20  21  23
  24  25  26  27  28  29  30  31  32  33  34  35  36  37  39  41  42  44
  46  47  49  50  51  52  53  54  55  56  57  58  59  60  61  62  63  64
  65  67  68  69  70  71  72  73  74  75  76  78  79  81  83  85  86  88
  89  90  91  93  96  97  98  99 100 101 103 104 105 106 109 111 113 114
 115 116 119 120 121 124 126 128 130 131 132 135 136 544 638 643 644 649
 654 659 664 669 674 815 850 860 893 895 898 900 905 938 945 951 966 993]
ids [127 141 153 156 168 186 201 213 216 231 272 276 277 278 279 280 281 282
 283 284 285 286 287 288 289 290 291 292 293 294 295 296 297 298 299 300
 301 302 303 304 305 307 308 309 311 312 314 316 317 319 321 322 323 324
 325 326 327 328 329 330 331 332 333 334 335 336 337 338 339 340 341 342
 343 344 345 346 347 349 350 351 352 354 356 357 359 361 362 364 366 367
 369 370 371 372 373 374 375 376 377 380 382 383 385 386 387 388 389 390
 391 392 394 395 397 401 402 405 406 453 498 545 578 580 583 585 590 623
 625 628 630 633 670 675 814 909 913 914 919 924 928 943]
18:53:11-INFO: Step 14
18:53:11-DEBUG: Reaction systems: [[None]
 [0]]
18:53:11-DEBUG: rxn_pairs: [array([1, 2])]
18:53:11-DEBUG: Starting total colors: 5
18:53:11-DEBUG: Number of systems: 2
18:53:11-DEBUG: New total colors: 5
18:53:11-DEBUG: Potential energy for color 0: 5022.516719614656
ebond 14 2.9187305711162455
18:53:11-DEBUG: Potential energy for color 1: 5023.903403539783
xhy 14 13 1 2
xhy 14 13 1 2
xhy 14 13 1 2
xhy 14 13 1 2
xhy 14 13 1 2
h_pos [ 7.56134501  9.46856091 10.54894326] x_pos [ 8.18890807 10.58025863 10.41716606] y_pos [ 6.4767243   8.68332731 10.46708183]
14 rHY 1.341527190967427 rHX 1.2833831989418796 0.05814399202554732
h_pos [ 7.56134501  9.46856091 10.54894326] x_pos [ 8.18890807 10.58025863 10.41716606] y_pos [ 6.4767243   8.68332731 10.46708183]
h_pos [ 7.56134501  9.46856091 10.54894326] x_pos [ 8.18890807 10.58025863 10.41716606] y_pos [ 6.4767243   8.68332731 10.46708183]
14 rHY 1.341527190967427 rHX 1.2833831989418796 0.05814399202554732
h_pos [ 7.56134501  9.46856091 10.54894326] x_pos [ 8.18890807 10.58025863 10.41716606] y_pos [ 6.4767243   8.68332731 10.46708183]
h_pos [ 7.56134501  9.46856091 10.54894326] x_pos [ 8.18890807 10.58025863 10.41716606] y_pos [ 6.4767243   8.68332731 10.46708183]
14 rHY 1.341527190967427 rHX 1.2833831989418796 0.05814399202554732
14 rHY 1.341527190967427 rHX 1.2833831989418796 0.05814399202554732
14 rHY 1.341527190967427 rHX 1.2833831989418796 0.05814399202554732
14 cpl_forces h [ 8.6901505   9.72202237 -0.27901477]
14 cpl_forces h [ 8.6901505   9.72202237 -0.27901477]
14 cpl_forces h [ 8.6901505   9.72202237 -0.27901477]
14 cpl_forces h [ 8.6901505   9.72202237 -0.27901477]
14 cpl_forces x [-3.27510259 -5.80168642  0.6877139 ]
14 cpl_forces h [ 8.6901505   9.72202237 -0.27901477]
14 cpl_forces x [-3.27510259 -5.80168642  0.6877139 ]
14 cpl_forces x [-3.27510259 -5.80168642  0.6877139 ]
14 cpl_forces y [-5.41504791 -3.92033595 -0.40869913]
14 cpl_forces x [-3.27510259 -5.80168642  0.6877139 ]
14 cpl_forces y [-5.41504791 -3.92033595 -0.40869913]
14 cpl_forces x [-3.27510259 -5.80168642  0.6877139 ]
14 cpl_forces y [-5.41504791 -3.92033595 -0.40869913]
14 cpl_forces y [-5.41504791 -3.92033595 -0.40869913]
14 cpl_forces y [-5.41504791 -3.92033595 -0.40869913]
18:53:11-DEBUG: System matrix: 
18:53:11-DEBUG: [[5.02251672e+03 3.59972284e+00]
 [3.59972284e+00 5.02390340e+03]]
18:53:11-DEBUG: Eigen values: 
18:53:11-DEBUG: [5019.54417457 5026.87594859]
18:53:11-DEBUG: Occupancies: 
18:53:11-DEBUG: [1. 0.]
18:53:11-INFO: coupling 14 3.5997228371931276
18:53:11-DEBUG: Amplitudes: 
18:53:11-DEBUG: [0.59456674 0.40543326]
18:53:11-INFO: forces0 h [ 8.06656578 12.86402554 -1.30572532]
18:53:11-INFO: forces0 x [ -0.22164421 -12.02902305   1.27704135]
18:53:11-INFO: forces0 y [ -0.49469719 -10.61627027  -0.15889548]
18:53:11-INFO: forces1 h [-14.71421887 -12.18609556  -0.69302822]
18:53:11-INFO: forces1 x [11.08096676  2.36567022 -0.52810305]
18:53:11-INFO: forces1 y [13.8017985   3.0979248   0.95275825]
pos h  [ 7.56134501  9.46856091 10.54894326]
pos x  [ 8.18890807 10.58025863 10.41716606]
pos y  [ 6.4767243   8.68332731 10.46708183]
 mixed_cpl_forces: h [-8.53330534 -9.54655336  0.27397894]
 mixed_cpl_forces: x [ 3.21599153  5.69697403 -0.67530162]
 mixed_cpl_forces: y [5.31731381 3.84957932 0.40132268]
18:53:11-INFO: mixed forces h [-9.70282736 -6.83868009 -0.7833386 ]
18:53:11-INFO: mixed forces x [ 7.57680174 -0.49596159 -0.13012585]
18:53:11-INFO: mixed forces y [10.61889148 -1.20650012  0.6931286 ]
18:53:11-DEBUG: Minimum eigen value: 
18:53:11-DEBUG: 5019.544174565641
18:53:11-DEBUG: Minimum state: 
18:53:11-DEBUG: 0
        14     5019.5441745656     5058.6143585761      279.8704605040     5022.5167196147       39.0701840104      0.51904647
ids [127 141 153 156 168 186 201 213 216 231 272 276 277 278 279 280 281 282
 283 284 285 286 287 288 289 290 291 292 293 294 295 296 297 298 299 300
 301 302 303 304 305 307 308 309 311 312 314 316 317 319 321 322 323 324
 325 326 327 328 329 330 331 332 333 334 335 336 337 338 339 340 341 342
 343 344 345 346 347 349 350 351 352 354 356 357 359 361 362 364 366 367
 369 370 371 372 373 374 375 376 377 380 382 383 385 386 387 388 389 390
 391 392 394 395 397 401 402 405 406 453 498 545 578 580 583 585 590 623
 625 628 630 633 670 675 814 909 913 914 919 924 928 943 381]
ids [  6 102 107 108 112 117 118 123 133 183 228 275 310 313 315 320 353 355
 358 360 363 365 400 403 411 438 501 542 546 547 548 549 550 551 552 553
 554 555 556 557 559 560 562 563 564 565 566 567 568 569 570 571 572 573
 574 575 576 577 579 581 582 584 586 587 589 592 593 594 595 596 597 598
 599 600 601 602 603 604 605 606 607 608 609 610 611 612 613 614 615 616
 617 618 619 620 621 622 624 626 627 629 631 632 634 635 636 637 639 640
 641 642 645 646 647 648 650 651 652 653 655 656 657 658 660 661 662 665
 666 667 671 672 676 813]
ids [   5   48  139  234  238  239  244  248  249  258  259  264  378  533
  677  679  682  683  684  685  686  687  688  689  690  691  692  694
  695  696  697  698  699  700  701  702  703  704  705  706  707  708
  709  710 1080  712  713  714  716  717  719  721  722  724  726  727
  728  729  730  731  732  733  734  735  736  737  738  739  740  741
  742  743  744  745  746  747  748  749  750  751  752  754  755  756
  757  759  761  762  763  764  766  767  769  772  773  774  775  776
  777  778  779  780  781  782  785  786  787  788  790  791  792  793
  795  796  797  799  800  802  805  806  807  811  828  846  891  936
  950  983  988  990 1028 1030 1033 1035 1038 1040 1075]
ids [   8   22   66   77   80   95  110  125  138  263  273  503  504  518
  519  529  534  543  663  678  680  715  718  720  723  725  758  760
  765  768  770  810  903  947  952  953  954  955  956  957  958  959
  960  961  962  963  964  965  967  968  969  970  971  972  973  974
  975  976  977  978  979  980  981  982  984  985  986  987  989  991
  992  994  995  996  997  998  999 1000 1001 1002 1003 1004 1005 1006
 1007 1008 1009 1010 1011 1012 1013 1014 1015 1016 1017 1018 1019 1020
 1021 1022 1023 1024 1025 1026 1027 1029 1031 1032 1034 1036 1037 1039
 1041 1042 1045 1046 1047 1050 1051 1052 1054 1055 1056 1057 1058 1060
 1061 1062 1063 1065 1066 1067 1068 1069 1070 1071 1072 1076 1077 1081]
ids [ 137  142  143  144  145  146  147  148  149  150  151  152  154  155
  157  158  159  160  161  162  163  164  165  166  167  169  170  171
  172  174  175  176  177  179  180  181  182  184  187  188  189  190
  191  192  193  194  195  196  197  198  199  200  202  203  204  205
  206  207  208  209  210  211  212  214  215  217  218  219  221  222
  224  225  226  227  229  232  233  235  236  237  240  241  242  243
  245  246  247  250  251  252  253  254  255  256  257  260  261  262
  266  267  269  271  306  348 1078  393  396  410  443  445  448  450
  455  490  493  495  500  535  538  540  784  789  794  798  804  808
  809  918  933 1073]
ids [  7  38  40  43  45  82  84  87  92  94 129 134 274 368 379 384 398 399
 404 668 673 681 693 753 771 783 801 812 816 817 818 819 820 821 822 823
 824 825 826 827 829 830 831 832 833 834 835 836 837 838 839 840 841 842
 843 844 845 847 848 849 851 852 853 854 855 856 857 858 859 861 862 863
 864 865 866 867 868 869 870 871 872 873 874 875 876 877 878 879 880 881
 882 883 884 885 886 887 888 889 890 892 894 896 897 899 901 902 904 906
 907 908 910 911 912 915 916 917 920 921 922 923 925 926 927 929 930 931
 932 934 935 937 939 940 941 942 944 946 948 711]
ids [ 122  140  173  178  185  220  223  230  265  268  270  318  407  408
  409  412  413  414  415  416  417  418  419  420  421  422  423  424
  425  426  427  428  429  430  431  432  433  434  435  436  437  439
  440  441  442  444  446  447  449  451  452  454  456  457  458  459
  460  461  462  463  464  465  466  467  468  469  470  471  472  473
  474  475  476  477  478  479  480  481  482  483  484  485  486  487
  488  489  491  492  494  496  497  499  502  505  506  507  508  509
  510  511  512  513  514  515  516  517  520  521  522  523  524  525
  526  527  528  530  531  532  536  537  539  541  558  561  588  591
  803  949 1043 1044 1048 1049 1053 1059 1064 1074 1079]
ids [  1   2   3   4   9  10  11  12  13  14  15  16  17  18  19  20  21  23
  24  25  26  27  28  29  30  31  32  33  34  35  36  37  39  41  42  44
  46  47  49  50  51  52  53  54  55  56  57  58  59  60  61  62  63  64
  65  67  68  69  70  71  72  73  74  75  76  78  79  81  83  85  86  88
  89  90  91  93  96  97  98  99 100 101 103 104 105 106 109 111 113 114
 115 116 119 120 121 124 126 128 130 131 132 135 136 544 638 643 644 649
 654 659 664 669 674 815 850 860 893 895 898 900 905 938 945 951 966 993]
18:53:11-INFO: Step 15
18:53:11-DEBUG: Reaction systems: [[None]
 [0]]
18:53:11-DEBUG: rxn_pairs: [array([1, 2])]
18:53:11-DEBUG: Starting total colors: 5
18:53:11-DEBUG: Number of systems: 2
18:53:11-DEBUG: New total colors: 5
18:53:11-DEBUG: Potential energy for color 0: 5017.293864670047
ebond 15 3.0905487238199827
18:53:11-DEBUG: Potential energy for color 1: 5019.286441200941
xhy 15 13 1 2
xhy 15 13 1 2
xhy 15 13 1 2
xhy 15 13 1 2
xhy 15 13 1 2
h_pos [ 7.55280379  9.49935127 10.53863559] x_pos [ 8.19054284 10.57723217 10.4175259 ] y_pos [ 6.47887801  8.68135381 10.46728478]
15 rHY 1.3518606997336622 rHX 1.2582550951553821 0.09360560457828004
h_pos [ 7.55280379  9.49935127 10.53863559] x_pos [ 8.19054284 10.57723217 10.4175259 ] y_pos [ 6.47887801  8.68135381 10.46728478]
h_pos [ 7.55280379  9.49935127 10.53863559] x_pos [ 8.19054284 10.57723217 10.4175259 ] y_pos [ 6.47887801  8.68135381 10.46728478]
15 rHY 1.3518606997336622 rHX 1.2582550951553821 0.09360560457828004
15 rHY 1.3518606997336622 rHX 1.2582550951553821 0.09360560457828004
h_pos [ 7.55280379  9.49935127 10.53863559] x_pos [ 8.19054284 10.57723217 10.4175259 ] y_pos [ 6.47887801  8.68135381 10.46728478]
h_pos [ 7.55280379  9.49935127 10.53863559] x_pos [ 8.19054284 10.57723217 10.4175259 ] y_pos [ 6.47887801  8.68135381 10.46728478]
15 rHY 1.3518606997336622 rHX 1.2582550951553821 0.09360560457828004
15 rHY 1.3518606997336622 rHX 1.2582550951553821 0.09360560457828004
15 cpl_forces h [12.87325938 14.46096429 -0.43007223]
15 cpl_forces h [12.87325938 14.46096429 -0.43007223]
15 cpl_forces h [12.87325938 14.46096429 -0.43007223]
15 cpl_forces h [12.87325938 14.46096429 -0.43007223]
15 cpl_forces x [-5.01420639 -8.47481002  0.9522217 ]
15 cpl_forces x [-5.01420639 -8.47481002  0.9522217 ]
15 cpl_forces h [12.87325938 14.46096429 -0.43007223]
15 cpl_forces x [-5.01420639 -8.47481002  0.9522217 ]
15 cpl_forces x [-5.01420639 -8.47481002  0.9522217 ]
15 cpl_forces x [-5.01420639 -8.47481002  0.9522217 ]
15 cpl_forces y [-7.85905299 -5.98615426 -0.52214947]
15 cpl_forces y [-7.85905299 -5.98615426 -0.52214947]
15 cpl_forces y [-7.85905299 -5.98615426 -0.52214947]
15 cpl_forces y [-7.85905299 -5.98615426 -0.52214947]
15 cpl_forces y [-7.85905299 -5.98615426 -0.52214947]
18:53:11-DEBUG: System matrix: 
18:53:11-DEBUG: [[5.01729386e+03 3.30275275e+00]
 [3.30275275e+00 5.01928644e+03]]
18:53:11-DEBUG: Eigen values: 
18:53:11-DEBUG: [5014.84040425 5021.73990162]
18:53:11-DEBUG: Occupancies: 
18:53:11-DEBUG: [1. 0.]
18:53:11-INFO: coupling 15 3.3027527467547495
18:53:11-DEBUG: Amplitudes: 
18:53:11-DEBUG: [0.64440012 0.35559988]
18:53:11-INFO: forces0 h [ 7.57475347 11.67873791 -1.12858547]
18:53:11-INFO: forces0 x [  0.02577978 -10.9118158    1.07973023]
18:53:11-INFO: forces0 y [ -0.35106112 -10.42241974  -0.13367985]
18:53:11-INFO: forces1 h [-15.35910185 -13.52061944  -0.51785049]
18:53:11-INFO: forces1 x [11.44012033  3.08094813 -0.59013045]
18:53:11-INFO: forces1 y [13.94352597  3.79760252  0.84475739]
pos h  [ 7.55280379  9.49935127 10.53863559]
pos x  [ 8.19054284 10.57723217 10.4175259 ]
pos y  [ 6.47887801  8.68135381 10.46728478]
 mixed_cpl_forces: h [-12.32472178 -13.84477358   0.41174658]
 mixed_cpl_forces: x [ 4.80054793  8.11369309 -0.91164694]
 mixed_cpl_forces: y [7.52417385 5.7310805  0.49990036]
18:53:11-INFO: mixed forces h [-12.90524446 -11.12692406  -0.4996616 ]
18:53:11-INFO: mixed forces x [ 8.88526582  2.17770243 -0.42571897]
18:53:11-INFO: mixed forces y [12.25626615  0.36529893  0.71415267]
18:53:11-DEBUG: Minimum eigen value: 
18:53:11-DEBUG: 5014.8404042469565
18:53:11-DEBUG: Minimum state: 
18:53:11-DEBUG: 0
        15     5014.8404042470     5058.6556205192      313.8604300383     5017.2938646700       43.8152162722      0.51874556
ids [  1   2   3   4   9  10  11  12  13  14  15  16  17  18  19  20  21  23
  24  25  26  27  28  29  30  31  32  33  34  35  36  37  39  41  42  44
  46  47  49  50  51  52  53  54  55  56  57  58  59  60  61  62  63  64
  65  67  68  69  70  71  72  73  74  75  76  78  79  81  83  85  86  88
  89  90  91  93  96  97  98  99 100 101 103 104 105 106 109 111 113 114
 115 116 119 120 121 124 126 128 130 131 132 135 136 544 638 643 644 649
 654 659 664 669 674 815 850 860 893 895 898 900 905 938 945 951 966 993]
ids [ 122  140  173  178  185  220  223  230  265  268  270  318  407  408
  409  412  413  414  415  416  417  418  419  420  421  422  423  424
  425  426  427  428  429  430  431  432  433  434  435  436  437  439
  440  441  442  444  446  447  449  451  452  454  456  457  458  459
  460  461  462  463  464  465  466  467  468  469  470  471  472  473
  474  475  476  477  478  479  480  481  482  483  484  485  486  487
  488  489  491  492  494  496  497  499  502  505  506  507  508  509
  510  511  512  513  514  515  516  517  520  521  522  523  524  525
  526  527  528  530  531  532  536  537  539  541  558  561  588  591
  803  949 1043 1044 1048 1049 1053 1059 1064 1074 1079 1054]
ids [127 141 153 156 168 186 201 213 216 231 272 276 277 278 279 280 281 282
 283 284 285 286 287 288 289 290 291 292 293 294 295 296 297 298 299 300
 301 302 303 304 305 307 308 309 311 312 314 316 317 319 321 322 323 324
 325 326 327 328 329 330 331 332 333 334 335 336 337 338 339 340 341 342
 343 344 345 346 347 349 350 351 352 354 356 357 359 361 362 364 366 367
 369 370 371 372 373 374 375 376 377 380 382 383 385 386 387 388 389 390
 391 392 394 395 397 401 402 381 406 453 498 545 578 580 583 585 590 623
 625 628 630 633 670 675 814 909 913 914 919 924 928 943]
ids [  6 102 107 108 112 117 118 123 133 183 228 275 310 313 315 320 353 355
 358 360 363 365 400 403 411 438 501 542 546 547 548 549 550 551 552 553
 554 555 556 557 559 560 562 563 564 565 566 567 568 569 570 571 572 573
 574 575 576 577 579 581 582 584 586 587 589 592 593 594 595 596 597 598
 599 600 601 602 603 604 605 606 607 608 609 610 611 612 613 614 615 616
 617 618 619 620 621 622 624 626 627 629 631 632 634 635 636 637 639 640
 641 642 645 646 647 648 650 651 652 653 655 656 657 658 660 661 662 665
 666 667 671 672 676 813 405]
ids [   5   48  139  234  238  239  244  248  249  258  259  264  378  533
  677  679  682  683  684  685  686  687  688  689  690  691  692  694
  695  696  697  698  699  700  701  702  703  704  705  706  707  708
  709  710 1080  712  713  714  716  717  719  721  722  724  726  727
  728  729  730  731  732  733  734  735  736  737  738  739  740  741
  742  743  744  745  746  747  748  749  750  751  752  754  755  756
  757  759  761  762  763  764  766  767  769  772  773  774  775  776
  777  778  779  780  781  782  785  786  787  788  790  791  792  793
  795  796  797  799  800  802  805  806  807  811  828  846  891  936
  950  983  988  990 1028 1030 1033 1035 1038 1040 1075]
ids [   8   22   66   77   80   95  110  125  138  263  273  503  504  518
  519  529  534  543  663  678  680  715  718  720  723  725  758  760
  765  768  770  810  903  947  952  953  954  955  956  957  958  959
  960  961  962  963  964  965  967  968  969  970  971  972  973  974
  975  976  977  978  979  980  981  982  984  985  986  987  989  991
  992  994  995  996  997  998  999 1000 1001 1002 1003 1004 1005 1006
 1007 1008 1009 1010 1011 1012 1013 1014 1015 1016 1017 1018 1019 1020
 1021 1022 1023 1024 1025 1026 1027 1029 1031 1032 1034 1036 1037 1039
 1041 1042 1045 1046 1047 1050 1051 1052 1081 1055 1056 1057 1058 1060
 1061 1062 1063 1065 1066 1067 1068 1069 1070 1071 1072 1076 1077]
ids [ 137  142  143  144  145  146  147  148  149  150  151  152  154  155
  157  158  159  160  161  162  163  164  165  166  167  169  170  171
  172  174  175  176  177  179  180  181  182  184  187  188  189  190
  191  192  193  194  195  196  197  198  199  200  202  203  204  205
  206  207  208  209  210  211  212  214  215  217  218  219  221  222
  224  225  226  227  229  232  233  235  236  237  240  241  242  243
  245  246  247  250  251  252  253  254  255  256  257  260  261  262
  266  267  269  271  306  348 1078  393  396  410  443  445  448  450
  455  490  493  495  500  535  538  540  784  789  794  798  804  808
  809  918  933 1073]
ids [  7  38  40  43  45  82  84  87  92  94 129 134 274 368 379 384 398 399
 404 668 673 681 693 753 771 783 801 812 816 817 818 819 820 821 822 823
 824 825 826 827 829 830 831 832 833 834 835 836 837 838 839 840 841 842
 843 844 845 847 848 849 851 852 853 854 855 856 857 858 859 861 862 863
 864 865 866 867 868 869 870 871 872 873 874 875 876 877 878 879 880 881
 882 883 884 885 886 887 888 889 890 892 894 896 897 899 901 902 904 906
 907 908 910 911 912 915 916 917 920 921 922 923 925 926 927 929 930 931
 932 934 935 937 939 940 941 942 944 946 948 711]
18:53:11-INFO: Step 16
18:53:11-DEBUG: Reaction systems: [[None]
 [0]]
18:53:11-DEBUG: rxn_pairs: [array([1, 2])]
18:53:11-DEBUG: Starting total colors: 5
18:53:11-DEBUG: Number of systems: 2
18:53:11-DEBUG: New total colors: 5
18:53:11-DEBUG: Potential energy for color 0: 5012.016059557642
ebond 16 3.179889290030515
18:53:11-DEBUG: Potential energy for color 1: 5014.418669298819
xhy 16 13 1 2
xhy 16 13 1 2
xhy 16 13 1 2
xhy 16 13 1 2
xhy 16 13 1 2
h_pos [ 7.5398491   9.52648266 10.52811663] x_pos [ 8.19237919 10.57423947 10.41787666] y_pos [ 6.48130942  8.67937251 10.46750501]
h_pos [ 7.5398491   9.52648266 10.52811663] x_pos [ 8.19237919 10.57423947 10.41787666] y_pos [ 6.48130942  8.67937251 10.46750501]
16 rHY 1.3571203437364574 rHX 1.2392508678821081 0.11786947585434926
h_pos [ 7.5398491   9.52648266 10.52811663] x_pos [ 8.19237919 10.57423947 10.41787666] y_pos [ 6.48130942  8.67937251 10.46750501]
h_pos [ 7.5398491   9.52648266 10.52811663] x_pos [ 8.19237919 10.57423947 10.41787666] y_pos [ 6.48130942  8.67937251 10.46750501]
16 rHY 1.3571203437364574 rHX 1.2392508678821081 0.11786947585434926
h_pos [ 7.5398491   9.52648266 10.52811663] x_pos [ 8.19237919 10.57423947 10.41787666] y_pos [ 6.48130942  8.67937251 10.46750501]
16 rHY 1.3571203437364574 rHX 1.2392508678821081 0.11786947585434926
16 cpl_forces h [14.99323595 16.86524963 -0.50830803]
16 rHY 1.3571203437364574 rHX 1.2392508678821081 0.11786947585434926
16 rHY 1.3571203437364574 rHX 1.2392508678821081 0.11786947585434926
16 cpl_forces h [14.99323595 16.86524963 -0.50830803]
16 cpl_forces h [14.99323595 16.86524963 -0.50830803]
16 cpl_forces h [14.99323595 16.86524963 -0.50830803]
16 cpl_forces x [-6.04245526 -9.70227094  1.02082669]
16 cpl_forces x [-6.04245526 -9.70227094  1.02082669]
16 cpl_forces h [14.99323595 16.86524963 -0.50830803]
16 cpl_forces x [-6.04245526 -9.70227094  1.02082669]
16 cpl_forces y [-8.95078069 -7.16297869 -0.51251866]
16 cpl_forces y [-8.95078069 -7.16297869 -0.51251866]
16 cpl_forces y [-8.95078069 -7.16297869 -0.51251866]
16 cpl_forces x [-6.04245526 -9.70227094  1.02082669]
16 cpl_forces x [-6.04245526 -9.70227094  1.02082669]
16 cpl_forces y [-8.95078069 -7.16297869 -0.51251866]
16 cpl_forces y [-8.95078069 -7.16297869 -0.51251866]
18:53:11-DEBUG: System matrix: 
18:53:11-DEBUG: [[5.01201606e+03 3.04243147e+00]
 [3.04243147e+00 5.01441867e+03]]
18:53:11-DEBUG: Eigen values: 
18:53:11-DEBUG: [5009.94635195 5016.4883769 ]
18:53:11-DEBUG: Occupancies: 
18:53:11-DEBUG: [1. 0.]
18:53:11-INFO: coupling 16 3.0424314668708647
18:53:11-DEBUG: Amplitudes: 
18:53:11-DEBUG: [0.6836289 0.3163711]
18:53:11-INFO: forces0 h [ 7.28136965 10.78137782 -0.9748969 ]
18:53:11-INFO: forces0 x [  0.13573394 -10.03596808   0.91235508]
18:53:11-INFO: forces0 y [ -0.27724687 -10.27188806  -0.11482469]
18:53:11-INFO: forces1 h [-15.82686563 -14.66660144  -0.34466969]
18:53:11-INFO: forces1 x [11.80963397  3.74726839 -0.63419515]
18:53:11-INFO: forces1 y [13.8843101   4.36059352  0.72078979]
pos h  [ 7.5398491   9.52648266 10.52811663]
pos x  [ 8.19237919 10.57423947 10.41787666]
pos y  [ 6.48130942  8.67937251 10.46750501]
 mixed_cpl_forces: h [-13.94549644 -15.68669228   0.47278705]
 mixed_cpl_forces: x [ 5.62020357  9.02426837 -0.94949049]
 mixed_cpl_forces: y [8.32529287 6.66242392 0.47670344]
18:53:11-INFO: mixed forces h [-13.97490452 -12.95631956  -0.30272418]
18:53:11-INFO: mixed forces x [ 9.44922206  3.34891792 -0.5264192 ]
18:53:11-INFO: mixed forces y [12.5283533   1.0198301   0.62624302]
18:53:11-DEBUG: Minimum eigen value: 
18:53:11-DEBUG: 5009.946351951534
18:53:11-DEBUG: Minimum state: 
18:53:11-DEBUG: 0
        16     5009.9463519515     5058.6649474587      348.9846824388     5012.0160595576       48.7185955072      0.51814107
ids [127 141 153 156 168 186 201 213 216 231 272 276 277 278 279 280 281 282
 283 284 285 286 287 288 289 290 291 292 293 294 295 296 297 298 299 300
 301 302 303 304 305 307 308 309 311 312 314 316 317 319 321 322 323 324
 325 326 327 328 329 330 331 332 333 334 335 336 337 338 339 340 341 342
 343 344 345 346 347 349 350 351 352 354 356 357 359 361 362 364 366 367
 369 370 371 372 373 374 375 376 377 380 382 383 385 386 387 388 389 390
 391 392 394 395 397 401 402 381 406 453 498 545 578 580 583 585 590 623
 625 628 630 633 670 675 814 909 913 914 919 924 928 943]
ids [  6 102 107 108 112 117 118 123 133 183 228 275 310 313 315 320 353 355
 358 360 363 365 400 403 411 438 501 542 546 547 548 549 550 551 552 553
 554 555 556 557 559 560 562 563 564 565 566 567 568 569 570 571 572 573
 574 575 576 577 579 581 582 584 586 587 589 592 593 594 595 596 597 598
 599 600 601 602 603 604 605 606 607 608 609 610 611 612 613 614 615 616
 617 618 619 620 621 622 624 626 627 629 631 632 634 635 636 637 639 640
 641 642 645 646 647 648 650 651 652 653 655 656 657 658 660 661 662 665
 666 667 671 672 676 813 405]
ids [   5   48  139  234  238  239  244  248  249  258  259  264  378  533
  677  679  682  683  684  685  686  687  688  689  690  691  692  694
  695  696  697  698  699  700  701  702  703  704  705  706  707  708
  709  710 1080  712  713  714  716  717  719  721  722  724  726  727
  728  729  730  731  732  733  734  735  736  737  738  739  740  741
  742  743  744  745  746  747  748  749  750  751  752  754  755  756
  757  759  761  762  763  764  766  767  769  772  773  774  775  776
  777  778  779  780  781  782  785  786  787  788  790  791  792  793
  795  796  797  799  800  802  805  806  807  811  828  846  891  936
  950  983  988  990 1028 1030 1033 1035 1038 1040 1075]
ids [   8   22   66   77   80   95  110  125  138  263  273  503  504  518
  519  529  534  543  663  678  680  715  718  720  723  725  758  760
  765  768  770  810  903  947  952  953  954  955  956  957  958  959
  960  961  962  963  964  965  967  968  969  970  971  972  973  974
  975  976  977  978  979  980  981  982  984  985  986  987  989  991
  992  994  995  996  997  998  999 1000 1001 1002 1003 1004 1005 1006
 1007 1008 1009 1010 1011 1012 1013 1014 1015 1016 1017 1018 1019 1020
 1021 1022 1023 1024 1025 1026 1027 1029 1031 1032 1034 1036 1037 1039
 1041 1042 1045 1046 1047 1050 1051 1052 1081 1055 1056 1057 1058 1060
 1061 1062 1063 1065 1066 1067 1068 1069 1070 1071 1072 1076 1077]
ids [ 137  142  143  144  145  146  147  148  149  150  151  152  154  155
  157  158  159  160  161  162  163  164  165  166  167  169  170  171
  172  174  175  176  177  179  180  181  182  184  187  188  189  190
  191  192  193  194  195  196  197  198  199  200  202  203  204  205
  206  207  208  209  210  211  212  214  215  217  218  219  221  222
  224  225  226  227  229  232  233  235  236  237  240  241  242  243
  245  246  247  250  251  252  253  254  255  256  257  260  261  262
  266  267  269  271  306  348 1078  393  396  410  443  445  448  450
  455  490  493  495  500  535  538  540  784  789  794  798  804  808
  809  918  933 1073]
ids [  1   2   3   4   9  10  11  12  13  14  15  16  17  18  19  20  21  23
  24  25  26  27  28  29  30  31  32  33  34  35  36  37  39  41  42  44
  46  47  49  50  51  52  53  54  55  56  57  58  59  60  61  62  63  64
  65  67  68  69  70  71  72  73  74  75  76  78  79  81  83  85  86  88
  89  90  91  93  96  97  98  99 100 101 103 104 105 106 109 111 113 114
 115 116 119 120 121 124 126 128 130 131 132 135 136 544 638 643 644 649
 654 659 664 669 674 815 850 860 893 895 898 900 905 938 945 951 966 993]
ids [  7  38  40  43  45  82  84  87  92  94 129 134 274 368 379 384 398 399
 404 668 673 681 693 753 771 783 801 812 816 817 818 819 820 821 822 823
 824 825 826 827 829 830 831 832 833 834 835 836 837 838 839 840 841 842
 843 844 845 847 848 849 851 852 853 854 855 856 857 858 859 861 862 863
 864 865 866 867 868 869 870 871 872 873 874 875 876 877 878 879 880 881
 882 883 884 885 886 887 888 889 890 892 894 896 897 899 901 902 904 906
 907 908 910 911 912 915 916 917 920 921 922 923 925 926 927 929 930 931
 932 934 935 937 939 940 941 942 944 946 948 711]
ids [ 122  140  173  178  185  220  223  230  265  268  270  318  407  408
  409  412  413  414  415  416  417  418  419  420  421  422  423  424
  425  426  427  428  429  430  431  432  433  434  435  436  437  439
  440  441  442  444  446  447  449  451  452  454  456  457  458  459
  460  461  462  463  464  465  466  467  468  469  470  471  472  473
  474  475  476  477  478  479  480  481  482  483  484  485  486  487
  488  489  491  492  494  496  497  499  502  505  506  507  508  509
  510  511  512  513  514  515  516  517  520  521  522  523  524  525
  526  527  528  530  531  532  536  537  539  541  558  561  588  591
  803  949 1043 1044 1048 1049 1053 1059 1064 1074 1079 1054]
18:53:11-INFO: Step 17
18:53:11-DEBUG: Reaction systems: [[None]
 [0]]
18:53:11-DEBUG: rxn_pairs: [array([1, 2])]
18:53:11-DEBUG: Starting total colors: 5
18:53:11-DEBUG: Number of systems: 2
18:53:11-DEBUG: New total colors: 5
18:53:11-DEBUG: Potential energy for color 0: 5006.715095177452
ebond 17 3.1599501913268107
18:53:11-DEBUG: Potential energy for color 1: 5009.2821634573775
xhy 17 13 1 2
xhy 17 13 1 2
xhy 17 13 1 2
xhy 17 13 1 2
xhy 17 13 1 2
h_pos [ 7.52170264  9.54884124 10.51747374] x_pos [ 8.19443804 10.57132401 10.4182139 ] y_pos [ 6.48404071  8.67740973 10.46774164]
17 rHY 1.3559529630686569 rHX 1.2279643539792573 0.12798860908939957
h_pos [ 7.52170264  9.54884124 10.51747374] x_pos [ 8.19443804 10.57132401 10.4182139 ] y_pos [ 6.48404071  8.67740973 10.46774164]
17 rHY 1.3559529630686569 rHX 1.2279643539792573 0.12798860908939957
h_pos [ 7.52170264  9.54884124 10.51747374] x_pos [ 8.19443804 10.57132401 10.4182139 ] y_pos [ 6.48404071  8.67740973 10.46774164]
17 rHY 1.3559529630686569 rHX 1.2279643539792573 0.12798860908939957
h_pos [ 7.52170264  9.54884124 10.51747374] x_pos [ 8.19443804 10.57132401 10.4182139 ] y_pos [ 6.48404071  8.67740973 10.46774164]
17 rHY 1.3559529630686569 rHX 1.2279643539792573 0.12798860908939957
h_pos [ 7.52170264  9.54884124 10.51747374] x_pos [ 8.19443804 10.57132401 10.4182139 ] y_pos [ 6.48404071  8.67740973 10.46774164]
17 rHY 1.3559529630686569 rHX 1.2279643539792573 0.12798860908939957
17 cpl_forces h [15.72373481 17.66629495 -0.52874224]
17 cpl_forces h [15.72373481 17.66629495 -0.52874224]
17 cpl_forces h [15.72373481 17.66629495 -0.52874224]
17 cpl_forces h [15.72373481 17.66629495 -0.52874224]
17 cpl_forces h [15.72373481 17.66629495 -0.52874224]
17 cpl_forces x [-6.56014035 -9.9706815   0.9679265 ]
17 cpl_forces x [-6.56014035 -9.9706815   0.9679265 ]
17 cpl_forces x [-6.56014035 -9.9706815   0.9679265 ]
17 cpl_forces y [-9.16359446 -7.69561345 -0.43918426]
17 cpl_forces x [-6.56014035 -9.9706815   0.9679265 ]
17 cpl_forces x [-6.56014035 -9.9706815   0.9679265 ]
17 cpl_forces y [-9.16359446 -7.69561345 -0.43918426]
17 cpl_forces y [-9.16359446 -7.69561345 -0.43918426]
17 cpl_forces y [-9.16359446 -7.69561345 -0.43918426]
17 cpl_forces y [-9.16359446 -7.69561345 -0.43918426]
18:53:11-DEBUG: System matrix: 
18:53:11-DEBUG: [[5.00671510e+03 2.92370337e+00]
 [2.92370337e+00 5.00928216e+03]]
18:53:11-DEBUG: Eigen values: 
18:53:11-DEBUG: [5004.80558982 5011.19166882]
18:53:11-DEBUG: Occupancies: 
18:53:11-DEBUG: [1. 0.]
18:53:11-INFO: coupling 17 2.92370336640101
18:53:11-DEBUG: Amplitudes: 
18:53:11-DEBUG: [0.70098939 0.29901061]
18:53:11-INFO: forces0 h [ 7.23678816 10.23645328 -0.84896822]
18:53:11-INFO: forces0 x [ 0.05862211 -9.45657844  0.77732909]
18:53:11-INFO: forces0 y [ -0.27451333 -10.17510158  -0.10048912]
18:53:11-INFO: forces1 h [-15.96067153 -15.38378926  -0.19626646]
18:53:11-INFO: forces1 x [12.06929458  4.17818505 -0.64124433]
18:53:11-INFO: forces1 y [13.58670604  4.73258305  0.58450321]
pos h  [ 7.52170264  9.54884124 10.51747374]
pos x  [ 8.19443804 10.57132401 10.4182139 ]
pos y  [ 6.48404071  8.67740973 10.46774164]
 mixed_cpl_forces: h [-14.39742176 -16.17612497   0.48414229]
 mixed_cpl_forces: x [ 6.00678583  9.12964436 -0.88628091]
 mixed_cpl_forces: y [8.39063593 7.04648061 0.40213862]
18:53:11-INFO: mixed forces h [-14.09692011 -13.60039598  -0.16966117]
18:53:11-INFO: mixed forces x [ 9.65672641  3.75000483 -0.53312032]
18:53:11-INFO: mixed forces y [12.26077423  1.32893487  0.50646947]
18:53:11-DEBUG: Minimum eigen value: 
18:53:11-DEBUG: 5004.80558981513
18:53:11-DEBUG: Minimum state: 
18:53:11-DEBUG: 0
        17     5004.8055898151     5058.6645645263      385.8066307204     5006.7150951775       53.8589747112      0.51039826
ids [  1   2   3   4   9  10  11  12  13  14  15  16  17  18  19  20  21  23
  24  25  26  27  28  29  30  31  32  33  34  35  36  37  39  41  42  44
  46  47  49  50  51  52  53  54  55  56  57  58  59  60  61  62  63  64
  65  67  68  69  70  71  72  73  74  75  76  78  79  81  83  85  86  88
  89  90  91  93  96  97  98  99 100 101 103 104 105 106 109 111 113 114
 115 116 119 120 121 124 126 128 130 131 132 135 136 544 638 643 644 649
 654 659 664 669 674 815 850 860 893 895 898 900 905 938 945 951 966 993]
ids [ 122  140  173  178  185  220  223  230  265  268  270  318  407  408
  409  412  413  414  415  416  417  418  419  420  421  422  423  424
  425  426  427  428  429  430  431  432  433  434  435  436  437  439
  440  441  442  444  446  447  449  451  452  454  456  457  458  459
  460  461  462  463  464  465  466  467  468  469  470  471  472  473
  474  475  476  477  478  479  480  481  482  483  484  485  486  487
  488  489  491  492  494  496  497  499  502  505  506  507  508  509
  510  511  512  513  514  515  516  517  520  521  522  523  524  525
  526  527  528  530  531  532  536  537  539  541  558  561  588  591
  803  949 1043 1044 1048 1049 1053 1059 1064 1074 1079 1054]
ids [  7  38  40  43  45  82  84  87  92  94 129 134 274 368 379 384 398 399
 404 668 673 681 693 753 771 783 801 812 816 817 818 819 820 821 822 823
 824 825 826 827 829 830 831 832 833 834 835 836 837 838 839 840 841 842
 843 844 845 847 848 849 851 852 853 854 855 856 857 858 859 861 862 863
 864 865 866 867 868 869 870 871 872 873 874 875 876 877 878 879 880 881
 882 883 884 885 886 887 888 889 890 892 894 896 897 899 901 902 904 906
 907 908 910 911 912 915 916 917 920 921 922 923 925 926 927 929 930 931
 932 934 935 937 939 940 941 942 944 946 948 711]
ids [ 137  142  143  144  145  146  147  148  149  150  151  152  154  155
  157  158  159  160  161  162  163  164  165  166  167  169  170  171
  172  174  175  176  177  179  180  181  182  184  187  188  189  190
  191  192  193  194  195  196  197  198  199  200  202  203  204  205
  206  207  208  209  210  211  212  214  215  217  218  219  221  222
  224  225  226  227  229  232  233  235  236  237  240  241  242  243
  245  246  247  250  251  252  253  254  255  256  257  260  261  262
  266  267  269  271  306  348 1078  393  396  410  443  445  448  450
  455  490  493  495  500  535  538  540  784  789  794  798  804  808
  809  918  933 1073]
ids [127 141 153 156 168 186 201 213 216 231 272 276 277 278 279 280 281 282
 283 284 285 286 287 288 289 290 291 292 293 294 295 296 297 298 299 300
 301 302 303 304 305 307 308 309 311 312 314 316 317 319 321 322 323 324
 325 326 327 328 329 330 331 332 333 334 335 336 337 338 339 340 341 342
 343 344 345 346 347 349 350 351 352 354 356 357 359 361 362 364 366 367
 369 370 371 372 373 374 375 376 377 380 382 383 385 386 387 388 389 390
 391 392 394 395 397 401 402 381 406 453 498 545 578 580 583 585 590 623
 625 628 630 633 670 675 814 909 913 914 919 924 928 943]
ids [  6 102 107 108 112 117 118 123 133 183 228 275 310 313 315 320 353 355
 358 360 363 365 400 403 411 438 501 542 546 547 548 549 550 551 552 553
 554 555 556 557 559 560 562 563 564 565 566 567 568 569 570 571 572 573
 574 575 576 577 579 581 582 584 586 587 589 592 593 594 595 596 597 598
 599 600 601 602 603 604 605 606 607 608 609 610 611 612 613 614 615 616
 617 618 619 620 621 622 624 626 627 629 631 632 634 635 636 637 639 640
 641 642 645 646 647 648 650 651 652 653 655 656 657 658 660 661 662 665
 666 667 671 672 676 813 405]
ids [   5   48  139  234  238  239  244  248  249  258  259  264  378  533
  677  679  682  683  684  685  686  687  688  689  690  691  692  694
  695  696  697  698  699  700  701  702  703  704  705  706  707  708
  709  710 1080  712  713  714  716  717  719  721  722  724  726  727
  728  729  730  731  732  733  734  735  736  737  738  739  740  741
  742  743  744  745  746  747  748  749  750  751  752  754  755  756
  757  759  761  762  763  764  766  767  769  772  773  774  775  776
  777  778  779  780  781  782  785  786  787  788  790  791  792  793
  795  796  797  799  800  802  805  806  807  811  828  846  891  936
  950  983  988  990 1028 1030 1033 1035 1038 1040 1075]
ids [   8   22   66   77   80   95  110  125  138  263  273  503  504  518
  519  529  534  543  663  678  680  715  718  720  723  725  758  760
  765  768  770  810  903  947  952  953  954  955  956  957  958  959
  960  961  962  963  964  965  967  968  969  970  971  972  973  974
  975  976  977  978  979  980  981  982  984  985  986  987  989  991
  992  994  995  996  997  998  999 1000 1001 1002 1003 1004 1005 1006
 1007 1008 1009 1010 1011 1012 1013 1014 1015 1016 1017 1018 1019 1020
 1021 1022 1023 1024 1025 1026 1027 1029 1031 1032 1034 1036 1037 1039
 1041 1042 1045 1046 1047 1050 1051 1052 1081 1055 1056 1057 1058 1060
 1061 1062 1063 1065 1066 1067 1068 1069 1070 1071 1072 1076 1077]
18:53:11-INFO: Step 18
18:53:11-DEBUG: Reaction systems: [[None]
 [0]]
18:53:11-DEBUG: rxn_pairs: [array([1, 2])]
18:53:11-DEBUG: Starting total colors: 5
18:53:11-DEBUG: Number of systems: 2
18:53:11-DEBUG: New total colors: 5
18:53:11-DEBUG: Potential energy for color 0: 5001.4166849276935
ebond 18 3.024667649944695
18:53:11-DEBUG: Potential energy for color 1: 5003.884612264953
xhy 18 13 1 2
xhy 18 13 1 2
xhy 18 13 1 2
xhy 18 13 1 2
xhy 18 13 1 2
h_pos [ 7.49818425  9.56602179 10.50676465] x_pos [ 8.19672646 10.56850118 10.41853674] y_pos [ 6.48707109  8.67547645 10.4679921 ]
h_pos [ 7.49818425  9.56602179 10.50676465] x_pos [ 8.19672646 10.56850118 10.41853674] y_pos [ 6.48707109  8.67547645 10.4679921 ]
h_pos [ 7.49818425  9.56602179 10.50676465] x_pos [ 8.19672646 10.56850118 10.41853674] y_pos [ 6.48707109  8.67547645 10.4679921 ]
18 rHY 1.3479332862720874 rHX 1.225034819404704 0.12289846686738337
18 rHY 1.3479332862720874 rHX 1.225034819404704 0.12289846686738337
h_pos [ 7.49818425  9.56602179 10.50676465] x_pos [ 8.19672646 10.56850118 10.41853674] y_pos [ 6.48707109  8.67547645 10.4679921 ]
h_pos [ 7.49818425  9.56602179 10.50676465] x_pos [ 8.19672646 10.56850118 10.41853674] y_pos [ 6.48707109  8.67547645 10.4679921 ]
18 rHY 1.3479332862720874 rHX 1.225034819404704 0.12289846686738337
18 rHY 1.3479332862720874 rHX 1.225034819404704 0.12289846686738337
18 rHY 1.3479332862720874 rHX 1.225034819404704 0.12289846686738337
18 cpl_forces h [15.49496175 17.35690731 -0.50763659]
18 cpl_forces h [15.49496175 17.35690731 -0.50763659]
18 cpl_forces h [15.49496175 17.35690731 -0.50763659]
18 cpl_forces h [15.49496175 17.35690731 -0.50763659]
18 cpl_forces h [15.49496175 17.35690731 -0.50763659]
18 cpl_forces x [-6.69187514 -9.60352409  0.84520321]
18 cpl_forces x [-6.69187514 -9.60352409  0.84520321]
18 cpl_forces x [-6.69187514 -9.60352409  0.84520321]
18 cpl_forces y [-8.80308661 -7.75338322 -0.33756662]
18 cpl_forces y [-8.80308661 -7.75338322 -0.33756662]
18 cpl_forces x [-6.69187514 -9.60352409  0.84520321]
18 cpl_forces x [-6.69187514 -9.60352409  0.84520321]
18 cpl_forces y [-8.80308661 -7.75338322 -0.33756662]
18 cpl_forces y [-8.80308661 -7.75338322 -0.33756662]
18 cpl_forces y [-8.80308661 -7.75338322 -0.33756662]
18:53:11-DEBUG: System matrix: 
18:53:11-DEBUG: [[5.00141668e+03 2.98405736e+00]
 [2.98405736e+00 5.00388461e+03]]
18:53:11-DEBUG: Eigen values: 
18:53:11-DEBUG: [4999.42152106 5005.87977613]
18:53:11-DEBUG: Occupancies: 
18:53:11-DEBUG: [1. 0.]
18:53:11-INFO: coupling 18 2.9840573556963266
18:53:11-DEBUG: Amplitudes: 
18:53:11-DEBUG: [0.69106766 0.30893234]
18:53:11-INFO: forces0 h [ 7.47562015 10.06996534 -0.74909582]
18:53:11-INFO: forces0 x [-0.23708905 -9.1877903   0.6709254 ]
18:53:11-INFO: forces0 y [ -0.34603116 -10.14440627  -0.08869906]
18:53:11-INFO: forces1 h [-15.64002205 -15.50796094  -0.08547317]
18:53:11-INFO: forces1 x [12.10184581  4.23610541 -0.60399094]
18:53:11-INFO: forces1 y [13.04734252  4.88668004  0.44138406]
pos h  [ 7.49818425  9.56602179 10.50676465]
pos x  [ 8.19672646 10.56850118 10.41853674]
pos y  [ 6.48707109  8.67547645 10.4679921 ]
 mixed_cpl_forces: h [-14.31899301 -16.03962877   0.46911021]
 mixed_cpl_forces: x [ 6.18400451  8.87467788 -0.78105768]
 mixed_cpl_forces: y [8.13498849 7.16495089 0.31194747]
18:53:11-INFO: mixed forces h [-13.98454235 -13.87151211  -0.07497111]
18:53:11-INFO: mixed forces x [ 9.75881151  3.83396312 -0.50399517]
18:53:11-INFO: mixed forces y [11.92660364  1.66413333  0.38700823]
18:53:11-DEBUG: Minimum eigen value: 
18:53:11-DEBUG: 4999.421521061278
18:53:11-DEBUG: Minimum state: 
18:53:11-DEBUG: 0
        18     4999.4215210613     5058.6619887717      424.3557433502     5001.4166849277       59.2404677104      0.50588102
ids [  1   2   3   4   9  10  11  12  13  14  15  16  17  18  19  20  21  23
  24  25  26  27  28  29  30  31  32  33  34  35  36  37  39  41  42  44
  46  47  49  50  51  52  53  54  55  56  57  58  59  60  61  62  63  64
  65  67  68  69  70  71  72  73  74  75  76  78  79  81  83  85  86  88
  89  90  91  93  96  97  98  99 100 101 103 104 105 106 109 111 113 114
 115 116 119 120 121 124 126 128 130 131 132 135 136 544 638 643 644 649
 654 659 664 669 674 815 850 860 893 895 898 900 905 938 945 951 966 993]
ids [ 122  140  173  178  185  220  223  230  265  268  270  318  407  408
  409  412  413  414  415  416  417  418  419  420  421  422  423  424
  425  426  427  428  429  430  431  432  433  434  435  436  437  439
  440  441  442  444  446  447  449  451  452  454  456  457  458  459
  460  461  462  463  464  465  466  467  468  469  470  471  472  473
  474  475  476  477  478  479  480  481  482  483  484  485  486  487
  488  489  491  492  494  496  497  499  502  505  506  507  508  509
  510  511  512  513  514  515  516  517  520  521  522  523  524  525
  526  527  528  530  531  532  536  537  539  541  558  561  588  591
  803  949 1043 1044 1048 1049 1053 1059 1054 1074 1079]
ids [  7  38  40  43  45  82  84  87  92  94 129 134 274 368 379 384 398 399
 404 668 673 681 693 753 771 783 801 812 816 817 818 819 820 821 822 823
 824 825 826 827 829 830 831 832 833 834 835 836 837 838 839 840 841 842
 843 844 845 847 848 849 851 852 853 854 855 856 857 858 859 861 862 863
 864 865 866 867 868 869 870 871 872 873 874 875 876 877 878 879 880 881
 882 883 884 885 886 887 888 889 890 892 894 896 897 899 901 902 904 906
 907 908 910 911 912 915 916 917 920 921 922 923 925 926 927 929 930 931
 932 934 935 937 939 940 941 942 944 946 948 711]
ids [ 137  142  143  144  145  146  147  148  149  150  151  152  154  155
  157  158  159  160  161  162  163  164  165  166  167  169  170  171
  172  174  175  176  177  179  180  181  182  184  187  188  189  190
  191  192  193  194  195  196  197  198  199  200  202  203  204  205
  206  207  208  209  210  211  212  214  215  217  218  219  221  222
  224  225  226  227  229  232  233  235  236  237  240  241  242  243
  245  246  247  250  251  252  253  254  255  256  257  260  261  262
  266  267  269  271  306  348 1078  393  396  410  443  445  448  450
  455  490  493  495  500  535  538  540  784  789  794  798  804  808
  809  918  933 1073]
ids [127 141 153 156 168 186 201 213 216 231 272 276 277 278 279 280 281 282
 283 284 285 286 287 288 289 290 291 292 293 294 295 296 297 298 299 300
 301 302 303 304 305 307 308 309 311 312 314 316 317 319 321 322 323 324
 325 326 327 328 329 330 331 332 333 334 335 336 337 338 339 340 341 342
 343 344 345 346 347 349 350 351 352 354 356 357 359 361 362 364 366 367
 369 370 371 372 373 374 375 376 377 380 382 383 385 386 387 388 389 390
 391 392 394 395 397 401 402 381 406 453 498 545 578 580 583 585 590 623
 625 628 630 633 670 675 814 909 913 914 919 924 928 943]
ids [  6 102 107 108 112 117 118 123 133 183 228 275 310 313 315 320 353 355
 358 360 363 365 400 403 411 438 501 542 546 547 548 549 550 551 552 553
 554 555 556 557 559 560 562 563 564 565 566 567 568 569 570 571 572 573
 574 575 576 577 579 581 582 584 586 587 589 592 593 594 595 596 597 598
 599 600 601 602 603 604 605 606 607 608 609 610 611 612 613 614 615 616
 617 618 619 620 621 622 624 626 627 629 631 632 634 635 636 637 639 640
 641 642 645 646 647 648 650 651 652 653 655 656 657 658 660 661 662 665
 666 667 671 672 676 813 405]
ids [   5   48  139  234  238  239  244  248  249  258  259  264  378  533
  677  679  682  683  684  685  686  687  688  689  690  691  692  694
  695  696  697  698  699  700  701  702  703  704  705  706  707  708
  709  710 1080  712  713  714  716  717  719  721  722  724  726  727
  728  729  730  731  732  733  734  735  736  737  738  739  740  741
  742  743  744  745  746  747  748  749  750  751  752  754  755  756
  757  759  761  762  763  764  766  767  769  772  773  774  775  776
  777  778  779  780  781  782  785  786  787  788  790  791  792  793
  795  796  797  799  800  802  805  806  807  811  828  846  891  936
  950  983  988  990 1028 1030 1033 1035 1038 1040 1075]
ids [   8   22   66   77   80   95  110  125  138  263  273  503  504  518
  519  529  534  543  663  678  680  715  718  720  723  725  758  760
  765  768  770  810  903  947  952  953  954  955  956  957  958  959
  960  961  962  963  964  965  967  968  969  970  971  972  973  974
  975  976  977  978  979  980  981  982  984  985  986  987  989  991
  992  994  995  996  997  998  999 1000 1001 1002 1003 1004 1005 1006
 1007 1008 1009 1010 1011 1012 1013 1014 1015 1016 1017 1018 1019 1020
 1021 1022 1023 1024 1025 1026 1027 1029 1031 1032 1034 1036 1037 1039
 1041 1042 1045 1046 1047 1050 1051 1052 1081 1055 1056 1057 1058 1060
 1061 1062 1063 1065 1066 1067 1068 1069 1070 1071 1072 1076 1077 1064]
18:53:11-INFO: Step 19
18:53:11-DEBUG: Reaction systems: [[None]
 [0]]
18:53:11-DEBUG: rxn_pairs: [array([1, 2])]
18:53:11-DEBUG: Starting total colors: 5
18:53:11-DEBUG: Number of systems: 2
18:53:11-DEBUG: New total colors: 5
18:53:11-DEBUG: Potential energy for color 0: 4996.152388518399
ebond 19 2.7810531899561064
18:53:11-DEBUG: Potential energy for color 1: 4998.25784620671
xhy 19 13 1 2
xhy 19 13 1 2
xhy 19 13 1 2
xhy 19 13 1 2
xhy 19 13 1 2
h_pos [ 7.46934625  9.57792175 10.4960279 ] x_pos [ 8.19924552 10.56577309 10.41884579] y_pos [ 6.49039239  8.67357965 10.46825349]
19 rHY 1.3330253954481652 rHX 1.230674736732537 0.1023506587156282
h_pos [ 7.46934625  9.57792175 10.4960279 ] x_pos [ 8.19924552 10.56577309 10.41884579] y_pos [ 6.49039239  8.67357965 10.46825349]
19 rHY 1.3330253954481652 rHX 1.230674736732537 0.1023506587156282
h_pos [ 7.46934625  9.57792175 10.4960279 ] x_pos [ 8.19924552 10.56577309 10.41884579] y_pos [ 6.49039239  8.67357965 10.46825349]
h_pos [ 7.46934625  9.57792175 10.4960279 ] x_pos [ 8.19924552 10.56577309 10.41884579] y_pos [ 6.49039239  8.67357965 10.46825349]
19 rHY 1.3330253954481652 rHX 1.230674736732537 0.1023506587156282
h_pos [ 7.46934625  9.57792175 10.4960279 ] x_pos [ 8.19924552 10.56577309 10.41884579] y_pos [ 6.49039239  8.67357965 10.46825349]
19 rHY 1.3330253954481652 rHX 1.230674736732537 0.1023506587156282
19 rHY 1.3330253954481652 rHX 1.230674736732537 0.1023506587156282
19 cpl_forces h [13.97124028 15.58815156 -0.44077019]
19 cpl_forces h [13.97124028 15.58815156 -0.44077019]
19 cpl_forces h [13.97124028 15.58815156 -0.44077019]
19 cpl_forces h [13.97124028 15.58815156 -0.44077019]
19 cpl_forces x [-6.24207073 -8.44806689  0.66005848]
19 cpl_forces x [-6.24207073 -8.44806689  0.66005848]
19 cpl_forces x [-6.24207073 -8.44806689  0.66005848]
19 cpl_forces h [13.97124028 15.58815156 -0.44077019]
19 cpl_forces x [-6.24207073 -8.44806689  0.66005848]
19 cpl_forces x [-6.24207073 -8.44806689  0.66005848]
19 cpl_forces y [-7.72916955 -7.14008467 -0.21928829]
19 cpl_forces y [-7.72916955 -7.14008467 -0.21928829]
19 cpl_forces y [-7.72916955 -7.14008467 -0.21928829]
19 cpl_forces y [-7.72916955 -7.14008467 -0.21928829]
19 cpl_forces y [-7.72916955 -7.14008467 -0.21928829]
18:53:11-DEBUG: System matrix: 
18:53:11-DEBUG: [[4.99615239e+03 3.21342683e+00]
 [3.21342683e+00 4.99825785e+03]]
18:53:11-DEBUG: Eigen values: 
18:53:11-DEBUG: [4993.82364579 5000.58658894]
18:53:11-DEBUG: Occupancies: 
18:53:11-DEBUG: [1. 0.]
18:53:11-INFO: coupling 19 3.2134268310663923
18:53:11-DEBUG: Amplitudes: 
18:53:11-DEBUG: [0.65566135 0.34433865]
18:53:11-INFO: forces0 h [ 8.03753447 10.30075618 -0.67015989]
18:53:11-INFO: forces0 x [-0.77576518 -9.22407491  0.58604124]
18:53:11-INFO: forces0 y [ -0.50701545 -10.20456071  -0.0775149 ]
18:53:11-INFO: forces1 h [-1.48105700e+01 -1.49978497e+01 -9.81903330e-03]
18:53:11-INFO: forces1 x [11.8423754   3.89414105 -0.53088438]
18:53:11-INFO: forces1 y [12.27695014  4.8082619   0.29736373]
pos h  [ 7.46934625  9.57792175 10.4960279 ]
pos x  [ 8.19924552 10.56577309 10.41884579]
pos y  [ 6.49039239  8.67357965 10.46825349]
 mixed_cpl_forces: h [-13.27692911 -14.81348678   0.41886579]
 mixed_cpl_forces: x [ 5.93186638  8.02823392 -0.62725638]
 mixed_cpl_forces: y [7.34506272 6.78525285 0.2083906 ]
18:53:11-INFO: mixed forces h [-13.10688014 -13.22401846  -0.02391322]
18:53:11-INFO: mixed forces x [ 9.50101473  3.32126782 -0.42581581]
18:53:11-INFO: mixed forces y [11.24006076  1.75018725  0.2599609 ]
18:53:11-DEBUG: Minimum eigen value: 
18:53:11-DEBUG: 4993.823645786756
18:53:11-DEBUG: Minimum state: 
18:53:11-DEBUG: 0
        19     4993.8236457868     5058.6598406562      464.4394741162     4996.1523885184       64.8361948694      0.51657156
ids [   5   48  139  234  238  239  244  248  249  258  259  264  378  533
  677  679  682  683  684  685  686  687  688  689  690  691  692  694
  695  696  697  698  699  700  701  702  703  704  705  706  707  708
  709  710 1080  712  713  714  716  717  719  721  722  724  726  727
  728  729  730  731  732  733  734  735  736  737  738  739  740  741
  742  743  744  745  746  747  748  749  750  751  752  754  755  756
  757  759  761  762  763  764  766  767  769  772  773  774  775  776
  777  778  779  780  781  782  785  786  787  788  790  791  792  793
  795  796  797  799  800  802  805  806  807  811  828  846  891  936
  950  983  988  990 1028 1030 1033 1035 1038 1040 1075]
ids [   8   22   66   77   80   95  110  125  138  263  273  503  504  518
  519  529  534  543  663  678  680  715  718  720  723  725  758  760
  765  768  770  810  903  947  952  953  954  955  956  957  958  959
  960  961  962  963  964  965  967  968  969  970  971  972  973  974
  975  976  977  978  979  980  981  982  984  985  986  987  989  991
  992  994  995  996  997  998  999 1000 1001 1002 1003 1004 1005 1006
 1007 1008 1009 1010 1011 1012 1013 1014 1015 1016 1017 1018 1019 1020
 1021 1022 1023 1024 1025 1026 1027 1029 1031 1032 1034 1036 1037 1039
 1041 1042 1045 1046 1047 1050 1051 1052 1081 1055 1056 1057 1058 1060
 1061 1062 1063 1065 1066 1067 1068 1069 1070 1071 1072 1076 1077 1064]
ids [ 122  140  173  178  185  220  223  230  265  268  270  318  407  408
  409  412  413  414  415  416  417  418  419  420  421  422  423  424
  425  426  427  428  429  430  431  432  433  434  435  436  437  439
  440  441  442  444  446  447  449  451  452  454  456  457  458  459
  460  461  462  463  464  465  466  467  468  469  470  471  472  473
  474  475  476  477  478  479  480  481  482  483  484  485  486  487
  488  489  491  492  494  496  497  499  502  505  506  507  508  509
  510  511  512  513  514  515  516  517  520  521  522  523  524  525
  526  527  528  530  531  532  536  537  539  541  558  561  588  591
  803  949 1043 1044 1048 1049 1053 1059 1054 1074 1079]
ids [  7  38  40  43  45  82  84  87  92  94 129 134 274 368 379 384 398 399
 404 668 673 681 693 753 771 783 801 812 816 817 818 819 820 821 822 823
 824 825 826 827 829 830 831 832 833 834 835 836 837 838 839 840 841 842
 843 844 845 847 848 849 851 852 853 854 855 856 857 858 859 861 862 863
 864 865 866 867 868 869 870 871 872 873 874 875 876 877 878 879 880 881
 882 883 884 885 886 887 888 889 890 892 894 896 897 899 901 902 904 906
 907 908 910 911 912 915 916 917 920 921 922 923 925 926 927 929 930 931
 932 934 935 937 939 940 941 942 944 946 948 711]
ids [ 137  142  143  144  145  146  147  148  149  150  151  152  154  155
  157  158  159  160  161  162  163  164  165  166  167  169  170  171
  172  174  175  176  177  179  180  181  182  184  187  188  189  190
  191  192  193  194  195  196  197  198  199  200  202  203  204  205
  206  207  208  209  210  211  212  214  215  217  218  219  221  222
  224  225  226  227  229  232  233  235  236  237  240  241  242  243
  245  246  247  250  251  252  253  254  255  256  257  260  261  262
  266  267  269  271  306  348 1078  393  396  410  443  445  448  450
  455  490  493  495  500  535  538  540  784  789  794  798  804  808
  809  918  933 1073]
ids [127 141 153 156 168 186 201 213 216 231 272 276 277 278 279 280 281 282
 283 284 285 286 287 288 289 290 291 292 293 294 295 296 297 298 299 300
 301 302 303 304 305 307 308 309 311 312 314 316 317 319 321 322 323 324
 325 326 327 328 329 330 331 332 333 334 335 336 337 338 339 340 341 342
 343 344 345 346 347 349 350 351 352 354 356 357 359 361 362 364 366 367
 369 370 371 372 373 374 375 376 377 380 382 383 385 386 387 388 389 390
 391 392 394 395 397 401 402 381 406 453 498 545 578 580 583 585 590 623
 625 628 630 633 670 675 814 909 913 914 919 924 928 943]
ids [  6 102 107 108 112 117 118 123 133 183 228 275 310 313 315 320 353 355
 358 360 363 365 400 403 411 438 501 542 546 547 548 549 550 551 552 553
 554 555 556 557 559 560 562 563 564 565 566 567 568 569 570 571 572 573
 574 575 576 577 579 581 582 584 586 587 589 592 593 594 595 596 597 598
 599 600 601 602 603 604 605 606 607 608 609 610 611 612 613 614 615 616
 617 618 619 620 621 622 624 626 627 629 631 632 634 635 636 637 639 640
 641 642 645 646 647 648 650 651 652 653 655 656 657 658 660 661 662 665
 666 667 671 672 676 813 405]
ids [  1   2   3   4   9  10  11  12  13  14  15  16  17  18  19  20  21  23
  24  25  26  27  28  29  30  31  32  33  34  35  36  37  39  41  42  44
  46  47  49  50  51  52  53  54  55  56  57  58  59  60  61  62  63  64
  65  67  68  69  70  71  72  73  74  75  76  78  79  81  83  85  86  88
  89  90  91  93  96  97  98  99 100 101 103 104 105 106 109 111 113 114
 115 116 119 120 121 124 126 128 130 131 132 135 136 544 638 643 644 649
 654 659 664 669 674 815 850 860 893 895 898 900 905 938 945 951 966 993]
18:53:11-INFO: Step 20
18:53:11-DEBUG: Reaction systems: [[None]
 [0]]
18:53:11-DEBUG: rxn_pairs: [array([1, 2])]
18:53:11-DEBUG: Starting total colors: 5
18:53:11-DEBUG: Number of systems: 2
18:53:11-DEBUG: New total colors: 5
18:53:11-DEBUG: Potential energy for color 0: 4990.961991911507
ebond 20 2.4478009726360557
18:53:11-DEBUG: Potential energy for color 1: 4992.4588985086375
xhy 20 13 1 2
xhy 20 13 1 2
xhy 20 13 1 2
xhy 20 13 1 2
xhy 20 13 1 2
h_pos [ 7.43543951  9.58468892 10.48528734] x_pos [ 8.20199044 10.56313087 10.41914259] y_pos [ 6.49399122  8.67172331 10.46852282]
h_pos [ 7.43543951  9.58468892 10.48528734] x_pos [ 8.20199044 10.56313087 10.41914259] y_pos [ 6.49399122  8.67172331 10.46852282]
h_pos [ 7.43543951  9.58468892 10.48528734] x_pos [ 8.20199044 10.56313087 10.41914259] y_pos [ 6.49399122  8.67172331 10.46852282]
20 rHY 1.3115304574306055 rHX 1.2447184826030089 0.0668119748275966
h_pos [ 7.43543951  9.58468892 10.48528734] x_pos [ 8.20199044 10.56313087 10.41914259] y_pos [ 6.49399122  8.67172331 10.46852282]
20 rHY 1.3115304574306055 rHX 1.2447184826030089 0.0668119748275966
20 rHY 1.3115304574306055 rHX 1.2447184826030089 0.0668119748275966
h_pos [ 7.43543951  9.58468892 10.48528734] x_pos [ 8.20199044 10.56313087 10.41914259] y_pos [ 6.49399122  8.67172331 10.46852282]
20 rHY 1.3115304574306055 rHX 1.2447184826030089 0.0668119748275966
20 rHY 1.3115304574306055 rHX 1.2447184826030089 0.0668119748275966
20 cpl_forces h [10.08775426 11.2111099  -0.30526417]
20 cpl_forces h [10.08775426 11.2111099  -0.30526417]
20 cpl_forces h [10.08775426 11.2111099  -0.30526417]
20 cpl_forces h [10.08775426 11.2111099  -0.30526417]
20 cpl_forces x [-4.65818748 -5.94580983  0.40194936]
20 cpl_forces h [10.08775426 11.2111099  -0.30526417]
20 cpl_forces x [-4.65818748 -5.94580983  0.40194936]
20 cpl_forces x [-4.65818748 -5.94580983  0.40194936]
20 cpl_forces x [-4.65818748 -5.94580983  0.40194936]
20 cpl_forces y [-5.42956678 -5.26530008 -0.09668519]
20 cpl_forces x [-4.65818748 -5.94580983  0.40194936]
20 cpl_forces y [-5.42956678 -5.26530008 -0.09668519]
20 cpl_forces y [-5.42956678 -5.26530008 -0.09668519]
20 cpl_forces y [-5.42956678 -5.26530008 -0.09668519]
20 cpl_forces y [-5.42956678 -5.26530008 -0.09668519]
18:53:11-DEBUG: System matrix: 
18:53:11-DEBUG: [[4.99096199e+03 3.53787758e+00]
 [3.53787758e+00 4.99245890e+03]]
18:53:11-DEBUG: Eigen values: 
18:53:11-DEBUG: [4988.09426489 4995.32662553]
18:53:11-DEBUG: Occupancies: 
18:53:11-DEBUG: [1. 0.]
18:53:11-INFO: coupling 20 3.5378775814621912
18:53:11-DEBUG: Amplitudes: 
18:53:11-DEBUG: [0.60348672 0.39651328]
18:53:11-INFO: forces0 h [ 8.97083493 10.95284825 -0.60563686]
18:53:11-INFO: forces0 x [-1.57261041 -9.54377445  0.51353776]
18:53:11-INFO: forces0 y [ -0.79028706 -10.40156772  -0.06435785]
18:53:11-INFO: forces1 h [-13.51701614 -13.95004618   0.04459885]
18:53:11-INFO: forces1 x [11.31342917  3.25220834 -0.44197946]
18:53:11-INFO: forces1 y [11.29814873  4.49375931  0.15855837]
pos h  [ 7.43543951  9.58468892 10.48528734]
pos x  [ 8.20199044 10.56313087 10.41914259]
pos y  [ 6.49399122  8.67172331 10.46852282]
 mixed_cpl_forces: h [ -9.86931968 -10.96835082   0.29865416]
 mixed_cpl_forces: x [ 4.5573217   5.81706259 -0.39324578]
 mixed_cpl_forces: y [5.31199799 5.15128822 0.09459162]
18:53:11-INFO: mixed forces h [-9.81521628 -9.88983085 -0.04915561]
18:53:11-INFO: mixed forces x [ 8.09419707  1.34706522 -0.25858328]
18:53:11-INFO: mixed forces y [9.31493622 0.65591544 0.11862301]
18:53:11-DEBUG: Minimum eigen value: 
18:53:11-DEBUG: 4988.094264888027
18:53:11-DEBUG: Minimum state: 
18:53:11-DEBUG: 0
        20     4988.0942648880     5058.6824173374      505.6423263032     4990.9619919115       70.5881524494      0.51217642
ids [  1   2   3   4   9  10  11  12  13  14  15  16  17  18  19  20  21  23
  24  25  26  27  28  29  30  31  32  33  34  35  36  37  39  41  42  44
  46  47  49  50  51  52  53  54  55  56  57  58  59  60  61  62  63  64
  65  67  68  69  70  71  72  73  74  75  76  78  79  81  83  85  86  88
  89  90  91  93  96  97  98  99 100 101 103 104 105 106 109 111 113 114
 115 116 119 120 121 124 126 128 130 131 132 135 136 544 638 643 644 649
 654 659 664 669 674 815 850 860 893 895 898 900 905 938 945 951 966 993]
ids [  6 102 107 108 112 117 118 123 133 183 228 275 310 313 315 320 353 355
 358 360 363 365 400 403 411 438 501 542 546 547 548 549 550 551 552 553
 554 555 556 557 559 560 562 563 564 565 566 567 568 569 570 571 572 573
 574 575 576 577 579 581 582 584 586 587 589 592 593 594 595 596 597 598
 599 600 601 602 603 604 605 606 607 608 609 610 611 612 613 614 615 616
 617 618 619 620 621 622 624 626 627 629 631 632 634 635 636 637 639 640
 641 642 645 646 647 648 650 651 652 653 655 656 657 658 660 661 662 665
 666 667 671 672 676 813 405 561]
ids [   5   48  139  234  238  239  244  248  249  258  259  264  378  533
  677  679  682  683  684  685  686  687  688  689  690  691  692  694
  695  696  697  698  699  700  701  702  703  704  705  706  707  708
  709  710 1080  712  713  714  716  717  719  721  722  724  726  727
  728  729  730  731  732  733  734  735  736  737  738  739  740  741
  742  743  744  745  746  747  748  749  750  751  752  754  755  756
  757  759  761  762  763  764  766  767  769  772  773  774  775  776
  777  778  779  780  781  782  785  786  787  788  790  791  792  793
  795  796  797  799  800  802  805  806  807  811  828  846  891  936
  950  983  988  990 1028 1030 1033 1035 1038 1040 1075]
ids [   8   22   66   77   80   95  110  125  138  263  273  503  504  518
  519  529  534  543  663  678  680  715  718  720  723  725  758  760
  765  768  770  810  903  947  952  953  954  955  956  957  958  959
  960  961  962  963  964  965  967  968  969  970  971  972  973  974
  975  976  977  978  979  980  981  982  984  985  986  987  989  991
  992  994  995  996  997  998  999 1000 1001 1002 1003 1004 1005 1006
 1007 1008 1009 1010 1011 1012 1013 1014 1015 1016 1017 1018 1019 1020
 1021 1022 1023 1024 1025 1026 1027 1029 1031 1032 1034 1036 1037 1039
 1041 1042 1045 1046 1047 1050 1051 1052 1081 1055 1056 1057 1058 1060
 1061 1062 1063 1065 1066 1067 1068 1069 1070 1071 1072 1076 1077 1064]
ids [ 122  140  173  178  185  220  223  230  265  268  270  318  407  408
  409  412  413  414  415  416  417  418  419  420  421  422  423  424
  425  426  427  428  429  430  431  432  433  434  435  436  437  439
  440  441  442  444  446  447  449  451  452  454  456  457  458  459
  460  461  462  463  464  465  466  467  468  469  470  471  472  473
  474  475  476  477  478  479  480  481  482  483  484  485  486  487
  488  489  491  492  494  496  497  499  502  505  506  507  508  509
  510  511  512  513  514  515  516  517  520  521  522  523  524  525
  526  527  528  530  531  532  536  537  539  541  558 1079  588  591
  803  949 1043 1044 1048 1049 1053 1059 1054 1074]
ids [  7  38  40  43  45  82  84  87  92  94 129 134 274 368 379 384 398 399
 404 668 673 681 693 753 771 783 801 812 816 817 818 819 820 821 822 823
 824 825 826 827 829 830 831 832 833 834 835 836 837 838 839 840 841 842
 843 844 845 847 848 849 851 852 853 854 855 856 857 858 859 861 862 863
 864 865 866 867 868 869 870 871 872 873 874 875 876 877 878 879 880 881
 882 883 884 885 886 887 888 889 890 892 894 896 897 899 901 902 904 906
 907 908 910 911 912 915 916 917 920 921 922 923 925 926 927 929 930 931
 932 934 935 937 939 940 941 942 944 946 948 711]
ids [ 137  142  143  144  145  146  147  148  149  150  151  152  154  155
  157  158  159  160  161  162  163  164  165  166  167  169  170  171
  172  174  175  176  177  179  180  181  182  184  187  188  189  190
  191  192  193  194  195  196  197  198  199  200  202  203  204  205
  206  207  208  209  210  211  212  214  215  217  218  219  221  222
  224  225  226  227  229  232  233  235  236  237  240  241  242  243
  245 1073  247  250  251  252  253  254  255  256  257  260  261  262
  266  267  269  271  306  348 1078  393  396  410  443  445  448  450
  455  490  493  495  500  535  538  540  784  789  794  798  804  808
  809  918  933]
ids [127 141 153 156 168 186 201 213 216 231 272 276 277 278 279 280 281 282
 283 284 285 286 287 288 289 290 291 292 293 294 295 296 297 298 299 300
 301 302 303 304 305 307 308 309 311 312 314 316 317 319 321 322 323 324
 325 326 327 328 329 330 331 332 333 334 335 336 337 338 339 340 341 342
 343 344 345 346 347 349 350 351 352 354 356 357 359 361 362 364 366 367
 369 370 371 372 373 374 375 376 377 380 382 383 385 386 387 388 389 390
 391 392 394 395 397 401 402 381 406 453 498 545 578 580 583 585 590 623
 625 628 630 633 670 675 814 909 913 914 919 924 928 943 246]
18:53:11-INFO: Step 21
18:53:11-DEBUG: Reaction systems: [[None]
 [0]]
18:53:11-DEBUG: rxn_pairs: [array([1, 2])]
18:53:11-DEBUG: Starting total colors: 5
18:53:11-DEBUG: Number of systems: 2
18:53:11-DEBUG: New total colors: 5
18:53:11-DEBUG: Potential energy for color 0: 4985.88346995416
ebond 21 2.061980489063753
18:53:11-DEBUG: Potential energy for color 1: 4986.574376675579
xhy 21 13 1 2
xhy 21 13 1 2
xhy 21 13 1 2
xhy 21 13 1 2
xhy 21 13 1 2
h_pos [ 7.3973316   9.58716455 10.47454515] x_pos [ 8.204938   10.56054111 10.41943026] y_pos [ 6.49783461  8.66989362 10.46879687]
21 rHY 1.2847232529147257 rHX 1.2659888206972447 0.018734432217480945
h_pos [ 7.3973316   9.58716455 10.47454515] x_pos [ 8.204938   10.56054111 10.41943026] y_pos [ 6.49783461  8.66989362 10.46879687]
21 rHY 1.2847232529147257 rHX 1.2659888206972447 0.018734432217480945
h_pos [ 7.3973316   9.58716455 10.47454515] x_pos [ 8.204938   10.56054111 10.41943026] y_pos [ 6.49783461  8.66989362 10.46879687]
21 rHY 1.2847232529147257 rHX 1.2659888206972447 0.018734432217480945
h_pos [ 7.3973316   9.58716455 10.47454515] x_pos [ 8.204938   10.56054111 10.41943026] y_pos [ 6.49783461  8.66989362 10.46879687]
h_pos [ 7.3973316   9.58716455 10.47454515] x_pos [ 8.204938   10.56054111 10.41943026] y_pos [ 6.49783461  8.66989362 10.46879687]
21 rHY 1.2847232529147257 rHX 1.2659888206972447 0.018734432217480945
21 rHY 1.2847232529147257 rHX 1.2659888206972447 0.018734432217480945
21 cpl_forces h [ 3.03104566  3.35899687 -0.08848153]
21 cpl_forces h [ 3.03104566  3.35899687 -0.08848153]
21 cpl_forces h [ 3.03104566  3.35899687 -0.08848153]
21 cpl_forces x [-1.44504804 -1.74166015  0.09861693]
21 cpl_forces y [-1.58599762 -1.61733671 -0.0101354 ]
21 cpl_forces h [ 3.03104566  3.35899687 -0.08848153]
21 cpl_forces x [-1.44504804 -1.74166015  0.09861693]
21 cpl_forces x [-1.44504804 -1.74166015  0.09861693]
21 cpl_forces y [-1.58599762 -1.61733671 -0.0101354 ]
21 cpl_forces h [ 3.03104566  3.35899687 -0.08848153]
21 cpl_forces y [-1.58599762 -1.61733671 -0.0101354 ]
21 cpl_forces x [-1.44504804 -1.74166015  0.09861693]
21 cpl_forces y [-1.58599762 -1.61733671 -0.0101354 ]
21 cpl_forces x [-1.44504804 -1.74166015  0.09861693]
21 cpl_forces y [-1.58599762 -1.61733671 -0.0101354 ]
18:53:11-DEBUG: System matrix: 
18:53:11-DEBUG: [[4.98588347e+03 3.77852141e+00]
 [3.77852141e+00 4.98657438e+03]]
18:53:11-DEBUG: Eigen values: 
18:53:11-DEBUG: [4982.43464314 4990.02320349]
18:53:11-DEBUG: Occupancies: 
18:53:11-DEBUG: [1. 0.]
18:53:11-INFO: coupling 21 3.7785214055710146
18:53:11-DEBUG: Amplitudes: 
18:53:11-DEBUG: [0.54552291 0.45447709]
18:53:11-INFO: forces0 h [10.30565563 12.0367282  -0.54925668]
18:53:11-INFO: forces0 x [ -2.61096741 -10.08923912   0.44253642]
18:53:11-INFO: forces0 y [ -1.24179898 -10.80326083  -0.0446418 ]
18:53:11-INFO: forces1 h [-11.92456005 -12.58383055   0.09368406]
18:53:11-INFO: forces1 x [10.6271318   2.50030645 -0.3593297 ]
18:53:11-INFO: forces1 y [10.16541219  3.97252381  0.03111053]
pos h  [ 7.3973316   9.58716455 10.47454515]
pos x  [ 8.204938   10.56054111 10.41943026]
pos y  [ 6.49783461  8.66989362 10.46879687]
 mixed_cpl_forces: h [-3.01845683 -3.34504596  0.08811404]
 mixed_cpl_forces: x [ 1.43904633  1.73442652 -0.09820734]
 mixed_cpl_forces: y [1.5794105  1.61061944 0.0100933 ]
18:53:11-INFO: mixed forces h [-2.8159249  -2.49779762 -0.1689408 ]
18:53:11-INFO: mixed forces x [ 4.8444917  -2.63315258 -0.0201007 ]
18:53:11-INFO: mixed forces y [ 5.52192764e+00 -2.47738581e+00 -1.20802362e-04]
18:53:11-DEBUG: Minimum eigen value: 
18:53:11-DEBUG: 4982.434643141137
18:53:11-DEBUG: Minimum state: 
18:53:11-DEBUG: 0
        21     4982.4346431411     5058.7736958936      546.8376049254     4985.8834699542       76.3390527524      0.51017551
ids [ 137  142  143  144  145  146  147  148  149  150  151  152  154  155
  157  158  159  160  161  162  163  164  165  166  167  169  170  171
  172  174  175  176  177  179  180  181  182  184  187  188  189  190
  191  192  193  194  195  196  197  198  199  200  202  203  204  205
  206  207  208  209  210  211  212  214  215  217  218  219  221  222
  224  225  226  227  229  232  233  235  236  237  240  241  242  243
  245 1073  247  250  251  252  253  254  255  256  257  260  261  262
  266  267  269  271  306  348 1078  393  396  410  443  445  448  450
  455  490  493  495  500  535  538  540  784  789  794  798  804  808
  809  918  933]
ids [  1   2   3   4   9  10  11  12  13  14  15  16  17  18  19  20  21  23
  24  25  26  27  28  29  30  31  32  33  34  35  36  37  39  41  42  44
  46  47  49  50  51  52  53  54  55  56  57  58  59  60  61  62  63  64
  65  67  68  69  70  71  72  73  74  75  76  78  79  81  83  85  86  88
  89  90  91  93  96  97  98  99 100 101 103 104 105 106 109 111 113 114
 115 116 119 120 121 124 126 128 130 131 132 135 136 544 638 643 644 649
 654 659 664 669 674 815 850 860 893 895 898 900 905 938 945 951 966 993]
ids [127 141 153 156 168 186 201 213 216 231 272 276 277 278 279 280 281 282
 283 284 285 286 287 288 289 290 291 292 293 294 295 296 297 298 299 300
 301 302 303 304 305 307 308 309 311 312 314 316 317 319 321 322 323 324
 325 326 327 328 329 330 331 332 333 334 335 336 337 338 339 340 341 342
 343 344 345 346 347 349 350 351 352 354 356 357 359 361 362 364 366 367
 369 370 371 372 373 374 375 376 377 380 382 383 385 386 387 388 389 390
 391 392 394 395 397 401 402 381 406 453 498 545 578 580 583 585 590 623
 625 628 630 633 670 675 814 909 913 914 919 924 928 943 246]
ids [  6 102 107 108 112 117 118 123 133 183 228 275 310 313 315 320 353 355
 358 360 363 365 400 403 411 438 501 542 546 547 548 549 550 551 552 553
 554 555 556 557 559 560 562 563 564 565 566 567 568 569 570 571 572 573
 574 575 576 577 579 581 582 584 586 587 589 592 593 594 595 596 597 598
 599 600 601 602 603 604 605 606 607 608 609 610 611 612 613 614 615 616
 617 618 619 620 621 622 624 626 627 629 631 632 634 635 636 637 639 640
 641 642 645 646 647 648 650 651 652 653 655 656 657 658 660 661 662 665
 666 667 671 672 676 813 405 561]
ids [   5   48  139  234  238  239  244  248  249  258  259  264  378  533
  677  679  682  683  684  685  686  687  688  689  690  691  692  694
  695  696  697  698  699  700  701  702  703  704  705  706  707  708
  709  710 1080  712  713  714  716  717  719  721  722  724  726  727
  728  729  730  731  732  733  734  735  736  737  738  739  740  741
  742  743  744  745  746  747  748  749  750  751  752  754  755  756
  757  759  761  762  763  764  766  767  769  772  773  774  775  776
  777  778  779  780  781  782  785  786  787  788  790  791  792  793
  795  796  797  799  800  802  805  806  807  811  828  846  891  936
  950  983  988  990 1028 1030 1033 1035 1038 1040 1075]
ids [   8   22   66   77   80   95  110  125  138  263  273  503  504  518
  519  529  534  543  663  678  680  715  718  720  723  725  758  760
  765  768  770  810  903  947  952  953  954  955  956  957  958  959
  960  961  962  963  964  965  967  968  969  970  971  972  973  974
  975  976  977  978  979  980  981  982  984  985  986  987  989  991
  992  994  995  996  997  998  999 1000 1001 1002 1003 1004 1005 1006
 1007 1008 1009 1010 1011 1012 1013 1014 1015 1016 1017 1018 1019 1020
 1021 1022 1023 1024 1025 1026 1027 1029 1031 1032 1034 1036 1037 1039
 1041 1042 1045 1046 1047 1050 1051 1052 1081 1055 1056 1057 1058 1060
 1061 1062 1063 1065 1066 1067 1068 1069 1070 1071 1072 1076 1077 1064]
ids [ 122  140  173  178  185  220  223  230  265  268  270  318  407  408
  409  412  413  414  415  416  417  418  419  420  421  422  423  424
  425  426  427  428  429  430  431  432  433  434  435  436  437  439
  440  441  442  444  446  447  449  451  452  454  456  457  458  459
  460  461  462  463  464  465  466  467  468  469  470  471  472  473
  474  475  476  477  478  479  480  481  482  483  484  485  486  487
  488  489  491  492  494  496  497  499  502  505  506  507  508  509
  510  511  512  513  514  515  516  517  520  521  522  523  524  525
  526  527  528  530  531  532  536  537  539  541  558 1079  588  591
  803  949 1043 1044 1048 1049 1053 1059 1054 1074]
ids [  7  38  40  43  45  82  84  87  92  94 129 134 274 368 379 384 398 399
 404 668 673 681 693 753 771 783 801 812 816 817 818 819 820 821 822 823
 824 825 826 827 829 830 831 832 833 834 835 836 837 838 839 840 841 842
 843 844 845 847 848 849 851 852 853 854 855 856 857 858 859 861 862 863
 864 865 866 867 868 869 870 871 872 873 874 875 876 877 878 879 880 881
 882 883 884 885 886 887 888 889 890 892 894 896 897 899 901 902 904 906
 907 908 910 911 912 915 916 917 920 921 922 923 925 926 927 929 930 931
 932 934 935 937 939 940 941 942 944 946 948 711]
18:53:11-INFO: Step 22
18:53:11-DEBUG: Reaction systems: [[None]
 [0]]
18:53:11-DEBUG: rxn_pairs: [array([1, 2])]
18:53:11-DEBUG: Starting total colors: 5
18:53:11-DEBUG: Number of systems: 2
18:53:11-DEBUG: New total colors: 5
18:53:11-DEBUG: Potential energy for color 0: 4980.928865705359
ebond 22 1.6816093184676182
18:53:11-DEBUG: Potential energy for color 1: 4980.714186405067
xhy 22 13 1 2
xhy 22 13 1 2
xhy 22 13 1 2
xhy 22 13 1 2
xhy 22 13 1 2
h_pos [ 7.35706541  9.58748048 10.46377206] x_pos [ 8.20802913 10.55792926 10.41971372] y_pos [ 6.50185153  8.66803711 10.46907259]
h_pos [ 7.35706541  9.58748048 10.46377206] x_pos [ 8.20802913 10.55792926 10.41971372] y_pos [ 6.50185153  8.66803711 10.46907259]
h_pos [ 7.35706541  9.58748048 10.46377206] x_pos [ 8.20802913 10.55792926 10.41971372] y_pos [ 6.50185153  8.66803711 10.46907259]
22 rHY 1.2557049733726404 rHX 1.2914531457210054 0.035748172348365026
22 rHY 1.2557049733726404 rHX 1.2914531457210054 0.035748172348365026
h_pos [ 7.35706541  9.58748048 10.46377206] x_pos [ 8.20802913 10.55792926 10.41971372] y_pos [ 6.50185153  8.66803711 10.46907259]
h_pos [ 7.35706541  9.58748048 10.46377206] x_pos [ 8.20802913 10.55792926 10.41971372] y_pos [ 6.50185153  8.66803711 10.46907259]
22 rHY 1.2557049733726404 rHX 1.2914531457210054 0.035748172348365026
22 rHY 1.2557049733726404 rHX 1.2914531457210054 0.035748172348365026
22 rHY 1.2557049733726404 rHX 1.2914531457210054 0.035748172348365026
22 cpl_forces h [-5.70668157 -6.31853961  0.16326642]
22 cpl_forces h [-5.70668157 -6.31853961  0.16326642]
22 cpl_forces h [-5.70668157 -6.31853961  0.16326642]
22 cpl_forces x [ 2.80618935  3.20021048 -0.14528947]
22 cpl_forces x [ 2.80618935  3.20021048 -0.14528947]
22 cpl_forces x [ 2.80618935  3.20021048 -0.14528947]
22 cpl_forces h [-5.70668157 -6.31853961  0.16326642]
22 cpl_forces h [-5.70668157 -6.31853961  0.16326642]
22 cpl_forces y [ 2.90049222  3.11832912 -0.01797695]
22 cpl_forces y [ 2.90049222  3.11832912 -0.01797695]
22 cpl_forces y [ 2.90049222  3.11832912 -0.01797695]
22 cpl_forces x [ 2.80618935  3.20021048 -0.14528947]
22 cpl_forces x [ 2.80618935  3.20021048 -0.14528947]
22 cpl_forces y [ 2.90049222  3.11832912 -0.01797695]
22 cpl_forces y [ 2.90049222  3.11832912 -0.01797695]
18:53:11-DEBUG: System matrix: 
18:53:11-DEBUG: [[4.98092887e+03 3.72289475e+00]
 [3.72289475e+00 4.98071419e+03]]
18:53:11-DEBUG: Eigen values: 
18:53:11-DEBUG: [4984.54596791 4977.0970842 ]
18:53:11-DEBUG: Occupancies: 
18:53:11-DEBUG: [0. 1.]
18:53:11-INFO: coupling 22 3.722894751003516
18:53:11-DEBUG: Amplitudes: 
18:53:11-DEBUG: [0.48558983 0.51441017]
18:53:11-INFO: forces0 h [11.98797363 13.4936563  -0.49757213]
18:53:11-INFO: forces0 x [ -3.81064138 -10.74239103   0.36173087]
18:53:11-INFO: forces0 y [-1.88581371e+00 -1.14672246e+01 -1.05034961e-02]
18:53:11-INFO: forces1 h [-10.29006282 -11.18238764   0.14635897]
18:53:11-INFO: forces1 x [ 9.93320745  1.828233   -0.29657782]
18:53:11-INFO: forces1 y [ 8.9890892   3.33880095 -0.08021255]
pos h  [ 7.35706541  9.58748048 10.46377206]
pos x  [ 8.20802913 10.55792926 10.41971372]
pos y  [ 6.50185153  8.66803711 10.46907259]
 mixed_cpl_forces: h [ 5.70431106  6.31591494 -0.1631986 ]
 mixed_cpl_forces: x [-2.80502368 -3.19888114  0.14522911]
 mixed_cpl_forces: y [-2.89928738 -3.1170338   0.01796949]
18:53:11-INFO: mixed forces h [ 6.23223626  7.11596338 -0.32952603]
18:53:11-INFO: mixed forces x [ 0.4543105  -7.47481538  0.1683193 ]
18:53:11-INFO: mixed forces y [ 0.80905952 -6.96788833 -0.02839306]
reaction would have occurred
18:53:11-DEBUG: Minimum eigen value: 
18:53:11-DEBUG: 4977.097084200715
18:53:11-DEBUG: Minimum state: 
18:53:11-DEBUG: 0
        22     4977.0970842007     5058.9222566696      586.1361874717     4980.9288657054       81.8251724689      0.50729736
ids [  7  38  40  43  45  82  84  87  92  94 129 134 274 368 379 384 398 399
 404 668 673 681 693 753 711 783 801 812 816 817 818 819 820 821 822 823
 824 825 826 827 829 830 831 832 833 834 835 836 837 838 839 840 841 842
 843 844 845 847 848 849 851 852 853 854 855 856 857 858 859 861 862 863
 864 865 866 867 868 869 870 871 872 873 874 875 876 877 878 879 880 881
 882 883 884 885 886 887 888 889 890 892 894 896 897 899 901 902 904 906
 907 908 910 911 912 915 916 917 920 921 922 923 925 926 927 948 930 931
 932 934 935 937 939 940 941 942 944 946]
ids [127 141 153 156 168 186 201 213 216 231 272 276 277 278 279 280 281 282
 283 284 285 286 287 288 289 290 291 292 293 294 295 296 297 298 299 300
 301 302 303 304 305 307 308 309 311 312 314 316 317 319 321 322 323 324
 325 326 327 328 329 330 331 332 333 334 335 336 337 338 339 340 341 342
 343 344 345 346 347 349 350 351 352 354 356 357 359 361 362 364 366 367
 369 370 371 372 373 374 375 376 377 380 382 383 385 386 387 388 389 390
 391 392 394 395 397 401 402 381 406 453 498 545 578 580 583 585 590 623
 625 628 630 633 670 675 814 909 913 914 919 924 928 943 246 929]
ids [  6 102 107 108 112 117 118 123 133 183 228 275 310 313 315 320 353 355
 358 360 363 365 400 403 411 438 501 542 546 547 548 549 550 551 552 553
 554 555 556 557 559 560 562 563 564 565 566 567 568 569 570 571 572 573
 574 575 576 577 579 581 582 584 586 587 589 592 593 594 595 596 597 598
 599 600 601 602 603 604 605 606 607 608 609 610 611 612 613 614 615 616
 617 618 619 620 621 622 624 626 627 629 631 632 634 635 636 637 639 640
 641 642 645 646 647 648 650 651 652 653 655 656 657 658 660 661 662 665
 666 667 671 672 676 813 405 561]
ids [   5   48  139  234  238  239  244  248  249  258  259  264  378  533
  677  679  682  683  684  685  686  687  688  689  690  691  692  694
  695  696  697  698  699  700  701  702  703  704  705  706  707  708
  709  710 1080  712  713  714  716  717  719  721  722  724  726  727
  728  729  730  731  732  733  734  735  736  737  738  739  740  741
  742  743  744  745  746  747  748  749  750  751  752  754  755  756
  757  759  761  762  763  764  766  767  769  772  773  774  775  776
  777  778  779  780  781  782  785  786  787  788  790  791  792  793
  795  796  797  799  800  802  805  806  807  811  828  846  891  936
  950  983  988  990 1028 1030 1033 1035 1038 1040 1075  771]
ids [   8   22   66   77   80   95  110  125  138  263  273  503  504  518
  519  529  534  543  663  678  680  715  718  720  723  725  758  760
  765  768  770  810  903  947  952  953  954  955  956  957  958  959
  960  961  962  963  964  965  967  968  969  970  971  972  973  974
  975  976  977  978  979  980  981  982  984  985  986  987  989  991
  992  994  995  996  997  998  999 1000 1001 1002 1003 1004 1005 1006
 1007 1008 1009 1010 1011 1012 1013 1014 1015 1016 1017 1018 1019 1020
 1021 1022 1023 1024 1025 1026 1027 1029 1031 1032 1034 1036 1037 1039
 1041 1042 1045 1046 1047 1050 1051 1052 1081 1055 1056 1057 1058 1060
 1061 1062 1063 1065 1066 1067 1068 1069 1070 1071 1072 1076 1077 1064]
ids [ 122  140  173  178  185  220  223  230  265  268  270  318  407  408
  409  412  413  414  415  416  417  418  419  420  421  422  423  424
  425  426  427  428  429  430  431  432  433  434  435  436  437  439
  440  441  442  444  446  447  449  451  452  454  456  457  458  459
  460  461  462  463  464  465  466  467  468  469  470  471  472  473
  474  475  476  477  478  479  480  481  482  483  484  485  486  487
  488  489  491  492  494  496  497  499  502  505  506  507  508  509
  510  511  512  513  514  515  516  517  520  521  522  523  524  525
  526  527  528  530  531  532  536  537  539  541  558 1079  588  591
  803  949 1043 1044 1048 1049 1053 1059 1054 1074]
ids [ 137  142  143  144  145  146  147  148  149  150  151  152  154  155
  157  158  159  160  161  162  163  164  165  166  167  169  170  171
  172  174  175  176  177  179  180  181  182  184  187  188  189  190
  191  192  193  194  195  196  197  198  199  200  202  203  204  205
  206  207  208  209  210  211  212  214  215  217  218  219  221  222
  224  225  226  227  229  232  233  235  236  237  240  241  242  243
  245 1073  247  250  251  252  253  254  255  256  257  260  261  262
  266  267  269  271  306  348 1078  393  396  410  443  445  448  450
  455  490  493  495  500  535  538  540  784  789  794  798  804  808
  809  918  933]
ids [  1   2   3   4   9  10  11  12  13  14  15  16  17  18  19  20  21  23
  24  25  26  27  28  29  30  31  32  33  34  35  36  37  39  41  42  44
  46  47  49  50  51  52  53  54  55  56  57  58  59  60  61  62  63  64
  65  67  68  69  70  71  72  73  74  75  76  78  79  81  83  85  86  88
  89  90  91  93  96  97  98  99 100 101 103 104 105 106 109 111 113 114
 115 116 119 120 121 124 126 128 130 131 132 135 136 544 638 643 644 649
 654 659 664 669 674 815 850 860 893 895 898 900 905 938 945 951 966 993]
18:53:11-INFO: Step 23
18:53:11-DEBUG: Reaction systems: [[None]
 [0]]
18:53:11-DEBUG: rxn_pairs: [array([1, 2])]
18:53:11-DEBUG: Starting total colors: 5
18:53:11-DEBUG: Number of systems: 2
18:53:11-DEBUG: New total colors: 5
18:53:11-DEBUG: Potential energy for color 0: 4976.059546610173
ebond 23 1.368759791589972
18:53:11-DEBUG: Potential energy for color 1: 4974.983650776741
xhy 23 13 1 2
xhy 23 13 1 2
xhy 23 13 1 2
xhy 23 13 1 2
xhy 23 13 1 2
h_pos [ 7.31777336  9.58895713 10.45291361] x_pos [ 8.21116971 10.55518759 10.41999798] y_pos [ 6.50593706  8.66605865 10.46934838]
23 rHY 1.2292639554213276 rHX 1.3163744844512175 0.08711052902988992
h_pos [ 7.31777336  9.58895713 10.45291361] x_pos [ 8.21116971 10.55518759 10.41999798] y_pos [ 6.50593706  8.66605865 10.46934838]
23 rHY 1.2292639554213276 rHX 1.3163744844512175 0.08711052902988992
h_pos [ 7.31777336  9.58895713 10.45291361] x_pos [ 8.21116971 10.55518759 10.41999798] y_pos [ 6.50593706  8.66605865 10.46934838]
23 rHY 1.2292639554213276 rHX 1.3163744844512175 0.08711052902988992
h_pos [ 7.31777336  9.58895713 10.45291361] x_pos [ 8.21116971 10.55518759 10.41999798] y_pos [ 6.50593706  8.66605865 10.46934838]
h_pos [ 7.31777336  9.58895713 10.45291361] x_pos [ 8.21116971 10.55518759 10.41999798] y_pos [ 6.50593706  8.66605865 10.46934838]
23 cpl_forces h [-12.56224376 -13.92885932   0.35999296]
23 cpl_forces h [-12.56224376 -13.92885932   0.35999296]
23 cpl_forces h [-12.56224376 -13.92885932   0.35999296]
23 rHY 1.2292639554213276 rHX 1.3163744844512175 0.08711052902988992
23 rHY 1.2292639554213276 rHX 1.3163744844512175 0.08711052902988992
23 cpl_forces x [ 6.36674656  6.88579546 -0.23457167]
23 cpl_forces h [-12.56224376 -13.92885932   0.35999296]
23 cpl_forces h [-12.56224376 -13.92885932   0.35999296]
23 cpl_forces x [ 6.36674656  6.88579546 -0.23457167]
23 cpl_forces x [ 6.36674656  6.88579546 -0.23457167]
23 cpl_forces y [ 6.1954972   7.04306386 -0.12542128]
23 cpl_forces x [ 6.36674656  6.88579546 -0.23457167]
23 cpl_forces x [ 6.36674656  6.88579546 -0.23457167]
23 cpl_forces y [ 6.1954972   7.04306386 -0.12542128]
23 cpl_forces y [ 6.1954972   7.04306386 -0.12542128]
23 cpl_forces y [ 6.1954972   7.04306386 -0.12542128]
23 cpl_forces y [ 6.1954972   7.04306386 -0.12542128]
18:53:11-DEBUG: System matrix: 
18:53:11-DEBUG: [[4.97605955e+03 3.36536533e+00]
 [3.36536533e+00 4.97498365e+03]]
18:53:11-DEBUG: Eigen values: 
18:53:11-DEBUG: [4978.92968786 4972.11350952]
18:53:11-DEBUG: Occupancies: 
18:53:11-DEBUG: [0. 1.]
18:53:11-INFO: coupling 23 3.3653653322583095
18:53:11-DEBUG: Amplitudes: 
18:53:11-DEBUG: [0.42107778 0.57892222]
18:53:11-INFO: forces0 h [13.79906393 15.11449551 -0.45119975]
18:53:11-INFO: forces0 x [ -5.02611178 -11.33627999   0.26288029]
18:53:11-INFO: forces0 y [ -2.64619189 -12.3479872    0.04694975]
18:53:11-INFO: forces1 h [ -8.87232093 -10.00623171   0.2035996 ]
18:53:11-INFO: forces1 x [ 9.34045191  1.33743132 -0.25508696]
18:53:11-INFO: forces1 y [ 7.9241293   2.75338811 -0.17491978]
pos h  [ 7.31777336  9.58895713 10.45291361]
pos x  [ 8.21116971 10.55518759 10.41999798]
pos y  [ 6.50593706  8.66605865 10.46934838]
 mixed_cpl_forces: h [12.40476336 13.75424702 -0.35548008]
 mixed_cpl_forces: x [-6.28693297 -6.79947506  0.23163108]
 mixed_cpl_forces: y [-6.11783039 -6.95477195  0.123849  ]
18:53:11-INFO: mixed forces h [13.07885886 14.32579539 -0.42760194]
18:53:11-INFO: mixed forces x [ -2.99592182 -10.79866199   0.19464862]
18:53:11-INFO: mixed forces y [ -2.64462849 -10.56023746   0.04235355]
reaction would have occurred
18:53:11-DEBUG: Minimum eigen value: 
18:53:11-DEBUG: 4972.113509524926
18:53:11-DEBUG: Minimum state: 
18:53:11-DEBUG: 0
        23     4972.1135095249     5059.0292819830      622.6015535631     4976.0595466102       86.9157724581      0.51475184
ids [ 137  142  143  144  145  146  147  148  149  150  151  152  154  155
  157  158  159  160  161  162  163  164  165  166  167  169  170  171
  172  174  175  176  177  179  180  181  182  184  187  188  189  190
  191  192  193  194  195  196  197  198  199  200  202  203  204  205
  206  207  208  209  210  211  212  214  215  217  218  219  221  222
  224  225  226  227  229  232  233  235  236  237  240  241  242  243
  245 1073  247  250  251  252  253  254  255  256  257  260  261  262
  266  267  269  271  306  348 1078  393  396  410  443  445  448  450
  455  490  493  495  500  535  538  540  784  789  794  798  804  808
  809  918  933  276]
ids [  7  38  40  43  45  82  84  87  92  94 129 134 274 368 379 384 398 399
 404 668 673 681 693 753 711 783 801 812 816 817 818 819 820 821 822 823
 824 825 826 827 829 830 831 832 833 834 835 836 837 838 839 840 841 842
 843 844 845 847 848 849 851 852 853 854 855 856 857 858 859 861 862 863
 864 865 866 867 868 869 870 871 872 873 874 875 946 877 878 879 880 881
 882 883 884 885 886 887 888 889 890 892 894 896 897 899 901 902 904 906
 907 908 910 911 912 915 916 917 920 921 922 923 925 926 927 948 930 931
 932 934 935 937 939 940 941 942 944]
ids [127 141 153 156 168 186 201 213 216 231 272 929 277 278 279 280 281 282
 283 284 285 286 287 288 289 290 291 292 293 294 295 296 297 298 299 300
 301 302 303 304 305 307 308 309 311 312 314 316 317 319 321 322 323 324
 325 326 327 328 329 330 331 332 333 334 335 336 337 338 339 340 341 342
 343 344 345 346 347 349 350 351 352 354 356 357 359 361 362 364 366 367
 369 370 371 372 373 374 375 376 377 380 382 383 385 386 387 388 389 390
 391 392 394 395 397 401 402 381 406 453 498 545 578 580 583 585 590 623
 625 628 630 633 670 675 814 909 913 914 919 924 928 943 246]
ids [  6 102 107 108 112 117 118 123 133 183 228 275 310 313 315 320 353 355
 358 360 363 365 400 403 411 438 501 542 546 547 548 549 550 551 552 553
 554 555 556 557 559 560 562 563 564 565 566 567 568 569 570 571 572 573
 574 575 576 577 579 581 582 584 586 587 589 592 593 594 595 596 597 598
 599 600 601 602 603 604 605 606 607 608 609 610 611 612 613 614 615 616
 617 618 619 620 621 622 624 626 627 629 631 632 634 635 636 637 639 640
 641 642 645 646 647 648 650 651 652 653 655 656 657 658 660 661 662 665
 666 667 671 672 676 813 405 561]
ids [   5   48  139  234  238  239  244  248  249  258  259  264  378  533
  677  679  682  683  684  685  686  687  688  689  690  691  692  694
  695  696  697  698  699  700  701  702  703  704  705  706  707  708
  709  710 1080  712  713  714  716  717  719  721  722  724  726  727
  728  729  730  731  732  733  734  735  736  737  738  739  740  741
  742  743  744  745  746  747  748  749  750  751  752  754  755  756
  757  759  761  762  763  764  766  767  769  772  773  774  775  776
  777  778  779  780  781  782  785  786  787  788  790  791  792  793
  795  796  797  799  800  802  805  806  807  811  828  846  891  936
  950  983  988  990 1028 1030 1033 1035 1038 1040 1075  771  876]
ids [   8   22   66   77   80   95  110  125  138  263  273  503  504  518
  519  529  534  543  663  678  680  715  718  720  723  725  758  760
  765  768  770  810  903  947  952  953  954  955  956  957  958  959
  960  961  962  963  964  965  967  968  969  970  971  972  973  974
  975  976  977  978  979  980  981  982  984  985  986  987  989  991
  992  994  995  996  997  998  999 1000 1001 1002 1003 1004 1005 1006
 1007 1008 1009 1010 1011 1012 1013 1014 1015 1016 1017 1018 1019 1020
 1021 1022 1023 1024 1025 1026 1027 1029 1031 1032 1034 1036 1037 1039
 1041 1042 1045 1046 1047 1050 1051 1052 1081 1055 1056 1057 1058 1060
 1061 1062 1063 1065 1066 1067 1068 1069 1070 1071 1072 1076 1077 1064]
ids [ 122  140  173  178  185  220  223  230  265  268  270  318  407  408
  409  412  413  414  415  416  417  418  419  420  421  422  423  424
  425  426  427  428  429  430  431  432  433  434  435  436  437  439
  440  441  442  444  446  447  449  451  452  454  456  457  458  459
  460  461  462  463  464  465  466  467  468  469  470  471  472  473
  474  475  476  477  478  479  480  481  482  483  484  485  486  487
  488  489  491  492  494  496  497  499  502  505  506  507  508  509
  510  511  512  513  514  515  516  517  520  521  522  523  524  525
  526  527  528  530  531  532  536  537  539  541  558 1079  588  591
  803  949 1043 1044 1048 1049 1053 1059 1054 1074]
ids [  1   2   3   4   9  10  11  12  13  14  15  16  17  18  19  20  21  23
  24  25  26  27  28  29  30  31  32  33  34  35  36  37  39  41  42  44
  46  47  49  50  51  52  53  54  55  56  57  58  59  60  61  62  63  64
  65  67  68  69  70  71  72  73  74  75  76  78  79  81  83  85  86  88
  89  90  91  93  96  97  98  99 100 101 103 104 105 106 109 111 113 114
 115 116 119 120 121 124 126 128 130 131 132 135 136 544 638 643 644 649
 654 659 664 669 674 815 850 860 893 895 898 900 905 938 945 951 966 993]
18:53:11-INFO: Step 24
18:53:11-DEBUG: Reaction systems: [[None]
 [0]]
18:53:11-DEBUG: rxn_pairs: [array([1, 2])]
18:53:11-DEBUG: Starting total colors: 5
18:53:11-DEBUG: Number of systems: 2
18:53:11-DEBUG: New total colors: 5
18:53:11-DEBUG: Potential energy for color 0: 4971.195029780945
ebond 24 1.1619025079850198
18:53:11-DEBUG: Potential energy for color 1: 4969.452166540065
xhy 24 13 1 2
xhy 24 13 1 2
xhy 24 13 1 2
xhy 24 13 1 2
xhy 24 13 1 2
h_pos [ 7.28251692  9.59484011 10.44191936] x_pos [ 8.21426496 10.55221831 10.42028543] y_pos [ 6.50999128  8.66385811 10.46962503]
h_pos [ 7.28251692  9.59484011 10.44191936] x_pos [ 8.21426496 10.55221831 10.42028543] y_pos [ 6.50999128  8.66385811 10.46962503]
24 rHY 1.2100789062582433 rHX 1.3361120669804019 0.12603316072215853
h_pos [ 7.28251692  9.59484011 10.44191936] x_pos [ 8.21426496 10.55221831 10.42028543] y_pos [ 6.50999128  8.66385811 10.46962503]
24 rHY 1.2100789062582433 rHX 1.3361120669804019 0.12603316072215853
h_pos [ 7.28251692  9.59484011 10.44191936] x_pos [ 8.21426496 10.55221831 10.42028543] y_pos [ 6.50999128  8.66385811 10.46962503]
24 rHY 1.2100789062582433 rHX 1.3361120669804019 0.12603316072215853
h_pos [ 7.28251692  9.59484011 10.44191936] x_pos [ 8.21426496 10.55221831 10.42028543] y_pos [ 6.50999128  8.66385811 10.46962503]
24 rHY 1.2100789062582433 rHX 1.3361120669804019 0.12603316072215853
24 rHY 1.2100789062582433 rHX 1.3361120669804019 0.12603316072215853
24 cpl_forces h [-15.87634172 -17.6607184    0.46457634]
24 cpl_forces h [-15.87634172 -17.6607184    0.46457634]
24 cpl_forces h [-15.87634172 -17.6607184    0.46457634]
24 cpl_forces h [-15.87634172 -17.6607184    0.46457634]
24 cpl_forces h [-15.87634172 -17.6607184    0.46457634]
24 cpl_forces x [ 8.2884882   8.51648473 -0.19244749]
24 cpl_forces x [ 8.2884882   8.51648473 -0.19244749]
24 cpl_forces x [ 8.2884882   8.51648473 -0.19244749]
24 cpl_forces y [ 7.58785352  9.14423368 -0.27212886]
24 cpl_forces x [ 8.2884882   8.51648473 -0.19244749]
24 cpl_forces y [ 7.58785352  9.14423368 -0.27212886]
24 cpl_forces x [ 8.2884882   8.51648473 -0.19244749]
24 cpl_forces y [ 7.58785352  9.14423368 -0.27212886]
24 cpl_forces y [ 7.58785352  9.14423368 -0.27212886]
24 cpl_forces y [ 7.58785352  9.14423368 -0.27212886]
18:53:11-DEBUG: System matrix: 
18:53:11-DEBUG: [[4.97119503e+03 2.94703244e+00]
 [2.94703244e+00 4.96945217e+03]]
18:53:11-DEBUG: Eigen values: 
18:53:11-DEBUG: [4973.39677132 4967.250425  ]
18:53:11-DEBUG: Occupancies: 
18:53:11-DEBUG: [0. 1.]
18:53:11-INFO: coupling 24 2.947032441894659
18:53:11-DEBUG: Amplitudes: 
18:53:11-DEBUG: [0.35821957 0.64178043]
18:53:11-INFO: forces0 h [15.36069879 16.51135563 -0.40879083]
18:53:11-INFO: forces0 x [ -6.10160169 -11.71916078   0.14419095]
18:53:11-INFO: forces0 y [ -3.29756603 -13.20596004   0.12821222]
18:53:11-INFO: forces1 h [-7.83781849 -9.22680662  0.2652292 ]
18:53:11-INFO: forces1 x [ 8.88317879  1.03060552 -0.22875021]
18:53:11-INFO: forces1 y [ 7.10760961  2.38688812 -0.25882347]
pos h  [ 7.28251692  9.59484011 10.44191936]
pos x  [ 8.21426496 10.55221831 10.42028543]
pos y  [ 6.50999128  8.66385811 10.46962503]
 mixed_cpl_forces: h [15.22468525 16.93582084 -0.44550746]
 mixed_cpl_forces: x [-7.94828092 -8.16691916  0.18454834]
 mixed_cpl_forces: y [-7.27640433 -8.76890168  0.26095912]
18:53:11-INFO: mixed forces h [15.69702966 16.92892765 -0.42172542]
18:53:11-INFO: mixed forces x [ -4.43294376 -11.70352945   0.08939295]
18:53:11-INFO: mixed forces y [ -3.89613227 -11.96767694   0.14077941]
reaction would have occurred
18:53:11-DEBUG: Minimum eigen value: 
18:53:11-DEBUG: 4967.2504249986605
18:53:11-DEBUG: Minimum state: 
18:53:11-DEBUG: 0
        24     4967.2504249987     5059.0539760652      657.6140543904     4971.1950297809       91.8035510665      0.50165822
ids [ 137  142  143  144  145  146  147  148  149  150  151  152  154  155
  157  158  159  160  161  162  163  164  165  166  167  169  170  171
  172  174  175  176  177  179  180  181  182  184  187  188  189  190
  191  192  193  194  195  196  197  198  199  200  202  203  204  205
  206  207  208  209  210  211  212  214  215  217  218  219  221  222
  224  225  226  227  229  232  233  235  236  237  240  241  242  243
  245 1073  247  250  251  252  253  254  255  256  257  260  261  262
  266  267  269  271  306  348 1078  393  396  410  443  445  448  450
  455  490  493  495  500  535  538  540  784  789  794  798  804  808
  809  918  933  276]
ids [  7  38  40  43  45  82  84  87  92  94 129 134 274 368 379 384 398 399
 404 668 673 681 693 753 711 783 801 812 816 817 818 819 820 821 822 823
 824 825 826 827 829 830 831 832 833 834 835 836 837 838 839 840 841 842
 843 844 845 847 848 849 851 852 853 854 855 856 857 858 859 861 862 863
 864 865 866 867 868 869 870 871 872 873 874 875 946 877 878 879 880 881
 882 883 884 885 886 887 888 889 890 892 894 896 897 899 901 902 904 906
 907 908 910 911 912 915 916 917 920 921 922 923 925 926 927 948 930 931
 932 934 935 937 939 940 941 942 944 919]
ids [127 141 153 156 168 186 201 213 216 231 272 929 277 278 279 280 281 282
 283 284 285 286 287 288 289 290 291 292 293 294 295 296 297 298 299 300
 301 302 303 304 305 307 308 309 311 312 314 316 317 319 321 322 323 324
 325 326 327 328 329 330 331 332 333 334 335 336 337 338 339 340 341 342
 343 344 345 346 347 349 350 351 352 354 356 357 359 361 362 364 366 367
 369 370 371 372 373 374 375 376 377 380 382 383 385 386 387 388 389 390
 391 392 394 395 397 401 402 381 406 453 498 545 578 580 583 585 590 623
 625 628 630 633 670 675 814 909 913 914 246 924 928 943]
ids [  6 102 107 108 112 117 118 123 133 183 228 275 310 313 315 320 353 355
 358 360 363 365 400 403 411 438 501 542 546 547 548 549 550 551 552 553
 554 555 556 557 559 560 562 563 564 565 566 567 568 569 570 571 572 573
 574 575 576 577 579 581 582 584 586 587 589 592 593 594 595 596 597 598
 599 600 601 602 603 604 605 606 607 608 609 610 611 612 613 614 615 616
 617 618 619 620 621 622 624 626 627 629 631 632 634 635 636 637 639 640
 641 642 645 646 647 648 650 651 652 653 655 656 657 658 660 661 662 665
 666 667 671 672 676 813 405 561]
ids [   5   48  139  234  238  239  244  248  249  258  259  264  378  533
  677  679  682  683  684  685  686  687  688  689  690  691  692  694
  695  696  697  698  699  700  701  702  703  704  705  706  707  708
  709  710 1080  712  713  714  716  717  719  721  722  724  726  727
  728  729  730  731  732  733  734  735  736  737  738  739  740  741
  742  743  744  745  746  747  748  749  750  751  752  754  755  756
  757  759  761  762  763  764  766  767  769  772  773  774  775  776
  777  778  779  780  781  782  785  786  787  788  790  791  792  793
  795  796  797  799  800  802  805  806  807  811  828  846  891  936
  950  983  988  990 1028 1030 1033 1035 1038 1040 1075  771  876]
ids [   8   22   66   77   80   95  110  125  138  263  273  503  504  518
  519  529  534  543  663  678  680  715  718  720  723  725  758  760
  765  768  770  810  903  947  952  953  954  955  956  957  958  959
  960  961  962  963  964  965  967  968  969  970  971  972  973  974
  975  976  977  978  979  980  981  982  984  985  986  987  989  991
  992  994  995  996  997  998  999 1000 1001 1002 1003 1004 1005 1006
 1007 1008 1009 1010 1011 1012 1013 1014 1015 1016 1017 1018 1019 1020
 1021 1022 1023 1024 1025 1026 1027 1029 1031 1032 1034 1036 1037 1039
 1041 1042 1045 1046 1047 1050 1051 1052 1081 1055 1056 1057 1058 1060
 1061 1062 1063 1065 1066 1067 1068 1069 1070 1071 1072 1076 1077 1064]
ids [  1   2   3   4   9  10  11  12  13  14  15  16  17  18  19  20  21  23
  24  25  26  27  28  29  30  31  32  33  34  35  36  37  39  41  42  44
  46  47  49  50  51  52  53  54  55  56  57  58  59  60  61  62  63  64
  65  67  68  69  70  71  72  73  74  75  76  78  79  81  83  85  86  88
  89  90  91  93  96  97  98  99 100 101 103 104 105 106 109 111 113 114
 115 116 119 120 121 124 126 128 130 131 132 135 136 544 638 643 644 649
 654 659 664 669 674 815 850 860 893 895 898 900 905 938 945 951 966 993]
ids [ 122  140  173  178  185  220  223  230  265  268  270  318  407  408
  409  412  413  414  415  416  417  418  419  420  421  422  423  424
  425  426  427  428  429  430  431  432  433  434  435  436  437  439
  440  441  442  444  446  447  449  451  452  454  456  457  458  459
  460  461  462  463  464  465  466  467  468  469  470  471  472  473
  474  475  476  477  478  479  480  481  482  483  484  485  486  487
  488  489  491  492  494  496  497  499  502  505  506  507  508  509
  510  511  512  513  514  515  516  517  520  521  522  523  524  525
  526  527  528  530  531  532  536  537  539  541  558 1079  588  591
  803  949 1043 1044 1048 1049 1053 1059 1054 1074]
18:53:11-INFO: Step 25
18:53:11-DEBUG: Reaction systems: [[None]
 [0]]
18:53:11-DEBUG: rxn_pairs: [array([1, 2])]
18:53:11-DEBUG: Starting total colors: 5
18:53:11-DEBUG: Number of systems: 2
18:53:11-DEBUG: New total colors: 5
18:53:11-DEBUG: Potential energy for color 0: 4966.264312292619
ebond 25 1.0679723012630535
18:53:11-DEBUG: Potential energy for color 1: 4964.149999206056
xhy 25 13 1 2
xhy 25 13 1 2
xhy 25 13 1 2
xhy 25 13 1 2
xhy 25 13 1 2
h_pos [ 7.25305677  9.60696151 10.43077095] x_pos [ 8.21725762 10.54897295 10.42057488] y_pos [ 6.51395873  8.66137545 10.46990487]
25 rHY 1.2008040541029879 rHX 1.3480255181282073 0.1472214640252194
h_pos [ 7.25305677  9.60696151 10.43077095] x_pos [ 8.21725762 10.54897295 10.42057488] y_pos [ 6.51395873  8.66137545 10.46990487]
h_pos [ 7.25305677  9.60696151 10.43077095] x_pos [ 8.21725762 10.54897295 10.42057488] y_pos [ 6.51395873  8.66137545 10.46990487]
25 rHY 1.2008040541029879 rHX 1.3480255181282073 0.1472214640252194
h_pos [ 7.25305677  9.60696151 10.43077095] x_pos [ 8.21725762 10.54897295 10.42057488] y_pos [ 6.51395873  8.66137545 10.46990487]
25 rHY 1.2008040541029879 rHX 1.3480255181282073 0.1472214640252194
h_pos [ 7.25305677  9.60696151 10.43077095] x_pos [ 8.21725762 10.54897295 10.42057488] y_pos [ 6.51395873  8.66137545 10.46990487]
25 rHY 1.2008040541029879 rHX 1.3480255181282073 0.1472214640252194
25 cpl_forces h [-16.84138836 -18.80926399   0.50815641]
25 rHY 1.2008040541029879 rHX 1.3480255181282073 0.1472214640252194
25 cpl_forces h [-16.84138836 -18.80926399   0.50815641]
25 cpl_forces x [ 9.05198359  8.84366799 -0.09572135]
25 cpl_forces h [-16.84138836 -18.80926399   0.50815641]
25 cpl_forces x [ 9.05198359  8.84366799 -0.09572135]
25 cpl_forces h [-16.84138836 -18.80926399   0.50815641]
25 cpl_forces h [-16.84138836 -18.80926399   0.50815641]
25 cpl_forces x [ 9.05198359  8.84366799 -0.09572135]
25 cpl_forces y [ 7.78940477  9.965596   -0.41243506]
25 cpl_forces y [ 7.78940477  9.965596   -0.41243506]
25 cpl_forces x [ 9.05198359  8.84366799 -0.09572135]
25 cpl_forces x [ 9.05198359  8.84366799 -0.09572135]
25 cpl_forces y [ 7.78940477  9.965596   -0.41243506]
25 cpl_forces y [ 7.78940477  9.965596   -0.41243506]
25 cpl_forces y [ 7.78940477  9.965596   -0.41243506]
18:53:11-DEBUG: System matrix: 
18:53:11-DEBUG: [[4.96626431e+03 2.68629221e+00]
 [2.68629221e+00 4.96415000e+03]]
18:53:11-DEBUG: Eigen values: 
18:53:11-DEBUG: [4968.09397853 4962.32033296]
18:53:11-DEBUG: Occupancies: 
18:53:11-DEBUG: [0. 1.]
18:53:11-INFO: coupling 25 2.6862922101248063
18:53:11-DEBUG: Amplitudes: 
18:53:11-DEBUG: [0.31689965 0.68310035]
18:53:11-INFO: forces0 h [16.31096911 17.25722718 -0.35801936]
18:53:11-INFO: forces0 x [-6.93703455e+00 -1.18150163e+01  1.00393582e-02]
18:53:11-INFO: forces0 y [ -3.57633013 -13.68824159   0.21661901]
18:53:11-INFO: forces1 h [-7.23173752 -8.91145837  0.33483025]
18:53:11-INFO: forces1 x [ 8.54822617  0.86485206 -0.21058073]
18:53:11-INFO: forces1 y [ 6.60081386  2.35059712 -0.34241457]
pos h  [ 7.25305677  9.60696151 10.43077095]
pos x  [ 8.21725762 10.54897295 10.42057488]
pos y  [ 6.51395873  8.66137545 10.46990487]
 mixed_cpl_forces: h [15.67151631 17.50269521 -0.47285778]
 mixed_cpl_forces: x [-8.42319561 -8.22935046  0.08907215]
 mixed_cpl_forces: y [-7.2483207  -9.27334475  0.38378563]
18:53:11-INFO: mixed forces h [15.9004542  16.88408405 -0.35759132]
18:53:11-INFO: mixed forces x [ -4.78224309 -11.38274421  -0.05159415]
18:53:11-INFO: mixed forces y [ -3.87264018 -12.00544995   0.2185286 ]
reaction would have occurred
18:53:11-DEBUG: Minimum eigen value: 
18:53:11-DEBUG: 4962.320332963786
18:53:11-DEBUG: Minimum state: 
18:53:11-DEBUG: 0
        25     4962.3203329638     5059.0503084144      692.9033855249     4966.2643122926       96.7299754507      0.50016958
ids [ 122  140  173  178  185  220  223  230  265  268  270  318  407  408
  409  412  413  414  415  416  417  418  419  420  421  422  423  424
  425  426  427  428  429  430  431  432  433  434  435  436  437  439
  440  441  442  444  446  447  449  451  452  454  456  457  458  459
  460  461  462  463  464  465  466  467  468  469  470  471  472  473
  474  475  476  477  478  479  480  481  482  483  484  485  486  487
  488  489  491  492  494  496  497  499  502  505  506  507  508  509
  510  511  512  513  514  515  516  517  520  521  522  523  524  525
  526  527  528  530  531  532  536  537  539  541  558 1079  588  591
  803  949 1043 1044 1048 1049 1053 1059 1054 1074]
ids [   8   22   66   77   80   95  110  125  138  263  273  503  504  518
  519  529  534  543  663  678  680  715  718  720  723  725  758  760
  765  768  770  810  903  947  952  953  954  955  956  957  958  959
  960  961  962  963  964  965  967  968  969  970  971  972  973  974
  975  976  977  978  979  980  981  982  984  985  986  987  989  991
  992  994  995  996  997  998  999 1000 1001 1002 1003 1004 1005 1006
 1007 1008 1009 1010 1011 1012 1013 1014 1015 1016 1017 1018 1019 1020
 1021 1022 1023 1024 1025 1026 1027 1029 1031 1032 1034 1036 1037 1039
 1041 1042 1045 1046 1047 1050 1051 1052 1081 1055 1056 1057 1058 1060
 1061 1062 1063 1065 1066 1067 1068 1069 1070 1071 1072 1076 1077 1064]
ids [ 137  142  143  144  145  146  147  148  149  150  151  152  154  155
  157  158  159  160  161  162  163  164  165  166  167  169  170  171
  172  174  175  176  177  179  180  181  182  184  187  188  189  190
  191  192  193  194  195  196  197  198  199  200  202  203  204  205
  206  207  208  209  210  211  212  214  215  217  218  219  221  222
  224  225  226  227  229  232  233  235  236  237  240  241  242  243
  245 1073  247  250  251  252  253  254  255  256  257  260  261  262
  266  267  269  271  306  348 1078  393  396  410  443  445  448  450
  455  490  493  495  500  535  538  540  784  789  794  798  804  808
  809  918  933  276]
ids [  7  38  40  43  45  82  84  87  92  94 129 134 274 368 379 384 398 399
 404 668 673 681 693 753 711 783 801 812 816 817 818 819 820 821 822 823
 824 825 826 827 829 830 831 832 833 834 835 836 837 838 839 840 841 842
 843 844 845 847 848 849 851 852 853 854 855 856 857 858 859 861 862 863
 864 865 866 867 868 869 870 871 872 873 874 875 946 877 878 879 880 881
 882 883 884 885 886 887 888 889 890 892 894 896 897 899 901 902 904 906
 907 908 910 911 912 915 916 917 920 921 922 923 925 926 927 948 930 931
 932 934 935 937 939 940 941 942 944 919 814]
ids [127 141 153 156 168 186 201 213 216 231 272 929 277 278 279 280 281 282
 283 284 285 286 287 288 289 290 291 292 293 294 295 296 297 298 299 300
 301 302 303 304 305 307 308 309 311 312 314 316 317 319 321 322 323 324
 325 326 327 328 329 330 331 332 333 334 335 336 337 338 339 340 341 342
 343 344 345 346 347 349 350 351 352 354 356 357 359 361 362 364 366 367
 369 370 371 372 373 374 375 376 377 380 382 383 385 386 387 388 389 390
 391 392 394 395 397 401 402 381 406 453 498 545 578 580 583 585 590 623
 625 628 630 633 670 675 943 909 913 914 246 924 928]
ids [  6 102 107 108 112 117 118 123 133 183 228 275 310 313 315 320 353 355
 358 360 363 365 400 403 411 438 501 542 546 547 548 549 550 551 552 553
 554 555 556 557 559 560 562 563 564 565 566 567 568 569 570 571 572 573
 574 575 576 577 579 581 582 584 586 587 589 592 593 594 595 596 597 598
 599 600 601 602 603 604 605 606 607 608 609 610 611 612 613 614 615 616
 617 618 619 620 621 622 624 626 627 629 631 632 634 635 636 637 639 640
 641 642 645 646 647 648 650 651 652 653 655 656 657 658 660 661 662 665
 666 667 671 672 676 813 405 561 128]
ids [   5   48  139  234  238  239  244  248  249  258  259  264  378  533
  677  679  682  683  684  685  686  687  688  689  690  691  692  694
  695  696  697  698  699  700  701  702  703  704  705  706  707  708
  709  710 1080  712  713  714  716  717  719  721  722  724  726  727
  728  729  730  731  732  733  734  735  736  737  738  739  740  741
  742  743  744  745  746  747  748  749  750  751  752  754  755  756
  757  759  761  762  763  764  766  767  769  772  773  774  775  776
  777  778  779  780  781  782  785  786  787  788  790  791  792  793
  795  796  797  799  800  802  805  806  807  811  828  846  891  936
  950  983  988  990 1028 1030 1033 1035 1038 1040 1075  771  876]
ids [  1   2   3   4   9  10  11  12  13  14  15  16  17  18  19  20  21  23
  24  25  26  27  28  29  30  31  32  33  34  35  36  37  39  41  42  44
  46  47  49  50  51  52  53  54  55  56  57  58  59  60  61  62  63  64
  65  67  68  69  70  71  72  73  74  75  76  78  79  81  83  85  86  88
  89  90  91  93  96  97  98  99 100 101 103 104 105 106 109 111 113 114
 115 116 119 120 121 124 126 993 130 131 132 135 136 544 638 643 644 649
 654 659 664 669 674 815 850 860 893 895 898 900 905 938 945 951 966]
18:53:11-INFO: Step 26
18:53:11-DEBUG: Reaction systems: [[None]
 [0]]
18:53:11-DEBUG: rxn_pairs: [array([1, 2])]
18:53:11-DEBUG: Starting total colors: 5
18:53:11-DEBUG: Number of systems: 2
18:53:11-DEBUG: New total colors: 5
18:53:11-DEBUG: Potential energy for color 0: 4961.248563009318
ebond 26 1.0796566278994837
18:53:11-DEBUG: Potential energy for color 1: 4959.091426613016
xhy 26 13 1 2
xhy 26 13 1 2
xhy 26 13 1 2
xhy 26 13 1 2
xhy 26 13 1 2
h_pos [ 7.2298152   9.62568573 10.41948333] x_pos [ 8.22012903 10.54544793 10.42086317] y_pos [ 6.5178291   8.65859777 10.47019011]
h_pos [ 7.2298152   9.62568573 10.41948333] x_pos [ 8.22012903 10.54544793 10.42086317] y_pos [ 6.5178291   8.65859777 10.47019011]
26 rHY 1.2019794150084369 rHX 1.3515494455436725 0.14957003053523565
26 rHY 1.2019794150084369 rHX 1.3515494455436725 0.14957003053523565
h_pos [ 7.2298152   9.62568573 10.41948333] x_pos [ 8.22012903 10.54544793 10.42086317] y_pos [ 6.5178291   8.65859777 10.47019011]
h_pos [ 7.2298152   9.62568573 10.41948333] x_pos [ 8.22012903 10.54544793 10.42086317] y_pos [ 6.5178291   8.65859777 10.47019011]
h_pos [ 7.2298152   9.62568573 10.41948333] x_pos [ 8.22012903 10.54544793 10.42086317] y_pos [ 6.5178291   8.65859777 10.47019011]
26 rHY 1.2019794150084369 rHX 1.3515494455436725 0.14957003053523565
26 rHY 1.2019794150084369 rHX 1.3515494455436725 0.14957003053523565
26 rHY 1.2019794150084369 rHX 1.3515494455436725 0.14957003053523565
26 cpl_forces h [-16.84779148 -18.88257047   0.52340013]
26 cpl_forces h [-16.84779148 -18.88257047   0.52340013]
26 cpl_forces x [9.3163378  8.6526262  0.01298074]
26 cpl_forces h [-16.84779148 -18.88257047   0.52340013]
26 cpl_forces x [9.3163378  8.6526262  0.01298074]
26 cpl_forces h [-16.84779148 -18.88257047   0.52340013]
26 cpl_forces h [-16.84779148 -18.88257047   0.52340013]
26 cpl_forces y [ 7.53145368 10.22994427 -0.53638086]
26 cpl_forces x [9.3163378  8.6526262  0.01298074]
26 cpl_forces y [ 7.53145368 10.22994427 -0.53638086]
26 cpl_forces x [9.3163378  8.6526262  0.01298074]
26 cpl_forces x [9.3163378  8.6526262  0.01298074]
26 cpl_forces y [ 7.53145368 10.22994427 -0.53638086]
26 cpl_forces y [ 7.53145368 10.22994427 -0.53638086]
26 cpl_forces y [ 7.53145368 10.22994427 -0.53638086]
18:53:11-DEBUG: System matrix: 
18:53:11-DEBUG: [[4.96124856e+03 2.65649963e+00]
 [2.65649963e+00 4.95909143e+03]]
18:53:11-DEBUG: Eigen values: 
18:53:11-DEBUG: [4963.03710131 4957.30288831]
18:53:11-DEBUG: Occupancies: 
18:53:11-DEBUG: [0. 1.]
18:53:11-INFO: coupling 26 2.6564996342277634
18:53:11-DEBUG: Amplitudes: 
18:53:11-DEBUG: [0.3119065 0.6880935]
18:53:11-INFO: forces0 h [16.50338627 17.11180622 -0.27894921]
18:53:11-INFO: forces0 x [ -7.49732504 -11.62003615  -0.13229034]
18:53:11-INFO: forces0 y [ -3.37043206 -13.55823011   0.28497004]
18:53:11-INFO: forces1 h [-7.02309689 -9.05994593  0.41877963]
18:53:11-INFO: forces1 x [ 8.31472311  0.79952791 -0.19546256]
18:53:11-INFO: forces1 y [ 6.39461368  2.68495318 -0.43715306]
pos h  [ 7.2298152   9.62568573 10.41948333]
pos x  [ 8.22012903 10.54544793 10.42086317]
pos y  [ 6.5178291   8.65859777 10.47019011]
 mixed_cpl_forces: h [15.61021606 17.49552784 -0.48495312]
 mixed_cpl_forces: x [-8.63199465 -8.01703681 -0.01202722]
 mixed_cpl_forces: y [-6.97822141 -9.47849103  0.49698034]
18:53:11-INFO: mixed forces h [15.92518217 16.59872149 -0.28379965]
18:53:11-INFO: mixed forces x [ -5.24915212 -11.09125165  -0.18778595]
18:53:11-INFO: mixed forces y [ -3.62938896 -11.85989227   0.28506217]
reaction would have occurred
18:53:11-DEBUG: Minimum eigen value: 
18:53:11-DEBUG: 4957.302888314241
18:53:11-DEBUG: Minimum state: 
18:53:11-DEBUG: 0
        26     4957.3028883142     5059.0481402393      728.8291885895     4961.2485630093      101.7452519251      0.50536250
ids [ 137  142  143  144  145  146  147  148  149  150  151  152  154  155
  157  158  159  160  161  162  163  164  165  166  167  169  170  171
  172  174  175  176  177  179  180  181  182  184  187  188  189  190
  191  192  193  194  195  196  197  198  199  200  202  203  204  205
  206  207  208  209  210  211  212  214  215  217  218  219  221  222
  224  225  226  227  229  232  233  235  236  237  240  241  242  243
  245 1073  247  250  251  252  253  254  255  256  257  260  261  262
  266  267  269  271  306  348 1078  393  396  410  443  445  448  450
  455  490  493  495  500  535  538  540  784  789  794  798  804  808
  809  918  933  276]
ids [  7  38  40  43  45  82  84  87  92  94 129 134 274 368 379 384 398 399
 404 668 673 681 693 753 711 783 801 812 816 817 818 819 820 821 822 823
 824 825 826 827 829 830 831 832 833 834 835 836 837 838 839 840 841 842
 843 844 845 847 848 849 851 852 853 854 855 856 857 858 859 861 862 863
 864 865 866 867 868 869 870 871 872 873 874 875 946 877 878 879 880 881
 882 883 884 885 886 887 888 889 890 892 894 896 897 899 901 902 904 906
 907 908 910 911 912 915 916 917 920 921 922 923 925 926 927 948 930 931
 932 934 935 937 939 940 941 942 944 919 814 860]
ids [127 141 153 156 168 186 201 213 216 231 272 929 277 278 279 280 281 282
 283 284 285 286 287 288 289 290 291 292 293 294 295 296 297 298 299 300
 301 302 303 304 305 307 308 309 311 312 314 316 317 319 321 322 323 324
 325 326 327 328 329 330 331 332 333 334 335 336 337 338 339 340 341 342
 343 344 345 346 347 349 350 351 352 354 356 357 359 361 362 364 366 367
 369 370 371 372 373 374 375 376 377 380 382 383 385 386 387 388 389 390
 391 392 394 395 397 401 402 381 406 453 498 545 578 580 583 585 590 623
 625 628 630 633 670 675 943 909 913 914 246 924 928]
ids [  6 102 107 108 112 117 118 123 133 183 228 275 310 313 315 320 353 355
 358 360 363 365 400 403 411 438 501 542 546 547 548 549 550 551 552 553
 554 555 556 557 559 560 562 563 564 565 566 567 568 569 570 571 572 573
 574 575 576 577 579 581 582 584 586 587 589 592 593 594 595 596 597 598
 599 600 601 602 603 604 605 606 607 608 609 610 611 612 613 614 615 616
 617 618 619 620 621 622 624 626 627 629 631 632 634 635 636 637 639 640
 641 642 645 646 647 648 650 651 652 653 655 656 657 658 660 661 662 665
 666 667 671 672 676 813 405 561 128 426]
ids [  1   2   3   4   9  10  11  12  13  14  15  16  17  18  19  20  21  23
  24  25  26  27  28  29  30  31  32  33  34  35  36  37  39  41  42  44
  46  47  49  50  51  52  53  54  55  56  57  58  59  60  61  62  63  64
  65  67  68  69  70  71  72  73  74  75  76  78  79  81  83  85  86  88
  89  90  91  93  96  97  98  99 100 101 103 104 105 106 109 111 113 114
 115 116 119 120 121 124 126 993 130 131 132 135 136 544 638 643 644 649
 654 659 664 669 674 815 850 966 893 895 898 900 905 938 945 951]
ids [   5   48  139  234  238  239  244  248  249  258  259  264  378  533
  677  679  682  683  684  685  686  687  688  689  690  691  692  694
  695  696  697  698  699  700  701  702  703  704  705  706  707  708
  709  710 1080  712  713  714  716  717  719  721  722  724  726  727
  728  729  730  731  732  733  734  735  736  737  738  739  740  741
  742  743  744  745  746  747  748  749  750  751  752  754  755  756
  757  759  761  762  763  764  766  767  769  772  773  774  775  776
  777  778  779  780  781  782  785  786  787  788  790  791  792  793
  795  796  797  799  800  802  805  806  807  811  828  846  891  936
  950  983  988  990 1028 1030 1033 1035 1038 1040 1075  771  876]
ids [ 122  140  173  178  185  220  223  230  265  268  270  318  407  408
  409  412  413  414  415  416  417  418  419  420  421  422  423  424
  425 1074  427  428  429  430  431  432  433  434  435  436  437  439
  440  441  442  444  446  447  449  451  452  454  456  457  458  459
  460  461  462  463  464  465  466  467  468  469  470  471  472  473
  474  475  476  477  478  479  480  481  482  483  484  485  486  487
  488  489  491  492  494  496  497  499  502  505  506  507  508  509
  510  511  512  513  514  515  516  517  520  521  522  523  524  525
  526  527  528  530  531  532  536  537  539  541  558 1079  588  591
  803  949 1043 1044 1048 1049 1053 1059 1054]
ids [   8   22   66   77   80   95  110  125  138  263  273  503  504  518
  519  529  534  543  663  678  680  715  718  720  723  725  758  760
  765  768  770  810  903  947  952  953  954  955  956  957  958  959
  960  961  962  963  964  965  967  968  969  970  971  972  973  974
  975  976  977  978  979  980  981  982  984  985  986  987  989  991
  992  994  995  996  997  998  999 1000 1001 1002 1003 1004 1005 1006
 1007 1008 1009 1010 1011 1012 1013 1014 1015 1016 1017 1018 1019 1020
 1021 1022 1023 1024 1025 1026 1027 1029 1031 1032 1034 1036 1037 1039
 1041 1042 1045 1046 1047 1050 1051 1052 1081 1055 1056 1057 1058 1060
 1061 1062 1063 1065 1066 1067 1068 1069 1070 1071 1072 1076 1077 1064]
18:53:11-INFO: Step 27
18:53:11-DEBUG: Reaction systems: [[None]
 [0]]
18:53:11-DEBUG: rxn_pairs: [array([1, 2])]
18:53:11-DEBUG: Starting total colors: 5
18:53:11-DEBUG: Number of systems: 2
18:53:11-DEBUG: New total colors: 5
18:53:11-DEBUG: Potential energy for color 0: 4956.177688081351
ebond 27 1.1950218363575666
18:53:11-DEBUG: Potential energy for color 1: 4954.2972361623515
xhy 27 13 1 2
xhy 27 13 1 2
xhy 27 13 1 2
xhy 27 13 1 2
xhy 27 13 1 2
h_pos [ 7.212691    9.65077939 10.40808828] x_pos [ 8.22287267 10.54165415 10.42114685] y_pos [ 6.52161145  8.65553375 10.47048225]
27 rHY 1.2132591835478728 rHX 1.3469578170375351 0.13369863348966238
h_pos [ 7.212691    9.65077939 10.40808828] x_pos [ 8.22287267 10.54165415 10.42114685] y_pos [ 6.52161145  8.65553375 10.47048225]
27 rHY 1.2132591835478728 rHX 1.3469578170375351 0.13369863348966238
h_pos [ 7.212691    9.65077939 10.40808828] x_pos [ 8.22287267 10.54165415 10.42114685] y_pos [ 6.52161145  8.65553375 10.47048225]
h_pos [ 7.212691    9.65077939 10.40808828] x_pos [ 8.22287267 10.54165415 10.42114685] y_pos [ 6.52161145  8.65553375 10.47048225]
h_pos [ 7.212691    9.65077939 10.40808828] x_pos [ 8.22287267 10.54165415 10.42114685] y_pos [ 6.52161145  8.65553375 10.47048225]
27 rHY 1.2132591835478728 rHX 1.3469578170375351 0.13369863348966238
27 rHY 1.2132591835478728 rHX 1.3469578170375351 0.13369863348966238
27 rHY 1.2132591835478728 rHX 1.3469578170375351 0.13369863348966238
27 cpl_forces h [-16.11619381 -18.09626765   0.50967716]
27 cpl_forces h [-16.11619381 -18.09626765   0.50967716]
27 cpl_forces h [-16.11619381 -18.09626765   0.50967716]
27 cpl_forces h [-16.11619381 -18.09626765   0.50967716]
27 cpl_forces x [9.1595196  8.0777399  0.11840463]
27 cpl_forces x [9.1595196  8.0777399  0.11840463]
27 cpl_forces h [-16.11619381 -18.09626765   0.50967716]
27 cpl_forces y [ 6.95667421 10.01852775 -0.62808179]
27 cpl_forces y [ 6.95667421 10.01852775 -0.62808179]
27 cpl_forces x [9.1595196  8.0777399  0.11840463]
27 cpl_forces x [9.1595196  8.0777399  0.11840463]
27 cpl_forces x [9.1595196  8.0777399  0.11840463]
27 cpl_forces y [ 6.95667421 10.01852775 -0.62808179]
27 cpl_forces y [ 6.95667421 10.01852775 -0.62808179]
27 cpl_forces y [ 6.95667421 10.01852775 -0.62808179]
18:53:11-DEBUG: System matrix: 
18:53:11-DEBUG: [[4.95617769e+03 2.85463286e+00]
 [2.85463286e+00 4.95429724e+03]]
18:53:11-DEBUG: Eigen values: 
18:53:11-DEBUG: [4958.24294938 4952.23197487]
18:53:11-DEBUG: Occupancies: 
18:53:11-DEBUG: [0. 1.]
18:53:11-INFO: coupling 27 2.854632862352126
18:53:11-DEBUG: Amplitudes: 
18:53:11-DEBUG: [0.34358178 0.65641822]
18:53:11-INFO: forces0 h [16.0191117  16.10200188 -0.15835772]
18:53:11-INFO: forces0 x [ -7.7753797  -11.15860906  -0.27515065]
18:53:11-INFO: forces0 y [ -2.76776862 -12.81917394   0.31241233]
18:53:11-INFO: forces1 h [-7.17020268 -9.65901194  0.52372075]
18:53:11-INFO: forces1 x [ 8.17678349  0.8141884  -0.17971942]
18:53:11-INFO: forces1 y [ 6.45362459  3.39667522 -0.55333774]
pos h  [ 7.212691    9.65077939 10.40808828]
pos x  [ 8.22287267 10.54165415 10.42114685]
pos y  [ 6.52161145  8.65553375 10.47048225]
 mixed_cpl_forces: h [15.30727386 17.18796187 -0.48409494]
 mixed_cpl_forces: x [-8.69977593 -7.67229398 -0.11246155]
 mixed_cpl_forces: y [-6.60749793 -9.51566788  0.59655649]
18:53:11-INFO: mixed forces h [16.10449698 16.37996479 -0.19472392]
18:53:11-INFO: mixed forces x [ -6.00386499 -10.9717406   -0.3249694 ]
18:53:11-INFO: mixed forces y [ -3.322176   -11.69046291   0.34067469]
reaction would have occurred
18:53:11-DEBUG: Minimum eigen value: 
18:53:11-DEBUG: 4952.231974867887
18:53:11-DEBUG: Minimum state: 
18:53:11-DEBUG: 0
        27     4952.2319748679     5059.0389467128      765.0876788115     4956.1776880814      106.8069718450      0.51070395
ids [  1   2   3   4   9  10  11  12  13  14  15  16  17  18  19  20  21  23
  24  25  26  27  28  29  30  31  32  33  34  35  36  37  39  41  42  44
  46  47  49  50  51  52  53  54  55  56  57  58  59  60  61  62  63  64
  65  67  68  69  70  71  72  73  74  75  76  78  79  81  83  85  86  88
  89  90  91  93  96  97  98  99 100 101 103 104 105 106 109 111 113 114
 115 116 119 120 121 124 126 993 130 131 132 135 136 544 638 643 644 649
 654 659 664 669 674 815 850 966 893 895 898 900 905 938 945 951]
ids [   8   22   66   77   80   95  110  125  138  263  273  503  504  518
  519  529  534  543  663  678  680  715  718  720  723  725  758  760
  765  768  770  810  903  947  952  953  954  955  956  957  958  959
  960  961  962  963  964  965  967  968  969  970  971  972  973  974
  975  976  977  978  979  980  981  982  984  985  986  987  989  991
  992  994  995  996  997  998  999 1000 1001 1002 1003 1004 1005 1006
 1007 1008 1009 1010 1011 1012 1013 1014 1015 1016 1017 1018 1019 1020
 1021 1022 1023 1024 1025 1026 1027 1029 1031 1032 1034 1036 1037 1039
 1041 1042 1045 1046 1047 1050 1051 1052 1081 1055 1056 1057 1058 1060
 1061 1062 1063 1065 1066 1067 1068 1069 1070 1071 1072 1076 1077 1064]
ids [   5   48  139  234  238  239  244  248  249  258  259  264  378  533
  677  679  682  683  684  685  686  687  688  689  690  691  692  694
  695  696  697  698  699  700  701  702  703  704  705  706  707  708
  709  710 1080  712  713  714  716  717  719  721  722  724  726  727
  728  729  730  731  732  733  734  735  736  737  738  739  740  741
  742  743  744  745  746  747  748  749  750  751  752  754  755  756
  757  759  761  762  763  764  766  767  769  772  773  774  775  776
  777  778  779  780  781  782  785  786  787  788  790  791  792  793
  795  796  797  799  800  802  805  806  807  811  828  876  891  771
  950  983  988  990 1028 1030 1033 1035 1038 1040 1075]
ids [ 122  140  173  178  185  220  223  230  265  268  270  318  407  408
  409  412  413  414  415  416  417  418  419  420  421  422  423  424
  425 1074  427  428  429  430  431  432  433  434  435  436  437  439
  440  441  442  444  446  447  449  451  452  454  456  457  458  459
  460  461  462  463  464  465  466  467  468  469  470  471  472  473
  474  475  476  477  478  479  480  481  482  483  484  485  486  487
  488  489  491  492  494  496  497  499  502  505  506  507  508  509
  510  511  512  513  514  515  516  517  520  521  522  523  524  525
  526  527  528  530  531  532  536  537  539  541  558 1079  588  591
  803  949 1043 1044 1048 1049 1053 1059 1054]
ids [  6 102 107 108 112 117 118 123 133 183 228 275 310 313 315 320 353 355
 358 360 363 365 400 403 411 438 501 542 546 547 548 549 550 551 552 553
 554 555 556 557 559 560 562 563 564 565 566 567 568 569 570 571 572 573
 574 575 576 577 579 581 582 584 586 587 589 592 593 594 595 596 597 598
 599 600 601 602 603 604 605 606 607 608 609 610 611 612 613 614 615 616
 617 618 619 620 621 622 624 626 627 629 631 632 634 635 636 637 639 640
 641 642 645 646 647 648 650 651 652 653 655 656 657 658 660 661 662 665
 666 667 671 672 676 813 405 561 128 426]
ids [ 137  142  143  144  145  146  147  148  149  150  151  152  154  155
  157  158  159  160  161  162  163  164  165  166  167  169  170  171
  172  174  175  176  177  179  180  181  182  184  187  188  189  190
  191  192  193  194  195  196  197  198  199  200  202  203  204  205
  206  207  208  209  210  211  212  214  215  217  218  219  221  222
  224  225  226  227  229  232  233  235  236  237  240  241  242  243
  245 1073  247  250  251  252  253  254  255  256  257  260  276  262
  266  267  269  271  306  348 1078  393  396  410  443  445  448  450
  455  490  493  495  500  535  538  540  784  789  794  798  804  808
  809  918  933  216]
ids [  7  38  40  43  45  82  84  87  92  94 129 134 274 368 379 384 398 399
 404 668 673 681 693 753 711 783 801 812 816 817 818 819 820 821 822 823
 824 825 826 827 829 830 831 832 833 834 835 836 837 838 839 840 841 842
 843 844 845 847 848 849 851 852 853 854 855 856 857 858 859 861 862 863
 864 865 866 867 868 869 870 871 872 873 874 875 946 877 878 879 880 881
 882 883 884 885 886 887 888 889 890 892 894 896 897 899 901 902 904 906
 907 908 910 911 912 915 916 917 920 921 922 923 925 926 927 948 930 931
 932 934 935 937 939 940 941 942 944 919 814 860 846 936]
ids [127 141 153 156 168 186 201 213 928 231 272 929 277 278 279 280 281 282
 283 284 285 286 287 288 289 290 291 292 293 294 295 296 297 298 299 300
 301 302 303 304 305 307 308 309 311 312 314 316 317 319 321 322 323 324
 325 326 327 328 329 330 331 332 333 334 335 336 337 338 339 340 341 342
 343 344 345 346 347 349 350 351 352 354 356 357 359 361 362 364 366 367
 369 370 371 372 373 374 375 376 377 380 382 383 385 386 387 388 389 390
 391 392 394 395 397 401 402 381 406 453 498 545 578 580 583 585 590 623
 625 628 630 633 670 675 943 909 913 914 246 924 261]
18:53:11-INFO: Step 28
18:53:11-DEBUG: Reaction systems: [[None]
 [0]]
18:53:11-DEBUG: rxn_pairs: [array([1, 2])]
18:53:11-DEBUG: Starting total colors: 5
18:53:11-DEBUG: Number of systems: 2
18:53:11-DEBUG: New total colors: 5
18:53:11-DEBUG: Potential energy for color 0: 4951.1089984346745
ebond 28 1.424999121463936
18:53:11-DEBUG: Potential energy for color 1: 4949.802810587213
xhy 28 13 1 2
xhy 28 13 1 2
xhy 28 13 1 2
xhy 28 13 1 2
xhy 28 13 1 2
h_pos [ 7.20159387  9.68198103 10.39662484] x_pos [ 8.2254772  10.53759977 10.42142262] y_pos [ 6.5253172   8.65219454 10.47078227]
h_pos [ 7.20159387  9.68198103 10.39662484] x_pos [ 8.2254772  10.53759977 10.42142262] y_pos [ 6.5253172   8.65219454 10.47078227]
28 rHY 1.2342243159612418 rHX 1.3345543921782423 0.10033007621700052
28 rHY 1.2342243159612418 rHX 1.3345543921782423 0.10033007621700052
h_pos [ 7.20159387  9.68198103 10.39662484] x_pos [ 8.2254772  10.53759977 10.42142262] y_pos [ 6.5253172   8.65219454 10.47078227]
h_pos [ 7.20159387  9.68198103 10.39662484] x_pos [ 8.2254772  10.53759977 10.42142262] y_pos [ 6.5253172   8.65219454 10.47078227]
h_pos [ 7.20159387  9.68198103 10.39662484] x_pos [ 8.2254772  10.53759977 10.42142262] y_pos [ 6.5253172   8.65219454 10.47078227]
28 cpl_forces h [-13.65744285 -15.32252743   0.43099667]
28 cpl_forces h [-13.65744285 -15.32252743   0.43099667]
28 rHY 1.2342243159612418 rHX 1.3345543921782423 0.10033007621700052
28 rHY 1.2342243159612418 rHX 1.3345543921782423 0.10033007621700052
28 rHY 1.2342243159612418 rHX 1.3345543921782423 0.10033007621700052
28 cpl_forces h [-13.65744285 -15.32252743   0.43099667]
28 cpl_forces h [-13.65744285 -15.32252743   0.43099667]
28 cpl_forces x [7.9672686  6.65793068 0.19296195]
28 cpl_forces x [7.9672686  6.65793068 0.19296195]
28 cpl_forces y [ 5.69017425  8.66459675 -0.62395862]
28 cpl_forces h [-13.65744285 -15.32252743   0.43099667]
28 cpl_forces x [7.9672686  6.65793068 0.19296195]
28 cpl_forces y [ 5.69017425  8.66459675 -0.62395862]
28 cpl_forces x [7.9672686  6.65793068 0.19296195]
28 cpl_forces x [7.9672686  6.65793068 0.19296195]
28 cpl_forces y [ 5.69017425  8.66459675 -0.62395862]
28 cpl_forces y [ 5.69017425  8.66459675 -0.62395862]
28 cpl_forces y [ 5.69017425  8.66459675 -0.62395862]
18:53:11-DEBUG: System matrix: 
18:53:11-DEBUG: [[4.95110900e+03 3.23455204e+00]
 [3.23455204e+00 4.94980281e+03]]
18:53:11-DEBUG: Eigen values: 
18:53:11-DEBUG: [4953.75573157 4947.15607746]
18:53:11-DEBUG: Occupancies: 
18:53:11-DEBUG: [0. 1.]
18:53:11-INFO: coupling 28 3.234552044064032
18:53:11-DEBUG: Amplitudes: 
18:53:11-DEBUG: [0.40104119 0.59895881]
18:53:11-INFO: forces0 h [ 1.50536411e+01  1.44509249e+01 -2.80681581e-04]
18:53:11-INFO: forces0 x [ -7.76546952 -10.45682241  -0.41098627]
18:53:11-INFO: forces0 y [ -1.96898978 -11.6689325    0.29545107]
18:53:11-INFO: forces1 h [ -7.65555815 -10.70976898   0.6545698 ]
18:53:11-INFO: forces1 x [ 8.15171283  0.90953271 -0.15967182]
18:53:11-INFO: forces1 y [ 6.74377436  4.4856096  -0.69953272]
pos h  [ 7.20159387  9.68198103 10.39662484]
pos x  [ 8.2254772  10.53759977 10.42142262]
pos y  [ 6.5253172   8.65219454 10.47078227]
 mixed_cpl_forces: h [13.38728028 15.01942725 -0.42247097]
 mixed_cpl_forces: x [-7.80966532 -6.52622787 -0.1891449 ]
 mixed_cpl_forces: y [-5.57761496 -8.49319939  0.61161588]
18:53:11-INFO: mixed forces h [14.83904639 14.40013286 -0.03052319]
18:53:11-INFO: mixed forces x [ -6.04139823 -10.17507173  -0.44960417]
18:53:11-INFO: mixed forces y [ -2.32801789 -10.48622656   0.31111264]
reaction would have occurred
18:53:11-DEBUG: Minimum eigen value: 
18:53:11-DEBUG: 4947.156077455025
18:53:11-DEBUG: Minimum state: 
18:53:11-DEBUG: 0
        28     4947.1560774550     5059.0325695545      801.4020449730     4951.1089984347      111.8764920994      0.51502251
ids [127 141 153 156 168 186 201 213 928 231 272 929 277 278 279 280 281 282
 283 284 285 286 287 288 289 290 291 292 293 294 295 296 297 298 299 300
 301 302 303 304 305 307 308 309 311 312 314 316 317 319 261 322 323 324
 325 326 327 328 329 330 331 332 333 334 335 336 337 338 339 340 341 342
 343 344 345 346 347 349 350 351 352 354 356 357 359 361 362 364 366 367
 369 370 371 372 373 374 375 376 377 380 382 383 385 386 387 388 389 390
 391 392 394 395 397 401 402 381 406 453 498 545 578 580 583 585 590 623
 625 628 630 633 670 675 943 909 913 914 246 924]
ids [   8   22   66   77   80   95  110  125  138  263  273  503  504  518
  519  529  534  543  663  678  680  715  718  720  723  725  758  760
  765  768  770  810  903  947  952  953  954  955  956  957  958  959
  960  961  962  963  964  965  967  968  969  970  971  972  973  974
  975  976  977  978  979  980  981  982  984  985  986  987  989  991
  992  994  995  996  997  998  999 1000 1001 1002 1003 1004 1005 1006
 1007 1008 1009 1010 1011 1012 1013 1014 1015 1016 1017 1018 1019 1020
 1021 1022 1023 1024 1025 1026 1027 1029 1031 1032 1034 1036 1037 1039
 1041 1042 1045 1046 1047 1050 1051 1052 1081 1055 1056 1057 1058 1060
 1061 1062 1063 1065 1066 1067 1068 1069 1070 1071 1072 1076 1077 1064]
ids [   5   48  139  234  238  239  244  248  249  258  259  264  378  533
  677  679  682  683  684  685  686  687  688  689  690  691  692  694
  695  696  697  698  699  700  701  702  703  704  705  706  707  708
  709  710 1080  712  713  714  716  717  719  721  722  724  726  727
  728  729  730  731  732  733  734  735  736  737  738  739  740  741
  742  743  744  745  746  747  748  749  750  751  752  754  755  756
  757  759  761  762  763  764  766  767  769  772  773  774  775  776
  777  778  779  780  781  782  785  786  787  788  790  791  792  793
  795  796  797  799  800  802  805  806  807  811  828  876  891  771
  950  983  988  990 1028 1030 1033 1035 1038 1040 1075]
ids [ 122  140  173  178  185  220  223  230  265  268  270  318  407  408
  409  412  413  414  415  416  417  418  419  420  421  422  423  424
  425 1074  427  428  429  430  431  432  433  434  435  436  437  439
  440  441  442  444  446  447  449  451  452  454  456  457  458  459
  460  461  462  463  464  465  466  467  468  469  470  471  472  473
  474  475  476  477  478  479  480  481  482  483  484  485  486  487
  488  489  491  492  494  496  497  499  502  505  506  507  508  509
  510  511  512  513  514  515  516  517  520  521  522  523  524  525
  526  527  528  530  531  532  536  537  539  541  558 1079  588  591
  803  949 1043 1044 1048 1049 1053 1059 1054]
ids [  6 102 107 108 112 117 118 123 133 183 228 275 310 313 315 320 353 355
 358 360 363 365 400 403 411 438 501 542 546 547 548 549 550 551 552 553
 554 555 556 557 559 560 562 563 564 565 566 567 568 569 570 571 572 573
 574 575 576 577 579 581 582 584 586 587 589 592 593 594 595 596 597 598
 599 600 601 602 603 604 605 606 607 608 609 610 611 612 613 614 615 616
 617 618 619 620 621 622 624 626 627 629 631 632 634 635 636 637 639 640
 641 642 645 646 647 648 650 651 652 653 655 656 657 658 660 661 662 665
 666 667 671 672 676 813 405 561 128 426]
ids [ 137  142  143  144  145  146  147  148  149  150  151  152  154  155
  157  158  159  160  161  162  163  164  165  166  167  169  170  171
  172  174  175  176  177  179  180  181  182  184  187  188  189  190
  191  192  193  194  195  196  197  198  199  200  202  203  204  205
  206  207  208  209  210  211  212  214  215  217  218  219  221  222
  224  225  226  227  229  232  233  235  236  237  240  241  242  243
  245 1073  247  250  251  252  253  254  255  256  257  260  276  262
  266  267  269  271  306  348 1078  393  396  410  443  445  448  450
  455  490  493  495  500  535  538  540  784  789  794  798  804  808
  809  918  933  216  321]
ids [  7  38  40  43  45  82  84  87  92  94 129 134 274 368 379 384 398 399
 404 668 673 681 693 753 711 783 801 812 816 817 818 819 820 821 822 823
 824 825 826 827 829 830 831 832 833 834 835 836 837 838 839 840 841 842
 843 844 845 847 848 849 851 852 853 854 855 856 857 858 859 861 862 863
 864 865 866 867 868 869 870 871 872 873 874 875 946 877 878 879 880 881
 882 883 884 885 886 887 888 889 890 892 894 896 897 899 901 902 904 906
 907 908 910 911 912 915 916 917 920 921 922 923 925 926 927 948 930 931
 932 934 935 937 939 940 941 942 944 919 814 860 846 936]
ids [  1   2   3   4   9  10  11  12  13  14  15  16  17  18  19  20  21  23
  24  25  26  27  28  29  30  31  32  33  34  35  36  37  39  41  42  44
  46  47  49  50  51  52  53  54  55  56  57  58  59  60  61  62  63  64
  65  67  68  69  70  71  72  73  74  75  76  78  79  81  83  85  86  88
  89  90  91  93  96  97  98  99 100 101 103 104 105 106 109 111 113 114
 115 116 119 120 121 124 126 993 130 131 132 135 136 544 638 643 644 649
 654 659 664 669 674 815 850 966 893 895 898 900 905 938 945 951]
18:53:11-INFO: Step 29
18:53:11-DEBUG: Reaction systems: [[None]
 [0]]
18:53:11-DEBUG: rxn_pairs: [array([1, 2])]
18:53:11-DEBUG: Starting total colors: 5
18:53:11-DEBUG: Number of systems: 2
18:53:11-DEBUG: New total colors: 5
18:53:11-DEBUG: Potential energy for color 0: 4946.119456757768
ebond 29 1.7870903628005363
18:53:11-DEBUG: Potential energy for color 1: 4945.651267049517
xhy 29 13 1 2
xhy 29 13 1 2
xhy 29 13 1 2
xhy 29 13 1 2
xhy 29 13 1 2
h_pos [ 7.19622434  9.71874807 10.38514857] x_pos [ 8.22793654 10.53329874 10.42168741] y_pos [ 6.52896444  8.64860168 10.47108994]
h_pos [ 7.19622434  9.71874807 10.38514857] x_pos [ 8.22793654 10.53329874 10.42168741] y_pos [ 6.52896444  8.64860168 10.47108994]
h_pos [ 7.19622434  9.71874807 10.38514857] x_pos [ 8.22793654 10.53329874 10.42168741] y_pos [ 6.52896444  8.64860168 10.47108994]
29 rHY 1.26405498070164 rHX 1.3150125243286452 0.05095754362700533
h_pos [ 7.19622434  9.71874807 10.38514857] x_pos [ 8.22793654 10.53329874 10.42168741] y_pos [ 6.52896444  8.64860168 10.47108994]
29 rHY 1.26405498070164 rHX 1.3150125243286452 0.05095754362700533
29 rHY 1.26405498070164 rHX 1.3150125243286452 0.05095754362700533
h_pos [ 7.19622434  9.71874807 10.38514857] x_pos [ 8.22793654 10.53329874 10.42168741] y_pos [ 6.52896444  8.64860168 10.47108994]
29 rHY 1.26405498070164 rHX 1.3150125243286452 0.05095754362700533
29 rHY 1.26405498070164 rHX 1.3150125243286452 0.05095754362700533
29 cpl_forces h [-7.80106994 -8.71397365  0.23896321]
29 cpl_forces h [-7.80106994 -8.71397365  0.23896321]
29 cpl_forces h [-7.80106994 -8.71397365  0.23896321]
29 cpl_forces x [4.66341812 3.68183143 0.16515832]
29 cpl_forces x [4.66341812 3.68183143 0.16515832]
29 cpl_forces h [-7.80106994 -8.71397365  0.23896321]
29 cpl_forces h [-7.80106994 -8.71397365  0.23896321]
29 cpl_forces x [4.66341812 3.68183143 0.16515832]
29 cpl_forces y [ 3.13765182  5.03214222 -0.40412153]
29 cpl_forces x [4.66341812 3.68183143 0.16515832]
29 cpl_forces y [ 3.13765182  5.03214222 -0.40412153]
29 cpl_forces y [ 3.13765182  5.03214222 -0.40412153]
29 cpl_forces x [4.66341812 3.68183143 0.16515832]
29 cpl_forces y [ 3.13765182  5.03214222 -0.40412153]
29 cpl_forces y [ 3.13765182  5.03214222 -0.40412153]
18:53:11-DEBUG: System matrix: 
18:53:11-DEBUG: [[4.94611946e+03 3.64516523e+00]
 [3.64516523e+00 4.94565127e+03]]
18:53:11-DEBUG: Eigen values: 
18:53:11-DEBUG: [4949.53803626 4942.23268755]
18:53:11-DEBUG: Occupancies: 
18:53:11-DEBUG: [0. 1.]
18:53:11-INFO: coupling 29 3.6451652252804645
18:53:11-DEBUG: Amplitudes: 
18:53:11-DEBUG: [0.46795569 0.53204431]
18:53:11-INFO: forces0 h [13.82662585 12.48234034  0.17365576]
18:53:11-INFO: forces0 x [-7.47503674 -9.5533131  -0.53229623]
18:53:11-INFO: forces0 y [ -1.18585411 -10.3938545    0.24823319]
18:53:11-INFO: forces1 h [ -8.4801808  -12.20873095   0.81135483]
18:53:11-INFO: forces1 x [ 8.27978538  1.10186736 -0.13018972]
18:53:11-INFO: forces1 y [ 7.22630143  5.93115859 -0.88087034]
pos h  [ 7.19622434  9.71874807 10.38514857]
pos x  [ 8.22793654 10.53329874 10.42168741]
pos y  [ 6.52896444  8.64860168 10.47108994]
 mixed_cpl_forces: h [ 7.78503259  8.69605956 -0.23847195]
 mixed_cpl_forces: x [-4.65383112 -3.67426236 -0.16481879]
 mixed_cpl_forces: y [-3.13120147 -5.0217972   0.40329074]
18:53:11-INFO: mixed forces h [9.7434489  8.04165593 0.27446797]
18:53:11-INFO: mixed forces x [-3.74660441 -7.55854733 -0.48317654]
18:53:11-INFO: mixed forces y [ 0.15858391 -6.73002139  0.05079082]
reaction would have occurred
18:53:11-DEBUG: Minimum eigen value: 
18:53:11-DEBUG: 4942.232687551839
18:53:11-DEBUG: Minimum state: 
18:53:11-DEBUG: 0
        29     4942.2326875518     5059.0909955505      837.0881607462     4946.1194567578      116.8583079987      0.50628387
ids [  1   2   3   4   9  10  11  12  13  14  15  16  17  18  19  20  21  23
  24  25  26  27  28  29  30  31  32  33  34  35  36  37  39  41  42  44
  46  47  49  50  51  52  53  54  55  56  57  58  59  60  61  62  63  64
  65  67  68  69  70  71  72  73  74  75  76  78  79  81  83  85  86  88
  89  90  91  93  96  97  98  99 100 101 103 104 105 106 109 111 113 114
 115 116 119 120 121 124 126 993 130 131 132 135 136 544 638 643 644 649
 654 659 664 669 674 815 850 966 893 895 898 900 905 938 945 951]
ids [  7  38  40  43  45  82  84  87  92  94 129 134 274 368 379 384 398 399
 404 668 673 681 693 753 711 783 801 812 816 817 818 819 820 821 822 823
 824 825 826 827 829 830 831 832 833 834 835 836 837 838 839 840 841 842
 843 844 845 847 848 849 851 852 853 854 855 856 857 858 859 861 862 863
 864 865 866 867 868 869 870 871 872 873 874 875 946 877 878 879 880 881
 882 883 884 885 886 887 888 889 890 892 894 896 897 899 901 902 904 906
 907 908 910 911 912 915 916 917 920 921 922 923 925 926 927 948 930 931
 932 934 935 937 939 940 941 942 944 919 814 860 846 936]
ids [127 141 153 156 168 186 201 213 928 231 272 929 277 278 279 280 281 282
 283 284 285 286 287 288 289 290 291 292 293 294 295 296 297 298 299 300
 301 302 303 304 305 307 308 309 311 312 314 316 317 319 261 322 323 324
 325 326 327 328 329 330 331 332 333 334 335 336 337 338 339 340 341 342
 343 344 345 346 347 349 350 351 352 354 356 357 359 361 362 364 366 367
 369 370 371 372 373 374 375 376 377 380 382 383 385 386 387 388 389 390
 391 392 394 395 397 401 402 381 406 453 498 545 578 580 583 585 590 623
 625 628 630 633 670 675 943 909 913 914 246 924]
ids [   8   22   66   77   80   95  110  125  138  263  273  503  504  518
  519  529  534  543  663  678  680  715  718  720  723  725  758  760
  765  768  770  810  903  947  952  953  954  955  956  957  958  959
  960  961  962  963  964  965  967  968  969  970  971  972  973  974
  975  976  977  978  979  980  981  982  984  985  986  987  989  991
  992  994  995  996  997  998  999 1000 1001 1002 1003 1004 1005 1006
 1007 1008 1009 1010 1011 1012 1013 1014 1015 1016 1017 1018 1019 1020
 1021 1022 1023 1024 1025 1026 1027 1029 1031 1032 1034 1036 1037 1039
 1041 1042 1045 1046 1047 1050 1051 1052 1081 1055 1056 1057 1058 1060
 1061 1062 1063 1065 1066 1067 1068 1069 1070 1071 1072 1076 1077 1064]
ids [   5   48  139  234  238 1075  244  248  249  258  259  264  378  533
  677  679  682  683  684  685  686  687  688  689  690  691  692  694
  695  696  697  698  699  700  701  702  703  704  705  706  707  708
  709  710 1080  712  713  714  716  717  719  721  722  724  726  727
  728  729  730  731  732  733  734  735  736  737  738  739  740  741
  742  743  744  745  746  747  748  749  750  751  752  754  755  756
  757  759  761  762  763  764  766  767  769  772  773  774  775  776
  777  778  779  780  781  782  785  786  787  788  790  791  792  793
  795  796  797  799  800  802  805  806  807  811  828  876  891  771
  950  983  988  990 1028 1030 1033 1035 1038 1040]
ids [ 122  140  173  178  185  220  223  230  265  268  270  318  407  408
  409  412  413  414  415  416  417  418  419  420  421  422  423  424
  425 1074  427  428  429  430  431  432  433  434  435  436  437  439
  440  441  442  444  446  447  449  451  452  454  456  457  458  459
  460  461  462  463  464  465  466  467  468  469  470  471  472  473
  474  475  476  477  478  479  480  481  482  483  484  485  486  487
  488  489  491  492  494  496  497  499  502  505  506  507  508  509
  510  511  512  513  514  515  516  517  520  521  522  523  524  525
  526  527  528  530  531  532  536  537  539  541  558 1079  588  591
  803  949 1043 1044 1048 1049 1053 1059 1054]
ids [  6 102 107 108 112 117 118 123 133 183 228 275 310 313 315 320 353 355
 358 360 363 365 400 403 411 438 501 542 546 547 548 549 550 551 552 553
 554 555 556 557 559 560 562 563 564 565 566 567 568 569 570 571 572 573
 574 575 576 577 579 581 582 584 586 587 589 592 593 594 595 596 597 598
 599 600 601 602 603 604 605 606 607 608 609 610 611 612 613 614 615 616
 617 618 619 620 621 622 624 626 627 629 631 632 634 635 636 637 639 640
 641 642 645 646 647 648 650 651 652 653 655 656 657 658 660 661 662 665
 666 667 671 672 676 813 405 561 128 426]
ids [ 137  142  143  144  145  146  147  148  149  150  151  152  154  155
  157  158  159  160  161  162  163  164  165  166  167  169  170  171
  172  174  175  176  177  179  180  181  182  184  187  188  189  190
  191  192  193  194  195  196  197  198  199  200  202  203  204  205
  206  207  208  209  210  211  212  214  215  217  218  219  221  222
  224  225  226  227  229  232  233  235  236  237  240  241  242  243
  245 1073  247  250  251  252  253  254  255  256  257  260  276  262
  266  267  269  271  306  348 1078  393  396  410  443  445  448  450
  455  490  493  495  500  535  538  540  784  789  794  798  804  808
  809  918  933  216  321  239]
18:53:11-INFO: Step 30
18:53:11-DEBUG: Reaction systems: [[None]
 [0]]
18:53:11-DEBUG: rxn_pairs: [array([1, 2])]
18:53:11-DEBUG: Starting total colors: 5
18:53:11-DEBUG: Number of systems: 2
18:53:11-DEBUG: New total colors: 5
18:53:11-DEBUG: Potential energy for color 0: 4941.306433113106
ebond 30 2.2838809621091953
18:53:11-DEBUG: Potential energy for color 1: 4941.869312881819
xhy 30 13 1 2
xhy 30 13 1 2
xhy 30 13 1 2
xhy 30 13 1 2
xhy 30 13 1 2
h_pos [ 7.19531712  9.75942671 10.37375214] x_pos [ 8.2302813  10.52879468 10.42193948] y_pos [ 6.53259495  8.64481651 10.47140142]
h_pos [ 7.19531712  9.75942671 10.37375214] x_pos [ 8.2302813  10.52879468 10.42193948] y_pos [ 6.53259495  8.64481651 10.47140142]
30 rHY 1.3004199229732127 rHX 1.2905037570694387 0.009916165903774088
h_pos [ 7.19531712  9.75942671 10.37375214] x_pos [ 8.2302813  10.52879468 10.42193948] y_pos [ 6.53259495  8.64481651 10.47140142]
h_pos [ 7.19531712  9.75942671 10.37375214] x_pos [ 8.2302813  10.52879468 10.42193948] y_pos [ 6.53259495  8.64481651 10.47140142]
h_pos [ 7.19531712  9.75942671 10.37375214] x_pos [ 8.2302813  10.52879468 10.42193948] y_pos [ 6.53259495  8.64481651 10.47140142]
30 rHY 1.3004199229732127 rHX 1.2905037570694387 0.009916165903774088
30 rHY 1.3004199229732127 rHX 1.2905037570694387 0.009916165903774088
30 rHY 1.3004199229732127 rHX 1.2905037570694387 0.009916165903774088
30 rHY 1.3004199229732127 rHX 1.2905037570694387 0.009916165903774088
30 cpl_forces h [ 1.57897309  1.74954104 -0.04544598]
30 cpl_forces h [ 1.57897309  1.74954104 -0.04544598]
30 cpl_forces x [-0.96546665 -0.71770515 -0.04495157]
30 cpl_forces x [-0.96546665 -0.71770515 -0.04495157]
30 cpl_forces h [ 1.57897309  1.74954104 -0.04544598]
30 cpl_forces h [ 1.57897309  1.74954104 -0.04544598]
30 cpl_forces h [ 1.57897309  1.74954104 -0.04544598]
30 cpl_forces y [-0.61350643 -1.0318359   0.09039755]
30 cpl_forces y [-0.61350643 -1.0318359   0.09039755]
30 cpl_forces x [-0.96546665 -0.71770515 -0.04495157]
30 cpl_forces x [-0.96546665 -0.71770515 -0.04495157]
30 cpl_forces y [-0.61350643 -1.0318359   0.09039755]
30 cpl_forces y [-0.61350643 -1.0318359   0.09039755]
30 cpl_forces x [-0.96546665 -0.71770515 -0.04495157]
30 cpl_forces y [-0.61350643 -1.0318359   0.09039755]
18:53:11-DEBUG: System matrix: 
18:53:11-DEBUG: [[4.94130643e+03 3.79382653e+00]
 [3.79382653e+00 4.94186931e+03]]
18:53:11-DEBUG: Eigen values: 
18:53:11-DEBUG: [4937.78362167 4945.39212432]
18:53:11-DEBUG: Occupancies: 
18:53:11-DEBUG: [1. 0.]
18:53:11-INFO: coupling 30 3.7938265298255174
18:53:11-DEBUG: Amplitudes: 
18:53:11-DEBUG: [0.53699018 0.46300982]
18:53:11-INFO: forces0 h [12.54697089 10.53201809  0.33510411]
18:53:11-INFO: forces0 x [-6.96720587 -8.53111394 -0.6333495 ]
18:53:11-INFO: forces0 y [-0.56483473 -9.24932575  0.19336174]
18:53:11-INFO: forces1 h [ -9.62149497 -14.08747639   0.98478651]
18:53:11-INFO: forces1 x [ 8.60632701  1.40618483 -0.08423326]
18:53:11-INFO: forces1 y [ 7.83191849  7.64830115 -1.09513356]
pos h  [ 7.19531712  9.75942671 10.37375214]
pos x  [ 8.2302813  10.52879468 10.42193948]
pos y  [ 6.53259495  8.64481651 10.47140142]
 mixed_cpl_forces: h [-1.57464622 -1.74474677  0.04532144]
 mixed_cpl_forces: x [0.96282098 0.71573842 0.04482839]
 mixed_cpl_forces: y [ 0.61182524  1.02900835 -0.09014983]
18:53:11-INFO: mixed forces h [ 0.70810728 -2.61179638  0.68123488]
18:53:11-INFO: mixed forces x [ 1.20631376 -3.21430861 -0.3342749 ]
18:53:11-INFO: mixed forces y [ 3.9347697  -0.39655021 -0.49337407]
18:53:11-DEBUG: Minimum eigen value: 
18:53:11-DEBUG: 4937.783621672049
18:53:11-DEBUG: Minimum state: 
18:53:11-DEBUG: 0
        30     4937.7836216720     5059.2651271559      870.2053943080     4941.3064331131      121.4815054839      0.50636876
ids [ 137  142  143  144  145  146  147  148  149  150  151  152  154  155
  157  158  159  160  161  162  163  164  165  166  167  169  170  171
  172  174  175  176  177  179  180  181  182  184  187  188  189  190
  191  192  193  194  195  196  197  198  199  200  202  203  204  205
  206  207  208  209  210  211  212  214  215  217  218  219  221  222
  224  225  226  227  229  232  233  235  236  237  240  241  242  243
  245 1073  247  250  251  252  253  254  255  256  257  260  276  262
  266  267  269  271  306  348 1078  393  396  410  443  445  448  450
  455  490  493  495  500  535  538  540  784  789  794  798  804  808
  809  918  933  216  321  239  231  249]
ids [  7  38  40  43  45  82  84  87  92  94 129 134 274 368 379 384 398 399
 404 668 673 681 693 753 711 783 801 812 816 817 818 819 820 821 822 823
 824 825 826 827 829 830 831 832 833 834 835 836 837 838 839 840 841 842
 843 844 845 847 848 849 851 852 853 854 855 856 857 858 859 861 862 863
 864 865 866 867 868 869 870 871 872 873 874 875 946 877 878 879 880 881
 882 883 884 885 886 887 888 889 890 892 894 896 897 899 901 902 904 906
 907 908 910 911 912 915 916 917 920 921 922 923 925 926 927 948 930 931
 932 934 935 937 939 940 941 942 944 919 814 860 846 936]
ids [127 141 153 156 168 186 201 213 928 924 272 929 277 278 279 280 281 282
 283 284 285 286 287 288 289 290 291 292 293 294 295 296 297 298 299 300
 301 302 303 304 305 307 308 309 311 312 314 316 317 319 261 322 323 324
 325 326 327 328 329 330 331 332 333 334 335 336 337 338 339 340 341 342
 343 344 345 346 347 349 350 351 352 354 356 357 359 361 362 364 366 367
 369 370 371 372 373 374 375 376 377 380 382 383 385 386 387 388 389 390
 391 392 394 395 397 401 402 381 406 453 498 545 578 580 583 585 590 623
 625 628 630 633 670 675 943 909 913 914 246]
ids [   8   22   66   77   80   95  110  125  138  263  273  503  504  518
  519  529  534  543  663  678  680  715  718  720  723  725  758  760
  765  768  770  810  903  947  952  953  954  955  956  957  958  959
  960  961  962  963  964  965  967  968  969  970  971  972  973  974
  975  976  977  978  979  980  981  982  984  985  986  987  989  991
  992  994  995  996  997  998  999 1000 1001 1002 1003 1004 1005 1006
 1007 1008 1009 1010 1011 1012 1013 1014 1015 1016 1017 1018 1019 1020
 1021 1022 1023 1024 1025 1026 1027 1029 1031 1032 1034 1036 1037 1039
 1041 1042 1045 1046 1047 1050 1051 1052 1081 1055 1056 1057 1058 1060
 1061 1062 1063 1065 1066 1067 1068 1069 1070 1071 1072 1076 1077 1064]
ids [   5   48  139  234  238 1075  244  248 1040  258  259  264  378  533
  677  679  682  683  684  685  686  687  688  689  690  691  692  694
  695  696  697  698  699  700  701  702  703  704  705  706  707  708
  709  710 1080  712  713  714  716  717  719  721  722  724  726  727
  728  729  730  731  732  733  734  735  736  737  738  739  740  741
  742  743  744  745  746  747  748  749  750  751  752  754  755  756
  757  759  761  762  763  764  766  767  769  772  773  774  775  776
  777  778  779  780  781  782  785  786  787  788  790  791  792  793
  795  796  797  799  800  802  805  806  807  811  828  876  891  771
  950  983  988  990 1028 1030 1033 1035 1038]
ids [ 122  140  173  178  185  220  223  230  265  268  270  318  407  408
  409  412  413  414  415  416  417  418  419  420  421  422  423  424
  425 1074  427  428  429  430  431  432  433  434  435  436  437  439
  440  441  442  444  446  447  449  451  452  454  456  457  458  459
  460  461  462  463  464  465  466  467  468  469  470  471  472  473
  474  475  476  477  478  479  480  481  482  483  484  485  486  487
  488  489  491  492  494  496  497  499  502  505  506  507  508  509
  510  511  512  513  514  515  516  517  520  521  522  523  524  525
  526  527  528  530  531  532  536  537  539  541  558 1079  588  591
  803  949 1043 1044 1048 1049 1053 1059 1054]
ids [  6 102 107 108 112 117 118 123 133 183 228 275 310 313 315 320 353 355
 358 360 363 365 400 403 411 438 501 542 546 547 548 549 550 551 552 553
 554 555 556 557 559 560 562 563 564 565 566 567 568 569 570 571 572 573
 574 575 576 577 579 581 582 584 586 587 589 592 593 594 595 596 597 598
 599 600 601 602 603 604 605 606 607 608 609 610 611 612 613 614 615 616
 617 618 619 620 621 622 624 626 627 629 631 632 634 635 636 637 639 640
 641 642 645 646 647 648 650 651 652 653 655 656 657 658 660 661 662 665
 666 667 671 672 676 813 405 561 128 426]
ids [  1   2   3   4   9  10  11  12  13  14  15  16  17  18  19  20  21  23
  24  25  26  27  28  29  30  31  32  33  34  35  36  37  39  41  42  44
  46  47  49  50  51  52  53  54  55  56  57  58  59  60  61  62  63  64
  65  67  68  69  70  71  72  73  74  75  76  78  79  81  83  85  86  88
  89  90  91  93  96  97  98  99 100 101 103 104 105 106 109 111 113 114
 115 116 119 120 121 124 126 993 130 131 132 135 136 544 638 643 644 649
 654 659 664 669 674 815 850 966 893 895 898 900 905 938 945 951]
18:53:11-INFO: Step 31
18:53:11-DEBUG: Reaction systems: [[None]
 [0]]
18:53:11-DEBUG: rxn_pairs: [array([1, 2])]
18:53:11-DEBUG: Starting total colors: 5
18:53:11-DEBUG: Number of systems: 2
18:53:11-DEBUG: New total colors: 5
18:53:11-DEBUG: Potential energy for color 0: 4936.774097664458
ebond 31 2.8749860865748342
18:53:11-DEBUG: Potential energy for color 1: 4938.432435688509
xhy 31 13 1 2
xhy 31 13 1 2
xhy 31 13 1 2
xhy 31 13 1 2
xhy 31 13 1 2
h_pos [ 7.19616229  9.80077016 10.36256916] x_pos [ 8.23260155 10.524173   10.42218047] y_pos [ 6.53628233  8.64095917 10.47170689]
h_pos [ 7.19616229  9.80077016 10.36256916] x_pos [ 8.23260155 10.524173   10.42218047] y_pos [ 6.53628233  8.64095917 10.47170689]
h_pos [ 7.19616229  9.80077016 10.36256916] x_pos [ 8.23260155 10.524173   10.42218047] y_pos [ 6.53628233  8.64095917 10.47170689]
31 rHY 1.338848063728002 rHX 1.2653345479276221 0.0735135158003799
h_pos [ 7.19616229  9.80077016 10.36256916] x_pos [ 8.23260155 10.524173   10.42218047] y_pos [ 6.53628233  8.64095917 10.47170689]
31 rHY 1.338848063728002 rHX 1.2653345479276221 0.0735135158003799
h_pos [ 7.19616229  9.80077016 10.36256916] x_pos [ 8.23260155 10.524173   10.42218047] y_pos [ 6.53628233  8.64095917 10.47170689]
31 rHY 1.338848063728002 rHX 1.2653345479276221 0.0735135158003799
31 rHY 1.338848063728002 rHX 1.2653345479276221 0.0735135158003799
31 rHY 1.338848063728002 rHX 1.2653345479276221 0.0735135158003799
31 cpl_forces h [10.75599965 11.78906851 -0.28206387]
31 cpl_forces h [10.75599965 11.78906851 -0.28206387]
31 cpl_forces h [10.75599965 11.78906851 -0.28206387]
31 cpl_forces x [-6.71527674 -4.68705736 -0.38623245]
31 cpl_forces h [10.75599965 11.78906851 -0.28206387]
31 cpl_forces x [-6.71527674 -4.68705736 -0.38623245]
31 cpl_forces h [10.75599965 11.78906851 -0.28206387]
31 cpl_forces x [-6.71527674 -4.68705736 -0.38623245]
31 cpl_forces y [-4.04072291 -7.10201115  0.66829632]
31 cpl_forces x [-6.71527674 -4.68705736 -0.38623245]
31 cpl_forces y [-4.04072291 -7.10201115  0.66829632]
31 cpl_forces y [-4.04072291 -7.10201115  0.66829632]
31 cpl_forces y [-4.04072291 -7.10201115  0.66829632]
31 cpl_forces x [-6.71527674 -4.68705736 -0.38623245]
31 cpl_forces y [-4.04072291 -7.10201115  0.66829632]
18:53:11-DEBUG: System matrix: 
18:53:11-DEBUG: [[4.93677410e+03 3.48504390e+00]
 [3.48504390e+00 4.93843244e+03]]
18:53:11-DEBUG: Eigen values: 
18:53:11-DEBUG: [4934.0209417  4941.18559166]
18:53:11-DEBUG: Occupancies: 
18:53:11-DEBUG: [1. 0.]
18:53:11-INFO: coupling 31 3.4850439024611943
18:53:11-DEBUG: Amplitudes: 
18:53:11-DEBUG: [0.61573057 0.38426943]
18:53:11-INFO: forces0 h [11.40480057  8.86094565  0.4664397 ]
18:53:11-INFO: forces0 x [-6.39081228 -7.52829952 -0.71417763]
18:53:11-INFO: forces0 y [-0.14981972 -8.36294412  0.14841636]
18:53:11-INFO: forces1 h [-10.96359114 -16.14866664   1.15669704]
18:53:11-INFO: forces1 x [ 9.12438831  1.7973226  -0.01610884]
18:53:11-INFO: forces1 y [ 8.44720452  9.46213356 -1.3299816 ]
pos h  [ 7.19616229  9.80077016 10.36256916]
pos x  [ 8.23260155 10.524173   10.42218047]
pos y  [ 6.53628233  8.64095917 10.47170689]
 mixed_cpl_forces: h [-10.46391135 -11.46892635   0.27440419]
 mixed_cpl_forces: x [6.5329177  4.55977634 0.37574398]
 mixed_cpl_forces: y [ 3.93099365  6.90915001 -0.65014816]
18:53:11-INFO: mixed forces h [ -7.65459994 -12.2184102    1.00608868]
18:53:11-INFO: mixed forces x [ 6.10412274  0.61502833 -0.07018715]
18:53:11-INFO: mixed forces y [ 7.08474755  5.39583836 -1.06983494]
18:53:11-DEBUG: Minimum eigen value: 
18:53:11-DEBUG: 4934.020941697844
18:53:11-DEBUG: Minimum state: 
18:53:11-DEBUG: 0
        31     4934.0209416978     5059.4547218479      898.5166234174     4936.7740976645      125.4337801501      0.50169989
ids [  6 102 107 108 112 117 118 123 133 183 228 275 310 313 315 320 353 355
 358 360 363 365 400 403 411 438 501 542 546 547 548 549 550 551 552 553
 554 555 556 557 559 560 562 563 564 565 566 567 568 569 570 571 572 573
 574 575 576 577 579 581 582 584 586 587 589 592 593 594 595 596 597 598
 599 600 601 602 603 604 605 606 607 608 609 610 611 612 613 614 615 616
 617 618 619 620 621 622 624 626 627 629 631 632 634 635 636 637 639 640
 641 642 645 646 647 648 650 651 652 653 655 656 657 658 660 661 662 665
 666 667 671 672 676 813 405 561 128 426]
ids [ 137  142  143  144  145  146  147  148  149  150  151  152  154  155
  157  158  159  160  161  162  163  164  165  166  167  169  170  171
  172  174  175  176  177  179  180  181  182  184  187  188  189  190
  191  192  193  194  195  196  197  198  199  200  202  203  204  205
  206  207  208  209  210  211  212  214  215  217  218  219  221  222
  224  225  226  227  229  232  233  235  236  237  240  241  242  243
  245 1073  247  250  251  252  253  254  255  256  257  260  276  262
  266  267  269  271  306  348 1078  393  396  410  443  445  448  450
  455  490  493  495  500  535  538  540  784  789  794  798  804  808
  809  918  933  216  321  239  231  249]
ids [  7  38  40  43  45  82  84  87  92  94 129 134 274 368 379 384 398 399
 404 668 673 681 693 753 711 783 801 812 816 817 818 819 820 821 822 823
 824 825 826 827 829 830 831 832 833 834 835 836 837 838 839 840 841 842
 843 844 845 847 848 849 851 852 853 854 855 856 857 858 859 861 862 863
 864 865 866 867 868 869 870 871 872 873 874 875 946 877 878 879 880 881
 882 883 884 885 886 887 888 889 890 892 894 896 897 899 901 902 904 906
 907 908 910 911 912 915 916 917 920 921 922 923 925 926 927 948 930 931
 932 934 935 937 939 940 941 942 944 919 814 860 846 936]
ids [127 141 153 156 168 186 201 213 928 924 272 929 277 278 279 280 281 282
 283 284 285 286 287 288 289 290 291 292 293 294 295 296 297 298 299 300
 301 302 303 304 305 307 308 309 311 312 314 316 317 319 261 322 323 324
 325 326 327 328 329 330 331 332 333 334 335 336 337 338 339 340 341 342
 343 344 345 346 347 349 350 351 352 354 356 357 359 361 362 364 366 367
 369 370 371 372 373 374 375 376 377 380 382 383 385 386 387 388 389 390
 391 392 394 395 397 401 402 381 406 453 498 545 578 580 583 585 590 623
 625 628 630 633 670 675 943 909 913 914 246]
ids [   8   22   66   77   80   95  110  125  138  263  273  503  504  518
  519  529  534  543  663  678  680  715  718  720  723  725  758  760
  765  768  770  810  903  947  952  953  954  955  956  957  958  959
  960  961  962  963  964  965  967  968  969  970  971  972  973  974
  975  976  977  978  979  980  981  982  984  985  986  987  989  991
  992  994  995  996  997  998  999 1000 1001 1002 1003 1004 1005 1006
 1007 1008 1009 1010 1011 1012 1013 1014 1015 1016 1017 1018 1019 1020
 1021 1022 1023 1024 1025 1026 1027 1029 1031 1032 1034 1036 1037 1039
 1041 1042 1045 1046 1047 1050 1051 1052 1081 1055 1056 1057 1058 1060
 1061 1062 1063 1065 1066 1067 1068 1069 1070 1071 1072 1076 1077 1064]
ids [   5   48  139  234  238 1075  244  248 1040  258  259  264  378  533
  677  679  682  683  684  685  686  687  688  689  690  691  692  694
  695  696  697  698  699  700  701  702  703  704  705  706  707  708
  709  710 1080  712  713  714  716  717  719  721  722  724  726  727
  728  729  730  731  732  733  734  735  736  737  738  739  740  741
  742  743  744  745  746  747  748  749  750  751  752  754  755  756
  757  759  761  762  763  764  766  767  769  772  773  774  775  776
  777  778  779  780  781  782  785  786  787  788  790  791  792  793
  795  796  797  799  800  802  805  806  807  811  828  876  891  771
  950  983  988  990 1028 1030 1033 1035 1038]
ids [ 122  140  173  178  185  220  223  230  265  268  270  318  407  408
  409  412  413  414  415  416  417  418  419  420  421  422  423  424
  425 1074  427  428  429  430  431  432  433  434  435  436  437  439
  440  441  442  444  446  447  449  451  452  454  456  457  458  459
  460  461  462  463  464  465  466  467  468  469  470  471  472  473
  474  475  476  477  478  479  480  481  482  483  484  485  486  487
  488  489  491  492  494  496  497  499  502  505  506  507  508  509
  510  511  512  513  514  515  516  517  520  521  522  523  524  525
  526  527  528  530  531  532  536  537  539  541  558 1079  588  591
  803  949 1043 1044 1048 1049 1053 1059 1054]
ids [  1   2   3   4   9  10  11  12  13  14  15  16  17  18  19  20  21  23
  24  25  26  27  28  29  30  31  32  33  34  35  36  37  39  41  42  44
  46  47  49  50  51  52  53  54  55  56  57  58  59  60  61  62  63  64
  65  67  68  69  70  71  72  73  74  75  76  78  79  81  83  85  86  88
  89  90  91  93  96  97  98  99 100 101 103 104 105 106 109 111 113 114
 115 116 119 120 121 124 126 993 130 131 132 135 136 544 638 643 644 649
 654 659 664 669 674 815 850 966 893 895 898 900 905 938 945 951]
18:53:11-INFO: Step 32
18:53:11-DEBUG: Reaction systems: [[None]
 [0]]
18:53:11-DEBUG: rxn_pairs: [array([1, 2])]
18:53:11-DEBUG: Starting total colors: 5
18:53:11-DEBUG: Number of systems: 2
18:53:11-DEBUG: New total colors: 5
18:53:11-DEBUG: Potential energy for color 0: 4932.5997795798085
ebond 32 3.477615310597568
18:53:11-DEBUG: Potential energy for color 1: 4935.2586379464965
xhy 32 13 1 2
xhy 32 13 1 2
xhy 32 13 1 2
xhy 32 13 1 2
xhy 32 13 1 2
h_pos [ 7.19546203  9.83896087 10.35173364] x_pos [ 8.23501694 10.51953205 10.42241561] y_pos [ 6.54010765  8.63717283 10.47199296]
32 rHY 1.3741346902403422 rHX 1.2445270111379314 0.12960767910241078
h_pos [ 7.19546203  9.83896087 10.35173364] x_pos [ 8.23501694 10.51953205 10.42241561] y_pos [ 6.54010765  8.63717283 10.47199296]
32 rHY 1.3741346902403422 rHX 1.2445270111379314 0.12960767910241078
h_pos [ 7.19546203  9.83896087 10.35173364] x_pos [ 8.23501694 10.51953205 10.42241561] y_pos [ 6.54010765  8.63717283 10.47199296]
h_pos [ 7.19546203  9.83896087 10.35173364] x_pos [ 8.23501694 10.51953205 10.42241561] y_pos [ 6.54010765  8.63717283 10.47199296]
h_pos [ 7.19546203  9.83896087 10.35173364] x_pos [ 8.23501694 10.51953205 10.42241561] y_pos [ 6.54010765  8.63717283 10.47199296]
32 rHY 1.3741346902403422 rHX 1.2445270111379314 0.12960767910241078
32 rHY 1.3741346902403422 rHX 1.2445270111379314 0.12960767910241078
32 rHY 1.3741346902403422 rHX 1.2445270111379314 0.12960767910241078
32 cpl_forces h [15.80605512 17.12147658 -0.37005622]
32 cpl_forces h [15.80605512 17.12147658 -0.37005622]
32 cpl_forces h [15.80605512 17.12147658 -0.37005622]
32 cpl_forces x [-10.06141474  -6.58696226  -0.68410102]
32 cpl_forces h [15.80605512 17.12147658 -0.37005622]
32 cpl_forces h [15.80605512 17.12147658 -0.37005622]
32 cpl_forces x [-10.06141474  -6.58696226  -0.68410102]
32 cpl_forces x [-10.06141474  -6.58696226  -0.68410102]
32 cpl_forces x [-10.06141474  -6.58696226  -0.68410102]
32 cpl_forces y [ -5.74464038 -10.53451432   1.05415723]
32 cpl_forces y [ -5.74464038 -10.53451432   1.05415723]
32 cpl_forces x [-10.06141474  -6.58696226  -0.68410102]
32 cpl_forces y [ -5.74464038 -10.53451432   1.05415723]
32 cpl_forces y [ -5.74464038 -10.53451432   1.05415723]
32 cpl_forces y [ -5.74464038 -10.53451432   1.05415723]
18:53:11-DEBUG: System matrix: 
18:53:11-DEBUG: [[4.93259978e+03 2.90425826e+00]
 [2.90425826e+00 4.93525864e+03]]
18:53:11-DEBUG: Eigen values: 
18:53:11-DEBUG: [4930.73513644 4937.12328109]
18:53:11-DEBUG: Occupancies: 
18:53:11-DEBUG: [1. 0.]
18:53:11-INFO: coupling 32 2.9042582615570045
18:53:11-DEBUG: Amplitudes: 
18:53:11-DEBUG: [0.70810881 0.29189119]
18:53:11-INFO: forces0 h [10.54992303  7.5980768   0.56994399]
18:53:11-INFO: forces0 x [-5.93555727 -6.68677842 -0.78284167]
18:53:11-INFO: forces0 y [ 0.09547827 -7.72707654  0.11905951]
18:53:11-INFO: forces1 h [-12.25973891 -18.08770412   1.31253413]
18:53:11-INFO: forces1 x [9.70443353 2.17663022 0.07034769]
18:53:11-INFO: forces1 y [ 8.94896238 11.16366139 -1.5672203 ]
pos h  [ 7.19546203  9.83896087 10.35173364]
pos x  [ 8.23501694 10.51953205 10.42241561]
pos y  [ 6.54010765  8.63717283 10.47199296]
 mixed_cpl_forces: h [-14.37189316 -15.56795989   0.33647918]
 mixed_cpl_forces: x [9.14849256 5.98929443 0.62202913]
 mixed_cpl_forces: y [ 5.2234006   9.57866546 -0.95850831]
18:53:11-INFO: mixed forces h [-10.47990948 -15.46733625   1.12317869]
18:53:11-INFO: mixed forces x [7.77811081 1.8896669  0.08822591]
18:53:11-INFO: mixed forces y [ 7.90313288  7.36562889 -1.33165902]
18:53:11-DEBUG: Minimum eigen value: 
18:53:11-DEBUG: 4930.735136440341
18:53:11-DEBUG: Minimum state: 
18:53:11-DEBUG: 0
        32     4930.7351364403     5059.5153687345      922.4881793837     4932.5997795798      128.7802322942      0.49886480
ids [ 122  140  173  178  185  220  223  230  265  268  270  318  407  408
  409  412  413  414  415  416  417  418  419  420  421  422  423  424
  425 1074  427  428  429  430  431  432  433  434  435  436  437  439
  440  441  442  444  446  447  449  451  452  454  456  457  458  459
  460  461  462  463  464  465  466  467  468  469  470  471  472  473
  474  475  476  477  478  479  480  481  482  483  484  485  486  487
  488  489  491  492  494  496  497  499  502  505  506  507  508  509
  510  511  512  513  514  515  516  517  520  521  522  523  524  525
  526  527  528  530  531  532  536  537  539  541  558 1079  588  591
  803  949 1043 1044 1048 1049 1053 1059 1054  651  175]
ids [  6 102 107 108 112 117 118 123 133 183 228 275 310 313 315 320 353 355
 358 360 363 365 400 403 411 438 501 542 546 547 548 549 550 551 552 553
 554 555 556 557 559 560 562 563 564 565 566 567 568 569 570 571 572 573
 574 575 576 577 579 581 582 584 586 587 589 592 593 594 595 596 597 598
 599 600 601 602 603 604 605 606 607 608 609 610 611 612 613 614 615 616
 617 618 619 620 621 622 624 626 627 629 631 632 634 635 636 637 639 640
 641 642 645 646 647 648 650 426 652 653 655 656 657 658 660 661 662 665
 666 667 671 672 676 813 405 561 128]
ids [ 137  142  143  144  145  146  147  148  149  150  151  152  154  155
  157  158  159  160  161  162  163  164  165  166  167  169  170  171
  172  174  249  176  177  179  180  181  182  184  187  188  189  190
  191  192  193  194  195  196  197  198  199  200  202  203  204  205
  206  207  208  209  210  211  212  214  215  217  218  219  221  222
  224  225  226  227  229  232  233  235  236  237  240  241  242  243
  245 1073  247  250  251  252  253  254  255  256  257  260  276  262
  266  267  269  271  306  348 1078  393  396  410  443  445  448  450
  455  490  493  495  500  535  538  540  784  789  794  798  804  808
  809  918  933  216  321  239  231  679]
ids [  7  38 936  43  45  82  84  87  92  94 129 134 274 368 379 384 398 399
 404 668 673 681 693 753 711 783 801 812 816 817 818 819 820 821 822 823
 824 825 826 827 829 830 831 832 833 834 835 836 837 838 839 840 841 842
 843 844 845 847 848 849 851 852 853 854 855 856 857 858 859 861 862 863
 864 865 866 867 868 869 870 871 872 873 874 875 946 877 878 879 880 881
 882 883 884 885 886 887 888 889 890 892 894 896 897 899 901 902 904 906
 907 908 910 911 912 915 916 917 920 921 922 923 925 926 927 948 930 931
 932 846 935 937 939 940 941 942 944 919 814 860]
ids [127 141 153 156 168 186 201 213 928 924 272 929 277 278 279 280 281 282
 283 284 285 286 287 288 289 290 291 292 293 294 295 296 297 298 299 300
 301 302 303 304 305 307 308 309 311 312 314 316 317 319 261 322 323 324
 325 326 327 328 329 330 331 332 333 334 335 336 337 338 339 340 341 342
 343 344 345 346 347 349 350 351 352 354 356 357 359 361 362 364 366 367
 369 370 371 372 373 374 375 376 377 380 382 383 385 386 387 388 389 390
 391 392 394 395 397 401 402 381 406 453 498 545 578 580 583 585 590 623
 625 628 630 633 670 675 943 909 913 914 246 934]
ids [   8   22   66   77   80   95  110  125  138  263  273  503  504  518
  519  529  534  543  663  678  680  715  718  720  723  725  758  760
  765  768  770  810  903  947  952  953  954  955  956  957  958  959
  960  961  962  963  964  965  967  968  969  970  971  972  973  974
  975  976  977  978  979  980  981  982  984  985  986  987  989  991
  992  994  995  996  997  998  999 1000 1001 1002 1003 1004 1005 1006
 1007 1008 1009 1010 1011 1012 1013 1014 1015 1016 1017 1018 1019 1020
 1021 1022 1023 1024 1025 1026 1027 1029 1031 1032 1034 1036 1037 1039
 1041 1042 1045 1046 1047 1050 1051 1052 1081 1055 1056 1057 1058 1060
 1061 1062 1063 1065 1066 1067 1068 1069 1070 1071 1072 1076 1077 1064]
ids [   5   48  139  234  238 1075  244  248 1040  258  259  264  378  533
  677 1038  682  683  684  685  686  687  688  689  690  691  692  694
  695  696  697  698  699  700  701  702  703  704  705  706  707  708
  709  710 1080  712  713  714  716  717  719  721  722  724  726  727
  728  729  730  731  732  733  734  735  736  737  738  739  740  741
  742  743  744  745  746  747  748  749  750  751  752  754  755  756
  757  759  761  762  763  764  766  767  769  772  773  774  775  776
  777  778  779  780  781  782  785  786  787  788  790  791  792  793
  795  796  797  799  800  802  805  806  807  811  828  876  891  771
  950  983  988  990 1028 1030 1033 1035]
ids [  1   2   3   4   9  10  11  12  13  14  15  16  17  18  19  20  21  23
  24  25  26  27  28  29  30  31  32  33  34  35  36  37  39  41  42  44
  46  47  49  50  51  52  53  54  55  56  57  58  59  60  61  62  63  64
  65  67  68  69  70  71  72  73  74  75  76  78  79  81  83  85  86  88
  89  90  91  93  96  97  98  99 100 101 103 104 105 106 109 111 113 114
 115 116 119 120 121 124 126 993 130 131 132 135 136 544 638 643 644 649
 654 659 664 669 674 815 850 966 893 895 898 900 905 938 945 951  40]
18:53:11-INFO: Step 33
18:53:11-DEBUG: Reaction systems: [[None]
 [0]]
18:53:11-DEBUG: rxn_pairs: [array([1, 2])]
18:53:11-DEBUG: Starting total colors: 5
18:53:11-DEBUG: Number of systems: 2
18:53:11-DEBUG: New total colors: 5
18:53:11-DEBUG: Potential energy for color 0: 4928.81115004647
ebond 33 4.014465696927724
18:53:11-DEBUG: Potential energy for color 1: 4932.2625242825
xhy 33 13 1 2
xhy 33 13 1 2
xhy 33 13 1 2
xhy 33 13 1 2
xhy 33 13 1 2
h_pos [ 7.19113366  9.87162066 10.34132472] x_pos [ 8.23760529 10.51493148 10.42265013] y_pos [ 6.54411674  8.63354812 10.47224971]
h_pos [ 7.19113366  9.87162066 10.34132472] x_pos [ 8.23760529 10.51493148 10.42265013] y_pos [ 6.54411674  8.63354812 10.47224971]
h_pos [ 7.19113366  9.87162066 10.34132472] x_pos [ 8.23760529 10.51493148 10.42265013] y_pos [ 6.54411674  8.63354812 10.47224971]
33 rHY 1.4030665853292414 rHX 1.2310830626865912 0.17198352264265027
33 rHY 1.4030665853292414 rHX 1.2310830626865912 0.17198352264265027
h_pos [ 7.19113366  9.87162066 10.34132472] x_pos [ 8.23760529 10.51493148 10.42265013] y_pos [ 6.54411674  8.63354812 10.47224971]
h_pos [ 7.19113366  9.87162066 10.34132472] x_pos [ 8.23760529 10.51493148 10.42265013] y_pos [ 6.54411674  8.63354812 10.47224971]
33 rHY 1.4030665853292414 rHX 1.2310830626865912 0.17198352264265027
33 rHY 1.4030665853292414 rHX 1.2310830626865912 0.17198352264265027
33 rHY 1.4030665853292414 rHX 1.2310830626865912 0.17198352264265027
33 cpl_forces h [17.08168281 18.30335376 -0.35504792]
33 cpl_forces h [17.08168281 18.30335376 -0.35504792]
33 cpl_forces h [17.08168281 18.30335376 -0.35504792]
33 cpl_forces h [17.08168281 18.30335376 -0.35504792]
33 cpl_forces x [-11.07404687  -6.80768974  -0.86060759]
33 cpl_forces h [17.08168281 18.30335376 -0.35504792]
33 cpl_forces x [-11.07404687  -6.80768974  -0.86060759]
33 cpl_forces x [-11.07404687  -6.80768974  -0.86060759]
33 cpl_forces x [-11.07404687  -6.80768974  -0.86060759]
33 cpl_forces y [ -6.00763594 -11.49566402   1.21565551]
33 cpl_forces x [-11.07404687  -6.80768974  -0.86060759]
33 cpl_forces y [ -6.00763594 -11.49566402   1.21565551]
33 cpl_forces y [ -6.00763594 -11.49566402   1.21565551]
33 cpl_forces y [ -6.00763594 -11.49566402   1.21565551]
33 cpl_forces y [ -6.00763594 -11.49566402   1.21565551]
18:53:11-DEBUG: System matrix: 
18:53:11-DEBUG: [[4.92881115e+03 2.36716993e+00]
 [2.36716993e+00 4.93226252e+03]]
18:53:11-DEBUG: Eigen values: 
18:53:11-DEBUG: [4927.60741921 4933.46625511]
18:53:11-DEBUG: Occupancies: 
18:53:11-DEBUG: [1. 0.]
18:53:11-INFO: coupling 33 2.367169933662313
18:53:11-DEBUG: Amplitudes: 
18:53:11-DEBUG: [0.79454437 0.20545563]
18:53:11-INFO: forces0 h [10.045763    6.73687608  0.65984951]
18:53:11-INFO: forces0 x [-5.72803766 -6.07512283 -0.85098055]
18:53:11-INFO: forces0 y [ 0.23188295 -7.26983455  0.1026092 ]
18:53:11-INFO: forces1 h [-13.23256201 -19.64779778   1.45454085]
18:53:11-INFO: forces1 x [10.13446928  2.41879843  0.1585668 ]
18:53:11-INFO: forces1 y [ 9.26796826 12.61957169 -1.79266494]
pos h  [ 7.19113366  9.87162066 10.34132472]
pos x  [ 8.23760529 10.51493148 10.42265013]
pos y  [ 6.54411674  8.63354812 10.47224971]
 mixed_cpl_forces: h [-13.80316727 -14.7903609    0.28690299]
 mixed_cpl_forces: x [8.9485868  5.50107863 0.69542976]
 mixed_cpl_forces: y [ 4.85458047  9.28928227 -0.98233275]
18:53:11-INFO: mixed forces h [ -8.54006725 -13.47436466   1.11002631]
18:53:11-INFO: mixed forces x [6.47959053 1.17107976 0.0518664 ]
18:53:11-INFO: mixed forces y [ 6.94297804  6.10583825 -1.2691183 ]
18:53:11-DEBUG: Minimum eigen value: 
18:53:11-DEBUG: 4927.607419214769
18:53:11-DEBUG: Minimum state: 
18:53:11-DEBUG: 0
        33     4927.6074192148     5059.4819726690      944.6536518522     4928.8111500465      131.8745534543      0.51191957
ids [  1   2   3   4   9  10  11  12  13  14  15  16  17  18  19  20  21  23
  24  25  26  27  28  29  30  31  32  33  34  35  36  37  39  41  42  44
  46  47  49  50  51  52  53  54  55  56  57  58  59  60  61  62  63  64
  65  67  68  69  70  71  72  73  74  75  76  78  79  81  83  85  86  88
  89  90  91  93  96  97  98  99 100 101 125 104 105 106 109 111 113 114
 115 116 119 120 121 124 126 993 130 131 132 135 136 544 638 643 644 649
 654 659 664 669 674 815 850 966 893 895 898 900 905 938 945 951  40]
ids [   5   48  139  234  238 1075  244  248 1040  258  259  264  378  533
  677 1038  682  683  684  685  686  687  688  689  690  691  692  694
  695  696  697  698  699  700  701  702  703  704  705  706  707  708
  709  710 1080  712  713  714  716  717  719  721  722  724  726  727
  728  729  730  731  732  733  734  735  736  737  738  739  740  741
  742  743  744  745  746  747  748  749  750  751  752  754  755  756
  757  759  761  762  763  764  766  767  769  772  773  774  775  776
  777  778  779  780  781  782  785  786  787  788  790  791  792  793
  795  796  797  799  800  802  805  806  807  811  828  876  891  771
  950  983  988  990 1028 1030 1033 1035  770  985]
ids [ 122  140  173  178  185  220  223  230  265  268  270  318  407  408
  409  412  413  414  415  416  417  418  419  420  421  422  423  424
  425 1074  427  428  429  430  431  432  433  434  435  436  437  439
  440  441  442  444  446  447  449  451  452  454  456  457  458  459
  460  461  462  463  464  465  466  467  468  469  470  471  472  473
  474  475  476  477  478  479  480  481  482  483  484  485  486  487
  488  489  491  492  494  496  497  499  502  505  506  507  508  509
  510  511  512  513  514  515  516  517  520  521  522  523  524  525
  526  527  528  530  531  532  536  537  539  541  558 1079  588  591
  803  949 1043 1044 1048 1049 1053 1059 1054  651  175  501]
ids [  6 102 107 108 112 117 118 123 133 183 228 275 310 313 315 320 353 355
 358 360 363 365 400 403 411 438 128 542 546 547 548 549 550 551 552 553
 554 555 556 557 559 560 562 563 564 565 566 567 568 569 570 571 572 573
 574 575 576 577 579 581 582 584 586 587 589 592 593 594 595 596 597 598
 599 600 601 602 603 604 605 606 607 608 609 610 611 612 613 614 615 616
 617 618 619 620 621 622 624 626 627 629 631 632 634 635 636 637 639 640
 641 642 645 646 647 648 650 426 652 653 655 656 657 658 660 661 662 665
 666 667 671 672 676 813 405 561 103]
ids [ 137  142  143  144  145  146  147  148  149  150  151  152  154  155
  157  158  159  160  161  162  163  164  165  166  167  169  170  171
  172  174  249  176  177  179  180  181  182  184  187  188  189  190
  191  192  193  194  195  196  197  198  199  200  202  203  204  205
  206  207  208  209  210  211  212  214  215  217  218  219  221  222
  224  225  226  227  229  232  233  235  236  237  240  241  242  243
  245 1073  247  250  251  252  253  254  255  256  257  260  276  262
  266  267  269  271  306  348 1078  393  396  410  443  445  448  450
  455  490  493  495  500  535  538  540  784  789  794  798  804  808
  809  918  933  216  321  239  231  679]
ids [  7  38 936  43  45  82  84  87  92  94 129 134 274 368 379 384 398 399
 404 668 673 681 693 753 711 783 801 812 816 817 818 819 820 821 822 823
 824 825 826 827 829 830 831 832 833 834 835 836 837 838 839 840 841 842
 843 844 845 847 848 849 851 852 853 854 855 856 857 858 859 861 862 863
 864 865 866 867 868 869 870 871 872 873 874 875 946 877 878 879 880 881
 882 883 884 885 886 887 888 889 890 892 894 896 897 899 901 902 904 906
 907 908 910 911 912 915 916 917 920 921 922 923 925 926 927 948 930 931
 932 846 935 937 939 940 941 942 944 919 814 860]
ids [127 141 153 156 168 186 201 213 928 924 272 929 277 278 279 280 281 282
 283 284 285 286 287 288 289 290 291 292 293 294 295 296 297 298 299 300
 301 302 303 304 305 307 308 309 311 312 314 316 317 319 261 322 323 324
 325 326 327 328 329 330 331 332 333 334 335 336 337 338 339 340 341 342
 343 344 345 346 347 349 350 351 352 354 356 357 359 361 362 364 366 367
 369 370 371 372 373 374 375 376 377 380 382 383 385 386 387 388 389 390
 391 392 394 395 397 401 402 381 406 453 498 545 578 580 583 585 590 623
 625 628 630 633 670 675 943 909 913 914 246 934]
ids [   8   22   66   77   80   95  110 1064  138  263  273  503  504  518
  519  529  534  543  663  678  680  715  718  720  723  725  758  760
  765  768 1077  810  903  947  952  953  954  955  956  957  958  959
  960  961  962  963  964  965  967  968  969  970  971  972  973  974
  975  976  977  978  979  980  981  982  984 1076  986  987  989  991
  992  994  995  996  997  998  999 1000 1001 1002 1003 1004 1005 1006
 1007 1008 1009 1010 1011 1012 1013 1014 1015 1016 1017 1018 1019 1020
 1021 1022 1023 1024 1025 1026 1027 1029 1031 1032 1034 1036 1037 1039
 1041 1042 1045 1046 1047 1050 1051 1052 1081 1055 1056 1057 1058 1060
 1061 1062 1063 1065 1066 1067 1068 1069 1070 1071 1072]
18:53:11-INFO: Step 34
18:53:11-DEBUG: Reaction systems: [[None]
 [0]]
18:53:11-DEBUG: rxn_pairs: [array([1, 2])]
18:53:11-DEBUG: Starting total colors: 5
18:53:11-DEBUG: Number of systems: 2
18:53:11-DEBUG: New total colors: 5
18:53:11-DEBUG: Potential energy for color 0: 4925.398590825319
ebond 34 4.456345377314202
18:53:11-DEBUG: Potential energy for color 1: 4929.414881499146
xhy 34 13 1 2
xhy 34 13 1 2
xhy 34 13 1 2
xhy 34 13 1 2
xhy 34 13 1 2
h_pos [ 7.183075    9.8985863  10.33135965] x_pos [ 8.24036814 10.5103752  10.42288553] y_pos [ 6.54830658  8.63009144 10.47247489]
h_pos [ 7.183075    9.8985863  10.33135965] x_pos [ 8.24036814 10.5103752  10.42288553] y_pos [ 6.54830658  8.63009144 10.47247489]
h_pos [ 7.183075    9.8985863  10.33135965] x_pos [ 8.24036814 10.5103752  10.42288553] y_pos [ 6.54830658  8.63009144 10.47247489]
h_pos [ 7.183075    9.8985863  10.33135965] x_pos [ 8.24036814 10.5103752  10.42288553] y_pos [ 6.54830658  8.63009144 10.47247489]
34 rHY 1.4254555997771716 rHX 1.2249618089457237 0.20049379083144792
34 rHY 1.4254555997771716 rHX 1.2249618089457237 0.20049379083144792
h_pos [ 7.183075    9.8985863  10.33135965] x_pos [ 8.24036814 10.5103752  10.42288553] y_pos [ 6.54830658  8.63009144 10.47247489]
34 rHY 1.4254555997771716 rHX 1.2249618089457237 0.20049379083144792
34 rHY 1.4254555997771716 rHX 1.2249618089457237 0.20049379083144792
34 rHY 1.4254555997771716 rHX 1.2249618089457237 0.20049379083144792
34 cpl_forces h [16.76641921 17.8029526  -0.31111741]
34 cpl_forces h [16.76641921 17.8029526  -0.31111741]
34 cpl_forces h [16.76641921 17.8029526  -0.31111741]
34 cpl_forces x [-11.06017154  -6.39982421  -0.95743728]
34 cpl_forces h [16.76641921 17.8029526  -0.31111741]
34 cpl_forces x [-11.06017154  -6.39982421  -0.95743728]
34 cpl_forces h [16.76641921 17.8029526  -0.31111741]
34 cpl_forces x [-11.06017154  -6.39982421  -0.95743728]
34 cpl_forces y [ -5.70624767 -11.40312839   1.26855469]
34 cpl_forces x [-11.06017154  -6.39982421  -0.95743728]
34 cpl_forces y [ -5.70624767 -11.40312839   1.26855469]
34 cpl_forces y [ -5.70624767 -11.40312839   1.26855469]
34 cpl_forces y [ -5.70624767 -11.40312839   1.26855469]
34 cpl_forces x [-11.06017154  -6.39982421  -0.95743728]
34 cpl_forces y [ -5.70624767 -11.40312839   1.26855469]
18:53:11-DEBUG: System matrix: 
18:53:11-DEBUG: [[4.92539859e+03 1.99727604e+00]
 [1.99727604e+00 4.92941488e+03]]
18:53:11-DEBUG: Eigen values: 
18:53:11-DEBUG: [4924.57446512 4930.23900721]
18:53:11-DEBUG: Occupancies: 
18:53:11-DEBUG: [1. 0.]
18:53:11-INFO: coupling 34 1.99727603791225
18:53:11-DEBUG: Amplitudes: 
18:53:11-DEBUG: [0.8545115 0.1454885]
18:53:11-INFO: forces0 h [9.85798057 6.18630268 0.74880994]
18:53:11-INFO: forces0 x [-5.78201425 -5.67337222 -0.92655799]
18:53:11-INFO: forces0 y [ 0.30754133 -6.92023993  0.09435665]
18:53:11-INFO: forces1 h [-13.75116795 -20.76147402   1.59571187]
18:53:11-INFO: forces1 x [10.27777455  2.47015468  0.23058157]
18:53:11-INFO: forces1 y [ 9.41015918 13.8159984  -2.00137031]
pos h  [ 7.183075    9.8985863  10.33135965]
pos x  [ 8.24036814 10.5103752  10.42288553]
pos y  [ 6.54830658  8.63009144 10.47247489]
 mixed_cpl_forces: h [-11.82343314 -12.5543813    0.21939544]
 mixed_cpl_forces: x [7.7994709  4.51306225 0.67517074]
 mixed_cpl_forces: y [ 4.02396224  8.04131905 -0.89456618]
18:53:11-INFO: mixed forces h [ -5.40031208 -10.28867012   1.09141986]
18:53:11-INFO: mixed forces x [ 4.35397117  0.02447951 -0.08303676]
18:53:11-INFO: mixed forces y [ 5.65582974  4.13796324 -1.1051137 ]
18:53:11-DEBUG: Minimum eigen value: 
18:53:11-DEBUG: 4924.57446511839
18:53:11-DEBUG: Minimum state: 
18:53:11-DEBUG: 0
        34     4924.5744651184     5059.4446105484      966.1119000526     4925.3985908253      134.8701454300      0.50384832
ids [   8   22   66   77   80   95  110 1064  138  263  273  503  504  518
  519  529  534  543  663  678  680  715  718  720  723  725  758  760
  765  768 1077  810  903  947  952  953  954  955  956  957  958  959
  960  961  962  963  964  965  967  968  969  970  971  972  973  974
  975  976  977  978  979  980  981  982  984 1076  986  987  989  991
  992  994  995  996  997  998  999 1000 1001 1002 1003 1004 1005 1006
 1007 1008 1009 1010 1011 1012 1013 1014 1015 1016 1017 1018 1019 1020
 1021 1022 1023 1024 1025 1026 1027 1029 1031 1032 1034 1036 1037 1039
 1041 1042 1045 1046 1047 1050 1051 1052 1081 1055 1056 1057 1058 1060
 1061 1062 1063 1065 1066 1067 1068 1069 1070 1071 1072]
ids [   5   48  139  234  238 1075  244  248 1040  258  259  264  378  533
  677 1038  682  683  684  685  686  687  688  689  690  691  692  694
  695  696  697  698  699  700  701  702  703  704  705  706  707  708
  709  710 1080  712  713  714  716  717  719  721  722  724  726  727
  728  729  730  731  732  733  734  735  736  737  738  739  740  741
  742  743  744  745  746  747  748  749  750  751  752  754  755  756
  757  759  761  762  763  764  766  767  769  772  773  774  775  776
  777  778  779  780  781  782  785  786  787  788  790  791  792  793
  795  796  797  799  800  802  805  806  807  811  828  876  891  771
  950  983  988  990 1028 1030 1033 1035  770  985  801]
ids [ 122  140  173  178  185  220  223  230  265  268  270  318  407  408
  409  412  413  414  415  416  417  418  419  420  421  422  423  424
  425 1074  427  428  429  430  431  432  433  434  435  436  437  439
  440  441  442  444  446  447  449  451  452  454  456  457  458  459
  460  461  462  463  464  465  466  467  468  469  470  471  472  473
  474  475  476  477  478  479  480  481  482  483  484  485  486  487
  488  489  491  492  494  496  497  499  502  505  506  507  508  509
  510  511  512  513  514  515  516  517  520  521  522  523  524  525
  526  527  528  530  531  532  536  537  539  541  558 1079  588  591
  803  949 1043 1044 1048 1049 1053 1059 1054  651  175  501]
ids [  6 102 107 108 112 117 118 123 133 183 228 275 310 313 315 320 353 355
 358 360 363 365 400 403 411 438 128 542 546 547 548 549 550 551 552 553
 554 555 556 557 559 560 562 563 564 565 566 567 568 569 570 571 572 573
 574 575 576 577 579 581 582 584 586 587 589 592 593 594 595 596 597 598
 599 600 601 602 603 604 605 606 607 608 609 610 611 612 613 614 615 616
 617 618 619 620 621 622 624 626 627 629 631 632 634 635 636 637 639 640
 641 642 645 646 647 648 650 426 652 653 655 656 657 658 660 661 662 665
 666 667 671 672 676 813 405 561 103]
ids [ 137  142  143  144  145  146  147  148  149  150  151  152  154  155
  157  158  159  160  161  162  163  164  165  166  167  169  170  171
  172  174  249  176  177  179  180  181  182  184  187  188  189  190
  191  192  193  194  195  196  197  198  199  200  202  203  204  205
  206  207  208  209  210  211  212  214  215  217  218  219  221  222
  224  225  226  227  229  232  233  235  236  237  240  241  242  243
  245 1073  247  250  251  252  253  254  255  256  257  260  276  262
  266  267  269  271  306  348 1078  393  396  410  443  445  448  450
  455  490  493  495  500  535  538  540  784  789  794  798  804  808
  809  918  933  216  321  239  231  679]
ids [  7  38 936  43  45  82  84  87  92  94 129 134 274 368 379 384 398 399
 404 668 673 681 693 753 711 783 860 812 816 817 818 819 820 821 822 823
 824 825 826 827 829 830 831 832 833 834 835 836 837 838 839 840 841 842
 843 844 845 847 848 849 851 852 853 854 855 856 857 858 859 861 862 863
 864 865 866 867 868 869 870 871 872 873 874 875 946 877 878 879 880 881
 882 883 884 885 886 887 888 889 890 892 894 896 897 899 901 902 904 906
 907 908 910 911 912 915 916 917 920 921 922 923 925 926 927 948 930 931
 932 846 935 937 939 814 941 942 944 919 369]
ids [127 141 153 156 168 186 201 213 928 924 272 929 277 278 279 280 281 282
 283 284 285 286 287 288 289 290 291 292 293 294 295 296 297 298 299 300
 301 302 303 304 305 307 308 309 311 312 314 316 317 319 261 322 323 324
 325 326 327 328 329 330 331 332 333 334 335 336 337 338 339 340 341 342
 343 344 345 346 347 349 350 351 352 354 356 357 359 361 362 364 366 367
 934 370 371 372 373 374 375 376 377 380 382 383 385 386 387 388 389 390
 391 392 394 395 397 401 402 381 406 453 498 545 578 580 583 585 590 623
 625 628 630 633 670 675 943 909 913 914 246]
ids [  1   2   3   4   9  10  11  12  13  14  15  16  17  18  19  20  21  23
  24  25  26  27  28  29  30  31  32  33  34  35  36  37  39  41  42  44
  46  47  49  50  51  52  53  54  55  56  57  58  59  60  61  62  63  64
  65  67  68  69  70  71  72  73  74  75  76  78  79  81  83  85  86  88
  89  90  91  93  96  97  98  99 100 101 125 104 105 106 109 111 113 114
 115 116 119 120 121 124 126 993 130 131 132 135 136 544 638 643 644 649
 654 659 664 669 674 815 850 966 893 895 898 900 905 938 945 951  40 940]
18:53:11-INFO: Step 35
18:53:11-DEBUG: Reaction systems: [[None]
 [0]]
18:53:11-DEBUG: rxn_pairs: [array([1, 2])]
18:53:11-DEBUG: Starting total colors: 5
18:53:11-DEBUG: Number of systems: 2
18:53:11-DEBUG: New total colors: 5
18:53:11-DEBUG: Potential energy for color 0: 4922.342486031665
ebond 35 4.813624198007574
18:53:11-DEBUG: Potential energy for color 1: 4926.73914899558
xhy 35 13 1 2
xhy 35 13 1 2
xhy 35 13 1 2
xhy 35 13 1 2
xhy 35 13 1 2
h_pos [ 7.17231702  9.92090658 10.32183219] x_pos [ 8.24326104 10.5058382  10.42311964] y_pos [ 6.55264932  8.62676255 10.47267132]
h_pos [ 7.17231702  9.92090658 10.32183219] x_pos [ 8.24326104 10.5058382  10.42311964] y_pos [ 6.55264932  8.62676255 10.47267132]
35 rHY 1.4427575226182277 rHX 1.2244693690306387 0.2182881535875889
35 rHY 1.4427575226182277 rHX 1.2244693690306387 0.2182881535875889
h_pos [ 7.17231702  9.92090658 10.32183219] x_pos [ 8.24326104 10.5058382  10.42311964] y_pos [ 6.55264932  8.62676255 10.47267132]
h_pos [ 7.17231702  9.92090658 10.32183219] x_pos [ 8.24326104 10.5058382  10.42311964] y_pos [ 6.55264932  8.62676255 10.47267132]
h_pos [ 7.17231702  9.92090658 10.32183219] x_pos [ 8.24326104 10.5058382  10.42311964] y_pos [ 6.55264932  8.62676255 10.47267132]
35 rHY 1.4427575226182277 rHX 1.2244693690306387 0.2182881535875889
35 rHY 1.4427575226182277 rHX 1.2244693690306387 0.2182881535875889
35 rHY 1.4427575226182277 rHX 1.2244693690306387 0.2182881535875889
35 cpl_forces h [16.14933648 17.0232807  -0.2703243 ]
35 cpl_forces h [16.14933648 17.0232807  -0.2703243 ]
35 cpl_forces x [-10.83067627  -5.91553329  -1.02434066]
35 cpl_forces h [16.14933648 17.0232807  -0.2703243 ]
35 cpl_forces h [16.14933648 17.0232807  -0.2703243 ]
35 cpl_forces x [-10.83067627  -5.91553329  -1.02434066]
35 cpl_forces x [-10.83067627  -5.91553329  -1.02434066]
35 cpl_forces h [16.14933648 17.0232807  -0.2703243 ]
35 cpl_forces x [-10.83067627  -5.91553329  -1.02434066]
35 cpl_forces y [ -5.3186602  -11.10774742   1.29466495]
35 cpl_forces y [ -5.3186602  -11.10774742   1.29466495]
35 cpl_forces x [-10.83067627  -5.91553329  -1.02434066]
35 cpl_forces y [ -5.3186602  -11.10774742   1.29466495]
35 cpl_forces y [ -5.3186602  -11.10774742   1.29466495]
35 cpl_forces y [ -5.3186602  -11.10774742   1.29466495]
18:53:11-DEBUG: System matrix: 
18:53:11-DEBUG: [[4.92234249e+03 1.77278711e+00]
 [1.77278711e+00 4.92673915e+03]]
18:53:11-DEBUG: Eigen values: 
18:53:11-DEBUG: [4921.71673617 4927.36489886]
18:53:11-DEBUG: Occupancies: 
18:53:11-DEBUG: [1. 0.]
18:53:11-INFO: coupling 35 1.77278710868956
18:53:11-DEBUG: Amplitudes: 
18:53:11-DEBUG: [0.88921179 0.11078821]
18:53:11-INFO: forces0 h [9.90524831 5.84172256 0.84269819]
18:53:11-INFO: forces0 x [-6.04293587 -5.4225485  -1.01183741]
18:53:11-INFO: forces0 y [ 0.35074563 -6.63110833  0.09072147]
18:53:11-INFO: forces1 h [-13.86111403 -21.51409979   1.74530889]
18:53:11-INFO: forces1 x [10.13783999  2.3641375   0.27835791]
18:53:11-INFO: forces1 y [ 9.42008229 14.80571129 -2.1945149 ]
pos h  [ 7.17231702  9.92090658 10.32183219]
pos x  [ 8.24326104 10.5058382  10.42311964]
pos y  [ 6.55264932  8.62676255 10.47267132]
 mixed_cpl_forces: h [-10.13757468 -10.6861839    0.16969321]
 mixed_cpl_forces: x [6.79884215 3.71341327 0.64301898]
 mixed_cpl_forces: y [ 3.33873253  6.97277062 -0.81271219]
18:53:11-INFO: mixed forces h [-2.86535923 -7.87516407  1.11239003]
18:53:11-INFO: mixed forces x [ 2.54854556 -0.84646218 -0.22587999]
18:53:11-INFO: mixed forces y [ 4.69425378  2.71660927 -0.97516798]
18:53:11-DEBUG: Minimum eigen value: 
18:53:11-DEBUG: 4921.716736169663
18:53:11-DEBUG: Minimum state: 
18:53:11-DEBUG: 0
        35     4921.7167361697     5059.4257324707      986.4473686643     4922.3424860317      137.7089963011      0.49714020
ids [  7  38 936  43  45  82  84  87  92  94 129 134 274 368 379 384 398 399
 404 668 673 681 693 753 711 783 860 812 816 817 818 819 820 821 822 823
 824 825 826 827 829 830 831 832 833 834 835 836 837 838 839 840 841 842
 843 844 845 847 848 849 851 852 853 854 855 856 857 858 859 861 862 863
 864 865 866 867 868 869 870 871 872 873 874 875 946 877 878 879 880 881
 882 883 884 885 886 887 888 889 890 892 894 896 897 899 901 902 904 906
 907 908 910 911 912 915 916 917 920 921 922 923 925 926 927 948 930 931
 932 846 935 937 939 814 941 942 944 919 369]
ids [  1   2   3   4   9  10  11  12  13  14  15  16  17  18  19  20  21  23
  24  25  26  27  28  29  30  31  32  33  34  35  36  37  39  41  42  44
  46  47  49  50  51  52  53  54  55  56  57  58  59  60  61  62  63  64
  65  67  68  69  70  71  72  73  74  75  76  78  79  81  83  85  86  88
  89  90  91  93  96  97  98  99 100 101 125 104 105 106 109 111 113 114
 115 116 119 120 121 124 126 993 130 131 132 135 136 544 638 643 644 649
 654 659 664 669 674 815 850 966 893 895 898 900 905 938 945 951  40 940]
ids [127 141 153 156 168 186 201 213 928 924 272 929 277 278 279 280 281 282
 283 284 285 286 287 288 289 290 291 292 293 294 295 296 297 298 299 300
 301 302 303 304 305 307 308 309 311 312 314 316 317 319 261 322 323 324
 325 326 327 328 329 330 331 332 333 334 335 336 337 338 339 340 341 342
 343 344 345 346 347 349 350 351 352 354 356 357 359 361 362 364 366 367
 934 370 371 372 373 374 375 376 377 380 382 383 385 386 387 388 389 390
 391 392 394 395 397 401 402 381 406 453 498 545 578 580 583 585 590 623
 625 628 630 633 670 675 943 909 913 914 246]
ids [   8   22   66   77   80   95  110 1064  138  263  273  503  504  518
  519  529  534  543  663  678  680  715  718  720  723  725  758  760
  765  768 1077  810  903  947  952  953  954  955  956  957  958  959
  960  961  962  963  964  965  967  968  969  970  971  972  973  974
  975  976  977  978  979  980  981  982  984 1076  986  987  989  991
  992  994  995  996  997  998  999 1000 1001 1002 1003 1004 1005 1006
 1007 1008 1009 1010 1011 1012 1013 1014 1015 1016 1017 1018 1019 1020
 1021 1022 1023 1024 1025 1026 1027 1029 1031 1032 1034 1036 1037 1039
 1041 1042 1045 1046 1047 1050 1051 1052 1081 1055 1056 1057 1058 1060
 1061 1062 1063 1065 1066 1067 1068 1069 1070 1071 1072  514]
ids [   5   48  139  234  238 1075  244  248 1040  258  259  264  378  533
  677 1038  682  683  684  685  686  687  688  689  690  691  692  694
  695  696  697  698  699  700  701  702  703  704  705  706  707  708
  709  710 1080  712  713  714  716  717  719  721  722  724  726  727
  728  729  730  731  732  733  734  735  736  737  738  739  740  741
  742  743  744  745  746  747  748  749  750  751  752  754  755  756
  757  759  761  762  763  764  766  767  769  772  773  774  775  776
  777  778  779  780  781  782  785  786  787  788  790  791  792  793
  795  796  797  799  800  802  805  806  807  811  828  876  891  771
  950  983  988  990 1028 1030 1033 1035  770  985  801]
ids [ 122  140  173  178  185  220  223  230  265  268  270  318  407  408
  409  412  413  414  415  416  417  418  419  420  421  422  423  424
  425 1074  427  428  429  430  431  432  433  434  435  436  437  439
  440  441  442  444  446  447  449  451  452  454  456  457  458  459
  460  461  462  463  464  465  466  467  468  469  470  471  472  473
  474  475  476  477  478  479  480  481  482  483  484  485  486  487
  488  489  491  492  494  496  497  499  502  505  506  507  508  509
  510  511  512  513  501  515  516  517  520  521  522  523  524  525
  526  527  528  530  531  532  536  537  539  541  558 1079  588  591
  803  949 1043 1044 1048 1049 1053 1059 1054  651  175]
ids [  6 102 107 108 112 117 118 123 133 183 228 275 310 313 315 320 353 355
 358 360 363 365 400 403 411 438 128 542 546 547 548 549 550 551 552 553
 554 555 556 557 559 560 562 563 564 565 566 567 568 569 570 571 572 573
 574 575 576 577 579 581 582 584 586 587 589 592 593 594 595 596 597 598
 599 600 601 602 603 604 605 606 607 608 609 610 611 612 613 614 615 616
 617 618 619 620 621 622 624 626 627 629 631 632 634 635 636 637 639 640
 641 642 645 646 647 648 650 426 652 653 655 656 657 658 660 661 662 665
 666 667 671 672 676 813 405 561 103]
ids [ 137  142  143  144  145  146  147  148  149  150  151  152  154  155
  157  158  159  160  161  162  163  164  165  166  167  169  170  171
  172  174  249  176  177  179  180  181  182  184  187  188  189  190
  191  192  193  194  195  196  197  198  199  200  202  203  204  205
  206  207  208  209  210  211  212  214  215  217  218  219  221  222
  224  225  226  227  229  232  233  235  236  237  240  241  242  243
  245 1073  247  250  251  252  253  254  255  256  257  260  276  262
  266  267  269  271  306  348 1078  393  396  410  443  445  448  450
  455  490  493  495  500  535  538  540  784  789  794  798  804  808
  809  918  933  216  321  239  231  679]
18:53:11-INFO: Step 36
18:53:11-DEBUG: Reaction systems: [[None]
 [0]]
18:53:11-DEBUG: rxn_pairs: [array([1, 2])]
18:53:11-DEBUG: Starting total colors: 5
18:53:11-DEBUG: Number of systems: 2
18:53:11-DEBUG: New total colors: 5
18:53:11-DEBUG: Potential energy for color 0: 4919.62830386184
ebond 36 5.1072092438776275
18:53:11-DEBUG: Potential energy for color 1: 4924.274073704095
xhy 36 13 1 2
xhy 36 13 1 2
xhy 36 13 1 2
xhy 36 13 1 2
xhy 36 13 1 2
h_pos [ 7.15998883  9.93969064 10.31274373] x_pos [ 8.24623406 10.5012943  10.42334899] y_pos [ 6.55711744  8.62351984 10.47284261]
h_pos [ 7.15998883  9.93969064 10.31274373] x_pos [ 8.24623406 10.5012943  10.42334899] y_pos [ 6.55711744  8.62351984 10.47284261]
h_pos [ 7.15998883  9.93969064 10.31274373] x_pos [ 8.24623406 10.5012943  10.42334899] y_pos [ 6.55711744  8.62351984 10.47284261]
36 rHY 1.4564996185322898 rHX 1.2278277124762613 0.2286719060560285
h_pos [ 7.15998883  9.93969064 10.31274373] x_pos [ 8.24623406 10.5012943  10.42334899] y_pos [ 6.55711744  8.62351984 10.47284261]
h_pos [ 7.15998883  9.93969064 10.31274373] x_pos [ 8.24623406 10.5012943  10.42334899] y_pos [ 6.55711744  8.62351984 10.47284261]
36 rHY 1.4564996185322898 rHX 1.2278277124762613 0.2286719060560285
36 rHY 1.4564996185322898 rHX 1.2278277124762613 0.2286719060560285
36 rHY 1.4564996185322898 rHX 1.2278277124762613 0.2286719060560285
36 rHY 1.4564996185322898 rHX 1.2278277124762613 0.2286719060560285
36 cpl_forces h [15.64037522 16.3924353  -0.2389311 ]
36 cpl_forces h [15.64037522 16.3924353  -0.2389311 ]
36 cpl_forces h [15.64037522 16.3924353  -0.2389311 ]
36 cpl_forces h [15.64037522 16.3924353  -0.2389311 ]
36 cpl_forces x [-10.65516067  -5.50886399  -1.08494542]
36 cpl_forces y [ -4.98521455 -10.88357132   1.32387651]
36 cpl_forces h [15.64037522 16.3924353  -0.2389311 ]
36 cpl_forces x [-10.65516067  -5.50886399  -1.08494542]
36 cpl_forces x [-10.65516067  -5.50886399  -1.08494542]
36 cpl_forces x [-10.65516067  -5.50886399  -1.08494542]
36 cpl_forces y [ -4.98521455 -10.88357132   1.32387651]
36 cpl_forces y [ -4.98521455 -10.88357132   1.32387651]
36 cpl_forces y [ -4.98521455 -10.88357132   1.32387651]
36 cpl_forces x [-10.65516067  -5.50886399  -1.08494542]
36 cpl_forces y [ -4.98521455 -10.88357132   1.32387651]
18:53:11-DEBUG: System matrix: 
18:53:11-DEBUG: [[4.91962830e+03 1.64591257e+00]
 [1.64591257e+00 4.92427407e+03]]
18:53:11-DEBUG: Eigen values: 
18:53:11-DEBUG: [4919.10429178 4924.79808579]
18:53:11-DEBUG: Occupancies: 
18:53:11-DEBUG: [1. 0.]
18:53:11-INFO: coupling 36 1.6459125694433938
18:53:11-DEBUG: Amplitudes: 
18:53:11-DEBUG: [0.90796785 0.09203215]
18:53:11-INFO: forces0 h [10.11130951  5.62482961  0.94264381]
18:53:11-INFO: forces0 x [-6.44729623 -5.26892618 -1.10583681]
18:53:11-INFO: forces0 y [ 0.37594914 -6.37636769  0.08963276]
18:53:11-INFO: forces1 h [-13.67964817 -22.02557088   1.90484237]
18:53:11-INFO: forces1 x [9.79038734 2.16415516 0.3028712 ]
18:53:11-INFO: forces1 y [ 9.34200509 15.64599617 -2.37451905]
pos h  [ 7.15998883  9.93969064 10.31274373]
pos x  [ 8.24623406 10.5012943  10.42334899]
pos y  [ 6.55711744  8.62351984 10.47284261]
 mixed_cpl_forces: h [-9.04236793 -9.47716594  0.13813626]
 mixed_cpl_forces: x [6.16020279 3.18490921 0.62725322]
 mixed_cpl_forces: y [ 2.88216514  6.29225673 -0.76538947]
18:53:11-INFO: mixed forces h [-1.12059131 -6.39706203  1.16933326]
18:53:11-INFO: mixed forces x [ 1.20729543 -1.39993455 -0.34893717]
18:53:11-INFO: mixed forces y [ 4.08327965  1.94265445 -0.9025379 ]
18:53:11-DEBUG: Minimum eigen value: 
18:53:11-DEBUG: 4919.104291780431
18:53:11-DEBUG: Minimum state: 
18:53:11-DEBUG: 0
        36     4919.1042917804     5059.4182721603     1005.1075852003     4919.6283038618      140.3139803799      0.50556696
ids [ 137  142  143  144  145  146  147  148  149  150  151  152  154  155
  157  158  159  160  161  162  163  164  165  166  167  169  170  679
  172  174  249  176  177  179  180  181  182  184  187  188  189  190
  191  192  193  194  195  196  197  198  199  200  202  203  204  205
  206  207  208  209  210  211  212  214  215  217  218  219  221  222
  224  225  226  227  229  232  233  235  236  237  240  241  242  243
  245 1073  247  250  251  252  253  254  255  256  257  260  276  262
  266  267  269  271  306  348 1078  393  396  410  443  445  448  450
  455  490  493  495  500  535  538  540  784  789  794  798  804  808
  809  918  933  216  321  239  231]
ids [127 141 153 156 168 186 201 213 928 924 272 929 277 278 279 280 281 282
 283 284 285 286 287 288 289 290 291 292 293 294 295 296 297 298 299 300
 301 302 303 304 305 307 308 309 311 312 314 316 317 319 261 322 323 324
 325 326 327 328 329 330 331 332 333 334 335 336 337 338 339 340 341 342
 343 344 345 346 347 349 350 351 352 354 356 357 359 361 362 364 366 367
 934 370 371 372 373 374 375 376 377 380 382 383 385 386 387 388 389 390
 391 392 394 395 397 401 402 381 406 453 498 545 578 580 583 585 590 623
 625 628 630 633 670 675 943 909 913 914 246 171]
ids [   8   22   66   77   80   95  110 1064  138  263  273  503  504  518
  519  529  534  543  663  678  680  715  718  720  723  725  758  760
  765  768 1077  810  903  947  952  953  954  955  956  957  958  959
  960  961  962  963  964  965  967  968  969  970  971  972  973  974
  975  976  977  978  979  980  981  982  984 1076  986  987  989  991
  992  994  995  996  997  998  999 1000 1001 1002 1003 1004 1005 1006
 1007 1008 1009 1010 1011 1012 1013 1014 1015 1016 1017 1018 1019 1020
 1021 1022 1023 1024 1025 1026 1027 1029 1031 1032 1034 1036 1037 1039
 1041 1042 1045 1046 1047 1050 1051 1052 1081 1055 1056 1057 1058 1060
 1061 1062 1063 1065 1066 1067 1068 1069 1070 1071 1072  514]
ids [   5   48  139  234  238 1075  244  248 1040  258  259  264  378  533
  677 1038  682  683  684  685  686  687  688  689  690  691  692  694
  695  696  697  698  699  700  701  702  703  704  705  706  707  708
  709  710 1080  712  713  714  716  717  719  721  722  724  726  727
  728  729  730  731  732  733  734  735  736  737  738  739  740  741
  742  743  744  745  746  747  748  749  750  751  752  754  755  756
  757  759  761  762  763  764  766  767  769  772  773  774  775  776
  777  778  779  780  781  782  785  786  787  788  790  791  792  793
  795  796  797  799  800  802  805  806  807  811  828  876  891  771
  950  983  988  990 1028 1030 1033 1035  770  985  801]
ids [ 122  140  173  178  185  220  223  230  265  268  270  318  407  408
  409  412  413  414  415  416  417  418  419  420  421  422  423  424
  425 1074  427  428  429  430  431  432  433  434  435  436  437  439
  440  441  442  444  446  447  449  451  452  454  456  457  458  459
  460  461  462  463  464  465  466  467  468  469  470  471  472  473
  474  475  476  477  478  479  480  481  482  483  484  485  486  487
  488  489  491  492  494  496  497  499  502  505  506  507  508  509
  510  511  512  513  501  515  516  517  520  521  522  523  524  525
  526  527  528  530  531  532  536  537  539  541  558 1079  588  591
  803  949 1043 1044 1048 1049 1053 1059 1054  651  175]
ids [  6 102 107 108 112 117 118 123 133 183 228 275 310 313 315 320 353 355
 358 360 363 365 400 403 411 438 128 542 546 547 548 549 550 551 552 553
 554 555 556 557 559 560 562 563 564 565 566 567 568 569 570 571 572 573
 574 575 576 577 579 581 582 584 586 587 589 592 593 594 595 596 597 598
 599 600 601 602 603 604 605 606 607 608 609 610 611 612 613 614 615 616
 617 618 619 620 621 622 624 626 627 629 631 632 634 635 636 637 639 640
 641 642 645 646 647 648 650 426 652 653 655 656 657 658 660 661 662 665
 666 667 671 672 676 813 405 561 103]
ids [  7  38 936  43  45  82  84  87  92  94 129 134 274 368 379 384 398 399
 404 668 673 681 693 753 711 783 860 812 816 817 818 819 820 821 822 823
 824 825 826 827 829 830 831 832 833 834 835 836 837 838 839 840 841 842
 843 844 845 847 848 849 851 852 853 854 855 856 857 858 859 861 862 863
 864 865 866 867 868 869 870 871 872 873 874 875 946 877 878 879 880 881
 882 883 884 885 886 887 888 889 890 892 894 896 897 899 901 902 904 906
 907 908 910 911 912 915 916 917 920 921 922 923 925 926 927 948 930 931
 932 846 935 937 939 814 941 942 944 919 369]
ids [  1   2   3   4   9  10  11  12  13  14  15  16  17  18  19  20  21  23
  24  25  26  27  28  29  30  31  32  33  34  35  36  37  39  41  42  44
  46  47  49  50  51  52  53  54  55  56  57  58  59  60  61  62  63  64
  65  67  68  69  70  71  72  73  74  75  76  78  79  81  83  85  86  88
  89  90  91  93  96  97  98  99 100 101 125 104 105 106 109 111 113 114
 115 116 119 120 121 124 126 993 130 131 132 135 136 544 638 643 644 649
 654 659 664 669 674 815 850 966 893 895 898 900 905 938 945 951  40 940]
18:53:11-INFO: Step 37
18:53:11-DEBUG: Reaction systems: [[None]
 [0]]
18:53:11-DEBUG: rxn_pairs: [array([1, 2])]
18:53:11-DEBUG: Starting total colors: 5
18:53:11-DEBUG: Number of systems: 2
18:53:11-DEBUG: New total colors: 5
18:53:11-DEBUG: Potential energy for color 0: 4917.247934465886
ebond 37 5.353708907716734
18:53:11-DEBUG: Potential energy for color 1: 4922.051865381291
xhy 37 13 1 2
xhy 37 13 1 2
xhy 37 13 1 2
xhy 37 13 1 2
xhy 37 13 1 2
h_pos [ 7.14693845  9.95570641 10.30411031] x_pos [ 8.24924751 10.49672516 10.42357027] y_pos [ 6.56169175  8.62033642 10.47299124]
37 rHY 1.467735499934536 rHX 1.2337168326510652 0.23401866728347076
h_pos [ 7.14693845  9.95570641 10.30411031] x_pos [ 8.24924751 10.49672516 10.42357027] y_pos [ 6.56169175  8.62033642 10.47299124]
37 rHY 1.467735499934536 rHX 1.2337168326510652 0.23401866728347076
h_pos [ 7.14693845  9.95570641 10.30411031] x_pos [ 8.24924751 10.49672516 10.42357027] y_pos [ 6.56169175  8.62033642 10.47299124]
h_pos [ 7.14693845  9.95570641 10.30411031] x_pos [ 8.24924751 10.49672516 10.42357027] y_pos [ 6.56169175  8.62033642 10.47299124]
h_pos [ 7.14693845  9.95570641 10.30411031] x_pos [ 8.24924751 10.49672516 10.42357027] y_pos [ 6.56169175  8.62033642 10.47299124]
37 rHY 1.467735499934536 rHX 1.2337168326510652 0.23401866728347076
37 rHY 1.467735499934536 rHX 1.2337168326510652 0.23401866728347076
37 rHY 1.467735499934536 rHX 1.2337168326510652 0.23401866728347076
37 cpl_forces h [15.30931796 15.9741427  -0.2160096 ]
37 cpl_forces h [15.30931796 15.9741427  -0.2160096 ]
37 cpl_forces x [-10.58533817  -5.19533643  -1.1471593 ]
37 cpl_forces h [15.30931796 15.9741427  -0.2160096 ]
37 cpl_forces x [-10.58533817  -5.19533643  -1.1471593 ]
37 cpl_forces h [15.30931796 15.9741427  -0.2160096 ]
37 cpl_forces h [15.30931796 15.9741427  -0.2160096 ]
37 cpl_forces y [ -4.72397979 -10.77880628   1.3631689 ]
37 cpl_forces x [-10.58533817  -5.19533643  -1.1471593 ]
37 cpl_forces y [ -4.72397979 -10.77880628   1.3631689 ]
37 cpl_forces x [-10.58533817  -5.19533643  -1.1471593 ]
37 cpl_forces x [-10.58533817  -5.19533643  -1.1471593 ]
37 cpl_forces y [ -4.72397979 -10.77880628   1.3631689 ]
37 cpl_forces y [ -4.72397979 -10.77880628   1.3631689 ]
37 cpl_forces y [ -4.72397979 -10.77880628   1.3631689 ]
18:53:11-DEBUG: System matrix: 
18:53:11-DEBUG: [[4.91724793e+03 1.58203604e+00]
 [1.58203604e+00 4.92205187e+03]]
18:53:11-DEBUG: Eigen values: 
18:53:11-DEBUG: [4916.77374345 4922.5260564 ]
18:53:11-DEBUG: Occupancies: 
18:53:11-DEBUG: [1. 0.]
18:53:11-INFO: coupling 37 1.5820360355682654
18:53:11-DEBUG: Amplitudes: 
18:53:11-DEBUG: [0.91756516 0.08243484]
18:53:11-INFO: forces0 h [10.42102832  5.4866905   1.04772889]
18:53:11-INFO: forces0 x [-6.94572886 -5.17604974 -1.20652737]
18:53:11-INFO: forces0 y [ 0.39030451 -6.14264021  0.09001565]
18:53:11-INFO: forces1 h [-13.31678485 -22.38852128   2.07119459]
18:53:11-INFO: forces1 x [9.31621788 1.92367892 0.30883876]
18:53:11-INFO: forces1 y [ 9.20732896 16.37646093 -2.54292584]
pos h  [ 7.14693845  9.95570641 10.30411031]
pos x  [ 8.24924751 10.49672516 10.42357027]
pos y  [ 6.56169175  8.62033642 10.47299124]
 mixed_cpl_forces: h [-8.42092316 -8.78661144  0.11881654]
 mixed_cpl_forces: x [5.82248795 2.85770594 0.63099743]
 mixed_cpl_forces: y [ 2.59843521  5.9289055  -0.74981398]
18:53:11-INFO: mixed forces h [ 0.04328224 -5.59780967  1.25091467]
18:53:11-INFO: mixed forces x [ 0.21731013 -1.73307878 -0.45061097]
18:53:11-INFO: mixed forces y [ 3.71556975  1.64262387 -0.87684444]
18:53:11-DEBUG: Minimum eigen value: 
18:53:11-DEBUG: 4916.773743446998
18:53:11-DEBUG: Minimum state: 
18:53:11-DEBUG: 0
        37     4916.7737434470     5059.4157591223     1021.7839415241     4917.2479344659      142.6420156753      0.50662007
ids [  7  38 936  43  45  82  84  87  92  94 129 134 274 368 379 384 398 399
 404 668 673 681 693 753 711 783 860 812 816 817 818 819 820 821 822 823
 824 825 826 827 829 830 831 832 833 834 835 836 837 838 839 840 841 842
 843 844 845 847 848 849 851 852 853 854 855 856 857 858 859 861 862 863
 864 865 866 867 868 869 870 871 872 873 874 875 946 877 878 879 880 881
 882 883 884 885 886 887 888 889 890 892 894 896 897 899 901 902 904 906
 907 908 910 911 912 915 916 917 920 921 922 923 925 926 927 948 930 931
 932 846 935 937 939 814 941 942 944 919 369]
ids [ 137  142  143  144  145  146  147  148  149  150  151  152  154  155
  157  158  159  160  161  162  163  164  165  166  167  169  170  679
  172  174  249  176  177  179  180  181  182  184  187  188  189  190
  191  192  193  194  195  196  197  198  199  200  202  203  204  205
  206  207  208  209  210  211  212  214  215  217  218  219  221  222
  224  225  226  227  229  232  233  235  236  237  240  241  242  243
  245 1073  247  250  251  252  253  231  255  256  257  260  276  262
  266  267  269  271  306  348 1078  393  396  410  443  445  448  450
  455  490  493  495  500  535  538  540  784  789  794  798  804  808
  809  918  933  216  321  239]
ids [127 141 153 156 168 186 201 213 928 924 272 929 277 278 279 280 281 282
 283 284 285 286 287 288 289 290 291 292 293 294 295 296 297 298 299 300
 301 302 303 304 305 307 308 309 311 312 314 316 317 319 261 322 323 324
 325 326 327 328 329 330 331 332 333 334 335 336 337 338 339 340 341 342
 343 344 345 346 347 349 350 351 352 354 356 357 359 361 362 364 366 367
 934 370 371 372 373 374 375 376 377 380 382 383 385 386 387 388 389 390
 391 392 394 395 397 401 402 381 406 453 498 545 578 580 583 585 590 623
 625 628 630 633 670 675 943 909 913 914 246 171]
ids [   8   22   66   77   80   95  110 1064  138  263  273  503  504  518
  519  529  534  543  663  678  680  715  718  720  723  725  758  760
  765  768 1077  810  903  947  952  953  954  955  956  957  958  959
  960  961  962  963  964  965  967  968  969  970  971  972  973  974
  975  976  977  978  979  980  981  982  984 1076  986  987  989  991
  992  994  995  996  997  998  999 1000 1001 1002 1003 1004 1005 1006
 1007 1008 1009 1010 1011 1012 1013 1014 1015 1016 1017 1018 1019 1020
 1021 1022 1023 1024 1025 1026 1027 1029 1031 1032 1034 1036 1037 1039
 1041 1042 1045 1046 1047 1050 1051 1052 1081 1055 1056 1057 1058 1060
 1061 1062 1063 1065 1066 1067 1068 1069 1070 1071 1072  514]
ids [   5   48  139  234  238 1075  244  248 1040  258  259  264  378  533
  677 1038  682  683  684  685  686  687  688  689  690  691  692  694
  695  696  697  698  699  700  701  702  703  704  705  706  707  708
  709  710 1080  712  713  714  716  717  719  721  722  724  726  727
  728  729  730  731  732  733  734  735  736  737  738  739  740  741
  742  743  744  745  746  747  748  749  750  751  752  754  755  756
  757  759  761  762  763  764  766  767  769  772  773  774  775  776
  777  778  779  780  781  782  785  786  787  788  790  791  792  793
  795  796  797  799  800  802  805  806  807  811  828  876  891  771
  950  983  988  990 1028 1030 1033 1035  770  985  801  254]
ids [ 122  140  173  178  185  220  223  230  265  268  270  318  407  408
  409  412  413  414  415  416  417  418  419  420  421  422  423  424
  425 1074  427  428  429  430  431  432  433  434  435  436  437  439
  440  441  442  444  446  447  449  451  452  454  456  457  458  459
  460  461  462  463  464  465  466  467  468  469  470  471  472  473
  474  475  476  477  478  479  480  481  482  483  484  485  486  487
  488  489  491  492  494  496  497  499  502  505  506  507  508  509
  510  511  512  513  501  515  516  517  520  521  522  523  524  525
  526  527  528  530  531  532  536  537  539  541  558 1079  588  591
  803  949 1043 1044 1048 1049 1053 1059 1054  651  175]
ids [  6 102 107 108 112 117 118 123 133 183 228 275 310 313 315 320 353 355
 358 360 363 365 400 403 411 438 128 542 546 547 548 549 550 551 552 553
 554 555 556 557 559 560 562 563 564 565 566 567 568 569 570 571 572 573
 574 575 576 577 579 581 582 584 586 587 589 592 593 594 595 596 597 598
 599 600 601 602 603 604 605 606 607 608 609 610 611 612 613 614 615 616
 617 618 619 620 621 622 624 626 627 629 631 632 634 635 636 637 639 640
 641 642 645 646 647 648 650 426 652 653 655 656 657 658 660 661 662 665
 666 667 671 672 676 813 405 561 103]
ids [  1   2   3   4   9  10  11  12  13  14  15  16  17  18  19  20  21  23
  24  25  26  27  28  29  30  31  32  33  34  35  36  37  39  41  42  44
  46  47  49  50  51  52  53  54  55  56  57  58  59  60  61  62  63  64
  65  67  68  69  70  71  72  73  74  75  76  78  79  81  83  85  86  88
  89  90  91  93  96  97  98  99 100 101 125 104 105 106 109 111 113 114
 115 116 119 120 121 124 126 993 130 131 132 135 136 544 638 643 644 649
 654 659 664 669 674 815 850 966 893 895 898 900 905 938 945 951  40 940]
18:53:11-INFO: Step 38
18:53:11-DEBUG: Reaction systems: [[None]
 [0]]
18:53:11-DEBUG: rxn_pairs: [array([1, 2])]
18:53:11-DEBUG: Starting total colors: 5
18:53:11-DEBUG: Number of systems: 2
18:53:11-DEBUG: New total colors: 5
18:53:11-DEBUG: Potential energy for color 0: 4915.196834072244
ebond 38 5.563136261911532
18:53:11-DEBUG: Potential energy for color 1: 4920.093755634161
xhy 38 13 1 2
xhy 38 13 1 2
xhy 38 13 1 2
xhy 38 13 1 2
xhy 38 13 1 2
h_pos [ 7.13374142  9.96940405 10.29595938] x_pos [ 8.25227213 10.49211934 10.42378069] y_pos [ 6.56636032  8.61719906 10.47311841]
h_pos [ 7.13374142  9.96940405 10.29595938] x_pos [ 8.25227213 10.49211934 10.42378069] y_pos [ 6.56636032  8.61719906 10.47311841]
h_pos [ 7.13374142  9.96940405 10.29595938] x_pos [ 8.25227213 10.49211934 10.42378069] y_pos [ 6.56636032  8.61719906 10.47311841]
h_pos [ 7.13374142  9.96940405 10.29595938] x_pos [ 8.25227213 10.49211934 10.42378069] y_pos [ 6.56636032  8.61719906 10.47311841]
h_pos [ 7.13374142  9.96940405 10.29595938] x_pos [ 8.25227213 10.49211934 10.42378069] y_pos [ 6.56636032  8.61719906 10.47311841]
38 rHY 1.4770798775396539 rHX 1.2412415242940733 0.23583835324558056
38 rHY 1.4770798775396539 rHX 1.2412415242940733 0.23583835324558056
38 rHY 1.4770798775396539 rHX 1.2412415242940733 0.23583835324558056
38 rHY 1.4770798775396539 rHX 1.2412415242940733 0.23583835324558056
38 rHY 1.4770798775396539 rHX 1.2412415242940733 0.23583835324558056
38 cpl_forces h [15.13670721 15.74109875 -0.19974132]
38 cpl_forces h [15.13670721 15.74109875 -0.19974132]
38 cpl_forces x [-10.61283242  -4.95962225  -1.21279298]
38 cpl_forces h [15.13670721 15.74109875 -0.19974132]
38 cpl_forces h [15.13670721 15.74109875 -0.19974132]
38 cpl_forces h [15.13670721 15.74109875 -0.19974132]
38 cpl_forces x [-10.61283242  -4.95962225  -1.21279298]
38 cpl_forces x [-10.61283242  -4.95962225  -1.21279298]
38 cpl_forces x [-10.61283242  -4.95962225  -1.21279298]
38 cpl_forces y [ -4.52387479 -10.7814765    1.4125343 ]
38 cpl_forces y [ -4.52387479 -10.7814765    1.4125343 ]
38 cpl_forces y [ -4.52387479 -10.7814765    1.4125343 ]
38 cpl_forces x [-10.61283242  -4.95962225  -1.21279298]
38 cpl_forces y [ -4.52387479 -10.7814765    1.4125343 ]
38 cpl_forces y [ -4.52387479 -10.7814765    1.4125343 ]
18:53:11-DEBUG: System matrix: 
18:53:11-DEBUG: [[4.91519683e+03 1.56054134e+00]
 [1.56054134e+00 4.92009376e+03]]
18:53:11-DEBUG: Eigen values: 
18:53:11-DEBUG: [4914.74180567 4920.54878404]
18:53:11-DEBUG: Occupancies: 
18:53:11-DEBUG: [1. 0.]
18:53:11-INFO: coupling 38 1.5605413370286851
18:53:11-DEBUG: Amplitudes: 
18:53:11-DEBUG: [0.92164111 0.07835889]
18:53:11-INFO: forces0 h [10.79706771  5.39860619  1.15630861]
18:53:11-INFO: forces0 x [-7.50351376 -5.12160651 -1.31169578]
18:53:11-INFO: forces0 y [ 0.39747925 -5.92316259  0.09133142]
18:53:11-INFO: forces1 h [-12.85319894 -22.6603842    2.23962755]
18:53:11-INFO: forces1 x [8.77752159 1.6774926  0.30148409]
18:53:11-INFO: forces1 y [ 9.03616658 17.01989161 -2.70017528]
pos h  [ 7.13374142  9.96940405 10.29595938]
pos x  [ 8.25227213 10.49211934 10.42378069]
pos y  [ 6.56636032  8.61719906 10.47311841]
 mixed_cpl_forces: h [-8.13554168 -8.46038463  0.10735517]
 mixed_cpl_forces: x [5.70409002 2.6656533  0.6518411 ]
 mixed_cpl_forces: y [ 2.43145166  5.79473133 -0.75919627]
18:53:11-INFO: mixed forces h [ 0.80831728 -5.26044991  1.34855145]
18:53:11-INFO: mixed forces x [-0.52365981 -1.92318332 -0.53344769]
18:53:11-INFO: mixed forces y [ 3.5058489   1.6693611  -0.88660423]
18:53:11-DEBUG: Minimum eigen value: 
18:53:11-DEBUG: 4914.741805665954
18:53:11-DEBUG: Minimum state: 
18:53:11-DEBUG: 0
        38     4914.7418056660     5059.4151591938     1036.3349725630     4915.1968340722      144.6733535278      0.50425145
ids [  1   2   3   4   9  10  11  12  13  14  15  16  17  18  19  20  21  23
  24  25  26  27  28  29  30  31  32  33  34  35  36  37  39  41  42  44
  46  47  49 940  51  52  53  54  55  56  57  58  59  60  61  62  63  64
  65  67  68  69  70  71  72  73  74  75  76  78  79  81  83  85  86  88
  40  90  91  93  96  97  98  99 100 101 125 104 105 106 109 111 113 114
 115 116 119 120 121 124 126 993 130 131 132 135 136 544 638 643 644 649
 654 659 664 669 674 815 850 966 893 895 898 900 905 938 945 951]
ids [  6 102 107 108 112 117 118 123 133 183 228 275 310 313 315 320 353 355
 358 360 363 365 400 403 411 438 128 542 546 547 548 549 550 551 552 553
 554 555 556 557 559 560 562 563 564 565 566 567 568 569 570 571 572 573
 574 575 576 577 579 581 582 584 586 587 589 592 593 594 595 596 597 598
 599 600 601 602 603 604 605 606 607 608 609 610 611 612 613 614 615 616
 617 618 619 620 621 622 624 626 627 629 631 632 634 635 636 637 639 640
 641 642 645 646 647 648 650 426 652 653 655 656 657 658 660 661 662 665
 666 667 671 672 676 813 405 561 103]
ids [  7  38 936  43  45  82  84  87  92  94 129 134 274 368  89 384 398 399
 404 668 673 681 693 753 711 783 860 812 816 817 818 819 820 821 822 823
 824 825 826 827 829 830 831 832 833 834 835 836 837 838 839 840 841 842
 843 844 845 847 848 849 851 852 853 854 855 856 857 858 859 861 862 863
 864 865 866 867 868 869 870 871 872 873 874 875 946 877 878 879 880 881
 882 883 884 885 886 887 888 889 890 892 894 896 897 899 901 902 904 906
 907 908 910 911 912 915 916 917 920 921 922 923 925 926 927 948 930 931
 932 846 935 937 939 814 941 942 944 919 369  50]
ids [ 137  142  143  144  145  146  147  148  149  150  151  152  154  155
  157  158  159  160  161  162  163  164  165  166  167  169  170  679
  172  174  249  176  177  179  180  181  182  184  187  188  189  190
  191  192  193  194  195  196  197  198  199  200  202  203  204  205
  206  207  208  209  210  211  212  214  215  217  218  219  221  222
  224  225  226  227  229  232  233  235  236  237  240  241  242  243
  245 1073  247  250  251  252  253  231  255  256  257  260  276  262
  266  267  269  271  306  348 1078  393  396  410  443  445  448  450
  455  490  493  495  500  535  538  540  784  789  794  798  804  808
  809  918  933  216  321  239]
ids [127 141 153 156 168 186 201 213 928 924 272 929 277 278 279 280 281 282
 283 284 285 286 287 288 289 290 291 292 293 294 295 296 297 298 299 300
 301 302 303 304 305 307 308 309 311 312 314 316 317 319 261 322 323 324
 325 326 327 328 329 330 331 332 333 334 335 336 337 338 339 340 341 342
 343 344 345 346 347 349 350 351 352 354 356 357 359 361 362 364 366 367
 934 370 371 372 373 374 375 376 377 380 382 383 385 386 387 388 389 390
 391 392 394 395 397 401 402 381 406 453 498 545 578 580 583 585 590 623
 625 628 630 633 670 675 943 909 913 914 246 171 379]
ids [   8   22   66   77   80   95  110 1064  138  263  273  503  504  518
  519  529  534  543  663  678  680  715  718  720  723  725  758  760
  765  768 1077  810  903  947  952  953  954  955  956  957  958  959
  960  961  962  963  964  965  967  968  969  970  971  972  973  974
  975  976  977  978  979  980  981  982  984 1076  986  987  989  991
  992  994  995  996  997  998  999 1000 1001 1002 1003 1004 1005 1006
 1007 1008 1009 1010 1011 1012 1013 1014 1015 1016 1017 1018 1019 1020
 1021 1022 1023 1024 1025 1026 1027 1029 1031 1032 1034 1036 1037 1039
 1041 1042 1045 1046 1047 1050 1051 1052 1081 1055 1056 1057 1058 1060
 1061 1062 1063 1065 1066 1067 1068 1069 1070 1071 1072  514]
ids [   5   48  139  234  238 1075  244  248 1040  258  259  264  378  533
  677 1038  682  683  684  685  686  687  688  689  690  691  692  694
  695  696  697  698  699  700  701  702  703  704  705  706  707  708
  709  710 1080  712  713  714  716  717  719  721  722  724  726  727
  728  729  730  731  732  733  734  735  736  737  738  739  740  741
  742  743  744  745  746  747  748  749  750  751  752  754  755  756
  757  759  761  762  763  764  766  767  769  772  773  774  775  776
  777  778  779  780  781  782  785  786  787  788  790  791  792  793
  795  796  797  799  800  802  805  806  807  811  828  876  891  771
  950  983  988  990 1028 1030 1033 1035  770  985  801  254]
ids [ 122  140  173  178  185  220  223  230  265  268  270  318  407  408
  409  412  413  414  415  416  417  418  419  420  421  422  423  424
  425 1074  427  428  429  430  431  432  433  434  435  436  437  439
  440  441  442  444  446  447  449  451  452  454  456  457  458  459
  460  461  462  463  464  465  466  467  468  469  470  471  472  473
  474  475  476  477  478  479  480  481  482  483  484  485  486  487
  488  489  491  492  494  496  497  499  502  505  506  507  508  509
  510  511  512  513  501  515  516  517  520  521  522  523  524  525
  526  527  528  530  531  532  536  537  539  541  558 1079  588  591
  803  949 1043 1044 1048 1049 1053 1059 1054  651  175]
18:53:11-INFO: Step 39
18:53:11-DEBUG: Reaction systems: [[None]
 [0]]
18:53:11-DEBUG: rxn_pairs: [array([1, 2])]
18:53:11-DEBUG: Starting total colors: 5
18:53:11-DEBUG: Number of systems: 2
18:53:11-DEBUG: New total colors: 5
18:53:11-DEBUG: Potential energy for color 0: 4913.471715514714
ebond 39 5.740101660081754
18:53:12-DEBUG: Potential energy for color 1: 4918.411231345555
xhy 39 13 1 2
xhy 39 13 1 2
xhy 39 13 1 2
xhy 39 13 1 2
xhy 39 13 1 2
h_pos [ 7.12077894  9.98101028 10.28832585] x_pos [ 8.25528633 10.48747007 10.42397797] y_pos [ 6.57111609  8.61410431 10.47322432]
h_pos [ 7.12077894  9.98101028 10.28832585] x_pos [ 8.25528633 10.48747007 10.42397797] y_pos [ 6.57111609  8.61410431 10.47322432]
39 rHY 1.4848395930376797 rHX 1.2498040037883866 0.23503558924929302
h_pos [ 7.12077894  9.98101028 10.28832585] x_pos [ 8.25528633 10.48747007 10.42397797] y_pos [ 6.57111609  8.61410431 10.47322432]
h_pos [ 7.12077894  9.98101028 10.28832585] x_pos [ 8.25528633 10.48747007 10.42397797] y_pos [ 6.57111609  8.61410431 10.47322432]
39 rHY 1.4848395930376797 rHX 1.2498040037883866 0.23503558924929302
h_pos [ 7.12077894  9.98101028 10.28832585] x_pos [ 8.25528633 10.48747007 10.42397797] y_pos [ 6.57111609  8.61410431 10.47322432]
39 rHY 1.4848395930376797 rHX 1.2498040037883866 0.23503558924929302
39 rHY 1.4848395930376797 rHX 1.2498040037883866 0.23503558924929302
39 rHY 1.4848395930376797 rHX 1.2498040037883866 0.23503558924929302
39 cpl_forces h [15.09013411 15.65544986 -0.18876057]
39 cpl_forces h [15.09013411 15.65544986 -0.18876057]
39 cpl_forces h [15.09013411 15.65544986 -0.18876057]
39 cpl_forces x [-10.71891728  -4.78507299  -1.28165225]
39 cpl_forces x [-10.71891728  -4.78507299  -1.28165225]
39 cpl_forces h [15.09013411 15.65544986 -0.18876057]
39 cpl_forces y [ -4.37121683 -10.87037687   1.47041282]
39 cpl_forces x [-10.71891728  -4.78507299  -1.28165225]
39 cpl_forces x [-10.71891728  -4.78507299  -1.28165225]
39 cpl_forces h [15.09013411 15.65544986 -0.18876057]
39 cpl_forces y [ -4.37121683 -10.87037687   1.47041282]
39 cpl_forces y [ -4.37121683 -10.87037687   1.47041282]
39 cpl_forces y [ -4.37121683 -10.87037687   1.47041282]
39 cpl_forces x [-10.71891728  -4.78507299  -1.28165225]
39 cpl_forces y [ -4.37121683 -10.87037687   1.47041282]
18:53:12-DEBUG: System matrix: 
18:53:12-DEBUG: [[4.91347172e+03 1.57000811e+00]
 [1.57000811e+00 4.91841123e+03]]
18:53:12-DEBUG: Eigen values: 
18:53:12-DEBUG: [4913.01493458 4918.86801228]
18:53:12-DEBUG: Occupancies: 
18:53:12-DEBUG: [1. 0.]
18:53:12-INFO: coupling 39 1.5700081059119089
18:53:12-DEBUG: Amplitudes: 
18:53:12-DEBUG: [0.92195885 0.07804115]
18:53:12-INFO: forces0 h [11.21422059  5.34438975  1.26652641]
18:53:12-INFO: forces0 x [-8.09663463 -5.09274064 -1.41920386]
18:53:12-INFO: forces0 y [ 0.39946611 -5.71458638  0.0933232 ]
18:53:12-INFO: forces1 h [-12.34185966 -22.8714488    2.40527351]
18:53:12-INFO: forces1 x [8.21601383 1.44496495 0.28526979]
18:53:12-INFO: forces1 y [ 8.84098665 17.5871345  -2.84582505]
pos h  [ 7.12077894  9.98101028 10.28832585]
pos x  [ 8.25528633 10.48747007 10.42397797]
pos y  [ 6.57111609  8.61410431 10.47322432]
 mixed_cpl_forces: h [-8.09544453 -8.39872097  0.10126489]
 mixed_cpl_forces: x [5.75040617 2.56706088 0.6875714 ]
 mixed_cpl_forces: y [ 2.34503836  5.83166009 -0.78883629]
18:53:12-INFO: mixed forces h [ 1.28043241 -5.25632779  1.45666043]
18:53:12-INFO: mixed forces x [-1.07317058 -2.01546968 -0.59861336]
18:53:12-INFO: mixed forces y [ 3.40329046  1.93556687 -0.92488761]
18:53:12-DEBUG: Minimum eigen value: 
18:53:12-DEBUG: 4913.014934584772
18:53:12-DEBUG: Minimum state: 
18:53:12-DEBUG: 0
        39     4913.0149345848     5059.4151810795     1048.7051812560     4913.4717155147      146.4002464947      0.50374676
ids [  1   2   3   4   9  10  11  12  13  14  15  16  17  18  19  20  21  23
  24  25  26  27  28  29  30  31  32  33  34  35  36  37  39  41  42  44
  46  47  49 940  51  52  53  54  55  56  57  58  59  60  61  62  63  64
  65  67  68  69  70  71  72  73  74  75  76  78  79  81  83  85  86  88
  40  90  91  93  96  97  98  99 100 101 125 104 105 106 109 111 113 114
 115 116 119 120 121 124 126 993 130 131 132 135 136 544 638 643 644 649
 654 659 664 669 674 815 850 966 893 895 898 900 905 938 945 951]
ids [ 122  140  173  178  185  220  223  230  265  268  270  318  407  408
  409  412  413  414  415  416  417  418  419  420  421  422  423  424
  425 1074  427  428  429  430  431  432  433  434  435  436  437  439
  440  441  442  444  446  447  449  451  452  454  456  457  458  459
  460  461  462  463  464  465  466  467  468  469  470  471  472  473
  474  475  476  477  478  479  480  481  482  483  484  485  486  487
  488  489  491  492  494  496  497  499  502  505  506  507  508  509
  510  511  512  513  501  515  516  517  520  521  522  523  524  525
  526  527  528  530  531  532  536  537  539  541  558 1079  588  591
  803  949 1043 1044 1048 1049 1053 1059 1054  651  175]
ids [  6 102 107 108 112 117 118 123 133 183 228 275 310 313 315 320 353 355
 358 360 363 365 400 403 411 438 128 542 546 547 548 549 550 551 552 553
 554 555 556 557 559 560 562 563 564 565 566 567 568 569 570 571 572 573
 574 575 576 577 579 581 582 584 586 587 589 592 593 594 595 596 597 598
 599 600 601 602 603 604 605 606 607 608 609 610 611 612 613 614 615 616
 617 618 619 620 621 622 624 626 627 629 631 632 634 635 636 637 639 640
 641 642 645 646 647 648 650 426 652 653 655 656 657 658 660 661 662 665
 666 667 671 672 676 813 405 561 103]
ids [  7  38 936  43  45  82  84  87  92  94 129 134 274 368  89 384 398 399
 404 668 673 681 693 753 711 783 860 812 816 817 818 819 820 821 822 823
 824 825 826 827 829 830 831 832 833 834 835 836 837 838 839 840 841 842
 843 844 845 847 848 849 851 852 853 854 855 856 857 858 859 861 862 863
 864 865 866 867 868 869 870 871 872 873 874 875 946 877 878 879 880 881
 882 883 884 885 886 887 888 889 890 892 894 896 897 899 901 902 904 906
 907 908 910 911 912 915 916 917 920 921 922 923 925 926 927 948 930 931
 932 846 935 937 939 814 941 942 944 919 369  50 786]
ids [ 137  142  143  144  145  146  147  148  149  150  151  152  154  155
  157  158  159  160  161  162  163  164  165  166  167  169  170  679
  172  174  249  176  177  179  180  181  182  184  187  188  189  190
  191  192  193  194  195  196  197  198  199  200  202  203  204  205
  206  207  208  209  210  211  212  214  215  217  218  219  221  222
  224  225  226  227  229  232  233  235  236  237  240  241  242  243
  245 1073  247  250  251  252  253  231  255  256  257  260  276  262
  266  267  269  271  306  348 1078  393  396  410  443  445  448  450
  455  490  493  495  500  535  538  540  784  789  794  798  804  808
  809  918  933  216  321  239  201]
ids [127 141 153 156 168 186 379 213 928 924 272 929 277 278 279 280 281 282
 283 284 285 286 287 288 289 290 291 292 293 294 295 296 297 298 299 300
 301 302 303 304 305 307 308 309 311 312 314 316 317 319 261 322 323 324
 325 326 327 328 329 330 331 332 333 334 335 336 337 338 339 340 341 342
 343 344 345 346 347 349 350 351 352 354 356 357 359 361 362 364 366 367
 934 370 371 372 373 374 375 376 377 380 382 383 385 386 387 388 389 390
 391 392 394 395 397 401 402 381 406 453 498 545 578 580 583 585 590 623
 625 628 630 633 670 675 943 909 913 914 246 171]
ids [   8   22   66   77   80   95  110 1064  138  263  273  503  504  518
  519  529  534  543  663  678  680  715  718  720  723  725  758  760
  765  768 1077  810  903  947  952  953  954  955  956  957  958  959
  960  961  962  963  964  965  967  968  969  970  971  972  973  974
  975  976  977  978  979  980  981  982  984 1076  986  987  989  991
  992  994  995  996  997  998  999 1000 1001 1002 1003 1004 1005 1006
 1007 1008 1009 1010 1011 1012 1013 1014 1015 1016 1017 1018 1019 1020
 1021 1022 1023 1024 1025 1026 1027 1029 1031 1032 1034 1036 1037 1039
 1041 1042 1045 1046 1047 1050 1051 1052 1081 1055 1056 1057 1058 1060
 1061 1062 1063 1065 1066 1067 1068 1069 1070 1071 1072  514]
ids [   5   48  139  234  238 1075  244  248 1040  258  259  264  378  533
  677 1038  682  683  684  685  686  687  688  689  690  691  692  694
  695  696  697  698  699  700  701  702  703  704  705  706  707  708
  709  710 1080  712  713  714  716  717  719  721  722  724  726  727
  728  729  730  731  732  733  734  735  736  737  738  739  740  741
  742  743  744  745  746  747  748  749  750  751  752  754  755  756
  757  759  761  762  763  764  766  767  769  772  773  774  775  776
  777  778  779  780  781  782  785  254  787  788  790  791  792  793
  795  796  797  799  800  802  805  806  807  811  828  876  891  771
  950  983  988  990 1028 1030 1033 1035  770  985  801]
18:53:12-INFO: Step 40
18:53:12-DEBUG: Reaction systems: [[None]
 [0]]
18:53:12-DEBUG: rxn_pairs: [array([1, 2])]
18:53:12-DEBUG: Starting total colors: 5
18:53:12-DEBUG: Number of systems: 2
18:53:12-DEBUG: New total colors: 5
18:53:12-DEBUG: Potential energy for color 0: 4912.069324797684
ebond 40 5.885107655510964
18:53:12-DEBUG: Potential energy for color 1: 4917.007878262011
xhy 40 13 1 2
xhy 40 13 1 2
xhy 40 13 1 2
xhy 40 13 1 2
xhy 40 13 1 2
h_pos [ 7.10829524  9.99059681 10.28124934] x_pos [ 8.25827411 10.48277364 10.4241603 ] y_pos [ 6.57595523  8.61105556 10.4733084 ]
h_pos [ 7.10829524  9.99059681 10.28124934] x_pos [ 8.25827411 10.48277364 10.4241603 ] y_pos [ 6.57595523  8.61105556 10.4733084 ]
40 rHY 1.4911091894166613 rHX 1.2590127028945748 0.23209648652208648
h_pos [ 7.10829524  9.99059681 10.28124934] x_pos [ 8.25827411 10.48277364 10.4241603 ] y_pos [ 6.57595523  8.61105556 10.4733084 ]
40 rHY 1.4911091894166613 rHX 1.2590127028945748 0.23209648652208648
h_pos [ 7.10829524  9.99059681 10.28124934] x_pos [ 8.25827411 10.48277364 10.4241603 ] y_pos [ 6.57595523  8.61105556 10.4733084 ]
40 rHY 1.4911091894166613 rHX 1.2590127028945748 0.23209648652208648
40 rHY 1.4911091894166613 rHX 1.2590127028945748 0.23209648652208648
h_pos [ 7.10829524  9.99059681 10.28124934] x_pos [ 8.25827411 10.48277364 10.4241603 ] y_pos [ 6.57595523  8.61105556 10.4733084 ]
40 rHY 1.4911091894166613 rHX 1.2590127028945748 0.23209648652208648
40 cpl_forces h [15.14270506 15.68735764 -0.18227967]
40 cpl_forces h [15.14270506 15.68735764 -0.18227967]
40 cpl_forces h [15.14270506 15.68735764 -0.18227967]
40 cpl_forces x [-10.88730569  -4.65963308  -1.35299476]
40 cpl_forces h [15.14270506 15.68735764 -0.18227967]
40 cpl_forces x [-10.88730569  -4.65963308  -1.35299476]
40 cpl_forces h [15.14270506 15.68735764 -0.18227967]
40 cpl_forces x [-10.88730569  -4.65963308  -1.35299476]
40 cpl_forces x [-10.88730569  -4.65963308  -1.35299476]
40 cpl_forces y [ -4.25539937 -11.02772456   1.53527444]
40 cpl_forces y [ -4.25539937 -11.02772456   1.53527444]
40 cpl_forces y [ -4.25539937 -11.02772456   1.53527444]
40 cpl_forces x [-10.88730569  -4.65963308  -1.35299476]
40 cpl_forces y [ -4.25539937 -11.02772456   1.53527444]
40 cpl_forces y [ -4.25539937 -11.02772456   1.53527444]
18:53:12-DEBUG: System matrix: 
18:53:12-DEBUG: [[4.91206932e+03 1.60487837e+00]
 [1.60487837e+00 4.91700788e+03]]
18:53:12-DEBUG: Eigen values: 
18:53:12-DEBUG: [4911.5936122  4917.48359086]
18:53:12-DEBUG: Occupancies: 
18:53:12-DEBUG: [1. 0.]
18:53:12-INFO: coupling 40 1.6048783653378766
18:53:12-DEBUG: Amplitudes: 
18:53:12-DEBUG: [0.91923356 0.08076644]
18:53:12-INFO: forces0 h [11.65564297  5.31577154  1.37654187]
18:53:12-INFO: forces0 x [-8.70877193 -5.08288081 -1.52709213]
18:53:12-INFO: forces0 y [ 0.39740628 -5.51543872  0.09589287]
18:53:12-INFO: forces1 h [-11.8145749  -23.03342905   2.56367364]
18:53:12-INFO: forces1 x [7.65701778 1.23508055 0.26355843]
18:53:12-INFO: forces1 y [ 8.62918511 18.08070343 -2.978748  ]
pos h  [ 7.10829524  9.99059681 10.28124934]
pos x  [ 8.25827411 10.48277364 10.4241603 ]
pos y  [ 6.57595523  8.61105556 10.4733084 ]
 mixed_cpl_forces: h [-8.25205019 -8.5488598   0.09933371]
 mixed_cpl_forces: x [5.93306101 2.53927722 0.73731745]
 mixed_cpl_forces: y [ 2.31898918  6.00958258 -0.83665116]
18:53:12-INFO: mixed forces h [ 1.50798688 -5.52275221  1.57175598]
18:53:12-INFO: mixed forces x [-1.45390438 -2.03332435 -0.64515021]
18:53:12-INFO: mixed forces y [ 3.38124692  2.39992021 -0.98908608]
18:53:12-DEBUG: Minimum eigen value: 
18:53:12-DEBUG: 4911.593612200914
18:53:12-DEBUG: Minimum state: 
18:53:12-DEBUG: 0
        40     4911.5936122009     5059.4152097121     1058.8867090268     4912.0693247977      147.8215975112      0.50523920
ids [   8   22   66   77   80   95  110 1064  138  263  273  503  504  518
  519  529  534  543  663  678  680  715  718  720  723  725  758  760
  765  768 1077  810  903  947  952  953  954  955  956  957  958  959
  960  961  962  963  964  965  967  968  969  970  971  972  973  974
  975  976  977  978  979  980  981  982  984 1076  986  987  989  991
  992  994  995  996  997  998  999 1000 1001 1002 1003 1004 1005 1006
 1007 1008 1009 1010 1011 1012 1013 1014 1015 1016 1017 1018 1019 1020
 1021 1022 1023 1024 1025 1026 1027 1029 1031 1032 1034 1036 1037 1039
 1041 1042 1045 1046 1047 1050 1051 1052 1081 1055 1056 1057 1058 1060
 1061 1062 1063 1065 1066 1067 1068 1069 1070 1071 1072  514  951]
ids [   5   48  139  234  238 1075  244  248 1040  258  259  264  378  533
  677 1038  682  683  684  685  686  687  688  689  690  691  692  694
  695  696  697  698  699  700  701  702  703  704  705  706  707  708
  709  710 1080  712  713  714  716  717  719  721  722  724  726  727
  728  729  730  731  732  733  734  735  736  737  738  739  740  741
  742  743  744  745  746  747  748  749  750  751  752  754  755  756
  757  759  761  762  763  764  766  767  769  772  773  774  775  776
  777  778  779  780  781  782  785  254  787  788  790  791  792  793
  795  796  797  799  800  802  805  806  807  811  828  876  801  771
  950  983  988  990 1028 1030 1033 1035  770  985]
ids [ 122  140  173  178  185  220  223  230  265  268  270  318  407  408
  409  412  413  414  415  416  417  418  419  420  421  422  423  424
  425 1074  427  428  429  430  431  432  433  434  435  436  437  439
  440  441  442  444  446  447  449  451  452  454  456  457  458  459
  460  461  462  463  464  465  466  467  468  469  470  471  472  473
  474  475  476  477  478  479  480  481  482  483  484  485  486  487
  488  489  491  492  494  496  497  499  502  505  506  507  508  509
  510  511  512  513  501  515  516  517  520  521  522  523  524  525
  526  527  528  530  531  532  536  537  539  541  558 1079  588  591
  803  949 1043 1044 1048 1049 1053 1059 1054  651  175]
ids [  6 102 107 108 112 117 118 123 133 183 228 275 310 313 315 320 353 355
 358 360 363 365 400 403 411 438 128 542 546 547 548 549 550 551 552 553
 554 555 556 557 559 560 562 563 564 565 566 567 568 569 570 571 572 573
 574 575 576 577 579 581 582 584 586 587 589 592 593 594 595 596 597 598
 599 600 601 602 603 604 605 606 607 608 609 610 611 612 613 614 615 616
 617 618 619 620 621 622 624 626 627 629 631 632 634 635 636 637 639 640
 641 642 645 646 647 648 650 426 652 653 655 656 657 658 660 661 662 665
 666 667 671 672 676 813 405 561 103]
ids [  7  38 936  43  45  82  84  87  92  94 129 134 274 368  89 384 398 399
 404 668 673 681 693 753 711 783 860 812 816 817 818 819 820 821 822 823
 824 825 826 827 829 830 831 832 833 834 835 836 837 838 839 840 841 842
 843 844 845 847 848 849 851 852 853 854 855 856 857 858 859 861 862 863
 864 865 866 867 868 869 870 871 872 873 874 875 946 877 878 879 880 881
 882 883 884 885 886 887 888 889 890 892 894 896 897 899 901 902 904 906
 907 908 910 911 912 915 916 917 920 921 922 923 925 926 927 948 930 931
 932 846 935 937 939 814 941 942 944 919 369  50 786 891]
ids [ 137  142  143  144  145  146  147  148  149  150  151  152  154  155
  157  158  159  160  161  162  163  164  165  166  167  169  170  679
  172  174  249  176  177  179  180  181  182  184  187  188  189  190
  191  192  193  194  195  196  197  198  199  200  202  203  204  205
  206  207  208  209  210  211  212  214  215  217  218  219  221  222
  224  225  226  227  229  232  233  235  236  237  240  241  242  243
  245 1073  247  250  251  252  253  231  255  256  257  260  276  262
  266  267  269  271  306  348 1078  393  396  410  443  445  448  450
  455  490  493  495  500  535  538  540  784  789  794  798  804  808
  809  918  933  216  321  239  201]
ids [127 141 153 156 168 186 379 213 928 924 272 929 277 278 279 280 281 282
 283 284 285 286 287 288 289 290 291 292 293 294 295 296 297 298 299 300
 301 302 303 304 305 307 308 309 311 312 314 316 317 319 261 322 323 324
 325 326 327 328 329 330 331 332 333 334 335 336 337 338 339 340 341 342
 343 344 345 346 347 349 350 351 352 354 356 357 359 361 362 364 366 367
 934 370 371 372 373 374 375 376 377 380 382 383 385 386 387 388 389 390
 391 392 394 395 397 401 402 381 406 453 498 545 578 580 583 585 590 623
 625 628 630 633 670 675 943 909 913 914 246 171]
ids [  1   2   3   4   9  10  11  12  13  14  15  16  17  18  19  20  21  23
  24  25  26  27  28  29  30  31  32  33  34  35  36  37  39  41  42  44
  46  47  49 940  51  52  53  54  55  56  57  58  59  60  61  62  63  64
  65  67  68  69  70  71  72  73  74  75  76  78  79  81  83  85  86  88
  40  90  91  93  96  97  98  99 100 101 125 104 105 106 109 111 113 114
 115 116 119 120 121 124 126 993 130 131 132 135 136 544 638 643 644 649
 654 659 664 669 674 815 850 966 893 895 898 900 905 938 945]
18:53:12-INFO: Step 41
18:53:12-DEBUG: Reaction systems: [[None]
 [0]]
18:53:12-DEBUG: rxn_pairs: [array([1, 2])]
18:53:12-DEBUG: Starting total colors: 5
18:53:12-DEBUG: Number of systems: 2
18:53:12-DEBUG: New total colors: 5
18:53:12-DEBUG: Potential energy for color 0: 4910.985954050671
ebond 41 5.995375403834344
18:53:12-DEBUG: Potential energy for color 1: 4915.880743678153
xhy 41 13 1 2
xhy 41 13 1 2
xhy 41 13 1 2
xhy 41 13 1 2
xhy 41 13 1 2
h_pos [ 7.09642863  9.99811842 10.27477246] x_pos [ 8.26122402 10.47802848 10.42432633] y_pos [ 6.5808762   8.60806152 10.47336942]
h_pos [ 7.09642863  9.99811842 10.27477246] x_pos [ 8.26122402 10.47802848 10.42432633] y_pos [ 6.5808762   8.60806152 10.47336942]
41 rHY 1.4958252752546717 rHX 1.268632463410026 0.2271928118446458
h_pos [ 7.09642863  9.99811842 10.27477246] x_pos [ 8.26122402 10.47802848 10.42432633] y_pos [ 6.5808762   8.60806152 10.47336942]
41 rHY 1.4958252752546717 rHX 1.268632463410026 0.2271928118446458
h_pos [ 7.09642863  9.99811842 10.27477246] x_pos [ 8.26122402 10.47802848 10.42432633] y_pos [ 6.5808762   8.60806152 10.47336942]
h_pos [ 7.09642863  9.99811842 10.27477246] x_pos [ 8.26122402 10.47802848 10.42432633] y_pos [ 6.5808762   8.60806152 10.47336942]
41 rHY 1.4958252752546717 rHX 1.268632463410026 0.2271928118446458
41 rHY 1.4958252752546717 rHX 1.268632463410026 0.2271928118446458
41 rHY 1.4958252752546717 rHX 1.268632463410026 0.2271928118446458
41 cpl_forces h [15.27478325 15.81630241 -0.1800056 ]
41 cpl_forces x [-11.10581503  -4.57573268  -1.4259308 ]
41 cpl_forces h [15.27478325 15.81630241 -0.1800056 ]
41 cpl_forces h [15.27478325 15.81630241 -0.1800056 ]
41 cpl_forces h [15.27478325 15.81630241 -0.1800056 ]
41 cpl_forces h [15.27478325 15.81630241 -0.1800056 ]
41 cpl_forces x [-11.10581503  -4.57573268  -1.4259308 ]
41 cpl_forces y [ -4.16896822 -11.24056973   1.60593641]
41 cpl_forces y [ -4.16896822 -11.24056973   1.60593641]
41 cpl_forces x [-11.10581503  -4.57573268  -1.4259308 ]
41 cpl_forces x [-11.10581503  -4.57573268  -1.4259308 ]
41 cpl_forces x [-11.10581503  -4.57573268  -1.4259308 ]
41 cpl_forces y [ -4.16896822 -11.24056973   1.60593641]
41 cpl_forces y [ -4.16896822 -11.24056973   1.60593641]
41 cpl_forces y [ -4.16896822 -11.24056973   1.60593641]
18:53:12-DEBUG: System matrix: 
18:53:12-DEBUG: [[4.91098595e+03 1.66376524e+00]
 [1.66376524e+00 4.91588074e+03]]
18:53:12-DEBUG: Eigen values: 
18:53:12-DEBUG: [4910.47398134 4916.39271639]
18:53:12-DEBUG: Occupancies: 
18:53:12-DEBUG: [1. 0.]
18:53:12-INFO: coupling 41 1.6637652449763092
18:53:12-DEBUG: Amplitudes: 
18:53:12-DEBUG: [0.91349964 0.08650036]
18:53:12-INFO: forces0 h [12.11088063  5.30992758  1.48466999]
18:53:12-INFO: forces0 x [-9.32967676 -5.08992449 -1.63366271]
18:53:12-INFO: forces0 y [ 0.39196919 -5.32540062  0.09904492]
18:53:12-INFO: forces1 h [-11.28793858 -23.14548846   2.7108628 ]
18:53:12-INFO: forces1 x [7.11401615 1.0504689  0.23863972]
18:53:12-INFO: forces1 y [ 8.40453813 18.49681516 -3.09724341]
pos h  [ 7.09642863  9.99811842 10.27477246]
pos x  [ 8.26122402 10.47802848 10.42432633]
pos y  [ 6.5808762   8.60806152 10.47336942]
 mixed_cpl_forces: h [-8.58752867 -8.89197236  0.10119969]
 mixed_cpl_forces: x [6.24372231 2.57249055 0.80166255]
 mixed_cpl_forces: y [ 2.34380636  6.31948181 -0.90286224]
18:53:12-INFO: mixed forces h [ 1.49934567 -6.04344851  1.69193579]
18:53:12-INFO: mixed forces x [-1.66356909 -1.9862877  -0.67004533]
18:53:12-INFO: mixed forces y [ 3.42886565  3.05471143 -1.08029741]
18:53:12-DEBUG: Minimum eigen value: 
18:53:12-DEBUG: 4910.473981336592
18:53:12-DEBUG: Minimum state: 
18:53:12-DEBUG: 0
        41     4910.4739813366     5059.4148139293     1066.9040973656     4910.9859540507      148.9408325927      0.50104438
ids [   5   48  139  234  238 1075  244  248 1040  258  259  264  378  533
  677 1038  682  683  684  685  686  687  688  689  690  691  692  694
  695  696  697  698  699  700  701  702  703  704  705  706  707  708
  709  710 1080  712  713  714  716  717  719  721  722  724  726  727
  728  729  730  731  732  733  734  735  736  737  738  739  740  741
  742  743  744  745  746  747  748  749  750  751  752  754  755  756
  757  759  761  762  763  764  766  767  769  772  773  774  775  776
  777  778  779  780  781  782  785  254  787  788  790  791  792  793
  795  796  797  799  800  802  805  806  807  811  828  876  801  771
  950  983  988  990 1028 1030 1033 1035  770  985]
ids [ 122  140  173  178  185  220  223  230  265  268  270  318  407  408
  409  412  413  414  415  416  417  418  419  420  421  422  423  424
  425 1074  427  428  429  430  431  432  433  434  435  436  437  439
  440  441  442  444  446  447  449  451  452  454  456  457  458  459
  460  461  462  463  464  465  466  467  468  469  470  471  472  473
  474  475  476  477  478  479  480  481  482  483  484  485  486  487
  488  489  491  492  494  496  497  499  502  505  506  507  508  509
  510  511  512  513  501  515  516  517  520  521  522  523  524  525
  526  527  528  530  531  532  536  537  539  541  558 1079  588  591
  803  949 1043 1044 1048 1049 1053 1059 1054  651  175]
ids [  6 102 107 108 112 117 118 123 133 183 228 275 310 313 315 320 353 355
 358 360 363 365 400 403 411 438 128 542 546 547 548 549 550 551 552 553
 554 555 556 557 559 560 562 563 564 565 566 567 568 569 570 571 572 573
 574 575 576 577 579 581 582 584 586 587 589 592 593 594 595 596 597 598
 599 600 601 602 603 604 605 606 607 608 609 610 611 612 613 614 615 616
 617 618 619 620 621 622 624 626 627 629 631 632 634 635 636 637 639 640
 641 642 645 646 647 648 650 426 652 653 655 656 657 658 660 661 662 665
 666 667 671 672 676 813 405 561 103]
ids [  7  38 936  43  45  82  84  87  92  94 129 134 274 368  89 384 398 399
 404 668 673 681 693 753 711 783 860 812 816 817 818 819 820 821 822 823
 824 825 826 827 829 830 831 832 833 834 835 836 837 838 839 840 841 842
 843 844 845 847 848 849 851 852 853 854 855 856 857 858 859 861 862 863
 864 865 866 867 868 869 870 871 872 873 874 875 946 877 878 879 880 881
 882 883 884 885 886 887 888 889 890 892 894 896 897 899 901 902 904 906
 907 908 910 911 912 915 916 917 920 921 922 923 925 926 927 948 930 931
 932 846 935 937 939 814 941 942 944 919 369  50 786 891 924]
ids [ 137  142  143  144  145  146  147  148  149  150  151  152  154  155
  157  158  159  160  161  162  163  164  165  166  167  169  170  679
  172  174  249  176  177  179  180  181  182  184  187  188  189  190
  191  192  193  194  195  196  197  198  199  200  202  203  204  205
  206  207  208  209  210  211  212  214  215  217  218  219  221  222
  224  225  226  227  229  232  233  235  236  237  240  241  242  243
  245 1073  247  250  251  252  253  231  255  256  257  260  276  262
  266  267  269  271  306  348 1078  393  396  410  443  445  448  450
  455  490  493  495  500  535  538  540  784  789  794  798  804  808
  809  918  933  216  321  239  201]
ids [127 141 153 156 168 186 379 213 928 171 272 929 277 278 279 280 281 282
 283 284 285 286 287 288 289 290 291 292 293 294 295 296 297 298 299 300
 301 302 303 304 305 307 308 309 311 312 314 316 317 319 261 322 323 324
 325 326 327 328 329 330 331 332 333 334 335 336 337 338 339 340 341 342
 343 344 345 346 347 349 350 351 352 354 356 357 359 361 362 364 366 367
 934 370 371 372 373 374 375 376 377 380 382 383 385 386 387 388 389 390
 391 392 394 395 397 401 402 381 406 453 498 545 578 580 583 585 590 623
 625 628 630 633 670 675 943 909 913 914 246]
ids [  1   2   3   4   9  10  11  12  13  14  15  16  17  18  19  20  21  23
  24  25  26  27  28  29  30  31  32  33  34  35 945  37  39  41  42  44
  46  47  49 940  51  52  53  54  55  56  57  58  59  60  61  62  63  64
  65  67  68  69  70  71  72  73  74  75  76  78  79  81  83  85  86  88
  40  90  91  93  96  97  98  99 100 101 125 104 105 106 109 111 113 114
 115 116 119 120 121 124 126 993 130 131 132 135 136 544 638 643 644 649
 654 659 664 669 674 815 850 938 893 895 898 900 905]
ids [   8   22   66   77   80   95  110 1064  138  263  273  503  504  518
  519  529  534  543  663  678  680  715  718  720  723  725  758  760
  765  768 1077  810  903  947  952  953  954  955  956  957  958  959
  960  961  962  963  964  965  967  968  969  970  971  972  973  974
  975  976  977  978  979  980  981  982  984 1076  986  987  989  991
  992  994  995  996  997  998  999 1000 1001 1002 1003 1004 1005 1006
 1007 1008 1009 1010 1011 1012 1013 1014 1015 1016 1017 1018 1019 1020
 1021 1022 1023 1024 1025 1026 1027 1029 1031 1032 1034 1036 1037 1039
 1041 1042 1045 1046 1047 1050 1051 1052 1081 1055 1056 1057 1058 1060
 1061 1062 1063 1065 1066 1067 1068 1069 1070 1071 1072  514  951   36
  966]
18:53:12-INFO: Step 42
18:53:12-DEBUG: Reaction systems: [[None]
 [0]]
18:53:12-DEBUG: rxn_pairs: [array([1, 2])]
18:53:12-DEBUG: Starting total colors: 5
18:53:12-DEBUG: Number of systems: 2
18:53:12-DEBUG: New total colors: 5
18:53:12-DEBUG: Potential energy for color 0: 4910.217417560017
ebond 42 6.065251673665631
18:53:12-DEBUG: Potential energy for color 1: 4915.021159914755
xhy 42 13 1 2
xhy 42 13 1 2
xhy 42 13 1 2
xhy 42 13 1 2
xhy 42 13 1 2
h_pos [ 7.08522358 10.00342908 10.2689398 ] x_pos [ 8.26412883 10.47323474 10.4244752 ] y_pos [ 6.58587925  8.60513557 10.47340551]
h_pos [ 7.08522358 10.00342908 10.2689398 ] x_pos [ 8.26412883 10.47323474 10.4244752 ] y_pos [ 6.58587925  8.60513557 10.47340551]
h_pos [ 7.08522358 10.00342908 10.2689398 ] x_pos [ 8.26412883 10.47323474 10.4244752 ] y_pos [ 6.58587925  8.60513557 10.47340551]
h_pos [ 7.08522358 10.00342908 10.2689398 ] x_pos [ 8.26412883 10.47323474 10.4244752 ] y_pos [ 6.58587925  8.60513557 10.47340551]
42 rHY 1.4987914187598335 rHX 1.278564122756837 0.2202272960029965
h_pos [ 7.08522358 10.00342908 10.2689398 ] x_pos [ 8.26412883 10.47323474 10.4244752 ] y_pos [ 6.58587925  8.60513557 10.47340551]
42 rHY 1.4987914187598335 rHX 1.278564122756837 0.2202272960029965
42 rHY 1.4987914187598335 rHX 1.278564122756837 0.2202272960029965
42 rHY 1.4987914187598335 rHX 1.278564122756837 0.2202272960029965
42 rHY 1.4987914187598335 rHX 1.278564122756837 0.2202272960029965
42 cpl_forces h [15.46992911 16.02670657 -0.18205609]
42 cpl_forces h [15.46992911 16.02670657 -0.18205609]
42 cpl_forces h [15.46992911 16.02670657 -0.18205609]
42 cpl_forces x [-11.36384505  -4.52860719  -1.49925553]
42 cpl_forces h [15.46992911 16.02670657 -0.18205609]
42 cpl_forces x [-11.36384505  -4.52860719  -1.49925553]
42 cpl_forces x [-11.36384505  -4.52860719  -1.49925553]
42 cpl_forces h [15.46992911 16.02670657 -0.18205609]
42 cpl_forces x [-11.36384505  -4.52860719  -1.49925553]
42 cpl_forces y [ -4.10608406 -11.49809939   1.68131162]
42 cpl_forces y [ -4.10608406 -11.49809939   1.68131162]
42 cpl_forces x [-11.36384505  -4.52860719  -1.49925553]
42 cpl_forces y [ -4.10608406 -11.49809939   1.68131162]
42 cpl_forces y [ -4.10608406 -11.49809939   1.68131162]
42 cpl_forces y [ -4.10608406 -11.49809939   1.68131162]
18:53:12-DEBUG: System matrix: 
18:53:12-DEBUG: [[4.91021742e+03 1.74883079e+00]
 [1.74883079e+00 4.91502116e+03]]
18:53:12-DEBUG: Eigen values: 
18:53:12-DEBUG: [4909.64819563 4915.59038185]
18:53:12-DEBUG: Occupancies: 
18:53:12-DEBUG: [1. 0.]
18:53:12-INFO: coupling 42 1.7488307876353124
18:53:12-DEBUG: Amplitudes: 
18:53:12-DEBUG: [0.90420665 0.09579335]
18:53:12-INFO: forces0 h [12.57511136  5.32828857  1.58949624]
18:53:12-INFO: forces0 x [-9.95457716 -5.1153209  -1.73757506]
18:53:12-INFO: forces0 y [ 0.38352603 -5.1450041   0.10286694]
18:53:12-INFO: forces1 h [-10.76763111 -23.19783219   2.84325495]
18:53:12-INFO: forces1 x [6.59228274 0.89012735 0.21187915]
18:53:12-INFO: forces1 y [ 8.1678896  18.82627609 -3.19907133]
pos h  [ 7.08522358 10.00342908 10.2689398 ]
pos x  [ 8.26412883 10.47323474 10.4244752 ]
pos y  [ 6.58587925  8.60513557 10.47340551]
 mixed_cpl_forces: h [-9.10583657 -9.43356429  0.107161  ]
 mixed_cpl_forces: x [6.68893278 2.66560736 0.8824847 ]
 mixed_cpl_forces: y [ 2.4169038   6.76795693 -0.9896457 ]
18:53:12-INFO: mixed forces h [ 1.23319525 -6.83788844  1.81675899]
18:53:12-INFO: mixed forces x [-1.68056522 -1.87443153 -0.6683456 ]
18:53:12-INFO: mixed forces y [ 3.5461201  3.9192421 -1.2030825]
18:53:12-DEBUG: Minimum eigen value: 
18:53:12-DEBUG: 4909.648195626011
18:53:12-DEBUG: Minimum state: 
18:53:12-DEBUG: 0
        42     4909.6481956260     5059.4134779912     1072.8098575593     4910.2174175600      149.7652823652      0.50387284
ids [  7  38 936  43  45  82  84  87  92  94 129 134 274 368  89 384 398 399
 404 668 673 681 693 753 711 783 860 812 816 817 818 819 820 821 822 823
 824 825 826 827 829 830 831 832 833 834 835 836 837 838 839 840 841 842
 843 844 845 847 848 849 851 852 853 854 855 856 857 858 859 861 862 863
 864 865 866 867 868 869 870 871 872 873 874 875 946 877 878 879 880 881
 882 883 884 885 886 887 888 889 890 892 894 896 897 899 901 902 904 906
 907 908 910 911 912 915 916 917 920 924 922 923 925 926 927 948 930 931
 932 846 935 937 939 814 941 942 944 919 369  50 786 891]
ids [ 137  142  143  144  145  146  147  148  149  150  151  152  154  155
  157  158  159  160  161  162  163  164  165  166  167  169  170  679
  172  174  249  176  177  179  180  181  182  184  187  188  189  190
  191  192  193  194  195  196  197  198  199  200  202  203  204  205
  206  207  208  209  210  211  212  214  215  217  218  219  221  222
  224  225  226  227  229  232  233  235  236  237  240  241  242  243
  245 1073  247  250  251  252  253  231  255  256  257  260  276  262
  266  267  269  271  306  348 1078  393  396  410  443  445  448  450
  455  490  493  495  500  535  538  540  784  789  794  798  804  808
  809  918  933  216  321  239  201]
ids [   8   22   66   77   80   95  110 1064  138  263  273  503  504  518
  519  529  534  543  663  678  680  715  718  720  723  725  758  760
  765  768 1077  810  903  947  952  953  954  955  956  957  958  959
  960  961  962  963  964  965  967  968  969  970  971  972  973  974
  975  976  977  978  979  980  981  982  984 1076  986  987  989  991
  992  994  995  996  997  998  999 1000 1001 1002 1003 1004 1005 1006
 1007 1008 1009 1010 1011 1012 1013 1014 1015 1016 1017 1018 1019 1020
 1021 1022 1023 1024 1025 1026 1027 1029 1031 1032 1034 1036 1037 1039
 1041 1042 1045 1046 1047 1050 1051 1052 1081 1055 1056 1057 1058 1060
 1061 1062 1063 1065 1066 1067 1068 1069 1070 1071 1072  514  951   36
  966]
ids [127 141 153 156 168 186 379 213 928 171 272 929 277 278 279 280 281 282
 283 284 285 286 287 288 289 290 291 292 293 294 295 296 297 298 299 300
 301 302 303 304 305 307 308 309 311 312 314 316 317 319 261 322 323 324
 325 326 327 328 329 330 331 332 333 334 335 336 337 338 339 340 341 342
 343 344 345 346 347 349 350 351 352 354 356 357 359 361 362 364 366 367
 934 370 371 372 373 374 375 376 377 380 382 383 385 386 387 388 389 390
 391 392 394 395 397 401 402 381 406 453 498 545 578 580 583 585 590 623
 625 628 630 633 670 675 943 909 913 914 246]
ids [   5   48  139  234  238 1075  244  248 1040  258  259  264  378  533
  677 1038  682  683  684  685  686  687  688  689  690  691  692  694
  695  696  697  698  699  700  701  702  703  704  705  706  707  708
  709  710 1080  712  713  714  716  717  719  721  722  724  726  727
  728  729  730  731  732  733  734  735  736  737  738  739  740  741
  742  743  744  745  746  747  748  749  750  751  752  754  755  756
  757  759  761  762  763  764  766  767  769  772  773  774  775  776
  777  778  779  780  781  782  785  254  787  788  790  791  792  793
  795  796  797  799  800  802  805  806  807  811  828  876  801  771
  950  983  988  990 1028 1030 1033 1035  770  985  921]
ids [ 122  140  173  178  185  220  223  230  265  268  270  318  407  408
  409  412  413  414  415  416  417  418  419  420  421  422  423  424
  425 1074  427  428  429  430  431  432  433  434  435  436  437  439
  440  441  442  444  446  447  449  451  452  454  456  457  458  459
  460  461  462  463  464  465  466  467  468  469  470  471  472  473
  474  475  476  477  478  479  480  481  482  483  484  485  486  487
  488  489  491  492  494  496  497  499  502  505  506  507  508  509
  510  511  512  513  501  515  516  517  520  521  522  523  524  525
  526  527  528  530  531  532  536  537  539  541  558 1079  588  591
  803  949 1043 1044 1048 1049 1053 1059 1054  651  175]
ids [  6 102 107 108 112 117 118 123 133 183 228 275 310 313 315 320 353 355
 358 360 363 365 400 403 411 438 128 542 546 547 548 549 550 551 552 553
 554 555 556 557 559 560 562 563 564 565 566 567 568 569 570 571 572 573
 574 575 576 577 579 581 582 584 586 587 589 592 593 594 595 596 597 598
 599 600 601 602 603 604 605 606 607 608 609 610 611 612 613 614 615 616
 617 618 619 620 621 622 624 626 627 629 631 632 634 635 636 637 639 640
 641 642 645 646 647 648 650 426 652 653 655 656 657 658 660 661 662 665
 666 667 671 672 676 813 405 561 103]
ids [  1   2   3   4   9  10  11  12  13  14  15  16  17  18  19  20  21  23
  24  25  26  27  28  29  30  31  32  33  34  35 945  37  39  41  42  44
  46  47  49 940  51  52  53  54  55  56  57  58  59  60  61  62  63  64
  65  67  68  69  70  71  72  73  74  75  76  78  79  81  83  85  86  88
  40  90  91  93  96  97  98  99 100 101 125 104 105 106 109 111 113 114
 115 116 119 120 121 124 126 993 130 131 132 135 136 544 638 643 644 649
 654 659 664 669 674 815 850 938 893 895 898 900 905]
18:53:12-INFO: Step 43
18:53:12-DEBUG: Reaction systems: [[None]
 [0]]
18:53:12-DEBUG: rxn_pairs: [array([1, 2])]
18:53:12-DEBUG: Starting total colors: 5
18:53:12-DEBUG: Number of systems: 2
18:53:12-DEBUG: New total colors: 5
18:53:12-DEBUG: Potential energy for color 0: 4909.759363070638
ebond 43 6.0863118936786105
18:53:12-DEBUG: Potential energy for color 1: 4914.415151132243
xhy 43 13 1 2
xhy 43 13 1 2
xhy 43 13 1 2
xhy 43 13 1 2
xhy 43 13 1 2
h_pos [ 7.07462931 10.00628213 10.26379753] x_pos [ 8.26698576 10.46839413 10.42460667] y_pos [ 6.59096635  8.60229593 10.47341411]
h_pos [ 7.07462931 10.00628213 10.26379753] x_pos [ 8.26698576 10.46839413 10.42460667] y_pos [ 6.59096635  8.60229593 10.47341411]
h_pos [ 7.07462931 10.00628213 10.26379753] x_pos [ 8.26698576 10.46839413 10.42460667] y_pos [ 6.59096635  8.60229593 10.47341411]
43 rHY 1.4996820389847294 rHX 1.2888448266265742 0.21083721235815522
h_pos [ 7.07462931 10.00628213 10.26379753] x_pos [ 8.26698576 10.46839413 10.42460667] y_pos [ 6.59096635  8.60229593 10.47341411]
h_pos [ 7.07462931 10.00628213 10.26379753] x_pos [ 8.26698576 10.46839413 10.42460667] y_pos [ 6.59096635  8.60229593 10.47341411]
43 rHY 1.4996820389847294 rHX 1.2888448266265742 0.21083721235815522
43 rHY 1.4996820389847294 rHX 1.2888448266265742 0.21083721235815522
43 rHY 1.4996820389847294 rHX 1.2888448266265742 0.21083721235815522
43 rHY 1.4996820389847294 rHX 1.2888448266265742 0.21083721235815522
43 cpl_forces h [15.70590515 16.29870148 -0.18887725]
43 cpl_forces h [15.70590515 16.29870148 -0.18887725]
43 cpl_forces h [15.70590515 16.29870148 -0.18887725]
43 cpl_forces h [15.70590515 16.29870148 -0.18887725]
43 cpl_forces x [-11.64600654  -4.51354901  -1.57065803]
43 cpl_forces h [15.70590515 16.29870148 -0.18887725]
43 cpl_forces x [-11.64600654  -4.51354901  -1.57065803]
43 cpl_forces x [-11.64600654  -4.51354901  -1.57065803]
43 cpl_forces y [ -4.05989861 -11.78515246   1.75953528]
43 cpl_forces x [-11.64600654  -4.51354901  -1.57065803]
43 cpl_forces y [ -4.05989861 -11.78515246   1.75953528]
43 cpl_forces x [-11.64600654  -4.51354901  -1.57065803]
43 cpl_forces y [ -4.05989861 -11.78515246   1.75953528]
43 cpl_forces y [ -4.05989861 -11.78515246   1.75953528]
43 cpl_forces y [ -4.05989861 -11.78515246   1.75953528]
18:53:12-DEBUG: System matrix: 
18:53:12-DEBUG: [[4.90975936e+03 1.86583962e+00]
 [1.86583962e+00 4.91441515e+03]]
18:53:12-DEBUG: Eigen values: 
18:53:12-DEBUG: [4909.10389522 4915.07061898]
18:53:12-DEBUG: Occupancies: 
18:53:12-DEBUG: [1. 0.]
18:53:12-INFO: coupling 43 1.865839623266466
18:53:12-DEBUG: Amplitudes: 
18:53:12-DEBUG: [0.8901461 0.1098539]
18:53:12-INFO: forces0 h [13.0492272   5.37619286  1.68998494]
18:53:12-INFO: forces0 x [-10.58433288  -5.16376798  -1.83796121]
18:53:12-INFO: forces0 y [ 0.37221508 -4.97558622  0.10753587]
18:53:12-INFO: forces1 h [-10.25119517 -23.17344234   2.95743555]
18:53:12-INFO: forces1 x [6.0914695  0.75111107 0.18388998]
18:53:12-INFO: forces1 y [ 7.91733056 19.05452937 -3.28141815]
pos h  [ 7.07462931 10.00628213 10.26379753]
pos x  [ 8.26698576 10.46839413 10.42460667]
pos y  [ 6.59096635  8.60229593 10.47341411]
 mixed_cpl_forces: h [ -9.82271052 -10.19345431   0.11812669]
 mixed_cpl_forces: x [7.28358855 2.82284179 0.98231327]
 mixed_cpl_forces: y [ 2.53912197  7.37061252 -1.10043996]
18:53:12-INFO: mixed forces h [ 0.6668745  -7.9535501   1.94734602]
18:53:12-INFO: mixed forces x [-1.46884246 -1.69115368 -0.63353971]
18:53:12-INFO: mixed forces y [ 3.74019738  5.03482812 -1.3651939 ]
18:53:12-DEBUG: Minimum eigen value: 
18:53:12-DEBUG: 4909.103895219537
18:53:12-DEBUG: Minimum state: 
18:53:12-DEBUG: 0
        43     4909.1038952195     5059.4103727990     1076.6865875437     4909.7593630706      150.3064775795      0.50128696
ids [ 137  142  143  144  145  146  147  148  149  150  151  152  154  155
  157  158  159  160  161  162  163  164  165  166  167  169  170  679
  172  174  249  176  177  179  180  181  182  184  187  188  189  190
  191  192  193  194  195  196  197  198  199  200  202  203  204  205
  206  207  208  209  210  211  212  214  215  217  218  219  221  222
  224  225  226  227  229  232  233  235  236  237  240  241  242  243
  245 1073  247  250  251  252  253  231  255  256  257  260  276  262
  266  267  269  271  306  348 1078  393  396  410  443  445  448  450
  455  490  493  495  500  535  538  540  784  789  794  798  804  808
  809  918  933  216  321  239  201]
ids [   8   22   66   77   80   95  110 1064  138  263  273  503  504  518
  519  529  534  543  663  678  680  715  718  720  723  725  758  760
  765  768 1077  810  903  947  952  953  954  955  956  957  958  959
  960  961  962  963  964  965  967  968  969  970  971  972  973  974
  975  976  977  978  979  980  981  982  984 1076  986  987  989  991
  992  994  995  996  997  998  999 1000 1001 1002 1003 1004 1005 1006
 1007 1008 1009 1010 1011 1012 1013 1014 1015 1016 1017 1018 1019 1020
 1021 1022 1023 1024 1025 1026 1027 1029 1031 1032 1034 1036 1037 1039
 1041 1042 1045 1046 1047 1050 1051 1052 1081 1055 1056 1057 1058 1060
 1061 1062 1063 1065 1066 1067 1068 1069 1070 1071 1072  514  951   36
  966]
ids [127 141 153 156 168 186 379 213 928 171 272 929 277 278 279 280 281 282
 283 284 285 286 287 288 289 290 291 292 293 294 295 296 297 298 299 300
 301 302 303 304 305 307 308 309 311 312 314 316 317 319 261 322 323 324
 325 326 327 328 329 330 331 332 333 334 335 336 337 338 339 340 341 342
 343 344 345 346 347 349 350 351 352 354 356 357 359 361 362 364 366 367
 934 370 371 372 373 374 375 376 377 380 382 383 385 386 387 388 389 390
 391 392 394 395 397 401 402 381 406 453 498 545 578 580 583 585 590 623
 625 628 630 633 670 675 943 909 913 914 246]
ids [   5   48  139  234  238 1075  244  248 1040  258  259  264  378  533
  677 1038  682  683  684  685  686  687  688  689  690  691  692  694
  695  696  697  698  699  700  701  702  703  704  705  706  707  708
  709  710 1080  712  713  714  716  717  719  721  722  724  726  727
  728  729  730  731  732  733  734  735  736  737  738  739  740  741
  742  743  744  745  746  747  748  749  750  751  752  754  755  756
  757  759  761  762  763  764  766  767  769  772  773  774  775  776
  777  778  779  780  781  782  785  254  787  788  790  791  792  793
  795  796  797  799  800  802  805  806  807  811  828  876  801  771
  950  983  988  990 1028 1030 1033 1035  770  985  921]
ids [ 122  140  173  178  185  220  223  230  265  268  270  318  407  408
  409  412  413  414  415  416  417  418  419  420  421  422  423  424
  425 1074  427  428  429  430  431  432  433  434  435  436  437  439
  440  441  442  444  446  447  449  451  452  454  456  457  458  459
  460  461  462  463  464  465  466  467  468  469  470  471  472  473
  474  475  476  477  478  479  480  481  482  483  484  485  486  487
  488  489  491  492  494  496  497  499  502  505  506  507  508  509
  510  511  512  513  501  515  516  517  520  521  522  523  524  525
  526  527  528  530  531  532  536  537  539  541  558 1079  588  591
  803  949 1043 1044 1048 1049 1053 1059 1054  651  175]
ids [  6 102 107 108 112 117 118 123 133 183 228 275 310 313 315 320 353 355
 358 360 363 365 400 403 411 438 128 542 546 547 548 549 550 551 552 553
 554 555 556 557 559 560 562 563 564 565 566 567 568 569 570 571 572 573
 574 575 576 577 579 581 582 584 586 587 589 592 593 594 595 596 597 598
 599 600 601 602 603 604 605 606 607 608 609 610 611 612 613 614 615 616
 617 618 619 620 621 622 624 626 627 629 631 632 634 635 636 637 639 640
 641 642 645 646 647 648 650 426 652 653 655 656 657 658 660 661 662 665
 666 667 671 672 676 813 405 561 103]
ids [  7  38 936  43  45  82  84  87  92  94 129 134 274 368  89 384 398 399
 404 668 673 681 693 753 711 783 860 812 816 817 818 819 820 821 822 823
 824 825 826 827 829 830 831 832 833 834 835 836 837 838 839 840 841 842
 843 844 845 847 848 849 851 852 853 854 855 856 857 858 859 861 862 863
 864 865 866 867 868 869 870 871 872 873 874 875 946 877 878 879 880 881
 882 883 884 885 886 887 888 889 890 892 894 896 897 899 901 902 904 906
 907 908 910 911 912 915 916 917 920 924 922 923 925 926 927 948 930 931
 932 846 935 937 939 814 941 942 944 919 369  50 786 891]
ids [  1   2   3   4   9  10  11  12  13  14  15  16  17  18  19  20  21  23
  24  25  26  27  28  29  30  31  32  33  34  35 945  37  39  41  42  44
  46  47  49 940  51  52  53  54  55  56  57  58  59  60  61  62  63  64
  65  67  68  69  70  71  72  73  74  75  76  78  79  81  83  85  86  88
  40  90  91  93  96  97  98  99 100 101 125 104 105 106 109 111 113 114
 115 116 119 120 121 124 126 993 130 131 132 135 136 544 638 643 644 649
 654 659 664 669 674 815 850 938 893 895 898 900 905]
18:53:12-INFO: Step 44
18:53:12-DEBUG: Reaction systems: [[None]
 [0]]
18:53:12-DEBUG: rxn_pairs: [array([1, 2])]
18:53:12-DEBUG: Starting total colors: 5
18:53:12-DEBUG: Number of systems: 2
18:53:12-DEBUG: New total colors: 5
18:53:12-DEBUG: Potential energy for color 0: 4909.607877448793
ebond 44 6.047288509545634
18:53:12-DEBUG: Potential energy for color 1: 4914.043589454006
xhy 44 13 1 2
xhy 44 13 1 2
xhy 44 13 1 2
xhy 44 13 1 2
xhy 44 13 1 2
h_pos [ 7.06448864 10.00631829 10.25939364] x_pos [ 8.2697971  10.46350991 10.42472122] y_pos [ 6.59614122  8.59956635 10.47339177]
h_pos [ 7.06448864 10.00631829 10.25939364] x_pos [ 8.2697971  10.46350991 10.42472122] y_pos [ 6.59614122  8.59956635 10.47339177]
44 rHY 1.4980305479735572 rHX 1.2996637496565346 0.19836679831702253
h_pos [ 7.06448864 10.00631829 10.25939364] x_pos [ 8.2697971  10.46350991 10.42472122] y_pos [ 6.59614122  8.59956635 10.47339177]
h_pos [ 7.06448864 10.00631829 10.25939364] x_pos [ 8.2697971  10.46350991 10.42472122] y_pos [ 6.59614122  8.59956635 10.47339177]
44 rHY 1.4980305479735572 rHX 1.2996637496565346 0.19836679831702253
h_pos [ 7.06448864 10.00631829 10.25939364] x_pos [ 8.2697971  10.46350991 10.42472122] y_pos [ 6.59614122  8.59956635 10.47339177]
44 rHY 1.4980305479735572 rHX 1.2996637496565346 0.19836679831702253
44 rHY 1.4980305479735572 rHX 1.2996637496565346 0.19836679831702253
44 rHY 1.4980305479735572 rHX 1.2996637496565346 0.19836679831702253
44 cpl_forces h [15.936343   16.58922379 -0.20106116]
44 cpl_forces h [15.936343   16.58922379 -0.20106116]
44 cpl_forces h [15.936343   16.58922379 -0.20106116]
44 cpl_forces h [15.936343   16.58922379 -0.20106116]
44 cpl_forces x [-11.91843834  -4.5208429   -1.6348069 ]
44 cpl_forces x [-11.91843834  -4.5208429   -1.6348069 ]
44 cpl_forces h [15.936343   16.58922379 -0.20106116]
44 cpl_forces x [-11.91843834  -4.5208429   -1.6348069 ]
44 cpl_forces x [-11.91843834  -4.5208429   -1.6348069 ]
44 cpl_forces y [ -4.01790466 -12.06838088   1.83586806]
44 cpl_forces y [ -4.01790466 -12.06838088   1.83586806]
44 cpl_forces y [ -4.01790466 -12.06838088   1.83586806]
44 cpl_forces x [-11.91843834  -4.5208429   -1.6348069 ]
44 cpl_forces y [ -4.01790466 -12.06838088   1.83586806]
44 cpl_forces y [ -4.01790466 -12.06838088   1.83586806]
18:53:12-DEBUG: System matrix: 
18:53:12-DEBUG: [[4.90960788e+03 2.02457185e+00]
 [2.02457185e+00 4.91404359e+03]]
18:53:12-DEBUG: Eigen values: 
18:53:12-DEBUG: [4908.82277217 4914.82869473]
18:53:12-DEBUG: Occupancies: 
18:53:12-DEBUG: [1. 0.]
18:53:12-INFO: coupling 44 2.0245718517628797
18:53:12-DEBUG: Amplitudes: 
18:53:12-DEBUG: [0.86927816 0.13072184]
18:53:12-INFO: forces0 h [13.54053421  5.46320584  1.78557319]
18:53:12-INFO: forces0 x [-11.22614749  -5.24337946  -1.93455419]
18:53:12-INFO: forces0 y [ 0.35793454 -4.81946013  0.11335133]
18:53:12-INFO: forces1 h [ -9.72971614 -23.04848103   3.04988796]
18:53:12-INFO: forces1 x [5.60741296 0.62952767 0.15470343]
18:53:12-INFO: forces1 y [ 7.64804353 19.16105249 -3.34079496]
pos h  [ 7.06448864 10.00631829 10.25939364]
pos x  [ 8.2697971  10.46350991 10.42472122]
pos y  [ 6.59614122  8.59956635 10.47339177]
 mixed_cpl_forces: h [-10.74415168 -11.18431855   0.13555379]
 mixed_cpl_forces: x [8.03531333 3.04791519 1.1021734 ]
 mixed_cpl_forces: y [ 2.70883835  8.13640336 -1.23772718]
18:53:12-INFO: mixed forces h [-0.24554752 -9.44821301  2.08640054]
18:53:12-INFO: mixed forces x [-0.99032009 -1.42774702 -0.55926918]
18:53:12-INFO: mixed forces y [ 4.01974939  6.45172007 -1.57590823]
18:53:12-DEBUG: Minimum eigen value: 
18:53:12-DEBUG: 4908.822772174385
18:53:12-DEBUG: Minimum state: 
18:53:12-DEBUG: 0
        44     4908.8227721744     5059.4041054641     1078.6554544982     4909.6078774488      150.5813332898      0.49992118
ids [  7  38 936  43  45  82  84  87  92  94 129 134 274 368  89 384 398 399
 404 668 673 681 693 753 711 783 860 812 816 817 818 819 820 821 822 823
 824 825 826 827 829 830 831 832 833 834 835 836 837 838 839 840 841 842
 843 844 845 847 848 849 851 852 853 854 855 856 857 858 859 861 862 863
 864 865 866 867 868 869 870 871 872 873 874 875 946 877 878 879 880 881
 882 883 884 885 886 887 888 889 890 892 894 896 897 899 901 902 904 906
 907 908 910 911 912 915 916 917 920 924 922 923 925 926 927 948 930 931
 932 846 935 937 939 814 941 942 944 919 369  50 786 891]
ids [ 137  142  143  144  145  146  147  148  149  150  151  152  154  155
  157  158  159  160  161  162  163  164  165  166  167  169  170  679
  172  174  249  176  177  179  180  181  182  184  187  188  189  190
  191  192  193  194  195  196  197  198  199  200  202  203  204  205
  206  207  208  209  210  211  212  214  215  217  218  219  221  222
  224  201  226  227  229  232  233  235  236  237  240  241  242  243
  245 1073  247  250  251  252  253  231  255  256  257  260  276  262
  266  267  269  271  306  348 1078  393  396  410  443  445  448  450
  455  490  493  495  500  535  538  540  784  789  794  798  804  808
  809  918  933  216  321  239  799]
ids [   8   22   66   77   80   95  110 1064  138  263  273  503  504  518
  519  529  534  543  663  678  680  715  718  720  723  725  758  760
  765  768 1077  810  903  947  952  953  954  955  956  957  958  959
  960  961  962  963  964  965  967  968  969  970  971  972  973  974
  975  976  977  978  979  980  981  982  984 1076  986  987  989  991
  992  994  995  996  997  998  999 1000 1001 1002 1003 1004 1005 1006
 1007 1008 1009 1010 1011 1012 1013 1014 1015 1016 1017 1018 1019 1020
 1021 1022 1023 1024 1025 1026 1027 1029 1031 1032 1034 1036 1037 1039
 1041 1042 1045 1046 1047 1050 1051 1052 1081 1055 1056 1057 1058 1060
 1061 1062 1063 1065 1066 1067 1068 1069 1070 1071 1072  514  951   36
  966]
ids [127 141 153 156 168 186 379 213 928 171 272 929 277 278 279 280 281 282
 283 284 285 286 287 288 289 290 291 292 293 294 295 296 297 298 299 300
 301 302 303 304 305 307 308 309 311 312 314 316 317 319 261 322 323 324
 325 326 327 328 329 330 331 332 333 334 335 336 337 338 339 340 341 342
 343 344 345 346 347 349 350 351 352 354 356 357 359 361 362 364 366 367
 934 370 371 372 373 374 375 376 377 380 382 383 385 386 387 388 389 390
 391 392 394 395 397 401 402 381 406 453 498 545 578 580 583 585 590 623
 625 628 630 633 670 675 943 909 913 914 246 275]
ids [   5   48  139  234  238 1075  244  248 1040  258  259  264  378  533
  677 1038  682  683  684  685  686  687  688  689  690  691  692  694
  695  696  697  698  699  700  701  702  703  704  705  706  707  708
  709  710 1080  712  713  714  716  717  719  721  722  724  726  727
  728  729  730  731  732  733  734  735  736  737  738  739  740  741
  742  743  744  745  746  747  748  749  750  751  752  754  755  756
  757  759  761  762  763  764  766  767  769  772  773  774  775  776
  777  778  779  780  781  782  785  254  787  788  790  791  792  793
  795  796  797  921  800  802  805  806  807  811  828  876  801  771
  950  983  988  990 1028 1030 1033 1035  770  985]
ids [ 122  140  173  178  185  220  223  230  265  268  270  318  407  408
  409  412  413  414  415  416  417  418  419  420  421  422  423  424
  425 1074  427  428  429  430  431  432  433  434  435  436  437  439
  440  441  442  444  446  447  449  451  452  454  456  457  458  459
  460  461  462  463  464  465  466  467  468  469  470  471  472  473
  474  475  476  477  478  479  480  481  482  483  484  485  486  487
  488  489  491  492  494  496  497  499  502  505  506  507  508  509
  510  511  512  513  501  515  516  517  520  521  522  523  524  525
  526  527  528  530  531  532  536  537  539  541  558 1079  588  591
  803  949 1043 1044 1048 1049 1053 1059 1054  651  175  225]
ids [  6 102 107 108 112 117 118 123 133 183 228 103 310 313 315 320 353 355
 358 360 363 365 400 403 411 438 128 542 546 547 548 549 550 551 552 553
 554 555 556 557 559 560 562 563 564 565 566 567 568 569 570 571 572 573
 574 575 576 577 579 581 582 584 586 587 589 592 593 594 595 596 597 598
 599 600 601 602 603 604 605 606 607 608 609 610 611 612 613 614 615 616
 617 618 619 620 621 622 624 626 627 629 631 632 634 635 636 637 639 640
 641 642 645 646 647 648 650 426 652 653 655 656 657 658 660 661 662 665
 666 667 671 672 676 813 405 561 654]
ids [  1   2   3   4   9  10  11  12  13  14  15  16  17  18  19  20  21  23
  24  25  26  27  28  29  30  31  32  33  34  35 945  37  39  41  42  44
  46  47  49 940  51  52  53  54  55  56  57  58  59  60  61  62  63  64
  65  67  68  69  70  71  72  73  74  75  76  78  79  81  83  85  86  88
  40  90  91  93  96  97  98  99 100 101 125 104 105 106 109 111 113 114
 115 116 119 120 121 124 126 993 130 131 132 135 136 544 638 643 644 649
 905 659 664 669 674 815 850 938 893 895 898 900]
18:53:12-INFO: Step 45
18:53:12-DEBUG: Reaction systems: [[None]
 [0]]
18:53:12-DEBUG: rxn_pairs: [array([1, 2])]
18:53:12-DEBUG: Starting total colors: 5
18:53:12-DEBUG: Number of systems: 2
18:53:12-DEBUG: New total colors: 5
18:53:12-DEBUG: Potential energy for color 0: 4909.760359069973
ebond 45 5.93406666526855
18:53:12-DEBUG: Potential energy for color 1: 4913.882391566872
xhy 45 13 1 2
xhy 45 13 1 2
xhy 45 13 1 2
xhy 45 13 1 2
xhy 45 13 1 2
h_pos [ 7.05452235 10.00304629 10.2557787 ] x_pos [ 8.27257103 10.45858711 10.42482022] y_pos [ 6.60140952  8.59697723 10.47333403]
h_pos [ 7.05452235 10.00304629 10.2557787 ] x_pos [ 8.27257103 10.45858711 10.42482022] y_pos [ 6.60140952  8.59697723 10.47333403]
h_pos [ 7.05452235 10.00304629 10.2557787 ] x_pos [ 8.27257103 10.45858711 10.42482022] y_pos [ 6.60140952  8.59697723 10.47333403]
45 rHY 1.4932085428296342 rHX 1.3113866949473698 0.1818218478822644
h_pos [ 7.05452235 10.00304629 10.2557787 ] x_pos [ 8.27257103 10.45858711 10.42482022] y_pos [ 6.60140952  8.59697723 10.47333403]
h_pos [ 7.05452235 10.00304629 10.2557787 ] x_pos [ 8.27257103 10.45858711 10.42482022] y_pos [ 6.60140952  8.59697723 10.47333403]
45 rHY 1.4932085428296342 rHX 1.3113866949473698 0.1818218478822644
45 rHY 1.4932085428296342 rHX 1.3113866949473698 0.1818218478822644
45 rHY 1.4932085428296342 rHX 1.3113866949473698 0.1818218478822644
45 rHY 1.4932085428296342 rHX 1.3113866949473698 0.1818218478822644
45 cpl_forces h [16.05259893 16.79176728 -0.2187679 ]
45 cpl_forces h [16.05259893 16.79176728 -0.2187679 ]
45 cpl_forces h [16.05259893 16.79176728 -0.2187679 ]
45 cpl_forces h [16.05259893 16.79176728 -0.2187679 ]
45 cpl_forces h [16.05259893 16.79176728 -0.2187679 ]
45 cpl_forces x [-12.09962511  -4.5251666   -1.67919318]
45 cpl_forces x [-12.09962511  -4.5251666   -1.67919318]
45 cpl_forces x [-12.09962511  -4.5251666   -1.67919318]
45 cpl_forces x [-12.09962511  -4.5251666   -1.67919318]
45 cpl_forces y [ -3.95297382 -12.26660067   1.89796108]
45 cpl_forces x [-12.09962511  -4.5251666   -1.67919318]
45 cpl_forces y [ -3.95297382 -12.26660067   1.89796108]
45 cpl_forces y [ -3.95297382 -12.26660067   1.89796108]
45 cpl_forces y [ -3.95297382 -12.26660067   1.89796108]
45 cpl_forces y [ -3.95297382 -12.26660067   1.89796108]
18:53:12-DEBUG: System matrix: 
18:53:12-DEBUG: [[4.90976036e+03 2.23893764e+00]
 [2.23893764e+00 4.91388239e+03]]
18:53:12-DEBUG: Eigen values: 
18:53:12-DEBUG: [4908.77824704 4914.8645036 ]
18:53:12-DEBUG: Occupancies: 
18:53:12-DEBUG: [1. 0.]
18:53:12-INFO: coupling 45 2.238937636377238
18:53:12-DEBUG: Amplitudes: 
18:53:12-DEBUG: [0.83863447 0.16136553]
18:53:12-INFO: forces0 h [14.06379962  5.6040373   1.87620646]
18:53:12-INFO: forces0 x [-11.89456206  -5.36620559  -2.02779732]
18:53:12-INFO: forces0 y [ 0.34026407 -4.68034304  0.12080812]
18:53:12-INFO: forces1 h [ -9.18903872 -22.79192354   3.11664296]
18:53:12-INFO: forces1 x [5.13360042 0.52113948 0.12396017]
18:53:12-INFO: forces1 y [ 7.35201383 19.11836946 -3.37288095]
pos h  [ 7.05452235 10.00304629 10.2557787 ]
pos x  [ 8.27257103 10.45858711 10.42482022]
pos y  [ 6.60140952  8.59697723 10.47333403]
 mixed_cpl_forces: h [-11.81046759 -12.35430002   0.16095532]
 mixed_cpl_forces: x [8.90212425 3.32932591 1.23544211]
 mixed_cpl_forces: y [ 2.90834334  9.02497411 -1.39639742]
18:53:12-INFO: mixed forces h [ -1.49887461 -11.33239206   2.23732547]
18:53:12-INFO: mixed forces x [-0.24467931 -1.0868651  -0.44513572]
18:53:12-INFO: mixed forces y [ 4.38006214  8.18492298 -1.8393503 ]
18:53:12-DEBUG: Minimum eigen value: 
18:53:12-DEBUG: 4908.778247040489
18:53:12-DEBUG: Minimum state: 
18:53:12-DEBUG: 0
        45     4908.7782470405     5059.3926192082     1078.8921210566     4909.7603590700      150.6143721677      0.49948364
ids [  6 102 107 108 112 117 118 123 133 183 228 103 310 313 315 320 353 355
 358 360 363 365 400 403 411 438 128 542 546 547 548 549 550 551 552 553
 554 555 556 557 559 560 562 563 564 565 566 567 568 569 570 571 572 573
 574 575 576 577 579 581 582 584 586 587 589 592 593 594 595 596 597 598
 599 600 601 602 603 604 605 606 607 608 609 610 611 612 613 614 615 616
 617 618 619 620 621 622 624 626 627 629 631 632 634 635 636 637 639 640
 641 642 645 646 647 648 650 426 652 653 655 656 657 658 660 661 662 665
 666 667 671 672 676 813 405 561 654]
ids [  7  38 936  43  45  82  84  87  92  94 129 134 274 368  89 384 398 399
 404 668 673 681 693 753 711 783 860 812 816 817 818 819 820 821 822 823
 824 825 826 827 829 830 831 832 833 834 835 836 837 838 839 840 841 842
 843 844 845 847 848 849 851 852 853 854 855 856 857 858 859 861 862 863
 864 865 866 867 868 869 870 871 872 873 874 875 946 877 878 879 880 881
 882 883 884 885 886 887 888 889 890 892 894 896 897 899 901 902 904 906
 907 908 910 911 912 915 916 917 920 924 922 923 925 926 927 948 930 931
 932 846 935 937 939 814 941 942 944 919 369  50 786 891]
ids [ 137  142  143  144  145  146  147  148  149  150  151  152  154  155
  157  158  159  160  161  162  163  164  165  166  167  169  170  679
  172  174  249  176  177  179  180  181  182  184  187  188  189  190
  191  192  193  194  195  196  197  198  199  200  202  203  204  205
  206  207  208  209  210  211  212  214  215  217  218  219  221  222
  224  201  226  227  229  232  233  235  236  237  240  241  242  243
  245 1073  247  250  251  252  253  231  255  256  257  260  276  262
  266  267  269  271  306  348 1078  393  396  410  443  445  448  450
  455  490  493  495  500  535  538  540  784  789  794  798  804  808
  809  918  933  216  321  239  799]
ids [   8   22   66   77   80   95  110 1064  138  263  273  503  504  518
  519  529  534  543  663  678  680  715  718  720  723  725  758  760
  765  768 1077  810  903  947  952  953  954  955  956  957  958  959
  960  961  962  963  964  965  967  968  969  970  971  972  973  974
  975  976  977  978  979  980  981  982  984 1076  986  987  989  991
  992  994  995  996  997  998  999 1000 1001 1002 1003 1004 1005 1006
 1007 1008 1009 1010 1011 1012 1013 1014 1015 1016 1017 1018 1019 1020
 1021 1022 1023 1024 1025 1026 1027 1029 1031 1032 1034 1036 1037 1039
 1041 1042 1045 1046 1047 1050 1051 1052 1081 1055 1056 1057 1058 1060
 1061 1062 1063 1065 1066 1067 1068 1069 1070 1071 1072  514  951   36
  966]
ids [127 141 153 156 168 186 379 213 928 171 272 929 277 278 279 280 281 282
 283 284 285 286 287 288 289 290 291 292 293 294 295 296 297 298 299 300
 301 302 303 304 305 307 308 309 311 312 314 316 317 319 261 322 323 324
 325 326 327 328 329 330 331 332 333 334 335 336 337 338 339 340 341 342
 343 344 345 346 347 349 350 351 352 354 356 357 359 361 362 364 366 367
 934 370 371 372 373 374 375 376 377 380 382 383 385 386 387 388 389 390
 391 392 394 395 397 401 402 381 406 453 498 545 578 580 583 585 590 623
 625 628 630 633 670 675 943 909 913 914 246 275]
ids [   5   48  139  234  238 1075  244  248 1040  258  259  264  378  533
  677 1038  682  683  684  685  686  687  688  689  690  691  692  694
  695  696  697  698  699  700  701  702  703  704  705  706  707  708
  709  710 1080  712  713  714  716  717  719  721  722  724  726  727
  728  729  730  731  732  733  734  735  736  737  738  739  740  741
  742  743  744  745  746  747  748  749  750  751  752  754  755  756
  757  759  761  762  763  764  766  767  769  772  773  774  775  776
  777  778  779  780  781  782  785  254  787  788  790  791  792  793
  795  796  797  921  800  802  805  806  807  811  828  876  801  771
  950  983  988  990 1028 1030 1033 1035  770  985]
ids [ 122  140  173  178  185  220  223  230  265  268  270  318  407  408
  409  412  413  414  415  416  417  418  419  420  421  422  423  424
  425 1074  427  428  429  430  431  432  433  434  435  436  437  439
  440  441  442  444  446  447  449  451  452  454  456  457  458  459
  460  461  462  463  464  465  466  467  468  469  470  471  472  473
  474  475  476  477  478  479  480  481  482  483  484  485  486  487
  488  489  491  492  494  496  497  499  502  505  506  507  508  509
  510  511  512  513  501  515  516  517  520  521  522  523  524  525
  526  527  528  530  531  532  536  537  539  541  558 1079  588  591
  803  949 1043 1044 1048 1049 1053 1059 1054  651  175  225]
ids [  1   2   3   4   9  10  11  12  13  14  15  16  17  18  19  20  21  23
  24  25  26  27  28  29  30  31  32  33  34  35 945  37  39  41  42  44
  46  47  49 940  51  52  53  54  55  56  57  58  59  60  61  62  63  64
  65  67  68  69  70  71  72  73  74  75  76  78  79  81  83  85  86  88
  40  90  91  93  96  97  98  99 100 101 125 104 105 106 109 111 113 114
 115 116 119 120 121 124 126 993 130 131 132 135 136 544 638 643 644 649
 905 659 664 669 674 815 850 938 893 895 898 900]
18:53:12-INFO: Step 46
18:53:12-DEBUG: Reaction systems: [[None]
 [0]]
18:53:12-DEBUG: rxn_pairs: [array([1, 2])]
18:53:12-DEBUG: Starting total colors: 5
18:53:12-DEBUG: Number of systems: 2
18:53:12-DEBUG: New total colors: 5
18:53:12-DEBUG: Potential energy for color 0: 4910.216489101821
ebond 46 5.73034097193782
18:53:12-DEBUG: Potential energy for color 1: 4913.903415462575
xhy 46 13 1 2
xhy 46 13 1 2
xhy 46 13 1 2
xhy 46 13 1 2
xhy 46 13 1 2
h_pos [ 7.04432274  9.99583085 10.25300717] x_pos [ 8.275322   10.45363249 10.42490598] y_pos [ 6.60677894  8.59456636 10.47323518]
h_pos [ 7.04432274  9.99583085 10.25300717] x_pos [ 8.275322   10.45363249 10.42490598] y_pos [ 6.60677894  8.59456636 10.47323518]
h_pos [ 7.04432274  9.99583085 10.25300717] x_pos [ 8.275322   10.45363249 10.42490598] y_pos [ 6.60677894  8.59456636 10.47323518]
h_pos [ 7.04432274  9.99583085 10.25300717] x_pos [ 8.275322   10.45363249 10.42490598] y_pos [ 6.60677894  8.59456636 10.47323518]
h_pos [ 7.04432274  9.99583085 10.25300717] x_pos [ 8.275322   10.45363249 10.42490598] y_pos [ 6.60677894  8.59456636 10.47323518]
46 rHY 1.4844147427117829 rHX 1.324571898431963 0.15984284427981987
46 rHY 1.4844147427117829 rHX 1.324571898431963 0.15984284427981987
46 rHY 1.4844147427117829 rHX 1.324571898431963 0.15984284427981987
46 rHY 1.4844147427117829 rHX 1.324571898431963 0.15984284427981987
46 rHY 1.4844147427117829 rHX 1.324571898431963 0.15984284427981987
46 cpl_forces h [15.80841441 16.65418941 -0.23998742]
46 cpl_forces h [15.80841441 16.65418941 -0.23998742]
46 cpl_forces h [15.80841441 16.65418941 -0.23998742]
46 cpl_forces h [15.80841441 16.65418941 -0.23998742]
46 cpl_forces h [15.80841441 16.65418941 -0.23998742]
46 cpl_forces x [-12.00185642  -4.46342238  -1.67595947]
46 cpl_forces x [-12.00185642  -4.46342238  -1.67595947]
46 cpl_forces x [-12.00185642  -4.46342238  -1.67595947]
46 cpl_forces x [-12.00185642  -4.46342238  -1.67595947]
46 cpl_forces y [ -3.80655799 -12.19076703   1.91594689]
46 cpl_forces x [-12.00185642  -4.46342238  -1.67595947]
46 cpl_forces y [ -3.80655799 -12.19076703   1.91594689]
46 cpl_forces y [ -3.80655799 -12.19076703   1.91594689]
46 cpl_forces y [ -3.80655799 -12.19076703   1.91594689]
46 cpl_forces y [ -3.80655799 -12.19076703   1.91594689]
18:53:12-DEBUG: System matrix: 
18:53:12-DEBUG: [[4.91021649e+03 2.52477683e+00]
 [2.52477683e+00 4.91390342e+03]]
18:53:12-DEBUG: Eigen values: 
18:53:12-DEBUG: [4908.93379577 4915.1861088 ]
18:53:12-DEBUG: Occupancies: 
18:53:12-DEBUG: [1. 0.]
18:53:12-INFO: coupling 46 2.5247768330956317
18:53:12-DEBUG: Amplitudes: 
18:53:12-DEBUG: [0.79484499 0.20515501]
18:53:12-INFO: forces0 h [14.6419165   5.81987684  1.96219308]
18:53:12-INFO: forces0 x [-12.61195447  -5.54879657  -2.1188368 ]
18:53:12-INFO: forces0 y [ 0.3182897  -4.56414807  0.1307334 ]
18:53:12-INFO: forces1 h [ -8.61156832 -22.36547304   3.15285652]
18:53:12-INFO: forces1 x [4.66293163 0.42186211 0.09119095]
18:53:12-INFO: forces1 y [ 7.01805398 18.89145449 -3.37238344]
pos h  [ 7.04432274  9.99583085 10.25300717]
pos x  [ 8.275322   10.45363249 10.42490598]
pos y  [ 6.60677894  8.59456636 10.47323518]
 mixed_cpl_forces: h [-12.76734491 -13.45041791   0.19382097]
 mixed_cpl_forces: x [9.69305564 3.60479246 1.35355464]
 mixed_cpl_forces: y [ 3.07428927  9.84562546 -1.5473756 ]
18:53:12-INFO: mixed forces h [ -2.89599729 -13.41290678   2.40028461]
18:53:12-INFO: mixed forces x [ 0.62513058 -0.71909358 -0.3118839 ]
18:53:12-INFO: mixed forces y [ 4.76706917 10.09351174 -2.13532416]
18:53:12-DEBUG: Minimum eigen value: 
18:53:12-DEBUG: 4908.933795767508
18:53:12-DEBUG: Minimum state: 
18:53:12-DEBUG: 0
        46     4908.9337957675     5059.3741942099     1077.6458994725     4910.2164891018      150.4403984424      0.51078314
ids [  6 102 107 108 112 117 118 123 133 183 228 103 310 313 315 320 353 355
 358 360 363 365 400 403 411 438 128 542 546 547 548 549 550 551 552 553
 554 555 556 557 559 560 562 563 564 565 566 567 568 569 570 571 572 573
 574 575 576 577 579 581 582 584 586 587 589 592 593 594 595 596 597 598
 599 600 601 602 603 604 605 606 607 608 609 610 611 612 613 614 615 616
 617 618 619 620 621 622 624 626 627 629 631 632 634 635 636 637 639 640
 641 642 645 646 647 648 650 426 652 653 655 656 657 658 660 661 662 665
 666 667 671 672 676 813 405 561 654]
ids [  7  38 936  43  45  82  84  87  92  94 129 134 274 368  89 384 398 399
 404 668 673 681 693 753 711 783 860 812 816 817 818 819 820 821 822 823
 824 825 826 827 829 830 831 832 833 834 835 836 837 838 839 840 841 842
 843 844 845 847 848 849 851 852 853 854 855 856 857 858 859 861 862 863
 864 865 866 867 868 869 870 871 872 873 874 875 946 877 878 879 880 881
 882 883 884 885 886 887 888 889 890 892 894 896 897 899 901 902 904 906
 907 908 910 911 912 915 916 917 920 924 922 923 925 926 927 948 930 931
 932 846 935 937 939 814 941 942 944 919 369  50 786 891]
ids [ 137  142  143  144  145  146  147  148  149  150  151  152  154  155
  157  158  159  160  161  162  163  164  165  166  167  169  170  679
  172  174  249  176  177  179  180  181  182  184  187  188  189  190
  191  192  193  194  195  196  197  198  199  200  202  203  204  205
  206  207  208  209  210  211  212  214  215  217  218  219  221  222
  224  201  226  227  229  232  233  235  236  237  240  241  242  243
  245 1073  247  250  251  252  253  231  255  256  257  260  276  262
  266  267  269  271  306  348 1078  393  396  410  443  445  448  450
  455  490  493  495  500  535  538  540  799  789  794  798  804  808
  809  918  933  216  321  239  264]
ids [   8   22   66   77   80   95  110 1064  138  263  273  503  504  518
  519  529  534  543  663  678  680  715  718  720  723  725  758  760
  765  768 1077  810  903  947  952  953  954  955  956  957  958  959
  960  961  962  963  964  965  967  968  969  970  971  972  973  974
  975  976  977  978  979  980  981  982  984 1076  986  987  989  991
  992  994  995  996  997  998  999 1000 1001 1002 1003 1004 1005 1006
 1007 1008 1009 1010 1011 1012 1013 1014 1015 1016 1017 1018 1019 1020
 1021 1022 1023 1024 1025 1026 1027 1029 1031 1032 1034 1036 1037 1039
 1041 1042 1045 1046 1047 1050 1051 1052 1081 1055 1056 1057 1058 1060
 1061 1062 1063 1065 1066 1067 1068 1069 1070 1071 1072  514  951   36
  966   51  409]
ids [127 141 153 156 168 186 379 213 928 171 272 929 277 278 279 280 281 282
 283 284 285 286 287 288 289 290 291 292 293 294 295 296 297 298 299 300
 301 302 303 304 305 307 308 309 311 312 314 316 317 319 261 322 323 324
 325 326 327 328 329 330 331 332 333 334 335 336 337 338 339 340 341 342
 343 344 345 346 347 349 350 351 352 354 356 357 359 361 362 364 366 367
 934 370 371 372 373 374 375 376 377 380 382 383 385 386 387 388 389 390
 391 392 394 395 397 401 402 381 406 453 498 545 578 580 583 585 590 623
 625 628 630 633 670 675 943 909 913 914 246 275]
ids [   5   48  139  234  238 1075  244  248 1040  258  259  985  378  533
  677 1038  682  683  684  685  686  687  688  689  690  691  692  694
  695  696  697  698  699  700  701  702  703  704  705  706  707  708
  709  710 1080  712  713  714  716  717  719  721  722  724  726  727
  728  729  730  731  732  733  734  735  736  737  738  739  740  741
  742  743  744  745  746  747  748  749  750  751  752  754  755  756
  757  759  761  762  763  764  766  767  769  772  773  774  775  776
  777  778  779  780  781  782  785  254  787  788  790  791  792  793
  795  796  797  921  800  802  805  806  807  811  828  876  801  771
  950  983  988  990 1028 1030 1033 1035  770  784]
ids [  1   2   3   4   9  10  11  12  13  14  15  16  17  18  19  20  21  23
  24  25  26  27  28  29  30  31  32  33  34  35 945  37  39  41  42  44
  46  47  49 940 900  52  53  54  55  56  57  58  59  60  61  62  63  64
  65  67  68  69  70  71  72  73  74  75  76  78  79  81  83  85  86  88
  40  90  91  93  96  97  98  99 100 101 125 104 105 106 109 111 113 114
 115 116 119 120 121 124 126 993 130 131 132 135 136 544 638 643 644 649
 905 659 664 669 674 815 850 938 893 895 898]
ids [ 122  140  173  178  185  220  223  230  265  268  270  318  407  408
  225  412  413  414  415  416  417  418  419  420  421  422  423  424
  425 1074  427  428  429  430  431  432  433  434  435  436  437  439
  440  441  442  444  446  447  449  451  452  454  456  457  458  459
  460  461  462  463  464  465  466  467  468  469  470  471  472  473
  474  475  476  477  478  479  480  481  482  483  484  485  486  487
  488  489  491  492  494  496  497  499  502  505  506  507  508  509
  510  511  512  513  501  515  516  517  520  521  522  523  524  525
  526  527  528  530  531  532  536  537  539  541  558 1079  588  591
  803  949 1043 1044 1048 1049 1053 1059 1054  651  175]
18:53:12-INFO: Step 47
18:53:12-DEBUG: Reaction systems: [[None]
 [0]]
18:53:12-DEBUG: rxn_pairs: [array([1, 2])]
18:53:12-DEBUG: Starting total colors: 5
18:53:12-DEBUG: Number of systems: 2
18:53:12-DEBUG: New total colors: 5
18:53:12-DEBUG: Potential energy for color 0: 4910.978604818939
ebond 47 5.420275617521721
18:53:12-DEBUG: Potential energy for color 1: 4914.077480929737
xhy 47 13 1 2
xhy 47 13 1 2
xhy 47 13 1 2
xhy 47 13 1 2
xhy 47 13 1 2
h_pos [ 7.0333939   9.98392881 10.25113813] x_pos [ 8.2780689  10.44865389 10.42498151] y_pos [ 6.61225845  8.59237739 10.4730885 ]
47 rHY 1.4707251238434706 rHX 1.339927894956558 0.1307972288869126
h_pos [ 7.0333939   9.98392881 10.25113813] x_pos [ 8.2780689  10.44865389 10.42498151] y_pos [ 6.61225845  8.59237739 10.4730885 ]
47 rHY 1.4707251238434706 rHX 1.339927894956558 0.1307972288869126
h_pos [ 7.0333939   9.98392881 10.25113813] x_pos [ 8.2780689  10.44865389 10.42498151] y_pos [ 6.61225845  8.59237739 10.4730885 ]
h_pos [ 7.0333939   9.98392881 10.25113813] x_pos [ 8.2780689  10.44865389 10.42498151] y_pos [ 6.61225845  8.59237739 10.4730885 ]
h_pos [ 7.0333939   9.98392881 10.25113813] x_pos [ 8.2780689  10.44865389 10.42498151] y_pos [ 6.61225845  8.59237739 10.4730885 ]
47 rHY 1.4707251238434706 rHX 1.339927894956558 0.1307972288869126
47 rHY 1.4707251238434706 rHX 1.339927894956558 0.1307972288869126
47 rHY 1.4707251238434706 rHX 1.339927894956558 0.1307972288869126
47 cpl_forces h [14.69939825 15.63969361 -0.25608252]
47 cpl_forces h [14.69939825 15.63969361 -0.25608252]
47 cpl_forces h [14.69939825 15.63969361 -0.25608252]
47 cpl_forces x [-11.23584725  -4.19513529  -1.5693074 ]
47 cpl_forces h [14.69939825 15.63969361 -0.25608252]
47 cpl_forces x [-11.23584725  -4.19513529  -1.5693074 ]
47 cpl_forces h [14.69939825 15.63969361 -0.25608252]
47 cpl_forces x [-11.23584725  -4.19513529  -1.5693074 ]
47 cpl_forces y [ -3.46355101 -11.44455832   1.82538992]
47 cpl_forces y [ -3.46355101 -11.44455832   1.82538992]
47 cpl_forces x [-11.23584725  -4.19513529  -1.5693074 ]
47 cpl_forces y [ -3.46355101 -11.44455832   1.82538992]
47 cpl_forces x [-11.23584725  -4.19513529  -1.5693074 ]
47 cpl_forces y [ -3.46355101 -11.44455832   1.82538992]
47 cpl_forces y [ -3.46355101 -11.44455832   1.82538992]
18:53:12-DEBUG: System matrix: 
18:53:12-DEBUG: [[4.91097860e+03 2.88989969e+00]
 [2.88989969e+00 4.91407748e+03]]
18:53:12-DEBUG: Eigen values: 
18:53:12-DEBUG: [4909.24897616 4915.80710959]
18:53:12-DEBUG: Occupancies: 
18:53:12-DEBUG: [1. 0.]
18:53:12-INFO: coupling 47 2.889899690684846
18:53:12-DEBUG: Amplitudes: 
18:53:12-DEBUG: [0.73626205 0.26373795]
18:53:12-INFO: forces0 h [15.30417231  6.13936185  2.04360219]
18:53:12-INFO: forces0 x [-13.40642872  -5.81182224  -2.20915863]
18:53:12-INFO: forces0 y [ 0.29028621 -4.48027572  0.14452726]
18:53:12-INFO: forces1 h [ -7.98044997 -21.7262169    3.15247246]
18:53:12-INFO: forces1 x [4.19058803 0.3284624  0.05627998]
18:53:12-INFO: forces1 y [ 6.63321098 18.43972171 -3.33316158]
pos h  [ 7.0333939   9.98392881 10.25113813]
pos x  [ 8.2780689  10.44865389 10.42498151]
pos y  [ 6.61225845  8.59237739 10.4730885 ]
 mixed_cpl_forces: h [-12.95484056 -13.78353955   0.22569007]
 mixed_cpl_forces: x [9.90235159 3.69724718 1.38305846]
 mixed_cpl_forces: y [ 3.05248897 10.08629237 -1.60874853]
18:53:12-INFO: mixed forces h [ -3.79170677 -14.99338828   2.56174343]
18:53:12-INFO: mixed forces x [ 1.13692398 -0.49514898 -0.22861803]
18:53:12-INFO: mixed forces y [ 5.01564515 11.65088975 -2.38141979]
18:53:12-DEBUG: Minimum eigen value: 
18:53:12-DEBUG: 4909.24897616112
18:53:12-DEBUG: Minimum state: 
18:53:12-DEBUG: 0
        47     4909.2489761611     5059.3522421315     1075.2309269664     4910.9786048189      150.1032659704      0.50856815
ids [ 122  140  173  178  185  220  223  230  265  268  270  318  407  408
  225  412  413  414  415  416  417  418  419  420  421  422  423  424
  425 1074  427  428  429  430  431  432  433  434  435  436  437  439
  440  441  442  444  446  447  449  451  452  454  456  457  458  459
  460  461  462  463  464  465  466  467  468  469  470  471  472  473
  474  475  476  477  478  479  480  481  482  483  484  485  486  487
  488  489  491  492  494  496  497  499  502  505  506  507  508  509
  510  511  512  513  501  515  516  517  520  521  522  523  524  525
  526  527  528  530  531  532  536  537  539  541  558 1079  588  591
  803  949 1043 1044 1048 1049 1053 1059 1054  651  175  546]
ids [   5   48  139  234  238 1075  244  248 1040  258  259  985  378  533
  677 1038  682  683  684  685  686  687  688  689  690  691  692  694
  695  696  697  698  699  700  701  702  703  704  705  706  707  708
  709  710 1080  712  713  714  716  717  719  721  722  724  726  727
  728  729  730  731  732  733  734  735  736  737  738  739  740  784
  742  743  744  745  746  747  748  749  750  751  752  754  755  756
  757  759  761  762  763  764  766  767  769  772  773  774  775  776
  777  778  779  780  781  782  785  254  787  788  790  791  792  793
  795  796  797  921  800  802  805  806  807  811  828  876  801  771
  950  983  988  990 1028 1030 1033 1035  770  810]
ids [  6 102 107 108 112 117 118 123 133 183 228 103 310 313 315 320 353 355
 358 360 363 365 400 403 411 438 128 542 654 547 548 549 550 551 552 553
 554 555 556 557 559 560 562 563 564 565 566 567 568 569 570 571 572 573
 574 575 576 577 579 581 582 584 586 587 589 592 593 594 595 596 597 598
 599 600 601 602 603 604 605 606 607 608 609 610 611 612 613 614 615 616
 617 618 619 620 621 622 624 626 627 629 631 632 634 635 636 637 639 640
 641 642 645 646 647 648 650 426 652 653 655 656 657 658 660 661 662 665
 666 667 671 672 676 813 405 561]
ids [  7  38 936  43  45  82  84  87  92  94 129 134 274 368  89 384 398 399
 404 668 673 681 693 753 711 783 860 812 816 817 818 819 820 821 822 823
 824 825 826 827 829 830 831 832 833 834 835 836 837 838 839 840 841 842
 843 844 845 847 848 849 851 852 853 854 855 856 857 858 859 861 862 863
 864 865 866 867 868 869 870 871 872 873 874 875 946 877 878 879 880 881
 882 883 884 885 886 887 888 889 890 892 894 896 897 899 901 902 904 906
 907 908 910 911 912 915 916 917 920 924 922 923 925 926 927 948 930 931
 932 846 935 937 939 814 941 942 944 919 369  50 786 891 741 815]
ids [ 137  142  143  144  145  146  147  148  149  150  151  152  154  155
  157  158  159  160  161  162  163  164  165  166  167  169  170  679
  172  174  249  176  177  179  180  181  182  184  187  188  189  190
  191  192  193  194  195  196  197  198  199  200  202  203  204  205
  206  207  208  209  210  211  212  214  215  217  218  219  221  222
  224  201  226  227  229  232  233  235  236  237  240  241  242  243
  245 1073  247  250  251  252  253  231  255  256  257  260  276  262
  266  267  269  271  306  348 1078  393  396  410  443  445  448  450
  455  490  493  495  500  535  538  540  799  789  794  798  804  808
  809  918  933  216  321  239  264]
ids [   8   22   66   77   80   95  110 1064  138  263  273  503  504  518
  519  529  534  543  663  678  680  715  718  720  723  725  758  760
  765  768 1077  409  903  947  952  953  954  955  956  957  958  959
  960  961  962  963  964  965  967  968  969  970  971  972  973  974
  975  976  977  978  979  980  981  982  984 1076  986  987  989  991
  992  994  995  996  997  998  999 1000 1001 1002 1003 1004 1005 1006
 1007 1008 1009 1010 1011 1012 1013 1014 1015 1016 1017 1018 1019 1020
 1021 1022 1023 1024 1025 1026 1027 1029 1031 1032 1034 1036 1037 1039
 1041 1042 1045 1046 1047 1050 1051 1052 1081 1055 1056 1057 1058 1060
 1061 1062 1063 1065 1066 1067 1068 1069 1070 1071 1072  514  951   36
  966   51]
ids [127 141 153 156 168 186 379 213 928 171 272 929 277 278 279 280 281 282
 283 284 285 286 287 288 289 290 291 292 293 294 295 296 297 298 299 300
 301 302 303 304 305 307 308 309 311 312 314 316 317 319 261 322 323 324
 325 326 327 328 329 330 331 332 333 334 335 336 337 338 339 340 341 342
 343 344 345 346 347 349 350 351 352 354 356 357 359 361 362 364 366 367
 934 370 371 372 373 374 375 376 377 380 382 383 385 386 387 388 389 390
 391 392 394 395 397 401 402 381 406 453 498 545 578 580 583 585 590 623
 625 628 630 633 670 675 943 909 913 914 246 275]
ids [  1   2   3   4   9  10  11  12  13  14  15  16  17  18  19  20  21  23
  24  25  26  27  28  29  30  31  32  33  34  35 945  37  39  41  42  44
  46  47  49 940 900  52  53  54  55  56  57  58  59  60  61  62  63  64
  65  67  68  69  70  71  72  73  74  75  76  78  79  81  83  85  86  88
  40  90  91  93  96  97  98  99 100 101 125 104 105 106 109 111 113 114
 115 116 119 120 121 124 126 993 130 131 132 135 136 544 638 643 644 649
 905 659 664 669 674 898 850 938 893 895]
18:53:12-INFO: Step 48
18:53:12-DEBUG: Reaction systems: [[None]
 [0]]
18:53:12-DEBUG: rxn_pairs: [array([1, 2])]
18:53:12-DEBUG: Starting total colors: 5
18:53:12-DEBUG: Number of systems: 2
18:53:12-DEBUG: New total colors: 5
18:53:12-DEBUG: Potential energy for color 0: 4912.049543323108
ebond 48 4.995343276953786
18:53:12-DEBUG: Potential energy for color 1: 4914.381722593818
xhy 48 13 1 2
xhy 48 13 1 2
xhy 48 13 1 2
xhy 48 13 1 2
xhy 48 13 1 2
h_pos [ 7.02131384  9.9666605  10.25023269] x_pos [ 8.28082748 10.44365746 10.42504943] y_pos [ 6.61785563  8.59045175 10.47288749]
48 rHY 1.4513112042430192 rHX 1.358109560023123 0.09320164421989618
h_pos [ 7.02131384  9.9666605  10.25023269] x_pos [ 8.28082748 10.44365746 10.42504943] y_pos [ 6.61785563  8.59045175 10.47288749]
48 rHY 1.4513112042430192 rHX 1.358109560023123 0.09320164421989618
h_pos [ 7.02131384  9.9666605  10.25023269] x_pos [ 8.28082748 10.44365746 10.42504943] y_pos [ 6.61785563  8.59045175 10.47288749]
h_pos [ 7.02131384  9.9666605  10.25023269] x_pos [ 8.28082748 10.44365746 10.42504943] y_pos [ 6.61785563  8.59045175 10.47288749]
48 rHY 1.4513112042430192 rHX 1.358109560023123 0.09320164421989618
h_pos [ 7.02131384  9.9666605  10.25023269] x_pos [ 8.28082748 10.44365746 10.42504943] y_pos [ 6.61785563  8.59045175 10.47288749]
48 rHY 1.4513112042430192 rHX 1.358109560023123 0.09320164421989618
48 rHY 1.4513112042430192 rHX 1.358109560023123 0.09320164421989618
48 cpl_forces h [11.88787845 12.81567046 -0.24355364]
48 cpl_forces h [11.88787845 12.81567046 -0.24355364]
48 cpl_forces h [11.88787845 12.81567046 -0.24355364]
48 cpl_forces x [-9.14622854 -3.46381578 -1.26946928]
48 cpl_forces h [11.88787845 12.81567046 -0.24355364]
48 cpl_forces x [-9.14622854 -3.46381578 -1.26946928]
48 cpl_forces h [11.88787845 12.81567046 -0.24355364]
48 cpl_forces x [-9.14622854 -3.46381578 -1.26946928]
48 cpl_forces y [-2.74164991 -9.35185468  1.51302292]
48 cpl_forces y [-2.74164991 -9.35185468  1.51302292]
48 cpl_forces y [-2.74164991 -9.35185468  1.51302292]
48 cpl_forces x [-9.14622854 -3.46381578 -1.26946928]
48 cpl_forces x [-9.14622854 -3.46381578 -1.26946928]
48 cpl_forces y [-2.74164991 -9.35185468  1.51302292]
48 cpl_forces y [-2.74164991 -9.35185468  1.51302292]
18:53:12-DEBUG: System matrix: 
18:53:12-DEBUG: [[4.91204954e+03 3.30674291e+00]
 [3.30674291e+00 4.91438172e+03]]
18:53:12-DEBUG: Eigen values: 
18:53:12-DEBUG: [4909.70930814 4916.72195777]
18:53:12-DEBUG: Occupancies: 
18:53:12-DEBUG: [1. 0.]
18:53:12-INFO: coupling 48 3.3067429105988473
18:53:12-DEBUG: Amplitudes: 
18:53:12-DEBUG: [0.66628374 0.33371626]
18:53:12-INFO: forces0 h [16.07791829  6.59691     2.11876985]
18:53:12-INFO: forces0 x [-14.30275015  -6.17637068  -2.29945487]
18:53:12-INFO: forces0 y [ 0.2532303  -4.4433775   0.16453185]
18:53:12-INFO: forces1 h [ -7.28829553 -20.8367852    3.10856482]
18:53:12-INFO: forces1 x [3.71839551 0.23964942 0.02011629]
18:53:12-INFO: forces1 y [ 6.18752337 17.72624803 -3.24920608]
pos h  [ 7.02131384  9.9666605  10.25023269]
pos x  [ 8.28082748 10.44365746 10.42504943]
pos y  [ 6.61785563  8.59045175 10.47288749]
 mixed_cpl_forces: h [-11.21121398 -12.08619556   0.22969043]
 mixed_cpl_forces: x [8.62562027 3.26665351 1.19721041]
 mixed_cpl_forces: y [ 2.58559372  8.81954205 -1.42690084]
18:53:12-INFO: mixed forces h [ -2.93098108 -14.64435561   2.67877096]
18:53:12-INFO: mixed forces x [ 0.33681938 -0.76858697 -0.32816586]
18:53:12-INFO: mixed forces y [ 4.81919408 11.77452898 -2.40158883]
18:53:12-DEBUG: Minimum eigen value: 
18:53:12-DEBUG: 4909.70930814258
18:53:12-DEBUG: Minimum state: 
18:53:12-DEBUG: 0
        48     4909.7093081426     5059.3461765567     1071.8899931527     4912.0495433231      149.6368684141      0.50896100
ids [  1   2   3   4   9  10  11  12  13  14  15  16  17  18  19  20  21  23
  24  25  26  27  28  29  30  31  32  33  34  35 945  37  39  41  42  44
  46  47  49 940 900  52  53  54  55  56  57  58  59  60  61  62  63  64
  65  67  68  69  70  71  72  73  74  75  76  78  79  81  83  85  86  88
  40  90  91  93  96  97  98  99 100 101 125 104 105 106 109 111 113 114
 115 116 119 120 121 124 126 993 130 131 132 135 136 544 638 643 644 649
 905 659 664 669 674 898 850 938 893 895]
ids [127 141 153 156 168 186 379 213 928 171 272 929 277 278 279 280 281 282
 283 284 285 286 287 288 289 290 291 292 293 294 295 296 297 298 299 300
 301 302 303 304 305 307 308 309 311 312 314 316 317 319 261 322 323 324
 325 326 327 328 329 330 331 332 333 334 335 336 337 338 339 340 341 342
 343 344 345 346 347 349 350 351 352 354 356 357 359 361 362 364 366 367
 934 370 371 372 373 374 375 376 377 380 382 383 385 386 387 388 389 390
 391 392 394 395 397 401 402 381 406 453 498 545 578 580 583 585 590 623
 625 628 630 633 670 675 943 909 913 914 246 275]
ids [ 122  140  173  178  185  220  223  230  265  268  270  318  407  408
  225  412  413  414  415  416  417  418  419  420  421  422  423  424
  425 1074  427  428  429  430  431  432  433  434  435  436  437  439
  440  441  442  444  446  447  449  451  452  454  456  457  458  459
  460  461  462  463  464  465  466  467  468  469  470  471  472  473
  474  475  476  477  478  479  480  481  482  483  484  485  486  487
  488  489  491  492  494  496  497  499  502  505  506  507  508  509
  510  511  512  513  501  515  516  517  520  521  522  523  524  525
  526  527  528  530  531  532  536  537  539  541  558 1079  588  591
  803  949 1043 1044 1048 1049 1053 1059 1054  651  175  546]
ids [   5   48  139  234  238 1075  244  248 1040  258  259  985  378  533
  677 1038  682  683  684  685  686  687  688  689  690  691  692  694
  695  696  697  698  699  700  701  702  703  704  705  706  707  708
  709  710 1080  712  713  714  716  717  719  721  722  724  726  727
  728  729  730  731  732  733  734  735  736  737  738  739  740  784
  742  743  744  745  746  747  748  749  750  751  752  754  755  756
  757  759  761  762  763  764  766  767  769  772  773  774  775  776
  777  778  779  780  781  782  785  254  787  788  790  791  792  793
  795  796  797  921  800  802  805  806  807  811  828  876  801  771
  950  983  988  990 1028 1030 1033 1035  770  810]
ids [  6 102 107 108 112 117 118 123 133 183 228 103 310 313 315 320 353 355
 358 360 363 365 400 403 411 438 128 542 654 547 548 549 550 551 552 553
 554 555 556 557 559 560 562 563 564 565 566 567 568 569 570 571 572 573
 574 575 576 577 579 581 582 584 586 587 589 592 593 594 595 596 597 598
 599 600 601 602 603 604 605 606 607 608 609 610 611 612 613 614 615 616
 617 618 619 620 621 622 624 626 627 629 631 632 634 635 636 637 639 640
 641 642 645 646 647 648 650 426 652 653 655 656 657 658 660 661 662 665
 666 667 671 672 676 813 405 561]
ids [  7  38 936  43  45  82  84  87  92  94 129 134 274 368  89 384 398 399
 404 668 673 681 693 753 711 783 860 812 816 817 818 819 820 821 822 823
 824 825 826 827 829 830 831 832 833 834 835 836 837 838 839 840 841 842
 843 844 845 847 848 849 851 852 853 854 855 856 857 858 859 861 862 863
 864 865 866 867 868 869 870 871 872 873 874 875 946 877 878 879 880 881
 882 883 884 885 886 887 888 889 890 892 894 896 897 899 901 902 904 906
 907 908 910 911 912 915 916 917 920 924 922 923 925 926 927 948 930 931
 932 846 935 937 939 814 941 942 944 919 369  50 786 891 741 815]
ids [ 137  142  143  144  145  146  147  148  149  150  151  152  154  155
  157  158  159  160  161  162  163  164  165  166  167  169  170  679
  172  174  249  176  177  179  180  181  182  184  187  188  189  190
  191  192  193  194  195  196  197  198  199  200  202  203  204  205
  206  207  208  209  210  211  212  214  215  217  218  219  221  222
  224  201  226  227  229  232  233  235  236  237  240  241  242  243
  245 1073  247  250  251  252  253  231  255  256  257  260  276  262
  266  267  269  271  306  348 1078  393  396  410  443  445  448  450
  455  490  493  495  500  535  538  540  799  789  794  798  804  808
  809  918  933  216  321  239  264]
ids [   8   22   66   77   80   95  110 1064  138  263  273  503  504  518
  519  529  534  543  663  678  680  715  718  720  723  725  758  760
  765  768 1077  409  903  947  952  953  954  955  956  957  958  959
  960  961  962  963  964  965  967  968  969  970  971  972  973  974
  975  976  977  978  979  980  981  982  984 1076  986  987  989  991
  992  994  995  996  997  998  999 1000 1001 1002 1003 1004 1005 1006
 1007 1008 1009 1010 1011 1012 1013 1014 1015 1016 1017 1018 1019 1020
 1021 1022 1023 1024 1025 1026 1027 1029 1031 1032 1034 1036 1037 1039
 1041 1042 1045 1046 1047 1050 1051 1052 1081 1055 1056 1057 1058 1060
 1061 1062 1063 1065 1066 1067 1068 1069 1070 1071 1072  514  951   36
  966   51]
18:53:12-INFO: Step 49
18:53:12-DEBUG: Reaction systems: [[None]
 [0]]
18:53:12-DEBUG: rxn_pairs: [array([1, 2])]
18:53:12-DEBUG: Starting total colors: 5
18:53:12-DEBUG: Number of systems: 2
18:53:12-DEBUG: New total colors: 5
18:53:12-DEBUG: Potential energy for color 0: 4913.424629442457
ebond 49 4.466252682789291
18:53:12-DEBUG: Potential energy for color 1: 4914.811983446333
xhy 49 13 1 2
xhy 49 13 1 2
xhy 49 13 1 2
xhy 49 13 1 2
xhy 49 13 1 2
h_pos [ 7.00809718  9.94381702 10.25034286] x_pos [ 8.28359302 10.43864139 10.42510954] y_pos [ 6.62357101  8.58880916 10.47262903]
49 rHY 1.4259445397272978 rHX 1.3792331839353906 0.046711355791907216
h_pos [ 7.00809718  9.94381702 10.25034286] x_pos [ 8.28359302 10.43864139 10.42510954] y_pos [ 6.62357101  8.58880916 10.47262903]
49 rHY 1.4259445397272978 rHX 1.3792331839353906 0.046711355791907216
h_pos [ 7.00809718  9.94381702 10.25034286] x_pos [ 8.28359302 10.43864139 10.42510954] y_pos [ 6.62357101  8.58880916 10.47262903]
49 rHY 1.4259445397272978 rHX 1.3792331839353906 0.046711355791907216
h_pos [ 7.00809718  9.94381702 10.25034286] x_pos [ 8.28359302 10.43864139 10.42510954] y_pos [ 6.62357101  8.58880916 10.47262903]
h_pos [ 7.00809718  9.94381702 10.25034286] x_pos [ 8.28359302 10.43864139 10.42510954] y_pos [ 6.62357101  8.58880916 10.47262903]
49 rHY 1.4259445397272978 rHX 1.3792331839353906 0.046711355791907216
49 rHY 1.4259445397272978 rHX 1.3792331839353906 0.046711355791907216
49 cpl_forces h [ 6.55148216  7.17989212 -0.16001767]
49 cpl_forces h [ 6.55148216  7.17989212 -0.16001767]
49 cpl_forces h [ 6.55148216  7.17989212 -0.16001767]
49 cpl_forces x [-5.07239179 -1.96781751 -0.69501213]
49 cpl_forces x [-5.07239179 -1.96781751 -0.69501213]
49 cpl_forces h [ 6.55148216  7.17989212 -0.16001767]
49 cpl_forces x [-5.07239179 -1.96781751 -0.69501213]
49 cpl_forces h [ 6.55148216  7.17989212 -0.16001767]
49 cpl_forces y [-1.47909037 -5.21207462  0.8550298 ]
49 cpl_forces y [-1.47909037 -5.21207462  0.8550298 ]
49 cpl_forces y [-1.47909037 -5.21207462  0.8550298 ]
49 cpl_forces x [-5.07239179 -1.96781751 -0.69501213]
49 cpl_forces x [-5.07239179 -1.96781751 -0.69501213]
49 cpl_forces y [-1.47909037 -5.21207462  0.8550298 ]
49 cpl_forces y [-1.47909037 -5.21207462  0.8550298 ]
18:53:12-DEBUG: System matrix: 
18:53:12-DEBUG: [[4.91342463e+03 3.66943325e+00]
 [3.66943325e+00 4.91481198e+03]]
18:53:12-DEBUG: Eigen values: 
18:53:12-DEBUG: [4910.3838817  4917.85273118]
18:53:12-DEBUG: Occupancies: 
18:53:12-DEBUG: [1. 0.]
18:53:12-INFO: coupling 49 3.6694332472891995
18:53:12-DEBUG: Amplitudes: 
18:53:12-DEBUG: [0.59287602 0.40712398]
18:53:12-INFO: forces0 h [16.96897007  7.22436516  2.18177235]
18:53:12-INFO: forces0 x [-15.30167701  -6.65350351  -2.38746613]
18:53:12-INFO: forces0 y [ 0.20228489 -4.47481313  0.19442337]
18:53:12-INFO: forces1 h [ -6.55001645 -19.68784343   3.01556335]
18:53:12-INFO: forces1 x [ 3.25886066  0.15715643 -0.01492342]
18:53:12-INFO: forces1 y [ 5.68369693 16.73955133 -3.11731108]
pos h  [ 7.00809718  9.94381702 10.25034286]
pos x  [ 8.28359302 10.43864139 10.42510954]
pos y  [ 6.62357101  8.58880916 10.47262903]
 mixed_cpl_forces: h [-6.43746443 -7.05493796  0.15723283]
 mixed_cpl_forces: x [4.98411519 1.93357089 0.68291659]
 mixed_cpl_forces: y [ 1.45334924  5.12136707 -0.84014942]
18:53:12-INFO: mixed forces h [  0.9563622  -10.78717831   2.67846149]
18:53:12-INFO: mixed forces x [-2.76112183 -1.94714963 -0.73863051]
18:53:12-INFO: mixed forces y [ 3.88724843  9.28343046 -1.99401256]
18:53:12-DEBUG: Minimum eigen value: 
18:53:12-DEBUG: 4910.383881704314
18:53:12-DEBUG: Minimum state: 
18:53:12-DEBUG: 0
        49     4910.3838817043     5059.3953819574     1067.4103092294     4913.4246294425      149.0115002531      0.50660944
ids [  1   2   3   4   9  10  11  12  13  14  15  16  17  18  19  20  21  23
  24  25  26  27  28  29  30  31  32  33  34  35 945  37  39  41  42  44
  46  47  49 940 900  52  53  54  55  56  57  58  59  60  61  62  63  64
  65  67  68  69  70  71  72  73  74  75  76  78  79  81  83  85  86  88
  40  90  91  93  96  97  98  99 100 101 125 104 105 106 109 111 113 114
 115 116 119 120 121 124 126 993 130 131 132 135 136 895 638 643 644 649
 905 659 664 893 674 898 850 938]
ids [   8   22   66   77   80   95  110 1064  138  263  273  503  504  518
  519  529  534  543  663  678  680  715  718  720  723  725  758  760
  765  768 1077  409  903  947  952  953  954  955  956  957  958  959
  960  961  962  963  964  965  967  968  969  970  971  972  973  974
  975  976  977  978  979  980  981  982  984 1076  986  987  989  991
  992  994  995  996  997  998  999 1000 1001 1002 1003 1004 1005 1006
 1007 1008 1009 1010 1011 1012 1013 1014 1015 1016 1017 1018 1019 1020
 1021 1022 1023 1024 1025 1026 1027 1029 1031 1032 1034 1036 1037 1039
 1041 1042 1045 1046 1047 1050 1051 1052 1081 1055 1056 1057 1058 1060
 1061 1062 1063 1065 1066 1067 1068 1069 1070 1071 1072  514  951   36
  966   51]
ids [127 141 153 156 168 186 379 213 928 171 272 929 277 278 279 280 281 282
 283 284 285 286 287 288 289 290 291 292 293 294 295 296 297 298 299 300
 301 302 303 304 305 307 308 309 311 312 314 316 317 319 261 322 323 324
 325 326 327 328 329 330 331 332 333 334 335 336 337 338 339 340 341 342
 343 344 345 346 347 349 350 351 352 354 356 357 359 361 362 364 366 367
 934 370 371 372 373 374 375 376 377 380 382 383 385 386 387 388 389 390
 391 392 394 395 397 401 402 381 406 453 498 545 578 580 583 585 590 623
 625 628 630 633 275 675 943 909 913 914 246]
ids [ 122  140  173  178  185  220  223  230  265  268  270  318  407  408
  225  412  413  414  415  416  417  418  419  420  421  422  423  424
  425 1074  427  428  429  430  431  432  433  434  435  436  437  439
  440  441  442  444  446  447  449  451  452  454  456  457  458  459
  460  461  462  463  464  465  466  467  468  469  470  471  472  473
  474  475  476  477  478  479  480  481  482  483  484  485  486  487
  488  489  491  492  494  496  497  499  502  505  506  507  508  509
  510  511  512  513  501  515  516  517  520  521  522  523  524  525
  526  527  528  530  531  532  536  537  539  541  558 1079  588  591
  803  949 1043 1044 1048 1049 1053 1059 1054  651  175  546]
ids [   5   48  139  234  238 1075  244  248 1040  258  259  985  378  533
  677 1038  682  683  684  685  686  687  688  689  690  691  692  694
  695  696  697  698  699  700  701  702  703  704  705  706  707  708
  709  710 1080  712  713  714  716  717  719  721  722  724  726  727
  728  729  730  731  732  733  734  735  736  737  738  739  740  784
  742  743  744  745  746  747  748  749  750  751  752  754  755  756
  757  759  761  762  763  764  766  767  769  772  773  774  775  776
  777  778  779  780  781  782  785  254  787  788  790  791  792  793
  795  796  797  921  800  802  805  806  807  811  828  876  801  771
  950  983  988  990 1028 1030 1033 1035  770  810]
ids [  6 102 107 108 112 117 118 123 133 183 228 103 310 313 315 320 353 355
 358 360 363 365 400 403 411 438 128 542 654 547 548 549 550 551 552 553
 554 555 556 557 559 560 562 563 564 565 566 567 568 569 570 571 572 573
 574 575 576 577 579 581 582 584 586 587 589 592 593 594 595 596 597 598
 599 600 601 602 603 604 605 606 607 608 609 610 611 612 613 614 615 616
 617 618 619 620 621 622 624 626 627 629 631 632 634 635 636 637 639 640
 641 642 645 646 647 648 650 426 652 653 655 656 657 658 660 661 662 665
 666 667 671 672 676 813 405 561 670 544 669]
ids [  7  38 936  43  45  82  84  87  92  94 129 134 274 368  89 384 398 399
 404 668 673 681 693 753 711 783 860 812 816 817 818 819 820 821 822 823
 824 825 826 827 829 830 831 832 833 834 835 836 837 838 839 840 841 842
 843 844 845 847 848 849 851 852 853 854 855 856 857 858 859 861 862 863
 864 865 866 867 868 869 870 871 872 873 874 875 946 877 878 879 880 881
 882 883 884 885 886 887 888 889 890 892 894 896 897 899 901 902 904 906
 907 908 910 911 912 915 916 917 920 924 922 923 925 926 927 948 930 931
 932 846 935 937 939 814 941 942 944 919 369  50 786 891 741 815]
ids [ 137  142  143  144  145  146  147  148  149  150  151  152  154  155
  157  158  159  160  161  162  163  164  165  166  167  169  170  679
  172  174  249  176  177  179  180  181  182  184  187  188  189  190
  191  192  193  194  195  196  197  198  199  200  202  203  204  205
  206  207  208  209  210  211  212  214  215  217  218  219  221  222
  224  201  226  227  229  232  233  235  236  237  240  241  242  243
  245 1073  247  250  251  252  253  231  255  256  257  260  276  262
  266  267  269  271  306  348 1078  393  396  410  443  445  448  450
  455  490  493  495  500  535  538  540  799  789  794  798  804  808
  809  918  933  216  321  239  264]
18:53:12-INFO: Step 50
18:53:12-DEBUG: Reaction systems: [[None]
 [0]]
18:53:12-DEBUG: rxn_pairs: [array([1, 2])]
18:53:12-DEBUG: Starting total colors: 5
18:53:12-DEBUG: Number of systems: 2
18:53:12-DEBUG: New total colors: 5
18:53:12-DEBUG: Potential energy for color 0: 4915.076391774841
ebond 50 3.8738876770460684
18:53:12-DEBUG: Potential energy for color 1: 4915.39364535171
xhy 50 13 1 2
xhy 50 13 1 2
xhy 50 13 1 2
xhy 50 13 1 2
xhy 50 13 1 2
h_pos [ 6.99467349  9.91623447 10.25148862] x_pos [ 8.28631726 10.4335868  10.42515572] y_pos [ 6.62939081  8.58742022 10.4723179 ]
50 rHY 1.395687762994164 rHX 1.402197320213613 0.006509557219449125
h_pos [ 6.99467349  9.91623447 10.25148862] x_pos [ 8.28631726 10.4335868  10.42515572] y_pos [ 6.62939081  8.58742022 10.4723179 ]
50 rHY 1.395687762994164 rHX 1.402197320213613 0.006509557219449125
h_pos [ 6.99467349  9.91623447 10.25148862] x_pos [ 8.28631726 10.4335868  10.42515572] y_pos [ 6.62939081  8.58742022 10.4723179 ]
h_pos [ 6.99467349  9.91623447 10.25148862] x_pos [ 8.28631726 10.4335868  10.42515572] y_pos [ 6.62939081  8.58742022 10.4723179 ]
50 rHY 1.395687762994164 rHX 1.402197320213613 0.006509557219449125
50 rHY 1.395687762994164 rHX 1.402197320213613 0.006509557219449125
h_pos [ 6.99467349  9.91623447 10.25148862] x_pos [ 8.28631726 10.4335868  10.42515572] y_pos [ 6.62939081  8.58742022 10.4723179 ]
50 rHY 1.395687762994164 rHX 1.402197320213613 0.006509557219449125
50 cpl_forces h [-0.93563862 -1.04492465  0.02718534]
50 cpl_forces h [-0.93563862 -1.04492465  0.02718534]
50 cpl_forces h [-0.93563862 -1.04492465  0.02718534]
50 cpl_forces h [-0.93563862 -1.04492465  0.02718534]
50 cpl_forces x [0.72862042 0.29184011 0.09796617]
50 cpl_forces h [-0.93563862 -1.04492465  0.02718534]
50 cpl_forces x [0.72862042 0.29184011 0.09796617]
50 cpl_forces x [0.72862042 0.29184011 0.09796617]
50 cpl_forces x [0.72862042 0.29184011 0.09796617]
50 cpl_forces y [ 0.2070182   0.75308453 -0.12515151]
50 cpl_forces x [0.72862042 0.29184011 0.09796617]
50 cpl_forces y [ 0.2070182   0.75308453 -0.12515151]
50 cpl_forces y [ 0.2070182   0.75308453 -0.12515151]
50 cpl_forces y [ 0.2070182   0.75308453 -0.12515151]
50 cpl_forces y [ 0.2070182   0.75308453 -0.12515151]
18:53:12-DEBUG: System matrix: 
18:53:12-DEBUG: [[4.91507639e+03 3.79722465e+00]
 [3.79722465e+00 4.91539365e+03]]
18:53:12-DEBUG: Eigen values: 
18:53:12-DEBUG: [4911.43448209 4919.03555504]
18:53:12-DEBUG: Occupancies: 
18:53:12-DEBUG: [1. 0.]
18:53:12-INFO: coupling 50 3.7972246491470143
18:53:12-DEBUG: Amplitudes: 
18:53:12-DEBUG: [0.520869 0.479131]
18:53:12-INFO: forces0 h [17.93457268  8.03326922  2.22033133]
18:53:12-INFO: forces0 x [-16.35225035  -7.22719535  -2.46575056]
18:53:12-INFO: forces0 y [ 0.13085241 -4.60111257  0.2391112 ]
18:53:12-INFO: forces1 h [ -5.81155301 -18.32780672   2.87405956]
18:53:12-INFO: forces1 x [ 2.83396107  0.08545728 -0.04541515]
18:53:12-INFO: forces1 y [ 5.14820183 15.52409697 -2.94138404]
pos h  [ 6.99467349  9.91623447 10.25148862]
pos x  [ 8.28631726 10.4335868  10.42515572]
pos y  [ 6.62939081  8.58742022 10.4723179 ]
 mixed_cpl_forces: h [ 0.9348233   1.04401409 -0.02716165]
 mixed_cpl_forces: x [-0.7279855 -0.2915858 -0.0978808]
 mixed_cpl_forces: y [-0.2068378  -0.75242829  0.12504245]
18:53:12-INFO: mixed forces h [ 7.49189102 -3.55312538  2.50639114]
18:53:12-INFO: mixed forces x [-7.88752717 -4.01506258 -1.40397364]
18:53:12-INFO: mixed forces y [ 2.32798226  4.28907093 -1.15972021]
18:53:12-DEBUG: Minimum eigen value: 
18:53:12-DEBUG: 4911.434482088763
18:53:12-DEBUG: Minimum state: 
18:53:12-DEBUG: 0
        50     4911.4344820888     5059.5199085250     1060.7765880903     4915.0763917748      148.0854264363      0.47274560
ids [  1   2   3   4   9  10  11  12  13  14  15  16  17  18  19  20  21  23
  24  25  26  27  28  29  30  31  32  33  34  35 945  37  39  41  42  44
  46  47  49 940 900  52  53  54  55  56  57  58  59  60  61  62  63  64
  65  67  68  69  70  71  72  73  74  75  76  78  79  81  83  85  86  88
  40  90  91  93  96  97  98  99 100 101 125 104 105 106 109 111 113 114
 115 116 119 120 121 124 126 993 130 131 132 135 136 895 638 643 644 649
 905 659 664 893 674 898 850 938]
ids [ 137  142  143  144  145  146  147  148  149  150  151  152  154  155
  157  158  159  160  161  162  163  164  165  166  167  169  170  679
  172  174  249  176  177  179  180  181  182  184  187  188  189  190
  191  192  193  194  195  196  197  198  199  200  202  203  204  205
  206  207  208  209  210  211  212  214  215  217  218  219  221  222
  224  201  226  227  229  232  233  235  236  237  240  241  242  243
  245 1073  247  250  251  252  253  231  255  256  257  260  276  262
  266  267  269  271  306  348 1078  393  396  410  443  445  448  450
  455  490  493  495  500  535  538  540  799  789  794  798  804  808
  809  918  933  216  321  239  264  366]
ids [   8   22   66   77   80   95  110 1064  138  263  273  503  504  518
  519  529  534  543  663  678  680  715  718  720  723  725  758  760
  765  768 1077  409  903  947  952  953  954  955  956  957  958  959
  960  961  962  963  964  965  967  968  969  970  971  972  973  974
  975  976  977  978  979  980  981  982  984 1076  986  987  989  991
  992  994  995  996  997  998  999 1000 1001 1002 1003 1004 1005 1006
 1007 1008 1009 1010 1011 1012 1013 1014 1015 1016 1017 1018 1019 1020
 1021 1022 1023 1024 1025 1026 1027 1029 1031 1032 1034 1036 1037 1039
 1041 1042 1045 1046 1047 1050 1051 1052 1081 1055 1056 1057 1058 1060
 1061 1062 1063 1065 1066 1067 1068 1069 1070 1071 1072  514  951   36
  966   51]
ids [127 141 153 156 168 186 379 213 928 171 272 929 277 278 279 280 281 282
 283 284 285 286 287 288 289 290 291 292 293 294 295 296 297 298 299 300
 301 302 303 304 305 307 308 309 311 312 314 316 317 319 261 322 323 324
 325 326 327 328 329 330 331 332 333 334 335 336 337 338 339 340 341 342
 343 344 345 346 347 349 350 351 352 354 356 357 359 361 362 364 246 367
 934 370 371 372 373 374 375 376 377 380 382 383 385 386 387 388 389 390
 391 392 394 395 397 401 402 381 406 453 498 545 578 580 583 585 590 623
 625 628 630 633 275 675 943 909 913 914]
ids [ 122  140  173  178  185  220  223  230  265  268  270  318  407  408
  225  412  413  414  415  416  417  418  419  420  421  422  423  424
  425 1074  427  428  429  430  431  432  433  434  435  436  437  439
  440  441  442  444  446  447  449  451  452  454  456  457  458  459
  460  461  462  463  464  465  466  467  468  469  470  471  472  473
  474  475  476  477  478  479  480  481  482  483  484  485  486  487
  488  489  491  492  494  496  497  499  502  505  506  507  508  509
  510  511  512  513  501  515  516  517  520  521  522  523  524  525
  526  527  528  530  531  532  536  537  539  541  558 1079  588  591
  803  949 1043 1044 1048 1049 1053 1059 1054  651  175  546]
ids [   5   48  139  234  238 1075  244  248 1040  258  259  985  378  533
  677 1038  682  683  684  685  686  687  688  689  690  691  692  694
  695  696  697  698  699  700  701  702  703  704  705  706  707  708
  709  710 1080  712  713  714  716  717  719  721  722  724  726  727
  728  729  730  731  732  733  734  735  736  737  738  739  740  784
  742  743  744  745  746  747  748  749  750  751  752  754  755  756
  757  759  761  762  763  764  766  767  769  772  773  774  775  776
  777  778  779  780  781  782  785  254  787  788  790  791  792  793
  795  796  797  921  800  802  805  806  807  811  828  876  801  771
  950  983  988  990 1028 1030 1033 1035  770  810]
ids [  6 102 107 108 112 117 118 123 133 183 228 103 310 313 315 320 353 355
 358 360 363 365 400 403 411 438 128 542 654 547 548 549 550 551 552 553
 554 555 556 557 559 560 562 563 564 565 566 567 568 569 570 571 572 573
 574 575 576 577 579 581 582 584 586 587 589 592 593 594 595 596 597 598
 599 600 601 602 603 604 605 606 607 608 609 610 611 612 613 614 615 616
 617 618 619 620 621 622 624 626 627 629 631 632 634 635 636 637 639 640
 641 642 645 646 647 648 650 426 652 653 655 656 657 658 660 661 662 665
 666 667 671 672 676 813 405 561 670 544 669]
ids [  7  38 936  43  45  82  84  87  92  94 129 134 274 368  89 384 398 399
 404 668 673 681 693 753 711 783 860 812 816 817 818 819 820 821 822 823
 824 825 826 827 829 830 831 832 833 834 835 836 837 838 839 840 841 842
 843 844 845 847 848 849 851 852 853 854 855 856 857 858 859 861 862 863
 864 865 866 867 868 869 870 871 872 873 874 875 946 877 878 879 880 881
 882 883 884 885 886 887 888 889 890 892 894 896 897 899 901 902 904 906
 907 908 910 911 912 915 916 917 920 924 922 923 925 926 927 948 930 931
 932 846 935 937 939 814 941 942 944 919 369  50 786 891 741 815]
18:53:12-INFO: Step 51
18:53:12-DEBUG: Reaction systems: [[None]
 [0]]
18:53:12-DEBUG: rxn_pairs: [array([1, 2])]
18:53:12-DEBUG: Starting total colors: 5
18:53:12-DEBUG: Number of systems: 2
18:53:12-DEBUG: New total colors: 5
18:53:12-DEBUG: Potential energy for color 0: 4916.940636654159
ebond 51 3.2845310213211953
18:53:12-DEBUG: Potential energy for color 1: 4916.175914093623
xhy 51 13 1 2
xhy 51 13 1 2
xhy 51 13 1 2
xhy 51 13 1 2
xhy 51 13 1 2
h_pos [ 6.98304841  9.88606662 10.25363237] x_pos [ 8.28890037 10.42845336 10.42517511] y_pos [ 6.63528472  8.58619349 10.47196926]
h_pos [ 6.98304841  9.88606662 10.25363237] x_pos [ 8.28890037 10.42845336 10.42517511] y_pos [ 6.63528472  8.58619349 10.47196926]
51 rHY 1.3631877058771138 rHX 1.4243804401193816 0.06119273424226779
h_pos [ 6.98304841  9.88606662 10.25363237] x_pos [ 8.28890037 10.42845336 10.42517511] y_pos [ 6.63528472  8.58619349 10.47196926]
51 rHY 1.3631877058771138 rHX 1.4243804401193816 0.06119273424226779
h_pos [ 6.98304841  9.88606662 10.25363237] x_pos [ 8.28890037 10.42845336 10.42517511] y_pos [ 6.63528472  8.58619349 10.47196926]
51 rHY 1.3631877058771138 rHX 1.4243804401193816 0.06119273424226779
51 cpl_forces h [-8.21258842 -9.35099625  0.27844804]
51 rHY 1.3631877058771138 rHX 1.4243804401193816 0.06119273424226779
h_pos [ 6.98304841  9.88606662 10.25363237] x_pos [ 8.28890037 10.42845336 10.42517511] y_pos [ 6.63528472  8.58619349 10.47196926]
51 rHY 1.3631877058771138 rHX 1.4243804401193816 0.06119273424226779
51 cpl_forces h [-8.21258842 -9.35099625  0.27844804]
51 cpl_forces h [-8.21258842 -9.35099625  0.27844804]
51 cpl_forces h [-8.21258842 -9.35099625  0.27844804]
51 cpl_forces x [6.42478675 2.66854073 0.84398962]
51 cpl_forces y [ 1.78780167  6.68245552 -1.12243767]
51 cpl_forces x [6.42478675 2.66854073 0.84398962]
51 cpl_forces y [ 1.78780167  6.68245552 -1.12243767]
51 cpl_forces x [6.42478675 2.66854073 0.84398962]
51 cpl_forces y [ 1.78780167  6.68245552 -1.12243767]
51 cpl_forces h [-8.21258842 -9.35099625  0.27844804]
51 cpl_forces x [6.42478675 2.66854073 0.84398962]
51 cpl_forces x [6.42478675 2.66854073 0.84398962]
51 cpl_forces y [ 1.78780167  6.68245552 -1.12243767]
51 cpl_forces y [ 1.78780167  6.68245552 -1.12243767]
18:53:12-DEBUG: System matrix: 
18:53:12-DEBUG: [[4.91694064e+03 3.57882889e+00]
 [3.57882889e+00 4.91617591e+03]]
18:53:12-DEBUG: Eigen values: 
18:53:12-DEBUG: [4920.15747201 4912.95907874]
18:53:12-DEBUG: Occupancies: 
18:53:12-DEBUG: [0. 1.]
18:53:12-INFO: coupling 51 3.5788288935308135
18:53:12-DEBUG: Amplitudes: 
18:53:12-DEBUG: [0.44688241 0.55311759]
18:53:12-INFO: forces0 h [18.87181645  8.99401142  2.21790082]
18:53:12-INFO: forces0 x [-17.3416638   -7.84248079  -2.52208555]
18:53:12-INFO: forces0 y [ 0.03225758 -4.84459984  0.30307388]
18:53:12-INFO: forces1 h [ -5.14089864 -16.87418632   2.69544313]
18:53:12-INFO: forces1 x [ 2.46598413  0.02922072 -0.06843568]
18:53:12-INFO: forces1 y [ 4.6318271  14.19442144 -2.73550096]
pos h  [ 6.98304841  9.88606662 10.25363237]
pos x  [ 8.28890037 10.42845336 10.42517511]
pos y  [ 6.63528472  8.58619349 10.47196926]
 mixed_cpl_forces: h [ 8.16611365  9.29807926 -0.27687232]
 mixed_cpl_forces: x [-6.38842909 -2.65343955 -0.83921351]
 mixed_cpl_forces: y [-1.77768456 -6.64463972  1.11608583]
18:53:12-INFO: mixed forces h [13.75607507  3.98393557  2.20516555]
18:53:12-INFO: mixed forces x [-12.77413446  -6.14194379  -2.00414217]
18:53:12-INFO: mixed forces y [ 0.79867581 -0.95842205 -0.26152948]
reaction would have occurred
18:53:12-DEBUG: Minimum eigen value: 
18:53:12-DEBUG: 4912.95907874161
18:53:12-DEBUG: Minimum state: 
18:53:12-DEBUG: 0
        51     4912.9590787416     5059.6606145985     1050.8633997200     4916.9406366542      146.7015358568      0.50911473
ids [  1   2   3   4   9  10  11  12  13  14  15  16  17  18  19  20  21  23
  24  25  26  27  28  29  30  31  32  33  34  35 945  37  39  41  42  44
  46  47  49 940 900  52  53  54  55  56  57  58  59  60  61  62  63  64
  65  67  68  69  70  71  72  73  74  75  76  78  79  81  83  85  86  88
  40  90  91  93  96  97  98  99 100 101 125 104 105 106 109 111 113 114
 115 116 119 120 121 124 126 993 130 131 132 135 136 895 638 643 644 649
 905 659 664 893 674 898 850 938]
ids [  7  38 936  43  45  82  84  87  92  94 129 134 274 368  89 384 398 399
 404 668 673 681 693 753 711 783 860 812 816 817 818 819 820 821 822 823
 824 825 826 827 829 830 831 832 833 834 835 836 837 838 839 840 841 842
 843 844 845 847 848 849 851 852 853 854 855 856 857 858 859 861 862 863
 864 865 866 867 868 869 870 871 872 873 874 875 946 877 878 879 880 881
 882 883 884 885 886 887 888 889 890 892 894 896 897 899 901 902 904 906
 907 908 910 911 912 915 916 917 920 924 922 923 925 926 927 948 930 931
 932 846 935 937 939 814 941 942 944 919 369  50 786 891 741 815]
ids [ 137  142  143  144  145  146  147  148  149  150  151  152  154  155
  157  158  159  160  161  162  163  164  165  166  167  169  170  679
  172  174  249  176  177  179  180  181  182  184  187  188  189  190
  191  192  193  194  195  196  197  198  199  200  202  203  204  205
  206  207  208  209  210  211  212  214  215  217  218  219  221  222
  224  201  226  227  229  232  233  235  236  237  240  241  242  243
  245 1073  247  250  251  252  253  231  255  256  257  260  276  262
  266  267  269  271  306  348 1078  393  396  410  443  445  448  450
  366  490  493  495  500  535  538  540  799  789  794  798  804  808
  809  918  933  216  321  239  264]
ids [   8   22   66   77   80   95  110 1064  138  263  273  503  504  518
  519  529  534  543  663  678  680  715  718  720  723  725  758  760
  765  768 1077  409  903  947  952  953  954  955  956  957  958  959
  960  961  962  963  964  965  967  968  969  970  971  972  973  974
  975  976  977  978  979  980  981  982  984 1076  986  987  989  991
  992  994  995  996  997  998  999 1000 1001 1002 1003 1004 1005 1006
 1007 1008 1009 1010 1011 1012 1013 1014 1015 1016 1017 1018 1019 1020
 1021 1022 1023 1024 1025 1026 1027 1029 1031 1032 1034 1036 1037 1039
 1041 1042 1045 1046 1047 1050 1051 1052 1081 1055 1056 1057 1058 1060
 1061 1062 1063 1065 1066 1067 1068 1069 1070 1071 1072  514  951   36
  966   51]
ids [127 141 153 156 168 186 379 213 928 171 272 929 277 278 279 280 281 282
 283 284 285 286 287 288 289 290 291 292 293 294 295 296 297 298 299 300
 301 302 303 304 305 307 308 309 311 312 314 316 317 319 261 322 323 324
 325 326 327 328 329 330 331 332 333 334 335 336 337 338 339 340 341 342
 343 344 345 346 347 349 350 351 352 354 356 357 359 361 362 364 246 367
 934 370 371 372 373 374 375 376 377 380 382 383 385 386 387 388 389 390
 391 392 394 395 397 401 402 381 406 453 498 545 578 580 583 585 590 623
 625 628 630 633 275 675 943 909 913 914]
ids [ 122  140  173  178  185  220  223  230  265  268  270  318  407  408
  225  412  413  414  415  416  417  418  419  420  421  422  423  424
  425 1074  427  428  429  430  431  432  433  434  435  436  437  439
  440  441  442  444  446  447  449  451  452  454  456  457  458  459
  460  461  462  463  464  465  466  467  468  469  470  471  472  473
  474  475  476  477  478  479  480  481  482  483  484  485  486  487
  488  489  491  492  494  496  497  499  502  505  506  507  508  509
  510  511  512  513  501  515  516  517  520  521  522  523  524  525
  526  527  528  530  531  532  536  537  539  541  558 1079  588  591
  803  949 1043 1044 1048 1049 1053 1059 1054  651  175  546  455]
ids [   5   48  139  234  238 1075  244  248 1040  258  259  985  378  533
  677 1038  682  683  684  685  686  687  688  689  690  691  692  694
  695  696  697  698  699  700  701  702  703  704  705  706  707  708
  709  710 1080  712  713  714  716  717  719  721  722  724  726  727
  728  729  730  731  732  733  734  735  736  737  738  739  740  784
  742  743  744  745  746  747  748  749  750  751  752  754  755  756
  757  759  761  762  763  764  766  767  769  772  773  774  775  776
  777  778  779  780  781  782  785  254  787  788  790  791  792  793
  795  796  797  921  800  802  805  806  807  811  828  876  801  771
  950  983  988  990 1028 1030 1033 1035  770  810]
ids [  6 102 107 108 112 117 118 123 133 183 228 103 310 313 315 320 353 355
 358 360 363 365 400 403 411 438 128 542 654 547 548 549 550 551 552 553
 554 555 556 557 559 560 562 563 564 565 566 567 568 569 570 571 572 573
 574 575 576 577 579 581 582 584 586 587 589 592 593 594 595 596 597 598
 599 600 601 602 603 604 605 606 607 608 609 610 611 612 613 614 615 616
 617 618 619 620 621 622 624 626 627 629 631 632 634 635 636 637 639 640
 641 642 645 646 647 648 650 426 652 653 655 656 657 658 660 661 662 665
 666 667 671 672 676 813 405 561 670 544 669]
18:53:12-INFO: Step 52
18:53:12-DEBUG: Reaction systems: [[None]
 [0]]
18:53:12-DEBUG: rxn_pairs: [array([1, 2])]
18:53:12-DEBUG: Starting total colors: 5
18:53:12-DEBUG: Number of systems: 2
18:53:12-DEBUG: New total colors: 5
18:53:12-DEBUG: Potential energy for color 0: 4918.923506477742
ebond 52 2.762722606695573
18:53:12-DEBUG: Potential energy for color 1: 4917.203710574426
xhy 52 13 1 2
xhy 52 13 1 2
xhy 52 13 1 2
xhy 52 13 1 2
xhy 52 13 1 2
h_pos [ 6.97566203  9.85616463 10.25667585] x_pos [ 8.29122229 10.42318997 10.4251527 ] y_pos [ 6.64121517  8.58500401 10.47160425]
52 rHY 1.3318777186119055 rHX 1.4424288419447402 0.11055112333283468
h_pos [ 6.97566203  9.85616463 10.25667585] x_pos [ 8.29122229 10.42318997 10.4251527 ] y_pos [ 6.64121517  8.58500401 10.47160425]
52 rHY 1.3318777186119055 rHX 1.4424288419447402 0.11055112333283468
h_pos [ 6.97566203  9.85616463 10.25667585] x_pos [ 8.29122229 10.42318997 10.4251527 ] y_pos [ 6.64121517  8.58500401 10.47160425]
52 rHY 1.3318777186119055 rHX 1.4424288419447402 0.11055112333283468
h_pos [ 6.97566203  9.85616463 10.25667585] x_pos [ 8.29122229 10.42318997 10.4251527 ] y_pos [ 6.64121517  8.58500401 10.47160425]
h_pos [ 6.97566203  9.85616463 10.25667585] x_pos [ 8.29122229 10.42318997 10.4251527 ] y_pos [ 6.64121517  8.58500401 10.47160425]
52 rHY 1.3318777186119055 rHX 1.4424288419447402 0.11055112333283468
52 rHY 1.3318777186119055 rHX 1.4424288419447402 0.11055112333283468
52 cpl_forces h [-12.85840888 -14.89649457   0.49272967]
52 cpl_forces h [-12.85840888 -14.89649457   0.49272967]
52 cpl_forces h [-12.85840888 -14.89649457   0.49272967]
52 cpl_forces x [10.08245259  4.34568169  1.29120648]
52 cpl_forces h [-12.85840888 -14.89649457   0.49272967]
52 cpl_forces x [10.08245259  4.34568169  1.29120648]
52 cpl_forces h [-12.85840888 -14.89649457   0.49272967]
52 cpl_forces x [10.08245259  4.34568169  1.29120648]
52 cpl_forces y [ 2.77595628 10.55081288 -1.78393615]
52 cpl_forces x [10.08245259  4.34568169  1.29120648]
52 cpl_forces x [10.08245259  4.34568169  1.29120648]
52 cpl_forces y [ 2.77595628 10.55081288 -1.78393615]
52 cpl_forces y [ 2.77595628 10.55081288 -1.78393615]
52 cpl_forces y [ 2.77595628 10.55081288 -1.78393615]
52 cpl_forces y [ 2.77595628 10.55081288 -1.78393615]
18:53:12-DEBUG: System matrix: 
18:53:12-DEBUG: [[4.91892351e+03 3.12490418e+00]
 [3.12490418e+00 4.91720371e+03]]
18:53:12-DEBUG: Eigen values: 
18:53:12-DEBUG: [4921.30466555 4914.82255151]
18:53:12-DEBUG: Occupancies: 
18:53:12-DEBUG: [0. 1.]
18:53:12-INFO: coupling 52 3.124904178523835
18:53:12-DEBUG: Amplitudes: 
18:53:12-DEBUG: [0.36734298 0.63265702]
18:53:12-INFO: forces0 h [19.64894876 10.03030175  2.16197715]
18:53:12-INFO: forces0 x [-18.13096407  -8.41853233  -2.54425876]
18:53:12-INFO: forces0 y [-0.09689717 -5.20574903  0.38680654]
18:53:12-INFO: forces1 h [ -4.59965053 -15.47774794   2.50018482]
18:53:12-INFO: forces1 x [ 2.16691689 -0.00961369 -0.08293564]
18:53:12-INFO: forces1 y [ 4.19021238 12.90167944 -2.52087023]
pos h  [ 6.97566203  9.85616463 10.25667585]
pos x  [ 8.29122229 10.42318997 10.4251527 ]
pos y  [ 6.64121517  8.58500401 10.47160425]
 mixed_cpl_forces: h [12.39758985 14.36263473 -0.47507125]
 mixed_cpl_forces: x [-9.72111815 -4.18994136 -1.24493229]
 mixed_cpl_forces: y [ -2.6764717  -10.17269337   1.72000353]
18:53:12-INFO: mixed forces h [16.70549197  8.2550897   1.90087537]
18:53:12-INFO: mixed forces x [-15.01048528  -7.28851226  -2.23201769]
18:53:12-INFO: mixed forces y [-0.0610989  -3.92265061  0.26724794]
reaction would have occurred
18:53:12-DEBUG: Minimum eigen value: 
18:53:12-DEBUG: 4914.822551505262
18:53:12-DEBUG: Minimum state: 
18:53:12-DEBUG: 0
        52     4914.8225515053     5059.7324165770     1038.0291697208     4918.9235064777      144.9098650717      0.51321366
ids [  1   2   3   4   9  10  11  12  13  14  15  16  17  18  19  20  21  23
  24  25  26  27  28  29  30  31  32  33  34  35 945  37  39  41  42  44
  46  47  49 940 900  52  53  54  55  56  57  58  59  60  61  62  63  64
  65  67  68  69  70  71  72  73  74  75  76  78  79  81  83  85  86  88
  40  90  91  93  96  97  98  99 100 101 125 104 105 106 109 111 113 114
 115 116 119 120 121 124 126 993 130 131 132 135 136 895 638 643 644 649
 905 659 664 893 674 898 850 938]
ids [  6 102 107 108 112 117 118 123 133 183 228 103 310 313 315 320 353 355
 358 360 363 365 400 403 411 438 128 542 654 547 548 549 550 551 552 553
 554 555 556 557 559 560 562 563 564 565 566 567 568 569 570 571 572 573
 574 575 576 577 579 581 582 584 586 587 589 592 593 594 595 596 597 598
 599 600 601 602 603 604 605 606 607 608 609 610 611 612 613 614 615 616
 617 618 619 620 621 622 624 626 627 629 631 632 634 635 636 637 639 640
 641 642 645 646 647 648 650 426 652 653 655 656 657 658 660 661 662 665
 666 667 671 672 676 813 405 561 670 544 669 590]
ids [  7  38 936  43  45  82  84  87  92  94 129 134 274 368  89 384 398 399
 404 668 673 681 693 753 711 783 860 812 816 817 818 819 820 821 822 823
 824 825 826 827 829 830 831 832 833 834 835 836 837 838 839 840 841 842
 843 844 845 847 848 849 851 852 853 854 855 856 857 858 859 861 862 863
 864 865 866 867 868 869 870 871 872 873 874 875 946 877 878 879 880 881
 882 883 884 885 886 887 888 889 890 892 894 896 897 899 901 902 904 906
 907 908 910 911 912 915 916 917 920 924 922 923 925 926 927 948 930 931
 932 846 935 937 939 814 941 942 944 919 369  50 786 891 741 815]
ids [ 137  142  143  144  145  146  147  148  149  150  151  152  154  155
  157  158  159  160  161  162  163  164  165  166  167  169  170  679
  172  174  249  176  177  179  180  181  182  184  187  188  189  190
  191  192  193  194  195  196  197  198  199  200  202  203  204  205
  206  207  208  209  210  211  212  214  215  217  218  219  221  222
  224  201  226  227  229  232  233  235  236  237  240  241  242  243
  245 1073  247  250  251  252  253  231  255  256  257  260  276  262
  266  267  269  271  306  348 1078  393  396  410  443  445  448  450
  366  490  493  495  500  535  538  540  799  789  794  798  264  808
  809  918  933  216  321  239  259]
ids [   8   22   66   77   80   95  110 1064  138  263  273  503  504  518
  519  529  534  543  663  678  680  715  718  720  723  725  758  760
  765  768 1077  409  903  947  952  953  954  955  956  957  958  959
  960  961  962  963  964  965  967  968  969  970  971  972  973  974
  975  976  977  978  979  980  981  982  984 1076  986  987  989  991
  992  994  995  996  997  998  999 1000 1001 1002 1003 1004 1005 1006
 1007 1008 1009 1010 1011 1012 1013 1014 1015 1016 1017 1018 1019 1020
 1021 1022 1023 1024 1025 1026 1027 1029 1031 1032 1034 1036 1037 1039
 1041 1042 1045 1046 1047 1050 1051 1052 1081 1055 1056 1057 1058 1060
 1061 1062 1063 1065 1066 1067 1068 1069 1070 1071 1072  514  951   36
  966   51]
ids [127 141 153 156 168 186 379 213 928 171 272 929 277 278 279 280 281 282
 283 284 285 286 287 288 289 290 291 292 293 294 295 296 297 298 299 300
 301 302 303 304 305 307 308 309 311 312 314 316 317 319 261 322 323 324
 325 326 327 328 329 330 331 332 333 334 335 336 337 338 339 340 341 342
 343 344 345 346 347 349 350 351 352 354 356 357 359 361 362 364 246 367
 934 370 371 372 373 374 375 376 377 380 382 383 385 386 387 388 389 390
 391 392 394 395 397 401 402 381 406 453 498 545 578 580 583 585 914 623
 625 628 630 633 275 675 943 909 913]
ids [ 122  140  173  178  185  220  223  230  265  268  270  318  407  408
  225  412  413  414  415  416  417  418  419  420  421  422  423  424
  425 1074  427  428  429  430  431  432  433  434  435  436  437  439
  440  441  442  444  446  447  449  451  452  454  456  457  458  459
  460  461  462  463  464  465  466  467  468  469  470  471  472  473
  474  475  476  477  478  479  480  481  482  483  484  485  486  487
  488  489  491  492  494  496  497  499  502  505  506  507  508  509
  510  511  512  513  501  515  516  517  520  521  522  523  524  525
  526  527  528  530  531  532  536  537  539  541  558 1079  588  591
  803  949 1043 1044 1048 1049 1053 1059 1054  651  175  546  455]
ids [   5   48  139  234  238 1075  244  248 1040  258  810  985  378  533
  677 1038  682  683  684  685  686  687  688  689  690  691  692  694
  695  696  697  698  699  700  701  702  703  704  705  706  707  708
  709  710 1080  712  713  714  716  717  719  721  722  724  726  727
  728  729  730  731  732  733  734  735  736  737  738  739  740  784
  742  743  744  745  746  747  748  749  750  751  752  754  755  756
  757  759  761  762  763  764  766  767  769  772  773  774  775  776
  777  778  779  780  781  782  785  254  787  788  790  791  792  793
  795  796  797  921  800  802  805  806  807  811  828  876  801  771
  950  983  988  990 1028 1030 1033 1035  770  804]
18:53:12-INFO: Step 53
18:53:12-DEBUG: Reaction systems: [[None]
 [0]]
18:53:12-DEBUG: rxn_pairs: [array([1, 2])]
18:53:12-DEBUG: Starting total colors: 5
18:53:12-DEBUG: Number of systems: 2
18:53:12-DEBUG: New total colors: 5
18:53:12-DEBUG: Potential energy for color 0: 4920.935083949996
ebond 53 2.3424409881651322
18:53:12-DEBUG: Potential energy for color 1: 4918.488911969076
xhy 53 13 1 2
xhy 53 13 1 2
xhy 53 13 1 2
xhy 53 13 1 2
xhy 53 13 1 2
h_pos [ 6.97424413  9.82879903 10.26049314] x_pos [ 8.2931995  10.41775761 10.42507893] y_pos [ 6.64715295  8.58375128 10.47124032]
h_pos [ 6.97424413  9.82879903 10.26049314] x_pos [ 8.2931995  10.41775761 10.42507893] y_pos [ 6.64715295  8.58375128 10.47124032]
53 rHY 1.3044335554438011 rHX 1.4538239075428638 0.1493903520990627
h_pos [ 6.97424413  9.82879903 10.26049314] x_pos [ 8.2931995  10.41775761 10.42507893] y_pos [ 6.64715295  8.58375128 10.47124032]
53 rHY 1.3044335554438011 rHX 1.4538239075428638 0.1493903520990627
h_pos [ 6.97424413  9.82879903 10.26049314] x_pos [ 8.2931995  10.41775761 10.42507893] y_pos [ 6.64715295  8.58375128 10.47124032]
h_pos [ 6.97424413  9.82879903 10.26049314] x_pos [ 8.2931995  10.41775761 10.42507893] y_pos [ 6.64715295  8.58375128 10.47124032]
53 rHY 1.3044335554438011 rHX 1.4538239075428638 0.1493903520990627
53 rHY 1.3044335554438011 rHX 1.4538239075428638 0.1493903520990627
53 rHY 1.3044335554438011 rHX 1.4538239075428638 0.1493903520990627
53 cpl_forces h [-14.71833188 -17.28070877   0.61458501]
53 cpl_forces x [11.53118247  5.1490665   1.43891812]
53 cpl_forces h [-14.71833188 -17.28070877   0.61458501]
53 cpl_forces x [11.53118247  5.1490665   1.43891812]
53 cpl_forces h [-14.71833188 -17.28070877   0.61458501]
53 cpl_forces h [-14.71833188 -17.28070877   0.61458501]
53 cpl_forces h [-14.71833188 -17.28070877   0.61458501]
53 cpl_forces x [11.53118247  5.1490665   1.43891812]
53 cpl_forces x [11.53118247  5.1490665   1.43891812]
53 cpl_forces y [ 3.18714941 12.13164226 -2.05350313]
53 cpl_forces y [ 3.18714941 12.13164226 -2.05350313]
53 cpl_forces x [11.53118247  5.1490665   1.43891812]
53 cpl_forces y [ 3.18714941 12.13164226 -2.05350313]
53 cpl_forces y [ 3.18714941 12.13164226 -2.05350313]
53 cpl_forces y [ 3.18714941 12.13164226 -2.05350313]
18:53:12-DEBUG: System matrix: 
18:53:12-DEBUG: [[4.92093508e+03 2.65878379e+00]
 [2.65878379e+00 4.91848891e+03]]
18:53:12-DEBUG: Eigen values: 
18:53:12-DEBUG: [4922.63861214 4916.78538377]
18:53:12-DEBUG: Occupancies: 
18:53:12-DEBUG: [0. 1.]
18:53:12-INFO: coupling 53 2.6587837914156864
18:53:12-DEBUG: Amplitudes: 
18:53:12-DEBUG: [0.29104079 0.70895921]
18:53:12-INFO: forces0 h [20.16671623 11.04364713  2.05242009]
18:53:12-INFO: forces0 x [-18.62030426  -8.88560962  -2.52598897]
18:53:12-INFO: forces0 y [-0.25463729 -5.65257801  0.48433697]
18:53:12-INFO: forces1 h [ -4.21642975 -14.25539948   2.30853714]
18:53:12-INFO: forces1 x [ 1.9357258  -0.03221142 -0.0896662 ]
18:53:12-INFO: forces1 y [ 3.85711586 11.76584524 -2.3167375 ]
pos h  [ 6.97424413  9.82879903 10.26049314]
pos x  [ 8.2931995  10.41775761 10.42507893]
pos y  [ 6.64715295  8.58375128 10.47124032]
 mixed_cpl_forces: h [13.37137722 15.69925705 -0.55834099]
 mixed_cpl_forces: x [-10.4759012   -4.6778474   -1.30723489]
 mixed_cpl_forces: y [ -2.89547602 -11.02140965   1.86557588]
18:53:12-INFO: mixed forces h [16.25143747  8.80691201  1.67565564]
18:53:12-INFO: mixed forces x [-14.52281858  -7.28675881  -2.10597038]
18:53:12-INFO: mixed forces y [-0.23504803 -4.32503603  0.3640653 ]
reaction would have occurred
18:53:12-DEBUG: Minimum eigen value: 
18:53:12-DEBUG: 4916.785383774243
18:53:12-DEBUG: Minimum state: 
18:53:12-DEBUG: 0
        53     4916.7853837742     5059.7361485397     1023.9955960691     4920.9350839500      142.9507647654      0.50617072
ids [  1   2   3   4   9  10  11  12  13  14  15  16  17  18  19  20  21  23
  24  25  26  27  28  29  30  31  32  33  34  35 945  37  39  41  42  44
  46  47  49 940 900  52  53  54  55  56  57  58  59  60  61  62  63  64
  65  67  68  69  70  71  72  73  74  75  76  78  79  81  83  85  86  88
  40  90  91  93  96  97  98  99 100 101 125 104 105 106 109 111 113 114
 115 116 119 120 121 124 126 993 130 131 132 135 136 895 638 643 644 649
 905 659 664 893 674 898 850 938]
ids [   5   48  139  234  238 1075  244  248 1040  258  810  985  378  533
  677 1038  682  683  684  685  686  687  688  689  690  691  692  694
  695  696  697  698  699  700  701  702  703  704  705  706  707  708
  709  710 1080  712  713  714  716  717  719  721  722  724  726  727
  728  729  730  731  732  733  734  735  736  737  738  739  740  784
  742  743  744  745  746  747  748  749  750  751  752  754  755  756
  757  759  761  762  763  764  766  767  769  772  773  774  775  776
  777  778  779  780  781  782  785  254  787  788  790  791  792  793
  795  796  797  921  800  802  805  806  807  811  828  876  801  771
  950  983  988  990 1028 1030 1033 1035  770  804]
ids [  6 102 107 108 112 117 118 123 133 183 228 103 310 313 315 320 353 355
 358 360 363 365 400 403 411 438 128 542 654 547 548 549 550 551 552 553
 554 555 556 557 559 560 562 563 564 565 566 567 568 569 570 571 572 573
 574 575 576 577 579 581 582 584 586 587 589 592 593 594 595 596 597 598
 599 600 601 602 603 604 605 606 607 608 609 610 611 612 613 614 615 616
 617 618 619 620 621 622 624 626 627 629 631 632 634 635 636 637 639 640
 641 642 645 646 647 648 650 426 652 653 655 656 657 658 660 661 662 665
 666 667 671 672 676 813 405 561 670 544 669 590]
ids [  7  38 936  43  45  82  84  87  92  94 129 134 274 368  89 384 398 399
 404 668 673 681 693 753 711 783 860 812 816 817 818 819 820 821 822 823
 824 825 826 827 829 830 831 832 833 834 835 836 837 838 839 840 841 842
 843 844 845 847 848 849 851 852 853 854 855 856 857 858 859 861 862 863
 864 865 866 867 868 869 870 871 872 873 874 875 946 877 878 879 880 881
 882 883 884 885 886 887 888 889 890 892 894 896 897 899 901 902 904 906
 907 908 910 911 912 915 916 917 920 924 922 923 925 926 927 948 930 931
 932 846 935 937 939 814 941 942 944 919 369  50 786 891 741 815]
ids [ 137  142  143  144  145  146  147  148  149  150  151  152  154  155
  157  158  159  160  161  162  163  164  165  166  167  169  170  679
  172  174  249  176  177  179  180  181  182  184  187  188  189  190
  191  192  193  194  195  196  197  198  199  200  202  203  204  205
  206  207  208  209  210  211  212  214  215  217  218  219  221  222
  224  201  226  227  229  232  233  235  236  237  240  241  242  243
  245 1073  247  250  251  252  253  231  255  256  257  260  276  262
  266  267  269  271  306  348 1078  393  396  410  443  445  448  450
  366  186  493  495  500  535  538  540  799  789  794  798  264  808
  809  918  933  216  321  239  259]
ids [   8   22   66   77   80   95  110 1064  138  263  273  503  504  518
  519  529  534  543  663  678  680  715  718  720  723  725  758  760
  765  768 1077  409  903  947  952  953  954  955  956  957  958  959
  960  961  962  963  964  965  967  968  969  970  971  972  973  974
  975  976  977  978  979  980  981  982  984 1076  986  987  989  991
  992  994  995  996  997  998  999 1000 1001 1002 1003 1004 1005 1006
 1007 1008 1009 1010 1011 1012 1013 1014 1015 1016 1017 1018 1019 1020
 1021 1022 1023 1024 1025 1026 1027 1029 1031 1032 1034 1036 1037 1039
 1041 1042 1045 1046 1047 1050 1051 1052 1081 1055 1056 1057 1058 1060
 1061 1062 1063 1065 1066 1067 1068 1069 1070 1071 1072  514  951   36
  966   51]
ids [127 141 153 156 168 913 379 213 928 171 272 929 277 278 279 280 281 282
 283 284 285 286 287 288 289 290 291 292 293 294 295 296 297 298 299 300
 301 302 303 304 305 307 308 309 311 312 314 316 317 319 261 322 323 324
 325 326 327 328 329 330 331 332 333 334 335 336 337 338 339 340 341 342
 343 344 345 346 347 349 350 351 352 354 356 357 359 361 362 364 246 367
 934 370 371 372 373 374 375 376 377 380 382 383 385 386 387 388 389 390
 391 392 394 395 397 401 402 381 406 453 498 545 578 580 583 585 914 623
 625 628 630 633 275 675 943 909]
ids [ 122  140  173  178  185  220  223  230  265  268  270  318  407  408
  225  412  413  414  415  416  417  418  419  420  421  422  423  424
  425 1074  427  428  429  430  431  432  433  434  435  436  437  439
  440  441  442  444  446  447  449  451  452  454  456  457  458  459
  460  461  462  463  464  465  466  467  468  469  470  471  472  473
  474  475  476  477  478  479  480  481  482  483  484  485  486  487
  488  489  491  492  494  496  497  499  502  505  506  507  508  509
  510  511  512  513  501  515  516  517  520  521  522  523  524  525
  526  527  528  530  531  532  536  537  539  541  558 1079  588  591
  803  949 1043 1044 1048 1049 1053 1059 1054  651  175  546  455  490]
18:53:12-INFO: Step 54
18:53:12-DEBUG: Reaction systems: [[None]
 [0]]
18:53:12-DEBUG: rxn_pairs: [array([1, 2])]
18:53:12-DEBUG: Starting total colors: 5
18:53:12-DEBUG: Number of systems: 2
18:53:12-DEBUG: New total colors: 5
18:53:12-DEBUG: Potential energy for color 0: 4922.919984864262
ebond 54 2.0232030934568823
18:53:12-DEBUG: Potential energy for color 1: 4920.007375307946
xhy 54 13 1 2
xhy 54 13 1 2
xhy 54 13 1 2
xhy 54 13 1 2
xhy 54 13 1 2
h_pos [ 6.9792219   9.8048869  10.26497283] x_pos [ 8.29481452 10.41214378 10.42495304] y_pos [ 6.65308526  8.58239367 10.47088518]
54 rHY 1.2818949670192412 rHX 1.457785488519702 0.1758905215004607
h_pos [ 6.9792219   9.8048869  10.26497283] x_pos [ 8.29481452 10.41214378 10.42495304] y_pos [ 6.65308526  8.58239367 10.47088518]
h_pos [ 6.9792219   9.8048869  10.26497283] x_pos [ 8.29481452 10.41214378 10.42495304] y_pos [ 6.65308526  8.58239367 10.47088518]
54 rHY 1.2818949670192412 rHX 1.457785488519702 0.1758905215004607
h_pos [ 6.9792219   9.8048869  10.26497283] x_pos [ 8.29481452 10.41214378 10.42495304] y_pos [ 6.65308526  8.58239367 10.47088518]
54 rHY 1.2818949670192412 rHX 1.457785488519702 0.1758905215004607
h_pos [ 6.9792219   9.8048869  10.26497283] x_pos [ 8.29481452 10.41214378 10.42495304] y_pos [ 6.65308526  8.58239367 10.47088518]
54 rHY 1.2818949670192412 rHX 1.457785488519702 0.1758905215004607
54 rHY 1.2818949670192412 rHX 1.457785488519702 0.1758905215004607
54 cpl_forces h [-15.08220523 -17.86358231   0.66344336]
54 cpl_forces h [-15.08220523 -17.86358231   0.66344336]
54 cpl_forces h [-15.08220523 -17.86358231   0.66344336]
54 cpl_forces h [-15.08220523 -17.86358231   0.66344336]
54 cpl_forces x [11.76536378  5.43070709  1.43070533]
54 cpl_forces x [11.76536378  5.43070709  1.43070533]
54 cpl_forces x [11.76536378  5.43070709  1.43070533]
54 cpl_forces h [-15.08220523 -17.86358231   0.66344336]
54 cpl_forces x [11.76536378  5.43070709  1.43070533]
54 cpl_forces y [ 3.31684145 12.43287522 -2.09414869]
54 cpl_forces y [ 3.31684145 12.43287522 -2.09414869]
54 cpl_forces x [11.76536378  5.43070709  1.43070533]
54 cpl_forces y [ 3.31684145 12.43287522 -2.09414869]
54 cpl_forces y [ 3.31684145 12.43287522 -2.09414869]
54 cpl_forces y [ 3.31684145 12.43287522 -2.09414869]
18:53:12-DEBUG: System matrix: 
18:53:12-DEBUG: [[4.92291998e+03 2.31624844e+00]
 [2.31624844e+00 4.92000738e+03]]
18:53:12-DEBUG: Eigen values: 
18:53:12-DEBUG: [4924.19970465 4918.72765552]
18:53:12-DEBUG: Occupancies: 
18:53:12-DEBUG: [0. 1.]
18:53:12-INFO: coupling 54 2.316248439523457
18:53:12-DEBUG: Amplitudes: 
18:53:12-DEBUG: [0.23386482 0.76613518]
18:53:12-INFO: forces0 h [20.39386547 11.95201367  1.9007311 ]
18:53:12-INFO: forces0 x [-18.78351901  -9.21199924  -2.46846932]
18:53:12-INFO: forces0 y [-0.43545007 -6.13343504  0.58543261]
18:53:12-INFO: forces1 h [ -3.98508506 -13.25256421   2.13232489]
18:53:12-INFO: forces1 x [ 1.763817   -0.04085222 -0.09011447]
18:53:12-INFO: forces1 y [ 3.63571398 10.83547613 -2.13333007]
pos h  [ 6.9792219   9.8048869  10.26497283]
pos x  [ 8.29481452 10.41214378 10.42495304]
pos y  [ 6.65308526  8.58239367 10.47088518]
 mixed_cpl_forces: h [12.7682093  15.12285201 -0.56165419]
 mixed_cpl_forces: x [-9.96025614 -4.59749776 -1.21119855]
 mixed_cpl_forces: y [ -2.80795316 -10.52535425   1.77285274]
18:53:12-INFO: mixed forces h [14.48450313  7.76475189  1.51650906]
18:53:12-INFO: mixed forces x [-13.00173819  -6.78315863  -1.85752655]
18:53:12-INFO: mixed forces y [-0.12434123 -3.65830949  0.27534561]
reaction would have occurred
18:53:12-DEBUG: Minimum eigen value: 
18:53:12-DEBUG: 4918.727655517413
18:53:12-DEBUG: Minimum state: 
18:53:12-DEBUG: 0
        54     4918.7276555174     5059.7233770112     1009.9910840710     4922.9199848643      140.9957214938      0.49085091
ids [  1   2   3   4   9  10  11  12  13  14  15  16  17  18  19  20  21  23
  24  25  26  27  28  29  30  31  32  33  34  35 945  37  39  41  42  44
  46  47  49 940 900  52  53  54  55  56  57  58  59  60  61  62  63  64
  65  67  68  69  70  71  72  73  74  75  76  78  79  81  83  85  86  88
  40  90  91  93  96  97  98  99 100 101 125 104 105 106 109 111 113 114
 115 116 119 120 121 124 126 993 130 131 132 135 136 895 638 643 644 649
 905 659 664 893 674 898 850 938]
ids [ 122  140  173  178  185  220  223  230  265  268  270  318  407  408
  225  412  413  414  415  416  417  418  419  420  421  422  423  424
  425 1074  427  428  429  430  431  432  433  434  435  436  437  439
  440  441  442  444  446  447  449  451  452  454  456  457  458  459
  460  461  462  463  464  465  466  467  468  469  470  471  472  473
  474  475  476  477  478  479  480  481  482  483  484  485  486  487
  488  489  491  492  494  496  497  499  502  505  506  507  508  509
  510  511  512  513  501  515  516  517  520  521  522  523  524  525
  526  527  528  530  531  532  536  537  539  541  558 1079  588  591
  803  949 1043 1044 1048 1049 1053 1059 1054  651  175  546  455  490]
ids [   5   48  139  234  238 1075  244  248 1040  258  810  985  378  533
  677 1038  682  683  684  685  686  687  688  689  690  691  692  694
  695  696  697  698  699  700  701  702  703  704  705  706  707  708
  709  710 1080  712  713  714  716  717  719  721  722  724  726  727
  728  729  730  731  732  733  734  735  736  737  738  739  740  784
  742  743  744  745  746  747  748  749  750  751  752  754  755  756
  757  759  761  762  763  764  766  767  769  772  773  774  775  776
  777  778  779  780  781  782  785  254  787  788  790  791  792  793
  795  796  797  921  800  802  805  806  807  811  828  876  801  771
  950  983  988  990 1028 1030 1033 1035  770  804]
ids [  6 102 107 108 112 117 118 123 133 183 228 103 310 313 315 320 353 355
 358 360 363 365 400 403 411 438 128 542 654 547 548 549 550 551 552 553
 554 555 556 557 559 560 562 563 564 565 566 567 568 569 570 571 572 573
 574 575 576 577 579 581 582 584 586 587 589 592 593 594 595 596 597 598
 599 600 601 602 603 604 605 606 607 608 609 610 611 612 613 614 615 616
 617 618 619 620 621 622 624 626 627 629 631 632 634 635 636 637 639 640
 641 642 645 646 647 648 650 426 652 653 655 656 657 658 660 661 662 665
 666 667 671 672 676 813 405 561 670 544 669 590]
ids [  7  38 936  43  45  82  84  87  92  94 129 134 274 368  89 384 398 399
 404 668 673 681 693 753 711 783 860 812 816 817 818 819 820 821 822 823
 824 825 826 827 829 830 831 832 833 834 835 836 837 838 839 840 841 842
 843 844 845 847 848 849 851 852 853 854 855 856 857 858 859 861 862 863
 864 865 866 867 868 869 870 871 872 873 874 875 946 877 878 879 880 881
 882 883 884 885 886 887 888 889 890 892 894 896 897 899 901 902 904 906
 907 908 910 911 912 915 916 917 920 924 922 923 925 926 927 948 930 931
 932 846 935 937 939 814 941 942 944 919 369  50 786 891 741 815]
ids [ 137  142  143  144  145  146  147  148  149  150  151  152  154  155
  157  158  159  160  161  162  163  164  165  166  167  169  170  679
  172  174  249  176  177  179  180  181  182  184  187  188  189  190
  191  192  193  194  195  196  197  198  199  200  202  203  204  205
  206  207  208  209  210  211  212  214  215  217  218  219  221  222
  224  201  226  227  229  232  233  235  236  237  240  241  242  243
  245 1073  247  250  251  252  253  231  255  256  257  260  276  262
  266  267  269  271  306  348 1078  393  396  410  443  445  448  450
  366  186  493  495  500  535  538  540  799  789  794  798  264  808
  809  918  933  216  321  239  259]
ids [   8   22   66   77   80   95  110 1064  138  263  273  503  504  518
  519  529  534  543  663  678  680  715  718  720  723  725  758  760
  765  768 1077  409  903  947  952  953  954  955  956  957  958  959
  960  961  962  963  964  965  967  968  969  970  971  972  973  974
  975  976  977  978  979  980  981  982  984 1076  986  987  989  991
  992  994  995  996  997  998  999 1000 1001 1002 1003 1004 1005 1006
 1007 1008 1009 1010 1011 1012 1013 1014 1015 1016 1017 1018 1019 1020
 1021 1022 1023 1024 1025 1026 1027 1029 1031 1032 1034 1036 1037 1039
 1041 1042 1045 1046 1047 1050 1051 1052 1081 1055 1056 1057 1058 1060
 1061 1062 1063 1065 1066 1067 1068 1069 1070 1071 1072  514  951   36
  966   51]
ids [127 141 153 156 168 913 379 213 928 171 272 929 277 278 279 280 281 282
 283 284 285 286 287 288 289 290 291 292 293 294 295 296 297 298 299 300
 301 302 303 304 305 307 308 309 311 312 314 316 317 319 261 322 323 324
 325 326 327 328 329 330 331 332 333 334 335 336 337 338 339 340 341 342
 343 344 345 346 347 349 350 351 352 354 356 357 359 361 362 364 246 367
 934 370 371 372 373 374 375 376 377 380 382 383 385 386 387 388 389 390
 391 392 394 395 397 401 402 381 406 453 498 545 578 580 583 585 914 623
 625 628 630 633 275 675 943 909]
18:53:12-INFO: Step 55
18:53:12-DEBUG: Reaction systems: [[None]
 [0]]
18:53:12-DEBUG: rxn_pairs: [array([1, 2])]
18:53:12-DEBUG: Starting total colors: 5
18:53:12-DEBUG: Number of systems: 2
18:53:12-DEBUG: New total colors: 5
18:53:12-DEBUG: Potential energy for color 0: 4924.856340905537
ebond 55 1.7877113303670076
18:53:12-DEBUG: Potential energy for color 1: 4921.717502225496
xhy 55 13 1 2
xhy 55 13 1 2
xhy 55 13 1 2
xhy 55 13 1 2
xhy 55 13 1 2
h_pos [ 6.99011549  9.78431451 10.27003343] x_pos [ 8.29609553 10.40635628 10.42478003] y_pos [ 6.65901105  8.58093395 10.47053897]
55 rHY 1.2641033966573743 rHX 1.454808014342357 0.1907046176849827
h_pos [ 6.99011549  9.78431451 10.27003343] x_pos [ 8.29609553 10.40635628 10.42478003] y_pos [ 6.65901105  8.58093395 10.47053897]
55 rHY 1.2641033966573743 rHX 1.454808014342357 0.1907046176849827
h_pos [ 6.99011549  9.78431451 10.27003343] x_pos [ 8.29609553 10.40635628 10.42478003] y_pos [ 6.65901105  8.58093395 10.47053897]
h_pos [ 6.99011549  9.78431451 10.27003343] x_pos [ 8.29609553 10.40635628 10.42478003] y_pos [ 6.65901105  8.58093395 10.47053897]
55 rHY 1.2641033966573743 rHX 1.454808014342357 0.1907046176849827
h_pos [ 6.99011549  9.78431451 10.27003343] x_pos [ 8.29609553 10.40635628 10.42478003] y_pos [ 6.65901105  8.58093395 10.47053897]
55 rHY 1.2641033966573743 rHX 1.454808014342357 0.1907046176849827
55 cpl_forces h [-15.0271959  -17.87696581   0.6770338 ]
55 cpl_forces h [-15.0271959  -17.87696581   0.6770338 ]
55 rHY 1.2641033966573743 rHX 1.454808014342357 0.1907046176849827
55 cpl_forces h [-15.0271959  -17.87696581   0.6770338 ]
55 cpl_forces h [-15.0271959  -17.87696581   0.6770338 ]
55 cpl_forces x [11.63296145  5.54081055  1.3783987 ]
55 cpl_forces x [11.63296145  5.54081055  1.3783987 ]
55 cpl_forces h [-15.0271959  -17.87696581   0.6770338 ]
55 cpl_forces x [11.63296145  5.54081055  1.3783987 ]
55 cpl_forces y [ 3.39423445 12.33615525 -2.0554325 ]
55 cpl_forces x [11.63296145  5.54081055  1.3783987 ]
55 cpl_forces x [11.63296145  5.54081055  1.3783987 ]
55 cpl_forces y [ 3.39423445 12.33615525 -2.0554325 ]
55 cpl_forces y [ 3.39423445 12.33615525 -2.0554325 ]
55 cpl_forces y [ 3.39423445 12.33615525 -2.0554325 ]
55 cpl_forces y [ 3.39423445 12.33615525 -2.0554325 ]
18:53:12-DEBUG: System matrix: 
18:53:12-DEBUG: [[4.92485634e+03 2.12348034e+00]
 [2.12348034e+00 4.92171750e+03]]
18:53:12-DEBUG: Eigen values: 
18:53:12-DEBUG: [4925.92742262 4920.64642051]
18:53:12-DEBUG: Occupancies: 
18:53:12-DEBUG: [0. 1.]
18:53:12-INFO: coupling 55 2.1234803443275294
18:53:12-DEBUG: Amplitudes: 
18:53:12-DEBUG: [0.20281789 0.79718211]
18:53:12-INFO: forces0 h [20.34867197 12.70413366  1.72265116]
18:53:12-INFO: forces0 x [-18.64638853  -9.39778354  -2.37709608]
18:53:12-INFO: forces0 y [-0.63285809 -6.59704502  0.67974896]
18:53:12-INFO: forces1 h [ -3.88433126 -12.4628451    1.97496154]
18:53:12-INFO: forces1 x [ 1.64248795 -0.0368184  -0.08554673]
18:53:12-INFO: forces1 y [ 3.51186799 10.10552226 -1.97280171]
pos h  [ 6.99011549  9.78431451 10.27003343]
pos x  [ 8.29609553 10.40635628 10.42478003]
pos y  [ 6.65901105  8.58093395 10.47053897]
 mixed_cpl_forces: h [12.08481058 14.37658409 -0.54446786]
 mixed_cpl_forces: x [-9.35518087 -4.45589759 -1.1085027 ]
 mixed_cpl_forces: y [-2.72962971 -9.9206865   1.65297056]
18:53:12-INFO: mixed forces h [13.11536596  7.01805258  1.37932062]
18:53:12-INFO: mixed forces x [-11.82764008  -6.39128721  -1.65881664]
18:53:12-INFO: mixed forces y [-0.05838633 -3.20274373  0.21815359]
reaction would have occurred
18:53:12-DEBUG: Minimum eigen value: 
18:53:12-DEBUG: 4920.646420507464
18:53:12-DEBUG: Minimum state: 
18:53:12-DEBUG: 0
        55     4920.6464205075     5059.7182632627      996.2098121840     4924.8563409055      139.0718427552      0.51524585
ids [  1   2   3   4   9  10  11  12  13  14  15  16  17  18  19  20  21  23
  24  25  26  27  28  29  30  31  32  33  34  35 945  37  39  41  42  44
  46  47  49 940 900  52  53  54  55  56  57  58  59  60  61  62  63  64
  65  67  68  69  70  71  72  73  74  75  76  78  79  81  83  85  86  88
  40  90  91  93  96  97  98  99 100 101 125 104 105 106 109 111 113 114
 115 116 119 120 121 124 126 993 130 131 132 135 136 895 638 643 644 649
 905 659 664 893 674 898 850 938   7]
ids [127 141 153 156 168 913 379 213 928 171 272 929 277 278 279 280 281 282
 283 284 285 286 287 288 289 290 291 292 293 294 295 296 297 298 299 300
 301 302 303 304 305 307 308 309 311 312 314 316 317 319 261 322 323 324
 325 326 327 328 329 330 331 332 333 334 335 336 337 338 339 340 341 342
 343 344 345 346 347 349 350 351 352 354 356 357 359 361 362 364 246 367
 934 370 371 372 373 374 375 376 377 380 382 383 385 386 387 388 389 390
 391 392 394 395 397 401 402 381 406 453 498 545 578 580 583 585 914 623
 625 628 630 633 275 675 943 909]
ids [ 122  140  173  178  185  220  223  230  265  268  270  318  407  408
  225  412  413  414  415  416  417  418  419  420  421  422  423  424
  425 1074  427  428  429  430  431  432  433  434  435  436  437  439
  440  441  442  444  446  447  449  451  452  454  456  457  458  459
  460  461  462  463  464  465  466  467  468  469  470  471  472  473
  474  475  476  477  478  479  480  481  482  483  484  485  486  487
  488  489  491  492  494  496  497  499  502  505  506  507  508  509
  510  511  512  513  501  515  516  517  520  521  522  523  524  525
  526  527  528  530  531  532  536  537  539  541  558 1079  588  591
  803  949 1043 1044 1048 1049 1053 1059 1054  651  175  546  455  490
  666]
ids [   5   48  139  234  238 1075  244  248 1040  258  810  985  378  533
  677 1038  682  683  684  685  686  687  688  689  690  691  692  694
  695  696  697  698  699  700  701  702  703  704  705  706  707  708
  709  710 1080  712  713  714  716  717  719  721  722  724  726  727
  728  729  730  731  732  733  734  735  736  737  738  739  740  784
  742  743  744  745  746  747  748  749  750  751  752  754  755  756
  757  759  761  762  763  764  766  767  769  772  773  774  775  776
  777  778  779  780  781  782  785  254  787  788  790  791  792  793
  795  796  797  921  800  802  805  806  807  811  828  876  801  771
  950  983  988  990 1028 1030 1033 1035  770  804]
ids [  6 102 107 108 112 117 118 123 133 183 228 103 310 313 315 320 353 355
 358 360 363 365 400 403 411 438 128 542 654 547 548 549 550 551 552 553
 554 555 556 557 559 560 562 563 564 565 566 567 568 569 570 571 572 573
 574 575 576 577 579 581 582 584 586 587 589 592 593 594 595 596 597 598
 599 600 601 602 603 604 605 606 607 608 609 610 611 612 613 614 615 616
 617 618 619 620 621 622 624 626 627 629 631 632 634 635 636 637 639 640
 641 642 645 646 647 648 650 426 652 653 655 656 657 658 660 661 662 665
 590 667 671 672 676 813 405 561 670 544 669]
ids [815  38 936  43  45  82  84  87  92  94 129 134 274 368  89 384 398 399
 404 668 673 681 693 753 711 783 860 812 816 817 818 819 820 821 822 823
 824 825 826 827 829 830 831 832 833 834 835 836 837 838 839 840 841 842
 843 844 845 847 848 849 851 852 853 854 855 856 857 858 859 861 862 863
 864 865 866 867 868 869 870 871 872 873 874 875 946 877 878 879 880 881
 882 883 884 885 886 887 888 889 890 892 894 896 897 899 901 902 904 906
 907 908 910 911 912 915 916 917 920 924 922 923 925 926 927 948 930 931
 932 846 935 937 939 814 941 942 944 919 369  50 786 891 741]
ids [ 137  142  143  144  145  146  147  148  149  150  151  152  154  155
  157  158  159  160  161  162  163  164  165  166  167  169  170  679
  172  174  249  176  177  179  180  181  182  184  187  188  189  190
  191  192  193  194  195  196  197  198  199  200  202  203  204  205
  206  207  208  209  210  211  212  214  215  217  218  219  221  222
  224  201  226  227  229  232  233  235  236  237  240  241  242  243
  245 1073  247  250  251  252  253  231  255  256  257  260  276  262
  266  267  269  271  306  348 1078  393  396  410  443  445  448  450
  366  186  493  495  500  535  538  540  799  789  794  798  264  808
  809  918  933  216  321  239  259]
ids [   8   22   66   77   80   95  110 1064  138  263  273  503  504  518
  519  529  534  543  663  678  680  715  718  720  723  725  758  760
  765  768 1077  409  903  947  952  953  954  955  956  957  958  959
  960  961  962  963  964  965  967  968  969  970  971  972  973  974
  975  976  977  978  979  980  981  982  984 1076  986  987  989  991
  992  994  995  996  997  998  999 1000 1001 1002 1003 1004 1005 1006
 1007 1008 1009 1010 1011 1012 1013 1014 1015 1016 1017 1018 1019 1020
 1021 1022 1023 1024 1025 1026 1027 1029 1031 1032 1034 1036 1037 1039
 1041 1042 1045 1046 1047 1050 1051 1052 1081 1055 1056 1057 1058 1060
 1061 1062 1063 1065 1066 1067 1068 1069 1070 1071 1072  514  951   36
  966   51]
18:53:12-INFO: Step 56
18:53:12-DEBUG: Reaction systems: [[None]
 [0]]
18:53:12-DEBUG: rxn_pairs: [array([1, 2])]
18:53:12-DEBUG: Starting total colors: 5
18:53:12-DEBUG: Number of systems: 2
18:53:12-DEBUG: New total colors: 5
18:53:12-DEBUG: Potential energy for color 0: 4926.7344677211595
ebond 56 1.6192707211083195
18:53:12-DEBUG: Potential energy for color 1: 4923.578202185624
xhy 56 13 1 2
xhy 56 13 1 2
xhy 56 13 1 2
xhy 56 13 1 2
xhy 56 13 1 2
h_pos [ 7.00627367  9.76671022 10.27561329] x_pos [ 8.29707866 10.40040761 10.4245657 ] y_pos [ 6.66493226  8.57938586 10.47019986]
56 rHY 1.250646644199279 rHX 1.4456613484547989 0.19501470425551992
h_pos [ 7.00627367  9.76671022 10.27561329] x_pos [ 8.29707866 10.40040761 10.4245657 ] y_pos [ 6.66493226  8.57938586 10.47019986]
56 rHY 1.250646644199279 rHX 1.4456613484547989 0.19501470425551992
h_pos [ 7.00627367  9.76671022 10.27561329] x_pos [ 8.29707866 10.40040761 10.4245657 ] y_pos [ 6.66493226  8.57938586 10.47019986]
h_pos [ 7.00627367  9.76671022 10.27561329] x_pos [ 8.29707866 10.40040761 10.4245657 ] y_pos [ 6.66493226  8.57938586 10.47019986]
h_pos [ 7.00627367  9.76671022 10.27561329] x_pos [ 8.29707866 10.40040761 10.4245657 ] y_pos [ 6.66493226  8.57938586 10.47019986]
56 rHY 1.250646644199279 rHX 1.4456613484547989 0.19501470425551992
56 rHY 1.250646644199279 rHX 1.4456613484547989 0.19501470425551992
56 rHY 1.250646644199279 rHX 1.4456613484547989 0.19501470425551992
56 cpl_forces h [-15.04328578 -17.90659496   0.67814847]
56 cpl_forces h [-15.04328578 -17.90659496   0.67814847]
56 cpl_forces h [-15.04328578 -17.90659496   0.67814847]
56 cpl_forces x [11.52146034  5.65625282  1.32951866]
56 cpl_forces x [11.52146034  5.65625282  1.32951866]
56 cpl_forces h [-15.04328578 -17.90659496   0.67814847]
56 cpl_forces h [-15.04328578 -17.90659496   0.67814847]
56 cpl_forces x [11.52146034  5.65625282  1.32951866]
56 cpl_forces y [ 3.52182543 12.25034214 -2.00766712]
56 cpl_forces y [ 3.52182543 12.25034214 -2.00766712]
56 cpl_forces x [11.52146034  5.65625282  1.32951866]
56 cpl_forces x [11.52146034  5.65625282  1.32951866]
56 cpl_forces y [ 3.52182543 12.25034214 -2.00766712]
56 cpl_forces y [ 3.52182543 12.25034214 -2.00766712]
56 cpl_forces y [ 3.52182543 12.25034214 -2.00766712]
18:53:12-DEBUG: System matrix: 
18:53:12-DEBUG: [[4.92673447e+03 2.06774094e+00]
 [2.06774094e+00 4.92357820e+03]]
18:53:12-DEBUG: Eigen values: 
18:53:12-DEBUG: [4927.75749923 4922.55517067]
18:53:12-DEBUG: Occupancies: 
18:53:12-DEBUG: [0. 1.]
18:53:12-INFO: coupling 56 2.067740935344091
18:53:12-DEBUG: Amplitudes: 
18:53:12-DEBUG: [0.19664877 0.80335123]
18:53:12-INFO: forces0 h [20.05725091 13.25927586  1.53334195]
18:53:12-INFO: forces0 x [-18.2449874   -9.45192372  -2.25756123]
18:53:12-INFO: forces0 y [-0.83815988 -6.9941323   0.7577947 ]
18:53:12-INFO: forces1 h [ -3.89849739 -11.86988849   1.83630113]
18:53:12-INFO: forces1 x [ 1.56811223 -0.01909177 -0.07653945]
18:53:12-INFO: forces1 y [ 3.4716048   9.55847279 -1.83446925]
pos h  [ 7.00627367  9.76671022 10.27561329]
pos x  [ 8.29707866 10.40040761 10.4245657 ]
pos y  [ 6.66493226  8.57938586 10.47019986]
 mixed_cpl_forces: h [11.95834421 14.23447173 -0.53907989]
 mixed_cpl_forces: x [-9.15874302 -4.49631943 -1.05687294]
 mixed_cpl_forces: y [-2.79960119 -9.7381523   1.59595283]
18:53:12-INFO: mixed forces h [12.77071526  7.3062025   1.23764469]
18:53:12-INFO: mixed forces x [-11.48685245  -6.370366    -1.56230764]
18:53:12-INFO: mixed forces y [-0.17550631 -3.43472894  0.2712491 ]
reaction would have occurred
18:53:12-DEBUG: Minimum eigen value: 
18:53:12-DEBUG: 4922.555170673997
18:53:12-DEBUG: Minimum state: 
18:53:12-DEBUG: 0
        56     4922.5551706740     5059.7178567019      982.5339981079     4926.7344677212      137.1626860279      0.50696026
ids [   5   48  139  234  238 1075  244  248 1040  258  810  985  378  533
  677 1038  682  683  684  685  686  687  688  689  690  691  692  694
  695  696  697  698  699  700  701  702  703  704  705  706  707  708
  709  710 1080  712  713  714  716  717  719  721  722  724  726  727
  728  729  730  731  732  733  734  735  736  737  738  739  740  784
  742  743  744  745  746  747  748  749  750  751  752  754  755  756
  757  759  761  762  763  764  766  767  769  772  773  774  775  776
  777  778  779  780  781  782  785  254  787  788  790  791  792  793
  795  796  797  921  800  802  805  806  807  811  828  876  801  771
  950  983  988  990 1028 1030 1033 1035  770  804]
ids [  6 102 107 108 112 117 118 123 133 183 228 103 310 313 315 320 353 355
 358 360 363 365 400 403 411 438 128 542 654 547 548 549 550 551 552 553
 554 555 556 557 559 560 562 563 564 565 566 567 568 569 570 571 572 573
 574 575 576 577 579 581 582 584 586 587 589 592 593 594 595 596 597 598
 599 600 601 602 603 604 605 606 607 608 609 610 611 612 613 614 615 616
 617 618 619 620 621 622 624 626 627 629 631 632 634 635 636 637 639 640
 641 642 645 646 647 648 650 426 652 653 655 656 657 658 660 661 662 665
 590 667 671 672 676 813 405 561 670 544 669]
ids [815  38 936  43  45  82  84  87  92  94 129 134 274 368  89 384 398 399
 404 668 673 681 693 753 711 783 860 812 816 817 818 819 820 821 822 823
 824 825 826 827 829 830 831 832 833 834 835 836 837 838 839 840 841 842
 843 844 845 847 848 849 851 852 853 854 855 856 857 858 859 861 862 863
 864 865 866 867 868 869 870 871 872 873 874 875 946 877 878 879 880 881
 882 883 884 885 886 887 888 889 890 892 894 896 897 899 901 902 904 906
 907 908 910 911 912 915 916 917 920 924 922 923 925 926 927 948 930 931
 932 846 935 937 939 814 941 942 944 919 369  50 786 891 741]
ids [ 137  142  143  144  145  146  147  148  149  150  151  152  154  155
  157  158  159  160  161  162  163  164  165  166  167  169  170  679
  172  174  249  176  177  179  180  181  182  184  187  188  189  190
  191  192  193  194  195  196  197  198  199  200  202  203  204  205
  206  207  208  209  210  211  212  214  215  217  218  219  221  222
  224  201  226  227  229  232  233  235  236  237  240  241  242  243
  245 1073  247  250  251  252  253  231  255  256  257  260  276  262
  266  267  269  271  306  348 1078  393  396  410  443  445  448  450
  366  186  493  495  500  535  538  540  799  789  794  798  264  808
  809  918  933  216  321  239  259]
ids [   8   22   66   77   80   95  110 1064  138  263  273  503  504  518
  519  529  534  543  663  678  680  715  718  720  723  725  758  760
  765  768 1077  409  903  947  952  953  954  955  956  957  958  959
  960  961  962  963  964  965  967  968  969  970  971  972  973  974
  975  976  977  978  979  980  981  982  984 1076  986  987  989  991
  992  994  995  996  997  998  999 1000 1001 1002 1003 1004 1005 1006
 1007 1008 1009 1010 1011 1012 1013 1014 1015 1016 1017 1018 1019 1020
 1021 1022 1023 1024 1025 1026 1027 1029 1031 1032 1034 1036 1037 1039
 1041 1042 1045 1046 1047 1050 1051 1052 1081 1055 1056 1057 1058 1060
 1061 1062 1063 1065 1066 1067 1068 1069 1070 1071 1072  514  951   36
  966   51]
ids [127 141 153 156 168 913 379 213 928 171 272 929 277 278 279 280 281 282
 283 284 285 286 287 288 289 290 291 292 293 294 295 296 297 298 299 300
 301 302 303 304 305 307 308 309 311 312 314 316 317 319 261 322 323 324
 325 326 327 328 329 330 331 332 333 334 335 336 337 338 339 340 341 342
 343 344 345 346 347 349 350 351 352 354 356 357 359 361 362 364 246 367
 934 370 371 372 373 374 375 376 377 380 382 383 385 386 387 388 389 390
 391 392 394 395 397 401 402 381 406 453 498 545 578 580 583 585 914 623
 625 628 630 633 275 675 943 909]
ids [ 122  140  173  178  185  220  223  230  265  268  270  318  407  408
  225  412  413  414  415  416  417  418  419  420  421  422  423  424
  425 1074  427  428  429  430  431  432  433  434  435  436  437  439
  440  441  442  444  446  447  449  451  452  454  456  457  458  459
  460  461  462  463  464  465  466  467  468  469  470  471  472  473
  474  475  476  477  478  479  480  481  482  483  484  485  486  487
  488  489  491  492  494  496  497  499  502  505  506  507  508  509
  510  511  512  513  501  515  516  517  520  521  522  523  524  525
  526  527  528  530  531  532  536  537  539  541  558 1079  588  591
  803  949 1043 1044 1048 1049 1053 1059 1054  651  175  546  455  490
  666]
ids [  1   2   3   4   9  10  11  12  13  14  15  16  17  18  19  20  21  23
  24  25  26  27  28  29  30  31  32  33  34  35 945  37  39  41  42  44
  46  47  49 940 900  52  53  54  55  56  57  58  59  60  61  62  63  64
  65  67  68  69  70  71  72  73  74  75  76  78  79  81  83  85  86  88
  40  90  91  93  96  97  98  99 100 101 125 104 105 106 109 111 113 114
 115 116 119 120 121 124 126 993 130 131 132 135 136 895 638 643 644 649
 905 659 664 893 674 898 850 938   7]
18:53:12-INFO: Step 57
18:53:12-DEBUG: Reaction systems: [[None]
 [0]]
18:53:12-DEBUG: rxn_pairs: [array([1, 2])]
18:53:12-DEBUG: Starting total colors: 5
18:53:12-DEBUG: Number of systems: 2
18:53:12-DEBUG: New total colors: 5
18:53:12-DEBUG: Potential energy for color 0: 4928.540118045418
ebond 57 1.5091125868818358
18:53:12-DEBUG: Potential energy for color 1: 4925.556587355424
xhy 57 13 1 2
xhy 57 13 1 2
xhy 57 13 1 2
xhy 57 13 1 2
xhy 57 13 1 2
h_pos [ 7.02732197  9.75194879 10.28165697] x_pos [ 8.29778538 10.39430433 10.42431396] y_pos [ 6.67084816  8.57775291 10.46986759]
57 rHY 1.2414639631049589 rHX 1.4307511750035207 0.1892872118985618
h_pos [ 7.02732197  9.75194879 10.28165697] x_pos [ 8.29778538 10.39430433 10.42431396] y_pos [ 6.67084816  8.57775291 10.46986759]
57 rHY 1.2414639631049589 rHX 1.4307511750035207 0.1892872118985618
h_pos [ 7.02732197  9.75194879 10.28165697] x_pos [ 8.29778538 10.39430433 10.42431396] y_pos [ 6.67084816  8.57775291 10.46986759]
57 rHY 1.2414639631049589 rHX 1.4307511750035207 0.1892872118985618
h_pos [ 7.02732197  9.75194879 10.28165697] x_pos [ 8.29778538 10.39430433 10.42431396] y_pos [ 6.67084816  8.57775291 10.46986759]
57 rHY 1.2414639631049589 rHX 1.4307511750035207 0.1892872118985618
h_pos [ 7.02732197  9.75194879 10.28165697] x_pos [ 8.29778538 10.39430433 10.42431396] y_pos [ 6.67084816  8.57775291 10.46986759]
57 rHY 1.2414639631049589 rHX 1.4307511750035207 0.1892872118985618
57 cpl_forces h [-15.24545477 -18.09537565   0.67328064]
57 cpl_forces h [-15.24545477 -18.09537565   0.67328064]
57 cpl_forces h [-15.24545477 -18.09537565   0.67328064]
57 cpl_forces x [11.52020325  5.82469859  1.29357323]
57 cpl_forces h [-15.24545477 -18.09537565   0.67328064]
57 cpl_forces x [11.52020325  5.82469859  1.29357323]
57 cpl_forces h [-15.24545477 -18.09537565   0.67328064]
57 cpl_forces x [11.52020325  5.82469859  1.29357323]
57 cpl_forces x [11.52020325  5.82469859  1.29357323]
57 cpl_forces x [11.52020325  5.82469859  1.29357323]
57 cpl_forces y [ 3.72525152 12.27067705 -1.96685387]
57 cpl_forces y [ 3.72525152 12.27067705 -1.96685387]
57 cpl_forces y [ 3.72525152 12.27067705 -1.96685387]
57 cpl_forces y [ 3.72525152 12.27067705 -1.96685387]
57 cpl_forces y [ 3.72525152 12.27067705 -1.96685387]
18:53:12-DEBUG: System matrix: 
18:53:12-DEBUG: [[4.92854012e+03 2.14185881e+00]
 [2.14185881e+00 4.92555659e+03]]
18:53:12-DEBUG: Eigen values: 
18:53:12-DEBUG: [4929.65851036 4924.43819504]
18:53:12-DEBUG: Occupancies: 
18:53:12-DEBUG: [0. 1.]
18:53:12-INFO: coupling 57 2.141858813286939
18:53:12-DEBUG: Amplitudes: 
18:53:12-DEBUG: [0.21423846 0.78576154]
18:53:12-INFO: forces0 h [19.52425262 13.55963351  1.34703426]
18:53:12-INFO: forces0 x [-17.60008629  -9.37586399  -2.11393705]
18:53:12-INFO: forces0 y [-1.03600289 -7.26555215  0.80940496]
18:53:12-INFO: forces1 h [ -4.02915399 -11.47477169   1.71625785]
18:53:12-INFO: forces1 x [ 1.54517486  0.01679925 -0.06278163]
18:53:12-INFO: forces1 y [ 3.51084012  9.19095238 -1.71857164]
pos h  [ 7.02732197  9.75194879 10.28165697]
pos x  [ 8.29778538 10.39430433 10.42431396]
pos y  [ 6.67084816  8.57775291 10.46986759]
 mixed_cpl_forces: h [12.51020662 14.84881177 -0.55248466]
 mixed_cpl_forces: x [-9.45331741 -4.77966607 -1.06148807]
 mixed_cpl_forces: y [ -3.05688921 -10.0691457    1.61397273]
18:53:12-INFO: mixed forces h [13.5270982   8.73737251  1.08467129]
18:53:12-INFO: mixed forces x [-12.00979382  -6.77513653  -1.56370608]
18:53:12-INFO: mixed forces y [-0.52015774 -4.4038095   0.4369909 ]
reaction would have occurred
18:53:12-DEBUG: Minimum eigen value: 
18:53:12-DEBUG: 4924.438195038404
18:53:12-DEBUG: Minimum state: 
18:53:12-DEBUG: 0
        57     4924.4381950384     5059.7123740008      969.0061032317     4928.5401180454      135.2741789624      0.50871094
ids [127 141 153 156 168 913 379 213 928 171 272 929 277 278 279 280 281 282
 283 284 285 286 287 288 289 290 291 292 293 294 295 296 297 298 299 300
 301 302 303 304 305 307 308 309 311 312 314 316 317 319 261 322 323 324
 325 326 327 328 329 330 331 332 333 334 335 336 337 338 339 340 341 342
 343 344 345 346 347 349 350 351 352 354 356 357 359 361 362 364 246 367
 934 370 371 372 373 374 375 376 377 380 382 383 385 386 387 388 389 390
 391 392 394 395 397 401 402 381 406 453 498 545 578 580 583 585 914 623
 625 628 630 633 275 675 943 909]
ids [ 122  140  173  178  185  220  223  230  265  268  270  318  407  408
  225  412  413  414  415  416  417  418  419  420  421  422  423  424
  425 1074  427  428  429  430  431  432  433  434  435  436  437  439
  440  441  442  444  446  447  449  451  452  454  456  457  458  459
  460  461  462  463  464  465  466  467  468  469  470  471  472  473
  474  475  476  477  478  479  480  481  482  483  484  485  486  487
  488  489  491  492  494  496  497  499  502  505  506  507  508  509
  510  511  512  513  501  515  516  517  520  521  522  523  524  525
  526  527  528  530  531  532  536  537  539  541  558 1079  588  591
  803  949 1043 1044 1048 1049 1053 1059 1054  651  175  546  455  490
  666]
ids [   5   48  139  234  238 1075  244  248 1040  258  810  985  378  533
  677 1038  682  683  684  685  686  687  688  689  690  691  692  694
  695  696  697  698  699  700  701  702  703  704  705  706  707  708
  709  710 1080  712  713  714  716  717  719  721  722  724  726  727
  728  729  730  731  732  733  734  735  736  737  738  739  740  784
  742  743  744  745  746  747  748  749  750  751  752  754  755  756
  757  759  761  762  763  764  766  767  769  772  773  774  775  776
  777  778  779  780  781  782  785  254  787  788  790  791  792  793
  795  796  797  921  800  802  805  806  807  811  828  876  801  771
  950  983  988  990 1028 1030 1033 1035  770  804]
ids [  6 102 107 108 112 117 118 123 133 183 228 103 310 313 315 320 353 355
 358 360 363 365 400 403 411 438 128 542 654 547 548 549 550 551 552 553
 554 555 556 557 559 560 562 563 564 565 566 567 568 569 570 571 572 573
 574 575 576 577 579 581 582 584 586 587 589 592 593 594 595 596 597 598
 599 600 601 602 603 604 605 606 607 608 609 610 611 612 613 614 615 616
 617 618 619 620 621 622 624 626 627 629 631 632 634 635 636 637 639 640
 641 642 645 646 647 648 650 426 652 653 655 656 657 658 660 661 662 665
 590 667 671 672 676 813 405 561 670 544 669]
ids [815  38 936  43  45  82  84  87  92  94 129 134 274 368  89 384 398 399
 404 668 673 681 693 753 711 783 860 812 816 817 818 819 820 821 822 823
 824 825 826 827 829 830 831 832 833 834 835 836 837 838 839 840 841 842
 843 844 845 847 848 849 851 852 853 854 855 856 857 858 859 861 862 863
 864 865 866 867 868 869 870 871 872 873 874 875 946 877 878 879 880 881
 882 883 884 885 886 887 888 889 890 892 894 896 897 899 901 902 904 906
 907 908 910 911 912 915 916 917 920 924 922 923 925 926 927 948 930 931
 932 846 935 937 939 814 941 942 944 919 369  50 786 891 741 945]
ids [  1   2   3   4   9  10  11  12  13  14  15  16  17  18  19  20  21  23
  24  25  26  27  28  29  30  31  32  33  34  35   7  37  39  41  42  44
  46  47  49 940 900  52  53  54  55  56  57  58  59  60  61  62  63  64
  65  67  68  69  70  71  72  73  74  75  76  78  79  81  83  85  86  88
  40  90  91  93  96  97  98  99 100 101 125 104 105 106 109 111 113 114
 115 116 119 120 121 124 126 993 130 131 132 135 136 895 638 643 644 649
 905 659 664 893 674 898 850 938]
ids [ 137  142  143  144  145  146  147  148  149  150  151  152  154  155
  157  158  159  160  161  162  163  164  165  166  167  169  170  679
  172  174  249  176  177  179  180  181  182  184  187  188  189  190
  191  192  193  194  195  196  197  198  199  200  202  203  204  205
  206  207  208  209  210  211  212  214  215  217  218  219  221  222
  224  201  226  227  229  232  233  235  236  237  240  241  242  243
  245 1073  247  250  251  252  253  231  255  256  257  260  276  262
  266  267  269  271  306  348 1078  393  396  410  443  445  448  450
  366  186  493  495  500  535  538  540  799  789  794  798  264  808
  809  918  933  216  321  239  259]
ids [   8   22   66   77   80   95  110 1064  138  263  273  503  504  518
  519  529  534  543  663  678  680  715  718  720  723  725  758  760
  765  768 1077  409  903  947  952  953  954  955  956  957  958  959
  960  961  962  963  964  965  967  968  969  970  971  972  973  974
  975  976  977  978  979  980  981  982  984 1076  986  987  989  991
  992  994  995  996  997  998  999 1000 1001 1002 1003 1004 1005 1006
 1007 1008 1009 1010 1011 1012 1013 1014 1015 1016 1017 1018 1019 1020
 1021 1022 1023 1024 1025 1026 1027 1029 1031 1032 1034 1036 1037 1039
 1041 1042 1045 1046 1047 1050 1051 1052 1081 1055 1056 1057 1058 1060
 1061 1062 1063 1065 1066 1067 1068 1069 1070 1071 1072  514  951   36
  966   51]
18:53:12-INFO: Step 58
18:53:12-DEBUG: Reaction systems: [[None]
 [0]]
18:53:12-DEBUG: rxn_pairs: [array([1, 2])]
18:53:12-DEBUG: Starting total colors: 5
18:53:12-DEBUG: Number of systems: 2
18:53:12-DEBUG: New total colors: 5
18:53:12-DEBUG: Potential energy for color 0: 4930.249544325263
ebond 58 1.4574234228756129
18:53:12-DEBUG: Potential energy for color 1: 4927.62955986192
xhy 58 13 1 2
xhy 58 13 1 2
xhy 58 13 1 2
xhy 58 13 1 2
xhy 58 13 1 2
h_pos [ 7.0532929   9.74031003 10.28810876] x_pos [ 8.29821642 10.38804339 10.42402624] y_pos [ 6.67675329  8.57602213 10.46954449]
h_pos [ 7.0532929   9.74031003 10.28810876] x_pos [ 8.29821642 10.38804339 10.42402624] y_pos [ 6.67675329  8.57602213 10.46954449]
h_pos [ 7.0532929   9.74031003 10.28810876] x_pos [ 8.29821642 10.38804339 10.42402624] y_pos [ 6.67675329  8.57602213 10.46954449]
58 rHY 1.2370397427753763 rHX 1.4099172383024579 0.17287749552708154
58 rHY 1.2370397427753763 rHX 1.4099172383024579 0.17287749552708154
58 rHY 1.2370397427753763 rHX 1.4099172383024579 0.17287749552708154
h_pos [ 7.0532929   9.74031003 10.28810876] x_pos [ 8.29821642 10.38804339 10.42402624] y_pos [ 6.67675329  8.57602213 10.46954449]
h_pos [ 7.0532929   9.74031003 10.28810876] x_pos [ 8.29821642 10.38804339 10.42402624] y_pos [ 6.67675329  8.57602213 10.46954449]
58 rHY 1.2370397427753763 rHX 1.4099172383024579 0.17287749552708154
58 cpl_forces h [-15.47246368 -18.25114322   0.65504233]
58 rHY 1.2370397427753763 rHX 1.4099172383024579 0.17287749552708154
58 cpl_forces h [-15.47246368 -18.25114322   0.65504233]
58 cpl_forces h [-15.47246368 -18.25114322   0.65504233]
58 cpl_forces x [11.5060078   5.98657262  1.25619562]
58 cpl_forces x [11.5060078   5.98657262  1.25619562]
58 cpl_forces x [11.5060078   5.98657262  1.25619562]
58 cpl_forces y [ 3.96645588 12.2645706  -1.91123795]
58 cpl_forces h [-15.47246368 -18.25114322   0.65504233]
58 cpl_forces y [ 3.96645588 12.2645706  -1.91123795]
58 cpl_forces y [ 3.96645588 12.2645706  -1.91123795]
58 cpl_forces h [-15.47246368 -18.25114322   0.65504233]
58 cpl_forces x [11.5060078   5.98657262  1.25619562]
58 cpl_forces x [11.5060078   5.98657262  1.25619562]
58 cpl_forces y [ 3.96645588 12.2645706  -1.91123795]
58 cpl_forces y [ 3.96645588 12.2645706  -1.91123795]
18:53:12-DEBUG: System matrix: 
18:53:12-DEBUG: [[4.93024954e+03 2.35552205e+00]
 [2.35552205e+00 4.92762956e+03]]
18:53:12-DEBUG: Eigen values: 
18:53:12-DEBUG: [4931.63483756 4926.24426663]
18:53:12-DEBUG: Occupancies: 
18:53:12-DEBUG: [0. 1.]
18:53:12-INFO: coupling 58 2.3555220458280504
18:53:12-DEBUG: Amplitudes: 
18:53:12-DEBUG: [0.25698451 0.74301549]
18:53:12-INFO: forces0 h [18.72144428 13.51818898  1.17718389]
18:53:12-INFO: forces0 x [-16.70963935  -9.15759611  -1.94833703]
18:53:12-INFO: forces0 y [-1.20029333 -7.33591783  0.82325874]
18:53:12-INFO: forces1 h [ -4.30205431 -11.30645624   1.6156115 ]
18:53:12-INFO: forces1 x [ 1.59011215  0.08110282 -0.04277448]
18:53:12-INFO: forces1 y [ 3.63876681  9.0219482  -1.627356  ]
pos h  [ 7.0532929   9.74031003 10.28810876]
pos x  [ 8.29821642 10.38804339 10.42402624]
pos y  [ 6.67675329  8.57602213 10.46954449]
 mixed_cpl_forces: h [13.52202938 15.95043298 -0.57246873]
 mixed_cpl_forces: x [-10.05557866  -5.23191475  -1.09784159]
 mixed_cpl_forces: y [ -3.46645072 -10.71851823   1.67031032]
18:53:12-INFO: mixed forces h [15.1366576  11.02352605  0.93047366]
18:53:12-INFO: mixed forces x [-13.1682192   -7.52501445  -1.63031613]
18:53:12-INFO: mixed forces y [-1.07124742 -5.90028823  0.67272435]
reaction would have occurred
18:53:12-DEBUG: Minimum eigen value: 
18:53:12-DEBUG: 4926.24426662533
18:53:12-DEBUG: Minimum state: 
18:53:12-DEBUG: 0
        58     4926.2442666253     5059.6917047098      955.9206565244     4930.2495443253      133.4474380845      0.50951200
ids [   8   22   66   77   80   95  110 1064  138  263  273  503  504  518
  519  529  534  543  663  678  680  715  718  720  723  725  758  760
  765  768 1077  409  903  947  952  953  954  955  956  957  958  959
  960  961  962  963  964  965  967  968  969  970  971  972  973  974
  975  976  977  978  979  980  981  982  984 1076  986  987  989  991
  992  994  995  996  997  998  999 1000 1001 1002 1003 1004 1005 1006
 1007 1008 1009 1010 1011 1012 1013 1014 1015 1016 1017 1018 1019 1020
 1021 1022 1023 1024 1025 1026 1027 1029 1031 1032 1034 1036 1037 1039
 1041 1042 1045 1046 1047 1050 1051 1052 1081 1055 1056 1057 1058 1060
 1061 1062 1063 1065 1066 1067 1068 1069 1070 1071 1072  514  951   36
  966   51]
ids [ 137  142  143  144  145  146  147  148  149  150  151  152  154  155
  157  158  159  160  161  162  163  164  165  166  167  169  170  679
  172  174  249  176  177  179  180  181  182  184  187  188  189  190
  191  192  193  194  195  196  197  198  199  200  202  203  204  205
  206  207  208  209  210  211  212  214  215  217  218  219  221  222
  224  201  226  227  229  232  233  235  236  237  240  241  242  243
  245 1073  247  250  251  252  253  231  255  256  257  260  276  262
  266  267  269  271  306  348 1078  393  396  410  443  445  448  450
  366  186  493  495  500  535  538  540  799  789  794  798  264  808
  809  918  933  216  321  239  259]
ids [815  38 936  43  45  82  84  87  92  94 129 134 274 368  89 384 398 399
 404 668 673 681 693 753 711 783 860 812 816 817 818 819 820 821 822 823
 824 825 826 827 829 830 831 832 833 834 835 836 837 838 839 840 841 842
 843 844 845 847 848 849 851 852 853 854 855 856 857 858 859 861 862 863
 864 865 866 867 868 869 870 871 872 873 874 875 946 877 878 879 880 881
 882 883 884 885 886 887 888 889 890 892 894 896 897 899 901 902 904 906
 907 908 910 911 912 915 916 917 920 924 922 923 925 926 927 948 930 931
 932 846 935 937 939 814 941 942 944 919 369  50 786 891 741 945]
ids [127 141 153 156 168 913 379 213 928 171 272 929 277 278 279 280 281 282
 283 284 285 286 287 288 289 290 291 292 293 294 295 296 297 298 299 300
 301 302 303 304 305 307 308 309 311 312 314 316 317 319 261 322 323 324
 325 326 327 328 329 330 331 332 333 334 335 336 337 338 339 340 341 342
 343 344 345 346 347 349 350 351 352 354 356 357 359 361 362 364 246 367
 934 370 371 372 373 374 375 376 377 380 382 383 385 386 387 388 389 390
 391 392 394 395 397 401 402 381 406 453 498 545 578 580 583 585 914 623
 625 628 630 633 275 675 943 909]
ids [ 122  140  173  178  185  220  223  230  265  268  270  318  407  408
  225  412  413  414  415  416  417  418  419  420  421  422  423  424
  425 1074  427  428  429  430  431  432  433  434  435  436  437  439
  440  441  442  444  446  447  449  451  452  454  456  457  458  459
  460  461  462  463  464  465  466  467  468  469  470  471  472  473
  474  475  476  477  478  479  480  481  482  483  484  485  486  487
  488  489  491  492  494  496  497  499  502  505  506  507  508  509
  510  511  512  513  501  515  516  517  520  521  522  523  524  525
  526  527  528  530  531  532  536  537  539  541  558 1079  588  591
  803  949 1043 1044 1048 1049 1053 1059 1054  651  175  546  455  490
  666]
ids [   5   48  139  234  238 1075  244  248 1040  258  810  985  378  533
  677 1038  682  683  684  685  686  687  688  689  690  691  692  694
  695  696  697  698  699  700  701  702  703  704  705  706  707  708
  709  710 1080  712  713  714  716  717  719  721  722  724  726  727
  728  729  730  731  732  733  734  735  736  737  738  739  740  784
  742  743  744  745  746  747  748  749  750  751  752  754  755  756
  757  759  761  762  763  764  766  767  769  772  773  774  775  776
  777  778  779  780  781  782  785  254  787  788  790  791  792  793
  795  796  797  921  800  802  805  806  807  811  828  876  801  771
  950  983  988  990 1028 1030 1033 1035  770  804]
ids [  6 102 107 108 112 117 118 123 133 183 228 103 310 313 315 320 353 355
 358 360 363 365 400 403 411 438 128 542 654 547 548 549 550 551 552 553
 554 555 556 557 559 560 562 563 564 565 566 567 568 569 570 571 572 573
 574 575 576 577 579 581 582 584 586 587 589 592 593 594 595 596 597 598
 599 600 601 602 603 604 605 606 607 608 609 610 611 612 613 614 615 616
 617 618 619 620 621 622 624 626 627 629 631 632 634 635 636 637 639 640
 641 642 645 646 647 648 650 426 652 653 655 656 657 658 660 661 662 665
 590 667 671 672 676 813 405 561 670 544 669]
ids [  1   2   3   4   9  10  11  12  13  14  15  16  17  18  19  20  21  23
  24  25  26  27  28  29  30  31  32  33  34  35   7  37  39  41  42  44
  46  47  49 940 900  52  53  54  55  56  57  58  59  60  61  62  63  64
  65  67  68  69  70  71  72  73  74  75  76  78  79  81  83  85  86  88
  40  90  91  93  96  97  98  99 100 101 125 104 105 106 109 111 113 114
 115 116 119 120 121 124 126 993 130 131 132 135 136 895 638 643 644 649
 905 659 664 893 674 898 850 938]
18:53:12-INFO: Step 59
18:53:12-DEBUG: Reaction systems: [[None]
 [0]]
18:53:12-DEBUG: rxn_pairs: [array([1, 2])]
18:53:12-DEBUG: Starting total colors: 5
18:53:12-DEBUG: Number of systems: 2
18:53:12-DEBUG: New total colors: 5
18:53:12-DEBUG: Potential energy for color 0: 4931.83401870446
ebond 59 1.4728094255157793
18:53:12-DEBUG: Potential energy for color 1: 4929.784435926187
xhy 59 13 1 2
xhy 59 13 1 2
xhy 59 13 1 2
xhy 59 13 1 2
xhy 59 13 1 2
h_pos [ 7.08458694  9.73243888 10.29491312] x_pos [ 8.29835446 10.38161257 10.42370198] y_pos [ 6.68263724  8.57416619 10.46923494]
h_pos [ 7.08458694  9.73243888 10.29491312] x_pos [ 8.29835446 10.38161257 10.42370198] y_pos [ 6.68263724  8.57416619 10.46923494]
59 rHY 1.2383647608449981 rHX 1.3824777121971048 0.14411295135210667
h_pos [ 7.08458694  9.73243888 10.29491312] x_pos [ 8.29835446 10.38161257 10.42370198] y_pos [ 6.68263724  8.57416619 10.46923494]
59 rHY 1.2383647608449981 rHX 1.3824777121971048 0.14411295135210667
h_pos [ 7.08458694  9.73243888 10.29491312] x_pos [ 8.29835446 10.38161257 10.42370198] y_pos [ 6.68263724  8.57416619 10.46923494]
h_pos [ 7.08458694  9.73243888 10.29491312] x_pos [ 8.29835446 10.38161257 10.42370198] y_pos [ 6.68263724  8.57416619 10.46923494]
59 rHY 1.2383647608449981 rHX 1.3824777121971048 0.14411295135210667
59 rHY 1.2383647608449981 rHX 1.3824777121971048 0.14411295135210667
59 rHY 1.2383647608449981 rHX 1.3824777121971048 0.14411295135210667
59 cpl_forces h [-15.1147491  -17.6580842    0.59840471]
59 cpl_forces h [-15.1147491  -17.6580842    0.59840471]
59 cpl_forces x [11.03510536  5.90203639  1.17089857]
59 cpl_forces h [-15.1147491  -17.6580842    0.59840471]
59 cpl_forces x [11.03510536  5.90203639  1.17089857]
59 cpl_forces h [-15.1147491  -17.6580842    0.59840471]
59 cpl_forces h [-15.1147491  -17.6580842    0.59840471]
59 cpl_forces x [11.03510536  5.90203639  1.17089857]
59 cpl_forces x [11.03510536  5.90203639  1.17089857]
59 cpl_forces y [ 4.07964374 11.75604781 -1.76930328]
59 cpl_forces y [ 4.07964374 11.75604781 -1.76930328]
59 cpl_forces x [11.03510536  5.90203639  1.17089857]
59 cpl_forces y [ 4.07964374 11.75604781 -1.76930328]
59 cpl_forces y [ 4.07964374 11.75604781 -1.76930328]
59 cpl_forces y [ 4.07964374 11.75604781 -1.76930328]
18:53:12-DEBUG: System matrix: 
18:53:12-DEBUG: [[4.93183402e+03 2.72549960e+00]
 [2.72549960e+00 4.92978444e+03]]
18:53:12-DEBUG: Eigen values: 
18:53:12-DEBUG: [4933.72102151 4927.89743312]
18:53:12-DEBUG: Occupancies: 
18:53:12-DEBUG: [0. 1.]
18:53:12-INFO: coupling 59 2.7254995974095277
18:53:12-DEBUG: Amplitudes: 
18:53:12-DEBUG: [0.3240275 0.6759725]
18:53:12-INFO: forces0 h [17.59070728 13.03315922  1.0338077 ]
18:53:12-INFO: forces0 x [-15.55102019  -8.77223506  -1.76124035]
18:53:12-INFO: forces0 y [-1.29504962 -7.12755505  0.78986511]
18:53:12-INFO: forces1 h [ -4.77669979 -11.42491652   1.5345223 ]
18:53:12-INFO: forces1 x [ 1.74005861  0.19536144 -0.01304277]
18:53:12-INFO: forces1 y [ 3.87852476  9.09037371 -1.56438413]
pos h  [ 7.08458694  9.73243888 10.29491312]
pos x  [ 8.29835446 10.38161257 10.42370198]
pos y  [ 6.68263724  8.57416619 10.46923494]
 mixed_cpl_forces: h [14.1477178  16.52833206 -0.56011919]
 mixed_cpl_forces: x [-10.32908687  -5.52442814  -1.09598528]
 mixed_cpl_forces: y [ -3.81863093 -11.00390392   1.65610447]
18:53:12-INFO: mixed forces h [16.61867307 13.02850476  0.81215781]
18:53:12-INFO: mixed forces x [-14.19181336  -8.23481461  -1.67549215]
18:53:12-INFO: mixed forces y [-1.61648656 -7.16858518  0.85456184]
reaction would have occurred
18:53:12-DEBUG: Minimum eigen value: 
18:53:12-DEBUG: 4927.897433118144
18:53:12-DEBUG: Minimum state: 
18:53:12-DEBUG: 0
        59     4927.8974331181     5059.6530132755      943.8014134447     4931.8340187045      131.7555801573      0.44793437
ids [  1   2   3   4   9  10  11  12  13  14  15  16  17  18  19  20  21  23
  24  25  26  27  28  29  30  31  32 938  34  35   7  37  39  41  42  44
  46  47  49 940 900  52  53  54  55  56  57  58  59  60  61  62  63  64
  65  67  68  69  70  71  72  73  74  75  76  78  79  81  83  85  86  88
  40  90  91  93  96  97  98  99 100 101 125 104 105 106 109 111 113 114
 115 116 119 120 121 124 126 993 130 131 132 135 136 895 638 643 644 649
 905 659 664 893 674 898 850]
ids [  6 102 107 108 112 117 118 123 133 183 228 103 310 313 315 320 353 355
 358 360 363 365 400 403 411 438 128 542 654 547 548 549 550 551 552 553
 554 555 556 557 559 560 562 563 564 565 566 567 568 569 570 571 572 573
 574 575 576 577 579 581 582 584 586 587 589 592 593 594 595 596 597 598
 599 600 601 602 603 604 605 606 607 608 609 610 611 612 613 614 615 616
 617 618 619 620 621 622 624 626 627 629 631 632 634 635 636 637 639 640
 641 642 645 646 647 648 650 426 652 653 655 656 657 658 660 661 662 665
 590 667 671 672 676 813 405 561 670 544 669]
ids [   8   22   66   77   80   95  110 1064  138  263  273  503  504  518
  519  529  534  543  663  678  680  715  718  720  723  725  758  760
  765  768 1077  409  903  947  952  953  954  955  956  957  958  959
  960  961  962  963  964  965  967  968  969  970  971  972  973  974
  975  976  977  978  979  980  981  982  984 1076  986  987  989  991
  992  994  995  996  997  998  999 1000 1001 1002 1003 1004 1005 1006
 1007 1008 1009 1010 1011 1012 1013 1014 1015 1016 1017 1018 1019 1020
 1021 1022 1023 1024 1025 1026 1027 1029 1031 1032 1034 1036 1037 1039
 1041 1042 1045 1046 1047 1050 1051 1052 1081 1055 1056 1057 1058 1060
 1061 1062 1063 1065 1066 1067 1068 1069 1070 1071 1072  514  951   36
  966   51   33]
ids [ 137  142  143  144  145  146  147  148  149  150  151  152  154  155
  157  158  159  160  161  162  163  164  165  166  167  169  170  679
  172  174  249  176  177  179  180  181  182  184  187  188  189  190
  191  192  193  194  195  196  197  198  199  200  202  203  204  205
  206  207  208  209  210  211  212  214  215  217  218  219  221  222
  224  201  226  227  229  232  233  235  236  237  240  241  242  243
  245 1073  247  250  251  252  253  231  255  256  257  260  276  262
  266  267  269  271  306  348 1078  393  396  410  443  445  448  450
  366  186  493  495  500  535  538  540  799  789  794  798  264  808
  809  918  933  216  321  239  259]
ids [815  38 936  43  45  82  84  87  92  94 129 134 274 368  89 384 398 399
 404 668 673 681 693 753 711 783 860 812 816 817 818 819 820 821 822 823
 824 825 826 827 829 830 831 832 833 834 835 836 837 838 839 840 841 842
 843 844 845 847 848 849 851 852 853 854 855 856 857 858 859 861 862 863
 864 865 866 867 868 869 870 871 872 873 874 875 946 877 878 879 880 881
 882 883 884 885 886 887 888 889 890 892 894 896 897 899 901 902 904 906
 907 908 910 911 912 915 916 917 920 924 922 923 925 926 927 948 930 931
 932 846 935 937 939 814 941 942 944 919 369  50 786 891 741 945]
ids [127 141 153 156 168 913 379 213 928 171 272 929 277 278 279 280 281 282
 283 284 285 286 287 288 289 290 291 292 293 294 295 296 297 298 299 300
 301 302 303 304 305 307 308 309 311 312 314 316 317 319 261 322 323 324
 325 326 327 328 329 330 331 332 333 334 335 336 337 338 339 340 341 342
 343 344 345 346 347 349 350 351 352 354 356 357 359 361 362 364 246 367
 934 370 371 372 373 374 375 376 377 380 382 383 385 386 387 388 389 390
 391 392 394 395 397 401 402 381 406 453 498 545 578 580 583 585 914 623
 625 628 630 633 275 675 943 909]
ids [ 122  140  173  178  185  220  223  230  265  268  270  318  407  408
  225  412  413  414  415  416  417  418  419  420  421  422  423  424
  425 1074  427  428  429  430  431  432  433  434  435  436  437  439
  440  441  442  444  446  447  449  451  452  454  456  457  458  459
  460  461  462  463  464  465  466  467  468  469  470  471  472  473
  474  475  476  477  478  479  480  481  482  483  484  485  486  487
  488  489  491  492  494  496  497  499  502  505  506  507  508  509
  510  511  512  513  501  515  516  517  520  521  522  523  524  525
  526  527  528  530  531  532  536  537  539  541  558 1079  588  591
  803  949 1043 1044 1048 1049 1053 1059 1054  651  175  546  455  490
  666]
ids [   5   48  139  234  238 1075  244  248 1040  258  810  985  378  533
  677 1038  682  683  684  685  686  687  688  689  690  691  692  694
  695  696  697  698  699  700  701  702  703  704  705  706  707  708
  709  710 1080  712  713  714  716  717  719  721  722  724  726  727
  728  729  730  731  732  733  734  735  736  737  738  739  740  784
  742  743  744  745  746  747  748  749  750  751  752  754  755  756
  757  759  761  762  763  764  766  767  769  772  773  774  775  776
  777  778  779  780  781  782  785  254  787  788  790  791  792  793
  795  796  797  921  800  802  805  806  807  811  828  876  801  771
  950  983  988  990 1028 1030 1033 1035  770  804]
18:53:12-INFO: Step 60
18:53:12-DEBUG: Reaction systems: [[None]
 [0]]
18:53:12-DEBUG: rxn_pairs: [array([1, 2])]
18:53:12-DEBUG: Starting total colors: 5
18:53:12-DEBUG: Number of systems: 2
18:53:12-DEBUG: New total colors: 5
18:53:12-DEBUG: Potential energy for color 0: 4933.2745819182
ebond 60 1.5702706145376994
18:53:12-DEBUG: Potential energy for color 1: 4932.019241899556
xhy 60 13 1 2
xhy 60 13 1 2
xhy 60 13 1 2
xhy 60 13 1 2
xhy 60 13 1 2
h_pos [ 7.12173212  9.72907044 10.30202303] x_pos [ 8.29817641 10.37499627 10.4233401 ] y_pos [ 6.68848762  8.57215511 10.46894341]
60 rHY 1.246601897879395 rHX 1.3475752967393995 0.10097339886000456
h_pos [ 7.12173212  9.72907044 10.30202303] x_pos [ 8.29817641 10.37499627 10.4233401 ] y_pos [ 6.68848762  8.57215511 10.46894341]
60 rHY 1.246601897879395 rHX 1.3475752967393995 0.10097339886000456
h_pos [ 7.12173212  9.72907044 10.30202303] x_pos [ 8.29817641 10.37499627 10.4233401 ] y_pos [ 6.68848762  8.57215511 10.46894341]
h_pos [ 7.12173212  9.72907044 10.30202303] x_pos [ 8.29817641 10.37499627 10.4233401 ] y_pos [ 6.68848762  8.57215511 10.46894341]
h_pos [ 7.12173212  9.72907044 10.30202303] x_pos [ 8.29817641 10.37499627 10.4233401 ] y_pos [ 6.68848762  8.57215511 10.46894341]
60 rHY 1.246601897879395 rHX 1.3475752967393995 0.10097339886000456
60 rHY 1.246601897879395 rHX 1.3475752967393995 0.10097339886000456
60 rHY 1.246601897879395 rHX 1.3475752967393995 0.10097339886000456
60 cpl_forces h [-12.72993803 -14.67852727   0.45759331]
60 cpl_forces h [-12.72993803 -14.67852727   0.45759331]
60 cpl_forces h [-12.72993803 -14.67852727   0.45759331]
60 cpl_forces x [9.1052011  4.99920368 0.93894489]
60 cpl_forces h [-12.72993803 -14.67852727   0.45759331]
60 cpl_forces x [9.1052011  4.99920368 0.93894489]
60 cpl_forces h [-12.72993803 -14.67852727   0.45759331]
60 cpl_forces x [9.1052011  4.99920368 0.93894489]
60 cpl_forces x [9.1052011  4.99920368 0.93894489]
60 cpl_forces y [ 3.62473693  9.67932359 -1.39653819]
60 cpl_forces x [9.1052011  4.99920368 0.93894489]
60 cpl_forces y [ 3.62473693  9.67932359 -1.39653819]
60 cpl_forces y [ 3.62473693  9.67932359 -1.39653819]
60 cpl_forces y [ 3.62473693  9.67932359 -1.39653819]
60 cpl_forces y [ 3.62473693  9.67932359 -1.39653819]
18:53:12-DEBUG: System matrix: 
18:53:12-DEBUG: [[4.93327458e+03 3.22785683e+00]
 [3.22785683e+00 4.93201924e+03]]
18:53:12-DEBUG: Eigen values: 
18:53:12-DEBUG: [4935.93522901 4929.35859481]
18:53:12-DEBUG: Occupancies: 
18:53:12-DEBUG: [0. 1.]
18:53:12-INFO: coupling 60 3.2278568314428866
18:53:12-DEBUG: Amplitudes: 
18:53:12-DEBUG: [0.4045606 0.5954394]
18:53:12-INFO: forces0 h [16.07058182 12.04216169  0.91706905]
18:53:12-INFO: forces0 x [-14.09489092  -8.19075428  -1.55254221]
18:53:12-INFO: forces0 y [-1.28747306 -6.60629354  0.70900936]
18:53:12-INFO: forces1 h [ -5.56200436 -11.91816756   1.46822126]
18:53:12-INFO: forces1 x [2.07199893 0.4047054  0.03359645]
18:53:12-INFO: forces1 y [ 4.26309106  9.43960273 -1.53198425]
pos h  [ 7.12173212  9.72907044 10.30202303]
pos x  [ 8.29817641 10.37499627 10.4233401 ]
pos y  [ 6.68848762  8.57215511 10.46894341]
 mixed_cpl_forces: h [12.49588046 14.40864218 -0.44917982]
 mixed_cpl_forces: x [-8.93778935 -4.90728638 -0.92168108]
 mixed_cpl_forces: y [-3.55809112 -9.5013558   1.3708609 ]
18:53:12-INFO: mixed forces h [15.68556819 12.18387985  0.79606697]
18:53:12-INFO: mixed forces x [-13.40627711  -7.97996533  -1.52977385]
18:53:12-INFO: mixed forces y [-1.54053962 -6.55329053  0.74549438]
reaction would have occurred
18:53:12-DEBUG: Minimum eigen value: 
18:53:12-DEBUG: 4929.358594806637
18:53:12-DEBUG: Minimum state: 
18:53:12-DEBUG: 0
        60     4929.3585948066     5059.6276938107      933.1533406131     4933.2745819182      130.2690990041      0.51699531
ids [ 137  142  143  144  145  146  147  148  149  150  151  152  154  155
  157  158  159  160  161  162  163  164  165  166  167  169  170  679
  172  174  249  176  177  179  180  181  182  184  187  188  189  190
  191  192  193  194  195  196  197  198  199  200  202  203  204  205
  206  207  208  209  210  211  212  214  215  217  218  219  221  222
  224  201  226  227  229  232  233  235  236  237  240  241  242  243
  245 1073  247  250  251  252  253  231  255  256  257  260  276  262
  266  267  269  271  306  348 1078  393  396  410  443  445  448  450
  366  186  493  495  500  535  538  540  799  789  794  798  264  808
  809  259  933  216  321  239]
ids [815  38 936  43  45  82  84  87  92  94 129 134 274 368  89 384 398 399
 404 668 673 681 693 753 711 783 860 812 816 817 818 819 820 821 822 823
 824 825 826 827 829 830 831 832 833 834 835 836 837 838 839 840 841 842
 843 844 845 847 848 849 851 852 853 854 855 856 857 858 859 861 862 863
 864 865 866 867 868 869 870 871 872 873 874 875 946 877 878 879 880 881
 882 883 884 885 886 887 888 889 890 892 894 896 897 899 901 902 904 906
 907 908 910 911 912 915 916 917 920 924 922 923 925 926 927 948 930 931
 932 846 935 937 939 814 941 942 944 919 369  50 786 891 741 945]
ids [127 141 153 156 168 913 379 213 928 171 272 929 277 278 279 280 281 282
 283 284 285 286 287 288 289 290 291 292 293 294 295 296 297 298 299 300
 301 302 303 304 305 307 308 309 311 312 314 316 317 319 261 322 323 324
 325 326 327 328 329 330 331 332 333 334 335 336 337 338 339 340 341 342
 343 344 345 346 347 349 350 351 352 354 356 357 359 361 362 364 246 367
 934 370 371 372 373 374 375 376 377 380 382 383 385 386 387 388 389 390
 391 392 394 395 397 401 402 381 406 453 498 545 578 918 583 585 914 623
 625 628 630 633 275 675 943 909]
ids [ 122  140  173  178  185  220  223  230  265  268  270  318  407  408
  225  412  413  414  415  416  417  418  419  420  421  422  423  424
  425 1074  427  428  429  430  431  432  433  434  435  436  437  439
  440  441  442  444  446  447  449  451  452  454  456  457  458  459
  460  461  462  463  464  465  466  467  468  469  470  471  472  473
  474  475  476  477  478  479  480  481  482  483  484  485  486  487
  488  489  491  492  494  496  497  499  502  505  506  507  508  509
  510  511  512  513  501  515  516  517  520  521  522  523  524  525
  526  527  528  530  531  532  536  537  539  541  558 1079  588  591
  803  949 1043 1044 1048 1049 1053 1059 1054  651  175  546  455  490
  666]
ids [  1   2   3   4   9  10  11  12  13  14  15  16  17  18  19  20  21  23
  24  25  26  27  28  29  30  31  32 938  34  35   7  37  39  41  42  44
  46  47  49 940 900  52  53  54  55  56  57  58  59  60  61  62  63  64
  65  67  68  69  70  71  72  73  74  75  76  78  79  81  83  85  86  88
  40  90  91  93  96  97  98  99 100 101 125 104 105 106 109 111 113 114
 115 116 119 120 121 124 126 993 130 131 132 135 136 895 638 643 644 649
 905 659 664 893 674 898 850]
ids [   5   48  139  234  238 1075  244  248 1040  258  810  985  378  533
  677 1038  682  683  684  685  686  687  688  689  690  691  692  694
  695  696  697  698  699  700  701  702  703  704  705  706  707  708
  709  710 1080  712  713  714  716  717  719  721  722  724  726  727
  728  729  730  731  732  733  734  735  736  737  738  739  740  784
  742  743  744  745  746  747  748  749  750  751  752  754  755  756
  757  759  761  762  763  764  766  767  769  772  773  774  775  776
  777  778  779  780  781  782  785  254  787  788  790  791  792  793
  795  796  797  921  800  802  805  806  807  811  828  876  801  771
  950  983  988  990 1028 1030 1033 1035  770  804]
ids [  6 102 107 108 112 117 118 123 133 183 228 103 310 313 315 320 353 355
 358 360 363 365 400 403 411 438 128 542 654 547 548 549 550 551 552 553
 554 555 556 557 559 560 562 563 564 565 566 567 568 569 570 571 572 573
 574 575 576 577 579 581 582 584 586 587 589 592 593 594 595 596 597 598
 599 600 601 602 603 604 605 606 607 608 609 610 611 612 613 614 615 616
 617 618 619 620 621 622 624 626 627 629 631 632 634 635 636 637 639 640
 641 642 645 646 647 648 650 426 652 653 655 656 657 658 660 661 662 665
 590 667 671 672 676 813 405 561 670 544 669 580]
ids [   8   22   66   77   80   95  110 1064  138  263  273  503  504  518
  519  529  534  543  663  678  680  715  718  720  723  725  758  760
  765  768 1077  409  903  947  952  953  954  955  956  957  958  959
  960  961  962  963  964  965  967  968  969  970  971  972  973  974
  975  976  977  978  979  980  981  982  984 1076  986  987  989  991
  992  994  995  996  997  998  999 1000 1001 1002 1003 1004 1005 1006
 1007 1008 1009 1010 1011 1012 1013 1014 1015 1016 1017 1018 1019 1020
 1021 1022 1023 1024 1025 1026 1027 1029 1031 1032 1034 1036 1037 1039
 1041 1042 1045 1046 1047 1050 1051 1052 1081 1055 1056 1057 1058 1060
 1061 1062 1063 1065 1066 1067 1068 1069 1070 1071 1072  514  951   36
  966   51   33]
18:53:12-INFO: Step 61
18:53:12-DEBUG: Reaction systems: [[None]
 [0]]
18:53:12-DEBUG: rxn_pairs: [array([1, 2])]
18:53:12-DEBUG: Starting total colors: 5
18:53:12-DEBUG: Number of systems: 2
18:53:12-DEBUG: New total colors: 5
18:53:12-DEBUG: Potential energy for color 0: 4934.5858985210925
ebond 61 1.7630999735969812
18:53:12-DEBUG: Potential energy for color 1: 4934.338562809445
xhy 61 13 1 2
xhy 61 13 1 2
xhy 61 13 1 2
xhy 61 13 1 2
xhy 61 13 1 2
h_pos [ 7.16475892  9.73032973 10.3094179 ] x_pos [ 8.297683   10.36819138 10.42294207] y_pos [ 6.69430001  8.56998478 10.46867021]
61 rHY 1.2621780012345272 rHX 1.3050947046635253 0.042916703428998115
h_pos [ 7.16475892  9.73032973 10.3094179 ] x_pos [ 8.297683   10.36819138 10.42294207] y_pos [ 6.69430001  8.56998478 10.46867021]
61 rHY 1.2621780012345272 rHX 1.3050947046635253 0.042916703428998115
h_pos [ 7.16475892  9.73032973 10.3094179 ] x_pos [ 8.297683   10.36819138 10.42294207] y_pos [ 6.69430001  8.56998478 10.46867021]
61 rHY 1.2621780012345272 rHX 1.3050947046635253 0.042916703428998115
h_pos [ 7.16475892  9.73032973 10.3094179 ] x_pos [ 8.297683   10.36819138 10.42294207] y_pos [ 6.69430001  8.56998478 10.46867021]
h_pos [ 7.16475892  9.73032973 10.3094179 ] x_pos [ 8.297683   10.36819138 10.42294207] y_pos [ 6.69430001  8.56998478 10.46867021]
61 rHY 1.2621780012345272 rHX 1.3050947046635253 0.042916703428998115
61 rHY 1.2621780012345272 rHX 1.3050947046635253 0.042916703428998115
61 cpl_forces h [-6.28702611 -7.13447383  0.19855612]
61 cpl_forces h [-6.28702611 -7.13447383  0.19855612]
61 cpl_forces h [-6.28702611 -7.13447383  0.19855612]
61 cpl_forces x [4.39842725 2.47641311 0.44074252]
61 cpl_forces h [-6.28702611 -7.13447383  0.19855612]
61 cpl_forces x [4.39842725 2.47641311 0.44074252]
61 cpl_forces x [4.39842725 2.47641311 0.44074252]
61 cpl_forces h [-6.28702611 -7.13447383  0.19855612]
61 cpl_forces x [4.39842725 2.47641311 0.44074252]
61 cpl_forces y [ 1.88859886  4.65806072 -0.63929865]
61 cpl_forces x [4.39842725 2.47641311 0.44074252]
61 cpl_forces y [ 1.88859886  4.65806072 -0.63929865]
61 cpl_forces y [ 1.88859886  4.65806072 -0.63929865]
61 cpl_forces y [ 1.88859886  4.65806072 -0.63929865]
61 cpl_forces y [ 1.88859886  4.65806072 -0.63929865]
18:53:12-DEBUG: System matrix: 
18:53:12-DEBUG: [[4.93458590e+03 3.68945569e+00]
 [3.68945569e+00 4.93433856e+03]]
18:53:12-DEBUG: Eigen values: 
18:53:12-DEBUG: [4938.15375841 4930.77070292]
18:53:12-DEBUG: Occupancies: 
18:53:12-DEBUG: [0. 1.]
18:53:12-INFO: coupling 61 3.6894556942434438
18:53:12-DEBUG: Amplitudes: 
18:53:12-DEBUG: [0.48324977 0.51675023]
18:53:12-INFO: forces0 h [14.15874484 10.60716219  0.81201679]
18:53:12-INFO: forces0 x [-12.34121049  -7.40361791  -1.32416063]
18:53:12-INFO: forces0 y [-1.17535605 -5.84360972  0.59757241]
18:53:12-INFO: forces1 h [ -6.83585392 -12.88752336   1.39904145]
18:53:12-INFO: forces1 x [2.73801777 0.80175555 0.11100353]
18:53:12-INFO: forces1 y [ 4.81812586 10.07836841 -1.52633043]
pos h  [ 7.16475892  9.73032973 10.3094179 ]
pos x  [ 8.297683   10.36819138 10.42294207]
pos y  [ 6.69430001  8.56998478 10.46867021]
 mixed_cpl_forces: h [ 6.28349722  7.13046926 -0.19844468]
 mixed_cpl_forces: x [-4.39595842 -2.4750231  -0.44049514]
 mixed_cpl_forces: y [-1.8875388  -4.65544616  0.63893981]
18:53:12-INFO: mixed forces h [9.59327838 5.59674736 0.91691724]
18:53:12-INFO: mixed forces x [-8.94497429 -5.63851242 -1.02303436]
18:53:12-INFO: mixed forces y [ 0.03423829 -2.27137007  0.13898495]
reaction would have occurred
18:53:12-DEBUG: Minimum eigen value: 
18:53:12-DEBUG: 4930.77070292484
18:53:12-DEBUG: Minimum state: 
18:53:12-DEBUG: 0
        61     4930.7707029248     5059.7045402738      923.5884945857     4934.5858985211      128.9338373489      0.51537042
ids [815  38 936  43  45  82  84  87  92  94 129 134 274 368  89 384 398 399
 404 668 673 681 693 753 711 783 860 812 816 817 818 819 820 821 822 823
 824 825 826 827 829 830 831 832 833 834 835 836 837 838 839 840 841 842
 843 844 845 847 848 849 851 852 853 854 855 856 857 858 859 861 862 863
 864 865 866 867 868 869 870 871 872 873 874 875 946 877 878 879 880 881
 882 883 884 885 886 887 888 889 890 892 894 896 897 899 901 902 904 906
 907 908 910 911 912 915 916 917 920 924 922 923 925 926 927 948 930 931
 932 846 935 937 939 814 941 942 944 919 369  50 786 891 741 945]
ids [127 141 153 156 168 913 379 213 928 171 272 929 277 278 279 280 281 282
 283 284 285 286 287 288 289 290 291 292 293 294 295 296 297 298 299 300
 301 302 303 304 305 307 308 309 311 312 314 316 317 319 261 322 323 324
 325 326 327 328 329 330 331 332 333 334 335 336 337 338 339 340 341 342
 343 344 345 346 347 349 350 351 352 354 356 357 359 361 362 364 246 367
 934 370 371 372 373 374 375 376 377 380 382 383 385 386 387 388 389 390
 391 392 394 395 397 401 402 381 406 453 498 545 578 918 583 585 914 623
 625 628 630 633 275 675 943 909]
ids [  1   2   3   4   9  10  11  12  13  14  15  16  17  18  19  20  21  23
  24  25  26  27  28  29  30  31  32 938  34  35   7  37  39  41  42  44
  46  47  49 940 900  52  53  54  55  56  57  58  59  60  61  62  63  64
  65  67  68  69  70  71  72  73  74  75  76  78  79  81  83  85  86  88
  40  90  91  93  96  97  98  99 100 101 125 104 105 106 109 111 113 114
 115 116 119 120 121 124 126 993 130 131 132 135 136 895 638 643 644 649
 905 659 664 893 674 898 850 981]
ids [   8   22   66   77   80   95  110 1064  138  263  273  503  504  518
  519  529  534  543  663  678  680  715  718  720  723  725  758  760
  765  768 1077  409  903  947  952  953  954  955  956  957  958  959
  960  961  962  963  964  965  967  968  969  970  971  972  973  974
  975  976  977  978  979  980   33  982  984 1076  986  987  989  991
  992  994  995  996  997  998  999 1000 1001 1002 1003 1004 1005 1006
 1007 1008 1009 1010 1011 1012 1013 1014 1015 1016 1017 1018 1019 1020
 1021 1022 1023 1024 1025 1026 1027 1029 1031 1032 1034 1036 1037 1039
 1041 1042 1045 1046 1047 1050 1051 1052 1081 1055 1056 1057 1058 1060
 1061 1062 1063 1065 1066 1067 1068 1069 1070 1071 1072  514  951   36
  966   51]
ids [   5   48  139  234  238 1075  244  248 1040  258  810  985  378  533
  677 1038  682  683  684  685  686  687  688  689  690  691  692  694
  695  696  697  698  699  700  701  702  703  704  705  706  707  708
  709  710 1080  712  713  714  716  717  719  721  722  724  726  727
  728  729  730  731  732  733  734  735  736  737  738  739  740  784
  742  743  744  745  746  747  748  749  750  751  752  754  755  756
  757  759  761  762  763  764  766  767  769  772  773  774  775  776
  777  778  779  780  781  782  785  254  787  788  790  791  792  793
  795  796  797  921  800  802  805  806  807  811  828  876  801  771
  950  983  988  990 1028 1030 1033 1035  770  804]
ids [  6 102 107 108 112 117 118 123 133 183 228 103 310 313 315 320 353 355
 358 360 363 365 400 403 411 438 128 542 654 547 548 549 550 551 552 553
 554 555 556 557 559 560 562 563 564 565 566 567 568 569 570 571 572 573
 574 575 576 577 579 581 582 584 586 587 589 592 593 594 595 596 597 598
 599 600 601 602 603 604 605 606 607 608 609 610 611 612 613 614 615 616
 617 618 619 620 621 622 624 626 627 629 631 632 634 635 636 637 639 640
 641 642 645 646 647 648 650 426 652 653 655 656 657 658 660 661 662 665
 590 667 671 672 676 813 405 561 670 544 669 580]
ids [ 122  140  173  178  185  220  223  230  265  268  270  318  407  408
  225  412  413  414  415  416  417  418  419  420  421  422  423  424
  425 1074  427  428  429  430  431  432  433  434  435  436  437  439
  440  441  442  444  446  447  449  451  452  454  456  457  458  459
  460  461  462  463  464  465  466  467  468  469  470  471  472  473
  474  475  476  477  478  479  480  481  482  483  484  485  486  487
  488  489  491  492  494  496  497  499  502  505  506  507  508  509
  510  511  512  513  501  515  516  517  520  521  522  523  524  525
  526  527  528  530  531  532  536  537  539  541  558 1079  588  591
  803  949 1043 1044 1048 1049 1053 1059 1054  651  175  546  455  490
  666]
ids [ 137  142  143  144  145  146  147  148  149  150  151  152  154  155
  157  158  159  160  161  162  163  164  165  166  167  169  170  679
  172  174  249  176  177  179  180  181  182  184  187  188  189  190
  191  192  193  194  195  196  197  198  199  200  202  203  204  205
  206  207  208  209  210  211  212  214  215  217  218  219  221  222
  224  201  226  227  229  232  233  235  236  237  240  241  242  243
  245 1073  247  250  251  252  253  231  255  256  257  260  276  262
  266  267  269  271  306  348 1078  393  396  410  443  445  448  450
  366  186  493  495  500  535  538  540  799  789  794  798  264  808
  809  259  933  216  321  239]
18:53:12-INFO: Step 62
18:53:12-DEBUG: Reaction systems: [[None]
 [0]]
18:53:12-DEBUG: rxn_pairs: [array([1, 2])]
18:53:12-DEBUG: Starting total colors: 5
18:53:12-DEBUG: Number of systems: 2
18:53:12-DEBUG: New total colors: 5
18:53:12-DEBUG: Potential energy for color 0: 4935.829559561389
ebond 62 2.04353210781255
18:53:12-DEBUG: Potential energy for color 1: 4936.738117699428
xhy 62 13 1 2
xhy 62 13 1 2
xhy 62 13 1 2
xhy 62 13 1 2
xhy 62 13 1 2
h_pos [ 7.21225022  9.73471203 10.31711998] x_pos [ 8.2969411 10.3612317 10.422516 ] y_pos [ 6.70009558  8.56771719 10.46840634]
62 rHY 1.2833810405522155 rHX 1.2570558987767684 0.026325141775447092
h_pos [ 7.21225022  9.73471203 10.31711998] x_pos [ 8.2969411 10.3612317 10.422516 ] y_pos [ 6.70009558  8.56771719 10.46840634]
62 rHY 1.2833810405522155 rHX 1.2570558987767684 0.026325141775447092
h_pos [ 7.21225022  9.73471203 10.31711998] x_pos [ 8.2969411 10.3612317 10.422516 ] y_pos [ 6.70009558  8.56771719 10.46840634]
h_pos [ 7.21225022  9.73471203 10.31711998] x_pos [ 8.2969411 10.3612317 10.422516 ] y_pos [ 6.70009558  8.56771719 10.46840634]
62 rHY 1.2833810405522155 rHX 1.2570558987767684 0.026325141775447092
h_pos [ 7.21225022  9.73471203 10.31711998] x_pos [ 8.2969411 10.3612317 10.422516 ] y_pos [ 6.70009558  8.56771719 10.46840634]
62 rHY 1.2833810405522155 rHX 1.2570558987767684 0.026325141775447092
62 rHY 1.2833810405522155 rHX 1.2570558987767684 0.026325141775447092
62 cpl_forces h [ 3.99491536  4.45636437 -0.10775171]
62 cpl_forces h [ 3.99491536  4.45636437 -0.10775171]
62 cpl_forces h [ 3.99491536  4.45636437 -0.10775171]
62 cpl_forces h [ 3.99491536  4.45636437 -0.10775171]
62 cpl_forces h [ 3.99491536  4.45636437 -0.10775171]
62 cpl_forces x [-2.73160116 -1.5777784  -0.26542114]
62 cpl_forces x [-2.73160116 -1.5777784  -0.26542114]
62 cpl_forces x [-2.73160116 -1.5777784  -0.26542114]
62 cpl_forces y [-1.26331421 -2.87858597  0.37317286]
62 cpl_forces y [-1.26331421 -2.87858597  0.37317286]
62 cpl_forces y [-1.26331421 -2.87858597  0.37317286]
62 cpl_forces x [-2.73160116 -1.5777784  -0.26542114]
62 cpl_forces x [-2.73160116 -1.5777784  -0.26542114]
62 cpl_forces y [-1.26331421 -2.87858597  0.37317286]
62 cpl_forces y [-1.26331421 -2.87858597  0.37317286]
18:53:12-DEBUG: System matrix: 
18:53:12-DEBUG: [[4.93582956e+03 3.75789975e+00]
 [3.75789975e+00 4.93673812e+03]]
18:53:12-DEBUG: Eigen values: 
18:53:12-DEBUG: [4932.49858038 4940.06909688]
18:53:12-DEBUG: Occupancies: 
18:53:12-DEBUG: [1. 0.]
18:53:12-INFO: coupling 62 3.757899750467943
18:53:12-DEBUG: Amplitudes: 
18:53:12-DEBUG: [0.56000635 0.43999365]
18:53:12-INFO: forces0 h [11.98378193  8.95225128  0.69636575]
18:53:12-INFO: forces0 x [-10.3739426   -6.45588216  -1.08427836]
18:53:12-INFO: forces0 y [-1.00548959 -5.02040443  0.48592102]
18:53:12-INFO: forces1 h [ -8.85297305 -14.42400726   1.28899678]
18:53:12-INFO: forces1 x [4.00557224 1.55893344 0.24210709]
18:53:12-INFO: forces1 y [ 5.52749507 10.92426339 -1.53252836]
pos h  [ 7.21225022  9.73471203 10.31711998]
pos x  [ 8.2969411 10.3612317 10.422516 ]
pos y  [ 6.70009558  8.56771719 10.46840634]
 mixed_cpl_forces: h [-3.96604154 -4.42415535  0.10697292]
 mixed_cpl_forces: x [2.71185812 1.56637478 0.26350277]
 mixed_cpl_forces: y [ 1.25418342  2.85778057 -0.3704757 ]
18:53:12-INFO: mixed forces h [-1.15029947 -5.75730937  1.06409256]
18:53:12-INFO: mixed forces x [-1.33518928 -1.36303942 -0.23717441]
18:53:12-INFO: mixed forces y [ 3.12316559  4.85292872 -0.77265958]
18:53:12-DEBUG: Minimum eigen value: 
18:53:12-DEBUG: 4932.498580382004
18:53:12-DEBUG: Minimum state: 
18:53:12-DEBUG: 0
        62     4932.4985803820     5059.9335866876      912.8519560989     4935.8295595614      127.4350063056      0.50916480
ids [ 137  142  143  144  145  146  147  148  149  150  151  152  154  155
  157  158  159  160  161  162  163  164  165  166  167  169  170  679
  172  174  249  176  177  179  180  181  182  184  187  188  189  190
  191  192  193  194  195  196  197  198  199  200  202  203  204  205
  206  207  208  209  210  211  212  214  215  217  218  219  221  222
  224  201  226  227  229  232  233  235  236  237  240  241  242  243
  245 1073  247  250  251  252  253  231  255  256  257  260  276  262
  266  267  269  271  306  348 1078  393  396  410  443  445  448  450
  366  186  493  495  500  535  538  540  799  789  794  798  264  808
  809  259  933  216  321  239]
ids [   8   22   66   77   80   95  110 1064  138  263  273  503  504  518
  519  529  534  543  663  678  680  715  718  720  723  725  758  760
  765  768 1077  409  903  947  952  953  954  955  956  957  958  959
  960  961  962  963  964  965  967  968  969  970  971  972  973  974
  975  976  977  978  979  980   33  982  984 1076  986  987  989  991
  992  994  995  996  997  998  999 1000 1001 1002 1003 1004 1005 1006
 1007 1008 1009 1010 1011 1012 1013 1014 1015 1016 1017 1018 1019 1020
 1021 1022 1023 1024 1025 1026 1027 1029 1031 1032 1034 1036 1037 1039
 1041 1042 1045 1046 1047 1050 1051 1052 1081 1055 1056 1057 1058 1060
 1061 1062 1063 1065 1066 1067 1068 1069 1070 1071 1072  514  951   36
  966   51 1035]
ids [   5   48  139  234  238 1075  244  248 1040  258  810  985  378  533
  677 1038  682  683  684  685  686  687  688  689  690  691  692  694
  695  696  697  698  699  700  701  702  703  704  705  706  707  708
  709  710 1080  712  713  714  716  717  719  721  722  724  726  727
  728  729  730  731  732  733  734  735  736  737  738  739  740  784
  742  743  744  745  746  747  748  749  750  751  752  754  755  756
  757  759  761  762  763  764  766  767  769  772  773  774  775  776
  777  778  779  780  781  782  785  254  787  788  790  791  792  793
  795  796  797  921  800  802  805  806  807  811  828  876  801  771
  950  983  988  990 1028 1030 1033  804  770]
ids [  6 102 107 108 112 117 118 123 133 183 228 103 310 313 315 320 353 355
 358 360 363 365 400 403 411 438 128 542 654 547 548 549 550 551 552 553
 554 555 556 557 559 560 562 563 564 565 566 567 568 569 570 571 572 573
 574 575 576 577 579 581 582 584 586 587 589 592 593 594 595 596 597 598
 599 600 601 602 603 604 605 606 607 608 609 610 611 612 613 614 615 616
 617 618 619 620 621 622 624 626 627 629 631 632 634 635 636 637 639 640
 641 642 645 646 647 648 650 426 652 653 655 656 657 658 660 661 662 665
 590 667 671 672 676 813 405 561 670 544 669 580]
ids [ 122  140  173  178  185  220  223  230  265  268  270  318  407  408
  225  412  413  414  415  416  417  418  419  420  421  422  423  424
  425 1074  427  428  429  430  431  432  433  434  435  436  437  439
  440  441  442  444  446  447  449  451  452  454  456  457  458  459
  460  461  462  463  464  465  466  467  468  469  470  471  472  473
  474  475  476  477  478  479  480  481  482  483  484  485  486  487
  488  489  491  492  494  496  497  499  502  505  506  507  508  509
  510  511  512  513  501  515  516  517  520  521  522  523  524  525
  526  527  528  530  531  532  536  537  539  541  558 1079  588  591
  803  949 1043 1044 1048 1049 1053 1059 1054  651  175  546  455  490
  666]
ids [127 141 153 156 168 913 379 213 928 171 272 929 277 278 279 280 281 282
 283 284 285 286 287 288 289 290 291 292 293 294 295 296 297 298 299 300
 301 302 303 304 305 307 308 309 311 312 314 316 317 319 261 322 323 324
 325 326 327 328 329 330 331 332 333 334 335 336 337 338 339 340 341 342
 343 344 345 346 347 349 350 351 352 354 356 357 359 361 362 364 246 367
 934 370 371 372 373 374 375 376 377 380 382 383 385 386 387 388 389 390
 391 392 394 395 397 401 402 381 406 453 498 545 578 918 583 585 914 623
 625 628 630 633 275 675 943 909]
ids [815  38 936  43  45  82  84  87  92  94 129 134 274 368  89 384 398 399
 404 668 673 681 693 753 711 783 860 812 816 817 818 819 820 821 822 823
 824 825 826 827 829 830 831 832 833 834 835 836 837 838 839 840 841 842
 843 844 845 847 848 849 851 852 853 854 855 856 857 858 859 861 862 863
 864 865 866 867 868 869 870 871 872 873 874 875 946 877 878 879 880 881
 882 883 884 885 886 887 888 889 890 892 894 896 897 899 901 902 904 906
 907 908 910 911 912 915 916 917 920 924 922 923 925 926 927 948 930 931
 932 846 935 937 939 814 941 942 944 919 369  50 786 891 741 945]
ids [  1   2   3   4   9  10  11  12  13  14  15  16  17  18  19  20  21  23
  24  25  26  27  28  29  30  31  32 938  34  35   7  37  39  41  42  44
  46  47  49 940 900  52  53  54  55  56  57  58  59  60  61  62  63  64
  65  67  68  69  70  71  72  73  74  75  76  78  79  81  83  85  86  88
  40  90  91  93  96  97  98  99 100 101 125 104 105 106 109 111 113 114
 115 116 119 120 121 124 126 993 130 131 132 135 136 895 638 643 644 649
 905 659 664 893 674 898 850 981]
18:53:12-INFO: Step 63
18:53:12-DEBUG: Reaction systems: [[None]
 [0]]
18:53:12-DEBUG: rxn_pairs: [array([1, 2])]
18:53:12-DEBUG: Starting total colors: 5
18:53:12-DEBUG: Number of systems: 2
18:53:12-DEBUG: New total colors: 5
18:53:12-DEBUG: Potential energy for color 0: 4937.08457789481
ebond 63 2.361912549601098
18:53:12-DEBUG: Potential energy for color 1: 4939.179481143478
xhy 63 13 1 2
xhy 63 13 1 2
xhy 63 13 1 2
xhy 63 13 1 2
xhy 63 13 1 2
h_pos [ 7.26093908  9.73874746 10.32517846] x_pos [ 8.29609892 10.35419898 10.42207762] y_pos [ 6.70593129  8.56549067 10.46813348]
63 rHY 1.3057569742477526 rHX 1.2081911761507518 0.09756579809700083
h_pos [ 7.26093908  9.73874746 10.32517846] x_pos [ 8.29609892 10.35419898 10.42207762] y_pos [ 6.70593129  8.56549067 10.46813348]
63 rHY 1.3057569742477526 rHX 1.2081911761507518 0.09756579809700083
h_pos [ 7.26093908  9.73874746 10.32517846] x_pos [ 8.29609892 10.35419898 10.42207762] y_pos [ 6.70593129  8.56549067 10.46813348]
63 rHY 1.3057569742477526 rHX 1.2081911761507518 0.09756579809700083
h_pos [ 7.26093908  9.73874746 10.32517846] x_pos [ 8.29609892 10.35419898 10.42207762] y_pos [ 6.70593129  8.56549067 10.46813348]
h_pos [ 7.26093908  9.73874746 10.32517846] x_pos [ 8.29609892 10.35419898 10.42207762] y_pos [ 6.70593129  8.56549067 10.46813348]
63 rHY 1.3057569742477526 rHX 1.2081911761507518 0.09756579809700083
63 rHY 1.3057569742477526 rHX 1.2081911761507518 0.09756579809700083
63 cpl_forces h [13.05851853 14.34308408 -0.29827378]
63 cpl_forces h [13.05851853 14.34308408 -0.29827378]
63 cpl_forces h [13.05851853 14.34308408 -0.29827378]
63 cpl_forces h [13.05851853 14.34308408 -0.29827378]
63 cpl_forces x [-8.72840112 -5.1894476  -0.81704751]
63 cpl_forces x [-8.72840112 -5.1894476  -0.81704751]
63 cpl_forces x [-8.72840112 -5.1894476  -0.81704751]
63 cpl_forces y [-4.33011741 -9.15363648  1.11532129]
63 cpl_forces h [13.05851853 14.34308408 -0.29827378]
63 cpl_forces x [-8.72840112 -5.1894476  -0.81704751]
63 cpl_forces y [-4.33011741 -9.15363648  1.11532129]
63 cpl_forces x [-8.72840112 -5.1894476  -0.81704751]
63 cpl_forces y [-4.33011741 -9.15363648  1.11532129]
63 cpl_forces y [-4.33011741 -9.15363648  1.11532129]
63 cpl_forces y [-4.33011741 -9.15363648  1.11532129]
18:53:12-DEBUG: System matrix: 
18:53:12-DEBUG: [[4.93708458e+03 3.26298713e+00]
 [3.26298713e+00 4.93917948e+03]]
18:53:12-DEBUG: Eigen values: 
18:53:12-DEBUG: [4934.70504251 4941.55901653]
18:53:12-DEBUG: Occupancies: 
18:53:12-DEBUG: [1. 0.]
18:53:12-INFO: coupling 63 3.2629871334428735
18:53:12-DEBUG: Amplitudes: 
18:53:12-DEBUG: [0.65282399 0.34717601]
18:53:12-INFO: forces0 h [9.80264867 7.37089956 0.56139099]
18:53:12-INFO: forces0 x [-8.38418231 -5.46003525 -0.84973873]
18:53:12-INFO: forces0 y [-0.8484878  -4.32159066  0.3993806 ]
18:53:12-INFO: forces1 h [-11.88722806 -16.59036188   1.08865543]
18:53:12-INFO: forces1 x [6.2264588  2.9282329  0.45217428]
18:53:12-INFO: forces1 y [ 6.30589699 11.78591014 -1.52680606]
pos h  [ 7.26093908  9.73874746 10.32517846]
pos x  [ 8.29609892 10.35419898 10.42207762]
pos y  [ 6.70593129  8.56549067 10.46813348]
 mixed_cpl_forces: h [-12.43359775 -13.65668989   0.28399976]
 mixed_cpl_forces: x [8.3106999  4.94110445 0.77794737]
 mixed_cpl_forces: y [ 4.12289786  8.71558544 -1.06194713]
18:53:12-INFO: mixed forces h [-10.16115404 -14.60456559   1.02844432]
18:53:12-INFO: mixed forces x [4.99898174 2.3932747  0.38020161]
18:53:12-INFO: mixed forces y [ 5.75824086  9.98613271 -1.33129234]
18:53:12-DEBUG: Minimum eigen value: 
18:53:12-DEBUG: 4934.705042513284
18:53:12-DEBUG: Minimum state: 
18:53:12-DEBUG: 0
        63     4934.7050425133     5060.1507008749      898.6017103099     4937.0845778948      125.4456583617      0.51607133
ids [  1   2   3   4   9  10  11  12  13  14  15  16  17  18  19  20  21  23
  24  25  26  27  28  29  30  31  32 938  34  35   7  37  39  41  42  44
  46  47  49 940 900  52  53  54  55  56  57  58  59  60  61  62  63  64
  65  67  68  69  70  71  72  73  74  75  76  78  79  81  83  85  86  88
  40  90  91  93  96  97  98  99 100 101 125 104 105 106 109 111 113 114
 115 116 119 120 121 124 126 993 130 131 132 135 136 895 638 643 644 649
 905 659 664 893 674 898 850 981]
ids [815  38 936  43  45  82  84  87  92  94 129 134 274 368  89 384 398 399
 404 668 673 681 693 753 711 783 860 812 816 817 818 819 820 821 822 823
 824 825 826 827 829 830 831 832 833 834 835 836 837 838 839 840 841 842
 843 844 845 847 848 849 851 852 853 854 855 856 857 858 859 861 862 863
 864 865 866 867 868 869 870 871 872 873 874 875 946 877 878 879 880 881
 882 883 884 885 886 887 888 889 890 892 894 896 897 899 901 902 904 906
 907 908 910 911 912 915 916 917 920 924 922 923 925 926 927 948 930 931
 932 846 935 937 939 814 941 942 944 919 369  50 786 891 741 945]
ids [   8   22   66   77   80   95  110 1064  138  263  273  503  504  518
  519  529  534  543  663  678  680  715  718  720  723  725  758  760
  765  768 1077  409  903  947  952  953  954  955  956  957  958  959
  960  961  962  963  964  965  967  968  969  970  971  972  973  974
  975  976  977  978  979  980   33  982  984 1076  986  987  989  991
  992  994  995  996  997  998  999 1000 1001 1002 1003 1004 1005 1006
 1007 1008 1009 1010 1011 1012 1013 1014 1015 1016 1017 1018 1019 1020
 1021 1022 1023 1024 1025 1026 1027 1029 1031 1032 1034 1036 1037 1039
 1041 1042 1045 1046 1047 1050 1051 1052 1081 1055 1056 1057 1058 1060
 1061 1062 1063 1065 1066 1067 1068 1069 1070 1071 1072  514  951   36
  966   51 1035]
ids [   5   48  139  770  238 1075  244  248 1040  258  810  985  378  533
  677 1038  682  683  684  685  686  687  688  689  690  691  692  694
  695  696  697  698  699  700  701  702  703  704  705  706  707  708
  709  710 1080  712  713  714  716  717  719  721  722  724  726  727
  728  729  730  731  732  733  734  735  736  737  738  739  740  784
  742  743  744  745  746  747  748  749  750  751  752  754  755  756
  757  759  761  762  763  764  766  767  769  772  773  774  775  776
  777  778  779  780  781  782  785  254  787  788  790  791  792  793
  795  796  797  921  800  802  805  806  807  811  828  876  801  771
  950  983  988  990 1028 1030 1033  804]
ids [  6 102 107 108 112 117 118 123 133 183 228 103 310 313 315 320 353 355
 358 360 363 365 400 403 411 438 128 542 654 547 548 549 550 551 552 553
 554 555 556 557 559 560 562 563 564 565 566 567 568 569 570 571 572 573
 574 575 576 577 579 581 582 584 586 587 589 592 593 594 595 596 597 598
 599 600 601 602 603 604 605 606 607 608 609 610 611 612 613 614 615 616
 617 618 619 620 621 622 624 626 627 629 631 632 634 635 636 637 639 640
 641 642 645 646 647 648 650 426 652 653 655 656 657 658 660 661 662 665
 590 667 671 672 676 813 405 561 670 544 669 580]
ids [ 122  140  173  178  185  220  223  230  265  268  270  318  407  408
  225  412  413  414  415  416  417  418  419  420  421  422  423  424
  425 1074  427  428  429  430  431  432  433  434  435  436  437  439
  440  441  442  444  446  447  449  451  452  454  456  457  458  459
  460  461  462  463  464  465  466  467  468  469  470  471  472  473
  474  475  476  477  478  479  480  481  482  483  484  485  486  487
  488  489  491  492  494  496  497  499  502  505  506  507  508  509
  510  511  512  513  501  515  516  517  520  521  522  523  524  525
  526  527  528  530  531  532  536  537  539  541  558 1079  588  591
  803  949 1043 1044 1048 1049 1053 1059 1054  651  175  546  455  490
  666]
ids [127 141 153 156 168 913 379 213 928 171 272 929 277 278 279 280 281 282
 283 284 285 286 287 288 289 290 291 292 293 294 295 296 297 298 299 300
 301 302 303 304 305 307 308 309 311 312 314 316 317 319 261 322 323 324
 325 326 327 328 329 330 331 332 333 334 335 336 337 338 339 340 341 342
 343 344 345 346 347 349 350 351 352 354 356 357 359 361 362 364 246 367
 934 370 371 372 373 374 375 376 377 380 382 383 385 386 387 388 389 390
 391 392 394 395 397 401 402 381 406 453 498 545 578 918 583 585 914 623
 625 628 630 633 275 675 943 909]
ids [ 137  142  143  144  145  146  147  148  149  150  151  152  154  155
  157  158  159  160  161  162  163  164  165  166  167  169  170  679
  172  174  249  176  177  179  180  181  182  184  187  188  189  190
  191  192  193  194  195  196  197  198  199  200  202  203  204  205
  206  207  208  209  210  211  212  214  215  217  218  219  221  222
  224  201  226  227  229  232  233  235  236  237  240  241  242  243
  245 1073  247  250  251  252  253  231  255  256  257  260  276  262
  266  267  269  271  306  348 1078  393  396  410  443  445  448  450
  366  186  493  495  500  535  538  540  799  789  794  798  264  808
  809  259  933  216  321  239  234]
18:53:12-INFO: Step 64
18:53:12-DEBUG: Reaction systems: [[None]
 [0]]
18:53:12-DEBUG: rxn_pairs: [array([1, 2])]
18:53:12-DEBUG: Starting total colors: 5
18:53:12-DEBUG: Number of systems: 2
18:53:12-DEBUG: New total colors: 5
18:53:12-DEBUG: Potential energy for color 0: 4938.3855629709715
ebond 64 2.639850046606084
18:53:12-DEBUG: Potential energy for color 1: 4941.581226230546
xhy 64 13 1 2
xhy 64 13 1 2
xhy 64 13 1 2
xhy 64 13 1 2
xhy 64 13 1 2
h_pos [ 7.30705006  9.73859041 10.33361095] x_pos [ 8.29532495 10.34719071 10.4216438 ] y_pos [ 6.71187603  8.5634516  10.46783419]
h_pos [ 7.30705006  9.73859041 10.33361095] x_pos [ 8.29532495 10.34719071 10.4216438 ] y_pos [ 6.71187603  8.5634516  10.46783419]
64 rHY 1.3240842955433185 rHX 1.1639722335146039 0.16011206202871464
h_pos [ 7.30705006  9.73859041 10.33361095] x_pos [ 8.29532495 10.34719071 10.4216438 ] y_pos [ 6.71187603  8.5634516  10.46783419]
64 rHY 1.3240842955433185 rHX 1.1639722335146039 0.16011206202871464
h_pos [ 7.30705006  9.73859041 10.33361095] x_pos [ 8.29532495 10.34719071 10.4216438 ] y_pos [ 6.71187603  8.5634516  10.46783419]
h_pos [ 7.30705006  9.73859041 10.33361095] x_pos [ 8.29532495 10.34719071 10.4216438 ] y_pos [ 6.71187603  8.5634516  10.46783419]
64 rHY 1.3240842955433185 rHX 1.1639722335146039 0.16011206202871464
64 rHY 1.3240842955433185 rHX 1.1639722335146039 0.16011206202871464
64 rHY 1.3240842955433185 rHX 1.1639722335146039 0.16011206202871464
64 cpl_forces h [16.77482167 18.21936535 -0.33250161]
64 cpl_forces h [16.77482167 18.21936535 -0.33250161]
64 cpl_forces h [16.77482167 18.21936535 -0.33250161]
64 cpl_forces h [16.77482167 18.21936535 -0.33250161]
64 cpl_forces x [-10.96815608  -6.75441929  -0.97701363]
64 cpl_forces h [16.77482167 18.21936535 -0.33250161]
64 cpl_forces x [-10.96815608  -6.75441929  -0.97701363]
64 cpl_forces x [-10.96815608  -6.75441929  -0.97701363]
64 cpl_forces y [ -5.80666559 -11.46494606   1.30951524]
64 cpl_forces y [ -5.80666559 -11.46494606   1.30951524]
64 cpl_forces y [ -5.80666559 -11.46494606   1.30951524]
64 cpl_forces x [-10.96815608  -6.75441929  -0.97701363]
64 cpl_forces x [-10.96815608  -6.75441929  -0.97701363]
64 cpl_forces y [ -5.80666559 -11.46494606   1.30951524]
64 cpl_forces y [ -5.80666559 -11.46494606   1.30951524]
18:53:12-DEBUG: System matrix: 
18:53:12-DEBUG: [[4.93838556e+03 2.52129958e+00]
 [2.52129958e+00 4.94158123e+03]]
18:53:12-DEBUG: Eigen values: 
18:53:12-DEBUG: [4936.99842936 4942.96835984]
18:53:12-DEBUG: Occupancies: 
18:53:12-DEBUG: [1. 0.]
18:53:12-INFO: coupling 64 2.5212995807896506
18:53:12-DEBUG: Amplitudes: 
18:53:12-DEBUG: [0.76764661 0.23235339]
18:53:12-INFO: forces0 h [7.87599623 6.06716042 0.42001925]
18:53:12-INFO: forces0 x [-6.59239749 -4.54570641 -0.64030624]
18:53:12-INFO: forces0 y [-0.74995534 -3.82554532  0.34450056]
18:53:12-INFO: forces1 h [-16.05081031 -19.40444717   0.77488756]
18:53:12-INFO: forces1 x [9.627855   5.13724304 0.74409479]
18:53:12-INFO: forces1 y [ 7.03002987 12.45149984 -1.48938749]
pos h  [ 7.30705006  9.73859041 10.33361095]
pos x  [ 8.29532495 10.34719071 10.4216438 ]
pos y  [ 6.71187603  8.5634516  10.46783419]
 mixed_cpl_forces: h [-14.16912675 -15.38928413   0.28085291]
 mixed_cpl_forces: x [9.26443194 5.70523043 0.8252505 ]
 mixed_cpl_forces: y [ 4.9046948   9.6840537  -1.10610341]
18:53:12-INFO: mixed forces h [-11.85260523 -15.24053819   0.78332702]
18:53:12-INFO: mixed forces x [6.44086518 3.4093902  0.50661454]
18:53:12-INFO: mixed forces y [ 5.96244543  9.64053507 -1.18771297]
18:53:12-DEBUG: Minimum eigen value: 
18:53:12-DEBUG: 4936.998429359212
18:53:12-DEBUG: Minimum state: 
18:53:12-DEBUG: 0
        64     4936.9984293592     5060.1801006775      882.3841492091     4938.3855629710      123.1816713183      0.51330090
ids [  1   2   3   4   9  10  11  12  13  14  15  16  17  18  19  20  21  23
  24  25  26  27  28  29  30  31  32 938  34  35   7  37  39  41  42  44
  46  47  49 940 900  52  53  54  55  56  57  58  59  60  61  62  63  64
  65  67  68  69  70  71  72  73  74  75  76  78  79  81  83  85  86  88
  40  90  91  93  96  97  98  99 100 101 125 104 105 106 109 111 113 114
 115 116 119 120 121 124 126 993 130 131 132 135 136 895 638 643 644 649
 905 659 664 893 674 898 850 981]
ids [ 137  142  143  144  145  146  147  148  149  150  151  152  154  155
  157  158  159  160  161  162  163  164  165  166  167  169  170  679
  172  174  249  176  177  179  180  181  182  184  187  188  189  190
  191  192  193  194  195  196  197  198  199  200  202  203  204  205
  206  207  208  209  210  211  212  214  215  217  218  219  221  222
  224  201  226  227  229  232  233  235  236  237  240  241  242  243
  245 1073  247  250  251  252  253  231  255  256  257  260  276  262
  266  267  269  271  306  348 1078  393  396  410  443  445  448  450
  366  186  493  495  500  535  538  540  799  789  794  798  264  808
  809  259  933  216  321  239  234]
ids [127 141 153 156 168 913 379 213 928 171 272 929 277 278 279 280 281 282
 283 284 285 286 287 288 289 290 291 292 293 294 295 296 297 298 299 300
 301 302 303 304 305 307 308 309 311 312 314 316 317 319 261 322 323 324
 325 326 327 328 329 330 331 332 333 334 335 336 337 338 339 340 341 342
 343 344 345 346 347 349 350 351 352 354 356 357 359 361 362 364 246 367
 934 370 371 372 373 374 375 376 377 380 382 383 385 386 387 388 389 390
 391 392 394 395 397 401 402 381 406 453 498 545 578 918 583 585 914 623
 625 628 630 633 275 675 943 909]
ids [815  38 936  43  45  82  84  87  92  94 129 134 274 368  89 384 398 399
 404 668 673 681 693 753 711 783 860 812 816 817 818 819 820 821 822 823
 824 825 826 827 829 830 831 832 833 834 835 836 837 838 839 840 841 842
 843 844 845 847 848 849 851 852 853 854 855 856 857 858 859 861 862 863
 864 865 866 867 868 869 870 871 872 873 874 875 946 877 878 879 880 881
 882 883 884 885 886 887 888 889 890 892 894 896 897 899 901 902 904 906
 907 908 910 911 912 915 916 917 920 924 922 923 925 926 927 948 930 931
 932 846 935 937 939 814 941 942 944 919 369  50 786 891 741 945]
ids [   8   22   66   77   80   95  110 1064  138  263  273  503  504  518
  519  529  950  543  663  678  680  715  718  720  723  725  758  760
  765  768 1077  409  903  947  952  953  954  955  956  957  958  959
  960  961  962  963  964  965  967  968  969  970  971  972  973  974
  975  976  977  978  979  980   33  982  984 1076  986  987  989  991
  992  994  995  996  997  998  999 1000 1001 1002 1003 1004 1005 1006
 1007 1008 1009 1010 1011 1012 1013 1014 1015 1016 1017 1018 1019 1020
 1021 1022 1023 1024 1025 1026 1027 1029 1031 1032 1034 1036 1037 1039
 1041 1042 1045 1046 1047 1050 1051 1052 1081 1055 1056 1057 1058 1060
 1061 1062 1063 1065 1066 1067 1068 1069 1070 1071 1072  514  951   36
  966   51 1035]
ids [   5   48  139  770  238 1075  244  248 1040  258  810  985  378  533
  677 1038  682  683  684  685  686  687  688  689  690  691  692  694
  695  696  697  698  699  700  701  702  703  704  705  706  707  708
  709  710 1080  712  713  714  716  717  719  721  722  724  726  727
  728  729  730  731  732  733  734  735  736  737  738  739  740  784
  742  743  744  745  746  747  748  749  750  751  752  754  755  756
  757  759  761  762  763  764  766  767  769  772  773  774  775  776
  777  778  779  780  781  782  785  254  787  788  790  791  792  793
  795  796  797  921  800  802  805  806  807  811  828  876  801  771
  804  983  988  990 1028 1030 1033]
ids [  6 102 107 108 112 117 118 123 133 183 228 103 310 313 315 320 353 355
 358 360 363 365 400 403 411 438 128 542 654 547 548 549 550 551 552 553
 554 555 556 557 559 560 562 563 564 565 566 567 568 569 570 571 572 573
 574 575 576 577 579 581 582 584 586 587 589 592 593 594 595 596 597 598
 599 600 601 602 603 604 605 606 607 608 609 610 611 612 613 614 615 616
 617 618 619 620 621 622 624 626 627 629 631 632 634 635 636 637 639 640
 641 642 645 646 647 648 650 426 652 653 655 656 657 658 660 661 662 665
 590 667 671 672 676 813 405 561 670 544 669 580]
ids [ 122  140  173  178  185  220  223  230  265  268  270  318  407  408
  225  412  413  414  415  416  417  418  419  420  421  422  423  424
  425 1074  427  428  429  430  431  432  433  434  435  436  437  439
  440  441  442  444  446  447  449  451  452  454  456  457  458  459
  460  461  462  463  464  465  466  467  468  469  470  471  472  473
  474  475  476  477  478  479  480  481  482  483  484  485  486  487
  488  489  491  492  494  496  497  499  502  505  506  507  508  509
  510  511  512  513  501  515  516  517  520  521  522  523  524  525
  526  527  528  530  531  532  536  537  539  541  558 1079  588  591
  803  949 1043 1044 1048 1049 1053 1059 1054  651  175  546  455  490
  666  534]
18:53:12-INFO: Step 65
18:53:12-DEBUG: Reaction systems: [[None]
 [0]]
18:53:12-DEBUG: rxn_pairs: [array([1, 2])]
18:53:12-DEBUG: Starting total colors: 5
18:53:12-DEBUG: Number of systems: 2
18:53:12-DEBUG: New total colors: 5
18:53:12-DEBUG: Potential energy for color 0: 4939.697228414143
ebond 65 2.8245340176573075
18:53:12-DEBUG: Potential energy for color 1: 4943.855594123968
xhy 65 13 1 2
xhy 65 13 1 2
xhy 65 13 1 2
xhy 65 13 1 2
xhy 65 13 1 2
h_pos [ 7.34858697  9.73248207 10.34236258] x_pos [ 8.29471059 10.34026347 10.4212232 ] y_pos [ 6.71796336  8.56165529 10.46750385]
h_pos [ 7.34858697  9.73248207 10.34236258] x_pos [ 8.29471059 10.34026347 10.4212232 ] y_pos [ 6.71796336  8.56165529 10.46750385]
65 rHY 1.335732693558649 rHX 1.1272830744546762 0.20844961910397286
h_pos [ 7.34858697  9.73248207 10.34236258] x_pos [ 8.29471059 10.34026347 10.4212232 ] y_pos [ 6.71796336  8.56165529 10.46750385]
65 rHY 1.335732693558649 rHX 1.1272830744546762 0.20844961910397286
h_pos [ 7.34858697  9.73248207 10.34236258] x_pos [ 8.29471059 10.34026347 10.4212232 ] y_pos [ 6.71796336  8.56165529 10.46750385]
h_pos [ 7.34858697  9.73248207 10.34236258] x_pos [ 8.29471059 10.34026347 10.4212232 ] y_pos [ 6.71796336  8.56165529 10.46750385]
65 rHY 1.335732693558649 rHX 1.1272830744546762 0.20844961910397286
65 rHY 1.335732693558649 rHX 1.1272830744546762 0.20844961910397286
65 rHY 1.335732693558649 rHX 1.1272830744546762 0.20844961910397286
65 cpl_forces h [16.58522435 17.90409975 -0.30012189]
65 cpl_forces h [16.58522435 17.90409975 -0.30012189]
65 cpl_forces h [16.58522435 17.90409975 -0.30012189]
65 cpl_forces h [16.58522435 17.90409975 -0.30012189]
65 cpl_forces x [-10.61442704  -6.81861347  -0.88472607]
65 cpl_forces x [-10.61442704  -6.81861347  -0.88472607]
65 cpl_forces h [16.58522435 17.90409975 -0.30012189]
65 cpl_forces x [-10.61442704  -6.81861347  -0.88472607]
65 cpl_forces x [-10.61442704  -6.81861347  -0.88472607]
65 cpl_forces x [-10.61442704  -6.81861347  -0.88472607]
65 cpl_forces y [ -5.97079731 -11.08548628   1.18484796]
65 cpl_forces y [ -5.97079731 -11.08548628   1.18484796]
65 cpl_forces y [ -5.97079731 -11.08548628   1.18484796]
65 cpl_forces y [ -5.97079731 -11.08548628   1.18484796]
65 cpl_forces y [ -5.97079731 -11.08548628   1.18484796]
18:53:12-DEBUG: System matrix: 
18:53:12-DEBUG: [[4.93969723e+03 1.89596612e+00]
 [1.89596612e+00 4.94385559e+03]]
18:53:12-DEBUG: Eigen values: 
18:53:12-DEBUG: [4938.96257245 4944.59025008]
18:53:12-DEBUG: Occupancies: 
18:53:12-DEBUG: [1. 0.]
18:53:12-INFO: coupling 65 1.8959661200378792
18:53:12-DEBUG: Amplitudes: 
18:53:12-DEBUG: [0.86945664 0.13054336]
18:53:12-INFO: forces0 h [6.32249848 5.0808427  0.29056511]
18:53:12-INFO: forces0 x [-5.11552034 -3.77991901 -0.46707686]
18:53:12-INFO: forces0 y [-0.71463574 -3.50628647  0.31389096]
18:53:12-INFO: forces1 h [-21.17032742 -22.8432254    0.38077209]
18:53:12-INFO: forces1 x [14.11146673  8.25950878  1.08063845]
18:53:12-INFO: forces1 y [ 7.6203031  12.82393143 -1.41639117]
pos h  [ 7.34858697  9.73248207 10.34236258]
pos x  [ 8.29471059 10.34026347 10.4212232 ]
pos y  [ 6.71796336  8.56165529 10.46750385]
 mixed_cpl_forces: h [-11.17513317 -12.06379213   0.2022223 ]
 mixed_cpl_forces: x [7.1520067  4.59438546 0.59612891]
 mixed_cpl_forces: y [ 4.02312647  7.46940667 -0.7983512 ]
18:53:12-INFO: mixed forces h [ -8.44164062 -10.62825117   0.50456333]
18:53:12-INFO: mixed forces x [4.5464419  2.38613383 0.331096  ]
18:53:12-INFO: mixed forces y [ 4.39656167  6.09492175 -0.71033709]
18:53:12-DEBUG: Minimum eigen value: 
18:53:12-DEBUG: 4938.9625724548205
18:53:12-DEBUG: Minimum state: 
18:53:12-DEBUG: 0
        65     4938.9625724548     5060.1049171856      867.7758926674     4939.6972284141      121.1423447308      0.50837909
ids [  1   2   3   4   9  10  11  12  13  14  15  16  17  18  19  20  21  23
  24  25  26  27  28  29  30  31  32 938  34  35   7  37  39  41  42  44
  46  47  49 940 900  52  53  54  55  56  57  58  59  60  61  62  63  64
  65  67  68  69  70  71  72  73  74  75  76  78  79  81  83  85  86  88
  40  90  91  93  96  97  98  99 100 101 125 104 105 106 109 111 113 114
 115 116 119 120 121 124 126 993 130 131 132 135 136 895 638 643 644 649
 905 659 664 893 674 898 850 981]
ids [ 122  140  173  178  185  220  223  230  265  268  270  318  407  408
  225  412  413  414  415  416  417  418  419  420  421  422  423  424
  425 1074  427  428  429  430  431  432  433  434  435  436  437  439
  440  441  442  444  446  447  449  451  452  454  456  457  458  459
  460  461  462  463  464  465  466  467  468  469  470  471  472  473
  474  475  476  477  478  479  480  481  482  483  484  485  486  487
  488  489  491  492  494  496  497  499  502  505  506  507  508  509
  510  511  512  513  501  515  516  517  520  521  522  523  524  525
  526  527  528  530  531  532  536  537  539  541  558 1079  588  591
  803  949 1043 1044 1048 1049 1053 1059 1054  651  175  546  455  490
  666  534]
ids [ 137  142  143  144  145  146  147  148  149  150  151  152  154  155
  157  158  159  160  161  162  163  164  165  166  167  169  170  679
  172  174  249  176  177  179  180  181  182  184  187  188  189  190
  191  192  193  194  195  196  197  198  199  200  202  203  204  205
  206  207  208  209  210  211  212  214  215  217  218  219  221  222
  224  201  226  227  229  232  233  235  236  237  240  241  242  243
  245 1073  247  250  251  252  253  231  255  256  257  260  276  262
  266  267  269  271  306  348 1078  393  396  410  443  445  448  450
  366  186  493  495  500  535  538  540  799  789  794  798  264  808
  809  259  933  216  321  239  234]
ids [127 141 153 156 168 913 379 213 928 171 272 929 277 278 279 280 281 282
 283 284 285 286 287 288 289 290 291 292 293 294 295 296 297 298 299 300
 301 302 303 304 305 307 308 309 311 312 314 316 317 319 261 322 323 324
 325 326 327 328 329 330 331 332 333 334 335 336 337 338 339 340 341 342
 343 344 345 346 347 349 350 351 352 354 356 357 359 361 362 364 246 367
 934 370 371 372 373 374 375 376 377 380 382 383 385 386 387 388 389 390
 391 392 394 395 397 401 402 381 406 453 498 545 578 918 583 585 914 623
 625 628 630 633 275 675 943 909]
ids [815  38 936  43  45  82  84  87  92  94 129 134 274 368  89 384 398 399
 404 668 673 681 693 753 711 783 860 812 816 817 818 819 820 821 822 823
 824 825 826 827 829 830 831 832 833 834 835 836 837 838 839 840 841 842
 843 844 845 847 848 849 851 852 853 854 855 856 857 858 859 861 862 863
 864 865 866 867 868 869 870 871 872 873 874 875 946 877 878 879 880 881
 882 883 884 885 886 887 888 889 890 892 894 896 897 899 901 902 904 906
 907 908 910 911 912 915 916 917 920 924 922 923 925 926 927 948 930 931
 932 846 935 937 939 814 941 942 944 919 369  50 786 891 741 945]
ids [   8   22   66   77   80   95  110 1064  138  263  273  503  504  518
  519  529  950  543  663  678  680  715  718  720  723  725  758  760
  765  768 1077  409  903  947  952  953  954  955  956  957  958  959
  960  961  962  963  964  965  967  968  969  970  971  972  973  974
  975  976  977  978  979  980   33  982  984 1076  986  987  989  991
  992  994  995  996  997  998  999 1000 1001 1002 1003 1004 1005 1006
 1007 1008 1009 1010 1011 1012 1013 1014 1015 1016 1017 1018 1019 1020
 1021 1022 1023 1024 1025 1026 1027 1029 1031 1032 1034 1036 1037 1039
 1041 1042 1045 1046 1047 1050 1051 1052 1081 1055 1056 1057 1058 1060
 1061 1062 1063 1065 1066 1067 1068 1069 1070 1071 1072  514  951   36
  966   51 1035]
ids [   5   48  139  770  238 1075  244  248 1040  258  810  985  378  533
  677 1038  682  683  684  685  686  687  688  689  690  691  692  694
  695  696  697  698  699  700  701  702  703  704  705  706  707  708
  709  710 1080  712  713  714  716  717  719  721  722  724  726  727
  728  729  730  731  732  733  734  735  736  737  738  739  740  784
  742  743  744  745  746  747  748  749  750  751  752  754  755  756
  757  759  761  762  763  764  766  767  769  772  773  774  775  776
  777  778  779  780  781  782  785  254  787  788  790  791  792  793
  795  796  797  921  800  802  805  806  807  811  828  876  801  771
  804  983  988  990 1028 1030 1033]
ids [  6 102 107 108 112 117 118 123 133 183 228 103 310 313 315 320 353 355
 358 360 363 365 400 403 411 438 128 542 654 547 548 549 550 551 552 553
 554 555 556 557 559 560 562 563 564 565 566 567 568 569 570 571 572 573
 574 575 576 577 579 581 582 584 586 587 589 592 593 594 595 596 597 598
 599 600 601 602 603 604 605 606 607 608 609 610 611 612 613 614 615 616
 617 618 619 620 621 622 624 626 627 629 631 632 634 635 636 637 639 640
 641 642 645 646 647 648 650 426 652 653 655 656 657 658 660 661 662 665
 590 667 671 672 676 813 405 561 670 544 669 580]
18:53:12-INFO: Step 66
18:53:12-DEBUG: Reaction systems: [[None]
 [0]]
18:53:12-DEBUG: rxn_pairs: [array([1, 2])]
18:53:12-DEBUG: Starting total colors: 5
18:53:12-DEBUG: Number of systems: 2
18:53:12-DEBUG: New total colors: 5
18:53:12-DEBUG: Potential energy for color 0: 4940.94908265915
ebond 66 2.9188810336097983
18:53:12-DEBUG: Potential energy for color 1: 4945.960909164278
xhy 66 13 1 2
xhy 66 13 1 2
xhy 66 13 1 2
xhy 66 13 1 2
xhy 66 13 1 2
h_pos [ 7.38594965  9.72124279 10.35133555] x_pos [ 8.2942466  10.33341538 10.4208148 ] y_pos [ 6.72417608  8.56005265 10.46715024]
66 rHY 1.3415363712537065 rHX 1.0975363286955369 0.24400004255816965
h_pos [ 7.38594965  9.72124279 10.35133555] x_pos [ 8.2942466  10.33341538 10.4208148 ] y_pos [ 6.72417608  8.56005265 10.46715024]
66 rHY 1.3415363712537065 rHX 1.0975363286955369 0.24400004255816965
h_pos [ 7.38594965  9.72124279 10.35133555] x_pos [ 8.2942466  10.33341538 10.4208148 ] y_pos [ 6.72417608  8.56005265 10.46715024]
66 rHY 1.3415363712537065 rHX 1.0975363286955369 0.24400004255816965
h_pos [ 7.38594965  9.72124279 10.35133555] x_pos [ 8.2942466  10.33341538 10.4208148 ] y_pos [ 6.72417608  8.56005265 10.46715024]
h_pos [ 7.38594965  9.72124279 10.35133555] x_pos [ 8.2942466  10.33341538 10.4208148 ] y_pos [ 6.72417608  8.56005265 10.46715024]
66 rHY 1.3415363712537065 rHX 1.0975363286955369 0.24400004255816965
66 rHY 1.3415363712537065 rHX 1.0975363286955369 0.24400004255816965
66 cpl_forces h [15.11691396 16.28957537 -0.26351454]
66 cpl_forces h [15.11691396 16.28957537 -0.26351454]
66 cpl_forces h [15.11691396 16.28957537 -0.26351454]
66 cpl_forces h [15.11691396 16.28957537 -0.26351454]
66 cpl_forces x [-9.47132905 -6.38347189 -0.72449959]
66 cpl_forces h [15.11691396 16.28957537 -0.26351454]
66 cpl_forces x [-9.47132905 -6.38347189 -0.72449959]
66 cpl_forces x [-9.47132905 -6.38347189 -0.72449959]
66 cpl_forces y [-5.6455849  -9.90610348  0.98801413]
66 cpl_forces x [-9.47132905 -6.38347189 -0.72449959]
66 cpl_forces y [-5.6455849  -9.90610348  0.98801413]
66 cpl_forces x [-9.47132905 -6.38347189 -0.72449959]
66 cpl_forces y [-5.6455849  -9.90610348  0.98801413]
66 cpl_forces y [-5.6455849  -9.90610348  0.98801413]
66 cpl_forces y [-5.6455849  -9.90610348  0.98801413]
18:53:12-DEBUG: System matrix: 
18:53:12-DEBUG: [[4.94094908e+03 1.46575739e+00]
 [1.46575739e+00 4.94596091e+03]]
18:53:12-DEBUG: Eigen values: 
18:53:12-DEBUG: [4940.55188621 4946.35810562]
18:53:12-DEBUG: Occupancies: 
18:53:12-DEBUG: [1. 0.]
18:53:12-INFO: coupling 66 1.4657573941585391
18:53:12-DEBUG: Amplitudes: 
18:53:12-DEBUG: [0.93159121 0.06840879]
18:53:12-INFO: forces0 h [5.10265281 4.33500595 0.18187387]
18:53:12-INFO: forces0 x [-3.93126274 -3.14766107 -0.32868884]
18:53:12-INFO: forces0 y [-0.72511778 -3.30020981  0.29733952]
18:53:12-INFO: forces1 h [-27.01269711 -26.94434093  -0.03263405]
18:53:12-INFO: forces1 x [19.44328805 12.29009748  1.4101947 ]
18:53:12-INFO: forces1 y [ 8.07809379 12.94687528 -1.31726165]
pos h  [ 7.38594965  9.72124279 10.35133555]
pos x  [ 8.2942466  10.33341538 10.4208148 ]
pos y  [ 6.72417608  8.56005265 10.46715024]
 mixed_cpl_forces: h [-7.63241167 -8.22447925  0.13304643]
 mixed_cpl_forces: x [4.78199999 3.22296505 0.36579418]
 mixed_cpl_forces: y [ 2.85041168  5.0015142  -0.49884061]
18:53:12-INFO: mixed forces h [-4.72673115 -6.02925562  0.30024607]
18:53:12-INFO: mixed forces x [2.44976202 1.13138239 0.15606027]
18:53:12-INFO: mixed forces y [ 2.72751096  2.81274785 -0.311954  ]
18:53:12-DEBUG: Minimum eigen value: 
18:53:12-DEBUG: 4940.551886205226
18:53:12-DEBUG: Minimum state: 
18:53:12-DEBUG: 0
        66     4940.5518862052     5060.0422685757      855.9424324925     4940.9490826592      119.4903823705      0.50614951
ids [   5   48  139  770  238 1075  244  248 1040  258  810  985  378  533
  677 1038  682  683  684  685  686  687  688  689  690  691  692  694
  695  696  697  698  699  700  701  702  703  704  705  706  707  708
  709  710 1080  712  713  714  716  717  719  721  722  724  726  727
  728  729  730  731  732  733  734  735  736  737  738  739  740  784
  742  743  744  745  746  747  748  749  750  751  752  754  755  756
  757  759  761  762  763  764  766  767  769  772  773  774  775  776
  777  778  779  780  781  782  785  254  787  788  790  791  792  793
  795  796  797  921  800  802  805  806  807  811  828  876  801  771
  804  983  988  990 1028 1030 1033]
ids [  1   2   3   4   9  10  11  12  13  14  15  16  17  18  19  20  21  23
  24  25  26  27  28  29  30  31  32 938  34  35   7  37  39  41  42  44
  46  47  49 940 900  52  53  54  55  56  57  58  59  60  61  62  63  64
  65  67  68  69  70  71  72  73  74  75  76  78  79  81  83  85  86  88
  40  90  91  93  96  97  98  99 100 101 125 104 105 106 109 111 113 114
 115 116 119 120 121 124 126 993 130 131 132 135 136 895 638 643 644 649
 905 659 664 893 674 898 850 981 996]
ids [  6 102 107 108 112 117 118 123 133 183 228 103 310 313 315 320 353 355
 358 360 363 365 400 403 411 438 128 542 654 547 548 549 550 551 552 553
 554 555 556 557 559 560 562 563 564 565 566 567 568 569 570 571 572 573
 574 575 576 577 579 581 582 584 586 587 589 592 593 594 595 596 597 598
 599 600 601 602 603 604 605 606 607 608 609 610 611 612 613 614 615 616
 617 618 619 620 621 622 624 626 627 629 631 632 634 635 636 637 639 640
 641 642 645 646 647 648 650 426 652 653 655 656 657 658 660 661 662 665
 590 667 671 672 676 813 405 561 670 544 669 580]
ids [ 122  140  173  178  185  220  223  230  265  268  270  318  407  408
  225  412  413  414  415  416  417  418  419  420  421  422  423  424
  425 1074  427  428  429  430  431  432  433  434  435  436  437  439
  440  441  442  444  446  447  449  451  452  454  456  457  458  459
  460  461  462  463  464  465  466  467  468  469  470  471  472  473
  474  475  476  477  478  479  480  481  482  483  484  485  486  487
  488  489  491  492  494  496  497  499  502  505  506  507  508  509
  510  511  512  513  501  515  516  517  520  521  522  523  524  525
  526  527  528  530  531  532  536  537  539  541  558 1079  588  591
  803  949 1043 1044 1048  534 1053 1059 1054  651  175  546  455  490
  666]
ids [ 137  142  143  144  145  146  147  148  149  150  151  152  154  155
  157  158  159  160  161  162  163  164  165  166  167  169  170  679
  172  174  249  176  177  179  180  181  182  184  187  188  189  190
  191  192  193  194  195  196  197  198  199  200  202  203  204  205
  206  207  208  209  210  211  212  214  215  217  218  219  221  222
  224  201  226  227  229  232  233  235  236  237  240  241  242  243
  245 1073  247  250  251  252  253  231  255  256  257  260  276  262
  266  267  269  271  306  348 1078  393  396  410  443  445  448  450
  366  186  493  495  500  535  538  540  799  789  794  798  264  808
  809  259  933  216  321  239  234]
ids [127 141 153 156 168 913 379 213 928 171 272 929 277 278 279 280 281 282
 283 284 285 286 287 288 289 290 291 292 293 294 295 296 297 298 299 300
 301 302 303 304 305 307 308 309 311 312 314 316 317 319 261 322 323 324
 325 326 327 328 329 330 331 332 333 334 335 336 337 338 339 340 341 342
 343 344 345 346 347 349 350 351 352 354 356 357 359 361 362 364 246 367
 934 370 371 372 373 374 375 376 377 380 382 383 385 386 387 388 389 390
 391 392 394 395 397 401 402 381 406 453 498 545 578 918 583 585 914 623
 625 628 630 633 275 675 943 909]
ids [815  38 936  43  45  82  84  87  92  94 129 134 274 368  89 384 398 399
 404 668 673 681 693 753 711 783 860 812 816 817 818 819 820 821 822 823
 824 825 826 827 829 830 831 832 833 834 835 836 837 838 839 840 841 842
 843 844 845 847 848 849 851 852 853 854 855 856 857 858 859 861 862 863
 864 865 866 867 868 869 870 871 872 873 874 875 946 877 878 879 880 881
 882 883 884 885 886 887 888 889 890 892 894 896 897 899 901 902 904 906
 907 908 910 911 912 915 916 917 920 924 922 923 925 926 927 948 930 931
 932 846 935 937 939 814 941 942 944 919 369  50 786 891 741 945]
ids [   8   22   66   77   80   95  110 1064  138  263  273  503  504  518
  519  529  950  543  663  678  680  715  718  720  723  725  758  760
  765  768 1077  409  903  947  952  953  954  955  956  957  958  959
  960  961  962  963  964  965  967  968  969  970  971  972  973  974
  975  976  977  978  979  980   33  982  984 1076  986  987  989  991
  992  994  995 1035  997  998  999 1000 1001 1002 1003 1004 1005 1006
 1007 1008 1009 1010 1011 1012 1013 1014 1015 1016 1017 1018 1019 1020
 1021 1022 1023 1024 1025 1026 1027 1029 1031 1032 1034 1036 1037 1039
 1041 1042 1045 1046 1047 1050 1051 1052 1081 1055 1056 1057 1058 1060
 1061 1062 1063 1065 1066 1067 1068 1069 1070 1071 1072  514  951   36
  966   51 1049]
18:53:12-INFO: Step 67
18:53:12-DEBUG: Reaction systems: [[None]
 [0]]
18:53:12-DEBUG: rxn_pairs: [array([1, 2])]
18:53:12-DEBUG: Starting total colors: 5
18:53:12-DEBUG: Number of systems: 2
18:53:12-DEBUG: New total colors: 5
18:53:12-DEBUG: Potential energy for color 0: 4942.076474463171
ebond 67 2.9555395301838314
18:53:12-DEBUG: Potential energy for color 1: 4947.905918352123
xhy 67 13 1 2
xhy 67 13 1 2
xhy 67 13 1 2
xhy 67 13 1 2
xhy 67 13 1 2
h_pos [ 7.42056332  9.70667842 10.36044152] x_pos [ 8.2938813  10.32661735 10.42041394] y_pos [ 6.73047462  8.55855996 10.4667841 ]
67 rHY 1.3437660372671647 rHX 1.0726626942542437 0.27110334301292105
h_pos [ 7.42056332  9.70667842 10.36044152] x_pos [ 8.2938813  10.32661735 10.42041394] y_pos [ 6.73047462  8.55855996 10.4667841 ]
h_pos [ 7.42056332  9.70667842 10.36044152] x_pos [ 8.2938813  10.32661735 10.42041394] y_pos [ 6.73047462  8.55855996 10.4667841 ]
67 rHY 1.3437660372671647 rHX 1.0726626942542437 0.27110334301292105
h_pos [ 7.42056332  9.70667842 10.36044152] x_pos [ 8.2938813  10.32661735 10.42041394] y_pos [ 6.73047462  8.55855996 10.4667841 ]
67 rHY 1.3437660372671647 rHX 1.0726626942542437 0.27110334301292105
h_pos [ 7.42056332  9.70667842 10.36044152] x_pos [ 8.2938813  10.32661735 10.42041394] y_pos [ 6.73047462  8.55855996 10.4667841 ]
67 rHY 1.3437660372671647 rHX 1.0726626942542437 0.27110334301292105
67 rHY 1.3437660372671647 rHX 1.0726626942542437 0.27110334301292105
67 cpl_forces h [13.50324954 14.56747778 -0.23623552]
67 cpl_forces h [13.50324954 14.56747778 -0.23623552]
67 cpl_forces h [13.50324954 14.56747778 -0.23623552]
67 cpl_forces x [-8.2802832  -5.87789335 -0.5686229 ]
67 cpl_forces h [13.50324954 14.56747778 -0.23623552]
67 cpl_forces x [-8.2802832  -5.87789335 -0.5686229 ]
67 cpl_forces x [-8.2802832  -5.87789335 -0.5686229 ]
67 cpl_forces h [13.50324954 14.56747778 -0.23623552]
67 cpl_forces y [-5.22296634 -8.68958443  0.80485842]
67 cpl_forces y [-5.22296634 -8.68958443  0.80485842]
67 cpl_forces y [-5.22296634 -8.68958443  0.80485842]
67 cpl_forces x [-8.2802832  -5.87789335 -0.5686229 ]
67 cpl_forces y [-5.22296634 -8.68958443  0.80485842]
67 cpl_forces x [-8.2802832  -5.87789335 -0.5686229 ]
67 cpl_forces y [-5.22296634 -8.68958443  0.80485842]
18:53:12-DEBUG: System matrix: 
18:53:12-DEBUG: [[4.94207647e+03 1.17233334e+00]
 [1.17233334e+00 4.94790592e+03]]
18:53:12-DEBUG: Eigen values: 
18:53:12-DEBUG: [4941.84954565 4948.13284716]
18:53:12-DEBUG: Occupancies: 
18:53:12-DEBUG: [1. 0.]
18:53:12-INFO: coupling 67 1.1723333420790132
18:53:12-DEBUG: Amplitudes: 
18:53:12-DEBUG: [0.96388383 0.03611617]
18:53:12-INFO: forces0 h [4.11705267 3.72820522 0.09455811]
18:53:12-INFO: forces0 x [-2.95816848 -2.59928007 -0.2183094 ]
18:53:12-INFO: forces0 y [-0.76187671 -3.1530049   0.28747291]
18:53:12-INFO: forces1 h [-33.55541725 -31.89964072  -0.41730989]
18:53:12-INFO: forces1 x [25.55958696 17.32537639  1.69672635]
18:53:12-INFO: forces1 y [ 8.44715916 12.91732846 -1.20385696]
pos h  [ 7.42056332  9.70667842 10.36044152]
pos x  [ 8.2938813  10.32661735 10.42041394]
pos y  [ 6.73047462  8.55855996 10.4667841 ]
 mixed_cpl_forces: h [-5.03885087 -5.43597657  0.08815327]
 mixed_cpl_forces: x [3.08985716 2.19338523 0.21218641]
 mixed_cpl_forces: y [ 1.94899372  3.24259135 -0.30033967]
18:53:12-INFO: mixed forces h [-2.28238369 -2.99451284  0.16422466]
18:53:12-INFO: mixed forces x [1.1616409  0.31370752 0.06304077]
18:53:12-INFO: mixed forces y [ 1.51971215  0.66998541 -0.0667279 ]
18:53:12-DEBUG: Minimum eigen value: 
18:53:12-DEBUG: 4941.84954565071
18:53:12-DEBUG: Minimum state: 
18:53:12-DEBUG: 0
        67     4941.8495456507     5060.0078761602      846.4005791026     4942.0764744632      118.1583305095      0.50599756
ids [  1   2   3   4   9  10  11  12  13  14  15  16  17  18  19  20  21  23
  24  25  26  27  28  29  30  31  32 938  34  35   7  37  39  41  42  44
  46  47  49 940 900  52  53  54  55  56  57  58  59  60  61  62  63  64
  65  67  68  69  70  71  72  73  74  75  76  78  79  81  83  85  86  88
  40  90  91  93  96  97  98  99 100 101 125 104 105 106 109 111 113 114
 115 116 119 120 121 124 126 993 130 131 132 135 136 895 638 643 644 649
 905 659 996 893 674 898 850 981]
ids [   8   22   66   77   80   95  110 1064  138  263  273  503  504  518
  519  529  950  543  663  678  680  715  718  720  723  725  758  760
  765  768 1077  409  903  947  952  953  954  955  956  957  958  959
  960  961  962  963  964  965  967  968  969  970  971  972  973  974
  975  976  977  978  979  980   33  982  984 1076  986  987  989  991
  992  994  995 1035  997  998  999 1000 1001 1002 1003 1004 1005 1006
 1007 1008 1009 1010 1011 1012 1013 1014 1015 1016 1017 1018 1019 1020
 1021 1022 1023 1024 1025 1026 1027 1029 1031 1032 1034 1036 1037 1039
 1041 1042 1045 1046 1047 1050 1051 1052 1081 1055 1056 1057 1058 1060
 1061 1062 1063 1065 1066 1067 1068 1069 1070 1071 1072  514  951   36
  966   51 1049]
ids [  6 102 107 108 112 117 118 123 133 183 228 103 310 313 315 320 353 355
 358 360 363 365 400 403 411 438 128 542 654 547 548 549 550 551 552 553
 554 555 556 557 559 560 562 563 564 565 566 567 568 569 570 571 572 573
 574 575 576 577 579 581 582 584 586 587 589 592 593 594 595 596 597 598
 599 600 601 602 603 604 605 606 607 608 609 610 611 612 613 614 615 616
 617 618 619 620 621 622 624 626 627 629 631 632 634 635 636 637 639 640
 641 642 645 646 647 648 650 426 652 653 655 656 657 658 660 661 662 665
 590 667 671 672 676 813 405 561 670 544 669 580 664]
ids [ 122  140  173  178  185  220  223  230  265  268  270  318  407  408
  225  412  413  414  415  416  417  418  419  420  421  422  423  424
  425 1074  427  428  429  430  431  432  433  434  435  436  437  439
  440  441  442  444  446  447  449  451  452  454  456  457  458  459
  460  461  462  463  464  465  466  467  468  469  470  471  472  473
  474  475  476  477  478  479  480  481  482  483  484  485  486  487
  488  489  491  492  494  496  497  499  502  505  506  507  508  509
  510  511  512  513  501  515  516  517  520  521  522  523  524  525
  526  527  528  530  531  532  536  537  539  541  558 1079  588  591
  803  949 1043 1044 1048  534 1053 1059 1054  651  175  546  455  490
  666]
ids [ 137  142  143  144  145  146  147  148  149  150  151  152  154  155
  157  158  159  160  161  162  163  164  165  166  167  169  170  679
  172  174  249  176  177  179  180  181  182  184  187  188  189  190
  191  192  193  194  195  196  197  198  199  200  202  203  204  205
  206  207  208  209  210  211  212  214  215  217  218  219  221  222
  224  201  226  227  229  232  233  235  236  237  240  241  242  243
  245 1073  247  250  251  252  253  231  255  256  257  260  276  262
  266  267  269  271  306  348 1078  393  396  410  443  445  448  450
  366  186  493  495  500  535  538  540  799  789  794  798  264  808
  809  259  933  216  321  239  234]
ids [127 141 153 156 168 913 379 213 928 171 272 929 277 278 279 280 281 282
 283 284 285 286 287 288 289 290 291 292 293 294 295 296 297 298 299 300
 301 302 303 304 305 307 308 309 311 312 314 316 317 319 261 322 323 324
 325 326 327 328 329 330 331 332 333 334 335 336 337 338 339 340 341 342
 343 344 345 346 347 349 350 351 352 354 356 357 359 361 362 364 246 367
 934 370 371 372 373 374 375 376 377 380 382 383 385 386 387 388 389 390
 391 392 394 395 397 401 402 381 406 453 498 545 578 918 583 585 914 623
 625 628 630 633 275 675 943 909]
ids [815  38 936  43  45  82  84  87  92  94 129 134 274 368  89 384 398 399
 404 668 673 681 693 753 711 783 860 812 816 817 818 819 820 821 822 823
 824 825 826 827 829 830 831 832 833 834 835 836 837 838 839 840 841 842
 843 844 845 847 848 849 851 852 853 854 855 856 857 858 859 861 862 863
 864 865 866 867 868 869 870 871 872 873 874 875 946 877 878 879 880 881
 882 883 884 885 886 887 888 889 890 892 894 896 897 899 901 902 904 906
 907 908 910 911 912 915 916 917 920 924 922 923 925 926 927 948 930 931
 932 846 935 937 939 814 941 942 944 919 369  50 786 891 741 945]
ids [   5   48  139  770  238 1075  244  248 1040  258  810  985  378  533
  677 1038  682  683  684  685  686  687  688  689  690  691  692  694
  695  696  697  698  699  700  701  702  703  704  705  706  707  708
  709  710 1080  712  713  714  716  717  719  721  722  724  726  727
  728  729  730  731  732  733  734  735  736  737  738  739  740  784
  742  743  744  745  746  747  748  749  750  751  752  754  755  756
  757  759  761  762  763  764  766  767  769  772  773  774  775  776
  777  778  779  780  781  782  785  254  787  788  790  791  792  793
  795  796  797  921  800  802  805  806  807  811  828  876  801  771
  804  983  988  990 1028 1030 1033]
18:53:12-INFO: Step 68
18:53:12-DEBUG: Reaction systems: [[None]
 [0]]
18:53:12-DEBUG: rxn_pairs: [array([1, 2])]
18:53:12-DEBUG: Starting total colors: 5
18:53:12-DEBUG: Number of systems: 2
18:53:12-DEBUG: New total colors: 5
18:53:12-DEBUG: Potential energy for color 0: 4943.032721766931
ebond 68 2.9651128825558137
18:53:12-DEBUG: Potential energy for color 1: 4949.718314296073
xhy 68 13 1 2
xhy 68 13 1 2
xhy 68 13 1 2
xhy 68 13 1 2
xhy 68 13 1 2
h_pos [ 7.45364952  9.69027403 10.36961955] x_pos [ 8.2935713  10.31984337 10.42001706] y_pos [ 6.73682395  8.55711106 10.46641327]
h_pos [ 7.45364952  9.69027403 10.36961955] x_pos [ 8.2935713  10.31984337 10.42001706] y_pos [ 6.73682395  8.55711106 10.46641327]
68 rHY 1.3443460332313042 rHX 1.0508882218715945 0.2934578113597097
h_pos [ 7.45364952  9.69027403 10.36961955] x_pos [ 8.2935713  10.31984337 10.42001706] y_pos [ 6.73682395  8.55711106 10.46641327]
h_pos [ 7.45364952  9.69027403 10.36961955] x_pos [ 8.2935713  10.31984337 10.42001706] y_pos [ 6.73682395  8.55711106 10.46641327]
68 rHY 1.3443460332313042 rHX 1.0508882218715945 0.2934578113597097
68 rHY 1.3443460332313042 rHX 1.0508882218715945 0.2934578113597097
h_pos [ 7.45364952  9.69027403 10.36961955] x_pos [ 8.2935713  10.31984337 10.42001706] y_pos [ 6.73682395  8.55711106 10.46641327]
68 rHY 1.3443460332313042 rHX 1.0508882218715945 0.2934578113597097
68 rHY 1.3443460332313042 rHX 1.0508882218715945 0.2934578113597097
68 cpl_forces h [11.98688777 12.9722118  -0.21629639]
68 cpl_forces h [11.98688777 12.9722118  -0.21629639]
68 cpl_forces x [-7.19006999 -5.38936806 -0.43142304]
68 cpl_forces x [-7.19006999 -5.38936806 -0.43142304]
68 cpl_forces h [11.98688777 12.9722118  -0.21629639]
68 cpl_forces h [11.98688777 12.9722118  -0.21629639]
68 cpl_forces x [-7.19006999 -5.38936806 -0.43142304]
68 cpl_forces h [11.98688777 12.9722118  -0.21629639]
68 cpl_forces x [-7.19006999 -5.38936806 -0.43142304]
68 cpl_forces x [-7.19006999 -5.38936806 -0.43142304]
68 cpl_forces y [-4.79681777 -7.58284374  0.64771943]
68 cpl_forces y [-4.79681777 -7.58284374  0.64771943]
68 cpl_forces y [-4.79681777 -7.58284374  0.64771943]
68 cpl_forces y [-4.79681777 -7.58284374  0.64771943]
68 cpl_forces y [-4.79681777 -7.58284374  0.64771943]
18:53:13-DEBUG: System matrix: 
18:53:13-DEBUG: [[4.94303272e+03 9.57977144e-01]
 [9.57977144e-01 4.94971831e+03]]
18:53:13-DEBUG: Eigen values: 
18:53:13-DEBUG: [4942.8981617  4949.85287437]
18:53:13-DEBUG: Occupancies: 
18:53:13-DEBUG: [1. 0.]
18:53:13-INFO: coupling 68 0.9579771443192643
18:53:13-DEBUG: Amplitudes: 
18:53:13-DEBUG: [0.98065196 0.01934804]
18:53:13-INFO: forces0 h [3.28372595 3.18621807 0.0268948 ]
18:53:13-INFO: forces0 x [-2.12696488 -2.0924175  -0.1300846 ]
18:53:13-INFO: forces0 y [-0.81086813 -3.03088703  0.28022429]
18:53:13-INFO: forces1 h [-40.95892221 -38.02375086  -0.73960113]
18:53:13-INFO: forces1 x [32.58052522 23.60193491  1.91487169]
18:53:13-INFO: forces1 y [ 8.76989436 12.81447432 -1.08435882]
pos h  [ 7.45364952  9.69027403 10.36961955]
pos x  [ 8.2935713  10.31984337 10.42001706]
pos y  [ 6.73682395  8.55711106 10.46641327]
 mixed_cpl_forces: h [-3.30226856 -3.57371555  0.05958751]
 mixed_cpl_forces: x [1.98079289 1.48471739 0.11885276]
 mixed_cpl_forces: y [ 1.32147567  2.08899816 -0.17844027]
18:53:13-INFO: mixed forces h [-0.87455121 -1.18482968  0.07165211]
18:53:13-INFO: mixed forces x [ 0.52534998 -0.11056471  0.02833407]
18:53:13-INFO: mixed forces y [ 0.69597653 -0.63531216  0.075382  ]
18:53:13-DEBUG: Minimum eigen value: 
18:53:13-DEBUG: 4942.898161697235
18:53:13-DEBUG: Minimum state: 
18:53:13-DEBUG: 0
        68     4942.8981616972     5059.9891591554      838.7549792630     4943.0327217669      117.0909974581      0.50230141
ids [   5   48  139  770  238 1075  244  248 1040  258  810  985  378  533
  677 1038  682  683  684  685  686  687  688  689  690  691  692  694
  695  696  697  698  699  700  701  702  703  704  705  706  707  708
  709  710 1080  712  713  714  716  717  719  721  722  724  726  727
  728  729  730  731  732  733  734  735  736  737  738  739  740  784
  742  743  744  745  746  747  748  749  750  751  752  754  755  756
  757  759  761  762  763  764  766  767  769  772  773  774  775  776
  777  778  779  780  781  782  785  254  787  788  790  791  792  793
  795  796  797  921  800  802  805  806  807  811  828  876  801  771
  804  983  988  990 1028 1030 1033]
ids [   8   22   66   77   80   95  110 1064  138  263  273  503  504  518
  519  529  950  543  663  678  680  715  718  720  723  725  758  760
  765  768 1077  409  903  947  952  953  954  955  956  957  958  959
  960  961  962  963  964  965  967  968  969  970  971  972  973  974
  975  976  977  978  979  980   33  982  984 1076  986  987  989  991
  992  994  995 1035  997  998  999 1000 1001 1002 1003 1004 1005 1006
 1007 1008 1009 1010 1011 1012 1013 1014 1015 1016 1017 1018 1019 1020
 1021 1022 1023 1024 1025 1026 1027 1029 1031 1032 1034 1036 1037 1039
 1041 1042 1045 1046 1047 1050 1051 1052 1081 1055 1056 1057 1058 1060
 1061 1062 1063 1065 1066 1067 1068 1069 1070 1071 1072  514  951   36
  966   51 1049]
ids [  6 102 107 108 112 117 118 123 133 183 228 103 310 313 315 320 353 355
 358 360 363 365 400 403 411 438 128 542 654 547 548 549 550 551 552 553
 554 555 556 557 559 560 562 563 564 565 566 567 568 569 570 571 572 573
 574 575 576 577 579 581 582 584 586 587 589 592 593 594 595 596 597 598
 599 600 601 602 603 604 605 606 607 608 609 610 611 612 613 614 615 616
 617 618 619 620 621 622 624 626 627 629 631 632 634 635 636 637 639 640
 641 642 645 646 647 648 650 426 652 653 655 656 657 658 660 661 662 665
 590 667 671 672 676 813 405 561 670 544 669 580 664]
ids [ 122  140  173  178  185  220  223  230  265  268  270  318  407  408
  225  412  413  414  415  416  417  418  419  420  421  422  423  424
  425 1074  427  428  429  430  431  432  433  434  435  436  437  439
  440  441  442  444  446  447  449  451  452  454  456  457  458  459
  460  461  462  463  464  465  466  467  468  469  470  471  472  473
  474  475  476  477  478  479  480  481  482  483  484  485  486  487
  488  489  491  492  494  496  497  499  502  505  506  507  508  509
  510  511  512  513  501  515  516  517  520  521  522  523  524  525
  526  527  528  530  531  532  536  537  539  541  558 1079  588  591
  803  949 1043 1044 1048  534 1053 1059 1054  651  175  546  455  490
  666]
ids [ 137  142  143  144  145  146  147  148  149  150  151  152  154  155
  157  158  159  160  161  162  163  164  165  166  167  169  170  679
  172  174  249  176  177  179  180  181  182  184  187  188  189  190
  191  192  193  194  195  196  197  198  199  200  202  203  204  205
  206  207  208  209  210  211  212  214  215  217  218  219  221  222
  224  201  226  227  229  232  233  235  236  237  240  241  242  243
  245 1073  247  250  251  252  253  231  255  256  257  260  276  262
  266  267  269  271  306  348 1078  393  396  410  443  445  448  450
  366  186  493  495  500  535  538  540  799  789  794  798  264  808
  809  259  933  216  321  239  234]
ids [127 141 153 156 168 913 379 213 928 171 272 929 277 278 279 280 281 282
 283 284 285 286 287 288 289 290 291 292 293 294 295 296 297 298 299 300
 301 302 303 304 305 307 308 309 311 312 314 316 317 319 261 322 323 324
 325 326 327 328 329 330 331 332 333 334 335 336 337 338 339 340 341 342
 343 344 345 346 347 349 350 351 352 354 356 357 359 361 362 364 246 367
 934 370 371 372 373 374 375 376 377 380 382 383 385 386 387 388 389 390
 391 392 394 395 397 401 402 381 406 453 498 545 578 918 583 585 914 623
 625 628 630 633 275 675 943 909]
ids [815  38 936  43  45  82  84  87  92  94 129 134 274 368  89 384 398 399
 404 668 673 681 693 753 711 783 860 812 816 817 818 819 820 821 822 823
 824 825 826 827 829 830 831 832 833 834 835 836 837 838 839 840 841 842
 843 844 845 847 848 849 851 852 853 854 855 856 857 858 859 861 862 863
 864 865 866 867 868 869 870 871 872 873 874 875 946 877 878 879 880 881
 882 883 884 885 886 887 888 889 890 892 894 896 897 899 901 902 904 906
 907 908 910 911 912 915 916 917 920 924 922 923 925 926 927 948 930 931
 932 846 935 937 939 814 941 942 944 919 369  50 786 891 741 945]
ids [  1   2   3   4   9  10  11  12  13  14  15  16  17  18  19  20  21  23
  24  25  26  27  28  29  30  31  32 938  34  35   7  37  39  41  42  44
  46  47  49 940 900  52  53  54  55  56  57  58  59  60  61  62  63  64
  65  67  68  69  70  71  72  73  74  75  76  78  79  81  83  85  86  88
  40  90  91  93  96  97  98  99 100 101 125 104 105 106 109 111 113 114
 115 116 119 120 121 124 126 993 130 131 132 135 136 895 638 643 644 649
 905 659 996 893 674 898 850 981]
18:53:13-INFO: Step 69
18:53:13-DEBUG: Reaction systems: [[None]
 [0]]
18:53:13-DEBUG: rxn_pairs: [array([1, 2])]
18:53:13-DEBUG: Starting total colors: 5
18:53:13-DEBUG: Number of systems: 2
18:53:13-DEBUG: New total colors: 5
18:53:13-DEBUG: Potential energy for color 0: 4943.784459072975
ebond 69 2.967694457643628
18:53:13-DEBUG: Potential energy for color 1: 4951.426566805609
xhy 69 13 1 2
xhy 69 13 1 2
xhy 69 13 1 2
xhy 69 13 1 2
xhy 69 13 1 2
h_pos [ 7.48597334  9.67296759 10.37882971] x_pos [ 8.29329168 10.31307796 10.41962234] y_pos [ 6.74319942  8.55566405 10.46604246]
h_pos [ 7.48597334  9.67296759 10.37882971] x_pos [ 8.29329168 10.31307796 10.41962234] y_pos [ 6.74319942  8.55566405 10.46604246]
69 rHY 1.3445022761045475 rHX 1.0311004919222466 0.3134017841823009
h_pos [ 7.48597334  9.67296759 10.37882971] x_pos [ 8.29329168 10.31307796 10.41962234] y_pos [ 6.74319942  8.55566405 10.46604246]
69 rHY 1.3445022761045475 rHX 1.0311004919222466 0.3134017841823009
h_pos [ 7.48597334  9.67296759 10.37882971] x_pos [ 8.29329168 10.31307796 10.41962234] y_pos [ 6.74319942  8.55566405 10.46604246]
69 rHY 1.3445022761045475 rHX 1.0311004919222466 0.3134017841823009
h_pos [ 7.48597334  9.67296759 10.37882971] x_pos [ 8.29329168 10.31307796 10.41962234] y_pos [ 6.74319942  8.55566405 10.46604246]
69 rHY 1.3445022761045475 rHX 1.0311004919222466 0.3134017841823009
69 rHY 1.3445022761045475 rHX 1.0311004919222466 0.3134017841823009
69 cpl_forces h [10.5711686  11.49258297 -0.2003059 ]
69 cpl_forces h [10.5711686  11.49258297 -0.2003059 ]
69 cpl_forces h [10.5711686  11.49258297 -0.2003059 ]
69 cpl_forces h [10.5711686  11.49258297 -0.2003059 ]
69 cpl_forces h [10.5711686  11.49258297 -0.2003059 ]
69 cpl_forces x [-6.19796085 -4.91426839 -0.31317398]
69 cpl_forces x [-6.19796085 -4.91426839 -0.31317398]
69 cpl_forces x [-6.19796085 -4.91426839 -0.31317398]
69 cpl_forces y [-4.37320775 -6.57831458  0.51347988]
69 cpl_forces x [-6.19796085 -4.91426839 -0.31317398]
69 cpl_forces x [-6.19796085 -4.91426839 -0.31317398]
69 cpl_forces y [-4.37320775 -6.57831458  0.51347988]
69 cpl_forces y [-4.37320775 -6.57831458  0.51347988]
69 cpl_forces y [-4.37320775 -6.57831458  0.51347988]
69 cpl_forces y [-4.37320775 -6.57831458  0.51347988]
18:53:13-DEBUG: System matrix: 
18:53:13-DEBUG: [[4.94378446e+03 7.89320824e-01]
 [7.89320824e-01 4.95142657e+03]]
18:53:13-DEBUG: Eigen values: 
18:53:13-DEBUG: [4943.70378512 4951.50724076]
18:53:13-DEBUG: Occupancies: 
18:53:13-DEBUG: [1. 0.]
18:53:13-INFO: coupling 69 0.78932082420113
18:53:13-DEBUG: Amplitudes: 
18:53:13-DEBUG: [0.98966177 0.01033823]
18:53:13-INFO: forces0 h [ 2.55176309  2.66494933 -0.02266331]
18:53:13-INFO: forces0 x [-1.39506771 -1.60070696 -0.06046032]
18:53:13-INFO: forces0 y [-0.86298265 -2.91493816  0.27362254]
18:53:13-INFO: forces1 h [-49.45513262 -45.70759518  -0.96548758]
18:53:13-INFO: forces1 x [40.71007589 31.46224912  2.03511254]
18:53:13-INFO: forces1 y [ 9.07547494 12.68747999 -0.96320568]
pos h  [ 7.48597334  9.67296759 10.37882971]
pos x  [ 8.29329168 10.31307796 10.41962234]
pos y  [ 6.74319942  8.55566405 10.46604246]
 mixed_cpl_forces: h [-2.13855089 -2.32495332  0.04052195]
 mixed_cpl_forces: x [1.25384952 0.99415811 0.0633552 ]
 mixed_cpl_forces: y [ 0.88470137  1.33079521 -0.10387715]
18:53:13-INFO: mixed forces h [-0.1244473  -0.16009072  0.0081115 ]
18:53:13-INFO: mixed forces x [ 0.29407468 -0.26473624  0.0245594 ]
18:53:13-INFO: mixed forces y [ 0.12446483 -1.42284149  0.15695877]
18:53:13-DEBUG: Minimum eigen value: 
18:53:13-DEBUG: 4943.703785115261
18:53:13-DEBUG: Minimum state: 
18:53:13-DEBUG: 0
        69     4943.7037851153     5059.9781575330      832.9052697745     4943.7844590730      116.2743724177      0.50751049
ids [  1   2   3   4   9  10  11  12  13  14  15  16  17  18  19  20  21  23
  24  25  26  27  28  29  30  31  32 938  34  35   7  37  39  41  42  44
  46  47  49 940 900  52  53  54  55  56  57  58  59  60  61  62  63  64
  65  67  68  69  70  71  72  73  74  75  76  78  79  81  83  85  86  88
  40  90  91  93  96  97  98  99 100 101 125 104 105 106 109 111 113 114
 115 116 119 120 121 124 126 993 130 131 132 135 136 895 638 643 644 649
 905 659 996 893 674 898 850 981]
ids [815  38 936  43  45  82  84  87  92  94 129 134 274 368  89 384 398 399
 404 668 673 681 693 753 711 783 860 812 816 817 818 819 820 821 822 823
 824 825 826 827 829 830 831 832 833 834 835 836 837 838 839 840 841 842
 843 844 845 847 848 849 851 852 853 854 855 856 857 858 859 861 862 863
 864 865 866 867 868 869 870 871 872 873 874 875 946 877 878 879 880 881
 882 883 884 885 886 887 888 889 890 892 894 896 897 899 901 902 904 906
 907 908 910 911 912 915 916 917 920 924 922 923 925 926 927 948 930 931
 932 846 935 937 939 814 941 942 944 919 369  50 786 891 741 945 394]
ids [   5   48  139  770  238 1075  244  248 1040  258  810  985  378  533
  677 1038  682  683  684  685  686  687  688  689  690  691  692  694
  695  696  697  698  699  700  701  702  703  704  705  706  707  708
  709  710 1080  712  713  714  716  717  719  721  722  724  726  727
  728  729  730  731  732  733  734  735  736  737  738  739  740  784
  742  743  744  745  746  747  748  749  750  751  752  754  755  756
  757  759  761  762  763  764  766  767  769  772  773 1033  775  776
  777  778  779  780  781  782  785  254  787  788  790  791  792  793
  795  796  797  921  800  802  805  806  807  811  828  876  801  771
  804  983  988  990 1028 1030]
ids [   8   22   66   77   80   95  110 1064  138  263  273  503  504  518
  519  529  950  543  663  678  680  715  718  720  723  725  758  760
  765  768 1077  409  903  947  952  953  954  955  956  957  958  959
  960  961  962  963  964  965  967  968  969  970  971  972  973  974
  975  976  977  978  979  980   33  982  984 1076  986  987  989  991
  992  994  995 1035  997  998  999 1000 1001 1002 1003 1004 1005 1006
 1007 1008 1009 1010 1011 1012 1013 1014 1015 1016 1017 1018 1019 1020
 1021 1022 1023 1024 1025 1026 1027 1029 1031 1032 1034 1036 1037 1039
 1041 1042 1045 1046 1047 1050 1051 1052 1081 1055 1056 1057 1058 1060
 1061 1062 1063 1065 1066 1067 1068 1069 1070 1071 1072  514  951   36
  966   51 1049]
ids [  6 102 107 108 112 117 118 123 133 183 228 103 310 313 315 320 353 355
 358 360 363 365 400 403 411 438 128 542 654 547 548 549 550 551 552 553
 554 555 556 557 559 560 562 563 564 565 566 567 568 569 570 571 572 573
 574 575 576 577 579 581 582 584 586 587 589 592 593 594 595 596 597 598
 599 600 601 602 603 604 605 606 607 608 609 610 611 612 613 614 615 616
 617 618 619 620 621 622 624 626 627 629 631 632 634 635 636 637 639 640
 641 642 645 646 647 648 650 426 652 653 655 656 657 658 660 661 662 665
 590 667 671 672 676 813 405 561 670 544 669 580 664]
ids [ 122  140  173  178  185  220  223  230  265  268  270  318  407  408
  225  412  413  414  415  416  417  418  419  420  421  422  423  424
  425 1074  427  428  429  430  431  432  433  434  435  436  437  439
  440  441  442  444  446  447  449  451  452  454  456  457  458  459
  460  461  462  463  464  465  466  467  468  469  470  471  472  473
  474  475  476  477  478  479  480  481  482  483  484  485  486  487
  488  489  491  492  494  496  497  499  502  505  506  507  508  509
  510  511  512  513  501  515  516  517  520  521  522  523  524  525
  526  527  528  530  531  532  536  537  539  541  558 1079  588  591
  803  949 1043 1044 1048  534 1053 1059 1054  651  175  546  455  490
  666]
ids [ 137  142  143  144  145  146  147  148  149  150  151  152  154  155
  157  158  159  160  161  162  163  164  165  166  167  169  170  679
  172  174  249  176  177  179  180  181  182  184  187  188  189  190
  191  192  193  194  195  196  197  198  199  200  202  203  204  205
  206  207  208  209  210  211  212  214  215  217  218  219  221  222
  224  201  226  227  229  232  233  235  236  237  240  241  242  243
  245 1073  247  250  251  252  253  231  255  256  257  260  276  262
  266  267  269  271  306  348 1078  393  396  410  443  445  448  450
  366  186  493  495  500  535  538  540  799  789  794  798  264  808
  809  259  933  216  321  239  234  774]
ids [127 141 153 156 168 913 379 213 928 171 272 929 277 278 279 280 281 282
 283 284 285 286 287 288 289 290 291 292 293 294 295 296 297 298 299 300
 301 302 303 304 305 307 308 309 311 312 314 316 317 319 261 322 323 324
 325 326 327 328 329 330 331 332 333 334 335 336 337 338 339 340 341 342
 343 344 345 346 347 349 350 351 352 354 356 357 359 361 362 364 246 367
 934 370 371 372 373 374 375 376 377 380 382 383 385 386 387 388 389 390
 391 392 909 395 397 401 402 381 406 453 498 545 578 918 583 585 914 623
 625 628 630 633 275 675 943]
18:53:13-INFO: Step 70
18:53:13-DEBUG: Reaction systems: [[None]
 [0]]
18:53:13-DEBUG: rxn_pairs: [array([1, 2])]
18:53:13-DEBUG: Starting total colors: 5
18:53:13-DEBUG: Number of systems: 2
18:53:13-DEBUG: New total colors: 5
18:53:13-DEBUG: Potential energy for color 0: 4944.306125264877
ebond 70 2.975051941470314
18:53:13-DEBUG: Potential energy for color 1: 4953.05662070097
xhy 70 13 1 2
xhy 70 13 1 2
xhy 70 13 1 2
xhy 70 13 1 2
xhy 70 13 1 2
h_pos [ 7.51796644  9.65530459 10.38804565] x_pos [ 8.29303077 10.30631395 10.4192291 ] y_pos [ 6.74958415  8.55419361 10.46567437]
70 rHY 1.3449471955306365 rHX 1.0126748304595525 0.33227236507108393
h_pos [ 7.51796644  9.65530459 10.38804565] x_pos [ 8.29303077 10.30631395 10.4192291 ] y_pos [ 6.74958415  8.55419361 10.46567437]
h_pos [ 7.51796644  9.65530459 10.38804565] x_pos [ 8.29303077 10.30631395 10.4192291 ] y_pos [ 6.74958415  8.55419361 10.46567437]
h_pos [ 7.51796644  9.65530459 10.38804565] x_pos [ 8.29303077 10.30631395 10.4192291 ] y_pos [ 6.74958415  8.55419361 10.46567437]
70 rHY 1.3449471955306365 rHX 1.0126748304595525 0.33227236507108393
h_pos [ 7.51796644  9.65530459 10.38804565] x_pos [ 8.29303077 10.30631395 10.4192291 ] y_pos [ 6.74958415  8.55419361 10.46567437]
70 rHY 1.3449471955306365 rHX 1.0126748304595525 0.33227236507108393
70 rHY 1.3449471955306365 rHX 1.0126748304595525 0.33227236507108393
70 rHY 1.3449471955306365 rHX 1.0126748304595525 0.33227236507108393
70 cpl_forces h [ 9.23120511 10.09370372 -0.18595117]
70 cpl_forces h [ 9.23120511 10.09370372 -0.18595117]
70 cpl_forces h [ 9.23120511 10.09370372 -0.18595117]
70 cpl_forces h [ 9.23120511 10.09370372 -0.18595117]
70 cpl_forces h [ 9.23120511 10.09370372 -0.18595117]
70 cpl_forces x [-5.28567777 -4.43966459 -0.21266063]
70 cpl_forces x [-5.28567777 -4.43966459 -0.21266063]
70 cpl_forces x [-5.28567777 -4.43966459 -0.21266063]
70 cpl_forces y [-3.94552733 -5.65403913  0.3986118 ]
70 cpl_forces y [-3.94552733 -5.65403913  0.3986118 ]
70 cpl_forces x [-5.28567777 -4.43966459 -0.21266063]
70 cpl_forces y [-3.94552733 -5.65403913  0.3986118 ]
70 cpl_forces x [-5.28567777 -4.43966459 -0.21266063]
70 cpl_forces y [-3.94552733 -5.65403913  0.3986118 ]
70 cpl_forces y [-3.94552733 -5.65403913  0.3986118 ]
18:53:13-DEBUG: System matrix: 
18:53:13-DEBUG: [[4.94430613e+03 6.49514343e-01]
 [6.49514343e-01 4.95305662e+03]]
18:53:13-DEBUG: Eigen values: 
18:53:13-DEBUG: [4944.25817714 4953.10456883]
18:53:13-DEBUG: Occupancies: 
18:53:13-DEBUG: [1. 0.]
18:53:13-INFO: coupling 70 0.6495143431973419
18:53:13-DEBUG: Amplitudes: 
18:53:13-DEBUG: [0.99457992 0.00542008]
18:53:13-INFO: forces0 h [ 1.89253594  2.14047038 -0.0551902 ]
18:53:13-INFO: forces0 x [-0.73941204 -1.10976801 -0.00751825]
18:53:13-INFO: forces0 y [-0.91227558 -2.79490846  0.26683729]
18:53:13-INFO: forces1 h [-59.28484197 -55.40318744  -1.04978723]
18:53:13-INFO: forces1 x [50.17123334 41.33108118  2.01435194]
18:53:13-INFO: forces1 y [ 9.38229136 12.56403465 -0.84245482]
pos h  [ 7.51796644  9.65530459 10.38804565]
pos x  [ 8.29303077 10.30631395 10.4192291 ]
pos y  [ 6.74958415  8.55419361 10.46567437]
 mixed_cpl_forces: h [-1.35553576 -1.48218744  0.02730559]
 mixed_cpl_forces: x [0.77616358 0.65193266 0.03122768]
 mixed_cpl_forces: y [ 0.57937217  0.83025478 -0.05853326]
18:53:13-INFO: mixed forces h [ 0.20541407  0.34639187 -0.0332754 ]
18:53:13-INFO: mixed forces x [ 0.31269117 -0.22780267  0.03466812]
18:53:13-INFO: mixed forces y [-0.27710606 -1.88140701  0.20229157]
18:53:13-DEBUG: Minimum eigen value: 
18:53:13-DEBUG: 4944.258177138708
18:53:13-DEBUG: Minimum state: 
18:53:13-DEBUG: 0
        70     4944.2581771387     5059.9713467993      828.8852202650     4944.3061252649      115.7131696606      0.50791594
ids [  1   2   3   4   9  10  11  12  13  14  15  16  17  18  19  20  21  23
  24  25  26  27  28  29  30  31  32 938  34  35   7  37  39  41  42  44
  46  47  49 940 900  52  53  54  55  56  57  58  59  60  61  62  63  64
  65  67  68  69  70  71  72  73  74  75  76  78  79  81  83  85  86  88
  40  90  91  93  96  97  98  99 100 101 125 104 105 106 109 111 113 114
 115 116 119 120 121 124 126 993 130 131 132 135 136 895 638 643 644 649
 905 659 996 893 674 898 850 981]
ids [127 141 153 156 168 913 379 213 928 171 272 929 277 278 279 280 281 282
 283 284 285 286 287 288 289 290 291 292 293 294 295 296 297 298 299 300
 301 302 303 304 305 307 308 309 311 312 314 316 317 319 261 322 323 324
 325 326 327 328 329 330 331 332 333 334 335 336 337 338 339 340 341 342
 343 344 345 346 347 349 350 351 352 354 356 357 359 361 362 364 246 367
 934 370 371 372 373 374 375 376 377 380 382 383 385 386 387 388 389 390
 391 392 909 395 397 401 402 381 406 453 498 545 578 918 583 585 914 623
 625 628 630 633 275 675 943]
ids [815  38 936  43  45  82  84  87  92  94 129 134 274 368  89 384 398 399
 404 668 673 681 693 753 711 783 860 812 816 817 818 819 820 821 822 823
 824 825 826 827 829 830 831 832 833 834 835 836 837 838 839 840 841 842
 843 844 845 847 848 849 851 852 853 854 855 856 857 858 859 861 862 863
 864 865 866 867 868 869 870 871 872 873 874 875 946 877 878 879 880 881
 882 883 884 885 886 887 888 889 890 892 894 896 897 899 901 902 904 906
 907 908 910 911 912 915 916 917 920 924 922 923 925 926 927 948 930 931
 932 846 935 937 939 814 941 942 944 919 369  50 786 891 741 945 394]
ids [   5   48  139  770  238 1075  244  248 1040  258  810  985  378  533
  677 1038  682  683  684  685  686  687  688  689  690  691  692  694
  695  696  697  698  699  700  701  702  703  704  705  706  707  708
  709  710 1080  712  713  714  716  717  719  721  722  724  726  727
  728  729  730  731  732  733  734  735  736  737  738  739  740  784
  742  743  744  745  746  747  748  749  750  751  752  754  755  756
  757  759  761  762  763  764  766  767  769  772  773 1033  775  776
  777  778  779  780  781  782  785  254  787  788  790  791  792  793
  795  796  797  921  800  802  805  806  807  811  828  876  801  771
  804  983  988  990 1028 1030]
ids [   8   22   66   77   80   95  110 1064  138  263  273  503  504  518
  519  529  950  543  663  678  680  715  718  720  723  725  758  760
  765  768 1077  409  903  947  952  953  954  955  956  957  958  959
  960  961  962  963  964  965  967  968  969  970  971  972  973  974
  975  976  977  978  979  980   33  982  984 1076  986  987  989  991
  992  994  995 1035  997  998  999 1000 1001 1002 1003 1004 1005 1006
 1007 1008 1009 1010 1011 1012 1013 1014 1015 1016 1017 1018 1019 1020
 1021 1022 1023 1024 1025 1026 1027 1029 1031 1032 1034 1036 1037 1039
 1041 1042 1045 1046 1047 1050 1051 1052 1081 1055 1056 1057 1058 1060
 1061 1062 1063 1065 1066 1067 1068 1069 1070 1071 1072  514  951   36
  966   51 1049]
ids [  6 102 107 108 112 117 118 123 133 183 228 103 310 313 315 320 353 355
 358 360 363 365 400 403 411 438 128 542 654 547 548 549 550 551 552 553
 554 555 556 557 559 560 562 563 564 565 566 567 568 569 570 571 572 573
 574 575 576 577 579 581 582 584 586 587 589 592 593 594 595 596 597 598
 599 600 601 602 603 604 605 606 607 608 609 610 611 612 613 614 615 616
 617 618 619 620 621 622 624 626 627 629 631 632 634 635 636 637 639 640
 641 642 645 646 647 648 650 426 652 653 655 656 657 658 660 661 662 665
 590 667 671 672 676 813 405 561 670 544 669 580 664]
ids [ 122  140  173  178  185  220  223  230  265  268  270  318  407  408
  225  412  413  414  415  416  417  418  419  420  421  422  423  424
  425 1074  427  428  429  430  431  432  433  434  435  436  437  439
  440  441  442  444  446  447  449  451  452  454  456  457  458  459
  460  461  462  463  464  465  466  467  468  469  470  471  472  473
  474  475  476  477  478  479  480  481  482  483  484  485  486  487
  488  489  491  492  494  496  497  499  502  505  506  507  508  509
  510  511  512  513  501  515  516  517  520  521  522  523  524  525
  526  527  528  530  531  532  536  537  539  541  558 1079  588  591
  803  949 1043 1044 1048  534 1053 1059 1054  651  175  546  455  490
  666]
ids [ 137  142  143  144  145  146  147  148  149  150  151  152  154  155
  157  158  159  160  161  162  163  164  165  166  167  169  170  679
  172  174  249  176  177  179  180  181  182  184  187  188  189  190
  191  192  193  194  195  196  197  198  199  200  202  203  204  205
  206  207  208  209  210  211  212  214  215  217  218  219  221  222
  224  201  226  227  229  232  233  235  236  237  240  241  242  243
  245 1073  247  250  251  252  253  231  255  256  257  260  276  262
  266  267  269  271  306  348 1078  393  396  410  443  445  448  450
  366  186  493  495  500  535  538  540  799  789  794  798  264  808
  809  259  933  216  321  239  234  774]
18:53:13-INFO: Step 71
18:53:13-DEBUG: Reaction systems: [[None]
 [0]]
18:53:13-DEBUG: rxn_pairs: [array([1, 2])]
18:53:13-DEBUG: Starting total colors: 5
18:53:13-DEBUG: Number of systems: 2
18:53:13-DEBUG: New total colors: 5
18:53:13-DEBUG: Potential energy for color 0: 4944.576886395557
ebond 71 2.993465373265627
18:53:13-DEBUG: Potential energy for color 1: 4954.6305966538785
xhy 71 13 1 2
xhy 71 13 1 2
xhy 71 13 1 2
xhy 71 13 1 2
xhy 71 13 1 2
h_pos [ 7.54984906  9.63757699 10.39725057] x_pos [ 8.2927851  10.29954992 10.41883722] y_pos [ 6.75596646  8.55268475 10.46531054]
h_pos [ 7.54984906  9.63757699 10.39725057] x_pos [ 8.2927851  10.29954992 10.41883722] y_pos [ 6.75596646  8.55268475 10.46531054]
71 rHY 1.3460582813197224 rHX 0.9953030261415265 0.35075525517819583
h_pos [ 7.54984906  9.63757699 10.39725057] x_pos [ 8.2927851  10.29954992 10.41883722] y_pos [ 6.75596646  8.55268475 10.46531054]
71 rHY 1.3460582813197224 rHX 0.9953030261415265 0.35075525517819583
h_pos [ 7.54984906  9.63757699 10.39725057] x_pos [ 8.2927851  10.29954992 10.41883722] y_pos [ 6.75596646  8.55268475 10.46531054]
71 rHY 1.3460582813197224 rHX 0.9953030261415265 0.35075525517819583
h_pos [ 7.54984906  9.63757699 10.39725057] x_pos [ 8.2927851  10.29954992 10.41883722] y_pos [ 6.75596646  8.55268475 10.46531054]
71 rHY 1.3460582813197224 rHX 0.9953030261415265 0.35075525517819583
71 rHY 1.3460582813197224 rHX 0.9953030261415265 0.35075525517819583
71 cpl_forces h [ 7.95975694  8.76303712 -0.17199889]
71 cpl_forces h [ 7.95975694  8.76303712 -0.17199889]
71 cpl_forces h [ 7.95975694  8.76303712 -0.17199889]
71 cpl_forces h [ 7.95975694  8.76303712 -0.17199889]
71 cpl_forces h [ 7.95975694  8.76303712 -0.17199889]
71 cpl_forces x [-4.44647876 -3.96191387 -0.1291963 ]
71 cpl_forces x [-4.44647876 -3.96191387 -0.1291963 ]
71 cpl_forces x [-4.44647876 -3.96191387 -0.1291963 ]
71 cpl_forces y [-3.51327818 -4.80112325  0.30119519]
71 cpl_forces x [-4.44647876 -3.96191387 -0.1291963 ]
71 cpl_forces x [-4.44647876 -3.96191387 -0.1291963 ]
71 cpl_forces y [-3.51327818 -4.80112325  0.30119519]
71 cpl_forces y [-3.51327818 -4.80112325  0.30119519]
71 cpl_forces y [-3.51327818 -4.80112325  0.30119519]
71 cpl_forces y [-3.51327818 -4.80112325  0.30119519]
18:53:13-DEBUG: System matrix: 
18:53:13-DEBUG: [[4.94457689e+03 5.30720612e-01]
 [5.30720612e-01 4.95463060e+03]]
18:53:13-DEBUG: Eigen values: 
18:53:13-DEBUG: [4944.54894807 4954.65853498]
18:53:13-DEBUG: Occupancies: 
18:53:13-DEBUG: [1. 0.]
18:53:13-INFO: coupling 71 0.5307206119150765
18:53:13-DEBUG: Amplitudes: 
18:53:13-DEBUG: [0.99723645 0.00276355]
18:53:13-INFO: forces0 h [ 1.29182412  1.60206406 -0.07148413]
18:53:13-INFO: forces0 x [-0.14932922 -0.61338671  0.02973519]
18:53:13-INFO: forces0 y [-0.95505799 -2.66589287  0.25967304]
18:53:13-INFO: forces1 h [-70.64810025 -67.60489435  -0.92907037]
18:53:13-INFO: forces1 x [61.1533588  53.68913245  1.78982857]
18:53:13-INFO: forces1 y [ 9.70123778 12.45806764 -0.72277025]
pos h  [ 7.54984906  9.63757699 10.39725057]
pos x  [ 8.2927851  10.29954992 10.41883722]
pos y  [ 6.75596646  8.55268475 10.46531054]
 mixed_cpl_forces: h [-0.83572299 -0.92006221  0.01805877]
 mixed_cpl_forces: x [0.4668515  0.41597533 0.01356478]
 mixed_cpl_forces: y [ 0.36887148  0.50408688 -0.03162355]
18:53:13-INFO: mixed forces h [ 0.25729173  0.49074513 -0.05579534]
18:53:13-INFO: mixed forces x [ 0.48693518 -0.04734379  0.04816407]
18:53:13-INFO: mixed forces y [-0.55673732 -2.12001021  0.22533446]
18:53:13-DEBUG: Minimum eigen value: 
18:53:13-DEBUG: 4944.548948071225
18:53:13-DEBUG: Minimum state: 
18:53:13-DEBUG: 0
        71     4944.5489480712     5059.9671415497      826.7722248437     4944.5768863956      115.4181934785      0.51165937
ids [   8   22   66   77   80   95  110 1064  138  263  273  503  504  518
  519  529  950  543  663  678  680  715  718  720  723  725  758  760
  765  768 1077  409  903  947  952  953  954  955  956  957  958  959
  960  961  962  963  964  965  967  968  969  970  971  972  973  974
  975  976  977  978  979  980   33  982  984 1076  986  987  989  991
  992  994  995 1035  997  998  999 1000 1001 1002 1003 1004 1005 1006
 1007 1008 1009 1010 1011 1012 1013 1014 1015 1016 1017 1018 1019 1020
 1021 1022 1023 1024 1025 1026 1027 1029 1031 1032 1034 1036 1037 1039
 1041 1042 1045 1046 1047 1050 1051 1052 1081 1055 1056 1057 1058 1060
 1061 1062 1063 1065 1066 1067 1068 1069 1070 1071 1072  514  951   36
  966   51 1049]
ids [  6 102 107 108 112 117 118 123 133 183 228 103 310 313 315 320 353 355
 358 360 363 365 400 403 411 438 128 542 654 547 548 549 550 551 552 553
 554 555 556 557 559 560 562 563 564 565 566 567 568 569 570 571 572 573
 574 575 576 577 579 581 582 584 586 587 589 592 593 594 595 596 597 598
 599 600 601 602 603 604 605 606 607 608 609 610 611 612 613 614 615 616
 617 618 619 620 621 622 624 626 627 629 631 632 634 635 636 637 639 640
 641 642 645 646 647 648 650 426 652 653 655 656 657 658 660 661 662 665
 590 667 671 672 676 813 405 561 670 544 669 580 664]
ids [ 122  140  173  178  185  220  223  230  265  268  270  318  407  408
  225  412  413  414  415  416  417  418  419  420  421  422  423  424
  425 1074  427  428  429  430  431  432  433  434  435  436  437  439
  440  441  442  444  446  447  449  451  452  454  456  457  458  459
  460  461  462  463  464  465  466  467  468  469  470  471  472  473
  474  475  476  477  478  479  480  481  482  483  484  485  486  487
  488  489  491  492  494  496  497  499  502  505  506  507  508  509
  510  511  512  513  501  515  516  517  520  521  522  523  524  525
  526  527  528  530  531  532  536  537  539  541  558 1079  588  591
  803  949 1043 1044 1048  534 1053 1059 1054  651  175  546  455  490
  666]
ids [  1   2   3   4   9  10  11  12  13  14  15  16  17  18  19  20  21  23
  24  25  26  27  28  29  30  31  32 938  34  35   7  37  39  41  42  44
  46  47  49 940 900  52  53  54  55  56  57  58  59  60  61  62  63  64
  65  67  68  69  70  71  72  73  74  75  76  78  79  81  83  85  86  88
  40  90  91  93  96  97  98  99 100 101 125 104 105 106 109 111 113 114
 115 116 119 120 121 124 126 993 130 131 132 135 136 895 638 643 644 649
 905 659 996 893 674 898 850 981]
ids [ 137  142  143  144  145  146  147  148  149  150  151  152  154  155
  157  158  159  160  161  162  163  164  165  166  167  169  170  679
  172  174  249  176  177  179  180  181  182  184  187  188  189  190
  191  192  193  194  195  196  197  198  199  200  202  203  204  205
  206  207  208  209  210  211  212  214  215  217  218  219  221  222
  224  201  226  227  229  232  233  235  236  237  240  241  242  243
  245 1073  247  250  251  252  253  231  255  256  257  260  276  262
  266  267  269  271  306  348 1078  393  396  410  443  445  448  450
  366  186  493  495  500  535  538  540  799  789  794  798  264  808
  809  259  933  216  321  239  234  774]
ids [127 141 153 156 168 913 379 213 928 171 272 929 277 278 279 280 281 282
 283 284 285 286 287 288 289 290 291 292 293 294 295 296 297 298 299 300
 301 302 303 304 305 307 308 309 311 312 314 316 317 319 261 322 323 324
 325 326 327 328 329 330 331 332 333 334 335 336 337 338 339 340 341 342
 343 344 345 346 347 349 350 351 352 354 356 357 359 361 362 364 246 367
 934 370 371 372 373 374 375 376 377 380 382 383 385 386 387 388 389 390
 391 392 909 395 397 401 402 381 406 453 498 545 578 918 583 585 914 623
 625 628 630 633 275 675 943]
ids [815  38 936  43  45  82  84  87  92  94 129 134 274 368  89 384 398 399
 404 668 673 681 693 753 711 783 860 812 816 817 818 819 820 821 822 823
 824 825 826 827 829 830 831 832 833 834 835 836 837 838 839 840 841 842
 843 844 845 847 848 849 851 852 853 854 855 856 857 858 859 861 862 863
 864 865 866 867 868 869 870 871 872 873 874 875 946 877 878 879 880 881
 882 883 884 885 886 887 888 889 890 892 894 896 897 899 901 902 904 906
 907 908 910 911 912 915 916 917 920 924 922 923 925 926 927 948 930 931
 932 846 935 937 939 814 941 942 944 919 369  50 786 891 741 945 394]
ids [   5   48  139  770  238 1075  244  248 1040  258  810  985  378  533
  677 1038  682  683  684  685  686  687  688  689  690  691  692  694
  695  696  697  698  699  700  701  702  703  704  705  706  707  708
  709  710 1080  712  713  714  716  717  719  721  722  724  726  727
  728  729  730  731  732  733  734  735  736  737  738  739  740  784
  742  743  744  745  746  747  748  749  750  751  752  754  755  756
  757  759  761  762  763  764  766  767  769  772  773 1033  775  776
  777  778  779  780  781  782  785  254  787  788  790  791  792  793
  795  796  797  921  800  802  805  806  807  811  828  876  801  771
  804  983  988  990 1028 1030]
18:53:13-INFO: Step 72
18:53:13-DEBUG: Reaction systems: [[None]
 [0]]
18:53:13-DEBUG: rxn_pairs: [array([1, 2])]
18:53:13-DEBUG: Starting total colors: 5
18:53:13-DEBUG: Number of systems: 2
18:53:13-DEBUG: New total colors: 5
18:53:13-DEBUG: Potential energy for color 0: 4944.579063162926
ebond 72 3.0255796786281417
18:53:13-DEBUG: Potential energy for color 1: 4956.162811412673
xhy 72 13 1 2
xhy 72 13 1 2
xhy 72 13 1 2
xhy 72 13 1 2
xhy 72 13 1 2
h_pos [ 7.58170531  9.61990645 10.40643535] x_pos [ 8.29255619 10.29278856 10.41844678] y_pos [ 6.76233818  8.55112919 10.46495178]
h_pos [ 7.58170531  9.61990645 10.40643535] x_pos [ 8.29255619 10.29278856 10.41844678] y_pos [ 6.76233818  8.55112919 10.46495178]
72 rHY 1.3479879460045827 rHX 0.9788889536114567 0.36909899239312605
h_pos [ 7.58170531  9.61990645 10.40643535] x_pos [ 8.29255619 10.29278856 10.41844678] y_pos [ 6.76233818  8.55112919 10.46495178]
72 rHY 1.3479879460045827 rHX 0.9788889536114567 0.36909899239312605
h_pos [ 7.58170531  9.61990645 10.40643535] x_pos [ 8.29255619 10.29278856 10.41844678] y_pos [ 6.76233818  8.55112919 10.46495178]
h_pos [ 7.58170531  9.61990645 10.40643535] x_pos [ 8.29255619 10.29278856 10.41844678] y_pos [ 6.76233818  8.55112919 10.46495178]
72 rHY 1.3479879460045827 rHX 0.9788889536114567 0.36909899239312605
72 rHY 1.3479879460045827 rHX 0.9788889536114567 0.36909899239312605
72 rHY 1.3479879460045827 rHX 0.9788889536114567 0.36909899239312605
72 cpl_forces h [ 6.76965566  7.51174777 -0.15802184]
72 cpl_forces h [ 6.76965566  7.51174777 -0.15802184]
72 cpl_forces h [ 6.76965566  7.51174777 -0.15802184]
72 cpl_forces h [ 6.76965566  7.51174777 -0.15802184]
72 cpl_forces x [-3.68508409 -3.48825223 -0.06226782]
72 cpl_forces x [-3.68508409 -3.48825223 -0.06226782]
72 cpl_forces h [ 6.76965566  7.51174777 -0.15802184]
72 cpl_forces x [-3.68508409 -3.48825223 -0.06226782]
72 cpl_forces y [-3.08457157 -4.02349554  0.22028966]
72 cpl_forces x [-3.68508409 -3.48825223 -0.06226782]
72 cpl_forces x [-3.68508409 -3.48825223 -0.06226782]
72 cpl_forces y [-3.08457157 -4.02349554  0.22028966]
72 cpl_forces y [-3.08457157 -4.02349554  0.22028966]
72 cpl_forces y [-3.08457157 -4.02349554  0.22028966]
72 cpl_forces y [-3.08457157 -4.02349554  0.22028966]
18:53:13-DEBUG: System matrix: 
18:53:13-DEBUG: [[4.94457906e+03 4.29644728e-01]
 [4.29644728e-01 4.95616281e+03]]
18:53:13-DEBUG: Eigen values: 
18:53:13-DEBUG: [4944.56314937 4956.1787252 ]
18:53:13-DEBUG: Occupancies: 
18:53:13-DEBUG: [1. 0.]
18:53:13-INFO: coupling 72 0.4296447282359821
18:53:13-DEBUG: Amplitudes: 
18:53:13-DEBUG: [0.99862996 0.00137004]
18:53:13-INFO: forces0 h [ 0.74503485  1.04843273 -0.07228569]
18:53:13-INFO: forces0 x [ 0.37795549 -0.11135304  0.05187578]
18:53:13-INFO: forces0 y [-0.98952007 -2.52659315  0.25228495]
18:53:13-INFO: forces1 h [-83.63807785 -82.80052084  -0.51751139]
18:53:13-INFO: forces1 x [73.74412797 69.0194552   1.27557137]
18:53:13-INFO: forces1 y [10.03778411 12.37448388 -0.60401773]
pos h  [ 7.58170531  9.61990645 10.40643535]
pos x  [ 8.29255619 10.29278856 10.41844678]
pos y  [ 6.76233818  8.55112919 10.46495178]
 mixed_cpl_forces: h [-0.50080115 -0.55569915  0.01169004]
 mixed_cpl_forces: x [0.27261274 0.25805164 0.00460641]
 mixed_cpl_forces: y [ 0.22818841  0.29764752 -0.01629644]
18:53:13-INFO: mixed forces h [ 0.12862555  0.37785725 -0.06120563]
18:53:13-INFO: mixed forces x [0.75108273 0.24141049 0.0581587 ]
18:53:13-INFO: mixed forces y [-0.74622382 -2.20853058  0.23481534]
18:53:13-DEBUG: Minimum eigen value: 
18:53:13-DEBUG: 4944.563149372347
18:53:13-DEBUG: Minimum state: 
18:53:13-DEBUG: 0
        72     4944.5631493723     5059.9647033475      826.6530315103     4944.5790631629      115.4015539751      0.51409097
ids [   5   48  139  770  238 1075  244  248 1040  258  810  985  378  533
  677 1038  682  683  684  685  686  687  688  689  690  691  692  694
  695  696  697  698  699  700  701  702  703  704  705  706  707  708
  709  710 1080  712  713  714  716  717  719  721  722  724  726  727
  728  729  730  731  732  733  734  735  736  737  738  739  740  784
  742  743  744  745  746  747  748  749  750  751  752  754  755  756
  757  759  761  762  763  764  766  767  769  772  773 1033  775  776
  777  778  779  780  781  782  785  254  787  788  790  791  792  793
  795  796  797  921  800  802  805  806  807  811  828  876  801  771
  804  983  988  990 1028 1030]
ids [ 137  142  143  144  145  146  147  148  149  150  151  152  154  155
  157  158  159  160  161  162  163  164  165  166  167  169  170  679
  172  174  249  176  177  179  180  181  182  184  187  188  189  190
  191  192  193  194  195  196  197  198  199  200  202  203  204  205
  206  207  208  209  210  211  212  214  215  217  218  219  221  222
  224  201  226  227  229  232  233  235  236  237  240  241  242  243
  245 1073  247  250  251  252  253  231  255  256  257  260  276  262
  266  267  269  271  306  348 1078  393  396  410  443  445  448  450
  366  186  493  495  500  535  538  540  799  789  794  798  264  808
  809  259  933  216  321  239  234  774]
ids [127 141 153 156 168 913 379 213 928 171 272 929 277 278 279 280 281 282
 283 284 285 286 287 288 289 290 291 292 293 294 295 296 297 298 299 300
 301 302 303 304 305 307 308 309 311 312 314 316 317 319 261 322 323 324
 325 326 327 328 329 330 331 332 333 334 335 336 337 338 339 340 341 342
 343 344 345 346 347 349 350 351 352 354 356 357 359 361 362 364 246 367
 934 370 371 372 373 374 375 376 377 380 382 383 385 386 387 388 389 390
 391 392 909 395 397 401 402 381 406 453 498 545 578 918 583 585 914 623
 625 628 630 633 275 675 943]
ids [815  38 936  43  45  82  84  87  92  94 129 134 274 368  89 384 398 399
 404 668 673 681 693 753 711 783 860 812 816 817 818 819 820 821 822 823
 824 825 826 827 829 830 831 832 833 834 835 836 837 838 839 840 841 842
 843 844 845 847 848 849 851 852 853 854 855 856 857 858 859 861 862 863
 864 865 866 867 868 869 870 871 872 873 874 875 946 877 878 879 880 881
 882 883 884 885 886 887 888 889 890 892 894 896 897 899 901 902 904 906
 907 908 910 911 912 915 916 917 920 924 922 923 925 926 927 948 930 931
 932 846 935 937 939 814 941 942 944 919 369  50 786 891 741 945 394]
ids [ 122  140  173  178  185  220  223  230  265  268  270  318  407  408
  225  412  413  414  415  416  417  418  419  420  421  422  423  424
  425 1074  427  428  429  430  431  432  433  434  435  436  437  439
  440  441  442  444  446  447  449  451  452  454  456  457  458  459
  460  461  462  463  464  465  466  467  468  469  470  471  472  473
  474  475  476  477  478  479  480  481  482  483  484  485  486  487
  488  489  491  492  494  496  497  499  502  505  506  507  508  509
  510  511  512  513  501  515  516  517  520  521  522  523  524  525
  526  527  528  530  531  532  536  537  539  541  558 1079  588  591
  803  949 1043 1044 1048  534 1053 1059 1054  651  175  546  455  490
  666]
ids [   8   22   66   77   80   95  110 1064  138  263  273  503  504  518
  519  529  950  543  663  678  680  715  718  720  723  725  758  760
  765  768 1077  409  903  947  952  953  954  955  956  957  958  959
  960  961  962  963  964  965  967  968  969  970  971  972  973  974
  975  976  977  978  979  980   33  982  984 1076  986  987  989  991
  992  994  995 1035  997  998  999 1000 1001 1002 1003 1004 1005 1006
 1007 1008 1009 1010 1011 1012 1013 1014 1015 1016 1017 1018 1019 1020
 1021 1022 1023 1024 1025 1026 1027 1029 1031 1032 1034 1036 1037 1039
 1041 1042 1045 1046 1047 1050 1051 1052 1081 1055 1056 1057 1058 1060
 1061 1062 1063 1065 1066 1067 1068 1069 1070 1049 1072  514  951   36
  966   51]
ids [  6 102 107 108 112 117 118 123 133 183 228 103 310 313 315 320 353 355
 358 360 363 365 400 403 411 438 128 542 654 547 548 549 550 551 552 553
 554 555 556 557 559 560 562 563 564 565 566 567 568 569 570 571 572 573
 574 575 576 577 579 581 582 584 586 587 589 592 593 594 595 596 597 598
 599 600 601 602 603 604 605 606 607 608 609 610 611 612 613 614 615 616
 617 618 619 620 621 622 624 626 627 629 631 632 634 635 636 637 639 640
 641 642 645 646 647 648 650 426 652 653 655 656 657 658 660 661 662 665
 590 667 671 672 676 813 405 561 670 544 669 580 664]
ids [   1    2    3    4    9   10   11   12   13   14   15   16   17   18
   19   20   21   23   24   25   26   27   28   29   30   31   32  938
   34   35    7   37   39   41   42   44   46   47   49  940  900   52
   53   54   55   56   57   58   59   60   61   62   63   64   65   67
   68   69   70   71   72   73   74   75   76   78   79   81   83   85
   86   88   40   90   91   93   96   97   98   99  100  101  125  104
  105  106  109  111  113  114  115  116  119  120  121  124  126  993
  130  131  132  135  136  895  638  643  644  649  905  659  996  893
  674  898  850  981 1071]
18:53:13-INFO: Step 73
18:53:13-DEBUG: Reaction systems: [[None]
 [0]]
18:53:13-DEBUG: rxn_pairs: [array([1, 2])]
18:53:13-DEBUG: Starting total colors: 5
18:53:13-DEBUG: Number of systems: 2
18:53:13-DEBUG: New total colors: 5
18:53:13-DEBUG: Potential energy for color 0: 4944.297275945034
ebond 73 3.071572413288926
18:53:13-DEBUG: Potential energy for color 1: 4957.652335344046
xhy 73 13 1 2
xhy 73 13 1 2
xhy 73 13 1 2
xhy 73 13 1 2
xhy 73 13 1 2
h_pos [ 7.61353082  9.6022961  10.41559763] x_pos [ 8.29234857 10.2860356  10.41805789] y_pos [ 6.76869378  8.54952308 10.46459848]
73 rHY 1.3507337806188675 rHX 0.9634829018837752 0.38725087873509234
h_pos [ 7.61353082  9.6022961  10.41559763] x_pos [ 8.29234857 10.2860356  10.41805789] y_pos [ 6.76869378  8.54952308 10.46459848]
73 rHY 1.3507337806188675 rHX 0.9634829018837752 0.38725087873509234
h_pos [ 7.61353082  9.6022961  10.41559763] x_pos [ 8.29234857 10.2860356  10.41805789] y_pos [ 6.76869378  8.54952308 10.46459848]
73 rHY 1.3507337806188675 rHX 0.9634829018837752 0.38725087873509234
h_pos [ 7.61353082  9.6022961  10.41559763] x_pos [ 8.29234857 10.2860356  10.41805789] y_pos [ 6.76869378  8.54952308 10.46459848]
h_pos [ 7.61353082  9.6022961  10.41559763] x_pos [ 8.29234857 10.2860356  10.41805789] y_pos [ 6.76869378  8.54952308 10.46459848]
73 rHY 1.3507337806188675 rHX 0.9634829018837752 0.38725087873509234
73 rHY 1.3507337806188675 rHX 0.9634829018837752 0.38725087873509234
73 cpl_forces h [ 5.68469289  6.36450504 -0.14414079]
73 cpl_forces h [ 5.68469289  6.36450504 -0.14414079]
73 cpl_forces h [ 5.68469289  6.36450504 -0.14414079]
73 cpl_forces x [-3.01134811 -3.03318184 -0.01091416]
73 cpl_forces h [ 5.68469289  6.36450504 -0.14414079]
73 cpl_forces h [ 5.68469289  6.36450504 -0.14414079]
73 cpl_forces x [-3.01134811 -3.03318184 -0.01091416]
73 cpl_forces x [-3.01134811 -3.03318184 -0.01091416]
73 cpl_forces y [-2.67334478 -3.3313232   0.15505495]
73 cpl_forces y [-2.67334478 -3.3313232   0.15505495]
73 cpl_forces x [-3.01134811 -3.03318184 -0.01091416]
73 cpl_forces x [-3.01134811 -3.03318184 -0.01091416]
73 cpl_forces y [-2.67334478 -3.3313232   0.15505495]
73 cpl_forces y [-2.67334478 -3.3313232   0.15505495]
73 cpl_forces y [-2.67334478 -3.3313232   0.15505495]
18:53:13-DEBUG: System matrix: 
18:53:13-DEBUG: [[4.94429728e+03 3.44912866e-01]
 [3.44912866e-01 4.95765234e+03]]
18:53:13-DEBUG: Eigen values: 
18:53:13-DEBUG: [4944.28837403 4957.66123726]
18:53:13-DEBUG: Occupancies: 
18:53:13-DEBUG: [1. 0.]
18:53:13-INFO: coupling 73 0.3449128662205837
18:53:13-DEBUG: Amplitudes: 
18:53:13-DEBUG: [9.99334330e-01 6.65670295e-04]
18:53:13-INFO: forces0 h [ 0.25400005  0.48530162 -0.05845573]
18:53:13-INFO: forces0 x [0.84030212 0.39180628 0.05943429]
18:53:13-INFO: forces0 y [-1.01544434 -2.37812353  0.24498724]
18:53:13-INFO: forces1 h [ -98.15263067 -101.37684311    0.2922675 ]
18:53:13-INFO: forces1 x [87.83984823 87.70999397  0.36362486]
18:53:13-INFO: forces1 y [10.39332326 12.31219166 -0.48564113]
pos h  [ 7.61353082  9.6022961  10.41559763]
pos x  [ 8.29234857 10.2860356  10.41805789]
pos y  [ 6.76869378  8.54952308 10.46459848]
 mixed_cpl_forces: h [-0.29323918 -0.32830661  0.00743536]
 mixed_cpl_forces: x [0.15533737 0.15646364 0.000563  ]
 mixed_cpl_forces: y [ 0.13790181  0.17184297 -0.00799835]
18:53:13-INFO: mixed forces h [-0.1047455   0.08918841 -0.05078691]
18:53:13-INFO: mixed forces x [1.0535525  0.60639505 0.06019978]
18:53:13-INFO: mixed forces y [-0.86994806 -2.19650166  0.23650252]
18:53:13-DEBUG: Minimum eigen value: 
18:53:13-DEBUG: 4944.288374027222
18:53:13-DEBUG: Minimum state: 
18:53:13-DEBUG: 0
        73     4944.2883740272     5059.9634753953      828.6125266281     4944.2972759450      115.6751013680      0.51323183
ids [   1    2    3    4    9   10   11   12   13   14   15   16   17   18
   19   20   21   23   24   25   26   27   28   29   30   31   32  938
   34   35    7   37   39   41   42   44   46   47   49  940  900   52
   53   54   55   56   57   58   59   60   61   62   63   64   65   67
   68   69   70   71   72   73   74   75   76   78   79   81   83   85
   86   88   40   90   91   93   96   97   98   99  100  101  125  104
  105  106  109  111  113  114  115  116  119  120  121  124  126  993
  130  131  132  135  136  895  638  643  644  649  905  659  996  893
  674  898  850  981 1071]
ids [  6 102 107 108 112 117 118 123 133 183 228 103 310 313 315 320 353 355
 358 360 363 365 400 403 411 438 128 542 654 547 548 549 550 551 552 553
 554 555 556 557 559 560 562 563 564 565 566 567 568 569 570 571 572 573
 574 575 576 577 579 581 582 584 586 587 589 592 593 594 595 596 597 598
 599 600 601 602 603 604 605 606 607 608 609 610 611 612 613 614 615 616
 617 618 619 620 621 622 624 626 627 629 631 632 634 635 636 637 639 640
 641 642 645 646 647 648 650 426 652 653 655 656 657 658 660 661 662 665
 590 667 671 672 676 813 405 561 670 544 669 580 664]
ids [   5   48  139  770  238 1075  244  248 1040  258  810  985  378  533
  677 1038  682  683  684  685  686  687  688  689  690  691  692  694
  695  696  697  698  699  700  701  702  703  704  705  706  707  708
  709  710 1080  712  713  714  716  717  719  721  722  724  726  727
  728  729  730  731  732  733  734  735  736  737  738  739  740  784
  742  743  744  745  746  747  748  749  750  751  752  754  755  756
  757  759  761  762  763  764  766  767  769  772  773 1033  775  776
  777  778 1030  780  781  782  785  254  787  788  790  791  792  793
  795  796  797  921  800  802  805  806  807  811  828  876  801  771
  804  983  988  990 1028]
ids [ 137  142  143  144  145  146  147  148  149  150  151  152  154  155
  157  158  159  160  161  162  163  164  165  166  167  169  170  679
  172  174  249  176  177  179  180  181  182  184  187  188  189  190
  191  192  193  194  195  196  197  198  199  200  202  203  204  205
  206  207  208  209  210  211  212  214  215  217  218  219  221  222
  224  201  226  227  229  232  233  235  236  237  240  241  242  243
  245 1073  247  250  251  252  253  231  255  256  257  260  276  262
  266  267  269  271  306  348 1078  393  396  410  443  445  448  450
  366  186  493  495  500  535  538  540  799  789  794  798  264  808
  809  259  933  216  321  239  234  774  779]
ids [127 141 153 156 168 913 379 213 928 171 272 929 277 278 279 280 281 282
 283 284 285 286 287 288 289 290 291 292 293 294 295 296 297 298 299 300
 301 302 303 304 305 307 308 309 311 312 314 316 317 319 261 322 323 324
 325 326 327 328 329 330 331 332 333 334 335 336 337 338 339 340 341 342
 343 344 345 346 347 349 350 351 352 354 356 357 359 361 362 364 246 367
 934 370 371 372 373 374 375 376 377 380 382 383 385 386 387 388 389 390
 391 392 909 395 397 401 402 381 406 453 498 545 578 918 583 585 914 623
 625 628 630 633 275 675 943]
ids [815  38 936  43  45  82  84  87  92  94 129 134 274 368  89 384 398 399
 404 668 673 681 693 753 711 783 860 812 816 817 818 819 820 821 822 823
 824 825 826 827 829 830 831 832 833 834 835 836 837 838 839 840 841 842
 843 844 845 847 848 849 851 852 853 854 855 856 857 858 859 861 862 863
 864 865 866 867 868 869 870 871 872 873 874 875 946 877 878 879 880 881
 882 883 884 885 886 887 888 889 890 892 894 896 897 899 901 902 904 906
 907 908 910 911 912 915 916 917 920 924 922 923 925 926 927 948 930 931
 932 846 935 937 939 814 941 942 944 919 369  50 786 891 741 945 394]
ids [ 122  140  173  178  185  220  223  230  265  268  270  318  407  408
  225  412  413  414  415  416  417  418  419  420  421  422  423  424
  425 1074  427  428  429  430  431  432  433  434  435  436  437  439
  440  441  442  444  446  447  449  451  452  454  456  457  458  459
  460  461  462  463  464  465  466  467  468  469  470  471  472  473
  474  475  476  477  478  479  480  481  482  483  484  485  486  487
  488  489  491  492  494  496  497  499  502  505  506  507  508  509
  510  511  512  513  501  515  516  517  520  521  522  523  524  525
  526  527  528  530  531  532  536  537  539  541  558 1079  588  591
  803  949 1043 1044 1048  534 1053 1059 1054  651  175  546  455  490
  666]
ids [   8   22   66   77   80   95  110 1064  138  263  273  503  504  518
  519  529  950  543  663  678  680  715  718  720  723  725  758  760
  765  768 1077  409  903  947  952  953  954  955  956  957  958  959
  960  961  962  963  964  965  967  968  969  970  971  972  973  974
  975  976  977  978  979  980   33  982  984 1076  986  987  989  991
  992  994  995 1035  997  998  999 1000 1001 1002 1003 1004 1005 1006
 1007 1008 1009 1010 1011 1012 1013 1014 1015 1016 1017 1018 1019 1020
 1021 1022 1023 1024 1025 1026 1027 1029 1031 1032 1034 1036 1037 1039
 1041 1042 1045 1046 1047 1050 1051 1052 1081 1055 1056 1057 1058 1060
 1061 1062 1063 1065 1066 1067 1068 1069 1070 1049 1072  514  951   36
  966   51]
18:53:13-INFO: Step 74
18:53:13-DEBUG: Reaction systems: [[None]
 [0]]
18:53:13-DEBUG: rxn_pairs: [array([1, 2])]
18:53:13-DEBUG: Starting total colors: 5
18:53:13-DEBUG: Number of systems: 2
18:53:13-DEBUG: New total colors: 5
18:53:13-DEBUG: Potential energy for color 0: 4943.71797139843
ebond 74 3.1299679028048035
18:53:13-DEBUG: Potential energy for color 1: 4959.072728960302
xhy 74 13 1 2
xhy 74 13 1 2
xhy 74 13 1 2
xhy 74 13 1 2
xhy 74 13 1 2
h_pos [ 7.64526708  9.58466738 10.42474115] x_pos [ 8.2921683  10.27929894 10.41767053] y_pos [ 6.77502956  8.54786562 10.46425077]
74 rHY 1.3541906255571834 rHX 0.949233471834316 0.40495715372286745
h_pos [ 7.64526708  9.58466738 10.42474115] x_pos [ 8.2921683  10.27929894 10.41767053] y_pos [ 6.77502956  8.54786562 10.46425077]
74 rHY 1.3541906255571834 rHX 0.949233471834316 0.40495715372286745
h_pos [ 7.64526708  9.58466738 10.42474115] x_pos [ 8.2921683  10.27929894 10.41767053] y_pos [ 6.77502956  8.54786562 10.46425077]
74 rHY 1.3541906255571834 rHX 0.949233471834316 0.40495715372286745
h_pos [ 7.64526708  9.58466738 10.42474115] x_pos [ 8.2921683  10.27929894 10.41767053] y_pos [ 6.77502956  8.54786562 10.46425077]
h_pos [ 7.64526708  9.58466738 10.42474115] x_pos [ 8.2921683  10.27929894 10.41767053] y_pos [ 6.77502956  8.54786562 10.46425077]
74 rHY 1.3541906255571834 rHX 0.949233471834316 0.40495715372286745
74 rHY 1.3541906255571834 rHX 0.949233471834316 0.40495715372286745
74 cpl_forces h [ 4.72854136  5.34734419 -0.13078902]
74 cpl_forces h [ 4.72854136  5.34734419 -0.13078902]
74 cpl_forces h [ 4.72854136  5.34734419 -0.13078902]
74 cpl_forces h [ 4.72854136  5.34734419 -0.13078902]
74 cpl_forces x [-2.43367975 -2.61324401  0.02660008]
74 cpl_forces x [-2.43367975 -2.61324401  0.02660008]
74 cpl_forces h [ 4.72854136  5.34734419 -0.13078902]
74 cpl_forces x [-2.43367975 -2.61324401  0.02660008]
74 cpl_forces x [-2.43367975 -2.61324401  0.02660008]
74 cpl_forces x [-2.43367975 -2.61324401  0.02660008]
74 cpl_forces y [-2.29486162 -2.73410018  0.10418894]
74 cpl_forces y [-2.29486162 -2.73410018  0.10418894]
74 cpl_forces y [-2.29486162 -2.73410018  0.10418894]
74 cpl_forces y [-2.29486162 -2.73410018  0.10418894]
74 cpl_forces y [-2.29486162 -2.73410018  0.10418894]
18:53:13-DEBUG: System matrix: 
18:53:13-DEBUG: [[4.94371797e+03 2.75574765e-01]
 [2.75574765e-01 4.95907273e+03]]
18:53:13-DEBUG: Eigen values: 
18:53:13-DEBUG: [4943.7130272  4959.07767316]
18:53:13-DEBUG: Occupancies: 
18:53:13-DEBUG: [1. 0.]
18:53:13-INFO: coupling 74 0.27557476501174294
18:53:13-DEBUG: Amplitudes: 
18:53:13-DEBUG: [9.99678209e-01 3.21790746e-04]
18:53:13-INFO: forces0 h [-0.1756186  -0.07651451 -0.03112205]
18:53:13-INFO: forces0 x [1.23291548 0.88777895 0.05318269]
18:53:13-INFO: forces0 y [-1.03382455 -2.22298665  0.23811605]
18:53:13-INFO: forces1 h [-113.79466517 -123.4741028     1.61968612]
18:53:13-INFO: forces1 x [103.04481426 109.90590383  -1.06618599]
18:53:13-INFO: forces1 y [10.76625185 12.26630143 -0.36691326]
pos h  [ 7.64526708  9.58466738 10.42474115]
pos x  [ 8.2921683  10.27929894 10.41767053]
pos y  [ 6.77502956  8.54786562 10.46425077]
 mixed_cpl_forces: h [-0.16961884 -0.19181609  0.00469157]
 mixed_cpl_forces: x [ 0.08729921  0.09374041 -0.00095418]
 mixed_cpl_forces: y [ 0.08231963  0.09807568 -0.00373739]
18:53:13-INFO: mixed forces h [-0.381799   -0.3080388  -0.02589926]
18:53:13-INFO: mixed forces x [1.35297682 1.01660038 0.05186831]
18:53:13-INFO: mixed forces y [-0.94770776 -2.12024845  0.23418397]
18:53:13-DEBUG: Minimum eigen value: 
18:53:13-DEBUG: 4943.71302719754
18:53:13-DEBUG: Minimum state: 
18:53:13-DEBUG: 0
        74     4943.7130271975     5059.9630302817      832.7307055440     4943.7179713984      116.2500030841      0.51369017
ids [   8   22   66   77   80   95  110 1064  138  263  273  503  504  518
  519  529  950  543  663  678  680  715  718  720  723  725  758  760
  765  768 1077  409  903  947  952  953  954  955  956  957  958  959
  960  961  962  963  964  965  967  968  969  970  971  972  973  974
  975  976  977  978  979  980   33  982  984 1076  986  987  989  991
  992  994  995 1035  997  998  999 1000 1001 1002 1003 1004 1005 1006
 1007 1008 1009 1010 1011 1012 1013 1014 1015 1016 1017 1018 1019 1020
 1021 1022 1023 1024 1025 1026 1027 1029 1031 1032 1034 1036 1037 1039
 1041 1042 1045 1046 1047 1050 1051 1052 1081 1055 1056 1057 1058 1060
 1061 1062 1063 1065 1066 1067 1068 1069 1070 1049 1072  514  951   36
  966   51]
ids [  6 102 107 108 112 117 118 123 133 183 228 103 310 313 315 320 353 355
 358 360 363 365 400 403 411 438 128 542 654 547 548 549 550 551 552 553
 554 555 556 557 559 560 562 563 564 565 566 567 568 569 570 571 572 573
 574 575 576 577 579 581 582 584 586 587 589 592 593 594 595 596 597 598
 599 600 601 602 603 604 605 606 607 608 609 610 611 612 613 614 615 616
 617 618 619 620 621 622 624 626 627 629 631 632 634 635 636 637 639 640
 641 642 645 646 647 648 650 426 652 653 655 656 657 658 660 661 662 665
 590 667 671 672 676 813 405 561 670 544 669 580 664]
ids [   5   48  139  770  238 1075  244  248 1040  258  810  985  378  533
  677 1038  682  683  684  685  686  687  688  689  690  691  692  694
  695  696  697  698  699  700  701  702  703  704  705  706  707  708
  709  710 1080  712  713  714  716  717  719  721  722  724  726  727
  728  729  730  731  732  733  734  735  736  737  738  739  740  784
  742  743  744  745  746  747  748  749  750  751  752  754  755  756
  757  759  761  762  763  764  766  767  769  772  773 1033  775  776
  777  778 1030  780  781  782  785  254  787  788  790  791  792  793
  795  796  797  921  800  802  805  806  807  811  828  876  801  771
  804  983  988  990 1028]
ids [ 137  142  143  144  145  146  147  148  149  150  151  152  154  155
  157  158  159  160  161  162  163  164  165  166  167  169  170  679
  172  174  249  176  177  179  180  181  182  184  187  188  189  190
  191  192  193  194  195  196  197  198  199  200  202  203  204  205
  206  207  208  209  210  211  212  214  215  217  218  219  221  222
  224  201  226  227  229  232  233  235  236  237  240  241  242  243
  245 1073  247  250  251  252  253  231  255  256  257  260  276  262
  266  267  269  271  306  348 1078  393  396  410  443  445  448  450
  366  186  493  495  500  535  538  540  799  789  794  798  264  808
  809  259  933  216  321  239  234  774  779]
ids [127 141 153 156 168 913 379 213 928 171 272 929 277 278 279 280 281 282
 283 284 285 286 287 288 289 290 291 292 293 294 295 296 297 298 299 300
 301 302 303 304 305 307 308 309 311 312 314 316 317 319 261 322 323 324
 325 326 327 328 329 330 331 332 333 334 335 336 337 338 339 340 341 342
 343 344 345 346 347 349 350 351 352 354 356 357 359 361 362 364 246 367
 934 370 371 372 373 374 375 376 377 380 382 383 385 386 387 388 389 390
 391 392 909 395 397 401 402 381 406 453 498 545 578 918 583 585 914 623
 625 628 630 633 275 675 943]
ids [815  38 936  43  45  82  84  87  92  94 129 134 274 368  89 384 398 399
 404 668 673 681 693 753 711 783 860 812 816 817 818 819 820 821 822 823
 824 825 826 827 829 830 831 832 833 834 835 836 837 838 839 840 841 842
 843 844 845 847 848 849 851 852 853 854 855 856 857 858 859 861 862 863
 864 865 866 867 868 869 870 871 872 873 874 875 946 877 878 879 880 881
 882 883 884 885 886 887 888 889 890 892 894 896 897 899 901 902 904 906
 907 908 910 911 912 915 916 917 920 924 922 923 925 926 927 948 930 931
 932 846 935 937 939 814 941 942 944 919 369  50 786 891 741 945 394]
ids [ 122  140  173  178  185  220  223  230  265  268  270  318  407  408
  225  412  413  414  415  416  417  418  419  420  421  422  423  424
  425 1074  427  428  429  430  431  432  433  434  435  436  437  439
  440  441  442  444  446  447  449  451  452  454  456  457  458  459
  460  461  462  463  464  465  466  467  468  469  470  471  472  473
  474  475  476  477  478  479  480  481  482  483  484  485  486  487
  488  489  491  492  494  496  497  499  502  505  506  507  508  509
  510  511  512  513  501  515  516  517  520  521  522  523  524  525
  526  527  528  530  531  532  536  537  539  541  558 1079  588  591
  803  949 1043 1044 1048  534 1053 1059 1054  651  175  546  455  490
  666]
ids [   1    2    3    4    9   10   11   12   13   14   15   16   17   18
   19   20   21   23   24   25   26   27   28   29   30   31   32  938
   34   35    7   37   39   41   42   44   46   47   49  940  900   52
   53   54   55   56   57   58   59   60   61   62   63   64   65   67
   68   69   70   71   72   73   74   75   76   78   79   81   83   85
   86   88   40   90   91   93   96   97   98   99  100  101  125  104
  105  106  109  111  113  114  115  116  119  120  121  124  126  993
  130  131  132  135  136  895  638  643  644  649  905  659  996  893
  674  898  850  981 1071]
18:53:13-INFO: Step 75
18:53:13-DEBUG: Reaction systems: [[None]
 [0]]
18:53:13-DEBUG: rxn_pairs: [array([1, 2])]
18:53:13-DEBUG: Starting total colors: 5
18:53:13-DEBUG: Number of systems: 2
18:53:13-DEBUG: New total colors: 5
18:53:13-DEBUG: Potential energy for color 0: 4942.8292096346595
ebond 75 3.1982674447685153
18:53:13-DEBUG: Potential energy for color 1: 4960.36093194074
xhy 75 13 1 2
xhy 75 13 1 2
xhy 75 13 1 2
xhy 75 13 1 2
xhy 75 13 1 2
h_pos [ 7.6768283   9.56688952 10.43387524] x_pos [ 8.29202181 10.27258784 10.41728444] y_pos [ 6.78134319  8.54615796 10.46390867]
h_pos [ 7.6768283   9.56688952 10.43387524] x_pos [ 8.29202181 10.27258784 10.41728444] y_pos [ 6.78134319  8.54615796 10.46390867]
h_pos [ 7.6768283   9.56688952 10.43387524] x_pos [ 8.29202181 10.27258784 10.41728444] y_pos [ 6.78134319  8.54615796 10.46390867]
75 rHY 1.3581930981963029 rHX 0.9363484537714312 0.4218446444248717
h_pos [ 7.6768283   9.56688952 10.43387524] x_pos [ 8.29202181 10.27258784 10.41728444] y_pos [ 6.78134319  8.54615796 10.46390867]
75 rHY 1.3581930981963029 rHX 0.9363484537714312 0.4218446444248717
h_pos [ 7.6768283   9.56688952 10.43387524] x_pos [ 8.29202181 10.27258784 10.41728444] y_pos [ 6.78134319  8.54615796 10.46390867]
75 rHY 1.3581930981963029 rHX 0.9363484537714312 0.4218446444248717
75 rHY 1.3581930981963029 rHX 0.9363484537714312 0.4218446444248717
75 rHY 1.3581930981963029 rHX 0.9363484537714312 0.4218446444248717
75 cpl_forces h [ 3.91639095  4.47832971 -0.11850739]
75 cpl_forces h [ 3.91639095  4.47832971 -0.11850739]
75 cpl_forces h [ 3.91639095  4.47832971 -0.11850739]
75 cpl_forces h [ 3.91639095  4.47832971 -0.11850739]
75 cpl_forces x [-1.95476284 -2.24233975  0.05271689]
75 cpl_forces h [ 3.91639095  4.47832971 -0.11850739]
75 cpl_forces x [-1.95476284 -2.24233975  0.05271689]
75 cpl_forces x [-1.95476284 -2.24233975  0.05271689]
75 cpl_forces x [-1.95476284 -2.24233975  0.05271689]
75 cpl_forces x [-1.95476284 -2.24233975  0.05271689]
75 cpl_forces y [-1.96162811 -2.23598996  0.0657905 ]
75 cpl_forces y [-1.96162811 -2.23598996  0.0657905 ]
75 cpl_forces y [-1.96162811 -2.23598996  0.0657905 ]
75 cpl_forces y [-1.96162811 -2.23598996  0.0657905 ]
75 cpl_forces y [-1.96162811 -2.23598996  0.0657905 ]
18:53:13-DEBUG: System matrix: 
18:53:13-DEBUG: [[4.94282921e+03 2.20402903e-01]
 [2.20402903e-01 4.96036093e+03]]
18:53:13-DEBUG: Eigen values: 
18:53:13-DEBUG: [4942.82643924 4960.36370233]
18:53:13-DEBUG: Occupancies: 
18:53:13-DEBUG: [1. 0.]
18:53:13-INFO: coupling 75 0.22040290290587225
18:53:13-DEBUG: Amplitudes: 
18:53:13-DEBUG: [9.99842028e-01 1.57971811e-04]
18:53:13-INFO: forces0 h [-0.53660706 -0.62284267  0.00819829]
18:53:13-INFO: forces0 x [1.5501915  1.36535159 0.03434574]
18:53:13-INFO: forces0 y [-1.04639972 -2.06419757  0.23194239]
18:53:13-INFO: forces1 h [-129.78909272 -148.80155931    3.57446314]
18:53:13-INFO: forces1 x [118.58732306 135.32339573  -3.12434578]
18:53:13-INFO: forces1 y [11.1529638  12.22984811 -0.24709923]
pos h  [ 7.6768283   9.56688952 10.43387524]
pos x  [ 8.29202181 10.27258784 10.41728444]
pos y  [ 6.78134319  8.54615796 10.46390867]
 mixed_cpl_forces: h [-0.09843998 -0.11256453  0.00297873]
 mixed_cpl_forces: x [ 0.04913371  0.05636207 -0.00132506]
 mixed_cpl_forces: y [ 0.04930627  0.05620246 -0.00165367]
18:53:13-INFO: mixed forces h [-0.65546529 -0.75881526  0.01174039]
18:53:13-INFO: mixed forces x [1.61781378 1.44287525 0.0325217 ]
18:53:13-INFO: mixed forces y [-0.99516629 -2.00573706  0.23021305]
18:53:13-DEBUG: Minimum eigen value: 
18:53:13-DEBUG: 4942.826439241444
18:53:13-DEBUG: Minimum state: 
18:53:13-DEBUG: 0
        75     4942.8264392414     5059.9630367203      839.0816247374     4942.8292096347      117.1365974788      0.51214023
ids [127 141 153 156 168 913 379 213 928 171 272 929 277 278 279 280 281 282
 283 284 285 286 287 288 289 290 291 292 293 294 295 296 297 298 299 300
 301 302 303 304 305 307 308 309 311 312 314 316 317 319 261 322 323 324
 325 326 327 328 329 330 331 332 333 334 335 336 337 338 339 340 341 342
 343 344 345 346 347 349 350 351 352 354 356 357 359 361 362 364 246 367
 934 370 371 372 373 374 375 376 377 380 382 383 385 386 387 388 389 390
 391 392 909 395 397 401 402 381 406 453 498 545 578 918 583 585 914 623
 625 628 630 633 275 675 943]
ids [815  38 936  43  45  82  84  87  92  94 129 134 274 368  89 384 398 399
 404 668 673 681 693 753 711 783 860 812 816 817 818 819 820 821 822 823
 824 825 826 827 829 830 831 832 833 834 835 836 837 838 839 840 841 842
 843 844 845 847 848 849 851 852 853 854 855 856 857 858 859 861 862 863
 864 865 866 867 868 869 870 871 872 873 874 875 946 877 878 879 880 881
 882 883 884 885 886 887 888 889 890 892 894 896 897 899 901 902 904 906
 907 908 910 911 912 915 916 917 920 924 922 923 925 926 927 948 930 931
 932 846 935 937 939 814 941 942 944 919 369  50 786 891 741 945 394]
ids [   1    2    3    4    9   10   11   12   13   14   15   16   17   18
   19   20   21   23   24   25   26   27   28   29   30   31   32  938
   34   35    7   37   39   41   42   44   46   47   49  940  900   52
   53   54   55   56   57   58   59   60   61   62   63   64   65   67
   68   69   70   71   72   73   74   75   76   78   79   81   83   85
   86   88   40   90   91   93   96   97   98   99  100  101  125  104
  105  106  109  111  113  114  115  116  119  120  121  124  126  993
  130  131  132  135  136  895  638  643  644  649  905  659  996  893
  674  898  850  981 1071]
ids [ 122  140  173  178  185  220  223  230  265  268  270  318  407  408
  225  412  413  414  415  416  417  418  419  420  421  422  423  424
  425 1074  427  428  429  430  431  432  433  434  435  436  437  439
  440  441  442  444  446  447  449  451  452  454  456  457  458  459
  460  461  462  463  464  465  466  467  468  469  470  471  472  473
  474  475  476  477  478  479  480  481  482  483  484  485  486  487
  488  489  491  492  494  496  497  499  502  505  506  507  508  509
  510  511  512  513  501  515  516  517  520  521  522  523  524  525
  526  527  528  530  531  532  536  537  539  541  558 1079  588  591
  803  949 1043 1044 1048  534 1053 1059 1054  651  175  546  455  490
  666]
ids [   8   22   66   77   80   95  110 1064  138  263  273  503  504  518
  519  529  950  543  663  678  680  715  718  720  723  725  758  760
  765  768 1077  409  903  947  952  953  954  955  956  957  958  959
  960  961  962  963  964  965  967  968  969  970  971  972  973  974
  975  976  977  978  979  980   33  982  984 1076  986  987  989  991
  992  994  995 1035  997  998  999 1000 1001 1002 1003 1004 1005 1006
 1007 1008 1009 1010 1011 1012 1013 1014 1015 1016 1017 1018 1019 1020
 1021 1022 1023 1024 1025 1026 1027 1029 1031 1032 1034 1036 1037 1039
 1041 1042 1045 1046 1047 1050 1051 1052 1081 1055 1056 1057 1058 1060
 1061 1062 1063 1065 1066 1067 1068 1069 1070 1049 1072  514  951   36
  966   51]
ids [  6 102 107 108 112 117 118 123 133 183 228 103 310 313 315 320 353 355
 358 360 363 365 400 403 411 438 128 542 654 547 548 549 550 551 552 553
 554 555 556 557 559 560 562 563 564 565 566 567 568 569 570 571 572 573
 574 575 576 577 579 581 582 584 586 587 589 592 593 594 595 596 597 598
 599 600 601 602 603 604 605 606 607 608 609 610 611 612 613 614 615 616
 617 618 619 620 621 622 624 626 627 629 631 632 634 635 636 637 639 640
 641 642 645 646 647 648 650 426 652 653 655 656 657 658 660 661 662 665
 590 667 671 672 676 813 405 561 670 544 669 580 664]
ids [   5   48  139  770  238 1075  244  248 1040  258  810  985  378  533
  677 1038  682  683  684  685  686  687  688  689  690  691  692  694
  695  696  697  698  699  700  701  702  703  704  705  706  707  708
  709  710 1080  712  713  714  716  717  719  721  722  724  726  727
  728  729  730  731  732  733  734  735  736  737  738  739  740  784
  742  743  744  745  746  747  748  749  750  751  752  754  755  756
  757  759  761  762  763  764  766  767  769  772  773 1033  775  776
  777  778 1030  780  781  782  785  254  787  788  790  791  792  793
  795  796  797  921  800  802  805  806  807  811  828  876  801  771
  804  983  988  990 1028]
ids [ 137  142  143  144  145  146  147  148  149  150  151  152  154  155
  157  158  159  160  161  162  163  164  165  166  167  169  170  679
  172  174  249  176  177  179  180  181  182  184  187  188  189  190
  191  192  193  194  195  196  197  198  199  200  202  203  204  205
  206  207  208  209  210  211  212  214  215  217  218  219  221  222
  224  201  226  227  229  232  233  235  236  237  240  241  242  243
  245 1073  247  250  251  252  253  231  255  256  257  260  276  262
  266  267  269  271  306  348 1078  393  396  410  443  445  448  450
  366  186  493  495  500  535  538  540  799  789  794  798  264  808
  809  259  933  216  321  239  234  774  779]
18:53:13-INFO: Step 76
18:53:13-DEBUG: Reaction systems: [[None]
 [0]]
18:53:13-DEBUG: rxn_pairs: [array([1, 2])]
18:53:13-DEBUG: Starting total colors: 5
18:53:13-DEBUG: Number of systems: 2
18:53:13-DEBUG: New total colors: 5
18:53:13-DEBUG: Potential energy for color 0: 4941.620656875797
ebond 76 3.2734640276320364
18:53:13-DEBUG: Potential energy for color 1: 4961.408856749669
xhy 76 13 1 2
xhy 76 13 1 2
xhy 76 13 1 2
xhy 76 13 1 2
xhy 76 13 1 2
h_pos [ 7.70812237  9.54880343 10.44301414] x_pos [ 8.29191497 10.26591217 10.41689914] y_pos [ 6.78763324  8.54440244 10.46357209]
h_pos [ 7.70812237  9.54880343 10.44301414] x_pos [ 8.29191497 10.26591217 10.41689914] y_pos [ 6.78763324  8.54440244 10.46357209]
h_pos [ 7.70812237  9.54880343 10.44301414] x_pos [ 8.29191497 10.26591217 10.41689914] y_pos [ 6.78763324  8.54440244 10.46357209]
76 rHY 1.362550631933905 rHX 0.9250625590496557 0.4374880728842492
76 rHY 1.362550631933905 rHX 0.9250625590496557 0.4374880728842492
h_pos [ 7.70812237  9.54880343 10.44301414] x_pos [ 8.29191497 10.26591217 10.41689914] y_pos [ 6.78763324  8.54440244 10.46357209]
h_pos [ 7.70812237  9.54880343 10.44301414] x_pos [ 8.29191497 10.26591217 10.41689914] y_pos [ 6.78763324  8.54440244 10.46357209]
76 rHY 1.362550631933905 rHX 0.9250625590496557 0.4374880728842492
76 rHY 1.362550631933905 rHX 0.9250625590496557 0.4374880728842492
76 rHY 1.362550631933905 rHX 0.9250625590496557 0.4374880728842492
76 cpl_forces h [ 3.25148019  3.76334739 -0.10779402]
76 cpl_forces h [ 3.25148019  3.76334739 -0.10779402]
76 cpl_forces h [ 3.25148019  3.76334739 -0.10779402]
76 cpl_forces h [ 3.25148019  3.76334739 -0.10779402]
76 cpl_forces x [-1.57039928 -1.92901902  0.07024923]
76 cpl_forces x [-1.57039928 -1.92901902  0.07024923]
76 cpl_forces h [ 3.25148019  3.76334739 -0.10779402]
76 cpl_forces x [-1.57039928 -1.92901902  0.07024923]
76 cpl_forces x [-1.57039928 -1.92901902  0.07024923]
76 cpl_forces x [-1.57039928 -1.92901902  0.07024923]
76 cpl_forces y [-1.68108091 -1.83432838  0.03754479]
76 cpl_forces y [-1.68108091 -1.83432838  0.03754479]
76 cpl_forces y [-1.68108091 -1.83432838  0.03754479]
76 cpl_forces y [-1.68108091 -1.83432838  0.03754479]
76 cpl_forces y [-1.68108091 -1.83432838  0.03754479]
18:53:13-DEBUG: System matrix: 
18:53:13-DEBUG: [[4.94162066e+03 1.77748688e-01]
 [1.77748688e-01 4.96140886e+03]]
18:53:13-DEBUG: Eigen values: 
18:53:13-DEBUG: [4941.61906037 4961.41045326]
18:53:13-DEBUG: Occupancies: 
18:53:13-DEBUG: [1. 0.]
18:53:13-INFO: coupling 76 0.17774868846073338
18:53:13-DEBUG: Amplitudes: 
18:53:13-DEBUG: [9.99919333e-01 8.06668547e-05]
18:53:13-INFO: forces0 h [-0.82212466 -1.13766504  0.05750478]
18:53:13-INFO: forces0 x [1.78720949 1.81128981 0.00473675]
18:53:13-INFO: forces0 y [-1.05519464 -1.9046304   0.22663231]
18:53:13-INFO: forces1 h [-144.95892186 -176.45365082    6.2217754 ]
18:53:13-INFO: forces1 x [133.29488672 163.06456339  -5.87671039]
18:53:13-INFO: forces1 y [11.54877011 12.19513557 -0.12555112]
pos h  [ 7.70812237  9.54880343 10.44301414]
pos x  [ 8.29191497 10.26591217 10.41689914]
pos y  [ 6.78763324  8.54440244 10.46357209]
 mixed_cpl_forces: h [-0.05840381 -0.06759808  0.00193622]
 mixed_cpl_forces: x [ 0.02820786  0.03464947 -0.00126183]
 mixed_cpl_forces: y [ 0.03019595  0.03294861 -0.00067439]
18:53:13-INFO: mixed forces h [-0.89215553 -1.21940531  0.05993826]
18:53:13-INFO: mixed forces x [1.82602566 1.85894707 0.00300048]
18:53:13-INFO: mixed forces y [-1.02398197 -1.87054441  0.22592951]
18:53:13-DEBUG: Minimum eigen value: 
18:53:13-DEBUG: 4941.619060366382
18:53:13-DEBUG: Minimum state: 
18:53:13-DEBUG: 0
        76     4941.6190603664     5059.9632534370      847.7319636834     4941.6206568758      118.3441930706      0.51212575
ids [   1    2    3    4    9   10   11   12   13   14   15   16   17   18
   19   20   21   23   24   25   26   27   28   29   30   31   32  938
   34   35    7   37   39   41   42   44   46   47   49  940  900   52
   53   54   55   56   57   58   59   60   61   62   63   64   65   67
   68   69   70   71   72   73   74   75   76   78   79   81   83   85
   86   88   40   90   91   93   96   97   98   99  100  101  125  104
  105  106  109  111  113  114  115  116  119  120  121  124  126  993
  130  131  132  135  136  895  638  643  644  649  905  659  996  893
  674  898  850  981 1071]
ids [ 137  142  143  144  145  146  147  148  149  150  151  152  154  155
  157  158  159  160  161  162  163  164  165  166  167  169  170  679
  172  174  249  176  177  179  180  181  182  184  187  188  189  190
  191  192  193  194  195  196  197  198  199  200  202  203  204  205
  206  207  208  209  210  211  212  214  215  217  218  219  221  222
  224  201  226  227  229  232  233  235  236  237  240  241  242  243
  245 1073  247  250  251  252  253  231  255  256  257  260  276  262
  266  267  269  271  306  348 1078  393  396  410  443  445  448  450
  366  186  493  495  500  535  538  540  799  789  794  798  264  808
  809  259  933  216  321  239  234  774  779]
ids [ 122  140  173  178  185  220  223  230  265  268  270  318  407  408
  225  412  413  414  415  416  417  418  419  420  421  422  423  424
  425 1074  427  428  429  430  431  432  433  434  435  436  437  439
  440  441  442  444  446  447  449  451  452  454  456  457  458  459
  460  461  462  463  464  465  466  467  468  469  470  471  472  473
  474  475  476  477  478  479  480  481  482  483  484  485  486  487
  488  489  491  492  494  496  497  499  502  505  506  507  508  509
  510  511  512  513  501  515  516  517  520  521  522  523  524  525
  526  527  528  530  531  532  536  537  539  541  558 1079  588  591
  803  949 1043 1044 1048  534 1053 1059 1054  651  175  546  455  490
  666]
ids [   8   22   66   77   80   95  110 1064  138  263  273  503  504  518
  519  529  950  543  663  678  680  715  718  720  723  725  758  760
  765  768 1077  409  903  947  952  953  954  955  956  957  958  959
  960  961  962  963  964  965  967  968  969  970  971  972  973  974
  975  976  977  978  979  980   33  982  984 1076  986  987  989  991
  992  994  995 1035  997  998  999 1000 1001 1002 1003 1004 1005 1006
 1007 1008 1009 1010 1011 1012 1013 1014 1015 1016 1017 1018 1019 1020
 1021 1022 1023 1024 1025 1026 1027 1029 1031 1032 1034 1036 1037 1039
 1041 1042 1045 1046 1047 1050 1051 1052 1081 1055 1056 1057 1058 1060
 1061 1062 1063 1065 1066 1067 1068 1069 1070 1049 1072  514  951   36
  966   51]
ids [  6 102 107 108 112 117 118 123 133 183 228 103 310 313 315 320 353 355
 358 360 363 365 400 403 411 438 128 542 654 547 548 549 550 551 552 553
 554 555 556 557 559 560 562 563 564 565 566 567 568 569 570 571 572 573
 574 575 576 577 579 581 582 584 586 587 589 592 593 594 595 596 597 598
 599 600 601 602 603 604 605 606 607 608 609 610 611 612 613 614 615 616
 617 618 619 620 621 622 624 626 627 629 631 632 634 635 636 637 639 640
 641 642 645 646 647 648 650 426 652 653 655 656 657 658 660 661 662 665
 590 667 671 672 676 813 405 561 670 544 669 580 664]
ids [   5   48  139  770  238 1075  244  248 1040  258  810  985  378  533
  677 1038  682  683  684  685  686  687  688  689  690  691  692  694
  695  696  697  698  699  700  701  702  703  704  705  706  707  708
  709  710 1080  712  713  714  716  717  719  721  722  724  726  727
  728  729  730  731  732  733  734  735  736  737  738  739  740  784
  742  743  744  745  746  747  748  749  750  751  752  754  755  756
  757  759  761  762  763  764  766  767  769  772  773 1033  775  776
  777  778 1030  780  781  782  785  254  787  788  790  791  792  793
  795  796  797  921  800  802  805  806  807  811  828  876  801  771
  804  983  988  990 1028]
ids [815  38 936  43  45  82  84  87  92  94 129 134 274 368  89 384 398 399
 404 668 673 681 693 753 711 783 860 812 816 817 818 819 820 821 822 823
 824 825 826 827 829 830 831 832 833 834 835 836 837 838 839 840 841 842
 843 844 845 847 848 849 851 852 853 854 855 856 857 858 859 861 862 863
 864 865 866 867 868 869 870 871 872 873 874 875 946 877 878 879 880 881
 882 883 884 885 886 887 888 889 890 892 894 896 897 899 901 902 904 906
 907 908 910 911 912 915 916 917 920 924 922 923 925 926 927 948 930 931
 932 846 935 937 939 814 941 942 944 919 369  50 786 891 741 945 394]
ids [127 141 153 156 168 913 379 213 928 171 272 929 277 278 279 280 281 282
 283 284 285 286 287 288 289 290 291 292 293 294 295 296 297 298 299 300
 301 302 303 304 305 307 308 309 311 312 314 316 317 319 261 322 323 324
 325 326 327 328 329 330 331 332 333 334 335 336 337 338 339 340 341 342
 343 344 345 346 347 349 350 351 352 354 356 357 359 361 362 364 246 367
 934 370 371 372 373 374 375 376 377 380 382 383 385 386 387 388 389 390
 391 392 909 395 397 401 402 381 406 453 498 545 578 918 583 585 914 623
 625 628 630 633 275 675 943]
18:53:13-INFO: Step 77
18:53:13-DEBUG: Reaction systems: [[None]
 [0]]
18:53:13-DEBUG: rxn_pairs: [array([1, 2])]
18:53:13-DEBUG: Starting total colors: 5
18:53:13-DEBUG: Number of systems: 2
18:53:13-DEBUG: New total colors: 5
18:53:13-DEBUG: Potential energy for color 0: 4940.0837336303475
ebond 77 3.352467020174643
18:53:13-DEBUG: Potential energy for color 1: 4962.062483623092
xhy 77 13 1 2
xhy 77 13 1 2
xhy 77 13 1 2
xhy 77 13 1 2
xhy 77 13 1 2
h_pos [ 7.7390662   9.53024103 10.45217615] x_pos [ 8.29185255 10.25928171 10.41651391] y_pos [ 6.79389881  8.54260208 10.46324095]
h_pos [ 7.7390662   9.53024103 10.45217615] x_pos [ 8.29185255 10.25928171 10.41651391] y_pos [ 6.79389881  8.54260208 10.46324095]
h_pos [ 7.7390662   9.53024103 10.45217615] x_pos [ 8.29185255 10.25928171 10.41651391] y_pos [ 6.79389881  8.54260208 10.46324095]
77 rHY 1.3670751608908684 rHX 0.9156117401592171 0.45146342073165135
h_pos [ 7.7390662   9.53024103 10.45217615] x_pos [ 8.29185255 10.25928171 10.41651391] y_pos [ 6.79389881  8.54260208 10.46324095]
77 rHY 1.3670751608908684 rHX 0.9156117401592171 0.45146342073165135
77 rHY 1.3670751608908684 rHX 0.9156117401592171 0.45146342073165135
h_pos [ 7.7390662   9.53024103 10.45217615] x_pos [ 8.29185255 10.25928171 10.41651391] y_pos [ 6.79389881  8.54260208 10.46324095]
77 rHY 1.3670751608908684 rHX 0.9156117401592171 0.45146342073165135
77 rHY 1.3670751608908684 rHX 0.9156117401592171 0.45146342073165135
77 cpl_forces h [ 2.72621545  3.19682303 -0.09902527]
77 cpl_forces h [ 2.72621545  3.19682303 -0.09902527]
77 cpl_forces h [ 2.72621545  3.19682303 -0.09902527]
77 cpl_forces h [ 2.72621545  3.19682303 -0.09902527]
77 cpl_forces h [ 2.72621545  3.19682303 -0.09902527]
77 cpl_forces x [-1.27086155 -1.67607208  0.08198787]
77 cpl_forces x [-1.27086155 -1.67607208  0.08198787]
77 cpl_forces x [-1.27086155 -1.67607208  0.08198787]
77 cpl_forces x [-1.27086155 -1.67607208  0.08198787]
77 cpl_forces x [-1.27086155 -1.67607208  0.08198787]
77 cpl_forces y [-1.4553539  -1.52075095  0.01703739]
77 cpl_forces y [-1.4553539  -1.52075095  0.01703739]
77 cpl_forces y [-1.4553539  -1.52075095  0.01703739]
77 cpl_forces y [-1.4553539  -1.52075095  0.01703739]
77 cpl_forces y [-1.4553539  -1.52075095  0.01703739]
18:53:13-DEBUG: System matrix: 
18:53:13-DEBUG: [[4.94008373e+03 1.45706772e-01]
 [1.45706772e-01 4.96206248e+03]]
18:53:13-DEBUG: Eigen values: 
18:53:13-DEBUG: [4940.08276772 4962.06344953]
18:53:13-DEBUG: Occupancies: 
18:53:13-DEBUG: [1. 0.]
18:53:13-INFO: coupling 77 0.14570677162454848
18:53:13-DEBUG: Amplitudes: 
18:53:13-DEBUG: [9.99956056e-01 4.39436612e-05]
18:53:13-INFO: forces0 h [-1.0271857  -1.60437039  0.1142588 ]
18:53:13-INFO: forces0 x [ 1.94086188  2.21120941 -0.03318365]
18:53:13-INFO: forces0 y [-1.06215039 -1.74662441  0.22224447]
18:53:13-INFO: forces1 h [-157.80672386 -204.79684952    9.5393093 ]
18:53:13-INFO: forces1 x [145.67491824 191.50324806  -9.30151436]
18:53:13-INFO: forces1 y [ 1.19487057e+01  1.21547340e+01 -1.74958516e-03]
pos h  [ 7.7390662   9.53024103 10.45217615]
pos x  [ 8.29185255 10.25928171 10.41651391]
pos y  [ 6.79389881  8.54260208 10.46324095]
 mixed_cpl_forces: h [-0.03614338 -0.04238256  0.00131285]
 mixed_cpl_forces: x [ 0.01684872  0.02222088 -0.00108697]
 mixed_cpl_forces: y [ 0.01929466  0.02016168 -0.00022588]
18:53:13-INFO: mixed forces h [-1.07021854 -1.65568197  0.11598582]
18:53:13-INFO: mixed forces x [ 1.9640268   2.24174847 -0.03467791]
18:53:13-INFO: mixed forces y [-1.04228398 -1.72585185  0.22200875]
18:53:13-DEBUG: Minimum eigen value: 
18:53:13-DEBUG: 4940.0827677187135
18:53:13-DEBUG: Minimum state: 
18:53:13-DEBUG: 0
        77     4940.0827677187     5059.9635171950      858.7387393034     4940.0837336303      119.8807494762      0.50744298
ids [   1    2    3    4    9   10   11   12   13   14   15   16   17   18
   19   20   21   23   24   25   26   27   28   29   30   31   32  938
   34   35    7   37   39   41   42   44   46   47   49  940  900   52
   53   54   55   56   57   58   59   60   61   62   63   64   65   67
   68   69   70   71   72   73   74   75   76   78   79   81   83   85
   86   88   40   90   91   93   96   97   98   99  100  101  125  104
  105  106  109  111  113  114  115  116  119  120  121  124  126  993
  130  131  132  135  136  895  638  643  644  649  905  659  996  893
  674  898  850  981 1071]
ids [127 141 153 156 168 913 379 213 928 171 272 929 277 278 279 280 281 282
 283 284 285 286 287 288 289 290 291 292 293 294 295 296 297 298 299 300
 301 302 303 304 305 307 308 309 311 312 314 316 317 319 261 322 323 324
 325 326 327 328 329 330 331 332 333 334 335 336 337 338 339 340 341 342
 343 344 345 346 347 349 350 351 352 354 356 357 359 361 362 364 246 367
 934 370 371 372 373 374 375 376 377 380 382 383 385 386 387 388 389 390
 391 392 909 395 397 401 402 381 406 453 498 545 578 918 583 585 914 623
 625 628 630 633 275 675 943]
ids [ 137  142  143  144  145  146  147  148  149  150  151  152  154  155
  157  158  159  160  161  162  163  164  165  166  167  169  170  679
  172  174  249  176  177  179  180  181  182  184  187  188  189  190
  191  192  193  194  195  196  197  198  199  200  202  203  204  205
  206  207  208  209  210  211  212  214  215  217  218  219  221  222
  224  201  226  227  229  232  233  235  236  237  240  241  242  243
  245 1073  247  250  251  252  253  231  255  256  257  260  276  262
  266  267  269  271  306  348 1078  393  396  410  443  445  448  450
  366  186  493  495  500  535  538  540  799  789  794  798  264  808
  809  259  933  216  321  239  234  774  779]
ids [ 122  140  173  178  185  220  223  230  265  268  270  318  407  408
  225  412  413  414  415  416  417  418  419  420  421  422  423  424
  425 1074  427  428  429  430  431  432  433  434  435  436  437  439
  440  441  442  444  446  447  449  451  452  454  456  457  458  459
  460  461  462  463  464  465  466  467  468  469  470  471  472  473
  474  475  476  477  478  479  480  481  482  483  484  485  486  487
  488  489  491  492  494  496  497  499  502  505  506  507  508  509
  510  511  512  513  501  515  516  517  520  521  522  523  524  525
  526  527  528  530  531  532  536  537  539  541  558 1079  588  591
  803  949 1043 1044 1048  534 1053 1059 1054  651  175  546  455  490
  666]
ids [   8   22   66   77   80   95  110 1064  138  263  273  503  504  518
  519  529  950  543  663  678  680  715  718  720  723  725  758  760
  765  768 1077  409  903  947  952  953  954  955  956  957  958  959
  960  961  962  963  964  965  967  968  969  970  971  972  973  974
  975  976  977  978  979  980   33  982  984 1076  986  987  989  991
  992  994  995 1035  997  998  999 1000 1001 1002 1003 1004 1005 1006
 1007 1008 1009 1010 1011 1012 1013 1014 1015 1016 1017 1018 1019 1020
 1021 1022 1023 1024 1025 1026 1027 1029 1031 1032 1034 1036 1037 1039
 1041 1042 1045 1046 1047 1050 1051 1052 1081 1055 1056 1057 1058 1060
 1061 1062 1063 1065 1066 1067 1068 1069 1070 1049 1072  514  951   36
  966   51]
ids [  6 102 107 108 112 117 118 123 133 183 228 103 310 313 315 320 353 355
 358 360 363 365 400 403 411 438 128 542 654 547 548 549 550 551 552 553
 554 555 556 557 559 560 562 563 564 565 566 567 568 569 570 571 572 573
 574 575 576 577 579 581 582 584 586 587 589 592 593 594 595 596 597 598
 599 600 601 602 603 604 605 606 607 608 609 610 611 612 613 614 615 616
 617 618 619 620 621 622 624 626 627 629 631 632 634 635 636 637 639 640
 641 642 645 646 647 648 650 426 652 653 655 656 657 658 660 661 662 665
 590 667 671 672 676 813 405 561 670 544 669 580 664]
ids [   5   48  139  770  238 1075  244  248 1040  258  810  985  378  533
  677 1038  682  683  684  685  686  687  688  689  690  691  692  694
  695  696  697  698  699  700  701  702  703  704  705  706  707  708
  709  710 1080  712  713  714  716  717  719  721  722  724  726  727
  728  729  730  731  732  733  734  735  736  737  738  739  740  784
  742  743  744  745  746  747  748  749  750  751  752  754  755  756
  757  759  761  762  763  764  766  767  769  772  773 1033  775  776
  777  778 1030  780  781  782  785  254  787  788  790  791  792  793
  795  796  797  921  800  802  805  806  807  811  828  876  801  771
  804  983  988  990 1028]
ids [815  38 936  43  45  82  84  87  92  94 129 134 274 368  89 384 398 399
 404 668 673 681 693 753 711 783 860 812 816 817 818 819 820 821 822 823
 824 825 826 827 829 830 831 832 833 834 835 836 837 838 839 840 841 842
 843 844 845 847 848 849 851 852 853 854 855 856 857 858 859 861 862 863
 864 865 866 867 868 869 870 871 872 873 874 875 946 877 878 879 880 881
 882 883 884 885 886 887 888 889 890 892 894 896 897 899 901 902 904 906
 907 908 910 911 912 915 916 917 920 924 922 923 925 926 927 948 930 931
 932 846 935 937 939 814 941 942 944 919 369  50 786 891 741 945 394]
18:53:13-INFO: Step 78
18:53:13-DEBUG: Reaction systems: [[None]
 [0]]
18:53:13-DEBUG: rxn_pairs: [array([1, 2])]
18:53:13-DEBUG: Starting total colors: 5
18:53:13-DEBUG: Number of systems: 2
18:53:13-DEBUG: New total colors: 5
18:53:13-DEBUG: Potential energy for color 0: 4938.2118610211965
ebond 78 3.432448830938588
18:53:13-DEBUG: Potential energy for color 1: 4962.133057928331
xhy 78 13 1 2
xhy 78 13 1 2
xhy 78 13 1 2
xhy 78 13 1 2
xhy 78 13 1 2
h_pos [ 7.76959591  9.51104015 10.46138263] x_pos [ 8.29183769 10.25270555 10.41612784] y_pos [ 6.80013938  8.54076025 10.46291516]
h_pos [ 7.76959591  9.51104015 10.46138263] x_pos [ 8.29183769 10.25270555 10.41612784] y_pos [ 6.80013938  8.54076025 10.46291516]
78 rHY 1.37160176080964 rHX 0.9082136549061025 0.4633881059035375
h_pos [ 7.76959591  9.51104015 10.46138263] x_pos [ 8.29183769 10.25270555 10.41612784] y_pos [ 6.80013938  8.54076025 10.46291516]
78 rHY 1.37160176080964 rHX 0.9082136549061025 0.4633881059035375
h_pos [ 7.76959591  9.51104015 10.46138263] x_pos [ 8.29183769 10.25270555 10.41612784] y_pos [ 6.80013938  8.54076025 10.46291516]
h_pos [ 7.76959591  9.51104015 10.46138263] x_pos [ 8.29183769 10.25270555 10.41612784] y_pos [ 6.80013938  8.54076025 10.46291516]
78 rHY 1.37160176080964 rHX 0.9082136549061025 0.4633881059035375
78 rHY 1.37160176080964 rHX 0.9082136549061025 0.4633881059035375
78 rHY 1.37160176080964 rHX 0.9082136549061025 0.4633881059035375
78 cpl_forces h [ 2.32593893  2.76542184 -0.09244347]
78 cpl_forces h [ 2.32593893  2.76542184 -0.09244347]
78 cpl_forces h [ 2.32593893  2.76542184 -0.09244347]
78 cpl_forces h [ 2.32593893  2.76542184 -0.09244347]
78 cpl_forces x [-1.04340398 -1.48179763  0.09041602]
78 cpl_forces h [ 2.32593893  2.76542184 -0.09244347]
78 cpl_forces x [-1.04340398 -1.48179763  0.09041602]
78 cpl_forces x [-1.04340398 -1.48179763  0.09041602]
78 cpl_forces y [-1.28253495 -1.28362421  0.00202745]
78 cpl_forces x [-1.04340398 -1.48179763  0.09041602]
78 cpl_forces x [-1.04340398 -1.48179763  0.09041602]
78 cpl_forces y [-1.28253495 -1.28362421  0.00202745]
78 cpl_forces y [-1.28253495 -1.28362421  0.00202745]
78 cpl_forces y [-1.28253495 -1.28362421  0.00202745]
78 cpl_forces y [-1.28253495 -1.28362421  0.00202745]
18:53:13-DEBUG: System matrix: 
18:53:13-DEBUG: [[4.93821186e+03 1.22369741e-01]
 [1.22369741e-01 4.96213306e+03]]
18:53:13-DEBUG: Eigen values: 
18:53:13-DEBUG: [4938.21123505 4962.1336839 ]
18:53:13-DEBUG: Occupancies: 
18:53:13-DEBUG: [1. 0.]
18:53:13-INFO: coupling 78 0.12236974102460156
18:53:13-DEBUG: Amplitudes: 
18:53:13-DEBUG: [9.99973833e-01 2.61666531e-05]
18:53:13-INFO: forces0 h [-1.14965921 -2.00675962  0.17538074]
18:53:13-INFO: forces0 x [ 2.01062083  2.5504273  -0.07632395]
18:53:13-INFO: forces0 y [-1.06888113 -1.59182078  0.21875061]
18:53:13-INFO: forces1 h [-166.72848275 -231.51342552   13.37902012]
18:53:13-INFO: forces1 x [154.12793341 218.32811793 -13.2511241 ]
18:53:13-INFO: forces1 y [12.34819314 12.10216898  0.12469203]
pos h  [ 7.76959591  9.51104015 10.46138263]
pos x  [ 8.29183769 10.25270555 10.41612784]
pos y  [ 6.80013938  8.54076025 10.46291516]
 mixed_cpl_forces: h [-0.0237956  -0.02829175  0.00094575]
 mixed_cpl_forces: x [ 0.01067458  0.01515958 -0.000925  ]
 mixed_cpl_forces: y [ 1.31210204e-02  1.31321642e-02 -2.07418905e-05]
18:53:13-INFO: mixed forces h [-1.17778746 -2.04105679  0.17667199]
18:53:13-INFO: mixed forces x [ 2.02527581  2.57123306 -0.0775937 ]
18:53:13-INFO: mixed forces y [-1.05540902 -1.57833029  0.21872741]
18:53:13-DEBUG: Minimum eigen value: 
18:53:13-DEBUG: 4938.211235050776
18:53:13-DEBUG: Minimum state: 
18:53:13-DEBUG: 0
        78     4938.2112350508     5059.9637236105      872.1465205180     4938.2118610212      121.7524885597      0.50979513
ids [   1    2    3    4    9   10   11   12   13   14   15   16   17   18
   19   20   21   23   24   25   26   27   28   29   30   31   32  938
   34   35    7   37   39   41   42   44   46   47   49  940  900   52
   53   54   55   56   57   58   59   60   61   62   63   64   65   67
   68   69   70   71   72   73   74   75   76   78   79   81   83   85
   86   88   40   90   91   93   96   97   98   99  100  101  125  104
  105  106  109  111  113  114  115  116  119  120  121  124  126  993
  130  131  132  135  136  895  638  643  644  649  905  659  996  893
  674  898  850  981 1071]
ids [815  38 936  43  45  82  84  87  92  94 129 134 274 368  89 384 398 399
 404 668 673 681 693 753 711 783 860 812 816 817 818 819 820 821 822 823
 824 825 826 827 829 830 831 832 833 834 835 836 837 838 839 840 841 842
 843 844 845 847 848 849 851 852 853 854 855 856 857 858 859 861 862 863
 864 865 866 867 868 869 870 871 872 873 874 875 946 877 878 879 880 881
 882 883 884 885 886 887 888 889 890 892 894 896 897 899 901 902 904 906
 907 908 910 911 912 915 916 917 920 924 922 923 925 926 927 948 930 931
 932 846 935 937 939 814 941 942 944 919 369  50 786 891 741 945 394]
ids [127 141 153 156 168 913 379 213 928 171 272 929 277 278 279 280 281 282
 283 284 285 286 287 288 289 290 291 292 293 294 295 296 297 298 299 300
 301 302 303 304 305 307 308 309 311 312 314 316 317 319 261 322 323 324
 325 326 327 328 329 330 331 332 333 334 335 336 337 338 339 340 341 342
 343 344 345 346 347 349 350 351 352 354 356 357 359 361 362 364 246 367
 934 370 371 372 373 374 375 376 377 380 382 383 385 386 387 388 389 390
 391 392 909 395 397 401 402 381 406 453 498 545 578 918 583 585 914 623
 625 628 630 633 275 675 943]
ids [ 137  142  143  144  145  146  147  148  149  150  151  152  154  155
  157  158  159  160  161  162  163  164  165  166  167  169  170  679
  172  174  249  176  177  179  180  181  182  184  187  188  189  190
  191  192  193  194  195  196  197  198  199  200  202  203  204  205
  206  207  208  209  210  211  212  214  215  217  218  219  221  222
  224  201  226  227  229  232  233  235  236  237  240  241  242  243
  245 1073  247  250  251  252  253  231  255  256  257  260  276  262
  266  267  269  271  306  348 1078  393  396  410  443  445  448  450
  366  186  493  495  500  535  538  540  799  789  794  798  264  808
  809  259  933  216  321  239  234  774  779]
ids [ 122  140  173  178  185  220  223  230  265  268  270  318  407  408
  225  412  413  414  415  416  417  418  419  420  421  422  423  424
  425 1074  427  428  429  430  431  432  433  434  435  436  437  439
  440  441  442  444  446  447  449  451  452  454  456  457  458  459
  460  461  462  463  464  465  466  467  468  469  470  471  472  473
  474  475  476  477  478  479  480  481  482  483  484  485  486  487
  488  489  491  492  494  496  497  499  502  505  506  507  508  509
  510  511  512  513  501  515  516  517  520  521  522  523  524  525
  526  527  528  530  531  532  536  537  539  541  558 1079  588  591
  803  949 1043 1044 1048  534 1053 1059 1054  651  175  546  455  490
  666]
ids [   8   22   66   77   80   95  110 1064  138  263  273  503  504  518
  519  529  950  543  663  678  680  715  718  720  723  725  758  760
  765  768 1077  409  903  947  952  953  954  955  956  957  958  959
  960  961  962  963  964  965  967  968  969  970  971  972  973  974
  975  976  977  978  979  980   33  982  984 1076  986  987  989  991
  992  994  995 1035  997  998  999 1000 1001 1002 1003 1004 1005 1006
 1007 1008 1009 1010 1011 1012 1013 1014 1015 1016 1017 1018 1019 1020
 1021 1022 1023 1024 1025 1026 1027 1029 1031 1032 1034 1036 1037 1039
 1041 1042 1045 1046 1047 1050 1051 1052 1081 1055 1056 1057 1058 1060
 1061 1062 1063 1065 1066 1067 1068 1069 1070 1049 1072  514  951   36
  966   51]
ids [  6 102 107 108 112 117 118 123 133 183 228 103 310 313 315 320 353 355
 358 360 363 365 400 403 411 438 128 542 654 547 548 549 550 551 552 553
 554 555 556 557 559 560 562 563 564 565 566 567 568 569 570 571 572 573
 574 575 576 577 579 581 582 584 586 587 589 592 593 594 595 596 597 598
 599 600 601 602 603 604 605 606 607 608 609 610 611 612 613 614 615 616
 617 618 619 620 621 622 624 626 627 629 631 632 634 635 636 637 639 640
 641 642 645 646 647 648 650 426 652 653 655 656 657 658 660 661 662 665
 590 667 671 672 676 813 405 561 670 544 669 580 664]
ids [   5   48  139  770  238 1075  244  248 1040  258  810  985  378  533
  677 1038  682  683  684  685  686  687  688  689  690  691  692  694
  695  696  697  698  699  700  701  702  703  704  705  706  707  708
  709  710 1080  712  713  714  716  717  719  721  722  724  726  727
  728  729  730  731  732  733  734  735  736  737  738  739  740  784
  742  743  744  745  746  747  748  749  750  751  752  754  755  756
  757  759  761  762  763  764  766  767  769  772  773 1033  775  776
  777  778 1030  780  781  782  785  254  787  788  790  791  792  793
  795  796  797  921  800  802  805  806  807  811  828  876  801  771
  804  983  988  990 1028]
18:53:13-INFO: Step 79
18:53:13-DEBUG: Reaction systems: [[None]
 [0]]
18:53:13-DEBUG: rxn_pairs: [array([1, 2])]
18:53:13-DEBUG: Starting total colors: 5
18:53:13-DEBUG: Number of systems: 2
18:53:13-DEBUG: New total colors: 5
18:53:13-DEBUG: Potential energy for color 0: 4936.00074615417
ebond 79 3.5111209849233678
18:53:13-DEBUG: Potential energy for color 1: 4961.422303521465
xhy 79 13 1 2
xhy 79 13 1 2
xhy 79 13 1 2
xhy 79 13 1 2
xhy 79 13 1 2
h_pos [ 7.79967273  9.49105608 10.47065669] x_pos [ 8.29187181 10.24619154 10.4157399 ] y_pos [ 6.80635456  8.53888042 10.46259464]
h_pos [ 7.79967273  9.49105608 10.47065669] x_pos [ 8.29187181 10.24619154 10.4157399 ] y_pos [ 6.80635456  8.53888042 10.46259464]
h_pos [ 7.79967273  9.49105608 10.47065669] x_pos [ 8.29187181 10.24619154 10.4157399 ] y_pos [ 6.80635456  8.53888042 10.46259464]
79 rHY 1.3760030730017343 rHX 0.903053349991256 0.47294972301047833
79 rHY 1.3760030730017343 rHX 0.903053349991256 0.47294972301047833
79 rHY 1.3760030730017343 rHX 0.903053349991256 0.47294972301047833
h_pos [ 7.79967273  9.49105608 10.47065669] x_pos [ 8.29187181 10.24619154 10.4157399 ] y_pos [ 6.80635456  8.53888042 10.46259464]
h_pos [ 7.79967273  9.49105608 10.47065669] x_pos [ 8.29187181 10.24619154 10.4157399 ] y_pos [ 6.80635456  8.53888042 10.46259464]
79 rHY 1.3760030730017343 rHX 0.903053349991256 0.47294972301047833
79 rHY 1.3760030730017343 rHX 0.903053349991256 0.47294972301047833
79 cpl_forces h [ 2.03319426  2.45247696 -0.08819048]
79 cpl_forces x [-0.87469217 -1.34195917  0.09759321]
79 cpl_forces h [ 2.03319426  2.45247696 -0.08819048]
79 cpl_forces x [-0.87469217 -1.34195917  0.09759321]
79 cpl_forces h [ 2.03319426  2.45247696 -0.08819048]
79 cpl_forces x [-0.87469217 -1.34195917  0.09759321]
79 cpl_forces h [ 2.03319426  2.45247696 -0.08819048]
79 cpl_forces h [ 2.03319426  2.45247696 -0.08819048]
79 cpl_forces x [-0.87469217 -1.34195917  0.09759321]
79 cpl_forces y [-1.15850208 -1.11051779 -0.00940273]
79 cpl_forces y [-1.15850208 -1.11051779 -0.00940273]
79 cpl_forces y [-1.15850208 -1.11051779 -0.00940273]
79 cpl_forces x [-0.87469217 -1.34195917  0.09759321]
79 cpl_forces y [-1.15850208 -1.11051779 -0.00940273]
79 cpl_forces y [-1.15850208 -1.11051779 -0.00940273]
18:53:13-DEBUG: System matrix: 
18:53:13-DEBUG: [[4.93600075e+03 1.06038333e-01]
 [1.06038333e-01 4.96142230e+03]]
18:53:13-DEBUG: Eigen values: 
18:53:13-DEBUG: [4936.00030386 4961.42274582]
18:53:13-DEBUG: Occupancies: 
18:53:13-DEBUG: [1. 0.]
18:53:13-INFO: coupling 79 0.10603833342468447
18:53:13-DEBUG: Amplitudes: 
18:53:13-DEBUG: [9.99982602e-01 1.73979795e-05]
18:53:13-INFO: forces0 h [-1.19081268 -2.32986571  0.23730752]
18:53:13-INFO: forces0 x [ 1.99895959  2.81478626 -0.12104822]
18:53:13-INFO: forces0 y [-1.0765482  -1.44116184  0.2160655 ]
18:53:13-INFO: forces1 h [-170.3397039  -253.86695923   17.45227942]
18:53:13-INFO: forces1 x [157.27315241 240.80774791 -17.43720305]
18:53:13-INFO: forces1 y [12.74355493 12.03235744  0.25404686]
pos h  [ 7.79967273  9.49105608 10.47065669]
pos x  [ 8.29187181 10.24619154 10.4157399 ]
pos y  [ 6.80635456  8.53888042 10.46259464]
 mixed_cpl_forces: h [-0.01696112 -0.02045882  0.00073569]
 mixed_cpl_forces: x [ 0.00729677  0.01119476 -0.00081413]
 mixed_cpl_forces: y [9.66434543e-03 9.26405541e-03 7.84385370e-05]
18:53:13-INFO: mixed forces h [-1.21071665 -2.35470076  0.23834272]
18:53:13-INFO: mixed forces x [ 2.00895782  2.83012163 -0.12216362]
18:53:13-INFO: mixed forces y [-1.06664341 -1.43166337  0.2161446 ]
18:53:13-DEBUG: Minimum eigen value: 
18:53:13-DEBUG: 4936.000303855047
18:53:13-DEBUG: Minimum state: 
18:53:13-DEBUG: 0
        79     4936.0003038550     5059.9638082722      887.9846344630     4936.0007461542      123.9635044171      0.51081194
ids [   1    2    3    4    9   10   11   12   13   14   15   16   17   18
   19   20   21   23   24   25   26   27   28   29   30   31   32  938
   34   35    7   37   39   41   42   44   46   47   49  940  900   52
   53   54   55   56   57   58   59   60   61   62   63   64   65   67
   68   69   70   71   72   73   74   75   76   78   79   81   83   85
   86   88   40   90   91   93   96   97   98   99  100  101  125  104
  105  106  109  111  113  114  115  116  119  120  121  124  126  993
  130  131  132  135  136  895  638  643  644  649  905  659  996  893
  674  898  850  981 1071]
ids [   5   48  139  770  238 1075  244  248 1040  258 1028  985  378  533
  677 1038  682  683  684  685  686  687  688  689  690  691  692  694
  695  696  697  698  699  700  701  702  703  704  705  706  707  708
  709  710 1080  712  713  714  716  717  719  721  722  724  726  727
  728  729  730  731  732  733  734  735  736  737  738  739  740  784
  742  743  744  745  746  747  748  749  750  751  752  754  755  756
  757  759  761  762  763  764  766  767  769  772  773 1033  775  776
  777  778 1030  780  781  782  785  254  787  788  790  791  792  793
  795  796  797  921  800  802  805  806  807  811  828  876  801  771
  804  983  988  990]
ids [815  38 936  43  45  82  84  87  92  94 129 134 274 368  89 384 398 399
 404 668 673 681 693 753 711 783 860 812 816 817 818 819 820 821 822 823
 824 825 826 827 829 830 831 832 833 834 835 836 837 838 839 840 841 842
 843 844 845 847 848 849 851 852 853 854 855 856 857 858 859 861 862 863
 864 865 866 867 868 869 870 871 872 873 874 875 946 877 878 879 880 881
 882 883 884 885 886 887 888 889 890 892 894 896 897 899 901 902 904 906
 907 908 910 911 912 915 916 917 920 924 922 923 925 926 927 948 930 931
 932 846 935 937 939 814 941 942 944 919 369  50 786 891 741 945 394]
ids [127 141 153 156 168 913 379 213 928 171 272 929 277 278 279 280 281 282
 283 284 285 286 287 288 289 290 291 292 293 294 295 296 297 298 299 300
 301 302 303 304 305 307 308 309 311 312 314 316 317 319 261 322 323 324
 325 326 327 328 329 330 331 332 333 334 335 336 337 338 339 340 341 342
 343 344 345 346 347 349 350 351 352 354 356 357 359 361 362 364 246 367
 934 370 371 372 373 374 375 376 377 380 382 383 385 386 387 388 389 390
 391 392 909 395 397 401 402 381 406 453 498 545 578 918 583 585 914 623
 625 628 630 633 275 675 943]
ids [ 137  142  143  144  145  146  147  148  149  150  151  152  154  155
  157  158  159  160  161  162  163  164  165  166  167  169  170  679
  172  174  249  176  177  179  180  181  182  184  187  188  189  190
  191  192  193  194  195  196  197  198  199  200  202  203  204  205
  206  207  208  209  210  211  212  214  215  217  218  219  221  222
  224  201  226  227  229  232  233  235  236  237  240  241  242  243
  245 1073  247  250  251  252  253  231  255  256  257  260  276  262
  266  267  269  271  306  348 1078  393  396  410  443  445  448  450
  366  186  493  495  500  535  538  540  799  789  794  798  264  808
  809  259  933  216  321  239  234  774  779]
ids [ 122  140  173  178  185  220  223  230  265  268  270  318  407  408
  225  412  413  414  415  416  417  418  419  420  421  422  423  424
  425 1074  427  428  429  430  431  432  433  434  435  436  437  439
  440  441  442  444  446  447  449  451  452  454  456  457  458  459
  460  461  462  463  464  465  466  467  468  469  470  471  472  473
  474  475  476  477  478  479  480  481  482  483  484  485  486  487
  488  489  491  492  494  496  497  499  502  505  506  507  508  509
  510  511  512  513  501  515  516  517  520  521  522  523  524  525
  526  527  528  530  531  532  536  537  539  541  558 1079  588  591
  803  949 1043 1044 1048  534 1053 1059 1054  651  175  546  455  490
  666 1049]
ids [   8   22   66   77   80   95  110 1064  138  263  273  503  504  518
  519  529  950  543  663  678  680  715  718  720  723  725  758  760
  765  768 1077  409  903  947  952  953  954  955  956  957  958  959
  960  961  962  963  964  965  967  968  969  970  971  972  973  974
  975  976  977  978  979  980   33  982  984 1076  986  987  989  991
  992  994  995 1035  997  998  999 1000 1001 1002 1003 1004 1005 1006
 1007 1008 1009 1010 1011 1012 1013 1014 1015 1016 1017 1018 1019 1020
 1021 1022 1023 1024 1025 1026 1027 1029 1031 1032 1034 1036 1037 1039
 1041 1042 1045 1046 1047 1050 1051 1052 1081 1055 1056 1057 1058 1060
 1061 1062 1063 1065 1066 1067 1068 1069 1070  810 1072  514  951   36
  966   51]
ids [  6 102 107 108 112 117 118 123 133 183 228 103 310 313 315 320 353 355
 358 360 363 365 400 403 411 438 128 542 654 547 548 549 550 551 552 553
 554 555 556 557 559 560 562 563 564 565 566 567 568 569 570 571 572 573
 574 575 576 577 579 581 582 584 586 587 589 592 593 594 595 596 597 598
 599 600 601 602 603 604 605 606 607 608 609 610 611 612 613 614 615 616
 617 618 619 620 621 622 624 626 627 629 631 632 634 635 636 637 639 640
 641 642 645 646 647 648 650 426 652 653 655 656 657 658 660 661 662 665
 590 667 671 672 676 813 405 561 670 544 669 580 664]
18:53:13-INFO: Step 80
18:53:13-DEBUG: Reaction systems: [[None]
 [0]]
18:53:13-DEBUG: rxn_pairs: [array([1, 2])]
18:53:13-DEBUG: Starting total colors: 5
18:53:13-DEBUG: Number of systems: 2
18:53:13-DEBUG: New total colors: 5
18:53:13-DEBUG: Potential energy for color 0: 4933.448653083637
ebond 80 3.5869431396338443
18:53:13-DEBUG: Potential energy for color 1: 4959.7583895302505
xhy 80 13 1 2
xhy 80 13 1 2
xhy 80 13 1 2
xhy 80 13 1 2
xhy 80 13 1 2
h_pos [ 7.82928533  9.47017043 10.48002188] x_pos [ 8.29195445 10.23974588 10.415349  ] y_pos [ 6.81254405  8.53696609 10.46227934]
80 rHY 1.3801985169707 rHX 0.9002731101176589 0.4799254068530412
h_pos [ 7.82928533  9.47017043 10.48002188] x_pos [ 8.29195445 10.23974588 10.415349  ] y_pos [ 6.81254405  8.53696609 10.46227934]
80 rHY 1.3801985169707 rHX 0.9002731101176589 0.4799254068530412
h_pos [ 7.82928533  9.47017043 10.48002188] x_pos [ 8.29195445 10.23974588 10.415349  ] y_pos [ 6.81254405  8.53696609 10.46227934]
80 rHY 1.3801985169707 rHX 0.9002731101176589 0.4799254068530412
h_pos [ 7.82928533  9.47017043 10.48002188] x_pos [ 8.29195445 10.23974588 10.415349  ] y_pos [ 6.81254405  8.53696609 10.46227934]
80 rHY 1.3801985169707 rHX 0.9002731101176589 0.4799254068530412
h_pos [ 7.82928533  9.47017043 10.48002188] x_pos [ 8.29195445 10.23974588 10.415349  ] y_pos [ 6.81254405  8.53696609 10.46227934]
80 rHY 1.3801985169707 rHX 0.9002731101176589 0.4799254068530412
80 cpl_forces h [ 1.83109837  2.24162675 -0.08636096]
80 cpl_forces h [ 1.83109837  2.24162675 -0.08636096]
80 cpl_forces h [ 1.83109837  2.24162675 -0.08636096]
80 cpl_forces h [ 1.83109837  2.24162675 -0.08636096]
80 cpl_forces x [-0.75248019 -1.25162942  0.10518328]
80 cpl_forces h [ 1.83109837  2.24162675 -0.08636096]
80 cpl_forces x [-0.75248019 -1.25162942  0.10518328]
80 cpl_forces x [-0.75248019 -1.25162942  0.10518328]
80 cpl_forces y [-1.07861817 -0.98999733 -0.01882231]
80 cpl_forces x [-0.75248019 -1.25162942  0.10518328]
80 cpl_forces y [-1.07861817 -0.98999733 -0.01882231]
80 cpl_forces x [-0.75248019 -1.25162942  0.10518328]
80 cpl_forces y [-1.07861817 -0.98999733 -0.01882231]
80 cpl_forces y [-1.07861817 -0.98999733 -0.01882231]
80 cpl_forces y [-1.07861817 -0.98999733 -0.01882231]
18:53:13-DEBUG: System matrix: 
18:53:13-DEBUG: [[4.93344865e+03 9.53399928e-02]
 [9.53399928e-02 4.95975839e+03]]
18:53:13-DEBUG: Eigen values: 
18:53:13-DEBUG: [4933.4483076  4959.75873501]
18:53:13-DEBUG: Occupancies: 
18:53:13-DEBUG: [1. 0.]
18:53:13-INFO: coupling 80 0.0953399928194535
18:53:13-DEBUG: Amplitudes: 
18:53:13-DEBUG: [9.99986869e-01 1.31310703e-05]
18:53:13-INFO: forces0 h [-1.15545733 -2.56064783  0.29611092]
18:53:13-INFO: forces0 x [ 1.91145668  2.99144283 -0.16332447]
18:53:13-INFO: forces0 y [-1.08582047 -1.29498131  0.21407762]
18:53:13-INFO: forces1 h [-167.83182437 -269.18319122   21.35533087]
18:53:13-INFO: forces1 x [154.30453847 256.27123436 -21.456198  ]
18:53:13-INFO: forces1 y [13.1323836  11.9418451   0.38650609]
pos h  [ 7.82928533  9.47017043 10.48002188]
pos x  [ 8.29195445 10.23974588 10.415349  ]
pos y  [ 6.81254405  8.53696609 10.46227934]
 mixed_cpl_forces: h [-0.01327055 -0.01624578  0.00062589]
 mixed_cpl_forces: x [ 0.00545346  0.00907095 -0.0007623 ]
 mixed_cpl_forces: y [0.00781709 0.00717482 0.00013641]
18:53:13-INFO: mixed forces h [-1.17091652 -2.58039465  0.29701333]
18:53:13-INFO: mixed forces x [ 1.91891122  3.00383962 -0.16436636]
18:53:13-INFO: mixed forces y [-1.07781669 -1.28763267  0.2142163 ]
18:53:13-DEBUG: Minimum eigen value: 
18:53:13-DEBUG: 4933.448307599565
18:53:13-DEBUG: Minimum state: 
18:53:13-DEBUG: 0
        80     4933.4483075996     5059.9637328806      906.2647446145     4933.4486530836      126.5154252810      0.50590926
ids [   1    2    3    4    9   10   11   12   13   14   15   16   17   18
   19   20   21   23   24   25   26   27   28   29   30   31   32  938
   34   35    7   37   39   41   42   44   46   47   49  940  900   52
   53   54   55   56   57   58   59   60   61   62   63   64   65   67
   68   69   70   71   72   73   74   75   76   78   79   81   83   85
   86   88   40   90   91   93   96   97   98   99  100  101  125  104
  105  106  109  111  113  114  115  116  119  120  121  124  126  993
  130  131  132  135  136  895  638  643  644  649  905  659  996  893
  674  898  850  981 1071]
ids [  6 102 107 108 112 117 118 123 133 183 228 103 310 313 315 320 353 355
 358 360 363 365 400 403 411 438 128 542 654 547 548 549 550 551 552 553
 554 555 556 557 559 560 562 563 564 565 566 567 568 569 570 571 572 573
 574 575 576 577 579 581 582 584 586 587 589 592 593 594 595 596 597 598
 599 600 601 602 603 604 605 606 607 608 609 610 611 612 613 614 615 616
 617 618 619 620 621 622 624 626 627 629 631 632 634 635 636 637 639 640
 641 642 645 646 647 648 650 426 652 653 655 656 657 658 660 661 662 665
 590 667 671 672 676 813 405 561 670 544 669 580 664]
ids [   5   48  139  770  238 1075  244  248 1040  258 1028  985  378  533
  677 1038  682  683  684  685  686  687  688  689  690  691  692  694
  695  696  697  698  699  700  701  702  703  704  705  706  707  708
  709  710 1080  712  713  714  716  717  719  721  722  724  726  727
  728  729  730  731  732  733  734  735  736  737  738  739  740  784
  742  743  744  745  746  747  748  749  750  751  752  754  755  756
  757  759  761  762  763  764  766  767  769  772  773 1033  775  776
  777  778 1030  780  781  782  785  254  787  990  790  791  792  793
  795  796  797  921  800  802  805  806  807  811  828  876  801  771
  804  983  988]
ids [815  38 936  43  45  82  84  87  92  94 129 134 274 368  89 384 398 399
 404 668 673 681 693 753 711 783 860 812 816 817 818 819 820 821 822 823
 824 825 826 827 829 830 831 832 833 834 835 836 837 838 839 840 841 842
 843 844 845 847 848 849 851 852 853 854 855 856 857 858 859 861 862 863
 864 865 866 867 868 869 870 871 872 873 874 875 946 877 878 879 880 881
 882 883 884 885 886 887 888 889 890 892 894 896 897 899 901 902 904 906
 907 908 910 911 912 915 916 917 920 924 922 923 925 926 927 948 930 931
 932 846 935 937 939 814 941 942 944 919 369  50 786 891 741 945 394]
ids [127 141 153 156 168 913 379 213 928 171 272 929 277 278 279 280 281 282
 283 284 285 286 287 288 289 290 291 292 293 294 295 296 297 298 299 300
 301 302 303 304 305 307 308 309 311 312 314 316 317 319 261 322 323 324
 325 326 327 328 329 330 331 332 333 334 335 336 337 338 339 340 341 342
 343 344 345 346 347 349 350 351 352 354 356 357 359 361 362 364 246 367
 934 370 371 372 373 374 375 376 377 380 382 383 385 386 387 388 389 390
 391 392 909 395 397 401 402 381 406 453 498 545 578 918 583 585 914 623
 625 628 630 633 275 675 943]
ids [ 137  142  143  144  145  146  147  148  149  150  151  152  154  155
  157  158  159  160  161  162  163  164  165  166  167  169  170  679
  172  174  249  176  177  179  180  181  182  184  187  188  189  190
  191  192  193  194  195  196  197  198  199  200  202  203  204  205
  206  207  208  209  210  211  212  214  215  217  218  219  221  222
  224  201  226  227  229  232  233  235  236  237  240  241  242  243
  245 1073  247  250  251  252  253  231  255  256  257  260  276  262
  266  267  269  271  306  348 1078  393  396  410  443  445  448  450
  366  186  493  495  500  535  538  540  799  789  794  798  264  808
  809  259  933  216  321  239  234  774  779  788]
ids [ 122  140  173  178  185  220  223  230  265  268  270  318  407  408
  225  412  413  414  415  416  417  418  419  420  421  422  423  424
  425 1074  427  428  429  430  431  432  433  434  435  436  437  439
  440  441  442  444  446  447  449  451  452  454  456  457  458  459
  460  461  462  463  464  465  466  467  468  469  470  471  472  473
  474  475  476  477  478  479  480  481  482  483  484  485  486  487
  488  489  491  492  494  496  497  499  502  505  506  507  508  509
  510  511  512  513  501  515  516  517  520  521  522  523  524  525
  526  527  528  530  531  532  536  537  539  541  558 1079  588  591
  803  949 1043 1044 1048  534 1053 1059 1054  651  175  546  455  490
  666 1049]
ids [   8   22   66   77   80   95  110 1064  138  263  273  503  504  518
  519  529  950  543  663  678  680  715  718  720  723  725  758  760
  765  768 1077  409  903  947  952  953  954  955  956  957  958  959
  960  961  962  963  964  965  967  968  969  970  971  972  973  974
  975  976  977  978  979  980   33  982  984 1076  986  987  989  991
  992  994  995 1035  997  998  999 1000 1001 1002 1003 1004 1005 1006
 1007 1008 1009 1010 1011 1012 1013 1014 1015 1016 1017 1018 1019 1020
 1021 1022 1023 1024 1025 1026 1027 1029 1031 1032 1034 1036 1037 1039
 1041 1042 1045 1046 1047 1050 1051 1052 1081 1055 1056 1057 1058 1060
 1061 1062 1063 1065 1066 1067 1068 1069 1070  810 1072  514  951   36
  966   51]
18:53:13-INFO: Step 81
18:53:13-DEBUG: Reaction systems: [[None]
 [0]]
18:53:13-DEBUG: rxn_pairs: [array([1, 2])]
18:53:13-DEBUG: Starting total colors: 5
18:53:13-DEBUG: Number of systems: 2
18:53:13-DEBUG: New total colors: 5
18:53:13-DEBUG: Potential energy for color 0: 4930.556615869704
ebond 81 3.6592650164897402
18:53:13-DEBUG: Potential energy for color 1: 4957.033578050677
xhy 81 13 1 2
xhy 81 13 1 2
xhy 81 13 1 2
xhy 81 13 1 2
xhy 81 13 1 2
h_pos [ 7.85844965  9.44829778 10.48950059] x_pos [ 8.29208342 10.23337273 10.41495415] y_pos [ 6.81870756  8.53502073 10.46196921]
h_pos [ 7.85844965  9.44829778 10.48950059] x_pos [ 8.29208342 10.23337273 10.41495415] y_pos [ 6.81870756  8.53502073 10.46196921]
h_pos [ 7.85844965  9.44829778 10.48950059] x_pos [ 8.29208342 10.23337273 10.41495415] y_pos [ 6.81870756  8.53502073 10.46196921]
81 rHY 1.384159155984577 rHX 0.8999656056486443 0.4841935503359327
81 rHY 1.384159155984577 rHX 0.8999656056486443 0.4841935503359327
81 rHY 1.384159155984577 rHX 0.8999656056486443 0.4841935503359327
h_pos [ 7.85844965  9.44829778 10.48950059] x_pos [ 8.29208342 10.23337273 10.41495415] y_pos [ 6.81870756  8.53502073 10.46196921]
81 rHY 1.384159155984577 rHX 0.8999656056486443 0.4841935503359327
81 cpl_forces h [ 1.70535725  2.11909335 -0.08705469]
h_pos [ 7.85844965  9.44829778 10.48950059] x_pos [ 8.29208342 10.23337273 10.41495415] y_pos [ 6.81870756  8.53502073 10.46196921]
81 rHY 1.384159155984577 rHX 0.8999656056486443 0.4841935503359327
81 cpl_forces h [ 1.70535725  2.11909335 -0.08705469]
81 cpl_forces h [ 1.70535725  2.11909335 -0.08705469]
81 cpl_forces x [-0.66641896 -1.20652233  0.11456479]
81 cpl_forces x [-0.66641896 -1.20652233  0.11456479]
81 cpl_forces h [ 1.70535725  2.11909335 -0.08705469]
81 cpl_forces x [-0.66641896 -1.20652233  0.11456479]
81 cpl_forces h [ 1.70535725  2.11909335 -0.08705469]
81 cpl_forces y [-1.03893829 -0.91257102 -0.0275101 ]
81 cpl_forces x [-0.66641896 -1.20652233  0.11456479]
81 cpl_forces y [-1.03893829 -0.91257102 -0.0275101 ]
81 cpl_forces x [-0.66641896 -1.20652233  0.11456479]
81 cpl_forces y [-1.03893829 -0.91257102 -0.0275101 ]
81 cpl_forces y [-1.03893829 -0.91257102 -0.0275101 ]
81 cpl_forces y [-1.03893829 -0.91257102 -0.0275101 ]
18:53:13-DEBUG: System matrix: 
18:53:13-DEBUG: [[4.93055662e+03 8.92649939e-02]
 [8.92649939e-02 4.95703358e+03]]
18:53:13-DEBUG: Eigen values: 
18:53:13-DEBUG: [4930.55631492 4957.033879  ]
18:53:13-DEBUG: Occupancies: 
18:53:13-DEBUG: [1. 0.]
18:53:13-INFO: coupling 81 0.08926499392952211
18:53:13-DEBUG: Amplitudes: 
18:53:13-DEBUG: [9.99988634e-01 1.13660939e-05]
18:53:13-INFO: forces0 h [-1.05176103 -2.68858835  0.34766897]
18:53:13-INFO: forces0 x [ 1.75661628  3.06959424 -0.19892231]
18:53:13-INFO: forces0 y [-1.09688716 -1.1531319   0.21267586]
18:53:13-INFO: forces1 h [-159.23384815 -275.437146     24.63916442]
18:53:13-INFO: forces1 x [145.25218631 262.69523716 -24.85924933]
18:53:13-INFO: forces1 y [13.51378042 11.82889068  0.52221574]
pos h  [ 7.85844965  9.44829778 10.48950059]
pos x  [ 8.29208342 10.23337273 10.41495415]
pos y  [ 6.81870756  8.53502073 10.46196921]
 mixed_cpl_forces: h [-0.01149869 -0.01428839  0.00058698]
 mixed_cpl_forces: x [ 0.00449346  0.00813521 -0.00077247]
 mixed_cpl_forces: y [0.00700524 0.00615318 0.00018549]
18:53:13-INFO: mixed forces h [-1.06505763 -2.70597682  0.34853206]
18:53:13-INFO: mixed forces x [ 1.76274072  3.08068037 -0.19997508]
18:53:13-INFO: mixed forces y [-1.08971585 -1.14683116  0.21286487]
18:53:13-DEBUG: Minimum eigen value: 
18:53:13-DEBUG: 4930.556314923224
18:53:13-DEBUG: Minimum state: 
18:53:13-DEBUG: 0
        81     4930.5563149232     5059.9634767988      926.9790481908     4930.5566158697      129.4071618756      0.50831491
ids [   1    2    3    4    9   10   11   12   13   14   15   16   17   18
   19   20   21   23   24   25   26   27   28   29   30   31   32  938
   34   35    7   37   39   41   42   44   46   47   49  940  900   52
   53   54   55   56   57   58   59   60   61   62   63   64   65   67
   68   69   70   71   72   73   74   75   76   78   79   81   83   85
   86   88   40   90   91   93   96   97   98   99  100  101  125  104
  105  106  109  111  113  114  115  116  119  120  121  124  126  993
  130  131  132  135  136  895  638  643  644  649  905  659  996  893
  674  898  850  981 1071]
ids [   8   22   66   77   80   95  110 1064  138  263  273  503  504  518
  519  529  950  543  663  678  680  715  718  720  723  725  758  760
  765  768 1077  409  903  947  952  953  954  955  956  957  958  959
  960  961  962  963  964  965  967  968  969  970  971  972  973  974
  975  976  977  978  979  980   33  982  984 1076  986  987  989  991
  992  994  995 1035  997  998  999 1000 1001 1002 1003 1004 1005 1006
 1007 1008 1009 1010 1011 1012 1013 1014 1015 1016 1017 1018 1019 1020
 1021 1022 1023 1024 1025 1026 1027 1029 1031 1032 1034 1036 1037 1039
 1041 1042 1045 1046 1047 1050 1051 1052 1081 1055 1056 1057 1058 1060
 1061 1062 1063 1065 1066 1067 1068 1069 1070  810 1072  514  951   36
  966   51]
ids [  6 102 107 108 112 117 118 123 133 183 228 103 310 313 315 320 353 355
 358 360 363 365 400 403 411 438 128 542 654 547 548 549 550 551 552 553
 554 555 556 557 559 560 562 563 564 565 566 567 568 569 570 571 572 573
 574 575 576 577 579 581 582 584 586 587 589 592 593 594 595 596 597 598
 599 600 601 602 603 604 605 606 607 608 609 610 611 612 613 614 615 616
 617 618 619 620 621 622 624 626 627 629 631 632 634 635 636 637 639 640
 641 642 645 646 647 648 650 426 652 653 655 656 657 658 660 661 662 665
 590 667 671 672 676 813 405 561 670 544 669 580 664]
ids [   5   48  139  770  238 1075  244  248 1040  258 1028  985  378  533
  677 1038  682  683  684  685  686  687  688  689  690  691  692  694
  695  696  697  698  699  700  701  702  703  704  705  706  707  708
  709  710 1080  712  713  714  716  717  719  721  722  724  726  727
  728  729  730  731  732  733  734  735  736  737  738  739  740  784
  742  743  744  745  746  747  748  749  750  751  752  754  755  756
  757  759  761  762  763  764  766  767  769  772  773 1033  775  776
  777  778 1030  780  781  782  785  254  787  990  790  791  792  793
  795  796  797  921  800  802  805  806  807  811  828  876  801  771
  804  983  988]
ids [815  38 936  43  45  82  84  87  92  94 129 134 274 368  89 384 398 399
 404 668 673 681 693 753 711 783 860 812 816 817 818 819 820 821 822 823
 824 825 826 827 829 830 831 832 833 834 835 836 837 838 839 840 841 842
 843 844 845 847 848 849 851 852 853 854 855 856 857 858 859 861 862 863
 864 865 866 867 868 869 870 871 872 873 874 875 946 877 878 879 880 881
 882 883 884 885 886 887 888 889 890 892 894 896 897 899 901 902 904 906
 907 908 910 911 912 915 916 917 920 924 922 923 925 926 927 948 930 931
 932 846 935 937 939 814 941 942 944 919 369  50 786 891 741 945 394]
ids [127 141 153 156 168 913 379 213 928 171 272 929 277 278 279 280 281 282
 283 284 285 286 287 288 289 290 291 292 293 294 295 296 297 298 299 300
 301 302 303 304 305 307 308 309 311 312 314 316 317 319 261 322 323 324
 325 326 327 328 329 330 331 332 333 334 335 336 337 338 339 340 341 342
 343 344 345 346 347 349 350 351 352 354 356 357 359 361 362 364 246 367
 934 370 371 372 373 374 375 376 377 380 382 383 385 386 387 388 389 390
 391 392 909 395 397 401 402 381 406 453 498 545 578 918 583 585 914 623
 625 628 630 633 275 675 943]
ids [ 137  142  143  144  145  146  147  148  149  150  151  152  154  155
  157  158  159  160  161  162  163  164  165  166  167  169  170  679
  172  174  249  176  177  179  180  181  182  184  187  188  189  190
  191  192  193  194  195  196  197  198  199  200  202  203  204  205
  206  207  208  209  210  211  212  214  215  217  218  219  221  222
  224  201  226  227  229  232  233  235  236  237  240  241  242  243
  245 1073  247  250  251  252  253  231  255  256  257  260  276  262
  266  267  269  271  306  348 1078  393  396  410  443  445  448  450
  366  186  493  495  500  535  538  540  799  789  794  798  264  808
  809  259  933  216  321  239  234  774  779  788]
ids [ 122  140  173  178  185  220  223  230  265  268  270  318  407  408
  225  412  413  414  415  416  417  418  419  420  421  422  423  424
  425 1074  427  428  429  430  431  432  433  434  435  436  437  439
  440  441  442  444  446  447  449  451  452  454  456  457  458  459
  460  461  462  463  464  465  466  467  468  469  470  471  472  473
  474  475  476  477  478  479  480  481  482  483  484  485  486  487
  488  489  491  492  494  496  497  499  502  505  506  507  508  509
  510  511  512  513  501  515  516  517  520  521  522  523  524  525
  526  527  528  530  531  532  536  537  539  541  558 1079  588  591
  803  949 1043 1044 1048  534 1053 1059 1054  651  175  546  455  490
  666 1049]
18:53:13-INFO: Step 82
18:53:13-DEBUG: Reaction systems: [[None]
 [0]]
18:53:13-DEBUG: rxn_pairs: [array([1, 2])]
18:53:13-DEBUG: Starting total colors: 5
18:53:13-DEBUG: Number of systems: 2
18:53:13-DEBUG: New total colors: 5
18:53:13-DEBUG: Potential energy for color 0: 4927.328561994538
ebond 82 3.728399944481183
18:53:13-DEBUG: Potential energy for color 1: 4953.231313180722
xhy 82 13 1 2
xhy 82 13 1 2
xhy 82 13 1 2
xhy 82 13 1 2
xhy 82 13 1 2
h_pos [ 7.88720658  9.42539068 10.49911248] x_pos [ 8.29225494 10.22707392 10.41455446] y_pos [ 6.82484479  8.53304771 10.46166421]
h_pos [ 7.88720658  9.42539068 10.49911248] x_pos [ 8.29225494 10.22707392 10.41455446] y_pos [ 6.82484479  8.53304771 10.46166421]
h_pos [ 7.88720658  9.42539068 10.49911248] x_pos [ 8.29225494 10.22707392 10.41455446] y_pos [ 6.82484479  8.53304771 10.46166421]
82 rHY 1.387908836285876 rHX 0.9021697504625472 0.4857390858233288
82 rHY 1.387908836285876 rHX 0.9021697504625472 0.4857390858233288
h_pos [ 7.88720658  9.42539068 10.49911248] x_pos [ 8.29225494 10.22707392 10.41455446] y_pos [ 6.82484479  8.53304771 10.46166421]
82 rHY 1.387908836285876 rHX 0.9021697504625472 0.4857390858233288
82 rHY 1.387908836285876 rHX 0.9021697504625472 0.4857390858233288
h_pos [ 7.88720658  9.42539068 10.49911248] x_pos [ 8.29225494 10.22707392 10.41455446] y_pos [ 6.82484479  8.53304771 10.46166421]
82 rHY 1.387908836285876 rHX 0.9021697504625472 0.4857390858233288
82 cpl_forces h [ 1.6450673   2.07467912 -0.09041495]
82 cpl_forces h [ 1.6450673   2.07467912 -0.09041495]
82 cpl_forces h [ 1.6450673   2.07467912 -0.09041495]
82 cpl_forces x [-0.60818576 -1.20373859  0.12696505]
82 cpl_forces h [ 1.6450673   2.07467912 -0.09041495]
82 cpl_forces x [-0.60818576 -1.20373859  0.12696505]
82 cpl_forces h [ 1.6450673   2.07467912 -0.09041495]
82 cpl_forces y [-1.03688154 -0.87094053 -0.0365501 ]
82 cpl_forces x [-0.60818576 -1.20373859  0.12696505]
82 cpl_forces x [-0.60818576 -1.20373859  0.12696505]
82 cpl_forces x [-0.60818576 -1.20373859  0.12696505]
82 cpl_forces y [-1.03688154 -0.87094053 -0.0365501 ]
82 cpl_forces y [-1.03688154 -0.87094053 -0.0365501 ]
82 cpl_forces y [-1.03688154 -0.87094053 -0.0365501 ]
82 cpl_forces y [-1.03688154 -0.87094053 -0.0365501 ]
18:53:13-DEBUG: System matrix: 
18:53:13-DEBUG: [[4.92732856e+03 8.71494413e-02]
 [8.71494413e-02 4.95323131e+03]]
18:53:13-DEBUG: Eigen values: 
18:53:13-DEBUG: [4927.32826878 4953.23160639]
18:53:13-DEBUG: Occupancies: 
18:53:13-DEBUG: [1. 0.]
18:53:13-INFO: coupling 82 0.08714944126925621
18:53:13-DEBUG: Amplitudes: 
18:53:13-DEBUG: [9.99988681e-01 1.13193810e-05]
18:53:13-INFO: forces0 h [-0.89079469 -2.70618568  0.38787429]
18:53:13-INFO: forces0 x [ 1.545447    3.04110703 -0.22364254]
18:53:13-INFO: forces0 y [-1.10949839 -1.01511912  0.21177109]
18:53:13-INFO: forces1 h [-145.46579558 -271.75642511   26.9075888 ]
18:53:13-INFO: forces1 x [131.03564008 259.20731354 -27.25030025]
18:53:13-INFO: forces1 y [13.88847494 11.69342735  0.66131372]
pos h  [ 7.88720658  9.42539068 10.49911248]
pos x  [ 8.29225494 10.22707392 10.41455446]
pos y  [ 6.82484479  8.53304771 10.46166421]
 mixed_cpl_forces: h [-0.01106936 -0.01396014  0.00060839]
 mixed_cpl_forces: x [ 0.00409237  0.00809974 -0.00085432]
 mixed_cpl_forces: y [0.00697699 0.0058604  0.00024594]
18:53:13-INFO: mixed forces h [-0.90350055 -2.72319131  0.38878286]
18:53:13-INFO: mixed forces x [ 1.55100512  3.05210642 -0.22480279]
18:53:13-INFO: mixed forces y [-1.10235164 -1.00911487  0.21202211]
18:53:13-DEBUG: Minimum eigen value: 
18:53:13-DEBUG: 4927.32826878479
18:53:13-DEBUG: Minimum state: 
18:53:13-DEBUG: 0
        82     4927.3282687848     5059.9630323260      950.0992455321     4927.3285619945      132.6347635412      0.50490834
ids [127 141 153 156 168 913 379 213 928 171 272 929 277 278 279 280 281 282
 283 284 285 286 287 288 289 290 291 292 293 294 295 296 297 298 299 300
 301 302 303 304 305 307 308 309 311 312 314 316 317 319 261 322 323 324
 325 326 327 328 329 330 331 332 333 334 335 336 337 338 339 340 341 342
 343 344 345 346 347 349 350 351 352 354 356 357 359 361 362 364 246 367
 934 370 371 372 373 374 375 376 377 380 382 383 385 386 387 388 389 390
 391 392 909 395 397 401 402 381 406 453 498 545 578 918 583 585 914 623
 625 628 630 633 943 675]
ids [ 137  142  143  144  145  146  147  148  149  150  151  152  154  155
  157  158  159  160  161  162  163  164  165  166  167  169  170  679
  172  174  249  176  177  179  180  181  182  184  187  188  189  190
  191  192  193  194  195  196  197  198  199  200  202  203  204  205
  206  207  208  209  210  211  212  214  215  217  218  219  221  222
  224  201  226  227  229  232  233  235  236  237  240  241  242  243
  245 1073  247  250  251  252  253  231  255  256  257  260  276  262
  266  267  269  271  306  348 1078  393  396  410  443  445  448  450
  366  186  493  495  500  535  538  540  799  789  794  798  264  808
  809  259  933  216  321  239  234  774  779  788]
ids [   1    2    3    4    9   10   11   12   13   14   15   16   17   18
   19   20   21   23   24   25   26   27   28   29   30   31   32  938
   34   35    7   37   39   41   42   44   46   47   49  940  900   52
   53   54   55   56   57   58   59   60   61   62   63   64   65   67
   68   69   70   71   72   73   74   75   76   78   79   81   83   85
   86   88   40   90   91   93   96   97   98   99  100  101  125  104
  105  106  109  111  113  114  115  116  119  120  121  124  126  993
  130  131  132  135  136  895  638  643  644  649  905  659  996  893
  674  898  850  981 1071]
ids [ 122  140  173  178  185  220  223  230  265  268  270  318  407  408
  225  412  413  414  415  416  417  418  419  420  421  422  423  424
  425 1074  427  428  429  430  431  432  433  434  435  436  437  439
  440  441  442  444  446  447  449  451  452  454  456  457  458  459
  460  461  462  463  464  465  466  467  468  469  470  471  472  473
  474  475  476  477  478  479  480  481  482  483  484  485  486  487
  488  489  491  492  494  496  497  499  502  505  506  507  508  509
  510  511  512  513  501  515  516  517  520  521  522  523  524  525
  526  527  528  530  531  532  536  537  539  541  558 1079  588  591
  803  949 1043 1044 1048  534 1053 1059 1054  651  175  546  455  490
  666 1049]
ids [   8   22   66   77   80   95  110 1064  138  263  273  503  504  518
  519  529  950  543  663  678  680  715  718  720  723  725  758  760
  765  768 1077  409  903  947  952  953  954  955  956  957  958  959
  960  961  962  963  964  965  967  968  969  970  971  972  973  974
  975  976  977  978  979  980   33  982  984 1076  986  987  989  991
  992  994  995 1035  997  998  999 1000 1001 1002 1003 1004 1005 1006
 1007 1008 1009 1010 1011 1012 1013 1014 1015 1016 1017 1018 1019 1020
 1021 1022 1023 1024 1025 1026 1027 1029 1031 1032 1034 1036 1037 1039
 1041 1042 1045 1046 1047 1050 1051 1052 1081 1055 1056 1057 1058 1060
 1061 1062 1063 1065 1066 1067 1068 1069 1070  810 1072  514  951   36
  966   51]
ids [  6 102 107 108 112 117 118 123 133 183 228 103 310 313 315 320 353 355
 358 360 363 365 400 403 411 438 128 542 654 547 548 549 550 551 552 553
 554 555 556 557 559 560 562 563 564 565 566 567 568 569 570 571 572 573
 574 575 576 577 579 581 582 584 586 587 589 592 593 594 595 596 597 598
 599 600 601 602 603 604 605 606 607 608 609 610 611 612 613 614 615 616
 617 618 619 620 621 622 624 626 627 629 631 632 634 635 636 637 639 640
 641 642 645 646 647 648 650 426 652 653 655 656 657 658 660 661 662 665
 590 667 671 672 676 813 405 561 670 544 669 580 664 275]
ids [   5   48  139  770  238 1075  244  248 1040  258 1028  985  378  533
  677 1038  682  683  684  685  686  687  688  689  690  691  692  694
  695  696  697  698  699  700  701  702  703  704  705  706  707  708
  709  710 1080  712  713  714  716  717  719  721  722  724  726  727
  728  729  730  731  732  733  734  735  736  737  738  739  740  784
  742  743  744  745  746  747  748  749  750  751  752  754  755  756
  757  759  761  762  763  764  766  767  769  772  773 1033  775  776
  777  778 1030  780  781  782  785  254  787  990  790  791  792  793
  795  796  797  921  800  802  805  806  807  811  828  876  801  771
  804  983  988]
ids [815  38 936  43  45  82  84  87  92  94 129 134 274 368  89 384 398 399
 404 668 673 681 693 753 711 783 860 812 816 817 818 819 820 821 822 823
 824 825 826 827 829 830 831 832 833 834 835 836 837 838 839 840 841 842
 843 844 845 847 848 849 851 852 853 854 855 856 857 858 859 861 862 863
 864 865 866 867 868 869 870 871 872 873 874 875 946 877 878 879 880 881
 882 883 884 885 886 887 888 889 890 892 894 896 897 899 901 902 904 906
 907 908 910 911 912 915 916 917 920 924 922 923 925 926 927 948 930 931
 932 846 935 937 939 814 941 942 944 919 369  50 786 891 741 945 394]
18:53:13-INFO: Step 83
18:53:13-DEBUG: Reaction systems: [[None]
 [0]]
18:53:13-DEBUG: rxn_pairs: [array([1, 2])]
18:53:13-DEBUG: Starting total colors: 5
18:53:13-DEBUG: Number of systems: 2
18:53:13-DEBUG: New total colors: 5
18:53:13-DEBUG: Potential energy for color 0: 4923.771326966691
ebond 83 3.795630472733258
18:53:13-DEBUG: Potential energy for color 1: 4948.432684873208
xhy 83 13 1 2
xhy 83 13 1 2
xhy 83 13 1 2
xhy 83 13 1 2
xhy 83 13 1 2
h_pos [ 7.91561815  9.40144291 10.50887293] x_pos [ 8.29246389 10.22084876 10.41414936] y_pos [ 6.83095541  8.53105034 10.46136432]
h_pos [ 7.91561815  9.40144291 10.50887293] x_pos [ 8.29246389 10.22084876 10.41414936] y_pos [ 6.83095541  8.53105034 10.46136432]
h_pos [ 7.91561815  9.40144291 10.50887293] x_pos [ 8.29246389 10.22084876 10.41414936] y_pos [ 6.83095541  8.53105034 10.46136432]
83 rHY 1.3915220292401185 rHX 0.9068688998256189 0.48465312941449956
83 rHY 1.3915220292401185 rHX 0.9068688998256189 0.48465312941449956
83 rHY 1.3915220292401185 rHX 0.9068688998256189 0.48465312941449956
h_pos [ 7.91561815  9.40144291 10.50887293] x_pos [ 8.29246389 10.22084876 10.41414936] y_pos [ 6.83095541  8.53105034 10.46136432]
h_pos [ 7.91561815  9.40144291 10.50887293] x_pos [ 8.29246389 10.22084876 10.41414936] y_pos [ 6.83095541  8.53105034 10.46136432]
83 rHY 1.3915220292401185 rHX 0.9068688998256189 0.48465312941449956
83 rHY 1.3915220292401185 rHX 0.9068688998256189 0.48465312941449956
83 cpl_forces h [ 1.64265104  2.10179501 -0.09664599]
83 cpl_forces h [ 1.64265104  2.10179501 -0.09664599]
83 cpl_forces h [ 1.64265104  2.10179501 -0.09664599]
83 cpl_forces x [-0.57119879 -1.24200325  0.14357597]
83 cpl_forces h [ 1.64265104  2.10179501 -0.09664599]
83 cpl_forces h [ 1.64265104  2.10179501 -0.09664599]
83 cpl_forces x [-0.57119879 -1.24200325  0.14357597]
83 cpl_forces x [-0.57119879 -1.24200325  0.14357597]
83 cpl_forces x [-0.57119879 -1.24200325  0.14357597]
83 cpl_forces y [-1.07145225 -0.85979175 -0.04692999]
83 cpl_forces y [-1.07145225 -0.85979175 -0.04692999]
83 cpl_forces x [-0.57119879 -1.24200325  0.14357597]
83 cpl_forces y [-1.07145225 -0.85979175 -0.04692999]
83 cpl_forces y [-1.07145225 -0.85979175 -0.04692999]
83 cpl_forces y [-1.07145225 -0.85979175 -0.04692999]
18:53:13-DEBUG: System matrix: 
18:53:13-DEBUG: [[4.92377133e+03 8.86313134e-02]
 [8.86313134e-02 4.94843268e+03]]
18:53:13-DEBUG: Eigen values: 
18:53:13-DEBUG: [4923.77100844 4948.4330034 ]
18:53:13-DEBUG: Occupancies: 
18:53:13-DEBUG: [1. 0.]
18:53:13-INFO: coupling 83 0.08863131336273707
18:53:13-DEBUG: Amplitudes: 
18:53:13-DEBUG: [9.99987084e-01 1.29158672e-05]
18:53:13-INFO: forces0 h [-0.68587869 -2.6093131   0.41285772]
18:53:13-INFO: forces0 x [ 1.29085405  2.90100447 -0.23355712]
18:53:13-INFO: forces0 y [-1.12302113 -0.88022834  0.21131242]
18:53:13-INFO: forces1 h [-128.14567652 -258.65021844   27.91041807]
18:53:13-INFO: forces1 x [113.27084334 246.31507138 -28.3793178 ]
18:53:13-INFO: forces1 y [14.25883309 11.53692323  0.80396442]
pos h  [ 7.91561815  9.40144291 10.50887293]
pos x  [ 8.29246389 10.22084876 10.41414936]
pos y  [ 6.83095541  8.53105034 10.46136432]
 mixed_cpl_forces: h [-0.01180686 -0.01510704  0.00069466]
 mixed_cpl_forces: x [ 0.0041056   0.00892713 -0.00103198]
 mixed_cpl_forces: y [0.00770126 0.00617991 0.00033732]
18:53:13-INFO: mixed forces h [-0.6993318  -2.62772713  0.41390753]
18:53:13-INFO: mixed forces x [ 1.29640596  2.9130755  -0.23495263]
18:53:13-INFO: mixed forces y [-1.1151212  -0.87388805  0.21165739]
18:53:13-DEBUG: Minimum eigen value: 
18:53:13-DEBUG: 4923.77100843564
18:53:13-DEBUG: Minimum state: 
18:53:13-DEBUG: 0
        83     4923.7710084356     5059.9624018224      975.5763621092     4923.7713269667      136.1913933868      0.44214671
ids [815  38 936  43  45  82  84  87  92  94 129 134 274 368  89 384 398 399
 404 668 673 681 693 753 711 783 860 812 816 817 818 819 820 821 822 823
 824 825 826 827 829 830 831 832 833 834 835 836 837 838 839 840 841 842
 843 844 845 847 848 849 851 852 853 854 855 856 857 858 859 861 862 863
 864 865 866 867 868 869 870 871 872 873 874 875 946 877 878 879 880 881
 882 883 884 885 886 887 888 889 890 892 894 896 897 899 901 902 904 906
 907 908 910 911 912 915 916 917 920 924 922 923 925 926 927 948 930 931
 932 846 935 937 939 814 941 942 944 919 369  50 786 891 741 945 394]
ids [ 122  140  173  178  185  220  223  230  265  268  270  318  407  408
  225  412  413  414  415  416  417  418  419  420  421  422  423  424
  425 1074  427  428  429  430  431  432  433  434  435  436  437  439
  440  441  442  444  446  447  449  451  452  454  456  457  458  459
  460  461  462  463  464  465  466  467  468  469  470  471  472  473
  474  475  476  477  478  479  480  481  482  483  484  485  486  487
  488  489  491  492  494  496  497  499  502  505  506  507  508  509
  510  511  512  513  501  515  516  517  520  521  522  523  524  525
  526  527  528  530  531  532  536  537  539  541  558 1079  588  591
  803  949 1043 1044 1048  534 1053 1059 1054  651  175  546  455  490
  666 1049]
ids [   8   22   66   77   80   95  110 1064  138  263  273  503  504  518
  519  529  950  543  663  678  680  715  718  720  723  725  758  760
  765  768 1077  409  903  947  952  953  954  955  956  957  958  959
  960  961  962  963  964  965  967  968  969  970  971  972  973  974
  975  976  977  978  979  980   33  982  984 1076  986  987  989  991
  992  994  995 1035  997  998  999 1000 1001 1002 1003 1004 1005 1006
 1007 1008 1009 1010 1011 1012 1013 1014 1015 1016 1017 1018 1019 1020
 1021 1022 1023 1024 1025 1026 1027 1029 1031 1032 1034 1036 1037 1039
 1041 1042 1045 1046 1047 1050 1051 1052 1081 1055 1056 1057 1058 1060
 1061 1062 1063 1065 1066 1067 1068 1069 1070  810 1072  514  951   36
  966   51]
ids [  6 102 107 108 112 117 118 123 133 183 228 103 310 313 315 320 353 355
 358 360 363 365 400 403 411 438 128 542 654 547 548 549 550 551 552 553
 554 555 556 557 559 560 562 563 564 565 566 567 568 569 570 571 572 573
 574 575 576 577 579 581 582 584 586 587 589 592 593 594 595 596 597 598
 599 600 601 602 603 604 605 606 607 608 609 610 611 612 613 614 615 616
 617 618 619 620 621 622 624 626 627 629 631 632 634 635 636 637 639 640
 641 642 645 646 647 648 650 426 652 653 655 656 657 658 660 661 662 665
 590 667 671 672 676 813 405 561 670 544 669 580 664 275]
ids [   5   48  139  770  238 1075  244  248 1040  258 1028  985  378  533
  677 1038  682  683  684  685  686  687  688  689  690  691  692  694
  695  696  697  698  699  700  701  702  703  704  705  706  707  708
  709  710 1080  712  713  714  716  717  719  721  722  724  726  727
  728  729  730  731  732  733  734  735  736  737  738  739  740  784
  742  743  744  745  746  747  748  749  750  751  752  754  755  756
  757  759  761  762  763  764  766  767  769  772  773 1033  775  776
  777  778 1030  780  781  782  785  254  787  990  790  791  792  793
  795  796  797  921  800  802  805  806  807  811  828  876  801  771
  804  983  988]
ids [ 137  142  143  144  145  146  147  148  149  150  151  152  154  155
  157  158  159  160  161  162  163  164  165  166  167  169  170  679
  172  174  249  176  177  179  180  181  182  184  187  188  189  190
  191  192  193  194  195  196  197  198  199  200  202  203  204  205
  206  207  208  209  210  211  212  214  215  217  218  219  221  222
  224  201  226  227  229  232  233  235  236  237  240  241  242  243
  245 1073  247  250  251  252  253  231  255  256  257  260  276  262
  266  267  269  271  306  348 1078  393  396  410  443  445  448  450
  366  186  493  495  500  535  538  540  799  789  794  798  264  808
  809  259  933  216  321  239  234  774  779  788]
ids [127 141 153 156 168 913 379 213 928 171 272 929 277 278 279 280 281 282
 283 284 285 286 287 288 289 290 291 292 293 294 295 296 297 298 299 300
 301 302 303 304 305 307 308 309 311 312 314 316 317 319 261 322 323 324
 325 326 327 328 329 330 331 332 333 334 335 336 337 338 339 340 341 342
 343 344 345 346 347 349 350 351 352 354 356 357 359 361 362 364 246 367
 934 370 371 372 373 374 375 376 377 380 382 383 385 386 387 388 389 390
 391 392 909 395 397 401 402 381 406 453 498 545 578 918 583 585 914 623
 625 628 630 633 943 675]
ids [   1    2    3    4    9   10   11   12   13   14   15   16   17   18
   19   20   21   23   24   25   26   27   28   29   30   31   32  938
   34   35    7   37   39   41   42   44   46   47   49  940  900   52
   53   54   55   56   57   58   59   60   61   62   63   64   65   67
   68   69   70   71   72   73   74   75   76   78   79   81   83   85
   86   88   40   90   91   93   96   97   98   99  100  101  125  104
  105  106  109  111  113  114  115  116  119  120  121  124  126  993
  130  131  132  135  136  895  638  643  644  649  905  659  996  893
  674  898  850  981 1071]
18:53:13-INFO: Step 84
18:53:13-DEBUG: Reaction systems: [[None]
 [0]]
18:53:13-DEBUG: rxn_pairs: [array([1, 2])]
18:53:13-DEBUG: Starting total colors: 5
18:53:13-DEBUG: Number of systems: 2
18:53:13-DEBUG: New total colors: 5
18:53:13-DEBUG: Potential energy for color 0: 4919.894553693262
ebond 84 3.86315051528152
18:53:13-DEBUG: Potential energy for color 1: 4942.799516566756
xhy 84 13 1 2
xhy 84 13 1 2
xhy 84 13 1 2
xhy 84 13 1 2
xhy 84 13 1 2
h_pos [ 7.94376264  9.37649131 10.51879152] x_pos [ 8.29270411 10.21469387 10.41373858] y_pos [ 6.83703913  8.52903189 10.46106954]
h_pos [ 7.94376264  9.37649131 10.51879152] x_pos [ 8.29270411 10.21469387 10.41373858] y_pos [ 6.83703913  8.52903189 10.46106954]
h_pos [ 7.94376264  9.37649131 10.51879152] x_pos [ 8.29270411 10.21469387 10.41373858] y_pos [ 6.83703913  8.52903189 10.46106954]
84 rHY 1.3951187164395102 rHX 0.9139911336623702 0.4811275827771401
84 rHY 1.3951187164395102 rHX 0.9139911336623702 0.4811275827771401
h_pos [ 7.94376264  9.37649131 10.51879152] x_pos [ 8.29270411 10.21469387 10.41373858] y_pos [ 6.83703913  8.52903189 10.46106954]
h_pos [ 7.94376264  9.37649131 10.51879152] x_pos [ 8.29270411 10.21469387 10.41373858] y_pos [ 6.83703913  8.52903189 10.46106954]
84 rHY 1.3951187164395102 rHX 0.9139911336623702 0.4811275827771401
84 rHY 1.3951187164395102 rHX 0.9139911336623702 0.4811275827771401
84 rHY 1.3951187164395102 rHX 0.9139911336623702 0.4811275827771401
84 cpl_forces h [ 1.69323532  2.19680673 -0.10600469]
84 cpl_forces h [ 1.69323532  2.19680673 -0.10600469]
84 cpl_forces h [ 1.69323532  2.19680673 -0.10600469]
84 cpl_forces x [-0.55013304 -1.32149072  0.16562402]
84 cpl_forces x [-0.55013304 -1.32149072  0.16562402]
84 cpl_forces h [ 1.69323532  2.19680673 -0.10600469]
84 cpl_forces h [ 1.69323532  2.19680673 -0.10600469]
84 cpl_forces x [-0.55013304 -1.32149072  0.16562402]
84 cpl_forces x [-0.55013304 -1.32149072  0.16562402]
84 cpl_forces x [-0.55013304 -1.32149072  0.16562402]
84 cpl_forces y [-1.14310228 -0.87531601 -0.05961933]
84 cpl_forces y [-1.14310228 -0.87531601 -0.05961933]
84 cpl_forces y [-1.14310228 -0.87531601 -0.05961933]
84 cpl_forces y [-1.14310228 -0.87531601 -0.05961933]
84 cpl_forces y [-1.14310228 -0.87531601 -0.05961933]
18:53:13-DEBUG: System matrix: 
18:53:13-DEBUG: [[4.91989455e+03 9.35937585e-02]
 [9.35937585e-02 4.94279952e+03]]
18:53:13-DEBUG: Eigen values: 
18:53:13-DEBUG: [4919.89417126 4942.799899  ]
18:53:13-DEBUG: Occupancies: 
18:53:13-DEBUG: [1. 0.]
18:53:13-INFO: coupling 84 0.09359375846621361
18:53:13-DEBUG: Amplitudes: 
18:53:13-DEBUG: [9.99983304e-01 1.66960154e-05]
18:53:13-INFO: forces0 h [-0.4517984  -2.39740819  0.4192044 ]
18:53:13-INFO: forces0 x [ 1.00691245  2.64777613 -0.22523655]
18:53:13-INFO: forces0 y [-1.13650823 -0.74764351  0.21129845]
18:53:13-INFO: forces1 h [-109.21525398 -237.87188124   27.59704081]
18:53:13-INFO: forces1 x [ 93.89598246 225.76897166 -28.1958916 ]
18:53:13-INFO: forces1 y [14.6287607  11.3621585   0.95038804]
pos h  [ 7.94376264  9.37649131 10.51879152]
pos x  [ 8.29270411 10.21469387 10.41373858]
pos y  [ 6.83703913  8.52903189 10.46106954]
 mixed_cpl_forces: h [-0.01383726 -0.01795249  0.00086628]
 mixed_cpl_forces: x [ 0.00449573  0.01079933 -0.00135349]
 mixed_cpl_forces: y [0.00934153 0.00715316 0.00048721]
18:53:13-INFO: mixed forces h [-0.46745157 -2.41929216  0.42052445]
18:53:13-INFO: mixed forces x [ 1.01295906  2.6623007  -0.22705705]
18:53:13-INFO: mixed forces y [-1.12690349 -0.74028817  0.21179801]
18:53:13-DEBUG: Minimum eigen value: 
18:53:13-DEBUG: 4919.8941712588785
18:53:13-DEBUG: Minimum state: 
18:53:13-DEBUG: 0
        84     4919.8941712589     5059.9615953715     1003.3414349302     4919.8945536933      140.0674241127      0.50737193
ids [   1    2    3    4    9   10   11   12   13   14   15   16   17   18
   19   20   21   23   24   25   26   27   28   29   30   31   32  938
   34   35    7   37   39   41   42   44   46   47   49  940  900   52
   53   54   55   56   57   58   59   60   61   62   63   64   65   67
   68   69   70   71   72   73   74   75   76   78   79   81   83   85
   86   88   40   90   91   93   96   97   98   99  100  101  125  104
  105  106  109  111  113  114  115  116  119  120  121  124  126  993
  130  131  132  135  136  895  638  643  644  649  905  659  996  893
  674  898  850  981 1071  858]
ids [127 141 153 156 168 913 379 213 928 171 272 929 277 278 279 280 281 282
 283 284 285 286 287 288 289 290 291 292 293 294 295 296 297 298 299 300
 301 302 303 304 305 307 308 309 311 312 314 316 317 319 261 322 323 324
 325 326 327 328 329 330 331 332 333 334 335 336 337 338 339 340 341 342
 343 344 345 346 347 349 350 351 352 354 356 357 359 361 362 364 246 367
 934 370 371 372 373 374 375 376 377 380 382 383 385 386 387 388 389 390
 391 392 909 395 397 401 402 381 406 453 498 545 578 918 583 585 914 623
 625 628 630 633 943 675]
ids [815  38 936  43  45  82  84  87  92  94 129 134 274 368  89 384 398 399
 404 668 673 681 693 753 711 783 860 812 816 817 818 819 820 821 822 823
 824 825 826 827 829 830 831 832 833 834 835 836 837 838 839 840 841 842
 843 844 845 847 848 849 851 852 853 854 855 856 857 394 859 861 862 863
 864 865 866 867 868 869 870 871 872 873 874 875 946 877 878 879 880 881
 882 883 884 885 886 887 888 889 890 892 894 896 897 899 901 902 904 906
 907 908 910 911 912 915 916 917 920 924 922 923 925 926 927 948 930 931
 932 846 935 937 939 814 941 942 944 919 369  50 786 891 741 945]
ids [ 122  140  173  178  185  220  223  230  265  268  270  318  407  408
  225  412  413  414  415  416  417  418  419  420  421  422  423  424
  425 1074  427  428  429  430  431  432  433  434  435  436  437  439
  440  441  442  444  446  447  449  451  452  454  456  457  458  459
  460  461  462  463  464  465  466  467  468  469  470  471  472  473
  474  475  476  477  478  479  480  481  482  483  484  485  486  487
  488  489  491  492  494  496  497  499  502  505  506  507  508  509
  510  511  512  513  501  515  516  517  520  521  522  523  524  525
  526  527  528  530  531  532  536  537  539  541  558 1079  588  591
  803  949 1043 1044 1048  534 1053 1059 1054  651  175  546  455  490
  666 1049]
ids [   8   22   66   77   80   95  110 1064  138  263  273  503  504  518
  519  529  950  543  663  678  680  715  718  720  723  725  758  760
  765  768 1077  409  903  947  952  953  954  955  956  957  958  959
  960  961  962  963  964  965  967  968  969  970  971  972  973  974
  975  976  977  978  979  980   33  982  984 1076  986  987  989  991
  992  994  995 1035  997  998  999 1000 1001 1002 1003 1004 1005 1006
 1007 1008 1009 1010 1011 1012 1013 1014 1015 1016 1017 1018 1019 1020
 1021 1022 1023 1024 1025 1026 1027 1029 1031 1032 1034 1036 1037 1039
 1041 1042 1045 1046 1047 1050 1051 1052 1081 1055 1056 1057 1058 1060
 1061 1062 1063 1065 1066 1067 1068 1069 1070  810 1072  514  951   36
  966   51]
ids [  6 102 107 108 112 117 118 123 133 183 228 103 310 313 315 320 353 355
 358 360 363 365 400 403 411 438 128 542 654 547 548 549 550 551 552 553
 554 555 556 557 559 560 562 563 564 565 566 567 568 569 570 571 572 573
 574 575 576 577 579 581 582 584 586 587 589 592 593 594 595 596 597 598
 599 600 601 602 603 604 605 606 607 608 609 610 611 612 613 614 615 616
 617 618 619 620 621 622 624 626 627 629 631 632 634 635 636 637 639 640
 641 642 645 646 647 648 650 426 652 653 655 656 657 658 660 661 662 665
 590 667 671 672 676 813 405 561 670 544 669 580 664 275]
ids [   5   48  139  770  238 1075  244  248 1040  258 1028  985  378  533
  677 1038  682  683  684  685  686  687  688  689  690  691  692  694
  695  696  697  698  699  700  701  702  703  704  705  706  707  708
  709  710 1080  712  713  714  716  717  719  721  722  724  726  727
  728  729  730  731  732  733  734  735  736  737  738  739  740  784
  742  743  744  745  746  747  748  749  750  751  752  754  755  756
  757  759  761  762  763  764  766  767  769  772  773 1033  775  776
  777  778 1030  780  781  782  785  254  787  990  790  791  792  793
  795  796  797  921  800  802  805  806  807  811  828  876  801  771
  804  983  988]
ids [ 137  142  143  144  145  146  147  148  149  150  151  152  154  155
  157  158  159  160  161  162  163  164  165  166  167  169  170  679
  172  174  249  176  177  179  180  181  182  184  187  188  189  190
  191  192  193  194  195  196  197  198  199  200  202  203  204  205
  206  207  208  209  210  211  212  214  215  217  218  219  221  222
  224  201  226  227  229  232  233  235  236  237  240  241  242  243
  245 1073  247  250  251  252  253  231  255  256  257  260  276  262
  266  267  269  271  306  348 1078  393  396  410  443  445  448  450
  366  186  493  495  500  535  538  540  799  789  794  798  264  808
  809  259  933  216  321  239  234  774  779  788]
18:53:13-INFO: Step 85
18:53:13-DEBUG: Reaction systems: [[None]
 [0]]
18:53:13-DEBUG: rxn_pairs: [array([1, 2])]
18:53:13-DEBUG: Starting total colors: 5
18:53:13-DEBUG: Number of systems: 2
18:53:13-DEBUG: New total colors: 5
18:53:13-DEBUG: Potential energy for color 0: 4915.710482332559
ebond 85 3.9339531372374075
18:53:13-DEBUG: Potential energy for color 1: 4936.540214330949
xhy 85 13 1 2
xhy 85 13 1 2
xhy 85 13 1 2
xhy 85 13 1 2
xhy 85 13 1 2
h_pos [ 7.97172892  9.35061591 10.52887074] x_pos [ 8.29296877 10.20860318 10.41332234] y_pos [ 6.84309563  8.52699556 10.46077988]
85 rHY 1.3988566599276928 rHX 0.9234114045107279 0.4754452554169649
h_pos [ 7.97172892  9.35061591 10.52887074] x_pos [ 8.29296877 10.20860318 10.41332234] y_pos [ 6.84309563  8.52699556 10.46077988]
h_pos [ 7.97172892  9.35061591 10.52887074] x_pos [ 8.29296877 10.20860318 10.41332234] y_pos [ 6.84309563  8.52699556 10.46077988]
h_pos [ 7.97172892  9.35061591 10.52887074] x_pos [ 8.29296877 10.20860318 10.41332234] y_pos [ 6.84309563  8.52699556 10.46077988]
85 rHY 1.3988566599276928 rHX 0.9234114045107279 0.4754452554169649
h_pos [ 7.97172892  9.35061591 10.52887074] x_pos [ 8.29296877 10.20860318 10.41332234] y_pos [ 6.84309563  8.52699556 10.46077988]
85 rHY 1.3988566599276928 rHX 0.9234114045107279 0.4754452554169649
85 rHY 1.3988566599276928 rHX 0.9234114045107279 0.4754452554169649
85 rHY 1.3988566599276928 rHX 0.9234114045107279 0.4754452554169649
85 cpl_forces h [ 1.7936603   2.35786776 -0.11876245]
85 cpl_forces h [ 1.7936603   2.35786776 -0.11876245]
85 cpl_forces h [ 1.7936603   2.35786776 -0.11876245]
85 cpl_forces x [-0.54038303 -1.44328843  0.19437314]
85 cpl_forces h [ 1.7936603   2.35786776 -0.11876245]
85 cpl_forces h [ 1.7936603   2.35786776 -0.11876245]
85 cpl_forces x [-0.54038303 -1.44328843  0.19437314]
85 cpl_forces x [-0.54038303 -1.44328843  0.19437314]
85 cpl_forces x [-0.54038303 -1.44328843  0.19437314]
85 cpl_forces x [-0.54038303 -1.44328843  0.19437314]
85 cpl_forces y [-1.25327727 -0.91457933 -0.07561069]
85 cpl_forces y [-1.25327727 -0.91457933 -0.07561069]
85 cpl_forces y [-1.25327727 -0.91457933 -0.07561069]
85 cpl_forces y [-1.25327727 -0.91457933 -0.07561069]
85 cpl_forces y [-1.25327727 -0.91457933 -0.07561069]
18:53:13-DEBUG: System matrix: 
18:53:13-DEBUG: [[4.91571048e+03 1.02097951e-01]
 [1.02097951e-01 4.93654021e+03]]
18:53:13-DEBUG: Eigen values: 
18:53:13-DEBUG: [4915.70998191 4936.54071476]
18:53:13-DEBUG: Occupancies: 
18:53:13-DEBUG: [1. 0.]
18:53:13-INFO: coupling 85 0.10209795120066158
18:53:13-DEBUG: Amplitudes: 
18:53:13-DEBUG: [9.99975977e-01 2.40234507e-05]
18:53:13-INFO: forces0 h [-0.20395753 -2.07346984  0.40414157]
18:53:13-INFO: forces0 x [ 0.70809609  2.28348895 -0.1959436 ]
18:53:13-INFO: forces0 y [-1.14878586 -0.61655982  0.21178289]
18:53:13-INFO: forces1 h [ -90.52247072 -211.97246078   26.11211443]
18:53:13-INFO: forces1 x [ 74.75409108 200.11614543 -26.84494994]
18:53:13-INFO: forces1 y [15.00350831 11.17293748  1.10088186]
pos h  [ 7.97172892  9.35061591 10.52887074]
pos x  [ 8.29296877 10.20860318 10.41332234]
pos y  [ 6.84309563  8.52699556 10.46077988]
 mixed_cpl_forces: h [-0.01758258 -0.0231133   0.00116418]
 mixed_cpl_forces: x [ 0.00529717  0.01414802 -0.00190537]
 mixed_cpl_forces: y [0.01228541 0.00896528 0.00074118]
18:53:13-INFO: mixed forces h [-0.22370988 -2.10162563  0.40592335]
18:53:13-INFO: mixed forces x [ 0.7151721   2.30238959 -0.19848917]
18:53:13-INFO: mixed forces y [-1.13611242 -0.60731132  0.21254544]
18:53:13-DEBUG: Minimum eigen value: 
18:53:13-DEBUG: 4915.709981906475
18:53:13-DEBUG: Minimum state: 
18:53:13-DEBUG: 0
        85     4915.7099819065     5059.9606282967     1033.3070052201     4915.7104823326      144.2506463902      0.50273694
ids [   5   48  139  770  238 1075  244  248 1040  258 1028  985  378  533
  677 1038  682  683  684  685  686  687  688  689  690  691  692  694
  695  696  697  698  699  700  701  702  703  704  705  706  707  708
  709  710 1080  712  713  714  716  717  719  721  722  724  726  727
  728  729  730  731  732  733  734  735  736  737  738  739  740  784
  742  743  744  745  746  747  748  749  750  751  752  754  755  756
  757  759  761  762  763  764  766  767  769  772  773 1033  775  776
  777  778 1030  780  781  782  785  254  787  990  790  791  792  793
  795  796  797  921  800  802  805  806  807  811  828  876  801  771
  804  983  988]
ids [   1    2    3    4    9   10   11   12   13   14   15   16   17   18
   19   20   21   23   24   25   26   27   28   29   30   31   32  938
   34   35    7   37   39   41   42   44   46   47   49  940  900   52
   53   54   55   56   57   58   59   60   61   62   63   64   65   67
   68   69   70   71   72   73   74   75   76   78   79   81   83   85
   86   88   40   90   91   93   96   97   98   99  100  101  125  104
  105  106  109  111  113  114  115  116  119  120  121  124  126  993
  130  131  132  135  136  895  638  643  644  649  905  659  996  893
  674  898  850  981 1071  858]
ids [ 137  142  143  144  145  146  147  148  149  150  151  152  154  155
  157  158  159  160  161  162  163  164  165  166  167  169  170  679
  172  174  249  176  177  179  180  181  182  184  187  188  189  190
  191  192  193  194  195  196  197  198  199  200  202  203  204  205
  206  207  208  209  210  211  212  214  215  217  218  219  221  222
  224  201  226  227  229  232  233  235  236  237  240  241  242  243
  245 1073  247  250  251  252  253  231  255  256  257  260  276  262
  266  267  269  271  306  348 1078  393  396  410  443  445  448  450
  366  186  493  495  500  535  538  540  799  789  794  798  264  808
  809  259  933  216  321  239  234  774  779  788]
ids [127 141 153 156 168 913 379 213 928 171 272 929 277 278 279 280 281 282
 283 284 285 286 287 288 289 290 291 292 293 294 295 296 297 298 299 300
 301 302 303 304 305 307 308 309 311 312 314 316 317 319 261 322 323 324
 325 326 327 328 329 330 331 332 333 334 335 336 337 338 339 340 341 342
 343 344 345 346 347 349 350 351 352 354 356 357 359 361 362 364 246 367
 934 370 371 372 373 374 375 376 377 380 382 383 385 386 387 388 389 390
 391 392 909 395 397 401 402 381 406 453 498 545 578 918 583 585 914 623
 625 628 630 633 943 675 394]
ids [815  38 936  43  45  82  84  87  92  94 129 134 274 368  89 384 398 399
 404 668 673 681 693 753 711 783 860 812 816 817 818 819 820 821 822 823
 824 825 826 827 829 830 831 832 833 834 835 836 837 838 839 840 841 842
 843 844 845 847 848 849 851 852 853 854 855 856 857 945 859 861 862 863
 864 865 866 867 868 869 870 871 872 873 874 875 946 877 878 879 880 881
 882 883 884 885 886 887 888 889 890 892 894 896 897 899 901 902 904 906
 907 908 910 911 912 915 916 917 920 924 922 923 925 926 927 948 930 931
 932 846 935 937 939 814 941 942 944 919 369  50 786 891 741]
ids [ 122  140  173  178  185  220  223  230  265  268  270  318  407  408
  225  412  413  414  415  416  417  418  419  420  421  422  423  424
  425 1074  427  428  429  430  431  432  433  434  435  436  437  439
  440  441  442  444  446  447  449  451  452  454  456  457  458  459
  460  461  462  463  464  465  466  467  468  469  470  471  472  473
  474  475  476  477  478  479  480  481  482  483  484  485  486  487
  488  489  491  492  494  496  497  499  502  505  506  507  508  509
  510  511  512  513  501  515  516  517  520  521  522  523  524  525
  526  527  528  530  531  532  536  537  539  541  558 1079  588  591
  803  949 1043 1044 1048  534 1053 1059 1054  651  175  546  455  490
  666 1049]
ids [   8   22   66   77   80   95  110 1064  138  263  273  503  504  518
  519  529  950  543  663  678  680  715  718  720  723  725  758  760
  765  768 1077  409  903  947  952  953  954  955  956  957  958  959
  960  961  962  963  964  965  967  968  969  970  971  972  973  974
  975  976  977  978  979  980   33  982  984 1076  986  987  989  991
  992  994  995 1035  997  998  999 1000 1001 1002 1003 1004 1005 1006
 1007 1008 1009 1010 1011 1012 1013 1014 1015 1016 1017 1018 1019 1020
 1021 1022 1023 1024 1025 1026 1027 1029 1031 1032 1034 1036 1037 1039
 1041 1042 1045 1046 1047 1050 1051 1052 1081 1055 1056 1057 1058 1060
 1061 1062 1063 1065 1066 1067 1068 1069 1070  810 1072  514  951   36
  966   51]
ids [  6 102 107 108 112 117 118 123 133 183 228 103 310 313 315 320 353 355
 358 360 363 365 400 403 411 438 128 542 654 547 548 549 550 551 552 553
 554 555 556 557 559 560 562 563 564 565 566 567 568 569 570 571 572 573
 574 575 576 577 579 581 582 584 586 587 589 592 593 594 595 596 597 598
 599 600 601 602 603 604 605 606 607 608 609 610 611 612 613 614 615 616
 617 618 619 620 621 622 624 626 627 629 631 632 634 635 636 637 639 640
 641 642 645 646 647 648 650 426 652 653 655 656 657 658 660 661 662 665
 590 667 671 672 676 813 405 561 670 544 669 580 664 275]
18:53:13-INFO: Step 86
18:53:13-DEBUG: Reaction systems: [[None]
 [0]]
18:53:13-DEBUG: rxn_pairs: [array([1, 2])]
18:53:13-DEBUG: Starting total colors: 5
18:53:13-DEBUG: Number of systems: 2
18:53:13-DEBUG: New total colors: 5
18:53:13-DEBUG: Potential energy for color 0: 4911.233646800934
ebond 86 4.0116767567466995
18:53:13-DEBUG: Potential energy for color 1: 4929.8702668134465
xhy 86 13 1 2
xhy 86 13 1 2
xhy 86 13 1 2
xhy 86 13 1 2
xhy 86 13 1 2
h_pos [ 7.9996105   9.32393864 10.53910499] x_pos [ 8.29325067 10.20256799 10.41290131] y_pos [ 6.84912469  8.52494455 10.46049533]
h_pos [ 7.9996105   9.32393864 10.53910499] x_pos [ 8.29325067 10.20256799 10.41290131] y_pos [ 6.84912469  8.52494455 10.46049533]
h_pos [ 7.9996105   9.32393864 10.53910499] x_pos [ 8.29325067 10.20256799 10.41290131] y_pos [ 6.84912469  8.52494455 10.46049533]
h_pos [ 7.9996105   9.32393864 10.53910499] x_pos [ 8.29325067 10.20256799 10.41290131] y_pos [ 6.84912469  8.52494455 10.46049533]
h_pos [ 7.9996105   9.32393864 10.53910499] x_pos [ 8.29325067 10.20256799 10.41290131] y_pos [ 6.84912469  8.52494455 10.46049533]
86 rHY 1.4029214639685117 rHX 0.9349553203983535 0.4679661435701582
86 rHY 1.4029214639685117 rHX 0.9349553203983535 0.4679661435701582
86 rHY 1.4029214639685117 rHX 0.9349553203983535 0.4679661435701582
86 rHY 1.4029214639685117 rHX 0.9349553203983535 0.4679661435701582
86 rHY 1.4029214639685117 rHX 0.9349553203983535 0.4679661435701582
86 cpl_forces h [ 1.94121968  2.58332876 -0.13513484]
86 cpl_forces h [ 1.94121968  2.58332876 -0.13513484]
86 cpl_forces h [ 1.94121968  2.58332876 -0.13513484]
86 cpl_forces h [ 1.94121968  2.58332876 -0.13513484]
86 cpl_forces h [ 1.94121968  2.58332876 -0.13513484]
86 cpl_forces x [-0.53757036 -1.60851665  0.2310425 ]
86 cpl_forces x [-0.53757036 -1.60851665  0.2310425 ]
86 cpl_forces x [-0.53757036 -1.60851665  0.2310425 ]
86 cpl_forces x [-0.53757036 -1.60851665  0.2310425 ]
86 cpl_forces x [-0.53757036 -1.60851665  0.2310425 ]
86 cpl_forces y [-1.40364932 -0.97481211 -0.09590766]
86 cpl_forces y [-1.40364932 -0.97481211 -0.09590766]
86 cpl_forces y [-1.40364932 -0.97481211 -0.09590766]
86 cpl_forces y [-1.40364932 -0.97481211 -0.09590766]
86 cpl_forces y [-1.40364932 -0.97481211 -0.09590766]
18:53:13-DEBUG: System matrix: 
18:53:13-DEBUG: [[4.91123365e+03 1.14300018e-01]
 [1.14300018e-01 4.92987027e+03]]
18:53:13-DEBUG: Eigen values: 
18:53:13-DEBUG: [4911.23294582 4929.8709678 ]
18:53:13-DEBUG: Occupancies: 
18:53:13-DEBUG: [1. 0.]
18:53:13-INFO: coupling 86 0.1143000180025783
18:53:13-DEBUG: Amplitudes: 
18:53:13-DEBUG: [9.99962389e-01 3.76105161e-05]
18:53:13-INFO: forces0 h [ 0.04246572 -1.64386156  0.36568331]
18:53:13-INFO: forces0 x [ 0.40853447  1.81369944 -0.14377738]
18:53:13-INFO: forces0 y [-1.15856571 -0.48629141  0.21287334]
18:53:13-INFO: forces1 h [ -73.49978702 -183.71918124   23.74031852]
18:53:13-INFO: forces1 x [ 57.27165766 172.11921199 -24.61152376]
18:53:13-INFO: forces1 y [15.38938443 10.97375791  1.25583032]
pos h  [ 7.9996105   9.32393864 10.53910499]
pos x  [ 8.29325067 10.20256799 10.41290131]
pos y  [ 6.84912469  8.52494455 10.46049533]
 mixed_cpl_forces: h [-0.02380955 -0.03168518  0.00165746]
 mixed_cpl_forces: x [ 0.00659344  0.01972886 -0.00283379]
 mixed_cpl_forces: y [0.01721611 0.01195632 0.00117633]
18:53:13-INFO: mixed forces h [ 0.01589021 -1.68239468  0.36821991]
18:53:13-INFO: mixed forces x [ 0.41726656  1.83983358 -0.14753142]
18:53:13-INFO: mixed forces y [-1.14072722 -0.47390407  0.2140889 ]
18:53:13-DEBUG: Minimum eigen value: 
18:53:13-DEBUG: 4911.232945815309
18:53:13-DEBUG: Minimum state: 
18:53:13-DEBUG: 0
        86     4911.2329458153     5059.9595184054     1065.3692941106     4911.2336468009      148.7265725901      0.50225268
ids [   1    2    3    4    9   10   11   12   13   14   15   16   17   18
   19   20   21   23   24   25   26   27   28   29   30   31   32  938
   34   35    7   37   39   41   42   44   46   47   49  940  900   52
   53   54   55   56   57   58   59   60   61   62   63   64   65   67
   68   69   70   71   72   73   74   75   76   78   79   81   83   85
   86   88   40   90   91   93   96   97   98   99  100  101  125  104
  105  106  109  111  113  114  115  116  119  120  121  124  126  993
  130  131  132  135  136  895  638  643  644  649  905  659  996  893
  674  898  850  981 1071  858]
ids [  6 102 107 108 112 117 118 123 133 183 228 103 310 313 315 320 353 355
 358 360 363 365 400 403 411 438 128 542 654 547 548 549 550 551 552 553
 554 555 556 557 559 560 562 563 564 565 566 567 568 569 570 571 572 573
 574 575 576 577 579 581 582 584 586 587 589 592 593 594 595 596 597 598
 599 600 601 602 603 604 605 606 607 608 609 610 611 612 613 614 615 616
 617 618 619 620 621 622 624 626 627 629 631 632 634 635 636 637 639 640
 641 642 645 646 647 648 650 426 652 653 655 656 657 658 660 661 662 665
 590 667 671 672 676 813 405 561 670 544 669 580 664 275]
ids [ 137  142  143  144  145  146  147  148  149  150  151  152  154  155
  157  158  159  160  161  162  163  164  165  166  167  169  170  679
  172  174  249  176  177  179  180  181  182  184  187  188  189  190
  191  192  193  194  195  196  197  198  199  200  202  203  204  205
  206  207  208  209  210  211  212  214  215  217  218  219  221  222
  224  201  226  227  229  232  233  235  236  237  240  241  242  243
  245 1073  247  250  251  252  253  231  255  256  257  260  276  262
  266  267  269  271  306  348 1078  393  396  410  443  445  448  450
  366  186  493  495  500  535  538  540  799  789  794  798  264  808
  809  259  933  216  321  239  234  774  779  788]
ids [127 141 153 156 168 913 379 213 928 171 272 929 277 278 279 280 281 282
 283 284 285 286 287 288 289 290 291 292 293 294 295 296 297 298 299 300
 301 302 303 304 305 307 308 309 311 312 314 316 317 319 261 322 323 324
 325 326 327 328 329 330 331 332 333 334 335 336 337 338 339 340 341 342
 343 344 345 346 347 349 350 351 352 354 356 357 359 361 362 364 246 367
 934 370 371 372 373 374 375 376 377 380 382 383 385 386 387 388 389 390
 391 392 909 395 397 401 402 381 406 453 498 545 578 918 583 585 914 623
 625 628 630 633 943 675 394]
ids [815  38 936  43  45  82  84  87  92  94 129 134 274 368  89 384 398 399
 404 668 673 681 693 753 711 783 860 812 816 817 818 819 820 821 822 823
 824 825 826 827 829 830 831 832 833 834 835 836 837 838 839 840 841 842
 843 844 845 847 848 849 851 852 853 854 855 856 857 945 859 861 862 863
 864 865 866 867 868 869 870 871 872 873 874 875 946 877 878 879 880 881
 882 883 884 885 886 887 888 889 890 892 894 896 897 899 901 902 904 906
 907 908 910 911 912 915 916 917 920 924 922 923 925 926 927 948 930 931
 932 846 935 937 939 814 941 942 944 919 369  50 786 891 741]
ids [ 122  140  173  178  185  220  223  230  265  268  270  318  407  408
  225  412  413  414  415  416  417  418  419  420  421  422  423  424
  425 1074  427  428  429  430  431  432  433  434  435  436  437  439
  440  441  442  444  446  447  449  451  452  454  456  457  458  459
  460  461  462  463  464  465  466  467  468  469  470  471  472  473
  474  475  476  477  478  479  480  481  482  483  484  485  486  487
  488  489  491  492  494  496  497  499  502  505  506  507  508  509
  510  511  512  513  501  515  516  517  520  521  522  523  524  525
  526  527  528  530  531  532  536  537  539  541  558 1079  588  591
  803  949 1043 1044 1048  534 1053 1059 1054  651  175  546  455  490
  666 1049]
ids [   5   48  139  770  238 1075  244  248 1040  258 1028  985  378  533
  677 1038  682  683  684  685  686  687  688  689  690  691  692  694
  695  696  697  698  699  700  701  702  703  704  705  706  707  708
  709  710 1080  712  713  714  716  717  719  721  722  724  726  727
  728  729  730  731  732  733  734  735  736  737  738  739  740  784
  742  743  744  745  746  747  748  749  750  751  752  754  755  756
  757  759  761  762  763  764  766  767  769  772  773 1033  775  776
  777  778 1030  780  781  782  785  254  787  990  790  791  792  793
  795  796  797  921  800  802  805  806  807  811  828  876  801  771
  804  983  988]
ids [   8   22   66   77   80   95  110 1064  138  263  273  503  504  518
  519  529  950  543  663  678  680  715  718  720  723  725  758  760
  765  768 1077  409  903  947  952  953  954  955  956  957  958  959
  960  961  962  963  964  965  967  968  969  970  971  972  973  974
  975  976  977  978  979  980   33  982  984 1076  986  987  989  991
  992  994  995 1035  997  998  999 1000 1001 1002 1003 1004 1005 1006
 1007 1008 1009 1010 1011 1012 1013 1014 1015 1016 1017 1018 1019 1020
 1021 1022 1023 1024 1025 1026 1027 1029 1031 1032 1034 1036 1037 1039
 1041 1042 1045 1046 1047 1050 1051 1052 1081 1055 1056 1057 1058 1060
 1061 1062 1063 1065 1066 1067 1068 1069 1070  810 1072  514  951   36
  966   51]
18:53:13-INFO: Step 87
18:53:13-DEBUG: Reaction systems: [[None]
 [0]]
18:53:13-DEBUG: rxn_pairs: [array([1, 2])]
18:53:13-DEBUG: Starting total colors: 5
18:53:13-DEBUG: Number of systems: 2
18:53:13-DEBUG: New total colors: 5
18:53:13-DEBUG: Potential energy for color 0: 4906.480501890363
ebond 87 4.10042412893192
18:53:13-DEBUG: Potential energy for color 1: 4922.979284887077
xhy 87 13 1 2
xhy 87 13 1 2
xhy 87 13 1 2
xhy 87 13 1 2
xhy 87 13 1 2
h_pos [ 8.02749946  9.29662047 10.5494798 ] x_pos [ 8.29354262 10.1965771  10.41247674] y_pos [ 6.85512616  8.52288208 10.46021595]
h_pos [ 8.02749946  9.29662047 10.5494798 ] x_pos [ 8.29354262 10.1965771  10.41247674] y_pos [ 6.85512616  8.52288208 10.46021595]
87 rHY 1.407514934095829 rHX 0.9484043118798816 0.45911062221594745
h_pos [ 8.02749946  9.29662047 10.5494798 ] x_pos [ 8.29354262 10.1965771  10.41247674] y_pos [ 6.85512616  8.52288208 10.46021595]
87 rHY 1.407514934095829 rHX 0.9484043118798816 0.45911062221594745
h_pos [ 8.02749946  9.29662047 10.5494798 ] x_pos [ 8.29354262 10.1965771  10.41247674] y_pos [ 6.85512616  8.52288208 10.46021595]
87 rHY 1.407514934095829 rHX 0.9484043118798816 0.45911062221594745
h_pos [ 8.02749946  9.29662047 10.5494798 ] x_pos [ 8.29354262 10.1965771  10.41247674] y_pos [ 6.85512616  8.52288208 10.46021595]
87 rHY 1.407514934095829 rHX 0.9484043118798816 0.45911062221594745
87 rHY 1.407514934095829 rHX 0.9484043118798816 0.45911062221594745
87 cpl_forces h [ 2.13222721  2.8698354  -0.15518283]
87 cpl_forces h [ 2.13222721  2.8698354  -0.15518283]
87 cpl_forces h [ 2.13222721  2.8698354  -0.15518283]
87 cpl_forces x [-0.53717942 -1.81714194  0.27662889]
87 cpl_forces h [ 2.13222721  2.8698354  -0.15518283]
87 cpl_forces h [ 2.13222721  2.8698354  -0.15518283]
87 cpl_forces x [-0.53717942 -1.81714194  0.27662889]
87 cpl_forces x [-0.53717942 -1.81714194  0.27662889]
87 cpl_forces x [-0.53717942 -1.81714194  0.27662889]
87 cpl_forces y [-1.59504779 -1.05269346 -0.12144605]
87 cpl_forces x [-0.53717942 -1.81714194  0.27662889]
87 cpl_forces y [-1.59504779 -1.05269346 -0.12144605]
87 cpl_forces y [-1.59504779 -1.05269346 -0.12144605]
87 cpl_forces y [-1.59504779 -1.05269346 -0.12144605]
87 cpl_forces y [-1.59504779 -1.05269346 -0.12144605]
18:53:13-DEBUG: System matrix: 
18:53:13-DEBUG: [[4.90648050e+03 1.30344728e-01]
 [1.30344728e-01 4.92297928e+03]]
18:53:13-DEBUG: Eigen values: 
18:53:13-DEBUG: [4906.4794722  4922.98031458]
18:53:13-DEBUG: Occupancies: 
18:53:13-DEBUG: [1. 0.]
18:53:13-INFO: coupling 87 0.13034472842238282
18:53:13-DEBUG: Amplitudes: 
18:53:13-DEBUG: [9.99937598e-01 6.24024747e-05]
18:53:13-INFO: forces0 h [ 0.27330399 -1.11794509  0.30272515]
18:53:13-INFO: forces0 x [ 0.12135687  1.247187   -0.06775893]
18:53:13-INFO: forces0 y [-1.16458513 -0.35636997  0.21472174]
18:53:13-INFO: forces1 h [ -59.01551188 -155.57669938   20.82619207]
18:53:13-INFO: forces1 x [ 42.31030905 144.23788371 -21.8405798 ]
18:53:13-INFO: forces1 y [15.79338752 10.76946387  1.41569993]
pos h  [ 8.02749946  9.29662047 10.5494798 ]
pos x  [ 8.29354262 10.1965771  10.41247674]
pos y  [ 6.85512616  8.52288208 10.46021595]
 mixed_cpl_forces: h [-0.03368611 -0.04533925  0.00245166]
 mixed_cpl_forces: x [ 0.00848666  0.02870822 -0.00437034]
 mixed_cpl_forces: y [0.02519945 0.01663103 0.00191867]
18:53:13-INFO: mixed forces h [ 0.23591812 -1.17292295  0.30645753]
18:53:13-INFO: mixed forces x [ 0.13247622  1.28481819 -0.07348795]
18:53:13-INFO: mixed forces y [-1.13832746 -0.33904466  0.21671535]
18:53:13-DEBUG: Minimum eigen value: 
18:53:13-DEBUG: 4906.479472196963
18:53:13-DEBUG: Minimum state: 
18:53:13-DEBUG: 0
        87     4906.4794721970     5059.9582834056     1099.4108847579     4906.4805018904      153.4788112087      0.50882879
ids [   1    2    3    4    9   10   11   12   13   14   15   16   17   18
   19   20   21   23   24   25   26   27   28   29   30   31   32  938
   34   35    7   37   39   41   42   44   46   47   49  940  900   52
   53   54   55   56   57   58   59   60   61   62   63   64   65   67
   68   69   70   71   72   73   74   75   76   78   79   81   83   85
   86   88   40   90   91   93   96   97   98   99  100  101  125  104
  105  106  109  111  113  114  115  116  119  120  121  124  126  993
  130  131  132  135  136  895  638  643  644  649  905  659  996  893
  674  898  850  981 1071  858]
ids [   8   22   66   77   80   95  110 1064  138  263  273  503  504  518
  519  529  950  543  663  678  680  715  718  720  723  725  758  760
  765  768 1077  409  903  947  952  953  954  955  956  957  958  959
  960  961  962  963  964  965  967  968  969  970  971  972  973  974
  975  976  977  978  979  980   33  982  984 1076  986  987  989  991
  992  994  995 1035  997  998  999 1000 1001 1002 1003 1004 1005 1006
 1007 1008 1009 1010 1011 1012 1013 1014 1015 1016 1017 1018 1019 1020
 1021 1022 1023 1024 1025 1026 1027 1029 1031 1032 1034 1036 1037 1039
 1041 1042 1045 1046 1047 1050 1051 1052 1081 1055 1056 1057 1058 1060
 1061 1062 1063 1065 1066 1067 1068 1069 1070  810 1072  514  951   36
  966   51]
ids [  6 102 107 108 112 117 118 123 133 183 228 103 310 313 315 320 353 355
 358 360 363 365 400 403 411 438 128 542 654 547 548 549 550 551 552 553
 554 555 556 557 559 560 562 563 564 565 566 567 568 569 570 571 572 573
 574 575 576 577 579 581 582 584 586 587 589 592 593 594 595 596 597 598
 599 600 601 602 603 604 605 606 607 608 609 610 611 612 613 614 615 616
 617 618 619 620 621 622 624 626 627 629 631 632 634 635 636 637 639 640
 641 642 645 646 647 648 650 426 652 653 655 656 657 658 660 661 662 665
 590 667 671 672 676 813 405 561 670 544 669 580 664 275]
ids [ 137  142  143  144  145  146  147  148  149  150  151  152  154  155
  157  158  159  160  161  162  163  164  165  166  167  169  170  679
  172  174  249  176  177  179  180  181  182  184  187  188  189  190
  191  192  193  194  195  196  197  198  199  200  202  203  204  205
  206  207  208  209  210  211  212  214  215  217  218  219  221  222
  224  201  226  227  229  232  233  235  236  237  240  241  242  243
  245 1073  247  250  251  252  253  231  255  256  257  260  276  262
  266  267  269  271  306  348 1078  393  396  410  443  445  448  450
  366  186  493  495  500  535  538  540  799  789  794  798  264  808
  809  259  933  216  321  239  234  774  779  788]
ids [127 141 153 156 168 913 379 213 928 171 272 929 277 278 279 280 281 282
 283 284 285 286 287 288 289 290 291 292 293 294 295 296 297 298 299 300
 301 302 303 304 305 307 308 309 311 312 314 316 317 319 261 322 323 324
 325 326 327 328 329 330 331 332 333 334 335 336 337 338 339 340 341 342
 343 344 345 346 347 349 350 351 352 354 356 357 359 361 362 364 246 367
 934 370 371 372 373 374 375 376 377 380 382 383 385 386 387 388 389 390
 391 392 909 395 397 401 402 381 406 453 498 545 578 918 583 585 914 623
 625 628 630 633 943 675 394]
ids [815  38 936  43  45  82  84  87  92  94 129 134 274 368  89 384 398 399
 404 668 673 681 693 753 711 783 860 812 816 817 818 819 820 821 822 823
 824 825 826 827 829 830 831 832 833 834 835 836 837 838 839 840 841 842
 843 844 845 847 848 849 851 852 853 854 855 856 857 945 859 861 862 863
 864 865 866 867 868 869 870 871 872 873 874 875 946 877 878 879 880 881
 882 883 884 885 886 887 888 889 890 892 894 896 897 899 901 902 904 906
 907 908 910 911 912 915 916 917 920 924 922 923 925 926 927 948 930 931
 932 846 935 937 939 814 941 942 944 919 369  50 786 891 741]
ids [   5   48  139  770  238 1075  244  248 1040  258 1028  985  378  533
  677 1038  682  683  684  685  686  687  688  689  690  691  692  694
  695  696  697  698  699  700  701  702  703  704  705  706  707  708
  709  710 1080  712  713  714  716  717  719  721  722  724  726  727
  728  729  730  731  732  733  734  735  736  737  738  739  740  784
  742  743  744  745  746  747  748  749  750  751  752  754  755  756
  757  759  761  762  763  764  766  767  769  772  773 1033  775  776
  777  778 1030  780  781  782  785  254  787  990  790  791  792  793
  795  796  797  921  800  802  805  806  807  811  828  876  801  771
  804  983  988]
ids [ 122  140  173  178  185  220  223  230  265  268  270  318  407  408
  225  412  413  414  415  416  417  418  419  420  421  422  423  424
  425 1074  427  428  429  430  431  432  433  434  435  436  437  439
  440  441  442  444  446  447  449  451  452  454  456  457  458  459
  460  461  462  463  464  465  466  467  468  469  470  471  472  473
  474  475  476  477  478  479  480  481  482  483  484  485  486  487
  488  489  491  492  494  496  497  499  502  505  506  507  508  509
  510  511  512  513  501  515  516  517  520  521  522  523  524  525
  526  527  528  530  531  532  536  537  539  541  558 1079  588  591
  803  949 1043 1044 1048  534 1053 1059 1054  651  175  546  455  490
  666 1049]
18:53:13-INFO: Step 88
18:53:13-DEBUG: Reaction systems: [[None]
 [0]]
18:53:13-DEBUG: rxn_pairs: [array([1, 2])]
18:53:13-DEBUG: Starting total colors: 5
18:53:13-DEBUG: Number of systems: 2
18:53:13-DEBUG: New total colors: 5
18:53:13-DEBUG: Potential energy for color 0: 4901.469009419991
ebond 88 4.204567744089549
18:53:13-DEBUG: Potential energy for color 1: 4916.011696879932
xhy 88 13 1 2
xhy 88 13 1 2
xhy 88 13 1 2
xhy 88 13 1 2
xhy 88 13 1 2
h_pos [ 8.05548063  9.26885724 10.55997148] x_pos [ 8.29383774 10.19061707 10.41205042] y_pos [ 6.86110007  8.52081136 10.45994178]
h_pos [ 8.05548063  9.26885724 10.55997148] x_pos [ 8.29383774 10.19061707 10.41205042] y_pos [ 6.86110007  8.52081136 10.45994178]
h_pos [ 8.05548063  9.26885724 10.55997148] x_pos [ 8.29383774 10.19061707 10.41205042] y_pos [ 6.86110007  8.52081136 10.45994178]
88 rHY 1.4128423566903767 rHX 0.9635019105349852 0.4493404461553915
h_pos [ 8.05548063  9.26885724 10.55997148] x_pos [ 8.29383774 10.19061707 10.41205042] y_pos [ 6.86110007  8.52081136 10.45994178]
88 rHY 1.4128423566903767 rHX 0.9635019105349852 0.4493404461553915
h_pos [ 8.05548063  9.26885724 10.55997148] x_pos [ 8.29383774 10.19061707 10.41205042] y_pos [ 6.86110007  8.52081136 10.45994178]
88 rHY 1.4128423566903767 rHX 0.9635019105349852 0.4493404461553915
88 rHY 1.4128423566903767 rHX 0.9635019105349852 0.4493404461553915
88 rHY 1.4128423566903767 rHX 0.9635019105349852 0.4493404461553915
88 cpl_forces h [ 2.3605805   3.21035514 -0.1787005 ]
88 cpl_forces h [ 2.3605805   3.21035514 -0.1787005 ]
88 cpl_forces h [ 2.3605805   3.21035514 -0.1787005 ]
88 cpl_forces h [ 2.3605805   3.21035514 -0.1787005 ]
88 cpl_forces x [-0.53440357 -2.06661238  0.33164332]
88 cpl_forces x [-0.53440357 -2.06661238  0.33164332]
88 cpl_forces h [ 2.3605805   3.21035514 -0.1787005 ]
88 cpl_forces x [-0.53440357 -2.06661238  0.33164332]
88 cpl_forces y [-1.82617693 -1.14374277 -0.15294282]
88 cpl_forces x [-0.53440357 -2.06661238  0.33164332]
88 cpl_forces y [-1.82617693 -1.14374277 -0.15294282]
88 cpl_forces y [-1.82617693 -1.14374277 -0.15294282]
88 cpl_forces x [-0.53440357 -2.06661238  0.33164332]
88 cpl_forces y [-1.82617693 -1.14374277 -0.15294282]
88 cpl_forces y [-1.82617693 -1.14374277 -0.15294282]
18:53:13-DEBUG: System matrix: 
18:53:13-DEBUG: [[4.90146901e+03 1.50234037e-01]
 [1.50234037e-01 4.91601170e+03]]
18:53:13-DEBUG: Eigen values: 
18:53:13-DEBUG: [4901.46745758 4916.01324872]
18:53:13-DEBUG: Occupancies: 
18:53:13-DEBUG: [1. 0.]
18:53:13-INFO: coupling 88 0.15023403746418332
18:53:13-DEBUG: Amplitudes: 
18:53:13-DEBUG: [9.99893314e-01 1.06686218e-04]
18:53:13-INFO: forces0 h [ 0.4760809  -0.5075896   0.21508796]
18:53:13-INFO: forces0 x [-0.1418357   0.59554319  0.03214279]
18:53:13-INFO: forces0 y [-1.16576868 -0.22662405  0.21750565]
18:53:13-INFO: forces1 h [ -47.39397609 -129.38335556   17.69888446]
18:53:13-INFO: forces1 x [ 30.18740407 118.30555228 -18.86174941]
18:53:13-INFO: forces1 y [16.22277169 10.56491256  1.58101611]
pos h  [ 8.05548063  9.26885724 10.55997148]
pos x  [ 8.29383774 10.19061707 10.41205042]
pos y  [ 6.86110007  8.52081136 10.45994178]
 mixed_cpl_forces: h [-0.04876181 -0.06631535  0.00369136]
 mixed_cpl_forces: x [ 0.01103902  0.0426894  -0.00685066]
 mixed_cpl_forces: y [0.03772279 0.02362595 0.00315929]
18:53:13-INFO: mixed forces h [ 0.42221201 -0.58765422  0.2206446 ]
18:53:13-INFO: mixed forces x [-0.12756097  0.65079063  0.02327642]
18:53:13-INFO: mixed forces y [-1.12619077 -0.20184678  0.22081041]
18:53:13-DEBUG: Minimum eigen value: 
18:53:13-DEBUG: 4901.467457584549
18:53:13-DEBUG: Minimum state: 
18:53:13-DEBUG: 0
        88     4901.4674575845     5059.9569395892     1135.3036960828     4901.4690094200      158.4894820047      0.51024016
ids [ 122  140  173  178  185  220  223  230  265  268  270  318  407  408
  225  412  413  414  415  416  417  418  419  420  421  422  423  424
  425 1074  427  428  429  430  431  432  433  434  435  436  437  439
  440  441  442  444  446  447  449  451  452  454  456  457  458  459
  460  461  462  463  464  465  466  467  468  469  470  471  472  473
  474  475  476  477  478  479  480  481  482  483  484  485  486  487
  488  489  491  492  494  496  497  499  502  505  506  507  508  509
  510  511  512  513  501  515  516  517  520  521  522  523  524  525
  526  527  528  530  531  532  536  537  539  541  558 1079  588  591
  803  949 1043 1044 1048  534 1053 1059 1054  651  175  546  455  490
  666 1049]
ids [   8   22   66   77   80   95  110 1064  138  263  273  503  504  518
  519  529  950  543  663  678  680  715  718  720  723  725  758  760
  765  768 1077  409  903  947  952  953  954  955  956  957  958  959
  960  961  962  963  964  965  967  968  969  970  971  972  973  974
  975  976  977  978  979  980   33  982  984 1076  986  987  989  991
  992  994  995 1035  997  998  999 1000 1001 1002 1003 1004 1005 1006
 1007 1008 1009 1010 1011 1012 1013 1014 1015 1016 1017 1018 1019 1020
 1021 1022 1023 1024 1025 1026 1027 1029 1031 1032 1034 1036 1037 1039
 1041 1042 1045 1046 1047 1050 1051 1052 1081 1055 1056 1057 1058 1060
 1061 1062 1063 1065 1066 1067 1068 1069 1070  810 1072  514  951   36
  966   51]
ids [  6 102 107 108 112 117 118 123 133 183 228 103 310 313 315 320 353 355
 358 360 363 365 400 403 411 438 128 542 654 547 548 549 550 551 552 553
 554 555 556 557 559 560 562 563 564 565 566 567 568 569 570 571 572 573
 574 575 576 577 579 581 582 584 586 587 589 592 593 594 595 596 597 598
 599 600 601 602 603 604 605 606 607 608 609 610 611 612 613 614 615 616
 617 618 619 620 621 622 624 626 627 629 631 632 634 635 636 637 639 640
 641 642 645 646 647 648 650 426 652 653 655 656 657 658 660 661 662 665
 590 667 671 672 676 813 405 561 670 544 669 580 664 275]
ids [ 137  142  143  144  145  146  147  148  149  150  151  152  154  155
  157  158  159  160  161  162  163  164  165  166  167  169  170  679
  172  174  249  176  177  179  180  181  182  184  187  188  189  190
  191  192  193  194  195  196  197  198  199  200  202  203  204  205
  206  207  208  209  210  211  212  214  215  217  218  219  221  222
  224  201  226  227  229  232  233  235  236  237  240  241  242  243
  245 1073  247  250  251  252  253  231  255  256  257  260  276  262
  266  267  269  271  306  348 1078  393  396  410  443  445  448  450
  366  186  493  495  500  535  538  540  799  789  794  798  264  808
  809  259  933  216  321  239  234  774  779  788]
ids [127 141 153 156 168 913 379 213 928 171 272 929 277 278 279 280 281 282
 283 284 285 286 287 288 289 290 291 292 293 294 295 296 297 298 299 300
 301 302 303 304 305 307 308 309 311 312 314 316 317 319 261 322 323 324
 325 326 327 328 329 330 331 332 333 334 335 336 337 338 339 340 341 342
 343 344 345 346 347 349 350 351 352 354 356 357 359 361 362 364 246 367
 934 370 371 372 373 374 375 376 377 380 382 383 385 386 387 388 389 390
 391 392 909 395 397 401 402 381 406 453 498 545 578 918 583 585 914 623
 625 628 630 633 943 675 394]
ids [815  38 936  43  45  82  84  87  92  94 129 134 274 368  89 384 398 399
 404 668 673 681 693 753 711 783 860 812 816 817 818 819 820 821 822 823
 824 825 826 827 829 830 831 832 833 834 835 836 837 838 839 840 841 842
 843 844 845 847 848 849 851 852 853 854 855 856 857 945 859 861 862 863
 864 865 866 867 868 869 870 871 872 873 874 875 946 877 878 879 880 881
 882 883 884 885 886 887 741 889 890 892 894 896 897 899 901 902 904 906
 907 908 910 911 912 915 916 917 920 924 922 923 925 926 927 948 930 931
 932 846 935 937 939 814 941 942 944 919 369  50 786 891]
ids [   5   48  139  770  238 1075  244  248 1040  258 1028  985  378  533
  677 1038  682  683  684  685  686  687  688  689  690  691  692  694
  695  696  697  698  699  700  701  702  703  704  705  706  707  708
  709  710 1080  712  713  714  716  717  719  721  722  724  726  727
  728  729  730  731  732  733  734  735  736  737  738  739  740  784
  742  743  744  745  746  747  748  749  750  751  752  754  755  756
  757  759  761  762  763  764  766  767  769  772  773 1033  775  776
  777  778 1030  780  781  782  785  254  787  990  790  791  792  793
  795  796  797  921  800  802  805  806  807  811  828  876  801  771
  804  983  988  888]
ids [   1    2    3    4    9   10   11   12   13   14   15   16   17   18
   19   20   21   23   24   25   26   27   28   29   30   31   32  938
   34   35    7   37   39   41   42   44   46   47   49  940  900   52
   53   54   55   56   57   58   59   60   61   62   63   64   65   67
   68   69   70   71   72   73   74   75   76   78   79   81   83   85
   86   88   40   90   91   93   96   97   98   99  100  101  125  104
  105  106  109  111  113  114  115  116  119  120  121  124  126  993
  130  131  132  135  136  895  638  643  644  649  905  659  996  893
  674  898  850  981 1071  858]
18:53:13-INFO: Step 89
18:53:13-DEBUG: Reaction systems: [[None]
 [0]]
18:53:13-DEBUG: rxn_pairs: [array([1, 2])]
18:53:13-DEBUG: Starting total colors: 5
18:53:13-DEBUG: Number of systems: 2
18:53:13-DEBUG: New total colors: 5
18:53:13-DEBUG: Potential energy for color 0: 4896.2182128737695
ebond 89 4.3285529251209205
18:53:13-DEBUG: Potential energy for color 1: 4909.061981582468
xhy 89 13 1 2
xhy 89 13 1 2
xhy 89 13 1 2
xhy 89 13 1 2
xhy 89 13 1 2
h_pos [ 8.08362629  9.24087426 10.57054713] x_pos [ 8.29412974 10.18467254 10.4116247 ] y_pos [ 6.86704664  8.51873569 10.45967293]
h_pos [ 8.08362629  9.24087426 10.57054713] x_pos [ 8.29412974 10.18467254 10.4116247 ] y_pos [ 6.86704664  8.51873569 10.45967293]
89 rHY 1.4190994533859977 rHX 0.9799608300118785 0.43913862337411924
h_pos [ 8.08362629  9.24087426 10.57054713] x_pos [ 8.29412974 10.18467254 10.4116247 ] y_pos [ 6.86704664  8.51873569 10.45967293]
h_pos [ 8.08362629  9.24087426 10.57054713] x_pos [ 8.29412974 10.18467254 10.4116247 ] y_pos [ 6.86704664  8.51873569 10.45967293]
89 rHY 1.4190994533859977 rHX 0.9799608300118785 0.43913862337411924
h_pos [ 8.08362629  9.24087426 10.57054713] x_pos [ 8.29412974 10.18467254 10.4116247 ] y_pos [ 6.86704664  8.51873569 10.45967293]
89 rHY 1.4190994533859977 rHX 0.9799608300118785 0.43913862337411924
89 rHY 1.4190994533859977 rHX 0.9799608300118785 0.43913862337411924
89 rHY 1.4190994533859977 rHX 0.9799608300118785 0.43913862337411924
89 cpl_forces h [ 2.61660565  3.59254708 -0.20511692]
89 cpl_forces x [-0.52426916 -2.35057589  0.3958041 ]
89 cpl_forces h [ 2.61660565  3.59254708 -0.20511692]
89 cpl_forces x [-0.52426916 -2.35057589  0.3958041 ]
89 cpl_forces y [-2.09233649 -1.2419712  -0.19068718]
89 cpl_forces h [ 2.61660565  3.59254708 -0.20511692]
89 cpl_forces x [-0.52426916 -2.35057589  0.3958041 ]
89 cpl_forces y [-2.09233649 -1.2419712  -0.19068718]
89 cpl_forces h [ 2.61660565  3.59254708 -0.20511692]
89 cpl_forces x [-0.52426916 -2.35057589  0.3958041 ]
89 cpl_forces h [ 2.61660565  3.59254708 -0.20511692]
89 cpl_forces x [-0.52426916 -2.35057589  0.3958041 ]
89 cpl_forces y [-2.09233649 -1.2419712  -0.19068718]
89 cpl_forces y [-2.09233649 -1.2419712  -0.19068718]
89 cpl_forces y [-2.09233649 -1.2419712  -0.19068718]
18:53:13-DEBUG: System matrix: 
18:53:13-DEBUG: [[4.89621821e+03 1.73680955e-01]
 [1.73680955e-01 4.90906198e+03]]
18:53:13-DEBUG: Eigen values: 
18:53:13-DEBUG: [4896.21586469 4909.06432977]
18:53:13-DEBUG: Occupancies: 
18:53:13-DEBUG: [1. 0.]
18:53:13-INFO: coupling 89 0.17368095499213354
18:53:13-DEBUG: Amplitudes: 
18:53:13-DEBUG: [9.99817240e-01 1.82760054e-04]
18:53:13-INFO: forces0 h [0.64054829 0.17338491 0.10351575]
18:53:13-INFO: forces0 x [-0.37135116 -0.12733889  0.15503943]
18:53:13-INFO: forces0 y [-1.16139249 -0.09722417  0.2214013 ]
18:53:13-INFO: forces1 h [ -38.54461463 -106.25277035   14.62183663]
18:53:13-INFO: forces1 x [ 20.80558231  95.431175   -15.93896758]
18:53:13-INFO: forces1 y [16.68456914 10.36468616  1.75231985]
pos h  [ 8.08362629  9.24087426 10.57054713]
pos x  [ 8.29412974 10.18467254 10.4116247 ]
pos y  [ 6.86704664  8.51873569 10.45967293]
 mixed_cpl_forces: h [-0.07074068 -0.09712553  0.00554539]
 mixed_cpl_forces: x [ 0.01417377  0.06354849 -0.01070068]
 mixed_cpl_forces: y [0.05656691 0.03357704 0.00515528]
18:53:13-INFO: mixed forces h [0.56264613 0.05680893 0.11171452]
18:53:13-INFO: mixed forces x [-0.3533071  -0.04632613  0.14139741]
18:53:13-INFO: mixed forces y [-1.10156404 -0.06173511  0.22683638]
18:53:13-DEBUG: Minimum eigen value: 
18:53:13-DEBUG: 4896.215864687592
18:53:13-DEBUG: Minimum state: 
18:53:13-DEBUG: 0
        89     4896.2158646876     5059.9555033338     1172.9120103047     4896.2182128738      163.7396386462      0.51516162
ids [   1    2    3    4    9   10   11   12   13   14   15   16   17   18
   19   20   21   23   24   25   26   27   28   29   30   31   32  938
   34   35    7   37   39   41   42   44   46   47   49  940  900   52
   53   54   55   56   57   58   59   60   61   62   63   64   65   67
   68   69   70   71   72   73   74   75   76   78   79   81   83   85
   86   88   40   90   91   93   96   97   98   99  100  101  125  104
  105  106  109  111  113  114  115  116  119  120  121  124  126  993
  130  131  132  135  136  895  638  643  644  649  905  659  996  893
  674  898  850  981 1071  858]
ids [   5   48  139  770  238 1075  244  248 1040  258 1028  985  378  533
  677 1038  682  683  684  685  686  687  688  689  690  691  692  694
  695  696  697  698  699  700  701  702  703  704  705  706  707  708
  709  710 1080  712  713  714  716  717  719  721  722  724  726  727
  728  729  730  731  732  733  734  735  736  737  738  739  740  784
  742  743  744  745  746  747  748  749  750  751  752  754  755  756
  757  759  761  762  763  764  766  767  769  772  773 1033  775  776
  777  778 1030  780  781  782  785  254  787  990  790  791  792  793
  795  796  797  921  800  802  805  806  807  811  828  876  801  771
  804  983  988  888]
ids [ 122  140  173  178  185  220  223  230  265  268  270  318  407  408
  225  412  413  414  415  416  417  418  419  420  421  422  423  424
  425 1074  427  428  429  430  431  432  433  434  435  436  437  439
  440  441  442  444  446  447  449  451  452  454  456  457  458  459
  460  461  462  463  464  465  466  467  468  469  470  471  472  473
  474  475  476  477  478  479  480  481  482  483  484  485  486  487
  488  489  491  492  494  496  497  499  502  505  506  507  508  509
  510  511  512  513  501  515  516  517  520  521  522  523  524  525
  526  527  528  530  531  532  536  537  539  541  558 1079  588  591
  803  949 1043 1044 1048  534 1053 1059 1054  651  175  546  455  490
  666 1049]
ids [   8   22   66   77   80   95  110 1064  138  263  273  503  504  518
  519  529  950  543  663  678  680  715  718  720  723  725  758  760
  765  768 1077  409  903  947  952  953  954  955  956  957  958  959
  960  961  962  963  964  965  967  968  969  970  971  972  973  974
  975  976  977  978  979  980   33  982  984 1076  986  987  989  991
  992  994  995 1035  997  998  999 1000 1001 1002 1003 1004 1005 1006
 1007 1008 1009 1010 1011 1012 1013 1014 1015 1016 1017 1018 1019 1020
 1021 1022 1023 1024 1025 1026 1027 1029 1031 1032 1034 1036 1037 1039
 1041 1042 1045 1046 1047 1050 1051 1052 1081 1055 1056 1057 1058 1060
 1061 1062 1063 1065 1066 1067 1068 1069 1070  810 1072  514  951   36
  966   51]
ids [  6 102 107 108 112 117 118 123 133 183 228 103 310 313 315 320 353 355
 358 360 363 365 400 403 411 438 128 542 654 547 548 549 550 551 552 553
 554 555 556 557 559 560 562 563 564 565 566 567 568 569 570 571 572 573
 574 575 576 577 579 581 582 584 586 587 589 592 593 594 595 596 597 598
 599 600 601 602 603 604 605 606 607 608 609 610 611 612 613 614 615 616
 617 618 619 620 621 622 624 626 627 629 631 632 634 635 636 637 639 640
 641 642 645 646 647 648 650 426 652 653 655 656 657 658 660 661 662 665
 590 667 671 672 676 813 405 561 670 544 669 580 664 275]
ids [ 137  142  143  144  145  146  147  148  149  150  151  152  154  155
  157  158  159  160  161  162  163  164  165  166  167  169  170  679
  172  174  249  176  177  179  180  181  182  184  187  188  189  190
  191  192  193  194  195  196  197  198  199  200  202  203  204  205
  206  207  208  209  210  211  212  214  215  217  218  219  221  222
  224  201  226  227  229  232  233  235  236  237  240  241  242  243
  245 1073  247  250  251  252  253  231  255  256  257  260  276  262
  266  267  269  271  306  348 1078  393  396  410  443  445  448  450
  366  186  493  495  500  535  538  540  799  789  794  798  264  808
  809  259  933  216  321  239  234  774  779  788]
ids [127 141 153 156 168 913 379 213 928 171 272 929 277 278 279 280 281 282
 283 284 285 286 287 288 289 290 291 292 293 294 295 296 297 298 299 300
 301 302 303 304 305 307 308 309 311 312 314 316 317 319 261 322 323 324
 325 326 327 328 329 330 331 332 333 334 335 336 337 338 339 340 341 342
 343 344 345 346 347 349 350 351 352 354 356 357 359 361 362 364 246 367
 934 370 371 372 373 374 375 376 377 380 382 383 385 386 387 388 389 390
 391 392 909 395 397 401 402 381 406 453 498 545 578 918 583 585 914 623
 625 628 630 633 943 675 394]
ids [815  38 936  43  45  82  84  87  92  94 129 134 274 368  89 384 398 399
 404 668 673 681 693 753 711 783 860 812 816 817 818 819 820 821 822 823
 824 825 826 827 829 830 831 832 833 834 835 836 837 838 839 840 841 842
 843 844 845 847 848 849 851 852 853 854 855 856 857 945 859 861 862 863
 864 865 866 867 868 869 870 871 872 873 874 875 946 877 878 879 880 881
 882 883 884 885 886 887 741 889 890 892 894 896 897 899 901 902 904 906
 907 908 910 911 912 915 916 917 920 924 922 923 925 926 927 948 930 931
 932 846 935 937 939 814 941 942 944 919 369  50 786 891]
18:53:13-INFO: Step 90
18:53:13-DEBUG: Reaction systems: [[None]
 [0]]
18:53:13-DEBUG: rxn_pairs: [array([1, 2])]
18:53:13-DEBUG: Starting total colors: 5
18:53:13-DEBUG: Number of systems: 2
18:53:13-DEBUG: New total colors: 5
18:53:13-DEBUG: Potential energy for color 0: 4890.747827819439
ebond 90 4.47670746321095
18:53:13-DEBUG: Potential energy for color 1: 4902.180739814159
xhy 90 13 1 2
xhy 90 13 1 2
xhy 90 13 1 2
xhy 90 13 1 2
xhy 90 13 1 2
h_pos [ 8.11199154  9.21291996 10.58116496] x_pos [ 8.29441317 10.17872657 10.41120245] y_pos [ 6.87296639  8.51665839 10.45940952]
h_pos [ 8.11199154  9.21291996 10.58116496] x_pos [ 8.29441317 10.17872657 10.41120245] y_pos [ 6.87296639  8.51665839 10.45940952]
90 rHY 1.426459910647977 rHX 0.9974704615525939 0.42898944909538306
h_pos [ 8.11199154  9.21291996 10.58116496] x_pos [ 8.29441317 10.17872657 10.41120245] y_pos [ 6.87296639  8.51665839 10.45940952]
90 rHY 1.426459910647977 rHX 0.9974704615525939 0.42898944909538306
h_pos [ 8.11199154  9.21291996 10.58116496] x_pos [ 8.29441317 10.17872657 10.41120245] y_pos [ 6.87296639  8.51665839 10.45940952]
90 rHY 1.426459910647977 rHX 0.9974704615525939 0.42898944909538306
h_pos [ 8.11199154  9.21291996 10.58116496] x_pos [ 8.29441317 10.17872657 10.41120245] y_pos [ 6.87296639  8.51665839 10.45940952]
90 rHY 1.426459910647977 rHX 0.9974704615525939 0.42898944909538306
90 rHY 1.426459910647977 rHX 0.9974704615525939 0.42898944909538306
90 cpl_forces h [ 2.88652783  3.99798574 -0.23344698]
90 cpl_forces h [ 2.88652783  3.99798574 -0.23344698]
90 cpl_forces h [ 2.88652783  3.99798574 -0.23344698]
90 cpl_forces x [-0.50205197 -2.65804611  0.46776258]
90 cpl_forces h [ 2.88652783  3.99798574 -0.23344698]
90 cpl_forces x [-0.50205197 -2.65804611  0.46776258]
90 cpl_forces h [ 2.88652783  3.99798574 -0.23344698]
90 cpl_forces x [-0.50205197 -2.65804611  0.46776258]
90 cpl_forces x [-0.50205197 -2.65804611  0.46776258]
90 cpl_forces x [-0.50205197 -2.65804611  0.46776258]
90 cpl_forces y [-2.38447586 -1.33993963 -0.23431559]
90 cpl_forces y [-2.38447586 -1.33993963 -0.23431559]
90 cpl_forces y [-2.38447586 -1.33993963 -0.23431559]
90 cpl_forces y [-2.38447586 -1.33993963 -0.23431559]
90 cpl_forces y [-2.38447586 -1.33993963 -0.23431559]
18:53:13-DEBUG: System matrix: 
18:53:13-DEBUG: [[4.89074783e+03 1.99975039e-01]
 [1.99975039e-01 4.90218074e+03]]
18:53:13-DEBUG: Eigen values: 
18:53:13-DEBUG: [4890.74433109 4902.18423654]
18:53:13-DEBUG: Occupancies: 
18:53:13-DEBUG: [1. 0.]
18:53:13-INFO: coupling 90 0.1999750390057255
18:53:13-DEBUG: Amplitudes: 
18:53:13-DEBUG: [9.99694339e-01 3.05660611e-04]
18:53:13-INFO: forces0 h [ 0.75905019  0.90976764 -0.03036586]
18:53:13-INFO: forces0 x [-0.55963881 -0.90582721  0.29919545]
18:53:13-INFO: forces0 y [-1.15122157  0.03132002  0.2265519 ]
18:53:13-INFO: forces1 h [-32.12679072 -86.6502795   11.7726898 ]
18:53:13-INFO: forces1 x [ 13.81806809  76.07592464 -13.25032048]
18:53:13-INFO: forces1 y [17.18510188 10.17287816  1.93010533]
pos h  [ 8.11199154  9.21291996 10.58116496]
pos x  [ 8.29441317 10.17872657 10.41120245]
pos y  [ 6.87296639  8.51665839 10.45940952]
 mixed_cpl_forces: h [-0.10091578 -0.13977342  0.00816153]
 mixed_cpl_forces: x [ 0.01755222  0.09292784 -0.01635343]
 mixed_cpl_forces: y [0.08336357 0.04684558 0.0081919 ]
18:53:13-INFO: mixed forces h [ 0.6480825   0.74323056 -0.0185966 ]
18:53:13-INFO: mixed forces x [-0.53769189 -0.78936908  0.27870047]
18:53:13-INFO: mixed forces y [-1.06225331  0.08126548  0.23526451]
18:53:13-DEBUG: Minimum eigen value: 
18:53:13-DEBUG: 4890.7443310909475
18:53:13-DEBUG: Minimum state: 
18:53:13-DEBUG: 0
        90     4890.7443310909     5059.9539963129     1212.0953132634     4890.7478278194      169.2096652220      0.51761561
ids [   1    2    3    4    9   10   11   12   13   14   15   16   17   18
   19   20   21   23   24   25   26   27   28   29   30   31   32  938
   34   35    7   37   39   41   42   44   46   47   49  940  900   52
   53   54   55   56   57   58   59   60   61   62   63   64   65   67
   68   69   70   71   72   73   74   75   76   78   79   81   83   85
   86   88   40   90   91   93   96   97   98   99  100  101  125  104
  105  106  109  111  113  114  115  116  119  120  121  124  126  993
  130  131  132  135  136  895  638  643  644  649  905  659  996  893
  674  898  850  981 1071  858  664]
ids [815  38 936  43  45  82  84  87  92  94 129 134 274 368  89 384 398 399
 404 668 673 681 693 753 711 783 860 812 816 817 818 819 820 821 822 823
 824 825 826 827 829 830 831 832 833 834 835 836 837 838 839 840 841 842
 843 844 845 847 848 849 851 852 853 854 855 856 857 945 859 861 862 863
 864 865 866 867 868 869 870 871 872 873 874 875 946 877 878 879 880 881
 882 883 884 885 886 887 741 889 890 892 894 896 897 899 901 902 904 906
 907 908 910 911 912 915 916 917 920 924 922 923 925 926 927 948 930 931
 932 846 935 937 939 814 941 942 944 919 369  50 786 891]
ids [   5   48  139  770  238 1075  244  248 1040  258 1028  985  378  533
  677 1038  682  683  684  685  686  687  688  689  690  691  692  694
  695  696  697  698  699  700  701  702  703  704  705  706  707  708
  709  710 1080  712  713  714  716  717  719  721  722  724  726  727
  728  729  730  731  732  733  734  735  736  737  738  739  740  784
  742  743  744  745  746  747  748  749  750  751  752  754  755  756
  757  759  761  762  763  764  766  767  769  772  773 1033  775  776
  777  778 1030  780  781  782  785  254  787  990  790  791  792  793
  795  796  797  921  800  802  805  806  807  811  828  876  801  771
  804  983  988  888]
ids [ 122  140  173  178  185  220  223  230  265  268  270  318  407  408
  225  412  413  414  415  416  417  418  419  420  421  422  423  424
  425 1074  427  428  429  430  431  432  433  434  435  436  437  439
  440  441  442  444  446  447  449  451  452  454  456  457  458  459
  460  461  462  463  464  465  466  467  468  469  470  471  472  473
  474  475  476  477  478  479  480  481  482  483  484  485  486  487
  488  489  491  492  494  496  497  499  502  505  506  507  508  509
  510  511  512  513  501  515  516  517  520  521  522  523  524  525
  526  527  528  530  531  532  536  537  539  541  558 1079  588  591
  803  949 1043 1044 1048  534 1053 1059 1054  651  175  546  455  490
  666 1049]
ids [   8   22   66   77   80   95  110 1064  138  263  273  503  504  518
  519  529  950  543  663  678  680  715  718  720  723  725  758  760
  765  768 1077  409  903  947  952  953  954  955  956  957  958  959
  960  961  962  963  964  965  967  968  969  970  971  972  973  974
  975  976  977  978  979  980   33  982  984 1076  986  987  989  991
  992  994  995 1035  997  998  999 1000 1001 1002 1003 1004 1005 1006
 1007 1008 1009 1010 1011 1012 1013 1014 1015 1016 1017 1018 1019 1020
 1021 1022 1023 1024 1025 1026 1027 1029 1031 1032 1034 1036 1037 1039
 1041 1042 1045 1046 1047 1050 1051 1052 1081 1055 1056 1057 1058 1060
 1061 1062 1063 1065 1066 1067 1068 1069 1070  810 1072  514  951   36
  966   51]
ids [  6 102 107 108 112 117 118 123 133 183 228 103 310 313 315 320 353 355
 358 360 363 365 400 403 411 438 128 542 654 547 548 549 550 551 552 553
 554 555 556 557 559 560 562 563 564 565 566 567 568 569 570 571 572 573
 574 575 576 577 579 581 582 584 586 587 589 592 593 594 595 596 597 598
 599 600 601 602 603 604 605 606 607 608 609 610 611 612 613 614 615 616
 617 618 619 620 621 622 624 626 627 629 631 632 634 635 636 637 639 640
 641 642 645 646 647 648 650 426 652 653 655 656 657 658 660 661 662 665
 590 667 671 672 676 813 405 561 670 544 669 580 275]
ids [ 137  142  143  144  145  146  147  148  149  150  151  152  154  155
  157  158  159  160  161  162  163  164  165  166  167  169  170  679
  172  174  249  176  177  179  180  181  182  184  187  188  189  190
  191  192  193  194  195  196  197  198  199  200  202  203  204  205
  206  207  208  209  210  211  212  214  215  217  218  219  221  222
  224  201  226  227  229  232  233  235  236  237  240  241  242  243
  245 1073  247  250  251  252  253  231  255  256  257  260  276  262
  266  267  269  271  306  348 1078  393  396  410  443  445  448  450
  366  186  493  495  500  535  538  540  799  789  794  798  264  808
  809  259  933  216  321  239  234  774  779  788]
ids [127 141 153 156 168 913 379 213 928 171 272 929 277 278 279 280 281 282
 283 284 285 286 287 288 289 290 291 292 293 294 295 296 297 298 299 300
 301 302 303 304 305 307 308 309 311 312 314 316 317 319 261 322 323 324
 325 326 327 328 329 330 331 332 333 334 335 336 337 338 339 340 341 342
 343 344 345 346 347 349 350 351 352 354 356 357 359 361 362 364 246 367
 934 370 371 372 373 374 375 376 377 380 382 383 385 386 387 388 389 390
 391 392 909 395 397 401 402 381 406 453 498 545 578 918 583 585 914 623
 625 628 630 633 943 675 394]
18:53:13-INFO: Step 91
18:53:13-DEBUG: Reaction systems: [[None]
 [0]]
18:53:13-DEBUG: rxn_pairs: [array([1, 2])]
18:53:13-DEBUG: Starting total colors: 5
18:53:13-DEBUG: Number of systems: 2
18:53:13-DEBUG: New total colors: 5
18:53:13-DEBUG: Potential energy for color 0: 4885.077870471316
ebond 91 4.653065750114527
18:53:13-DEBUG: Potential energy for color 1: 4895.386242904903
xhy 91 13 1 2
xhy 91 13 1 2
xhy 91 13 1 2
xhy 91 13 1 2
xhy 91 13 1 2
h_pos [ 8.14061075  9.1852592  10.591775  ] x_pos [ 8.29468358 10.17276113 10.41078701] y_pos [ 6.87886016  8.51458288 10.45915175]
h_pos [ 8.14061075  9.1852592  10.591775  ] x_pos [ 8.29468358 10.17276113 10.41078701] y_pos [ 6.87886016  8.51458288 10.45915175]
91 rHY 1.4350645308130023 rHX 1.0157042633018778 0.41936026751112454
h_pos [ 8.14061075  9.1852592  10.591775  ] x_pos [ 8.29468358 10.17276113 10.41078701] y_pos [ 6.87886016  8.51458288 10.45915175]
91 rHY 1.4350645308130023 rHX 1.0157042633018778 0.41936026751112454
h_pos [ 8.14061075  9.1852592  10.591775  ] x_pos [ 8.29468358 10.17276113 10.41078701] y_pos [ 6.87886016  8.51458288 10.45915175]
91 rHY 1.4350645308130023 rHX 1.0157042633018778 0.41936026751112454
h_pos [ 8.14061075  9.1852592  10.591775  ] x_pos [ 8.29468358 10.17276113 10.41078701] y_pos [ 6.87886016  8.51458288 10.45915175]
91 rHY 1.4350645308130023 rHX 1.0157042633018778 0.41936026751112454
91 rHY 1.4350645308130023 rHX 1.0157042633018778 0.41936026751112454
91 cpl_forces h [ 3.15283584  4.40263995 -0.2623187 ]
91 cpl_forces x [-0.46391164 -2.97335764  0.54495291]
91 cpl_forces h [ 3.15283584  4.40263995 -0.2623187 ]
91 cpl_forces x [-0.46391164 -2.97335764  0.54495291]
91 cpl_forces h [ 3.15283584  4.40263995 -0.2623187 ]
91 cpl_forces x [-0.46391164 -2.97335764  0.54495291]
91 cpl_forces h [ 3.15283584  4.40263995 -0.2623187 ]
91 cpl_forces h [ 3.15283584  4.40263995 -0.2623187 ]
91 cpl_forces y [-2.6889242 -1.4292823 -0.2826342]
91 cpl_forces y [-2.6889242 -1.4292823 -0.2826342]
91 cpl_forces x [-0.46391164 -2.97335764  0.54495291]
91 cpl_forces y [-2.6889242 -1.4292823 -0.2826342]
91 cpl_forces x [-0.46391164 -2.97335764  0.54495291]
91 cpl_forces y [-2.6889242 -1.4292823 -0.2826342]
91 cpl_forces y [-2.6889242 -1.4292823 -0.2826342]
18:53:13-DEBUG: System matrix: 
18:53:13-DEBUG: [[4.88507787e+03 2.27897318e-01]
 [2.27897318e-01 4.89538624e+03]]
18:53:13-DEBUG: Eigen values: 
18:53:13-DEBUG: [4885.07283458 4895.39127879]
18:53:13-DEBUG: Occupancies: 
18:53:13-DEBUG: [1. 0.]
18:53:13-INFO: coupling 91 0.22789731832257856
18:53:13-DEBUG: Amplitudes: 
18:53:13-DEBUG: [9.99511953e-01 4.88047392e-04]
18:53:13-INFO: forces0 h [ 0.82669212  1.6854637  -0.18412271]
18:53:13-INFO: forces0 x [-0.70138637 -1.72311505  0.46213058]
18:53:13-INFO: forces0 y [-1.13558588  0.1582179   0.23303752]
18:53:13-INFO: forces1 h [-27.69583138 -70.56084035   9.24737518]
18:53:13-INFO: forces1 x [  8.77515579  60.22121185 -10.8920594 ]
18:53:13-INFO: forces1 y [17.72952675  9.99297821  2.11474293]
pos h  [ 8.14061075  9.1852592  10.591775  ]
pos x  [ 8.29468358 10.17276113 10.41078701]
pos y  [ 6.87886016  8.51458288 10.45915175]
 mixed_cpl_forces: h [-0.13926961 -0.19447696  0.01158735]
 mixed_cpl_forces: x [ 0.02049228  0.13134155 -0.0240721 ]
 mixed_cpl_forces: y [0.11877733 0.06313541 0.01248475]
18:53:13-INFO: mixed forces h [ 0.67350217  1.45572712 -0.16793234]
18:53:13-INFO: mixed forces x [-0.67626909 -1.56154174  0.4325171 ]
18:53:13-INFO: mixed forces y [-1.00760149  0.22615314  0.24644063]
18:53:13-DEBUG: Minimum eigen value: 
18:53:13-DEBUG: 4885.072834581523
18:53:13-DEBUG: Minimum state: 
18:53:13-DEBUG: 0
        91     4885.0728345815     5059.9524525674     1252.7107424268     4885.0778704713      174.8796179859      0.50379929
ids [ 137  142  143  144  145  146  147  148  149  150  151  152  154  155
  157  158  159  160  161  162  163  164  165  166  167  169  170  679
  172  174  249  176  177  179  180  181  182  184  187  188  189  190
  191  192  193  194  195  196  197  198  199  200  202  203  204  205
  206  207  208  209  210  211  212  214  215  217  218  219  221  222
  224  201  226  227  229  232  233  235  236  237  240  241  242  243
  245 1073  247  250  251  252  253  231  255  256  257  260  276  262
  266  267  269  271  306  348 1078  393  396  410  443  445  448  450
  366  186  493  495  500  535  538  540  799  789  794  798  264  808
  809  259  933  216  321  239  788  774  779]
ids [   1    2    3    4    9   10   11   12   13   14   15   16   17   18
   19   20   21   23   24   25   26   27   28   29   30   31   32  938
   34   35    7   37   39   41   42   44   46   47   49  940  900   52
   53   54   55   56   57   58   59   60   61   62   63   64   65   67
   68   69   70   71   72   73   74   75   76   78   79   81   83   85
   86   88   40   90   91   93   96   97   98   99  100  101  125  104
  105  106  109  111  113  114  115  116  119  120  121  124  126  993
  130  131  132  135  136  895  638  643  644  649  905  659  996  893
  674  898  850  981 1071  858  664]
ids [127 141 153 156 168 913 379 213 928 171 272 929 277 278 279 280 281 282
 283 284 285 286 287 288 289 290 291 292 293 294 295 296 297 298 299 300
 301 302 303 304 305 307 308 309 311 312 314 316 317 319 261 322 323 324
 325 326 327 328 329 330 331 332 333 334 335 336 337 338 339 340 341 342
 343 344 345 346 347 349 350 351 352 354 356 357 359 361 362 364 246 367
 934 370 371 372 373 374 375 376 377 380 382 383 385 386 387 388 389 390
 391 392 909 395 397 401 402 381 406 453 498 545 578 918 583 585 914 623
 625 628 630 633 943 675 394]
ids [815  38 936  43  45  82  84  87  92  94 129 134 274 368  89 384 398 399
 404 668 673 681 693 753 711 783 860 812 816 817 818 819 820 821 822 823
 824 825 826 827 829 830 831 832 833 834 835 836 837 838 839 840 841 842
 843 844 845 847 848 849 851 852 853 854 855 856 857 945 859 861 862 863
 864 865 866 867 868 869 870 871 872 873 874 875 946 877 878 879 880 881
 882 883 884 885 886 887 741 889 890 892 894 896 897 899 901 902 904 906
 907 908 910 911 912 915 916 917 920 924 922 923 925 926 927 948 930 931
 932 846 935 937 939 814 941 942 944 919 369  50 786 891]
ids [   5   48  139  770  238 1075  244  248 1040  258 1028  985  378  533
  677 1038  682  683  684  685  686  687  688  689  690  691  692  694
  695  696  697  698  699  700  701  702  703  704  705  706  707  708
  709  710 1080  712  713  714  716  717  719  721  722  724  726  727
  728  729  730  731  732  733  734  735  736  737  738  739  740  784
  742  743  744  745  746  747  748  749  750  751  752  754  755  756
  757  759  761  762  763  764  766  767  769  772  773 1033  775  776
  777  778 1030  780  781  782  785  254  787  990  790  791  792  793
  795  796  797  921  800  802  805  806  807  811  828  876  801  771
  804  983  988  888  950  234]
ids [ 122  140  173  178  185  220  223  230  265  268  270  318  407  408
  225  412  413  414  415  416  417  418  419  420  421  422  423  424
  425 1074  427  428  429  430  431  432  433  434  435  436  437  439
  440  441  442  444  446  447  449  451  452  454  456  457  458  459
  460  461  462  463  464  465  466  467  468  469  470  471  472  473
  474  475  476  477  478  479  480  481  482  483  484  485  486  487
  488  489  491  492  494  496  497  499  502  505  506  507  508  509
  510  511  512  513  501  515  516  517  520  521  522  523  524  525
  526  527  528  530  531  532  536  537  539  541  558 1079  588  591
  803  949 1043 1044 1048  534 1053 1059 1054  651  175  546  455  490
  666 1049]
ids [   8   22   66   77   80   95  110 1064  138  263  273  503  504  518
  519  529   51  543  663  678  680  715  718  720  723  725  758  760
  765  768 1077  409  903  947  952  953  954  955  956  957  958  959
  960  961  962  963  964  965  967  968  969  970  971  972  973  974
  975  976  977  978  979  980   33  982  984 1076  986  987  989  991
  992  994  995 1035  997  998  999 1000 1001 1002 1003 1004 1005 1006
 1007 1008 1009 1010 1011 1012 1013 1014 1015 1016 1017 1018 1019 1020
 1021 1022 1023 1024 1025 1026 1027 1029 1031 1032 1034 1036 1037 1039
 1041 1042 1045 1046 1047 1050 1051 1052 1081 1055 1056 1057 1058 1060
 1061 1062 1063 1065 1066 1067 1068 1069 1070  810 1072  514  951   36
  966]
ids [  6 102 107 108 112 117 118 123 133 183 228 103 310 313 315 320 353 355
 358 360 363 365 400 403 411 438 128 542 654 547 548 549 550 551 552 553
 554 555 556 557 559 560 562 563 564 565 566 567 568 569 570 571 572 573
 574 575 576 577 579 581 582 584 586 587 589 592 593 594 595 596 597 598
 599 600 601 602 603 604 605 606 607 608 609 610 611 612 613 614 615 616
 617 618 619 620 621 622 624 626 627 629 631 632 634 635 636 637 639 640
 641 642 645 646 647 648 650 426 652 653 655 656 657 658 660 661 662 665
 590 667 671 672 676 813 405 561 670 544 669 580 275]
18:53:13-INFO: Step 92
18:53:13-DEBUG: Reaction systems: [[None]
 [0]]
18:53:13-DEBUG: rxn_pairs: [array([1, 2])]
18:53:13-DEBUG: Starting total colors: 5
18:53:13-DEBUG: Number of systems: 2
18:53:13-DEBUG: New total colors: 5
18:53:13-DEBUG: Potential energy for color 0: 4879.228339652425
ebond 92 4.861216683811526
18:53:13-DEBUG: Potential energy for color 1: 4888.67681848735
xhy 92 13 1 2
xhy 92 13 1 2
xhy 92 13 1 2
xhy 92 13 1 2
xhy 92 13 1 2
h_pos [ 8.16949538  9.15816679 10.60232003] x_pos [ 8.29493764 10.16675747 10.41038211] y_pos [ 6.88472914  8.51251261 10.45889987]
h_pos [ 8.16949538  9.15816679 10.60232003] x_pos [ 8.29493764 10.16675747 10.41038211] y_pos [ 6.88472914  8.51251261 10.45889987]
92 rHY 1.4450131292093955 rHX 1.0343263962583529 0.41068673295104263
h_pos [ 8.16949538  9.15816679 10.60232003] x_pos [ 8.29493764 10.16675747 10.41038211] y_pos [ 6.88472914  8.51251261 10.45889987]
h_pos [ 8.16949538  9.15816679 10.60232003] x_pos [ 8.29493764 10.16675747 10.41038211] y_pos [ 6.88472914  8.51251261 10.45889987]
92 rHY 1.4450131292093955 rHX 1.0343263962583529 0.41068673295104263
h_pos [ 8.16949538  9.15816679 10.60232003] x_pos [ 8.29493764 10.16675747 10.41038211] y_pos [ 6.88472914  8.51251261 10.45889987]
92 rHY 1.4450131292093955 rHX 1.0343263962583529 0.41068673295104263
92 rHY 1.4450131292093955 rHX 1.0343263962583529 0.41068673295104263
92 rHY 1.4450131292093955 rHX 1.0343263962583529 0.41068673295104263
92 cpl_forces h [ 3.39556933  4.77865958 -0.29008095]
92 cpl_forces h [ 3.39556933  4.77865958 -0.29008095]
92 cpl_forces h [ 3.39556933  4.77865958 -0.29008095]
92 cpl_forces h [ 3.39556933  4.77865958 -0.29008095]
92 cpl_forces h [ 3.39556933  4.77865958 -0.29008095]
92 cpl_forces x [-0.40758008 -3.27705744  0.62363416]
92 cpl_forces x [-0.40758008 -3.27705744  0.62363416]
92 cpl_forces x [-0.40758008 -3.27705744  0.62363416]
92 cpl_forces x [-0.40758008 -3.27705744  0.62363416]
92 cpl_forces x [-0.40758008 -3.27705744  0.62363416]
92 cpl_forces y [-2.98798926 -1.50160214 -0.33355321]
92 cpl_forces y [-2.98798926 -1.50160214 -0.33355321]
92 cpl_forces y [-2.98798926 -1.50160214 -0.33355321]
92 cpl_forces y [-2.98798926 -1.50160214 -0.33355321]
92 cpl_forces y [-2.98798926 -1.50160214 -0.33355321]
18:53:13-DEBUG: System matrix: 
18:53:13-DEBUG: [[4.87922834e+03 2.55720802e-01]
 [2.55720802e-01 4.88867682e+03]]
18:53:13-DEBUG: Eigen values: 
18:53:13-DEBUG: [4879.22142369 4888.68373445]
18:53:13-DEBUG: Occupancies: 
18:53:13-DEBUG: [1. 0.]
18:53:13-INFO: coupling 92 0.25572080165785827
18:53:13-DEBUG: Amplitudes: 
18:53:13-DEBUG: [9.99269105e-01 7.30895421e-04]
18:53:13-INFO: forces0 h [ 0.8413111   2.48390481 -0.35460851]
18:53:13-INFO: forces0 x [-0.79350316 -2.56173827  0.64073676]
18:53:13-INFO: forces0 y [-1.11536882  0.28250484  0.24085373]
18:53:13-INFO: forces1 h [-24.8049549  -57.67382913   7.07773833]
18:53:13-INFO: forces1 x [ 5.2265044  47.55348492 -8.89614327]
18:53:13-INFO: forces1 y [18.32146613  9.82787037  2.30639622]
pos h  [ 8.16949538  9.15816679 10.60232003]
pos x  [ 8.29493764 10.16675747 10.41038211]
pos y  [ 6.88472914  8.51251261 10.45889987]
 mixed_cpl_forces: h [-0.18353185 -0.25828842  0.01567899]
 mixed_cpl_forces: x [ 0.02202986  0.17712624 -0.03370767]
 mixed_cpl_forces: y [0.16150199 0.08116218 0.01802868]
18:53:13-INFO: mixed forces h [ 0.63903451  2.18164737 -0.33349725]
18:53:13-INFO: mixed forces x [-0.7670733  -2.34798304  0.60005863]
18:53:13-INFO: mixed forces y [-0.93966053  0.37064368  0.2603921 ]
18:53:13-DEBUG: Minimum eigen value: 
18:53:13-DEBUG: 4879.221423692826
18:53:13-DEBUG: Minimum state: 
18:53:13-DEBUG: 0
        92     4879.2214236928     5059.9509216789     1294.6150398091     4879.2283396524      180.7294979861      0.51715025
ids [   1    2    3    4    9   10   11   12   13   14   15   16   17   18
   19   20   21   23   24   25   26   27   28   29   30   31   32  938
   34   35    7   37   39   41   42   44   46   47   49  940  900   52
   53   54   55   56   57   58   59   60   61   62   63   64   65   67
   68   69   70   71   72   73   74   75   76   78   79   81   83   85
   86   88   40   90   91   93   96   97   98   99  100  101  125  104
  105  106  109  111  113  114  115  116  119  120  121  124  126  993
  130  131  132  135  136  895  638  643  644  649  905  659  996  893
  674  898  850  981 1071  858  664]
ids [  6 102 107 108 112 117 118 123 133 183 228 103 310 313 315 320 353 355
 358 360 363 365 400 403 411 438 128 542 654 547 548 549 550 551 552 553
 554 555 556 557 559 560 562 563 564 565 566 567 568 569 570 571 572 573
 574 575 576 577 579 581 582 584 586 587 589 592 593 594 595 596 597 598
 599 600 601 602 603 604 605 606 607 608 609 610 611 612 613 614 615 616
 617 618 619 620 621 622 624 626 627 629 631 632 634 635 636 637 639 640
 641 642 645 646 647 648 650 426 652 653 655 656 657 658 660 661 662 665
 590 667 671 672 676 813 405 561 670 544 669 580 275]
ids [127 141 153 156 168 913 379 213 928 171 272 929 277 278 279 280 281 282
 283 284 285 286 287 288 289 290 291 292 293 294 295 296 297 298 299 300
 301 302 303 304 305 307 308 309 311 312 314 316 317 319 261 322 323 324
 325 326 327 328 329 330 331 332 333 334 335 336 337 338 339 340 341 342
 343 344 345 346 347 349 350 351 352 354 356 357 359 361 362 364 246 367
 934 370 371 372 373 374 375 376 377 380 382 383 385 386 387 388 389 390
 391 392 909 395 397 401 402 381 406 453 498 545 578 918 583 585 914 623
 625 628 630 633 943 675 394]
ids [815  38 936  43  45  82  84  87  92  94 129 134 274 368  89 384 398 399
 404 668 673 681 693 753 711 783 860 812 816 817 818 819 820 821 822 823
 824 825 826 827 829 830 831 832 833 834 835 836 837 838 839 840 841 842
 843 844 845 847 848 849 851 852 853 854 855 856 857 945 859 861 862 863
 864 865 866 867 868 869 870 871 872 873 874 875 946 877 878 879 880 881
 882 883 884 885 886 887 741 889 890 892 894 896 897 899 901 902 904 906
 907 908 910 911 912 915 916 917 920 924 922 923 925 926 927 948 930 931
 932 846 935 937 939 814 941 942 944 919 369  50 786 891]
ids [   5   48  139  770  238 1075  244  248 1040  258 1028  985  378  533
  677 1038  682  683  684  685  686  687  688  689  690  691  692  694
  695  696  697  698  699  700  701  702  703  704  705  706  707  708
  709  710 1080  712  713  714  716  717  719  721  722  724  726  727
  728  729  730  731  732  733  734  735  736  737  738  739  740  784
  742  743  744  745  746  747  748  749  750  751  752  754  755  756
  757  759  761  762  763  764  766  767  769  772  773 1033  775  776
  777  778 1030  780  781  782  785  254  787  990  790  791  792  793
  795  796  797  921  800  802  805  806  807  811  828  876  801  771
  804  983  988  888  950  234]
ids [ 122  140  173  178  185  220  223  230  265  268  270  318  407  408
  225  412  413  414  415  416  417  418  419  420  421  422  423  424
  425 1074  427  428  429  430  431  432  433  434  435  436  437  439
  440  441  442  444  446  447  449  451  452  454  456  457  458  459
  460  461  462  463  464  465  466  467  468  469  470  471  472  473
  474  475  476  477  478  479  480  481  482  483  484  485  486  487
  488  489  491  492  494  496  497  499  502  505  506  507  508  509
  510  511  512  513  501  515  516  517  520  521  522  523  524  525
  526  527  528  530  531  532  536  537  539  541  558 1079  588  591
  803  949 1043 1044 1048  534 1053 1059 1054  651  175  546  455  490
  666 1049]
ids [   8   22   66   77   80   95  110 1064  138  263  273  503  504  518
  519  529   51  543  663  678  680  715  718  720  723  725  758  760
  765  768 1077  409  903  947  952  953  954  955  956  957  958  959
  960  961  962  963  964  965  967  968  969  970  971  972  973  974
  975  976  977  978  979  980   33  982  984 1076  986  987  989  991
  992  994  995 1035  997  998  999 1000 1001 1002 1003 1004 1005 1006
 1007 1008 1009 1010 1011 1012 1013 1014 1015 1016 1017 1018 1019 1020
 1021 1022 1023 1024 1025 1026 1027 1029 1031 1032 1034 1036 1037 1039
 1041 1042 1045 1046 1047 1050 1051 1052 1081 1055 1056 1057 1058 1060
 1061 1062 1063 1065 1066 1067 1068 1069 1070  810 1072  514  951   36
  966]
ids [ 137  142  143  144  145  146  147  148  149  150  151  152  154  155
  157  158  159  160  161  162  163  164  165  166  167  169  170  679
  172  174  249  176  177  179  180  181  182  184  187  188  189  190
  191  192  193  194  195  196  197  198  199  200  202  203  204  205
  206  207  208  209  210  211  212  214  215  217  218  219  221  222
  224  201  226  227  229  232  233  235  236  237  240  241  242  243
  245 1073  247  250  251  252  253  231  255  256  257  260  276  262
  266  267  269  271  306  348 1078  393  396  410  443  445  448  450
  366  186  493  495  500  535  538  540  799  789  794  798  264  808
  809  259  933  216  321  239  788  774  779]
18:53:13-INFO: Step 93
18:53:13-DEBUG: Reaction systems: [[None]
 [0]]
18:53:13-DEBUG: rxn_pairs: [array([1, 2])]
18:53:13-DEBUG: Starting total colors: 5
18:53:13-DEBUG: Number of systems: 2
18:53:13-DEBUG: New total colors: 5
18:53:13-DEBUG: Potential energy for color 0: 4873.21895950896
ebond 93 5.10418666731034
18:53:13-DEBUG: Potential energy for color 1: 4882.04123661779
xhy 93 13 1 2
xhy 93 13 1 2
xhy 93 13 1 2
xhy 93 13 1 2
xhy 93 13 1 2
h_pos [ 8.19863359  9.13192188 10.61273668] x_pos [ 8.29517317 10.16069653 10.40999182] y_pos [ 6.89057489  8.51045105 10.4586542 ]
h_pos [ 8.19863359  9.13192188 10.61273668] x_pos [ 8.29517317 10.16069653 10.40999182] y_pos [ 6.89057489  8.51045105 10.4586542 ]
h_pos [ 8.19863359  9.13192188 10.61273668] x_pos [ 8.29517317 10.16069653 10.40999182] y_pos [ 6.89057489  8.51045105 10.4586542 ]
h_pos [ 8.19863359  9.13192188 10.61273668] x_pos [ 8.29517317 10.16069653 10.40999182] y_pos [ 6.89057489  8.51045105 10.4586542 ]
h_pos [ 8.19863359  9.13192188 10.61273668] x_pos [ 8.29517317 10.16069653 10.40999182] y_pos [ 6.89057489  8.51045105 10.4586542 ]
93 rHY 1.4563601807951214 rHX 1.0529969886482236 0.40336319214689786
93 rHY 1.4563601807951214 rHX 1.0529969886482236 0.40336319214689786
93 rHY 1.4563601807951214 rHX 1.0529969886482236 0.40336319214689786
93 rHY 1.4563601807951214 rHX 1.0529969886482236 0.40336319214689786
93 rHY 1.4563601807951214 rHX 1.0529969886482236 0.40336319214689786
93 cpl_forces h [ 3.59424983  5.09707283 -0.31496581]
93 cpl_forces h [ 3.59424983  5.09707283 -0.31496581]
93 cpl_forces h [ 3.59424983  5.09707283 -0.31496581]
93 cpl_forces h [ 3.59424983  5.09707283 -0.31496581]
93 cpl_forces h [ 3.59424983  5.09707283 -0.31496581]
93 cpl_forces x [-0.3329024  -3.54757639  0.6991355 ]
93 cpl_forces x [-0.3329024  -3.54757639  0.6991355 ]
93 cpl_forces x [-0.3329024  -3.54757639  0.6991355 ]
93 cpl_forces x [-0.3329024  -3.54757639  0.6991355 ]
93 cpl_forces x [-0.3329024  -3.54757639  0.6991355 ]
93 cpl_forces y [-3.26134743 -1.54949645 -0.3841697 ]
93 cpl_forces y [-3.26134743 -1.54949645 -0.3841697 ]
93 cpl_forces y [-3.26134743 -1.54949645 -0.3841697 ]
93 cpl_forces y [-3.26134743 -1.54949645 -0.3841697 ]
93 cpl_forces y [-3.26134743 -1.54949645 -0.3841697 ]
18:53:13-DEBUG: System matrix: 
18:53:13-DEBUG: [[4.87321896e+03 2.81314673e-01]
 [2.81314673e-01 4.88204124e+03]]
18:53:13-DEBUG: Eigen values: 
18:53:13-DEBUG: [4873.20999837 4882.05019776]
18:53:13-DEBUG: Occupancies: 
18:53:13-DEBUG: [1. 0.]
18:53:13-INFO: coupling 93 0.28131467321337505
18:53:13-DEBUG: Amplitudes: 
18:53:13-DEBUG: [0.99898632 0.00101368]
18:53:13-INFO: forces0 h [ 0.80326586  3.28834376 -0.53807589]
18:53:13-INFO: forces0 x [-0.83501523 -3.40400482  0.83139513]
18:53:13-INFO: forces0 y [-1.09190174  0.40317818  0.24990501]
18:53:13-INFO: forces1 h [-23.06142597 -47.53865349   5.25300129]
18:53:13-INFO: forces1 x [ 2.777525   37.61973113 -7.25162444]
18:53:13-INFO: forces1 y [18.96277644  9.67994504  2.50494468]
pos h  [ 8.19863359  9.13192188 10.61273668]
pos x  [ 8.29517317 10.16069653 10.40999182]
pos y  [ 6.89057489  8.51045105 10.4586542 ]
 mixed_cpl_forces: h [-0.22875394 -0.32440023  0.02004582]
 mixed_cpl_forces: x [ 0.02118738  0.22578344 -0.04449607]
 mixed_cpl_forces: y [0.20756656 0.0986168  0.02445026]
18:53:13-INFO: mixed forces h [ 0.55032075  2.91242118 -0.51215977]
18:53:13-INFO: mixed forces x [-0.81016589 -3.13663642  0.77870546]
18:53:13-INFO: mixed forces y [-0.86400614  0.51119866  0.27664115]
18:53:13-DEBUG: Minimum eigen value: 
18:53:13-DEBUG: 4873.209998370879
18:53:13-DEBUG: Minimum state: 
18:53:13-DEBUG: 0
        93     4873.2099983709     5059.9494612899     1337.6660695390     4873.2189595090      186.7394629190      0.50926856
ids [ 137  142  143  144  145  146  147  148  149  150  151  152  154  155
  157  158  159  160  161  162  163  164  165  166  167  169  170  679
  172  174  249  176  177  179  180  181  182  184  187  188  189  190
  191  192  193  194  195  196  197  198  199  200  202  203  204  205
  206  207  208  209  210  211  212  214  215  217  218  219  221  222
  224  201  226  227  229  232  233  235  236  237  240  241  242  243
  245 1073  247  250  251  252  253  231  255  256  257  260  276  262
  266  267  269  271  306  348 1078  393  396  410  443  445  448  450
  366  186  493  495  500  535  538  540  799  789  794  798  264  808
  809  259  933  216  321  239  788  774  779]
ids [  6 102 107 108 112 117 118 123 133 183 228 103 310 313 315 320 353 355
 358 360 363 365 400 403 411 438 128 542 654 547 548 549 550 551 552 553
 554 555 556 557 559 560 562 563 564 565 566 567 568 569 570 571 572 573
 574 575 576 577 579 581 582 584 586 587 589 592 593 594 595 596 597 598
 599 600 601 602 603 604 605 606 607 608 609 610 611 612 613 614 615 616
 617 618 619 620 621 622 624 626 627 629 631 632 634 635 636 637 639 640
 641 642 645 646 647 648 650 426 652 653 655 656 657 658 660 661 662 665
 590 667 671 672 676 813 405 561 670 544 669 580 275]
ids [127 141 153 156 168 913 379 213 928 171 272 929 277 278 279 280 281 282
 283 284 285 286 287 288 289 290 291 292 293 294 295 296 297 298 299 300
 301 302 303 304 305 307 308 309 311 312 314 316 317 319 261 322 323 324
 325 326 327 328 329 330 331 332 333 334 335 336 337 338 339 340 341 342
 343 344 345 346 347 349 350 351 352 354 356 357 359 361 362 364 246 367
 934 370 371 372 373 374 375 376 377 380 382 383 385 386 387 388 389 390
 391 392 909 395 397 401 402 381 406 453 498 545 578 918 583 585 914 623
 625 628 630 633 943 675 394]
ids [815  38 936  43  45  82  84  87  92  94 129 134 274 368 891 384 398 399
 404 668 673 681 693 753 711 783 860 812 816 817 818 819 820 821 822 823
 824 825 826 827 829 830 831 832 833 834 835 836 837 838 839 840 841 842
 843 844 845 847 848 849 851 852 853 854 855 856 857 945 859 861 862 863
 864 865 866 867 868 869 870 871 872 873 874 875 946 877 878 879 880 881
 882 883 884 885 886 887 741 889 890 892 894 896 897 899 901 902 904 906
 907 908 910 911 912 915 916 917 920 924 922 923 925 926 927 948 930 931
 932 846 935 937 939 814 941 942 944 919 369  50 786   7]
ids [   5   48  139  770  238 1075  244  248 1040  258 1028  985  378  533
  677 1038  682  683  684  685  686  687  688  689  690  691  692  694
  695  696  697  698  699  700  701  702  703  704  705  706  707  708
  709  710 1080  712  713  714  716  717  719  721  722  724  726  727
  728  729  730  731  732  733  734  735  736  737  738  739  740  784
  742  743  744  745  746  747  748  749  750  751  752  754  755  756
  757  759  761  762  763  764  766  767  769  772  773 1033  775  776
  777  778 1030  780  781  782  785  254  787  990  790  791  792  793
  795  796  797  921  800  802  805  806  807  811  828  876  801  771
  804  983  988  888  950  234]
ids [ 122  140  173  178  185  220  223  230  265  268  270  318  407  408
  225  412  413  414  415  416  417  418  419  420  421  422  423  424
  425 1074  427  428  429  430  431  432  433  434  435  436  437  439
  440  441  442  444  446  447  449  451  452  454  456  457  458  459
  460  461  462  463  464  465  466  467  468  469  470  471  472  473
  474  475  476  477  478  479  480  481  482  483  484  485  486  487
  488  489  491  492  494  496  497  499  502  505  506  507  508  509
  510  511  512  513  501  515  516  517  520  521  522  523  524  525
  526  527  528  530  531  532  536  537  539  541  558 1079  588  591
  803  949 1043 1044 1048  534 1053 1059 1054  651  175  546  455  490
  666 1049]
ids [   8   22   66   77   80   95  110 1064  138  263  273  503  504  518
  519  529   51  543  663  678  680  715  718  720  723  725  758  760
  765  768 1077  409  903  947  952  953  954  955  956  957  958  959
  960  961  962  963  964  965  967  968  969  970  971  972  973  974
  975  976  977  978  979  980   33  982  984 1076  986  987  989  991
  992  994  995 1035  997  998  999 1000 1001 1002 1003 1004 1005 1006
 1007 1008 1009 1010 1011 1012 1013 1014 1015 1016 1017 1018 1019 1020
 1021 1022 1023 1024 1025 1026 1027 1029 1031 1032 1034 1036 1037 1039
 1041 1042 1045 1046 1047 1050 1051 1052 1081 1055 1056 1057 1058 1060
 1061 1062 1063 1065 1066 1067 1068 1069 1070  810 1072  514  951   36
  966]
ids [   1    2    3    4    9   10   11   12   13   14   15   16   17   18
   19   20   21   23   24   25   26   27   28   29   30   31   32  938
   34   35  664   37   39   41   42   44   46   47   49  940  900   52
   53   54   55   56   57   58   59   60   61   62   63   64   65   67
   68   69   70   71   72   73   74   75   76   78   79   81   83   85
   86   88   40   90   91   93   96   97   98   99  100  101  125  104
  105  106  109  111  113  114  115  116  119  120  121  124  126  993
  130  131  132  135  136  895  638  643  644  649  905  659  996  893
  674  898  850  981 1071  858   89]
18:53:13-INFO: Step 94
18:53:13-DEBUG: Reaction systems: [[None]
 [0]]
18:53:13-DEBUG: rxn_pairs: [array([1, 2])]
18:53:13-DEBUG: Starting total colors: 5
18:53:13-DEBUG: Number of systems: 2
18:53:13-DEBUG: New total colors: 5
18:53:13-DEBUG: Potential energy for color 0: 4867.068984221424
ebond 94 5.384368526942618
18:53:13-DEBUG: Potential energy for color 1: 4875.466027188573
xhy 94 13 1 2
xhy 94 13 1 2
xhy 94 13 1 2
xhy 94 13 1 2
xhy 94 13 1 2
h_pos [ 8.22799176  9.10680394 10.62295671] x_pos [ 8.29538917 10.15455927 10.40962047] y_pos [ 6.89639915  8.50840157 10.45841511]
94 rHY 1.4691147706059473 rHX 1.0713757470985437 0.39773902350740364
h_pos [ 8.22799176  9.10680394 10.62295671] x_pos [ 8.29538917 10.15455927 10.40962047] y_pos [ 6.89639915  8.50840157 10.45841511]
94 rHY 1.4691147706059473 rHX 1.0713757470985437 0.39773902350740364
h_pos [ 8.22799176  9.10680394 10.62295671] x_pos [ 8.29538917 10.15455927 10.40962047] y_pos [ 6.89639915  8.50840157 10.45841511]
94 rHY 1.4691147706059473 rHX 1.0713757470985437 0.39773902350740364
h_pos [ 8.22799176  9.10680394 10.62295671] x_pos [ 8.29538917 10.15455927 10.40962047] y_pos [ 6.89639915  8.50840157 10.45841511]
94 rHY 1.4691147706059473 rHX 1.0713757470985437 0.39773902350740364
h_pos [ 8.22799176  9.10680394 10.62295671] x_pos [ 8.29538917 10.15455927 10.40962047] y_pos [ 6.89639915  8.50840157 10.45841511]
94 rHY 1.4691147706059473 rHX 1.0713757470985437 0.39773902350740364
94 cpl_forces h [ 3.72997363  5.33069942 -0.33526   ]
94 cpl_forces h [ 3.72997363  5.33069942 -0.33526   ]
94 cpl_forces h [ 3.72997363  5.33069942 -0.33526   ]
94 cpl_forces h [ 3.72997363  5.33069942 -0.33526   ]
94 cpl_forces h [ 3.72997363  5.33069942 -0.33526   ]
94 cpl_forces x [-0.24207484 -3.7632779   0.766251  ]
94 cpl_forces x [-0.24207484 -3.7632779   0.766251  ]
94 cpl_forces x [-0.24207484 -3.7632779   0.766251  ]
94 cpl_forces x [-0.24207484 -3.7632779   0.766251  ]
94 cpl_forces x [-0.24207484 -3.7632779   0.766251  ]
94 cpl_forces y [-3.48789879 -1.56742152 -0.430991  ]
94 cpl_forces y [-3.48789879 -1.56742152 -0.430991  ]
94 cpl_forces y [-3.48789879 -1.56742152 -0.430991  ]
94 cpl_forces y [-3.48789879 -1.56742152 -0.430991  ]
94 cpl_forces y [-3.48789879 -1.56742152 -0.430991  ]
18:53:13-DEBUG: System matrix: 
18:53:13-DEBUG: [[4.86706898e+03 3.02343086e-01]
 [3.02343086e-01 4.87546603e+03]]
18:53:13-DEBUG: Eigen values: 
18:53:13-DEBUG: [4867.05811216 4875.47689925]
18:53:13-DEBUG: Occupancies: 
18:53:13-DEBUG: [1. 0.]
18:53:13-INFO: coupling 94 0.30234308621174233
18:53:13-DEBUG: Amplitudes: 
18:53:13-DEBUG: [0.9987086 0.0012914]
18:53:13-INFO: forces0 h [ 0.71509431  4.08204325 -0.73029406]
18:53:13-INFO: forces0 x [-0.82689977 -4.23231748  1.03008301]
18:53:13-INFO: forces0 y [-1.066785    0.51933249  0.26001494]
18:53:13-INFO: forces1 h [-22.14764805 -39.67378358   3.73887178]
18:53:13-INFO: forces1 x [ 1.11053402 29.93630221 -5.92369946]
18:53:13-INFO: forces1 y [19.65349035  9.55130535  2.70992448]
pos h  [ 8.22799176  9.10680394 10.62295671]
pos x  [ 8.29538917 10.15455927 10.40962047]
pos y  [ 6.89639915  8.50840157 10.45841511]
 mixed_cpl_forces: h [-0.26790836 -0.38288179  0.02408032]
 mixed_cpl_forces: x [ 0.01738722  0.27030047 -0.0550366 ]
 mixed_cpl_forces: y [0.25052114 0.11258131 0.03095628]
18:53:13-INFO: mixed forces h [ 0.4176609   3.642655   -0.70044224]
18:53:13-INFO: mixed forces x [-0.80701054 -3.9178915   0.96606627]
18:53:13-INFO: mixed forces y [-0.7895056   0.64357773  0.29413504]
18:53:13-DEBUG: Minimum eigen value: 
18:53:13-DEBUG: 4867.05811216319
18:53:13-DEBUG: Minimum state: 
18:53:13-DEBUG: 0
        94     4867.0581121632     5059.9481179114     1381.7240973566     4867.0689842214      192.8900057482      0.50428653
ids [   1    2    3    4    9   10   11   12   13   14   15   16   17   18
   19   20   21   23   24   25   26   27   28   29   30   31   32  938
   34   35  664   37   39   41   42   44   46   47   49  940  900   52
   53   54   55   56   57   58   59   60   61   62   63   64   65   67
   68   69   70   71   72   73   74   75   76   78   79   81   83   85
   86   88   40   90   91   93   96   97   98   99  100  101  125  104
  105  106  109  111  113  114  115  116  119  120  121  124  126  993
  130  131  132  135  136  895  638  643  644  649  905  659  996  893
  674  898  850  981 1071  858   89   22]
ids [   8  966   66   77   80   95  110 1064  138  263  273  503  504  518
  519  529   51  543  663  678  680  715  718  720  723  725  758  760
  765  768 1077  409  903  947  952  953  954  955  956  957  958  959
  960  961  962  963  964  965  967  968  969  970  971  972  973  974
  975  976  977  978  979  980   33  982  984 1076  986  987  989  991
  992  994  995 1035  997  998  999 1000 1001 1002 1003 1004 1005 1006
 1007 1008 1009 1010 1011 1012 1013 1014 1015 1016 1017 1018 1019 1020
 1021 1022 1023 1024 1025 1026 1027 1029 1031 1032 1034 1036 1037 1039
 1041 1042 1045 1046 1047 1050 1051 1052 1081 1055 1056 1057 1058 1060
 1061 1062 1063 1065 1066 1067 1068 1069 1070  810 1072  514  951   36]
ids [ 137  142  143  144  145  146  147  148  149  150  151  152  154  155
  157  158  159  160  161  162  163  164  165  166  167  169  170  679
  172  174  249  176  177  179  180  181  182  184  187  188  189  190
  191  192  193  194  195  196  197  198  199  200  202  203  204  205
  206  207  208  209  210  211  212  214  215  217  218  219  221  222
  224  201  226  227  229  232  233  235  236  237  240  241  242  243
  245 1073  247  250  251  252  253  231  255  256  257  260  276  262
  266  267  269  271  306  348 1078  393  396  410  443  445  448  450
  366  186  493  495  500  535  538  540  799  789  794  798  264  808
  809  259  933  216  321  239  788  774  779    5]
ids [  6 102 107 108 112 117 118 123 133 183 228 103 310 313 315 320 353 355
 358 360 363 365 400 403 411 438 128 542 654 547 548 549 550 551 552 553
 554 555 556 557 559 560 562 563 564 565 566 567 568 569 570 571 572 573
 574 575 576 577 579 581 582 584 586 587 589 592 593 594 595 596 597 598
 599 600 601 602 603 604 605 606 607 608 609 610 611 612 613 614 615 616
 617 618 619 620 621 622 624 626 627 629 631 632 634 635 636 637 639 640
 641 642 645 646 647 648 650 426 652 653 655 656 657 658 660 661 662 665
 590 667 671 672 676 813 405 561 670 544 669 580 275]
ids [127 141 153 156 168 913 379 213 928 171 272 929 277 278 279 280 281 282
 283 284 285 286 287 288 289 290 291 292 293 294 295 296 297 298 299 300
 301 302 303 304 305 307 308 309 311 312 314 316 317 319 261 322 323 324
 325 326 327 328 329 330 331 332 333 334 335 336 337 338 339 340 341 342
 343 344 345 346 347 349 350 351 352 354 356 357 359 361 362 364 246 367
 934 370 371 372 373 374 375 376 377 380 382 383 385 386 387 388 389 390
 391 392 909 395 397 401 402 381 406 453 498 545 578 918 583 585 914 623
 625 628 630 633 943 675 394]
ids [815  38 936  43  45  82  84  87  92  94 129 134 274 368 891 384 398 399
 404 668 673 681 693 753 711 783 860 812 816 817 818 819 820 821 822 823
 824 825 826 827 829 830 831 832 833 834 835 836 837 838 839 840 841 842
 843 844 845 847 848 849 851 852 853 854 855 856 857 945 859 861 862 863
 864 865 866 867 868 869 870 871 872 873 874 875 946 877 878 879 880 881
 882 883 884 885 886 887 741 889 890 892 894 896 897 899 901 902 904 906
 907 908 910 911 912 915 916 917 920 924 922 923 925 926 927 948 930 931
 932 846 935 937 939 814 941 942 944 919 369  50 786   7]
ids [ 234   48  139  770  238 1075  244  248 1040  258 1028  985  378  533
  677 1038  682  683  684  685  686  687  688  689  690  691  692  694
  695  696  697  698  699  700  701  702  703  704  705  706  707  708
  709  710 1080  712  713  714  716  717  719  721  722  724  726  727
  728  729  730  731  732  733  734  735  736  737  738  739  740  784
  742  743  744  745  746  747  748  749  750  751  752  754  755  756
  757  759  761  762  763  764  766  767  769  772  773 1033  775  776
  777  778 1030  780  781  782  785  254  787  990  790  791  792  793
  795  796  797  921  800  802  805  806  807  811  828  876  801  771
  804  983  988  888  950]
ids [ 122  140  173  178  185  220  223  230  265  268  270  318  407  408
  225  412  413  414  415  416  417  418  419  420  421  422  423  424
  425 1074  427  428  429  430  431  432  433  434  435  436  437  439
  440  441  442  444  446  447  449  451  452  454  456  457  458  459
  460  461  462  463  464  465  466  467  468  469  470  471  472  473
  474  475  476  477  478  479  480  481  482  483  484  485  486  487
  488  489  491  492  494  496  497  499  502  505  506  507  508  509
  510  511  512  513  501  515  516  517  520  521  522  523  524  525
  526  527  528  530  531  532  536  537  539  541  558 1079  588  591
  803  949 1043 1044 1048  534 1053 1059 1054  651  175  546  455  490
  666 1049]
18:53:13-INFO: Step 95
18:53:13-DEBUG: Reaction systems: [[None]
 [0]]
18:53:13-DEBUG: rxn_pairs: [array([1, 2])]
18:53:13-DEBUG: Starting total colors: 5
18:53:13-DEBUG: Number of systems: 2
18:53:13-DEBUG: New total colors: 5
18:53:13-DEBUG: Potential energy for color 0: 4860.797064426331
ebond 95 5.703501453332016
18:53:13-DEBUG: Potential energy for color 1: 4868.9398496051535
xhy 95 13 1 2
xhy 95 13 1 2
xhy 95 13 1 2
xhy 95 13 1 2
xhy 95 13 1 2
h_pos [ 8.25751803  9.08309006 10.63290833] x_pos [ 8.29558577 10.14832691 10.40927256] y_pos [ 6.90220377  8.50636743 10.45818304]
95 rHY 1.483244638648054 rHX 1.0891242608681313 0.3941203777799227
h_pos [ 8.25751803  9.08309006 10.63290833] x_pos [ 8.29558577 10.14832691 10.40927256] y_pos [ 6.90220377  8.50636743 10.45818304]
h_pos [ 8.25751803  9.08309006 10.63290833] x_pos [ 8.29558577 10.14832691 10.40927256] y_pos [ 6.90220377  8.50636743 10.45818304]
95 rHY 1.483244638648054 rHX 1.0891242608681313 0.3941203777799227
h_pos [ 8.25751803  9.08309006 10.63290833] x_pos [ 8.29558577 10.14832691 10.40927256] y_pos [ 6.90220377  8.50636743 10.45818304]
95 rHY 1.483244638648054 rHX 1.0891242608681313 0.3941203777799227
h_pos [ 8.25751803  9.08309006 10.63290833] x_pos [ 8.29558577 10.14832691 10.40927256] y_pos [ 6.90220377  8.50636743 10.45818304]
95 rHY 1.483244638648054 rHX 1.0891242608681313 0.3941203777799227
95 rHY 1.483244638648054 rHX 1.0891242608681313 0.3941203777799227
95 cpl_forces h [ 3.78721613  5.45662952 -0.34944354]
95 cpl_forces h [ 3.78721613  5.45662952 -0.34944354]
95 cpl_forces h [ 3.78721613  5.45662952 -0.34944354]
95 cpl_forces h [ 3.78721613  5.45662952 -0.34944354]
95 cpl_forces x [-0.13953072 -3.90444137  0.81969824]
95 cpl_forces h [ 3.78721613  5.45662952 -0.34944354]
95 cpl_forces x [-0.13953072 -3.90444137  0.81969824]
95 cpl_forces x [-0.13953072 -3.90444137  0.81969824]
95 cpl_forces x [-0.13953072 -3.90444137  0.81969824]
95 cpl_forces y [-3.64768541 -1.55218816 -0.4702547 ]
95 cpl_forces y [-3.64768541 -1.55218816 -0.4702547 ]
95 cpl_forces x [-0.13953072 -3.90444137  0.81969824]
95 cpl_forces y [-3.64768541 -1.55218816 -0.4702547 ]
95 cpl_forces y [-3.64768541 -1.55218816 -0.4702547 ]
95 cpl_forces y [-3.64768541 -1.55218816 -0.4702547 ]
18:53:13-DEBUG: System matrix: 
18:53:13-DEBUG: [[4.86079706e+03 3.16527384e-01]
 [3.16527384e-01 4.86893985e+03]]
18:53:13-DEBUG: Eigen values: 
18:53:13-DEBUG: [4860.78477887 4868.95213516]
18:53:13-DEBUG: Occupancies: 
18:53:13-DEBUG: [1. 0.]
18:53:13-INFO: coupling 95 0.3165273835820967
18:53:13-DEBUG: Amplitudes: 
18:53:13-DEBUG: [0.99849577 0.00150423]
18:53:13-INFO: forces0 h [ 0.5811047   4.8484015  -0.92666762]
18:53:13-INFO: forces0 x [-0.77188321 -5.0294032   1.23246829]
18:53:13-INFO: forces0 y [-1.04167718  0.63026501  0.27095024]
18:53:13-INFO: forces1 h [-21.82074727 -33.63105617   2.49168025]
18:53:13-INFO: forces1 x [-1.57778434e-02  2.40529592e+01 -4.86781547e+00]
18:53:13-INFO: forces1 y [20.39193674  9.44402745  2.92049732]
pos h  [ 8.25751803  9.08309006 10.63290833]
pos x  [ 8.29558577 10.14832691 10.40927256]
pos y  [ 6.90220377  8.50636743 10.45818304]
 mixed_cpl_forces: h [-0.2935485  -0.42294535  0.0270855 ]
 mixed_cpl_forces: x [ 0.01081508  0.30263468 -0.06353511]
 mixed_cpl_forces: y [0.28273343 0.12031067 0.03644961]
18:53:13-INFO: mixed forces h [ 0.25385873  4.36757432 -0.89444015]
18:53:13-INFO: mixed forces x [-0.75993077 -4.68302205  1.15975697]
18:53:13-INFO: mixed forces y [-0.72670274  0.76383357  0.31138537]
18:53:13-DEBUG: Minimum eigen value: 
18:53:13-DEBUG: 4860.784778869553
18:53:13-DEBUG: Minimum state: 
18:53:13-DEBUG: 0
        95     4860.7847788696     5059.9469045667     1426.6530154793     4860.7970644263      199.1621256972      0.50316972
ids [   1    2    3    4    9   10   11   12   13   14   15   16   17   18
   19   20   21   23   24   25   26   27   28   29   30   31   32  938
   34   35  664   37   39   41   42   44   46   47   49  940  900   52
   53   54   55   56   57   58   59   60   61   62   63   64   65   67
   68   69   70   71   72   73   74   75   76   78   79   81   83   85
   86   88   40   90   91   93   96   97   98   99  100  101  125  104
  105  106  109  111  113  114  115  116  119  120  121  124  126  993
  130  131  132  135  136  895  638  643  644  649  905  659  996  893
  674  898  850  981 1071  858   89   22]
ids [ 122  140  173  178  185  220  223  230  265  268  270  318  407  408
  225  412  413  414  415  416  417  418  419  420  421  422  423  424
  425 1074  427  428  429  430  431  432  433  434  435  436  437  439
  440  441  442  444  446  447  449  451  452  454  456  457  458  459
  460  461  462  463  464  465  466  467  468  469  470  471  472  473
  474  475  476  477  478  479  480  481  482  483  484  485  486  487
  488  489  491  492  494  496  497  499  502  505  506  507  508  509
  510  511  512  513  501  515  516  517  520  521  522  523  524  525
  526  527  528  530  531  532  536  537  539  541  558 1079  588  591
  803  949 1043 1044 1048  534 1053 1059 1054  651  175  546  455  490
  666 1049]
ids [   8  966   66   77   80   95  110 1064  138  263  273  503  504  518
  519  529   51  543  663  678  680  715  718  720  723  725  758  760
  765  768 1077  409  903  947  952  953  954  955  956  957  958  959
  960  961  962  963  964  965  967  968  969  970  971  972  973  974
  975  976  977  978  979  980   33  982  984 1076  986  987  989  991
  992  994  995 1035  997  998  999 1000 1001 1002 1003 1004 1005 1006
 1007 1008 1009 1010 1011 1012 1013 1014 1015 1016 1017 1018 1019 1020
 1021 1022 1023 1024 1025 1026 1027 1029 1031 1032 1034 1036 1037 1039
 1041 1042 1045 1046 1047 1050 1051 1052 1081 1055 1056 1057 1058 1060
 1061 1062 1063 1065 1066 1067 1068 1069 1070  810 1072  514  951   36]
ids [ 137  142  143  144  145  146  147  148  149  150  151  152  154  155
  157  158  159  160  161  162  163  164  165  166  167  169  170  679
  172  174  249  176  177  179  180  181  182  184  187  188  189  190
  191  192  193  194  195  196  197  198  199  200  202  203  204  205
  206  207  208  209  210  211  212  214  215  217  218  219  221  222
  224  201  226  227  229  232  233  235  236  237  240  241  242  243
  245 1073  247  250  251  252  253  231  255  256  257  260  276  262
  266  267  269  271  306  348 1078  393  396  410  443  445  448  450
  366  186  493  495  500  535  538  540  799  789  794  798  264  808
  809  259  933  216  321  239  788  774  779    5]
ids [  6 102 107 108 112 117 118 123 133 183 228 103 310 313 315 320 353 355
 358 360 363 365 400 403 411 438 128 542 654 547 548 549 550 551 552 553
 554 555 556 557 559 560 562 563 564 565 566 567 568 569 570 571 572 573
 574 575 576 577 579 581 582 584 586 587 589 592 593 594 595 596 597 598
 599 600 601 602 603 604 605 606 607 608 609 610 611 612 613 614 615 616
 617 618 619 620 621 622 624 626 627 629 631 632 634 635 636 637 639 640
 641 642 645 646 647 648 650 426 652 653 655 656 657 658 660 661 662 665
 590 667 671 672 676 813 405 561 670 544 669 580 275]
ids [127 141 153 156 168 913 379 213 928 171 272 929 277 278 279 280 281 282
 283 284 285 286 287 288 289 290 291 292 293 294 295 296 297 298 299 300
 301 302 303 304 305 307 308 309 311 312 314 316 317 319 261 322 323 324
 325 326 327 328 329 330 331 332 333 334 335 336 337 338 339 340 341 342
 343 344 345 346 347 349 350 351 352 354 356 357 359 361 362 364 246 367
 934 370 371 372 373 374 375 376 377 380 382 383 385 386 387 388 389 390
 391 392 909 395 397 401 402 381 406 453 498 545 578 918 583 585 914 623
 625 628 630 633 943 675 394]
ids [815  38 936  43  45  82  84  87  92  94 129 134 274 368 891 384 398 399
 404 668 673 681 693 753 711 783 860 812 816 817 818 819 820 821 822 823
 824 825 826 827 829 830 831 832 833 834 835 836 837 838 839 840 841 842
 843 844 845 847 848 849 851 852 853 854 855 856 857 945 859 861 862 863
 864 865 866 867 868 869 870 871 872 873 874 875 946 877 878 879 880 881
 882 883 884 885 886 887 741 889 890 892 894 896 897 899 901 902 904 906
 907 908 910 911 912 915 916 917 920 924 922 923 925 926 927 948 930 931
 932 846 935 937 939 814 941 942 944 919 369  50 786   7]
ids [ 234   48  139  770  238 1075  244  248 1040  258 1028  985  378  533
  677 1038  682  683  684  685  686  687  688  689  690  691  692  694
  695  696  697  698  699  700  701  702  703  704  705  706  707  708
  709  710 1080  712  713  714  716  717  719  721  722  724  726  727
  728  729  730  731  732  733  734  735  736  737  738  739  740  784
  742  743  744  745  746  747  748  749  750  751  752  754  755  756
  757  759  761  762  763  764  766  767  769  772  773 1033  775  776
  777  778 1030  780  781  782  785  254  787  990  790  791  792  793
  795  796  797  921  800  802  805  806  807  811  828  876  801  771
  804  983  988  888  950]
18:53:13-INFO: Step 96
18:53:13-DEBUG: Reaction systems: [[None]
 [0]]
18:53:13-DEBUG: rxn_pairs: [array([1, 2])]
18:53:13-DEBUG: Starting total colors: 5
18:53:13-DEBUG: Number of systems: 2
18:53:13-DEBUG: New total colors: 5
18:53:13-DEBUG: Potential energy for color 0: 4854.421178612896
ebond 96 6.062696750540073
18:53:13-DEBUG: Potential energy for color 1: 4862.455590317488
xhy 96 13 1 2
xhy 96 13 1 2
xhy 96 13 1 2
xhy 96 13 1 2
xhy 96 13 1 2
h_pos [ 8.287147    9.06105303 10.64251771] x_pos [ 8.29576412 10.14198117 10.40895273] y_pos [ 6.9079904  8.5043516 10.4579584]
96 rHY 1.498683267959702 rHX 1.105907996502209 0.392775271457493
h_pos [ 8.287147    9.06105303 10.64251771] x_pos [ 8.29576412 10.14198117 10.40895273] y_pos [ 6.9079904  8.5043516 10.4579584]
96 rHY 1.498683267959702 rHX 1.105907996502209 0.392775271457493
h_pos [ 8.287147    9.06105303 10.64251771] x_pos [ 8.29576412 10.14198117 10.40895273] y_pos [ 6.9079904  8.5043516 10.4579584]
96 rHY 1.498683267959702 rHX 1.105907996502209 0.392775271457493
h_pos [ 8.287147    9.06105303 10.64251771] x_pos [ 8.29576412 10.14198117 10.40895273] y_pos [ 6.9079904  8.5043516 10.4579584]
96 rHY 1.498683267959702 rHX 1.105907996502209 0.392775271457493
h_pos [ 8.287147    9.06105303 10.64251771] x_pos [ 8.29576412 10.14198117 10.40895273] y_pos [ 6.9079904  8.5043516 10.4579584]
96 rHY 1.498683267959702 rHX 1.105907996502209 0.392775271457493
96 cpl_forces h [ 3.75513733  5.45797192 -0.35627788]
96 cpl_forces h [ 3.75513733  5.45797192 -0.35627788]
96 cpl_forces h [ 3.75513733  5.45797192 -0.35627788]
96 cpl_forces h [ 3.75513733  5.45797192 -0.35627788]
96 cpl_forces h [ 3.75513733  5.45797192 -0.35627788]
96 cpl_forces x [-0.03152854 -3.95492407  0.85457278]
96 cpl_forces x [-0.03152854 -3.95492407  0.85457278]
96 cpl_forces x [-0.03152854 -3.95492407  0.85457278]
96 cpl_forces x [-0.03152854 -3.95492407  0.85457278]
96 cpl_forces x [-0.03152854 -3.95492407  0.85457278]
96 cpl_forces y [-3.72360879 -1.50304785 -0.4982949 ]
96 cpl_forces y [-3.72360879 -1.50304785 -0.4982949 ]
96 cpl_forces y [-3.72360879 -1.50304785 -0.4982949 ]
96 cpl_forces y [-3.72360879 -1.50304785 -0.4982949 ]
96 cpl_forces y [-3.72360879 -1.50304785 -0.4982949 ]
18:53:13-DEBUG: System matrix: 
18:53:13-DEBUG: [[4.85442118e+03 3.21933528e-01]
 [3.21933528e-01 4.86245559e+03]]
18:53:13-DEBUG: Eigen values: 
18:53:13-DEBUG: [4854.4082996  4862.46846933]
18:53:13-DEBUG: Occupancies: 
18:53:13-DEBUG: [1. 0.]
18:53:13-INFO: coupling 96 0.3219335284517098
18:53:13-DEBUG: Amplitudes: 
18:53:13-DEBUG: [0.99840214 0.00159786]
18:53:13-INFO: forces0 h [ 0.40696759  5.57107854 -1.12235547]
18:53:13-INFO: forces0 x [-0.67422273 -5.77849477  1.43399704]
18:53:13-INFO: forces0 y [-1.018101    0.73553281  0.28245187]
18:53:13-INFO: forces1 h [-21.90183005 -29.02590849   1.46737833]
18:53:13-INFO: forces1 x [-0.77734431 19.58284822 -4.03867039]
18:53:13-INFO: forces1 y [21.17500318  9.36041921  3.13545174]
pos h  [ 8.287147    9.06105303 10.64251771]
pos x  [ 8.29576412 10.14198117 10.40895273]
pos y  [ 6.9079904  8.5043516 10.4579584]
 mixed_cpl_forces: h [-0.29997001 -0.43599681  0.02846039]
 mixed_cpl_forces: x [ 0.00251858  0.31592949 -0.06826547]
 mixed_cpl_forces: y [0.29745143 0.12006732 0.03980508]
18:53:13-INFO: mixed forces h [ 0.07135126  5.07980061 -1.08975705]
18:53:13-INFO: mixed forces x [-0.67186893 -5.42204142  1.35698702]
18:53:13-INFO: mixed forces y [-0.68518811  0.86938149  0.32681563]
18:53:13-DEBUG: Minimum eigen value: 
18:53:13-DEBUG: 4854.408299595557
18:53:13-DEBUG: Minimum state: 
18:53:13-DEBUG: 0
        96     4854.4082995956     5059.9457887329     1472.3214950901     4854.4211786129      205.5374891373      0.11327771
ids [ 122  140  173  178  185  220  223  230  265  268  270  318  407  408
  225  412  413  414  415  416  417  418  419  420  421  422  423  424
  425 1074  427  428  429  430  431  432  433  434  435  436  437  439
  440  441  442  444  446  447  449  451  452  454  456  457  458  459
  460  461  462  463  464  465  466  467  468  469  470  471  472  473
  474  475  476  477  478  479  480  481  482  483  484  485  486  487
  488  489  491  492  494  496  497  499  502  505  506  507  508  509
  510  511  512  513  501  515  516  517  520  521  522  523  524  525
  526  527  528  530  531  532  536  537  539  541  558 1079  588  591
  803  949 1043 1044 1048  534 1053 1059 1054  651  175  546  455  490
  666 1049]
ids [ 137  142  143  144  145  146  147  148  149  150  151  152  154  155
  157  158  159  160  161  162  163  164  165  166  167  169  170  679
  172  174  249  176  177  179  180  181  182  184  187  188  189  190
  191  192  193  194  195  196  197  198  199  200  202  203  204  205
  206  207  208  209  210  211  212  214  215  217  218  219  221  222
  224  201  226  227  229  232  233  235  236  237  240  241  242  243
  245 1073  247  250  251  252  253  231  255  256  257  260  276  262
  266  267  269  271  306  348 1078  393  396  410  443  445  448  450
  366  186  493  495  500  535  538  540  799  789  794  798  264  808
  809  259  933  216  321  239  788  774  779    5]
ids [  6 102 107 108 112 117 118 123 133 183 228 103 310 313 315 320 353 355
 358 360 363 365 400 403 411 438 128 542 275 547 548 549 550 551 552 553
 554 555 556 557 559 560 562 563 564 565 566 567 568 569 570 571 572 573
 574 575 576 577 579 581 582 584 586 587 589 592 593 594 595 596 597 598
 599 600 601 602 603 604 605 606 607 608 609 610 611 612 613 614 615 616
 617 618 619 620 621 622 624 626 627 629 631 632 634 635 636 637 639 640
 641 642 645 646 647 648 650 426 652 653 655 656 657 658 660 661 662 665
 590 667 671 672 676 813 405 561 670 544 669 580]
ids [127 141 153 156 168 913 379 213 928 171 272 929 277 278 279 280 281 282
 283 284 285 286 287 288 289 290 291 292 293 294 295 296 297 298 299 300
 301 302 303 304 305 307 308 309 311 312 314 316 317 319 261 322 323 324
 325 326 327 328 329 330 331 332 333 334 335 336 337 338 339 340 341 342
 343 344 345 346 347 349 350 351 352 354 356 357 359 361 362 364 246 367
 934 370 371 372 373 374 375 376 377 380 382 383 385 386 387 388 389 390
 391 392 909 395 397 401 402 381 406 453 498 545 578 918 583 585 914 623
 625 628 630 633 943 675 394]
ids [   8  966   66   77   80   95  110 1064  138  263  273  503  504  518
  519  529   51   36  663  678  680  715  718  720  723  725  758  760
  765  768 1077  409  903  947  952  953  954  955  956  957  958  959
  960  961  962  963  964  965  967  968  969  970  971  972  973  974
  975  976  977  978  979  980   33  982  984 1076  986  987  989  991
  992  994  995 1035  997  998  999 1000 1001 1002 1003 1004 1005 1006
 1007 1008 1009 1010 1011 1012 1013 1014 1015 1016 1017 1018 1019 1020
 1021 1022 1023 1024 1025 1026 1027 1029 1031 1032 1034 1036 1037 1039
 1041 1042 1045 1046 1047 1050 1051 1052 1081 1055 1056 1057 1058 1060
 1061 1062 1063 1065 1066 1067 1068 1069 1070  810 1072  514  951]
ids [815  38 936  43  45  82  84  87  92  94 129 134 274 368 891 384 398 399
 404 668 673 681 693 753 711 783 860 812 816 817 818 819 820 821 822 823
 824 825 826 827 829 830 831 832 833 834 835 836 837 838 839 840 841 842
 843 844 845 847 848 849 851 852 853 854 855 856 857 945 859 861 862 863
 864 865 866 867 868 869 870 871 872 873 874 875 946 877 878 879 880 881
 882 883 884 885 886 887 741 889 890 892 894 896 897 899 901 902 904 906
 907 908 910 911 912 915 916 917 920 924 922 923 925 926 927 948 930 931
 932 846 935 937 939 814 941 942 944 919 369  50 786   7]
ids [ 234   48  139  770  238 1075  244  248 1040  258 1028  985  378  533
  677 1038  682  683  684  685  686  687  688  689  690  691  692  694
  695  696  697  698  699  700  701  702  703  704  705  706  707  708
  709  710 1080  712  713  714  716  717  719  721  722  724  726  727
  728  729  730  731  732  733  734  735  736  737  738  739  740  784
  742  743  744  745  746  747  748  749  750  751  752  754  755  756
  757  759  761  762  763  764  766  767  769  772  773 1033  775  776
  777  778 1030  780  781  782  785  254  787  990  790  791  792  793
  795  796  797  921  800  802  805  806  807  811  828  876  801  771
  804  983  988  888  950]
ids [   1    2    3    4    9   10   11   12   13   14   15   16   17   18
   19   20   21   23   24   25   26   27   28   29   30   31   32  938
   34   35  664   37   39   41   42   44   46   47   49  940  900   52
   53   54   55   56   57   58   59   60   61   62   63   64   65   67
   68   69   70   71   72   73   74   75   76   78   79   81   83   85
   86   88   40   90   91   93   96   97   98   99  100  101  125  104
  105  106  109  111  113  114  115  116  119  120  121  124  126  993
  130  131  132  135  136  895  638  643  644  649  905  659  996  893
  674  898  850  981 1071  858   89   22  543  654]
18:53:14-INFO: Step 97
18:53:14-DEBUG: Reaction systems: [[None]
 [0]]
18:53:14-DEBUG: rxn_pairs: [array([1, 2])]
18:53:14-DEBUG: Starting total colors: 5
18:53:14-DEBUG: Number of systems: 2
18:53:14-DEBUG: New total colors: 5
18:53:14-DEBUG: Potential energy for color 0: 4847.9586380322235
ebond 97 6.462493544575738
18:53:14-DEBUG: Potential energy for color 1: 4856.010964605467
xhy 97 13 1 2
xhy 97 13 1 2
xhy 97 13 1 2
xhy 97 13 1 2
xhy 97 13 1 2
h_pos [ 8.31680483  9.0409591  10.65171061] x_pos [ 8.29592638 10.1355045  10.4086657 ] y_pos [ 6.91376029  8.50235674 10.4577416 ]
97 rHY 1.5153383984559332 rHX 1.1213992880144632 0.39393911044147
h_pos [ 8.31680483  9.0409591  10.65171061] x_pos [ 8.29592638 10.1355045  10.4086657 ] y_pos [ 6.91376029  8.50235674 10.4577416 ]
h_pos [ 8.31680483  9.0409591  10.65171061] x_pos [ 8.29592638 10.1355045  10.4086657 ] y_pos [ 6.91376029  8.50235674 10.4577416 ]
h_pos [ 8.31680483  9.0409591  10.65171061] x_pos [ 8.29592638 10.1355045  10.4086657 ] y_pos [ 6.91376029  8.50235674 10.4577416 ]
h_pos [ 8.31680483  9.0409591  10.65171061] x_pos [ 8.29592638 10.1355045  10.4086657 ] y_pos [ 6.91376029  8.50235674 10.4577416 ]
97 rHY 1.5153383984559332 rHX 1.1213992880144632 0.39393911044147
97 rHY 1.5153383984559332 rHX 1.1213992880144632 0.39393911044147
97 rHY 1.5153383984559332 rHX 1.1213992880144632 0.39393911044147
97 cpl_forces h [ 3.62846452  5.3250035  -0.35485644]
97 rHY 1.5153383984559332 rHX 1.1213992880144632 0.39393911044147
97 cpl_forces x [ 0.07445963 -3.90352072  0.8667807 ]
97 cpl_forces h [ 3.62846452  5.3250035  -0.35485644]
97 cpl_forces h [ 3.62846452  5.3250035  -0.35485644]
97 cpl_forces h [ 3.62846452  5.3250035  -0.35485644]
97 cpl_forces x [ 0.07445963 -3.90352072  0.8667807 ]
97 cpl_forces y [-3.70292415 -1.42148278 -0.51192427]
97 cpl_forces h [ 3.62846452  5.3250035  -0.35485644]
97 cpl_forces x [ 0.07445963 -3.90352072  0.8667807 ]
97 cpl_forces x [ 0.07445963 -3.90352072  0.8667807 ]
97 cpl_forces x [ 0.07445963 -3.90352072  0.8667807 ]
97 cpl_forces y [-3.70292415 -1.42148278 -0.51192427]
97 cpl_forces y [-3.70292415 -1.42148278 -0.51192427]
97 cpl_forces y [-3.70292415 -1.42148278 -0.51192427]
97 cpl_forces y [-3.70292415 -1.42148278 -0.51192427]
18:53:14-DEBUG: System matrix: 
18:53:14-DEBUG: [[4.84795864e+03 3.17251663e-01]
 [3.17251663e-01 4.85601096e+03]]
18:53:14-DEBUG: Eigen values: 
18:53:14-DEBUG: [4847.94615805 4856.02344458]
18:53:14-DEBUG: Occupancies: 
18:53:14-DEBUG: [1. 0.]
18:53:14-INFO: coupling 97 0.317251663152357
18:53:14-DEBUG: Amplitudes: 
18:53:14-DEBUG: [0.99845493 0.00154507]
18:53:14-INFO: forces0 h [ 0.19935818  6.23418686 -1.31239282]
18:53:14-INFO: forces0 x [-0.53948337 -6.46352599  1.62998483]
18:53:14-INFO: forces0 y [-0.99730306  0.83495854  0.29426539]
18:53:14-INFO: forces1 h [-22.26217049 -25.54565839   0.62642676]
18:53:14-INFO: forces1 x [-1.29886935 16.21058225 -3.39513312]
18:53:14-INFO: forces1 y [21.99847621  9.30321968  3.35323502]
pos h  [ 8.31680483  9.0409591  10.65171061]
pos x  [ 8.29592638 10.1355045  10.4086657 ]
pos y  [ 6.91376029  8.50235674 10.4577416 ]
 mixed_cpl_forces: h [-0.28503047 -0.41830043  0.0278754 ]
 mixed_cpl_forces: x [-0.0058491   0.30663724 -0.06808911]
 mixed_cpl_forces: y [0.29087958 0.11166319 0.04021371]
18:53:14-INFO: mixed forces h [-0.12037694  5.76678432 -1.2815218 ]
18:53:14-INFO: mixed forces x [-0.54650578 -6.12185565  1.55413156]
18:53:14-INFO: mixed forces y [-0.67089338  0.95970579  0.33920542]
18:53:14-DEBUG: Minimum eigen value: 
18:53:14-DEBUG: 4847.946158053055
18:53:14-DEBUG: Minimum state: 
18:53:14-DEBUG: 0
        97     4847.9461580531     5059.9446994277     1518.6037870937     4847.9586380322      211.9985413747      0.40895103
ids [815  38 936  43  45  82  84  87  92  94   7 134 274 368 891 384 398 399
 404 668 673 681 693 753 711 783 860 812 816 817 818 819 820 821 822 823
 824 825 826 827 829 830 831 832 833 834 835 836 837 838 839 840 841 842
 843 844 845 847 848 849 851 852 853 854 855 856 857 945 859 861 862 863
 864 865 866 867 868 869 870 871 872 873 874 875 946 877 878 879 880 881
 882 883 884 885 886 887 741 889 890 892 894 896 897 899 901 902 904 906
 907 908 910 911 912 915 916 917 920 924 922 923 925 926 927 948 930 931
 932 846 935 937 939 814 941 942 944 919 369  50 786]
ids [ 234   48  139  770  238 1075  244  248 1040  258 1028  985  378  533
  677 1038  682  683  684  685  686  687  688  689  690  691  692  694
  695  696  697  698  699  700  701  702  703  704  705  706  707  708
  709  710 1080  712  713  714  716  717  719  721  722  724  726  727
  728  729  730  731  732  733  734  735  736  737  738  739  740  784
  742  743  744  745  746  747  748  749  750  751  752  754  755  756
  757  759  761  762  763  764  766  767  769  772  773 1033  775  776
  777  778 1030  780  781  782  785  254  787  990  790  791  792  793
  795  796  797  921  800  802  805  806  807  811  828  876  801  771
  804  983  988  888  950]
ids [127 141 153 156 168 913 379 213 928 171 272 929 277 278 279 280 281 282
 283 284 285 286 287 288 289 290 291 292 293 294 295 296 297 298 299 300
 301 302 303 304 305 307 308 309 311 312 314 316 317 319 261 322 323 324
 325 326 327 328 329 330 331 332 333 334 335 336 337 338 339 340 341 342
 343 344 345 346 347 349 350 351 352 354 356 357 359 361 362 364 246 367
 934 370 371 372 373 374 375 376 377 380 382 383 385 386 387 388 389 390
 391 392 909 395 397 401 402 381 406 453 498 545 578 918 583 585 914 623
 625 628 630 633 943 675 394]
ids [ 122  140  173  178  185  220  223  230  265  268  270  318  407  408
  225  412  413  414  415  416  417  418  419  420  421  422  423  424
  425 1074  427  428  429  430  431  432  433  434  435  436  437  439
  440  441  442  444  446  447  449  451  452  454  456  457  458  459
  460  461  462  463  464  465  466  467  468  469  470  471  472  473
  474  475  476  477  478  479  480  481  482  483  484  485  486  487
  488  489  491  492  494  496  497  499  502  505  506  507  508  509
  510  511  512  513  501  515  516  517  520  521  522  523  524  525
  526  527  528  530  531  532  536  537  539  541  558 1079  588  591
  803  949 1043 1044 1048  534 1053 1059 1054  651  175  546  455  490
  666 1049]
ids [ 137  142  143  144  145  146  147  148  149  150  151  152  154  155
  157  158  159  160  161  162  163  164  165  166  167  169  170  679
  172  174  249  176  177  179  180  181  182  184  187  188  189  190
  191  192  193  194  195  196  197  198  199  200  202  203  204  205
  206  207  208  209  210  211  212  214  215  217  218  219  221  222
  224  201  226  227  229  232  233  235  236  237  240  241  242  243
  245 1073  247  250  251  252  253  231  255  256  257  260  276  262
  266  267  269  271  306  348 1078  393  396  410  443  445  448  450
  366  186  493  495  500  535  538  540  799  789  794  798  264  808
  809  259  933  216  321  239  788  774  779    5]
ids [  6 102 107 108 112 117 118 123 133 183 228 103 310 313 315 320 353 355
 358 360 363 365 400 403 411 438 128 542 275 547 548 549 550 551 552 553
 554 555 556 557 559 560 562 563 564 565 566 567 568 569 570 571 572 573
 574 575 576 577 579 581 582 584 586 587 589 592 593 594 595 596 597 598
 599 600 601 602 603 604 605 606 607 608 609 610 611 612 613 614 615 616
 617 618 619 620 621 622 624 626 627 629 631 632 634 635 636 637 639 640
 641 642 645 646 647 648 650 426 652 653 655 656 657 658 660 661 662 665
 590 667 671 672 676 813 405 561 670 544 669 580]
ids [   8  966   66   77   80   95  110 1064  138  263  273  503  504  518
  519  529   51   36  663  678  680  715  718  720  723  725  758  760
  765  768 1077  409  903  947  952  953  954  955  956  957  958  959
  960  961  962  963  964  965  967  968  969  970  971  972  973  974
  975  976  977  978  979  980   33  982  984 1076  986  987  989  991
  992  994  995 1035  997  998  999 1000 1001 1002 1003 1004 1005 1006
 1007 1008 1009 1010 1011 1012 1013 1014 1015 1016 1017 1018 1019 1020
 1021 1022 1023 1024 1025 1026 1027 1029 1031 1032 1034 1036 1037 1039
 1041 1042 1045 1046 1047 1050 1051 1052 1081 1055 1056 1057 1058 1060
 1061 1062 1063 1065 1066 1067 1068 1069 1070  810 1072  514  951]
ids [   1    2    3    4    9   10   11   12   13   14   15   16   17   18
   19   20   21   23   24   25   26   27   28   29   30   31   32  938
   34   35  664   37   39   41   42   44   46   47   49  940  900   52
   53   54   55   56   57   58   59   60   61   62   63   64   65   67
   68   69   70   71   72   73   74   75   76   78   79   81   83   85
   86   88   40   90   91   93   96   97   98   99  100  101  125  104
  105  106  109  111  113  114  115  116  119  120  121  124  126  993
  130  131  132  135  136  895  638  643  644  649  905  659  996  893
  674  898  850  981 1071  858   89   22  543  654  129]
18:53:14-INFO: Step 98
18:53:14-DEBUG: Reaction systems: [[None]
 [0]]
18:53:14-DEBUG: rxn_pairs: [array([1, 2])]
18:53:14-DEBUG: Starting total colors: 5
18:53:14-DEBUG: Number of systems: 2
18:53:14-DEBUG: New total colors: 5
18:53:14-DEBUG: Potential energy for color 0: 4841.426175067143
ebond 98 6.902922834509657
18:53:14-DEBUG: Potential energy for color 1: 4849.608267989226
xhy 98 13 1 2
xhy 98 13 1 2
xhy 98 13 1 2
xhy 98 13 1 2
xhy 98 13 1 2
h_pos [ 8.34641363  9.02306421 10.66041414] x_pos [ 8.29607557 10.12888029 10.40841616] y_pos [ 6.91951406  8.50038516 10.45753297]
98 rHY 1.5331003012198252 rHX 1.1352823977553226 0.39781790346450263
h_pos [ 8.34641363  9.02306421 10.66041414] x_pos [ 8.29607557 10.12888029 10.40841616] y_pos [ 6.91951406  8.50038516 10.45753297]
h_pos [ 8.34641363  9.02306421 10.66041414] x_pos [ 8.29607557 10.12888029 10.40841616] y_pos [ 6.91951406  8.50038516 10.45753297]
98 rHY 1.5331003012198252 rHX 1.1352823977553226 0.39781790346450263
98 rHY 1.5331003012198252 rHX 1.1352823977553226 0.39781790346450263
h_pos [ 8.34641363  9.02306421 10.66041414] x_pos [ 8.29607557 10.12888029 10.40841616] y_pos [ 6.91951406  8.50038516 10.45753297]
98 rHY 1.5331003012198252 rHX 1.1352823977553226 0.39781790346450263
98 cpl_forces h [ 3.40817882  5.05609923 -0.34465008]
98 cpl_forces h [ 3.40817882  5.05609923 -0.34465008]
h_pos [ 8.34641363  9.02306421 10.66041414] x_pos [ 8.29607557 10.12888029 10.40841616] y_pos [ 6.91951406  8.50038516 10.45753297]
98 cpl_forces x [ 0.17048684 -3.7452196   0.85347627]
98 cpl_forces h [ 3.40817882  5.05609923 -0.34465008]
98 cpl_forces x [ 0.17048684 -3.7452196   0.85347627]
98 cpl_forces h [ 3.40817882  5.05609923 -0.34465008]
98 cpl_forces y [-3.57866566 -1.31087963 -0.50882619]
98 cpl_forces y [-3.57866566 -1.31087963 -0.50882619]
98 cpl_forces x [ 0.17048684 -3.7452196   0.85347627]
98 rHY 1.5331003012198252 rHX 1.1352823977553226 0.39781790346450263
98 cpl_forces y [-3.57866566 -1.31087963 -0.50882619]
98 cpl_forces x [ 0.17048684 -3.7452196   0.85347627]
98 cpl_forces h [ 3.40817882  5.05609923 -0.34465008]
98 cpl_forces y [-3.57866566 -1.31087963 -0.50882619]
98 cpl_forces x [ 0.17048684 -3.7452196   0.85347627]
98 cpl_forces y [-3.57866566 -1.31087963 -0.50882619]
18:53:14-DEBUG: System matrix: 
18:53:14-DEBUG: [[4.84142618e+03 3.02039669e-01]
 [3.02039669e-01 4.84960827e+03]]
18:53:14-DEBUG: Eigen values: 
18:53:14-DEBUG: [4841.41504051 4849.61940255]
18:53:14-DEBUG: Occupancies: 
18:53:14-DEBUG: [1. 0.]
18:53:14-INFO: coupling 98 0.30203966918934205
18:53:14-DEBUG: Amplitudes: 
18:53:14-DEBUG: [0.99864285 0.00135715]
18:53:14-INFO: forces0 h [-0.03432947  6.82258778 -1.49182023]
18:53:14-INFO: forces0 x [-0.37431666 -7.06939279  1.81572192]
18:53:14-INFO: forces0 y [-0.9801835   0.92859535  0.30616466]
18:53:14-INFO: forces1 h [-22.81013012 -22.94576276  -0.06410601]
18:53:14-INFO: forces1 x [-1.66724427 13.68840242 -2.90239855]
18:53:14-INFO: forces1 y [22.85738607  9.27569529  3.57200896]
pos h  [ 8.34641363  9.02306421 10.66041414]
pos x  [ 8.29607557 10.12888029 10.40841616]
pos y  [ 6.91951406  8.50038516 10.45753297]
 mixed_cpl_forces: h [-0.25094095 -0.37227576  0.02537626]
 mixed_cpl_forces: x [-0.01255278  0.27575694 -0.06284064]
 mixed_cpl_forces: y [0.26349373 0.09651881 0.03746439]
18:53:14-INFO: mixed forces h [-0.31618062  6.40991188 -1.46450635]
18:53:14-INFO: mixed forces x [-0.38862414 -6.76546439  1.74647808]
18:53:14-INFO: mixed forces y [-0.68433858  1.03644244  0.34806129]
18:53:14-DEBUG: Minimum eigen value: 
18:53:14-DEBUG: 4841.415040509731
18:53:14-DEBUG: Minimum state: 
18:53:14-DEBUG: 0
        98     4841.4150405097     5059.9435521009     1565.3797575139     4841.4261750671      218.5285115912      0.38571802
ids [   1    2    3    4    9   10   11   12   13   14   15   16   17   18
   19   20   21   23   24   25   26   27   28   29   30   31   32  938
   34   35  664   37   39   41   42   44   46   47   49  940  900   52
   53   54   55   56   57   58   59   60   61   62   63   64   65   67
   68   69   70   71   72   73   74   75   76   78   79   81   83   85
   86   88   40   90   91   93   96   97   98   99  100  101  125  104
  105  106  109  111  113  114  115  116  119  120  121  124  126  993
  130  131  132  135  136  895  638  643  644  649  905  659  996  893
  674  898  850  981 1071  858   89   22  543  654  129  815  945]
ids [   8  966   66   77   80   95  110 1064  138  263  273  503  504  518
  519  529   51   36  663  678  680  715  718  720  723  725  758  760
  765  768 1077  409  903  947  952  953  954  955  956  957  958  959
  960  961  962  963  964  965  967  968  969  970  971  972  973  974
  975  976  977  978  979  980   33  982  984 1076  986  987  989  991
  992  994  995 1035  997  998  999 1000 1001 1002 1003 1004 1005 1006
 1007 1008 1009 1010 1011 1012 1013 1014 1015 1016 1017 1018 1019 1020
 1021 1022 1023 1024 1025 1026 1027 1029 1031 1032 1034 1036 1037 1039
 1041 1042 1045 1046 1047 1050 1051 1052 1081 1055 1056 1057 1058 1060
 1061 1062 1063 1065 1066 1067 1068 1069 1070  810 1072  514  951]
ids [786  38 936  43  45  82  84  87  92  94   7 134 274 368 891 384 398 399
 404 668 673 681 693 753 711 783 860 812 816 817 818 819 820 821 822 823
 824 825 826 827 829 830 831 832 833 834 835 836 837 838 839 840 841 842
 843 844 845 847 848 849 851 852 853 854 855 856 857  50 859 861 862 863
 864 865 866 867 868 869 870 871 872 873 874 875 946 877 878 879 880 881
 882 883 884 885 886 887 741 889 890 892 894 896 897 899 901 902 904 906
 907 908 910 911 912 915 916 917 920 924 922 923 925 926 927 948 930 931
 932 846 935 937 939 814 941 942 944 919 369]
ids [ 234   48  139  770  238 1075  244  248 1040  258 1028  985  378  533
  677 1038  682  683  684  685  686  687  688  689  690  691  692  694
  695  696  697  698  699  700  701  702  703  704  705  706  707  708
  709  710 1080  712  713  714  716  717  719  721  722  724  726  727
  728  729  730  731  732  733  734  735  736  737  738  739  740  784
  742  743  744  745  746  747  748  749  750  751  752  754  755  756
  757  759  761  762  763  764  766  767  769  772  773 1033  775  776
  777  778 1030  780  781  782  785  254  787  990  790  791  792  793
  795  796  797  921  800  802  805  806  807  811  828  876  801  771
  804  983  988  888  950]
ids [127 141 153 156 168 913 379 213 928 171 272 929 277 278 279 280 281 282
 283 284 285 286 287 288 289 290 291 292 293 294 295 296 297 298 299 300
 301 302 303 304 305 307 308 309 311 312 314 316 317 319 261 322 323 324
 325 326 327 328 329 330 331 332 333 334 335 336 337 338 339 340 341 342
 343 344 345 346 347 349 350 351 352 354 356 357 359 361 362 364 246 367
 934 370 371 372 373 374 375 376 377 380 382 383 385 386 387 388 389 390
 391 392 909 395 397 401 402 381 406 453 498 545 578 918 583 585 914 623
 625 628 630 633 943 675 394]
ids [ 122  140  173  178  185  220  223  230  265  268  270  318  407  408
  225  412  413  414  415  416  417  418  419  420  421  422  423  424
  425 1074  427  428  429  430  431  432  433  434  435  436  437  439
  440  441  442  444  446  447  449  451  452  454  456  457  458  459
  460  461  462  463  464  465  466  467  468  469  470  471  472  473
  474  475  476  477  478  479  480  481  482  483  484  485  486  487
  488  489  491  492  494  496  497  499  502  505  506  507  508  509
  510  511  512  513  501  515  516  517  520  521  522  523  524  525
  526  527  528  530  531  532  536  537  539  541  558 1079  588  591
  803  949 1043 1044 1048  534 1053 1059 1054  651  175  546  455  490
  666 1049]
ids [ 137  142  143  144  145  146  147  148  149  150  151  152  154  155
  157  158  159  160  161  162  163  164  165  166  167  169  170  679
  172  174  249  176  177  179  180  181  182  184  187  188  189  190
  191  192  193  194  195  196  197  198  199  200  202  203  204  205
  206  207  208  209  210  211  212  214  215  217  218  219  221  222
  224  201  226  227  229  232  233  235  236  237  240  241  242  243
  245 1073  247  250  251  252  253  231  255  256  257  260  276  262
  266  267  269  271  306  348 1078  393  396  410  443  445  448  450
  366  186  493  495  500  535  538  540  799  789  794  798  264  808
  809  259  933  216  321  239  788  774  779    5]
ids [  6 102 107 108 112 117 118 123 133 183 228 103 310 313 315 320 353 355
 358 360 363 365 400 403 411 438 128 542 275 547 548 549 550 551 552 553
 554 555 556 557 559 560 562 563 564 565 566 567 568 569 570 571 572 573
 574 575 576 577 579 581 582 584 586 587 589 592 593 594 595 596 597 598
 599 600 601 602 603 604 605 606 607 608 609 610 611 612 613 614 615 616
 617 618 619 620 621 622 624 626 627 629 631 632 634 635 636 637 639 640
 641 642 645 646 647 648 650 426 652 653 655 656 657 658 660 661 662 665
 590 667 671 672 676 813 405 561 670 544 669 580]
18:53:14-INFO: Step 99
18:53:14-DEBUG: Reaction systems: [[None]
 [0]]
18:53:14-DEBUG: rxn_pairs: [array([1, 2])]
18:53:14-DEBUG: Starting total colors: 5
18:53:14-DEBUG: Number of systems: 2
18:53:14-DEBUG: New total colors: 5
18:53:14-DEBUG: Potential energy for color 0: 4834.840118422314
ebond 99 7.3835603177965945
18:53:14-DEBUG: Potential energy for color 1: 4843.253725839409
xhy 99 13 1 2
xhy 99 13 1 2
xhy 99 13 1 2
xhy 99 13 1 2
xhy 99 13 1 2
h_pos [ 8.37589437  9.00760821 10.66855873] x_pos [ 8.29621547 10.12209331 10.40820867] y_pos [ 6.92525169  8.49843878 10.45733278]
99 rHY 1.5518486061344474 rHX 1.1472610513013901 0.4045875548330573
h_pos [ 8.37589437  9.00760821 10.66855873] x_pos [ 8.29621547 10.12209331 10.40820867] y_pos [ 6.92525169  8.49843878 10.45733278]
99 rHY 1.5518486061344474 rHX 1.1472610513013901 0.4045875548330573
h_pos [ 8.37589437  9.00760821 10.66855873] x_pos [ 8.29621547 10.12209331 10.40820867] y_pos [ 6.92525169  8.49843878 10.45733278]
h_pos [ 8.37589437  9.00760821 10.66855873] x_pos [ 8.29621547 10.12209331 10.40820867] y_pos [ 6.92525169  8.49843878 10.45733278]
99 rHY 1.5518486061344474 rHX 1.1472610513013901 0.4045875548330573
99 rHY 1.5518486061344474 rHX 1.1472610513013901 0.4045875548330573
99 cpl_forces h [ 3.10215804  4.65875033 -0.32558136]
99 cpl_forces h [ 3.10215804  4.65875033 -0.32558136]
99 cpl_forces x [ 0.24897867 -3.48251553  0.81353546]
99 cpl_forces x [ 0.24897867 -3.48251553  0.81353546]
99 cpl_forces h [ 3.10215804  4.65875033 -0.32558136]
99 cpl_forces y [-3.35113671 -1.1762348  -0.4879541 ]
99 cpl_forces h [ 3.10215804  4.65875033 -0.32558136]
99 cpl_forces x [ 0.24897867 -3.48251553  0.81353546]
h_pos [ 8.37589437  9.00760821 10.66855873] x_pos [ 8.29621547 10.12209331 10.40820867] y_pos [ 6.92525169  8.49843878 10.45733278]
99 cpl_forces y [-3.35113671 -1.1762348  -0.4879541 ]
99 cpl_forces x [ 0.24897867 -3.48251553  0.81353546]
99 cpl_forces y [-3.35113671 -1.1762348  -0.4879541 ]
99 rHY 1.5518486061344474 rHX 1.1472610513013901 0.4045875548330573
99 cpl_forces y [-3.35113671 -1.1762348  -0.4879541 ]
99 cpl_forces h [ 3.10215804  4.65875033 -0.32558136]
99 cpl_forces x [ 0.24897867 -3.48251553  0.81353546]
18:53:14-DEBUG: System matrix: 
99 cpl_forces y [-3.35113671 -1.1762348  -0.4879541 ]
18:53:14-DEBUG: [[4.83484012e+03 2.76897190e-01]
 [2.76897190e-01 4.84325373e+03]]
18:53:14-DEBUG: Eigen values: 
18:53:14-DEBUG: [4834.83101541 4843.26282885]
18:53:14-DEBUG: Occupancies: 
18:53:14-DEBUG: [1. 0.]
18:53:14-INFO: coupling 99 0.2768971895238021
18:53:14-DEBUG: Amplitudes: 
18:53:14-DEBUG: [0.9989204 0.0010796]
18:53:14-INFO: forces0 h [-0.28620004  7.32229884 -1.6558218 ]
18:53:14-INFO: forces0 x [-0.18624246 -7.58230345  1.98659664]
18:53:14-INFO: forces0 y [-0.9672898   1.01666855  0.31796601]
18:53:14-INFO: forces1 h [-23.48029462 -21.04081958  -0.63008807]
18:53:14-INFO: forces1 x [-1.94269334 11.82720682 -2.53251517]
18:53:14-INFO: forces1 y [23.74629818  9.28161209  3.78972116]
pos h  [ 8.37589437  9.00760821 10.66855873]
pos x  [ 8.29621547 10.12209331 10.40820867]
pos y  [ 6.92525169  8.49843878 10.45733278]
 mixed_cpl_forces: h [-0.20374712 -0.30598278  0.02138391]
 mixed_cpl_forces: x [-0.01635271  0.22872868 -0.05343232]
 mixed_cpl_forces: y [0.22009983 0.07725411 0.03204841]
18:53:14-INFO: mixed forces h [-0.51498758  6.98569514 -1.63333051]
18:53:14-INFO: mixed forces x [-0.20449144 -7.3326202   1.92828547]
18:53:14-INFO: mixed forces y [-0.7205091   1.10284552  0.35376255]
18:53:14-DEBUG: Minimum eigen value: 
18:53:14-DEBUG: 4834.831015408006
18:53:14-DEBUG: Minimum state: 
18:53:14-DEBUG: 0
        99     4834.8310154080     5059.9422811056     1612.5338334364     4834.8401184223      225.1112656976      0.47511946
ids [   1    2    3    4    9   10   11   12   13   14   15   16   17   18
   19   20   21   23   24   25   26   27   28   29   30   31   32  938
   34   35  664   37   39   41   42   44   46   47   49  940  900   52
   53   54   55   56   57   58   59   60   61   62   63   64   65   67
   68   69   70   71   72   73   74   75   76   78   79   81   83   85
   86   88   40   90   91   93   96   97   98   99  100  101  125  104
  105  106  109  111  113  114  115  116  119  120  121  124  126  993
  130  131  132  135  136  895  638  643  644  649  905  659  996  893
  674  898  850  981 1071  858   89   22  543  654  129  815  945]
ids [  6 102 107 108 112 117 118 123 133 183 228 103 310 313 315 320 353 355
 358 360 363 365 400 403 411 438 128 542 275 547 548 549 550 551 552 553
 554 555 556 557 559 560 562 563 564 565 566 567 568 569 570 571 572 573
 574 575 576 577 579 581 582 584 586 587 589 592 593 594 595 596 597 598
 599 600 601 602 603 604 605 606 607 608 609 610 611 612 613 614 615 616
 617 618 619 620 621 622 624 626 627 629 631 632 634 635 636 637 639 640
 641 642 645 646 647 648 650 426 652 653 655 656 657 658 660 661 662 665
 590 667 671 672 676 813 405 561 670 544 669 580]
ids [   8  966   66   77   80   95  110 1064  138  263  273  503  504  518
  519  529   51   36  663  678  680  715  718  720  723  725  758  760
  765  768 1077  409  903  947  952  953  954  955  956  957  958  959
  960  961  962  963  964  965  967  968  969  970  971  972  973  974
  975  976  977  978  979  980   33  982  984 1076  986  987  989  991
  992  994  995 1035  997  998  999 1000 1001 1002 1003 1004 1005 1006
 1007 1008 1009 1010 1011 1012 1013 1014 1015 1016 1017 1018 1019 1020
 1021 1022 1023 1024 1025 1026 1027 1029 1031 1032 1034 1036 1037 1039
 1041 1042 1045 1046 1047 1050 1051 1052 1081 1055 1056 1057 1058 1060
 1061 1062 1063 1065 1066 1067 1068 1069 1070  810 1072  514  951]
ids [786  38 936  43  45  82  84  87  92  94   7 134 274 368 891 384 398 399
 404 668 673 681 693 753 711 783 860 812 816 817 818 819 820 821 822 823
 824 825 826 827 829 830 831 832 833 834 835 836 837 838 839 840 841 842
 843 844 845 847 848 849 851 852 853 854 855 856 857  50 859 861 862 863
 864 865 866 867 868 869 870 871 872 873 874 875 946 877 878 879 880 881
 882 883 884 885 886 887 741 889 890 892 894 896 897 899 901 902 904 906
 907 908 910 911 912 915 916 917 920 924 922 923 925 926 927 948 930 931
 932 846 935 937 939 814 941 942 944 919 369]
ids [ 234   48  139  770  238 1075  244  248 1040  258 1028  985  378  533
  677 1038  682  683  684  685  686  687  688  689  690  691  692  694
  695  696  697  698  699  700  701  702  703  704  705  706  707  708
  709  710 1080  712  713  714  716  717  719  721  722  724  726  727
  728  729  730  731  732  733  734  735  736  737  738  739  740  784
  742  743  744  745  746  747  748  749  750  751  752  754  755  756
  757  759  761  762  763  764  766  767  769  772  773 1033  775  776
  777  778 1030  780  781  782  785  254  787  990  790  791  792  793
  795  796  797  921  800  802  805  806  807  811  828  876  801  771
  804  983  988  888  950]
ids [127 141 153 156 168 913 379 213 928 171 272 929 277 278 279 280 281 282
 283 284 285 286 287 288 289 290 291 292 293 294 295 296 297 298 299 300
 301 302 303 304 305 307 308 309 311 312 314 316 317 319 261 322 323 324
 325 326 327 328 329 330 331 332 333 334 335 336 337 338 339 340 341 342
 343 344 345 346 347 349 350 351 352 354 356 357 359 361 362 364 246 367
 934 370 371 372 373 374 375 376 377 380 382 383 385 386 387 388 389 390
 391 392 909 395 397 401 402 381 406 453 498 545 578 918 583 585 914 623
 625 628 630 633 943 675 394]
ids [ 122  140  173  178  185  220  223  230  265  268  270  318  407  408
  225  412  413  414  415  416  417  418  419  420  421  422  423  424
  425 1074  427  428  429  430  431  432  433  434  435  436  437  439
  440  441  442  444  446  447  449  451  452  454  456  457  458  459
  460  461  462  463  464  465  466  467  468  469  470  471  472  473
  474  475  476  477  478  479  480  481  482  483  484  485  486  487
  488  489  491  492  494  496  497  499  502  505  506  507  508  509
  510  511  512  513  501  515  516  517  520  521  522  523  524  525
  526  527  528  530  531  532  536  537  539  541  558 1079  588  591
  803  949 1043 1044 1048  534 1053 1059 1054  651  175  546  455  490
  666 1049]
ids [ 137  142  143  144  145  146  147  148  149  150  151  152  154  155
  157  158  159  160  161  162  163  164  165  166  167  169  170  679
  172  174  249  176  177  179  180  181  182  184  187  188  189  190
  191  192  193  194  195  196  197  198  199  200  202  203  204  205
  206  207  208  209  210  211  212  214  215  217  218  219  221  222
  224  201  226  227  229  232  233  235  236  237  240  241  242  243
  245 1073  247  250  251  252  253  231  255  256  257  260  276  262
  266  267  269  271  306  348 1078  393  396  410  443  445  448  450
  366  186  493  495  500  535  538  540  799  789  794  798  264  808
  809  259  933  216  321  239  788  774  779    5]
