17:40:43-INFO: MuStaRD
17:40:43-INFO: Running with 16 available processor(s)
17:40:43-INFO: Using 8 processor(s) for main LAMMPS object.
17:40:43-INFO: State 1 using 5 processor(s)
17:40:43-INFO: State 2 using 1 processor(s)
17:40:43-INFO: State 3 using 1 processor(s)
17:40:43-INFO: State 4 using 1 processor(s)
      Step          Pe(mixed)          E_total                Temp                  Pe                  Ke   Speed(ns/day)
17:40:43-INFO: Step 0
17:40:43-DEBUG: Reaction systems: [[None]
 [0]]
17:40:43-DEBUG: rxn_pairs: [array([1, 2])]
17:40:43-DEBUG: Starting total colors: 5
17:40:43-DEBUG: Number of systems: 2
17:40:43-DEBUG: New total colors: 5
17:40:43-DEBUG: Potential energy for color 0: -31396.423198473647
ebond 4.601135349144363
ebond 4.601135349144363
ebond 4.601135349144363
ebond 4.601135349144363
ebond 4.601135349144363
17:40:43-DEBUG: Potential energy for color 1: -31397.00515366629
xhy 0 13 1 2
xhy 0 13 1 2
xhy 0 13 1 2
xhy 0 13 1 2
xhy 0 13 1 2
h_pos [ 7.72698576  9.33797731 10.62596387] x_pos [ 8.17600687 10.59801269 10.41501435] y_pos [ 6.45700189  8.69500116 10.46497795]
0 rHY 1.4325480160248059 rHX 1.3541819792400176 0.07836603678478826
h_pos [ 7.72698576  9.33797731 10.62596387] x_pos [ 8.17600687 10.59801269 10.41501435] y_pos [ 6.45700189  8.69500116 10.46497795]
h_pos [ 7.72698576  9.33797731 10.62596387] x_pos [ 8.17600687 10.59801269 10.41501435] y_pos [ 6.45700189  8.69500116 10.46497795]
0 rHY 1.4325480160248059 rHX 1.3541819792400176 0.07836603678478826
h_pos [ 7.72698576  9.33797731 10.62596387] x_pos [ 8.17600687 10.59801269 10.41501435] y_pos [ 6.45700189  8.69500116 10.46497795]
0 rHY 1.4325480160248059 rHX 1.3541819792400176 0.07836603678478826
h_pos [ 7.72698576  9.33797731 10.62596387] x_pos [ 8.17600687 10.59801269 10.41501435] y_pos [ 6.45700189  8.69500116 10.46497795]
0 rHY 1.4325480160248059 rHX 1.3541819792400176 0.07836603678478826
0 rHY 1.4325480160248059 rHX 1.3541819792400176 0.07836603678478826
0 cpl_forces h [ 2.21446724  2.50753964 -0.07889791]
0 cpl_forces h [ 2.21446724  2.50753964 -0.07889791]
0 cpl_forces h [ 2.21446724  2.50753964 -0.07889791]
0 cpl_forces h [ 2.21446724  2.50753964 -0.07889791]
0 cpl_forces x [-0.60280287 -1.69157515  0.28319599]
0 cpl_forces x [-0.60280287 -1.69157515  0.28319599]
0 cpl_forces x [-0.60280287 -1.69157515  0.28319599]
0 cpl_forces x [-0.60280287 -1.69157515  0.28319599]
0 cpl_forces y [-1.61166436 -0.81596449 -0.20429808]
0 cpl_forces y [-1.61166436 -0.81596449 -0.20429808]
0 cpl_forces y [-1.61166436 -0.81596449 -0.20429808]
0 cpl_forces y [-1.61166436 -0.81596449 -0.20429808]
0 cpl_forces h [ 2.21446724  2.50753964 -0.07889791]
0 cpl_forces x [-0.60280287 -1.69157515  0.28319599]
17:40:43-DEBUG: System matrix: 
0 cpl_forces y [-1.61166436 -0.81596449 -0.20429808]
17:40:43-DEBUG: [[-3.13964232e+04  7.24949448e-01]
 [ 7.24949448e-01 -3.13970052e+04]]
17:40:43-DEBUG: Eigen values: 
17:40:43-DEBUG: [-31395.93301049 -31397.49534165]
17:40:43-DEBUG: Occupancies: 
17:40:43-DEBUG: [0. 1.]
17:40:43-INFO: coupling 0 0.7249494475243978
17:40:43-DEBUG: Amplitudes: 
17:40:43-DEBUG: [0.31375421 0.68624579]
17:40:43-INFO: forces0 h [ 3.56385381 12.55407803 -2.64482291]
17:40:43-INFO: forces0 x [ -1.1761087  -14.89002804   3.0854038 ]
17:40:43-INFO: forces0 y [ 3.680214    0.19815195 -0.64290461]
17:40:43-INFO: forces1 h [-15.98898695  -7.72742591  -2.43039825]
17:40:43-INFO: forces1 x [ 3.34404158 -3.97769832  1.23684097]
17:40:43-INFO: forces1 y [17.2203801   6.63041198  1.65325549]
pos h  [ 7.72698576  9.33797731 10.62596387]
pos x  [ 8.17600687 10.59801269 10.41501435]
pos y  [ 6.45700189  8.69500116 10.46497795]
 mixed_cpl_forces: h [-2.05510437 -2.32708599  0.07322006]
 mixed_cpl_forces: x [ 0.55942251  1.56984192 -0.26281595]
 mixed_cpl_forces: y [1.49568186 0.75724407 0.18959589]
17:40:43-INFO: mixed forces h [-11.90930516  -3.69110459  -2.42445483]
17:40:43-INFO: mixed forces x [ 2.4852479  -5.83164583  1.5540194 ]
17:40:43-INFO: mixed forces y [14.46777781  5.36950737  1.12242147]
17:40:43-DEBUG: Minimum eigen value: 
17:40:43-DEBUG: -31397.495341649745
17:40:43-DEBUG: Minimum state: 
17:40:43-DEBUG: 1
         0   -31397.4953416497   -31397.4953416497        0.0000000000   -31396.4231984736        0.0000000000      0.00000000
17:40:43-DEBUG: min system: (array([1, 2]),)
YES
YES
YES
YES
YES
YES
YES
YES
YES
YES
YES
YES
YES
YES
YES
YES
reaction occured at step 0 between IDs 1 and 2
ids [ 137  142  143  144  145  146  147  148  149  150  151  152  154  155
  157  158  159  160  161  162  163  164  165  166  167  169  170  171
  172  174  175  176  177  179  180  181  182  184  187  188  189  190
  191  192  193  194  195  196  197  198  199  200  202  203  204  205
  206  207  208  209  210  211  212  214  215  217  218  219  221  222
  224  225  226  227  229  232  233  235  236  237  240  241  242  243
  245  246  247  250  251  252  253  254  255  256  257  260  261  262
  266  267  269  271  306  348  381  393  396  410  443  445  448  450
  455  490  493  495  500  535  538  540  784  789  794  798  804  808
  809  918  933 1073 1078]
ids [  7  38  40  43  45  82  84  87  92  94 129 134 274 368 379 384 398 399
 404 668 673 681 693 753 771 783 801 812 816 817 818 819 820 821 822 823
 824 825 826 827 829 830 831 832 833 834 835 836 837 838 839 840 841 842
 843 844 845 847 848 849 851 852 853 854 855 856 857 858 859 861 862 863
 864 865 866 867 868 869 870 871 872 873 874 875 876 877 878 879 880 881
 882 883 884 885 886 887 888 889 890 892 894 896 897 899 901 902 904 906
 907 908 910 911 912 915 916 917 920 921 922 923 925 926 927 929 930 931
 932 934 935 937 939 940 941 942 944 946 948]
ids [ 122  140  173  178  185  220  223  230  265  268  270  318  407  408
  409  412  413  414  415  416  417  418  419  420  421  422  423  424
  425  426  427  428  429  430  431  432  433  434  435  436  437  439
  440  441  442  444  446  447  449  451  452  454  456  457  458  459
  460  461  462  463  464  465  466  467  468  469  470  471  472  473
  474  475  476  477  478  479  480  481  482  483  484  485  486  487
  488  489  491  492  494  496  497  499  502  505  506  507  508  509
  510  511  512  513  514  515  516  517  520  521  522  523  524  525
  526  527  528  530  531  532  536  537  539  541  558  561  588  591
  803  949 1043 1044 1048 1049 1053 1059 1064 1074 1079]
ids [   5   48  139  234  238  239  244  248  249  258  259  264  378  533
  677  679  682  683  684  685  686  687  688  689  690  691  692  694
  695  696  697  698  699  700  701  702  703  704  705  706  707  708
  709  710  711  712  713  714  716  717  719  721  722  724  726  727
  728  729  730  731  732  733  734  735  736  737  738  739  740  741
  742  743  744  745  746  747  748  749  750  751  752  754  755  756
  757  759  761  762  763  764  766  767  769  772  773  774  775  776
  777  778  779  780  781  782  785  786  787  788  790  791  792  793
  795  796  797  799  800  802  805  806  807  811  828  846  891  936
  950  983  988  990 1028 1030 1033 1035 1038 1040 1075 1080]
ids [   8   22   66   77   80   95  110  125  138  263  273  503  504  518
  519  529  534  543  663  678  680  715  718  720  723  725  758  760
  765  768  770  810  903  947  952  953  954  955  956  957  958  959
  960  961  962  963  964  965  967  968  969  970  971  972  973  974
  975  976  977  978  979  980  981  982  984  985  986  987  989  991
  992  994  995  996  997  998  999 1000 1001 1002 1003 1004 1005 1006
 1007 1008 1009 1010 1011 1012 1013 1014 1015 1016 1017 1018 1019 1020
 1021 1022 1023 1024 1025 1026 1027 1029 1031 1032 1034 1036 1037 1039
 1041 1042 1045 1046 1047 1050 1051 1052 1054 1055 1056 1057 1058 1060
 1061 1062 1063 1065 1066 1067 1068 1069 1070 1071 1072 1076 1077 1081]
ids [  6 102 107 108 112 117 118 123 133 183 228 275 310 313 315 320 353 355
 358 360 363 365 400 403 411 438 501 542 546 547 548 549 550 551 552 553
 554 555 556 557 559 560 562 563 564 565 566 567 568 569 570 571 572 573
 574 575 576 577 579 581 582 584 586 587 589 592 593 594 595 596 597 598
 599 600 601 602 603 604 605 606 607 608 609 610 611 612 613 614 615 616
 617 618 619 620 621 622 624 626 627 629 631 632 634 635 636 637 639 640
 641 642 645 646 647 648 650 651 652 653 655 656 657 658 660 661 662 665
 666 667 671 672 676 813]
ids [127 141 153 156 168 186 201 213 216 231 272 276 277 278 279 280 281 282
 283 284 285 286 287 288 289 290 291 292 293 294 295 296 297 298 299 300
 301 302 303 304 305 307 308 309 311 312 314 316 317 319 321 322 323 324
 325 326 327 328 329 330 331 332 333 334 335 336 337 338 339 340 341 342
 343 344 345 346 347 349 350 351 352 354 356 357 359 361 362 364 366 367
 369 370 371 372 373 374 375 376 377 380 382 383 385 386 387 388 389 390
 391 392 394 395 397 401 402 405 406 453 498 545 578 580 583 585 590 623
 625 628 630 633 670 675 814 909 913 914 919 924 928 943]
ids [  1   2   3   4   9  10  11  12  13  14  15  16  17  18  19  20  21  23
  24  25  26  27  28  29  30  31  32  33  34  35  36  37  39  41  42  44
  46  47  49  50  51  52  53  54  55  56  57  58  59  60  61  62  63  64
  65  67  68  69  70  71  72  73  74  75  76  78  79  81  83  85  86  88
  89  90  91  93  96  97  98  99 100 101 103 104 105 106 109 111 113 114
 115 116 119 120 121 124 126 128 130 131 132 135 136 544 638 643 644 649
 654 659 664 669 674 815 850 860 893 895 898 900 905 938 945 951 966 993]
17:40:43-INFO: Step 1
17:40:43-DEBUG: Reaction systems: [[None]
 [0]]
17:40:43-DEBUG: rxn_pairs: [array([ 1, 13])]
17:40:43-DEBUG: Starting total colors: 5
17:40:43-DEBUG: Number of systems: 2
17:40:43-DEBUG: New total colors: 5
17:40:43-DEBUG: Potential energy for color 0: -31397.0051536663
ebond 3.129821157084677
ebond 3.129821157084677
ebond 3.129821157084677
ebond 3.129821157084677
ebond 3.129821157084677
17:40:43-DEBUG: Potential energy for color 1: -31396.423198473636
xhy 1 2 1 13
xhy 1 2 1 13
xhy 1 2 1 13
xhy 1 2 1 13
xhy 1 2 1 13
h_pos [ 7.72698576  9.33797731 10.62596387] x_pos [ 6.45700189  8.69500116 10.46497795] y_pos [ 8.17600687 10.59801269 10.41501435]
1 rHY 1.3541819792400176 rHX 1.4325480160248059 0.07836603678478826
h_pos [ 7.72698576  9.33797731 10.62596387] x_pos [ 6.45700189  8.69500116 10.46497795] y_pos [ 8.17600687 10.59801269 10.41501435]
h_pos [ 7.72698576  9.33797731 10.62596387] x_pos [ 6.45700189  8.69500116 10.46497795] y_pos [ 8.17600687 10.59801269 10.41501435]
1 rHY 1.3541819792400176 rHX 1.4325480160248059 0.07836603678478826
h_pos [ 7.72698576  9.33797731 10.62596387] x_pos [ 6.45700189  8.69500116 10.46497795] y_pos [ 8.17600687 10.59801269 10.41501435]
1 rHY 1.3541819792400176 rHX 1.4325480160248059 0.07836603678478826
h_pos [ 7.72698576  9.33797731 10.62596387] x_pos [ 6.45700189  8.69500116 10.46497795] y_pos [ 8.17600687 10.59801269 10.41501435]
1 rHY 1.3541819792400176 rHX 1.4325480160248059 0.07836603678478826
1 rHY 1.3541819792400176 rHX 1.4325480160248059 0.07836603678478826
1 cpl_forces h [ 2.21446724  2.50753964 -0.07889791]
1 cpl_forces h [ 2.21446724  2.50753964 -0.07889791]
1 cpl_forces h [ 2.21446724  2.50753964 -0.07889791]
1 cpl_forces h [ 2.21446724  2.50753964 -0.07889791]
1 cpl_forces x [-1.61166436 -0.81596449 -0.20429808]
1 cpl_forces x [-1.61166436 -0.81596449 -0.20429808]
1 cpl_forces x [-1.61166436 -0.81596449 -0.20429808]
1 cpl_forces x [-1.61166436 -0.81596449 -0.20429808]
1 cpl_forces y [-0.60280287 -1.69157515  0.28319599]
1 cpl_forces y [-0.60280287 -1.69157515  0.28319599]
1 cpl_forces y [-0.60280287 -1.69157515  0.28319599]
1 cpl_forces y [-0.60280287 -1.69157515  0.28319599]
1 cpl_forces h [ 2.21446724  2.50753964 -0.07889791]
1 cpl_forces x [-1.61166436 -0.81596449 -0.20429808]
17:40:43-DEBUG: System matrix: 
1 cpl_forces y [-0.60280287 -1.69157515  0.28319599]
17:40:43-DEBUG: [[-3.13970052e+04  7.24949448e-01]
 [ 7.24949448e-01 -3.13964232e+04]]
17:40:43-DEBUG: Eigen values: 
17:40:43-DEBUG: [-31397.49534165 -31395.93301049]
17:40:43-DEBUG: Occupancies: 
17:40:43-DEBUG: [1. 0.]
17:40:43-INFO: coupling 1 0.7249494475243978
17:40:43-DEBUG: Amplitudes: 
17:40:43-DEBUG: [0.68624579 0.31375421]
17:40:43-INFO: forces0 h [-15.98898695  -7.72742591  -2.43039825]
17:40:43-INFO: forces0 x [17.2203801   6.63041198  1.65325549]
17:40:43-INFO: forces0 y [ 3.34404158 -3.97769832  1.23684097]
17:40:43-INFO: forces1 h [ 3.56385381 12.55407803 -2.64482291]
17:40:43-INFO: forces1 x [ 3.680214    0.19815195 -0.64290461]
17:40:43-INFO: forces1 y [ -1.1761087  -14.89002804   3.0854038 ]
pos h  [ 7.72698576  9.33797731 10.62596387]
pos x  [ 6.45700189  8.69500116 10.46497795]
pos y  [ 8.17600687 10.59801269 10.41501435]
 mixed_cpl_forces: h [-2.05510437 -2.32708599  0.07322006]
 mixed_cpl_forces: x [1.49568186 0.75724407 0.18959589]
 mixed_cpl_forces: y [ 0.55942251  1.56984192 -0.26281595]
17:40:43-INFO: mixed forces h [-11.90930516  -3.69110459  -2.42445483]
17:40:43-INFO: mixed forces x [14.46777781  5.36950737  1.12242147]
17:40:43-INFO: mixed forces y [ 2.4852479  -5.83164583  1.5540194 ]
17:40:43-DEBUG: Minimum eigen value: 
17:40:43-DEBUG: -31397.49534164975
17:40:43-DEBUG: Minimum state: 
17:40:43-DEBUG: 0
         1   -31397.4953416497   -31397.4953416497        0.0000000000   -31397.0051536663        0.0000000000      0.08864836
ids [   8   22   66   77   80   95  110  125  138  263  273  503  504  518
  519  529  534  543  663  678  680  715  718  720  723  725  758  760
  765  768  770  810  903  947  952  953  954  955  956  957  958  959
  960  961  962  963  964  965  967  968  969  970  971  972  973  974
  975  976  977  978  979  980  981  982  984  985  986  987  989  991
  992  994  995  996  997  998  999 1000 1001 1002 1003 1004 1005 1006
 1007 1008 1009 1010 1011 1012 1013 1014 1015 1016 1017 1018 1019 1020
 1021 1022 1023 1024 1025 1026 1027 1029 1031 1032 1034 1036 1037 1039
 1041 1042 1045 1046 1047 1050 1051 1052 1054 1055 1056 1057 1058 1060
 1061 1062 1063 1065 1066 1067 1068 1069 1070 1071 1072 1076 1077 1081]
ids [ 137  142  143  144  145  146  147  148  149  150  151  152  154  155
  157  158  159  160  161  162  163  164  165  166  167  169  170  171
  172  174  175  176  177  179  180  181  182  184  187  188  189  190
  191  192  193  194  195  196  197  198  199  200  202  203  204  205
  206  207  208  209  210  211  212  214  215  217  218  219  221  222
  224  225  226  227  229  232  233  235  236  237  240  241  242  243
  245  246  247  250  251  252  253  254  255  256  257  260  261  262
  266  267  269  271  306  348  381  393  396  410  443  445  448  450
  455  490  493  495  500  535  538  540  784  789  794  798  804  808
  809  918  933 1073 1078]
ids [  6 102 107 108 112 117 118 123 133 183 228 275 310 313 315 320 353 355
 358 360 363 365 400 403 411 438 501 542 546 547 548 549 550 551 552 553
 554 555 556 557 559 560 562 563 564 565 566 567 568 569 570 571 572 573
 574 575 576 577 579 581 582 584 586 587 589 592 593 594 595 596 597 598
 599 600 601 602 603 604 605 606 607 608 609 610 611 612 613 614 615 616
 617 618 619 620 621 622 624 626 627 629 631 632 634 635 636 637 639 640
 641 642 645 646 647 648 650 651 652 653 655 656 657 658 660 661 662 665
 666 667 671 672 676 813]
ids [   5   48  139  234  238  239  244  248  249  258  259  264  378  533
  677  679  682  683  684  685  686  687  688  689  690  691  692  694
  695  696  697  698  699  700  701  702  703  704  705  706  707  708
  709  710  711  712  713  714  716  717  719  721  722  724  726  727
  728  729  730  731  732  733  734  735  736  737  738  739  740  741
  742  743  744  745  746  747  748  749  750  751  752  754  755  756
  757  759  761  762  763  764  766  767  769  772  773  774  775  776
  777  778  779  780  781  782  785  786  787  788  790  791  792  793
  795  796  797  799  800  802  805  806  807  811  828  846  891  936
  950  983  988  990 1028 1030 1033 1035 1038 1040 1075 1080]
ids [  7  38  40  43  45  82  84  87  92  94 129 134 274 368 379 384 398 399
 404 668 673 681 693 753 771 783 801 812 816 817 818 819 820 821 822 823
 824 825 826 827 829 830 831 832 833 834 835 836 837 838 839 840 841 842
 843 844 845 847 848 849 851 852 853 854 855 856 857 858 859 861 862 863
 864 865 866 867 868 869 870 871 872 873 874 875 876 877 878 879 880 881
 882 883 884 885 886 887 888 889 890 892 894 896 897 899 901 902 904 906
 907 908 910 911 912 915 916 917 920 921 922 923 925 926 927 929 930 931
 932 934 935 937 939 940 941 942 944 946 948]
ids [ 122  140  173  178  185  220  223  230  265  268  270  318  407  408
  409  412  413  414  415  416  417  418  419  420  421  422  423  424
  425  426  427  428  429  430  431  432  433  434  435  436  437  439
  440  441  442  444  446  447  449  451  452  454  456  457  458  459
  460  461  462  463  464  465  466  467  468  469  470  471  472  473
  474  475  476  477  478  479  480  481  482  483  484  485  486  487
  488  489  491  492  494  496  497  499  502  505  506  507  508  509
  510  511  512  513  514  515  516  517  520  521  522  523  524  525
  526  527  528  530  531  532  536  537  539  541  558  561  588  591
  803  949 1043 1044 1048 1049 1053 1059 1064 1074 1079]
ids [127 141 153 156 168 186 201 213 216 231 272 276 277 278 279 280 281 282
 283 284 285 286 287 288 289 290 291 292 293 294 295 296 297 298 299 300
 301 302 303 304 305 307 308 309 311 312 314 316 317 319 321 322 323 324
 325 326 327 328 329 330 331 332 333 334 335 336 337 338 339 340 341 342
 343 344 345 346 347 349 350 351 352 354 356 357 359 361 362 364 366 367
 369 370 371 372 373 374 375 376 377 380 382 383 385 386 387 388 389 390
 391 392 394 395 397 401 402 405 406 453 498 545 578 580 583 585 590 623
 625 628 630 633 670 675 814 909 913 914 919 924 928 943]
ids [  1   2   3   4   9  10  11  12  13  14  15  16  17  18  19  20  21  23
  24  25  26  27  28  29  30  31  32  33  34  35  36  37  39  41  42  44
  46  47  49  50  51  52  53  54  55  56  57  58  59  60  61  62  63  64
  65  67  68  69  70  71  72  73  74  75  76  78  79  81  83  85  86  88
  89  90  91  93  96  97  98  99 100 101 103 104 105 106 109 111 113 114
 115 116 119 120 121 124 126 128 130 131 132 135 136 544 638 643 644 649
 654 659 664 669 674 815 850 860 893 895 898 900 905 938 945 951 966 993]
17:40:43-INFO: Step 2
17:40:43-DEBUG: Reaction systems: [[None]
 [0]]
17:40:43-DEBUG: rxn_pairs: [array([ 1, 13])]
17:40:43-DEBUG: Starting total colors: 5
17:40:43-DEBUG: Number of systems: 2
17:40:43-DEBUG: New total colors: 5
17:40:43-DEBUG: Potential energy for color 0: -31397.0051536663
ebond 3.129821157084677
ebond 3.129821157084677
ebond 3.129821157084677
ebond 3.129821157084677
ebond 3.129821157084677
17:40:43-DEBUG: Potential energy for color 1: -31396.423198473636
xhy 2 2 1 13
xhy 2 2 1 13
xhy 2 2 1 13
xhy 2 2 1 13
xhy 2 2 1 13
h_pos [ 7.72698576  9.33797731 10.62596387] x_pos [ 6.45700189  8.69500116 10.46497795] y_pos [ 8.17600687 10.59801269 10.41501435]
h_pos [ 7.72698576  9.33797731 10.62596387] x_pos [ 6.45700189  8.69500116 10.46497795] y_pos [ 8.17600687 10.59801269 10.41501435]
h_pos [ 7.72698576  9.33797731 10.62596387] x_pos [ 6.45700189  8.69500116 10.46497795] y_pos [ 8.17600687 10.59801269 10.41501435]
2 rHY 1.3541819792400176 rHX 1.4325480160248059 0.07836603678478826
h_pos [ 7.72698576  9.33797731 10.62596387] x_pos [ 6.45700189  8.69500116 10.46497795] y_pos [ 8.17600687 10.59801269 10.41501435]
2 rHY 1.3541819792400176 rHX 1.4325480160248059 0.07836603678478826
2 rHY 1.3541819792400176 rHX 1.4325480160248059 0.07836603678478826
2 rHY 1.3541819792400176 rHX 1.4325480160248059 0.07836603678478826
2 cpl_forces h [ 2.21446724  2.50753964 -0.07889791]
h_pos [ 7.72698576  9.33797731 10.62596387] x_pos [ 6.45700189  8.69500116 10.46497795] y_pos [ 8.17600687 10.59801269 10.41501435]
2 cpl_forces h [ 2.21446724  2.50753964 -0.07889791]
2 cpl_forces h [ 2.21446724  2.50753964 -0.07889791]
2 cpl_forces h [ 2.21446724  2.50753964 -0.07889791]
2 cpl_forces x [-1.61166436 -0.81596449 -0.20429808]
2 cpl_forces y [-0.60280287 -1.69157515  0.28319599]
2 cpl_forces x [-1.61166436 -0.81596449 -0.20429808]
2 cpl_forces x [-1.61166436 -0.81596449 -0.20429808]
2 rHY 1.3541819792400176 rHX 1.4325480160248059 0.07836603678478826
2 cpl_forces x [-1.61166436 -0.81596449 -0.20429808]
2 cpl_forces y [-0.60280287 -1.69157515  0.28319599]
2 cpl_forces y [-0.60280287 -1.69157515  0.28319599]
2 cpl_forces y [-0.60280287 -1.69157515  0.28319599]
2 cpl_forces h [ 2.21446724  2.50753964 -0.07889791]
17:40:43-DEBUG: System matrix: 
2 cpl_forces x [-1.61166436 -0.81596449 -0.20429808]
17:40:43-DEBUG: [[-3.13970052e+04  7.24949448e-01]
 [ 7.24949448e-01 -3.13964232e+04]]
17:40:43-DEBUG: Eigen values: 
2 cpl_forces y [-0.60280287 -1.69157515  0.28319599]
17:40:43-DEBUG: [-31397.49534165 -31395.93301049]
17:40:43-DEBUG: Occupancies: 
17:40:43-DEBUG: [1. 0.]
17:40:43-INFO: coupling 2 0.7249494475243978
17:40:43-DEBUG: Amplitudes: 
17:40:43-DEBUG: [0.68624579 0.31375421]
17:40:43-INFO: forces0 h [-15.98898695  -7.72742591  -2.43039825]
17:40:43-INFO: forces0 x [17.2203801   6.63041198  1.65325549]
17:40:43-INFO: forces0 y [ 3.34404158 -3.97769832  1.23684097]
17:40:43-INFO: forces1 h [ 3.56385381 12.55407803 -2.64482291]
17:40:43-INFO: forces1 x [ 3.680214    0.19815195 -0.64290461]
17:40:43-INFO: forces1 y [ -1.1761087  -14.89002804   3.0854038 ]
pos h  [ 7.72698576  9.33797731 10.62596387]
pos x  [ 6.45700189  8.69500116 10.46497795]
pos y  [ 8.17600687 10.59801269 10.41501435]
 mixed_cpl_forces: h [-2.05510437 -2.32708599  0.07322006]
 mixed_cpl_forces: x [1.49568186 0.75724407 0.18959589]
 mixed_cpl_forces: y [ 0.55942251  1.56984192 -0.26281595]
17:40:43-INFO: mixed forces h [-11.90930516  -3.69110459  -2.42445483]
17:40:43-INFO: mixed forces x [14.46777781  5.36950737  1.12242147]
17:40:43-INFO: mixed forces y [ 2.4852479  -5.83164583  1.5540194 ]
17:40:43-DEBUG: Minimum eigen value: 
17:40:43-DEBUG: -31397.49534164975
17:40:43-DEBUG: Minimum state: 
17:40:43-DEBUG: 0
         2   -31397.4953416497   -31397.4953416497        0.0000000000   -31397.0051536663        0.0000000000      0.29917268
ids [ 122  140  173  178  185  220  223  230  265  268  270  318  407  408
  409  412  413  414  415  416  417  418  419  420  421  422  423  424
  425  426  427  428  429  430  431  432  433  434  435  436  437  439
  440  441  442  444  446  447  449  451  452  454  456  457  458  459
  460  461  462  463  464  465  466  467  468  469  470  471  472  473
  474  475  476  477  478  479  480  481  482  483  484  485  486  487
  488  489  491  492  494  496  497  499  502  505  506  507  508  509
  510  511  512  513  514  515  516  517  520  521  522  523  524  525
  526  527  528  530  531  532  536  537  539  541  558  561  588  591
  803  949 1043 1044 1048 1049 1053 1059 1064 1074 1079]
ids [  1   2   3   4   9  10  11  12  13  14  15  16  17  18  19  20  21  23
  24  25  26  27  28  29  30  31  32  33  34  35  36  37  39  41  42  44
  46  47  49  50  51  52  53  54  55  56  57  58  59  60  61  62  63  64
  65  67  68  69  70  71  72  73  74  75  76  78  79  81  83  85  86  88
  89  90  91  93  96  97  98  99 100 101 103 104 105 106 109 111 113 114
 115 116 119 120 121 124 126 128 130 131 132 135 136 544 638 643 644 649
 654 659 664 669 674 815 850 860 893 895 898 900 905 938 945 951 966 993]
ids [127 141 153 156 168 186 201 213 216 231 272 276 277 278 279 280 281 282
 283 284 285 286 287 288 289 290 291 292 293 294 295 296 297 298 299 300
 301 302 303 304 305 307 308 309 311 312 314 316 317 319 321 322 323 324
 325 326 327 328 329 330 331 332 333 334 335 336 337 338 339 340 341 342
 343 344 345 346 347 349 350 351 352 354 356 357 359 361 362 364 366 367
 369 370 371 372 373 374 375 376 377 380 382 383 385 386 387 388 389 390
 391 392 394 395 397 401 402 405 406 453 498 545 578 580 583 585 590 623
 625 628 630 633 670 675 814 909 913 914 919 924 928 943]
ids [   8   22   66   77   80   95  110  125  138  263  273  503  504  518
  519  529  534  543  663  678  680  715  718  720  723  725  758  760
  765  768  770  810  903  947  952  953  954  955  956  957  958  959
  960  961  962  963  964  965  967  968  969  970  971  972  973  974
  975  976  977  978  979  980  981  982  984  985  986  987  989  991
  992  994  995  996  997  998  999 1000 1001 1002 1003 1004 1005 1006
 1007 1008 1009 1010 1011 1012 1013 1014 1015 1016 1017 1018 1019 1020
 1021 1022 1023 1024 1025 1026 1027 1029 1031 1032 1034 1036 1037 1039
 1041 1042 1045 1046 1047 1050 1051 1052 1054 1055 1056 1057 1058 1060
 1061 1062 1063 1065 1066 1067 1068 1069 1070 1071 1072 1076 1077 1081]
ids [ 137  142  143  144  145  146  147  148  149  150  151  152  154  155
  157  158  159  160  161  162  163  164  165  166  167  169  170  171
  172  174  175  176  177  179  180  181  182  184  187  188  189  190
  191  192  193  194  195  196  197  198  199  200  202  203  204  205
  206  207  208  209  210  211  212  214  215  217  218  219  221  222
  224  225  226  227  229  232  233  235  236  237  240  241  242  243
  245  246  247  250  251  252  253  254  255  256  257  260  261  262
  266  267  269  271  306  348  381  393  396  410  443  445  448  450
  455  490  493  495  500  535  538  540  784  789  794  798  804  808
  809  918  933 1073 1078]
ids [  6 102 107 108 112 117 118 123 133 183 228 275 310 313 315 320 353 355
 358 360 363 365 400 403 411 438 501 542 546 547 548 549 550 551 552 553
 554 555 556 557 559 560 562 563 564 565 566 567 568 569 570 571 572 573
 574 575 576 577 579 581 582 584 586 587 589 592 593 594 595 596 597 598
 599 600 601 602 603 604 605 606 607 608 609 610 611 612 613 614 615 616
 617 618 619 620 621 622 624 626 627 629 631 632 634 635 636 637 639 640
 641 642 645 646 647 648 650 651 652 653 655 656 657 658 660 661 662 665
 666 667 671 672 676 813]
ids [   5   48  139  234  238  239  244  248  249  258  259  264  378  533
  677  679  682  683  684  685  686  687  688  689  690  691  692  694
  695  696  697  698  699  700  701  702  703  704  705  706  707  708
  709  710  711  712  713  714  716  717  719  721  722  724  726  727
  728  729  730  731  732  733  734  735  736  737  738  739  740  741
  742  743  744  745  746  747  748  749  750  751  752  754  755  756
  757  759  761  762  763  764  766  767  769  772  773  774  775  776
  777  778  779  780  781  782  785  786  787  788  790  791  792  793
  795  796  797  799  800  802  805  806  807  811  828  846  891  936
  950  983  988  990 1028 1030 1033 1035 1038 1040 1075 1080]
ids [  7  38  40  43  45  82  84  87  92  94 129 134 274 368 379 384 398 399
 404 668 673 681 693 753 771 783 801 812 816 817 818 819 820 821 822 823
 824 825 826 827 829 830 831 832 833 834 835 836 837 838 839 840 841 842
 843 844 845 847 848 849 851 852 853 854 855 856 857 858 859 861 862 863
 864 865 866 867 868 869 870 871 872 873 874 875 876 877 878 879 880 881
 882 883 884 885 886 887 888 889 890 892 894 896 897 899 901 902 904 906
 907 908 910 911 912 915 916 917 920 921 922 923 925 926 927 929 930 931
 932 934 935 937 939 940 941 942 944 946 948]
17:40:43-INFO: Step 3
17:40:43-DEBUG: Reaction systems: [[None]
 [0]]
17:40:43-DEBUG: rxn_pairs: [array([ 1, 13])]
17:40:43-DEBUG: Starting total colors: 5
17:40:43-DEBUG: Number of systems: 2
17:40:43-DEBUG: New total colors: 5
17:40:43-DEBUG: Potential energy for color 0: -31397.0051536663
ebond 3.129821157084677
ebond 3.129821157084677
ebond 3.129821157084677
ebond 3.129821157084677
ebond 3.129821157084677
17:40:43-DEBUG: Potential energy for color 1: -31396.423198473636
xhy 3 2 1 13
xhy 3 2 1 13
xhy 3 2 1 13
xhy 3 2 1 13
xhy 3 2 1 13
h_pos [ 7.72698576  9.33797731 10.62596387] x_pos [ 6.45700189  8.69500116 10.46497795] y_pos [ 8.17600687 10.59801269 10.41501435]
h_pos [ 7.72698576  9.33797731 10.62596387] x_pos [ 6.45700189  8.69500116 10.46497795] y_pos [ 8.17600687 10.59801269 10.41501435]
3 rHY 1.3541819792400176 rHX 1.4325480160248059 0.07836603678478826
h_pos [ 7.72698576  9.33797731 10.62596387] x_pos [ 6.45700189  8.69500116 10.46497795] y_pos [ 8.17600687 10.59801269 10.41501435]
3 rHY 1.3541819792400176 rHX 1.4325480160248059 0.07836603678478826
h_pos [ 7.72698576  9.33797731 10.62596387] x_pos [ 6.45700189  8.69500116 10.46497795] y_pos [ 8.17600687 10.59801269 10.41501435]
3 rHY 1.3541819792400176 rHX 1.4325480160248059 0.07836603678478826
3 rHY 1.3541819792400176 rHX 1.4325480160248059 0.07836603678478826
h_pos [ 7.72698576  9.33797731 10.62596387] x_pos [ 6.45700189  8.69500116 10.46497795] y_pos [ 8.17600687 10.59801269 10.41501435]
3 cpl_forces h [ 2.21446724  2.50753964 -0.07889791]
3 cpl_forces h [ 2.21446724  2.50753964 -0.07889791]
3 cpl_forces h [ 2.21446724  2.50753964 -0.07889791]
3 cpl_forces h [ 2.21446724  2.50753964 -0.07889791]
3 cpl_forces x [-1.61166436 -0.81596449 -0.20429808]
3 cpl_forces x [-1.61166436 -0.81596449 -0.20429808]
3 cpl_forces x [-1.61166436 -0.81596449 -0.20429808]
3 cpl_forces x [-1.61166436 -0.81596449 -0.20429808]
3 cpl_forces y [-0.60280287 -1.69157515  0.28319599]
3 cpl_forces y [-0.60280287 -1.69157515  0.28319599]
3 cpl_forces y [-0.60280287 -1.69157515  0.28319599]
3 cpl_forces y [-0.60280287 -1.69157515  0.28319599]
3 rHY 1.3541819792400176 rHX 1.4325480160248059 0.07836603678478826
17:40:43-DEBUG: System matrix: 
3 cpl_forces h [ 2.21446724  2.50753964 -0.07889791]
3 cpl_forces x [-1.61166436 -0.81596449 -0.20429808]
17:40:43-DEBUG: [[-3.13970052e+04  7.24949448e-01]
 [ 7.24949448e-01 -3.13964232e+04]]
17:40:43-DEBUG: Eigen values: 
3 cpl_forces y [-0.60280287 -1.69157515  0.28319599]
17:40:43-DEBUG: [-31397.49534165 -31395.93301049]
17:40:43-DEBUG: Occupancies: 
17:40:43-DEBUG: [1. 0.]
17:40:43-INFO: coupling 3 0.7249494475243978
17:40:43-DEBUG: Amplitudes: 
17:40:43-DEBUG: [0.68624579 0.31375421]
17:40:43-INFO: forces0 h [-15.98898695  -7.72742591  -2.43039825]
17:40:43-INFO: forces0 x [17.2203801   6.63041198  1.65325549]
17:40:43-INFO: forces0 y [ 3.34404158 -3.97769832  1.23684097]
17:40:43-INFO: forces1 h [ 3.56385381 12.55407803 -2.64482291]
17:40:43-INFO: forces1 x [ 3.680214    0.19815195 -0.64290461]
17:40:43-INFO: forces1 y [ -1.1761087  -14.89002804   3.0854038 ]
pos h  [ 7.72698576  9.33797731 10.62596387]
pos x  [ 6.45700189  8.69500116 10.46497795]
pos y  [ 8.17600687 10.59801269 10.41501435]
 mixed_cpl_forces: h [-2.05510437 -2.32708599  0.07322006]
 mixed_cpl_forces: x [1.49568186 0.75724407 0.18959589]
 mixed_cpl_forces: y [ 0.55942251  1.56984192 -0.26281595]
17:40:43-INFO: mixed forces h [-11.90930516  -3.69110459  -2.42445483]
17:40:43-INFO: mixed forces x [14.46777781  5.36950737  1.12242147]
17:40:43-INFO: mixed forces y [ 2.4852479  -5.83164583  1.5540194 ]
17:40:43-DEBUG: Minimum eigen value: 
17:40:43-DEBUG: -31397.49534164975
17:40:43-DEBUG: Minimum state: 
17:40:43-DEBUG: 0
         3   -31397.4953416497   -31397.4953416497        0.0000000000   -31397.0051536663        0.0000000000      0.29532779
ids [ 122  140  173  178  185  220  223  230  265  268  270  318  407  408
  409  412  413  414  415  416  417  418  419  420  421  422  423  424
  425  426  427  428  429  430  431  432  433  434  435  436  437  439
  440  441  442  444  446  447  449  451  452  454  456  457  458  459
  460  461  462  463  464  465  466  467  468  469  470  471  472  473
  474  475  476  477  478  479  480  481  482  483  484  485  486  487
  488  489  491  492  494  496  497  499  502  505  506  507  508  509
  510  511  512  513  514  515  516  517  520  521  522  523  524  525
  526  527  528  530  531  532  536  537  539  541  558  561  588  591
  803  949 1043 1044 1048 1049 1053 1059 1064 1074 1079]
ids [  1   2   3   4   9  10  11  12  13  14  15  16  17  18  19  20  21  23
  24  25  26  27  28  29  30  31  32  33  34  35  36  37  39  41  42  44
  46  47  49  50  51  52  53  54  55  56  57  58  59  60  61  62  63  64
  65  67  68  69  70  71  72  73  74  75  76  78  79  81  83  85  86  88
  89  90  91  93  96  97  98  99 100 101 103 104 105 106 109 111 113 114
 115 116 119 120 121 124 126 128 130 131 132 135 136 544 638 643 644 649
 654 659 664 669 674 815 850 860 893 895 898 900 905 938 945 951 966 993]
ids [  7  38  40  43  45  82  84  87  92  94 129 134 274 368 379 384 398 399
 404 668 673 681 693 753 771 783 801 812 816 817 818 819 820 821 822 823
 824 825 826 827 829 830 831 832 833 834 835 836 837 838 839 840 841 842
 843 844 845 847 848 849 851 852 853 854 855 856 857 858 859 861 862 863
 864 865 866 867 868 869 870 871 872 873 874 875 876 877 878 879 880 881
 882 883 884 885 886 887 888 889 890 892 894 896 897 899 901 902 904 906
 907 908 910 911 912 915 916 917 920 921 922 923 925 926 927 929 930 931
 932 934 935 937 939 940 941 942 944 946 948]
ids [127 141 153 156 168 186 201 213 216 231 272 276 277 278 279 280 281 282
 283 284 285 286 287 288 289 290 291 292 293 294 295 296 297 298 299 300
 301 302 303 304 305 307 308 309 311 312 314 316 317 319 321 322 323 324
 325 326 327 328 329 330 331 332 333 334 335 336 337 338 339 340 341 342
 343 344 345 346 347 349 350 351 352 354 356 357 359 361 362 364 366 367
 369 370 371 372 373 374 375 376 377 380 382 383 385 386 387 388 389 390
 391 392 394 395 397 401 402 405 406 453 498 545 578 580 583 585 590 623
 625 628 630 633 670 675 814 909 913 914 919 924 928 943]
ids [   8   22   66   77   80   95  110  125  138  263  273  503  504  518
  519  529  534  543  663  678  680  715  718  720  723  725  758  760
  765  768  770  810  903  947  952  953  954  955  956  957  958  959
  960  961  962  963  964  965  967  968  969  970  971  972  973  974
  975  976  977  978  979  980  981  982  984  985  986  987  989  991
  992  994  995  996  997  998  999 1000 1001 1002 1003 1004 1005 1006
 1007 1008 1009 1010 1011 1012 1013 1014 1015 1016 1017 1018 1019 1020
 1021 1022 1023 1024 1025 1026 1027 1029 1031 1032 1034 1036 1037 1039
 1041 1042 1045 1046 1047 1050 1051 1052 1054 1055 1056 1057 1058 1060
 1061 1062 1063 1065 1066 1067 1068 1069 1070 1071 1072 1076 1077 1081]
ids [ 137  142  143  144  145  146  147  148  149  150  151  152  154  155
  157  158  159  160  161  162  163  164  165  166  167  169  170  171
  172  174  175  176  177  179  180  181  182  184  187  188  189  190
  191  192  193  194  195  196  197  198  199  200  202  203  204  205
  206  207  208  209  210  211  212  214  215  217  218  219  221  222
  224  225  226  227  229  232  233  235  236  237  240  241  242  243
  245  246  247  250  251  252  253  254  255  256  257  260  261  262
  266  267  269  271  306  348  381  393  396  410  443  445  448  450
  455  490  493  495  500  535  538  540  784  789  794  798  804  808
  809  918  933 1073 1078]
ids [  6 102 107 108 112 117 118 123 133 183 228 275 310 313 315 320 353 355
 358 360 363 365 400 403 411 438 501 542 546 547 548 549 550 551 552 553
 554 555 556 557 559 560 562 563 564 565 566 567 568 569 570 571 572 573
 574 575 576 577 579 581 582 584 586 587 589 592 593 594 595 596 597 598
 599 600 601 602 603 604 605 606 607 608 609 610 611 612 613 614 615 616
 617 618 619 620 621 622 624 626 627 629 631 632 634 635 636 637 639 640
 641 642 645 646 647 648 650 651 652 653 655 656 657 658 660 661 662 665
 666 667 671 672 676 813]
ids [   5   48  139  234  238  239  244  248  249  258  259  264  378  533
  677  679  682  683  684  685  686  687  688  689  690  691  692  694
  695  696  697  698  699  700  701  702  703  704  705  706  707  708
  709  710  711  712  713  714  716  717  719  721  722  724  726  727
  728  729  730  731  732  733  734  735  736  737  738  739  740  741
  742  743  744  745  746  747  748  749  750  751  752  754  755  756
  757  759  761  762  763  764  766  767  769  772  773  774  775  776
  777  778  779  780  781  782  785  786  787  788  790  791  792  793
  795  796  797  799  800  802  805  806  807  811  828  846  891  936
  950  983  988  990 1028 1030 1033 1035 1038 1040 1075 1080]
17:40:44-INFO: Step 4
17:40:44-DEBUG: Reaction systems: [[None]
 [0]]
17:40:44-DEBUG: rxn_pairs: [array([ 1, 13])]
17:40:44-DEBUG: Starting total colors: 5
17:40:44-DEBUG: Number of systems: 2
17:40:44-DEBUG: New total colors: 5
17:40:44-DEBUG: Potential energy for color 0: -31397.0051536663
ebond 3.129821157084677
ebond 3.129821157084677
ebond 3.129821157084677
ebond 3.129821157084677
ebond 3.129821157084677
17:40:44-DEBUG: Potential energy for color 1: -31396.423198473636
xhy 4 2 1 13
xhy 4 2 1 13
xhy 4 2 1 13
xhy 4 2 1 13
xhy 4 2 1 13
h_pos [ 7.72698576  9.33797731 10.62596387] x_pos [ 6.45700189  8.69500116 10.46497795] y_pos [ 8.17600687 10.59801269 10.41501435]
h_pos [ 7.72698576  9.33797731 10.62596387] x_pos [ 6.45700189  8.69500116 10.46497795] y_pos [ 8.17600687 10.59801269 10.41501435]
4 rHY 1.3541819792400176 rHX 1.4325480160248059 0.07836603678478826
h_pos [ 7.72698576  9.33797731 10.62596387] x_pos [ 6.45700189  8.69500116 10.46497795] y_pos [ 8.17600687 10.59801269 10.41501435]
h_pos [ 7.72698576  9.33797731 10.62596387] x_pos [ 6.45700189  8.69500116 10.46497795] y_pos [ 8.17600687 10.59801269 10.41501435]
4 rHY 1.3541819792400176 rHX 1.4325480160248059 0.07836603678478826
4 rHY 1.3541819792400176 rHX 1.4325480160248059 0.07836603678478826
4 rHY 1.3541819792400176 rHX 1.4325480160248059 0.07836603678478826
4 cpl_forces h [ 2.21446724  2.50753964 -0.07889791]
4 cpl_forces h [ 2.21446724  2.50753964 -0.07889791]
4 cpl_forces h [ 2.21446724  2.50753964 -0.07889791]
4 cpl_forces h [ 2.21446724  2.50753964 -0.07889791]
h_pos [ 7.72698576  9.33797731 10.62596387] x_pos [ 6.45700189  8.69500116 10.46497795] y_pos [ 8.17600687 10.59801269 10.41501435]
4 rHY 1.3541819792400176 rHX 1.4325480160248059 0.07836603678478826
4 cpl_forces x [-1.61166436 -0.81596449 -0.20429808]
4 cpl_forces x [-1.61166436 -0.81596449 -0.20429808]
4 cpl_forces x [-1.61166436 -0.81596449 -0.20429808]
4 cpl_forces x [-1.61166436 -0.81596449 -0.20429808]
4 cpl_forces y [-0.60280287 -1.69157515  0.28319599]
4 cpl_forces y [-0.60280287 -1.69157515  0.28319599]
4 cpl_forces y [-0.60280287 -1.69157515  0.28319599]
4 cpl_forces y [-0.60280287 -1.69157515  0.28319599]
4 cpl_forces h [ 2.21446724  2.50753964 -0.07889791]
17:40:44-DEBUG: System matrix: 
4 cpl_forces x [-1.61166436 -0.81596449 -0.20429808]
17:40:44-DEBUG: [[-3.13970052e+04  7.24949448e-01]
 [ 7.24949448e-01 -3.13964232e+04]]
17:40:44-DEBUG: Eigen values: 
4 cpl_forces y [-0.60280287 -1.69157515  0.28319599]
17:40:44-DEBUG: [-31397.49534165 -31395.93301049]
17:40:44-DEBUG: Occupancies: 
17:40:44-DEBUG: [1. 0.]
17:40:44-INFO: coupling 4 0.7249494475243978
17:40:44-DEBUG: Amplitudes: 
17:40:44-DEBUG: [0.68624579 0.31375421]
17:40:44-INFO: forces0 h [-15.98898695  -7.72742591  -2.43039825]
17:40:44-INFO: forces0 x [17.2203801   6.63041198  1.65325549]
17:40:44-INFO: forces0 y [ 3.34404158 -3.97769832  1.23684097]
17:40:44-INFO: forces1 h [ 3.56385381 12.55407803 -2.64482291]
17:40:44-INFO: forces1 x [ 3.680214    0.19815195 -0.64290461]
17:40:44-INFO: forces1 y [ -1.1761087  -14.89002804   3.0854038 ]
pos h  [ 7.72698576  9.33797731 10.62596387]
pos x  [ 6.45700189  8.69500116 10.46497795]
pos y  [ 8.17600687 10.59801269 10.41501435]
 mixed_cpl_forces: h [-2.05510437 -2.32708599  0.07322006]
 mixed_cpl_forces: x [1.49568186 0.75724407 0.18959589]
 mixed_cpl_forces: y [ 0.55942251  1.56984192 -0.26281595]
17:40:44-INFO: mixed forces h [-11.90930516  -3.69110459  -2.42445483]
17:40:44-INFO: mixed forces x [14.46777781  5.36950737  1.12242147]
17:40:44-INFO: mixed forces y [ 2.4852479  -5.83164583  1.5540194 ]
17:40:44-DEBUG: Minimum eigen value: 
17:40:44-DEBUG: -31397.49534164975
17:40:44-DEBUG: Minimum state: 
17:40:44-DEBUG: 0
         4   -31397.4953416497   -31397.4953416497        0.0000000000   -31397.0051536663        0.0000000000      0.29814383
ids [ 122  140  173  178  185  220  223  230  265  268  270  318  407  408
  409  412  413  414  415  416  417  418  419  420  421  422  423  424
  425  426  427  428  429  430  431  432  433  434  435  436  437  439
  440  441  442  444  446  447  449  451  452  454  456  457  458  459
  460  461  462  463  464  465  466  467  468  469  470  471  472  473
  474  475  476  477  478  479  480  481  482  483  484  485  486  487
  488  489  491  492  494  496  497  499  502  505  506  507  508  509
  510  511  512  513  514  515  516  517  520  521  522  523  524  525
  526  527  528  530  531  532  536  537  539  541  558  561  588  591
  803  949 1043 1044 1048 1049 1053 1059 1064 1074 1079]
ids [  1   2   3   4   9  10  11  12  13  14  15  16  17  18  19  20  21  23
  24  25  26  27  28  29  30  31  32  33  34  35  36  37  39  41  42  44
  46  47  49  50  51  52  53  54  55  56  57  58  59  60  61  62  63  64
  65  67  68  69  70  71  72  73  74  75  76  78  79  81  83  85  86  88
  89  90  91  93  96  97  98  99 100 101 103 104 105 106 109 111 113 114
 115 116 119 120 121 124 126 128 130 131 132 135 136 544 638 643 644 649
 654 659 664 669 674 815 850 860 893 895 898 900 905 938 945 951 966 993]
ids [   5   48  139  234  238  239  244  248  249  258  259  264  378  533
  677  679  682  683  684  685  686  687  688  689  690  691  692  694
  695  696  697  698  699  700  701  702  703  704  705  706  707  708
  709  710  711  712  713  714  716  717  719  721  722  724  726  727
  728  729  730  731  732  733  734  735  736  737  738  739  740  741
  742  743  744  745  746  747  748  749  750  751  752  754  755  756
  757  759  761  762  763  764  766  767  769  772  773  774  775  776
  777  778  779  780  781  782  785  786  787  788  790  791  792  793
  795  796  797  799  800  802  805  806  807  811  828  846  891  936
  950  983  988  990 1028 1030 1033 1035 1038 1040 1075 1080]
ids [  7  38  40  43  45  82  84  87  92  94 129 134 274 368 379 384 398 399
 404 668 673 681 693 753 771 783 801 812 816 817 818 819 820 821 822 823
 824 825 826 827 829 830 831 832 833 834 835 836 837 838 839 840 841 842
 843 844 845 847 848 849 851 852 853 854 855 856 857 858 859 861 862 863
 864 865 866 867 868 869 870 871 872 873 874 875 876 877 878 879 880 881
 882 883 884 885 886 887 888 889 890 892 894 896 897 899 901 902 904 906
 907 908 910 911 912 915 916 917 920 921 922 923 925 926 927 929 930 931
 932 934 935 937 939 940 941 942 944 946 948]
ids [127 141 153 156 168 186 201 213 216 231 272 276 277 278 279 280 281 282
 283 284 285 286 287 288 289 290 291 292 293 294 295 296 297 298 299 300
 301 302 303 304 305 307 308 309 311 312 314 316 317 319 321 322 323 324
 325 326 327 328 329 330 331 332 333 334 335 336 337 338 339 340 341 342
 343 344 345 346 347 349 350 351 352 354 356 357 359 361 362 364 366 367
 369 370 371 372 373 374 375 376 377 380 382 383 385 386 387 388 389 390
 391 392 394 395 397 401 402 405 406 453 498 545 578 580 583 585 590 623
 625 628 630 633 670 675 814 909 913 914 919 924 928 943]
ids [   8   22   66   77   80   95  110  125  138  263  273  503  504  518
  519  529  534  543  663  678  680  715  718  720  723  725  758  760
  765  768  770  810  903  947  952  953  954  955  956  957  958  959
  960  961  962  963  964  965  967  968  969  970  971  972  973  974
  975  976  977  978  979  980  981  982  984  985  986  987  989  991
  992  994  995  996  997  998  999 1000 1001 1002 1003 1004 1005 1006
 1007 1008 1009 1010 1011 1012 1013 1014 1015 1016 1017 1018 1019 1020
 1021 1022 1023 1024 1025 1026 1027 1029 1031 1032 1034 1036 1037 1039
 1041 1042 1045 1046 1047 1050 1051 1052 1054 1055 1056 1057 1058 1060
 1061 1062 1063 1065 1066 1067 1068 1069 1070 1071 1072 1076 1077 1081]
ids [ 137  142  143  144  145  146  147  148  149  150  151  152  154  155
  157  158  159  160  161  162  163  164  165  166  167  169  170  171
  172  174  175  176  177  179  180  181  182  184  187  188  189  190
  191  192  193  194  195  196  197  198  199  200  202  203  204  205
  206  207  208  209  210  211  212  214  215  217  218  219  221  222
  224  225  226  227  229  232  233  235  236  237  240  241  242  243
  245  246  247  250  251  252  253  254  255  256  257  260  261  262
  266  267  269  271  306  348  381  393  396  410  443  445  448  450
  455  490  493  495  500  535  538  540  784  789  794  798  804  808
  809  918  933 1073 1078]
ids [  6 102 107 108 112 117 118 123 133 183 228 275 310 313 315 320 353 355
 358 360 363 365 400 403 411 438 501 542 546 547 548 549 550 551 552 553
 554 555 556 557 559 560 562 563 564 565 566 567 568 569 570 571 572 573
 574 575 576 577 579 581 582 584 586 587 589 592 593 594 595 596 597 598
 599 600 601 602 603 604 605 606 607 608 609 610 611 612 613 614 615 616
 617 618 619 620 621 622 624 626 627 629 631 632 634 635 636 637 639 640
 641 642 645 646 647 648 650 651 652 653 655 656 657 658 660 661 662 665
 666 667 671 672 676 813]
17:40:44-INFO: Step 5
17:40:44-DEBUG: Reaction systems: [[None]
 [0]]
17:40:44-DEBUG: rxn_pairs: [array([ 1, 13])]
17:40:44-DEBUG: Starting total colors: 5
17:40:44-DEBUG: Number of systems: 2
17:40:44-DEBUG: New total colors: 5
17:40:44-DEBUG: Potential energy for color 0: -31397.0051536663
ebond 3.129821157084677
ebond 3.129821157084677
ebond 3.129821157084677
ebond 3.129821157084677
ebond 3.129821157084677
17:40:44-DEBUG: Potential energy for color 1: -31396.423198473636
xhy 5 2 1 13
xhy 5 2 1 13
xhy 5 2 1 13
xhy 5 2 1 13
xhy 5 2 1 13
h_pos [ 7.72698576  9.33797731 10.62596387] x_pos [ 6.45700189  8.69500116 10.46497795] y_pos [ 8.17600687 10.59801269 10.41501435]
5 rHY 1.3541819792400176 rHX 1.4325480160248059 0.07836603678478826
h_pos [ 7.72698576  9.33797731 10.62596387] x_pos [ 6.45700189  8.69500116 10.46497795] y_pos [ 8.17600687 10.59801269 10.41501435]
h_pos [ 7.72698576  9.33797731 10.62596387] x_pos [ 6.45700189  8.69500116 10.46497795] y_pos [ 8.17600687 10.59801269 10.41501435]
5 rHY 1.3541819792400176 rHX 1.4325480160248059 0.07836603678478826
h_pos [ 7.72698576  9.33797731 10.62596387] x_pos [ 6.45700189  8.69500116 10.46497795] y_pos [ 8.17600687 10.59801269 10.41501435]
5 rHY 1.3541819792400176 rHX 1.4325480160248059 0.07836603678478826
5 rHY 1.3541819792400176 rHX 1.4325480160248059 0.07836603678478826
h_pos [ 7.72698576  9.33797731 10.62596387] x_pos [ 6.45700189  8.69500116 10.46497795] y_pos [ 8.17600687 10.59801269 10.41501435]
5 cpl_forces h [ 2.21446724  2.50753964 -0.07889791]
5 cpl_forces h [ 2.21446724  2.50753964 -0.07889791]
5 cpl_forces h [ 2.21446724  2.50753964 -0.07889791]
5 cpl_forces x [-1.61166436 -0.81596449 -0.20429808]
5 cpl_forces h [ 2.21446724  2.50753964 -0.07889791]
5 cpl_forces x [-1.61166436 -0.81596449 -0.20429808]
5 cpl_forces x [-1.61166436 -0.81596449 -0.20429808]
5 cpl_forces x [-1.61166436 -0.81596449 -0.20429808]
5 cpl_forces y [-0.60280287 -1.69157515  0.28319599]
5 rHY 1.3541819792400176 rHX 1.4325480160248059 0.07836603678478826
5 cpl_forces y [-0.60280287 -1.69157515  0.28319599]
5 cpl_forces y [-0.60280287 -1.69157515  0.28319599]
5 cpl_forces y [-0.60280287 -1.69157515  0.28319599]
17:40:44-DEBUG: System matrix: 
5 cpl_forces h [ 2.21446724  2.50753964 -0.07889791]
5 cpl_forces x [-1.61166436 -0.81596449 -0.20429808]
17:40:44-DEBUG: [[-3.13970052e+04  7.24949448e-01]
 [ 7.24949448e-01 -3.13964232e+04]]
17:40:44-DEBUG: Eigen values: 
5 cpl_forces y [-0.60280287 -1.69157515  0.28319599]
17:40:44-DEBUG: [-31397.49534165 -31395.93301049]
17:40:44-DEBUG: Occupancies: 
17:40:44-DEBUG: [1. 0.]
17:40:44-INFO: coupling 5 0.7249494475243978
17:40:44-DEBUG: Amplitudes: 
17:40:44-DEBUG: [0.68624579 0.31375421]
17:40:44-INFO: forces0 h [-15.98898695  -7.72742591  -2.43039825]
17:40:44-INFO: forces0 x [17.2203801   6.63041198  1.65325549]
17:40:44-INFO: forces0 y [ 3.34404158 -3.97769832  1.23684097]
17:40:44-INFO: forces1 h [ 3.56385381 12.55407803 -2.64482291]
17:40:44-INFO: forces1 x [ 3.680214    0.19815195 -0.64290461]
17:40:44-INFO: forces1 y [ -1.1761087  -14.89002804   3.0854038 ]
pos h  [ 7.72698576  9.33797731 10.62596387]
pos x  [ 6.45700189  8.69500116 10.46497795]
pos y  [ 8.17600687 10.59801269 10.41501435]
 mixed_cpl_forces: h [-2.05510437 -2.32708599  0.07322006]
 mixed_cpl_forces: x [1.49568186 0.75724407 0.18959589]
 mixed_cpl_forces: y [ 0.55942251  1.56984192 -0.26281595]
17:40:44-INFO: mixed forces h [-11.90930516  -3.69110459  -2.42445483]
17:40:44-INFO: mixed forces x [14.46777781  5.36950737  1.12242147]
17:40:44-INFO: mixed forces y [ 2.4852479  -5.83164583  1.5540194 ]
17:40:44-DEBUG: Minimum eigen value: 
17:40:44-DEBUG: -31397.49534164975
17:40:44-DEBUG: Minimum state: 
17:40:44-DEBUG: 0
         5   -31397.4953416497   -31397.4953416497        0.0000000000   -31397.0051536663        0.0000000000      0.29706845
ids [  6 102 107 108 112 117 118 123 133 183 228 275 310 313 315 320 353 355
 358 360 363 365 400 403 411 438 501 542 546 547 548 549 550 551 552 553
 554 555 556 557 559 560 562 563 564 565 566 567 568 569 570 571 572 573
 574 575 576 577 579 581 582 584 586 587 589 592 593 594 595 596 597 598
 599 600 601 602 603 604 605 606 607 608 609 610 611 612 613 614 615 616
 617 618 619 620 621 622 624 626 627 629 631 632 634 635 636 637 639 640
 641 642 645 646 647 648 650 651 652 653 655 656 657 658 660 661 662 665
 666 667 671 672 676 813]
ids [   5   48  139  234  238  239  244  248  249  258  259  264  378  533
  677  679  682  683  684  685  686  687  688  689  690  691  692  694
  695  696  697  698  699  700  701  702  703  704  705  706  707  708
  709  710  711  712  713  714  716  717  719  721  722  724  726  727
  728  729  730  731  732  733  734  735  736  737  738  739  740  741
  742  743  744  745  746  747  748  749  750  751  752  754  755  756
  757  759  761  762  763  764  766  767  769  772  773  774  775  776
  777  778  779  780  781  782  785  786  787  788  790  791  792  793
  795  796  797  799  800  802  805  806  807  811  828  846  891  936
  950  983  988  990 1028 1030 1033 1035 1038 1040 1075 1080]
ids [  7  38  40  43  45  82  84  87  92  94 129 134 274 368 379 384 398 399
 404 668 673 681 693 753 771 783 801 812 816 817 818 819 820 821 822 823
 824 825 826 827 829 830 831 832 833 834 835 836 837 838 839 840 841 842
 843 844 845 847 848 849 851 852 853 854 855 856 857 858 859 861 862 863
 864 865 866 867 868 869 870 871 872 873 874 875 876 877 878 879 880 881
 882 883 884 885 886 887 888 889 890 892 894 896 897 899 901 902 904 906
 907 908 910 911 912 915 916 917 920 921 922 923 925 926 927 929 930 931
 932 934 935 937 939 940 941 942 944 946 948]
ids [127 141 153 156 168 186 201 213 216 231 272 276 277 278 279 280 281 282
 283 284 285 286 287 288 289 290 291 292 293 294 295 296 297 298 299 300
 301 302 303 304 305 307 308 309 311 312 314 316 317 319 321 322 323 324
 325 326 327 328 329 330 331 332 333 334 335 336 337 338 339 340 341 342
 343 344 345 346 347 349 350 351 352 354 356 357 359 361 362 364 366 367
 369 370 371 372 373 374 375 376 377 380 382 383 385 386 387 388 389 390
 391 392 394 395 397 401 402 405 406 453 498 545 578 580 583 585 590 623
 625 628 630 633 670 675 814 909 913 914 919 924 928 943]
ids [   8   22   66   77   80   95  110  125  138  263  273  503  504  518
  519  529  534  543  663  678  680  715  718  720  723  725  758  760
  765  768  770  810  903  947  952  953  954  955  956  957  958  959
  960  961  962  963  964  965  967  968  969  970  971  972  973  974
  975  976  977  978  979  980  981  982  984  985  986  987  989  991
  992  994  995  996  997  998  999 1000 1001 1002 1003 1004 1005 1006
 1007 1008 1009 1010 1011 1012 1013 1014 1015 1016 1017 1018 1019 1020
 1021 1022 1023 1024 1025 1026 1027 1029 1031 1032 1034 1036 1037 1039
 1041 1042 1045 1046 1047 1050 1051 1052 1054 1055 1056 1057 1058 1060
 1061 1062 1063 1065 1066 1067 1068 1069 1070 1071 1072 1076 1077 1081]
ids [ 137  142  143  144  145  146  147  148  149  150  151  152  154  155
  157  158  159  160  161  162  163  164  165  166  167  169  170  171
  172  174  175  176  177  179  180  181  182  184  187  188  189  190
  191  192  193  194  195  196  197  198  199  200  202  203  204  205
  206  207  208  209  210  211  212  214  215  217  218  219  221  222
  224  225  226  227  229  232  233  235  236  237  240  241  242  243
  245  246  247  250  251  252  253  254  255  256  257  260  261  262
  266  267  269  271  306  348  381  393  396  410  443  445  448  450
  455  490  493  495  500  535  538  540  784  789  794  798  804  808
  809  918  933 1073 1078]
ids [ 122  140  173  178  185  220  223  230  265  268  270  318  407  408
  409  412  413  414  415  416  417  418  419  420  421  422  423  424
  425  426  427  428  429  430  431  432  433  434  435  436  437  439
  440  441  442  444  446  447  449  451  452  454  456  457  458  459
  460  461  462  463  464  465  466  467  468  469  470  471  472  473
  474  475  476  477  478  479  480  481  482  483  484  485  486  487
  488  489  491  492  494  496  497  499  502  505  506  507  508  509
  510  511  512  513  514  515  516  517  520  521  522  523  524  525
  526  527  528  530  531  532  536  537  539  541  558  561  588  591
  803  949 1043 1044 1048 1049 1053 1059 1064 1074 1079]
ids [  1   2   3   4   9  10  11  12  13  14  15  16  17  18  19  20  21  23
  24  25  26  27  28  29  30  31  32  33  34  35  36  37  39  41  42  44
  46  47  49  50  51  52  53  54  55  56  57  58  59  60  61  62  63  64
  65  67  68  69  70  71  72  73  74  75  76  78  79  81  83  85  86  88
  89  90  91  93  96  97  98  99 100 101 103 104 105 106 109 111 113 114
 115 116 119 120 121 124 126 128 130 131 132 135 136 544 638 643 644 649
 654 659 664 669 674 815 850 860 893 895 898 900 905 938 945 951 966 993]
17:40:44-INFO: Step 6
17:40:44-DEBUG: Reaction systems: [[None]
 [0]]
17:40:44-DEBUG: rxn_pairs: [array([ 1, 13])]
17:40:44-DEBUG: Starting total colors: 5
17:40:44-DEBUG: Number of systems: 2
17:40:44-DEBUG: New total colors: 5
17:40:44-DEBUG: Potential energy for color 0: -31397.0051536663
ebond 3.129821157084677
ebond 3.129821157084677
ebond 3.129821157084677
ebond 3.129821157084677
ebond 3.129821157084677
17:40:44-DEBUG: Potential energy for color 1: -31396.423198473636
xhy 6 2 1 13
xhy 6 2 1 13
xhy 6 2 1 13
xhy 6 2 1 13
xhy 6 2 1 13
h_pos [ 7.72698576  9.33797731 10.62596387] x_pos [ 6.45700189  8.69500116 10.46497795] y_pos [ 8.17600687 10.59801269 10.41501435]
h_pos [ 7.72698576  9.33797731 10.62596387] x_pos [ 6.45700189  8.69500116 10.46497795] y_pos [ 8.17600687 10.59801269 10.41501435]
6 rHY 1.3541819792400176 rHX 1.4325480160248059 0.07836603678478826
h_pos [ 7.72698576  9.33797731 10.62596387] x_pos [ 6.45700189  8.69500116 10.46497795] y_pos [ 8.17600687 10.59801269 10.41501435]
h_pos [ 7.72698576  9.33797731 10.62596387] x_pos [ 6.45700189  8.69500116 10.46497795] y_pos [ 8.17600687 10.59801269 10.41501435]
6 rHY 1.3541819792400176 rHX 1.4325480160248059 0.07836603678478826
h_pos [ 7.72698576  9.33797731 10.62596387] x_pos [ 6.45700189  8.69500116 10.46497795] y_pos [ 8.17600687 10.59801269 10.41501435]
6 rHY 1.3541819792400176 rHX 1.4325480160248059 0.07836603678478826
6 rHY 1.3541819792400176 rHX 1.4325480160248059 0.07836603678478826
6 cpl_forces h [ 2.21446724  2.50753964 -0.07889791]
6 cpl_forces h [ 2.21446724  2.50753964 -0.07889791]
6 cpl_forces x [-1.61166436 -0.81596449 -0.20429808]
6 cpl_forces h [ 2.21446724  2.50753964 -0.07889791]
6 rHY 1.3541819792400176 rHX 1.4325480160248059 0.07836603678478826
6 cpl_forces h [ 2.21446724  2.50753964 -0.07889791]
6 cpl_forces x [-1.61166436 -0.81596449 -0.20429808]
6 cpl_forces x [-1.61166436 -0.81596449 -0.20429808]
6 cpl_forces x [-1.61166436 -0.81596449 -0.20429808]
6 cpl_forces y [-0.60280287 -1.69157515  0.28319599]
6 cpl_forces y [-0.60280287 -1.69157515  0.28319599]
6 cpl_forces y [-0.60280287 -1.69157515  0.28319599]
6 cpl_forces y [-0.60280287 -1.69157515  0.28319599]
6 cpl_forces h [ 2.21446724  2.50753964 -0.07889791]
17:40:44-DEBUG: System matrix: 
6 cpl_forces x [-1.61166436 -0.81596449 -0.20429808]
17:40:44-DEBUG: [[-3.13970052e+04  7.24949448e-01]
 [ 7.24949448e-01 -3.13964232e+04]]
6 cpl_forces y [-0.60280287 -1.69157515  0.28319599]
17:40:44-DEBUG: Eigen values: 
17:40:44-DEBUG: [-31397.49534165 -31395.93301049]
17:40:44-DEBUG: Occupancies: 
17:40:44-DEBUG: [1. 0.]
17:40:44-INFO: coupling 6 0.7249494475243978
17:40:44-DEBUG: Amplitudes: 
17:40:44-DEBUG: [0.68624579 0.31375421]
17:40:44-INFO: forces0 h [-15.98898695  -7.72742591  -2.43039825]
17:40:44-INFO: forces0 x [17.2203801   6.63041198  1.65325549]
17:40:44-INFO: forces0 y [ 3.34404158 -3.97769832  1.23684097]
17:40:44-INFO: forces1 h [ 3.56385381 12.55407803 -2.64482291]
17:40:44-INFO: forces1 x [ 3.680214    0.19815195 -0.64290461]
17:40:44-INFO: forces1 y [ -1.1761087  -14.89002804   3.0854038 ]
pos h  [ 7.72698576  9.33797731 10.62596387]
pos x  [ 6.45700189  8.69500116 10.46497795]
pos y  [ 8.17600687 10.59801269 10.41501435]
 mixed_cpl_forces: h [-2.05510437 -2.32708599  0.07322006]
 mixed_cpl_forces: x [1.49568186 0.75724407 0.18959589]
 mixed_cpl_forces: y [ 0.55942251  1.56984192 -0.26281595]
17:40:44-INFO: mixed forces h [-11.90930516  -3.69110459  -2.42445483]
17:40:44-INFO: mixed forces x [14.46777781  5.36950737  1.12242147]
17:40:44-INFO: mixed forces y [ 2.4852479  -5.83164583  1.5540194 ]
17:40:44-DEBUG: Minimum eigen value: 
17:40:44-DEBUG: -31397.49534164975
17:40:44-DEBUG: Minimum state: 
17:40:44-DEBUG: 0
         6   -31397.4953416497   -31397.4953416497        0.0000000000   -31397.0051536663        0.0000000000      0.29745738
ids [ 122  140  173  178  185  220  223  230  265  268  270  318  407  408
  409  412  413  414  415  416  417  418  419  420  421  422  423  424
  425  426  427  428  429  430  431  432  433  434  435  436  437  439
  440  441  442  444  446  447  449  451  452  454  456  457  458  459
  460  461  462  463  464  465  466  467  468  469  470  471  472  473
  474  475  476  477  478  479  480  481  482  483  484  485  486  487
  488  489  491  492  494  496  497  499  502  505  506  507  508  509
  510  511  512  513  514  515  516  517  520  521  522  523  524  525
  526  527  528  530  531  532  536  537  539  541  558  561  588  591
  803  949 1043 1044 1048 1049 1053 1059 1064 1074 1079]
ids [  6 102 107 108 112 117 118 123 133 183 228 275 310 313 315 320 353 355
 358 360 363 365 400 403 411 438 501 542 546 547 548 549 550 551 552 553
 554 555 556 557 559 560 562 563 564 565 566 567 568 569 570 571 572 573
 574 575 576 577 579 581 582 584 586 587 589 592 593 594 595 596 597 598
 599 600 601 602 603 604 605 606 607 608 609 610 611 612 613 614 615 616
 617 618 619 620 621 622 624 626 627 629 631 632 634 635 636 637 639 640
 641 642 645 646 647 648 650 651 652 653 655 656 657 658 660 661 662 665
 666 667 671 672 676 813]
ids [   5   48  139  234  238  239  244  248  249  258  259  264  378  533
  677  679  682  683  684  685  686  687  688  689  690  691  692  694
  695  696  697  698  699  700  701  702  703  704  705  706  707  708
  709  710  711  712  713  714  716  717  719  721  722  724  726  727
  728  729  730  731  732  733  734  735  736  737  738  739  740  741
  742  743  744  745  746  747  748  749  750  751  752  754  755  756
  757  759  761  762  763  764  766  767  769  772  773  774  775  776
  777  778  779  780  781  782  785  786  787  788  790  791  792  793
  795  796  797  799  800  802  805  806  807  811  828  846  891  936
  950  983  988  990 1028 1030 1033 1035 1038 1040 1075 1080]
ids [  7  38  40  43  45  82  84  87  92  94 129 134 274 368 379 384 398 399
 404 668 673 681 693 753 771 783 801 812 816 817 818 819 820 821 822 823
 824 825 826 827 829 830 831 832 833 834 835 836 837 838 839 840 841 842
 843 844 845 847 848 849 851 852 853 854 855 856 857 858 859 861 862 863
 864 865 866 867 868 869 870 871 872 873 874 875 876 877 878 879 880 881
 882 883 884 885 886 887 888 889 890 892 894 896 897 899 901 902 904 906
 907 908 910 911 912 915 916 917 920 921 922 923 925 926 927 929 930 931
 932 934 935 937 939 940 941 942 944 946 948]
ids [127 141 153 156 168 186 201 213 216 231 272 276 277 278 279 280 281 282
 283 284 285 286 287 288 289 290 291 292 293 294 295 296 297 298 299 300
 301 302 303 304 305 307 308 309 311 312 314 316 317 319 321 322 323 324
 325 326 327 328 329 330 331 332 333 334 335 336 337 338 339 340 341 342
 343 344 345 346 347 349 350 351 352 354 356 357 359 361 362 364 366 367
 369 370 371 372 373 374 375 376 377 380 382 383 385 386 387 388 389 390
 391 392 394 395 397 401 402 405 406 453 498 545 578 580 583 585 590 623
 625 628 630 633 670 675 814 909 913 914 919 924 928 943]
ids [   8   22   66   77   80   95  110  125  138  263  273  503  504  518
  519  529  534  543  663  678  680  715  718  720  723  725  758  760
  765  768  770  810  903  947  952  953  954  955  956  957  958  959
  960  961  962  963  964  965  967  968  969  970  971  972  973  974
  975  976  977  978  979  980  981  982  984  985  986  987  989  991
  992  994  995  996  997  998  999 1000 1001 1002 1003 1004 1005 1006
 1007 1008 1009 1010 1011 1012 1013 1014 1015 1016 1017 1018 1019 1020
 1021 1022 1023 1024 1025 1026 1027 1029 1031 1032 1034 1036 1037 1039
 1041 1042 1045 1046 1047 1050 1051 1052 1054 1055 1056 1057 1058 1060
 1061 1062 1063 1065 1066 1067 1068 1069 1070 1071 1072 1076 1077 1081]
ids [ 137  142  143  144  145  146  147  148  149  150  151  152  154  155
  157  158  159  160  161  162  163  164  165  166  167  169  170  171
  172  174  175  176  177  179  180  181  182  184  187  188  189  190
  191  192  193  194  195  196  197  198  199  200  202  203  204  205
  206  207  208  209  210  211  212  214  215  217  218  219  221  222
  224  225  226  227  229  232  233  235  236  237  240  241  242  243
  245  246  247  250  251  252  253  254  255  256  257  260  261  262
  266  267  269  271  306  348  381  393  396  410  443  445  448  450
  455  490  493  495  500  535  538  540  784  789  794  798  804  808
  809  918  933 1073 1078]
ids [  1   2   3   4   9  10  11  12  13  14  15  16  17  18  19  20  21  23
  24  25  26  27  28  29  30  31  32  33  34  35  36  37  39  41  42  44
  46  47  49  50  51  52  53  54  55  56  57  58  59  60  61  62  63  64
  65  67  68  69  70  71  72  73  74  75  76  78  79  81  83  85  86  88
  89  90  91  93  96  97  98  99 100 101 103 104 105 106 109 111 113 114
 115 116 119 120 121 124 126 128 130 131 132 135 136 544 638 643 644 649
 654 659 664 669 674 815 850 860 893 895 898 900 905 938 945 951 966 993]
17:40:44-INFO: Step 7
17:40:44-DEBUG: Reaction systems: [[None]
 [0]]
17:40:44-DEBUG: rxn_pairs: [array([ 1, 13])]
17:40:44-DEBUG: Starting total colors: 5
17:40:44-DEBUG: Number of systems: 2
17:40:44-DEBUG: New total colors: 5
17:40:44-DEBUG: Potential energy for color 0: -31397.0051536663
ebond 3.129821157084677
ebond 3.129821157084677
ebond 3.129821157084677
ebond 3.129821157084677
ebond 3.129821157084677
17:40:44-DEBUG: Potential energy for color 1: -31396.423198473636
xhy 7 2 1 13
xhy 7 2 1 13
xhy 7 2 1 13
xhy 7 2 1 13
xhy 7 2 1 13
h_pos [ 7.72698576  9.33797731 10.62596387] x_pos [ 6.45700189  8.69500116 10.46497795] y_pos [ 8.17600687 10.59801269 10.41501435]
7 rHY 1.3541819792400176 rHX 1.4325480160248059 0.07836603678478826
h_pos [ 7.72698576  9.33797731 10.62596387] x_pos [ 6.45700189  8.69500116 10.46497795] y_pos [ 8.17600687 10.59801269 10.41501435]
7 rHY 1.3541819792400176 rHX 1.4325480160248059 0.07836603678478826
h_pos [ 7.72698576  9.33797731 10.62596387] x_pos [ 6.45700189  8.69500116 10.46497795] y_pos [ 8.17600687 10.59801269 10.41501435]
h_pos [ 7.72698576  9.33797731 10.62596387] x_pos [ 6.45700189  8.69500116 10.46497795] y_pos [ 8.17600687 10.59801269 10.41501435]
h_pos [ 7.72698576  9.33797731 10.62596387] x_pos [ 6.45700189  8.69500116 10.46497795] y_pos [ 8.17600687 10.59801269 10.41501435]
7 rHY 1.3541819792400176 rHX 1.4325480160248059 0.07836603678478826
7 rHY 1.3541819792400176 rHX 1.4325480160248059 0.07836603678478826
7 cpl_forces h [ 2.21446724  2.50753964 -0.07889791]
7 cpl_forces h [ 2.21446724  2.50753964 -0.07889791]
7 cpl_forces h [ 2.21446724  2.50753964 -0.07889791]
7 cpl_forces x [-1.61166436 -0.81596449 -0.20429808]
7 rHY 1.3541819792400176 rHX 1.4325480160248059 0.07836603678478826
7 cpl_forces h [ 2.21446724  2.50753964 -0.07889791]
7 cpl_forces x [-1.61166436 -0.81596449 -0.20429808]
7 cpl_forces y [-0.60280287 -1.69157515  0.28319599]
7 cpl_forces x [-1.61166436 -0.81596449 -0.20429808]
7 cpl_forces y [-0.60280287 -1.69157515  0.28319599]
7 cpl_forces y [-0.60280287 -1.69157515  0.28319599]
7 cpl_forces x [-1.61166436 -0.81596449 -0.20429808]
7 cpl_forces y [-0.60280287 -1.69157515  0.28319599]
7 cpl_forces h [ 2.21446724  2.50753964 -0.07889791]
17:40:44-DEBUG: System matrix: 
7 cpl_forces x [-1.61166436 -0.81596449 -0.20429808]
7 cpl_forces y [-0.60280287 -1.69157515  0.28319599]
17:40:44-DEBUG: [[-3.13970052e+04  7.24949448e-01]
 [ 7.24949448e-01 -3.13964232e+04]]
17:40:44-DEBUG: Eigen values: 
17:40:44-DEBUG: [-31397.49534165 -31395.93301049]
17:40:44-DEBUG: Occupancies: 
17:40:44-DEBUG: [1. 0.]
17:40:44-INFO: coupling 7 0.7249494475243978
17:40:44-DEBUG: Amplitudes: 
17:40:44-DEBUG: [0.68624579 0.31375421]
17:40:44-INFO: forces0 h [-15.98898695  -7.72742591  -2.43039825]
17:40:44-INFO: forces0 x [17.2203801   6.63041198  1.65325549]
17:40:44-INFO: forces0 y [ 3.34404158 -3.97769832  1.23684097]
17:40:44-INFO: forces1 h [ 3.56385381 12.55407803 -2.64482291]
17:40:44-INFO: forces1 x [ 3.680214    0.19815195 -0.64290461]
17:40:44-INFO: forces1 y [ -1.1761087  -14.89002804   3.0854038 ]
pos h  [ 7.72698576  9.33797731 10.62596387]
pos x  [ 6.45700189  8.69500116 10.46497795]
pos y  [ 8.17600687 10.59801269 10.41501435]
 mixed_cpl_forces: h [-2.05510437 -2.32708599  0.07322006]
 mixed_cpl_forces: x [1.49568186 0.75724407 0.18959589]
 mixed_cpl_forces: y [ 0.55942251  1.56984192 -0.26281595]
17:40:44-INFO: mixed forces h [-11.90930516  -3.69110459  -2.42445483]
17:40:44-INFO: mixed forces x [14.46777781  5.36950737  1.12242147]
17:40:44-INFO: mixed forces y [ 2.4852479  -5.83164583  1.5540194 ]
17:40:44-DEBUG: Minimum eigen value: 
17:40:44-DEBUG: -31397.49534164975
17:40:44-DEBUG: Minimum state: 
17:40:44-DEBUG: 0
         7   -31397.4953416497   -31397.4953416497        0.0000000000   -31397.0051536663        0.0000000000      0.29575923
ids [   8   22   66   77   80   95  110  125  138  263  273  503  504  518
  519  529  534  543  663  678  680  715  718  720  723  725  758  760
  765  768  770  810  903  947  952  953  954  955  956  957  958  959
  960  961  962  963  964  965  967  968  969  970  971  972  973  974
  975  976  977  978  979  980  981  982  984  985  986  987  989  991
  992  994  995  996  997  998  999 1000 1001 1002 1003 1004 1005 1006
 1007 1008 1009 1010 1011 1012 1013 1014 1015 1016 1017 1018 1019 1020
 1021 1022 1023 1024 1025 1026 1027 1029 1031 1032 1034 1036 1037 1039
 1041 1042 1045 1046 1047 1050 1051 1052 1054 1055 1056 1057 1058 1060
 1061 1062 1063 1065 1066 1067 1068 1069 1070 1071 1072 1076 1077 1081]
ids [  1   2   3   4   9  10  11  12  13  14  15  16  17  18  19  20  21  23
  24  25  26  27  28  29  30  31  32  33  34  35  36  37  39  41  42  44
  46  47  49  50  51  52  53  54  55  56  57  58  59  60  61  62  63  64
  65  67  68  69  70  71  72  73  74  75  76  78  79  81  83  85  86  88
  89  90  91  93  96  97  98  99 100 101 103 104 105 106 109 111 113 114
 115 116 119 120 121 124 126 128 130 131 132 135 136 544 638 643 644 649
 654 659 664 669 674 815 850 860 893 895 898 900 905 938 945 951 966 993]
ids [ 137  142  143  144  145  146  147  148  149  150  151  152  154  155
  157  158  159  160  161  162  163  164  165  166  167  169  170  171
  172  174  175  176  177  179  180  181  182  184  187  188  189  190
  191  192  193  194  195  196  197  198  199  200  202  203  204  205
  206  207  208  209  210  211  212  214  215  217  218  219  221  222
  224  225  226  227  229  232  233  235  236  237  240  241  242  243
  245  246  247  250  251  252  253  254  255  256  257  260  261  262
  266  267  269  271  306  348  381  393  396  410  443  445  448  450
  455  490  493  495  500  535  538  540  784  789  794  798  804  808
  809  918  933 1073 1078]
ids [ 122  140  173  178  185  220  223  230  265  268  270  318  407  408
  409  412  413  414  415  416  417  418  419  420  421  422  423  424
  425  426  427  428  429  430  431  432  433  434  435  436  437  439
  440  441  442  444  446  447  449  451  452  454  456  457  458  459
  460  461  462  463  464  465  466  467  468  469  470  471  472  473
  474  475  476  477  478  479  480  481  482  483  484  485  486  487
  488  489  491  492  494  496  497  499  502  505  506  507  508  509
  510  511  512  513  514  515  516  517  520  521  522  523  524  525
  526  527  528  530  531  532  536  537  539  541  558  561  588  591
  803  949 1043 1044 1048 1049 1053 1059 1064 1074 1079]
ids [  6 102 107 108 112 117 118 123 133 183 228 275 310 313 315 320 353 355
 358 360 363 365 400 403 411 438 501 542 546 547 548 549 550 551 552 553
 554 555 556 557 559 560 562 563 564 565 566 567 568 569 570 571 572 573
 574 575 576 577 579 581 582 584 586 587 589 592 593 594 595 596 597 598
 599 600 601 602 603 604 605 606 607 608 609 610 611 612 613 614 615 616
 617 618 619 620 621 622 624 626 627 629 631 632 634 635 636 637 639 640
 641 642 645 646 647 648 650 651 652 653 655 656 657 658 660 661 662 665
 666 667 671 672 676 813]
ids [   5   48  139  234  238  239  244  248  249  258  259  264  378  533
  677  679  682  683  684  685  686  687  688  689  690  691  692  694
  695  696  697  698  699  700  701  702  703  704  705  706  707  708
  709  710  711  712  713  714  716  717  719  721  722  724  726  727
  728  729  730  731  732  733  734  735  736  737  738  739  740  741
  742  743  744  745  746  747  748  749  750  751  752  754  755  756
  757  759  761  762  763  764  766  767  769  772  773  774  775  776
  777  778  779  780  781  782  785  786  787  788  790  791  792  793
  795  796  797  799  800  802  805  806  807  811  828  846  891  936
  950  983  988  990 1028 1030 1033 1035 1038 1040 1075 1080]
ids [  7  38  40  43  45  82  84  87  92  94 129 134 274 368 379 384 398 399
 404 668 673 681 693 753 771 783 801 812 816 817 818 819 820 821 822 823
 824 825 826 827 829 830 831 832 833 834 835 836 837 838 839 840 841 842
 843 844 845 847 848 849 851 852 853 854 855 856 857 858 859 861 862 863
 864 865 866 867 868 869 870 871 872 873 874 875 876 877 878 879 880 881
 882 883 884 885 886 887 888 889 890 892 894 896 897 899 901 902 904 906
 907 908 910 911 912 915 916 917 920 921 922 923 925 926 927 929 930 931
 932 934 935 937 939 940 941 942 944 946 948]
ids [127 141 153 156 168 186 201 213 216 231 272 276 277 278 279 280 281 282
 283 284 285 286 287 288 289 290 291 292 293 294 295 296 297 298 299 300
 301 302 303 304 305 307 308 309 311 312 314 316 317 319 321 322 323 324
 325 326 327 328 329 330 331 332 333 334 335 336 337 338 339 340 341 342
 343 344 345 346 347 349 350 351 352 354 356 357 359 361 362 364 366 367
 369 370 371 372 373 374 375 376 377 380 382 383 385 386 387 388 389 390
 391 392 394 395 397 401 402 405 406 453 498 545 578 580 583 585 590 623
 625 628 630 633 670 675 814 909 913 914 919 924 928 943]
17:40:44-INFO: Step 8
17:40:44-DEBUG: Reaction systems: [[None]
 [0]]
17:40:44-DEBUG: rxn_pairs: [array([ 1, 13])]
17:40:44-DEBUG: Starting total colors: 5
17:40:44-DEBUG: Number of systems: 2
17:40:44-DEBUG: New total colors: 5
17:40:44-DEBUG: Potential energy for color 0: -31397.0051536663
ebond 3.129821157084677
ebond 3.129821157084677
ebond 3.129821157084677
ebond 3.129821157084677
ebond 3.129821157084677
17:40:44-DEBUG: Potential energy for color 1: -31396.423198473636
xhy 8 2 1 13
xhy 8 2 1 13
xhy 8 2 1 13
xhy 8 2 1 13
xhy 8 2 1 13
h_pos [ 7.72698576  9.33797731 10.62596387] x_pos [ 6.45700189  8.69500116 10.46497795] y_pos [ 8.17600687 10.59801269 10.41501435]
h_pos [ 7.72698576  9.33797731 10.62596387] x_pos [ 6.45700189  8.69500116 10.46497795] y_pos [ 8.17600687 10.59801269 10.41501435]
8 rHY 1.3541819792400176 rHX 1.4325480160248059 0.07836603678478826
h_pos [ 7.72698576  9.33797731 10.62596387] x_pos [ 6.45700189  8.69500116 10.46497795] y_pos [ 8.17600687 10.59801269 10.41501435]
h_pos [ 7.72698576  9.33797731 10.62596387] x_pos [ 6.45700189  8.69500116 10.46497795] y_pos [ 8.17600687 10.59801269 10.41501435]
8 rHY 1.3541819792400176 rHX 1.4325480160248059 0.07836603678478826
8 rHY 1.3541819792400176 rHX 1.4325480160248059 0.07836603678478826
8 rHY 1.3541819792400176 rHX 1.4325480160248059 0.07836603678478826
h_pos [ 7.72698576  9.33797731 10.62596387] x_pos [ 6.45700189  8.69500116 10.46497795] y_pos [ 8.17600687 10.59801269 10.41501435]
8 cpl_forces h [ 2.21446724  2.50753964 -0.07889791]
8 cpl_forces h [ 2.21446724  2.50753964 -0.07889791]
8 cpl_forces x [-1.61166436 -0.81596449 -0.20429808]
8 cpl_forces h [ 2.21446724  2.50753964 -0.07889791]
8 rHY 1.3541819792400176 rHX 1.4325480160248059 0.07836603678478826
8 cpl_forces h [ 2.21446724  2.50753964 -0.07889791]
8 cpl_forces x [-1.61166436 -0.81596449 -0.20429808]
8 cpl_forces y [-0.60280287 -1.69157515  0.28319599]
8 cpl_forces x [-1.61166436 -0.81596449 -0.20429808]
8 cpl_forces x [-1.61166436 -0.81596449 -0.20429808]
8 cpl_forces y [-0.60280287 -1.69157515  0.28319599]
8 cpl_forces y [-0.60280287 -1.69157515  0.28319599]
8 cpl_forces y [-0.60280287 -1.69157515  0.28319599]
8 cpl_forces h [ 2.21446724  2.50753964 -0.07889791]
17:40:44-DEBUG: System matrix: 
8 cpl_forces x [-1.61166436 -0.81596449 -0.20429808]
17:40:44-DEBUG: [[-3.13970052e+04  7.24949448e-01]
 [ 7.24949448e-01 -3.13964232e+04]]
17:40:44-DEBUG: Eigen values: 
8 cpl_forces y [-0.60280287 -1.69157515  0.28319599]
17:40:44-DEBUG: [-31397.49534165 -31395.93301049]
17:40:44-DEBUG: Occupancies: 
17:40:44-DEBUG: [1. 0.]
17:40:44-INFO: coupling 8 0.7249494475243978
17:40:44-DEBUG: Amplitudes: 
17:40:44-DEBUG: [0.68624579 0.31375421]
17:40:44-INFO: forces0 h [-15.98898695  -7.72742591  -2.43039825]
17:40:44-INFO: forces0 x [17.2203801   6.63041198  1.65325549]
17:40:44-INFO: forces0 y [ 3.34404158 -3.97769832  1.23684097]
17:40:44-INFO: forces1 h [ 3.56385381 12.55407803 -2.64482291]
17:40:44-INFO: forces1 x [ 3.680214    0.19815195 -0.64290461]
17:40:44-INFO: forces1 y [ -1.1761087  -14.89002804   3.0854038 ]
pos h  [ 7.72698576  9.33797731 10.62596387]
pos x  [ 6.45700189  8.69500116 10.46497795]
pos y  [ 8.17600687 10.59801269 10.41501435]
 mixed_cpl_forces: h [-2.05510437 -2.32708599  0.07322006]
 mixed_cpl_forces: x [1.49568186 0.75724407 0.18959589]
 mixed_cpl_forces: y [ 0.55942251  1.56984192 -0.26281595]
17:40:44-INFO: mixed forces h [-11.90930516  -3.69110459  -2.42445483]
17:40:44-INFO: mixed forces x [14.46777781  5.36950737  1.12242147]
17:40:44-INFO: mixed forces y [ 2.4852479  -5.83164583  1.5540194 ]
17:40:44-DEBUG: Minimum eigen value: 
17:40:44-DEBUG: -31397.49534164975
17:40:44-DEBUG: Minimum state: 
17:40:44-DEBUG: 0
         8   -31397.4953416497   -31397.4953416497        0.0000000000   -31397.0051536663        0.0000000000      0.29868937
ids [  1   2   3   4   9  10  11  12  13  14  15  16  17  18  19  20  21  23
  24  25  26  27  28  29  30  31  32  33  34  35  36  37  39  41  42  44
  46  47  49  50  51  52  53  54  55  56  57  58  59  60  61  62  63  64
  65  67  68  69  70  71  72  73  74  75  76  78  79  81  83  85  86  88
  89  90  91  93  96  97  98  99 100 101 103 104 105 106 109 111 113 114
 115 116 119 120 121 124 126 128 130 131 132 135 136 544 638 643 644 649
 654 659 664 669 674 815 850 860 893 895 898 900 905 938 945 951 966 993]
ids [127 141 153 156 168 186 201 213 216 231 272 276 277 278 279 280 281 282
 283 284 285 286 287 288 289 290 291 292 293 294 295 296 297 298 299 300
 301 302 303 304 305 307 308 309 311 312 314 316 317 319 321 322 323 324
 325 326 327 328 329 330 331 332 333 334 335 336 337 338 339 340 341 342
 343 344 345 346 347 349 350 351 352 354 356 357 359 361 362 364 366 367
 369 370 371 372 373 374 375 376 377 380 382 383 385 386 387 388 389 390
 391 392 394 395 397 401 402 405 406 453 498 545 578 580 583 585 590 623
 625 628 630 633 670 675 814 909 913 914 919 924 928 943]
ids [ 137  142  143  144  145  146  147  148  149  150  151  152  154  155
  157  158  159  160  161  162  163  164  165  166  167  169  170  171
  172  174  175  176  177  179  180  181  182  184  187  188  189  190
  191  192  193  194  195  196  197  198  199  200  202  203  204  205
  206  207  208  209  210  211  212  214  215  217  218  219  221  222
  224  225  226  227  229  232  233  235  236  237  240  241  242  243
  245  246  247  250  251  252  253  254  255  256  257  260  261  262
  266  267  269  271  306  348  381  393  396  410  443  445  448  450
  455  490  493  495  500  535  538  540  784  789  794  798  804  808
  809  918  933 1073 1078]
ids [ 122  140  173  178  185  220  223  230  265  268  270  318  407  408
  409  412  413  414  415  416  417  418  419  420  421  422  423  424
  425  426  427  428  429  430  431  432  433  434  435  436  437  439
  440  441  442  444  446  447  449  451  452  454  456  457  458  459
  460  461  462  463  464  465  466  467  468  469  470  471  472  473
  474  475  476  477  478  479  480  481  482  483  484  485  486  487
  488  489  491  492  494  496  497  499  502  505  506  507  508  509
  510  511  512  513  514  515  516  517  520  521  522  523  524  525
  526  527  528  530  531  532  536  537  539  541  558  561  588  591
  803  949 1043 1044 1048 1049 1053 1059 1064 1074 1079]
ids [  6 102 107 108 112 117 118 123 133 183 228 275 310 313 315 320 353 355
 358 360 363 365 400 403 411 438 501 542 546 547 548 549 550 551 552 553
 554 555 556 557 559 560 562 563 564 565 566 567 568 569 570 571 572 573
 574 575 576 577 579 581 582 584 586 587 589 592 593 594 595 596 597 598
 599 600 601 602 603 604 605 606 607 608 609 610 611 612 613 614 615 616
 617 618 619 620 621 622 624 626 627 629 631 632 634 635 636 637 639 640
 641 642 645 646 647 648 650 651 652 653 655 656 657 658 660 661 662 665
 666 667 671 672 676 813]
ids [   5   48  139  234  238  239  244  248  249  258  259  264  378  533
  677  679  682  683  684  685  686  687  688  689  690  691  692  694
  695  696  697  698  699  700  701  702  703  704  705  706  707  708
  709  710  711  712  713  714  716  717  719  721  722  724  726  727
  728  729  730  731  732  733  734  735  736  737  738  739  740  741
  742  743  744  745  746  747  748  749  750  751  752  754  755  756
  757  759  761  762  763  764  766  767  769  772  773  774  775  776
  777  778  779  780  781  782  785  786  787  788  790  791  792  793
  795  796  797  799  800  802  805  806  807  811  828  846  891  936
  950  983  988  990 1028 1030 1033 1035 1038 1040 1075 1080]
ids [  7  38  40  43  45  82  84  87  92  94 129 134 274 368 379 384 398 399
 404 668 673 681 693 753 771 783 801 812 816 817 818 819 820 821 822 823
 824 825 826 827 829 830 831 832 833 834 835 836 837 838 839 840 841 842
 843 844 845 847 848 849 851 852 853 854 855 856 857 858 859 861 862 863
 864 865 866 867 868 869 870 871 872 873 874 875 876 877 878 879 880 881
 882 883 884 885 886 887 888 889 890 892 894 896 897 899 901 902 904 906
 907 908 910 911 912 915 916 917 920 921 922 923 925 926 927 929 930 931
 932 934 935 937 939 940 941 942 944 946 948]
ids [   8   22   66   77   80   95  110  125  138  263  273  503  504  518
  519  529  534  543  663  678  680  715  718  720  723  725  758  760
  765  768  770  810  903  947  952  953  954  955  956  957  958  959
  960  961  962  963  964  965  967  968  969  970  971  972  973  974
  975  976  977  978  979  980  981  982  984  985  986  987  989  991
  992  994  995  996  997  998  999 1000 1001 1002 1003 1004 1005 1006
 1007 1008 1009 1010 1011 1012 1013 1014 1015 1016 1017 1018 1019 1020
 1021 1022 1023 1024 1025 1026 1027 1029 1031 1032 1034 1036 1037 1039
 1041 1042 1045 1046 1047 1050 1051 1052 1054 1055 1056 1057 1058 1060
 1061 1062 1063 1065 1066 1067 1068 1069 1070 1071 1072 1076 1077 1081]
17:40:44-INFO: Step 9
17:40:44-DEBUG: Reaction systems: [[None]
 [0]]
17:40:44-DEBUG: rxn_pairs: [array([ 1, 13])]
17:40:44-DEBUG: Starting total colors: 5
17:40:44-DEBUG: Number of systems: 2
17:40:44-DEBUG: New total colors: 5
17:40:44-DEBUG: Potential energy for color 0: -31397.0051536663
ebond 3.129821157084677
ebond 3.129821157084677
ebond 3.129821157084677
ebond 3.129821157084677
ebond 3.129821157084677
17:40:44-DEBUG: Potential energy for color 1: -31396.423198473636
xhy 9 2 1 13
xhy 9 2 1 13
xhy 9 2 1 13
xhy 9 2 1 13
xhy 9 2 1 13
h_pos [ 7.72698576  9.33797731 10.62596387] x_pos [ 6.45700189  8.69500116 10.46497795] y_pos [ 8.17600687 10.59801269 10.41501435]
9 rHY 1.3541819792400176 rHX 1.4325480160248059 0.07836603678478826
h_pos [ 7.72698576  9.33797731 10.62596387] x_pos [ 6.45700189  8.69500116 10.46497795] y_pos [ 8.17600687 10.59801269 10.41501435]
9 rHY 1.3541819792400176 rHX 1.4325480160248059 0.07836603678478826
h_pos [ 7.72698576  9.33797731 10.62596387] x_pos [ 6.45700189  8.69500116 10.46497795] y_pos [ 8.17600687 10.59801269 10.41501435]
9 rHY 1.3541819792400176 rHX 1.4325480160248059 0.07836603678478826
h_pos [ 7.72698576  9.33797731 10.62596387] x_pos [ 6.45700189  8.69500116 10.46497795] y_pos [ 8.17600687 10.59801269 10.41501435]
9 rHY 1.3541819792400176 rHX 1.4325480160248059 0.07836603678478826
9 cpl_forces h [ 2.21446724  2.50753964 -0.07889791]
h_pos [ 7.72698576  9.33797731 10.62596387] x_pos [ 6.45700189  8.69500116 10.46497795] y_pos [ 8.17600687 10.59801269 10.41501435]
9 cpl_forces h [ 2.21446724  2.50753964 -0.07889791]
9 cpl_forces h [ 2.21446724  2.50753964 -0.07889791]
9 cpl_forces x [-1.61166436 -0.81596449 -0.20429808]
9 cpl_forces h [ 2.21446724  2.50753964 -0.07889791]
9 rHY 1.3541819792400176 rHX 1.4325480160248059 0.07836603678478826
9 cpl_forces x [-1.61166436 -0.81596449 -0.20429808]
9 cpl_forces x [-1.61166436 -0.81596449 -0.20429808]
9 cpl_forces y [-0.60280287 -1.69157515  0.28319599]
9 cpl_forces x [-1.61166436 -0.81596449 -0.20429808]
9 cpl_forces y [-0.60280287 -1.69157515  0.28319599]
9 cpl_forces y [-0.60280287 -1.69157515  0.28319599]
9 cpl_forces y [-0.60280287 -1.69157515  0.28319599]
17:40:44-DEBUG: System matrix: 
9 cpl_forces h [ 2.21446724  2.50753964 -0.07889791]
9 cpl_forces x [-1.61166436 -0.81596449 -0.20429808]
17:40:44-DEBUG: [[-3.13970052e+04  7.24949448e-01]
 [ 7.24949448e-01 -3.13964232e+04]]
9 cpl_forces y [-0.60280287 -1.69157515  0.28319599]
17:40:44-DEBUG: Eigen values: 
17:40:44-DEBUG: [-31397.49534165 -31395.93301049]
17:40:44-DEBUG: Occupancies: 
17:40:44-DEBUG: [1. 0.]
17:40:44-INFO: coupling 9 0.7249494475243978
17:40:44-DEBUG: Amplitudes: 
17:40:44-DEBUG: [0.68624579 0.31375421]
17:40:44-INFO: forces0 h [-15.98898695  -7.72742591  -2.43039825]
17:40:44-INFO: forces0 x [17.2203801   6.63041198  1.65325549]
17:40:44-INFO: forces0 y [ 3.34404158 -3.97769832  1.23684097]
17:40:44-INFO: forces1 h [ 3.56385381 12.55407803 -2.64482291]
17:40:44-INFO: forces1 x [ 3.680214    0.19815195 -0.64290461]
17:40:44-INFO: forces1 y [ -1.1761087  -14.89002804   3.0854038 ]
pos h  [ 7.72698576  9.33797731 10.62596387]
pos x  [ 6.45700189  8.69500116 10.46497795]
pos y  [ 8.17600687 10.59801269 10.41501435]
 mixed_cpl_forces: h [-2.05510437 -2.32708599  0.07322006]
 mixed_cpl_forces: x [1.49568186 0.75724407 0.18959589]
 mixed_cpl_forces: y [ 0.55942251  1.56984192 -0.26281595]
17:40:44-INFO: mixed forces h [-11.90930516  -3.69110459  -2.42445483]
17:40:44-INFO: mixed forces x [14.46777781  5.36950737  1.12242147]
17:40:44-INFO: mixed forces y [ 2.4852479  -5.83164583  1.5540194 ]
17:40:44-DEBUG: Minimum eigen value: 
17:40:44-DEBUG: -31397.49534164975
17:40:44-DEBUG: Minimum state: 
17:40:44-DEBUG: 0
         9   -31397.4953416497   -31397.4953416497        0.0000000000   -31397.0051536663        0.0000000000      0.29546744
ids [   8   22   66   77   80   95  110  125  138  263  273  503  504  518
  519  529  534  543  663  678  680  715  718  720  723  725  758  760
  765  768  770  810  903  947  952  953  954  955  956  957  958  959
  960  961  962  963  964  965  967  968  969  970  971  972  973  974
  975  976  977  978  979  980  981  982  984  985  986  987  989  991
  992  994  995  996  997  998  999 1000 1001 1002 1003 1004 1005 1006
 1007 1008 1009 1010 1011 1012 1013 1014 1015 1016 1017 1018 1019 1020
 1021 1022 1023 1024 1025 1026 1027 1029 1031 1032 1034 1036 1037 1039
 1041 1042 1045 1046 1047 1050 1051 1052 1054 1055 1056 1057 1058 1060
 1061 1062 1063 1065 1066 1067 1068 1069 1070 1071 1072 1076 1077 1081]
ids [127 141 153 156 168 186 201 213 216 231 272 276 277 278 279 280 281 282
 283 284 285 286 287 288 289 290 291 292 293 294 295 296 297 298 299 300
 301 302 303 304 305 307 308 309 311 312 314 316 317 319 321 322 323 324
 325 326 327 328 329 330 331 332 333 334 335 336 337 338 339 340 341 342
 343 344 345 346 347 349 350 351 352 354 356 357 359 361 362 364 366 367
 369 370 371 372 373 374 375 376 377 380 382 383 385 386 387 388 389 390
 391 392 394 395 397 401 402 405 406 453 498 545 578 580 583 585 590 623
 625 628 630 633 670 675 814 909 913 914 919 924 928 943]
ids [ 137  142  143  144  145  146  147  148  149  150  151  152  154  155
  157  158  159  160  161  162  163  164  165  166  167  169  170  171
  172  174  175  176  177  179  180  181  182  184  187  188  189  190
  191  192  193  194  195  196  197  198  199  200  202  203  204  205
  206  207  208  209  210  211  212  214  215  217  218  219  221  222
  224  225  226  227  229  232  233  235  236  237  240  241  242  243
  245  246  247  250  251  252  253  254  255  256  257  260  261  262
  266  267  269  271  306  348  381  393  396  410  443  445  448  450
  455  490  493  495  500  535  538  540  784  789  794  798  804  808
  809  918  933 1073 1078]
ids [ 122  140  173  178  185  220  223  230  265  268  270  318  407  408
  409  412  413  414  415  416  417  418  419  420  421  422  423  424
  425  426  427  428  429  430  431  432  433  434  435  436  437  439
  440  441  442  444  446  447  449  451  452  454  456  457  458  459
  460  461  462  463  464  465  466  467  468  469  470  471  472  473
  474  475  476  477  478  479  480  481  482  483  484  485  486  487
  488  489  491  492  494  496  497  499  502  505  506  507  508  509
  510  511  512  513  514  515  516  517  520  521  522  523  524  525
  526  527  528  530  531  532  536  537  539  541  558  561  588  591
  803  949 1043 1044 1048 1049 1053 1059 1064 1074 1079]
ids [  6 102 107 108 112 117 118 123 133 183 228 275 310 313 315 320 353 355
 358 360 363 365 400 403 411 438 501 542 546 547 548 549 550 551 552 553
 554 555 556 557 559 560 562 563 564 565 566 567 568 569 570 571 572 573
 574 575 576 577 579 581 582 584 586 587 589 592 593 594 595 596 597 598
 599 600 601 602 603 604 605 606 607 608 609 610 611 612 613 614 615 616
 617 618 619 620 621 622 624 626 627 629 631 632 634 635 636 637 639 640
 641 642 645 646 647 648 650 651 652 653 655 656 657 658 660 661 662 665
 666 667 671 672 676 813]
ids [   5   48  139  234  238  239  244  248  249  258  259  264  378  533
  677  679  682  683  684  685  686  687  688  689  690  691  692  694
  695  696  697  698  699  700  701  702  703  704  705  706  707  708
  709  710  711  712  713  714  716  717  719  721  722  724  726  727
  728  729  730  731  732  733  734  735  736  737  738  739  740  741
  742  743  744  745  746  747  748  749  750  751  752  754  755  756
  757  759  761  762  763  764  766  767  769  772  773  774  775  776
  777  778  779  780  781  782  785  786  787  788  790  791  792  793
  795  796  797  799  800  802  805  806  807  811  828  846  891  936
  950  983  988  990 1028 1030 1033 1035 1038 1040 1075 1080]
ids [  7  38  40  43  45  82  84  87  92  94 129 134 274 368 379 384 398 399
 404 668 673 681 693 753 771 783 801 812 816 817 818 819 820 821 822 823
 824 825 826 827 829 830 831 832 833 834 835 836 837 838 839 840 841 842
 843 844 845 847 848 849 851 852 853 854 855 856 857 858 859 861 862 863
 864 865 866 867 868 869 870 871 872 873 874 875 876 877 878 879 880 881
 882 883 884 885 886 887 888 889 890 892 894 896 897 899 901 902 904 906
 907 908 910 911 912 915 916 917 920 921 922 923 925 926 927 929 930 931
 932 934 935 937 939 940 941 942 944 946 948]
ids [  1   2   3   4   9  10  11  12  13  14  15  16  17  18  19  20  21  23
  24  25  26  27  28  29  30  31  32  33  34  35  36  37  39  41  42  44
  46  47  49  50  51  52  53  54  55  56  57  58  59  60  61  62  63  64
  65  67  68  69  70  71  72  73  74  75  76  78  79  81  83  85  86  88
  89  90  91  93  96  97  98  99 100 101 103 104 105 106 109 111 113 114
 115 116 119 120 121 124 126 128 130 131 132 135 136 544 638 643 644 649
 654 659 664 669 674 815 850 860 893 895 898 900 905 938 945 951 966 993]
17:40:44-INFO: Step 10
17:40:44-DEBUG: Reaction systems: [[None]
 [0]]
17:40:44-DEBUG: rxn_pairs: [array([ 1, 13])]
17:40:44-DEBUG: Starting total colors: 5
17:40:44-DEBUG: Number of systems: 2
17:40:44-DEBUG: New total colors: 5
17:40:44-DEBUG: Potential energy for color 0: -31397.0051536663
ebond 3.129821157084677
ebond 3.129821157084677
ebond 3.129821157084677
ebond 3.129821157084677
ebond 3.129821157084677
17:40:44-DEBUG: Potential energy for color 1: -31396.423198473636
xhy 10 2 1 13
xhy 10 2 1 13
xhy 10 2 1 13
xhy 10 2 1 13
xhy 10 2 1 13
h_pos [ 7.72698576  9.33797731 10.62596387] x_pos [ 6.45700189  8.69500116 10.46497795] y_pos [ 8.17600687 10.59801269 10.41501435]
10 rHY 1.3541819792400176 rHX 1.4325480160248059 0.07836603678478826
h_pos [ 7.72698576  9.33797731 10.62596387] x_pos [ 6.45700189  8.69500116 10.46497795] y_pos [ 8.17600687 10.59801269 10.41501435]
10 rHY 1.3541819792400176 rHX 1.4325480160248059 0.07836603678478826
h_pos [ 7.72698576  9.33797731 10.62596387] x_pos [ 6.45700189  8.69500116 10.46497795] y_pos [ 8.17600687 10.59801269 10.41501435]
10 rHY 1.3541819792400176 rHX 1.4325480160248059 0.07836603678478826
h_pos [ 7.72698576  9.33797731 10.62596387] x_pos [ 6.45700189  8.69500116 10.46497795] y_pos [ 8.17600687 10.59801269 10.41501435]
h_pos [ 7.72698576  9.33797731 10.62596387] x_pos [ 6.45700189  8.69500116 10.46497795] y_pos [ 8.17600687 10.59801269 10.41501435]
10 rHY 1.3541819792400176 rHX 1.4325480160248059 0.07836603678478826
10 cpl_forces h [ 2.21446724  2.50753964 -0.07889791]
10 cpl_forces h [ 2.21446724  2.50753964 -0.07889791]
10 rHY 1.3541819792400176 rHX 1.4325480160248059 0.07836603678478826
10 cpl_forces h [ 2.21446724  2.50753964 -0.07889791]
10 cpl_forces h [ 2.21446724  2.50753964 -0.07889791]
10 cpl_forces x [-1.61166436 -0.81596449 -0.20429808]
10 cpl_forces x [-1.61166436 -0.81596449 -0.20429808]
10 cpl_forces x [-1.61166436 -0.81596449 -0.20429808]
10 cpl_forces x [-1.61166436 -0.81596449 -0.20429808]
10 cpl_forces y [-0.60280287 -1.69157515  0.28319599]
10 cpl_forces y [-0.60280287 -1.69157515  0.28319599]
10 cpl_forces y [-0.60280287 -1.69157515  0.28319599]
10 cpl_forces y [-0.60280287 -1.69157515  0.28319599]
10 cpl_forces h [ 2.21446724  2.50753964 -0.07889791]
10 cpl_forces x [-1.61166436 -0.81596449 -0.20429808]
17:40:44-DEBUG: System matrix: 
10 cpl_forces y [-0.60280287 -1.69157515  0.28319599]
17:40:44-DEBUG: [[-3.13970052e+04  7.24949448e-01]
 [ 7.24949448e-01 -3.13964232e+04]]
17:40:44-DEBUG: Eigen values: 
17:40:44-DEBUG: [-31397.49534165 -31395.93301049]
17:40:44-DEBUG: Occupancies: 
17:40:44-DEBUG: [1. 0.]
17:40:44-INFO: coupling 10 0.7249494475243978
17:40:44-DEBUG: Amplitudes: 
17:40:44-DEBUG: [0.68624579 0.31375421]
17:40:44-INFO: forces0 h [-15.98898695  -7.72742591  -2.43039825]
17:40:44-INFO: forces0 x [17.2203801   6.63041198  1.65325549]
17:40:44-INFO: forces0 y [ 3.34404158 -3.97769832  1.23684097]
17:40:44-INFO: forces1 h [ 3.56385381 12.55407803 -2.64482291]
17:40:44-INFO: forces1 x [ 3.680214    0.19815195 -0.64290461]
17:40:44-INFO: forces1 y [ -1.1761087  -14.89002804   3.0854038 ]
pos h  [ 7.72698576  9.33797731 10.62596387]
pos x  [ 6.45700189  8.69500116 10.46497795]
pos y  [ 8.17600687 10.59801269 10.41501435]
 mixed_cpl_forces: h [-2.05510437 -2.32708599  0.07322006]
 mixed_cpl_forces: x [1.49568186 0.75724407 0.18959589]
 mixed_cpl_forces: y [ 0.55942251  1.56984192 -0.26281595]
17:40:44-INFO: mixed forces h [-11.90930516  -3.69110459  -2.42445483]
17:40:44-INFO: mixed forces x [14.46777781  5.36950737  1.12242147]
17:40:44-INFO: mixed forces y [ 2.4852479  -5.83164583  1.5540194 ]
17:40:44-DEBUG: Minimum eigen value: 
17:40:44-DEBUG: -31397.49534164975
17:40:44-DEBUG: Minimum state: 
17:40:44-DEBUG: 0
        10   -31397.4953416497   -31397.4953416497        0.0000000000   -31397.0051536663        0.0000000000      0.29802369
ids [  7  38  40  43  45  82  84  87  92  94 129 134 274 368 379 384 398 399
 404 668 673 681 693 753 771 783 801 812 816 817 818 819 820 821 822 823
 824 825 826 827 829 830 831 832 833 834 835 836 837 838 839 840 841 842
 843 844 845 847 848 849 851 852 853 854 855 856 857 858 859 861 862 863
 864 865 866 867 868 869 870 871 872 873 874 875 876 877 878 879 880 881
 882 883 884 885 886 887 888 889 890 892 894 896 897 899 901 902 904 906
 907 908 910 911 912 915 916 917 920 921 922 923 925 926 927 929 930 931
 932 934 935 937 939 940 941 942 944 946 948]
ids [   8   22   66   77   80   95  110  125  138  263  273  503  504  518
  519  529  534  543  663  678  680  715  718  720  723  725  758  760
  765  768  770  810  903  947  952  953  954  955  956  957  958  959
  960  961  962  963  964  965  967  968  969  970  971  972  973  974
  975  976  977  978  979  980  981  982  984  985  986  987  989  991
  992  994  995  996  997  998  999 1000 1001 1002 1003 1004 1005 1006
 1007 1008 1009 1010 1011 1012 1013 1014 1015 1016 1017 1018 1019 1020
 1021 1022 1023 1024 1025 1026 1027 1029 1031 1032 1034 1036 1037 1039
 1041 1042 1045 1046 1047 1050 1051 1052 1054 1055 1056 1057 1058 1060
 1061 1062 1063 1065 1066 1067 1068 1069 1070 1071 1072 1076 1077 1081]
ids [127 141 153 156 168 186 201 213 216 231 272 276 277 278 279 280 281 282
 283 284 285 286 287 288 289 290 291 292 293 294 295 296 297 298 299 300
 301 302 303 304 305 307 308 309 311 312 314 316 317 319 321 322 323 324
 325 326 327 328 329 330 331 332 333 334 335 336 337 338 339 340 341 342
 343 344 345 346 347 349 350 351 352 354 356 357 359 361 362 364 366 367
 369 370 371 372 373 374 375 376 377 380 382 383 385 386 387 388 389 390
 391 392 394 395 397 401 402 405 406 453 498 545 578 580 583 585 590 623
 625 628 630 633 670 675 814 909 913 914 919 924 928 943]
ids [ 137  142  143  144  145  146  147  148  149  150  151  152  154  155
  157  158  159  160  161  162  163  164  165  166  167  169  170  171
  172  174  175  176  177  179  180  181  182  184  187  188  189  190
  191  192  193  194  195  196  197  198  199  200  202  203  204  205
  206  207  208  209  210  211  212  214  215  217  218  219  221  222
  224  225  226  227  229  232  233  235  236  237  240  241  242  243
  245  246  247  250  251  252  253  254  255  256  257  260  261  262
  266  267  269  271  306  348  381  393  396  410  443  445  448  450
  455  490  493  495  500  535  538  540  784  789  794  798  804  808
  809  918  933 1073 1078]
ids [ 122  140  173  178  185  220  223  230  265  268  270  318  407  408
  409  412  413  414  415  416  417  418  419  420  421  422  423  424
  425  426  427  428  429  430  431  432  433  434  435  436  437  439
  440  441  442  444  446  447  449  451  452  454  456  457  458  459
  460  461  462  463  464  465  466  467  468  469  470  471  472  473
  474  475  476  477  478  479  480  481  482  483  484  485  486  487
  488  489  491  492  494  496  497  499  502  505  506  507  508  509
  510  511  512  513  514  515  516  517  520  521  522  523  524  525
  526  527  528  530  531  532  536  537  539  541  558  561  588  591
  803  949 1043 1044 1048 1049 1053 1059 1064 1074 1079]
ids [  6 102 107 108 112 117 118 123 133 183 228 275 310 313 315 320 353 355
 358 360 363 365 400 403 411 438 501 542 546 547 548 549 550 551 552 553
 554 555 556 557 559 560 562 563 564 565 566 567 568 569 570 571 572 573
 574 575 576 577 579 581 582 584 586 587 589 592 593 594 595 596 597 598
 599 600 601 602 603 604 605 606 607 608 609 610 611 612 613 614 615 616
 617 618 619 620 621 622 624 626 627 629 631 632 634 635 636 637 639 640
 641 642 645 646 647 648 650 651 652 653 655 656 657 658 660 661 662 665
 666 667 671 672 676 813]
ids [   5   48  139  234  238  239  244  248  249  258  259  264  378  533
  677  679  682  683  684  685  686  687  688  689  690  691  692  694
  695  696  697  698  699  700  701  702  703  704  705  706  707  708
  709  710  711  712  713  714  716  717  719  721  722  724  726  727
  728  729  730  731  732  733  734  735  736  737  738  739  740  741
  742  743  744  745  746  747  748  749  750  751  752  754  755  756
  757  759  761  762  763  764  766  767  769  772  773  774  775  776
  777  778  779  780  781  782  785  786  787  788  790  791  792  793
  795  796  797  799  800  802  805  806  807  811  828  846  891  936
  950  983  988  990 1028 1030 1033 1035 1038 1040 1075 1080]
ids [  1   2   3   4   9  10  11  12  13  14  15  16  17  18  19  20  21  23
  24  25  26  27  28  29  30  31  32  33  34  35  36  37  39  41  42  44
  46  47  49  50  51  52  53  54  55  56  57  58  59  60  61  62  63  64
  65  67  68  69  70  71  72  73  74  75  76  78  79  81  83  85  86  88
  89  90  91  93  96  97  98  99 100 101 103 104 105 106 109 111 113 114
 115 116 119 120 121 124 126 128 130 131 132 135 136 544 638 643 644 649
 654 659 664 669 674 815 850 860 893 895 898 900 905 938 945 951 966 993]
17:40:44-INFO: Step 11
17:40:44-DEBUG: Reaction systems: [[None]
 [0]]
17:40:44-DEBUG: rxn_pairs: [array([ 1, 13])]
17:40:44-DEBUG: Starting total colors: 5
17:40:44-DEBUG: Number of systems: 2
17:40:44-DEBUG: New total colors: 5
17:40:44-DEBUG: Potential energy for color 0: -31397.0051536663
ebond 3.129821157084677
ebond 3.129821157084677
ebond 3.129821157084677
ebond 3.129821157084677
ebond 3.129821157084677
17:40:44-DEBUG: Potential energy for color 1: -31396.423198473636
xhy 11 2 1 13
xhy 11 2 1 13
xhy 11 2 1 13
xhy 11 2 1 13
xhy 11 2 1 13
h_pos [ 7.72698576  9.33797731 10.62596387] x_pos [ 6.45700189  8.69500116 10.46497795] y_pos [ 8.17600687 10.59801269 10.41501435]
h_pos [ 7.72698576  9.33797731 10.62596387] x_pos [ 6.45700189  8.69500116 10.46497795] y_pos [ 8.17600687 10.59801269 10.41501435]
11 rHY 1.3541819792400176 rHX 1.4325480160248059 0.07836603678478826
h_pos [ 7.72698576  9.33797731 10.62596387] x_pos [ 6.45700189  8.69500116 10.46497795] y_pos [ 8.17600687 10.59801269 10.41501435]
h_pos [ 7.72698576  9.33797731 10.62596387] x_pos [ 6.45700189  8.69500116 10.46497795] y_pos [ 8.17600687 10.59801269 10.41501435]
11 rHY 1.3541819792400176 rHX 1.4325480160248059 0.07836603678478826
11 rHY 1.3541819792400176 rHX 1.4325480160248059 0.07836603678478826
11 rHY 1.3541819792400176 rHX 1.4325480160248059 0.07836603678478826
h_pos [ 7.72698576  9.33797731 10.62596387] x_pos [ 6.45700189  8.69500116 10.46497795] y_pos [ 8.17600687 10.59801269 10.41501435]
11 cpl_forces h [ 2.21446724  2.50753964 -0.07889791]
11 cpl_forces h [ 2.21446724  2.50753964 -0.07889791]
11 cpl_forces h [ 2.21446724  2.50753964 -0.07889791]
11 cpl_forces h [ 2.21446724  2.50753964 -0.07889791]
11 cpl_forces x [-1.61166436 -0.81596449 -0.20429808]
11 cpl_forces x [-1.61166436 -0.81596449 -0.20429808]
11 cpl_forces x [-1.61166436 -0.81596449 -0.20429808]
11 cpl_forces x [-1.61166436 -0.81596449 -0.20429808]
11 cpl_forces y [-0.60280287 -1.69157515  0.28319599]
11 rHY 1.3541819792400176 rHX 1.4325480160248059 0.07836603678478826
11 cpl_forces y [-0.60280287 -1.69157515  0.28319599]
11 cpl_forces y [-0.60280287 -1.69157515  0.28319599]
11 cpl_forces y [-0.60280287 -1.69157515  0.28319599]
17:40:44-DEBUG: System matrix: 
11 cpl_forces h [ 2.21446724  2.50753964 -0.07889791]
11 cpl_forces x [-1.61166436 -0.81596449 -0.20429808]
17:40:44-DEBUG: [[-3.13970052e+04  7.24949448e-01]
 [ 7.24949448e-01 -3.13964232e+04]]
17:40:44-DEBUG: Eigen values: 
11 cpl_forces y [-0.60280287 -1.69157515  0.28319599]
17:40:44-DEBUG: [-31397.49534165 -31395.93301049]
17:40:44-DEBUG: Occupancies: 
17:40:44-DEBUG: [1. 0.]
17:40:44-INFO: coupling 11 0.7249494475243978
17:40:44-DEBUG: Amplitudes: 
17:40:44-DEBUG: [0.68624579 0.31375421]
17:40:44-INFO: forces0 h [-15.98898695  -7.72742591  -2.43039825]
17:40:44-INFO: forces0 x [17.2203801   6.63041198  1.65325549]
17:40:44-INFO: forces0 y [ 3.34404158 -3.97769832  1.23684097]
17:40:44-INFO: forces1 h [ 3.56385381 12.55407803 -2.64482291]
17:40:44-INFO: forces1 x [ 3.680214    0.19815195 -0.64290461]
17:40:44-INFO: forces1 y [ -1.1761087  -14.89002804   3.0854038 ]
pos h  [ 7.72698576  9.33797731 10.62596387]
pos x  [ 6.45700189  8.69500116 10.46497795]
pos y  [ 8.17600687 10.59801269 10.41501435]
 mixed_cpl_forces: h [-2.05510437 -2.32708599  0.07322006]
 mixed_cpl_forces: x [1.49568186 0.75724407 0.18959589]
 mixed_cpl_forces: y [ 0.55942251  1.56984192 -0.26281595]
17:40:44-INFO: mixed forces h [-11.90930516  -3.69110459  -2.42445483]
17:40:44-INFO: mixed forces x [14.46777781  5.36950737  1.12242147]
17:40:44-INFO: mixed forces y [ 2.4852479  -5.83164583  1.5540194 ]
17:40:44-DEBUG: Minimum eigen value: 
17:40:44-DEBUG: -31397.49534164975
17:40:44-DEBUG: Minimum state: 
17:40:44-DEBUG: 0
        11   -31397.4953416497   -31397.4953416497        0.0000000000   -31397.0051536663        0.0000000000      0.29483402
ids [  1   2   3   4   9  10  11  12  13  14  15  16  17  18  19  20  21  23
  24  25  26  27  28  29  30  31  32  33  34  35  36  37  39  41  42  44
  46  47  49  50  51  52  53  54  55  56  57  58  59  60  61  62  63  64
  65  67  68  69  70  71  72  73  74  75  76  78  79  81  83  85  86  88
  89  90  91  93  96  97  98  99 100 101 103 104 105 106 109 111 113 114
 115 116 119 120 121 124 126 128 130 131 132 135 136 544 638 643 644 649
 654 659 664 669 674 815 850 860 893 895 898 900 905 938 945 951 966 993]
ids [   5   48  139  234  238  239  244  248  249  258  259  264  378  533
  677  679  682  683  684  685  686  687  688  689  690  691  692  694
  695  696  697  698  699  700  701  702  703  704  705  706  707  708
  709  710  711  712  713  714  716  717  719  721  722  724  726  727
  728  729  730  731  732  733  734  735  736  737  738  739  740  741
  742  743  744  745  746  747  748  749  750  751  752  754  755  756
  757  759  761  762  763  764  766  767  769  772  773  774  775  776
  777  778  779  780  781  782  785  786  787  788  790  791  792  793
  795  796  797  799  800  802  805  806  807  811  828  846  891  936
  950  983  988  990 1028 1030 1033 1035 1038 1040 1075 1080]
ids [  7  38  40  43  45  82  84  87  92  94 129 134 274 368 379 384 398 399
 404 668 673 681 693 753 771 783 801 812 816 817 818 819 820 821 822 823
 824 825 826 827 829 830 831 832 833 834 835 836 837 838 839 840 841 842
 843 844 845 847 848 849 851 852 853 854 855 856 857 858 859 861 862 863
 864 865 866 867 868 869 870 871 872 873 874 875 876 877 878 879 880 881
 882 883 884 885 886 887 888 889 890 892 894 896 897 899 901 902 904 906
 907 908 910 911 912 915 916 917 920 921 922 923 925 926 927 929 930 931
 932 934 935 937 939 940 941 942 944 946 948]
ids [   8   22   66   77   80   95  110  125  138  263  273  503  504  518
  519  529  534  543  663  678  680  715  718  720  723  725  758  760
  765  768  770  810  903  947  952  953  954  955  956  957  958  959
  960  961  962  963  964  965  967  968  969  970  971  972  973  974
  975  976  977  978  979  980  981  982  984  985  986  987  989  991
  992  994  995  996  997  998  999 1000 1001 1002 1003 1004 1005 1006
 1007 1008 1009 1010 1011 1012 1013 1014 1015 1016 1017 1018 1019 1020
 1021 1022 1023 1024 1025 1026 1027 1029 1031 1032 1034 1036 1037 1039
 1041 1042 1045 1046 1047 1050 1051 1052 1054 1055 1056 1057 1058 1060
 1061 1062 1063 1065 1066 1067 1068 1069 1070 1071 1072 1076 1077 1081]
ids [127 141 153 156 168 186 201 213 216 231 272 276 277 278 279 280 281 282
 283 284 285 286 287 288 289 290 291 292 293 294 295 296 297 298 299 300
 301 302 303 304 305 307 308 309 311 312 314 316 317 319 321 322 323 324
 325 326 327 328 329 330 331 332 333 334 335 336 337 338 339 340 341 342
 343 344 345 346 347 349 350 351 352 354 356 357 359 361 362 364 366 367
 369 370 371 372 373 374 375 376 377 380 382 383 385 386 387 388 389 390
 391 392 394 395 397 401 402 405 406 453 498 545 578 580 583 585 590 623
 625 628 630 633 670 675 814 909 913 914 919 924 928 943]
ids [ 137  142  143  144  145  146  147  148  149  150  151  152  154  155
  157  158  159  160  161  162  163  164  165  166  167  169  170  171
  172  174  175  176  177  179  180  181  182  184  187  188  189  190
  191  192  193  194  195  196  197  198  199  200  202  203  204  205
  206  207  208  209  210  211  212  214  215  217  218  219  221  222
  224  225  226  227  229  232  233  235  236  237  240  241  242  243
  245  246  247  250  251  252  253  254  255  256  257  260  261  262
  266  267  269  271  306  348  381  393  396  410  443  445  448  450
  455  490  493  495  500  535  538  540  784  789  794  798  804  808
  809  918  933 1073 1078]
ids [ 122  140  173  178  185  220  223  230  265  268  270  318  407  408
  409  412  413  414  415  416  417  418  419  420  421  422  423  424
  425  426  427  428  429  430  431  432  433  434  435  436  437  439
  440  441  442  444  446  447  449  451  452  454  456  457  458  459
  460  461  462  463  464  465  466  467  468  469  470  471  472  473
  474  475  476  477  478  479  480  481  482  483  484  485  486  487
  488  489  491  492  494  496  497  499  502  505  506  507  508  509
  510  511  512  513  514  515  516  517  520  521  522  523  524  525
  526  527  528  530  531  532  536  537  539  541  558  561  588  591
  803  949 1043 1044 1048 1049 1053 1059 1064 1074 1079]
ids [  6 102 107 108 112 117 118 123 133 183 228 275 310 313 315 320 353 355
 358 360 363 365 400 403 411 438 501 542 546 547 548 549 550 551 552 553
 554 555 556 557 559 560 562 563 564 565 566 567 568 569 570 571 572 573
 574 575 576 577 579 581 582 584 586 587 589 592 593 594 595 596 597 598
 599 600 601 602 603 604 605 606 607 608 609 610 611 612 613 614 615 616
 617 618 619 620 621 622 624 626 627 629 631 632 634 635 636 637 639 640
 641 642 645 646 647 648 650 651 652 653 655 656 657 658 660 661 662 665
 666 667 671 672 676 813]
17:40:44-INFO: Step 12
17:40:44-DEBUG: Reaction systems: [[None]
 [0]]
17:40:44-DEBUG: rxn_pairs: [array([ 1, 13])]
17:40:44-DEBUG: Starting total colors: 5
17:40:44-DEBUG: Number of systems: 2
17:40:44-DEBUG: New total colors: 5
17:40:44-DEBUG: Potential energy for color 0: -31397.0051536663
ebond 3.129821157084677
ebond 3.129821157084677
ebond 3.129821157084677
ebond 3.129821157084677
ebond 3.129821157084677
17:40:44-DEBUG: Potential energy for color 1: -31396.423198473636
xhy 12 2 1 13
xhy 12 2 1 13
xhy 12 2 1 13
xhy 12 2 1 13
xhy 12 2 1 13
h_pos [ 7.72698576  9.33797731 10.62596387] x_pos [ 6.45700189  8.69500116 10.46497795] y_pos [ 8.17600687 10.59801269 10.41501435]
h_pos [ 7.72698576  9.33797731 10.62596387] x_pos [ 6.45700189  8.69500116 10.46497795] y_pos [ 8.17600687 10.59801269 10.41501435]
12 rHY 1.3541819792400176 rHX 1.4325480160248059 0.07836603678478826
h_pos [ 7.72698576  9.33797731 10.62596387] x_pos [ 6.45700189  8.69500116 10.46497795] y_pos [ 8.17600687 10.59801269 10.41501435]
h_pos [ 7.72698576  9.33797731 10.62596387] x_pos [ 6.45700189  8.69500116 10.46497795] y_pos [ 8.17600687 10.59801269 10.41501435]
12 rHY 1.3541819792400176 rHX 1.4325480160248059 0.07836603678478826
12 rHY 1.3541819792400176 rHX 1.4325480160248059 0.07836603678478826
12 rHY 1.3541819792400176 rHX 1.4325480160248059 0.07836603678478826
12 cpl_forces h [ 2.21446724  2.50753964 -0.07889791]
h_pos [ 7.72698576  9.33797731 10.62596387] x_pos [ 6.45700189  8.69500116 10.46497795] y_pos [ 8.17600687 10.59801269 10.41501435]
12 cpl_forces x [-1.61166436 -0.81596449 -0.20429808]
12 cpl_forces h [ 2.21446724  2.50753964 -0.07889791]
12 cpl_forces h [ 2.21446724  2.50753964 -0.07889791]
12 cpl_forces h [ 2.21446724  2.50753964 -0.07889791]
12 cpl_forces x [-1.61166436 -0.81596449 -0.20429808]
12 cpl_forces x [-1.61166436 -0.81596449 -0.20429808]
12 cpl_forces x [-1.61166436 -0.81596449 -0.20429808]
12 cpl_forces y [-0.60280287 -1.69157515  0.28319599]
12 rHY 1.3541819792400176 rHX 1.4325480160248059 0.07836603678478826
12 cpl_forces y [-0.60280287 -1.69157515  0.28319599]
12 cpl_forces y [-0.60280287 -1.69157515  0.28319599]
12 cpl_forces y [-0.60280287 -1.69157515  0.28319599]
12 cpl_forces h [ 2.21446724  2.50753964 -0.07889791]
17:40:44-DEBUG: System matrix: 
12 cpl_forces x [-1.61166436 -0.81596449 -0.20429808]
12 cpl_forces y [-0.60280287 -1.69157515  0.28319599]
17:40:44-DEBUG: [[-3.13970052e+04  7.24949448e-01]
 [ 7.24949448e-01 -3.13964232e+04]]
17:40:44-DEBUG: Eigen values: 
17:40:44-DEBUG: [-31397.49534165 -31395.93301049]
17:40:44-DEBUG: Occupancies: 
17:40:44-DEBUG: [1. 0.]
17:40:44-INFO: coupling 12 0.7249494475243978
17:40:44-DEBUG: Amplitudes: 
17:40:44-DEBUG: [0.68624579 0.31375421]
17:40:44-INFO: forces0 h [-15.98898695  -7.72742591  -2.43039825]
17:40:44-INFO: forces0 x [17.2203801   6.63041198  1.65325549]
17:40:44-INFO: forces0 y [ 3.34404158 -3.97769832  1.23684097]
17:40:44-INFO: forces1 h [ 3.56385381 12.55407803 -2.64482291]
17:40:44-INFO: forces1 x [ 3.680214    0.19815195 -0.64290461]
17:40:44-INFO: forces1 y [ -1.1761087  -14.89002804   3.0854038 ]
pos h  [ 7.72698576  9.33797731 10.62596387]
pos x  [ 6.45700189  8.69500116 10.46497795]
pos y  [ 8.17600687 10.59801269 10.41501435]
 mixed_cpl_forces: h [-2.05510437 -2.32708599  0.07322006]
 mixed_cpl_forces: x [1.49568186 0.75724407 0.18959589]
 mixed_cpl_forces: y [ 0.55942251  1.56984192 -0.26281595]
17:40:44-INFO: mixed forces h [-11.90930516  -3.69110459  -2.42445483]
17:40:44-INFO: mixed forces x [14.46777781  5.36950737  1.12242147]
17:40:44-INFO: mixed forces y [ 2.4852479  -5.83164583  1.5540194 ]
17:40:44-DEBUG: Minimum eigen value: 
17:40:44-DEBUG: -31397.49534164975
17:40:44-DEBUG: Minimum state: 
17:40:44-DEBUG: 0
        12   -31397.4953416497   -31397.4953416497        0.0000000000   -31397.0051536663        0.0000000000      0.29659070
ids [  1   2   3   4   9  10  11  12  13  14  15  16  17  18  19  20  21  23
  24  25  26  27  28  29  30  31  32  33  34  35  36  37  39  41  42  44
  46  47  49  50  51  52  53  54  55  56  57  58  59  60  61  62  63  64
  65  67  68  69  70  71  72  73  74  75  76  78  79  81  83  85  86  88
  89  90  91  93  96  97  98  99 100 101 103 104 105 106 109 111 113 114
 115 116 119 120 121 124 126 128 130 131 132 135 136 544 638 643 644 649
 654 659 664 669 674 815 850 860 893 895 898 900 905 938 945 951 966 993]
ids [  6 102 107 108 112 117 118 123 133 183 228 275 310 313 315 320 353 355
 358 360 363 365 400 403 411 438 501 542 546 547 548 549 550 551 552 553
 554 555 556 557 559 560 562 563 564 565 566 567 568 569 570 571 572 573
 574 575 576 577 579 581 582 584 586 587 589 592 593 594 595 596 597 598
 599 600 601 602 603 604 605 606 607 608 609 610 611 612 613 614 615 616
 617 618 619 620 621 622 624 626 627 629 631 632 634 635 636 637 639 640
 641 642 645 646 647 648 650 651 652 653 655 656 657 658 660 661 662 665
 666 667 671 672 676 813]
ids [   5   48  139  234  238  239  244  248  249  258  259  264  378  533
  677  679  682  683  684  685  686  687  688  689  690  691  692  694
  695  696  697  698  699  700  701  702  703  704  705  706  707  708
  709  710  711  712  713  714  716  717  719  721  722  724  726  727
  728  729  730  731  732  733  734  735  736  737  738  739  740  741
  742  743  744  745  746  747  748  749  750  751  752  754  755  756
  757  759  761  762  763  764  766  767  769  772  773  774  775  776
  777  778  779  780  781  782  785  786  787  788  790  791  792  793
  795  796  797  799  800  802  805  806  807  811  828  846  891  936
  950  983  988  990 1028 1030 1033 1035 1038 1040 1075 1080]
ids [  7  38  40  43  45  82  84  87  92  94 129 134 274 368 379 384 398 399
 404 668 673 681 693 753 771 783 801 812 816 817 818 819 820 821 822 823
 824 825 826 827 829 830 831 832 833 834 835 836 837 838 839 840 841 842
 843 844 845 847 848 849 851 852 853 854 855 856 857 858 859 861 862 863
 864 865 866 867 868 869 870 871 872 873 874 875 876 877 878 879 880 881
 882 883 884 885 886 887 888 889 890 892 894 896 897 899 901 902 904 906
 907 908 910 911 912 915 916 917 920 921 922 923 925 926 927 929 930 931
 932 934 935 937 939 940 941 942 944 946 948]
ids [   8   22   66   77   80   95  110  125  138  263  273  503  504  518
  519  529  534  543  663  678  680  715  718  720  723  725  758  760
  765  768  770  810  903  947  952  953  954  955  956  957  958  959
  960  961  962  963  964  965  967  968  969  970  971  972  973  974
  975  976  977  978  979  980  981  982  984  985  986  987  989  991
  992  994  995  996  997  998  999 1000 1001 1002 1003 1004 1005 1006
 1007 1008 1009 1010 1011 1012 1013 1014 1015 1016 1017 1018 1019 1020
 1021 1022 1023 1024 1025 1026 1027 1029 1031 1032 1034 1036 1037 1039
 1041 1042 1045 1046 1047 1050 1051 1052 1054 1055 1056 1057 1058 1060
 1061 1062 1063 1065 1066 1067 1068 1069 1070 1071 1072 1076 1077 1081]
ids [127 141 153 156 168 186 201 213 216 231 272 276 277 278 279 280 281 282
 283 284 285 286 287 288 289 290 291 292 293 294 295 296 297 298 299 300
 301 302 303 304 305 307 308 309 311 312 314 316 317 319 321 322 323 324
 325 326 327 328 329 330 331 332 333 334 335 336 337 338 339 340 341 342
 343 344 345 346 347 349 350 351 352 354 356 357 359 361 362 364 366 367
 369 370 371 372 373 374 375 376 377 380 382 383 385 386 387 388 389 390
 391 392 394 395 397 401 402 405 406 453 498 545 578 580 583 585 590 623
 625 628 630 633 670 675 814 909 913 914 919 924 928 943]
ids [ 137  142  143  144  145  146  147  148  149  150  151  152  154  155
  157  158  159  160  161  162  163  164  165  166  167  169  170  171
  172  174  175  176  177  179  180  181  182  184  187  188  189  190
  191  192  193  194  195  196  197  198  199  200  202  203  204  205
  206  207  208  209  210  211  212  214  215  217  218  219  221  222
  224  225  226  227  229  232  233  235  236  237  240  241  242  243
  245  246  247  250  251  252  253  254  255  256  257  260  261  262
  266  267  269  271  306  348  381  393  396  410  443  445  448  450
  455  490  493  495  500  535  538  540  784  789  794  798  804  808
  809  918  933 1073 1078]
ids [ 122  140  173  178  185  220  223  230  265  268  270  318  407  408
  409  412  413  414  415  416  417  418  419  420  421  422  423  424
  425  426  427  428  429  430  431  432  433  434  435  436  437  439
  440  441  442  444  446  447  449  451  452  454  456  457  458  459
  460  461  462  463  464  465  466  467  468  469  470  471  472  473
  474  475  476  477  478  479  480  481  482  483  484  485  486  487
  488  489  491  492  494  496  497  499  502  505  506  507  508  509
  510  511  512  513  514  515  516  517  520  521  522  523  524  525
  526  527  528  530  531  532  536  537  539  541  558  561  588  591
  803  949 1043 1044 1048 1049 1053 1059 1064 1074 1079]
17:40:44-INFO: Step 13
17:40:44-DEBUG: Reaction systems: [[None]
 [0]]
17:40:44-DEBUG: rxn_pairs: [array([ 1, 13])]
17:40:44-DEBUG: Starting total colors: 5
17:40:44-DEBUG: Number of systems: 2
17:40:44-DEBUG: New total colors: 5
17:40:44-DEBUG: Potential energy for color 0: -31397.0051536663
ebond 3.129821157084677
ebond 3.129821157084677
ebond 3.129821157084677
ebond 3.129821157084677
ebond 3.129821157084677
17:40:44-DEBUG: Potential energy for color 1: -31396.423198473636
xhy 13 2 1 13
xhy 13 2 1 13
xhy 13 2 1 13
xhy 13 2 1 13
xhy 13 2 1 13
h_pos [ 7.72698576  9.33797731 10.62596387] x_pos [ 6.45700189  8.69500116 10.46497795] y_pos [ 8.17600687 10.59801269 10.41501435]
h_pos [ 7.72698576  9.33797731 10.62596387] x_pos [ 6.45700189  8.69500116 10.46497795] y_pos [ 8.17600687 10.59801269 10.41501435]
13 rHY 1.3541819792400176 rHX 1.4325480160248059 0.07836603678478826
h_pos [ 7.72698576  9.33797731 10.62596387] x_pos [ 6.45700189  8.69500116 10.46497795] y_pos [ 8.17600687 10.59801269 10.41501435]
h_pos [ 7.72698576  9.33797731 10.62596387] x_pos [ 6.45700189  8.69500116 10.46497795] y_pos [ 8.17600687 10.59801269 10.41501435]
13 rHY 1.3541819792400176 rHX 1.4325480160248059 0.07836603678478826
13 rHY 1.3541819792400176 rHX 1.4325480160248059 0.07836603678478826
h_pos [ 7.72698576  9.33797731 10.62596387] x_pos [ 6.45700189  8.69500116 10.46497795] y_pos [ 8.17600687 10.59801269 10.41501435]
13 rHY 1.3541819792400176 rHX 1.4325480160248059 0.07836603678478826
13 cpl_forces h [ 2.21446724  2.50753964 -0.07889791]
13 cpl_forces h [ 2.21446724  2.50753964 -0.07889791]
13 cpl_forces x [-1.61166436 -0.81596449 -0.20429808]
13 cpl_forces h [ 2.21446724  2.50753964 -0.07889791]
13 rHY 1.3541819792400176 rHX 1.4325480160248059 0.07836603678478826
13 cpl_forces h [ 2.21446724  2.50753964 -0.07889791]
13 cpl_forces x [-1.61166436 -0.81596449 -0.20429808]
13 cpl_forces x [-1.61166436 -0.81596449 -0.20429808]
13 cpl_forces x [-1.61166436 -0.81596449 -0.20429808]
13 cpl_forces y [-0.60280287 -1.69157515  0.28319599]
13 cpl_forces y [-0.60280287 -1.69157515  0.28319599]
13 cpl_forces y [-0.60280287 -1.69157515  0.28319599]
13 cpl_forces y [-0.60280287 -1.69157515  0.28319599]
13 cpl_forces h [ 2.21446724  2.50753964 -0.07889791]
17:40:44-DEBUG: System matrix: 
13 cpl_forces x [-1.61166436 -0.81596449 -0.20429808]
17:40:44-DEBUG: [[-3.13970052e+04  7.24949448e-01]
 [ 7.24949448e-01 -3.13964232e+04]]
13 cpl_forces y [-0.60280287 -1.69157515  0.28319599]
17:40:44-DEBUG: Eigen values: 
17:40:44-DEBUG: [-31397.49534165 -31395.93301049]
17:40:44-DEBUG: Occupancies: 
17:40:44-DEBUG: [1. 0.]
17:40:44-INFO: coupling 13 0.7249494475243978
17:40:44-DEBUG: Amplitudes: 
17:40:44-DEBUG: [0.68624579 0.31375421]
17:40:44-INFO: forces0 h [-15.98898695  -7.72742591  -2.43039825]
17:40:44-INFO: forces0 x [17.2203801   6.63041198  1.65325549]
17:40:44-INFO: forces0 y [ 3.34404158 -3.97769832  1.23684097]
17:40:44-INFO: forces1 h [ 3.56385381 12.55407803 -2.64482291]
17:40:44-INFO: forces1 x [ 3.680214    0.19815195 -0.64290461]
17:40:44-INFO: forces1 y [ -1.1761087  -14.89002804   3.0854038 ]
pos h  [ 7.72698576  9.33797731 10.62596387]
pos x  [ 6.45700189  8.69500116 10.46497795]
pos y  [ 8.17600687 10.59801269 10.41501435]
 mixed_cpl_forces: h [-2.05510437 -2.32708599  0.07322006]
 mixed_cpl_forces: x [1.49568186 0.75724407 0.18959589]
 mixed_cpl_forces: y [ 0.55942251  1.56984192 -0.26281595]
17:40:44-INFO: mixed forces h [-11.90930516  -3.69110459  -2.42445483]
17:40:44-INFO: mixed forces x [14.46777781  5.36950737  1.12242147]
17:40:44-INFO: mixed forces y [ 2.4852479  -5.83164583  1.5540194 ]
17:40:44-DEBUG: Minimum eigen value: 
17:40:44-DEBUG: -31397.49534164975
17:40:44-DEBUG: Minimum state: 
17:40:44-DEBUG: 0
        13   -31397.4953416497   -31397.4953416497        0.0000000000   -31397.0051536663        0.0000000000      0.29749523
ids [ 137  142  143  144  145  146  147  148  149  150  151  152  154  155
  157  158  159  160  161  162  163  164  165  166  167  169  170  171
  172  174  175  176  177  179  180  181  182  184  187  188  189  190
  191  192  193  194  195  196  197  198  199  200  202  203  204  205
  206  207  208  209  210  211  212  214  215  217  218  219  221  222
  224  225  226  227  229  232  233  235  236  237  240  241  242  243
  245  246  247  250  251  252  253  254  255  256  257  260  261  262
  266  267  269  271  306  348  381  393  396  410  443  445  448  450
  455  490  493  495  500  535  538  540  784  789  794  798  804  808
  809  918  933 1073 1078]
ids [  1   2   3   4   9  10  11  12  13  14  15  16  17  18  19  20  21  23
  24  25  26  27  28  29  30  31  32  33  34  35  36  37  39  41  42  44
  46  47  49  50  51  52  53  54  55  56  57  58  59  60  61  62  63  64
  65  67  68  69  70  71  72  73  74  75  76  78  79  81  83  85  86  88
  89  90  91  93  96  97  98  99 100 101 103 104 105 106 109 111 113 114
 115 116 119 120 121 124 126 128 130 131 132 135 136 544 638 643 644 649
 654 659 664 669 674 815 850 860 893 895 898 900 905 938 945 951 966 993]
ids [ 122  140  173  178  185  220  223  230  265  268  270  318  407  408
  409  412  413  414  415  416  417  418  419  420  421  422  423  424
  425  426  427  428  429  430  431  432  433  434  435  436  437  439
  440  441  442  444  446  447  449  451  452  454  456  457  458  459
  460  461  462  463  464  465  466  467  468  469  470  471  472  473
  474  475  476  477  478  479  480  481  482  483  484  485  486  487
  488  489  491  492  494  496  497  499  502  505  506  507  508  509
  510  511  512  513  514  515  516  517  520  521  522  523  524  525
  526  527  528  530  531  532  536  537  539  541  558  561  588  591
  803  949 1043 1044 1048 1049 1053 1059 1064 1074 1079]
ids [  6 102 107 108 112 117 118 123 133 183 228 275 310 313 315 320 353 355
 358 360 363 365 400 403 411 438 501 542 546 547 548 549 550 551 552 553
 554 555 556 557 559 560 562 563 564 565 566 567 568 569 570 571 572 573
 574 575 576 577 579 581 582 584 586 587 589 592 593 594 595 596 597 598
 599 600 601 602 603 604 605 606 607 608 609 610 611 612 613 614 615 616
 617 618 619 620 621 622 624 626 627 629 631 632 634 635 636 637 639 640
 641 642 645 646 647 648 650 651 652 653 655 656 657 658 660 661 662 665
 666 667 671 672 676 813]
ids [   5   48  139  234  238  239  244  248  249  258  259  264  378  533
  677  679  682  683  684  685  686  687  688  689  690  691  692  694
  695  696  697  698  699  700  701  702  703  704  705  706  707  708
  709  710  711  712  713  714  716  717  719  721  722  724  726  727
  728  729  730  731  732  733  734  735  736  737  738  739  740  741
  742  743  744  745  746  747  748  749  750  751  752  754  755  756
  757  759  761  762  763  764  766  767  769  772  773  774  775  776
  777  778  779  780  781  782  785  786  787  788  790  791  792  793
  795  796  797  799  800  802  805  806  807  811  828  846  891  936
  950  983  988  990 1028 1030 1033 1035 1038 1040 1075 1080]
ids [  7  38  40  43  45  82  84  87  92  94 129 134 274 368 379 384 398 399
 404 668 673 681 693 753 771 783 801 812 816 817 818 819 820 821 822 823
 824 825 826 827 829 830 831 832 833 834 835 836 837 838 839 840 841 842
 843 844 845 847 848 849 851 852 853 854 855 856 857 858 859 861 862 863
 864 865 866 867 868 869 870 871 872 873 874 875 876 877 878 879 880 881
 882 883 884 885 886 887 888 889 890 892 894 896 897 899 901 902 904 906
 907 908 910 911 912 915 916 917 920 921 922 923 925 926 927 929 930 931
 932 934 935 937 939 940 941 942 944 946 948]
ids [   8   22   66   77   80   95  110  125  138  263  273  503  504  518
  519  529  534  543  663  678  680  715  718  720  723  725  758  760
  765  768  770  810  903  947  952  953  954  955  956  957  958  959
  960  961  962  963  964  965  967  968  969  970  971  972  973  974
  975  976  977  978  979  980  981  982  984  985  986  987  989  991
  992  994  995  996  997  998  999 1000 1001 1002 1003 1004 1005 1006
 1007 1008 1009 1010 1011 1012 1013 1014 1015 1016 1017 1018 1019 1020
 1021 1022 1023 1024 1025 1026 1027 1029 1031 1032 1034 1036 1037 1039
 1041 1042 1045 1046 1047 1050 1051 1052 1054 1055 1056 1057 1058 1060
 1061 1062 1063 1065 1066 1067 1068 1069 1070 1071 1072 1076 1077 1081]
ids [127 141 153 156 168 186 201 213 216 231 272 276 277 278 279 280 281 282
 283 284 285 286 287 288 289 290 291 292 293 294 295 296 297 298 299 300
 301 302 303 304 305 307 308 309 311 312 314 316 317 319 321 322 323 324
 325 326 327 328 329 330 331 332 333 334 335 336 337 338 339 340 341 342
 343 344 345 346 347 349 350 351 352 354 356 357 359 361 362 364 366 367
 369 370 371 372 373 374 375 376 377 380 382 383 385 386 387 388 389 390
 391 392 394 395 397 401 402 405 406 453 498 545 578 580 583 585 590 623
 625 628 630 633 670 675 814 909 913 914 919 924 928 943]
17:40:44-INFO: Step 14
17:40:44-DEBUG: Reaction systems: [[None]
 [0]]
17:40:44-DEBUG: rxn_pairs: [array([ 1, 13])]
17:40:44-DEBUG: Starting total colors: 5
17:40:44-DEBUG: Number of systems: 2
17:40:44-DEBUG: New total colors: 5
17:40:44-DEBUG: Potential energy for color 0: -31397.0051536663
ebond 3.129821157084677
ebond 3.129821157084677
ebond 3.129821157084677
ebond 3.129821157084677
ebond 3.129821157084677
17:40:44-DEBUG: Potential energy for color 1: -31396.423198473636
xhy 14 2 1 13
xhy 14 2 1 13
xhy 14 2 1 13
xhy 14 2 1 13
xhy 14 2 1 13
h_pos [ 7.72698576  9.33797731 10.62596387] x_pos [ 6.45700189  8.69500116 10.46497795] y_pos [ 8.17600687 10.59801269 10.41501435]
14 rHY 1.3541819792400176 rHX 1.4325480160248059 0.07836603678478826
h_pos [ 7.72698576  9.33797731 10.62596387] x_pos [ 6.45700189  8.69500116 10.46497795] y_pos [ 8.17600687 10.59801269 10.41501435]
h_pos [ 7.72698576  9.33797731 10.62596387] x_pos [ 6.45700189  8.69500116 10.46497795] y_pos [ 8.17600687 10.59801269 10.41501435]
h_pos [ 7.72698576  9.33797731 10.62596387] x_pos [ 6.45700189  8.69500116 10.46497795] y_pos [ 8.17600687 10.59801269 10.41501435]
14 rHY 1.3541819792400176 rHX 1.4325480160248059 0.07836603678478826
h_pos [ 7.72698576  9.33797731 10.62596387] x_pos [ 6.45700189  8.69500116 10.46497795] y_pos [ 8.17600687 10.59801269 10.41501435]
14 rHY 1.3541819792400176 rHX 1.4325480160248059 0.07836603678478826
14 rHY 1.3541819792400176 rHX 1.4325480160248059 0.07836603678478826
14 cpl_forces h [ 2.21446724  2.50753964 -0.07889791]
14 cpl_forces h [ 2.21446724  2.50753964 -0.07889791]
14 rHY 1.3541819792400176 rHX 1.4325480160248059 0.07836603678478826
14 cpl_forces h [ 2.21446724  2.50753964 -0.07889791]
14 cpl_forces x [-1.61166436 -0.81596449 -0.20429808]
14 cpl_forces h [ 2.21446724  2.50753964 -0.07889791]
14 cpl_forces x [-1.61166436 -0.81596449 -0.20429808]
14 cpl_forces x [-1.61166436 -0.81596449 -0.20429808]
14 cpl_forces x [-1.61166436 -0.81596449 -0.20429808]
14 cpl_forces y [-0.60280287 -1.69157515  0.28319599]
14 cpl_forces y [-0.60280287 -1.69157515  0.28319599]
14 cpl_forces h [ 2.21446724  2.50753964 -0.07889791]
14 cpl_forces y [-0.60280287 -1.69157515  0.28319599]
14 cpl_forces y [-0.60280287 -1.69157515  0.28319599]
17:40:44-DEBUG: System matrix: 
14 cpl_forces x [-1.61166436 -0.81596449 -0.20429808]
14 cpl_forces y [-0.60280287 -1.69157515  0.28319599]
17:40:44-DEBUG: [[-3.13970052e+04  7.24949448e-01]
 [ 7.24949448e-01 -3.13964232e+04]]
17:40:44-DEBUG: Eigen values: 
17:40:44-DEBUG: [-31397.49534165 -31395.93301049]
17:40:44-DEBUG: Occupancies: 
17:40:44-DEBUG: [1. 0.]
17:40:44-INFO: coupling 14 0.7249494475243978
17:40:44-DEBUG: Amplitudes: 
17:40:44-DEBUG: [0.68624579 0.31375421]
17:40:44-INFO: forces0 h [-15.98898695  -7.72742591  -2.43039825]
17:40:44-INFO: forces0 x [17.2203801   6.63041198  1.65325549]
17:40:44-INFO: forces0 y [ 3.34404158 -3.97769832  1.23684097]
17:40:44-INFO: forces1 h [ 3.56385381 12.55407803 -2.64482291]
17:40:44-INFO: forces1 x [ 3.680214    0.19815195 -0.64290461]
17:40:44-INFO: forces1 y [ -1.1761087  -14.89002804   3.0854038 ]
pos h  [ 7.72698576  9.33797731 10.62596387]
pos x  [ 6.45700189  8.69500116 10.46497795]
pos y  [ 8.17600687 10.59801269 10.41501435]
 mixed_cpl_forces: h [-2.05510437 -2.32708599  0.07322006]
 mixed_cpl_forces: x [1.49568186 0.75724407 0.18959589]
 mixed_cpl_forces: y [ 0.55942251  1.56984192 -0.26281595]
17:40:44-INFO: mixed forces h [-11.90930516  -3.69110459  -2.42445483]
17:40:44-INFO: mixed forces x [14.46777781  5.36950737  1.12242147]
17:40:44-INFO: mixed forces y [ 2.4852479  -5.83164583  1.5540194 ]
17:40:44-DEBUG: Minimum eigen value: 
17:40:44-DEBUG: -31397.49534164975
17:40:44-DEBUG: Minimum state: 
17:40:44-DEBUG: 0
        14   -31397.4953416497   -31397.4953416497        0.0000000000   -31397.0051536663        0.0000000000      0.29789385
ids [ 137  142  143  144  145  146  147  148  149  150  151  152  154  155
  157  158  159  160  161  162  163  164  165  166  167  169  170  171
  172  174  175  176  177  179  180  181  182  184  187  188  189  190
  191  192  193  194  195  196  197  198  199  200  202  203  204  205
  206  207  208  209  210  211  212  214  215  217  218  219  221  222
  224  225  226  227  229  232  233  235  236  237  240  241  242  243
  245  246  247  250  251  252  253  254  255  256  257  260  261  262
  266  267  269  271  306  348  381  393  396  410  443  445  448  450
  455  490  493  495  500  535  538  540  784  789  794  798  804  808
  809  918  933 1073 1078]
ids [  1   2   3   4   9  10  11  12  13  14  15  16  17  18  19  20  21  23
  24  25  26  27  28  29  30  31  32  33  34  35  36  37  39  41  42  44
  46  47  49  50  51  52  53  54  55  56  57  58  59  60  61  62  63  64
  65  67  68  69  70  71  72  73  74  75  76  78  79  81  83  85  86  88
  89  90  91  93  96  97  98  99 100 101 103 104 105 106 109 111 113 114
 115 116 119 120 121 124 126 128 130 131 132 135 136 544 638 643 644 649
 654 659 664 669 674 815 850 860 893 895 898 900 905 938 945 951 966 993]
ids [127 141 153 156 168 186 201 213 216 231 272 276 277 278 279 280 281 282
 283 284 285 286 287 288 289 290 291 292 293 294 295 296 297 298 299 300
 301 302 303 304 305 307 308 309 311 312 314 316 317 319 321 322 323 324
 325 326 327 328 329 330 331 332 333 334 335 336 337 338 339 340 341 342
 343 344 345 346 347 349 350 351 352 354 356 357 359 361 362 364 366 367
 369 370 371 372 373 374 375 376 377 380 382 383 385 386 387 388 389 390
 391 392 394 395 397 401 402 405 406 453 498 545 578 580 583 585 590 623
 625 628 630 633 670 675 814 909 913 914 919 924 928 943]
ids [ 122  140  173  178  185  220  223  230  265  268  270  318  407  408
  409  412  413  414  415  416  417  418  419  420  421  422  423  424
  425  426  427  428  429  430  431  432  433  434  435  436  437  439
  440  441  442  444  446  447  449  451  452  454  456  457  458  459
  460  461  462  463  464  465  466  467  468  469  470  471  472  473
  474  475  476  477  478  479  480  481  482  483  484  485  486  487
  488  489  491  492  494  496  497  499  502  505  506  507  508  509
  510  511  512  513  514  515  516  517  520  521  522  523  524  525
  526  527  528  530  531  532  536  537  539  541  558  561  588  591
  803  949 1043 1044 1048 1049 1053 1059 1064 1074 1079]
ids [  6 102 107 108 112 117 118 123 133 183 228 275 310 313 315 320 353 355
 358 360 363 365 400 403 411 438 501 542 546 547 548 549 550 551 552 553
 554 555 556 557 559 560 562 563 564 565 566 567 568 569 570 571 572 573
 574 575 576 577 579 581 582 584 586 587 589 592 593 594 595 596 597 598
 599 600 601 602 603 604 605 606 607 608 609 610 611 612 613 614 615 616
 617 618 619 620 621 622 624 626 627 629 631 632 634 635 636 637 639 640
 641 642 645 646 647 648 650 651 652 653 655 656 657 658 660 661 662 665
 666 667 671 672 676 813]
ids [   5   48  139  234  238  239  244  248  249  258  259  264  378  533
  677  679  682  683  684  685  686  687  688  689  690  691  692  694
  695  696  697  698  699  700  701  702  703  704  705  706  707  708
  709  710  711  712  713  714  716  717  719  721  722  724  726  727
  728  729  730  731  732  733  734  735  736  737  738  739  740  741
  742  743  744  745  746  747  748  749  750  751  752  754  755  756
  757  759  761  762  763  764  766  767  769  772  773  774  775  776
  777  778  779  780  781  782  785  786  787  788  790  791  792  793
  795  796  797  799  800  802  805  806  807  811  828  846  891  936
  950  983  988  990 1028 1030 1033 1035 1038 1040 1075 1080]
ids [  7  38  40  43  45  82  84  87  92  94 129 134 274 368 379 384 398 399
 404 668 673 681 693 753 771 783 801 812 816 817 818 819 820 821 822 823
 824 825 826 827 829 830 831 832 833 834 835 836 837 838 839 840 841 842
 843 844 845 847 848 849 851 852 853 854 855 856 857 858 859 861 862 863
 864 865 866 867 868 869 870 871 872 873 874 875 876 877 878 879 880 881
 882 883 884 885 886 887 888 889 890 892 894 896 897 899 901 902 904 906
 907 908 910 911 912 915 916 917 920 921 922 923 925 926 927 929 930 931
 932 934 935 937 939 940 941 942 944 946 948]
ids [   8   22   66   77   80   95  110  125  138  263  273  503  504  518
  519  529  534  543  663  678  680  715  718  720  723  725  758  760
  765  768  770  810  903  947  952  953  954  955  956  957  958  959
  960  961  962  963  964  965  967  968  969  970  971  972  973  974
  975  976  977  978  979  980  981  982  984  985  986  987  989  991
  992  994  995  996  997  998  999 1000 1001 1002 1003 1004 1005 1006
 1007 1008 1009 1010 1011 1012 1013 1014 1015 1016 1017 1018 1019 1020
 1021 1022 1023 1024 1025 1026 1027 1029 1031 1032 1034 1036 1037 1039
 1041 1042 1045 1046 1047 1050 1051 1052 1054 1055 1056 1057 1058 1060
 1061 1062 1063 1065 1066 1067 1068 1069 1070 1071 1072 1076 1077 1081]
17:40:44-INFO: Step 15
17:40:44-DEBUG: Reaction systems: [[None]
 [0]]
17:40:44-DEBUG: rxn_pairs: [array([ 1, 13])]
17:40:44-DEBUG: Starting total colors: 5
17:40:44-DEBUG: Number of systems: 2
17:40:44-DEBUG: New total colors: 5
17:40:44-DEBUG: Potential energy for color 0: -31397.0051536663
ebond 3.129821157084677
ebond 3.129821157084677
ebond 3.129821157084677
ebond 3.129821157084677
ebond 3.129821157084677
17:40:44-DEBUG: Potential energy for color 1: -31396.423198473636
xhy 15 2 1 13
xhy 15 2 1 13
xhy 15 2 1 13
xhy 15 2 1 13
xhy 15 2 1 13
h_pos [ 7.72698576  9.33797731 10.62596387] x_pos [ 6.45700189  8.69500116 10.46497795] y_pos [ 8.17600687 10.59801269 10.41501435]
15 rHY 1.3541819792400176 rHX 1.4325480160248059 0.07836603678478826
h_pos [ 7.72698576  9.33797731 10.62596387] x_pos [ 6.45700189  8.69500116 10.46497795] y_pos [ 8.17600687 10.59801269 10.41501435]
15 rHY 1.3541819792400176 rHX 1.4325480160248059 0.07836603678478826
h_pos [ 7.72698576  9.33797731 10.62596387] x_pos [ 6.45700189  8.69500116 10.46497795] y_pos [ 8.17600687 10.59801269 10.41501435]
15 rHY 1.3541819792400176 rHX 1.4325480160248059 0.07836603678478826
h_pos [ 7.72698576  9.33797731 10.62596387] x_pos [ 6.45700189  8.69500116 10.46497795] y_pos [ 8.17600687 10.59801269 10.41501435]
h_pos [ 7.72698576  9.33797731 10.62596387] x_pos [ 6.45700189  8.69500116 10.46497795] y_pos [ 8.17600687 10.59801269 10.41501435]
15 rHY 1.3541819792400176 rHX 1.4325480160248059 0.07836603678478826
15 cpl_forces h [ 2.21446724  2.50753964 -0.07889791]
15 rHY 1.3541819792400176 rHX 1.4325480160248059 0.07836603678478826
15 cpl_forces h [ 2.21446724  2.50753964 -0.07889791]
15 cpl_forces h [ 2.21446724  2.50753964 -0.07889791]
15 cpl_forces h [ 2.21446724  2.50753964 -0.07889791]
15 cpl_forces x [-1.61166436 -0.81596449 -0.20429808]
15 cpl_forces x [-1.61166436 -0.81596449 -0.20429808]
15 cpl_forces x [-1.61166436 -0.81596449 -0.20429808]
15 cpl_forces y [-0.60280287 -1.69157515  0.28319599]
15 cpl_forces x [-1.61166436 -0.81596449 -0.20429808]
15 cpl_forces y [-0.60280287 -1.69157515  0.28319599]
15 cpl_forces y [-0.60280287 -1.69157515  0.28319599]
15 cpl_forces y [-0.60280287 -1.69157515  0.28319599]
15 cpl_forces h [ 2.21446724  2.50753964 -0.07889791]
17:40:44-DEBUG: System matrix: 
15 cpl_forces x [-1.61166436 -0.81596449 -0.20429808]
17:40:44-DEBUG: [[-3.13970052e+04  7.24949448e-01]
 [ 7.24949448e-01 -3.13964232e+04]]
17:40:44-DEBUG: Eigen values: 
15 cpl_forces y [-0.60280287 -1.69157515  0.28319599]
17:40:44-DEBUG: [-31397.49534165 -31395.93301049]
17:40:44-DEBUG: Occupancies: 
17:40:44-DEBUG: [1. 0.]
17:40:44-INFO: coupling 15 0.7249494475243978
17:40:44-DEBUG: Amplitudes: 
17:40:44-DEBUG: [0.68624579 0.31375421]
17:40:44-INFO: forces0 h [-15.98898695  -7.72742591  -2.43039825]
17:40:44-INFO: forces0 x [17.2203801   6.63041198  1.65325549]
17:40:44-INFO: forces0 y [ 3.34404158 -3.97769832  1.23684097]
17:40:44-INFO: forces1 h [ 3.56385381 12.55407803 -2.64482291]
17:40:44-INFO: forces1 x [ 3.680214    0.19815195 -0.64290461]
17:40:44-INFO: forces1 y [ -1.1761087  -14.89002804   3.0854038 ]
pos h  [ 7.72698576  9.33797731 10.62596387]
pos x  [ 6.45700189  8.69500116 10.46497795]
pos y  [ 8.17600687 10.59801269 10.41501435]
 mixed_cpl_forces: h [-2.05510437 -2.32708599  0.07322006]
 mixed_cpl_forces: x [1.49568186 0.75724407 0.18959589]
 mixed_cpl_forces: y [ 0.55942251  1.56984192 -0.26281595]
17:40:44-INFO: mixed forces h [-11.90930516  -3.69110459  -2.42445483]
17:40:44-INFO: mixed forces x [14.46777781  5.36950737  1.12242147]
17:40:44-INFO: mixed forces y [ 2.4852479  -5.83164583  1.5540194 ]
17:40:44-DEBUG: Minimum eigen value: 
17:40:44-DEBUG: -31397.49534164975
17:40:44-DEBUG: Minimum state: 
17:40:44-DEBUG: 0
        15   -31397.4953416497   -31397.4953416497        0.0000000000   -31397.0051536663        0.0000000000      0.29624883
ids [  1   2   3   4   9  10  11  12  13  14  15  16  17  18  19  20  21  23
  24  25  26  27  28  29  30  31  32  33  34  35  36  37  39  41  42  44
  46  47  49  50  51  52  53  54  55  56  57  58  59  60  61  62  63  64
  65  67  68  69  70  71  72  73  74  75  76  78  79  81  83  85  86  88
  89  90  91  93  96  97  98  99 100 101 103 104 105 106 109 111 113 114
 115 116 119 120 121 124 126 128 130 131 132 135 136 544 638 643 644 649
 654 659 664 669 674 815 850 860 893 895 898 900 905 938 945 951 966 993]
ids [   8   22   66   77   80   95  110  125  138  263  273  503  504  518
  519  529  534  543  663  678  680  715  718  720  723  725  758  760
  765  768  770  810  903  947  952  953  954  955  956  957  958  959
  960  961  962  963  964  965  967  968  969  970  971  972  973  974
  975  976  977  978  979  980  981  982  984  985  986  987  989  991
  992  994  995  996  997  998  999 1000 1001 1002 1003 1004 1005 1006
 1007 1008 1009 1010 1011 1012 1013 1014 1015 1016 1017 1018 1019 1020
 1021 1022 1023 1024 1025 1026 1027 1029 1031 1032 1034 1036 1037 1039
 1041 1042 1045 1046 1047 1050 1051 1052 1054 1055 1056 1057 1058 1060
 1061 1062 1063 1065 1066 1067 1068 1069 1070 1071 1072 1076 1077 1081]
ids [127 141 153 156 168 186 201 213 216 231 272 276 277 278 279 280 281 282
 283 284 285 286 287 288 289 290 291 292 293 294 295 296 297 298 299 300
 301 302 303 304 305 307 308 309 311 312 314 316 317 319 321 322 323 324
 325 326 327 328 329 330 331 332 333 334 335 336 337 338 339 340 341 342
 343 344 345 346 347 349 350 351 352 354 356 357 359 361 362 364 366 367
 369 370 371 372 373 374 375 376 377 380 382 383 385 386 387 388 389 390
 391 392 394 395 397 401 402 405 406 453 498 545 578 580 583 585 590 623
 625 628 630 633 670 675 814 909 913 914 919 924 928 943]
ids [ 122  140  173  178  185  220  223  230  265  268  270  318  407  408
  409  412  413  414  415  416  417  418  419  420  421  422  423  424
  425  426  427  428  429  430  431  432  433  434  435  436  437  439
  440  441  442  444  446  447  449  451  452  454  456  457  458  459
  460  461  462  463  464  465  466  467  468  469  470  471  472  473
  474  475  476  477  478  479  480  481  482  483  484  485  486  487
  488  489  491  492  494  496  497  499  502  505  506  507  508  509
  510  511  512  513  514  515  516  517  520  521  522  523  524  525
  526  527  528  530  531  532  536  537  539  541  558  561  588  591
  803  949 1043 1044 1048 1049 1053 1059 1064 1074 1079]
ids [  6 102 107 108 112 117 118 123 133 183 228 275 310 313 315 320 353 355
 358 360 363 365 400 403 411 438 501 542 546 547 548 549 550 551 552 553
 554 555 556 557 559 560 562 563 564 565 566 567 568 569 570 571 572 573
 574 575 576 577 579 581 582 584 586 587 589 592 593 594 595 596 597 598
 599 600 601 602 603 604 605 606 607 608 609 610 611 612 613 614 615 616
 617 618 619 620 621 622 624 626 627 629 631 632 634 635 636 637 639 640
 641 642 645 646 647 648 650 651 652 653 655 656 657 658 660 661 662 665
 666 667 671 672 676 813]
ids [   5   48  139  234  238  239  244  248  249  258  259  264  378  533
  677  679  682  683  684  685  686  687  688  689  690  691  692  694
  695  696  697  698  699  700  701  702  703  704  705  706  707  708
  709  710  711  712  713  714  716  717  719  721  722  724  726  727
  728  729  730  731  732  733  734  735  736  737  738  739  740  741
  742  743  744  745  746  747  748  749  750  751  752  754  755  756
  757  759  761  762  763  764  766  767  769  772  773  774  775  776
  777  778  779  780  781  782  785  786  787  788  790  791  792  793
  795  796  797  799  800  802  805  806  807  811  828  846  891  936
  950  983  988  990 1028 1030 1033 1035 1038 1040 1075 1080]
ids [  7  38  40  43  45  82  84  87  92  94 129 134 274 368 379 384 398 399
 404 668 673 681 693 753 771 783 801 812 816 817 818 819 820 821 822 823
 824 825 826 827 829 830 831 832 833 834 835 836 837 838 839 840 841 842
 843 844 845 847 848 849 851 852 853 854 855 856 857 858 859 861 862 863
 864 865 866 867 868 869 870 871 872 873 874 875 876 877 878 879 880 881
 882 883 884 885 886 887 888 889 890 892 894 896 897 899 901 902 904 906
 907 908 910 911 912 915 916 917 920 921 922 923 925 926 927 929 930 931
 932 934 935 937 939 940 941 942 944 946 948]
ids [ 137  142  143  144  145  146  147  148  149  150  151  152  154  155
  157  158  159  160  161  162  163  164  165  166  167  169  170  171
  172  174  175  176  177  179  180  181  182  184  187  188  189  190
  191  192  193  194  195  196  197  198  199  200  202  203  204  205
  206  207  208  209  210  211  212  214  215  217  218  219  221  222
  224  225  226  227  229  232  233  235  236  237  240  241  242  243
  245  246  247  250  251  252  253  254  255  256  257  260  261  262
  266  267  269  271  306  348  381  393  396  410  443  445  448  450
  455  490  493  495  500  535  538  540  784  789  794  798  804  808
  809  918  933 1073 1078]
17:40:44-INFO: Step 16
17:40:44-DEBUG: Reaction systems: [[None]
 [0]]
17:40:44-DEBUG: rxn_pairs: [array([ 1, 13])]
17:40:44-DEBUG: Starting total colors: 5
17:40:44-DEBUG: Number of systems: 2
17:40:44-DEBUG: New total colors: 5
17:40:44-DEBUG: Potential energy for color 0: -31397.0051536663
ebond 3.129821157084677
ebond 3.129821157084677
ebond 3.129821157084677
ebond 3.129821157084677
ebond 3.129821157084677
17:40:44-DEBUG: Potential energy for color 1: -31396.423198473636
xhy 16 2 1 13
xhy 16 2 1 13
xhy 16 2 1 13
xhy 16 2 1 13
xhy 16 2 1 13
h_pos [ 7.72698576  9.33797731 10.62596387] x_pos [ 6.45700189  8.69500116 10.46497795] y_pos [ 8.17600687 10.59801269 10.41501435]
h_pos [ 7.72698576  9.33797731 10.62596387] x_pos [ 6.45700189  8.69500116 10.46497795] y_pos [ 8.17600687 10.59801269 10.41501435]
h_pos [ 7.72698576  9.33797731 10.62596387] x_pos [ 6.45700189  8.69500116 10.46497795] y_pos [ 8.17600687 10.59801269 10.41501435]
h_pos [ 7.72698576  9.33797731 10.62596387] x_pos [ 6.45700189  8.69500116 10.46497795] y_pos [ 8.17600687 10.59801269 10.41501435]
16 rHY 1.3541819792400176 rHX 1.4325480160248059 0.07836603678478826
16 rHY 1.3541819792400176 rHX 1.4325480160248059 0.07836603678478826
16 rHY 1.3541819792400176 rHX 1.4325480160248059 0.07836603678478826
16 rHY 1.3541819792400176 rHX 1.4325480160248059 0.07836603678478826
16 cpl_forces h [ 2.21446724  2.50753964 -0.07889791]
h_pos [ 7.72698576  9.33797731 10.62596387] x_pos [ 6.45700189  8.69500116 10.46497795] y_pos [ 8.17600687 10.59801269 10.41501435]
16 cpl_forces h [ 2.21446724  2.50753964 -0.07889791]
16 cpl_forces h [ 2.21446724  2.50753964 -0.07889791]
16 cpl_forces x [-1.61166436 -0.81596449 -0.20429808]
16 cpl_forces h [ 2.21446724  2.50753964 -0.07889791]
16 cpl_forces x [-1.61166436 -0.81596449 -0.20429808]
16 cpl_forces x [-1.61166436 -0.81596449 -0.20429808]
16 cpl_forces y [-0.60280287 -1.69157515  0.28319599]
16 cpl_forces x [-1.61166436 -0.81596449 -0.20429808]
16 cpl_forces y [-0.60280287 -1.69157515  0.28319599]
16 cpl_forces y [-0.60280287 -1.69157515  0.28319599]
16 cpl_forces y [-0.60280287 -1.69157515  0.28319599]
16 rHY 1.3541819792400176 rHX 1.4325480160248059 0.07836603678478826
17:40:44-DEBUG: System matrix: 
16 cpl_forces h [ 2.21446724  2.50753964 -0.07889791]
16 cpl_forces x [-1.61166436 -0.81596449 -0.20429808]
17:40:44-DEBUG: [[-3.13970052e+04  7.24949448e-01]
 [ 7.24949448e-01 -3.13964232e+04]]
17:40:44-DEBUG: Eigen values: 
16 cpl_forces y [-0.60280287 -1.69157515  0.28319599]
17:40:44-DEBUG: [-31397.49534165 -31395.93301049]
17:40:44-DEBUG: Occupancies: 
17:40:44-DEBUG: [1. 0.]
17:40:44-INFO: coupling 16 0.7249494475243978
17:40:44-DEBUG: Amplitudes: 
17:40:44-DEBUG: [0.68624579 0.31375421]
17:40:44-INFO: forces0 h [-15.98898695  -7.72742591  -2.43039825]
17:40:44-INFO: forces0 x [17.2203801   6.63041198  1.65325549]
17:40:44-INFO: forces0 y [ 3.34404158 -3.97769832  1.23684097]
17:40:44-INFO: forces1 h [ 3.56385381 12.55407803 -2.64482291]
17:40:44-INFO: forces1 x [ 3.680214    0.19815195 -0.64290461]
17:40:44-INFO: forces1 y [ -1.1761087  -14.89002804   3.0854038 ]
pos h  [ 7.72698576  9.33797731 10.62596387]
pos x  [ 6.45700189  8.69500116 10.46497795]
pos y  [ 8.17600687 10.59801269 10.41501435]
 mixed_cpl_forces: h [-2.05510437 -2.32708599  0.07322006]
 mixed_cpl_forces: x [1.49568186 0.75724407 0.18959589]
 mixed_cpl_forces: y [ 0.55942251  1.56984192 -0.26281595]
17:40:44-INFO: mixed forces h [-11.90930516  -3.69110459  -2.42445483]
17:40:44-INFO: mixed forces x [14.46777781  5.36950737  1.12242147]
17:40:44-INFO: mixed forces y [ 2.4852479  -5.83164583  1.5540194 ]
17:40:44-DEBUG: Minimum eigen value: 
17:40:44-DEBUG: -31397.49534164975
17:40:44-DEBUG: Minimum state: 
17:40:44-DEBUG: 0
        16   -31397.4953416497   -31397.4953416497        0.0000000000   -31397.0051536663        0.0000000000      0.29504166
ids [   8   22   66   77   80   95  110  125  138  263  273  503  504  518
  519  529  534  543  663  678  680  715  718  720  723  725  758  760
  765  768  770  810  903  947  952  953  954  955  956  957  958  959
  960  961  962  963  964  965  967  968  969  970  971  972  973  974
  975  976  977  978  979  980  981  982  984  985  986  987  989  991
  992  994  995  996  997  998  999 1000 1001 1002 1003 1004 1005 1006
 1007 1008 1009 1010 1011 1012 1013 1014 1015 1016 1017 1018 1019 1020
 1021 1022 1023 1024 1025 1026 1027 1029 1031 1032 1034 1036 1037 1039
 1041 1042 1045 1046 1047 1050 1051 1052 1054 1055 1056 1057 1058 1060
 1061 1062 1063 1065 1066 1067 1068 1069 1070 1071 1072 1076 1077 1081]
ids [127 141 153 156 168 186 201 213 216 231 272 276 277 278 279 280 281 282
 283 284 285 286 287 288 289 290 291 292 293 294 295 296 297 298 299 300
 301 302 303 304 305 307 308 309 311 312 314 316 317 319 321 322 323 324
 325 326 327 328 329 330 331 332 333 334 335 336 337 338 339 340 341 342
 343 344 345 346 347 349 350 351 352 354 356 357 359 361 362 364 366 367
 369 370 371 372 373 374 375 376 377 380 382 383 385 386 387 388 389 390
 391 392 394 395 397 401 402 405 406 453 498 545 578 580 583 585 590 623
 625 628 630 633 670 675 814 909 913 914 919 924 928 943]
ids [ 122  140  173  178  185  220  223  230  265  268  270  318  407  408
  409  412  413  414  415  416  417  418  419  420  421  422  423  424
  425  426  427  428  429  430  431  432  433  434  435  436  437  439
  440  441  442  444  446  447  449  451  452  454  456  457  458  459
  460  461  462  463  464  465  466  467  468  469  470  471  472  473
  474  475  476  477  478  479  480  481  482  483  484  485  486  487
  488  489  491  492  494  496  497  499  502  505  506  507  508  509
  510  511  512  513  514  515  516  517  520  521  522  523  524  525
  526  527  528  530  531  532  536  537  539  541  558  561  588  591
  803  949 1043 1044 1048 1049 1053 1059 1064 1074 1079]
ids [  6 102 107 108 112 117 118 123 133 183 228 275 310 313 315 320 353 355
 358 360 363 365 400 403 411 438 501 542 546 547 548 549 550 551 552 553
 554 555 556 557 559 560 562 563 564 565 566 567 568 569 570 571 572 573
 574 575 576 577 579 581 582 584 586 587 589 592 593 594 595 596 597 598
 599 600 601 602 603 604 605 606 607 608 609 610 611 612 613 614 615 616
 617 618 619 620 621 622 624 626 627 629 631 632 634 635 636 637 639 640
 641 642 645 646 647 648 650 651 652 653 655 656 657 658 660 661 662 665
 666 667 671 672 676 813]
ids [  7  38  40  43  45  82  84  87  92  94 129 134 274 368 379 384 398 399
 404 668 673 681 693 753 771 783 801 812 816 817 818 819 820 821 822 823
 824 825 826 827 829 830 831 832 833 834 835 836 837 838 839 840 841 842
 843 844 845 847 848 849 851 852 853 854 855 856 857 858 859 861 862 863
 864 865 866 867 868 869 870 871 872 873 874 875 876 877 878 879 880 881
 882 883 884 885 886 887 888 889 890 892 894 896 897 899 901 902 904 906
 907 908 910 911 912 915 916 917 920 921 922 923 925 926 927 929 930 931
 932 934 935 937 939 940 941 942 944 946 948]
ids [  1   2   3   4   9  10  11  12  13  14  15  16  17  18  19  20  21  23
  24  25  26  27  28  29  30  31  32  33  34  35  36  37  39  41  42  44
  46  47  49  50  51  52  53  54  55  56  57  58  59  60  61  62  63  64
  65  67  68  69  70  71  72  73  74  75  76  78  79  81  83  85  86  88
  89  90  91  93  96  97  98  99 100 101 103 104 105 106 109 111 113 114
 115 116 119 120 121 124 126 128 130 131 132 135 136 544 638 643 644 649
 654 659 664 669 674 815 850 860 893 895 898 900 905 938 945 951 966 993]
ids [ 137  142  143  144  145  146  147  148  149  150  151  152  154  155
  157  158  159  160  161  162  163  164  165  166  167  169  170  171
  172  174  175  176  177  179  180  181  182  184  187  188  189  190
  191  192  193  194  195  196  197  198  199  200  202  203  204  205
  206  207  208  209  210  211  212  214  215  217  218  219  221  222
  224  225  226  227  229  232  233  235  236  237  240  241  242  243
  245  246  247  250  251  252  253  254  255  256  257  260  261  262
  266  267  269  271  306  348  381  393  396  410  443  445  448  450
  455  490  493  495  500  535  538  540  784  789  794  798  804  808
  809  918  933 1073 1078]
ids [   5   48  139  234  238  239  244  248  249  258  259  264  378  533
  677  679  682  683  684  685  686  687  688  689  690  691  692  694
  695  696  697  698  699  700  701  702  703  704  705  706  707  708
  709  710  711  712  713  714  716  717  719  721  722  724  726  727
  728  729  730  731  732  733  734  735  736  737  738  739  740  741
  742  743  744  745  746  747  748  749  750  751  752  754  755  756
  757  759  761  762  763  764  766  767  769  772  773  774  775  776
  777  778  779  780  781  782  785  786  787  788  790  791  792  793
  795  796  797  799  800  802  805  806  807  811  828  846  891  936
  950  983  988  990 1028 1030 1033 1035 1038 1040 1075 1080]
17:40:44-INFO: Step 17
17:40:44-DEBUG: Reaction systems: [[None]
 [0]]
17:40:44-DEBUG: rxn_pairs: [array([ 1, 13])]
17:40:44-DEBUG: Starting total colors: 5
17:40:44-DEBUG: Number of systems: 2
17:40:44-DEBUG: New total colors: 5
17:40:44-DEBUG: Potential energy for color 0: -31397.0051536663
ebond 3.129821157084677
ebond 3.129821157084677
ebond 3.129821157084677
ebond 3.129821157084677
ebond 3.129821157084677
17:40:44-DEBUG: Potential energy for color 1: -31396.423198473636
xhy 17 2 1 13
xhy 17 2 1 13
xhy 17 2 1 13
xhy 17 2 1 13
xhy 17 2 1 13
h_pos [ 7.72698576  9.33797731 10.62596387] x_pos [ 6.45700189  8.69500116 10.46497795] y_pos [ 8.17600687 10.59801269 10.41501435]
17 rHY 1.3541819792400176 rHX 1.4325480160248059 0.07836603678478826
h_pos [ 7.72698576  9.33797731 10.62596387] x_pos [ 6.45700189  8.69500116 10.46497795] y_pos [ 8.17600687 10.59801269 10.41501435]
h_pos [ 7.72698576  9.33797731 10.62596387] x_pos [ 6.45700189  8.69500116 10.46497795] y_pos [ 8.17600687 10.59801269 10.41501435]
h_pos [ 7.72698576  9.33797731 10.62596387] x_pos [ 6.45700189  8.69500116 10.46497795] y_pos [ 8.17600687 10.59801269 10.41501435]
17 rHY 1.3541819792400176 rHX 1.4325480160248059 0.07836603678478826
17 rHY 1.3541819792400176 rHX 1.4325480160248059 0.07836603678478826
17 rHY 1.3541819792400176 rHX 1.4325480160248059 0.07836603678478826
h_pos [ 7.72698576  9.33797731 10.62596387] x_pos [ 6.45700189  8.69500116 10.46497795] y_pos [ 8.17600687 10.59801269 10.41501435]
17 cpl_forces h [ 2.21446724  2.50753964 -0.07889791]
17 cpl_forces h [ 2.21446724  2.50753964 -0.07889791]
17 rHY 1.3541819792400176 rHX 1.4325480160248059 0.07836603678478826
17 cpl_forces x [-1.61166436 -0.81596449 -0.20429808]
17 cpl_forces h [ 2.21446724  2.50753964 -0.07889791]
17 cpl_forces h [ 2.21446724  2.50753964 -0.07889791]
17 cpl_forces x [-1.61166436 -0.81596449 -0.20429808]
17 cpl_forces x [-1.61166436 -0.81596449 -0.20429808]
17 cpl_forces y [-0.60280287 -1.69157515  0.28319599]
17 cpl_forces x [-1.61166436 -0.81596449 -0.20429808]
17 cpl_forces y [-0.60280287 -1.69157515  0.28319599]
17 cpl_forces y [-0.60280287 -1.69157515  0.28319599]
17 cpl_forces y [-0.60280287 -1.69157515  0.28319599]
17:40:44-DEBUG: System matrix: 
17 cpl_forces h [ 2.21446724  2.50753964 -0.07889791]
17:40:44-DEBUG: [[-3.13970052e+04  7.24949448e-01]
 [ 7.24949448e-01 -3.13964232e+04]]
17:40:44-DEBUG: Eigen values: 
17 cpl_forces x [-1.61166436 -0.81596449 -0.20429808]
17:40:44-DEBUG: [-31397.49534165 -31395.93301049]
17:40:44-DEBUG: Occupancies: 
17 cpl_forces y [-0.60280287 -1.69157515  0.28319599]
17:40:44-DEBUG: [1. 0.]
17:40:44-INFO: coupling 17 0.7249494475243978
17:40:44-DEBUG: Amplitudes: 
17:40:44-DEBUG: [0.68624579 0.31375421]
17:40:44-INFO: forces0 h [-15.98898695  -7.72742591  -2.43039825]
17:40:44-INFO: forces0 x [17.2203801   6.63041198  1.65325549]
17:40:44-INFO: forces0 y [ 3.34404158 -3.97769832  1.23684097]
17:40:44-INFO: forces1 h [ 3.56385381 12.55407803 -2.64482291]
17:40:44-INFO: forces1 x [ 3.680214    0.19815195 -0.64290461]
17:40:44-INFO: forces1 y [ -1.1761087  -14.89002804   3.0854038 ]
pos h  [ 7.72698576  9.33797731 10.62596387]
pos x  [ 6.45700189  8.69500116 10.46497795]
pos y  [ 8.17600687 10.59801269 10.41501435]
 mixed_cpl_forces: h [-2.05510437 -2.32708599  0.07322006]
 mixed_cpl_forces: x [1.49568186 0.75724407 0.18959589]
 mixed_cpl_forces: y [ 0.55942251  1.56984192 -0.26281595]
17:40:44-INFO: mixed forces h [-11.90930516  -3.69110459  -2.42445483]
17:40:44-INFO: mixed forces x [14.46777781  5.36950737  1.12242147]
17:40:44-INFO: mixed forces y [ 2.4852479  -5.83164583  1.5540194 ]
17:40:44-DEBUG: Minimum eigen value: 
17:40:44-DEBUG: -31397.49534164975
17:40:44-DEBUG: Minimum state: 
17:40:44-DEBUG: 0
        17   -31397.4953416497   -31397.4953416497        0.0000000000   -31397.0051536663        0.0000000000      0.28526953
ids [   5   48  139  234  238  239  244  248  249  258  259  264  378  533
  677  679  682  683  684  685  686  687  688  689  690  691  692  694
  695  696  697  698  699  700  701  702  703  704  705  706  707  708
  709  710  711  712  713  714  716  717  719  721  722  724  726  727
  728  729  730  731  732  733  734  735  736  737  738  739  740  741
  742  743  744  745  746  747  748  749  750  751  752  754  755  756
  757  759  761  762  763  764  766  767  769  772  773  774  775  776
  777  778  779  780  781  782  785  786  787  788  790  791  792  793
  795  796  797  799  800  802  805  806  807  811  828  846  891  936
  950  983  988  990 1028 1030 1033 1035 1038 1040 1075 1080]
ids [  7  38  40  43  45  82  84  87  92  94 129 134 274 368 379 384 398 399
 404 668 673 681 693 753 771 783 801 812 816 817 818 819 820 821 822 823
 824 825 826 827 829 830 831 832 833 834 835 836 837 838 839 840 841 842
 843 844 845 847 848 849 851 852 853 854 855 856 857 858 859 861 862 863
 864 865 866 867 868 869 870 871 872 873 874 875 876 877 878 879 880 881
 882 883 884 885 886 887 888 889 890 892 894 896 897 899 901 902 904 906
 907 908 910 911 912 915 916 917 920 921 922 923 925 926 927 929 930 931
 932 934 935 937 939 940 941 942 944 946 948]
ids [   8   22   66   77   80   95  110  125  138  263  273  503  504  518
  519  529  534  543  663  678  680  715  718  720  723  725  758  760
  765  768  770  810  903  947  952  953  954  955  956  957  958  959
  960  961  962  963  964  965  967  968  969  970  971  972  973  974
  975  976  977  978  979  980  981  982  984  985  986  987  989  991
  992  994  995  996  997  998  999 1000 1001 1002 1003 1004 1005 1006
 1007 1008 1009 1010 1011 1012 1013 1014 1015 1016 1017 1018 1019 1020
 1021 1022 1023 1024 1025 1026 1027 1029 1031 1032 1034 1036 1037 1039
 1041 1042 1045 1046 1047 1050 1051 1052 1054 1055 1056 1057 1058 1060
 1061 1062 1063 1065 1066 1067 1068 1069 1070 1071 1072 1076 1077 1081]
ids [127 141 153 156 168 186 201 213 216 231 272 276 277 278 279 280 281 282
 283 284 285 286 287 288 289 290 291 292 293 294 295 296 297 298 299 300
 301 302 303 304 305 307 308 309 311 312 314 316 317 319 321 322 323 324
 325 326 327 328 329 330 331 332 333 334 335 336 337 338 339 340 341 342
 343 344 345 346 347 349 350 351 352 354 356 357 359 361 362 364 366 367
 369 370 371 372 373 374 375 376 377 380 382 383 385 386 387 388 389 390
 391 392 394 395 397 401 402 405 406 453 498 545 578 580 583 585 590 623
 625 628 630 633 670 675 814 909 913 914 919 924 928 943]
ids [ 122  140  173  178  185  220  223  230  265  268  270  318  407  408
  409  412  413  414  415  416  417  418  419  420  421  422  423  424
  425  426  427  428  429  430  431  432  433  434  435  436  437  439
  440  441  442  444  446  447  449  451  452  454  456  457  458  459
  460  461  462  463  464  465  466  467  468  469  470  471  472  473
  474  475  476  477  478  479  480  481  482  483  484  485  486  487
  488  489  491  492  494  496  497  499  502  505  506  507  508  509
  510  511  512  513  514  515  516  517  520  521  522  523  524  525
  526  527  528  530  531  532  536  537  539  541  558  561  588  591
  803  949 1043 1044 1048 1049 1053 1059 1064 1074 1079]
ids [ 137  142  143  144  145  146  147  148  149  150  151  152  154  155
  157  158  159  160  161  162  163  164  165  166  167  169  170  171
  172  174  175  176  177  179  180  181  182  184  187  188  189  190
  191  192  193  194  195  196  197  198  199  200  202  203  204  205
  206  207  208  209  210  211  212  214  215  217  218  219  221  222
  224  225  226  227  229  232  233  235  236  237  240  241  242  243
  245  246  247  250  251  252  253  254  255  256  257  260  261  262
  266  267  269  271  306  348  381  393  396  410  443  445  448  450
  455  490  493  495  500  535  538  540  784  789  794  798  804  808
  809  918  933 1073 1078]
ids [  6 102 107 108 112 117 118 123 133 183 228 275 310 313 315 320 353 355
 358 360 363 365 400 403 411 438 501 542 546 547 548 549 550 551 552 553
 554 555 556 557 559 560 562 563 564 565 566 567 568 569 570 571 572 573
 574 575 576 577 579 581 582 584 586 587 589 592 593 594 595 596 597 598
 599 600 601 602 603 604 605 606 607 608 609 610 611 612 613 614 615 616
 617 618 619 620 621 622 624 626 627 629 631 632 634 635 636 637 639 640
 641 642 645 646 647 648 650 651 652 653 655 656 657 658 660 661 662 665
 666 667 671 672 676 813]
ids [  1   2   3   4   9  10  11  12  13  14  15  16  17  18  19  20  21  23
  24  25  26  27  28  29  30  31  32  33  34  35  36  37  39  41  42  44
  46  47  49  50  51  52  53  54  55  56  57  58  59  60  61  62  63  64
  65  67  68  69  70  71  72  73  74  75  76  78  79  81  83  85  86  88
  89  90  91  93  96  97  98  99 100 101 103 104 105 106 109 111 113 114
 115 116 119 120 121 124 126 128 130 131 132 135 136 544 638 643 644 649
 654 659 664 669 674 815 850 860 893 895 898 900 905 938 945 951 966 993]
17:40:44-INFO: Step 18
17:40:44-DEBUG: Reaction systems: [[None]
 [0]]
17:40:44-DEBUG: rxn_pairs: [array([ 1, 13])]
17:40:44-DEBUG: Starting total colors: 5
17:40:44-DEBUG: Number of systems: 2
17:40:44-DEBUG: New total colors: 5
17:40:44-DEBUG: Potential energy for color 0: -31397.0051536663
ebond 3.129821157084677
ebond 3.129821157084677
ebond 3.129821157084677
ebond 3.129821157084677
ebond 3.129821157084677
17:40:44-DEBUG: Potential energy for color 1: -31396.423198473636
xhy 18 2 1 13
xhy 18 2 1 13
xhy 18 2 1 13
xhy 18 2 1 13
xhy 18 2 1 13
h_pos [ 7.72698576  9.33797731 10.62596387] x_pos [ 6.45700189  8.69500116 10.46497795] y_pos [ 8.17600687 10.59801269 10.41501435]
h_pos [ 7.72698576  9.33797731 10.62596387] x_pos [ 6.45700189  8.69500116 10.46497795] y_pos [ 8.17600687 10.59801269 10.41501435]
h_pos [ 7.72698576  9.33797731 10.62596387] x_pos [ 6.45700189  8.69500116 10.46497795] y_pos [ 8.17600687 10.59801269 10.41501435]
h_pos [ 7.72698576  9.33797731 10.62596387] x_pos [ 6.45700189  8.69500116 10.46497795] y_pos [ 8.17600687 10.59801269 10.41501435]
18 rHY 1.3541819792400176 rHX 1.4325480160248059 0.07836603678478826
h_pos [ 7.72698576  9.33797731 10.62596387] x_pos [ 6.45700189  8.69500116 10.46497795] y_pos [ 8.17600687 10.59801269 10.41501435]
18 rHY 1.3541819792400176 rHX 1.4325480160248059 0.07836603678478826
18 rHY 1.3541819792400176 rHX 1.4325480160248059 0.07836603678478826
18 rHY 1.3541819792400176 rHX 1.4325480160248059 0.07836603678478826
18 cpl_forces h [ 2.21446724  2.50753964 -0.07889791]
18 cpl_forces h [ 2.21446724  2.50753964 -0.07889791]
18 rHY 1.3541819792400176 rHX 1.4325480160248059 0.07836603678478826
18 cpl_forces h [ 2.21446724  2.50753964 -0.07889791]
18 cpl_forces h [ 2.21446724  2.50753964 -0.07889791]
18 cpl_forces x [-1.61166436 -0.81596449 -0.20429808]
18 cpl_forces x [-1.61166436 -0.81596449 -0.20429808]
18 cpl_forces x [-1.61166436 -0.81596449 -0.20429808]
18 cpl_forces x [-1.61166436 -0.81596449 -0.20429808]
18 cpl_forces y [-0.60280287 -1.69157515  0.28319599]
18 cpl_forces y [-0.60280287 -1.69157515  0.28319599]
18 cpl_forces y [-0.60280287 -1.69157515  0.28319599]
18 cpl_forces y [-0.60280287 -1.69157515  0.28319599]
18 cpl_forces h [ 2.21446724  2.50753964 -0.07889791]
18 cpl_forces x [-1.61166436 -0.81596449 -0.20429808]
17:40:44-DEBUG: System matrix: 
18 cpl_forces y [-0.60280287 -1.69157515  0.28319599]
17:40:44-DEBUG: [[-3.13970052e+04  7.24949448e-01]
 [ 7.24949448e-01 -3.13964232e+04]]
17:40:44-DEBUG: Eigen values: 
17:40:44-DEBUG: [-31397.49534165 -31395.93301049]
17:40:44-DEBUG: Occupancies: 
17:40:44-DEBUG: [1. 0.]
17:40:44-INFO: coupling 18 0.7249494475243978
17:40:44-DEBUG: Amplitudes: 
17:40:44-DEBUG: [0.68624579 0.31375421]
17:40:44-INFO: forces0 h [-15.98898695  -7.72742591  -2.43039825]
17:40:44-INFO: forces0 x [17.2203801   6.63041198  1.65325549]
17:40:44-INFO: forces0 y [ 3.34404158 -3.97769832  1.23684097]
17:40:44-INFO: forces1 h [ 3.56385381 12.55407803 -2.64482291]
17:40:44-INFO: forces1 x [ 3.680214    0.19815195 -0.64290461]
17:40:44-INFO: forces1 y [ -1.1761087  -14.89002804   3.0854038 ]
pos h  [ 7.72698576  9.33797731 10.62596387]
pos x  [ 6.45700189  8.69500116 10.46497795]
pos y  [ 8.17600687 10.59801269 10.41501435]
 mixed_cpl_forces: h [-2.05510437 -2.32708599  0.07322006]
 mixed_cpl_forces: x [1.49568186 0.75724407 0.18959589]
 mixed_cpl_forces: y [ 0.55942251  1.56984192 -0.26281595]
17:40:44-INFO: mixed forces h [-11.90930516  -3.69110459  -2.42445483]
17:40:44-INFO: mixed forces x [14.46777781  5.36950737  1.12242147]
17:40:44-INFO: mixed forces y [ 2.4852479  -5.83164583  1.5540194 ]
17:40:44-DEBUG: Minimum eigen value: 
17:40:44-DEBUG: -31397.49534164975
17:40:44-DEBUG: Minimum state: 
17:40:44-DEBUG: 0
        18   -31397.4953416497   -31397.4953416497        0.0000000000   -31397.0051536663        0.0000000000      0.29695891
ids [   8   22   66   77   80   95  110  125  138  263  273  503  504  518
  519  529  534  543  663  678  680  715  718  720  723  725  758  760
  765  768  770  810  903  947  952  953  954  955  956  957  958  959
  960  961  962  963  964  965  967  968  969  970  971  972  973  974
  975  976  977  978  979  980  981  982  984  985  986  987  989  991
  992  994  995  996  997  998  999 1000 1001 1002 1003 1004 1005 1006
 1007 1008 1009 1010 1011 1012 1013 1014 1015 1016 1017 1018 1019 1020
 1021 1022 1023 1024 1025 1026 1027 1029 1031 1032 1034 1036 1037 1039
 1041 1042 1045 1046 1047 1050 1051 1052 1054 1055 1056 1057 1058 1060
 1061 1062 1063 1065 1066 1067 1068 1069 1070 1071 1072 1076 1077 1081]
ids [127 141 153 156 168 186 201 213 216 231 272 276 277 278 279 280 281 282
 283 284 285 286 287 288 289 290 291 292 293 294 295 296 297 298 299 300
 301 302 303 304 305 307 308 309 311 312 314 316 317 319 321 322 323 324
 325 326 327 328 329 330 331 332 333 334 335 336 337 338 339 340 341 342
 343 344 345 346 347 349 350 351 352 354 356 357 359 361 362 364 366 367
 369 370 371 372 373 374 375 376 377 380 382 383 385 386 387 388 389 390
 391 392 394 395 397 401 402 405 406 453 498 545 578 580 583 585 590 623
 625 628 630 633 670 675 814 909 913 914 919 924 928 943]
ids [ 122  140  173  178  185  220  223  230  265  268  270  318  407  408
  409  412  413  414  415  416  417  418  419  420  421  422  423  424
  425  426  427  428  429  430  431  432  433  434  435  436  437  439
  440  441  442  444  446  447  449  451  452  454  456  457  458  459
  460  461  462  463  464  465  466  467  468  469  470  471  472  473
  474  475  476  477  478  479  480  481  482  483  484  485  486  487
  488  489  491  492  494  496  497  499  502  505  506  507  508  509
  510  511  512  513  514  515  516  517  520  521  522  523  524  525
  526  527  528  530  531  532  536  537  539  541  558  561  588  591
  803  949 1043 1044 1048 1049 1053 1059 1064 1074 1079]
ids [ 137  142  143  144  145  146  147  148  149  150  151  152  154  155
  157  158  159  160  161  162  163  164  165  166  167  169  170  171
  172  174  175  176  177  179  180  181  182  184  187  188  189  190
  191  192  193  194  195  196  197  198  199  200  202  203  204  205
  206  207  208  209  210  211  212  214  215  217  218  219  221  222
  224  225  226  227  229  232  233  235  236  237  240  241  242  243
  245  246  247  250  251  252  253  254  255  256  257  260  261  262
  266  267  269  271  306  348  381  393  396  410  443  445  448  450
  455  490  493  495  500  535  538  540  784  789  794  798  804  808
  809  918  933 1073 1078]
ids [  1   2   3   4   9  10  11  12  13  14  15  16  17  18  19  20  21  23
  24  25  26  27  28  29  30  31  32  33  34  35  36  37  39  41  42  44
  46  47  49  50  51  52  53  54  55  56  57  58  59  60  61  62  63  64
  65  67  68  69  70  71  72  73  74  75  76  78  79  81  83  85  86  88
  89  90  91  93  96  97  98  99 100 101 103 104 105 106 109 111 113 114
 115 116 119 120 121 124 126 128 130 131 132 135 136 544 638 643 644 649
 654 659 664 669 674 815 850 860 893 895 898 900 905 938 945 951 966 993]
ids [  6 102 107 108 112 117 118 123 133 183 228 275 310 313 315 320 353 355
 358 360 363 365 400 403 411 438 501 542 546 547 548 549 550 551 552 553
 554 555 556 557 559 560 562 563 564 565 566 567 568 569 570 571 572 573
 574 575 576 577 579 581 582 584 586 587 589 592 593 594 595 596 597 598
 599 600 601 602 603 604 605 606 607 608 609 610 611 612 613 614 615 616
 617 618 619 620 621 622 624 626 627 629 631 632 634 635 636 637 639 640
 641 642 645 646 647 648 650 651 652 653 655 656 657 658 660 661 662 665
 666 667 671 672 676 813]
ids [   5   48  139  234  238  239  244  248  249  258  259  264  378  533
  677  679  682  683  684  685  686  687  688  689  690  691  692  694
  695  696  697  698  699  700  701  702  703  704  705  706  707  708
  709  710  711  712  713  714  716  717  719  721  722  724  726  727
  728  729  730  731  732  733  734  735  736  737  738  739  740  741
  742  743  744  745  746  747  748  749  750  751  752  754  755  756
  757  759  761  762  763  764  766  767  769  772  773  774  775  776
  777  778  779  780  781  782  785  786  787  788  790  791  792  793
  795  796  797  799  800  802  805  806  807  811  828  846  891  936
  950  983  988  990 1028 1030 1033 1035 1038 1040 1075 1080]
ids [  7  38  40  43  45  82  84  87  92  94 129 134 274 368 379 384 398 399
 404 668 673 681 693 753 771 783 801 812 816 817 818 819 820 821 822 823
 824 825 826 827 829 830 831 832 833 834 835 836 837 838 839 840 841 842
 843 844 845 847 848 849 851 852 853 854 855 856 857 858 859 861 862 863
 864 865 866 867 868 869 870 871 872 873 874 875 876 877 878 879 880 881
 882 883 884 885 886 887 888 889 890 892 894 896 897 899 901 902 904 906
 907 908 910 911 912 915 916 917 920 921 922 923 925 926 927 929 930 931
 932 934 935 937 939 940 941 942 944 946 948]
17:40:44-INFO: Step 19
17:40:44-DEBUG: Reaction systems: [[None]
 [0]]
17:40:44-DEBUG: rxn_pairs: [array([ 1, 13])]
17:40:44-DEBUG: Starting total colors: 5
17:40:44-DEBUG: Number of systems: 2
17:40:44-DEBUG: New total colors: 5
17:40:44-DEBUG: Potential energy for color 0: -31397.0051536663
ebond 3.129821157084677
ebond 3.129821157084677
ebond 3.129821157084677
ebond 3.129821157084677
ebond 3.129821157084677
17:40:44-DEBUG: Potential energy for color 1: -31396.423198473636
xhy 19 2 1 13
xhy 19 2 1 13
xhy 19 2 1 13
xhy 19 2 1 13
xhy 19 2 1 13
h_pos [ 7.72698576  9.33797731 10.62596387] x_pos [ 6.45700189  8.69500116 10.46497795] y_pos [ 8.17600687 10.59801269 10.41501435]
h_pos [ 7.72698576  9.33797731 10.62596387] x_pos [ 6.45700189  8.69500116 10.46497795] y_pos [ 8.17600687 10.59801269 10.41501435]
19 rHY 1.3541819792400176 rHX 1.4325480160248059 0.07836603678478826
h_pos [ 7.72698576  9.33797731 10.62596387] x_pos [ 6.45700189  8.69500116 10.46497795] y_pos [ 8.17600687 10.59801269 10.41501435]
19 rHY 1.3541819792400176 rHX 1.4325480160248059 0.07836603678478826
h_pos [ 7.72698576  9.33797731 10.62596387] x_pos [ 6.45700189  8.69500116 10.46497795] y_pos [ 8.17600687 10.59801269 10.41501435]
19 rHY 1.3541819792400176 rHX 1.4325480160248059 0.07836603678478826
h_pos [ 7.72698576  9.33797731 10.62596387] x_pos [ 6.45700189  8.69500116 10.46497795] y_pos [ 8.17600687 10.59801269 10.41501435]
19 rHY 1.3541819792400176 rHX 1.4325480160248059 0.07836603678478826
19 cpl_forces h [ 2.21446724  2.50753964 -0.07889791]
19 cpl_forces h [ 2.21446724  2.50753964 -0.07889791]
19 rHY 1.3541819792400176 rHX 1.4325480160248059 0.07836603678478826
19 cpl_forces h [ 2.21446724  2.50753964 -0.07889791]
19 cpl_forces h [ 2.21446724  2.50753964 -0.07889791]
19 cpl_forces x [-1.61166436 -0.81596449 -0.20429808]
19 cpl_forces x [-1.61166436 -0.81596449 -0.20429808]
19 cpl_forces x [-1.61166436 -0.81596449 -0.20429808]
19 cpl_forces y [-0.60280287 -1.69157515  0.28319599]
19 cpl_forces x [-1.61166436 -0.81596449 -0.20429808]
19 cpl_forces y [-0.60280287 -1.69157515  0.28319599]
19 cpl_forces y [-0.60280287 -1.69157515  0.28319599]
19 cpl_forces y [-0.60280287 -1.69157515  0.28319599]
19 cpl_forces h [ 2.21446724  2.50753964 -0.07889791]
17:40:44-DEBUG: System matrix: 
19 cpl_forces x [-1.61166436 -0.81596449 -0.20429808]
19 cpl_forces y [-0.60280287 -1.69157515  0.28319599]
17:40:44-DEBUG: [[-3.13970052e+04  7.24949448e-01]
 [ 7.24949448e-01 -3.13964232e+04]]
17:40:44-DEBUG: Eigen values: 
17:40:44-DEBUG: [-31397.49534165 -31395.93301049]
17:40:44-DEBUG: Occupancies: 
17:40:44-DEBUG: [1. 0.]
17:40:44-INFO: coupling 19 0.7249494475243978
17:40:44-DEBUG: Amplitudes: 
17:40:44-DEBUG: [0.68624579 0.31375421]
17:40:44-INFO: forces0 h [-15.98898695  -7.72742591  -2.43039825]
17:40:44-INFO: forces0 x [17.2203801   6.63041198  1.65325549]
17:40:44-INFO: forces0 y [ 3.34404158 -3.97769832  1.23684097]
17:40:44-INFO: forces1 h [ 3.56385381 12.55407803 -2.64482291]
17:40:44-INFO: forces1 x [ 3.680214    0.19815195 -0.64290461]
17:40:44-INFO: forces1 y [ -1.1761087  -14.89002804   3.0854038 ]
pos h  [ 7.72698576  9.33797731 10.62596387]
pos x  [ 6.45700189  8.69500116 10.46497795]
pos y  [ 8.17600687 10.59801269 10.41501435]
 mixed_cpl_forces: h [-2.05510437 -2.32708599  0.07322006]
 mixed_cpl_forces: x [1.49568186 0.75724407 0.18959589]
 mixed_cpl_forces: y [ 0.55942251  1.56984192 -0.26281595]
17:40:44-INFO: mixed forces h [-11.90930516  -3.69110459  -2.42445483]
17:40:44-INFO: mixed forces x [14.46777781  5.36950737  1.12242147]
17:40:44-INFO: mixed forces y [ 2.4852479  -5.83164583  1.5540194 ]
17:40:44-DEBUG: Minimum eigen value: 
17:40:44-DEBUG: -31397.49534164975
17:40:44-DEBUG: Minimum state: 
17:40:44-DEBUG: 0
        19   -31397.4953416497   -31397.4953416497        0.0000000000   -31397.0051536663        0.0000000000      0.29617014
ids [ 122  140  173  178  185  220  223  230  265  268  270  318  407  408
  409  412  413  414  415  416  417  418  419  420  421  422  423  424
  425  426  427  428  429  430  431  432  433  434  435  436  437  439
  440  441  442  444  446  447  449  451  452  454  456  457  458  459
  460  461  462  463  464  465  466  467  468  469  470  471  472  473
  474  475  476  477  478  479  480  481  482  483  484  485  486  487
  488  489  491  492  494  496  497  499  502  505  506  507  508  509
  510  511  512  513  514  515  516  517  520  521  522  523  524  525
  526  527  528  530  531  532  536  537  539  541  558  561  588  591
  803  949 1043 1044 1048 1049 1053 1059 1064 1074 1079]
ids [  1   2   3   4   9  10  11  12  13  14  15  16  17  18  19  20  21  23
  24  25  26  27  28  29  30  31  32  33  34  35  36  37  39  41  42  44
  46  47  49  50  51  52  53  54  55  56  57  58  59  60  61  62  63  64
  65  67  68  69  70  71  72  73  74  75  76  78  79  81  83  85  86  88
  89  90  91  93  96  97  98  99 100 101 103 104 105 106 109 111 113 114
 115 116 119 120 121 124 126 128 130 131 132 135 136 544 638 643 644 649
 654 659 664 669 674 815 850 860 893 895 898 900 905 938 945 951 966 993]
ids [  7  38  40  43  45  82  84  87  92  94 129 134 274 368 379 384 398 399
 404 668 673 681 693 753 771 783 801 812 816 817 818 819 820 821 822 823
 824 825 826 827 829 830 831 832 833 834 835 836 837 838 839 840 841 842
 843 844 845 847 848 849 851 852 853 854 855 856 857 858 859 861 862 863
 864 865 866 867 868 869 870 871 872 873 874 875 876 877 878 879 880 881
 882 883 884 885 886 887 888 889 890 892 894 896 897 899 901 902 904 906
 907 908 910 911 912 915 916 917 920 921 922 923 925 926 927 929 930 931
 932 934 935 937 939 940 941 942 944 946 948]
ids [  6 102 107 108 112 117 118 123 133 183 228 275 310 313 315 320 353 355
 358 360 363 365 400 403 411 438 501 542 546 547 548 549 550 551 552 553
 554 555 556 557 559 560 562 563 564 565 566 567 568 569 570 571 572 573
 574 575 576 577 579 581 582 584 586 587 589 592 593 594 595 596 597 598
 599 600 601 602 603 604 605 606 607 608 609 610 611 612 613 614 615 616
 617 618 619 620 621 622 624 626 627 629 631 632 634 635 636 637 639 640
 641 642 645 646 647 648 650 651 652 653 655 656 657 658 660 661 662 665
 666 667 671 672 676 813]
ids [   5   48  139  234  238  239  244  248  249  258  259  264  378  533
  677  679  682  683  684  685  686  687  688  689  690  691  692  694
  695  696  697  698  699  700  701  702  703  704  705  706  707  708
  709  710  711  712  713  714  716  717  719  721  722  724  726  727
  728  729  730  731  732  733  734  735  736  737  738  739  740  741
  742  743  744  745  746  747  748  749  750  751  752  754  755  756
  757  759  761  762  763  764  766  767  769  772  773  774  775  776
  777  778  779  780  781  782  785  786  787  788  790  791  792  793
  795  796  797  799  800  802  805  806  807  811  828  846  891  936
  950  983  988  990 1028 1030 1033 1035 1038 1040 1075 1080]
ids [ 137  142  143  144  145  146  147  148  149  150  151  152  154  155
  157  158  159  160  161  162  163  164  165  166  167  169  170  171
  172  174  175  176  177  179  180  181  182  184  187  188  189  190
  191  192  193  194  195  196  197  198  199  200  202  203  204  205
  206  207  208  209  210  211  212  214  215  217  218  219  221  222
  224  225  226  227  229  232  233  235  236  237  240  241  242  243
  245  246  247  250  251  252  253  254  255  256  257  260  261  262
  266  267  269  271  306  348  381  393  396  410  443  445  448  450
  455  490  493  495  500  535  538  540  784  789  794  798  804  808
  809  918  933 1073 1078]
ids [   8   22   66   77   80   95  110  125  138  263  273  503  504  518
  519  529  534  543  663  678  680  715  718  720  723  725  758  760
  765  768  770  810  903  947  952  953  954  955  956  957  958  959
  960  961  962  963  964  965  967  968  969  970  971  972  973  974
  975  976  977  978  979  980  981  982  984  985  986  987  989  991
  992  994  995  996  997  998  999 1000 1001 1002 1003 1004 1005 1006
 1007 1008 1009 1010 1011 1012 1013 1014 1015 1016 1017 1018 1019 1020
 1021 1022 1023 1024 1025 1026 1027 1029 1031 1032 1034 1036 1037 1039
 1041 1042 1045 1046 1047 1050 1051 1052 1054 1055 1056 1057 1058 1060
 1061 1062 1063 1065 1066 1067 1068 1069 1070 1071 1072 1076 1077 1081]
ids [127 141 153 156 168 186 201 213 216 231 272 276 277 278 279 280 281 282
 283 284 285 286 287 288 289 290 291 292 293 294 295 296 297 298 299 300
 301 302 303 304 305 307 308 309 311 312 314 316 317 319 321 322 323 324
 325 326 327 328 329 330 331 332 333 334 335 336 337 338 339 340 341 342
 343 344 345 346 347 349 350 351 352 354 356 357 359 361 362 364 366 367
 369 370 371 372 373 374 375 376 377 380 382 383 385 386 387 388 389 390
 391 392 394 395 397 401 402 405 406 453 498 545 578 580 583 585 590 623
 625 628 630 633 670 675 814 909 913 914 919 924 928 943]
17:40:44-INFO: Step 20
17:40:44-DEBUG: Reaction systems: [[None]
 [0]]
17:40:44-DEBUG: rxn_pairs: [array([ 1, 13])]
17:40:44-DEBUG: Starting total colors: 5
17:40:44-DEBUG: Number of systems: 2
17:40:44-DEBUG: New total colors: 5
17:40:44-DEBUG: Potential energy for color 0: -31397.0051536663
ebond 3.129821157084677
ebond 3.129821157084677
ebond 3.129821157084677
ebond 3.129821157084677
ebond 3.129821157084677
17:40:44-DEBUG: Potential energy for color 1: -31396.423198473636
xhy 20 2 1 13
xhy 20 2 1 13
xhy 20 2 1 13
xhy 20 2 1 13
xhy 20 2 1 13
h_pos [ 7.72698576  9.33797731 10.62596387] x_pos [ 6.45700189  8.69500116 10.46497795] y_pos [ 8.17600687 10.59801269 10.41501435]
20 rHY 1.3541819792400176 rHX 1.4325480160248059 0.07836603678478826
h_pos [ 7.72698576  9.33797731 10.62596387] x_pos [ 6.45700189  8.69500116 10.46497795] y_pos [ 8.17600687 10.59801269 10.41501435]
20 rHY 1.3541819792400176 rHX 1.4325480160248059 0.07836603678478826
h_pos [ 7.72698576  9.33797731 10.62596387] x_pos [ 6.45700189  8.69500116 10.46497795] y_pos [ 8.17600687 10.59801269 10.41501435]
20 rHY 1.3541819792400176 rHX 1.4325480160248059 0.07836603678478826
h_pos [ 7.72698576  9.33797731 10.62596387] x_pos [ 6.45700189  8.69500116 10.46497795] y_pos [ 8.17600687 10.59801269 10.41501435]
h_pos [ 7.72698576  9.33797731 10.62596387] x_pos [ 6.45700189  8.69500116 10.46497795] y_pos [ 8.17600687 10.59801269 10.41501435]
20 rHY 1.3541819792400176 rHX 1.4325480160248059 0.07836603678478826
20 cpl_forces h [ 2.21446724  2.50753964 -0.07889791]
20 rHY 1.3541819792400176 rHX 1.4325480160248059 0.07836603678478826
20 cpl_forces h [ 2.21446724  2.50753964 -0.07889791]
20 cpl_forces h [ 2.21446724  2.50753964 -0.07889791]
20 cpl_forces h [ 2.21446724  2.50753964 -0.07889791]
20 cpl_forces x [-1.61166436 -0.81596449 -0.20429808]
20 cpl_forces x [-1.61166436 -0.81596449 -0.20429808]
20 cpl_forces x [-1.61166436 -0.81596449 -0.20429808]
20 cpl_forces x [-1.61166436 -0.81596449 -0.20429808]
20 cpl_forces y [-0.60280287 -1.69157515  0.28319599]
20 cpl_forces y [-0.60280287 -1.69157515  0.28319599]
20 cpl_forces y [-0.60280287 -1.69157515  0.28319599]
20 cpl_forces y [-0.60280287 -1.69157515  0.28319599]
20 cpl_forces h [ 2.21446724  2.50753964 -0.07889791]
17:40:44-DEBUG: System matrix: 
20 cpl_forces x [-1.61166436 -0.81596449 -0.20429808]
17:40:44-DEBUG: [[-3.13970052e+04  7.24949448e-01]
 [ 7.24949448e-01 -3.13964232e+04]]
17:40:44-DEBUG: Eigen values: 
20 cpl_forces y [-0.60280287 -1.69157515  0.28319599]
17:40:44-DEBUG: [-31397.49534165 -31395.93301049]
17:40:44-DEBUG: Occupancies: 
17:40:44-DEBUG: [1. 0.]
17:40:44-INFO: coupling 20 0.7249494475243978
17:40:44-DEBUG: Amplitudes: 
17:40:44-DEBUG: [0.68624579 0.31375421]
17:40:44-INFO: forces0 h [-15.98898695  -7.72742591  -2.43039825]
17:40:44-INFO: forces0 x [17.2203801   6.63041198  1.65325549]
17:40:44-INFO: forces0 y [ 3.34404158 -3.97769832  1.23684097]
17:40:44-INFO: forces1 h [ 3.56385381 12.55407803 -2.64482291]
17:40:44-INFO: forces1 x [ 3.680214    0.19815195 -0.64290461]
17:40:44-INFO: forces1 y [ -1.1761087  -14.89002804   3.0854038 ]
pos h  [ 7.72698576  9.33797731 10.62596387]
pos x  [ 6.45700189  8.69500116 10.46497795]
pos y  [ 8.17600687 10.59801269 10.41501435]
 mixed_cpl_forces: h [-2.05510437 -2.32708599  0.07322006]
 mixed_cpl_forces: x [1.49568186 0.75724407 0.18959589]
 mixed_cpl_forces: y [ 0.55942251  1.56984192 -0.26281595]
17:40:44-INFO: mixed forces h [-11.90930516  -3.69110459  -2.42445483]
17:40:44-INFO: mixed forces x [14.46777781  5.36950737  1.12242147]
17:40:44-INFO: mixed forces y [ 2.4852479  -5.83164583  1.5540194 ]
17:40:44-DEBUG: Minimum eigen value: 
17:40:44-DEBUG: -31397.49534164975
17:40:44-DEBUG: Minimum state: 
17:40:44-DEBUG: 0
        20   -31397.4953416497   -31397.4953416497        0.0000000000   -31397.0051536663        0.0000000000      0.12787445
ids [ 122  140  173  178  185  220  223  230  265  268  270  318  407  408
  409  412  413  414  415  416  417  418  419  420  421  422  423  424
  425  426  427  428  429  430  431  432  433  434  435  436  437  439
  440  441  442  444  446  447  449  451  452  454  456  457  458  459
  460  461  462  463  464  465  466  467  468  469  470  471  472  473
  474  475  476  477  478  479  480  481  482  483  484  485  486  487
  488  489  491  492  494  496  497  499  502  505  506  507  508  509
  510  511  512  513  514  515  516  517  520  521  522  523  524  525
  526  527  528  530  531  532  536  537  539  541  558  561  588  591
  803  949 1043 1044 1048 1049 1053 1059 1064 1074 1079]
ids [  1   2   3   4   9  10  11  12  13  14  15  16  17  18  19  20  21  23
  24  25  26  27  28  29  30  31  32  33  34  35  36  37  39  41  42  44
  46  47  49  50  51  52  53  54  55  56  57  58  59  60  61  62  63  64
  65  67  68  69  70  71  72  73  74  75  76  78  79  81  83  85  86  88
  89  90  91  93  96  97  98  99 100 101 103 104 105 106 109 111 113 114
 115 116 119 120 121 124 126 128 130 131 132 135 136 544 638 643 644 649
 654 659 664 669 674 815 850 860 893 895 898 900 905 938 945 951 966 993]
ids [  7  38  40  43  45  82  84  87  92  94 129 134 274 368 379 384 398 399
 404 668 673 681 693 753 771 783 801 812 816 817 818 819 820 821 822 823
 824 825 826 827 829 830 831 832 833 834 835 836 837 838 839 840 841 842
 843 844 845 847 848 849 851 852 853 854 855 856 857 858 859 861 862 863
 864 865 866 867 868 869 870 871 872 873 874 875 876 877 878 879 880 881
 882 883 884 885 886 887 888 889 890 892 894 896 897 899 901 902 904 906
 907 908 910 911 912 915 916 917 920 921 922 923 925 926 927 929 930 931
 932 934 935 937 939 940 941 942 944 946 948]
ids [  6 102 107 108 112 117 118 123 133 183 228 275 310 313 315 320 353 355
 358 360 363 365 400 403 411 438 501 542 546 547 548 549 550 551 552 553
 554 555 556 557 559 560 562 563 564 565 566 567 568 569 570 571 572 573
 574 575 576 577 579 581 582 584 586 587 589 592 593 594 595 596 597 598
 599 600 601 602 603 604 605 606 607 608 609 610 611 612 613 614 615 616
 617 618 619 620 621 622 624 626 627 629 631 632 634 635 636 637 639 640
 641 642 645 646 647 648 650 651 652 653 655 656 657 658 660 661 662 665
 666 667 671 672 676 813]
ids [   5   48  139  234  238  239  244  248  249  258  259  264  378  533
  677  679  682  683  684  685  686  687  688  689  690  691  692  694
  695  696  697  698  699  700  701  702  703  704  705  706  707  708
  709  710  711  712  713  714  716  717  719  721  722  724  726  727
  728  729  730  731  732  733  734  735  736  737  738  739  740  741
  742  743  744  745  746  747  748  749  750  751  752  754  755  756
  757  759  761  762  763  764  766  767  769  772  773  774  775  776
  777  778  779  780  781  782  785  786  787  788  790  791  792  793
  795  796  797  799  800  802  805  806  807  811  828  846  891  936
  950  983  988  990 1028 1030 1033 1035 1038 1040 1075 1080]
ids [   8   22   66   77   80   95  110  125  138  263  273  503  504  518
  519  529  534  543  663  678  680  715  718  720  723  725  758  760
  765  768  770  810  903  947  952  953  954  955  956  957  958  959
  960  961  962  963  964  965  967  968  969  970  971  972  973  974
  975  976  977  978  979  980  981  982  984  985  986  987  989  991
  992  994  995  996  997  998  999 1000 1001 1002 1003 1004 1005 1006
 1007 1008 1009 1010 1011 1012 1013 1014 1015 1016 1017 1018 1019 1020
 1021 1022 1023 1024 1025 1026 1027 1029 1031 1032 1034 1036 1037 1039
 1041 1042 1045 1046 1047 1050 1051 1052 1054 1055 1056 1057 1058 1060
 1061 1062 1063 1065 1066 1067 1068 1069 1070 1071 1072 1076 1077 1081]
ids [127 141 153 156 168 186 201 213 216 231 272 276 277 278 279 280 281 282
 283 284 285 286 287 288 289 290 291 292 293 294 295 296 297 298 299 300
 301 302 303 304 305 307 308 309 311 312 314 316 317 319 321 322 323 324
 325 326 327 328 329 330 331 332 333 334 335 336 337 338 339 340 341 342
 343 344 345 346 347 349 350 351 352 354 356 357 359 361 362 364 366 367
 369 370 371 372 373 374 375 376 377 380 382 383 385 386 387 388 389 390
 391 392 394 395 397 401 402 405 406 453 498 545 578 580 583 585 590 623
 625 628 630 633 670 675 814 909 913 914 919 924 928 943]
ids [ 137  142  143  144  145  146  147  148  149  150  151  152  154  155
  157  158  159  160  161  162  163  164  165  166  167  169  170  171
  172  174  175  176  177  179  180  181  182  184  187  188  189  190
  191  192  193  194  195  196  197  198  199  200  202  203  204  205
  206  207  208  209  210  211  212  214  215  217  218  219  221  222
  224  225  226  227  229  232  233  235  236  237  240  241  242  243
  245  246  247  250  251  252  253  254  255  256  257  260  261  262
  266  267  269  271  306  348  381  393  396  410  443  445  448  450
  455  490  493  495  500  535  538  540  784  789  794  798  804  808
  809  918  933 1073 1078]
17:40:45-INFO: Step 21
17:40:45-DEBUG: Reaction systems: [[None]
 [0]]
17:40:45-DEBUG: rxn_pairs: [array([ 1, 13])]
17:40:45-DEBUG: Starting total colors: 5
17:40:45-DEBUG: Number of systems: 2
17:40:45-DEBUG: New total colors: 5
17:40:45-DEBUG: Potential energy for color 0: -31397.0051536663
ebond 3.129821157084677
ebond 3.129821157084677
ebond 3.129821157084677
ebond 3.129821157084677
ebond 3.129821157084677
17:40:45-DEBUG: Potential energy for color 1: -31396.423198473636
xhy 21 2 1 13
xhy 21 2 1 13
xhy 21 2 1 13
xhy 21 2 1 13
xhy 21 2 1 13
h_pos [ 7.72698576  9.33797731 10.62596387] x_pos [ 6.45700189  8.69500116 10.46497795] y_pos [ 8.17600687 10.59801269 10.41501435]
h_pos [ 7.72698576  9.33797731 10.62596387] x_pos [ 6.45700189  8.69500116 10.46497795] y_pos [ 8.17600687 10.59801269 10.41501435]
h_pos [ 7.72698576  9.33797731 10.62596387] x_pos [ 6.45700189  8.69500116 10.46497795] y_pos [ 8.17600687 10.59801269 10.41501435]
h_pos [ 7.72698576  9.33797731 10.62596387] x_pos [ 6.45700189  8.69500116 10.46497795] y_pos [ 8.17600687 10.59801269 10.41501435]
21 rHY 1.3541819792400176 rHX 1.4325480160248059 0.07836603678478826
21 rHY 1.3541819792400176 rHX 1.4325480160248059 0.07836603678478826
21 rHY 1.3541819792400176 rHX 1.4325480160248059 0.07836603678478826
21 rHY 1.3541819792400176 rHX 1.4325480160248059 0.07836603678478826
h_pos [ 7.72698576  9.33797731 10.62596387] x_pos [ 6.45700189  8.69500116 10.46497795] y_pos [ 8.17600687 10.59801269 10.41501435]
21 cpl_forces h [ 2.21446724  2.50753964 -0.07889791]
21 cpl_forces h [ 2.21446724  2.50753964 -0.07889791]
21 cpl_forces h [ 2.21446724  2.50753964 -0.07889791]
21 cpl_forces x [-1.61166436 -0.81596449 -0.20429808]
21 cpl_forces h [ 2.21446724  2.50753964 -0.07889791]
21 cpl_forces x [-1.61166436 -0.81596449 -0.20429808]
21 cpl_forces x [-1.61166436 -0.81596449 -0.20429808]
21 cpl_forces x [-1.61166436 -0.81596449 -0.20429808]
21 cpl_forces y [-0.60280287 -1.69157515  0.28319599]
21 cpl_forces y [-0.60280287 -1.69157515  0.28319599]
21 cpl_forces y [-0.60280287 -1.69157515  0.28319599]
21 cpl_forces y [-0.60280287 -1.69157515  0.28319599]
21 rHY 1.3541819792400176 rHX 1.4325480160248059 0.07836603678478826
21 cpl_forces h [ 2.21446724  2.50753964 -0.07889791]
17:40:45-DEBUG: System matrix: 
21 cpl_forces x [-1.61166436 -0.81596449 -0.20429808]
17:40:45-DEBUG: [[-3.13970052e+04  7.24949448e-01]
 [ 7.24949448e-01 -3.13964232e+04]]
17:40:45-DEBUG: Eigen values: 
21 cpl_forces y [-0.60280287 -1.69157515  0.28319599]
17:40:45-DEBUG: [-31397.49534165 -31395.93301049]
17:40:45-DEBUG: Occupancies: 
17:40:45-DEBUG: [1. 0.]
17:40:45-INFO: coupling 21 0.7249494475243978
17:40:45-DEBUG: Amplitudes: 
17:40:45-DEBUG: [0.68624579 0.31375421]
17:40:45-INFO: forces0 h [-15.98898695  -7.72742591  -2.43039825]
17:40:45-INFO: forces0 x [17.2203801   6.63041198  1.65325549]
17:40:45-INFO: forces0 y [ 3.34404158 -3.97769832  1.23684097]
17:40:45-INFO: forces1 h [ 3.56385381 12.55407803 -2.64482291]
17:40:45-INFO: forces1 x [ 3.680214    0.19815195 -0.64290461]
17:40:45-INFO: forces1 y [ -1.1761087  -14.89002804   3.0854038 ]
pos h  [ 7.72698576  9.33797731 10.62596387]
pos x  [ 6.45700189  8.69500116 10.46497795]
pos y  [ 8.17600687 10.59801269 10.41501435]
 mixed_cpl_forces: h [-2.05510437 -2.32708599  0.07322006]
 mixed_cpl_forces: x [1.49568186 0.75724407 0.18959589]
 mixed_cpl_forces: y [ 0.55942251  1.56984192 -0.26281595]
17:40:45-INFO: mixed forces h [-11.90930516  -3.69110459  -2.42445483]
17:40:45-INFO: mixed forces x [14.46777781  5.36950737  1.12242147]
17:40:45-INFO: mixed forces y [ 2.4852479  -5.83164583  1.5540194 ]
17:40:45-DEBUG: Minimum eigen value: 
17:40:45-DEBUG: -31397.49534164975
17:40:45-DEBUG: Minimum state: 
17:40:45-DEBUG: 0
        21   -31397.4953416497   -31397.4953416497        0.0000000000   -31397.0051536663        0.0000000000      0.29633604
ids [ 137  142  143  144  145  146  147  148  149  150  151  152  154  155
  157  158  159  160  161  162  163  164  165  166  167  169  170  171
  172  174  175  176  177  179  180  181  182  184  187  188  189  190
  191  192  193  194  195  196  197  198  199  200  202  203  204  205
  206  207  208  209  210  211  212  214  215  217  218  219  221  222
  224  225  226  227  229  232  233  235  236  237  240  241  242  243
  245  246  247  250  251  252  253  254  255  256  257  260  261  262
  266  267  269  271  306  348  381  393  396  410  443  445  448  450
  455  490  493  495  500  535  538  540  784  789  794  798  804  808
  809  918  933 1073 1078]
ids [  7  38  40  43  45  82  84  87  92  94 129 134 274 368 379 384 398 399
 404 668 673 681 693 753 771 783 801 812 816 817 818 819 820 821 822 823
 824 825 826 827 829 830 831 832 833 834 835 836 837 838 839 840 841 842
 843 844 845 847 848 849 851 852 853 854 855 856 857 858 859 861 862 863
 864 865 866 867 868 869 870 871 872 873 874 875 876 877 878 879 880 881
 882 883 884 885 886 887 888 889 890 892 894 896 897 899 901 902 904 906
 907 908 910 911 912 915 916 917 920 921 922 923 925 926 927 929 930 931
 932 934 935 937 939 940 941 942 944 946 948]
ids [  6 102 107 108 112 117 118 123 133 183 228 275 310 313 315 320 353 355
 358 360 363 365 400 403 411 438 501 542 546 547 548 549 550 551 552 553
 554 555 556 557 559 560 562 563 564 565 566 567 568 569 570 571 572 573
 574 575 576 577 579 581 582 584 586 587 589 592 593 594 595 596 597 598
 599 600 601 602 603 604 605 606 607 608 609 610 611 612 613 614 615 616
 617 618 619 620 621 622 624 626 627 629 631 632 634 635 636 637 639 640
 641 642 645 646 647 648 650 651 652 653 655 656 657 658 660 661 662 665
 666 667 671 672 676 813]
ids [   5   48  139  234  238  239  244  248  249  258  259  264  378  533
  677  679  682  683  684  685  686  687  688  689  690  691  692  694
  695  696  697  698  699  700  701  702  703  704  705  706  707  708
  709  710  711  712  713  714  716  717  719  721  722  724  726  727
  728  729  730  731  732  733  734  735  736  737  738  739  740  741
  742  743  744  745  746  747  748  749  750  751  752  754  755  756
  757  759  761  762  763  764  766  767  769  772  773  774  775  776
  777  778  779  780  781  782  785  786  787  788  790  791  792  793
  795  796  797  799  800  802  805  806  807  811  828  846  891  936
  950  983  988  990 1028 1030 1033 1035 1038 1040 1075 1080]
ids [ 122  140  173  178  185  220  223  230  265  268  270  318  407  408
  409  412  413  414  415  416  417  418  419  420  421  422  423  424
  425  426  427  428  429  430  431  432  433  434  435  436  437  439
  440  441  442  444  446  447  449  451  452  454  456  457  458  459
  460  461  462  463  464  465  466  467  468  469  470  471  472  473
  474  475  476  477  478  479  480  481  482  483  484  485  486  487
  488  489  491  492  494  496  497  499  502  505  506  507  508  509
  510  511  512  513  514  515  516  517  520  521  522  523  524  525
  526  527  528  530  531  532  536  537  539  541  558  561  588  591
  803  949 1043 1044 1048 1049 1053 1059 1064 1074 1079]
ids [  1   2   3   4   9  10  11  12  13  14  15  16  17  18  19  20  21  23
  24  25  26  27  28  29  30  31  32  33  34  35  36  37  39  41  42  44
  46  47  49  50  51  52  53  54  55  56  57  58  59  60  61  62  63  64
  65  67  68  69  70  71  72  73  74  75  76  78  79  81  83  85  86  88
  89  90  91  93  96  97  98  99 100 101 103 104 105 106 109 111 113 114
 115 116 119 120 121 124 126 128 130 131 132 135 136 544 638 643 644 649
 654 659 664 669 674 815 850 860 893 895 898 900 905 938 945 951 966 993]
ids [   8   22   66   77   80   95  110  125  138  263  273  503  504  518
  519  529  534  543  663  678  680  715  718  720  723  725  758  760
  765  768  770  810  903  947  952  953  954  955  956  957  958  959
  960  961  962  963  964  965  967  968  969  970  971  972  973  974
  975  976  977  978  979  980  981  982  984  985  986  987  989  991
  992  994  995  996  997  998  999 1000 1001 1002 1003 1004 1005 1006
 1007 1008 1009 1010 1011 1012 1013 1014 1015 1016 1017 1018 1019 1020
 1021 1022 1023 1024 1025 1026 1027 1029 1031 1032 1034 1036 1037 1039
 1041 1042 1045 1046 1047 1050 1051 1052 1054 1055 1056 1057 1058 1060
 1061 1062 1063 1065 1066 1067 1068 1069 1070 1071 1072 1076 1077 1081]
ids [127 141 153 156 168 186 201 213 216 231 272 276 277 278 279 280 281 282
 283 284 285 286 287 288 289 290 291 292 293 294 295 296 297 298 299 300
 301 302 303 304 305 307 308 309 311 312 314 316 317 319 321 322 323 324
 325 326 327 328 329 330 331 332 333 334 335 336 337 338 339 340 341 342
 343 344 345 346 347 349 350 351 352 354 356 357 359 361 362 364 366 367
 369 370 371 372 373 374 375 376 377 380 382 383 385 386 387 388 389 390
 391 392 394 395 397 401 402 405 406 453 498 545 578 580 583 585 590 623
 625 628 630 633 670 675 814 909 913 914 919 924 928 943]
17:40:45-INFO: Step 22
17:40:45-DEBUG: Reaction systems: [[None]
 [0]]
17:40:45-DEBUG: rxn_pairs: [array([ 1, 13])]
17:40:45-DEBUG: Starting total colors: 5
17:40:45-DEBUG: Number of systems: 2
17:40:45-DEBUG: New total colors: 5
17:40:45-DEBUG: Potential energy for color 0: -31397.0051536663
ebond 3.129821157084677
ebond 3.129821157084677
ebond 3.129821157084677
ebond 3.129821157084677
ebond 3.129821157084677
17:40:45-DEBUG: Potential energy for color 1: -31396.423198473636
xhy 22 2 1 13
xhy 22 2 1 13
xhy 22 2 1 13
xhy 22 2 1 13
xhy 22 2 1 13
h_pos [ 7.72698576  9.33797731 10.62596387] x_pos [ 6.45700189  8.69500116 10.46497795] y_pos [ 8.17600687 10.59801269 10.41501435]
h_pos [ 7.72698576  9.33797731 10.62596387] x_pos [ 6.45700189  8.69500116 10.46497795] y_pos [ 8.17600687 10.59801269 10.41501435]
h_pos [ 7.72698576  9.33797731 10.62596387] x_pos [ 6.45700189  8.69500116 10.46497795] y_pos [ 8.17600687 10.59801269 10.41501435]
h_pos [ 7.72698576  9.33797731 10.62596387] x_pos [ 6.45700189  8.69500116 10.46497795] y_pos [ 8.17600687 10.59801269 10.41501435]
22 rHY 1.3541819792400176 rHX 1.4325480160248059 0.07836603678478826
22 rHY 1.3541819792400176 rHX 1.4325480160248059 0.07836603678478826
22 rHY 1.3541819792400176 rHX 1.4325480160248059 0.07836603678478826
22 rHY 1.3541819792400176 rHX 1.4325480160248059 0.07836603678478826
22 cpl_forces h [ 2.21446724  2.50753964 -0.07889791]
22 cpl_forces h [ 2.21446724  2.50753964 -0.07889791]
22 cpl_forces h [ 2.21446724  2.50753964 -0.07889791]
h_pos [ 7.72698576  9.33797731 10.62596387] x_pos [ 6.45700189  8.69500116 10.46497795] y_pos [ 8.17600687 10.59801269 10.41501435]
22 cpl_forces h [ 2.21446724  2.50753964 -0.07889791]
22 cpl_forces x [-1.61166436 -0.81596449 -0.20429808]
22 cpl_forces x [-1.61166436 -0.81596449 -0.20429808]
22 cpl_forces x [-1.61166436 -0.81596449 -0.20429808]
22 cpl_forces x [-1.61166436 -0.81596449 -0.20429808]
22 cpl_forces y [-0.60280287 -1.69157515  0.28319599]
22 cpl_forces y [-0.60280287 -1.69157515  0.28319599]
22 cpl_forces y [-0.60280287 -1.69157515  0.28319599]
22 cpl_forces y [-0.60280287 -1.69157515  0.28319599]
22 rHY 1.3541819792400176 rHX 1.4325480160248059 0.07836603678478826
22 cpl_forces h [ 2.21446724  2.50753964 -0.07889791]
17:40:45-DEBUG: System matrix: 
22 cpl_forces x [-1.61166436 -0.81596449 -0.20429808]
17:40:45-DEBUG: [[-3.13970052e+04  7.24949448e-01]
 [ 7.24949448e-01 -3.13964232e+04]]
17:40:45-DEBUG: Eigen values: 
17:40:45-DEBUG: [-31397.49534165 -31395.93301049]
22 cpl_forces y [-0.60280287 -1.69157515  0.28319599]
17:40:45-DEBUG: Occupancies: 
17:40:45-DEBUG: [1. 0.]
17:40:45-INFO: coupling 22 0.7249494475243978
17:40:45-DEBUG: Amplitudes: 
17:40:45-DEBUG: [0.68624579 0.31375421]
17:40:45-INFO: forces0 h [-15.98898695  -7.72742591  -2.43039825]
17:40:45-INFO: forces0 x [17.2203801   6.63041198  1.65325549]
17:40:45-INFO: forces0 y [ 3.34404158 -3.97769832  1.23684097]
17:40:45-INFO: forces1 h [ 3.56385381 12.55407803 -2.64482291]
17:40:45-INFO: forces1 x [ 3.680214    0.19815195 -0.64290461]
17:40:45-INFO: forces1 y [ -1.1761087  -14.89002804   3.0854038 ]
pos h  [ 7.72698576  9.33797731 10.62596387]
pos x  [ 6.45700189  8.69500116 10.46497795]
pos y  [ 8.17600687 10.59801269 10.41501435]
 mixed_cpl_forces: h [-2.05510437 -2.32708599  0.07322006]
 mixed_cpl_forces: x [1.49568186 0.75724407 0.18959589]
 mixed_cpl_forces: y [ 0.55942251  1.56984192 -0.26281595]
17:40:45-INFO: mixed forces h [-11.90930516  -3.69110459  -2.42445483]
17:40:45-INFO: mixed forces x [14.46777781  5.36950737  1.12242147]
17:40:45-INFO: mixed forces y [ 2.4852479  -5.83164583  1.5540194 ]
17:40:45-DEBUG: Minimum eigen value: 
17:40:45-DEBUG: -31397.49534164975
17:40:45-DEBUG: Minimum state: 
17:40:45-DEBUG: 0
        22   -31397.4953416497   -31397.4953416497        0.0000000000   -31397.0051536663        0.0000000000      0.28294531
ids [ 122  140  173  178  185  220  223  230  265  268  270  318  407  408
  409  412  413  414  415  416  417  418  419  420  421  422  423  424
  425  426  427  428  429  430  431  432  433  434  435  436  437  439
  440  441  442  444  446  447  449  451  452  454  456  457  458  459
  460  461  462  463  464  465  466  467  468  469  470  471  472  473
  474  475  476  477  478  479  480  481  482  483  484  485  486  487
  488  489  491  492  494  496  497  499  502  505  506  507  508  509
  510  511  512  513  514  515  516  517  520  521  522  523  524  525
  526  527  528  530  531  532  536  537  539  541  558  561  588  591
  803  949 1043 1044 1048 1049 1053 1059 1064 1074 1079]
ids [  7  38  40  43  45  82  84  87  92  94 129 134 274 368 379 384 398 399
 404 668 673 681 693 753 771 783 801 812 816 817 818 819 820 821 822 823
 824 825 826 827 829 830 831 832 833 834 835 836 837 838 839 840 841 842
 843 844 845 847 848 849 851 852 853 854 855 856 857 858 859 861 862 863
 864 865 866 867 868 869 870 871 872 873 874 875 876 877 878 879 880 881
 882 883 884 885 886 887 888 889 890 892 894 896 897 899 901 902 904 906
 907 908 910 911 912 915 916 917 920 921 922 923 925 926 927 929 930 931
 932 934 935 937 939 940 941 942 944 946 948]
ids [  6 102 107 108 112 117 118 123 133 183 228 275 310 313 315 320 353 355
 358 360 363 365 400 403 411 438 501 542 546 547 548 549 550 551 552 553
 554 555 556 557 559 560 562 563 564 565 566 567 568 569 570 571 572 573
 574 575 576 577 579 581 582 584 586 587 589 592 593 594 595 596 597 598
 599 600 601 602 603 604 605 606 607 608 609 610 611 612 613 614 615 616
 617 618 619 620 621 622 624 626 627 629 631 632 634 635 636 637 639 640
 641 642 645 646 647 648 650 651 652 653 655 656 657 658 660 661 662 665
 666 667 671 672 676 813]
ids [   8   22   66   77   80   95  110  125  138  263  273  503  504  518
  519  529  534  543  663  678  680  715  718  720  723  725  758  760
  765  768  770  810  903  947  952  953  954  955  956  957  958  959
  960  961  962  963  964  965  967  968  969  970  971  972  973  974
  975  976  977  978  979  980  981  982  984  985  986  987  989  991
  992  994  995  996  997  998  999 1000 1001 1002 1003 1004 1005 1006
 1007 1008 1009 1010 1011 1012 1013 1014 1015 1016 1017 1018 1019 1020
 1021 1022 1023 1024 1025 1026 1027 1029 1031 1032 1034 1036 1037 1039
 1041 1042 1045 1046 1047 1050 1051 1052 1054 1055 1056 1057 1058 1060
 1061 1062 1063 1065 1066 1067 1068 1069 1070 1071 1072 1076 1077 1081]
ids [  1   2   3   4   9  10  11  12  13  14  15  16  17  18  19  20  21  23
  24  25  26  27  28  29  30  31  32  33  34  35  36  37  39  41  42  44
  46  47  49  50  51  52  53  54  55  56  57  58  59  60  61  62  63  64
  65  67  68  69  70  71  72  73  74  75  76  78  79  81  83  85  86  88
  89  90  91  93  96  97  98  99 100 101 103 104 105 106 109 111 113 114
 115 116 119 120 121 124 126 128 130 131 132 135 136 544 638 643 644 649
 654 659 664 669 674 815 850 860 893 895 898 900 905 938 945 951 966 993]
ids [ 137  142  143  144  145  146  147  148  149  150  151  152  154  155
  157  158  159  160  161  162  163  164  165  166  167  169  170  171
  172  174  175  176  177  179  180  181  182  184  187  188  189  190
  191  192  193  194  195  196  197  198  199  200  202  203  204  205
  206  207  208  209  210  211  212  214  215  217  218  219  221  222
  224  225  226  227  229  232  233  235  236  237  240  241  242  243
  245  246  247  250  251  252  253  254  255  256  257  260  261  262
  266  267  269  271  306  348  381  393  396  410  443  445  448  450
  455  490  493  495  500  535  538  540  784  789  794  798  804  808
  809  918  933 1073 1078]
ids [127 141 153 156 168 186 201 213 216 231 272 276 277 278 279 280 281 282
 283 284 285 286 287 288 289 290 291 292 293 294 295 296 297 298 299 300
 301 302 303 304 305 307 308 309 311 312 314 316 317 319 321 322 323 324
 325 326 327 328 329 330 331 332 333 334 335 336 337 338 339 340 341 342
 343 344 345 346 347 349 350 351 352 354 356 357 359 361 362 364 366 367
 369 370 371 372 373 374 375 376 377 380 382 383 385 386 387 388 389 390
 391 392 394 395 397 401 402 405 406 453 498 545 578 580 583 585 590 623
 625 628 630 633 670 675 814 909 913 914 919 924 928 943]
ids [   5   48  139  234  238  239  244  248  249  258  259  264  378  533
  677  679  682  683  684  685  686  687  688  689  690  691  692  694
  695  696  697  698  699  700  701  702  703  704  705  706  707  708
  709  710  711  712  713  714  716  717  719  721  722  724  726  727
  728  729  730  731  732  733  734  735  736  737  738  739  740  741
  742  743  744  745  746  747  748  749  750  751  752  754  755  756
  757  759  761  762  763  764  766  767  769  772  773  774  775  776
  777  778  779  780  781  782  785  786  787  788  790  791  792  793
  795  796  797  799  800  802  805  806  807  811  828  846  891  936
  950  983  988  990 1028 1030 1033 1035 1038 1040 1075 1080]
17:40:45-INFO: Step 23
17:40:45-DEBUG: Reaction systems: [[None]
 [0]]
17:40:45-DEBUG: rxn_pairs: [array([ 1, 13])]
17:40:45-DEBUG: Starting total colors: 5
17:40:45-DEBUG: Number of systems: 2
17:40:45-DEBUG: New total colors: 5
17:40:45-DEBUG: Potential energy for color 0: -31397.0051536663
ebond 3.129821157084677
ebond 3.129821157084677
ebond 3.129821157084677
ebond 3.129821157084677
ebond 3.129821157084677
17:40:45-DEBUG: Potential energy for color 1: -31396.423198473636
xhy 23 2 1 13
xhy 23 2 1 13
xhy 23 2 1 13
xhy 23 2 1 13
xhy 23 2 1 13
h_pos [ 7.72698576  9.33797731 10.62596387] x_pos [ 6.45700189  8.69500116 10.46497795] y_pos [ 8.17600687 10.59801269 10.41501435]
h_pos [ 7.72698576  9.33797731 10.62596387] x_pos [ 6.45700189  8.69500116 10.46497795] y_pos [ 8.17600687 10.59801269 10.41501435]
h_pos [ 7.72698576  9.33797731 10.62596387] x_pos [ 6.45700189  8.69500116 10.46497795] y_pos [ 8.17600687 10.59801269 10.41501435]
23 rHY 1.3541819792400176 rHX 1.4325480160248059 0.07836603678478826
h_pos [ 7.72698576  9.33797731 10.62596387] x_pos [ 6.45700189  8.69500116 10.46497795] y_pos [ 8.17600687 10.59801269 10.41501435]
23 rHY 1.3541819792400176 rHX 1.4325480160248059 0.07836603678478826
23 rHY 1.3541819792400176 rHX 1.4325480160248059 0.07836603678478826
23 rHY 1.3541819792400176 rHX 1.4325480160248059 0.07836603678478826
23 cpl_forces h [ 2.21446724  2.50753964 -0.07889791]
23 cpl_forces h [ 2.21446724  2.50753964 -0.07889791]
23 cpl_forces x [-1.61166436 -0.81596449 -0.20429808]
23 cpl_forces h [ 2.21446724  2.50753964 -0.07889791]
23 cpl_forces h [ 2.21446724  2.50753964 -0.07889791]
23 cpl_forces x [-1.61166436 -0.81596449 -0.20429808]
23 cpl_forces x [-1.61166436 -0.81596449 -0.20429808]
23 cpl_forces x [-1.61166436 -0.81596449 -0.20429808]
23 cpl_forces y [-0.60280287 -1.69157515  0.28319599]
23 cpl_forces y [-0.60280287 -1.69157515  0.28319599]
23 cpl_forces y [-0.60280287 -1.69157515  0.28319599]
23 cpl_forces y [-0.60280287 -1.69157515  0.28319599]
h_pos [ 7.72698576  9.33797731 10.62596387] x_pos [ 6.45700189  8.69500116 10.46497795] y_pos [ 8.17600687 10.59801269 10.41501435]
23 rHY 1.3541819792400176 rHX 1.4325480160248059 0.07836603678478826
17:40:45-DEBUG: System matrix: 
23 cpl_forces h [ 2.21446724  2.50753964 -0.07889791]
17:40:45-DEBUG: [[-3.13970052e+04  7.24949448e-01]
 [ 7.24949448e-01 -3.13964232e+04]]
17:40:45-DEBUG: Eigen values: 
17:40:45-DEBUG: [-31397.49534165 -31395.93301049]
17:40:45-DEBUG: Occupancies: 
23 cpl_forces x [-1.61166436 -0.81596449 -0.20429808]
17:40:45-DEBUG: [1. 0.]
17:40:45-INFO: coupling 23 0.7249494475243978
23 cpl_forces y [-0.60280287 -1.69157515  0.28319599]
17:40:45-DEBUG: Amplitudes: 
17:40:45-DEBUG: [0.68624579 0.31375421]
17:40:45-INFO: forces0 h [-15.98898695  -7.72742591  -2.43039825]
17:40:45-INFO: forces0 x [17.2203801   6.63041198  1.65325549]
17:40:45-INFO: forces0 y [ 3.34404158 -3.97769832  1.23684097]
17:40:45-INFO: forces1 h [ 3.56385381 12.55407803 -2.64482291]
17:40:45-INFO: forces1 x [ 3.680214    0.19815195 -0.64290461]
17:40:45-INFO: forces1 y [ -1.1761087  -14.89002804   3.0854038 ]
pos h  [ 7.72698576  9.33797731 10.62596387]
pos x  [ 6.45700189  8.69500116 10.46497795]
pos y  [ 8.17600687 10.59801269 10.41501435]
 mixed_cpl_forces: h [-2.05510437 -2.32708599  0.07322006]
 mixed_cpl_forces: x [1.49568186 0.75724407 0.18959589]
 mixed_cpl_forces: y [ 0.55942251  1.56984192 -0.26281595]
17:40:45-INFO: mixed forces h [-11.90930516  -3.69110459  -2.42445483]
17:40:45-INFO: mixed forces x [14.46777781  5.36950737  1.12242147]
17:40:45-INFO: mixed forces y [ 2.4852479  -5.83164583  1.5540194 ]
17:40:45-DEBUG: Minimum eigen value: 
17:40:45-DEBUG: -31397.49534164975
17:40:45-DEBUG: Minimum state: 
17:40:45-DEBUG: 0
        23   -31397.4953416497   -31397.4953416497        0.0000000000   -31397.0051536663        0.0000000000      0.26484533
ids [  6 102 107 108 112 117 118 123 133 183 228 275 310 313 315 320 353 355
 358 360 363 365 400 403 411 438 501 542 546 547 548 549 550 551 552 553
 554 555 556 557 559 560 562 563 564 565 566 567 568 569 570 571 572 573
 574 575 576 577 579 581 582 584 586 587 589 592 593 594 595 596 597 598
 599 600 601 602 603 604 605 606 607 608 609 610 611 612 613 614 615 616
 617 618 619 620 621 622 624 626 627 629 631 632 634 635 636 637 639 640
 641 642 645 646 647 648 650 651 652 653 655 656 657 658 660 661 662 665
 666 667 671 672 676 813]
ids [  7  38  40  43  45  82  84  87  92  94 129 134 274 368 379 384 398 399
 404 668 673 681 693 753 771 783 801 812 816 817 818 819 820 821 822 823
 824 825 826 827 829 830 831 832 833 834 835 836 837 838 839 840 841 842
 843 844 845 847 848 849 851 852 853 854 855 856 857 858 859 861 862 863
 864 865 866 867 868 869 870 871 872 873 874 875 876 877 878 879 880 881
 882 883 884 885 886 887 888 889 890 892 894 896 897 899 901 902 904 906
 907 908 910 911 912 915 916 917 920 921 922 923 925 926 927 929 930 931
 932 934 935 937 939 940 941 942 944 946 948]
ids [  1   2   3   4   9  10  11  12  13  14  15  16  17  18  19  20  21  23
  24  25  26  27  28  29  30  31  32  33  34  35  36  37  39  41  42  44
  46  47  49  50  51  52  53  54  55  56  57  58  59  60  61  62  63  64
  65  67  68  69  70  71  72  73  74  75  76  78  79  81  83  85  86  88
  89  90  91  93  96  97  98  99 100 101 103 104 105 106 109 111 113 114
 115 116 119 120 121 124 126 128 130 131 132 135 136 544 638 643 644 649
 654 659 664 669 674 815 850 860 893 895 898 900 905 938 945 951 966 993]
ids [127 141 153 156 168 186 201 213 216 231 272 276 277 278 279 280 281 282
 283 284 285 286 287 288 289 290 291 292 293 294 295 296 297 298 299 300
 301 302 303 304 305 307 308 309 311 312 314 316 317 319 321 322 323 324
 325 326 327 328 329 330 331 332 333 334 335 336 337 338 339 340 341 342
 343 344 345 346 347 349 350 351 352 354 356 357 359 361 362 364 366 367
 369 370 371 372 373 374 375 376 377 380 382 383 385 386 387 388 389 390
 391 392 394 395 397 401 402 405 406 453 498 545 578 580 583 585 590 623
 625 628 630 633 670 675 814 909 913 914 919 924 928 943]
ids [ 137  142  143  144  145  146  147  148  149  150  151  152  154  155
  157  158  159  160  161  162  163  164  165  166  167  169  170  171
  172  174  175  176  177  179  180  181  182  184  187  188  189  190
  191  192  193  194  195  196  197  198  199  200  202  203  204  205
  206  207  208  209  210  211  212  214  215  217  218  219  221  222
  224  225  226  227  229  232  233  235  236  237  240  241  242  243
  245  246  247  250  251  252  253  254  255  256  257  260  261  262
  266  267  269  271  306  348  381  393  396  410  443  445  448  450
  455  490  493  495  500  535  538  540  784  789  794  798  804  808
  809  918  933 1073 1078]
ids [   8   22   66   77   80   95  110  125  138  263  273  503  504  518
  519  529  534  543  663  678  680  715  718  720  723  725  758  760
  765  768  770  810  903  947  952  953  954  955  956  957  958  959
  960  961  962  963  964  965  967  968  969  970  971  972  973  974
  975  976  977  978  979  980  981  982  984  985  986  987  989  991
  992  994  995  996  997  998  999 1000 1001 1002 1003 1004 1005 1006
 1007 1008 1009 1010 1011 1012 1013 1014 1015 1016 1017 1018 1019 1020
 1021 1022 1023 1024 1025 1026 1027 1029 1031 1032 1034 1036 1037 1039
 1041 1042 1045 1046 1047 1050 1051 1052 1054 1055 1056 1057 1058 1060
 1061 1062 1063 1065 1066 1067 1068 1069 1070 1071 1072 1076 1077 1081]
ids [   5   48  139  234  238  239  244  248  249  258  259  264  378  533
  677  679  682  683  684  685  686  687  688  689  690  691  692  694
  695  696  697  698  699  700  701  702  703  704  705  706  707  708
  709  710  711  712  713  714  716  717  719  721  722  724  726  727
  728  729  730  731  732  733  734  735  736  737  738  739  740  741
  742  743  744  745  746  747  748  749  750  751  752  754  755  756
  757  759  761  762  763  764  766  767  769  772  773  774  775  776
  777  778  779  780  781  782  785  786  787  788  790  791  792  793
  795  796  797  799  800  802  805  806  807  811  828  846  891  936
  950  983  988  990 1028 1030 1033 1035 1038 1040 1075 1080]
ids [ 122  140  173  178  185  220  223  230  265  268  270  318  407  408
  409  412  413  414  415  416  417  418  419  420  421  422  423  424
  425  426  427  428  429  430  431  432  433  434  435  436  437  439
  440  441  442  444  446  447  449  451  452  454  456  457  458  459
  460  461  462  463  464  465  466  467  468  469  470  471  472  473
  474  475  476  477  478  479  480  481  482  483  484  485  486  487
  488  489  491  492  494  496  497  499  502  505  506  507  508  509
  510  511  512  513  514  515  516  517  520  521  522  523  524  525
  526  527  528  530  531  532  536  537  539  541  558  561  588  591
  803  949 1043 1044 1048 1049 1053 1059 1064 1074 1079]
17:40:45-INFO: Step 24
17:40:45-DEBUG: Reaction systems: [[None]
 [0]]
17:40:45-DEBUG: rxn_pairs: [array([ 1, 13])]
17:40:45-DEBUG: Starting total colors: 5
17:40:45-DEBUG: Number of systems: 2
17:40:45-DEBUG: New total colors: 5
17:40:45-DEBUG: Potential energy for color 0: -31397.0051536663
ebond 3.129821157084677
ebond 3.129821157084677
ebond 3.129821157084677
ebond 3.129821157084677
ebond 3.129821157084677
17:40:45-DEBUG: Potential energy for color 1: -31396.423198473636
xhy 24 2 1 13
xhy 24 2 1 13
xhy 24 2 1 13
xhy 24 2 1 13
xhy 24 2 1 13
h_pos [ 7.72698576  9.33797731 10.62596387] x_pos [ 6.45700189  8.69500116 10.46497795] y_pos [ 8.17600687 10.59801269 10.41501435]
h_pos [ 7.72698576  9.33797731 10.62596387] x_pos [ 6.45700189  8.69500116 10.46497795] y_pos [ 8.17600687 10.59801269 10.41501435]
h_pos [ 7.72698576  9.33797731 10.62596387] x_pos [ 6.45700189  8.69500116 10.46497795] y_pos [ 8.17600687 10.59801269 10.41501435]
h_pos [ 7.72698576  9.33797731 10.62596387] x_pos [ 6.45700189  8.69500116 10.46497795] y_pos [ 8.17600687 10.59801269 10.41501435]
24 rHY 1.3541819792400176 rHX 1.4325480160248059 0.07836603678478826
24 rHY 1.3541819792400176 rHX 1.4325480160248059 0.07836603678478826
24 rHY 1.3541819792400176 rHX 1.4325480160248059 0.07836603678478826
24 rHY 1.3541819792400176 rHX 1.4325480160248059 0.07836603678478826
24 cpl_forces h [ 2.21446724  2.50753964 -0.07889791]
24 cpl_forces h [ 2.21446724  2.50753964 -0.07889791]
24 cpl_forces h [ 2.21446724  2.50753964 -0.07889791]
24 cpl_forces x [-1.61166436 -0.81596449 -0.20429808]
24 cpl_forces h [ 2.21446724  2.50753964 -0.07889791]
24 cpl_forces x [-1.61166436 -0.81596449 -0.20429808]
24 cpl_forces x [-1.61166436 -0.81596449 -0.20429808]
24 cpl_forces x [-1.61166436 -0.81596449 -0.20429808]
24 cpl_forces y [-0.60280287 -1.69157515  0.28319599]
24 cpl_forces y [-0.60280287 -1.69157515  0.28319599]
24 cpl_forces y [-0.60280287 -1.69157515  0.28319599]
24 cpl_forces y [-0.60280287 -1.69157515  0.28319599]
h_pos [ 7.72698576  9.33797731 10.62596387] x_pos [ 6.45700189  8.69500116 10.46497795] y_pos [ 8.17600687 10.59801269 10.41501435]
24 rHY 1.3541819792400176 rHX 1.4325480160248059 0.07836603678478826
17:40:45-DEBUG: System matrix: 
24 cpl_forces h [ 2.21446724  2.50753964 -0.07889791]
17:40:45-DEBUG: [[-3.13970052e+04  7.24949448e-01]
 [ 7.24949448e-01 -3.13964232e+04]]
17:40:45-DEBUG: Eigen values: 
24 cpl_forces x [-1.61166436 -0.81596449 -0.20429808]
17:40:45-DEBUG: [-31397.49534165 -31395.93301049]
17:40:45-DEBUG: Occupancies: 
24 cpl_forces y [-0.60280287 -1.69157515  0.28319599]
17:40:45-DEBUG: [1. 0.]
17:40:45-INFO: coupling 24 0.7249494475243978
17:40:45-DEBUG: Amplitudes: 
17:40:45-DEBUG: [0.68624579 0.31375421]
17:40:45-INFO: forces0 h [-15.98898695  -7.72742591  -2.43039825]
17:40:45-INFO: forces0 x [17.2203801   6.63041198  1.65325549]
17:40:45-INFO: forces0 y [ 3.34404158 -3.97769832  1.23684097]
17:40:45-INFO: forces1 h [ 3.56385381 12.55407803 -2.64482291]
17:40:45-INFO: forces1 x [ 3.680214    0.19815195 -0.64290461]
17:40:45-INFO: forces1 y [ -1.1761087  -14.89002804   3.0854038 ]
pos h  [ 7.72698576  9.33797731 10.62596387]
pos x  [ 6.45700189  8.69500116 10.46497795]
pos y  [ 8.17600687 10.59801269 10.41501435]
 mixed_cpl_forces: h [-2.05510437 -2.32708599  0.07322006]
 mixed_cpl_forces: x [1.49568186 0.75724407 0.18959589]
 mixed_cpl_forces: y [ 0.55942251  1.56984192 -0.26281595]
17:40:45-INFO: mixed forces h [-11.90930516  -3.69110459  -2.42445483]
17:40:45-INFO: mixed forces x [14.46777781  5.36950737  1.12242147]
17:40:45-INFO: mixed forces y [ 2.4852479  -5.83164583  1.5540194 ]
17:40:45-DEBUG: Minimum eigen value: 
17:40:45-DEBUG: -31397.49534164975
17:40:45-DEBUG: Minimum state: 
17:40:45-DEBUG: 0
        24   -31397.4953416497   -31397.4953416497        0.0000000000   -31397.0051536663        0.0000000000      0.29585098
ids [ 137  142  143  144  145  146  147  148  149  150  151  152  154  155
  157  158  159  160  161  162  163  164  165  166  167  169  170  171
  172  174  175  176  177  179  180  181  182  184  187  188  189  190
  191  192  193  194  195  196  197  198  199  200  202  203  204  205
  206  207  208  209  210  211  212  214  215  217  218  219  221  222
  224  225  226  227  229  232  233  235  236  237  240  241  242  243
  245  246  247  250  251  252  253  254  255  256  257  260  261  262
  266  267  269  271  306  348  381  393  396  410  443  445  448  450
  455  490  493  495  500  535  538  540  784  789  794  798  804  808
  809  918  933 1073 1078]
ids [   8   22   66   77   80   95  110  125  138  263  273  503  504  518
  519  529  534  543  663  678  680  715  718  720  723  725  758  760
  765  768  770  810  903  947  952  953  954  955  956  957  958  959
  960  961  962  963  964  965  967  968  969  970  971  972  973  974
  975  976  977  978  979  980  981  982  984  985  986  987  989  991
  992  994  995  996  997  998  999 1000 1001 1002 1003 1004 1005 1006
 1007 1008 1009 1010 1011 1012 1013 1014 1015 1016 1017 1018 1019 1020
 1021 1022 1023 1024 1025 1026 1027 1029 1031 1032 1034 1036 1037 1039
 1041 1042 1045 1046 1047 1050 1051 1052 1054 1055 1056 1057 1058 1060
 1061 1062 1063 1065 1066 1067 1068 1069 1070 1071 1072 1076 1077 1081]
ids [  7  38  40  43  45  82  84  87  92  94 129 134 274 368 379 384 398 399
 404 668 673 681 693 753 771 783 801 812 816 817 818 819 820 821 822 823
 824 825 826 827 829 830 831 832 833 834 835 836 837 838 839 840 841 842
 843 844 845 847 848 849 851 852 853 854 855 856 857 858 859 861 862 863
 864 865 866 867 868 869 870 871 872 873 874 875 876 877 878 879 880 881
 882 883 884 885 886 887 888 889 890 892 894 896 897 899 901 902 904 906
 907 908 910 911 912 915 916 917 920 921 922 923 925 926 927 929 930 931
 932 934 935 937 939 940 941 942 944 946 948]
ids [  6 102 107 108 112 117 118 123 133 183 228 275 310 313 315 320 353 355
 358 360 363 365 400 403 411 438 501 542 546 547 548 549 550 551 552 553
 554 555 556 557 559 560 562 563 564 565 566 567 568 569 570 571 572 573
 574 575 576 577 579 581 582 584 586 587 589 592 593 594 595 596 597 598
 599 600 601 602 603 604 605 606 607 608 609 610 611 612 613 614 615 616
 617 618 619 620 621 622 624 626 627 629 631 632 634 635 636 637 639 640
 641 642 645 646 647 648 650 651 652 653 655 656 657 658 660 661 662 665
 666 667 671 672 676 813]
ids [ 122  140  173  178  185  220  223  230  265  268  270  318  407  408
  409  412  413  414  415  416  417  418  419  420  421  422  423  424
  425  426  427  428  429  430  431  432  433  434  435  436  437  439
  440  441  442  444  446  447  449  451  452  454  456  457  458  459
  460  461  462  463  464  465  466  467  468  469  470  471  472  473
  474  475  476  477  478  479  480  481  482  483  484  485  486  487
  488  489  491  492  494  496  497  499  502  505  506  507  508  509
  510  511  512  513  514  515  516  517  520  521  522  523  524  525
  526  527  528  530  531  532  536  537  539  541  558  561  588  591
  803  949 1043 1044 1048 1049 1053 1059 1064 1074 1079]
ids [  1   2   3   4   9  10  11  12  13  14  15  16  17  18  19  20  21  23
  24  25  26  27  28  29  30  31  32  33  34  35  36  37  39  41  42  44
  46  47  49  50  51  52  53  54  55  56  57  58  59  60  61  62  63  64
  65  67  68  69  70  71  72  73  74  75  76  78  79  81  83  85  86  88
  89  90  91  93  96  97  98  99 100 101 103 104 105 106 109 111 113 114
 115 116 119 120 121 124 126 128 130 131 132 135 136 544 638 643 644 649
 654 659 664 669 674 815 850 860 893 895 898 900 905 938 945 951 966 993]
ids [127 141 153 156 168 186 201 213 216 231 272 276 277 278 279 280 281 282
 283 284 285 286 287 288 289 290 291 292 293 294 295 296 297 298 299 300
 301 302 303 304 305 307 308 309 311 312 314 316 317 319 321 322 323 324
 325 326 327 328 329 330 331 332 333 334 335 336 337 338 339 340 341 342
 343 344 345 346 347 349 350 351 352 354 356 357 359 361 362 364 366 367
 369 370 371 372 373 374 375 376 377 380 382 383 385 386 387 388 389 390
 391 392 394 395 397 401 402 405 406 453 498 545 578 580 583 585 590 623
 625 628 630 633 670 675 814 909 913 914 919 924 928 943]
ids [   5   48  139  234  238  239  244  248  249  258  259  264  378  533
  677  679  682  683  684  685  686  687  688  689  690  691  692  694
  695  696  697  698  699  700  701  702  703  704  705  706  707  708
  709  710  711  712  713  714  716  717  719  721  722  724  726  727
  728  729  730  731  732  733  734  735  736  737  738  739  740  741
  742  743  744  745  746  747  748  749  750  751  752  754  755  756
  757  759  761  762  763  764  766  767  769  772  773  774  775  776
  777  778  779  780  781  782  785  786  787  788  790  791  792  793
  795  796  797  799  800  802  805  806  807  811  828  846  891  936
  950  983  988  990 1028 1030 1033 1035 1038 1040 1075 1080]
17:40:45-INFO: Step 25
17:40:45-DEBUG: Reaction systems: [[None]
 [0]]
17:40:45-DEBUG: rxn_pairs: [array([ 1, 13])]
17:40:45-DEBUG: Starting total colors: 5
17:40:45-DEBUG: Number of systems: 2
17:40:45-DEBUG: New total colors: 5
17:40:45-DEBUG: Potential energy for color 0: -31397.0051536663
ebond 3.129821157084677
ebond 3.129821157084677
ebond 3.129821157084677
ebond 3.129821157084677
ebond 3.129821157084677
17:40:45-DEBUG: Potential energy for color 1: -31396.423198473636
xhy 25 2 1 13
xhy 25 2 1 13
xhy 25 2 1 13
xhy 25 2 1 13
xhy 25 2 1 13
h_pos [ 7.72698576  9.33797731 10.62596387] x_pos [ 6.45700189  8.69500116 10.46497795] y_pos [ 8.17600687 10.59801269 10.41501435]
25 rHY 1.3541819792400176 rHX 1.4325480160248059 0.07836603678478826
h_pos [ 7.72698576  9.33797731 10.62596387] x_pos [ 6.45700189  8.69500116 10.46497795] y_pos [ 8.17600687 10.59801269 10.41501435]
h_pos [ 7.72698576  9.33797731 10.62596387] x_pos [ 6.45700189  8.69500116 10.46497795] y_pos [ 8.17600687 10.59801269 10.41501435]
h_pos [ 7.72698576  9.33797731 10.62596387] x_pos [ 6.45700189  8.69500116 10.46497795] y_pos [ 8.17600687 10.59801269 10.41501435]
25 rHY 1.3541819792400176 rHX 1.4325480160248059 0.07836603678478826
25 rHY 1.3541819792400176 rHX 1.4325480160248059 0.07836603678478826
25 rHY 1.3541819792400176 rHX 1.4325480160248059 0.07836603678478826
25 cpl_forces h [ 2.21446724  2.50753964 -0.07889791]
25 cpl_forces h [ 2.21446724  2.50753964 -0.07889791]
25 cpl_forces h [ 2.21446724  2.50753964 -0.07889791]
25 cpl_forces h [ 2.21446724  2.50753964 -0.07889791]
25 cpl_forces x [-1.61166436 -0.81596449 -0.20429808]
25 cpl_forces x [-1.61166436 -0.81596449 -0.20429808]
25 cpl_forces y [-0.60280287 -1.69157515  0.28319599]
25 cpl_forces x [-1.61166436 -0.81596449 -0.20429808]
25 cpl_forces x [-1.61166436 -0.81596449 -0.20429808]
25 cpl_forces y [-0.60280287 -1.69157515  0.28319599]
25 cpl_forces y [-0.60280287 -1.69157515  0.28319599]
25 cpl_forces y [-0.60280287 -1.69157515  0.28319599]
h_pos [ 7.72698576  9.33797731 10.62596387] x_pos [ 6.45700189  8.69500116 10.46497795] y_pos [ 8.17600687 10.59801269 10.41501435]
25 rHY 1.3541819792400176 rHX 1.4325480160248059 0.07836603678478826
17:40:45-DEBUG: System matrix: 
25 cpl_forces h [ 2.21446724  2.50753964 -0.07889791]
17:40:45-DEBUG: [[-3.13970052e+04  7.24949448e-01]
 [ 7.24949448e-01 -3.13964232e+04]]
17:40:45-DEBUG: Eigen values: 
17:40:45-DEBUG: [-31397.49534165 -31395.93301049]
17:40:45-DEBUG: Occupancies: 
25 cpl_forces x [-1.61166436 -0.81596449 -0.20429808]
17:40:45-DEBUG: [1. 0.]
17:40:45-INFO: coupling 25 0.7249494475243978
17:40:45-DEBUG: Amplitudes: 
25 cpl_forces y [-0.60280287 -1.69157515  0.28319599]
17:40:45-DEBUG: [0.68624579 0.31375421]
17:40:45-INFO: forces0 h [-15.98898695  -7.72742591  -2.43039825]
17:40:45-INFO: forces0 x [17.2203801   6.63041198  1.65325549]
17:40:45-INFO: forces0 y [ 3.34404158 -3.97769832  1.23684097]
17:40:45-INFO: forces1 h [ 3.56385381 12.55407803 -2.64482291]
17:40:45-INFO: forces1 x [ 3.680214    0.19815195 -0.64290461]
17:40:45-INFO: forces1 y [ -1.1761087  -14.89002804   3.0854038 ]
pos h  [ 7.72698576  9.33797731 10.62596387]
pos x  [ 6.45700189  8.69500116 10.46497795]
pos y  [ 8.17600687 10.59801269 10.41501435]
 mixed_cpl_forces: h [-2.05510437 -2.32708599  0.07322006]
 mixed_cpl_forces: x [1.49568186 0.75724407 0.18959589]
 mixed_cpl_forces: y [ 0.55942251  1.56984192 -0.26281595]
17:40:45-INFO: mixed forces h [-11.90930516  -3.69110459  -2.42445483]
17:40:45-INFO: mixed forces x [14.46777781  5.36950737  1.12242147]
17:40:45-INFO: mixed forces y [ 2.4852479  -5.83164583  1.5540194 ]
17:40:45-DEBUG: Minimum eigen value: 
17:40:45-DEBUG: -31397.49534164975
17:40:45-DEBUG: Minimum state: 
17:40:45-DEBUG: 0
        25   -31397.4953416497   -31397.4953416497        0.0000000000   -31397.0051536663        0.0000000000      0.29082231
ids [  6 102 107 108 112 117 118 123 133 183 228 275 310 313 315 320 353 355
 358 360 363 365 400 403 411 438 501 542 546 547 548 549 550 551 552 553
 554 555 556 557 559 560 562 563 564 565 566 567 568 569 570 571 572 573
 574 575 576 577 579 581 582 584 586 587 589 592 593 594 595 596 597 598
 599 600 601 602 603 604 605 606 607 608 609 610 611 612 613 614 615 616
 617 618 619 620 621 622 624 626 627 629 631 632 634 635 636 637 639 640
 641 642 645 646 647 648 650 651 652 653 655 656 657 658 660 661 662 665
 666 667 671 672 676 813]
ids [  1   2   3   4   9  10  11  12  13  14  15  16  17  18  19  20  21  23
  24  25  26  27  28  29  30  31  32  33  34  35  36  37  39  41  42  44
  46  47  49  50  51  52  53  54  55  56  57  58  59  60  61  62  63  64
  65  67  68  69  70  71  72  73  74  75  76  78  79  81  83  85  86  88
  89  90  91  93  96  97  98  99 100 101 103 104 105 106 109 111 113 114
 115 116 119 120 121 124 126 128 130 131 132 135 136 544 638 643 644 649
 654 659 664 669 674 815 850 860 893 895 898 900 905 938 945 951 966 993]
ids [ 122  140  173  178  185  220  223  230  265  268  270  318  407  408
  409  412  413  414  415  416  417  418  419  420  421  422  423  424
  425  426  427  428  429  430  431  432  433  434  435  436  437  439
  440  441  442  444  446  447  449  451  452  454  456  457  458  459
  460  461  462  463  464  465  466  467  468  469  470  471  472  473
  474  475  476  477  478  479  480  481  482  483  484  485  486  487
  488  489  491  492  494  496  497  499  502  505  506  507  508  509
  510  511  512  513  514  515  516  517  520  521  522  523  524  525
  526  527  528  530  531  532  536  537  539  541  558  561  588  591
  803  949 1043 1044 1048 1049 1053 1059 1064 1074 1079]
ids [  7  38  40  43  45  82  84  87  92  94 129 134 274 368 379 384 398 399
 404 668 673 681 693 753 771 783 801 812 816 817 818 819 820 821 822 823
 824 825 826 827 829 830 831 832 833 834 835 836 837 838 839 840 841 842
 843 844 845 847 848 849 851 852 853 854 855 856 857 858 859 861 862 863
 864 865 866 867 868 869 870 871 872 873 874 875 876 877 878 879 880 881
 882 883 884 885 886 887 888 889 890 892 894 896 897 899 901 902 904 906
 907 908 910 911 912 915 916 917 920 921 922 923 925 926 927 929 930 931
 932 934 935 937 939 940 941 942 944 946 948]
ids [   5   48  139  234  238  239  244  248  249  258  259  264  378  533
  677  679  682  683  684  685  686  687  688  689  690  691  692  694
  695  696  697  698  699  700  701  702  703  704  705  706  707  708
  709  710  711  712  713  714  716  717  719  721  722  724  726  727
  728  729  730  731  732  733  734  735  736  737  738  739  740  741
  742  743  744  745  746  747  748  749  750  751  752  754  755  756
  757  759  761  762  763  764  766  767  769  772  773  774  775  776
  777  778  779  780  781  782  785  786  787  788  790  791  792  793
  795  796  797  799  800  802  805  806  807  811  828  846  891  936
  950  983  988  990 1028 1030 1033 1035 1038 1040 1075 1080]
ids [ 137  142  143  144  145  146  147  148  149  150  151  152  154  155
  157  158  159  160  161  162  163  164  165  166  167  169  170  171
  172  174  175  176  177  179  180  181  182  184  187  188  189  190
  191  192  193  194  195  196  197  198  199  200  202  203  204  205
  206  207  208  209  210  211  212  214  215  217  218  219  221  222
  224  225  226  227  229  232  233  235  236  237  240  241  242  243
  245  246  247  250  251  252  253  254  255  256  257  260  261  262
  266  267  269  271  306  348  381  393  396  410  443  445  448  450
  455  490  493  495  500  535  538  540  784  789  794  798  804  808
  809  918  933 1073 1078]
ids [   8   22   66   77   80   95  110  125  138  263  273  503  504  518
  519  529  534  543  663  678  680  715  718  720  723  725  758  760
  765  768  770  810  903  947  952  953  954  955  956  957  958  959
  960  961  962  963  964  965  967  968  969  970  971  972  973  974
  975  976  977  978  979  980  981  982  984  985  986  987  989  991
  992  994  995  996  997  998  999 1000 1001 1002 1003 1004 1005 1006
 1007 1008 1009 1010 1011 1012 1013 1014 1015 1016 1017 1018 1019 1020
 1021 1022 1023 1024 1025 1026 1027 1029 1031 1032 1034 1036 1037 1039
 1041 1042 1045 1046 1047 1050 1051 1052 1054 1055 1056 1057 1058 1060
 1061 1062 1063 1065 1066 1067 1068 1069 1070 1071 1072 1076 1077 1081]
ids [127 141 153 156 168 186 201 213 216 231 272 276 277 278 279 280 281 282
 283 284 285 286 287 288 289 290 291 292 293 294 295 296 297 298 299 300
 301 302 303 304 305 307 308 309 311 312 314 316 317 319 321 322 323 324
 325 326 327 328 329 330 331 332 333 334 335 336 337 338 339 340 341 342
 343 344 345 346 347 349 350 351 352 354 356 357 359 361 362 364 366 367
 369 370 371 372 373 374 375 376 377 380 382 383 385 386 387 388 389 390
 391 392 394 395 397 401 402 405 406 453 498 545 578 580 583 585 590 623
 625 628 630 633 670 675 814 909 913 914 919 924 928 943]
17:40:45-INFO: Step 26
17:40:45-DEBUG: Reaction systems: [[None]
 [0]]
17:40:45-DEBUG: rxn_pairs: [array([ 1, 13])]
17:40:45-DEBUG: Starting total colors: 5
17:40:45-DEBUG: Number of systems: 2
17:40:45-DEBUG: New total colors: 5
17:40:45-DEBUG: Potential energy for color 0: -31397.0051536663
ebond 3.129821157084677
ebond 3.129821157084677
ebond 3.129821157084677
ebond 3.129821157084677
ebond 3.129821157084677
17:40:45-DEBUG: Potential energy for color 1: -31396.423198473636
xhy 26 2 1 13
xhy 26 2 1 13
xhy 26 2 1 13
xhy 26 2 1 13
xhy 26 2 1 13
h_pos [ 7.72698576  9.33797731 10.62596387] x_pos [ 6.45700189  8.69500116 10.46497795] y_pos [ 8.17600687 10.59801269 10.41501435]
h_pos [ 7.72698576  9.33797731 10.62596387] x_pos [ 6.45700189  8.69500116 10.46497795] y_pos [ 8.17600687 10.59801269 10.41501435]
h_pos [ 7.72698576  9.33797731 10.62596387] x_pos [ 6.45700189  8.69500116 10.46497795] y_pos [ 8.17600687 10.59801269 10.41501435]
h_pos [ 7.72698576  9.33797731 10.62596387] x_pos [ 6.45700189  8.69500116 10.46497795] y_pos [ 8.17600687 10.59801269 10.41501435]
26 rHY 1.3541819792400176 rHX 1.4325480160248059 0.07836603678478826
26 rHY 1.3541819792400176 rHX 1.4325480160248059 0.07836603678478826
26 rHY 1.3541819792400176 rHX 1.4325480160248059 0.07836603678478826
26 rHY 1.3541819792400176 rHX 1.4325480160248059 0.07836603678478826
26 cpl_forces h [ 2.21446724  2.50753964 -0.07889791]
26 cpl_forces h [ 2.21446724  2.50753964 -0.07889791]
26 cpl_forces h [ 2.21446724  2.50753964 -0.07889791]
26 cpl_forces h [ 2.21446724  2.50753964 -0.07889791]
26 cpl_forces x [-1.61166436 -0.81596449 -0.20429808]
26 cpl_forces x [-1.61166436 -0.81596449 -0.20429808]
26 cpl_forces x [-1.61166436 -0.81596449 -0.20429808]
26 cpl_forces x [-1.61166436 -0.81596449 -0.20429808]
26 cpl_forces y [-0.60280287 -1.69157515  0.28319599]
26 cpl_forces y [-0.60280287 -1.69157515  0.28319599]
26 cpl_forces y [-0.60280287 -1.69157515  0.28319599]
26 cpl_forces y [-0.60280287 -1.69157515  0.28319599]
h_pos [ 7.72698576  9.33797731 10.62596387] x_pos [ 6.45700189  8.69500116 10.46497795] y_pos [ 8.17600687 10.59801269 10.41501435]
26 rHY 1.3541819792400176 rHX 1.4325480160248059 0.07836603678478826
17:40:45-DEBUG: System matrix: 
26 cpl_forces h [ 2.21446724  2.50753964 -0.07889791]
17:40:45-DEBUG: [[-3.13970052e+04  7.24949448e-01]
 [ 7.24949448e-01 -3.13964232e+04]]
17:40:45-DEBUG: Eigen values: 
26 cpl_forces x [-1.61166436 -0.81596449 -0.20429808]
17:40:45-DEBUG: [-31397.49534165 -31395.93301049]
17:40:45-DEBUG: Occupancies: 
17:40:45-DEBUG: [1. 0.]
17:40:45-INFO: coupling 26 0.7249494475243978
26 cpl_forces y [-0.60280287 -1.69157515  0.28319599]
17:40:45-DEBUG: Amplitudes: 
17:40:45-DEBUG: [0.68624579 0.31375421]
17:40:45-INFO: forces0 h [-15.98898695  -7.72742591  -2.43039825]
17:40:45-INFO: forces0 x [17.2203801   6.63041198  1.65325549]
17:40:45-INFO: forces0 y [ 3.34404158 -3.97769832  1.23684097]
17:40:45-INFO: forces1 h [ 3.56385381 12.55407803 -2.64482291]
17:40:45-INFO: forces1 x [ 3.680214    0.19815195 -0.64290461]
17:40:45-INFO: forces1 y [ -1.1761087  -14.89002804   3.0854038 ]
pos h  [ 7.72698576  9.33797731 10.62596387]
pos x  [ 6.45700189  8.69500116 10.46497795]
pos y  [ 8.17600687 10.59801269 10.41501435]
 mixed_cpl_forces: h [-2.05510437 -2.32708599  0.07322006]
 mixed_cpl_forces: x [1.49568186 0.75724407 0.18959589]
 mixed_cpl_forces: y [ 0.55942251  1.56984192 -0.26281595]
17:40:45-INFO: mixed forces h [-11.90930516  -3.69110459  -2.42445483]
17:40:45-INFO: mixed forces x [14.46777781  5.36950737  1.12242147]
17:40:45-INFO: mixed forces y [ 2.4852479  -5.83164583  1.5540194 ]
17:40:45-DEBUG: Minimum eigen value: 
17:40:45-DEBUG: -31397.49534164975
17:40:45-DEBUG: Minimum state: 
17:40:45-DEBUG: 0
        26   -31397.4953416497   -31397.4953416497        0.0000000000   -31397.0051536663        0.0000000000      0.29815978
ids [ 137  142  143  144  145  146  147  148  149  150  151  152  154  155
  157  158  159  160  161  162  163  164  165  166  167  169  170  171
  172  174  175  176  177  179  180  181  182  184  187  188  189  190
  191  192  193  194  195  196  197  198  199  200  202  203  204  205
  206  207  208  209  210  211  212  214  215  217  218  219  221  222
  224  225  226  227  229  232  233  235  236  237  240  241  242  243
  245  246  247  250  251  252  253  254  255  256  257  260  261  262
  266  267  269  271  306  348  381  393  396  410  443  445  448  450
  455  490  493  495  500  535  538  540  784  789  794  798  804  808
  809  918  933 1073 1078]
ids [ 122  140  173  178  185  220  223  230  265  268  270  318  407  408
  409  412  413  414  415  416  417  418  419  420  421  422  423  424
  425  426  427  428  429  430  431  432  433  434  435  436  437  439
  440  441  442  444  446  447  449  451  452  454  456  457  458  459
  460  461  462  463  464  465  466  467  468  469  470  471  472  473
  474  475  476  477  478  479  480  481  482  483  484  485  486  487
  488  489  491  492  494  496  497  499  502  505  506  507  508  509
  510  511  512  513  514  515  516  517  520  521  522  523  524  525
  526  527  528  530  531  532  536  537  539  541  558  561  588  591
  803  949 1043 1044 1048 1049 1053 1059 1064 1074 1079]
ids [  6 102 107 108 112 117 118 123 133 183 228 275 310 313 315 320 353 355
 358 360 363 365 400 403 411 438 501 542 546 547 548 549 550 551 552 553
 554 555 556 557 559 560 562 563 564 565 566 567 568 569 570 571 572 573
 574 575 576 577 579 581 582 584 586 587 589 592 593 594 595 596 597 598
 599 600 601 602 603 604 605 606 607 608 609 610 611 612 613 614 615 616
 617 618 619 620 621 622 624 626 627 629 631 632 634 635 636 637 639 640
 641 642 645 646 647 648 650 651 652 653 655 656 657 658 660 661 662 665
 666 667 671 672 676 813]
ids [  1   2   3   4   9  10  11  12  13  14  15  16  17  18  19  20  21  23
  24  25  26  27  28  29  30  31  32  33  34  35  36  37  39  41  42  44
  46  47  49  50  51  52  53  54  55  56  57  58  59  60  61  62  63  64
  65  67  68  69  70  71  72  73  74  75  76  78  79  81  83  85  86  88
  89  90  91  93  96  97  98  99 100 101 103 104 105 106 109 111 113 114
 115 116 119 120 121 124 126 128 130 131 132 135 136 544 638 643 644 649
 654 659 664 669 674 815 850 860 893 895 898 900 905 938 945 951 966 993]
ids [  7  38  40  43  45  82  84  87  92  94 129 134 274 368 379 384 398 399
 404 668 673 681 693 753 771 783 801 812 816 817 818 819 820 821 822 823
 824 825 826 827 829 830 831 832 833 834 835 836 837 838 839 840 841 842
 843 844 845 847 848 849 851 852 853 854 855 856 857 858 859 861 862 863
 864 865 866 867 868 869 870 871 872 873 874 875 876 877 878 879 880 881
 882 883 884 885 886 887 888 889 890 892 894 896 897 899 901 902 904 906
 907 908 910 911 912 915 916 917 920 921 922 923 925 926 927 929 930 931
 932 934 935 937 939 940 941 942 944 946 948]
ids [   5   48  139  234  238  239  244  248  249  258  259  264  378  533
  677  679  682  683  684  685  686  687  688  689  690  691  692  694
  695  696  697  698  699  700  701  702  703  704  705  706  707  708
  709  710  711  712  713  714  716  717  719  721  722  724  726  727
  728  729  730  731  732  733  734  735  736  737  738  739  740  741
  742  743  744  745  746  747  748  749  750  751  752  754  755  756
  757  759  761  762  763  764  766  767  769  772  773  774  775  776
  777  778  779  780  781  782  785  786  787  788  790  791  792  793
  795  796  797  799  800  802  805  806  807  811  828  846  891  936
  950  983  988  990 1028 1030 1033 1035 1038 1040 1075 1080]
ids [127 141 153 156 168 186 201 213 216 231 272 276 277 278 279 280 281 282
 283 284 285 286 287 288 289 290 291 292 293 294 295 296 297 298 299 300
 301 302 303 304 305 307 308 309 311 312 314 316 317 319 321 322 323 324
 325 326 327 328 329 330 331 332 333 334 335 336 337 338 339 340 341 342
 343 344 345 346 347 349 350 351 352 354 356 357 359 361 362 364 366 367
 369 370 371 372 373 374 375 376 377 380 382 383 385 386 387 388 389 390
 391 392 394 395 397 401 402 405 406 453 498 545 578 580 583 585 590 623
 625 628 630 633 670 675 814 909 913 914 919 924 928 943]
ids [   8   22   66   77   80   95  110  125  138  263  273  503  504  518
  519  529  534  543  663  678  680  715  718  720  723  725  758  760
  765  768  770  810  903  947  952  953  954  955  956  957  958  959
  960  961  962  963  964  965  967  968  969  970  971  972  973  974
  975  976  977  978  979  980  981  982  984  985  986  987  989  991
  992  994  995  996  997  998  999 1000 1001 1002 1003 1004 1005 1006
 1007 1008 1009 1010 1011 1012 1013 1014 1015 1016 1017 1018 1019 1020
 1021 1022 1023 1024 1025 1026 1027 1029 1031 1032 1034 1036 1037 1039
 1041 1042 1045 1046 1047 1050 1051 1052 1054 1055 1056 1057 1058 1060
 1061 1062 1063 1065 1066 1067 1068 1069 1070 1071 1072 1076 1077 1081]
17:40:45-INFO: Step 27
17:40:45-DEBUG: Reaction systems: [[None]
 [0]]
17:40:45-DEBUG: rxn_pairs: [array([ 1, 13])]
17:40:45-DEBUG: Starting total colors: 5
17:40:45-DEBUG: Number of systems: 2
17:40:45-DEBUG: New total colors: 5
17:40:45-DEBUG: Potential energy for color 0: -31397.0051536663
ebond 3.129821157084677
ebond 3.129821157084677
ebond 3.129821157084677
ebond 3.129821157084677
ebond 3.129821157084677
17:40:45-DEBUG: Potential energy for color 1: -31396.423198473636
xhy 27 2 1 13
xhy 27 2 1 13
xhy 27 2 1 13
xhy 27 2 1 13
xhy 27 2 1 13
h_pos [ 7.72698576  9.33797731 10.62596387] x_pos [ 6.45700189  8.69500116 10.46497795] y_pos [ 8.17600687 10.59801269 10.41501435]
h_pos [ 7.72698576  9.33797731 10.62596387] x_pos [ 6.45700189  8.69500116 10.46497795] y_pos [ 8.17600687 10.59801269 10.41501435]
27 rHY 1.3541819792400176 rHX 1.4325480160248059 0.07836603678478826
h_pos [ 7.72698576  9.33797731 10.62596387] x_pos [ 6.45700189  8.69500116 10.46497795] y_pos [ 8.17600687 10.59801269 10.41501435]
h_pos [ 7.72698576  9.33797731 10.62596387] x_pos [ 6.45700189  8.69500116 10.46497795] y_pos [ 8.17600687 10.59801269 10.41501435]
27 rHY 1.3541819792400176 rHX 1.4325480160248059 0.07836603678478826
27 rHY 1.3541819792400176 rHX 1.4325480160248059 0.07836603678478826
27 rHY 1.3541819792400176 rHX 1.4325480160248059 0.07836603678478826
27 cpl_forces h [ 2.21446724  2.50753964 -0.07889791]
27 cpl_forces h [ 2.21446724  2.50753964 -0.07889791]
27 cpl_forces h [ 2.21446724  2.50753964 -0.07889791]
27 cpl_forces h [ 2.21446724  2.50753964 -0.07889791]
27 cpl_forces x [-1.61166436 -0.81596449 -0.20429808]
27 cpl_forces x [-1.61166436 -0.81596449 -0.20429808]
27 cpl_forces x [-1.61166436 -0.81596449 -0.20429808]
27 cpl_forces x [-1.61166436 -0.81596449 -0.20429808]
27 cpl_forces y [-0.60280287 -1.69157515  0.28319599]
27 cpl_forces y [-0.60280287 -1.69157515  0.28319599]
27 cpl_forces y [-0.60280287 -1.69157515  0.28319599]
27 cpl_forces y [-0.60280287 -1.69157515  0.28319599]
h_pos [ 7.72698576  9.33797731 10.62596387] x_pos [ 6.45700189  8.69500116 10.46497795] y_pos [ 8.17600687 10.59801269 10.41501435]
27 rHY 1.3541819792400176 rHX 1.4325480160248059 0.07836603678478826
17:40:45-DEBUG: System matrix: 
27 cpl_forces h [ 2.21446724  2.50753964 -0.07889791]
17:40:45-DEBUG: [[-3.13970052e+04  7.24949448e-01]
 [ 7.24949448e-01 -3.13964232e+04]]
17:40:45-DEBUG: Eigen values: 
17:40:45-DEBUG: [-31397.49534165 -31395.93301049]
27 cpl_forces x [-1.61166436 -0.81596449 -0.20429808]
17:40:45-DEBUG: Occupancies: 
17:40:45-DEBUG: [1. 0.]
27 cpl_forces y [-0.60280287 -1.69157515  0.28319599]
17:40:45-INFO: coupling 27 0.7249494475243978
17:40:45-DEBUG: Amplitudes: 
17:40:45-DEBUG: [0.68624579 0.31375421]
17:40:45-INFO: forces0 h [-15.98898695  -7.72742591  -2.43039825]
17:40:45-INFO: forces0 x [17.2203801   6.63041198  1.65325549]
17:40:45-INFO: forces0 y [ 3.34404158 -3.97769832  1.23684097]
17:40:45-INFO: forces1 h [ 3.56385381 12.55407803 -2.64482291]
17:40:45-INFO: forces1 x [ 3.680214    0.19815195 -0.64290461]
17:40:45-INFO: forces1 y [ -1.1761087  -14.89002804   3.0854038 ]
pos h  [ 7.72698576  9.33797731 10.62596387]
pos x  [ 6.45700189  8.69500116 10.46497795]
pos y  [ 8.17600687 10.59801269 10.41501435]
 mixed_cpl_forces: h [-2.05510437 -2.32708599  0.07322006]
 mixed_cpl_forces: x [1.49568186 0.75724407 0.18959589]
 mixed_cpl_forces: y [ 0.55942251  1.56984192 -0.26281595]
17:40:45-INFO: mixed forces h [-11.90930516  -3.69110459  -2.42445483]
17:40:45-INFO: mixed forces x [14.46777781  5.36950737  1.12242147]
17:40:45-INFO: mixed forces y [ 2.4852479  -5.83164583  1.5540194 ]
17:40:45-DEBUG: Minimum eigen value: 
17:40:45-DEBUG: -31397.49534164975
17:40:45-DEBUG: Minimum state: 
17:40:45-DEBUG: 0
        27   -31397.4953416497   -31397.4953416497        0.0000000000   -31397.0051536663        0.0000000000      0.29459674
ids [ 122  140  173  178  185  220  223  230  265  268  270  318  407  408
  409  412  413  414  415  416  417  418  419  420  421  422  423  424
  425  426  427  428  429  430  431  432  433  434  435  436  437  439
  440  441  442  444  446  447  449  451  452  454  456  457  458  459
  460  461  462  463  464  465  466  467  468  469  470  471  472  473
  474  475  476  477  478  479  480  481  482  483  484  485  486  487
  488  489  491  492  494  496  497  499  502  505  506  507  508  509
  510  511  512  513  514  515  516  517  520  521  522  523  524  525
  526  527  528  530  531  532  536  537  539  541  558  561  588  591
  803  949 1043 1044 1048 1049 1053 1059 1064 1074 1079]
ids [  1   2   3   4   9  10  11  12  13  14  15  16  17  18  19  20  21  23
  24  25  26  27  28  29  30  31  32  33  34  35  36  37  39  41  42  44
  46  47  49  50  51  52  53  54  55  56  57  58  59  60  61  62  63  64
  65  67  68  69  70  71  72  73  74  75  76  78  79  81  83  85  86  88
  89  90  91  93  96  97  98  99 100 101 103 104 105 106 109 111 113 114
 115 116 119 120 121 124 126 128 130 131 132 135 136 544 638 643 644 649
 654 659 664 669 674 815 850 860 893 895 898 900 905 938 945 951 966 993]
ids [   8   22   66   77   80   95  110  125  138  263  273  503  504  518
  519  529  534  543  663  678  680  715  718  720  723  725  758  760
  765  768  770  810  903  947  952  953  954  955  956  957  958  959
  960  961  962  963  964  965  967  968  969  970  971  972  973  974
  975  976  977  978  979  980  981  982  984  985  986  987  989  991
  992  994  995  996  997  998  999 1000 1001 1002 1003 1004 1005 1006
 1007 1008 1009 1010 1011 1012 1013 1014 1015 1016 1017 1018 1019 1020
 1021 1022 1023 1024 1025 1026 1027 1029 1031 1032 1034 1036 1037 1039
 1041 1042 1045 1046 1047 1050 1051 1052 1054 1055 1056 1057 1058 1060
 1061 1062 1063 1065 1066 1067 1068 1069 1070 1071 1072 1076 1077 1081]
ids [   5   48  139  234  238  239  244  248  249  258  259  264  378  533
  677  679  682  683  684  685  686  687  688  689  690  691  692  694
  695  696  697  698  699  700  701  702  703  704  705  706  707  708
  709  710  711  712  713  714  716  717  719  721  722  724  726  727
  728  729  730  731  732  733  734  735  736  737  738  739  740  741
  742  743  744  745  746  747  748  749  750  751  752  754  755  756
  757  759  761  762  763  764  766  767  769  772  773  774  775  776
  777  778  779  780  781  782  785  786  787  788  790  791  792  793
  795  796  797  799  800  802  805  806  807  811  828  846  891  936
  950  983  988  990 1028 1030 1033 1035 1038 1040 1075 1080]
ids [  7  38  40  43  45  82  84  87  92  94 129 134 274 368 379 384 398 399
 404 668 673 681 693 753 771 783 801 812 816 817 818 819 820 821 822 823
 824 825 826 827 829 830 831 832 833 834 835 836 837 838 839 840 841 842
 843 844 845 847 848 849 851 852 853 854 855 856 857 858 859 861 862 863
 864 865 866 867 868 869 870 871 872 873 874 875 876 877 878 879 880 881
 882 883 884 885 886 887 888 889 890 892 894 896 897 899 901 902 904 906
 907 908 910 911 912 915 916 917 920 921 922 923 925 926 927 929 930 931
 932 934 935 937 939 940 941 942 944 946 948]
ids [127 141 153 156 168 186 201 213 216 231 272 276 277 278 279 280 281 282
 283 284 285 286 287 288 289 290 291 292 293 294 295 296 297 298 299 300
 301 302 303 304 305 307 308 309 311 312 314 316 317 319 321 322 323 324
 325 326 327 328 329 330 331 332 333 334 335 336 337 338 339 340 341 342
 343 344 345 346 347 349 350 351 352 354 356 357 359 361 362 364 366 367
 369 370 371 372 373 374 375 376 377 380 382 383 385 386 387 388 389 390
 391 392 394 395 397 401 402 405 406 453 498 545 578 580 583 585 590 623
 625 628 630 633 670 675 814 909 913 914 919 924 928 943]
ids [  6 102 107 108 112 117 118 123 133 183 228 275 310 313 315 320 353 355
 358 360 363 365 400 403 411 438 501 542 546 547 548 549 550 551 552 553
 554 555 556 557 559 560 562 563 564 565 566 567 568 569 570 571 572 573
 574 575 576 577 579 581 582 584 586 587 589 592 593 594 595 596 597 598
 599 600 601 602 603 604 605 606 607 608 609 610 611 612 613 614 615 616
 617 618 619 620 621 622 624 626 627 629 631 632 634 635 636 637 639 640
 641 642 645 646 647 648 650 651 652 653 655 656 657 658 660 661 662 665
 666 667 671 672 676 813]
ids [ 137  142  143  144  145  146  147  148  149  150  151  152  154  155
  157  158  159  160  161  162  163  164  165  166  167  169  170  171
  172  174  175  176  177  179  180  181  182  184  187  188  189  190
  191  192  193  194  195  196  197  198  199  200  202  203  204  205
  206  207  208  209  210  211  212  214  215  217  218  219  221  222
  224  225  226  227  229  232  233  235  236  237  240  241  242  243
  245  246  247  250  251  252  253  254  255  256  257  260  261  262
  266  267  269  271  306  348  381  393  396  410  443  445  448  450
  455  490  493  495  500  535  538  540  784  789  794  798  804  808
  809  918  933 1073 1078]
17:40:45-INFO: Step 28
17:40:45-DEBUG: Reaction systems: [[None]
 [0]]
17:40:45-DEBUG: rxn_pairs: [array([ 1, 13])]
17:40:45-DEBUG: Starting total colors: 5
17:40:45-DEBUG: Number of systems: 2
17:40:45-DEBUG: New total colors: 5
17:40:45-DEBUG: Potential energy for color 0: -31397.0051536663
ebond 3.129821157084677
ebond 3.129821157084677
ebond 3.129821157084677
ebond 3.129821157084677
ebond 3.129821157084677
17:40:45-DEBUG: Potential energy for color 1: -31396.423198473636
xhy 28 2 1 13
xhy 28 2 1 13
xhy 28 2 1 13
xhy 28 2 1 13
xhy 28 2 1 13
h_pos [ 7.72698576  9.33797731 10.62596387] x_pos [ 6.45700189  8.69500116 10.46497795] y_pos [ 8.17600687 10.59801269 10.41501435]
h_pos [ 7.72698576  9.33797731 10.62596387] x_pos [ 6.45700189  8.69500116 10.46497795] y_pos [ 8.17600687 10.59801269 10.41501435]
28 rHY 1.3541819792400176 rHX 1.4325480160248059 0.07836603678478826
h_pos [ 7.72698576  9.33797731 10.62596387] x_pos [ 6.45700189  8.69500116 10.46497795] y_pos [ 8.17600687 10.59801269 10.41501435]
h_pos [ 7.72698576  9.33797731 10.62596387] x_pos [ 6.45700189  8.69500116 10.46497795] y_pos [ 8.17600687 10.59801269 10.41501435]
28 rHY 1.3541819792400176 rHX 1.4325480160248059 0.07836603678478826
28 rHY 1.3541819792400176 rHX 1.4325480160248059 0.07836603678478826
28 rHY 1.3541819792400176 rHX 1.4325480160248059 0.07836603678478826
28 cpl_forces h [ 2.21446724  2.50753964 -0.07889791]
28 cpl_forces h [ 2.21446724  2.50753964 -0.07889791]
28 cpl_forces h [ 2.21446724  2.50753964 -0.07889791]
28 cpl_forces x [-1.61166436 -0.81596449 -0.20429808]
28 cpl_forces h [ 2.21446724  2.50753964 -0.07889791]
28 cpl_forces x [-1.61166436 -0.81596449 -0.20429808]
28 cpl_forces x [-1.61166436 -0.81596449 -0.20429808]
28 cpl_forces y [-0.60280287 -1.69157515  0.28319599]
28 cpl_forces x [-1.61166436 -0.81596449 -0.20429808]
28 cpl_forces y [-0.60280287 -1.69157515  0.28319599]
28 cpl_forces y [-0.60280287 -1.69157515  0.28319599]
28 cpl_forces y [-0.60280287 -1.69157515  0.28319599]
h_pos [ 7.72698576  9.33797731 10.62596387] x_pos [ 6.45700189  8.69500116 10.46497795] y_pos [ 8.17600687 10.59801269 10.41501435]
28 rHY 1.3541819792400176 rHX 1.4325480160248059 0.07836603678478826
17:40:45-DEBUG: System matrix: 
28 cpl_forces h [ 2.21446724  2.50753964 -0.07889791]
17:40:45-DEBUG: [[-3.13970052e+04  7.24949448e-01]
 [ 7.24949448e-01 -3.13964232e+04]]
17:40:45-DEBUG: Eigen values: 
28 cpl_forces x [-1.61166436 -0.81596449 -0.20429808]
17:40:45-DEBUG: [-31397.49534165 -31395.93301049]
17:40:45-DEBUG: Occupancies: 
28 cpl_forces y [-0.60280287 -1.69157515  0.28319599]
17:40:45-DEBUG: [1. 0.]
17:40:45-INFO: coupling 28 0.7249494475243978
17:40:45-DEBUG: Amplitudes: 
17:40:45-DEBUG: [0.68624579 0.31375421]
17:40:45-INFO: forces0 h [-15.98898695  -7.72742591  -2.43039825]
17:40:45-INFO: forces0 x [17.2203801   6.63041198  1.65325549]
17:40:45-INFO: forces0 y [ 3.34404158 -3.97769832  1.23684097]
17:40:45-INFO: forces1 h [ 3.56385381 12.55407803 -2.64482291]
17:40:45-INFO: forces1 x [ 3.680214    0.19815195 -0.64290461]
17:40:45-INFO: forces1 y [ -1.1761087  -14.89002804   3.0854038 ]
pos h  [ 7.72698576  9.33797731 10.62596387]
pos x  [ 6.45700189  8.69500116 10.46497795]
pos y  [ 8.17600687 10.59801269 10.41501435]
 mixed_cpl_forces: h [-2.05510437 -2.32708599  0.07322006]
 mixed_cpl_forces: x [1.49568186 0.75724407 0.18959589]
 mixed_cpl_forces: y [ 0.55942251  1.56984192 -0.26281595]
17:40:45-INFO: mixed forces h [-11.90930516  -3.69110459  -2.42445483]
17:40:45-INFO: mixed forces x [14.46777781  5.36950737  1.12242147]
17:40:45-INFO: mixed forces y [ 2.4852479  -5.83164583  1.5540194 ]
17:40:45-DEBUG: Minimum eigen value: 
17:40:45-DEBUG: -31397.49534164975
17:40:45-DEBUG: Minimum state: 
17:40:45-DEBUG: 0
        28   -31397.4953416497   -31397.4953416497        0.0000000000   -31397.0051536663        0.0000000000      0.29748790
ids [  6 102 107 108 112 117 118 123 133 183 228 275 310 313 315 320 353 355
 358 360 363 365 400 403 411 438 501 542 546 547 548 549 550 551 552 553
 554 555 556 557 559 560 562 563 564 565 566 567 568 569 570 571 572 573
 574 575 576 577 579 581 582 584 586 587 589 592 593 594 595 596 597 598
 599 600 601 602 603 604 605 606 607 608 609 610 611 612 613 614 615 616
 617 618 619 620 621 622 624 626 627 629 631 632 634 635 636 637 639 640
 641 642 645 646 647 648 650 651 652 653 655 656 657 658 660 661 662 665
 666 667 671 672 676 813]
ids [ 122  140  173  178  185  220  223  230  265  268  270  318  407  408
  409  412  413  414  415  416  417  418  419  420  421  422  423  424
  425  426  427  428  429  430  431  432  433  434  435  436  437  439
  440  441  442  444  446  447  449  451  452  454  456  457  458  459
  460  461  462  463  464  465  466  467  468  469  470  471  472  473
  474  475  476  477  478  479  480  481  482  483  484  485  486  487
  488  489  491  492  494  496  497  499  502  505  506  507  508  509
  510  511  512  513  514  515  516  517  520  521  522  523  524  525
  526  527  528  530  531  532  536  537  539  541  558  561  588  591
  803  949 1043 1044 1048 1049 1053 1059 1064 1074 1079]
ids [  1   2   3   4   9  10  11  12  13  14  15  16  17  18  19  20  21  23
  24  25  26  27  28  29  30  31  32  33  34  35  36  37  39  41  42  44
  46  47  49  50  51  52  53  54  55  56  57  58  59  60  61  62  63  64
  65  67  68  69  70  71  72  73  74  75  76  78  79  81  83  85  86  88
  89  90  91  93  96  97  98  99 100 101 103 104 105 106 109 111 113 114
 115 116 119 120 121 124 126 128 130 131 132 135 136 544 638 643 644 649
 654 659 664 669 674 815 850 860 893 895 898 900 905 938 945 951 966 993]
ids [   5   48  139  234  238  239  244  248  249  258  259  264  378  533
  677  679  682  683  684  685  686  687  688  689  690  691  692  694
  695  696  697  698  699  700  701  702  703  704  705  706  707  708
  709  710  711  712  713  714  716  717  719  721  722  724  726  727
  728  729  730  731  732  733  734  735  736  737  738  739  740  741
  742  743  744  745  746  747  748  749  750  751  752  754  755  756
  757  759  761  762  763  764  766  767  769  772  773  774  775  776
  777  778  779  780  781  782  785  786  787  788  790  791  792  793
  795  796  797  799  800  802  805  806  807  811  828  846  891  936
  950  983  988  990 1028 1030 1033 1035 1038 1040 1075 1080]
ids [  7  38  40  43  45  82  84  87  92  94 129 134 274 368 379 384 398 399
 404 668 673 681 693 753 771 783 801 812 816 817 818 819 820 821 822 823
 824 825 826 827 829 830 831 832 833 834 835 836 837 838 839 840 841 842
 843 844 845 847 848 849 851 852 853 854 855 856 857 858 859 861 862 863
 864 865 866 867 868 869 870 871 872 873 874 875 876 877 878 879 880 881
 882 883 884 885 886 887 888 889 890 892 894 896 897 899 901 902 904 906
 907 908 910 911 912 915 916 917 920 921 922 923 925 926 927 929 930 931
 932 934 935 937 939 940 941 942 944 946 948]
ids [127 141 153 156 168 186 201 213 216 231 272 276 277 278 279 280 281 282
 283 284 285 286 287 288 289 290 291 292 293 294 295 296 297 298 299 300
 301 302 303 304 305 307 308 309 311 312 314 316 317 319 321 322 323 324
 325 326 327 328 329 330 331 332 333 334 335 336 337 338 339 340 341 342
 343 344 345 346 347 349 350 351 352 354 356 357 359 361 362 364 366 367
 369 370 371 372 373 374 375 376 377 380 382 383 385 386 387 388 389 390
 391 392 394 395 397 401 402 405 406 453 498 545 578 580 583 585 590 623
 625 628 630 633 670 675 814 909 913 914 919 924 928 943]
ids [ 137  142  143  144  145  146  147  148  149  150  151  152  154  155
  157  158  159  160  161  162  163  164  165  166  167  169  170  171
  172  174  175  176  177  179  180  181  182  184  187  188  189  190
  191  192  193  194  195  196  197  198  199  200  202  203  204  205
  206  207  208  209  210  211  212  214  215  217  218  219  221  222
  224  225  226  227  229  232  233  235  236  237  240  241  242  243
  245  246  247  250  251  252  253  254  255  256  257  260  261  262
  266  267  269  271  306  348  381  393  396  410  443  445  448  450
  455  490  493  495  500  535  538  540  784  789  794  798  804  808
  809  918  933 1073 1078]
ids [   8   22   66   77   80   95  110  125  138  263  273  503  504  518
  519  529  534  543  663  678  680  715  718  720  723  725  758  760
  765  768  770  810  903  947  952  953  954  955  956  957  958  959
  960  961  962  963  964  965  967  968  969  970  971  972  973  974
  975  976  977  978  979  980  981  982  984  985  986  987  989  991
  992  994  995  996  997  998  999 1000 1001 1002 1003 1004 1005 1006
 1007 1008 1009 1010 1011 1012 1013 1014 1015 1016 1017 1018 1019 1020
 1021 1022 1023 1024 1025 1026 1027 1029 1031 1032 1034 1036 1037 1039
 1041 1042 1045 1046 1047 1050 1051 1052 1054 1055 1056 1057 1058 1060
 1061 1062 1063 1065 1066 1067 1068 1069 1070 1071 1072 1076 1077 1081]
17:40:45-INFO: Step 29
17:40:45-DEBUG: Reaction systems: [[None]
 [0]]
17:40:45-DEBUG: rxn_pairs: [array([ 1, 13])]
17:40:45-DEBUG: Starting total colors: 5
17:40:45-DEBUG: Number of systems: 2
17:40:45-DEBUG: New total colors: 5
17:40:45-DEBUG: Potential energy for color 0: -31397.0051536663
ebond 3.129821157084677
ebond 3.129821157084677
ebond 3.129821157084677
ebond 3.129821157084677
ebond 3.129821157084677
17:40:45-DEBUG: Potential energy for color 1: -31396.423198473636
xhy 29 2 1 13
xhy 29 2 1 13
xhy 29 2 1 13
xhy 29 2 1 13
xhy 29 2 1 13
h_pos [ 7.72698576  9.33797731 10.62596387] x_pos [ 6.45700189  8.69500116 10.46497795] y_pos [ 8.17600687 10.59801269 10.41501435]
h_pos [ 7.72698576  9.33797731 10.62596387] x_pos [ 6.45700189  8.69500116 10.46497795] y_pos [ 8.17600687 10.59801269 10.41501435]
h_pos [ 7.72698576  9.33797731 10.62596387] x_pos [ 6.45700189  8.69500116 10.46497795] y_pos [ 8.17600687 10.59801269 10.41501435]
h_pos [ 7.72698576  9.33797731 10.62596387] x_pos [ 6.45700189  8.69500116 10.46497795] y_pos [ 8.17600687 10.59801269 10.41501435]
29 rHY 1.3541819792400176 rHX 1.4325480160248059 0.07836603678478826
29 rHY 1.3541819792400176 rHX 1.4325480160248059 0.07836603678478826
29 rHY 1.3541819792400176 rHX 1.4325480160248059 0.07836603678478826
29 rHY 1.3541819792400176 rHX 1.4325480160248059 0.07836603678478826
29 cpl_forces h [ 2.21446724  2.50753964 -0.07889791]
29 cpl_forces h [ 2.21446724  2.50753964 -0.07889791]
29 cpl_forces h [ 2.21446724  2.50753964 -0.07889791]
29 cpl_forces h [ 2.21446724  2.50753964 -0.07889791]
29 cpl_forces x [-1.61166436 -0.81596449 -0.20429808]
29 cpl_forces x [-1.61166436 -0.81596449 -0.20429808]
29 cpl_forces x [-1.61166436 -0.81596449 -0.20429808]
29 cpl_forces x [-1.61166436 -0.81596449 -0.20429808]
29 cpl_forces y [-0.60280287 -1.69157515  0.28319599]
29 cpl_forces y [-0.60280287 -1.69157515  0.28319599]
29 cpl_forces y [-0.60280287 -1.69157515  0.28319599]
29 cpl_forces y [-0.60280287 -1.69157515  0.28319599]
h_pos [ 7.72698576  9.33797731 10.62596387] x_pos [ 6.45700189  8.69500116 10.46497795] y_pos [ 8.17600687 10.59801269 10.41501435]
29 rHY 1.3541819792400176 rHX 1.4325480160248059 0.07836603678478826
17:40:45-DEBUG: System matrix: 
29 cpl_forces h [ 2.21446724  2.50753964 -0.07889791]
17:40:45-DEBUG: [[-3.13970052e+04  7.24949448e-01]
 [ 7.24949448e-01 -3.13964232e+04]]
17:40:45-DEBUG: Eigen values: 
29 cpl_forces x [-1.61166436 -0.81596449 -0.20429808]
17:40:45-DEBUG: [-31397.49534165 -31395.93301049]
17:40:45-DEBUG: Occupancies: 
17:40:45-DEBUG: [1. 0.]
29 cpl_forces y [-0.60280287 -1.69157515  0.28319599]
17:40:45-INFO: coupling 29 0.7249494475243978
17:40:45-DEBUG: Amplitudes: 
17:40:45-DEBUG: [0.68624579 0.31375421]
17:40:45-INFO: forces0 h [-15.98898695  -7.72742591  -2.43039825]
17:40:45-INFO: forces0 x [17.2203801   6.63041198  1.65325549]
17:40:45-INFO: forces0 y [ 3.34404158 -3.97769832  1.23684097]
17:40:45-INFO: forces1 h [ 3.56385381 12.55407803 -2.64482291]
17:40:45-INFO: forces1 x [ 3.680214    0.19815195 -0.64290461]
17:40:45-INFO: forces1 y [ -1.1761087  -14.89002804   3.0854038 ]
pos h  [ 7.72698576  9.33797731 10.62596387]
pos x  [ 6.45700189  8.69500116 10.46497795]
pos y  [ 8.17600687 10.59801269 10.41501435]
 mixed_cpl_forces: h [-2.05510437 -2.32708599  0.07322006]
 mixed_cpl_forces: x [1.49568186 0.75724407 0.18959589]
 mixed_cpl_forces: y [ 0.55942251  1.56984192 -0.26281595]
17:40:45-INFO: mixed forces h [-11.90930516  -3.69110459  -2.42445483]
17:40:45-INFO: mixed forces x [14.46777781  5.36950737  1.12242147]
17:40:45-INFO: mixed forces y [ 2.4852479  -5.83164583  1.5540194 ]
17:40:45-DEBUG: Minimum eigen value: 
17:40:45-DEBUG: -31397.49534164975
17:40:45-DEBUG: Minimum state: 
17:40:45-DEBUG: 0
        29   -31397.4953416497   -31397.4953416497        0.0000000000   -31397.0051536663        0.0000000000      0.29492160
ids [ 137  142  143  144  145  146  147  148  149  150  151  152  154  155
  157  158  159  160  161  162  163  164  165  166  167  169  170  171
  172  174  175  176  177  179  180  181  182  184  187  188  189  190
  191  192  193  194  195  196  197  198  199  200  202  203  204  205
  206  207  208  209  210  211  212  214  215  217  218  219  221  222
  224  225  226  227  229  232  233  235  236  237  240  241  242  243
  245  246  247  250  251  252  253  254  255  256  257  260  261  262
  266  267  269  271  306  348  381  393  396  410  443  445  448  450
  455  490  493  495  500  535  538  540  784  789  794  798  804  808
  809  918  933 1073 1078]
ids [   8   22   66   77   80   95  110  125  138  263  273  503  504  518
  519  529  534  543  663  678  680  715  718  720  723  725  758  760
  765  768  770  810  903  947  952  953  954  955  956  957  958  959
  960  961  962  963  964  965  967  968  969  970  971  972  973  974
  975  976  977  978  979  980  981  982  984  985  986  987  989  991
  992  994  995  996  997  998  999 1000 1001 1002 1003 1004 1005 1006
 1007 1008 1009 1010 1011 1012 1013 1014 1015 1016 1017 1018 1019 1020
 1021 1022 1023 1024 1025 1026 1027 1029 1031 1032 1034 1036 1037 1039
 1041 1042 1045 1046 1047 1050 1051 1052 1054 1055 1056 1057 1058 1060
 1061 1062 1063 1065 1066 1067 1068 1069 1070 1071 1072 1076 1077 1081]
ids [   5   48  139  234  238  239  244  248  249  258  259  264  378  533
  677  679  682  683  684  685  686  687  688  689  690  691  692  694
  695  696  697  698  699  700  701  702  703  704  705  706  707  708
  709  710  711  712  713  714  716  717  719  721  722  724  726  727
  728  729  730  731  732  733  734  735  736  737  738  739  740  741
  742  743  744  745  746  747  748  749  750  751  752  754  755  756
  757  759  761  762  763  764  766  767  769  772  773  774  775  776
  777  778  779  780  781  782  785  786  787  788  790  791  792  793
  795  796  797  799  800  802  805  806  807  811  828  846  891  936
  950  983  988  990 1028 1030 1033 1035 1038 1040 1075 1080]
ids [  7  38  40  43  45  82  84  87  92  94 129 134 274 368 379 384 398 399
 404 668 673 681 693 753 771 783 801 812 816 817 818 819 820 821 822 823
 824 825 826 827 829 830 831 832 833 834 835 836 837 838 839 840 841 842
 843 844 845 847 848 849 851 852 853 854 855 856 857 858 859 861 862 863
 864 865 866 867 868 869 870 871 872 873 874 875 876 877 878 879 880 881
 882 883 884 885 886 887 888 889 890 892 894 896 897 899 901 902 904 906
 907 908 910 911 912 915 916 917 920 921 922 923 925 926 927 929 930 931
 932 934 935 937 939 940 941 942 944 946 948]
ids [ 122  140  173  178  185  220  223  230  265  268  270  318  407  408
  409  412  413  414  415  416  417  418  419  420  421  422  423  424
  425  426  427  428  429  430  431  432  433  434  435  436  437  439
  440  441  442  444  446  447  449  451  452  454  456  457  458  459
  460  461  462  463  464  465  466  467  468  469  470  471  472  473
  474  475  476  477  478  479  480  481  482  483  484  485  486  487
  488  489  491  492  494  496  497  499  502  505  506  507  508  509
  510  511  512  513  514  515  516  517  520  521  522  523  524  525
  526  527  528  530  531  532  536  537  539  541  558  561  588  591
  803  949 1043 1044 1048 1049 1053 1059 1064 1074 1079]
ids [  6 102 107 108 112 117 118 123 133 183 228 275 310 313 315 320 353 355
 358 360 363 365 400 403 411 438 501 542 546 547 548 549 550 551 552 553
 554 555 556 557 559 560 562 563 564 565 566 567 568 569 570 571 572 573
 574 575 576 577 579 581 582 584 586 587 589 592 593 594 595 596 597 598
 599 600 601 602 603 604 605 606 607 608 609 610 611 612 613 614 615 616
 617 618 619 620 621 622 624 626 627 629 631 632 634 635 636 637 639 640
 641 642 645 646 647 648 650 651 652 653 655 656 657 658 660 661 662 665
 666 667 671 672 676 813]
ids [  1   2   3   4   9  10  11  12  13  14  15  16  17  18  19  20  21  23
  24  25  26  27  28  29  30  31  32  33  34  35  36  37  39  41  42  44
  46  47  49  50  51  52  53  54  55  56  57  58  59  60  61  62  63  64
  65  67  68  69  70  71  72  73  74  75  76  78  79  81  83  85  86  88
  89  90  91  93  96  97  98  99 100 101 103 104 105 106 109 111 113 114
 115 116 119 120 121 124 126 128 130 131 132 135 136 544 638 643 644 649
 654 659 664 669 674 815 850 860 893 895 898 900 905 938 945 951 966 993]
ids [127 141 153 156 168 186 201 213 216 231 272 276 277 278 279 280 281 282
 283 284 285 286 287 288 289 290 291 292 293 294 295 296 297 298 299 300
 301 302 303 304 305 307 308 309 311 312 314 316 317 319 321 322 323 324
 325 326 327 328 329 330 331 332 333 334 335 336 337 338 339 340 341 342
 343 344 345 346 347 349 350 351 352 354 356 357 359 361 362 364 366 367
 369 370 371 372 373 374 375 376 377 380 382 383 385 386 387 388 389 390
 391 392 394 395 397 401 402 405 406 453 498 545 578 580 583 585 590 623
 625 628 630 633 670 675 814 909 913 914 919 924 928 943]
17:40:45-INFO: Step 30
17:40:45-DEBUG: Reaction systems: [[None]
 [0]]
17:40:45-DEBUG: rxn_pairs: [array([ 1, 13])]
17:40:45-DEBUG: Starting total colors: 5
17:40:45-DEBUG: Number of systems: 2
17:40:45-DEBUG: New total colors: 5
17:40:45-DEBUG: Potential energy for color 0: -31397.0051536663
ebond 3.129821157084677
ebond 3.129821157084677
ebond 3.129821157084677
ebond 3.129821157084677
ebond 3.129821157084677
17:40:45-DEBUG: Potential energy for color 1: -31396.423198473636
xhy 30 2 1 13
xhy 30 2 1 13
xhy 30 2 1 13
xhy 30 2 1 13
xhy 30 2 1 13
h_pos [ 7.72698576  9.33797731 10.62596387] x_pos [ 6.45700189  8.69500116 10.46497795] y_pos [ 8.17600687 10.59801269 10.41501435]
h_pos [ 7.72698576  9.33797731 10.62596387] x_pos [ 6.45700189  8.69500116 10.46497795] y_pos [ 8.17600687 10.59801269 10.41501435]
h_pos [ 7.72698576  9.33797731 10.62596387] x_pos [ 6.45700189  8.69500116 10.46497795] y_pos [ 8.17600687 10.59801269 10.41501435]
30 rHY 1.3541819792400176 rHX 1.4325480160248059 0.07836603678478826
h_pos [ 7.72698576  9.33797731 10.62596387] x_pos [ 6.45700189  8.69500116 10.46497795] y_pos [ 8.17600687 10.59801269 10.41501435]
30 rHY 1.3541819792400176 rHX 1.4325480160248059 0.07836603678478826
30 rHY 1.3541819792400176 rHX 1.4325480160248059 0.07836603678478826
30 rHY 1.3541819792400176 rHX 1.4325480160248059 0.07836603678478826
30 cpl_forces h [ 2.21446724  2.50753964 -0.07889791]
30 cpl_forces h [ 2.21446724  2.50753964 -0.07889791]
30 cpl_forces h [ 2.21446724  2.50753964 -0.07889791]
30 cpl_forces h [ 2.21446724  2.50753964 -0.07889791]
30 cpl_forces x [-1.61166436 -0.81596449 -0.20429808]
30 cpl_forces x [-1.61166436 -0.81596449 -0.20429808]
30 cpl_forces x [-1.61166436 -0.81596449 -0.20429808]
30 cpl_forces x [-1.61166436 -0.81596449 -0.20429808]
30 cpl_forces y [-0.60280287 -1.69157515  0.28319599]
30 cpl_forces y [-0.60280287 -1.69157515  0.28319599]
30 cpl_forces y [-0.60280287 -1.69157515  0.28319599]
30 cpl_forces y [-0.60280287 -1.69157515  0.28319599]
h_pos [ 7.72698576  9.33797731 10.62596387] x_pos [ 6.45700189  8.69500116 10.46497795] y_pos [ 8.17600687 10.59801269 10.41501435]
30 rHY 1.3541819792400176 rHX 1.4325480160248059 0.07836603678478826
17:40:45-DEBUG: System matrix: 
30 cpl_forces h [ 2.21446724  2.50753964 -0.07889791]
17:40:45-DEBUG: [[-3.13970052e+04  7.24949448e-01]
 [ 7.24949448e-01 -3.13964232e+04]]
17:40:45-DEBUG: Eigen values: 
30 cpl_forces x [-1.61166436 -0.81596449 -0.20429808]
17:40:45-DEBUG: [-31397.49534165 -31395.93301049]
17:40:45-DEBUG: Occupancies: 
30 cpl_forces y [-0.60280287 -1.69157515  0.28319599]
17:40:45-DEBUG: [1. 0.]
17:40:45-INFO: coupling 30 0.7249494475243978
17:40:45-DEBUG: Amplitudes: 
17:40:45-DEBUG: [0.68624579 0.31375421]
17:40:45-INFO: forces0 h [-15.98898695  -7.72742591  -2.43039825]
17:40:45-INFO: forces0 x [17.2203801   6.63041198  1.65325549]
17:40:45-INFO: forces0 y [ 3.34404158 -3.97769832  1.23684097]
17:40:45-INFO: forces1 h [ 3.56385381 12.55407803 -2.64482291]
17:40:45-INFO: forces1 x [ 3.680214    0.19815195 -0.64290461]
17:40:45-INFO: forces1 y [ -1.1761087  -14.89002804   3.0854038 ]
pos h  [ 7.72698576  9.33797731 10.62596387]
pos x  [ 6.45700189  8.69500116 10.46497795]
pos y  [ 8.17600687 10.59801269 10.41501435]
 mixed_cpl_forces: h [-2.05510437 -2.32708599  0.07322006]
 mixed_cpl_forces: x [1.49568186 0.75724407 0.18959589]
 mixed_cpl_forces: y [ 0.55942251  1.56984192 -0.26281595]
17:40:45-INFO: mixed forces h [-11.90930516  -3.69110459  -2.42445483]
17:40:45-INFO: mixed forces x [14.46777781  5.36950737  1.12242147]
17:40:45-INFO: mixed forces y [ 2.4852479  -5.83164583  1.5540194 ]
17:40:45-DEBUG: Minimum eigen value: 
17:40:45-DEBUG: -31397.49534164975
17:40:45-DEBUG: Minimum state: 
17:40:45-DEBUG: 0
        30   -31397.4953416497   -31397.4953416497        0.0000000000   -31397.0051536663        0.0000000000      0.29568080
ids [  1   2   3   4   9  10  11  12  13  14  15  16  17  18  19  20  21  23
  24  25  26  27  28  29  30  31  32  33  34  35  36  37  39  41  42  44
  46  47  49  50  51  52  53  54  55  56  57  58  59  60  61  62  63  64
  65  67  68  69  70  71  72  73  74  75  76  78  79  81  83  85  86  88
  89  90  91  93  96  97  98  99 100 101 103 104 105 106 109 111 113 114
 115 116 119 120 121 124 126 128 130 131 132 135 136 544 638 643 644 649
 654 659 664 669 674 815 850 860 893 895 898 900 905 938 945 951 966 993]
ids [  6 102 107 108 112 117 118 123 133 183 228 275 310 313 315 320 353 355
 358 360 363 365 400 403 411 438 501 542 546 547 548 549 550 551 552 553
 554 555 556 557 559 560 562 563 564 565 566 567 568 569 570 571 572 573
 574 575 576 577 579 581 582 584 586 587 589 592 593 594 595 596 597 598
 599 600 601 602 603 604 605 606 607 608 609 610 611 612 613 614 615 616
 617 618 619 620 621 622 624 626 627 629 631 632 634 635 636 637 639 640
 641 642 645 646 647 648 650 651 652 653 655 656 657 658 660 661 662 665
 666 667 671 672 676 813]
ids [ 137  142  143  144  145  146  147  148  149  150  151  152  154  155
  157  158  159  160  161  162  163  164  165  166  167  169  170  171
  172  174  175  176  177  179  180  181  182  184  187  188  189  190
  191  192  193  194  195  196  197  198  199  200  202  203  204  205
  206  207  208  209  210  211  212  214  215  217  218  219  221  222
  224  225  226  227  229  232  233  235  236  237  240  241  242  243
  245  246  247  250  251  252  253  254  255  256  257  260  261  262
  266  267  269  271  306  348  381  393  396  410  443  445  448  450
  455  490  493  495  500  535  538  540  784  789  794  798  804  808
  809  918  933 1073 1078]
ids [   8   22   66   77   80   95  110  125  138  263  273  503  504  518
  519  529  534  543  663  678  680  715  718  720  723  725  758  760
  765  768  770  810  903  947  952  953  954  955  956  957  958  959
  960  961  962  963  964  965  967  968  969  970  971  972  973  974
  975  976  977  978  979  980  981  982  984  985  986  987  989  991
  992  994  995  996  997  998  999 1000 1001 1002 1003 1004 1005 1006
 1007 1008 1009 1010 1011 1012 1013 1014 1015 1016 1017 1018 1019 1020
 1021 1022 1023 1024 1025 1026 1027 1029 1031 1032 1034 1036 1037 1039
 1041 1042 1045 1046 1047 1050 1051 1052 1054 1055 1056 1057 1058 1060
 1061 1062 1063 1065 1066 1067 1068 1069 1070 1071 1072 1076 1077 1081]
ids [   5   48  139  234  238  239  244  248  249  258  259  264  378  533
  677  679  682  683  684  685  686  687  688  689  690  691  692  694
  695  696  697  698  699  700  701  702  703  704  705  706  707  708
  709  710  711  712  713  714  716  717  719  721  722  724  726  727
  728  729  730  731  732  733  734  735  736  737  738  739  740  741
  742  743  744  745  746  747  748  749  750  751  752  754  755  756
  757  759  761  762  763  764  766  767  769  772  773  774  775  776
  777  778  779  780  781  782  785  786  787  788  790  791  792  793
  795  796  797  799  800  802  805  806  807  811  828  846  891  936
  950  983  988  990 1028 1030 1033 1035 1038 1040 1075 1080]
ids [  7  38  40  43  45  82  84  87  92  94 129 134 274 368 379 384 398 399
 404 668 673 681 693 753 771 783 801 812 816 817 818 819 820 821 822 823
 824 825 826 827 829 830 831 832 833 834 835 836 837 838 839 840 841 842
 843 844 845 847 848 849 851 852 853 854 855 856 857 858 859 861 862 863
 864 865 866 867 868 869 870 871 872 873 874 875 876 877 878 879 880 881
 882 883 884 885 886 887 888 889 890 892 894 896 897 899 901 902 904 906
 907 908 910 911 912 915 916 917 920 921 922 923 925 926 927 929 930 931
 932 934 935 937 939 940 941 942 944 946 948]
ids [ 122  140  173  178  185  220  223  230  265  268  270  318  407  408
  409  412  413  414  415  416  417  418  419  420  421  422  423  424
  425  426  427  428  429  430  431  432  433  434  435  436  437  439
  440  441  442  444  446  447  449  451  452  454  456  457  458  459
  460  461  462  463  464  465  466  467  468  469  470  471  472  473
  474  475  476  477  478  479  480  481  482  483  484  485  486  487
  488  489  491  492  494  496  497  499  502  505  506  507  508  509
  510  511  512  513  514  515  516  517  520  521  522  523  524  525
  526  527  528  530  531  532  536  537  539  541  558  561  588  591
  803  949 1043 1044 1048 1049 1053 1059 1064 1074 1079]
ids [127 141 153 156 168 186 201 213 216 231 272 276 277 278 279 280 281 282
 283 284 285 286 287 288 289 290 291 292 293 294 295 296 297 298 299 300
 301 302 303 304 305 307 308 309 311 312 314 316 317 319 321 322 323 324
 325 326 327 328 329 330 331 332 333 334 335 336 337 338 339 340 341 342
 343 344 345 346 347 349 350 351 352 354 356 357 359 361 362 364 366 367
 369 370 371 372 373 374 375 376 377 380 382 383 385 386 387 388 389 390
 391 392 394 395 397 401 402 405 406 453 498 545 578 580 583 585 590 623
 625 628 630 633 670 675 814 909 913 914 919 924 928 943]
17:40:45-INFO: Step 31
17:40:45-DEBUG: Reaction systems: [[None]
 [0]]
17:40:45-DEBUG: rxn_pairs: [array([ 1, 13])]
17:40:45-DEBUG: Starting total colors: 5
17:40:45-DEBUG: Number of systems: 2
17:40:45-DEBUG: New total colors: 5
17:40:45-DEBUG: Potential energy for color 0: -31397.0051536663
ebond 3.129821157084677
ebond 3.129821157084677
ebond 3.129821157084677
ebond 3.129821157084677
ebond 3.129821157084677
17:40:45-DEBUG: Potential energy for color 1: -31396.423198473636
xhy 31 2 1 13
xhy 31 2 1 13
xhy 31 2 1 13
xhy 31 2 1 13
xhy 31 2 1 13
h_pos [ 7.72698576  9.33797731 10.62596387] x_pos [ 6.45700189  8.69500116 10.46497795] y_pos [ 8.17600687 10.59801269 10.41501435]
h_pos [ 7.72698576  9.33797731 10.62596387] x_pos [ 6.45700189  8.69500116 10.46497795] y_pos [ 8.17600687 10.59801269 10.41501435]
h_pos [ 7.72698576  9.33797731 10.62596387] x_pos [ 6.45700189  8.69500116 10.46497795] y_pos [ 8.17600687 10.59801269 10.41501435]
31 rHY 1.3541819792400176 rHX 1.4325480160248059 0.07836603678478826
h_pos [ 7.72698576  9.33797731 10.62596387] x_pos [ 6.45700189  8.69500116 10.46497795] y_pos [ 8.17600687 10.59801269 10.41501435]
31 rHY 1.3541819792400176 rHX 1.4325480160248059 0.07836603678478826
31 rHY 1.3541819792400176 rHX 1.4325480160248059 0.07836603678478826
31 rHY 1.3541819792400176 rHX 1.4325480160248059 0.07836603678478826
31 cpl_forces h [ 2.21446724  2.50753964 -0.07889791]
31 cpl_forces x [-1.61166436 -0.81596449 -0.20429808]
31 cpl_forces h [ 2.21446724  2.50753964 -0.07889791]
31 cpl_forces h [ 2.21446724  2.50753964 -0.07889791]
31 cpl_forces h [ 2.21446724  2.50753964 -0.07889791]
31 cpl_forces x [-1.61166436 -0.81596449 -0.20429808]
31 cpl_forces x [-1.61166436 -0.81596449 -0.20429808]
31 cpl_forces x [-1.61166436 -0.81596449 -0.20429808]
31 cpl_forces y [-0.60280287 -1.69157515  0.28319599]
31 cpl_forces y [-0.60280287 -1.69157515  0.28319599]
31 cpl_forces y [-0.60280287 -1.69157515  0.28319599]
31 cpl_forces y [-0.60280287 -1.69157515  0.28319599]
h_pos [ 7.72698576  9.33797731 10.62596387] x_pos [ 6.45700189  8.69500116 10.46497795] y_pos [ 8.17600687 10.59801269 10.41501435]
31 rHY 1.3541819792400176 rHX 1.4325480160248059 0.07836603678478826
17:40:45-DEBUG: System matrix: 
31 cpl_forces h [ 2.21446724  2.50753964 -0.07889791]
17:40:45-DEBUG: [[-3.13970052e+04  7.24949448e-01]
 [ 7.24949448e-01 -3.13964232e+04]]
17:40:45-DEBUG: Eigen values: 
31 cpl_forces x [-1.61166436 -0.81596449 -0.20429808]
17:40:45-DEBUG: [-31397.49534165 -31395.93301049]
17:40:45-DEBUG: Occupancies: 
31 cpl_forces y [-0.60280287 -1.69157515  0.28319599]
17:40:45-DEBUG: [1. 0.]
17:40:45-INFO: coupling 31 0.7249494475243978
17:40:45-DEBUG: Amplitudes: 
17:40:45-DEBUG: [0.68624579 0.31375421]
17:40:45-INFO: forces0 h [-15.98898695  -7.72742591  -2.43039825]
17:40:45-INFO: forces0 x [17.2203801   6.63041198  1.65325549]
17:40:45-INFO: forces0 y [ 3.34404158 -3.97769832  1.23684097]
17:40:45-INFO: forces1 h [ 3.56385381 12.55407803 -2.64482291]
17:40:45-INFO: forces1 x [ 3.680214    0.19815195 -0.64290461]
17:40:45-INFO: forces1 y [ -1.1761087  -14.89002804   3.0854038 ]
pos h  [ 7.72698576  9.33797731 10.62596387]
pos x  [ 6.45700189  8.69500116 10.46497795]
pos y  [ 8.17600687 10.59801269 10.41501435]
 mixed_cpl_forces: h [-2.05510437 -2.32708599  0.07322006]
 mixed_cpl_forces: x [1.49568186 0.75724407 0.18959589]
 mixed_cpl_forces: y [ 0.55942251  1.56984192 -0.26281595]
17:40:45-INFO: mixed forces h [-11.90930516  -3.69110459  -2.42445483]
17:40:45-INFO: mixed forces x [14.46777781  5.36950737  1.12242147]
17:40:45-INFO: mixed forces y [ 2.4852479  -5.83164583  1.5540194 ]
17:40:45-DEBUG: Minimum eigen value: 
17:40:45-DEBUG: -31397.49534164975
17:40:45-DEBUG: Minimum state: 
17:40:45-DEBUG: 0
        31   -31397.4953416497   -31397.4953416497        0.0000000000   -31397.0051536663        0.0000000000      0.30028825
ids [  1   2   3   4   9  10  11  12  13  14  15  16  17  18  19  20  21  23
  24  25  26  27  28  29  30  31  32  33  34  35  36  37  39  41  42  44
  46  47  49  50  51  52  53  54  55  56  57  58  59  60  61  62  63  64
  65  67  68  69  70  71  72  73  74  75  76  78  79  81  83  85  86  88
  89  90  91  93  96  97  98  99 100 101 103 104 105 106 109 111 113 114
 115 116 119 120 121 124 126 128 130 131 132 135 136 544 638 643 644 649
 654 659 664 669 674 815 850 860 893 895 898 900 905 938 945 951 966 993]
ids [ 122  140  173  178  185  220  223  230  265  268  270  318  407  408
  409  412  413  414  415  416  417  418  419  420  421  422  423  424
  425  426  427  428  429  430  431  432  433  434  435  436  437  439
  440  441  442  444  446  447  449  451  452  454  456  457  458  459
  460  461  462  463  464  465  466  467  468  469  470  471  472  473
  474  475  476  477  478  479  480  481  482  483  484  485  486  487
  488  489  491  492  494  496  497  499  502  505  506  507  508  509
  510  511  512  513  514  515  516  517  520  521  522  523  524  525
  526  527  528  530  531  532  536  537  539  541  558  561  588  591
  803  949 1043 1044 1048 1049 1053 1059 1064 1074 1079]
ids [  6 102 107 108 112 117 118 123 133 183 228 275 310 313 315 320 353 355
 358 360 363 365 400 403 411 438 501 542 546 547 548 549 550 551 552 553
 554 555 556 557 559 560 562 563 564 565 566 567 568 569 570 571 572 573
 574 575 576 577 579 581 582 584 586 587 589 592 593 594 595 596 597 598
 599 600 601 602 603 604 605 606 607 608 609 610 611 612 613 614 615 616
 617 618 619 620 621 622 624 626 627 629 631 632 634 635 636 637 639 640
 641 642 645 646 647 648 650 651 652 653 655 656 657 658 660 661 662 665
 666 667 671 672 676 813]
ids [ 137  142  143  144  145  146  147  148  149  150  151  152  154  155
  157  158  159  160  161  162  163  164  165  166  167  169  170  171
  172  174  175  176  177  179  180  181  182  184  187  188  189  190
  191  192  193  194  195  196  197  198  199  200  202  203  204  205
  206  207  208  209  210  211  212  214  215  217  218  219  221  222
  224  225  226  227  229  232  233  235  236  237  240  241  242  243
  245  246  247  250  251  252  253  254  255  256  257  260  261  262
  266  267  269  271  306  348  381  393  396  410  443  445  448  450
  455  490  493  495  500  535  538  540  784  789  794  798  804  808
  809  918  933 1073 1078]
ids [   8   22   66   77   80   95  110  125  138  263  273  503  504  518
  519  529  534  543  663  678  680  715  718  720  723  725  758  760
  765  768  770  810  903  947  952  953  954  955  956  957  958  959
  960  961  962  963  964  965  967  968  969  970  971  972  973  974
  975  976  977  978  979  980  981  982  984  985  986  987  989  991
  992  994  995  996  997  998  999 1000 1001 1002 1003 1004 1005 1006
 1007 1008 1009 1010 1011 1012 1013 1014 1015 1016 1017 1018 1019 1020
 1021 1022 1023 1024 1025 1026 1027 1029 1031 1032 1034 1036 1037 1039
 1041 1042 1045 1046 1047 1050 1051 1052 1054 1055 1056 1057 1058 1060
 1061 1062 1063 1065 1066 1067 1068 1069 1070 1071 1072 1076 1077 1081]
ids [   5   48  139  234  238  239  244  248  249  258  259  264  378  533
  677  679  682  683  684  685  686  687  688  689  690  691  692  694
  695  696  697  698  699  700  701  702  703  704  705  706  707  708
  709  710  711  712  713  714  716  717  719  721  722  724  726  727
  728  729  730  731  732  733  734  735  736  737  738  739  740  741
  742  743  744  745  746  747  748  749  750  751  752  754  755  756
  757  759  761  762  763  764  766  767  769  772  773  774  775  776
  777  778  779  780  781  782  785  786  787  788  790  791  792  793
  795  796  797  799  800  802  805  806  807  811  828  846  891  936
  950  983  988  990 1028 1030 1033 1035 1038 1040 1075 1080]
ids [  7  38  40  43  45  82  84  87  92  94 129 134 274 368 379 384 398 399
 404 668 673 681 693 753 771 783 801 812 816 817 818 819 820 821 822 823
 824 825 826 827 829 830 831 832 833 834 835 836 837 838 839 840 841 842
 843 844 845 847 848 849 851 852 853 854 855 856 857 858 859 861 862 863
 864 865 866 867 868 869 870 871 872 873 874 875 876 877 878 879 880 881
 882 883 884 885 886 887 888 889 890 892 894 896 897 899 901 902 904 906
 907 908 910 911 912 915 916 917 920 921 922 923 925 926 927 929 930 931
 932 934 935 937 939 940 941 942 944 946 948]
ids [127 141 153 156 168 186 201 213 216 231 272 276 277 278 279 280 281 282
 283 284 285 286 287 288 289 290 291 292 293 294 295 296 297 298 299 300
 301 302 303 304 305 307 308 309 311 312 314 316 317 319 321 322 323 324
 325 326 327 328 329 330 331 332 333 334 335 336 337 338 339 340 341 342
 343 344 345 346 347 349 350 351 352 354 356 357 359 361 362 364 366 367
 369 370 371 372 373 374 375 376 377 380 382 383 385 386 387 388 389 390
 391 392 394 395 397 401 402 405 406 453 498 545 578 580 583 585 590 623
 625 628 630 633 670 675 814 909 913 914 919 924 928 943]
17:40:45-INFO: Step 32
17:40:45-DEBUG: Reaction systems: [[None]
 [0]]
17:40:45-DEBUG: rxn_pairs: [array([ 1, 13])]
17:40:45-DEBUG: Starting total colors: 5
17:40:45-DEBUG: Number of systems: 2
17:40:45-DEBUG: New total colors: 5
17:40:45-DEBUG: Potential energy for color 0: -31397.0051536663
ebond 3.129821157084677
ebond 3.129821157084677
ebond 3.129821157084677
ebond 3.129821157084677
ebond 3.129821157084677
17:40:45-DEBUG: Potential energy for color 1: -31396.423198473636
xhy 32 2 1 13
xhy 32 2 1 13
xhy 32 2 1 13
xhy 32 2 1 13
xhy 32 2 1 13
h_pos [ 7.72698576  9.33797731 10.62596387] x_pos [ 6.45700189  8.69500116 10.46497795] y_pos [ 8.17600687 10.59801269 10.41501435]
h_pos [ 7.72698576  9.33797731 10.62596387] x_pos [ 6.45700189  8.69500116 10.46497795] y_pos [ 8.17600687 10.59801269 10.41501435]
h_pos [ 7.72698576  9.33797731 10.62596387] x_pos [ 6.45700189  8.69500116 10.46497795] y_pos [ 8.17600687 10.59801269 10.41501435]
32 rHY 1.3541819792400176 rHX 1.4325480160248059 0.07836603678478826
h_pos [ 7.72698576  9.33797731 10.62596387] x_pos [ 6.45700189  8.69500116 10.46497795] y_pos [ 8.17600687 10.59801269 10.41501435]
32 rHY 1.3541819792400176 rHX 1.4325480160248059 0.07836603678478826
32 rHY 1.3541819792400176 rHX 1.4325480160248059 0.07836603678478826
32 rHY 1.3541819792400176 rHX 1.4325480160248059 0.07836603678478826
32 cpl_forces h [ 2.21446724  2.50753964 -0.07889791]
32 cpl_forces h [ 2.21446724  2.50753964 -0.07889791]
32 cpl_forces h [ 2.21446724  2.50753964 -0.07889791]
32 cpl_forces h [ 2.21446724  2.50753964 -0.07889791]
32 cpl_forces x [-1.61166436 -0.81596449 -0.20429808]
32 cpl_forces x [-1.61166436 -0.81596449 -0.20429808]
32 cpl_forces x [-1.61166436 -0.81596449 -0.20429808]
32 cpl_forces x [-1.61166436 -0.81596449 -0.20429808]
32 cpl_forces y [-0.60280287 -1.69157515  0.28319599]
32 cpl_forces y [-0.60280287 -1.69157515  0.28319599]
32 cpl_forces y [-0.60280287 -1.69157515  0.28319599]
32 cpl_forces y [-0.60280287 -1.69157515  0.28319599]
h_pos [ 7.72698576  9.33797731 10.62596387] x_pos [ 6.45700189  8.69500116 10.46497795] y_pos [ 8.17600687 10.59801269 10.41501435]
32 rHY 1.3541819792400176 rHX 1.4325480160248059 0.07836603678478826
17:40:45-DEBUG: System matrix: 
32 cpl_forces h [ 2.21446724  2.50753964 -0.07889791]
17:40:45-DEBUG: [[-3.13970052e+04  7.24949448e-01]
 [ 7.24949448e-01 -3.13964232e+04]]
17:40:45-DEBUG: Eigen values: 
32 cpl_forces x [-1.61166436 -0.81596449 -0.20429808]
17:40:45-DEBUG: [-31397.49534165 -31395.93301049]
17:40:45-DEBUG: Occupancies: 
17:40:45-DEBUG: [1. 0.]
32 cpl_forces y [-0.60280287 -1.69157515  0.28319599]
17:40:45-INFO: coupling 32 0.7249494475243978
17:40:45-DEBUG: Amplitudes: 
17:40:45-DEBUG: [0.68624579 0.31375421]
17:40:45-INFO: forces0 h [-15.98898695  -7.72742591  -2.43039825]
17:40:45-INFO: forces0 x [17.2203801   6.63041198  1.65325549]
17:40:45-INFO: forces0 y [ 3.34404158 -3.97769832  1.23684097]
17:40:45-INFO: forces1 h [ 3.56385381 12.55407803 -2.64482291]
17:40:45-INFO: forces1 x [ 3.680214    0.19815195 -0.64290461]
17:40:45-INFO: forces1 y [ -1.1761087  -14.89002804   3.0854038 ]
pos h  [ 7.72698576  9.33797731 10.62596387]
pos x  [ 6.45700189  8.69500116 10.46497795]
pos y  [ 8.17600687 10.59801269 10.41501435]
 mixed_cpl_forces: h [-2.05510437 -2.32708599  0.07322006]
 mixed_cpl_forces: x [1.49568186 0.75724407 0.18959589]
 mixed_cpl_forces: y [ 0.55942251  1.56984192 -0.26281595]
17:40:45-INFO: mixed forces h [-11.90930516  -3.69110459  -2.42445483]
17:40:45-INFO: mixed forces x [14.46777781  5.36950737  1.12242147]
17:40:45-INFO: mixed forces y [ 2.4852479  -5.83164583  1.5540194 ]
17:40:45-DEBUG: Minimum eigen value: 
17:40:45-DEBUG: -31397.49534164975
17:40:45-DEBUG: Minimum state: 
17:40:45-DEBUG: 0
        32   -31397.4953416497   -31397.4953416497        0.0000000000   -31397.0051536663        0.0000000000      0.29625973
ids [   5   48  139  234  238  239  244  248  249  258  259  264  378  533
  677  679  682  683  684  685  686  687  688  689  690  691  692  694
  695  696  697  698  699  700  701  702  703  704  705  706  707  708
  709  710  711  712  713  714  716  717  719  721  722  724  726  727
  728  729  730  731  732  733  734  735  736  737  738  739  740  741
  742  743  744  745  746  747  748  749  750  751  752  754  755  756
  757  759  761  762  763  764  766  767  769  772  773  774  775  776
  777  778  779  780  781  782  785  786  787  788  790  791  792  793
  795  796  797  799  800  802  805  806  807  811  828  846  891  936
  950  983  988  990 1028 1030 1033 1035 1038 1040 1075 1080]
ids [  1   2   3   4   9  10  11  12  13  14  15  16  17  18  19  20  21  23
  24  25  26  27  28  29  30  31  32  33  34  35  36  37  39  41  42  44
  46  47  49  50  51  52  53  54  55  56  57  58  59  60  61  62  63  64
  65  67  68  69  70  71  72  73  74  75  76  78  79  81  83  85  86  88
  89  90  91  93  96  97  98  99 100 101 103 104 105 106 109 111 113 114
 115 116 119 120 121 124 126 128 130 131 132 135 136 544 638 643 644 649
 654 659 664 669 674 815 850 860 893 895 898 900 905 938 945 951 966 993]
ids [  7  38  40  43  45  82  84  87  92  94 129 134 274 368 379 384 398 399
 404 668 673 681 693 753 771 783 801 812 816 817 818 819 820 821 822 823
 824 825 826 827 829 830 831 832 833 834 835 836 837 838 839 840 841 842
 843 844 845 847 848 849 851 852 853 854 855 856 857 858 859 861 862 863
 864 865 866 867 868 869 870 871 872 873 874 875 876 877 878 879 880 881
 882 883 884 885 886 887 888 889 890 892 894 896 897 899 901 902 904 906
 907 908 910 911 912 915 916 917 920 921 922 923 925 926 927 929 930 931
 932 934 935 937 939 940 941 942 944 946 948]
ids [ 122  140  173  178  185  220  223  230  265  268  270  318  407  408
  409  412  413  414  415  416  417  418  419  420  421  422  423  424
  425  426  427  428  429  430  431  432  433  434  435  436  437  439
  440  441  442  444  446  447  449  451  452  454  456  457  458  459
  460  461  462  463  464  465  466  467  468  469  470  471  472  473
  474  475  476  477  478  479  480  481  482  483  484  485  486  487
  488  489  491  492  494  496  497  499  502  505  506  507  508  509
  510  511  512  513  514  515  516  517  520  521  522  523  524  525
  526  527  528  530  531  532  536  537  539  541  558  561  588  591
  803  949 1043 1044 1048 1049 1053 1059 1064 1074 1079]
ids [  6 102 107 108 112 117 118 123 133 183 228 275 310 313 315 320 353 355
 358 360 363 365 400 403 411 438 501 542 546 547 548 549 550 551 552 553
 554 555 556 557 559 560 562 563 564 565 566 567 568 569 570 571 572 573
 574 575 576 577 579 581 582 584 586 587 589 592 593 594 595 596 597 598
 599 600 601 602 603 604 605 606 607 608 609 610 611 612 613 614 615 616
 617 618 619 620 621 622 624 626 627 629 631 632 634 635 636 637 639 640
 641 642 645 646 647 648 650 651 652 653 655 656 657 658 660 661 662 665
 666 667 671 672 676 813]
ids [ 137  142  143  144  145  146  147  148  149  150  151  152  154  155
  157  158  159  160  161  162  163  164  165  166  167  169  170  171
  172  174  175  176  177  179  180  181  182  184  187  188  189  190
  191  192  193  194  195  196  197  198  199  200  202  203  204  205
  206  207  208  209  210  211  212  214  215  217  218  219  221  222
  224  225  226  227  229  232  233  235  236  237  240  241  242  243
  245  246  247  250  251  252  253  254  255  256  257  260  261  262
  266  267  269  271  306  348  381  393  396  410  443  445  448  450
  455  490  493  495  500  535  538  540  784  789  794  798  804  808
  809  918  933 1073 1078]
ids [   8   22   66   77   80   95  110  125  138  263  273  503  504  518
  519  529  534  543  663  678  680  715  718  720  723  725  758  760
  765  768  770  810  903  947  952  953  954  955  956  957  958  959
  960  961  962  963  964  965  967  968  969  970  971  972  973  974
  975  976  977  978  979  980  981  982  984  985  986  987  989  991
  992  994  995  996  997  998  999 1000 1001 1002 1003 1004 1005 1006
 1007 1008 1009 1010 1011 1012 1013 1014 1015 1016 1017 1018 1019 1020
 1021 1022 1023 1024 1025 1026 1027 1029 1031 1032 1034 1036 1037 1039
 1041 1042 1045 1046 1047 1050 1051 1052 1054 1055 1056 1057 1058 1060
 1061 1062 1063 1065 1066 1067 1068 1069 1070 1071 1072 1076 1077 1081]
ids [127 141 153 156 168 186 201 213 216 231 272 276 277 278 279 280 281 282
 283 284 285 286 287 288 289 290 291 292 293 294 295 296 297 298 299 300
 301 302 303 304 305 307 308 309 311 312 314 316 317 319 321 322 323 324
 325 326 327 328 329 330 331 332 333 334 335 336 337 338 339 340 341 342
 343 344 345 346 347 349 350 351 352 354 356 357 359 361 362 364 366 367
 369 370 371 372 373 374 375 376 377 380 382 383 385 386 387 388 389 390
 391 392 394 395 397 401 402 405 406 453 498 545 578 580 583 585 590 623
 625 628 630 633 670 675 814 909 913 914 919 924 928 943]
17:40:45-INFO: Step 33
17:40:45-DEBUG: Reaction systems: [[None]
 [0]]
17:40:45-DEBUG: rxn_pairs: [array([ 1, 13])]
17:40:45-DEBUG: Starting total colors: 5
17:40:45-DEBUG: Number of systems: 2
17:40:45-DEBUG: New total colors: 5
17:40:45-DEBUG: Potential energy for color 0: -31397.0051536663
ebond 3.129821157084677
ebond 3.129821157084677
ebond 3.129821157084677
ebond 3.129821157084677
ebond 3.129821157084677
17:40:45-DEBUG: Potential energy for color 1: -31396.423198473636
xhy 33 2 1 13
xhy 33 2 1 13
xhy 33 2 1 13
xhy 33 2 1 13
xhy 33 2 1 13
h_pos [ 7.72698576  9.33797731 10.62596387] x_pos [ 6.45700189  8.69500116 10.46497795] y_pos [ 8.17600687 10.59801269 10.41501435]
h_pos [ 7.72698576  9.33797731 10.62596387] x_pos [ 6.45700189  8.69500116 10.46497795] y_pos [ 8.17600687 10.59801269 10.41501435]
h_pos [ 7.72698576  9.33797731 10.62596387] x_pos [ 6.45700189  8.69500116 10.46497795] y_pos [ 8.17600687 10.59801269 10.41501435]
h_pos [ 7.72698576  9.33797731 10.62596387] x_pos [ 6.45700189  8.69500116 10.46497795] y_pos [ 8.17600687 10.59801269 10.41501435]
33 rHY 1.3541819792400176 rHX 1.4325480160248059 0.07836603678478826
33 rHY 1.3541819792400176 rHX 1.4325480160248059 0.07836603678478826
33 rHY 1.3541819792400176 rHX 1.4325480160248059 0.07836603678478826
33 rHY 1.3541819792400176 rHX 1.4325480160248059 0.07836603678478826
33 cpl_forces h [ 2.21446724  2.50753964 -0.07889791]
33 cpl_forces h [ 2.21446724  2.50753964 -0.07889791]
33 cpl_forces h [ 2.21446724  2.50753964 -0.07889791]
33 cpl_forces h [ 2.21446724  2.50753964 -0.07889791]
33 cpl_forces x [-1.61166436 -0.81596449 -0.20429808]
33 cpl_forces x [-1.61166436 -0.81596449 -0.20429808]
33 cpl_forces x [-1.61166436 -0.81596449 -0.20429808]
33 cpl_forces x [-1.61166436 -0.81596449 -0.20429808]
33 cpl_forces y [-0.60280287 -1.69157515  0.28319599]
33 cpl_forces y [-0.60280287 -1.69157515  0.28319599]
33 cpl_forces y [-0.60280287 -1.69157515  0.28319599]
33 cpl_forces y [-0.60280287 -1.69157515  0.28319599]
h_pos [ 7.72698576  9.33797731 10.62596387] x_pos [ 6.45700189  8.69500116 10.46497795] y_pos [ 8.17600687 10.59801269 10.41501435]
33 rHY 1.3541819792400176 rHX 1.4325480160248059 0.07836603678478826
17:40:45-DEBUG: System matrix: 
33 cpl_forces h [ 2.21446724  2.50753964 -0.07889791]
17:40:45-DEBUG: [[-3.13970052e+04  7.24949448e-01]
 [ 7.24949448e-01 -3.13964232e+04]]
17:40:45-DEBUG: Eigen values: 
33 cpl_forces x [-1.61166436 -0.81596449 -0.20429808]
17:40:45-DEBUG: [-31397.49534165 -31395.93301049]
17:40:45-DEBUG: Occupancies: 
17:40:45-DEBUG: [1. 0.]
33 cpl_forces y [-0.60280287 -1.69157515  0.28319599]
17:40:45-INFO: coupling 33 0.7249494475243978
17:40:45-DEBUG: Amplitudes: 
17:40:45-DEBUG: [0.68624579 0.31375421]
17:40:45-INFO: forces0 h [-15.98898695  -7.72742591  -2.43039825]
17:40:45-INFO: forces0 x [17.2203801   6.63041198  1.65325549]
17:40:45-INFO: forces0 y [ 3.34404158 -3.97769832  1.23684097]
17:40:45-INFO: forces1 h [ 3.56385381 12.55407803 -2.64482291]
17:40:45-INFO: forces1 x [ 3.680214    0.19815195 -0.64290461]
17:40:45-INFO: forces1 y [ -1.1761087  -14.89002804   3.0854038 ]
pos h  [ 7.72698576  9.33797731 10.62596387]
pos x  [ 6.45700189  8.69500116 10.46497795]
pos y  [ 8.17600687 10.59801269 10.41501435]
 mixed_cpl_forces: h [-2.05510437 -2.32708599  0.07322006]
 mixed_cpl_forces: x [1.49568186 0.75724407 0.18959589]
 mixed_cpl_forces: y [ 0.55942251  1.56984192 -0.26281595]
17:40:45-INFO: mixed forces h [-11.90930516  -3.69110459  -2.42445483]
17:40:45-INFO: mixed forces x [14.46777781  5.36950737  1.12242147]
17:40:45-INFO: mixed forces y [ 2.4852479  -5.83164583  1.5540194 ]
17:40:45-DEBUG: Minimum eigen value: 
17:40:45-DEBUG: -31397.49534164975
17:40:45-DEBUG: Minimum state: 
17:40:45-DEBUG: 0
        33   -31397.4953416497   -31397.4953416497        0.0000000000   -31397.0051536663        0.0000000000      0.29758684
ids [   8   22   66   77   80   95  110  125  138  263  273  503  504  518
  519  529  534  543  663  678  680  715  718  720  723  725  758  760
  765  768  770  810  903  947  952  953  954  955  956  957  958  959
  960  961  962  963  964  965  967  968  969  970  971  972  973  974
  975  976  977  978  979  980  981  982  984  985  986  987  989  991
  992  994  995  996  997  998  999 1000 1001 1002 1003 1004 1005 1006
 1007 1008 1009 1010 1011 1012 1013 1014 1015 1016 1017 1018 1019 1020
 1021 1022 1023 1024 1025 1026 1027 1029 1031 1032 1034 1036 1037 1039
 1041 1042 1045 1046 1047 1050 1051 1052 1054 1055 1056 1057 1058 1060
 1061 1062 1063 1065 1066 1067 1068 1069 1070 1071 1072 1076 1077 1081]
ids [  7  38  40  43  45  82  84  87  92  94 129 134 274 368 379 384 398 399
 404 668 673 681 693 753 771 783 801 812 816 817 818 819 820 821 822 823
 824 825 826 827 829 830 831 832 833 834 835 836 837 838 839 840 841 842
 843 844 845 847 848 849 851 852 853 854 855 856 857 858 859 861 862 863
 864 865 866 867 868 869 870 871 872 873 874 875 876 877 878 879 880 881
 882 883 884 885 886 887 888 889 890 892 894 896 897 899 901 902 904 906
 907 908 910 911 912 915 916 917 920 921 922 923 925 926 927 929 930 931
 932 934 935 937 939 940 941 942 944 946 948]
ids [ 122  140  173  178  185  220  223  230  265  268  270  318  407  408
  409  412  413  414  415  416  417  418  419  420  421  422  423  424
  425  426  427  428  429  430  431  432  433  434  435  436  437  439
  440  441  442  444  446  447  449  451  452  454  456  457  458  459
  460  461  462  463  464  465  466  467  468  469  470  471  472  473
  474  475  476  477  478  479  480  481  482  483  484  485  486  487
  488  489  491  492  494  496  497  499  502  505  506  507  508  509
  510  511  512  513  514  515  516  517  520  521  522  523  524  525
  526  527  528  530  531  532  536  537  539  541  558  561  588  591
  803  949 1043 1044 1048 1049 1053 1059 1064 1074 1079]
ids [  6 102 107 108 112 117 118 123 133 183 228 275 310 313 315 320 353 355
 358 360 363 365 400 403 411 438 501 542 546 547 548 549 550 551 552 553
 554 555 556 557 559 560 562 563 564 565 566 567 568 569 570 571 572 573
 574 575 576 577 579 581 582 584 586 587 589 592 593 594 595 596 597 598
 599 600 601 602 603 604 605 606 607 608 609 610 611 612 613 614 615 616
 617 618 619 620 621 622 624 626 627 629 631 632 634 635 636 637 639 640
 641 642 645 646 647 648 650 651 652 653 655 656 657 658 660 661 662 665
 666 667 671 672 676 813]
ids [ 137  142  143  144  145  146  147  148  149  150  151  152  154  155
  157  158  159  160  161  162  163  164  165  166  167  169  170  171
  172  174  175  176  177  179  180  181  182  184  187  188  189  190
  191  192  193  194  195  196  197  198  199  200  202  203  204  205
  206  207  208  209  210  211  212  214  215  217  218  219  221  222
  224  225  226  227  229  232  233  235  236  237  240  241  242  243
  245  246  247  250  251  252  253  254  255  256  257  260  261  262
  266  267  269  271  306  348  381  393  396  410  443  445  448  450
  455  490  493  495  500  535  538  540  784  789  794  798  804  808
  809  918  933 1073 1078]
ids [   5   48  139  234  238  239  244  248  249  258  259  264  378  533
  677  679  682  683  684  685  686  687  688  689  690  691  692  694
  695  696  697  698  699  700  701  702  703  704  705  706  707  708
  709  710  711  712  713  714  716  717  719  721  722  724  726  727
  728  729  730  731  732  733  734  735  736  737  738  739  740  741
  742  743  744  745  746  747  748  749  750  751  752  754  755  756
  757  759  761  762  763  764  766  767  769  772  773  774  775  776
  777  778  779  780  781  782  785  786  787  788  790  791  792  793
  795  796  797  799  800  802  805  806  807  811  828  846  891  936
  950  983  988  990 1028 1030 1033 1035 1038 1040 1075 1080]
ids [  1   2   3   4   9  10  11  12  13  14  15  16  17  18  19  20  21  23
  24  25  26  27  28  29  30  31  32  33  34  35  36  37  39  41  42  44
  46  47  49  50  51  52  53  54  55  56  57  58  59  60  61  62  63  64
  65  67  68  69  70  71  72  73  74  75  76  78  79  81  83  85  86  88
  89  90  91  93  96  97  98  99 100 101 103 104 105 106 109 111 113 114
 115 116 119 120 121 124 126 128 130 131 132 135 136 544 638 643 644 649
 654 659 664 669 674 815 850 860 893 895 898 900 905 938 945 951 966 993]
ids [127 141 153 156 168 186 201 213 216 231 272 276 277 278 279 280 281 282
 283 284 285 286 287 288 289 290 291 292 293 294 295 296 297 298 299 300
 301 302 303 304 305 307 308 309 311 312 314 316 317 319 321 322 323 324
 325 326 327 328 329 330 331 332 333 334 335 336 337 338 339 340 341 342
 343 344 345 346 347 349 350 351 352 354 356 357 359 361 362 364 366 367
 369 370 371 372 373 374 375 376 377 380 382 383 385 386 387 388 389 390
 391 392 394 395 397 401 402 405 406 453 498 545 578 580 583 585 590 623
 625 628 630 633 670 675 814 909 913 914 919 924 928 943]
17:40:45-INFO: Step 34
17:40:45-DEBUG: Reaction systems: [[None]
 [0]]
17:40:45-DEBUG: rxn_pairs: [array([ 1, 13])]
17:40:45-DEBUG: Starting total colors: 5
17:40:45-DEBUG: Number of systems: 2
17:40:45-DEBUG: New total colors: 5
17:40:45-DEBUG: Potential energy for color 0: -31397.0051536663
ebond 3.129821157084677
ebond 3.129821157084677
ebond 3.129821157084677
ebond 3.129821157084677
ebond 3.129821157084677
17:40:45-DEBUG: Potential energy for color 1: -31396.423198473636
xhy 34 2 1 13
xhy 34 2 1 13
xhy 34 2 1 13
xhy 34 2 1 13
xhy 34 2 1 13
h_pos [ 7.72698576  9.33797731 10.62596387] x_pos [ 6.45700189  8.69500116 10.46497795] y_pos [ 8.17600687 10.59801269 10.41501435]
h_pos [ 7.72698576  9.33797731 10.62596387] x_pos [ 6.45700189  8.69500116 10.46497795] y_pos [ 8.17600687 10.59801269 10.41501435]
h_pos [ 7.72698576  9.33797731 10.62596387] x_pos [ 6.45700189  8.69500116 10.46497795] y_pos [ 8.17600687 10.59801269 10.41501435]
34 rHY 1.3541819792400176 rHX 1.4325480160248059 0.07836603678478826
h_pos [ 7.72698576  9.33797731 10.62596387] x_pos [ 6.45700189  8.69500116 10.46497795] y_pos [ 8.17600687 10.59801269 10.41501435]
34 rHY 1.3541819792400176 rHX 1.4325480160248059 0.07836603678478826
34 rHY 1.3541819792400176 rHX 1.4325480160248059 0.07836603678478826
34 rHY 1.3541819792400176 rHX 1.4325480160248059 0.07836603678478826
34 cpl_forces h [ 2.21446724  2.50753964 -0.07889791]
34 cpl_forces x [-1.61166436 -0.81596449 -0.20429808]
34 cpl_forces h [ 2.21446724  2.50753964 -0.07889791]
34 cpl_forces h [ 2.21446724  2.50753964 -0.07889791]
34 cpl_forces h [ 2.21446724  2.50753964 -0.07889791]
34 cpl_forces x [-1.61166436 -0.81596449 -0.20429808]
34 cpl_forces y [-0.60280287 -1.69157515  0.28319599]
34 cpl_forces x [-1.61166436 -0.81596449 -0.20429808]
34 cpl_forces x [-1.61166436 -0.81596449 -0.20429808]
34 cpl_forces y [-0.60280287 -1.69157515  0.28319599]
34 cpl_forces y [-0.60280287 -1.69157515  0.28319599]
h_pos [ 7.72698576  9.33797731 10.62596387] x_pos [ 6.45700189  8.69500116 10.46497795] y_pos [ 8.17600687 10.59801269 10.41501435]
34 cpl_forces y [-0.60280287 -1.69157515  0.28319599]
34 rHY 1.3541819792400176 rHX 1.4325480160248059 0.07836603678478826
17:40:45-DEBUG: System matrix: 
34 cpl_forces h [ 2.21446724  2.50753964 -0.07889791]
17:40:45-DEBUG: [[-3.13970052e+04  7.24949448e-01]
 [ 7.24949448e-01 -3.13964232e+04]]
17:40:45-DEBUG: Eigen values: 
34 cpl_forces x [-1.61166436 -0.81596449 -0.20429808]
17:40:45-DEBUG: [-31397.49534165 -31395.93301049]
17:40:45-DEBUG: Occupancies: 
34 cpl_forces y [-0.60280287 -1.69157515  0.28319599]
17:40:45-DEBUG: [1. 0.]
17:40:45-INFO: coupling 34 0.7249494475243978
17:40:45-DEBUG: Amplitudes: 
17:40:45-DEBUG: [0.68624579 0.31375421]
17:40:45-INFO: forces0 h [-15.98898695  -7.72742591  -2.43039825]
17:40:45-INFO: forces0 x [17.2203801   6.63041198  1.65325549]
17:40:45-INFO: forces0 y [ 3.34404158 -3.97769832  1.23684097]
17:40:45-INFO: forces1 h [ 3.56385381 12.55407803 -2.64482291]
17:40:45-INFO: forces1 x [ 3.680214    0.19815195 -0.64290461]
17:40:45-INFO: forces1 y [ -1.1761087  -14.89002804   3.0854038 ]
pos h  [ 7.72698576  9.33797731 10.62596387]
pos x  [ 6.45700189  8.69500116 10.46497795]
pos y  [ 8.17600687 10.59801269 10.41501435]
 mixed_cpl_forces: h [-2.05510437 -2.32708599  0.07322006]
 mixed_cpl_forces: x [1.49568186 0.75724407 0.18959589]
 mixed_cpl_forces: y [ 0.55942251  1.56984192 -0.26281595]
17:40:45-INFO: mixed forces h [-11.90930516  -3.69110459  -2.42445483]
17:40:45-INFO: mixed forces x [14.46777781  5.36950737  1.12242147]
17:40:45-INFO: mixed forces y [ 2.4852479  -5.83164583  1.5540194 ]
17:40:45-DEBUG: Minimum eigen value: 
17:40:45-DEBUG: -31397.49534164975
17:40:45-DEBUG: Minimum state: 
17:40:45-DEBUG: 0
        34   -31397.4953416497   -31397.4953416497        0.0000000000   -31397.0051536663        0.0000000000      0.29619919
ids [  1   2   3   4   9  10  11  12  13  14  15  16  17  18  19  20  21  23
  24  25  26  27  28  29  30  31  32  33  34  35  36  37  39  41  42  44
  46  47  49  50  51  52  53  54  55  56  57  58  59  60  61  62  63  64
  65  67  68  69  70  71  72  73  74  75  76  78  79  81  83  85  86  88
  89  90  91  93  96  97  98  99 100 101 103 104 105 106 109 111 113 114
 115 116 119 120 121 124 126 128 130 131 132 135 136 544 638 643 644 649
 654 659 664 669 674 815 850 860 893 895 898 900 905 938 945 951 966 993]
ids [   5   48  139  234  238  239  244  248  249  258  259  264  378  533
  677  679  682  683  684  685  686  687  688  689  690  691  692  694
  695  696  697  698  699  700  701  702  703  704  705  706  707  708
  709  710  711  712  713  714  716  717  719  721  722  724  726  727
  728  729  730  731  732  733  734  735  736  737  738  739  740  741
  742  743  744  745  746  747  748  749  750  751  752  754  755  756
  757  759  761  762  763  764  766  767  769  772  773  774  775  776
  777  778  779  780  781  782  785  786  787  788  790  791  792  793
  795  796  797  799  800  802  805  806  807  811  828  846  891  936
  950  983  988  990 1028 1030 1033 1035 1038 1040 1075 1080]
ids [   8   22   66   77   80   95  110  125  138  263  273  503  504  518
  519  529  534  543  663  678  680  715  718  720  723  725  758  760
  765  768  770  810  903  947  952  953  954  955  956  957  958  959
  960  961  962  963  964  965  967  968  969  970  971  972  973  974
  975  976  977  978  979  980  981  982  984  985  986  987  989  991
  992  994  995  996  997  998  999 1000 1001 1002 1003 1004 1005 1006
 1007 1008 1009 1010 1011 1012 1013 1014 1015 1016 1017 1018 1019 1020
 1021 1022 1023 1024 1025 1026 1027 1029 1031 1032 1034 1036 1037 1039
 1041 1042 1045 1046 1047 1050 1051 1052 1054 1055 1056 1057 1058 1060
 1061 1062 1063 1065 1066 1067 1068 1069 1070 1071 1072 1076 1077 1081]
ids [  7  38  40  43  45  82  84  87  92  94 129 134 274 368 379 384 398 399
 404 668 673 681 693 753 771 783 801 812 816 817 818 819 820 821 822 823
 824 825 826 827 829 830 831 832 833 834 835 836 837 838 839 840 841 842
 843 844 845 847 848 849 851 852 853 854 855 856 857 858 859 861 862 863
 864 865 866 867 868 869 870 871 872 873 874 875 876 877 878 879 880 881
 882 883 884 885 886 887 888 889 890 892 894 896 897 899 901 902 904 906
 907 908 910 911 912 915 916 917 920 921 922 923 925 926 927 929 930 931
 932 934 935 937 939 940 941 942 944 946 948]
ids [ 122  140  173  178  185  220  223  230  265  268  270  318  407  408
  409  412  413  414  415  416  417  418  419  420  421  422  423  424
  425  426  427  428  429  430  431  432  433  434  435  436  437  439
  440  441  442  444  446  447  449  451  452  454  456  457  458  459
  460  461  462  463  464  465  466  467  468  469  470  471  472  473
  474  475  476  477  478  479  480  481  482  483  484  485  486  487
  488  489  491  492  494  496  497  499  502  505  506  507  508  509
  510  511  512  513  514  515  516  517  520  521  522  523  524  525
  526  527  528  530  531  532  536  537  539  541  558  561  588  591
  803  949 1043 1044 1048 1049 1053 1059 1064 1074 1079]
ids [  6 102 107 108 112 117 118 123 133 183 228 275 310 313 315 320 353 355
 358 360 363 365 400 403 411 438 501 542 546 547 548 549 550 551 552 553
 554 555 556 557 559 560 562 563 564 565 566 567 568 569 570 571 572 573
 574 575 576 577 579 581 582 584 586 587 589 592 593 594 595 596 597 598
 599 600 601 602 603 604 605 606 607 608 609 610 611 612 613 614 615 616
 617 618 619 620 621 622 624 626 627 629 631 632 634 635 636 637 639 640
 641 642 645 646 647 648 650 651 652 653 655 656 657 658 660 661 662 665
 666 667 671 672 676 813]
ids [127 141 153 156 168 186 201 213 216 231 272 276 277 278 279 280 281 282
 283 284 285 286 287 288 289 290 291 292 293 294 295 296 297 298 299 300
 301 302 303 304 305 307 308 309 311 312 314 316 317 319 321 322 323 324
 325 326 327 328 329 330 331 332 333 334 335 336 337 338 339 340 341 342
 343 344 345 346 347 349 350 351 352 354 356 357 359 361 362 364 366 367
 369 370 371 372 373 374 375 376 377 380 382 383 385 386 387 388 389 390
 391 392 394 395 397 401 402 405 406 453 498 545 578 580 583 585 590 623
 625 628 630 633 670 675 814 909 913 914 919 924 928 943]
ids [ 137  142  143  144  145  146  147  148  149  150  151  152  154  155
  157  158  159  160  161  162  163  164  165  166  167  169  170  171
  172  174  175  176  177  179  180  181  182  184  187  188  189  190
  191  192  193  194  195  196  197  198  199  200  202  203  204  205
  206  207  208  209  210  211  212  214  215  217  218  219  221  222
  224  225  226  227  229  232  233  235  236  237  240  241  242  243
  245  246  247  250  251  252  253  254  255  256  257  260  261  262
  266  267  269  271  306  348  381  393  396  410  443  445  448  450
  455  490  493  495  500  535  538  540  784  789  794  798  804  808
  809  918  933 1073 1078]
17:40:45-INFO: Step 35
17:40:45-DEBUG: Reaction systems: [[None]
 [0]]
17:40:45-DEBUG: rxn_pairs: [array([ 1, 13])]
17:40:45-DEBUG: Starting total colors: 5
17:40:45-DEBUG: Number of systems: 2
17:40:45-DEBUG: New total colors: 5
17:40:45-DEBUG: Potential energy for color 0: -31397.0051536663
ebond 3.129821157084677
ebond 3.129821157084677
ebond 3.129821157084677
ebond 3.129821157084677
ebond 3.129821157084677
17:40:45-DEBUG: Potential energy for color 1: -31396.423198473636
xhy 35 2 1 13
xhy 35 2 1 13
xhy 35 2 1 13
xhy 35 2 1 13
xhy 35 2 1 13
h_pos [ 7.72698576  9.33797731 10.62596387] x_pos [ 6.45700189  8.69500116 10.46497795] y_pos [ 8.17600687 10.59801269 10.41501435]
35 rHY 1.3541819792400176 rHX 1.4325480160248059 0.07836603678478826
h_pos [ 7.72698576  9.33797731 10.62596387] x_pos [ 6.45700189  8.69500116 10.46497795] y_pos [ 8.17600687 10.59801269 10.41501435]
h_pos [ 7.72698576  9.33797731 10.62596387] x_pos [ 6.45700189  8.69500116 10.46497795] y_pos [ 8.17600687 10.59801269 10.41501435]
h_pos [ 7.72698576  9.33797731 10.62596387] x_pos [ 6.45700189  8.69500116 10.46497795] y_pos [ 8.17600687 10.59801269 10.41501435]
35 rHY 1.3541819792400176 rHX 1.4325480160248059 0.07836603678478826
35 rHY 1.3541819792400176 rHX 1.4325480160248059 0.07836603678478826
35 rHY 1.3541819792400176 rHX 1.4325480160248059 0.07836603678478826
35 cpl_forces h [ 2.21446724  2.50753964 -0.07889791]
35 cpl_forces h [ 2.21446724  2.50753964 -0.07889791]
35 cpl_forces h [ 2.21446724  2.50753964 -0.07889791]
35 cpl_forces h [ 2.21446724  2.50753964 -0.07889791]
35 cpl_forces x [-1.61166436 -0.81596449 -0.20429808]
35 cpl_forces x [-1.61166436 -0.81596449 -0.20429808]
35 cpl_forces x [-1.61166436 -0.81596449 -0.20429808]
35 cpl_forces x [-1.61166436 -0.81596449 -0.20429808]
35 cpl_forces y [-0.60280287 -1.69157515  0.28319599]
35 cpl_forces y [-0.60280287 -1.69157515  0.28319599]
35 cpl_forces y [-0.60280287 -1.69157515  0.28319599]
35 cpl_forces y [-0.60280287 -1.69157515  0.28319599]
h_pos [ 7.72698576  9.33797731 10.62596387] x_pos [ 6.45700189  8.69500116 10.46497795] y_pos [ 8.17600687 10.59801269 10.41501435]
35 rHY 1.3541819792400176 rHX 1.4325480160248059 0.07836603678478826
17:40:45-DEBUG: System matrix: 
35 cpl_forces h [ 2.21446724  2.50753964 -0.07889791]
17:40:45-DEBUG: [[-3.13970052e+04  7.24949448e-01]
 [ 7.24949448e-01 -3.13964232e+04]]
17:40:45-DEBUG: Eigen values: 
35 cpl_forces x [-1.61166436 -0.81596449 -0.20429808]
17:40:45-DEBUG: [-31397.49534165 -31395.93301049]
17:40:45-DEBUG: Occupancies: 
35 cpl_forces y [-0.60280287 -1.69157515  0.28319599]
17:40:45-DEBUG: [1. 0.]
17:40:45-INFO: coupling 35 0.7249494475243978
17:40:45-DEBUG: Amplitudes: 
17:40:45-DEBUG: [0.68624579 0.31375421]
17:40:45-INFO: forces0 h [-15.98898695  -7.72742591  -2.43039825]
17:40:45-INFO: forces0 x [17.2203801   6.63041198  1.65325549]
17:40:45-INFO: forces0 y [ 3.34404158 -3.97769832  1.23684097]
17:40:45-INFO: forces1 h [ 3.56385381 12.55407803 -2.64482291]
17:40:45-INFO: forces1 x [ 3.680214    0.19815195 -0.64290461]
17:40:45-INFO: forces1 y [ -1.1761087  -14.89002804   3.0854038 ]
pos h  [ 7.72698576  9.33797731 10.62596387]
pos x  [ 6.45700189  8.69500116 10.46497795]
pos y  [ 8.17600687 10.59801269 10.41501435]
 mixed_cpl_forces: h [-2.05510437 -2.32708599  0.07322006]
 mixed_cpl_forces: x [1.49568186 0.75724407 0.18959589]
 mixed_cpl_forces: y [ 0.55942251  1.56984192 -0.26281595]
17:40:45-INFO: mixed forces h [-11.90930516  -3.69110459  -2.42445483]
17:40:45-INFO: mixed forces x [14.46777781  5.36950737  1.12242147]
17:40:45-INFO: mixed forces y [ 2.4852479  -5.83164583  1.5540194 ]
17:40:45-DEBUG: Minimum eigen value: 
17:40:45-DEBUG: -31397.49534164975
17:40:45-DEBUG: Minimum state: 
17:40:45-DEBUG: 0
        35   -31397.4953416497   -31397.4953416497        0.0000000000   -31397.0051536663        0.0000000000      0.28975846
ids [  1   2   3   4   9  10  11  12  13  14  15  16  17  18  19  20  21  23
  24  25  26  27  28  29  30  31  32  33  34  35  36  37  39  41  42  44
  46  47  49  50  51  52  53  54  55  56  57  58  59  60  61  62  63  64
  65  67  68  69  70  71  72  73  74  75  76  78  79  81  83  85  86  88
  89  90  91  93  96  97  98  99 100 101 103 104 105 106 109 111 113 114
 115 116 119 120 121 124 126 128 130 131 132 135 136 544 638 643 644 649
 654 659 664 669 674 815 850 860 893 895 898 900 905 938 945 951 966 993]
ids [  6 102 107 108 112 117 118 123 133 183 228 275 310 313 315 320 353 355
 358 360 363 365 400 403 411 438 501 542 546 547 548 549 550 551 552 553
 554 555 556 557 559 560 562 563 564 565 566 567 568 569 570 571 572 573
 574 575 576 577 579 581 582 584 586 587 589 592 593 594 595 596 597 598
 599 600 601 602 603 604 605 606 607 608 609 610 611 612 613 614 615 616
 617 618 619 620 621 622 624 626 627 629 631 632 634 635 636 637 639 640
 641 642 645 646 647 648 650 651 652 653 655 656 657 658 660 661 662 665
 666 667 671 672 676 813]
ids [   8   22   66   77   80   95  110  125  138  263  273  503  504  518
  519  529  534  543  663  678  680  715  718  720  723  725  758  760
  765  768  770  810  903  947  952  953  954  955  956  957  958  959
  960  961  962  963  964  965  967  968  969  970  971  972  973  974
  975  976  977  978  979  980  981  982  984  985  986  987  989  991
  992  994  995  996  997  998  999 1000 1001 1002 1003 1004 1005 1006
 1007 1008 1009 1010 1011 1012 1013 1014 1015 1016 1017 1018 1019 1020
 1021 1022 1023 1024 1025 1026 1027 1029 1031 1032 1034 1036 1037 1039
 1041 1042 1045 1046 1047 1050 1051 1052 1054 1055 1056 1057 1058 1060
 1061 1062 1063 1065 1066 1067 1068 1069 1070 1071 1072 1076 1077 1081]
ids [  7  38  40  43  45  82  84  87  92  94 129 134 274 368 379 384 398 399
 404 668 673 681 693 753 771 783 801 812 816 817 818 819 820 821 822 823
 824 825 826 827 829 830 831 832 833 834 835 836 837 838 839 840 841 842
 843 844 845 847 848 849 851 852 853 854 855 856 857 858 859 861 862 863
 864 865 866 867 868 869 870 871 872 873 874 875 876 877 878 879 880 881
 882 883 884 885 886 887 888 889 890 892 894 896 897 899 901 902 904 906
 907 908 910 911 912 915 916 917 920 921 922 923 925 926 927 929 930 931
 932 934 935 937 939 940 941 942 944 946 948]
ids [ 122  140  173  178  185  220  223  230  265  268  270  318  407  408
  409  412  413  414  415  416  417  418  419  420  421  422  423  424
  425  426  427  428  429  430  431  432  433  434  435  436  437  439
  440  441  442  444  446  447  449  451  452  454  456  457  458  459
  460  461  462  463  464  465  466  467  468  469  470  471  472  473
  474  475  476  477  478  479  480  481  482  483  484  485  486  487
  488  489  491  492  494  496  497  499  502  505  506  507  508  509
  510  511  512  513  514  515  516  517  520  521  522  523  524  525
  526  527  528  530  531  532  536  537  539  541  558  561  588  591
  803  949 1043 1044 1048 1049 1053 1059 1064 1074 1079]
ids [127 141 153 156 168 186 201 213 216 231 272 276 277 278 279 280 281 282
 283 284 285 286 287 288 289 290 291 292 293 294 295 296 297 298 299 300
 301 302 303 304 305 307 308 309 311 312 314 316 317 319 321 322 323 324
 325 326 327 328 329 330 331 332 333 334 335 336 337 338 339 340 341 342
 343 344 345 346 347 349 350 351 352 354 356 357 359 361 362 364 366 367
 369 370 371 372 373 374 375 376 377 380 382 383 385 386 387 388 389 390
 391 392 394 395 397 401 402 405 406 453 498 545 578 580 583 585 590 623
 625 628 630 633 670 675 814 909 913 914 919 924 928 943]
ids [ 137  142  143  144  145  146  147  148  149  150  151  152  154  155
  157  158  159  160  161  162  163  164  165  166  167  169  170  171
  172  174  175  176  177  179  180  181  182  184  187  188  189  190
  191  192  193  194  195  196  197  198  199  200  202  203  204  205
  206  207  208  209  210  211  212  214  215  217  218  219  221  222
  224  225  226  227  229  232  233  235  236  237  240  241  242  243
  245  246  247  250  251  252  253  254  255  256  257  260  261  262
  266  267  269  271  306  348  381  393  396  410  443  445  448  450
  455  490  493  495  500  535  538  540  784  789  794  798  804  808
  809  918  933 1073 1078]
ids [   5   48  139  234  238  239  244  248  249  258  259  264  378  533
  677  679  682  683  684  685  686  687  688  689  690  691  692  694
  695  696  697  698  699  700  701  702  703  704  705  706  707  708
  709  710  711  712  713  714  716  717  719  721  722  724  726  727
  728  729  730  731  732  733  734  735  736  737  738  739  740  741
  742  743  744  745  746  747  748  749  750  751  752  754  755  756
  757  759  761  762  763  764  766  767  769  772  773  774  775  776
  777  778  779  780  781  782  785  786  787  788  790  791  792  793
  795  796  797  799  800  802  805  806  807  811  828  846  891  936
  950  983  988  990 1028 1030 1033 1035 1038 1040 1075 1080]
17:40:45-INFO: Step 36
17:40:45-DEBUG: Reaction systems: [[None]
 [0]]
17:40:45-DEBUG: rxn_pairs: [array([ 1, 13])]
17:40:45-DEBUG: Starting total colors: 5
17:40:45-DEBUG: Number of systems: 2
17:40:45-DEBUG: New total colors: 5
17:40:45-DEBUG: Potential energy for color 0: -31397.0051536663
ebond 3.129821157084677
ebond 3.129821157084677
ebond 3.129821157084677
ebond 3.129821157084677
ebond 3.129821157084677
17:40:46-DEBUG: Potential energy for color 1: -31396.423198473636
xhy 36 2 1 13
xhy 36 2 1 13
xhy 36 2 1 13
xhy 36 2 1 13
xhy 36 2 1 13
h_pos [ 7.72698576  9.33797731 10.62596387] x_pos [ 6.45700189  8.69500116 10.46497795] y_pos [ 8.17600687 10.59801269 10.41501435]
36 rHY 1.3541819792400176 rHX 1.4325480160248059 0.07836603678478826
h_pos [ 7.72698576  9.33797731 10.62596387] x_pos [ 6.45700189  8.69500116 10.46497795] y_pos [ 8.17600687 10.59801269 10.41501435]
h_pos [ 7.72698576  9.33797731 10.62596387] x_pos [ 6.45700189  8.69500116 10.46497795] y_pos [ 8.17600687 10.59801269 10.41501435]
h_pos [ 7.72698576  9.33797731 10.62596387] x_pos [ 6.45700189  8.69500116 10.46497795] y_pos [ 8.17600687 10.59801269 10.41501435]
36 rHY 1.3541819792400176 rHX 1.4325480160248059 0.07836603678478826
36 rHY 1.3541819792400176 rHX 1.4325480160248059 0.07836603678478826
36 rHY 1.3541819792400176 rHX 1.4325480160248059 0.07836603678478826
36 cpl_forces h [ 2.21446724  2.50753964 -0.07889791]
36 cpl_forces x [-1.61166436 -0.81596449 -0.20429808]
36 cpl_forces h [ 2.21446724  2.50753964 -0.07889791]
36 cpl_forces h [ 2.21446724  2.50753964 -0.07889791]
36 cpl_forces h [ 2.21446724  2.50753964 -0.07889791]
36 cpl_forces y [-0.60280287 -1.69157515  0.28319599]
36 cpl_forces x [-1.61166436 -0.81596449 -0.20429808]
36 cpl_forces x [-1.61166436 -0.81596449 -0.20429808]
36 cpl_forces x [-1.61166436 -0.81596449 -0.20429808]
36 cpl_forces y [-0.60280287 -1.69157515  0.28319599]
36 cpl_forces y [-0.60280287 -1.69157515  0.28319599]
36 cpl_forces y [-0.60280287 -1.69157515  0.28319599]
h_pos [ 7.72698576  9.33797731 10.62596387] x_pos [ 6.45700189  8.69500116 10.46497795] y_pos [ 8.17600687 10.59801269 10.41501435]
36 rHY 1.3541819792400176 rHX 1.4325480160248059 0.07836603678478826
17:40:46-DEBUG: System matrix: 
17:40:46-DEBUG: [[-3.13970052e+04  7.24949448e-01]
 [ 7.24949448e-01 -3.13964232e+04]]
36 cpl_forces h [ 2.21446724  2.50753964 -0.07889791]
17:40:46-DEBUG: Eigen values: 
36 cpl_forces x [-1.61166436 -0.81596449 -0.20429808]
17:40:46-DEBUG: [-31397.49534165 -31395.93301049]
17:40:46-DEBUG: Occupancies: 
17:40:46-DEBUG: [1. 0.]
36 cpl_forces y [-0.60280287 -1.69157515  0.28319599]
17:40:46-INFO: coupling 36 0.7249494475243978
17:40:46-DEBUG: Amplitudes: 
17:40:46-DEBUG: [0.68624579 0.31375421]
17:40:46-INFO: forces0 h [-15.98898695  -7.72742591  -2.43039825]
17:40:46-INFO: forces0 x [17.2203801   6.63041198  1.65325549]
17:40:46-INFO: forces0 y [ 3.34404158 -3.97769832  1.23684097]
17:40:46-INFO: forces1 h [ 3.56385381 12.55407803 -2.64482291]
17:40:46-INFO: forces1 x [ 3.680214    0.19815195 -0.64290461]
17:40:46-INFO: forces1 y [ -1.1761087  -14.89002804   3.0854038 ]
pos h  [ 7.72698576  9.33797731 10.62596387]
pos x  [ 6.45700189  8.69500116 10.46497795]
pos y  [ 8.17600687 10.59801269 10.41501435]
 mixed_cpl_forces: h [-2.05510437 -2.32708599  0.07322006]
 mixed_cpl_forces: x [1.49568186 0.75724407 0.18959589]
 mixed_cpl_forces: y [ 0.55942251  1.56984192 -0.26281595]
17:40:46-INFO: mixed forces h [-11.90930516  -3.69110459  -2.42445483]
17:40:46-INFO: mixed forces x [14.46777781  5.36950737  1.12242147]
17:40:46-INFO: mixed forces y [ 2.4852479  -5.83164583  1.5540194 ]
17:40:46-DEBUG: Minimum eigen value: 
17:40:46-DEBUG: -31397.49534164975
17:40:46-DEBUG: Minimum state: 
17:40:46-DEBUG: 0
        36   -31397.4953416497   -31397.4953416497        0.0000000000   -31397.0051536663        0.0000000000      0.29310040
ids [  6 102 107 108 112 117 118 123 133 183 228 275 310 313 315 320 353 355
 358 360 363 365 400 403 411 438 501 542 546 547 548 549 550 551 552 553
 554 555 556 557 559 560 562 563 564 565 566 567 568 569 570 571 572 573
 574 575 576 577 579 581 582 584 586 587 589 592 593 594 595 596 597 598
 599 600 601 602 603 604 605 606 607 608 609 610 611 612 613 614 615 616
 617 618 619 620 621 622 624 626 627 629 631 632 634 635 636 637 639 640
 641 642 645 646 647 648 650 651 652 653 655 656 657 658 660 661 662 665
 666 667 671 672 676 813]
ids [   8   22   66   77   80   95  110  125  138  263  273  503  504  518
  519  529  534  543  663  678  680  715  718  720  723  725  758  760
  765  768  770  810  903  947  952  953  954  955  956  957  958  959
  960  961  962  963  964  965  967  968  969  970  971  972  973  974
  975  976  977  978  979  980  981  982  984  985  986  987  989  991
  992  994  995  996  997  998  999 1000 1001 1002 1003 1004 1005 1006
 1007 1008 1009 1010 1011 1012 1013 1014 1015 1016 1017 1018 1019 1020
 1021 1022 1023 1024 1025 1026 1027 1029 1031 1032 1034 1036 1037 1039
 1041 1042 1045 1046 1047 1050 1051 1052 1054 1055 1056 1057 1058 1060
 1061 1062 1063 1065 1066 1067 1068 1069 1070 1071 1072 1076 1077 1081]
ids [  7  38  40  43  45  82  84  87  92  94 129 134 274 368 379 384 398 399
 404 668 673 681 693 753 771 783 801 812 816 817 818 819 820 821 822 823
 824 825 826 827 829 830 831 832 833 834 835 836 837 838 839 840 841 842
 843 844 845 847 848 849 851 852 853 854 855 856 857 858 859 861 862 863
 864 865 866 867 868 869 870 871 872 873 874 875 876 877 878 879 880 881
 882 883 884 885 886 887 888 889 890 892 894 896 897 899 901 902 904 906
 907 908 910 911 912 915 916 917 920 921 922 923 925 926 927 929 930 931
 932 934 935 937 939 940 941 942 944 946 948]
ids [ 122  140  173  178  185  220  223  230  265  268  270  318  407  408
  409  412  413  414  415  416  417  418  419  420  421  422  423  424
  425  426  427  428  429  430  431  432  433  434  435  436  437  439
  440  441  442  444  446  447  449  451  452  454  456  457  458  459
  460  461  462  463  464  465  466  467  468  469  470  471  472  473
  474  475  476  477  478  479  480  481  482  483  484  485  486  487
  488  489  491  492  494  496  497  499  502  505  506  507  508  509
  510  511  512  513  514  515  516  517  520  521  522  523  524  525
  526  527  528  530  531  532  536  537  539  541  558  561  588  591
  803  949 1043 1044 1048 1049 1053 1059 1064 1074 1079]
ids [  1   2   3   4   9  10  11  12  13  14  15  16  17  18  19  20  21  23
  24  25  26  27  28  29  30  31  32  33  34  35  36  37  39  41  42  44
  46  47  49  50  51  52  53  54  55  56  57  58  59  60  61  62  63  64
  65  67  68  69  70  71  72  73  74  75  76  78  79  81  83  85  86  88
  89  90  91  93  96  97  98  99 100 101 103 104 105 106 109 111 113 114
 115 116 119 120 121 124 126 128 130 131 132 135 136 544 638 643 644 649
 654 659 664 669 674 815 850 860 893 895 898 900 905 938 945 951 966 993]
ids [127 141 153 156 168 186 201 213 216 231 272 276 277 278 279 280 281 282
 283 284 285 286 287 288 289 290 291 292 293 294 295 296 297 298 299 300
 301 302 303 304 305 307 308 309 311 312 314 316 317 319 321 322 323 324
 325 326 327 328 329 330 331 332 333 334 335 336 337 338 339 340 341 342
 343 344 345 346 347 349 350 351 352 354 356 357 359 361 362 364 366 367
 369 370 371 372 373 374 375 376 377 380 382 383 385 386 387 388 389 390
 391 392 394 395 397 401 402 405 406 453 498 545 578 580 583 585 590 623
 625 628 630 633 670 675 814 909 913 914 919 924 928 943]
ids [   5   48  139  234  238  239  244  248  249  258  259  264  378  533
  677  679  682  683  684  685  686  687  688  689  690  691  692  694
  695  696  697  698  699  700  701  702  703  704  705  706  707  708
  709  710  711  712  713  714  716  717  719  721  722  724  726  727
  728  729  730  731  732  733  734  735  736  737  738  739  740  741
  742  743  744  745  746  747  748  749  750  751  752  754  755  756
  757  759  761  762  763  764  766  767  769  772  773  774  775  776
  777  778  779  780  781  782  785  786  787  788  790  791  792  793
  795  796  797  799  800  802  805  806  807  811  828  846  891  936
  950  983  988  990 1028 1030 1033 1035 1038 1040 1075 1080]
ids [ 137  142  143  144  145  146  147  148  149  150  151  152  154  155
  157  158  159  160  161  162  163  164  165  166  167  169  170  171
  172  174  175  176  177  179  180  181  182  184  187  188  189  190
  191  192  193  194  195  196  197  198  199  200  202  203  204  205
  206  207  208  209  210  211  212  214  215  217  218  219  221  222
  224  225  226  227  229  232  233  235  236  237  240  241  242  243
  245  246  247  250  251  252  253  254  255  256  257  260  261  262
  266  267  269  271  306  348  381  393  396  410  443  445  448  450
  455  490  493  495  500  535  538  540  784  789  794  798  804  808
  809  918  933 1073 1078]
17:40:46-INFO: Step 37
17:40:46-DEBUG: Reaction systems: [[None]
 [0]]
17:40:46-DEBUG: rxn_pairs: [array([ 1, 13])]
17:40:46-DEBUG: Starting total colors: 5
17:40:46-DEBUG: Number of systems: 2
17:40:46-DEBUG: New total colors: 5
17:40:46-DEBUG: Potential energy for color 0: -31397.0051536663
ebond 3.129821157084677
ebond 3.129821157084677
ebond 3.129821157084677
ebond 3.129821157084677
ebond 3.129821157084677
17:40:46-DEBUG: Potential energy for color 1: -31396.423198473636
xhy 37 2 1 13
xhy 37 2 1 13
xhy 37 2 1 13
xhy 37 2 1 13
xhy 37 2 1 13
h_pos [ 7.72698576  9.33797731 10.62596387] x_pos [ 6.45700189  8.69500116 10.46497795] y_pos [ 8.17600687 10.59801269 10.41501435]
37 rHY 1.3541819792400176 rHX 1.4325480160248059 0.07836603678478826
h_pos [ 7.72698576  9.33797731 10.62596387] x_pos [ 6.45700189  8.69500116 10.46497795] y_pos [ 8.17600687 10.59801269 10.41501435]
h_pos [ 7.72698576  9.33797731 10.62596387] x_pos [ 6.45700189  8.69500116 10.46497795] y_pos [ 8.17600687 10.59801269 10.41501435]
h_pos [ 7.72698576  9.33797731 10.62596387] x_pos [ 6.45700189  8.69500116 10.46497795] y_pos [ 8.17600687 10.59801269 10.41501435]
37 rHY 1.3541819792400176 rHX 1.4325480160248059 0.07836603678478826
37 rHY 1.3541819792400176 rHX 1.4325480160248059 0.07836603678478826
37 rHY 1.3541819792400176 rHX 1.4325480160248059 0.07836603678478826
37 cpl_forces h [ 2.21446724  2.50753964 -0.07889791]
37 cpl_forces x [-1.61166436 -0.81596449 -0.20429808]
37 cpl_forces h [ 2.21446724  2.50753964 -0.07889791]
37 cpl_forces h [ 2.21446724  2.50753964 -0.07889791]
37 cpl_forces h [ 2.21446724  2.50753964 -0.07889791]
37 cpl_forces y [-0.60280287 -1.69157515  0.28319599]
37 cpl_forces x [-1.61166436 -0.81596449 -0.20429808]
37 cpl_forces x [-1.61166436 -0.81596449 -0.20429808]
37 cpl_forces x [-1.61166436 -0.81596449 -0.20429808]
37 cpl_forces y [-0.60280287 -1.69157515  0.28319599]
37 cpl_forces y [-0.60280287 -1.69157515  0.28319599]
37 cpl_forces y [-0.60280287 -1.69157515  0.28319599]
h_pos [ 7.72698576  9.33797731 10.62596387] x_pos [ 6.45700189  8.69500116 10.46497795] y_pos [ 8.17600687 10.59801269 10.41501435]
37 rHY 1.3541819792400176 rHX 1.4325480160248059 0.07836603678478826
17:40:46-DEBUG: System matrix: 
17:40:46-DEBUG: [[-3.13970052e+04  7.24949448e-01]
 [ 7.24949448e-01 -3.13964232e+04]]
37 cpl_forces h [ 2.21446724  2.50753964 -0.07889791]
17:40:46-DEBUG: Eigen values: 
17:40:46-DEBUG: [-31397.49534165 -31395.93301049]
37 cpl_forces x [-1.61166436 -0.81596449 -0.20429808]
17:40:46-DEBUG: Occupancies: 
17:40:46-DEBUG: [1. 0.]
37 cpl_forces y [-0.60280287 -1.69157515  0.28319599]
17:40:46-INFO: coupling 37 0.7249494475243978
17:40:46-DEBUG: Amplitudes: 
17:40:46-DEBUG: [0.68624579 0.31375421]
17:40:46-INFO: forces0 h [-15.98898695  -7.72742591  -2.43039825]
17:40:46-INFO: forces0 x [17.2203801   6.63041198  1.65325549]
17:40:46-INFO: forces0 y [ 3.34404158 -3.97769832  1.23684097]
17:40:46-INFO: forces1 h [ 3.56385381 12.55407803 -2.64482291]
17:40:46-INFO: forces1 x [ 3.680214    0.19815195 -0.64290461]
17:40:46-INFO: forces1 y [ -1.1761087  -14.89002804   3.0854038 ]
pos h  [ 7.72698576  9.33797731 10.62596387]
pos x  [ 6.45700189  8.69500116 10.46497795]
pos y  [ 8.17600687 10.59801269 10.41501435]
 mixed_cpl_forces: h [-2.05510437 -2.32708599  0.07322006]
 mixed_cpl_forces: x [1.49568186 0.75724407 0.18959589]
 mixed_cpl_forces: y [ 0.55942251  1.56984192 -0.26281595]
17:40:46-INFO: mixed forces h [-11.90930516  -3.69110459  -2.42445483]
17:40:46-INFO: mixed forces x [14.46777781  5.36950737  1.12242147]
17:40:46-INFO: mixed forces y [ 2.4852479  -5.83164583  1.5540194 ]
17:40:46-DEBUG: Minimum eigen value: 
17:40:46-DEBUG: -31397.49534164975
17:40:46-DEBUG: Minimum state: 
17:40:46-DEBUG: 0
        37   -31397.4953416497   -31397.4953416497        0.0000000000   -31397.0051536663        0.0000000000      0.29308143
ids [  6 102 107 108 112 117 118 123 133 183 228 275 310 313 315 320 353 355
 358 360 363 365 400 403 411 438 501 542 546 547 548 549 550 551 552 553
 554 555 556 557 559 560 562 563 564 565 566 567 568 569 570 571 572 573
 574 575 576 577 579 581 582 584 586 587 589 592 593 594 595 596 597 598
 599 600 601 602 603 604 605 606 607 608 609 610 611 612 613 614 615 616
 617 618 619 620 621 622 624 626 627 629 631 632 634 635 636 637 639 640
 641 642 645 646 647 648 650 651 652 653 655 656 657 658 660 661 662 665
 666 667 671 672 676 813]
ids [   8   22   66   77   80   95  110  125  138  263  273  503  504  518
  519  529  534  543  663  678  680  715  718  720  723  725  758  760
  765  768  770  810  903  947  952  953  954  955  956  957  958  959
  960  961  962  963  964  965  967  968  969  970  971  972  973  974
  975  976  977  978  979  980  981  982  984  985  986  987  989  991
  992  994  995  996  997  998  999 1000 1001 1002 1003 1004 1005 1006
 1007 1008 1009 1010 1011 1012 1013 1014 1015 1016 1017 1018 1019 1020
 1021 1022 1023 1024 1025 1026 1027 1029 1031 1032 1034 1036 1037 1039
 1041 1042 1045 1046 1047 1050 1051 1052 1054 1055 1056 1057 1058 1060
 1061 1062 1063 1065 1066 1067 1068 1069 1070 1071 1072 1076 1077 1081]
ids [  7  38  40  43  45  82  84  87  92  94 129 134 274 368 379 384 398 399
 404 668 673 681 693 753 771 783 801 812 816 817 818 819 820 821 822 823
 824 825 826 827 829 830 831 832 833 834 835 836 837 838 839 840 841 842
 843 844 845 847 848 849 851 852 853 854 855 856 857 858 859 861 862 863
 864 865 866 867 868 869 870 871 872 873 874 875 876 877 878 879 880 881
 882 883 884 885 886 887 888 889 890 892 894 896 897 899 901 902 904 906
 907 908 910 911 912 915 916 917 920 921 922 923 925 926 927 929 930 931
 932 934 935 937 939 940 941 942 944 946 948]
ids [  1   2   3   4   9  10  11  12  13  14  15  16  17  18  19  20  21  23
  24  25  26  27  28  29  30  31  32  33  34  35  36  37  39  41  42  44
  46  47  49  50  51  52  53  54  55  56  57  58  59  60  61  62  63  64
  65  67  68  69  70  71  72  73  74  75  76  78  79  81  83  85  86  88
  89  90  91  93  96  97  98  99 100 101 103 104 105 106 109 111 113 114
 115 116 119 120 121 124 126 128 130 131 132 135 136 544 638 643 644 649
 654 659 664 669 674 815 850 860 893 895 898 900 905 938 945 951 966 993]
ids [ 137  142  143  144  145  146  147  148  149  150  151  152  154  155
  157  158  159  160  161  162  163  164  165  166  167  169  170  171
  172  174  175  176  177  179  180  181  182  184  187  188  189  190
  191  192  193  194  195  196  197  198  199  200  202  203  204  205
  206  207  208  209  210  211  212  214  215  217  218  219  221  222
  224  225  226  227  229  232  233  235  236  237  240  241  242  243
  245  246  247  250  251  252  253  254  255  256  257  260  261  262
  266  267  269  271  306  348  381  393  396  410  443  445  448  450
  455  490  493  495  500  535  538  540  784  789  794  798  804  808
  809  918  933 1073 1078]
ids [   5   48  139  234  238  239  244  248  249  258  259  264  378  533
  677  679  682  683  684  685  686  687  688  689  690  691  692  694
  695  696  697  698  699  700  701  702  703  704  705  706  707  708
  709  710  711  712  713  714  716  717  719  721  722  724  726  727
  728  729  730  731  732  733  734  735  736  737  738  739  740  741
  742  743  744  745  746  747  748  749  750  751  752  754  755  756
  757  759  761  762  763  764  766  767  769  772  773  774  775  776
  777  778  779  780  781  782  785  786  787  788  790  791  792  793
  795  796  797  799  800  802  805  806  807  811  828  846  891  936
  950  983  988  990 1028 1030 1033 1035 1038 1040 1075 1080]
ids [ 122  140  173  178  185  220  223  230  265  268  270  318  407  408
  409  412  413  414  415  416  417  418  419  420  421  422  423  424
  425  426  427  428  429  430  431  432  433  434  435  436  437  439
  440  441  442  444  446  447  449  451  452  454  456  457  458  459
  460  461  462  463  464  465  466  467  468  469  470  471  472  473
  474  475  476  477  478  479  480  481  482  483  484  485  486  487
  488  489  491  492  494  496  497  499  502  505  506  507  508  509
  510  511  512  513  514  515  516  517  520  521  522  523  524  525
  526  527  528  530  531  532  536  537  539  541  558  561  588  591
  803  949 1043 1044 1048 1049 1053 1059 1064 1074 1079]
ids [127 141 153 156 168 186 201 213 216 231 272 276 277 278 279 280 281 282
 283 284 285 286 287 288 289 290 291 292 293 294 295 296 297 298 299 300
 301 302 303 304 305 307 308 309 311 312 314 316 317 319 321 322 323 324
 325 326 327 328 329 330 331 332 333 334 335 336 337 338 339 340 341 342
 343 344 345 346 347 349 350 351 352 354 356 357 359 361 362 364 366 367
 369 370 371 372 373 374 375 376 377 380 382 383 385 386 387 388 389 390
 391 392 394 395 397 401 402 405 406 453 498 545 578 580 583 585 590 623
 625 628 630 633 670 675 814 909 913 914 919 924 928 943]
17:40:46-INFO: Step 38
17:40:46-DEBUG: Reaction systems: [[None]
 [0]]
17:40:46-DEBUG: rxn_pairs: [array([ 1, 13])]
17:40:46-DEBUG: Starting total colors: 5
17:40:46-DEBUG: Number of systems: 2
17:40:46-DEBUG: New total colors: 5
17:40:46-DEBUG: Potential energy for color 0: -31397.0051536663
ebond 3.129821157084677
ebond 3.129821157084677
ebond 3.129821157084677
ebond 3.129821157084677
ebond 3.129821157084677
17:40:46-DEBUG: Potential energy for color 1: -31396.423198473636
xhy 38 2 1 13
xhy 38 2 1 13
xhy 38 2 1 13
xhy 38 2 1 13
xhy 38 2 1 13
h_pos [ 7.72698576  9.33797731 10.62596387] x_pos [ 6.45700189  8.69500116 10.46497795] y_pos [ 8.17600687 10.59801269 10.41501435]
38 rHY 1.3541819792400176 rHX 1.4325480160248059 0.07836603678478826
h_pos [ 7.72698576  9.33797731 10.62596387] x_pos [ 6.45700189  8.69500116 10.46497795] y_pos [ 8.17600687 10.59801269 10.41501435]
h_pos [ 7.72698576  9.33797731 10.62596387] x_pos [ 6.45700189  8.69500116 10.46497795] y_pos [ 8.17600687 10.59801269 10.41501435]
h_pos [ 7.72698576  9.33797731 10.62596387] x_pos [ 6.45700189  8.69500116 10.46497795] y_pos [ 8.17600687 10.59801269 10.41501435]
38 rHY 1.3541819792400176 rHX 1.4325480160248059 0.07836603678478826
38 rHY 1.3541819792400176 rHX 1.4325480160248059 0.07836603678478826
38 rHY 1.3541819792400176 rHX 1.4325480160248059 0.07836603678478826
38 cpl_forces h [ 2.21446724  2.50753964 -0.07889791]
38 cpl_forces x [-1.61166436 -0.81596449 -0.20429808]
38 cpl_forces h [ 2.21446724  2.50753964 -0.07889791]
38 cpl_forces h [ 2.21446724  2.50753964 -0.07889791]
38 cpl_forces h [ 2.21446724  2.50753964 -0.07889791]
38 cpl_forces x [-1.61166436 -0.81596449 -0.20429808]
38 cpl_forces x [-1.61166436 -0.81596449 -0.20429808]
38 cpl_forces y [-0.60280287 -1.69157515  0.28319599]
38 cpl_forces x [-1.61166436 -0.81596449 -0.20429808]
38 cpl_forces y [-0.60280287 -1.69157515  0.28319599]
38 cpl_forces y [-0.60280287 -1.69157515  0.28319599]
38 cpl_forces y [-0.60280287 -1.69157515  0.28319599]
h_pos [ 7.72698576  9.33797731 10.62596387] x_pos [ 6.45700189  8.69500116 10.46497795] y_pos [ 8.17600687 10.59801269 10.41501435]
38 rHY 1.3541819792400176 rHX 1.4325480160248059 0.07836603678478826
17:40:46-DEBUG: System matrix: 
38 cpl_forces h [ 2.21446724  2.50753964 -0.07889791]
17:40:46-DEBUG: [[-3.13970052e+04  7.24949448e-01]
 [ 7.24949448e-01 -3.13964232e+04]]
17:40:46-DEBUG: Eigen values: 
38 cpl_forces x [-1.61166436 -0.81596449 -0.20429808]
17:40:46-DEBUG: [-31397.49534165 -31395.93301049]
17:40:46-DEBUG: Occupancies: 
17:40:46-DEBUG: [1. 0.]
38 cpl_forces y [-0.60280287 -1.69157515  0.28319599]
17:40:46-INFO: coupling 38 0.7249494475243978
17:40:46-DEBUG: Amplitudes: 
17:40:46-DEBUG: [0.68624579 0.31375421]
17:40:46-INFO: forces0 h [-15.98898695  -7.72742591  -2.43039825]
17:40:46-INFO: forces0 x [17.2203801   6.63041198  1.65325549]
17:40:46-INFO: forces0 y [ 3.34404158 -3.97769832  1.23684097]
17:40:46-INFO: forces1 h [ 3.56385381 12.55407803 -2.64482291]
17:40:46-INFO: forces1 x [ 3.680214    0.19815195 -0.64290461]
17:40:46-INFO: forces1 y [ -1.1761087  -14.89002804   3.0854038 ]
pos h  [ 7.72698576  9.33797731 10.62596387]
pos x  [ 6.45700189  8.69500116 10.46497795]
pos y  [ 8.17600687 10.59801269 10.41501435]
 mixed_cpl_forces: h [-2.05510437 -2.32708599  0.07322006]
 mixed_cpl_forces: x [1.49568186 0.75724407 0.18959589]
 mixed_cpl_forces: y [ 0.55942251  1.56984192 -0.26281595]
17:40:46-INFO: mixed forces h [-11.90930516  -3.69110459  -2.42445483]
17:40:46-INFO: mixed forces x [14.46777781  5.36950737  1.12242147]
17:40:46-INFO: mixed forces y [ 2.4852479  -5.83164583  1.5540194 ]
17:40:46-DEBUG: Minimum eigen value: 
17:40:46-DEBUG: -31397.49534164975
17:40:46-DEBUG: Minimum state: 
17:40:46-DEBUG: 0
        38   -31397.4953416497   -31397.4953416497        0.0000000000   -31397.0051536663        0.0000000000      0.29129804
ids [  1   2   3   4   9  10  11  12  13  14  15  16  17  18  19  20  21  23
  24  25  26  27  28  29  30  31  32  33  34  35  36  37  39  41  42  44
  46  47  49  50  51  52  53  54  55  56  57  58  59  60  61  62  63  64
  65  67  68  69  70  71  72  73  74  75  76  78  79  81  83  85  86  88
  89  90  91  93  96  97  98  99 100 101 103 104 105 106 109 111 113 114
 115 116 119 120 121 124 126 128 130 131 132 135 136 544 638 643 644 649
 654 659 664 669 674 815 850 860 893 895 898 900 905 938 945 951 966 993]
ids [  7  38  40  43  45  82  84  87  92  94 129 134 274 368 379 384 398 399
 404 668 673 681 693 753 771 783 801 812 816 817 818 819 820 821 822 823
 824 825 826 827 829 830 831 832 833 834 835 836 837 838 839 840 841 842
 843 844 845 847 848 849 851 852 853 854 855 856 857 858 859 861 862 863
 864 865 866 867 868 869 870 871 872 873 874 875 876 877 878 879 880 881
 882 883 884 885 886 887 888 889 890 892 894 896 897 899 901 902 904 906
 907 908 910 911 912 915 916 917 920 921 922 923 925 926 927 929 930 931
 932 934 935 937 939 940 941 942 944 946 948]
ids [  6 102 107 108 112 117 118 123 133 183 228 275 310 313 315 320 353 355
 358 360 363 365 400 403 411 438 501 542 546 547 548 549 550 551 552 553
 554 555 556 557 559 560 562 563 564 565 566 567 568 569 570 571 572 573
 574 575 576 577 579 581 582 584 586 587 589 592 593 594 595 596 597 598
 599 600 601 602 603 604 605 606 607 608 609 610 611 612 613 614 615 616
 617 618 619 620 621 622 624 626 627 629 631 632 634 635 636 637 639 640
 641 642 645 646 647 648 650 651 652 653 655 656 657 658 660 661 662 665
 666 667 671 672 676 813]
ids [   8   22   66   77   80   95  110  125  138  263  273  503  504  518
  519  529  534  543  663  678  680  715  718  720  723  725  758  760
  765  768  770  810  903  947  952  953  954  955  956  957  958  959
  960  961  962  963  964  965  967  968  969  970  971  972  973  974
  975  976  977  978  979  980  981  982  984  985  986  987  989  991
  992  994  995  996  997  998  999 1000 1001 1002 1003 1004 1005 1006
 1007 1008 1009 1010 1011 1012 1013 1014 1015 1016 1017 1018 1019 1020
 1021 1022 1023 1024 1025 1026 1027 1029 1031 1032 1034 1036 1037 1039
 1041 1042 1045 1046 1047 1050 1051 1052 1054 1055 1056 1057 1058 1060
 1061 1062 1063 1065 1066 1067 1068 1069 1070 1071 1072 1076 1077 1081]
ids [127 141 153 156 168 186 201 213 216 231 272 276 277 278 279 280 281 282
 283 284 285 286 287 288 289 290 291 292 293 294 295 296 297 298 299 300
 301 302 303 304 305 307 308 309 311 312 314 316 317 319 321 322 323 324
 325 326 327 328 329 330 331 332 333 334 335 336 337 338 339 340 341 342
 343 344 345 346 347 349 350 351 352 354 356 357 359 361 362 364 366 367
 369 370 371 372 373 374 375 376 377 380 382 383 385 386 387 388 389 390
 391 392 394 395 397 401 402 405 406 453 498 545 578 580 583 585 590 623
 625 628 630 633 670 675 814 909 913 914 919 924 928 943]
ids [ 122  140  173  178  185  220  223  230  265  268  270  318  407  408
  409  412  413  414  415  416  417  418  419  420  421  422  423  424
  425  426  427  428  429  430  431  432  433  434  435  436  437  439
  440  441  442  444  446  447  449  451  452  454  456  457  458  459
  460  461  462  463  464  465  466  467  468  469  470  471  472  473
  474  475  476  477  478  479  480  481  482  483  484  485  486  487
  488  489  491  492  494  496  497  499  502  505  506  507  508  509
  510  511  512  513  514  515  516  517  520  521  522  523  524  525
  526  527  528  530  531  532  536  537  539  541  558  561  588  591
  803  949 1043 1044 1048 1049 1053 1059 1064 1074 1079]
ids [   5   48  139  234  238  239  244  248  249  258  259  264  378  533
  677  679  682  683  684  685  686  687  688  689  690  691  692  694
  695  696  697  698  699  700  701  702  703  704  705  706  707  708
  709  710  711  712  713  714  716  717  719  721  722  724  726  727
  728  729  730  731  732  733  734  735  736  737  738  739  740  741
  742  743  744  745  746  747  748  749  750  751  752  754  755  756
  757  759  761  762  763  764  766  767  769  772  773  774  775  776
  777  778  779  780  781  782  785  786  787  788  790  791  792  793
  795  796  797  799  800  802  805  806  807  811  828  846  891  936
  950  983  988  990 1028 1030 1033 1035 1038 1040 1075 1080]
ids [ 137  142  143  144  145  146  147  148  149  150  151  152  154  155
  157  158  159  160  161  162  163  164  165  166  167  169  170  171
  172  174  175  176  177  179  180  181  182  184  187  188  189  190
  191  192  193  194  195  196  197  198  199  200  202  203  204  205
  206  207  208  209  210  211  212  214  215  217  218  219  221  222
  224  225  226  227  229  232  233  235  236  237  240  241  242  243
  245  246  247  250  251  252  253  254  255  256  257  260  261  262
  266  267  269  271  306  348  381  393  396  410  443  445  448  450
  455  490  493  495  500  535  538  540  784  789  794  798  804  808
  809  918  933 1073 1078]
17:40:46-INFO: Step 39
17:40:46-DEBUG: Reaction systems: [[None]
 [0]]
17:40:46-DEBUG: rxn_pairs: [array([ 1, 13])]
17:40:46-DEBUG: Starting total colors: 5
17:40:46-DEBUG: Number of systems: 2
17:40:46-DEBUG: New total colors: 5
17:40:46-DEBUG: Potential energy for color 0: -31397.0051536663
ebond 3.129821157084677
ebond 3.129821157084677
ebond 3.129821157084677
ebond 3.129821157084677
ebond 3.129821157084677
17:40:46-DEBUG: Potential energy for color 1: -31396.423198473636
xhy 39 2 1 13
xhy 39 2 1 13
xhy 39 2 1 13
xhy 39 2 1 13
xhy 39 2 1 13
h_pos [ 7.72698576  9.33797731 10.62596387] x_pos [ 6.45700189  8.69500116 10.46497795] y_pos [ 8.17600687 10.59801269 10.41501435]
39 rHY 1.3541819792400176 rHX 1.4325480160248059 0.07836603678478826
h_pos [ 7.72698576  9.33797731 10.62596387] x_pos [ 6.45700189  8.69500116 10.46497795] y_pos [ 8.17600687 10.59801269 10.41501435]
h_pos [ 7.72698576  9.33797731 10.62596387] x_pos [ 6.45700189  8.69500116 10.46497795] y_pos [ 8.17600687 10.59801269 10.41501435]
h_pos [ 7.72698576  9.33797731 10.62596387] x_pos [ 6.45700189  8.69500116 10.46497795] y_pos [ 8.17600687 10.59801269 10.41501435]
39 rHY 1.3541819792400176 rHX 1.4325480160248059 0.07836603678478826
39 rHY 1.3541819792400176 rHX 1.4325480160248059 0.07836603678478826
39 rHY 1.3541819792400176 rHX 1.4325480160248059 0.07836603678478826
39 cpl_forces h [ 2.21446724  2.50753964 -0.07889791]
39 cpl_forces h [ 2.21446724  2.50753964 -0.07889791]
39 cpl_forces x [-1.61166436 -0.81596449 -0.20429808]
39 cpl_forces h [ 2.21446724  2.50753964 -0.07889791]
39 cpl_forces h [ 2.21446724  2.50753964 -0.07889791]
39 cpl_forces x [-1.61166436 -0.81596449 -0.20429808]
39 cpl_forces y [-0.60280287 -1.69157515  0.28319599]
39 cpl_forces x [-1.61166436 -0.81596449 -0.20429808]
39 cpl_forces x [-1.61166436 -0.81596449 -0.20429808]
39 cpl_forces y [-0.60280287 -1.69157515  0.28319599]
39 cpl_forces y [-0.60280287 -1.69157515  0.28319599]
39 cpl_forces y [-0.60280287 -1.69157515  0.28319599]
h_pos [ 7.72698576  9.33797731 10.62596387] x_pos [ 6.45700189  8.69500116 10.46497795] y_pos [ 8.17600687 10.59801269 10.41501435]
39 rHY 1.3541819792400176 rHX 1.4325480160248059 0.07836603678478826
17:40:46-DEBUG: System matrix: 
17:40:46-DEBUG: [[-3.13970052e+04  7.24949448e-01]
 [ 7.24949448e-01 -3.13964232e+04]]
39 cpl_forces h [ 2.21446724  2.50753964 -0.07889791]
17:40:46-DEBUG: Eigen values: 
39 cpl_forces x [-1.61166436 -0.81596449 -0.20429808]
17:40:46-DEBUG: [-31397.49534165 -31395.93301049]
17:40:46-DEBUG: Occupancies: 
17:40:46-DEBUG: [1. 0.]
39 cpl_forces y [-0.60280287 -1.69157515  0.28319599]
17:40:46-INFO: coupling 39 0.7249494475243978
17:40:46-DEBUG: Amplitudes: 
17:40:46-DEBUG: [0.68624579 0.31375421]
17:40:46-INFO: forces0 h [-15.98898695  -7.72742591  -2.43039825]
17:40:46-INFO: forces0 x [17.2203801   6.63041198  1.65325549]
17:40:46-INFO: forces0 y [ 3.34404158 -3.97769832  1.23684097]
17:40:46-INFO: forces1 h [ 3.56385381 12.55407803 -2.64482291]
17:40:46-INFO: forces1 x [ 3.680214    0.19815195 -0.64290461]
17:40:46-INFO: forces1 y [ -1.1761087  -14.89002804   3.0854038 ]
pos h  [ 7.72698576  9.33797731 10.62596387]
pos x  [ 6.45700189  8.69500116 10.46497795]
pos y  [ 8.17600687 10.59801269 10.41501435]
 mixed_cpl_forces: h [-2.05510437 -2.32708599  0.07322006]
 mixed_cpl_forces: x [1.49568186 0.75724407 0.18959589]
 mixed_cpl_forces: y [ 0.55942251  1.56984192 -0.26281595]
17:40:46-INFO: mixed forces h [-11.90930516  -3.69110459  -2.42445483]
17:40:46-INFO: mixed forces x [14.46777781  5.36950737  1.12242147]
17:40:46-INFO: mixed forces y [ 2.4852479  -5.83164583  1.5540194 ]
17:40:46-DEBUG: Minimum eigen value: 
17:40:46-DEBUG: -31397.49534164975
17:40:46-DEBUG: Minimum state: 
17:40:46-DEBUG: 0
        39   -31397.4953416497   -31397.4953416497        0.0000000000   -31397.0051536663        0.0000000000      0.29310158
ids [  6 102 107 108 112 117 118 123 133 183 228 275 310 313 315 320 353 355
 358 360 363 365 400 403 411 438 501 542 546 547 548 549 550 551 552 553
 554 555 556 557 559 560 562 563 564 565 566 567 568 569 570 571 572 573
 574 575 576 577 579 581 582 584 586 587 589 592 593 594 595 596 597 598
 599 600 601 602 603 604 605 606 607 608 609 610 611 612 613 614 615 616
 617 618 619 620 621 622 624 626 627 629 631 632 634 635 636 637 639 640
 641 642 645 646 647 648 650 651 652 653 655 656 657 658 660 661 662 665
 666 667 671 672 676 813]
ids [  1   2   3   4   9  10  11  12  13  14  15  16  17  18  19  20  21  23
  24  25  26  27  28  29  30  31  32  33  34  35  36  37  39  41  42  44
  46  47  49  50  51  52  53  54  55  56  57  58  59  60  61  62  63  64
  65  67  68  69  70  71  72  73  74  75  76  78  79  81  83  85  86  88
  89  90  91  93  96  97  98  99 100 101 103 104 105 106 109 111 113 114
 115 116 119 120 121 124 126 128 130 131 132 135 136 544 638 643 644 649
 654 659 664 669 674 815 850 860 893 895 898 900 905 938 945 951 966 993]
ids [ 122  140  173  178  185  220  223  230  265  268  270  318  407  408
  409  412  413  414  415  416  417  418  419  420  421  422  423  424
  425  426  427  428  429  430  431  432  433  434  435  436  437  439
  440  441  442  444  446  447  449  451  452  454  456  457  458  459
  460  461  462  463  464  465  466  467  468  469  470  471  472  473
  474  475  476  477  478  479  480  481  482  483  484  485  486  487
  488  489  491  492  494  496  497  499  502  505  506  507  508  509
  510  511  512  513  514  515  516  517  520  521  522  523  524  525
  526  527  528  530  531  532  536  537  539  541  558  561  588  591
  803  949 1043 1044 1048 1049 1053 1059 1064 1074 1079]
ids [ 137  142  143  144  145  146  147  148  149  150  151  152  154  155
  157  158  159  160  161  162  163  164  165  166  167  169  170  171
  172  174  175  176  177  179  180  181  182  184  187  188  189  190
  191  192  193  194  195  196  197  198  199  200  202  203  204  205
  206  207  208  209  210  211  212  214  215  217  218  219  221  222
  224  225  226  227  229  232  233  235  236  237  240  241  242  243
  245  246  247  250  251  252  253  254  255  256  257  260  261  262
  266  267  269  271  306  348  381  393  396  410  443  445  448  450
  455  490  493  495  500  535  538  540  784  789  794  798  804  808
  809  918  933 1073 1078]
ids [  7  38  40  43  45  82  84  87  92  94 129 134 274 368 379 384 398 399
 404 668 673 681 693 753 771 783 801 812 816 817 818 819 820 821 822 823
 824 825 826 827 829 830 831 832 833 834 835 836 837 838 839 840 841 842
 843 844 845 847 848 849 851 852 853 854 855 856 857 858 859 861 862 863
 864 865 866 867 868 869 870 871 872 873 874 875 876 877 878 879 880 881
 882 883 884 885 886 887 888 889 890 892 894 896 897 899 901 902 904 906
 907 908 910 911 912 915 916 917 920 921 922 923 925 926 927 929 930 931
 932 934 935 937 939 940 941 942 944 946 948]
ids [   8   22   66   77   80   95  110  125  138  263  273  503  504  518
  519  529  534  543  663  678  680  715  718  720  723  725  758  760
  765  768  770  810  903  947  952  953  954  955  956  957  958  959
  960  961  962  963  964  965  967  968  969  970  971  972  973  974
  975  976  977  978  979  980  981  982  984  985  986  987  989  991
  992  994  995  996  997  998  999 1000 1001 1002 1003 1004 1005 1006
 1007 1008 1009 1010 1011 1012 1013 1014 1015 1016 1017 1018 1019 1020
 1021 1022 1023 1024 1025 1026 1027 1029 1031 1032 1034 1036 1037 1039
 1041 1042 1045 1046 1047 1050 1051 1052 1054 1055 1056 1057 1058 1060
 1061 1062 1063 1065 1066 1067 1068 1069 1070 1071 1072 1076 1077 1081]
ids [   5   48  139  234  238  239  244  248  249  258  259  264  378  533
  677  679  682  683  684  685  686  687  688  689  690  691  692  694
  695  696  697  698  699  700  701  702  703  704  705  706  707  708
  709  710  711  712  713  714  716  717  719  721  722  724  726  727
  728  729  730  731  732  733  734  735  736  737  738  739  740  741
  742  743  744  745  746  747  748  749  750  751  752  754  755  756
  757  759  761  762  763  764  766  767  769  772  773  774  775  776
  777  778  779  780  781  782  785  786  787  788  790  791  792  793
  795  796  797  799  800  802  805  806  807  811  828  846  891  936
  950  983  988  990 1028 1030 1033 1035 1038 1040 1075 1080]
ids [127 141 153 156 168 186 201 213 216 231 272 276 277 278 279 280 281 282
 283 284 285 286 287 288 289 290 291 292 293 294 295 296 297 298 299 300
 301 302 303 304 305 307 308 309 311 312 314 316 317 319 321 322 323 324
 325 326 327 328 329 330 331 332 333 334 335 336 337 338 339 340 341 342
 343 344 345 346 347 349 350 351 352 354 356 357 359 361 362 364 366 367
 369 370 371 372 373 374 375 376 377 380 382 383 385 386 387 388 389 390
 391 392 394 395 397 401 402 405 406 453 498 545 578 580 583 585 590 623
 625 628 630 633 670 675 814 909 913 914 919 924 928 943]
17:40:46-INFO: Step 40
17:40:46-DEBUG: Reaction systems: [[None]
 [0]]
17:40:46-DEBUG: rxn_pairs: [array([ 1, 13])]
17:40:46-DEBUG: Starting total colors: 5
17:40:46-DEBUG: Number of systems: 2
17:40:46-DEBUG: New total colors: 5
17:40:46-DEBUG: Potential energy for color 0: -31397.0051536663
ebond 3.129821157084677
ebond 3.129821157084677
ebond 3.129821157084677
ebond 3.129821157084677
ebond 3.129821157084677
17:40:46-DEBUG: Potential energy for color 1: -31396.423198473636
xhy 40 2 1 13
xhy 40 2 1 13
xhy 40 2 1 13
xhy 40 2 1 13
xhy 40 2 1 13
h_pos [ 7.72698576  9.33797731 10.62596387] x_pos [ 6.45700189  8.69500116 10.46497795] y_pos [ 8.17600687 10.59801269 10.41501435]
40 rHY 1.3541819792400176 rHX 1.4325480160248059 0.07836603678478826
h_pos [ 7.72698576  9.33797731 10.62596387] x_pos [ 6.45700189  8.69500116 10.46497795] y_pos [ 8.17600687 10.59801269 10.41501435]
h_pos [ 7.72698576  9.33797731 10.62596387] x_pos [ 6.45700189  8.69500116 10.46497795] y_pos [ 8.17600687 10.59801269 10.41501435]
h_pos [ 7.72698576  9.33797731 10.62596387] x_pos [ 6.45700189  8.69500116 10.46497795] y_pos [ 8.17600687 10.59801269 10.41501435]
40 rHY 1.3541819792400176 rHX 1.4325480160248059 0.07836603678478826
40 rHY 1.3541819792400176 rHX 1.4325480160248059 0.07836603678478826
40 rHY 1.3541819792400176 rHX 1.4325480160248059 0.07836603678478826
40 cpl_forces h [ 2.21446724  2.50753964 -0.07889791]
40 cpl_forces h [ 2.21446724  2.50753964 -0.07889791]
40 cpl_forces x [-1.61166436 -0.81596449 -0.20429808]
40 cpl_forces h [ 2.21446724  2.50753964 -0.07889791]
40 cpl_forces h [ 2.21446724  2.50753964 -0.07889791]
40 cpl_forces y [-0.60280287 -1.69157515  0.28319599]
40 cpl_forces x [-1.61166436 -0.81596449 -0.20429808]
40 cpl_forces x [-1.61166436 -0.81596449 -0.20429808]
40 cpl_forces x [-1.61166436 -0.81596449 -0.20429808]
40 cpl_forces y [-0.60280287 -1.69157515  0.28319599]
40 cpl_forces y [-0.60280287 -1.69157515  0.28319599]
40 cpl_forces y [-0.60280287 -1.69157515  0.28319599]
h_pos [ 7.72698576  9.33797731 10.62596387] x_pos [ 6.45700189  8.69500116 10.46497795] y_pos [ 8.17600687 10.59801269 10.41501435]
40 rHY 1.3541819792400176 rHX 1.4325480160248059 0.07836603678478826
17:40:46-DEBUG: System matrix: 
17:40:46-DEBUG: [[-3.13970052e+04  7.24949448e-01]
 [ 7.24949448e-01 -3.13964232e+04]]
40 cpl_forces h [ 2.21446724  2.50753964 -0.07889791]
17:40:46-DEBUG: Eigen values: 
40 cpl_forces x [-1.61166436 -0.81596449 -0.20429808]
17:40:46-DEBUG: [-31397.49534165 -31395.93301049]
17:40:46-DEBUG: Occupancies: 
40 cpl_forces y [-0.60280287 -1.69157515  0.28319599]
17:40:46-DEBUG: [1. 0.]
17:40:46-INFO: coupling 40 0.7249494475243978
17:40:46-DEBUG: Amplitudes: 
17:40:46-DEBUG: [0.68624579 0.31375421]
17:40:46-INFO: forces0 h [-15.98898695  -7.72742591  -2.43039825]
17:40:46-INFO: forces0 x [17.2203801   6.63041198  1.65325549]
17:40:46-INFO: forces0 y [ 3.34404158 -3.97769832  1.23684097]
17:40:46-INFO: forces1 h [ 3.56385381 12.55407803 -2.64482291]
17:40:46-INFO: forces1 x [ 3.680214    0.19815195 -0.64290461]
17:40:46-INFO: forces1 y [ -1.1761087  -14.89002804   3.0854038 ]
pos h  [ 7.72698576  9.33797731 10.62596387]
pos x  [ 6.45700189  8.69500116 10.46497795]
pos y  [ 8.17600687 10.59801269 10.41501435]
 mixed_cpl_forces: h [-2.05510437 -2.32708599  0.07322006]
 mixed_cpl_forces: x [1.49568186 0.75724407 0.18959589]
 mixed_cpl_forces: y [ 0.55942251  1.56984192 -0.26281595]
17:40:46-INFO: mixed forces h [-11.90930516  -3.69110459  -2.42445483]
17:40:46-INFO: mixed forces x [14.46777781  5.36950737  1.12242147]
17:40:46-INFO: mixed forces y [ 2.4852479  -5.83164583  1.5540194 ]
17:40:46-DEBUG: Minimum eigen value: 
17:40:46-DEBUG: -31397.49534164975
17:40:46-DEBUG: Minimum state: 
17:40:46-DEBUG: 0
        40   -31397.4953416497   -31397.4953416497        0.0000000000   -31397.0051536663        0.0000000000      0.29653973
ids [  7  38  40  43  45  82  84  87  92  94 129 134 274 368 379 384 398 399
 404 668 673 681 693 753 771 783 801 812 816 817 818 819 820 821 822 823
 824 825 826 827 829 830 831 832 833 834 835 836 837 838 839 840 841 842
 843 844 845 847 848 849 851 852 853 854 855 856 857 858 859 861 862 863
 864 865 866 867 868 869 870 871 872 873 874 875 876 877 878 879 880 881
 882 883 884 885 886 887 888 889 890 892 894 896 897 899 901 902 904 906
 907 908 910 911 912 915 916 917 920 921 922 923 925 926 927 929 930 931
 932 934 935 937 939 940 941 942 944 946 948]
ids [ 137  142  143  144  145  146  147  148  149  150  151  152  154  155
  157  158  159  160  161  162  163  164  165  166  167  169  170  171
  172  174  175  176  177  179  180  181  182  184  187  188  189  190
  191  192  193  194  195  196  197  198  199  200  202  203  204  205
  206  207  208  209  210  211  212  214  215  217  218  219  221  222
  224  225  226  227  229  232  233  235  236  237  240  241  242  243
  245  246  247  250  251  252  253  254  255  256  257  260  261  262
  266  267  269  271  306  348  381  393  396  410  443  445  448  450
  455  490  493  495  500  535  538  540  784  789  794  798  804  808
  809  918  933 1073 1078]
ids [  1   2   3   4   9  10  11  12  13  14  15  16  17  18  19  20  21  23
  24  25  26  27  28  29  30  31  32  33  34  35  36  37  39  41  42  44
  46  47  49  50  51  52  53  54  55  56  57  58  59  60  61  62  63  64
  65  67  68  69  70  71  72  73  74  75  76  78  79  81  83  85  86  88
  89  90  91  93  96  97  98  99 100 101 103 104 105 106 109 111 113 114
 115 116 119 120 121 124 126 128 130 131 132 135 136 544 638 643 644 649
 654 659 664 669 674 815 850 860 893 895 898 900 905 938 945 951 966 993]
ids [  6 102 107 108 112 117 118 123 133 183 228 275 310 313 315 320 353 355
 358 360 363 365 400 403 411 438 501 542 546 547 548 549 550 551 552 553
 554 555 556 557 559 560 562 563 564 565 566 567 568 569 570 571 572 573
 574 575 576 577 579 581 582 584 586 587 589 592 593 594 595 596 597 598
 599 600 601 602 603 604 605 606 607 608 609 610 611 612 613 614 615 616
 617 618 619 620 621 622 624 626 627 629 631 632 634 635 636 637 639 640
 641 642 645 646 647 648 650 651 652 653 655 656 657 658 660 661 662 665
 666 667 671 672 676 813]
ids [   5   48  139  234  238  239  244  248  249  258  259  264  378  533
  677  679  682  683  684  685  686  687  688  689  690  691  692  694
  695  696  697  698  699  700  701  702  703  704  705  706  707  708
  709  710  711  712  713  714  716  717  719  721  722  724  726  727
  728  729  730  731  732  733  734  735  736  737  738  739  740  741
  742  743  744  745  746  747  748  749  750  751  752  754  755  756
  757  759  761  762  763  764  766  767  769  772  773  774  775  776
  777  778  779  780  781  782  785  786  787  788  790  791  792  793
  795  796  797  799  800  802  805  806  807  811  828  846  891  936
  950  983  988  990 1028 1030 1033 1035 1038 1040 1075 1080]
ids [   8   22   66   77   80   95  110  125  138  263  273  503  504  518
  519  529  534  543  663  678  680  715  718  720  723  725  758  760
  765  768  770  810  903  947  952  953  954  955  956  957  958  959
  960  961  962  963  964  965  967  968  969  970  971  972  973  974
  975  976  977  978  979  980  981  982  984  985  986  987  989  991
  992  994  995  996  997  998  999 1000 1001 1002 1003 1004 1005 1006
 1007 1008 1009 1010 1011 1012 1013 1014 1015 1016 1017 1018 1019 1020
 1021 1022 1023 1024 1025 1026 1027 1029 1031 1032 1034 1036 1037 1039
 1041 1042 1045 1046 1047 1050 1051 1052 1054 1055 1056 1057 1058 1060
 1061 1062 1063 1065 1066 1067 1068 1069 1070 1071 1072 1076 1077 1081]
ids [ 122  140  173  178  185  220  223  230  265  268  270  318  407  408
  409  412  413  414  415  416  417  418  419  420  421  422  423  424
  425  426  427  428  429  430  431  432  433  434  435  436  437  439
  440  441  442  444  446  447  449  451  452  454  456  457  458  459
  460  461  462  463  464  465  466  467  468  469  470  471  472  473
  474  475  476  477  478  479  480  481  482  483  484  485  486  487
  488  489  491  492  494  496  497  499  502  505  506  507  508  509
  510  511  512  513  514  515  516  517  520  521  522  523  524  525
  526  527  528  530  531  532  536  537  539  541  558  561  588  591
  803  949 1043 1044 1048 1049 1053 1059 1064 1074 1079]
ids [127 141 153 156 168 186 201 213 216 231 272 276 277 278 279 280 281 282
 283 284 285 286 287 288 289 290 291 292 293 294 295 296 297 298 299 300
 301 302 303 304 305 307 308 309 311 312 314 316 317 319 321 322 323 324
 325 326 327 328 329 330 331 332 333 334 335 336 337 338 339 340 341 342
 343 344 345 346 347 349 350 351 352 354 356 357 359 361 362 364 366 367
 369 370 371 372 373 374 375 376 377 380 382 383 385 386 387 388 389 390
 391 392 394 395 397 401 402 405 406 453 498 545 578 580 583 585 590 623
 625 628 630 633 670 675 814 909 913 914 919 924 928 943]
17:40:46-INFO: Step 41
17:40:46-DEBUG: Reaction systems: [[None]
 [0]]
17:40:46-DEBUG: rxn_pairs: [array([ 1, 13])]
17:40:46-DEBUG: Starting total colors: 5
17:40:46-DEBUG: Number of systems: 2
17:40:46-DEBUG: New total colors: 5
17:40:46-DEBUG: Potential energy for color 0: -31397.0051536663
ebond 3.129821157084677
ebond 3.129821157084677
ebond 3.129821157084677
ebond 3.129821157084677
ebond 3.129821157084677
17:40:46-DEBUG: Potential energy for color 1: -31396.423198473636
xhy 41 2 1 13
xhy 41 2 1 13
xhy 41 2 1 13
xhy 41 2 1 13
xhy 41 2 1 13
h_pos [ 7.72698576  9.33797731 10.62596387] x_pos [ 6.45700189  8.69500116 10.46497795] y_pos [ 8.17600687 10.59801269 10.41501435]
h_pos [ 7.72698576  9.33797731 10.62596387] x_pos [ 6.45700189  8.69500116 10.46497795] y_pos [ 8.17600687 10.59801269 10.41501435]
41 rHY 1.3541819792400176 rHX 1.4325480160248059 0.07836603678478826
h_pos [ 7.72698576  9.33797731 10.62596387] x_pos [ 6.45700189  8.69500116 10.46497795] y_pos [ 8.17600687 10.59801269 10.41501435]
h_pos [ 7.72698576  9.33797731 10.62596387] x_pos [ 6.45700189  8.69500116 10.46497795] y_pos [ 8.17600687 10.59801269 10.41501435]
41 rHY 1.3541819792400176 rHX 1.4325480160248059 0.07836603678478826
41 rHY 1.3541819792400176 rHX 1.4325480160248059 0.07836603678478826
41 rHY 1.3541819792400176 rHX 1.4325480160248059 0.07836603678478826
41 cpl_forces h [ 2.21446724  2.50753964 -0.07889791]
41 cpl_forces h [ 2.21446724  2.50753964 -0.07889791]
41 cpl_forces x [-1.61166436 -0.81596449 -0.20429808]
41 cpl_forces h [ 2.21446724  2.50753964 -0.07889791]
41 cpl_forces h [ 2.21446724  2.50753964 -0.07889791]
41 cpl_forces x [-1.61166436 -0.81596449 -0.20429808]
41 cpl_forces y [-0.60280287 -1.69157515  0.28319599]
41 cpl_forces x [-1.61166436 -0.81596449 -0.20429808]
41 cpl_forces x [-1.61166436 -0.81596449 -0.20429808]
41 cpl_forces y [-0.60280287 -1.69157515  0.28319599]
41 cpl_forces y [-0.60280287 -1.69157515  0.28319599]
41 cpl_forces y [-0.60280287 -1.69157515  0.28319599]
h_pos [ 7.72698576  9.33797731 10.62596387] x_pos [ 6.45700189  8.69500116 10.46497795] y_pos [ 8.17600687 10.59801269 10.41501435]
41 rHY 1.3541819792400176 rHX 1.4325480160248059 0.07836603678478826
17:40:46-DEBUG: System matrix: 
41 cpl_forces h [ 2.21446724  2.50753964 -0.07889791]
17:40:46-DEBUG: [[-3.13970052e+04  7.24949448e-01]
 [ 7.24949448e-01 -3.13964232e+04]]
17:40:46-DEBUG: Eigen values: 
41 cpl_forces x [-1.61166436 -0.81596449 -0.20429808]
17:40:46-DEBUG: [-31397.49534165 -31395.93301049]
17:40:46-DEBUG: Occupancies: 
41 cpl_forces y [-0.60280287 -1.69157515  0.28319599]
17:40:46-DEBUG: [1. 0.]
17:40:46-INFO: coupling 41 0.7249494475243978
17:40:46-DEBUG: Amplitudes: 
17:40:46-DEBUG: [0.68624579 0.31375421]
17:40:46-INFO: forces0 h [-15.98898695  -7.72742591  -2.43039825]
17:40:46-INFO: forces0 x [17.2203801   6.63041198  1.65325549]
17:40:46-INFO: forces0 y [ 3.34404158 -3.97769832  1.23684097]
17:40:46-INFO: forces1 h [ 3.56385381 12.55407803 -2.64482291]
17:40:46-INFO: forces1 x [ 3.680214    0.19815195 -0.64290461]
17:40:46-INFO: forces1 y [ -1.1761087  -14.89002804   3.0854038 ]
pos h  [ 7.72698576  9.33797731 10.62596387]
pos x  [ 6.45700189  8.69500116 10.46497795]
pos y  [ 8.17600687 10.59801269 10.41501435]
 mixed_cpl_forces: h [-2.05510437 -2.32708599  0.07322006]
 mixed_cpl_forces: x [1.49568186 0.75724407 0.18959589]
 mixed_cpl_forces: y [ 0.55942251  1.56984192 -0.26281595]
17:40:46-INFO: mixed forces h [-11.90930516  -3.69110459  -2.42445483]
17:40:46-INFO: mixed forces x [14.46777781  5.36950737  1.12242147]
17:40:46-INFO: mixed forces y [ 2.4852479  -5.83164583  1.5540194 ]
17:40:46-DEBUG: Minimum eigen value: 
17:40:46-DEBUG: -31397.49534164975
17:40:46-DEBUG: Minimum state: 
17:40:46-DEBUG: 0
        41   -31397.4953416497   -31397.4953416497        0.0000000000   -31397.0051536663        0.0000000000      0.29533140
ids [  1   2   3   4   9  10  11  12  13  14  15  16  17  18  19  20  21  23
  24  25  26  27  28  29  30  31  32  33  34  35  36  37  39  41  42  44
  46  47  49  50  51  52  53  54  55  56  57  58  59  60  61  62  63  64
  65  67  68  69  70  71  72  73  74  75  76  78  79  81  83  85  86  88
  89  90  91  93  96  97  98  99 100 101 103 104 105 106 109 111 113 114
 115 116 119 120 121 124 126 128 130 131 132 135 136 544 638 643 644 649
 654 659 664 669 674 815 850 860 893 895 898 900 905 938 945 951 966 993]
ids [ 137  142  143  144  145  146  147  148  149  150  151  152  154  155
  157  158  159  160  161  162  163  164  165  166  167  169  170  171
  172  174  175  176  177  179  180  181  182  184  187  188  189  190
  191  192  193  194  195  196  197  198  199  200  202  203  204  205
  206  207  208  209  210  211  212  214  215  217  218  219  221  222
  224  225  226  227  229  232  233  235  236  237  240  241  242  243
  245  246  247  250  251  252  253  254  255  256  257  260  261  262
  266  267  269  271  306  348  381  393  396  410  443  445  448  450
  455  490  493  495  500  535  538  540  784  789  794  798  804  808
  809  918  933 1073 1078]
ids [  6 102 107 108 112 117 118 123 133 183 228 275 310 313 315 320 353 355
 358 360 363 365 400 403 411 438 501 542 546 547 548 549 550 551 552 553
 554 555 556 557 559 560 562 563 564 565 566 567 568 569 570 571 572 573
 574 575 576 577 579 581 582 584 586 587 589 592 593 594 595 596 597 598
 599 600 601 602 603 604 605 606 607 608 609 610 611 612 613 614 615 616
 617 618 619 620 621 622 624 626 627 629 631 632 634 635 636 637 639 640
 641 642 645 646 647 648 650 651 652 653 655 656 657 658 660 661 662 665
 666 667 671 672 676 813]
ids [ 122  140  173  178  185  220  223  230  265  268  270  318  407  408
  409  412  413  414  415  416  417  418  419  420  421  422  423  424
  425  426  427  428  429  430  431  432  433  434  435  436  437  439
  440  441  442  444  446  447  449  451  452  454  456  457  458  459
  460  461  462  463  464  465  466  467  468  469  470  471  472  473
  474  475  476  477  478  479  480  481  482  483  484  485  486  487
  488  489  491  492  494  496  497  499  502  505  506  507  508  509
  510  511  512  513  514  515  516  517  520  521  522  523  524  525
  526  527  528  530  531  532  536  537  539  541  558  561  588  591
  803  949 1043 1044 1048 1049 1053 1059 1064 1074 1079]
ids [   8   22   66   77   80   95  110  125  138  263  273  503  504  518
  519  529  534  543  663  678  680  715  718  720  723  725  758  760
  765  768  770  810  903  947  952  953  954  955  956  957  958  959
  960  961  962  963  964  965  967  968  969  970  971  972  973  974
  975  976  977  978  979  980  981  982  984  985  986  987  989  991
  992  994  995  996  997  998  999 1000 1001 1002 1003 1004 1005 1006
 1007 1008 1009 1010 1011 1012 1013 1014 1015 1016 1017 1018 1019 1020
 1021 1022 1023 1024 1025 1026 1027 1029 1031 1032 1034 1036 1037 1039
 1041 1042 1045 1046 1047 1050 1051 1052 1054 1055 1056 1057 1058 1060
 1061 1062 1063 1065 1066 1067 1068 1069 1070 1071 1072 1076 1077 1081]
ids [  7  38  40  43  45  82  84  87  92  94 129 134 274 368 379 384 398 399
 404 668 673 681 693 753 771 783 801 812 816 817 818 819 820 821 822 823
 824 825 826 827 829 830 831 832 833 834 835 836 837 838 839 840 841 842
 843 844 845 847 848 849 851 852 853 854 855 856 857 858 859 861 862 863
 864 865 866 867 868 869 870 871 872 873 874 875 876 877 878 879 880 881
 882 883 884 885 886 887 888 889 890 892 894 896 897 899 901 902 904 906
 907 908 910 911 912 915 916 917 920 921 922 923 925 926 927 929 930 931
 932 934 935 937 939 940 941 942 944 946 948]
ids [   5   48  139  234  238  239  244  248  249  258  259  264  378  533
  677  679  682  683  684  685  686  687  688  689  690  691  692  694
  695  696  697  698  699  700  701  702  703  704  705  706  707  708
  709  710  711  712  713  714  716  717  719  721  722  724  726  727
  728  729  730  731  732  733  734  735  736  737  738  739  740  741
  742  743  744  745  746  747  748  749  750  751  752  754  755  756
  757  759  761  762  763  764  766  767  769  772  773  774  775  776
  777  778  779  780  781  782  785  786  787  788  790  791  792  793
  795  796  797  799  800  802  805  806  807  811  828  846  891  936
  950  983  988  990 1028 1030 1033 1035 1038 1040 1075 1080]
ids [127 141 153 156 168 186 201 213 216 231 272 276 277 278 279 280 281 282
 283 284 285 286 287 288 289 290 291 292 293 294 295 296 297 298 299 300
 301 302 303 304 305 307 308 309 311 312 314 316 317 319 321 322 323 324
 325 326 327 328 329 330 331 332 333 334 335 336 337 338 339 340 341 342
 343 344 345 346 347 349 350 351 352 354 356 357 359 361 362 364 366 367
 369 370 371 372 373 374 375 376 377 380 382 383 385 386 387 388 389 390
 391 392 394 395 397 401 402 405 406 453 498 545 578 580 583 585 590 623
 625 628 630 633 670 675 814 909 913 914 919 924 928 943]
17:40:46-INFO: Step 42
17:40:46-DEBUG: Reaction systems: [[None]
 [0]]
17:40:46-DEBUG: rxn_pairs: [array([ 1, 13])]
17:40:46-DEBUG: Starting total colors: 5
17:40:46-DEBUG: Number of systems: 2
17:40:46-DEBUG: New total colors: 5
17:40:46-DEBUG: Potential energy for color 0: -31397.0051536663
ebond 3.129821157084677
ebond 3.129821157084677
ebond 3.129821157084677
ebond 3.129821157084677
ebond 3.129821157084677
17:40:46-DEBUG: Potential energy for color 1: -31396.423198473636
xhy 42 2 1 13
xhy 42 2 1 13
xhy 42 2 1 13
xhy 42 2 1 13
xhy 42 2 1 13
h_pos [ 7.72698576  9.33797731 10.62596387] x_pos [ 6.45700189  8.69500116 10.46497795] y_pos [ 8.17600687 10.59801269 10.41501435]
42 rHY 1.3541819792400176 rHX 1.4325480160248059 0.07836603678478826
h_pos [ 7.72698576  9.33797731 10.62596387] x_pos [ 6.45700189  8.69500116 10.46497795] y_pos [ 8.17600687 10.59801269 10.41501435]
h_pos [ 7.72698576  9.33797731 10.62596387] x_pos [ 6.45700189  8.69500116 10.46497795] y_pos [ 8.17600687 10.59801269 10.41501435]
h_pos [ 7.72698576  9.33797731 10.62596387] x_pos [ 6.45700189  8.69500116 10.46497795] y_pos [ 8.17600687 10.59801269 10.41501435]
42 rHY 1.3541819792400176 rHX 1.4325480160248059 0.07836603678478826
42 rHY 1.3541819792400176 rHX 1.4325480160248059 0.07836603678478826
42 rHY 1.3541819792400176 rHX 1.4325480160248059 0.07836603678478826
42 cpl_forces h [ 2.21446724  2.50753964 -0.07889791]
42 cpl_forces x [-1.61166436 -0.81596449 -0.20429808]
42 cpl_forces h [ 2.21446724  2.50753964 -0.07889791]
42 cpl_forces h [ 2.21446724  2.50753964 -0.07889791]
42 cpl_forces h [ 2.21446724  2.50753964 -0.07889791]
42 cpl_forces y [-0.60280287 -1.69157515  0.28319599]
42 cpl_forces x [-1.61166436 -0.81596449 -0.20429808]
42 cpl_forces x [-1.61166436 -0.81596449 -0.20429808]
42 cpl_forces x [-1.61166436 -0.81596449 -0.20429808]
42 cpl_forces y [-0.60280287 -1.69157515  0.28319599]
42 cpl_forces y [-0.60280287 -1.69157515  0.28319599]
42 cpl_forces y [-0.60280287 -1.69157515  0.28319599]
h_pos [ 7.72698576  9.33797731 10.62596387] x_pos [ 6.45700189  8.69500116 10.46497795] y_pos [ 8.17600687 10.59801269 10.41501435]
42 rHY 1.3541819792400176 rHX 1.4325480160248059 0.07836603678478826
17:40:46-DEBUG: System matrix: 
42 cpl_forces h [ 2.21446724  2.50753964 -0.07889791]
17:40:46-DEBUG: [[-3.13970052e+04  7.24949448e-01]
 [ 7.24949448e-01 -3.13964232e+04]]
17:40:46-DEBUG: Eigen values: 
42 cpl_forces x [-1.61166436 -0.81596449 -0.20429808]
17:40:46-DEBUG: [-31397.49534165 -31395.93301049]
17:40:46-DEBUG: Occupancies: 
17:40:46-DEBUG: [1. 0.]
42 cpl_forces y [-0.60280287 -1.69157515  0.28319599]
17:40:46-INFO: coupling 42 0.7249494475243978
17:40:46-DEBUG: Amplitudes: 
17:40:46-DEBUG: [0.68624579 0.31375421]
17:40:46-INFO: forces0 h [-15.98898695  -7.72742591  -2.43039825]
17:40:46-INFO: forces0 x [17.2203801   6.63041198  1.65325549]
17:40:46-INFO: forces0 y [ 3.34404158 -3.97769832  1.23684097]
17:40:46-INFO: forces1 h [ 3.56385381 12.55407803 -2.64482291]
17:40:46-INFO: forces1 x [ 3.680214    0.19815195 -0.64290461]
17:40:46-INFO: forces1 y [ -1.1761087  -14.89002804   3.0854038 ]
pos h  [ 7.72698576  9.33797731 10.62596387]
pos x  [ 6.45700189  8.69500116 10.46497795]
pos y  [ 8.17600687 10.59801269 10.41501435]
 mixed_cpl_forces: h [-2.05510437 -2.32708599  0.07322006]
 mixed_cpl_forces: x [1.49568186 0.75724407 0.18959589]
 mixed_cpl_forces: y [ 0.55942251  1.56984192 -0.26281595]
17:40:46-INFO: mixed forces h [-11.90930516  -3.69110459  -2.42445483]
17:40:46-INFO: mixed forces x [14.46777781  5.36950737  1.12242147]
17:40:46-INFO: mixed forces y [ 2.4852479  -5.83164583  1.5540194 ]
17:40:46-DEBUG: Minimum eigen value: 
17:40:46-DEBUG: -31397.49534164975
17:40:46-DEBUG: Minimum state: 
17:40:46-DEBUG: 0
        42   -31397.4953416497   -31397.4953416497        0.0000000000   -31397.0051536663        0.0000000000      0.29699663
ids [  1   2   3   4   9  10  11  12  13  14  15  16  17  18  19  20  21  23
  24  25  26  27  28  29  30  31  32  33  34  35  36  37  39  41  42  44
  46  47  49  50  51  52  53  54  55  56  57  58  59  60  61  62  63  64
  65  67  68  69  70  71  72  73  74  75  76  78  79  81  83  85  86  88
  89  90  91  93  96  97  98  99 100 101 103 104 105 106 109 111 113 114
 115 116 119 120 121 124 126 128 130 131 132 135 136 544 638 643 644 649
 654 659 664 669 674 815 850 860 893 895 898 900 905 938 945 951 966 993]
ids [ 137  142  143  144  145  146  147  148  149  150  151  152  154  155
  157  158  159  160  161  162  163  164  165  166  167  169  170  171
  172  174  175  176  177  179  180  181  182  184  187  188  189  190
  191  192  193  194  195  196  197  198  199  200  202  203  204  205
  206  207  208  209  210  211  212  214  215  217  218  219  221  222
  224  225  226  227  229  232  233  235  236  237  240  241  242  243
  245  246  247  250  251  252  253  254  255  256  257  260  261  262
  266  267  269  271  306  348  381  393  396  410  443  445  448  450
  455  490  493  495  500  535  538  540  784  789  794  798  804  808
  809  918  933 1073 1078]
ids [  7  38  40  43  45  82  84  87  92  94 129 134 274 368 379 384 398 399
 404 668 673 681 693 753 771 783 801 812 816 817 818 819 820 821 822 823
 824 825 826 827 829 830 831 832 833 834 835 836 837 838 839 840 841 842
 843 844 845 847 848 849 851 852 853 854 855 856 857 858 859 861 862 863
 864 865 866 867 868 869 870 871 872 873 874 875 876 877 878 879 880 881
 882 883 884 885 886 887 888 889 890 892 894 896 897 899 901 902 904 906
 907 908 910 911 912 915 916 917 920 921 922 923 925 926 927 929 930 931
 932 934 935 937 939 940 941 942 944 946 948]
ids [  6 102 107 108 112 117 118 123 133 183 228 275 310 313 315 320 353 355
 358 360 363 365 400 403 411 438 501 542 546 547 548 549 550 551 552 553
 554 555 556 557 559 560 562 563 564 565 566 567 568 569 570 571 572 573
 574 575 576 577 579 581 582 584 586 587 589 592 593 594 595 596 597 598
 599 600 601 602 603 604 605 606 607 608 609 610 611 612 613 614 615 616
 617 618 619 620 621 622 624 626 627 629 631 632 634 635 636 637 639 640
 641 642 645 646 647 648 650 651 652 653 655 656 657 658 660 661 662 665
 666 667 671 672 676 813]
ids [ 122  140  173  178  185  220  223  230  265  268  270  318  407  408
  409  412  413  414  415  416  417  418  419  420  421  422  423  424
  425  426  427  428  429  430  431  432  433  434  435  436  437  439
  440  441  442  444  446  447  449  451  452  454  456  457  458  459
  460  461  462  463  464  465  466  467  468  469  470  471  472  473
  474  475  476  477  478  479  480  481  482  483  484  485  486  487
  488  489  491  492  494  496  497  499  502  505  506  507  508  509
  510  511  512  513  514  515  516  517  520  521  522  523  524  525
  526  527  528  530  531  532  536  537  539  541  558  561  588  591
  803  949 1043 1044 1048 1049 1053 1059 1064 1074 1079]
ids [   8   22   66   77   80   95  110  125  138  263  273  503  504  518
  519  529  534  543  663  678  680  715  718  720  723  725  758  760
  765  768  770  810  903  947  952  953  954  955  956  957  958  959
  960  961  962  963  964  965  967  968  969  970  971  972  973  974
  975  976  977  978  979  980  981  982  984  985  986  987  989  991
  992  994  995  996  997  998  999 1000 1001 1002 1003 1004 1005 1006
 1007 1008 1009 1010 1011 1012 1013 1014 1015 1016 1017 1018 1019 1020
 1021 1022 1023 1024 1025 1026 1027 1029 1031 1032 1034 1036 1037 1039
 1041 1042 1045 1046 1047 1050 1051 1052 1054 1055 1056 1057 1058 1060
 1061 1062 1063 1065 1066 1067 1068 1069 1070 1071 1072 1076 1077 1081]
ids [   5   48  139  234  238  239  244  248  249  258  259  264  378  533
  677  679  682  683  684  685  686  687  688  689  690  691  692  694
  695  696  697  698  699  700  701  702  703  704  705  706  707  708
  709  710  711  712  713  714  716  717  719  721  722  724  726  727
  728  729  730  731  732  733  734  735  736  737  738  739  740  741
  742  743  744  745  746  747  748  749  750  751  752  754  755  756
  757  759  761  762  763  764  766  767  769  772  773  774  775  776
  777  778  779  780  781  782  785  786  787  788  790  791  792  793
  795  796  797  799  800  802  805  806  807  811  828  846  891  936
  950  983  988  990 1028 1030 1033 1035 1038 1040 1075 1080]
ids [127 141 153 156 168 186 201 213 216 231 272 276 277 278 279 280 281 282
 283 284 285 286 287 288 289 290 291 292 293 294 295 296 297 298 299 300
 301 302 303 304 305 307 308 309 311 312 314 316 317 319 321 322 323 324
 325 326 327 328 329 330 331 332 333 334 335 336 337 338 339 340 341 342
 343 344 345 346 347 349 350 351 352 354 356 357 359 361 362 364 366 367
 369 370 371 372 373 374 375 376 377 380 382 383 385 386 387 388 389 390
 391 392 394 395 397 401 402 405 406 453 498 545 578 580 583 585 590 623
 625 628 630 633 670 675 814 909 913 914 919 924 928 943]
17:40:46-INFO: Step 43
17:40:46-DEBUG: Reaction systems: [[None]
 [0]]
17:40:46-DEBUG: rxn_pairs: [array([ 1, 13])]
17:40:46-DEBUG: Starting total colors: 5
17:40:46-DEBUG: Number of systems: 2
17:40:46-DEBUG: New total colors: 5
17:40:46-DEBUG: Potential energy for color 0: -31397.0051536663
ebond 3.129821157084677
ebond 3.129821157084677
ebond 3.129821157084677
ebond 3.129821157084677
ebond 3.129821157084677
17:40:46-DEBUG: Potential energy for color 1: -31396.423198473636
xhy 43 2 1 13
xhy 43 2 1 13
xhy 43 2 1 13
xhy 43 2 1 13
xhy 43 2 1 13
h_pos [ 7.72698576  9.33797731 10.62596387] x_pos [ 6.45700189  8.69500116 10.46497795] y_pos [ 8.17600687 10.59801269 10.41501435]
h_pos [ 7.72698576  9.33797731 10.62596387] x_pos [ 6.45700189  8.69500116 10.46497795] y_pos [ 8.17600687 10.59801269 10.41501435]
43 rHY 1.3541819792400176 rHX 1.4325480160248059 0.07836603678478826
h_pos [ 7.72698576  9.33797731 10.62596387] x_pos [ 6.45700189  8.69500116 10.46497795] y_pos [ 8.17600687 10.59801269 10.41501435]
h_pos [ 7.72698576  9.33797731 10.62596387] x_pos [ 6.45700189  8.69500116 10.46497795] y_pos [ 8.17600687 10.59801269 10.41501435]
43 rHY 1.3541819792400176 rHX 1.4325480160248059 0.07836603678478826
43 rHY 1.3541819792400176 rHX 1.4325480160248059 0.07836603678478826
43 rHY 1.3541819792400176 rHX 1.4325480160248059 0.07836603678478826
43 cpl_forces h [ 2.21446724  2.50753964 -0.07889791]
43 cpl_forces h [ 2.21446724  2.50753964 -0.07889791]
43 cpl_forces h [ 2.21446724  2.50753964 -0.07889791]
43 cpl_forces h [ 2.21446724  2.50753964 -0.07889791]
43 cpl_forces x [-1.61166436 -0.81596449 -0.20429808]
43 cpl_forces x [-1.61166436 -0.81596449 -0.20429808]
43 cpl_forces x [-1.61166436 -0.81596449 -0.20429808]
43 cpl_forces x [-1.61166436 -0.81596449 -0.20429808]
43 cpl_forces y [-0.60280287 -1.69157515  0.28319599]
43 cpl_forces y [-0.60280287 -1.69157515  0.28319599]
43 cpl_forces y [-0.60280287 -1.69157515  0.28319599]
h_pos [ 7.72698576  9.33797731 10.62596387] x_pos [ 6.45700189  8.69500116 10.46497795] y_pos [ 8.17600687 10.59801269 10.41501435]
43 cpl_forces y [-0.60280287 -1.69157515  0.28319599]
43 rHY 1.3541819792400176 rHX 1.4325480160248059 0.07836603678478826
17:40:46-DEBUG: System matrix: 
43 cpl_forces h [ 2.21446724  2.50753964 -0.07889791]
43 cpl_forces x [-1.61166436 -0.81596449 -0.20429808]
17:40:46-DEBUG: [[-3.13970052e+04  7.24949448e-01]
 [ 7.24949448e-01 -3.13964232e+04]]
17:40:46-DEBUG: Eigen values: 
43 cpl_forces y [-0.60280287 -1.69157515  0.28319599]
17:40:46-DEBUG: [-31397.49534165 -31395.93301049]
17:40:46-DEBUG: Occupancies: 
17:40:46-DEBUG: [1. 0.]
17:40:46-INFO: coupling 43 0.7249494475243978
17:40:46-DEBUG: Amplitudes: 
17:40:46-DEBUG: [0.68624579 0.31375421]
17:40:46-INFO: forces0 h [-15.98898695  -7.72742591  -2.43039825]
17:40:46-INFO: forces0 x [17.2203801   6.63041198  1.65325549]
17:40:46-INFO: forces0 y [ 3.34404158 -3.97769832  1.23684097]
17:40:46-INFO: forces1 h [ 3.56385381 12.55407803 -2.64482291]
17:40:46-INFO: forces1 x [ 3.680214    0.19815195 -0.64290461]
17:40:46-INFO: forces1 y [ -1.1761087  -14.89002804   3.0854038 ]
pos h  [ 7.72698576  9.33797731 10.62596387]
pos x  [ 6.45700189  8.69500116 10.46497795]
pos y  [ 8.17600687 10.59801269 10.41501435]
 mixed_cpl_forces: h [-2.05510437 -2.32708599  0.07322006]
 mixed_cpl_forces: x [1.49568186 0.75724407 0.18959589]
 mixed_cpl_forces: y [ 0.55942251  1.56984192 -0.26281595]
17:40:46-INFO: mixed forces h [-11.90930516  -3.69110459  -2.42445483]
17:40:46-INFO: mixed forces x [14.46777781  5.36950737  1.12242147]
17:40:46-INFO: mixed forces y [ 2.4852479  -5.83164583  1.5540194 ]
17:40:46-DEBUG: Minimum eigen value: 
17:40:46-DEBUG: -31397.49534164975
17:40:46-DEBUG: Minimum state: 
17:40:46-DEBUG: 0
        43   -31397.4953416497   -31397.4953416497        0.0000000000   -31397.0051536663        0.0000000000      0.29603587
ids [  7  38  40  43  45  82  84  87  92  94 129 134 274 368 379 384 398 399
 404 668 673 681 693 753 771 783 801 812 816 817 818 819 820 821 822 823
 824 825 826 827 829 830 831 832 833 834 835 836 837 838 839 840 841 842
 843 844 845 847 848 849 851 852 853 854 855 856 857 858 859 861 862 863
 864 865 866 867 868 869 870 871 872 873 874 875 876 877 878 879 880 881
 882 883 884 885 886 887 888 889 890 892 894 896 897 899 901 902 904 906
 907 908 910 911 912 915 916 917 920 921 922 923 925 926 927 929 930 931
 932 934 935 937 939 940 941 942 944 946 948]
ids [  6 102 107 108 112 117 118 123 133 183 228 275 310 313 315 320 353 355
 358 360 363 365 400 403 411 438 501 542 546 547 548 549 550 551 552 553
 554 555 556 557 559 560 562 563 564 565 566 567 568 569 570 571 572 573
 574 575 576 577 579 581 582 584 586 587 589 592 593 594 595 596 597 598
 599 600 601 602 603 604 605 606 607 608 609 610 611 612 613 614 615 616
 617 618 619 620 621 622 624 626 627 629 631 632 634 635 636 637 639 640
 641 642 645 646 647 648 650 651 652 653 655 656 657 658 660 661 662 665
 666 667 671 672 676 813]
ids [ 122  140  173  178  185  220  223  230  265  268  270  318  407  408
  409  412  413  414  415  416  417  418  419  420  421  422  423  424
  425  426  427  428  429  430  431  432  433  434  435  436  437  439
  440  441  442  444  446  447  449  451  452  454  456  457  458  459
  460  461  462  463  464  465  466  467  468  469  470  471  472  473
  474  475  476  477  478  479  480  481  482  483  484  485  486  487
  488  489  491  492  494  496  497  499  502  505  506  507  508  509
  510  511  512  513  514  515  516  517  520  521  522  523  524  525
  526  527  528  530  531  532  536  537  539  541  558  561  588  591
  803  949 1043 1044 1048 1049 1053 1059 1064 1074 1079]
ids [   8   22   66   77   80   95  110  125  138  263  273  503  504  518
  519  529  534  543  663  678  680  715  718  720  723  725  758  760
  765  768  770  810  903  947  952  953  954  955  956  957  958  959
  960  961  962  963  964  965  967  968  969  970  971  972  973  974
  975  976  977  978  979  980  981  982  984  985  986  987  989  991
  992  994  995  996  997  998  999 1000 1001 1002 1003 1004 1005 1006
 1007 1008 1009 1010 1011 1012 1013 1014 1015 1016 1017 1018 1019 1020
 1021 1022 1023 1024 1025 1026 1027 1029 1031 1032 1034 1036 1037 1039
 1041 1042 1045 1046 1047 1050 1051 1052 1054 1055 1056 1057 1058 1060
 1061 1062 1063 1065 1066 1067 1068 1069 1070 1071 1072 1076 1077 1081]
ids [  1   2   3   4   9  10  11  12  13  14  15  16  17  18  19  20  21  23
  24  25  26  27  28  29  30  31  32  33  34  35  36  37  39  41  42  44
  46  47  49  50  51  52  53  54  55  56  57  58  59  60  61  62  63  64
  65  67  68  69  70  71  72  73  74  75  76  78  79  81  83  85  86  88
  89  90  91  93  96  97  98  99 100 101 103 104 105 106 109 111 113 114
 115 116 119 120 121 124 126 128 130 131 132 135 136 544 638 643 644 649
 654 659 664 669 674 815 850 860 893 895 898 900 905 938 945 951 966 993]
ids [   5   48  139  234  238  239  244  248  249  258  259  264  378  533
  677  679  682  683  684  685  686  687  688  689  690  691  692  694
  695  696  697  698  699  700  701  702  703  704  705  706  707  708
  709  710  711  712  713  714  716  717  719  721  722  724  726  727
  728  729  730  731  732  733  734  735  736  737  738  739  740  741
  742  743  744  745  746  747  748  749  750  751  752  754  755  756
  757  759  761  762  763  764  766  767  769  772  773  774  775  776
  777  778  779  780  781  782  785  786  787  788  790  791  792  793
  795  796  797  799  800  802  805  806  807  811  828  846  891  936
  950  983  988  990 1028 1030 1033 1035 1038 1040 1075 1080]
ids [127 141 153 156 168 186 201 213 216 231 272 276 277 278 279 280 281 282
 283 284 285 286 287 288 289 290 291 292 293 294 295 296 297 298 299 300
 301 302 303 304 305 307 308 309 311 312 314 316 317 319 321 322 323 324
 325 326 327 328 329 330 331 332 333 334 335 336 337 338 339 340 341 342
 343 344 345 346 347 349 350 351 352 354 356 357 359 361 362 364 366 367
 369 370 371 372 373 374 375 376 377 380 382 383 385 386 387 388 389 390
 391 392 394 395 397 401 402 405 406 453 498 545 578 580 583 585 590 623
 625 628 630 633 670 675 814 909 913 914 919 924 928 943]
ids [ 137  142  143  144  145  146  147  148  149  150  151  152  154  155
  157  158  159  160  161  162  163  164  165  166  167  169  170  171
  172  174  175  176  177  179  180  181  182  184  187  188  189  190
  191  192  193  194  195  196  197  198  199  200  202  203  204  205
  206  207  208  209  210  211  212  214  215  217  218  219  221  222
  224  225  226  227  229  232  233  235  236  237  240  241  242  243
  245  246  247  250  251  252  253  254  255  256  257  260  261  262
  266  267  269  271  306  348  381  393  396  410  443  445  448  450
  455  490  493  495  500  535  538  540  784  789  794  798  804  808
  809  918  933 1073 1078]
17:40:46-INFO: Step 44
17:40:46-DEBUG: Reaction systems: [[None]
 [0]]
17:40:46-DEBUG: rxn_pairs: [array([ 1, 13])]
17:40:46-DEBUG: Starting total colors: 5
17:40:46-DEBUG: Number of systems: 2
17:40:46-DEBUG: New total colors: 5
17:40:46-DEBUG: Potential energy for color 0: -31397.0051536663
ebond 3.129821157084677
ebond 3.129821157084677
ebond 3.129821157084677
ebond 3.129821157084677
ebond 3.129821157084677
17:40:46-DEBUG: Potential energy for color 1: -31396.423198473636
xhy 44 2 1 13
xhy 44 2 1 13
xhy 44 2 1 13
xhy 44 2 1 13
xhy 44 2 1 13
h_pos [ 7.72698576  9.33797731 10.62596387] x_pos [ 6.45700189  8.69500116 10.46497795] y_pos [ 8.17600687 10.59801269 10.41501435]
h_pos [ 7.72698576  9.33797731 10.62596387] x_pos [ 6.45700189  8.69500116 10.46497795] y_pos [ 8.17600687 10.59801269 10.41501435]
44 rHY 1.3541819792400176 rHX 1.4325480160248059 0.07836603678478826
h_pos [ 7.72698576  9.33797731 10.62596387] x_pos [ 6.45700189  8.69500116 10.46497795] y_pos [ 8.17600687 10.59801269 10.41501435]
h_pos [ 7.72698576  9.33797731 10.62596387] x_pos [ 6.45700189  8.69500116 10.46497795] y_pos [ 8.17600687 10.59801269 10.41501435]
44 rHY 1.3541819792400176 rHX 1.4325480160248059 0.07836603678478826
44 rHY 1.3541819792400176 rHX 1.4325480160248059 0.07836603678478826
44 rHY 1.3541819792400176 rHX 1.4325480160248059 0.07836603678478826
44 cpl_forces h [ 2.21446724  2.50753964 -0.07889791]
44 cpl_forces h [ 2.21446724  2.50753964 -0.07889791]
44 cpl_forces h [ 2.21446724  2.50753964 -0.07889791]
44 cpl_forces h [ 2.21446724  2.50753964 -0.07889791]
44 cpl_forces x [-1.61166436 -0.81596449 -0.20429808]
44 cpl_forces x [-1.61166436 -0.81596449 -0.20429808]
44 cpl_forces x [-1.61166436 -0.81596449 -0.20429808]
44 cpl_forces x [-1.61166436 -0.81596449 -0.20429808]
44 cpl_forces y [-0.60280287 -1.69157515  0.28319599]
44 cpl_forces y [-0.60280287 -1.69157515  0.28319599]
44 cpl_forces y [-0.60280287 -1.69157515  0.28319599]
44 cpl_forces y [-0.60280287 -1.69157515  0.28319599]
h_pos [ 7.72698576  9.33797731 10.62596387] x_pos [ 6.45700189  8.69500116 10.46497795] y_pos [ 8.17600687 10.59801269 10.41501435]
44 rHY 1.3541819792400176 rHX 1.4325480160248059 0.07836603678478826
17:40:46-DEBUG: System matrix: 
44 cpl_forces h [ 2.21446724  2.50753964 -0.07889791]
17:40:46-DEBUG: [[-3.13970052e+04  7.24949448e-01]
 [ 7.24949448e-01 -3.13964232e+04]]
17:40:46-DEBUG: Eigen values: 
44 cpl_forces x [-1.61166436 -0.81596449 -0.20429808]
17:40:46-DEBUG: [-31397.49534165 -31395.93301049]
17:40:46-DEBUG: Occupancies: 
44 cpl_forces y [-0.60280287 -1.69157515  0.28319599]
17:40:46-DEBUG: [1. 0.]
17:40:46-INFO: coupling 44 0.7249494475243978
17:40:46-DEBUG: Amplitudes: 
17:40:46-DEBUG: [0.68624579 0.31375421]
17:40:46-INFO: forces0 h [-15.98898695  -7.72742591  -2.43039825]
17:40:46-INFO: forces0 x [17.2203801   6.63041198  1.65325549]
17:40:46-INFO: forces0 y [ 3.34404158 -3.97769832  1.23684097]
17:40:46-INFO: forces1 h [ 3.56385381 12.55407803 -2.64482291]
17:40:46-INFO: forces1 x [ 3.680214    0.19815195 -0.64290461]
17:40:46-INFO: forces1 y [ -1.1761087  -14.89002804   3.0854038 ]
pos h  [ 7.72698576  9.33797731 10.62596387]
pos x  [ 6.45700189  8.69500116 10.46497795]
pos y  [ 8.17600687 10.59801269 10.41501435]
 mixed_cpl_forces: h [-2.05510437 -2.32708599  0.07322006]
 mixed_cpl_forces: x [1.49568186 0.75724407 0.18959589]
 mixed_cpl_forces: y [ 0.55942251  1.56984192 -0.26281595]
17:40:46-INFO: mixed forces h [-11.90930516  -3.69110459  -2.42445483]
17:40:46-INFO: mixed forces x [14.46777781  5.36950737  1.12242147]
17:40:46-INFO: mixed forces y [ 2.4852479  -5.83164583  1.5540194 ]
17:40:46-DEBUG: Minimum eigen value: 
17:40:46-DEBUG: -31397.49534164975
17:40:46-DEBUG: Minimum state: 
17:40:46-DEBUG: 0
        44   -31397.4953416497   -31397.4953416497        0.0000000000   -31397.0051536663        0.0000000000      0.29363595
ids [  1   2   3   4   9  10  11  12  13  14  15  16  17  18  19  20  21  23
  24  25  26  27  28  29  30  31  32  33  34  35  36  37  39  41  42  44
  46  47  49  50  51  52  53  54  55  56  57  58  59  60  61  62  63  64
  65  67  68  69  70  71  72  73  74  75  76  78  79  81  83  85  86  88
  89  90  91  93  96  97  98  99 100 101 103 104 105 106 109 111 113 114
 115 116 119 120 121 124 126 128 130 131 132 135 136 544 638 643 644 649
 654 659 664 669 674 815 850 860 893 895 898 900 905 938 945 951 966 993]
ids [   5   48  139  234  238  239  244  248  249  258  259  264  378  533
  677  679  682  683  684  685  686  687  688  689  690  691  692  694
  695  696  697  698  699  700  701  702  703  704  705  706  707  708
  709  710  711  712  713  714  716  717  719  721  722  724  726  727
  728  729  730  731  732  733  734  735  736  737  738  739  740  741
  742  743  744  745  746  747  748  749  750  751  752  754  755  756
  757  759  761  762  763  764  766  767  769  772  773  774  775  776
  777  778  779  780  781  782  785  786  787  788  790  791  792  793
  795  796  797  799  800  802  805  806  807  811  828  846  891  936
  950  983  988  990 1028 1030 1033 1035 1038 1040 1075 1080]
ids [   8   22   66   77   80   95  110  125  138  263  273  503  504  518
  519  529  534  543  663  678  680  715  718  720  723  725  758  760
  765  768  770  810  903  947  952  953  954  955  956  957  958  959
  960  961  962  963  964  965  967  968  969  970  971  972  973  974
  975  976  977  978  979  980  981  982  984  985  986  987  989  991
  992  994  995  996  997  998  999 1000 1001 1002 1003 1004 1005 1006
 1007 1008 1009 1010 1011 1012 1013 1014 1015 1016 1017 1018 1019 1020
 1021 1022 1023 1024 1025 1026 1027 1029 1031 1032 1034 1036 1037 1039
 1041 1042 1045 1046 1047 1050 1051 1052 1054 1055 1056 1057 1058 1060
 1061 1062 1063 1065 1066 1067 1068 1069 1070 1071 1072 1076 1077 1081]
ids [  7  38  40  43  45  82  84  87  92  94 129 134 274 368 379 384 398 399
 404 668 673 681 693 753 771 783 801 812 816 817 818 819 820 821 822 823
 824 825 826 827 829 830 831 832 833 834 835 836 837 838 839 840 841 842
 843 844 845 847 848 849 851 852 853 854 855 856 857 858 859 861 862 863
 864 865 866 867 868 869 870 871 872 873 874 875 876 877 878 879 880 881
 882 883 884 885 886 887 888 889 890 892 894 896 897 899 901 902 904 906
 907 908 910 911 912 915 916 917 920 921 922 923 925 926 927 929 930 931
 932 934 935 937 939 940 941 942 944 946 948]
ids [  6 102 107 108 112 117 118 123 133 183 228 275 310 313 315 320 353 355
 358 360 363 365 400 403 411 438 501 542 546 547 548 549 550 551 552 553
 554 555 556 557 559 560 562 563 564 565 566 567 568 569 570 571 572 573
 574 575 576 577 579 581 582 584 586 587 589 592 593 594 595 596 597 598
 599 600 601 602 603 604 605 606 607 608 609 610 611 612 613 614 615 616
 617 618 619 620 621 622 624 626 627 629 631 632 634 635 636 637 639 640
 641 642 645 646 647 648 650 651 652 653 655 656 657 658 660 661 662 665
 666 667 671 672 676 813]
ids [ 122  140  173  178  185  220  223  230  265  268  270  318  407  408
  409  412  413  414  415  416  417  418  419  420  421  422  423  424
  425  426  427  428  429  430  431  432  433  434  435  436  437  439
  440  441  442  444  446  447  449  451  452  454  456  457  458  459
  460  461  462  463  464  465  466  467  468  469  470  471  472  473
  474  475  476  477  478  479  480  481  482  483  484  485  486  487
  488  489  491  492  494  496  497  499  502  505  506  507  508  509
  510  511  512  513  514  515  516  517  520  521  522  523  524  525
  526  527  528  530  531  532  536  537  539  541  558  561  588  591
  803  949 1043 1044 1048 1049 1053 1059 1064 1074 1079]
ids [ 137  142  143  144  145  146  147  148  149  150  151  152  154  155
  157  158  159  160  161  162  163  164  165  166  167  169  170  171
  172  174  175  176  177  179  180  181  182  184  187  188  189  190
  191  192  193  194  195  196  197  198  199  200  202  203  204  205
  206  207  208  209  210  211  212  214  215  217  218  219  221  222
  224  225  226  227  229  232  233  235  236  237  240  241  242  243
  245  246  247  250  251  252  253  254  255  256  257  260  261  262
  266  267  269  271  306  348  381  393  396  410  443  445  448  450
  455  490  493  495  500  535  538  540  784  789  794  798  804  808
  809  918  933 1073 1078]
ids [127 141 153 156 168 186 201 213 216 231 272 276 277 278 279 280 281 282
 283 284 285 286 287 288 289 290 291 292 293 294 295 296 297 298 299 300
 301 302 303 304 305 307 308 309 311 312 314 316 317 319 321 322 323 324
 325 326 327 328 329 330 331 332 333 334 335 336 337 338 339 340 341 342
 343 344 345 346 347 349 350 351 352 354 356 357 359 361 362 364 366 367
 369 370 371 372 373 374 375 376 377 380 382 383 385 386 387 388 389 390
 391 392 394 395 397 401 402 405 406 453 498 545 578 580 583 585 590 623
 625 628 630 633 670 675 814 909 913 914 919 924 928 943]
17:40:46-INFO: Step 45
17:40:46-DEBUG: Reaction systems: [[None]
 [0]]
17:40:46-DEBUG: rxn_pairs: [array([ 1, 13])]
17:40:46-DEBUG: Starting total colors: 5
17:40:46-DEBUG: Number of systems: 2
17:40:46-DEBUG: New total colors: 5
17:40:46-DEBUG: Potential energy for color 0: -31397.0051536663
ebond 3.129821157084677
ebond 3.129821157084677
ebond 3.129821157084677
ebond 3.129821157084677
ebond 3.129821157084677
17:40:46-DEBUG: Potential energy for color 1: -31396.423198473636
xhy 45 2 1 13
xhy 45 2 1 13
xhy 45 2 1 13
xhy 45 2 1 13
xhy 45 2 1 13
h_pos [ 7.72698576  9.33797731 10.62596387] x_pos [ 6.45700189  8.69500116 10.46497795] y_pos [ 8.17600687 10.59801269 10.41501435]
h_pos [ 7.72698576  9.33797731 10.62596387] x_pos [ 6.45700189  8.69500116 10.46497795] y_pos [ 8.17600687 10.59801269 10.41501435]
45 rHY 1.3541819792400176 rHX 1.4325480160248059 0.07836603678478826
h_pos [ 7.72698576  9.33797731 10.62596387] x_pos [ 6.45700189  8.69500116 10.46497795] y_pos [ 8.17600687 10.59801269 10.41501435]
h_pos [ 7.72698576  9.33797731 10.62596387] x_pos [ 6.45700189  8.69500116 10.46497795] y_pos [ 8.17600687 10.59801269 10.41501435]
45 rHY 1.3541819792400176 rHX 1.4325480160248059 0.07836603678478826
45 rHY 1.3541819792400176 rHX 1.4325480160248059 0.07836603678478826
45 rHY 1.3541819792400176 rHX 1.4325480160248059 0.07836603678478826
45 cpl_forces h [ 2.21446724  2.50753964 -0.07889791]
45 cpl_forces h [ 2.21446724  2.50753964 -0.07889791]
45 cpl_forces x [-1.61166436 -0.81596449 -0.20429808]
45 cpl_forces h [ 2.21446724  2.50753964 -0.07889791]
45 cpl_forces h [ 2.21446724  2.50753964 -0.07889791]
45 cpl_forces y [-0.60280287 -1.69157515  0.28319599]
45 cpl_forces x [-1.61166436 -0.81596449 -0.20429808]
45 cpl_forces x [-1.61166436 -0.81596449 -0.20429808]
45 cpl_forces x [-1.61166436 -0.81596449 -0.20429808]
45 cpl_forces y [-0.60280287 -1.69157515  0.28319599]
45 cpl_forces y [-0.60280287 -1.69157515  0.28319599]
45 cpl_forces y [-0.60280287 -1.69157515  0.28319599]
h_pos [ 7.72698576  9.33797731 10.62596387] x_pos [ 6.45700189  8.69500116 10.46497795] y_pos [ 8.17600687 10.59801269 10.41501435]
45 rHY 1.3541819792400176 rHX 1.4325480160248059 0.07836603678478826
17:40:46-DEBUG: System matrix: 
45 cpl_forces h [ 2.21446724  2.50753964 -0.07889791]
17:40:46-DEBUG: [[-3.13970052e+04  7.24949448e-01]
 [ 7.24949448e-01 -3.13964232e+04]]
17:40:46-DEBUG: Eigen values: 
45 cpl_forces x [-1.61166436 -0.81596449 -0.20429808]
17:40:46-DEBUG: [-31397.49534165 -31395.93301049]
17:40:46-DEBUG: Occupancies: 
45 cpl_forces y [-0.60280287 -1.69157515  0.28319599]
17:40:46-DEBUG: [1. 0.]
17:40:46-INFO: coupling 45 0.7249494475243978
17:40:46-DEBUG: Amplitudes: 
17:40:46-DEBUG: [0.68624579 0.31375421]
17:40:46-INFO: forces0 h [-15.98898695  -7.72742591  -2.43039825]
17:40:46-INFO: forces0 x [17.2203801   6.63041198  1.65325549]
17:40:46-INFO: forces0 y [ 3.34404158 -3.97769832  1.23684097]
17:40:46-INFO: forces1 h [ 3.56385381 12.55407803 -2.64482291]
17:40:46-INFO: forces1 x [ 3.680214    0.19815195 -0.64290461]
17:40:46-INFO: forces1 y [ -1.1761087  -14.89002804   3.0854038 ]
pos h  [ 7.72698576  9.33797731 10.62596387]
pos x  [ 6.45700189  8.69500116 10.46497795]
pos y  [ 8.17600687 10.59801269 10.41501435]
 mixed_cpl_forces: h [-2.05510437 -2.32708599  0.07322006]
 mixed_cpl_forces: x [1.49568186 0.75724407 0.18959589]
 mixed_cpl_forces: y [ 0.55942251  1.56984192 -0.26281595]
17:40:46-INFO: mixed forces h [-11.90930516  -3.69110459  -2.42445483]
17:40:46-INFO: mixed forces x [14.46777781  5.36950737  1.12242147]
17:40:46-INFO: mixed forces y [ 2.4852479  -5.83164583  1.5540194 ]
17:40:46-DEBUG: Minimum eigen value: 
17:40:46-DEBUG: -31397.49534164975
17:40:46-DEBUG: Minimum state: 
17:40:46-DEBUG: 0
        45   -31397.4953416497   -31397.4953416497        0.0000000000   -31397.0051536663        0.0000000000      0.29667326
ids [  1   2   3   4   9  10  11  12  13  14  15  16  17  18  19  20  21  23
  24  25  26  27  28  29  30  31  32  33  34  35  36  37  39  41  42  44
  46  47  49  50  51  52  53  54  55  56  57  58  59  60  61  62  63  64
  65  67  68  69  70  71  72  73  74  75  76  78  79  81  83  85  86  88
  89  90  91  93  96  97  98  99 100 101 103 104 105 106 109 111 113 114
 115 116 119 120 121 124 126 128 130 131 132 135 136 544 638 643 644 649
 654 659 664 669 674 815 850 860 893 895 898 900 905 938 945 951 966 993]
ids [  7  38  40  43  45  82  84  87  92  94 129 134 274 368 379 384 398 399
 404 668 673 681 693 753 771 783 801 812 816 817 818 819 820 821 822 823
 824 825 826 827 829 830 831 832 833 834 835 836 837 838 839 840 841 842
 843 844 845 847 848 849 851 852 853 854 855 856 857 858 859 861 862 863
 864 865 866 867 868 869 870 871 872 873 874 875 876 877 878 879 880 881
 882 883 884 885 886 887 888 889 890 892 894 896 897 899 901 902 904 906
 907 908 910 911 912 915 916 917 920 921 922 923 925 926 927 929 930 931
 932 934 935 937 939 940 941 942 944 946 948]
ids [ 122  140  173  178  185  220  223  230  265  268  270  318  407  408
  409  412  413  414  415  416  417  418  419  420  421  422  423  424
  425  426  427  428  429  430  431  432  433  434  435  436  437  439
  440  441  442  444  446  447  449  451  452  454  456  457  458  459
  460  461  462  463  464  465  466  467  468  469  470  471  472  473
  474  475  476  477  478  479  480  481  482  483  484  485  486  487
  488  489  491  492  494  496  497  499  502  505  506  507  508  509
  510  511  512  513  514  515  516  517  520  521  522  523  524  525
  526  527  528  530  531  532  536  537  539  541  558  561  588  591
  803  949 1043 1044 1048 1049 1053 1059 1064 1074 1079]
ids [ 137  142  143  144  145  146  147  148  149  150  151  152  154  155
  157  158  159  160  161  162  163  164  165  166  167  169  170  171
  172  174  175  176  177  179  180  181  182  184  187  188  189  190
  191  192  193  194  195  196  197  198  199  200  202  203  204  205
  206  207  208  209  210  211  212  214  215  217  218  219  221  222
  224  225  226  227  229  232  233  235  236  237  240  241  242  243
  245  246  247  250  251  252  253  254  255  256  257  260  261  262
  266  267  269  271  306  348  381  393  396  410  443  445  448  450
  455  490  493  495  500  535  538  540  784  789  794  798  804  808
  809  918  933 1073 1078]
ids [   5   48  139  234  238  239  244  248  249  258  259  264  378  533
  677  679  682  683  684  685  686  687  688  689  690  691  692  694
  695  696  697  698  699  700  701  702  703  704  705  706  707  708
  709  710  711  712  713  714  716  717  719  721  722  724  726  727
  728  729  730  731  732  733  734  735  736  737  738  739  740  741
  742  743  744  745  746  747  748  749  750  751  752  754  755  756
  757  759  761  762  763  764  766  767  769  772  773  774  775  776
  777  778  779  780  781  782  785  786  787  788  790  791  792  793
  795  796  797  799  800  802  805  806  807  811  828  846  891  936
  950  983  988  990 1028 1030 1033 1035 1038 1040 1075 1080]
ids [   8   22   66   77   80   95  110  125  138  263  273  503  504  518
  519  529  534  543  663  678  680  715  718  720  723  725  758  760
  765  768  770  810  903  947  952  953  954  955  956  957  958  959
  960  961  962  963  964  965  967  968  969  970  971  972  973  974
  975  976  977  978  979  980  981  982  984  985  986  987  989  991
  992  994  995  996  997  998  999 1000 1001 1002 1003 1004 1005 1006
 1007 1008 1009 1010 1011 1012 1013 1014 1015 1016 1017 1018 1019 1020
 1021 1022 1023 1024 1025 1026 1027 1029 1031 1032 1034 1036 1037 1039
 1041 1042 1045 1046 1047 1050 1051 1052 1054 1055 1056 1057 1058 1060
 1061 1062 1063 1065 1066 1067 1068 1069 1070 1071 1072 1076 1077 1081]
ids [  6 102 107 108 112 117 118 123 133 183 228 275 310 313 315 320 353 355
 358 360 363 365 400 403 411 438 501 542 546 547 548 549 550 551 552 553
 554 555 556 557 559 560 562 563 564 565 566 567 568 569 570 571 572 573
 574 575 576 577 579 581 582 584 586 587 589 592 593 594 595 596 597 598
 599 600 601 602 603 604 605 606 607 608 609 610 611 612 613 614 615 616
 617 618 619 620 621 622 624 626 627 629 631 632 634 635 636 637 639 640
 641 642 645 646 647 648 650 651 652 653 655 656 657 658 660 661 662 665
 666 667 671 672 676 813]
ids [127 141 153 156 168 186 201 213 216 231 272 276 277 278 279 280 281 282
 283 284 285 286 287 288 289 290 291 292 293 294 295 296 297 298 299 300
 301 302 303 304 305 307 308 309 311 312 314 316 317 319 321 322 323 324
 325 326 327 328 329 330 331 332 333 334 335 336 337 338 339 340 341 342
 343 344 345 346 347 349 350 351 352 354 356 357 359 361 362 364 366 367
 369 370 371 372 373 374 375 376 377 380 382 383 385 386 387 388 389 390
 391 392 394 395 397 401 402 405 406 453 498 545 578 580 583 585 590 623
 625 628 630 633 670 675 814 909 913 914 919 924 928 943]
17:40:46-INFO: Step 46
17:40:46-DEBUG: Reaction systems: [[None]
 [0]]
17:40:46-DEBUG: rxn_pairs: [array([ 1, 13])]
17:40:46-DEBUG: Starting total colors: 5
17:40:46-DEBUG: Number of systems: 2
17:40:46-DEBUG: New total colors: 5
17:40:46-DEBUG: Potential energy for color 0: -31397.0051536663
ebond 3.129821157084677
ebond 3.129821157084677
ebond 3.129821157084677
ebond 3.129821157084677
ebond 3.129821157084677
17:40:46-DEBUG: Potential energy for color 1: -31396.423198473636
xhy 46 2 1 13
xhy 46 2 1 13
xhy 46 2 1 13
xhy 46 2 1 13
xhy 46 2 1 13
h_pos [ 7.72698576  9.33797731 10.62596387] x_pos [ 6.45700189  8.69500116 10.46497795] y_pos [ 8.17600687 10.59801269 10.41501435]
h_pos [ 7.72698576  9.33797731 10.62596387] x_pos [ 6.45700189  8.69500116 10.46497795] y_pos [ 8.17600687 10.59801269 10.41501435]
46 rHY 1.3541819792400176 rHX 1.4325480160248059 0.07836603678478826
h_pos [ 7.72698576  9.33797731 10.62596387] x_pos [ 6.45700189  8.69500116 10.46497795] y_pos [ 8.17600687 10.59801269 10.41501435]
h_pos [ 7.72698576  9.33797731 10.62596387] x_pos [ 6.45700189  8.69500116 10.46497795] y_pos [ 8.17600687 10.59801269 10.41501435]
46 rHY 1.3541819792400176 rHX 1.4325480160248059 0.07836603678478826
46 rHY 1.3541819792400176 rHX 1.4325480160248059 0.07836603678478826
46 rHY 1.3541819792400176 rHX 1.4325480160248059 0.07836603678478826
46 cpl_forces h [ 2.21446724  2.50753964 -0.07889791]
46 cpl_forces x [-1.61166436 -0.81596449 -0.20429808]
46 cpl_forces h [ 2.21446724  2.50753964 -0.07889791]
46 cpl_forces h [ 2.21446724  2.50753964 -0.07889791]
46 cpl_forces h [ 2.21446724  2.50753964 -0.07889791]
46 cpl_forces y [-0.60280287 -1.69157515  0.28319599]
46 cpl_forces x [-1.61166436 -0.81596449 -0.20429808]
46 cpl_forces x [-1.61166436 -0.81596449 -0.20429808]
46 cpl_forces x [-1.61166436 -0.81596449 -0.20429808]
46 cpl_forces y [-0.60280287 -1.69157515  0.28319599]
46 cpl_forces y [-0.60280287 -1.69157515  0.28319599]
46 cpl_forces y [-0.60280287 -1.69157515  0.28319599]
h_pos [ 7.72698576  9.33797731 10.62596387] x_pos [ 6.45700189  8.69500116 10.46497795] y_pos [ 8.17600687 10.59801269 10.41501435]
46 rHY 1.3541819792400176 rHX 1.4325480160248059 0.07836603678478826
17:40:46-DEBUG: System matrix: 
17:40:46-DEBUG: [[-3.13970052e+04  7.24949448e-01]
 [ 7.24949448e-01 -3.13964232e+04]]
46 cpl_forces h [ 2.21446724  2.50753964 -0.07889791]
17:40:46-DEBUG: Eigen values: 
46 cpl_forces x [-1.61166436 -0.81596449 -0.20429808]
17:40:46-DEBUG: [-31397.49534165 -31395.93301049]
17:40:46-DEBUG: Occupancies: 
46 cpl_forces y [-0.60280287 -1.69157515  0.28319599]
17:40:46-DEBUG: [1. 0.]
17:40:46-INFO: coupling 46 0.7249494475243978
17:40:46-DEBUG: Amplitudes: 
17:40:46-DEBUG: [0.68624579 0.31375421]
17:40:46-INFO: forces0 h [-15.98898695  -7.72742591  -2.43039825]
17:40:46-INFO: forces0 x [17.2203801   6.63041198  1.65325549]
17:40:46-INFO: forces0 y [ 3.34404158 -3.97769832  1.23684097]
17:40:46-INFO: forces1 h [ 3.56385381 12.55407803 -2.64482291]
17:40:46-INFO: forces1 x [ 3.680214    0.19815195 -0.64290461]
17:40:46-INFO: forces1 y [ -1.1761087  -14.89002804   3.0854038 ]
pos h  [ 7.72698576  9.33797731 10.62596387]
pos x  [ 6.45700189  8.69500116 10.46497795]
pos y  [ 8.17600687 10.59801269 10.41501435]
 mixed_cpl_forces: h [-2.05510437 -2.32708599  0.07322006]
 mixed_cpl_forces: x [1.49568186 0.75724407 0.18959589]
 mixed_cpl_forces: y [ 0.55942251  1.56984192 -0.26281595]
17:40:46-INFO: mixed forces h [-11.90930516  -3.69110459  -2.42445483]
17:40:46-INFO: mixed forces x [14.46777781  5.36950737  1.12242147]
17:40:46-INFO: mixed forces y [ 2.4852479  -5.83164583  1.5540194 ]
17:40:46-DEBUG: Minimum eigen value: 
17:40:46-DEBUG: -31397.49534164975
17:40:46-DEBUG: Minimum state: 
17:40:46-DEBUG: 0
        46   -31397.4953416497   -31397.4953416497        0.0000000000   -31397.0051536663        0.0000000000      0.29675707
ids [   8   22   66   77   80   95  110  125  138  263  273  503  504  518
  519  529  534  543  663  678  680  715  718  720  723  725  758  760
  765  768  770  810  903  947  952  953  954  955  956  957  958  959
  960  961  962  963  964  965  967  968  969  970  971  972  973  974
  975  976  977  978  979  980  981  982  984  985  986  987  989  991
  992  994  995  996  997  998  999 1000 1001 1002 1003 1004 1005 1006
 1007 1008 1009 1010 1011 1012 1013 1014 1015 1016 1017 1018 1019 1020
 1021 1022 1023 1024 1025 1026 1027 1029 1031 1032 1034 1036 1037 1039
 1041 1042 1045 1046 1047 1050 1051 1052 1054 1055 1056 1057 1058 1060
 1061 1062 1063 1065 1066 1067 1068 1069 1070 1071 1072 1076 1077 1081]
ids [  1   2   3   4   9  10  11  12  13  14  15  16  17  18  19  20  21  23
  24  25  26  27  28  29  30  31  32  33  34  35  36  37  39  41  42  44
  46  47  49  50  51  52  53  54  55  56  57  58  59  60  61  62  63  64
  65  67  68  69  70  71  72  73  74  75  76  78  79  81  83  85  86  88
  89  90  91  93  96  97  98  99 100 101 103 104 105 106 109 111 113 114
 115 116 119 120 121 124 126 128 130 131 132 135 136 544 638 643 644 649
 654 659 664 669 674 815 850 860 893 895 898 900 905 938 945 951 966 993]
ids [  7  38  40  43  45  82  84  87  92  94 129 134 274 368 379 384 398 399
 404 668 673 681 693 753 771 783 801 812 816 817 818 819 820 821 822 823
 824 825 826 827 829 830 831 832 833 834 835 836 837 838 839 840 841 842
 843 844 845 847 848 849 851 852 853 854 855 856 857 858 859 861 862 863
 864 865 866 867 868 869 870 871 872 873 874 875 876 877 878 879 880 881
 882 883 884 885 886 887 888 889 890 892 894 896 897 899 901 902 904 906
 907 908 910 911 912 915 916 917 920 921 922 923 925 926 927 929 930 931
 932 934 935 937 939 940 941 942 944 946 948]
ids [  6 102 107 108 112 117 118 123 133 183 228 275 310 313 315 320 353 355
 358 360 363 365 400 403 411 438 501 542 546 547 548 549 550 551 552 553
 554 555 556 557 559 560 562 563 564 565 566 567 568 569 570 571 572 573
 574 575 576 577 579 581 582 584 586 587 589 592 593 594 595 596 597 598
 599 600 601 602 603 604 605 606 607 608 609 610 611 612 613 614 615 616
 617 618 619 620 621 622 624 626 627 629 631 632 634 635 636 637 639 640
 641 642 645 646 647 648 650 651 652 653 655 656 657 658 660 661 662 665
 666 667 671 672 676 813]
ids [ 122  140  173  178  185  220  223  230  265  268  270  318  407  408
  409  412  413  414  415  416  417  418  419  420  421  422  423  424
  425  426  427  428  429  430  431  432  433  434  435  436  437  439
  440  441  442  444  446  447  449  451  452  454  456  457  458  459
  460  461  462  463  464  465  466  467  468  469  470  471  472  473
  474  475  476  477  478  479  480  481  482  483  484  485  486  487
  488  489  491  492  494  496  497  499  502  505  506  507  508  509
  510  511  512  513  514  515  516  517  520  521  522  523  524  525
  526  527  528  530  531  532  536  537  539  541  558  561  588  591
  803  949 1043 1044 1048 1049 1053 1059 1064 1074 1079]
ids [ 137  142  143  144  145  146  147  148  149  150  151  152  154  155
  157  158  159  160  161  162  163  164  165  166  167  169  170  171
  172  174  175  176  177  179  180  181  182  184  187  188  189  190
  191  192  193  194  195  196  197  198  199  200  202  203  204  205
  206  207  208  209  210  211  212  214  215  217  218  219  221  222
  224  225  226  227  229  232  233  235  236  237  240  241  242  243
  245  246  247  250  251  252  253  254  255  256  257  260  261  262
  266  267  269  271  306  348  381  393  396  410  443  445  448  450
  455  490  493  495  500  535  538  540  784  789  794  798  804  808
  809  918  933 1073 1078]
ids [   5   48  139  234  238  239  244  248  249  258  259  264  378  533
  677  679  682  683  684  685  686  687  688  689  690  691  692  694
  695  696  697  698  699  700  701  702  703  704  705  706  707  708
  709  710  711  712  713  714  716  717  719  721  722  724  726  727
  728  729  730  731  732  733  734  735  736  737  738  739  740  741
  742  743  744  745  746  747  748  749  750  751  752  754  755  756
  757  759  761  762  763  764  766  767  769  772  773  774  775  776
  777  778  779  780  781  782  785  786  787  788  790  791  792  793
  795  796  797  799  800  802  805  806  807  811  828  846  891  936
  950  983  988  990 1028 1030 1033 1035 1038 1040 1075 1080]
ids [127 141 153 156 168 186 201 213 216 231 272 276 277 278 279 280 281 282
 283 284 285 286 287 288 289 290 291 292 293 294 295 296 297 298 299 300
 301 302 303 304 305 307 308 309 311 312 314 316 317 319 321 322 323 324
 325 326 327 328 329 330 331 332 333 334 335 336 337 338 339 340 341 342
 343 344 345 346 347 349 350 351 352 354 356 357 359 361 362 364 366 367
 369 370 371 372 373 374 375 376 377 380 382 383 385 386 387 388 389 390
 391 392 394 395 397 401 402 405 406 453 498 545 578 580 583 585 590 623
 625 628 630 633 670 675 814 909 913 914 919 924 928 943]
17:40:46-INFO: Step 47
17:40:46-DEBUG: Reaction systems: [[None]
 [0]]
17:40:46-DEBUG: rxn_pairs: [array([ 1, 13])]
17:40:46-DEBUG: Starting total colors: 5
17:40:46-DEBUG: Number of systems: 2
17:40:46-DEBUG: New total colors: 5
17:40:46-DEBUG: Potential energy for color 0: -31397.0051536663
ebond 3.129821157084677
ebond 3.129821157084677
ebond 3.129821157084677
ebond 3.129821157084677
ebond 3.129821157084677
17:40:46-DEBUG: Potential energy for color 1: -31396.423198473636
xhy 47 2 1 13
xhy 47 2 1 13
xhy 47 2 1 13
xhy 47 2 1 13
xhy 47 2 1 13
h_pos [ 7.72698576  9.33797731 10.62596387] x_pos [ 6.45700189  8.69500116 10.46497795] y_pos [ 8.17600687 10.59801269 10.41501435]
h_pos [ 7.72698576  9.33797731 10.62596387] x_pos [ 6.45700189  8.69500116 10.46497795] y_pos [ 8.17600687 10.59801269 10.41501435]
47 rHY 1.3541819792400176 rHX 1.4325480160248059 0.07836603678478826
h_pos [ 7.72698576  9.33797731 10.62596387] x_pos [ 6.45700189  8.69500116 10.46497795] y_pos [ 8.17600687 10.59801269 10.41501435]
h_pos [ 7.72698576  9.33797731 10.62596387] x_pos [ 6.45700189  8.69500116 10.46497795] y_pos [ 8.17600687 10.59801269 10.41501435]
47 rHY 1.3541819792400176 rHX 1.4325480160248059 0.07836603678478826
47 rHY 1.3541819792400176 rHX 1.4325480160248059 0.07836603678478826
47 rHY 1.3541819792400176 rHX 1.4325480160248059 0.07836603678478826
47 cpl_forces h [ 2.21446724  2.50753964 -0.07889791]
47 cpl_forces h [ 2.21446724  2.50753964 -0.07889791]
47 cpl_forces h [ 2.21446724  2.50753964 -0.07889791]
47 cpl_forces x [-1.61166436 -0.81596449 -0.20429808]
47 cpl_forces h [ 2.21446724  2.50753964 -0.07889791]
47 cpl_forces y [-0.60280287 -1.69157515  0.28319599]
47 cpl_forces x [-1.61166436 -0.81596449 -0.20429808]
47 cpl_forces x [-1.61166436 -0.81596449 -0.20429808]
47 cpl_forces x [-1.61166436 -0.81596449 -0.20429808]
47 cpl_forces y [-0.60280287 -1.69157515  0.28319599]
47 cpl_forces y [-0.60280287 -1.69157515  0.28319599]
47 cpl_forces y [-0.60280287 -1.69157515  0.28319599]
h_pos [ 7.72698576  9.33797731 10.62596387] x_pos [ 6.45700189  8.69500116 10.46497795] y_pos [ 8.17600687 10.59801269 10.41501435]
47 rHY 1.3541819792400176 rHX 1.4325480160248059 0.07836603678478826
17:40:46-DEBUG: System matrix: 
47 cpl_forces h [ 2.21446724  2.50753964 -0.07889791]
17:40:46-DEBUG: [[-3.13970052e+04  7.24949448e-01]
 [ 7.24949448e-01 -3.13964232e+04]]
17:40:46-DEBUG: Eigen values: 
17:40:46-DEBUG: [-31397.49534165 -31395.93301049]
47 cpl_forces x [-1.61166436 -0.81596449 -0.20429808]
17:40:46-DEBUG: Occupancies: 
17:40:46-DEBUG: [1. 0.]
17:40:46-INFO: coupling 47 0.7249494475243978
47 cpl_forces y [-0.60280287 -1.69157515  0.28319599]
17:40:46-DEBUG: Amplitudes: 
17:40:46-DEBUG: [0.68624579 0.31375421]
17:40:46-INFO: forces0 h [-15.98898695  -7.72742591  -2.43039825]
17:40:46-INFO: forces0 x [17.2203801   6.63041198  1.65325549]
17:40:46-INFO: forces0 y [ 3.34404158 -3.97769832  1.23684097]
17:40:46-INFO: forces1 h [ 3.56385381 12.55407803 -2.64482291]
17:40:46-INFO: forces1 x [ 3.680214    0.19815195 -0.64290461]
17:40:46-INFO: forces1 y [ -1.1761087  -14.89002804   3.0854038 ]
pos h  [ 7.72698576  9.33797731 10.62596387]
pos x  [ 6.45700189  8.69500116 10.46497795]
pos y  [ 8.17600687 10.59801269 10.41501435]
 mixed_cpl_forces: h [-2.05510437 -2.32708599  0.07322006]
 mixed_cpl_forces: x [1.49568186 0.75724407 0.18959589]
 mixed_cpl_forces: y [ 0.55942251  1.56984192 -0.26281595]
17:40:46-INFO: mixed forces h [-11.90930516  -3.69110459  -2.42445483]
17:40:46-INFO: mixed forces x [14.46777781  5.36950737  1.12242147]
17:40:46-INFO: mixed forces y [ 2.4852479  -5.83164583  1.5540194 ]
17:40:46-DEBUG: Minimum eigen value: 
17:40:46-DEBUG: -31397.49534164975
17:40:46-DEBUG: Minimum state: 
17:40:46-DEBUG: 0
        47   -31397.4953416497   -31397.4953416497        0.0000000000   -31397.0051536663        0.0000000000      0.29341246
ids [  1   2   3   4   9  10  11  12  13  14  15  16  17  18  19  20  21  23
  24  25  26  27  28  29  30  31  32  33  34  35  36  37  39  41  42  44
  46  47  49  50  51  52  53  54  55  56  57  58  59  60  61  62  63  64
  65  67  68  69  70  71  72  73  74  75  76  78  79  81  83  85  86  88
  89  90  91  93  96  97  98  99 100 101 103 104 105 106 109 111 113 114
 115 116 119 120 121 124 126 128 130 131 132 135 136 544 638 643 644 649
 654 659 664 669 674 815 850 860 893 895 898 900 905 938 945 951 966 993]
ids [  7  38  40  43  45  82  84  87  92  94 129 134 274 368 379 384 398 399
 404 668 673 681 693 753 771 783 801 812 816 817 818 819 820 821 822 823
 824 825 826 827 829 830 831 832 833 834 835 836 837 838 839 840 841 842
 843 844 845 847 848 849 851 852 853 854 855 856 857 858 859 861 862 863
 864 865 866 867 868 869 870 871 872 873 874 875 876 877 878 879 880 881
 882 883 884 885 886 887 888 889 890 892 894 896 897 899 901 902 904 906
 907 908 910 911 912 915 916 917 920 921 922 923 925 926 927 929 930 931
 932 934 935 937 939 940 941 942 944 946 948]
ids [  6 102 107 108 112 117 118 123 133 183 228 275 310 313 315 320 353 355
 358 360 363 365 400 403 411 438 501 542 546 547 548 549 550 551 552 553
 554 555 556 557 559 560 562 563 564 565 566 567 568 569 570 571 572 573
 574 575 576 577 579 581 582 584 586 587 589 592 593 594 595 596 597 598
 599 600 601 602 603 604 605 606 607 608 609 610 611 612 613 614 615 616
 617 618 619 620 621 622 624 626 627 629 631 632 634 635 636 637 639 640
 641 642 645 646 647 648 650 651 652 653 655 656 657 658 660 661 662 665
 666 667 671 672 676 813]
ids [ 122  140  173  178  185  220  223  230  265  268  270  318  407  408
  409  412  413  414  415  416  417  418  419  420  421  422  423  424
  425  426  427  428  429  430  431  432  433  434  435  436  437  439
  440  441  442  444  446  447  449  451  452  454  456  457  458  459
  460  461  462  463  464  465  466  467  468  469  470  471  472  473
  474  475  476  477  478  479  480  481  482  483  484  485  486  487
  488  489  491  492  494  496  497  499  502  505  506  507  508  509
  510  511  512  513  514  515  516  517  520  521  522  523  524  525
  526  527  528  530  531  532  536  537  539  541  558  561  588  591
  803  949 1043 1044 1048 1049 1053 1059 1064 1074 1079]
ids [   5   48  139  234  238  239  244  248  249  258  259  264  378  533
  677  679  682  683  684  685  686  687  688  689  690  691  692  694
  695  696  697  698  699  700  701  702  703  704  705  706  707  708
  709  710  711  712  713  714  716  717  719  721  722  724  726  727
  728  729  730  731  732  733  734  735  736  737  738  739  740  741
  742  743  744  745  746  747  748  749  750  751  752  754  755  756
  757  759  761  762  763  764  766  767  769  772  773  774  775  776
  777  778  779  780  781  782  785  786  787  788  790  791  792  793
  795  796  797  799  800  802  805  806  807  811  828  846  891  936
  950  983  988  990 1028 1030 1033 1035 1038 1040 1075 1080]
ids [   8   22   66   77   80   95  110  125  138  263  273  503  504  518
  519  529  534  543  663  678  680  715  718  720  723  725  758  760
  765  768  770  810  903  947  952  953  954  955  956  957  958  959
  960  961  962  963  964  965  967  968  969  970  971  972  973  974
  975  976  977  978  979  980  981  982  984  985  986  987  989  991
  992  994  995  996  997  998  999 1000 1001 1002 1003 1004 1005 1006
 1007 1008 1009 1010 1011 1012 1013 1014 1015 1016 1017 1018 1019 1020
 1021 1022 1023 1024 1025 1026 1027 1029 1031 1032 1034 1036 1037 1039
 1041 1042 1045 1046 1047 1050 1051 1052 1054 1055 1056 1057 1058 1060
 1061 1062 1063 1065 1066 1067 1068 1069 1070 1071 1072 1076 1077 1081]
ids [127 141 153 156 168 186 201 213 216 231 272 276 277 278 279 280 281 282
 283 284 285 286 287 288 289 290 291 292 293 294 295 296 297 298 299 300
 301 302 303 304 305 307 308 309 311 312 314 316 317 319 321 322 323 324
 325 326 327 328 329 330 331 332 333 334 335 336 337 338 339 340 341 342
 343 344 345 346 347 349 350 351 352 354 356 357 359 361 362 364 366 367
 369 370 371 372 373 374 375 376 377 380 382 383 385 386 387 388 389 390
 391 392 394 395 397 401 402 405 406 453 498 545 578 580 583 585 590 623
 625 628 630 633 670 675 814 909 913 914 919 924 928 943]
ids [ 137  142  143  144  145  146  147  148  149  150  151  152  154  155
  157  158  159  160  161  162  163  164  165  166  167  169  170  171
  172  174  175  176  177  179  180  181  182  184  187  188  189  190
  191  192  193  194  195  196  197  198  199  200  202  203  204  205
  206  207  208  209  210  211  212  214  215  217  218  219  221  222
  224  225  226  227  229  232  233  235  236  237  240  241  242  243
  245  246  247  250  251  252  253  254  255  256  257  260  261  262
  266  267  269  271  306  348  381  393  396  410  443  445  448  450
  455  490  493  495  500  535  538  540  784  789  794  798  804  808
  809  918  933 1073 1078]
17:40:46-INFO: Step 48
17:40:46-DEBUG: Reaction systems: [[None]
 [0]]
17:40:46-DEBUG: rxn_pairs: [array([ 1, 13])]
17:40:46-DEBUG: Starting total colors: 5
17:40:46-DEBUG: Number of systems: 2
17:40:46-DEBUG: New total colors: 5
17:40:46-DEBUG: Potential energy for color 0: -31397.0051536663
ebond 3.129821157084677
ebond 3.129821157084677
ebond 3.129821157084677
ebond 3.129821157084677
ebond 3.129821157084677
17:40:46-DEBUG: Potential energy for color 1: -31396.423198473636
xhy 48 2 1 13
xhy 48 2 1 13
xhy 48 2 1 13
xhy 48 2 1 13
xhy 48 2 1 13
h_pos [ 7.72698576  9.33797731 10.62596387] x_pos [ 6.45700189  8.69500116 10.46497795] y_pos [ 8.17600687 10.59801269 10.41501435]
h_pos [ 7.72698576  9.33797731 10.62596387] x_pos [ 6.45700189  8.69500116 10.46497795] y_pos [ 8.17600687 10.59801269 10.41501435]
48 rHY 1.3541819792400176 rHX 1.4325480160248059 0.07836603678478826
h_pos [ 7.72698576  9.33797731 10.62596387] x_pos [ 6.45700189  8.69500116 10.46497795] y_pos [ 8.17600687 10.59801269 10.41501435]
h_pos [ 7.72698576  9.33797731 10.62596387] x_pos [ 6.45700189  8.69500116 10.46497795] y_pos [ 8.17600687 10.59801269 10.41501435]
48 rHY 1.3541819792400176 rHX 1.4325480160248059 0.07836603678478826
48 rHY 1.3541819792400176 rHX 1.4325480160248059 0.07836603678478826
48 rHY 1.3541819792400176 rHX 1.4325480160248059 0.07836603678478826
48 cpl_forces h [ 2.21446724  2.50753964 -0.07889791]
48 cpl_forces h [ 2.21446724  2.50753964 -0.07889791]
48 cpl_forces h [ 2.21446724  2.50753964 -0.07889791]
48 cpl_forces h [ 2.21446724  2.50753964 -0.07889791]
48 cpl_forces x [-1.61166436 -0.81596449 -0.20429808]
48 cpl_forces x [-1.61166436 -0.81596449 -0.20429808]
48 cpl_forces y [-0.60280287 -1.69157515  0.28319599]
48 cpl_forces x [-1.61166436 -0.81596449 -0.20429808]
48 cpl_forces x [-1.61166436 -0.81596449 -0.20429808]
48 cpl_forces y [-0.60280287 -1.69157515  0.28319599]
48 cpl_forces y [-0.60280287 -1.69157515  0.28319599]
48 cpl_forces y [-0.60280287 -1.69157515  0.28319599]
h_pos [ 7.72698576  9.33797731 10.62596387] x_pos [ 6.45700189  8.69500116 10.46497795] y_pos [ 8.17600687 10.59801269 10.41501435]
48 rHY 1.3541819792400176 rHX 1.4325480160248059 0.07836603678478826
17:40:46-DEBUG: System matrix: 
17:40:46-DEBUG: [[-3.13970052e+04  7.24949448e-01]
 [ 7.24949448e-01 -3.13964232e+04]]
48 cpl_forces h [ 2.21446724  2.50753964 -0.07889791]
17:40:46-DEBUG: Eigen values: 
48 cpl_forces x [-1.61166436 -0.81596449 -0.20429808]
17:40:46-DEBUG: [-31397.49534165 -31395.93301049]
17:40:46-DEBUG: Occupancies: 
17:40:46-DEBUG: [1. 0.]
48 cpl_forces y [-0.60280287 -1.69157515  0.28319599]
17:40:46-INFO: coupling 48 0.7249494475243978
17:40:46-DEBUG: Amplitudes: 
17:40:46-DEBUG: [0.68624579 0.31375421]
17:40:46-INFO: forces0 h [-15.98898695  -7.72742591  -2.43039825]
17:40:46-INFO: forces0 x [17.2203801   6.63041198  1.65325549]
17:40:46-INFO: forces0 y [ 3.34404158 -3.97769832  1.23684097]
17:40:46-INFO: forces1 h [ 3.56385381 12.55407803 -2.64482291]
17:40:46-INFO: forces1 x [ 3.680214    0.19815195 -0.64290461]
17:40:46-INFO: forces1 y [ -1.1761087  -14.89002804   3.0854038 ]
pos h  [ 7.72698576  9.33797731 10.62596387]
pos x  [ 6.45700189  8.69500116 10.46497795]
pos y  [ 8.17600687 10.59801269 10.41501435]
 mixed_cpl_forces: h [-2.05510437 -2.32708599  0.07322006]
 mixed_cpl_forces: x [1.49568186 0.75724407 0.18959589]
 mixed_cpl_forces: y [ 0.55942251  1.56984192 -0.26281595]
17:40:46-INFO: mixed forces h [-11.90930516  -3.69110459  -2.42445483]
17:40:46-INFO: mixed forces x [14.46777781  5.36950737  1.12242147]
17:40:46-INFO: mixed forces y [ 2.4852479  -5.83164583  1.5540194 ]
17:40:46-DEBUG: Minimum eigen value: 
17:40:46-DEBUG: -31397.49534164975
17:40:46-DEBUG: Minimum state: 
17:40:46-DEBUG: 0
        48   -31397.4953416497   -31397.4953416497        0.0000000000   -31397.0051536663        0.0000000000      0.29506688
ids [  1   2   3   4   9  10  11  12  13  14  15  16  17  18  19  20  21  23
  24  25  26  27  28  29  30  31  32  33  34  35  36  37  39  41  42  44
  46  47  49  50  51  52  53  54  55  56  57  58  59  60  61  62  63  64
  65  67  68  69  70  71  72  73  74  75  76  78  79  81  83  85  86  88
  89  90  91  93  96  97  98  99 100 101 103 104 105 106 109 111 113 114
 115 116 119 120 121 124 126 128 130 131 132 135 136 544 638 643 644 649
 654 659 664 669 674 815 850 860 893 895 898 900 905 938 945 951 966 993]
ids [  7  38  40  43  45  82  84  87  92  94 129 134 274 368 379 384 398 399
 404 668 673 681 693 753 771 783 801 812 816 817 818 819 820 821 822 823
 824 825 826 827 829 830 831 832 833 834 835 836 837 838 839 840 841 842
 843 844 845 847 848 849 851 852 853 854 855 856 857 858 859 861 862 863
 864 865 866 867 868 869 870 871 872 873 874 875 876 877 878 879 880 881
 882 883 884 885 886 887 888 889 890 892 894 896 897 899 901 902 904 906
 907 908 910 911 912 915 916 917 920 921 922 923 925 926 927 929 930 931
 932 934 935 937 939 940 941 942 944 946 948]
ids [  6 102 107 108 112 117 118 123 133 183 228 275 310 313 315 320 353 355
 358 360 363 365 400 403 411 438 501 542 546 547 548 549 550 551 552 553
 554 555 556 557 559 560 562 563 564 565 566 567 568 569 570 571 572 573
 574 575 576 577 579 581 582 584 586 587 589 592 593 594 595 596 597 598
 599 600 601 602 603 604 605 606 607 608 609 610 611 612 613 614 615 616
 617 618 619 620 621 622 624 626 627 629 631 632 634 635 636 637 639 640
 641 642 645 646 647 648 650 651 652 653 655 656 657 658 660 661 662 665
 666 667 671 672 676 813]
ids [   8   22   66   77   80   95  110  125  138  263  273  503  504  518
  519  529  534  543  663  678  680  715  718  720  723  725  758  760
  765  768  770  810  903  947  952  953  954  955  956  957  958  959
  960  961  962  963  964  965  967  968  969  970  971  972  973  974
  975  976  977  978  979  980  981  982  984  985  986  987  989  991
  992  994  995  996  997  998  999 1000 1001 1002 1003 1004 1005 1006
 1007 1008 1009 1010 1011 1012 1013 1014 1015 1016 1017 1018 1019 1020
 1021 1022 1023 1024 1025 1026 1027 1029 1031 1032 1034 1036 1037 1039
 1041 1042 1045 1046 1047 1050 1051 1052 1054 1055 1056 1057 1058 1060
 1061 1062 1063 1065 1066 1067 1068 1069 1070 1071 1072 1076 1077 1081]
ids [ 137  142  143  144  145  146  147  148  149  150  151  152  154  155
  157  158  159  160  161  162  163  164  165  166  167  169  170  171
  172  174  175  176  177  179  180  181  182  184  187  188  189  190
  191  192  193  194  195  196  197  198  199  200  202  203  204  205
  206  207  208  209  210  211  212  214  215  217  218  219  221  222
  224  225  226  227  229  232  233  235  236  237  240  241  242  243
  245  246  247  250  251  252  253  254  255  256  257  260  261  262
  266  267  269  271  306  348  381  393  396  410  443  445  448  450
  455  490  493  495  500  535  538  540  784  789  794  798  804  808
  809  918  933 1073 1078]
ids [127 141 153 156 168 186 201 213 216 231 272 276 277 278 279 280 281 282
 283 284 285 286 287 288 289 290 291 292 293 294 295 296 297 298 299 300
 301 302 303 304 305 307 308 309 311 312 314 316 317 319 321 322 323 324
 325 326 327 328 329 330 331 332 333 334 335 336 337 338 339 340 341 342
 343 344 345 346 347 349 350 351 352 354 356 357 359 361 362 364 366 367
 369 370 371 372 373 374 375 376 377 380 382 383 385 386 387 388 389 390
 391 392 394 395 397 401 402 405 406 453 498 545 578 580 583 585 590 623
 625 628 630 633 670 675 814 909 913 914 919 924 928 943]
ids [ 122  140  173  178  185  220  223  230  265  268  270  318  407  408
  409  412  413  414  415  416  417  418  419  420  421  422  423  424
  425  426  427  428  429  430  431  432  433  434  435  436  437  439
  440  441  442  444  446  447  449  451  452  454  456  457  458  459
  460  461  462  463  464  465  466  467  468  469  470  471  472  473
  474  475  476  477  478  479  480  481  482  483  484  485  486  487
  488  489  491  492  494  496  497  499  502  505  506  507  508  509
  510  511  512  513  514  515  516  517  520  521  522  523  524  525
  526  527  528  530  531  532  536  537  539  541  558  561  588  591
  803  949 1043 1044 1048 1049 1053 1059 1064 1074 1079]
ids [   5   48  139  234  238  239  244  248  249  258  259  264  378  533
  677  679  682  683  684  685  686  687  688  689  690  691  692  694
  695  696  697  698  699  700  701  702  703  704  705  706  707  708
  709  710  711  712  713  714  716  717  719  721  722  724  726  727
  728  729  730  731  732  733  734  735  736  737  738  739  740  741
  742  743  744  745  746  747  748  749  750  751  752  754  755  756
  757  759  761  762  763  764  766  767  769  772  773  774  775  776
  777  778  779  780  781  782  785  786  787  788  790  791  792  793
  795  796  797  799  800  802  805  806  807  811  828  846  891  936
  950  983  988  990 1028 1030 1033 1035 1038 1040 1075 1080]
17:40:46-INFO: Step 49
17:40:46-DEBUG: Reaction systems: [[None]
 [0]]
17:40:46-DEBUG: rxn_pairs: [array([ 1, 13])]
17:40:46-DEBUG: Starting total colors: 5
17:40:46-DEBUG: Number of systems: 2
17:40:46-DEBUG: New total colors: 5
17:40:46-DEBUG: Potential energy for color 0: -31397.0051536663
ebond 3.129821157084677
ebond 3.129821157084677
ebond 3.129821157084677
ebond 3.129821157084677
ebond 3.129821157084677
17:40:46-DEBUG: Potential energy for color 1: -31396.423198473636
xhy 49 2 1 13
xhy 49 2 1 13
xhy 49 2 1 13
xhy 49 2 1 13
xhy 49 2 1 13
h_pos [ 7.72698576  9.33797731 10.62596387] x_pos [ 6.45700189  8.69500116 10.46497795] y_pos [ 8.17600687 10.59801269 10.41501435]
49 rHY 1.3541819792400176 rHX 1.4325480160248059 0.07836603678478826
h_pos [ 7.72698576  9.33797731 10.62596387] x_pos [ 6.45700189  8.69500116 10.46497795] y_pos [ 8.17600687 10.59801269 10.41501435]
h_pos [ 7.72698576  9.33797731 10.62596387] x_pos [ 6.45700189  8.69500116 10.46497795] y_pos [ 8.17600687 10.59801269 10.41501435]
h_pos [ 7.72698576  9.33797731 10.62596387] x_pos [ 6.45700189  8.69500116 10.46497795] y_pos [ 8.17600687 10.59801269 10.41501435]
49 rHY 1.3541819792400176 rHX 1.4325480160248059 0.07836603678478826
49 rHY 1.3541819792400176 rHX 1.4325480160248059 0.07836603678478826
49 rHY 1.3541819792400176 rHX 1.4325480160248059 0.07836603678478826
49 cpl_forces h [ 2.21446724  2.50753964 -0.07889791]
49 cpl_forces x [-1.61166436 -0.81596449 -0.20429808]
49 cpl_forces h [ 2.21446724  2.50753964 -0.07889791]
49 cpl_forces h [ 2.21446724  2.50753964 -0.07889791]
49 cpl_forces h [ 2.21446724  2.50753964 -0.07889791]
49 cpl_forces y [-0.60280287 -1.69157515  0.28319599]
49 cpl_forces x [-1.61166436 -0.81596449 -0.20429808]
49 cpl_forces x [-1.61166436 -0.81596449 -0.20429808]
49 cpl_forces x [-1.61166436 -0.81596449 -0.20429808]
49 cpl_forces y [-0.60280287 -1.69157515  0.28319599]
49 cpl_forces y [-0.60280287 -1.69157515  0.28319599]
49 cpl_forces y [-0.60280287 -1.69157515  0.28319599]
h_pos [ 7.72698576  9.33797731 10.62596387] x_pos [ 6.45700189  8.69500116 10.46497795] y_pos [ 8.17600687 10.59801269 10.41501435]
49 rHY 1.3541819792400176 rHX 1.4325480160248059 0.07836603678478826
17:40:46-DEBUG: System matrix: 
17:40:46-DEBUG: [[-3.13970052e+04  7.24949448e-01]
 [ 7.24949448e-01 -3.13964232e+04]]
49 cpl_forces h [ 2.21446724  2.50753964 -0.07889791]
17:40:46-DEBUG: Eigen values: 
49 cpl_forces x [-1.61166436 -0.81596449 -0.20429808]
17:40:46-DEBUG: [-31397.49534165 -31395.93301049]
17:40:46-DEBUG: Occupancies: 
17:40:46-DEBUG: [1. 0.]
49 cpl_forces y [-0.60280287 -1.69157515  0.28319599]
17:40:46-INFO: coupling 49 0.7249494475243978
17:40:46-DEBUG: Amplitudes: 
17:40:46-DEBUG: [0.68624579 0.31375421]
17:40:46-INFO: forces0 h [-15.98898695  -7.72742591  -2.43039825]
17:40:46-INFO: forces0 x [17.2203801   6.63041198  1.65325549]
17:40:46-INFO: forces0 y [ 3.34404158 -3.97769832  1.23684097]
17:40:46-INFO: forces1 h [ 3.56385381 12.55407803 -2.64482291]
17:40:46-INFO: forces1 x [ 3.680214    0.19815195 -0.64290461]
17:40:46-INFO: forces1 y [ -1.1761087  -14.89002804   3.0854038 ]
pos h  [ 7.72698576  9.33797731 10.62596387]
pos x  [ 6.45700189  8.69500116 10.46497795]
pos y  [ 8.17600687 10.59801269 10.41501435]
 mixed_cpl_forces: h [-2.05510437 -2.32708599  0.07322006]
 mixed_cpl_forces: x [1.49568186 0.75724407 0.18959589]
 mixed_cpl_forces: y [ 0.55942251  1.56984192 -0.26281595]
17:40:46-INFO: mixed forces h [-11.90930516  -3.69110459  -2.42445483]
17:40:46-INFO: mixed forces x [14.46777781  5.36950737  1.12242147]
17:40:46-INFO: mixed forces y [ 2.4852479  -5.83164583  1.5540194 ]
17:40:46-DEBUG: Minimum eigen value: 
17:40:46-DEBUG: -31397.49534164975
17:40:46-DEBUG: Minimum state: 
17:40:46-DEBUG: 0
        49   -31397.4953416497   -31397.4953416497        0.0000000000   -31397.0051536663        0.0000000000      0.29363000
ids [   8   22   66   77   80   95  110  125  138  263  273  503  504  518
  519  529  534  543  663  678  680  715  718  720  723  725  758  760
  765  768  770  810  903  947  952  953  954  955  956  957  958  959
  960  961  962  963  964  965  967  968  969  970  971  972  973  974
  975  976  977  978  979  980  981  982  984  985  986  987  989  991
  992  994  995  996  997  998  999 1000 1001 1002 1003 1004 1005 1006
 1007 1008 1009 1010 1011 1012 1013 1014 1015 1016 1017 1018 1019 1020
 1021 1022 1023 1024 1025 1026 1027 1029 1031 1032 1034 1036 1037 1039
 1041 1042 1045 1046 1047 1050 1051 1052 1054 1055 1056 1057 1058 1060
 1061 1062 1063 1065 1066 1067 1068 1069 1070 1071 1072 1076 1077 1081]
ids [   5   48  139  234  238  239  244  248  249  258  259  264  378  533
  677  679  682  683  684  685  686  687  688  689  690  691  692  694
  695  696  697  698  699  700  701  702  703  704  705  706  707  708
  709  710  711  712  713  714  716  717  719  721  722  724  726  727
  728  729  730  731  732  733  734  735  736  737  738  739  740  741
  742  743  744  745  746  747  748  749  750  751  752  754  755  756
  757  759  761  762  763  764  766  767  769  772  773  774  775  776
  777  778  779  780  781  782  785  786  787  788  790  791  792  793
  795  796  797  799  800  802  805  806  807  811  828  846  891  936
  950  983  988  990 1028 1030 1033 1035 1038 1040 1075 1080]
ids [  7  38  40  43  45  82  84  87  92  94 129 134 274 368 379 384 398 399
 404 668 673 681 693 753 771 783 801 812 816 817 818 819 820 821 822 823
 824 825 826 827 829 830 831 832 833 834 835 836 837 838 839 840 841 842
 843 844 845 847 848 849 851 852 853 854 855 856 857 858 859 861 862 863
 864 865 866 867 868 869 870 871 872 873 874 875 876 877 878 879 880 881
 882 883 884 885 886 887 888 889 890 892 894 896 897 899 901 902 904 906
 907 908 910 911 912 915 916 917 920 921 922 923 925 926 927 929 930 931
 932 934 935 937 939 940 941 942 944 946 948]
ids [ 122  140  173  178  185  220  223  230  265  268  270  318  407  408
  409  412  413  414  415  416  417  418  419  420  421  422  423  424
  425  426  427  428  429  430  431  432  433  434  435  436  437  439
  440  441  442  444  446  447  449  451  452  454  456  457  458  459
  460  461  462  463  464  465  466  467  468  469  470  471  472  473
  474  475  476  477  478  479  480  481  482  483  484  485  486  487
  488  489  491  492  494  496  497  499  502  505  506  507  508  509
  510  511  512  513  514  515  516  517  520  521  522  523  524  525
  526  527  528  530  531  532  536  537  539  541  558  561  588  591
  803  949 1043 1044 1048 1049 1053 1059 1064 1074 1079]
ids [  1   2   3   4   9  10  11  12  13  14  15  16  17  18  19  20  21  23
  24  25  26  27  28  29  30  31  32  33  34  35  36  37  39  41  42  44
  46  47  49  50  51  52  53  54  55  56  57  58  59  60  61  62  63  64
  65  67  68  69  70  71  72  73  74  75  76  78  79  81  83  85  86  88
  89  90  91  93  96  97  98  99 100 101 103 104 105 106 109 111 113 114
 115 116 119 120 121 124 126 128 130 131 132 135 136 544 638 643 644 649
 654 659 664 669 674 815 850 860 893 895 898 900 905 938 945 951 966 993]
ids [  6 102 107 108 112 117 118 123 133 183 228 275 310 313 315 320 353 355
 358 360 363 365 400 403 411 438 501 542 546 547 548 549 550 551 552 553
 554 555 556 557 559 560 562 563 564 565 566 567 568 569 570 571 572 573
 574 575 576 577 579 581 582 584 586 587 589 592 593 594 595 596 597 598
 599 600 601 602 603 604 605 606 607 608 609 610 611 612 613 614 615 616
 617 618 619 620 621 622 624 626 627 629 631 632 634 635 636 637 639 640
 641 642 645 646 647 648 650 651 652 653 655 656 657 658 660 661 662 665
 666 667 671 672 676 813]
ids [ 137  142  143  144  145  146  147  148  149  150  151  152  154  155
  157  158  159  160  161  162  163  164  165  166  167  169  170  171
  172  174  175  176  177  179  180  181  182  184  187  188  189  190
  191  192  193  194  195  196  197  198  199  200  202  203  204  205
  206  207  208  209  210  211  212  214  215  217  218  219  221  222
  224  225  226  227  229  232  233  235  236  237  240  241  242  243
  245  246  247  250  251  252  253  254  255  256  257  260  261  262
  266  267  269  271  306  348  381  393  396  410  443  445  448  450
  455  490  493  495  500  535  538  540  784  789  794  798  804  808
  809  918  933 1073 1078]
ids [127 141 153 156 168 186 201 213 216 231 272 276 277 278 279 280 281 282
 283 284 285 286 287 288 289 290 291 292 293 294 295 296 297 298 299 300
 301 302 303 304 305 307 308 309 311 312 314 316 317 319 321 322 323 324
 325 326 327 328 329 330 331 332 333 334 335 336 337 338 339 340 341 342
 343 344 345 346 347 349 350 351 352 354 356 357 359 361 362 364 366 367
 369 370 371 372 373 374 375 376 377 380 382 383 385 386 387 388 389 390
 391 392 394 395 397 401 402 405 406 453 498 545 578 580 583 585 590 623
 625 628 630 633 670 675 814 909 913 914 919 924 928 943]
17:40:46-INFO: Step 50
17:40:46-DEBUG: Reaction systems: [[None]
 [0]]
17:40:46-DEBUG: rxn_pairs: [array([ 1, 13])]
17:40:46-DEBUG: Starting total colors: 5
17:40:46-DEBUG: Number of systems: 2
17:40:46-DEBUG: New total colors: 5
17:40:46-DEBUG: Potential energy for color 0: -31397.0051536663
ebond 3.129821157084677
ebond 3.129821157084677
ebond 3.129821157084677
ebond 3.129821157084677
ebond 3.129821157084677
17:40:46-DEBUG: Potential energy for color 1: -31396.423198473636
xhy 50 2 1 13
xhy 50 2 1 13
xhy 50 2 1 13
xhy 50 2 1 13
xhy 50 2 1 13
h_pos [ 7.72698576  9.33797731 10.62596387] x_pos [ 6.45700189  8.69500116 10.46497795] y_pos [ 8.17600687 10.59801269 10.41501435]
h_pos [ 7.72698576  9.33797731 10.62596387] x_pos [ 6.45700189  8.69500116 10.46497795] y_pos [ 8.17600687 10.59801269 10.41501435]
h_pos [ 7.72698576  9.33797731 10.62596387] x_pos [ 6.45700189  8.69500116 10.46497795] y_pos [ 8.17600687 10.59801269 10.41501435]
h_pos [ 7.72698576  9.33797731 10.62596387] x_pos [ 6.45700189  8.69500116 10.46497795] y_pos [ 8.17600687 10.59801269 10.41501435]
50 rHY 1.3541819792400176 rHX 1.4325480160248059 0.07836603678478826
50 rHY 1.3541819792400176 rHX 1.4325480160248059 0.07836603678478826
50 rHY 1.3541819792400176 rHX 1.4325480160248059 0.07836603678478826
50 rHY 1.3541819792400176 rHX 1.4325480160248059 0.07836603678478826
50 cpl_forces h [ 2.21446724  2.50753964 -0.07889791]
50 cpl_forces h [ 2.21446724  2.50753964 -0.07889791]
50 cpl_forces h [ 2.21446724  2.50753964 -0.07889791]
50 cpl_forces x [-1.61166436 -0.81596449 -0.20429808]
50 cpl_forces h [ 2.21446724  2.50753964 -0.07889791]
50 cpl_forces x [-1.61166436 -0.81596449 -0.20429808]
50 cpl_forces x [-1.61166436 -0.81596449 -0.20429808]
50 cpl_forces x [-1.61166436 -0.81596449 -0.20429808]
50 cpl_forces y [-0.60280287 -1.69157515  0.28319599]
50 cpl_forces y [-0.60280287 -1.69157515  0.28319599]
50 cpl_forces y [-0.60280287 -1.69157515  0.28319599]
50 cpl_forces y [-0.60280287 -1.69157515  0.28319599]
h_pos [ 7.72698576  9.33797731 10.62596387] x_pos [ 6.45700189  8.69500116 10.46497795] y_pos [ 8.17600687 10.59801269 10.41501435]
50 rHY 1.3541819792400176 rHX 1.4325480160248059 0.07836603678478826
17:40:46-DEBUG: System matrix: 
50 cpl_forces h [ 2.21446724  2.50753964 -0.07889791]
17:40:46-DEBUG: [[-3.13970052e+04  7.24949448e-01]
 [ 7.24949448e-01 -3.13964232e+04]]
17:40:46-DEBUG: Eigen values: 
50 cpl_forces x [-1.61166436 -0.81596449 -0.20429808]
17:40:46-DEBUG: [-31397.49534165 -31395.93301049]
17:40:46-DEBUG: Occupancies: 
17:40:46-DEBUG: [1. 0.]
50 cpl_forces y [-0.60280287 -1.69157515  0.28319599]
17:40:46-INFO: coupling 50 0.7249494475243978
17:40:46-DEBUG: Amplitudes: 
17:40:46-DEBUG: [0.68624579 0.31375421]
17:40:46-INFO: forces0 h [-15.98898695  -7.72742591  -2.43039825]
17:40:46-INFO: forces0 x [17.2203801   6.63041198  1.65325549]
17:40:46-INFO: forces0 y [ 3.34404158 -3.97769832  1.23684097]
17:40:46-INFO: forces1 h [ 3.56385381 12.55407803 -2.64482291]
17:40:46-INFO: forces1 x [ 3.680214    0.19815195 -0.64290461]
17:40:46-INFO: forces1 y [ -1.1761087  -14.89002804   3.0854038 ]
pos h  [ 7.72698576  9.33797731 10.62596387]
pos x  [ 6.45700189  8.69500116 10.46497795]
pos y  [ 8.17600687 10.59801269 10.41501435]
 mixed_cpl_forces: h [-2.05510437 -2.32708599  0.07322006]
 mixed_cpl_forces: x [1.49568186 0.75724407 0.18959589]
 mixed_cpl_forces: y [ 0.55942251  1.56984192 -0.26281595]
17:40:46-INFO: mixed forces h [-11.90930516  -3.69110459  -2.42445483]
17:40:46-INFO: mixed forces x [14.46777781  5.36950737  1.12242147]
17:40:46-INFO: mixed forces y [ 2.4852479  -5.83164583  1.5540194 ]
17:40:46-DEBUG: Minimum eigen value: 
17:40:46-DEBUG: -31397.49534164975
17:40:46-DEBUG: Minimum state: 
17:40:46-DEBUG: 0
        50   -31397.4953416497   -31397.4953416497        0.0000000000   -31397.0051536663        0.0000000000      0.27627975
ids [  7  38  40  43  45  82  84  87  92  94 129 134 274 368 379 384 398 399
 404 668 673 681 693 753 771 783 801 812 816 817 818 819 820 821 822 823
 824 825 826 827 829 830 831 832 833 834 835 836 837 838 839 840 841 842
 843 844 845 847 848 849 851 852 853 854 855 856 857 858 859 861 862 863
 864 865 866 867 868 869 870 871 872 873 874 875 876 877 878 879 880 881
 882 883 884 885 886 887 888 889 890 892 894 896 897 899 901 902 904 906
 907 908 910 911 912 915 916 917 920 921 922 923 925 926 927 929 930 931
 932 934 935 937 939 940 941 942 944 946 948]
ids [  1   2   3   4   9  10  11  12  13  14  15  16  17  18  19  20  21  23
  24  25  26  27  28  29  30  31  32  33  34  35  36  37  39  41  42  44
  46  47  49  50  51  52  53  54  55  56  57  58  59  60  61  62  63  64
  65  67  68  69  70  71  72  73  74  75  76  78  79  81  83  85  86  88
  89  90  91  93  96  97  98  99 100 101 103 104 105 106 109 111 113 114
 115 116 119 120 121 124 126 128 130 131 132 135 136 544 638 643 644 649
 654 659 664 669 674 815 850 860 893 895 898 900 905 938 945 951 966 993]
ids [   8   22   66   77   80   95  110  125  138  263  273  503  504  518
  519  529  534  543  663  678  680  715  718  720  723  725  758  760
  765  768  770  810  903  947  952  953  954  955  956  957  958  959
  960  961  962  963  964  965  967  968  969  970  971  972  973  974
  975  976  977  978  979  980  981  982  984  985  986  987  989  991
  992  994  995  996  997  998  999 1000 1001 1002 1003 1004 1005 1006
 1007 1008 1009 1010 1011 1012 1013 1014 1015 1016 1017 1018 1019 1020
 1021 1022 1023 1024 1025 1026 1027 1029 1031 1032 1034 1036 1037 1039
 1041 1042 1045 1046 1047 1050 1051 1052 1054 1055 1056 1057 1058 1060
 1061 1062 1063 1065 1066 1067 1068 1069 1070 1071 1072 1076 1077 1081]
ids [   5   48  139  234  238  239  244  248  249  258  259  264  378  533
  677  679  682  683  684  685  686  687  688  689  690  691  692  694
  695  696  697  698  699  700  701  702  703  704  705  706  707  708
  709  710  711  712  713  714  716  717  719  721  722  724  726  727
  728  729  730  731  732  733  734  735  736  737  738  739  740  741
  742  743  744  745  746  747  748  749  750  751  752  754  755  756
  757  759  761  762  763  764  766  767  769  772  773  774  775  776
  777  778  779  780  781  782  785  786  787  788  790  791  792  793
  795  796  797  799  800  802  805  806  807  811  828  846  891  936
  950  983  988  990 1028 1030 1033 1035 1038 1040 1075 1080]
ids [  6 102 107 108 112 117 118 123 133 183 228 275 310 313 315 320 353 355
 358 360 363 365 400 403 411 438 501 542 546 547 548 549 550 551 552 553
 554 555 556 557 559 560 562 563 564 565 566 567 568 569 570 571 572 573
 574 575 576 577 579 581 582 584 586 587 589 592 593 594 595 596 597 598
 599 600 601 602 603 604 605 606 607 608 609 610 611 612 613 614 615 616
 617 618 619 620 621 622 624 626 627 629 631 632 634 635 636 637 639 640
 641 642 645 646 647 648 650 651 652 653 655 656 657 658 660 661 662 665
 666 667 671 672 676 813]
ids [127 141 153 156 168 186 201 213 216 231 272 276 277 278 279 280 281 282
 283 284 285 286 287 288 289 290 291 292 293 294 295 296 297 298 299 300
 301 302 303 304 305 307 308 309 311 312 314 316 317 319 321 322 323 324
 325 326 327 328 329 330 331 332 333 334 335 336 337 338 339 340 341 342
 343 344 345 346 347 349 350 351 352 354 356 357 359 361 362 364 366 367
 369 370 371 372 373 374 375 376 377 380 382 383 385 386 387 388 389 390
 391 392 394 395 397 401 402 405 406 453 498 545 578 580 583 585 590 623
 625 628 630 633 670 675 814 909 913 914 919 924 928 943]
ids [ 122  140  173  178  185  220  223  230  265  268  270  318  407  408
  409  412  413  414  415  416  417  418  419  420  421  422  423  424
  425  426  427  428  429  430  431  432  433  434  435  436  437  439
  440  441  442  444  446  447  449  451  452  454  456  457  458  459
  460  461  462  463  464  465  466  467  468  469  470  471  472  473
  474  475  476  477  478  479  480  481  482  483  484  485  486  487
  488  489  491  492  494  496  497  499  502  505  506  507  508  509
  510  511  512  513  514  515  516  517  520  521  522  523  524  525
  526  527  528  530  531  532  536  537  539  541  558  561  588  591
  803  949 1043 1044 1048 1049 1053 1059 1064 1074 1079]
ids [ 137  142  143  144  145  146  147  148  149  150  151  152  154  155
  157  158  159  160  161  162  163  164  165  166  167  169  170  171
  172  174  175  176  177  179  180  181  182  184  187  188  189  190
  191  192  193  194  195  196  197  198  199  200  202  203  204  205
  206  207  208  209  210  211  212  214  215  217  218  219  221  222
  224  225  226  227  229  232  233  235  236  237  240  241  242  243
  245  246  247  250  251  252  253  254  255  256  257  260  261  262
  266  267  269  271  306  348  381  393  396  410  443  445  448  450
  455  490  493  495  500  535  538  540  784  789  794  798  804  808
  809  918  933 1073 1078]
17:40:46-INFO: Step 51
17:40:46-DEBUG: Reaction systems: [[None]
 [0]]
17:40:46-DEBUG: rxn_pairs: [array([ 1, 13])]
17:40:46-DEBUG: Starting total colors: 5
17:40:46-DEBUG: Number of systems: 2
17:40:46-DEBUG: New total colors: 5
17:40:46-DEBUG: Potential energy for color 0: -31397.0051536663
ebond 3.129821157084677
ebond 3.129821157084677
ebond 3.129821157084677
ebond 3.129821157084677
ebond 3.129821157084677
17:40:46-DEBUG: Potential energy for color 1: -31396.423198473636
xhy 51 2 1 13
xhy 51 2 1 13
xhy 51 2 1 13
xhy 51 2 1 13
xhy 51 2 1 13
h_pos [ 7.72698576  9.33797731 10.62596387] x_pos [ 6.45700189  8.69500116 10.46497795] y_pos [ 8.17600687 10.59801269 10.41501435]
h_pos [ 7.72698576  9.33797731 10.62596387] x_pos [ 6.45700189  8.69500116 10.46497795] y_pos [ 8.17600687 10.59801269 10.41501435]
51 rHY 1.3541819792400176 rHX 1.4325480160248059 0.07836603678478826
h_pos [ 7.72698576  9.33797731 10.62596387] x_pos [ 6.45700189  8.69500116 10.46497795] y_pos [ 8.17600687 10.59801269 10.41501435]
h_pos [ 7.72698576  9.33797731 10.62596387] x_pos [ 6.45700189  8.69500116 10.46497795] y_pos [ 8.17600687 10.59801269 10.41501435]
51 rHY 1.3541819792400176 rHX 1.4325480160248059 0.07836603678478826
51 rHY 1.3541819792400176 rHX 1.4325480160248059 0.07836603678478826
51 rHY 1.3541819792400176 rHX 1.4325480160248059 0.07836603678478826
51 cpl_forces h [ 2.21446724  2.50753964 -0.07889791]
51 cpl_forces x [-1.61166436 -0.81596449 -0.20429808]
51 cpl_forces h [ 2.21446724  2.50753964 -0.07889791]
51 cpl_forces h [ 2.21446724  2.50753964 -0.07889791]
51 cpl_forces h [ 2.21446724  2.50753964 -0.07889791]
51 cpl_forces y [-0.60280287 -1.69157515  0.28319599]
51 cpl_forces x [-1.61166436 -0.81596449 -0.20429808]
51 cpl_forces x [-1.61166436 -0.81596449 -0.20429808]
51 cpl_forces x [-1.61166436 -0.81596449 -0.20429808]
51 cpl_forces y [-0.60280287 -1.69157515  0.28319599]
51 cpl_forces y [-0.60280287 -1.69157515  0.28319599]
51 cpl_forces y [-0.60280287 -1.69157515  0.28319599]
h_pos [ 7.72698576  9.33797731 10.62596387] x_pos [ 6.45700189  8.69500116 10.46497795] y_pos [ 8.17600687 10.59801269 10.41501435]
51 rHY 1.3541819792400176 rHX 1.4325480160248059 0.07836603678478826
17:40:46-DEBUG: System matrix: 
51 cpl_forces h [ 2.21446724  2.50753964 -0.07889791]
17:40:46-DEBUG: [[-3.13970052e+04  7.24949448e-01]
 [ 7.24949448e-01 -3.13964232e+04]]
17:40:46-DEBUG: Eigen values: 
51 cpl_forces x [-1.61166436 -0.81596449 -0.20429808]
17:40:46-DEBUG: [-31397.49534165 -31395.93301049]
17:40:46-DEBUG: Occupancies: 
51 cpl_forces y [-0.60280287 -1.69157515  0.28319599]
17:40:46-DEBUG: [1. 0.]
17:40:46-INFO: coupling 51 0.7249494475243978
17:40:46-DEBUG: Amplitudes: 
17:40:46-DEBUG: [0.68624579 0.31375421]
17:40:46-INFO: forces0 h [-15.98898695  -7.72742591  -2.43039825]
17:40:46-INFO: forces0 x [17.2203801   6.63041198  1.65325549]
17:40:46-INFO: forces0 y [ 3.34404158 -3.97769832  1.23684097]
17:40:46-INFO: forces1 h [ 3.56385381 12.55407803 -2.64482291]
17:40:46-INFO: forces1 x [ 3.680214    0.19815195 -0.64290461]
17:40:46-INFO: forces1 y [ -1.1761087  -14.89002804   3.0854038 ]
pos h  [ 7.72698576  9.33797731 10.62596387]
pos x  [ 6.45700189  8.69500116 10.46497795]
pos y  [ 8.17600687 10.59801269 10.41501435]
 mixed_cpl_forces: h [-2.05510437 -2.32708599  0.07322006]
 mixed_cpl_forces: x [1.49568186 0.75724407 0.18959589]
 mixed_cpl_forces: y [ 0.55942251  1.56984192 -0.26281595]
17:40:46-INFO: mixed forces h [-11.90930516  -3.69110459  -2.42445483]
17:40:46-INFO: mixed forces x [14.46777781  5.36950737  1.12242147]
17:40:46-INFO: mixed forces y [ 2.4852479  -5.83164583  1.5540194 ]
17:40:46-DEBUG: Minimum eigen value: 
17:40:46-DEBUG: -31397.49534164975
17:40:46-DEBUG: Minimum state: 
17:40:46-DEBUG: 0
        51   -31397.4953416497   -31397.4953416497        0.0000000000   -31397.0051536663        0.0000000000      0.26960775
ids [  7  38  40  43  45  82  84  87  92  94 129 134 274 368 379 384 398 399
 404 668 673 681 693 753 771 783 801 812 816 817 818 819 820 821 822 823
 824 825 826 827 829 830 831 832 833 834 835 836 837 838 839 840 841 842
 843 844 845 847 848 849 851 852 853 854 855 856 857 858 859 861 862 863
 864 865 866 867 868 869 870 871 872 873 874 875 876 877 878 879 880 881
 882 883 884 885 886 887 888 889 890 892 894 896 897 899 901 902 904 906
 907 908 910 911 912 915 916 917 920 921 922 923 925 926 927 929 930 931
 932 934 935 937 939 940 941 942 944 946 948]
ids [  1   2   3   4   9  10  11  12  13  14  15  16  17  18  19  20  21  23
  24  25  26  27  28  29  30  31  32  33  34  35  36  37  39  41  42  44
  46  47  49  50  51  52  53  54  55  56  57  58  59  60  61  62  63  64
  65  67  68  69  70  71  72  73  74  75  76  78  79  81  83  85  86  88
  89  90  91  93  96  97  98  99 100 101 103 104 105 106 109 111 113 114
 115 116 119 120 121 124 126 128 130 131 132 135 136 544 638 643 644 649
 654 659 664 669 674 815 850 860 893 895 898 900 905 938 945 951 966 993]
ids [  6 102 107 108 112 117 118 123 133 183 228 275 310 313 315 320 353 355
 358 360 363 365 400 403 411 438 501 542 546 547 548 549 550 551 552 553
 554 555 556 557 559 560 562 563 564 565 566 567 568 569 570 571 572 573
 574 575 576 577 579 581 582 584 586 587 589 592 593 594 595 596 597 598
 599 600 601 602 603 604 605 606 607 608 609 610 611 612 613 614 615 616
 617 618 619 620 621 622 624 626 627 629 631 632 634 635 636 637 639 640
 641 642 645 646 647 648 650 651 652 653 655 656 657 658 660 661 662 665
 666 667 671 672 676 813]
ids [   8   22   66   77   80   95  110  125  138  263  273  503  504  518
  519  529  534  543  663  678  680  715  718  720  723  725  758  760
  765  768  770  810  903  947  952  953  954  955  956  957  958  959
  960  961  962  963  964  965  967  968  969  970  971  972  973  974
  975  976  977  978  979  980  981  982  984  985  986  987  989  991
  992  994  995  996  997  998  999 1000 1001 1002 1003 1004 1005 1006
 1007 1008 1009 1010 1011 1012 1013 1014 1015 1016 1017 1018 1019 1020
 1021 1022 1023 1024 1025 1026 1027 1029 1031 1032 1034 1036 1037 1039
 1041 1042 1045 1046 1047 1050 1051 1052 1054 1055 1056 1057 1058 1060
 1061 1062 1063 1065 1066 1067 1068 1069 1070 1071 1072 1076 1077 1081]
ids [ 122  140  173  178  185  220  223  230  265  268  270  318  407  408
  409  412  413  414  415  416  417  418  419  420  421  422  423  424
  425  426  427  428  429  430  431  432  433  434  435  436  437  439
  440  441  442  444  446  447  449  451  452  454  456  457  458  459
  460  461  462  463  464  465  466  467  468  469  470  471  472  473
  474  475  476  477  478  479  480  481  482  483  484  485  486  487
  488  489  491  492  494  496  497  499  502  505  506  507  508  509
  510  511  512  513  514  515  516  517  520  521  522  523  524  525
  526  527  528  530  531  532  536  537  539  541  558  561  588  591
  803  949 1043 1044 1048 1049 1053 1059 1064 1074 1079]
ids [127 141 153 156 168 186 201 213 216 231 272 276 277 278 279 280 281 282
 283 284 285 286 287 288 289 290 291 292 293 294 295 296 297 298 299 300
 301 302 303 304 305 307 308 309 311 312 314 316 317 319 321 322 323 324
 325 326 327 328 329 330 331 332 333 334 335 336 337 338 339 340 341 342
 343 344 345 346 347 349 350 351 352 354 356 357 359 361 362 364 366 367
 369 370 371 372 373 374 375 376 377 380 382 383 385 386 387 388 389 390
 391 392 394 395 397 401 402 405 406 453 498 545 578 580 583 585 590 623
 625 628 630 633 670 675 814 909 913 914 919 924 928 943]
ids [ 137  142  143  144  145  146  147  148  149  150  151  152  154  155
  157  158  159  160  161  162  163  164  165  166  167  169  170  171
  172  174  175  176  177  179  180  181  182  184  187  188  189  190
  191  192  193  194  195  196  197  198  199  200  202  203  204  205
  206  207  208  209  210  211  212  214  215  217  218  219  221  222
  224  225  226  227  229  232  233  235  236  237  240  241  242  243
  245  246  247  250  251  252  253  254  255  256  257  260  261  262
  266  267  269  271  306  348  381  393  396  410  443  445  448  450
  455  490  493  495  500  535  538  540  784  789  794  798  804  808
  809  918  933 1073 1078]
ids [   5   48  139  234  238  239  244  248  249  258  259  264  378  533
  677  679  682  683  684  685  686  687  688  689  690  691  692  694
  695  696  697  698  699  700  701  702  703  704  705  706  707  708
  709  710  711  712  713  714  716  717  719  721  722  724  726  727
  728  729  730  731  732  733  734  735  736  737  738  739  740  741
  742  743  744  745  746  747  748  749  750  751  752  754  755  756
  757  759  761  762  763  764  766  767  769  772  773  774  775  776
  777  778  779  780  781  782  785  786  787  788  790  791  792  793
  795  796  797  799  800  802  805  806  807  811  828  846  891  936
  950  983  988  990 1028 1030 1033 1035 1038 1040 1075 1080]
17:40:46-INFO: Step 52
17:40:46-DEBUG: Reaction systems: [[None]
 [0]]
17:40:46-DEBUG: rxn_pairs: [array([ 1, 13])]
17:40:46-DEBUG: Starting total colors: 5
17:40:46-DEBUG: Number of systems: 2
17:40:46-DEBUG: New total colors: 5
17:40:46-DEBUG: Potential energy for color 0: -31397.0051536663
ebond 3.129821157084677
ebond 3.129821157084677
ebond 3.129821157084677
ebond 3.129821157084677
ebond 3.129821157084677
17:40:46-DEBUG: Potential energy for color 1: -31396.423198473636
xhy 52 2 1 13
xhy 52 2 1 13
xhy 52 2 1 13
xhy 52 2 1 13
xhy 52 2 1 13
h_pos [ 7.72698576  9.33797731 10.62596387] x_pos [ 6.45700189  8.69500116 10.46497795] y_pos [ 8.17600687 10.59801269 10.41501435]
h_pos [ 7.72698576  9.33797731 10.62596387] x_pos [ 6.45700189  8.69500116 10.46497795] y_pos [ 8.17600687 10.59801269 10.41501435]
h_pos [ 7.72698576  9.33797731 10.62596387] x_pos [ 6.45700189  8.69500116 10.46497795] y_pos [ 8.17600687 10.59801269 10.41501435]
52 rHY 1.3541819792400176 rHX 1.4325480160248059 0.07836603678478826
h_pos [ 7.72698576  9.33797731 10.62596387] x_pos [ 6.45700189  8.69500116 10.46497795] y_pos [ 8.17600687 10.59801269 10.41501435]
52 rHY 1.3541819792400176 rHX 1.4325480160248059 0.07836603678478826
52 rHY 1.3541819792400176 rHX 1.4325480160248059 0.07836603678478826
52 rHY 1.3541819792400176 rHX 1.4325480160248059 0.07836603678478826
52 cpl_forces h [ 2.21446724  2.50753964 -0.07889791]
52 cpl_forces h [ 2.21446724  2.50753964 -0.07889791]
52 cpl_forces h [ 2.21446724  2.50753964 -0.07889791]
52 cpl_forces h [ 2.21446724  2.50753964 -0.07889791]
52 cpl_forces x [-1.61166436 -0.81596449 -0.20429808]
52 cpl_forces x [-1.61166436 -0.81596449 -0.20429808]
52 cpl_forces x [-1.61166436 -0.81596449 -0.20429808]
52 cpl_forces x [-1.61166436 -0.81596449 -0.20429808]
52 cpl_forces y [-0.60280287 -1.69157515  0.28319599]
h_pos [ 7.72698576  9.33797731 10.62596387] x_pos [ 6.45700189  8.69500116 10.46497795] y_pos [ 8.17600687 10.59801269 10.41501435]
52 cpl_forces y [-0.60280287 -1.69157515  0.28319599]
52 cpl_forces y [-0.60280287 -1.69157515  0.28319599]
52 cpl_forces y [-0.60280287 -1.69157515  0.28319599]
52 rHY 1.3541819792400176 rHX 1.4325480160248059 0.07836603678478826
17:40:46-DEBUG: System matrix: 
52 cpl_forces h [ 2.21446724  2.50753964 -0.07889791]
52 cpl_forces x [-1.61166436 -0.81596449 -0.20429808]
17:40:46-DEBUG: [[-3.13970052e+04  7.24949448e-01]
 [ 7.24949448e-01 -3.13964232e+04]]
17:40:46-DEBUG: Eigen values: 
17:40:46-DEBUG: [-31397.49534165 -31395.93301049]
52 cpl_forces y [-0.60280287 -1.69157515  0.28319599]
17:40:46-DEBUG: Occupancies: 
17:40:46-DEBUG: [1. 0.]
17:40:46-INFO: coupling 52 0.7249494475243978
17:40:46-DEBUG: Amplitudes: 
17:40:46-DEBUG: [0.68624579 0.31375421]
17:40:46-INFO: forces0 h [-15.98898695  -7.72742591  -2.43039825]
17:40:46-INFO: forces0 x [17.2203801   6.63041198  1.65325549]
17:40:46-INFO: forces0 y [ 3.34404158 -3.97769832  1.23684097]
17:40:46-INFO: forces1 h [ 3.56385381 12.55407803 -2.64482291]
17:40:46-INFO: forces1 x [ 3.680214    0.19815195 -0.64290461]
17:40:46-INFO: forces1 y [ -1.1761087  -14.89002804   3.0854038 ]
pos h  [ 7.72698576  9.33797731 10.62596387]
pos x  [ 6.45700189  8.69500116 10.46497795]
pos y  [ 8.17600687 10.59801269 10.41501435]
 mixed_cpl_forces: h [-2.05510437 -2.32708599  0.07322006]
 mixed_cpl_forces: x [1.49568186 0.75724407 0.18959589]
 mixed_cpl_forces: y [ 0.55942251  1.56984192 -0.26281595]
17:40:46-INFO: mixed forces h [-11.90930516  -3.69110459  -2.42445483]
17:40:46-INFO: mixed forces x [14.46777781  5.36950737  1.12242147]
17:40:46-INFO: mixed forces y [ 2.4852479  -5.83164583  1.5540194 ]
17:40:46-DEBUG: Minimum eigen value: 
17:40:46-DEBUG: -31397.49534164975
17:40:46-DEBUG: Minimum state: 
17:40:46-DEBUG: 0
        52   -31397.4953416497   -31397.4953416497        0.0000000000   -31397.0051536663        0.0000000000      0.26600105
ids [  7  38  40  43  45  82  84  87  92  94 129 134 274 368 379 384 398 399
 404 668 673 681 693 753 771 783 801 812 816 817 818 819 820 821 822 823
 824 825 826 827 829 830 831 832 833 834 835 836 837 838 839 840 841 842
 843 844 845 847 848 849 851 852 853 854 855 856 857 858 859 861 862 863
 864 865 866 867 868 869 870 871 872 873 874 875 876 877 878 879 880 881
 882 883 884 885 886 887 888 889 890 892 894 896 897 899 901 902 904 906
 907 908 910 911 912 915 916 917 920 921 922 923 925 926 927 929 930 931
 932 934 935 937 939 940 941 942 944 946 948]
ids [  1   2   3   4   9  10  11  12  13  14  15  16  17  18  19  20  21  23
  24  25  26  27  28  29  30  31  32  33  34  35  36  37  39  41  42  44
  46  47  49  50  51  52  53  54  55  56  57  58  59  60  61  62  63  64
  65  67  68  69  70  71  72  73  74  75  76  78  79  81  83  85  86  88
  89  90  91  93  96  97  98  99 100 101 103 104 105 106 109 111 113 114
 115 116 119 120 121 124 126 128 130 131 132 135 136 544 638 643 644 649
 654 659 664 669 674 815 850 860 893 895 898 900 905 938 945 951 966 993]
ids [   5   48  139  234  238  239  244  248  249  258  259  264  378  533
  677  679  682  683  684  685  686  687  688  689  690  691  692  694
  695  696  697  698  699  700  701  702  703  704  705  706  707  708
  709  710  711  712  713  714  716  717  719  721  722  724  726  727
  728  729  730  731  732  733  734  735  736  737  738  739  740  741
  742  743  744  745  746  747  748  749  750  751  752  754  755  756
  757  759  761  762  763  764  766  767  769  772  773  774  775  776
  777  778  779  780  781  782  785  786  787  788  790  791  792  793
  795  796  797  799  800  802  805  806  807  811  828  846  891  936
  950  983  988  990 1028 1030 1033 1035 1038 1040 1075 1080]
ids [ 122  140  173  178  185  220  223  230  265  268  270  318  407  408
  409  412  413  414  415  416  417  418  419  420  421  422  423  424
  425  426  427  428  429  430  431  432  433  434  435  436  437  439
  440  441  442  444  446  447  449  451  452  454  456  457  458  459
  460  461  462  463  464  465  466  467  468  469  470  471  472  473
  474  475  476  477  478  479  480  481  482  483  484  485  486  487
  488  489  491  492  494  496  497  499  502  505  506  507  508  509
  510  511  512  513  514  515  516  517  520  521  522  523  524  525
  526  527  528  530  531  532  536  537  539  541  558  561  588  591
  803  949 1043 1044 1048 1049 1053 1059 1064 1074 1079]
ids [  6 102 107 108 112 117 118 123 133 183 228 275 310 313 315 320 353 355
 358 360 363 365 400 403 411 438 501 542 546 547 548 549 550 551 552 553
 554 555 556 557 559 560 562 563 564 565 566 567 568 569 570 571 572 573
 574 575 576 577 579 581 582 584 586 587 589 592 593 594 595 596 597 598
 599 600 601 602 603 604 605 606 607 608 609 610 611 612 613 614 615 616
 617 618 619 620 621 622 624 626 627 629 631 632 634 635 636 637 639 640
 641 642 645 646 647 648 650 651 652 653 655 656 657 658 660 661 662 665
 666 667 671 672 676 813]
ids [   8   22   66   77   80   95  110  125  138  263  273  503  504  518
  519  529  534  543  663  678  680  715  718  720  723  725  758  760
  765  768  770  810  903  947  952  953  954  955  956  957  958  959
  960  961  962  963  964  965  967  968  969  970  971  972  973  974
  975  976  977  978  979  980  981  982  984  985  986  987  989  991
  992  994  995  996  997  998  999 1000 1001 1002 1003 1004 1005 1006
 1007 1008 1009 1010 1011 1012 1013 1014 1015 1016 1017 1018 1019 1020
 1021 1022 1023 1024 1025 1026 1027 1029 1031 1032 1034 1036 1037 1039
 1041 1042 1045 1046 1047 1050 1051 1052 1054 1055 1056 1057 1058 1060
 1061 1062 1063 1065 1066 1067 1068 1069 1070 1071 1072 1076 1077 1081]
ids [127 141 153 156 168 186 201 213 216 231 272 276 277 278 279 280 281 282
 283 284 285 286 287 288 289 290 291 292 293 294 295 296 297 298 299 300
 301 302 303 304 305 307 308 309 311 312 314 316 317 319 321 322 323 324
 325 326 327 328 329 330 331 332 333 334 335 336 337 338 339 340 341 342
 343 344 345 346 347 349 350 351 352 354 356 357 359 361 362 364 366 367
 369 370 371 372 373 374 375 376 377 380 382 383 385 386 387 388 389 390
 391 392 394 395 397 401 402 405 406 453 498 545 578 580 583 585 590 623
 625 628 630 633 670 675 814 909 913 914 919 924 928 943]
ids [ 137  142  143  144  145  146  147  148  149  150  151  152  154  155
  157  158  159  160  161  162  163  164  165  166  167  169  170  171
  172  174  175  176  177  179  180  181  182  184  187  188  189  190
  191  192  193  194  195  196  197  198  199  200  202  203  204  205
  206  207  208  209  210  211  212  214  215  217  218  219  221  222
  224  225  226  227  229  232  233  235  236  237  240  241  242  243
  245  246  247  250  251  252  253  254  255  256  257  260  261  262
  266  267  269  271  306  348  381  393  396  410  443  445  448  450
  455  490  493  495  500  535  538  540  784  789  794  798  804  808
  809  918  933 1073 1078]
17:40:46-INFO: Step 53
17:40:46-DEBUG: Reaction systems: [[None]
 [0]]
17:40:46-DEBUG: rxn_pairs: [array([ 1, 13])]
17:40:46-DEBUG: Starting total colors: 5
17:40:46-DEBUG: Number of systems: 2
17:40:46-DEBUG: New total colors: 5
17:40:46-DEBUG: Potential energy for color 0: -31397.0051536663
ebond 3.129821157084677
ebond 3.129821157084677
ebond 3.129821157084677
ebond 3.129821157084677
ebond 3.129821157084677
17:40:47-DEBUG: Potential energy for color 1: -31396.423198473636
xhy 53 2 1 13
xhy 53 2 1 13
xhy 53 2 1 13
xhy 53 2 1 13
xhy 53 2 1 13
h_pos [ 7.72698576  9.33797731 10.62596387] x_pos [ 6.45700189  8.69500116 10.46497795] y_pos [ 8.17600687 10.59801269 10.41501435]
53 rHY 1.3541819792400176 rHX 1.4325480160248059 0.07836603678478826
h_pos [ 7.72698576  9.33797731 10.62596387] x_pos [ 6.45700189  8.69500116 10.46497795] y_pos [ 8.17600687 10.59801269 10.41501435]
h_pos [ 7.72698576  9.33797731 10.62596387] x_pos [ 6.45700189  8.69500116 10.46497795] y_pos [ 8.17600687 10.59801269 10.41501435]
h_pos [ 7.72698576  9.33797731 10.62596387] x_pos [ 6.45700189  8.69500116 10.46497795] y_pos [ 8.17600687 10.59801269 10.41501435]
53 rHY 1.3541819792400176 rHX 1.4325480160248059 0.07836603678478826
53 rHY 1.3541819792400176 rHX 1.4325480160248059 0.07836603678478826
53 rHY 1.3541819792400176 rHX 1.4325480160248059 0.07836603678478826
53 cpl_forces h [ 2.21446724  2.50753964 -0.07889791]
53 cpl_forces h [ 2.21446724  2.50753964 -0.07889791]
53 cpl_forces x [-1.61166436 -0.81596449 -0.20429808]
53 cpl_forces h [ 2.21446724  2.50753964 -0.07889791]
53 cpl_forces h [ 2.21446724  2.50753964 -0.07889791]
53 cpl_forces y [-0.60280287 -1.69157515  0.28319599]
53 cpl_forces x [-1.61166436 -0.81596449 -0.20429808]
53 cpl_forces x [-1.61166436 -0.81596449 -0.20429808]
53 cpl_forces x [-1.61166436 -0.81596449 -0.20429808]
53 cpl_forces y [-0.60280287 -1.69157515  0.28319599]
53 cpl_forces y [-0.60280287 -1.69157515  0.28319599]
53 cpl_forces y [-0.60280287 -1.69157515  0.28319599]
h_pos [ 7.72698576  9.33797731 10.62596387] x_pos [ 6.45700189  8.69500116 10.46497795] y_pos [ 8.17600687 10.59801269 10.41501435]
53 rHY 1.3541819792400176 rHX 1.4325480160248059 0.07836603678478826
17:40:47-DEBUG: System matrix: 
53 cpl_forces h [ 2.21446724  2.50753964 -0.07889791]
17:40:47-DEBUG: [[-3.13970052e+04  7.24949448e-01]
 [ 7.24949448e-01 -3.13964232e+04]]
17:40:47-DEBUG: Eigen values: 
53 cpl_forces x [-1.61166436 -0.81596449 -0.20429808]
17:40:47-DEBUG: [-31397.49534165 -31395.93301049]
17:40:47-DEBUG: Occupancies: 
17:40:47-DEBUG: [1. 0.]
53 cpl_forces y [-0.60280287 -1.69157515  0.28319599]
17:40:47-INFO: coupling 53 0.7249494475243978
17:40:47-DEBUG: Amplitudes: 
17:40:47-DEBUG: [0.68624579 0.31375421]
17:40:47-INFO: forces0 h [-15.98898695  -7.72742591  -2.43039825]
17:40:47-INFO: forces0 x [17.2203801   6.63041198  1.65325549]
17:40:47-INFO: forces0 y [ 3.34404158 -3.97769832  1.23684097]
17:40:47-INFO: forces1 h [ 3.56385381 12.55407803 -2.64482291]
17:40:47-INFO: forces1 x [ 3.680214    0.19815195 -0.64290461]
17:40:47-INFO: forces1 y [ -1.1761087  -14.89002804   3.0854038 ]
pos h  [ 7.72698576  9.33797731 10.62596387]
pos x  [ 6.45700189  8.69500116 10.46497795]
pos y  [ 8.17600687 10.59801269 10.41501435]
 mixed_cpl_forces: h [-2.05510437 -2.32708599  0.07322006]
 mixed_cpl_forces: x [1.49568186 0.75724407 0.18959589]
 mixed_cpl_forces: y [ 0.55942251  1.56984192 -0.26281595]
17:40:47-INFO: mixed forces h [-11.90930516  -3.69110459  -2.42445483]
17:40:47-INFO: mixed forces x [14.46777781  5.36950737  1.12242147]
17:40:47-INFO: mixed forces y [ 2.4852479  -5.83164583  1.5540194 ]
17:40:47-DEBUG: Minimum eigen value: 
17:40:47-DEBUG: -31397.49534164975
17:40:47-DEBUG: Minimum state: 
17:40:47-DEBUG: 0
        53   -31397.4953416497   -31397.4953416497        0.0000000000   -31397.0051536663        0.0000000000      0.28991725
ids [  7  38  40  43  45  82  84  87  92  94 129 134 274 368 379 384 398 399
 404 668 673 681 693 753 771 783 801 812 816 817 818 819 820 821 822 823
 824 825 826 827 829 830 831 832 833 834 835 836 837 838 839 840 841 842
 843 844 845 847 848 849 851 852 853 854 855 856 857 858 859 861 862 863
 864 865 866 867 868 869 870 871 872 873 874 875 876 877 878 879 880 881
 882 883 884 885 886 887 888 889 890 892 894 896 897 899 901 902 904 906
 907 908 910 911 912 915 916 917 920 921 922 923 925 926 927 929 930 931
 932 934 935 937 939 940 941 942 944 946 948]
ids [  1   2   3   4   9  10  11  12  13  14  15  16  17  18  19  20  21  23
  24  25  26  27  28  29  30  31  32  33  34  35  36  37  39  41  42  44
  46  47  49  50  51  52  53  54  55  56  57  58  59  60  61  62  63  64
  65  67  68  69  70  71  72  73  74  75  76  78  79  81  83  85  86  88
  89  90  91  93  96  97  98  99 100 101 103 104 105 106 109 111 113 114
 115 116 119 120 121 124 126 128 130 131 132 135 136 544 638 643 644 649
 654 659 664 669 674 815 850 860 893 895 898 900 905 938 945 951 966 993]
ids [ 122  140  173  178  185  220  223  230  265  268  270  318  407  408
  409  412  413  414  415  416  417  418  419  420  421  422  423  424
  425  426  427  428  429  430  431  432  433  434  435  436  437  439
  440  441  442  444  446  447  449  451  452  454  456  457  458  459
  460  461  462  463  464  465  466  467  468  469  470  471  472  473
  474  475  476  477  478  479  480  481  482  483  484  485  486  487
  488  489  491  492  494  496  497  499  502  505  506  507  508  509
  510  511  512  513  514  515  516  517  520  521  522  523  524  525
  526  527  528  530  531  532  536  537  539  541  558  561  588  591
  803  949 1043 1044 1048 1049 1053 1059 1064 1074 1079]
ids [  6 102 107 108 112 117 118 123 133 183 228 275 310 313 315 320 353 355
 358 360 363 365 400 403 411 438 501 542 546 547 548 549 550 551 552 553
 554 555 556 557 559 560 562 563 564 565 566 567 568 569 570 571 572 573
 574 575 576 577 579 581 582 584 586 587 589 592 593 594 595 596 597 598
 599 600 601 602 603 604 605 606 607 608 609 610 611 612 613 614 615 616
 617 618 619 620 621 622 624 626 627 629 631 632 634 635 636 637 639 640
 641 642 645 646 647 648 650 651 652 653 655 656 657 658 660 661 662 665
 666 667 671 672 676 813]
ids [   8   22   66   77   80   95  110  125  138  263  273  503  504  518
  519  529  534  543  663  678  680  715  718  720  723  725  758  760
  765  768  770  810  903  947  952  953  954  955  956  957  958  959
  960  961  962  963  964  965  967  968  969  970  971  972  973  974
  975  976  977  978  979  980  981  982  984  985  986  987  989  991
  992  994  995  996  997  998  999 1000 1001 1002 1003 1004 1005 1006
 1007 1008 1009 1010 1011 1012 1013 1014 1015 1016 1017 1018 1019 1020
 1021 1022 1023 1024 1025 1026 1027 1029 1031 1032 1034 1036 1037 1039
 1041 1042 1045 1046 1047 1050 1051 1052 1054 1055 1056 1057 1058 1060
 1061 1062 1063 1065 1066 1067 1068 1069 1070 1071 1072 1076 1077 1081]
ids [   5   48  139  234  238  239  244  248  249  258  259  264  378  533
  677  679  682  683  684  685  686  687  688  689  690  691  692  694
  695  696  697  698  699  700  701  702  703  704  705  706  707  708
  709  710  711  712  713  714  716  717  719  721  722  724  726  727
  728  729  730  731  732  733  734  735  736  737  738  739  740  741
  742  743  744  745  746  747  748  749  750  751  752  754  755  756
  757  759  761  762  763  764  766  767  769  772  773  774  775  776
  777  778  779  780  781  782  785  786  787  788  790  791  792  793
  795  796  797  799  800  802  805  806  807  811  828  846  891  936
  950  983  988  990 1028 1030 1033 1035 1038 1040 1075 1080]
ids [127 141 153 156 168 186 201 213 216 231 272 276 277 278 279 280 281 282
 283 284 285 286 287 288 289 290 291 292 293 294 295 296 297 298 299 300
 301 302 303 304 305 307 308 309 311 312 314 316 317 319 321 322 323 324
 325 326 327 328 329 330 331 332 333 334 335 336 337 338 339 340 341 342
 343 344 345 346 347 349 350 351 352 354 356 357 359 361 362 364 366 367
 369 370 371 372 373 374 375 376 377 380 382 383 385 386 387 388 389 390
 391 392 394 395 397 401 402 405 406 453 498 545 578 580 583 585 590 623
 625 628 630 633 670 675 814 909 913 914 919 924 928 943]
ids [ 137  142  143  144  145  146  147  148  149  150  151  152  154  155
  157  158  159  160  161  162  163  164  165  166  167  169  170  171
  172  174  175  176  177  179  180  181  182  184  187  188  189  190
  191  192  193  194  195  196  197  198  199  200  202  203  204  205
  206  207  208  209  210  211  212  214  215  217  218  219  221  222
  224  225  226  227  229  232  233  235  236  237  240  241  242  243
  245  246  247  250  251  252  253  254  255  256  257  260  261  262
  266  267  269  271  306  348  381  393  396  410  443  445  448  450
  455  490  493  495  500  535  538  540  784  789  794  798  804  808
  809  918  933 1073 1078]
17:40:47-INFO: Step 54
17:40:47-DEBUG: Reaction systems: [[None]
 [0]]
17:40:47-DEBUG: rxn_pairs: [array([ 1, 13])]
17:40:47-DEBUG: Starting total colors: 5
17:40:47-DEBUG: Number of systems: 2
17:40:47-DEBUG: New total colors: 5
17:40:47-DEBUG: Potential energy for color 0: -31397.0051536663
ebond 3.129821157084677
ebond 3.129821157084677
ebond 3.129821157084677
ebond 3.129821157084677
ebond 3.129821157084677
17:40:47-DEBUG: Potential energy for color 1: -31396.423198473636
xhy 54 2 1 13
xhy 54 2 1 13
xhy 54 2 1 13
xhy 54 2 1 13
xhy 54 2 1 13
h_pos [ 7.72698576  9.33797731 10.62596387] x_pos [ 6.45700189  8.69500116 10.46497795] y_pos [ 8.17600687 10.59801269 10.41501435]
h_pos [ 7.72698576  9.33797731 10.62596387] x_pos [ 6.45700189  8.69500116 10.46497795] y_pos [ 8.17600687 10.59801269 10.41501435]
h_pos [ 7.72698576  9.33797731 10.62596387] x_pos [ 6.45700189  8.69500116 10.46497795] y_pos [ 8.17600687 10.59801269 10.41501435]
h_pos [ 7.72698576  9.33797731 10.62596387] x_pos [ 6.45700189  8.69500116 10.46497795] y_pos [ 8.17600687 10.59801269 10.41501435]
54 rHY 1.3541819792400176 rHX 1.4325480160248059 0.07836603678478826
54 rHY 1.3541819792400176 rHX 1.4325480160248059 0.07836603678478826
54 rHY 1.3541819792400176 rHX 1.4325480160248059 0.07836603678478826
54 rHY 1.3541819792400176 rHX 1.4325480160248059 0.07836603678478826
54 cpl_forces h [ 2.21446724  2.50753964 -0.07889791]
54 cpl_forces h [ 2.21446724  2.50753964 -0.07889791]
54 cpl_forces h [ 2.21446724  2.50753964 -0.07889791]
54 cpl_forces h [ 2.21446724  2.50753964 -0.07889791]
54 cpl_forces x [-1.61166436 -0.81596449 -0.20429808]
h_pos [ 7.72698576  9.33797731 10.62596387] x_pos [ 6.45700189  8.69500116 10.46497795] y_pos [ 8.17600687 10.59801269 10.41501435]
54 cpl_forces x [-1.61166436 -0.81596449 -0.20429808]
54 cpl_forces y [-0.60280287 -1.69157515  0.28319599]
54 cpl_forces x [-1.61166436 -0.81596449 -0.20429808]
54 cpl_forces x [-1.61166436 -0.81596449 -0.20429808]
54 cpl_forces y [-0.60280287 -1.69157515  0.28319599]
54 cpl_forces y [-0.60280287 -1.69157515  0.28319599]
54 cpl_forces y [-0.60280287 -1.69157515  0.28319599]
54 rHY 1.3541819792400176 rHX 1.4325480160248059 0.07836603678478826
17:40:47-DEBUG: System matrix: 
54 cpl_forces h [ 2.21446724  2.50753964 -0.07889791]
54 cpl_forces x [-1.61166436 -0.81596449 -0.20429808]
17:40:47-DEBUG: [[-3.13970052e+04  7.24949448e-01]
 [ 7.24949448e-01 -3.13964232e+04]]
17:40:47-DEBUG: Eigen values: 
17:40:47-DEBUG: [-31397.49534165 -31395.93301049]
54 cpl_forces y [-0.60280287 -1.69157515  0.28319599]
17:40:47-DEBUG: Occupancies: 
17:40:47-DEBUG: [1. 0.]
17:40:47-INFO: coupling 54 0.7249494475243978
17:40:47-DEBUG: Amplitudes: 
17:40:47-DEBUG: [0.68624579 0.31375421]
17:40:47-INFO: forces0 h [-15.98898695  -7.72742591  -2.43039825]
17:40:47-INFO: forces0 x [17.2203801   6.63041198  1.65325549]
17:40:47-INFO: forces0 y [ 3.34404158 -3.97769832  1.23684097]
17:40:47-INFO: forces1 h [ 3.56385381 12.55407803 -2.64482291]
17:40:47-INFO: forces1 x [ 3.680214    0.19815195 -0.64290461]
17:40:47-INFO: forces1 y [ -1.1761087  -14.89002804   3.0854038 ]
pos h  [ 7.72698576  9.33797731 10.62596387]
pos x  [ 6.45700189  8.69500116 10.46497795]
pos y  [ 8.17600687 10.59801269 10.41501435]
 mixed_cpl_forces: h [-2.05510437 -2.32708599  0.07322006]
 mixed_cpl_forces: x [1.49568186 0.75724407 0.18959589]
 mixed_cpl_forces: y [ 0.55942251  1.56984192 -0.26281595]
17:40:47-INFO: mixed forces h [-11.90930516  -3.69110459  -2.42445483]
17:40:47-INFO: mixed forces x [14.46777781  5.36950737  1.12242147]
17:40:47-INFO: mixed forces y [ 2.4852479  -5.83164583  1.5540194 ]
17:40:47-DEBUG: Minimum eigen value: 
17:40:47-DEBUG: -31397.49534164975
17:40:47-DEBUG: Minimum state: 
17:40:47-DEBUG: 0
        54   -31397.4953416497   -31397.4953416497        0.0000000000   -31397.0051536663        0.0000000000      0.29055649
ids [  6 102 107 108 112 117 118 123 133 183 228 275 310 313 315 320 353 355
 358 360 363 365 400 403 411 438 501 542 546 547 548 549 550 551 552 553
 554 555 556 557 559 560 562 563 564 565 566 567 568 569 570 571 572 573
 574 575 576 577 579 581 582 584 586 587 589 592 593 594 595 596 597 598
 599 600 601 602 603 604 605 606 607 608 609 610 611 612 613 614 615 616
 617 618 619 620 621 622 624 626 627 629 631 632 634 635 636 637 639 640
 641 642 645 646 647 648 650 651 652 653 655 656 657 658 660 661 662 665
 666 667 671 672 676 813]
ids [   5   48  139  234  238  239  244  248  249  258  259  264  378  533
  677  679  682  683  684  685  686  687  688  689  690  691  692  694
  695  696  697  698  699  700  701  702  703  704  705  706  707  708
  709  710  711  712  713  714  716  717  719  721  722  724  726  727
  728  729  730  731  732  733  734  735  736  737  738  739  740  741
  742  743  744  745  746  747  748  749  750  751  752  754  755  756
  757  759  761  762  763  764  766  767  769  772  773  774  775  776
  777  778  779  780  781  782  785  786  787  788  790  791  792  793
  795  796  797  799  800  802  805  806  807  811  828  846  891  936
  950  983  988  990 1028 1030 1033 1035 1038 1040 1075 1080]
ids [ 122  140  173  178  185  220  223  230  265  268  270  318  407  408
  409  412  413  414  415  416  417  418  419  420  421  422  423  424
  425  426  427  428  429  430  431  432  433  434  435  436  437  439
  440  441  442  444  446  447  449  451  452  454  456  457  458  459
  460  461  462  463  464  465  466  467  468  469  470  471  472  473
  474  475  476  477  478  479  480  481  482  483  484  485  486  487
  488  489  491  492  494  496  497  499  502  505  506  507  508  509
  510  511  512  513  514  515  516  517  520  521  522  523  524  525
  526  527  528  530  531  532  536  537  539  541  558  561  588  591
  803  949 1043 1044 1048 1049 1053 1059 1064 1074 1079]
ids [  7  38  40  43  45  82  84  87  92  94 129 134 274 368 379 384 398 399
 404 668 673 681 693 753 771 783 801 812 816 817 818 819 820 821 822 823
 824 825 826 827 829 830 831 832 833 834 835 836 837 838 839 840 841 842
 843 844 845 847 848 849 851 852 853 854 855 856 857 858 859 861 862 863
 864 865 866 867 868 869 870 871 872 873 874 875 876 877 878 879 880 881
 882 883 884 885 886 887 888 889 890 892 894 896 897 899 901 902 904 906
 907 908 910 911 912 915 916 917 920 921 922 923 925 926 927 929 930 931
 932 934 935 937 939 940 941 942 944 946 948]
ids [  1   2   3   4   9  10  11  12  13  14  15  16  17  18  19  20  21  23
  24  25  26  27  28  29  30  31  32  33  34  35  36  37  39  41  42  44
  46  47  49  50  51  52  53  54  55  56  57  58  59  60  61  62  63  64
  65  67  68  69  70  71  72  73  74  75  76  78  79  81  83  85  86  88
  89  90  91  93  96  97  98  99 100 101 103 104 105 106 109 111 113 114
 115 116 119 120 121 124 126 128 130 131 132 135 136 544 638 643 644 649
 654 659 664 669 674 815 850 860 893 895 898 900 905 938 945 951 966 993]
ids [   8   22   66   77   80   95  110  125  138  263  273  503  504  518
  519  529  534  543  663  678  680  715  718  720  723  725  758  760
  765  768  770  810  903  947  952  953  954  955  956  957  958  959
  960  961  962  963  964  965  967  968  969  970  971  972  973  974
  975  976  977  978  979  980  981  982  984  985  986  987  989  991
  992  994  995  996  997  998  999 1000 1001 1002 1003 1004 1005 1006
 1007 1008 1009 1010 1011 1012 1013 1014 1015 1016 1017 1018 1019 1020
 1021 1022 1023 1024 1025 1026 1027 1029 1031 1032 1034 1036 1037 1039
 1041 1042 1045 1046 1047 1050 1051 1052 1054 1055 1056 1057 1058 1060
 1061 1062 1063 1065 1066 1067 1068 1069 1070 1071 1072 1076 1077 1081]
ids [127 141 153 156 168 186 201 213 216 231 272 276 277 278 279 280 281 282
 283 284 285 286 287 288 289 290 291 292 293 294 295 296 297 298 299 300
 301 302 303 304 305 307 308 309 311 312 314 316 317 319 321 322 323 324
 325 326 327 328 329 330 331 332 333 334 335 336 337 338 339 340 341 342
 343 344 345 346 347 349 350 351 352 354 356 357 359 361 362 364 366 367
 369 370 371 372 373 374 375 376 377 380 382 383 385 386 387 388 389 390
 391 392 394 395 397 401 402 405 406 453 498 545 578 580 583 585 590 623
 625 628 630 633 670 675 814 909 913 914 919 924 928 943]
ids [ 137  142  143  144  145  146  147  148  149  150  151  152  154  155
  157  158  159  160  161  162  163  164  165  166  167  169  170  171
  172  174  175  176  177  179  180  181  182  184  187  188  189  190
  191  192  193  194  195  196  197  198  199  200  202  203  204  205
  206  207  208  209  210  211  212  214  215  217  218  219  221  222
  224  225  226  227  229  232  233  235  236  237  240  241  242  243
  245  246  247  250  251  252  253  254  255  256  257  260  261  262
  266  267  269  271  306  348  381  393  396  410  443  445  448  450
  455  490  493  495  500  535  538  540  784  789  794  798  804  808
  809  918  933 1073 1078]
17:40:47-INFO: Step 55
17:40:47-DEBUG: Reaction systems: [[None]
 [0]]
17:40:47-DEBUG: rxn_pairs: [array([ 1, 13])]
17:40:47-DEBUG: Starting total colors: 5
17:40:47-DEBUG: Number of systems: 2
17:40:47-DEBUG: New total colors: 5
17:40:47-DEBUG: Potential energy for color 0: -31397.0051536663
ebond 3.129821157084677
ebond 3.129821157084677
ebond 3.129821157084677
ebond 3.129821157084677
ebond 3.129821157084677
17:40:47-DEBUG: Potential energy for color 1: -31396.423198473636
xhy 55 2 1 13
xhy 55 2 1 13
xhy 55 2 1 13
xhy 55 2 1 13
xhy 55 2 1 13
h_pos [ 7.72698576  9.33797731 10.62596387] x_pos [ 6.45700189  8.69500116 10.46497795] y_pos [ 8.17600687 10.59801269 10.41501435]
h_pos [ 7.72698576  9.33797731 10.62596387] x_pos [ 6.45700189  8.69500116 10.46497795] y_pos [ 8.17600687 10.59801269 10.41501435]
h_pos [ 7.72698576  9.33797731 10.62596387] x_pos [ 6.45700189  8.69500116 10.46497795] y_pos [ 8.17600687 10.59801269 10.41501435]
55 rHY 1.3541819792400176 rHX 1.4325480160248059 0.07836603678478826
h_pos [ 7.72698576  9.33797731 10.62596387] x_pos [ 6.45700189  8.69500116 10.46497795] y_pos [ 8.17600687 10.59801269 10.41501435]
55 rHY 1.3541819792400176 rHX 1.4325480160248059 0.07836603678478826
55 rHY 1.3541819792400176 rHX 1.4325480160248059 0.07836603678478826
55 rHY 1.3541819792400176 rHX 1.4325480160248059 0.07836603678478826
55 cpl_forces h [ 2.21446724  2.50753964 -0.07889791]
55 cpl_forces h [ 2.21446724  2.50753964 -0.07889791]
55 cpl_forces h [ 2.21446724  2.50753964 -0.07889791]
55 cpl_forces x [-1.61166436 -0.81596449 -0.20429808]
55 cpl_forces h [ 2.21446724  2.50753964 -0.07889791]
55 cpl_forces y [-0.60280287 -1.69157515  0.28319599]
55 cpl_forces x [-1.61166436 -0.81596449 -0.20429808]
55 cpl_forces x [-1.61166436 -0.81596449 -0.20429808]
55 cpl_forces x [-1.61166436 -0.81596449 -0.20429808]
55 cpl_forces y [-0.60280287 -1.69157515  0.28319599]
55 cpl_forces y [-0.60280287 -1.69157515  0.28319599]
h_pos [ 7.72698576  9.33797731 10.62596387] x_pos [ 6.45700189  8.69500116 10.46497795] y_pos [ 8.17600687 10.59801269 10.41501435]
55 cpl_forces y [-0.60280287 -1.69157515  0.28319599]
55 rHY 1.3541819792400176 rHX 1.4325480160248059 0.07836603678478826
17:40:47-DEBUG: System matrix: 
55 cpl_forces h [ 2.21446724  2.50753964 -0.07889791]
17:40:47-DEBUG: [[-3.13970052e+04  7.24949448e-01]
 [ 7.24949448e-01 -3.13964232e+04]]
17:40:47-DEBUG: Eigen values: 
55 cpl_forces x [-1.61166436 -0.81596449 -0.20429808]
17:40:47-DEBUG: [-31397.49534165 -31395.93301049]
17:40:47-DEBUG: Occupancies: 
55 cpl_forces y [-0.60280287 -1.69157515  0.28319599]
17:40:47-DEBUG: [1. 0.]
17:40:47-INFO: coupling 55 0.7249494475243978
17:40:47-DEBUG: Amplitudes: 
17:40:47-DEBUG: [0.68624579 0.31375421]
17:40:47-INFO: forces0 h [-15.98898695  -7.72742591  -2.43039825]
17:40:47-INFO: forces0 x [17.2203801   6.63041198  1.65325549]
17:40:47-INFO: forces0 y [ 3.34404158 -3.97769832  1.23684097]
17:40:47-INFO: forces1 h [ 3.56385381 12.55407803 -2.64482291]
17:40:47-INFO: forces1 x [ 3.680214    0.19815195 -0.64290461]
17:40:47-INFO: forces1 y [ -1.1761087  -14.89002804   3.0854038 ]
pos h  [ 7.72698576  9.33797731 10.62596387]
pos x  [ 6.45700189  8.69500116 10.46497795]
pos y  [ 8.17600687 10.59801269 10.41501435]
 mixed_cpl_forces: h [-2.05510437 -2.32708599  0.07322006]
 mixed_cpl_forces: x [1.49568186 0.75724407 0.18959589]
 mixed_cpl_forces: y [ 0.55942251  1.56984192 -0.26281595]
17:40:47-INFO: mixed forces h [-11.90930516  -3.69110459  -2.42445483]
17:40:47-INFO: mixed forces x [14.46777781  5.36950737  1.12242147]
17:40:47-INFO: mixed forces y [ 2.4852479  -5.83164583  1.5540194 ]
17:40:47-DEBUG: Minimum eigen value: 
17:40:47-DEBUG: -31397.49534164975
17:40:47-DEBUG: Minimum state: 
17:40:47-DEBUG: 0
        55   -31397.4953416497   -31397.4953416497        0.0000000000   -31397.0051536663        0.0000000000      0.29184111
ids [  1   2   3   4   9  10  11  12  13  14  15  16  17  18  19  20  21  23
  24  25  26  27  28  29  30  31  32  33  34  35  36  37  39  41  42  44
  46  47  49  50  51  52  53  54  55  56  57  58  59  60  61  62  63  64
  65  67  68  69  70  71  72  73  74  75  76  78  79  81  83  85  86  88
  89  90  91  93  96  97  98  99 100 101 103 104 105 106 109 111 113 114
 115 116 119 120 121 124 126 128 130 131 132 135 136 544 638 643 644 649
 654 659 664 669 674 815 850 860 893 895 898 900 905 938 945 951 966 993]
ids [  7  38  40  43  45  82  84  87  92  94 129 134 274 368 379 384 398 399
 404 668 673 681 693 753 771 783 801 812 816 817 818 819 820 821 822 823
 824 825 826 827 829 830 831 832 833 834 835 836 837 838 839 840 841 842
 843 844 845 847 848 849 851 852 853 854 855 856 857 858 859 861 862 863
 864 865 866 867 868 869 870 871 872 873 874 875 876 877 878 879 880 881
 882 883 884 885 886 887 888 889 890 892 894 896 897 899 901 902 904 906
 907 908 910 911 912 915 916 917 920 921 922 923 925 926 927 929 930 931
 932 934 935 937 939 940 941 942 944 946 948]
ids [  6 102 107 108 112 117 118 123 133 183 228 275 310 313 315 320 353 355
 358 360 363 365 400 403 411 438 501 542 546 547 548 549 550 551 552 553
 554 555 556 557 559 560 562 563 564 565 566 567 568 569 570 571 572 573
 574 575 576 577 579 581 582 584 586 587 589 592 593 594 595 596 597 598
 599 600 601 602 603 604 605 606 607 608 609 610 611 612 613 614 615 616
 617 618 619 620 621 622 624 626 627 629 631 632 634 635 636 637 639 640
 641 642 645 646 647 648 650 651 652 653 655 656 657 658 660 661 662 665
 666 667 671 672 676 813]
ids [   5   48  139  234  238  239  244  248  249  258  259  264  378  533
  677  679  682  683  684  685  686  687  688  689  690  691  692  694
  695  696  697  698  699  700  701  702  703  704  705  706  707  708
  709  710  711  712  713  714  716  717  719  721  722  724  726  727
  728  729  730  731  732  733  734  735  736  737  738  739  740  741
  742  743  744  745  746  747  748  749  750  751  752  754  755  756
  757  759  761  762  763  764  766  767  769  772  773  774  775  776
  777  778  779  780  781  782  785  786  787  788  790  791  792  793
  795  796  797  799  800  802  805  806  807  811  828  846  891  936
  950  983  988  990 1028 1030 1033 1035 1038 1040 1075 1080]
ids [ 122  140  173  178  185  220  223  230  265  268  270  318  407  408
  409  412  413  414  415  416  417  418  419  420  421  422  423  424
  425  426  427  428  429  430  431  432  433  434  435  436  437  439
  440  441  442  444  446  447  449  451  452  454  456  457  458  459
  460  461  462  463  464  465  466  467  468  469  470  471  472  473
  474  475  476  477  478  479  480  481  482  483  484  485  486  487
  488  489  491  492  494  496  497  499  502  505  506  507  508  509
  510  511  512  513  514  515  516  517  520  521  522  523  524  525
  526  527  528  530  531  532  536  537  539  541  558  561  588  591
  803  949 1043 1044 1048 1049 1053 1059 1064 1074 1079]
ids [   8   22   66   77   80   95  110  125  138  263  273  503  504  518
  519  529  534  543  663  678  680  715  718  720  723  725  758  760
  765  768  770  810  903  947  952  953  954  955  956  957  958  959
  960  961  962  963  964  965  967  968  969  970  971  972  973  974
  975  976  977  978  979  980  981  982  984  985  986  987  989  991
  992  994  995  996  997  998  999 1000 1001 1002 1003 1004 1005 1006
 1007 1008 1009 1010 1011 1012 1013 1014 1015 1016 1017 1018 1019 1020
 1021 1022 1023 1024 1025 1026 1027 1029 1031 1032 1034 1036 1037 1039
 1041 1042 1045 1046 1047 1050 1051 1052 1054 1055 1056 1057 1058 1060
 1061 1062 1063 1065 1066 1067 1068 1069 1070 1071 1072 1076 1077 1081]
ids [ 137  142  143  144  145  146  147  148  149  150  151  152  154  155
  157  158  159  160  161  162  163  164  165  166  167  169  170  171
  172  174  175  176  177  179  180  181  182  184  187  188  189  190
  191  192  193  194  195  196  197  198  199  200  202  203  204  205
  206  207  208  209  210  211  212  214  215  217  218  219  221  222
  224  225  226  227  229  232  233  235  236  237  240  241  242  243
  245  246  247  250  251  252  253  254  255  256  257  260  261  262
  266  267  269  271  306  348  381  393  396  410  443  445  448  450
  455  490  493  495  500  535  538  540  784  789  794  798  804  808
  809  918  933 1073 1078]
ids [127 141 153 156 168 186 201 213 216 231 272 276 277 278 279 280 281 282
 283 284 285 286 287 288 289 290 291 292 293 294 295 296 297 298 299 300
 301 302 303 304 305 307 308 309 311 312 314 316 317 319 321 322 323 324
 325 326 327 328 329 330 331 332 333 334 335 336 337 338 339 340 341 342
 343 344 345 346 347 349 350 351 352 354 356 357 359 361 362 364 366 367
 369 370 371 372 373 374 375 376 377 380 382 383 385 386 387 388 389 390
 391 392 394 395 397 401 402 405 406 453 498 545 578 580 583 585 590 623
 625 628 630 633 670 675 814 909 913 914 919 924 928 943]
17:40:47-INFO: Step 56
17:40:47-DEBUG: Reaction systems: [[None]
 [0]]
17:40:47-DEBUG: rxn_pairs: [array([ 1, 13])]
17:40:47-DEBUG: Starting total colors: 5
17:40:47-DEBUG: Number of systems: 2
17:40:47-DEBUG: New total colors: 5
17:40:47-DEBUG: Potential energy for color 0: -31397.0051536663
ebond 3.129821157084677
ebond 3.129821157084677
ebond 3.129821157084677
ebond 3.129821157084677
ebond 3.129821157084677
17:40:47-DEBUG: Potential energy for color 1: -31396.423198473636
xhy 56 2 1 13
xhy 56 2 1 13
xhy 56 2 1 13
xhy 56 2 1 13
xhy 56 2 1 13
h_pos [ 7.72698576  9.33797731 10.62596387] x_pos [ 6.45700189  8.69500116 10.46497795] y_pos [ 8.17600687 10.59801269 10.41501435]
56 rHY 1.3541819792400176 rHX 1.4325480160248059 0.07836603678478826
h_pos [ 7.72698576  9.33797731 10.62596387] x_pos [ 6.45700189  8.69500116 10.46497795] y_pos [ 8.17600687 10.59801269 10.41501435]
h_pos [ 7.72698576  9.33797731 10.62596387] x_pos [ 6.45700189  8.69500116 10.46497795] y_pos [ 8.17600687 10.59801269 10.41501435]
h_pos [ 7.72698576  9.33797731 10.62596387] x_pos [ 6.45700189  8.69500116 10.46497795] y_pos [ 8.17600687 10.59801269 10.41501435]
56 rHY 1.3541819792400176 rHX 1.4325480160248059 0.07836603678478826
56 rHY 1.3541819792400176 rHX 1.4325480160248059 0.07836603678478826
56 rHY 1.3541819792400176 rHX 1.4325480160248059 0.07836603678478826
56 cpl_forces h [ 2.21446724  2.50753964 -0.07889791]
56 cpl_forces h [ 2.21446724  2.50753964 -0.07889791]
56 cpl_forces x [-1.61166436 -0.81596449 -0.20429808]
56 cpl_forces h [ 2.21446724  2.50753964 -0.07889791]
56 cpl_forces h [ 2.21446724  2.50753964 -0.07889791]
56 cpl_forces y [-0.60280287 -1.69157515  0.28319599]
56 cpl_forces x [-1.61166436 -0.81596449 -0.20429808]
56 cpl_forces x [-1.61166436 -0.81596449 -0.20429808]
56 cpl_forces x [-1.61166436 -0.81596449 -0.20429808]
56 cpl_forces y [-0.60280287 -1.69157515  0.28319599]
56 cpl_forces y [-0.60280287 -1.69157515  0.28319599]
56 cpl_forces y [-0.60280287 -1.69157515  0.28319599]
h_pos [ 7.72698576  9.33797731 10.62596387] x_pos [ 6.45700189  8.69500116 10.46497795] y_pos [ 8.17600687 10.59801269 10.41501435]
56 rHY 1.3541819792400176 rHX 1.4325480160248059 0.07836603678478826
17:40:47-DEBUG: System matrix: 
17:40:47-DEBUG: [[-3.13970052e+04  7.24949448e-01]
 [ 7.24949448e-01 -3.13964232e+04]]
56 cpl_forces h [ 2.21446724  2.50753964 -0.07889791]
17:40:47-DEBUG: Eigen values: 
56 cpl_forces x [-1.61166436 -0.81596449 -0.20429808]
17:40:47-DEBUG: [-31397.49534165 -31395.93301049]
17:40:47-DEBUG: Occupancies: 
56 cpl_forces y [-0.60280287 -1.69157515  0.28319599]
17:40:47-DEBUG: [1. 0.]
17:40:47-INFO: coupling 56 0.7249494475243978
17:40:47-DEBUG: Amplitudes: 
17:40:47-DEBUG: [0.68624579 0.31375421]
17:40:47-INFO: forces0 h [-15.98898695  -7.72742591  -2.43039825]
17:40:47-INFO: forces0 x [17.2203801   6.63041198  1.65325549]
17:40:47-INFO: forces0 y [ 3.34404158 -3.97769832  1.23684097]
17:40:47-INFO: forces1 h [ 3.56385381 12.55407803 -2.64482291]
17:40:47-INFO: forces1 x [ 3.680214    0.19815195 -0.64290461]
17:40:47-INFO: forces1 y [ -1.1761087  -14.89002804   3.0854038 ]
pos h  [ 7.72698576  9.33797731 10.62596387]
pos x  [ 6.45700189  8.69500116 10.46497795]
pos y  [ 8.17600687 10.59801269 10.41501435]
 mixed_cpl_forces: h [-2.05510437 -2.32708599  0.07322006]
 mixed_cpl_forces: x [1.49568186 0.75724407 0.18959589]
 mixed_cpl_forces: y [ 0.55942251  1.56984192 -0.26281595]
17:40:47-INFO: mixed forces h [-11.90930516  -3.69110459  -2.42445483]
17:40:47-INFO: mixed forces x [14.46777781  5.36950737  1.12242147]
17:40:47-INFO: mixed forces y [ 2.4852479  -5.83164583  1.5540194 ]
17:40:47-DEBUG: Minimum eigen value: 
17:40:47-DEBUG: -31397.49534164975
17:40:47-DEBUG: Minimum state: 
17:40:47-DEBUG: 0
        56   -31397.4953416497   -31397.4953416497        0.0000000000   -31397.0051536663        0.0000000000      0.29457399
ids [  1   2   3   4   9  10  11  12  13  14  15  16  17  18  19  20  21  23
  24  25  26  27  28  29  30  31  32  33  34  35  36  37  39  41  42  44
  46  47  49  50  51  52  53  54  55  56  57  58  59  60  61  62  63  64
  65  67  68  69  70  71  72  73  74  75  76  78  79  81  83  85  86  88
  89  90  91  93  96  97  98  99 100 101 103 104 105 106 109 111 113 114
 115 116 119 120 121 124 126 128 130 131 132 135 136 544 638 643 644 649
 654 659 664 669 674 815 850 860 893 895 898 900 905 938 945 951 966 993]
ids [   8   22   66   77   80   95  110  125  138  263  273  503  504  518
  519  529  534  543  663  678  680  715  718  720  723  725  758  760
  765  768  770  810  903  947  952  953  954  955  956  957  958  959
  960  961  962  963  964  965  967  968  969  970  971  972  973  974
  975  976  977  978  979  980  981  982  984  985  986  987  989  991
  992  994  995  996  997  998  999 1000 1001 1002 1003 1004 1005 1006
 1007 1008 1009 1010 1011 1012 1013 1014 1015 1016 1017 1018 1019 1020
 1021 1022 1023 1024 1025 1026 1027 1029 1031 1032 1034 1036 1037 1039
 1041 1042 1045 1046 1047 1050 1051 1052 1054 1055 1056 1057 1058 1060
 1061 1062 1063 1065 1066 1067 1068 1069 1070 1071 1072 1076 1077 1081]
ids [  7  38  40  43  45  82  84  87  92  94 129 134 274 368 379 384 398 399
 404 668 673 681 693 753 771 783 801 812 816 817 818 819 820 821 822 823
 824 825 826 827 829 830 831 832 833 834 835 836 837 838 839 840 841 842
 843 844 845 847 848 849 851 852 853 854 855 856 857 858 859 861 862 863
 864 865 866 867 868 869 870 871 872 873 874 875 876 877 878 879 880 881
 882 883 884 885 886 887 888 889 890 892 894 896 897 899 901 902 904 906
 907 908 910 911 912 915 916 917 920 921 922 923 925 926 927 929 930 931
 932 934 935 937 939 940 941 942 944 946 948]
ids [  6 102 107 108 112 117 118 123 133 183 228 275 310 313 315 320 353 355
 358 360 363 365 400 403 411 438 501 542 546 547 548 549 550 551 552 553
 554 555 556 557 559 560 562 563 564 565 566 567 568 569 570 571 572 573
 574 575 576 577 579 581 582 584 586 587 589 592 593 594 595 596 597 598
 599 600 601 602 603 604 605 606 607 608 609 610 611 612 613 614 615 616
 617 618 619 620 621 622 624 626 627 629 631 632 634 635 636 637 639 640
 641 642 645 646 647 648 650 651 652 653 655 656 657 658 660 661 662 665
 666 667 671 672 676 813]
ids [   5   48  139  234  238  239  244  248  249  258  259  264  378  533
  677  679  682  683  684  685  686  687  688  689  690  691  692  694
  695  696  697  698  699  700  701  702  703  704  705  706  707  708
  709  710  711  712  713  714  716  717  719  721  722  724  726  727
  728  729  730  731  732  733  734  735  736  737  738  739  740  741
  742  743  744  745  746  747  748  749  750  751  752  754  755  756
  757  759  761  762  763  764  766  767  769  772  773  774  775  776
  777  778  779  780  781  782  785  786  787  788  790  791  792  793
  795  796  797  799  800  802  805  806  807  811  828  846  891  936
  950  983  988  990 1028 1030 1033 1035 1038 1040 1075 1080]
ids [ 122  140  173  178  185  220  223  230  265  268  270  318  407  408
  409  412  413  414  415  416  417  418  419  420  421  422  423  424
  425  426  427  428  429  430  431  432  433  434  435  436  437  439
  440  441  442  444  446  447  449  451  452  454  456  457  458  459
  460  461  462  463  464  465  466  467  468  469  470  471  472  473
  474  475  476  477  478  479  480  481  482  483  484  485  486  487
  488  489  491  492  494  496  497  499  502  505  506  507  508  509
  510  511  512  513  514  515  516  517  520  521  522  523  524  525
  526  527  528  530  531  532  536  537  539  541  558  561  588  591
  803  949 1043 1044 1048 1049 1053 1059 1064 1074 1079]
ids [127 141 153 156 168 186 201 213 216 231 272 276 277 278 279 280 281 282
 283 284 285 286 287 288 289 290 291 292 293 294 295 296 297 298 299 300
 301 302 303 304 305 307 308 309 311 312 314 316 317 319 321 322 323 324
 325 326 327 328 329 330 331 332 333 334 335 336 337 338 339 340 341 342
 343 344 345 346 347 349 350 351 352 354 356 357 359 361 362 364 366 367
 369 370 371 372 373 374 375 376 377 380 382 383 385 386 387 388 389 390
 391 392 394 395 397 401 402 405 406 453 498 545 578 580 583 585 590 623
 625 628 630 633 670 675 814 909 913 914 919 924 928 943]
ids [ 137  142  143  144  145  146  147  148  149  150  151  152  154  155
  157  158  159  160  161  162  163  164  165  166  167  169  170  171
  172  174  175  176  177  179  180  181  182  184  187  188  189  190
  191  192  193  194  195  196  197  198  199  200  202  203  204  205
  206  207  208  209  210  211  212  214  215  217  218  219  221  222
  224  225  226  227  229  232  233  235  236  237  240  241  242  243
  245  246  247  250  251  252  253  254  255  256  257  260  261  262
  266  267  269  271  306  348  381  393  396  410  443  445  448  450
  455  490  493  495  500  535  538  540  784  789  794  798  804  808
  809  918  933 1073 1078]
17:40:47-INFO: Step 57
17:40:47-DEBUG: Reaction systems: [[None]
 [0]]
17:40:47-DEBUG: rxn_pairs: [array([ 1, 13])]
17:40:47-DEBUG: Starting total colors: 5
17:40:47-DEBUG: Number of systems: 2
17:40:47-DEBUG: New total colors: 5
17:40:47-DEBUG: Potential energy for color 0: -31397.0051536663
ebond 3.129821157084677
ebond 3.129821157084677
ebond 3.129821157084677
ebond 3.129821157084677
ebond 3.129821157084677
17:40:47-DEBUG: Potential energy for color 1: -31396.423198473636
xhy 57 2 1 13
xhy 57 2 1 13
xhy 57 2 1 13
xhy 57 2 1 13
xhy 57 2 1 13
h_pos [ 7.72698576  9.33797731 10.62596387] x_pos [ 6.45700189  8.69500116 10.46497795] y_pos [ 8.17600687 10.59801269 10.41501435]
57 rHY 1.3541819792400176 rHX 1.4325480160248059 0.07836603678478826
h_pos [ 7.72698576  9.33797731 10.62596387] x_pos [ 6.45700189  8.69500116 10.46497795] y_pos [ 8.17600687 10.59801269 10.41501435]
h_pos [ 7.72698576  9.33797731 10.62596387] x_pos [ 6.45700189  8.69500116 10.46497795] y_pos [ 8.17600687 10.59801269 10.41501435]
h_pos [ 7.72698576  9.33797731 10.62596387] x_pos [ 6.45700189  8.69500116 10.46497795] y_pos [ 8.17600687 10.59801269 10.41501435]
57 rHY 1.3541819792400176 rHX 1.4325480160248059 0.07836603678478826
57 rHY 1.3541819792400176 rHX 1.4325480160248059 0.07836603678478826
57 rHY 1.3541819792400176 rHX 1.4325480160248059 0.07836603678478826
57 cpl_forces h [ 2.21446724  2.50753964 -0.07889791]
57 cpl_forces x [-1.61166436 -0.81596449 -0.20429808]
57 cpl_forces h [ 2.21446724  2.50753964 -0.07889791]
57 cpl_forces h [ 2.21446724  2.50753964 -0.07889791]
57 cpl_forces h [ 2.21446724  2.50753964 -0.07889791]
57 cpl_forces x [-1.61166436 -0.81596449 -0.20429808]
57 cpl_forces y [-0.60280287 -1.69157515  0.28319599]
57 cpl_forces x [-1.61166436 -0.81596449 -0.20429808]
57 cpl_forces x [-1.61166436 -0.81596449 -0.20429808]
57 cpl_forces y [-0.60280287 -1.69157515  0.28319599]
57 cpl_forces y [-0.60280287 -1.69157515  0.28319599]
57 cpl_forces y [-0.60280287 -1.69157515  0.28319599]
h_pos [ 7.72698576  9.33797731 10.62596387] x_pos [ 6.45700189  8.69500116 10.46497795] y_pos [ 8.17600687 10.59801269 10.41501435]
57 rHY 1.3541819792400176 rHX 1.4325480160248059 0.07836603678478826
17:40:47-DEBUG: System matrix: 
57 cpl_forces h [ 2.21446724  2.50753964 -0.07889791]
17:40:47-DEBUG: [[-3.13970052e+04  7.24949448e-01]
 [ 7.24949448e-01 -3.13964232e+04]]
17:40:47-DEBUG: Eigen values: 
17:40:47-DEBUG: [-31397.49534165 -31395.93301049]
57 cpl_forces x [-1.61166436 -0.81596449 -0.20429808]
17:40:47-DEBUG: Occupancies: 
17:40:47-DEBUG: [1. 0.]
17:40:47-INFO: coupling 57 0.7249494475243978
57 cpl_forces y [-0.60280287 -1.69157515  0.28319599]
17:40:47-DEBUG: Amplitudes: 
17:40:47-DEBUG: [0.68624579 0.31375421]
17:40:47-INFO: forces0 h [-15.98898695  -7.72742591  -2.43039825]
17:40:47-INFO: forces0 x [17.2203801   6.63041198  1.65325549]
17:40:47-INFO: forces0 y [ 3.34404158 -3.97769832  1.23684097]
17:40:47-INFO: forces1 h [ 3.56385381 12.55407803 -2.64482291]
17:40:47-INFO: forces1 x [ 3.680214    0.19815195 -0.64290461]
17:40:47-INFO: forces1 y [ -1.1761087  -14.89002804   3.0854038 ]
pos h  [ 7.72698576  9.33797731 10.62596387]
pos x  [ 6.45700189  8.69500116 10.46497795]
pos y  [ 8.17600687 10.59801269 10.41501435]
 mixed_cpl_forces: h [-2.05510437 -2.32708599  0.07322006]
 mixed_cpl_forces: x [1.49568186 0.75724407 0.18959589]
 mixed_cpl_forces: y [ 0.55942251  1.56984192 -0.26281595]
17:40:47-INFO: mixed forces h [-11.90930516  -3.69110459  -2.42445483]
17:40:47-INFO: mixed forces x [14.46777781  5.36950737  1.12242147]
17:40:47-INFO: mixed forces y [ 2.4852479  -5.83164583  1.5540194 ]
17:40:47-DEBUG: Minimum eigen value: 
17:40:47-DEBUG: -31397.49534164975
17:40:47-DEBUG: Minimum state: 
17:40:47-DEBUG: 0
        57   -31397.4953416497   -31397.4953416497        0.0000000000   -31397.0051536663        0.0000000000      0.29235909
ids [  6 102 107 108 112 117 118 123 133 183 228 275 310 313 315 320 353 355
 358 360 363 365 400 403 411 438 501 542 546 547 548 549 550 551 552 553
 554 555 556 557 559 560 562 563 564 565 566 567 568 569 570 571 572 573
 574 575 576 577 579 581 582 584 586 587 589 592 593 594 595 596 597 598
 599 600 601 602 603 604 605 606 607 608 609 610 611 612 613 614 615 616
 617 618 619 620 621 622 624 626 627 629 631 632 634 635 636 637 639 640
 641 642 645 646 647 648 650 651 652 653 655 656 657 658 660 661 662 665
 666 667 671 672 676 813]
ids [  1   2   3   4   9  10  11  12  13  14  15  16  17  18  19  20  21  23
  24  25  26  27  28  29  30  31  32  33  34  35  36  37  39  41  42  44
  46  47  49  50  51  52  53  54  55  56  57  58  59  60  61  62  63  64
  65  67  68  69  70  71  72  73  74  75  76  78  79  81  83  85  86  88
  89  90  91  93  96  97  98  99 100 101 103 104 105 106 109 111 113 114
 115 116 119 120 121 124 126 128 130 131 132 135 136 544 638 643 644 649
 654 659 664 669 674 815 850 860 893 895 898 900 905 938 945 951 966 993]
ids [   8   22   66   77   80   95  110  125  138  263  273  503  504  518
  519  529  534  543  663  678  680  715  718  720  723  725  758  760
  765  768  770  810  903  947  952  953  954  955  956  957  958  959
  960  961  962  963  964  965  967  968  969  970  971  972  973  974
  975  976  977  978  979  980  981  982  984  985  986  987  989  991
  992  994  995  996  997  998  999 1000 1001 1002 1003 1004 1005 1006
 1007 1008 1009 1010 1011 1012 1013 1014 1015 1016 1017 1018 1019 1020
 1021 1022 1023 1024 1025 1026 1027 1029 1031 1032 1034 1036 1037 1039
 1041 1042 1045 1046 1047 1050 1051 1052 1054 1055 1056 1057 1058 1060
 1061 1062 1063 1065 1066 1067 1068 1069 1070 1071 1072 1076 1077 1081]
ids [  7  38  40  43  45  82  84  87  92  94 129 134 274 368 379 384 398 399
 404 668 673 681 693 753 771 783 801 812 816 817 818 819 820 821 822 823
 824 825 826 827 829 830 831 832 833 834 835 836 837 838 839 840 841 842
 843 844 845 847 848 849 851 852 853 854 855 856 857 858 859 861 862 863
 864 865 866 867 868 869 870 871 872 873 874 875 876 877 878 879 880 881
 882 883 884 885 886 887 888 889 890 892 894 896 897 899 901 902 904 906
 907 908 910 911 912 915 916 917 920 921 922 923 925 926 927 929 930 931
 932 934 935 937 939 940 941 942 944 946 948]
ids [   5   48  139  234  238  239  244  248  249  258  259  264  378  533
  677  679  682  683  684  685  686  687  688  689  690  691  692  694
  695  696  697  698  699  700  701  702  703  704  705  706  707  708
  709  710  711  712  713  714  716  717  719  721  722  724  726  727
  728  729  730  731  732  733  734  735  736  737  738  739  740  741
  742  743  744  745  746  747  748  749  750  751  752  754  755  756
  757  759  761  762  763  764  766  767  769  772  773  774  775  776
  777  778  779  780  781  782  785  786  787  788  790  791  792  793
  795  796  797  799  800  802  805  806  807  811  828  846  891  936
  950  983  988  990 1028 1030 1033 1035 1038 1040 1075 1080]
ids [ 122  140  173  178  185  220  223  230  265  268  270  318  407  408
  409  412  413  414  415  416  417  418  419  420  421  422  423  424
  425  426  427  428  429  430  431  432  433  434  435  436  437  439
  440  441  442  444  446  447  449  451  452  454  456  457  458  459
  460  461  462  463  464  465  466  467  468  469  470  471  472  473
  474  475  476  477  478  479  480  481  482  483  484  485  486  487
  488  489  491  492  494  496  497  499  502  505  506  507  508  509
  510  511  512  513  514  515  516  517  520  521  522  523  524  525
  526  527  528  530  531  532  536  537  539  541  558  561  588  591
  803  949 1043 1044 1048 1049 1053 1059 1064 1074 1079]
ids [127 141 153 156 168 186 201 213 216 231 272 276 277 278 279 280 281 282
 283 284 285 286 287 288 289 290 291 292 293 294 295 296 297 298 299 300
 301 302 303 304 305 307 308 309 311 312 314 316 317 319 321 322 323 324
 325 326 327 328 329 330 331 332 333 334 335 336 337 338 339 340 341 342
 343 344 345 346 347 349 350 351 352 354 356 357 359 361 362 364 366 367
 369 370 371 372 373 374 375 376 377 380 382 383 385 386 387 388 389 390
 391 392 394 395 397 401 402 405 406 453 498 545 578 580 583 585 590 623
 625 628 630 633 670 675 814 909 913 914 919 924 928 943]
ids [ 137  142  143  144  145  146  147  148  149  150  151  152  154  155
  157  158  159  160  161  162  163  164  165  166  167  169  170  171
  172  174  175  176  177  179  180  181  182  184  187  188  189  190
  191  192  193  194  195  196  197  198  199  200  202  203  204  205
  206  207  208  209  210  211  212  214  215  217  218  219  221  222
  224  225  226  227  229  232  233  235  236  237  240  241  242  243
  245  246  247  250  251  252  253  254  255  256  257  260  261  262
  266  267  269  271  306  348  381  393  396  410  443  445  448  450
  455  490  493  495  500  535  538  540  784  789  794  798  804  808
  809  918  933 1073 1078]
17:40:47-INFO: Step 58
17:40:47-DEBUG: Reaction systems: [[None]
 [0]]
17:40:47-DEBUG: rxn_pairs: [array([ 1, 13])]
17:40:47-DEBUG: Starting total colors: 5
17:40:47-DEBUG: Number of systems: 2
17:40:47-DEBUG: New total colors: 5
17:40:47-DEBUG: Potential energy for color 0: -31397.0051536663
ebond 3.129821157084677
ebond 3.129821157084677
ebond 3.129821157084677
ebond 3.129821157084677
ebond 3.129821157084677
17:40:47-DEBUG: Potential energy for color 1: -31396.423198473636
xhy 58 2 1 13
xhy 58 2 1 13
xhy 58 2 1 13
xhy 58 2 1 13
xhy 58 2 1 13
h_pos [ 7.72698576  9.33797731 10.62596387] x_pos [ 6.45700189  8.69500116 10.46497795] y_pos [ 8.17600687 10.59801269 10.41501435]
58 rHY 1.3541819792400176 rHX 1.4325480160248059 0.07836603678478826
h_pos [ 7.72698576  9.33797731 10.62596387] x_pos [ 6.45700189  8.69500116 10.46497795] y_pos [ 8.17600687 10.59801269 10.41501435]
h_pos [ 7.72698576  9.33797731 10.62596387] x_pos [ 6.45700189  8.69500116 10.46497795] y_pos [ 8.17600687 10.59801269 10.41501435]
h_pos [ 7.72698576  9.33797731 10.62596387] x_pos [ 6.45700189  8.69500116 10.46497795] y_pos [ 8.17600687 10.59801269 10.41501435]
58 rHY 1.3541819792400176 rHX 1.4325480160248059 0.07836603678478826
58 rHY 1.3541819792400176 rHX 1.4325480160248059 0.07836603678478826
58 rHY 1.3541819792400176 rHX 1.4325480160248059 0.07836603678478826
58 cpl_forces h [ 2.21446724  2.50753964 -0.07889791]
58 cpl_forces h [ 2.21446724  2.50753964 -0.07889791]
58 cpl_forces x [-1.61166436 -0.81596449 -0.20429808]
58 cpl_forces h [ 2.21446724  2.50753964 -0.07889791]
58 cpl_forces h [ 2.21446724  2.50753964 -0.07889791]
58 cpl_forces x [-1.61166436 -0.81596449 -0.20429808]
58 cpl_forces y [-0.60280287 -1.69157515  0.28319599]
58 cpl_forces x [-1.61166436 -0.81596449 -0.20429808]
58 cpl_forces x [-1.61166436 -0.81596449 -0.20429808]
58 cpl_forces y [-0.60280287 -1.69157515  0.28319599]
58 cpl_forces y [-0.60280287 -1.69157515  0.28319599]
58 cpl_forces y [-0.60280287 -1.69157515  0.28319599]
h_pos [ 7.72698576  9.33797731 10.62596387] x_pos [ 6.45700189  8.69500116 10.46497795] y_pos [ 8.17600687 10.59801269 10.41501435]
58 rHY 1.3541819792400176 rHX 1.4325480160248059 0.07836603678478826
17:40:47-DEBUG: System matrix: 
58 cpl_forces h [ 2.21446724  2.50753964 -0.07889791]
17:40:47-DEBUG: [[-3.13970052e+04  7.24949448e-01]
 [ 7.24949448e-01 -3.13964232e+04]]
17:40:47-DEBUG: Eigen values: 
58 cpl_forces x [-1.61166436 -0.81596449 -0.20429808]
17:40:47-DEBUG: [-31397.49534165 -31395.93301049]
17:40:47-DEBUG: Occupancies: 
17:40:47-DEBUG: [1. 0.]
58 cpl_forces y [-0.60280287 -1.69157515  0.28319599]
17:40:47-INFO: coupling 58 0.7249494475243978
17:40:47-DEBUG: Amplitudes: 
17:40:47-DEBUG: [0.68624579 0.31375421]
17:40:47-INFO: forces0 h [-15.98898695  -7.72742591  -2.43039825]
17:40:47-INFO: forces0 x [17.2203801   6.63041198  1.65325549]
17:40:47-INFO: forces0 y [ 3.34404158 -3.97769832  1.23684097]
17:40:47-INFO: forces1 h [ 3.56385381 12.55407803 -2.64482291]
17:40:47-INFO: forces1 x [ 3.680214    0.19815195 -0.64290461]
17:40:47-INFO: forces1 y [ -1.1761087  -14.89002804   3.0854038 ]
pos h  [ 7.72698576  9.33797731 10.62596387]
pos x  [ 6.45700189  8.69500116 10.46497795]
pos y  [ 8.17600687 10.59801269 10.41501435]
 mixed_cpl_forces: h [-2.05510437 -2.32708599  0.07322006]
 mixed_cpl_forces: x [1.49568186 0.75724407 0.18959589]
 mixed_cpl_forces: y [ 0.55942251  1.56984192 -0.26281595]
17:40:47-INFO: mixed forces h [-11.90930516  -3.69110459  -2.42445483]
17:40:47-INFO: mixed forces x [14.46777781  5.36950737  1.12242147]
17:40:47-INFO: mixed forces y [ 2.4852479  -5.83164583  1.5540194 ]
17:40:47-DEBUG: Minimum eigen value: 
17:40:47-DEBUG: -31397.49534164975
17:40:47-DEBUG: Minimum state: 
17:40:47-DEBUG: 0
        58   -31397.4953416497   -31397.4953416497        0.0000000000   -31397.0051536663        0.0000000000      0.29124653
ids [   5   48  139  234  238  239  244  248  249  258  259  264  378  533
  677  679  682  683  684  685  686  687  688  689  690  691  692  694
  695  696  697  698  699  700  701  702  703  704  705  706  707  708
  709  710  711  712  713  714  716  717  719  721  722  724  726  727
  728  729  730  731  732  733  734  735  736  737  738  739  740  741
  742  743  744  745  746  747  748  749  750  751  752  754  755  756
  757  759  761  762  763  764  766  767  769  772  773  774  775  776
  777  778  779  780  781  782  785  786  787  788  790  791  792  793
  795  796  797  799  800  802  805  806  807  811  828  846  891  936
  950  983  988  990 1028 1030 1033 1035 1038 1040 1075 1080]
ids [ 122  140  173  178  185  220  223  230  265  268  270  318  407  408
  409  412  413  414  415  416  417  418  419  420  421  422  423  424
  425  426  427  428  429  430  431  432  433  434  435  436  437  439
  440  441  442  444  446  447  449  451  452  454  456  457  458  459
  460  461  462  463  464  465  466  467  468  469  470  471  472  473
  474  475  476  477  478  479  480  481  482  483  484  485  486  487
  488  489  491  492  494  496  497  499  502  505  506  507  508  509
  510  511  512  513  514  515  516  517  520  521  522  523  524  525
  526  527  528  530  531  532  536  537  539  541  558  561  588  591
  803  949 1043 1044 1048 1049 1053 1059 1064 1074 1079]
ids [   8   22   66   77   80   95  110  125  138  263  273  503  504  518
  519  529  534  543  663  678  680  715  718  720  723  725  758  760
  765  768  770  810  903  947  952  953  954  955  956  957  958  959
  960  961  962  963  964  965  967  968  969  970  971  972  973  974
  975  976  977  978  979  980  981  982  984  985  986  987  989  991
  992  994  995  996  997  998  999 1000 1001 1002 1003 1004 1005 1006
 1007 1008 1009 1010 1011 1012 1013 1014 1015 1016 1017 1018 1019 1020
 1021 1022 1023 1024 1025 1026 1027 1029 1031 1032 1034 1036 1037 1039
 1041 1042 1045 1046 1047 1050 1051 1052 1054 1055 1056 1057 1058 1060
 1061 1062 1063 1065 1066 1067 1068 1069 1070 1071 1072 1076 1077 1081]
ids [  6 102 107 108 112 117 118 123 133 183 228 275 310 313 315 320 353 355
 358 360 363 365 400 403 411 438 501 542 546 547 548 549 550 551 552 553
 554 555 556 557 559 560 562 563 564 565 566 567 568 569 570 571 572 573
 574 575 576 577 579 581 582 584 586 587 589 592 593 594 595 596 597 598
 599 600 601 602 603 604 605 606 607 608 609 610 611 612 613 614 615 616
 617 618 619 620 621 622 624 626 627 629 631 632 634 635 636 637 639 640
 641 642 645 646 647 648 650 651 652 653 655 656 657 658 660 661 662 665
 666 667 671 672 676 813]
ids [  1   2   3   4   9  10  11  12  13  14  15  16  17  18  19  20  21  23
  24  25  26  27  28  29  30  31  32  33  34  35  36  37  39  41  42  44
  46  47  49  50  51  52  53  54  55  56  57  58  59  60  61  62  63  64
  65  67  68  69  70  71  72  73  74  75  76  78  79  81  83  85  86  88
  89  90  91  93  96  97  98  99 100 101 103 104 105 106 109 111 113 114
 115 116 119 120 121 124 126 128 130 131 132 135 136 544 638 643 644 649
 654 659 664 669 674 815 850 860 893 895 898 900 905 938 945 951 966 993]
ids [  7  38  40  43  45  82  84  87  92  94 129 134 274 368 379 384 398 399
 404 668 673 681 693 753 771 783 801 812 816 817 818 819 820 821 822 823
 824 825 826 827 829 830 831 832 833 834 835 836 837 838 839 840 841 842
 843 844 845 847 848 849 851 852 853 854 855 856 857 858 859 861 862 863
 864 865 866 867 868 869 870 871 872 873 874 875 876 877 878 879 880 881
 882 883 884 885 886 887 888 889 890 892 894 896 897 899 901 902 904 906
 907 908 910 911 912 915 916 917 920 921 922 923 925 926 927 929 930 931
 932 934 935 937 939 940 941 942 944 946 948]
ids [ 137  142  143  144  145  146  147  148  149  150  151  152  154  155
  157  158  159  160  161  162  163  164  165  166  167  169  170  171
  172  174  175  176  177  179  180  181  182  184  187  188  189  190
  191  192  193  194  195  196  197  198  199  200  202  203  204  205
  206  207  208  209  210  211  212  214  215  217  218  219  221  222
  224  225  226  227  229  232  233  235  236  237  240  241  242  243
  245  246  247  250  251  252  253  254  255  256  257  260  261  262
  266  267  269  271  306  348  381  393  396  410  443  445  448  450
  455  490  493  495  500  535  538  540  784  789  794  798  804  808
  809  918  933 1073 1078]
ids [127 141 153 156 168 186 201 213 216 231 272 276 277 278 279 280 281 282
 283 284 285 286 287 288 289 290 291 292 293 294 295 296 297 298 299 300
 301 302 303 304 305 307 308 309 311 312 314 316 317 319 321 322 323 324
 325 326 327 328 329 330 331 332 333 334 335 336 337 338 339 340 341 342
 343 344 345 346 347 349 350 351 352 354 356 357 359 361 362 364 366 367
 369 370 371 372 373 374 375 376 377 380 382 383 385 386 387 388 389 390
 391 392 394 395 397 401 402 405 406 453 498 545 578 580 583 585 590 623
 625 628 630 633 670 675 814 909 913 914 919 924 928 943]
17:40:47-INFO: Step 59
17:40:47-DEBUG: Reaction systems: [[None]
 [0]]
17:40:47-DEBUG: rxn_pairs: [array([ 1, 13])]
17:40:47-DEBUG: Starting total colors: 5
17:40:47-DEBUG: Number of systems: 2
17:40:47-DEBUG: New total colors: 5
17:40:47-DEBUG: Potential energy for color 0: -31397.0051536663
ebond 3.129821157084677
ebond 3.129821157084677
ebond 3.129821157084677
ebond 3.129821157084677
ebond 3.129821157084677
17:40:47-DEBUG: Potential energy for color 1: -31396.423198473636
xhy 59 2 1 13
xhy 59 2 1 13
xhy 59 2 1 13
xhy 59 2 1 13
xhy 59 2 1 13
h_pos [ 7.72698576  9.33797731 10.62596387] x_pos [ 6.45700189  8.69500116 10.46497795] y_pos [ 8.17600687 10.59801269 10.41501435]
h_pos [ 7.72698576  9.33797731 10.62596387] x_pos [ 6.45700189  8.69500116 10.46497795] y_pos [ 8.17600687 10.59801269 10.41501435]
59 rHY 1.3541819792400176 rHX 1.4325480160248059 0.07836603678478826
h_pos [ 7.72698576  9.33797731 10.62596387] x_pos [ 6.45700189  8.69500116 10.46497795] y_pos [ 8.17600687 10.59801269 10.41501435]
h_pos [ 7.72698576  9.33797731 10.62596387] x_pos [ 6.45700189  8.69500116 10.46497795] y_pos [ 8.17600687 10.59801269 10.41501435]
59 rHY 1.3541819792400176 rHX 1.4325480160248059 0.07836603678478826
59 rHY 1.3541819792400176 rHX 1.4325480160248059 0.07836603678478826
59 rHY 1.3541819792400176 rHX 1.4325480160248059 0.07836603678478826
59 cpl_forces h [ 2.21446724  2.50753964 -0.07889791]
59 cpl_forces h [ 2.21446724  2.50753964 -0.07889791]
59 cpl_forces x [-1.61166436 -0.81596449 -0.20429808]
59 cpl_forces h [ 2.21446724  2.50753964 -0.07889791]
59 cpl_forces h [ 2.21446724  2.50753964 -0.07889791]
59 cpl_forces x [-1.61166436 -0.81596449 -0.20429808]
59 cpl_forces y [-0.60280287 -1.69157515  0.28319599]
59 cpl_forces x [-1.61166436 -0.81596449 -0.20429808]
59 cpl_forces x [-1.61166436 -0.81596449 -0.20429808]
59 cpl_forces y [-0.60280287 -1.69157515  0.28319599]
59 cpl_forces y [-0.60280287 -1.69157515  0.28319599]
59 cpl_forces y [-0.60280287 -1.69157515  0.28319599]
h_pos [ 7.72698576  9.33797731 10.62596387] x_pos [ 6.45700189  8.69500116 10.46497795] y_pos [ 8.17600687 10.59801269 10.41501435]
59 rHY 1.3541819792400176 rHX 1.4325480160248059 0.07836603678478826
17:40:47-DEBUG: System matrix: 
59 cpl_forces h [ 2.21446724  2.50753964 -0.07889791]
17:40:47-DEBUG: [[-3.13970052e+04  7.24949448e-01]
 [ 7.24949448e-01 -3.13964232e+04]]
17:40:47-DEBUG: Eigen values: 
59 cpl_forces x [-1.61166436 -0.81596449 -0.20429808]
17:40:47-DEBUG: [-31397.49534165 -31395.93301049]
17:40:47-DEBUG: Occupancies: 
59 cpl_forces y [-0.60280287 -1.69157515  0.28319599]
17:40:47-DEBUG: [1. 0.]
17:40:47-INFO: coupling 59 0.7249494475243978
17:40:47-DEBUG: Amplitudes: 
17:40:47-DEBUG: [0.68624579 0.31375421]
17:40:47-INFO: forces0 h [-15.98898695  -7.72742591  -2.43039825]
17:40:47-INFO: forces0 x [17.2203801   6.63041198  1.65325549]
17:40:47-INFO: forces0 y [ 3.34404158 -3.97769832  1.23684097]
17:40:47-INFO: forces1 h [ 3.56385381 12.55407803 -2.64482291]
17:40:47-INFO: forces1 x [ 3.680214    0.19815195 -0.64290461]
17:40:47-INFO: forces1 y [ -1.1761087  -14.89002804   3.0854038 ]
pos h  [ 7.72698576  9.33797731 10.62596387]
pos x  [ 6.45700189  8.69500116 10.46497795]
pos y  [ 8.17600687 10.59801269 10.41501435]
 mixed_cpl_forces: h [-2.05510437 -2.32708599  0.07322006]
 mixed_cpl_forces: x [1.49568186 0.75724407 0.18959589]
 mixed_cpl_forces: y [ 0.55942251  1.56984192 -0.26281595]
17:40:47-INFO: mixed forces h [-11.90930516  -3.69110459  -2.42445483]
17:40:47-INFO: mixed forces x [14.46777781  5.36950737  1.12242147]
17:40:47-INFO: mixed forces y [ 2.4852479  -5.83164583  1.5540194 ]
17:40:47-DEBUG: Minimum eigen value: 
17:40:47-DEBUG: -31397.49534164975
17:40:47-DEBUG: Minimum state: 
17:40:47-DEBUG: 0
        59   -31397.4953416497   -31397.4953416497        0.0000000000   -31397.0051536663        0.0000000000      0.28712290
ids [  7  38  40  43  45  82  84  87  92  94 129 134 274 368 379 384 398 399
 404 668 673 681 693 753 771 783 801 812 816 817 818 819 820 821 822 823
 824 825 826 827 829 830 831 832 833 834 835 836 837 838 839 840 841 842
 843 844 845 847 848 849 851 852 853 854 855 856 857 858 859 861 862 863
 864 865 866 867 868 869 870 871 872 873 874 875 876 877 878 879 880 881
 882 883 884 885 886 887 888 889 890 892 894 896 897 899 901 902 904 906
 907 908 910 911 912 915 916 917 920 921 922 923 925 926 927 929 930 931
 932 934 935 937 939 940 941 942 944 946 948]
ids [ 122  140  173  178  185  220  223  230  265  268  270  318  407  408
  409  412  413  414  415  416  417  418  419  420  421  422  423  424
  425  426  427  428  429  430  431  432  433  434  435  436  437  439
  440  441  442  444  446  447  449  451  452  454  456  457  458  459
  460  461  462  463  464  465  466  467  468  469  470  471  472  473
  474  475  476  477  478  479  480  481  482  483  484  485  486  487
  488  489  491  492  494  496  497  499  502  505  506  507  508  509
  510  511  512  513  514  515  516  517  520  521  522  523  524  525
  526  527  528  530  531  532  536  537  539  541  558  561  588  591
  803  949 1043 1044 1048 1049 1053 1059 1064 1074 1079]
ids [   8   22   66   77   80   95  110  125  138  263  273  503  504  518
  519  529  534  543  663  678  680  715  718  720  723  725  758  760
  765  768  770  810  903  947  952  953  954  955  956  957  958  959
  960  961  962  963  964  965  967  968  969  970  971  972  973  974
  975  976  977  978  979  980  981  982  984  985  986  987  989  991
  992  994  995  996  997  998  999 1000 1001 1002 1003 1004 1005 1006
 1007 1008 1009 1010 1011 1012 1013 1014 1015 1016 1017 1018 1019 1020
 1021 1022 1023 1024 1025 1026 1027 1029 1031 1032 1034 1036 1037 1039
 1041 1042 1045 1046 1047 1050 1051 1052 1054 1055 1056 1057 1058 1060
 1061 1062 1063 1065 1066 1067 1068 1069 1070 1071 1072 1076 1077 1081]
ids [  1   2   3   4   9  10  11  12  13  14  15  16  17  18  19  20  21  23
  24  25  26  27  28  29  30  31  32  33  34  35  36  37  39  41  42  44
  46  47  49  50  51  52  53  54  55  56  57  58  59  60  61  62  63  64
  65  67  68  69  70  71  72  73  74  75  76  78  79  81  83  85  86  88
  89  90  91  93  96  97  98  99 100 101 103 104 105 106 109 111 113 114
 115 116 119 120 121 124 126 128 130 131 132 135 136 544 638 643 644 649
 654 659 664 669 674 815 850 860 893 895 898 900 905 938 945 951 966 993]
ids [  6 102 107 108 112 117 118 123 133 183 228 275 310 313 315 320 353 355
 358 360 363 365 400 403 411 438 501 542 546 547 548 549 550 551 552 553
 554 555 556 557 559 560 562 563 564 565 566 567 568 569 570 571 572 573
 574 575 576 577 579 581 582 584 586 587 589 592 593 594 595 596 597 598
 599 600 601 602 603 604 605 606 607 608 609 610 611 612 613 614 615 616
 617 618 619 620 621 622 624 626 627 629 631 632 634 635 636 637 639 640
 641 642 645 646 647 648 650 651 652 653 655 656 657 658 660 661 662 665
 666 667 671 672 676 813]
ids [   5   48  139  234  238  239  244  248  249  258  259  264  378  533
  677  679  682  683  684  685  686  687  688  689  690  691  692  694
  695  696  697  698  699  700  701  702  703  704  705  706  707  708
  709  710  711  712  713  714  716  717  719  721  722  724  726  727
  728  729  730  731  732  733  734  735  736  737  738  739  740  741
  742  743  744  745  746  747  748  749  750  751  752  754  755  756
  757  759  761  762  763  764  766  767  769  772  773  774  775  776
  777  778  779  780  781  782  785  786  787  788  790  791  792  793
  795  796  797  799  800  802  805  806  807  811  828  846  891  936
  950  983  988  990 1028 1030 1033 1035 1038 1040 1075 1080]
ids [ 137  142  143  144  145  146  147  148  149  150  151  152  154  155
  157  158  159  160  161  162  163  164  165  166  167  169  170  171
  172  174  175  176  177  179  180  181  182  184  187  188  189  190
  191  192  193  194  195  196  197  198  199  200  202  203  204  205
  206  207  208  209  210  211  212  214  215  217  218  219  221  222
  224  225  226  227  229  232  233  235  236  237  240  241  242  243
  245  246  247  250  251  252  253  254  255  256  257  260  261  262
  266  267  269  271  306  348  381  393  396  410  443  445  448  450
  455  490  493  495  500  535  538  540  784  789  794  798  804  808
  809  918  933 1073 1078]
ids [127 141 153 156 168 186 201 213 216 231 272 276 277 278 279 280 281 282
 283 284 285 286 287 288 289 290 291 292 293 294 295 296 297 298 299 300
 301 302 303 304 305 307 308 309 311 312 314 316 317 319 321 322 323 324
 325 326 327 328 329 330 331 332 333 334 335 336 337 338 339 340 341 342
 343 344 345 346 347 349 350 351 352 354 356 357 359 361 362 364 366 367
 369 370 371 372 373 374 375 376 377 380 382 383 385 386 387 388 389 390
 391 392 394 395 397 401 402 405 406 453 498 545 578 580 583 585 590 623
 625 628 630 633 670 675 814 909 913 914 919 924 928 943]
17:40:47-INFO: Step 60
17:40:47-DEBUG: Reaction systems: [[None]
 [0]]
17:40:47-DEBUG: rxn_pairs: [array([ 1, 13])]
17:40:47-DEBUG: Starting total colors: 5
17:40:47-DEBUG: Number of systems: 2
17:40:47-DEBUG: New total colors: 5
17:40:47-DEBUG: Potential energy for color 0: -31397.0051536663
ebond 3.129821157084677
ebond 3.129821157084677
ebond 3.129821157084677
ebond 3.129821157084677
ebond 3.129821157084677
17:40:47-DEBUG: Potential energy for color 1: -31396.423198473636
xhy 60 2 1 13
xhy 60 2 1 13
xhy 60 2 1 13
xhy 60 2 1 13
xhy 60 2 1 13
h_pos [ 7.72698576  9.33797731 10.62596387] x_pos [ 6.45700189  8.69500116 10.46497795] y_pos [ 8.17600687 10.59801269 10.41501435]
60 rHY 1.3541819792400176 rHX 1.4325480160248059 0.07836603678478826
h_pos [ 7.72698576  9.33797731 10.62596387] x_pos [ 6.45700189  8.69500116 10.46497795] y_pos [ 8.17600687 10.59801269 10.41501435]
h_pos [ 7.72698576  9.33797731 10.62596387] x_pos [ 6.45700189  8.69500116 10.46497795] y_pos [ 8.17600687 10.59801269 10.41501435]
h_pos [ 7.72698576  9.33797731 10.62596387] x_pos [ 6.45700189  8.69500116 10.46497795] y_pos [ 8.17600687 10.59801269 10.41501435]
60 rHY 1.3541819792400176 rHX 1.4325480160248059 0.07836603678478826
60 rHY 1.3541819792400176 rHX 1.4325480160248059 0.07836603678478826
60 rHY 1.3541819792400176 rHX 1.4325480160248059 0.07836603678478826
60 cpl_forces h [ 2.21446724  2.50753964 -0.07889791]
60 cpl_forces h [ 2.21446724  2.50753964 -0.07889791]
60 cpl_forces h [ 2.21446724  2.50753964 -0.07889791]
60 cpl_forces h [ 2.21446724  2.50753964 -0.07889791]
60 cpl_forces x [-1.61166436 -0.81596449 -0.20429808]
60 cpl_forces y [-0.60280287 -1.69157515  0.28319599]
60 cpl_forces x [-1.61166436 -0.81596449 -0.20429808]
60 cpl_forces x [-1.61166436 -0.81596449 -0.20429808]
60 cpl_forces x [-1.61166436 -0.81596449 -0.20429808]
60 cpl_forces y [-0.60280287 -1.69157515  0.28319599]
60 cpl_forces y [-0.60280287 -1.69157515  0.28319599]
60 cpl_forces y [-0.60280287 -1.69157515  0.28319599]
h_pos [ 7.72698576  9.33797731 10.62596387] x_pos [ 6.45700189  8.69500116 10.46497795] y_pos [ 8.17600687 10.59801269 10.41501435]
60 rHY 1.3541819792400176 rHX 1.4325480160248059 0.07836603678478826
17:40:47-DEBUG: System matrix: 
60 cpl_forces h [ 2.21446724  2.50753964 -0.07889791]
17:40:47-DEBUG: [[-3.13970052e+04  7.24949448e-01]
 [ 7.24949448e-01 -3.13964232e+04]]
17:40:47-DEBUG: Eigen values: 
60 cpl_forces x [-1.61166436 -0.81596449 -0.20429808]
17:40:47-DEBUG: [-31397.49534165 -31395.93301049]
17:40:47-DEBUG: Occupancies: 
17:40:47-DEBUG: [1. 0.]
60 cpl_forces y [-0.60280287 -1.69157515  0.28319599]
17:40:47-INFO: coupling 60 0.7249494475243978
17:40:47-DEBUG: Amplitudes: 
17:40:47-DEBUG: [0.68624579 0.31375421]
17:40:47-INFO: forces0 h [-15.98898695  -7.72742591  -2.43039825]
17:40:47-INFO: forces0 x [17.2203801   6.63041198  1.65325549]
17:40:47-INFO: forces0 y [ 3.34404158 -3.97769832  1.23684097]
17:40:47-INFO: forces1 h [ 3.56385381 12.55407803 -2.64482291]
17:40:47-INFO: forces1 x [ 3.680214    0.19815195 -0.64290461]
17:40:47-INFO: forces1 y [ -1.1761087  -14.89002804   3.0854038 ]
pos h  [ 7.72698576  9.33797731 10.62596387]
pos x  [ 6.45700189  8.69500116 10.46497795]
pos y  [ 8.17600687 10.59801269 10.41501435]
 mixed_cpl_forces: h [-2.05510437 -2.32708599  0.07322006]
 mixed_cpl_forces: x [1.49568186 0.75724407 0.18959589]
 mixed_cpl_forces: y [ 0.55942251  1.56984192 -0.26281595]
17:40:47-INFO: mixed forces h [-11.90930516  -3.69110459  -2.42445483]
17:40:47-INFO: mixed forces x [14.46777781  5.36950737  1.12242147]
17:40:47-INFO: mixed forces y [ 2.4852479  -5.83164583  1.5540194 ]
17:40:47-DEBUG: Minimum eigen value: 
17:40:47-DEBUG: -31397.49534164975
17:40:47-DEBUG: Minimum state: 
17:40:47-DEBUG: 0
        60   -31397.4953416497   -31397.4953416497        0.0000000000   -31397.0051536663        0.0000000000      0.26319686
ids [   5   48  139  234  238  239  244  248  249  258  259  264  378  533
  677  679  682  683  684  685  686  687  688  689  690  691  692  694
  695  696  697  698  699  700  701  702  703  704  705  706  707  708
  709  710  711  712  713  714  716  717  719  721  722  724  726  727
  728  729  730  731  732  733  734  735  736  737  738  739  740  741
  742  743  744  745  746  747  748  749  750  751  752  754  755  756
  757  759  761  762  763  764  766  767  769  772  773  774  775  776
  777  778  779  780  781  782  785  786  787  788  790  791  792  793
  795  796  797  799  800  802  805  806  807  811  828  846  891  936
  950  983  988  990 1028 1030 1033 1035 1038 1040 1075 1080]
ids [  6 102 107 108 112 117 118 123 133 183 228 275 310 313 315 320 353 355
 358 360 363 365 400 403 411 438 501 542 546 547 548 549 550 551 552 553
 554 555 556 557 559 560 562 563 564 565 566 567 568 569 570 571 572 573
 574 575 576 577 579 581 582 584 586 587 589 592 593 594 595 596 597 598
 599 600 601 602 603 604 605 606 607 608 609 610 611 612 613 614 615 616
 617 618 619 620 621 622 624 626 627 629 631 632 634 635 636 637 639 640
 641 642 645 646 647 648 650 651 652 653 655 656 657 658 660 661 662 665
 666 667 671 672 676 813]
ids [   8   22   66   77   80   95  110  125  138  263  273  503  504  518
  519  529  534  543  663  678  680  715  718  720  723  725  758  760
  765  768  770  810  903  947  952  953  954  955  956  957  958  959
  960  961  962  963  964  965  967  968  969  970  971  972  973  974
  975  976  977  978  979  980  981  982  984  985  986  987  989  991
  992  994  995  996  997  998  999 1000 1001 1002 1003 1004 1005 1006
 1007 1008 1009 1010 1011 1012 1013 1014 1015 1016 1017 1018 1019 1020
 1021 1022 1023 1024 1025 1026 1027 1029 1031 1032 1034 1036 1037 1039
 1041 1042 1045 1046 1047 1050 1051 1052 1054 1055 1056 1057 1058 1060
 1061 1062 1063 1065 1066 1067 1068 1069 1070 1071 1072 1076 1077 1081]
ids [  7  38  40  43  45  82  84  87  92  94 129 134 274 368 379 384 398 399
 404 668 673 681 693 753 771 783 801 812 816 817 818 819 820 821 822 823
 824 825 826 827 829 830 831 832 833 834 835 836 837 838 839 840 841 842
 843 844 845 847 848 849 851 852 853 854 855 856 857 858 859 861 862 863
 864 865 866 867 868 869 870 871 872 873 874 875 876 877 878 879 880 881
 882 883 884 885 886 887 888 889 890 892 894 896 897 899 901 902 904 906
 907 908 910 911 912 915 916 917 920 921 922 923 925 926 927 929 930 931
 932 934 935 937 939 940 941 942 944 946 948]
ids [ 122  140  173  178  185  220  223  230  265  268  270  318  407  408
  409  412  413  414  415  416  417  418  419  420  421  422  423  424
  425  426  427  428  429  430  431  432  433  434  435  436  437  439
  440  441  442  444  446  447  449  451  452  454  456  457  458  459
  460  461  462  463  464  465  466  467  468  469  470  471  472  473
  474  475  476  477  478  479  480  481  482  483  484  485  486  487
  488  489  491  492  494  496  497  499  502  505  506  507  508  509
  510  511  512  513  514  515  516  517  520  521  522  523  524  525
  526  527  528  530  531  532  536  537  539  541  558  561  588  591
  803  949 1043 1044 1048 1049 1053 1059 1064 1074 1079]
ids [  1   2   3   4   9  10  11  12  13  14  15  16  17  18  19  20  21  23
  24  25  26  27  28  29  30  31  32  33  34  35  36  37  39  41  42  44
  46  47  49  50  51  52  53  54  55  56  57  58  59  60  61  62  63  64
  65  67  68  69  70  71  72  73  74  75  76  78  79  81  83  85  86  88
  89  90  91  93  96  97  98  99 100 101 103 104 105 106 109 111 113 114
 115 116 119 120 121 124 126 128 130 131 132 135 136 544 638 643 644 649
 654 659 664 669 674 815 850 860 893 895 898 900 905 938 945 951 966 993]
ids [ 137  142  143  144  145  146  147  148  149  150  151  152  154  155
  157  158  159  160  161  162  163  164  165  166  167  169  170  171
  172  174  175  176  177  179  180  181  182  184  187  188  189  190
  191  192  193  194  195  196  197  198  199  200  202  203  204  205
  206  207  208  209  210  211  212  214  215  217  218  219  221  222
  224  225  226  227  229  232  233  235  236  237  240  241  242  243
  245  246  247  250  251  252  253  254  255  256  257  260  261  262
  266  267  269  271  306  348  381  393  396  410  443  445  448  450
  455  490  493  495  500  535  538  540  784  789  794  798  804  808
  809  918  933 1073 1078]
ids [127 141 153 156 168 186 201 213 216 231 272 276 277 278 279 280 281 282
 283 284 285 286 287 288 289 290 291 292 293 294 295 296 297 298 299 300
 301 302 303 304 305 307 308 309 311 312 314 316 317 319 321 322 323 324
 325 326 327 328 329 330 331 332 333 334 335 336 337 338 339 340 341 342
 343 344 345 346 347 349 350 351 352 354 356 357 359 361 362 364 366 367
 369 370 371 372 373 374 375 376 377 380 382 383 385 386 387 388 389 390
 391 392 394 395 397 401 402 405 406 453 498 545 578 580 583 585 590 623
 625 628 630 633 670 675 814 909 913 914 919 924 928 943]
17:40:47-INFO: Step 61
17:40:47-DEBUG: Reaction systems: [[None]
 [0]]
17:40:47-DEBUG: rxn_pairs: [array([ 1, 13])]
17:40:47-DEBUG: Starting total colors: 5
17:40:47-DEBUG: Number of systems: 2
17:40:47-DEBUG: New total colors: 5
17:40:47-DEBUG: Potential energy for color 0: -31397.0051536663
ebond 3.129821157084677
ebond 3.129821157084677
ebond 3.129821157084677
ebond 3.129821157084677
ebond 3.129821157084677
17:40:47-DEBUG: Potential energy for color 1: -31396.423198473636
xhy 61 2 1 13
xhy 61 2 1 13
xhy 61 2 1 13
xhy 61 2 1 13
xhy 61 2 1 13
h_pos [ 7.72698576  9.33797731 10.62596387] x_pos [ 6.45700189  8.69500116 10.46497795] y_pos [ 8.17600687 10.59801269 10.41501435]
h_pos [ 7.72698576  9.33797731 10.62596387] x_pos [ 6.45700189  8.69500116 10.46497795] y_pos [ 8.17600687 10.59801269 10.41501435]
61 rHY 1.3541819792400176 rHX 1.4325480160248059 0.07836603678478826
61 rHY 1.3541819792400176 rHX 1.4325480160248059 0.07836603678478826
h_pos [ 7.72698576  9.33797731 10.62596387] x_pos [ 6.45700189  8.69500116 10.46497795] y_pos [ 8.17600687 10.59801269 10.41501435]
h_pos [ 7.72698576  9.33797731 10.62596387] x_pos [ 6.45700189  8.69500116 10.46497795] y_pos [ 8.17600687 10.59801269 10.41501435]
61 rHY 1.3541819792400176 rHX 1.4325480160248059 0.07836603678478826
61 rHY 1.3541819792400176 rHX 1.4325480160248059 0.07836603678478826
61 cpl_forces h [ 2.21446724  2.50753964 -0.07889791]
61 cpl_forces h [ 2.21446724  2.50753964 -0.07889791]
61 cpl_forces x [-1.61166436 -0.81596449 -0.20429808]
61 cpl_forces h [ 2.21446724  2.50753964 -0.07889791]
61 cpl_forces x [-1.61166436 -0.81596449 -0.20429808]
61 cpl_forces y [-0.60280287 -1.69157515  0.28319599]
61 cpl_forces h [ 2.21446724  2.50753964 -0.07889791]
61 cpl_forces x [-1.61166436 -0.81596449 -0.20429808]
61 cpl_forces y [-0.60280287 -1.69157515  0.28319599]
61 cpl_forces x [-1.61166436 -0.81596449 -0.20429808]
61 cpl_forces y [-0.60280287 -1.69157515  0.28319599]
h_pos [ 7.72698576  9.33797731 10.62596387] x_pos [ 6.45700189  8.69500116 10.46497795] y_pos [ 8.17600687 10.59801269 10.41501435]
61 cpl_forces y [-0.60280287 -1.69157515  0.28319599]
17:40:47-DEBUG: System matrix: 
61 rHY 1.3541819792400176 rHX 1.4325480160248059 0.07836603678478826
17:40:47-DEBUG: [[-3.13970052e+04  7.24949448e-01]
 [ 7.24949448e-01 -3.13964232e+04]]
61 cpl_forces h [ 2.21446724  2.50753964 -0.07889791]
17:40:47-DEBUG: Eigen values: 
61 cpl_forces x [-1.61166436 -0.81596449 -0.20429808]
17:40:47-DEBUG: [-31397.49534165 -31395.93301049]
17:40:47-DEBUG: Occupancies: 
17:40:47-DEBUG: [1. 0.]
61 cpl_forces y [-0.60280287 -1.69157515  0.28319599]
17:40:47-INFO: coupling 61 0.7249494475243978
17:40:47-DEBUG: Amplitudes: 
17:40:47-DEBUG: [0.68624579 0.31375421]
17:40:47-INFO: forces0 h [-15.98898695  -7.72742591  -2.43039825]
17:40:47-INFO: forces0 x [17.2203801   6.63041198  1.65325549]
17:40:47-INFO: forces0 y [ 3.34404158 -3.97769832  1.23684097]
17:40:47-INFO: forces1 h [ 3.56385381 12.55407803 -2.64482291]
17:40:47-INFO: forces1 x [ 3.680214    0.19815195 -0.64290461]
17:40:47-INFO: forces1 y [ -1.1761087  -14.89002804   3.0854038 ]
pos h  [ 7.72698576  9.33797731 10.62596387]
pos x  [ 6.45700189  8.69500116 10.46497795]
pos y  [ 8.17600687 10.59801269 10.41501435]
 mixed_cpl_forces: h [-2.05510437 -2.32708599  0.07322006]
 mixed_cpl_forces: x [1.49568186 0.75724407 0.18959589]
 mixed_cpl_forces: y [ 0.55942251  1.56984192 -0.26281595]
17:40:47-INFO: mixed forces h [-11.90930516  -3.69110459  -2.42445483]
17:40:47-INFO: mixed forces x [14.46777781  5.36950737  1.12242147]
17:40:47-INFO: mixed forces y [ 2.4852479  -5.83164583  1.5540194 ]
17:40:47-DEBUG: Minimum eigen value: 
17:40:47-DEBUG: -31397.49534164975
17:40:47-DEBUG: Minimum state: 
17:40:47-DEBUG: 0
        61   -31397.4953416497   -31397.4953416497        0.0000000000   -31397.0051536663        0.0000000000      0.29657614
ids [  1   2   3   4   9  10  11  12  13  14  15  16  17  18  19  20  21  23
  24  25  26  27  28  29  30  31  32  33  34  35  36  37  39  41  42  44
  46  47  49  50  51  52  53  54  55  56  57  58  59  60  61  62  63  64
  65  67  68  69  70  71  72  73  74  75  76  78  79  81  83  85  86  88
  89  90  91  93  96  97  98  99 100 101 103 104 105 106 109 111 113 114
 115 116 119 120 121 124 126 128 130 131 132 135 136 544 638 643 644 649
 654 659 664 669 674 815 850 860 893 895 898 900 905 938 945 951 966 993]
ids [ 137  142  143  144  145  146  147  148  149  150  151  152  154  155
  157  158  159  160  161  162  163  164  165  166  167  169  170  171
  172  174  175  176  177  179  180  181  182  184  187  188  189  190
  191  192  193  194  195  196  197  198  199  200  202  203  204  205
  206  207  208  209  210  211  212  214  215  217  218  219  221  222
  224  225  226  227  229  232  233  235  236  237  240  241  242  243
  245  246  247  250  251  252  253  254  255  256  257  260  261  262
  266  267  269  271  306  348  381  393  396  410  443  445  448  450
  455  490  493  495  500  535  538  540  784  789  794  798  804  808
  809  918  933 1073 1078]
ids [  6 102 107 108 112 117 118 123 133 183 228 275 310 313 315 320 353 355
 358 360 363 365 400 403 411 438 501 542 546 547 548 549 550 551 552 553
 554 555 556 557 559 560 562 563 564 565 566 567 568 569 570 571 572 573
 574 575 576 577 579 581 582 584 586 587 589 592 593 594 595 596 597 598
 599 600 601 602 603 604 605 606 607 608 609 610 611 612 613 614 615 616
 617 618 619 620 621 622 624 626 627 629 631 632 634 635 636 637 639 640
 641 642 645 646 647 648 650 651 652 653 655 656 657 658 660 661 662 665
 666 667 671 672 676 813]
ids [   8   22   66   77   80   95  110  125  138  263  273  503  504  518
  519  529  534  543  663  678  680  715  718  720  723  725  758  760
  765  768  770  810  903  947  952  953  954  955  956  957  958  959
  960  961  962  963  964  965  967  968  969  970  971  972  973  974
  975  976  977  978  979  980  981  982  984  985  986  987  989  991
  992  994  995  996  997  998  999 1000 1001 1002 1003 1004 1005 1006
 1007 1008 1009 1010 1011 1012 1013 1014 1015 1016 1017 1018 1019 1020
 1021 1022 1023 1024 1025 1026 1027 1029 1031 1032 1034 1036 1037 1039
 1041 1042 1045 1046 1047 1050 1051 1052 1054 1055 1056 1057 1058 1060
 1061 1062 1063 1065 1066 1067 1068 1069 1070 1071 1072 1076 1077 1081]
ids [  7  38  40  43  45  82  84  87  92  94 129 134 274 368 379 384 398 399
 404 668 673 681 693 753 771 783 801 812 816 817 818 819 820 821 822 823
 824 825 826 827 829 830 831 832 833 834 835 836 837 838 839 840 841 842
 843 844 845 847 848 849 851 852 853 854 855 856 857 858 859 861 862 863
 864 865 866 867 868 869 870 871 872 873 874 875 876 877 878 879 880 881
 882 883 884 885 886 887 888 889 890 892 894 896 897 899 901 902 904 906
 907 908 910 911 912 915 916 917 920 921 922 923 925 926 927 929 930 931
 932 934 935 937 939 940 941 942 944 946 948]
ids [127 141 153 156 168 186 201 213 216 231 272 276 277 278 279 280 281 282
 283 284 285 286 287 288 289 290 291 292 293 294 295 296 297 298 299 300
 301 302 303 304 305 307 308 309 311 312 314 316 317 319 321 322 323 324
 325 326 327 328 329 330 331 332 333 334 335 336 337 338 339 340 341 342
 343 344 345 346 347 349 350 351 352 354 356 357 359 361 362 364 366 367
 369 370 371 372 373 374 375 376 377 380 382 383 385 386 387 388 389 390
 391 392 394 395 397 401 402 405 406 453 498 545 578 580 583 585 590 623
 625 628 630 633 670 675 814 909 913 914 919 924 928 943]
ids [ 122  140  173  178  185  220  223  230  265  268  270  318  407  408
  409  412  413  414  415  416  417  418  419  420  421  422  423  424
  425  426  427  428  429  430  431  432  433  434  435  436  437  439
  440  441  442  444  446  447  449  451  452  454  456  457  458  459
  460  461  462  463  464  465  466  467  468  469  470  471  472  473
  474  475  476  477  478  479  480  481  482  483  484  485  486  487
  488  489  491  492  494  496  497  499  502  505  506  507  508  509
  510  511  512  513  514  515  516  517  520  521  522  523  524  525
  526  527  528  530  531  532  536  537  539  541  558  561  588  591
  803  949 1043 1044 1048 1049 1053 1059 1064 1074 1079]
ids [   5   48  139  234  238  239  244  248  249  258  259  264  378  533
  677  679  682  683  684  685  686  687  688  689  690  691  692  694
  695  696  697  698  699  700  701  702  703  704  705  706  707  708
  709  710  711  712  713  714  716  717  719  721  722  724  726  727
  728  729  730  731  732  733  734  735  736  737  738  739  740  741
  742  743  744  745  746  747  748  749  750  751  752  754  755  756
  757  759  761  762  763  764  766  767  769  772  773  774  775  776
  777  778  779  780  781  782  785  786  787  788  790  791  792  793
  795  796  797  799  800  802  805  806  807  811  828  846  891  936
  950  983  988  990 1028 1030 1033 1035 1038 1040 1075 1080]
17:40:47-INFO: Step 62
17:40:47-DEBUG: Reaction systems: [[None]
 [0]]
17:40:47-DEBUG: rxn_pairs: [array([ 1, 13])]
17:40:47-DEBUG: Starting total colors: 5
17:40:47-DEBUG: Number of systems: 2
17:40:47-DEBUG: New total colors: 5
17:40:47-DEBUG: Potential energy for color 0: -31397.0051536663
ebond 3.129821157084677
ebond 3.129821157084677
ebond 3.129821157084677
ebond 3.129821157084677
ebond 3.129821157084677
17:40:47-DEBUG: Potential energy for color 1: -31396.423198473636
xhy 62 2 1 13
xhy 62 2 1 13
xhy 62 2 1 13
xhy 62 2 1 13
xhy 62 2 1 13
h_pos [ 7.72698576  9.33797731 10.62596387] x_pos [ 6.45700189  8.69500116 10.46497795] y_pos [ 8.17600687 10.59801269 10.41501435]
h_pos [ 7.72698576  9.33797731 10.62596387] x_pos [ 6.45700189  8.69500116 10.46497795] y_pos [ 8.17600687 10.59801269 10.41501435]
62 rHY 1.3541819792400176 rHX 1.4325480160248059 0.07836603678478826
h_pos [ 7.72698576  9.33797731 10.62596387] x_pos [ 6.45700189  8.69500116 10.46497795] y_pos [ 8.17600687 10.59801269 10.41501435]
h_pos [ 7.72698576  9.33797731 10.62596387] x_pos [ 6.45700189  8.69500116 10.46497795] y_pos [ 8.17600687 10.59801269 10.41501435]
62 rHY 1.3541819792400176 rHX 1.4325480160248059 0.07836603678478826
62 rHY 1.3541819792400176 rHX 1.4325480160248059 0.07836603678478826
62 rHY 1.3541819792400176 rHX 1.4325480160248059 0.07836603678478826
62 cpl_forces h [ 2.21446724  2.50753964 -0.07889791]
62 cpl_forces h [ 2.21446724  2.50753964 -0.07889791]
62 cpl_forces x [-1.61166436 -0.81596449 -0.20429808]
62 cpl_forces h [ 2.21446724  2.50753964 -0.07889791]
62 cpl_forces h [ 2.21446724  2.50753964 -0.07889791]
62 cpl_forces x [-1.61166436 -0.81596449 -0.20429808]
62 cpl_forces y [-0.60280287 -1.69157515  0.28319599]
62 cpl_forces x [-1.61166436 -0.81596449 -0.20429808]
62 cpl_forces x [-1.61166436 -0.81596449 -0.20429808]
62 cpl_forces y [-0.60280287 -1.69157515  0.28319599]
62 cpl_forces y [-0.60280287 -1.69157515  0.28319599]
62 cpl_forces y [-0.60280287 -1.69157515  0.28319599]
h_pos [ 7.72698576  9.33797731 10.62596387] x_pos [ 6.45700189  8.69500116 10.46497795] y_pos [ 8.17600687 10.59801269 10.41501435]
62 rHY 1.3541819792400176 rHX 1.4325480160248059 0.07836603678478826
17:40:47-DEBUG: System matrix: 
62 cpl_forces h [ 2.21446724  2.50753964 -0.07889791]
17:40:47-DEBUG: [[-3.13970052e+04  7.24949448e-01]
 [ 7.24949448e-01 -3.13964232e+04]]
17:40:47-DEBUG: Eigen values: 
17:40:47-DEBUG: [-31397.49534165 -31395.93301049]
62 cpl_forces x [-1.61166436 -0.81596449 -0.20429808]
17:40:47-DEBUG: Occupancies: 
62 cpl_forces y [-0.60280287 -1.69157515  0.28319599]
17:40:47-DEBUG: [1. 0.]
17:40:47-INFO: coupling 62 0.7249494475243978
17:40:47-DEBUG: Amplitudes: 
17:40:47-DEBUG: [0.68624579 0.31375421]
17:40:47-INFO: forces0 h [-15.98898695  -7.72742591  -2.43039825]
17:40:47-INFO: forces0 x [17.2203801   6.63041198  1.65325549]
17:40:47-INFO: forces0 y [ 3.34404158 -3.97769832  1.23684097]
17:40:47-INFO: forces1 h [ 3.56385381 12.55407803 -2.64482291]
17:40:47-INFO: forces1 x [ 3.680214    0.19815195 -0.64290461]
17:40:47-INFO: forces1 y [ -1.1761087  -14.89002804   3.0854038 ]
pos h  [ 7.72698576  9.33797731 10.62596387]
pos x  [ 6.45700189  8.69500116 10.46497795]
pos y  [ 8.17600687 10.59801269 10.41501435]
 mixed_cpl_forces: h [-2.05510437 -2.32708599  0.07322006]
 mixed_cpl_forces: x [1.49568186 0.75724407 0.18959589]
 mixed_cpl_forces: y [ 0.55942251  1.56984192 -0.26281595]
17:40:47-INFO: mixed forces h [-11.90930516  -3.69110459  -2.42445483]
17:40:47-INFO: mixed forces x [14.46777781  5.36950737  1.12242147]
17:40:47-INFO: mixed forces y [ 2.4852479  -5.83164583  1.5540194 ]
17:40:47-DEBUG: Minimum eigen value: 
17:40:47-DEBUG: -31397.49534164975
17:40:47-DEBUG: Minimum state: 
17:40:47-DEBUG: 0
        62   -31397.4953416497   -31397.4953416497        0.0000000000   -31397.0051536663        0.0000000000      0.28679910
ids [  1   2   3   4   9  10  11  12  13  14  15  16  17  18  19  20  21  23
  24  25  26  27  28  29  30  31  32  33  34  35  36  37  39  41  42  44
  46  47  49  50  51  52  53  54  55  56  57  58  59  60  61  62  63  64
  65  67  68  69  70  71  72  73  74  75  76  78  79  81  83  85  86  88
  89  90  91  93  96  97  98  99 100 101 103 104 105 106 109 111 113 114
 115 116 119 120 121 124 126 128 130 131 132 135 136 544 638 643 644 649
 654 659 664 669 674 815 850 860 893 895 898 900 905 938 945 951 966 993]
ids [  7  38  40  43  45  82  84  87  92  94 129 134 274 368 379 384 398 399
 404 668 673 681 693 753 771 783 801 812 816 817 818 819 820 821 822 823
 824 825 826 827 829 830 831 832 833 834 835 836 837 838 839 840 841 842
 843 844 845 847 848 849 851 852 853 854 855 856 857 858 859 861 862 863
 864 865 866 867 868 869 870 871 872 873 874 875 876 877 878 879 880 881
 882 883 884 885 886 887 888 889 890 892 894 896 897 899 901 902 904 906
 907 908 910 911 912 915 916 917 920 921 922 923 925 926 927 929 930 931
 932 934 935 937 939 940 941 942 944 946 948]
ids [ 137  142  143  144  145  146  147  148  149  150  151  152  154  155
  157  158  159  160  161  162  163  164  165  166  167  169  170  171
  172  174  175  176  177  179  180  181  182  184  187  188  189  190
  191  192  193  194  195  196  197  198  199  200  202  203  204  205
  206  207  208  209  210  211  212  214  215  217  218  219  221  222
  224  225  226  227  229  232  233  235  236  237  240  241  242  243
  245  246  247  250  251  252  253  254  255  256  257  260  261  262
  266  267  269  271  306  348  381  393  396  410  443  445  448  450
  455  490  493  495  500  535  538  540  784  789  794  798  804  808
  809  918  933 1073 1078]
ids [  6 102 107 108 112 117 118 123 133 183 228 275 310 313 315 320 353 355
 358 360 363 365 400 403 411 438 501 542 546 547 548 549 550 551 552 553
 554 555 556 557 559 560 562 563 564 565 566 567 568 569 570 571 572 573
 574 575 576 577 579 581 582 584 586 587 589 592 593 594 595 596 597 598
 599 600 601 602 603 604 605 606 607 608 609 610 611 612 613 614 615 616
 617 618 619 620 621 622 624 626 627 629 631 632 634 635 636 637 639 640
 641 642 645 646 647 648 650 651 652 653 655 656 657 658 660 661 662 665
 666 667 671 672 676 813]
ids [   5   48  139  234  238  239  244  248  249  258  259  264  378  533
  677  679  682  683  684  685  686  687  688  689  690  691  692  694
  695  696  697  698  699  700  701  702  703  704  705  706  707  708
  709  710  711  712  713  714  716  717  719  721  722  724  726  727
  728  729  730  731  732  733  734  735  736  737  738  739  740  741
  742  743  744  745  746  747  748  749  750  751  752  754  755  756
  757  759  761  762  763  764  766  767  769  772  773  774  775  776
  777  778  779  780  781  782  785  786  787  788  790  791  792  793
  795  796  797  799  800  802  805  806  807  811  828  846  891  936
  950  983  988  990 1028 1030 1033 1035 1038 1040 1075 1080]
ids [ 122  140  173  178  185  220  223  230  265  268  270  318  407  408
  409  412  413  414  415  416  417  418  419  420  421  422  423  424
  425  426  427  428  429  430  431  432  433  434  435  436  437  439
  440  441  442  444  446  447  449  451  452  454  456  457  458  459
  460  461  462  463  464  465  466  467  468  469  470  471  472  473
  474  475  476  477  478  479  480  481  482  483  484  485  486  487
  488  489  491  492  494  496  497  499  502  505  506  507  508  509
  510  511  512  513  514  515  516  517  520  521  522  523  524  525
  526  527  528  530  531  532  536  537  539  541  558  561  588  591
  803  949 1043 1044 1048 1049 1053 1059 1064 1074 1079]
ids [   8   22   66   77   80   95  110  125  138  263  273  503  504  518
  519  529  534  543  663  678  680  715  718  720  723  725  758  760
  765  768  770  810  903  947  952  953  954  955  956  957  958  959
  960  961  962  963  964  965  967  968  969  970  971  972  973  974
  975  976  977  978  979  980  981  982  984  985  986  987  989  991
  992  994  995  996  997  998  999 1000 1001 1002 1003 1004 1005 1006
 1007 1008 1009 1010 1011 1012 1013 1014 1015 1016 1017 1018 1019 1020
 1021 1022 1023 1024 1025 1026 1027 1029 1031 1032 1034 1036 1037 1039
 1041 1042 1045 1046 1047 1050 1051 1052 1054 1055 1056 1057 1058 1060
 1061 1062 1063 1065 1066 1067 1068 1069 1070 1071 1072 1076 1077 1081]
ids [127 141 153 156 168 186 201 213 216 231 272 276 277 278 279 280 281 282
 283 284 285 286 287 288 289 290 291 292 293 294 295 296 297 298 299 300
 301 302 303 304 305 307 308 309 311 312 314 316 317 319 321 322 323 324
 325 326 327 328 329 330 331 332 333 334 335 336 337 338 339 340 341 342
 343 344 345 346 347 349 350 351 352 354 356 357 359 361 362 364 366 367
 369 370 371 372 373 374 375 376 377 380 382 383 385 386 387 388 389 390
 391 392 394 395 397 401 402 405 406 453 498 545 578 580 583 585 590 623
 625 628 630 633 670 675 814 909 913 914 919 924 928 943]
17:40:47-INFO: Step 63
17:40:47-DEBUG: Reaction systems: [[None]
 [0]]
17:40:47-DEBUG: rxn_pairs: [array([ 1, 13])]
17:40:47-DEBUG: Starting total colors: 5
17:40:47-DEBUG: Number of systems: 2
17:40:47-DEBUG: New total colors: 5
17:40:47-DEBUG: Potential energy for color 0: -31397.0051536663
ebond 3.129821157084677
ebond 3.129821157084677
ebond 3.129821157084677
ebond 3.129821157084677
ebond 3.129821157084677
17:40:47-DEBUG: Potential energy for color 1: -31396.423198473636
xhy 63 2 1 13
xhy 63 2 1 13
xhy 63 2 1 13
xhy 63 2 1 13
xhy 63 2 1 13
h_pos [ 7.72698576  9.33797731 10.62596387] x_pos [ 6.45700189  8.69500116 10.46497795] y_pos [ 8.17600687 10.59801269 10.41501435]
h_pos [ 7.72698576  9.33797731 10.62596387] x_pos [ 6.45700189  8.69500116 10.46497795] y_pos [ 8.17600687 10.59801269 10.41501435]
h_pos [ 7.72698576  9.33797731 10.62596387] x_pos [ 6.45700189  8.69500116 10.46497795] y_pos [ 8.17600687 10.59801269 10.41501435]
h_pos [ 7.72698576  9.33797731 10.62596387] x_pos [ 6.45700189  8.69500116 10.46497795] y_pos [ 8.17600687 10.59801269 10.41501435]
63 rHY 1.3541819792400176 rHX 1.4325480160248059 0.07836603678478826
63 rHY 1.3541819792400176 rHX 1.4325480160248059 0.07836603678478826
63 rHY 1.3541819792400176 rHX 1.4325480160248059 0.07836603678478826
63 rHY 1.3541819792400176 rHX 1.4325480160248059 0.07836603678478826
63 cpl_forces h [ 2.21446724  2.50753964 -0.07889791]
63 cpl_forces h [ 2.21446724  2.50753964 -0.07889791]
63 cpl_forces h [ 2.21446724  2.50753964 -0.07889791]
63 cpl_forces h [ 2.21446724  2.50753964 -0.07889791]
h_pos [ 7.72698576  9.33797731 10.62596387] x_pos [ 6.45700189  8.69500116 10.46497795] y_pos [ 8.17600687 10.59801269 10.41501435]
63 cpl_forces x [-1.61166436 -0.81596449 -0.20429808]
63 cpl_forces x [-1.61166436 -0.81596449 -0.20429808]
63 cpl_forces x [-1.61166436 -0.81596449 -0.20429808]
63 cpl_forces x [-1.61166436 -0.81596449 -0.20429808]
63 cpl_forces y [-0.60280287 -1.69157515  0.28319599]
63 cpl_forces y [-0.60280287 -1.69157515  0.28319599]
63 cpl_forces y [-0.60280287 -1.69157515  0.28319599]
63 cpl_forces y [-0.60280287 -1.69157515  0.28319599]
63 rHY 1.3541819792400176 rHX 1.4325480160248059 0.07836603678478826
17:40:47-DEBUG: System matrix: 
63 cpl_forces h [ 2.21446724  2.50753964 -0.07889791]
63 cpl_forces x [-1.61166436 -0.81596449 -0.20429808]
17:40:47-DEBUG: [[-3.13970052e+04  7.24949448e-01]
 [ 7.24949448e-01 -3.13964232e+04]]
17:40:47-DEBUG: Eigen values: 
63 cpl_forces y [-0.60280287 -1.69157515  0.28319599]
17:40:47-DEBUG: [-31397.49534165 -31395.93301049]
17:40:47-DEBUG: Occupancies: 
17:40:47-DEBUG: [1. 0.]
17:40:47-INFO: coupling 63 0.7249494475243978
17:40:47-DEBUG: Amplitudes: 
17:40:47-DEBUG: [0.68624579 0.31375421]
17:40:47-INFO: forces0 h [-15.98898695  -7.72742591  -2.43039825]
17:40:47-INFO: forces0 x [17.2203801   6.63041198  1.65325549]
17:40:47-INFO: forces0 y [ 3.34404158 -3.97769832  1.23684097]
17:40:47-INFO: forces1 h [ 3.56385381 12.55407803 -2.64482291]
17:40:47-INFO: forces1 x [ 3.680214    0.19815195 -0.64290461]
17:40:47-INFO: forces1 y [ -1.1761087  -14.89002804   3.0854038 ]
pos h  [ 7.72698576  9.33797731 10.62596387]
pos x  [ 6.45700189  8.69500116 10.46497795]
pos y  [ 8.17600687 10.59801269 10.41501435]
 mixed_cpl_forces: h [-2.05510437 -2.32708599  0.07322006]
 mixed_cpl_forces: x [1.49568186 0.75724407 0.18959589]
 mixed_cpl_forces: y [ 0.55942251  1.56984192 -0.26281595]
17:40:47-INFO: mixed forces h [-11.90930516  -3.69110459  -2.42445483]
17:40:47-INFO: mixed forces x [14.46777781  5.36950737  1.12242147]
17:40:47-INFO: mixed forces y [ 2.4852479  -5.83164583  1.5540194 ]
17:40:47-DEBUG: Minimum eigen value: 
17:40:47-DEBUG: -31397.49534164975
17:40:47-DEBUG: Minimum state: 
17:40:47-DEBUG: 0
        63   -31397.4953416497   -31397.4953416497        0.0000000000   -31397.0051536663        0.0000000000      0.29074765
ids [   5   48  139  234  238  239  244  248  249  258  259  264  378  533
  677  679  682  683  684  685  686  687  688  689  690  691  692  694
  695  696  697  698  699  700  701  702  703  704  705  706  707  708
  709  710  711  712  713  714  716  717  719  721  722  724  726  727
  728  729  730  731  732  733  734  735  736  737  738  739  740  741
  742  743  744  745  746  747  748  749  750  751  752  754  755  756
  757  759  761  762  763  764  766  767  769  772  773  774  775  776
  777  778  779  780  781  782  785  786  787  788  790  791  792  793
  795  796  797  799  800  802  805  806  807  811  828  846  891  936
  950  983  988  990 1028 1030 1033 1035 1038 1040 1075 1080]
ids [  7  38  40  43  45  82  84  87  92  94 129 134 274 368 379 384 398 399
 404 668 673 681 693 753 771 783 801 812 816 817 818 819 820 821 822 823
 824 825 826 827 829 830 831 832 833 834 835 836 837 838 839 840 841 842
 843 844 845 847 848 849 851 852 853 854 855 856 857 858 859 861 862 863
 864 865 866 867 868 869 870 871 872 873 874 875 876 877 878 879 880 881
 882 883 884 885 886 887 888 889 890 892 894 896 897 899 901 902 904 906
 907 908 910 911 912 915 916 917 920 921 922 923 925 926 927 929 930 931
 932 934 935 937 939 940 941 942 944 946 948]
ids [ 137  142  143  144  145  146  147  148  149  150  151  152  154  155
  157  158  159  160  161  162  163  164  165  166  167  169  170  171
  172  174  175  176  177  179  180  181  182  184  187  188  189  190
  191  192  193  194  195  196  197  198  199  200  202  203  204  205
  206  207  208  209  210  211  212  214  215  217  218  219  221  222
  224  225  226  227  229  232  233  235  236  237  240  241  242  243
  245  246  247  250  251  252  253  254  255  256  257  260  261  262
  266  267  269  271  306  348  381  393  396  410  443  445  448  450
  455  490  493  495  500  535  538  540  784  789  794  798  804  808
  809  918  933 1073 1078]
ids [ 122  140  173  178  185  220  223  230  265  268  270  318  407  408
  409  412  413  414  415  416  417  418  419  420  421  422  423  424
  425  426  427  428  429  430  431  432  433  434  435  436  437  439
  440  441  442  444  446  447  449  451  452  454  456  457  458  459
  460  461  462  463  464  465  466  467  468  469  470  471  472  473
  474  475  476  477  478  479  480  481  482  483  484  485  486  487
  488  489  491  492  494  496  497  499  502  505  506  507  508  509
  510  511  512  513  514  515  516  517  520  521  522  523  524  525
  526  527  528  530  531  532  536  537  539  541  558  561  588  591
  803  949 1043 1044 1048 1049 1053 1059 1064 1074 1079]
ids [  1   2   3   4   9  10  11  12  13  14  15  16  17  18  19  20  21  23
  24  25  26  27  28  29  30  31  32  33  34  35  36  37  39  41  42  44
  46  47  49  50  51  52  53  54  55  56  57  58  59  60  61  62  63  64
  65  67  68  69  70  71  72  73  74  75  76  78  79  81  83  85  86  88
  89  90  91  93  96  97  98  99 100 101 103 104 105 106 109 111 113 114
 115 116 119 120 121 124 126 128 130 131 132 135 136 544 638 643 644 649
 654 659 664 669 674 815 850 860 893 895 898 900 905 938 945 951 966 993]
ids [   8   22   66   77   80   95  110  125  138  263  273  503  504  518
  519  529  534  543  663  678  680  715  718  720  723  725  758  760
  765  768  770  810  903  947  952  953  954  955  956  957  958  959
  960  961  962  963  964  965  967  968  969  970  971  972  973  974
  975  976  977  978  979  980  981  982  984  985  986  987  989  991
  992  994  995  996  997  998  999 1000 1001 1002 1003 1004 1005 1006
 1007 1008 1009 1010 1011 1012 1013 1014 1015 1016 1017 1018 1019 1020
 1021 1022 1023 1024 1025 1026 1027 1029 1031 1032 1034 1036 1037 1039
 1041 1042 1045 1046 1047 1050 1051 1052 1054 1055 1056 1057 1058 1060
 1061 1062 1063 1065 1066 1067 1068 1069 1070 1071 1072 1076 1077 1081]
ids [  6 102 107 108 112 117 118 123 133 183 228 275 310 313 315 320 353 355
 358 360 363 365 400 403 411 438 501 542 546 547 548 549 550 551 552 553
 554 555 556 557 559 560 562 563 564 565 566 567 568 569 570 571 572 573
 574 575 576 577 579 581 582 584 586 587 589 592 593 594 595 596 597 598
 599 600 601 602 603 604 605 606 607 608 609 610 611 612 613 614 615 616
 617 618 619 620 621 622 624 626 627 629 631 632 634 635 636 637 639 640
 641 642 645 646 647 648 650 651 652 653 655 656 657 658 660 661 662 665
 666 667 671 672 676 813]
ids [127 141 153 156 168 186 201 213 216 231 272 276 277 278 279 280 281 282
 283 284 285 286 287 288 289 290 291 292 293 294 295 296 297 298 299 300
 301 302 303 304 305 307 308 309 311 312 314 316 317 319 321 322 323 324
 325 326 327 328 329 330 331 332 333 334 335 336 337 338 339 340 341 342
 343 344 345 346 347 349 350 351 352 354 356 357 359 361 362 364 366 367
 369 370 371 372 373 374 375 376 377 380 382 383 385 386 387 388 389 390
 391 392 394 395 397 401 402 405 406 453 498 545 578 580 583 585 590 623
 625 628 630 633 670 675 814 909 913 914 919 924 928 943]
17:40:47-INFO: Step 64
17:40:47-DEBUG: Reaction systems: [[None]
 [0]]
17:40:47-DEBUG: rxn_pairs: [array([ 1, 13])]
17:40:47-DEBUG: Starting total colors: 5
17:40:47-DEBUG: Number of systems: 2
17:40:47-DEBUG: New total colors: 5
17:40:47-DEBUG: Potential energy for color 0: -31397.0051536663
ebond 3.129821157084677
ebond 3.129821157084677
ebond 3.129821157084677
ebond 3.129821157084677
ebond 3.129821157084677
17:40:47-DEBUG: Potential energy for color 1: -31396.423198473636
xhy 64 2 1 13
xhy 64 2 1 13
xhy 64 2 1 13
xhy 64 2 1 13
xhy 64 2 1 13
h_pos [ 7.72698576  9.33797731 10.62596387] x_pos [ 6.45700189  8.69500116 10.46497795] y_pos [ 8.17600687 10.59801269 10.41501435]
h_pos [ 7.72698576  9.33797731 10.62596387] x_pos [ 6.45700189  8.69500116 10.46497795] y_pos [ 8.17600687 10.59801269 10.41501435]
h_pos [ 7.72698576  9.33797731 10.62596387] x_pos [ 6.45700189  8.69500116 10.46497795] y_pos [ 8.17600687 10.59801269 10.41501435]
h_pos [ 7.72698576  9.33797731 10.62596387] x_pos [ 6.45700189  8.69500116 10.46497795] y_pos [ 8.17600687 10.59801269 10.41501435]
64 rHY 1.3541819792400176 rHX 1.4325480160248059 0.07836603678478826
64 rHY 1.3541819792400176 rHX 1.4325480160248059 0.07836603678478826
64 rHY 1.3541819792400176 rHX 1.4325480160248059 0.07836603678478826
64 rHY 1.3541819792400176 rHX 1.4325480160248059 0.07836603678478826
64 cpl_forces h [ 2.21446724  2.50753964 -0.07889791]
64 cpl_forces h [ 2.21446724  2.50753964 -0.07889791]
64 cpl_forces x [-1.61166436 -0.81596449 -0.20429808]
64 cpl_forces h [ 2.21446724  2.50753964 -0.07889791]
64 cpl_forces h [ 2.21446724  2.50753964 -0.07889791]
64 cpl_forces x [-1.61166436 -0.81596449 -0.20429808]
64 cpl_forces x [-1.61166436 -0.81596449 -0.20429808]
64 cpl_forces x [-1.61166436 -0.81596449 -0.20429808]
64 cpl_forces y [-0.60280287 -1.69157515  0.28319599]
64 cpl_forces y [-0.60280287 -1.69157515  0.28319599]
64 cpl_forces y [-0.60280287 -1.69157515  0.28319599]
h_pos [ 7.72698576  9.33797731 10.62596387] x_pos [ 6.45700189  8.69500116 10.46497795] y_pos [ 8.17600687 10.59801269 10.41501435]
64 cpl_forces y [-0.60280287 -1.69157515  0.28319599]
64 rHY 1.3541819792400176 rHX 1.4325480160248059 0.07836603678478826
17:40:47-DEBUG: System matrix: 
64 cpl_forces h [ 2.21446724  2.50753964 -0.07889791]
17:40:47-DEBUG: [[-3.13970052e+04  7.24949448e-01]
 [ 7.24949448e-01 -3.13964232e+04]]
17:40:47-DEBUG: Eigen values: 
64 cpl_forces x [-1.61166436 -0.81596449 -0.20429808]
17:40:47-DEBUG: [-31397.49534165 -31395.93301049]
17:40:47-DEBUG: Occupancies: 
64 cpl_forces y [-0.60280287 -1.69157515  0.28319599]
17:40:47-DEBUG: [1. 0.]
17:40:47-INFO: coupling 64 0.7249494475243978
17:40:47-DEBUG: Amplitudes: 
17:40:47-DEBUG: [0.68624579 0.31375421]
17:40:47-INFO: forces0 h [-15.98898695  -7.72742591  -2.43039825]
17:40:47-INFO: forces0 x [17.2203801   6.63041198  1.65325549]
17:40:47-INFO: forces0 y [ 3.34404158 -3.97769832  1.23684097]
17:40:47-INFO: forces1 h [ 3.56385381 12.55407803 -2.64482291]
17:40:47-INFO: forces1 x [ 3.680214    0.19815195 -0.64290461]
17:40:47-INFO: forces1 y [ -1.1761087  -14.89002804   3.0854038 ]
pos h  [ 7.72698576  9.33797731 10.62596387]
pos x  [ 6.45700189  8.69500116 10.46497795]
pos y  [ 8.17600687 10.59801269 10.41501435]
 mixed_cpl_forces: h [-2.05510437 -2.32708599  0.07322006]
 mixed_cpl_forces: x [1.49568186 0.75724407 0.18959589]
 mixed_cpl_forces: y [ 0.55942251  1.56984192 -0.26281595]
17:40:47-INFO: mixed forces h [-11.90930516  -3.69110459  -2.42445483]
17:40:47-INFO: mixed forces x [14.46777781  5.36950737  1.12242147]
17:40:47-INFO: mixed forces y [ 2.4852479  -5.83164583  1.5540194 ]
17:40:47-DEBUG: Minimum eigen value: 
17:40:47-DEBUG: -31397.49534164975
17:40:47-DEBUG: Minimum state: 
17:40:47-DEBUG: 0
        64   -31397.4953416497   -31397.4953416497        0.0000000000   -31397.0051536663        0.0000000000      0.29283276
ids [ 122  140  173  178  185  220  223  230  265  268  270  318  407  408
  409  412  413  414  415  416  417  418  419  420  421  422  423  424
  425  426  427  428  429  430  431  432  433  434  435  436  437  439
  440  441  442  444  446  447  449  451  452  454  456  457  458  459
  460  461  462  463  464  465  466  467  468  469  470  471  472  473
  474  475  476  477  478  479  480  481  482  483  484  485  486  487
  488  489  491  492  494  496  497  499  502  505  506  507  508  509
  510  511  512  513  514  515  516  517  520  521  522  523  524  525
  526  527  528  530  531  532  536  537  539  541  558  561  588  591
  803  949 1043 1044 1048 1049 1053 1059 1064 1074 1079]
ids [   5   48  139  234  238  239  244  248  249  258  259  264  378  533
  677  679  682  683  684  685  686  687  688  689  690  691  692  694
  695  696  697  698  699  700  701  702  703  704  705  706  707  708
  709  710  711  712  713  714  716  717  719  721  722  724  726  727
  728  729  730  731  732  733  734  735  736  737  738  739  740  741
  742  743  744  745  746  747  748  749  750  751  752  754  755  756
  757  759  761  762  763  764  766  767  769  772  773  774  775  776
  777  778  779  780  781  782  785  786  787  788  790  791  792  793
  795  796  797  799  800  802  805  806  807  811  828  846  891  936
  950  983  988  990 1028 1030 1033 1035 1038 1040 1075 1080]
ids [  7  38  40  43  45  82  84  87  92  94 129 134 274 368 379 384 398 399
 404 668 673 681 693 753 771 783 801 812 816 817 818 819 820 821 822 823
 824 825 826 827 829 830 831 832 833 834 835 836 837 838 839 840 841 842
 843 844 845 847 848 849 851 852 853 854 855 856 857 858 859 861 862 863
 864 865 866 867 868 869 870 871 872 873 874 875 876 877 878 879 880 881
 882 883 884 885 886 887 888 889 890 892 894 896 897 899 901 902 904 906
 907 908 910 911 912 915 916 917 920 921 922 923 925 926 927 929 930 931
 932 934 935 937 939 940 941 942 944 946 948]
ids [  1   2   3   4   9  10  11  12  13  14  15  16  17  18  19  20  21  23
  24  25  26  27  28  29  30  31  32  33  34  35  36  37  39  41  42  44
  46  47  49  50  51  52  53  54  55  56  57  58  59  60  61  62  63  64
  65  67  68  69  70  71  72  73  74  75  76  78  79  81  83  85  86  88
  89  90  91  93  96  97  98  99 100 101 103 104 105 106 109 111 113 114
 115 116 119 120 121 124 126 128 130 131 132 135 136 544 638 643 644 649
 654 659 664 669 674 815 850 860 893 895 898 900 905 938 945 951 966 993]
ids [  6 102 107 108 112 117 118 123 133 183 228 275 310 313 315 320 353 355
 358 360 363 365 400 403 411 438 501 542 546 547 548 549 550 551 552 553
 554 555 556 557 559 560 562 563 564 565 566 567 568 569 570 571 572 573
 574 575 576 577 579 581 582 584 586 587 589 592 593 594 595 596 597 598
 599 600 601 602 603 604 605 606 607 608 609 610 611 612 613 614 615 616
 617 618 619 620 621 622 624 626 627 629 631 632 634 635 636 637 639 640
 641 642 645 646 647 648 650 651 652 653 655 656 657 658 660 661 662 665
 666 667 671 672 676 813]
ids [127 141 153 156 168 186 201 213 216 231 272 276 277 278 279 280 281 282
 283 284 285 286 287 288 289 290 291 292 293 294 295 296 297 298 299 300
 301 302 303 304 305 307 308 309 311 312 314 316 317 319 321 322 323 324
 325 326 327 328 329 330 331 332 333 334 335 336 337 338 339 340 341 342
 343 344 345 346 347 349 350 351 352 354 356 357 359 361 362 364 366 367
 369 370 371 372 373 374 375 376 377 380 382 383 385 386 387 388 389 390
 391 392 394 395 397 401 402 405 406 453 498 545 578 580 583 585 590 623
 625 628 630 633 670 675 814 909 913 914 919 924 928 943]
ids [   8   22   66   77   80   95  110  125  138  263  273  503  504  518
  519  529  534  543  663  678  680  715  718  720  723  725  758  760
  765  768  770  810  903  947  952  953  954  955  956  957  958  959
  960  961  962  963  964  965  967  968  969  970  971  972  973  974
  975  976  977  978  979  980  981  982  984  985  986  987  989  991
  992  994  995  996  997  998  999 1000 1001 1002 1003 1004 1005 1006
 1007 1008 1009 1010 1011 1012 1013 1014 1015 1016 1017 1018 1019 1020
 1021 1022 1023 1024 1025 1026 1027 1029 1031 1032 1034 1036 1037 1039
 1041 1042 1045 1046 1047 1050 1051 1052 1054 1055 1056 1057 1058 1060
 1061 1062 1063 1065 1066 1067 1068 1069 1070 1071 1072 1076 1077 1081]
ids [ 137  142  143  144  145  146  147  148  149  150  151  152  154  155
  157  158  159  160  161  162  163  164  165  166  167  169  170  171
  172  174  175  176  177  179  180  181  182  184  187  188  189  190
  191  192  193  194  195  196  197  198  199  200  202  203  204  205
  206  207  208  209  210  211  212  214  215  217  218  219  221  222
  224  225  226  227  229  232  233  235  236  237  240  241  242  243
  245  246  247  250  251  252  253  254  255  256  257  260  261  262
  266  267  269  271  306  348  381  393  396  410  443  445  448  450
  455  490  493  495  500  535  538  540  784  789  794  798  804  808
  809  918  933 1073 1078]
17:40:47-INFO: Step 65
17:40:47-DEBUG: Reaction systems: [[None]
 [0]]
17:40:47-DEBUG: rxn_pairs: [array([ 1, 13])]
17:40:47-DEBUG: Starting total colors: 5
17:40:47-DEBUG: Number of systems: 2
17:40:47-DEBUG: New total colors: 5
17:40:47-DEBUG: Potential energy for color 0: -31397.0051536663
ebond 3.129821157084677
ebond 3.129821157084677
ebond 3.129821157084677
ebond 3.129821157084677
ebond 3.129821157084677
17:40:47-DEBUG: Potential energy for color 1: -31396.423198473636
xhy 65 2 1 13
xhy 65 2 1 13
xhy 65 2 1 13
xhy 65 2 1 13
xhy 65 2 1 13
h_pos [ 7.72698576  9.33797731 10.62596387] x_pos [ 6.45700189  8.69500116 10.46497795] y_pos [ 8.17600687 10.59801269 10.41501435]
h_pos [ 7.72698576  9.33797731 10.62596387] x_pos [ 6.45700189  8.69500116 10.46497795] y_pos [ 8.17600687 10.59801269 10.41501435]
65 rHY 1.3541819792400176 rHX 1.4325480160248059 0.07836603678478826
h_pos [ 7.72698576  9.33797731 10.62596387] x_pos [ 6.45700189  8.69500116 10.46497795] y_pos [ 8.17600687 10.59801269 10.41501435]
h_pos [ 7.72698576  9.33797731 10.62596387] x_pos [ 6.45700189  8.69500116 10.46497795] y_pos [ 8.17600687 10.59801269 10.41501435]
65 rHY 1.3541819792400176 rHX 1.4325480160248059 0.07836603678478826
h_pos [ 7.72698576  9.33797731 10.62596387] x_pos [ 6.45700189  8.69500116 10.46497795] y_pos [ 8.17600687 10.59801269 10.41501435]
65 rHY 1.3541819792400176 rHX 1.4325480160248059 0.07836603678478826
65 rHY 1.3541819792400176 rHX 1.4325480160248059 0.07836603678478826
65 cpl_forces h [ 2.21446724  2.50753964 -0.07889791]
65 cpl_forces h [ 2.21446724  2.50753964 -0.07889791]
65 cpl_forces h [ 2.21446724  2.50753964 -0.07889791]
65 cpl_forces h [ 2.21446724  2.50753964 -0.07889791]
65 rHY 1.3541819792400176 rHX 1.4325480160248059 0.07836603678478826
65 cpl_forces x [-1.61166436 -0.81596449 -0.20429808]
65 cpl_forces x [-1.61166436 -0.81596449 -0.20429808]
65 cpl_forces x [-1.61166436 -0.81596449 -0.20429808]
65 cpl_forces x [-1.61166436 -0.81596449 -0.20429808]
65 cpl_forces y [-0.60280287 -1.69157515  0.28319599]
65 cpl_forces y [-0.60280287 -1.69157515  0.28319599]
65 cpl_forces y [-0.60280287 -1.69157515  0.28319599]
65 cpl_forces y [-0.60280287 -1.69157515  0.28319599]
65 cpl_forces h [ 2.21446724  2.50753964 -0.07889791]
65 cpl_forces x [-1.61166436 -0.81596449 -0.20429808]
17:40:47-DEBUG: System matrix: 
65 cpl_forces y [-0.60280287 -1.69157515  0.28319599]
17:40:47-DEBUG: [[-3.13970052e+04  7.24949448e-01]
 [ 7.24949448e-01 -3.13964232e+04]]
17:40:47-DEBUG: Eigen values: 
17:40:47-DEBUG: [-31397.49534165 -31395.93301049]
17:40:47-DEBUG: Occupancies: 
17:40:47-DEBUG: [1. 0.]
17:40:47-INFO: coupling 65 0.7249494475243978
17:40:47-DEBUG: Amplitudes: 
17:40:47-DEBUG: [0.68624579 0.31375421]
17:40:47-INFO: forces0 h [-15.98898695  -7.72742591  -2.43039825]
17:40:47-INFO: forces0 x [17.2203801   6.63041198  1.65325549]
17:40:47-INFO: forces0 y [ 3.34404158 -3.97769832  1.23684097]
17:40:47-INFO: forces1 h [ 3.56385381 12.55407803 -2.64482291]
17:40:47-INFO: forces1 x [ 3.680214    0.19815195 -0.64290461]
17:40:47-INFO: forces1 y [ -1.1761087  -14.89002804   3.0854038 ]
pos h  [ 7.72698576  9.33797731 10.62596387]
pos x  [ 6.45700189  8.69500116 10.46497795]
pos y  [ 8.17600687 10.59801269 10.41501435]
 mixed_cpl_forces: h [-2.05510437 -2.32708599  0.07322006]
 mixed_cpl_forces: x [1.49568186 0.75724407 0.18959589]
 mixed_cpl_forces: y [ 0.55942251  1.56984192 -0.26281595]
17:40:47-INFO: mixed forces h [-11.90930516  -3.69110459  -2.42445483]
17:40:47-INFO: mixed forces x [14.46777781  5.36950737  1.12242147]
17:40:47-INFO: mixed forces y [ 2.4852479  -5.83164583  1.5540194 ]
17:40:47-DEBUG: Minimum eigen value: 
17:40:47-DEBUG: -31397.49534164975
17:40:47-DEBUG: Minimum state: 
17:40:47-DEBUG: 0
        65   -31397.4953416497   -31397.4953416497        0.0000000000   -31397.0051536663        0.0000000000      0.28188009
ids [ 137  142  143  144  145  146  147  148  149  150  151  152  154  155
  157  158  159  160  161  162  163  164  165  166  167  169  170  171
  172  174  175  176  177  179  180  181  182  184  187  188  189  190
  191  192  193  194  195  196  197  198  199  200  202  203  204  205
  206  207  208  209  210  211  212  214  215  217  218  219  221  222
  224  225  226  227  229  232  233  235  236  237  240  241  242  243
  245  246  247  250  251  252  253  254  255  256  257  260  261  262
  266  267  269  271  306  348  381  393  396  410  443  445  448  450
  455  490  493  495  500  535  538  540  784  789  794  798  804  808
  809  918  933 1073 1078]
ids [  6 102 107 108 112 117 118 123 133 183 228 275 310 313 315 320 353 355
 358 360 363 365 400 403 411 438 501 542 546 547 548 549 550 551 552 553
 554 555 556 557 559 560 562 563 564 565 566 567 568 569 570 571 572 573
 574 575 576 577 579 581 582 584 586 587 589 592 593 594 595 596 597 598
 599 600 601 602 603 604 605 606 607 608 609 610 611 612 613 614 615 616
 617 618 619 620 621 622 624 626 627 629 631 632 634 635 636 637 639 640
 641 642 645 646 647 648 650 651 652 653 655 656 657 658 660 661 662 665
 666 667 671 672 676 813]
ids [127 141 153 156 168 186 201 213 216 231 272 276 277 278 279 280 281 282
 283 284 285 286 287 288 289 290 291 292 293 294 295 296 297 298 299 300
 301 302 303 304 305 307 308 309 311 312 314 316 317 319 321 322 323 324
 325 326 327 328 329 330 331 332 333 334 335 336 337 338 339 340 341 342
 343 344 345 346 347 349 350 351 352 354 356 357 359 361 362 364 366 367
 369 370 371 372 373 374 375 376 377 380 382 383 385 386 387 388 389 390
 391 392 394 395 397 401 402 405 406 453 498 545 578 580 583 585 590 623
 625 628 630 633 670 675 814 909 913 914 919 924 928 943]
ids [  7  38  40  43  45  82  84  87  92  94 129 134 274 368 379 384 398 399
 404 668 673 681 693 753 771 783 801 812 816 817 818 819 820 821 822 823
 824 825 826 827 829 830 831 832 833 834 835 836 837 838 839 840 841 842
 843 844 845 847 848 849 851 852 853 854 855 856 857 858 859 861 862 863
 864 865 866 867 868 869 870 871 872 873 874 875 876 877 878 879 880 881
 882 883 884 885 886 887 888 889 890 892 894 896 897 899 901 902 904 906
 907 908 910 911 912 915 916 917 920 921 922 923 925 926 927 929 930 931
 932 934 935 937 939 940 941 942 944 946 948]
ids [ 122  140  173  178  185  220  223  230  265  268  270  318  407  408
  409  412  413  414  415  416  417  418  419  420  421  422  423  424
  425  426  427  428  429  430  431  432  433  434  435  436  437  439
  440  441  442  444  446  447  449  451  452  454  456  457  458  459
  460  461  462  463  464  465  466  467  468  469  470  471  472  473
  474  475  476  477  478  479  480  481  482  483  484  485  486  487
  488  489  491  492  494  496  497  499  502  505  506  507  508  509
  510  511  512  513  514  515  516  517  520  521  522  523  524  525
  526  527  528  530  531  532  536  537  539  541  558  561  588  591
  803  949 1043 1044 1048 1049 1053 1059 1064 1074 1079]
ids [   5   48  139  234  238  239  244  248  249  258  259  264  378  533
  677  679  682  683  684  685  686  687  688  689  690  691  692  694
  695  696  697  698  699  700  701  702  703  704  705  706  707  708
  709  710  711  712  713  714  716  717  719  721  722  724  726  727
  728  729  730  731  732  733  734  735  736  737  738  739  740  741
  742  743  744  745  746  747  748  749  750  751  752  754  755  756
  757  759  761  762  763  764  766  767  769  772  773  774  775  776
  777  778  779  780  781  782  785  786  787  788  790  791  792  793
  795  796  797  799  800  802  805  806  807  811  828  846  891  936
  950  983  988  990 1028 1030 1033 1035 1038 1040 1075 1080]
ids [   8   22   66   77   80   95  110  125  138  263  273  503  504  518
  519  529  534  543  663  678  680  715  718  720  723  725  758  760
  765  768  770  810  903  947  952  953  954  955  956  957  958  959
  960  961  962  963  964  965  967  968  969  970  971  972  973  974
  975  976  977  978  979  980  981  982  984  985  986  987  989  991
  992  994  995  996  997  998  999 1000 1001 1002 1003 1004 1005 1006
 1007 1008 1009 1010 1011 1012 1013 1014 1015 1016 1017 1018 1019 1020
 1021 1022 1023 1024 1025 1026 1027 1029 1031 1032 1034 1036 1037 1039
 1041 1042 1045 1046 1047 1050 1051 1052 1054 1055 1056 1057 1058 1060
 1061 1062 1063 1065 1066 1067 1068 1069 1070 1071 1072 1076 1077 1081]
ids [  1   2   3   4   9  10  11  12  13  14  15  16  17  18  19  20  21  23
  24  25  26  27  28  29  30  31  32  33  34  35  36  37  39  41  42  44
  46  47  49  50  51  52  53  54  55  56  57  58  59  60  61  62  63  64
  65  67  68  69  70  71  72  73  74  75  76  78  79  81  83  85  86  88
  89  90  91  93  96  97  98  99 100 101 103 104 105 106 109 111 113 114
 115 116 119 120 121 124 126 128 130 131 132 135 136 544 638 643 644 649
 654 659 664 669 674 815 850 860 893 895 898 900 905 938 945 951 966 993]
17:40:47-INFO: Step 66
17:40:47-DEBUG: Reaction systems: [[None]
 [0]]
17:40:47-DEBUG: rxn_pairs: [array([ 1, 13])]
17:40:47-DEBUG: Starting total colors: 5
17:40:47-DEBUG: Number of systems: 2
17:40:47-DEBUG: New total colors: 5
17:40:47-DEBUG: Potential energy for color 0: -31397.0051536663
ebond 3.129821157084677
ebond 3.129821157084677
ebond 3.129821157084677
ebond 3.129821157084677
ebond 3.129821157084677
17:40:47-DEBUG: Potential energy for color 1: -31396.423198473636
xhy 66 2 1 13
xhy 66 2 1 13
xhy 66 2 1 13
xhy 66 2 1 13
xhy 66 2 1 13
h_pos [ 7.72698576  9.33797731 10.62596387] x_pos [ 6.45700189  8.69500116 10.46497795] y_pos [ 8.17600687 10.59801269 10.41501435]
66 rHY 1.3541819792400176 rHX 1.4325480160248059 0.07836603678478826
h_pos [ 7.72698576  9.33797731 10.62596387] x_pos [ 6.45700189  8.69500116 10.46497795] y_pos [ 8.17600687 10.59801269 10.41501435]
66 rHY 1.3541819792400176 rHX 1.4325480160248059 0.07836603678478826
h_pos [ 7.72698576  9.33797731 10.62596387] x_pos [ 6.45700189  8.69500116 10.46497795] y_pos [ 8.17600687 10.59801269 10.41501435]
66 rHY 1.3541819792400176 rHX 1.4325480160248059 0.07836603678478826
h_pos [ 7.72698576  9.33797731 10.62596387] x_pos [ 6.45700189  8.69500116 10.46497795] y_pos [ 8.17600687 10.59801269 10.41501435]
66 rHY 1.3541819792400176 rHX 1.4325480160248059 0.07836603678478826
h_pos [ 7.72698576  9.33797731 10.62596387] x_pos [ 6.45700189  8.69500116 10.46497795] y_pos [ 8.17600687 10.59801269 10.41501435]
66 cpl_forces h [ 2.21446724  2.50753964 -0.07889791]
66 cpl_forces h [ 2.21446724  2.50753964 -0.07889791]
66 cpl_forces h [ 2.21446724  2.50753964 -0.07889791]
66 cpl_forces h [ 2.21446724  2.50753964 -0.07889791]
66 rHY 1.3541819792400176 rHX 1.4325480160248059 0.07836603678478826
66 cpl_forces x [-1.61166436 -0.81596449 -0.20429808]
66 cpl_forces x [-1.61166436 -0.81596449 -0.20429808]
66 cpl_forces x [-1.61166436 -0.81596449 -0.20429808]
66 cpl_forces x [-1.61166436 -0.81596449 -0.20429808]
66 cpl_forces y [-0.60280287 -1.69157515  0.28319599]
66 cpl_forces y [-0.60280287 -1.69157515  0.28319599]
66 cpl_forces y [-0.60280287 -1.69157515  0.28319599]
66 cpl_forces y [-0.60280287 -1.69157515  0.28319599]
66 cpl_forces h [ 2.21446724  2.50753964 -0.07889791]
66 cpl_forces x [-1.61166436 -0.81596449 -0.20429808]
17:40:47-DEBUG: System matrix: 
66 cpl_forces y [-0.60280287 -1.69157515  0.28319599]
17:40:47-DEBUG: [[-3.13970052e+04  7.24949448e-01]
 [ 7.24949448e-01 -3.13964232e+04]]
17:40:47-DEBUG: Eigen values: 
17:40:47-DEBUG: [-31397.49534165 -31395.93301049]
17:40:47-DEBUG: Occupancies: 
17:40:47-DEBUG: [1. 0.]
17:40:47-INFO: coupling 66 0.7249494475243978
17:40:47-DEBUG: Amplitudes: 
17:40:47-DEBUG: [0.68624579 0.31375421]
17:40:47-INFO: forces0 h [-15.98898695  -7.72742591  -2.43039825]
17:40:47-INFO: forces0 x [17.2203801   6.63041198  1.65325549]
17:40:47-INFO: forces0 y [ 3.34404158 -3.97769832  1.23684097]
17:40:47-INFO: forces1 h [ 3.56385381 12.55407803 -2.64482291]
17:40:47-INFO: forces1 x [ 3.680214    0.19815195 -0.64290461]
17:40:47-INFO: forces1 y [ -1.1761087  -14.89002804   3.0854038 ]
pos h  [ 7.72698576  9.33797731 10.62596387]
pos x  [ 6.45700189  8.69500116 10.46497795]
pos y  [ 8.17600687 10.59801269 10.41501435]
 mixed_cpl_forces: h [-2.05510437 -2.32708599  0.07322006]
 mixed_cpl_forces: x [1.49568186 0.75724407 0.18959589]
 mixed_cpl_forces: y [ 0.55942251  1.56984192 -0.26281595]
17:40:47-INFO: mixed forces h [-11.90930516  -3.69110459  -2.42445483]
17:40:47-INFO: mixed forces x [14.46777781  5.36950737  1.12242147]
17:40:47-INFO: mixed forces y [ 2.4852479  -5.83164583  1.5540194 ]
17:40:47-DEBUG: Minimum eigen value: 
17:40:47-DEBUG: -31397.49534164975
17:40:47-DEBUG: Minimum state: 
17:40:47-DEBUG: 0
        66   -31397.4953416497   -31397.4953416497        0.0000000000   -31397.0051536663        0.0000000000      0.29463865
ids [ 137  142  143  144  145  146  147  148  149  150  151  152  154  155
  157  158  159  160  161  162  163  164  165  166  167  169  170  171
  172  174  175  176  177  179  180  181  182  184  187  188  189  190
  191  192  193  194  195  196  197  198  199  200  202  203  204  205
  206  207  208  209  210  211  212  214  215  217  218  219  221  222
  224  225  226  227  229  232  233  235  236  237  240  241  242  243
  245  246  247  250  251  252  253  254  255  256  257  260  261  262
  266  267  269  271  306  348  381  393  396  410  443  445  448  450
  455  490  493  495  500  535  538  540  784  789  794  798  804  808
  809  918  933 1073 1078]
ids [  6 102 107 108 112 117 118 123 133 183 228 275 310 313 315 320 353 355
 358 360 363 365 400 403 411 438 501 542 546 547 548 549 550 551 552 553
 554 555 556 557 559 560 562 563 564 565 566 567 568 569 570 571 572 573
 574 575 576 577 579 581 582 584 586 587 589 592 593 594 595 596 597 598
 599 600 601 602 603 604 605 606 607 608 609 610 611 612 613 614 615 616
 617 618 619 620 621 622 624 626 627 629 631 632 634 635 636 637 639 640
 641 642 645 646 647 648 650 651 652 653 655 656 657 658 660 661 662 665
 666 667 671 672 676 813]
ids [127 141 153 156 168 186 201 213 216 231 272 276 277 278 279 280 281 282
 283 284 285 286 287 288 289 290 291 292 293 294 295 296 297 298 299 300
 301 302 303 304 305 307 308 309 311 312 314 316 317 319 321 322 323 324
 325 326 327 328 329 330 331 332 333 334 335 336 337 338 339 340 341 342
 343 344 345 346 347 349 350 351 352 354 356 357 359 361 362 364 366 367
 369 370 371 372 373 374 375 376 377 380 382 383 385 386 387 388 389 390
 391 392 394 395 397 401 402 405 406 453 498 545 578 580 583 585 590 623
 625 628 630 633 670 675 814 909 913 914 919 924 928 943]
ids [  7  38  40  43  45  82  84  87  92  94 129 134 274 368 379 384 398 399
 404 668 673 681 693 753 771 783 801 812 816 817 818 819 820 821 822 823
 824 825 826 827 829 830 831 832 833 834 835 836 837 838 839 840 841 842
 843 844 845 847 848 849 851 852 853 854 855 856 857 858 859 861 862 863
 864 865 866 867 868 869 870 871 872 873 874 875 876 877 878 879 880 881
 882 883 884 885 886 887 888 889 890 892 894 896 897 899 901 902 904 906
 907 908 910 911 912 915 916 917 920 921 922 923 925 926 927 929 930 931
 932 934 935 937 939 940 941 942 944 946 948]
ids [ 122  140  173  178  185  220  223  230  265  268  270  318  407  408
  409  412  413  414  415  416  417  418  419  420  421  422  423  424
  425  426  427  428  429  430  431  432  433  434  435  436  437  439
  440  441  442  444  446  447  449  451  452  454  456  457  458  459
  460  461  462  463  464  465  466  467  468  469  470  471  472  473
  474  475  476  477  478  479  480  481  482  483  484  485  486  487
  488  489  491  492  494  496  497  499  502  505  506  507  508  509
  510  511  512  513  514  515  516  517  520  521  522  523  524  525
  526  527  528  530  531  532  536  537  539  541  558  561  588  591
  803  949 1043 1044 1048 1049 1053 1059 1064 1074 1079]
ids [   5   48  139  234  238  239  244  248  249  258  259  264  378  533
  677  679  682  683  684  685  686  687  688  689  690  691  692  694
  695  696  697  698  699  700  701  702  703  704  705  706  707  708
  709  710  711  712  713  714  716  717  719  721  722  724  726  727
  728  729  730  731  732  733  734  735  736  737  738  739  740  741
  742  743  744  745  746  747  748  749  750  751  752  754  755  756
  757  759  761  762  763  764  766  767  769  772  773  774  775  776
  777  778  779  780  781  782  785  786  787  788  790  791  792  793
  795  796  797  799  800  802  805  806  807  811  828  846  891  936
  950  983  988  990 1028 1030 1033 1035 1038 1040 1075 1080]
ids [  1   2   3   4   9  10  11  12  13  14  15  16  17  18  19  20  21  23
  24  25  26  27  28  29  30  31  32  33  34  35  36  37  39  41  42  44
  46  47  49  50  51  52  53  54  55  56  57  58  59  60  61  62  63  64
  65  67  68  69  70  71  72  73  74  75  76  78  79  81  83  85  86  88
  89  90  91  93  96  97  98  99 100 101 103 104 105 106 109 111 113 114
 115 116 119 120 121 124 126 128 130 131 132 135 136 544 638 643 644 649
 654 659 664 669 674 815 850 860 893 895 898 900 905 938 945 951 966 993]
ids [   8   22   66   77   80   95  110  125  138  263  273  503  504  518
  519  529  534  543  663  678  680  715  718  720  723  725  758  760
  765  768  770  810  903  947  952  953  954  955  956  957  958  959
  960  961  962  963  964  965  967  968  969  970  971  972  973  974
  975  976  977  978  979  980  981  982  984  985  986  987  989  991
  992  994  995  996  997  998  999 1000 1001 1002 1003 1004 1005 1006
 1007 1008 1009 1010 1011 1012 1013 1014 1015 1016 1017 1018 1019 1020
 1021 1022 1023 1024 1025 1026 1027 1029 1031 1032 1034 1036 1037 1039
 1041 1042 1045 1046 1047 1050 1051 1052 1054 1055 1056 1057 1058 1060
 1061 1062 1063 1065 1066 1067 1068 1069 1070 1071 1072 1076 1077 1081]
17:40:47-INFO: Step 67
17:40:47-DEBUG: Reaction systems: [[None]
 [0]]
17:40:47-DEBUG: rxn_pairs: [array([ 1, 13])]
17:40:47-DEBUG: Starting total colors: 5
17:40:47-DEBUG: Number of systems: 2
17:40:47-DEBUG: New total colors: 5
17:40:47-DEBUG: Potential energy for color 0: -31397.0051536663
ebond 3.129821157084677
ebond 3.129821157084677
ebond 3.129821157084677
ebond 3.129821157084677
ebond 3.129821157084677
17:40:47-DEBUG: Potential energy for color 1: -31396.423198473636
xhy 67 2 1 13
xhy 67 2 1 13
xhy 67 2 1 13
xhy 67 2 1 13
xhy 67 2 1 13
h_pos [ 7.72698576  9.33797731 10.62596387] x_pos [ 6.45700189  8.69500116 10.46497795] y_pos [ 8.17600687 10.59801269 10.41501435]
67 rHY 1.3541819792400176 rHX 1.4325480160248059 0.07836603678478826
h_pos [ 7.72698576  9.33797731 10.62596387] x_pos [ 6.45700189  8.69500116 10.46497795] y_pos [ 8.17600687 10.59801269 10.41501435]
h_pos [ 7.72698576  9.33797731 10.62596387] x_pos [ 6.45700189  8.69500116 10.46497795] y_pos [ 8.17600687 10.59801269 10.41501435]
h_pos [ 7.72698576  9.33797731 10.62596387] x_pos [ 6.45700189  8.69500116 10.46497795] y_pos [ 8.17600687 10.59801269 10.41501435]
h_pos [ 7.72698576  9.33797731 10.62596387] x_pos [ 6.45700189  8.69500116 10.46497795] y_pos [ 8.17600687 10.59801269 10.41501435]
67 rHY 1.3541819792400176 rHX 1.4325480160248059 0.07836603678478826
67 rHY 1.3541819792400176 rHX 1.4325480160248059 0.07836603678478826
67 rHY 1.3541819792400176 rHX 1.4325480160248059 0.07836603678478826
67 cpl_forces h [ 2.21446724  2.50753964 -0.07889791]
67 cpl_forces h [ 2.21446724  2.50753964 -0.07889791]
67 rHY 1.3541819792400176 rHX 1.4325480160248059 0.07836603678478826
67 cpl_forces h [ 2.21446724  2.50753964 -0.07889791]
67 cpl_forces h [ 2.21446724  2.50753964 -0.07889791]
67 cpl_forces x [-1.61166436 -0.81596449 -0.20429808]
67 cpl_forces x [-1.61166436 -0.81596449 -0.20429808]
67 cpl_forces x [-1.61166436 -0.81596449 -0.20429808]
67 cpl_forces y [-0.60280287 -1.69157515  0.28319599]
67 cpl_forces x [-1.61166436 -0.81596449 -0.20429808]
67 cpl_forces y [-0.60280287 -1.69157515  0.28319599]
67 cpl_forces y [-0.60280287 -1.69157515  0.28319599]
67 cpl_forces y [-0.60280287 -1.69157515  0.28319599]
67 cpl_forces h [ 2.21446724  2.50753964 -0.07889791]
17:40:47-DEBUG: System matrix: 
67 cpl_forces x [-1.61166436 -0.81596449 -0.20429808]
17:40:47-DEBUG: [[-3.13970052e+04  7.24949448e-01]
 [ 7.24949448e-01 -3.13964232e+04]]
17:40:47-DEBUG: Eigen values: 
67 cpl_forces y [-0.60280287 -1.69157515  0.28319599]
17:40:47-DEBUG: [-31397.49534165 -31395.93301049]
17:40:47-DEBUG: Occupancies: 
17:40:47-DEBUG: [1. 0.]
17:40:47-INFO: coupling 67 0.7249494475243978
17:40:47-DEBUG: Amplitudes: 
17:40:47-DEBUG: [0.68624579 0.31375421]
17:40:47-INFO: forces0 h [-15.98898695  -7.72742591  -2.43039825]
17:40:47-INFO: forces0 x [17.2203801   6.63041198  1.65325549]
17:40:47-INFO: forces0 y [ 3.34404158 -3.97769832  1.23684097]
17:40:47-INFO: forces1 h [ 3.56385381 12.55407803 -2.64482291]
17:40:47-INFO: forces1 x [ 3.680214    0.19815195 -0.64290461]
17:40:47-INFO: forces1 y [ -1.1761087  -14.89002804   3.0854038 ]
pos h  [ 7.72698576  9.33797731 10.62596387]
pos x  [ 6.45700189  8.69500116 10.46497795]
pos y  [ 8.17600687 10.59801269 10.41501435]
 mixed_cpl_forces: h [-2.05510437 -2.32708599  0.07322006]
 mixed_cpl_forces: x [1.49568186 0.75724407 0.18959589]
 mixed_cpl_forces: y [ 0.55942251  1.56984192 -0.26281595]
17:40:47-INFO: mixed forces h [-11.90930516  -3.69110459  -2.42445483]
17:40:47-INFO: mixed forces x [14.46777781  5.36950737  1.12242147]
17:40:47-INFO: mixed forces y [ 2.4852479  -5.83164583  1.5540194 ]
17:40:47-DEBUG: Minimum eigen value: 
17:40:47-DEBUG: -31397.49534164975
17:40:47-DEBUG: Minimum state: 
17:40:47-DEBUG: 0
        67   -31397.4953416497   -31397.4953416497        0.0000000000   -31397.0051536663        0.0000000000      0.29497081
ids [ 122  140  173  178  185  220  223  230  265  268  270  318  407  408
  409  412  413  414  415  416  417  418  419  420  421  422  423  424
  425  426  427  428  429  430  431  432  433  434  435  436  437  439
  440  441  442  444  446  447  449  451  452  454  456  457  458  459
  460  461  462  463  464  465  466  467  468  469  470  471  472  473
  474  475  476  477  478  479  480  481  482  483  484  485  486  487
  488  489  491  492  494  496  497  499  502  505  506  507  508  509
  510  511  512  513  514  515  516  517  520  521  522  523  524  525
  526  527  528  530  531  532  536  537  539  541  558  561  588  591
  803  949 1043 1044 1048 1049 1053 1059 1064 1074 1079]
ids [  1   2   3   4   9  10  11  12  13  14  15  16  17  18  19  20  21  23
  24  25  26  27  28  29  30  31  32  33  34  35  36  37  39  41  42  44
  46  47  49  50  51  52  53  54  55  56  57  58  59  60  61  62  63  64
  65  67  68  69  70  71  72  73  74  75  76  78  79  81  83  85  86  88
  89  90  91  93  96  97  98  99 100 101 103 104 105 106 109 111 113 114
 115 116 119 120 121 124 126 128 130 131 132 135 136 544 638 643 644 649
 654 659 664 669 674 815 850 860 893 895 898 900 905 938 945 951 966 993]
ids [   8   22   66   77   80   95  110  125  138  263  273  503  504  518
  519  529  534  543  663  678  680  715  718  720  723  725  758  760
  765  768  770  810  903  947  952  953  954  955  956  957  958  959
  960  961  962  963  964  965  967  968  969  970  971  972  973  974
  975  976  977  978  979  980  981  982  984  985  986  987  989  991
  992  994  995  996  997  998  999 1000 1001 1002 1003 1004 1005 1006
 1007 1008 1009 1010 1011 1012 1013 1014 1015 1016 1017 1018 1019 1020
 1021 1022 1023 1024 1025 1026 1027 1029 1031 1032 1034 1036 1037 1039
 1041 1042 1045 1046 1047 1050 1051 1052 1054 1055 1056 1057 1058 1060
 1061 1062 1063 1065 1066 1067 1068 1069 1070 1071 1072 1076 1077 1081]
ids [   5   48  139  234  238  239  244  248  249  258  259  264  378  533
  677  679  682  683  684  685  686  687  688  689  690  691  692  694
  695  696  697  698  699  700  701  702  703  704  705  706  707  708
  709  710  711  712  713  714  716  717  719  721  722  724  726  727
  728  729  730  731  732  733  734  735  736  737  738  739  740  741
  742  743  744  745  746  747  748  749  750  751  752  754  755  756
  757  759  761  762  763  764  766  767  769  772  773  774  775  776
  777  778  779  780  781  782  785  786  787  788  790  791  792  793
  795  796  797  799  800  802  805  806  807  811  828  846  891  936
  950  983  988  990 1028 1030 1033 1035 1038 1040 1075 1080]
ids [ 137  142  143  144  145  146  147  148  149  150  151  152  154  155
  157  158  159  160  161  162  163  164  165  166  167  169  170  171
  172  174  175  176  177  179  180  181  182  184  187  188  189  190
  191  192  193  194  195  196  197  198  199  200  202  203  204  205
  206  207  208  209  210  211  212  214  215  217  218  219  221  222
  224  225  226  227  229  232  233  235  236  237  240  241  242  243
  245  246  247  250  251  252  253  254  255  256  257  260  261  262
  266  267  269  271  306  348  381  393  396  410  443  445  448  450
  455  490  493  495  500  535  538  540  784  789  794  798  804  808
  809  918  933 1073 1078]
ids [  6 102 107 108 112 117 118 123 133 183 228 275 310 313 315 320 353 355
 358 360 363 365 400 403 411 438 501 542 546 547 548 549 550 551 552 553
 554 555 556 557 559 560 562 563 564 565 566 567 568 569 570 571 572 573
 574 575 576 577 579 581 582 584 586 587 589 592 593 594 595 596 597 598
 599 600 601 602 603 604 605 606 607 608 609 610 611 612 613 614 615 616
 617 618 619 620 621 622 624 626 627 629 631 632 634 635 636 637 639 640
 641 642 645 646 647 648 650 651 652 653 655 656 657 658 660 661 662 665
 666 667 671 672 676 813]
ids [127 141 153 156 168 186 201 213 216 231 272 276 277 278 279 280 281 282
 283 284 285 286 287 288 289 290 291 292 293 294 295 296 297 298 299 300
 301 302 303 304 305 307 308 309 311 312 314 316 317 319 321 322 323 324
 325 326 327 328 329 330 331 332 333 334 335 336 337 338 339 340 341 342
 343 344 345 346 347 349 350 351 352 354 356 357 359 361 362 364 366 367
 369 370 371 372 373 374 375 376 377 380 382 383 385 386 387 388 389 390
 391 392 394 395 397 401 402 405 406 453 498 545 578 580 583 585 590 623
 625 628 630 633 670 675 814 909 913 914 919 924 928 943]
ids [  7  38  40  43  45  82  84  87  92  94 129 134 274 368 379 384 398 399
 404 668 673 681 693 753 771 783 801 812 816 817 818 819 820 821 822 823
 824 825 826 827 829 830 831 832 833 834 835 836 837 838 839 840 841 842
 843 844 845 847 848 849 851 852 853 854 855 856 857 858 859 861 862 863
 864 865 866 867 868 869 870 871 872 873 874 875 876 877 878 879 880 881
 882 883 884 885 886 887 888 889 890 892 894 896 897 899 901 902 904 906
 907 908 910 911 912 915 916 917 920 921 922 923 925 926 927 929 930 931
 932 934 935 937 939 940 941 942 944 946 948]
17:40:47-INFO: Step 68
17:40:47-DEBUG: Reaction systems: [[None]
 [0]]
17:40:47-DEBUG: rxn_pairs: [array([ 1, 13])]
17:40:47-DEBUG: Starting total colors: 5
17:40:47-DEBUG: Number of systems: 2
17:40:47-DEBUG: New total colors: 5
17:40:47-DEBUG: Potential energy for color 0: -31397.0051536663
ebond 3.129821157084677
ebond 3.129821157084677
ebond 3.129821157084677
ebond 3.129821157084677
ebond 3.129821157084677
17:40:47-DEBUG: Potential energy for color 1: -31396.423198473636
xhy 68 2 1 13
xhy 68 2 1 13
xhy 68 2 1 13
xhy 68 2 1 13
xhy 68 2 1 13
h_pos [ 7.72698576  9.33797731 10.62596387] x_pos [ 6.45700189  8.69500116 10.46497795] y_pos [ 8.17600687 10.59801269 10.41501435]
68 rHY 1.3541819792400176 rHX 1.4325480160248059 0.07836603678478826
h_pos [ 7.72698576  9.33797731 10.62596387] x_pos [ 6.45700189  8.69500116 10.46497795] y_pos [ 8.17600687 10.59801269 10.41501435]
h_pos [ 7.72698576  9.33797731 10.62596387] x_pos [ 6.45700189  8.69500116 10.46497795] y_pos [ 8.17600687 10.59801269 10.41501435]
68 rHY 1.3541819792400176 rHX 1.4325480160248059 0.07836603678478826
h_pos [ 7.72698576  9.33797731 10.62596387] x_pos [ 6.45700189  8.69500116 10.46497795] y_pos [ 8.17600687 10.59801269 10.41501435]
68 rHY 1.3541819792400176 rHX 1.4325480160248059 0.07836603678478826
h_pos [ 7.72698576  9.33797731 10.62596387] x_pos [ 6.45700189  8.69500116 10.46497795] y_pos [ 8.17600687 10.59801269 10.41501435]
68 rHY 1.3541819792400176 rHX 1.4325480160248059 0.07836603678478826
68 rHY 1.3541819792400176 rHX 1.4325480160248059 0.07836603678478826
68 cpl_forces h [ 2.21446724  2.50753964 -0.07889791]
68 cpl_forces h [ 2.21446724  2.50753964 -0.07889791]
68 cpl_forces h [ 2.21446724  2.50753964 -0.07889791]
68 cpl_forces h [ 2.21446724  2.50753964 -0.07889791]
68 cpl_forces x [-1.61166436 -0.81596449 -0.20429808]
68 cpl_forces x [-1.61166436 -0.81596449 -0.20429808]
68 cpl_forces x [-1.61166436 -0.81596449 -0.20429808]
68 cpl_forces x [-1.61166436 -0.81596449 -0.20429808]
68 cpl_forces y [-0.60280287 -1.69157515  0.28319599]
68 cpl_forces y [-0.60280287 -1.69157515  0.28319599]
68 cpl_forces y [-0.60280287 -1.69157515  0.28319599]
68 cpl_forces y [-0.60280287 -1.69157515  0.28319599]
68 cpl_forces h [ 2.21446724  2.50753964 -0.07889791]
17:40:47-DEBUG: System matrix: 
68 cpl_forces x [-1.61166436 -0.81596449 -0.20429808]
68 cpl_forces y [-0.60280287 -1.69157515  0.28319599]
17:40:47-DEBUG: [[-3.13970052e+04  7.24949448e-01]
 [ 7.24949448e-01 -3.13964232e+04]]
17:40:47-DEBUG: Eigen values: 
17:40:47-DEBUG: [-31397.49534165 -31395.93301049]
17:40:47-DEBUG: Occupancies: 
17:40:47-DEBUG: [1. 0.]
17:40:47-INFO: coupling 68 0.7249494475243978
17:40:47-DEBUG: Amplitudes: 
17:40:47-DEBUG: [0.68624579 0.31375421]
17:40:47-INFO: forces0 h [-15.98898695  -7.72742591  -2.43039825]
17:40:47-INFO: forces0 x [17.2203801   6.63041198  1.65325549]
17:40:47-INFO: forces0 y [ 3.34404158 -3.97769832  1.23684097]
17:40:47-INFO: forces1 h [ 3.56385381 12.55407803 -2.64482291]
17:40:47-INFO: forces1 x [ 3.680214    0.19815195 -0.64290461]
17:40:47-INFO: forces1 y [ -1.1761087  -14.89002804   3.0854038 ]
pos h  [ 7.72698576  9.33797731 10.62596387]
pos x  [ 6.45700189  8.69500116 10.46497795]
pos y  [ 8.17600687 10.59801269 10.41501435]
 mixed_cpl_forces: h [-2.05510437 -2.32708599  0.07322006]
 mixed_cpl_forces: x [1.49568186 0.75724407 0.18959589]
 mixed_cpl_forces: y [ 0.55942251  1.56984192 -0.26281595]
17:40:47-INFO: mixed forces h [-11.90930516  -3.69110459  -2.42445483]
17:40:47-INFO: mixed forces x [14.46777781  5.36950737  1.12242147]
17:40:47-INFO: mixed forces y [ 2.4852479  -5.83164583  1.5540194 ]
17:40:47-DEBUG: Minimum eigen value: 
17:40:47-DEBUG: -31397.49534164975
17:40:47-DEBUG: Minimum state: 
17:40:47-DEBUG: 0
        68   -31397.4953416497   -31397.4953416497        0.0000000000   -31397.0051536663        0.0000000000      0.29581838
ids [   8   22   66   77   80   95  110  125  138  263  273  503  504  518
  519  529  534  543  663  678  680  715  718  720  723  725  758  760
  765  768  770  810  903  947  952  953  954  955  956  957  958  959
  960  961  962  963  964  965  967  968  969  970  971  972  973  974
  975  976  977  978  979  980  981  982  984  985  986  987  989  991
  992  994  995  996  997  998  999 1000 1001 1002 1003 1004 1005 1006
 1007 1008 1009 1010 1011 1012 1013 1014 1015 1016 1017 1018 1019 1020
 1021 1022 1023 1024 1025 1026 1027 1029 1031 1032 1034 1036 1037 1039
 1041 1042 1045 1046 1047 1050 1051 1052 1054 1055 1056 1057 1058 1060
 1061 1062 1063 1065 1066 1067 1068 1069 1070 1071 1072 1076 1077 1081]
ids [   5   48  139  234  238  239  244  248  249  258  259  264  378  533
  677  679  682  683  684  685  686  687  688  689  690  691  692  694
  695  696  697  698  699  700  701  702  703  704  705  706  707  708
  709  710  711  712  713  714  716  717  719  721  722  724  726  727
  728  729  730  731  732  733  734  735  736  737  738  739  740  741
  742  743  744  745  746  747  748  749  750  751  752  754  755  756
  757  759  761  762  763  764  766  767  769  772  773  774  775  776
  777  778  779  780  781  782  785  786  787  788  790  791  792  793
  795  796  797  799  800  802  805  806  807  811  828  846  891  936
  950  983  988  990 1028 1030 1033 1035 1038 1040 1075 1080]
ids [ 137  142  143  144  145  146  147  148  149  150  151  152  154  155
  157  158  159  160  161  162  163  164  165  166  167  169  170  171
  172  174  175  176  177  179  180  181  182  184  187  188  189  190
  191  192  193  194  195  196  197  198  199  200  202  203  204  205
  206  207  208  209  210  211  212  214  215  217  218  219  221  222
  224  225  226  227  229  232  233  235  236  237  240  241  242  243
  245  246  247  250  251  252  253  254  255  256  257  260  261  262
  266  267  269  271  306  348  381  393  396  410  443  445  448  450
  455  490  493  495  500  535  538  540  784  789  794  798  804  808
  809  918  933 1073 1078]
ids [  6 102 107 108 112 117 118 123 133 183 228 275 310 313 315 320 353 355
 358 360 363 365 400 403 411 438 501 542 546 547 548 549 550 551 552 553
 554 555 556 557 559 560 562 563 564 565 566 567 568 569 570 571 572 573
 574 575 576 577 579 581 582 584 586 587 589 592 593 594 595 596 597 598
 599 600 601 602 603 604 605 606 607 608 609 610 611 612 613 614 615 616
 617 618 619 620 621 622 624 626 627 629 631 632 634 635 636 637 639 640
 641 642 645 646 647 648 650 651 652 653 655 656 657 658 660 661 662 665
 666 667 671 672 676 813]
ids [127 141 153 156 168 186 201 213 216 231 272 276 277 278 279 280 281 282
 283 284 285 286 287 288 289 290 291 292 293 294 295 296 297 298 299 300
 301 302 303 304 305 307 308 309 311 312 314 316 317 319 321 322 323 324
 325 326 327 328 329 330 331 332 333 334 335 336 337 338 339 340 341 342
 343 344 345 346 347 349 350 351 352 354 356 357 359 361 362 364 366 367
 369 370 371 372 373 374 375 376 377 380 382 383 385 386 387 388 389 390
 391 392 394 395 397 401 402 405 406 453 498 545 578 580 583 585 590 623
 625 628 630 633 670 675 814 909 913 914 919 924 928 943]
ids [ 122  140  173  178  185  220  223  230  265  268  270  318  407  408
  409  412  413  414  415  416  417  418  419  420  421  422  423  424
  425  426  427  428  429  430  431  432  433  434  435  436  437  439
  440  441  442  444  446  447  449  451  452  454  456  457  458  459
  460  461  462  463  464  465  466  467  468  469  470  471  472  473
  474  475  476  477  478  479  480  481  482  483  484  485  486  487
  488  489  491  492  494  496  497  499  502  505  506  507  508  509
  510  511  512  513  514  515  516  517  520  521  522  523  524  525
  526  527  528  530  531  532  536  537  539  541  558  561  588  591
  803  949 1043 1044 1048 1049 1053 1059 1064 1074 1079]
ids [  1   2   3   4   9  10  11  12  13  14  15  16  17  18  19  20  21  23
  24  25  26  27  28  29  30  31  32  33  34  35  36  37  39  41  42  44
  46  47  49  50  51  52  53  54  55  56  57  58  59  60  61  62  63  64
  65  67  68  69  70  71  72  73  74  75  76  78  79  81  83  85  86  88
  89  90  91  93  96  97  98  99 100 101 103 104 105 106 109 111 113 114
 115 116 119 120 121 124 126 128 130 131 132 135 136 544 638 643 644 649
 654 659 664 669 674 815 850 860 893 895 898 900 905 938 945 951 966 993]
ids [  7  38  40  43  45  82  84  87  92  94 129 134 274 368 379 384 398 399
 404 668 673 681 693 753 771 783 801 812 816 817 818 819 820 821 822 823
 824 825 826 827 829 830 831 832 833 834 835 836 837 838 839 840 841 842
 843 844 845 847 848 849 851 852 853 854 855 856 857 858 859 861 862 863
 864 865 866 867 868 869 870 871 872 873 874 875 876 877 878 879 880 881
 882 883 884 885 886 887 888 889 890 892 894 896 897 899 901 902 904 906
 907 908 910 911 912 915 916 917 920 921 922 923 925 926 927 929 930 931
 932 934 935 937 939 940 941 942 944 946 948]
17:40:47-INFO: Step 69
17:40:47-DEBUG: Reaction systems: [[None]
 [0]]
17:40:47-DEBUG: rxn_pairs: [array([ 1, 13])]
17:40:47-DEBUG: Starting total colors: 5
17:40:47-DEBUG: Number of systems: 2
17:40:47-DEBUG: New total colors: 5
17:40:47-DEBUG: Potential energy for color 0: -31397.0051536663
ebond 3.129821157084677
ebond 3.129821157084677
ebond 3.129821157084677
ebond 3.129821157084677
ebond 3.129821157084677
17:40:47-DEBUG: Potential energy for color 1: -31396.423198473636
xhy 69 2 1 13
xhy 69 2 1 13
xhy 69 2 1 13
xhy 69 2 1 13
xhy 69 2 1 13
h_pos [ 7.72698576  9.33797731 10.62596387] x_pos [ 6.45700189  8.69500116 10.46497795] y_pos [ 8.17600687 10.59801269 10.41501435]
69 rHY 1.3541819792400176 rHX 1.4325480160248059 0.07836603678478826
h_pos [ 7.72698576  9.33797731 10.62596387] x_pos [ 6.45700189  8.69500116 10.46497795] y_pos [ 8.17600687 10.59801269 10.41501435]
h_pos [ 7.72698576  9.33797731 10.62596387] x_pos [ 6.45700189  8.69500116 10.46497795] y_pos [ 8.17600687 10.59801269 10.41501435]
69 rHY 1.3541819792400176 rHX 1.4325480160248059 0.07836603678478826
h_pos [ 7.72698576  9.33797731 10.62596387] x_pos [ 6.45700189  8.69500116 10.46497795] y_pos [ 8.17600687 10.59801269 10.41501435]
69 rHY 1.3541819792400176 rHX 1.4325480160248059 0.07836603678478826
h_pos [ 7.72698576  9.33797731 10.62596387] x_pos [ 6.45700189  8.69500116 10.46497795] y_pos [ 8.17600687 10.59801269 10.41501435]
69 rHY 1.3541819792400176 rHX 1.4325480160248059 0.07836603678478826
69 rHY 1.3541819792400176 rHX 1.4325480160248059 0.07836603678478826
69 cpl_forces h [ 2.21446724  2.50753964 -0.07889791]
69 cpl_forces h [ 2.21446724  2.50753964 -0.07889791]
69 cpl_forces h [ 2.21446724  2.50753964 -0.07889791]
69 cpl_forces h [ 2.21446724  2.50753964 -0.07889791]
69 cpl_forces x [-1.61166436 -0.81596449 -0.20429808]
69 cpl_forces x [-1.61166436 -0.81596449 -0.20429808]
69 cpl_forces x [-1.61166436 -0.81596449 -0.20429808]
69 cpl_forces x [-1.61166436 -0.81596449 -0.20429808]
69 cpl_forces y [-0.60280287 -1.69157515  0.28319599]
69 cpl_forces y [-0.60280287 -1.69157515  0.28319599]
69 cpl_forces y [-0.60280287 -1.69157515  0.28319599]
69 cpl_forces y [-0.60280287 -1.69157515  0.28319599]
69 cpl_forces h [ 2.21446724  2.50753964 -0.07889791]
69 cpl_forces x [-1.61166436 -0.81596449 -0.20429808]
17:40:47-DEBUG: System matrix: 
69 cpl_forces y [-0.60280287 -1.69157515  0.28319599]
17:40:47-DEBUG: [[-3.13970052e+04  7.24949448e-01]
 [ 7.24949448e-01 -3.13964232e+04]]
17:40:47-DEBUG: Eigen values: 
17:40:47-DEBUG: [-31397.49534165 -31395.93301049]
17:40:47-DEBUG: Occupancies: 
17:40:47-DEBUG: [1. 0.]
17:40:47-INFO: coupling 69 0.7249494475243978
17:40:47-DEBUG: Amplitudes: 
17:40:47-DEBUG: [0.68624579 0.31375421]
17:40:47-INFO: forces0 h [-15.98898695  -7.72742591  -2.43039825]
17:40:47-INFO: forces0 x [17.2203801   6.63041198  1.65325549]
17:40:47-INFO: forces0 y [ 3.34404158 -3.97769832  1.23684097]
17:40:47-INFO: forces1 h [ 3.56385381 12.55407803 -2.64482291]
17:40:47-INFO: forces1 x [ 3.680214    0.19815195 -0.64290461]
17:40:47-INFO: forces1 y [ -1.1761087  -14.89002804   3.0854038 ]
pos h  [ 7.72698576  9.33797731 10.62596387]
pos x  [ 6.45700189  8.69500116 10.46497795]
pos y  [ 8.17600687 10.59801269 10.41501435]
 mixed_cpl_forces: h [-2.05510437 -2.32708599  0.07322006]
 mixed_cpl_forces: x [1.49568186 0.75724407 0.18959589]
 mixed_cpl_forces: y [ 0.55942251  1.56984192 -0.26281595]
17:40:47-INFO: mixed forces h [-11.90930516  -3.69110459  -2.42445483]
17:40:47-INFO: mixed forces x [14.46777781  5.36950737  1.12242147]
17:40:47-INFO: mixed forces y [ 2.4852479  -5.83164583  1.5540194 ]
17:40:47-DEBUG: Minimum eigen value: 
17:40:47-DEBUG: -31397.49534164975
17:40:47-DEBUG: Minimum state: 
17:40:47-DEBUG: 0
        69   -31397.4953416497   -31397.4953416497        0.0000000000   -31397.0051536663        0.0000000000      0.29459195
ids [127 141 153 156 168 186 201 213 216 231 272 276 277 278 279 280 281 282
 283 284 285 286 287 288 289 290 291 292 293 294 295 296 297 298 299 300
 301 302 303 304 305 307 308 309 311 312 314 316 317 319 321 322 323 324
 325 326 327 328 329 330 331 332 333 334 335 336 337 338 339 340 341 342
 343 344 345 346 347 349 350 351 352 354 356 357 359 361 362 364 366 367
 369 370 371 372 373 374 375 376 377 380 382 383 385 386 387 388 389 390
 391 392 394 395 397 401 402 405 406 453 498 545 578 580 583 585 590 623
 625 628 630 633 670 675 814 909 913 914 919 924 928 943]
ids [  1   2   3   4   9  10  11  12  13  14  15  16  17  18  19  20  21  23
  24  25  26  27  28  29  30  31  32  33  34  35  36  37  39  41  42  44
  46  47  49  50  51  52  53  54  55  56  57  58  59  60  61  62  63  64
  65  67  68  69  70  71  72  73  74  75  76  78  79  81  83  85  86  88
  89  90  91  93  96  97  98  99 100 101 103 104 105 106 109 111 113 114
 115 116 119 120 121 124 126 128 130 131 132 135 136 544 638 643 644 649
 654 659 664 669 674 815 850 860 893 895 898 900 905 938 945 951 966 993]
ids [  7  38  40  43  45  82  84  87  92  94 129 134 274 368 379 384 398 399
 404 668 673 681 693 753 771 783 801 812 816 817 818 819 820 821 822 823
 824 825 826 827 829 830 831 832 833 834 835 836 837 838 839 840 841 842
 843 844 845 847 848 849 851 852 853 854 855 856 857 858 859 861 862 863
 864 865 866 867 868 869 870 871 872 873 874 875 876 877 878 879 880 881
 882 883 884 885 886 887 888 889 890 892 894 896 897 899 901 902 904 906
 907 908 910 911 912 915 916 917 920 921 922 923 925 926 927 929 930 931
 932 934 935 937 939 940 941 942 944 946 948]
ids [ 122  140  173  178  185  220  223  230  265  268  270  318  407  408
  409  412  413  414  415  416  417  418  419  420  421  422  423  424
  425  426  427  428  429  430  431  432  433  434  435  436  437  439
  440  441  442  444  446  447  449  451  452  454  456  457  458  459
  460  461  462  463  464  465  466  467  468  469  470  471  472  473
  474  475  476  477  478  479  480  481  482  483  484  485  486  487
  488  489  491  492  494  496  497  499  502  505  506  507  508  509
  510  511  512  513  514  515  516  517  520  521  522  523  524  525
  526  527  528  530  531  532  536  537  539  541  558  561  588  591
  803  949 1043 1044 1048 1049 1053 1059 1064 1074 1079]
ids [   8   22   66   77   80   95  110  125  138  263  273  503  504  518
  519  529  534  543  663  678  680  715  718  720  723  725  758  760
  765  768  770  810  903  947  952  953  954  955  956  957  958  959
  960  961  962  963  964  965  967  968  969  970  971  972  973  974
  975  976  977  978  979  980  981  982  984  985  986  987  989  991
  992  994  995  996  997  998  999 1000 1001 1002 1003 1004 1005 1006
 1007 1008 1009 1010 1011 1012 1013 1014 1015 1016 1017 1018 1019 1020
 1021 1022 1023 1024 1025 1026 1027 1029 1031 1032 1034 1036 1037 1039
 1041 1042 1045 1046 1047 1050 1051 1052 1054 1055 1056 1057 1058 1060
 1061 1062 1063 1065 1066 1067 1068 1069 1070 1071 1072 1076 1077 1081]
ids [ 137  142  143  144  145  146  147  148  149  150  151  152  154  155
  157  158  159  160  161  162  163  164  165  166  167  169  170  171
  172  174  175  176  177  179  180  181  182  184  187  188  189  190
  191  192  193  194  195  196  197  198  199  200  202  203  204  205
  206  207  208  209  210  211  212  214  215  217  218  219  221  222
  224  225  226  227  229  232  233  235  236  237  240  241  242  243
  245  246  247  250  251  252  253  254  255  256  257  260  261  262
  266  267  269  271  306  348  381  393  396  410  443  445  448  450
  455  490  493  495  500  535  538  540  784  789  794  798  804  808
  809  918  933 1073 1078]
ids [  6 102 107 108 112 117 118 123 133 183 228 275 310 313 315 320 353 355
 358 360 363 365 400 403 411 438 501 542 546 547 548 549 550 551 552 553
 554 555 556 557 559 560 562 563 564 565 566 567 568 569 570 571 572 573
 574 575 576 577 579 581 582 584 586 587 589 592 593 594 595 596 597 598
 599 600 601 602 603 604 605 606 607 608 609 610 611 612 613 614 615 616
 617 618 619 620 621 622 624 626 627 629 631 632 634 635 636 637 639 640
 641 642 645 646 647 648 650 651 652 653 655 656 657 658 660 661 662 665
 666 667 671 672 676 813]
ids [   5   48  139  234  238  239  244  248  249  258  259  264  378  533
  677  679  682  683  684  685  686  687  688  689  690  691  692  694
  695  696  697  698  699  700  701  702  703  704  705  706  707  708
  709  710  711  712  713  714  716  717  719  721  722  724  726  727
  728  729  730  731  732  733  734  735  736  737  738  739  740  741
  742  743  744  745  746  747  748  749  750  751  752  754  755  756
  757  759  761  762  763  764  766  767  769  772  773  774  775  776
  777  778  779  780  781  782  785  786  787  788  790  791  792  793
  795  796  797  799  800  802  805  806  807  811  828  846  891  936
  950  983  988  990 1028 1030 1033 1035 1038 1040 1075 1080]
17:40:47-INFO: Step 70
17:40:47-DEBUG: Reaction systems: [[None]
 [0]]
17:40:47-DEBUG: rxn_pairs: [array([ 1, 13])]
17:40:47-DEBUG: Starting total colors: 5
17:40:47-DEBUG: Number of systems: 2
17:40:47-DEBUG: New total colors: 5
17:40:48-DEBUG: Potential energy for color 0: -31397.0051536663
ebond 3.129821157084677
ebond 3.129821157084677
ebond 3.129821157084677
ebond 3.129821157084677
ebond 3.129821157084677
17:40:48-DEBUG: Potential energy for color 1: -31396.423198473636
xhy 70 2 1 13
xhy 70 2 1 13
xhy 70 2 1 13
xhy 70 2 1 13
xhy 70 2 1 13
h_pos [ 7.72698576  9.33797731 10.62596387] x_pos [ 6.45700189  8.69500116 10.46497795] y_pos [ 8.17600687 10.59801269 10.41501435]
70 rHY 1.3541819792400176 rHX 1.4325480160248059 0.07836603678478826
h_pos [ 7.72698576  9.33797731 10.62596387] x_pos [ 6.45700189  8.69500116 10.46497795] y_pos [ 8.17600687 10.59801269 10.41501435]
h_pos [ 7.72698576  9.33797731 10.62596387] x_pos [ 6.45700189  8.69500116 10.46497795] y_pos [ 8.17600687 10.59801269 10.41501435]
70 rHY 1.3541819792400176 rHX 1.4325480160248059 0.07836603678478826
h_pos [ 7.72698576  9.33797731 10.62596387] x_pos [ 6.45700189  8.69500116 10.46497795] y_pos [ 8.17600687 10.59801269 10.41501435]
70 rHY 1.3541819792400176 rHX 1.4325480160248059 0.07836603678478826
h_pos [ 7.72698576  9.33797731 10.62596387] x_pos [ 6.45700189  8.69500116 10.46497795] y_pos [ 8.17600687 10.59801269 10.41501435]
70 rHY 1.3541819792400176 rHX 1.4325480160248059 0.07836603678478826
70 rHY 1.3541819792400176 rHX 1.4325480160248059 0.07836603678478826
70 cpl_forces h [ 2.21446724  2.50753964 -0.07889791]
70 cpl_forces h [ 2.21446724  2.50753964 -0.07889791]
70 cpl_forces h [ 2.21446724  2.50753964 -0.07889791]
70 cpl_forces h [ 2.21446724  2.50753964 -0.07889791]
70 cpl_forces x [-1.61166436 -0.81596449 -0.20429808]
70 cpl_forces x [-1.61166436 -0.81596449 -0.20429808]
70 cpl_forces x [-1.61166436 -0.81596449 -0.20429808]
70 cpl_forces x [-1.61166436 -0.81596449 -0.20429808]
70 cpl_forces y [-0.60280287 -1.69157515  0.28319599]
70 cpl_forces y [-0.60280287 -1.69157515  0.28319599]
70 cpl_forces y [-0.60280287 -1.69157515  0.28319599]
70 cpl_forces y [-0.60280287 -1.69157515  0.28319599]
70 cpl_forces h [ 2.21446724  2.50753964 -0.07889791]
17:40:48-DEBUG: System matrix: 
70 cpl_forces x [-1.61166436 -0.81596449 -0.20429808]
70 cpl_forces y [-0.60280287 -1.69157515  0.28319599]
17:40:48-DEBUG: [[-3.13970052e+04  7.24949448e-01]
 [ 7.24949448e-01 -3.13964232e+04]]
17:40:48-DEBUG: Eigen values: 
17:40:48-DEBUG: [-31397.49534165 -31395.93301049]
17:40:48-DEBUG: Occupancies: 
17:40:48-DEBUG: [1. 0.]
17:40:48-INFO: coupling 70 0.7249494475243978
17:40:48-DEBUG: Amplitudes: 
17:40:48-DEBUG: [0.68624579 0.31375421]
17:40:48-INFO: forces0 h [-15.98898695  -7.72742591  -2.43039825]
17:40:48-INFO: forces0 x [17.2203801   6.63041198  1.65325549]
17:40:48-INFO: forces0 y [ 3.34404158 -3.97769832  1.23684097]
17:40:48-INFO: forces1 h [ 3.56385381 12.55407803 -2.64482291]
17:40:48-INFO: forces1 x [ 3.680214    0.19815195 -0.64290461]
17:40:48-INFO: forces1 y [ -1.1761087  -14.89002804   3.0854038 ]
pos h  [ 7.72698576  9.33797731 10.62596387]
pos x  [ 6.45700189  8.69500116 10.46497795]
pos y  [ 8.17600687 10.59801269 10.41501435]
 mixed_cpl_forces: h [-2.05510437 -2.32708599  0.07322006]
 mixed_cpl_forces: x [1.49568186 0.75724407 0.18959589]
 mixed_cpl_forces: y [ 0.55942251  1.56984192 -0.26281595]
17:40:48-INFO: mixed forces h [-11.90930516  -3.69110459  -2.42445483]
17:40:48-INFO: mixed forces x [14.46777781  5.36950737  1.12242147]
17:40:48-INFO: mixed forces y [ 2.4852479  -5.83164583  1.5540194 ]
17:40:48-DEBUG: Minimum eigen value: 
17:40:48-DEBUG: -31397.49534164975
17:40:48-DEBUG: Minimum state: 
17:40:48-DEBUG: 0
        70   -31397.4953416497   -31397.4953416497        0.0000000000   -31397.0051536663        0.0000000000      0.29434549
ids [   5   48  139  234  238  239  244  248  249  258  259  264  378  533
  677  679  682  683  684  685  686  687  688  689  690  691  692  694
  695  696  697  698  699  700  701  702  703  704  705  706  707  708
  709  710  711  712  713  714  716  717  719  721  722  724  726  727
  728  729  730  731  732  733  734  735  736  737  738  739  740  741
  742  743  744  745  746  747  748  749  750  751  752  754  755  756
  757  759  761  762  763  764  766  767  769  772  773  774  775  776
  777  778  779  780  781  782  785  786  787  788  790  791  792  793
  795  796  797  799  800  802  805  806  807  811  828  846  891  936
  950  983  988  990 1028 1030 1033 1035 1038 1040 1075 1080]
ids [  7  38  40  43  45  82  84  87  92  94 129 134 274 368 379 384 398 399
 404 668 673 681 693 753 771 783 801 812 816 817 818 819 820 821 822 823
 824 825 826 827 829 830 831 832 833 834 835 836 837 838 839 840 841 842
 843 844 845 847 848 849 851 852 853 854 855 856 857 858 859 861 862 863
 864 865 866 867 868 869 870 871 872 873 874 875 876 877 878 879 880 881
 882 883 884 885 886 887 888 889 890 892 894 896 897 899 901 902 904 906
 907 908 910 911 912 915 916 917 920 921 922 923 925 926 927 929 930 931
 932 934 935 937 939 940 941 942 944 946 948]
ids [ 122  140  173  178  185  220  223  230  265  268  270  318  407  408
  409  412  413  414  415  416  417  418  419  420  421  422  423  424
  425  426  427  428  429  430  431  432  433  434  435  436  437  439
  440  441  442  444  446  447  449  451  452  454  456  457  458  459
  460  461  462  463  464  465  466  467  468  469  470  471  472  473
  474  475  476  477  478  479  480  481  482  483  484  485  486  487
  488  489  491  492  494  496  497  499  502  505  506  507  508  509
  510  511  512  513  514  515  516  517  520  521  522  523  524  525
  526  527  528  530  531  532  536  537  539  541  558  561  588  591
  803  949 1043 1044 1048 1049 1053 1059 1064 1074 1079]
ids [  6 102 107 108 112 117 118 123 133 183 228 275 310 313 315 320 353 355
 358 360 363 365 400 403 411 438 501 542 546 547 548 549 550 551 552 553
 554 555 556 557 559 560 562 563 564 565 566 567 568 569 570 571 572 573
 574 575 576 577 579 581 582 584 586 587 589 592 593 594 595 596 597 598
 599 600 601 602 603 604 605 606 607 608 609 610 611 612 613 614 615 616
 617 618 619 620 621 622 624 626 627 629 631 632 634 635 636 637 639 640
 641 642 645 646 647 648 650 651 652 653 655 656 657 658 660 661 662 665
 666 667 671 672 676 813]
ids [   8   22   66   77   80   95  110  125  138  263  273  503  504  518
  519  529  534  543  663  678  680  715  718  720  723  725  758  760
  765  768  770  810  903  947  952  953  954  955  956  957  958  959
  960  961  962  963  964  965  967  968  969  970  971  972  973  974
  975  976  977  978  979  980  981  982  984  985  986  987  989  991
  992  994  995  996  997  998  999 1000 1001 1002 1003 1004 1005 1006
 1007 1008 1009 1010 1011 1012 1013 1014 1015 1016 1017 1018 1019 1020
 1021 1022 1023 1024 1025 1026 1027 1029 1031 1032 1034 1036 1037 1039
 1041 1042 1045 1046 1047 1050 1051 1052 1054 1055 1056 1057 1058 1060
 1061 1062 1063 1065 1066 1067 1068 1069 1070 1071 1072 1076 1077 1081]
ids [ 137  142  143  144  145  146  147  148  149  150  151  152  154  155
  157  158  159  160  161  162  163  164  165  166  167  169  170  171
  172  174  175  176  177  179  180  181  182  184  187  188  189  190
  191  192  193  194  195  196  197  198  199  200  202  203  204  205
  206  207  208  209  210  211  212  214  215  217  218  219  221  222
  224  225  226  227  229  232  233  235  236  237  240  241  242  243
  245  246  247  250  251  252  253  254  255  256  257  260  261  262
  266  267  269  271  306  348  381  393  396  410  443  445  448  450
  455  490  493  495  500  535  538  540  784  789  794  798  804  808
  809  918  933 1073 1078]
ids [127 141 153 156 168 186 201 213 216 231 272 276 277 278 279 280 281 282
 283 284 285 286 287 288 289 290 291 292 293 294 295 296 297 298 299 300
 301 302 303 304 305 307 308 309 311 312 314 316 317 319 321 322 323 324
 325 326 327 328 329 330 331 332 333 334 335 336 337 338 339 340 341 342
 343 344 345 346 347 349 350 351 352 354 356 357 359 361 362 364 366 367
 369 370 371 372 373 374 375 376 377 380 382 383 385 386 387 388 389 390
 391 392 394 395 397 401 402 405 406 453 498 545 578 580 583 585 590 623
 625 628 630 633 670 675 814 909 913 914 919 924 928 943]
ids [  1   2   3   4   9  10  11  12  13  14  15  16  17  18  19  20  21  23
  24  25  26  27  28  29  30  31  32  33  34  35  36  37  39  41  42  44
  46  47  49  50  51  52  53  54  55  56  57  58  59  60  61  62  63  64
  65  67  68  69  70  71  72  73  74  75  76  78  79  81  83  85  86  88
  89  90  91  93  96  97  98  99 100 101 103 104 105 106 109 111 113 114
 115 116 119 120 121 124 126 128 130 131 132 135 136 544 638 643 644 649
 654 659 664 669 674 815 850 860 893 895 898 900 905 938 945 951 966 993]
17:40:48-INFO: Step 71
17:40:48-DEBUG: Reaction systems: [[None]
 [0]]
17:40:48-DEBUG: rxn_pairs: [array([ 1, 13])]
17:40:48-DEBUG: Starting total colors: 5
17:40:48-DEBUG: Number of systems: 2
17:40:48-DEBUG: New total colors: 5
17:40:48-DEBUG: Potential energy for color 0: -31397.0051536663
ebond 3.129821157084677
ebond 3.129821157084677
ebond 3.129821157084677
ebond 3.129821157084677
ebond 3.129821157084677
17:40:48-DEBUG: Potential energy for color 1: -31396.423198473636
xhy 71 2 1 13
xhy 71 2 1 13
xhy 71 2 1 13
xhy 71 2 1 13
xhy 71 2 1 13
h_pos [ 7.72698576  9.33797731 10.62596387] x_pos [ 6.45700189  8.69500116 10.46497795] y_pos [ 8.17600687 10.59801269 10.41501435]
71 rHY 1.3541819792400176 rHX 1.4325480160248059 0.07836603678478826
h_pos [ 7.72698576  9.33797731 10.62596387] x_pos [ 6.45700189  8.69500116 10.46497795] y_pos [ 8.17600687 10.59801269 10.41501435]
71 rHY 1.3541819792400176 rHX 1.4325480160248059 0.07836603678478826
h_pos [ 7.72698576  9.33797731 10.62596387] x_pos [ 6.45700189  8.69500116 10.46497795] y_pos [ 8.17600687 10.59801269 10.41501435]
71 rHY 1.3541819792400176 rHX 1.4325480160248059 0.07836603678478826
h_pos [ 7.72698576  9.33797731 10.62596387] x_pos [ 6.45700189  8.69500116 10.46497795] y_pos [ 8.17600687 10.59801269 10.41501435]
h_pos [ 7.72698576  9.33797731 10.62596387] x_pos [ 6.45700189  8.69500116 10.46497795] y_pos [ 8.17600687 10.59801269 10.41501435]
71 rHY 1.3541819792400176 rHX 1.4325480160248059 0.07836603678478826
71 rHY 1.3541819792400176 rHX 1.4325480160248059 0.07836603678478826
71 cpl_forces h [ 2.21446724  2.50753964 -0.07889791]
71 cpl_forces h [ 2.21446724  2.50753964 -0.07889791]
71 cpl_forces h [ 2.21446724  2.50753964 -0.07889791]
71 cpl_forces h [ 2.21446724  2.50753964 -0.07889791]
71 cpl_forces x [-1.61166436 -0.81596449 -0.20429808]
71 cpl_forces x [-1.61166436 -0.81596449 -0.20429808]
71 cpl_forces x [-1.61166436 -0.81596449 -0.20429808]
71 cpl_forces x [-1.61166436 -0.81596449 -0.20429808]
71 cpl_forces y [-0.60280287 -1.69157515  0.28319599]
71 cpl_forces y [-0.60280287 -1.69157515  0.28319599]
71 cpl_forces y [-0.60280287 -1.69157515  0.28319599]
71 cpl_forces y [-0.60280287 -1.69157515  0.28319599]
71 cpl_forces h [ 2.21446724  2.50753964 -0.07889791]
17:40:48-DEBUG: System matrix: 
71 cpl_forces x [-1.61166436 -0.81596449 -0.20429808]
71 cpl_forces y [-0.60280287 -1.69157515  0.28319599]
17:40:48-DEBUG: [[-3.13970052e+04  7.24949448e-01]
 [ 7.24949448e-01 -3.13964232e+04]]
17:40:48-DEBUG: Eigen values: 
17:40:48-DEBUG: [-31397.49534165 -31395.93301049]
17:40:48-DEBUG: Occupancies: 
17:40:48-DEBUG: [1. 0.]
17:40:48-INFO: coupling 71 0.7249494475243978
17:40:48-DEBUG: Amplitudes: 
17:40:48-DEBUG: [0.68624579 0.31375421]
17:40:48-INFO: forces0 h [-15.98898695  -7.72742591  -2.43039825]
17:40:48-INFO: forces0 x [17.2203801   6.63041198  1.65325549]
17:40:48-INFO: forces0 y [ 3.34404158 -3.97769832  1.23684097]
17:40:48-INFO: forces1 h [ 3.56385381 12.55407803 -2.64482291]
17:40:48-INFO: forces1 x [ 3.680214    0.19815195 -0.64290461]
17:40:48-INFO: forces1 y [ -1.1761087  -14.89002804   3.0854038 ]
pos h  [ 7.72698576  9.33797731 10.62596387]
pos x  [ 6.45700189  8.69500116 10.46497795]
pos y  [ 8.17600687 10.59801269 10.41501435]
 mixed_cpl_forces: h [-2.05510437 -2.32708599  0.07322006]
 mixed_cpl_forces: x [1.49568186 0.75724407 0.18959589]
 mixed_cpl_forces: y [ 0.55942251  1.56984192 -0.26281595]
17:40:48-INFO: mixed forces h [-11.90930516  -3.69110459  -2.42445483]
17:40:48-INFO: mixed forces x [14.46777781  5.36950737  1.12242147]
17:40:48-INFO: mixed forces y [ 2.4852479  -5.83164583  1.5540194 ]
17:40:48-DEBUG: Minimum eigen value: 
17:40:48-DEBUG: -31397.49534164975
17:40:48-DEBUG: Minimum state: 
17:40:48-DEBUG: 0
        71   -31397.4953416497   -31397.4953416497        0.0000000000   -31397.0051536663        0.0000000000      0.29434549
ids [  1   2   3   4   9  10  11  12  13  14  15  16  17  18  19  20  21  23
  24  25  26  27  28  29  30  31  32  33  34  35  36  37  39  41  42  44
  46  47  49  50  51  52  53  54  55  56  57  58  59  60  61  62  63  64
  65  67  68  69  70  71  72  73  74  75  76  78  79  81  83  85  86  88
  89  90  91  93  96  97  98  99 100 101 103 104 105 106 109 111 113 114
 115 116 119 120 121 124 126 128 130 131 132 135 136 544 638 643 644 649
 654 659 664 669 674 815 850 860 893 895 898 900 905 938 945 951 966 993]
ids [127 141 153 156 168 186 201 213 216 231 272 276 277 278 279 280 281 282
 283 284 285 286 287 288 289 290 291 292 293 294 295 296 297 298 299 300
 301 302 303 304 305 307 308 309 311 312 314 316 317 319 321 322 323 324
 325 326 327 328 329 330 331 332 333 334 335 336 337 338 339 340 341 342
 343 344 345 346 347 349 350 351 352 354 356 357 359 361 362 364 366 367
 369 370 371 372 373 374 375 376 377 380 382 383 385 386 387 388 389 390
 391 392 394 395 397 401 402 405 406 453 498 545 578 580 583 585 590 623
 625 628 630 633 670 675 814 909 913 914 919 924 928 943]
ids [   5   48  139  234  238  239  244  248  249  258  259  264  378  533
  677  679  682  683  684  685  686  687  688  689  690  691  692  694
  695  696  697  698  699  700  701  702  703  704  705  706  707  708
  709  710  711  712  713  714  716  717  719  721  722  724  726  727
  728  729  730  731  732  733  734  735  736  737  738  739  740  741
  742  743  744  745  746  747  748  749  750  751  752  754  755  756
  757  759  761  762  763  764  766  767  769  772  773  774  775  776
  777  778  779  780  781  782  785  786  787  788  790  791  792  793
  795  796  797  799  800  802  805  806  807  811  828  846  891  936
  950  983  988  990 1028 1030 1033 1035 1038 1040 1075 1080]
ids [  7  38  40  43  45  82  84  87  92  94 129 134 274 368 379 384 398 399
 404 668 673 681 693 753 771 783 801 812 816 817 818 819 820 821 822 823
 824 825 826 827 829 830 831 832 833 834 835 836 837 838 839 840 841 842
 843 844 845 847 848 849 851 852 853 854 855 856 857 858 859 861 862 863
 864 865 866 867 868 869 870 871 872 873 874 875 876 877 878 879 880 881
 882 883 884 885 886 887 888 889 890 892 894 896 897 899 901 902 904 906
 907 908 910 911 912 915 916 917 920 921 922 923 925 926 927 929 930 931
 932 934 935 937 939 940 941 942 944 946 948]
ids [ 122  140  173  178  185  220  223  230  265  268  270  318  407  408
  409  412  413  414  415  416  417  418  419  420  421  422  423  424
  425  426  427  428  429  430  431  432  433  434  435  436  437  439
  440  441  442  444  446  447  449  451  452  454  456  457  458  459
  460  461  462  463  464  465  466  467  468  469  470  471  472  473
  474  475  476  477  478  479  480  481  482  483  484  485  486  487
  488  489  491  492  494  496  497  499  502  505  506  507  508  509
  510  511  512  513  514  515  516  517  520  521  522  523  524  525
  526  527  528  530  531  532  536  537  539  541  558  561  588  591
  803  949 1043 1044 1048 1049 1053 1059 1064 1074 1079]
ids [  6 102 107 108 112 117 118 123 133 183 228 275 310 313 315 320 353 355
 358 360 363 365 400 403 411 438 501 542 546 547 548 549 550 551 552 553
 554 555 556 557 559 560 562 563 564 565 566 567 568 569 570 571 572 573
 574 575 576 577 579 581 582 584 586 587 589 592 593 594 595 596 597 598
 599 600 601 602 603 604 605 606 607 608 609 610 611 612 613 614 615 616
 617 618 619 620 621 622 624 626 627 629 631 632 634 635 636 637 639 640
 641 642 645 646 647 648 650 651 652 653 655 656 657 658 660 661 662 665
 666 667 671 672 676 813]
ids [   8   22   66   77   80   95  110  125  138  263  273  503  504  518
  519  529  534  543  663  678  680  715  718  720  723  725  758  760
  765  768  770  810  903  947  952  953  954  955  956  957  958  959
  960  961  962  963  964  965  967  968  969  970  971  972  973  974
  975  976  977  978  979  980  981  982  984  985  986  987  989  991
  992  994  995  996  997  998  999 1000 1001 1002 1003 1004 1005 1006
 1007 1008 1009 1010 1011 1012 1013 1014 1015 1016 1017 1018 1019 1020
 1021 1022 1023 1024 1025 1026 1027 1029 1031 1032 1034 1036 1037 1039
 1041 1042 1045 1046 1047 1050 1051 1052 1054 1055 1056 1057 1058 1060
 1061 1062 1063 1065 1066 1067 1068 1069 1070 1071 1072 1076 1077 1081]
ids [ 137  142  143  144  145  146  147  148  149  150  151  152  154  155
  157  158  159  160  161  162  163  164  165  166  167  169  170  171
  172  174  175  176  177  179  180  181  182  184  187  188  189  190
  191  192  193  194  195  196  197  198  199  200  202  203  204  205
  206  207  208  209  210  211  212  214  215  217  218  219  221  222
  224  225  226  227  229  232  233  235  236  237  240  241  242  243
  245  246  247  250  251  252  253  254  255  256  257  260  261  262
  266  267  269  271  306  348  381  393  396  410  443  445  448  450
  455  490  493  495  500  535  538  540  784  789  794  798  804  808
  809  918  933 1073 1078]
17:40:48-INFO: Step 72
17:40:48-DEBUG: Reaction systems: [[None]
 [0]]
17:40:48-DEBUG: rxn_pairs: [array([ 1, 13])]
17:40:48-DEBUG: Starting total colors: 5
17:40:48-DEBUG: Number of systems: 2
17:40:48-DEBUG: New total colors: 5
17:40:48-DEBUG: Potential energy for color 0: -31397.0051536663
ebond 3.129821157084677
ebond 3.129821157084677
ebond 3.129821157084677
ebond 3.129821157084677
ebond 3.129821157084677
17:40:48-DEBUG: Potential energy for color 1: -31396.423198473636
xhy 72 2 1 13
xhy 72 2 1 13
xhy 72 2 1 13
xhy 72 2 1 13
xhy 72 2 1 13
h_pos [ 7.72698576  9.33797731 10.62596387] x_pos [ 6.45700189  8.69500116 10.46497795] y_pos [ 8.17600687 10.59801269 10.41501435]
h_pos [ 7.72698576  9.33797731 10.62596387] x_pos [ 6.45700189  8.69500116 10.46497795] y_pos [ 8.17600687 10.59801269 10.41501435]
72 rHY 1.3541819792400176 rHX 1.4325480160248059 0.07836603678478826
h_pos [ 7.72698576  9.33797731 10.62596387] x_pos [ 6.45700189  8.69500116 10.46497795] y_pos [ 8.17600687 10.59801269 10.41501435]
72 rHY 1.3541819792400176 rHX 1.4325480160248059 0.07836603678478826
h_pos [ 7.72698576  9.33797731 10.62596387] x_pos [ 6.45700189  8.69500116 10.46497795] y_pos [ 8.17600687 10.59801269 10.41501435]
72 rHY 1.3541819792400176 rHX 1.4325480160248059 0.07836603678478826
h_pos [ 7.72698576  9.33797731 10.62596387] x_pos [ 6.45700189  8.69500116 10.46497795] y_pos [ 8.17600687 10.59801269 10.41501435]
72 rHY 1.3541819792400176 rHX 1.4325480160248059 0.07836603678478826
72 cpl_forces h [ 2.21446724  2.50753964 -0.07889791]
72 cpl_forces h [ 2.21446724  2.50753964 -0.07889791]
72 rHY 1.3541819792400176 rHX 1.4325480160248059 0.07836603678478826
72 cpl_forces h [ 2.21446724  2.50753964 -0.07889791]
72 cpl_forces h [ 2.21446724  2.50753964 -0.07889791]
72 cpl_forces x [-1.61166436 -0.81596449 -0.20429808]
72 cpl_forces x [-1.61166436 -0.81596449 -0.20429808]
72 cpl_forces x [-1.61166436 -0.81596449 -0.20429808]
72 cpl_forces x [-1.61166436 -0.81596449 -0.20429808]
72 cpl_forces y [-0.60280287 -1.69157515  0.28319599]
72 cpl_forces y [-0.60280287 -1.69157515  0.28319599]
72 cpl_forces y [-0.60280287 -1.69157515  0.28319599]
72 cpl_forces y [-0.60280287 -1.69157515  0.28319599]
72 cpl_forces h [ 2.21446724  2.50753964 -0.07889791]
17:40:48-DEBUG: System matrix: 
72 cpl_forces x [-1.61166436 -0.81596449 -0.20429808]
72 cpl_forces y [-0.60280287 -1.69157515  0.28319599]
17:40:48-DEBUG: [[-3.13970052e+04  7.24949448e-01]
 [ 7.24949448e-01 -3.13964232e+04]]
17:40:48-DEBUG: Eigen values: 
17:40:48-DEBUG: [-31397.49534165 -31395.93301049]
17:40:48-DEBUG: Occupancies: 
17:40:48-DEBUG: [1. 0.]
17:40:48-INFO: coupling 72 0.7249494475243978
17:40:48-DEBUG: Amplitudes: 
17:40:48-DEBUG: [0.68624579 0.31375421]
17:40:48-INFO: forces0 h [-15.98898695  -7.72742591  -2.43039825]
17:40:48-INFO: forces0 x [17.2203801   6.63041198  1.65325549]
17:40:48-INFO: forces0 y [ 3.34404158 -3.97769832  1.23684097]
17:40:48-INFO: forces1 h [ 3.56385381 12.55407803 -2.64482291]
17:40:48-INFO: forces1 x [ 3.680214    0.19815195 -0.64290461]
17:40:48-INFO: forces1 y [ -1.1761087  -14.89002804   3.0854038 ]
pos h  [ 7.72698576  9.33797731 10.62596387]
pos x  [ 6.45700189  8.69500116 10.46497795]
pos y  [ 8.17600687 10.59801269 10.41501435]
 mixed_cpl_forces: h [-2.05510437 -2.32708599  0.07322006]
 mixed_cpl_forces: x [1.49568186 0.75724407 0.18959589]
 mixed_cpl_forces: y [ 0.55942251  1.56984192 -0.26281595]
17:40:48-INFO: mixed forces h [-11.90930516  -3.69110459  -2.42445483]
17:40:48-INFO: mixed forces x [14.46777781  5.36950737  1.12242147]
17:40:48-INFO: mixed forces y [ 2.4852479  -5.83164583  1.5540194 ]
17:40:48-DEBUG: Minimum eigen value: 
17:40:48-DEBUG: -31397.49534164975
17:40:48-DEBUG: Minimum state: 
17:40:48-DEBUG: 0
        72   -31397.4953416497   -31397.4953416497        0.0000000000   -31397.0051536663        0.0000000000      0.29579785
ids [   8   22   66   77   80   95  110  125  138  263  273  503  504  518
  519  529  534  543  663  678  680  715  718  720  723  725  758  760
  765  768  770  810  903  947  952  953  954  955  956  957  958  959
  960  961  962  963  964  965  967  968  969  970  971  972  973  974
  975  976  977  978  979  980  981  982  984  985  986  987  989  991
  992  994  995  996  997  998  999 1000 1001 1002 1003 1004 1005 1006
 1007 1008 1009 1010 1011 1012 1013 1014 1015 1016 1017 1018 1019 1020
 1021 1022 1023 1024 1025 1026 1027 1029 1031 1032 1034 1036 1037 1039
 1041 1042 1045 1046 1047 1050 1051 1052 1054 1055 1056 1057 1058 1060
 1061 1062 1063 1065 1066 1067 1068 1069 1070 1071 1072 1076 1077 1081]
ids [  1   2   3   4   9  10  11  12  13  14  15  16  17  18  19  20  21  23
  24  25  26  27  28  29  30  31  32  33  34  35  36  37  39  41  42  44
  46  47  49  50  51  52  53  54  55  56  57  58  59  60  61  62  63  64
  65  67  68  69  70  71  72  73  74  75  76  78  79  81  83  85  86  88
  89  90  91  93  96  97  98  99 100 101 103 104 105 106 109 111 113 114
 115 116 119 120 121 124 126 128 130 131 132 135 136 544 638 643 644 649
 654 659 664 669 674 815 850 860 893 895 898 900 905 938 945 951 966 993]
ids [ 137  142  143  144  145  146  147  148  149  150  151  152  154  155
  157  158  159  160  161  162  163  164  165  166  167  169  170  171
  172  174  175  176  177  179  180  181  182  184  187  188  189  190
  191  192  193  194  195  196  197  198  199  200  202  203  204  205
  206  207  208  209  210  211  212  214  215  217  218  219  221  222
  224  225  226  227  229  232  233  235  236  237  240  241  242  243
  245  246  247  250  251  252  253  254  255  256  257  260  261  262
  266  267  269  271  306  348  381  393  396  410  443  445  448  450
  455  490  493  495  500  535  538  540  784  789  794  798  804  808
  809  918  933 1073 1078]
ids [127 141 153 156 168 186 201 213 216 231 272 276 277 278 279 280 281 282
 283 284 285 286 287 288 289 290 291 292 293 294 295 296 297 298 299 300
 301 302 303 304 305 307 308 309 311 312 314 316 317 319 321 322 323 324
 325 326 327 328 329 330 331 332 333 334 335 336 337 338 339 340 341 342
 343 344 345 346 347 349 350 351 352 354 356 357 359 361 362 364 366 367
 369 370 371 372 373 374 375 376 377 380 382 383 385 386 387 388 389 390
 391 392 394 395 397 401 402 405 406 453 498 545 578 580 583 585 590 623
 625 628 630 633 670 675 814 909 913 914 919 924 928 943]
ids [   5   48  139  234  238  239  244  248  249  258  259  264  378  533
  677  679  682  683  684  685  686  687  688  689  690  691  692  694
  695  696  697  698  699  700  701  702  703  704  705  706  707  708
  709  710  711  712  713  714  716  717  719  721  722  724  726  727
  728  729  730  731  732  733  734  735  736  737  738  739  740  741
  742  743  744  745  746  747  748  749  750  751  752  754  755  756
  757  759  761  762  763  764  766  767  769  772  773  774  775  776
  777  778  779  780  781  782  785  786  787  788  790  791  792  793
  795  796  797  799  800  802  805  806  807  811  828  846  891  936
  950  983  988  990 1028 1030 1033 1035 1038 1040 1075 1080]
ids [  7  38  40  43  45  82  84  87  92  94 129 134 274 368 379 384 398 399
 404 668 673 681 693 753 771 783 801 812 816 817 818 819 820 821 822 823
 824 825 826 827 829 830 831 832 833 834 835 836 837 838 839 840 841 842
 843 844 845 847 848 849 851 852 853 854 855 856 857 858 859 861 862 863
 864 865 866 867 868 869 870 871 872 873 874 875 876 877 878 879 880 881
 882 883 884 885 886 887 888 889 890 892 894 896 897 899 901 902 904 906
 907 908 910 911 912 915 916 917 920 921 922 923 925 926 927 929 930 931
 932 934 935 937 939 940 941 942 944 946 948]
ids [ 122  140  173  178  185  220  223  230  265  268  270  318  407  408
  409  412  413  414  415  416  417  418  419  420  421  422  423  424
  425  426  427  428  429  430  431  432  433  434  435  436  437  439
  440  441  442  444  446  447  449  451  452  454  456  457  458  459
  460  461  462  463  464  465  466  467  468  469  470  471  472  473
  474  475  476  477  478  479  480  481  482  483  484  485  486  487
  488  489  491  492  494  496  497  499  502  505  506  507  508  509
  510  511  512  513  514  515  516  517  520  521  522  523  524  525
  526  527  528  530  531  532  536  537  539  541  558  561  588  591
  803  949 1043 1044 1048 1049 1053 1059 1064 1074 1079]
ids [  6 102 107 108 112 117 118 123 133 183 228 275 310 313 315 320 353 355
 358 360 363 365 400 403 411 438 501 542 546 547 548 549 550 551 552 553
 554 555 556 557 559 560 562 563 564 565 566 567 568 569 570 571 572 573
 574 575 576 577 579 581 582 584 586 587 589 592 593 594 595 596 597 598
 599 600 601 602 603 604 605 606 607 608 609 610 611 612 613 614 615 616
 617 618 619 620 621 622 624 626 627 629 631 632 634 635 636 637 639 640
 641 642 645 646 647 648 650 651 652 653 655 656 657 658 660 661 662 665
 666 667 671 672 676 813]
17:40:48-INFO: Step 73
17:40:48-DEBUG: Reaction systems: [[None]
 [0]]
17:40:48-DEBUG: rxn_pairs: [array([ 1, 13])]
17:40:48-DEBUG: Starting total colors: 5
17:40:48-DEBUG: Number of systems: 2
17:40:48-DEBUG: New total colors: 5
17:40:48-DEBUG: Potential energy for color 0: -31397.0051536663
ebond 3.129821157084677
ebond 3.129821157084677
ebond 3.129821157084677
ebond 3.129821157084677
ebond 3.129821157084677
17:40:48-DEBUG: Potential energy for color 1: -31396.423198473636
xhy 73 2 1 13
xhy 73 2 1 13
xhy 73 2 1 13
xhy 73 2 1 13
xhy 73 2 1 13
h_pos [ 7.72698576  9.33797731 10.62596387] x_pos [ 6.45700189  8.69500116 10.46497795] y_pos [ 8.17600687 10.59801269 10.41501435]
73 rHY 1.3541819792400176 rHX 1.4325480160248059 0.07836603678478826
h_pos [ 7.72698576  9.33797731 10.62596387] x_pos [ 6.45700189  8.69500116 10.46497795] y_pos [ 8.17600687 10.59801269 10.41501435]
73 rHY 1.3541819792400176 rHX 1.4325480160248059 0.07836603678478826
h_pos [ 7.72698576  9.33797731 10.62596387] x_pos [ 6.45700189  8.69500116 10.46497795] y_pos [ 8.17600687 10.59801269 10.41501435]
73 rHY 1.3541819792400176 rHX 1.4325480160248059 0.07836603678478826
h_pos [ 7.72698576  9.33797731 10.62596387] x_pos [ 6.45700189  8.69500116 10.46497795] y_pos [ 8.17600687 10.59801269 10.41501435]
h_pos [ 7.72698576  9.33797731 10.62596387] x_pos [ 6.45700189  8.69500116 10.46497795] y_pos [ 8.17600687 10.59801269 10.41501435]
73 rHY 1.3541819792400176 rHX 1.4325480160248059 0.07836603678478826
73 rHY 1.3541819792400176 rHX 1.4325480160248059 0.07836603678478826
73 cpl_forces h [ 2.21446724  2.50753964 -0.07889791]
73 cpl_forces h [ 2.21446724  2.50753964 -0.07889791]
73 cpl_forces h [ 2.21446724  2.50753964 -0.07889791]
73 cpl_forces h [ 2.21446724  2.50753964 -0.07889791]
73 cpl_forces x [-1.61166436 -0.81596449 -0.20429808]
73 cpl_forces x [-1.61166436 -0.81596449 -0.20429808]
73 cpl_forces x [-1.61166436 -0.81596449 -0.20429808]
73 cpl_forces x [-1.61166436 -0.81596449 -0.20429808]
73 cpl_forces y [-0.60280287 -1.69157515  0.28319599]
73 cpl_forces y [-0.60280287 -1.69157515  0.28319599]
73 cpl_forces y [-0.60280287 -1.69157515  0.28319599]
73 cpl_forces y [-0.60280287 -1.69157515  0.28319599]
73 cpl_forces h [ 2.21446724  2.50753964 -0.07889791]
73 cpl_forces x [-1.61166436 -0.81596449 -0.20429808]
17:40:48-DEBUG: System matrix: 
73 cpl_forces y [-0.60280287 -1.69157515  0.28319599]
17:40:48-DEBUG: [[-3.13970052e+04  7.24949448e-01]
 [ 7.24949448e-01 -3.13964232e+04]]
17:40:48-DEBUG: Eigen values: 
17:40:48-DEBUG: [-31397.49534165 -31395.93301049]
17:40:48-DEBUG: Occupancies: 
17:40:48-DEBUG: [1. 0.]
17:40:48-INFO: coupling 73 0.7249494475243978
17:40:48-DEBUG: Amplitudes: 
17:40:48-DEBUG: [0.68624579 0.31375421]
17:40:48-INFO: forces0 h [-15.98898695  -7.72742591  -2.43039825]
17:40:48-INFO: forces0 x [17.2203801   6.63041198  1.65325549]
17:40:48-INFO: forces0 y [ 3.34404158 -3.97769832  1.23684097]
17:40:48-INFO: forces1 h [ 3.56385381 12.55407803 -2.64482291]
17:40:48-INFO: forces1 x [ 3.680214    0.19815195 -0.64290461]
17:40:48-INFO: forces1 y [ -1.1761087  -14.89002804   3.0854038 ]
pos h  [ 7.72698576  9.33797731 10.62596387]
pos x  [ 6.45700189  8.69500116 10.46497795]
pos y  [ 8.17600687 10.59801269 10.41501435]
 mixed_cpl_forces: h [-2.05510437 -2.32708599  0.07322006]
 mixed_cpl_forces: x [1.49568186 0.75724407 0.18959589]
 mixed_cpl_forces: y [ 0.55942251  1.56984192 -0.26281595]
17:40:48-INFO: mixed forces h [-11.90930516  -3.69110459  -2.42445483]
17:40:48-INFO: mixed forces x [14.46777781  5.36950737  1.12242147]
17:40:48-INFO: mixed forces y [ 2.4852479  -5.83164583  1.5540194 ]
17:40:48-DEBUG: Minimum eigen value: 
17:40:48-DEBUG: -31397.49534164975
17:40:48-DEBUG: Minimum state: 
17:40:48-DEBUG: 0
        73   -31397.4953416497   -31397.4953416497        0.0000000000   -31397.0051536663        0.0000000000      0.29657978
ids [  1   2   3   4   9  10  11  12  13  14  15  16  17  18  19  20  21  23
  24  25  26  27  28  29  30  31  32  33  34  35  36  37  39  41  42  44
  46  47  49  50  51  52  53  54  55  56  57  58  59  60  61  62  63  64
  65  67  68  69  70  71  72  73  74  75  76  78  79  81  83  85  86  88
  89  90  91  93  96  97  98  99 100 101 103 104 105 106 109 111 113 114
 115 116 119 120 121 124 126 128 130 131 132 135 136 544 638 643 644 649
 654 659 664 669 674 815 850 860 893 895 898 900 905 938 945 951 966 993]
ids [  6 102 107 108 112 117 118 123 133 183 228 275 310 313 315 320 353 355
 358 360 363 365 400 403 411 438 501 542 546 547 548 549 550 551 552 553
 554 555 556 557 559 560 562 563 564 565 566 567 568 569 570 571 572 573
 574 575 576 577 579 581 582 584 586 587 589 592 593 594 595 596 597 598
 599 600 601 602 603 604 605 606 607 608 609 610 611 612 613 614 615 616
 617 618 619 620 621 622 624 626 627 629 631 632 634 635 636 637 639 640
 641 642 645 646 647 648 650 651 652 653 655 656 657 658 660 661 662 665
 666 667 671 672 676 813]
ids [ 137  142  143  144  145  146  147  148  149  150  151  152  154  155
  157  158  159  160  161  162  163  164  165  166  167  169  170  171
  172  174  175  176  177  179  180  181  182  184  187  188  189  190
  191  192  193  194  195  196  197  198  199  200  202  203  204  205
  206  207  208  209  210  211  212  214  215  217  218  219  221  222
  224  225  226  227  229  232  233  235  236  237  240  241  242  243
  245  246  247  250  251  252  253  254  255  256  257  260  261  262
  266  267  269  271  306  348  381  393  396  410  443  445  448  450
  455  490  493  495  500  535  538  540  784  789  794  798  804  808
  809  918  933 1073 1078]
ids [127 141 153 156 168 186 201 213 216 231 272 276 277 278 279 280 281 282
 283 284 285 286 287 288 289 290 291 292 293 294 295 296 297 298 299 300
 301 302 303 304 305 307 308 309 311 312 314 316 317 319 321 322 323 324
 325 326 327 328 329 330 331 332 333 334 335 336 337 338 339 340 341 342
 343 344 345 346 347 349 350 351 352 354 356 357 359 361 362 364 366 367
 369 370 371 372 373 374 375 376 377 380 382 383 385 386 387 388 389 390
 391 392 394 395 397 401 402 405 406 453 498 545 578 580 583 585 590 623
 625 628 630 633 670 675 814 909 913 914 919 924 928 943]
ids [   5   48  139  234  238  239  244  248  249  258  259  264  378  533
  677  679  682  683  684  685  686  687  688  689  690  691  692  694
  695  696  697  698  699  700  701  702  703  704  705  706  707  708
  709  710  711  712  713  714  716  717  719  721  722  724  726  727
  728  729  730  731  732  733  734  735  736  737  738  739  740  741
  742  743  744  745  746  747  748  749  750  751  752  754  755  756
  757  759  761  762  763  764  766  767  769  772  773  774  775  776
  777  778  779  780  781  782  785  786  787  788  790  791  792  793
  795  796  797  799  800  802  805  806  807  811  828  846  891  936
  950  983  988  990 1028 1030 1033 1035 1038 1040 1075 1080]
ids [  7  38  40  43  45  82  84  87  92  94 129 134 274 368 379 384 398 399
 404 668 673 681 693 753 771 783 801 812 816 817 818 819 820 821 822 823
 824 825 826 827 829 830 831 832 833 834 835 836 837 838 839 840 841 842
 843 844 845 847 848 849 851 852 853 854 855 856 857 858 859 861 862 863
 864 865 866 867 868 869 870 871 872 873 874 875 876 877 878 879 880 881
 882 883 884 885 886 887 888 889 890 892 894 896 897 899 901 902 904 906
 907 908 910 911 912 915 916 917 920 921 922 923 925 926 927 929 930 931
 932 934 935 937 939 940 941 942 944 946 948]
ids [ 122  140  173  178  185  220  223  230  265  268  270  318  407  408
  409  412  413  414  415  416  417  418  419  420  421  422  423  424
  425  426  427  428  429  430  431  432  433  434  435  436  437  439
  440  441  442  444  446  447  449  451  452  454  456  457  458  459
  460  461  462  463  464  465  466  467  468  469  470  471  472  473
  474  475  476  477  478  479  480  481  482  483  484  485  486  487
  488  489  491  492  494  496  497  499  502  505  506  507  508  509
  510  511  512  513  514  515  516  517  520  521  522  523  524  525
  526  527  528  530  531  532  536  537  539  541  558  561  588  591
  803  949 1043 1044 1048 1049 1053 1059 1064 1074 1079]
ids [   8   22   66   77   80   95  110  125  138  263  273  503  504  518
  519  529  534  543  663  678  680  715  718  720  723  725  758  760
  765  768  770  810  903  947  952  953  954  955  956  957  958  959
  960  961  962  963  964  965  967  968  969  970  971  972  973  974
  975  976  977  978  979  980  981  982  984  985  986  987  989  991
  992  994  995  996  997  998  999 1000 1001 1002 1003 1004 1005 1006
 1007 1008 1009 1010 1011 1012 1013 1014 1015 1016 1017 1018 1019 1020
 1021 1022 1023 1024 1025 1026 1027 1029 1031 1032 1034 1036 1037 1039
 1041 1042 1045 1046 1047 1050 1051 1052 1054 1055 1056 1057 1058 1060
 1061 1062 1063 1065 1066 1067 1068 1069 1070 1071 1072 1076 1077 1081]
17:40:48-INFO: Step 74
17:40:48-DEBUG: Reaction systems: [[None]
 [0]]
17:40:48-DEBUG: rxn_pairs: [array([ 1, 13])]
17:40:48-DEBUG: Starting total colors: 5
17:40:48-DEBUG: Number of systems: 2
17:40:48-DEBUG: New total colors: 5
17:40:48-DEBUG: Potential energy for color 0: -31397.0051536663
ebond 3.129821157084677
ebond 3.129821157084677
ebond 3.129821157084677
ebond 3.129821157084677
ebond 3.129821157084677
17:40:48-DEBUG: Potential energy for color 1: -31396.423198473636
xhy 74 2 1 13
xhy 74 2 1 13
xhy 74 2 1 13
xhy 74 2 1 13
xhy 74 2 1 13
h_pos [ 7.72698576  9.33797731 10.62596387] x_pos [ 6.45700189  8.69500116 10.46497795] y_pos [ 8.17600687 10.59801269 10.41501435]
74 rHY 1.3541819792400176 rHX 1.4325480160248059 0.07836603678478826
h_pos [ 7.72698576  9.33797731 10.62596387] x_pos [ 6.45700189  8.69500116 10.46497795] y_pos [ 8.17600687 10.59801269 10.41501435]
h_pos [ 7.72698576  9.33797731 10.62596387] x_pos [ 6.45700189  8.69500116 10.46497795] y_pos [ 8.17600687 10.59801269 10.41501435]
74 rHY 1.3541819792400176 rHX 1.4325480160248059 0.07836603678478826
h_pos [ 7.72698576  9.33797731 10.62596387] x_pos [ 6.45700189  8.69500116 10.46497795] y_pos [ 8.17600687 10.59801269 10.41501435]
74 rHY 1.3541819792400176 rHX 1.4325480160248059 0.07836603678478826
h_pos [ 7.72698576  9.33797731 10.62596387] x_pos [ 6.45700189  8.69500116 10.46497795] y_pos [ 8.17600687 10.59801269 10.41501435]
74 rHY 1.3541819792400176 rHX 1.4325480160248059 0.07836603678478826
74 rHY 1.3541819792400176 rHX 1.4325480160248059 0.07836603678478826
74 cpl_forces h [ 2.21446724  2.50753964 -0.07889791]
74 cpl_forces h [ 2.21446724  2.50753964 -0.07889791]
74 cpl_forces h [ 2.21446724  2.50753964 -0.07889791]
74 cpl_forces h [ 2.21446724  2.50753964 -0.07889791]
74 cpl_forces x [-1.61166436 -0.81596449 -0.20429808]
74 cpl_forces x [-1.61166436 -0.81596449 -0.20429808]
74 cpl_forces x [-1.61166436 -0.81596449 -0.20429808]
74 cpl_forces x [-1.61166436 -0.81596449 -0.20429808]
74 cpl_forces y [-0.60280287 -1.69157515  0.28319599]
74 cpl_forces y [-0.60280287 -1.69157515  0.28319599]
74 cpl_forces y [-0.60280287 -1.69157515  0.28319599]
74 cpl_forces y [-0.60280287 -1.69157515  0.28319599]
74 cpl_forces h [ 2.21446724  2.50753964 -0.07889791]
17:40:48-DEBUG: System matrix: 
74 cpl_forces x [-1.61166436 -0.81596449 -0.20429808]
74 cpl_forces y [-0.60280287 -1.69157515  0.28319599]
17:40:48-DEBUG: [[-3.13970052e+04  7.24949448e-01]
 [ 7.24949448e-01 -3.13964232e+04]]
17:40:48-DEBUG: Eigen values: 
17:40:48-DEBUG: [-31397.49534165 -31395.93301049]
17:40:48-DEBUG: Occupancies: 
17:40:48-DEBUG: [1. 0.]
17:40:48-INFO: coupling 74 0.7249494475243978
17:40:48-DEBUG: Amplitudes: 
17:40:48-DEBUG: [0.68624579 0.31375421]
17:40:48-INFO: forces0 h [-15.98898695  -7.72742591  -2.43039825]
17:40:48-INFO: forces0 x [17.2203801   6.63041198  1.65325549]
17:40:48-INFO: forces0 y [ 3.34404158 -3.97769832  1.23684097]
17:40:48-INFO: forces1 h [ 3.56385381 12.55407803 -2.64482291]
17:40:48-INFO: forces1 x [ 3.680214    0.19815195 -0.64290461]
17:40:48-INFO: forces1 y [ -1.1761087  -14.89002804   3.0854038 ]
pos h  [ 7.72698576  9.33797731 10.62596387]
pos x  [ 6.45700189  8.69500116 10.46497795]
pos y  [ 8.17600687 10.59801269 10.41501435]
 mixed_cpl_forces: h [-2.05510437 -2.32708599  0.07322006]
 mixed_cpl_forces: x [1.49568186 0.75724407 0.18959589]
 mixed_cpl_forces: y [ 0.55942251  1.56984192 -0.26281595]
17:40:48-INFO: mixed forces h [-11.90930516  -3.69110459  -2.42445483]
17:40:48-INFO: mixed forces x [14.46777781  5.36950737  1.12242147]
17:40:48-INFO: mixed forces y [ 2.4852479  -5.83164583  1.5540194 ]
17:40:48-DEBUG: Minimum eigen value: 
17:40:48-DEBUG: -31397.49534164975
17:40:48-DEBUG: Minimum state: 
17:40:48-DEBUG: 0
        74   -31397.4953416497   -31397.4953416497        0.0000000000   -31397.0051536663        0.0000000000      0.29560482
ids [  7  38  40  43  45  82  84  87  92  94 129 134 274 368 379 384 398 399
 404 668 673 681 693 753 771 783 801 812 816 817 818 819 820 821 822 823
 824 825 826 827 829 830 831 832 833 834 835 836 837 838 839 840 841 842
 843 844 845 847 848 849 851 852 853 854 855 856 857 858 859 861 862 863
 864 865 866 867 868 869 870 871 872 873 874 875 876 877 878 879 880 881
 882 883 884 885 886 887 888 889 890 892 894 896 897 899 901 902 904 906
 907 908 910 911 912 915 916 917 920 921 922 923 925 926 927 929 930 931
 932 934 935 937 939 940 941 942 944 946 948]
ids [ 122  140  173  178  185  220  223  230  265  268  270  318  407  408
  409  412  413  414  415  416  417  418  419  420  421  422  423  424
  425  426  427  428  429  430  431  432  433  434  435  436  437  439
  440  441  442  444  446  447  449  451  452  454  456  457  458  459
  460  461  462  463  464  465  466  467  468  469  470  471  472  473
  474  475  476  477  478  479  480  481  482  483  484  485  486  487
  488  489  491  492  494  496  497  499  502  505  506  507  508  509
  510  511  512  513  514  515  516  517  520  521  522  523  524  525
  526  527  528  530  531  532  536  537  539  541  558  561  588  591
  803  949 1043 1044 1048 1049 1053 1059 1064 1074 1079]
ids [  1   2   3   4   9  10  11  12  13  14  15  16  17  18  19  20  21  23
  24  25  26  27  28  29  30  31  32  33  34  35  36  37  39  41  42  44
  46  47  49  50  51  52  53  54  55  56  57  58  59  60  61  62  63  64
  65  67  68  69  70  71  72  73  74  75  76  78  79  81  83  85  86  88
  89  90  91  93  96  97  98  99 100 101 103 104 105 106 109 111 113 114
 115 116 119 120 121 124 126 128 130 131 132 135 136 544 638 643 644 649
 654 659 664 669 674 815 850 860 893 895 898 900 905 938 945 951 966 993]
ids [   8   22   66   77   80   95  110  125  138  263  273  503  504  518
  519  529  534  543  663  678  680  715  718  720  723  725  758  760
  765  768  770  810  903  947  952  953  954  955  956  957  958  959
  960  961  962  963  964  965  967  968  969  970  971  972  973  974
  975  976  977  978  979  980  981  982  984  985  986  987  989  991
  992  994  995  996  997  998  999 1000 1001 1002 1003 1004 1005 1006
 1007 1008 1009 1010 1011 1012 1013 1014 1015 1016 1017 1018 1019 1020
 1021 1022 1023 1024 1025 1026 1027 1029 1031 1032 1034 1036 1037 1039
 1041 1042 1045 1046 1047 1050 1051 1052 1054 1055 1056 1057 1058 1060
 1061 1062 1063 1065 1066 1067 1068 1069 1070 1071 1072 1076 1077 1081]
ids [  6 102 107 108 112 117 118 123 133 183 228 275 310 313 315 320 353 355
 358 360 363 365 400 403 411 438 501 542 546 547 548 549 550 551 552 553
 554 555 556 557 559 560 562 563 564 565 566 567 568 569 570 571 572 573
 574 575 576 577 579 581 582 584 586 587 589 592 593 594 595 596 597 598
 599 600 601 602 603 604 605 606 607 608 609 610 611 612 613 614 615 616
 617 618 619 620 621 622 624 626 627 629 631 632 634 635 636 637 639 640
 641 642 645 646 647 648 650 651 652 653 655 656 657 658 660 661 662 665
 666 667 671 672 676 813]
ids [ 137  142  143  144  145  146  147  148  149  150  151  152  154  155
  157  158  159  160  161  162  163  164  165  166  167  169  170  171
  172  174  175  176  177  179  180  181  182  184  187  188  189  190
  191  192  193  194  195  196  197  198  199  200  202  203  204  205
  206  207  208  209  210  211  212  214  215  217  218  219  221  222
  224  225  226  227  229  232  233  235  236  237  240  241  242  243
  245  246  247  250  251  252  253  254  255  256  257  260  261  262
  266  267  269  271  306  348  381  393  396  410  443  445  448  450
  455  490  493  495  500  535  538  540  784  789  794  798  804  808
  809  918  933 1073 1078]
ids [127 141 153 156 168 186 201 213 216 231 272 276 277 278 279 280 281 282
 283 284 285 286 287 288 289 290 291 292 293 294 295 296 297 298 299 300
 301 302 303 304 305 307 308 309 311 312 314 316 317 319 321 322 323 324
 325 326 327 328 329 330 331 332 333 334 335 336 337 338 339 340 341 342
 343 344 345 346 347 349 350 351 352 354 356 357 359 361 362 364 366 367
 369 370 371 372 373 374 375 376 377 380 382 383 385 386 387 388 389 390
 391 392 394 395 397 401 402 405 406 453 498 545 578 580 583 585 590 623
 625 628 630 633 670 675 814 909 913 914 919 924 928 943]
ids [   5   48  139  234  238  239  244  248  249  258  259  264  378  533
  677  679  682  683  684  685  686  687  688  689  690  691  692  694
  695  696  697  698  699  700  701  702  703  704  705  706  707  708
  709  710  711  712  713  714  716  717  719  721  722  724  726  727
  728  729  730  731  732  733  734  735  736  737  738  739  740  741
  742  743  744  745  746  747  748  749  750  751  752  754  755  756
  757  759  761  762  763  764  766  767  769  772  773  774  775  776
  777  778  779  780  781  782  785  786  787  788  790  791  792  793
  795  796  797  799  800  802  805  806  807  811  828  846  891  936
  950  983  988  990 1028 1030 1033 1035 1038 1040 1075 1080]
17:40:48-INFO: Step 75
17:40:48-DEBUG: Reaction systems: [[None]
 [0]]
17:40:48-DEBUG: rxn_pairs: [array([ 1, 13])]
17:40:48-DEBUG: Starting total colors: 5
17:40:48-DEBUG: Number of systems: 2
17:40:48-DEBUG: New total colors: 5
17:40:48-DEBUG: Potential energy for color 0: -31397.0051536663
ebond 3.129821157084677
ebond 3.129821157084677
ebond 3.129821157084677
ebond 3.129821157084677
ebond 3.129821157084677
17:40:48-DEBUG: Potential energy for color 1: -31396.423198473636
xhy 75 2 1 13
xhy 75 2 1 13
xhy 75 2 1 13
xhy 75 2 1 13
xhy 75 2 1 13
h_pos [ 7.72698576  9.33797731 10.62596387] x_pos [ 6.45700189  8.69500116 10.46497795] y_pos [ 8.17600687 10.59801269 10.41501435]
h_pos [ 7.72698576  9.33797731 10.62596387] x_pos [ 6.45700189  8.69500116 10.46497795] y_pos [ 8.17600687 10.59801269 10.41501435]
75 rHY 1.3541819792400176 rHX 1.4325480160248059 0.07836603678478826
h_pos [ 7.72698576  9.33797731 10.62596387] x_pos [ 6.45700189  8.69500116 10.46497795] y_pos [ 8.17600687 10.59801269 10.41501435]
75 rHY 1.3541819792400176 rHX 1.4325480160248059 0.07836603678478826
h_pos [ 7.72698576  9.33797731 10.62596387] x_pos [ 6.45700189  8.69500116 10.46497795] y_pos [ 8.17600687 10.59801269 10.41501435]
75 rHY 1.3541819792400176 rHX 1.4325480160248059 0.07836603678478826
h_pos [ 7.72698576  9.33797731 10.62596387] x_pos [ 6.45700189  8.69500116 10.46497795] y_pos [ 8.17600687 10.59801269 10.41501435]
75 rHY 1.3541819792400176 rHX 1.4325480160248059 0.07836603678478826
75 rHY 1.3541819792400176 rHX 1.4325480160248059 0.07836603678478826
75 cpl_forces h [ 2.21446724  2.50753964 -0.07889791]
75 cpl_forces h [ 2.21446724  2.50753964 -0.07889791]
75 cpl_forces h [ 2.21446724  2.50753964 -0.07889791]
75 cpl_forces h [ 2.21446724  2.50753964 -0.07889791]
75 cpl_forces x [-1.61166436 -0.81596449 -0.20429808]
75 cpl_forces x [-1.61166436 -0.81596449 -0.20429808]
75 cpl_forces x [-1.61166436 -0.81596449 -0.20429808]
75 cpl_forces x [-1.61166436 -0.81596449 -0.20429808]
75 cpl_forces y [-0.60280287 -1.69157515  0.28319599]
75 cpl_forces y [-0.60280287 -1.69157515  0.28319599]
75 cpl_forces y [-0.60280287 -1.69157515  0.28319599]
75 cpl_forces y [-0.60280287 -1.69157515  0.28319599]
75 cpl_forces h [ 2.21446724  2.50753964 -0.07889791]
75 cpl_forces x [-1.61166436 -0.81596449 -0.20429808]
17:40:48-DEBUG: System matrix: 
75 cpl_forces y [-0.60280287 -1.69157515  0.28319599]
17:40:48-DEBUG: [[-3.13970052e+04  7.24949448e-01]
 [ 7.24949448e-01 -3.13964232e+04]]
17:40:48-DEBUG: Eigen values: 
17:40:48-DEBUG: [-31397.49534165 -31395.93301049]
17:40:48-DEBUG: Occupancies: 
17:40:48-DEBUG: [1. 0.]
17:40:48-INFO: coupling 75 0.7249494475243978
17:40:48-DEBUG: Amplitudes: 
17:40:48-DEBUG: [0.68624579 0.31375421]
17:40:48-INFO: forces0 h [-15.98898695  -7.72742591  -2.43039825]
17:40:48-INFO: forces0 x [17.2203801   6.63041198  1.65325549]
17:40:48-INFO: forces0 y [ 3.34404158 -3.97769832  1.23684097]
17:40:48-INFO: forces1 h [ 3.56385381 12.55407803 -2.64482291]
17:40:48-INFO: forces1 x [ 3.680214    0.19815195 -0.64290461]
17:40:48-INFO: forces1 y [ -1.1761087  -14.89002804   3.0854038 ]
pos h  [ 7.72698576  9.33797731 10.62596387]
pos x  [ 6.45700189  8.69500116 10.46497795]
pos y  [ 8.17600687 10.59801269 10.41501435]
 mixed_cpl_forces: h [-2.05510437 -2.32708599  0.07322006]
 mixed_cpl_forces: x [1.49568186 0.75724407 0.18959589]
 mixed_cpl_forces: y [ 0.55942251  1.56984192 -0.26281595]
17:40:48-INFO: mixed forces h [-11.90930516  -3.69110459  -2.42445483]
17:40:48-INFO: mixed forces x [14.46777781  5.36950737  1.12242147]
17:40:48-INFO: mixed forces y [ 2.4852479  -5.83164583  1.5540194 ]
17:40:48-DEBUG: Minimum eigen value: 
17:40:48-DEBUG: -31397.49534164975
17:40:48-DEBUG: Minimum state: 
17:40:48-DEBUG: 0
        75   -31397.4953416497   -31397.4953416497        0.0000000000   -31397.0051536663        0.0000000000      0.29475009
ids [   5   48  139  234  238  239  244  248  249  258  259  264  378  533
  677  679  682  683  684  685  686  687  688  689  690  691  692  694
  695  696  697  698  699  700  701  702  703  704  705  706  707  708
  709  710  711  712  713  714  716  717  719  721  722  724  726  727
  728  729  730  731  732  733  734  735  736  737  738  739  740  741
  742  743  744  745  746  747  748  749  750  751  752  754  755  756
  757  759  761  762  763  764  766  767  769  772  773  774  775  776
  777  778  779  780  781  782  785  786  787  788  790  791  792  793
  795  796  797  799  800  802  805  806  807  811  828  846  891  936
  950  983  988  990 1028 1030 1033 1035 1038 1040 1075 1080]
ids [   8   22   66   77   80   95  110  125  138  263  273  503  504  518
  519  529  534  543  663  678  680  715  718  720  723  725  758  760
  765  768  770  810  903  947  952  953  954  955  956  957  958  959
  960  961  962  963  964  965  967  968  969  970  971  972  973  974
  975  976  977  978  979  980  981  982  984  985  986  987  989  991
  992  994  995  996  997  998  999 1000 1001 1002 1003 1004 1005 1006
 1007 1008 1009 1010 1011 1012 1013 1014 1015 1016 1017 1018 1019 1020
 1021 1022 1023 1024 1025 1026 1027 1029 1031 1032 1034 1036 1037 1039
 1041 1042 1045 1046 1047 1050 1051 1052 1054 1055 1056 1057 1058 1060
 1061 1062 1063 1065 1066 1067 1068 1069 1070 1071 1072 1076 1077 1081]
ids [  6 102 107 108 112 117 118 123 133 183 228 275 310 313 315 320 353 355
 358 360 363 365 400 403 411 438 501 542 546 547 548 549 550 551 552 553
 554 555 556 557 559 560 562 563 564 565 566 567 568 569 570 571 572 573
 574 575 576 577 579 581 582 584 586 587 589 592 593 594 595 596 597 598
 599 600 601 602 603 604 605 606 607 608 609 610 611 612 613 614 615 616
 617 618 619 620 621 622 624 626 627 629 631 632 634 635 636 637 639 640
 641 642 645 646 647 648 650 651 652 653 655 656 657 658 660 661 662 665
 666 667 671 672 676 813]
ids [ 137  142  143  144  145  146  147  148  149  150  151  152  154  155
  157  158  159  160  161  162  163  164  165  166  167  169  170  171
  172  174  175  176  177  179  180  181  182  184  187  188  189  190
  191  192  193  194  195  196  197  198  199  200  202  203  204  205
  206  207  208  209  210  211  212  214  215  217  218  219  221  222
  224  225  226  227  229  232  233  235  236  237  240  241  242  243
  245  246  247  250  251  252  253  254  255  256  257  260  261  262
  266  267  269  271  306  348  381  393  396  410  443  445  448  450
  455  490  493  495  500  535  538  540  784  789  794  798  804  808
  809  918  933 1073 1078]
ids [127 141 153 156 168 186 201 213 216 231 272 276 277 278 279 280 281 282
 283 284 285 286 287 288 289 290 291 292 293 294 295 296 297 298 299 300
 301 302 303 304 305 307 308 309 311 312 314 316 317 319 321 322 323 324
 325 326 327 328 329 330 331 332 333 334 335 336 337 338 339 340 341 342
 343 344 345 346 347 349 350 351 352 354 356 357 359 361 362 364 366 367
 369 370 371 372 373 374 375 376 377 380 382 383 385 386 387 388 389 390
 391 392 394 395 397 401 402 405 406 453 498 545 578 580 583 585 590 623
 625 628 630 633 670 675 814 909 913 914 919 924 928 943]
ids [ 122  140  173  178  185  220  223  230  265  268  270  318  407  408
  409  412  413  414  415  416  417  418  419  420  421  422  423  424
  425  426  427  428  429  430  431  432  433  434  435  436  437  439
  440  441  442  444  446  447  449  451  452  454  456  457  458  459
  460  461  462  463  464  465  466  467  468  469  470  471  472  473
  474  475  476  477  478  479  480  481  482  483  484  485  486  487
  488  489  491  492  494  496  497  499  502  505  506  507  508  509
  510  511  512  513  514  515  516  517  520  521  522  523  524  525
  526  527  528  530  531  532  536  537  539  541  558  561  588  591
  803  949 1043 1044 1048 1049 1053 1059 1064 1074 1079]
ids [  7  38  40  43  45  82  84  87  92  94 129 134 274 368 379 384 398 399
 404 668 673 681 693 753 771 783 801 812 816 817 818 819 820 821 822 823
 824 825 826 827 829 830 831 832 833 834 835 836 837 838 839 840 841 842
 843 844 845 847 848 849 851 852 853 854 855 856 857 858 859 861 862 863
 864 865 866 867 868 869 870 871 872 873 874 875 876 877 878 879 880 881
 882 883 884 885 886 887 888 889 890 892 894 896 897 899 901 902 904 906
 907 908 910 911 912 915 916 917 920 921 922 923 925 926 927 929 930 931
 932 934 935 937 939 940 941 942 944 946 948]
ids [  1   2   3   4   9  10  11  12  13  14  15  16  17  18  19  20  21  23
  24  25  26  27  28  29  30  31  32  33  34  35  36  37  39  41  42  44
  46  47  49  50  51  52  53  54  55  56  57  58  59  60  61  62  63  64
  65  67  68  69  70  71  72  73  74  75  76  78  79  81  83  85  86  88
  89  90  91  93  96  97  98  99 100 101 103 104 105 106 109 111 113 114
 115 116 119 120 121 124 126 128 130 131 132 135 136 544 638 643 644 649
 654 659 664 669 674 815 850 860 893 895 898 900 905 938 945 951 966 993]
17:40:48-INFO: Step 76
17:40:48-DEBUG: Reaction systems: [[None]
 [0]]
17:40:48-DEBUG: rxn_pairs: [array([ 1, 13])]
17:40:48-DEBUG: Starting total colors: 5
17:40:48-DEBUG: Number of systems: 2
17:40:48-DEBUG: New total colors: 5
17:40:48-DEBUG: Potential energy for color 0: -31397.0051536663
ebond 3.129821157084677
ebond 3.129821157084677
ebond 3.129821157084677
ebond 3.129821157084677
ebond 3.129821157084677
17:40:48-DEBUG: Potential energy for color 1: -31396.423198473636
xhy 76 2 1 13
xhy 76 2 1 13
xhy 76 2 1 13
xhy 76 2 1 13
xhy 76 2 1 13
h_pos [ 7.72698576  9.33797731 10.62596387] x_pos [ 6.45700189  8.69500116 10.46497795] y_pos [ 8.17600687 10.59801269 10.41501435]
76 rHY 1.3541819792400176 rHX 1.4325480160248059 0.07836603678478826
h_pos [ 7.72698576  9.33797731 10.62596387] x_pos [ 6.45700189  8.69500116 10.46497795] y_pos [ 8.17600687 10.59801269 10.41501435]
h_pos [ 7.72698576  9.33797731 10.62596387] x_pos [ 6.45700189  8.69500116 10.46497795] y_pos [ 8.17600687 10.59801269 10.41501435]
h_pos [ 7.72698576  9.33797731 10.62596387] x_pos [ 6.45700189  8.69500116 10.46497795] y_pos [ 8.17600687 10.59801269 10.41501435]
76 rHY 1.3541819792400176 rHX 1.4325480160248059 0.07836603678478826
76 rHY 1.3541819792400176 rHX 1.4325480160248059 0.07836603678478826
h_pos [ 7.72698576  9.33797731 10.62596387] x_pos [ 6.45700189  8.69500116 10.46497795] y_pos [ 8.17600687 10.59801269 10.41501435]
76 rHY 1.3541819792400176 rHX 1.4325480160248059 0.07836603678478826
76 cpl_forces h [ 2.21446724  2.50753964 -0.07889791]
76 rHY 1.3541819792400176 rHX 1.4325480160248059 0.07836603678478826
76 cpl_forces h [ 2.21446724  2.50753964 -0.07889791]
76 cpl_forces h [ 2.21446724  2.50753964 -0.07889791]
76 cpl_forces h [ 2.21446724  2.50753964 -0.07889791]
76 cpl_forces x [-1.61166436 -0.81596449 -0.20429808]
76 cpl_forces x [-1.61166436 -0.81596449 -0.20429808]
76 cpl_forces y [-0.60280287 -1.69157515  0.28319599]
76 cpl_forces x [-1.61166436 -0.81596449 -0.20429808]
76 cpl_forces x [-1.61166436 -0.81596449 -0.20429808]
76 cpl_forces y [-0.60280287 -1.69157515  0.28319599]
76 cpl_forces y [-0.60280287 -1.69157515  0.28319599]
76 cpl_forces y [-0.60280287 -1.69157515  0.28319599]
76 cpl_forces h [ 2.21446724  2.50753964 -0.07889791]
17:40:48-DEBUG: System matrix: 
76 cpl_forces x [-1.61166436 -0.81596449 -0.20429808]
17:40:48-DEBUG: [[-3.13970052e+04  7.24949448e-01]
 [ 7.24949448e-01 -3.13964232e+04]]
17:40:48-DEBUG: Eigen values: 
76 cpl_forces y [-0.60280287 -1.69157515  0.28319599]
17:40:48-DEBUG: [-31397.49534165 -31395.93301049]
17:40:48-DEBUG: Occupancies: 
17:40:48-DEBUG: [1. 0.]
17:40:48-INFO: coupling 76 0.7249494475243978
17:40:48-DEBUG: Amplitudes: 
17:40:48-DEBUG: [0.68624579 0.31375421]
17:40:48-INFO: forces0 h [-15.98898695  -7.72742591  -2.43039825]
17:40:48-INFO: forces0 x [17.2203801   6.63041198  1.65325549]
17:40:48-INFO: forces0 y [ 3.34404158 -3.97769832  1.23684097]
17:40:48-INFO: forces1 h [ 3.56385381 12.55407803 -2.64482291]
17:40:48-INFO: forces1 x [ 3.680214    0.19815195 -0.64290461]
17:40:48-INFO: forces1 y [ -1.1761087  -14.89002804   3.0854038 ]
pos h  [ 7.72698576  9.33797731 10.62596387]
pos x  [ 6.45700189  8.69500116 10.46497795]
pos y  [ 8.17600687 10.59801269 10.41501435]
 mixed_cpl_forces: h [-2.05510437 -2.32708599  0.07322006]
 mixed_cpl_forces: x [1.49568186 0.75724407 0.18959589]
 mixed_cpl_forces: y [ 0.55942251  1.56984192 -0.26281595]
17:40:48-INFO: mixed forces h [-11.90930516  -3.69110459  -2.42445483]
17:40:48-INFO: mixed forces x [14.46777781  5.36950737  1.12242147]
17:40:48-INFO: mixed forces y [ 2.4852479  -5.83164583  1.5540194 ]
17:40:48-DEBUG: Minimum eigen value: 
17:40:48-DEBUG: -31397.49534164975
17:40:48-DEBUG: Minimum state: 
17:40:48-DEBUG: 0
        76   -31397.4953416497   -31397.4953416497        0.0000000000   -31397.0051536663        0.0000000000      0.29422600
ids [  7  38  40  43  45  82  84  87  92  94 129 134 274 368 379 384 398 399
 404 668 673 681 693 753 771 783 801 812 816 817 818 819 820 821 822 823
 824 825 826 827 829 830 831 832 833 834 835 836 837 838 839 840 841 842
 843 844 845 847 848 849 851 852 853 854 855 856 857 858 859 861 862 863
 864 865 866 867 868 869 870 871 872 873 874 875 876 877 878 879 880 881
 882 883 884 885 886 887 888 889 890 892 894 896 897 899 901 902 904 906
 907 908 910 911 912 915 916 917 920 921 922 923 925 926 927 929 930 931
 932 934 935 937 939 940 941 942 944 946 948]
ids [   8   22   66   77   80   95  110  125  138  263  273  503  504  518
  519  529  534  543  663  678  680  715  718  720  723  725  758  760
  765  768  770  810  903  947  952  953  954  955  956  957  958  959
  960  961  962  963  964  965  967  968  969  970  971  972  973  974
  975  976  977  978  979  980  981  982  984  985  986  987  989  991
  992  994  995  996  997  998  999 1000 1001 1002 1003 1004 1005 1006
 1007 1008 1009 1010 1011 1012 1013 1014 1015 1016 1017 1018 1019 1020
 1021 1022 1023 1024 1025 1026 1027 1029 1031 1032 1034 1036 1037 1039
 1041 1042 1045 1046 1047 1050 1051 1052 1054 1055 1056 1057 1058 1060
 1061 1062 1063 1065 1066 1067 1068 1069 1070 1071 1072 1076 1077 1081]
ids [  6 102 107 108 112 117 118 123 133 183 228 275 310 313 315 320 353 355
 358 360 363 365 400 403 411 438 501 542 546 547 548 549 550 551 552 553
 554 555 556 557 559 560 562 563 564 565 566 567 568 569 570 571 572 573
 574 575 576 577 579 581 582 584 586 587 589 592 593 594 595 596 597 598
 599 600 601 602 603 604 605 606 607 608 609 610 611 612 613 614 615 616
 617 618 619 620 621 622 624 626 627 629 631 632 634 635 636 637 639 640
 641 642 645 646 647 648 650 651 652 653 655 656 657 658 660 661 662 665
 666 667 671 672 676 813]
ids [ 137  142  143  144  145  146  147  148  149  150  151  152  154  155
  157  158  159  160  161  162  163  164  165  166  167  169  170  171
  172  174  175  176  177  179  180  181  182  184  187  188  189  190
  191  192  193  194  195  196  197  198  199  200  202  203  204  205
  206  207  208  209  210  211  212  214  215  217  218  219  221  222
  224  225  226  227  229  232  233  235  236  237  240  241  242  243
  245  246  247  250  251  252  253  254  255  256  257  260  261  262
  266  267  269  271  306  348  381  393  396  410  443  445  448  450
  455  490  493  495  500  535  538  540  784  789  794  798  804  808
  809  918  933 1073 1078]
ids [ 122  140  173  178  185  220  223  230  265  268  270  318  407  408
  409  412  413  414  415  416  417  418  419  420  421  422  423  424
  425  426  427  428  429  430  431  432  433  434  435  436  437  439
  440  441  442  444  446  447  449  451  452  454  456  457  458  459
  460  461  462  463  464  465  466  467  468  469  470  471  472  473
  474  475  476  477  478  479  480  481  482  483  484  485  486  487
  488  489  491  492  494  496  497  499  502  505  506  507  508  509
  510  511  512  513  514  515  516  517  520  521  522  523  524  525
  526  527  528  530  531  532  536  537  539  541  558  561  588  591
  803  949 1043 1044 1048 1049 1053 1059 1064 1074 1079]
ids [  1   2   3   4   9  10  11  12  13  14  15  16  17  18  19  20  21  23
  24  25  26  27  28  29  30  31  32  33  34  35  36  37  39  41  42  44
  46  47  49  50  51  52  53  54  55  56  57  58  59  60  61  62  63  64
  65  67  68  69  70  71  72  73  74  75  76  78  79  81  83  85  86  88
  89  90  91  93  96  97  98  99 100 101 103 104 105 106 109 111 113 114
 115 116 119 120 121 124 126 128 130 131 132 135 136 544 638 643 644 649
 654 659 664 669 674 815 850 860 893 895 898 900 905 938 945 951 966 993]
ids [   5   48  139  234  238  239  244  248  249  258  259  264  378  533
  677  679  682  683  684  685  686  687  688  689  690  691  692  694
  695  696  697  698  699  700  701  702  703  704  705  706  707  708
  709  710  711  712  713  714  716  717  719  721  722  724  726  727
  728  729  730  731  732  733  734  735  736  737  738  739  740  741
  742  743  744  745  746  747  748  749  750  751  752  754  755  756
  757  759  761  762  763  764  766  767  769  772  773  774  775  776
  777  778  779  780  781  782  785  786  787  788  790  791  792  793
  795  796  797  799  800  802  805  806  807  811  828  846  891  936
  950  983  988  990 1028 1030 1033 1035 1038 1040 1075 1080]
ids [127 141 153 156 168 186 201 213 216 231 272 276 277 278 279 280 281 282
 283 284 285 286 287 288 289 290 291 292 293 294 295 296 297 298 299 300
 301 302 303 304 305 307 308 309 311 312 314 316 317 319 321 322 323 324
 325 326 327 328 329 330 331 332 333 334 335 336 337 338 339 340 341 342
 343 344 345 346 347 349 350 351 352 354 356 357 359 361 362 364 366 367
 369 370 371 372 373 374 375 376 377 380 382 383 385 386 387 388 389 390
 391 392 394 395 397 401 402 405 406 453 498 545 578 580 583 585 590 623
 625 628 630 633 670 675 814 909 913 914 919 924 928 943]
17:40:48-INFO: Step 77
17:40:48-DEBUG: Reaction systems: [[None]
 [0]]
17:40:48-DEBUG: rxn_pairs: [array([ 1, 13])]
17:40:48-DEBUG: Starting total colors: 5
17:40:48-DEBUG: Number of systems: 2
17:40:48-DEBUG: New total colors: 5
17:40:48-DEBUG: Potential energy for color 0: -31397.0051536663
ebond 3.129821157084677
ebond 3.129821157084677
ebond 3.129821157084677
ebond 3.129821157084677
ebond 3.129821157084677
17:40:48-DEBUG: Potential energy for color 1: -31396.423198473636
xhy 77 2 1 13
xhy 77 2 1 13
xhy 77 2 1 13
xhy 77 2 1 13
xhy 77 2 1 13
h_pos [ 7.72698576  9.33797731 10.62596387] x_pos [ 6.45700189  8.69500116 10.46497795] y_pos [ 8.17600687 10.59801269 10.41501435]
h_pos [ 7.72698576  9.33797731 10.62596387] x_pos [ 6.45700189  8.69500116 10.46497795] y_pos [ 8.17600687 10.59801269 10.41501435]
h_pos [ 7.72698576  9.33797731 10.62596387] x_pos [ 6.45700189  8.69500116 10.46497795] y_pos [ 8.17600687 10.59801269 10.41501435]
h_pos [ 7.72698576  9.33797731 10.62596387] x_pos [ 6.45700189  8.69500116 10.46497795] y_pos [ 8.17600687 10.59801269 10.41501435]
77 rHY 1.3541819792400176 rHX 1.4325480160248059 0.07836603678478826
h_pos [ 7.72698576  9.33797731 10.62596387] x_pos [ 6.45700189  8.69500116 10.46497795] y_pos [ 8.17600687 10.59801269 10.41501435]
77 rHY 1.3541819792400176 rHX 1.4325480160248059 0.07836603678478826
77 rHY 1.3541819792400176 rHX 1.4325480160248059 0.07836603678478826
77 rHY 1.3541819792400176 rHX 1.4325480160248059 0.07836603678478826
77 cpl_forces h [ 2.21446724  2.50753964 -0.07889791]
77 cpl_forces h [ 2.21446724  2.50753964 -0.07889791]
77 rHY 1.3541819792400176 rHX 1.4325480160248059 0.07836603678478826
77 cpl_forces h [ 2.21446724  2.50753964 -0.07889791]
77 cpl_forces h [ 2.21446724  2.50753964 -0.07889791]
77 cpl_forces x [-1.61166436 -0.81596449 -0.20429808]
77 cpl_forces x [-1.61166436 -0.81596449 -0.20429808]
77 cpl_forces x [-1.61166436 -0.81596449 -0.20429808]
77 cpl_forces x [-1.61166436 -0.81596449 -0.20429808]
77 cpl_forces y [-0.60280287 -1.69157515  0.28319599]
77 cpl_forces y [-0.60280287 -1.69157515  0.28319599]
77 cpl_forces y [-0.60280287 -1.69157515  0.28319599]
77 cpl_forces y [-0.60280287 -1.69157515  0.28319599]
77 cpl_forces h [ 2.21446724  2.50753964 -0.07889791]
77 cpl_forces x [-1.61166436 -0.81596449 -0.20429808]
17:40:48-DEBUG: System matrix: 
77 cpl_forces y [-0.60280287 -1.69157515  0.28319599]
17:40:48-DEBUG: [[-3.13970052e+04  7.24949448e-01]
 [ 7.24949448e-01 -3.13964232e+04]]
17:40:48-DEBUG: Eigen values: 
17:40:48-DEBUG: [-31397.49534165 -31395.93301049]
17:40:48-DEBUG: Occupancies: 
17:40:48-DEBUG: [1. 0.]
17:40:48-INFO: coupling 77 0.7249494475243978
17:40:48-DEBUG: Amplitudes: 
17:40:48-DEBUG: [0.68624579 0.31375421]
17:40:48-INFO: forces0 h [-15.98898695  -7.72742591  -2.43039825]
17:40:48-INFO: forces0 x [17.2203801   6.63041198  1.65325549]
17:40:48-INFO: forces0 y [ 3.34404158 -3.97769832  1.23684097]
17:40:48-INFO: forces1 h [ 3.56385381 12.55407803 -2.64482291]
17:40:48-INFO: forces1 x [ 3.680214    0.19815195 -0.64290461]
17:40:48-INFO: forces1 y [ -1.1761087  -14.89002804   3.0854038 ]
pos h  [ 7.72698576  9.33797731 10.62596387]
pos x  [ 6.45700189  8.69500116 10.46497795]
pos y  [ 8.17600687 10.59801269 10.41501435]
 mixed_cpl_forces: h [-2.05510437 -2.32708599  0.07322006]
 mixed_cpl_forces: x [1.49568186 0.75724407 0.18959589]
 mixed_cpl_forces: y [ 0.55942251  1.56984192 -0.26281595]
17:40:48-INFO: mixed forces h [-11.90930516  -3.69110459  -2.42445483]
17:40:48-INFO: mixed forces x [14.46777781  5.36950737  1.12242147]
17:40:48-INFO: mixed forces y [ 2.4852479  -5.83164583  1.5540194 ]
17:40:48-DEBUG: Minimum eigen value: 
17:40:48-DEBUG: -31397.49534164975
17:40:48-DEBUG: Minimum state: 
17:40:48-DEBUG: 0
        77   -31397.4953416497   -31397.4953416497        0.0000000000   -31397.0051536663        0.0000000000      0.29446508
ids [  1   2   3   4   9  10  11  12  13  14  15  16  17  18  19  20  21  23
  24  25  26  27  28  29  30  31  32  33  34  35  36  37  39  41  42  44
  46  47  49  50  51  52  53  54  55  56  57  58  59  60  61  62  63  64
  65  67  68  69  70  71  72  73  74  75  76  78  79  81  83  85  86  88
  89  90  91  93  96  97  98  99 100 101 103 104 105 106 109 111 113 114
 115 116 119 120 121 124 126 128 130 131 132 135 136 544 638 643 644 649
 654 659 664 669 674 815 850 860 893 895 898 900 905 938 945 951 966 993]
ids [ 122  140  173  178  185  220  223  230  265  268  270  318  407  408
  409  412  413  414  415  416  417  418  419  420  421  422  423  424
  425  426  427  428  429  430  431  432  433  434  435  436  437  439
  440  441  442  444  446  447  449  451  452  454  456  457  458  459
  460  461  462  463  464  465  466  467  468  469  470  471  472  473
  474  475  476  477  478  479  480  481  482  483  484  485  486  487
  488  489  491  492  494  496  497  499  502  505  506  507  508  509
  510  511  512  513  514  515  516  517  520  521  522  523  524  525
  526  527  528  530  531  532  536  537  539  541  558  561  588  591
  803  949 1043 1044 1048 1049 1053 1059 1064 1074 1079]
ids [127 141 153 156 168 186 201 213 216 231 272 276 277 278 279 280 281 282
 283 284 285 286 287 288 289 290 291 292 293 294 295 296 297 298 299 300
 301 302 303 304 305 307 308 309 311 312 314 316 317 319 321 322 323 324
 325 326 327 328 329 330 331 332 333 334 335 336 337 338 339 340 341 342
 343 344 345 346 347 349 350 351 352 354 356 357 359 361 362 364 366 367
 369 370 371 372 373 374 375 376 377 380 382 383 385 386 387 388 389 390
 391 392 394 395 397 401 402 405 406 453 498 545 578 580 583 585 590 623
 625 628 630 633 670 675 814 909 913 914 919 924 928 943]
ids [  7  38  40  43  45  82  84  87  92  94 129 134 274 368 379 384 398 399
 404 668 673 681 693 753 771 783 801 812 816 817 818 819 820 821 822 823
 824 825 826 827 829 830 831 832 833 834 835 836 837 838 839 840 841 842
 843 844 845 847 848 849 851 852 853 854 855 856 857 858 859 861 862 863
 864 865 866 867 868 869 870 871 872 873 874 875 876 877 878 879 880 881
 882 883 884 885 886 887 888 889 890 892 894 896 897 899 901 902 904 906
 907 908 910 911 912 915 916 917 920 921 922 923 925 926 927 929 930 931
 932 934 935 937 939 940 941 942 944 946 948]
ids [   8   22   66   77   80   95  110  125  138  263  273  503  504  518
  519  529  534  543  663  678  680  715  718  720  723  725  758  760
  765  768  770  810  903  947  952  953  954  955  956  957  958  959
  960  961  962  963  964  965  967  968  969  970  971  972  973  974
  975  976  977  978  979  980  981  982  984  985  986  987  989  991
  992  994  995  996  997  998  999 1000 1001 1002 1003 1004 1005 1006
 1007 1008 1009 1010 1011 1012 1013 1014 1015 1016 1017 1018 1019 1020
 1021 1022 1023 1024 1025 1026 1027 1029 1031 1032 1034 1036 1037 1039
 1041 1042 1045 1046 1047 1050 1051 1052 1054 1055 1056 1057 1058 1060
 1061 1062 1063 1065 1066 1067 1068 1069 1070 1071 1072 1076 1077 1081]
ids [  6 102 107 108 112 117 118 123 133 183 228 275 310 313 315 320 353 355
 358 360 363 365 400 403 411 438 501 542 546 547 548 549 550 551 552 553
 554 555 556 557 559 560 562 563 564 565 566 567 568 569 570 571 572 573
 574 575 576 577 579 581 582 584 586 587 589 592 593 594 595 596 597 598
 599 600 601 602 603 604 605 606 607 608 609 610 611 612 613 614 615 616
 617 618 619 620 621 622 624 626 627 629 631 632 634 635 636 637 639 640
 641 642 645 646 647 648 650 651 652 653 655 656 657 658 660 661 662 665
 666 667 671 672 676 813]
ids [   5   48  139  234  238  239  244  248  249  258  259  264  378  533
  677  679  682  683  684  685  686  687  688  689  690  691  692  694
  695  696  697  698  699  700  701  702  703  704  705  706  707  708
  709  710  711  712  713  714  716  717  719  721  722  724  726  727
  728  729  730  731  732  733  734  735  736  737  738  739  740  741
  742  743  744  745  746  747  748  749  750  751  752  754  755  756
  757  759  761  762  763  764  766  767  769  772  773  774  775  776
  777  778  779  780  781  782  785  786  787  788  790  791  792  793
  795  796  797  799  800  802  805  806  807  811  828  846  891  936
  950  983  988  990 1028 1030 1033 1035 1038 1040 1075 1080]
ids [ 137  142  143  144  145  146  147  148  149  150  151  152  154  155
  157  158  159  160  161  162  163  164  165  166  167  169  170  171
  172  174  175  176  177  179  180  181  182  184  187  188  189  190
  191  192  193  194  195  196  197  198  199  200  202  203  204  205
  206  207  208  209  210  211  212  214  215  217  218  219  221  222
  224  225  226  227  229  232  233  235  236  237  240  241  242  243
  245  246  247  250  251  252  253  254  255  256  257  260  261  262
  266  267  269  271  306  348  381  393  396  410  443  445  448  450
  455  490  493  495  500  535  538  540  784  789  794  798  804  808
  809  918  933 1073 1078]
17:40:48-INFO: Step 78
17:40:48-DEBUG: Reaction systems: [[None]
 [0]]
17:40:48-DEBUG: rxn_pairs: [array([ 1, 13])]
17:40:48-DEBUG: Starting total colors: 5
17:40:48-DEBUG: Number of systems: 2
17:40:48-DEBUG: New total colors: 5
17:40:48-DEBUG: Potential energy for color 0: -31397.0051536663
ebond 3.129821157084677
ebond 3.129821157084677
ebond 3.129821157084677
ebond 3.129821157084677
ebond 3.129821157084677
17:40:48-DEBUG: Potential energy for color 1: -31396.42319847364
xhy 78 2 1 13
xhy 78 2 1 13
xhy 78 2 1 13
xhy 78 2 1 13
xhy 78 2 1 13
h_pos [ 7.72698576  9.33797731 10.62596387] x_pos [ 6.45700189  8.69500116 10.46497795] y_pos [ 8.17600687 10.59801269 10.41501435]
78 rHY 1.3541819792400176 rHX 1.4325480160248059 0.07836603678478826
h_pos [ 7.72698576  9.33797731 10.62596387] x_pos [ 6.45700189  8.69500116 10.46497795] y_pos [ 8.17600687 10.59801269 10.41501435]
78 rHY 1.3541819792400176 rHX 1.4325480160248059 0.07836603678478826
h_pos [ 7.72698576  9.33797731 10.62596387] x_pos [ 6.45700189  8.69500116 10.46497795] y_pos [ 8.17600687 10.59801269 10.41501435]
78 rHY 1.3541819792400176 rHX 1.4325480160248059 0.07836603678478826
h_pos [ 7.72698576  9.33797731 10.62596387] x_pos [ 6.45700189  8.69500116 10.46497795] y_pos [ 8.17600687 10.59801269 10.41501435]
78 rHY 1.3541819792400176 rHX 1.4325480160248059 0.07836603678478826
h_pos [ 7.72698576  9.33797731 10.62596387] x_pos [ 6.45700189  8.69500116 10.46497795] y_pos [ 8.17600687 10.59801269 10.41501435]
78 rHY 1.3541819792400176 rHX 1.4325480160248059 0.07836603678478826
78 cpl_forces h [ 2.21446724  2.50753964 -0.07889791]
78 cpl_forces h [ 2.21446724  2.50753964 -0.07889791]
78 cpl_forces h [ 2.21446724  2.50753964 -0.07889791]
78 cpl_forces h [ 2.21446724  2.50753964 -0.07889791]
78 cpl_forces x [-1.61166436 -0.81596449 -0.20429808]
78 cpl_forces x [-1.61166436 -0.81596449 -0.20429808]
78 cpl_forces x [-1.61166436 -0.81596449 -0.20429808]
78 cpl_forces y [-0.60280287 -1.69157515  0.28319599]
78 cpl_forces x [-1.61166436 -0.81596449 -0.20429808]
78 cpl_forces y [-0.60280287 -1.69157515  0.28319599]
78 cpl_forces y [-0.60280287 -1.69157515  0.28319599]
78 cpl_forces y [-0.60280287 -1.69157515  0.28319599]
78 cpl_forces h [ 2.21446724  2.50753964 -0.07889791]
78 cpl_forces x [-1.61166436 -0.81596449 -0.20429808]
17:40:48-DEBUG: System matrix: 
78 cpl_forces y [-0.60280287 -1.69157515  0.28319599]
17:40:48-DEBUG: [[-3.13970052e+04  7.24949448e-01]
 [ 7.24949448e-01 -3.13964232e+04]]
17:40:48-DEBUG: Eigen values: 
17:40:48-DEBUG: [-31397.49534165 -31395.93301049]
17:40:48-DEBUG: Occupancies: 
17:40:48-DEBUG: [1. 0.]
17:40:48-INFO: coupling 78 0.7249494475243978
17:40:48-DEBUG: Amplitudes: 
17:40:48-DEBUG: [0.68624579 0.31375421]
17:40:48-INFO: forces0 h [-15.98898695  -7.72742591  -2.43039825]
17:40:48-INFO: forces0 x [17.2203801   6.63041198  1.65325549]
17:40:48-INFO: forces0 y [ 3.34404158 -3.97769832  1.23684097]
17:40:48-INFO: forces1 h [ 3.56385381 12.55407803 -2.64482291]
17:40:48-INFO: forces1 x [ 3.680214    0.19815195 -0.64290461]
17:40:48-INFO: forces1 y [ -1.1761087  -14.89002804   3.0854038 ]
pos h  [ 7.72698576  9.33797731 10.62596387]
pos x  [ 6.45700189  8.69500116 10.46497795]
pos y  [ 8.17600687 10.59801269 10.41501435]
 mixed_cpl_forces: h [-2.05510437 -2.32708599  0.07322006]
 mixed_cpl_forces: x [1.49568186 0.75724407 0.18959589]
 mixed_cpl_forces: y [ 0.55942251  1.56984192 -0.26281595]
17:40:48-INFO: mixed forces h [-11.90930516  -3.69110459  -2.42445483]
17:40:48-INFO: mixed forces x [14.46777781  5.36950737  1.12242147]
17:40:48-INFO: mixed forces y [ 2.4852479  -5.83164583  1.5540194 ]
17:40:48-DEBUG: Minimum eigen value: 
17:40:48-DEBUG: -31397.495341649752
17:40:48-DEBUG: Minimum state: 
17:40:48-DEBUG: 0
        78   -31397.4953416498   -31397.4953416498        0.0000000000   -31397.0051536663        0.0000000000      0.29611327
ids [   5   48  139  234  238  239  244  248  249  258  259  264  378  533
  677  679  682  683  684  685  686  687  688  689  690  691  692  694
  695  696  697  698  699  700  701  702  703  704  705  706  707  708
  709  710  711  712  713  714  716  717  719  721  722  724  726  727
  728  729  730  731  732  733  734  735  736  737  738  739  740  741
  742  743  744  745  746  747  748  749  750  751  752  754  755  756
  757  759  761  762  763  764  766  767  769  772  773  774  775  776
  777  778  779  780  781  782  785  786  787  788  790  791  792  793
  795  796  797  799  800  802  805  806  807  811  828  846  891  936
  950  983  988  990 1028 1030 1033 1035 1038 1040 1075 1080]
ids [  1   2   3   4   9  10  11  12  13  14  15  16  17  18  19  20  21  23
  24  25  26  27  28  29  30  31  32  33  34  35  36  37  39  41  42  44
  46  47  49  50  51  52  53  54  55  56  57  58  59  60  61  62  63  64
  65  67  68  69  70  71  72  73  74  75  76  78  79  81  83  85  86  88
  89  90  91  93  96  97  98  99 100 101 103 104 105 106 109 111 113 114
 115 116 119 120 121 124 126 128 130 131 132 135 136 544 638 643 644 649
 654 659 664 669 674 815 850 860 893 895 898 900 905 938 945 951 966 993]
ids [ 137  142  143  144  145  146  147  148  149  150  151  152  154  155
  157  158  159  160  161  162  163  164  165  166  167  169  170  171
  172  174  175  176  177  179  180  181  182  184  187  188  189  190
  191  192  193  194  195  196  197  198  199  200  202  203  204  205
  206  207  208  209  210  211  212  214  215  217  218  219  221  222
  224  225  226  227  229  232  233  235  236  237  240  241  242  243
  245  246  247  250  251  252  253  254  255  256  257  260  261  262
  266  267  269  271  306  348  381  393  396  410  443  445  448  450
  455  490  493  495  500  535  538  540  784  789  794  798  804  808
  809  918  933 1073 1078]
ids [ 122  140  173  178  185  220  223  230  265  268  270  318  407  408
  409  412  413  414  415  416  417  418  419  420  421  422  423  424
  425  426  427  428  429  430  431  432  433  434  435  436  437  439
  440  441  442  444  446  447  449  451  452  454  456  457  458  459
  460  461  462  463  464  465  466  467  468  469  470  471  472  473
  474  475  476  477  478  479  480  481  482  483  484  485  486  487
  488  489  491  492  494  496  497  499  502  505  506  507  508  509
  510  511  512  513  514  515  516  517  520  521  522  523  524  525
  526  527  528  530  531  532  536  537  539  541  558  561  588  591
  803  949 1043 1044 1048 1049 1053 1059 1064 1074 1079]
ids [127 141 153 156 168 186 201 213 216 231 272 276 277 278 279 280 281 282
 283 284 285 286 287 288 289 290 291 292 293 294 295 296 297 298 299 300
 301 302 303 304 305 307 308 309 311 312 314 316 317 319 321 322 323 324
 325 326 327 328 329 330 331 332 333 334 335 336 337 338 339 340 341 342
 343 344 345 346 347 349 350 351 352 354 356 357 359 361 362 364 366 367
 369 370 371 372 373 374 375 376 377 380 382 383 385 386 387 388 389 390
 391 392 394 395 397 401 402 405 406 453 498 545 578 580 583 585 590 623
 625 628 630 633 670 675 814 909 913 914 919 924 928 943]
ids [  7  38  40  43  45  82  84  87  92  94 129 134 274 368 379 384 398 399
 404 668 673 681 693 753 771 783 801 812 816 817 818 819 820 821 822 823
 824 825 826 827 829 830 831 832 833 834 835 836 837 838 839 840 841 842
 843 844 845 847 848 849 851 852 853 854 855 856 857 858 859 861 862 863
 864 865 866 867 868 869 870 871 872 873 874 875 876 877 878 879 880 881
 882 883 884 885 886 887 888 889 890 892 894 896 897 899 901 902 904 906
 907 908 910 911 912 915 916 917 920 921 922 923 925 926 927 929 930 931
 932 934 935 937 939 940 941 942 944 946 948]
ids [   8   22   66   77   80   95  110  125  138  263  273  503  504  518
  519  529  534  543  663  678  680  715  718  720  723  725  758  760
  765  768  770  810  903  947  952  953  954  955  956  957  958  959
  960  961  962  963  964  965  967  968  969  970  971  972  973  974
  975  976  977  978  979  980  981  982  984  985  986  987  989  991
  992  994  995  996  997  998  999 1000 1001 1002 1003 1004 1005 1006
 1007 1008 1009 1010 1011 1012 1013 1014 1015 1016 1017 1018 1019 1020
 1021 1022 1023 1024 1025 1026 1027 1029 1031 1032 1034 1036 1037 1039
 1041 1042 1045 1046 1047 1050 1051 1052 1054 1055 1056 1057 1058 1060
 1061 1062 1063 1065 1066 1067 1068 1069 1070 1071 1072 1076 1077 1081]
ids [  6 102 107 108 112 117 118 123 133 183 228 275 310 313 315 320 353 355
 358 360 363 365 400 403 411 438 501 542 546 547 548 549 550 551 552 553
 554 555 556 557 559 560 562 563 564 565 566 567 568 569 570 571 572 573
 574 575 576 577 579 581 582 584 586 587 589 592 593 594 595 596 597 598
 599 600 601 602 603 604 605 606 607 608 609 610 611 612 613 614 615 616
 617 618 619 620 621 622 624 626 627 629 631 632 634 635 636 637 639 640
 641 642 645 646 647 648 650 651 652 653 655 656 657 658 660 661 662 665
 666 667 671 672 676 813]
17:40:48-INFO: Step 79
17:40:48-DEBUG: Reaction systems: [[None]
 [0]]
17:40:48-DEBUG: rxn_pairs: [array([ 1, 13])]
17:40:48-DEBUG: Starting total colors: 5
17:40:48-DEBUG: Number of systems: 2
17:40:48-DEBUG: New total colors: 5
17:40:48-DEBUG: Potential energy for color 0: -31397.0051536663
ebond 3.129821157084677
ebond 3.129821157084677
ebond 3.129821157084677
ebond 3.129821157084677
ebond 3.129821157084677
17:40:48-DEBUG: Potential energy for color 1: -31396.42319847364
xhy 79 2 1 13
xhy 79 2 1 13
xhy 79 2 1 13
xhy 79 2 1 13
xhy 79 2 1 13
h_pos [ 7.72698576  9.33797731 10.62596387] x_pos [ 6.45700189  8.69500116 10.46497795] y_pos [ 8.17600687 10.59801269 10.41501435]
h_pos [ 7.72698576  9.33797731 10.62596387] x_pos [ 6.45700189  8.69500116 10.46497795] y_pos [ 8.17600687 10.59801269 10.41501435]
79 rHY 1.3541819792400176 rHX 1.4325480160248059 0.07836603678478826
h_pos [ 7.72698576  9.33797731 10.62596387] x_pos [ 6.45700189  8.69500116 10.46497795] y_pos [ 8.17600687 10.59801269 10.41501435]
h_pos [ 7.72698576  9.33797731 10.62596387] x_pos [ 6.45700189  8.69500116 10.46497795] y_pos [ 8.17600687 10.59801269 10.41501435]
79 rHY 1.3541819792400176 rHX 1.4325480160248059 0.07836603678478826
79 rHY 1.3541819792400176 rHX 1.4325480160248059 0.07836603678478826
79 rHY 1.3541819792400176 rHX 1.4325480160248059 0.07836603678478826
h_pos [ 7.72698576  9.33797731 10.62596387] x_pos [ 6.45700189  8.69500116 10.46497795] y_pos [ 8.17600687 10.59801269 10.41501435]
79 cpl_forces h [ 2.21446724  2.50753964 -0.07889791]
79 cpl_forces h [ 2.21446724  2.50753964 -0.07889791]
79 cpl_forces h [ 2.21446724  2.50753964 -0.07889791]
79 cpl_forces h [ 2.21446724  2.50753964 -0.07889791]
79 cpl_forces x [-1.61166436 -0.81596449 -0.20429808]
79 cpl_forces y [-0.60280287 -1.69157515  0.28319599]
79 cpl_forces x [-1.61166436 -0.81596449 -0.20429808]
79 cpl_forces x [-1.61166436 -0.81596449 -0.20429808]
79 cpl_forces x [-1.61166436 -0.81596449 -0.20429808]
79 cpl_forces y [-0.60280287 -1.69157515  0.28319599]
79 cpl_forces y [-0.60280287 -1.69157515  0.28319599]
79 rHY 1.3541819792400176 rHX 1.4325480160248059 0.07836603678478826
79 cpl_forces y [-0.60280287 -1.69157515  0.28319599]
79 cpl_forces h [ 2.21446724  2.50753964 -0.07889791]
17:40:48-DEBUG: System matrix: 
79 cpl_forces x [-1.61166436 -0.81596449 -0.20429808]
17:40:48-DEBUG: [[-3.13970052e+04  7.24949448e-01]
 [ 7.24949448e-01 -3.13964232e+04]]
17:40:48-DEBUG: Eigen values: 
79 cpl_forces y [-0.60280287 -1.69157515  0.28319599]
17:40:48-DEBUG: [-31397.49534165 -31395.93301049]
17:40:48-DEBUG: Occupancies: 
17:40:48-DEBUG: [1. 0.]
17:40:48-INFO: coupling 79 0.7249494475243978
17:40:48-DEBUG: Amplitudes: 
17:40:48-DEBUG: [0.68624579 0.31375421]
17:40:48-INFO: forces0 h [-15.98898695  -7.72742591  -2.43039825]
17:40:48-INFO: forces0 x [17.2203801   6.63041198  1.65325549]
17:40:48-INFO: forces0 y [ 3.34404158 -3.97769832  1.23684097]
17:40:48-INFO: forces1 h [ 3.56385381 12.55407803 -2.64482291]
17:40:48-INFO: forces1 x [ 3.680214    0.19815195 -0.64290461]
17:40:48-INFO: forces1 y [ -1.1761087  -14.89002804   3.0854038 ]
pos h  [ 7.72698576  9.33797731 10.62596387]
pos x  [ 6.45700189  8.69500116 10.46497795]
pos y  [ 8.17600687 10.59801269 10.41501435]
 mixed_cpl_forces: h [-2.05510437 -2.32708599  0.07322006]
 mixed_cpl_forces: x [1.49568186 0.75724407 0.18959589]
 mixed_cpl_forces: y [ 0.55942251  1.56984192 -0.26281595]
17:40:48-INFO: mixed forces h [-11.90930516  -3.69110459  -2.42445483]
17:40:48-INFO: mixed forces x [14.46777781  5.36950737  1.12242147]
17:40:48-INFO: mixed forces y [ 2.4852479  -5.83164583  1.5540194 ]
17:40:48-DEBUG: Minimum eigen value: 
17:40:48-DEBUG: -31397.495341649752
17:40:48-DEBUG: Minimum state: 
17:40:48-DEBUG: 0
        79   -31397.4953416498   -31397.4953416498        0.0000000000   -31397.0051536663        0.0000000000      0.29442919
ids [  6 102 107 108 112 117 118 123 133 183 228 275 310 313 315 320 353 355
 358 360 363 365 400 403 411 438 501 542 546 547 548 549 550 551 552 553
 554 555 556 557 559 560 562 563 564 565 566 567 568 569 570 571 572 573
 574 575 576 577 579 581 582 584 586 587 589 592 593 594 595 596 597 598
 599 600 601 602 603 604 605 606 607 608 609 610 611 612 613 614 615 616
 617 618 619 620 621 622 624 626 627 629 631 632 634 635 636 637 639 640
 641 642 645 646 647 648 650 651 652 653 655 656 657 658 660 661 662 665
 666 667 671 672 676 813]
ids [ 137  142  143  144  145  146  147  148  149  150  151  152  154  155
  157  158  159  160  161  162  163  164  165  166  167  169  170  171
  172  174  175  176  177  179  180  181  182  184  187  188  189  190
  191  192  193  194  195  196  197  198  199  200  202  203  204  205
  206  207  208  209  210  211  212  214  215  217  218  219  221  222
  224  225  226  227  229  232  233  235  236  237  240  241  242  243
  245  246  247  250  251  252  253  254  255  256  257  260  261  262
  266  267  269  271  306  348  381  393  396  410  443  445  448  450
  455  490  493  495  500  535  538  540  784  789  794  798  804  808
  809  918  933 1073 1078]
ids [ 122  140  173  178  185  220  223  230  265  268  270  318  407  408
  409  412  413  414  415  416  417  418  419  420  421  422  423  424
  425  426  427  428  429  430  431  432  433  434  435  436  437  439
  440  441  442  444  446  447  449  451  452  454  456  457  458  459
  460  461  462  463  464  465  466  467  468  469  470  471  472  473
  474  475  476  477  478  479  480  481  482  483  484  485  486  487
  488  489  491  492  494  496  497  499  502  505  506  507  508  509
  510  511  512  513  514  515  516  517  520  521  522  523  524  525
  526  527  528  530  531  532  536  537  539  541  558  561  588  591
  803  949 1043 1044 1048 1049 1053 1059 1064 1074 1079]
ids [127 141 153 156 168 186 201 213 216 231 272 276 277 278 279 280 281 282
 283 284 285 286 287 288 289 290 291 292 293 294 295 296 297 298 299 300
 301 302 303 304 305 307 308 309 311 312 314 316 317 319 321 322 323 324
 325 326 327 328 329 330 331 332 333 334 335 336 337 338 339 340 341 342
 343 344 345 346 347 349 350 351 352 354 356 357 359 361 362 364 366 367
 369 370 371 372 373 374 375 376 377 380 382 383 385 386 387 388 389 390
 391 392 394 395 397 401 402 405 406 453 498 545 578 580 583 585 590 623
 625 628 630 633 670 675 814 909 913 914 919 924 928 943]
ids [  7  38  40  43  45  82  84  87  92  94 129 134 274 368 379 384 398 399
 404 668 673 681 693 753 771 783 801 812 816 817 818 819 820 821 822 823
 824 825 826 827 829 830 831 832 833 834 835 836 837 838 839 840 841 842
 843 844 845 847 848 849 851 852 853 854 855 856 857 858 859 861 862 863
 864 865 866 867 868 869 870 871 872 873 874 875 876 877 878 879 880 881
 882 883 884 885 886 887 888 889 890 892 894 896 897 899 901 902 904 906
 907 908 910 911 912 915 916 917 920 921 922 923 925 926 927 929 930 931
 932 934 935 937 939 940 941 942 944 946 948]
ids [   8   22   66   77   80   95  110  125  138  263  273  503  504  518
  519  529  534  543  663  678  680  715  718  720  723  725  758  760
  765  768  770  810  903  947  952  953  954  955  956  957  958  959
  960  961  962  963  964  965  967  968  969  970  971  972  973  974
  975  976  977  978  979  980  981  982  984  985  986  987  989  991
  992  994  995  996  997  998  999 1000 1001 1002 1003 1004 1005 1006
 1007 1008 1009 1010 1011 1012 1013 1014 1015 1016 1017 1018 1019 1020
 1021 1022 1023 1024 1025 1026 1027 1029 1031 1032 1034 1036 1037 1039
 1041 1042 1045 1046 1047 1050 1051 1052 1054 1055 1056 1057 1058 1060
 1061 1062 1063 1065 1066 1067 1068 1069 1070 1071 1072 1076 1077 1081]
ids [   5   48  139  234  238  239  244  248  249  258  259  264  378  533
  677  679  682  683  684  685  686  687  688  689  690  691  692  694
  695  696  697  698  699  700  701  702  703  704  705  706  707  708
  709  710  711  712  713  714  716  717  719  721  722  724  726  727
  728  729  730  731  732  733  734  735  736  737  738  739  740  741
  742  743  744  745  746  747  748  749  750  751  752  754  755  756
  757  759  761  762  763  764  766  767  769  772  773  774  775  776
  777  778  779  780  781  782  785  786  787  788  790  791  792  793
  795  796  797  799  800  802  805  806  807  811  828  846  891  936
  950  983  988  990 1028 1030 1033 1035 1038 1040 1075 1080]
ids [  1   2   3   4   9  10  11  12  13  14  15  16  17  18  19  20  21  23
  24  25  26  27  28  29  30  31  32  33  34  35  36  37  39  41  42  44
  46  47  49  50  51  52  53  54  55  56  57  58  59  60  61  62  63  64
  65  67  68  69  70  71  72  73  74  75  76  78  79  81  83  85  86  88
  89  90  91  93  96  97  98  99 100 101 103 104 105 106 109 111 113 114
 115 116 119 120 121 124 126 128 130 131 132 135 136 544 638 643 644 649
 654 659 664 669 674 815 850 860 893 895 898 900 905 938 945 951 966 993]
17:40:48-INFO: Step 80
17:40:48-DEBUG: Reaction systems: [[None]
 [0]]
17:40:48-DEBUG: rxn_pairs: [array([ 1, 13])]
17:40:48-DEBUG: Starting total colors: 5
17:40:48-DEBUG: Number of systems: 2
17:40:48-DEBUG: New total colors: 5
17:40:48-DEBUG: Potential energy for color 0: -31397.0051536663
ebond 3.129821157084677
ebond 3.129821157084677
ebond 3.129821157084677
ebond 3.129821157084677
ebond 3.129821157084677
17:40:48-DEBUG: Potential energy for color 1: -31396.42319847364
xhy 80 2 1 13
xhy 80 2 1 13
xhy 80 2 1 13
xhy 80 2 1 13
xhy 80 2 1 13
h_pos [ 7.72698576  9.33797731 10.62596387] x_pos [ 6.45700189  8.69500116 10.46497795] y_pos [ 8.17600687 10.59801269 10.41501435]
h_pos [ 7.72698576  9.33797731 10.62596387] x_pos [ 6.45700189  8.69500116 10.46497795] y_pos [ 8.17600687 10.59801269 10.41501435]
h_pos [ 7.72698576  9.33797731 10.62596387] x_pos [ 6.45700189  8.69500116 10.46497795] y_pos [ 8.17600687 10.59801269 10.41501435]
h_pos [ 7.72698576  9.33797731 10.62596387] x_pos [ 6.45700189  8.69500116 10.46497795] y_pos [ 8.17600687 10.59801269 10.41501435]
80 rHY 1.3541819792400176 rHX 1.4325480160248059 0.07836603678478826
80 rHY 1.3541819792400176 rHX 1.4325480160248059 0.07836603678478826
80 rHY 1.3541819792400176 rHX 1.4325480160248059 0.07836603678478826
80 rHY 1.3541819792400176 rHX 1.4325480160248059 0.07836603678478826
80 cpl_forces h [ 2.21446724  2.50753964 -0.07889791]
h_pos [ 7.72698576  9.33797731 10.62596387] x_pos [ 6.45700189  8.69500116 10.46497795] y_pos [ 8.17600687 10.59801269 10.41501435]
80 cpl_forces h [ 2.21446724  2.50753964 -0.07889791]
80 cpl_forces h [ 2.21446724  2.50753964 -0.07889791]
80 cpl_forces h [ 2.21446724  2.50753964 -0.07889791]
80 cpl_forces x [-1.61166436 -0.81596449 -0.20429808]
80 rHY 1.3541819792400176 rHX 1.4325480160248059 0.07836603678478826
80 cpl_forces x [-1.61166436 -0.81596449 -0.20429808]
80 cpl_forces x [-1.61166436 -0.81596449 -0.20429808]
80 cpl_forces x [-1.61166436 -0.81596449 -0.20429808]
80 cpl_forces y [-0.60280287 -1.69157515  0.28319599]
80 cpl_forces y [-0.60280287 -1.69157515  0.28319599]
80 cpl_forces y [-0.60280287 -1.69157515  0.28319599]
80 cpl_forces y [-0.60280287 -1.69157515  0.28319599]
80 cpl_forces h [ 2.21446724  2.50753964 -0.07889791]
17:40:48-DEBUG: System matrix: 
80 cpl_forces x [-1.61166436 -0.81596449 -0.20429808]
80 cpl_forces y [-0.60280287 -1.69157515  0.28319599]
17:40:48-DEBUG: [[-3.13970052e+04  7.24949448e-01]
 [ 7.24949448e-01 -3.13964232e+04]]
17:40:48-DEBUG: Eigen values: 
17:40:48-DEBUG: [-31397.49534165 -31395.93301049]
17:40:48-DEBUG: Occupancies: 
17:40:48-DEBUG: [1. 0.]
17:40:48-INFO: coupling 80 0.7249494475243978
17:40:48-DEBUG: Amplitudes: 
17:40:48-DEBUG: [0.68624579 0.31375421]
17:40:48-INFO: forces0 h [-15.98898695  -7.72742591  -2.43039825]
17:40:48-INFO: forces0 x [17.2203801   6.63041198  1.65325549]
17:40:48-INFO: forces0 y [ 3.34404158 -3.97769832  1.23684097]
17:40:48-INFO: forces1 h [ 3.56385381 12.55407803 -2.64482291]
17:40:48-INFO: forces1 x [ 3.680214    0.19815195 -0.64290461]
17:40:48-INFO: forces1 y [ -1.1761087  -14.89002804   3.0854038 ]
pos h  [ 7.72698576  9.33797731 10.62596387]
pos x  [ 6.45700189  8.69500116 10.46497795]
pos y  [ 8.17600687 10.59801269 10.41501435]
 mixed_cpl_forces: h [-2.05510437 -2.32708599  0.07322006]
 mixed_cpl_forces: x [1.49568186 0.75724407 0.18959589]
 mixed_cpl_forces: y [ 0.55942251  1.56984192 -0.26281595]
17:40:48-INFO: mixed forces h [-11.90930516  -3.69110459  -2.42445483]
17:40:48-INFO: mixed forces x [14.46777781  5.36950737  1.12242147]
17:40:48-INFO: mixed forces y [ 2.4852479  -5.83164583  1.5540194 ]
17:40:48-DEBUG: Minimum eigen value: 
17:40:48-DEBUG: -31397.495341649752
17:40:48-DEBUG: Minimum state: 
17:40:48-DEBUG: 0
        80   -31397.4953416498   -31397.4953416498        0.0000000000   -31397.0051536663        0.0000000000      0.29537954
ids [  1   2   3   4   9  10  11  12  13  14  15  16  17  18  19  20  21  23
  24  25  26  27  28  29  30  31  32  33  34  35  36  37  39  41  42  44
  46  47  49  50  51  52  53  54  55  56  57  58  59  60  61  62  63  64
  65  67  68  69  70  71  72  73  74  75  76  78  79  81  83  85  86  88
  89  90  91  93  96  97  98  99 100 101 103 104 105 106 109 111 113 114
 115 116 119 120 121 124 126 128 130 131 132 135 136 544 638 643 644 649
 654 659 664 669 674 815 850 860 893 895 898 900 905 938 945 951 966 993]
ids [   5   48  139  234  238  239  244  248  249  258  259  264  378  533
  677  679  682  683  684  685  686  687  688  689  690  691  692  694
  695  696  697  698  699  700  701  702  703  704  705  706  707  708
  709  710  711  712  713  714  716  717  719  721  722  724  726  727
  728  729  730  731  732  733  734  735  736  737  738  739  740  741
  742  743  744  745  746  747  748  749  750  751  752  754  755  756
  757  759  761  762  763  764  766  767  769  772  773  774  775  776
  777  778  779  780  781  782  785  786  787  788  790  791  792  793
  795  796  797  799  800  802  805  806  807  811  828  846  891  936
  950  983  988  990 1028 1030 1033 1035 1038 1040 1075 1080]
ids [  6 102 107 108 112 117 118 123 133 183 228 275 310 313 315 320 353 355
 358 360 363 365 400 403 411 438 501 542 546 547 548 549 550 551 552 553
 554 555 556 557 559 560 562 563 564 565 566 567 568 569 570 571 572 573
 574 575 576 577 579 581 582 584 586 587 589 592 593 594 595 596 597 598
 599 600 601 602 603 604 605 606 607 608 609 610 611 612 613 614 615 616
 617 618 619 620 621 622 624 626 627 629 631 632 634 635 636 637 639 640
 641 642 645 646 647 648 650 651 652 653 655 656 657 658 660 661 662 665
 666 667 671 672 676 813]
ids [ 137  142  143  144  145  146  147  148  149  150  151  152  154  155
  157  158  159  160  161  162  163  164  165  166  167  169  170  171
  172  174  175  176  177  179  180  181  182  184  187  188  189  190
  191  192  193  194  195  196  197  198  199  200  202  203  204  205
  206  207  208  209  210  211  212  214  215  217  218  219  221  222
  224  225  226  227  229  232  233  235  236  237  240  241  242  243
  245  246  247  250  251  252  253  254  255  256  257  260  261  262
  266  267  269  271  306  348  381  393  396  410  443  445  448  450
  455  490  493  495  500  535  538  540  784  789  794  798  804  808
  809  918  933 1073 1078]
ids [ 122  140  173  178  185  220  223  230  265  268  270  318  407  408
  409  412  413  414  415  416  417  418  419  420  421  422  423  424
  425  426  427  428  429  430  431  432  433  434  435  436  437  439
  440  441  442  444  446  447  449  451  452  454  456  457  458  459
  460  461  462  463  464  465  466  467  468  469  470  471  472  473
  474  475  476  477  478  479  480  481  482  483  484  485  486  487
  488  489  491  492  494  496  497  499  502  505  506  507  508  509
  510  511  512  513  514  515  516  517  520  521  522  523  524  525
  526  527  528  530  531  532  536  537  539  541  558  561  588  591
  803  949 1043 1044 1048 1049 1053 1059 1064 1074 1079]
ids [127 141 153 156 168 186 201 213 216 231 272 276 277 278 279 280 281 282
 283 284 285 286 287 288 289 290 291 292 293 294 295 296 297 298 299 300
 301 302 303 304 305 307 308 309 311 312 314 316 317 319 321 322 323 324
 325 326 327 328 329 330 331 332 333 334 335 336 337 338 339 340 341 342
 343 344 345 346 347 349 350 351 352 354 356 357 359 361 362 364 366 367
 369 370 371 372 373 374 375 376 377 380 382 383 385 386 387 388 389 390
 391 392 394 395 397 401 402 405 406 453 498 545 578 580 583 585 590 623
 625 628 630 633 670 675 814 909 913 914 919 924 928 943]
ids [  7  38  40  43  45  82  84  87  92  94 129 134 274 368 379 384 398 399
 404 668 673 681 693 753 771 783 801 812 816 817 818 819 820 821 822 823
 824 825 826 827 829 830 831 832 833 834 835 836 837 838 839 840 841 842
 843 844 845 847 848 849 851 852 853 854 855 856 857 858 859 861 862 863
 864 865 866 867 868 869 870 871 872 873 874 875 876 877 878 879 880 881
 882 883 884 885 886 887 888 889 890 892 894 896 897 899 901 902 904 906
 907 908 910 911 912 915 916 917 920 921 922 923 925 926 927 929 930 931
 932 934 935 937 939 940 941 942 944 946 948]
ids [   8   22   66   77   80   95  110  125  138  263  273  503  504  518
  519  529  534  543  663  678  680  715  718  720  723  725  758  760
  765  768  770  810  903  947  952  953  954  955  956  957  958  959
  960  961  962  963  964  965  967  968  969  970  971  972  973  974
  975  976  977  978  979  980  981  982  984  985  986  987  989  991
  992  994  995  996  997  998  999 1000 1001 1002 1003 1004 1005 1006
 1007 1008 1009 1010 1011 1012 1013 1014 1015 1016 1017 1018 1019 1020
 1021 1022 1023 1024 1025 1026 1027 1029 1031 1032 1034 1036 1037 1039
 1041 1042 1045 1046 1047 1050 1051 1052 1054 1055 1056 1057 1058 1060
 1061 1062 1063 1065 1066 1067 1068 1069 1070 1071 1072 1076 1077 1081]
17:40:48-INFO: Step 81
17:40:48-DEBUG: Reaction systems: [[None]
 [0]]
17:40:48-DEBUG: rxn_pairs: [array([ 1, 13])]
17:40:48-DEBUG: Starting total colors: 5
17:40:48-DEBUG: Number of systems: 2
17:40:48-DEBUG: New total colors: 5
17:40:48-DEBUG: Potential energy for color 0: -31397.0051536663
ebond 3.129821157084677
ebond 3.129821157084677
ebond 3.129821157084677
ebond 3.129821157084677
ebond 3.129821157084677
17:40:48-DEBUG: Potential energy for color 1: -31396.42319847364
xhy 81 2 1 13
xhy 81 2 1 13
xhy 81 2 1 13
xhy 81 2 1 13
xhy 81 2 1 13
h_pos [ 7.72698576  9.33797731 10.62596387] x_pos [ 6.45700189  8.69500116 10.46497795] y_pos [ 8.17600687 10.59801269 10.41501435]
h_pos [ 7.72698576  9.33797731 10.62596387] x_pos [ 6.45700189  8.69500116 10.46497795] y_pos [ 8.17600687 10.59801269 10.41501435]
h_pos [ 7.72698576  9.33797731 10.62596387] x_pos [ 6.45700189  8.69500116 10.46497795] y_pos [ 8.17600687 10.59801269 10.41501435]
h_pos [ 7.72698576  9.33797731 10.62596387] x_pos [ 6.45700189  8.69500116 10.46497795] y_pos [ 8.17600687 10.59801269 10.41501435]
81 rHY 1.3541819792400176 rHX 1.4325480160248059 0.07836603678478826
81 rHY 1.3541819792400176 rHX 1.4325480160248059 0.07836603678478826
81 rHY 1.3541819792400176 rHX 1.4325480160248059 0.07836603678478826
81 rHY 1.3541819792400176 rHX 1.4325480160248059 0.07836603678478826
h_pos [ 7.72698576  9.33797731 10.62596387] x_pos [ 6.45700189  8.69500116 10.46497795] y_pos [ 8.17600687 10.59801269 10.41501435]
81 cpl_forces h [ 2.21446724  2.50753964 -0.07889791]
81 rHY 1.3541819792400176 rHX 1.4325480160248059 0.07836603678478826
81 cpl_forces h [ 2.21446724  2.50753964 -0.07889791]
81 cpl_forces h [ 2.21446724  2.50753964 -0.07889791]
81 cpl_forces h [ 2.21446724  2.50753964 -0.07889791]
81 cpl_forces x [-1.61166436 -0.81596449 -0.20429808]
81 cpl_forces x [-1.61166436 -0.81596449 -0.20429808]
81 cpl_forces x [-1.61166436 -0.81596449 -0.20429808]
81 cpl_forces x [-1.61166436 -0.81596449 -0.20429808]
81 cpl_forces y [-0.60280287 -1.69157515  0.28319599]
81 cpl_forces y [-0.60280287 -1.69157515  0.28319599]
81 cpl_forces y [-0.60280287 -1.69157515  0.28319599]
81 cpl_forces y [-0.60280287 -1.69157515  0.28319599]
81 cpl_forces h [ 2.21446724  2.50753964 -0.07889791]
17:40:48-DEBUG: System matrix: 
81 cpl_forces x [-1.61166436 -0.81596449 -0.20429808]
81 cpl_forces y [-0.60280287 -1.69157515  0.28319599]
17:40:48-DEBUG: [[-3.13970052e+04  7.24949448e-01]
 [ 7.24949448e-01 -3.13964232e+04]]
17:40:48-DEBUG: Eigen values: 
17:40:48-DEBUG: [-31397.49534165 -31395.93301049]
17:40:48-DEBUG: Occupancies: 
17:40:48-DEBUG: [1. 0.]
17:40:48-INFO: coupling 81 0.7249494475243978
17:40:48-DEBUG: Amplitudes: 
17:40:48-DEBUG: [0.68624579 0.31375421]
17:40:48-INFO: forces0 h [-15.98898695  -7.72742591  -2.43039825]
17:40:48-INFO: forces0 x [17.2203801   6.63041198  1.65325549]
17:40:48-INFO: forces0 y [ 3.34404158 -3.97769832  1.23684097]
17:40:48-INFO: forces1 h [ 3.56385381 12.55407803 -2.64482291]
17:40:48-INFO: forces1 x [ 3.680214    0.19815195 -0.64290461]
17:40:48-INFO: forces1 y [ -1.1761087  -14.89002804   3.0854038 ]
pos h  [ 7.72698576  9.33797731 10.62596387]
pos x  [ 6.45700189  8.69500116 10.46497795]
pos y  [ 8.17600687 10.59801269 10.41501435]
 mixed_cpl_forces: h [-2.05510437 -2.32708599  0.07322006]
 mixed_cpl_forces: x [1.49568186 0.75724407 0.18959589]
 mixed_cpl_forces: y [ 0.55942251  1.56984192 -0.26281595]
17:40:48-INFO: mixed forces h [-11.90930516  -3.69110459  -2.42445483]
17:40:48-INFO: mixed forces x [14.46777781  5.36950737  1.12242147]
17:40:48-INFO: mixed forces y [ 2.4852479  -5.83164583  1.5540194 ]
17:40:48-DEBUG: Minimum eigen value: 
17:40:48-DEBUG: -31397.495341649752
17:40:48-DEBUG: Minimum state: 
17:40:48-DEBUG: 0
        81   -31397.4953416498   -31397.4953416498        0.0000000000   -31397.0051536663        0.0000000000      0.29545419
ids [   8   22   66   77   80   95  110  125  138  263  273  503  504  518
  519  529  534  543  663  678  680  715  718  720  723  725  758  760
  765  768  770  810  903  947  952  953  954  955  956  957  958  959
  960  961  962  963  964  965  967  968  969  970  971  972  973  974
  975  976  977  978  979  980  981  982  984  985  986  987  989  991
  992  994  995  996  997  998  999 1000 1001 1002 1003 1004 1005 1006
 1007 1008 1009 1010 1011 1012 1013 1014 1015 1016 1017 1018 1019 1020
 1021 1022 1023 1024 1025 1026 1027 1029 1031 1032 1034 1036 1037 1039
 1041 1042 1045 1046 1047 1050 1051 1052 1054 1055 1056 1057 1058 1060
 1061 1062 1063 1065 1066 1067 1068 1069 1070 1071 1072 1076 1077 1081]
ids [   5   48  139  234  238  239  244  248  249  258  259  264  378  533
  677  679  682  683  684  685  686  687  688  689  690  691  692  694
  695  696  697  698  699  700  701  702  703  704  705  706  707  708
  709  710  711  712  713  714  716  717  719  721  722  724  726  727
  728  729  730  731  732  733  734  735  736  737  738  739  740  741
  742  743  744  745  746  747  748  749  750  751  752  754  755  756
  757  759  761  762  763  764  766  767  769  772  773  774  775  776
  777  778  779  780  781  782  785  786  787  788  790  791  792  793
  795  796  797  799  800  802  805  806  807  811  828  846  891  936
  950  983  988  990 1028 1030 1033 1035 1038 1040 1075 1080]
ids [  6 102 107 108 112 117 118 123 133 183 228 275 310 313 315 320 353 355
 358 360 363 365 400 403 411 438 501 542 546 547 548 549 550 551 552 553
 554 555 556 557 559 560 562 563 564 565 566 567 568 569 570 571 572 573
 574 575 576 577 579 581 582 584 586 587 589 592 593 594 595 596 597 598
 599 600 601 602 603 604 605 606 607 608 609 610 611 612 613 614 615 616
 617 618 619 620 621 622 624 626 627 629 631 632 634 635 636 637 639 640
 641 642 645 646 647 648 650 651 652 653 655 656 657 658 660 661 662 665
 666 667 671 672 676 813]
ids [ 137  142  143  144  145  146  147  148  149  150  151  152  154  155
  157  158  159  160  161  162  163  164  165  166  167  169  170  171
  172  174  175  176  177  179  180  181  182  184  187  188  189  190
  191  192  193  194  195  196  197  198  199  200  202  203  204  205
  206  207  208  209  210  211  212  214  215  217  218  219  221  222
  224  225  226  227  229  232  233  235  236  237  240  241  242  243
  245  246  247  250  251  252  253  254  255  256  257  260  261  262
  266  267  269  271  306  348  381  393  396  410  443  445  448  450
  455  490  493  495  500  535  538  540  784  789  794  798  804  808
  809  918  933 1073 1078]
ids [ 122  140  173  178  185  220  223  230  265  268  270  318  407  408
  409  412  413  414  415  416  417  418  419  420  421  422  423  424
  425  426  427  428  429  430  431  432  433  434  435  436  437  439
  440  441  442  444  446  447  449  451  452  454  456  457  458  459
  460  461  462  463  464  465  466  467  468  469  470  471  472  473
  474  475  476  477  478  479  480  481  482  483  484  485  486  487
  488  489  491  492  494  496  497  499  502  505  506  507  508  509
  510  511  512  513  514  515  516  517  520  521  522  523  524  525
  526  527  528  530  531  532  536  537  539  541  558  561  588  591
  803  949 1043 1044 1048 1049 1053 1059 1064 1074 1079]
ids [127 141 153 156 168 186 201 213 216 231 272 276 277 278 279 280 281 282
 283 284 285 286 287 288 289 290 291 292 293 294 295 296 297 298 299 300
 301 302 303 304 305 307 308 309 311 312 314 316 317 319 321 322 323 324
 325 326 327 328 329 330 331 332 333 334 335 336 337 338 339 340 341 342
 343 344 345 346 347 349 350 351 352 354 356 357 359 361 362 364 366 367
 369 370 371 372 373 374 375 376 377 380 382 383 385 386 387 388 389 390
 391 392 394 395 397 401 402 405 406 453 498 545 578 580 583 585 590 623
 625 628 630 633 670 675 814 909 913 914 919 924 928 943]
ids [  7  38  40  43  45  82  84  87  92  94 129 134 274 368 379 384 398 399
 404 668 673 681 693 753 771 783 801 812 816 817 818 819 820 821 822 823
 824 825 826 827 829 830 831 832 833 834 835 836 837 838 839 840 841 842
 843 844 845 847 848 849 851 852 853 854 855 856 857 858 859 861 862 863
 864 865 866 867 868 869 870 871 872 873 874 875 876 877 878 879 880 881
 882 883 884 885 886 887 888 889 890 892 894 896 897 899 901 902 904 906
 907 908 910 911 912 915 916 917 920 921 922 923 925 926 927 929 930 931
 932 934 935 937 939 940 941 942 944 946 948]
ids [  1   2   3   4   9  10  11  12  13  14  15  16  17  18  19  20  21  23
  24  25  26  27  28  29  30  31  32  33  34  35  36  37  39  41  42  44
  46  47  49  50  51  52  53  54  55  56  57  58  59  60  61  62  63  64
  65  67  68  69  70  71  72  73  74  75  76  78  79  81  83  85  86  88
  89  90  91  93  96  97  98  99 100 101 103 104 105 106 109 111 113 114
 115 116 119 120 121 124 126 128 130 131 132 135 136 544 638 643 644 649
 654 659 664 669 674 815 850 860 893 895 898 900 905 938 945 951 966 993]
17:40:48-INFO: Step 82
17:40:48-DEBUG: Reaction systems: [[None]
 [0]]
17:40:48-DEBUG: rxn_pairs: [array([ 1, 13])]
17:40:48-DEBUG: Starting total colors: 5
17:40:48-DEBUG: Number of systems: 2
17:40:48-DEBUG: New total colors: 5
17:40:48-DEBUG: Potential energy for color 0: -31397.0051536663
ebond 3.129821157084677
ebond 3.129821157084677
ebond 3.129821157084677
ebond 3.129821157084677
ebond 3.129821157084677
17:40:48-DEBUG: Potential energy for color 1: -31396.42319847364
xhy 82 2 1 13
xhy 82 2 1 13
xhy 82 2 1 13
xhy 82 2 1 13
xhy 82 2 1 13
h_pos [ 7.72698576  9.33797731 10.62596387] x_pos [ 6.45700189  8.69500116 10.46497795] y_pos [ 8.17600687 10.59801269 10.41501435]
h_pos [ 7.72698576  9.33797731 10.62596387] x_pos [ 6.45700189  8.69500116 10.46497795] y_pos [ 8.17600687 10.59801269 10.41501435]
h_pos [ 7.72698576  9.33797731 10.62596387] x_pos [ 6.45700189  8.69500116 10.46497795] y_pos [ 8.17600687 10.59801269 10.41501435]
h_pos [ 7.72698576  9.33797731 10.62596387] x_pos [ 6.45700189  8.69500116 10.46497795] y_pos [ 8.17600687 10.59801269 10.41501435]
82 rHY 1.3541819792400176 rHX 1.4325480160248059 0.07836603678478826
82 rHY 1.3541819792400176 rHX 1.4325480160248059 0.07836603678478826
82 rHY 1.3541819792400176 rHX 1.4325480160248059 0.07836603678478826
82 rHY 1.3541819792400176 rHX 1.4325480160248059 0.07836603678478826
h_pos [ 7.72698576  9.33797731 10.62596387] x_pos [ 6.45700189  8.69500116 10.46497795] y_pos [ 8.17600687 10.59801269 10.41501435]
82 cpl_forces h [ 2.21446724  2.50753964 -0.07889791]
82 cpl_forces h [ 2.21446724  2.50753964 -0.07889791]
82 cpl_forces h [ 2.21446724  2.50753964 -0.07889791]
82 cpl_forces h [ 2.21446724  2.50753964 -0.07889791]
82 cpl_forces x [-1.61166436 -0.81596449 -0.20429808]
82 cpl_forces x [-1.61166436 -0.81596449 -0.20429808]
82 rHY 1.3541819792400176 rHX 1.4325480160248059 0.07836603678478826
82 cpl_forces x [-1.61166436 -0.81596449 -0.20429808]
82 cpl_forces x [-1.61166436 -0.81596449 -0.20429808]
82 cpl_forces y [-0.60280287 -1.69157515  0.28319599]
82 cpl_forces y [-0.60280287 -1.69157515  0.28319599]
82 cpl_forces y [-0.60280287 -1.69157515  0.28319599]
82 cpl_forces y [-0.60280287 -1.69157515  0.28319599]
82 cpl_forces h [ 2.21446724  2.50753964 -0.07889791]
17:40:48-DEBUG: System matrix: 
82 cpl_forces x [-1.61166436 -0.81596449 -0.20429808]
17:40:48-DEBUG: [[-3.13970052e+04  7.24949448e-01]
 [ 7.24949448e-01 -3.13964232e+04]]
17:40:48-DEBUG: Eigen values: 
82 cpl_forces y [-0.60280287 -1.69157515  0.28319599]
17:40:48-DEBUG: [-31397.49534165 -31395.93301049]
17:40:48-DEBUG: Occupancies: 
17:40:48-DEBUG: [1. 0.]
17:40:48-INFO: coupling 82 0.7249494475243978
17:40:48-DEBUG: Amplitudes: 
17:40:48-DEBUG: [0.68624579 0.31375421]
17:40:48-INFO: forces0 h [-15.98898695  -7.72742591  -2.43039825]
17:40:48-INFO: forces0 x [17.2203801   6.63041198  1.65325549]
17:40:48-INFO: forces0 y [ 3.34404158 -3.97769832  1.23684097]
17:40:48-INFO: forces1 h [ 3.56385381 12.55407803 -2.64482291]
17:40:48-INFO: forces1 x [ 3.680214    0.19815195 -0.64290461]
17:40:48-INFO: forces1 y [ -1.1761087  -14.89002804   3.0854038 ]
pos h  [ 7.72698576  9.33797731 10.62596387]
pos x  [ 6.45700189  8.69500116 10.46497795]
pos y  [ 8.17600687 10.59801269 10.41501435]
 mixed_cpl_forces: h [-2.05510437 -2.32708599  0.07322006]
 mixed_cpl_forces: x [1.49568186 0.75724407 0.18959589]
 mixed_cpl_forces: y [ 0.55942251  1.56984192 -0.26281595]
17:40:48-INFO: mixed forces h [-11.90930516  -3.69110459  -2.42445483]
17:40:48-INFO: mixed forces x [14.46777781  5.36950737  1.12242147]
17:40:48-INFO: mixed forces y [ 2.4852479  -5.83164583  1.5540194 ]
17:40:48-DEBUG: Minimum eigen value: 
17:40:48-DEBUG: -31397.495341649752
17:40:48-DEBUG: Minimum state: 
17:40:48-DEBUG: 0
        82   -31397.4953416498   -31397.4953416498        0.0000000000   -31397.0051536663        0.0000000000      0.29556866
ids [  1   2   3   4   9  10  11  12  13  14  15  16  17  18  19  20  21  23
  24  25  26  27  28  29  30  31  32  33  34  35  36  37  39  41  42  44
  46  47  49  50  51  52  53  54  55  56  57  58  59  60  61  62  63  64
  65  67  68  69  70  71  72  73  74  75  76  78  79  81  83  85  86  88
  89  90  91  93  96  97  98  99 100 101 103 104 105 106 109 111 113 114
 115 116 119 120 121 124 126 128 130 131 132 135 136 544 638 643 644 649
 654 659 664 669 674 815 850 860 893 895 898 900 905 938 945 951 966 993]
ids [  7  38  40  43  45  82  84  87  92  94 129 134 274 368 379 384 398 399
 404 668 673 681 693 753 771 783 801 812 816 817 818 819 820 821 822 823
 824 825 826 827 829 830 831 832 833 834 835 836 837 838 839 840 841 842
 843 844 845 847 848 849 851 852 853 854 855 856 857 858 859 861 862 863
 864 865 866 867 868 869 870 871 872 873 874 875 876 877 878 879 880 881
 882 883 884 885 886 887 888 889 890 892 894 896 897 899 901 902 904 906
 907 908 910 911 912 915 916 917 920 921 922 923 925 926 927 929 930 931
 932 934 935 937 939 940 941 942 944 946 948]
ids [   8   22   66   77   80   95  110  125  138  263  273  503  504  518
  519  529  534  543  663  678  680  715  718  720  723  725  758  760
  765  768  770  810  903  947  952  953  954  955  956  957  958  959
  960  961  962  963  964  965  967  968  969  970  971  972  973  974
  975  976  977  978  979  980  981  982  984  985  986  987  989  991
  992  994  995  996  997  998  999 1000 1001 1002 1003 1004 1005 1006
 1007 1008 1009 1010 1011 1012 1013 1014 1015 1016 1017 1018 1019 1020
 1021 1022 1023 1024 1025 1026 1027 1029 1031 1032 1034 1036 1037 1039
 1041 1042 1045 1046 1047 1050 1051 1052 1054 1055 1056 1057 1058 1060
 1061 1062 1063 1065 1066 1067 1068 1069 1070 1071 1072 1076 1077 1081]
ids [   5   48  139  234  238  239  244  248  249  258  259  264  378  533
  677  679  682  683  684  685  686  687  688  689  690  691  692  694
  695  696  697  698  699  700  701  702  703  704  705  706  707  708
  709  710  711  712  713  714  716  717  719  721  722  724  726  727
  728  729  730  731  732  733  734  735  736  737  738  739  740  741
  742  743  744  745  746  747  748  749  750  751  752  754  755  756
  757  759  761  762  763  764  766  767  769  772  773  774  775  776
  777  778  779  780  781  782  785  786  787  788  790  791  792  793
  795  796  797  799  800  802  805  806  807  811  828  846  891  936
  950  983  988  990 1028 1030 1033 1035 1038 1040 1075 1080]
ids [  6 102 107 108 112 117 118 123 133 183 228 275 310 313 315 320 353 355
 358 360 363 365 400 403 411 438 501 542 546 547 548 549 550 551 552 553
 554 555 556 557 559 560 562 563 564 565 566 567 568 569 570 571 572 573
 574 575 576 577 579 581 582 584 586 587 589 592 593 594 595 596 597 598
 599 600 601 602 603 604 605 606 607 608 609 610 611 612 613 614 615 616
 617 618 619 620 621 622 624 626 627 629 631 632 634 635 636 637 639 640
 641 642 645 646 647 648 650 651 652 653 655 656 657 658 660 661 662 665
 666 667 671 672 676 813]
ids [ 137  142  143  144  145  146  147  148  149  150  151  152  154  155
  157  158  159  160  161  162  163  164  165  166  167  169  170  171
  172  174  175  176  177  179  180  181  182  184  187  188  189  190
  191  192  193  194  195  196  197  198  199  200  202  203  204  205
  206  207  208  209  210  211  212  214  215  217  218  219  221  222
  224  225  226  227  229  232  233  235  236  237  240  241  242  243
  245  246  247  250  251  252  253  254  255  256  257  260  261  262
  266  267  269  271  306  348  381  393  396  410  443  445  448  450
  455  490  493  495  500  535  538  540  784  789  794  798  804  808
  809  918  933 1073 1078]
ids [ 122  140  173  178  185  220  223  230  265  268  270  318  407  408
  409  412  413  414  415  416  417  418  419  420  421  422  423  424
  425  426  427  428  429  430  431  432  433  434  435  436  437  439
  440  441  442  444  446  447  449  451  452  454  456  457  458  459
  460  461  462  463  464  465  466  467  468  469  470  471  472  473
  474  475  476  477  478  479  480  481  482  483  484  485  486  487
  488  489  491  492  494  496  497  499  502  505  506  507  508  509
  510  511  512  513  514  515  516  517  520  521  522  523  524  525
  526  527  528  530  531  532  536  537  539  541  558  561  588  591
  803  949 1043 1044 1048 1049 1053 1059 1064 1074 1079]
ids [127 141 153 156 168 186 201 213 216 231 272 276 277 278 279 280 281 282
 283 284 285 286 287 288 289 290 291 292 293 294 295 296 297 298 299 300
 301 302 303 304 305 307 308 309 311 312 314 316 317 319 321 322 323 324
 325 326 327 328 329 330 331 332 333 334 335 336 337 338 339 340 341 342
 343 344 345 346 347 349 350 351 352 354 356 357 359 361 362 364 366 367
 369 370 371 372 373 374 375 376 377 380 382 383 385 386 387 388 389 390
 391 392 394 395 397 401 402 405 406 453 498 545 578 580 583 585 590 623
 625 628 630 633 670 675 814 909 913 914 919 924 928 943]
17:40:48-INFO: Step 83
17:40:48-DEBUG: Reaction systems: [[None]
 [0]]
17:40:48-DEBUG: rxn_pairs: [array([ 1, 13])]
17:40:48-DEBUG: Starting total colors: 5
17:40:48-DEBUG: Number of systems: 2
17:40:48-DEBUG: New total colors: 5
17:40:48-DEBUG: Potential energy for color 0: -31397.0051536663
ebond 3.129821157084677
ebond 3.129821157084677
ebond 3.129821157084677
ebond 3.129821157084677
ebond 3.129821157084677
17:40:48-DEBUG: Potential energy for color 1: -31396.42319847364
xhy 83 2 1 13
xhy 83 2 1 13
xhy 83 2 1 13
xhy 83 2 1 13
xhy 83 2 1 13
h_pos [ 7.72698576  9.33797731 10.62596387] x_pos [ 6.45700189  8.69500116 10.46497795] y_pos [ 8.17600687 10.59801269 10.41501435]
83 rHY 1.3541819792400176 rHX 1.4325480160248059 0.07836603678478826
h_pos [ 7.72698576  9.33797731 10.62596387] x_pos [ 6.45700189  8.69500116 10.46497795] y_pos [ 8.17600687 10.59801269 10.41501435]
83 rHY 1.3541819792400176 rHX 1.4325480160248059 0.07836603678478826
h_pos [ 7.72698576  9.33797731 10.62596387] x_pos [ 6.45700189  8.69500116 10.46497795] y_pos [ 8.17600687 10.59801269 10.41501435]
h_pos [ 7.72698576  9.33797731 10.62596387] x_pos [ 6.45700189  8.69500116 10.46497795] y_pos [ 8.17600687 10.59801269 10.41501435]
83 rHY 1.3541819792400176 rHX 1.4325480160248059 0.07836603678478826
h_pos [ 7.72698576  9.33797731 10.62596387] x_pos [ 6.45700189  8.69500116 10.46497795] y_pos [ 8.17600687 10.59801269 10.41501435]
83 rHY 1.3541819792400176 rHX 1.4325480160248059 0.07836603678478826
83 cpl_forces h [ 2.21446724  2.50753964 -0.07889791]
83 cpl_forces h [ 2.21446724  2.50753964 -0.07889791]
83 cpl_forces h [ 2.21446724  2.50753964 -0.07889791]
83 rHY 1.3541819792400176 rHX 1.4325480160248059 0.07836603678478826
83 cpl_forces h [ 2.21446724  2.50753964 -0.07889791]
83 cpl_forces x [-1.61166436 -0.81596449 -0.20429808]
83 cpl_forces x [-1.61166436 -0.81596449 -0.20429808]
83 cpl_forces x [-1.61166436 -0.81596449 -0.20429808]
83 cpl_forces x [-1.61166436 -0.81596449 -0.20429808]
83 cpl_forces y [-0.60280287 -1.69157515  0.28319599]
83 cpl_forces y [-0.60280287 -1.69157515  0.28319599]
83 cpl_forces y [-0.60280287 -1.69157515  0.28319599]
83 cpl_forces y [-0.60280287 -1.69157515  0.28319599]
83 cpl_forces h [ 2.21446724  2.50753964 -0.07889791]
17:40:48-DEBUG: System matrix: 
83 cpl_forces x [-1.61166436 -0.81596449 -0.20429808]
83 cpl_forces y [-0.60280287 -1.69157515  0.28319599]
17:40:48-DEBUG: [[-3.13970052e+04  7.24949448e-01]
 [ 7.24949448e-01 -3.13964232e+04]]
17:40:48-DEBUG: Eigen values: 
17:40:48-DEBUG: [-31397.49534165 -31395.93301049]
17:40:48-DEBUG: Occupancies: 
17:40:48-DEBUG: [1. 0.]
17:40:48-INFO: coupling 83 0.7249494475243978
17:40:48-DEBUG: Amplitudes: 
17:40:48-DEBUG: [0.68624579 0.31375421]
17:40:48-INFO: forces0 h [-15.98898695  -7.72742591  -2.43039825]
17:40:48-INFO: forces0 x [17.2203801   6.63041198  1.65325549]
17:40:48-INFO: forces0 y [ 3.34404158 -3.97769832  1.23684097]
17:40:48-INFO: forces1 h [ 3.56385381 12.55407803 -2.64482291]
17:40:48-INFO: forces1 x [ 3.680214    0.19815195 -0.64290461]
17:40:48-INFO: forces1 y [ -1.1761087  -14.89002804   3.0854038 ]
pos h  [ 7.72698576  9.33797731 10.62596387]
pos x  [ 6.45700189  8.69500116 10.46497795]
pos y  [ 8.17600687 10.59801269 10.41501435]
 mixed_cpl_forces: h [-2.05510437 -2.32708599  0.07322006]
 mixed_cpl_forces: x [1.49568186 0.75724407 0.18959589]
 mixed_cpl_forces: y [ 0.55942251  1.56984192 -0.26281595]
17:40:48-INFO: mixed forces h [-11.90930516  -3.69110459  -2.42445483]
17:40:48-INFO: mixed forces x [14.46777781  5.36950737  1.12242147]
17:40:48-INFO: mixed forces y [ 2.4852479  -5.83164583  1.5540194 ]
17:40:48-DEBUG: Minimum eigen value: 
17:40:48-DEBUG: -31397.495341649752
17:40:48-DEBUG: Minimum state: 
17:40:48-DEBUG: 0
        83   -31397.4953416498   -31397.4953416498        0.0000000000   -31397.0051536663        0.0000000000      0.29695526
ids [  1   2   3   4   9  10  11  12  13  14  15  16  17  18  19  20  21  23
  24  25  26  27  28  29  30  31  32  33  34  35  36  37  39  41  42  44
  46  47  49  50  51  52  53  54  55  56  57  58  59  60  61  62  63  64
  65  67  68  69  70  71  72  73  74  75  76  78  79  81  83  85  86  88
  89  90  91  93  96  97  98  99 100 101 103 104 105 106 109 111 113 114
 115 116 119 120 121 124 126 128 130 131 132 135 136 544 638 643 644 649
 654 659 664 669 674 815 850 860 893 895 898 900 905 938 945 951 966 993]
ids [127 141 153 156 168 186 201 213 216 231 272 276 277 278 279 280 281 282
 283 284 285 286 287 288 289 290 291 292 293 294 295 296 297 298 299 300
 301 302 303 304 305 307 308 309 311 312 314 316 317 319 321 322 323 324
 325 326 327 328 329 330 331 332 333 334 335 336 337 338 339 340 341 342
 343 344 345 346 347 349 350 351 352 354 356 357 359 361 362 364 366 367
 369 370 371 372 373 374 375 376 377 380 382 383 385 386 387 388 389 390
 391 392 394 395 397 401 402 405 406 453 498 545 578 580 583 585 590 623
 625 628 630 633 670 675 814 909 913 914 919 924 928 943]
ids [  7  38  40  43  45  82  84  87  92  94 129 134 274 368 379 384 398 399
 404 668 673 681 693 753 771 783 801 812 816 817 818 819 820 821 822 823
 824 825 826 827 829 830 831 832 833 834 835 836 837 838 839 840 841 842
 843 844 845 847 848 849 851 852 853 854 855 856 857 858 859 861 862 863
 864 865 866 867 868 869 870 871 872 873 874 875 876 877 878 879 880 881
 882 883 884 885 886 887 888 889 890 892 894 896 897 899 901 902 904 906
 907 908 910 911 912 915 916 917 920 921 922 923 925 926 927 929 930 931
 932 934 935 937 939 940 941 942 944 946 948]
ids [   8   22   66   77   80   95  110  125  138  263  273  503  504  518
  519  529  534  543  663  678  680  715  718  720  723  725  758  760
  765  768  770  810  903  947  952  953  954  955  956  957  958  959
  960  961  962  963  964  965  967  968  969  970  971  972  973  974
  975  976  977  978  979  980  981  982  984  985  986  987  989  991
  992  994  995  996  997  998  999 1000 1001 1002 1003 1004 1005 1006
 1007 1008 1009 1010 1011 1012 1013 1014 1015 1016 1017 1018 1019 1020
 1021 1022 1023 1024 1025 1026 1027 1029 1031 1032 1034 1036 1037 1039
 1041 1042 1045 1046 1047 1050 1051 1052 1054 1055 1056 1057 1058 1060
 1061 1062 1063 1065 1066 1067 1068 1069 1070 1071 1072 1076 1077 1081]
ids [   5   48  139  234  238  239  244  248  249  258  259  264  378  533
  677  679  682  683  684  685  686  687  688  689  690  691  692  694
  695  696  697  698  699  700  701  702  703  704  705  706  707  708
  709  710  711  712  713  714  716  717  719  721  722  724  726  727
  728  729  730  731  732  733  734  735  736  737  738  739  740  741
  742  743  744  745  746  747  748  749  750  751  752  754  755  756
  757  759  761  762  763  764  766  767  769  772  773  774  775  776
  777  778  779  780  781  782  785  786  787  788  790  791  792  793
  795  796  797  799  800  802  805  806  807  811  828  846  891  936
  950  983  988  990 1028 1030 1033 1035 1038 1040 1075 1080]
ids [  6 102 107 108 112 117 118 123 133 183 228 275 310 313 315 320 353 355
 358 360 363 365 400 403 411 438 501 542 546 547 548 549 550 551 552 553
 554 555 556 557 559 560 562 563 564 565 566 567 568 569 570 571 572 573
 574 575 576 577 579 581 582 584 586 587 589 592 593 594 595 596 597 598
 599 600 601 602 603 604 605 606 607 608 609 610 611 612 613 614 615 616
 617 618 619 620 621 622 624 626 627 629 631 632 634 635 636 637 639 640
 641 642 645 646 647 648 650 651 652 653 655 656 657 658 660 661 662 665
 666 667 671 672 676 813]
ids [ 137  142  143  144  145  146  147  148  149  150  151  152  154  155
  157  158  159  160  161  162  163  164  165  166  167  169  170  171
  172  174  175  176  177  179  180  181  182  184  187  188  189  190
  191  192  193  194  195  196  197  198  199  200  202  203  204  205
  206  207  208  209  210  211  212  214  215  217  218  219  221  222
  224  225  226  227  229  232  233  235  236  237  240  241  242  243
  245  246  247  250  251  252  253  254  255  256  257  260  261  262
  266  267  269  271  306  348  381  393  396  410  443  445  448  450
  455  490  493  495  500  535  538  540  784  789  794  798  804  808
  809  918  933 1073 1078]
ids [ 122  140  173  178  185  220  223  230  265  268  270  318  407  408
  409  412  413  414  415  416  417  418  419  420  421  422  423  424
  425  426  427  428  429  430  431  432  433  434  435  436  437  439
  440  441  442  444  446  447  449  451  452  454  456  457  458  459
  460  461  462  463  464  465  466  467  468  469  470  471  472  473
  474  475  476  477  478  479  480  481  482  483  484  485  486  487
  488  489  491  492  494  496  497  499  502  505  506  507  508  509
  510  511  512  513  514  515  516  517  520  521  522  523  524  525
  526  527  528  530  531  532  536  537  539  541  558  561  588  591
  803  949 1043 1044 1048 1049 1053 1059 1064 1074 1079]
17:40:48-INFO: Step 84
17:40:48-DEBUG: Reaction systems: [[None]
 [0]]
17:40:48-DEBUG: rxn_pairs: [array([ 1, 13])]
17:40:48-DEBUG: Starting total colors: 5
17:40:48-DEBUG: Number of systems: 2
17:40:48-DEBUG: New total colors: 5
17:40:48-DEBUG: Potential energy for color 0: -31397.0051536663
ebond 3.129821157084677
ebond 3.129821157084677
ebond 3.129821157084677
ebond 3.129821157084677
ebond 3.129821157084677
17:40:48-DEBUG: Potential energy for color 1: -31396.42319847364
xhy 84 2 1 13
xhy 84 2 1 13
xhy 84 2 1 13
xhy 84 2 1 13
xhy 84 2 1 13
h_pos [ 7.72698576  9.33797731 10.62596387] x_pos [ 6.45700189  8.69500116 10.46497795] y_pos [ 8.17600687 10.59801269 10.41501435]
h_pos [ 7.72698576  9.33797731 10.62596387] x_pos [ 6.45700189  8.69500116 10.46497795] y_pos [ 8.17600687 10.59801269 10.41501435]
h_pos [ 7.72698576  9.33797731 10.62596387] x_pos [ 6.45700189  8.69500116 10.46497795] y_pos [ 8.17600687 10.59801269 10.41501435]
84 rHY 1.3541819792400176 rHX 1.4325480160248059 0.07836603678478826
h_pos [ 7.72698576  9.33797731 10.62596387] x_pos [ 6.45700189  8.69500116 10.46497795] y_pos [ 8.17600687 10.59801269 10.41501435]
84 rHY 1.3541819792400176 rHX 1.4325480160248059 0.07836603678478826
84 rHY 1.3541819792400176 rHX 1.4325480160248059 0.07836603678478826
84 rHY 1.3541819792400176 rHX 1.4325480160248059 0.07836603678478826
h_pos [ 7.72698576  9.33797731 10.62596387] x_pos [ 6.45700189  8.69500116 10.46497795] y_pos [ 8.17600687 10.59801269 10.41501435]
84 cpl_forces h [ 2.21446724  2.50753964 -0.07889791]
84 cpl_forces h [ 2.21446724  2.50753964 -0.07889791]
84 cpl_forces h [ 2.21446724  2.50753964 -0.07889791]
84 cpl_forces h [ 2.21446724  2.50753964 -0.07889791]
84 cpl_forces x [-1.61166436 -0.81596449 -0.20429808]
84 rHY 1.3541819792400176 rHX 1.4325480160248059 0.07836603678478826
84 cpl_forces x [-1.61166436 -0.81596449 -0.20429808]
84 cpl_forces x [-1.61166436 -0.81596449 -0.20429808]
84 cpl_forces x [-1.61166436 -0.81596449 -0.20429808]
84 cpl_forces y [-0.60280287 -1.69157515  0.28319599]
84 cpl_forces y [-0.60280287 -1.69157515  0.28319599]
84 cpl_forces y [-0.60280287 -1.69157515  0.28319599]
84 cpl_forces y [-0.60280287 -1.69157515  0.28319599]
84 cpl_forces h [ 2.21446724  2.50753964 -0.07889791]
17:40:48-DEBUG: System matrix: 
84 cpl_forces x [-1.61166436 -0.81596449 -0.20429808]
17:40:48-DEBUG: [[-3.13970052e+04  7.24949448e-01]
 [ 7.24949448e-01 -3.13964232e+04]]
17:40:48-DEBUG: Eigen values: 
84 cpl_forces y [-0.60280287 -1.69157515  0.28319599]
17:40:48-DEBUG: [-31397.49534165 -31395.93301049]
17:40:48-DEBUG: Occupancies: 
17:40:48-DEBUG: [1. 0.]
17:40:48-INFO: coupling 84 0.7249494475243978
17:40:48-DEBUG: Amplitudes: 
17:40:48-DEBUG: [0.68624579 0.31375421]
17:40:48-INFO: forces0 h [-15.98898695  -7.72742591  -2.43039825]
17:40:48-INFO: forces0 x [17.2203801   6.63041198  1.65325549]
17:40:48-INFO: forces0 y [ 3.34404158 -3.97769832  1.23684097]
17:40:48-INFO: forces1 h [ 3.56385381 12.55407803 -2.64482291]
17:40:48-INFO: forces1 x [ 3.680214    0.19815195 -0.64290461]
17:40:48-INFO: forces1 y [ -1.1761087  -14.89002804   3.0854038 ]
pos h  [ 7.72698576  9.33797731 10.62596387]
pos x  [ 6.45700189  8.69500116 10.46497795]
pos y  [ 8.17600687 10.59801269 10.41501435]
 mixed_cpl_forces: h [-2.05510437 -2.32708599  0.07322006]
 mixed_cpl_forces: x [1.49568186 0.75724407 0.18959589]
 mixed_cpl_forces: y [ 0.55942251  1.56984192 -0.26281595]
17:40:48-INFO: mixed forces h [-11.90930516  -3.69110459  -2.42445483]
17:40:48-INFO: mixed forces x [14.46777781  5.36950737  1.12242147]
17:40:48-INFO: mixed forces y [ 2.4852479  -5.83164583  1.5540194 ]
17:40:48-DEBUG: Minimum eigen value: 
17:40:48-DEBUG: -31397.495341649752
17:40:48-DEBUG: Minimum state: 
17:40:48-DEBUG: 0
        84   -31397.4953416498   -31397.4953416498        0.0000000000   -31397.0051536663        0.0000000000      0.29467459
ids [ 137  142  143  144  145  146  147  148  149  150  151  152  154  155
  157  158  159  160  161  162  163  164  165  166  167  169  170  171
  172  174  175  176  177  179  180  181  182  184  187  188  189  190
  191  192  193  194  195  196  197  198  199  200  202  203  204  205
  206  207  208  209  210  211  212  214  215  217  218  219  221  222
  224  225  226  227  229  232  233  235  236  237  240  241  242  243
  245  246  247  250  251  252  253  254  255  256  257  260  261  262
  266  267  269  271  306  348  381  393  396  410  443  445  448  450
  455  490  493  495  500  535  538  540  784  789  794  798  804  808
  809  918  933 1073 1078]
ids [  1   2   3   4   9  10  11  12  13  14  15  16  17  18  19  20  21  23
  24  25  26  27  28  29  30  31  32  33  34  35  36  37  39  41  42  44
  46  47  49  50  51  52  53  54  55  56  57  58  59  60  61  62  63  64
  65  67  68  69  70  71  72  73  74  75  76  78  79  81  83  85  86  88
  89  90  91  93  96  97  98  99 100 101 103 104 105 106 109 111 113 114
 115 116 119 120 121 124 126 128 130 131 132 135 136 544 638 643 644 649
 654 659 664 669 674 815 850 860 893 895 898 900 905 938 945 951 966 993]
ids [ 122  140  173  178  185  220  223  230  265  268  270  318  407  408
  409  412  413  414  415  416  417  418  419  420  421  422  423  424
  425  426  427  428  429  430  431  432  433  434  435  436  437  439
  440  441  442  444  446  447  449  451  452  454  456  457  458  459
  460  461  462  463  464  465  466  467  468  469  470  471  472  473
  474  475  476  477  478  479  480  481  482  483  484  485  486  487
  488  489  491  492  494  496  497  499  502  505  506  507  508  509
  510  511  512  513  514  515  516  517  520  521  522  523  524  525
  526  527  528  530  531  532  536  537  539  541  558  561  588  591
  803  949 1043 1044 1048 1049 1053 1059 1064 1074 1079]
ids [127 141 153 156 168 186 201 213 216 231 272 276 277 278 279 280 281 282
 283 284 285 286 287 288 289 290 291 292 293 294 295 296 297 298 299 300
 301 302 303 304 305 307 308 309 311 312 314 316 317 319 321 322 323 324
 325 326 327 328 329 330 331 332 333 334 335 336 337 338 339 340 341 342
 343 344 345 346 347 349 350 351 352 354 356 357 359 361 362 364 366 367
 369 370 371 372 373 374 375 376 377 380 382 383 385 386 387 388 389 390
 391 392 394 395 397 401 402 405 406 453 498 545 578 580 583 585 590 623
 625 628 630 633 670 675 814 909 913 914 919 924 928 943]
ids [  7  38  40  43  45  82  84  87  92  94 129 134 274 368 379 384 398 399
 404 668 673 681 693 753 771 783 801 812 816 817 818 819 820 821 822 823
 824 825 826 827 829 830 831 832 833 834 835 836 837 838 839 840 841 842
 843 844 845 847 848 849 851 852 853 854 855 856 857 858 859 861 862 863
 864 865 866 867 868 869 870 871 872 873 874 875 876 877 878 879 880 881
 882 883 884 885 886 887 888 889 890 892 894 896 897 899 901 902 904 906
 907 908 910 911 912 915 916 917 920 921 922 923 925 926 927 929 930 931
 932 934 935 937 939 940 941 942 944 946 948]
ids [   8   22   66   77   80   95  110  125  138  263  273  503  504  518
  519  529  534  543  663  678  680  715  718  720  723  725  758  760
  765  768  770  810  903  947  952  953  954  955  956  957  958  959
  960  961  962  963  964  965  967  968  969  970  971  972  973  974
  975  976  977  978  979  980  981  982  984  985  986  987  989  991
  992  994  995  996  997  998  999 1000 1001 1002 1003 1004 1005 1006
 1007 1008 1009 1010 1011 1012 1013 1014 1015 1016 1017 1018 1019 1020
 1021 1022 1023 1024 1025 1026 1027 1029 1031 1032 1034 1036 1037 1039
 1041 1042 1045 1046 1047 1050 1051 1052 1054 1055 1056 1057 1058 1060
 1061 1062 1063 1065 1066 1067 1068 1069 1070 1071 1072 1076 1077 1081]
ids [   5   48  139  234  238  239  244  248  249  258  259  264  378  533
  677  679  682  683  684  685  686  687  688  689  690  691  692  694
  695  696  697  698  699  700  701  702  703  704  705  706  707  708
  709  710  711  712  713  714  716  717  719  721  722  724  726  727
  728  729  730  731  732  733  734  735  736  737  738  739  740  741
  742  743  744  745  746  747  748  749  750  751  752  754  755  756
  757  759  761  762  763  764  766  767  769  772  773  774  775  776
  777  778  779  780  781  782  785  786  787  788  790  791  792  793
  795  796  797  799  800  802  805  806  807  811  828  846  891  936
  950  983  988  990 1028 1030 1033 1035 1038 1040 1075 1080]
ids [  6 102 107 108 112 117 118 123 133 183 228 275 310 313 315 320 353 355
 358 360 363 365 400 403 411 438 501 542 546 547 548 549 550 551 552 553
 554 555 556 557 559 560 562 563 564 565 566 567 568 569 570 571 572 573
 574 575 576 577 579 581 582 584 586 587 589 592 593 594 595 596 597 598
 599 600 601 602 603 604 605 606 607 608 609 610 611 612 613 614 615 616
 617 618 619 620 621 622 624 626 627 629 631 632 634 635 636 637 639 640
 641 642 645 646 647 648 650 651 652 653 655 656 657 658 660 661 662 665
 666 667 671 672 676 813]
17:40:48-INFO: Step 85
17:40:48-DEBUG: Reaction systems: [[None]
 [0]]
17:40:48-DEBUG: rxn_pairs: [array([ 1, 13])]
17:40:48-DEBUG: Starting total colors: 5
17:40:48-DEBUG: Number of systems: 2
17:40:48-DEBUG: New total colors: 5
17:40:48-DEBUG: Potential energy for color 0: -31397.0051536663
ebond 3.129821157084677
ebond 3.129821157084677
ebond 3.129821157084677
ebond 3.129821157084677
ebond 3.129821157084677
17:40:48-DEBUG: Potential energy for color 1: -31396.42319847364
xhy 85 2 1 13
xhy 85 2 1 13
xhy 85 2 1 13
xhy 85 2 1 13
xhy 85 2 1 13
h_pos [ 7.72698576  9.33797731 10.62596387] x_pos [ 6.45700189  8.69500116 10.46497795] y_pos [ 8.17600687 10.59801269 10.41501435]
85 rHY 1.3541819792400176 rHX 1.4325480160248059 0.07836603678478826
h_pos [ 7.72698576  9.33797731 10.62596387] x_pos [ 6.45700189  8.69500116 10.46497795] y_pos [ 8.17600687 10.59801269 10.41501435]
h_pos [ 7.72698576  9.33797731 10.62596387] x_pos [ 6.45700189  8.69500116 10.46497795] y_pos [ 8.17600687 10.59801269 10.41501435]
85 rHY 1.3541819792400176 rHX 1.4325480160248059 0.07836603678478826
h_pos [ 7.72698576  9.33797731 10.62596387] x_pos [ 6.45700189  8.69500116 10.46497795] y_pos [ 8.17600687 10.59801269 10.41501435]
85 rHY 1.3541819792400176 rHX 1.4325480160248059 0.07836603678478826
h_pos [ 7.72698576  9.33797731 10.62596387] x_pos [ 6.45700189  8.69500116 10.46497795] y_pos [ 8.17600687 10.59801269 10.41501435]
85 rHY 1.3541819792400176 rHX 1.4325480160248059 0.07836603678478826
85 rHY 1.3541819792400176 rHX 1.4325480160248059 0.07836603678478826
85 cpl_forces h [ 2.21446724  2.50753964 -0.07889791]
85 cpl_forces h [ 2.21446724  2.50753964 -0.07889791]
85 cpl_forces h [ 2.21446724  2.50753964 -0.07889791]
85 cpl_forces h [ 2.21446724  2.50753964 -0.07889791]
85 cpl_forces x [-1.61166436 -0.81596449 -0.20429808]
85 cpl_forces x [-1.61166436 -0.81596449 -0.20429808]
85 cpl_forces x [-1.61166436 -0.81596449 -0.20429808]
85 cpl_forces x [-1.61166436 -0.81596449 -0.20429808]
85 cpl_forces y [-0.60280287 -1.69157515  0.28319599]
85 cpl_forces y [-0.60280287 -1.69157515  0.28319599]
85 cpl_forces y [-0.60280287 -1.69157515  0.28319599]
85 cpl_forces y [-0.60280287 -1.69157515  0.28319599]
85 cpl_forces h [ 2.21446724  2.50753964 -0.07889791]
17:40:48-DEBUG: System matrix: 
85 cpl_forces x [-1.61166436 -0.81596449 -0.20429808]
17:40:48-DEBUG: [[-3.13970052e+04  7.24949448e-01]
 [ 7.24949448e-01 -3.13964232e+04]]
85 cpl_forces y [-0.60280287 -1.69157515  0.28319599]
17:40:48-DEBUG: Eigen values: 
17:40:48-DEBUG: [-31397.49534165 -31395.93301049]
17:40:48-DEBUG: Occupancies: 
17:40:48-DEBUG: [1. 0.]
17:40:48-INFO: coupling 85 0.7249494475243978
17:40:48-DEBUG: Amplitudes: 
17:40:48-DEBUG: [0.68624579 0.31375421]
17:40:48-INFO: forces0 h [-15.98898695  -7.72742591  -2.43039825]
17:40:48-INFO: forces0 x [17.2203801   6.63041198  1.65325549]
17:40:48-INFO: forces0 y [ 3.34404158 -3.97769832  1.23684097]
17:40:48-INFO: forces1 h [ 3.56385381 12.55407803 -2.64482291]
17:40:48-INFO: forces1 x [ 3.680214    0.19815195 -0.64290461]
17:40:48-INFO: forces1 y [ -1.1761087  -14.89002804   3.0854038 ]
pos h  [ 7.72698576  9.33797731 10.62596387]
pos x  [ 6.45700189  8.69500116 10.46497795]
pos y  [ 8.17600687 10.59801269 10.41501435]
 mixed_cpl_forces: h [-2.05510437 -2.32708599  0.07322006]
 mixed_cpl_forces: x [1.49568186 0.75724407 0.18959589]
 mixed_cpl_forces: y [ 0.55942251  1.56984192 -0.26281595]
17:40:48-INFO: mixed forces h [-11.90930516  -3.69110459  -2.42445483]
17:40:48-INFO: mixed forces x [14.46777781  5.36950737  1.12242147]
17:40:48-INFO: mixed forces y [ 2.4852479  -5.83164583  1.5540194 ]
17:40:48-DEBUG: Minimum eigen value: 
17:40:48-DEBUG: -31397.495341649752
17:40:48-DEBUG: Minimum state: 
17:40:48-DEBUG: 0
        85   -31397.4953416498   -31397.4953416498        0.0000000000   -31397.0051536663        0.0000000000      0.28565630
ids [  1   2   3   4   9  10  11  12  13  14  15  16  17  18  19  20  21  23
  24  25  26  27  28  29  30  31  32  33  34  35  36  37  39  41  42  44
  46  47  49  50  51  52  53  54  55  56  57  58  59  60  61  62  63  64
  65  67  68  69  70  71  72  73  74  75  76  78  79  81  83  85  86  88
  89  90  91  93  96  97  98  99 100 101 103 104 105 106 109 111 113 114
 115 116 119 120 121 124 126 128 130 131 132 135 136 544 638 643 644 649
 654 659 664 669 674 815 850 860 893 895 898 900 905 938 945 951 966 993]
ids [  6 102 107 108 112 117 118 123 133 183 228 275 310 313 315 320 353 355
 358 360 363 365 400 403 411 438 501 542 546 547 548 549 550 551 552 553
 554 555 556 557 559 560 562 563 564 565 566 567 568 569 570 571 572 573
 574 575 576 577 579 581 582 584 586 587 589 592 593 594 595 596 597 598
 599 600 601 602 603 604 605 606 607 608 609 610 611 612 613 614 615 616
 617 618 619 620 621 622 624 626 627 629 631 632 634 635 636 637 639 640
 641 642 645 646 647 648 650 651 652 653 655 656 657 658 660 661 662 665
 666 667 671 672 676 813]
ids [ 122  140  173  178  185  220  223  230  265  268  270  318  407  408
  409  412  413  414  415  416  417  418  419  420  421  422  423  424
  425  426  427  428  429  430  431  432  433  434  435  436  437  439
  440  441  442  444  446  447  449  451  452  454  456  457  458  459
  460  461  462  463  464  465  466  467  468  469  470  471  472  473
  474  475  476  477  478  479  480  481  482  483  484  485  486  487
  488  489  491  492  494  496  497  499  502  505  506  507  508  509
  510  511  512  513  514  515  516  517  520  521  522  523  524  525
  526  527  528  530  531  532  536  537  539  541  558  561  588  591
  803  949 1043 1044 1048 1049 1053 1059 1064 1074 1079]
ids [127 141 153 156 168 186 201 213 216 231 272 276 277 278 279 280 281 282
 283 284 285 286 287 288 289 290 291 292 293 294 295 296 297 298 299 300
 301 302 303 304 305 307 308 309 311 312 314 316 317 319 321 322 323 324
 325 326 327 328 329 330 331 332 333 334 335 336 337 338 339 340 341 342
 343 344 345 346 347 349 350 351 352 354 356 357 359 361 362 364 366 367
 369 370 371 372 373 374 375 376 377 380 382 383 385 386 387 388 389 390
 391 392 394 395 397 401 402 405 406 453 498 545 578 580 583 585 590 623
 625 628 630 633 670 675 814 909 913 914 919 924 928 943]
ids [  7  38  40  43  45  82  84  87  92  94 129 134 274 368 379 384 398 399
 404 668 673 681 693 753 771 783 801 812 816 817 818 819 820 821 822 823
 824 825 826 827 829 830 831 832 833 834 835 836 837 838 839 840 841 842
 843 844 845 847 848 849 851 852 853 854 855 856 857 858 859 861 862 863
 864 865 866 867 868 869 870 871 872 873 874 875 876 877 878 879 880 881
 882 883 884 885 886 887 888 889 890 892 894 896 897 899 901 902 904 906
 907 908 910 911 912 915 916 917 920 921 922 923 925 926 927 929 930 931
 932 934 935 937 939 940 941 942 944 946 948]
ids [   8   22   66   77   80   95  110  125  138  263  273  503  504  518
  519  529  534  543  663  678  680  715  718  720  723  725  758  760
  765  768  770  810  903  947  952  953  954  955  956  957  958  959
  960  961  962  963  964  965  967  968  969  970  971  972  973  974
  975  976  977  978  979  980  981  982  984  985  986  987  989  991
  992  994  995  996  997  998  999 1000 1001 1002 1003 1004 1005 1006
 1007 1008 1009 1010 1011 1012 1013 1014 1015 1016 1017 1018 1019 1020
 1021 1022 1023 1024 1025 1026 1027 1029 1031 1032 1034 1036 1037 1039
 1041 1042 1045 1046 1047 1050 1051 1052 1054 1055 1056 1057 1058 1060
 1061 1062 1063 1065 1066 1067 1068 1069 1070 1071 1072 1076 1077 1081]
ids [   5   48  139  234  238  239  244  248  249  258  259  264  378  533
  677  679  682  683  684  685  686  687  688  689  690  691  692  694
  695  696  697  698  699  700  701  702  703  704  705  706  707  708
  709  710  711  712  713  714  716  717  719  721  722  724  726  727
  728  729  730  731  732  733  734  735  736  737  738  739  740  741
  742  743  744  745  746  747  748  749  750  751  752  754  755  756
  757  759  761  762  763  764  766  767  769  772  773  774  775  776
  777  778  779  780  781  782  785  786  787  788  790  791  792  793
  795  796  797  799  800  802  805  806  807  811  828  846  891  936
  950  983  988  990 1028 1030 1033 1035 1038 1040 1075 1080]
ids [ 137  142  143  144  145  146  147  148  149  150  151  152  154  155
  157  158  159  160  161  162  163  164  165  166  167  169  170  171
  172  174  175  176  177  179  180  181  182  184  187  188  189  190
  191  192  193  194  195  196  197  198  199  200  202  203  204  205
  206  207  208  209  210  211  212  214  215  217  218  219  221  222
  224  225  226  227  229  232  233  235  236  237  240  241  242  243
  245  246  247  250  251  252  253  254  255  256  257  260  261  262
  266  267  269  271  306  348  381  393  396  410  443  445  448  450
  455  490  493  495  500  535  538  540  784  789  794  798  804  808
  809  918  933 1073 1078]
17:40:48-INFO: Step 86
17:40:48-DEBUG: Reaction systems: [[None]
 [0]]
17:40:48-DEBUG: rxn_pairs: [array([ 1, 13])]
17:40:48-DEBUG: Starting total colors: 5
17:40:48-DEBUG: Number of systems: 2
17:40:48-DEBUG: New total colors: 5
17:40:48-DEBUG: Potential energy for color 0: -31397.0051536663
ebond 3.129821157084677
ebond 3.129821157084677
ebond 3.129821157084677
ebond 3.129821157084677
ebond 3.129821157084677
17:40:48-DEBUG: Potential energy for color 1: -31396.42319847364
xhy 86 2 1 13
xhy 86 2 1 13
xhy 86 2 1 13
xhy 86 2 1 13
xhy 86 2 1 13
h_pos [ 7.72698576  9.33797731 10.62596387] x_pos [ 6.45700189  8.69500116 10.46497795] y_pos [ 8.17600687 10.59801269 10.41501435]
h_pos [ 7.72698576  9.33797731 10.62596387] x_pos [ 6.45700189  8.69500116 10.46497795] y_pos [ 8.17600687 10.59801269 10.41501435]
h_pos [ 7.72698576  9.33797731 10.62596387] x_pos [ 6.45700189  8.69500116 10.46497795] y_pos [ 8.17600687 10.59801269 10.41501435]
86 rHY 1.3541819792400176 rHX 1.4325480160248059 0.07836603678478826
h_pos [ 7.72698576  9.33797731 10.62596387] x_pos [ 6.45700189  8.69500116 10.46497795] y_pos [ 8.17600687 10.59801269 10.41501435]
86 rHY 1.3541819792400176 rHX 1.4325480160248059 0.07836603678478826
h_pos [ 7.72698576  9.33797731 10.62596387] x_pos [ 6.45700189  8.69500116 10.46497795] y_pos [ 8.17600687 10.59801269 10.41501435]
86 rHY 1.3541819792400176 rHX 1.4325480160248059 0.07836603678478826
86 rHY 1.3541819792400176 rHX 1.4325480160248059 0.07836603678478826
86 cpl_forces h [ 2.21446724  2.50753964 -0.07889791]
86 cpl_forces h [ 2.21446724  2.50753964 -0.07889791]
86 rHY 1.3541819792400176 rHX 1.4325480160248059 0.07836603678478826
86 cpl_forces h [ 2.21446724  2.50753964 -0.07889791]
86 cpl_forces x [-1.61166436 -0.81596449 -0.20429808]
86 cpl_forces x [-1.61166436 -0.81596449 -0.20429808]
86 cpl_forces x [-1.61166436 -0.81596449 -0.20429808]
86 cpl_forces h [ 2.21446724  2.50753964 -0.07889791]
86 cpl_forces x [-1.61166436 -0.81596449 -0.20429808]
86 cpl_forces y [-0.60280287 -1.69157515  0.28319599]
86 cpl_forces y [-0.60280287 -1.69157515  0.28319599]
86 cpl_forces y [-0.60280287 -1.69157515  0.28319599]
86 cpl_forces y [-0.60280287 -1.69157515  0.28319599]
86 cpl_forces h [ 2.21446724  2.50753964 -0.07889791]
17:40:48-DEBUG: System matrix: 
86 cpl_forces x [-1.61166436 -0.81596449 -0.20429808]
17:40:48-DEBUG: [[-3.13970052e+04  7.24949448e-01]
 [ 7.24949448e-01 -3.13964232e+04]]
86 cpl_forces y [-0.60280287 -1.69157515  0.28319599]
17:40:48-DEBUG: Eigen values: 
17:40:48-DEBUG: [-31397.49534165 -31395.93301049]
17:40:48-DEBUG: Occupancies: 
17:40:48-DEBUG: [1. 0.]
17:40:48-INFO: coupling 86 0.7249494475243978
17:40:48-DEBUG: Amplitudes: 
17:40:48-DEBUG: [0.68624579 0.31375421]
17:40:48-INFO: forces0 h [-15.98898695  -7.72742591  -2.43039825]
17:40:48-INFO: forces0 x [17.2203801   6.63041198  1.65325549]
17:40:48-INFO: forces0 y [ 3.34404158 -3.97769832  1.23684097]
17:40:48-INFO: forces1 h [ 3.56385381 12.55407803 -2.64482291]
17:40:48-INFO: forces1 x [ 3.680214    0.19815195 -0.64290461]
17:40:48-INFO: forces1 y [ -1.1761087  -14.89002804   3.0854038 ]
pos h  [ 7.72698576  9.33797731 10.62596387]
pos x  [ 6.45700189  8.69500116 10.46497795]
pos y  [ 8.17600687 10.59801269 10.41501435]
 mixed_cpl_forces: h [-2.05510437 -2.32708599  0.07322006]
 mixed_cpl_forces: x [1.49568186 0.75724407 0.18959589]
 mixed_cpl_forces: y [ 0.55942251  1.56984192 -0.26281595]
17:40:48-INFO: mixed forces h [-11.90930516  -3.69110459  -2.42445483]
17:40:48-INFO: mixed forces x [14.46777781  5.36950737  1.12242147]
17:40:48-INFO: mixed forces y [ 2.4852479  -5.83164583  1.5540194 ]
17:40:48-DEBUG: Minimum eigen value: 
17:40:48-DEBUG: -31397.495341649752
17:40:48-DEBUG: Minimum state: 
17:40:48-DEBUG: 0
        86   -31397.4953416498   -31397.4953416498        0.0000000000   -31397.0051536663        0.0000000000      0.26596201
ids [  1   2   3   4   9  10  11  12  13  14  15  16  17  18  19  20  21  23
  24  25  26  27  28  29  30  31  32  33  34  35  36  37  39  41  42  44
  46  47  49  50  51  52  53  54  55  56  57  58  59  60  61  62  63  64
  65  67  68  69  70  71  72  73  74  75  76  78  79  81  83  85  86  88
  89  90  91  93  96  97  98  99 100 101 103 104 105 106 109 111 113 114
 115 116 119 120 121 124 126 128 130 131 132 135 136 544 638 643 644 649
 654 659 664 669 674 815 850 860 893 895 898 900 905 938 945 951 966 993]
ids [ 137  142  143  144  145  146  147  148  149  150  151  152  154  155
  157  158  159  160  161  162  163  164  165  166  167  169  170  171
  172  174  175  176  177  179  180  181  182  184  187  188  189  190
  191  192  193  194  195  196  197  198  199  200  202  203  204  205
  206  207  208  209  210  211  212  214  215  217  218  219  221  222
  224  225  226  227  229  232  233  235  236  237  240  241  242  243
  245  246  247  250  251  252  253  254  255  256  257  260  261  262
  266  267  269  271  306  348  381  393  396  410  443  445  448  450
  455  490  493  495  500  535  538  540  784  789  794  798  804  808
  809  918  933 1073 1078]
ids [  6 102 107 108 112 117 118 123 133 183 228 275 310 313 315 320 353 355
 358 360 363 365 400 403 411 438 501 542 546 547 548 549 550 551 552 553
 554 555 556 557 559 560 562 563 564 565 566 567 568 569 570 571 572 573
 574 575 576 577 579 581 582 584 586 587 589 592 593 594 595 596 597 598
 599 600 601 602 603 604 605 606 607 608 609 610 611 612 613 614 615 616
 617 618 619 620 621 622 624 626 627 629 631 632 634 635 636 637 639 640
 641 642 645 646 647 648 650 651 652 653 655 656 657 658 660 661 662 665
 666 667 671 672 676 813]
ids [ 122  140  173  178  185  220  223  230  265  268  270  318  407  408
  409  412  413  414  415  416  417  418  419  420  421  422  423  424
  425  426  427  428  429  430  431  432  433  434  435  436  437  439
  440  441  442  444  446  447  449  451  452  454  456  457  458  459
  460  461  462  463  464  465  466  467  468  469  470  471  472  473
  474  475  476  477  478  479  480  481  482  483  484  485  486  487
  488  489  491  492  494  496  497  499  502  505  506  507  508  509
  510  511  512  513  514  515  516  517  520  521  522  523  524  525
  526  527  528  530  531  532  536  537  539  541  558  561  588  591
  803  949 1043 1044 1048 1049 1053 1059 1064 1074 1079]
ids [127 141 153 156 168 186 201 213 216 231 272 276 277 278 279 280 281 282
 283 284 285 286 287 288 289 290 291 292 293 294 295 296 297 298 299 300
 301 302 303 304 305 307 308 309 311 312 314 316 317 319 321 322 323 324
 325 326 327 328 329 330 331 332 333 334 335 336 337 338 339 340 341 342
 343 344 345 346 347 349 350 351 352 354 356 357 359 361 362 364 366 367
 369 370 371 372 373 374 375 376 377 380 382 383 385 386 387 388 389 390
 391 392 394 395 397 401 402 405 406 453 498 545 578 580 583 585 590 623
 625 628 630 633 670 675 814 909 913 914 919 924 928 943]
ids [  7  38  40  43  45  82  84  87  92  94 129 134 274 368 379 384 398 399
 404 668 673 681 693 753 771 783 801 812 816 817 818 819 820 821 822 823
 824 825 826 827 829 830 831 832 833 834 835 836 837 838 839 840 841 842
 843 844 845 847 848 849 851 852 853 854 855 856 857 858 859 861 862 863
 864 865 866 867 868 869 870 871 872 873 874 875 876 877 878 879 880 881
 882 883 884 885 886 887 888 889 890 892 894 896 897 899 901 902 904 906
 907 908 910 911 912 915 916 917 920 921 922 923 925 926 927 929 930 931
 932 934 935 937 939 940 941 942 944 946 948]
ids [   8   22   66   77   80   95  110  125  138  263  273  503  504  518
  519  529  534  543  663  678  680  715  718  720  723  725  758  760
  765  768  770  810  903  947  952  953  954  955  956  957  958  959
  960  961  962  963  964  965  967  968  969  970  971  972  973  974
  975  976  977  978  979  980  981  982  984  985  986  987  989  991
  992  994  995  996  997  998  999 1000 1001 1002 1003 1004 1005 1006
 1007 1008 1009 1010 1011 1012 1013 1014 1015 1016 1017 1018 1019 1020
 1021 1022 1023 1024 1025 1026 1027 1029 1031 1032 1034 1036 1037 1039
 1041 1042 1045 1046 1047 1050 1051 1052 1054 1055 1056 1057 1058 1060
 1061 1062 1063 1065 1066 1067 1068 1069 1070 1071 1072 1076 1077 1081]
ids [   5   48  139  234  238  239  244  248  249  258  259  264  378  533
  677  679  682  683  684  685  686  687  688  689  690  691  692  694
  695  696  697  698  699  700  701  702  703  704  705  706  707  708
  709  710  711  712  713  714  716  717  719  721  722  724  726  727
  728  729  730  731  732  733  734  735  736  737  738  739  740  741
  742  743  744  745  746  747  748  749  750  751  752  754  755  756
  757  759  761  762  763  764  766  767  769  772  773  774  775  776
  777  778  779  780  781  782  785  786  787  788  790  791  792  793
  795  796  797  799  800  802  805  806  807  811  828  846  891  936
  950  983  988  990 1028 1030 1033 1035 1038 1040 1075 1080]
17:40:48-INFO: Step 87
17:40:48-DEBUG: Reaction systems: [[None]
 [0]]
17:40:48-DEBUG: rxn_pairs: [array([ 1, 13])]
17:40:48-DEBUG: Starting total colors: 5
17:40:48-DEBUG: Number of systems: 2
17:40:48-DEBUG: New total colors: 5
17:40:49-DEBUG: Potential energy for color 0: -31397.0051536663
ebond 3.129821157084677
ebond 3.129821157084677
ebond 3.129821157084677
ebond 3.129821157084677
ebond 3.129821157084677
17:40:49-DEBUG: Potential energy for color 1: -31396.42319847364
xhy 87 2 1 13
xhy 87 2 1 13
xhy 87 2 1 13
xhy 87 2 1 13
xhy 87 2 1 13
h_pos [ 7.72698576  9.33797731 10.62596387] x_pos [ 6.45700189  8.69500116 10.46497795] y_pos [ 8.17600687 10.59801269 10.41501435]
87 rHY 1.3541819792400176 rHX 1.4325480160248059 0.07836603678478826
h_pos [ 7.72698576  9.33797731 10.62596387] x_pos [ 6.45700189  8.69500116 10.46497795] y_pos [ 8.17600687 10.59801269 10.41501435]
87 rHY 1.3541819792400176 rHX 1.4325480160248059 0.07836603678478826
h_pos [ 7.72698576  9.33797731 10.62596387] x_pos [ 6.45700189  8.69500116 10.46497795] y_pos [ 8.17600687 10.59801269 10.41501435]
87 rHY 1.3541819792400176 rHX 1.4325480160248059 0.07836603678478826
h_pos [ 7.72698576  9.33797731 10.62596387] x_pos [ 6.45700189  8.69500116 10.46497795] y_pos [ 8.17600687 10.59801269 10.41501435]
87 rHY 1.3541819792400176 rHX 1.4325480160248059 0.07836603678478826
h_pos [ 7.72698576  9.33797731 10.62596387] x_pos [ 6.45700189  8.69500116 10.46497795] y_pos [ 8.17600687 10.59801269 10.41501435]
87 rHY 1.3541819792400176 rHX 1.4325480160248059 0.07836603678478826
87 cpl_forces h [ 2.21446724  2.50753964 -0.07889791]
87 cpl_forces h [ 2.21446724  2.50753964 -0.07889791]
87 cpl_forces h [ 2.21446724  2.50753964 -0.07889791]
87 cpl_forces h [ 2.21446724  2.50753964 -0.07889791]
87 cpl_forces x [-1.61166436 -0.81596449 -0.20429808]
87 cpl_forces x [-1.61166436 -0.81596449 -0.20429808]
87 cpl_forces x [-1.61166436 -0.81596449 -0.20429808]
87 cpl_forces x [-1.61166436 -0.81596449 -0.20429808]
87 cpl_forces y [-0.60280287 -1.69157515  0.28319599]
87 cpl_forces y [-0.60280287 -1.69157515  0.28319599]
87 cpl_forces y [-0.60280287 -1.69157515  0.28319599]
87 cpl_forces y [-0.60280287 -1.69157515  0.28319599]
87 cpl_forces h [ 2.21446724  2.50753964 -0.07889791]
87 cpl_forces x [-1.61166436 -0.81596449 -0.20429808]
17:40:49-DEBUG: System matrix: 
87 cpl_forces y [-0.60280287 -1.69157515  0.28319599]
17:40:49-DEBUG: [[-3.13970052e+04  7.24949448e-01]
 [ 7.24949448e-01 -3.13964232e+04]]
17:40:49-DEBUG: Eigen values: 
17:40:49-DEBUG: [-31397.49534165 -31395.93301049]
17:40:49-DEBUG: Occupancies: 
17:40:49-DEBUG: [1. 0.]
17:40:49-INFO: coupling 87 0.7249494475243978
17:40:49-DEBUG: Amplitudes: 
17:40:49-DEBUG: [0.68624579 0.31375421]
17:40:49-INFO: forces0 h [-15.98898695  -7.72742591  -2.43039825]
17:40:49-INFO: forces0 x [17.2203801   6.63041198  1.65325549]
17:40:49-INFO: forces0 y [ 3.34404158 -3.97769832  1.23684097]
17:40:49-INFO: forces1 h [ 3.56385381 12.55407803 -2.64482291]
17:40:49-INFO: forces1 x [ 3.680214    0.19815195 -0.64290461]
17:40:49-INFO: forces1 y [ -1.1761087  -14.89002804   3.0854038 ]
pos h  [ 7.72698576  9.33797731 10.62596387]
pos x  [ 6.45700189  8.69500116 10.46497795]
pos y  [ 8.17600687 10.59801269 10.41501435]
 mixed_cpl_forces: h [-2.05510437 -2.32708599  0.07322006]
 mixed_cpl_forces: x [1.49568186 0.75724407 0.18959589]
 mixed_cpl_forces: y [ 0.55942251  1.56984192 -0.26281595]
17:40:49-INFO: mixed forces h [-11.90930516  -3.69110459  -2.42445483]
17:40:49-INFO: mixed forces x [14.46777781  5.36950737  1.12242147]
17:40:49-INFO: mixed forces y [ 2.4852479  -5.83164583  1.5540194 ]
17:40:49-DEBUG: Minimum eigen value: 
17:40:49-DEBUG: -31397.495341649752
17:40:49-DEBUG: Minimum state: 
17:40:49-DEBUG: 0
        87   -31397.4953416498   -31397.4953416498        0.0000000000   -31397.0051536663        0.0000000000      0.29410064
ids [   8   22   66   77   80   95  110  125  138  263  273  503  504  518
  519  529  534  543  663  678  680  715  718  720  723  725  758  760
  765  768  770  810  903  947  952  953  954  955  956  957  958  959
  960  961  962  963  964  965  967  968  969  970  971  972  973  974
  975  976  977  978  979  980  981  982  984  985  986  987  989  991
  992  994  995  996  997  998  999 1000 1001 1002 1003 1004 1005 1006
 1007 1008 1009 1010 1011 1012 1013 1014 1015 1016 1017 1018 1019 1020
 1021 1022 1023 1024 1025 1026 1027 1029 1031 1032 1034 1036 1037 1039
 1041 1042 1045 1046 1047 1050 1051 1052 1054 1055 1056 1057 1058 1060
 1061 1062 1063 1065 1066 1067 1068 1069 1070 1071 1072 1076 1077 1081]
ids [  1   2   3   4   9  10  11  12  13  14  15  16  17  18  19  20  21  23
  24  25  26  27  28  29  30  31  32  33  34  35  36  37  39  41  42  44
  46  47  49  50  51  52  53  54  55  56  57  58  59  60  61  62  63  64
  65  67  68  69  70  71  72  73  74  75  76  78  79  81  83  85  86  88
  89  90  91  93  96  97  98  99 100 101 103 104 105 106 109 111 113 114
 115 116 119 120 121 124 126 128 130 131 132 135 136 544 638 643 644 649
 654 659 664 669 674 815 850 860 893 895 898 900 905 938 945 951 966 993]
ids [   5   48  139  234  238  239  244  248  249  258  259  264  378  533
  677  679  682  683  684  685  686  687  688  689  690  691  692  694
  695  696  697  698  699  700  701  702  703  704  705  706  707  708
  709  710  711  712  713  714  716  717  719  721  722  724  726  727
  728  729  730  731  732  733  734  735  736  737  738  739  740  741
  742  743  744  745  746  747  748  749  750  751  752  754  755  756
  757  759  761  762  763  764  766  767  769  772  773  774  775  776
  777  778  779  780  781  782  785  786  787  788  790  791  792  793
  795  796  797  799  800  802  805  806  807  811  828  846  891  936
  950  983  988  990 1028 1030 1033 1035 1038 1040 1075 1080]
ids [ 137  142  143  144  145  146  147  148  149  150  151  152  154  155
  157  158  159  160  161  162  163  164  165  166  167  169  170  171
  172  174  175  176  177  179  180  181  182  184  187  188  189  190
  191  192  193  194  195  196  197  198  199  200  202  203  204  205
  206  207  208  209  210  211  212  214  215  217  218  219  221  222
  224  225  226  227  229  232  233  235  236  237  240  241  242  243
  245  246  247  250  251  252  253  254  255  256  257  260  261  262
  266  267  269  271  306  348  381  393  396  410  443  445  448  450
  455  490  493  495  500  535  538  540  784  789  794  798  804  808
  809  918  933 1073 1078]
ids [  6 102 107 108 112 117 118 123 133 183 228 275 310 313 315 320 353 355
 358 360 363 365 400 403 411 438 501 542 546 547 548 549 550 551 552 553
 554 555 556 557 559 560 562 563 564 565 566 567 568 569 570 571 572 573
 574 575 576 577 579 581 582 584 586 587 589 592 593 594 595 596 597 598
 599 600 601 602 603 604 605 606 607 608 609 610 611 612 613 614 615 616
 617 618 619 620 621 622 624 626 627 629 631 632 634 635 636 637 639 640
 641 642 645 646 647 648 650 651 652 653 655 656 657 658 660 661 662 665
 666 667 671 672 676 813]
ids [ 122  140  173  178  185  220  223  230  265  268  270  318  407  408
  409  412  413  414  415  416  417  418  419  420  421  422  423  424
  425  426  427  428  429  430  431  432  433  434  435  436  437  439
  440  441  442  444  446  447  449  451  452  454  456  457  458  459
  460  461  462  463  464  465  466  467  468  469  470  471  472  473
  474  475  476  477  478  479  480  481  482  483  484  485  486  487
  488  489  491  492  494  496  497  499  502  505  506  507  508  509
  510  511  512  513  514  515  516  517  520  521  522  523  524  525
  526  527  528  530  531  532  536  537  539  541  558  561  588  591
  803  949 1043 1044 1048 1049 1053 1059 1064 1074 1079]
ids [127 141 153 156 168 186 201 213 216 231 272 276 277 278 279 280 281 282
 283 284 285 286 287 288 289 290 291 292 293 294 295 296 297 298 299 300
 301 302 303 304 305 307 308 309 311 312 314 316 317 319 321 322 323 324
 325 326 327 328 329 330 331 332 333 334 335 336 337 338 339 340 341 342
 343 344 345 346 347 349 350 351 352 354 356 357 359 361 362 364 366 367
 369 370 371 372 373 374 375 376 377 380 382 383 385 386 387 388 389 390
 391 392 394 395 397 401 402 405 406 453 498 545 578 580 583 585 590 623
 625 628 630 633 670 675 814 909 913 914 919 924 928 943]
ids [  7  38  40  43  45  82  84  87  92  94 129 134 274 368 379 384 398 399
 404 668 673 681 693 753 771 783 801 812 816 817 818 819 820 821 822 823
 824 825 826 827 829 830 831 832 833 834 835 836 837 838 839 840 841 842
 843 844 845 847 848 849 851 852 853 854 855 856 857 858 859 861 862 863
 864 865 866 867 868 869 870 871 872 873 874 875 876 877 878 879 880 881
 882 883 884 885 886 887 888 889 890 892 894 896 897 899 901 902 904 906
 907 908 910 911 912 915 916 917 920 921 922 923 925 926 927 929 930 931
 932 934 935 937 939 940 941 942 944 946 948]
17:40:49-INFO: Step 88
17:40:49-DEBUG: Reaction systems: [[None]
 [0]]
17:40:49-DEBUG: rxn_pairs: [array([ 1, 13])]
17:40:49-DEBUG: Starting total colors: 5
17:40:49-DEBUG: Number of systems: 2
17:40:49-DEBUG: New total colors: 5
17:40:49-DEBUG: Potential energy for color 0: -31397.0051536663
ebond 3.129821157084677
ebond 3.129821157084677
ebond 3.129821157084677
ebond 3.129821157084677
ebond 3.129821157084677
17:40:49-DEBUG: Potential energy for color 1: -31396.42319847364
xhy 88 2 1 13
xhy 88 2 1 13
xhy 88 2 1 13
xhy 88 2 1 13
xhy 88 2 1 13
h_pos [ 7.72698576  9.33797731 10.62596387] x_pos [ 6.45700189  8.69500116 10.46497795] y_pos [ 8.17600687 10.59801269 10.41501435]
h_pos [ 7.72698576  9.33797731 10.62596387] x_pos [ 6.45700189  8.69500116 10.46497795] y_pos [ 8.17600687 10.59801269 10.41501435]
h_pos [ 7.72698576  9.33797731 10.62596387] x_pos [ 6.45700189  8.69500116 10.46497795] y_pos [ 8.17600687 10.59801269 10.41501435]
h_pos [ 7.72698576  9.33797731 10.62596387] x_pos [ 6.45700189  8.69500116 10.46497795] y_pos [ 8.17600687 10.59801269 10.41501435]
h_pos [ 7.72698576  9.33797731 10.62596387] x_pos [ 6.45700189  8.69500116 10.46497795] y_pos [ 8.17600687 10.59801269 10.41501435]
88 rHY 1.3541819792400176 rHX 1.4325480160248059 0.07836603678478826
88 rHY 1.3541819792400176 rHX 1.4325480160248059 0.07836603678478826
88 rHY 1.3541819792400176 rHX 1.4325480160248059 0.07836603678478826
88 rHY 1.3541819792400176 rHX 1.4325480160248059 0.07836603678478826
88 rHY 1.3541819792400176 rHX 1.4325480160248059 0.07836603678478826
88 cpl_forces h [ 2.21446724  2.50753964 -0.07889791]
88 cpl_forces h [ 2.21446724  2.50753964 -0.07889791]
88 cpl_forces h [ 2.21446724  2.50753964 -0.07889791]
88 cpl_forces h [ 2.21446724  2.50753964 -0.07889791]
88 cpl_forces x [-1.61166436 -0.81596449 -0.20429808]
88 cpl_forces x [-1.61166436 -0.81596449 -0.20429808]
88 cpl_forces x [-1.61166436 -0.81596449 -0.20429808]
88 cpl_forces x [-1.61166436 -0.81596449 -0.20429808]
88 cpl_forces y [-0.60280287 -1.69157515  0.28319599]
88 cpl_forces y [-0.60280287 -1.69157515  0.28319599]
88 cpl_forces y [-0.60280287 -1.69157515  0.28319599]
88 cpl_forces y [-0.60280287 -1.69157515  0.28319599]
88 cpl_forces h [ 2.21446724  2.50753964 -0.07889791]
17:40:49-DEBUG: System matrix: 
88 cpl_forces x [-1.61166436 -0.81596449 -0.20429808]
88 cpl_forces y [-0.60280287 -1.69157515  0.28319599]
17:40:49-DEBUG: [[-3.13970052e+04  7.24949448e-01]
 [ 7.24949448e-01 -3.13964232e+04]]
17:40:49-DEBUG: Eigen values: 
17:40:49-DEBUG: [-31397.49534165 -31395.93301049]
17:40:49-DEBUG: Occupancies: 
17:40:49-DEBUG: [1. 0.]
17:40:49-INFO: coupling 88 0.7249494475243978
17:40:49-DEBUG: Amplitudes: 
17:40:49-DEBUG: [0.68624579 0.31375421]
17:40:49-INFO: forces0 h [-15.98898695  -7.72742591  -2.43039825]
17:40:49-INFO: forces0 x [17.2203801   6.63041198  1.65325549]
17:40:49-INFO: forces0 y [ 3.34404158 -3.97769832  1.23684097]
17:40:49-INFO: forces1 h [ 3.56385381 12.55407803 -2.64482291]
17:40:49-INFO: forces1 x [ 3.680214    0.19815195 -0.64290461]
17:40:49-INFO: forces1 y [ -1.1761087  -14.89002804   3.0854038 ]
pos h  [ 7.72698576  9.33797731 10.62596387]
pos x  [ 6.45700189  8.69500116 10.46497795]
pos y  [ 8.17600687 10.59801269 10.41501435]
 mixed_cpl_forces: h [-2.05510437 -2.32708599  0.07322006]
 mixed_cpl_forces: x [1.49568186 0.75724407 0.18959589]
 mixed_cpl_forces: y [ 0.55942251  1.56984192 -0.26281595]
17:40:49-INFO: mixed forces h [-11.90930516  -3.69110459  -2.42445483]
17:40:49-INFO: mixed forces x [14.46777781  5.36950737  1.12242147]
17:40:49-INFO: mixed forces y [ 2.4852479  -5.83164583  1.5540194 ]
17:40:49-DEBUG: Minimum eigen value: 
17:40:49-DEBUG: -31397.495341649752
17:40:49-DEBUG: Minimum state: 
17:40:49-DEBUG: 0
        88   -31397.4953416498   -31397.4953416498        0.0000000000   -31397.0051536663        0.0000000000      0.29584736
ids [ 122  140  173  178  185  220  223  230  265  268  270  318  407  408
  409  412  413  414  415  416  417  418  419  420  421  422  423  424
  425  426  427  428  429  430  431  432  433  434  435  436  437  439
  440  441  442  444  446  447  449  451  452  454  456  457  458  459
  460  461  462  463  464  465  466  467  468  469  470  471  472  473
  474  475  476  477  478  479  480  481  482  483  484  485  486  487
  488  489  491  492  494  496  497  499  502  505  506  507  508  509
  510  511  512  513  514  515  516  517  520  521  522  523  524  525
  526  527  528  530  531  532  536  537  539  541  558  561  588  591
  803  949 1043 1044 1048 1049 1053 1059 1064 1074 1079]
ids [127 141 153 156 168 186 201 213 216 231 272 276 277 278 279 280 281 282
 283 284 285 286 287 288 289 290 291 292 293 294 295 296 297 298 299 300
 301 302 303 304 305 307 308 309 311 312 314 316 317 319 321 322 323 324
 325 326 327 328 329 330 331 332 333 334 335 336 337 338 339 340 341 342
 343 344 345 346 347 349 350 351 352 354 356 357 359 361 362 364 366 367
 369 370 371 372 373 374 375 376 377 380 382 383 385 386 387 388 389 390
 391 392 394 395 397 401 402 405 406 453 498 545 578 580 583 585 590 623
 625 628 630 633 670 675 814 909 913 914 919 924 928 943]
ids [   8   22   66   77   80   95  110  125  138  263  273  503  504  518
  519  529  534  543  663  678  680  715  718  720  723  725  758  760
  765  768  770  810  903  947  952  953  954  955  956  957  958  959
  960  961  962  963  964  965  967  968  969  970  971  972  973  974
  975  976  977  978  979  980  981  982  984  985  986  987  989  991
  992  994  995  996  997  998  999 1000 1001 1002 1003 1004 1005 1006
 1007 1008 1009 1010 1011 1012 1013 1014 1015 1016 1017 1018 1019 1020
 1021 1022 1023 1024 1025 1026 1027 1029 1031 1032 1034 1036 1037 1039
 1041 1042 1045 1046 1047 1050 1051 1052 1054 1055 1056 1057 1058 1060
 1061 1062 1063 1065 1066 1067 1068 1069 1070 1071 1072 1076 1077 1081]
ids [  1   2   3   4   9  10  11  12  13  14  15  16  17  18  19  20  21  23
  24  25  26  27  28  29  30  31  32  33  34  35  36  37  39  41  42  44
  46  47  49  50  51  52  53  54  55  56  57  58  59  60  61  62  63  64
  65  67  68  69  70  71  72  73  74  75  76  78  79  81  83  85  86  88
  89  90  91  93  96  97  98  99 100 101 103 104 105 106 109 111 113 114
 115 116 119 120 121 124 126 128 130 131 132 135 136 544 638 643 644 649
 654 659 664 669 674 815 850 860 893 895 898 900 905 938 945 951 966 993]
ids [  7  38  40  43  45  82  84  87  92  94 129 134 274 368 379 384 398 399
 404 668 673 681 693 753 771 783 801 812 816 817 818 819 820 821 822 823
 824 825 826 827 829 830 831 832 833 834 835 836 837 838 839 840 841 842
 843 844 845 847 848 849 851 852 853 854 855 856 857 858 859 861 862 863
 864 865 866 867 868 869 870 871 872 873 874 875 876 877 878 879 880 881
 882 883 884 885 886 887 888 889 890 892 894 896 897 899 901 902 904 906
 907 908 910 911 912 915 916 917 920 921 922 923 925 926 927 929 930 931
 932 934 935 937 939 940 941 942 944 946 948]
ids [   5   48  139  234  238  239  244  248  249  258  259  264  378  533
  677  679  682  683  684  685  686  687  688  689  690  691  692  694
  695  696  697  698  699  700  701  702  703  704  705  706  707  708
  709  710  711  712  713  714  716  717  719  721  722  724  726  727
  728  729  730  731  732  733  734  735  736  737  738  739  740  741
  742  743  744  745  746  747  748  749  750  751  752  754  755  756
  757  759  761  762  763  764  766  767  769  772  773  774  775  776
  777  778  779  780  781  782  785  786  787  788  790  791  792  793
  795  796  797  799  800  802  805  806  807  811  828  846  891  936
  950  983  988  990 1028 1030 1033 1035 1038 1040 1075 1080]
ids [ 137  142  143  144  145  146  147  148  149  150  151  152  154  155
  157  158  159  160  161  162  163  164  165  166  167  169  170  171
  172  174  175  176  177  179  180  181  182  184  187  188  189  190
  191  192  193  194  195  196  197  198  199  200  202  203  204  205
  206  207  208  209  210  211  212  214  215  217  218  219  221  222
  224  225  226  227  229  232  233  235  236  237  240  241  242  243
  245  246  247  250  251  252  253  254  255  256  257  260  261  262
  266  267  269  271  306  348  381  393  396  410  443  445  448  450
  455  490  493  495  500  535  538  540  784  789  794  798  804  808
  809  918  933 1073 1078]
ids [  6 102 107 108 112 117 118 123 133 183 228 275 310 313 315 320 353 355
 358 360 363 365 400 403 411 438 501 542 546 547 548 549 550 551 552 553
 554 555 556 557 559 560 562 563 564 565 566 567 568 569 570 571 572 573
 574 575 576 577 579 581 582 584 586 587 589 592 593 594 595 596 597 598
 599 600 601 602 603 604 605 606 607 608 609 610 611 612 613 614 615 616
 617 618 619 620 621 622 624 626 627 629 631 632 634 635 636 637 639 640
 641 642 645 646 647 648 650 651 652 653 655 656 657 658 660 661 662 665
 666 667 671 672 676 813]
17:40:49-INFO: Step 89
17:40:49-DEBUG: Reaction systems: [[None]
 [0]]
17:40:49-DEBUG: rxn_pairs: [array([ 1, 13])]
17:40:49-DEBUG: Starting total colors: 5
17:40:49-DEBUG: Number of systems: 2
17:40:49-DEBUG: New total colors: 5
17:40:49-DEBUG: Potential energy for color 0: -31397.0051536663
ebond 3.129821157084677
ebond 3.129821157084677
ebond 3.129821157084677
ebond 3.129821157084677
ebond 3.129821157084677
17:40:49-DEBUG: Potential energy for color 1: -31396.42319847364
xhy 89 2 1 13
xhy 89 2 1 13
xhy 89 2 1 13
xhy 89 2 1 13
xhy 89 2 1 13
h_pos [ 7.72698576  9.33797731 10.62596387] x_pos [ 6.45700189  8.69500116 10.46497795] y_pos [ 8.17600687 10.59801269 10.41501435]
h_pos [ 7.72698576  9.33797731 10.62596387] x_pos [ 6.45700189  8.69500116 10.46497795] y_pos [ 8.17600687 10.59801269 10.41501435]
h_pos [ 7.72698576  9.33797731 10.62596387] x_pos [ 6.45700189  8.69500116 10.46497795] y_pos [ 8.17600687 10.59801269 10.41501435]
h_pos [ 7.72698576  9.33797731 10.62596387] x_pos [ 6.45700189  8.69500116 10.46497795] y_pos [ 8.17600687 10.59801269 10.41501435]
89 rHY 1.3541819792400176 rHX 1.4325480160248059 0.07836603678478826
89 rHY 1.3541819792400176 rHX 1.4325480160248059 0.07836603678478826
89 rHY 1.3541819792400176 rHX 1.4325480160248059 0.07836603678478826
89 rHY 1.3541819792400176 rHX 1.4325480160248059 0.07836603678478826
89 cpl_forces h [ 2.21446724  2.50753964 -0.07889791]
89 cpl_forces h [ 2.21446724  2.50753964 -0.07889791]
89 cpl_forces h [ 2.21446724  2.50753964 -0.07889791]
89 cpl_forces h [ 2.21446724  2.50753964 -0.07889791]
89 cpl_forces x [-1.61166436 -0.81596449 -0.20429808]
89 cpl_forces x [-1.61166436 -0.81596449 -0.20429808]
89 cpl_forces x [-1.61166436 -0.81596449 -0.20429808]
89 cpl_forces x [-1.61166436 -0.81596449 -0.20429808]
89 cpl_forces y [-0.60280287 -1.69157515  0.28319599]
h_pos [ 7.72698576  9.33797731 10.62596387] x_pos [ 6.45700189  8.69500116 10.46497795] y_pos [ 8.17600687 10.59801269 10.41501435]
89 cpl_forces y [-0.60280287 -1.69157515  0.28319599]
89 cpl_forces y [-0.60280287 -1.69157515  0.28319599]
89 cpl_forces y [-0.60280287 -1.69157515  0.28319599]
89 rHY 1.3541819792400176 rHX 1.4325480160248059 0.07836603678478826
89 cpl_forces h [ 2.21446724  2.50753964 -0.07889791]
17:40:49-DEBUG: System matrix: 
89 cpl_forces x [-1.61166436 -0.81596449 -0.20429808]
17:40:49-DEBUG: [[-3.13970052e+04  7.24949448e-01]
 [ 7.24949448e-01 -3.13964232e+04]]
17:40:49-DEBUG: Eigen values: 
89 cpl_forces y [-0.60280287 -1.69157515  0.28319599]
17:40:49-DEBUG: [-31397.49534165 -31395.93301049]
17:40:49-DEBUG: Occupancies: 
17:40:49-DEBUG: [1. 0.]
17:40:49-INFO: coupling 89 0.7249494475243978
17:40:49-DEBUG: Amplitudes: 
17:40:49-DEBUG: [0.68624579 0.31375421]
17:40:49-INFO: forces0 h [-15.98898695  -7.72742591  -2.43039825]
17:40:49-INFO: forces0 x [17.2203801   6.63041198  1.65325549]
17:40:49-INFO: forces0 y [ 3.34404158 -3.97769832  1.23684097]
17:40:49-INFO: forces1 h [ 3.56385381 12.55407803 -2.64482291]
17:40:49-INFO: forces1 x [ 3.680214    0.19815195 -0.64290461]
17:40:49-INFO: forces1 y [ -1.1761087  -14.89002804   3.0854038 ]
pos h  [ 7.72698576  9.33797731 10.62596387]
pos x  [ 6.45700189  8.69500116 10.46497795]
pos y  [ 8.17600687 10.59801269 10.41501435]
 mixed_cpl_forces: h [-2.05510437 -2.32708599  0.07322006]
 mixed_cpl_forces: x [1.49568186 0.75724407 0.18959589]
 mixed_cpl_forces: y [ 0.55942251  1.56984192 -0.26281595]
17:40:49-INFO: mixed forces h [-11.90930516  -3.69110459  -2.42445483]
17:40:49-INFO: mixed forces x [14.46777781  5.36950737  1.12242147]
17:40:49-INFO: mixed forces y [ 2.4852479  -5.83164583  1.5540194 ]
17:40:49-DEBUG: Minimum eigen value: 
17:40:49-DEBUG: -31397.495341649752
17:40:49-DEBUG: Minimum state: 
17:40:49-DEBUG: 0
        89   -31397.4953416498   -31397.4953416498        0.0000000000   -31397.0051536663        0.0000000000      0.29544336
ids [ 122  140  173  178  185  220  223  230  265  268  270  318  407  408
  409  412  413  414  415  416  417  418  419  420  421  422  423  424
  425  426  427  428  429  430  431  432  433  434  435  436  437  439
  440  441  442  444  446  447  449  451  452  454  456  457  458  459
  460  461  462  463  464  465  466  467  468  469  470  471  472  473
  474  475  476  477  478  479  480  481  482  483  484  485  486  487
  488  489  491  492  494  496  497  499  502  505  506  507  508  509
  510  511  512  513  514  515  516  517  520  521  522  523  524  525
  526  527  528  530  531  532  536  537  539  541  558  561  588  591
  803  949 1043 1044 1048 1049 1053 1059 1064 1074 1079]
ids [  1   2   3   4   9  10  11  12  13  14  15  16  17  18  19  20  21  23
  24  25  26  27  28  29  30  31  32  33  34  35  36  37  39  41  42  44
  46  47  49  50  51  52  53  54  55  56  57  58  59  60  61  62  63  64
  65  67  68  69  70  71  72  73  74  75  76  78  79  81  83  85  86  88
  89  90  91  93  96  97  98  99 100 101 103 104 105 106 109 111 113 114
 115 116 119 120 121 124 126 128 130 131 132 135 136 544 638 643 644 649
 654 659 664 669 674 815 850 860 893 895 898 900 905 938 945 951 966 993]
ids [  6 102 107 108 112 117 118 123 133 183 228 275 310 313 315 320 353 355
 358 360 363 365 400 403 411 438 501 542 546 547 548 549 550 551 552 553
 554 555 556 557 559 560 562 563 564 565 566 567 568 569 570 571 572 573
 574 575 576 577 579 581 582 584 586 587 589 592 593 594 595 596 597 598
 599 600 601 602 603 604 605 606 607 608 609 610 611 612 613 614 615 616
 617 618 619 620 621 622 624 626 627 629 631 632 634 635 636 637 639 640
 641 642 645 646 647 648 650 651 652 653 655 656 657 658 660 661 662 665
 666 667 671 672 676 813]
ids [  7  38  40  43  45  82  84  87  92  94 129 134 274 368 379 384 398 399
 404 668 673 681 693 753 771 783 801 812 816 817 818 819 820 821 822 823
 824 825 826 827 829 830 831 832 833 834 835 836 837 838 839 840 841 842
 843 844 845 847 848 849 851 852 853 854 855 856 857 858 859 861 862 863
 864 865 866 867 868 869 870 871 872 873 874 875 876 877 878 879 880 881
 882 883 884 885 886 887 888 889 890 892 894 896 897 899 901 902 904 906
 907 908 910 911 912 915 916 917 920 921 922 923 925 926 927 929 930 931
 932 934 935 937 939 940 941 942 944 946 948]
ids [   5   48  139  234  238  239  244  248  249  258  259  264  378  533
  677  679  682  683  684  685  686  687  688  689  690  691  692  694
  695  696  697  698  699  700  701  702  703  704  705  706  707  708
  709  710  711  712  713  714  716  717  719  721  722  724  726  727
  728  729  730  731  732  733  734  735  736  737  738  739  740  741
  742  743  744  745  746  747  748  749  750  751  752  754  755  756
  757  759  761  762  763  764  766  767  769  772  773  774  775  776
  777  778  779  780  781  782  785  786  787  788  790  791  792  793
  795  796  797  799  800  802  805  806  807  811  828  846  891  936
  950  983  988  990 1028 1030 1033 1035 1038 1040 1075 1080]
ids [ 137  142  143  144  145  146  147  148  149  150  151  152  154  155
  157  158  159  160  161  162  163  164  165  166  167  169  170  171
  172  174  175  176  177  179  180  181  182  184  187  188  189  190
  191  192  193  194  195  196  197  198  199  200  202  203  204  205
  206  207  208  209  210  211  212  214  215  217  218  219  221  222
  224  225  226  227  229  232  233  235  236  237  240  241  242  243
  245  246  247  250  251  252  253  254  255  256  257  260  261  262
  266  267  269  271  306  348  381  393  396  410  443  445  448  450
  455  490  493  495  500  535  538  540  784  789  794  798  804  808
  809  918  933 1073 1078]
ids [   8   22   66   77   80   95  110  125  138  263  273  503  504  518
  519  529  534  543  663  678  680  715  718  720  723  725  758  760
  765  768  770  810  903  947  952  953  954  955  956  957  958  959
  960  961  962  963  964  965  967  968  969  970  971  972  973  974
  975  976  977  978  979  980  981  982  984  985  986  987  989  991
  992  994  995  996  997  998  999 1000 1001 1002 1003 1004 1005 1006
 1007 1008 1009 1010 1011 1012 1013 1014 1015 1016 1017 1018 1019 1020
 1021 1022 1023 1024 1025 1026 1027 1029 1031 1032 1034 1036 1037 1039
 1041 1042 1045 1046 1047 1050 1051 1052 1054 1055 1056 1057 1058 1060
 1061 1062 1063 1065 1066 1067 1068 1069 1070 1071 1072 1076 1077 1081]
ids [127 141 153 156 168 186 201 213 216 231 272 276 277 278 279 280 281 282
 283 284 285 286 287 288 289 290 291 292 293 294 295 296 297 298 299 300
 301 302 303 304 305 307 308 309 311 312 314 316 317 319 321 322 323 324
 325 326 327 328 329 330 331 332 333 334 335 336 337 338 339 340 341 342
 343 344 345 346 347 349 350 351 352 354 356 357 359 361 362 364 366 367
 369 370 371 372 373 374 375 376 377 380 382 383 385 386 387 388 389 390
 391 392 394 395 397 401 402 405 406 453 498 545 578 580 583 585 590 623
 625 628 630 633 670 675 814 909 913 914 919 924 928 943]
17:40:49-INFO: Step 90
17:40:49-DEBUG: Reaction systems: [[None]
 [0]]
17:40:49-DEBUG: rxn_pairs: [array([ 1, 13])]
17:40:49-DEBUG: Starting total colors: 5
17:40:49-DEBUG: Number of systems: 2
17:40:49-DEBUG: New total colors: 5
17:40:49-DEBUG: Potential energy for color 0: -31397.0051536663
ebond 3.129821157084677
ebond 3.129821157084677
ebond 3.129821157084677
ebond 3.129821157084677
ebond 3.129821157084677
17:40:49-DEBUG: Potential energy for color 1: -31396.42319847364
xhy 90 2 1 13
xhy 90 2 1 13
xhy 90 2 1 13
xhy 90 2 1 13
xhy 90 2 1 13
h_pos [ 7.72698576  9.33797731 10.62596387] x_pos [ 6.45700189  8.69500116 10.46497795] y_pos [ 8.17600687 10.59801269 10.41501435]
90 rHY 1.3541819792400176 rHX 1.4325480160248059 0.07836603678478826
h_pos [ 7.72698576  9.33797731 10.62596387] x_pos [ 6.45700189  8.69500116 10.46497795] y_pos [ 8.17600687 10.59801269 10.41501435]
90 rHY 1.3541819792400176 rHX 1.4325480160248059 0.07836603678478826
h_pos [ 7.72698576  9.33797731 10.62596387] x_pos [ 6.45700189  8.69500116 10.46497795] y_pos [ 8.17600687 10.59801269 10.41501435]
90 rHY 1.3541819792400176 rHX 1.4325480160248059 0.07836603678478826
h_pos [ 7.72698576  9.33797731 10.62596387] x_pos [ 6.45700189  8.69500116 10.46497795] y_pos [ 8.17600687 10.59801269 10.41501435]
90 rHY 1.3541819792400176 rHX 1.4325480160248059 0.07836603678478826
h_pos [ 7.72698576  9.33797731 10.62596387] x_pos [ 6.45700189  8.69500116 10.46497795] y_pos [ 8.17600687 10.59801269 10.41501435]
90 cpl_forces h [ 2.21446724  2.50753964 -0.07889791]
90 cpl_forces x [-1.61166436 -0.81596449 -0.20429808]
90 cpl_forces h [ 2.21446724  2.50753964 -0.07889791]
90 cpl_forces x [-1.61166436 -0.81596449 -0.20429808]
90 cpl_forces h [ 2.21446724  2.50753964 -0.07889791]
90 cpl_forces x [-1.61166436 -0.81596449 -0.20429808]
90 cpl_forces h [ 2.21446724  2.50753964 -0.07889791]
90 cpl_forces x [-1.61166436 -0.81596449 -0.20429808]
90 rHY 1.3541819792400176 rHX 1.4325480160248059 0.07836603678478826
90 cpl_forces y [-0.60280287 -1.69157515  0.28319599]
90 cpl_forces y [-0.60280287 -1.69157515  0.28319599]
90 cpl_forces y [-0.60280287 -1.69157515  0.28319599]
90 cpl_forces y [-0.60280287 -1.69157515  0.28319599]
90 cpl_forces h [ 2.21446724  2.50753964 -0.07889791]
17:40:49-DEBUG: System matrix: 
90 cpl_forces x [-1.61166436 -0.81596449 -0.20429808]
90 cpl_forces y [-0.60280287 -1.69157515  0.28319599]
17:40:49-DEBUG: [[-3.13970052e+04  7.24949448e-01]
 [ 7.24949448e-01 -3.13964232e+04]]
17:40:49-DEBUG: Eigen values: 
17:40:49-DEBUG: [-31397.49534165 -31395.93301049]
17:40:49-DEBUG: Occupancies: 
17:40:49-DEBUG: [1. 0.]
17:40:49-INFO: coupling 90 0.7249494475243978
17:40:49-DEBUG: Amplitudes: 
17:40:49-DEBUG: [0.68624579 0.31375421]
17:40:49-INFO: forces0 h [-15.98898695  -7.72742591  -2.43039825]
17:40:49-INFO: forces0 x [17.2203801   6.63041198  1.65325549]
17:40:49-INFO: forces0 y [ 3.34404158 -3.97769832  1.23684097]
17:40:49-INFO: forces1 h [ 3.56385381 12.55407803 -2.64482291]
17:40:49-INFO: forces1 x [ 3.680214    0.19815195 -0.64290461]
17:40:49-INFO: forces1 y [ -1.1761087  -14.89002804   3.0854038 ]
pos h  [ 7.72698576  9.33797731 10.62596387]
pos x  [ 6.45700189  8.69500116 10.46497795]
pos y  [ 8.17600687 10.59801269 10.41501435]
 mixed_cpl_forces: h [-2.05510437 -2.32708599  0.07322006]
 mixed_cpl_forces: x [1.49568186 0.75724407 0.18959589]
 mixed_cpl_forces: y [ 0.55942251  1.56984192 -0.26281595]
17:40:49-INFO: mixed forces h [-11.90930516  -3.69110459  -2.42445483]
17:40:49-INFO: mixed forces x [14.46777781  5.36950737  1.12242147]
17:40:49-INFO: mixed forces y [ 2.4852479  -5.83164583  1.5540194 ]
17:40:49-DEBUG: Minimum eigen value: 
17:40:49-DEBUG: -31397.495341649752
17:40:49-DEBUG: Minimum state: 
17:40:49-DEBUG: 0
        90   -31397.4953416498   -31397.4953416498        0.0000000000   -31397.0051536663        0.0000000000      0.29570372
ids [   8   22   66   77   80   95  110  125  138  263  273  503  504  518
  519  529  534  543  663  678  680  715  718  720  723  725  758  760
  765  768  770  810  903  947  952  953  954  955  956  957  958  959
  960  961  962  963  964  965  967  968  969  970  971  972  973  974
  975  976  977  978  979  980  981  982  984  985  986  987  989  991
  992  994  995  996  997  998  999 1000 1001 1002 1003 1004 1005 1006
 1007 1008 1009 1010 1011 1012 1013 1014 1015 1016 1017 1018 1019 1020
 1021 1022 1023 1024 1025 1026 1027 1029 1031 1032 1034 1036 1037 1039
 1041 1042 1045 1046 1047 1050 1051 1052 1054 1055 1056 1057 1058 1060
 1061 1062 1063 1065 1066 1067 1068 1069 1070 1071 1072 1076 1077 1081]
ids [  1   2   3   4   9  10  11  12  13  14  15  16  17  18  19  20  21  23
  24  25  26  27  28  29  30  31  32  33  34  35  36  37  39  41  42  44
  46  47  49  50  51  52  53  54  55  56  57  58  59  60  61  62  63  64
  65  67  68  69  70  71  72  73  74  75  76  78  79  81  83  85  86  88
  89  90  91  93  96  97  98  99 100 101 103 104 105 106 109 111 113 114
 115 116 119 120 121 124 126 128 130 131 132 135 136 544 638 643 644 649
 654 659 664 669 674 815 850 860 893 895 898 900 905 938 945 951 966 993]
ids [127 141 153 156 168 186 201 213 216 231 272 276 277 278 279 280 281 282
 283 284 285 286 287 288 289 290 291 292 293 294 295 296 297 298 299 300
 301 302 303 304 305 307 308 309 311 312 314 316 317 319 321 322 323 324
 325 326 327 328 329 330 331 332 333 334 335 336 337 338 339 340 341 342
 343 344 345 346 347 349 350 351 352 354 356 357 359 361 362 364 366 367
 369 370 371 372 373 374 375 376 377 380 382 383 385 386 387 388 389 390
 391 392 394 395 397 401 402 405 406 453 498 545 578 580 583 585 590 623
 625 628 630 633 670 675 814 909 913 914 919 924 928 943]
ids [  6 102 107 108 112 117 118 123 133 183 228 275 310 313 315 320 353 355
 358 360 363 365 400 403 411 438 501 542 546 547 548 549 550 551 552 553
 554 555 556 557 559 560 562 563 564 565 566 567 568 569 570 571 572 573
 574 575 576 577 579 581 582 584 586 587 589 592 593 594 595 596 597 598
 599 600 601 602 603 604 605 606 607 608 609 610 611 612 613 614 615 616
 617 618 619 620 621 622 624 626 627 629 631 632 634 635 636 637 639 640
 641 642 645 646 647 648 650 651 652 653 655 656 657 658 660 661 662 665
 666 667 671 672 676 813]
ids [  7  38  40  43  45  82  84  87  92  94 129 134 274 368 379 384 398 399
 404 668 673 681 693 753 771 783 801 812 816 817 818 819 820 821 822 823
 824 825 826 827 829 830 831 832 833 834 835 836 837 838 839 840 841 842
 843 844 845 847 848 849 851 852 853 854 855 856 857 858 859 861 862 863
 864 865 866 867 868 869 870 871 872 873 874 875 876 877 878 879 880 881
 882 883 884 885 886 887 888 889 890 892 894 896 897 899 901 902 904 906
 907 908 910 911 912 915 916 917 920 921 922 923 925 926 927 929 930 931
 932 934 935 937 939 940 941 942 944 946 948]
ids [   5   48  139  234  238  239  244  248  249  258  259  264  378  533
  677  679  682  683  684  685  686  687  688  689  690  691  692  694
  695  696  697  698  699  700  701  702  703  704  705  706  707  708
  709  710  711  712  713  714  716  717  719  721  722  724  726  727
  728  729  730  731  732  733  734  735  736  737  738  739  740  741
  742  743  744  745  746  747  748  749  750  751  752  754  755  756
  757  759  761  762  763  764  766  767  769  772  773  774  775  776
  777  778  779  780  781  782  785  786  787  788  790  791  792  793
  795  796  797  799  800  802  805  806  807  811  828  846  891  936
  950  983  988  990 1028 1030 1033 1035 1038 1040 1075 1080]
ids [ 137  142  143  144  145  146  147  148  149  150  151  152  154  155
  157  158  159  160  161  162  163  164  165  166  167  169  170  171
  172  174  175  176  177  179  180  181  182  184  187  188  189  190
  191  192  193  194  195  196  197  198  199  200  202  203  204  205
  206  207  208  209  210  211  212  214  215  217  218  219  221  222
  224  225  226  227  229  232  233  235  236  237  240  241  242  243
  245  246  247  250  251  252  253  254  255  256  257  260  261  262
  266  267  269  271  306  348  381  393  396  410  443  445  448  450
  455  490  493  495  500  535  538  540  784  789  794  798  804  808
  809  918  933 1073 1078]
ids [ 122  140  173  178  185  220  223  230  265  268  270  318  407  408
  409  412  413  414  415  416  417  418  419  420  421  422  423  424
  425  426  427  428  429  430  431  432  433  434  435  436  437  439
  440  441  442  444  446  447  449  451  452  454  456  457  458  459
  460  461  462  463  464  465  466  467  468  469  470  471  472  473
  474  475  476  477  478  479  480  481  482  483  484  485  486  487
  488  489  491  492  494  496  497  499  502  505  506  507  508  509
  510  511  512  513  514  515  516  517  520  521  522  523  524  525
  526  527  528  530  531  532  536  537  539  541  558  561  588  591
  803  949 1043 1044 1048 1049 1053 1059 1064 1074 1079]
17:40:49-INFO: Step 91
17:40:49-DEBUG: Reaction systems: [[None]
 [0]]
17:40:49-DEBUG: rxn_pairs: [array([ 1, 13])]
17:40:49-DEBUG: Starting total colors: 5
17:40:49-DEBUG: Number of systems: 2
17:40:49-DEBUG: New total colors: 5
17:40:49-DEBUG: Potential energy for color 0: -31397.0051536663
ebond 3.129821157084677
ebond 3.129821157084677
ebond 3.129821157084677
ebond 3.129821157084677
ebond 3.129821157084677
17:40:49-DEBUG: Potential energy for color 1: -31396.42319847364
xhy 91 2 1 13
xhy 91 2 1 13
xhy 91 2 1 13
xhy 91 2 1 13
xhy 91 2 1 13
h_pos [ 7.72698576  9.33797731 10.62596387] x_pos [ 6.45700189  8.69500116 10.46497795] y_pos [ 8.17600687 10.59801269 10.41501435]
h_pos [ 7.72698576  9.33797731 10.62596387] x_pos [ 6.45700189  8.69500116 10.46497795] y_pos [ 8.17600687 10.59801269 10.41501435]
h_pos [ 7.72698576  9.33797731 10.62596387] x_pos [ 6.45700189  8.69500116 10.46497795] y_pos [ 8.17600687 10.59801269 10.41501435]
h_pos [ 7.72698576  9.33797731 10.62596387] x_pos [ 6.45700189  8.69500116 10.46497795] y_pos [ 8.17600687 10.59801269 10.41501435]
91 rHY 1.3541819792400176 rHX 1.4325480160248059 0.07836603678478826
91 rHY 1.3541819792400176 rHX 1.4325480160248059 0.07836603678478826
91 rHY 1.3541819792400176 rHX 1.4325480160248059 0.07836603678478826
91 rHY 1.3541819792400176 rHX 1.4325480160248059 0.07836603678478826
91 cpl_forces h [ 2.21446724  2.50753964 -0.07889791]
91 cpl_forces h [ 2.21446724  2.50753964 -0.07889791]
91 cpl_forces h [ 2.21446724  2.50753964 -0.07889791]
91 cpl_forces h [ 2.21446724  2.50753964 -0.07889791]
h_pos [ 7.72698576  9.33797731 10.62596387] x_pos [ 6.45700189  8.69500116 10.46497795] y_pos [ 8.17600687 10.59801269 10.41501435]
91 cpl_forces x [-1.61166436 -0.81596449 -0.20429808]
91 cpl_forces x [-1.61166436 -0.81596449 -0.20429808]
91 cpl_forces x [-1.61166436 -0.81596449 -0.20429808]
91 cpl_forces x [-1.61166436 -0.81596449 -0.20429808]
91 rHY 1.3541819792400176 rHX 1.4325480160248059 0.07836603678478826
91 cpl_forces y [-0.60280287 -1.69157515  0.28319599]
91 cpl_forces y [-0.60280287 -1.69157515  0.28319599]
91 cpl_forces y [-0.60280287 -1.69157515  0.28319599]
91 cpl_forces y [-0.60280287 -1.69157515  0.28319599]
17:40:49-DEBUG: System matrix: 
91 cpl_forces h [ 2.21446724  2.50753964 -0.07889791]
91 cpl_forces x [-1.61166436 -0.81596449 -0.20429808]
17:40:49-DEBUG: [[-3.13970052e+04  7.24949448e-01]
 [ 7.24949448e-01 -3.13964232e+04]]
17:40:49-DEBUG: Eigen values: 
91 cpl_forces y [-0.60280287 -1.69157515  0.28319599]
17:40:49-DEBUG: [-31397.49534165 -31395.93301049]
17:40:49-DEBUG: Occupancies: 
17:40:49-DEBUG: [1. 0.]
17:40:49-INFO: coupling 91 0.7249494475243978
17:40:49-DEBUG: Amplitudes: 
17:40:49-DEBUG: [0.68624579 0.31375421]
17:40:49-INFO: forces0 h [-15.98898695  -7.72742591  -2.43039825]
17:40:49-INFO: forces0 x [17.2203801   6.63041198  1.65325549]
17:40:49-INFO: forces0 y [ 3.34404158 -3.97769832  1.23684097]
17:40:49-INFO: forces1 h [ 3.56385381 12.55407803 -2.64482291]
17:40:49-INFO: forces1 x [ 3.680214    0.19815195 -0.64290461]
17:40:49-INFO: forces1 y [ -1.1761087  -14.89002804   3.0854038 ]
pos h  [ 7.72698576  9.33797731 10.62596387]
pos x  [ 6.45700189  8.69500116 10.46497795]
pos y  [ 8.17600687 10.59801269 10.41501435]
 mixed_cpl_forces: h [-2.05510437 -2.32708599  0.07322006]
 mixed_cpl_forces: x [1.49568186 0.75724407 0.18959589]
 mixed_cpl_forces: y [ 0.55942251  1.56984192 -0.26281595]
17:40:49-INFO: mixed forces h [-11.90930516  -3.69110459  -2.42445483]
17:40:49-INFO: mixed forces x [14.46777781  5.36950737  1.12242147]
17:40:49-INFO: mixed forces y [ 2.4852479  -5.83164583  1.5540194 ]
17:40:49-DEBUG: Minimum eigen value: 
17:40:49-DEBUG: -31397.495341649752
17:40:49-DEBUG: Minimum state: 
17:40:49-DEBUG: 0
        91   -31397.4953416498   -31397.4953416498        0.0000000000   -31397.0051536663        0.0000000000      0.29315256
ids [127 141 153 156 168 186 201 213 216 231 272 276 277 278 279 280 281 282
 283 284 285 286 287 288 289 290 291 292 293 294 295 296 297 298 299 300
 301 302 303 304 305 307 308 309 311 312 314 316 317 319 321 322 323 324
 325 326 327 328 329 330 331 332 333 334 335 336 337 338 339 340 341 342
 343 344 345 346 347 349 350 351 352 354 356 357 359 361 362 364 366 367
 369 370 371 372 373 374 375 376 377 380 382 383 385 386 387 388 389 390
 391 392 394 395 397 401 402 405 406 453 498 545 578 580 583 585 590 623
 625 628 630 633 670 675 814 909 913 914 919 924 928 943]
ids [  7  38  40  43  45  82  84  87  92  94 129 134 274 368 379 384 398 399
 404 668 673 681 693 753 771 783 801 812 816 817 818 819 820 821 822 823
 824 825 826 827 829 830 831 832 833 834 835 836 837 838 839 840 841 842
 843 844 845 847 848 849 851 852 853 854 855 856 857 858 859 861 862 863
 864 865 866 867 868 869 870 871 872 873 874 875 876 877 878 879 880 881
 882 883 884 885 886 887 888 889 890 892 894 896 897 899 901 902 904 906
 907 908 910 911 912 915 916 917 920 921 922 923 925 926 927 929 930 931
 932 934 935 937 939 940 941 942 944 946 948]
ids [ 137  142  143  144  145  146  147  148  149  150  151  152  154  155
  157  158  159  160  161  162  163  164  165  166  167  169  170  171
  172  174  175  176  177  179  180  181  182  184  187  188  189  190
  191  192  193  194  195  196  197  198  199  200  202  203  204  205
  206  207  208  209  210  211  212  214  215  217  218  219  221  222
  224  225  226  227  229  232  233  235  236  237  240  241  242  243
  245  246  247  250  251  252  253  254  255  256  257  260  261  262
  266  267  269  271  306  348  381  393  396  410  443  445  448  450
  455  490  493  495  500  535  538  540  784  789  794  798  804  808
  809  918  933 1073 1078]
ids [   8   22   66   77   80   95  110  125  138  263  273  503  504  518
  519  529  534  543  663  678  680  715  718  720  723  725  758  760
  765  768  770  810  903  947  952  953  954  955  956  957  958  959
  960  961  962  963  964  965  967  968  969  970  971  972  973  974
  975  976  977  978  979  980  981  982  984  985  986  987  989  991
  992  994  995  996  997  998  999 1000 1001 1002 1003 1004 1005 1006
 1007 1008 1009 1010 1011 1012 1013 1014 1015 1016 1017 1018 1019 1020
 1021 1022 1023 1024 1025 1026 1027 1029 1031 1032 1034 1036 1037 1039
 1041 1042 1045 1046 1047 1050 1051 1052 1054 1055 1056 1057 1058 1060
 1061 1062 1063 1065 1066 1067 1068 1069 1070 1071 1072 1076 1077 1081]
ids [  1   2   3   4   9  10  11  12  13  14  15  16  17  18  19  20  21  23
  24  25  26  27  28  29  30  31  32  33  34  35  36  37  39  41  42  44
  46  47  49  50  51  52  53  54  55  56  57  58  59  60  61  62  63  64
  65  67  68  69  70  71  72  73  74  75  76  78  79  81  83  85  86  88
  89  90  91  93  96  97  98  99 100 101 103 104 105 106 109 111 113 114
 115 116 119 120 121 124 126 128 130 131 132 135 136 544 638 643 644 649
 654 659 664 669 674 815 850 860 893 895 898 900 905 938 945 951 966 993]
ids [ 122  140  173  178  185  220  223  230  265  268  270  318  407  408
  409  412  413  414  415  416  417  418  419  420  421  422  423  424
  425  426  427  428  429  430  431  432  433  434  435  436  437  439
  440  441  442  444  446  447  449  451  452  454  456  457  458  459
  460  461  462  463  464  465  466  467  468  469  470  471  472  473
  474  475  476  477  478  479  480  481  482  483  484  485  486  487
  488  489  491  492  494  496  497  499  502  505  506  507  508  509
  510  511  512  513  514  515  516  517  520  521  522  523  524  525
  526  527  528  530  531  532  536  537  539  541  558  561  588  591
  803  949 1043 1044 1048 1049 1053 1059 1064 1074 1079]
ids [   5   48  139  234  238  239  244  248  249  258  259  264  378  533
  677  679  682  683  684  685  686  687  688  689  690  691  692  694
  695  696  697  698  699  700  701  702  703  704  705  706  707  708
  709  710  711  712  713  714  716  717  719  721  722  724  726  727
  728  729  730  731  732  733  734  735  736  737  738  739  740  741
  742  743  744  745  746  747  748  749  750  751  752  754  755  756
  757  759  761  762  763  764  766  767  769  772  773  774  775  776
  777  778  779  780  781  782  785  786  787  788  790  791  792  793
  795  796  797  799  800  802  805  806  807  811  828  846  891  936
  950  983  988  990 1028 1030 1033 1035 1038 1040 1075 1080]
ids [  6 102 107 108 112 117 118 123 133 183 228 275 310 313 315 320 353 355
 358 360 363 365 400 403 411 438 501 542 546 547 548 549 550 551 552 553
 554 555 556 557 559 560 562 563 564 565 566 567 568 569 570 571 572 573
 574 575 576 577 579 581 582 584 586 587 589 592 593 594 595 596 597 598
 599 600 601 602 603 604 605 606 607 608 609 610 611 612 613 614 615 616
 617 618 619 620 621 622 624 626 627 629 631 632 634 635 636 637 639 640
 641 642 645 646 647 648 650 651 652 653 655 656 657 658 660 661 662 665
 666 667 671 672 676 813]
17:40:49-INFO: Step 92
17:40:49-DEBUG: Reaction systems: [[None]
 [0]]
17:40:49-DEBUG: rxn_pairs: [array([ 1, 13])]
17:40:49-DEBUG: Starting total colors: 5
17:40:49-DEBUG: Number of systems: 2
17:40:49-DEBUG: New total colors: 5
17:40:49-DEBUG: Potential energy for color 0: -31397.0051536663
ebond 3.129821157084677
ebond 3.129821157084677
ebond 3.129821157084677
ebond 3.129821157084677
ebond 3.129821157084677
17:40:49-DEBUG: Potential energy for color 1: -31396.42319847364
xhy 92 2 1 13
xhy 92 2 1 13
xhy 92 2 1 13
xhy 92 2 1 13
xhy 92 2 1 13
h_pos [ 7.72698576  9.33797731 10.62596387] x_pos [ 6.45700189  8.69500116 10.46497795] y_pos [ 8.17600687 10.59801269 10.41501435]
h_pos [ 7.72698576  9.33797731 10.62596387] x_pos [ 6.45700189  8.69500116 10.46497795] y_pos [ 8.17600687 10.59801269 10.41501435]
92 rHY 1.3541819792400176 rHX 1.4325480160248059 0.07836603678478826
h_pos [ 7.72698576  9.33797731 10.62596387] x_pos [ 6.45700189  8.69500116 10.46497795] y_pos [ 8.17600687 10.59801269 10.41501435]
h_pos [ 7.72698576  9.33797731 10.62596387] x_pos [ 6.45700189  8.69500116 10.46497795] y_pos [ 8.17600687 10.59801269 10.41501435]
92 rHY 1.3541819792400176 rHX 1.4325480160248059 0.07836603678478826
92 rHY 1.3541819792400176 rHX 1.4325480160248059 0.07836603678478826
92 rHY 1.3541819792400176 rHX 1.4325480160248059 0.07836603678478826
h_pos [ 7.72698576  9.33797731 10.62596387] x_pos [ 6.45700189  8.69500116 10.46497795] y_pos [ 8.17600687 10.59801269 10.41501435]
92 cpl_forces h [ 2.21446724  2.50753964 -0.07889791]
92 cpl_forces h [ 2.21446724  2.50753964 -0.07889791]
92 cpl_forces h [ 2.21446724  2.50753964 -0.07889791]
92 cpl_forces h [ 2.21446724  2.50753964 -0.07889791]
92 rHY 1.3541819792400176 rHX 1.4325480160248059 0.07836603678478826
92 cpl_forces x [-1.61166436 -0.81596449 -0.20429808]
92 cpl_forces x [-1.61166436 -0.81596449 -0.20429808]
92 cpl_forces x [-1.61166436 -0.81596449 -0.20429808]
92 cpl_forces x [-1.61166436 -0.81596449 -0.20429808]
92 cpl_forces y [-0.60280287 -1.69157515  0.28319599]
92 cpl_forces y [-0.60280287 -1.69157515  0.28319599]
92 cpl_forces y [-0.60280287 -1.69157515  0.28319599]
92 cpl_forces y [-0.60280287 -1.69157515  0.28319599]
17:40:49-DEBUG: System matrix: 
92 cpl_forces h [ 2.21446724  2.50753964 -0.07889791]
92 cpl_forces x [-1.61166436 -0.81596449 -0.20429808]
17:40:49-DEBUG: [[-3.13970052e+04  7.24949448e-01]
 [ 7.24949448e-01 -3.13964232e+04]]
17:40:49-DEBUG: Eigen values: 
92 cpl_forces y [-0.60280287 -1.69157515  0.28319599]
17:40:49-DEBUG: [-31397.49534165 -31395.93301049]
17:40:49-DEBUG: Occupancies: 
17:40:49-DEBUG: [1. 0.]
17:40:49-INFO: coupling 92 0.7249494475243978
17:40:49-DEBUG: Amplitudes: 
17:40:49-DEBUG: [0.68624579 0.31375421]
17:40:49-INFO: forces0 h [-15.98898695  -7.72742591  -2.43039825]
17:40:49-INFO: forces0 x [17.2203801   6.63041198  1.65325549]
17:40:49-INFO: forces0 y [ 3.34404158 -3.97769832  1.23684097]
17:40:49-INFO: forces1 h [ 3.56385381 12.55407803 -2.64482291]
17:40:49-INFO: forces1 x [ 3.680214    0.19815195 -0.64290461]
17:40:49-INFO: forces1 y [ -1.1761087  -14.89002804   3.0854038 ]
pos h  [ 7.72698576  9.33797731 10.62596387]
pos x  [ 6.45700189  8.69500116 10.46497795]
pos y  [ 8.17600687 10.59801269 10.41501435]
 mixed_cpl_forces: h [-2.05510437 -2.32708599  0.07322006]
 mixed_cpl_forces: x [1.49568186 0.75724407 0.18959589]
 mixed_cpl_forces: y [ 0.55942251  1.56984192 -0.26281595]
17:40:49-INFO: mixed forces h [-11.90930516  -3.69110459  -2.42445483]
17:40:49-INFO: mixed forces x [14.46777781  5.36950737  1.12242147]
17:40:49-INFO: mixed forces y [ 2.4852479  -5.83164583  1.5540194 ]
17:40:49-DEBUG: Minimum eigen value: 
17:40:49-DEBUG: -31397.495341649752
17:40:49-DEBUG: Minimum state: 
17:40:49-DEBUG: 0
        92   -31397.4953416498   -31397.4953416498        0.0000000000   -31397.0051536663        0.0000000000      0.28400748
ids [ 137  142  143  144  145  146  147  148  149  150  151  152  154  155
  157  158  159  160  161  162  163  164  165  166  167  169  170  171
  172  174  175  176  177  179  180  181  182  184  187  188  189  190
  191  192  193  194  195  196  197  198  199  200  202  203  204  205
  206  207  208  209  210  211  212  214  215  217  218  219  221  222
  224  225  226  227  229  232  233  235  236  237  240  241  242  243
  245  246  247  250  251  252  253  254  255  256  257  260  261  262
  266  267  269  271  306  348  381  393  396  410  443  445  448  450
  455  490  493  495  500  535  538  540  784  789  794  798  804  808
  809  918  933 1073 1078]
ids [  1   2   3   4   9  10  11  12  13  14  15  16  17  18  19  20  21  23
  24  25  26  27  28  29  30  31  32  33  34  35  36  37  39  41  42  44
  46  47  49  50  51  52  53  54  55  56  57  58  59  60  61  62  63  64
  65  67  68  69  70  71  72  73  74  75  76  78  79  81  83  85  86  88
  89  90  91  93  96  97  98  99 100 101 103 104 105 106 109 111 113 114
 115 116 119 120 121 124 126 128 130 131 132 135 136 544 638 643 644 649
 654 659 664 669 674 815 850 860 893 895 898 900 905 938 945 951 966 993]
ids [  6 102 107 108 112 117 118 123 133 183 228 275 310 313 315 320 353 355
 358 360 363 365 400 403 411 438 501 542 546 547 548 549 550 551 552 553
 554 555 556 557 559 560 562 563 564 565 566 567 568 569 570 571 572 573
 574 575 576 577 579 581 582 584 586 587 589 592 593 594 595 596 597 598
 599 600 601 602 603 604 605 606 607 608 609 610 611 612 613 614 615 616
 617 618 619 620 621 622 624 626 627 629 631 632 634 635 636 637 639 640
 641 642 645 646 647 648 650 651 652 653 655 656 657 658 660 661 662 665
 666 667 671 672 676 813]
ids [   8   22   66   77   80   95  110  125  138  263  273  503  504  518
  519  529  534  543  663  678  680  715  718  720  723  725  758  760
  765  768  770  810  903  947  952  953  954  955  956  957  958  959
  960  961  962  963  964  965  967  968  969  970  971  972  973  974
  975  976  977  978  979  980  981  982  984  985  986  987  989  991
  992  994  995  996  997  998  999 1000 1001 1002 1003 1004 1005 1006
 1007 1008 1009 1010 1011 1012 1013 1014 1015 1016 1017 1018 1019 1020
 1021 1022 1023 1024 1025 1026 1027 1029 1031 1032 1034 1036 1037 1039
 1041 1042 1045 1046 1047 1050 1051 1052 1054 1055 1056 1057 1058 1060
 1061 1062 1063 1065 1066 1067 1068 1069 1070 1071 1072 1076 1077 1081]
ids [  7  38  40  43  45  82  84  87  92  94 129 134 274 368 379 384 398 399
 404 668 673 681 693 753 771 783 801 812 816 817 818 819 820 821 822 823
 824 825 826 827 829 830 831 832 833 834 835 836 837 838 839 840 841 842
 843 844 845 847 848 849 851 852 853 854 855 856 857 858 859 861 862 863
 864 865 866 867 868 869 870 871 872 873 874 875 876 877 878 879 880 881
 882 883 884 885 886 887 888 889 890 892 894 896 897 899 901 902 904 906
 907 908 910 911 912 915 916 917 920 921 922 923 925 926 927 929 930 931
 932 934 935 937 939 940 941 942 944 946 948]
ids [   5   48  139  234  238  239  244  248  249  258  259  264  378  533
  677  679  682  683  684  685  686  687  688  689  690  691  692  694
  695  696  697  698  699  700  701  702  703  704  705  706  707  708
  709  710  711  712  713  714  716  717  719  721  722  724  726  727
  728  729  730  731  732  733  734  735  736  737  738  739  740  741
  742  743  744  745  746  747  748  749  750  751  752  754  755  756
  757  759  761  762  763  764  766  767  769  772  773  774  775  776
  777  778  779  780  781  782  785  786  787  788  790  791  792  793
  795  796  797  799  800  802  805  806  807  811  828  846  891  936
  950  983  988  990 1028 1030 1033 1035 1038 1040 1075 1080]
ids [127 141 153 156 168 186 201 213 216 231 272 276 277 278 279 280 281 282
 283 284 285 286 287 288 289 290 291 292 293 294 295 296 297 298 299 300
 301 302 303 304 305 307 308 309 311 312 314 316 317 319 321 322 323 324
 325 326 327 328 329 330 331 332 333 334 335 336 337 338 339 340 341 342
 343 344 345 346 347 349 350 351 352 354 356 357 359 361 362 364 366 367
 369 370 371 372 373 374 375 376 377 380 382 383 385 386 387 388 389 390
 391 392 394 395 397 401 402 405 406 453 498 545 578 580 583 585 590 623
 625 628 630 633 670 675 814 909 913 914 919 924 928 943]
ids [ 122  140  173  178  185  220  223  230  265  268  270  318  407  408
  409  412  413  414  415  416  417  418  419  420  421  422  423  424
  425  426  427  428  429  430  431  432  433  434  435  436  437  439
  440  441  442  444  446  447  449  451  452  454  456  457  458  459
  460  461  462  463  464  465  466  467  468  469  470  471  472  473
  474  475  476  477  478  479  480  481  482  483  484  485  486  487
  488  489  491  492  494  496  497  499  502  505  506  507  508  509
  510  511  512  513  514  515  516  517  520  521  522  523  524  525
  526  527  528  530  531  532  536  537  539  541  558  561  588  591
  803  949 1043 1044 1048 1049 1053 1059 1064 1074 1079]
17:40:49-INFO: Step 93
17:40:49-DEBUG: Reaction systems: [[None]
 [0]]
17:40:49-DEBUG: rxn_pairs: [array([ 1, 13])]
17:40:49-DEBUG: Starting total colors: 5
17:40:49-DEBUG: Number of systems: 2
17:40:49-DEBUG: New total colors: 5
17:40:49-DEBUG: Potential energy for color 0: -31397.0051536663
ebond 3.129821157084677
ebond 3.129821157084677
ebond 3.129821157084677
ebond 3.129821157084677
ebond 3.129821157084677
17:40:49-DEBUG: Potential energy for color 1: -31396.42319847364
xhy 93 2 1 13
xhy 93 2 1 13
xhy 93 2 1 13
xhy 93 2 1 13
xhy 93 2 1 13
h_pos [ 7.72698576  9.33797731 10.62596387] x_pos [ 6.45700189  8.69500116 10.46497795] y_pos [ 8.17600687 10.59801269 10.41501435]
h_pos [ 7.72698576  9.33797731 10.62596387] x_pos [ 6.45700189  8.69500116 10.46497795] y_pos [ 8.17600687 10.59801269 10.41501435]
h_pos [ 7.72698576  9.33797731 10.62596387] x_pos [ 6.45700189  8.69500116 10.46497795] y_pos [ 8.17600687 10.59801269 10.41501435]
93 rHY 1.3541819792400176 rHX 1.4325480160248059 0.07836603678478826
93 rHY 1.3541819792400176 rHX 1.4325480160248059 0.07836603678478826
93 rHY 1.3541819792400176 rHX 1.4325480160248059 0.07836603678478826
h_pos [ 7.72698576  9.33797731 10.62596387] x_pos [ 6.45700189  8.69500116 10.46497795] y_pos [ 8.17600687 10.59801269 10.41501435]
93 cpl_forces h [ 2.21446724  2.50753964 -0.07889791]
h_pos [ 7.72698576  9.33797731 10.62596387] x_pos [ 6.45700189  8.69500116 10.46497795] y_pos [ 8.17600687 10.59801269 10.41501435]
93 cpl_forces h [ 2.21446724  2.50753964 -0.07889791]
93 cpl_forces h [ 2.21446724  2.50753964 -0.07889791]
93 cpl_forces x [-1.61166436 -0.81596449 -0.20429808]
93 rHY 1.3541819792400176 rHX 1.4325480160248059 0.07836603678478826
93 cpl_forces x [-1.61166436 -0.81596449 -0.20429808]
93 rHY 1.3541819792400176 rHX 1.4325480160248059 0.07836603678478826
93 cpl_forces x [-1.61166436 -0.81596449 -0.20429808]
93 cpl_forces y [-0.60280287 -1.69157515  0.28319599]
93 cpl_forces y [-0.60280287 -1.69157515  0.28319599]
93 cpl_forces y [-0.60280287 -1.69157515  0.28319599]
93 cpl_forces h [ 2.21446724  2.50753964 -0.07889791]
93 cpl_forces h [ 2.21446724  2.50753964 -0.07889791]
17:40:49-DEBUG: System matrix: 
93 cpl_forces x [-1.61166436 -0.81596449 -0.20429808]
93 cpl_forces x [-1.61166436 -0.81596449 -0.20429808]
93 cpl_forces y [-0.60280287 -1.69157515  0.28319599]
17:40:49-DEBUG: [[-3.13970052e+04  7.24949448e-01]
 [ 7.24949448e-01 -3.13964232e+04]]
17:40:49-DEBUG: Eigen values: 
93 cpl_forces y [-0.60280287 -1.69157515  0.28319599]
17:40:49-DEBUG: [-31397.49534165 -31395.93301049]
17:40:49-DEBUG: Occupancies: 
17:40:49-DEBUG: [1. 0.]
17:40:49-INFO: coupling 93 0.7249494475243978
17:40:49-DEBUG: Amplitudes: 
17:40:49-DEBUG: [0.68624579 0.31375421]
17:40:49-INFO: forces0 h [-15.98898695  -7.72742591  -2.43039825]
17:40:49-INFO: forces0 x [17.2203801   6.63041198  1.65325549]
17:40:49-INFO: forces0 y [ 3.34404158 -3.97769832  1.23684097]
17:40:49-INFO: forces1 h [ 3.56385381 12.55407803 -2.64482291]
17:40:49-INFO: forces1 x [ 3.680214    0.19815195 -0.64290461]
17:40:49-INFO: forces1 y [ -1.1761087  -14.89002804   3.0854038 ]
pos h  [ 7.72698576  9.33797731 10.62596387]
pos x  [ 6.45700189  8.69500116 10.46497795]
pos y  [ 8.17600687 10.59801269 10.41501435]
 mixed_cpl_forces: h [-2.05510437 -2.32708599  0.07322006]
 mixed_cpl_forces: x [1.49568186 0.75724407 0.18959589]
 mixed_cpl_forces: y [ 0.55942251  1.56984192 -0.26281595]
17:40:49-INFO: mixed forces h [-11.90930516  -3.69110459  -2.42445483]
17:40:49-INFO: mixed forces x [14.46777781  5.36950737  1.12242147]
17:40:49-INFO: mixed forces y [ 2.4852479  -5.83164583  1.5540194 ]
17:40:49-DEBUG: Minimum eigen value: 
17:40:49-DEBUG: -31397.495341649752
17:40:49-DEBUG: Minimum state: 
17:40:49-DEBUG: 0
        93   -31397.4953416498   -31397.4953416498        0.0000000000   -31397.0051536663        0.0000000000      0.25969899
ids [ 122  140  173  178  185  220  223  230  265  268  270  318  407  408
  409  412  413  414  415  416  417  418  419  420  421  422  423  424
  425  426  427  428  429  430  431  432  433  434  435  436  437  439
  440  441  442  444  446  447  449  451  452  454  456  457  458  459
  460  461  462  463  464  465  466  467  468  469  470  471  472  473
  474  475  476  477  478  479  480  481  482  483  484  485  486  487
  488  489  491  492  494  496  497  499  502  505  506  507  508  509
  510  511  512  513  514  515  516  517  520  521  522  523  524  525
  526  527  528  530  531  532  536  537  539  541  558  561  588  591
  803  949 1043 1044 1048 1049 1053 1059 1064 1074 1079]
ids [  6 102 107 108 112 117 118 123 133 183 228 275 310 313 315 320 353 355
 358 360 363 365 400 403 411 438 501 542 546 547 548 549 550 551 552 553
 554 555 556 557 559 560 562 563 564 565 566 567 568 569 570 571 572 573
 574 575 576 577 579 581 582 584 586 587 589 592 593 594 595 596 597 598
 599 600 601 602 603 604 605 606 607 608 609 610 611 612 613 614 615 616
 617 618 619 620 621 622 624 626 627 629 631 632 634 635 636 637 639 640
 641 642 645 646 647 648 650 651 652 653 655 656 657 658 660 661 662 665
 666 667 671 672 676 813]
ids [  7  38  40  43  45  82  84  87  92  94 129 134 274 368 379 384 398 399
 404 668 673 681 693 753 771 783 801 812 816 817 818 819 820 821 822 823
 824 825 826 827 829 830 831 832 833 834 835 836 837 838 839 840 841 842
 843 844 845 847 848 849 851 852 853 854 855 856 857 858 859 861 862 863
 864 865 866 867 868 869 870 871 872 873 874 875 876 877 878 879 880 881
 882 883 884 885 886 887 888 889 890 892 894 896 897 899 901 902 904 906
 907 908 910 911 912 915 916 917 920 921 922 923 925 926 927 929 930 931
 932 934 935 937 939 940 941 942 944 946 948]
ids [   5   48  139  234  238  239  244  248  249  258  259  264  378  533
  677  679  682  683  684  685  686  687  688  689  690  691  692  694
  695  696  697  698  699  700  701  702  703  704  705  706  707  708
  709  710  711  712  713  714  716  717  719  721  722  724  726  727
  728  729  730  731  732  733  734  735  736  737  738  739  740  741
  742  743  744  745  746  747  748  749  750  751  752  754  755  756
  757  759  761  762  763  764  766  767  769  772  773  774  775  776
  777  778  779  780  781  782  785  786  787  788  790  791  792  793
  795  796  797  799  800  802  805  806  807  811  828  846  891  936
  950  983  988  990 1028 1030 1033 1035 1038 1040 1075 1080]
ids [127 141 153 156 168 186 201 213 216 231 272 276 277 278 279 280 281 282
 283 284 285 286 287 288 289 290 291 292 293 294 295 296 297 298 299 300
 301 302 303 304 305 307 308 309 311 312 314 316 317 319 321 322 323 324
 325 326 327 328 329 330 331 332 333 334 335 336 337 338 339 340 341 342
 343 344 345 346 347 349 350 351 352 354 356 357 359 361 362 364 366 367
 369 370 371 372 373 374 375 376 377 380 382 383 385 386 387 388 389 390
 391 392 394 395 397 401 402 405 406 453 498 545 578 580 583 585 590 623
 625 628 630 633 670 675 814 909 913 914 919 924 928 943]
ids [   8   22   66   77   80   95  110  125  138  263  273  503  504  518
  519  529  534  543  663  678  680  715  718  720  723  725  758  760
  765  768  770  810  903  947  952  953  954  955  956  957  958  959
  960  961  962  963  964  965  967  968  969  970  971  972  973  974
  975  976  977  978  979  980  981  982  984  985  986  987  989  991
  992  994  995  996  997  998  999 1000 1001 1002 1003 1004 1005 1006
 1007 1008 1009 1010 1011 1012 1013 1014 1015 1016 1017 1018 1019 1020
 1021 1022 1023 1024 1025 1026 1027 1029 1031 1032 1034 1036 1037 1039
 1041 1042 1045 1046 1047 1050 1051 1052 1054 1055 1056 1057 1058 1060
 1061 1062 1063 1065 1066 1067 1068 1069 1070 1071 1072 1076 1077 1081]
ids [ 137  142  143  144  145  146  147  148  149  150  151  152  154  155
  157  158  159  160  161  162  163  164  165  166  167  169  170  171
  172  174  175  176  177  179  180  181  182  184  187  188  189  190
  191  192  193  194  195  196  197  198  199  200  202  203  204  205
  206  207  208  209  210  211  212  214  215  217  218  219  221  222
  224  225  226  227  229  232  233  235  236  237  240  241  242  243
  245  246  247  250  251  252  253  254  255  256  257  260  261  262
  266  267  269  271  306  348  381  393  396  410  443  445  448  450
  455  490  493  495  500  535  538  540  784  789  794  798  804  808
  809  918  933 1073 1078]
ids [  1   2   3   4   9  10  11  12  13  14  15  16  17  18  19  20  21  23
  24  25  26  27  28  29  30  31  32  33  34  35  36  37  39  41  42  44
  46  47  49  50  51  52  53  54  55  56  57  58  59  60  61  62  63  64
  65  67  68  69  70  71  72  73  74  75  76  78  79  81  83  85  86  88
  89  90  91  93  96  97  98  99 100 101 103 104 105 106 109 111 113 114
 115 116 119 120 121 124 126 128 130 131 132 135 136 544 638 643 644 649
 654 659 664 669 674 815 850 860 893 895 898 900 905 938 945 951 966 993]
17:40:49-INFO: Step 94
17:40:49-DEBUG: Reaction systems: [[None]
 [0]]
17:40:49-DEBUG: rxn_pairs: [array([ 1, 13])]
17:40:49-DEBUG: Starting total colors: 5
17:40:49-DEBUG: Number of systems: 2
17:40:49-DEBUG: New total colors: 5
17:40:49-DEBUG: Potential energy for color 0: -31397.0051536663
ebond 3.129821157084677
ebond 3.129821157084677
ebond 3.129821157084677
ebond 3.129821157084677
ebond 3.129821157084677
17:40:49-DEBUG: Potential energy for color 1: -31396.42319847364
xhy 94 2 1 13
xhy 94 2 1 13
xhy 94 2 1 13
xhy 94 2 1 13
xhy 94 2 1 13
h_pos [ 7.72698576  9.33797731 10.62596387] x_pos [ 6.45700189  8.69500116 10.46497795] y_pos [ 8.17600687 10.59801269 10.41501435]
h_pos [ 7.72698576  9.33797731 10.62596387] x_pos [ 6.45700189  8.69500116 10.46497795] y_pos [ 8.17600687 10.59801269 10.41501435]
h_pos [ 7.72698576  9.33797731 10.62596387] x_pos [ 6.45700189  8.69500116 10.46497795] y_pos [ 8.17600687 10.59801269 10.41501435]
94 rHY 1.3541819792400176 rHX 1.4325480160248059 0.07836603678478826
94 rHY 1.3541819792400176 rHX 1.4325480160248059 0.07836603678478826
94 rHY 1.3541819792400176 rHX 1.4325480160248059 0.07836603678478826
h_pos [ 7.72698576  9.33797731 10.62596387] x_pos [ 6.45700189  8.69500116 10.46497795] y_pos [ 8.17600687 10.59801269 10.41501435]
94 cpl_forces h [ 2.21446724  2.50753964 -0.07889791]
94 cpl_forces h [ 2.21446724  2.50753964 -0.07889791]
h_pos [ 7.72698576  9.33797731 10.62596387] x_pos [ 6.45700189  8.69500116 10.46497795] y_pos [ 8.17600687 10.59801269 10.41501435]
94 cpl_forces h [ 2.21446724  2.50753964 -0.07889791]
94 rHY 1.3541819792400176 rHX 1.4325480160248059 0.07836603678478826
94 cpl_forces x [-1.61166436 -0.81596449 -0.20429808]
94 cpl_forces x [-1.61166436 -0.81596449 -0.20429808]
94 cpl_forces x [-1.61166436 -0.81596449 -0.20429808]
94 rHY 1.3541819792400176 rHX 1.4325480160248059 0.07836603678478826
94 cpl_forces y [-0.60280287 -1.69157515  0.28319599]
94 cpl_forces y [-0.60280287 -1.69157515  0.28319599]
94 cpl_forces y [-0.60280287 -1.69157515  0.28319599]
94 cpl_forces h [ 2.21446724  2.50753964 -0.07889791]
94 cpl_forces x [-1.61166436 -0.81596449 -0.20429808]
17:40:49-DEBUG: System matrix: 
94 cpl_forces y [-0.60280287 -1.69157515  0.28319599]
94 cpl_forces h [ 2.21446724  2.50753964 -0.07889791]
17:40:49-DEBUG: [[-3.13970052e+04  7.24949448e-01]
 [ 7.24949448e-01 -3.13964232e+04]]
94 cpl_forces x [-1.61166436 -0.81596449 -0.20429808]
17:40:49-DEBUG: Eigen values: 
94 cpl_forces y [-0.60280287 -1.69157515  0.28319599]
17:40:49-DEBUG: [-31397.49534165 -31395.93301049]
17:40:49-DEBUG: Occupancies: 
17:40:49-DEBUG: [1. 0.]
17:40:49-INFO: coupling 94 0.7249494475243978
17:40:49-DEBUG: Amplitudes: 
17:40:49-DEBUG: [0.68624579 0.31375421]
17:40:49-INFO: forces0 h [-15.98898695  -7.72742591  -2.43039825]
17:40:49-INFO: forces0 x [17.2203801   6.63041198  1.65325549]
17:40:49-INFO: forces0 y [ 3.34404158 -3.97769832  1.23684097]
17:40:49-INFO: forces1 h [ 3.56385381 12.55407803 -2.64482291]
17:40:49-INFO: forces1 x [ 3.680214    0.19815195 -0.64290461]
17:40:49-INFO: forces1 y [ -1.1761087  -14.89002804   3.0854038 ]
pos h  [ 7.72698576  9.33797731 10.62596387]
pos x  [ 6.45700189  8.69500116 10.46497795]
pos y  [ 8.17600687 10.59801269 10.41501435]
 mixed_cpl_forces: h [-2.05510437 -2.32708599  0.07322006]
 mixed_cpl_forces: x [1.49568186 0.75724407 0.18959589]
 mixed_cpl_forces: y [ 0.55942251  1.56984192 -0.26281595]
17:40:49-INFO: mixed forces h [-11.90930516  -3.69110459  -2.42445483]
17:40:49-INFO: mixed forces x [14.46777781  5.36950737  1.12242147]
17:40:49-INFO: mixed forces y [ 2.4852479  -5.83164583  1.5540194 ]
17:40:49-DEBUG: Minimum eigen value: 
17:40:49-DEBUG: -31397.495341649752
17:40:49-DEBUG: Minimum state: 
17:40:49-DEBUG: 0
        94   -31397.4953416498   -31397.4953416498        0.0000000000   -31397.0051536663        0.0000000000      0.25831708
ids [   8   22   66   77   80   95  110  125  138  263  273  503  504  518
  519  529  534  543  663  678  680  715  718  720  723  725  758  760
  765  768  770  810  903  947  952  953  954  955  956  957  958  959
  960  961  962  963  964  965  967  968  969  970  971  972  973  974
  975  976  977  978  979  980  981  982  984  985  986  987  989  991
  992  994  995  996  997  998  999 1000 1001 1002 1003 1004 1005 1006
 1007 1008 1009 1010 1011 1012 1013 1014 1015 1016 1017 1018 1019 1020
 1021 1022 1023 1024 1025 1026 1027 1029 1031 1032 1034 1036 1037 1039
 1041 1042 1045 1046 1047 1050 1051 1052 1054 1055 1056 1057 1058 1060
 1061 1062 1063 1065 1066 1067 1068 1069 1070 1071 1072 1076 1077 1081]
ids [  1   2   3   4   9  10  11  12  13  14  15  16  17  18  19  20  21  23
  24  25  26  27  28  29  30  31  32  33  34  35  36  37  39  41  42  44
  46  47  49  50  51  52  53  54  55  56  57  58  59  60  61  62  63  64
  65  67  68  69  70  71  72  73  74  75  76  78  79  81  83  85  86  88
  89  90  91  93  96  97  98  99 100 101 103 104 105 106 109 111 113 114
 115 116 119 120 121 124 126 128 130 131 132 135 136 544 638 643 644 649
 654 659 664 669 674 815 850 860 893 895 898 900 905 938 945 951 966 993]
ids [ 137  142  143  144  145  146  147  148  149  150  151  152  154  155
  157  158  159  160  161  162  163  164  165  166  167  169  170  171
  172  174  175  176  177  179  180  181  182  184  187  188  189  190
  191  192  193  194  195  196  197  198  199  200  202  203  204  205
  206  207  208  209  210  211  212  214  215  217  218  219  221  222
  224  225  226  227  229  232  233  235  236  237  240  241  242  243
  245  246  247  250  251  252  253  254  255  256  257  260  261  262
  266  267  269  271  306  348  381  393  396  410  443  445  448  450
  455  490  493  495  500  535  538  540  784  789  794  798  804  808
  809  918  933 1073 1078]
ids [ 122  140  173  178  185  220  223  230  265  268  270  318  407  408
  409  412  413  414  415  416  417  418  419  420  421  422  423  424
  425  426  427  428  429  430  431  432  433  434  435  436  437  439
  440  441  442  444  446  447  449  451  452  454  456  457  458  459
  460  461  462  463  464  465  466  467  468  469  470  471  472  473
  474  475  476  477  478  479  480  481  482  483  484  485  486  487
  488  489  491  492  494  496  497  499  502  505  506  507  508  509
  510  511  512  513  514  515  516  517  520  521  522  523  524  525
  526  527  528  530  531  532  536  537  539  541  558  561  588  591
  803  949 1043 1044 1048 1049 1053 1059 1064 1074 1079]
ids [  6 102 107 108 112 117 118 123 133 183 228 275 310 313 315 320 353 355
 358 360 363 365 400 403 411 438 501 542 546 547 548 549 550 551 552 553
 554 555 556 557 559 560 562 563 564 565 566 567 568 569 570 571 572 573
 574 575 576 577 579 581 582 584 586 587 589 592 593 594 595 596 597 598
 599 600 601 602 603 604 605 606 607 608 609 610 611 612 613 614 615 616
 617 618 619 620 621 622 624 626 627 629 631 632 634 635 636 637 639 640
 641 642 645 646 647 648 650 651 652 653 655 656 657 658 660 661 662 665
 666 667 671 672 676 813]
ids [  7  38  40  43  45  82  84  87  92  94 129 134 274 368 379 384 398 399
 404 668 673 681 693 753 771 783 801 812 816 817 818 819 820 821 822 823
 824 825 826 827 829 830 831 832 833 834 835 836 837 838 839 840 841 842
 843 844 845 847 848 849 851 852 853 854 855 856 857 858 859 861 862 863
 864 865 866 867 868 869 870 871 872 873 874 875 876 877 878 879 880 881
 882 883 884 885 886 887 888 889 890 892 894 896 897 899 901 902 904 906
 907 908 910 911 912 915 916 917 920 921 922 923 925 926 927 929 930 931
 932 934 935 937 939 940 941 942 944 946 948]
ids [   5   48  139  234  238  239  244  248  249  258  259  264  378  533
  677  679  682  683  684  685  686  687  688  689  690  691  692  694
  695  696  697  698  699  700  701  702  703  704  705  706  707  708
  709  710  711  712  713  714  716  717  719  721  722  724  726  727
  728  729  730  731  732  733  734  735  736  737  738  739  740  741
  742  743  744  745  746  747  748  749  750  751  752  754  755  756
  757  759  761  762  763  764  766  767  769  772  773  774  775  776
  777  778  779  780  781  782  785  786  787  788  790  791  792  793
  795  796  797  799  800  802  805  806  807  811  828  846  891  936
  950  983  988  990 1028 1030 1033 1035 1038 1040 1075 1080]
ids [127 141 153 156 168 186 201 213 216 231 272 276 277 278 279 280 281 282
 283 284 285 286 287 288 289 290 291 292 293 294 295 296 297 298 299 300
 301 302 303 304 305 307 308 309 311 312 314 316 317 319 321 322 323 324
 325 326 327 328 329 330 331 332 333 334 335 336 337 338 339 340 341 342
 343 344 345 346 347 349 350 351 352 354 356 357 359 361 362 364 366 367
 369 370 371 372 373 374 375 376 377 380 382 383 385 386 387 388 389 390
 391 392 394 395 397 401 402 405 406 453 498 545 578 580 583 585 590 623
 625 628 630 633 670 675 814 909 913 914 919 924 928 943]
17:40:49-INFO: Step 95
17:40:49-DEBUG: Reaction systems: [[None]
 [0]]
17:40:49-DEBUG: rxn_pairs: [array([ 1, 13])]
17:40:49-DEBUG: Starting total colors: 5
17:40:49-DEBUG: Number of systems: 2
17:40:49-DEBUG: New total colors: 5
17:40:49-DEBUG: Potential energy for color 0: -31397.0051536663
ebond 3.129821157084677
ebond 3.129821157084677
ebond 3.129821157084677
ebond 3.129821157084677
ebond 3.129821157084677
17:40:49-DEBUG: Potential energy for color 1: -31396.42319847364
xhy 95 2 1 13
xhy 95 2 1 13
xhy 95 2 1 13
xhy 95 2 1 13
xhy 95 2 1 13
h_pos [ 7.72698576  9.33797731 10.62596387] x_pos [ 6.45700189  8.69500116 10.46497795] y_pos [ 8.17600687 10.59801269 10.41501435]
h_pos [ 7.72698576  9.33797731 10.62596387] x_pos [ 6.45700189  8.69500116 10.46497795] y_pos [ 8.17600687 10.59801269 10.41501435]
h_pos [ 7.72698576  9.33797731 10.62596387] x_pos [ 6.45700189  8.69500116 10.46497795] y_pos [ 8.17600687 10.59801269 10.41501435]
95 rHY 1.3541819792400176 rHX 1.4325480160248059 0.07836603678478826
h_pos [ 7.72698576  9.33797731 10.62596387] x_pos [ 6.45700189  8.69500116 10.46497795] y_pos [ 8.17600687 10.59801269 10.41501435]
95 rHY 1.3541819792400176 rHX 1.4325480160248059 0.07836603678478826
95 rHY 1.3541819792400176 rHX 1.4325480160248059 0.07836603678478826
95 rHY 1.3541819792400176 rHX 1.4325480160248059 0.07836603678478826
h_pos [ 7.72698576  9.33797731 10.62596387] x_pos [ 6.45700189  8.69500116 10.46497795] y_pos [ 8.17600687 10.59801269 10.41501435]
95 cpl_forces h [ 2.21446724  2.50753964 -0.07889791]
95 cpl_forces h [ 2.21446724  2.50753964 -0.07889791]
95 cpl_forces h [ 2.21446724  2.50753964 -0.07889791]
95 rHY 1.3541819792400176 rHX 1.4325480160248059 0.07836603678478826
95 cpl_forces x [-1.61166436 -0.81596449 -0.20429808]
95 cpl_forces x [-1.61166436 -0.81596449 -0.20429808]
95 cpl_forces h [ 2.21446724  2.50753964 -0.07889791]
95 cpl_forces x [-1.61166436 -0.81596449 -0.20429808]
95 cpl_forces y [-0.60280287 -1.69157515  0.28319599]
95 cpl_forces y [-0.60280287 -1.69157515  0.28319599]
95 cpl_forces y [-0.60280287 -1.69157515  0.28319599]
95 cpl_forces x [-1.61166436 -0.81596449 -0.20429808]
95 cpl_forces y [-0.60280287 -1.69157515  0.28319599]
95 cpl_forces h [ 2.21446724  2.50753964 -0.07889791]
17:40:49-DEBUG: System matrix: 
95 cpl_forces x [-1.61166436 -0.81596449 -0.20429808]
17:40:49-DEBUG: [[-3.13970052e+04  7.24949448e-01]
 [ 7.24949448e-01 -3.13964232e+04]]
17:40:49-DEBUG: Eigen values: 
95 cpl_forces y [-0.60280287 -1.69157515  0.28319599]
17:40:49-DEBUG: [-31397.49534165 -31395.93301049]
17:40:49-DEBUG: Occupancies: 
17:40:49-DEBUG: [1. 0.]
17:40:49-INFO: coupling 95 0.7249494475243978
17:40:49-DEBUG: Amplitudes: 
17:40:49-DEBUG: [0.68624579 0.31375421]
17:40:49-INFO: forces0 h [-15.98898695  -7.72742591  -2.43039825]
17:40:49-INFO: forces0 x [17.2203801   6.63041198  1.65325549]
17:40:49-INFO: forces0 y [ 3.34404158 -3.97769832  1.23684097]
17:40:49-INFO: forces1 h [ 3.56385381 12.55407803 -2.64482291]
17:40:49-INFO: forces1 x [ 3.680214    0.19815195 -0.64290461]
17:40:49-INFO: forces1 y [ -1.1761087  -14.89002804   3.0854038 ]
pos h  [ 7.72698576  9.33797731 10.62596387]
pos x  [ 6.45700189  8.69500116 10.46497795]
pos y  [ 8.17600687 10.59801269 10.41501435]
 mixed_cpl_forces: h [-2.05510437 -2.32708599  0.07322006]
 mixed_cpl_forces: x [1.49568186 0.75724407 0.18959589]
 mixed_cpl_forces: y [ 0.55942251  1.56984192 -0.26281595]
17:40:49-INFO: mixed forces h [-11.90930516  -3.69110459  -2.42445483]
17:40:49-INFO: mixed forces x [14.46777781  5.36950737  1.12242147]
17:40:49-INFO: mixed forces y [ 2.4852479  -5.83164583  1.5540194 ]
17:40:49-DEBUG: Minimum eigen value: 
17:40:49-DEBUG: -31397.495341649752
17:40:49-DEBUG: Minimum state: 
17:40:49-DEBUG: 0
        95   -31397.4953416498   -31397.4953416498        0.0000000000   -31397.0051536663        0.0000000000      0.27624711
ids [127 141 153 156 168 186 201 213 216 231 272 276 277 278 279 280 281 282
 283 284 285 286 287 288 289 290 291 292 293 294 295 296 297 298 299 300
 301 302 303 304 305 307 308 309 311 312 314 316 317 319 321 322 323 324
 325 326 327 328 329 330 331 332 333 334 335 336 337 338 339 340 341 342
 343 344 345 346 347 349 350 351 352 354 356 357 359 361 362 364 366 367
 369 370 371 372 373 374 375 376 377 380 382 383 385 386 387 388 389 390
 391 392 394 395 397 401 402 405 406 453 498 545 578 580 583 585 590 623
 625 628 630 633 670 675 814 909 913 914 919 924 928 943]
ids [ 137  142  143  144  145  146  147  148  149  150  151  152  154  155
  157  158  159  160  161  162  163  164  165  166  167  169  170  171
  172  174  175  176  177  179  180  181  182  184  187  188  189  190
  191  192  193  194  195  196  197  198  199  200  202  203  204  205
  206  207  208  209  210  211  212  214  215  217  218  219  221  222
  224  225  226  227  229  232  233  235  236  237  240  241  242  243
  245  246  247  250  251  252  253  254  255  256  257  260  261  262
  266  267  269  271  306  348  381  393  396  410  443  445  448  450
  455  490  493  495  500  535  538  540  784  789  794  798  804  808
  809  918  933 1073 1078]
ids [ 122  140  173  178  185  220  223  230  265  268  270  318  407  408
  409  412  413  414  415  416  417  418  419  420  421  422  423  424
  425  426  427  428  429  430  431  432  433  434  435  436  437  439
  440  441  442  444  446  447  449  451  452  454  456  457  458  459
  460  461  462  463  464  465  466  467  468  469  470  471  472  473
  474  475  476  477  478  479  480  481  482  483  484  485  486  487
  488  489  491  492  494  496  497  499  502  505  506  507  508  509
  510  511  512  513  514  515  516  517  520  521  522  523  524  525
  526  527  528  530  531  532  536  537  539  541  558  561  588  591
  803  949 1043 1044 1048 1049 1053 1059 1064 1074 1079]
ids [  6 102 107 108 112 117 118 123 133 183 228 275 310 313 315 320 353 355
 358 360 363 365 400 403 411 438 501 542 546 547 548 549 550 551 552 553
 554 555 556 557 559 560 562 563 564 565 566 567 568 569 570 571 572 573
 574 575 576 577 579 581 582 584 586 587 589 592 593 594 595 596 597 598
 599 600 601 602 603 604 605 606 607 608 609 610 611 612 613 614 615 616
 617 618 619 620 621 622 624 626 627 629 631 632 634 635 636 637 639 640
 641 642 645 646 647 648 650 651 652 653 655 656 657 658 660 661 662 665
 666 667 671 672 676 813]
ids [  7  38  40  43  45  82  84  87  92  94 129 134 274 368 379 384 398 399
 404 668 673 681 693 753 771 783 801 812 816 817 818 819 820 821 822 823
 824 825 826 827 829 830 831 832 833 834 835 836 837 838 839 840 841 842
 843 844 845 847 848 849 851 852 853 854 855 856 857 858 859 861 862 863
 864 865 866 867 868 869 870 871 872 873 874 875 876 877 878 879 880 881
 882 883 884 885 886 887 888 889 890 892 894 896 897 899 901 902 904 906
 907 908 910 911 912 915 916 917 920 921 922 923 925 926 927 929 930 931
 932 934 935 937 939 940 941 942 944 946 948]
ids [   5   48  139  234  238  239  244  248  249  258  259  264  378  533
  677  679  682  683  684  685  686  687  688  689  690  691  692  694
  695  696  697  698  699  700  701  702  703  704  705  706  707  708
  709  710  711  712  713  714  716  717  719  721  722  724  726  727
  728  729  730  731  732  733  734  735  736  737  738  739  740  741
  742  743  744  745  746  747  748  749  750  751  752  754  755  756
  757  759  761  762  763  764  766  767  769  772  773  774  775  776
  777  778  779  780  781  782  785  786  787  788  790  791  792  793
  795  796  797  799  800  802  805  806  807  811  828  846  891  936
  950  983  988  990 1028 1030 1033 1035 1038 1040 1075 1080]
ids [   8   22   66   77   80   95  110  125  138  263  273  503  504  518
  519  529  534  543  663  678  680  715  718  720  723  725  758  760
  765  768  770  810  903  947  952  953  954  955  956  957  958  959
  960  961  962  963  964  965  967  968  969  970  971  972  973  974
  975  976  977  978  979  980  981  982  984  985  986  987  989  991
  992  994  995  996  997  998  999 1000 1001 1002 1003 1004 1005 1006
 1007 1008 1009 1010 1011 1012 1013 1014 1015 1016 1017 1018 1019 1020
 1021 1022 1023 1024 1025 1026 1027 1029 1031 1032 1034 1036 1037 1039
 1041 1042 1045 1046 1047 1050 1051 1052 1054 1055 1056 1057 1058 1060
 1061 1062 1063 1065 1066 1067 1068 1069 1070 1071 1072 1076 1077 1081]
ids [  1   2   3   4   9  10  11  12  13  14  15  16  17  18  19  20  21  23
  24  25  26  27  28  29  30  31  32  33  34  35  36  37  39  41  42  44
  46  47  49  50  51  52  53  54  55  56  57  58  59  60  61  62  63  64
  65  67  68  69  70  71  72  73  74  75  76  78  79  81  83  85  86  88
  89  90  91  93  96  97  98  99 100 101 103 104 105 106 109 111 113 114
 115 116 119 120 121 124 126 128 130 131 132 135 136 544 638 643 644 649
 654 659 664 669 674 815 850 860 893 895 898 900 905 938 945 951 966 993]
17:40:49-INFO: Step 96
17:40:49-DEBUG: Reaction systems: [[None]
 [0]]
17:40:49-DEBUG: rxn_pairs: [array([ 1, 13])]
17:40:49-DEBUG: Starting total colors: 5
17:40:49-DEBUG: Number of systems: 2
17:40:49-DEBUG: New total colors: 5
17:40:49-DEBUG: Potential energy for color 0: -31397.0051536663
ebond 3.129821157084677
ebond 3.129821157084677
ebond 3.129821157084677
ebond 3.129821157084677
ebond 3.129821157084677
17:40:49-DEBUG: Potential energy for color 1: -31396.42319847364
xhy 96 2 1 13
xhy 96 2 1 13
xhy 96 2 1 13
xhy 96 2 1 13
xhy 96 2 1 13
h_pos [ 7.72698576  9.33797731 10.62596387] x_pos [ 6.45700189  8.69500116 10.46497795] y_pos [ 8.17600687 10.59801269 10.41501435]
96 rHY 1.3541819792400176 rHX 1.4325480160248059 0.07836603678478826
h_pos [ 7.72698576  9.33797731 10.62596387] x_pos [ 6.45700189  8.69500116 10.46497795] y_pos [ 8.17600687 10.59801269 10.41501435]
h_pos [ 7.72698576  9.33797731 10.62596387] x_pos [ 6.45700189  8.69500116 10.46497795] y_pos [ 8.17600687 10.59801269 10.41501435]
96 rHY 1.3541819792400176 rHX 1.4325480160248059 0.07836603678478826
h_pos [ 7.72698576  9.33797731 10.62596387] x_pos [ 6.45700189  8.69500116 10.46497795] y_pos [ 8.17600687 10.59801269 10.41501435]
96 rHY 1.3541819792400176 rHX 1.4325480160248059 0.07836603678478826
h_pos [ 7.72698576  9.33797731 10.62596387] x_pos [ 6.45700189  8.69500116 10.46497795] y_pos [ 8.17600687 10.59801269 10.41501435]
96 rHY 1.3541819792400176 rHX 1.4325480160248059 0.07836603678478826
96 rHY 1.3541819792400176 rHX 1.4325480160248059 0.07836603678478826
96 cpl_forces h [ 2.21446724  2.50753964 -0.07889791]
96 cpl_forces h [ 2.21446724  2.50753964 -0.07889791]
96 cpl_forces h [ 2.21446724  2.50753964 -0.07889791]
96 cpl_forces h [ 2.21446724  2.50753964 -0.07889791]
96 cpl_forces x [-1.61166436 -0.81596449 -0.20429808]
96 cpl_forces x [-1.61166436 -0.81596449 -0.20429808]
96 cpl_forces x [-1.61166436 -0.81596449 -0.20429808]
96 cpl_forces x [-1.61166436 -0.81596449 -0.20429808]
96 cpl_forces y [-0.60280287 -1.69157515  0.28319599]
96 cpl_forces y [-0.60280287 -1.69157515  0.28319599]
96 cpl_forces y [-0.60280287 -1.69157515  0.28319599]
96 cpl_forces y [-0.60280287 -1.69157515  0.28319599]
96 cpl_forces h [ 2.21446724  2.50753964 -0.07889791]
96 cpl_forces x [-1.61166436 -0.81596449 -0.20429808]
17:40:49-DEBUG: System matrix: 
96 cpl_forces y [-0.60280287 -1.69157515  0.28319599]
17:40:49-DEBUG: [[-3.13970052e+04  7.24949448e-01]
 [ 7.24949448e-01 -3.13964232e+04]]
17:40:49-DEBUG: Eigen values: 
17:40:49-DEBUG: [-31397.49534165 -31395.93301049]
17:40:49-DEBUG: Occupancies: 
17:40:49-DEBUG: [1. 0.]
17:40:49-INFO: coupling 96 0.7249494475243978
17:40:49-DEBUG: Amplitudes: 
17:40:49-DEBUG: [0.68624579 0.31375421]
17:40:49-INFO: forces0 h [-15.98898695  -7.72742591  -2.43039825]
17:40:49-INFO: forces0 x [17.2203801   6.63041198  1.65325549]
17:40:49-INFO: forces0 y [ 3.34404158 -3.97769832  1.23684097]
17:40:49-INFO: forces1 h [ 3.56385381 12.55407803 -2.64482291]
17:40:49-INFO: forces1 x [ 3.680214    0.19815195 -0.64290461]
17:40:49-INFO: forces1 y [ -1.1761087  -14.89002804   3.0854038 ]
pos h  [ 7.72698576  9.33797731 10.62596387]
pos x  [ 6.45700189  8.69500116 10.46497795]
pos y  [ 8.17600687 10.59801269 10.41501435]
 mixed_cpl_forces: h [-2.05510437 -2.32708599  0.07322006]
 mixed_cpl_forces: x [1.49568186 0.75724407 0.18959589]
 mixed_cpl_forces: y [ 0.55942251  1.56984192 -0.26281595]
17:40:49-INFO: mixed forces h [-11.90930516  -3.69110459  -2.42445483]
17:40:49-INFO: mixed forces x [14.46777781  5.36950737  1.12242147]
17:40:49-INFO: mixed forces y [ 2.4852479  -5.83164583  1.5540194 ]
17:40:49-DEBUG: Minimum eigen value: 
17:40:49-DEBUG: -31397.495341649752
17:40:49-DEBUG: Minimum state: 
17:40:49-DEBUG: 0
        96   -31397.4953416498   -31397.4953416498        0.0000000000   -31397.0051536663        0.0000000000      0.29320949
ids [   5   48  139  234  238  239  244  248  249  258  259  264  378  533
  677  679  682  683  684  685  686  687  688  689  690  691  692  694
  695  696  697  698  699  700  701  702  703  704  705  706  707  708
  709  710  711  712  713  714  716  717  719  721  722  724  726  727
  728  729  730  731  732  733  734  735  736  737  738  739  740  741
  742  743  744  745  746  747  748  749  750  751  752  754  755  756
  757  759  761  762  763  764  766  767  769  772  773  774  775  776
  777  778  779  780  781  782  785  786  787  788  790  791  792  793
  795  796  797  799  800  802  805  806  807  811  828  846  891  936
  950  983  988  990 1028 1030 1033 1035 1038 1040 1075 1080]
ids [  1   2   3   4   9  10  11  12  13  14  15  16  17  18  19  20  21  23
  24  25  26  27  28  29  30  31  32  33  34  35  36  37  39  41  42  44
  46  47  49  50  51  52  53  54  55  56  57  58  59  60  61  62  63  64
  65  67  68  69  70  71  72  73  74  75  76  78  79  81  83  85  86  88
  89  90  91  93  96  97  98  99 100 101 103 104 105 106 109 111 113 114
 115 116 119 120 121 124 126 128 130 131 132 135 136 544 638 643 644 649
 654 659 664 669 674 815 850 860 893 895 898 900 905 938 945 951 966 993]
ids [   8   22   66   77   80   95  110  125  138  263  273  503  504  518
  519  529  534  543  663  678  680  715  718  720  723  725  758  760
  765  768  770  810  903  947  952  953  954  955  956  957  958  959
  960  961  962  963  964  965  967  968  969  970  971  972  973  974
  975  976  977  978  979  980  981  982  984  985  986  987  989  991
  992  994  995  996  997  998  999 1000 1001 1002 1003 1004 1005 1006
 1007 1008 1009 1010 1011 1012 1013 1014 1015 1016 1017 1018 1019 1020
 1021 1022 1023 1024 1025 1026 1027 1029 1031 1032 1034 1036 1037 1039
 1041 1042 1045 1046 1047 1050 1051 1052 1054 1055 1056 1057 1058 1060
 1061 1062 1063 1065 1066 1067 1068 1069 1070 1071 1072 1076 1077 1081]
ids [127 141 153 156 168 186 201 213 216 231 272 276 277 278 279 280 281 282
 283 284 285 286 287 288 289 290 291 292 293 294 295 296 297 298 299 300
 301 302 303 304 305 307 308 309 311 312 314 316 317 319 321 322 323 324
 325 326 327 328 329 330 331 332 333 334 335 336 337 338 339 340 341 342
 343 344 345 346 347 349 350 351 352 354 356 357 359 361 362 364 366 367
 369 370 371 372 373 374 375 376 377 380 382 383 385 386 387 388 389 390
 391 392 394 395 397 401 402 405 406 453 498 545 578 580 583 585 590 623
 625 628 630 633 670 675 814 909 913 914 919 924 928 943]
ids [ 137  142  143  144  145  146  147  148  149  150  151  152  154  155
  157  158  159  160  161  162  163  164  165  166  167  169  170  171
  172  174  175  176  177  179  180  181  182  184  187  188  189  190
  191  192  193  194  195  196  197  198  199  200  202  203  204  205
  206  207  208  209  210  211  212  214  215  217  218  219  221  222
  224  225  226  227  229  232  233  235  236  237  240  241  242  243
  245  246  247  250  251  252  253  254  255  256  257  260  261  262
  266  267  269  271  306  348  381  393  396  410  443  445  448  450
  455  490  493  495  500  535  538  540  784  789  794  798  804  808
  809  918  933 1073 1078]
ids [ 122  140  173  178  185  220  223  230  265  268  270  318  407  408
  409  412  413  414  415  416  417  418  419  420  421  422  423  424
  425  426  427  428  429  430  431  432  433  434  435  436  437  439
  440  441  442  444  446  447  449  451  452  454  456  457  458  459
  460  461  462  463  464  465  466  467  468  469  470  471  472  473
  474  475  476  477  478  479  480  481  482  483  484  485  486  487
  488  489  491  492  494  496  497  499  502  505  506  507  508  509
  510  511  512  513  514  515  516  517  520  521  522  523  524  525
  526  527  528  530  531  532  536  537  539  541  558  561  588  591
  803  949 1043 1044 1048 1049 1053 1059 1064 1074 1079]
ids [  6 102 107 108 112 117 118 123 133 183 228 275 310 313 315 320 353 355
 358 360 363 365 400 403 411 438 501 542 546 547 548 549 550 551 552 553
 554 555 556 557 559 560 562 563 564 565 566 567 568 569 570 571 572 573
 574 575 576 577 579 581 582 584 586 587 589 592 593 594 595 596 597 598
 599 600 601 602 603 604 605 606 607 608 609 610 611 612 613 614 615 616
 617 618 619 620 621 622 624 626 627 629 631 632 634 635 636 637 639 640
 641 642 645 646 647 648 650 651 652 653 655 656 657 658 660 661 662 665
 666 667 671 672 676 813]
ids [  7  38  40  43  45  82  84  87  92  94 129 134 274 368 379 384 398 399
 404 668 673 681 693 753 771 783 801 812 816 817 818 819 820 821 822 823
 824 825 826 827 829 830 831 832 833 834 835 836 837 838 839 840 841 842
 843 844 845 847 848 849 851 852 853 854 855 856 857 858 859 861 862 863
 864 865 866 867 868 869 870 871 872 873 874 875 876 877 878 879 880 881
 882 883 884 885 886 887 888 889 890 892 894 896 897 899 901 902 904 906
 907 908 910 911 912 915 916 917 920 921 922 923 925 926 927 929 930 931
 932 934 935 937 939 940 941 942 944 946 948]
17:40:49-INFO: Step 97
17:40:49-DEBUG: Reaction systems: [[None]
 [0]]
17:40:49-DEBUG: rxn_pairs: [array([ 1, 13])]
17:40:49-DEBUG: Starting total colors: 5
17:40:49-DEBUG: Number of systems: 2
17:40:49-DEBUG: New total colors: 5
17:40:49-DEBUG: Potential energy for color 0: -31397.0051536663
ebond 3.129821157084677
ebond 3.129821157084677
ebond 3.129821157084677
ebond 3.129821157084677
ebond 3.129821157084677
17:40:49-DEBUG: Potential energy for color 1: -31396.42319847364
xhy 97 2 1 13
xhy 97 2 1 13
xhy 97 2 1 13
xhy 97 2 1 13
xhy 97 2 1 13
h_pos [ 7.72698576  9.33797731 10.62596387] x_pos [ 6.45700189  8.69500116 10.46497795] y_pos [ 8.17600687 10.59801269 10.41501435]
h_pos [ 7.72698576  9.33797731 10.62596387] x_pos [ 6.45700189  8.69500116 10.46497795] y_pos [ 8.17600687 10.59801269 10.41501435]
h_pos [ 7.72698576  9.33797731 10.62596387] x_pos [ 6.45700189  8.69500116 10.46497795] y_pos [ 8.17600687 10.59801269 10.41501435]
h_pos [ 7.72698576  9.33797731 10.62596387] x_pos [ 6.45700189  8.69500116 10.46497795] y_pos [ 8.17600687 10.59801269 10.41501435]
97 rHY 1.3541819792400176 rHX 1.4325480160248059 0.07836603678478826
97 rHY 1.3541819792400176 rHX 1.4325480160248059 0.07836603678478826
97 rHY 1.3541819792400176 rHX 1.4325480160248059 0.07836603678478826
97 rHY 1.3541819792400176 rHX 1.4325480160248059 0.07836603678478826
97 cpl_forces h [ 2.21446724  2.50753964 -0.07889791]
97 cpl_forces h [ 2.21446724  2.50753964 -0.07889791]
h_pos [ 7.72698576  9.33797731 10.62596387] x_pos [ 6.45700189  8.69500116 10.46497795] y_pos [ 8.17600687 10.59801269 10.41501435]
97 cpl_forces h [ 2.21446724  2.50753964 -0.07889791]
97 cpl_forces h [ 2.21446724  2.50753964 -0.07889791]
97 cpl_forces x [-1.61166436 -0.81596449 -0.20429808]
97 cpl_forces x [-1.61166436 -0.81596449 -0.20429808]
97 cpl_forces x [-1.61166436 -0.81596449 -0.20429808]
97 cpl_forces x [-1.61166436 -0.81596449 -0.20429808]
97 cpl_forces y [-0.60280287 -1.69157515  0.28319599]
97 cpl_forces y [-0.60280287 -1.69157515  0.28319599]
97 rHY 1.3541819792400176 rHX 1.4325480160248059 0.07836603678478826
97 cpl_forces y [-0.60280287 -1.69157515  0.28319599]
97 cpl_forces y [-0.60280287 -1.69157515  0.28319599]
17:40:49-DEBUG: System matrix: 
97 cpl_forces h [ 2.21446724  2.50753964 -0.07889791]
97 cpl_forces x [-1.61166436 -0.81596449 -0.20429808]
17:40:49-DEBUG: [[-3.13970052e+04  7.24949448e-01]
 [ 7.24949448e-01 -3.13964232e+04]]
17:40:49-DEBUG: Eigen values: 
97 cpl_forces y [-0.60280287 -1.69157515  0.28319599]
17:40:49-DEBUG: [-31397.49534165 -31395.93301049]
17:40:49-DEBUG: Occupancies: 
17:40:49-DEBUG: [1. 0.]
17:40:49-INFO: coupling 97 0.7249494475243978
17:40:49-DEBUG: Amplitudes: 
17:40:49-DEBUG: [0.68624579 0.31375421]
17:40:49-INFO: forces0 h [-15.98898695  -7.72742591  -2.43039825]
17:40:49-INFO: forces0 x [17.2203801   6.63041198  1.65325549]
17:40:49-INFO: forces0 y [ 3.34404158 -3.97769832  1.23684097]
17:40:49-INFO: forces1 h [ 3.56385381 12.55407803 -2.64482291]
17:40:49-INFO: forces1 x [ 3.680214    0.19815195 -0.64290461]
17:40:49-INFO: forces1 y [ -1.1761087  -14.89002804   3.0854038 ]
pos h  [ 7.72698576  9.33797731 10.62596387]
pos x  [ 6.45700189  8.69500116 10.46497795]
pos y  [ 8.17600687 10.59801269 10.41501435]
 mixed_cpl_forces: h [-2.05510437 -2.32708599  0.07322006]
 mixed_cpl_forces: x [1.49568186 0.75724407 0.18959589]
 mixed_cpl_forces: y [ 0.55942251  1.56984192 -0.26281595]
17:40:49-INFO: mixed forces h [-11.90930516  -3.69110459  -2.42445483]
17:40:49-INFO: mixed forces x [14.46777781  5.36950737  1.12242147]
17:40:49-INFO: mixed forces y [ 2.4852479  -5.83164583  1.5540194 ]
17:40:49-DEBUG: Minimum eigen value: 
17:40:49-DEBUG: -31397.495341649752
17:40:49-DEBUG: Minimum state: 
17:40:49-DEBUG: 0
        97   -31397.4953416498   -31397.4953416498        0.0000000000   -31397.0051536663        0.0000000000      0.28989754
ids [   5   48  139  234  238  239  244  248  249  258  259  264  378  533
  677  679  682  683  684  685  686  687  688  689  690  691  692  694
  695  696  697  698  699  700  701  702  703  704  705  706  707  708
  709  710  711  712  713  714  716  717  719  721  722  724  726  727
  728  729  730  731  732  733  734  735  736  737  738  739  740  741
  742  743  744  745  746  747  748  749  750  751  752  754  755  756
  757  759  761  762  763  764  766  767  769  772  773  774  775  776
  777  778  779  780  781  782  785  786  787  788  790  791  792  793
  795  796  797  799  800  802  805  806  807  811  828  846  891  936
  950  983  988  990 1028 1030 1033 1035 1038 1040 1075 1080]
ids [  1   2   3   4   9  10  11  12  13  14  15  16  17  18  19  20  21  23
  24  25  26  27  28  29  30  31  32  33  34  35  36  37  39  41  42  44
  46  47  49  50  51  52  53  54  55  56  57  58  59  60  61  62  63  64
  65  67  68  69  70  71  72  73  74  75  76  78  79  81  83  85  86  88
  89  90  91  93  96  97  98  99 100 101 103 104 105 106 109 111 113 114
 115 116 119 120 121 124 126 128 130 131 132 135 136 544 638 643 644 649
 654 659 664 669 674 815 850 860 893 895 898 900 905 938 945 951 966 993]
ids [  7  38  40  43  45  82  84  87  92  94 129 134 274 368 379 384 398 399
 404 668 673 681 693 753 771 783 801 812 816 817 818 819 820 821 822 823
 824 825 826 827 829 830 831 832 833 834 835 836 837 838 839 840 841 842
 843 844 845 847 848 849 851 852 853 854 855 856 857 858 859 861 862 863
 864 865 866 867 868 869 870 871 872 873 874 875 876 877 878 879 880 881
 882 883 884 885 886 887 888 889 890 892 894 896 897 899 901 902 904 906
 907 908 910 911 912 915 916 917 920 921 922 923 925 926 927 929 930 931
 932 934 935 937 939 940 941 942 944 946 948]
ids [   8   22   66   77   80   95  110  125  138  263  273  503  504  518
  519  529  534  543  663  678  680  715  718  720  723  725  758  760
  765  768  770  810  903  947  952  953  954  955  956  957  958  959
  960  961  962  963  964  965  967  968  969  970  971  972  973  974
  975  976  977  978  979  980  981  982  984  985  986  987  989  991
  992  994  995  996  997  998  999 1000 1001 1002 1003 1004 1005 1006
 1007 1008 1009 1010 1011 1012 1013 1014 1015 1016 1017 1018 1019 1020
 1021 1022 1023 1024 1025 1026 1027 1029 1031 1032 1034 1036 1037 1039
 1041 1042 1045 1046 1047 1050 1051 1052 1054 1055 1056 1057 1058 1060
 1061 1062 1063 1065 1066 1067 1068 1069 1070 1071 1072 1076 1077 1081]
ids [127 141 153 156 168 186 201 213 216 231 272 276 277 278 279 280 281 282
 283 284 285 286 287 288 289 290 291 292 293 294 295 296 297 298 299 300
 301 302 303 304 305 307 308 309 311 312 314 316 317 319 321 322 323 324
 325 326 327 328 329 330 331 332 333 334 335 336 337 338 339 340 341 342
 343 344 345 346 347 349 350 351 352 354 356 357 359 361 362 364 366 367
 369 370 371 372 373 374 375 376 377 380 382 383 385 386 387 388 389 390
 391 392 394 395 397 401 402 405 406 453 498 545 578 580 583 585 590 623
 625 628 630 633 670 675 814 909 913 914 919 924 928 943]
ids [ 137  142  143  144  145  146  147  148  149  150  151  152  154  155
  157  158  159  160  161  162  163  164  165  166  167  169  170  171
  172  174  175  176  177  179  180  181  182  184  187  188  189  190
  191  192  193  194  195  196  197  198  199  200  202  203  204  205
  206  207  208  209  210  211  212  214  215  217  218  219  221  222
  224  225  226  227  229  232  233  235  236  237  240  241  242  243
  245  246  247  250  251  252  253  254  255  256  257  260  261  262
  266  267  269  271  306  348  381  393  396  410  443  445  448  450
  455  490  493  495  500  535  538  540  784  789  794  798  804  808
  809  918  933 1073 1078]
ids [ 122  140  173  178  185  220  223  230  265  268  270  318  407  408
  409  412  413  414  415  416  417  418  419  420  421  422  423  424
  425  426  427  428  429  430  431  432  433  434  435  436  437  439
  440  441  442  444  446  447  449  451  452  454  456  457  458  459
  460  461  462  463  464  465  466  467  468  469  470  471  472  473
  474  475  476  477  478  479  480  481  482  483  484  485  486  487
  488  489  491  492  494  496  497  499  502  505  506  507  508  509
  510  511  512  513  514  515  516  517  520  521  522  523  524  525
  526  527  528  530  531  532  536  537  539  541  558  561  588  591
  803  949 1043 1044 1048 1049 1053 1059 1064 1074 1079]
ids [  6 102 107 108 112 117 118 123 133 183 228 275 310 313 315 320 353 355
 358 360 363 365 400 403 411 438 501 542 546 547 548 549 550 551 552 553
 554 555 556 557 559 560 562 563 564 565 566 567 568 569 570 571 572 573
 574 575 576 577 579 581 582 584 586 587 589 592 593 594 595 596 597 598
 599 600 601 602 603 604 605 606 607 608 609 610 611 612 613 614 615 616
 617 618 619 620 621 622 624 626 627 629 631 632 634 635 636 637 639 640
 641 642 645 646 647 648 650 651 652 653 655 656 657 658 660 661 662 665
 666 667 671 672 676 813]
17:40:49-INFO: Step 98
17:40:49-DEBUG: Reaction systems: [[None]
 [0]]
17:40:49-DEBUG: rxn_pairs: [array([ 1, 13])]
17:40:49-DEBUG: Starting total colors: 5
17:40:49-DEBUG: Number of systems: 2
17:40:49-DEBUG: New total colors: 5
17:40:49-DEBUG: Potential energy for color 0: -31397.0051536663
ebond 3.129821157084677
ebond 3.129821157084677
ebond 3.129821157084677
ebond 3.129821157084677
ebond 3.129821157084677
17:40:49-DEBUG: Potential energy for color 1: -31396.42319847364
xhy 98 2 1 13
xhy 98 2 1 13
xhy 98 2 1 13
xhy 98 2 1 13
xhy 98 2 1 13
h_pos [ 7.72698576  9.33797731 10.62596387] x_pos [ 6.45700189  8.69500116 10.46497795] y_pos [ 8.17600687 10.59801269 10.41501435]
h_pos [ 7.72698576  9.33797731 10.62596387] x_pos [ 6.45700189  8.69500116 10.46497795] y_pos [ 8.17600687 10.59801269 10.41501435]
h_pos [ 7.72698576  9.33797731 10.62596387] x_pos [ 6.45700189  8.69500116 10.46497795] y_pos [ 8.17600687 10.59801269 10.41501435]
h_pos [ 7.72698576  9.33797731 10.62596387] x_pos [ 6.45700189  8.69500116 10.46497795] y_pos [ 8.17600687 10.59801269 10.41501435]
98 rHY 1.3541819792400176 rHX 1.4325480160248059 0.07836603678478826
98 rHY 1.3541819792400176 rHX 1.4325480160248059 0.07836603678478826
98 rHY 1.3541819792400176 rHX 1.4325480160248059 0.07836603678478826
98 rHY 1.3541819792400176 rHX 1.4325480160248059 0.07836603678478826
h_pos [ 7.72698576  9.33797731 10.62596387] x_pos [ 6.45700189  8.69500116 10.46497795] y_pos [ 8.17600687 10.59801269 10.41501435]
98 cpl_forces h [ 2.21446724  2.50753964 -0.07889791]
98 cpl_forces h [ 2.21446724  2.50753964 -0.07889791]
98 cpl_forces h [ 2.21446724  2.50753964 -0.07889791]
98 cpl_forces h [ 2.21446724  2.50753964 -0.07889791]
98 rHY 1.3541819792400176 rHX 1.4325480160248059 0.07836603678478826
98 cpl_forces x [-1.61166436 -0.81596449 -0.20429808]
98 cpl_forces x [-1.61166436 -0.81596449 -0.20429808]
98 cpl_forces x [-1.61166436 -0.81596449 -0.20429808]
98 cpl_forces x [-1.61166436 -0.81596449 -0.20429808]
98 cpl_forces y [-0.60280287 -1.69157515  0.28319599]
98 cpl_forces y [-0.60280287 -1.69157515  0.28319599]
98 cpl_forces y [-0.60280287 -1.69157515  0.28319599]
98 cpl_forces y [-0.60280287 -1.69157515  0.28319599]
98 cpl_forces h [ 2.21446724  2.50753964 -0.07889791]
17:40:49-DEBUG: System matrix: 
98 cpl_forces x [-1.61166436 -0.81596449 -0.20429808]
98 cpl_forces y [-0.60280287 -1.69157515  0.28319599]
17:40:49-DEBUG: [[-3.13970052e+04  7.24949448e-01]
 [ 7.24949448e-01 -3.13964232e+04]]
17:40:49-DEBUG: Eigen values: 
17:40:49-DEBUG: [-31397.49534165 -31395.93301049]
17:40:49-DEBUG: Occupancies: 
17:40:49-DEBUG: [1. 0.]
17:40:49-INFO: coupling 98 0.7249494475243978
17:40:49-DEBUG: Amplitudes: 
17:40:49-DEBUG: [0.68624579 0.31375421]
17:40:49-INFO: forces0 h [-15.98898695  -7.72742591  -2.43039825]
17:40:49-INFO: forces0 x [17.2203801   6.63041198  1.65325549]
17:40:49-INFO: forces0 y [ 3.34404158 -3.97769832  1.23684097]
17:40:49-INFO: forces1 h [ 3.56385381 12.55407803 -2.64482291]
17:40:49-INFO: forces1 x [ 3.680214    0.19815195 -0.64290461]
17:40:49-INFO: forces1 y [ -1.1761087  -14.89002804   3.0854038 ]
pos h  [ 7.72698576  9.33797731 10.62596387]
pos x  [ 6.45700189  8.69500116 10.46497795]
pos y  [ 8.17600687 10.59801269 10.41501435]
 mixed_cpl_forces: h [-2.05510437 -2.32708599  0.07322006]
 mixed_cpl_forces: x [1.49568186 0.75724407 0.18959589]
 mixed_cpl_forces: y [ 0.55942251  1.56984192 -0.26281595]
17:40:49-INFO: mixed forces h [-11.90930516  -3.69110459  -2.42445483]
17:40:49-INFO: mixed forces x [14.46777781  5.36950737  1.12242147]
17:40:49-INFO: mixed forces y [ 2.4852479  -5.83164583  1.5540194 ]
17:40:49-DEBUG: Minimum eigen value: 
17:40:49-DEBUG: -31397.495341649752
17:40:49-DEBUG: Minimum state: 
17:40:49-DEBUG: 0
        98   -31397.4953416498   -31397.4953416498        0.0000000000   -31397.0051536663        0.0000000000      0.29358599
ids [  1   2   3   4   9  10  11  12  13  14  15  16  17  18  19  20  21  23
  24  25  26  27  28  29  30  31  32  33  34  35  36  37  39  41  42  44
  46  47  49  50  51  52  53  54  55  56  57  58  59  60  61  62  63  64
  65  67  68  69  70  71  72  73  74  75  76  78  79  81  83  85  86  88
  89  90  91  93  96  97  98  99 100 101 103 104 105 106 109 111 113 114
 115 116 119 120 121 124 126 128 130 131 132 135 136 544 638 643 644 649
 654 659 664 669 674 815 850 860 893 895 898 900 905 938 945 951 966 993]
ids [  6 102 107 108 112 117 118 123 133 183 228 275 310 313 315 320 353 355
 358 360 363 365 400 403 411 438 501 542 546 547 548 549 550 551 552 553
 554 555 556 557 559 560 562 563 564 565 566 567 568 569 570 571 572 573
 574 575 576 577 579 581 582 584 586 587 589 592 593 594 595 596 597 598
 599 600 601 602 603 604 605 606 607 608 609 610 611 612 613 614 615 616
 617 618 619 620 621 622 624 626 627 629 631 632 634 635 636 637 639 640
 641 642 645 646 647 648 650 651 652 653 655 656 657 658 660 661 662 665
 666 667 671 672 676 813]
ids [  7  38  40  43  45  82  84  87  92  94 129 134 274 368 379 384 398 399
 404 668 673 681 693 753 771 783 801 812 816 817 818 819 820 821 822 823
 824 825 826 827 829 830 831 832 833 834 835 836 837 838 839 840 841 842
 843 844 845 847 848 849 851 852 853 854 855 856 857 858 859 861 862 863
 864 865 866 867 868 869 870 871 872 873 874 875 876 877 878 879 880 881
 882 883 884 885 886 887 888 889 890 892 894 896 897 899 901 902 904 906
 907 908 910 911 912 915 916 917 920 921 922 923 925 926 927 929 930 931
 932 934 935 937 939 940 941 942 944 946 948]
ids [   8   22   66   77   80   95  110  125  138  263  273  503  504  518
  519  529  534  543  663  678  680  715  718  720  723  725  758  760
  765  768  770  810  903  947  952  953  954  955  956  957  958  959
  960  961  962  963  964  965  967  968  969  970  971  972  973  974
  975  976  977  978  979  980  981  982  984  985  986  987  989  991
  992  994  995  996  997  998  999 1000 1001 1002 1003 1004 1005 1006
 1007 1008 1009 1010 1011 1012 1013 1014 1015 1016 1017 1018 1019 1020
 1021 1022 1023 1024 1025 1026 1027 1029 1031 1032 1034 1036 1037 1039
 1041 1042 1045 1046 1047 1050 1051 1052 1054 1055 1056 1057 1058 1060
 1061 1062 1063 1065 1066 1067 1068 1069 1070 1071 1072 1076 1077 1081]
ids [127 141 153 156 168 186 201 213 216 231 272 276 277 278 279 280 281 282
 283 284 285 286 287 288 289 290 291 292 293 294 295 296 297 298 299 300
 301 302 303 304 305 307 308 309 311 312 314 316 317 319 321 322 323 324
 325 326 327 328 329 330 331 332 333 334 335 336 337 338 339 340 341 342
 343 344 345 346 347 349 350 351 352 354 356 357 359 361 362 364 366 367
 369 370 371 372 373 374 375 376 377 380 382 383 385 386 387 388 389 390
 391 392 394 395 397 401 402 405 406 453 498 545 578 580 583 585 590 623
 625 628 630 633 670 675 814 909 913 914 919 924 928 943]
ids [ 137  142  143  144  145  146  147  148  149  150  151  152  154  155
  157  158  159  160  161  162  163  164  165  166  167  169  170  171
  172  174  175  176  177  179  180  181  182  184  187  188  189  190
  191  192  193  194  195  196  197  198  199  200  202  203  204  205
  206  207  208  209  210  211  212  214  215  217  218  219  221  222
  224  225  226  227  229  232  233  235  236  237  240  241  242  243
  245  246  247  250  251  252  253  254  255  256  257  260  261  262
  266  267  269  271  306  348  381  393  396  410  443  445  448  450
  455  490  493  495  500  535  538  540  784  789  794  798  804  808
  809  918  933 1073 1078]
ids [ 122  140  173  178  185  220  223  230  265  268  270  318  407  408
  409  412  413  414  415  416  417  418  419  420  421  422  423  424
  425  426  427  428  429  430  431  432  433  434  435  436  437  439
  440  441  442  444  446  447  449  451  452  454  456  457  458  459
  460  461  462  463  464  465  466  467  468  469  470  471  472  473
  474  475  476  477  478  479  480  481  482  483  484  485  486  487
  488  489  491  492  494  496  497  499  502  505  506  507  508  509
  510  511  512  513  514  515  516  517  520  521  522  523  524  525
  526  527  528  530  531  532  536  537  539  541  558  561  588  591
  803  949 1043 1044 1048 1049 1053 1059 1064 1074 1079]
ids [   5   48  139  234  238  239  244  248  249  258  259  264  378  533
  677  679  682  683  684  685  686  687  688  689  690  691  692  694
  695  696  697  698  699  700  701  702  703  704  705  706  707  708
  709  710  711  712  713  714  716  717  719  721  722  724  726  727
  728  729  730  731  732  733  734  735  736  737  738  739  740  741
  742  743  744  745  746  747  748  749  750  751  752  754  755  756
  757  759  761  762  763  764  766  767  769  772  773  774  775  776
  777  778  779  780  781  782  785  786  787  788  790  791  792  793
  795  796  797  799  800  802  805  806  807  811  828  846  891  936
  950  983  988  990 1028 1030 1033 1035 1038 1040 1075 1080]
17:40:49-INFO: Step 99
17:40:49-DEBUG: Reaction systems: [[None]
 [0]]
17:40:49-DEBUG: rxn_pairs: [array([ 1, 13])]
17:40:49-DEBUG: Starting total colors: 5
17:40:49-DEBUG: Number of systems: 2
17:40:49-DEBUG: New total colors: 5
17:40:49-DEBUG: Potential energy for color 0: -31397.0051536663
ebond 3.129821157084677
ebond 3.129821157084677
ebond 3.129821157084677
ebond 3.129821157084677
ebond 3.129821157084677
17:40:49-DEBUG: Potential energy for color 1: -31396.42319847364
xhy 99 2 1 13
xhy 99 2 1 13
xhy 99 2 1 13
xhy 99 2 1 13
xhy 99 2 1 13
h_pos [ 7.72698576  9.33797731 10.62596387] x_pos [ 6.45700189  8.69500116 10.46497795] y_pos [ 8.17600687 10.59801269 10.41501435]
h_pos [ 7.72698576  9.33797731 10.62596387] x_pos [ 6.45700189  8.69500116 10.46497795] y_pos [ 8.17600687 10.59801269 10.41501435]
99 rHY 1.3541819792400176 rHX 1.4325480160248059 0.07836603678478826
h_pos [ 7.72698576  9.33797731 10.62596387] x_pos [ 6.45700189  8.69500116 10.46497795] y_pos [ 8.17600687 10.59801269 10.41501435]
h_pos [ 7.72698576  9.33797731 10.62596387] x_pos [ 6.45700189  8.69500116 10.46497795] y_pos [ 8.17600687 10.59801269 10.41501435]
99 rHY 1.3541819792400176 rHX 1.4325480160248059 0.07836603678478826
99 rHY 1.3541819792400176 rHX 1.4325480160248059 0.07836603678478826
99 rHY 1.3541819792400176 rHX 1.4325480160248059 0.07836603678478826
h_pos [ 7.72698576  9.33797731 10.62596387] x_pos [ 6.45700189  8.69500116 10.46497795] y_pos [ 8.17600687 10.59801269 10.41501435]
99 cpl_forces h [ 2.21446724  2.50753964 -0.07889791]
99 cpl_forces h [ 2.21446724  2.50753964 -0.07889791]
99 cpl_forces h [ 2.21446724  2.50753964 -0.07889791]
99 cpl_forces h [ 2.21446724  2.50753964 -0.07889791]
99 cpl_forces x [-1.61166436 -0.81596449 -0.20429808]
99 cpl_forces x [-1.61166436 -0.81596449 -0.20429808]
99 cpl_forces x [-1.61166436 -0.81596449 -0.20429808]
99 cpl_forces x [-1.61166436 -0.81596449 -0.20429808]
99 cpl_forces y [-0.60280287 -1.69157515  0.28319599]
99 cpl_forces y [-0.60280287 -1.69157515  0.28319599]
99 cpl_forces y [-0.60280287 -1.69157515  0.28319599]
99 cpl_forces y [-0.60280287 -1.69157515  0.28319599]
99 rHY 1.3541819792400176 rHX 1.4325480160248059 0.07836603678478826
17:40:49-DEBUG: System matrix: 
99 cpl_forces h [ 2.21446724  2.50753964 -0.07889791]
99 cpl_forces x [-1.61166436 -0.81596449 -0.20429808]
17:40:49-DEBUG: [[-3.13970052e+04  7.24949448e-01]
 [ 7.24949448e-01 -3.13964232e+04]]
17:40:49-DEBUG: Eigen values: 
99 cpl_forces y [-0.60280287 -1.69157515  0.28319599]
17:40:49-DEBUG: [-31397.49534165 -31395.93301049]
17:40:49-DEBUG: Occupancies: 
17:40:49-DEBUG: [1. 0.]
17:40:49-INFO: coupling 99 0.7249494475243978
17:40:49-DEBUG: Amplitudes: 
17:40:49-DEBUG: [0.68624579 0.31375421]
17:40:49-INFO: forces0 h [-15.98898695  -7.72742591  -2.43039825]
17:40:49-INFO: forces0 x [17.2203801   6.63041198  1.65325549]
17:40:49-INFO: forces0 y [ 3.34404158 -3.97769832  1.23684097]
17:40:49-INFO: forces1 h [ 3.56385381 12.55407803 -2.64482291]
17:40:49-INFO: forces1 x [ 3.680214    0.19815195 -0.64290461]
17:40:49-INFO: forces1 y [ -1.1761087  -14.89002804   3.0854038 ]
pos h  [ 7.72698576  9.33797731 10.62596387]
pos x  [ 6.45700189  8.69500116 10.46497795]
pos y  [ 8.17600687 10.59801269 10.41501435]
 mixed_cpl_forces: h [-2.05510437 -2.32708599  0.07322006]
 mixed_cpl_forces: x [1.49568186 0.75724407 0.18959589]
 mixed_cpl_forces: y [ 0.55942251  1.56984192 -0.26281595]
17:40:49-INFO: mixed forces h [-11.90930516  -3.69110459  -2.42445483]
17:40:49-INFO: mixed forces x [14.46777781  5.36950737  1.12242147]
17:40:49-INFO: mixed forces y [ 2.4852479  -5.83164583  1.5540194 ]
17:40:49-DEBUG: Minimum eigen value: 
17:40:49-DEBUG: -31397.495341649752
17:40:49-DEBUG: Minimum state: 
17:40:49-DEBUG: 0
        99   -31397.4953416498   -31397.4953416498        0.0000000000   -31397.0051536663        0.0000000000      0.29190341
ids [  7  38  40  43  45  82  84  87  92  94 129 134 274 368 379 384 398 399
 404 668 673 681 693 753 771 783 801 812 816 817 818 819 820 821 822 823
 824 825 826 827 829 830 831 832 833 834 835 836 837 838 839 840 841 842
 843 844 845 847 848 849 851 852 853 854 855 856 857 858 859 861 862 863
 864 865 866 867 868 869 870 871 872 873 874 875 876 877 878 879 880 881
 882 883 884 885 886 887 888 889 890 892 894 896 897 899 901 902 904 906
 907 908 910 911 912 915 916 917 920 921 922 923 925 926 927 929 930 931
 932 934 935 937 939 940 941 942 944 946 948]
ids [   8   22   66   77   80   95  110  125  138  263  273  503  504  518
  519  529  534  543  663  678  680  715  718  720  723  725  758  760
  765  768  770  810  903  947  952  953  954  955  956  957  958  959
  960  961  962  963  964  965  967  968  969  970  971  972  973  974
  975  976  977  978  979  980  981  982  984  985  986  987  989  991
  992  994  995  996  997  998  999 1000 1001 1002 1003 1004 1005 1006
 1007 1008 1009 1010 1011 1012 1013 1014 1015 1016 1017 1018 1019 1020
 1021 1022 1023 1024 1025 1026 1027 1029 1031 1032 1034 1036 1037 1039
 1041 1042 1045 1046 1047 1050 1051 1052 1054 1055 1056 1057 1058 1060
 1061 1062 1063 1065 1066 1067 1068 1069 1070 1071 1072 1076 1077 1081]
ids [127 141 153 156 168 186 201 213 216 231 272 276 277 278 279 280 281 282
 283 284 285 286 287 288 289 290 291 292 293 294 295 296 297 298 299 300
 301 302 303 304 305 307 308 309 311 312 314 316 317 319 321 322 323 324
 325 326 327 328 329 330 331 332 333 334 335 336 337 338 339 340 341 342
 343 344 345 346 347 349 350 351 352 354 356 357 359 361 362 364 366 367
 369 370 371 372 373 374 375 376 377 380 382 383 385 386 387 388 389 390
 391 392 394 395 397 401 402 405 406 453 498 545 578 580 583 585 590 623
 625 628 630 633 670 675 814 909 913 914 919 924 928 943]
ids [ 122  140  173  178  185  220  223  230  265  268  270  318  407  408
  409  412  413  414  415  416  417  418  419  420  421  422  423  424
  425  426  427  428  429  430  431  432  433  434  435  436  437  439
  440  441  442  444  446  447  449  451  452  454  456  457  458  459
  460  461  462  463  464  465  466  467  468  469  470  471  472  473
  474  475  476  477  478  479  480  481  482  483  484  485  486  487
  488  489  491  492  494  496  497  499  502  505  506  507  508  509
  510  511  512  513  514  515  516  517  520  521  522  523  524  525
  526  527  528  530  531  532  536  537  539  541  558  561  588  591
  803  949 1043 1044 1048 1049 1053 1059 1064 1074 1079]
ids [  1   2   3   4   9  10  11  12  13  14  15  16  17  18  19  20  21  23
  24  25  26  27  28  29  30  31  32  33  34  35  36  37  39  41  42  44
  46  47  49  50  51  52  53  54  55  56  57  58  59  60  61  62  63  64
  65  67  68  69  70  71  72  73  74  75  76  78  79  81  83  85  86  88
  89  90  91  93  96  97  98  99 100 101 103 104 105 106 109 111 113 114
 115 116 119 120 121 124 126 128 130 131 132 135 136 544 638 643 644 649
 654 659 664 669 674 815 850 860 893 895 898 900 905 938 945 951 966 993]
ids [   5   48  139  234  238  239  244  248  249  258  259  264  378  533
  677  679  682  683  684  685  686  687  688  689  690  691  692  694
  695  696  697  698  699  700  701  702  703  704  705  706  707  708
  709  710  711  712  713  714  716  717  719  721  722  724  726  727
  728  729  730  731  732  733  734  735  736  737  738  739  740  741
  742  743  744  745  746  747  748  749  750  751  752  754  755  756
  757  759  761  762  763  764  766  767  769  772  773  774  775  776
  777  778  779  780  781  782  785  786  787  788  790  791  792  793
  795  796  797  799  800  802  805  806  807  811  828  846  891  936
  950  983  988  990 1028 1030 1033 1035 1038 1040 1075 1080]
ids [  6 102 107 108 112 117 118 123 133 183 228 275 310 313 315 320 353 355
 358 360 363 365 400 403 411 438 501 542 546 547 548 549 550 551 552 553
 554 555 556 557 559 560 562 563 564 565 566 567 568 569 570 571 572 573
 574 575 576 577 579 581 582 584 586 587 589 592 593 594 595 596 597 598
 599 600 601 602 603 604 605 606 607 608 609 610 611 612 613 614 615 616
 617 618 619 620 621 622 624 626 627 629 631 632 634 635 636 637 639 640
 641 642 645 646 647 648 650 651 652 653 655 656 657 658 660 661 662 665
 666 667 671 672 676 813]
ids [ 137  142  143  144  145  146  147  148  149  150  151  152  154  155
  157  158  159  160  161  162  163  164  165  166  167  169  170  171
  172  174  175  176  177  179  180  181  182  184  187  188  189  190
  191  192  193  194  195  196  197  198  199  200  202  203  204  205
  206  207  208  209  210  211  212  214  215  217  218  219  221  222
  224  225  226  227  229  232  233  235  236  237  240  241  242  243
  245  246  247  250  251  252  253  254  255  256  257  260  261  262
  266  267  269  271  306  348  381  393  396  410  443  445  448  450
  455  490  493  495  500  535  538  540  784  789  794  798  804  808
  809  918  933 1073 1078]
