      Step          Pe(mixed)          E_total                Temp                  Pe                  Ke   Speed(ns/day)
         0   -31397.4953416591   -31188.0886891555     1500.0373751275   -31397.0051536756      209.4066525036      0.00000000
         1   -31397.6803074100   -31188.0920881559     1501.3379876374   -31397.2313174919      209.5882192541      0.35558203
         2   -31397.9338988090   -31188.0790580602     1503.2478706440   -31397.5413729276      209.8548407488      0.35865427
         3   -31398.2521320070   -31188.0730233923     1505.5706904424   -31397.9276328182      210.1791086147      0.35296717
         4   -31398.6160414318   -31188.0671215365     1508.2197502315   -31398.3694870889      210.5489198953      0.33442955
         5   -31399.0065240672   -31188.0663508151     1511.0224055014   -31398.8432028206      210.9401732520      0.35159052
         6   -31399.4127577720   -31188.0754518641     1513.8671758060   -31399.3246430115      211.3373059079      0.35180043
         7   -31399.8243254408   -31188.0911550831     1516.7028616026   -31399.7884179230      211.7331703577      0.33920649
         8   -31400.2233669838   -31188.1063859248     1519.4522030874   -31400.2131443224      212.1169810590      0.36268164
         9   -31400.5780915986   -31188.1146607854     1521.9339178454   -31400.5762076461      212.4634308132      0.36636846
        10   -31400.8586836943   -31188.1180558588     1523.9195562614   -31400.8584733448      212.7406278355      0.36647405
        11   -31401.0435586257   -31188.1190057418     1525.2370619068   -31401.0435450466      212.9245528840      0.36900787
        12   -31401.1221386122   -31188.1191626811     1525.7988277356   -31401.1221381157      213.0029759310      0.34451282
        13   -31401.0919547326   -31188.1189558594     1525.5840938354   -31401.0919547222      212.9729988732      0.36187943
        14   -31400.9571671490   -31188.1177960157     1524.6268816282   -31400.9571671489      212.8393711334      0.35205505
        15   -31400.7304127820   -31188.1166610750     1523.0107077003   -31400.7304127820      212.6137517070      0.34078227
        16   -31400.4294986800   -31188.1156378300     1520.8625071126   -31400.4294986800      212.3138608500      0.36340176
        17   -31400.0764362867   -31188.1141602886     1518.3440082393   -31400.0764362867      211.9622759981      0.71821840
        18   -31399.6971025100   -31188.1121888396     1515.6408582263   -31399.6971025100      211.5849136704      0.73450796
        19   -31399.3192114874   -31188.1099268442     1512.9501243197   -31399.3192114874      211.2092846431      0.74444394
        20   -31398.9713972063   -31188.1087669549     1510.4669436872   -31398.9713972063      210.8626302514      0.72161506
        21   -31398.6774238396   -31188.1073643878     1508.3711786812   -31398.6774238396      210.5700594518      0.74671419
        22   -31398.4591529083   -31188.1063419590     1506.8149679802   -31398.4591529083      210.3528109492      0.75521072
        23   -31398.3326270600   -31188.1058665796     1505.9120338463   -31398.3326270600      210.2267604804      0.68574971
        24   -31398.3069253405   -31188.1056432133     1505.7295254034   -31398.3069253405      210.2012821272      0.72005219
        25   -31398.3841498912   -31188.1055928948     1506.2830665189   -31398.3841498912      210.2785569964      0.43281562
        26   -31398.5601358703   -31188.1067471877     1507.5354339128   -31398.5601358703      210.4533886826      0.63345109
        27   -31398.8215315472   -31188.1079862191     1509.3990074285   -31398.8215315472      210.7135453281      0.66896406
        28   -31399.1500746797   -31188.1094578260     1511.7419106118   -31399.1500746797      211.0406168537      0.69111168
        29   -31399.5226590249   -31188.1113320105     1514.3974093255   -31399.5226590249      211.4113270144      0.60370308
        30   -31399.9120478140   -31188.1128392260     1517.1759115867   -31399.9120478140      211.7992085880      0.66390251
        31   -31400.2913043689   -31188.1147802583     1519.8787263225   -31400.2913043689      212.1765241106      0.64622109
        32   -31400.6327742805   -31188.1164778712     1522.3126086324   -31400.6327742805      212.5162964093      0.67691133
        33   -31400.9119690685   -31188.1176599700     1524.3040898943   -31400.9119690685      212.7943090985      0.60491740
        34   -31401.1096527820   -31188.1187228404     1525.7125390042   -31401.1096527820      212.9909299416      0.70568003
        35   -31401.2119399069   -31188.1193144943     1526.4410115982   -31401.2119399069      213.0926254126      0.39391270
        36   -31401.2116850379   -31188.1186281832     1526.4441021368   -31401.2116850378      213.0930568547      0.39847802
        37   -31401.1119489072   -31188.1182906258     1525.7320828517   -31401.1119488754      212.9936582814      0.37428450
        38   -31400.9211190505   -31188.1174773364     1524.3709419830   -31400.9211177827      212.8036417141      0.38598506
        39   -31400.6553418181   -31188.1159214863     1522.4782516409   -31400.6553260211      212.5394203318      0.37068187
        40   -31400.3380885710   -31188.1146042473     1520.2151152290   -31400.3379879189      212.2234843238      0.36821300
        41   -31399.9958672368   -31188.1130472845     1517.7748427571   -31399.9954327261      211.8828199523      0.39194863
        42   -31399.6585502429   -31188.1115916421     1515.3689756363   -31399.6572097525      211.5469586008      0.40161345
        43   -31399.3559614050   -31188.1103274788     1513.2105042196   -31399.3528712351      211.2456339262      0.34996245
        44   -31399.1154846755   -31188.1093168998     1511.4951424032   -31399.1099405736      211.0061677757      0.34464224
        45   -31398.9599257913   -31188.1088363618     1510.3842736099   -31398.9519239022      210.8510894295      0.35222272
        46   -31398.9049678889   -31188.1083853610     1509.9938257011   -31398.8954605055      210.7965825280      0.36295044
        47   -31398.9601739255   -31188.1083235264     1510.3897246435   -31398.9507674665      210.8518503990      0.35621642
        48   -31399.1277278641   -31188.1087181257     1511.5871329092   -31399.1199831998      211.0190097384      0.37258553
        49   -31399.4030400576   -31188.1099297970     1513.5505902443   -31399.3978019439      211.2931102606      0.36957989
        50   -31399.7739259461   -31188.1117661433     1516.1941934917   -31399.7710869936      211.6621598028      0.35469801
        51   -31400.2219425590   -31188.1145802567     1519.3833012909   -31400.2207527135      212.1073623023      0.38420291
        52   -31400.7201565945   -31188.1161566164     1522.9408533871   -31400.7197875966      212.6039999781      0.35126336
        53   -31401.2414258351   -31188.1181575073     1526.6605152175   -31401.2413525466      213.1232683278      0.37767029
        54   -31401.7550803908   -31188.1202608037     1530.3248974092   -31401.7550745109      213.6348195871      0.35828904
        55   -31402.2316634763   -31188.1222577882     1533.7244880175   -31402.2316633777      214.1094056881      0.36724095
        56   -31402.6443657945   -31188.1233337087     1536.6730809764   -31402.6443657945      214.5210320858      0.36674665
        57   -31402.9730583860   -31188.1242166571     1539.0212714988   -31402.9730583860      214.8488417290      0.73418058
        58   -31403.2031900630   -31188.1246514905     1540.6666530854   -31403.2031900630      215.0785385724      0.70086909
        59   -31403.3282750645   -31188.1249090426     1541.5608263950   -31403.3282750645      215.2033660218      0.72136368
        60   -31403.3486499875   -31188.1241141902     1541.7124713117   -31403.3486499875      215.2245357973      0.71689703
        61   -31403.2743185145   -31188.1232494443     1541.1862089649   -31403.2743185145      215.1510690702      0.70737432
        62   -31403.1206762976   -31188.1216094983     1540.0973749436   -31403.1206762976      214.9990667993      0.59909218
        63   -31402.9106472034   -31188.1201801000     1538.6031180206   -31402.9106472034      214.7904671034      0.67458650
        64   -31402.6693436973   -31188.1179634337     1536.8904733111   -31402.6693436973      214.5513802637      0.66424324
        65   -31402.4264874649   -31188.1163679149     1535.1622565460   -31402.4264874649      214.3101195500      0.64206493
        66   -31402.2097599062   -31188.1146969225     1533.6217472860   -31402.2097599062      214.0950629837      0.64847024
        67   -31402.0457172261   -31188.1132171703     1532.4572643779   -31402.0457172261      213.9325000558      0.51134170
        68   -31401.9565758381   -31188.1119553889     1531.8277586161   -31401.9565758381      213.8446204492      0.63795065
        69   -31401.9589398169   -31188.1111415471     1531.8505222171   -31401.9589398169      213.8477982697      0.66016535
        70   -31402.0627296213   -31188.1114133226     1532.5920502948   -31402.0627296213      213.9513162987      0.69717459
        71   -31402.2683304587   -31188.1116895923     1534.0628465756   -31402.2683304587      214.1566408665      0.15102955
        72   -31402.5704131717   -31188.1131008755     1536.2166386199   -31402.5704131717      214.4573122962      0.65562084
        73   -31402.9532864838   -31188.1138311573     1538.9540341198   -31402.9532864838      214.8394553266      0.66985437
        74   -31403.3985121091   -31188.1156548931     1542.1302436545   -31403.3985121091      215.2828572160      0.68787143
        75   -31403.8800719885   -31188.1175603580     1545.5661399848   -31403.8800719885      215.7625116305      0.69530188
        76   -31404.3698769650   -31188.1193800038     1549.0617129570   -31404.3698769650      216.2504969612      0.65769719
        77   -31404.8391324283   -31188.1210950330     1552.4108335177   -31404.8391324283      216.7180373953      0.67420371
        78   -31405.2604093785   -31188.1228134434     1555.4162465897   -31405.2604093785      217.1375959351      0.68092421
        79   -31405.6085314410   -31188.1236732358     1557.9037816216   -31405.6085314410      217.4848582051      0.61171801
        80   -31405.8651413714   -31188.1246661226     1559.7348367224   -31405.8651413714      217.7404752488      0.66681608
        81   -31406.0164103306   -31188.1249570906     1560.8163335464   -31406.0164103306      217.8914532400      0.35968483
        82   -31406.0570636740   -31188.1249648139     1561.1074892886   -31406.0570636708      217.9320988601      0.35614990
        83   -31405.9891625034   -31188.1247031817     1560.6229686943   -31405.9891619784      217.8644593217      0.34419869
        84   -31405.8217985079   -31188.1235715638     1559.4322005102   -31405.8217869474      217.6982269441      0.35262028
        85   -31405.5723244998   -31188.1221987741     1557.6549833304   -31405.5721927645      217.4501257257      0.35606941
        86   -31405.2644710726   -31188.1215403510     1555.4544611313   -31405.2635579710      217.1429307217      0.35959917
        87   -31404.9253783402   -31188.1210002732     1553.0293154669   -31404.9213056431      216.8043780670      0.36490204
        88   -31404.5880559649   -31188.1224685834     1550.6024647220   -31404.5755740222      216.4655873815      0.36215790
        89   -31404.2832826234   -31188.1257385759     1548.3958657020   -31404.2551498548      216.1575440475      0.36068902
        90   -31404.0349152854   -31188.1288743320     1546.5942799523   -31403.9852264440      215.9060409534      0.36454598
        91   -31403.8595779004   -31188.1308656546     1545.3240257084   -31403.7870222635      215.7287122459      0.36096207
        92   -31403.7679387957   -31188.1321152474     1544.6586384517   -31403.6767631679      215.6358235483      0.36152563
        93   -31403.7645455916   -31188.1321297190     1544.6342283349   -31403.6633443948      215.6324158727      0.36051499
        94   -31403.8516812892   -31188.1321440836     1545.2583023745   -31403.7511680280      215.7195372056      0.36337443
        95   -31404.0275912253   -31188.1330854970     1546.5116499657   -31403.9381686239      215.8945057283      0.36586357
        96   -31404.2859302492   -31188.1349797287     1548.3486344569   -31404.2154357111      216.1509505205      0.36557753
        97   -31404.6179599746   -31188.1389542622     1550.6985839125   -31404.5698636885      216.4790057125      0.36308499
        98   -31405.0100669716   -31188.1446468197     1553.4665766885   -31404.9826974426      216.8654201518      0.36761163
        99   -31405.4440533287   -31188.1511087112     1556.5290518751   -31405.4316895084      217.2929446175      0.35653008
       100   -31405.8960287225   -31188.1569072076     1559.7251395543   -31405.8918480482      217.7391215148      0.33186006
       101   -31406.3378567112   -31188.1613955201     1562.8579237909   -31406.3368627567      218.1764611911      0.35949394
       102   -31406.7394165688   -31188.1635892632     1565.7186929734   -31406.7392599814      218.5758273056      0.36307589
       103   -31407.0763042430   -31188.1650647484     1568.1213426200   -31407.0762886743      218.9112394946      0.36788592
       104   -31407.3287959367   -31188.1659624792     1569.9235792880   -31407.3287949906      219.1628334575      0.36579709
       105   -31407.4838085960   -31188.1660474773     1571.0333686831   -31407.4838085630      219.3177611187      0.35312023
       106   -31407.5364586630   -31188.1659684299     1571.4110818140   -31407.5364586627      219.3704902331      0.34344189
       107   -31407.4885454339   -31188.1656029784     1571.0704840214   -31407.4885454339      219.3229424554      0.34826737
       108   -31407.3488545250   -31188.1645928902     1570.0770752082   -31407.3488545250      219.1842616348      0.63996727
       109   -31407.1327762740   -31188.1626653676     1568.5430547145   -31407.1327762740      218.9701109064      0.67523383
       110   -31406.8629475272   -31188.1614244767     1566.6190861225   -31406.8629475272      218.7015230505      0.66858146
       111   -31406.5633106991   -31188.1599319579     1564.4833965359   -31406.5633106991      218.4033787412      0.68862957
       112   -31406.2606980985   -31188.1580805453     1562.3289615280   -31406.2606980985      218.1026175532      0.62158087
       113   -31405.9821928794   -31188.1558924269     1560.3496262323   -31405.9821928794      217.8263004525      0.56736133
       114   -31405.7544700823   -31188.1548105564     1558.7261350179   -31405.7544700823      217.5996595259      0.66460261
       115   -31405.5984851930   -31188.1542071313     1557.6130949073   -31405.5984851930      217.4442780617      0.71142932
       116   -31405.5295305658   -31188.1529929455     1557.1278515168   -31405.5295305658      217.3765376203      0.76203145
       117   -31405.5590036410   -31188.1525479652     1557.3421627675   -31405.5590036410      217.4064556759      0.75459742
       118   -31405.6899307923   -31188.1529267332     1558.2773166979   -31405.6899307923      217.5370040591      0.77732275
       119   -31405.9177988026   -31188.1538391622     1559.9030618704   -31405.9177988026      217.7639596404      0.76252852
       120   -31406.2315142997   -31188.1552234676     1562.1403759930   -31406.2315142997      218.0762908321      0.76503170
       121   -31406.6137075197   -31188.1566707612     1564.8677636531   -31406.6137075197      218.4570367585      0.76413640
       122   -31407.0423896779   -31188.1577931551     1567.9304916945   -31407.0423896779      218.8845965229      0.76902546
       123   -31407.4936636746   -31188.1593413233     1571.1520013411   -31407.4936636746      219.3343223512      0.74187597
       124   -31407.9414344350   -31188.1611492581     1574.3465555656   -31407.9414344350      219.7802851769      0.43051977
       125   -31408.3599066170   -31188.1628305417     1577.3321432622   -31408.3599066170      220.1970760753      0.43112927
       126   -31408.7259987680   -31188.1644804398     1579.9427432307   -31408.7259987680      220.5615183282      0.43451001
       127   -31409.0191655179   -31188.1650008898     1582.0390490657   -31409.0191655143      220.8541646281      0.42237086
       128   -31409.2260773710   -31188.1655981796     1583.5169369563   -31409.2260771180      221.0604791914      0.42696153
       129   -31409.3373075844   -31188.1656690708     1584.3132017163   -31409.3372975348      221.1716385136      0.42085273
       130   -31409.3504467404   -31188.1655016975     1584.4085200407   -31409.3502310591      221.1849450429      0.43915156
       131   -31409.2710333924   -31188.1667751375     1583.8305384146   -31409.2685520211      221.1042582550      0.38098168
       132   -31409.1170326223   -31188.1744786249     1582.6722063984   -31409.1013324719      220.9425539975      0.36719630
       133   -31408.9180382056   -31188.1909957920     1581.1284377231   -31408.8603986213      220.7270424136      0.37631529
       134   -31408.6958182394   -31188.2068618826     1579.4229618970   -31408.5631481138      220.4889563568      0.37334556
       135   -31408.4374645972   -31188.2062238897     1577.5768739072   -31408.2263455833      220.2312407075      0.37829715
       136   -31408.1320562333   -31188.1951469076     1575.4684973676   -31407.8723482217      219.9369093257      0.39665488
       137   -31407.8104585730   -31188.1877966015     1573.2174572468   -31407.5330309105      219.6226619715      0.40561644
       138   -31407.5327498282   -31188.1887570884     1571.2212729905   -31407.2478607375      219.3439927397      0.39661798
       139   -31407.3471551113   -31188.1923043411     1569.8663971063   -31407.0509432029      219.1548507702      0.46534259
       140   -31407.2753339064   -31188.1944939484     1569.3362373275   -31406.9691631875      219.0808399580      0.38868222
       141   -31407.3147337665   -31188.1931814808     1569.6278709144   -31407.0134024036      219.1215522857      0.44815318
       142   -31407.4675215417   -31188.1931573482     1570.7225045864   -31407.1841360933      219.2743641934      0.45974889
       143   -31407.7373687586   -31188.1967111220     1572.6300376700   -31407.4696277399      219.5406576366      0.42047673
       144   -31408.1059328950   -31188.1996409098     1575.2491769477   -31407.8453595579      219.9062919853      0.33407809
       145   -31408.5254226768   -31188.1954803605     1578.2839006439   -31408.2761556553      220.3299423163      0.40050381
       146   -31408.9333266135   -31188.1826419231     1581.2977938464   -31408.7216206342      220.7506846904      0.38378788
       147   -31409.2827841189   -31188.1708650741     1583.8854147563   -31409.1412472852      221.1119190448      0.40783266
       148   -31409.5721612986   -31188.1771822465     1585.9130513441   -31409.5054236119      221.3949790521      0.35380457
       149   -31409.8139077514   -31188.1962353655     1587.5082648678   -31409.7935118799      221.6176723859      0.34960120
       150   -31409.9948442408   -31188.2094765981     1588.7095120570   -31409.9910466038      221.7853676427      0.37576510
       151   -31410.0889333669   -31188.2137574165     1589.3528336350   -31410.0885207292      221.8751759504      0.36173674
       152   -31410.0804302099   -31188.2146170866     1589.2857651327   -31410.0804044764      221.8658131233      0.38025809
       153   -31409.9660662117   -31188.2144549577     1588.4677057721   -31409.9660652725      221.7516112540      0.47573383
       154   -31409.7509742739   -31188.2131331794     1586.9364113981   -31409.7509742526      221.5378410945      0.50761001
       155   -31409.4487984320   -31188.2120134914     1584.7798634683   -31409.4487984316      221.2367849406      0.50862883
       156   -31409.0771466516   -31188.2108452785     1582.1259879035   -31409.0771466516      220.8663013731      0.49890601
       157   -31408.6575506053   -31188.2089195389     1579.1341007640   -31408.6575506053      220.4486310663      0.45028593
       158   -31408.2160521290   -31188.2071697829     1575.9840598837   -31408.2160521290      220.0088823461      0.51538508
       159   -31407.7786356549   -31188.2054156793     1572.8632906489   -31407.7786356549      219.5732199756      0.49155000
       160   -31407.3706647713   -31188.2037870958     1569.9525491324   -31407.3706647713      219.1668776755      0.87853734
       161   -31407.0153250784   -31188.2031760284     1567.4115305456   -31407.0153250784      218.8121490500      0.81506908
       162   -31406.7282916409   -31188.2017600269     1565.3655743932   -31406.7282916409      218.5265316140      0.94171970
       163   -31406.5228821515   -31188.2016759306     1563.8947722005   -31406.5228821515      218.3212062209      0.69764434
       164   -31406.4019197612   -31188.2018926883     1563.0267326764   -31406.4019197612      218.2000270730      0.91053371
       165   -31406.3619477929   -31188.2028047348     1562.7338692468   -31406.3619477929      218.1591430581      0.95978988
       166   -31406.3908406293   -31188.2035350619     1562.9356050371   -31406.3908406293      218.1873055674      0.90328240
       167   -31406.4723460392   -31188.2055110379     1563.5052962188   -31406.4723460392      218.2668350013      0.96528652
       168   -31406.5824198139   -31188.2072789638     1564.2811207643   -31406.5824198139      218.3751408500      0.94480098
       169   -31406.6955281664   -31188.2088897069     1565.0798087687   -31406.6955281664      218.4866384595      0.99672112
       170   -31406.7851889613   -31188.2103097588     1565.7119014512   -31406.7851889613      218.5748792026      1.01282243
       171   -31406.8267239174   -31188.2120099643     1565.9972487115   -31406.8267239174      218.6147139531      0.42556764
       172   -31406.7972128354   -31188.2128926838     1565.7795295628   -31406.7972128354      218.5843201517      0.44324995
       173   -31406.6805686438   -31188.2136223265     1564.9387485452   -31406.6805686438      218.4669463173      0.38735689
       174   -31406.4660439875   -31188.2137988674     1563.4007848919   -31406.4660439874      218.2522451201      0.40382877
       175   -31406.1505199630   -31188.2134152030     1561.1433479246   -31406.1505199562      217.9371047600      0.39776728
       176   -31405.7388283371   -31188.2129071384     1558.1979271240   -31405.7388282035      217.5259211986      0.33573395
       177   -31405.2421973665   -31188.2119076018     1554.6475830152   -31405.2421959492      217.0302897648      0.34766929
       178   -31404.6783713159   -31188.2102252112     1550.6207935586   -31404.6783621388      216.4681461046      0.34136008
       179   -31404.0711589817   -31188.2087349578     1546.2818399051   -31404.0711190655      215.8624240240      0.33776953
       180   -31403.4461268371   -31188.2067966586     1541.8184475290   -31403.4460012779      215.2393301786      0.21089048
       181   -31402.8314426124   -31188.2050805490     1537.4275885399   -31402.8311418638      214.6263620634      0.34273380
       182   -31402.2537301391   -31188.2035198148     1533.3004553660   -31402.2531623828      214.0502103243      0.33295161
       183   -31401.7371781604   -31188.2024603317     1529.6078410159   -31401.7363129908      213.5347178287      0.36230997
       184   -31401.3008391584   -31188.2017391230     1526.4873910997   -31401.2997576681      213.0991000354      0.29750744
       185   -31400.9574439914   -31188.2008640699     1524.0338254346   -31400.9563285676      212.7565799214      0.35420052
       186   -31400.7148087088   -31188.2013064957     1522.2925930370   -31400.7138688525      212.5135022131      0.34097626
       187   -31400.5708779195   -31188.2019404097     1521.2570363563   -31400.5702504491      212.3689375098      0.34573387
       188   -31400.5175228067   -31188.2027538398     1520.8690122039   -31400.5172086861      212.3147689670      0.36099623
       189   -31400.5405448554   -31188.2043000604     1521.0228494596   -31400.5404364776      212.3362447950      0.36700293
       190   -31400.6188405765   -31188.2058373423     1521.5726912446   -31400.6188178436      212.4130032342      0.34491942
       191   -31400.7282717239   -31188.2076645235     1522.3434880130   -31400.7282693548      212.5206072004      0.35179019
       192   -31400.8416118704   -31188.2091135773     1523.1449946464   -31400.8416117882      212.6324982931      0.33715360
       193   -31400.9329517738   -31188.2108494826     1523.7868526984   -31400.9329517735      212.7221022912      0.33906209
       194   -31400.9768510122   -31188.2119787585     1524.0932256888   -31400.9768510122      212.7648722537      0.57930153
       195   -31400.9530525413   -31188.2128878314     1523.9162387649   -31400.9530525413      212.7401647099      0.58127610
       196   -31400.8464141000   -31188.2135809774     1523.1473931221   -31400.8464141000      212.6328331226      0.65153065
       197   -31400.6482468935   -31188.2138416690     1521.7259995804   -31400.6482468935      212.4344052245      0.23015329
       198   -31400.3569526639   -31188.2132066323     1519.6439279386   -31400.3569526639      212.1437460316      0.64763583
       199   -31399.9793795574   -31188.2122206078     1516.9463312226   -31399.9793795574      211.7671589495      0.62933680
       200   -31399.5285321214   -31188.2106149097     1513.7282892495   -31399.5285321214      211.3179172117      0.61464385
       201   -31399.0247012213   -31188.2094360490     1510.1276546148   -31399.0247012213      210.8152651723      0.70111994
       202   -31398.4906173425   -31188.2076493150     1506.3146639465   -31398.4906173425      210.2829680275      0.70092331
       203   -31397.9539853719   -31188.2064649762     1502.4791054747   -31397.9539853719      209.7475203958      0.72378415
       204   -31397.4405990191   -31188.2044498658     1498.8160127927   -31397.4405990191      209.2361491533      0.72732136
       205   -31396.9781787609   -31188.2034183507     1495.5109584844   -31396.9781787609      208.7747604102      0.59299940
       206   -31396.5879075058   -31188.2019250914     1492.7260349048   -31396.5879075058      208.3859824144      0.59565060
       207   -31396.2888629578   -31188.2014094810     1490.5875901194   -31396.2888629578      208.0874534768      0.62009183
       208   -31396.0913434048   -31188.2008569592     1489.1766611692   -31396.0913434048      207.8904864456      0.64487564
       209   -31396.0002697937   -31188.2010550326     1488.5228570212   -31396.0002697937      207.7992147611      0.64614620
       210   -31396.0122942724   -31188.2020068633     1488.6021734400   -31396.0122942724      207.8102874091      0.63366154
       211   -31396.1161059977   -31188.2029726564     1489.3388871037   -31396.1161059977      207.9131333413      0.65345150
       212   -31396.2948971338   -31188.2041233504     1490.6113743883   -31396.2948971338      208.0907737834      0.66638078
       213   -31396.5269736928   -31188.2058559099     1492.2613917312   -31396.5269736928      208.3211177829      0.66847046
       214   -31396.7862612325   -31188.2076231287     1494.1060805300   -31396.7862612325      208.5786381039      0.62803346
       215   -31397.0452281200   -31188.2089242610     1495.9518111145   -31397.0452281200      208.8363038591      0.52230819
       216   -31397.2782238995   -31188.2105977455     1497.6088362560   -31397.2782238995      209.0676261540      0.42747777
       217   -31397.4605729499   -31188.2119055412     1498.9056844950   -31397.4605729499      209.2486674087      0.46578220
       218   -31397.5729879382   -31188.2131171241     1499.7022650349   -31397.5729879382      209.3598708141      0.72132061
       219   -31397.6007825925   -31188.2132097830     1499.9007020376   -31397.6007825925      209.3875728095      0.77495400
       220   -31397.5386490163   -31188.2135693267     1499.4530466534   -31397.5386490163      209.3250796896      0.68649017
       221   -31397.3857919665   -31188.2125731636     1498.3652254067   -31397.3857919665      209.1732188029      0.75929320
       222   -31397.1523092980   -31188.2119930184     1496.6968806550   -31397.1523092980      208.9403162797      0.75628246
       223   -31396.8522648309   -31188.2106743320     1494.5570258285   -31396.8522648309      208.6415904989      0.75666144
       224   -31396.5071280735   -31188.2091246739     1492.0958170546   -31396.5071280735      208.2980033997      0.77125134
       225   -31396.1419586361   -31188.2073057389     1489.4930375941   -31396.1419586361      207.9346528972      0.74894416
       226   -31395.7845439230   -31188.2057125885     1486.9441899978   -31395.7845439230      207.5788313345      0.71291286
       227   -31395.4617305633   -31188.2038278320     1484.6452902550   -31395.4617305633      207.2579027313      0.70028671
       228   -31395.1997400258   -31188.2025727356     1482.7775706673   -31395.1997400258      206.9971672902      0.75912619
       229   -31395.0196277953   -31188.2017448713     1481.4933075040   -31395.0196277953      206.8178829241      0.76293788
       230   -31394.9366622734   -31188.2010667500     1480.9038602489   -31394.9366622734      206.7355955234      0.73615671
       231   -31394.9601671994   -31188.2012535255     1481.0708945668   -31394.9601671994      206.7589136739      0.74970337
       232   -31395.0902216226   -31188.2014028440     1482.0014405159   -31395.0902216226      206.8888187786      0.75640874
       233   -31395.3210129874   -31188.2024476886     1483.6471779507   -31395.3210129874      207.1185652988      0.75895131
       234   -31395.6376833997   -31188.2035049210     1485.9080018556   -31395.6376833997      207.4341784786      0.74837190
       235   -31396.0207353668   -31188.2052202726     1488.6396207846   -31396.0207353668      207.8155150942      0.71409290
       236   -31396.4446711418   -31188.2068674829     1491.6645897753   -31396.4446711418      208.2378036590      0.73619410
       237   -31396.8822560051   -31188.2087082916     1494.7859441357   -31396.8822560051      208.6735477136      0.75396158
       238   -31397.3051890339   -31188.2105455842     1497.8023685673   -31397.3051890339      209.0946434497      0.76439429
       239   -31397.6865512027   -31188.2120099383     1500.5236809703   -31397.6865512027      209.4745412644      0.75068953
       240   -31398.0030549168   -31188.2127720844     1502.7854245547   -31398.0030549168      209.7902828324      0.66254912
       241   -31398.2379441874   -31188.2136958910     1504.4613834434   -31398.2379441874      210.0242482965      0.70951408
       242   -31398.3792810632   -31188.2138030902     1505.4730504118   -31398.3792810632      210.1654779730      0.73214847
       243   -31398.4236868182   -31188.2132215415     1505.7953068254   -31398.4236868182      210.2104652766      0.72376246
       244   -31398.3757748135   -31188.2124086939     1505.4579226257   -31398.3757748135      210.1633661196      0.72050315
       245   -31398.2475019830   -31188.2118891824     1504.5427905084   -31398.2475019830      210.0356128006      0.74145855
       246   -31398.0551654174   -31188.2101930325     1503.1771808425   -31398.0551654174      209.8449723849      0.59469754
       247   -31397.8223763951   -31188.2082514814     1501.5235569932   -31397.8223763951      209.6141249137      0.59129647
       248   -31397.5752949952   -31188.2064263466     1499.7667189956   -31397.5752949952      209.3688686486      0.68313844
       249   -31397.3409782241   -31188.2048841862     1498.0992905169   -31397.3409782241      209.1360940379      0.70316058
       250   -31397.1449195864   -31188.2032471640     1496.7065950782   -31397.1449195864      208.9416724224      0.62267026
       251   -31397.0112077601   -31188.2027871807     1495.7520755230   -31397.0112077601      208.8084205794      0.76867475
       252   -31396.9557755848   -31188.2014744703     1495.3644029292   -31396.9557755848      208.7543011145      0.72137804
       253   -31396.9925689840   -31188.2015690587     1495.6272865924   -31396.9925689840      208.7909999254      0.75851445
       254   -31397.1247388757   -31188.2017328297     1496.5728826958   -31397.1247388757      208.9230060460      0.76613961
       255   -31397.3491931560   -31188.2019216529     1498.1793577704   -31397.3491931560      209.1472715031      0.79391805
       256   -31397.6573309815   -31188.2038579642     1500.3727633294   -31397.6573309815      209.4534730174      0.80082177
       257   -31398.0292847897   -31188.2044401759     1503.0330000894   -31398.0292847897      209.8248446138      0.69395710
       258   -31398.4458006255   -31188.2062994487     1506.0032989551   -31398.4458006255      210.2395011769      0.77347363
       259   -31398.8802246663   -31188.2080935320     1509.1023461821   -31398.8802246663      210.6721311343      0.77651492
       260   -31399.3057559865   -31188.2098413302     1512.1380239618   -31399.3057559865      211.0959146563      0.76622870
       261   -31399.6961562690   -31188.2116350236     1514.9217197081   -31399.6961562690      211.4845212454      0.77259141
       262   -31400.0270685014   -31188.2130273415     1517.2821613736   -31400.0270685014      211.8140411599      0.77111184
       263   -31400.2781128477   -31188.2133955715     1519.0778232546   -31400.2781128477      212.0647172762      0.22803522
       264   -31400.4366715872   -31188.2143083343     1520.2070846903   -31400.4366715867      212.2223632529      0.38899722
       265   -31400.4937238992   -31188.2143507489     1520.6154622460   -31400.4937238421      212.2793731503      0.38703007
       266   -31400.4489028895   -31188.2136447869     1520.2994540415   -31400.4489013846      212.2352581026      0.38198765
       267   -31400.3094756182   -31188.2127954203     1519.3067824427   -31400.3094520983      212.0966801979      0.39817592
       268   -31400.0888957561   -31188.2118841535     1517.7332359523   -31400.0886670685      211.8770116026      0.40990625
       269   -31399.8067884786   -31188.2111800996     1515.7174673612   -31399.8053629807      211.5956083790      0.42270835
       270   -31399.4890781561   -31188.2120065363     1513.4357010546   -31399.4831162676      211.2770716198      0.39684166
       271   -31399.1645607613   -31188.2146247078     1511.0923391303   -31399.1468707736      210.9499360535      0.38711896
       272   -31398.8630978369   -31188.2200333902     1508.8941335142   -31398.8235504710      210.6430644467      0.38656767
       273   -31398.6054224072   -31188.2252152066     1507.0112148549   -31398.5348090166      210.3802072007      0.39268552
       274   -31398.4067352292   -31188.2299453470     1505.5540807250   -31398.3007753749      210.1767898822      0.40051709
       275   -31398.2735679404   -31188.2326683215     1504.5806614396   -31398.1345460354      210.0408996188      0.40232015
       276   -31398.2102898988   -31188.2344482307     1504.1146334677   -31398.0464145513      209.9758416682      0.39048733
       277   -31398.2169827244   -31188.2353469591     1504.1561381771   -31398.0406406461      209.9816357653      0.37627231
       278   -31398.2907967898   -31188.2353887659     1504.6845891306   -31398.1163848389      210.0554080239      0.37515825
       279   -31398.4270380847   -31188.2354901547     1505.6597966746   -31398.2686348008      210.1915479299      0.38726789
       280   -31398.6181664293   -31188.2361341405     1507.0242884626   -31398.4872450628      210.3820322888      0.36939341
       281   -31398.8561505748   -31188.2391261370     1508.7076017773   -31398.7594924225      210.6170244378      0.37008943
       282   -31399.1298802671   -31188.2442523950     1510.6316819616   -31399.0679943112      210.8856278721      0.38019227
       283   -31399.4281467985   -31188.2521420522     1512.7117312766   -31399.3951600922      211.1760047463      0.37780416
       284   -31399.7341660017   -31188.2602371804     1514.8458432646   -31399.7202460629      211.4739288213      0.38114396
       285   -31400.0273052361   -31188.2666184735     1516.8999691701   -31400.0229073300      211.7606867627      0.38890955
       286   -31400.2840131970   -31188.2704501592     1518.7113913938   -31400.2830288714      212.0135630379      0.37597758
       287   -31400.4822681531   -31188.2720249464     1520.1202654702   -31400.4821193389      212.2102432067      0.37847494
       288   -31400.6063939403   -31188.2727959304     1521.0038898109   -31400.6063792381      212.3335980099      0.39212888
       289   -31400.6466922472   -31188.2731816022     1521.2897949794   -31400.6466913104      212.3735106449      0.37835245
       290   -31400.5996061744   -31188.2729713773     1520.9540104052   -31400.5996061355      212.3266347972      0.38269965
       291   -31400.4681000209   -31188.2722339579     1520.0172780404   -31400.4681000199      212.1958660630      0.39404548
       292   -31400.2613013569   -31188.2714856072     1518.5412830459   -31400.2613013569      211.9898157498      0.37371517
       293   -31399.9921121095   -31188.2700606702     1516.6232137357   -31399.9921121095      211.7220514393      0.38464129
       294   -31399.6790582130   -31188.2690232219     1514.3881542076   -31399.6790582130      211.4100349911      0.69448241
       295   -31399.3413726889   -31188.2675619402     1511.9796875998   -31399.3413726889      211.0738107487      0.72566830
       296   -31399.0002647021   -31188.2657267964     1509.5493830284   -31399.0002647021      210.7345379057      0.85749950
       297   -31398.6777253544   -31188.2647575700     1507.2458879160   -31398.6777253544      210.4129677845      0.82414261
       298   -31398.3915146062   -31188.2635379813     1505.2044179532   -31398.3915146062      210.1279766248      0.86329073
       299   -31398.1579893673   -31188.2627201573     1503.5374708170   -31398.1579893673      209.8952692100      0.96346440
       300   -31397.9889911933   -31188.2626431328     1502.3274422212   -31397.9889911933      209.7263480605      0.81342252
       301   -31397.8903531816   -31188.2625266977     1501.6217051045   -31397.8903531816      209.6278264839      0.93571366
       302   -31397.8636619232   -31188.2625264482     1501.4305100753   -31397.8636619232      209.6011354749      0.95358954
       303   -31397.9055908726   -31188.2629608505     1501.7277469148   -31397.9055908726      209.6426300221      0.83366007
       304   -31398.0077681502   -31188.2636995586     1502.4543792528   -31398.0077681502      209.7440685916      0.92867579
       305   -31398.1582940819   -31188.2648849911     1503.5241462724   -31398.1582940819      209.8934090908      0.93213948
       306   -31398.3423739610   -31188.2665344068     1504.8309457946   -31398.3423739610      210.0758395542      0.93828174
       307   -31398.5421953502   -31188.2672427367     1506.2572473335   -31398.5421953502      210.2749526134      0.95196129
       308   -31398.7423946053   -31188.2684266555     1507.6828488568   -31398.7423946053      210.4739679498      0.93527897
       309   -31398.9260721598   -31188.2691603948     1508.9933256585   -31398.9260721598      210.6569117649      0.45222171
       310   -31399.0793867327   -31188.2697172934     1510.0875708424   -31399.0793867327      210.8096694394      0.41182779
       311   -31399.1910523997   -31188.2702072338     1510.8839531113   -31399.1910523996      210.9208451659      0.39736601
       312   -31399.2530225683   -31188.2706413664     1511.3247526404   -31399.2530225605      210.9823812019      0.38245126
       313   -31399.2602144868   -31188.2702985962     1511.3787256857   -31399.2602142774      210.9899158906      0.37026904
       314   -31399.2134807828   -31188.2706001617     1511.0417991298   -31399.2134768954      210.9428806211      0.38061355
       315   -31399.1145461361   -31188.2701821821     1510.3360971812   -31399.1144977088      210.8443639540      0.38965599
       316   -31398.9709117876   -31188.2700688431     1509.3080167659   -31398.9705085224      210.7008429446      0.37784750
       317   -31398.7924033820   -31188.2703601190     1508.0272255317   -31398.7901249148      210.5220432631      0.40070753
       318   -31398.5936506479   -31188.2724354426     1506.5886389877   -31398.5846452714      210.3212152054      0.39154209
       319   -31398.3932979852   -31188.2783197594     1505.1113068506   -31398.3673245111      210.1149782258      0.40344887
       320   -31398.2074112856   -31188.2870352098     1503.7173181932   -31398.1499668891      209.9203760758      0.40436951
       321   -31398.0454828712   -31188.2960581818     1502.4927464530   -31397.9428992661      209.7494246894      0.39347644
       322   -31397.9094049906   -31188.3031285024     1501.4673365659   -31397.7541807357      209.6062764883      0.40193417
       323   -31397.7984423274   -31188.3085191857     1500.6338655828   -31397.5912409611      209.4899231417      0.39867090
       324   -31397.7119480017   -31188.3131252736     1499.9812882947   -31397.4604895595      209.3988227280      0.40648316
       325   -31397.6489651863   -31188.3159120474     1499.5101626609   -31397.3659124592      209.3330531389      0.37572225
       326   -31397.6114516021   -31188.3177563208     1499.2282315154   -31397.3125575306      209.2936952813      0.40857756
       327   -31397.5992825493   -31188.3177638771     1499.1410071198   -31397.3018415026      209.2815186722      0.40089149
       328   -31397.6117528315   -31188.3154541398     1499.2468804593   -31397.3330392164      209.2962986917      0.37458433
       329   -31397.6503242587   -31188.3134970988     1499.5371970101   -31397.4059097231      209.3368271599      0.40467883
       330   -31397.7134990581   -31188.3120891221     1499.9998211758   -31397.5154008729      209.4014099360      0.37228124
       331   -31397.8024341525   -31188.3136160328     1500.6259500065   -31397.6570318749      209.4888181197      0.39722445
       332   -31397.9174404235   -31188.3181645418     1501.4171892984   -31397.8235788902      209.5992758817      0.39201859
       333   -31398.0608293954   -31188.3266674994     1502.3834148712   -31398.0095458229      209.7341618960      0.35533970
       334   -31398.2294844658   -31188.3363397280     1503.5222526392   -31398.2068459547      209.8931447378      0.40154892
       335   -31398.4149756277   -31188.3450452004     1504.7886170959   -31398.4073120546      210.0699304274      0.36214342
       336   -31398.6007615109   -31188.3499757616     1506.0841334468   -31398.5988752330      210.2507857493      0.35967234
       337   -31398.7705235368   -31188.3522857468     1507.2836384135   -31398.7702018038      210.4182377901      0.37280593
       338   -31398.9096203484   -31188.3531830194     1508.2735996736   -31398.9095836955      210.5564373290      0.36759671
       339   -31399.0075154506   -31188.3538603342     1508.9699973902   -31399.0075127198      210.6536551164      0.36007975
       340   -31399.0559434087   -31188.3537380918     1509.3177758126   -31399.0559432987      210.7022053168      0.37487107
       341   -31399.0516618653   -31188.3535671461     1509.2883304726   -31399.0516618651      210.6980947192      0.30325218
       342   -31398.9945482493   -31188.3535233952     1508.8795233520   -31398.9945482493      210.6410248541      0.45433363
       343   -31398.8870953392   -31188.3527025249     1508.1156887592   -31398.8870953392      210.5343928143      0.65312763
       344   -31398.7369758115   -31188.3519211898     1507.0459382631   -31398.7369758115      210.3850546217      0.65102150
       345   -31398.5543457978   -31188.3515509050     1505.7403617592   -31398.5543457978      210.2027948928      0.65884510
       346   -31398.3500292863   -31188.3505021650     1504.2842988755   -31398.3500292863      209.9995271214      0.66079131
       347   -31398.1376621630   -31188.3493868653     1502.7710440323   -31398.1376621630      209.7882752977      0.12725969
       348   -31397.9309838336   -31188.3489681502     1501.2935497561   -31397.9309838336      209.5820156834      0.62334503
       349   -31397.7407295150   -31188.3482406369     1499.9359171873   -31397.7407295150      209.3924888780      0.66639304
       350   -31397.5764264658   -31188.3473197784     1498.7655656754   -31397.5764264658      209.2291066874      0.55463144
       351   -31397.4458503802   -31188.3477727687     1497.8269684114   -31397.4458503802      209.0980776115      0.64578349
       352   -31397.3494146312   -31188.3475540340     1497.1377395071   -31397.3494146312      209.0018605972      0.63371694
       353   -31397.2869908251   -31188.3479769115     1496.6875514484   -31397.2869908251      208.9390139135      0.57364813
       354   -31397.2525984495   -31188.3481408505     1496.4400150750   -31397.2525984495      208.9044575990      0.62950625
       355   -31397.2391280484   -31188.3490149987     1496.3372611279   -31397.2391280484      208.8901130497      0.64494450
       356   -31397.2359156943   -31188.3500888663     1496.3065577448   -31397.2359156943      208.8858268280      0.47939976
       357   -31397.2312116892   -31188.3507454507     1496.2681583694   -31397.2312116892      208.8804662385      0.66721509
       358   -31397.2144848929   -31188.3514213228     1496.1434982749   -31397.2144848929      208.8630635700      0.67744913
       359   -31397.1761156436   -31188.3522282189     1495.8628687847   -31397.1761156436      208.8238874248      0.64823824
       360   -31397.1072955826   -31188.3519469400     1495.3719066607   -31397.1072955826      208.7553486426      0.63690792
       361   -31397.0048399806   -31188.3521662728     1494.6364178984   -31397.0048399806      208.6526737078      0.60016373
       362   -31396.8664215128   -31188.3521205181     1493.6452161432   -31396.8664215128      208.5143009946      0.67641857
       363   -31396.6939545987   -31188.3519693019     1492.4108714650   -31396.6939545987      208.3419852968      0.68650968
       364   -31396.4922286649   -31188.3516055980     1490.9684584991   -31396.4922286649      208.1406230669      0.83436066
       365   -31396.2689871493   -31188.3511622661     1489.3724939072   -31396.2689871493      207.9178248832      0.92374011
       366   -31396.0332681831   -31188.3499892198     1487.6923770541   -31396.0332681831      207.6832789633      0.93514623
       367   -31395.7972217048   -31188.3492556842     1486.0067658061   -31395.7972217048      207.4479660206      0.93302746
       368   -31395.5721716640   -31188.3488801617     1484.3973605137   -31395.5721716640      207.2232915022      0.92849733
       369   -31395.3684068445   -31188.3482061251     1482.9425654482   -31395.3684068445      207.0202007194      0.89834496
       370   -31395.1959840869   -31188.3476420899     1481.7114942107   -31395.1959840869      206.8483419970      0.80602283
       371   -31395.0623440689   -31188.3470005491     1480.7587895843   -31395.0623440689      206.7153435198      0.72425427
       372   -31394.9731419497   -31188.3468934377     1480.1205775694   -31394.9731419497      206.6262485120      0.72076826
       373   -31394.9301888252   -31188.3470419955     1479.8118283794   -31394.9301888252      206.5831468298      0.71694667
       374   -31394.9322099525   -31188.3471804642     1479.8253143796   -31394.9322099525      206.5850294883      0.73322987
       375   -31394.9751308570   -31188.3472629059     1480.1321780566   -31394.9751308570      206.6278679511      0.66068891
       376   -31395.0537204750   -31188.3488120885     1480.6840398574   -31395.0537204750      206.7049083864      0.73051024
       377   -31395.1561584991   -31188.3489971307     1481.4165060556   -31395.1561584991      206.8071613684      0.68891757
       378   -31395.2736470564   -31188.3496012642     1482.2537812908   -31395.2736470564      206.9240457922      0.71706726
       379   -31395.3945902073   -31188.3504509578     1483.1140437147   -31395.3945902073      207.0441392495      0.70471942
       380   -31395.5068478779   -31188.3508615844     1483.9152348151   -31395.5068478779      207.1559862935      0.70277194
       381   -31395.6005141317   -31188.3516134192     1484.5808063213   -31395.6005141317      207.2489007124      0.65354578
       382   -31395.6659296125   -31188.3522165499     1485.0450749894   -31395.6659296125      207.3137130626      0.58723858
       383   -31395.6958504036   -31188.3524390878     1485.2578117345   -31395.6958504036      207.3434113158      0.69484194
       384   -31395.6861400432   -31188.3525144128     1485.1877141820   -31395.6861400432      207.3336256304      0.71802628
       385   -31395.6350531084   -31188.3521242605     1484.8245592027   -31395.6350531084      207.2829288479      0.73845186
       386   -31395.5450222328   -31188.3520927043     1484.1798693557   -31395.5450222328      207.1929295285      0.72385643
       387   -31395.4200279908   -31188.3518788673     1483.2860330379   -31395.4200279908      207.0681491235      0.73510394
       388   -31395.2666871624   -31188.3510005532     1482.1939021673   -31395.2666871624      206.9156866092      0.71525568
       389   -31395.0951121807   -31188.3504161447     1480.9690497212   -31395.0951121807      206.7446960361      0.73190448
       390   -31394.9153995807   -31188.3496874161     1479.6869390835   -31394.9153995807      206.5657121646      0.76069579
       391   -31394.7385593712   -31188.3486908267     1478.4273229295   -31394.7385593712      206.3898685445      0.68024039
       392   -31394.5759266729   -31188.3478561404     1477.2683193238   -31394.5759266729      206.2280705325      0.88392674
       393   -31394.4372568105   -31188.3470730441     1476.2805985411   -31394.4372568105      206.0901837664      0.90246135
       394   -31394.3311789732   -31188.3468754900     1475.5221489875   -31394.3311789732      205.9843034831      0.88945908
       395   -31394.2630194538   -31188.3468542427     1475.0340558274   -31394.2630194538      205.9161652111      0.81987277
       396   -31394.2356340140   -31188.3468950983     1474.8375937393   -31394.2356340140      205.8887389156      0.89486219
       397   -31394.2485659462   -31188.3465220435     1474.9329010170   -31394.2485659462      205.9020439028      0.93833033
       398   -31394.3004686841   -31188.3472730065     1475.2993152308   -31394.3004686841      205.9531956775      0.90428543
       399   -31394.3844370488   -31188.3477613863     1475.8973052950   -31394.3844370488      206.0366756625      0.95057542
       400   -31394.4934478148   -31188.3486441671     1476.6718557551   -31394.4934478148      206.1448036477      0.81378785
       401   -31394.6175406446   -31188.3491705107     1477.5569964388   -31394.6175406446      206.2683701339      0.94425938
       402   -31394.7471852133   -31188.3498111228     1478.4810872176   -31394.7471852133      206.3973740906      0.95228650
       403   -31394.8722837751   -31188.3504744143     1479.3724512401   -31394.8722837751      206.5218093608      0.90318109
       404   -31394.9828592493   -31188.3504219096     1480.1649098420   -31394.9828592493      206.6324373397      0.84400886
       405   -31395.0722588513   -31188.3507757022     1480.8027694349   -31395.0722588513      206.7214831490      0.88409926
       406   -31395.1345751514   -31188.3513670250     1481.2449224037   -31395.1345751514      206.7832081264      0.91362124
       407   -31395.1653931823   -31188.3510796647     1481.4677388649   -31395.1653931823      206.8143135176      0.89513849
       408   -31395.1655667521   -31188.3514200950     1481.4665435977   -31395.1655667521      206.8141466571      0.78770553
       409   -31395.1357765019   -31188.3510754264     1481.2556168077   -31395.1357765019      206.7847010755      0.78405839
       410   -31395.0813992612   -31188.3509832503     1480.8667579781   -31395.0813992612      206.7304160109      0.67033141
       411   -31395.0078183438   -31188.3500233055     1480.3465540032   -31395.0078183438      206.6577950384      0.67177285
       412   -31394.9246417247   -31188.3497639457     1479.7525948973   -31394.9246417247      206.5748777790      0.69269032
       413   -31394.8396764737   -31188.3490617492     1479.1489954911   -31394.8396764737      206.4906147245      0.69163269
       414   -31394.7627677476   -31188.3485735452     1478.6015742993   -31394.7627677476      206.4141942025      0.69287573
       415   -31394.7026474733   -31188.3482775999     1478.1730361970   -31394.7026474733      206.3543698734      0.75329550
       416   -31394.6665375573   -31188.3476968452     1477.9185310550   -31394.6665375573      206.3188407121      0.71535451
       417   -31394.6612168211   -31188.3474894994     1477.8819024351   -31394.6612168211      206.3137273218      0.74156476
       418   -31394.6906914877   -31188.3475185476     1478.0928294876   -31394.6906914877      206.3431729401      0.74874299
       419   -31394.7565459733   -31188.3474520101     1478.5650398843   -31394.7565459733      206.4090939632      0.77701441
       420   -31394.8585943528   -31188.3474990165     1479.2957037391   -31394.8585943528      206.5110953363      0.68137231
       421   -31394.9943690462   -31188.3478229619     1480.2659746550   -31394.9943690462      206.6465460843      0.77957184
       422   -31395.1591333520   -31188.3483237095     1481.4426396453   -31395.1591333520      206.8108096425      0.91643999
       423   -31395.3465576992   -31188.3489469952     1482.7807469623   -31395.3465576992      206.9976107040      0.91205765
       424   -31395.5487568492   -31188.3492499221     1484.2269850685   -31395.5487568492      207.1995069271      0.92181333
       425   -31395.7581078242   -31188.3496697714     1485.7236161151   -31395.7581078242      207.4084380529      0.94418558
       426   -31395.9667899162   -31188.3504803645     1487.2126567632   -31395.9667899162      207.6163095518      0.78704688
       427   -31396.1660756523   -31188.3505076123     1488.6400000502   -31396.1660756523      207.8155680400      0.89962729
       428   -31396.3501339262   -31188.3504039434     1489.9592026347   -31396.3501339262      207.9997299828      0.90822888
       429   -31396.5149230787   -31188.3511020739     1491.1346317004   -31396.5149230787      208.1638210048      0.92543858
       430   -31396.6553893161   -31188.3506938959     1492.1437538355   -31396.6553893161      208.3046954202      0.92017486
       431   -31396.7718391230   -31188.3506315903     1492.9783621038   -31396.7718391230      208.4212075328      0.90212436
       432   -31396.8645447966   -31188.3503288433     1493.6446069689   -31396.8645447966      208.5142159533      0.97117170
       433   -31396.9361433577   -31188.3497246276     1494.1618152933   -31396.9361433577      208.5864187301      0.95915480
       434   -31396.9914852799   -31188.3494630914     1494.5601181391   -31396.9914852799      208.6420221884      0.93958325
       435   -31397.0351950553   -31188.3489235281     1494.8770883078   -31397.0351950553      208.6862715272      0.94578731
       436   -31397.0735759004   -31188.3486978387     1495.1536375192   -31397.0735759004      208.7248780616      0.95618113
       437   -31397.1116533857   -31188.3482624984     1495.4295154685   -31397.1116533857      208.7633908873      0.96383597
       438   -31397.1541677392   -31188.3475894353     1495.7388787974   -31397.1541677392      208.8065783039      0.86384636
       439   -31397.2059611913   -31188.3480786063     1496.1063854563   -31397.2059611913      208.8578825851      0.91083123
       440   -31397.2672407545   -31188.3482308916     1496.5442569388   -31397.2672407545      208.9190098629      0.68944840
       441   -31397.3375857616   -31188.3478786468     1497.0506807747   -31397.3375857616      208.9897071148      0.69150072
       442   -31397.4160529636   -31188.3482980731     1497.6097584311   -31397.4160529636      209.0677548905      0.66721509
       443   -31397.4980890590   -31188.3489089362     1498.1930297379   -31397.4980890590      209.1491801229      0.71247835
       444   -31397.5779546783   -31188.3492877035     1498.7624158930   -31397.5779546783      209.2286669748      0.68772131
       445   -31397.6498615518   -31188.3497472388     1499.2742128030   -31397.6498615518      209.3001143130      0.67412846
       446   -31397.7072095123   -31188.3499288114     1499.6837113423   -31397.7072095123      209.3572807008      0.66009921
       447   -31397.7448803290   -31188.3504349492     1499.9499321466   -31397.7448803290      209.3944453798      0.74066295
       448   -31397.7578044903   -31188.3507891739     1500.0399740560   -31397.7578044903      209.4070153165      0.69255132
       449   -31397.7427954163   -31188.3507734200     1499.9325727855   -31397.7427954163      209.3920219963      0.69082842
       450   -31397.6995529801   -31188.3510902831     1499.6205455590   -31397.6995529801      209.3484626971      0.58745277
       451   -31397.6284200971   -31188.3509612184     1499.1119257037   -31397.6284200971      209.2774588787      0.71048782
       452   -31397.5328185769   -31188.3505924561     1498.4297472984   -31397.5328185769      209.1822261208      0.70040175
       453   -31397.4181056438   -31188.3502434049     1497.6105273974   -31397.4181056438      209.0678622389      0.70802389
       454   -31397.2907491975   -31188.3497724473     1496.7016117872   -31397.2907491975      208.9409767503      0.69218754
       455   -31397.1585324910   -31188.3493363598     1495.7576310131   -31397.1585324910      208.8091961312      0.58835407
       456   -31397.0297048038   -31188.3491157037     1494.8363835222   -31397.0297048038      208.6805891002      0.65913870
       457   -31396.9117235845   -31188.3486652387     1493.9944784431   -31396.9117235845      208.5630583458      0.67275183
       458   -31396.8121813846   -31188.3484318324     1493.2831022750   -31396.8121813846      208.4637495522      0.69189019
       459   -31396.7358617946   -31188.3473399229     1492.7442257353   -31396.7358617946      208.3885218718      0.62315745
       460   -31396.6889045398   -31188.3473878663     1492.4075145876   -31396.6889045398      208.3415166735      0.65248085
       461   -31396.6727973271   -31188.3479346140     1492.2882176952   -31396.6727973271      208.3248627132      0.59187591
       462   -31396.6859809250   -31188.3474449043     1492.3861633534   -31396.6859809250      208.3385360207      0.69309439
       463   -31396.7286048746   -31188.3482211944     1492.6859296339   -31396.7286048746      208.3803836803      0.70516509
       464   -31396.7941927774   -31188.3478841052     1493.1581684605   -31396.7941927774      208.4463086722      0.70804464
       465   -31396.8790376188   -31188.3484372241     1493.7619732232   -31396.8790376188      208.5306003947      0.60647136
       466   -31396.9753687378   -31188.3489844059     1494.4480998769   -31396.9753687378      208.6263843319      0.66880356
       467   -31397.0759016235   -31188.3497476072     1495.1627775327   -31397.0759016235      208.7261540163      0.65827065
       468   -31397.1723866990   -31188.3500429622     1495.8518109241   -31397.1723866990      208.8223437369      0.71717369
       469   -31397.2582799707   -31188.3503855944     1496.4646336549   -31397.2582799707      208.9078943763      0.68333811
       470   -31397.3269134660   -31188.3501433300     1496.9580096419   -31397.3269134660      208.9767701360      0.71482536
       471   -31397.3751228036   -31188.3507394674     1497.2990760738   -31397.3751228036      209.0243833362      0.76255259
       472   -31397.3982851398   -31188.3503915188     1497.4674867022   -31397.3982851398      209.0478936210      0.78475452
       473   -31397.3965788576   -31188.3502157297     1497.4565233591   -31397.3965788576      209.0463631278      0.81635436
       474   -31397.3706414876   -31188.3498894152     1497.2730643339   -31397.3706414876      209.0207520724      0.84126581
       475   -31397.3237676918   -31188.3500064170     1496.9364563424   -31397.3237676918      208.9737612748      0.63729434
       476   -31397.2594076714   -31188.3498723062     1496.4763885089   -31397.2594076714      208.9095353652      0.69551540
       477   -31397.1823854887   -31188.3491348694     1495.9299399193   -31397.1823854887      208.8332506193      0.71575012
       478   -31397.0991965922   -31188.3485663295     1495.3381076089   -31397.0991965922      208.7506302626      0.68043837
       479   -31397.0156516215   -31188.3482233566     1494.7421088441   -31397.0156516215      208.6674282649      0.68001701
       480   -31396.9366803404   -31188.3477520133     1494.1797922257   -31396.9366803404      208.5889283271      0.75958763
       481   -31396.8674588581   -31188.3479522100     1493.6825056689   -31396.8674588581      208.5195066481      0.64883016
       482   -31396.8096885251   -31188.3473938924     1493.2726802873   -31396.8096885251      208.4622946327      0.70021905
       483   -31396.7665765556   -31188.3476048553     1492.9623462214   -31396.7665765556      208.4189717003      0.77174408
       484   -31396.7373491971   -31188.3476412161     1492.7527221609   -31396.7373491971      208.3897079809      0.80608558
       485   -31396.7205875086   -31188.3473369516     1492.6348331128   -31396.7205875086      208.3732505570      0.79023914
       486   -31396.7152237090   -31188.3480826527     1492.5910690806   -31396.7152237090      208.3671410563      0.84854442
       487   -31396.7164056225   -31188.3483667717     1492.5975002288   -31396.7164056225      208.3680388507      0.91989457
       488   -31396.7205707309   -31188.3484637700     1492.6266412196   -31396.7205707309      208.3721069609      0.92892574
       489   -31396.7245246956   -31188.3490977694     1492.6504230431   -31396.7245246956      208.3754269262      0.92462395
       490   -31396.7232010947   -31188.3487993486     1492.6430793966   -31396.7232010947      208.3744017461      0.90805820
       491   -31396.7153907837   -31188.3492793366     1492.5836937073   -31396.7153907837      208.3661114471      0.88947000
       492   -31396.6980513142   -31188.3494601260     1492.4581912800   -31396.6980513142      208.3485911882      0.93189978
       493   -31396.6703412544   -31188.3493259024     1492.2606579901   -31396.6703412544      208.3210153520      0.78678202
       494   -31396.6327556790   -31188.3489805344     1491.9938961550   -31396.6327556790      208.2837751446      0.88249529
       495   -31396.5874163285   -31188.3489682727     1491.6692057667   -31396.5874163285      208.2384480558      0.92406988
       496   -31396.5368287466   -31188.3491605052     1491.3054560076   -31396.5368287466      208.1876682415      0.91316081
       497   -31396.4835290319   -31188.3486243128     1490.9274964030   -31396.4835290319      208.1349047191      0.89192189
       498   -31396.4325677665   -31188.3483911965     1490.5641167361   -31396.4325677665      208.0841765700      0.90468049
       499   -31396.3878529385   -31188.3481287842     1490.2456918722   -31396.3878529385      208.0397241544      0.75953191
       500   -31396.3538164765   -31188.3481547615     1490.0016932622   -31396.3538164765      208.0056617150      0.68889793
       501   -31396.3335576943   -31188.3479147628     1489.8582932165   -31396.3335576943      207.9856429315      0.84492391
       502   -31396.3304821174   -31188.3479202537     1489.8362226822   -31396.3304821174      207.9825618638      0.75172508
       503   -31396.3462133451   -31188.3479000005     1489.9490548660   -31396.3462133451      207.9983133446      0.87551276
       504   -31396.3814650867   -31188.3478361016     1490.2020305007   -31396.3814650867      208.0336289852      0.87013114
       505   -31396.4362892272   -31188.3482872789     1490.5915189722   -31396.4362892272      208.0880019484      0.77082481
       506   -31396.5075503502   -31188.3478441234     1491.1051564159   -31396.5075503502      208.1597062269      0.62951719
       507   -31396.5940162211   -31188.3481084510     1491.7226417489   -31396.5940162211      208.2459077700      0.76407195
       508   -31396.6911496150   -31188.3482894024     1492.4171387271   -31396.6911496150      208.3428602125      0.63601925
       509   -31396.7952245029   -31188.3490548713     1493.1571724743   -31396.7952245029      208.4461696316      0.78597147
       510   -31396.9002710191   -31188.3491627440     1493.9088768043   -31396.9002710191      208.5511082751      0.87821798
       511   -31397.0023737036   -31188.3494172433     1494.6384433321   -31397.0023737036      208.6529564603      0.90457887
       512   -31397.0970441308   -31188.3496993563     1495.3145727549   -31397.0970441308      208.7473447745      0.86108558
       513   -31397.1804855954   -31188.3499141609     1495.9107481826   -31397.1804855954      208.8305714345      0.88564413
       514   -31397.2503614307   -31188.3504896045     1496.4071659248   -31397.2503614307      208.8998718262      0.88949183
       515   -31397.3037959348   -31188.3501761711     1496.7921771651   -31397.3037959348      208.9536197637      0.71975186
       516   -31397.3418195346   -31188.3503770167     1497.0631119435   -31397.3418195346      208.9914425179      0.72889398
       517   -31397.3641499800   -31188.3499112282     1497.2264076287   -31397.3641499800      209.0142387517      0.65993693
       518   -31397.3737996304   -31188.3496998907     1497.2970445946   -31397.3737996304      209.0240997398      0.81252885
       519   -31397.3734434837   -31188.3493044854     1497.2973258148   -31397.3734434837      209.0241389984      0.80743261
       520   -31397.3672433117   -31188.3490055426     1497.2550536887   -31397.3672433117      209.0182377691      0.79160284
       521   -31397.3591524281   -31188.3484267762     1497.2012423295   -31397.3591524281      209.0107256519      0.86422748
       522   -31397.3548163000   -31188.3487927057     1497.1675601991   -31397.3548163000      209.0060235943      0.76154303
       523   -31397.3564854387   -31188.3482088125     1497.1836992854   -31397.3564854387      209.0082766262      0.84310560
       524   -31397.3692959128   -31188.3482932899     1497.2748590954   -31397.3692959128      209.0210026229      0.93860982
       525   -31397.3949722670   -31188.3481829283     1497.4595764241   -31397.3949722670      209.0467893386      0.93523069
       526   -31397.4355590248   -31188.3484914017     1497.7481008396   -31397.4355590248      209.0870676230      0.90145114
       527   -31397.4906071235   -31188.3486311011     1498.1414247878   -31397.4906071235      209.1419760225      0.76362114
       528   -31397.5588187314   -31188.3484870775     1498.6310749531   -31397.5588187314      209.2103316539      0.86590014
       529   -31397.6386844511   -31188.3489705637     1499.1997116974   -31397.6386844511      209.2897138874      0.86265367
       530   -31397.7257902557   -31188.3491413544     1499.8224510820   -31397.7257902557      209.3766489012      0.89256996
       531   -31397.8161692062   -31188.3492857786     1500.4688257814   -31397.8161692062      209.4668834276      0.85763141
       532   -31397.9056124179   -31188.3498864718     1501.1052291458   -31397.9056124179      209.5557259460      0.84717567
       533   -31397.9882891955   -31188.3498673128     1501.6976028565   -31397.9882891955      209.6384218827      0.94464090
       534   -31398.0609471921   -31188.3504083465     1502.2141964721   -31398.0609471921      209.7105388456      0.81811440
       535   -31398.1185836539   -31188.3502577016     1502.6281413913   -31398.1185836539      209.7683259523      0.70191438
       536   -31398.1595521455   -31188.3505322134     1502.9196435470   -31398.1595521455      209.8090199321      0.91303427
       537   -31398.1814043558   -31188.3503290154     1503.0776324948   -31398.1814043558      209.8310753403      0.82702968
       538   -31398.1847535695   -31188.3504519144     1503.1007434738   -31398.1847535695      209.8343016551      0.79825511
       539   -31398.1705034214   -31188.3506108603     1502.9975271753   -31398.1705034214      209.8198925611      0.79821116
       540   -31398.1408070209   -31188.3504592603     1502.7858896538   -31398.1408070209      209.7903477606      0.90754653
       541   -31398.0993725240   -31188.3500755829     1502.4918313571   -31398.0993725240      209.7492969411      0.93442284
       542   -31398.0508187543   -31188.3495844579     1502.1475454302   -31398.0508187543      209.7012342964      0.92002302
       543   -31398.0006812643   -31188.3494954368     1501.7890344988   -31398.0006812643      209.6511858274      0.80830608
       544   -31397.9534783490   -31188.3491438693     1501.4534254250   -31397.9534783490      209.6043344797      0.81285691
       545   -31397.9145120551   -31188.3488782772     1501.1762016673   -31397.9145120551      209.5656337779      0.78134512
       546   -31397.8881471183   -31188.3487111138     1500.9885398201   -31397.8881471183      209.5394360045      0.63847330
       547   -31397.8775968659   -31188.3484334476     1500.9149544627   -31397.8775968659      209.5291634182      0.45280937
       548   -31397.8848302647   -31188.3477793772     1500.9714545722   -31397.8848302647      209.5370508876      0.70803080
       549   -31397.9122217353   -31188.3482459493     1501.1643250159   -31397.9122217353      209.5639757860      0.78137881
       550   -31397.9574806854   -31188.3480930226     1501.4896227642   -31397.9574806854      209.6093876629      0.77156333
       551   -31398.0198644397   -31188.3485193366     1501.9334409283   -31398.0198644397      209.6713451031      0.91969613
       552   -31398.0959869461   -31188.3493303683     1502.4729177089   -31398.0959869461      209.7466565778      0.92624280
       553   -31398.1806387605   -31188.3495245003     1503.0779112883   -31398.1806387605      209.8311142602      0.93172008
       554   -31398.2694583574   -31188.3496546232     1503.7132183536   -31398.2694583574      209.9198037342      0.93913279
       555   -31398.3568694679   -31188.3494020042     1504.3411777287   -31398.3568694679      210.0074674637      0.90219174
       556   -31398.4392208103   -31188.3503291677     1504.9244414888   -31398.4392208103      210.0888916426      0.93985130
       557   -31398.5097983605   -31188.3505070500     1505.4287336487   -31398.5097983605      210.1592913105      0.94379213
       558   -31398.5654291613   -31188.3507679331     1505.8253635794   -31398.5654291613      210.2146612282      0.92145002
       559   -31398.6027616545   -31188.3506960688     1506.0933012664   -31398.6027616545      210.2520655856      0.92829516
       560   -31398.6204683853   -31188.3506217795     1506.2206715983   -31398.6204683853      210.2698466058      0.92612445
       561   -31398.6184787084   -31188.3507491445     1506.2055066459   -31398.6184787084      210.2677295640      0.92896146
       562   -31398.5972275659   -31188.3504077011     1506.0557247273   -31398.5972275659      210.2468198648      0.93287134
       563   -31398.5593299283   -31188.3498386688     1505.7883296730   -31398.5593299283      210.2094912595      0.89652256
       564   -31398.5091682292   -31188.3500002335     1505.4278503112   -31398.5091682292      210.1591679957      0.91552546
       565   -31398.4497141952   -31188.3496902768     1505.0041850388   -31398.4497141952      210.1000239184      0.88317277
       566   -31398.3858156931   -31188.3491953522     1504.5500077957   -31398.3858156931      210.0366203408      0.85727637
       567   -31398.3221749671   -31188.3486649248     1504.0979313916   -31398.3221749671      209.9735100424      0.94190327
       568   -31398.2636787854   -31188.3488318140     1503.6777117002   -31398.2636787854      209.9148469714      0.70273106
       569   -31398.2126235259   -31188.3485948964     1503.3136859573   -31398.2126235259      209.8640286295      0.78911204
       570   -31398.1720356518   -31188.3486272721     1503.0227119500   -31398.1720356518      209.8234083797      0.67566817
       571   -31398.1425768185   -31188.3484761322     1502.8127728909   -31398.1425768185      209.7941006863      0.56411122
       572   -31398.1242504106   -31188.3483561437     1502.6823553079   -31398.1242504106      209.7758942669      0.50233275
       573   -31398.1160028571   -31188.3487203653     1502.6206667971   -31398.1160028571      209.7672824918      0.68834180
       574   -31398.1144993488   -31188.3488947719     1502.6086474321   -31398.1144993488      209.7656045770      0.74938555
       575   -31398.1162885394   -31188.3490027204     1502.6206906303   -31398.1162885394      209.7672858189      0.72764995
       576   -31398.1176530316   -31188.3495009458     1502.6268959378   -31398.1176530316      209.7681520858      0.79963782
       577   -31398.1134599621   -31188.3496695797     1502.5956518579   -31398.1134599621      209.7637903824      0.83989122
       578   -31398.0999380367   -31188.3500134559     1502.4963273126   -31398.0999380367      209.7499245808      0.71550281
       579   -31398.0731675004   -31188.3503891990     1502.3018710559   -31398.0731675004      209.7227783014      0.84662150
       580   -31398.0298241713   -31188.3504308903     1501.9910922371   -31398.0298241713      209.6793932810      0.74996713
       581   -31397.9683887220   -31188.3505085016     1501.5504572872   -31397.9683887220      209.6178802205      0.66421889
       582   -31397.8876171893   -31188.3500307396     1500.9752909513   -31397.8876171893      209.5375864498      0.90174274
       583   -31397.7888534318   -31188.3496851196     1500.2702947964   -31397.7888534318      209.4391683121      0.89069426
       584   -31397.6745554004   -31188.3499899761     1499.4493628299   -31397.6745554004      209.3245654243      0.91377098
       585   -31397.5466249156   -31188.3497457150     1498.5347113342   -31397.5466249156      209.1968792006      0.91833272
       586   -31397.4095237993   -31188.3493579399     1497.5553961166   -31397.4095237993      209.0601658594      0.92056055
       587   -31397.2680109672   -31188.3488494414     1496.5453433416   -31397.2680109672      208.9191615258      0.90621887
       588   -31397.1276211459   -31188.3486622190     1495.5410336132   -31397.1276211459      208.7789589270      0.90722844
       589   -31396.9927004920   -31188.3480403814     1494.5790143004   -31396.9927004920      208.6446601106      0.84184232
       590   -31396.8692261185   -31188.3481971147     1493.6934107210   -31396.8692261185      208.5210290038      0.21281756
       591   -31396.7605382003   -31188.3483695476     1492.9136141227   -31396.7605382000      208.4121686527      0.37576510
       592   -31396.6693968147   -31188.3481469920     1492.2623375683   -31396.6693968127      208.3212498227      0.41207833
       593   -31396.5984663776   -31188.3481600678     1491.7541496977   -31396.5984663728      208.2503063098      0.42949418
       594   -31396.5485584435   -31188.3484465430     1491.3945933553   -31396.5485584377      208.2001119005      0.37623325
       595   -31396.5182295300   -31188.3480796641     1491.1799670708   -31396.5182295263      208.1701498658      0.37735764
       596   -31396.5072042456   -31188.3485296523     1491.0977665409   -31396.5072042444      208.1586745932      0.41972673
       597   -31396.5115621954   -31188.3487017392     1491.1277510268   -31396.5115621952      208.1628604561      0.42324153
       598   -31396.5278384926   -31188.3488137008     1491.2435406030   -31396.5278384926      208.1790247918      0.35368026
       599   -31396.5521556114   -31188.3492450566     1491.4146408850   -31396.5521556114      208.2029105548      0.93848828
       600   -31396.5795524328   -31188.3495459019     1491.6087368049   -31396.5795524328      208.2300065309      0.83015570
       601   -31396.6063309842   -31188.3504495942     1491.7940855283   -31396.6063309842      208.2558813900      1.00539019
       602   -31396.6266751976   -31188.3501646747     1491.9418576739   -31396.6266751976      208.2765105229      1.00380279
       603   -31396.6391119722   -31188.3505418174     1492.0282441308   -31396.6391119722      208.2885701549      0.99040138
       604   -31396.6403202609   -31188.3506401934     1492.0361947400   -31396.6403202609      208.2896800675      0.88210863
       605   -31396.6287725610   -31188.3501923642     1491.9566833171   -31396.6287725610      208.2785801968      0.57643575
       606   -31396.6053001068   -31188.3500721022     1491.7894051493   -31396.6053001068      208.2552280046      0.90626420
       607   -31396.5708002513   -31188.3499895780     1491.5428643503   -31396.5708002513      208.2208106732      0.72841050
       608   -31396.5275452340   -31188.3498727880     1491.2338533791   -31396.5275452340      208.1776724460      0.89009264
       609   -31396.4788306719   -31188.3496687989     1490.8863588186   -31396.4788306719      208.1291618730      1.00308038
       610   -31396.4289839612   -31188.3495745117     1490.5299685426   -31396.4289839612      208.0794094495      0.92795049
       611   -31396.3822281010   -31188.3491779028     1490.1978844908   -31396.3822281010      208.0330501982      0.97532765
       612   -31396.3436014686   -31188.3486932054     1489.9246633333   -31396.3436014686      207.9949082633      0.92385786
       613   -31396.3179076106   -31188.3482400956     1489.7438569202   -31396.3179076106      207.9696675150      1.00533440
       614   -31396.3098222125   -31188.3482748144     1489.6856902923   -31396.3098222125      207.9615473981      0.93612458
       615   -31396.3220924934   -31188.3480843399     1489.7749501055   -31396.3220924934      207.9740081534      0.99854750
       616   -31396.3576564815   -31188.3481499843     1490.0292344936   -31396.3576564815      208.0095064973      0.92582869
       617   -31396.4176381713   -31188.3483248406     1490.4576472696   -31396.4176381713      208.0693133306      0.89426596
       618   -31396.5015227717   -31188.3481105908     1491.0600704360   -31396.5015227717      208.1534121809      0.92056055
       619   -31396.6087431309   -31188.3482588307     1491.8270574390   -31396.6087431309      208.2604843002      0.59928042
       620   -31396.7366185209   -31188.3486376431     1492.7403504467   -31396.7366185209      208.3879808778      0.81133731
       621   -31396.8809866058   -31188.3487082344     1493.7739930321   -31396.8809866058      208.5322783715      0.83089803
       622   -31397.0378650346   -31188.3489595890     1494.8959557890   -31397.0378650346      208.6889054456      0.83526452
       623   -31397.2019692555   -31188.3491382797     1496.0701993917   -31397.2019692555      208.8528309758      0.76621250
       624   -31397.3682738726   -31188.3494847148     1497.2590034373   -31397.3682738726      209.0187891578      0.77026774
       625   -31397.5316418794   -31188.3500219980     1498.4254046397   -31397.5316418794      209.1816198814      0.91138099
       626   -31397.6870442823   -31188.3504397755     1499.5356020849   -31397.6870442823      209.3366045068      0.98575414
       627   -31397.8306704779   -31188.3508999773     1500.5611394255   -31397.8306704779      209.4797705006      0.91138099
       628   -31397.9587945985   -31188.3506494632     1501.4807221986   -31397.9587945985      209.6081451354      0.95802642
       629   -31398.0702513788   -31188.3503109513     1502.2815425857   -31398.0702513788      209.7199404275      0.81073831
       630   -31398.1653173073   -31188.3506639536     1502.9599972937   -31398.1653173073      209.8146533537      0.83498546
       631   -31398.2435399765   -31188.3504639478     1503.5217604570   -31398.2435399765      209.8930760287      0.83926878
       632   -31398.3075648416   -31188.3503498434     1503.9812055146   -31398.3075648416      209.9572149983      0.82849502
       633   -31398.3599423012   -31188.3498220727     1504.3601802111   -31398.3599423012      210.0101202284      0.88298985
       634   -31398.4052276208   -31188.3495887525     1504.6862427326   -31398.4052276208      210.0556388683      0.94110829
       635   -31398.4475947452   -31188.3494852351     1504.9904716058   -31398.4475947452      210.0981095100      0.95030122
       636   -31398.4914846375   -31188.3494656947     1505.3050069349   -31398.4914846375      210.1420189429      0.78165690
       637   -31398.5407650764   -31188.3491182449     1505.6605051338   -31398.5407650764      210.1916468315      0.92363417
       638   -31398.5996008629   -31188.3488787525     1506.0836775844   -31398.5996008629      210.2507221104      0.96352844
       639   -31398.6707819181   -31188.3486607539     1506.5951286194   -31398.6707819181      210.3221211642      0.96526081
       640   -31398.7562011157   -31188.3485741699     1507.2076300214   -31398.7562011157      210.4076269458      0.96343879
       641   -31398.8563194015   -31188.3485525720     1507.9249595166   -31398.8563194015      210.5077668295      0.73710754
       642   -31398.9706757194   -31188.3489321741     1508.7414060406   -31398.9706757194      210.6217435453      0.73927287
       643   -31399.0964280379   -31188.3489643303     1509.6419740981   -31399.0964280379      210.7474637076      0.76231999
       644   -31399.2304385875   -31188.3487737238     1510.6032938441   -31399.2304385875      210.8816648637      0.74437513
       645   -31399.3696595864   -31188.3495313272     1511.5951451809   -31399.3696595864      211.0201282592      0.74777736
       646   -31399.5083033791   -31188.3503410576     1512.5824884314   -31399.5083033791      211.1579623214      0.74468106
       647   -31399.6399245055   -31188.3499836398     1513.5278869979   -31399.6399245055      211.2899408657      0.70796164
       648   -31399.7612677137   -31188.3503994469     1514.3941231908   -31399.7612677137      211.4108682669      0.70623013
       649   -31399.8664415734   -31188.3504979427     1515.1468068859   -31399.8664415734      211.5159436307      0.66117107
       650   -31399.9518756766   -31188.3507745346     1515.7568135314   -31399.9518756766      211.6011011420      0.61982668
       651   -31400.0149286329   -31188.3516269105     1516.2023733760   -31400.0149286329      211.6633017225      0.73470155
       652   -31400.0523314620   -31188.3515775198     1516.4706539140   -31400.0523314620      211.7007539422      0.70168333
       653   -31400.0644510846   -31188.3514040370     1516.5587128046   -31400.0644510846      211.7130470476      0.70758150
       654   -31400.0523555729   -31188.3511671541     1516.4737661889   -31400.0523555729      211.7011884188      0.76564591
       655   -31400.0183963690   -31188.3508549248     1516.2327436676   -31400.0183963690      211.6675414442      0.76074369
       656   -31399.9662729550   -31188.3506070727     1515.8611447675   -31399.9662729550      211.6156658823      0.75031651
       657   -31399.9005728030   -31188.3504990527     1515.3912903079   -31399.9005728030      211.5500737503      0.76189527
       658   -31399.8263903616   -31188.3504737564     1514.8600823070   -31399.8263903616      211.4759166052      0.74616070
       659   -31399.7484187914   -31188.3497904170     1514.3064454790   -31399.7484187914      211.3986283744      0.74573844
       660   -31399.6730235621   -31188.3494786004     1513.7686023688   -31399.6730235621      211.3235449617      0.75252900
       661   -31399.6045190411   -31188.3489867905     1513.2814086363   -31399.6045190411      211.2555322506      0.72003073
       662   -31399.5475489603   -31188.3488966903     1512.8739617102   -31399.5475489603      211.1986522700      0.64987736
       663   -31399.5047648397   -31188.3488781922     1512.5676198091   -31399.5047648397      211.1558866475      0.74081436
       664   -31399.4777388127   -31188.3488005616     1512.3745810432   -31399.4777388127      211.1289382512      0.77100520
       665   -31399.4668676349   -31188.3487364140     1512.2971673167   -31399.4668676349      211.1181312209      0.76819406
       666   -31399.4714040853   -31188.3489903812     1512.3278439203   -31399.4714040853      211.1224137041      0.78078116
       667   -31399.4890021614   -31188.3495423320     1512.4499499981   -31399.4890021614      211.1394598294      0.76363723
       668   -31399.5158643330   -31188.3499949484     1512.6391288970   -31399.5158643330      211.1658693846      0.77933712
       669   -31399.5468149503   -31188.3493678859     1512.8653284916   -31399.5468149503      211.1974470644      0.76215165
       670   -31399.5796159645   -31188.3500765708     1513.0952146617   -31399.5796159645      211.2295393937      0.78180867
       671   -31399.6074204072   -31188.3500164173     1513.2948164189   -31399.6074204072      211.2574039899      0.76893571
       672   -31399.6271915109   -31188.3506089260     1513.4321979631   -31399.6271915109      211.2765825849      0.77768140
       673   -31399.6342441560   -31188.3509909466     1513.4799814783   -31399.6342441560      211.2832532093      0.77540171
       674   -31399.6257647072   -31188.3512309860     1513.4175213892   -31399.6257647072      211.2745337211      0.74629899
       675   -31399.5999655649   -31188.3512531672     1513.2325561566   -31399.5999655649      211.2487123977      0.77367179
       676   -31399.5564407752   -31188.3510484138     1512.9222428371   -31399.5564407752      211.2053923615      0.81764370
       677   -31399.4964857936   -31188.3509490039     1512.4934809341   -31399.4964857936      211.1455367897      0.76157504
       678   -31399.4219302834   -31188.3505138784     1511.9625362580   -31399.4219302834      211.0714164050      0.88676022
       679   -31399.3367774978   -31188.3503168426     1511.3539748854   -31399.3367774978      210.9864606552      1.00183251
       680   -31399.2448159317   -31188.3497925358     1510.6989846798   -31399.2448159317      210.8950233960      0.98044686
       681   -31399.1517630798   -31188.3496795866     1510.0332306262   -31399.1517630798      210.8020834932      0.98384065
       682   -31399.0624743908   -31188.3495747959     1509.3943818642   -31399.0624743908      210.7128995949      0.95254933
       683   -31398.9816883302   -31188.3490420287     1508.8195054785   -31398.9816883302      210.6326463015      0.80188499
       684   -31398.9146959384   -31188.3486414207     1508.3424902382   -31398.9146959384      210.5660545177      0.93353220
       685   -31398.8653355092   -31188.3482511429     1507.9917035923   -31398.8653355092      210.5170843663      0.98274675
       686   -31398.8370677354   -31188.3484136138     1507.7880499395   -31398.8370677354      210.4886541216      0.70950714
       687   -31398.8306371775   -31188.3481937373     1507.7435611223   -31398.8306371775      210.4824434402      0.92398742
       688   -31398.8472753453   -31188.3484893193     1507.8606275540   -31398.8472753453      210.4987860260      0.96288840
       689   -31398.8851539476   -31188.3484955288     1508.1319179074   -31398.8851539476      210.5366584189      0.75920571
       690   -31398.9423136261   -31188.3485470273     1508.5409994874   -31398.9423136261      210.5937665988      0.95683754
       691   -31399.0160256996   -31188.3493015632     1509.0636143705   -31399.0160256996      210.6667241364      0.96839481
       692   -31399.1008749876   -31188.3495676098     1509.6695073639   -31399.1008749876      210.7513073779      0.92397564
       693   -31399.1922881895   -31188.3495200736     1510.3246657546   -31399.1922881895      210.8427681159      0.96311872
       694   -31399.2856549904   -31188.3494734467     1510.9938117986   -31399.2856549904      210.9361815438      0.97234432
       695   -31399.3770078365   -31188.3502050053     1511.6429569739   -31399.3770078365      211.0268028312      0.95638300
       696   -31399.4609002593   -31188.3504959766     1512.2418171360   -31399.4609002593      211.1104042827      0.90543772
       697   -31399.5341700746   -31188.3506022795     1512.7659074734   -31399.5341700746      211.1835677952      0.72643200
       698   -31399.5945177383   -31188.3506049870     1513.1981749711   -31399.5945177383      211.2439127513      0.93890164
       699   -31399.6411780312   -31188.3509373968     1513.5300343235   -31399.6411780312      211.2902406344      0.98959002
       700   -31399.6729665684   -31188.3503797179     1513.7617391550   -31399.6729665684      211.3225868505      0.83201402
       701   -31399.6928417295   -31188.3506629302     1513.9020816658   -31399.6928417295      211.3421787993      0.99092948
       702   -31399.7015057693   -31188.3502033818     1513.9674364342   -31399.7015057693      211.3513023875      0.73169759
       703   -31399.7029844000   -31188.3498962638     1513.9802282431   -31399.7029844000      211.3530881362      0.79056669
       704   -31399.7013277415   -31188.3500889254     1513.9669810550   -31399.7013277415      211.3512388161      0.95320076
       705   -31399.6993060363   -31188.3495891018     1513.9560793992   -31399.6993060363      211.3497169345      0.95182377
       706   -31399.7018788795   -31188.3494608805     1513.9754278659   -31399.7018788795      211.3524179990      0.93442284
       707   -31399.7118565646   -31188.3490010335     1514.0501947751   -31399.7118565646      211.3628555310      0.78811667
       708   -31399.7326047044   -31188.3487197924     1514.2008340083   -31399.7326047044      211.3838849121      0.90389072
       709   -31399.7662170241   -31188.3487305623     1514.4415311392   -31399.7662170241      211.4174864618      0.87548104
       710   -31399.8132517933   -31188.3486311795     1514.7791660175   -31399.8132517933      211.4646206138      0.73578305
       711   -31399.8733701553   -31188.3481986119     1515.2129089591   -31399.8733701553      211.5251715434      0.91357518
       712   -31399.9470642809   -31188.3490843087     1515.7344557345   -31399.9470642809      211.5979799721      0.94040006
       713   -31400.0301616963   -31188.3492034661     1516.3288517913   -31400.0301616963      211.6809582302      0.96259427
       714   -31400.1210231701   -31188.3497479253     1516.9758173763   -31400.1210231701      211.7712752448      0.92033845
       715   -31400.2153794511   -31188.3497814823     1517.6514769580   -31400.2153794511      211.8655979687      0.24878085
       716   -31400.3106300305   -31188.3502633524     1518.3303312562   -31400.3106300305      211.9603666782      0.44133631
       717   -31400.4021213847   -31188.3500421212     1518.9872936982   -31400.4021213847      212.0520792635      0.41738935
       718   -31400.4880143029   -31188.3504490868     1519.5996530593   -31400.4880143025      212.1375652161      0.34181246
       719   -31400.5646424201   -31188.3504162113     1520.1487968081   -31400.5646424161      212.2142262087      0.43830437
       720   -31400.6313185665   -31188.3510941911     1520.6215598049   -31400.6313185421      212.2802243753      0.47626214
       721   -31400.6857679854   -31188.3511569978     1521.0111460488   -31400.6857678527      212.3346109877      0.47850405
       722   -31400.7280007803   -31188.3506131951     1521.3175665678   -31400.7280001329      212.3773875852      0.43001657
       723   -31400.7601848158   -31188.3506914265     1521.5475492618   -31400.7601820370      212.4094933893      0.47896573
       724   -31400.7831413892   -31188.3504116666     1521.7139975000   -31400.7831310396      212.4327297226      0.47119658
       725   -31400.8003734026   -31188.3507445248     1521.8350507908   -31400.8003402138      212.4496288778      0.47465895
       726   -31400.8134383880   -31188.3501628163     1521.9328058083   -31400.8133470204      212.4632755718      0.47929197
       727   -31400.8270218781   -31188.3499255221     1522.0318078823   -31400.8268056958      212.4770963560      0.47855460
       728   -31400.8447443421   -31188.3501219718     1522.1573515376   -31400.8443028954      212.4946223704      0.42635873
       729   -31400.8693249884   -31188.3500872787     1522.3336779753   -31400.8685422657      212.5192377098      0.43098827
       730   -31400.9036446288   -31188.3497133304     1522.5821976808   -31400.9024311855      212.5539312984      0.48638749
       731   -31400.9511090069   -31188.3500203995     1522.9199984388   -31400.9494530078      212.6010886073      0.35441703
       732   -31401.0119187515   -31188.3495659226     1523.3588508873   -31401.0099177581      212.6623528289      0.31949699
       733   -31401.0883121841   -31188.3497451838     1523.9047939331   -31401.0861625046      212.7385670004      0.40612556
       734   -31401.1794942350   -31188.3497078425     1524.5582234966   -31401.1774367288      212.8297863925      0.49756340
       735   -31401.2848555369   -31188.3495254924     1525.3142616679   -31401.2831012926      212.9353300445      0.34182214
       736   -31401.4036868550   -31188.3498420526     1526.1632154349   -31401.4023574393      213.0538448024      0.39436066
       737   -31401.5339022148   -31188.3505238173     1527.0911001582   -31401.5330102032      213.1833783974      0.43668554
       738   -31401.6722232932   -31188.3507475601     1528.0803293087   -31401.6716959451      213.3214757331      0.35923201
       739   -31401.8160128915   -31188.3506979555     1529.1106890307   -31401.8157395944      213.4653149360      0.42816719
       740   -31401.9631782697   -31188.3512843361     1530.1606746556   -31401.9630546454      213.6118939336      0.42484670
       741   -31402.1099284820   -31188.3516800202     1531.2090523435   -31402.1098797993      213.7582484617      0.45298766
       742   -31402.2535041941   -31188.3518356712     1532.2364096388   -31402.2534875038      213.9016685229      0.46297053
       743   -31402.3911249910   -31188.3512402997     1533.2264900205   -31402.3911199920      214.0398846913      0.47438866
       744   -31402.5229807855   -31188.3517766039     1534.1671676028   -31402.5229794675      214.1712041817      0.45472986
       745   -31402.6460934207   -31188.3514985355     1535.0510491074   -31402.6460931112      214.2945948852      0.41378634
       746   -31402.7614132745   -31188.3516946152     1535.8757123257   -31402.7614132087      214.4097186594      0.37612781
       747   -31402.8686250813   -31188.3517122336     1536.6435737421   -31402.8686250701      214.5169128476      0.38303741
       748   -31402.9685350672   -31188.3514133130     1537.3613976666   -31402.9685350663      214.6171217542      0.37442758
       749   -31403.0628379677   -31188.3510552277     1538.0394803107   -31403.0628379677      214.7117827399      0.35613765
       750   -31403.1537248145   -31188.3510508040     1538.6905594490   -31403.1537248145      214.8026740105      0.32726423
       751   -31403.2427762676   -31188.3510396259     1539.3285395413   -31403.2427762676      214.8917366416      0.68864265
       752   -31403.3318676942   -31188.3509838580     1539.9671253844   -31403.3318676942      214.9808838362      0.72998049
       753   -31403.4222044383   -31188.3503908129     1540.6184804425   -31403.4222044383      215.0718136254      0.74315393
       754   -31403.5164054166   -31188.3505607266     1541.2920507880   -31403.5164054166      215.1658446900      0.24177647
       755   -31403.6139172221   -31188.3501281378     1541.9936533889   -31403.6139172221      215.2637890842      0.72898929
       756   -31403.7162950963   -31188.3504236344     1542.7248975018   -31403.7162950963      215.3658714619      0.65948656
       757   -31403.8225460982   -31188.3508414436     1543.4830097330   -31403.8225460982      215.4717046546      0.71968754
       758   -31403.9312354319   -31188.3509104953     1544.2610866507   -31403.9312354319      215.5803249366      0.75736515
       759   -31404.0411716077   -31188.3508919963     1545.0487221903   -31404.0411716077      215.6902796114      0.75399296
       760   -31404.1502546879   -31188.3504932418     1545.8329706463   -31404.1502546879      215.7997614460      0.70324927
       761   -31404.2573329142   -31188.3505569729     1546.5995448720   -31404.2573329142      215.9067759413      0.64649778
       762   -31404.3604555570   -31188.3511314470     1547.3341255742   -31404.3604555570      216.0093241100      0.65545483
       763   -31404.4562264917   -31188.3506448504     1548.0236447127   -31404.4562264917      216.1055816413      0.67669645
       764   -31404.5451982222   -31188.3511337185     1548.6574717612   -31404.5451982222      216.1940645036      0.63677362
       765   -31404.6250886531   -31188.3513279288     1549.2283576821   -31404.6250886531      216.2737607243      0.62276657
       766   -31404.6957206205   -31188.3515041316     1549.7330516784   -31404.6957206205      216.3442164889      0.67719594
       767   -31404.7573262650   -31188.3517514024     1550.1725785640   -31404.7573262650      216.4055748626      0.67191609
       768   -31404.8102282811   -31188.3516696279     1550.5521160100   -31404.8102282811      216.4585586532      0.68989466
       769   -31404.8559292432   -31188.3515251022     1550.8805198333   -31404.8559292432      216.5044041410      0.67187872
       770   -31404.8957036949   -31188.3509534730     1551.1695298934   -31404.8957036949      216.5447502219      0.69278963
       771   -31404.9327601625   -31188.3512702193     1551.4327066091   -31404.9327601625      216.5814899432      0.72034561
       772   -31404.9677256706   -31188.3511247604     1551.6842161104   -31404.9677256706      216.6166009101      0.73172714
       773   -31405.0029486719   -31188.3509800080     1551.9375650466   -31405.0029486719      216.6519686640      0.73217065
       774   -31405.0404014016   -31188.3511875463     1552.2043625826   -31405.0404014016      216.6892138552      0.57569401
       775   -31405.0804817357   -31188.3509415662     1552.4932310492   -31405.0804817357      216.7295401695      0.60739638
       776   -31405.1245679402   -31188.3509534369     1552.8089476093   -31405.1245679402      216.7736145033      0.68933036
       777   -31405.1726468172   -31188.3511599078     1553.1518708044   -31405.1726468172      216.8214869094      0.81143723
       778   -31405.2234618571   -31188.3509020527     1553.5177199807   -31405.2234618571      216.8725598044      0.79410943
       779   -31405.2766663675   -31188.3510599932     1553.8977071329   -31405.2766663675      216.9256063743      0.78084005
       780   -31405.3300115869   -31188.3511755093     1554.2790061198   -31405.3300115869      216.9788360776      0.80244432
       781   -31405.3809798111   -31188.3509767215     1554.6455294824   -31405.3809798111      217.0300030897      0.80593320
       782   -31405.4281728064   -31188.3516227841     1554.9789579471   -31405.4281728064      217.0765500223      0.80347623
       783   -31405.4669919560   -31188.3512175631     1555.2599328886   -31405.4669919560      217.1157743929      0.78744022
       784   -31405.4965804134   -31188.3515743611     1555.4693272950   -31405.4965804134      217.1450060523      0.80086601
       785   -31405.5135050244   -31188.3517227317     1555.5895001135   -31405.5135050244      217.1617822928      0.80425190
       786   -31405.5160424078   -31188.3520359732     1555.6054322527   -31405.5160424078      217.1640064346      0.80129101
       787   -31405.5025028855   -31188.3524242591     1555.5056635366   -31405.5025028855      217.1500786264      0.79760505
       788   -31405.4711820644   -31188.3521912395     1555.2829730748   -31405.4711820644      217.1189908249      0.72239184
       789   -31405.4223287196   -31188.3519472042     1554.9347712375   -31405.4223287196      217.0703815154      0.74501787
       790   -31405.3566440419   -31188.3521022722     1554.4631430531   -31405.3566440419      217.0045417697      0.63376682
       791   -31405.2740940035   -31188.3517169914     1553.8745743244   -31405.2740940035      216.9223770121      0.68001063
       792   -31405.1766992269   -31188.3513706277     1553.1793898837   -31405.1766992269      216.8253285992      0.76430562
       793   -31405.0669684442   -31188.3517083990     1552.3909385960   -31405.0669684442      216.7152600452      0.68355723
       794   -31404.9461322193   -31188.3518149886     1551.5245919931   -31404.9461322193      216.5943172307      0.73981619
       795   -31404.8161188742   -31188.3513435685     1550.5966475999   -31404.8161188742      216.4647753057      0.96614865
       796   -31404.6804043971   -31188.3515204691     1549.6232203326   -31404.6804043971      216.3288839280      0.94121829
       797   -31404.5400178743   -31188.3512982280     1548.6191850801   -31404.5400178743      216.1887196463      0.96263263
       798   -31404.3970479228   -31188.3509910213     1547.5972526500   -31404.3970479228      216.0460569015      0.96604563
       799   -31404.2532752210   -31188.3510058915     1546.5672627737   -31404.2532752210      215.9022693295      0.93189978
       800   -31404.1089825805   -31188.3507179363     1545.5357176552   -31404.1089825805      215.7582646441      0.81413521
       801   -31403.9651316495   -31188.3506753382     1544.5055790629   -31403.9651316495      215.6144563112      0.78165690
       802   -31403.8216174215   -31188.3508417320     1543.4763553013   -31403.8216174215      215.4707756895      0.91768158
       803   -31403.6778240694   -31188.3511041755     1542.4444440654   -31403.6778240694      215.3267198939      0.97351977
       804   -31403.5326141378   -31188.3511837522     1541.4036954068   -31403.5326141378      215.1814303856      0.96638053
       805   -31403.3847768255   -31188.3509807997     1540.3461499333   -31403.3847768255      215.0337960258      0.97205742
       806   -31403.2334703971   -31188.3508958671     1539.2629088190   -31403.2334703971      214.8825745300      0.94707262
       807   -31403.0777787426   -31188.3512584749     1538.1450492706   -31403.0777787426      214.7265202677      0.94090060
       808   -31402.9158633710   -31188.3513559156     1536.9845069909   -31402.9158633710      214.5645074553      0.74419933
       809   -31402.7471671817   -31188.3515242387     1535.7748841031   -31402.7471671817      214.3956429430      0.95687544
       810   -31402.5706582895   -31188.3512967979     1534.5121316423   -31402.5706582895      214.2193614916      0.97664191
       811   -31402.3867027426   -31188.3512102380     1533.1950275804   -31402.3867027426      214.0354925046      0.89316393
       812   -31402.1954287097   -31188.3511315699     1531.8254426615   -31402.1954287097      213.8442971398      0.95032614
       813   -31401.9977022812   -31188.3512264816     1530.4083940608   -31401.9977022812      213.6464757996      0.95526114
       814   -31401.7945189674   -31188.3513755998     1528.9518679960   -31401.7945189674      213.4431433676      0.89202069
       815   -31401.5872048931   -31188.3514304865     1527.4664271651   -31401.5872048931      213.2357744066      0.72672335
       816   -31401.3769537310   -31188.3508300489     1525.9646414347   -31401.3769537310      213.0261236821      0.69363167
       817   -31401.1669045715   -31188.3507750974     1524.4603952386   -31401.1669045715      212.8161294741      0.65613128
       818   -31400.9586434026   -31188.3508397045     1522.9681004786   -31400.9586434026      212.6078036981      0.69207518
       819   -31400.7540177051   -31188.3508986225     1521.5018883517   -31400.7540177051      212.4031190826      0.76457975
       820   -31400.5544513476   -31188.3505496940     1520.0748391829   -31400.5544513476      212.2039016535      0.95188628
       821   -31400.3622910740   -31188.3505590523     1518.6982753223   -31400.3622910740      212.0117320218      0.88940451
       822   -31400.1783137299   -31188.3504471124     1517.3811969244   -31400.1783137299      211.8278666175      0.95787449
       823   -31400.0034197311   -31188.3502370383     1516.1298879868   -31400.0034197311      211.6531826928      0.74278835
       824   -31399.8385081019   -31188.3503582035     1514.9477127468   -31399.8385081019      211.4881498984      0.78270363
       825   -31399.6829662704   -31188.3501349038     1513.8351234373   -31399.6829662704      211.3328313665      0.93645115
       826   -31399.5371528119   -31188.3502407872     1512.7898631082   -31399.5371528119      211.1869120247      0.82589878
       827   -31399.4003503678   -31188.3505954912     1511.8073687798   -31399.4003503678      211.0497548766      0.70670528
       828   -31399.2715566871   -31188.3510770991     1510.8813343761   -31399.2715566871      210.9204795880      0.84729452
       829   -31399.1488511706   -31188.3507936187     1510.0043917025   -31399.1488511706      210.7980575519      0.91405909
       830   -31399.0322328319   -31188.3508180583     1509.1688474398   -31399.0322328319      210.6814147735      0.86356845
       831   -31398.9204221322   -31188.3508840675     1508.3674438420   -31398.9204221322      210.5695380646      0.74399307
       832   -31398.8123152266   -31188.3507398659     1507.5940773366   -31398.8123152266      210.4615753607      0.85032643
       833   -31398.7080955165   -31188.3511747634     1506.8444076346   -31398.7080955165      210.3569207531      0.94885805
       834   -31398.6062988850   -31188.3510193608     1506.1163235911   -31398.6062988850      210.2552795242      1.00241447
       835   -31398.5074043859   -31188.3506981965     1505.4102157162   -31398.5074043859      210.1567061894      0.87536472
       836   -31398.4122525626   -31188.3506393194     1504.7290388208   -31398.4122525626      210.0616132432      0.75288077
       837   -31398.3213816680   -31188.3506319523     1504.0781584136   -31398.3213816680      209.9707497157      0.72969387
       838   -31398.2361175866   -31188.3509681832     1503.4649798623   -31398.2361175866      209.8851494034      0.90248382
       839   -31398.1567384627   -31188.3506866478     1502.8983821079   -31398.1567384627      209.8060518149      0.96416934
       840   -31398.0854774203   -31188.3506721980     1502.3880231944   -31398.0854774203      209.7348052223      0.90410495
       841   -31398.0229875920   -31188.3502309477     1501.9435521855   -31398.0229875920      209.6727566443      0.89123093
       842   -31397.9716282078   -31188.3504901507     1501.5737940655   -31397.9716282078      209.6211380570      0.90096928
       843   -31397.9308648687   -31188.3499048437     1501.2859877854   -31397.9308648687      209.5809600250      0.94465321
       844   -31397.9028657313   -31188.3499462371     1501.0851257610   -31397.9028657313      209.5529194943      0.94681280
       845   -31397.8872644307   -31188.3499309115     1500.9734791399   -31397.8872644307      209.5373335192      0.94777855
       846   -31397.8843918079   -31188.3502875895     1500.9503467714   -31397.8843918079      209.5341042184      0.93282332
       847   -31397.8928969600   -31188.3501804657     1501.0120388695   -31397.8928969600      209.5427164943      0.97079446
       848   -31397.9122768982   -31188.3500041437     1501.1521257327   -31397.9122768982      209.5622727544      0.78379553
       849   -31397.9416126017   -31188.3500515816     1501.3619256254   -31397.9416126017      209.5915610201      0.87661405
       850   -31397.9792641351   -31188.3501135981     1501.6311896605   -31397.9792641351      209.6291505370      0.77705606
       851   -31398.0238104740   -31188.3503015425     1501.9489410259   -31398.0238104740      209.6735089316      0.89233918
       852   -31398.0736989395   -31188.3505705045     1502.3043791592   -31398.0736989395      209.7231284350      0.92421128
       853   -31398.1270005225   -31188.3503489347     1502.6877802052   -31398.1270005225      209.7766515878      0.77767305
       854   -31398.1834436956   -31188.3504568350     1503.0913252396   -31398.1834436956      209.8329868606      0.73435912
       855   -31398.2420623736   -31188.3506603376     1503.5097691873   -31398.2420623736      209.8914020360      0.77531047
       856   -31398.3023752185   -31188.3507871405     1503.9408983395   -31398.3023752185      209.9515880781      0.74384799
       857   -31398.3638712855   -31188.3501853580     1504.3857222928   -31398.3638712855      210.0136859275      0.72659950
       858   -31398.4289221093   -31188.3506472779     1504.8483903541   -31398.4289221093      210.0782748314      0.77542660
       859   -31398.4973515914   -31188.3510286875     1505.3358373900   -31398.4973515914      210.1463229039      0.72322802
       860   -31398.5696765518   -31188.3505733072     1505.8571829628   -31398.5696765518      210.2191032446      0.62553466
       861   -31398.6481177533   -31188.3500354415     1506.4229317170   -31398.6481177533      210.2980823119      0.73326696
       862   -31398.7347860976   -31188.3499980171     1507.0440289554   -31398.7347860976      210.3847880805      0.66721509
       863   -31398.8307678704   -31188.3500971841     1507.7308623993   -31398.8307678704      210.4806706863      0.72124165
       864   -31398.9367681451   -31188.3498016245     1508.4922886598   -31398.9367681451      210.5869665206      0.68975678
       865   -31399.0547677119   -31188.3501911155     1509.3347619390   -31399.0547677119      210.7045765963      0.76756763
       866   -31399.1838303263   -31188.3498601683     1510.2616435654   -31399.1838303263      210.8339701580      0.72133496
       867   -31399.3250139921   -31188.3498930836     1511.2727451644   -31399.3250139921      210.9751209085      0.70266293
       868   -31399.4775978301   -31188.3501181271     1512.3641330615   -31399.4775978301      211.1274797029      0.71382565
       869   -31399.6400472415   -31188.3500592678     1513.5282244457   -31399.6400472415      211.2899879737      0.64646895
       870   -31399.8113121934   -31188.3501813260     1514.7541680051   -31399.8113121934      211.4611308674      0.63340680
       871   -31399.9893991734   -31188.3503747722     1516.0284682546   -31399.9893991734      211.6390244012      0.74833326
       872   -31400.1721232790   -31188.3505934330     1517.3358048894   -31400.1721232790      211.8215298460      0.76835694
       873   -31400.3569227863   -31188.3505369001     1518.6599794842   -31400.3569227863      212.0063858861      0.73380149
       874   -31400.5418766592   -31188.3505285058     1519.9849150130   -31400.5418766592      212.1913481534      0.75469957
       875   -31400.7249934949   -31188.3506692026     1521.2956233588   -31400.7249934949      212.3743242923      0.66432239
       876   -31400.9043894898   -31188.3508963798     1522.5790588171   -31400.9043894898      212.5534931100      0.76000978
       877   -31401.0785767844   -31188.3511748265     1523.8248156673   -31401.0785767844      212.7274019580      0.75661405
       878   -31401.2461557289   -31188.3511246484     1525.0255891191   -31401.2461557289      212.8950310805      0.87071653
       879   -31401.4070579905   -31188.3512359882     1526.1773786602   -31401.4070579905      213.0558220023      0.84473680
       880   -31401.5605730952   -31188.3509052887     1527.2794184175   -31401.5605730952      213.2096678066      0.94625654
       881   -31401.7078183934   -31188.3509507899     1528.3338509983   -31401.7078183934      213.3568676035      0.92914010
       882   -31401.8493621544   -31188.3513095366     1529.3451980381   -31401.8493621544      213.4980526177      0.94282223
       883   -31401.9854021807   -31188.3513174711     1530.3196332797   -31401.9854021807      213.6340847096      0.96887380
       884   -31402.1169623901   -31188.3510227123     1531.2641466370   -31402.1169623901      213.7659396778      0.93450718
       885   -31402.2454234450   -31188.3508346696     1532.1856954624   -31402.2454234450      213.8945887754      0.86650056
       886   -31402.3723015669   -31188.3514192425     1533.0903708465   -31402.3723015669      214.0208823244      0.98202771
       887   -31402.4963619195   -31188.3509124526     1533.9826795065   -31402.4963619195      214.1454494669      0.98922534
       888   -31402.6197772055   -31188.3511559515     1534.8649928519   -31402.6197772055      214.2686212540      1.00928233
       889   -31402.7415246932   -31188.3511441596     1535.7371880188   -31402.7415246932      214.3903805336      0.94575029
       890   -31402.8615893998   -31188.3512428630     1536.5965374543   -31402.8615893998      214.5103465369      0.97813130
       891   -31402.9790780066   -31188.3512880128     1537.4378171974   -31402.9790780066      214.6277899938      0.97223997
       892   -31403.0926790908   -31188.3509983667     1538.2536477837   -31403.0926790908      214.7416807240      0.95234906
       893   -31403.2024500254   -31188.3516901461     1539.0350117359   -31403.2024500254      214.8507598792      1.02269784
       894   -31403.3050941841   -31188.3514637707     1539.7719016302   -31403.3050941841      214.9536304134      1.04585243
       895   -31403.4001395326   -31188.3512799902     1540.4540540405   -31403.4001395326      215.0488595424      0.92912818
       896   -31403.4867474445   -31188.3516647556     1541.0716941241   -31403.4867474445      215.1350826889      0.98697569
       897   -31403.5630831962   -31188.3519827757     1541.6162300173   -31403.5630831962      215.2111004205      1.00151411
       898   -31403.6278146416   -31188.3518527931     1542.0808502433   -31403.6278146416      215.2759618485      0.95592890
       899   -31403.6809482965   -31188.3519199757     1542.4609799615   -31403.6809482965      215.3290283208      0.72583545
       900   -31403.7220690645   -31188.3520569190     1542.7545583560   -31403.7220690645      215.3700121455      0.51485788
       901   -31403.7510394103   -31188.3520511139     1542.9621224844   -31403.7510394103      215.3989882964      0.61202278
       902   -31403.7686006856   -31188.3522216178     1543.0866973573   -31403.7686006856      215.4163790678      0.24292801
       903   -31403.7751368699   -31188.3522225321     1543.1335112913   -31403.7751368696      215.4229143378      0.39718309
       904   -31403.7714270173   -31188.3518564502     1543.1095589435   -31403.7714270055      215.4195705671      0.38775063
       905   -31403.7591429340   -31188.3516500332     1543.0230433024   -31403.7591428249      215.4074929009      0.40135769
       906   -31403.7395263367   -31188.3516186437     1542.8827490783   -31403.7395258969      215.3879076930      0.43496113
       907   -31403.7136932940   -31188.3516603259     1542.6974013163   -31403.7136919878      215.3620329681      0.38411331
       908   -31403.6829910810   -31188.3519995116     1542.4750432503   -31403.6829876809      215.3309915694      0.36773846
       909   -31403.6472868683   -31188.3515517901     1542.2224913199   -31403.6472790774      215.2957350783      0.42908227
       910   -31403.6086175329   -31188.3516358444     1541.9448901434   -31403.6086017327      215.2569816885      0.38029002
       911   -31403.5669225541   -31188.3517491755     1541.6454057353   -31403.5668940206      215.2151733786      0.40412149
       912   -31403.5220213031   -31188.3515668290     1541.3250719384   -31403.5219751219      215.1704544742      0.41321307
       913   -31403.4742484848   -31188.3515776295     1540.9827847506   -31403.4741810627      215.1226708553      0.38923119
       914   -31403.4230021334   -31188.3516106130     1540.6154567883   -31403.4229127814      215.0713915204      0.41295880
       915   -31403.3674482257   -31188.3514988771     1540.2183092822   -31403.3673400889      215.0159493486      0.41133696
       916   -31403.3075764489   -31188.3520771662     1539.7852888545   -31403.3074562617      214.9554992827      0.40973013
       917   -31403.2409723348   -31188.3518856879     1539.3095569012   -31403.2408490074      214.8890866469      0.40600271
       918   -31403.1677871227   -31188.3520664396     1538.7840163492   -31403.1676696948      214.8157206831      0.41200337
       919   -31403.0862996331   -31188.3518510141     1538.2018422282   -31403.0861953679      214.7344486189      0.41686840
       920   -31402.9963276034   -31188.3519033404     1537.5569730372   -31402.9962408411      214.6444242630      0.41984830
       921   -31402.8964604636   -31188.3514930920     1536.8445360037   -31402.8963924478      214.5449673716      0.42177604
       922   -31402.7872214431   -31188.3516102768     1536.0611874653   -31402.7871709303      214.4356111663      0.40674778
       923   -31402.6678985480   -31188.3517668227     1535.2053234087   -31402.6678627931      214.3161317253      0.41233856
       924   -31402.5388223629   -31188.3522636733     1534.2771561611   -31402.5387980819      214.1865586896      0.38686480
       925   -31402.3990336082   -31188.3518611383     1533.2786943803   -31402.3990176764      214.0471724699      0.43858287
       926   -31402.2502250138   -31188.3517432588     1532.2135819449   -31402.2502148383      213.8984817550      0.45770780
       927   -31402.0933129491   -31188.3521271711     1531.0868276529   -31402.0933065744      213.7411857780      0.46219110
       928   -31401.9278350269   -31188.3517053794     1529.9044852494   -31401.9278310798      213.5761296474      0.46286409
       929   -31401.7558776477   -31188.3516253509     1528.6732805725   -31401.7558752145      213.4042522968      0.46412678
       930   -31401.5782412000   -31188.3517065681     1527.4002401203   -31401.5782396967      213.2265346319      0.46933834
       931   -31401.3951235928   -31188.3511702042     1526.0923605208   -31401.3951226566      213.0439533887      0.41505883
       932   -31401.2090605790   -31188.3516183140     1524.7563301078   -31401.2090599884      212.8574422650      0.42870157
       933   -31401.0190483090   -31188.3511818736     1523.3983463648   -31401.0190479305      212.6678664354      0.39327788
       934   -31400.8273661314   -31188.3513549319     1522.0240346080   -31400.8273658843      212.4760111995      0.37176375
       935   -31400.6338218301   -31188.3512384871     1520.6384577378   -31400.6338216658      212.2825833429      0.35238369
       936   -31400.4395757365   -31188.3513494083     1519.2462250522   -31400.4395756254      212.0882263282      0.41902544
       937   -31400.2443686147   -31188.3508241429     1517.8516654363   -31400.2443685383      211.8935444718      0.43428090
       938   -31400.0498162507   -31188.3506821093     1516.4590508354   -31400.0498161975      211.6991341414      0.41801524
       939   -31399.8565865437   -31188.3509691329     1515.0728373358   -31399.8565865064      211.5056174108      0.41829510
       940   -31399.6644282513   -31188.3507557407     1513.6978832889   -31399.6644282259      211.3136725105      0.43531904
       941   -31399.4751782180   -31188.3511199984     1512.3396240365   -31399.4751782028      211.1240582196      0.43875279
       942   -31399.2881908764   -31188.3505630250     1511.0041720974   -31399.2881908690      210.9376278514      0.42541776
       943   -31399.1060178017   -31188.3506857660     1509.6983370936   -31399.1060177990      210.7553320357      0.20054225
       944   -31398.9291601519   -31188.3509525678     1508.4295459915   -31398.9291601512      210.5782075841      0.36632031
       945   -31398.7579822348   -31188.3506292010     1507.2056679145   -31398.7579822347      210.4073530338      0.37127622
       946   -31398.5944976901   -31188.3506043526     1506.0347612077   -31398.5944976901      210.2438933375      0.38638632
       947   -31398.4390890728   -31188.3501538177     1504.9247538972   -31398.4390890728      210.0889352551      0.40595950
       948   -31398.2935302476   -31188.3500125938     1503.8830876741   -31398.2935302476      209.9435176539      0.75103180
       949   -31398.1586712276   -31188.3501100434     1502.9163574094   -31398.1586712276      209.8085611841      0.69305462
       950   -31398.0349320574   -31188.3501119253     1502.0299662624   -31398.0349320574      209.6848201321      0.53432200
       951   -31397.9228728582   -31188.3500298836     1501.2278431231   -31397.9228728582      209.5728429745      0.71029286
       952   -31397.8226940475   -31188.3497500059     1500.5122396246   -31397.8226940475      209.4729440416      0.87809030
       953   -31397.7351739906   -31188.3499869031     1499.8836124552   -31397.7351739906      209.3851870874      0.96131752
       954   -31397.6594900308   -31188.3501030060     1499.3406357848   -31397.6594900308      209.3093870248      0.89678879
       955   -31397.5949145940   -31188.3497863791     1498.8803322779   -31397.5949145940      209.2451282149      0.74505616
       956   -31397.5420951075   -31188.3502968846     1498.4983148959   -31397.5420951075      209.1917982230      0.91431277
       957   -31397.4986954530   -31188.3500623784     1498.1891110804   -31397.4986954530      209.1486330745      0.94459166
       958   -31397.4648433840   -31188.3500701010     1497.9465640930   -31397.4648433840      209.1147732831      0.95915480
       959   -31397.4395486246   -31188.3502194509     1497.7643009481   -31397.4395486246      209.0893291737      0.94451780
       960   -31397.4216174628   -31188.3501742947     1497.6361785771   -31397.4216174628      209.0714431681      0.81484916
       961   -31397.4108107690   -31188.3504610309     1497.5567132903   -31397.4108107690      209.0603497381      0.72732136
       962   -31397.4054957834   -31188.3500680067     1497.5214559285   -31397.4054957834      209.0554277766      0.70567316
       963   -31397.4065228672   -31188.3502833538     1497.5272706219   -31397.4065228672      209.0562395134      0.70678108
       964   -31397.4127157034   -31188.3501617473     1497.5725027093   -31397.4127157034      209.0625539561      0.77082481
       965   -31397.4243610223   -31188.3500101554     1497.6570072224   -31397.4243610223      209.0743508669      0.68304831
       966   -31397.4421189589   -31188.3503103226     1497.7820620203   -31397.4421189589      209.0918086364      0.94868417
       967   -31397.4656235512   -31188.3503497889     1497.9501491639   -31397.4656235512      209.1152737624      0.88715097
       968   -31397.4953007311   -31188.3500856093     1498.1646273459   -31397.4953007311      209.1452151218      0.81133731
       969   -31397.5320169320   -31188.3498489224     1498.4293310327   -31397.5320169320      209.1821680097      0.90573191
       970   -31397.5770605465   -31188.3503901358     1498.7481139561   -31397.5770605465      209.2266704107      0.86785977
       971   -31397.6289741127   -31188.3497756816     1499.1243865958   -31397.6289741127      209.2791984312      0.91085412
       972   -31397.6903531663   -31188.3502484421     1499.5606751037   -31397.6903531663      209.3401047242      0.95072505
       973   -31397.7597710718   -31188.3502076729     1500.0582266707   -31397.7597710718      209.4095633989      0.68458382
       974   -31397.8373154890   -31188.3497853574     1500.6167237938   -31397.8373154890      209.4875301316      0.68426712
       975   -31397.9235991043   -31188.3498811022     1501.2341111861   -31397.9235991043      209.5737180021      0.91655588
       976   -31398.0177415544   -31188.3501515780     1501.9065419246   -31398.0177415544      209.6675899765      0.89870142
       977   -31398.1180944166   -31188.3497228791     1502.6284679302   -31398.1180944166      209.7683715374      0.93467590
       978   -31398.2248859310   -31188.3498058190     1503.3928507621   -31398.2248859310      209.8750801120      0.91875180
       979   -31398.3364248865   -31188.3498532586     1504.1914951171   -31398.3364248865      209.9865716279      0.93215147
       980   -31398.4514006733   -31188.3498014407     1505.0154694473   -31398.4514006733      210.1015992326      0.92467114
       981   -31398.5688603318   -31188.3499799272     1505.8555866991   -31398.5688603318      210.2188804047      0.85432568
       982   -31398.6872998448   -31188.3501335311     1506.7029011584   -31398.6872998448      210.3371663137      0.90951678
       983   -31398.8056008774   -31188.3502919082     1507.5491894530   -31398.8056008774      210.4553089692      0.91882168
       984   -31398.9227335811   -31188.3504103421     1508.3873948110   -31398.9227335811      210.5723232390      0.76794174
       985   -31399.0378083282   -31188.3503725691     1509.2119774135   -31399.0378083282      210.6874357591      0.64456595
       986   -31399.1506732237   -31188.3505547775     1510.0191544549   -31399.1506732237      210.8001184462      0.58081029
       987   -31399.2604657540   -31188.3503600122     1510.8070236663   -31399.2604657540      210.9101057418      0.68737562
       988   -31399.3678262100   -31188.3504339165     1511.5755467074   -31399.3678262100      211.0173922935      0.81499576
       989   -31399.4720776757   -31188.3498633190     1512.3264159400   -31399.4720776757      211.1222143567      0.86382576
       990   -31399.5753128389   -31188.3502991023     1513.0627961372   -31399.5753128389      211.2250137366      0.65283936
       991   -31399.6768227946   -31188.3504350317     1513.7889661349   -31399.6768227946      211.3263877630      0.68111618
       992   -31399.7771197340   -31188.3500869517     1514.5099140551   -31399.7771197340      211.4270327823      0.59628767
       993   -31399.8780687094   -31188.3503885338     1515.2308789811   -31399.8780687094      211.5276801756      0.65933658
       994   -31399.9792560093   -31188.3502213274     1515.9569091514   -31399.9792560093      211.6290346819      0.68818494
       995   -31400.0818409638   -31188.3501251308     1516.6924424430   -31400.0818409638      211.7317158330      0.68712147
       996   -31400.1865666971   -31188.3503583617     1517.4409509414   -31400.1865666971      211.8362083354      0.70110638
       997   -31400.2931614801   -31188.3503351566     1518.2046848775   -31400.2931614801      211.9428263235      0.67517721
       998   -31400.4017703507   -31188.3500816765     1518.9844958001   -31400.4017703507      212.0516886743      0.70294916
       999   -31400.5125363055   -31188.3498247981     1519.7797828514   -31400.5125363055      212.1627115074      0.72550849
